root,expiration,dte,type,strike,option,bid,ask,mid,last_trade_price,change,percent_change,volume,open_interest,iv,delta,gamma,vega,theta,rho,theo,open,high,low,prev_day_close,tick,last_trade_time,bid_size,ask_size
AAPL,2026-09-16,1,Call,245.0,AAPL260916C00245000,84.75,88.2,86.475,84.84,-4.985,-5.54968,4.0,1.0,2.5009,1.0,0.0,0.0,0.0,0.0067,86.3338,85.87,85.87,84.84,89.8250007629394,down,2026-09-15T10:40:48,10.0,13.0
AAPL,2026-09-16,1,Put,245.0,AAPL260916P00245000,0.0,0.01,0.005,0.01,0.0,2.23517e-06,4.0,2166.0,1.7963,0.0,0.0,0.0,-0.0003,0.0,0.0003,0.02,0.02,0.01,0.00999999977648258,down,2026-09-15T09:30:02,0.0,9500.0
AAPL,2026-09-16,1,Call,250.0,AAPL260916C00250000,79.95,82.6,81.275,80.1,-4.725,-5.57029,10.0,0.0,0.0,0.9999,0.0,0.0,0.0,0.0068,81.3345,80.87,80.94,79.84,84.8250007629394,no_change,2026-09-15T14:39:10,20.0,20.0
AAPL,2026-09-16,1,Put,250.0,AAPL260916P00250000,0.0,0.01,0.005,0.01,0.0,0.0,0.0,2156.0,1.6837,-0.0001,0.0,0.0,-0.0004,0.0,0.0003,0.0,0.0,0.0,0.00999999977648258,no_change,2026-09-14T14:51:26,0.0,9500.0
AAPL,2026-09-16,1,Call,255.0,AAPL260916C00255000,74.8,78.05,76.425,75.12,-4.38,-5.50943,48.0,165.0,2.0824,0.9999,0.0,0.0001,0.0,0.007,76.3352,75.94,76.12,74.8,79.5,no_change,2026-09-15T14:39:10,76.0,47.0
AAPL,2026-09-16,1,Put,255.0,AAPL260916P00255000,0.0,0.01,0.005,0.01,0.0,2.23517e-06,9500.0,2166.0,1.573,-0.0001,0.0,0.0001,-0.0005,0.0,0.0005,0.01,0.01,0.01,0.00999999977648258,no_change,2026-09-15T13:38:34,0.0,2050.0
AAPL,2026-09-16,1,Call,260.0,AAPL260916C00260000,69.8,72.8,71.3,70.05,-4.625,-6.1935,192.0,6.0,0.0,0.9999,0.0,0.0001,0.0,0.0071,71.3359,70.74,71.19,69.83,74.6749992370606,up,2026-09-15T13:26:34,20.0,20.0
AAPL,2026-09-16,1,Put,260.0,AAPL260916P00260000,0.0,0.02,0.01,0.01,0.0,2.23517e-06,13.0,1017.0,1.5501,-0.0001,0.0,0.0001,-0.0006,0.0,0.0006,0.01,0.03,0.01,0.00999999977648258,no_change,2026-09-15T13:14:12,0.0,22.0
AAPL,2026-09-16,1,Call,265.0,AAPL260916C00265000,64.8,68.1,66.44999999999999,65.14,-4.585,-6.57584,158.0,4.0,1.862,0.9998,0.0,0.0001,0.0,0.0072,66.3367,65.73,65.75,64.81,69.7250022888184,up,2026-09-15T14:42:36,50.0,20.0
AAPL,2026-09-16,1,Put,265.0,AAPL260916P00265000,0.0,0.02,0.01,0.01,-0.23,-95.8333,37.0,37.0,1.4373,-0.0002,0.0,0.0001,-0.0008,0.0,0.0008,0.05,0.06,0.01,0.239999994635582,no_change,2026-09-15T15:49:07,0.0,1.0
AAPL,2026-09-16,1,Call,270.0,AAPL260916C00270000,59.8,62.85,61.325,60.2,-4.35,-6.73896,103.0,0.0,0.0,0.9998,0.0,0.0002,0.0,0.0074,61.3376,61.18,61.18,59.61,64.5500011444092,up,2026-09-15T15:15:48,50.0,20.0
AAPL,2026-09-16,1,Put,270.0,AAPL260916P00270000,0.0,0.03,0.015,0.02,-0.08,-80.0,56.0,32.0,1.3759,-0.0002,0.0,0.0002,-0.0012,0.0,0.0011,0.5,0.5,0.02,0.100000001490116,no_change,2026-09-15T15:56:07,0.0,31.0
AAPL,2026-09-16,1,Call,272.5,AAPL260916C00272500,57.3,60.35,58.825,57.64,-4.66,-7.47994,97.0,1.0,0.0,0.9997,0.0001,0.0002,0.0,0.0075,58.8381,58.75,58.75,57.06,62.3000011444092,no_change,2026-09-15T15:15:48,50.0,20.0
AAPL,2026-09-16,1,Put,272.5,AAPL260916P00272500,0.0,0.04,0.02,0.03,0.025,500.0,42.0,13.0,1.3562,-0.0003,0.0001,0.0002,-0.0014,0.0,0.0013,0.24,0.25,0.02,0.00499999988824129,up,2026-09-15T15:58:39,0.0,40.0
AAPL,2026-09-16,1,Call,275.0,AAPL260916C00275000,54.8,57.85,56.325,55.11,-4.79,-7.99666,205.0,1.0,0.0,0.9996,0.0001,0.0002,0.0,0.0075,56.3386,54.73,55.62,54.64,59.8999996185303,no_change,2026-09-15T13:43:10,51.0,20.0
AAPL,2026-09-16,1,Put,275.0,AAPL260916P00275000,0.0,0.05,0.025,0.04,-0.055,-57.8947,20.0,12.0,1.3279,-0.0004,0.0001,0.0002,-0.0016,0.0,0.0016,0.06,0.25,0.04,0.0949999988079071,no_change,2026-09-15T15:58:39,0.0,50.0
AAPL,2026-09-16,1,Call,277.5,AAPL260916C00277500,52.3,55.35,53.825,52.64,-4.535,-7.93179,404.0,1.0,0.0,0.9996,0.0001,0.0003,0.0,0.0076,53.8392,52.3,53.2,52.15,57.1749992370606,no_change,2026-09-15T15:03:43,20.0,20.0
AAPL,2026-09-16,1,Put,277.5,AAPL260916P00277500,0.0,0.32,0.16,0.08,0.055,220.0,10.0,3.0,1.593,-0.0004,0.0001,0.0003,-0.0019,0.0,0.0019,0.02,0.16,0.01,0.025000000372529,no_change,2026-09-15T15:47:11,0.0,50.0
AAPL,2026-09-16,1,Call,280.0,AAPL260916C00280000,50.15,53.1,51.625,50.16,-4.265,-7.83647,225.0,9.0,1.6688,0.9995,0.0001,0.0003,0.0,0.0077,51.3398,50.25,50.72,49.57,54.4250011444092,no_change,2026-09-15T15:03:43,20.0,20.0
AAPL,2026-09-16,1,Put,280.0,AAPL260916P00280000,0.0,0.01,0.005,0.02,0.01,100.0,67.0,156.0,1.0437,-0.0005,0.0001,0.0003,-0.0022,0.0,0.0022,0.05,0.05,0.01,0.00999999977648258,up,2026-09-15T13:12:03,0.0,8.0
AAPL,2026-09-16,1,Call,282.5,AAPL260916C00282500,47.3,50.6,48.95,47.8,-4.25,-8.16523,236.0,1.0,1.3812,0.9994,0.0001,0.0004,0.0,0.0077,48.8405,48.15,48.84,47.26,52.0500011444092,no_change,2026-09-15T15:46:52,20.0,20.0
AAPL,2026-09-16,1,Put,282.5,AAPL260916P00282500,0.0,0.02,0.01,0.01,-0.02,-66.6667,51.0,10.0,1.0542,-0.0006,0.0001,0.0004,-0.0026,0.0,0.0026,0.04,0.05,0.01,0.0300000002607703,no_change,2026-09-15T14:38:17,0.0,20.0
AAPL,2026-09-16,1,Call,285.0,AAPL260916C00285000,44.8,47.85,46.325,45.31,-4.515,-9.06172,391.0,17.0,0.0,0.9992,0.0002,0.0005,0.0,0.0078,46.3413,45.72,46.35,44.8,49.8250007629394,up,2026-09-15T15:46:52,20.0,20.0
AAPL,2026-09-16,1,Put,285.0,AAPL260916P00285000,0.0,0.06,0.03,0.02,-0.005,-20.0,714.0,220.0,1.1172,-0.0008,0.0002,0.0005,-0.0032,0.0,0.0032,0.07,0.07,0.01,0.0249999994412065,no_change,2026-09-15T15:48:02,0.0,129.0
AAPL,2026-09-16,1,Call,287.5,AAPL260916C00287500,43.15,45.65,44.4,44.19,-2.91,-6.17834,256.0,1.0,1.6373,0.999,0.0002,0.0006,0.0,0.0079,43.8422,42.4,44.19,42.4,47.1000003814697,up,2026-09-15T15:55:44,13.0,14.0
AAPL,2026-09-16,1,Put,287.5,AAPL260916P00287500,0.0,0.06,0.03,0.03,0.0,-8.69234e-07,178.0,13.0,1.0589,-0.001,0.0002,0.0006,-0.0038,0.0,0.0038,0.07,0.07,0.01,0.0300000002607703,down,2026-09-15T15:48:02,0.0,116.0
AAPL,2026-09-16,1,Call,290.0,AAPL260916C00290000,40.5,43.1,41.8,41.7,-2.85,-6.39731,105.0,17.0,1.4957,0.9988,0.0003,0.0007,0.0,0.0079,41.3433,40.3,41.7,40.11,44.5500011444092,up,2026-09-15T15:55:44,20.0,20.0
AAPL,2026-09-16,1,Put,290.0,AAPL260916P00290000,0.0,0.03,0.015,0.01,-0.02,-66.6667,68.0,851.0,0.9303,-0.0012,0.0003,0.0007,-0.0046,0.0,0.0046,0.06,0.06,0.01,0.0299999993294477,no_change,2026-09-15T13:05:36,0.0,26.0
AAPL,2026-09-16,1,Call,292.5,AAPL260916C00292500,37.3,40.7,39.0,37.84,-4.06,-9.68974,4.0,2.0,1.1774,0.9985,0.0003,0.0008,-0.0011,0.008,38.8446,38.35,38.68,37.68,41.8999996185303,up,2026-09-15T12:44:06,27.0,28.0
AAPL,2026-09-16,1,Put,292.5,AAPL260916P00292500,0.01,0.03,0.02,0.01,-0.02,-66.6667,124.0,113.0,0.9021,-0.0015,0.0003,0.0008,-0.0056,0.0,0.0056,0.1,0.1,0.01,0.0300000002607703,no_change,2026-09-15T15:57:38,5.0,19.0
AAPL,2026-09-16,1,Call,295.0,AAPL260916C00295000,35.45,37.85,36.650000000000006,35.12,-4.555,-11.4808,55.0,15.0,1.2397,0.9981,0.0004,0.001,-0.0026,0.0081,36.3461,35.92,36.2,34.65,39.6749992370606,down,2026-09-15T15:45:15,20.0,22.0
AAPL,2026-09-16,1,Put,295.0,AAPL260916P00295000,0.0,0.01,0.005,0.01,-0.03,-75.0,814.0,316.0,0.7414,-0.0019,0.0004,0.001,-0.0068,0.0,0.0068,0.01,0.02,0.01,0.0400000000372529,down,2026-09-15T15:53:14,0.0,16.0
AAPL,2026-09-16,1,Call,297.5,AAPL260916C00297500,33.05,35.65,34.349999999999994,32.71,-4.44,-11.9515,51.0,0.0,1.2854,0.9976,0.0006,0.0013,-0.0045,0.0081,33.848,32.47,33.15,32.23,37.1499996185303,no_change,2026-09-15T15:45:15,26.0,26.0
AAPL,2026-09-16,1,Put,297.5,AAPL260916P00297500,0.01,0.03,0.02,0.01,-0.035,-77.7778,44.0,341.0,0.791,-0.0024,0.0006,0.0013,-0.0084,0.0,0.0084,0.04,0.14,0.01,0.0449999999254942,down,2026-09-15T15:39:29,5.0,20.0
AAPL,2026-09-16,1,Call,300.0,AAPL260916C00300000,30.65,33.15,31.9,29.95,-4.825,-13.8749,9.0,25.0,1.2296,0.997,0.0008,0.0016,-0.0068,0.0082,31.3503,29.86,29.95,29.86,34.7749996185303,no_change,2026-09-15T11:49:15,9.0,9.0
AAPL,2026-09-16,1,Put,300.0,AAPL260916P00300000,0.01,0.02,0.015,0.01,-0.045,-81.8182,222.0,951.0,0.7134,-0.003,0.0008,0.0016,-0.0104,0.0,0.0104,0.06,0.07,0.01,0.0549999997019768,down,2026-09-15T15:59:55,6.0,27.0
AAPL,2026-09-16,1,Call,302.5,AAPL260916C00302500,27.3,29.45,28.375,27.46,-4.865,-15.0503,11.0,1.0,0.0,0.9961,0.001,0.002,-0.0097,0.0082,28.8532,27.69,27.82,27.46,32.3250007629394,down,2026-09-15T15:18:05,10.0,11.0
AAPL,2026-09-16,1,Put,302.5,AAPL260916P00302500,0.01,0.03,0.02,0.02,-0.045,-69.2308,216.0,1688.0,0.6804,-0.0039,0.001,0.002,-0.013,0.0,0.013,0.05,0.05,0.02,0.0649999994784594,down,2026-09-15T15:38:04,10.0,10.0
AAPL,2026-09-16,1,Call,305.0,AAPL260916C00305000,25.95,28.2,27.075,24.98,-4.62,-15.6081,4.0,25.0,1.1376,0.9949,0.0014,0.0026,-0.0134,0.0083,26.3568,25.07,25.39,24.55,29.6000003814697,down,2026-09-15T15:18:05,9.0,25.0
AAPL,2026-09-16,1,Put,305.0,AAPL260916P00305000,0.01,0.03,0.02,0.02,-0.05,-71.4286,1270.0,3826.0,0.6252,-0.0051,0.0014,0.0026,-0.0164,0.0,0.0164,0.09,0.09,0.02,0.0699999984353781,down,2026-09-15T15:59:40,53.0,55.0
AAPL,2026-09-16,1,Call,307.5,AAPL260916C00307500,23.0,25.75,24.375,22.34,-4.835,-17.7921,7.0,9.0,0.9728,0.9933,0.0018,0.0033,-0.0182,0.0084,23.8616,22.62,22.62,22.34,27.1750001907349,down,2026-09-15T10:17:52,27.0,28.0
AAPL,2026-09-16,1,Put,307.5,AAPL260916P00307500,0.01,0.03,0.02,0.03,-0.055,-64.7059,989.0,899.0,0.57,-0.0067,0.0018,0.0033,-0.0209,-0.0001,0.0209,0.1,0.12,0.01,0.0850000008940697,no_change,2026-09-15T15:39:42,58.0,1.0
AAPL,2026-09-16,1,Call,310.0,AAPL260916C00310000,21.0,21.95,21.475,22.17,-2.63,-10.6048,48.0,151.0,0.6726,0.991,0.0026,0.0043,-0.0245,0.0084,21.368,19.8,22.17,19.6,24.8000001907349,no_change,2026-09-15T15:56:59,36.0,43.0
AAPL,2026-09-16,1,Put,310.0,AAPL260916P00310000,0.02,0.04,0.03,0.02,-0.075,-78.9474,722.0,625.0,0.5406,-0.009,0.0026,0.0043,-0.027,-0.0001,0.0269,0.1,0.15,0.02,0.0950000025331974,down,2026-09-15T15:59:15,72.0,74.0
AAPL,2026-09-16,1,Call,312.5,AAPL260916C00312500,18.45,20.05,19.25,19.67,-1.655,-7.76084,26.0,24.0,0.7569,0.9878,0.0036,0.0057,-0.0331,0.0084,18.8766,17.43,19.67,16.81,21.3249998092651,no_change,2026-09-15T15:56:59,28.0,20.0
AAPL,2026-09-16,1,Put,312.5,AAPL260916P00312500,0.03,0.04,0.035,0.03,-0.08,-72.7273,519.0,1846.0,0.4927,-0.0122,0.0036,0.0057,-0.0353,-0.0001,0.0352,0.17,0.17,0.03,0.109999999403954,down,2026-09-15T15:58:24,48.0,26.0
AAPL,2026-09-16,1,Call,315.0,AAPL260916C00315000,16.1,17.0,16.55,17.01,-1.69,-9.03743,365.0,1008.0,0.5828,0.983,0.0053,0.0076,-0.0452,0.0085,16.3886,15.9,17.01,14.65,18.6999998092651,up,2026-09-15T15:58:58,23.0,10.0
AAPL,2026-09-16,1,Put,315.0,AAPL260916P00315000,0.04,0.05,0.045,0.05,-0.075,-60.0,874.0,6006.0,0.4493,-0.017,0.0053,0.0076,-0.0472,-0.0001,0.047,0.15,0.22,0.04,0.12499999627471,no_change,2026-09-15T15:59:36,202.0,113.0
AAPL,2026-09-16,1,Call,317.5,AAPL260916C00317500,13.6,15.05,14.325,14.53,-2.67,-15.5233,84.0,146.0,0.6207,0.9753,0.008,0.0104,-0.0638,0.0085,13.9071,13.0,14.53,11.99,17.1999998092651,up,2026-09-15T15:58:58,38.0,73.0
AAPL,2026-09-16,1,Put,317.5,AAPL260916P00317500,0.06,0.07,0.065,0.06,-0.085,-58.6207,1847.0,1443.0,0.4109,-0.0247,0.008,0.0104,-0.0654,-0.0002,0.0651,0.23,0.29,0.06,0.145000003278255,no_change,2026-09-15T15:58:47,199.0,36.0
AAPL,2026-09-16,1,Call,320.0,AAPL260916C00320000,11.0,12.1,11.55,10.95,-3.55,-24.4828,482.0,3023.0,0.4333,0.9617,0.0127,0.0149,-0.0969,0.0084,11.4401,10.81,11.25,9.5,14.5,up,2026-09-15T15:58:49,44.0,85.0
AAPL,2026-09-16,1,Put,320.0,AAPL260916P00320000,0.09,0.12,0.105,0.09,-0.1,-52.6316,6988.0,3090.0,0.3703,-0.0383,0.0127,0.0149,-0.0982,-0.0003,0.0978,0.31,0.46,0.07,0.190000005066395,down,2026-09-15T15:59:55,105.0,96.0
AAPL,2026-09-16,1,Call,322.5,AAPL260916C00322500,8.75,9.6,9.175,8.73,-3.12,-26.3291,243.0,932.0,0.3931,0.9342,0.0214,0.0228,-0.1677,0.0082,9.0107,9.2,9.37,7.25,11.8499999046326,down,2026-09-15T15:59:58,73.0,82.0
AAPL,2026-09-16,1,Put,322.5,AAPL260916P00322500,0.16,0.17,0.165,0.16,-0.115,-41.8182,10245.0,2729.0,0.3379,-0.0658,0.0214,0.0228,-0.1688,-0.0006,0.1682,0.5,0.68,0.15,0.275000005960464,no_change,2026-09-15T15:59:59,202.0,13.0
AAPL,2026-09-16,1,Call,325.0,AAPL260916C00325000,6.35,7.3,6.824999999999999,6.81,-2.665,-28.1266,1838.0,2673.0,0.3545,0.8773,0.0366,0.0361,-0.3326,0.0078,6.675,5.53,7.0,4.95,9.47499990463257,up,2026-09-15T15:58:51,9.0,76.0
AAPL,2026-09-16,1,Put,325.0,AAPL260916P00325000,0.32,0.33,0.325,0.32,-0.1,-23.8095,37317.0,3935.0,0.3145,-0.1227,0.0366,0.0361,-0.3334,-0.0011,0.3322,0.7,1.17,0.3,0.420000001788139,no_change,2026-09-15T15:59:56,11.0,10.0
AAPL,2026-09-16,1,Call,327.5,AAPL260916C00327500,4.35,4.6,4.475,4.44,-2.835,-38.9691,5166.0,826.0,0.2865,0.7708,0.0576,0.0534,-0.6984,0.0069,4.5395,3.21,4.9,3.11,7.27500009536743,up,2026-09-15T15:59:48,41.0,24.0
AAPL,2026-09-16,1,Put,327.5,AAPL260916P00327500,0.67,0.7,0.685,0.69,-0.03,-4.16667,37431.0,2753.0,0.2976,-0.2292,0.0576,0.0534,-0.6989,-0.0021,0.6964,1.38,2.09,0.64,0.719999998807907,up,2026-09-15T15:59:58,14.0,277.0
AAPL,2026-09-16,1,Call,330.0,AAPL260916C00330000,2.72,2.97,2.845,2.71,-2.565,-48.6256,40076.0,6436.0,0.2876,0.6075,0.0759,0.0674,-1.4037,0.0054,2.7519,2.69,3.45,1.74,5.27499985694885,down,2026-09-15T15:59:59,5.0,5.0
AAPL,2026-09-16,1,Put,330.0,AAPL260916P00330000,1.38,1.42,1.4,1.4,0.16,12.9032,42910.0,5415.0,0.2882,-0.3926,0.0759,0.0674,-1.4039,-0.0036,1.4086,2.3,3.25,1.28,1.24000000953674,no_change,2026-09-15T15:59:59,6.0,1.0
AAPL,2026-09-16,1,Call,332.5,AAPL260916C00332500,1.42,1.47,1.4449999999999998,1.45,-2.15,-59.7222,54571.0,4470.0,0.2819,0.4109,0.0786,0.0682,-1.432,0.0037,1.4451,1.55,2.08,0.88,3.60000002384186,up,2026-09-15T15:59:59,6.0,7.0
AAPL,2026-09-16,1,Put,332.5,AAPL260916P00332500,2.55,2.79,2.67,2.59,0.52,25.1208,7801.0,2265.0,0.2809,-0.5893,0.0788,0.0682,-1.4321,-0.0053,2.6017,3.5,4.91,2.39,2.0699999332428,no_change,2026-09-15T15:59:59,9.0,3.0
AAPL,2026-09-16,1,Call,335.0,AAPL260916C00335000,0.65,0.68,0.665,0.66,-1.595,-70.7317,57782.0,8252.0,0.2806,0.2329,0.0621,0.0539,-0.6582,0.0021,0.6558,1.13,1.21,0.36,2.25499999523163,no_change,2026-09-15T15:59:59,1.0,47.0
AAPL,2026-09-16,1,Put,335.0,AAPL260916P00335000,4.2,4.4,4.300000000000001,3.99,0.74,22.7692,1263.0,3226.0,0.2866,-0.7684,0.0628,0.0538,-0.6595,-0.006,4.3136,5.5,6.65,3.99,3.25,down,2026-09-15T15:55:39,37.0,12.0
AAPL,2026-09-16,1,Call,337.5,AAPL260916C00337500,0.27,0.28,0.275,0.28,-1.04,-78.7879,26227.0,3097.0,0.2865,0.1145,0.0384,0.0345,-0.2736,0.001,0.2726,0.43,0.69,0.15,1.31999999284744,no_change,2026-09-15T15:59:59,20.0,78.0
AAPL,2026-09-16,1,Put,337.5,AAPL260916P00337500,5.8,7.65,6.725,7.5,2.7,56.25,498.0,1348.0,0.3605,-0.8888,0.0393,0.0337,-0.2799,-0.0057,6.4354,7.45,9.1,6.55,4.79999995231628,no_change,2026-09-15T15:22:52,80.0,145.0
AAPL,2026-09-16,1,Call,340.0,AAPL260916C00340000,0.11,0.12,0.11499999999999999,0.12,-0.615,-83.6735,16059.0,7477.0,0.2996,0.0533,0.0206,0.0196,-0.1144,0.0005,0.114,0.22,0.38,0.07,0.735000014305115,no_change,2026-09-15T15:59:58,20.0,67.0
AAPL,2026-09-16,1,Put,340.0,AAPL260916P00340000,8.3,9.05,8.675,8.84,2.165,32.4345,113.0,542.0,0.0,-0.9512,0.021,0.0183,-0.1285,-0.0042,8.7845,9.75,11.0,8.15,6.67500019073486,down,2026-09-15T15:57:34,56.0,48.0
AAPL,2026-09-16,1,Call,342.5,AAPL260916C00342500,0.04,0.05,0.045,0.05,-0.34,-87.1795,7223.0,3705.0,0.3113,0.0256,0.0106,0.0108,-0.0519,0.0002,0.0517,0.11,0.3,0.03,0.390000000596046,no_change,2026-09-15T15:59:54,57.0,50.0
AAPL,2026-09-16,1,Put,342.5,AAPL260916P00342500,10.65,12.75,11.7,12.31,3.76,43.9766,14.0,30.0,0.5276,-0.9787,0.0104,0.0091,-0.0738,-0.0024,11.23,12.74,12.74,11.65,8.55000019073486,up,2026-09-15T15:15:09,28.0,26.0
AAPL,2026-09-16,1,Call,345.0,AAPL260916C00345000,0.01,0.03,0.02,0.03,-0.175,-85.3659,4115.0,4969.0,0.3392,0.013,0.0056,0.0061,-0.0257,0.0001,0.0256,0.06,0.1,0.01,0.204999998211861,up,2026-09-15T15:59:49,114.0,120.0
AAPL,2026-09-16,1,Put,345.0,AAPL260916P00345000,12.4,15.25,13.825,14.35,3.45,31.6514,30.0,27.0,0.4553,-0.9904,0.005,0.0047,-0.0533,-0.001,13.7095,16.05,16.05,13.7,10.9000000953674,down,2026-09-15T15:26:48,13.0,13.0
AAPL,2026-09-16,1,Call,347.5,AAPL260916C00347500,0.01,0.02,0.015,0.02,-0.08,-80.0,1072.0,1718.0,0.3676,0.0068,0.003,0.0035,-0.0132,0.0001,0.0132,0.03,0.05,0.01,0.100000001490116,no_change,2026-09-15T15:57:45,33.0,43.0
AAPL,2026-09-16,1,Put,347.5,AAPL260916P00347500,15.2,17.25,16.225,17.45,3.925,29.0203,5.0,32.0,0.4237,-0.9957,0.0024,0.0022,-0.0449,-0.0006,16.2012,17.45,17.45,17.45,13.5250000953674,no_change,2026-09-15T10:58:59,20.0,20.0
AAPL,2026-09-16,1,Call,350.0,AAPL260916C00350000,0.0,0.01,0.005,0.02,-0.03,-60.0,792.0,2915.0,0.3712,0.0035,0.0016,0.002,-0.0067,0.0,0.0067,0.03,0.04,0.01,0.0499999988824129,up,2026-09-15T15:54:40,0.0,16.0
AAPL,2026-09-16,1,Put,350.0,AAPL260916P00350000,17.1,20.65,18.875,19.85,4.05,25.6329,7.0,5.0,0.6147,-0.9981,0.0011,0.001,-0.0412,-0.0003,18.6976,19.65,19.85,19.25,15.8000001907349,no_change,2026-09-15T10:58:59,14.0,16.0
AAPL,2026-09-16,1,Call,352.5,AAPL260916C00352500,0.0,0.01,0.005,0.01,-0.02,-66.6667,124.0,1101.0,0.4146,0.0018,0.0008,0.0011,-0.0034,0.0,0.0034,0.1,0.1,0.01,0.0299999993294477,no_change,2026-09-15T13:45:59,0.0,2.0
AAPL,2026-09-16,1,Put,352.5,AAPL260916P00352500,19.4,22.75,21.075,0.0,0.0,0.0,0.0,0.0,0.0,-0.9992,0.0005,0.0004,-0.0397,-0.0002,21.196,0.0,0.0,0.0,18.1999998092651,no_change,,30.0,20.0
AAPL,2026-09-16,1,Call,355.0,AAPL260916C00355000,0.0,0.01,0.005,0.01,-0.005,-33.3333,85.0,1923.0,0.4572,0.001,0.0004,0.0006,-0.0018,0.0,0.0018,0.08,0.08,0.01,0.0149999996647239,no_change,2026-09-15T15:39:21,0.0,72.0
AAPL,2026-09-16,1,Put,355.0,AAPL260916P00355000,21.85,25.25,23.55,25.5,4.95,24.0876,2.0,0.0,0.0,-0.9997,0.0002,0.0002,-0.0391,-0.0001,23.6955,25.5,25.5,25.5,20.5500001907349,no_change,2026-09-15T10:27:16,24.0,24.0
AAPL,2026-09-16,1,Call,360.0,AAPL260916C00360000,0.0,0.01,0.005,0.01,0.0,2.23517e-06,24.0,915.0,0.5404,0.0003,0.0001,0.0002,-0.0006,0.0,0.0006,0.06,0.06,0.01,0.00999999977648258,down,2026-09-15T10:21:45,0.0,5.0
AAPL,2026-09-16,1,Put,360.0,AAPL260916P00360000,27.2,30.25,28.725,25.77,0.0,0.0,0.0,0.0,0.6807,-0.9999,0.0,0.0,-0.0388,0.0,28.6952,0.0,0.0,0.0,25.5749998092651,down,2026-09-14T15:52:25,25.0,25.0
AAPL,2026-09-16,1,Call,365.0,AAPL260916C00365000,0.0,0.01,0.005,0.01,0.0,0.0,0.0,79.0,0.6214,0.0001,0.0,0.0001,-0.0002,0.0,0.0002,0.0,0.0,0.0,0.00999999977648258,no_change,2026-09-14T15:29:14,0.0,4.0
AAPL,2026-09-16,1,Put,365.0,AAPL260916P00365000,31.85,35.25,33.55,39.25,0.0,0.0,0.0,0.0,0.0,-1.0,0.0,0.0,-0.0388,0.0,33.6951,0.0,0.0,0.0,30.6999998092651,down,2026-09-02T11:27:10,9.0,15.0
AAPL,2026-09-16,1,Call,370.0,AAPL260916C00370000,0.0,0.02,0.01,0.01,0.0,0.0,0.0,311.0,0.7004,0.0,0.0,0.0,-0.0001,0.0,0.0001,0.0,0.0,0.0,0.00999999977648258,down,2026-09-14T15:59:21,0.0,1.0
AAPL,2026-09-16,1,Put,370.0,AAPL260916P00370000,36.75,40.85,38.8,0.0,0.0,0.0,0.0,0.0,1.0064,-1.0,0.0,0.0,-0.0388,0.0,38.6951,0.0,0.0,0.0,35.6999988555908,no_change,,1.0,1.0
AAPL,2026-09-16,1,Call,375.0,AAPL260916C00375000,0.0,0.01,0.005,0.01,0.0,0.0,0.0,33.0,0.7776,0.0,0.0,0.0,0.0,0.0,0.0001,0.0,0.0,0.0,0.00999999977648258,down,2026-09-14T09:36:27,0.0,2.0
AAPL,2026-09-16,1,Put,375.0,AAPL260916P00375000,41.7,45.8,43.75,40.89,0.0,0.0,0.0,0.0,1.0262,-1.0,0.0,0.0,-0.0388,0.0,43.6951,0.0,0.0,0.0,40.5,down,2026-09-14T14:36:07,9.0,9.0
AAPL,2026-09-16,1,Call,380.0,AAPL260916C00380000,0.0,0.01,0.005,0.01,0.0,0.0,0.0,68.0,0.8531,0.0,0.0,0.0,0.0,0.0,0.0,0.0,0.0,0.0,0.00499999988824129,no_change,2026-09-11T15:44:18,0.0,1.0
AAPL,2026-09-16,1,Put,380.0,AAPL260916P00380000,46.75,50.8,48.775,0.0,0.0,0.0,0.0,0.0,1.2084,-1.0,0.0,0.0,-0.0388,0.0,48.6951,0.0,0.0,0.0,45.7249984741211,no_change,,11.0,6.0
AAPL,2026-09-16,1,Call,385.0,AAPL260916C00385000,0.0,0.01,0.005,0.01,0.0,2.23517e-06,3.0,92.0,0.927,0.0,0.0,0.0,0.0,0.0,0.0,0.01,0.01,0.01,0.00999999977648258,no_change,2026-09-15T09:30:02,0.0,1.0
AAPL,2026-09-16,1,Put,385.0,AAPL260916P00385000,51.75,55.45,53.6,0.0,0.0,0.0,0.0,0.0,0.0,-1.0,0.0,0.0,-0.0388,0.0,53.6951,0.0,0.0,0.0,50.7249984741211,no_change,,14.0,11.0
AAPL,2026-09-16,1,Call,390.0,AAPL260916C00390000,0.0,0.01,0.005,0.01,0.005,100.0,1.0,17.0,0.9995,0.0,0.0,0.0,0.0,0.0,0.0,0.01,0.01,0.01,0.00499999988824129,down,2026-09-15T15:51:15,0.0,1050.0
AAPL,2026-09-16,1,Put,390.0,AAPL260916P00390000,56.85,60.25,58.55,67.8,0.0,0.0,0.0,0.0,0.0,-1.0,0.0,0.0,-0.0388,0.0,58.6951,0.0,0.0,0.0,55.5499992370606,up,2026-09-04T10:40:05,9.0,15.0
AAPL,2026-09-18,3,Call,50.0,AAPL260918C00050000,279.85,282.55,281.20000000000005,279.47,-5.105,-1.7939,12.0,7.0,0.0,1.0,0.0,0.0,0.0,0.0068,281.3202,279.25,279.64,279.03,284.574996948242,up,2026-09-15T11:46:13,10.0,6.0
AAPL,2026-09-18,3,Put,50.0,AAPL260918P00050000,0.0,0.01,0.005,0.01,0.0,0.0,0.0,1590.0,6.0848,0.0,0.0,0.0,0.0,0.0,0.0,0.0,0.0,0.0,0.00499999988824129,no_change,2026-09-08T15:13:05,0.0,1000.0
AAPL,2026-09-18,3,Call,55.0,AAPL260918C00055000,274.8,278.2,276.5,276.65,-2.25,-0.806739,35.0,40.0,7.7296,1.0,0.0,0.0,0.0,0.0075,276.3533,274.34,276.65,274.05,278.899993896484,up,2026-09-15T12:28:05,13.0,16.0
AAPL,2026-09-18,3,Put,55.0,AAPL260918P00055000,0.0,0.01,0.005,0.11,0.0,0.0,0.0,1294.0,7.6892,0.0,0.0,0.0,0.0,0.0,0.0,0.0,0.0,0.0,0.00499999988824129,down,2026-08-05T10:12:15,0.0,1000.0
AAPL,2026-09-18,3,Call,60.0,AAPL260918C00060000,269.8,273.05,271.425,270.65,-3.65,-1.33066,48.0,2.0,6.8022,1.0,0.0,0.0,0.0,0.0082,271.3562,270.03,271.67,269.08,274.299987792969,up,2026-09-15T12:49:11,8.0,14.0
AAPL,2026-09-18,3,Put,60.0,AAPL260918P00060000,0.0,0.01,0.005,0.01,0.0,0.0,0.0,123.0,5.4998,0.0,0.0,0.0,0.0,0.0,0.0,0.0,0.0,0.0,0.00499999988824129,no_change,2026-08-24T13:40:27,0.0,1000.0
AAPL,2026-09-18,3,Call,65.0,AAPL260918C00065000,264.75,268.05,266.4,265.67,-3.88,-1.43944,42.0,1.0,6.1783,1.0,0.0,0.0,0.0,0.0089,266.3592,265.1,265.82,264.0,269.550003051758,up,2026-09-15T12:49:11,9.0,12.0
AAPL,2026-09-18,3,Put,65.0,AAPL260918P00065000,0.0,0.01,0.005,0.02,0.0,0.0,0.0,24.0,5.2442,0.0,0.0,0.0,-0.0001,0.0,0.0001,0.0,0.0,0.0,0.00499999988824129,down,2026-08-21T12:29:12,0.0,1000.0
AAPL,2026-09-18,3,Call,70.0,AAPL260918C00070000,259.8,263.2,261.5,259.3,-4.775,-1.8082,54.0,3.0,6.6541,1.0,0.0,0.0,0.0,0.0096,261.3622,259.36,260.8,259.08,264.075012207031,up,2026-09-15T12:57:58,8.0,14.0
AAPL,2026-09-18,3,Put,70.0,AAPL260918P00070000,0.0,0.01,0.005,0.01,0.0,0.0,0.0,141.0,5.0081,0.0,0.0,0.0,-0.0001,0.0,0.0001,0.0,0.0,0.0,0.00499999988824129,no_change,2026-08-28T14:30:06,0.0,10.0
AAPL,2026-09-18,3,Call,75.0,AAPL260918C00075000,254.8,257.45,256.125,254.32,-5.03,-1.93947,65.0,81.0,0.0,1.0,0.0,0.0,0.0,0.0103,256.3651,254.45,255.82,254.2,259.350006103516,no_change,2026-09-15T12:57:58,14.0,13.0
AAPL,2026-09-18,3,Put,75.0,AAPL260918P00075000,0.0,0.01,0.005,0.01,0.0,0.0,0.0,215.0,4.7888,0.0,0.0,0.0,-0.0001,0.0,0.0001,0.0,0.0,0.0,0.00499999988824129,no_change,2026-08-11T12:21:48,0.0,22.0
AAPL,2026-09-18,3,Call,80.0,AAPL260918C00080000,249.8,252.7,251.25,250.06,-4.565,-1.79283,42.0,109.0,0.0,1.0,0.0,0.0,0.0,0.0109,251.3681,249.44,250.84,249.25,254.625,down,2026-09-15T12:53:27,47.0,105.0
AAPL,2026-09-18,3,Put,80.0,AAPL260918P00080000,0.0,0.01,0.005,0.02,0.0,0.0,0.0,82.0,4.584,0.0,0.0,0.0,-0.0001,0.0,0.0001,0.0,0.0,0.0,0.00499999988824129,down,2026-04-20T15:49:10,0.0,1.0
AAPL,2026-09-18,3,Call,85.0,AAPL260918C00085000,244.8,248.2,246.5,245.3,-4.2,-1.68337,18.0,29.0,5.7986,1.0,0.0,0.0,0.0,0.0116,246.3711,244.32,245.72,244.32,249.5,down,2026-09-15T12:38:14,10.0,12.0
AAPL,2026-09-18,3,Put,85.0,AAPL260918P00085000,0.0,0.01,0.005,0.01,0.0,0.0,0.0,1041.0,4.392,0.0,0.0,0.0,-0.0001,0.0,0.0001,0.0,0.0,0.0,0.00499999988824129,no_change,2026-09-09T12:23:19,0.0,33.0
AAPL,2026-09-18,3,Call,90.0,AAPL260918C00090000,239.4,243.2,241.3,240.13,-4.37,-1.78732,4.0,18.0,0.0,1.0,0.0,0.0,0.0,0.0123,241.3741,239.46,240.13,239.46,244.5,up,2026-09-15T12:16:17,13.0,9.0
AAPL,2026-09-18,3,Put,90.0,AAPL260918P00090000,0.0,0.01,0.005,0.01,0.0,0.0,0.0,1079.0,4.2113,0.0,0.0,0.0,-0.0001,0.0,0.0002,0.0,0.0,0.0,0.00499999988824129,no_change,2026-09-09T12:21:52,0.0,55.0
AAPL,2026-09-18,3,Call,95.0,AAPL260918C00095000,234.4,238.05,236.22500000000002,161.7,0.0,0.0,0.0,3.0,0.0,1.0,0.0,0.0,0.0,0.013,236.377,0.0,0.0,0.0,239.600006103516,up,2026-04-02T10:57:40,17.0,10.0
AAPL,2026-09-18,3,Put,95.0,AAPL260918P00095000,0.0,0.01,0.005,0.01,0.0,0.0,0.0,1146.0,5.2228,0.0,0.0,0.0,-0.0002,0.0,0.0002,0.0,0.0,0.0,0.00499999988824129,down,2026-09-09T12:21:50,0.0,1.0
AAPL,2026-09-18,3,Call,100.0,AAPL260918C00100000,229.85,233.25,231.55,230.6,-3.525,-1.50561,2.0,127.0,5.2883,1.0,0.0,0.0,0.0,0.0137,231.38,229.48,230.6,229.48,234.125,up,2026-09-15T11:30:50,66.0,90.0
AAPL,2026-09-18,3,Put,100.0,AAPL260918P00100000,0.0,0.01,0.005,0.01,0.0,0.0,0.0,1477.0,5.016,0.0,0.0,0.0,-0.0002,0.0,0.0002,0.0,0.0,0.0,0.00499999988824129,no_change,2026-09-10T15:20:38,0.0,1.0
AAPL,2026-09-18,3,Call,105.0,AAPL260918C00105000,224.75,228.1,226.425,224.62,-4.93,-2.14768,4.0,3.0,4.4091,1.0,0.0,0.0,0.0,0.0144,226.383,224.55,225.62,224.55,229.549995422363,no_change,2026-09-15T11:52:11,7.0,6.0
AAPL,2026-09-18,3,Put,105.0,AAPL260918P00105000,0.0,0.01,0.005,0.21,0.0,0.0,0.0,184.0,3.7248,0.0,0.0,0.0,-0.0002,0.0,0.0003,0.0,0.0,0.0,0.00499999988824129,no_change,2026-09-11T15:39:11,0.0,22.0
AAPL,2026-09-18,3,Call,110.0,AAPL260918C00110000,219.85,223.1,221.475,219.65,-4.8,-2.13856,2.0,375.0,4.5555,1.0,0.0,0.0,0.0,0.015,221.386,219.71,219.71,219.65,224.449996948242,down,2026-09-15T11:52:11,170.0,136.0
AAPL,2026-09-18,3,Put,110.0,AAPL260918P00110000,0.0,0.01,0.005,0.01,0.0,0.0,0.0,295.0,3.5783,0.0,0.0,0.0,-0.0003,0.0,0.0003,0.0,0.0,0.0,0.00499999988824129,no_change,2026-09-02T15:34:36,0.0,22.0
AAPL,2026-09-18,3,Call,115.0,AAPL260918C00115000,214.4,218.25,216.325,219.41,0.0,0.0,0.0,26.0,0.0,1.0,0.0,0.0,0.0,0.0157,216.389,0.0,0.0,0.0,219.699996948242,up,2026-09-11T12:35:12,6.0,16.0
AAPL,2026-09-18,3,Put,115.0,AAPL260918P00115000,0.0,0.01,0.005,0.01,0.0,0.0,0.0,339.0,3.4383,0.0,0.0,0.0,-0.0003,0.0,0.0003,0.0,0.0,0.0,0.00499999988824129,no_change,2026-08-11T09:30:29,0.0,1.0
AAPL,2026-09-18,3,Call,120.0,AAPL260918C00120000,209.7,213.1,211.39999999999998,185.56,0.0,0.0,0.0,113.0,3.4285,1.0,0.0,0.0,0.0,0.0164,211.392,0.0,0.0,0.0,214.724998474121,no_change,2026-08-13T10:27:34,68.0,56.0
AAPL,2026-09-18,3,Put,120.0,AAPL260918P00120000,0.0,0.01,0.005,0.07,0.0,0.0,0.0,1423.0,3.3044,0.0,0.0,0.0,-0.0004,0.0,0.0004,0.0,0.0,0.0,0.00499999988824129,up,2026-08-25T15:56:49,0.0,55.0
AAPL,2026-09-18,3,Call,125.0,AAPL260918C00125000,204.9,208.1,206.5,178.45,0.0,0.0,0.0,662.0,4.1217,1.0,0.0,0.0,0.0,0.0171,206.395,0.0,0.0,0.0,209.449996948242,down,2026-07-31T11:26:04,72.0,51.0
AAPL,2026-09-18,3,Put,125.0,AAPL260918P00125000,0.0,0.01,0.005,0.01,0.0,0.0,0.0,287.0,3.176,0.0,0.0,0.0,-0.0004,0.0,0.0005,0.0,0.0,0.0,0.00499999988824129,down,2026-08-07T09:30:03,0.0,22.0
AAPL,2026-09-18,3,Call,130.0,AAPL260918C00130000,199.55,203.1,201.325,186.09,0.0,0.0,0.0,26.0,0.0,1.0,0.0,0.0,0.0,0.0178,201.3981,0.0,0.0,0.0,204.549995422363,down,2026-09-08T15:28:15,6.0,6.0
AAPL,2026-09-18,3,Put,130.0,AAPL260918P00130000,0.0,0.01,0.005,0.01,0.0,0.0,0.0,1083.0,3.0526,0.0,0.0,0.0,-0.0005,0.0,0.0005,0.0,0.0,0.0,0.00499999988824129,no_change,2026-08-26T10:45:58,0.0,1000.0
AAPL,2026-09-18,3,Call,135.0,AAPL260918C00135000,194.45,198.25,196.35,185.71,0.0,0.0,0.0,48.0,0.0,1.0,0.0,0.0,0.0,0.0185,196.4011,0.0,0.0,0.0,199.549995422363,no_change,2026-09-10T11:50:20,10.0,16.0
AAPL,2026-09-18,3,Put,135.0,AAPL260918P00135000,0.0,0.01,0.005,0.01,0.0,0.0,0.0,293.0,3.8305,0.0,0.0,0.0,-0.0006,0.0,0.0006,0.0,0.0,0.0,0.00499999988824129,no_change,2026-08-26T14:12:19,0.0,1000.0
AAPL,2026-09-18,3,Call,140.0,AAPL260918C00140000,189.7,193.2,191.45,189.15,-5.55,-2.85054,2.0,1892.0,3.3782,1.0,0.0,0.0,0.0,0.0192,191.4041,189.15,189.15,189.15,194.699996948242,down,2026-09-15T09:30:00,74.0,79.0
AAPL,2026-09-18,3,Put,140.0,AAPL260918P00140000,0.0,0.01,0.005,0.01,0.0,0.0,0.0,1074.0,2.8196,0.0,0.0,0.0,-0.0007,0.0,0.0007,0.0,0.0,0.0,0.00499999988824129,down,2026-09-10T15:42:35,0.0,993.0
AAPL,2026-09-18,3,Call,145.0,AAPL260918C00145000,185.0,188.25,186.625,185.38,-4.22,-2.22574,5.0,56.0,3.8355,1.0,0.0,0.0001,0.0,0.0198,186.4072,183.05,185.38,183.05,189.599998474121,up,2026-09-15T15:47:24,9.0,16.0
AAPL,2026-09-18,3,Put,145.0,AAPL260918P00145000,0.0,0.01,0.005,0.01,0.005,100.0,55.0,538.0,2.7092,0.0,0.0,0.0001,-0.0008,0.0,0.0008,0.01,0.01,0.01,0.00499999988824129,no_change,2026-09-15T15:36:17,0.0,945.0
AAPL,2026-09-18,3,Call,150.0,AAPL260918C00150000,179.8,183.1,181.45,178.05,-6.5,-3.52208,1.0,86.0,3.0822,1.0,0.0,0.0001,0.0,0.0205,181.4103,178.05,178.05,178.05,184.549995422363,up,2026-09-15T09:30:02,17.0,21.0
AAPL,2026-09-18,3,Put,150.0,AAPL260918P00150000,0.0,0.01,0.005,0.01,0.005,100.0,5.0,4769.0,2.6026,-0.0001,0.0,0.0001,-0.0009,0.0,0.0009,0.01,0.01,0.01,0.00499999988824129,no_change,2026-09-15T15:36:17,0.0,990.0
AAPL,2026-09-18,3,Call,155.0,AAPL260918C00155000,174.45,178.1,176.27499999999998,172.35,-7.2,-4.01002,3.0,87.0,0.0,1.0,0.0,0.0001,0.0,0.0212,176.4133,172.35,172.35,172.35,179.549995422363,down,2026-09-15T09:30:09,9.0,9.0
AAPL,2026-09-18,3,Put,155.0,AAPL260918P00155000,0.0,0.01,0.005,0.02,0.0,0.0,0.0,1271.0,2.4994,-0.0001,0.0,0.0001,-0.001,0.0,0.001,0.0,0.0,0.0,0.00499999988824129,no_change,2026-09-02T14:53:13,0.0,33.0
AAPL,2026-09-18,3,Call,160.0,AAPL260918C00160000,169.75,173.1,171.425,170.55,-4.25,-2.43135,5.0,157.0,2.5205,1.0,0.0,0.0001,0.0,0.0219,171.4164,170.99,170.99,170.55,174.799995422363,down,2026-09-15T14:59:31,39.0,64.0
AAPL,2026-09-18,3,Put,160.0,AAPL260918P00160000,0.0,0.01,0.005,0.01,0.005,100.0,4.0,4269.0,2.3995,-0.0001,0.0,0.0001,-0.0011,0.0,0.0012,0.01,0.01,0.01,0.00499999988824129,down,2026-09-15T15:36:17,0.0,33.0
AAPL,2026-09-18,3,Call,165.0,AAPL260918C00165000,164.45,168.25,166.35,169.75,0.0,0.0,0.0,137.0,0.0,1.0,0.0,0.0001,0.0,0.0226,166.4196,0.0,0.0,0.0,169.699996948242,up,2026-09-11T11:52:43,54.0,80.0
AAPL,2026-09-18,3,Put,165.0,AAPL260918P00165000,0.0,0.01,0.005,0.01,0.0,0.0,0.0,3005.0,2.3026,-0.0001,0.0,0.0001,-0.0013,0.0,0.0013,0.0,0.0,0.0,0.00499999988824129,down,2026-09-11T11:42:54,0.0,33.0
AAPL,2026-09-18,3,Call,170.0,AAPL260918C00170000,159.85,163.25,161.55,164.7,0.0,0.0,0.0,161.0,2.9551,0.9999,0.0,0.0001,0.0,0.0232,161.4227,0.0,0.0,0.0,164.775001525879,no_change,2026-09-14T15:09:41,63.0,75.0
AAPL,2026-09-18,3,Put,170.0,AAPL260918P00170000,0.0,0.01,0.005,0.02,0.0,0.0,0.0,3846.0,2.2085,-0.0001,0.0,0.0001,-0.0015,0.0,0.0015,0.0,0.0,0.0,0.00499999988824129,no_change,2026-09-09T10:52:52,0.0,55.0
AAPL,2026-09-18,3,Call,175.0,AAPL260918C00175000,154.85,158.25,156.55,157.5,0.0,0.0,0.0,151.0,2.8288,0.9999,0.0,0.0001,0.0,0.0239,156.4259,0.0,0.0,0.0,159.775001525879,up,2026-09-14T10:59:38,50.0,60.0
AAPL,2026-09-18,3,Put,175.0,AAPL260918P00175000,0.0,0.05,0.025,0.01,0.0,0.0,0.0,1813.0,2.1171,-0.0001,0.0,0.0001,-0.0017,0.0,0.0017,0.0,0.0,0.0,0.00499999988824129,down,2026-08-31T12:40:25,0.0,10.0
AAPL,2026-09-18,3,Call,180.0,AAPL260918C00180000,149.85,153.25,151.55,153.85,0.0,0.0,0.0,211.0,2.7061,0.9999,0.0,0.0002,0.0,0.0246,151.429,0.0,0.0,0.0,154.599998474121,up,2026-09-11T15:04:25,66.0,67.0
AAPL,2026-09-18,3,Put,180.0,AAPL260918P00180000,0.0,0.01,0.005,0.01,0.0,0.0,0.0,5077.0,2.0282,-0.0001,0.0,0.0002,-0.0019,0.0,0.002,0.0,0.0,0.0,0.00499999988824129,down,2026-09-10T15:42:35,0.0,7.0
AAPL,2026-09-18,3,Call,185.0,AAPL260918C00185000,144.85,148.3,146.575,149.48,0.0,0.0,0.0,332.0,2.6444,0.9999,0.0,0.0002,0.0,0.0253,146.4323,0.0,0.0,0.0,149.599998474121,up,2026-09-14T15:00:03,44.0,60.0
AAPL,2026-09-18,3,Put,185.0,AAPL260918P00185000,0.0,0.01,0.005,0.01,0.0,0.0,0.0,15500.0,1.9416,-0.0002,0.0,0.0002,-0.0022,0.0,0.0022,0.0,0.0,0.0,0.00499999988824129,no_change,2026-09-14T15:39:04,0.0,9500.0
AAPL,2026-09-18,3,Call,190.0,AAPL260918C00190000,140.35,142.3,141.325,140.42,-4.18,-2.89073,41.0,159.0,0.0,0.9998,0.0,0.0002,0.0,0.026,141.4355,140.45,140.45,140.42,144.599998474121,down,2026-09-15T15:11:48,60.0,63.0
AAPL,2026-09-18,3,Put,190.0,AAPL260918P00190000,0.0,0.01,0.005,0.01,0.0,0.0,0.0,3996.0,1.8573,-0.0002,0.0,0.0002,-0.0025,0.0,0.0025,0.0,0.0,0.0,0.00499999988824129,no_change,2026-09-14T15:38:49,0.0,65.0
AAPL,2026-09-18,3,Call,195.0,AAPL260918C00195000,134.9,138.3,136.60000000000002,121.05,0.0,0.0,0.0,305.0,2.4616,0.9998,0.0,0.0003,0.0,0.0267,136.4388,0.0,0.0,0.0,139.275001525879,down,2026-08-31T15:27:44,53.0,85.0
AAPL,2026-09-18,3,Put,195.0,AAPL260918P00195000,0.0,0.01,0.005,0.01,0.005,100.0,2.0,10357.0,1.775,-0.0002,0.0,0.0003,-0.0028,0.0,0.0029,0.01,0.01,0.01,0.00499999988824129,no_change,2026-09-15T09:35:55,0.0,55.0
AAPL,2026-09-18,3,Call,200.0,AAPL260918C00200000,129.85,131.95,130.89999999999998,130.43,-4.245,-3.15203,4.0,1174.0,0.0,0.9998,0.0,0.0003,0.0,0.0274,131.4422,130.43,130.43,130.43,134.674995422363,down,2026-09-15T13:39:12,69.0,27.0
AAPL,2026-09-18,3,Put,200.0,AAPL260918P00200000,0.0,0.01,0.005,0.01,0.0,2.23517e-06,1900.0,19546.0,1.6947,-0.0003,0.0,0.0003,-0.0032,0.0,0.0033,0.01,0.01,0.01,0.00999999977648258,no_change,2026-09-15T15:51:44,0.0,75.0
AAPL,2026-09-18,3,Call,205.0,AAPL260918C00205000,125.3,128.3,126.80000000000001,125.12,-4.48,-3.45679,2.0,1218.0,2.4974,0.9997,0.0,0.0004,0.0,0.028,126.4456,124.92,125.12,124.92,129.599998474121,up,2026-09-15T11:29:38,69.0,86.0
AAPL,2026-09-18,3,Put,205.0,AAPL260918P00205000,0.0,0.01,0.005,0.01,0.0,2.23517e-06,3.0,9283.0,1.6163,-0.0003,0.0,0.0004,-0.0036,0.0,0.0038,0.01,0.01,0.01,0.00999999977648258,no_change,2026-09-15T12:37:11,0.0,55.0
AAPL,2026-09-18,3,Call,210.0,AAPL260918C00210000,119.85,123.15,121.5,120.61,-4.015,-3.22166,78.0,2480.0,1.8975,0.9997,0.0,0.0004,0.0,0.0287,121.4492,120.02,120.64,119.75,124.625,down,2026-09-15T13:35:53,75.0,128.0
AAPL,2026-09-18,3,Put,210.0,AAPL260918P00210000,0.0,0.02,0.01,0.01,0.0,2.23517e-06,173.0,7303.0,1.624,-0.0004,0.0,0.0004,-0.0042,0.0,0.0043,0.01,0.01,0.01,0.00999999977648258,no_change,2026-09-15T15:56:31,0.0,1.0
AAPL,2026-09-18,3,Call,215.0,AAPL260918C00215000,114.85,117.35,116.1,115.01,-4.565,-3.81769,115.0,675.0,0.0,0.9996,0.0,0.0005,0.0,0.0294,116.4528,114.7,115.34,114.55,119.575000762939,no_change,2026-09-15T13:15:35,106.0,66.0
AAPL,2026-09-18,3,Put,215.0,AAPL260918P00215000,0.0,0.03,0.015,0.01,-0.005,-33.3333,120.0,6177.0,1.5983,-0.0005,0.0,0.0005,-0.0048,0.0,0.005,0.01,0.01,0.01,0.0149999996647239,no_change,2026-09-15T15:56:27,0.0,5.0
AAPL,2026-09-18,3,Call,220.0,AAPL260918C00220000,110.2,112.9,111.55000000000001,110.26,-4.54,-3.9547,251.0,1166.0,1.8339,0.9995,0.0,0.0006,0.0,0.0301,111.4565,109.97,110.67,109.43,114.799999237061,up,2026-09-15T15:49:38,82.0,107.0
AAPL,2026-09-18,3,Put,220.0,AAPL260918P00220000,0.0,0.03,0.015,0.01,-0.01,-50.0,121.0,9592.0,1.519,-0.0005,0.0,0.0006,-0.0055,0.0,0.0057,0.01,0.01,0.01,0.0199999995529652,no_change,2026-09-15T15:53:43,0.0,5.0
AAPL,2026-09-18,3,Call,225.0,AAPL260918C00225000,104.9,107.95,106.42500000000001,105.3,-4.25,-3.87951,13.0,798.0,0.0,0.9994,0.0,0.0007,0.0,0.0308,106.4603,105.0,105.3,104.4,109.549999237061,up,2026-09-15T11:22:41,128.0,145.0
AAPL,2026-09-18,3,Put,225.0,AAPL260918P00225000,0.0,0.03,0.015,0.01,-0.005,-33.3333,608.0,8168.0,1.4413,-0.0006,0.0,0.0007,-0.0063,0.0,0.0066,0.03,0.03,0.01,0.0149999996647239,no_change,2026-09-15T15:53:35,0.0,1.0
AAPL,2026-09-18,3,Call,230.0,AAPL260918C00230000,100.5,102.95,101.725,100.65,-4.2,-4.00572,15.0,1620.0,1.8793,0.9993,0.0001,0.0008,0.0,0.0314,101.4643,99.89,100.65,99.56,104.849998474121,up,2026-09-15T15:51:25,91.0,184.0
AAPL,2026-09-18,3,Put,230.0,AAPL260918P00230000,0.0,0.05,0.025,0.01,-0.015,-60.0,283.0,6702.0,1.4296,-0.0008,0.0001,0.0008,-0.0072,0.0,0.0077,0.01,0.01,0.01,0.025000000372529,no_change,2026-09-15T15:53:32,0.0,48.0
AAPL,2026-09-18,3,Call,235.0,AAPL260918C00235000,94.9,97.7,96.30000000000001,95.05,-4.825,-4.83104,8.0,1764.0,0.0,0.9991,0.0001,0.0009,0.0,0.0321,96.4684,95.83,95.83,95.05,99.875,down,2026-09-15T13:31:33,83.0,97.0
AAPL,2026-09-18,3,Put,235.0,AAPL260918P00235000,0.0,0.02,0.01,0.02,0.0,0.0,0.0,6404.0,1.2466,-0.0009,0.0001,0.0009,-0.0083,0.0,0.0089,0.0,0.0,0.0,0.00999999977648258,no_change,2026-09-14T15:55:37,0.0,10.0
AAPL,2026-09-18,3,Call,240.0,AAPL260918C00240000,90.5,92.95,91.725,90.47,-4.405,-4.64295,20.0,2138.0,1.6796,0.999,0.0001,0.0011,0.0,0.0328,91.4728,89.7,91.55,89.56,94.875,up,2026-09-15T14:41:46,127.0,196.0
AAPL,2026-09-18,3,Put,240.0,AAPL260918P00240000,0.0,0.01,0.005,0.01,-0.015,-60.0,531.0,11348.0,1.1122,-0.0011,0.0001,0.0011,-0.0096,0.0,0.0103,0.01,0.1,0.01,0.025000000372529,no_change,2026-09-15T15:58:17,0.0,24.0
AAPL,2026-09-18,3,Call,245.0,AAPL260918C00245000,84.9,88.15,86.525,85.37,-4.33,-4.8272,12.0,1110.0,1.313,0.9987,0.0001,0.0013,-0.0013,0.0335,86.4775,84.79,85.37,84.79,89.7000007629394,up,2026-09-15T15:45:24,79.0,87.0
AAPL,2026-09-18,3,Put,245.0,AAPL260918P00245000,0.0,0.01,0.005,0.01,-0.025,-71.4286,139.0,4924.0,1.0456,-0.0013,0.0001,0.0013,-0.0112,-0.0001,0.012,0.05,0.05,0.01,0.0350000001490116,no_change,2026-09-15T15:50:05,0.0,25.0
AAPL,2026-09-18,3,Call,250.0,AAPL260918C00250000,81.0,83.25,82.125,80.55,-4.0,-4.73093,607.0,4127.0,1.7334,0.9984,0.0002,0.0015,-0.0038,0.0341,81.4825,80.6,81.05,79.5,84.5499992370606,up,2026-09-15T15:45:21,73.0,169.0
AAPL,2026-09-18,3,Put,250.0,AAPL260918P00250000,0.0,0.02,0.01,0.01,-0.01,-50.0,124.0,9410.0,1.0367,-0.0016,0.0002,0.0015,-0.0131,-0.0001,0.0141,0.01,0.05,0.01,0.0199999995529652,down,2026-09-15T15:50:01,0.0,38.0
AAPL,2026-09-18,3,Call,255.0,AAPL260918C00255000,75.5,78.15,76.825,75.2,-4.675,-5.8529,263.0,3017.0,1.4663,0.9981,0.0002,0.0018,-0.0065,0.0348,76.488,76.25,76.25,74.67,79.875,no_change,2026-09-15T15:47:35,125.0,120.0
AAPL,2026-09-18,3,Put,255.0,AAPL260918P00255000,0.0,0.02,0.01,0.02,0.0,2.23517e-06,604.0,9417.0,0.9691,-0.002,0.0002,0.0018,-0.0153,-0.0001,0.0166,0.02,0.02,0.01,0.0199999995529652,up,2026-09-15T15:51:43,0.0,19.0
AAPL,2026-09-18,3,Call,260.0,AAPL260918C00260000,71.05,71.85,71.44999999999999,70.37,-3.805,-5.12976,345.0,4326.0,0.0,0.9977,0.0003,0.0022,-0.0098,0.0355,71.494,68.8,71.35,68.8,74.1749992370606,down,2026-09-15T15:23:43,26.0,25.0
AAPL,2026-09-18,3,Put,260.0,AAPL260918P00260000,0.01,0.02,0.015,0.01,-0.02,-66.6667,293.0,8233.0,0.9357,-0.0024,0.0003,0.0022,-0.0179,-0.0001,0.0196,0.05,0.05,0.01,0.0300000002607703,no_change,2026-09-15T15:58:13,1.0,20.0
AAPL,2026-09-18,3,Call,265.0,AAPL260918C00265000,65.4,67.95,66.67500000000001,65.55,-3.675,-5.30878,93.0,6311.0,1.1698,0.9971,0.0003,0.0027,-0.0135,0.0361,66.5006,65.3,65.7,64.97,69.2250022888184,up,2026-09-15T15:13:26,92.0,123.0
AAPL,2026-09-18,3,Put,265.0,AAPL260918P00265000,0.01,0.02,0.015,0.01,-0.025,-71.4286,141.0,7426.0,0.8681,-0.003,0.0003,0.0027,-0.0211,-0.0001,0.0233,0.1,0.1,0.01,0.0350000001490116,down,2026-09-15T15:37:32,25.0,17.0
AAPL,2026-09-18,3,Call,270.0,AAPL260918C00270000,60.65,63.3,61.974999999999994,60.31,-3.715,-5.80242,93.0,5149.0,1.2597,0.9964,0.0004,0.0033,-0.018,0.0368,61.5082,60.5,60.83,59.65,64.0249996185303,up,2026-09-15T15:39:05,30.0,169.0
AAPL,2026-09-18,3,Put,270.0,AAPL260918P00270000,0.02,0.03,0.025,0.03,-0.005,-14.2857,239.0,12764.0,0.8423,-0.0037,0.0004,0.0033,-0.025,-0.0002,0.0279,0.03,0.03,0.02,0.034999999217689,up,2026-09-15T15:57:45,5.0,10.0
AAPL,2026-09-18,3,Call,275.0,AAPL260918C00275000,55.4,58.3,56.849999999999994,55.24,-4.085,-6.8858,290.0,3623.0,1.1044,0.9954,0.0006,0.0041,-0.0233,0.0374,56.5168,55.78,56.3,54.9,59.3250007629394,down,2026-09-15T15:36:18,102.0,135.0
AAPL,2026-09-18,3,Put,275.0,AAPL260918P00275000,0.02,0.04,0.03,0.03,-0.01,-25.0,704.0,10976.0,0.7884,-0.0046,0.0006,0.0041,-0.0298,-0.0002,0.0337,0.04,0.04,0.03,0.0400000000372529,no_change,2026-09-15T14:42:44,60.0,60.0
AAPL,2026-09-18,3,Call,280.0,AAPL260918C00280000,50.8,51.7,51.25,50.55,-3.775,-6.94892,96.0,6355.0,0.0,0.9942,0.0007,0.0051,-0.0298,0.038,51.527,49.85,50.9,49.7,54.3250007629394,up,2026-09-15T14:26:15,74.0,22.0
AAPL,2026-09-18,3,Put,280.0,AAPL260918P00280000,0.04,0.05,0.045,0.04,-0.01,-20.0,49.0,11765.0,0.7526,-0.0059,0.0007,0.0051,-0.0357,-0.0003,0.0409,0.08,0.08,0.04,0.0499999988824129,no_change,2026-09-15T15:56:09,5.0,27.0
AAPL,2026-09-18,3,Call,282.5,AAPL260918C00282500,47.05,50.75,48.9,52.02,0.0,0.0,0.0,4.0,0.0,0.9934,0.0008,0.0056,-0.0335,0.0384,49.0328,0.0,0.0,0.0,52.2749996185303,up,2026-09-14T11:38:53,8.0,8.0
AAPL,2026-09-18,3,Put,282.5,AAPL260918P00282500,0.02,0.05,0.035,0.05,0.0,3.72529e-07,14.0,443.0,0.6969,-0.0067,0.0009,0.0056,-0.0392,-0.0003,0.0452,0.06,0.06,0.05,0.0499999998137355,no_change,2026-09-15T12:07:36,11.0,31.0
AAPL,2026-09-18,3,Call,285.0,AAPL260918C00285000,45.95,47.8,46.875,45.35,-4.425,-8.89,38.0,5794.0,0.9329,0.9925,0.001,0.0063,-0.0377,0.0386,46.5392,45.25,45.85,44.9,49.7749996185303,up,2026-09-15T15:28:39,59.0,136.0
AAPL,2026-09-18,3,Put,285.0,AAPL260918P00285000,0.05,0.06,0.055,0.06,-0.005,-7.69231,14.0,11491.0,0.6982,-0.0076,0.001,0.0063,-0.043,-0.0003,0.0501,0.07,0.07,0.05,0.0649999994784594,up,2026-09-15T15:15:35,1.0,34.0
AAPL,2026-09-18,3,Call,287.5,AAPL260918C00287500,42.05,45.9,43.974999999999994,44.6,0.0,0.0,0.0,23.0,0.0,0.9914,0.0012,0.0071,-0.0423,0.039,44.0463,0.0,0.0,0.0,47.2999992370606,down,2026-09-14T09:40:17,12.0,11.0
AAPL,2026-09-18,3,Put,287.5,AAPL260918P00287500,0.04,0.06,0.05,0.06,-0.005,-7.69231,193.0,1251.0,0.6623,-0.0086,0.0012,0.0071,-0.0474,-0.0004,0.0557,0.07,0.08,0.06,0.0649999994784594,no_change,2026-09-15T15:35:26,25.0,52.0
AAPL,2026-09-18,3,Call,290.0,AAPL260918C00290000,41.15,41.75,41.45,40.3,-4.1,-9.23423,642.0,8270.0,0.0,0.9902,0.0014,0.008,-0.0474,0.0392,41.5541,39.68,40.92,39.11,44.3999996185303,no_change,2026-09-15T15:36:52,20.0,20.0
AAPL,2026-09-18,3,Put,290.0,AAPL260918P00290000,0.05,0.07,0.060000000000000005,0.06,-0.02,-25.0,440.0,14779.0,0.6338,-0.0098,0.0014,0.008,-0.0522,-0.0004,0.0621,0.12,0.13,0.06,0.080000001937151,no_change,2026-09-15T15:59:35,74.0,43.0
AAPL,2026-09-18,3,Call,292.5,AAPL260918C00292500,37.9,40.85,39.375,41.47,0.0,0.0,0.0,205.0,0.7964,0.9887,0.0016,0.0091,-0.0532,0.0395,39.063,0.0,0.0,0.0,42.4499988555908,up,2026-09-11T09:45:11,10.0,60.0
AAPL,2026-09-18,3,Put,292.5,AAPL260918P00292500,0.06,0.07,0.065,0.08,-0.005,-5.88235,85.0,1130.0,0.6036,-0.0113,0.0016,0.0091,-0.0577,-0.0005,0.0695,0.09,0.09,0.07,0.0849999990314245,no_change,2026-09-15T15:12:10,25.0,25.0
AAPL,2026-09-18,3,Call,295.0,AAPL260918C00295000,35.95,36.75,36.35,35.95,-3.35,-8.52418,397.0,10510.0,0.0,0.987,0.0019,0.0103,-0.0597,0.0398,36.5729,34.45,36.05,33.98,39.3000011444092,up,2026-09-15T15:53:56,92.0,21.0
AAPL,2026-09-18,3,Put,295.0,AAPL260918P00295000,0.07,0.08,0.07500000000000001,0.07,-0.035,-33.3333,1494.0,10826.0,0.5783,-0.0131,0.0019,0.0103,-0.0639,-0.0006,0.078,0.12,0.13,0.07,0.105000000447035,down,2026-09-15T15:59:15,64.0,26.0
AAPL,2026-09-18,3,Call,297.5,AAPL260918C00297500,32.1,35.95,34.025000000000006,32.94,-4.485,-11.984,5.0,110.0,0.4803,0.9849,0.0023,0.0117,-0.067,0.04,34.0842,32.31,32.94,32.31,37.4250011444092,up,2026-09-15T10:58:11,56.0,74.0
AAPL,2026-09-18,3,Put,297.5,AAPL260918P00297500,0.08,0.1,0.09,0.09,-0.02,-18.1818,626.0,3550.0,0.5556,-0.0152,0.0023,0.0117,-0.071,-0.0007,0.0879,0.1,0.13,0.09,0.109999999403954,down,2026-09-15T15:40:54,90.0,257.0
AAPL,2026-09-18,3,Call,300.0,AAPL260918C00300000,31.2,31.75,31.475,31.7,-2.625,-7.64749,739.0,19125.0,0.0,0.9823,0.0027,0.0134,-0.0752,0.0402,31.5973,30.72,32.15,28.65,34.3250007629394,down,2026-09-15T15:56:47,73.0,37.0
AAPL,2026-09-18,3,Put,300.0,AAPL260918P00300000,0.09,0.1,0.095,0.1,-0.035,-25.9259,2281.0,31176.0,0.5222,-0.0178,0.0028,0.0134,-0.079,-0.0008,0.0994,0.15,0.18,0.09,0.134999997913837,up,2026-09-15T15:59:37,43.0,51.0
AAPL,2026-09-18,3,Call,302.5,AAPL260918C00302500,28.15,29.9,29.025,33.03,0.0,0.0,0.0,120.0,0.4087,0.9792,0.0033,0.0154,-0.0847,0.0404,29.1124,0.0,0.0,0.0,32.6000003814697,up,2026-09-11T10:51:32,33.0,12.0
AAPL,2026-09-18,3,Put,302.5,AAPL260918P00302500,0.1,0.12,0.11,0.1,-0.045,-31.0345,540.0,2736.0,0.4989,-0.0209,0.0033,0.0154,-0.0881,-0.0009,0.1131,0.23,0.23,0.1,0.144999999552965,down,2026-09-15T15:55:58,56.0,90.0
AAPL,2026-09-18,3,Call,305.0,AAPL260918C00305000,26.3,26.75,26.525,26.3,-3.1,-10.5442,175.0,16941.0,0.3733,0.9753,0.0041,0.0178,-0.0956,0.0406,26.6304,25.6,26.3,24.2,29.3999996185303,up,2026-09-15T15:59:55,51.0,8.0
AAPL,2026-09-18,3,Put,305.0,AAPL260918P00305000,0.12,0.13,0.125,0.13,-0.04,-23.5294,1080.0,11486.0,0.4665,-0.0248,0.0041,0.0178,-0.0988,-0.0011,0.1297,0.18,0.2,0.12,0.170000001788139,up,2026-09-15T15:54:55,43.0,63.0
AAPL,2026-09-18,3,Call,307.5,AAPL260918C00307500,22.6,24.85,23.725,23.2,-3.95,-14.5488,17.0,194.0,0.0,0.9703,0.005,0.0208,-0.1087,0.0407,24.1526,22.7,23.2,22.41,27.1499996185303,up,2026-09-15T12:11:43,69.0,37.0
AAPL,2026-09-18,3,Put,307.5,AAPL260918P00307500,0.14,0.16,0.15000000000000002,0.15,-0.04,-21.0526,265.0,3469.0,0.4408,-0.0299,0.0051,0.0208,-0.1117,-0.0013,0.1506,0.21,0.24,0.14,0.190000005066395,up,2026-09-15T15:58:12,53.0,116.0
AAPL,2026-09-18,3,Call,310.0,AAPL260918C00310000,21.35,21.8,21.575000000000003,21.57,-2.905,-11.8693,932.0,19279.0,0.3559,0.9636,0.0064,0.0246,-0.1253,0.0408,21.6817,19.9,21.75,18.45,24.4750003814697,down,2026-09-15T15:59:26,47.0,44.0
AAPL,2026-09-18,3,Put,310.0,AAPL260918P00310000,0.17,0.19,0.18,0.18,-0.04,-18.1818,2529.0,15111.0,0.4145,-0.0365,0.0064,0.0246,-0.1278,-0.0016,0.178,0.28,0.3,0.17,0.219999998807907,up,2026-09-15T15:59:35,56.0,125.0
AAPL,2026-09-18,3,Call,312.5,AAPL260918C00312500,18.3,19.35,18.825000000000003,18.43,-3.47,-15.8447,26.0,1326.0,0.0,0.9542,0.0082,0.0296,-0.1476,0.0407,19.223,17.58,18.43,17.0,21.8999996185303,up,2026-09-15T14:22:38,57.0,43.0
AAPL,2026-09-18,3,Put,312.5,AAPL260918P00312500,0.21,0.23,0.22,0.21,-0.045,-17.6471,1291.0,3356.0,0.3876,-0.0461,0.0082,0.0297,-0.1503,-0.002,0.2184,0.36,0.38,0.21,0.254999995231628,no_change,2026-09-15T15:57:04,83.0,145.0
AAPL,2026-09-18,3,Call,315.0,AAPL260918C00315000,16.5,16.9,16.7,16.75,-2.825,-14.4317,622.0,11652.0,0.3365,0.9401,0.0108,0.0366,-0.1798,0.0404,16.7863,16.0,17.0,14.53,19.5749998092651,down,2026-09-15T15:58:31,17.0,34.0
AAPL,2026-09-18,3,Put,315.0,AAPL260918P00315000,0.28,0.29,0.28500000000000003,0.29,-0.02,-6.45161,7058.0,9574.0,0.3647,-0.0601,0.0108,0.0366,-0.1821,-0.0026,0.2799,0.45,0.53,0.25,0.310000002384186,up,2026-09-15T15:59:23,51.0,136.0
AAPL,2026-09-18,3,Call,317.5,AAPL260918C00317500,13.7,14.7,14.2,13.4,-3.8,-22.093,155.0,1994.0,0.2935,0.9184,0.0145,0.0463,-0.2271,0.0397,14.389,13.45,14.6,12.55,17.2000007629395,down,2026-09-15T15:44:49,110.0,13.0
AAPL,2026-09-18,3,Put,317.5,AAPL260918P00317500,0.37,0.39,0.38,0.39,0.01,2.63158,3396.0,4713.0,0.3434,-0.0819,0.0146,0.0464,-0.2293,-0.0035,0.3814,0.54,0.78,0.34,0.379999995231628,no_change,2026-09-15T15:59:43,69.0,43.0
AAPL,2026-09-18,3,Call,320.0,AAPL260918C00320000,11.8,12.2,12.0,12.0,-2.75,-18.6441,1327.0,25937.0,0.3156,0.8851,0.0197,0.0593,-0.2939,0.0385,12.0582,10.8,12.13,9.85,14.75,down,2026-09-15T15:58:20,50.0,65.0
AAPL,2026-09-18,3,Put,320.0,AAPL260918P00320000,0.54,0.56,0.55,0.56,0.055,10.8911,8818.0,11601.0,0.325,-0.1154,0.0198,0.0594,-0.2964,-0.0048,0.5497,0.79,1.0,0.48,0.504999995231628,up,2026-09-15T15:59:58,97.0,69.0
AAPL,2026-09-18,3,Call,322.5,AAPL260918C00322500,9.6,9.95,9.774999999999999,10.1,-2.35,-18.8755,697.0,2835.0,0.305,0.8359,0.0261,0.0752,-0.3803,0.0366,9.8315,8.4,10.1,8.07,12.4500002861023,up,2026-09-15T15:55:25,60.0,41.0
AAPL,2026-09-18,3,Put,322.5,AAPL260918P00322500,0.81,0.83,0.8200000000000001,0.84,0.14,20.0,6015.0,4619.0,0.3123,-0.1649,0.0263,0.0754,-0.3834,-0.0068,0.8228,1.18,1.5,0.73,0.700000017881394,no_change,2026-09-15T15:59:49,10.0,54.0
AAPL,2026-09-18,3,Call,325.0,AAPL260918C00325000,7.55,7.85,7.699999999999999,7.67,-2.555,-24.9878,1123.0,20292.0,0.2963,0.7676,0.0334,0.0926,-0.4769,0.0338,7.756,7.07,7.97,6.0,10.2250003814697,down,2026-09-15T15:59:28,62.0,58.0
AAPL,2026-09-18,3,Put,325.0,AAPL260918P00325000,1.22,1.27,1.245,1.28,0.265,26.1084,12086.0,17771.0,0.3027,-0.2338,0.0336,0.0929,-0.4812,-0.009,1.2482,1.68,2.15,1.12,1.01499998569489,up,2026-09-15T15:59:40,4.0,5.0
AAPL,2026-09-18,3,Call,327.5,AAPL260918C00327500,5.8,5.95,5.875,5.81,-2.39,-29.1463,2101.0,4419.0,0.2935,0.6794,0.0402,0.1082,-0.5641,0.03,5.8836,5.45,6.15,4.4,8.2000002861023,up,2026-09-15T15:59:24,37.0,23.0
AAPL,2026-09-18,3,Put,327.5,AAPL260918P00327500,1.87,1.91,1.8900000000000001,1.89,0.375,24.7525,8531.0,3988.0,0.2944,-0.323,0.0406,0.1083,-0.5703,-0.0122,1.8787,2.52,3.1,1.73,1.51499998569489,down,2026-09-15T15:59:59,5.0,2.0
AAPL,2026-09-18,3,Call,330.0,AAPL260918C00330000,4.15,4.3,4.225,4.2,-2.175,-34.1176,17772.0,29139.0,0.2866,0.5743,0.045,0.1182,-0.6167,0.0255,4.2632,3.7,4.5,2.95,6.375,up,2026-09-15T15:59:51,35.0,15.0
AAPL,2026-09-18,3,Put,330.0,AAPL260918P00330000,2.74,2.82,2.7800000000000002,2.79,0.58,26.2443,9949.0,13811.0,0.2882,-0.4292,0.0456,0.1182,-0.6246,-0.0148,2.764,3.5,4.4,2.6,2.21000003814697,down,2026-09-15T15:59:54,16.0,8.0
AAPL,2026-09-18,3,Call,332.5,AAPL260918C00332500,2.9,2.97,2.935,2.91,-1.89,-39.375,10102.0,3269.0,0.2826,0.4596,0.0464,0.1197,-0.6146,0.0204,2.9348,2.82,3.3,2.05,4.79999995231628,down,2026-09-15T15:59:57,24.0,1.0
AAPL,2026-09-18,3,Put,332.5,AAPL260918P00332500,3.9,4.1,4.0,3.9,0.775,24.8,2360.0,2710.0,0.283,-0.5454,0.047,0.1194,-0.6233,-0.0183,3.9447,4.75,5.95,3.8,3.125,down,2026-09-15T15:59:55,3.0,24.0
AAPL,2026-09-18,3,Call,335.0,AAPL260918C00335000,1.9,2.0,1.95,1.92,-1.53,-44.3478,17783.0,23146.0,0.2795,0.3462,0.0436,0.1114,-0.5544,0.0154,1.9169,1.82,2.29,1.28,3.45000004768372,down,2026-09-15T15:59:57,1.0,2.0
AAPL,2026-09-18,3,Put,335.0,AAPL260918P00335000,5.35,5.55,5.449999999999999,5.2,0.925,21.6374,908.0,6724.0,0.28,-0.6606,0.0442,0.1103,-0.5621,-0.0194,5.441,6.35,7.65,5.2,4.27500009536743,down,2026-09-15T15:55:42,59.0,14.0
AAPL,2026-09-18,3,Call,337.5,AAPL260918C00337500,1.18,1.22,1.2,1.2,-1.165,-49.26,5934.0,7606.0,0.2787,0.2453,0.0374,0.0954,-0.4534,0.0109,1.1946,1.34,1.43,0.78,2.36500000953674,no_change,2026-09-15T15:59:56,9.0,6.0
AAPL,2026-09-18,3,Put,337.5,AAPL260918P00337500,7.15,7.45,7.300000000000001,7.58,1.855,32.4017,274.0,1618.0,0.2851,-0.7627,0.0378,0.0928,-0.4587,-0.0189,7.2353,7.91,9.5,7.35,5.72500014305115,up,2026-09-15T15:53:47,27.0,42.0
AAPL,2026-09-18,3,Call,340.0,AAPL260918C00340000,0.7,0.73,0.715,0.71,-0.86,-54.7771,31406.0,37351.0,0.2797,0.1647,0.0293,0.0756,-0.3393,0.0073,0.7171,0.71,0.94,0.47,1.56999999284744,no_change,2026-09-15T15:59:58,4.0,40.0
AAPL,2026-09-18,3,Put,340.0,AAPL260918P00340000,9.15,9.5,9.325,9.05,1.625,21.8855,214.0,3399.0,0.2859,-0.8441,0.0296,0.073,-0.3419,-0.0194,9.2773,10.45,11.7,9.05,7.42499995231628,down,2026-09-15T15:55:27,25.0,20.0
AAPL,2026-09-18,3,Call,342.5,AAPL260918C00342500,0.41,0.43,0.42,0.43,-0.58,-57.4257,7871.0,3965.0,0.2824,0.1059,0.0214,0.0562,-0.236,0.0047,0.4189,0.44,0.56,0.27,1.00999999046326,down,2026-09-15T15:59:57,40.0,40.0
AAPL,2026-09-18,3,Put,342.5,AAPL260918P00342500,11.0,12.2,11.6,12.45,3.1,33.1551,48.0,721.0,0.3011,-0.9035,0.0217,0.0515,-0.235,-0.0158,11.4992,12.75,12.85,12.15,9.34999990463257,no_change,2026-09-15T14:57:24,20.0,99.0
AAPL,2026-09-18,3,Call,345.0,AAPL260918C00345000,0.24,0.25,0.245,0.25,-0.385,-60.6299,9161.0,18429.0,0.2878,0.066,0.0148,0.0397,-0.1555,0.0029,0.2412,0.28,0.37,0.17,0.634999990463257,up,2026-09-15T15:59:37,43.0,43.0
AAPL,2026-09-18,3,Put,345.0,AAPL260918P00345000,13.7,14.1,13.899999999999999,13.5,2.05,17.9039,891.0,3567.0,0.3032,-0.944,0.0152,0.0348,-0.1513,-0.0139,13.8418,14.95,16.35,13.5,11.4499998092651,down,2026-09-15T15:55:40,5.0,37.0
AAPL,2026-09-18,3,Call,347.5,AAPL260918C00347500,0.14,0.15,0.14500000000000002,0.14,-0.26,-65.0,764.0,8327.0,0.2953,0.0407,0.0098,0.0272,-0.0996,0.0018,0.1396,0.18,0.22,0.11,0.399999991059303,up,2026-09-15T15:59:41,43.0,43.0
AAPL,2026-09-18,3,Put,347.5,AAPL260918P00347500,14.45,17.8,16.125,17.39,3.69,26.9343,520.0,14.0,0.0,-0.9698,0.0101,0.022,-0.0959,-0.0078,16.2596,17.82,18.2,17.28,13.6999998092651,down,2026-09-15T12:15:46,96.0,40.0
AAPL,2026-09-18,3,Call,350.0,AAPL260918C00350000,0.08,0.09,0.08499999999999999,0.08,-0.175,-68.6274,4460.0,48002.0,0.3031,0.0252,0.0064,0.0185,-0.0636,0.0011,0.0827,0.12,0.14,0.05,0.254999995231628,down,2026-09-15T15:59:35,43.0,43.0
AAPL,2026-09-18,3,Put,350.0,AAPL260918P00350000,18.25,19.05,18.65,18.9,3.225,20.5742,113.0,4341.0,0.0,-0.9847,0.0062,0.0122,-0.0663,-0.0047,18.7222,19.6,20.85,18.9,15.6749997138977,down,2026-09-15T15:53:40,34.0,40.0
AAPL,2026-09-18,3,Call,355.0,AAPL260918C00355000,0.03,0.05,0.04,0.04,-0.065,-61.9048,1091.0,13262.0,0.3258,0.0112,0.003,0.0093,-0.0299,0.0005,0.0355,0.07,0.08,0.01,0.105000000447035,no_change,2026-09-15T15:59:54,5.0,69.0
AAPL,2026-09-18,3,Put,355.0,AAPL260918P00355000,22.1,25.65,23.875,20.65,0.0,0.0,0.0,4.0,0.4504,-0.9961,0.002,0.0036,-0.0466,-0.0022,23.7002,0.0,0.0,0.0,20.9000005722046,down,2026-09-14T13:14:32,20.0,20.0
AAPL,2026-09-18,3,Call,360.0,AAPL260918C00360000,0.01,0.02,0.015,0.01,-0.035,-77.7778,944.0,12873.0,0.3478,0.0062,0.0016,0.0055,-0.0176,0.0003,0.0201,0.09,0.09,0.01,0.0449999999254942,down,2026-09-15T15:55:49,71.0,1.0
AAPL,2026-09-18,3,Put,360.0,AAPL260918P00360000,27.55,30.35,28.950000000000003,29.55,4.025,15.7689,1.0,12.0,0.5498,-0.9988,0.0007,0.0012,-0.043,-0.0008,28.6965,29.55,29.55,29.55,25.5250005722046,up,2026-09-15T10:03:10,7.0,11.0
AAPL,2026-09-18,3,Call,365.0,AAPL260918C00365000,0.01,0.02,0.015,0.02,-0.005,-20.0,85.0,3363.0,0.3992,0.0039,0.001,0.0037,-0.012,0.0002,0.0133,0.02,0.02,0.01,0.0249999994412065,up,2026-09-15T15:57:21,94.0,110.0
AAPL,2026-09-18,3,Put,365.0,AAPL260918P00365000,31.85,35.65,33.75,31.42,0.0,0.0,0.0,0.0,0.5163,-0.9995,0.0003,0.0004,-0.0422,-0.0002,33.6956,0.0,0.0,0.0,30.5250005722046,down,2026-09-11T10:34:51,30.0,15.0
AAPL,2026-09-18,3,Call,370.0,AAPL260918C00370000,0.0,0.01,0.005,0.01,-0.01,-50.0,88.0,5703.0,0.4057,0.0027,0.0006,0.0026,-0.0088,0.0001,0.0096,0.01,0.02,0.01,0.0199999995529652,no_change,2026-09-15T15:54:03,0.0,5.0
AAPL,2026-09-18,3,Put,370.0,AAPL260918P00370000,37.0,40.25,38.625,40.26,4.735,13.3286,1.0,1.0,0.0,-0.9998,0.0001,0.0003,-0.0419,0.0,38.6953,40.26,40.26,40.26,35.5249996185303,up,2026-09-15T10:08:26,17.0,17.0
AAPL,2026-09-18,3,Call,375.0,AAPL260918C00375000,0.0,0.01,0.005,0.01,0.0,2.23517e-06,87.0,4529.0,0.4506,0.0019,0.0004,0.0019,-0.0066,0.0001,0.0071,0.02,0.03,0.01,0.00999999977648258,no_change,2026-09-15T15:44:20,0.0,3.0
AAPL,2026-09-18,3,Put,375.0,AAPL260918P00375000,41.9,45.25,43.575,42.35,0.0,0.0,0.0,0.0,0.0,-0.9999,0.0001,0.0001,-0.0418,0.0,43.6952,0.0,0.0,0.0,40.5249996185303,up,2026-09-11T14:58:04,20.0,20.0
AAPL,2026-09-18,3,Call,380.0,AAPL260918C00380000,0.0,0.01,0.005,0.01,0.0,2.23517e-06,22.0,5976.0,0.4945,0.0014,0.0003,0.0014,-0.0051,0.0001,0.0055,0.01,0.01,0.01,0.00999999977648258,no_change,2026-09-15T11:15:08,0.0,1.0
AAPL,2026-09-18,3,Put,380.0,AAPL260918P00380000,47.0,50.65,48.825,44.8,0.0,0.0,0.0,0.0,0.7551,-1.0,0.0,0.0001,-0.0417,0.0,48.6951,0.0,0.0,0.0,45.5249996185303,down,2026-09-11T11:03:24,30.0,29.0
AAPL,2026-09-18,3,Call,385.0,AAPL260918C00385000,0.0,0.01,0.005,0.02,0.0,0.0,0.0,2769.0,0.5375,0.0011,0.0002,0.0011,-0.0041,0.0,0.0043,0.0,0.0,0.0,0.00999999977648258,up,2026-09-14T11:31:45,0.0,1.0
AAPL,2026-09-18,3,Put,385.0,AAPL260918P00385000,52.55,55.65,54.099999999999994,0.0,0.0,0.0,0.0,0.0,0.948,-1.0,0.0,0.0,-0.0417,0.0,53.6951,0.0,0.0,0.0,50.625,no_change,,9.0,14.0
AAPL,2026-09-18,3,Call,390.0,AAPL260918C00390000,0.0,0.01,0.005,0.01,0.0,0.0,0.0,6021.0,0.5796,0.0008,0.0002,0.0009,-0.0033,0.0,0.0035,0.0,0.0,0.0,0.00499999988824129,down,2026-09-14T14:10:59,0.0,91.0
AAPL,2026-09-18,3,Put,390.0,AAPL260918P00390000,57.0,60.35,58.675,82.21,0.0,0.0,0.0,0.0,0.0,-1.0,0.0,0.0,-0.0417,0.0,58.6951,0.0,0.0,0.0,55.5249996185303,down,2026-08-21T10:15:01,1.0,37.0
AAPL,2026-09-18,3,Call,395.0,AAPL260918C00395000,0.0,0.01,0.005,0.02,0.0,0.0,0.0,924.0,0.6209,0.0006,0.0001,0.0007,-0.0027,0.0,0.0028,0.0,0.0,0.0,0.00999999977648258,down,2026-09-11T15:17:07,0.0,2.0
AAPL,2026-09-18,3,Put,395.0,AAPL260918P00395000,61.85,65.65,63.75,93.51,0.0,0.0,0.0,0.0,0.8564,-1.0,0.0,0.0,-0.0417,0.0,63.6951,0.0,0.0,0.0,60.5249996185303,up,2026-08-12T15:46:25,28.0,12.0
AAPL,2026-09-18,3,Call,400.0,AAPL260918C00400000,0.0,0.01,0.005,0.01,0.005,100.0,25.0,15698.0,0.6615,0.0005,0.0001,0.0006,-0.0022,0.0,0.0023,0.03,0.03,0.01,0.00499999988824129,down,2026-09-15T11:51:58,0.0,10.0
AAPL,2026-09-18,3,Put,400.0,AAPL260918P00400000,67.0,70.25,68.625,90.51,0.0,0.0,0.0,0.0,0.0,-1.0,0.0,0.0,-0.0417,0.0,68.6951,0.0,0.0,0.0,65.5249977111816,down,2026-08-05T15:32:10,17.0,9.0
AAPL,2026-09-18,3,Call,405.0,AAPL260918C00405000,0.0,0.01,0.005,0.01,0.0,0.0,0.0,950.0,0.7014,0.0004,0.0001,0.0005,-0.0019,0.0,0.002,0.0,0.0,0.0,0.0149999996647239,down,2026-09-11T15:17:07,0.0,10.0
AAPL,2026-09-18,3,Put,405.0,AAPL260918P00405000,71.7,75.75,73.725,72.95,0.0,0.0,0.0,0.0,0.9159,-1.0,0.0,0.0,-0.0417,0.0,73.6951,0.0,0.0,0.0,70.5249977111816,up,2026-07-16T13:06:56,11.0,9.0
AAPL,2026-09-18,3,Call,410.0,AAPL260918C00410000,0.0,0.01,0.005,0.02,0.01,100.0,3.0,913.0,0.7405,0.0004,0.0001,0.0004,-0.0016,0.0,0.0017,0.02,0.02,0.02,0.00999999977648258,no_change,2026-09-15T09:30:01,0.0,15.0
AAPL,2026-09-18,3,Put,410.0,AAPL260918P00410000,77.0,80.4,78.7,77.51,0.0,0.0,0.0,0.0,0.8717,-1.0,0.0,0.0,-0.0417,0.0,78.6951,0.0,0.0,0.0,75.5249977111816,up,2026-07-24T15:33:04,22.0,6.0
AAPL,2026-09-18,3,Call,415.0,AAPL260918C00415000,0.0,0.01,0.005,0.03,0.0,0.0,0.0,321.0,0.7791,0.0003,0.0,0.0003,-0.0014,0.0,0.0014,0.0,0.0,0.0,0.0149999996647239,no_change,2026-09-10T13:30:34,0.0,1.0
AAPL,2026-09-18,3,Put,415.0,AAPL260918P00415000,81.8,85.75,83.775,0.0,0.0,0.0,0.0,0.0,1.0936,-1.0,0.0,0.0,-0.0417,0.0,83.6951,0.0,0.0,0.0,80.5499992370606,no_change,,25.0,10.0
AAPL,2026-09-18,3,Call,420.0,AAPL260918C00420000,0.0,0.01,0.005,0.01,-0.005,-33.3333,50.0,3486.0,0.8169,0.0002,0.0,0.0003,-0.0012,0.0,0.0012,0.01,0.01,0.01,0.0149999996647239,down,2026-09-15T10:02:19,0.0,73.0
AAPL,2026-09-18,3,Put,420.0,AAPL260918P00420000,87.25,90.35,88.8,147.75,0.0,0.0,0.0,0.0,1.1729,-1.0,0.0,0.0,-0.0417,0.0,88.6951,0.0,0.0,0.0,85.5249977111816,up,2025-11-21T14:47:51,26.0,10.0
AAPL,2026-09-18,3,Call,430.0,AAPL260918C00430000,0.0,0.01,0.005,0.01,0.0,0.0,0.0,344.0,0.891,0.0002,0.0,0.0002,-0.0009,0.0,0.0009,0.0,0.0,0.0,0.00499999988824129,no_change,2026-09-10T10:28:14,0.0,2.0
AAPL,2026-09-18,3,Put,430.0,AAPL260918P00430000,96.7,100.75,98.725,133.65,0.0,0.0,0.0,0.0,1.1498,-1.0,0.0,0.0,-0.0417,0.0,98.6951,0.0,0.0,0.0,95.5499992370606,down,2026-06-24T13:18:48,8.0,6.0
AAPL,2026-09-18,3,Call,440.0,AAPL260918C00440000,0.0,0.01,0.005,0.01,0.0,0.0,0.0,366.0,1.2851,0.0001,0.0,0.0002,-0.0007,0.0,0.0007,0.0,0.0,0.0,0.00999999977648258,no_change,2026-09-14T11:51:32,0.0,41.0
AAPL,2026-09-18,3,Put,440.0,AAPL260918P00440000,107.25,110.4,108.825,0.0,0.0,0.0,0.0,0.0,1.3944,-1.0,0.0,0.0,-0.0417,0.0,108.6951,0.0,0.0,0.0,105.549999237061,no_change,,10.0,9.0
AAPL,2026-09-18,3,Call,450.0,AAPL260918C00450000,0.0,0.01,0.005,0.01,0.0,0.0,0.0,3028.0,1.0324,0.0001,0.0,0.0001,-0.0006,0.0,0.0006,0.0,0.0,0.0,0.00499999988824129,no_change,2026-09-11T15:01:13,0.0,1000.0
AAPL,2026-09-18,3,Put,450.0,AAPL260918P00450000,117.05,120.0,118.525,0.0,0.0,0.0,0.0,0.0,0.0,-1.0,0.0,0.0,-0.0417,0.0,118.6951,0.0,0.0,0.0,115.549999237061,no_change,,10.0,15.0
AAPL,2026-09-18,3,Call,460.0,AAPL260918C00460000,0.0,0.01,0.005,0.01,0.0,0.0,0.0,189.0,1.1002,0.0001,0.0,0.0001,-0.0005,0.0,0.0005,0.0,0.0,0.0,0.00499999988824129,no_change,2026-09-02T10:05:26,0.0,1000.0
AAPL,2026-09-18,3,Put,460.0,AAPL260918P00460000,127.2,130.4,128.8,0.0,0.0,0.0,0.0,0.0,1.5484,-1.0,0.0,0.0,-0.0417,0.0,128.6951,0.0,0.0,0.0,125.549999237061,no_change,,9.0,10.0
AAPL,2026-09-18,3,Call,470.0,AAPL260918C00470000,0.0,0.01,0.005,0.1,0.0,0.0,0.0,78.0,1.1661,0.0001,0.0,0.0001,-0.0004,0.0,0.0004,0.0,0.0,0.0,0.00499999988824129,up,2026-07-31T11:20:04,0.0,1000.0
AAPL,2026-09-18,3,Put,470.0,AAPL260918P00470000,136.8,140.75,138.775,0.0,0.0,0.0,0.0,0.0,1.5978,-1.0,0.0,0.0,-0.0417,0.0,138.6951,0.0,0.0,0.0,135.550003051758,no_change,,15.0,19.0
AAPL,2026-09-18,3,Call,480.0,AAPL260918C00480000,0.0,0.01,0.005,0.06,0.0,0.0,0.0,200.0,1.2303,0.0,0.0,0.0001,-0.0003,0.0,0.0003,0.0,0.0,0.0,0.00499999988824129,up,2026-08-11T12:05:51,0.0,1000.0
AAPL,2026-09-18,3,Put,480.0,AAPL260918P00480000,147.4,150.25,148.825,0.0,0.0,0.0,0.0,0.0,1.7527,-1.0,0.0,0.0,-0.0417,0.0,148.6951,0.0,0.0,0.0,145.550003051758,no_change,,16.0,16.0
AAPL,2026-09-18,3,Call,490.0,AAPL260918C00490000,0.0,0.01,0.005,0.01,0.0,0.0,0.0,951.0,1.2928,0.0,0.0,0.0,-0.0003,0.0,0.0003,0.0,0.0,0.0,0.00499999988824129,no_change,2026-08-21T09:30:12,0.0,1000.0
AAPL,2026-09-18,3,Put,490.0,AAPL260918P00490000,156.85,160.65,158.75,0.0,0.0,0.0,0.0,0.0,1.7129,-1.0,0.0,0.0,-0.0417,0.0,158.6951,0.0,0.0,0.0,155.550003051758,no_change,,21.0,24.0
AAPL,2026-09-18,3,Call,500.0,AAPL260918C00500000,0.0,0.01,0.005,0.01,0.0,0.0,0.0,1054.0,1.3538,0.0,0.0,0.0,-0.0002,0.0,0.0002,0.0,0.0,0.0,0.00499999988824129,down,2026-09-11T11:06:03,0.0,1000.0
AAPL,2026-09-18,3,Put,500.0,AAPL260918P00500000,167.0,170.65,168.825,194.27,0.0,0.0,0.0,0.0,1.9174,-1.0,0.0,0.0,-0.0417,0.0,168.6951,0.0,0.0,0.0,165.550003051758,up,2026-08-14T15:56:13,30.0,30.0
AAPL,2026-09-18,3,Call,510.0,AAPL260918C00510000,0.0,0.01,0.005,0.04,0.0,0.0,0.0,323.0,1.4134,0.0,0.0,0.0,-0.0002,0.0,0.0002,0.0,0.0,0.0,0.00499999988824129,down,2026-08-25T12:24:48,0.0,1.0
AAPL,2026-09-18,3,Put,510.0,AAPL260918P00510000,176.8,180.25,178.525,0.0,0.0,0.0,0.0,0.0,0.0,-1.0,0.0,0.0,-0.0417,0.0,178.6951,0.0,0.0,0.0,175.525001525879,no_change,,8.0,9.0
AAPL,2026-09-18,3,Call,520.0,AAPL260918C00520000,0.0,0.01,0.005,0.01,0.0,0.0,0.0,599.0,1.9213,0.0,0.0,0.0,-0.0002,0.0,0.0002,0.0,0.0,0.0,0.00499999988824129,down,2026-08-11T12:30:19,0.0,1.0
AAPL,2026-09-18,3,Put,520.0,AAPL260918P00520000,186.85,190.3,188.575,0.0,0.0,0.0,0.0,0.0,0.0,-1.0,0.0,0.0,-0.0417,0.0,188.6951,0.0,0.0,0.0,185.525001525879,no_change,,6.0,12.0
AAPL,2026-09-18,3,Call,530.0,AAPL260918C00530000,0.0,0.01,0.005,0.01,0.0,0.0,0.0,9426.0,1.5285,0.0,0.0,0.0,-0.0001,0.0,0.0002,0.0,0.0,0.0,0.00499999988824129,no_change,2026-09-14T09:55:44,0.0,1.0
AAPL,2026-09-18,3,Put,530.0,AAPL260918P00530000,197.2,200.25,198.725,0.0,0.0,0.0,0.0,0.0,1.9298,-1.0,0.0,0.0,-0.0417,0.0,198.6951,0.0,0.0,0.0,195.525001525879,no_change,,10.0,18.0
AAPL,2026-09-18,3,Call,540.0,AAPL260918C00540000,0.0,0.01,0.005,0.01,0.0,0.0,0.0,105.0,1.5841,0.0,0.0,0.0,-0.0001,0.0,0.0001,0.0,0.0,0.0,0.00499999988824129,down,2026-08-24T15:44:20,0.0,1.0
AAPL,2026-09-18,3,Put,540.0,AAPL260918P00540000,207.5,210.65,209.075,0.0,0.0,0.0,0.0,0.0,2.4726,-1.0,0.0,0.0,-0.0417,0.0,208.6951,0.0,0.0,0.0,205.525001525879,no_change,,17.0,13.0
AAPL,2026-09-18,3,Call,550.0,AAPL260918C00550000,0.0,0.01,0.005,0.03,0.0,0.0,0.0,3.0,1.6385,0.0,0.0,0.0,-0.0001,0.0,0.0001,0.0,0.0,0.0,0.00499999988824129,down,2026-07-17T13:55:16,0.0,1000.0
AAPL,2026-09-18,3,Put,550.0,AAPL260918P00550000,216.85,220.3,218.575,0.0,0.0,0.0,0.0,0.0,0.0,-1.0,0.0,0.0,-0.0417,0.0,218.6951,0.0,0.0,0.0,215.525001525879,no_change,,10.0,11.0
AAPL,2026-09-18,3,Call,560.0,AAPL260918C00560000,0.0,0.01,0.005,0.07,0.0,0.0,0.0,11.0,1.6917,0.0,0.0,0.0,-0.0001,0.0,0.0001,0.0,0.0,0.0,0.00499999988824129,down,2026-08-11T13:17:53,0.0,1000.0
AAPL,2026-09-18,3,Put,560.0,AAPL260918P00560000,227.15,230.3,228.72500000000002,0.0,0.0,0.0,0.0,0.0,2.129,-1.0,0.0,0.0,-0.0417,0.0,228.6951,0.0,0.0,0.0,225.525001525879,no_change,,13.0,19.0
AAPL,2026-09-18,3,Call,570.0,AAPL260918C00570000,0.0,0.01,0.005,0.51,0.0,0.0,0.0,4.0,1.7439,0.0,0.0,0.0,-0.0001,0.0,0.0001,0.0,0.0,0.0,0.00499999988824129,up,2026-08-25T10:09:31,0.0,1000.0
AAPL,2026-09-18,3,Put,570.0,AAPL260918P00570000,236.85,240.25,238.55,0.0,0.0,0.0,0.0,0.0,0.0,-1.0,0.0,0.0,-0.0417,0.0,238.6951,0.0,0.0,0.0,235.525001525879,no_change,,19.0,22.0
AAPL,2026-09-18,3,Call,580.0,AAPL260918C00580000,0.0,0.01,0.005,0.01,0.0,0.0,0.0,2.0,1.7949,0.0,0.0,0.0,-0.0001,0.0,0.0001,0.0,0.0,0.0,0.00499999988824129,down,2026-08-26T11:43:07,0.0,1250.0
AAPL,2026-09-18,3,Put,580.0,AAPL260918P00580000,246.85,250.65,248.75,0.0,0.0,0.0,0.0,0.0,2.3437,-1.0,0.0,0.0,-0.0417,0.0,248.6951,0.0,0.0,0.0,245.525001525879,no_change,,19.0,19.0
AAPL,2026-09-18,3,Call,590.0,AAPL260918C00590000,0.0,0.01,0.005,0.01,0.005,100.0,3.0,3.0,1.845,0.0,0.0,0.0,-0.0001,0.0,0.0001,0.06,0.06,0.01,0.00499999988824129,down,2026-09-15T09:30:00,0.0,1250.0
AAPL,2026-09-18,3,Put,590.0,AAPL260918P00590000,256.85,260.65,258.75,0.0,0.0,0.0,0.0,0.0,2.4064,-1.0,0.0,0.0,-0.0417,0.0,258.6951,0.0,0.0,0.0,255.525009155273,no_change,,11.0,13.0
AAPL,2026-09-18,3,Call,600.0,AAPL260918C00600000,0.0,0.01,0.005,0.01,0.0,0.0,0.0,4590.0,1.8941,0.0,0.0,0.0,-0.0001,0.0,0.0001,0.0,0.0,0.0,0.00499999988824129,no_change,2026-08-20T09:51:54,0.0,5100.0
AAPL,2026-09-18,3,Put,600.0,AAPL260918P00600000,267.2,270.25,268.725,0.0,0.0,0.0,0.0,0.0,2.376,-1.0,0.0,0.0,-0.0417,0.0,268.6951,0.0,0.0,0.0,265.525009155273,no_change,,15.0,15.0
AAPL,2026-09-21,6,Call,245.0,AAPL260921C00245000,84.85,88.2,86.525,0.0,0.0,0.0,0.0,0.0,0.8557,0.9986,0.0001,0.0021,0.0,0.0401,86.5125,0.0,0.0,0.0,0.0,no_change,,8.0,7.0
AAPL,2026-09-21,6,Put,245.0,AAPL260921P00245000,0.0,0.5,0.25,0.0,0.0,0.0,0.0,0.0,1.115,-0.0015,0.0001,0.0021,-0.0096,-0.0001,0.014,0.0,0.0,0.0,0.0,no_change,,0.0,50.0
AAPL,2026-09-21,6,Call,250.0,AAPL260921C00250000,79.5,83.35,81.425,0.0,0.0,0.0,0.0,0.0,0.0,0.9982,0.0002,0.0025,-0.0014,0.0409,81.5187,0.0,0.0,0.0,84.7250022888184,no_change,,12.0,17.0
AAPL,2026-09-21,6,Put,250.0,AAPL260921P00250000,0.0,0.48,0.24,0.06,0.0,0.0,0.0,0.0,1.0432,-0.0018,0.0002,0.0025,-0.0112,-0.0001,0.0167,0.0,0.0,0.0,0.234999999403954,down,2026-09-08T10:03:22,0.0,50.0
AAPL,2026-09-21,6,Call,255.0,AAPL260921C00255000,74.95,78.35,76.65,0.0,0.0,0.0,0.0,0.0,0.9121,0.9978,0.0002,0.003,-0.0038,0.0417,76.5254,0.0,0.0,0.0,79.75,no_change,,6.0,17.0
AAPL,2026-09-21,6,Put,255.0,AAPL260921P00255000,0.0,0.47,0.235,0.09,0.0,0.0,0.0,8.0,0.9759,-0.0022,0.0002,0.003,-0.013,-0.0001,0.0198,0.0,0.0,0.0,0.215000003576279,up,2026-09-11T10:39:34,0.0,115.0
AAPL,2026-09-21,6,Call,260.0,AAPL260921C00260000,69.55,73.35,71.44999999999999,60.92,0.0,0.0,0.0,0.0,0.0,0.9973,0.0003,0.0036,-0.0065,0.0425,71.5326,0.0,0.0,0.0,74.75,up,2026-09-10T10:49:06,16.0,17.0
AAPL,2026-09-21,6,Put,260.0,AAPL260921P00260000,0.01,0.07,0.04,0.07,-0.11,-61.1111,2.0,7.0,0.7306,-0.0028,0.0003,0.0036,-0.0151,-0.0001,0.0235,0.07,0.07,0.07,0.180000007152557,up,2026-09-15T14:48:52,1.0,111.0
AAPL,2026-09-21,6,Call,265.0,AAPL260921C00265000,64.55,68.35,66.44999999999999,0.0,0.0,0.0,0.0,0.0,0.0,0.9966,0.0004,0.0044,-0.0095,0.0433,66.5406,0.0,0.0,0.0,69.7749977111816,no_change,,12.0,17.0
AAPL,2026-09-21,6,Put,265.0,AAPL260921P00265000,0.01,0.04,0.025,0.03,-0.005,-14.2857,8.0,10.0,0.6465,-0.0034,0.0004,0.0044,-0.0175,-0.0002,0.0278,0.01,0.03,0.01,0.034999999217689,no_change,2026-09-15T14:49:12,12.0,2.0
AAPL,2026-09-21,6,Call,270.0,AAPL260921C00270000,59.55,63.1,61.325,64.67,0.0,0.0,0.0,2.0,0.0,0.9958,0.0005,0.0054,-0.0129,0.0441,61.5495,0.0,0.0,0.0,64.9749984741211,up,2026-09-11T12:06:52,6.0,6.0
AAPL,2026-09-21,6,Put,270.0,AAPL260921P00270000,0.01,0.08,0.045,0.06,0.0,0.0,0.0,76.0,0.6355,-0.0042,0.0005,0.0054,-0.0203,-0.0002,0.0332,0.0,0.0,0.0,0.0350000001490116,no_change,2026-09-14T11:04:31,1.0,79.0
AAPL,2026-09-21,6,Call,275.0,AAPL260921C00275000,54.55,58.4,56.474999999999994,0.0,0.0,0.0,0.0,0.0,0.0,0.9948,0.0006,0.0066,-0.0169,0.0449,56.5597,0.0,0.0,0.0,59.8000011444092,no_change,,10.0,10.0
AAPL,2026-09-21,6,Put,275.0,AAPL260921P00275000,0.03,0.05,0.04,0.04,-0.005,-11.1111,9.0,8.0,0.5765,-0.0053,0.0006,0.0066,-0.0237,-0.0003,0.0399,0.1,0.1,0.03,0.0449999989941716,up,2026-09-15T15:49:21,2.0,66.0
AAPL,2026-09-21,6,Call,280.0,AAPL260921C00280000,49.55,53.4,51.474999999999994,52.65,0.0,0.0,0.0,1.0,0.0,0.9934,0.0008,0.0081,-0.0216,0.0456,51.5718,0.0,0.0,0.0,54.25,up,2026-09-14T14:11:36,14.0,8.0
AAPL,2026-09-21,6,Put,280.0,AAPL260921P00280000,0.02,0.1,0.060000000000000005,0.08,0.0,0.0,0.0,9.0,0.5519,-0.0067,0.0008,0.0082,-0.0278,-0.0004,0.0484,0.0,0.0,0.0,0.0649999985471368,down,2026-09-11T11:11:48,10.0,79.0
AAPL,2026-09-21,6,Call,282.5,AAPL260921C00282500,47.1,50.8,48.95,0.0,0.0,0.0,0.0,0.0,0.0,0.9925,0.0009,0.0091,-0.0244,0.046,49.0788,0.0,0.0,0.0,52.3000011444092,no_change,,6.0,7.0
AAPL,2026-09-21,6,Put,282.5,AAPL260921P00282500,0.02,0.11,0.065,0.06,0.005,9.09091,1.0,0.0,0.5312,-0.0076,0.0009,0.0091,-0.0303,-0.0004,0.0536,0.06,0.06,0.06,0.0550000006332994,up,2026-09-15T13:04:00,136.0,163.0
AAPL,2026-09-21,6,Call,285.0,AAPL260921C00285000,44.6,48.4,46.5,32.0,0.0,0.0,0.0,1.0,0.0,0.9914,0.0011,0.0102,-0.0274,0.0463,46.5865,0.0,0.0,0.0,49.8250007629394,down,2026-09-09T09:55:14,6.0,8.0
AAPL,2026-09-21,6,Put,285.0,AAPL260921P00285000,0.05,0.07,0.060000000000000005,0.07,-0.01,-12.5,30.0,239.0,0.4952,-0.0086,0.0011,0.0102,-0.033,-0.0005,0.0596,0.07,0.08,0.06,0.0800000000745058,up,2026-09-15T13:27:09,1.0,45.0
AAPL,2026-09-21,6,Call,287.5,AAPL260921C00287500,42.1,45.8,43.95,0.0,0.0,0.0,0.0,0.0,0.0,0.9902,0.0013,0.0115,-0.0308,0.0467,44.0953,0.0,0.0,0.0,47.3500003814697,no_change,,6.0,7.0
AAPL,2026-09-21,6,Put,287.5,AAPL260921P00287500,0.01,0.12,0.065,0.08,0.0,0.0,0.0,4.0,0.4794,-0.0099,0.0013,0.0115,-0.0361,-0.0005,0.0666,0.0,0.0,0.0,0.0800000000745058,up,2026-09-14T15:16:03,98.0,107.0
AAPL,2026-09-21,6,Call,290.0,AAPL260921C00290000,39.6,43.3,41.45,43.2,0.0,0.0,0.0,2.0,0.0,0.9887,0.0015,0.013,-0.0346,0.047,41.6053,0.0,0.0,0.0,44.8000011444092,up,2026-09-14T14:11:22,10.0,6.0
AAPL,2026-09-21,6,Put,290.0,AAPL260921P00290000,0.02,0.09,0.055,0.09,0.02,28.5714,8.0,40.0,0.4442,-0.0114,0.0015,0.013,-0.0396,-0.0006,0.0748,0.07,0.09,0.07,0.0700000002980232,up,2026-09-15T11:06:42,183.0,115.0
AAPL,2026-09-21,6,Call,292.5,AAPL260921C00292500,37.15,40.95,39.05,28.07,0.0,0.0,0.0,1.0,0.3684,0.9869,0.0018,0.0148,-0.0388,0.0473,39.1167,0.0,0.0,0.0,42.3500003814697,no_change,2026-09-10T09:52:07,8.0,8.0
AAPL,2026-09-21,6,Put,292.5,AAPL260921P00292500,0.02,0.15,0.08499999999999999,0.1,0.0,0.0,0.0,19.0,0.4434,-0.0132,0.0018,0.0148,-0.0436,-0.0007,0.0845,0.0,0.0,0.0,0.120000004768372,down,2026-09-14T15:31:13,72.0,88.0
AAPL,2026-09-21,6,Call,295.0,AAPL260921C00295000,34.75,38.4,36.575,25.7,0.0,0.0,0.0,1.0,0.3798,0.9848,0.0021,0.0168,-0.0437,0.0476,36.6299,0.0,0.0,0.0,39.6999988555908,no_change,2026-09-10T09:52:07,9.0,6.0
AAPL,2026-09-21,6,Put,295.0,AAPL260921P00295000,0.07,0.16,0.115,0.12,0.02,20.0,10.0,76.0,0.4385,-0.0153,0.0021,0.0168,-0.0481,-0.0008,0.0959,0.11,0.12,0.11,0.100000003352761,up,2026-09-15T10:05:04,69.0,79.0
AAPL,2026-09-21,6,Call,297.5,AAPL260921C00297500,32.15,35.85,34.0,34.64,0.0,0.0,0.0,1.0,0.0,0.9821,0.0025,0.0193,-0.0493,0.0479,34.1455,0.0,0.0,0.0,37.3999996185303,up,2026-09-11T10:08:53,12.0,6.0
AAPL,2026-09-21,6,Put,297.5,AAPL260921P00297500,0.09,0.2,0.14500000000000002,0.1,0.0,0.0,0.0,19.0,0.4229,-0.018,0.0026,0.0193,-0.0534,-0.001,0.1098,0.0,0.0,0.0,0.129999998956919,down,2026-09-14T13:39:02,33.0,105.0
AAPL,2026-09-21,6,Call,300.0,AAPL260921C00300000,29.7,33.5,31.6,30.45,-3.725,-10.8998,1.0,119.0,0.3495,0.9789,0.0031,0.0223,-0.0556,0.0481,31.664,30.45,30.45,30.45,34.1749992370606,down,2026-09-15T12:14:15,13.0,8.0
AAPL,2026-09-21,6,Put,300.0,AAPL260921P00300000,0.11,0.13,0.12,0.12,-0.035,-22.5806,13.0,352.0,0.3835,-0.0213,0.0031,0.0223,-0.0595,-0.0011,0.1266,0.17,0.17,0.12,0.154999997466803,down,2026-09-15T15:56:44,25.0,20.0
AAPL,2026-09-21,6,Call,302.5,AAPL260921C00302500,28.1,30.95,29.525,33.4,0.0,0.0,0.0,11.0,0.4606,0.9748,0.0037,0.0258,-0.063,0.0483,29.1864,0.0,0.0,0.0,32.375,no_change,2026-09-11T11:33:07,9.0,7.0
AAPL,2026-09-21,6,Put,302.5,AAPL260921P00302500,0.14,0.18,0.16,0.18,0.015,9.09091,4.0,1.0,0.373,-0.0253,0.0038,0.0259,-0.0666,-0.0014,0.1473,0.18,0.18,0.16,0.16499999910593,up,2026-09-15T13:10:46,42.0,174.0
AAPL,2026-09-21,6,Call,305.0,AAPL260921C00305000,24.9,28.55,26.725,29.6,0.0,0.0,0.0,13.0,0.3533,0.9696,0.0046,0.0302,-0.0717,0.0484,26.7142,0.0,0.0,0.0,29.8999996185303,down,2026-09-14T15:51:37,9.0,8.0
AAPL,2026-09-21,6,Put,305.0,AAPL260921P00305000,0.16,0.25,0.20500000000000002,0.22,0.06,37.5,6.0,243.0,0.3598,-0.0306,0.0046,0.0302,-0.0751,-0.0016,0.1733,0.19,0.22,0.19,0.159999996423721,up,2026-09-15T13:10:46,26.0,81.0
AAPL,2026-09-21,6,Call,307.5,AAPL260921C00307500,22.85,25.9,24.375,26.9,0.0,0.0,0.0,12.0,0.3633,0.9628,0.0057,0.0356,-0.0822,0.0484,24.2498,0.0,0.0,0.0,27.4749994277954,down,2026-09-14T09:30:05,9.0,5.0
AAPL,2026-09-21,6,Put,307.5,AAPL260921P00307500,0.12,0.31,0.215,0.24,0.055,29.7297,4.0,44.0,0.3334,-0.0374,0.0058,0.0357,-0.0853,-0.002,0.2073,0.24,0.26,0.22,0.184999998658896,up,2026-09-15T13:10:21,130.0,186.0
AAPL,2026-09-21,6,Call,310.0,AAPL260921C00310000,20.2,23.45,21.825,25.0,0.0,0.0,0.0,70.0,0.3203,0.9536,0.0072,0.0425,-0.0954,0.0484,21.7977,0.0,0.0,0.0,24.5500001907349,down,2026-09-14T15:33:59,29.0,10.0
AAPL,2026-09-21,6,Put,310.0,AAPL260921P00310000,0.24,0.26,0.25,0.25,-0.015,-5.66038,2365.0,637.0,0.313,-0.0465,0.0072,0.0425,-0.0981,-0.0025,0.2531,0.37,0.37,0.23,0.264999993145466,no_change,2026-09-15T15:59:40,113.0,15.0
AAPL,2026-09-21,6,Call,312.5,AAPL260921C00312500,17.4,21.2,19.299999999999997,0.0,0.0,0.0,0.0,0.0,0.2833,0.9408,0.0093,0.0515,-0.1125,0.0481,19.3657,0.0,0.0,0.0,22.5249996185303,no_change,,8.0,9.0
AAPL,2026-09-21,6,Put,312.5,AAPL260921P00312500,0.28,0.33,0.30500000000000005,0.32,0.03,10.3448,22.0,86.0,0.2945,-0.0593,0.0093,0.0516,-0.115,-0.0031,0.3194,0.47,0.47,0.32,0.290000006556511,down,2026-09-15T15:58:23,92.0,25.0
AAPL,2026-09-21,6,Call,315.0,AAPL260921C00315000,15.35,18.55,16.95,15.1,-4.85,-24.3108,6.0,337.0,0.28,0.9225,0.012,0.0633,-0.1352,0.0475,16.9664,15.2,15.2,15.1,19.9499998092651,down,2026-09-15T11:39:08,117.0,66.0
AAPL,2026-09-21,6,Put,315.0,AAPL260921P00315000,0.4,0.44,0.42000000000000004,0.43,0.05,13.1579,241.0,614.0,0.2826,-0.078,0.0121,0.0635,-0.1377,-0.0041,0.4198,0.7,0.7,0.37,0.379999995231628,up,2026-09-15T15:59:41,154.0,84.0
AAPL,2026-09-21,6,Call,317.5,AAPL260921C00317500,13.8,16.1,14.950000000000001,13.4,-4.25,-24.0793,8.0,38.0,0.3094,0.896,0.0156,0.0784,-0.1648,0.0464,14.6194,13.6,14.5,12.65,17.6500005722046,up,2026-09-15T11:19:02,50.0,182.0
AAPL,2026-09-21,6,Put,317.5,AAPL260921P00317500,0.55,0.6,0.575,0.58,0.07,13.7255,167.0,307.0,0.2715,-0.1042,0.0157,0.0785,-0.1668,-0.0055,0.57,0.79,0.79,0.58,0.510000005364418,down,2026-09-15T15:58:47,40.0,93.0
AAPL,2026-09-21,6,Call,320.0,AAPL260921C00320000,11.9,13.0,12.45,10.9,-4.325,-28.4072,21.0,4895.0,0.27,0.8585,0.0202,0.0969,-0.2016,0.0448,12.3527,12.0,12.0,10.35,15.2249999046326,down,2026-09-15T11:04:06,16.0,63.0
AAPL,2026-09-21,6,Put,320.0,AAPL260921P00320000,0.79,0.82,0.8049999999999999,0.82,0.14,20.5882,2367.0,2660.0,0.2597,-0.1418,0.0202,0.0971,-0.2035,-0.0074,0.802,1.01,1.26,0.72,0.679999977350235,down,2026-09-15T15:59:51,10.0,44.0
AAPL,2026-09-21,6,Call,322.5,AAPL260921C00322500,9.85,11.7,10.774999999999999,9.25,-4.15,-30.9701,4.0,148.0,0.2985,0.8072,0.0254,0.1178,-0.2438,0.0423,10.2019,9.5,9.5,8.5,13.4000000953674,up,2026-09-15T14:32:25,37.0,102.0
AAPL,2026-09-21,6,Put,322.5,AAPL260921P00322500,1.11,1.21,1.1600000000000001,1.14,0.18,18.75,272.0,353.0,0.2527,-0.1933,0.0255,0.1179,-0.2456,-0.0101,1.1503,1.64,1.64,1.11,0.959999978542328,up,2026-09-15T15:57:25,81.0,83.0
AAPL,2026-09-21,6,Call,325.0,AAPL260921C00325000,7.8,8.5,8.15,8.46,-2.215,-20.7494,329.0,1795.0,0.2414,0.7407,0.0309,0.1387,-0.2864,0.039,8.2078,8.14,8.46,6.65,10.6749997138977,up,2026-09-15T15:56:35,31.0,49.0
AAPL,2026-09-21,6,Put,325.0,AAPL260921P00325000,1.64,1.74,1.69,1.7,0.37,27.8195,961.0,581.0,0.2481,-0.26,0.031,0.1388,-0.2881,-0.0135,1.6557,2.51,2.51,1.6,1.3299999833107,up,2026-09-15T15:59:36,75.0,83.0
AAPL,2026-09-21,6,Call,327.5,AAPL260921C00327500,6.2,7.1,6.65,6.1,-2.675,-30.4843,242.0,205.0,0.2369,0.6596,0.0356,0.1564,-0.322,0.0349,6.4114,5.95,6.28,5.07,8.77500009536743,no_change,2026-09-15T15:52:30,81.0,9.0
AAPL,2026-09-21,6,Put,327.5,AAPL260921P00327500,2.32,2.49,2.4050000000000002,2.43,0.55,29.2553,1553.0,890.0,0.2448,-0.3414,0.0358,0.1564,-0.3236,-0.0177,2.3593,2.82,3.7,2.26,1.87999999523163,no_change,2026-09-15T15:57:47,48.0,59.0
AAPL,2026-09-21,6,Call,330.0,AAPL260921C00330000,4.7,4.95,4.825,4.85,-2.05,-29.7101,1550.0,3612.0,0.236,0.5672,0.0388,0.1675,-0.3429,0.0301,4.8477,5.85,5.85,3.61,6.90000009536743,up,2026-09-15T15:58:32,35.0,14.0
AAPL,2026-09-21,6,Put,330.0,AAPL260921P00330000,3.15,3.4,3.275,3.3,0.72,27.907,996.0,604.0,0.2435,-0.4343,0.039,0.1675,-0.3446,-0.0218,3.2969,4.5,4.65,3.15,2.58000004291534,down,2026-09-15T15:59:59,33.0,26.0
AAPL,2026-09-21,6,Call,332.5,AAPL260921C00332500,3.4,3.6,3.5,3.6,-1.775,-33.0233,1953.0,550.0,0.2324,0.469,0.0397,0.1693,-0.3433,0.0249,3.5391,2.49,3.8,2.49,5.375,up,2026-09-15T15:59:44,65.0,1.0
AAPL,2026-09-21,6,Put,332.5,AAPL260921P00332500,4.3,4.65,4.475,4.5,0.95,26.7606,261.0,306.0,0.2411,-0.5332,0.04,0.1692,-0.3455,-0.0265,4.491,5.07,6.2,4.5,3.55000007152557,down,2026-09-15T15:59:57,100.0,24.0
AAPL,2026-09-21,6,Call,335.0,AAPL260921C00335000,2.3,2.52,2.41,2.52,-1.455,-36.6038,1018.0,1158.0,0.2279,0.3717,0.038,0.1612,-0.3222,0.0198,2.4906,1.76,2.68,1.68,3.97500014305115,up,2026-09-15T15:59:32,95.0,37.0
AAPL,2026-09-21,6,Put,335.0,AAPL260921P00335000,5.8,6.15,5.975,6.37,1.695,36.2567,178.0,376.0,0.2347,-0.6315,0.0385,0.1607,-0.3253,-0.0293,5.9465,6.73,7.45,5.75,4.67500019073486,down,2026-09-15T14:08:08,29.0,68.0
AAPL,2026-09-21,6,Call,337.5,AAPL260921C00337500,1.52,1.75,1.635,1.65,-1.25,-43.1034,260.0,458.0,0.228,0.2819,0.0341,0.1445,-0.2832,0.015,1.6891,1.83,1.83,1.1,2.89999997615814,up,2026-09-15T15:59:46,143.0,108.0
AAPL,2026-09-21,6,Put,337.5,AAPL260921P00337500,7.15,8.1,7.625,7.75,1.95,33.6207,44.0,52.0,0.2298,-0.7228,0.0348,0.1427,-0.2882,-0.0321,7.6538,8.6,9.1,7.5,5.79999995231628,down,2026-09-15T15:53:47,22.0,31.0
AAPL,2026-09-21,6,Call,340.0,AAPL260921C00340000,1.09,1.12,1.105,1.08,-0.96,-47.0588,9338.0,8787.0,0.2314,0.2047,0.0287,0.1222,-0.2336,0.0109,1.1058,1.04,1.25,0.7,2.03999996185303,no_change,2026-09-15T15:59:33,17.0,58.0
AAPL,2026-09-21,6,Put,340.0,AAPL260921P00340000,8.1,10.55,9.325,11.35,3.725,48.8525,15.0,42.0,0.2085,-0.8021,0.0296,0.1198,-0.2408,-0.0335,9.5822,12.0,12.0,10.11,7.625,up,2026-09-15T13:05:36,74.0,16.0
AAPL,2026-09-21,6,Call,342.5,AAPL260921C00342500,0.68,0.72,0.7,0.69,-0.77,-52.7397,383.0,182.0,0.2318,0.1428,0.0227,0.0977,-0.1817,0.0076,0.7016,0.69,0.76,0.45,1.46000003814697,no_change,2026-09-15T15:59:40,55.0,42.0
AAPL,2026-09-21,6,Put,342.5,AAPL260921P00342500,10.05,12.95,11.5,13.3,3.8,40.0,3.0,41.0,0.2085,-0.8663,0.0238,0.0927,-0.1902,-0.029,11.6955,12.45,13.3,12.45,9.5,up,2026-09-15T11:05:35,62.0,71.0
AAPL,2026-09-21,6,Call,345.0,AAPL260921C00345000,0.43,0.45,0.44,0.44,-0.5,-53.1915,416.0,1600.0,0.234,0.0962,0.0171,0.0745,-0.1343,0.0051,0.4343,0.38,0.51,0.26,0.939999997615814,up,2026-09-15T15:59:54,115.0,22.0
AAPL,2026-09-21,6,Put,345.0,AAPL260921P00345000,12.15,15.35,13.75,12.0,0.0,0.0,0.0,17.0,0.1917,-0.9153,0.0182,0.0662,-0.1421,-0.0265,13.9516,0.0,0.0,0.0,11.2999997138977,up,2026-09-14T14:00:48,27.0,10.0
AAPL,2026-09-21,6,Call,347.5,AAPL260921C00347500,0.26,0.29,0.275,0.29,-0.36,-55.3846,128.0,178.0,0.2378,0.0628,0.0122,0.0544,-0.095,0.0033,0.2631,0.29,0.33,0.18,0.649999976158142,no_change,2026-09-15T15:59:55,74.0,312.0
AAPL,2026-09-21,6,Put,347.5,AAPL260921P00347500,14.5,17.95,16.225,17.9,4.125,29.9456,2.0,3.0,0.2077,-0.951,0.0136,0.0445,-0.1002,-0.0196,16.309,17.9,17.9,17.9,13.7749996185303,up,2026-09-15T12:56:17,21.0,22.0
AAPL,2026-09-21,6,Call,350.0,AAPL260921C00350000,0.16,0.17,0.165,0.17,-0.255,-60.0,530.0,3283.0,0.2398,0.0408,0.0086,0.039,-0.0661,0.0022,0.161,0.19,0.23,0.1,0.424999997019768,up,2026-09-15T15:59:34,161.0,164.0
AAPL,2026-09-21,6,Put,350.0,AAPL260921P00350000,16.9,20.3,18.6,0.0,0.0,0.0,0.0,0.0,0.0,-0.9756,0.0093,0.0255,-0.07,-0.0119,18.7369,0.0,0.0,0.0,15.7750005722046,no_change,,10.0,6.0
AAPL,2026-09-21,6,Call,352.5,AAPL260921C00352500,0.03,0.11,0.07,0.11,0.11,0.0,20.0,0.0,0.2307,0.0262,0.0058,0.0274,-0.0451,0.0014,0.0983,0.08,0.11,0.08,0.0,up,2026-09-15T15:58:24,22.0,5.0
AAPL,2026-09-21,6,Put,352.5,AAPL260921P00352500,19.35,22.75,21.05,0.0,0.0,0.0,0.0,0.0,0.0,-0.9899,0.0052,0.0118,-0.0531,-0.0051,21.2073,0.0,0.0,0.0,0.0,no_change,,9.0,9.0
AAPL,2026-09-21,6,Call,355.0,AAPL260921C00355000,0.05,0.08,0.065,0.05,-0.13,-72.2222,512.0,266.0,0.2504,0.0171,0.004,0.0192,-0.031,0.0009,0.0619,0.09,0.11,0.03,0.179999999701977,no_change,2026-09-15T15:37:48,235.0,47.0
AAPL,2026-09-21,6,Put,355.0,AAPL260921P00355000,21.85,25.65,23.75,0.0,0.0,0.0,0.0,0.0,0.2945,-0.9966,0.0023,0.0045,-0.0463,-0.0014,23.6978,0.0,0.0,0.0,20.5999994277954,no_change,,9.0,6.0
AAPL,2026-09-21,6,Call,360.0,AAPL260921C00360000,0.02,0.08,0.05,0.01,-0.065,-86.6667,46.0,1094.0,0.2834,0.0078,0.0019,0.0099,-0.0156,0.0004,0.0272,0.03,0.03,0.01,0.0750000011175871,down,2026-09-15T15:27:38,1.0,47.0
AAPL,2026-09-21,6,Put,360.0,AAPL260921P00360000,26.85,30.65,28.75,0.0,0.0,0.0,0.0,0.0,0.3424,-0.9998,0.0002,0.0002,-0.0442,-0.0001,28.6952,0.0,0.0,0.0,25.75,no_change,,19.0,9.0
AAPL,2026-09-21,6,Call,365.0,AAPL260921C00365000,0.01,0.06,0.034999999999999996,0.04,0.005,14.2857,7.0,163.0,0.3102,0.004,0.001,0.0055,-0.0086,0.0002,0.0137,0.03,0.04,0.01,0.0350000001490116,up,2026-09-15T13:05:44,1.0,37.0
AAPL,2026-09-21,6,Put,365.0,AAPL260921P00365000,31.85,35.65,33.75,0.0,0.0,0.0,0.0,0.0,0.3887,-1.0,0.0,0.0,-0.0442,0.0,33.6951,0.0,0.0,0.0,30.6999998092651,no_change,,18.0,10.0
AAPL,2026-09-21,6,Call,370.0,AAPL260921C00370000,0.0,0.02,0.01,0.02,-0.015,-42.8571,25.0,29.0,0.3055,0.0022,0.0005,0.0032,-0.0052,0.0001,0.0076,0.02,0.02,0.02,0.034999999217689,no_change,2026-09-15T15:58:19,0.0,5.0
AAPL,2026-09-21,6,Put,370.0,AAPL260921P00370000,36.85,40.65,38.75,0.0,0.0,0.0,0.0,0.0,0.4335,-1.0,0.0,0.0,-0.0442,0.0,38.6951,0.0,0.0,0.0,35.75,no_change,,21.0,9.0
AAPL,2026-09-21,6,Call,375.0,AAPL260921C00375000,0.0,0.19,0.095,0.02,0.0,0.0,0.0,2.0,0.4364,0.0013,0.0003,0.002,-0.0032,0.0001,0.0046,0.0,0.0,0.0,0.0850000008940697,down,2026-09-14T13:54:21,0.0,30.0
AAPL,2026-09-21,6,Put,375.0,AAPL260921P00375000,41.85,45.65,43.75,0.0,0.0,0.0,0.0,0.0,0.4769,-1.0,0.0,0.0,-0.0442,0.0,43.6951,0.0,0.0,0.0,40.8499984741211,no_change,,21.0,6.0
AAPL,2026-09-21,6,Call,380.0,AAPL260921C00380000,0.0,0.09,0.045,0.0,0.0,0.0,0.0,0.0,0.4339,0.0008,0.0002,0.0013,-0.0021,0.0,0.0029,0.0,0.0,0.0,0.119999997317791,no_change,,0.0,10.0
AAPL,2026-09-21,6,Put,380.0,AAPL260921P00380000,47.0,50.65,48.825,0.0,0.0,0.0,0.0,0.0,0.5585,-1.0,0.0,0.0,-0.0442,0.0,48.6951,0.0,0.0,0.0,45.8499984741211,no_change,,1.0,1.0
AAPL,2026-09-21,6,Call,385.0,AAPL260921C00385000,0.0,0.51,0.255,0.0,0.0,0.0,0.0,0.0,0.5945,0.0005,0.0001,0.0009,-0.0014,0.0,0.0019,0.0,0.0,0.0,0.259999990463257,no_change,,0.0,10.0
AAPL,2026-09-21,6,Put,385.0,AAPL260921P00385000,51.8,55.7,53.75,0.0,0.0,0.0,0.0,0.0,0.538,-1.0,0.0,0.0,-0.0442,0.0,53.6951,0.0,0.0,0.0,50.8499984741211,no_change,,16.0,11.0
AAPL,2026-09-21,6,Call,390.0,AAPL260921C00390000,0.0,0.52,0.26,0.0,0.0,0.0,0.0,0.0,0.6387,0.0004,0.0001,0.0006,-0.001,0.0,0.0013,0.0,0.0,0.0,0.259999990463257,no_change,,0.0,50.0
AAPL,2026-09-21,6,Put,390.0,AAPL260921P00390000,56.95,60.65,58.8,0.0,0.0,0.0,0.0,0.0,0.632,-1.0,0.0,0.0,-0.0442,0.0,58.6951,0.0,0.0,0.0,55.6999988555908,no_change,,1.0,1.0
AAPL,2026-09-21,6,Call,395.0,AAPL260921C00395000,0.0,0.03,0.015,0.02,0.0,0.0,0.0,2.0,0.483,0.0002,0.0,0.0004,-0.0007,0.0,0.0009,0.0,0.0,0.0,0.259999990463257,up,2026-09-11T10:47:51,0.0,1.0
AAPL,2026-09-21,6,Put,395.0,AAPL260921P00395000,61.95,65.7,63.825,0.0,0.0,0.0,0.0,0.0,0.6731,-1.0,0.0,0.0,-0.0442,0.0,63.6951,0.0,0.0,0.0,60.7999992370606,no_change,,9.0,11.0
AAPL,2026-09-23,8,Call,245.0,AAPL260923C00245000,84.6,88.4,86.5,0.0,0.0,0.0,0.0,0.0,0.0,0.9975,0.0002,0.004,-0.0042,0.0534,86.5793,0.0,0.0,0.0,0.0,no_change,,14.0,17.0
AAPL,2026-09-23,8,Put,245.0,AAPL260923P00245000,0.0,0.42,0.21,0.0,0.0,0.0,0.0,0.0,0.943,-0.0026,0.0002,0.004,-0.014,-0.0002,0.0272,0.0,0.0,0.0,0.0,no_change,,0.0,35.0
AAPL,2026-09-23,8,Call,250.0,AAPL260923C00250000,79.6,83.25,81.425,0.0,0.0,0.0,0.0,0.0,0.0,0.997,0.0003,0.0046,-0.0065,0.0545,81.5881,0.0,0.0,0.0,84.8250007629394,no_change,,10.0,10.0
AAPL,2026-09-23,8,Put,250.0,AAPL260923P00250000,0.0,0.45,0.225,0.06,0.0,0.0,0.0,2.0,0.8961,-0.0031,0.0003,0.0046,-0.0157,-0.0002,0.0312,0.0,0.0,0.0,0.215000003576279,down,2026-09-09T11:06:48,0.0,50.0
AAPL,2026-09-23,8,Call,255.0,AAPL260923C00255000,74.6,78.3,76.44999999999999,0.0,0.0,0.0,0.0,0.0,0.0,0.9964,0.0003,0.0054,-0.009,0.0555,76.5976,0.0,0.0,0.0,79.8250007629394,no_change,,10.0,10.0
AAPL,2026-09-23,8,Put,255.0,AAPL260923P00255000,0.0,0.17,0.085,0.05,0.0,0.0,0.0,4.0,0.7395,-0.0037,0.0003,0.0054,-0.0177,-0.0003,0.0359,0.0,0.0,0.0,0.204999998211861,down,2026-09-10T11:19:51,0.0,51.0
AAPL,2026-09-23,8,Call,260.0,AAPL260923C00260000,70.0,73.3,71.65,0.0,0.0,0.0,0.0,0.0,0.6891,0.9956,0.0004,0.0064,-0.0119,0.0566,71.6081,0.0,0.0,0.0,74.8250007629394,no_change,,10.0,10.0
AAPL,2026-09-23,8,Put,260.0,AAPL260923P00260000,0.0,0.06,0.03,0.01,-0.025,-71.4286,7.0,8.0,0.6148,-0.0044,0.0004,0.0064,-0.02,-0.0003,0.0416,0.14,0.14,0.01,0.034999999217689,no_change,2026-09-15T10:44:21,0.0,44.0
AAPL,2026-09-23,8,Call,265.0,AAPL260923C00265000,64.6,68.3,66.44999999999999,54.03,0.0,0.0,0.0,6.0,0.0,0.9947,0.0005,0.0076,-0.0151,0.0576,66.6198,0.0,0.0,0.0,69.8500022888184,up,2026-09-10T09:42:10,11.0,10.0
AAPL,2026-09-23,8,Put,265.0,AAPL260923P00265000,0.01,0.09,0.049999999999999996,0.05,0.01,25.0,2.0,3.0,0.6031,-0.0053,0.0005,0.0076,-0.0227,-0.0004,0.0485,0.11,0.11,0.05,0.0399999991059303,down,2026-09-15T10:27:24,107.0,187.0
AAPL,2026-09-23,8,Call,270.0,AAPL260923C00270000,59.65,63.35,61.5,48.98,0.0,0.0,0.0,12.0,0.0,0.9935,0.0006,0.0091,-0.0189,0.0586,61.6331,0.0,0.0,0.0,64.8750019073486,up,2026-09-10T09:42:10,11.0,10.0
AAPL,2026-09-23,8,Put,270.0,AAPL260923P00270000,0.01,0.24,0.125,0.03,-0.05,-62.5,51.0,21.0,0.6279,-0.0065,0.0006,0.0091,-0.0259,-0.0005,0.0571,0.07,0.07,0.02,0.0800000000745058,no_change,2026-09-15T15:49:06,29.0,219.0
AAPL,2026-09-23,8,Call,275.0,AAPL260923C00275000,54.65,58.35,56.5,0.0,0.0,0.0,0.0,0.0,0.0,0.992,0.0008,0.0111,-0.0234,0.0596,56.6488,0.0,0.0,0.0,59.875,no_change,,11.0,10.0
AAPL,2026-09-23,8,Put,275.0,AAPL260923P00275000,0.01,0.1,0.055,0.16,0.0,0.0,0.0,12.0,0.5185,-0.0081,0.0008,0.0111,-0.0298,-0.0006,0.068,0.0,0.0,0.0,0.0650000004097819,down,2026-09-10T09:41:12,94.0,99.0
AAPL,2026-09-23,8,Call,280.0,AAPL260923C00280000,49.65,53.35,51.5,40.0,0.0,0.0,0.0,7.0,0.0,0.9899,0.0011,0.0135,-0.0287,0.0605,51.6676,0.0,0.0,0.0,54.9249992370606,up,2026-09-10T10:23:42,11.0,10.0
AAPL,2026-09-23,8,Put,280.0,AAPL260923P00280000,0.03,0.12,0.075,0.07,0.005,7.69231,4.0,23.0,0.4921,-0.0101,0.0011,0.0135,-0.0345,-0.0007,0.082,0.06,0.07,0.06,0.0649999985471368,up,2026-09-15T15:43:32,155.0,170.0
AAPL,2026-09-23,8,Call,282.5,AAPL260923C00282500,47.5,50.85,49.175,0.0,0.0,0.0,0.0,0.0,0.4785,0.9886,0.0013,0.015,-0.0317,0.061,49.1785,0.0,0.0,0.0,52.4249992370606,no_change,,10.0,10.0
AAPL,2026-09-23,8,Put,282.5,AAPL260923P00282500,0.01,0.14,0.07500000000000001,0.08,0.0,0.0,0.0,5.0,0.4692,-0.0114,0.0013,0.015,-0.0373,-0.0008,0.0906,0.0,0.0,0.0,0.0800000028684735,down,2026-09-14T15:10:21,155.0,100.0
AAPL,2026-09-23,8,Call,285.0,AAPL260923C00285000,44.7,48.35,46.525000000000006,48.39,0.0,0.0,0.0,2.0,0.0,0.9871,0.0014,0.0167,-0.0351,0.0614,46.6907,0.0,0.0,0.0,49.9249992370606,up,2026-09-11T15:49:50,10.0,10.0
AAPL,2026-09-23,8,Put,285.0,AAPL260923P00285000,0.06,0.13,0.095,0.09,0.0,-8.69234e-07,1.0,25.0,0.4605,-0.0129,0.0014,0.0168,-0.0404,-0.0009,0.1004,0.09,0.09,0.09,0.090000000782311,down,2026-09-15T09:53:24,28.0,15.0
AAPL,2026-09-23,8,Call,287.5,AAPL260923C00287500,42.2,45.9,44.05,0.0,0.0,0.0,0.0,0.0,0.0,0.9854,0.0017,0.0187,-0.0388,0.0618,44.2044,0.0,0.0,0.0,47.4500007629394,no_change,,10.0,10.0
AAPL,2026-09-23,8,Put,287.5,AAPL260923P00287500,0.03,0.18,0.105,0.11,0.0,0.0,0.0,10.0,0.4432,-0.0147,0.0017,0.0187,-0.0439,-0.001,0.1118,0.0,0.0,0.0,0.0999999986961484,down,2026-09-14T10:37:03,15.0,69.0
AAPL,2026-09-23,8,Call,290.0,AAPL260923C00290000,39.95,43.4,41.675,27.15,0.0,0.0,0.0,1.0,0.4045,0.9833,0.002,0.021,-0.043,0.0622,41.7201,0.0,0.0,0.0,44.7250003814697,up,2026-09-08T14:36:25,10.0,10.0
AAPL,2026-09-23,8,Put,290.0,AAPL260923P00290000,0.06,0.19,0.125,0.11,0.0,0.0,0.0,75.0,0.4303,-0.0168,0.002,0.021,-0.0477,-0.0012,0.1251,0.0,0.0,0.0,0.100000000558794,up,2026-09-14T12:33:17,69.0,101.0
AAPL,2026-09-23,8,Call,292.5,AAPL260923C00292500,37.25,40.95,39.1,0.0,0.0,0.0,0.0,0.0,0.2678,0.9808,0.0023,0.0236,-0.0476,0.0626,39.2379,0.0,0.0,0.0,42.4750003814697,no_change,,13.0,10.0
AAPL,2026-09-23,8,Put,292.5,AAPL260923P00292500,0.09,0.23,0.16,0.12,-0.01,-7.69231,2.0,2.0,0.4219,-0.0193,0.0023,0.0236,-0.0521,-0.0014,0.1406,0.15,0.15,0.12,0.130000001750886,down,2026-09-15T13:12:26,30.0,47.0
AAPL,2026-09-23,8,Call,295.0,AAPL260923C00295000,34.8,38.45,36.625,24.1,0.0,0.0,0.0,2.0,0.3115,0.9778,0.0027,0.0267,-0.0528,0.0629,36.7586,0.0,0.0,0.0,40.0249996185303,up,2026-09-09T14:51:37,10.0,10.0
AAPL,2026-09-23,8,Put,295.0,AAPL260923P00295000,0.05,0.19,0.12,0.25,0.115,85.1852,36.0,99.0,0.3802,-0.0223,0.0027,0.0268,-0.057,-0.0016,0.1589,0.17,0.25,0.17,0.134999999776483,up,2026-09-15T11:11:03,142.0,53.0
AAPL,2026-09-23,8,Call,297.5,AAPL260923C00297500,32.7,36.0,34.35,0.0,0.0,0.0,0.0,0.0,0.4015,0.9742,0.0032,0.0303,-0.0586,0.0632,34.2829,0.0,0.0,0.0,37.625,no_change,,27.0,10.0
AAPL,2026-09-23,8,Put,297.5,AAPL260923P00297500,0.1,0.24,0.16999999999999998,0.2,0.02,11.1111,5.0,1.0,0.3765,-0.0259,0.0032,0.0304,-0.0626,-0.0018,0.1809,0.21,0.24,0.2,0.179999995976686,down,2026-09-15T15:05:17,128.0,135.0
AAPL,2026-09-23,8,Call,300.0,AAPL260923C00300000,30.75,33.5,32.125,30.27,-4.73,-13.5143,1.0,5.0,0.4347,0.9697,0.0038,0.0346,-0.0654,0.0635,31.812,30.27,30.27,30.27,35.0,down,2026-09-15T11:09:42,27.0,10.0
AAPL,2026-09-23,8,Put,300.0,AAPL260923P00300000,0.15,0.26,0.20500000000000002,0.22,0.03,15.7895,7.0,731.0,0.363,-0.0304,0.0038,0.0347,-0.0691,-0.0022,0.2077,0.25,0.25,0.22,0.189999997615814,no_change,2026-09-15T15:53:07,33.0,33.0
AAPL,2026-09-23,8,Call,302.5,AAPL260923C00302500,27.8,31.1,29.450000000000003,34.3,0.0,0.0,0.0,5.0,0.3721,0.9642,0.0046,0.0398,-0.0733,0.0636,29.3478,0.0,0.0,0.0,32.6000003814697,up,2026-09-11T11:13:36,30.0,10.0
AAPL,2026-09-23,8,Put,302.5,AAPL260923P00302500,0.18,0.33,0.255,0.33,0.0,0.0,0.0,12.0,0.3512,-0.036,0.0046,0.0399,-0.0768,-0.0026,0.2413,0.0,0.0,0.0,0.239999994635582,no_change,2026-09-11T15:33:45,25.0,22.0
AAPL,2026-09-23,8,Call,305.0,AAPL260923C00305000,25.75,28.65,27.2,30.0,0.0,0.0,0.0,6.0,0.3882,0.957,0.0056,0.0461,-0.0828,0.0636,26.8934,0.0,0.0,0.0,30.1499996185303,up,2026-09-11T10:34:30,30.0,11.0
AAPL,2026-09-23,8,Put,305.0,AAPL260923P00305000,0.23,0.36,0.295,0.31,0.03,10.7143,8.0,61.0,0.3344,-0.0432,0.0056,0.0462,-0.086,-0.003,0.2847,0.34,0.38,0.31,0.279999993741512,no_change,2026-09-15T15:54:17,17.0,18.0
AAPL,2026-09-23,8,Call,307.5,AAPL260923C00307500,22.5,25.45,23.975,27.8,0.0,0.0,0.0,8.0,0.0,0.9476,0.0068,0.054,-0.0944,0.0635,24.4535,0.0,0.0,0.0,27.6999998092651,down,2026-09-14T13:56:42,30.0,10.0
AAPL,2026-09-23,8,Put,307.5,AAPL260923P00307500,0.28,0.41,0.345,0.35,0.05,16.6667,1.0,31.0,0.3176,-0.0527,0.0069,0.0542,-0.0975,-0.0037,0.3428,0.35,0.35,0.35,0.299999997019768,up,2026-09-15T12:41:49,64.0,46.0
AAPL,2026-09-23,8,Call,310.0,AAPL260923C00310000,20.05,23.8,21.925,19.75,-5.55,-21.9368,3.0,66.0,0.2842,0.935,0.0085,0.0638,-0.1091,0.0631,22.0357,20.0,20.0,19.75,25.2999992370605,down,2026-09-15T12:51:16,12.0,14.0
AAPL,2026-09-23,8,Put,310.0,AAPL260923P00310000,0.38,0.43,0.405,0.45,0.04,9.7561,57.0,550.0,0.3014,-0.0654,0.0085,0.064,-0.112,-0.0046,0.4231,0.6,0.6,0.45,0.409999996423721,down,2026-09-15T15:54:17,221.0,2.0
AAPL,2026-09-23,8,Call,312.5,AAPL260923C00312500,17.7,21.2,19.45,18.3,-4.65,-20.2614,2.0,16.0,0.2609,0.9178,0.0106,0.0761,-0.1275,0.0624,19.6509,19.5,19.5,18.3,22.9499998092651,down,2026-09-15T10:22:04,33.0,29.0
AAPL,2026-09-23,8,Put,312.5,AAPL260923P00312500,0.45,0.65,0.55,0.68,0.15,28.3019,56.0,126.0,0.293,-0.0826,0.0106,0.0764,-0.1302,-0.0058,0.5366,0.74,0.74,0.6,0.530000001192093,up,2026-09-15T15:55:45,90.0,160.0
AAPL,2026-09-23,8,Call,315.0,AAPL260923C00315000,15.7,19.05,17.375,15.6,-5.0,-24.2718,5.0,342.0,0.2872,0.8946,0.0132,0.0912,-0.1504,0.0612,17.3144,15.59,15.6,15.59,20.6000003814697,up,2026-09-15T10:53:03,3.0,10.0
AAPL,2026-09-23,8,Put,315.0,AAPL260923P00315000,0.61,0.79,0.7,0.77,0.135,21.2598,75.0,306.0,0.2806,-0.106,0.0132,0.0916,-0.153,-0.0074,0.6986,0.84,0.87,0.72,0.634999990463257,down,2026-09-15T15:21:27,209.0,216.0
AAPL,2026-09-23,8,Call,317.5,AAPL260923C00317500,13.45,16.7,15.075,14.05,-4.25,-23.224,237.0,16.0,0.2741,0.8636,0.0163,0.109,-0.1776,0.0595,15.0463,14.5,14.5,13.19,18.3000001907349,no_change,2026-09-15T11:20:44,196.0,139.0
AAPL,2026-09-23,8,Put,317.5,AAPL260923P00317500,0.8,1.01,0.905,1.13,0.325,40.3727,32.0,132.0,0.269,-0.1372,0.0164,0.1094,-0.1802,-0.0096,0.9298,1.19,1.22,0.88,0.805000007152557,up,2026-09-15T13:18:42,167.0,187.0
AAPL,2026-09-23,8,Call,320.0,AAPL260923C00320000,11.8,14.15,12.975000000000001,11.85,-3.825,-24.4019,78.0,208.0,0.2719,0.8231,0.0199,0.1289,-0.2083,0.057,12.8716,11.85,12.24,11.85,15.6750001907349,down,2026-09-15T12:32:29,65.0,57.0
AAPL,2026-09-23,8,Put,320.0,AAPL260923P00320000,1.21,1.31,1.26,1.21,0.115,10.5023,263.0,235.0,0.2646,-0.1775,0.02,0.129,-0.2104,-0.0123,1.2507,1.5,1.61,1.21,1.09499996900558,down,2026-09-15T15:58:39,48.0,83.0
AAPL,2026-09-23,8,Call,322.5,AAPL260923C00322500,9.85,11.6,10.725,9.4,-4.225,-31.0092,2.0,62.0,0.2514,0.772,0.0238,0.1495,-0.2401,0.0537,10.8184,9.4,9.4,9.4,13.625,down,2026-09-15T12:57:41,17.0,17.0
AAPL,2026-09-23,8,Put,322.5,AAPL260923P00322500,1.57,1.8,1.685,1.63,0.245,17.6895,92.0,56.0,0.257,-0.2288,0.0239,0.1496,-0.2422,-0.0156,1.6966,2.5,2.5,1.63,1.38499999046326,down,2026-09-15T15:57:05,124.0,114.0
AAPL,2026-09-23,8,Call,325.0,AAPL260923C00325000,7.95,9.2,8.575,7.92,-3.53,-30.8297,32.0,171.0,0.2323,0.7104,0.0274,0.1687,-0.2696,0.0497,8.9161,9.0,9.0,7.5,11.4499998092651,down,2026-09-15T15:43:37,221.0,11.0
AAPL,2026-09-23,8,Put,325.0,AAPL260923P00325000,2.23,2.42,2.325,2.34,0.49,26.4865,131.0,139.0,0.2547,-0.2908,0.0276,0.1689,-0.2718,-0.0197,2.2942,3.0,3.0,2.1,1.85000002384186,up,2026-09-15T15:57:50,65.0,56.0
AAPL,2026-09-23,8,Call,327.5,AAPL260923C00327500,6.9,7.65,7.275,7.45,-2.05,-21.5789,24.0,106.0,0.2535,0.6392,0.0305,0.1843,-0.2928,0.0448,7.1922,6.53,7.45,5.8,9.5,up,2026-09-15T15:56:11,70.0,116.0
AAPL,2026-09-23,8,Put,327.5,AAPL260923P00327500,2.94,3.25,3.0949999999999998,3.04,0.58,23.5772,129.0,20.0,0.2503,-0.3624,0.0307,0.1845,-0.2951,-0.024,3.0712,4.2,4.2,2.78,2.45999991893768,up,2026-09-15T15:57:05,59.0,39.0
AAPL,2026-09-23,8,Call,330.0,AAPL260923C00330000,5.5,5.8,5.65,5.55,-2.225,-28.6174,316.0,305.0,0.245,0.5609,0.0325,0.1938,-0.3059,0.0395,5.6689,5.5,5.87,4.4,7.77500009536743,up,2026-09-15T15:59:47,12.0,10.0
AAPL,2026-09-23,8,Put,330.0,AAPL260923P00330000,3.95,4.2,4.075,4.13,0.88,27.0769,346.0,268.0,0.2472,-0.4413,0.0328,0.1938,-0.3083,-0.0288,4.0504,4.65,5.0,3.75,3.25,up,2026-09-15T15:59:47,31.0,31.0
AAPL,2026-09-23,8,Call,332.5,AAPL260923C00332500,4.2,4.45,4.325,4.5,-1.725,-27.7108,162.0,176.0,0.2418,0.4788,0.0332,0.1957,-0.3064,0.0338,4.3603,3.55,4.5,3.38,6.22499990463257,up,2026-09-15T15:55:00,66.0,21.0
AAPL,2026-09-23,8,Put,332.5,AAPL260923P00332500,5.1,5.5,5.3,5.91,1.685,39.8817,88.0,300.0,0.2463,-0.5241,0.0334,0.1955,-0.3088,-0.0336,5.2458,5.2,6.85,5.2,4.22500014305115,up,2026-09-15T15:37:27,61.0,32.0
AAPL,2026-09-23,8,Call,335.0,AAPL260923C00335000,3.15,3.4,3.275,3.25,-1.6,-32.9897,369.0,370.0,0.2421,0.3969,0.0323,0.1896,-0.2936,0.028,3.2702,2.7,3.35,2.5,4.85000014305115,down,2026-09-15T15:59:55,62.0,65.0
AAPL,2026-09-23,8,Put,335.0,AAPL260923P00335000,6.05,7.1,6.574999999999999,7.5,2.15,40.1869,32.0,159.0,0.2372,-0.6068,0.0327,0.1889,-0.2962,-0.0375,6.6616,7.26,7.95,6.55,5.34999990463257,down,2026-09-15T13:30:15,109.0,90.0
AAPL,2026-09-23,8,Call,337.5,AAPL260923C00337500,2.29,2.44,2.365,2.46,-1.265,-33.9597,89.0,72.0,0.2392,0.3192,0.0301,0.1761,-0.2691,0.0226,2.3914,2.35,2.46,1.72,3.72500002384186,up,2026-09-15T15:55:37,75.0,39.0
AAPL,2026-09-23,8,Put,337.5,AAPL260923P00337500,7.75,9.4,8.575,8.87,2.42,37.5194,5.0,7.0,0.2569,-0.6855,0.0306,0.1749,-0.2721,-0.0404,8.2908,8.4,10.33,8.4,6.44999980926514,down,2026-09-15T12:31:03,42.0,70.0
AAPL,2026-09-23,8,Call,340.0,AAPL260923C00340000,1.62,1.78,1.7000000000000002,1.65,-1.155,-41.1765,156.0,586.0,0.2397,0.2492,0.0268,0.157,-0.2361,0.0176,1.7065,1.25,1.75,1.2,2.8050000667572,down,2026-09-15T15:59:31,74.0,95.0
AAPL,2026-09-23,8,Put,340.0,AAPL260923P00340000,9.45,11.2,10.325,10.85,2.5,29.9401,40.0,12.0,0.2535,-0.757,0.0274,0.1543,-0.2402,-0.0415,10.1171,11.2,11.55,10.85,8.34999990463257,down,2026-09-15T14:56:16,60.0,77.0
AAPL,2026-09-23,8,Call,342.5,AAPL260923C00342500,1.11,1.27,1.19,1.1,-0.965,-46.7312,187.0,138.0,0.2401,0.189,0.0228,0.1344,-0.1988,0.0134,1.1909,1.1,1.25,0.87,2.06499999761581,up,2026-09-15T15:50:57,72.0,70.0
AAPL,2026-09-23,8,Put,342.5,AAPL260923P00342500,10.25,13.7,11.975,10.1,0.0,0.0,0.0,4.0,0.2288,-0.8189,0.0236,0.1299,-0.2044,-0.0411,12.1165,0.0,0.0,0.0,9.89999961853027,up,2026-09-14T15:02:42,32.0,10.0
AAPL,2026-09-23,8,Call,345.0,AAPL260923C00345000,0.75,0.85,0.8,0.82,-0.615,-42.8571,161.0,2424.0,0.2394,0.1396,0.0187,0.111,-0.1611,0.0099,0.8153,0.74,0.87,0.6,1.43500000238419,no_change,2026-09-15T15:58:59,313.0,74.0
AAPL,2026-09-23,8,Put,345.0,AAPL260923P00345000,12.6,15.85,14.225,12.0,0.0,0.0,0.0,21.0,0.2373,-0.8702,0.0196,0.1042,-0.1682,-0.0391,14.2602,0.0,0.0,0.0,12.0250000953674,up,2026-09-14T15:48:07,5.0,24.0
AAPL,2026-09-23,8,Call,347.5,AAPL260923C00347500,0.51,0.61,0.56,0.57,-0.495,-46.4789,63.0,237.0,0.2436,0.1005,0.0147,0.0886,-0.1261,0.0071,0.5473,0.5,0.65,0.38,1.06499996781349,up,2026-09-15T15:58:39,69.0,73.0
AAPL,2026-09-23,8,Put,347.5,AAPL260923P00347500,14.7,18.1,16.4,14.55,0.0,0.0,0.0,11.0,0.2254,-0.911,0.0157,0.0795,-0.1344,-0.0353,16.5182,0.0,0.0,0.0,13.875,up,2026-09-11T12:22:15,19.0,24.0
AAPL,2026-09-23,8,Call,350.0,AAPL260923C00350000,0.33,0.43,0.38,0.32,-0.41,-56.1644,243.0,1386.0,0.2462,0.0714,0.0113,0.0691,-0.0964,0.005,0.366,0.38,0.41,0.26,0.730000019073486,down,2026-09-15T15:54:07,41.0,176.0
AAPL,2026-09-23,8,Put,350.0,AAPL260923P00350000,17.2,20.5,18.85,19.65,3.45,21.2963,2.0,4.0,0.2417,-0.9424,0.0125,0.0571,-0.1037,-0.0296,18.863,19.65,19.65,19.65,16.1999998092651,up,2026-09-15T15:10:30,30.0,10.0
AAPL,2026-09-23,8,Call,352.5,AAPL260923C00352500,0.19,0.27,0.23,0.24,-0.315,-56.7568,15.0,48.0,0.2437,0.0505,0.0085,0.053,-0.0727,0.0035,0.2456,0.26,0.26,0.22,0.554999992251396,up,2026-09-15T11:43:25,67.0,105.0
AAPL,2026-09-23,8,Put,352.5,AAPL260923P00352500,19.55,22.85,21.200000000000003,0.0,0.0,0.0,0.0,0.0,0.2095,-0.9659,0.0097,0.0371,-0.0773,-0.0214,21.2715,0.0,0.0,0.0,18.3249998092651,no_change,,22.0,10.0
AAPL,2026-09-23,8,Call,355.0,AAPL260923C00355000,0.08,0.17,0.125,0.16,-0.23,-58.9744,94.0,29.0,0.2407,0.0353,0.0063,0.04,-0.0539,0.0025,0.1641,0.25,0.25,0.11,0.390000000596046,no_change,2026-09-15T14:08:15,40.0,2.0
AAPL,2026-09-23,8,Put,355.0,AAPL260923P00355000,22.0,25.7,23.85,39.13,0.0,0.0,0.0,1.0,0.2893,-0.9823,0.0067,0.0199,-0.0583,-0.0118,23.7244,0.0,0.0,0.0,20.8249998092651,no_change,2026-09-08T11:38:28,17.0,30.0
AAPL,2026-09-23,8,Call,360.0,AAPL260923C00360000,0.04,0.15,0.095,0.05,-0.14,-73.6842,15.0,76.0,0.2679,0.0178,0.0034,0.0228,-0.0301,0.0012,0.0778,0.06,0.09,0.05,0.189999993890524,down,2026-09-15T14:57:51,24.0,217.0
AAPL,2026-09-23,8,Put,360.0,AAPL260923P00360000,26.95,30.25,28.6,27.7,2.15,8.41487,3.0,3.0,0.0,-0.9973,0.0018,0.0049,-0.0415,-0.0008,28.6967,27.7,27.7,27.7,25.5500001907349,no_change,2026-09-15T09:32:48,38.0,24.0
AAPL,2026-09-23,8,Call,365.0,AAPL260923C00365000,0.0,0.06,0.03,0.04,-0.06,-60.0,5.0,91.0,0.2634,0.0096,0.0019,0.0136,-0.0179,0.0007,0.0409,0.04,0.04,0.04,0.0999999986961484,down,2026-09-15T09:30:01,0.0,83.0
AAPL,2026-09-23,8,Put,365.0,AAPL260923P00365000,32.35,35.25,33.8,0.0,0.0,0.0,0.0,0.0,0.364,-0.9998,0.0002,0.0004,-0.0402,0.0,33.6951,0.0,0.0,0.0,30.6999998092651,no_change,,15.0,10.0
AAPL,2026-09-23,8,Call,370.0,AAPL260923C00370000,0.0,0.05,0.025,0.05,0.0,0.0,0.0,43.0,0.29,0.0057,0.0011,0.0086,-0.0115,0.0004,0.0241,0.0,0.0,0.0,0.0350000001490116,down,2026-09-14T11:07:26,0.0,36.0
AAPL,2026-09-23,8,Put,370.0,AAPL260923P00370000,37.0,40.65,38.825,0.0,0.0,0.0,0.0,0.0,0.4135,-1.0,0.0,0.0,-0.0402,0.0,38.6951,0.0,0.0,0.0,35.6749992370606,no_change,,18.0,12.0
AAPL,2026-09-23,8,Call,375.0,AAPL260923C00375000,0.0,0.01,0.005,0.06,0.0,0.0,0.0,8.0,0.2758,0.0036,0.0007,0.0058,-0.0079,0.0002,0.0156,0.0,0.0,0.0,0.0599999986588955,down,2026-09-11T13:24:38,0.0,70.0
AAPL,2026-09-23,8,Put,375.0,AAPL260923P00375000,42.0,45.25,43.625,39.25,0.0,0.0,0.0,0.0,0.0,-1.0,0.0,0.0,-0.0402,0.0,43.6951,0.0,0.0,0.0,40.5249996185303,down,2026-09-14T14:41:10,30.0,10.0
AAPL,2026-09-23,8,Call,380.0,AAPL260923C00380000,0.0,0.42,0.21,0.02,0.0,0.0,0.0,1.0,0.4623,0.0025,0.0005,0.0041,-0.0058,0.0002,0.0108,0.0,0.0,0.0,0.0750000029802322,down,2026-09-14T12:00:10,0.0,39.0
AAPL,2026-09-23,8,Put,380.0,AAPL260923P00380000,47.0,50.25,48.625,0.0,0.0,0.0,0.0,0.0,0.0,-1.0,0.0,0.0,-0.0402,0.0,48.6951,0.0,0.0,0.0,45.5499992370606,no_change,,10.0,10.0
AAPL,2026-09-23,8,Call,385.0,AAPL260923C00385000,0.0,0.48,0.24,0.0,0.0,0.0,0.0,0.0,0.5095,0.0018,0.0003,0.003,-0.0044,0.0001,0.0079,0.0,0.0,0.0,0.115000002086163,no_change,,0.0,50.0
AAPL,2026-09-23,8,Put,385.0,AAPL260923P00385000,52.0,55.25,53.625,0.0,0.0,0.0,0.0,0.0,0.0,-1.0,0.0,0.0,-0.0402,0.0,53.6951,0.0,0.0,0.0,50.5499992370606,no_change,,10.0,10.0
AAPL,2026-09-23,8,Call,390.0,AAPL260923C00390000,0.0,0.51,0.255,0.0,0.0,0.0,0.0,0.0,0.551,0.0013,0.0002,0.0023,-0.0034,0.0001,0.006,0.0,0.0,0.0,0.239999994635582,no_change,,0.0,50.0
AAPL,2026-09-23,8,Put,390.0,AAPL260923P00390000,57.0,60.25,58.625,0.0,0.0,0.0,0.0,0.0,0.0,-1.0,0.0,0.0,-0.0402,0.0,58.6951,0.0,0.0,0.0,55.6749992370606,no_change,,10.0,10.0
AAPL,2026-09-23,8,Call,395.0,AAPL260923C00395000,0.0,0.04,0.02,0.0,0.0,0.0,0.0,0.0,0.4298,0.001,0.0002,0.0018,-0.0028,0.0001,0.0047,0.0,0.0,0.0,0.259999990463257,no_change,,0.0,1.0
AAPL,2026-09-23,8,Put,395.0,AAPL260923P00395000,62.0,65.65,63.825,0.0,0.0,0.0,0.0,0.0,0.6057,-1.0,0.0,0.0,-0.0402,0.0,63.6951,0.0,0.0,0.0,60.75,no_change,,10.0,25.0
AAPL,2026-09-25,10,Call,110.0,AAPL260925C00110000,219.5,223.3,221.4,0.0,0.0,0.0,0.0,0.0,0.0,1.0,0.0,0.0,0.0,0.0361,221.4637,0.0,0.0,0.0,224.675003051758,no_change,,10.0,17.0
AAPL,2026-09-25,10,Put,110.0,AAPL260925P00110000,0.0,0.01,0.005,0.02,0.0,0.0,0.0,100.0,1.9657,0.0,0.0,0.0,-0.0002,0.0,0.0003,0.0,0.0,0.0,0.00499999988824129,down,2026-08-19T11:20:24,0.0,1000.0
AAPL,2026-09-25,10,Call,120.0,AAPL260925C00120000,209.5,213.35,211.425,0.0,0.0,0.0,0.0,0.0,0.0,1.0,0.0,0.0001,0.0,0.0394,211.4783,0.0,0.0,0.0,214.700004577637,no_change,,20.0,17.0
AAPL,2026-09-25,10,Put,120.0,AAPL260925P00120000,0.0,0.01,0.005,0.0,0.0,0.0,0.0,0.0,1.8154,0.0,0.0,0.0001,-0.0004,0.0,0.0006,0.0,0.0,0.0,0.254999995231628,no_change,,0.0,1000.0
AAPL,2026-09-25,10,Call,125.0,AAPL260925C00125000,204.5,208.35,206.425,0.0,0.0,0.0,0.0,0.0,0.0,1.0,0.0,0.0001,0.0,0.041,206.4857,0.0,0.0,0.0,209.724998474121,no_change,,32.0,17.0
AAPL,2026-09-25,10,Put,125.0,AAPL260925P00125000,0.0,0.01,0.005,0.0,0.0,0.0,0.0,0.0,1.7449,0.0,0.0,0.0001,-0.0005,0.0,0.0008,0.0,0.0,0.0,0.254999995231628,no_change,,0.0,1000.0
AAPL,2026-09-25,10,Call,130.0,AAPL260925C00130000,199.55,203.25,201.4,0.0,0.0,0.0,0.0,0.0,0.0,1.0,0.0,0.0001,0.0,0.0426,201.4931,0.0,0.0,0.0,204.875,no_change,,10.0,10.0
AAPL,2026-09-25,10,Put,130.0,AAPL260925P00130000,0.0,0.52,0.26,0.0,0.0,0.0,0.0,0.0,2.4178,0.0,0.0,0.0001,-0.0006,0.0,0.0009,0.0,0.0,0.0,0.254999995231628,no_change,,0.0,39.0
AAPL,2026-09-25,10,Call,135.0,AAPL260925C00135000,194.55,198.35,196.45,0.0,0.0,0.0,0.0,0.0,0.0,0.9999,0.0,0.0001,0.0,0.0443,196.5005,0.0,0.0,0.0,199.724998474121,no_change,,10.0,20.0
AAPL,2026-09-25,10,Put,135.0,AAPL260925P00135000,0.0,0.52,0.26,0.0,0.0,0.0,0.0,0.0,2.3265,-0.0001,0.0,0.0001,-0.0007,0.0,0.0012,0.0,0.0,0.0,0.254999995231628,no_change,,0.0,39.0
AAPL,2026-09-25,10,Call,140.0,AAPL260925C00140000,189.55,193.35,191.45,0.0,0.0,0.0,0.0,0.0,0.0,0.9999,0.0,0.0002,0.0,0.0459,191.5079,0.0,0.0,0.0,194.724998474121,no_change,,10.0,17.0
AAPL,2026-09-25,10,Put,140.0,AAPL260925P00140000,0.0,0.52,0.26,0.0,0.0,0.0,0.0,0.0,2.2385,-0.0001,0.0,0.0002,-0.0009,0.0,0.0014,0.0,0.0,0.0,0.254999995231628,no_change,,0.0,39.0
AAPL,2026-09-25,10,Call,145.0,AAPL260925C00145000,184.9,188.25,186.575,0.0,0.0,0.0,0.0,0.0,1.833,0.9999,0.0,0.0002,0.0,0.0476,186.5154,0.0,0.0,0.0,189.724998474121,no_change,,10.0,10.0
AAPL,2026-09-25,10,Put,145.0,AAPL260925P00145000,0.0,0.52,0.26,0.0,0.0,0.0,0.0,0.0,2.1537,-0.0001,0.0,0.0002,-0.001,0.0,0.0017,0.0,0.0,0.0,0.254999995231628,no_change,,0.0,39.0
AAPL,2026-09-25,10,Call,150.0,AAPL260925C00150000,179.55,183.2,181.375,171.25,0.0,0.0,0.0,0.0,0.0,0.9999,0.0,0.0002,0.0,0.0492,181.523,0.0,0.0,0.0,184.924995422363,up,2026-09-10T09:40:55,10.0,10.0
AAPL,2026-09-25,10,Put,150.0,AAPL260925P00150000,0.0,0.52,0.26,0.0,0.0,0.0,0.0,0.0,2.0717,-0.0001,0.0,0.0002,-0.0012,0.0,0.0021,0.0,0.0,0.0,0.259999990463257,no_change,,0.0,39.0
AAPL,2026-09-25,10,Call,155.0,AAPL260925C00155000,174.55,178.4,176.47500000000002,0.0,0.0,0.0,0.0,0.0,0.0,0.9998,0.0,0.0003,0.0,0.0508,176.5305,0.0,0.0,0.0,179.774993896484,no_change,,29.0,17.0
AAPL,2026-09-25,10,Put,155.0,AAPL260925P00155000,0.0,0.52,0.26,0.0,0.0,0.0,0.0,0.0,1.9924,-0.0001,0.0,0.0003,-0.0014,0.0,0.0024,0.0,0.0,0.0,0.259999990463257,no_change,,0.0,39.0
AAPL,2026-09-25,10,Call,160.0,AAPL260925C00160000,169.55,173.3,171.425,0.0,0.0,0.0,0.0,0.0,0.0,0.9998,0.0,0.0004,0.0,0.0525,171.5382,0.0,0.0,0.0,174.775001525879,no_change,,31.0,10.0
AAPL,2026-09-25,10,Put,160.0,AAPL260925P00160000,0.0,0.52,0.26,0.0,0.0,0.0,0.0,0.0,1.9156,-0.0002,0.0,0.0004,-0.0017,0.0,0.0029,0.0,0.0,0.0,0.259999990463257,no_change,,0.0,39.0
AAPL,2026-09-25,10,Call,165.0,AAPL260925C00165000,164.6,168.3,166.45,0.0,0.0,0.0,0.0,0.0,0.0,0.9998,0.0,0.0004,0.0,0.0541,166.5458,0.0,0.0,0.0,169.924995422363,no_change,,11.0,10.0
AAPL,2026-09-25,10,Put,165.0,AAPL260925P00165000,0.0,0.52,0.26,0.0,0.0,0.0,0.0,0.0,1.8411,-0.0002,0.0,0.0004,-0.0019,0.0,0.0034,0.0,0.0,0.0,0.259999990463257,no_change,,0.0,39.0
AAPL,2026-09-25,10,Call,170.0,AAPL260925C00170000,159.6,163.4,161.5,148.09,0.0,0.0,0.0,2.0,0.0,0.9998,0.0,0.0005,0.0,0.0557,161.5536,0.0,0.0,0.0,164.799995422363,up,2026-08-19T10:19:39,16.0,17.0
AAPL,2026-09-25,10,Put,170.0,AAPL260925P00170000,0.0,0.52,0.26,0.01,-0.14,-93.3333,1.0,1.0,1.7688,-0.0002,0.0,0.0005,-0.0022,0.0,0.0039,0.01,0.01,0.01,0.150000005960464,down,2026-09-15T14:19:10,0.0,39.0
AAPL,2026-09-25,10,Call,175.0,AAPL260925C00175000,154.6,158.4,156.5,0.0,0.0,0.0,0.0,0.0,0.0,0.9997,0.0,0.0006,0.0,0.0574,156.5614,0.0,0.0,0.0,159.775001525879,no_change,,16.0,17.0
AAPL,2026-09-25,10,Put,175.0,AAPL260925P00175000,0.0,0.02,0.01,0.01,0.005,100.0,6.0,24.0,1.2251,-0.0003,0.0,0.0006,-0.0025,0.0,0.0045,0.01,0.01,0.01,0.00499999988824129,no_change,2026-09-15T14:19:03,0.0,10.0
AAPL,2026-09-25,10,Call,180.0,AAPL260925C00180000,149.6,153.4,151.5,0.0,0.0,0.0,0.0,0.0,0.0,0.9997,0.0,0.0007,0.0,0.059,151.5693,0.0,0.0,0.0,154.775001525879,no_change,,16.0,17.0
AAPL,2026-09-25,10,Put,180.0,AAPL260925P00180000,0.0,0.52,0.26,0.01,-0.005,-33.3333,2.0,30.0,1.6301,-0.0003,0.0,0.0007,-0.0028,0.0,0.0052,0.01,0.01,0.01,0.0149999996647239,no_change,2026-09-15T09:53:11,0.0,39.0
AAPL,2026-09-25,10,Call,185.0,AAPL260925C00185000,144.6,148.3,146.45,149.7,0.0,0.0,0.0,0.0,0.0,0.9996,0.0,0.0008,0.0,0.0606,146.5772,0.0,0.0,0.0,149.799995422363,up,2026-09-11T12:00:25,16.0,10.0
AAPL,2026-09-25,10,Put,185.0,AAPL260925P00185000,0.0,0.06,0.03,0.03,0.0,0.0,0.0,20.0,1.2343,-0.0004,0.0,0.0008,-0.0032,0.0,0.006,0.0,0.0,0.0,0.0299999993294477,up,2026-09-01T09:51:25,0.0,2.0
AAPL,2026-09-25,10,Call,190.0,AAPL260925C00190000,139.6,143.45,141.52499999999998,145.45,0.0,0.0,0.0,2.0,0.0,0.9995,0.0,0.0009,0.0,0.0623,141.5853,0.0,0.0,0.0,144.949996948242,up,2026-09-11T11:07:35,18.0,17.0
AAPL,2026-09-25,10,Put,190.0,AAPL260925P00190000,0.0,0.52,0.26,0.04,0.0,0.0,0.0,17.0,1.4986,-0.0005,0.0,0.0009,-0.0036,0.0,0.0068,0.0,0.0,0.0,0.259999990463257,down,2026-09-01T10:50:33,0.0,39.0
AAPL,2026-09-25,10,Call,195.0,AAPL260925C00195000,134.6,138.45,136.52499999999998,122.25,0.0,0.0,0.0,1.0,0.0,0.9994,0.0,0.0011,0.0,0.0639,136.5935,0.0,0.0,0.0,140.0,up,2026-08-27T15:59:29,27.0,17.0
AAPL,2026-09-25,10,Put,195.0,AAPL260925P00195000,0.0,0.09,0.045,0.01,0.0,0.0,0.0,26.0,1.1745,-0.0006,0.0,0.0011,-0.0041,-0.0001,0.0078,0.0,0.0,0.0,0.0350000001490116,down,2026-09-11T14:00:41,0.0,3.0
AAPL,2026-09-25,10,Call,200.0,AAPL260925C00200000,129.65,133.45,131.55,120.5,0.0,0.0,0.0,1.0,0.0,0.9994,0.0,0.0012,0.0,0.0655,131.6018,0.0,0.0,0.0,134.824996948242,up,2026-08-28T13:48:59,10.0,17.0
AAPL,2026-09-25,10,Put,200.0,AAPL260925P00200000,0.0,0.04,0.02,0.01,0.0,0.0,0.0,54.0,1.2469,-0.0006,0.0,0.0012,-0.0046,-0.0001,0.0089,0.0,0.0,0.0,0.0149999996647239,no_change,2026-09-14T15:42:58,0.0,10.0
AAPL,2026-09-25,10,Call,205.0,AAPL260925C00205000,124.65,128.4,126.525,110.85,0.0,0.0,0.0,5.0,0.0,0.9992,0.0,0.0014,0.0,0.0672,126.6102,0.0,0.0,0.0,129.724998474121,up,2026-08-19T15:57:48,10.0,10.0
AAPL,2026-09-25,10,Put,205.0,AAPL260925P00205000,0.0,0.52,0.26,0.1,0.0,0.0,0.0,26.0,1.313,-0.0008,0.0,0.0014,-0.0051,-0.0001,0.0101,0.0,0.0,0.0,0.259999990463257,up,2026-09-01T10:25:22,0.0,39.0
AAPL,2026-09-25,10,Call,210.0,AAPL260925C00210000,119.65,123.35,121.5,124.54,0.0,0.0,0.0,3.0,0.0,0.9991,0.0001,0.0016,0.0,0.0688,121.6188,0.0,0.0,0.0,124.849998474121,up,2026-09-11T12:46:00,10.0,10.0
AAPL,2026-09-25,10,Put,210.0,AAPL260925P00210000,0.0,0.51,0.255,0.09,0.0,0.0,0.0,54.0,1.2506,-0.0009,0.0001,0.0016,-0.0057,-0.0001,0.0115,0.0,0.0,0.0,0.254999995231628,down,2026-09-03T09:58:53,0.0,39.0
AAPL,2026-09-25,10,Call,215.0,AAPL260925C00215000,114.65,117.8,116.225,0.0,0.0,0.0,0.0,0.0,0.0,0.999,0.0001,0.0019,0.0,0.0704,116.6275,0.0,0.0,0.0,120.0,no_change,,16.0,13.0
AAPL,2026-09-25,10,Put,215.0,AAPL260925P00215000,0.0,0.04,0.02,0.08,0.0,0.0,0.0,241.0,0.9015,-0.001,0.0001,0.0019,-0.0064,-0.0001,0.0131,0.0,0.0,0.0,0.0199999995529652,up,2026-09-14T15:56:41,0.0,10.0
AAPL,2026-09-25,10,Call,220.0,AAPL260925C00220000,109.65,113.4,111.525,109.64,-5.21,-4.53635,1.0,62.0,0.0,0.9988,0.0001,0.0022,0.0,0.072,111.6366,109.64,109.64,109.64,114.849998474121,up,2026-09-15T11:56:18,16.0,10.0
AAPL,2026-09-25,10,Put,220.0,AAPL260925P00220000,0.0,0.06,0.03,0.04,0.01,33.3333,2.0,45.0,0.8897,-0.0012,0.0001,0.0022,-0.0072,-0.0001,0.015,0.03,0.04,0.03,0.0299999993294477,up,2026-09-15T11:45:30,0.0,10.0
AAPL,2026-09-25,10,Call,225.0,AAPL260925C00225000,104.65,108.4,106.525,110.35,0.0,0.0,0.0,6.0,0.0,0.9986,0.0001,0.0026,0.0,0.0737,106.6459,0.0,0.0,0.0,109.650001525879,up,2026-09-11T10:53:38,28.0,10.0
AAPL,2026-09-25,10,Put,225.0,AAPL260925P00225000,0.0,0.5,0.25,0.22,-0.025,-10.2041,3.0,149.0,1.0778,-0.0014,0.0001,0.0026,-0.008,-0.0001,0.0171,0.05,0.22,0.05,0.245000004768372,up,2026-09-15T13:30:22,0.0,39.0
AAPL,2026-09-25,10,Call,230.0,AAPL260925C00230000,99.65,103.5,101.575,102.5,0.0,0.0,0.0,3.0,0.0,0.9983,0.0001,0.003,0.0,0.0753,101.6555,0.0,0.0,0.0,104.650001525879,down,2026-09-11T14:24:06,30.0,17.0
AAPL,2026-09-25,10,Put,230.0,AAPL260925P00230000,0.01,0.03,0.02,0.01,-0.22,-95.6522,99.0,75.0,0.7507,-0.0017,0.0001,0.003,-0.009,-0.0002,0.0196,0.08,0.13,0.01,0.230000004172325,down,2026-09-15T15:49:39,21.0,10.0
AAPL,2026-09-25,10,Call,235.0,AAPL260925C00235000,94.65,98.5,96.575,95.14,0.0,0.0,0.0,29.0,0.0,0.998,0.0001,0.0035,0.0,0.0769,96.6656,0.0,0.0,0.0,100.0,up,2026-09-03T10:37:33,30.0,17.0
AAPL,2026-09-25,10,Put,235.0,AAPL260925P00235000,0.0,0.48,0.24,0.14,-0.095,-40.4255,1.0,900.0,0.9645,-0.002,0.0001,0.0035,-0.0102,-0.0002,0.0224,0.14,0.14,0.14,0.234999999403954,up,2026-09-15T13:30:22,0.0,210.0
AAPL,2026-09-25,10,Call,240.0,AAPL260925C00240000,89.7,93.25,91.475,90.68,-4.22,-4.44679,1.0,13.0,0.0,0.9977,0.0002,0.004,-0.0004,0.0785,91.6763,90.68,90.68,90.68,94.9000015258789,up,2026-09-15T14:31:35,12.0,10.0
AAPL,2026-09-25,10,Put,240.0,AAPL260925P00240000,0.0,0.05,0.025,0.03,0.0,-8.69234e-07,509.0,425.0,0.7018,-0.0023,0.0002,0.004,-0.0115,-0.0002,0.0259,0.02,0.03,0.01,0.0300000002607703,no_change,2026-09-15T14:19:53,0.0,58.0
AAPL,2026-09-25,10,Call,245.0,AAPL260925C00245000,84.7,88.45,86.575,89.67,0.0,0.0,0.0,44.0,0.0,0.9972,0.0002,0.0048,-0.0025,0.0801,86.6876,0.0,0.0,0.0,88.9749984741211,down,2026-09-14T11:40:34,10.0,10.0
AAPL,2026-09-25,10,Put,245.0,AAPL260925P00245000,0.01,0.03,0.02,0.03,0.0,2.23517e-06,441.0,856.0,0.6608,-0.0028,0.0002,0.0048,-0.013,-0.0003,0.03,0.02,0.03,0.02,0.0299999993294477,no_change,2026-09-15T15:52:00,8.0,30.0
AAPL,2026-09-25,10,Call,250.0,AAPL260925C00250000,79.7,83.5,81.6,85.05,0.0,0.0,0.0,74.0,0.0,0.9966,0.0003,0.0056,-0.0049,0.0816,81.6998,0.0,0.0,0.0,84.7999992370606,up,2026-09-14T12:05:00,10.0,10.0
AAPL,2026-09-25,10,Put,250.0,AAPL260925P00250000,0.0,0.2,0.1,0.03,-0.005,-14.2857,62.0,14603.0,0.7213,-0.0034,0.0003,0.0057,-0.0148,-0.0004,0.0351,0.03,0.04,0.02,0.0350000001490116,no_change,2026-09-15T15:47:24,0.0,193.0
AAPL,2026-09-25,10,Call,255.0,AAPL260925C00255000,74.7,78.5,76.6,64.7,0.0,0.0,0.0,58.0,0.0,0.9959,0.0004,0.0067,-0.0076,0.0832,76.7132,0.0,0.0,0.0,79.9500007629394,up,2026-09-10T10:05:32,18.0,10.0
AAPL,2026-09-25,10,Put,255.0,AAPL260925P00255000,0.0,0.32,0.16,0.03,-0.015,-33.3333,34.0,949.0,0.7183,-0.0041,0.0004,0.0067,-0.0169,-0.0004,0.0413,0.12,0.12,0.03,0.0449999999254942,down,2026-09-15T15:50:30,0.0,96.0
AAPL,2026-09-25,10,Call,260.0,AAPL260925C00260000,69.8,73.55,71.675,64.3,0.0,0.0,0.0,37.0,0.0,0.995,0.0004,0.0081,-0.0107,0.0848,71.728,0.0,0.0,0.0,74.9500007629394,up,2026-09-10T13:15:13,10.0,10.0
AAPL,2026-09-25,10,Put,260.0,AAPL260925P00260000,0.03,0.05,0.04,0.04,-0.065,-61.9048,50.0,1502.0,0.5679,-0.005,0.0004,0.0081,-0.0194,-0.0005,0.0489,0.04,0.04,0.04,0.105000000447035,down,2026-09-15T15:40:43,1.0,5.0
AAPL,2026-09-25,10,Call,265.0,AAPL260925C00265000,64.75,68.55,66.65,68.91,0.0,0.0,0.0,23.0,0.0,0.9939,0.0006,0.0097,-0.0143,0.0863,66.7447,0.0,0.0,0.0,69.3500022888184,up,2026-09-11T13:55:48,13.0,10.0
AAPL,2026-09-25,10,Put,265.0,AAPL260925P00265000,0.02,0.07,0.045000000000000005,0.05,-0.015,-23.0769,4.0,574.0,0.5404,-0.0062,0.0006,0.0098,-0.0224,-0.0006,0.0585,0.03,0.05,0.03,0.0649999994784594,no_change,2026-09-15T13:50:44,1.0,14.0
AAPL,2026-09-25,10,Call,270.0,AAPL260925C00270000,59.8,63.6,61.7,49.05,0.0,0.0,0.0,35.0,0.41,0.9924,0.0007,0.0118,-0.0185,0.0878,61.7639,0.0,0.0,0.0,64.7000007629394,down,2026-09-09T14:56:40,12.0,16.0
AAPL,2026-09-25,10,Put,270.0,AAPL260925P00270000,0.03,0.08,0.055,0.07,0.005,7.69231,18.0,537.0,0.5055,-0.0077,0.0007,0.0119,-0.026,-0.0008,0.0705,0.08,0.09,0.06,0.0650000013411045,up,2026-09-15T13:21:18,38.0,33.0
AAPL,2026-09-25,10,Call,275.0,AAPL260925C00275000,54.8,58.6,56.7,55.73,-4.02,-6.72803,3.0,77.0,0.0,0.9904,0.001,0.0145,-0.0234,0.0892,56.7865,55.81,55.85,55.73,59.75,down,2026-09-15T14:08:20,10.0,12.0
AAPL,2026-09-25,10,Put,275.0,AAPL260925P00275000,0.04,0.1,0.07,0.08,0.0,-9.31323e-08,703.0,1312.0,0.4786,-0.0097,0.001,0.0145,-0.0304,-0.001,0.0859,0.1,0.1,0.07,0.0800000000745058,no_change,2026-09-15T15:48:32,67.0,39.0
AAPL,2026-09-25,10,Call,277.5,AAPL260925C00277500,52.3,56.05,54.175,46.76,0.0,0.0,0.0,8.0,0.0,0.9892,0.0011,0.0161,-0.0262,0.0899,54.2994,0.0,0.0,0.0,57.375,down,2026-09-10T12:53:15,11.0,10.0
AAPL,2026-09-25,10,Put,277.5,AAPL260925P00277500,0.03,0.12,0.075,0.13,0.06,85.7143,14.0,61.0,0.462,-0.0109,0.0011,0.0161,-0.0329,-0.0011,0.0952,0.09,0.13,0.09,0.0699999993667006,up,2026-09-15T13:12:11,147.0,101.0
AAPL,2026-09-25,10,Call,280.0,AAPL260925C00280000,49.85,53.35,51.6,51.1,-3.125,-5.76302,2.0,159.0,0.0,0.9877,0.0012,0.0179,-0.0293,0.0905,51.8136,50.73,51.1,50.73,54.2249984741211,up,2026-09-15T14:27:28,74.0,15.0
AAPL,2026-09-25,10,Put,280.0,AAPL260925P00280000,0.05,0.12,0.08499999999999999,0.1,-0.015,-13.0435,274.0,891.0,0.4612,-0.0123,0.0012,0.018,-0.0356,-0.0012,0.1058,0.13,0.14,0.1,0.115000002086163,no_change,2026-09-15T14:04:44,1.0,61.0
AAPL,2026-09-25,10,Call,282.5,AAPL260925C00282500,47.35,51.05,49.2,43.34,0.0,0.0,0.0,7.0,0.0,0.9861,0.0014,0.02,-0.0327,0.0912,49.3293,0.0,0.0,0.0,52.5750007629394,down,2026-09-10T13:42:40,10.0,10.0
AAPL,2026-09-25,10,Put,282.5,AAPL260925P00282500,0.05,0.15,0.1,0.11,0.01,10.0,15.0,141.0,0.437,-0.0139,0.0014,0.02,-0.0387,-0.0014,0.118,0.12,0.12,0.11,0.100000003352761,down,2026-09-15T13:06:55,33.0,41.0
AAPL,2026-09-25,10,Call,285.0,AAPL260925C00285000,44.85,48.4,46.625,45.75,-4.325,-8.63705,1.0,100.0,0.0,0.9842,0.0017,0.0223,-0.0363,0.0918,46.8468,45.75,45.75,45.75,50.0750007629394,down,2026-09-15T14:26:50,110.0,24.0
AAPL,2026-09-25,10,Put,285.0,AAPL260925P00285000,0.09,0.15,0.12,0.12,-0.02,-14.2857,185.0,666.0,0.4336,-0.0159,0.0017,0.0224,-0.0421,-0.0016,0.1321,0.15,0.16,0.12,0.139999996870756,down,2026-09-15T15:46:11,24.0,20.0
AAPL,2026-09-25,10,Call,287.5,AAPL260925C00287500,42.4,46.2,44.3,46.28,0.0,0.0,0.0,22.0,0.3843,0.982,0.0019,0.025,-0.0404,0.0924,44.3665,0.0,0.0,0.0,47.75,no_change,2026-09-11T15:22:20,15.0,15.0
AAPL,2026-09-25,10,Put,287.5,AAPL260925P00287500,0.1,0.17,0.135,0.14,0.01,7.69231,15.0,321.0,0.4122,-0.0181,0.0019,0.0251,-0.0459,-0.0019,0.1481,0.15,0.15,0.14,0.130000002682209,down,2026-09-15T15:45:49,52.0,46.0
AAPL,2026-09-25,10,Call,290.0,AAPL260925C00290000,39.9,42.25,41.075,41.25,-4.1,-9.04079,1.0,135.0,0.0,0.9793,0.0022,0.0281,-0.0449,0.0929,41.8888,41.25,41.25,41.25,45.3499984741211,down,2026-09-15T14:18:02,57.0,5.0
AAPL,2026-09-25,10,Put,290.0,AAPL260925P00290000,0.14,0.2,0.17,0.16,-0.01,-5.88235,429.0,1395.0,0.4044,-0.0208,0.0022,0.0282,-0.0501,-0.0021,0.1669,0.17,0.21,0.14,0.170000001788139,no_change,2026-09-15T15:48:32,49.0,54.0
AAPL,2026-09-25,10,Call,292.5,AAPL260925C00292500,37.45,39.85,38.650000000000006,41.07,0.0,0.0,0.0,10.0,0.0,0.9762,0.0026,0.0317,-0.0498,0.0934,39.4144,0.0,0.0,0.0,42.7250003814697,up,2026-09-11T14:45:29,28.0,10.0
AAPL,2026-09-25,10,Put,292.5,AAPL260925P00292500,0.15,0.21,0.18,0.2,0.005,2.5641,39.0,423.0,0.3857,-0.0239,0.0026,0.0317,-0.0548,-0.0024,0.1891,0.22,0.22,0.2,0.195000000298023,no_change,2026-09-15T13:36:00,49.0,47.0
AAPL,2026-09-25,10,Call,295.0,AAPL260925C00295000,35.35,37.3,36.325,35.68,-3.895,-9.84207,6.0,237.0,0.0,0.9724,0.0031,0.0358,-0.0555,0.0938,36.9445,35.37,36.22,35.37,39.5749988555908,down,2026-09-15T13:50:44,69.0,10.0
AAPL,2026-09-25,10,Put,295.0,AAPL260925P00295000,0.21,0.27,0.24,0.2,-0.025,-11.1111,543.0,1847.0,0.374,-0.0278,0.0031,0.036,-0.0602,-0.0028,0.2159,0.27,0.31,0.2,0.224999994039536,down,2026-09-15T15:46:11,22.0,27.0
AAPL,2026-09-25,10,Call,297.5,AAPL260925C00297500,32.5,36.35,34.425,35.95,0.0,0.0,0.0,90.0,0.345,0.9677,0.0036,0.0408,-0.0619,0.0941,34.4803,0.0,0.0,0.0,37.8999996185303,down,2026-09-14T10:19:07,18.0,10.0
AAPL,2026-09-25,10,Put,297.5,AAPL260925P00297500,0.19,0.3,0.245,0.26,0.015,6.12245,11.0,106.0,0.3593,-0.0325,0.0037,0.0409,-0.0665,-0.0032,0.2485,0.27,0.27,0.22,0.244999997317791,no_change,2026-09-15T15:37:29,27.0,27.0
AAPL,2026-09-25,10,Call,300.0,AAPL260925C00300000,30.85,32.35,31.6,32.1,-2.725,-7.82484,108.0,976.0,0.0,0.962,0.0043,0.0466,-0.0695,0.0943,32.0241,31.65,32.1,30.3,34.8250007629394,up,2026-09-15T15:54:40,106.0,22.0
AAPL,2026-09-25,10,Put,300.0,AAPL260925P00300000,0.28,0.3,0.29000000000000004,0.3,0.0,9.93411e-07,324.0,2310.0,0.3478,-0.0383,0.0044,0.0469,-0.0737,-0.0039,0.2889,0.37,0.37,0.28,0.299999997019768,no_change,2026-09-15T15:58:31,50.0,23.0
AAPL,2026-09-25,10,Call,302.5,AAPL260925C00302500,28.6,30.15,29.375,28.38,-4.37,-13.3435,97.0,16.0,0.2831,0.9547,0.0052,0.0536,-0.0784,0.0943,29.5791,29.2,29.37,28.15,32.75,up,2026-09-15T15:41:33,34.0,19.0
AAPL,2026-09-25,10,Put,302.5,AAPL260925P00302500,0.31,0.38,0.345,0.35,0.015,4.47761,14.0,115.0,0.334,-0.0456,0.0052,0.0539,-0.0825,-0.0045,0.3409,0.38,0.39,0.35,0.33500000834465,down,2026-09-15T14:56:19,31.0,19.0
AAPL,2026-09-25,10,Call,305.0,AAPL260925C00305000,26.2,28.3,27.25,25.37,-4.63,-15.4333,61.0,319.0,0.1792,0.9454,0.0062,0.0623,-0.0891,0.0941,27.15,26.2,26.23,25.29,30.0,up,2026-09-15T11:04:52,5.0,1.0
AAPL,2026-09-25,10,Put,305.0,AAPL260925P00305000,0.39,0.43,0.41000000000000003,0.39,-0.02,-4.87805,194.0,4001.0,0.321,-0.055,0.0063,0.0626,-0.093,-0.0055,0.4088,0.48,0.53,0.39,0.409999996423721,down,2026-09-15T15:56:29,55.0,25.0
AAPL,2026-09-25,10,Call,307.5,AAPL260925C00307500,23.8,25.85,24.825000000000003,22.95,-4.625,-16.7724,56.0,16.0,0.2202,0.9332,0.0076,0.0726,-0.1022,0.0936,24.7435,23.78,23.79,22.92,27.5750007629395,no_change,2026-09-15T10:26:36,18.0,2.0
AAPL,2026-09-25,10,Put,307.5,AAPL260925P00307500,0.46,0.54,0.5,0.52,0.055,11.828,39.0,121.0,0.3093,-0.0673,0.0076,0.073,-0.106,-0.0066,0.4997,0.53,0.59,0.52,0.465000003576279,down,2026-09-15T15:54:40,20.0,23.0
AAPL,2026-09-25,10,Call,310.0,AAPL260925C00310000,21.55,22.45,22.0,21.35,-3.775,-15.0249,87.0,878.0,0.2444,0.9175,0.0092,0.0852,-0.1179,0.0926,22.3686,20.58,21.87,20.41,25.125,up,2026-09-15T15:48:56,144.0,3.0
AAPL,2026-09-25,10,Put,310.0,AAPL260925P00310000,0.61,0.64,0.625,0.63,0.045,7.69231,530.0,2024.0,0.2985,-0.0832,0.0093,0.086,-0.1216,-0.008,0.6224,0.74,0.93,0.59,0.584999978542328,up,2026-09-15T15:59:46,24.0,1.0
AAPL,2026-09-25,10,Call,312.5,AAPL260925C00312500,19.75,21.1,20.425,19.95,-2.85,-12.5,46.0,175.0,0.326,0.897,0.0112,0.1002,-0.1367,0.0912,20.0374,19.78,19.95,18.75,22.8000001907349,up,2026-09-15T15:59:26,5.0,41.0
AAPL,2026-09-25,10,Put,312.5,AAPL260925P00312500,0.73,0.86,0.7949999999999999,0.78,0.09,13.0435,199.0,783.0,0.2869,-0.1037,0.0113,0.1004,-0.1401,-0.0102,0.7873,1.11,1.11,0.78,0.689999997615814,down,2026-09-15T15:53:47,75.0,179.0
AAPL,2026-09-25,10,Call,315.0,AAPL260925C00315000,16.9,18.15,17.525,16.93,-3.42,-16.8059,169.0,1002.0,0.2596,0.8706,0.0136,0.1174,-0.1584,0.0891,17.765,16.1,17.3,16.1,20.3500003814697,no_change,2026-09-15T15:53:06,125.0,58.0
AAPL,2026-09-25,10,Put,315.0,AAPL260925P00315000,0.99,1.05,1.02,1.01,0.12,13.4831,629.0,2900.0,0.2818,-0.1307,0.0137,0.118,-0.162,-0.0126,1.0163,1.12,1.28,0.97,0.890000015497208,up,2026-09-15T15:58:10,6.0,9.0
AAPL,2026-09-25,10,Call,317.5,AAPL260925C00317500,14.75,16.2,15.475,14.74,-3.46,-19.011,43.0,146.0,0.2676,0.8374,0.0162,0.1365,-0.1824,0.0862,15.5697,14.19,14.9,14.19,18.2000007629395,down,2026-09-15T15:53:15,102.0,36.0
AAPL,2026-09-25,10,Put,317.5,AAPL260925P00317500,1.3,1.36,1.33,1.45,0.35,31.8182,131.0,408.0,0.2753,-0.1644,0.0164,0.1373,-0.1861,-0.0155,1.321,1.51,1.6,1.35,1.09999996423721,up,2026-09-15T15:33:00,57.0,78.0
AAPL,2026-09-25,10,Call,320.0,AAPL260925C00320000,12.85,14.0,13.425,12.47,-3.505,-21.9405,210.0,6013.0,0.2658,0.7964,0.0191,0.1566,-0.2076,0.0824,13.472,12.0,13.5,11.9,15.9750003814697,down,2026-09-15T15:35:54,86.0,58.0
AAPL,2026-09-25,10,Put,320.0,AAPL260925P00320000,1.7,1.81,1.755,1.7,0.28,19.7183,1090.0,5249.0,0.2712,-0.2053,0.0193,0.1574,-0.2111,-0.019,1.7193,2.01,2.15,1.63,1.4200000166893,no_change,2026-09-15T15:57:52,57.0,81.0
AAPL,2026-09-25,10,Call,322.5,AAPL260925C00322500,10.9,12.1,11.5,11.66,-2.565,-18.0316,124.0,392.0,0.2643,0.7475,0.0219,0.1764,-0.2323,0.0777,11.494,11.15,11.66,9.85,14.2249999046326,up,2026-09-15T15:54:57,233.0,135.0
AAPL,2026-09-25,10,Put,322.5,AAPL260925P00322500,2.2,2.32,2.26,2.18,0.35,19.1257,172.0,1080.0,0.265,-0.2548,0.0222,0.1773,-0.2358,-0.0231,2.2423,2.81,2.81,2.1,1.8299999833107,down,2026-09-15T15:55:05,55.0,47.0
AAPL,2026-09-25,10,Call,325.0,AAPL260925C00325000,9.45,9.85,9.649999999999999,9.77,-2.18,-18.2427,324.0,5000.0,0.2596,0.6908,0.0246,0.1941,-0.2541,0.0721,9.6573,8.46,9.9,7.98,11.9499998092651,down,2026-09-15T15:54:55,79.0,50.0
AAPL,2026-09-25,10,Put,325.0,AAPL260925P00325000,2.9,3.05,2.9749999999999996,2.98,0.605,25.4737,877.0,1778.0,0.2634,-0.3121,0.0249,0.195,-0.2577,-0.0277,2.9083,3.6,3.8,2.75,2.375,up,2026-09-15T15:59:59,1.0,78.0
AAPL,2026-09-25,10,Call,327.5,AAPL260925C00327500,7.8,8.15,7.975,8.0,-2.025,-20.1995,618.0,363.0,0.2563,0.6274,0.0268,0.2081,-0.2708,0.0657,7.9818,6.85,8.0,6.5,10.0249996185303,up,2026-09-15T15:54:40,50.0,40.0
AAPL,2026-09-25,10,Put,327.5,AAPL260925P00327500,3.65,3.85,3.75,3.77,0.735,24.2175,259.0,551.0,0.2584,-0.3762,0.0271,0.2086,-0.2744,-0.0328,3.7374,4.4,4.62,3.65,3.0349999666214,up,2026-09-15T15:57:25,9.0,67.0
AAPL,2026-09-25,10,Call,330.0,AAPL260925C00330000,6.35,6.6,6.475,6.4,-1.975,-23.5821,1485.0,3046.0,0.2536,0.559,0.0282,0.2167,-0.2802,0.0587,6.483,5.62,6.8,5.15,8.375,down,2026-09-15T15:59:33,42.0,43.0
AAPL,2026-09-25,10,Put,330.0,AAPL260925P00330000,4.7,4.9,4.800000000000001,4.85,0.975,25.1613,1048.0,1849.0,0.2564,-0.4455,0.0285,0.2168,-0.2838,-0.0377,4.7455,5.4,6.0,4.55,3.875,up,2026-09-15T15:59:16,29.0,34.0
AAPL,2026-09-25,10,Call,332.5,AAPL260925C00332500,5.05,5.25,5.15,5.15,-1.7,-24.8175,909.0,359.0,0.2508,0.488,0.0287,0.219,-0.281,0.0514,5.1707,4.2,5.3,4.0,6.84999990463257,no_change,2026-09-15T15:59:52,49.0,37.0
AAPL,2026-09-25,10,Put,332.5,AAPL260925P00332500,5.8,6.05,5.925,5.95,1.1,22.6804,398.0,405.0,0.251,-0.5175,0.0291,0.2183,-0.2845,-0.0423,5.9425,6.8,7.45,5.75,4.84999990463257,no_change,2026-09-15T15:59:52,104.0,60.0
AAPL,2026-09-25,10,Call,335.0,AAPL260925C00335000,4.0,4.1,4.05,4.0,-1.45,-26.6055,1667.0,5970.0,0.2491,0.4168,0.0283,0.2144,-0.2729,0.044,4.0481,3.7,4.2,3.09,5.45000004768372,no_change,2026-09-15T15:59:57,1.0,77.0
AAPL,2026-09-25,10,Put,335.0,AAPL260925P00335000,7.25,7.5,7.375,7.38,1.355,22.4896,394.0,824.0,0.2522,-0.5897,0.0287,0.2127,-0.2761,-0.0465,7.3318,8.3,8.64,7.15,6.02499985694885,up,2026-09-15T15:59:59,5.0,39.0
AAPL,2026-09-25,10,Call,337.5,AAPL260925C00337500,3.0,3.25,3.125,3.1,-1.25,-28.7356,439.0,592.0,0.246,0.3481,0.0269,0.2034,-0.2565,0.0368,3.1108,2.75,3.2,2.27,4.34999990463257,up,2026-09-15T15:59:57,109.0,103.0
AAPL,2026-09-25,10,Put,337.5,AAPL260925P00337500,8.7,9.15,8.925,9.76,2.385,32.339,107.0,55.0,0.2498,-0.6593,0.0273,0.2004,-0.2594,-0.0498,8.9088,9.45,10.37,8.75,7.375,no_change,2026-09-15T15:43:02,34.0,56.0
AAPL,2026-09-25,10,Call,340.0,AAPL260925C00340000,2.3,2.42,2.36,2.32,-1.03,-30.7463,2728.0,7152.0,0.2492,0.2844,0.0248,0.1871,-0.2334,0.0301,2.3478,2.1,2.44,1.66,3.35000002384186,up,2026-09-15T15:59:52,28.0,59.0
AAPL,2026-09-25,10,Put,340.0,AAPL260925P00340000,10.45,10.85,10.649999999999999,10.7,1.825,20.5634,157.0,222.0,0.2476,-0.7241,0.0252,0.1826,-0.2361,-0.0519,10.6626,12.44,12.5,10.7,8.875,no_change,2026-09-15T15:58:03,16.0,24.0
AAPL,2026-09-25,10,Call,342.5,AAPL260925C00342500,1.69,1.76,1.725,1.75,-0.78,-30.83,429.0,640.0,0.247,0.2274,0.022,0.1669,-0.206,0.024,1.7423,1.21,1.76,1.21,2.52999997138977,up,2026-09-15T15:59:44,61.0,31.0
AAPL,2026-09-25,10,Put,342.5,AAPL260925P00342500,11.8,12.8,12.3,13.4,2.625,24.3619,13.0,8.0,0.2303,-0.7822,0.0226,0.1608,-0.2089,-0.0524,12.5763,14.0,14.0,13.4,10.7750000953674,down,2026-09-15T14:33:43,26.0,15.0
AAPL,2026-09-25,10,Call,345.0,AAPL260925C00345000,1.25,1.3,1.275,1.26,-0.645,-33.8583,987.0,3520.0,0.2485,0.1782,0.019,0.1448,-0.1766,0.0188,1.2735,1.01,1.31,0.88,1.90500003099442,up,2026-09-15T15:59:34,42.0,61.0
AAPL,2026-09-25,10,Put,345.0,AAPL260925P00345000,13.85,15.7,14.774999999999999,15.55,3.1,24.8996,43.0,99.0,0.259,-0.8328,0.0196,0.1372,-0.1803,-0.0508,14.6293,16.0,16.0,15.2,12.4499998092651,up,2026-09-15T15:25:18,34.0,60.0
AAPL,2026-09-25,10,Call,347.5,AAPL260925C00347500,0.9,0.97,0.935,0.94,-0.47,-33.3333,425.0,406.0,0.2505,0.1371,0.016,0.1225,-0.1475,0.0145,0.919,0.83,0.94,0.65,1.41000002622604,up,2026-09-15T15:56:29,53.0,109.0
AAPL,2026-09-25,10,Put,347.5,AAPL260925P00347500,16.05,17.6,16.825000000000003,15.75,0.0,0.0,0.0,4.0,0.2515,-0.8754,0.0167,0.1133,-0.1525,-0.047,16.7995,0.0,0.0,0.0,14.0250000953674,no_change,2026-09-14T10:19:13,35.0,11.0
AAPL,2026-09-25,10,Call,350.0,AAPL260925C00350000,0.65,0.67,0.66,0.65,-0.37,-36.2745,970.0,5603.0,0.2512,0.1039,0.013,0.1013,-0.1204,0.011,0.6568,0.55,0.67,0.44,1.01999998092651,down,2026-09-15T15:59:10,82.0,4.0
AAPL,2026-09-25,10,Put,350.0,AAPL260925P00350000,18.4,20.1,19.25,19.4,2.875,17.3979,32.0,142.0,0.27,-0.9101,0.0138,0.0907,-0.1267,-0.0414,19.0645,20.56,20.56,19.4,16.5249996185303,down,2026-09-15T15:54:29,63.0,76.0
AAPL,2026-09-25,10,Call,352.5,AAPL260925C00352500,0.46,0.48,0.47,0.46,-0.295,-39.0728,237.0,596.0,0.2529,0.0775,0.0104,0.0819,-0.0962,0.0082,0.4643,0.41,0.46,0.33,0.755000025033951,up,2026-09-15T15:58:00,109.0,128.0
AAPL,2026-09-25,10,Put,352.5,AAPL260925P00352500,20.6,22.45,21.525,22.43,3.98,21.5718,22.0,10.0,0.2689,-0.9379,0.0113,0.0704,-0.1028,-0.0373,21.404,22.43,22.43,22.43,18.4499998092651,no_change,2026-09-15T10:10:52,30.0,11.0
AAPL,2026-09-25,10,Call,355.0,AAPL260925C00355000,0.32,0.34,0.33,0.33,-0.21,-38.8889,1125.0,3276.0,0.2547,0.0575,0.0082,0.0655,-0.076,0.006,0.329,0.32,0.33,0.21,0.53999999165535,up,2026-09-15T15:59:11,56.0,56.0
AAPL,2026-09-25,10,Put,355.0,AAPL260925P00355000,23.2,25.35,24.275,20.55,0.0,0.0,0.0,6.0,0.3216,-0.9599,0.0093,0.0506,-0.0809,-0.0332,23.8019,0.0,0.0,0.0,21.3000001907349,down,2026-09-14T11:48:56,30.0,12.0
AAPL,2026-09-25,10,Call,357.5,AAPL260925C00357500,0.2,0.24,0.22,0.2,-0.185,-48.0519,47.0,66.0,0.2546,0.0425,0.0064,0.0517,-0.0595,0.0045,0.2336,0.18,0.2,0.15,0.385000005364418,up,2026-09-15T14:31:29,89.0,14.0
AAPL,2026-09-25,10,Put,357.5,AAPL260925P00357500,25.1,27.85,26.475,0.0,0.0,0.0,0.0,0.0,0.3067,-0.9765,0.0071,0.0303,-0.0628,-0.0214,26.2435,0.0,0.0,0.0,23.0249996185303,no_change,,30.0,10.0
AAPL,2026-09-25,10,Call,360.0,AAPL260925C00360000,0.15,0.17,0.16,0.13,-0.145,-52.7273,1135.0,4097.0,0.259,0.0315,0.0049,0.0406,-0.0464,0.0033,0.167,0.16,0.16,0.11,0.275000005960464,no_change,2026-09-15T15:49:11,43.0,49.0
AAPL,2026-09-25,10,Put,360.0,AAPL260925P00360000,27.25,30.35,28.8,30.8,5.275,20.666,10.0,16.0,0.2943,-0.9877,0.0048,0.0157,-0.0505,-0.0087,28.713,31.25,31.25,30.8,25.5249996185303,down,2026-09-15T10:30:08,31.0,27.0
AAPL,2026-09-25,10,Call,365.0,AAPL260925C00365000,0.04,0.1,0.07,0.06,-0.08,-57.1429,45.0,734.0,0.2607,0.0176,0.0029,0.0253,-0.0286,0.0018,0.089,0.11,0.14,0.05,0.139999996870756,down,2026-09-15T14:57:49,145.0,25.0
AAPL,2026-09-25,10,Put,365.0,AAPL260925P00365000,31.95,35.65,33.8,43.0,0.0,0.0,0.0,0.0,0.3329,-0.9979,0.0012,0.0021,-0.0422,-0.0016,33.6963,0.0,0.0,0.0,30.5250005722046,up,2026-09-04T10:30:17,30.0,15.0
AAPL,2026-09-25,10,Call,370.0,AAPL260925C00370000,0.02,0.07,0.045000000000000005,0.02,-0.04,-66.6667,82.0,1341.0,0.2765,0.0104,0.0018,0.0161,-0.0183,0.0011,0.0508,0.06,0.06,0.02,0.0600000005215406,down,2026-09-15T11:32:51,38.0,1.0
AAPL,2026-09-25,10,Put,370.0,AAPL260925P00370000,37.0,40.65,38.825,35.5,0.0,0.0,0.0,0.0,0.377,-0.9998,0.0001,0.0,-0.0413,0.0,38.6951,0.0,0.0,0.0,35.5249996185303,up,2026-09-11T11:53:04,28.0,12.0
AAPL,2026-09-25,10,Call,375.0,AAPL260925C00375000,0.01,0.22,0.115,0.03,0.005,20.0,407.0,318.0,0.3458,0.0065,0.0011,0.0107,-0.0124,0.0007,0.0315,0.03,0.03,0.02,0.0249999994412065,up,2026-09-15T15:53:38,110.0,272.0
AAPL,2026-09-25,10,Put,375.0,AAPL260925P00375000,41.95,45.3,43.625,44.35,3.85,9.50617,25.0,10.0,0.0,-1.0,0.0,0.0,-0.0413,0.0,43.6951,46.1,46.1,44.35,40.5,down,2026-09-15T15:26:48,54.0,38.0
AAPL,2026-09-25,10,Call,380.0,AAPL260925C00380000,0.01,0.07,0.04,0.01,-0.015,-60.0,3.0,501.0,0.3302,0.0044,0.0008,0.0075,-0.0089,0.0004,0.0213,0.01,0.01,0.01,0.0249999994412065,down,2026-09-15T11:04:59,2.0,127.0
AAPL,2026-09-25,10,Put,380.0,AAPL260925P00380000,47.0,50.3,48.65,54.9,0.0,0.0,0.0,0.0,0.0,-1.0,0.0,0.0,-0.0413,0.0,48.6951,0.0,0.0,0.0,45.75,down,2026-09-04T09:52:47,30.0,10.0
AAPL,2026-09-25,10,Call,385.0,AAPL260925C00385000,0.01,0.04,0.025,0.01,-0.01,-50.0,8.0,142.0,0.3403,0.0031,0.0005,0.0055,-0.0068,0.0003,0.0153,0.01,0.01,0.01,0.0199999995529652,no_change,2026-09-15T09:32:05,2.0,2.0
AAPL,2026-09-25,10,Put,385.0,AAPL260925P00385000,51.95,55.3,53.625,64.24,0.0,0.0,0.0,0.0,0.0,-1.0,0.0,0.0,-0.0413,0.0,53.6951,0.0,0.0,0.0,50.5249996185303,up,2026-09-04T15:02:32,28.0,10.0
AAPL,2026-09-25,10,Call,390.0,AAPL260925C00390000,0.0,0.05,0.025,0.01,0.0,0.0,0.0,102.0,0.3664,0.0023,0.0004,0.0042,-0.0053,0.0002,0.0115,0.0,0.0,0.0,0.00499999988824129,down,2026-09-14T10:05:00,0.0,16.0
AAPL,2026-09-25,10,Put,390.0,AAPL260925P00390000,57.0,60.65,58.825,0.0,0.0,0.0,0.0,0.0,0.5187,-1.0,0.0,0.0,-0.0413,0.0,58.6951,0.0,0.0,0.0,55.5249996185303,no_change,,28.0,12.0
AAPL,2026-09-25,10,Call,395.0,AAPL260925C00395000,0.0,0.03,0.015,0.01,0.0,0.0,0.0,65.0,0.3735,0.0018,0.0003,0.0033,-0.0043,0.0002,0.009,0.0,0.0,0.0,0.0199999995529652,down,2026-09-14T11:01:58,0.0,10.0
AAPL,2026-09-25,10,Put,395.0,AAPL260925P00395000,61.85,65.65,63.75,0.0,0.0,0.0,0.0,0.0,0.5182,-1.0,0.0,0.0,-0.0413,0.0,63.6951,0.0,0.0,0.0,60.5249996185303,no_change,,14.0,10.0
AAPL,2026-09-25,10,Call,400.0,AAPL260925C00400000,0.0,0.02,0.01,0.01,0.0,0.0,0.0,201.0,0.3834,0.0014,0.0002,0.0027,-0.0036,0.0001,0.0073,0.0,0.0,0.0,0.0149999996647239,down,2026-09-14T15:30:33,0.0,25.0
AAPL,2026-09-25,10,Put,400.0,AAPL260925P00400000,67.0,70.65,68.825,0.0,0.0,0.0,0.0,0.0,0.5844,-1.0,0.0,0.0,-0.0413,0.0,68.6951,0.0,0.0,0.0,65.5249977111816,no_change,,10.0,10.0
AAPL,2026-09-25,10,Call,405.0,AAPL260925C00405000,0.0,0.05,0.025,0.09,0.0,0.0,0.0,13.0,0.4419,0.0011,0.0002,0.0022,-0.0031,0.0001,0.006,0.0,0.0,0.0,0.259999990463257,up,2026-09-11T09:49:52,0.0,10.0
AAPL,2026-09-25,10,Put,405.0,AAPL260925P00405000,72.0,75.65,73.825,0.0,0.0,0.0,0.0,0.0,0.6161,-1.0,0.0,0.0,-0.0413,0.0,73.6951,0.0,0.0,0.0,70.5249977111816,no_change,,15.0,10.0
AAPL,2026-09-25,10,Call,410.0,AAPL260925C00410000,0.0,0.52,0.26,0.01,0.0,0.0,0.0,24.0,0.6174,0.0009,0.0001,0.0018,-0.0026,0.0001,0.0051,0.0,0.0,0.0,0.0900000035762787,down,2026-09-14T09:34:49,0.0,39.0
AAPL,2026-09-25,10,Put,410.0,AAPL260925P00410000,77.85,80.3,79.07499999999999,0.0,0.0,0.0,0.0,0.0,0.7193,-1.0,0.0,0.0,-0.0413,0.0,78.6951,0.0,0.0,0.0,75.5249977111816,no_change,,10.0,16.0
AAPL,2026-09-25,10,Call,415.0,AAPL260925C00415000,0.0,0.05,0.025,0.03,0.0,0.0,0.0,132.0,0.4901,0.0008,0.0001,0.0016,-0.0023,0.0001,0.0044,0.0,0.0,0.0,0.0350000001490116,no_change,2026-09-14T14:11:33,0.0,1.0
AAPL,2026-09-25,10,Put,415.0,AAPL260925P00415000,81.85,85.65,83.75,0.0,0.0,0.0,0.0,0.0,0.6391,-1.0,0.0,0.0,-0.0413,0.0,83.6951,0.0,0.0,0.0,80.5249977111816,no_change,,10.0,10.0
AAPL,2026-09-28,13,Call,245.0,AAPL260928C00245000,84.75,88.7,86.725,0.0,0.0,0.0,0.0,0.0,0.6437,0.9963,0.0003,0.0071,-0.0043,0.0866,86.6996,0.0,0.0,0.0,0.0,no_change,,10.0,10.0
AAPL,2026-09-28,13,Put,245.0,AAPL260928P00245000,0.0,0.61,0.305,0.0,0.0,0.0,0.0,0.0,0.7821,-0.0037,0.0003,0.0071,-0.014,-0.0004,0.0428,0.0,0.0,0.0,0.0,no_change,,0.0,46.0
AAPL,2026-09-28,13,Call,250.0,AAPL260928C00250000,79.75,83.65,81.7,80.46,80.46,0.0,1.0,0.0,0.5634,0.9956,0.0004,0.0083,-0.0066,0.0883,81.7141,80.46,80.46,80.46,0.0,up,2026-09-15T11:21:04,6.0,6.0
AAPL,2026-09-28,13,Put,250.0,AAPL260928P00250000,0.0,0.12,0.06,0.14,0.14,0.0,1.0,0.0,0.5958,-0.0044,0.0004,0.0083,-0.0157,-0.0005,0.0496,0.14,0.14,0.14,0.0,up,2026-09-15T12:04:53,0.0,125.0
AAPL,2026-09-28,13,Call,255.0,AAPL260928C00255000,74.75,78.45,76.6,0.0,0.0,0.0,0.0,0.0,0.0,0.9947,0.0004,0.0098,-0.0092,0.09,76.73,0.0,0.0,0.0,0.0,no_change,,6.0,6.0
AAPL,2026-09-28,13,Put,255.0,AAPL260928P00255000,0.01,0.12,0.065,0.12,0.12,0.0,2.0,0.0,0.5683,-0.0053,0.0004,0.0098,-0.0177,-0.0006,0.0576,0.12,0.12,0.12,0.0,no_change,2026-09-15T13:05:59,6.0,57.0
AAPL,2026-09-28,13,Call,260.0,AAPL260928C00260000,69.65,73.55,71.6,0.0,0.0,0.0,0.0,0.0,0.0,0.9936,0.0005,0.0116,-0.0121,0.0916,71.7476,0.0,0.0,0.0,75.0500030517578,no_change,,7.0,7.0
AAPL,2026-09-28,13,Put,260.0,AAPL260928P00260000,0.01,0.24,0.125,0.0,0.0,0.0,0.0,0.0,0.5697,-0.0064,0.0005,0.0116,-0.0201,-0.0008,0.0675,0.0,0.0,0.0,1.07500004768372,no_change,,11.0,34.0
AAPL,2026-09-28,13,Call,265.0,AAPL260928C00265000,64.65,68.75,66.7,0.0,0.0,0.0,0.0,0.0,0.0,0.9922,0.0007,0.0138,-0.0154,0.0932,66.7672,0.0,0.0,0.0,70.0999984741211,no_change,,13.0,6.0
AAPL,2026-09-28,13,Put,265.0,AAPL260928P00265000,0.0,0.19,0.095,0.0,0.0,0.0,0.0,0.0,0.5213,-0.0078,0.0007,0.0138,-0.0228,-0.0009,0.0793,0.0,0.0,0.0,1.08000004291534,no_change,,0.0,10.0
AAPL,2026-09-28,13,Call,270.0,AAPL260928C00270000,59.75,63.5,61.625,0.0,0.0,0.0,0.0,0.0,0.0,0.9904,0.0009,0.0165,-0.019,0.0948,61.7895,0.0,0.0,0.0,64.8999996185303,no_change,,6.0,6.0
AAPL,2026-09-28,13,Put,270.0,AAPL260928P00270000,0.03,0.29,0.15999999999999998,0.12,-0.965,-88.9401,1.0,0.0,0.508,-0.0096,0.0009,0.0165,-0.026,-0.0011,0.0938,0.12,0.12,0.12,1.08500003814697,down,2026-09-15T15:31:13,31.0,22.0
AAPL,2026-09-28,13,Call,275.0,AAPL260928C00275000,54.7,58.8,56.75,0.0,0.0,0.0,0.0,0.0,0.3684,0.9882,0.0011,0.0198,-0.0233,0.0963,56.8152,0.0,0.0,0.0,60.3000011444092,no_change,,7.0,7.0
AAPL,2026-09-28,13,Put,275.0,AAPL260928P00275000,0.03,0.18,0.105,0.11,-0.985,-89.9543,2.0,0.0,0.4419,-0.0118,0.0011,0.0198,-0.0296,-0.0014,0.1118,0.2,0.2,0.11,1.09500002861023,down,2026-09-15T12:31:33,12.0,3.0
AAPL,2026-09-28,13,Call,280.0,AAPL260928C00280000,49.8,53.85,51.825,50.76,-4.44,-8.04348,3.0,0.0,0.4091,0.9853,0.0014,0.024,-0.0282,0.0978,51.8454,50.76,50.76,50.76,55.2000007629394,down,2026-09-15T11:22:14,10.0,10.0
AAPL,2026-09-28,13,Put,280.0,AAPL260928P00280000,0.04,0.18,0.11,0.15,-0.955,-86.4253,2.0,0.0,0.407,-0.0147,0.0014,0.024,-0.034,-0.0017,0.1344,0.2,0.2,0.15,1.10500001907349,down,2026-09-15T12:31:41,11.0,1.0
AAPL,2026-09-28,13,Call,285.0,AAPL260928C00285000,44.85,48.6,46.725,0.0,0.0,0.0,0.0,0.0,0.2691,0.9815,0.0018,0.0292,-0.0339,0.0991,46.8821,0.0,0.0,0.0,50.3500003814697,no_change,,6.0,6.0
AAPL,2026-09-28,13,Put,285.0,AAPL260928P00285000,0.12,0.2,0.16,0.22,-0.9,-80.3571,26.0,0.0,0.39,-0.0186,0.0018,0.0293,-0.0392,-0.0022,0.1633,0.25,0.25,0.19,1.12000000476837,up,2026-09-15T12:40:46,11.0,16.0
AAPL,2026-09-28,13,Call,290.0,AAPL260928C00290000,39.9,43.65,41.775,0.0,0.0,0.0,0.0,0.0,0.2986,0.9762,0.0024,0.0362,-0.0408,0.1002,41.9284,0.0,0.0,0.0,45.2749996185303,no_change,,10.0,10.0
AAPL,2026-09-28,13,Put,290.0,AAPL260928P00290000,0.05,0.41,0.22999999999999998,0.0,0.0,0.0,0.0,0.0,0.3722,-0.0239,0.0024,0.0363,-0.0455,-0.0028,0.202,0.0,0.0,0.0,1.14499998092651,no_change,,21.0,31.0
AAPL,2026-09-28,13,Call,295.0,AAPL260928C00295000,35.05,38.55,36.8,0.0,0.0,0.0,0.0,0.0,0.2753,0.9686,0.0033,0.0455,-0.0496,0.1011,36.9914,0.0,0.0,0.0,40.3249988555908,no_change,,10.0,10.0
AAPL,2026-09-28,13,Put,295.0,AAPL260928P00295000,0.03,0.46,0.245,0.3,0.0,0.0,0.0,10.0,0.3355,-0.0315,0.0033,0.0457,-0.0539,-0.0036,0.2576,0.0,0.0,0.0,0.150000005960464,up,2026-09-14T15:55:01,30.0,39.0
AAPL,2026-09-28,13,Call,297.5,AAPL260928C00297500,33.15,36.0,34.575,0.0,0.0,0.0,0.0,0.0,0.3345,0.9635,0.0039,0.0516,-0.0552,0.1014,34.5333,0.0,0.0,0.0,0.0,no_change,,7.0,7.0
AAPL,2026-09-28,13,Put,297.5,AAPL260928P00297500,0.16,0.4,0.28,0.0,0.0,0.0,0.0,0.0,0.3228,-0.0367,0.0039,0.0518,-0.0592,-0.0042,0.2959,0.0,0.0,0.0,0.0,no_change,,15.0,15.0
AAPL,2026-09-28,13,Call,300.0,AAPL260928C00300000,30.7,34.05,32.375,33.8,0.0,0.0,0.0,1.0,0.3576,0.957,0.0046,0.0588,-0.0619,0.1015,32.0861,0.0,0.0,0.0,35.4500007629394,up,2026-09-14T09:51:26,10.0,10.0
AAPL,2026-09-28,13,Put,300.0,AAPL260928P00300000,0.19,0.64,0.41500000000000004,0.4,0.03,8.10811,11.0,15.0,0.3261,-0.0432,0.0046,0.0591,-0.0657,-0.005,0.3451,0.47,0.47,0.4,0.370000004768372,no_change,2026-09-15T11:07:07,123.0,183.0
AAPL,2026-09-28,13,Call,302.5,AAPL260928C00302500,27.7,31.35,29.525,0.0,0.0,0.0,0.0,0.0,0.2817,0.9487,0.0055,0.0677,-0.07,0.1014,29.6539,0.0,0.0,0.0,0.0,no_change,,10.0,6.0
AAPL,2026-09-28,13,Put,302.5,AAPL260928P00302500,0.27,0.54,0.405,0.0,0.0,0.0,0.0,0.0,0.3027,-0.0516,0.0056,0.068,-0.0736,-0.0059,0.4095,0.0,0.0,0.0,0.0,no_change,,27.0,28.0
AAPL,2026-09-28,13,Call,305.0,AAPL260928C00305000,25.9,28.9,27.4,0.0,0.0,0.0,0.0,0.0,0.313,0.938,0.0066,0.0784,-0.0799,0.101,27.2426,0.0,0.0,0.0,30.375,no_change,,6.0,6.0
AAPL,2026-09-28,13,Put,305.0,AAPL260928P00305000,0.4,0.56,0.48000000000000004,0.59,0.095,19.1919,30.0,20.0,0.2914,-0.0624,0.0067,0.0788,-0.0832,-0.0072,0.4951,0.51,0.65,0.32,0.495000004768372,up,2026-09-15T11:37:41,13.0,12.0
AAPL,2026-09-28,13,Call,307.5,AAPL260928C00307500,22.8,26.55,24.675,0.0,0.0,0.0,0.0,0.0,0.2617,0.9242,0.008,0.0914,-0.0918,0.1002,24.8599,0.0,0.0,0.0,0.0,no_change,,7.0,7.0
AAPL,2026-09-28,13,Put,307.5,AAPL260928P00307500,0.12,0.96,0.54,0.0,0.0,0.0,0.0,0.0,0.2768,-0.0759,0.008,0.0915,-0.0947,-0.0087,0.6067,0.0,0.0,0.0,0.0,no_change,,81.0,57.0
AAPL,2026-09-28,13,Call,310.0,AAPL260928C00310000,20.6,24.6,22.6,0.0,0.0,0.0,0.0,0.0,0.2453,0.9066,0.0096,0.1066,-0.1058,0.099,22.5156,0.0,0.0,0.0,25.7000007629395,no_change,,10.0,10.0
AAPL,2026-09-28,13,Put,310.0,AAPL260928P00310000,0.69,0.98,0.835,0.77,0.03,4.05405,39.0,5.0,0.2837,-0.0937,0.0096,0.1068,-0.1086,-0.0107,0.7589,0.81,0.92,0.77,0.739999994635582,down,2026-09-15T15:54:23,3.0,32.0
AAPL,2026-09-28,13,Call,312.5,AAPL260928C00312500,18.5,22.0,20.25,19.2,19.2,0.0,33.0,0.0,0.2718,0.8841,0.0115,0.1242,-0.1221,0.0972,20.2216,20.0,20.0,19.2,0.0,down,2026-09-15T09:43:54,55.0,53.0
AAPL,2026-09-28,13,Put,312.5,AAPL260928P00312500,0.52,1.29,0.905,1.05,1.05,0.0,49.0,0.0,0.2647,-0.1162,0.0116,0.1245,-0.1247,-0.0133,0.9615,1.35,1.35,1.01,0.0,up,2026-09-15T14:20:58,161.0,82.0
AAPL,2026-09-28,13,Call,315.0,AAPL260928C00315000,16.25,19.65,17.95,16.38,-3.795,-18.8104,7.0,5.0,0.2603,0.8562,0.0137,0.1439,-0.1402,0.0947,17.9918,17.55,17.55,16.38,20.1750001907349,down,2026-09-15T10:27:56,48.0,41.0
AAPL,2026-09-28,13,Put,315.0,AAPL260928P00315000,1.05,1.49,1.27,1.32,0.27,25.7143,182.0,17.0,0.2662,-0.1443,0.0138,0.144,-0.1426,-0.0164,1.2287,1.29,1.79,1.18,1.04999998211861,no_change,2026-09-15T15:49:05,46.0,114.0
AAPL,2026-09-28,13,Call,317.5,AAPL260928C00317500,14.1,17.5,15.8,15.23,15.23,0.0,1.0,0.0,0.2553,0.822,0.0161,0.1649,-0.1595,0.0914,15.8421,15.23,15.23,15.23,0.0,up,2026-09-15T09:47:14,23.0,25.0
AAPL,2026-09-28,13,Put,317.5,AAPL260928P00317500,0.64,2.29,1.465,1.76,1.76,0.0,28.0,0.0,0.2509,-0.1786,0.0162,0.1651,-0.1618,-0.0202,1.5764,1.63,1.76,1.61,0.0,up,2026-09-15T11:02:28,46.0,23.0
AAPL,2026-09-28,13,Call,320.0,AAPL260928C00320000,12.85,14.7,13.774999999999999,12.4,-3.775,-23.3385,8.0,250.0,0.2524,0.7812,0.0186,0.1861,-0.179,0.0874,13.7898,13.75,13.75,12.4,16.1749997138977,down,2026-09-15T11:39:44,73.0,47.0
AAPL,2026-09-28,13,Put,320.0,AAPL260928P00320000,1.8,2.22,2.0100000000000002,2.03,0.38,23.0303,233.0,54.0,0.2525,-0.2197,0.0187,0.1865,-0.1813,-0.0248,2.0219,2.45,2.49,1.96,1.64999997615814,down,2026-09-15T15:58:55,53.0,46.0
AAPL,2026-09-28,13,Call,322.5,AAPL260928C00322500,10.75,12.6,11.675,10.81,10.81,0.0,1.0,0.0,0.2403,0.7336,0.021,0.2065,-0.1972,0.0824,11.8525,10.81,10.81,10.81,0.0,up,2026-09-15T12:40:16,26.0,25.0
AAPL,2026-09-28,13,Put,322.5,AAPL260928P00322500,2.35,3.25,2.8,2.92,2.92,0.0,27.0,0.0,0.2595,-0.2676,0.0211,0.2069,-0.1996,-0.0298,2.5832,3.18,3.18,2.71,0.0,no_change,2026-09-15T15:23:40,18.0,121.0
AAPL,2026-09-28,13,Call,325.0,AAPL260928C00325000,8.95,10.85,9.899999999999999,9.3,-3.3,-26.1905,3.0,3.0,0.2388,0.6797,0.0232,0.2245,-0.2129,0.0767,10.0475,8.65,9.3,8.65,12.5999999046326,up,2026-09-15T15:32:51,11.0,28.0
AAPL,2026-09-28,13,Put,325.0,AAPL260928P00325000,3.0,3.5,3.25,3.62,0.995,37.9048,236.0,105.0,0.2441,-0.322,0.0234,0.225,-0.2154,-0.0354,3.2777,4.25,4.25,3.1,2.625,up,2026-09-15T15:35:02,38.0,36.0
AAPL,2026-09-28,13,Call,327.5,AAPL260928C00327500,7.3,9.15,8.225,7.59,7.59,0.0,2.0,0.0,0.2352,0.6202,0.025,0.2386,-0.2245,0.0702,8.3907,7.59,7.59,7.59,0.0,up,2026-09-15T11:25:54,82.0,35.0
AAPL,2026-09-28,13,Put,327.5,AAPL260928P00327500,3.85,4.95,4.4,4.4,4.4,0.0,36.0,0.0,0.2538,-0.382,0.0253,0.2388,-0.2272,-0.0415,4.1216,4.65,5.15,4.4,0.0,down,2026-09-15T15:50:00,10.0,35.0
AAPL,2026-09-28,13,Call,330.0,AAPL260928C00330000,6.7,8.05,7.375,6.22,-2.955,-32.2071,284.0,39.0,0.2587,0.5565,0.0263,0.2473,-0.2307,0.0632,6.8954,6.5,7.7,5.85,9.17500019073486,down,2026-09-15T15:32:51,9.0,142.0
AAPL,2026-09-28,13,Put,330.0,AAPL260928P00330000,4.95,5.5,5.225,5.25,1.1,26.506,194.0,116.0,0.2432,-0.4465,0.0266,0.2472,-0.2337,-0.0474,5.1291,5.5,6.4,5.03,4.14999997615814,down,2026-09-15T15:53:30,16.0,44.0
AAPL,2026-09-28,13,Call,332.5,AAPL260928C00332500,5.4,5.85,5.625,5.65,5.65,0.0,179.0,0.0,0.2389,0.4902,0.0268,0.2496,-0.2308,0.0558,5.5713,6.1,6.1,4.7,0.0,no_change,2026-09-15T15:57:25,29.0,30.0
AAPL,2026-09-28,13,Put,332.5,AAPL260928P00332500,5.75,7.05,6.4,7.0,7.0,0.0,2.0,0.0,0.2404,-0.5137,0.0272,0.2492,-0.234,-0.053,6.31,6.79,7.0,6.79,0.0,up,2026-09-15T15:31:20,14.0,73.0
AAPL,2026-09-28,13,Call,335.0,AAPL260928C00335000,4.25,5.0,4.625,4.61,-1.39,-23.1667,170.0,131.0,0.2429,0.4234,0.0266,0.2452,-0.2244,0.0483,4.4234,4.55,4.61,3.35,6.0,up,2026-09-15T15:55:38,77.0,129.0
AAPL,2026-09-28,13,Put,335.0,AAPL260928P00335000,7.2,8.5,7.85,7.8,1.175,17.7358,7.0,49.0,0.242,-0.5816,0.027,0.2442,-0.2278,-0.0584,7.6698,8.2,8.75,7.8,6.625,down,2026-09-15T14:12:19,21.0,88.0
AAPL,2026-09-28,13,Call,337.5,AAPL260928C00337500,2.78,3.95,3.365,2.88,2.88,0.0,43.0,0.0,0.2292,0.3584,0.0255,0.2343,-0.212,0.0409,3.4509,3.51,3.51,2.75,0.0,down,2026-09-15T12:02:24,88.0,45.0
AAPL,2026-09-28,13,Put,337.5,AAPL260928P00337500,8.95,10.3,9.625,0.0,0.0,0.0,0.0,0.0,0.2508,-0.6479,0.026,0.2322,-0.2156,-0.0623,9.2079,0.0,0.0,0.0,0.0,no_change,,5.0,23.0
AAPL,2026-09-28,13,Call,340.0,AAPL260928C00340000,2.52,2.78,2.65,2.63,-1.02,-27.9452,335.0,97.0,0.2304,0.2972,0.0238,0.2177,-0.1947,0.034,2.6467,3.35,3.35,2.0,3.64999997615814,up,2026-09-15T15:54:40,2.0,21.0
AAPL,2026-09-28,13,Put,340.0,AAPL260928P00340000,10.05,11.7,10.875,11.32,2.02,21.7204,2.0,201.0,0.2297,-0.7105,0.0244,0.2141,-0.1984,-0.0648,10.9177,11.31,11.32,11.31,9.30000019073486,up,2026-09-15T10:00:00,53.0,12.0
AAPL,2026-09-28,13,Call,342.5,AAPL260928C00342500,1.55,2.31,1.9300000000000002,1.7,1.7,0.0,192.0,0.0,0.2274,0.2415,0.0215,0.1968,-0.1739,0.0276,1.998,1.75,1.91,1.7,0.0,down,2026-09-15T15:15:34,88.0,56.0
AAPL,2026-09-28,13,Put,342.5,AAPL260928P00342500,11.9,13.8,12.850000000000001,0.0,0.0,0.0,0.0,0.0,0.2342,-0.7678,0.0222,0.1914,-0.1778,-0.0655,12.7866,0.0,0.0,0.0,0.0,no_change,,24.0,9.0
AAPL,2026-09-28,13,Call,345.0,AAPL260928C00345000,1.3,1.61,1.455,1.46,-0.805,-35.5408,46.0,44.0,0.2287,0.1926,0.0189,0.1734,-0.1513,0.022,1.487,1.45,1.46,1.1,2.26499998569489,up,2026-09-15T15:56:06,126.0,32.0
AAPL,2026-09-28,13,Put,345.0,AAPL260928P00345000,12.75,15.9,14.325,12.5,0.0,0.0,0.0,2.0,0.1992,-0.8185,0.0197,0.1655,-0.1558,-0.0638,14.797,0.0,0.0,0.0,12.2249999046326,up,2026-09-14T11:38:33,5.0,9.0
AAPL,2026-09-28,13,Call,347.5,AAPL260928C00347500,0.84,1.54,1.19,0.98,0.98,0.0,73.0,0.0,0.2374,0.151,0.0161,0.1491,-0.1285,0.0173,1.0934,0.89,1.03,0.83,0.0,down,2026-09-15T14:26:15,95.0,172.0
AAPL,2026-09-28,13,Put,347.5,AAPL260928P00347500,15.3,18.15,16.725,0.0,0.0,0.0,0.0,0.0,0.2149,-0.8622,0.0171,0.1387,-0.1341,-0.0598,16.9287,0.0,0.0,0.0,0.0,no_change,,8.0,20.0
AAPL,2026-09-28,13,Call,350.0,AAPL260928C00350000,0.63,0.85,0.74,0.85,-0.47,-35.6061,28.0,43.0,0.2268,0.1166,0.0134,0.1254,-0.1069,0.0133,0.7961,0.79,0.85,0.64,1.31999999284744,up,2026-09-15T14:33:57,58.0,16.0
AAPL,2026-09-28,13,Put,350.0,AAPL260928P00350000,17.7,20.95,19.325,0.0,0.0,0.0,0.0,0.0,0.2458,-0.8987,0.0145,0.1125,-0.1138,-0.0549,19.1613,0.0,0.0,0.0,16.4500002861023,no_change,,11.0,5.0
AAPL,2026-09-28,13,Call,352.5,AAPL260928C00352500,0.26,0.68,0.47000000000000003,0.0,0.0,0.0,0.0,0.0,0.2216,0.0889,0.011,0.1036,-0.0873,0.0102,0.5757,0.0,0.0,0.0,0.0,no_change,,22.0,9.0
AAPL,2026-09-28,13,Put,352.5,AAPL260928P00352500,19.7,23.2,21.45,22.51,22.51,0.0,22.0,0.0,0.2295,-0.9289,0.0122,0.0882,-0.096,-0.0483,21.4748,22.51,22.51,22.51,0.0,no_change,2026-09-15T10:10:52,7.0,7.0
AAPL,2026-09-28,13,Call,355.0,AAPL260928C00355000,0.12,0.48,0.3,0.55,-0.14,-20.2899,1.0,22.0,0.2188,0.0672,0.0088,0.0842,-0.0703,0.0076,0.4147,0.55,0.55,0.55,0.689999997615814,down,2026-09-15T14:17:48,178.0,45.0
AAPL,2026-09-28,13,Put,355.0,AAPL260928P00355000,21.85,25.55,23.700000000000003,0.0,0.0,0.0,0.0,0.0,0.0,-0.9532,0.0102,0.0632,-0.0782,-0.0384,23.8537,0.0,0.0,0.0,21.5749998092651,no_change,,10.0,10.0
AAPL,2026-09-28,13,Call,360.0,AAPL260928C00360000,0.17,0.36,0.265,0.23,-0.175,-43.2099,138.0,890.0,0.2481,0.0379,0.0055,0.0541,-0.0444,0.0043,0.2162,0.29,0.29,0.1,0.405000001192093,up,2026-09-15T15:59:58,66.0,181.0
AAPL,2026-09-28,13,Put,360.0,AAPL260928P00360000,26.7,30.75,28.725,0.0,0.0,0.0,0.0,0.0,0.0,-0.986,0.0056,0.022,-0.0496,-0.0139,28.7447,0.0,0.0,0.0,26.1499996185303,no_change,,10.0,10.0
AAPL,2026-09-28,13,Call,365.0,AAPL260928C00365000,0.07,0.27,0.17,0.02,-0.465,-95.8763,1.0,1.0,0.2613,0.0215,0.0033,0.0342,-0.0278,0.0024,0.1162,0.02,0.02,0.02,0.484999993816018,down,2026-09-15T11:30:10,78.0,86.0
AAPL,2026-09-28,13,Put,365.0,AAPL260928P00365000,31.75,35.4,33.575,34.5,3.5,11.2903,3.0,0.0,0.0,-0.9982,0.0012,0.0038,-0.0385,-0.0029,33.7255,34.5,34.5,34.5,31.0,no_change,2026-09-15T09:49:32,25.0,31.0
AAPL,2026-09-28,13,Call,370.0,AAPL260928C00370000,0.02,0.19,0.105,0.14,-0.27,-65.8537,15.0,0.0,0.2715,0.013,0.0021,0.0224,-0.0184,0.0015,0.068,0.14,0.14,0.14,0.409999996423721,no_change,2026-09-15T14:53:31,47.0,42.0
AAPL,2026-09-28,13,Put,370.0,AAPL260928P00370000,36.75,40.4,38.575,0.0,0.0,0.0,0.0,0.0,0.0,-1.0,0.0,0.0,-0.0382,0.0,38.7252,0.0,0.0,0.0,35.9750003814697,no_change,,10.0,10.0
AAPL,2026-09-28,13,Call,375.0,AAPL260928C00375000,0.0,0.59,0.295,0.0,0.0,0.0,0.0,0.0,0.3515,0.0085,0.0014,0.0156,-0.0131,0.001,0.0444,0.0,0.0,0.0,1.08000004291534,no_change,,0.0,35.0
AAPL,2026-09-28,13,Put,375.0,AAPL260928P00375000,41.7,45.8,43.75,0.0,0.0,0.0,0.0,0.0,0.3487,-1.0,0.0,0.0,-0.0382,0.0,43.7252,0.0,0.0,0.0,41.0249996185303,no_change,,10.0,10.0
AAPL,2026-09-28,13,Call,380.0,AAPL260928C00380000,0.0,0.61,0.305,0.0,0.0,0.0,0.0,0.0,0.3848,0.006,0.001,0.0115,-0.01,0.0007,0.0318,0.0,0.0,0.0,1.07000005245209,no_change,,0.0,35.0
AAPL,2026-09-28,13,Put,380.0,AAPL260928P00380000,46.7,50.8,48.75,0.0,0.0,0.0,0.0,0.0,0.3791,-1.0,0.0,0.0,-0.0382,0.0,48.7252,0.0,0.0,0.0,45.9500007629394,no_change,,10.0,11.0
AAPL,2026-09-28,13,Call,385.0,AAPL260928C00385000,0.0,0.6,0.3,0.0,0.0,0.0,0.0,0.0,0.4138,0.0046,0.0007,0.009,-0.0082,0.0005,0.0248,0.0,0.0,0.0,1.06500005722046,no_change,,0.0,35.0
AAPL,2026-09-28,13,Put,385.0,AAPL260928P00385000,51.7,55.8,53.75,0.0,0.0,0.0,0.0,0.0,0.4088,-1.0,0.0,0.0,-0.0382,0.0,53.7252,0.0,0.0,0.0,50.8500003814697,no_change,,10.0,11.0
AAPL,2026-09-28,13,Call,390.0,AAPL260928C00390000,0.0,0.6,0.3,0.0,0.0,0.0,0.0,0.0,0.443,0.0037,0.0006,0.0074,-0.007,0.0004,0.0205,0.0,0.0,0.0,1.06500005722046,no_change,,0.0,36.0
AAPL,2026-09-28,13,Put,390.0,AAPL260928P00390000,56.7,60.65,58.675,0.0,0.0,0.0,0.0,0.0,0.0,-1.0,0.0,0.0,-0.0382,0.0,58.7252,0.0,0.0,0.0,56.0249996185303,no_change,,10.0,15.0
AAPL,2026-09-28,13,Call,395.0,AAPL260928C00395000,0.0,0.59,0.295,0.0,0.0,0.0,0.0,0.0,0.4704,0.003,0.0004,0.0062,-0.0062,0.0003,0.0175,0.0,0.0,0.0,1.06500005722046,no_change,,0.0,35.0
AAPL,2026-09-28,13,Put,395.0,AAPL260928P00395000,61.7,65.8,63.75,0.0,0.0,0.0,0.0,0.0,0.466,-1.0,0.0,0.0,-0.0382,0.0,63.7252,0.0,0.0,0.0,60.9500007629394,no_change,,10.0,10.0
AAPL,2026-09-28,13,Call,400.0,AAPL260928C00400000,0.0,2.13,1.065,0.0,0.0,0.0,0.0,0.0,0.6296,0.0026,0.0004,0.0054,-0.0056,0.0003,0.0154,0.0,0.0,0.0,1.06500005722046,no_change,,0.0,11.0
AAPL,2026-09-28,13,Put,400.0,AAPL260928P00400000,67.0,70.8,68.9,0.0,0.0,0.0,0.0,0.0,0.0,-1.0,0.0,0.0,-0.0382,0.0,68.7252,0.0,0.0,0.0,65.8500022888184,no_change,,10.0,10.0
AAPL,2026-09-28,13,Call,405.0,AAPL260928C00405000,0.0,2.13,1.065,0.0,0.0,0.0,0.0,0.0,0.6615,0.0022,0.0003,0.0047,-0.0051,0.0002,0.0138,0.0,0.0,0.0,1.06500005722046,no_change,,0.0,11.0
AAPL,2026-09-28,13,Put,405.0,AAPL260928P00405000,72.1,75.4,73.75,0.0,0.0,0.0,0.0,0.0,0.5029,-1.0,0.0,0.0,-0.0382,0.0,73.7252,0.0,0.0,0.0,70.9249992370606,no_change,,10.0,10.0
AAPL,2026-09-30,15,Call,260.0,AAPL260930C00260000,69.8,73.8,71.8,0.0,0.0,0.0,0.0,0.0,0.4424,0.9934,0.0006,0.0128,-0.0097,0.1057,71.8449,0.0,0.0,0.0,0.0,no_change,,6.0,6.0
AAPL,2026-09-30,15,Put,260.0,AAPL260930P00260000,0.02,0.08,0.05,0.07,0.07,0.0,2.0,0.0,0.4704,-0.0066,0.0006,0.0128,-0.0183,-0.0009,0.0698,0.16,0.16,0.07,0.0,down,2026-09-15T11:00:53,6.0,14.0
AAPL,2026-09-30,15,Call,265.0,AAPL260930C00265000,64.7,68.8,66.75,0.0,0.0,0.0,0.0,0.0,0.0,0.9918,0.0007,0.0154,-0.0131,0.1075,66.8681,0.0,0.0,0.0,0.0,no_change,,8.0,6.0
AAPL,2026-09-30,15,Put,265.0,AAPL260930P00265000,0.02,0.09,0.055,0.08,0.08,0.0,52.0,0.0,0.4423,-0.0082,0.0007,0.0154,-0.0212,-0.0011,0.084,0.17,0.17,0.08,0.0,no_change,2026-09-15T15:43:31,36.0,20.0
AAPL,2026-09-30,15,Call,270.0,AAPL260930C00270000,59.9,63.85,61.875,0.0,0.0,0.0,0.0,0.0,0.4338,0.9898,0.0009,0.0187,-0.0171,0.1093,61.8949,0.0,0.0,0.0,0.0,no_change,,6.0,6.0
AAPL,2026-09-30,15,Put,270.0,AAPL260930P00270000,0.02,0.33,0.17500000000000002,0.0,0.0,0.0,0.0,0.0,0.4799,-0.0102,0.0009,0.0188,-0.0246,-0.0014,0.1019,0.0,0.0,0.0,0.0,no_change,,13.0,13.0
AAPL,2026-09-30,15,Call,275.0,AAPL260930C00275000,54.8,58.9,56.849999999999994,0.0,0.0,0.0,0.0,0.0,0.3744,0.9872,0.0012,0.0228,-0.0217,0.111,56.9264,0.0,0.0,0.0,0.0,no_change,,7.0,6.0
AAPL,2026-09-30,15,Put,275.0,AAPL260930P00275000,0.06,0.35,0.205,0.11,0.11,0.0,6.0,0.0,0.4531,-0.0128,0.0012,0.0229,-0.0286,-0.0017,0.1245,0.19,0.19,0.11,0.0,no_change,2026-09-15T13:11:47,5.0,3.0
AAPL,2026-09-30,15,Call,280.0,AAPL260930C00280000,50.0,53.9,51.95,0.0,0.0,0.0,0.0,0.0,0.3924,0.9838,0.0015,0.028,-0.0271,0.1126,51.9644,0.0,0.0,0.0,0.0,no_change,,6.0,6.0
AAPL,2026-09-30,15,Put,280.0,AAPL260930P00280000,0.07,0.36,0.215,0.16,0.16,0.0,262.0,0.0,0.4185,-0.0163,0.0015,0.0281,-0.0334,-0.0022,0.1536,0.22,0.22,0.16,0.0,no_change,2026-09-15T11:15:17,1.0,22.0
AAPL,2026-09-30,15,Call,285.0,AAPL260930C00285000,45.0,48.75,46.875,0.0,0.0,0.0,0.0,0.0,0.3153,0.9792,0.002,0.0347,-0.0335,0.114,47.0114,0.0,0.0,0.0,0.0,no_change,,6.0,6.0
AAPL,2026-09-30,15,Put,285.0,AAPL260930P00285000,0.01,0.43,0.22,0.0,0.0,0.0,0.0,0.0,0.3823,-0.0209,0.002,0.0348,-0.0392,-0.0028,0.1917,0.0,0.0,0.0,0.0,no_change,,15.0,51.0
AAPL,2026-09-30,15,Call,290.0,AAPL260930C00290000,40.0,44.05,42.025,41.16,41.16,0.0,1.0,0.0,0.3387,0.9728,0.0026,0.0434,-0.0413,0.1152,42.0724,41.16,41.16,41.16,0.0,up,2026-09-15T11:24:03,6.0,7.0
AAPL,2026-09-30,15,Put,290.0,AAPL260930P00290000,0.07,0.49,0.28,0.0,0.0,0.0,0.0,0.0,0.3592,-0.0273,0.0027,0.0436,-0.0465,-0.0036,0.2439,0.0,0.0,0.0,0.0,no_change,,22.0,13.0
AAPL,2026-09-30,15,Call,295.0,AAPL260930C00295000,35.0,39.15,37.075,0.0,0.0,0.0,0.0,0.0,0.3117,0.9635,0.0036,0.0553,-0.0514,0.1159,37.1569,0.0,0.0,0.0,0.0,no_change,,16.0,6.0
AAPL,2026-09-30,15,Put,295.0,AAPL260930P00295000,0.16,0.58,0.37,0.48,0.48,0.0,100.0,0.0,0.3376,-0.0366,0.0036,0.0555,-0.056,-0.0048,0.3198,0.48,0.48,0.48,0.0,up,2026-09-15T11:06:19,67.0,55.0
AAPL,2026-09-30,15,Call,300.0,AAPL260930C00300000,30.15,34.25,32.2,30.84,30.84,0.0,1.0,0.0,0.2952,0.9495,0.005,0.0718,-0.0649,0.116,32.2836,30.84,30.84,30.84,0.0,up,2026-09-15T11:09:42,14.0,6.0
AAPL,2026-09-30,15,Put,300.0,AAPL260930P00300000,0.38,0.49,0.435,0.46,0.46,0.0,8.0,0.0,0.3076,-0.0507,0.005,0.072,-0.0691,-0.0067,0.438,0.53,0.55,0.46,0.0,down,2026-09-15T15:27:32,16.0,5.0
AAPL,2026-09-30,15,Call,305.0,AAPL260930C00305000,25.45,29.3,27.375,26.36,26.36,0.0,1.0,0.0,0.2862,0.9276,0.007,0.0949,-0.0837,0.115,27.4864,26.36,26.36,26.36,0.0,up,2026-09-15T15:41:33,7.0,3.0
AAPL,2026-09-30,15,Put,305.0,AAPL260930P00305000,0.36,0.8,0.5800000000000001,0.7,0.7,0.0,32.0,0.0,0.2845,-0.0727,0.0071,0.0951,-0.0873,-0.0095,0.6318,0.74,0.82,0.68,0.0,up,2026-09-15T15:43:01,69.0,69.0
AAPL,2026-09-30,15,Call,310.0,AAPL260930C00310000,21.4,24.8,23.1,0.0,0.0,0.0,0.0,0.0,0.2969,0.893,0.0099,0.1262,-0.109,0.1123,22.8226,0.0,0.0,0.0,0.0,no_change,,5.0,20.0
AAPL,2026-09-30,15,Put,310.0,AAPL260930P00310000,0.87,1.29,1.08,1.02,1.02,0.0,19.0,0.0,0.2847,-0.1076,0.01,0.1267,-0.1123,-0.0141,0.9624,1.05,1.15,0.84,0.0,down,2026-09-15T15:43:26,41.0,95.0
AAPL,2026-09-30,15,Call,315.0,AAPL260930C00315000,16.45,20.45,18.45,16.75,16.75,0.0,2.0,0.0,0.2683,0.8408,0.0136,0.165,-0.1403,0.107,18.3765,16.75,16.75,16.75,0.0,up,2026-09-15T12:03:07,5.0,8.0
AAPL,2026-09-30,15,Put,315.0,AAPL260930P00315000,1.26,1.73,1.495,1.75,1.75,0.0,16.0,0.0,0.2628,-0.1602,0.0137,0.1654,-0.1432,-0.0208,1.5112,1.63,1.75,1.63,0.0,up,2026-09-15T14:51:07,53.0,61.0
AAPL,2026-09-30,15,Call,320.0,AAPL260930C00320000,13.5,15.15,14.325,12.99,12.99,0.0,10.0,0.0,0.258,0.7668,0.0178,0.2072,-0.1736,0.0986,14.2579,13.62,13.62,12.99,0.0,down,2026-09-15T12:03:49,17.0,24.0
AAPL,2026-09-30,15,Put,320.0,AAPL260930P00320000,2.15,2.76,2.455,2.75,2.75,0.0,119.0,0.0,0.2582,-0.2344,0.0179,0.2076,-0.1762,-0.0301,2.3841,2.4,2.78,2.4,0.0,no_change,2026-09-15T15:43:01,60.0,79.0
AAPL,2026-09-30,15,Call,325.0,AAPL260930C00325000,10.0,11.3,10.65,9.45,9.45,0.0,1.0,0.0,0.2503,0.6704,0.0216,0.2439,-0.2018,0.087,10.5887,9.45,9.45,9.45,0.0,up,2026-09-15T10:14:24,23.0,21.0
AAPL,2026-09-30,15,Put,325.0,AAPL260930P00325000,3.45,4.0,3.725,4.2,4.2,0.0,165.0,0.0,0.2483,-0.3317,0.0218,0.2442,-0.2045,-0.0417,3.7135,4.27,4.55,3.77,0.0,up,2026-09-15T15:59:29,25.0,31.0
AAPL,2026-09-30,15,Call,330.0,AAPL260930C00330000,7.2,7.65,7.425000000000001,7.3,7.3,0.0,64.0,0.0,0.2404,0.5562,0.0241,0.2656,-0.2166,0.0726,7.479,7.19,7.5,6.3,0.0,up,2026-09-15T15:53:30,2.0,6.0
AAPL,2026-09-30,15,Put,330.0,AAPL260930P00330000,5.2,6.15,5.675000000000001,5.95,5.95,0.0,52.0,0.0,0.245,-0.4472,0.0244,0.2656,-0.2196,-0.054,5.6089,6.6,7.1,5.95,0.0,down,2026-09-15T12:34:10,57.0,92.0
AAPL,2026-09-30,15,Call,335.0,AAPL260930C00335000,4.9,5.2,5.050000000000001,5.0,5.0,0.0,27.0,0.0,0.2404,0.4341,0.0244,0.2647,-0.2125,0.057,4.999,5.03,5.55,4.22,0.0,up,2026-09-15T15:59:53,1.0,22.0
AAPL,2026-09-30,15,Put,335.0,AAPL260930P00335000,7.6,8.75,8.175,8.9,8.9,0.0,2.0,0.0,0.2398,-0.5712,0.0249,0.2634,-0.2158,-0.0651,8.1417,9.3,9.3,8.9,0.0,down,2026-09-15T15:42:36,69.0,44.0
AAPL,2026-09-30,15,Call,340.0,AAPL260930C00340000,2.85,3.3,3.075,3.1,3.1,0.0,33.0,0.0,0.2325,0.3171,0.0224,0.2404,-0.1895,0.0417,3.1559,2.67,3.1,2.59,0.0,up,2026-09-15T15:59:26,25.0,26.0
AAPL,2026-09-30,15,Put,340.0,AAPL260930P00340000,10.45,12.25,11.35,0.0,0.0,0.0,0.0,0.0,0.237,-0.6908,0.0229,0.2368,-0.1932,-0.0736,11.3232,0.0,0.0,0.0,0.0,no_change,,11.0,10.0
AAPL,2026-09-30,15,Call,345.0,AAPL260930C00345000,1.7,2.02,1.8599999999999999,1.83,1.83,0.0,83.0,0.0,0.2332,0.2166,0.0185,0.1992,-0.154,0.0285,1.8875,1.62,2.08,1.45,0.0,down,2026-09-15T15:59:26,38.0,37.0
AAPL,2026-09-30,15,Put,345.0,AAPL260930P00345000,13.95,16.15,15.049999999999999,0.0,0.0,0.0,0.0,0.0,0.2323,-0.7944,0.0192,0.1917,-0.1579,-0.074,15.0936,0.0,0.0,0.0,0.0,no_change,,9.0,9.0
AAPL,2026-09-30,15,Call,350.0,AAPL260930C00350000,0.97,1.14,1.055,1.13,1.13,0.0,7.0,0.0,0.2335,0.139,0.014,0.1515,-0.1149,0.0183,1.0755,0.97,1.13,0.94,0.0,up,2026-09-15T15:54:56,3.0,63.0
AAPL,2026-09-30,15,Put,350.0,AAPL260930P00350000,17.3,21.25,19.275,0.0,0.0,0.0,0.0,0.0,0.23,-0.8754,0.015,0.1396,-0.1208,-0.0702,19.3389,0.0,0.0,0.0,0.0,no_change,,15.0,16.0
AAPL,2026-09-30,15,Call,355.0,AAPL260930C00355000,0.34,0.7,0.52,0.51,0.51,0.0,2.0,0.0,0.229,0.0853,0.0098,0.108,-0.0804,0.0112,0.5979,0.55,0.55,0.51,0.0,down,2026-09-15T11:49:34,68.0,143.0
AAPL,2026-09-30,15,Put,355.0,AAPL260930P00355000,21.9,25.9,23.9,0.0,0.0,0.0,0.0,0.0,0.2329,-0.934,0.0111,0.0875,-0.0883,-0.0548,23.9313,0.0,0.0,0.0,0.0,no_change,,6.0,6.0
AAPL,2026-09-30,15,Call,360.0,AAPL260930C00360000,0.16,0.37,0.265,0.43,0.43,0.0,2.0,0.0,0.2304,0.0511,0.0064,0.0734,-0.054,0.0067,0.3304,0.31,0.43,0.31,0.0,up,2026-09-15T14:34:19,119.0,23.0
AAPL,2026-09-30,15,Put,360.0,AAPL260930P00360000,26.75,30.7,28.725,0.0,0.0,0.0,0.0,0.0,0.2315,-0.9732,0.0077,0.0448,-0.0595,-0.0215,28.7491,0.0,0.0,0.0,0.0,no_change,,6.0,6.0
AAPL,2026-09-30,15,Call,365.0,AAPL260930C00365000,0.02,0.38,0.2,0.0,0.0,0.0,0.0,0.0,0.2488,0.0307,0.0042,0.049,-0.0359,0.004,0.1871,0.0,0.0,0.0,0.0,no_change,,13.0,10.0
AAPL,2026-09-30,15,Put,365.0,AAPL260930P00365000,31.7,35.8,33.75,0.0,0.0,0.0,0.0,0.0,0.2787,-0.9933,0.0031,0.0109,-0.0448,-0.0044,33.7011,0.0,0.0,0.0,0.0,no_change,,6.0,6.0
AAPL,2026-09-30,15,Call,370.0,AAPL260930C00370000,0.01,0.33,0.17,0.0,0.0,0.0,0.0,0.0,0.2707,0.0189,0.0027,0.0329,-0.0242,0.0025,0.1107,0.0,0.0,0.0,0.0,no_change,,14.0,12.0
AAPL,2026-09-30,15,Put,370.0,AAPL260930P00370000,36.8,40.6,38.7,0.0,0.0,0.0,0.0,0.0,0.2721,-0.9992,0.0006,0.0011,-0.0416,0.0,38.6951,0.0,0.0,0.0,0.0,no_change,,6.0,6.0
AAPL,2026-09-30,15,Call,375.0,AAPL260930C00375000,0.01,0.29,0.15,0.0,0.0,0.0,0.0,0.0,0.2929,0.0122,0.0018,0.0227,-0.0169,0.0016,0.07,0.0,0.0,0.0,0.0,no_change,,25.0,20.0
AAPL,2026-09-30,15,Put,375.0,AAPL260930P00375000,41.7,45.8,43.75,0.0,0.0,0.0,0.0,0.0,0.34,-1.0,0.0,0.0,-0.0416,0.0,43.6951,0.0,0.0,0.0,0.0,no_change,,6.0,7.0
AAPL,2026-09-30,15,Call,380.0,AAPL260930C00380000,0.01,0.27,0.14,0.0,0.0,0.0,0.0,0.0,0.3162,0.0084,0.0012,0.0165,-0.0126,0.0011,0.048,0.0,0.0,0.0,0.0,no_change,,17.0,22.0
AAPL,2026-09-30,15,Put,380.0,AAPL260930P00380000,46.7,50.65,48.675,0.0,0.0,0.0,0.0,0.0,0.0,-1.0,0.0,0.0,-0.0416,0.0,48.6951,0.0,0.0,0.0,0.0,no_change,,7.0,6.0
AAPL,2026-09-30,15,Call,385.0,AAPL260930C00385000,0.0,0.14,0.07,0.01,0.01,0.0,5.0,0.0,0.3144,0.0062,0.0009,0.0126,-0.0099,0.0008,0.0355,0.13,0.13,0.01,0.0,down,2026-09-15T13:28:18,0.0,85.0
AAPL,2026-09-30,15,Put,385.0,AAPL260930P00385000,51.75,55.65,53.7,0.0,0.0,0.0,0.0,0.0,0.3518,-1.0,0.0,0.0,-0.0416,0.0,53.6951,0.0,0.0,0.0,0.0,no_change,,6.0,6.0
AAPL,2026-09-30,15,Call,390.0,AAPL260930C00390000,0.0,0.05,0.025,0.06,0.06,0.0,4.0,0.0,0.3048,0.0047,0.0007,0.0099,-0.0081,0.0006,0.0277,0.12,0.12,0.06,0.0,down,2026-09-15T13:28:10,0.0,21.0
AAPL,2026-09-30,15,Put,390.0,AAPL260930P00390000,56.7,60.8,58.75,0.0,0.0,0.0,0.0,0.0,0.4258,-1.0,0.0,0.0,-0.0416,0.0,58.6951,0.0,0.0,0.0,0.0,no_change,,6.0,6.0
AAPL,2026-09-30,15,Call,395.0,AAPL260930C00395000,0.0,0.25,0.125,0.0,0.0,0.0,0.0,0.0,0.3853,0.0038,0.0005,0.0082,-0.007,0.0005,0.0229,0.0,0.0,0.0,0.0,no_change,,0.0,29.0
AAPL,2026-09-30,15,Put,395.0,AAPL260930P00395000,61.7,65.8,63.75,0.0,0.0,0.0,0.0,0.0,0.453,-1.0,0.0,0.0,-0.0416,0.0,63.6951,0.0,0.0,0.0,0.0,no_change,,7.0,7.0
AAPL,2026-09-30,15,Call,400.0,AAPL260930C00400000,0.0,0.16,0.08,0.0,0.0,0.0,0.0,0.0,0.3865,0.0032,0.0004,0.0069,-0.0061,0.0004,0.0195,0.0,0.0,0.0,0.0,no_change,,0.0,40.0
AAPL,2026-09-30,15,Put,400.0,AAPL260930P00400000,66.7,70.8,68.75,0.0,0.0,0.0,0.0,0.0,0.4797,-1.0,0.0,0.0,-0.0416,0.0,68.6951,0.0,0.0,0.0,0.0,no_change,,6.0,6.0
AAPL,2026-09-30,15,Call,405.0,AAPL260930C00405000,0.0,2.13,1.065,0.0,0.0,0.0,0.0,0.0,0.6153,0.0027,0.0004,0.0059,-0.0055,0.0003,0.0171,0.0,0.0,0.0,0.0,no_change,,0.0,48.0
AAPL,2026-09-30,15,Put,405.0,AAPL260930P00405000,71.7,75.8,73.75,0.0,0.0,0.0,0.0,0.0,0.5059,-1.0,0.0,0.0,-0.0416,0.0,73.6951,0.0,0.0,0.0,0.0,no_change,,6.0,7.0
AAPL,2026-10-02,17,Call,110.0,AAPL261002C00110000,219.6,223.45,221.52499999999998,0.0,0.0,0.0,0.0,0.0,0.0,1.0,0.0,0.0001,0.0,0.0571,221.5575,0.0,0.0,0.0,224.549995422363,no_change,,16.0,16.0
AAPL,2026-10-02,17,Put,110.0,AAPL261002P00110000,0.0,0.52,0.26,0.31,0.0,0.0,0.0,100.0,2.1669,0.0,0.0,0.0001,-0.0002,0.0,0.0004,0.0,0.0,0.0,0.259999990463257,no_change,2026-08-27T13:29:15,0.0,48.0
AAPL,2026-10-02,17,Call,120.0,AAPL261002C00120000,209.65,213.45,211.55,0.0,0.0,0.0,0.0,0.0,0.0,1.0,0.0,0.0001,0.0,0.0623,211.5807,0.0,0.0,0.0,214.574996948242,no_change,,10.0,16.0
AAPL,2026-10-02,17,Put,120.0,AAPL261002P00120000,0.0,0.52,0.26,0.0,0.0,0.0,0.0,0.0,2.0054,0.0,0.0,0.0001,-0.0003,0.0,0.0006,0.0,0.0,0.0,0.259999990463257,no_change,,0.0,48.0
AAPL,2026-10-02,17,Call,125.0,AAPL261002C00125000,204.65,208.45,206.55,0.0,0.0,0.0,0.0,0.0,0.0,1.0,0.0,0.0001,0.0,0.0649,206.5923,0.0,0.0,0.0,209.824996948242,no_change,,10.0,16.0
AAPL,2026-10-02,17,Put,125.0,AAPL261002P00125000,0.0,0.52,0.26,0.16,0.0,0.0,0.0,4.0,1.9295,0.0,0.0,0.0001,-0.0003,0.0,0.0008,0.0,0.0,0.0,0.259999990463257,up,2026-08-27T15:53:19,0.0,48.0
AAPL,2026-10-02,17,Call,130.0,AAPL261002C00130000,199.65,203.35,201.5,0.0,0.0,0.0,0.0,0.0,0.0,0.9999,0.0,0.0002,0.0,0.0675,201.604,0.0,0.0,0.0,204.75,no_change,,16.0,10.0
AAPL,2026-10-02,17,Put,130.0,AAPL261002P00130000,0.0,0.52,0.26,0.0,0.0,0.0,0.0,0.0,1.8566,-0.0001,0.0,0.0002,-0.0004,0.0,0.001,0.0,0.0,0.0,0.259999990463257,no_change,,0.0,48.0
AAPL,2026-10-02,17,Call,135.0,AAPL261002C00135000,194.65,198.5,196.575,0.0,0.0,0.0,0.0,0.0,1.3076,0.9999,0.0,0.0002,0.0,0.07,196.6157,0.0,0.0,0.0,199.849998474121,no_change,,11.0,16.0
AAPL,2026-10-02,17,Put,135.0,AAPL261002P00135000,0.0,0.52,0.26,0.0,0.0,0.0,0.0,0.0,1.7866,-0.0001,0.0,0.0002,-0.0005,0.0,0.0013,0.0,0.0,0.0,0.259999990463257,no_change,,0.0,48.0
AAPL,2026-10-02,17,Call,140.0,AAPL261002C00140000,189.7,193.35,191.52499999999998,0.0,0.0,0.0,0.0,0.0,0.0,0.9999,0.0,0.0002,0.0,0.0726,191.6275,0.0,0.0,0.0,194.775001525879,no_change,,10.0,10.0
AAPL,2026-10-02,17,Put,140.0,AAPL261002P00140000,0.0,0.52,0.26,0.12,0.0,0.0,0.0,2.0,1.7191,-0.0001,0.0,0.0002,-0.0006,0.0,0.0016,0.0,0.0,0.0,0.259999990463257,up,2026-08-27T14:37:23,0.0,48.0
AAPL,2026-10-02,17,Call,145.0,AAPL261002C00145000,184.7,188.5,186.6,0.0,0.0,0.0,0.0,0.0,0.0,0.9999,0.0,0.0003,0.0,0.0752,186.6393,0.0,0.0,0.0,189.625,no_change,,10.0,16.0
AAPL,2026-10-02,17,Put,145.0,AAPL261002P00145000,0.0,0.52,0.26,0.0,0.0,0.0,0.0,0.0,1.654,-0.0001,0.0,0.0003,-0.0008,0.0,0.0019,0.0,0.0,0.0,0.259999990463257,no_change,,0.0,48.0
AAPL,2026-10-02,17,Call,150.0,AAPL261002C00150000,179.7,183.5,181.6,0.0,0.0,0.0,0.0,0.0,0.0,0.9999,0.0,0.0004,0.0,0.0778,181.6512,0.0,0.0,0.0,184.875,no_change,,10.0,10.0
AAPL,2026-10-02,17,Put,150.0,AAPL261002P00150000,0.0,0.52,0.26,0.0,0.0,0.0,0.0,0.0,1.5911,-0.0001,0.0,0.0004,-0.0009,0.0,0.0023,0.0,0.0,0.0,0.259999990463257,no_change,,0.0,48.0
AAPL,2026-10-02,17,Call,155.0,AAPL261002C00155000,174.7,178.55,176.625,0.0,0.0,0.0,0.0,0.0,0.0,0.9998,0.0,0.0004,0.0,0.0804,176.6631,0.0,0.0,0.0,179.825004577637,no_change,,11.0,16.0
AAPL,2026-10-02,17,Put,155.0,AAPL261002P00155000,0.0,0.52,0.26,0.0,0.0,0.0,0.0,0.0,1.5303,-0.0002,0.0,0.0004,-0.0011,0.0,0.0028,0.0,0.0,0.0,0.259999990463257,no_change,,0.0,48.0
AAPL,2026-10-02,17,Call,160.0,AAPL261002C00160000,169.7,173.55,171.625,0.0,0.0,0.0,0.0,0.0,0.0,0.9998,0.0,0.0005,0.0,0.083,171.6751,0.0,0.0,0.0,174.675003051758,no_change,,16.0,16.0
AAPL,2026-10-02,17,Put,160.0,AAPL261002P00160000,0.0,0.52,0.26,0.0,0.0,0.0,0.0,0.0,1.4713,-0.0002,0.0,0.0005,-0.0012,0.0,0.0034,0.0,0.0,0.0,0.259999990463257,no_change,,0.0,48.0
AAPL,2026-10-02,17,Call,165.0,AAPL261002C00165000,164.75,168.55,166.65,0.0,0.0,0.0,0.0,0.0,0.0,0.9998,0.0,0.0006,0.0,0.0856,166.6872,0.0,0.0,0.0,169.675003051758,no_change,,10.0,16.0
AAPL,2026-10-02,17,Put,165.0,AAPL261002P00165000,0.0,0.52,0.26,0.0,0.0,0.0,0.0,0.0,1.4142,-0.0002,0.0,0.0006,-0.0014,0.0,0.004,0.0,0.0,0.0,0.259999990463257,no_change,,0.0,48.0
AAPL,2026-10-02,17,Call,170.0,AAPL261002C00170000,159.8,163.55,161.675,0.0,0.0,0.0,0.0,0.0,0.0,0.9997,0.0,0.0008,0.0,0.0882,161.6994,0.0,0.0,0.0,164.725006103516,no_change,,16.0,16.0
AAPL,2026-10-02,17,Put,170.0,AAPL261002P00170000,0.0,0.52,0.26,0.0,0.0,0.0,0.0,0.0,1.3587,-0.0003,0.0,0.0008,-0.0017,0.0,0.0047,0.0,0.0,0.0,0.259999990463257,no_change,,0.0,48.0
AAPL,2026-10-02,17,Call,175.0,AAPL261002C00175000,154.75,158.55,156.65,0.0,0.0,0.0,0.0,0.0,0.0,0.9996,0.0,0.0009,0.0,0.0908,156.7117,0.0,0.0,0.0,159.825004577637,no_change,,16.0,16.0
AAPL,2026-10-02,17,Put,175.0,AAPL261002P00175000,0.0,0.5,0.25,0.01,-0.01,-50.0,1.0,34.0,1.298,-0.0004,0.0,0.0009,-0.0019,-0.0001,0.0055,0.01,0.01,0.01,0.0199999995529652,no_change,2026-09-15T09:49:57,0.0,21.0
AAPL,2026-10-02,17,Call,180.0,AAPL261002C00180000,149.75,153.6,151.675,0.0,0.0,0.0,0.0,0.0,0.0,0.9996,0.0,0.0011,0.0,0.0934,151.7241,0.0,0.0,0.0,154.724998474121,no_change,,27.0,16.0
AAPL,2026-10-02,17,Put,180.0,AAPL261002P00180000,0.0,0.01,0.005,0.01,0.0,0.0,0.0,117.0,0.8563,-0.0004,0.0,0.0011,-0.0022,-0.0001,0.0065,0.0,0.0,0.0,0.00499999988824129,down,2026-09-14T14:37:24,0.0,9.0
AAPL,2026-10-02,17,Call,185.0,AAPL261002C00185000,144.75,148.6,146.675,149.85,0.0,0.0,0.0,1.0,0.0,0.9995,0.0,0.0013,0.0,0.0959,146.7366,0.0,0.0,0.0,149.724998474121,up,2026-09-11T12:00:25,17.0,17.0
AAPL,2026-10-02,17,Put,185.0,AAPL261002P00185000,0.0,0.51,0.255,0.01,-0.14,-93.3333,1.0,5.0,1.198,-0.0005,0.0,0.0013,-0.0025,-0.0001,0.0076,0.01,0.01,0.01,0.150000005960464,no_change,2026-09-15T09:50:51,0.0,12.0
AAPL,2026-10-02,17,Call,190.0,AAPL261002C00190000,140.2,143.6,141.89999999999998,0.0,0.0,0.0,0.0,0.0,1.0825,0.9994,0.0,0.0015,0.0,0.0985,141.7493,0.0,0.0,0.0,144.899993896484,no_change,,16.0,17.0
AAPL,2026-10-02,17,Put,190.0,AAPL261002P00190000,0.0,0.51,0.255,0.03,0.0,0.0,0.0,9.0,1.1484,-0.0006,0.0,0.0015,-0.0029,-0.0001,0.0088,0.0,0.0,0.0,0.25,no_change,2026-08-26T12:49:38,0.0,48.0
AAPL,2026-10-02,17,Call,195.0,AAPL261002C00195000,134.8,138.6,136.7,130.4,0.0,0.0,0.0,1.0,0.0,0.9993,0.0,0.0017,0.0,0.1011,136.7622,0.0,0.0,0.0,139.899993896484,up,2026-09-02T12:28:38,16.0,17.0
AAPL,2026-10-02,17,Put,195.0,AAPL261002P00195000,0.0,0.05,0.025,0.01,0.005,100.0,8.0,24.0,0.8536,-0.0007,0.0,0.0017,-0.0033,-0.0001,0.0103,0.01,0.01,0.01,0.00499999988824129,no_change,2026-09-15T11:19:44,0.0,10.0
AAPL,2026-10-02,17,Call,200.0,AAPL261002C00200000,129.8,133.55,131.675,118.42,0.0,0.0,0.0,3.0,0.0,0.9992,0.0,0.002,0.0,0.1037,131.7753,0.0,0.0,0.0,134.775001525879,up,2026-09-09T10:10:58,28.0,17.0
AAPL,2026-10-02,17,Put,200.0,AAPL261002P00200000,0.0,0.04,0.02,0.04,0.02,100.0,2.0,54.0,0.7995,-0.0008,0.0,0.002,-0.0038,-0.0001,0.0119,0.04,0.04,0.04,0.0199999995529652,up,2026-09-15T10:26:39,0.0,10.0
AAPL,2026-10-02,17,Call,205.0,AAPL261002C00205000,124.8,128.65,126.725,112.99,0.0,0.0,0.0,2.0,0.0,0.999,0.0001,0.0024,0.0,0.1062,126.7887,0.0,0.0,0.0,129.924995422363,no_change,2026-09-09T10:11:39,28.0,17.0
AAPL,2026-10-02,17,Put,205.0,AAPL261002P00205000,0.0,0.04,0.02,0.01,0.0,0.0,0.0,90.0,0.9154,-0.001,0.0001,0.0024,-0.0043,-0.0002,0.0138,0.0,0.0,0.0,0.0199999995529652,no_change,2026-09-14T14:41:31,0.0,10.0
AAPL,2026-10-02,17,Call,210.0,AAPL261002C00210000,119.85,123.65,121.75,120.25,-4.7,-3.7615,2.0,0.0,0.0,0.9988,0.0001,0.0028,0.0,0.1088,121.8024,120.25,120.25,120.25,124.949996948242,no_change,2026-09-15T10:22:08,16.0,21.0
AAPL,2026-10-02,17,Put,210.0,AAPL261002P00210000,0.01,0.07,0.04,0.08,0.065,433.333,101.0,117.0,0.7762,-0.0012,0.0001,0.0028,-0.0049,-0.0002,0.0161,0.02,0.14,0.01,0.0149999996647239,up,2026-09-15T15:57:41,15.0,42.0
AAPL,2026-10-02,17,Call,215.0,AAPL261002C00215000,115.25,118.55,116.9,115.62,-4.33,-3.60983,16.0,16.0,0.8174,0.9986,0.0001,0.0033,0.0,0.1114,116.8165,115.62,115.62,115.62,119.949996948242,no_change,2026-09-15T13:35:51,16.0,16.0
AAPL,2026-10-02,17,Put,215.0,AAPL261002P00215000,0.0,0.43,0.215,0.02,-0.2,-90.9091,1.0,34.0,0.8959,-0.0014,0.0001,0.0033,-0.0056,-0.0002,0.0187,0.02,0.02,0.02,0.219999998807907,down,2026-09-15T10:27:24,0.0,35.0
AAPL,2026-10-02,17,Call,220.0,AAPL261002C00220000,109.85,113.65,111.75,0.0,0.0,0.0,0.0,0.0,0.0,0.9984,0.0001,0.0039,0.0,0.1139,111.831,0.0,0.0,0.0,114.825000762939,no_change,,10.0,10.0
AAPL,2026-10-02,17,Put,220.0,AAPL261002P00220000,0.0,0.07,0.035,0.01,-0.03,-75.0,3.0,7.0,0.694,-0.0016,0.0001,0.0039,-0.0063,-0.0003,0.0218,0.01,0.01,0.01,0.0399999991059303,down,2026-09-15T14:17:38,0.0,32.0
AAPL,2026-10-02,17,Call,225.0,AAPL261002C00225000,104.85,108.7,106.775,0.0,0.0,0.0,0.0,0.0,0.0,0.998,0.0001,0.0045,0.0,0.1164,106.8462,0.0,0.0,0.0,109.825000762939,no_change,,28.0,17.0
AAPL,2026-10-02,17,Put,225.0,AAPL261002P00225000,0.0,0.41,0.205,0.02,0.0,0.0,0.0,18.0,0.8064,-0.002,0.0001,0.0046,-0.0072,-0.0003,0.0255,0.0,0.0,0.0,0.189999997615814,no_change,2026-09-10T14:22:48,0.0,56.0
AAPL,2026-10-02,17,Call,230.0,AAPL261002C00230000,99.9,103.7,101.80000000000001,103.1,0.0,0.0,0.0,7.0,0.0,0.9976,0.0002,0.0054,0.0,0.119,101.862,0.0,0.0,0.0,105.075000762939,up,2026-09-14T11:33:44,16.0,21.0
AAPL,2026-10-02,17,Put,230.0,AAPL261002P00230000,0.0,0.04,0.02,0.04,0.0,-9.31323e-08,4.0,108.0,0.6048,-0.0024,0.0002,0.0054,-0.0082,-0.0004,0.0299,0.07,0.07,0.03,0.0400000000372529,up,2026-09-15T15:50:59,0.0,17.0
AAPL,2026-10-02,17,Call,235.0,AAPL261002C00235000,94.9,98.7,96.80000000000001,90.5,0.0,0.0,0.0,27.0,0.0,0.9972,0.0002,0.0064,0.0,0.1215,96.8787,0.0,0.0,0.0,100.025001525879,up,2026-09-10T13:29:50,16.0,16.0
AAPL,2026-10-02,17,Put,235.0,AAPL261002P00235000,0.02,0.11,0.065,0.04,-0.015,-27.2727,23.0,152.0,0.6302,-0.0028,0.0002,0.0064,-0.0094,-0.0005,0.0352,0.06,0.06,0.02,0.0550000006332994,up,2026-09-15T15:15:13,100.0,71.0
AAPL,2026-10-02,17,Call,240.0,AAPL261002C00240000,89.9,93.75,91.825,92.63,0.0,0.0,0.0,1.0,0.0,0.9966,0.0002,0.0075,-0.001,0.124,91.8966,0.0,0.0,0.0,95.0500030517578,up,2026-09-11T15:45:05,19.0,16.0
AAPL,2026-10-02,17,Put,240.0,AAPL261002P00240000,0.01,0.05,0.030000000000000002,0.03,-0.015,-33.3333,3.0,124.0,0.5575,-0.0034,0.0002,0.0076,-0.0108,-0.0006,0.0417,0.03,0.03,0.03,0.0449999989941716,no_change,2026-09-15T10:32:52,5.0,34.0
AAPL,2026-10-02,17,Call,245.0,AAPL261002C00245000,84.95,88.75,86.85,67.63,0.0,0.0,0.0,4.0,0.0,0.9958,0.0003,0.009,-0.0031,0.1264,86.9158,0.0,0.0,0.0,89.875,up,2026-09-09T13:37:40,16.0,16.0
AAPL,2026-10-02,17,Put,245.0,AAPL261002P00245000,0.0,0.05,0.025,0.04,0.0,0.0,0.0,479.0,0.5326,-0.0042,0.0003,0.009,-0.0124,-0.0007,0.0494,0.0,0.0,0.0,0.0400000000372529,no_change,2026-09-14T15:44:02,0.0,10.0
AAPL,2026-10-02,17,Call,250.0,AAPL261002C00250000,79.95,83.75,81.85,70.69,0.0,0.0,0.0,15.0,0.0,0.9949,0.0004,0.0108,-0.0056,0.1289,81.9368,0.0,0.0,0.0,85.1749992370606,up,2026-09-10T10:23:41,16.0,16.0
AAPL,2026-10-02,17,Put,250.0,AAPL261002P00250000,0.02,0.06,0.04,0.04,-0.01,-20.0,3.0,1514.0,0.5002,-0.0051,0.0004,0.0108,-0.0143,-0.0008,0.0589,0.06,0.06,0.04,0.0499999988824129,down,2026-09-15T12:14:11,166.0,36.0
AAPL,2026-10-02,17,Call,255.0,AAPL261002C00255000,75.0,78.8,76.9,63.4,0.0,0.0,0.0,16.0,0.4126,0.9938,0.0005,0.0129,-0.0083,0.1313,76.96,0.0,0.0,0.0,79.9500007629394,up,2026-09-09T14:51:45,16.0,16.0
AAPL,2026-10-02,17,Put,255.0,AAPL261002P00255000,0.02,0.1,0.060000000000000005,0.08,0.0,0.0,0.0,208.0,0.4891,-0.0063,0.0005,0.013,-0.0166,-0.001,0.071,0.0,0.0,0.0,0.0499999988824129,up,2026-09-14T15:42:12,55.0,119.0
AAPL,2026-10-02,17,Call,260.0,AAPL261002C00260000,70.4,73.65,72.025,74.15,0.0,0.0,0.0,22.0,0.4996,0.9923,0.0006,0.0156,-0.0115,0.1336,71.9861,0.0,0.0,0.0,75.2250022888184,up,2026-09-11T13:56:59,16.0,16.0
AAPL,2026-10-02,17,Put,260.0,AAPL261002P00260000,0.03,0.11,0.07,0.08,0.0,0.0,0.0,566.0,0.4647,-0.0078,0.0006,0.0157,-0.0192,-0.0013,0.0857,0.0,0.0,0.0,0.0699999993667006,up,2026-09-14T15:38:16,43.0,44.0
AAPL,2026-10-02,17,Call,265.0,AAPL261002C00265000,65.05,68.85,66.94999999999999,69.54,0.0,0.0,0.0,23.0,0.4036,0.9904,0.0008,0.0189,-0.0151,0.1359,67.0158,0.0,0.0,0.0,70.1500015258789,up,2026-09-14T10:18:23,16.0,16.0
AAPL,2026-10-02,17,Put,265.0,AAPL261002P00265000,0.06,0.13,0.095,0.12,0.025,26.3158,4.0,121.0,0.4491,-0.0096,0.0008,0.019,-0.0223,-0.0016,0.1038,0.12,0.12,0.12,0.094999996945262,up,2026-09-15T13:18:40,24.0,25.0
AAPL,2026-10-02,17,Call,270.0,AAPL261002C00270000,60.05,63.9,61.974999999999994,64.91,0.0,0.0,0.0,30.0,0.3862,0.988,0.001,0.023,-0.0194,0.138,62.0503,0.0,0.0,0.0,65.2749977111816,up,2026-09-11T12:44:59,19.0,16.0
AAPL,2026-10-02,17,Put,270.0,AAPL261002P00270000,0.11,0.13,0.12,0.11,-0.005,-4.34783,13.0,351.0,0.4311,-0.012,0.001,0.023,-0.026,-0.002,0.1269,0.14,0.14,0.11,0.115000002086163,down,2026-09-15T15:56:04,2.0,10.0
AAPL,2026-10-02,17,Call,275.0,AAPL261002C00275000,55.1,58.0,56.55,61.0,0.0,0.0,0.0,81.0,0.0,0.9849,0.0013,0.0281,-0.0243,0.1401,57.0911,0.0,0.0,0.0,60.3250007629394,up,2026-09-14T11:57:32,13.0,10.0
AAPL,2026-10-02,17,Put,275.0,AAPL261002P00275000,0.12,0.19,0.155,0.17,0.025,17.2414,2.0,444.0,0.4094,-0.0152,0.0013,0.0282,-0.0305,-0.0024,0.1564,0.17,0.17,0.17,0.144999999552965,up,2026-09-15T10:36:06,24.0,24.0
AAPL,2026-10-02,17,Call,280.0,AAPL261002C00280000,50.55,52.9,51.724999999999994,55.92,0.0,0.0,0.0,72.0,0.0,0.9807,0.0017,0.0345,-0.03,0.142,52.1404,0.0,0.0,0.0,55.375,up,2026-09-11T12:44:09,10.0,10.0
AAPL,2026-10-02,17,Put,280.0,AAPL261002P00280000,0.13,0.23,0.18,0.2,0.02,11.1111,19.0,525.0,0.3835,-0.0194,0.0017,0.0347,-0.0357,-0.0031,0.1944,0.17,0.21,0.17,0.179999999701977,no_change,2026-09-15T13:13:58,37.0,23.0
AAPL,2026-10-02,17,Call,285.0,AAPL261002C00285000,45.25,48.8,47.025,48.64,0.0,0.0,0.0,241.0,0.3044,0.9752,0.0022,0.0428,-0.037,0.1436,47.2021,0.0,0.0,0.0,50.3250007629394,down,2026-09-14T09:35:04,126.0,46.0
AAPL,2026-10-02,17,Put,285.0,AAPL261002P00285000,0.24,0.26,0.25,0.27,0.035,14.8936,147.0,752.0,0.3674,-0.025,0.0022,0.043,-0.0422,-0.004,0.2454,0.31,0.31,0.25,0.235000006854534,up,2026-09-15T15:47:03,15.0,9.0
AAPL,2026-10-02,17,Call,290.0,AAPL261002C00290000,40.7,43.7,42.2,40.16,-5.39,-11.8332,5.0,154.0,0.3277,0.9675,0.0029,0.0535,-0.0455,0.1449,42.2829,40.16,40.16,40.16,45.5500011444092,down,2026-09-15T09:30:05,70.0,13.0
AAPL,2026-10-02,17,Put,290.0,AAPL261002P00290000,0.29,0.33,0.31,0.32,0.01,3.22581,44.0,1278.0,0.3443,-0.0328,0.003,0.0539,-0.0503,-0.0052,0.3153,0.35,0.36,0.31,0.310000002384186,down,2026-09-15T15:50:51,67.0,20.0
AAPL,2026-10-02,17,Call,295.0,AAPL261002C00295000,35.8,39.25,37.525,36.41,-3.665,-9.14535,1.0,87.0,0.344,0.9564,0.0039,0.0678,-0.0565,0.1455,37.3955,36.41,36.41,36.41,40.0749988555908,down,2026-09-15T15:07:01,10.0,10.0
AAPL,2026-10-02,17,Put,295.0,AAPL261002P00295000,0.4,0.46,0.43000000000000005,0.43,0.02,4.87805,47.0,1110.0,0.3276,-0.0438,0.004,0.0683,-0.0608,-0.007,0.4167,0.46,0.48,0.43,0.409999996423721,down,2026-09-15T14:49:23,57.0,59.0
AAPL,2026-10-02,17,Call,300.0,AAPL261002C00300000,30.6,33.95,32.275000000000006,30.75,-4.8,-13.5021,2.0,530.0,0.0,0.94,0.0054,0.0873,-0.071,0.1452,32.5622,30.75,30.75,30.75,35.5499992370606,down,2026-09-15T11:05:13,71.0,1.0
AAPL,2026-10-02,17,Put,300.0,AAPL261002P00300000,0.57,0.6,0.585,0.57,0.03,5.55556,437.0,2554.0,0.3087,-0.0605,0.0054,0.0877,-0.075,-0.0096,0.5743,0.71,0.71,0.56,0.53999999165535,no_change,2026-09-15T15:57:01,14.0,40.0
AAPL,2026-10-02,17,Call,305.0,AAPL261002C00305000,27.0,28.75,27.875,26.15,-4.55,-14.8208,10.0,129.0,0.2967,0.9152,0.0074,0.1133,-0.0901,0.1434,27.8202,26.15,26.15,26.15,30.6999998092651,down,2026-09-15T10:54:07,21.0,20.0
AAPL,2026-10-02,17,Put,305.0,AAPL261002P00305000,0.79,0.86,0.825,0.88,0.125,16.5563,73.0,1143.0,0.2918,-0.0856,0.0075,0.114,-0.0939,-0.0135,0.8236,0.98,0.98,0.8,0.754999995231628,no_change,2026-09-15T14:57:43,49.0,44.0
AAPL,2026-10-02,17,Call,310.0,AAPL261002C00310000,22.3,23.75,23.025,21.62,-4.455,-17.0853,137.0,2024.0,0.2641,0.8783,0.0101,0.1468,-0.1144,0.1395,23.2267,21.64,22.95,21.25,26.0750007629395,up,2026-09-15T13:06:31,72.0,42.0
AAPL,2026-10-02,17,Put,310.0,AAPL261002P00310000,1.18,1.23,1.205,1.23,0.17,16.0377,172.0,1659.0,0.2779,-0.1227,0.0102,0.1481,-0.1179,-0.0192,1.2203,1.33,1.45,1.15,1.06000000238419,no_change,2026-09-15T15:59:51,45.0,15.0
AAPL,2026-10-02,17,Call,312.5,AAPL261002C00312500,19.35,22.65,21.0,19.9,-4.25,-17.5983,5.0,5.0,0.2724,0.854,0.0117,0.1661,-0.1283,0.1364,21.0096,19.9,19.9,19.9,24.1500005722046,down,2026-09-15T10:57:43,95.0,79.0
AAPL,2026-10-02,17,Put,312.5,AAPL261002P00312500,1.41,1.56,1.4849999999999999,1.61,0.305,23.3716,21.0,4.0,0.2721,-0.1477,0.0118,0.1668,-0.1318,-0.0227,1.5042,1.44,1.76,1.44,1.30500000715256,down,2026-09-15T15:29:42,33.0,130.0
AAPL,2026-10-02,17,Call,315.0,AAPL261002C00315000,18.2,19.6,18.9,17.25,-4.425,-20.4152,153.0,900.0,0.2701,0.8252,0.0134,0.1863,-0.1428,0.1326,18.8609,17.41,19.15,16.65,21.6750001907349,down,2026-09-15T15:55:46,139.0,69.0
AAPL,2026-10-02,17,Put,315.0,AAPL261002P00315000,1.8,1.93,1.865,1.85,0.285,18.2109,1005.0,789.0,0.2688,-0.1768,0.0135,0.1876,-0.1463,-0.0268,1.8542,2.21,2.26,1.81,1.56499999761581,down,2026-09-15T15:58:21,4.0,97.0
AAPL,2026-10-02,17,Call,317.5,AAPL261002C00317500,15.95,17.45,16.7,15.65,-4.2,-21.1587,25.0,4.0,0.2589,0.7916,0.0152,0.2069,-0.1575,0.1279,16.7935,15.8,15.8,15.65,19.8500003814697,no_change,2026-09-15T11:44:49,93.0,12.0
AAPL,2026-10-02,17,Put,317.5,AAPL261002P00317500,2.17,2.34,2.255,2.52,0.59,30.5699,66.0,10.0,0.262,-0.2108,0.0153,0.2088,-0.1609,-0.0317,2.2856,2.53,2.71,2.45,1.93000000715256,no_change,2026-09-15T15:39:03,68.0,37.0
AAPL,2026-10-02,17,Call,320.0,AAPL261002C00320000,14.35,15.35,14.85,14.7,-2.55,-14.7826,29.0,1087.0,0.2608,0.7532,0.0169,0.2272,-0.1716,0.1223,14.8206,14.03,14.7,13.2,17.25,up,2026-09-15T15:54:10,35.0,111.0
AAPL,2026-10-02,17,Put,320.0,AAPL261002P00320000,2.75,2.93,2.84,2.79,0.385,16.0083,1086.0,1600.0,0.2606,-0.2498,0.0171,0.228,-0.175,-0.0376,2.8144,3.15,3.5,2.75,2.40499997138977,no_change,2026-09-15T15:56:47,40.0,146.0
AAPL,2026-10-02,17,Call,322.5,AAPL261002C00322500,12.6,13.5,13.05,12.93,-2.295,-15.0739,136.0,14.0,0.2598,0.71,0.0186,0.2459,-0.1845,0.1158,12.9553,12.25,12.93,11.56,15.2249999046326,up,2026-09-15T15:57:58,42.0,72.0
AAPL,2026-10-02,17,Put,322.5,AAPL261002P00322500,3.35,3.55,3.45,3.57,0.625,21.2224,41.0,60.0,0.2562,-0.2931,0.0188,0.2468,-0.1878,-0.043,3.4444,3.71,4.05,3.57,2.9449999332428,down,2026-09-15T15:50:01,84.0,72.0
AAPL,2026-10-02,17,Call,325.0,AAPL261002C00325000,10.75,11.45,11.1,10.75,-2.725,-20.2226,242.0,1908.0,0.2486,0.6624,0.0201,0.262,-0.1953,0.1085,11.2104,9.84,11.4,9.84,13.4749999046326,up,2026-09-15T15:50:01,108.0,58.0
AAPL,2026-10-02,17,Put,325.0,AAPL261002P00325000,4.1,4.3,4.199999999999999,4.2,0.65,18.3099,170.0,1273.0,0.2527,-0.3413,0.0204,0.263,-0.1986,-0.0493,4.202,4.65,4.85,4.05,3.55000007152557,down,2026-09-15T15:59:12,69.0,62.0
AAPL,2026-10-02,17,Call,327.5,AAPL261002C00327500,9.25,9.8,9.525,8.65,-2.95,-25.431,134.0,12.0,0.2474,0.6111,0.0213,0.2746,-0.2033,0.1004,9.5971,8.96,9.2,8.35,11.5999999046326,down,2026-09-15T11:50:55,40.0,29.0
AAPL,2026-10-02,17,Put,327.5,AAPL261002P00327500,5.0,5.25,5.125,5.4,1.075,24.8555,50.0,119.0,0.2512,-0.3934,0.0216,0.2753,-0.2066,-0.057,5.0922,5.6,5.84,5.2,4.32499980926514,down,2026-09-15T15:51:28,17.0,140.0
AAPL,2026-10-02,17,Call,330.0,AAPL261002C00330000,7.95,8.3,8.125,8.31,-1.69,-16.9,487.0,1724.0,0.2458,0.5569,0.0222,0.2827,-0.2077,0.0918,8.124,7.1,8.31,6.9,10.0,up,2026-09-15T15:56:16,35.0,34.0
AAPL,2026-10-02,17,Put,330.0,AAPL261002P00330000,6.05,6.25,6.15,6.17,0.92,17.5238,397.0,745.0,0.2484,-0.4485,0.0226,0.2827,-0.2112,-0.0634,6.1271,6.68,7.5,5.95,5.25,down,2026-09-15T15:59:47,8.0,50.0
AAPL,2026-10-02,17,Call,332.5,AAPL261002C00332500,6.65,6.9,6.775,6.85,-1.725,-20.1166,116.0,30.0,0.2447,0.501,0.0226,0.2855,-0.2083,0.0828,6.7975,6.1,6.9,5.88,8.57499980926514,up,2026-09-15T15:59:12,51.0,43.0
AAPL,2026-10-02,17,Put,332.5,AAPL261002P00332500,7.2,7.45,7.325,7.15,0.925,14.8594,40.0,67.0,0.246,-0.5054,0.023,0.2849,-0.2118,-0.069,7.311,8.0,8.2,7.15,6.22499990463257,down,2026-09-15T15:56:30,39.0,49.0
AAPL,2026-10-02,17,Call,335.0,AAPL261002C00335000,5.5,5.7,5.6,5.65,-1.5,-20.979,882.0,2354.0,0.2429,0.4446,0.0226,0.2829,-0.2048,0.0737,5.6205,5.25,5.8,4.57,7.15000009536743,up,2026-09-15T15:59:35,75.0,63.0
AAPL,2026-10-02,17,Put,335.0,AAPL261002P00335000,8.35,8.85,8.6,9.25,1.8,24.1611,97.0,485.0,0.242,-0.5628,0.023,0.2811,-0.2083,-0.0741,8.6461,9.25,10.0,8.7,7.45000004768372,down,2026-09-15T15:29:26,50.0,42.0
AAPL,2026-10-02,17,Call,337.5,AAPL261002C00337500,4.45,4.7,4.575,4.57,-1.405,-23.5146,327.0,37.0,0.2416,0.3891,0.022,0.2748,-0.1973,0.0646,4.5922,4.35,4.57,3.7,5.97499990463257,up,2026-09-15T15:59:59,111.0,112.0
AAPL,2026-10-02,17,Put,337.5,AAPL261002P00337500,9.85,10.35,10.1,11.0,2.3,26.4368,22.0,32.0,0.241,-0.6195,0.0225,0.2714,-0.201,-0.0787,10.1319,10.56,11.6,10.56,8.7000002861023,up,2026-09-15T11:43:03,26.0,48.0
AAPL,2026-10-02,17,Call,340.0,AAPL261002C00340000,3.6,3.8,3.7,3.75,-1.175,-23.8579,488.0,5249.0,0.2407,0.3357,0.021,0.2617,-0.1863,0.0558,3.708,3.05,3.75,2.81,4.92500019073486,no_change,2026-09-15T15:54:40,115.0,30.0
AAPL,2026-10-02,17,Put,340.0,AAPL261002P00340000,11.4,12.2,11.8,12.5,2.35,23.1527,39.0,111.0,0.2424,-0.6742,0.0216,0.2585,-0.1901,-0.0848,11.7648,11.9,13.25,11.8,10.1500000953674,down,2026-09-15T13:39:05,52.0,51.0
AAPL,2026-10-02,17,Call,342.5,AAPL261002C00342500,2.86,3.05,2.955,2.94,-1.085,-26.9565,60.0,46.0,0.24,0.2856,0.0197,0.2444,-0.1726,0.0475,2.9599,2.67,3.0,2.42,4.02500009536743,no_change,2026-09-15T15:57:09,85.0,91.0
AAPL,2026-10-02,17,Put,342.5,AAPL261002P00342500,12.8,14.65,13.725000000000001,11.65,0.0,0.0,0.0,12.0,0.2479,-0.7257,0.0202,0.2392,-0.1762,-0.0858,13.5398,0.0,0.0,0.0,11.7750000953674,up,2026-09-14T14:26:55,11.0,11.0
AAPL,2026-10-02,17,Call,345.0,AAPL261002C00345000,2.28,2.41,2.3449999999999998,2.32,-0.93,-28.6154,638.0,6284.0,0.24,0.2397,0.018,0.224,-0.1568,0.0399,2.3374,1.82,2.45,1.81,3.25,down,2026-09-15T15:57:28,50.0,97.0
AAPL,2026-10-02,17,Put,345.0,AAPL261002P00345000,14.7,15.95,15.325,16.55,3.25,24.4361,8.0,66.0,0.234,-0.773,0.0186,0.2157,-0.1603,-0.0847,15.443,17.0,17.0,16.25,13.2999997138977,up,2026-09-15T15:57:00,94.0,51.0
AAPL,2026-10-02,17,Call,347.5,AAPL261002C00347500,1.75,1.88,1.815,1.81,-0.755,-29.4347,60.0,27.0,0.239,0.198,0.0162,0.2014,-0.1396,0.033,1.8216,1.63,1.82,1.43,2.56500005722046,down,2026-09-15T15:57:09,17.0,46.0
AAPL,2026-10-02,17,Put,347.5,AAPL261002P00347500,15.55,18.75,17.15,18.65,3.775,25.3782,1.0,2.0,0.2222,-0.8158,0.0169,0.19,-0.1437,-0.0826,17.4612,18.65,18.65,18.65,14.875,up,2026-09-15T11:42:31,129.0,102.0
AAPL,2026-10-02,17,Call,350.0,AAPL261002C00350000,1.38,1.45,1.415,1.42,-0.6,-29.703,277.0,2440.0,0.2397,0.162,0.0142,0.1781,-0.1225,0.027,1.4118,1.35,1.54,1.08,2.01999998092651,down,2026-09-15T15:59:51,38.0,10.0
AAPL,2026-10-02,17,Put,350.0,AAPL261002P00350000,17.8,21.15,19.475,20.45,3.4,19.9413,6.0,49.0,0.2327,-0.8537,0.0151,0.1651,-0.1273,-0.0793,19.5811,20.4,20.45,20.4,17.0500001907349,up,2026-09-15T14:45:07,139.0,108.0
AAPL,2026-10-02,17,Call,352.5,AAPL261002C00352500,1.07,1.12,1.0950000000000002,1.1,-0.495,-31.0345,157.0,45.0,0.2408,0.1311,0.0123,0.1551,-0.1058,0.0218,1.086,1.01,1.14,0.84,1.59499996900558,no_change,2026-09-15T15:58:44,77.0,5.0
AAPL,2026-10-02,17,Put,352.5,AAPL261002P00352500,20.65,23.05,21.85,0.0,0.0,0.0,0.0,0.0,0.2443,-0.8865,0.0132,0.1394,-0.1113,-0.0737,21.7901,0.0,0.0,0.0,19.1499996185303,no_change,,21.0,20.0
AAPL,2026-10-02,17,Call,355.0,AAPL261002C00355000,0.82,0.9,0.86,0.87,-0.365,-29.5547,166.0,1323.0,0.2429,0.1051,0.0105,0.1333,-0.0901,0.0175,0.8305,0.64,0.87,0.64,1.23499995470047,up,2026-09-15T15:56:42,100.0,181.0
AAPL,2026-10-02,17,Put,355.0,AAPL261002P00355000,22.2,25.7,23.95,24.6,3.0,13.8889,2.0,28.0,0.2281,-0.9145,0.0115,0.1134,-0.097,-0.0687,24.0735,23.95,24.6,23.95,21.6000003814697,up,2026-09-15T15:14:01,37.0,33.0
AAPL,2026-10-02,17,Call,357.5,AAPL261002C00357500,0.62,0.67,0.645,0.58,-0.385,-39.8964,30.0,38.0,0.2428,0.0836,0.0088,0.1131,-0.0758,0.0139,0.6325,0.58,0.58,0.48,0.965000003576279,no_change,2026-09-15T14:31:29,78.0,5.0
AAPL,2026-10-02,17,Put,357.5,AAPL261002P00357500,24.6,27.95,26.275,0.0,0.0,0.0,0.0,0.0,0.2203,-0.9384,0.0099,0.0871,-0.0842,-0.0562,26.4189,0.0,0.0,0.0,23.5249996185303,no_change,,10.0,7.0
AAPL,2026-10-02,17,Call,360.0,AAPL261002C00360000,0.44,0.54,0.49,0.41,-0.33,-44.5946,570.0,2316.0,0.2439,0.0663,0.0074,0.0952,-0.0634,0.011,0.4823,0.47,0.47,0.36,0.739999979734421,no_change,2026-09-15T15:19:43,224.0,200.0
AAPL,2026-10-02,17,Put,360.0,AAPL261002P00360000,26.95,30.75,28.85,34.6,0.0,0.0,0.0,10.0,0.2493,-0.9581,0.0086,0.0657,-0.0695,-0.0435,28.8119,0.0,0.0,0.0,25.8249998092651,down,2026-09-10T15:43:07,8.0,10.0
AAPL,2026-10-02,17,Call,365.0,AAPL261002C00365000,0.23,0.31,0.27,0.26,-0.15,-36.5854,4.0,1219.0,0.2453,0.041,0.005,0.0657,-0.0432,0.0068,0.2787,0.2,0.26,0.19,0.409999996423721,up,2026-09-15T14:37:40,144.0,186.0
AAPL,2026-10-02,17,Put,365.0,AAPL261002P00365000,32.4,35.25,33.825,31.78,0.0,0.0,0.0,13.0,0.2766,-0.9863,0.0053,0.0249,-0.0444,-0.0105,33.712,0.0,0.0,0.0,30.625,down,2026-09-14T10:25:21,16.0,16.0
AAPL,2026-10-02,17,Call,370.0,AAPL261002C00370000,0.16,0.18,0.16999999999999998,0.16,-0.08,-33.3333,1130.0,1434.0,0.2535,0.0253,0.0032,0.0446,-0.0291,0.0042,0.163,0.16,0.16,0.11,0.239999994635582,up,2026-09-15T15:55:07,44.0,95.0
AAPL,2026-10-02,17,Put,370.0,AAPL261002P00370000,36.8,40.65,38.724999999999994,52.7,0.0,0.0,0.0,1.0,0.2896,-0.9979,0.0013,0.0036,-0.0367,0.0,38.6951,0.0,0.0,0.0,35.8499984741211,down,2026-08-20T09:55:35,3.0,1.0
AAPL,2026-10-02,17,Call,375.0,AAPL261002C00375000,0.06,0.11,0.08499999999999999,0.08,-0.07,-46.6667,26.0,214.0,0.2508,0.016,0.0022,0.0305,-0.0199,0.0026,0.0994,0.11,0.11,0.07,0.150000002235174,up,2026-09-15T15:40:19,146.0,31.0
AAPL,2026-10-02,17,Put,375.0,AAPL261002P00375000,42.2,45.65,43.925,42.75,0.0,0.0,0.0,0.0,0.3537,-1.0,0.0,0.0,-0.0367,0.0,43.6951,0.0,0.0,0.0,40.8499984741211,up,2026-09-14T09:31:22,10.0,16.0
AAPL,2026-10-02,17,Call,380.0,AAPL261002C00380000,0.03,0.07,0.05,0.06,-0.025,-29.4118,4.0,346.0,0.2586,0.0105,0.0014,0.0213,-0.014,0.0017,0.0636,0.02,0.06,0.01,0.0850000008940697,up,2026-09-15T11:19:05,116.0,89.0
AAPL,2026-10-02,17,Put,380.0,AAPL261002P00380000,46.85,50.65,48.75,45.74,0.0,0.0,0.0,0.0,0.3453,-1.0,0.0,0.0,-0.0367,0.0,48.6951,0.0,0.0,0.0,45.9249992370606,down,2026-09-11T12:28:22,10.0,11.0
AAPL,2026-10-02,17,Call,385.0,AAPL261002C00385000,0.02,0.14,0.08,0.03,-0.01,-25.0,282.0,481.0,0.2994,0.0072,0.001,0.0154,-0.0103,0.0012,0.0433,0.02,0.04,0.02,0.0399999991059303,down,2026-09-15T15:48:24,32.0,176.0
AAPL,2026-10-02,17,Put,385.0,AAPL261002P00385000,51.85,55.65,53.75,0.0,0.0,0.0,0.0,0.0,0.372,-1.0,0.0,0.0,-0.0367,0.0,53.6951,0.0,0.0,0.0,50.6999988555908,no_change,,10.0,15.0
AAPL,2026-10-02,17,Call,390.0,AAPL261002C00390000,0.01,0.04,0.025,0.04,0.0,0.0,0.0,213.0,0.2803,0.0052,0.0007,0.0116,-0.008,0.0008,0.0315,0.0,0.0,0.0,0.0400000000372529,down,2026-09-14T14:01:45,30.0,39.0
AAPL,2026-10-02,17,Put,390.0,AAPL261002P00390000,56.85,60.65,58.75,0.0,0.0,0.0,0.0,0.0,0.3981,-1.0,0.0,0.0,-0.0367,0.0,58.6951,0.0,0.0,0.0,55.6999988555908,no_change,,20.0,30.0
AAPL,2026-10-02,17,Call,395.0,AAPL261002C00395000,0.0,0.09,0.045,0.07,0.03,75.0,1.0,180.0,0.3225,0.004,0.0006,0.0092,-0.0065,0.0006,0.0246,0.07,0.07,0.07,0.0400000000372529,no_change,2026-09-15T14:40:01,0.0,70.0
AAPL,2026-10-02,17,Put,395.0,AAPL261002P00395000,62.2,65.25,63.725,0.0,0.0,0.0,0.0,0.0,0.412,-1.0,0.0,0.0,-0.0367,0.0,63.6951,0.0,0.0,0.0,60.8499984741211,no_change,,16.0,16.0
AAPL,2026-10-02,17,Call,400.0,AAPL261002C00400000,0.0,0.05,0.025,0.03,0.0,0.0,0.0,467.0,0.3247,0.0032,0.0004,0.0075,-0.0055,0.0005,0.02,0.0,0.0,0.0,0.0199999995529652,down,2026-09-14T09:50:06,0.0,327.0
AAPL,2026-10-02,17,Put,400.0,AAPL261002P00400000,66.85,70.65,68.75,0.0,0.0,0.0,0.0,0.0,0.4486,-1.0,0.0,0.0,-0.0367,0.0,68.6951,0.0,0.0,0.0,65.7000007629394,no_change,,19.0,10.0
AAPL,2026-10-02,17,Call,405.0,AAPL261002C00405000,0.0,0.22,0.11,0.01,0.0,0.0,0.0,28.0,0.3985,0.0027,0.0004,0.0063,-0.0048,0.0004,0.017,0.0,0.0,0.0,0.0199999995529652,down,2026-09-14T13:11:22,0.0,29.0
AAPL,2026-10-02,17,Put,405.0,AAPL261002P00405000,71.85,75.25,73.55,0.0,0.0,0.0,0.0,0.0,0.0,-1.0,0.0,0.0,-0.0367,0.0,73.6951,0.0,0.0,0.0,70.7000007629394,no_change,,14.0,13.0
AAPL,2026-10-02,17,Call,410.0,AAPL261002C00410000,0.0,0.25,0.125,0.08,0.0,0.0,0.0,22.0,0.4265,0.0023,0.0003,0.0055,-0.0043,0.0004,0.0148,0.0,0.0,0.0,0.125,no_change,2026-09-14T12:08:10,0.0,40.0
AAPL,2026-10-02,17,Put,410.0,AAPL261002P00410000,76.85,80.7,78.775,0.0,0.0,0.0,0.0,0.0,0.4968,-1.0,0.0,0.0,-0.0367,0.0,78.6951,0.0,0.0,0.0,75.9249992370606,no_change,,13.0,13.0
AAPL,2026-10-02,17,Call,415.0,AAPL261002C00415000,0.0,0.03,0.015,0.03,0.0,0.0,0.0,381.0,0.3574,0.002,0.0002,0.0048,-0.0039,0.0003,0.0132,0.0,0.0,0.0,0.144999995827675,no_change,2026-09-14T11:23:59,0.0,70.0
AAPL,2026-10-02,17,Put,415.0,AAPL261002P00415000,81.8,85.25,83.525,0.0,0.0,0.0,0.0,0.0,0.0,-1.0,0.0,0.0,-0.0367,0.0,83.6951,0.0,0.0,0.0,80.7749977111816,no_change,,20.0,10.0
AAPL,2026-10-09,24,Call,110.0,AAPL261009C00110000,219.7,223.45,221.575,0.0,0.0,0.0,0.0,0.0,0.0,1.0,0.0,0.0001,0.0,0.078,221.6493,0.0,0.0,0.0,224.675003051758,no_change,,11.0,1.0
AAPL,2026-10-09,24,Put,110.0,AAPL261009P00110000,0.0,0.52,0.26,0.0,0.0,0.0,0.0,0.0,1.8257,0.0,0.0,0.0001,-0.0001,0.0,0.0003,0.0,0.0,0.0,0.259999990463257,no_change,,0.0,47.0
AAPL,2026-10-09,24,Call,120.0,AAPL261009C00120000,209.75,213.6,211.675,213.52,0.0,0.0,0.0,1.0,0.0,1.0,0.0,0.0001,0.0,0.0851,211.6811,0.0,0.0,0.0,214.675003051758,up,2026-09-11T15:14:11,11.0,11.0
AAPL,2026-10-09,24,Put,120.0,AAPL261009P00120000,0.0,0.52,0.26,0.0,0.0,0.0,0.0,0.0,1.6889,0.0,0.0,0.0001,-0.0002,0.0,0.0006,0.0,0.0,0.0,0.259999990463257,no_change,,0.0,47.0
AAPL,2026-10-09,24,Call,125.0,AAPL261009C00125000,204.75,208.6,206.675,0.0,0.0,0.0,0.0,0.0,1.1063,1.0,0.0,0.0002,0.0,0.0887,206.6971,0.0,0.0,0.0,209.700004577637,no_change,,11.0,11.0
AAPL,2026-10-09,24,Put,125.0,AAPL261009P00125000,0.0,0.52,0.26,0.0,0.0,0.0,0.0,0.0,1.6251,0.0,0.0,0.0002,-0.0003,0.0,0.0008,0.0,0.0,0.0,0.259999990463257,no_change,,0.0,47.0
AAPL,2026-10-09,24,Call,130.0,AAPL261009C00130000,199.75,203.6,201.675,0.0,0.0,0.0,0.0,0.0,0.0,0.9999,0.0,0.0002,0.0,0.0922,201.7132,0.0,0.0,0.0,204.724998474121,no_change,,11.0,11.0
AAPL,2026-10-09,24,Put,130.0,AAPL261009P00130000,0.0,0.52,0.26,0.01,0.0,0.0,0.0,8.0,1.5638,-0.0001,0.0,0.0002,-0.0003,0.0,0.0011,0.0,0.0,0.0,0.259999990463257,no_change,2026-09-01T11:46:16,0.0,47.0
AAPL,2026-10-09,24,Call,135.0,AAPL261009C00135000,194.75,198.65,196.7,0.0,0.0,0.0,0.0,0.0,1.1693,0.9999,0.0,0.0003,0.0,0.0958,196.7292,0.0,0.0,0.0,199.724998474121,no_change,,11.0,11.0
AAPL,2026-10-09,24,Put,135.0,AAPL261009P00135000,0.0,0.52,0.26,0.0,0.0,0.0,0.0,0.0,1.5048,-0.0001,0.0,0.0003,-0.0004,0.0,0.0014,0.0,0.0,0.0,0.259999990463257,no_change,,0.0,47.0
AAPL,2026-10-09,24,Call,140.0,AAPL261009C00140000,189.8,193.65,191.72500000000002,0.0,0.0,0.0,0.0,0.0,1.1587,0.9999,0.0,0.0003,0.0,0.0993,191.7454,0.0,0.0,0.0,194.75,no_change,,11.0,11.0
AAPL,2026-10-09,24,Put,140.0,AAPL261009P00140000,0.0,0.52,0.26,0.0,0.0,0.0,0.0,0.0,1.448,-0.0001,0.0,0.0003,-0.0005,0.0,0.0018,0.0,0.0,0.0,0.259999990463257,no_change,,0.0,47.0
AAPL,2026-10-09,24,Call,145.0,AAPL261009C00145000,184.8,188.65,186.72500000000002,0.0,0.0,0.0,0.0,0.0,0.0,0.9999,0.0,0.0004,0.0,0.1029,186.7616,0.0,0.0,0.0,189.775001525879,no_change,,11.0,11.0
AAPL,2026-10-09,24,Put,145.0,AAPL261009P00145000,0.0,0.52,0.26,0.0,0.0,0.0,0.0,0.0,1.3932,-0.0001,0.0,0.0004,-0.0006,0.0,0.0023,0.0,0.0,0.0,0.259999990463257,no_change,,0.0,47.0
AAPL,2026-10-09,24,Call,150.0,AAPL261009C00150000,179.8,183.65,181.72500000000002,0.0,0.0,0.0,0.0,0.0,0.0,0.9998,0.0,0.0005,0.0,0.1064,181.778,0.0,0.0,0.0,184.949996948242,no_change,,11.0,11.0
AAPL,2026-10-09,24,Put,150.0,AAPL261009P00150000,0.0,0.52,0.26,0.0,0.0,0.0,0.0,0.0,1.3402,-0.0002,0.0,0.0005,-0.0008,0.0,0.0028,0.0,0.0,0.0,0.259999990463257,no_change,,0.0,47.0
AAPL,2026-10-09,24,Call,155.0,AAPL261009C00155000,174.85,178.75,176.8,0.0,0.0,0.0,0.0,0.0,0.0,0.9998,0.0,0.0006,0.0,0.1099,176.7944,0.0,0.0,0.0,180.025001525879,no_change,,11.0,11.0
AAPL,2026-10-09,24,Put,155.0,AAPL261009P00155000,0.0,0.52,0.26,0.0,0.0,0.0,0.0,0.0,1.2894,-0.0002,0.0,0.0006,-0.001,0.0,0.0035,0.0,0.0,0.0,0.259999990463257,no_change,,0.0,47.0
AAPL,2026-10-09,24,Call,160.0,AAPL261009C00160000,169.85,173.7,171.77499999999998,0.0,0.0,0.0,0.0,0.0,0.0,0.9998,0.0,0.0008,0.0,0.1135,171.8109,0.0,0.0,0.0,175.074996948242,no_change,,11.0,11.0
AAPL,2026-10-09,24,Put,160.0,AAPL261009P00160000,0.0,0.52,0.26,0.0,0.0,0.0,0.0,0.0,1.2398,-0.0002,0.0,0.0008,-0.0011,-0.0001,0.0042,0.0,0.0,0.0,0.259999990463257,no_change,,0.0,47.0
AAPL,2026-10-09,24,Call,165.0,AAPL261009C00165000,164.85,168.7,166.77499999999998,0.0,0.0,0.0,0.0,0.0,0.7821,0.9997,0.0,0.0009,0.0,0.117,166.8276,0.0,0.0,0.0,169.949996948242,no_change,,11.0,11.0
AAPL,2026-10-09,24,Put,165.0,AAPL261009P00165000,0.0,0.52,0.26,0.0,0.0,0.0,0.0,0.0,1.1917,-0.0003,0.0,0.0009,-0.0013,-0.0001,0.0051,0.0,0.0,0.0,0.259999990463257,no_change,,0.0,47.0
AAPL,2026-10-09,24,Call,170.0,AAPL261009C00170000,159.9,163.75,161.825,0.0,0.0,0.0,0.0,0.0,0.0,0.9996,0.0,0.0011,0.0,0.1205,161.8444,0.0,0.0,0.0,165.0,no_change,,11.0,11.0
AAPL,2026-10-09,24,Put,170.0,AAPL261009P00170000,0.0,0.52,0.26,0.0,0.0,0.0,0.0,0.0,1.145,-0.0004,0.0,0.0011,-0.0016,-0.0001,0.0062,0.0,0.0,0.0,0.259999990463257,no_change,,0.0,47.0
AAPL,2026-10-09,24,Call,175.0,AAPL261009C00175000,154.9,158.75,156.825,0.0,0.0,0.0,0.0,0.0,0.0,0.9996,0.0,0.0014,0.0,0.1241,156.8614,0.0,0.0,0.0,160.025001525879,no_change,,11.0,11.0
AAPL,2026-10-09,24,Put,175.0,AAPL261009P00175000,0.0,0.51,0.255,0.0,0.0,0.0,0.0,0.0,1.0964,-0.0004,0.0,0.0014,-0.0018,-0.0001,0.0074,0.0,0.0,0.0,0.254999995231628,no_change,,0.0,47.0
AAPL,2026-10-09,24,Call,180.0,AAPL261009C00180000,149.9,153.75,151.825,0.0,0.0,0.0,0.0,0.0,0.0,0.9994,0.0,0.0016,0.0,0.1276,151.8786,0.0,0.0,0.0,154.875,no_change,,12.0,12.0
AAPL,2026-10-09,24,Put,180.0,AAPL261009P00180000,0.0,0.5,0.25,0.0,0.0,0.0,0.0,0.0,1.0496,-0.0005,0.0,0.0016,-0.0022,-0.0001,0.0088,0.0,0.0,0.0,0.25,no_change,,0.0,47.0
AAPL,2026-10-09,24,Call,185.0,AAPL261009C00185000,144.9,148.8,146.85000000000002,0.0,0.0,0.0,0.0,0.0,0.7502,0.9993,0.0,0.0019,0.0,0.1311,146.896,0.0,0.0,0.0,149.875,no_change,,12.0,12.0
AAPL,2026-10-09,24,Put,185.0,AAPL261009P00185000,0.0,0.5,0.25,0.0,0.0,0.0,0.0,0.0,1.0068,-0.0006,0.0,0.0019,-0.0025,-0.0001,0.0105,0.0,0.0,0.0,0.245000004768372,no_change,,0.0,47.0
AAPL,2026-10-09,24,Call,190.0,AAPL261009C00190000,139.95,143.8,141.875,0.0,0.0,0.0,0.0,0.0,0.0,0.9992,0.0,0.0023,0.0,0.1346,141.9137,0.0,0.0,0.0,144.925003051758,no_change,,12.0,12.0
AAPL,2026-10-09,24,Put,190.0,AAPL261009P00190000,0.0,0.49,0.245,0.03,0.0,0.0,0.0,21.0,0.9625,-0.0008,0.0,0.0023,-0.0029,-0.0002,0.0124,0.0,0.0,0.0,0.239999994635582,down,2026-09-08T10:22:50,0.0,47.0
AAPL,2026-10-09,24,Call,195.0,AAPL261009C00195000,134.95,138.8,136.875,130.58,0.0,0.0,0.0,1.0,0.0,0.9991,0.0,0.0027,0.0,0.1382,136.9316,0.0,0.0,0.0,140.075004577637,down,2026-09-02T12:28:38,12.0,12.0
AAPL,2026-10-09,24,Put,195.0,AAPL261009P00195000,0.0,0.47,0.235,0.03,0.0,0.0,0.0,6.0,0.9169,-0.0009,0.0,0.0027,-0.0033,-0.0002,0.0146,0.0,0.0,0.0,0.230000004172325,down,2026-09-04T13:21:38,0.0,47.0
AAPL,2026-10-09,24,Call,200.0,AAPL261009C00200000,129.95,133.85,131.89999999999998,0.0,0.0,0.0,0.0,0.0,0.0,0.9989,0.0001,0.0032,0.0,0.1416,131.95,0.0,0.0,0.0,135.175003051758,no_change,,12.0,12.0
AAPL,2026-10-09,24,Put,200.0,AAPL261009P00200000,0.0,0.03,0.015,0.03,0.0,0.0,0.0,20.0,0.6576,-0.0011,0.0001,0.0032,-0.0038,-0.0002,0.0171,0.0,0.0,0.0,0.0149999996647239,no_change,2026-09-10T15:52:58,0.0,1.0
AAPL,2026-10-09,24,Call,205.0,AAPL261009C00205000,125.0,128.85,126.925,0.0,0.0,0.0,0.0,0.0,0.0,0.9987,0.0001,0.0038,0.0,0.1452,126.9687,0.0,0.0,0.0,130.099998474121,no_change,,12.0,12.0
AAPL,2026-10-09,24,Put,205.0,AAPL261009P00205000,0.0,0.43,0.215,0.04,0.0,0.0,0.0,26.0,0.8293,-0.0013,0.0001,0.0038,-0.0044,-0.0003,0.0201,0.0,0.0,0.0,0.204999998211861,down,2026-09-09T09:58:45,0.0,47.0
AAPL,2026-10-09,24,Call,210.0,AAPL261009C00210000,120.05,123.95,122.0,0.0,0.0,0.0,0.0,0.0,0.0,0.9984,0.0001,0.0045,0.0,0.1486,121.988,0.0,0.0,0.0,124.975002288818,no_change,,1.0,12.0
AAPL,2026-10-09,24,Put,210.0,AAPL261009P00210000,0.0,0.4,0.2,0.03,0.0,0.0,0.0,3.0,0.7845,-0.0016,0.0001,0.0045,-0.005,-0.0004,0.0236,0.0,0.0,0.0,0.189999997615814,no_change,2026-09-11T12:51:13,0.0,47.0
AAPL,2026-10-09,24,Call,215.0,AAPL261009C00215000,115.05,118.85,116.94999999999999,115.81,-4.19,-3.49167,16.0,0.0,0.5839,0.9981,0.0001,0.0053,0.0,0.1521,117.0079,115.81,115.81,115.81,120.0,no_change,2026-09-15T13:35:51,12.0,1.0
AAPL,2026-10-09,24,Put,215.0,AAPL261009P00215000,0.0,0.37,0.185,0.03,0.0,0.0,0.0,14.0,0.7408,-0.0019,0.0001,0.0053,-0.0057,-0.0004,0.0277,0.0,0.0,0.0,0.174999997019768,down,2026-09-11T12:51:42,0.0,47.0
AAPL,2026-10-09,24,Call,220.0,AAPL261009C00220000,110.1,113.95,112.025,101.32,0.0,0.0,0.0,1.0,0.4884,0.9977,0.0001,0.0062,0.0,0.1556,112.0285,0.0,0.0,0.0,115.274997711182,up,2026-09-04T10:49:07,1.0,12.0
AAPL,2026-10-09,24,Put,220.0,AAPL261009P00220000,0.01,0.32,0.165,0.08,-0.07,-46.6667,8.0,8.0,0.6953,-0.0023,0.0001,0.0062,-0.0066,-0.0005,0.0326,0.12,0.12,0.03,0.149999995715916,up,2026-09-15T15:45:33,21.0,40.0
AAPL,2026-10-09,24,Call,225.0,AAPL261009C00225000,105.05,108.9,106.975,0.0,0.0,0.0,0.0,0.0,0.0,0.9972,0.0002,0.0074,0.0,0.159,107.0501,0.0,0.0,0.0,110.024997711182,no_change,,2.0,2.0
AAPL,2026-10-09,24,Put,225.0,AAPL261009P00225000,0.0,0.15,0.075,0.04,-0.015,-27.2727,6.0,10.0,0.6103,-0.0028,0.0002,0.0074,-0.0075,-0.0006,0.0385,0.1,0.1,0.04,0.0550000015646219,no_change,2026-09-15T15:45:12,0.0,19.0
AAPL,2026-10-09,24,Call,230.0,AAPL261009C00230000,100.15,103.95,102.05000000000001,0.0,0.0,0.0,0.0,0.0,0.7239,0.9967,0.0002,0.0087,0.0,0.1624,102.0728,0.0,0.0,0.0,105.325000762939,no_change,,1.0,3.0
AAPL,2026-10-09,24,Put,230.0,AAPL261009P00230000,0.02,0.17,0.095,0.07,0.025,55.5556,1.0,13.0,0.5864,-0.0033,0.0002,0.0088,-0.0086,-0.0008,0.0454,0.07,0.07,0.07,0.0449999999254942,up,2026-09-15T12:36:44,10.0,25.0
AAPL,2026-10-09,24,Call,235.0,AAPL261009C00235000,95.15,98.95,97.05000000000001,0.0,0.0,0.0,0.0,0.0,0.431,0.996,0.0003,0.0103,-0.0001,0.1658,97.097,0.0,0.0,0.0,99.1500015258789,no_change,,13.0,10.0
AAPL,2026-10-09,24,Put,235.0,AAPL261009P00235000,0.02,0.09,0.055,0.06,0.0,0.0,0.0,28.0,0.5224,-0.004,0.0003,0.0103,-0.0099,-0.0009,0.0539,0.0,0.0,0.0,0.0449999989941716,no_change,2026-09-14T09:36:30,62.0,85.0
AAPL,2026-10-09,24,Call,240.0,AAPL261009C00240000,90.15,94.0,92.075,91.13,-4.145,-4.35057,1.0,25.0,0.4371,0.9952,0.0003,0.0123,-0.002,0.1692,92.1229,91.13,91.13,91.13,95.2750015258789,up,2026-09-15T14:31:35,14.0,10.0
AAPL,2026-10-09,24,Put,240.0,AAPL261009P00240000,0.02,0.1,0.060000000000000005,0.12,0.0,0.0,0.0,20.0,0.498,-0.0048,0.0003,0.0123,-0.0113,-0.0011,0.0641,0.0,0.0,0.0,0.0550000006332994,no_change,2026-09-09T14:09:06,114.0,191.0
AAPL,2026-10-09,24,Call,245.0,AAPL261009C00245000,85.2,88.95,87.075,75.09,0.0,0.0,0.0,5.0,0.2998,0.9941,0.0004,0.0146,-0.0042,0.1724,87.1511,0.0,0.0,0.0,89.5249977111816,up,2026-09-10T10:12:37,1.0,1.0
AAPL,2026-10-09,24,Put,245.0,AAPL261009P00245000,0.03,0.11,0.07,0.08,0.0,0.0,0.0,116.0,0.4774,-0.0059,0.0004,0.0147,-0.013,-0.0013,0.0765,0.0,0.0,0.0,0.0600000005215406,down,2026-09-14T09:37:41,41.0,73.0
AAPL,2026-10-09,24,Call,250.0,AAPL261009C00250000,80.2,84.05,82.125,75.33,0.0,0.0,0.0,2.0,0.4408,0.9928,0.0005,0.0174,-0.0068,0.1757,82.182,0.0,0.0,0.0,85.4249992370606,no_change,2026-09-10T13:29:33,2.0,2.0
AAPL,2026-10-09,24,Put,250.0,AAPL261009P00250000,0.04,0.13,0.085,0.05,0.0,0.0,0.0,75.0,0.459,-0.0072,0.0005,0.0175,-0.0151,-0.0016,0.0918,0.0,0.0,0.0,0.0799999982118606,down,2026-09-14T14:14:47,60.0,58.0
AAPL,2026-10-09,24,Call,255.0,AAPL261009C00255000,75.25,79.1,77.175,62.69,0.0,0.0,0.0,20.0,0.5219,0.9912,0.0006,0.0209,-0.0096,0.1788,77.2165,0.0,0.0,0.0,79.3000030517578,down,2026-09-08T13:45:30,3.0,3.0
AAPL,2026-10-09,24,Put,255.0,AAPL261009P00255000,0.07,0.16,0.115,0.11,0.02,22.2222,2.0,950.0,0.4466,-0.0089,0.0006,0.0211,-0.0174,-0.002,0.1106,0.1,0.11,0.1,0.0899999979883432,up,2026-09-15T09:34:14,226.0,199.0
AAPL,2026-10-09,24,Call,260.0,AAPL261009C00260000,70.3,74.1,72.19999999999999,73.7,0.0,0.0,0.0,10.0,0.398,0.9891,0.0008,0.0251,-0.0128,0.1819,72.2556,0.0,0.0,0.0,75.5250015258789,down,2026-09-14T13:02:25,10.0,10.0
AAPL,2026-10-09,24,Put,260.0,AAPL261009P00260000,0.08,0.15,0.11499999999999999,0.13,-0.005,-3.7037,7.0,381.0,0.4174,-0.011,0.0008,0.0252,-0.0202,-0.0024,0.1341,0.16,0.16,0.1,0.134999997913837,up,2026-09-15T15:54:22,108.0,63.0
AAPL,2026-10-09,24,Call,265.0,AAPL261009C00265000,65.35,68.85,67.1,66.97,-2.655,-3.81329,112.0,10.0,0.3875,0.9865,0.001,0.0303,-0.0165,0.1848,67.3004,66.34,67.38,66.28,69.625,up,2026-09-15T09:56:03,10.0,10.0
AAPL,2026-10-09,24,Put,265.0,AAPL261009P00265000,0.1,0.19,0.14500000000000002,0.15,0.005,3.44828,28.0,61.0,0.4008,-0.0136,0.001,0.0304,-0.0234,-0.0031,0.1632,0.13,0.17,0.13,0.144999999552965,up,2026-09-15T15:45:27,232.0,174.0
AAPL,2026-10-09,24,Call,270.0,AAPL261009C00270000,60.4,64.25,62.325,62.06,-3.54,-5.39634,112.0,17.0,0.3806,0.9831,0.0013,0.0367,-0.0208,0.1876,62.353,61.35,62.43,61.35,65.5999984741211,up,2026-09-15T09:56:03,10.0,10.0
AAPL,2026-10-09,24,Put,270.0,AAPL261009P00270000,0.12,0.22,0.16999999999999998,0.2,0.025,14.2857,11.0,925.0,0.3796,-0.017,0.0013,0.0369,-0.0273,-0.0038,0.2009,0.22,0.22,0.2,0.175000004470348,down,2026-09-15T15:30:26,108.0,52.0
AAPL,2026-10-09,24,Call,275.0,AAPL261009C00275000,55.9,59.0,57.45,55.58,-5.07,-8.35944,90.0,18.0,0.3788,0.9788,0.0016,0.0446,-0.0258,0.1901,57.4157,57.24,57.32,55.43,60.6499996185303,up,2026-09-15T10:19:12,83.0,40.0
AAPL,2026-10-09,24,Put,275.0,AAPL261009P00275000,0.22,0.28,0.25,0.22,0.005,2.32558,38.0,235.0,0.3712,-0.0214,0.0016,0.0449,-0.0318,-0.0048,0.2482,0.3,0.3,0.22,0.215000003576279,down,2026-09-15T15:56:23,11.0,22.0
AAPL,2026-10-09,24,Call,280.0,AAPL261009C00280000,50.9,53.2,52.05,51.35,-4.4,-7.89238,92.0,245.0,0.0,0.9731,0.0021,0.0544,-0.0317,0.1923,52.4928,52.26,52.44,50.55,55.75,down,2026-09-15T14:27:28,149.0,21.0
AAPL,2026-10-09,24,Put,280.0,AAPL261009P00280000,0.28,0.39,0.335,0.3,0.015,5.26316,4.0,345.0,0.3594,-0.0272,0.0021,0.0547,-0.0373,-0.006,0.3104,0.33,0.33,0.3,0.285000003874302,down,2026-09-15T14:10:32,25.0,27.0
AAPL,2026-10-09,24,Call,285.0,AAPL261009C00285000,45.65,49.3,47.474999999999994,46.5,-3.95,-7.82953,5.0,57.0,0.3159,0.9655,0.0027,0.0669,-0.0388,0.194,47.5907,45.92,46.5,45.78,50.4499988555908,up,2026-09-15T14:26:50,10.0,6.0
AAPL,2026-10-09,24,Put,285.0,AAPL261009P00285000,0.34,0.42,0.38,0.41,0.055,15.493,56.0,538.0,0.334,-0.0348,0.0027,0.0675,-0.0438,-0.0077,0.3924,0.4,0.42,0.4,0.354999989271164,down,2026-09-15T12:33:36,36.0,11.0
AAPL,2026-10-09,24,Call,290.0,AAPL261009C00290000,41.15,43.6,42.375,41.12,-4.705,-10.2673,4.0,21.0,0.2613,0.955,0.0035,0.0827,-0.0474,0.195,42.7208,40.99,41.12,40.91,45.8249988555908,up,2026-09-15T10:27:19,10.0,6.0
AAPL,2026-10-09,24,Put,290.0,AAPL261009P00290000,0.49,0.57,0.53,0.51,0.025,5.15464,40.0,868.0,0.3222,-0.0454,0.0035,0.083,-0.0521,-0.01,0.508,0.63,0.63,0.51,0.484999999403954,down,2026-09-15T15:45:27,5.0,30.0
AAPL,2026-10-09,24,Call,295.0,AAPL261009C00295000,36.8,39.8,38.3,36.93,-3.47,-8.58911,6.0,147.0,0.3399,0.9404,0.0046,0.1032,-0.0583,0.195,37.9009,35.91,36.93,35.91,40.3999996185303,up,2026-09-15T15:07:01,15.0,18.0
AAPL,2026-10-09,24,Put,295.0,AAPL261009P00295000,0.64,0.72,0.6799999999999999,0.64,0.035,5.78513,27.0,440.0,0.3049,-0.0602,0.0046,0.1037,-0.0626,-0.0131,0.6742,0.83,0.83,0.64,0.604999989271164,down,2026-09-15T15:54:50,23.0,24.0
AAPL,2026-10-09,24,Call,300.0,AAPL261009C00300000,31.55,34.05,32.8,31.0,-4.725,-13.226,10.0,62.0,0.2588,0.9196,0.006,0.1295,-0.0719,0.1935,33.159,31.0,31.0,31.0,35.7250003814697,down,2026-09-15T10:31:00,38.0,12.0
AAPL,2026-10-09,24,Put,300.0,AAPL261009P00300000,0.86,0.95,0.905,0.89,0.065,7.87879,76.0,1492.0,0.2896,-0.0812,0.0061,0.1303,-0.0759,-0.0175,0.9195,1.04,1.04,0.89,0.825000017881394,down,2026-09-15T15:54:50,19.0,41.0
AAPL,2026-10-09,24,Call,305.0,AAPL261009C00305000,26.95,29.95,28.45,31.45,0.0,0.0,0.0,73.0,0.2735,0.8904,0.0079,0.1621,-0.0885,0.1899,28.5363,0.0,0.0,0.0,31.125,down,2026-09-14T15:45:26,6.0,5.0
AAPL,2026-10-09,24,Put,305.0,AAPL261009P00305000,1.21,1.34,1.275,1.32,0.15,12.8205,82.0,772.0,0.2783,-0.1108,0.008,0.1633,-0.0923,-0.0237,1.2855,1.24,1.51,1.24,1.1700000166893,down,2026-09-15T15:51:49,50.0,55.0
AAPL,2026-10-09,24,Call,310.0,AAPL261009C00310000,22.9,25.2,24.049999999999997,23.6,-3.275,-12.186,34.0,282.0,0.2672,0.8502,0.0101,0.2006,-0.1079,0.1836,24.0882,20.9,23.6,20.9,26.875,up,2026-09-15T14:03:09,73.0,19.0
AAPL,2026-10-09,24,Put,310.0,AAPL261009P00310000,1.74,1.87,1.8050000000000002,1.79,0.2,12.5786,145.0,601.0,0.2678,-0.1516,0.0103,0.2018,-0.1114,-0.0322,1.8286,2.08,2.11,1.78,1.58999997377396,down,2026-09-15T15:57:17,133.0,43.0
AAPL,2026-10-09,24,Call,315.0,AAPL261009C00315000,18.9,20.5,19.7,19.11,-3.14,-14.1124,53.0,566.0,0.2531,0.7967,0.0127,0.2423,-0.1286,0.174,19.8832,19.37,19.45,18.55,22.25,down,2026-09-15T14:20:32,91.0,18.0
AAPL,2026-10-09,24,Put,315.0,AAPL261009P00315000,2.55,2.7,2.625,2.83,0.555,24.3956,150.0,1180.0,0.2611,-0.2058,0.0129,0.2433,-0.132,-0.0433,2.6183,3.1,3.1,2.67,2.27499997615814,up,2026-09-15T15:36:52,68.0,22.0
AAPL,2026-10-09,24,Call,320.0,AAPL261009C00320000,15.5,16.3,15.9,16.2,-2.3,-12.4324,161.0,397.0,0.2506,0.7291,0.0153,0.2828,-0.1481,0.1608,15.9978,15.15,16.2,14.64,18.5,up,2026-09-15T15:57:47,113.0,5.0
AAPL,2026-10-09,24,Put,320.0,AAPL261009P00320000,3.65,3.85,3.75,3.55,0.25,7.57576,309.0,1402.0,0.2547,-0.2745,0.0155,0.2839,-0.1516,-0.0569,3.7314,4.05,4.5,3.55,3.29999995231628,no_change,2026-09-15T15:54:40,51.0,52.0
AAPL,2026-10-09,24,Call,325.0,AAPL261009C00325000,12.2,13.1,12.649999999999999,12.27,-2.73,-18.2,65.0,709.0,0.2531,0.6483,0.0175,0.316,-0.1635,0.1441,12.5077,11.08,12.27,11.08,15.0,up,2026-09-15T15:54:10,61.0,214.0
AAPL,2026-10-09,24,Put,325.0,AAPL261009P00325000,5.15,5.35,5.25,5.65,1.05,22.8261,48.0,356.0,0.249,-0.3562,0.0178,0.3174,-0.1669,-0.0715,5.2379,5.95,6.0,5.15,4.59999990463257,down,2026-09-15T15:38:59,111.0,31.0
AAPL,2026-10-09,24,Call,330.0,AAPL261009C00330000,9.3,9.7,9.5,9.27,-2.43,-20.7692,141.0,1350.0,0.2449,0.5574,0.0189,0.3357,-0.1715,0.1247,9.4765,8.15,9.35,8.15,11.6999998092651,up,2026-09-15T15:54:10,76.0,67.0
AAPL,2026-10-09,24,Put,330.0,AAPL261009P00330000,7.15,7.4,7.275,7.38,1.055,16.6798,120.0,678.0,0.2458,-0.4489,0.0193,0.3357,-0.175,-0.0868,7.2204,8.23,8.45,7.2,6.32500004768372,down,2026-09-15T15:54:10,21.0,21.0
AAPL,2026-10-09,24,Call,335.0,AAPL261009C00335000,6.85,7.05,6.949999999999999,6.97,-1.63,-18.9535,233.0,867.0,0.2409,0.4616,0.0193,0.3377,-0.1703,0.1039,6.9433,6.6,7.05,5.96,8.59999990463257,up,2026-09-15T15:58:03,50.0,12.0
AAPL,2026-10-09,24,Put,335.0,AAPL261009P00335000,9.6,9.9,9.75,10.46,1.885,21.9825,43.0,407.0,0.242,-0.5468,0.0198,0.3363,-0.1741,-0.1021,9.7077,10.0,11.0,10.0,8.57499980926514,down,2026-09-15T15:19:42,28.0,13.0
AAPL,2026-10-09,24,Call,340.0,AAPL261009C00340000,4.8,5.0,4.9,5.0,-1.275,-20.3187,140.0,2568.0,0.2377,0.3673,0.0185,0.3208,-0.1596,0.083,4.9149,4.5,5.15,4.23,6.27500009536743,no_change,2026-09-15T15:59:08,52.0,29.0
AAPL,2026-10-09,24,Put,340.0,AAPL261009P00340000,12.3,13.7,13.0,14.0,2.7,23.8938,16.0,96.0,0.2472,-0.6438,0.0191,0.3151,-0.1637,-0.1108,12.7147,13.4,14.0,13.4,11.3000001907349,no_change,2026-09-15T11:49:47,57.0,108.0
AAPL,2026-10-09,24,Call,345.0,AAPL261009C00345000,3.25,3.45,3.35,3.37,-1.055,-23.8418,251.0,4293.0,0.2359,0.2806,0.0167,0.288,-0.1412,0.0635,3.3636,3.23,3.42,2.72,4.42500019073486,up,2026-09-15T15:58:00,117.0,103.0
AAPL,2026-10-09,24,Put,345.0,AAPL261009P00345000,14.7,17.35,16.025,17.35,3.0,20.9059,5.0,38.0,0.2295,-0.7336,0.0174,0.2786,-0.1456,-0.1149,16.2143,16.84,17.35,16.84,14.3500003814697,up,2026-09-15T09:34:44,34.0,37.0
AAPL,2026-10-09,24,Call,350.0,AAPL261009C00350000,2.2,2.32,2.26,2.23,-0.77,-25.6667,1326.0,1616.0,0.2367,0.2056,0.0142,0.2446,-0.1182,0.0466,2.2248,2.1,2.34,1.8,3.0,down,2026-09-15T15:57:17,31.0,97.0
AAPL,2026-10-09,24,Put,350.0,AAPL261009P00350000,18.6,21.65,20.125,17.7,0.0,0.0,0.0,11.0,0.2346,-0.8118,0.0149,0.2309,-0.1227,-0.1137,20.1454,0.0,0.0,0.0,17.7750005722046,no_change,2026-09-14T13:26:50,9.0,5.0
AAPL,2026-10-09,24,Call,355.0,AAPL261009C00355000,1.41,1.49,1.45,1.32,-0.685,-34.1646,260.0,787.0,0.2359,0.1456,0.0114,0.1977,-0.0942,0.033,1.4366,1.36,1.47,1.15,2.00499999523163,down,2026-09-15T15:52:48,36.0,85.0
AAPL,2026-10-09,24,Put,355.0,AAPL261009P00355000,23.15,26.4,24.775,22.15,0.0,0.0,0.0,12.0,0.2542,-0.876,0.0124,0.1742,-0.0998,-0.0992,24.4377,0.0,0.0,0.0,21.7750005722046,down,2026-09-11T12:19:07,10.0,13.0
AAPL,2026-10-09,24,Call,360.0,AAPL261009C00360000,0.88,0.98,0.9299999999999999,0.88,-0.43,-32.8244,180.0,856.0,0.2377,0.1,0.0087,0.153,-0.072,0.0226,0.9094,0.76,0.92,0.75,1.31000000238419,no_change,2026-09-15T15:53:30,54.0,62.0
AAPL,2026-10-09,24,Put,360.0,AAPL261009P00360000,27.3,30.55,28.925,30.1,3.95,15.1052,30.0,30.0,0.2284,-0.9262,0.0098,0.119,-0.0797,-0.0823,29.0096,30.1,30.1,30.1,26.1500005722046,up,2026-09-15T09:30:01,43.0,30.0
AAPL,2026-10-09,24,Call,365.0,AAPL261009C00365000,0.52,0.63,0.575,0.5,-0.325,-39.3939,11.0,853.0,0.2384,0.0674,0.0064,0.1146,-0.0533,0.0152,0.5709,0.55,0.56,0.45,0.825000017881394,down,2026-09-15T15:25:53,131.0,195.0
AAPL,2026-10-09,24,Put,365.0,AAPL261009P00365000,31.95,35.75,33.85,0.0,0.0,0.0,0.0,0.0,0.2475,-0.9643,0.0081,0.072,-0.0617,-0.053,33.7824,0.0,0.0,0.0,30.8000001907349,no_change,,5.0,7.0
AAPL,2026-10-09,24,Call,370.0,AAPL261009C00370000,0.33,0.37,0.35,0.32,-0.2,-38.4615,29.0,329.0,0.2399,0.0448,0.0046,0.0837,-0.0386,0.0101,0.3566,0.33,0.35,0.27,0.519999995827675,down,2026-09-15T14:52:32,108.0,44.0
AAPL,2026-10-09,24,Put,370.0,AAPL261009P00370000,36.8,40.65,38.724999999999994,0.0,0.0,0.0,0.0,0.0,0.2496,-0.9898,0.0044,0.0251,-0.0416,-0.0162,38.7029,0.0,0.0,0.0,35.6000003814697,no_change,,13.0,10.0
AAPL,2026-10-09,24,Call,375.0,AAPL261009C00375000,0.21,0.24,0.22499999999999998,0.21,-0.11,-34.375,19.0,900.0,0.2445,0.0296,0.0032,0.0602,-0.0276,0.0067,0.2241,0.19,0.21,0.18,0.320000007748604,up,2026-09-15T12:33:01,44.0,59.0
AAPL,2026-10-09,24,Put,375.0,AAPL261009P00375000,41.8,45.7,43.75,41.16,0.0,0.0,0.0,0.0,0.2738,-0.999,0.0005,0.0,-0.0348,0.0,43.6951,0.0,0.0,0.0,40.7249984741211,down,2026-09-14T15:21:44,2.0,12.0
AAPL,2026-10-09,24,Call,380.0,AAPL261009C00380000,0.07,0.16,0.115,0.12,-0.08,-40.0,6.0,396.0,0.241,0.0198,0.0023,0.0434,-0.0198,0.0045,0.1446,0.13,0.13,0.12,0.200000002980232,no_change,2026-09-15T12:08:53,247.0,13.0
AAPL,2026-10-09,24,Put,380.0,AAPL261009P00380000,46.85,50.65,48.75,0.0,0.0,0.0,0.0,0.0,0.306,-1.0,0.0,0.0,-0.0348,0.0,48.6951,0.0,0.0,0.0,45.6999988555908,no_change,,1.0,10.0
AAPL,2026-10-09,24,Call,385.0,AAPL261009C00385000,0.07,0.12,0.095,0.06,-0.06,-50.0,5.0,107.0,0.2561,0.0135,0.0016,0.0315,-0.0144,0.003,0.0957,0.09,0.09,0.05,0.120000004768372,up,2026-09-15T11:56:48,45.0,60.0
AAPL,2026-10-09,24,Put,385.0,AAPL261009P00385000,51.75,55.65,53.7,0.0,0.0,0.0,0.0,0.0,0.3294,-1.0,0.0,0.0,-0.0348,0.0,53.6951,0.0,0.0,0.0,50.6999988555908,no_change,,11.0,1.0
AAPL,2026-10-09,24,Call,390.0,AAPL261009C00390000,0.04,0.11,0.075,0.04,-0.035,-46.6667,2.0,129.0,0.2653,0.0095,0.0011,0.0234,-0.0108,0.0021,0.0663,0.06,0.06,0.04,0.0749999973922968,down,2026-09-15T10:28:17,30.0,96.0
AAPL,2026-10-09,24,Put,390.0,AAPL261009P00390000,56.8,60.65,58.724999999999994,0.0,0.0,0.0,0.0,0.0,0.3522,-1.0,0.0,0.0,-0.0348,0.0,58.6951,0.0,0.0,0.0,55.6999988555908,no_change,,10.0,10.0
AAPL,2026-10-09,24,Call,395.0,AAPL261009C00395000,0.02,0.09,0.055,0.1,0.04,66.6667,1.0,141.0,0.2734,0.0069,0.0008,0.0177,-0.0083,0.0015,0.0478,0.1,0.1,0.1,0.0599999995902181,up,2026-09-15T10:28:22,74.0,176.0
AAPL,2026-10-09,24,Put,395.0,AAPL261009P00395000,61.8,65.65,63.725,60.85,0.0,0.0,0.0,0.0,0.3746,-1.0,0.0,0.0,-0.0348,0.0,63.6951,0.0,0.0,0.0,60.8499984741211,down,2026-09-11T15:35:56,10.0,10.0
AAPL,2026-10-09,24,Call,400.0,AAPL261009C00400000,0.01,0.05,0.030000000000000002,0.04,0.0,-9.31323e-08,5.0,117.0,0.2767,0.0052,0.0006,0.0139,-0.0067,0.0012,0.0362,0.14,0.14,0.04,0.0400000000372529,down,2026-09-15T14:55:30,33.0,108.0
AAPL,2026-10-09,24,Put,400.0,AAPL261009P00400000,67.0,70.65,68.825,0.0,0.0,0.0,0.0,0.0,0.4143,-1.0,0.0,0.0,-0.0348,0.0,68.6951,0.0,0.0,0.0,65.7000007629394,no_change,,1.0,10.0
AAPL,2026-10-09,24,Call,405.0,AAPL261009C00405000,0.0,0.24,0.12,0.04,0.0,0.0,0.0,4.0,0.3398,0.0041,0.0005,0.0112,-0.0055,0.0009,0.0286,0.0,0.0,0.0,0.034999999217689,down,2026-09-14T13:19:06,0.0,35.0
AAPL,2026-10-09,24,Put,405.0,AAPL261009P00405000,71.8,75.65,73.725,0.0,0.0,0.0,0.0,0.0,0.4177,-1.0,0.0,0.0,-0.0348,0.0,73.6951,0.0,0.0,0.0,70.8499984741211,no_change,,10.0,10.0
AAPL,2026-10-09,24,Call,410.0,AAPL261009C00410000,0.0,0.03,0.015,0.02,0.0,0.0,0.0,131.0,0.2852,0.0033,0.0004,0.0092,-0.0047,0.0007,0.0233,0.0,0.0,0.0,0.0149999996647239,down,2026-09-14T09:53:03,0.0,15.0
AAPL,2026-10-09,24,Put,410.0,AAPL261009P00410000,76.8,80.7,78.75,0.0,0.0,0.0,0.0,0.0,0.4387,-1.0,0.0,0.0,-0.0348,0.0,78.6951,0.0,0.0,0.0,75.8499984741211,no_change,,11.0,11.0
AAPL,2026-10-09,24,Call,415.0,AAPL261009C00415000,0.0,0.2,0.1,0.05,0.0,0.0,0.0,160.0,0.3651,0.0028,0.0003,0.0079,-0.0041,0.0006,0.0198,0.0,0.0,0.0,0.025000000372529,no_change,2026-09-14T14:11:33,0.0,7.0
AAPL,2026-10-09,24,Put,415.0,AAPL261009P00415000,81.8,85.7,83.75,0.0,0.0,0.0,0.0,0.0,0.4592,-1.0,0.0,0.0,-0.0348,0.0,83.6951,0.0,0.0,0.0,80.8499984741211,no_change,,11.0,11.0
AAPL,2026-10-16,31,Call,130.0,AAPL261016C00130000,199.85,203.65,201.75,185.0,0.0,0.0,0.0,34.0,0.0,1.0,0.0,0.0002,0.0,0.117,201.8313,0.0,0.0,0.0,204.974998474121,up,2026-09-09T11:11:58,11.0,1.0
AAPL,2026-10-16,31,Put,130.0,AAPL261016P00130000,0.0,0.52,0.26,0.02,0.0,0.0,0.0,66.0,1.3776,0.0,0.0,0.0002,-0.0002,0.0,0.0009,0.0,0.0,0.0,0.254999995231628,no_change,2026-08-11T09:49:18,0.0,49.0
AAPL,2026-10-16,31,Call,135.0,AAPL261016C00135000,194.9,198.75,196.825,190.63,0.0,0.0,0.0,61.0,0.0,0.9999,0.0,0.0003,0.0,0.1215,196.8517,0.0,0.0,0.0,200.0,up,2026-09-01T10:53:41,11.0,11.0
AAPL,2026-10-16,31,Put,135.0,AAPL261016P00135000,0.0,0.52,0.26,0.05,0.0,0.0,0.0,70.0,1.3257,-0.0001,0.0,0.0003,-0.0003,0.0,0.0012,0.0,0.0,0.0,0.254999995231628,up,2026-07-16T13:24:05,0.0,49.0
AAPL,2026-10-16,31,Call,140.0,AAPL261016C00140000,189.9,193.7,191.8,186.05,0.0,0.0,0.0,24.0,0.0,0.9999,0.0,0.0003,0.0,0.126,191.8722,0.0,0.0,0.0,194.824996948242,up,2026-09-01T14:37:22,11.0,1.0
AAPL,2026-10-16,31,Put,140.0,AAPL261016P00140000,0.0,0.06,0.03,0.01,0.0,0.0,0.0,618.0,1.016,-0.0001,0.0,0.0003,-0.0004,0.0,0.0016,0.0,0.0,0.0,0.0299999993294477,no_change,2026-09-09T11:36:41,0.0,1.0
AAPL,2026-10-16,31,Call,145.0,AAPL261016C00145000,184.95,188.85,186.89999999999998,162.99,0.0,0.0,0.0,18.0,0.0,0.9999,0.0,0.0004,0.0,0.1304,186.8928,0.0,0.0,0.0,190.025001525879,up,2026-08-04T10:21:00,1.0,11.0
AAPL,2026-10-16,31,Put,145.0,AAPL261016P00145000,0.0,0.04,0.02,0.02,0.0,0.0,0.0,397.0,0.9432,-0.0001,0.0,0.0004,-0.0005,0.0,0.002,0.0,0.0,0.0,0.0199999995529652,no_change,2026-09-14T15:11:27,0.0,10.0
AAPL,2026-10-16,31,Call,150.0,AAPL261016C00150000,180.05,183.8,181.925,182.05,-2.85,-1.54137,3.0,18.0,0.8818,0.9999,0.0,0.0006,0.0,0.1349,181.9135,180.49,182.05,178.94,184.900001525879,up,2026-09-15T10:58:09,1.0,1.0
AAPL,2026-10-16,31,Put,150.0,AAPL261016P00150000,0.0,0.14,0.07,0.02,0.0,0.0,0.0,400.0,0.8575,-0.0001,0.0,0.0006,-0.0006,0.0,0.0027,0.0,0.0,0.0,0.025000000372529,up,2026-09-04T11:43:40,0.0,1.0
AAPL,2026-10-16,31,Call,155.0,AAPL261016C00155000,175.0,178.8,176.9,180.28,0.0,0.0,0.0,64.0,0.0,0.9998,0.0,0.0007,0.0,0.1394,176.9343,0.0,0.0,0.0,180.075004577637,up,2026-09-14T12:59:57,1.0,1.0
AAPL,2026-10-16,31,Put,155.0,AAPL261016P00155000,0.0,0.06,0.03,0.01,0.0,0.0,0.0,172.0,0.9022,-0.0002,0.0,0.0007,-0.0008,-0.0001,0.0034,0.0,0.0,0.0,0.0649999976158142,no_change,2026-09-14T14:32:54,0.0,2.0
AAPL,2026-10-16,31,Call,160.0,AAPL261016C00160000,170.1,173.85,171.975,172.07,-3.005,-1.71641,3.0,232.0,0.8502,0.9998,0.0,0.0009,0.0,0.1439,171.9554,170.5,172.07,168.95,175.075004577637,up,2026-09-15T10:58:09,7.0,1.0
AAPL,2026-10-16,31,Put,160.0,AAPL261016P00160000,0.0,0.1,0.05,0.02,0.015,300.0,15.0,260.0,0.7911,-0.0002,0.0,0.0009,-0.0009,-0.0001,0.0043,0.01,0.02,0.01,0.00499999988824129,up,2026-09-15T15:55:29,0.0,1.0
AAPL,2026-10-16,31,Call,165.0,AAPL261016C00165000,165.05,168.9,166.97500000000002,170.4,0.0,0.0,0.0,82.0,0.0,0.9997,0.0,0.0011,0.0,0.1484,166.9766,0.0,0.0,0.0,170.125,up,2026-09-11T11:52:43,1.0,11.0
AAPL,2026-10-16,31,Put,165.0,AAPL261016P00165000,0.0,0.51,0.255,0.05,-0.05,-50.0,7.0,230.0,1.0472,-0.0003,0.0,0.0011,-0.0011,-0.0001,0.0055,0.04,0.05,0.01,0.100000001490116,up,2026-09-15T13:07:31,0.0,49.0
AAPL,2026-10-16,31,Call,170.0,AAPL261016C00170000,160.05,163.75,161.9,147.03,0.0,0.0,0.0,63.0,0.0,0.9996,0.0,0.0014,0.0,0.1529,161.9981,0.0,0.0,0.0,165.125,down,2026-09-08T15:55:28,1.0,1.0
AAPL,2026-10-16,31,Put,170.0,AAPL261016P00170000,0.0,0.3,0.15,0.09,0.0,0.0,0.0,308.0,0.9426,-0.0004,0.0,0.0014,-0.0014,-0.0001,0.0068,0.0,0.0,0.0,0.144999995827675,up,2026-09-03T09:47:13,0.0,11.0
AAPL,2026-10-16,31,Call,175.0,AAPL261016C00175000,155.05,158.9,156.97500000000002,139.72,0.0,0.0,0.0,25.0,0.0,0.9995,0.0,0.0017,0.0,0.1573,157.0198,0.0,0.0,0.0,160.224998474121,up,2026-08-07T10:29:26,12.0,12.0
AAPL,2026-10-16,31,Put,175.0,AAPL261016P00175000,0.0,0.08,0.04,0.02,0.0,0.0,0.0,623.0,0.7874,-0.0005,0.0,0.0017,-0.0017,-0.0001,0.0085,0.0,0.0,0.0,0.0399999991059303,down,2026-09-08T10:35:20,0.0,10.0
AAPL,2026-10-16,31,Call,180.0,AAPL261016C00180000,150.0,153.9,151.95,146.09,0.0,0.0,0.0,97.0,0.0,0.9994,0.0,0.0021,0.0,0.1618,152.0419,0.0,0.0,0.0,155.174995422363,up,2026-09-01T14:22:43,12.0,12.0
AAPL,2026-10-16,31,Put,180.0,AAPL261016P00180000,0.0,0.08,0.04,0.03,0.0,0.0,0.0,429.0,0.755,-0.0006,0.0,0.0021,-0.002,-0.0002,0.0104,0.0,0.0,0.0,0.0399999991059303,no_change,2026-09-08T10:35:20,0.0,1.0
AAPL,2026-10-16,31,Call,185.0,AAPL261016C00185000,145.1,148.8,146.95,130.39,0.0,0.0,0.0,34.0,0.0,0.9992,0.0,0.0026,0.0,0.1662,147.0643,0.0,0.0,0.0,150.174995422363,down,2026-08-20T15:28:29,12.0,1.0
AAPL,2026-10-16,31,Put,185.0,AAPL261016P00185000,0.0,0.46,0.23,0.02,0.0,0.0,0.0,872.0,0.8754,-0.0008,0.0,0.0026,-0.0024,-0.0002,0.0127,0.0,0.0,0.0,0.230000004172325,down,2026-09-04T13:47:15,0.0,49.0
AAPL,2026-10-16,31,Call,190.0,AAPL261016C00190000,140.1,143.95,142.02499999999998,120.98,0.0,0.0,0.0,55.0,0.6709,0.9991,0.0,0.0031,0.0,0.1707,142.0872,0.0,0.0,0.0,145.224998474121,down,2026-08-25T12:45:33,12.0,12.0
AAPL,2026-10-16,31,Put,190.0,AAPL261016P00190000,0.0,0.17,0.085,0.04,0.0,0.0,0.0,1614.0,0.7481,-0.0009,0.0,0.0031,-0.0028,-0.0003,0.0155,0.0,0.0,0.0,0.0850000008940697,no_change,2026-09-09T11:24:49,0.0,10.0
AAPL,2026-10-16,31,Call,195.0,AAPL261016C00195000,135.15,138.9,137.025,133.35,0.0,0.0,0.0,215.0,0.0,0.9989,0.0001,0.0038,0.0,0.1751,137.1105,0.0,0.0,0.0,140.299995422363,up,2026-09-03T15:15:05,10.0,1.0
AAPL,2026-10-16,31,Put,195.0,AAPL261016P00195000,0.0,0.42,0.21,0.13,0.0,0.0,0.0,342.0,0.7966,-0.0012,0.0001,0.0038,-0.0033,-0.0003,0.0188,0.0,0.0,0.0,0.0549999997019768,up,2026-09-10T09:44:35,0.0,49.0
AAPL,2026-10-16,31,Call,200.0,AAPL261016C00200000,130.35,133.0,131.675,132.5,-2.775,-2.05138,12.0,293.0,0.0,0.9986,0.0001,0.0045,0.0,0.1795,132.1345,130.93,132.5,130.93,135.275001525879,no_change,2026-09-15T15:55:32,84.0,7.0
AAPL,2026-10-16,31,Put,200.0,AAPL261016P00200000,0.0,0.05,0.025,0.03,0.005,20.0,3.0,1143.0,0.6063,-0.0014,0.0001,0.0045,-0.0039,-0.0004,0.0226,0.02,0.03,0.02,0.025000000372529,up,2026-09-15T15:08:14,0.0,1.0
AAPL,2026-10-16,31,Call,205.0,AAPL261016C00205000,125.2,129.1,127.15,128.53,0.0,0.0,0.0,859.0,0.0,0.9983,0.0001,0.0054,0.0,0.184,127.1592,0.0,0.0,0.0,130.275001525879,up,2026-09-14T09:45:26,9.0,1.0
AAPL,2026-10-16,31,Put,205.0,AAPL261016P00205000,0.01,0.17,0.09000000000000001,0.07,0.04,133.333,15.0,1857.0,0.6355,-0.0017,0.0001,0.0054,-0.0045,-0.0005,0.0272,0.04,0.07,0.03,0.0300000002607703,up,2026-09-15T13:07:08,10.0,1.0
AAPL,2026-10-16,31,Call,210.0,AAPL261016C00210000,120.2,124.15,122.17500000000001,120.77,-4.58,-3.65377,4.0,471.0,0.0,0.9979,0.0001,0.0065,0.0,0.1883,122.1847,122.13,122.13,120.77,125.349998474121,no_change,2026-09-15T10:14:11,14.0,1.0
AAPL,2026-10-16,31,Put,210.0,AAPL261016P00210000,0.02,0.09,0.055,0.04,-0.015,-27.2727,10.0,3203.0,0.5958,-0.0021,0.0001,0.0065,-0.0053,-0.0006,0.0326,0.03,0.04,0.03,0.0550000015646219,no_change,2026-09-15T11:23:05,1.0,17.0
AAPL,2026-10-16,31,Call,215.0,AAPL261016C00215000,115.25,119.15,117.2,115.3,-5.05,-4.19609,19.0,457.0,0.0,0.9975,0.0001,0.0077,0.0,0.1927,117.2112,115.3,115.3,115.3,120.349998474121,down,2026-09-15T10:54:26,2.0,3.0
AAPL,2026-10-16,31,Put,215.0,AAPL261016P00215000,0.0,0.06,0.03,0.03,-0.03,-50.0,3.0,3386.0,0.5497,-0.0025,0.0001,0.0078,-0.0061,-0.0007,0.0391,0.08,0.08,0.03,0.0600000005215406,down,2026-09-15T15:04:48,0.0,27.0
AAPL,2026-10-16,31,Call,220.0,AAPL261016C00220000,110.35,113.65,112.0,110.86,-4.29,-3.72558,18.0,873.0,0.0,0.997,0.0002,0.0092,0.0,0.197,112.2389,110.77,111.32,110.77,115.150001525879,down,2026-09-15T15:49:38,35.0,10.0
AAPL,2026-10-16,31,Put,220.0,AAPL261016P00220000,0.03,0.18,0.105,0.05,-0.005,-9.09091,3.0,3339.0,0.5802,-0.0031,0.0002,0.0092,-0.0071,-0.0009,0.0467,0.08,0.08,0.05,0.0549999987706542,down,2026-09-15T13:47:49,15.0,122.0
AAPL,2026-10-16,31,Call,225.0,AAPL261016C00225000,105.3,109.1,107.19999999999999,105.22,-4.93,-4.47572,3.0,283.0,0.0,0.9963,0.0002,0.011,0.0,0.2014,107.268,105.82,105.82,105.22,110.150001525879,down,2026-09-15T10:29:09,31.0,10.0
AAPL,2026-10-16,31,Put,225.0,AAPL261016P00225000,0.02,0.07,0.045000000000000005,0.05,0.005,11.1111,10.0,1746.0,0.5026,-0.0037,0.0002,0.011,-0.0082,-0.0011,0.0558,0.06,0.06,0.05,0.0449999989941716,no_change,2026-09-15T15:11:51,39.0,11.0
AAPL,2026-10-16,31,Call,230.0,AAPL261016C00230000,101.1,103.9,102.5,100.42,-5.28,-4.99527,4.0,593.0,0.0,0.9955,0.0003,0.013,0.0,0.2056,102.299,100.92,100.92,100.42,105.700000762939,down,2026-09-15T11:50:31,30.0,10.0
AAPL,2026-10-16,31,Put,230.0,AAPL261016P00230000,0.02,0.1,0.060000000000000005,0.07,0.015,27.2727,2.0,4470.0,0.4818,-0.0045,0.0003,0.0131,-0.0094,-0.0013,0.0667,0.07,0.07,0.07,0.0549999997019768,up,2026-09-15T11:27:18,34.0,49.0
AAPL,2026-10-16,31,Call,235.0,AAPL261016C00235000,95.35,99.15,97.25,95.9,-4.6,-4.57711,1.0,272.0,0.0,0.9946,0.0003,0.0155,0.0,0.2098,97.332,95.9,95.9,95.9,100.5,down,2026-09-15T13:31:33,30.0,10.0
AAPL,2026-10-16,31,Put,235.0,AAPL261016P00235000,0.04,0.09,0.065,0.07,-0.005,-6.66667,402.0,6668.0,0.4691,-0.0055,0.0003,0.0155,-0.0109,-0.0016,0.0797,0.07,0.07,0.06,0.0749999992549419,no_change,2026-09-15T12:22:25,291.0,31.0
AAPL,2026-10-16,31,Call,240.0,AAPL261016C00240000,90.4,94.2,92.30000000000001,95.0,0.0,0.0,0.0,575.0,0.4053,0.9934,0.0004,0.0184,-0.0017,0.214,92.3678,0.0,0.0,0.0,95.5249977111816,no_change,2026-09-14T14:24:15,32.0,10.0
AAPL,2026-10-16,31,Put,240.0,AAPL261016P00240000,0.06,0.12,0.09,0.09,0.0,1.65568e-07,8.0,6490.0,0.46,-0.0066,0.0004,0.0185,-0.0125,-0.0019,0.0954,0.11,0.11,0.09,0.0899999998509884,down,2026-09-15T15:53:54,102.0,50.0
AAPL,2026-10-16,31,Call,245.0,AAPL261016C00245000,85.45,89.05,87.25,86.17,-4.455,-4.91586,11.0,310.0,0.0,0.992,0.0005,0.0219,-0.0042,0.218,87.4068,86.17,86.17,86.17,90.625,down,2026-09-15T15:45:24,32.0,1.0
AAPL,2026-10-16,31,Put,245.0,AAPL261016P00245000,0.06,0.16,0.11,0.1,-0.005,-4.76191,13.0,4913.0,0.4444,-0.0081,0.0005,0.022,-0.0144,-0.0023,0.1144,0.11,0.13,0.1,0.105000000447035,no_change,2026-09-15T15:03:22,31.0,162.0
AAPL,2026-10-16,31,Call,250.0,AAPL261016C00250000,81.7,84.0,82.85,81.25,-4.1,-4.80375,227.0,1269.0,0.5274,0.9902,0.0006,0.0261,-0.0069,0.222,82.4499,81.5,81.68,80.79,85.3500022888184,up,2026-09-15T15:44:17,21.0,14.0
AAPL,2026-10-16,31,Put,250.0,AAPL261016P00250000,0.12,0.15,0.135,0.14,0.005,3.70371,230.0,6032.0,0.4289,-0.0099,0.0006,0.0263,-0.0166,-0.0028,0.1376,0.14,0.15,0.13,0.134999997913837,no_change,2026-09-15T15:47:24,1.0,12.0
AAPL,2026-10-16,31,Call,255.0,AAPL261016C00255000,75.5,79.35,77.425,76.63,-3.695,-4.60006,187.0,1016.0,0.3836,0.988,0.0008,0.0311,-0.01,0.2258,77.4981,77.27,77.27,76.49,80.3250007629394,up,2026-09-15T13:48:34,12.0,10.0
AAPL,2026-10-16,31,Put,255.0,AAPL261016P00255000,0.11,0.22,0.165,0.17,0.0,-1.05185e-06,5.0,5407.0,0.4133,-0.0121,0.0008,0.0312,-0.0191,-0.0034,0.1659,0.2,0.2,0.17,0.170000001788139,down,2026-09-15T10:51:25,11.0,37.0
AAPL,2026-10-16,31,Call,260.0,AAPL261016C00260000,70.65,74.3,72.475,71.05,-4.175,-5.55001,9.0,1498.0,0.3715,0.9853,0.001,0.0372,-0.0135,0.2295,72.5529,71.15,71.15,71.05,75.2249984741211,down,2026-09-15T13:08:44,20.0,2.0
AAPL,2026-10-16,31,Put,260.0,AAPL261016P00260000,0.16,0.23,0.195,0.2,0.01,5.26315,121.0,6397.0,0.3958,-0.0148,0.001,0.0373,-0.0221,-0.0042,0.2008,0.24,0.24,0.17,0.190000005066395,up,2026-09-15T15:34:12,95.0,69.0
AAPL,2026-10-16,31,Call,265.0,AAPL261016C00265000,66.05,69.45,67.75,66.6,-3.975,-5.63231,12.0,897.0,0.4088,0.9818,0.0012,0.0444,-0.0174,0.2329,67.6162,66.06,66.6,66.04,70.5750007629394,up,2026-09-15T13:52:37,13.0,10.0
AAPL,2026-10-16,31,Put,265.0,AAPL261016P00265000,0.23,0.25,0.24,0.23,0.0,1.42533e-06,736.0,3099.0,0.3814,-0.0183,0.0012,0.0447,-0.0255,-0.0052,0.2445,0.26,0.26,0.22,0.229999996721745,no_change,2026-09-15T15:15:10,20.0,1.0
AAPL,2026-10-16,31,Call,270.0,AAPL261016C00270000,62.05,63.35,62.7,61.85,-4.175,-6.32336,26.0,1426.0,0.3673,0.9775,0.0015,0.0534,-0.022,0.2361,62.6906,61.5,61.85,61.43,66.0249977111816,no_change,2026-09-15T12:14:06,40.0,39.0
AAPL,2026-10-16,31,Put,270.0,AAPL261016P00270000,0.29,0.32,0.305,0.31,0.025,8.77193,56.0,8578.0,0.3665,-0.0227,0.0015,0.0535,-0.0294,-0.0065,0.2992,0.31,0.32,0.29,0.285000011324882,up,2026-09-15T15:32:26,33.0,30.0
AAPL,2026-10-16,31,Call,275.0,AAPL261016C00275000,56.8,58.6,57.7,56.62,-4.58,-7.48366,8.0,1494.0,0.3358,0.9718,0.0019,0.0642,-0.0272,0.2389,57.7802,56.7,56.98,56.62,61.2000007629394,down,2026-09-15T13:50:51,137.0,38.0
AAPL,2026-10-16,31,Put,275.0,AAPL261016P00275000,0.36,0.38,0.37,0.38,0.035,10.1449,403.0,5019.0,0.3501,-0.0284,0.0019,0.0645,-0.0341,-0.008,0.3691,0.38,0.41,0.35,0.344999998807907,up,2026-09-15T15:55:04,13.0,40.0
AAPL,2026-10-16,31,Call,280.0,AAPL261016C00280000,51.95,53.6,52.775000000000006,52.05,-4.2,-7.46667,44.0,2246.0,0.3178,0.9645,0.0024,0.0777,-0.0333,0.2411,52.8913,50.65,52.05,50.65,56.25,up,2026-09-15T15:50:00,75.0,48.0
AAPL,2026-10-16,31,Put,280.0,AAPL261016P00280000,0.45,0.48,0.46499999999999997,0.46,0.025,5.74713,290.0,14701.0,0.3354,-0.0357,0.0024,0.0782,-0.0397,-0.0101,0.4607,0.5,0.6,0.3,0.434999987483025,down,2026-09-15T15:57:01,33.0,52.0
AAPL,2026-10-16,31,Call,285.0,AAPL261016C00285000,47.4,49.8,48.599999999999994,47.8,-3.225,-6.32043,5.0,1820.0,0.372,0.9548,0.0031,0.0943,-0.0406,0.2427,48.0333,47.15,47.8,46.59,51.0249996185303,up,2026-09-15T15:11:29,10.0,23.0
AAPL,2026-10-16,31,Put,285.0,AAPL261016P00285000,0.56,0.61,0.585,0.59,0.05,9.25926,367.0,7167.0,0.3211,-0.0455,0.0031,0.0946,-0.0465,-0.0127,0.584,0.69,0.69,0.56,0.53999999165535,down,2026-09-15T15:59:52,22.0,46.0
AAPL,2026-10-16,31,Call,290.0,AAPL261016C00290000,42.35,43.65,43.0,42.55,-3.55,-7.70065,104.0,3494.0,0.2852,0.9418,0.0039,0.115,-0.0493,0.2431,43.2212,41.28,42.7,40.69,46.1000003814697,up,2026-09-15T14:47:36,130.0,67.0
AAPL,2026-10-16,31,Put,290.0,AAPL261016P00290000,0.71,0.78,0.745,0.75,0.055,7.91367,226.0,10120.0,0.3065,-0.0588,0.0039,0.1161,-0.0548,-0.0164,0.7542,0.82,1.05,0.72,0.694999992847443,up,2026-09-15T15:56:49,20.0,51.0
AAPL,2026-10-16,31,Call,295.0,AAPL261016C00295000,37.9,39.3,38.599999999999994,37.86,-3.415,-8.27378,35.0,1963.0,0.3035,0.9242,0.005,0.1409,-0.0599,0.2422,38.4764,37.22,37.86,36.25,41.2750015258789,up,2026-09-15T14:08:28,42.0,15.0
AAPL,2026-10-16,31,Put,295.0,AAPL261016P00295000,0.96,1.01,0.985,0.98,0.07,7.69231,441.0,9878.0,0.2948,-0.0766,0.005,0.1424,-0.0649,-0.0214,0.9917,1.26,1.26,0.96,0.909999996423721,down,2026-09-15T15:59:59,263.0,27.0
AAPL,2026-10-16,31,Call,300.0,AAPL261016C00300000,33.4,34.15,33.775,33.73,-2.67,-7.33516,224.0,15387.0,0.2804,0.9003,0.0064,0.1723,-0.0724,0.2392,33.8297,31.8,33.73,31.65,36.3999996185303,up,2026-09-15T15:55:13,75.0,10.0
AAPL,2026-10-16,31,Put,300.0,AAPL261016P00300000,1.25,1.34,1.295,1.33,0.125,10.3734,1812.0,24353.0,0.283,-0.1006,0.0064,0.1729,-0.0771,-0.0278,1.3273,1.48,1.67,1.27,1.20500004291534,up,2026-09-15T15:59:44,18.0,3.0
AAPL,2026-10-16,31,Call,305.0,AAPL261016C00305000,29.15,29.9,29.525,29.7,-2.425,-7.54864,196.0,6834.0,0.2839,0.8685,0.008,0.209,-0.087,0.2338,29.3219,28.75,29.7,27.4,32.125,up,2026-09-15T15:55:51,1.0,97.0
AAPL,2026-10-16,31,Put,305.0,AAPL261016P00305000,1.76,1.84,1.8,1.77,0.14,8.58896,1404.0,10829.0,0.274,-0.1331,0.0081,0.21,-0.0913,-0.0366,1.8079,2.0,2.29,1.74,1.62999999523163,no_change,2026-09-15T15:58:41,5.0,37.0
AAPL,2026-10-16,31,Call,310.0,AAPL261016C00310000,24.45,25.2,24.825,24.07,-3.53,-12.7899,177.0,10194.0,0.2588,0.827,0.0099,0.2498,-0.1028,0.2253,25.0035,24.0,25.0,23.2,27.6000003814697,no_change,2026-09-15T14:55:00,133.0,4.0
AAPL,2026-10-16,31,Put,310.0,AAPL261016P00310000,2.41,2.56,2.4850000000000003,2.48,0.255,11.4607,2230.0,11762.0,0.2663,-0.1752,0.01,0.251,-0.1069,-0.0475,2.4786,2.76,3.08,2.45,2.22500002384186,no_change,2026-09-15T15:58:37,37.0,52.0
AAPL,2026-10-16,31,Call,315.0,AAPL261016C00315000,20.45,21.4,20.924999999999997,20.4,-3.0,-12.8205,178.0,8514.0,0.259,0.7748,0.0119,0.292,-0.1188,0.2133,20.9322,18.83,20.6,18.83,23.3999996185303,up,2026-09-15T15:53:54,138.0,42.0
AAPL,2026-10-16,31,Put,315.0,AAPL261016P00315000,3.35,3.5,3.425,3.4,0.35,11.4754,3950.0,13709.0,0.2601,-0.2283,0.0121,0.2932,-0.1227,-0.0611,3.4002,3.86,4.08,3.35,3.04999995231628,up,2026-09-15T15:59:38,5.0,81.0
AAPL,2026-10-16,31,Call,320.0,AAPL261016C00320000,16.9,17.5,17.2,17.5,-1.975,-10.1412,530.0,11558.0,0.2545,0.7117,0.0139,0.3311,-0.1333,0.1978,17.1684,15.43,17.5,15.36,19.4750003814697,no_change,2026-09-15T15:55:51,70.0,66.0
AAPL,2026-10-16,31,Put,320.0,AAPL261016P00320000,4.55,4.75,4.65,4.65,0.5,12.0482,2518.0,12333.0,0.254,-0.2926,0.0141,0.3323,-0.137,-0.077,4.6344,5.05,5.65,4.55,4.14999985694885,no_change,2026-09-15T15:59:44,20.0,80.0
AAPL,2026-10-16,31,Call,325.0,AAPL261016C00325000,13.6,13.9,13.75,13.75,-2.05,-12.9747,823.0,10429.0,0.2483,0.6388,0.0155,0.3625,-0.1444,0.1789,13.7691,13.35,13.9,12.09,15.7999997138977,down,2026-09-15T15:58:58,39.0,16.0
AAPL,2026-10-16,31,Put,325.0,AAPL261016P00325000,6.1,6.35,6.225,6.25,0.7,12.6126,1409.0,3119.0,0.2491,-0.3669,0.0158,0.3644,-0.1481,-0.094,6.24,6.82,7.5,6.15,5.54999995231628,no_change,2026-09-15T15:59:52,32.0,32.0
AAPL,2026-10-16,31,Call,330.0,AAPL261016C00330000,10.6,11.0,10.8,10.8,-1.8,-14.2857,3101.0,15948.0,0.2455,0.5586,0.0166,0.3814,-0.1503,0.1575,10.7798,10.35,11.1,9.36,12.5999999046326,up,2026-09-15T15:59:55,50.0,115.0
AAPL,2026-10-16,31,Put,330.0,AAPL261016P00330000,8.15,8.4,8.275,8.27,0.92,12.517,740.0,6647.0,0.2462,-0.4485,0.017,0.3814,-0.154,-0.1114,8.2544,8.78,9.5,8.06,7.34999990463257,up,2026-09-15T15:59:43,44.0,80.0
AAPL,2026-10-16,31,Call,335.0,AAPL261016C00335000,8.1,8.3,8.2,8.1,-1.7,-17.3469,1397.0,11499.0,0.2411,0.4747,0.017,0.3847,-0.15,0.1346,8.2285,7.95,8.45,7.15,9.80000019073486,down,2026-09-15T15:59:42,60.0,68.0
AAPL,2026-10-16,31,Put,335.0,AAPL261016P00335000,10.6,10.9,10.75,10.75,1.2,12.5654,268.0,2662.0,0.2432,-0.5346,0.0174,0.3827,-0.1538,-0.1273,10.7265,11.56,12.35,10.55,9.5499997138977,up,2026-09-15T15:57:44,18.0,65.0
AAPL,2026-10-16,31,Call,340.0,AAPL261016C00340000,6.0,6.2,6.1,6.1,-1.375,-18.3946,1806.0,104426.0,0.2389,0.3914,0.0165,0.3716,-0.1433,0.1115,6.1207,5.9,6.35,5.15,7.47500014305115,up,2026-09-15T15:59:51,78.0,72.0
AAPL,2026-10-16,31,Put,340.0,AAPL261016P00340000,13.35,13.85,13.6,13.85,1.675,13.7577,140.0,2820.0,0.2401,-0.6206,0.0171,0.3668,-0.1473,-0.1397,13.6533,15.01,15.33,13.85,12.1750001907349,down,2026-09-15T15:54:29,33.0,43.0
AAPL,2026-10-16,31,Call,345.0,AAPL261016C00345000,4.35,4.55,4.449999999999999,4.4,-1.075,-19.6347,1560.0,26935.0,0.2383,0.3125,0.0154,0.3434,-0.1309,0.0893,4.4285,4.2,4.85,3.7,5.47500014305115,no_change,2026-09-15T15:59:53,15.0,87.0
AAPL,2026-10-16,31,Put,345.0,AAPL261016P00345000,16.5,17.25,16.875,17.5,2.225,14.5663,5.0,572.0,0.2333,-0.7023,0.016,0.3343,-0.1354,-0.1462,17.02,18.35,18.35,17.5,15.2749996185303,down,2026-09-15T09:37:03,169.0,21.0
AAPL,2026-10-16,31,Call,350.0,AAPL261016C00350000,3.1,3.2,3.1500000000000004,3.15,-0.825,-20.7547,7016.0,18805.0,0.2369,0.2428,0.0136,0.3045,-0.1149,0.0695,3.1418,2.91,3.25,2.51,3.97500014305115,no_change,2026-09-15T15:59:55,699.0,5.0
AAPL,2026-10-16,31,Put,350.0,AAPL261016P00350000,20.15,21.55,20.85,21.4,2.85,15.3639,54.0,1382.0,0.2387,-0.7761,0.0144,0.2888,-0.1195,-0.1441,20.7898,21.37,22.3,21.05,18.5500001907349,down,2026-09-15T13:44:50,108.0,39.0
AAPL,2026-10-16,31,Call,355.0,AAPL261016C00355000,2.15,2.23,2.19,2.2,-0.58,-20.8633,1082.0,8703.0,0.2363,0.1828,0.0116,0.2591,-0.0967,0.0523,2.1719,2.04,2.25,1.75,2.77999997138977,up,2026-09-15T15:59:55,12.0,32.0
AAPL,2026-10-16,31,Put,355.0,AAPL261016P00355000,24.2,25.95,25.075,22.15,0.0,0.0,0.0,44.0,0.2433,-0.8398,0.0125,0.2329,-0.1015,-0.1352,24.9114,0.0,0.0,0.0,22.3000001907349,down,2026-09-14T12:35:34,25.0,21.0
AAPL,2026-10-16,31,Call,360.0,AAPL261016C00360000,1.41,1.55,1.48,1.5,-0.415,-21.671,3082.0,48155.0,0.2355,0.1344,0.0094,0.213,-0.0787,0.0385,1.4791,1.39,1.52,1.14,1.91500002145767,up,2026-09-15T15:58:32,20.0,31.0
AAPL,2026-10-16,31,Put,360.0,AAPL261016P00360000,27.7,30.4,29.049999999999997,30.8,3.9,14.4981,3.0,43.0,0.2192,-0.8927,0.0105,0.1749,-0.0844,-0.1186,29.3202,29.4,30.8,29.4,26.8999996185303,up,2026-09-15T10:08:33,79.0,66.0
AAPL,2026-10-16,31,Call,365.0,AAPL261016C00365000,0.98,1.03,1.005,1.01,-0.305,-23.1939,501.0,6539.0,0.238,0.0969,0.0074,0.1699,-0.0622,0.0277,0.9951,0.9,1.07,0.78,1.31499999761581,no_change,2026-09-15T15:57:58,44.0,1.0
AAPL,2026-10-16,31,Put,365.0,AAPL261016P00365000,33.25,35.05,34.15,31.05,0.0,0.0,0.0,11.0,0.2529,-0.9351,0.0086,0.1187,-0.0694,-0.0887,33.9559,0.0,0.0,0.0,31.2750005722046,no_change,2026-09-14T13:27:19,30.0,30.0
AAPL,2026-10-16,31,Call,370.0,AAPL261016C00370000,0.65,0.72,0.685,0.67,-0.2,-22.9885,213.0,9379.0,0.2395,0.0688,0.0057,0.1323,-0.0481,0.0197,0.6653,0.52,0.67,0.51,0.870000004768372,up,2026-09-15T15:59:19,55.0,70.0
AAPL,2026-10-16,31,Put,370.0,AAPL261016P00370000,38.0,39.85,38.925,50.6,0.0,0.0,0.0,1.0,0.2593,-0.9688,0.0074,0.068,-0.0536,-0.053,38.7621,0.0,0.0,0.0,35.6000003814697,down,2026-09-10T12:00:31,30.0,30.0
AAPL,2026-10-16,31,Call,375.0,AAPL261016C00375000,0.4,0.48,0.44,0.43,-0.155,-26.4957,589.0,2827.0,0.241,0.0485,0.0043,0.1013,-0.0367,0.0138,0.4451,0.5,0.5,0.35,0.58500000834465,no_change,2026-09-15T15:54:38,120.0,5.0
AAPL,2026-10-16,31,Put,375.0,AAPL261016P00375000,41.8,45.7,43.75,41.76,0.0,0.0,0.0,20.0,0.259,-0.9912,0.0038,0.0245,-0.0443,-0.0175,43.6985,0.0,0.0,0.0,40.4750003814697,no_change,2026-09-11T13:41:04,2.0,3.0
AAPL,2026-10-16,31,Call,380.0,AAPL261016C00380000,0.29,0.32,0.305,0.3,-0.08,-21.0526,1203.0,4613.0,0.2446,0.0342,0.0032,0.0768,-0.0277,0.0097,0.2998,0.22,0.3,0.22,0.379999995231628,up,2026-09-15T15:57:45,17.0,26.0
AAPL,2026-10-16,31,Put,380.0,AAPL261016P00380000,46.75,50.65,48.7,48.75,0.0,0.0,0.0,0.0,0.2807,-0.999,0.0005,0.0,-0.0408,0.0,48.6951,0.0,0.0,0.0,45.7249984741211,up,2026-07-30T10:10:28,12.0,1.0
AAPL,2026-10-16,31,Call,385.0,AAPL261016C00385000,0.19,0.21,0.2,0.19,-0.06,-24.0,379.0,981.0,0.2475,0.0242,0.0024,0.058,-0.021,0.0069,0.2046,0.18,0.19,0.15,0.250000007450581,up,2026-09-15T15:54:53,113.0,35.0
AAPL,2026-10-16,31,Put,385.0,AAPL261016P00385000,51.85,55.65,53.75,0.0,0.0,0.0,0.0,0.0,0.3019,-1.0,0.0,0.0,-0.0408,0.0,53.6951,0.0,0.0,0.0,50.5749988555908,no_change,,10.0,10.0
AAPL,2026-10-16,31,Call,390.0,AAPL261016C00390000,0.12,0.14,0.13,0.12,-0.045,-27.2727,219.0,9398.0,0.2496,0.0173,0.0017,0.0441,-0.016,0.0049,0.1425,0.11,0.12,0.1,0.165000006556511,up,2026-09-15T14:39:11,113.0,39.0
AAPL,2026-10-16,31,Put,390.0,AAPL261016P00390000,57.0,60.65,58.825,53.15,0.0,0.0,0.0,0.0,0.337,-1.0,0.0,0.0,-0.0408,0.0,58.6951,0.0,0.0,0.0,55.7249984741211,down,2026-07-28T15:55:59,1.0,1.0
AAPL,2026-10-16,31,Call,395.0,AAPL261016C00395000,0.05,0.1,0.07500000000000001,0.05,-0.055,-52.381,75.0,625.0,0.2485,0.0125,0.0013,0.0335,-0.0122,0.0036,0.1008,0.13,0.13,0.04,0.104999996721745,up,2026-09-15T15:31:25,99.0,32.0
AAPL,2026-10-16,31,Put,395.0,AAPL261016P00395000,61.8,65.65,63.725,78.23,0.0,0.0,0.0,0.0,0.3341,-1.0,0.0,0.0,-0.0408,0.0,63.6951,0.0,0.0,0.0,60.3999996185303,down,2026-08-20T10:52:03,11.0,10.0
AAPL,2026-10-16,31,Call,400.0,AAPL261016C00400000,0.05,0.07,0.060000000000000005,0.05,-0.025,-33.3333,564.0,9495.0,0.2572,0.0093,0.001,0.0259,-0.0095,0.0026,0.0733,0.09,0.09,0.04,0.0749999992549419,no_change,2026-09-15T15:52:40,53.0,63.0
AAPL,2026-10-16,31,Put,400.0,AAPL261016P00400000,66.85,70.65,68.75,71.0,0.0,0.0,0.0,0.0,0.3622,-1.0,0.0,0.0,-0.0408,0.0,68.6951,0.0,0.0,0.0,65.4000015258789,up,2026-09-03T12:56:49,1.0,10.0
AAPL,2026-10-16,31,Call,405.0,AAPL261016C00405000,0.02,0.06,0.04,0.05,-0.01,-16.6667,5.0,80.0,0.2605,0.0069,0.0007,0.0202,-0.0075,0.002,0.0543,0.1,0.1,0.05,0.0599999995902181,down,2026-09-15T11:21:01,30.0,52.0
AAPL,2026-10-16,31,Put,405.0,AAPL261016P00405000,71.8,75.65,73.725,80.2,0.0,0.0,0.0,0.0,0.3725,-1.0,0.0,0.0,-0.0408,0.0,73.6951,0.0,0.0,0.0,70.4000015258789,up,2026-07-22T14:51:37,11.0,10.0
AAPL,2026-10-16,31,Call,410.0,AAPL261016C00410000,0.02,0.15,0.08499999999999999,0.03,-0.03,-50.0,12.0,3031.0,0.299,0.0053,0.0006,0.016,-0.006,0.0015,0.0413,0.03,0.05,0.03,0.0599999995902181,down,2026-09-15T13:02:19,23.0,68.0
AAPL,2026-10-16,31,Put,410.0,AAPL261016P00410000,76.8,80.65,78.725,108.52,0.0,0.0,0.0,1.0,0.4004,-1.0,0.0,0.0,-0.0408,0.0,78.6951,0.0,0.0,0.0,75.5999984741211,up,2026-08-12T15:46:25,12.0,10.0
AAPL,2026-10-16,31,Call,415.0,AAPL261016C00415000,0.01,0.07,0.04,0.03,-0.015,-33.3333,1.0,63.0,0.2888,0.0041,0.0004,0.0128,-0.0049,0.0012,0.0319,0.03,0.03,0.03,0.0449999989941716,down,2026-09-15T10:01:24,31.0,63.0
AAPL,2026-10-16,31,Put,415.0,AAPL261016P00415000,81.85,85.65,83.75,113.54,0.0,0.0,0.0,0.0,0.419,-1.0,0.0,0.0,-0.0408,0.0,83.6951,0.0,0.0,0.0,80.375,up,2026-08-12T15:46:25,10.0,10.0
AAPL,2026-10-16,31,Call,420.0,AAPL261016C00420000,0.02,0.04,0.03,0.03,-0.07,-70.0,10.0,449.0,0.2888,0.0032,0.0004,0.0103,-0.004,0.0009,0.0251,0.14,0.14,0.02,0.0999999986961484,up,2026-09-15T15:58:29,1.0,10.0
AAPL,2026-10-16,31,Put,420.0,AAPL261016P00420000,86.85,90.55,88.69999999999999,0.0,0.0,0.0,0.0,0.0,0.4132,-1.0,0.0,0.0,-0.0408,0.0,88.6951,0.0,0.0,0.0,85.5499992370606,no_change,,1.0,10.0
AAPL,2026-10-16,31,Call,425.0,AAPL261016C00425000,0.0,0.14,0.07,0.13,0.0,0.0,0.0,82.0,0.3384,0.0026,0.0003,0.0085,-0.0034,0.0007,0.0202,0.0,0.0,0.0,0.0249999994412065,up,2026-09-14T10:55:22,0.0,10.0
AAPL,2026-10-16,31,Put,425.0,AAPL261016P00425000,91.75,95.65,93.7,0.0,0.0,0.0,0.0,0.0,0.455,-1.0,0.0,0.0,-0.0408,0.0,93.6951,0.0,0.0,0.0,90.375,no_change,,11.0,1.0
AAPL,2026-10-16,31,Call,430.0,AAPL261016C00430000,0.0,0.12,0.06,0.03,0.0,0.0,0.0,821.0,0.3468,0.0021,0.0002,0.007,-0.0028,0.0006,0.0164,0.0,0.0,0.0,0.034999999217689,down,2026-09-14T11:07:54,0.0,10.0
AAPL,2026-10-16,31,Put,430.0,AAPL261016P00430000,96.8,100.7,98.75,0.0,0.0,0.0,0.0,0.0,0.462,-1.0,0.0,0.0,-0.0408,0.0,98.6951,0.0,0.0,0.0,95.4000015258789,no_change,,11.0,11.0
AAPL,2026-10-16,31,Call,435.0,AAPL261016C00435000,0.0,0.25,0.125,0.05,0.0,0.0,0.0,2054.0,0.3907,0.0017,0.0002,0.0059,-0.0024,0.0005,0.0136,0.0,0.0,0.0,0.0199999995529652,down,2026-09-14T13:19:39,0.0,12.0
AAPL,2026-10-16,31,Put,435.0,AAPL261016P00435000,101.8,105.7,103.75,0.0,0.0,0.0,0.0,0.0,0.4789,-1.0,0.0,0.0,-0.0408,0.0,103.6951,0.0,0.0,0.0,100.375,no_change,,11.0,11.0
AAPL,2026-10-16,31,Call,440.0,AAPL261016C00440000,0.0,0.22,0.11,0.04,0.0,0.0,0.0,360.0,0.3969,0.0014,0.0001,0.005,-0.0021,0.0004,0.0114,0.0,0.0,0.0,0.104999996721745,up,2026-09-14T11:08:14,0.0,25.0
AAPL,2026-10-16,31,Put,440.0,AAPL261016P00440000,106.8,110.7,108.75,0.0,0.0,0.0,0.0,0.0,0.4805,-1.0,0.0,0.0,-0.0408,0.0,108.6951,0.0,0.0,0.0,105.400001525879,no_change,,11.0,11.0
AAPL,2026-10-16,31,Call,450.0,AAPL261016C00450000,0.0,0.42,0.21,0.01,0.0,0.0,0.0,3335.0,0.4597,0.001,0.0001,0.0037,-0.0016,0.0003,0.0082,0.0,0.0,0.0,0.0450000017881393,down,2026-09-14T14:25:30,0.0,61.0
AAPL,2026-10-16,31,Put,450.0,AAPL261016P00450000,116.8,120.7,118.75,0.0,0.0,0.0,0.0,0.0,0.54,-1.0,0.0,0.0,-0.0408,0.0,118.6951,0.0,0.0,0.0,115.549999237061,no_change,,11.0,11.0
AAPL,2026-10-16,31,Call,460.0,AAPL261016C00460000,0.0,0.51,0.255,0.04,0.0,0.0,0.0,1046.0,0.5006,0.0008,0.0001,0.0028,-0.0012,0.0002,0.0062,0.0,0.0,0.0,0.104999996721745,up,2026-09-11T11:11:41,0.0,25.0
AAPL,2026-10-16,31,Put,460.0,AAPL261016P00460000,126.8,130.65,128.725,0.0,0.0,0.0,0.0,0.0,0.56,-1.0,0.0,0.0,-0.0408,0.0,128.6951,0.0,0.0,0.0,125.549999237061,no_change,,14.0,10.0
AAPL,2026-10-16,31,Call,470.0,AAPL261016C00470000,0.0,0.52,0.26,0.01,-0.24,-96.0,3.0,171.0,0.5299,0.0006,0.0001,0.0022,-0.001,0.0002,0.0048,0.01,0.01,0.01,0.25,no_change,2026-09-15T13:19:43,0.0,49.0
AAPL,2026-10-16,31,Put,470.0,AAPL261016P00470000,136.8,140.65,138.72500000000002,0.0,0.0,0.0,0.0,0.0,0.5908,-1.0,0.0,0.0,-0.0408,0.0,138.6951,0.0,0.0,0.0,135.375,no_change,,13.0,10.0
AAPL,2026-10-16,31,Call,480.0,AAPL261016C00480000,0.0,0.06,0.03,0.03,0.0,0.0,0.0,157.0,0.4402,0.0005,0.0,0.0017,-0.0008,0.0001,0.0039,0.0,0.0,0.0,0.0149999996647239,no_change,2026-09-09T10:24:08,0.0,10.0
AAPL,2026-10-16,31,Put,480.0,AAPL261016P00480000,147.0,150.65,148.825,0.0,0.0,0.0,0.0,0.0,0.6585,-1.0,0.0,0.0,-0.0408,0.0,148.6951,0.0,0.0,0.0,145.400001525879,no_change,,13.0,10.0
AAPL,2026-10-16,31,Call,490.0,AAPL261016C00490000,0.0,0.1,0.05,0.01,0.0,0.0,0.0,81.0,0.4846,0.0004,0.0,0.0014,-0.0007,0.0001,0.0031,0.0,0.0,0.0,0.0500000007450581,down,2026-09-09T09:52:11,0.0,5.0
AAPL,2026-10-16,31,Put,490.0,AAPL261016P00490000,156.75,160.65,158.7,0.0,0.0,0.0,0.0,0.0,0.6635,-1.0,0.0,0.0,-0.0408,0.0,158.6951,0.0,0.0,0.0,155.575004577637,no_change,,11.0,1.0
AAPL,2026-10-16,31,Call,500.0,AAPL261016C00500000,0.0,0.06,0.03,0.01,-0.02,-66.6667,1.0,171.0,0.4835,0.0003,0.0,0.0012,-0.0006,0.0001,0.0026,0.01,0.01,0.01,0.0299999993294477,down,2026-09-15T11:24:18,0.0,7.0
AAPL,2026-10-16,31,Put,500.0,AAPL261016P00500000,166.8,170.65,168.72500000000002,0.0,0.0,0.0,0.0,0.0,0.6785,-1.0,0.0,0.0,-0.0408,0.0,168.6951,0.0,0.0,0.0,165.575004577637,no_change,,1.0,1.0
AAPL,2026-10-16,31,Call,510.0,AAPL261016C00510000,0.0,0.01,0.005,0.1,0.0,0.0,0.0,11.0,0.5733,0.0002,0.0,0.001,-0.0005,0.0001,0.0021,0.0,0.0,0.0,0.00499999988824129,down,2026-08-04T13:46:12,0.0,7.0
AAPL,2026-10-16,31,Put,510.0,AAPL261016P00510000,176.8,180.7,178.75,0.0,0.0,0.0,0.0,0.0,0.6877,-1.0,0.0,0.0,-0.0408,0.0,178.6951,0.0,0.0,0.0,175.525001525879,no_change,,12.0,11.0
AAPL,2026-10-16,31,Call,520.0,AAPL261016C00520000,0.0,2.13,1.065,0.03,0.0,0.0,0.0,4.0,0.8078,0.0002,0.0,0.0008,-0.0004,0.0,0.0018,0.0,0.0,0.0,1.06500005722046,no_change,2026-08-19T11:26:47,0.0,9.0
AAPL,2026-10-16,31,Put,520.0,AAPL261016P00520000,186.65,190.75,188.7,0.0,0.0,0.0,0.0,0.0,0.7334,-1.0,0.0,0.0,-0.0408,0.0,188.6951,0.0,0.0,0.0,185.550003051758,no_change,,1.0,1.0
AAPL,2026-10-16,31,Call,530.0,AAPL261016C00530000,0.0,2.13,1.065,0.03,0.0,0.0,0.0,4.0,0.8352,0.0002,0.0,0.0007,-0.0004,0.0,0.0015,0.0,0.0,0.0,1.06500005722046,down,2026-08-19T11:26:52,0.0,11.0
AAPL,2026-10-16,31,Put,530.0,AAPL261016P00530000,196.7,200.85,198.77499999999998,0.0,0.0,0.0,0.0,0.0,0.787,-1.0,0.0,0.0,-0.0408,0.0,198.6951,0.0,0.0,0.0,195.550003051758,no_change,,1.0,1.0
AAPL,2026-10-16,31,Call,540.0,AAPL261016C00540000,0.0,0.01,0.005,0.01,0.0,0.0,0.0,8.0,0.4914,0.0001,0.0,0.0006,-0.0003,0.0,0.0013,0.0,0.0,0.0,0.00499999988824129,down,2026-09-14T12:01:27,0.0,5.0
AAPL,2026-10-16,31,Put,540.0,AAPL261016P00540000,206.7,210.8,208.75,0.0,0.0,0.0,0.0,0.0,0.8135,-1.0,0.0,0.0,-0.0408,0.0,208.6951,0.0,0.0,0.0,205.525001525879,no_change,,1.0,1.0
AAPL,2026-10-16,31,Call,550.0,AAPL261016C00550000,0.0,2.13,1.065,0.03,0.0,0.0,0.0,12.0,0.8878,0.0001,0.0,0.0005,-0.0003,0.0,0.0011,0.0,0.0,0.0,1.06500005722046,down,2026-08-19T11:26:59,0.0,11.0
AAPL,2026-10-16,31,Put,550.0,AAPL261016P00550000,216.7,220.8,218.75,0.0,0.0,0.0,0.0,0.0,0.8268,-1.0,0.0,0.0,-0.0408,0.0,218.6951,0.0,0.0,0.0,215.550003051758,no_change,,1.0,1.0
AAPL,2026-10-16,31,Call,560.0,AAPL261016C00560000,0.0,2.13,1.065,0.03,0.0,0.0,0.0,5.0,0.9131,0.0001,0.0,0.0004,-0.0002,0.0,0.0009,0.0,0.0,0.0,1.05499994754791,down,2026-08-19T11:27:05,0.0,8.0
AAPL,2026-10-16,31,Put,560.0,AAPL261016P00560000,227.0,230.85,228.925,0.0,0.0,0.0,0.0,0.0,0.9084,-1.0,0.0,0.0,-0.0408,0.0,228.6951,0.0,0.0,0.0,225.550003051758,no_change,,1.0,1.0
AAPL,2026-10-16,31,Call,570.0,AAPL261016C00570000,0.0,0.01,0.005,0.03,0.0,0.0,0.0,14.0,0.5412,0.0001,0.0,0.0003,-0.0002,0.0,0.0008,0.0,0.0,0.0,0.00499999988824129,down,2026-07-28T14:24:12,0.0,4.0
AAPL,2026-10-16,31,Put,570.0,AAPL261016P00570000,236.7,240.8,238.75,0.0,0.0,0.0,0.0,0.0,0.8767,-1.0,0.0,0.0,-0.0408,0.0,238.6951,0.0,0.0,0.0,235.800003051758,no_change,,1.0,1.0
AAPL,2026-10-16,31,Call,580.0,AAPL261016C00580000,0.0,1.83,0.915,0.03,0.0,0.0,0.0,35.0,0.9089,0.0001,0.0,0.0003,-0.0002,0.0,0.0007,0.0,0.0,0.0,0.395000010728836,no_change,2026-08-19T11:27:10,0.0,1.0
AAPL,2026-10-16,31,Put,580.0,AAPL261016P00580000,246.95,250.8,248.875,0.0,0.0,0.0,0.0,0.0,0.9532,-1.0,0.0,0.0,-0.0408,0.0,248.6951,0.0,0.0,0.0,245.525001525879,no_change,,1.0,1.0
AAPL,2026-10-16,31,Call,590.0,AAPL261016C00590000,0.0,0.03,0.015,0.01,0.0,0.0,0.0,107.0,0.62,0.0001,0.0,0.0002,-0.0002,0.0,0.0006,0.0,0.0,0.0,0.00499999988824129,no_change,2026-09-11T12:18:34,0.0,3.0
AAPL,2026-10-16,31,Put,590.0,AAPL261016P00590000,256.95,260.85,258.9,250.65,0.0,0.0,0.0,0.0,0.9778,-1.0,0.0,0.0,-0.0408,0.0,258.6951,0.0,0.0,0.0,255.349998474121,down,2026-07-28T15:49:18,1.0,2.0
AAPL,2026-10-16,31,Call,600.0,AAPL261016C00600000,0.0,0.05,0.025,0.03,0.005,20.0,5.0,72.0,0.5883,0.0,0.0,0.0002,-0.0001,0.0,0.0005,0.03,0.03,0.03,0.025000000372529,up,2026-09-15T12:18:53,0.0,1.0
AAPL,2026-10-16,31,Put,600.0,AAPL261016P00600000,266.95,270.65,268.79999999999995,266.4,0.0,0.0,0.0,0.0,0.9729,-1.0,0.0,0.0,-0.0408,0.0,268.6951,0.0,0.0,0.0,265.399993896484,up,2026-07-30T09:33:22,1.0,1.0
AAPL,2026-10-23,38,Call,110.0,AAPL261023C00110000,219.9,223.75,221.825,206.6,0.0,0.0,0.0,1.0,0.0,1.0,0.0,0.0001,0.0,0.1199,221.8504,0.0,0.0,0.0,224.849998474121,down,2026-09-08T12:28:09,11.0,11.0
AAPL,2026-10-23,38,Put,110.0,AAPL261023P00110000,0.0,0.52,0.26,0.0,0.0,0.0,0.0,0.0,1.4533,0.0,0.0,0.0001,-0.0001,0.0,0.0003,0.0,0.0,0.0,0.259999990463257,no_change,,0.0,50.0
AAPL,2026-10-23,38,Call,120.0,AAPL261023C00120000,209.95,213.8,211.875,0.0,0.0,0.0,0.0,0.0,0.0,1.0,0.0,0.0001,0.0,0.1308,211.8994,0.0,0.0,0.0,214.875,no_change,,11.0,11.0
AAPL,2026-10-23,38,Put,120.0,AAPL261023P00120000,0.0,0.52,0.26,0.0,0.0,0.0,0.0,0.0,1.3449,0.0,0.0,0.0001,-0.0001,0.0,0.0005,0.0,0.0,0.0,0.259999990463257,no_change,,0.0,50.0
AAPL,2026-10-23,38,Call,125.0,AAPL261023C00125000,204.95,208.8,206.875,0.0,0.0,0.0,0.0,0.0,0.0,1.0,0.0,0.0002,0.0,0.1362,206.9239,0.0,0.0,0.0,209.900001525879,no_change,,11.0,11.0
AAPL,2026-10-23,38,Put,125.0,AAPL261023P00125000,0.0,0.52,0.26,0.0,0.0,0.0,0.0,0.0,1.2941,0.0,0.0,0.0002,-0.0001,0.0,0.0006,0.0,0.0,0.0,0.259999990463257,no_change,,0.0,50.0
AAPL,2026-10-23,38,Call,130.0,AAPL261023C00130000,199.95,203.75,201.85,0.0,0.0,0.0,0.0,0.0,0.0,1.0,0.0,0.0002,0.0,0.1416,201.9485,0.0,0.0,0.0,204.925003051758,no_change,,11.0,1.0
AAPL,2026-10-23,38,Put,130.0,AAPL261023P00130000,0.0,0.52,0.26,0.0,0.0,0.0,0.0,0.0,1.2453,0.0,0.0,0.0002,-0.0002,0.0,0.0008,0.0,0.0,0.0,0.259999990463257,no_change,,0.0,50.0
AAPL,2026-10-23,38,Call,135.0,AAPL261023C00135000,195.0,198.8,196.9,0.0,0.0,0.0,0.0,0.0,0.0,1.0,0.0,0.0003,0.0,0.1471,196.9732,0.0,0.0,0.0,199.950004577637,no_change,,11.0,1.0
AAPL,2026-10-23,38,Put,135.0,AAPL261023P00135000,0.0,0.52,0.26,0.0,0.0,0.0,0.0,0.0,1.1985,-0.0001,0.0,0.0003,-0.0002,0.0,0.001,0.0,0.0,0.0,0.259999990463257,no_change,,0.0,50.0
AAPL,2026-10-23,38,Call,140.0,AAPL261023C00140000,190.0,193.9,191.95,0.0,0.0,0.0,0.0,0.0,0.0,1.0,0.0,0.0003,0.0,0.1525,191.9979,0.0,0.0,0.0,194.974998474121,no_change,,11.0,11.0
AAPL,2026-10-23,38,Put,140.0,AAPL261023P00140000,0.0,0.52,0.26,0.0,0.0,0.0,0.0,0.0,1.1533,-0.0001,0.0,0.0003,-0.0003,0.0,0.0014,0.0,0.0,0.0,0.259999990463257,no_change,,0.0,50.0
AAPL,2026-10-23,38,Call,145.0,AAPL261023C00145000,185.05,188.9,186.97500000000002,176.0,0.0,0.0,0.0,1.0,0.0,0.9999,0.0,0.0004,0.0,0.158,187.0227,0.0,0.0,0.0,190.149993896484,up,2026-09-10T09:41:03,11.0,11.0
AAPL,2026-10-23,38,Put,145.0,AAPL261023P00145000,0.0,0.52,0.26,0.0,0.0,0.0,0.0,0.0,1.1098,-0.0001,0.0,0.0004,-0.0004,0.0,0.0018,0.0,0.0,0.0,0.259999990463257,no_change,,0.0,50.0
AAPL,2026-10-23,38,Call,150.0,AAPL261023C00150000,180.05,183.9,181.97500000000002,0.0,0.0,0.0,0.0,0.0,0.0,0.9999,0.0,0.0006,0.0,0.1634,182.0477,0.0,0.0,0.0,185.199996948242,no_change,,11.0,11.0
AAPL,2026-10-23,38,Put,150.0,AAPL261023P00150000,0.0,0.52,0.26,0.0,0.0,0.0,0.0,0.0,1.0677,-0.0001,0.0,0.0006,-0.0004,0.0,0.0023,0.0,0.0,0.0,0.259999990463257,no_change,,0.0,50.0
AAPL,2026-10-23,38,Call,155.0,AAPL261023C00155000,175.1,179.0,177.05,0.0,0.0,0.0,0.0,0.0,0.0,0.9998,0.0,0.0007,0.0,0.1688,177.0728,0.0,0.0,0.0,180.049995422363,no_change,,12.0,11.0
AAPL,2026-10-23,38,Put,155.0,AAPL261023P00155000,0.0,0.5,0.25,0.0,0.0,0.0,0.0,0.0,1.0217,-0.0002,0.0,0.0007,-0.0006,-0.0001,0.003,0.0,0.0,0.0,0.259999990463257,no_change,,0.0,50.0
AAPL,2026-10-23,38,Call,160.0,AAPL261023C00160000,170.15,173.95,172.05,0.0,0.0,0.0,0.0,0.0,0.0,0.9998,0.0,0.0009,0.0,0.1743,172.0981,0.0,0.0,0.0,175.074996948242,no_change,,1.0,1.0
AAPL,2026-10-23,38,Put,160.0,AAPL261023P00160000,0.0,0.07,0.035,0.08,-0.175,-68.6274,27.0,3.0,0.795,-0.0002,0.0,0.0009,-0.0007,-0.0001,0.0039,0.05,0.08,0.05,0.254999995231628,up,2026-09-15T15:43:12,0.0,11.0
AAPL,2026-10-23,38,Call,165.0,AAPL261023C00165000,165.15,169.05,167.10000000000002,0.0,0.0,0.0,0.0,0.0,0.0,0.9997,0.0,0.0012,0.0,0.1797,167.1236,0.0,0.0,0.0,170.099998474121,no_change,,13.0,12.0
AAPL,2026-10-23,38,Put,165.0,AAPL261023P00165000,0.0,0.48,0.24,0.11,-0.135,-55.102,1.0,1.0,0.9394,-0.0003,0.0,0.0012,-0.0009,-0.0001,0.005,0.11,0.11,0.11,0.245000004768372,up,2026-09-15T12:23:41,0.0,50.0
AAPL,2026-10-23,38,Call,170.0,AAPL261023C00170000,160.2,163.95,162.075,0.0,0.0,0.0,0.0,0.0,0.0,0.9996,0.0,0.0015,0.0,0.1851,162.1494,0.0,0.0,0.0,165.275001525879,no_change,,1.0,1.0
AAPL,2026-10-23,38,Put,170.0,AAPL261023P00170000,0.0,0.47,0.235,0.0,0.0,0.0,0.0,0.0,0.9002,-0.0004,0.0,0.0015,-0.0011,-0.0001,0.0064,0.0,0.0,0.0,0.234999999403954,no_change,,0.0,50.0
AAPL,2026-10-23,38,Call,175.0,AAPL261023C00175000,155.2,159.05,157.125,0.0,0.0,0.0,0.0,0.0,0.0,0.9996,0.0,0.0019,0.0,0.1905,157.1755,0.0,0.0,0.0,160.300003051758,no_change,,12.0,12.0
AAPL,2026-10-23,38,Put,175.0,AAPL261023P00175000,0.0,0.45,0.225,0.0,0.0,0.0,0.0,0.0,0.8596,-0.0005,0.0,0.0019,-0.0013,-0.0002,0.0081,0.0,0.0,0.0,0.224999994039536,no_change,,0.0,50.0
AAPL,2026-10-23,38,Call,180.0,AAPL261023C00180000,150.2,154.05,152.125,0.0,0.0,0.0,0.0,0.0,0.0,0.9994,0.0,0.0023,0.0,0.1959,152.2021,0.0,0.0,0.0,155.175003051758,no_change,,12.0,12.0
AAPL,2026-10-23,38,Put,180.0,AAPL261023P00180000,0.0,0.43,0.215,0.0,0.0,0.0,0.0,0.0,0.8204,-0.0006,0.0,0.0024,-0.0016,-0.0002,0.0103,0.0,0.0,0.0,0.215000003576279,no_change,,0.0,50.0
AAPL,2026-10-23,38,Call,185.0,AAPL261023C00185000,145.25,149.1,147.175,0.0,0.0,0.0,0.0,0.0,0.0,0.9993,0.0,0.0029,0.0,0.2013,147.2291,0.0,0.0,0.0,150.200004577637,no_change,,12.0,12.0
AAPL,2026-10-23,38,Put,185.0,AAPL261023P00185000,0.0,0.4,0.2,0.0,0.0,0.0,0.0,0.0,0.7801,-0.0008,0.0,0.0029,-0.002,-0.0003,0.0129,0.0,0.0,0.0,0.200000002980232,no_change,,0.0,50.0
AAPL,2026-10-23,38,Call,190.0,AAPL261023C00190000,140.25,144.1,142.175,0.0,0.0,0.0,0.0,0.0,0.5526,0.9991,0.0,0.0036,0.0,0.2067,142.2568,0.0,0.0,0.0,145.224998474121,no_change,,12.0,12.0
AAPL,2026-10-23,38,Put,190.0,AAPL261023P00190000,0.0,0.38,0.19,0.0,0.0,0.0,0.0,0.0,0.743,-0.001,0.0,0.0036,-0.0024,-0.0003,0.0161,0.0,0.0,0.0,0.185000002384186,no_change,,0.0,50.0
AAPL,2026-10-23,38,Call,195.0,AAPL261023C00195000,135.3,139.15,137.22500000000002,0.0,0.0,0.0,0.0,0.0,0.0,0.9988,0.0001,0.0044,0.0,0.2121,137.2851,0.0,0.0,0.0,140.324996948242,no_change,,12.0,12.0
AAPL,2026-10-23,38,Put,195.0,AAPL261023P00195000,0.0,0.35,0.175,0.07,0.0,0.0,0.0,2.0,0.7043,-0.0012,0.0001,0.0044,-0.0029,-0.0004,0.02,0.0,0.0,0.0,0.165000006556511,no_change,2026-09-09T10:44:29,0.0,50.0
AAPL,2026-10-23,38,Call,200.0,AAPL261023C00200000,130.3,134.05,132.175,0.0,0.0,0.0,0.0,0.0,0.0,0.9985,0.0001,0.0054,0.0,0.2174,132.3142,0.0,0.0,0.0,135.525001525879,no_change,,12.0,1.0
AAPL,2026-10-23,38,Put,200.0,AAPL261023P00200000,0.0,0.3,0.15,0.17,0.0,0.0,0.0,2.0,0.6613,-0.0015,0.0001,0.0054,-0.0034,-0.0005,0.0248,0.0,0.0,0.0,0.140000000596046,no_change,2026-09-04T11:55:41,0.0,50.0
AAPL,2026-10-23,38,Call,205.0,AAPL261023C00205000,125.35,129.2,127.27499999999999,0.0,0.0,0.0,0.0,0.0,0.0,0.9982,0.0001,0.0066,0.0,0.2227,127.3443,0.0,0.0,0.0,130.549995422363,no_change,,4.0,4.0
AAPL,2026-10-23,38,Put,205.0,AAPL261023P00205000,0.0,0.24,0.12,0.1,0.0,0.0,0.0,2.0,0.6155,-0.0019,0.0001,0.0066,-0.0041,-0.0007,0.0305,0.0,0.0,0.0,0.109999999403954,no_change,2026-09-04T11:55:56,0.0,10.0
AAPL,2026-10-23,38,Call,210.0,AAPL261023C00210000,120.4,124.25,122.325,110.97,0.0,0.0,0.0,1.0,0.0,0.9977,0.0001,0.008,0.0,0.228,122.3756,0.0,0.0,0.0,125.525001525879,up,2026-09-10T09:31:20,10.0,12.0
AAPL,2026-10-23,38,Put,210.0,AAPL261023P00210000,0.0,0.16,0.08,0.0,0.0,0.0,0.0,0.0,0.561,-0.0023,0.0001,0.008,-0.0048,-0.0008,0.0374,0.0,0.0,0.0,0.0750000029802322,no_change,,0.0,5.0
AAPL,2026-10-23,38,Call,215.0,AAPL261023C00215000,115.45,119.25,117.35,103.85,0.0,0.0,0.0,2.0,0.0,0.9972,0.0002,0.0096,0.0,0.2332,117.4083,0.0,0.0,0.0,120.650001525879,up,2026-09-08T10:13:49,10.0,1.0
AAPL,2026-10-23,38,Put,215.0,AAPL261023P00215000,0.0,0.11,0.055,0.12,0.065,118.182,5.0,1.0,0.5184,-0.0029,0.0002,0.0097,-0.0057,-0.001,0.0457,0.12,0.12,0.12,0.0549999997019768,up,2026-09-15T11:15:27,0.0,21.0
AAPL,2026-10-23,38,Call,220.0,AAPL261023C00220000,110.45,114.3,112.375,101.28,0.0,0.0,0.0,2.0,0.0,0.9965,0.0002,0.0116,0.0,0.2385,112.4427,0.0,0.0,0.0,115.700000762939,up,2026-09-10T10:32:17,10.0,1.0
AAPL,2026-10-23,38,Put,220.0,AAPL261023P00220000,0.0,0.13,0.065,0.09,0.0,0.0,0.0,3.0,0.4972,-0.0036,0.0002,0.0118,-0.0068,-0.0012,0.0562,0.0,0.0,0.0,0.0649999976158142,up,2026-09-10T12:13:30,0.0,50.0
AAPL,2026-10-23,38,Call,225.0,AAPL261023C00225000,105.5,109.35,107.425,109.9,0.0,0.0,0.0,6.0,0.4066,0.9957,0.0002,0.014,0.0,0.2436,107.479,0.0,0.0,0.0,110.5,up,2026-09-11T14:13:27,5.0,1.0
AAPL,2026-10-23,38,Put,225.0,AAPL261023P00225000,0.01,0.13,0.07,0.07,0.0,3.56564e-06,1.0,12.0,0.4766,-0.0043,0.0002,0.014,-0.0079,-0.0015,0.0677,0.07,0.07,0.07,0.0699999975040555,down,2026-09-15T12:01:16,52.0,6.0
AAPL,2026-10-23,38,Call,230.0,AAPL261023C00230000,100.55,104.35,102.44999999999999,90.93,0.0,0.0,0.0,10.0,0.3868,0.9948,0.0003,0.0168,0.0,0.2487,102.5178,0.0,0.0,0.0,105.75,down,2026-09-10T10:28:50,10.0,10.0
AAPL,2026-10-23,38,Put,230.0,AAPL261023P00230000,0.02,0.16,0.09,0.1,0.0,0.0,0.0,13.0,0.4652,-0.0053,0.0003,0.0168,-0.0092,-0.0019,0.0822,0.0,0.0,0.0,0.0800000028684735,down,2026-09-11T11:04:04,49.0,89.0
AAPL,2026-10-23,38,Call,235.0,AAPL261023C00235000,95.55,99.4,97.475,86.07,0.0,0.0,0.0,61.0,0.4406,0.9936,0.0004,0.02,-0.0014,0.2537,97.5596,0.0,0.0,0.0,100.799999237061,down,2026-09-10T12:08:04,4.0,4.0
AAPL,2026-10-23,38,Put,235.0,AAPL261023P00235000,0.02,0.18,0.09999999999999999,0.12,0.0,0.0,0.0,12.0,0.4457,-0.0066,0.0004,0.0203,-0.0108,-0.0023,0.1005,0.0,0.0,0.0,0.0950000006705522,up,2026-09-14T10:00:30,82.0,89.0
AAPL,2026-10-23,38,Call,240.0,AAPL261023C00240000,90.65,94.35,92.5,94.99,0.0,0.0,0.0,27.0,0.3477,0.9921,0.0005,0.024,-0.0036,0.2586,92.605,0.0,0.0,0.0,95.7999992370606,down,2026-09-14T11:32:57,10.0,10.0
AAPL,2026-10-23,38,Put,240.0,AAPL261023P00240000,0.06,0.21,0.135,0.13,0.0,0.0,0.0,12.0,0.4372,-0.008,0.0005,0.0242,-0.0125,-0.0028,0.1218,0.0,0.0,0.0,0.120000001043081,no_change,2026-09-11T10:28:02,25.0,140.0
AAPL,2026-10-23,38,Call,245.0,AAPL261023C00245000,85.7,89.5,87.6,90.08,0.0,0.0,0.0,13.0,0.3934,0.9903,0.0006,0.0287,-0.006,0.2634,87.655,0.0,0.0,0.0,91.0250015258789,down,2026-09-14T11:32:57,1.0,1.0
AAPL,2026-10-23,38,Put,245.0,AAPL261023P00245000,0.08,0.23,0.155,0.14,-0.01,-6.66666,3.0,14.0,0.4203,-0.0098,0.0006,0.0288,-0.0144,-0.0034,0.1464,0.14,0.14,0.14,0.149999996647239,up,2026-09-15T15:52:20,145.0,56.0
AAPL,2026-10-23,38,Call,250.0,AAPL261023C00250000,80.75,84.55,82.65,82.2,-3.325,-3.88775,2.0,29.0,0.3815,0.9881,0.0007,0.0342,-0.0088,0.268,82.7105,82.2,82.2,82.2,85.5250015258789,no_change,2026-09-15T14:07:39,10.0,10.0
AAPL,2026-10-23,38,Put,250.0,AAPL261023P00250000,0.1,0.28,0.19,0.2,0.0,0.0,0.0,14.0,0.3939,-0.012,0.0007,0.0343,-0.0167,-0.0042,0.1778,0.0,0.0,0.0,0.179999995976686,down,2026-09-11T14:30:46,75.0,62.0
AAPL,2026-10-23,38,Call,255.0,AAPL261023C00255000,75.8,79.65,77.725,79.73,0.0,0.0,0.0,19.0,0.3753,0.9854,0.0009,0.0409,-0.0119,0.2725,77.7732,0.0,0.0,0.0,81.0749969482422,no_change,2026-09-14T11:16:24,10.0,10.0
AAPL,2026-10-23,38,Put,255.0,AAPL261023P00255000,0.11,0.3,0.205,0.25,0.035,16.2791,3.0,36.0,0.3859,-0.0147,0.0009,0.0411,-0.0194,-0.0051,0.2163,0.23,0.25,0.23,0.214999996125698,up,2026-09-15T14:36:25,79.0,24.0
AAPL,2026-10-23,38,Call,260.0,AAPL261023C00260000,70.85,74.7,72.775,72.35,-3.7,-4.86522,2.0,18.0,0.3582,0.982,0.0011,0.0489,-0.0154,0.2767,72.845,72.35,72.35,72.35,76.0499992370606,no_change,2026-09-15T14:07:39,10.0,10.0
AAPL,2026-10-23,38,Put,260.0,AAPL261023P00260000,0.19,0.4,0.29500000000000004,0.28,0.0,0.0,0.0,30.0,0.3813,-0.0181,0.0011,0.0491,-0.0224,-0.0063,0.2641,0.0,0.0,0.0,0.260000005364418,down,2026-09-11T15:59:30,43.0,76.0
AAPL,2026-10-23,38,Call,265.0,AAPL261023C00265000,66.35,69.75,68.05,71.26,0.0,0.0,0.0,20.0,0.3808,0.9778,0.0014,0.0585,-0.0194,0.2805,67.9285,0.0,0.0,0.0,71.1500015258789,up,2026-09-11T10:47:43,10.0,20.0
AAPL,2026-10-23,38,Put,265.0,AAPL261023P00265000,0.24,0.41,0.32499999999999996,0.34,0.03,9.67742,15.0,31.0,0.3613,-0.0224,0.0014,0.0587,-0.026,-0.0078,0.3236,0.33,0.34,0.33,0.310000002384186,up,2026-09-15T15:16:54,185.0,104.0
AAPL,2026-10-23,38,Call,270.0,AAPL261023C00270000,61.45,64.9,63.175000000000004,61.56,-4.44,-6.72727,50.0,15.0,0.3675,0.9724,0.0017,0.07,-0.024,0.284,63.0278,61.64,61.64,61.56,66.0,no_change,2026-09-15T11:40:07,12.0,17.0
AAPL,2026-10-23,38,Put,270.0,AAPL261023P00270000,0.35,0.49,0.42,0.41,0.04,10.8108,14.0,566.0,0.3506,-0.0279,0.0017,0.0704,-0.0302,-0.0096,0.3991,0.41,0.41,0.41,0.370000004768372,up,2026-09-15T15:16:54,19.0,64.0
AAPL,2026-10-23,38,Call,275.0,AAPL261023C00275000,56.55,60.0,58.275,56.72,-4.78,-7.77236,50.0,2.0,0.3491,0.9655,0.0021,0.0842,-0.0293,0.2868,58.1483,56.72,56.73,56.68,61.5,no_change,2026-09-15T11:40:07,9.0,10.0
AAPL,2026-10-23,38,Put,275.0,AAPL261023P00275000,0.4,0.59,0.495,0.57,0.09,18.75,2.0,100.0,0.3341,-0.0348,0.0022,0.0847,-0.0351,-0.012,0.4964,0.51,0.57,0.51,0.479999989271164,up,2026-09-15T09:32:42,158.0,132.0
AAPL,2026-10-23,38,Call,280.0,AAPL261023C00280000,52.25,55.1,53.675,52.38,-4.07,-7.20992,1.0,9.0,0.3556,0.9566,0.0027,0.1012,-0.0355,0.289,53.2983,52.38,52.38,52.38,56.4499988555908,down,2026-09-15T10:02:39,16.0,16.0
AAPL,2026-10-23,38,Put,280.0,AAPL261023P00280000,0.49,0.75,0.62,0.63,0.09,16.6667,7.0,500.0,0.3213,-0.0438,0.0027,0.1017,-0.0409,-0.0151,0.6235,0.9,0.9,0.63,0.540000006556511,down,2026-09-15T15:40:39,151.0,119.0
AAPL,2026-10-23,38,Call,285.0,AAPL261023C00285000,46.5,50.1,48.3,51.62,0.0,0.0,0.0,4.0,0.2924,0.945,0.0033,0.122,-0.0428,0.29,48.4895,0.0,0.0,0.0,51.6499996185303,up,2026-09-11T12:52:32,10.0,10.0
AAPL,2026-10-23,38,Put,285.0,AAPL261023P00285000,0.7,0.91,0.8049999999999999,0.84,0.115,15.8621,28.0,219.0,0.3104,-0.0557,0.0034,0.1236,-0.0478,-0.0191,0.7937,0.97,0.97,0.82,0.724999994039536,up,2026-09-15T15:59:03,89.0,149.0
AAPL,2026-10-23,38,Call,290.0,AAPL261023C00290000,42.4,44.25,43.325,45.19,0.0,0.0,0.0,115.0,0.2656,0.9298,0.0042,0.1473,-0.0513,0.2898,43.7388,0.0,0.0,0.0,46.3500003814697,down,2026-09-14T09:35:04,18.0,10.0
AAPL,2026-10-23,38,Put,290.0,AAPL261023P00290000,0.96,1.13,1.045,1.06,0.095,9.84456,34.0,241.0,0.3002,-0.071,0.0042,0.1481,-0.056,-0.0242,1.0195,1.03,1.12,1.03,0.965000033378601,up,2026-09-15T14:44:18,49.0,131.0
AAPL,2026-10-23,38,Call,295.0,AAPL261023C00295000,37.5,40.8,39.15,37.75,-4.4,-10.4389,27.0,131.0,0.2929,0.9099,0.0052,0.1772,-0.0613,0.2877,39.0691,36.2,37.75,36.2,42.1499996185303,up,2026-09-15T12:57:06,71.0,88.0
AAPL,2026-10-23,38,Put,295.0,AAPL261023P00295000,1.21,1.43,1.3199999999999998,1.38,0.19,15.9664,72.0,354.0,0.2877,-0.0912,0.0053,0.1784,-0.0657,-0.031,1.3294,1.35,1.51,1.3,1.18999999761581,up,2026-09-15T15:58:28,58.0,67.0
AAPL,2026-10-23,38,Call,300.0,AAPL261023C00300000,33.5,35.95,34.725,33.3,-4.0,-10.7239,35.0,173.0,0.2892,0.884,0.0065,0.2122,-0.0727,0.2834,34.5107,34.42,34.42,32.65,37.3000011444092,up,2026-09-15T13:07:41,62.0,108.0
AAPL,2026-10-23,38,Put,300.0,AAPL261023P00300000,1.66,1.83,1.745,1.76,0.135,8.30769,375.0,6468.0,0.2785,-0.1176,0.0066,0.2138,-0.0768,-0.0397,1.7552,2.1,2.1,1.76,1.625,down,2026-09-15T15:55:23,32.0,72.0
AAPL,2026-10-23,38,Call,305.0,AAPL261023C00305000,28.75,30.75,29.75,33.21,0.0,0.0,0.0,44.0,0.2564,0.8509,0.008,0.2515,-0.0852,0.2762,30.1007,0.0,0.0,0.0,33.1000003814697,up,2026-09-14T14:57:42,28.0,5.0
AAPL,2026-10-23,38,Put,305.0,AAPL261023P00305000,2.17,2.44,2.3049999999999997,2.44,0.27,12.4424,79.0,401.0,0.2703,-0.1509,0.0081,0.2535,-0.089,-0.0506,2.322,2.75,2.75,2.35,2.16999995708466,down,2026-09-15T15:59:54,78.0,138.0
AAPL,2026-10-23,38,Call,310.0,AAPL261023C00310000,25.15,26.8,25.975,26.08,-2.845,-9.83578,27.0,195.0,0.2671,0.8095,0.0096,0.2934,-0.0983,0.2657,25.8828,23.8,26.08,23.8,28.9250001907349,up,2026-09-15T15:56:29,45.0,8.0
AAPL,2026-10-23,38,Put,310.0,AAPL261023P00310000,2.94,3.25,3.0949999999999998,3.25,0.435,15.4529,166.0,389.0,0.2639,-0.1932,0.0098,0.2962,-0.102,-0.064,3.0941,3.68,3.68,3.2,2.81500005722046,no_change,2026-09-15T15:46:12,133.0,130.0
AAPL,2026-10-23,38,Call,315.0,AAPL261023C00315000,21.3,23.35,22.325000000000003,21.0,-3.125,-12.9534,18.0,443.0,0.2702,0.7592,0.0112,0.3352,-0.111,0.2518,21.9054,20.63,21.5,19.7,24.125,up,2026-09-15T15:38:19,49.0,125.0
AAPL,2026-10-23,38,Put,315.0,AAPL261023P00315000,3.95,4.25,4.1,4.1,0.375,10.0671,108.0,349.0,0.2574,-0.2444,0.0115,0.3381,-0.1146,-0.0799,4.1076,4.6,4.79,4.05,3.72500002384186,down,2026-09-15T15:59:00,110.0,101.0
AAPL,2026-10-23,38,Call,320.0,AAPL261023C00320000,17.35,19.05,18.200000000000003,17.3,-3.55,-17.0264,131.0,898.0,0.2519,0.7001,0.0128,0.3731,-0.1222,0.2343,18.2174,16.66,18.05,16.5,20.8499994277954,no_change,2026-09-15T15:35:08,109.0,113.0
AAPL,2026-10-23,38,Put,320.0,AAPL261023P00320000,5.3,5.55,5.425,5.47,0.57,11.6327,208.0,876.0,0.2526,-0.3047,0.0131,0.3757,-0.1258,-0.0979,5.4168,5.9,6.05,5.47,4.90000009536743,down,2026-09-15T15:57:45,17.0,17.0
AAPL,2026-10-23,38,Call,325.0,AAPL261023C00325000,14.1,15.25,14.675,14.1,-3.075,-17.9039,17.0,402.0,0.243,0.6332,0.0142,0.4033,-0.1306,0.2136,14.8645,14.0,14.72,13.9,17.1750001907349,up,2026-09-15T15:46:42,34.0,49.0
AAPL,2026-10-23,38,Put,325.0,AAPL261023P00325000,6.95,7.25,7.1,7.1,0.675,10.5058,66.0,417.0,0.2485,-0.3732,0.0145,0.4049,-0.1343,-0.1171,7.0687,7.65,7.8,7.1,6.42499995231628,down,2026-09-15T15:59:44,72.0,132.0
AAPL,2026-10-23,38,Call,330.0,AAPL261023C00330000,11.65,12.15,11.9,12.07,-1.98,-14.0925,92.0,623.0,0.2446,0.5599,0.0151,0.422,-0.135,0.1902,11.8663,11.55,12.15,10.94,14.0500001907349,down,2026-09-15T15:56:56,106.0,65.0
AAPL,2026-10-23,38,Put,330.0,AAPL261023P00330000,8.95,9.3,9.125,10.0,1.7,20.4819,127.0,192.0,0.2443,-0.448,0.0155,0.4219,-0.1389,-0.136,9.1027,10.0,10.2,9.15,8.30000019073486,no_change,2026-09-15T13:03:09,50.0,35.0
AAPL,2026-10-23,38,Call,335.0,AAPL261023C00335000,9.15,9.5,9.325,9.11,-1.915,-17.3696,166.0,712.0,0.2414,0.4838,0.0154,0.4264,-0.1349,0.1653,9.285,9.05,9.4,8.3,11.0250000953674,up,2026-09-15T14:16:52,31.0,24.0
AAPL,2026-10-23,38,Put,335.0,AAPL261023P00335000,11.4,11.85,11.625,11.6,1.125,10.7399,50.0,161.0,0.2428,-0.526,0.0159,0.4241,-0.139,-0.1529,11.5296,13.0,13.19,11.6,10.4749999046326,down,2026-09-15T15:58:57,48.0,95.0
AAPL,2026-10-23,38,Call,340.0,AAPL261023C00340000,7.0,7.3,7.15,7.15,-1.475,-17.1014,403.0,1178.0,0.2388,0.4076,0.0152,0.4156,-0.1299,0.1399,7.1084,6.45,7.15,6.25,8.625,up,2026-09-15T15:54:16,100.0,41.0
AAPL,2026-10-23,38,Put,340.0,AAPL261023P00340000,13.85,15.15,14.5,14.52,1.545,11.9075,4.0,53.0,0.2406,-0.6051,0.0158,0.41,-0.1344,-0.1673,14.3872,14.38,14.52,14.38,12.9749999046326,up,2026-09-15T15:59:38,14.0,15.0
AAPL,2026-10-23,38,Call,345.0,AAPL261023C00345000,5.2,5.5,5.35,5.05,-1.55,-23.4848,50.0,630.0,0.2364,0.3347,0.0144,0.3907,-0.1207,0.1153,5.3258,4.81,5.35,4.7,6.59999990463257,up,2026-09-15T15:51:48,98.0,84.0
AAPL,2026-10-23,38,Put,345.0,AAPL261023P00345000,16.75,18.65,17.7,18.6,2.55,15.8878,1.0,8.0,0.237,-0.6815,0.0151,0.3804,-0.1256,-0.1756,17.6543,18.6,18.6,18.6,16.0500001907349,up,2026-09-15T11:43:15,20.0,65.0
AAPL,2026-10-23,38,Call,350.0,AAPL261023C00350000,3.8,4.05,3.925,3.89,-1.06,-21.4141,624.0,1053.0,0.2347,0.2678,0.0131,0.3544,-0.1082,0.0925,3.9088,3.8,3.95,3.4,4.95000004768372,down,2026-09-15T15:59:03,89.0,32.0
AAPL,2026-10-23,38,Put,350.0,AAPL261023P00350000,19.4,23.25,21.325,20.01,0.0,0.0,0.0,6.0,0.2348,-0.7522,0.0139,0.3376,-0.1136,-0.1739,21.3055,0.0,0.0,0.0,19.1999998092651,down,2026-09-14T09:30:10,9.0,23.0
AAPL,2026-10-23,38,Call,355.0,AAPL261023C00355000,2.74,2.92,2.83,2.83,-0.845,-22.9932,679.0,520.0,0.2338,0.2092,0.0115,0.3108,-0.0939,0.0724,2.8156,2.4,2.83,2.4,3.67499995231628,up,2026-09-15T15:58:04,115.0,62.0
AAPL,2026-10-23,38,Put,355.0,AAPL261023P00355000,24.9,26.0,25.45,25.2,2.4,10.5263,5.0,6.0,0.2387,-0.8152,0.0124,0.2844,-0.0994,-0.1671,25.301,26.35,27.05,25.2,22.8000001907349,down,2026-09-15T15:54:40,1.0,31.0
AAPL,2026-10-23,38,Call,360.0,AAPL261023C00360000,1.95,2.08,2.015,2.01,-0.66,-24.7191,635.0,1223.0,0.2338,0.1598,0.0097,0.2642,-0.0789,0.0553,1.9959,2.01,2.04,1.71,2.66999995708466,up,2026-09-15T15:59:23,35.0,24.0
AAPL,2026-10-23,38,Put,360.0,AAPL261023P00360000,27.7,31.55,29.625,0.0,0.0,0.0,0.0,0.0,0.2347,-0.8694,0.0108,0.2267,-0.0842,-0.1524,29.5893,0.0,0.0,0.0,27.3000001907349,no_change,,9.0,14.0
AAPL,2026-10-23,38,Call,365.0,AAPL261023C00365000,1.32,1.53,1.425,1.42,-0.46,-24.4681,73.0,812.0,0.2347,0.1197,0.008,0.2183,-0.0646,0.0415,1.3969,1.28,1.42,1.2,1.87999999523163,up,2026-09-15T15:55:23,288.0,169.0
AAPL,2026-10-23,38,Put,365.0,AAPL261023P00365000,32.25,36.1,34.175,0.0,0.0,0.0,0.0,0.0,0.2369,-0.9149,0.0093,0.1678,-0.0722,-0.126,34.1188,0.0,0.0,0.0,31.6500005722046,no_change,,9.0,8.0
AAPL,2026-10-23,38,Call,370.0,AAPL261023C00370000,0.9,1.1,1.0,0.98,-0.365,-27.1375,306.0,895.0,0.236,0.0883,0.0064,0.1762,-0.0517,0.0306,0.9691,0.88,1.02,0.88,1.34499996900558,down,2026-09-15T15:55:23,129.0,124.0
AAPL,2026-10-23,38,Put,370.0,AAPL261023P00370000,37.0,40.8,38.9,0.0,0.0,0.0,0.0,0.0,0.2398,-0.9533,0.0083,0.1092,-0.0635,-0.0858,38.842,0.0,0.0,0.0,36.0750007629394,no_change,,6.0,6.0
AAPL,2026-10-23,38,Call,375.0,AAPL261023C00375000,0.59,0.79,0.69,0.64,-0.305,-32.2751,15.0,335.0,0.237,0.0646,0.005,0.1398,-0.0407,0.0223,0.671,0.67,0.67,0.57,0.944999992847443,up,2026-09-15T12:13:42,67.0,43.0
AAPL,2026-10-23,38,Put,375.0,AAPL261023P00375000,41.85,45.7,43.775000000000006,0.0,0.0,0.0,0.0,0.0,0.2422,-0.9817,0.0054,0.0443,-0.056,-0.0307,43.7225,0.0,0.0,0.0,40.8500003814697,no_change,,3.0,4.0
AAPL,2026-10-23,38,Call,380.0,AAPL261023C00380000,0.36,0.54,0.45,0.43,-0.225,-34.3511,26.0,470.0,0.2363,0.0468,0.0038,0.1091,-0.0316,0.0162,0.4634,0.45,0.45,0.43,0.655000001192093,down,2026-09-15T11:42:46,183.0,79.0
AAPL,2026-10-23,38,Put,380.0,AAPL261023P00380000,46.8,50.7,48.75,0.0,0.0,0.0,0.0,0.0,0.2561,-0.9958,0.0018,0.0076,-0.0335,0.0,48.6951,0.0,0.0,0.0,45.8500003814697,no_change,,4.0,4.0
AAPL,2026-10-23,38,Call,385.0,AAPL261023C00385000,0.24,0.41,0.32499999999999996,0.32,-0.115,-26.4368,405.0,171.0,0.2405,0.0338,0.0029,0.0845,-0.0244,0.0116,0.3215,0.37,0.37,0.3,0.435000002384186,up,2026-09-15T15:53:58,44.0,38.0
AAPL,2026-10-23,38,Put,385.0,AAPL261023P00385000,51.8,55.7,53.75,0.0,0.0,0.0,0.0,0.0,0.2753,-1.0,0.0,0.0,-0.0335,0.0,53.6951,0.0,0.0,0.0,50.6999988555908,no_change,,11.0,11.0
AAPL,2026-10-23,38,Call,390.0,AAPL261023C00390000,0.17,0.33,0.25,0.22,-0.085,-27.8689,3.0,310.0,0.2472,0.0245,0.0022,0.065,-0.0187,0.0084,0.2244,0.18,0.22,0.18,0.304999999701977,no_change,2026-09-15T12:46:29,129.0,59.0
AAPL,2026-10-23,38,Put,390.0,AAPL261023P00390000,57.0,60.65,58.825,0.0,0.0,0.0,0.0,0.0,0.3143,-1.0,0.0,0.0,-0.0335,0.0,58.6951,0.0,0.0,0.0,55.6999988555908,no_change,,1.0,1.0
AAPL,2026-10-23,38,Call,395.0,AAPL261023C00395000,0.06,0.26,0.16,0.22,0.0,0.0,0.0,15.0,0.2468,0.0179,0.0016,0.0502,-0.0144,0.0061,0.159,0.0,0.0,0.0,0.225000001490116,down,2026-09-14T10:15:35,10.0,73.0
AAPL,2026-10-23,38,Put,395.0,AAPL261023P00395000,61.75,65.65,63.7,0.0,0.0,0.0,0.0,0.0,0.3196,-1.0,0.0,0.0,-0.0335,0.0,63.6951,0.0,0.0,0.0,60.6999988555908,no_change,,11.0,1.0
AAPL,2026-10-23,38,Call,400.0,AAPL261023C00400000,0.08,0.16,0.12,0.22,0.0,0.0,0.0,75.0,0.252,0.0132,0.0012,0.0388,-0.0112,0.0045,0.1146,0.0,0.0,0.0,0.114999998360872,up,2026-09-14T15:03:14,17.0,50.0
AAPL,2026-10-23,38,Put,400.0,AAPL261023P00400000,66.8,70.7,68.75,75.1,0.0,0.0,0.0,10.0,0.3378,-1.0,0.0,0.0,-0.0335,0.0,68.6951,0.0,0.0,0.0,65.7000007629394,no_change,2026-09-10T13:55:59,11.0,11.0
AAPL,2026-10-23,38,Call,405.0,AAPL261023C00405000,0.01,0.16,0.085,0.17,0.0,0.0,0.0,13.0,0.2553,0.0098,0.001,0.0302,-0.0088,0.0034,0.0837,0.0,0.0,0.0,0.090000000782311,no_change,2026-09-14T11:11:48,24.0,74.0
AAPL,2026-10-23,38,Put,405.0,AAPL261023P00405000,71.8,75.7,73.75,0.0,0.0,0.0,0.0,0.0,0.3556,-1.0,0.0,0.0,-0.0335,0.0,73.6951,0.0,0.0,0.0,70.7000007629394,no_change,,11.0,11.0
AAPL,2026-10-23,38,Call,410.0,AAPL261023C00410000,0.01,0.14,0.07500000000000001,0.09,0.0,0.0,0.0,6.0,0.2651,0.0074,0.0007,0.0237,-0.0069,0.0025,0.0621,0.0,0.0,0.0,0.0750000029802322,down,2026-09-14T11:58:53,27.0,50.0
AAPL,2026-10-23,38,Put,410.0,AAPL261023P00410000,76.75,80.65,78.7,77.3,0.0,0.0,0.0,0.0,0.365,-1.0,0.0,0.0,-0.0335,0.0,78.6951,0.0,0.0,0.0,75.7000007629394,down,2026-09-14T15:48:22,11.0,1.0
AAPL,2026-10-23,38,Call,415.0,AAPL261023C00415000,0.0,0.12,0.06,0.1,0.0,0.0,0.0,259.0,0.2715,0.0056,0.0006,0.0187,-0.0055,0.0019,0.0468,0.0,0.0,0.0,0.0649999976158142,down,2026-09-11T11:09:07,0.0,9.0
AAPL,2026-10-23,38,Put,415.0,AAPL261023P00415000,81.75,85.65,83.7,82.28,0.0,0.0,0.0,2.0,0.3902,-1.0,0.0,0.0,-0.0335,0.0,83.6951,0.0,0.0,0.0,80.7000007629394,down,2026-09-14T15:48:22,11.0,1.0
AAPL,2026-10-30,45,Call,110.0,AAPL261030C00110000,219.75,223.9,221.825,0.0,0.0,0.0,0.0,0.0,0.0,1.0,0.0,0.0001,0.0,0.1437,221.9639,0.0,0.0,0.0,224.875,no_change,,1.0,1.0
AAPL,2026-10-30,45,Put,110.0,AAPL261030P00110000,0.0,2.13,1.065,0.0,0.0,0.0,0.0,0.0,1.6338,0.0,0.0,0.0001,-0.0001,0.0,0.0004,0.0,0.0,0.0,1.06500005722046,no_change,,0.0,9.0
AAPL,2026-10-30,45,Call,120.0,AAPL261030C00120000,209.95,214.0,211.975,0.0,0.0,0.0,0.0,0.0,0.0,1.0,0.0,0.0002,0.0,0.1568,212.023,0.0,0.0,0.0,214.974998474121,no_change,,1.0,1.0
AAPL,2026-10-30,45,Put,120.0,AAPL261030P00120000,0.0,2.13,1.065,0.0,0.0,0.0,0.0,0.0,1.5138,0.0,0.0,0.0002,-0.0002,0.0,0.0008,0.0,0.0,0.0,1.06500005722046,no_change,,0.0,9.0
AAPL,2026-10-30,45,Call,125.0,AAPL261030C00125000,204.85,209.0,206.925,0.0,0.0,0.0,0.0,0.0,0.0,1.0,0.0,0.0003,0.0,0.1633,207.0527,0.0,0.0,0.0,209.924995422363,no_change,,1.0,1.0
AAPL,2026-10-30,45,Put,125.0,AAPL261030P00125000,0.0,2.13,1.065,0.0,0.0,0.0,0.0,0.0,1.4577,-0.0001,0.0,0.0003,-0.0002,0.0,0.0011,0.0,0.0,0.0,1.06500005722046,no_change,,0.0,9.0
AAPL,2026-10-30,45,Call,130.0,AAPL261030C00130000,200.0,204.05,202.025,0.0,0.0,0.0,0.0,0.0,0.0,1.0,0.0,0.0004,0.0,0.1698,202.0824,0.0,0.0,0.0,205.0,no_change,,1.0,2.0
AAPL,2026-10-30,45,Put,130.0,AAPL261030P00130000,0.0,2.13,1.065,0.0,0.0,0.0,0.0,0.0,1.4039,-0.0001,0.0,0.0004,-0.0003,0.0,0.0015,0.0,0.0,0.0,1.06500005722046,no_change,,0.0,8.0
AAPL,2026-10-30,45,Call,135.0,AAPL261030C00135000,195.05,199.0,197.025,0.0,0.0,0.0,0.0,0.0,0.0,0.9999,0.0,0.0005,0.0,0.1763,197.1123,0.0,0.0,0.0,200.0,no_change,,1.0,1.0
AAPL,2026-10-30,45,Put,135.0,AAPL261030P00135000,0.0,2.13,1.065,0.0,0.0,0.0,0.0,0.0,1.3522,-0.0001,0.0,0.0005,-0.0004,0.0,0.002,0.0,0.0,0.0,1.06500005722046,no_change,,0.0,9.0
AAPL,2026-10-30,45,Call,140.0,AAPL261030C00140000,190.05,194.05,192.05,0.0,0.0,0.0,0.0,0.0,0.0,0.9999,0.0,0.0006,0.0,0.1828,192.1423,0.0,0.0,0.0,195.050003051758,no_change,,1.0,1.0
AAPL,2026-10-30,45,Put,140.0,AAPL261030P00140000,0.0,2.13,1.065,0.0,0.0,0.0,0.0,0.0,1.3023,-0.0001,0.0,0.0006,-0.0004,-0.0001,0.0027,0.0,0.0,0.0,1.06500005722046,no_change,,0.0,9.0
AAPL,2026-10-30,45,Call,145.0,AAPL261030C00145000,185.1,189.15,187.125,0.0,0.0,0.0,0.0,0.0,0.0,0.9998,0.0,0.0008,0.0,0.1893,187.1725,0.0,0.0,0.0,190.100006103516,no_change,,1.0,1.0
AAPL,2026-10-30,45,Put,145.0,AAPL261030P00145000,0.0,2.13,1.065,0.0,0.0,0.0,0.0,0.0,1.2543,-0.0002,0.0,0.0008,-0.0006,-0.0001,0.0036,0.0,0.0,0.0,1.06500005722046,no_change,,0.0,9.0
AAPL,2026-10-30,45,Call,150.0,AAPL261030C00150000,180.0,184.1,182.05,0.0,0.0,0.0,0.0,0.0,0.0,0.9998,0.0,0.0011,0.0,0.1958,182.203,0.0,0.0,0.0,185.125,no_change,,2.0,1.0
AAPL,2026-10-30,45,Put,150.0,AAPL261030P00150000,0.0,1.65,0.825,0.0,0.0,0.0,0.0,0.0,1.1582,-0.0002,0.0,0.0011,-0.0007,-0.0001,0.0047,0.0,0.0,0.0,1.06500005722046,no_change,,0.0,10.0
AAPL,2026-10-30,45,Call,155.0,AAPL261030C00155000,175.05,179.15,177.10000000000002,0.0,0.0,0.0,0.0,0.0,0.0,0.9997,0.0,0.0014,0.0,0.2024,177.2338,0.0,0.0,0.0,180.425003051758,no_change,,1.0,1.0
AAPL,2026-10-30,45,Put,155.0,AAPL261030P00155000,0.0,2.14,1.07,0.0,0.0,0.0,0.0,0.0,1.1631,-0.0003,0.0,0.0014,-0.0009,-0.0001,0.0061,0.0,0.0,0.0,1.06500005722046,no_change,,0.0,8.0
AAPL,2026-10-30,45,Call,160.0,AAPL261030C00160000,170.3,174.2,172.25,0.0,0.0,0.0,0.0,0.0,0.0,0.9996,0.0,0.0018,0.0,0.2088,172.2649,0.0,0.0,0.0,175.25,no_change,,1.0,1.0
AAPL,2026-10-30,45,Put,160.0,AAPL261030P00160000,0.0,2.14,1.07,0.0,0.0,0.0,0.0,0.0,1.1196,-0.0004,0.0,0.0018,-0.0011,-0.0002,0.0079,0.0,0.0,0.0,1.06500005722046,no_change,,0.0,8.0
AAPL,2026-10-30,45,Call,165.0,AAPL261030C00165000,165.1,169.2,167.14999999999998,0.0,0.0,0.0,0.0,0.0,0.0,0.9995,0.0,0.0022,0.0,0.2153,167.2964,0.0,0.0,0.0,170.25,no_change,,1.0,1.0
AAPL,2026-10-30,45,Put,165.0,AAPL261030P00165000,0.0,2.14,1.07,0.0,0.0,0.0,0.0,0.0,1.0784,-0.0005,0.0,0.0022,-0.0014,-0.0002,0.0101,0.0,0.0,0.0,1.06500005722046,no_change,,0.0,9.0
AAPL,2026-10-30,45,Call,170.0,AAPL261030C00170000,160.1,164.25,162.175,0.0,0.0,0.0,0.0,0.0,0.0,0.9994,0.0,0.0028,0.0,0.2218,162.3285,0.0,0.0,0.0,165.424995422363,no_change,,1.0,1.0
AAPL,2026-10-30,45,Put,170.0,AAPL261030P00170000,0.0,2.14,1.07,0.0,0.0,0.0,0.0,0.0,1.0375,-0.0007,0.0,0.0028,-0.0017,-0.0003,0.0128,0.0,0.0,0.0,1.06500005722046,no_change,,0.0,10.0
AAPL,2026-10-30,45,Call,175.0,AAPL261030C00175000,155.2,159.3,157.25,0.0,0.0,0.0,0.0,0.0,0.0,0.9992,0.0,0.0035,0.0,0.2282,157.3611,0.0,0.0,0.0,160.449996948242,no_change,,1.0,1.0
AAPL,2026-10-30,45,Put,175.0,AAPL261030P00175000,0.0,2.15,1.075,0.0,0.0,0.0,0.0,0.0,0.9978,-0.0009,0.0,0.0035,-0.0021,-0.0004,0.0161,0.0,0.0,0.0,1.07000005245209,no_change,,0.0,8.0
AAPL,2026-10-30,45,Call,180.0,AAPL261030C00180000,150.2,154.35,152.27499999999998,0.0,0.0,0.0,0.0,0.0,0.0,0.999,0.0,0.0043,0.0,0.2347,152.3946,0.0,0.0,0.0,155.300003051758,no_change,,1.0,1.0
AAPL,2026-10-30,45,Put,180.0,AAPL261030P00180000,0.0,2.15,1.075,0.0,0.0,0.0,0.0,0.0,0.9598,-0.0011,0.0,0.0043,-0.0026,-0.0004,0.0202,0.0,0.0,0.0,1.07000005245209,no_change,,0.0,12.0
AAPL,2026-10-30,45,Call,185.0,AAPL261030C00185000,145.25,149.1,147.175,145.82,-4.63,-3.07744,8.0,0.0,0.0,0.9987,0.0001,0.0052,0.0,0.2411,147.4288,145.79,145.92,145.79,150.450004577637,no_change,2026-09-15T10:55:44,11.0,1.0
AAPL,2026-10-30,45,Put,185.0,AAPL261030P00185000,0.0,2.16,1.08,0.0,0.0,0.0,0.0,0.0,0.9229,-0.0014,0.0001,0.0053,-0.0031,-0.0006,0.0252,0.0,0.0,0.0,1.07000005245209,no_change,,0.0,8.0
AAPL,2026-10-30,45,Call,190.0,AAPL261030C00190000,140.3,144.35,142.325,140.89,-4.485,-3.08512,8.0,0.0,0.0,0.9984,0.0001,0.0064,0.0,0.2475,142.4641,140.8,140.94,140.8,145.375,down,2026-09-15T10:55:44,10.0,10.0
AAPL,2026-10-30,45,Put,190.0,AAPL261030P00190000,0.0,1.14,0.57,0.08,-0.995,-92.5581,10.0,0.0,0.7967,-0.0017,0.0001,0.0064,-0.0037,-0.0007,0.0311,0.08,0.08,0.08,1.07500004768372,down,2026-09-15T11:25:36,0.0,27.0
AAPL,2026-10-30,45,Call,195.0,AAPL261030C00195000,135.45,139.4,137.425,0.0,0.0,0.0,0.0,0.0,0.0,0.998,0.0001,0.0078,0.0,0.2538,137.5006,0.0,0.0,0.0,140.400001525879,no_change,,10.0,11.0
AAPL,2026-10-30,45,Put,195.0,AAPL261030P00195000,0.0,2.17,1.085,0.0,0.0,0.0,0.0,0.0,0.8509,-0.0021,0.0001,0.0078,-0.0044,-0.0009,0.0383,0.0,0.0,0.0,1.08000004291534,no_change,,0.0,41.0
AAPL,2026-10-30,45,Call,200.0,AAPL261030C00200000,130.45,134.5,132.475,0.0,0.0,0.0,0.0,0.0,0.0,0.9975,0.0001,0.0094,0.0,0.2602,132.5385,0.0,0.0,0.0,135.474998474121,no_change,,1.0,1.0
AAPL,2026-10-30,45,Put,200.0,AAPL261030P00200000,0.0,2.18,1.09,0.0,0.0,0.0,0.0,0.0,0.8165,-0.0026,0.0001,0.0094,-0.0052,-0.0011,0.047,0.0,0.0,0.0,1.08000004291534,no_change,,0.0,38.0
AAPL,2026-10-30,45,Call,205.0,AAPL261030C00205000,125.55,129.5,127.525,0.0,0.0,0.0,0.0,0.0,0.0,0.9969,0.0001,0.0113,0.0,0.2664,127.5781,0.0,0.0,0.0,130.650001525879,no_change,,1.0,1.0
AAPL,2026-10-30,45,Put,205.0,AAPL261030P00205000,0.0,2.19,1.095,0.0,0.0,0.0,0.0,0.0,0.7829,-0.0031,0.0002,0.0114,-0.0061,-0.0013,0.0573,0.0,0.0,0.0,1.08500003814697,no_change,,0.0,10.0
AAPL,2026-10-30,45,Call,210.0,AAPL261030C00210000,120.55,124.55,122.55,125.54,0.0,0.0,0.0,1.0,0.0,0.9962,0.0002,0.0135,0.0,0.2726,122.6197,0.0,0.0,0.0,125.599998474121,up,2026-09-11T12:46:00,1.0,1.0
AAPL,2026-10-30,45,Put,210.0,AAPL261030P00210000,0.0,2.21,1.105,0.0,0.0,0.0,0.0,0.0,0.7506,-0.0038,0.0002,0.0137,-0.0071,-0.0016,0.0696,0.0,0.0,0.0,1.0900000333786,no_change,,0.0,8.0
AAPL,2026-10-30,45,Call,215.0,AAPL261030C00215000,115.55,119.55,117.55,120.53,0.0,0.0,0.0,11.0,0.0,0.9954,0.0002,0.0162,0.0,0.2788,117.6636,0.0,0.0,0.0,120.875,down,2026-09-14T13:54:26,1.0,1.0
AAPL,2026-10-30,45,Put,215.0,AAPL261030P00215000,0.0,1.64,0.82,0.0,0.0,0.0,0.0,0.0,0.6801,-0.0047,0.0002,0.0162,-0.0083,-0.0019,0.0842,0.0,0.0,0.0,1.05999994277954,no_change,,0.0,45.0
AAPL,2026-10-30,45,Call,220.0,AAPL261030C00220000,110.55,114.5,112.525,0.0,0.0,0.0,0.0,0.0,0.5114,0.9944,0.0003,0.0193,0.0,0.2849,112.7105,0.0,0.0,0.0,115.774997711182,no_change,,1.0,1.0
AAPL,2026-10-30,45,Put,220.0,AAPL261030P00220000,0.0,1.66,0.83,0.09,0.0,0.0,0.0,1.0,0.6505,-0.0057,0.0003,0.0193,-0.0096,-0.0024,0.1018,0.0,0.0,0.0,0.204999998211861,down,2026-09-11T15:59:14,0.0,44.0
AAPL,2026-10-30,45,Call,225.0,AAPL261030C00225000,105.55,109.7,107.625,0.0,0.0,0.0,0.0,0.0,0.0,0.9932,0.0004,0.0229,0.0,0.2909,107.7607,0.0,0.0,0.0,110.625,no_change,,2.0,1.0
AAPL,2026-10-30,45,Put,225.0,AAPL261030P00225000,0.0,1.96,0.98,0.0,0.0,0.0,0.0,0.0,0.6393,-0.0069,0.0004,0.0231,-0.0111,-0.0029,0.1228,0.0,0.0,0.0,0.524999976158142,no_change,,0.0,36.0
AAPL,2026-10-30,45,Call,230.0,AAPL261030C00230000,100.65,104.8,102.725,0.0,0.0,0.0,0.0,0.0,0.4076,0.9917,0.0004,0.0272,0.0,0.2968,102.8151,0.0,0.0,0.0,105.699996948242,no_change,,1.0,1.0
AAPL,2026-10-30,45,Put,230.0,AAPL261030P00230000,0.0,1.66,0.83,0.0,0.0,0.0,0.0,0.0,0.5896,-0.0084,0.0004,0.0273,-0.0129,-0.0035,0.148,0.0,0.0,0.0,0.639999985694885,no_change,,0.0,63.0
AAPL,2026-10-30,45,Call,235.0,AAPL261030C00235000,95.7,99.9,97.80000000000001,0.0,0.0,0.0,0.0,0.0,0.3994,0.9899,0.0005,0.0322,0.0,0.3025,97.8745,0.0,0.0,0.0,100.849998474121,no_change,,1.0,1.0
AAPL,2026-10-30,45,Put,235.0,AAPL261030P00235000,0.0,2.31,1.155,0.0,0.0,0.0,0.0,0.0,0.5974,-0.0102,0.0005,0.0325,-0.0148,-0.0042,0.1783,0.0,0.0,0.0,0.270000010728836,no_change,,0.0,9.0
AAPL,2026-10-30,45,Call,240.0,AAPL261030C00240000,90.75,94.9,92.825,86.5,0.0,0.0,0.0,3.0,0.3583,0.9878,0.0006,0.0381,-0.002,0.3081,92.94,0.0,0.0,0.0,95.9000015258789,up,2026-09-10T14:45:01,1.0,1.0
AAPL,2026-10-30,45,Put,240.0,AAPL261030P00240000,0.0,1.17,0.585,0.33,0.0,0.0,0.0,21.0,0.4999,-0.0124,0.0006,0.0383,-0.0171,-0.0051,0.215,0.0,0.0,0.0,0.28999999910593,up,2026-09-14T11:24:11,0.0,134.0
AAPL,2026-10-30,45,Call,245.0,AAPL261030C00245000,86.0,89.9,87.95,0.0,0.0,0.0,0.0,0.0,0.3995,0.9852,0.0008,0.045,-0.0054,0.3134,88.0131,0.0,0.0,0.0,90.8500022888184,no_change,,1.0,1.0
AAPL,2026-10-30,45,Put,245.0,AAPL261030P00245000,0.0,1.25,0.625,0.26,0.0,0.0,0.0,101.0,0.4783,-0.015,0.0008,0.0452,-0.0196,-0.0062,0.2591,0.0,0.0,0.0,0.245000004768372,down,2026-09-14T09:51:39,0.0,71.0
AAPL,2026-10-30,45,Call,250.0,AAPL261030C00250000,80.85,85.0,82.925,81.9,-4.375,-5.07099,2.0,7.0,0.36,0.982,0.0009,0.0531,-0.009,0.3185,83.0958,81.9,81.9,81.9,86.2749977111816,no_change,2026-09-15T14:07:39,11.0,10.0
AAPL,2026-10-30,45,Put,250.0,AAPL261030P00250000,0.0,1.32,0.66,0.57,0.0,0.0,0.0,17.0,0.4559,-0.0182,0.001,0.0536,-0.0226,-0.0075,0.313,0.0,0.0,0.0,0.349999986588955,up,2026-09-14T12:40:52,0.0,52.0
AAPL,2026-10-30,45,Call,255.0,AAPL261030C00255000,76.05,80.05,78.05,76.9,-4.1,-5.06173,90.0,2.0,0.3632,0.978,0.0012,0.0628,-0.0131,0.3233,78.1905,76.62,77.43,76.24,81.0,down,2026-09-15T15:47:35,24.0,10.0
AAPL,2026-10-30,45,Put,255.0,AAPL261030P00255000,0.0,1.86,0.93,0.29,0.0,0.0,0.0,74.0,0.458,-0.0222,0.0012,0.0631,-0.0259,-0.0092,0.3795,0.0,0.0,0.0,0.385000009089708,down,2026-09-11T14:46:09,0.0,88.0
AAPL,2026-10-30,45,Call,260.0,AAPL261030C00260000,71.5,74.85,73.175,73.1,-3.375,-4.41321,73.0,0.0,0.3583,0.9732,0.0014,0.074,-0.0177,0.3276,73.3007,71.69,73.1,71.35,76.4750022888184,up,2026-09-15T15:53:40,34.0,34.0
AAPL,2026-10-30,45,Put,260.0,AAPL261030P00260000,0.0,1.4,0.7,0.55,0.0,0.0,0.0,6.0,0.4071,-0.0271,0.0014,0.075,-0.0297,-0.0112,0.4612,0.0,0.0,0.0,0.365000009536743,no_change,2026-09-14T15:55:00,0.0,67.0
AAPL,2026-10-30,45,Call,265.0,AAPL261030C00265000,66.3,69.7,68.0,66.79,-4.86,-6.78297,80.0,5.0,0.2907,0.9672,0.0017,0.0876,-0.0229,0.3314,68.4311,67.21,67.22,66.79,71.6500015258789,down,2026-09-15T10:24:53,8.0,10.0
AAPL,2026-10-30,45,Put,265.0,AAPL261030P00265000,0.08,0.85,0.46499999999999997,0.55,0.005,0.917431,11.0,17.0,0.3534,-0.0332,0.0017,0.0881,-0.0342,-0.0137,0.5638,0.62,0.71,0.55,0.545000001788139,down,2026-09-15T13:18:40,218.0,225.0
AAPL,2026-10-30,45,Call,270.0,AAPL261030C00270000,61.8,65.4,63.6,61.99,-4.785,-7.16585,80.0,1.0,0.3555,0.9597,0.0021,0.1034,-0.0287,0.3346,63.5881,62.34,62.37,61.99,66.7749977111816,down,2026-09-15T10:24:53,10.0,10.0
AAPL,2026-10-30,45,Put,270.0,AAPL261030P00270000,0.12,1.0,0.56,0.74,0.125,20.3252,2.0,502.0,0.3401,-0.0408,0.0021,0.1047,-0.0393,-0.0168,0.693,0.74,0.74,0.74,0.614999994635582,down,2026-09-15T14:43:34,187.0,48.0
AAPL,2026-10-30,45,Call,275.0,AAPL261030C00275000,57.0,60.5,58.75,57.19,-4.735,-7.64635,69.0,14.0,0.3407,0.9502,0.0026,0.1224,-0.0353,0.3368,58.7805,57.34,57.73,57.17,61.9249992370606,down,2026-09-15T11:27:30,7.0,10.0
AAPL,2026-10-30,45,Put,275.0,AAPL261030P00275000,0.56,1.0,0.78,0.93,0.19,25.6757,5.0,70.0,0.3367,-0.0503,0.0026,0.1229,-0.0451,-0.0206,0.8563,0.94,0.94,0.92,0.739999979734421,up,2026-09-15T15:17:35,90.0,18.0
AAPL,2026-10-30,45,Call,280.0,AAPL261030C00280000,52.2,55.85,54.025000000000006,52.49,-4.685,-8.19414,68.0,12.0,0.3333,0.9384,0.0031,0.1445,-0.0429,0.338,54.0203,52.41,52.99,52.4,57.1749992370606,up,2026-09-15T11:27:30,7.0,7.0
AAPL,2026-10-30,45,Put,280.0,AAPL261030P00280000,1.0,1.3,1.15,1.15,0.175,17.9487,4.0,53.0,0.3385,-0.0623,0.0032,0.1456,-0.052,-0.0254,1.0694,1.13,1.2,1.13,0.974999994039536,down,2026-09-15T13:47:08,2.0,9.0
AAPL,2026-10-30,45,Call,285.0,AAPL261030C00285000,47.8,51.25,49.525,50.94,0.0,0.0,0.0,6.0,0.3351,0.9234,0.0038,0.1706,-0.0515,0.3376,49.3231,0.0,0.0,0.0,52.4499988555908,up,2026-09-14T11:32:41,10.0,20.0
AAPL,2026-10-30,45,Put,285.0,AAPL261030P00285000,0.8,1.68,1.24,1.24,0.0,-7.69092e-07,27.0,48.0,0.3169,-0.0775,0.0038,0.1721,-0.0599,-0.0316,1.3455,1.55,1.56,1.24,1.24000000953674,down,2026-09-15T15:55:32,143.0,76.0
AAPL,2026-10-30,45,Call,290.0,AAPL261030C00290000,42.65,46.7,44.675,48.0,0.0,0.0,0.0,110.0,0.3128,0.9046,0.0046,0.2007,-0.0611,0.3355,44.7088,0.0,0.0,0.0,47.5,down,2026-09-14T12:45:07,39.0,29.0
AAPL,2026-10-30,45,Put,290.0,AAPL261030P00290000,0.89,1.88,1.385,1.94,0.235,13.783,135.0,54.0,0.2975,-0.0966,0.0047,0.2017,-0.0689,-0.0389,1.707,1.86,1.95,1.75,1.7049999833107,up,2026-09-15T15:20:38,240.0,52.0
AAPL,2026-10-30,45,Call,295.0,AAPL261030C00295000,38.85,41.0,39.925,39.22,-4.055,-9.37031,77.0,100.0,0.2942,0.8811,0.0055,0.2343,-0.0717,0.3313,40.2021,38.7,39.22,38.7,43.2749996185303,up,2026-09-15T13:42:26,82.0,54.0
AAPL,2026-10-30,45,Put,295.0,AAPL261030P00295000,1.6,2.56,2.08,2.09,0.065,3.20987,132.0,196.0,0.3023,-0.1205,0.0056,0.2364,-0.0789,-0.0484,2.1799,2.3,2.51,2.09,2.02500003576279,down,2026-09-15T15:55:32,31.0,31.0
AAPL,2026-10-30,45,Call,300.0,AAPL261030C00300000,34.1,36.55,35.325,35.25,-3.375,-8.73786,5.0,10.0,0.28,0.8524,0.0066,0.2714,-0.0831,0.3245,35.8319,34.57,35.25,34.57,38.625,up,2026-09-15T09:56:27,5.0,20.0
AAPL,2026-10-30,45,Put,300.0,AAPL261030P00300000,1.87,3.1,2.4850000000000003,2.85,0.27,10.4651,103.0,314.0,0.2883,-0.1495,0.0067,0.2747,-0.0897,-0.0599,2.7842,3.36,3.36,2.4,2.58000004291534,up,2026-09-15T15:53:18,303.0,101.0
AAPL,2026-10-30,45,Call,305.0,AAPL261030C00305000,29.8,32.35,31.075000000000003,31.05,-3.075,-9.01099,14.0,22.0,0.2749,0.8178,0.0077,0.3104,-0.0949,0.315,31.6302,30.47,31.05,29.75,34.125,up,2026-09-15T15:01:59,103.0,11.0
AAPL,2026-10-30,45,Put,305.0,AAPL261030P00305000,2.95,4.0,3.475,3.7,0.4,12.1212,313.0,310.0,0.2903,-0.1848,0.0078,0.3123,-0.101,-0.0734,3.5692,4.12,4.17,3.7,3.29999995231628,down,2026-09-15T15:50:26,65.0,55.0
AAPL,2026-10-30,45,Call,310.0,AAPL261030C00310000,26.25,28.2,27.225,26.3,-4.45,-14.4715,24.0,18.0,0.2762,0.7771,0.0089,0.3494,-0.1065,0.3025,27.6316,27.0,27.0,25.9,30.75,up,2026-09-15T13:21:42,65.0,31.0
AAPL,2026-10-30,45,Put,310.0,AAPL261030P00310000,4.1,5.0,4.55,4.98,0.755,17.8698,194.0,148.0,0.2878,-0.2264,0.009,0.3512,-0.1122,-0.0884,4.5579,5.08,5.2,4.78,4.22499990463257,up,2026-09-15T15:21:10,64.0,52.0
AAPL,2026-10-30,45,Call,315.0,AAPL261030C00315000,22.5,25.35,23.925,23.0,-2.925,-11.2825,206.0,53.0,0.2848,0.7302,0.01,0.3862,-0.1173,0.287,23.8702,23.4,23.4,23.0,25.9250001907349,no_change,2026-09-15T15:30:02,108.0,62.0
AAPL,2026-10-30,45,Put,315.0,AAPL261030P00315000,5.5,6.3,5.9,5.8,0.325,5.93607,106.0,322.0,0.2864,-0.2739,0.0102,0.3881,-0.1224,-0.105,5.7812,6.36,6.5,5.8,5.47500014305115,down,2026-09-15T15:58:27,9.0,127.0
AAPL,2026-10-30,45,Call,320.0,AAPL261030C00320000,18.5,21.85,20.175,19.97,-3.155,-13.6432,8.0,57.0,0.2745,0.6778,0.011,0.4183,-0.1264,0.2687,20.3779,19.95,20.08,19.31,23.125,up,2026-09-15T13:44:31,26.0,12.0
AAPL,2026-10-30,45,Put,320.0,AAPL261030P00320000,7.05,7.8,7.425,7.65,0.825,12.0879,26.0,266.0,0.2824,-0.3278,0.0112,0.4205,-0.1312,-0.1238,7.2927,7.98,8.05,7.65,6.82500004768372,down,2026-09-15T15:44:39,4.0,62.0
AAPL,2026-10-30,45,Call,325.0,AAPL261030C00325000,16.4,18.5,17.45,16.6,-2.925,-14.9808,19.0,92.0,0.2824,0.6202,0.0118,0.4434,-0.1333,0.2477,17.1614,16.79,16.79,16.1,19.5249996185303,up,2026-09-15T15:51:32,51.0,75.0
AAPL,2026-10-30,45,Put,325.0,AAPL261030P00325000,7.9,9.95,8.925,9.6,1.1,12.9412,229.0,265.0,0.2719,-0.3864,0.0121,0.445,-0.1377,-0.1436,9.0985,10.05,10.18,9.45,8.5,up,2026-09-15T14:55:36,51.0,83.0
AAPL,2026-10-30,45,Call,330.0,AAPL261030C00330000,13.45,14.5,13.975,13.94,-2.66,-16.0241,174.0,193.0,0.2662,0.5597,0.0124,0.4592,-0.1372,0.2249,14.2814,13.05,14.15,13.05,16.5999994277954,down,2026-09-15T15:52:23,7.0,2.0
AAPL,2026-10-30,45,Put,330.0,AAPL261030P00330000,10.15,12.35,11.25,11.2,0.75,7.17704,279.0,281.0,0.2734,-0.4485,0.0127,0.4593,-0.1414,-0.1633,11.2261,12.43,12.43,11.2,10.4499998092651,down,2026-09-15T15:57:06,104.0,120.0
AAPL,2026-10-30,45,Call,335.0,AAPL261030C00335000,11.05,12.9,11.975000000000001,11.45,-2.475,-17.7738,47.0,845.0,0.2654,0.4973,0.0126,0.4643,-0.1379,0.201,11.7269,11.7,12.6,10.6,13.9250001907349,down,2026-09-15T15:58:02,69.0,4.0
AAPL,2026-10-30,45,Put,335.0,AAPL261030P00335000,12.25,14.8,13.525,14.85,2.25,17.8571,15.0,54.0,0.2667,-0.5128,0.013,0.4624,-0.1419,-0.1808,13.6911,13.45,15.0,13.45,12.5999999046326,down,2026-09-15T12:28:29,69.0,54.0
AAPL,2026-10-30,45,Call,340.0,AAPL261030C00340000,9.05,9.85,9.45,9.4,-1.775,-15.8837,65.0,472.0,0.2671,0.435,0.0126,0.4583,-0.1352,0.1766,9.4994,9.75,9.75,8.25,11.1749997138977,up,2026-09-15T15:54:40,61.0,13.0
AAPL,2026-10-30,45,Put,340.0,AAPL261030P00340000,15.0,18.2,16.6,17.5,2.85,19.4539,5.0,123.0,0.2709,-0.577,0.013,0.454,-0.1391,-0.1948,16.4771,17.25,17.5,16.65,14.6500000953674,up,2026-09-15T10:24:41,92.0,16.0
AAPL,2026-10-30,45,Call,345.0,AAPL261030C00345000,6.8,8.5,7.65,7.13,-1.82,-20.3352,65.0,280.0,0.2677,0.3743,0.0122,0.4417,-0.1295,0.1526,7.5905,5.9,8.15,5.9,8.94999980926514,down,2026-09-15T15:31:07,44.0,84.0
AAPL,2026-10-30,45,Put,345.0,AAPL261030P00345000,18.1,21.4,19.75,0.0,0.0,0.0,0.0,0.0,0.2697,-0.6402,0.0127,0.4337,-0.1332,-0.2056,19.6088,0.0,0.0,0.0,17.5749998092651,no_change,,8.0,7.0
AAPL,2026-10-30,45,Call,350.0,AAPL261030C00350000,5.2,6.55,5.875,5.7,-1.425,-20.0,141.0,1613.0,0.2623,0.3169,0.0115,0.4159,-0.121,0.1297,5.9835,5.9,5.95,5.4,7.125,up,2026-09-15T15:44:56,59.0,41.0
AAPL,2026-10-30,45,Put,350.0,AAPL261030P00350000,21.5,24.85,23.175,22.32,0.0,0.0,0.0,5.0,0.2679,-0.7004,0.0121,0.4023,-0.1246,-0.2092,23.0557,0.0,0.0,0.0,20.6999998092651,up,2026-09-14T09:30:09,5.0,6.0
AAPL,2026-10-30,45,Call,355.0,AAPL261030C00355000,4.3,5.3,4.8,4.5,-1.15,-20.354,1202.0,126.0,0.2673,0.2642,0.0106,0.3829,-0.1106,0.1085,4.6627,4.6,4.7,4.15,5.64999985694885,down,2026-09-15T15:58:48,87.0,96.0
AAPL,2026-10-30,45,Put,355.0,AAPL261030P00355000,25.2,28.45,26.825,27.85,3.6,14.8454,2.0,4.0,0.2646,-0.7565,0.0113,0.362,-0.1141,-0.209,26.7944,27.85,27.85,27.85,24.25,up,2026-09-15T10:53:21,44.0,20.0
AAPL,2026-10-30,45,Call,360.0,AAPL261030C00360000,3.15,4.15,3.6500000000000004,3.55,-0.925,-20.6704,208.0,154.0,0.265,0.2164,0.0095,0.3442,-0.0987,0.089,3.5747,3.46,3.7,3.23,4.47499990463257,up,2026-09-15T15:54:40,18.0,31.0
AAPL,2026-10-30,45,Put,360.0,AAPL261030P00360000,29.1,32.05,30.575,31.22,3.045,10.8075,3.0,1.0,0.2555,-0.8076,0.0103,0.3153,-0.1021,-0.2044,30.7977,31.75,31.75,31.22,28.1750001907349,down,2026-09-15T14:10:17,43.0,13.0
AAPL,2026-10-30,45,Call,365.0,AAPL261030C00365000,2.4,3.05,2.7249999999999996,2.74,-0.585,-17.594,11.0,59.0,0.2625,0.1747,0.0084,0.3032,-0.0863,0.0719,2.7125,1.84,2.99,1.84,3.32500004768372,up,2026-09-15T15:55:27,18.0,10.0
AAPL,2026-10-30,45,Put,365.0,AAPL261030P00365000,33.15,36.95,35.05,31.84,0.0,0.0,0.0,1.0,0.2627,-0.8529,0.0092,0.2656,-0.0891,-0.1911,35.035,0.0,0.0,0.0,32.2250003814697,down,2026-09-11T11:13:52,16.0,5.0
AAPL,2026-10-30,45,Call,370.0,AAPL261030C00370000,1.75,2.45,2.1,2.03,-0.56,-21.6216,12.0,125.0,0.2642,0.139,0.0072,0.2618,-0.074,0.0572,2.0355,2.0,2.03,1.85,2.5900000333786,up,2026-09-15T15:54:40,128.0,31.0
AAPL,2026-10-30,45,Put,370.0,AAPL261030P00370000,37.75,41.4,39.575,0.0,0.0,0.0,0.0,0.0,0.2665,-0.8927,0.0081,0.2142,-0.077,-0.1718,39.475,0.0,0.0,0.0,36.5499992370606,no_change,,7.0,7.0
AAPL,2026-10-30,45,Call,375.0,AAPL261030C00375000,0.8,2.17,1.4849999999999999,1.49,-0.42,-21.9895,2.0,25.0,0.2603,0.1092,0.0061,0.2222,-0.0623,0.045,1.5126,1.39,1.49,1.39,1.91000002622604,up,2026-09-15T13:38:42,122.0,116.0
AAPL,2026-10-30,45,Put,375.0,AAPL261030P00375000,42.1,46.15,44.125,0.0,0.0,0.0,0.0,0.0,0.264,-0.927,0.0072,0.1597,-0.0661,-0.14,44.0885,0.0,0.0,0.0,41.0499992370606,no_change,,6.0,7.0
AAPL,2026-10-30,45,Call,380.0,AAPL261030C00380000,1.0,1.53,1.2650000000000001,1.05,-0.5,-32.2581,46.0,82.0,0.2699,0.0848,0.0051,0.1855,-0.0516,0.035,1.1148,1.1,1.1,1.02,1.54999995231628,no_change,2026-09-15T13:42:49,49.0,91.0
AAPL,2026-10-30,45,Put,380.0,AAPL261030P00380000,47.1,50.9,49.0,49.8,4.05,8.85246,1.0,1.0,0.2777,-0.9575,0.0066,0.1041,-0.0578,-0.097,48.8467,49.8,49.8,49.8,45.75,down,2026-09-15T10:11:57,7.0,12.0
AAPL,2026-10-30,45,Call,385.0,AAPL261030C00385000,0.7,1.1,0.9,0.73,-0.175,-19.337,27.0,31.0,0.2677,0.0653,0.0041,0.1527,-0.0422,0.0269,0.8182,0.72,0.74,0.72,0.905000001192093,no_change,2026-09-15T11:40:51,31.0,116.0
AAPL,2026-10-30,45,Put,385.0,AAPL261030P00385000,51.95,55.85,53.900000000000006,0.0,0.0,0.0,0.0,0.0,0.2812,-0.9807,0.0045,0.0433,-0.0569,-0.0377,53.7322,0.0,0.0,0.0,50.7999992370606,no_change,,1.0,1.0
AAPL,2026-10-30,45,Call,390.0,AAPL261030C00390000,0.04,1.05,0.545,0.85,0.0,0.0,0.0,1.0,0.2584,0.0498,0.0033,0.124,-0.034,0.0205,0.5965,0.0,0.0,0.0,0.88000001385808,up,2026-09-14T15:18:44,104.0,101.0
AAPL,2026-10-30,45,Put,390.0,AAPL261030P00390000,56.7,60.75,58.725,0.0,0.0,0.0,0.0,0.0,0.2778,-0.9945,0.002,0.0143,-0.0568,0.0,58.6951,0.0,0.0,0.0,55.3999996185303,no_change,,1.0,1.0
AAPL,2026-10-30,45,Call,395.0,AAPL261030C00395000,0.0,1.1,0.55,0.62,0.0,0.0,0.0,59.0,0.2756,0.0377,0.0026,0.0996,-0.0272,0.0155,0.4327,0.0,0.0,0.0,0.500000014901161,no_change,2026-09-14T12:13:15,0.0,18.0
AAPL,2026-10-30,45,Put,395.0,AAPL261030P00395000,61.75,65.8,63.775,0.0,0.0,0.0,0.0,0.0,0.3119,-0.9997,0.0001,0.0,-0.0568,0.0,63.6951,0.0,0.0,0.0,60.75,no_change,,1.0,1.0
AAPL,2026-10-30,45,Call,400.0,AAPL261030C00400000,0.01,0.45,0.23,0.36,-0.115,-24.2105,3.0,218.0,0.2528,0.0284,0.0021,0.0793,-0.0215,0.0116,0.3135,0.35,0.36,0.3,0.474999994039536,up,2026-09-15T11:30:11,177.0,33.0
AAPL,2026-10-30,45,Put,400.0,AAPL261030P00400000,66.75,70.8,68.775,0.0,0.0,0.0,0.0,0.0,0.3294,-1.0,0.0,0.0,-0.0568,0.0,68.6951,0.0,0.0,0.0,65.8000030517578,no_change,,1.0,1.0
AAPL,2026-10-30,45,Call,405.0,AAPL261030C00405000,0.0,1.29,0.645,0.0,0.0,0.0,0.0,0.0,0.3167,0.0215,0.0016,0.063,-0.0171,0.0088,0.2294,0.0,0.0,0.0,0.314999990165234,no_change,,0.0,33.0
AAPL,2026-10-30,45,Put,405.0,AAPL261030P00405000,71.75,75.8,73.775,0.0,0.0,0.0,0.0,0.0,0.3466,-1.0,0.0,0.0,-0.0568,0.0,73.6951,0.0,0.0,0.0,70.7749977111816,no_change,,1.0,1.0
AAPL,2026-10-30,45,Call,410.0,AAPL261030C00410000,0.0,1.52,0.76,0.01,0.0,0.0,0.0,1.0,0.343,0.0161,0.0013,0.0498,-0.0134,0.0066,0.1672,0.0,0.0,0.0,0.659999975934625,down,2026-09-14T15:05:27,0.0,45.0
AAPL,2026-10-30,45,Put,410.0,AAPL261030P00410000,77.0,80.8,78.9,0.0,0.0,0.0,0.0,0.0,0.3791,-1.0,0.0,0.0,-0.0568,0.0,78.6951,0.0,0.0,0.0,75.7749977111816,no_change,,1.0,1.0
AAPL,2026-10-30,45,Call,415.0,AAPL261030C00415000,0.0,0.91,0.455,0.16,0.0,0.0,0.0,16.0,0.3275,0.0122,0.001,0.0395,-0.0106,0.005,0.1236,0.0,0.0,0.0,0.150000005960464,up,2026-09-14T11:52:57,0.0,50.0
AAPL,2026-10-30,45,Put,415.0,AAPL261030P00415000,81.65,85.8,83.725,0.0,0.0,0.0,0.0,0.0,0.3683,-1.0,0.0,0.0,-0.0568,0.0,83.6951,0.0,0.0,0.0,80.7749977111816,no_change,,1.0,1.0
AAPL,2026-11-20,66,Call,100.0,AAPL261120C00100000,230.0,233.85,231.925,217.92,0.0,0.0,0.0,13.0,0.0,0.9997,0.0,0.001,0.0,0.1496,231.9572,0.0,0.0,0.0,235.150001525879,no_change,2026-08-31T15:59:17,11.0,11.0
AAPL,2026-11-20,66,Put,100.0,AAPL261120P00100000,0.0,0.1,0.05,0.01,0.0,0.0,0.0,206.0,1.0021,-0.0002,0.0,0.0012,-0.0007,-0.0001,0.0067,0.0,0.0,0.0,0.0500000007450581,down,2026-08-31T12:31:41,0.0,10.0
AAPL,2026-11-20,66,Call,105.0,AAPL261120C00105000,225.05,228.9,226.97500000000002,158.6,0.0,0.0,0.0,12.0,0.8759,0.9997,0.0,0.0012,0.0,0.1571,226.9919,0.0,0.0,0.0,230.174995422363,up,2026-01-27T09:32:54,11.0,11.0
AAPL,2026-11-20,66,Put,105.0,AAPL261120P00105000,0.0,0.15,0.075,0.14,0.0,0.0,0.0,7.0,0.8684,-0.0003,0.0,0.0014,-0.0008,-0.0002,0.0078,0.0,0.0,0.0,0.25,down,2026-07-17T14:51:59,0.0,1.0
AAPL,2026-11-20,66,Call,110.0,AAPL261120C00110000,220.05,223.95,222.0,213.45,0.0,0.0,0.0,48.0,0.7885,0.9996,0.0,0.0015,0.0,0.1647,222.0269,0.0,0.0,0.0,225.224998474121,up,2026-09-10T09:38:22,11.0,11.0
AAPL,2026-11-20,66,Put,110.0,AAPL261120P00110000,0.0,0.03,0.015,0.01,0.0,0.0,0.0,232.0,0.8346,-0.0003,0.0,0.0016,-0.0009,-0.0002,0.0091,0.0,0.0,0.0,0.0149999996647239,no_change,2026-09-01T15:06:23,0.0,4.0
AAPL,2026-11-20,66,Call,115.0,AAPL261120C00115000,215.1,218.95,217.02499999999998,173.82,0.0,0.0,0.0,1.0,0.0,0.9996,0.0,0.0018,0.0,0.1722,217.062,0.0,0.0,0.0,220.224998474121,down,2026-05-07T15:51:36,11.0,11.0
AAPL,2026-11-20,66,Put,115.0,AAPL261120P00115000,0.0,0.02,0.01,0.01,0.0,0.0,0.0,563.0,0.7776,-0.0004,0.0,0.0019,-0.001,-0.0002,0.0106,0.0,0.0,0.0,0.00999999977648258,no_change,2026-09-10T14:53:32,0.0,10.0
AAPL,2026-11-20,66,Call,120.0,AAPL261120C00120000,210.15,214.0,212.075,206.14,0.0,0.0,0.0,70.0,0.0,0.9995,0.0,0.002,0.0,0.1796,212.0974,0.0,0.0,0.0,215.324996948242,up,2026-09-02T09:59:58,11.0,11.0
AAPL,2026-11-20,66,Put,120.0,AAPL261120P00120000,0.0,0.5,0.25,0.07,0.0,0.0,0.0,138.0,1.0176,-0.0004,0.0,0.0022,-0.0012,-0.0003,0.0123,0.0,0.0,0.0,0.239999994635582,down,2026-08-24T09:46:25,0.0,46.0
AAPL,2026-11-20,66,Call,125.0,AAPL261120C00125000,205.15,209.05,207.10000000000002,202.96,0.0,0.0,0.0,29.0,0.0,0.9994,0.0,0.0025,0.0,0.1874,207.133,0.0,0.0,0.0,210.324996948242,up,2026-09-01T11:54:21,12.0,12.0
AAPL,2026-11-20,66,Put,125.0,AAPL261120P00125000,0.0,0.1,0.05,0.05,0.0,0.0,0.0,80.0,0.8232,-0.0005,0.0,0.0026,-0.0013,-0.0003,0.0143,0.0,0.0,0.0,0.0500000007450581,up,2026-09-09T10:38:45,0.0,10.0
AAPL,2026-11-20,66,Call,130.0,AAPL261120C00130000,200.2,204.05,202.125,186.93,0.0,0.0,0.0,45.0,0.0,0.9993,0.0,0.0029,0.0,0.1948,202.169,0.0,0.0,0.0,205.450004577637,down,2026-09-08T15:28:15,12.0,12.0
AAPL,2026-11-20,66,Put,130.0,AAPL261120P00130000,0.0,0.46,0.23,0.1,0.0,0.0,0.0,74.0,0.9328,-0.0006,0.0,0.0031,-0.0015,-0.0004,0.0165,0.0,0.0,0.0,0.224999994039536,up,2026-09-03T10:04:36,0.0,46.0
AAPL,2026-11-20,66,Call,135.0,AAPL261120C00135000,195.25,199.1,197.175,181.23,0.0,0.0,0.0,23.0,0.0,0.9992,0.0,0.0034,0.0,0.2023,197.2053,0.0,0.0,0.0,200.200004577637,up,2026-08-31T11:28:19,12.0,12.0
AAPL,2026-11-20,66,Put,135.0,AAPL261120P00135000,0.0,0.04,0.02,0.01,0.0,0.0,0.0,324.0,0.7021,-0.0007,0.0,0.0035,-0.0017,-0.0004,0.0191,0.0,0.0,0.0,0.0199999995529652,down,2026-09-10T14:59:33,0.0,2.0
AAPL,2026-11-20,66,Call,140.0,AAPL261120C00140000,190.25,194.15,192.2,187.34,0.0,0.0,0.0,23.0,0.6018,0.9991,0.0,0.004,0.0,0.2102,192.242,0.0,0.0,0.0,195.200004577637,no_change,2026-09-01T12:09:02,12.0,12.0
AAPL,2026-11-20,66,Put,140.0,AAPL261120P00140000,0.0,0.05,0.025,0.03,0.0,0.0,0.0,698.0,0.688,-0.0008,0.0,0.0041,-0.0019,-0.0005,0.0221,0.0,0.0,0.0,0.025000000372529,down,2026-09-14T15:13:02,0.0,10.0
AAPL,2026-11-20,66,Call,145.0,AAPL261120C00145000,185.3,189.15,187.22500000000002,171.02,0.0,0.0,0.0,31.0,0.0,0.999,0.0,0.0046,0.0,0.2176,187.2793,0.0,0.0,0.0,190.474998474121,down,2026-08-31T11:51:11,12.0,12.0
AAPL,2026-11-20,66,Put,145.0,AAPL261120P00145000,0.0,0.14,0.07,0.08,0.0,0.0,0.0,273.0,0.7281,-0.001,0.0,0.0048,-0.0022,-0.0006,0.0256,0.0,0.0,0.0,0.0700000002980232,no_change,2026-09-03T11:43:47,0.0,10.0
AAPL,2026-11-20,66,Call,150.0,AAPL261120C00150000,180.35,184.2,182.27499999999998,176.14,0.0,0.0,0.0,207.0,0.0,0.9988,0.0,0.0054,0.0,0.2258,182.3171,0.0,0.0,0.0,185.525001525879,up,2026-09-01T11:25:35,1.0,12.0
AAPL,2026-11-20,66,Put,150.0,AAPL261120P00150000,0.0,0.32,0.16,0.32,0.0,0.0,0.0,189.0,0.7659,-0.0012,0.0,0.0055,-0.0025,-0.0007,0.0296,0.0,0.0,0.0,0.140000000596046,up,2026-09-14T09:43:20,0.0,33.0
AAPL,2026-11-20,66,Call,155.0,AAPL261120C00155000,175.4,179.05,177.22500000000002,170.74,0.0,0.0,0.0,47.0,0.0,0.9986,0.0,0.0063,0.0,0.2338,177.3557,0.0,0.0,0.0,180.574996948242,up,2026-09-01T11:29:06,13.0,1.0
AAPL,2026-11-20,66,Put,155.0,AAPL261120P00155000,0.0,0.09,0.045,0.04,-0.01,-20.0,6.0,595.0,0.6446,-0.0014,0.0,0.0064,-0.0028,-0.0008,0.0343,0.04,0.04,0.04,0.0500000007450581,down,2026-09-15T12:38:30,0.0,43.0
AAPL,2026-11-20,66,Call,160.0,AAPL261120C00160000,170.45,174.35,172.39999999999998,171.99,-3.61,-2.05581,2.0,30.0,0.0,0.9983,0.0001,0.0074,0.0,0.2478,172.3953,171.99,171.99,171.99,175.599998474121,up,2026-09-15T10:00:11,1.0,12.0
AAPL,2026-11-20,66,Put,160.0,AAPL261120P00160000,0.01,0.07,0.04,0.08,-0.01,-11.1111,83.0,246.0,0.6127,-0.0016,0.0001,0.0074,-0.0032,-0.001,0.0398,0.04,0.08,0.02,0.0899999979883432,up,2026-09-15T15:43:12,70.0,22.0
AAPL,2026-11-20,66,Call,165.0,AAPL261120C00165000,165.5,169.35,167.425,141.77,0.0,0.0,0.0,3.0,0.5179,0.998,0.0001,0.0086,0.0,0.295,167.4377,0.0,0.0,0.0,170.450004577637,down,2026-08-03T10:07:45,1.0,12.0
AAPL,2026-11-20,66,Put,165.0,AAPL261120P00165000,0.0,0.07,0.035,0.04,-0.01,-20.0,9.0,147.0,0.5812,-0.0019,0.0001,0.0086,-0.0036,-0.0012,0.0463,0.13,0.13,0.04,0.0500000007450581,down,2026-09-15T12:43:27,0.0,1.0
AAPL,2026-11-20,66,Call,170.0,AAPL261120C00170000,160.55,164.35,162.45,165.6,0.0,0.0,0.0,52.0,0.5256,0.9976,0.0001,0.01,0.0,0.3166,162.4862,0.0,0.0,0.0,165.649993896484,up,2026-09-14T12:08:22,1.0,3.0
AAPL,2026-11-20,66,Put,170.0,AAPL261120P00170000,0.01,0.1,0.055,0.06,0.0,0.0,0.0,446.0,0.5826,-0.0022,0.0001,0.0101,-0.0041,-0.0014,0.054,0.0,0.0,0.0,0.0550000006332994,up,2026-09-10T15:08:29,12.0,46.0
AAPL,2026-11-20,66,Call,175.0,AAPL261120C00175000,155.6,159.4,157.5,166.62,0.0,0.0,0.0,36.0,0.5201,0.9972,0.0001,0.0116,0.0,0.3265,157.5376,0.0,0.0,0.0,160.675003051758,up,2026-07-28T15:45:12,1.0,4.0
AAPL,2026-11-20,66,Put,175.0,AAPL261120P00175000,0.0,0.11,0.055,0.06,0.005,9.09091,1.0,162.0,0.5729,-0.0026,0.0001,0.0117,-0.0046,-0.0016,0.0631,0.06,0.06,0.06,0.0550000015646219,no_change,2026-09-15T10:30:50,0.0,46.0
AAPL,2026-11-20,66,Call,180.0,AAPL261120C00180000,150.65,154.45,152.55,137.79,0.0,0.0,0.0,17.0,0.5108,0.9968,0.0001,0.0135,0.0,0.3356,152.5907,0.0,0.0,0.0,155.775001525879,up,2026-09-08T09:38:13,11.0,4.0
AAPL,2026-11-20,66,Put,180.0,AAPL261120P00180000,0.05,0.11,0.08,0.06,-0.015,-20.0,11.0,303.0,0.561,-0.0031,0.0001,0.0136,-0.0052,-0.0019,0.0739,0.06,0.06,0.06,0.0750000011175871,no_change,2026-09-15T11:10:51,1.0,51.0
AAPL,2026-11-20,66,Call,185.0,AAPL261120C00185000,145.7,149.5,147.6,149.76,0.0,0.0,0.0,279.0,0.4992,0.9962,0.0001,0.0157,0.0,0.3446,147.6458,0.0,0.0,0.0,150.674995422363,no_change,2026-07-17T12:49:35,40.0,3.0
AAPL,2026-11-20,66,Put,185.0,AAPL261120P00185000,0.06,0.1,0.08,0.09,0.01,12.5,1.0,1130.0,0.5346,-0.0037,0.0001,0.0158,-0.006,-0.0023,0.0865,0.09,0.09,0.09,0.0799999972805381,no_change,2026-09-15T10:31:06,4.0,10.0
AAPL,2026-11-20,66,Call,190.0,AAPL261120C00190000,140.75,144.55,142.65,117.05,0.0,0.0,0.0,77.0,0.4862,0.9955,0.0002,0.0184,0.0,0.3535,142.7031,0.0,0.0,0.0,145.75,up,2026-08-13T15:49:45,1.0,4.0
AAPL,2026-11-20,66,Put,190.0,AAPL261120P00190000,0.07,0.12,0.095,0.1,0.0,0.0,0.0,563.0,0.5216,-0.0044,0.0002,0.0184,-0.0068,-0.0027,0.1017,0.0,0.0,0.0,0.0899999979883432,up,2026-09-14T11:55:38,3.0,39.0
AAPL,2026-11-20,66,Call,195.0,AAPL261120C00195000,135.8,139.6,137.7,122.6,0.0,0.0,0.0,24.0,0.4722,0.9947,0.0002,0.0213,0.0,0.3623,137.7632,0.0,0.0,0.0,140.900001525879,up,2026-08-31T15:32:14,1.0,4.0
AAPL,2026-11-20,66,Put,195.0,AAPL261120P00195000,0.06,0.15,0.105,0.14,0.025,21.7391,2.0,539.0,0.505,-0.0052,0.0002,0.0214,-0.0077,-0.0032,0.1194,0.14,0.14,0.14,0.114999998360872,up,2026-09-15T09:51:05,187.0,128.0
AAPL,2026-11-20,66,Call,200.0,AAPL261120C00200000,130.85,133.95,132.39999999999998,134.15,0.0,0.0,0.0,142.0,0.0,0.9938,0.0002,0.0247,0.0,0.3711,132.8263,0.0,0.0,0.0,135.974998474121,up,2026-09-11T15:00:41,10.0,3.0
AAPL,2026-11-20,66,Put,200.0,AAPL261120P00200000,0.11,0.16,0.135,0.18,0.045,33.3333,2.0,1929.0,0.4975,-0.0061,0.0002,0.0249,-0.0088,-0.0038,0.1402,0.16,0.18,0.16,0.134999997913837,up,2026-09-15T15:56:03,1.0,7.0
AAPL,2026-11-20,66,Call,205.0,AAPL261120C00205000,125.9,129.75,127.825,129.18,0.0,0.0,0.0,59.0,0.4574,0.9927,0.0003,0.0288,0.0,0.3797,127.8929,0.0,0.0,0.0,131.049995422363,up,2026-09-11T14:46:46,14.0,10.0
AAPL,2026-11-20,66,Put,205.0,AAPL261120P00205000,0.11,0.22,0.165,0.21,0.05,31.25,1.0,1463.0,0.4873,-0.0072,0.0003,0.0289,-0.0099,-0.0045,0.1647,0.21,0.21,0.21,0.159999996423721,up,2026-09-15T10:31:06,13.0,96.0
AAPL,2026-11-20,66,Call,210.0,AAPL261120C00210000,121.0,124.8,122.9,122.53,-3.345,-2.6574,1.0,75.0,0.4518,0.9914,0.0003,0.0333,0.0,0.3882,122.9636,122.53,122.53,122.53,125.875,down,2026-09-15T09:39:57,13.0,10.0
AAPL,2026-11-20,66,Put,210.0,AAPL261120P00210000,0.14,0.26,0.2,0.22,0.03,15.7895,1.0,1925.0,0.4769,-0.0085,0.0003,0.0334,-0.0112,-0.0053,0.1932,0.22,0.22,0.22,0.189999997615814,up,2026-09-15T11:10:51,19.0,128.0
AAPL,2026-11-20,66,Call,215.0,AAPL261120C00215000,116.05,119.9,117.975,121.52,0.0,0.0,0.0,156.0,0.443,0.9899,0.0004,0.0384,0.0,0.3966,118.039,0.0,0.0,0.0,121.375,up,2026-09-11T11:03:24,11.0,4.0
AAPL,2026-11-20,66,Put,215.0,AAPL261120P00215000,0.15,0.29,0.21999999999999997,0.27,0.05,22.7273,1.0,1027.0,0.4606,-0.0101,0.0004,0.0388,-0.0127,-0.0063,0.2265,0.27,0.27,0.27,0.220000006258488,up,2026-09-15T10:30:50,100.0,95.0
AAPL,2026-11-20,66,Call,220.0,AAPL261120C00220000,111.4,115.15,113.275,117.3,0.0,0.0,0.0,404.0,0.4628,0.9881,0.0005,0.0444,-0.0018,0.4048,113.1196,0.0,0.0,0.0,116.375,up,2026-09-11T11:30:54,12.0,1.0
AAPL,2026-11-20,66,Put,220.0,AAPL261120P00220000,0.2,0.3,0.25,0.3,0.03,11.1111,1.0,3774.0,0.4467,-0.0119,0.0005,0.0447,-0.0143,-0.0073,0.2649,0.3,0.3,0.3,0.270000003278255,up,2026-09-15T10:03:17,14.0,12.0
AAPL,2026-11-20,66,Call,225.0,AAPL261120C00225000,106.65,110.05,108.35,107.2,-3.75,-3.3799,10.0,2438.0,0.4644,0.986,0.0006,0.0512,-0.0041,0.4128,108.2066,107.2,107.2,107.2,110.950000762939,down,2026-09-15T12:13:39,72.0,14.0
AAPL,2026-11-20,66,Put,225.0,AAPL261120P00225000,0.25,0.34,0.29500000000000004,0.31,0.015,5.08475,2.0,1454.0,0.4352,-0.014,0.0006,0.0514,-0.0161,-0.0087,0.3098,0.31,0.31,0.31,0.294999994337559,no_change,2026-09-15T15:04:48,15.0,10.0
AAPL,2026-11-20,66,Call,230.0,AAPL261120C00230000,101.3,105.15,103.225,101.77,-4.555,-4.28404,3.0,3684.0,0.4119,0.9836,0.0007,0.0588,-0.0066,0.4206,103.3008,101.77,101.77,101.77,106.325000762939,down,2026-09-15T09:30:01,22.0,4.0
AAPL,2026-11-20,66,Put,230.0,AAPL261120P00230000,0.35,0.42,0.385,0.38,0.01,2.7027,17.0,6009.0,0.4303,-0.0164,0.0007,0.0593,-0.018,-0.0102,0.3619,0.41,0.41,0.38,0.370000004768372,down,2026-09-15T13:38:38,1.0,78.0
AAPL,2026-11-20,66,Call,235.0,AAPL261120C00235000,96.95,100.25,98.6,100.65,0.0,0.0,0.0,167.0,0.4416,0.9807,0.0008,0.0676,-0.0093,0.428,98.4036,0.0,0.0,0.0,101.725002288818,up,2026-09-11T13:40:13,11.0,12.0
AAPL,2026-11-20,66,Put,235.0,AAPL261120P00235000,0.35,0.48,0.415,0.41,-0.03,-6.81818,8.0,2091.0,0.4132,-0.0194,0.0008,0.068,-0.0202,-0.012,0.4231,0.47,0.49,0.41,0.439999997615814,down,2026-09-15T15:50:17,26.0,18.0
AAPL,2026-11-20,66,Call,240.0,AAPL261120C00240000,92.4,95.35,93.875,86.91,0.0,0.0,0.0,411.0,0.4436,0.9773,0.0009,0.0775,-0.0122,0.4352,93.517,0.0,0.0,0.0,96.625,up,2026-09-10T12:48:42,65.0,108.0
AAPL,2026-11-20,66,Put,240.0,AAPL261120P00240000,0.44,0.54,0.49,0.47,-0.06,-11.3208,16.0,2838.0,0.4022,-0.0228,0.001,0.0779,-0.0226,-0.0141,0.4947,0.55,0.55,0.47,0.529999986290932,down,2026-09-15T15:50:17,39.0,25.0
AAPL,2026-11-20,66,Call,245.0,AAPL261120C00245000,87.05,90.3,88.675,87.04,-4.76,-5.18518,1.0,1858.0,0.3952,0.9732,0.0011,0.0888,-0.0153,0.4419,88.6433,87.04,87.04,87.04,91.7999992370606,up,2026-09-15T09:30:02,193.0,75.0
AAPL,2026-11-20,66,Put,245.0,AAPL261120P00245000,0.51,0.65,0.5800000000000001,0.55,0.0,0.0,0.0,2567.0,0.3914,-0.0268,0.0011,0.0898,-0.0252,-0.0166,0.5792,0.0,0.0,0.0,0.5799999833107,down,2026-09-14T15:01:45,27.0,13.0
AAPL,2026-11-20,66,Call,250.0,AAPL261120C00250000,82.2,85.6,83.9,82.83,-4.32,-4.95697,27.0,417.0,0.3914,0.9685,0.0013,0.102,-0.0188,0.4481,83.7855,82.5,82.83,82.5,87.1500015258789,up,2026-09-15T14:15:40,118.0,122.0
AAPL,2026-11-20,66,Put,250.0,AAPL261120P00250000,0.64,0.74,0.69,0.71,0.03,4.41176,34.0,6850.0,0.3811,-0.0317,0.0013,0.1026,-0.0282,-0.0195,0.6804,0.73,0.78,0.71,0.680000007152557,down,2026-09-15T14:39:39,14.0,15.0
AAPL,2026-11-20,66,Call,255.0,AAPL261120C00255000,77.7,80.65,79.17500000000001,81.98,0.0,0.0,0.0,1250.0,0.3882,0.9628,0.0016,0.1168,-0.0226,0.4537,78.9481,0.0,0.0,0.0,82.0999984741211,down,2026-09-14T14:59:23,135.0,57.0
AAPL,2026-11-20,66,Put,255.0,AAPL261120P00255000,0.74,0.86,0.8,0.82,-0.015,-1.79641,158.0,6734.0,0.3691,-0.0375,0.0016,0.1177,-0.0314,-0.0231,0.8016,0.9,0.9,0.82,0.83500000834465,down,2026-09-15T15:39:05,22.0,20.0
AAPL,2026-11-20,66,Call,260.0,AAPL261120C00260000,72.5,75.75,74.125,73.3,-3.975,-5.14396,1.0,1072.0,0.358,0.9559,0.0018,0.1341,-0.0268,0.4586,74.1363,73.3,73.3,73.3,77.2749977111816,down,2026-09-15T13:52:33,120.0,63.0
AAPL,2026-11-20,66,Put,260.0,AAPL261120P00260000,0.89,1.0,0.9450000000000001,1.03,0.045,4.56853,43.0,6322.0,0.3584,-0.0445,0.0018,0.135,-0.0352,-0.0273,0.9495,1.03,1.07,0.99,0.985000014305115,up,2026-09-15T13:31:25,21.0,21.0
AAPL,2026-11-20,66,Call,265.0,AAPL261120C00265000,68.25,70.05,69.15,70.74,0.0,0.0,0.0,1108.0,0.3341,0.9476,0.0022,0.1538,-0.0315,0.4624,69.3574,0.0,0.0,0.0,72.625,down,2026-09-11T15:53:58,98.0,7.0
AAPL,2026-11-20,66,Put,265.0,AAPL261120P00265000,1.08,1.18,1.13,1.16,0.01,0.869567,90.0,5026.0,0.3487,-0.0529,0.0022,0.1547,-0.0394,-0.0325,1.1301,1.26,1.26,1.14,1.14999997615814,up,2026-09-15T15:48:28,31.0,20.0
AAPL,2026-11-20,66,Call,270.0,AAPL261120C00270000,63.5,66.05,64.775,63.8,-4.325,-6.34862,52.0,6633.0,0.3481,0.9375,0.0026,0.1764,-0.0367,0.4651,64.62,63.35,63.8,63.28,68.125,up,2026-09-15T15:45:21,182.0,168.0
AAPL,2026-11-20,66,Put,270.0,AAPL261120P00270000,1.3,1.4,1.35,1.45,0.09,6.61765,13.0,7913.0,0.339,-0.0631,0.0026,0.1777,-0.0441,-0.0385,1.3534,1.44,1.49,1.43,1.36000001430511,up,2026-09-15T14:32:44,41.0,41.0
AAPL,2026-11-20,66,Call,275.0,AAPL261120C00275000,58.8,61.6,60.2,58.79,-4.435,-7.01463,48.0,3024.0,0.3434,0.9253,0.003,0.2021,-0.0424,0.4663,59.9354,57.9,59.08,57.9,63.2250003814697,down,2026-09-15T15:39:05,128.0,123.0
AAPL,2026-11-20,66,Put,275.0,AAPL261120P00275000,1.59,1.69,1.6400000000000001,1.72,0.1,6.17284,13.0,5525.0,0.3308,-0.0754,0.0031,0.2034,-0.0494,-0.0461,1.6297,1.8,1.8,1.7,1.62000000476837,no_change,2026-09-15T15:39:51,26.0,13.0
AAPL,2026-11-20,66,Call,280.0,AAPL261120C00280000,54.2,56.3,55.25,54.65,-3.575,-6.13998,22.0,2203.0,0.3191,0.9106,0.0035,0.231,-0.0488,0.466,55.3166,54.59,54.65,53.05,58.2250003814697,up,2026-09-15T14:18:02,133.0,64.0
AAPL,2026-11-20,66,Put,280.0,AAPL261120P00280000,1.9,2.02,1.96,2.07,0.145,7.53247,124.0,8682.0,0.3213,-0.0904,0.0036,0.2328,-0.0553,-0.0549,1.9737,2.15,2.17,2.04,1.92500001192093,no_change,2026-09-15T15:42:34,42.0,54.0
AAPL,2026-11-20,66,Call,285.0,AAPL261120C00285000,49.65,51.55,50.599999999999994,49.45,-4.225,-7.87145,9.0,2568.0,0.3073,0.8929,0.0041,0.2632,-0.0557,0.4635,50.7796,49.2,49.45,49.2,53.6749992370606,up,2026-09-15T13:00:17,149.0,9.0
AAPL,2026-11-20,66,Put,285.0,AAPL261120P00285000,2.36,2.46,2.41,2.38,0.09,3.93013,777.0,4640.0,0.3151,-0.108,0.0042,0.2647,-0.0616,-0.0657,2.3923,2.55,2.61,2.38,2.28999996185303,no_change,2026-09-15T15:56:46,41.0,43.0
AAPL,2026-11-20,66,Call,290.0,AAPL261120C00290000,45.35,47.15,46.25,45.3,-3.9,-7.92683,18.0,1909.0,0.3042,0.8719,0.0048,0.2984,-0.063,0.4587,46.3415,45.0,45.3,45.0,49.2000007629394,up,2026-09-15T15:28:39,153.0,102.0
AAPL,2026-11-20,66,Put,290.0,AAPL261120P00290000,2.87,2.98,2.925,2.91,0.12,4.30108,54.0,7173.0,0.3075,-0.1292,0.0049,0.3,-0.0686,-0.078,2.9186,3.13,3.25,2.91,2.78999996185303,down,2026-09-15T15:56:45,50.0,69.0
AAPL,2026-11-20,66,Call,295.0,AAPL261120C00295000,41.45,42.55,42.0,40.44,-4.735,-10.4815,4.0,1370.0,0.3001,0.8472,0.0055,0.3356,-0.0707,0.4515,42.0232,41.3,41.3,40.44,45.1750011444092,down,2026-09-15T10:31:34,92.0,5.0
AAPL,2026-11-20,66,Put,295.0,AAPL261120P00295000,3.45,3.65,3.55,3.67,0.245,7.15329,98.0,6444.0,0.3,-0.1548,0.0056,0.3393,-0.076,-0.0929,3.5756,3.8,3.85,3.65,3.42499995231628,no_change,2026-09-15T15:52:49,38.0,48.0
AAPL,2026-11-20,66,Call,300.0,AAPL261120C00300000,37.45,37.95,37.7,37.74,-2.685,-6.64193,86.0,5531.0,0.2909,0.8184,0.0063,0.3746,-0.0785,0.4412,37.8454,35.86,37.95,35.86,40.4250011444092,no_change,2026-09-15T15:58:57,37.0,2.0
AAPL,2026-11-20,66,Put,300.0,AAPL261120P00300000,4.25,4.45,4.35,4.35,0.225,5.45455,178.0,18413.0,0.2948,-0.1835,0.0064,0.3764,-0.0833,-0.1098,4.3539,4.75,5.0,4.35,4.125,no_change,2026-09-15T15:59:57,1096.0,55.0
AAPL,2026-11-20,66,Call,305.0,AAPL261120C00305000,33.4,34.4,33.9,33.54,-2.86,-7.85714,237.0,3350.0,0.2911,0.7854,0.0071,0.4136,-0.0862,0.4283,33.8309,33.0,34.79,32.57,36.3999996185303,down,2026-09-15T15:59:37,108.0,155.0
AAPL,2026-11-20,66,Put,305.0,AAPL261120P00305000,5.2,5.4,5.300000000000001,5.2,0.15,2.9703,159.0,4932.0,0.2892,-0.217,0.0072,0.4159,-0.0906,-0.1286,5.3101,5.7,6.0,5.2,5.04999995231628,down,2026-09-15T15:55:56,79.0,71.0
AAPL,2026-11-20,66,Call,310.0,AAPL261120C00310000,29.4,30.4,29.9,28.85,-3.6,-11.094,27.0,13247.0,0.2822,0.7482,0.0079,0.4512,-0.0934,0.4122,30.003,28.74,29.3,28.39,32.4499988555908,down,2026-09-15T12:57:10,25.0,88.0
AAPL,2026-11-20,66,Put,310.0,AAPL261120P00310000,6.4,6.6,6.5,6.47,0.395,6.50206,411.0,14485.0,0.2853,-0.2551,0.0081,0.4549,-0.0976,-0.1496,6.4605,7.3,7.3,6.47,6.07500004768372,down,2026-09-15T15:55:13,26.0,52.0
AAPL,2026-11-20,66,Call,315.0,AAPL261120C00315000,25.6,27.05,26.325000000000003,26.16,-2.69,-9.32409,246.0,5921.0,0.2792,0.7066,0.0087,0.4862,-0.0999,0.3927,26.3611,26.2,26.2,24.98,28.8499994277954,up,2026-09-15T15:53:41,68.0,190.0
AAPL,2026-11-20,66,Put,315.0,AAPL261120P00315000,7.75,7.95,7.85,7.85,0.5,6.80272,329.0,7248.0,0.2811,-0.2973,0.0088,0.4881,-0.1038,-0.1725,7.8189,8.6,8.65,7.8,7.34999990463257,up,2026-09-15T15:59:06,63.0,40.0
AAPL,2026-11-20,66,Call,320.0,AAPL261120C00320000,22.35,23.5,22.925,22.95,-2.25,-8.92857,395.0,7058.0,0.2745,0.6618,0.0094,0.5159,-0.1052,0.371,22.9938,21.95,23.2,21.58,25.1999998092651,down,2026-09-15T15:59:07,220.0,124.0
AAPL,2026-11-20,66,Put,320.0,AAPL261120P00320000,9.35,9.55,9.45,9.45,0.6,6.77966,412.0,5619.0,0.2765,-0.3434,0.0096,0.5177,-0.1089,-0.196,9.4141,9.85,10.2,9.36,8.84999990463257,up,2026-09-15T15:59:46,32.0,29.0
AAPL,2026-11-20,66,Call,325.0,AAPL261120C00325000,19.45,20.4,19.924999999999997,19.2,-2.8,-12.7273,762.0,10828.0,0.2738,0.6132,0.01,0.5394,-0.1091,0.3466,19.8331,18.29,20.0,18.29,22.0,up,2026-09-15T15:46:05,32.0,35.0
AAPL,2026-11-20,66,Put,325.0,AAPL261120P00325000,11.15,11.45,11.3,11.2,0.65,6.16114,132.0,2035.0,0.2727,-0.3929,0.0102,0.5407,-0.1127,-0.2202,11.2627,12.0,12.2,11.2,10.5499997138977,down,2026-09-15T15:55:15,61.0,66.0
AAPL,2026-11-20,66,Call,330.0,AAPL261120C00330000,16.8,17.15,16.975,16.94,-1.935,-10.2517,653.0,10487.0,0.2687,0.5627,0.0104,0.5551,-0.1113,0.3201,16.9748,16.65,17.21,15.72,18.875,down,2026-09-15T15:59:37,44.0,62.0
AAPL,2026-11-20,66,Put,330.0,AAPL261120P00330000,13.3,13.55,13.425,13.43,0.88,7.01195,288.0,2717.0,0.2695,-0.4451,0.0107,0.5547,-0.1148,-0.2425,13.3788,14.05,14.6,13.25,12.5499997138977,down,2026-09-15T15:59:43,52.0,67.0
AAPL,2026-11-20,66,Call,335.0,AAPL261120C00335000,14.2,14.5,14.35,14.6,-1.575,-9.73724,452.0,8077.0,0.2656,0.5102,0.0106,0.5617,-0.1117,0.2919,14.3537,14.1,14.6,13.3,16.1749992370605,no_change,2026-09-15T15:55:51,53.0,66.0
AAPL,2026-11-20,66,Put,335.0,AAPL261120P00335000,15.65,15.95,15.8,15.9,1.1,7.43243,413.0,2141.0,0.266,-0.4991,0.011,0.5599,-0.1152,-0.2662,15.7801,16.6,16.94,15.9,14.7999997138977,down,2026-09-15T15:57:47,37.0,87.0
AAPL,2026-11-20,66,Call,340.0,AAPL261120C00340000,11.9,12.15,12.025,11.95,-1.75,-12.7737,567.0,7719.0,0.2629,0.4574,0.0107,0.5589,-0.1102,0.2633,12.0293,11.86,12.3,11.19,13.7000002861023,down,2026-09-15T15:59:33,54.0,44.0
AAPL,2026-11-20,66,Put,340.0,AAPL261120P00340000,18.2,18.65,18.424999999999997,19.15,1.9,11.0145,10.0,633.0,0.2621,-0.554,0.0111,0.5539,-0.1139,-0.285,18.4715,19.35,19.5,19.15,17.25,no_change,2026-09-15T14:45:48,27.0,28.0
AAPL,2026-11-20,66,Call,345.0,AAPL261120C00345000,9.85,10.1,9.975,10.08,-1.395,-12.1569,180.0,6002.0,0.2605,0.4053,0.0105,0.5466,-0.1068,0.2344,9.9822,9.2,10.08,9.1,11.4750003814697,up,2026-09-15T15:56:24,58.0,42.0
AAPL,2026-11-20,66,Put,345.0,AAPL261120P00345000,21.3,21.95,21.625,21.25,1.3,6.51629,97.0,178.0,0.2643,-0.6082,0.011,0.537,-0.1108,-0.2986,21.4327,22.4,23.15,21.25,19.9499998092651,down,2026-09-15T15:57:17,1.0,75.0
AAPL,2026-11-20,66,Call,350.0,AAPL261120C00350000,8.15,8.35,8.25,8.2,-1.325,-13.9108,497.0,13992.0,0.2599,0.3552,0.0102,0.5256,-0.1019,0.2062,8.2153,8.1,8.3,7.45,9.52499961853027,down,2026-09-15T15:59:54,60.0,21.0
AAPL,2026-11-20,66,Put,350.0,AAPL261120P00350000,23.8,25.3,24.55,25.63,2.53,10.9524,6.0,151.0,0.256,-0.6615,0.0108,0.5111,-0.1061,-0.3074,24.6899,26.12,26.12,25.5,23.1000003814697,no_change,2026-09-15T10:23:36,16.0,27.0
AAPL,2026-11-20,66,Call,355.0,AAPL261120C00355000,6.6,6.8,6.699999999999999,6.65,-1.175,-15.016,305.0,7490.0,0.2575,0.3072,0.0097,0.4968,-0.0956,0.1789,6.6809,6.3,6.7,6.07,7.82499980926514,up,2026-09-15T15:54:40,47.0,49.0
AAPL,2026-11-20,66,Put,355.0,AAPL261120P00355000,26.9,29.2,28.049999999999997,29.44,3.365,12.9051,1.0,256.0,0.2535,-0.7126,0.0104,0.4788,-0.1002,-0.3128,28.2204,29.44,29.44,29.44,26.0749998092651,up,2026-09-15T09:30:02,11.0,13.0
AAPL,2026-11-20,66,Call,360.0,AAPL261120C00360000,5.3,5.5,5.4,5.35,-1.075,-16.7315,1142.0,12899.0,0.256,0.2629,0.009,0.4623,-0.0883,0.1536,5.3942,5.3,5.53,4.9,6.42500019073486,up,2026-09-15T15:57:20,78.0,52.0
AAPL,2026-11-20,66,Put,360.0,AAPL261120P00360000,31.05,32.9,31.975,33.1,3.425,11.5417,1.0,465.0,0.2552,-0.7607,0.0098,0.4332,-0.0933,-0.309,32.0079,33.1,33.1,33.1,29.6750001907349,up,2026-09-15T13:36:20,25.0,16.0
AAPL,2026-11-20,66,Call,365.0,AAPL261120C00365000,4.2,4.4,4.300000000000001,4.3,-0.9,-17.3077,100.0,4733.0,0.2545,0.2226,0.0083,0.4234,-0.0803,0.1303,4.3214,4.27,4.35,3.85,5.20000004768372,up,2026-09-15T15:59:03,65.0,87.0
AAPL,2026-11-20,66,Put,365.0,AAPL261120P00365000,35.05,36.95,36.0,37.1,3.25,9.60119,3.0,46.0,0.2544,-0.8052,0.0092,0.3812,-0.0859,-0.289,36.0235,37.34,37.34,37.0,33.8499984741211,up,2026-09-15T13:36:20,66.0,79.0
AAPL,2026-11-20,66,Call,370.0,AAPL261120C00370000,3.35,3.5,3.425,3.35,-0.825,-19.7605,114.0,5213.0,0.2541,0.1866,0.0074,0.3821,-0.072,0.1093,3.4371,3.4,3.52,3.19,4.17500019073486,down,2026-09-15T15:59:33,73.0,85.0
AAPL,2026-11-20,66,Put,370.0,AAPL261120P00370000,39.3,41.15,40.224999999999994,41.15,3.35,8.86244,2.0,32.0,0.2537,-0.8458,0.0085,0.332,-0.0779,-0.2727,40.2461,41.45,41.45,41.15,37.7999992370606,down,2026-09-15T13:37:30,67.0,58.0
AAPL,2026-11-20,66,Call,375.0,AAPL261120C00375000,2.62,2.74,2.68,2.7,-0.625,-18.797,217.0,3106.0,0.253,0.1549,0.0066,0.3406,-0.0637,0.091,2.7167,2.75,2.75,2.45,3.32500004768372,up,2026-09-15T15:59:45,60.0,36.0
AAPL,2026-11-20,66,Put,375.0,AAPL261120P00375000,43.6,45.6,44.6,43.25,0.0,0.0,0.0,61.0,0.2519,-0.8822,0.0077,0.2763,-0.0691,-0.2547,44.6578,0.0,0.0,0.0,41.9750003814697,up,2026-09-11T11:38:45,16.0,16.0
AAPL,2026-11-20,66,Call,380.0,AAPL261120C00380000,2.06,2.15,2.105,2.1,-0.57,-21.3483,209.0,3720.0,0.2528,0.1276,0.0058,0.2997,-0.0558,0.075,2.136,1.9,2.15,1.9,2.66999995708466,down,2026-09-15T15:59:45,50.0,16.0
AAPL,2026-11-20,66,Put,380.0,AAPL261120P00380000,47.4,50.2,48.8,55.0,0.0,0.0,0.0,5.0,0.226,-0.9152,0.0071,0.2108,-0.0632,-0.1987,49.2315,0.0,0.0,0.0,46.1500015258789,no_change,2026-09-01T13:05:38,7.0,7.0
AAPL,2026-11-20,66,Call,385.0,AAPL261120C00385000,1.61,1.7,1.655,1.66,-0.455,-21.513,28.0,438.0,0.2536,0.1044,0.005,0.2606,-0.0483,0.0613,1.6721,1.7,1.7,1.57,2.11500000953674,down,2026-09-15T15:58:16,68.0,26.0
AAPL,2026-11-20,66,Put,385.0,AAPL261120P00385000,52.85,54.95,53.900000000000006,52.05,0.0,0.0,0.0,6.0,0.2514,-0.9434,0.0063,0.1576,-0.0549,-0.1387,53.9353,0.0,0.0,0.0,50.9500007629394,no_change,2026-09-11T12:40:09,6.0,6.0
AAPL,2026-11-20,66,Call,390.0,AAPL261120C00390000,1.23,1.32,1.275,1.3,-0.39,-23.0769,16.0,1735.0,0.2532,0.085,0.0043,0.2251,-0.0414,0.05,1.307,1.2,1.34,1.18,1.68999999761581,up,2026-09-15T15:37:53,41.0,9.0
AAPL,2026-11-20,66,Put,390.0,AAPL261120P00390000,57.1,59.8,58.45,57.4,0.0,0.0,0.0,1.0,0.0,-0.97,0.0059,0.1033,-0.053,-0.1199,58.7645,0.0,0.0,0.0,55.7250003814697,down,2026-09-11T13:52:23,9.0,7.0
AAPL,2026-11-20,66,Call,395.0,AAPL261120C00395000,0.94,1.08,1.01,1.03,-0.305,-22.8464,61.0,272.0,0.255,0.0687,0.0037,0.1922,-0.0353,0.0404,1.0178,1.01,1.03,1.0,1.33499997854233,up,2026-09-15T15:42:11,64.0,84.0
AAPL,2026-11-20,66,Put,395.0,AAPL261120P00395000,61.8,65.7,63.75,0.0,0.0,0.0,0.0,0.0,0.2811,-0.9872,0.0039,0.0308,-0.0381,0.0,63.6951,0.0,0.0,0.0,60.5749988555908,no_change,,3.0,3.0
AAPL,2026-11-20,66,Call,400.0,AAPL261120C00400000,0.76,0.81,0.785,0.72,-0.305,-29.7561,362.0,34689.0,0.2559,0.0554,0.0031,0.1632,-0.0298,0.0325,0.7918,0.8,0.83,0.71,1.02499997615814,down,2026-09-15T15:50:00,66.0,28.0
AAPL,2026-11-20,66,Put,400.0,AAPL261120P00400000,66.8,70.7,68.75,67.05,0.0,0.0,0.0,0.0,0.0,-0.998,0.0006,0.0,-0.0381,0.0,68.6951,0.0,0.0,0.0,65.5249977111816,up,2026-09-11T13:54:22,2.0,3.0
AAPL,2026-11-20,66,Call,410.0,AAPL261120C00410000,0.43,0.52,0.475,0.47,-0.155,-24.8,36.0,1444.0,0.2583,0.0358,0.0021,0.1158,-0.0211,0.021,0.481,0.46,0.5,0.45,0.625,no_change,2026-09-15T15:20:37,81.0,63.0
AAPL,2026-11-20,66,Put,410.0,AAPL261120P00410000,76.75,80.65,78.7,97.78,0.0,0.0,0.0,0.0,0.3126,-1.0,0.0,0.0,-0.0381,0.0,78.6951,0.0,0.0,0.0,75.6749992370606,up,2026-09-09T14:33:50,11.0,1.0
AAPL,2026-11-20,66,Call,420.0,AAPL261120C00420000,0.28,0.34,0.31000000000000005,0.3,-0.085,-22.0779,87.0,949.0,0.2643,0.0232,0.0015,0.0814,-0.0148,0.0136,0.2959,0.3,0.31,0.27,0.385000005364418,up,2026-09-15T11:14:01,59.0,89.0
AAPL,2026-11-20,66,Put,420.0,AAPL261120P00420000,86.75,90.65,88.7,0.0,0.0,0.0,0.0,0.0,0.3364,-1.0,0.0,0.0,-0.0381,0.0,88.6951,0.0,0.0,0.0,85.5250015258789,no_change,,11.0,1.0
AAPL,2026-11-20,66,Call,430.0,AAPL261120C00430000,0.15,0.21,0.18,0.18,-0.07,-28.0,171.0,1463.0,0.2658,0.0152,0.001,0.0573,-0.0104,0.0089,0.1866,0.15,0.22,0.15,0.249999992549419,down,2026-09-15T15:05:48,74.0,66.0
AAPL,2026-11-20,66,Put,430.0,AAPL261120P00430000,96.75,100.65,98.7,0.0,0.0,0.0,0.0,0.0,0.3631,-1.0,0.0,0.0,-0.0381,0.0,98.6951,0.0,0.0,0.0,95.5250015258789,no_change,,11.0,1.0
AAPL,2026-11-20,66,Call,440.0,AAPL261120C00440000,0.07,0.14,0.10500000000000001,0.14,-0.005,-3.44828,4.0,698.0,0.2678,0.0102,0.0007,0.041,-0.0075,0.006,0.1222,0.13,0.15,0.13,0.144999999552965,no_change,2026-09-15T13:46:47,68.0,18.0
AAPL,2026-11-20,66,Put,440.0,AAPL261120P00440000,106.75,110.65,108.7,0.0,0.0,0.0,0.0,0.0,0.3888,-1.0,0.0,0.0,-0.0381,0.0,108.6951,0.0,0.0,0.0,105.525001525879,no_change,,11.0,1.0
AAPL,2026-11-20,66,Call,450.0,AAPL261120C00450000,0.05,0.08,0.065,0.06,-0.03,-33.3333,102.0,3096.0,0.2716,0.0072,0.0005,0.0302,-0.0056,0.0042,0.084,0.09,0.09,0.06,0.0899999998509884,down,2026-09-15T10:30:41,17.0,7.0
AAPL,2026-11-20,66,Put,450.0,AAPL261120P00450000,116.75,120.65,118.7,0.0,0.0,0.0,0.0,0.0,0.4138,-1.0,0.0,0.0,-0.0381,0.0,118.6951,0.0,0.0,0.0,115.700000762939,no_change,,11.0,1.0
AAPL,2026-11-20,66,Call,460.0,AAPL261120C00460000,0.04,0.11,0.075,0.06,0.0,-2.42144e-06,1.0,2398.0,0.2935,0.0052,0.0004,0.0227,-0.0043,0.003,0.0601,0.06,0.06,0.06,0.0600000014528632,no_change,2026-09-15T10:02:24,10.0,100.0
AAPL,2026-11-20,66,Put,460.0,AAPL261120P00460000,126.75,130.65,128.7,0.0,0.0,0.0,0.0,0.0,0.4434,-1.0,0.0,0.0,-0.0381,0.0,128.6951,0.0,0.0,0.0,125.550003051758,no_change,,11.0,1.0
AAPL,2026-11-20,66,Call,470.0,AAPL261120C00470000,0.0,0.12,0.06,0.05,-0.01,-16.6667,4.0,133.0,0.3107,0.0039,0.0003,0.0175,-0.0034,0.0022,0.0447,0.05,0.1,0.05,0.0600000005215406,no_change,2026-09-15T14:56:52,0.0,43.0
AAPL,2026-11-20,66,Put,470.0,AAPL261120P00470000,136.75,140.65,138.7,0.0,0.0,0.0,0.0,0.0,0.4672,-1.0,0.0,0.0,-0.0381,0.0,138.6951,0.0,0.0,0.0,135.550003051758,no_change,,11.0,1.0
AAPL,2026-11-20,66,Call,480.0,AAPL261120C00480000,0.03,0.09,0.06,0.08,0.03,60.0,2.0,714.0,0.3198,0.003,0.0002,0.0139,-0.0027,0.0017,0.0345,0.08,0.08,0.08,0.0500000016763806,up,2026-09-15T14:56:31,1.0,62.0
AAPL,2026-11-20,66,Put,480.0,AAPL261120P00480000,146.75,150.65,148.7,0.0,0.0,0.0,0.0,0.0,0.4845,-1.0,0.0,0.0,-0.0381,0.0,148.6951,0.0,0.0,0.0,145.525001525879,no_change,,11.0,1.0
AAPL,2026-11-20,66,Call,490.0,AAPL261120C00490000,0.01,0.14,0.07500000000000001,0.05,0.0,0.0,0.0,707.0,0.3458,0.0024,0.0002,0.0112,-0.0023,0.0013,0.0272,0.0,0.0,0.0,0.0800000000745058,no_change,2026-09-09T14:46:29,3.0,20.0
AAPL,2026-11-20,66,Put,490.0,AAPL261120P00490000,156.75,160.65,158.7,0.0,0.0,0.0,0.0,0.0,0.5067,-1.0,0.0,0.0,-0.0381,0.0,158.6951,0.0,0.0,0.0,155.550003051758,no_change,,11.0,1.0
AAPL,2026-11-20,66,Call,500.0,AAPL261120C00500000,0.0,0.05,0.025,0.02,-0.005,-20.0,51.0,4514.0,0.3336,0.0019,0.0001,0.0092,-0.0019,0.0011,0.022,0.04,0.04,0.02,0.0249999994412065,no_change,2026-09-15T15:40:11,0.0,14.0
AAPL,2026-11-20,66,Put,500.0,AAPL261120P00500000,167.0,170.65,168.825,0.0,0.0,0.0,0.0,0.0,0.5462,-1.0,0.0,0.0,-0.0381,0.0,168.6951,0.0,0.0,0.0,165.550003051758,no_change,,1.0,1.0
AAPL,2026-11-20,66,Call,510.0,AAPL261120C00510000,0.01,0.29,0.15,0.03,-0.015,-33.3333,3.0,990.0,0.4039,0.0015,0.0001,0.0076,-0.0016,0.0009,0.0181,0.13,0.13,0.03,0.0449999989941716,down,2026-09-15T14:57:29,4.0,90.0
AAPL,2026-11-20,66,Put,510.0,AAPL261120P00510000,177.0,180.65,178.825,0.0,0.0,0.0,0.0,0.0,0.5678,-1.0,0.0,0.0,-0.0381,0.0,178.6951,0.0,0.0,0.0,175.525001525879,no_change,,1.0,1.0
AAPL,2026-11-20,66,Call,520.0,AAPL261120C00520000,0.0,0.48,0.24,0.04,0.0,0.0,0.0,46.0,0.4437,0.0013,0.0001,0.0064,-0.0014,0.0007,0.0151,0.0,0.0,0.0,0.0500000016763806,down,2026-09-14T09:59:43,0.0,11.0
AAPL,2026-11-20,66,Put,520.0,AAPL261120P00520000,186.75,190.65,188.7,0.0,0.0,0.0,0.0,0.0,0.5768,-1.0,0.0,0.0,-0.0381,0.0,188.6951,0.0,0.0,0.0,185.675003051758,no_change,,11.0,1.0
AAPL,2026-11-20,66,Call,530.0,AAPL261120C00530000,0.0,0.51,0.255,0.07,0.0,0.0,0.0,94.0,0.4644,0.0011,0.0001,0.0054,-0.0012,0.0006,0.0127,0.0,0.0,0.0,0.25,no_change,2026-09-14T10:20:18,0.0,67.0
AAPL,2026-11-20,66,Put,530.0,AAPL261120P00530000,196.95,200.7,198.825,0.0,0.0,0.0,0.0,0.0,0.6061,-1.0,0.0,0.0,-0.0381,0.0,198.6951,0.0,0.0,0.0,195.525001525879,no_change,,1.0,11.0
AAPL,2026-11-20,66,Call,540.0,AAPL261120C00540000,0.0,0.52,0.26,0.14,0.0,0.0,0.0,30.0,0.4803,0.0009,0.0001,0.0046,-0.001,0.0005,0.0108,0.0,0.0,0.0,0.0599999986588955,up,2026-09-11T10:08:10,0.0,12.0
AAPL,2026-11-20,66,Put,540.0,AAPL261120P00540000,206.75,210.65,208.7,0.0,0.0,0.0,0.0,0.0,0.6171,-1.0,0.0,0.0,-0.0381,0.0,208.6951,0.0,0.0,0.0,205.525001525879,no_change,,11.0,1.0
AAPL,2026-11-20,66,Call,550.0,AAPL261120C00550000,0.0,0.07,0.035,0.02,-0.24,-92.3077,6.0,31.0,0.4027,0.0008,0.0,0.004,-0.0009,0.0004,0.0092,0.07,0.07,0.02,0.259999990463257,down,2026-09-15T15:00:35,0.0,10.0
AAPL,2026-11-20,66,Put,550.0,AAPL261120P00550000,216.75,220.65,218.7,0.0,0.0,0.0,0.0,0.0,0.6366,-1.0,0.0,0.0,-0.0381,0.0,218.6951,0.0,0.0,0.0,215.825004577637,no_change,,11.0,1.0
AAPL,2026-11-20,66,Call,560.0,AAPL261120C00560000,0.0,0.31,0.155,0.07,-0.185,-72.549,2.0,115.0,0.4813,0.0006,0.0,0.0034,-0.0008,0.0004,0.0079,0.07,0.07,0.07,0.254999995231628,down,2026-09-15T14:58:02,0.0,81.0
AAPL,2026-11-20,66,Put,560.0,AAPL261120P00560000,226.75,230.65,228.7,0.0,0.0,0.0,0.0,0.0,0.6557,-1.0,0.0,0.0,-0.0381,0.0,228.6951,0.0,0.0,0.0,225.575004577637,no_change,,11.0,1.0
AAPL,2026-11-20,66,Call,570.0,AAPL261120C00570000,0.0,0.52,0.26,0.01,0.0,0.0,0.0,37.0,0.5259,0.0006,0.0,0.003,-0.0007,0.0003,0.0069,0.0,0.0,0.0,0.100000001490116,no_change,2026-09-14T15:27:58,0.0,46.0
AAPL,2026-11-20,66,Put,570.0,AAPL261120P00570000,236.75,240.65,238.7,0.0,0.0,0.0,0.0,0.0,0.6744,-1.0,0.0,0.0,-0.0381,0.0,238.6951,0.0,0.0,0.0,235.525001525879,no_change,,11.0,1.0
AAPL,2026-11-20,66,Call,580.0,AAPL261120C00580000,0.0,0.06,0.03,0.03,-0.21,-87.5,8.0,698.0,0.4348,0.0005,0.0,0.0026,-0.0006,0.0003,0.006,0.06,0.06,0.03,0.239999994635582,down,2026-09-15T15:00:26,0.0,1.0
AAPL,2026-11-20,66,Put,580.0,AAPL261120P00580000,247.0,250.65,248.825,0.0,0.0,0.0,0.0,0.0,0.6984,-1.0,0.0,0.0,-0.0381,0.0,248.6951,0.0,0.0,0.0,245.525001525879,no_change,,1.0,1.0
AAPL,2026-11-20,66,Call,590.0,AAPL261120C00590000,0.0,0.52,0.26,0.02,-0.23,-92.0,2.0,54.0,0.5542,0.0004,0.0,0.0023,-0.0006,0.0002,0.0053,0.02,0.02,0.02,0.25,no_change,2026-09-15T14:59:21,0.0,46.0
AAPL,2026-11-20,66,Put,590.0,AAPL261120P00590000,256.75,260.65,258.7,0.0,0.0,0.0,0.0,0.0,0.7106,-1.0,0.0,0.0,-0.0381,0.0,258.6951,0.0,0.0,0.0,255.549995422363,no_change,,11.0,1.0
AAPL,2026-11-20,66,Call,600.0,AAPL261120C00600000,0.0,0.08,0.04,0.01,-0.01,-50.0,10.0,625.0,0.47,0.0004,0.0,0.002,-0.0005,0.0002,0.0046,0.05,0.05,0.01,0.0199999995529652,down,2026-09-15T12:51:23,0.0,20.0
AAPL,2026-11-20,66,Put,600.0,AAPL261120P00600000,266.75,270.65,268.7,0.0,0.0,0.0,0.0,0.0,0.7282,-1.0,0.0,0.0,-0.0381,0.0,268.6951,0.0,0.0,0.0,265.549987792969,no_change,,11.0,1.0
AAPL,2026-12-18,94,Call,5.0,AAPL261218C00005000,324.4,328.25,326.325,308.83,0.0,0.0,0.0,46.0,0.0,1.0,0.0,0.0,0.0,0.0073,326.3515,0.0,0.0,0.0,329.350006103516,up,2026-08-26T14:45:34,11.0,11.0
AAPL,2026-12-18,94,Put,5.0,AAPL261218P00005000,0.0,0.01,0.005,0.01,0.0,0.0,0.0,128.0,2.5106,0.0,0.0,0.0,0.0,0.0,0.0001,0.0,0.0,0.0,0.00999999977648258,down,2026-08-06T10:38:51,0.0,1000.0
AAPL,2026-12-18,94,Call,10.0,AAPL261218C00010000,319.45,323.3,321.375,303.27,0.0,0.0,0.0,0.0,0.0,1.0,0.0,0.0,0.0,0.0149,321.3849,0.0,0.0,0.0,324.574996948242,up,2026-08-07T15:52:50,11.0,11.0
AAPL,2026-12-18,94,Put,10.0,AAPL261218P00010000,0.0,0.01,0.005,0.19,0.0,0.0,0.0,3101.0,2.0635,0.0,0.0,0.0,0.0,0.0,0.0002,0.0,0.0,0.0,0.259999990463257,down,2026-08-05T09:30:02,0.0,1000.0
AAPL,2026-12-18,94,Call,15.0,AAPL261218C00015000,314.45,318.25,316.35,298.33,0.0,0.0,0.0,0.0,0.0,1.0,0.0,0.0,0.0,0.0224,316.4185,0.0,0.0,0.0,319.574996948242,up,2026-08-07T15:52:50,11.0,1.0
AAPL,2026-12-18,94,Put,15.0,AAPL261218P00015000,0.0,0.01,0.005,0.46,0.0,0.0,0.0,640.0,1.8116,0.0,0.0,0.0,0.0,0.0,0.0003,0.0,0.0,0.0,0.259999990463257,no_change,2026-06-30T10:42:33,0.0,1000.0
AAPL,2026-12-18,94,Call,20.0,AAPL261218C00020000,309.5,313.35,311.425,292.93,0.0,0.0,0.0,2.0,0.0,1.0,0.0,0.0,0.0,0.0299,311.4523,0.0,0.0,0.0,314.650009155273,down,2026-08-07T14:06:08,11.0,11.0
AAPL,2026-12-18,94,Put,20.0,AAPL261218P00020000,0.0,0.01,0.005,0.26,0.0,0.0,0.0,3021.0,1.6366,0.0,0.0,0.0001,0.0,0.0,0.0005,0.0,0.0,0.0,0.00499999988824129,no_change,2026-08-05T09:30:48,0.0,1000.0
AAPL,2026-12-18,94,Call,25.0,AAPL261218C00025000,304.55,308.4,306.475,286.17,0.0,0.0,0.0,11.0,0.0,1.0,0.0,0.0,0.0,0.0374,306.4861,0.0,0.0,0.0,309.574996948242,no_change,2026-05-29T13:11:59,11.0,11.0
AAPL,2026-12-18,94,Put,25.0,AAPL261218P00025000,0.0,0.02,0.01,0.01,0.0,0.0,0.0,601.0,1.5795,0.0,0.0,0.0001,-0.0001,0.0,0.0007,0.0,0.0,0.0,0.00499999988824129,down,2026-07-16T14:13:26,0.0,11.0
AAPL,2026-12-18,94,Call,30.0,AAPL261218C00030000,299.55,303.4,301.475,283.62,0.0,0.0,0.0,11.0,0.0,1.0,0.0,0.0001,0.0,0.0449,301.5199,0.0,0.0,0.0,304.699996948242,up,2026-08-07T11:23:46,11.0,11.0
AAPL,2026-12-18,94,Put,30.0,AAPL261218P00030000,0.0,0.02,0.01,0.01,0.0,0.0,0.0,1174.0,1.4655,0.0,0.0,0.0001,-0.0001,0.0,0.001,0.0,0.0,0.0,0.00499999988824129,down,2026-06-23T15:36:51,0.0,1.0
AAPL,2026-12-18,94,Call,35.0,AAPL261218C00035000,294.6,298.45,296.525,266.33,0.0,0.0,0.0,1.0,0.0,1.0,0.0,0.0001,0.0,0.0524,296.5538,0.0,0.0,0.0,299.75,up,2026-06-22T10:33:53,11.0,11.0
AAPL,2026-12-18,94,Put,35.0,AAPL261218P00035000,0.0,0.01,0.005,0.02,0.0,0.0,0.0,1529.0,1.3038,0.0,0.0,0.0002,-0.0001,0.0,0.0013,0.0,0.0,0.0,0.00499999988824129,up,2026-08-11T09:33:07,0.0,1.0
AAPL,2026-12-18,94,Call,40.0,AAPL261218C00040000,289.65,293.5,291.575,269.37,0.0,0.0,0.0,4.0,0.0,1.0,0.0,0.0002,0.0,0.0601,291.5878,0.0,0.0,0.0,294.75,up,2026-08-25T15:26:10,11.0,11.0
AAPL,2026-12-18,94,Put,40.0,AAPL261218P00040000,0.0,0.52,0.26,0.04,0.0,0.0,0.0,330.0,1.7338,0.0,0.0,0.0003,-0.0001,0.0,0.0017,0.0,0.0,0.0,0.125,up,2026-08-31T09:30:02,0.0,46.0
AAPL,2026-12-18,94,Call,45.0,AAPL261218C00045000,284.7,288.55,286.625,254.68,0.0,0.0,0.0,50.0,0.0,1.0,0.0,0.0002,0.0,0.0678,286.622,0.0,0.0,0.0,289.649993896484,up,2026-06-22T14:35:05,11.0,11.0
AAPL,2026-12-18,94,Put,45.0,AAPL261218P00045000,0.0,0.52,0.26,0.12,0.0,0.0,0.0,652.0,1.6557,0.0,0.0,0.0003,-0.0002,0.0,0.0022,0.0,0.0,0.0,0.259999990463257,no_change,2026-07-16T14:24:26,0.0,46.0
AAPL,2026-12-18,94,Call,50.0,AAPL261218C00050000,279.75,283.6,281.675,263.85,0.0,0.0,0.0,2001.0,1.2324,1.0,0.0,0.0004,0.0,0.0759,281.6564,0.0,0.0,0.0,284.824996948242,down,2026-09-09T10:56:32,11.0,11.0
AAPL,2026-12-18,94,Put,50.0,AAPL261218P00050000,0.0,0.02,0.01,0.01,0.0,0.0,0.0,7640.0,1.1517,-0.0001,0.0,0.0004,-0.0002,-0.0001,0.0027,0.0,0.0,0.0,0.00999999977648258,no_change,2026-08-24T15:56:28,0.0,23.0
AAPL,2026-12-18,94,Call,60.0,AAPL261218C00060000,269.85,273.7,271.775,247.25,0.0,0.0,0.0,262.0,1.2236,0.9999,0.0,0.0007,0.0,0.1402,271.7353,0.0,0.0,0.0,274.800003051758,up,2026-08-11T10:27:27,11.0,11.0
AAPL,2026-12-18,94,Put,60.0,AAPL261218P00060000,0.0,0.01,0.005,0.01,0.0,0.0,0.0,3908.0,0.9915,-0.0001,0.0,0.0007,-0.0003,-0.0001,0.004,0.0,0.0,0.0,0.00499999988824129,no_change,2026-09-10T12:39:23,0.0,1.0
AAPL,2026-12-18,94,Call,70.0,AAPL261218C00070000,260.0,263.8,261.9,237.58,0.0,0.0,0.0,2374.0,1.1316,0.9998,0.0,0.001,0.0,0.1836,261.8525,0.0,0.0,0.0,264.924987792969,no_change,2026-08-10T12:05:13,11.0,1.0
AAPL,2026-12-18,94,Put,70.0,AAPL261218P00070000,0.0,0.03,0.015,0.01,0.0,0.0,0.0,435.0,0.9786,-0.0001,0.0,0.001,-0.0004,-0.0001,0.0058,0.0,0.0,0.0,0.0149999996647239,down,2026-09-01T10:03:08,0.0,1.0
AAPL,2026-12-18,94,Call,80.0,AAPL261218C00080000,250.1,253.95,252.02499999999998,234.77,0.0,0.0,0.0,367.0,1.0076,0.9997,0.0,0.0014,0.0,0.2101,251.9749,0.0,0.0,0.0,255.075004577637,up,2026-08-31T13:32:44,12.0,11.0
AAPL,2026-12-18,94,Put,80.0,AAPL261218P00080000,0.0,0.03,0.015,0.01,0.0,0.0,0.0,3441.0,0.8964,-0.0002,0.0,0.0014,-0.0006,-0.0002,0.0081,0.0,0.0,0.0,0.0149999996647239,no_change,2026-08-03T13:56:44,0.0,1.0
AAPL,2026-12-18,94,Call,85.0,AAPL261218C00085000,245.15,248.85,247.0,228.7,0.0,0.0,0.0,605.0,0.0,0.9996,0.0,0.0016,0.0,0.2232,247.0363,0.0,0.0,0.0,250.099998474121,down,2026-08-06T15:44:31,11.0,1.0
AAPL,2026-12-18,94,Put,85.0,AAPL261218P00085000,0.0,0.03,0.015,0.09,0.0,0.0,0.0,229.0,0.8591,-0.0003,0.0,0.0016,-0.0007,-0.0002,0.0094,0.0,0.0,0.0,0.0149999996647239,down,2026-06-23T10:53:20,0.0,1.0
AAPL,2026-12-18,94,Call,90.0,AAPL261218C00090000,240.15,244.05,242.10000000000002,236.72,0.0,0.0,0.0,477.0,1.0632,0.9996,0.0,0.0019,0.0,0.2362,242.0979,0.0,0.0,0.0,245.150001525879,down,2026-09-02T13:17:18,11.0,20.0
AAPL,2026-12-18,94,Put,90.0,AAPL261218P00090000,0.0,0.08,0.04,0.03,0.0,0.0,0.0,1774.0,0.9045,-0.0003,0.0,0.0019,-0.0008,-0.0003,0.011,0.0,0.0,0.0,0.0850000008940697,down,2026-08-14T14:53:54,0.0,12.0
AAPL,2026-12-18,94,Call,95.0,AAPL261218C00095000,235.25,239.1,237.175,211.1,0.0,0.0,0.0,100.0,0.8819,0.9995,0.0,0.0023,0.0,0.2493,237.1598,0.0,0.0,0.0,240.200004577637,down,2026-08-03T15:41:05,11.0,11.0
AAPL,2026-12-18,94,Put,95.0,AAPL261218P00095000,0.0,0.03,0.015,0.01,-0.005,-33.3333,5.0,2535.0,0.791,-0.0004,0.0,0.0023,-0.0009,-0.0003,0.0128,0.02,0.02,0.01,0.0149999996647239,down,2026-09-15T15:36:49,0.0,1.0
AAPL,2026-12-18,94,Call,100.0,AAPL261218C00100000,230.35,234.15,232.25,236.44,0.0,0.0,0.0,3253.0,0.8308,0.9995,0.0,0.0026,0.0,0.2624,232.2218,0.0,0.0,0.0,235.5,up,2026-09-11T11:31:14,84.0,11.0
AAPL,2026-12-18,94,Put,100.0,AAPL261218P00100000,0.0,0.01,0.005,0.01,0.0,0.0,0.0,1818.0,0.7008,-0.0004,0.0,0.0026,-0.001,-0.0004,0.0148,0.0,0.0,0.0,0.00499999988824129,no_change,2026-09-09T11:37:16,0.0,6.0
AAPL,2026-12-18,94,Call,105.0,AAPL261218C00105000,225.4,229.1,227.25,200.97,0.0,0.0,0.0,175.0,0.0,0.9994,0.0,0.0031,0.0,0.2754,227.2841,0.0,0.0,0.0,230.550003051758,down,2026-08-13T15:51:32,9.0,1.0
AAPL,2026-12-18,94,Put,105.0,AAPL261218P00105000,0.0,0.2,0.1,0.03,0.0,0.0,0.0,1844.0,0.8665,-0.0005,0.0,0.0031,-0.0011,-0.0005,0.0171,0.0,0.0,0.0,0.109999999403954,down,2026-08-28T11:47:57,0.0,22.0
AAPL,2026-12-18,94,Call,110.0,AAPL261218C00110000,220.45,224.3,222.375,233.0,0.0,0.0,0.0,523.0,0.7262,0.9993,0.0,0.0036,0.0,0.2884,222.3468,0.0,0.0,0.0,225.400001525879,up,2026-07-29T13:00:56,38.0,11.0
AAPL,2026-12-18,94,Put,110.0,AAPL261218P00110000,0.0,0.04,0.02,0.04,0.02,100.0,5.0,2068.0,0.718,-0.0006,0.0,0.0036,-0.0012,-0.0005,0.0196,0.04,0.04,0.01,0.0199999995529652,up,2026-09-15T12:14:54,0.0,1.0
AAPL,2026-12-18,94,Call,115.0,AAPL261218C00115000,215.5,219.35,217.425,191.17,0.0,0.0,0.0,330.0,0.7295,0.9992,0.0,0.0041,0.0,0.3015,217.4097,0.0,0.0,0.0,220.650001525879,down,2026-08-13T15:51:32,23.0,12.0
AAPL,2026-12-18,94,Put,115.0,AAPL261218P00115000,0.0,0.41,0.205,0.03,0.0,0.0,0.0,1400.0,0.8681,-0.0007,0.0,0.0041,-0.0014,-0.0006,0.0226,0.0,0.0,0.0,0.215000003576279,no_change,2026-09-08T11:45:32,0.0,24.0
AAPL,2026-12-18,94,Call,120.0,AAPL261218C00120000,210.55,214.25,212.4,213.99,0.0,0.0,0.0,1311.0,0.0,0.9991,0.0,0.0048,0.0,0.3145,212.4731,0.0,0.0,0.0,215.724998474121,no_change,2026-09-11T15:04:58,11.0,1.0
AAPL,2026-12-18,94,Put,120.0,AAPL261218P00120000,0.01,0.05,0.030000000000000002,0.02,0.0,0.0,0.0,1572.0,0.6871,-0.0008,0.0,0.0048,-0.0016,-0.0007,0.0259,0.0,0.0,0.0,0.0149999996647239,no_change,2026-09-04T11:50:05,40.0,1.0
AAPL,2026-12-18,94,Call,125.0,AAPL261218C00125000,205.6,209.45,207.52499999999998,209.31,0.0,0.0,0.0,460.0,0.6824,0.999,0.0,0.0055,0.0,0.3275,207.5369,0.0,0.0,0.0,210.800003051758,no_change,2026-09-11T15:07:38,12.0,12.0
AAPL,2026-12-18,94,Put,125.0,AAPL261218P00125000,0.0,0.27,0.135,0.04,0.0,0.0,0.0,3289.0,0.7662,-0.001,0.0,0.0055,-0.0018,-0.0008,0.0296,0.0,0.0,0.0,0.00999999977648258,up,2026-09-08T09:46:46,0.0,10.0
AAPL,2026-12-18,94,Call,130.0,AAPL261218C00130000,200.7,204.5,202.6,184.95,0.0,0.0,0.0,1382.0,0.6406,0.9988,0.0,0.0063,0.0,0.3405,202.6012,0.0,0.0,0.0,205.650001525879,down,2026-09-09T10:55:26,105.0,12.0
AAPL,2026-12-18,94,Put,130.0,AAPL261218P00130000,0.0,0.08,0.04,0.05,0.0,0.0,0.0,1210.0,0.6522,-0.0011,0.0,0.0063,-0.002,-0.001,0.0339,0.0,0.0,0.0,0.0399999991059303,up,2026-09-04T09:43:04,0.0,10.0
AAPL,2026-12-18,94,Call,135.0,AAPL261218C00135000,195.75,199.6,197.675,181.46,0.0,0.0,0.0,696.0,0.5968,0.9986,0.0,0.0072,0.0,0.3534,197.6661,0.0,0.0,0.0,200.700004577637,no_change,2026-08-27T13:58:47,47.0,34.0
AAPL,2026-12-18,94,Put,135.0,AAPL261218P00135000,0.01,0.1,0.055,0.11,0.03,37.5,5.0,2508.0,0.6465,-0.0013,0.0,0.0073,-0.0022,-0.0011,0.0388,0.13,0.13,0.06,0.0800000028684735,down,2026-09-15T10:23:09,1.0,12.0
AAPL,2026-12-18,94,Call,140.0,AAPL261218C00140000,190.8,194.65,192.72500000000002,194.33,0.0,0.0,0.0,1084.0,0.6003,0.9984,0.0,0.0083,0.0,0.3663,192.7317,0.0,0.0,0.0,195.849998474121,no_change,2026-09-11T15:04:58,128.0,12.0
AAPL,2026-12-18,94,Put,140.0,AAPL261218P00140000,0.01,0.09,0.049999999999999996,0.05,-0.005,-9.09091,3.0,1352.0,0.6163,-0.0015,0.0,0.0083,-0.0025,-0.0013,0.0443,0.06,0.06,0.01,0.0550000006332994,up,2026-09-15T10:23:05,1.0,14.0
AAPL,2026-12-18,94,Call,145.0,AAPL261218C00145000,185.85,189.7,187.77499999999998,189.48,0.0,0.0,0.0,444.0,0.5614,0.9982,0.0,0.0095,0.0,0.3792,187.7981,0.0,0.0,0.0,190.949996948242,no_change,2026-09-11T15:07:38,45.0,12.0
AAPL,2026-12-18,94,Put,145.0,AAPL261218P00145000,0.0,0.2,0.1,0.06,0.0,0.0,0.0,1079.0,0.6357,-0.0017,0.0001,0.0095,-0.0028,-0.0015,0.0507,0.0,0.0,0.0,0.0799999982118606,down,2026-09-10T14:01:43,0.0,21.0
AAPL,2026-12-18,94,Call,150.0,AAPL261218C00150000,180.95,184.75,182.85,186.21,0.0,0.0,0.0,414.0,0.5615,0.9979,0.0001,0.0109,0.0,0.3921,182.8654,0.0,0.0,0.0,186.125,no_change,2026-09-14T13:00:24,85.0,12.0
AAPL,2026-12-18,94,Put,150.0,AAPL261218P00150000,0.01,0.13,0.07,0.08,0.0,0.0,0.0,2179.0,0.5892,-0.002,0.0001,0.0109,-0.0031,-0.0018,0.058,0.0,0.0,0.0,0.0599999995902181,down,2026-09-14T13:50:18,1.0,46.0
AAPL,2026-12-18,94,Call,155.0,AAPL261218C00155000,176.0,179.8,177.9,172.08,0.0,0.0,0.0,254.0,0.5265,0.9976,0.0001,0.0125,0.0,0.4049,177.9339,0.0,0.0,0.0,181.050003051758,up,2026-09-01T13:30:07,10.0,10.0
AAPL,2026-12-18,94,Put,155.0,AAPL261218P00155000,0.0,0.06,0.03,0.06,0.0,0.0,0.0,763.0,0.5227,-0.0023,0.0001,0.0126,-0.0034,-0.0021,0.0666,0.0,0.0,0.0,0.0549999997019768,no_change,2026-09-14T13:50:03,0.0,5.0
AAPL,2026-12-18,94,Call,160.0,AAPL261218C00160000,171.5,173.8,172.65,176.11,0.0,0.0,0.0,450.0,0.0,0.9972,0.0001,0.0143,0.0,0.4177,173.0038,0.0,0.0,0.0,176.474998474121,up,2026-09-14T09:55:06,10.0,10.0
AAPL,2026-12-18,94,Put,160.0,AAPL261218P00160000,0.01,0.12,0.065,0.07,0.0,0.0,0.0,3006.0,0.5405,-0.0027,0.0001,0.0144,-0.0039,-0.0024,0.0765,0.0,0.0,0.0,0.0649999985471368,no_change,2026-09-10T10:23:32,40.0,2.0
AAPL,2026-12-18,94,Call,165.0,AAPL261218C00165000,166.15,169.8,167.97500000000002,166.86,-4.64,-2.70554,19.0,524.0,0.0,0.9968,0.0001,0.0164,0.0,0.4304,168.0753,166.86,166.86,166.86,171.5,up,2026-09-15T10:27:29,38.0,13.0
AAPL,2026-12-18,94,Put,165.0,AAPL261218P00165000,0.05,0.13,0.09,0.09,0.0,0.0,0.0,1909.0,0.5405,-0.0031,0.0001,0.0164,-0.0043,-0.0028,0.0879,0.0,0.0,0.0,0.0950000006705522,no_change,2026-09-10T13:50:14,3.0,10.0
AAPL,2026-12-18,94,Call,170.0,AAPL261218C00170000,161.2,165.05,163.125,166.25,0.0,0.0,0.0,925.0,0.5081,0.9963,0.0001,0.0188,0.0,0.4431,163.1487,0.0,0.0,0.0,166.300003051758,up,2026-09-14T12:08:22,139.0,3.0
AAPL,2026-12-18,94,Put,170.0,AAPL261218P00170000,0.05,0.11,0.08,0.06,-0.02,-25.0,555.0,2745.0,0.5096,-0.0037,0.0001,0.019,-0.0048,-0.0032,0.1014,0.1,0.17,0.06,0.0800000000745058,no_change,2026-09-15T15:29:08,49.0,12.0
AAPL,2026-12-18,94,Call,175.0,AAPL261218C00175000,156.3,160.1,158.2,161.51,0.0,0.0,0.0,733.0,0.4972,0.9957,0.0001,0.0216,0.0,0.4556,158.2244,0.0,0.0,0.0,161.399993896484,up,2026-09-11T13:23:24,70.0,3.0
AAPL,2026-12-18,94,Put,175.0,AAPL261218P00175000,0.05,0.11,0.08,0.11,-0.01,-8.33333,55.0,2455.0,0.4893,-0.0043,0.0001,0.0218,-0.0054,-0.0038,0.1172,0.1,0.12,0.09,0.119999997317791,no_change,2026-09-15T15:29:08,6.0,20.0
AAPL,2026-12-18,94,Call,180.0,AAPL261218C00180000,151.35,155.05,153.2,156.4,0.0,0.0,0.0,744.0,0.4294,0.9949,0.0002,0.0248,0.0,0.4681,153.3027,0.0,0.0,0.0,156.75,up,2026-09-14T13:15:34,166.0,1.0
AAPL,2026-12-18,94,Put,180.0,AAPL261218P00180000,0.07,0.19,0.13,0.11,0.0,0.0,0.0,3366.0,0.4954,-0.005,0.0002,0.0249,-0.0061,-0.0044,0.1356,0.0,0.0,0.0,0.129999998956919,no_change,2026-09-11T10:02:23,16.0,60.0
AAPL,2026-12-18,94,Call,185.0,AAPL261218C00185000,146.45,150.25,148.35,150.13,0.0,0.0,0.0,947.0,0.4722,0.9941,0.0002,0.0285,0.0,0.4804,148.3841,0.0,0.0,0.0,151.550003051758,no_change,2026-09-11T15:07:38,2.0,4.0
AAPL,2026-12-18,94,Put,185.0,AAPL261218P00185000,0.08,0.22,0.15,0.14,0.0,0.0,0.0,1845.0,0.4832,-0.0058,0.0002,0.0286,-0.0069,-0.0052,0.1571,0.0,0.0,0.0,0.145000003278255,down,2026-09-11T11:03:03,122.0,145.0
AAPL,2026-12-18,94,Call,190.0,AAPL261218C00190000,141.95,144.7,143.325,144.5,-2.15,-1.46607,2.0,614.0,0.3996,0.9931,0.0002,0.0327,0.0,0.4926,143.469,144.5,144.5,144.5,146.649993896484,down,2026-09-15T09:40:23,113.0,59.0
AAPL,2026-12-18,94,Put,190.0,AAPL261218P00190000,0.11,0.25,0.18,0.16,0.0,0.0,0.0,2728.0,0.4737,-0.0068,0.0002,0.0331,-0.0077,-0.006,0.1821,0.0,0.0,0.0,0.175000000745058,up,2026-09-14T12:58:56,25.0,79.0
AAPL,2026-12-18,94,Call,195.0,AAPL261218C00195000,136.6,140.45,138.52499999999998,135.55,0.0,0.0,0.0,1120.0,0.4533,0.992,0.0003,0.0376,0.0,0.5047,138.5581,0.0,0.0,0.0,141.699996948242,up,2026-09-11T09:31:01,160.0,3.0
AAPL,2026-12-18,94,Put,195.0,AAPL261218P00195000,0.13,0.28,0.20500000000000002,0.2,0.0,0.0,0.0,1749.0,0.4614,-0.008,0.0003,0.0377,-0.0087,-0.007,0.2113,0.0,0.0,0.0,0.205000005662441,up,2026-09-14T12:19:42,85.0,19.0
AAPL,2026-12-18,94,Call,200.0,AAPL261218C00200000,132.75,135.35,134.05,133.02,-4.08,-2.97593,50.0,8912.0,0.521,0.9906,0.0003,0.043,0.0,0.5166,133.6519,133.02,133.02,133.02,137.100006103516,down,2026-09-15T15:53:21,11.0,11.0
AAPL,2026-12-18,94,Put,200.0,AAPL261218P00200000,0.19,0.29,0.24,0.24,0.01,4.34783,42.0,12070.0,0.4506,-0.0093,0.0003,0.0432,-0.0097,-0.0082,0.245,0.27,0.27,0.24,0.229999996721745,down,2026-09-15T14:20:46,76.0,76.0
AAPL,2026-12-18,94,Call,205.0,AAPL261218C00205000,126.8,130.6,128.7,130.39,0.0,0.0,0.0,176.0,0.4298,0.9891,0.0004,0.0493,0.0,0.5282,128.7511,0.0,0.0,0.0,131.875,no_change,2026-09-11T15:07:38,11.0,4.0
AAPL,2026-12-18,94,Put,205.0,AAPL261218P00205000,0.23,0.37,0.3,0.28,0.015,5.66038,32.0,843.0,0.4445,-0.0109,0.0004,0.0498,-0.0109,-0.0096,0.285,0.29,0.35,0.26,0.264999993145466,no_change,2026-09-15T14:10:44,29.0,111.0
AAPL,2026-12-18,94,Call,210.0,AAPL261218C00210000,121.9,125.35,123.625,126.28,0.0,0.0,0.0,5600.0,0.369,0.9873,0.0004,0.0564,0.0,0.5397,123.8567,0.0,0.0,0.0,126.974998474121,up,2026-09-14T14:07:32,89.0,1.0
AAPL,2026-12-18,94,Put,210.0,AAPL261218P00210000,0.28,0.39,0.335,0.37,0.035,10.4478,21.0,3695.0,0.4315,-0.0127,0.0004,0.0568,-0.0122,-0.0112,0.3311,0.35,0.39,0.35,0.334999993443489,no_change,2026-09-15T12:14:15,10.0,10.0
AAPL,2026-12-18,94,Call,215.0,AAPL261218C00215000,117.9,120.5,119.2,117.57,-4.605,-3.76918,120.0,771.0,0.4527,0.9852,0.0005,0.0644,0.0,0.5508,118.9696,118.55,118.55,117.54,122.174999237061,up,2026-09-15T10:27:31,3.0,2.0
AAPL,2026-12-18,94,Put,215.0,AAPL261218P00215000,0.32,0.48,0.4,0.38,0.015,4.10959,7.0,1447.0,0.423,-0.0149,0.0005,0.0648,-0.0136,-0.013,0.3844,0.39,0.39,0.38,0.364999994635582,no_change,2026-09-15T12:10:44,10.0,21.0
AAPL,2026-12-18,94,Call,220.0,AAPL261218C00220000,113.2,115.65,114.42500000000001,112.78,-4.195,-3.58624,160.0,3068.0,0.4501,0.9827,0.0006,0.0734,0.0,0.5617,114.0908,113.63,113.63,112.68,116.974998474121,up,2026-09-15T12:19:43,11.0,1.0
AAPL,2026-12-18,94,Put,220.0,AAPL261218P00220000,0.38,0.51,0.445,0.49,0.035,7.69231,57.0,7539.0,0.41,-0.0174,0.0006,0.0744,-0.0153,-0.0153,0.4481,0.48,0.51,0.48,0.454999998211861,no_change,2026-09-15T12:10:44,30.0,68.0
AAPL,2026-12-18,94,Call,225.0,AAPL261218C00225000,107.65,110.9,109.275,108.73,-3.745,-3.32963,134.0,375.0,0.4068,0.9799,0.0007,0.0838,0.0,0.5721,109.222,108.65,108.89,107.98,112.474998474121,no_change,2026-09-15T10:01:43,1.0,16.0
AAPL,2026-12-18,94,Put,225.0,AAPL261218P00225000,0.47,0.59,0.53,0.58,0.06,11.5385,6.0,3903.0,0.4017,-0.0203,0.0007,0.0846,-0.017,-0.0178,0.5208,0.56,0.58,0.56,0.519999995827675,up,2026-09-15T11:16:00,23.0,72.0
AAPL,2026-12-18,94,Call,230.0,AAPL261218C00230000,103.25,105.85,104.55,103.93,-3.87,-3.58998,134.0,4790.0,0.4093,0.9765,0.0008,0.0952,-0.0026,0.5821,104.365,103.75,104.05,103.12,107.799999237061,no_change,2026-09-15T10:01:43,216.0,124.0
AAPL,2026-12-18,94,Put,230.0,AAPL261218P00230000,0.57,0.67,0.62,0.64,0.05,8.47458,98.0,8978.0,0.3924,-0.0236,0.0008,0.0959,-0.0189,-0.0206,0.6022,0.66,0.68,0.63,0.590000003576279,no_change,2026-09-15T15:34:49,26.0,19.0
AAPL,2026-12-18,94,Call,235.0,AAPL261218C00235000,97.95,101.2,99.575,97.72,-4.555,-4.45368,1.0,580.0,0.386,0.9727,0.001,0.1083,-0.0055,0.5916,99.5219,97.72,97.72,97.72,102.274997711182,down,2026-09-15T10:49:22,95.0,175.0
AAPL,2026-12-18,94,Put,235.0,AAPL261218P00235000,0.65,0.76,0.7050000000000001,0.69,0.0,0.0,0.0,3433.0,0.3814,-0.0276,0.001,0.1096,-0.021,-0.024,0.7001,0.0,0.0,0.0,0.680000007152557,no_change,2026-09-14T11:10:03,2.0,2.0
AAPL,2026-12-18,94,Call,240.0,AAPL261218C00240000,93.4,96.35,94.875,92.82,-5.33,-5.43046,3.0,5326.0,0.386,0.9681,0.0011,0.123,-0.0085,0.6005,94.6958,92.9,92.9,92.82,98.1499977111816,no_change,2026-09-15T11:52:06,121.0,65.0
AAPL,2026-12-18,94,Put,240.0,AAPL261218P00240000,0.75,0.89,0.8200000000000001,0.83,0.02,2.46914,27.0,11036.0,0.3719,-0.0322,0.0012,0.124,-0.0233,-0.028,0.8157,0.89,0.89,0.83,0.810000002384186,down,2026-09-15T14:39:02,115.0,187.0
AAPL,2026-12-18,94,Call,245.0,AAPL261218C00245000,88.3,91.55,89.925,88.85,-4.375,-4.69295,1.0,436.0,0.3651,0.9628,0.0013,0.1395,-0.0118,0.6086,89.8902,88.85,88.85,88.85,93.2249984741211,down,2026-09-15T15:27:11,147.0,167.0
AAPL,2026-12-18,94,Put,245.0,AAPL261218P00245000,0.84,1.02,0.9299999999999999,0.98,0.005,0.512821,70.0,3640.0,0.3608,-0.0376,0.0013,0.1406,-0.0259,-0.0327,0.9516,1.0,1.02,0.96,0.974999994039536,no_change,2026-09-15T14:35:01,108.0,116.0
AAPL,2026-12-18,94,Call,250.0,AAPL261218C00250000,83.5,86.8,85.15,84.0,-4.6,-5.19187,61.0,14972.0,0.3564,0.9565,0.0015,0.1583,-0.0154,0.6159,85.1092,83.66,84.5,83.45,88.5999984741211,down,2026-09-15T15:24:08,157.0,84.0
AAPL,2026-12-18,94,Put,250.0,AAPL261218P00250000,1.05,1.14,1.095,1.14,0.01,0.884956,24.0,26974.0,0.3527,-0.0439,0.0016,0.1597,-0.0287,-0.0381,1.1115,1.19,1.19,1.11,1.12999999523163,down,2026-09-15T15:36:49,48.0,16.0
AAPL,2026-12-18,94,Call,255.0,AAPL261218C00255000,79.3,81.15,80.225,79.75,-3.825,-4.57672,29.0,4679.0,0.3374,0.9492,0.0018,0.1792,-0.0192,0.622,80.3588,78.67,79.75,78.67,83.5749969482422,up,2026-09-15T13:59:40,185.0,108.0
AAPL,2026-12-18,94,Put,255.0,AAPL261218P00255000,1.26,1.37,1.315,1.3,-0.01,-0.763359,78.0,6810.0,0.3459,-0.0515,0.0018,0.1808,-0.0319,-0.0445,1.307,1.38,1.39,1.3,1.31000000238419,down,2026-09-15T15:57:13,49.0,43.0
AAPL,2026-12-18,94,Call,260.0,AAPL261218C00260000,74.6,76.75,75.675,74.94,-4.16,-5.25916,9.0,7177.0,0.3388,0.9405,0.0021,0.2027,-0.0234,0.627,75.6451,74.8,74.94,74.05,79.0999984741211,up,2026-09-15T14:19:41,200.0,169.0
AAPL,2026-12-18,94,Put,260.0,AAPL261218P00260000,1.47,1.6,1.5350000000000001,1.6,0.06,3.89611,78.0,13591.0,0.3372,-0.0602,0.0021,0.2053,-0.0354,-0.0519,1.5347,1.64,1.64,1.59,1.53999996185303,up,2026-09-15T14:34:42,34.0,34.0
AAPL,2026-12-18,94,Call,265.0,AAPL261218C00265000,69.9,71.95,70.92500000000001,69.82,-4.48,-6.02961,1.0,2537.0,0.3272,0.9303,0.0024,0.229,-0.0279,0.6304,70.9764,69.82,69.82,69.82,74.2999992370606,down,2026-09-15T10:07:50,99.0,15.0
AAPL,2026-12-18,94,Put,265.0,AAPL261218P00265000,1.74,1.92,1.83,1.93,0.16,9.03955,1.0,5148.0,0.3303,-0.0706,0.0024,0.231,-0.0392,-0.0608,1.811,1.93,1.93,1.93,1.76999998092651,up,2026-09-15T11:42:12,12.0,15.0
AAPL,2026-12-18,94,Call,270.0,AAPL261218C00270000,65.95,67.4,66.67500000000001,65.82,-3.28,-4.74675,116.0,7209.0,0.3343,0.9183,0.0028,0.2578,-0.0327,0.6323,66.3617,64.88,65.82,64.75,69.1000022888184,up,2026-09-15T15:53:21,9.0,192.0
AAPL,2026-12-18,94,Put,270.0,AAPL261218P00270000,2.1,2.19,2.145,2.13,0.005,0.235294,65.0,8666.0,0.3225,-0.0827,0.0028,0.2606,-0.0433,-0.0708,2.1379,2.3,2.3,2.13,2.125,down,2026-09-15T15:57:13,32.0,41.0
AAPL,2026-12-18,94,Call,275.0,AAPL261218C00275000,60.75,62.85,61.8,60.56,-4.04,-6.25387,56.0,2311.0,0.3149,0.9044,0.0032,0.2899,-0.0378,0.6321,61.8116,61.15,61.15,60.03,64.6000022888184,no_change,2026-09-15T13:27:51,172.0,104.0
AAPL,2026-12-18,94,Put,275.0,AAPL261218P00275000,2.41,2.64,2.5250000000000004,2.65,0.165,6.63984,38.0,8239.0,0.3148,-0.0971,0.0032,0.2926,-0.0478,-0.0829,2.5388,2.7,2.75,2.57,2.48500001430511,down,2026-09-15T15:26:16,91.0,110.0
AAPL,2026-12-18,94,Call,280.0,AAPL261218C00280000,56.55,58.5,57.525,56.74,-3.435,-5.70835,4.0,6871.0,0.3147,0.8881,0.0036,0.324,-0.0432,0.6298,57.3387,56.3,56.74,55.5,60.1749992370606,up,2026-09-15T12:32:48,128.0,144.0
AAPL,2026-12-18,94,Put,280.0,AAPL261218P00280000,2.92,3.1,3.01,3.0,0.095,3.27022,55.0,19254.0,0.309,-0.1134,0.0037,0.3271,-0.0525,-0.0964,3.0063,3.3,3.3,3.0,2.90499997138977,down,2026-09-15T15:54:40,88.0,105.0
AAPL,2026-12-18,94,Call,285.0,AAPL261218C00285000,52.05,53.35,52.7,51.52,-4.38,-7.83542,11.0,2332.0,0.2955,0.8693,0.0042,0.3611,-0.0489,0.6248,52.9558,52.5,52.5,51.52,55.8999996185303,no_change,2026-09-15T12:08:02,67.0,7.0
AAPL,2026-12-18,94,Put,285.0,AAPL261218P00285000,3.45,3.7,3.575,3.8,0.4,11.7647,29.0,3245.0,0.3029,-0.1326,0.0042,0.3641,-0.0576,-0.1122,3.5733,3.89,3.89,3.59,3.39999997615814,up,2026-09-15T15:13:20,101.0,104.0
AAPL,2026-12-18,94,Call,290.0,AAPL261218C00290000,47.6,49.35,48.475,47.82,-4.055,-7.81687,23.0,14568.0,0.292,0.8478,0.0047,0.3995,-0.0547,0.6174,48.678,48.15,48.15,47.32,51.875,up,2026-09-15T12:17:52,261.0,126.0
AAPL,2026-12-18,94,Put,290.0,AAPL261218P00290000,4.2,4.35,4.275,4.3,0.275,6.8323,511.0,7708.0,0.2979,-0.1546,0.0048,0.4037,-0.0628,-0.1298,4.246,4.5,4.55,4.3,4.02499997615814,down,2026-09-15T15:54:42,80.0,91.0
AAPL,2026-12-18,94,Call,295.0,AAPL261218C00295000,43.45,44.95,44.2,43.56,-3.84,-8.10126,211.0,3429.0,0.2844,0.8234,0.0053,0.4396,-0.0605,0.6068,44.5205,43.0,43.83,42.8,47.3999996185303,down,2026-09-15T14:28:05,75.0,30.0
AAPL,2026-12-18,94,Put,295.0,AAPL261218P00295000,4.95,5.15,5.050000000000001,5.2,0.425,8.90052,396.0,4628.0,0.292,-0.1796,0.0054,0.443,-0.0681,-0.1499,5.0437,5.4,5.4,5.2,4.77500009536743,down,2026-09-15T15:47:01,64.0,101.0
AAPL,2026-12-18,94,Call,300.0,AAPL261218C00300000,40.15,41.0,40.575,40.85,-2.075,-4.83401,1397.0,24330.0,0.2885,0.7959,0.0058,0.4794,-0.0663,0.5934,40.4998,39.56,40.85,38.36,42.9249992370606,up,2026-09-15T15:56:42,22.0,144.0
AAPL,2026-12-18,94,Put,300.0,AAPL261218P00300000,5.85,6.1,5.975,6.0,0.3,5.26316,219.0,17584.0,0.2867,-0.2079,0.006,0.485,-0.0733,-0.1731,5.9848,6.5,6.5,6.0,5.70000004768372,no_change,2026-09-15T15:54:40,102.0,67.0
AAPL,2026-12-18,94,Call,305.0,AAPL261218C00305000,36.15,37.05,36.599999999999994,35.95,-3.225,-8.23229,225.0,5019.0,0.2817,0.7653,0.0064,0.5189,-0.0718,0.5766,36.6325,36.65,36.65,35.1,39.1749992370606,down,2026-09-15T15:06:25,31.0,28.0
AAPL,2026-12-18,94,Put,305.0,AAPL261218P00305000,6.9,7.2,7.050000000000001,7.42,0.745,11.161,166.0,4054.0,0.2819,-0.2391,0.0066,0.5229,-0.0782,-0.1964,7.0746,7.55,7.58,7.1,6.67500019073486,down,2026-09-15T15:12:36,86.0,85.0
AAPL,2026-12-18,94,Call,310.0,AAPL261218C00310000,32.4,33.15,32.775,33.08,-2.345,-6.61962,126.0,6966.0,0.2752,0.7317,0.007,0.5561,-0.0768,0.5568,32.9346,32.35,33.08,30.7,35.4249992370606,no_change,2026-09-15T15:55:53,170.0,20.0
AAPL,2026-12-18,94,Put,310.0,AAPL261218P00310000,8.2,8.5,8.35,8.35,0.475,6.03175,256.0,12448.0,0.278,-0.2739,0.0072,0.5603,-0.0829,-0.2228,8.3513,8.85,9.3,8.35,7.875,down,2026-09-15T15:59:08,90.0,65.0
AAPL,2026-12-18,94,Call,315.0,AAPL261218C00315000,28.4,29.95,29.174999999999997,28.35,-3.6,-11.2676,135.0,4476.0,0.2702,0.695,0.0076,0.5901,-0.0813,0.5338,29.4007,28.85,29.5,27.75,31.9500007629394,down,2026-09-15T13:17:51,144.0,32.0
AAPL,2026-12-18,94,Put,315.0,AAPL261218P00315000,9.65,9.95,9.8,9.8,0.45,4.81284,276.0,2575.0,0.274,-0.3113,0.0078,0.5937,-0.0869,-0.2492,9.804,10.35,10.45,9.8,9.34999990463257,down,2026-09-15T15:59:00,78.0,77.0
AAPL,2026-12-18,94,Call,320.0,AAPL261218C00320000,25.15,26.55,25.85,26.5,-1.7,-6.02837,116.0,10621.0,0.2664,0.6558,0.0081,0.6197,-0.0851,0.5078,26.09,26.2,26.5,24.85,28.1999998092651,up,2026-09-15T15:54:50,164.0,113.0
AAPL,2026-12-18,94,Put,320.0,AAPL261218P00320000,11.35,11.7,11.524999999999999,11.5,0.625,5.74713,560.0,2873.0,0.271,-0.3521,0.0083,0.6225,-0.0902,-0.2781,11.4818,12.64,12.64,11.43,10.875,up,2026-09-15T15:59:14,60.0,89.0
AAPL,2026-12-18,94,Call,325.0,AAPL261218C00325000,22.3,23.75,23.025,22.4,-2.85,-11.2871,66.0,6660.0,0.2674,0.6144,0.0085,0.6431,-0.0879,0.4797,22.9936,22.9,22.9,21.76,25.25,down,2026-09-15T15:28:34,80.0,77.0
AAPL,2026-12-18,94,Put,325.0,AAPL261218P00325000,13.25,13.55,13.4,13.9,1.275,10.099,92.0,2813.0,0.2673,-0.395,0.0088,0.6454,-0.0926,-0.3076,13.3718,14.0,14.2,13.35,12.625,no_change,2026-09-15T15:32:17,74.0,77.0
AAPL,2026-12-18,94,Call,330.0,AAPL261218C00330000,19.9,20.45,20.174999999999997,20.2,-1.925,-8.70057,247.0,18232.0,0.2646,0.5712,0.0088,0.66,-0.0897,0.4489,20.1218,18.91,20.55,18.91,22.125,down,2026-09-15T15:56:48,58.0,56.0
AAPL,2026-12-18,94,Put,330.0,AAPL261218P00330000,15.3,15.7,15.5,15.52,0.895,6.11966,295.0,1741.0,0.2653,-0.4401,0.0092,0.6596,-0.0941,-0.3338,15.4967,16.5,16.5,15.3,14.625,down,2026-09-15T15:59:57,39.0,48.0
AAPL,2026-12-18,94,Call,335.0,AAPL261218C00335000,17.3,17.6,17.450000000000003,17.7,-1.625,-8.4088,411.0,7257.0,0.2604,0.5268,0.009,0.669,-0.0904,0.4168,17.4823,16.25,17.7,16.25,19.3249998092651,up,2026-09-15T15:54:50,57.0,21.0
AAPL,2026-12-18,94,Put,335.0,AAPL261218P00335000,17.75,18.1,17.925,18.45,1.45,8.52941,876.0,1232.0,0.2618,-0.4866,0.0094,0.6661,-0.0945,-0.3598,17.8652,18.4,19.02,18.22,17.0,down,2026-09-15T15:48:39,73.0,79.0
AAPL,2026-12-18,94,Call,340.0,AAPL261218C00340000,14.95,15.25,15.1,14.5,-2.25,-13.4328,191.0,14264.0,0.2586,0.4818,0.0091,0.6699,-0.0899,0.3835,15.0808,13.9,15.2,13.9,16.75,up,2026-09-15T15:32:21,26.0,34.0
AAPL,2026-12-18,94,Put,340.0,AAPL261218P00340000,20.35,20.75,20.55,21.1,1.725,8.90323,47.0,777.0,0.2594,-0.534,0.0096,0.6633,-0.0938,-0.3823,20.4818,21.1,21.55,20.9,19.375,down,2026-09-15T15:43:48,67.0,84.0
AAPL,2026-12-18,94,Call,345.0,AAPL261218C00345000,12.8,13.05,12.925,12.65,-1.825,-12.6079,89.0,6246.0,0.2562,0.4369,0.0091,0.6624,-0.0884,0.3494,12.9167,12.74,12.8,12.1,14.4749999046326,no_change,2026-09-15T15:29:26,50.0,48.0
AAPL,2026-12-18,94,Put,345.0,AAPL261218P00345000,22.8,23.75,23.275,23.95,1.825,8.24859,13.0,343.0,0.2549,-0.5816,0.0097,0.6512,-0.0922,-0.4018,23.3508,24.5,24.5,23.95,22.125,down,2026-09-15T14:10:04,91.0,84.0
AAPL,2026-12-18,94,Call,350.0,AAPL261218C00350000,10.85,11.1,10.975,11.01,-1.415,-11.3883,884.0,23796.0,0.2539,0.3929,0.009,0.6471,-0.0857,0.3158,10.987,10.8,11.19,9.53,12.4250001907349,down,2026-09-15T15:57:16,92.0,16.0
AAPL,2026-12-18,94,Put,350.0,AAPL261218P00350000,26.0,27.4,26.7,27.35,2.35,9.4,29.0,829.0,0.2581,-0.6285,0.0096,0.6294,-0.0895,-0.4152,26.4513,28.0,28.0,27.27,25.0,no_change,2026-09-15T15:43:07,13.0,40.0
AAPL,2026-12-18,94,Call,360.0,AAPL261218C00360000,7.7,7.95,7.825,7.6,-1.4,-15.5556,405.0,16730.0,0.2515,0.3098,0.0083,0.595,-0.0779,0.2507,7.7963,7.4,8.0,7.1,9.0,up,2026-09-15T15:52:45,51.0,74.0
AAPL,2026-12-18,94,Put,360.0,AAPL261218P00360000,33.0,34.6,33.8,34.47,3.045,9.68974,1.0,320.0,0.2581,-0.7191,0.0092,0.5588,-0.0817,-0.4222,33.4053,34.47,34.47,34.47,31.4250001907349,up,2026-09-15T15:42:49,32.0,14.0
AAPL,2026-12-18,94,Call,370.0,AAPL261218C00370000,5.35,5.55,5.449999999999999,5.35,-1.05,-16.4063,651.0,8149.0,0.2498,0.2366,0.0073,0.5224,-0.0676,0.1926,5.405,5.41,5.45,5.01,6.40000009536743,down,2026-09-15T15:58:34,63.0,83.0
AAPL,2026-12-18,94,Put,370.0,AAPL261218P00370000,40.1,42.3,41.2,42.15,3.275,8.42444,7.0,67.0,0.2481,-0.8014,0.0084,0.4603,-0.0719,-0.3979,41.2375,42.4,42.4,42.15,38.875,no_change,2026-09-15T15:29:53,111.0,77.0
AAPL,2026-12-18,94,Call,380.0,AAPL261218C00380000,3.55,3.75,3.65,3.55,-0.85,-19.3182,2239.0,11401.0,0.2473,0.1757,0.0062,0.4401,-0.0563,0.1436,3.6741,3.5,3.75,3.35,4.40000009536743,no_change,2026-09-15T15:52:13,108.0,33.0
AAPL,2026-12-18,94,Put,380.0,AAPL261218P00380000,48.25,50.8,49.525,51.0,3.75,7.93651,20.0,51.0,0.2382,-0.8735,0.0075,0.3408,-0.061,-0.3194,49.8212,51.1,51.2,50.65,47.25,up,2026-09-15T15:21:07,121.0,77.0
AAPL,2026-12-18,94,Call,390.0,AAPL261218C00390000,2.37,2.55,2.46,2.43,-0.585,-19.403,244.0,2610.0,0.2476,0.1274,0.005,0.3575,-0.0453,0.1044,2.4585,2.4,2.5,2.29,3.01499998569488,up,2026-09-15T15:54:08,109.0,42.0
AAPL,2026-12-18,94,Put,390.0,AAPL261218P00390000,57.6,60.05,58.825,55.94,0.0,0.0,0.0,1.0,0.2356,-0.9343,0.0065,0.2093,-0.0529,-0.219,59.0205,0.0,0.0,0.0,56.125,down,2026-09-11T10:53:59,11.0,11.0
AAPL,2026-12-18,94,Call,400.0,AAPL261218C00400000,1.58,1.7,1.6400000000000001,1.64,-0.375,-18.6104,573.0,10957.0,0.2482,0.0905,0.0039,0.2816,-0.0353,0.0743,1.6265,1.7,1.7,1.5,2.01499998569489,up,2026-09-15T15:59:45,173.0,124.0
AAPL,2026-12-18,94,Put,400.0,AAPL261218P00400000,66.85,70.7,68.775,66.91,0.0,0.0,0.0,50.0,0.0,-0.9813,0.0048,0.0729,-0.0365,-0.0467,68.6998,0.0,0.0,0.0,65.625,down,2026-09-11T13:44:02,3.0,3.0
AAPL,2026-12-18,94,Call,410.0,AAPL261218C00410000,1.04,1.12,1.08,1.05,-0.325,-23.6364,292.0,1808.0,0.2494,0.0635,0.003,0.2165,-0.027,0.0521,1.0694,1.0,1.09,1.0,1.375,no_change,2026-09-15T15:59:07,51.0,39.0
AAPL,2026-12-18,94,Put,410.0,AAPL261218P00410000,76.8,80.65,78.725,95.59,0.0,0.0,0.0,0.0,0.2806,-1.0,0.0,0.0,-0.0544,0.0,78.6951,0.0,0.0,0.0,75.5249977111816,down,2026-07-08T13:55:06,3.0,1.0
AAPL,2026-12-18,94,Call,420.0,AAPL261218C00420000,0.64,0.75,0.6950000000000001,0.68,-0.225,-24.8619,3.0,4619.0,0.2499,0.0442,0.0022,0.1637,-0.0203,0.0362,0.704,0.71,0.71,0.64,0.905000001192093,up,2026-09-15T10:14:21,110.0,63.0
AAPL,2026-12-18,94,Put,420.0,AAPL261218P00420000,86.8,90.65,88.725,109.21,0.0,0.0,0.0,0.0,0.3051,-1.0,0.0,0.0,-0.0544,0.0,88.6951,0.0,0.0,0.0,85.5,down,2026-08-20T15:57:49,11.0,1.0
AAPL,2026-12-18,94,Call,430.0,AAPL261218C00430000,0.42,0.5,0.45999999999999996,0.46,-0.135,-22.6891,45.0,4668.0,0.2525,0.0305,0.0016,0.1219,-0.015,0.025,0.4631,0.46,0.46,0.45,0.594999998807907,up,2026-09-15T13:29:28,157.0,63.0
AAPL,2026-12-18,94,Put,430.0,AAPL261218P00430000,97.0,100.65,98.825,0.0,0.0,0.0,0.0,0.0,0.3378,-1.0,0.0,0.0,-0.0544,0.0,98.6951,0.0,0.0,0.0,95.5750007629394,no_change,,1.0,1.0
AAPL,2026-12-18,94,Call,440.0,AAPL261218C00440000,0.28,0.33,0.30500000000000005,0.3,-0.085,-22.0779,5.0,542.0,0.255,0.0213,0.0012,0.0908,-0.0112,0.0174,0.3101,0.31,0.32,0.3,0.385000005364418,down,2026-09-15T15:48:55,68.0,21.0
AAPL,2026-12-18,94,Put,440.0,AAPL261218P00440000,106.8,110.65,108.725,197.3,0.0,0.0,0.0,0.0,0.3515,-1.0,0.0,0.0,-0.0544,0.0,108.6951,0.0,0.0,0.0,105.575000762939,up,2025-01-03T10:21:54,12.0,1.0
AAPL,2026-12-18,94,Call,450.0,AAPL261218C00450000,0.18,0.24,0.21,0.24,-0.015,-5.88235,7.0,8670.0,0.2589,0.015,0.0009,0.0679,-0.0084,0.0122,0.2118,0.22,0.24,0.21,0.255000002682209,up,2026-09-15T13:34:03,108.0,74.0
AAPL,2026-12-18,94,Put,450.0,AAPL261218P00450000,116.8,120.65,118.725,176.02,0.0,0.0,0.0,0.0,0.3736,-1.0,0.0,0.0,-0.0544,0.0,118.6951,0.0,0.0,0.0,115.700000762939,up,2025-12-15T13:20:00,11.0,1.0
AAPL,2026-12-18,94,Call,460.0,AAPL261218C00460000,0.05,0.2,0.125,0.14,-0.035,-20.0,1.0,587.0,0.258,0.0108,0.0006,0.0513,-0.0064,0.0088,0.1482,0.14,0.14,0.14,0.175000004470348,down,2026-09-15T10:00:47,27.0,53.0
AAPL,2026-12-18,94,Put,460.0,AAPL261218P00460000,126.8,130.7,128.75,185.84,0.0,0.0,0.0,0.0,0.395,-1.0,0.0,0.0,-0.0544,0.0,128.6951,0.0,0.0,0.0,125.700000762939,up,2025-12-15T13:20:00,11.0,11.0
AAPL,2026-12-18,94,Call,470.0,AAPL261218C00470000,0.01,0.16,0.085,0.13,0.0,0.0,0.0,7687.0,0.2614,0.0079,0.0005,0.0394,-0.0049,0.0064,0.1068,0.0,0.0,0.0,0.110000003129244,down,2026-09-14T11:42:00,245.0,76.0
AAPL,2026-12-18,94,Put,470.0,AAPL261218P00470000,137.0,140.65,138.825,0.0,0.0,0.0,0.0,0.0,0.4264,-1.0,0.0,0.0,-0.0544,0.0,138.6951,0.0,0.0,0.0,135.525001525879,no_change,,1.0,1.0
AAPL,2026-12-18,94,Call,480.0,AAPL261218C00480000,0.0,0.09,0.045,0.07,-0.005,-6.66667,10.0,2679.0,0.2582,0.006,0.0004,0.0307,-0.0039,0.0048,0.0793,0.07,0.08,0.07,0.0750000001862645,down,2026-09-15T11:10:07,0.0,11.0
AAPL,2026-12-18,94,Put,480.0,AAPL261218P00480000,146.8,150.65,148.72500000000002,0.0,0.0,0.0,0.0,0.0,0.436,-1.0,0.0,0.0,-0.0544,0.0,148.6951,0.0,0.0,0.0,145.825004577637,no_change,,11.0,1.0
AAPL,2026-12-18,94,Call,490.0,AAPL261218C00490000,0.04,0.11,0.075,0.06,-0.005,-7.69231,2.0,458.0,0.2854,0.0046,0.0003,0.0245,-0.0031,0.0037,0.0608,0.05,0.06,0.05,0.0649999994784594,up,2026-09-15T11:15:59,5.0,24.0
AAPL,2026-12-18,94,Put,490.0,AAPL261218P00490000,156.95,160.65,158.8,0.0,0.0,0.0,0.0,0.0,0.4637,-1.0,0.0,0.0,-0.0544,0.0,158.6951,0.0,0.0,0.0,155.525001525879,no_change,,1.0,1.0
AAPL,2026-12-18,94,Call,500.0,AAPL261218C00500000,0.01,0.09,0.049999999999999996,0.06,-0.035,-36.8421,2.0,774.0,0.2868,0.0036,0.0002,0.0199,-0.0026,0.0029,0.0479,0.09,0.09,0.06,0.09500000346452,down,2026-09-15T14:41:37,120.0,34.0
AAPL,2026-12-18,94,Put,500.0,AAPL261218P00500000,166.8,170.65,168.72500000000002,0.0,0.0,0.0,0.0,0.0,0.4748,-1.0,0.0,0.0,-0.0544,0.0,168.6951,0.0,0.0,0.0,165.450004577637,no_change,,11.0,1.0
AAPL,2026-12-18,94,Call,510.0,AAPL261218C00510000,0.01,0.33,0.17,0.14,-0.015,-9.67742,3.0,159.0,0.3409,0.0029,0.0002,0.0164,-0.0022,0.0024,0.0386,0.17,0.17,0.07,0.155000005848706,up,2026-09-15T14:41:26,5.0,36.0
AAPL,2026-12-18,94,Put,510.0,AAPL261218P00510000,176.8,180.65,178.72500000000002,0.0,0.0,0.0,0.0,0.0,0.4936,-1.0,0.0,0.0,-0.0544,0.0,178.6951,0.0,0.0,0.0,175.700004577637,no_change,,11.0,1.0
AAPL,2026-12-18,94,Call,520.0,AAPL261218C00520000,0.01,0.06,0.034999999999999996,0.03,0.0,0.0,0.0,539.0,0.3014,0.0024,0.0001,0.0137,-0.0018,0.0019,0.0317,0.0,0.0,0.0,0.0449999989941716,down,2026-09-14T15:12:31,3.0,2.0
AAPL,2026-12-18,94,Put,520.0,AAPL261218P00520000,186.8,190.65,188.72500000000002,0.0,0.0,0.0,0.0,0.0,0.5118,-1.0,0.0,0.0,-0.0544,0.0,188.6951,0.0,0.0,0.0,185.700004577637,no_change,,11.0,1.0
AAPL,2026-12-18,94,Call,530.0,AAPL261218C00530000,0.0,0.04,0.02,0.02,0.0,0.0,0.0,2837.0,0.2982,0.002,0.0001,0.0117,-0.0016,0.0016,0.0266,0.0,0.0,0.0,0.0350000001490116,down,2026-09-14T14:00:48,0.0,175.0
AAPL,2026-12-18,94,Put,530.0,AAPL261218P00530000,196.8,200.7,198.75,0.0,0.0,0.0,0.0,0.0,0.5297,-1.0,0.0,0.0,-0.0544,0.0,198.6951,0.0,0.0,0.0,195.525001525879,no_change,,11.0,11.0
AAPL,2026-12-18,94,Call,540.0,AAPL261218C00540000,0.01,0.11,0.06,0.03,0.0,0.0,0.0,31.0,0.3409,0.0017,0.0001,0.01,-0.0014,0.0014,0.0226,0.0,0.0,0.0,0.0300000002607703,up,2026-09-14T12:58:59,3.0,1.0
AAPL,2026-12-18,94,Put,540.0,AAPL261218P00540000,206.8,210.7,208.75,0.0,0.0,0.0,0.0,0.0,0.5472,-1.0,0.0,0.0,-0.0544,0.0,208.6951,0.0,0.0,0.0,205.575004577637,no_change,,11.0,11.0
AAPL,2026-12-18,94,Call,550.0,AAPL261218C00550000,0.0,0.05,0.025,0.01,0.0,0.0,0.0,76.0,0.3257,0.0014,0.0001,0.0087,-0.0012,0.0012,0.0194,0.0,0.0,0.0,0.025000000372529,down,2026-09-09T11:27:18,0.0,1.0
AAPL,2026-12-18,94,Put,550.0,AAPL261218P00550000,216.8,220.7,218.75,0.0,0.0,0.0,0.0,0.0,0.5642,-1.0,0.0,0.0,-0.0544,0.0,218.6951,0.0,0.0,0.0,215.525001525879,no_change,,11.0,11.0
AAPL,2026-12-18,94,Call,560.0,AAPL261218C00560000,0.0,0.52,0.26,0.12,0.0,0.0,0.0,113.0,0.4258,0.0012,0.0001,0.0076,-0.0011,0.001,0.0168,0.0,0.0,0.0,0.0949999988079071,up,2026-09-04T09:43:47,0.0,30.0
AAPL,2026-12-18,94,Put,560.0,AAPL261218P00560000,227.0,230.7,228.85,0.0,0.0,0.0,0.0,0.0,0.5857,-1.0,0.0,0.0,-0.0544,0.0,228.6951,0.0,0.0,0.0,225.700004577637,no_change,,1.0,11.0
AAPL,2026-12-18,94,Call,570.0,AAPL261218C00570000,0.0,0.19,0.095,0.02,0.0,0.0,0.0,20.0,0.3918,0.0011,0.0001,0.0066,-0.001,0.0009,0.0147,0.0,0.0,0.0,0.0900000035762787,down,2026-09-14T10:05:45,0.0,21.0
AAPL,2026-12-18,94,Put,570.0,AAPL261218P00570000,236.8,240.7,238.75,0.0,0.0,0.0,0.0,0.0,0.5974,-1.0,0.0,0.0,-0.0544,0.0,238.6951,0.0,0.0,0.0,235.575004577637,no_change,,11.0,11.0
AAPL,2026-12-18,94,Call,580.0,AAPL261218C00580000,0.0,0.52,0.26,0.02,0.0,0.0,0.0,5.0,0.4503,0.0009,0.0001,0.0058,-0.0009,0.0008,0.0129,0.0,0.0,0.0,0.25,down,2026-09-04T12:28:30,0.0,10.0
AAPL,2026-12-18,94,Put,580.0,AAPL261218P00580000,246.8,250.7,248.75,0.0,0.0,0.0,0.0,0.0,0.6082,-1.0,0.0,0.0,-0.0544,0.0,248.6951,0.0,0.0,0.0,245.700004577637,no_change,,11.0,11.0
AAPL,2026-12-18,94,Call,590.0,AAPL261218C00590000,0.0,0.53,0.265,0.02,0.0,0.0,0.0,174.0,0.463,0.0008,0.0,0.0052,-0.0008,0.0007,0.0115,0.0,0.0,0.0,0.25,down,2026-09-08T15:58:41,0.0,46.0
AAPL,2026-12-18,94,Put,590.0,AAPL261218P00590000,256.8,260.7,258.75,0.0,0.0,0.0,0.0,0.0,0.6292,-1.0,0.0,0.0,-0.0544,0.0,258.6951,0.0,0.0,0.0,255.825004577637,no_change,,11.0,11.0
AAPL,2026-12-18,94,Call,600.0,AAPL261218C00600000,0.0,0.03,0.015,0.03,0.0,0.0,0.0,1433.0,0.3614,0.0007,0.0,0.0046,-0.0007,0.0006,0.0102,0.0,0.0,0.0,0.0149999996647239,no_change,2026-09-14T09:30:09,0.0,99.0
AAPL,2026-12-18,94,Put,600.0,AAPL261218P00600000,266.8,270.7,268.75,0.0,0.0,0.0,0.0,0.0,0.6446,-1.0,0.0,0.0,-0.0544,0.0,268.6951,0.0,0.0,0.0,265.524993896484,no_change,,11.0,11.0
AAPL,2027-01-15,122,Call,5.0,AAPL270115C00005000,324.4,328.2,326.29999999999995,308.05,0.0,0.0,0.0,8.0,0.0,1.0,0.0,0.0,0.0,0.0075,326.3919,0.0,0.0,0.0,329.350006103516,up,2026-08-26T14:16:02,11.0,1.0
AAPL,2027-01-15,122,Put,5.0,AAPL270115P00005000,0.0,0.01,0.005,0.01,0.0,0.0,0.0,1699.0,2.2061,0.0,0.0,0.0,0.0,0.0,0.0001,0.0,0.0,0.0,0.00499999988824129,no_change,2026-09-04T09:30:00,0.0,1000.0
AAPL,2027-01-15,122,Call,10.0,AAPL270115C00010000,319.45,323.3,321.375,296.34,0.0,0.0,0.0,1.0,0.0,1.0,0.0,0.0,0.0,0.015,321.4256,0.0,0.0,0.0,324.399993896484,down,2026-08-14T09:56:40,11.0,11.0
AAPL,2027-01-15,122,Put,10.0,AAPL270115P00010000,0.0,0.04,0.02,0.2,0.0,0.0,0.0,143.0,2.0209,0.0,0.0,0.0,0.0,0.0,0.0003,0.0,0.0,0.0,0.259999990463257,up,2026-08-05T09:30:02,0.0,30.0
AAPL,2027-01-15,122,Call,15.0,AAPL270115C00015000,314.5,318.35,316.425,289.93,0.0,0.0,0.0,11.0,0.0,1.0,0.0,0.0,0.0,0.0224,316.4593,0.0,0.0,0.0,319.449996948242,down,2026-08-13T15:54:15,11.0,11.0
AAPL,2027-01-15,122,Put,15.0,AAPL270115P00015000,0.0,0.52,0.26,0.09,0.0,0.0,0.0,90.0,2.3148,0.0,0.0,0.0001,0.0,0.0,0.0005,0.0,0.0,0.0,0.00499999988824129,up,2026-08-05T09:38:00,0.0,39.0
AAPL,2027-01-15,122,Call,20.0,AAPL270115C00020000,309.55,313.4,311.475,286.39,0.0,0.0,0.0,12.0,1.5693,1.0,0.0,0.0,0.0,0.03,311.4931,0.0,0.0,0.0,314.5,up,2026-08-14T09:56:40,11.0,11.0
AAPL,2027-01-15,122,Put,20.0,AAPL270115P00020000,0.0,0.02,0.01,0.27,0.0,0.0,0.0,3434.0,1.5127,0.0,0.0,0.0001,-0.0001,0.0,0.0008,0.0,0.0,0.0,0.00499999988824129,no_change,2026-08-05T09:30:48,0.0,1.0
AAPL,2027-01-15,122,Call,25.0,AAPL270115C00025000,304.65,308.45,306.54999999999995,172.1,0.0,0.0,0.0,0.0,1.5394,1.0,0.0,0.0,0.0,0.0375,306.527,0.0,0.0,0.0,309.699996948242,up,2025-05-23T13:36:45,11.0,1.0
AAPL,2027-01-15,122,Put,25.0,AAPL270115P00025000,0.0,0.14,0.07,0.01,0.0,0.0,0.0,3415.0,1.3887,0.0,0.0,0.0002,-0.0001,0.0,0.0011,0.0,0.0,0.0,0.00999999977648258,no_change,2026-06-23T15:57:01,0.0,1.0
AAPL,2027-01-15,122,Call,30.0,AAPL270115C00030000,299.7,303.55,301.625,277.3,0.0,0.0,0.0,4.0,1.5784,1.0,0.0,0.0002,0.0,0.0461,301.5612,0.0,0.0,0.0,304.75,up,2026-08-10T11:49:09,11.0,11.0
AAPL,2027-01-15,122,Put,30.0,AAPL270115P00030000,0.0,0.52,0.26,0.03,0.0,0.0,0.0,46.0,1.7611,0.0,0.0,0.0002,-0.0001,0.0,0.0015,0.0,0.0,0.0,0.259999990463257,up,2025-11-07T11:25:28,0.0,40.0
AAPL,2027-01-15,122,Call,35.0,AAPL270115C00035000,294.8,298.6,296.70000000000005,270.14,0.0,0.0,0.0,5.0,1.4697,1.0,0.0,0.0004,0.0,0.0935,296.603,0.0,0.0,0.0,299.75,up,2026-08-13T15:49:00,11.0,1.0
AAPL,2027-01-15,122,Put,35.0,AAPL270115P00035000,0.0,0.52,0.26,0.02,0.0,0.0,0.0,128.0,1.6437,0.0,0.0,0.0003,-0.0001,0.0,0.002,0.0,0.0,0.0,0.259999990463257,no_change,2026-04-09T11:36:12,0.0,40.0
AAPL,2027-01-15,122,Call,40.0,AAPL270115C00040000,289.85,293.7,291.775,218.8,0.0,0.0,0.0,39.0,1.4213,1.0,0.0,0.0004,0.0,0.1341,291.6741,0.0,0.0,0.0,294.900009155273,up,2026-04-09T11:52:31,11.0,11.0
AAPL,2027-01-15,122,Put,40.0,AAPL270115P00040000,0.0,0.02,0.01,0.02,0.0,0.0,0.0,1024.0,1.1325,0.0,0.0,0.0004,-0.0002,-0.0001,0.0026,0.0,0.0,0.0,0.00499999988824129,no_change,2026-09-11T15:34:48,0.0,1.0
AAPL,2027-01-15,122,Call,45.0,AAPL270115C00045000,284.95,288.55,286.75,213.4,0.0,0.0,0.0,2.0,0.8893,1.0,0.0,0.0006,0.0,0.153,286.7528,0.0,0.0,0.0,289.899993896484,up,2025-10-09T09:39:11,11.0,1.0
AAPL,2027-01-15,122,Put,45.0,AAPL270115P00045000,0.0,0.52,0.26,0.05,0.0,0.0,0.0,80.0,1.4562,-0.0001,0.0,0.0005,-0.0002,-0.0001,0.0033,0.0,0.0,0.0,0.259999990463257,down,2026-08-11T09:30:01,0.0,41.0
AAPL,2027-01-15,122,Call,50.0,AAPL270115C00050000,280.0,283.85,281.925,279.83,0.0,0.0,0.0,120.0,1.2647,0.9999,0.0,0.0007,0.0,0.17,281.8321,0.0,0.0,0.0,285.074996948242,up,2026-09-03T13:02:37,11.0,11.0
AAPL,2027-01-15,122,Put,50.0,AAPL270115P00050000,0.0,0.05,0.025,0.01,0.0,0.0,0.0,2799.0,1.0887,-0.0001,0.0,0.0007,-0.0002,-0.0001,0.0041,0.0,0.0,0.0,0.025000000372529,down,2026-09-10T10:09:58,0.0,18.0
AAPL,2027-01-15,122,Call,60.0,AAPL270115C00060000,270.15,273.8,271.975,239.0,0.0,0.0,0.0,131.0,0.9442,0.9999,0.0,0.001,0.0,0.204,271.9912,0.0,0.0,0.0,275.25,down,2026-06-23T09:30:01,11.0,1.0
AAPL,2027-01-15,122,Put,60.0,AAPL270115P00060000,0.0,0.02,0.01,0.02,0.005,33.3333,4.0,1246.0,0.9163,-0.0001,0.0,0.001,-0.0003,-0.0002,0.006,0.02,0.02,0.02,0.0149999996647239,up,2026-09-15T10:15:26,0.0,11.0
AAPL,2027-01-15,122,Call,70.0,AAPL270115C00070000,260.3,264.15,262.225,222.74,0.0,0.0,0.0,139.0,1.0288,0.9998,0.0,0.0015,0.0,0.2378,262.1508,0.0,0.0,0.0,265.300003051758,down,2026-06-10T09:31:15,11.0,11.0
AAPL,2027-01-15,122,Put,70.0,AAPL270115P00070000,0.0,0.18,0.09,0.03,0.0,0.0,0.0,189.0,1.0097,-0.0002,0.0,0.0015,-0.0005,-0.0002,0.0085,0.0,0.0,0.0,0.0900000035762787,down,2026-08-21T15:43:15,0.0,3.0
AAPL,2027-01-15,122,Call,80.0,AAPL270115C00080000,250.45,254.25,252.35,233.3,0.0,0.0,0.0,283.0,0.9095,0.9997,0.0,0.0021,0.0,0.2716,252.3112,0.0,0.0,0.0,255.450004577637,up,2026-08-24T12:18:26,11.0,1.0
AAPL,2027-01-15,122,Put,80.0,AAPL270115P00080000,0.0,0.05,0.025,0.03,0.0,0.0,0.0,871.0,0.835,-0.0003,0.0,0.0021,-0.0006,-0.0004,0.0117,0.0,0.0,0.0,0.0300000002607703,up,2026-09-11T10:41:55,0.0,3.0
AAPL,2027-01-15,122,Call,85.0,AAPL270115C00085000,245.55,249.4,247.47500000000002,245.95,0.0,0.0,0.0,116.0,0.916,0.9997,0.0,0.0025,0.0,0.2886,247.3918,0.0,0.0,0.0,250.5,up,2026-09-03T12:47:23,11.0,11.0
AAPL,2027-01-15,122,Put,85.0,AAPL270115P00085000,0.0,0.1,0.05,0.02,0.0,0.0,0.0,351.0,0.8377,-0.0004,0.0,0.0025,-0.0007,-0.0004,0.0137,0.0,0.0,0.0,0.0900000035762787,down,2026-09-02T10:55:14,0.0,3.0
AAPL,2027-01-15,122,Call,90.0,AAPL270115C00090000,240.6,244.2,242.39999999999998,241.5,-4.1,-1.66938,3.0,276.0,0.0,0.9996,0.0,0.0029,0.0,0.3055,242.4725,241.5,241.5,241.5,245.599998474121,up,2026-09-15T13:43:28,11.0,1.0
AAPL,2027-01-15,122,Put,90.0,AAPL270115P00090000,0.0,0.08,0.04,0.04,0.0,0.0,0.0,1757.0,0.7962,-0.0004,0.0,0.003,-0.0008,-0.0005,0.0159,0.0,0.0,0.0,0.0850000008940697,no_change,2026-09-11T12:54:53,0.0,2.0
AAPL,2027-01-15,122,Call,95.0,AAPL270115C00095000,235.7,239.55,237.625,214.43,0.0,0.0,0.0,28.0,0.8387,0.9995,0.0,0.0034,0.0,0.3223,237.5536,0.0,0.0,0.0,240.650001525879,down,2026-08-21T10:13:04,11.0,11.0
AAPL,2027-01-15,122,Put,95.0,AAPL270115P00095000,0.0,0.1,0.05,0.09,0.0,0.0,0.0,929.0,0.7719,-0.0005,0.0,0.0035,-0.0009,-0.0006,0.0184,0.0,0.0,0.0,0.215000003576279,no_change,2026-09-11T12:53:10,0.0,1.0
AAPL,2027-01-15,122,Call,100.0,AAPL270115C00100000,230.75,234.65,232.7,225.72,0.0,0.0,0.0,598.0,0.8031,0.9994,0.0,0.004,0.0,0.3392,232.635,0.0,0.0,0.0,235.824996948242,up,2026-09-10T14:29:38,11.0,11.0
AAPL,2027-01-15,122,Put,100.0,AAPL270115P00100000,0.01,0.05,0.030000000000000002,0.03,0.0,0.0,0.0,3196.0,0.7083,-0.0006,0.0,0.004,-0.001,-0.0007,0.0212,0.0,0.0,0.0,0.0300000002607703,up,2026-09-11T12:53:26,10.0,17.0
AAPL,2027-01-15,122,Call,105.0,AAPL270115C00105000,225.85,229.7,227.77499999999998,210.05,0.0,0.0,0.0,89.0,0.7694,0.9993,0.0,0.0046,0.0,0.3561,227.7168,0.0,0.0,0.0,230.824996948242,up,2026-08-07T15:44:17,11.0,11.0
AAPL,2027-01-15,122,Put,105.0,AAPL270115P00105000,0.0,0.22,0.11,0.03,-0.085,-73.913,1.0,1534.0,0.7745,-0.0007,0.0,0.0046,-0.0012,-0.0008,0.0244,0.03,0.03,0.03,0.114999999292195,down,2026-09-15T12:44:39,0.0,237.0
AAPL,2027-01-15,122,Call,110.0,AAPL270115C00110000,220.9,224.8,222.85000000000002,205.23,0.0,0.0,0.0,219.0,0.7372,0.9992,0.0,0.0053,0.0,0.3729,222.7989,0.0,0.0,0.0,226.025001525879,no_change,2026-09-09T12:26:45,11.0,11.0
AAPL,2027-01-15,122,Put,110.0,AAPL270115P00110000,0.01,0.06,0.034999999999999996,0.04,-0.035,-46.6667,6.0,791.0,0.6634,-0.0008,0.0,0.0054,-0.0013,-0.0009,0.028,0.07,0.07,0.03,0.0750000001862645,down,2026-09-15T11:40:42,1.0,3.0
AAPL,2027-01-15,122,Call,115.0,AAPL270115C00115000,216.0,219.85,217.925,195.83,0.0,0.0,0.0,100.0,0.7065,0.9991,0.0,0.0061,0.0,0.3897,217.8816,0.0,0.0,0.0,221.024993896484,up,2026-06-05T15:42:29,11.0,11.0
AAPL,2027-01-15,122,Put,115.0,AAPL270115P00115000,0.01,0.06,0.034999999999999996,0.06,-0.125,-67.5676,8.0,774.0,0.6379,-0.0009,0.0,0.0062,-0.0015,-0.0011,0.0321,0.17,0.17,0.04,0.185000007040799,down,2026-09-15T12:44:26,40.0,1.0
AAPL,2027-01-15,122,Call,120.0,AAPL270115C00120000,211.1,214.95,213.02499999999998,187.21,0.0,0.0,0.0,494.0,0.6772,0.9989,0.0,0.0071,0.0,0.4065,212.9648,0.0,0.0,0.0,216.049995422363,no_change,2026-08-13T10:27:34,11.0,11.0
AAPL,2027-01-15,122,Put,120.0,AAPL270115P00120000,0.0,0.07,0.035,0.04,0.005,14.2857,1.0,3089.0,0.6136,-0.0011,0.0,0.0071,-0.0016,-0.0013,0.0367,0.04,0.04,0.04,0.0350000001490116,up,2026-09-15T11:02:40,0.0,31.0
AAPL,2027-01-15,122,Call,125.0,AAPL270115C00125000,206.15,210.0,208.075,195.65,0.0,0.0,0.0,334.0,0.6491,0.9988,0.0,0.0081,0.0,0.4233,208.0486,0.0,0.0,0.0,211.5,down,2026-09-10T10:01:07,11.0,11.0
AAPL,2027-01-15,122,Put,125.0,AAPL270115P00125000,0.01,0.09,0.049999999999999996,0.04,-0.085,-68.0,15.0,849.0,0.61,-0.0013,0.0,0.0081,-0.0018,-0.0015,0.042,0.14,0.14,0.04,0.124999997206032,down,2026-09-15T13:08:47,1.0,12.0
AAPL,2027-01-15,122,Call,130.0,AAPL270115C00130000,201.25,205.1,203.175,203.45,0.0,0.0,0.0,479.0,0.6221,0.9986,0.0,0.0093,0.0,0.44,203.1331,0.0,0.0,0.0,206.550003051758,up,2026-09-11T15:52:21,12.0,12.0
AAPL,2027-01-15,122,Put,130.0,AAPL270115P00130000,0.0,0.26,0.13,0.12,0.03,33.3333,15.0,4929.0,0.6469,-0.0015,0.0,0.0093,-0.002,-0.0017,0.048,0.03,0.12,0.03,0.0900000035762787,up,2026-09-15T15:44:50,0.0,48.0
AAPL,2027-01-15,122,Call,135.0,AAPL270115C00135000,196.3,200.0,198.15,184.42,0.0,0.0,0.0,1576.0,0.4965,0.9983,0.0,0.0106,0.0,0.4567,198.2185,0.0,0.0,0.0,201.375,up,2026-08-20T10:58:22,12.0,1.0
AAPL,2027-01-15,122,Put,135.0,AAPL270115P00135000,0.01,0.09,0.049999999999999996,0.04,-0.045,-52.9412,10.0,1584.0,0.5646,-0.0017,0.0,0.0107,-0.0023,-0.002,0.0549,0.09,0.09,0.04,0.084999998100102,no_change,2026-09-15T15:47:49,1.0,1.0
AAPL,2027-01-15,122,Call,140.0,AAPL270115C00140000,191.4,195.25,193.325,179.61,0.0,0.0,0.0,1592.0,0.5873,0.9981,0.0001,0.0122,0.0,0.4734,193.3049,0.0,0.0,0.0,196.599998474121,up,2026-08-20T13:11:47,12.0,13.0
AAPL,2027-01-15,122,Put,140.0,AAPL270115P00140000,0.02,0.13,0.075,0.07,0.0,0.0,0.0,2116.0,0.5652,-0.002,0.0001,0.0123,-0.0026,-0.0023,0.0627,0.0,0.0,0.0,0.0650000004097819,up,2026-09-14T13:52:07,1.0,2.0
AAPL,2027-01-15,122,Call,145.0,AAPL270115C00145000,186.45,190.25,188.35,191.3,0.0,0.0,0.0,6414.0,0.5266,0.9978,0.0001,0.014,0.0,0.49,188.3925,0.0,0.0,0.0,191.550003051758,up,2026-09-11T10:38:08,12.0,10.0
AAPL,2027-01-15,122,Put,145.0,AAPL270115P00145000,0.05,0.13,0.09,0.09,0.0,0.0,0.0,8849.0,0.554,-0.0023,0.0001,0.0141,-0.0029,-0.0026,0.0719,0.0,0.0,0.0,0.0800000000745058,no_change,2026-09-11T09:50:32,2.0,43.0
AAPL,2027-01-15,122,Call,150.0,AAPL270115C00150000,181.6,185.45,183.52499999999998,184.8,0.0,0.0,0.0,1699.0,0.553,0.9974,0.0001,0.016,0.0,0.5065,183.4815,0.0,0.0,0.0,187.025001525879,down,2026-09-11T15:53:39,3.0,3.0
AAPL,2027-01-15,122,Put,150.0,AAPL270115P00150000,0.03,0.14,0.085,0.07,0.0,0.0,0.0,5233.0,0.5298,-0.0026,0.0001,0.016,-0.0032,-0.0031,0.0824,0.0,0.0,0.0,0.0799999972805381,down,2026-09-14T15:30:59,1.0,43.0
AAPL,2027-01-15,122,Call,155.0,AAPL270115C00155000,176.7,180.55,178.625,168.29,0.0,0.0,0.0,82.0,0.5302,0.997,0.0001,0.0183,0.0,0.523,178.5722,0.0,0.0,0.0,181.674995422363,up,2026-09-04T12:33:07,10.0,3.0
AAPL,2027-01-15,122,Put,155.0,AAPL270115P00155000,0.01,0.15,0.08,0.14,0.0,0.0,0.0,1240.0,0.5063,-0.0031,0.0001,0.0184,-0.0036,-0.0035,0.0946,0.0,0.0,0.0,0.0850000027567148,up,2026-09-10T13:23:29,53.0,43.0
AAPL,2027-01-15,122,Call,160.0,AAPL270115C00160000,171.8,175.6,173.7,171.3,0.0,0.0,0.0,650.0,0.5194,0.9965,0.0001,0.0209,0.0,0.5393,173.6649,0.0,0.0,0.0,176.824996948242,up,2026-09-03T13:07:31,10.0,10.0
AAPL,2027-01-15,122,Put,160.0,AAPL270115P00160000,0.05,0.16,0.10500000000000001,0.11,0.005,4.7619,44.0,5174.0,0.5012,-0.0036,0.0001,0.0212,-0.004,-0.0041,0.1088,0.11,0.11,0.11,0.10500000230968,up,2026-09-15T09:30:10,39.0,29.0
AAPL,2027-01-15,122,Call,165.0,AAPL270115C00165000,166.9,170.55,168.72500000000002,155.9,0.0,0.0,0.0,460.0,0.4741,0.9959,0.0001,0.024,0.0,0.5556,168.7599,0.0,0.0,0.0,172.125,up,2026-08-20T09:30:00,10.0,10.0
AAPL,2027-01-15,122,Put,165.0,AAPL270115P00165000,0.05,0.18,0.11499999999999999,0.1,0.0,0.0,0.0,3799.0,0.4866,-0.0042,0.0001,0.0242,-0.0045,-0.0048,0.1254,0.0,0.0,0.0,0.115000000223517,no_change,2026-09-11T11:18:37,29.0,26.0
AAPL,2027-01-15,122,Call,170.0,AAPL270115C00170000,161.95,165.2,163.575,164.03,-3.195,-1.9106,2.0,983.0,0.0,0.9952,0.0001,0.0275,0.0,0.5718,163.8577,164.03,164.03,164.03,167.224998474121,no_change,2026-09-15T15:56:22,4.0,17.0
AAPL,2027-01-15,122,Put,170.0,AAPL270115P00170000,0.08,0.2,0.14,0.12,0.0,0.0,0.0,7679.0,0.4781,-0.0048,0.0001,0.0276,-0.005,-0.0056,0.1448,0.0,0.0,0.0,0.140000000596046,down,2026-09-11T11:32:10,52.0,25.0
AAPL,2027-01-15,122,Call,175.0,AAPL270115C00175000,157.1,160.7,158.89999999999998,160.5,0.0,0.0,0.0,1149.0,0.4463,0.9944,0.0002,0.0314,0.0,0.5878,158.9587,0.0,0.0,0.0,162.5,up,2026-09-11T13:57:41,10.0,10.0
AAPL,2027-01-15,122,Put,175.0,AAPL270115P00175000,0.09,0.23,0.16,0.13,0.0,0.0,0.0,3628.0,0.4665,-0.0056,0.0002,0.0317,-0.0056,-0.0065,0.1674,0.0,0.0,0.0,0.16499999910593,down,2026-09-14T13:35:43,20.0,27.0
AAPL,2027-01-15,122,Call,180.0,AAPL270115C00180000,152.1,155.2,153.64999999999998,153.05,-4.375,-2.7791,1.0,1050.0,0.0,0.9935,0.0002,0.0361,0.0,0.6036,154.0634,153.05,153.05,153.05,157.425003051758,down,2026-09-15T14:27:25,3.0,1.0
AAPL,2027-01-15,122,Put,180.0,AAPL270115P00180000,0.11,0.26,0.185,0.19,-0.005,-2.5641,1.0,9084.0,0.4559,-0.0066,0.0002,0.0365,-0.0063,-0.0076,0.1939,0.19,0.19,0.19,0.195000000298023,down,2026-09-15T14:53:40,83.0,19.0
AAPL,2027-01-15,122,Call,185.0,AAPL270115C00185000,147.25,151.1,149.175,152.54,0.0,0.0,0.0,826.0,0.4552,0.9924,0.0002,0.0413,0.0,0.6193,149.1726,0.0,0.0,0.0,152.275001525879,up,2026-09-11T12:23:31,4.0,4.0
AAPL,2027-01-15,122,Put,185.0,AAPL270115P00185000,0.13,0.31,0.22,0.21,0.0,0.0,0.0,5487.0,0.4472,-0.0077,0.0002,0.0416,-0.0071,-0.0088,0.2247,0.0,0.0,0.0,0.230000004172325,no_change,2026-09-11T15:30:05,44.0,112.0
AAPL,2027-01-15,122,Call,190.0,AAPL270115C00190000,142.3,145.95,144.125,129.0,0.0,0.0,0.0,800.0,0.4085,0.9912,0.0003,0.0472,0.0,0.6348,144.2868,0.0,0.0,0.0,147.825004577637,down,2026-09-08T12:20:18,3.0,1.0
AAPL,2027-01-15,122,Put,190.0,AAPL270115P00190000,0.16,0.35,0.255,0.24,0.0,0.0,0.0,7339.0,0.4373,-0.0089,0.0003,0.0475,-0.008,-0.0102,0.2606,0.0,0.0,0.0,0.244999997317791,down,2026-09-14T15:02:36,175.0,144.0
AAPL,2027-01-15,122,Call,195.0,AAPL270115C00195000,137.5,141.35,139.425,121.33,0.0,0.0,0.0,639.0,0.4572,0.9897,0.0003,0.054,0.0,0.6499,139.4069,0.0,0.0,0.0,142.5,no_change,2026-09-09T11:02:12,10.0,3.0
AAPL,2027-01-15,122,Put,195.0,AAPL270115P00195000,0.26,0.35,0.305,0.31,-0.035,-10.1449,5.0,5782.0,0.4293,-0.0104,0.0003,0.0547,-0.009,-0.012,0.3028,0.31,0.31,0.31,0.344999998807907,up,2026-09-15T14:36:42,1.0,126.0
AAPL,2027-01-15,122,Call,200.0,AAPL270115C00200000,133.45,136.05,134.75,137.3,0.0,0.0,0.0,12533.0,0.4511,0.988,0.0004,0.0618,0.0,0.6648,134.5337,0.0,0.0,0.0,137.700004577637,down,2026-09-14T15:44:55,24.0,1.0
AAPL,2027-01-15,122,Put,200.0,AAPL270115P00200000,0.3,0.39,0.345,0.35,-0.005,-1.40845,29.0,21410.0,0.4184,-0.0122,0.0004,0.0623,-0.01,-0.0139,0.3518,0.42,0.42,0.35,0.354999989271164,no_change,2026-09-15T15:19:33,15.0,54.0
AAPL,2027-01-15,122,Call,205.0,AAPL270115C00205000,127.85,131.4,129.625,115.27,0.0,0.0,0.0,118.0,0.4038,0.986,0.0004,0.0704,0.0,0.6794,129.6683,0.0,0.0,0.0,132.775001525879,up,2026-09-08T11:42:25,5.0,1.0
AAPL,2027-01-15,122,Put,205.0,AAPL270115P00205000,0.32,0.46,0.39,0.39,-0.005,-1.26582,1.0,196.0,0.4061,-0.0142,0.0005,0.0709,-0.0112,-0.0162,0.4084,0.39,0.39,0.39,0.394999995827675,down,2026-09-15T14:53:40,12.0,51.0
AAPL,2027-01-15,122,Call,210.0,AAPL270115C00210000,122.9,126.55,124.725,126.92,0.0,0.0,0.0,2326.0,0.3521,0.9837,0.0005,0.0801,0.0,0.6936,124.8118,0.0,0.0,0.0,127.775001525879,up,2026-09-14T10:33:44,1.0,1.0
AAPL,2027-01-15,122,Put,210.0,AAPL270115P00210000,0.4,0.5,0.45,0.5,0.035,7.52688,1.0,15866.0,0.3979,-0.0165,0.0005,0.0811,-0.0125,-0.0188,0.4734,0.5,0.5,0.5,0.464999988675118,up,2026-09-15T14:24:22,61.0,4.0
AAPL,2027-01-15,122,Call,215.0,AAPL270115C00215000,118.9,121.85,120.375,118.34,-4.735,-3.84725,20.0,228.0,0.4323,0.981,0.0006,0.0912,0.0,0.7073,119.9658,118.25,118.34,118.25,123.075000762939,up,2026-09-15T11:43:16,21.0,2.0
AAPL,2027-01-15,122,Put,215.0,AAPL270115P00215000,0.46,0.61,0.535,0.58,0.03,5.45455,7.0,564.0,0.3893,-0.0192,0.0006,0.0921,-0.014,-0.0219,0.5508,0.58,0.62,0.57,0.549999997019768,up,2026-09-15T14:31:50,29.0,9.0
AAPL,2027-01-15,122,Call,220.0,AAPL270115C00220000,113.65,116.8,115.225,113.58,-4.57,-3.86797,202.0,7120.0,0.3935,0.978,0.0007,0.1035,-0.0017,0.7205,115.1319,113.73,113.73,113.58,118.150001525879,no_change,2026-09-15T13:10:49,416.0,173.0
AAPL,2027-01-15,122,Put,220.0,AAPL270115P00220000,0.56,0.69,0.625,0.66,0.04,6.45161,9.0,17154.0,0.3829,-0.0223,0.0007,0.1043,-0.0156,-0.0254,0.6396,0.7,0.7,0.66,0.620000004768372,down,2026-09-15T14:31:50,180.0,151.0
AAPL,2027-01-15,122,Call,225.0,AAPL270115C00225000,108.8,112.2,110.5,96.13,0.0,0.0,0.0,480.0,0.3918,0.9744,0.0008,0.1173,-0.004,0.7331,110.3121,0.0,0.0,0.0,113.600002288818,no_change,2026-09-08T09:53:09,299.0,126.0
AAPL,2027-01-15,122,Put,225.0,AAPL270115P00225000,0.72,0.8,0.76,0.88,0.125,16.5563,5.0,1861.0,0.3779,-0.0259,0.0008,0.1188,-0.0173,-0.0295,0.7412,0.88,0.88,0.88,0.754999995231628,up,2026-09-15T10:51:55,25.0,22.0
AAPL,2027-01-15,122,Call,230.0,AAPL270115C00230000,104.85,106.7,105.775,104.4,-4.425,-4.06616,4.0,10561.0,0.3874,0.9702,0.001,0.1329,-0.0065,0.745,105.5089,103.82,104.4,103.82,108.825000762939,up,2026-09-15T14:06:43,201.0,216.0
AAPL,2027-01-15,122,Put,230.0,AAPL270115P00230000,0.76,0.94,0.85,0.89,0.0,0.0,0.0,25702.0,0.3671,-0.0302,0.001,0.1341,-0.0192,-0.0342,0.8624,0.0,0.0,0.0,0.875,up,2026-09-14T15:55:00,93.0,89.0
AAPL,2027-01-15,122,Call,235.0,AAPL270115C00235000,99.2,102.5,100.85,104.0,0.0,0.0,0.0,378.0,0.3686,0.9655,0.0011,0.15,-0.0092,0.7561,100.7253,0.0,0.0,0.0,103.899997711182,up,2026-09-14T15:29:06,256.0,71.0
AAPL,2027-01-15,122,Put,235.0,AAPL270115P00235000,0.96,1.11,1.0350000000000001,1.03,0.0,0.0,0.0,1915.0,0.3624,-0.0351,0.0011,0.1514,-0.0214,-0.0396,1.0028,0.0,0.0,0.0,1.0349999666214,no_change,2026-09-14T15:48:52,24.0,11.0
AAPL,2027-01-15,122,Call,240.0,AAPL270115C00240000,95.15,97.55,96.35,95.55,-3.75,-3.77644,1.0,9134.0,0.3744,0.9599,0.0013,0.1692,-0.012,0.7663,95.9647,95.55,95.55,95.55,99.3000030517578,down,2026-09-15T12:27:28,246.0,266.0
AAPL,2027-01-15,122,Put,240.0,AAPL270115P00240000,1.13,1.2,1.165,1.18,0.03,2.60869,141.0,59678.0,0.3523,-0.0408,0.0013,0.172,-0.0237,-0.0461,1.1692,1.16,1.25,1.16,1.15000003576279,down,2026-09-15T15:39:15,67.0,40.0
AAPL,2027-01-15,122,Call,245.0,AAPL270115C00245000,89.7,92.9,91.30000000000001,89.88,-4.795,-5.0647,2.0,3320.0,0.3489,0.9535,0.0015,0.1906,-0.015,0.7752,91.2314,89.88,89.88,89.88,94.6750030517578,down,2026-09-15T10:11:32,199.0,40.0
AAPL,2027-01-15,122,Put,245.0,AAPL270115P00245000,1.3,1.46,1.38,1.47,0.15,11.3636,6.0,4723.0,0.3464,-0.0472,0.0015,0.1925,-0.0262,-0.0531,1.3572,1.41,1.49,1.36,1.31999999284744,up,2026-09-15T14:31:50,29.0,30.0
AAPL,2027-01-15,122,Call,250.0,AAPL270115C00250000,85.3,87.7,86.5,85.5,-4.25,-4.73538,116.0,21705.0,0.3593,0.9461,0.0017,0.214,-0.0183,0.7831,86.5305,85.0,86.45,84.75,89.75,down,2026-09-15T15:48:04,1.0,139.0
AAPL,2027-01-15,122,Put,250.0,AAPL270115P00250000,1.51,1.65,1.58,1.58,0.03,1.93548,38.0,24960.0,0.3379,-0.0548,0.0017,0.2167,-0.0289,-0.0616,1.5821,1.65,1.69,1.58,1.55000001192093,down,2026-09-15T15:48:04,45.0,83.0
AAPL,2027-01-15,122,Call,255.0,AAPL270115C00255000,80.65,82.55,81.6,80.85,-4.45,-5.21688,332.0,4549.0,0.3409,0.9375,0.0019,0.2402,-0.0217,0.7895,81.8676,81.23,81.23,80.65,85.2999992370606,down,2026-09-15T15:48:04,1.0,21.0
AAPL,2027-01-15,122,Put,255.0,AAPL270115P00255000,1.82,1.89,1.855,1.85,0.03,1.64835,331.0,5399.0,0.3318,-0.0635,0.002,0.2427,-0.0319,-0.0711,1.8427,1.95,1.96,1.85,1.81999999284744,down,2026-09-15T15:48:05,20.0,83.0
AAPL,2027-01-15,122,Call,260.0,AAPL270115C00260000,76.55,78.0,77.275,76.18,-4.07,-5.07165,2.0,9971.0,0.3358,0.9276,0.0022,0.2686,-0.0254,0.7941,77.2499,77.3,77.3,76.18,80.25,down,2026-09-15T11:29:15,22.0,18.0
AAPL,2027-01-15,122,Put,260.0,AAPL270115P00260000,2.01,2.21,2.11,2.2,0.085,4.01891,17.0,12991.0,0.3242,-0.0737,0.0022,0.2714,-0.0351,-0.0822,2.1557,2.3,2.3,2.15,2.11500000953674,no_change,2026-09-15T15:52:13,21.0,44.0
AAPL,2027-01-15,122,Call,265.0,AAPL270115C00265000,72.5,73.3,72.9,71.87,-4.205,-5.52744,36.0,2430.0,0.3265,0.9163,0.0025,0.2996,-0.0294,0.7971,72.6844,72.2,72.2,71.15,76.0750007629394,up,2026-09-15T15:23:43,19.0,26.0
AAPL,2027-01-15,122,Put,265.0,AAPL270115P00265000,2.41,2.62,2.515,2.5,0.065,2.66941,1.0,3844.0,0.3182,-0.0853,0.0026,0.3042,-0.0385,-0.0954,2.519,2.5,2.5,2.5,2.43499994277954,up,2026-09-15T15:54:40,21.0,48.0
AAPL,2027-01-15,122,Call,270.0,AAPL270115C00270000,67.9,69.25,68.575,68.35,-2.95,-4.13745,52.0,11666.0,0.3242,0.9033,0.0028,0.3332,-0.0335,0.7976,68.1805,66.55,68.35,66.55,71.2999992370606,up,2026-09-15T15:55:00,6.0,185.0
AAPL,2027-01-15,122,Put,270.0,AAPL270115P00270000,2.85,3.05,2.95,2.85,-0.02,-0.696864,113.0,17588.0,0.3124,-0.0987,0.0029,0.3368,-0.0422,-0.1091,2.9462,3.17,3.17,2.85,2.87000000476837,down,2026-09-15T15:55:00,18.0,34.0
AAPL,2027-01-15,122,Call,275.0,AAPL270115C00275000,63.4,64.6,64.0,63.4,-3.7,-5.51416,1.0,1075.0,0.3136,0.8884,0.0032,0.3686,-0.0378,0.7962,63.7475,63.4,63.4,63.4,67.0999984741211,down,2026-09-15T09:39:01,24.0,106.0
AAPL,2027-01-15,122,Put,275.0,AAPL270115P00275000,3.3,3.55,3.425,3.45,0.15,4.54545,7.0,6821.0,0.3062,-0.1138,0.0033,0.3746,-0.046,-0.1257,3.443,3.65,3.65,3.45,3.30000007152557,down,2026-09-15T15:36:11,145.0,222.0
AAPL,2027-01-15,122,Call,280.0,AAPL270115C00280000,58.6,60.45,59.525000000000006,58.24,-3.935,-6.32891,28.0,31735.0,0.3045,0.8716,0.0036,0.4067,-0.0422,0.7918,59.3958,58.4,59.3,57.65,62.1749992370606,no_change,2026-09-15T15:30:33,269.0,177.0
AAPL,2027-01-15,122,Put,280.0,AAPL270115P00280000,3.9,4.1,4.0,4.0,0.1,2.5641,19.0,21267.0,0.3008,-0.131,0.0037,0.411,-0.05,-0.1433,4.0203,4.4,4.45,4.0,3.89999997615814,no_change,2026-09-15T15:54:40,80.0,79.0
AAPL,2027-01-15,122,Call,285.0,AAPL270115C00285000,54.85,56.1,55.475,55.33,-2.82,-4.84953,1.0,3183.0,0.3038,0.8526,0.004,0.4458,-0.0467,0.785,55.1371,55.33,55.33,55.33,58.1499996185303,down,2026-09-15T09:59:00,6.0,18.0
AAPL,2027-01-15,122,Put,285.0,AAPL270115P00285000,4.55,4.8,4.675,4.89,0.34,7.47253,12.0,4078.0,0.2956,-0.1505,0.0042,0.4522,-0.0541,-0.164,4.6994,4.95,4.96,4.81,4.54999995231628,up,2026-09-15T15:37:29,49.0,52.0
AAPL,2027-01-15,122,Call,290.0,AAPL270115C00290000,50.75,52.0,51.375,51.0,-2.95,-5.46802,137.0,10771.0,0.2994,0.8314,0.0045,0.4866,-0.0513,0.7749,50.9827,50.7,51.0,49.75,53.9499988555908,no_change,2026-09-15T15:54:40,9.0,78.0
AAPL,2027-01-15,122,Put,290.0,AAPL270115P00290000,5.3,5.6,5.449999999999999,5.75,0.5,9.52381,18.0,10352.0,0.2906,-0.1723,0.0046,0.4919,-0.0583,-0.186,5.4832,5.76,5.77,5.65,5.25,no_change,2026-09-15T15:20:23,80.0,51.0
AAPL,2027-01-15,122,Call,295.0,AAPL270115C00295000,46.65,47.8,47.224999999999994,49.3,0.0,0.0,0.0,8057.0,0.292,0.8078,0.005,0.5271,-0.0558,0.7621,46.9461,0.0,0.0,0.0,50.25,down,2026-09-14T14:10:41,20.0,50.0
AAPL,2027-01-15,122,Put,295.0,AAPL270115P00295000,6.25,6.5,6.375,6.64,0.565,9.30042,12.0,11117.0,0.2864,-0.1968,0.0051,0.5339,-0.0624,-0.2109,6.3922,6.67,6.83,6.64,6.07499980926514,no_change,2026-09-15T15:37:29,73.0,68.0
AAPL,2027-01-15,122,Call,300.0,AAPL270115C00300000,42.7,43.8,43.25,43.16,-2.44,-5.35087,133.0,65363.0,0.2861,0.7818,0.0054,0.5679,-0.0601,0.7456,43.0389,42.65,43.2,41.0,45.5999984741211,up,2026-09-15T15:56:05,32.0,59.0
AAPL,2027-01-15,122,Put,300.0,AAPL270115P00300000,7.35,7.55,7.449999999999999,7.5,0.425,6.00707,246.0,13758.0,0.2826,-0.2237,0.0056,0.5739,-0.0664,-0.2376,7.4362,7.8,7.95,7.5,7.07499980926514,no_change,2026-09-15T15:54:14,31.0,45.0
AAPL,2027-01-15,122,Call,305.0,AAPL270115C00305000,38.15,39.9,39.025,38.05,-3.825,-9.13433,40.0,5145.0,0.2741,0.7534,0.0059,0.6068,-0.0642,0.7263,39.2751,38.8,38.8,37.82,41.875,no_change,2026-09-15T13:43:21,203.0,85.0
AAPL,2027-01-15,122,Put,305.0,AAPL270115P00305000,8.5,8.7,8.6,8.61,0.36,4.36364,241.0,8764.0,0.2783,-0.2532,0.0061,0.6138,-0.0703,-0.2658,8.6239,8.9,9.15,8.61,8.25,no_change,2026-09-15T15:59:06,52.0,54.0
AAPL,2027-01-15,122,Call,310.0,AAPL270115C00310000,34.6,36.2,35.400000000000006,35.1,-3.0,-7.87402,68.0,27929.0,0.2703,0.7227,0.0064,0.644,-0.068,0.7033,35.6664,35.75,35.75,34.09,38.1000003814697,up,2026-09-15T15:53:56,255.0,77.0
AAPL,2027-01-15,122,Put,310.0,AAPL270115P00310000,9.8,10.1,9.95,10.41,0.91,9.57895,120.0,24568.0,0.274,-0.2852,0.0066,0.6495,-0.0737,-0.2966,9.9786,10.2,10.6,10.05,9.5,up,2026-09-15T15:20:36,73.0,57.0
AAPL,2027-01-15,122,Call,315.0,AAPL270115C00315000,31.9,32.75,32.325,32.0,-2.8,-8.04597,20.0,13988.0,0.2726,0.6896,0.0068,0.6774,-0.0713,0.6774,32.2037,31.75,32.0,31.2,34.7999992370606,up,2026-09-15T15:55:53,17.0,137.0
AAPL,2027-01-15,122,Put,315.0,AAPL270115P00315000,11.3,11.65,11.475000000000001,12.15,1.15,10.4545,86.0,14082.0,0.2703,-0.3196,0.0071,0.6836,-0.0768,-0.3277,11.5039,12.1,12.25,11.95,11.0,no_change,2026-09-15T13:17:22,99.0,84.0
AAPL,2027-01-15,122,Call,320.0,AAPL270115C00320000,28.1,29.2,28.65,28.35,-2.825,-9.06175,144.0,36962.0,0.2629,0.6548,0.0072,0.7069,-0.074,0.6485,28.9643,27.15,29.1,27.15,31.1750001907349,up,2026-09-15T15:45:27,224.0,23.0
AAPL,2027-01-15,122,Put,320.0,AAPL270115P00320000,13.05,13.35,13.2,13.25,0.65,5.15873,45.0,10794.0,0.267,-0.3562,0.0075,0.7105,-0.0793,-0.3601,13.2208,14.3,14.3,13.25,12.5999999046326,down,2026-09-15T15:58:11,122.0,112.0
AAPL,2027-01-15,122,Call,325.0,AAPL270115C00325000,25.15,26.3,25.725,25.85,-2.475,-8.73786,115.0,8635.0,0.2621,0.6178,0.0075,0.7308,-0.0762,0.6171,25.8723,25.85,25.85,24.45,28.3249998092651,up,2026-09-15T15:54:40,241.0,65.0
AAPL,2027-01-15,122,Put,325.0,AAPL270115P00325000,15.0,15.3,15.15,15.1,0.65,4.49827,189.0,5723.0,0.2643,-0.3948,0.0079,0.7337,-0.0813,-0.3922,15.1352,16.1,16.1,15.1,14.4500002861023,down,2026-09-15T15:58:46,69.0,77.0
AAPL,2027-01-15,122,Call,330.0,AAPL270115C00330000,22.8,23.55,23.175,23.0,-2.325,-9.18065,625.0,21411.0,0.2635,0.5797,0.0078,0.7489,-0.0776,0.5828,22.9998,21.7,23.02,21.6,25.3249998092651,up,2026-09-15T15:58:58,82.0,174.0
AAPL,2027-01-15,122,Put,330.0,AAPL270115P00330000,17.1,17.4,17.25,17.58,1.08,6.54545,88.0,1996.0,0.2611,-0.4352,0.0082,0.7484,-0.0826,-0.4222,17.2581,17.9,18.3,17.5,16.5,up,2026-09-15T15:53:10,38.0,29.0
AAPL,2027-01-15,122,Call,335.0,AAPL270115C00335000,20.15,20.5,20.325,20.5,-1.925,-8.58417,168.0,7054.0,0.2582,0.5407,0.008,0.76,-0.0783,0.5476,20.3494,19.13,20.55,19.13,22.4250001907349,up,2026-09-15T15:59:30,37.0,40.0
AAPL,2027-01-15,122,Put,335.0,AAPL270115P00335000,19.45,19.95,19.7,20.6,1.9,10.1604,10.0,1668.0,0.2598,-0.4768,0.0085,0.756,-0.0832,-0.4505,19.6016,20.1,20.71,20.1,18.6999998092651,down,2026-09-15T11:52:53,12.0,83.0
AAPL,2027-01-15,122,Call,340.0,AAPL270115C00340000,17.7,18.05,17.875,17.3,-2.45,-12.4051,147.0,10014.0,0.256,0.5007,0.0081,0.7639,-0.0782,0.5099,17.8738,16.5,18.05,16.5,19.75,down,2026-09-15T15:48:01,24.0,5.0
AAPL,2027-01-15,122,Put,340.0,AAPL270115P00340000,22.0,22.4,22.2,22.7,1.525,7.20189,27.0,2769.0,0.2564,-0.5193,0.0086,0.7557,-0.083,-0.4755,22.1625,22.8,23.19,22.7,21.1750001907349,down,2026-09-15T15:47:22,47.0,2.0
AAPL,2027-01-15,122,Call,345.0,AAPL270115C00345000,15.5,15.8,15.65,15.65,-1.75,-10.0575,90.0,6465.0,0.254,0.4608,0.0081,0.7604,-0.0774,0.472,15.6258,15.5,15.8,14.95,17.3999996185303,up,2026-09-15T15:57:44,38.0,72.0
AAPL,2027-01-15,122,Put,345.0,AAPL270115P00345000,24.5,25.3,24.9,25.94,2.115,8.87723,7.0,554.0,0.2526,-0.5623,0.0088,0.7458,-0.0821,-0.4986,24.9569,26.35,26.35,25.94,23.8249998092651,down,2026-09-15T13:38:34,18.0,33.0
AAPL,2027-01-15,122,Call,350.0,AAPL270115C00350000,13.45,13.7,13.575,13.55,-1.7,-11.1475,10565.0,45397.0,0.2515,0.4213,0.0081,0.7496,-0.0758,0.4337,13.5881,13.55,13.9,12.7,15.25,no_change,2026-09-15T15:59:33,69.0,5.0
AAPL,2027-01-15,122,Put,350.0,AAPL270115P00350000,27.2,28.8,28.0,28.4,1.525,5.67442,6.0,672.0,0.2521,-0.6053,0.0088,0.7259,-0.0806,-0.5132,27.9712,29.15,29.15,28.4,26.875,down,2026-09-15T15:50:00,65.0,169.0
AAPL,2027-01-15,122,Call,355.0,AAPL270115C00355000,11.6,11.9,11.75,11.3,-2.0,-15.0376,238.0,13213.0,0.2499,0.3827,0.0079,0.7318,-0.0735,0.3956,11.7544,11.25,12.0,11.05,13.2999997138977,no_change,2026-09-15T15:33:49,75.0,75.0
AAPL,2027-01-15,122,Put,355.0,AAPL270115P00355000,30.25,32.3,31.275,30.1,0.0,0.0,0.0,113.0,0.2511,-0.6474,0.0087,0.7011,-0.0784,-0.525,31.1945,0.0,0.0,0.0,29.5749998092651,no_change,2026-09-11T10:43:54,23.0,22.0
AAPL,2027-01-15,122,Call,360.0,AAPL270115C00360000,10.0,10.3,10.15,9.9,-1.65,-14.2857,257.0,15024.0,0.2488,0.3453,0.0077,0.7077,-0.0707,0.3586,10.1189,10.11,10.35,9.5,11.5499997138977,up,2026-09-15T15:51:19,46.0,16.0
AAPL,2027-01-15,122,Put,360.0,AAPL270115P00360000,34.45,35.0,34.725,34.7,1.625,4.91307,9.0,200.0,0.2496,-0.689,0.0086,0.6639,-0.0757,-0.528,34.6495,35.95,35.95,34.65,33.0750007629394,up,2026-09-15T15:57:36,56.0,42.0
AAPL,2027-01-15,122,Call,365.0,AAPL270115C00365000,8.55,8.8,8.675,8.15,-1.825,-18.2957,34.0,5236.0,0.2472,0.3097,0.0074,0.6779,-0.0673,0.3225,8.6703,8.64,8.85,8.15,9.97500038146973,no_change,2026-09-15T15:30:44,103.0,43.0
AAPL,2027-01-15,122,Put,365.0,AAPL270115P00365000,37.45,39.4,38.425,39.7,3.35,9.21596,4.0,86.0,0.2489,-0.7292,0.0084,0.6226,-0.0726,-0.5225,38.3144,39.45,39.7,39.45,36.3499984741211,up,2026-09-15T10:55:07,61.0,87.0
AAPL,2027-01-15,122,Call,370.0,AAPL270115C00370000,7.3,7.55,7.425,7.04,-1.56,-18.1395,265.0,9752.0,0.2464,0.2761,0.0071,0.6439,-0.0635,0.2886,7.3973,7.37,7.4,6.9,8.59999990463257,no_change,2026-09-15T15:35:11,27.0,24.0
AAPL,2027-01-15,122,Put,370.0,AAPL270115P00370000,40.4,43.95,42.175,43.0,2.725,6.76599,4.0,101.0,0.2469,-0.7679,0.0081,0.5691,-0.0691,-0.5028,42.1787,43.0,43.0,43.0,40.2749996185303,no_change,2026-09-15T10:00:02,3.0,2.0
AAPL,2027-01-15,122,Call,375.0,AAPL270115C00375000,6.2,6.45,6.325,6.0,-1.375,-18.6441,150.0,3336.0,0.2458,0.2447,0.0067,0.6059,-0.0595,0.2562,6.2858,6.22,6.35,5.9,7.375,no_change,2026-09-15T15:40:49,40.0,16.0
AAPL,2027-01-15,122,Put,375.0,AAPL270115P00375000,45.4,47.25,46.325,44.4,0.0,0.0,0.0,25.0,0.2471,-0.8048,0.0079,0.5158,-0.0655,-0.475,46.2252,0.0,0.0,0.0,44.0,up,2026-09-11T13:27:13,22.0,29.0
AAPL,2027-01-15,122,Call,380.0,AAPL270115C00380000,5.2,5.45,5.325,5.15,-1.15,-18.254,376.0,10584.0,0.2445,0.2157,0.0062,0.5662,-0.0553,0.2266,5.3216,5.28,5.45,5.0,6.29999995231628,no_change,2026-09-15T15:26:04,51.0,39.0
AAPL,2027-01-15,122,Put,380.0,AAPL270115P00380000,49.5,52.1,50.8,51.6,3.5,7.27651,3.0,24.0,0.2523,-0.8396,0.0075,0.4498,-0.0619,-0.4362,50.4497,51.6,51.6,51.6,48.1000003814697,no_change,2026-09-15T10:05:04,26.0,37.0
AAPL,2027-01-15,122,Call,385.0,AAPL270115C00385000,4.4,4.6,4.5,4.4,-0.975,-18.1395,130.0,1953.0,0.2441,0.1892,0.0058,0.5243,-0.051,0.1989,4.4902,4.47,4.58,4.25,5.375,down,2026-09-15T15:10:02,64.0,82.0
AAPL,2027-01-15,122,Put,385.0,AAPL270115P00385000,54.1,55.85,54.975,66.05,0.0,0.0,0.0,5.0,0.2479,-0.8728,0.0072,0.3864,-0.0582,-0.3877,54.8286,0.0,0.0,0.0,52.2999992370606,no_change,2026-09-10T10:07:39,23.0,15.0
AAPL,2027-01-15,122,Call,390.0,AAPL270115C00390000,3.7,3.9,3.8,3.77,-0.805,-17.5956,192.0,5617.0,0.2441,0.1651,0.0053,0.4827,-0.0467,0.1741,3.7769,3.83,3.83,3.55,4.57499980926514,up,2026-09-15T14:37:11,43.0,70.0
AAPL,2027-01-15,122,Put,390.0,AAPL270115P00390000,58.5,60.35,59.425,70.75,0.0,0.0,0.0,28.0,0.2459,-0.9036,0.0069,0.3138,-0.0528,-0.3245,59.3564,0.0,0.0,0.0,56.5750007629394,no_change,2026-09-10T10:07:47,7.0,9.0
AAPL,2027-01-15,122,Call,395.0,AAPL270115C00395000,3.05,3.25,3.15,3.1,-0.775,-20.0,3.0,1537.0,0.243,0.1435,0.0048,0.4408,-0.0424,0.1513,3.1684,3.22,3.27,3.1,3.875,down,2026-09-15T14:01:08,73.0,72.0
AAPL,2027-01-15,122,Put,395.0,AAPL270115P00395000,63.1,65.1,64.1,91.63,0.0,0.0,0.0,0.0,0.2472,-0.933,0.0066,0.237,-0.0512,-0.2373,64.0193,0.0,0.0,0.0,61.1499996185303,down,2026-07-31T10:46:17,6.0,6.0
AAPL,2027-01-15,122,Call,400.0,AAPL270115C00400000,2.59,2.69,2.6399999999999997,2.67,-0.605,-18.4733,134.0,9294.0,0.243,0.1242,0.0044,0.4007,-0.0384,0.1313,2.6514,2.74,2.76,2.5,3.27499997615814,up,2026-09-15T15:54:40,102.0,5.0
AAPL,2027-01-15,122,Put,400.0,AAPL270115P00400000,67.85,69.9,68.875,69.56,3.785,5.75447,1.0,10.0,0.2482,-0.9602,0.0064,0.1654,-0.0523,-0.1349,68.8011,69.56,69.56,69.56,65.7749977111816,up,2026-09-15T09:33:25,10.0,31.0
AAPL,2027-01-15,122,Call,410.0,AAPL270115C00410000,1.82,1.97,1.895,1.85,-0.46,-19.9134,275.0,3555.0,0.2452,0.0921,0.0035,0.325,-0.0309,0.0975,1.8461,2.0,2.0,1.75,2.30999994277954,up,2026-09-15T15:59:51,55.0,125.0
AAPL,2027-01-15,122,Put,410.0,AAPL270115P00410000,76.8,80.7,78.75,94.0,0.0,0.0,0.0,1.0,0.2645,-0.9931,0.0016,0.0,-0.0427,0.0,78.6951,0.0,0.0,0.0,75.5499992370606,down,2026-09-08T15:32:36,3.0,4.0
AAPL,2027-01-15,122,Call,420.0,AAPL270115C00420000,1.21,1.3,1.255,1.31,-0.365,-21.791,114.0,3230.0,0.2432,0.0675,0.0028,0.2587,-0.0244,0.0716,1.2788,1.33,1.33,1.31,1.67500001192093,no_change,2026-09-15T14:58:57,87.0,4.0
AAPL,2027-01-15,122,Put,420.0,AAPL270115P00420000,86.8,90.65,88.725,81.55,0.0,0.0,0.0,0.0,0.0,-1.0,0.0,0.0,-0.0427,0.0,88.6951,0.0,0.0,0.0,85.5249977111816,no_change,2026-07-28T13:36:16,11.0,1.0
AAPL,2027-01-15,122,Call,430.0,AAPL270115C00430000,0.86,0.97,0.915,0.89,-0.255,-22.2707,92.0,4596.0,0.2468,0.0492,0.0022,0.2028,-0.019,0.0521,0.8841,0.93,0.93,0.85,1.14499998092651,up,2026-09-15T15:58:14,37.0,155.0
AAPL,2027-01-15,122,Put,430.0,AAPL270115P00430000,96.8,100.75,98.775,124.69,0.0,0.0,0.0,0.0,0.0,-1.0,0.0,0.0,-0.0427,0.0,98.6951,0.0,0.0,0.0,95.5249977111816,no_change,2026-08-03T14:57:33,11.0,11.0
AAPL,2027-01-15,122,Call,440.0,AAPL270115C00440000,0.56,0.68,0.6200000000000001,0.6,-0.205,-25.4658,66.0,4234.0,0.2471,0.0356,0.0016,0.1574,-0.0147,0.0377,0.6123,0.59,0.62,0.59,0.805000007152557,down,2026-09-15T15:36:11,57.0,67.0
AAPL,2027-01-15,122,Put,440.0,AAPL270115P00440000,106.8,110.65,108.725,162.08,0.0,0.0,0.0,0.0,0.3238,-1.0,0.0,0.0,-0.0427,0.0,108.6951,0.0,0.0,0.0,105.450000762939,down,2025-11-26T09:30:02,11.0,1.0
AAPL,2027-01-15,122,Call,450.0,AAPL270115C00450000,0.4,0.44,0.42000000000000004,0.42,-0.135,-24.3243,378.0,15766.0,0.2478,0.0259,0.0012,0.1217,-0.0113,0.0273,0.427,0.4,0.48,0.3,0.554999977350235,down,2026-09-15T15:58:00,69.0,24.0
AAPL,2027-01-15,122,Put,450.0,AAPL270115P00450000,116.8,120.65,118.725,245.9,0.0,0.0,0.0,0.0,0.3438,-1.0,0.0,0.0,-0.0427,0.0,118.6951,0.0,0.0,0.0,115.549999237061,up,2025-06-09T12:26:33,11.0,1.0
AAPL,2027-01-15,122,Call,460.0,AAPL270115C00460000,0.2,0.35,0.275,0.3,-0.075,-20.0,90.0,386.0,0.2478,0.0188,0.001,0.0936,-0.0086,0.0198,0.2992,0.3,0.3,0.3,0.375,no_change,2026-09-15T11:52:17,142.0,51.0
AAPL,2027-01-15,122,Put,460.0,AAPL270115P00460000,126.8,130.7,128.75,0.0,0.0,0.0,0.0,0.0,0.3669,-1.0,0.0,0.0,-0.0427,0.0,128.6951,0.0,0.0,0.0,125.450000762939,no_change,,11.0,11.0
AAPL,2027-01-15,122,Call,470.0,AAPL270115C00470000,0.12,0.26,0.19,0.22,-0.07,-24.1379,13.0,433.0,0.2495,0.0138,0.0007,0.0724,-0.0067,0.0146,0.2138,0.23,0.23,0.2,0.28999999910593,down,2026-09-15T12:27:55,153.0,97.0
AAPL,2027-01-15,122,Put,470.0,AAPL270115P00470000,136.8,140.65,138.72500000000002,0.0,0.0,0.0,0.0,0.0,0.3822,-1.0,0.0,0.0,-0.0427,0.0,138.6951,0.0,0.0,0.0,135.550003051758,no_change,,11.0,1.0
AAPL,2027-01-15,122,Call,480.0,AAPL270115C00480000,0.09,0.21,0.15,0.15,-0.05,-25.0,4.0,8868.0,0.2555,0.0102,0.0006,0.0561,-0.0052,0.0107,0.1543,0.18,0.18,0.15,0.199999995529652,down,2026-09-15T14:37:35,170.0,81.0
AAPL,2027-01-15,122,Put,480.0,AAPL270115P00480000,146.8,150.65,148.72500000000002,0.0,0.0,0.0,0.0,0.0,0.4006,-1.0,0.0,0.0,-0.0427,0.0,148.6951,0.0,0.0,0.0,145.425003051758,no_change,,12.0,1.0
AAPL,2027-01-15,122,Call,490.0,AAPL270115C00490000,0.11,0.15,0.13,0.12,-0.02,-14.2857,12.0,990.0,0.2638,0.0077,0.0004,0.044,-0.0041,0.0081,0.1139,0.11,0.12,0.11,0.140000000596046,no_change,2026-09-15T15:41:56,5.0,46.0
AAPL,2027-01-15,122,Put,490.0,AAPL270115P00490000,156.8,160.65,158.72500000000002,0.0,0.0,0.0,0.0,0.0,0.4226,-1.0,0.0,0.0,-0.0427,0.0,158.6951,0.0,0.0,0.0,155.425003051758,no_change,,11.0,1.0
AAPL,2027-01-15,122,Call,500.0,AAPL270115C00500000,0.08,0.11,0.095,0.09,0.0,2.23517e-06,4.0,12548.0,0.2664,0.0059,0.0003,0.035,-0.0033,0.0062,0.0862,0.1,0.1,0.09,0.0899999979883432,down,2026-09-15T10:00:18,2.0,31.0
AAPL,2027-01-15,122,Put,500.0,AAPL270115P00500000,166.8,170.65,168.72500000000002,0.0,0.0,0.0,0.0,0.0,0.4402,-1.0,0.0,0.0,-0.0427,0.0,168.6951,0.0,0.0,0.0,165.425003051758,no_change,,11.0,1.0
AAPL,2027-01-15,122,Call,510.0,AAPL270115C00510000,0.0,0.11,0.055,0.06,0.005,9.09091,1.0,197.0,0.2629,0.0046,0.0003,0.0282,-0.0026,0.0048,0.0664,0.06,0.06,0.06,0.0549999997019768,down,2026-09-15T10:31:18,0.0,37.0
AAPL,2027-01-15,122,Put,510.0,AAPL270115P00510000,176.8,180.65,178.72500000000002,0.0,0.0,0.0,0.0,0.0,0.4476,-1.0,0.0,0.0,-0.0427,0.0,178.6951,0.0,0.0,0.0,175.525001525879,no_change,,11.0,1.0
AAPL,2027-01-15,122,Call,520.0,AAPL270115C00520000,0.0,0.22,0.11,0.06,0.0,2.23517e-06,1.0,4640.0,0.2939,0.0037,0.0002,0.023,-0.0022,0.0038,0.0523,0.06,0.06,0.06,0.0599999986588955,no_change,2026-09-15T10:03:14,0.0,47.0
AAPL,2027-01-15,122,Put,520.0,AAPL270115P00520000,187.0,190.65,188.825,0.0,0.0,0.0,0.0,0.0,0.4836,-1.0,0.0,0.0,-0.0427,0.0,188.6951,0.0,0.0,0.0,185.5,no_change,,1.0,1.0
AAPL,2027-01-15,122,Call,530.0,AAPL270115C00530000,0.04,0.07,0.05500000000000001,0.06,-0.005,-7.69231,1.0,5207.0,0.2843,0.003,0.0002,0.019,-0.0018,0.0031,0.0421,0.06,0.06,0.06,0.0650000004097819,down,2026-09-15T15:56:00,1.0,22.0
AAPL,2027-01-15,122,Put,530.0,AAPL270115P00530000,196.8,200.65,198.72500000000002,260.32,0.0,0.0,0.0,0.0,0.4858,-1.0,0.0,0.0,-0.0427,0.0,198.6951,0.0,0.0,0.0,195.525001525879,up,2025-11-19T09:49:13,11.0,1.0
AAPL,2027-01-15,122,Call,540.0,AAPL270115C00540000,0.0,0.11,0.055,0.08,0.0,0.0,0.0,732.0,0.297,0.0024,0.0001,0.016,-0.0016,0.0025,0.0346,0.0,0.0,0.0,0.0900000035762787,down,2026-09-04T11:25:28,0.0,2.0
AAPL,2027-01-15,122,Put,540.0,AAPL270115P00540000,206.8,210.65,208.72500000000002,0.0,0.0,0.0,0.0,0.0,0.5016,-1.0,0.0,0.0,-0.0427,0.0,208.6951,0.0,0.0,0.0,205.550003051758,no_change,,11.0,1.0
AAPL,2027-01-15,122,Call,550.0,AAPL270115C00550000,0.01,0.06,0.034999999999999996,0.03,-0.015,-33.3333,3.0,10619.0,0.2989,0.002,0.0001,0.0136,-0.0013,0.0021,0.0289,0.03,0.05,0.03,0.0449999989941716,down,2026-09-15T14:37:38,6.0,11.0
AAPL,2027-01-15,122,Put,550.0,AAPL270115P00550000,216.8,220.65,218.72500000000002,274.35,0.0,0.0,0.0,0.0,0.5172,-1.0,0.0,0.0,-0.0427,0.0,218.6951,0.0,0.0,0.0,215.525001525879,down,2025-12-24T12:56:42,11.0,1.0
AAPL,2027-01-15,122,Call,560.0,AAPL270115C00560000,0.01,0.45,0.23,0.13,-0.07,-35.0,4.0,39.0,0.3658,0.0017,0.0001,0.0117,-0.0012,0.0018,0.0245,0.11,0.16,0.04,0.199999992735684,up,2026-09-15T15:22:44,2.0,34.0
AAPL,2027-01-15,122,Put,560.0,AAPL270115P00560000,226.95,230.65,228.8,0.0,0.0,0.0,0.0,0.0,0.5442,-1.0,0.0,0.0,-0.0427,0.0,228.6951,0.0,0.0,0.0,225.425003051758,no_change,,1.0,1.0
AAPL,2027-01-15,122,Call,570.0,AAPL270115C00570000,0.01,0.08,0.045,0.09,0.04,80.0,1.0,63.0,0.3267,0.0015,0.0001,0.0102,-0.001,0.0015,0.021,0.09,0.09,0.09,0.0500000016763806,no_change,2026-09-15T10:29:34,4.0,2.0
AAPL,2027-01-15,122,Put,570.0,AAPL270115P00570000,236.75,240.65,238.7,0.0,0.0,0.0,0.0,0.0,0.5524,-1.0,0.0,0.0,-0.0427,0.0,238.6951,0.0,0.0,0.0,235.525001525879,no_change,,11.0,1.0
AAPL,2027-01-15,122,Call,580.0,AAPL270115C00580000,0.0,0.18,0.09,0.1,0.0,0.0,0.0,127.0,0.3518,0.0013,0.0001,0.0089,-0.0009,0.0013,0.0182,0.0,0.0,0.0,0.0949999988079071,no_change,2026-09-04T09:46:54,0.0,1.0
AAPL,2027-01-15,122,Put,580.0,AAPL270115P00580000,246.75,250.65,248.7,0.0,0.0,0.0,0.0,0.0,0.5562,-1.0,0.0,0.0,-0.0427,0.0,248.6951,0.0,0.0,0.0,245.525001525879,no_change,,11.0,1.0
AAPL,2027-01-15,122,Call,590.0,AAPL270115C00590000,0.01,0.18,0.095,0.03,0.0,-8.69234e-07,7.0,122.0,0.3612,0.0011,0.0001,0.0078,-0.0008,0.0011,0.016,0.09,0.09,0.03,0.0300000002607703,down,2026-09-15T15:24:18,3.0,19.0
AAPL,2027-01-15,122,Put,590.0,AAPL270115P00590000,256.75,260.65,258.7,0.0,0.0,0.0,0.0,0.0,0.5815,-1.0,0.0,0.0,-0.0427,0.0,258.6951,0.0,0.0,0.0,255.450004577637,no_change,,11.0,1.0
AAPL,2027-01-15,122,Call,600.0,AAPL270115C00600000,0.01,0.03,0.02,0.01,-0.015,-60.0,208.0,13495.0,0.3225,0.001,0.0,0.007,-0.0007,0.001,0.0141,0.01,0.03,0.01,0.0249999994412065,no_change,2026-09-15T14:53:34,993.0,13.0
AAPL,2027-01-15,122,Put,600.0,AAPL270115P00600000,266.75,270.65,268.7,274.25,0.0,0.0,0.0,0.0,0.5956,-1.0,0.0,0.0,-0.0427,0.0,268.6951,0.0,0.0,0.0,265.524993896484,down,2026-07-20T11:34:53,11.0,1.0
AAPL,2027-02-19,157,Call,5.0,AAPL270219C00005000,324.4,328.25,326.325,299.6,0.0,0.0,0.0,0.0,0.0,1.0,0.0,0.0,0.0,0.0075,326.4487,0.0,0.0,0.0,329.350006103516,no_change,2026-06-08T14:33:34,11.0,1.0
AAPL,2027-02-19,157,Put,5.0,AAPL270219P00005000,0.0,0.11,0.055,0.01,0.0,0.0,0.0,4.0,2.0541,0.0,0.0,0.0,0.0,0.0,0.0003,0.0,0.0,0.0,0.00499999988824129,no_change,2026-06-18T13:32:14,0.0,10.0
AAPL,2027-02-19,157,Call,10.0,AAPL270219C00010000,319.5,323.3,321.4,0.0,0.0,0.0,0.0,0.0,0.0,1.0,0.0,0.0,0.0,0.015,321.4824,0.0,0.0,0.0,324.424987792969,no_change,,11.0,1.0
AAPL,2027-02-19,157,Put,10.0,AAPL270219P00010000,0.0,0.13,0.065,0.0,0.0,0.0,0.0,0.0,1.6007,0.0,0.0,0.0001,0.0,0.0,0.0007,0.0,0.0,0.0,0.00499999988824129,no_change,,0.0,1.0
AAPL,2027-02-19,157,Call,15.0,AAPL270219C00015000,314.55,318.4,316.475,0.0,0.0,0.0,0.0,0.0,0.0,1.0,0.0,0.0,0.0,0.0225,316.5162,0.0,0.0,0.0,319.475006103516,no_change,,11.0,11.0
AAPL,2027-02-19,157,Put,15.0,AAPL270219P00015000,0.0,0.13,0.065,0.01,0.0,0.0,0.0,9500.0,1.4057,0.0,0.0,0.0002,-0.0001,0.0,0.0012,0.0,0.0,0.0,0.00499999988824129,down,2026-09-09T12:22:07,0.0,1.0
AAPL,2027-02-19,157,Call,20.0,AAPL270219C00020000,309.65,313.45,311.54999999999995,319.94,0.0,0.0,0.0,2.0,1.5052,1.0,0.0,0.0001,0.0,0.0305,311.5502,0.0,0.0,0.0,314.575012207031,up,2026-07-28T15:40:21,11.0,1.0
AAPL,2027-02-19,157,Put,20.0,AAPL270219P00020000,0.0,0.52,0.26,0.0,0.0,0.0,0.0,0.0,1.7822,0.0,0.0,0.0003,-0.0001,0.0,0.0019,0.0,0.0,0.0,0.224999994039536,no_change,,0.0,40.0
AAPL,2027-02-19,157,Call,25.0,AAPL270219C00025000,304.75,308.55,306.65,0.0,0.0,0.0,0.0,0.0,1.2558,1.0,0.0,0.0003,0.0,0.0983,306.6153,0.0,0.0,0.0,309.674987792969,no_change,,11.0,1.0
AAPL,2027-02-19,157,Put,25.0,AAPL270219P00025000,0.0,0.52,0.26,0.0,0.0,0.0,0.0,0.0,1.6408,0.0,0.0,0.0004,-0.0001,-0.0001,0.0026,0.0,0.0,0.0,0.224999994039536,no_change,,0.0,40.0
AAPL,2027-02-19,157,Call,30.0,AAPL270219C00030000,299.8,303.6,301.70000000000005,0.0,0.0,0.0,0.0,0.0,1.2161,1.0,0.0,0.0005,0.0,0.118,301.7075,0.0,0.0,0.0,304.850006103516,no_change,,11.0,1.0
AAPL,2027-02-19,157,Put,30.0,AAPL270219P00030000,0.0,0.52,0.26,0.0,0.0,0.0,0.0,0.0,1.5279,-0.0001,0.0,0.0005,-0.0002,-0.0001,0.0035,0.0,0.0,0.0,0.219999998807907,no_change,,0.0,40.0
AAPL,2027-02-19,157,Call,35.0,AAPL270219C00035000,294.9,298.5,296.7,0.0,0.0,0.0,0.0,0.0,0.0,1.0,0.0,0.0006,0.0,0.1376,296.7999,0.0,0.0,0.0,299.850006103516,no_change,,11.0,1.0
AAPL,2027-02-19,157,Put,35.0,AAPL270219P00035000,0.0,0.52,0.26,0.0,0.0,0.0,0.0,0.0,1.4226,-0.0001,0.0,0.0007,-0.0002,-0.0001,0.0045,0.0,0.0,0.0,0.219999998807907,no_change,,0.0,40.0
AAPL,2027-02-19,157,Call,40.0,AAPL270219C00040000,290.0,293.55,291.775,0.0,0.0,0.0,0.0,0.0,0.0,1.0,0.0,0.0008,0.0,0.1572,291.8924,0.0,0.0,0.0,294.924987792969,no_change,,11.0,1.0
AAPL,2027-02-19,157,Put,40.0,AAPL270219P00040000,0.0,0.52,0.26,0.0,0.0,0.0,0.0,0.0,1.3397,-0.0001,0.0,0.0009,-0.0002,-0.0002,0.0056,0.0,0.0,0.0,0.219999998807907,no_change,,0.0,40.0
AAPL,2027-02-19,157,Call,45.0,AAPL270219C00045000,285.1,288.9,287.0,0.0,0.0,0.0,0.0,0.0,1.0092,1.0,0.0,0.001,0.0,0.1768,286.9852,0.0,0.0,0.0,290.024993896484,no_change,,11.0,1.0
AAPL,2027-02-19,157,Put,45.0,AAPL270219P00045000,0.0,0.52,0.26,0.0,0.0,0.0,0.0,0.0,1.2572,-0.0001,0.0,0.0011,-0.0003,-0.0002,0.007,0.0,0.0,0.0,0.224999994039536,no_change,,0.0,40.0
AAPL,2027-02-19,157,Call,50.0,AAPL270219C00050000,280.2,284.05,282.125,0.0,0.0,0.0,0.0,0.0,0.8531,1.0,0.0,0.0012,0.0,0.1964,282.0781,0.0,0.0,0.0,285.125,no_change,,11.0,11.0
AAPL,2027-02-19,157,Put,50.0,AAPL270219P00050000,0.0,0.26,0.13,0.01,0.0,0.0,0.0,248.0,1.1201,-0.0002,0.0,0.0014,-0.0004,-0.0003,0.0085,0.0,0.0,0.0,0.115000002086163,down,2026-09-03T14:41:32,0.0,4.0
AAPL,2027-02-19,157,Call,55.0,AAPL270219C00055000,275.25,279.05,277.15,270.36,0.0,0.0,0.0,15.0,0.8733,1.0,0.0,0.0016,0.0,0.216,277.1712,0.0,0.0,0.0,280.225006103516,up,2026-09-01T11:32:28,11.0,1.0
AAPL,2027-02-19,157,Put,55.0,AAPL270219P00055000,0.0,0.52,0.26,0.0,0.0,0.0,0.0,0.0,1.1212,-0.0002,0.0,0.0017,-0.0004,-0.0003,0.0102,0.0,0.0,0.0,0.224999994039536,no_change,,0.0,40.0
AAPL,2027-02-19,157,Call,60.0,AAPL270219C00060000,270.35,273.95,272.15,0.0,0.0,0.0,0.0,0.0,0.0,1.0,0.0,0.002,0.0,0.2356,272.2646,0.0,0.0,0.0,275.399993896484,no_change,,11.0,1.0
AAPL,2027-02-19,157,Put,60.0,AAPL270219P00060000,0.01,0.06,0.034999999999999996,0.02,0.0,0.0,0.0,715.0,0.8955,-0.0002,0.0,0.0021,-0.0005,-0.0004,0.0121,0.0,0.0,0.0,0.0600000005215406,down,2026-09-14T10:56:09,1.0,2.0
AAPL,2027-02-19,157,Call,65.0,AAPL270219C00065000,265.45,269.3,267.375,244.67,0.0,0.0,0.0,20.0,0.8952,1.0,0.0,0.0023,0.0,0.2551,267.3583,0.0,0.0,0.0,270.375,up,2026-06-05T15:46:18,11.0,11.0
AAPL,2027-02-19,157,Put,65.0,AAPL270219P00065000,0.0,0.35,0.175,0.03,0.0,0.0,0.0,5.0,0.9578,-0.0003,0.0,0.0025,-0.0006,-0.0005,0.0143,0.0,0.0,0.0,0.234999999403954,down,2026-07-08T09:30:05,0.0,1.0
AAPL,2027-02-19,157,Call,70.0,AAPL270219C00070000,260.55,264.1,262.32500000000005,239.85,0.0,0.0,0.0,36.0,0.0,1.0,0.0,0.0028,0.0,0.2747,262.4521,0.0,0.0,0.0,265.600006103516,up,2026-06-05T15:45:59,11.0,1.0
AAPL,2027-02-19,157,Put,70.0,AAPL270219P00070000,0.0,0.47,0.235,0.0,0.0,0.0,0.0,0.0,0.9813,-0.0004,0.0,0.0029,-0.0007,-0.0006,0.0168,0.0,0.0,0.0,0.219999998807907,no_change,,0.0,40.0
AAPL,2027-02-19,157,Call,75.0,AAPL270219C00075000,255.65,259.3,257.475,234.84,0.0,0.0,0.0,36.0,0.0,0.9999,0.0,0.0033,0.0,0.2942,257.5463,0.0,0.0,0.0,260.575012207031,up,2026-06-05T15:44:16,11.0,1.0
AAPL,2027-02-19,157,Put,75.0,AAPL270219P00075000,0.0,0.39,0.195,0.0,0.0,0.0,0.0,0.0,0.891,-0.0004,0.0,0.0035,-0.0008,-0.0007,0.0196,0.0,0.0,0.0,0.215000003576279,no_change,,0.0,1.0
AAPL,2027-02-19,157,Call,80.0,AAPL270219C00080000,250.7,254.55,252.625,235.37,0.0,0.0,0.0,62.0,0.7429,0.9999,0.0,0.0039,0.0,0.3137,252.6409,0.0,0.0,0.0,255.674995422363,up,2026-08-31T13:32:44,11.0,1.0
AAPL,2027-02-19,157,Put,80.0,AAPL270219P00080000,0.0,0.43,0.215,0.02,0.0,0.0,0.0,43.0,0.8569,-0.0005,0.0,0.0041,-0.0008,-0.0008,0.0227,0.0,0.0,0.0,0.200000002980232,down,2026-09-10T14:14:27,0.0,40.0
AAPL,2027-02-19,157,Call,85.0,AAPL270219C00085000,245.8,249.65,247.72500000000002,225.21,0.0,0.0,0.0,69.0,0.668,0.9998,0.0,0.0044,0.0,0.3332,247.7359,0.0,0.0,0.0,250.899993896484,up,2026-06-05T15:45:00,11.0,11.0
AAPL,2027-02-19,157,Put,85.0,AAPL270219P00085000,0.0,0.4,0.2,0.1,0.0,0.0,0.0,21.0,0.8217,-0.0006,0.0,0.0047,-0.001,-0.0009,0.0262,0.0,0.0,0.0,0.189999997615814,down,2026-07-09T15:58:13,0.0,1.0
AAPL,2027-02-19,157,Call,90.0,AAPL270219C00090000,240.9,244.7,242.8,245.75,0.0,0.0,0.0,35.0,0.6654,0.9997,0.0,0.0053,0.0,0.3527,242.8312,0.0,0.0,0.0,245.849998474121,up,2026-09-11T13:24:30,11.0,1.0
AAPL,2027-02-19,157,Put,90.0,AAPL270219P00090000,0.0,0.38,0.19,0.08,0.0,0.0,0.0,6.0,0.7823,-0.0007,0.0,0.0055,-0.0011,-0.0011,0.0301,0.0,0.0,0.0,0.180000007152557,down,2026-08-28T11:18:09,0.0,1.0
AAPL,2027-02-19,157,Call,95.0,AAPL270219C00095000,236.0,239.8,237.9,215.55,0.0,0.0,0.0,36.0,0.6564,0.9996,0.0,0.0062,0.0,0.3723,237.9271,0.0,0.0,0.0,240.950004577637,up,2026-06-05T15:16:00,11.0,1.0
AAPL,2027-02-19,157,Put,95.0,AAPL270219P00095000,0.0,0.29,0.145,0.05,0.0,0.0,0.0,4.0,0.7603,-0.0008,0.0,0.0063,-0.0012,-0.0013,0.0345,0.0,0.0,0.0,0.125,down,2026-09-08T09:57:17,0.0,14.0
AAPL,2027-02-19,157,Call,100.0,AAPL270219C00100000,231.1,234.7,232.89999999999998,214.06,0.0,0.0,0.0,35.0,0.0,0.9994,0.0,0.007,0.0,0.3918,233.0236,0.0,0.0,0.0,236.049995422363,no_change,2026-06-08T09:43:33,11.0,1.0
AAPL,2027-02-19,157,Put,100.0,AAPL270219P00100000,0.0,0.3,0.15,0.04,-0.03,-42.8571,2.0,6.0,0.7361,-0.001,0.0,0.0073,-0.0014,-0.0015,0.0395,0.13,0.13,0.04,0.0699999975040555,down,2026-09-15T09:48:53,0.0,27.0
AAPL,2027-02-19,157,Call,105.0,AAPL270219C00105000,226.15,230.05,228.10000000000002,209.44,0.0,0.0,0.0,56.0,0.5904,0.9993,0.0,0.0081,0.0,0.4112,228.1206,0.0,0.0,0.0,231.150001525879,up,2026-06-08T09:43:16,11.0,11.0
AAPL,2027-02-19,157,Put,105.0,AAPL270219P00105000,0.0,0.31,0.155,0.13,0.0,0.0,0.0,9.0,0.7102,-0.0011,0.0,0.0084,-0.0015,-0.0017,0.0451,0.0,0.0,0.0,0.0649999994784594,no_change,2026-09-14T09:44:58,0.0,9.0
AAPL,2027-02-19,157,Call,110.0,AAPL270219C00110000,221.25,225.1,223.175,204.53,0.0,0.0,0.0,56.0,0.5829,0.9991,0.0,0.0094,0.0,0.4308,223.2183,0.0,0.0,0.0,226.225006103516,no_change,2026-06-08T09:42:50,11.0,11.0
AAPL,2027-02-19,157,Put,110.0,AAPL270219P00110000,0.0,0.26,0.13,0.11,0.0,0.0,0.0,12.0,0.6703,-0.0013,0.0,0.0096,-0.0017,-0.002,0.0514,0.0,0.0,0.0,0.0600000005215406,up,2026-09-14T09:45:02,0.0,9.0
AAPL,2027-02-19,157,Call,115.0,AAPL270219C00115000,216.35,220.2,218.27499999999998,178.38,0.0,0.0,0.0,54.0,0.5726,0.9989,0.0,0.0107,0.0,0.4501,218.3171,0.0,0.0,0.0,221.324996948242,down,2026-06-10T10:17:21,11.0,11.0
AAPL,2027-02-19,157,Put,115.0,AAPL270219P00115000,0.01,0.2,0.10500000000000001,0.05,0.0,0.0,0.0,37.0,0.6277,-0.0015,0.0,0.011,-0.0019,-0.0023,0.0585,0.0,0.0,0.0,0.084999998100102,up,2026-09-14T09:45:38,10.0,8.0
AAPL,2027-02-19,157,Call,120.0,AAPL270219C00120000,211.45,215.3,213.375,185.94,0.0,0.0,0.0,40.0,0.5606,0.9986,0.0,0.0122,0.0,0.4694,213.4167,0.0,0.0,0.0,216.550003051758,down,2026-08-17T13:09:52,12.0,12.0
AAPL,2027-02-19,157,Put,120.0,AAPL270219P00120000,0.0,0.16,0.08,0.08,0.0,0.0,0.0,26.0,0.5908,-0.0018,0.0,0.0126,-0.0021,-0.0027,0.0666,0.0,0.0,0.0,0.0599999995902181,up,2026-09-08T09:59:00,0.0,40.0
AAPL,2027-02-19,157,Call,125.0,AAPL270219C00125000,206.55,210.2,208.375,204.36,0.0,0.0,0.0,82.0,0.0,0.9984,0.0,0.0142,0.0,0.4891,208.5174,0.0,0.0,0.0,211.524993896484,up,2026-09-01T11:56:07,12.0,1.0
AAPL,2027-02-19,157,Put,125.0,AAPL270219P00125000,0.0,0.12,0.06,0.08,0.0,0.0,0.0,27.0,0.5535,-0.002,0.0,0.0144,-0.0024,-0.0031,0.0759,0.0,0.0,0.0,0.0649999985471368,down,2026-09-03T10:26:00,0.0,40.0
AAPL,2027-02-19,157,Call,130.0,AAPL270219C00130000,201.65,205.5,203.575,199.32,0.0,0.0,0.0,89.0,0.5341,0.998,0.0001,0.0161,0.0,0.5083,203.6197,0.0,0.0,0.0,206.650001525879,up,2026-09-01T12:28:54,12.0,12.0
AAPL,2027-02-19,157,Put,130.0,AAPL270219P00130000,0.01,0.13,0.07,0.08,0.0,0.0,0.0,23.0,0.5366,-0.0024,0.0001,0.0163,-0.0026,-0.0036,0.0865,0.0,0.0,0.0,0.0699999975040555,down,2026-09-03T10:25:52,10.0,1.0
AAPL,2027-02-19,157,Call,135.0,AAPL270219C00135000,196.75,200.6,198.675,176.61,0.0,0.0,0.0,50.0,0.5201,0.9977,0.0001,0.0183,0.0,0.5274,198.7234,0.0,0.0,0.0,202.099998474121,down,2026-06-05T15:21:12,12.0,12.0
AAPL,2027-02-19,157,Put,135.0,AAPL270219P00135000,0.01,0.14,0.07500000000000001,0.12,0.0,0.0,0.0,30.0,0.52,-0.0027,0.0001,0.0186,-0.0029,-0.0041,0.0987,0.0,0.0,0.0,0.0699999975040555,no_change,2026-09-08T09:59:06,10.0,10.0
AAPL,2027-02-19,157,Call,140.0,AAPL270219C00140000,191.85,195.7,193.77499999999998,187.73,0.0,0.0,0.0,68.0,0.5059,0.9973,0.0001,0.021,0.0,0.5472,193.829,0.0,0.0,0.0,196.949996948242,down,2026-09-02T09:51:34,3.0,3.0
AAPL,2027-02-19,157,Put,140.0,AAPL270219P00140000,0.09,0.15,0.12,0.1,0.0,0.0,0.0,197.0,0.5259,-0.0031,0.0001,0.0212,-0.0032,-0.0047,0.1127,0.0,0.0,0.0,0.0899999979883432,no_change,2026-09-14T14:10:53,1.0,6.0
AAPL,2027-02-19,157,Call,145.0,AAPL270219C00145000,186.95,190.85,188.89999999999998,173.08,0.0,0.0,0.0,71.0,0.4918,0.9968,0.0001,0.024,0.0,0.5661,188.9369,0.0,0.0,0.0,192.325004577637,up,2026-08-31T11:52:49,4.0,3.0
AAPL,2027-02-19,157,Put,145.0,AAPL270219P00145000,0.04,0.18,0.11,0.26,0.0,0.0,0.0,47.0,0.5012,-0.0036,0.0001,0.0242,-0.0036,-0.0055,0.1289,0.0,0.0,0.0,0.10499999858439,no_change,2026-08-03T15:13:37,1.0,40.0
AAPL,2027-02-19,157,Call,150.0,AAPL270219C00150000,182.1,185.95,184.02499999999998,177.79,0.0,0.0,0.0,71.0,0.4893,0.9962,0.0001,0.0274,0.0,0.5896,184.0475,0.0,0.0,0.0,187.275001525879,up,2026-09-01T11:27:13,3.0,2.0
AAPL,2027-02-19,157,Put,150.0,AAPL270219P00150000,0.07,0.2,0.135,0.16,0.0,0.0,0.0,34.0,0.4934,-0.0042,0.0001,0.0275,-0.004,-0.0063,0.1477,0.0,0.0,0.0,0.129999998956919,down,2026-09-01T10:25:43,1.0,52.0
AAPL,2027-02-19,157,Call,155.0,AAPL270219C00155000,177.2,181.05,179.125,173.14,0.0,0.0,0.0,49.0,0.483,0.9955,0.0001,0.0312,0.0,0.6427,179.1627,0.0,0.0,0.0,182.425003051758,up,2026-09-01T11:31:03,3.0,3.0
AAPL,2027-02-19,157,Put,155.0,AAPL270219P00155000,0.1,0.22,0.16,0.2,0.0,0.0,0.0,46.0,0.484,-0.0048,0.0001,0.0314,-0.0045,-0.0073,0.1695,0.0,0.0,0.0,0.154999997466803,down,2026-08-12T09:58:46,20.0,1.0
AAPL,2027-02-19,157,Call,160.0,AAPL270219C00160000,172.35,176.2,174.27499999999998,169.25,0.0,0.0,0.0,57.0,0.4733,0.9947,0.0001,0.0356,0.0,0.6773,174.2864,0.0,0.0,0.0,177.525001525879,up,2026-09-01T12:14:24,3.0,3.0
AAPL,2027-02-19,157,Put,160.0,AAPL270219P00160000,0.11,0.26,0.185,0.18,0.0,0.0,0.0,39.0,0.4737,-0.0056,0.0001,0.0358,-0.005,-0.0084,0.1948,0.0,0.0,0.0,0.174999997019768,down,2026-09-10T11:00:58,1.0,51.0
AAPL,2027-02-19,157,Call,165.0,AAPL270219C00165000,167.45,171.15,169.3,153.48,0.0,0.0,0.0,572.0,0.4383,0.9939,0.0002,0.0405,0.0,0.6994,169.4159,0.0,0.0,0.0,172.700004577637,up,2026-08-19T14:39:19,3.0,10.0
AAPL,2027-02-19,157,Put,165.0,AAPL270219P00165000,0.14,0.29,0.215,0.2,0.0,0.0,0.0,178.0,0.4641,-0.0065,0.0002,0.0408,-0.0056,-0.0098,0.224,0.0,0.0,0.0,0.21000000089407,down,2026-09-11T15:01:17,14.0,2.0
AAPL,2027-02-19,157,Call,170.0,AAPL270219C00170000,162.6,166.35,164.475,146.7,0.0,0.0,0.0,41.0,0.4444,0.9928,0.0002,0.0461,0.0,0.7194,164.5503,0.0,0.0,0.0,167.824996948242,up,2026-08-24T10:56:01,3.0,1.0
AAPL,2027-02-19,157,Put,170.0,AAPL270219P00170000,0.18,0.34,0.26,0.36,0.0,0.0,0.0,58.0,0.457,-0.0075,0.0002,0.0464,-0.0063,-0.0113,0.2583,0.0,0.0,0.0,0.244999997317791,up,2026-09-02T14:01:25,10.0,10.0
AAPL,2027-02-19,157,Call,175.0,AAPL270219C00175000,157.75,161.6,159.675,141.89,0.0,0.0,0.0,80.0,0.4442,0.9916,0.0002,0.0524,0.0,0.739,159.6901,0.0,0.0,0.0,162.974998474121,up,2026-09-09T11:50:31,3.0,3.0
AAPL,2027-02-19,157,Put,175.0,AAPL270219P00175000,0.21,0.39,0.3,0.3,0.0,0.0,0.0,205.0,0.4476,-0.0087,0.0002,0.0528,-0.007,-0.0131,0.2979,0.0,0.0,0.0,0.285000003874302,no_change,2026-09-11T15:30:39,17.0,56.0
AAPL,2027-02-19,157,Call,180.0,AAPL270219C00180000,152.9,156.7,154.8,151.0,0.0,0.0,0.0,25.0,0.4316,0.9903,0.0003,0.0597,0.0,0.7583,154.8361,0.0,0.0,0.0,158.224998474121,no_change,2026-09-03T15:17:06,3.0,1.0
AAPL,2027-02-19,157,Put,180.0,AAPL270219P00180000,0.25,0.45,0.35,0.34,0.025,7.93651,5.0,72.0,0.432,-0.0101,0.0003,0.0602,-0.0078,-0.0151,0.3437,0.34,0.34,0.34,0.314999997615814,no_change,2026-09-15T13:54:33,49.0,83.0
AAPL,2027-02-19,157,Call,185.0,AAPL270219C00185000,148.05,151.75,149.9,150.35,0.0,0.0,0.0,21.0,0.4144,0.9887,0.0003,0.0678,0.0,0.7773,149.9893,0.0,0.0,0.0,153.25,up,2026-07-17T12:15:04,3.0,1.0
AAPL,2027-02-19,157,Put,185.0,AAPL270219P00185000,0.33,0.49,0.41000000000000003,0.49,0.0,0.0,0.0,118.0,0.4314,-0.0117,0.0003,0.0682,-0.0087,-0.0175,0.3967,0.0,0.0,0.0,0.385000005364418,no_change,2026-09-09T12:40:49,23.0,34.0
AAPL,2027-02-19,157,Call,190.0,AAPL270219C00190000,143.2,147.0,145.1,128.22,0.0,0.0,0.0,48.0,0.4138,0.9869,0.0004,0.0768,0.0,0.7959,145.1507,0.0,0.0,0.0,148.525001525879,down,2026-09-09T13:03:30,3.0,1.0
AAPL,2027-02-19,157,Put,190.0,AAPL270219P00190000,0.37,0.57,0.47,0.61,0.0,0.0,0.0,340.0,0.4225,-0.0136,0.0004,0.0774,-0.0097,-0.0202,0.4579,0.0,0.0,0.0,0.469999998807907,up,2026-09-09T12:40:49,10.0,10.0
AAPL,2027-02-19,157,Call,195.0,AAPL270219C00195000,138.35,142.1,140.225,134.9,0.0,0.0,0.0,9.0,0.4037,0.9848,0.0004,0.087,0.0,0.8141,140.3213,0.0,0.0,0.0,143.650001525879,down,2026-07-22T12:53:51,3.0,1.0
AAPL,2027-02-19,157,Put,195.0,AAPL270219P00195000,0.46,0.59,0.525,0.73,0.0,0.0,0.0,103.0,0.4122,-0.0157,0.0004,0.0878,-0.0108,-0.0234,0.5286,0.0,0.0,0.0,0.540000006556511,up,2026-09-09T14:14:19,3.0,4.0
AAPL,2027-02-19,157,Call,200.0,AAPL270219C00200000,134.0,137.3,135.65,128.98,0.0,0.0,0.0,467.0,0.4194,0.9824,0.0005,0.0985,0.0,0.8317,135.5026,0.0,0.0,0.0,138.724998474121,up,2026-09-10T12:44:47,14.0,1.0
AAPL,2027-02-19,157,Put,200.0,AAPL270219P00200000,0.54,0.67,0.605,0.6,0.0,0.0,0.0,420.0,0.4041,-0.0181,0.0005,0.0992,-0.012,-0.0271,0.6104,0.0,0.0,0.0,0.599999994039536,down,2026-09-11T10:05:53,35.0,37.0
AAPL,2027-02-19,157,Call,210.0,AAPL270219C00210000,124.3,127.75,126.025,121.95,0.0,0.0,0.0,42.0,0.3992,0.9764,0.0007,0.1251,0.0,0.8653,125.904,0.0,0.0,0.0,129.125,up,2026-09-03T15:00:58,10.0,25.0
AAPL,2027-02-19,157,Put,210.0,AAPL270219P00210000,0.69,0.92,0.8049999999999999,0.85,0.015,1.79641,2.0,233.0,0.3887,-0.0241,0.0007,0.1262,-0.0147,-0.0359,0.8131,0.85,0.85,0.85,0.83500000834465,up,2026-09-15T13:08:03,136.0,170.0
AAPL,2027-02-19,157,Call,220.0,AAPL270219C00220000,114.8,118.1,116.44999999999999,119.6,0.0,0.0,0.0,198.0,0.3802,0.9687,0.0009,0.158,0.0,0.8958,116.3706,0.0,0.0,0.0,119.424999237061,no_change,2026-09-11T12:20:10,14.0,6.0
AAPL,2027-02-19,157,Put,220.0,AAPL270219P00220000,1.02,1.14,1.08,1.15,0.075,6.97675,102.0,452.0,0.3746,-0.032,0.0009,0.1592,-0.018,-0.0474,1.0815,1.17,1.17,1.15,1.07499998807907,down,2026-09-15T15:03:39,1.0,84.0
AAPL,2027-02-19,157,Call,230.0,AAPL270219C00230000,105.35,108.0,106.675,109.8,0.0,0.0,0.0,182.0,0.3479,0.9586,0.0011,0.198,0.0,0.9227,106.9235,0.0,0.0,0.0,109.350002288818,up,2026-09-11T10:27:11,111.0,55.0
AAPL,2027-02-19,157,Put,230.0,AAPL270219P00230000,1.33,1.52,1.425,1.49,0.11,7.97101,1.0,1124.0,0.3608,-0.0423,0.0012,0.1998,-0.0219,-0.0626,1.4382,1.49,1.49,1.49,1.37999999523163,up,2026-09-15T13:12:21,74.0,54.0
AAPL,2027-02-19,157,Call,240.0,AAPL270219C00240000,96.55,99.1,97.82499999999999,96.23,-4.72,-4.67558,1.0,108.0,0.3584,0.9454,0.0015,0.2456,-0.0034,0.9448,97.5913,96.23,96.23,96.23,100.950000762939,down,2026-09-15T13:25:52,26.0,78.0
AAPL,2027-02-19,157,Put,240.0,AAPL270219P00240000,1.8,1.99,1.895,1.95,0.06,3.1746,17.0,2715.0,0.3483,-0.0556,0.0015,0.248,-0.0263,-0.0817,1.9093,1.99,2.01,1.95,1.88999998569489,no_change,2026-09-15T15:50:00,35.0,11.0
AAPL,2027-02-19,157,Call,250.0,AAPL270219C00250000,87.35,89.65,88.5,87.2,-4.575,-4.98502,12.0,562.0,0.3402,0.9286,0.0019,0.3019,-0.0107,0.9607,88.4099,86.3,87.2,86.3,91.7750015258789,up,2026-09-15T12:17:45,75.0,102.0
AAPL,2027-02-19,157,Put,250.0,AAPL270219P00250000,2.42,2.64,2.5300000000000002,2.68,0.235,9.61145,31.0,2496.0,0.337,-0.0727,0.0019,0.3049,-0.0314,-0.1061,2.5359,2.6,2.68,2.59,2.4449999332428,up,2026-09-15T15:17:15,89.0,68.0
AAPL,2027-02-19,157,Call,260.0,AAPL270219C00260000,78.35,80.45,79.4,82.78,0.0,0.0,0.0,638.0,0.3257,0.9073,0.0023,0.3668,-0.0185,0.9691,79.4243,0.0,0.0,0.0,82.3250007629394,up,2026-09-14T15:20:23,40.0,5.0
AAPL,2027-02-19,157,Put,260.0,AAPL270219P00260000,3.25,3.45,3.35,3.35,0.05,1.51515,30.0,3327.0,0.326,-0.0945,0.0024,0.3703,-0.0371,-0.1371,3.363,3.6,3.6,3.35,3.29999995231628,no_change,2026-09-15T15:55:51,135.0,153.0
AAPL,2027-02-19,157,Call,270.0,AAPL270219C00270000,69.65,71.55,70.6,73.6,0.0,0.0,0.0,281.0,0.3143,0.8806,0.0029,0.439,-0.0268,0.9688,70.6883,0.0,0.0,0.0,73.6499977111816,up,2026-09-14T14:53:50,29.0,24.0
AAPL,2027-02-19,157,Put,270.0,AAPL270219P00270000,4.3,4.55,4.425,4.65,0.325,7.51445,1.0,13222.0,0.3158,-0.1219,0.003,0.4433,-0.0433,-0.1755,4.4471,4.65,4.65,4.65,4.32500004768372,up,2026-09-15T15:16:27,102.0,97.0
AAPL,2027-02-19,157,Call,280.0,AAPL270219C00280000,61.2,63.35,62.275000000000006,61.75,-3.15,-4.85362,12.0,834.0,0.3074,0.8477,0.0035,0.5166,-0.0353,0.9583,62.2639,61.16,61.85,60.32,64.9000015258789,down,2026-09-15T15:52:30,160.0,154.0
AAPL,2027-02-19,157,Put,280.0,AAPL270219P00280000,5.65,6.0,5.825,5.9,0.25,4.42478,121.0,7411.0,0.3068,-0.1555,0.0036,0.5229,-0.0498,-0.2209,5.8443,5.96,6.1,5.9,5.65000009536743,no_change,2026-09-15T15:54:37,114.0,117.0
AAPL,2027-02-19,157,Call,290.0,AAPL270219C00290000,53.15,54.95,54.05,53.0,-4.225,-7.38314,11.0,1945.0,0.296,0.8083,0.0042,0.5967,-0.0436,0.9363,54.2189,53.42,54.0,52.4,57.2250003814697,down,2026-09-15T14:36:13,153.0,70.0
AAPL,2027-02-19,157,Put,290.0,AAPL270219P00290000,7.55,7.7,7.625,7.65,0.325,4.43686,245.0,7357.0,0.2983,-0.1965,0.0043,0.6034,-0.0563,-0.2749,7.6511,7.77,8.0,7.55,7.32500004768372,down,2026-09-15T15:58:50,44.0,101.0
AAPL,2027-02-19,157,Call,300.0,AAPL270219C00300000,46.2,47.3,46.75,46.74,-2.635,-5.33671,18.0,1564.0,0.293,0.762,0.0049,0.6752,-0.0514,0.9022,46.6249,45.4,46.74,45.25,49.375,up,2026-09-15T15:55:01,84.0,91.0
AAPL,2027-02-19,157,Put,300.0,AAPL270219P00300000,9.7,10.0,9.85,9.86,0.385,4.06333,17.0,3725.0,0.2901,-0.2446,0.0051,0.6821,-0.0623,-0.3361,9.9176,10.0,10.45,9.86,9.47499990463257,down,2026-09-15T15:54:53,53.0,40.0
AAPL,2027-02-19,157,Call,310.0,AAPL270219C00310000,38.95,40.7,39.825,39.05,-2.9,-6.91299,27.0,1577.0,0.2878,0.7091,0.0055,0.7465,-0.0582,0.8561,39.5537,39.19,39.19,38.14,41.9499988555908,down,2026-09-15T15:21:28,83.0,224.0
AAPL,2027-02-19,157,Put,310.0,AAPL270219P00310000,12.45,12.8,12.625,12.7,0.575,4.74227,70.0,3083.0,0.283,-0.2996,0.0058,0.7531,-0.0674,-0.4016,12.7127,12.8,13.15,12.55,12.125,no_change,2026-09-15T15:58:48,74.0,50.0
AAPL,2027-02-19,157,Call,320.0,AAPL270219C00320000,32.25,33.55,32.9,33.13,-2.245,-6.34629,37.0,3463.0,0.276,0.65,0.0061,0.8053,-0.0636,0.7983,33.0527,32.67,33.2,31.65,35.375,no_change,2026-09-15T15:55:53,149.0,72.0
AAPL,2027-02-19,157,Put,320.0,AAPL270219P00320000,15.9,16.25,16.075,16.0,0.575,3.72771,56.0,2043.0,0.2769,-0.3619,0.0064,0.8089,-0.0712,-0.4706,16.1551,16.8,17.25,16.0,15.4250001907349,down,2026-09-15T15:55:03,53.0,58.0
AAPL,2027-02-19,157,Call,330.0,AAPL270219C00330000,26.75,27.7,27.225,26.47,-3.08,-10.423,12.0,4963.0,0.2724,0.5864,0.0066,0.846,-0.0672,0.7312,27.2253,25.55,27.15,25.55,29.5500001907349,down,2026-09-15T15:42:25,39.0,74.0
AAPL,2027-02-19,157,Put,330.0,AAPL270219P00330000,20.1,20.35,20.225,20.2,0.8,4.12371,115.0,1116.0,0.2719,-0.4293,0.007,0.8451,-0.0734,-0.5376,20.2646,20.92,21.2,20.2,19.4000005722046,down,2026-09-15T15:59:44,7.0,23.0
AAPL,2027-02-19,157,Call,340.0,AAPL270219C00340000,21.9,22.3,22.1,21.7,-2.3,-9.58333,107.0,4181.0,0.2677,0.52,0.0068,0.865,-0.0688,0.6568,22.0912,21.9,22.0,21.0,24.0,no_change,2026-09-15T14:56:03,90.0,64.0
AAPL,2027-02-19,157,Put,340.0,AAPL270219P00340000,24.85,25.25,25.05,25.65,1.575,6.54206,5.0,565.0,0.2667,-0.5008,0.0074,0.8554,-0.0736,-0.596,25.1278,25.99,25.99,25.65,24.0749998092651,down,2026-09-15T15:32:17,49.0,56.0
AAPL,2027-02-19,157,Call,350.0,AAPL270219C00350000,17.5,17.85,17.675,17.04,-2.36,-12.1649,5.0,4048.0,0.2635,0.453,0.0069,0.8602,-0.0682,0.5785,17.6686,16.9,17.45,16.9,19.3999996185303,up,2026-09-15T15:37:55,53.0,45.0
AAPL,2027-02-19,157,Put,350.0,AAPL270219P00350000,30.15,31.15,30.65,29.24,0.0,0.0,0.0,369.0,0.2624,-0.5741,0.0076,0.8376,-0.072,-0.6394,30.762,0.0,0.0,0.0,29.5,down,2026-09-14T14:46:31,29.0,25.0
AAPL,2027-02-19,157,Call,360.0,AAPL270219C00360000,13.8,14.15,13.975000000000001,13.3,-2.15,-13.9159,587.0,2904.0,0.261,0.3877,0.0067,0.8326,-0.0658,0.4998,13.9453,14.0,14.0,13.3,15.4499998092651,down,2026-09-15T15:31:27,65.0,16.0
AAPL,2027-02-19,157,Put,360.0,AAPL270219P00360000,36.5,38.2,37.35,36.68,0.0,0.0,0.0,124.0,0.2632,-0.6467,0.0076,0.7909,-0.0686,-0.6602,37.1464,0.0,0.0,0.0,35.6499996185303,no_change,2026-09-14T09:34:30,5.0,12.0
AAPL,2027-02-19,157,Call,370.0,AAPL270219C00370000,10.75,11.05,10.9,10.4,-1.825,-14.9284,595.0,4835.0,0.2586,0.3263,0.0064,0.7851,-0.0618,0.424,10.8782,10.65,10.85,10.4,12.2250003814697,no_change,2026-09-15T15:31:20,24.0,19.0
AAPL,2027-02-19,157,Put,370.0,AAPL270219P00370000,43.6,45.25,44.425,45.36,2.61,6.10526,1.0,38.0,0.2603,-0.717,0.0074,0.7161,-0.0637,-0.6575,44.2832,45.36,45.36,45.36,42.75,up,2026-09-15T09:30:02,17.0,21.0
AAPL,2027-02-19,157,Call,380.0,AAPL270219C00380000,8.3,8.6,8.45,8.0,-1.575,-16.4491,25.0,2893.0,0.2574,0.2704,0.0059,0.7226,-0.0566,0.3537,8.3999,8.35,8.35,8.0,9.57499980926514,no_change,2026-09-15T15:31:20,76.0,128.0
AAPL,2027-02-19,157,Put,380.0,AAPL270219P00380000,51.3,53.05,52.175,56.3,0.0,0.0,0.0,50.0,0.258,-0.7832,0.0071,0.617,-0.0579,-0.6197,52.0976,0.0,0.0,0.0,49.875,up,2026-09-01T11:52:12,23.0,17.0
AAPL,2027-02-19,157,Call,390.0,AAPL270219C00390000,6.3,6.6,6.449999999999999,6.45,-0.975,-13.1313,3.0,1610.0,0.256,0.221,0.0053,0.6504,-0.0508,0.2906,6.43,6.33,6.45,6.33,7.42500019073486,up,2026-09-15T14:21:31,63.0,67.0
AAPL,2027-02-19,157,Put,390.0,AAPL270219P00390000,59.25,61.45,60.35,68.4,0.0,0.0,0.0,1.0,0.2521,-0.8444,0.0067,0.4969,-0.0521,-0.5404,60.5189,0.0,0.0,0.0,57.9500007629394,up,2026-09-10T09:38:31,21.0,11.0
AAPL,2027-02-19,157,Call,400.0,AAPL270219C00400000,4.8,5.0,4.9,4.71,-0.99,-17.3684,67.0,6683.0,0.2554,0.1785,0.0047,0.5737,-0.0446,0.2355,4.886,4.92,5.0,4.7,5.70000004768372,no_change,2026-09-15T15:48:12,100.0,106.0
AAPL,2027-02-19,157,Put,400.0,AAPL270219P00400000,68.45,70.4,69.42500000000001,89.0,0.0,0.0,0.0,0.0,0.2538,-0.9007,0.0064,0.3566,-0.0448,-0.4096,69.4717,0.0,0.0,0.0,66.6500015258789,down,2026-05-28T11:56:29,7.0,7.0
AAPL,2027-02-19,157,Call,410.0,AAPL270219C00410000,3.55,3.85,3.7,3.55,-0.85,-19.3182,51.0,1559.0,0.2552,0.1426,0.004,0.4972,-0.0385,0.1886,3.6901,3.5,3.7,3.5,4.40000009536743,down,2026-09-15T15:31:21,49.0,138.0
AAPL,2027-02-19,157,Put,410.0,AAPL270219P00410000,77.4,79.9,78.65,78.32,0.0,0.0,0.0,0.0,0.0,-0.951,0.006,0.2002,-0.0377,-0.1782,78.8786,0.0,0.0,0.0,76.0250015258789,no_change,2026-07-24T12:35:46,6.0,6.0
AAPL,2027-02-19,157,Call,420.0,AAPL270219C00420000,2.65,2.88,2.7649999999999997,2.69,-0.635,-19.0977,10.0,1287.0,0.255,0.1129,0.0034,0.4246,-0.0327,0.1495,2.7734,2.69,2.69,2.69,3.32500004768372,down,2026-09-15T11:41:43,40.0,39.0
AAPL,2027-02-19,157,Put,420.0,AAPL270219P00420000,86.8,90.7,88.75,0.0,0.0,0.0,0.0,0.0,0.0,-0.9858,0.0028,0.0484,-0.0603,0.0,88.6951,0.0,0.0,0.0,85.5750007629394,no_change,,3.0,4.0
AAPL,2027-02-19,157,Call,430.0,AAPL270219C00430000,1.97,2.17,2.07,2.05,-0.47,-18.6508,3.0,396.0,0.2554,0.0887,0.0029,0.3581,-0.0274,0.1178,2.0773,2.0,2.05,2.0,2.51999998092651,up,2026-09-15T15:12:55,10.0,45.0
AAPL,2027-02-19,157,Put,430.0,AAPL270219P00430000,96.75,100.65,98.7,0.0,0.0,0.0,0.0,0.0,0.2879,-0.9998,0.0,0.0,-0.085,0.0,98.6951,0.0,0.0,0.0,95.5249977111816,no_change,,11.0,1.0
AAPL,2027-02-19,157,Call,440.0,AAPL270219C00440000,1.45,1.69,1.5699999999999998,1.6,-0.335,-17.3127,1.0,403.0,0.2559,0.0693,0.0024,0.2985,-0.0228,0.0922,1.553,1.6,1.6,1.6,1.93500000238419,down,2026-09-15T15:35:05,63.0,25.0
AAPL,2027-02-19,157,Put,440.0,AAPL270219P00440000,106.8,110.7,108.75,0.0,0.0,0.0,0.0,0.0,0.0,-1.0,0.0,0.0,-0.085,0.0,108.6951,0.0,0.0,0.0,105.524997711182,no_change,,11.0,11.0
AAPL,2027-02-19,157,Call,450.0,AAPL270219C00450000,1.08,1.26,1.17,1.15,-0.285,-19.8606,11.0,522.0,0.2568,0.054,0.002,0.2464,-0.0188,0.0717,1.1604,1.15,1.15,1.15,1.43500000238419,no_change,2026-09-15T14:34:07,87.0,22.0
AAPL,2027-02-19,157,Put,450.0,AAPL270219P00450000,116.8,120.7,118.75,0.0,0.0,0.0,0.0,0.0,0.0,-1.0,0.0,0.0,-0.085,0.0,118.6951,0.0,0.0,0.0,115.524997711182,no_change,,11.0,11.0
AAPL,2027-02-19,157,Call,460.0,AAPL270219C00460000,0.82,0.92,0.87,0.85,-0.26,-23.4234,15.0,516.0,0.2586,0.0419,0.0016,0.2025,-0.0153,0.0556,0.8678,0.85,0.85,0.85,1.10999995470047,down,2026-09-15T10:38:14,115.0,38.0
AAPL,2027-02-19,157,Put,460.0,AAPL270219P00460000,126.75,130.65,128.7,0.0,0.0,0.0,0.0,0.0,0.339,-1.0,0.0,0.0,-0.085,0.0,128.6951,0.0,0.0,0.0,125.599998474121,no_change,,11.0,1.0
AAPL,2027-02-19,157,Call,470.0,AAPL270219C00470000,0.6,0.7,0.6499999999999999,0.64,-0.17,-20.9877,25.0,345.0,0.2599,0.0324,0.0013,0.165,-0.0125,0.0431,0.6489,0.64,0.64,0.64,0.810000002384186,down,2026-09-15T10:29:07,21.0,66.0
AAPL,2027-02-19,157,Put,470.0,AAPL270219P00470000,137.0,140.65,138.825,0.0,0.0,0.0,0.0,0.0,0.3615,-1.0,0.0,0.0,-0.085,0.0,138.6951,0.0,0.0,0.0,135.550003051758,no_change,,1.0,1.0
AAPL,2027-02-19,157,Call,480.0,AAPL270219C00480000,0.38,0.53,0.455,0.48,-0.105,-17.9487,1.0,51.0,0.2585,0.0253,0.001,0.1348,-0.0102,0.0335,0.4907,0.48,0.48,0.48,0.584999978542328,down,2026-09-15T11:39:35,95.0,10.0
AAPL,2027-02-19,157,Put,480.0,AAPL270219P00480000,146.75,150.65,148.7,0.0,0.0,0.0,0.0,0.0,0.3734,-1.0,0.0,0.0,-0.085,0.0,148.6951,0.0,0.0,0.0,145.625,no_change,,11.0,1.0
AAPL,2027-02-19,157,Call,490.0,AAPL270219C00490000,0.33,0.41,0.37,0.47,0.0,0.0,0.0,132.0,0.2632,0.0196,0.0008,0.1095,-0.0082,0.026,0.37,0.0,0.0,0.0,0.454999998211861,down,2026-09-14T13:36:17,32.0,20.0
AAPL,2027-02-19,157,Put,490.0,AAPL270219P00490000,157.0,160.65,158.825,0.0,0.0,0.0,0.0,0.0,0.4,-1.0,0.0,0.0,-0.085,0.0,158.6951,0.0,0.0,0.0,155.575004577637,no_change,,1.0,1.0
AAPL,2027-02-19,157,Call,500.0,AAPL270219C00500000,0.18,0.32,0.25,0.36,0.0,0.0,0.0,2718.0,0.2611,0.0153,0.0007,0.089,-0.0067,0.0203,0.2823,0.0,0.0,0.0,0.329999998211861,up,2026-09-14T12:25:50,19.0,13.0
AAPL,2027-02-19,157,Put,500.0,AAPL270219P00500000,166.8,170.7,168.75,0.0,0.0,0.0,0.0,0.0,0.406,-1.0,0.0,0.0,-0.085,0.0,168.6951,0.0,0.0,0.0,165.525001525879,no_change,,11.0,11.0
AAPL,2027-02-19,157,Call,510.0,AAPL270219C00510000,0.16,0.27,0.21500000000000002,0.24,0.0,0.0,0.0,55.0,0.2671,0.012,0.0005,0.0728,-0.0055,0.016,0.2172,0.0,0.0,0.0,0.270000003278255,no_change,2026-09-10T11:09:21,1.0,1.0
AAPL,2027-02-19,157,Put,510.0,AAPL270219P00510000,177.0,180.7,178.85,0.0,0.0,0.0,0.0,0.0,0.432,-1.0,0.0,0.0,-0.085,0.0,178.6951,0.0,0.0,0.0,175.525001525879,no_change,,1.0,11.0
AAPL,2027-02-19,157,Call,520.0,AAPL270219C00520000,0.04,0.23,0.135,0.21,0.0,0.0,0.0,745.0,0.2682,0.0095,0.0004,0.0596,-0.0045,0.0126,0.1687,0.0,0.0,0.0,0.204999998211861,down,2026-09-01T10:28:58,36.0,36.0
AAPL,2027-02-19,157,Put,520.0,AAPL270219P00520000,186.8,190.7,188.75,0.0,0.0,0.0,0.0,0.0,0.437,-1.0,0.0,0.0,-0.085,0.0,188.6951,0.0,0.0,0.0,185.650001525879,no_change,,11.0,11.0
AAPL,2027-02-19,157,Call,530.0,AAPL270219C00530000,0.07,0.18,0.125,0.16,0.0,0.0,0.0,154.0,0.2707,0.0076,0.0004,0.0492,-0.0037,0.0101,0.1326,0.0,0.0,0.0,0.144999995827675,up,2026-09-09T15:21:44,9.0,10.0
AAPL,2027-02-19,157,Put,530.0,AAPL270219P00530000,196.8,200.7,198.75,0.0,0.0,0.0,0.0,0.0,0.4548,-1.0,0.0,0.0,-0.085,0.0,198.6951,0.0,0.0,0.0,195.650001525879,no_change,,11.0,11.0
AAPL,2027-02-19,157,Call,540.0,AAPL270219C00540000,0.04,0.15,0.095,0.1,0.0,0.0,0.0,23.0,0.2723,0.0062,0.0003,0.0408,-0.0031,0.0081,0.1056,0.0,0.0,0.0,0.110000001266599,down,2026-09-02T10:46:01,38.0,12.0
AAPL,2027-02-19,157,Put,540.0,AAPL270219P00540000,206.75,210.65,208.7,0.0,0.0,0.0,0.0,0.0,0.4666,-1.0,0.0,0.0,-0.085,0.0,208.6951,0.0,0.0,0.0,205.525001525879,no_change,,11.0,1.0
AAPL,2027-02-19,157,Call,550.0,AAPL270219C00550000,0.02,0.12,0.06999999999999999,0.08,-0.005,-5.88235,1.0,47.0,0.273,0.005,0.0002,0.0342,-0.0026,0.0066,0.0852,0.08,0.08,0.08,0.0849999999627471,no_change,2026-09-15T10:33:13,93.0,113.0
AAPL,2027-02-19,157,Put,550.0,AAPL270219P00550000,216.8,220.65,218.72500000000002,0.0,0.0,0.0,0.0,0.0,0.4838,-1.0,0.0,0.0,-0.085,0.0,218.6951,0.0,0.0,0.0,215.525001525879,no_change,,1.0,1.0
AAPL,2027-02-19,157,Call,560.0,AAPL270219C00560000,0.01,0.1,0.055,0.01,0.0,0.0,0.0,13.0,0.2754,0.0041,0.0002,0.0289,-0.0022,0.0054,0.0697,0.0,0.0,0.0,0.0699999975040555,down,2026-09-04T10:25:22,16.0,12.0
AAPL,2027-02-19,157,Put,560.0,AAPL270219P00560000,226.75,230.65,228.7,0.0,0.0,0.0,0.0,0.0,0.4978,-1.0,0.0,0.0,-0.085,0.0,228.6951,0.0,0.0,0.0,225.650001525879,no_change,,11.0,1.0
AAPL,2027-02-19,157,Call,570.0,AAPL270219C00570000,0.01,0.13,0.07,0.11,0.0,0.0,0.0,14.0,0.2905,0.0035,0.0002,0.0246,-0.0019,0.0045,0.0578,0.0,0.0,0.0,0.0599999995902181,up,2026-09-02T13:24:09,7.0,13.0
AAPL,2027-02-19,157,Put,570.0,AAPL270219P00570000,236.8,240.7,238.75,0.0,0.0,0.0,0.0,0.0,0.5115,-1.0,0.0,0.0,-0.085,0.0,238.6951,0.0,0.0,0.0,235.625,no_change,,11.0,11.0
AAPL,2027-02-19,157,Call,580.0,AAPL270219C00580000,0.0,0.22,0.11,0.03,-0.03,-50.0,31.0,45.0,0.3157,0.0029,0.0001,0.0212,-0.0016,0.0038,0.0486,0.03,0.03,0.03,0.0599999995902181,down,2026-09-15T11:52:44,0.0,16.0
AAPL,2027-02-19,157,Put,580.0,AAPL270219P00580000,246.65,250.65,248.65,0.0,0.0,0.0,0.0,0.0,0.525,-1.0,0.0,0.0,-0.085,0.0,248.6951,0.0,0.0,0.0,245.550003051758,no_change,,1.0,1.0
AAPL,2027-02-19,157,Call,590.0,AAPL270219C00590000,0.0,0.17,0.085,0.07,0.005,7.69231,3.0,15.0,0.3166,0.0025,0.0001,0.0184,-0.0014,0.0032,0.0413,0.14,0.14,0.07,0.0649999985471368,down,2026-09-15T10:53:52,0.0,13.0
AAPL,2027-02-19,157,Put,590.0,AAPL270219P00590000,256.75,260.65,258.7,0.0,0.0,0.0,0.0,0.0,0.5383,-1.0,0.0,0.0,-0.085,0.0,258.6951,0.0,0.0,0.0,255.500007629395,no_change,,11.0,1.0
AAPL,2027-02-19,157,Call,600.0,AAPL270219C00600000,0.0,0.06,0.03,0.03,-0.03,-50.0,500.0,6025.0,0.3027,0.0022,0.0001,0.0161,-0.0013,0.0028,0.0357,0.03,0.03,0.03,0.0599999986588955,down,2026-09-15T09:30:06,0.0,2.0
AAPL,2027-02-19,157,Put,600.0,AAPL270219P00600000,266.75,270.65,268.7,0.0,0.0,0.0,0.0,0.0,0.5483,-1.0,0.0,0.0,-0.085,0.0,268.6951,0.0,0.0,0.0,265.649993896484,no_change,,11.0,1.0
AAPL,2027-03-19,185,Call,5.0,AAPL270319C00005000,324.45,328.2,326.325,299.0,0.0,0.0,0.0,0.0,0.0,1.0,0.0,0.0,0.0,0.0075,326.4688,0.0,0.0,0.0,329.524993896484,no_change,2026-06-08T14:34:55,11.0,1.0
AAPL,2027-03-19,185,Put,5.0,AAPL270319P00005000,0.0,0.05,0.025,0.01,0.0,0.0,0.0,3.0,2.0099,0.0,0.0,0.0001,0.0,0.0,0.0006,0.0,0.0,0.0,0.00499999988824129,down,2026-06-16T13:07:30,0.0,1.0
AAPL,2027-03-19,185,Call,10.0,AAPL270319C00010000,319.5,323.3,321.4,0.0,0.0,0.0,0.0,0.0,0.0,1.0,0.0,0.0,0.0,0.015,321.5025,0.0,0.0,0.0,324.424987792969,no_change,,11.0,1.0
AAPL,2027-03-19,185,Put,10.0,AAPL270319P00010000,0.0,0.03,0.015,0.01,0.0,0.0,0.0,1.0,1.6061,0.0,0.0,0.0002,0.0,0.0,0.0012,0.0,0.0,0.0,0.00499999988824129,down,2026-06-12T13:26:43,0.0,1.0
AAPL,2027-03-19,185,Call,15.0,AAPL270319C00015000,314.55,318.4,316.475,0.0,0.0,0.0,0.0,0.0,0.0,1.0,0.0,0.0,0.0,0.0234,316.5366,0.0,0.0,0.0,319.475006103516,no_change,,11.0,11.0
AAPL,2027-03-19,185,Put,15.0,AAPL270319P00015000,0.0,0.52,0.26,0.11,0.0,0.0,0.0,0.0,1.8708,0.0,0.0,0.0003,-0.0001,-0.0001,0.0021,0.0,0.0,0.0,0.25,up,2026-05-28T13:44:15,0.0,43.0
AAPL,2027-03-19,185,Call,20.0,AAPL270319C00020000,309.65,313.5,311.575,0.0,0.0,0.0,0.0,0.0,0.0,1.0,0.0,0.0002,0.0,0.0599,311.5796,0.0,0.0,0.0,314.700012207031,no_change,,11.0,11.0
AAPL,2027-03-19,185,Put,20.0,AAPL270319P00020000,0.0,0.52,0.26,0.0,0.0,0.0,0.0,0.0,1.6586,0.0,0.0,0.0004,-0.0001,-0.0001,0.0031,0.0,0.0,0.0,0.25,no_change,,0.0,43.0
AAPL,2027-03-19,185,Call,25.0,AAPL270319C00025000,304.75,308.5,306.625,0.0,0.0,0.0,0.0,0.0,0.0,1.0,0.0,0.0005,0.0,0.0985,306.6689,0.0,0.0,0.0,309.774993896484,no_change,,11.0,1.0
AAPL,2027-03-19,185,Put,25.0,AAPL270319P00025000,0.0,0.52,0.26,0.0,0.0,0.0,0.0,0.0,1.5182,-0.0001,0.0,0.0006,-0.0002,-0.0001,0.0042,0.0,0.0,0.0,0.254999995231628,no_change,,0.0,43.0
AAPL,2027-03-19,185,Call,30.0,AAPL270319C00030000,299.85,303.6,301.725,218.22,0.0,0.0,0.0,0.0,0.0,1.0,0.0,0.0007,0.0,0.1182,301.7616,0.0,0.0,0.0,304.875,down,2026-03-20T10:08:17,11.0,1.0
AAPL,2027-03-19,185,Put,30.0,AAPL270319P00030000,0.0,0.52,0.26,0.0,0.0,0.0,0.0,0.0,1.406,-0.0001,0.0,0.0008,-0.0002,-0.0002,0.0056,0.0,0.0,0.0,0.25,no_change,,0.0,43.0
AAPL,2027-03-19,185,Call,35.0,AAPL270319C00035000,294.9,298.7,296.79999999999995,0.0,0.0,0.0,0.0,0.0,0.0,1.0,0.0,0.0009,0.0,0.1378,296.8547,0.0,0.0,0.0,299.850006103516,no_change,,11.0,1.0
AAPL,2027-03-19,185,Put,35.0,AAPL270319P00035000,0.0,0.52,0.26,0.0,0.0,0.0,0.0,0.0,1.3017,-0.0001,0.0,0.0011,-0.0003,-0.0002,0.0071,0.0,0.0,0.0,0.245000004768372,no_change,,0.0,43.0
AAPL,2027-03-19,185,Call,40.0,AAPL270319C00040000,290.05,293.65,291.85,0.0,0.0,0.0,0.0,0.0,0.0,1.0,0.0,0.0012,0.0,0.1576,291.9481,0.0,0.0,0.0,295.074996948242,no_change,,11.0,1.0
AAPL,2027-03-19,185,Put,40.0,AAPL270319P00040000,0.0,0.52,0.26,0.0,0.0,0.0,0.0,0.0,1.2492,-0.0001,0.0,0.0014,-0.0003,-0.0003,0.0089,0.0,0.0,0.0,0.245000004768372,no_change,,0.0,43.0
AAPL,2027-03-19,185,Call,45.0,AAPL270319C00045000,285.15,289.0,287.075,264.84,0.0,0.0,0.0,1.0,0.9882,1.0,0.0,0.0017,0.0,0.1776,287.0419,0.0,0.0,0.0,290.075012207031,down,2026-08-25T15:26:10,11.0,11.0
AAPL,2027-03-19,185,Put,45.0,AAPL270319P00045000,0.0,0.52,0.26,0.0,0.0,0.0,0.0,0.0,1.1728,-0.0002,0.0,0.0018,-0.0004,-0.0004,0.0109,0.0,0.0,0.0,0.254999995231628,no_change,,0.0,43.0
AAPL,2027-03-19,185,Call,50.0,AAPL270319C00050000,280.25,284.1,282.175,255.7,0.0,0.0,0.0,3.0,0.9853,1.0,0.0,0.0021,0.0,0.1978,282.1362,0.0,0.0,0.0,285.174987792969,down,2026-08-17T10:31:49,11.0,11.0
AAPL,2027-03-19,185,Put,50.0,AAPL270319P00050000,0.01,0.21,0.11,0.04,-0.01,-20.0,2.0,650.0,1.02,-0.0002,0.0,0.0022,-0.0004,-0.0004,0.0132,0.11,0.11,0.04,0.0500000016763806,down,2026-09-15T09:50:50,1.0,2.0
AAPL,2027-03-19,185,Call,60.0,AAPL270319C00060000,270.5,274.3,272.4,237.58,0.0,0.0,0.0,2.0,0.9165,1.0,0.0,0.0033,0.0,0.283,272.3393,0.0,0.0,0.0,275.424987792969,down,2026-06-15T14:48:45,11.0,1.0
AAPL,2027-03-19,185,Put,60.0,AAPL270319P00060000,0.02,0.3,0.16,0.07,0.0,0.0,0.0,9.0,0.9609,-0.0004,0.0,0.0032,-0.0006,-0.0007,0.0187,0.0,0.0,0.0,0.0449999999254942,no_change,2026-09-14T13:57:11,1.0,7.0
AAPL,2027-03-19,185,Call,70.0,AAPL270319C00070000,260.75,264.6,262.675,243.4,0.0,0.0,0.0,3.0,0.8086,0.9999,0.0,0.0044,0.0,0.3485,262.576,0.0,0.0,0.0,265.674987792969,down,2026-06-04T14:34:12,11.0,11.0
AAPL,2027-03-19,185,Put,70.0,AAPL270319P00070000,0.0,0.44,0.22,0.03,0.0,0.0,0.0,39.0,0.9086,-0.0005,0.0,0.0044,-0.0008,-0.001,0.0255,0.0,0.0,0.0,0.185000002384186,no_change,2026-09-14T13:57:35,0.0,1.0
AAPL,2027-03-19,185,Call,80.0,AAPL270319C00080000,250.95,254.6,252.77499999999998,245.48,0.0,0.0,0.0,4.0,0.6385,0.9996,0.0,0.006,0.0,0.3998,252.8207,0.0,0.0,0.0,255.900001525879,down,2026-09-02T15:42:22,11.0,1.0
AAPL,2027-03-19,185,Put,80.0,AAPL270319P00080000,0.0,0.4,0.2,0.07,0.0,0.0,0.0,126.0,0.819,-0.0007,0.0,0.006,-0.001,-0.0013,0.0341,0.0,0.0,0.0,0.174999997019768,down,2026-09-03T10:29:43,0.0,43.0
AAPL,2027-03-19,185,Call,85.0,AAPL270319C00085000,246.1,249.95,248.02499999999998,233.32,0.0,0.0,0.0,31.0,0.7468,0.9995,0.0,0.007,0.0,0.4246,247.944,0.0,0.0,0.0,251.125,down,2026-08-19T11:54:34,11.0,11.0
AAPL,2027-03-19,185,Put,85.0,AAPL270319P00085000,0.0,0.3,0.15,0.08,0.0,0.0,0.0,64.0,0.7648,-0.0008,0.0,0.007,-0.0012,-0.0015,0.0392,0.0,0.0,0.0,0.159999996423721,down,2026-09-03T11:25:39,0.0,11.0
AAPL,2027-03-19,185,Call,90.0,AAPL270319C00090000,241.2,244.85,243.02499999999998,246.05,0.0,0.0,0.0,7.0,0.6212,0.9994,0.0,0.008,0.0,0.4494,243.0681,0.0,0.0,0.0,246.125,up,2026-09-11T13:24:30,11.0,1.0
AAPL,2027-03-19,185,Put,90.0,AAPL270319P00090000,0.0,0.11,0.055,0.04,-0.02,-33.3333,2.0,5.0,0.668,-0.001,0.0,0.0081,-0.0013,-0.0018,0.0449,0.12,0.12,0.04,0.0599999995902181,down,2026-09-15T09:50:59,0.0,53.0
AAPL,2027-03-19,185,Call,95.0,AAPL270319C00095000,236.3,240.15,238.22500000000002,187.37,0.0,0.0,0.0,1.0,0.681,0.9992,0.0,0.0092,0.0,0.4741,238.1928,0.0,0.0,0.0,241.274993896484,down,2026-06-25T10:39:13,11.0,11.0
AAPL,2027-03-19,185,Put,95.0,AAPL270319P00095000,0.0,0.27,0.135,0.16,0.0,0.0,0.0,24.0,0.6997,-0.0012,0.0,0.0092,-0.0014,-0.0021,0.0513,0.0,0.0,0.0,0.0649999985471368,up,2026-09-08T11:10:03,0.0,4.0
AAPL,2027-03-19,185,Call,100.0,AAPL270319C00100000,231.45,235.1,233.27499999999998,219.21,0.0,0.0,0.0,13.0,0.5466,0.999,0.0,0.0105,0.0,0.4988,233.3182,0.0,0.0,0.0,236.375,no_change,2026-08-31T15:59:17,11.0,1.0
AAPL,2027-03-19,185,Put,100.0,AAPL270319P00100000,0.01,0.22,0.115,0.1,0.0,0.0,0.0,76.0,0.6583,-0.0013,0.0,0.0106,-0.0016,-0.0024,0.0584,0.0,0.0,0.0,0.100000003352761,no_change,2026-09-14T13:57:59,1.0,5.0
AAPL,2027-03-19,185,Call,105.0,AAPL270319C00105000,226.55,230.4,228.47500000000002,208.4,0.0,0.0,0.0,46.0,0.6371,0.9988,0.0,0.0121,0.0,0.5234,228.4446,0.0,0.0,0.0,231.524993896484,up,2026-08-18T10:36:10,11.0,11.0
AAPL,2027-03-19,185,Put,105.0,AAPL270319P00105000,0.0,0.18,0.09,0.05,0.0,0.0,0.0,32.0,0.6237,-0.0016,0.0,0.0121,-0.0018,-0.0028,0.0664,0.0,0.0,0.0,0.0600000005215406,down,2026-09-14T13:58:14,0.0,5.0
AAPL,2027-03-19,185,Call,110.0,AAPL270319C00110000,221.7,225.35,223.52499999999998,209.87,0.0,0.0,0.0,2.0,0.5324,0.9986,0.0,0.0138,0.0,0.5479,223.5719,0.0,0.0,0.0,226.625,up,2026-07-13T15:54:58,11.0,1.0
AAPL,2027-03-19,185,Put,110.0,AAPL270319P00110000,0.0,0.13,0.065,0.06,0.0,0.0,0.0,71.0,0.5826,-0.0018,0.0,0.0139,-0.002,-0.0032,0.0755,0.0,0.0,0.0,0.0599999995902181,down,2026-09-03T11:34:36,0.0,43.0
AAPL,2027-03-19,185,Call,115.0,AAPL270319C00115000,216.8,220.65,218.72500000000002,201.29,0.0,0.0,0.0,2.0,0.5964,0.9983,0.0,0.0157,0.0,0.5724,218.7005,0.0,0.0,0.0,221.75,down,2026-09-09T13:04:25,11.0,11.0
AAPL,2027-03-19,185,Put,115.0,AAPL270319P00115000,0.0,0.13,0.065,0.08,0.0,0.0,0.0,62.0,0.5605,-0.0021,0.0,0.0158,-0.0022,-0.0037,0.0858,0.0,0.0,0.0,0.0699999975040555,down,2026-09-02T10:49:37,0.0,43.0
AAPL,2027-03-19,185,Call,120.0,AAPL270319C00120000,211.9,215.6,213.75,194.16,0.0,0.0,0.0,6.0,0.5099,0.998,0.0001,0.0178,0.0,0.5968,213.8304,0.0,0.0,0.0,216.900001525879,up,2026-08-21T12:30:11,12.0,1.0
AAPL,2027-03-19,185,Put,120.0,AAPL270319P00120000,0.05,0.14,0.095,0.09,0.0,0.0,0.0,115.0,0.5525,-0.0024,0.0001,0.0179,-0.0025,-0.0042,0.0974,0.0,0.0,0.0,0.0950000006705522,no_change,2026-09-09T12:26:19,3.0,43.0
AAPL,2027-03-19,185,Call,125.0,AAPL270319C00125000,207.05,210.9,208.97500000000002,200.1,0.0,0.0,0.0,44.0,0.5584,0.9976,0.0001,0.0202,0.0,0.6211,208.9619,0.0,0.0,0.0,212.024993896484,up,2026-08-28T11:50:27,12.0,12.0
AAPL,2027-03-19,185,Put,125.0,AAPL270319P00125000,0.04,0.14,0.09000000000000001,0.1,0.02,25.0,22.0,32.0,0.5288,-0.0027,0.0001,0.0203,-0.0027,-0.0049,0.1106,0.04,0.1,0.04,0.0800000028684735,no_change,2026-09-15T10:49:21,23.0,12.0
AAPL,2027-03-19,185,Call,130.0,AAPL270319C00130000,202.2,206.0,204.1,200.0,0.0,0.0,0.0,26.0,0.5297,0.9972,0.0001,0.023,0.0,0.6454,204.0952,0.0,0.0,0.0,207.200004577637,up,2026-09-01T12:23:44,12.0,1.0
AAPL,2027-03-19,185,Put,130.0,AAPL270319P00130000,0.1,0.16,0.13,0.1,0.0,0.0,0.0,84.0,0.5293,-0.0032,0.0001,0.0232,-0.003,-0.0056,0.1257,0.0,0.0,0.0,0.12500000372529,down,2026-09-14T09:48:43,1.0,4.0
AAPL,2027-03-19,185,Call,135.0,AAPL270319C00135000,197.3,201.15,199.22500000000002,183.35,0.0,0.0,0.0,31.0,0.5227,0.9968,0.0001,0.0261,0.0,0.6695,199.2307,0.0,0.0,0.0,202.299995422363,up,2026-08-31T11:29:55,4.0,3.0
AAPL,2027-03-19,185,Put,135.0,AAPL270319P00135000,0.05,0.18,0.11499999999999999,0.11,0.0,0.0,0.0,73.0,0.5028,-0.0036,0.0001,0.0263,-0.0034,-0.0064,0.1431,0.0,0.0,0.0,0.115000003948808,down,2026-09-10T12:43:34,34.0,44.0
AAPL,2027-03-19,185,Call,140.0,AAPL270319C00140000,192.45,196.3,194.375,178.7,0.0,0.0,0.0,44.0,0.5139,0.9962,0.0001,0.0296,0.0,0.6935,194.3687,0.0,0.0,0.0,197.425003051758,up,2026-08-31T11:17:08,4.0,3.0
AAPL,2027-03-19,185,Put,140.0,AAPL270319P00140000,0.11,0.2,0.155,0.16,0.01,6.66667,1.0,87.0,0.5003,-0.0042,0.0001,0.0297,-0.0037,-0.0074,0.1629,0.16,0.16,0.16,0.150000002235174,up,2026-09-15T14:59:10,1.0,50.0
AAPL,2027-03-19,185,Call,145.0,AAPL270319C00145000,187.6,191.4,189.5,158.35,0.0,0.0,0.0,61.0,0.489,0.9956,0.0001,0.0335,0.0,0.7174,189.5096,0.0,0.0,0.0,192.75,no_change,2026-06-16T12:10:06,4.0,1.0
AAPL,2027-03-19,185,Put,145.0,AAPL270319P00145000,0.1,0.23,0.165,0.18,0.0,0.0,0.0,74.0,0.4852,-0.0048,0.0001,0.0337,-0.0042,-0.0085,0.1857,0.0,0.0,0.0,0.160000000149012,no_change,2026-09-09T12:25:15,32.0,49.0
AAPL,2027-03-19,185,Call,150.0,AAPL270319C00150000,182.75,186.6,184.675,169.22,0.0,0.0,0.0,60.0,0.487,0.9949,0.0001,0.038,0.0,0.741,184.6539,0.0,0.0,0.0,187.925003051758,up,2026-08-31T11:02:42,4.0,3.0
AAPL,2027-03-19,185,Put,150.0,AAPL270319P00150000,0.11,0.27,0.19,0.25,0.0,0.0,0.0,195.0,0.4749,-0.0055,0.0001,0.0384,-0.0046,-0.0098,0.2119,0.0,0.0,0.0,0.189999993890524,down,2026-09-09T12:26:19,1.0,43.0
AAPL,2027-03-19,185,Call,155.0,AAPL270319C00155000,177.9,181.75,179.825,159.69,0.0,0.0,0.0,235.0,0.4764,0.9941,0.0002,0.0431,0.0,0.7645,179.8021,0.0,0.0,0.0,183.074996948242,no_change,2026-08-06T11:22:02,4.0,3.0
AAPL,2027-03-19,185,Put,155.0,AAPL270319P00155000,0.13,0.31,0.22,0.25,0.0,0.0,0.0,63.0,0.4665,-0.0064,0.0002,0.0435,-0.0051,-0.0113,0.2422,0.0,0.0,0.0,0.219999998807907,no_change,2026-09-08T09:36:22,51.0,51.0
AAPL,2027-03-19,185,Call,160.0,AAPL270319C00160000,173.05,176.85,174.95,168.91,0.0,0.0,0.0,266.0,0.46,0.9931,0.0002,0.0488,0.0,0.7877,174.955,0.0,0.0,0.0,178.375,up,2026-09-02T10:01:32,4.0,1.0
AAPL,2027-03-19,185,Put,160.0,AAPL270319P00160000,0.18,0.35,0.265,0.22,0.0,0.0,0.0,97.0,0.4583,-0.0073,0.0002,0.0491,-0.0057,-0.0129,0.2771,0.0,0.0,0.0,0.245000004768372,down,2026-09-11T11:46:36,37.0,30.0
AAPL,2027-03-19,185,Call,165.0,AAPL270319C00165000,168.2,172.05,170.125,166.32,0.0,0.0,0.0,551.0,0.4538,0.992,0.0002,0.0551,0.0,0.8107,170.1131,0.0,0.0,0.0,173.25,up,2026-09-03T15:29:37,4.0,3.0
AAPL,2027-03-19,185,Put,165.0,AAPL270319P00165000,0.2,0.37,0.28500000000000003,0.31,0.025,8.77193,38.0,1895.0,0.452,-0.0084,0.0002,0.0556,-0.0063,-0.0149,0.3172,0.31,0.31,0.3,0.284999996423721,no_change,2026-09-15T10:03:06,35.0,15.0
AAPL,2027-03-19,185,Call,170.0,AAPL270319C00170000,163.35,167.2,165.27499999999998,150.41,0.0,0.0,0.0,524.0,0.4463,0.9908,0.0002,0.0624,0.0,0.8333,165.2772,0.0,0.0,0.0,168.425003051758,down,2026-08-19T10:00:09,1.0,26.0
AAPL,2027-03-19,185,Put,170.0,AAPL270319P00170000,0.31,0.46,0.385,0.39,0.045,13.0435,54.0,517.0,0.4467,-0.0097,0.0002,0.0632,-0.007,-0.0171,0.3636,0.42,0.42,0.34,0.344999998807907,no_change,2026-09-15T13:09:45,5.0,45.0
AAPL,2027-03-19,185,Call,175.0,AAPL270319C00175000,158.55,162.4,160.47500000000002,151.28,0.0,0.0,0.0,122.0,0.4377,0.9893,0.0003,0.0706,0.0,0.8556,160.4483,0.0,0.0,0.0,163.574996948242,down,2026-09-04T10:27:57,4.0,3.0
AAPL,2027-03-19,185,Put,175.0,AAPL270319P00175000,0.36,0.51,0.435,0.4,0.005,1.26582,26.0,1555.0,0.437,-0.0112,0.0003,0.0712,-0.0078,-0.0197,0.4171,0.45,0.45,0.38,0.394999995827675,no_change,2026-09-15T13:09:45,1.0,54.0
AAPL,2027-03-19,185,Call,180.0,AAPL270319C00180000,153.7,157.0,155.35,154.27,-4.63,-2.91378,19.0,86.0,0.3834,0.9876,0.0003,0.0796,0.0,0.8775,155.6273,154.27,154.27,154.27,158.900001525879,up,2026-09-15T10:27:29,4.0,1.0
AAPL,2027-03-19,185,Put,180.0,AAPL270319P00180000,0.4,0.6,0.5,0.51,0.045,9.67742,33.0,761.0,0.428,-0.0129,0.0003,0.0802,-0.0086,-0.0226,0.4784,0.52,0.56,0.49,0.464999988675118,up,2026-09-15T14:54:25,57.0,111.0
AAPL,2027-03-19,185,Call,185.0,AAPL270319C00185000,148.9,152.75,150.825,131.8,0.0,0.0,0.0,22.0,0.4212,0.9857,0.0004,0.0897,0.0,0.899,150.8152,0.0,0.0,0.0,154.075004577637,up,2026-08-07T15:46:46,4.0,3.0
AAPL,2027-03-19,185,Put,185.0,AAPL270319P00185000,0.44,0.67,0.555,0.56,0.02,3.70371,22.0,616.0,0.4178,-0.0148,0.0004,0.0908,-0.0096,-0.026,0.5488,0.56,0.57,0.53,0.53999999165535,no_change,2026-09-15T11:24:51,32.0,35.0
AAPL,2027-03-19,185,Call,190.0,AAPL270319C00190000,144.15,147.85,146.0,135.27,0.0,0.0,0.0,29.0,0.408,0.9836,0.0004,0.1011,0.0,0.9199,146.0134,0.0,0.0,0.0,149.324996948242,up,2026-09-04T10:48:25,1.0,1.0
AAPL,2027-03-19,185,Put,190.0,AAPL270319P00190000,0.54,0.69,0.615,0.63,0.0,0.0,0.0,1012.0,0.4077,-0.017,0.0004,0.1022,-0.0106,-0.0299,0.63,0.0,0.0,0.0,0.615000009536743,up,2026-09-11T10:45:56,28.0,31.0
AAPL,2027-03-19,185,Call,195.0,AAPL270319C00195000,139.35,143.15,141.25,126.93,0.0,0.0,0.0,329.0,0.4042,0.9811,0.0005,0.1136,0.0,0.9403,141.2233,0.0,0.0,0.0,144.474998474121,down,2026-08-06T09:59:04,47.0,1.0
AAPL,2027-03-19,185,Put,195.0,AAPL270319P00195000,0.68,0.78,0.73,0.68,0.0,0.0,0.0,999.0,0.4023,-0.0196,0.0005,0.1146,-0.0117,-0.0342,0.723,0.0,0.0,0.0,0.755000025033951,up,2026-09-11T11:09:02,43.0,31.0
AAPL,2027-03-19,185,Call,200.0,AAPL270319C00200000,134.95,138.3,136.625,140.0,0.0,0.0,0.0,108.0,0.4082,0.9782,0.0006,0.1274,0.0,0.96,136.4466,0.0,0.0,0.0,139.625,up,2026-09-14T11:48:18,55.0,55.0
AAPL,2027-03-19,185,Put,200.0,AAPL270319P00200000,0.78,0.93,0.855,0.88,0.05,6.0241,1.0,2649.0,0.3964,-0.0224,0.0006,0.1289,-0.013,-0.0392,0.8292,0.88,0.88,0.88,0.8299999833107,up,2026-09-15T14:54:25,34.0,30.0
AAPL,2027-03-19,185,Call,210.0,AAPL270319C00210000,125.5,128.75,127.125,123.0,0.0,0.0,0.0,168.0,0.392,0.9714,0.0007,0.1598,0.0,0.9971,126.9407,0.0,0.0,0.0,130.074996948242,up,2026-09-03T15:00:58,61.0,31.0
AAPL,2027-03-19,185,Put,210.0,AAPL270319P00210000,1.06,1.21,1.135,1.23,0.0,0.0,0.0,2061.0,0.3833,-0.0294,0.0008,0.1612,-0.0157,-0.0512,1.0902,0.0,0.0,0.0,1.07499998807907,down,2026-09-10T14:52:27,18.0,17.0
AAPL,2027-03-19,185,Call,220.0,AAPL270319C00220000,116.0,119.35,117.675,115.75,-4.9,-4.06133,10.0,119.0,0.3756,0.9625,0.001,0.1986,0.0,1.0306,117.5141,115.75,115.75,115.75,120.649997711182,up,2026-09-15T10:14:03,122.0,121.0
AAPL,2027-03-19,185,Put,220.0,AAPL270319P00220000,1.35,1.49,1.42,1.35,0.0,0.0,0.0,2568.0,0.3667,-0.0385,0.001,0.2013,-0.019,-0.0669,1.4323,0.0,0.0,0.0,1.4200000166893,down,2026-09-14T10:01:56,34.0,31.0
AAPL,2027-03-19,185,Call,230.0,AAPL270319C00230000,106.65,109.95,108.30000000000001,111.25,0.0,0.0,0.0,394.0,0.3598,0.9512,0.0012,0.2447,-0.0011,1.0592,108.1904,0.0,0.0,0.0,111.275001525879,up,2026-09-14T09:30:04,128.0,83.0
AAPL,2027-03-19,185,Put,230.0,AAPL270319P00230000,1.78,1.95,1.865,1.89,0.01,0.531915,41.0,3473.0,0.3545,-0.05,0.0012,0.2476,-0.0227,-0.0864,1.8795,1.93,1.93,1.89,1.87999999523163,down,2026-09-15T15:50:01,79.0,116.0
AAPL,2027-03-19,185,Call,240.0,AAPL270319C00240000,97.95,100.4,99.17500000000001,96.8,-5.725,-5.584,1.0,467.0,0.3498,0.9368,0.0015,0.299,-0.0072,1.082,98.9988,96.8,96.8,96.8,102.524997711182,down,2026-09-15T09:48:40,125.0,82.0
AAPL,2027-03-19,185,Put,240.0,AAPL270319P00240000,2.34,2.52,2.4299999999999997,2.51,0.145,6.13108,20.0,6234.0,0.3427,-0.0647,0.0016,0.3023,-0.027,-0.1111,2.4628,2.53,2.54,2.51,2.36500000953674,down,2026-09-15T15:03:38,103.0,71.0
AAPL,2027-03-19,185,Call,250.0,AAPL270319C00250000,88.95,91.45,90.2,88.67,-4.105,-4.42468,2.0,1173.0,0.3396,0.9188,0.0019,0.3609,-0.0137,1.098,89.976,89.45,89.45,88.67,92.7749977111816,down,2026-09-15T12:53:55,149.0,143.0
AAPL,2027-03-19,185,Put,250.0,AAPL270319P00250000,3.1,3.35,3.225,3.27,0.17,5.48387,209.0,10150.0,0.3335,-0.0831,0.002,0.3661,-0.0318,-0.1422,3.2185,3.31,3.4,3.25,3.10000002384186,down,2026-09-15T15:44:15,145.0,198.0
AAPL,2027-03-19,185,Call,260.0,AAPL270319C00260000,80.15,82.75,81.45,80.05,-3.575,-4.27504,45.0,2029.0,0.3303,0.8966,0.0024,0.4303,-0.0207,1.1056,81.1652,80.52,80.52,80.05,83.625,no_change,2026-09-15T14:37:48,168.0,217.0
AAPL,2027-03-19,185,Put,260.0,AAPL270319P00260000,4.1,4.25,4.175,4.25,0.225,5.59006,529.0,4964.0,0.3232,-0.106,0.0024,0.4365,-0.037,-0.1802,4.1915,4.3,4.35,4.15,4.02499997615814,no_change,2026-09-15T15:58:41,254.0,53.0
AAPL,2027-03-19,185,Call,270.0,AAPL270319C00270000,71.6,73.7,72.65,71.33,-3.72,-4.95669,33.0,1807.0,0.3153,0.8694,0.0029,0.5064,-0.0279,1.1032,72.6153,72.0,72.0,71.02,75.0499992370606,down,2026-09-15T15:23:40,164.0,37.0
AAPL,2027-03-19,185,Put,270.0,AAPL270319P00270000,5.3,5.55,5.425,5.65,0.4,7.61905,306.0,5722.0,0.3143,-0.134,0.0029,0.5129,-0.0425,-0.225,5.4356,5.5,5.65,5.45,5.25,no_change,2026-09-15T15:28:45,106.0,82.0
AAPL,2027-03-19,185,Call,280.0,AAPL270319C00280000,63.35,65.25,64.3,63.77,-3.28,-4.89187,22.0,2259.0,0.3049,0.8369,0.0034,0.5864,-0.0352,1.0902,64.3811,62.45,63.77,62.45,67.0499992370606,no_change,2026-09-15T12:14:06,133.0,42.0
AAPL,2027-03-19,185,Put,280.0,AAPL270319P00280000,6.8,7.15,6.975,7.25,0.525,7.80669,321.0,8278.0,0.3057,-0.1677,0.0035,0.5937,-0.0482,-0.278,7.0071,7.2,7.3,7.05,6.72499990463257,no_change,2026-09-15T15:13:11,80.0,90.0
AAPL,2027-03-19,185,Call,290.0,AAPL270319C00290000,55.5,57.3,56.4,55.27,-4.355,-7.30398,33.0,2082.0,0.2969,0.7988,0.004,0.6669,-0.0422,1.0659,56.5214,55.45,55.45,54.65,59.625,up,2026-09-15T12:09:08,197.0,97.0
AAPL,2027-03-19,185,Put,290.0,AAPL270319P00290000,8.7,9.05,8.875,8.95,0.375,4.37317,286.0,8617.0,0.2976,-0.207,0.0041,0.6756,-0.0536,-0.3395,8.9515,9.2,9.35,8.9,8.5750002861023,no_change,2026-09-15T15:59:19,124.0,20.0
AAPL,2027-03-19,185,Call,300.0,AAPL270319C00300000,48.05,49.9,48.974999999999994,47.73,-4.37,-8.38772,30.0,3731.0,0.29,0.7548,0.0046,0.7445,-0.0487,1.0294,49.097,48.15,48.69,47.73,52.1000003814697,down,2026-09-15T15:23:43,180.0,107.0
AAPL,2027-03-19,185,Put,300.0,AAPL270319P00300000,11.15,11.45,11.3,11.35,0.5,4.6083,626.0,5830.0,0.2906,-0.2533,0.0048,0.7539,-0.0588,-0.4082,11.3809,12.0,12.0,11.35,10.8499999046326,down,2026-09-15T15:54:40,124.0,72.0
AAPL,2027-03-19,185,Call,310.0,AAPL270319C00310000,41.3,43.0,42.15,41.29,-3.335,-7.47339,40.0,4923.0,0.2851,0.7054,0.0051,0.8149,-0.0544,0.9807,42.1673,41.65,42.65,40.8,44.625,down,2026-09-15T15:57:30,220.0,135.0
AAPL,2027-03-19,185,Put,310.0,AAPL270319P00310000,14.0,14.4,14.2,14.3,0.6,4.37956,116.0,4287.0,0.2842,-0.305,0.0054,0.8224,-0.0631,-0.48,14.2925,14.61,14.9,14.3,13.6999998092651,down,2026-09-15T15:58:36,123.0,92.0
AAPL,2027-03-19,185,Call,320.0,AAPL270319C00320000,34.85,36.0,35.425,36.0,-2.1,-5.51181,47.0,6215.0,0.2756,0.651,0.0056,0.8732,-0.0589,0.9205,35.7663,36.0,36.0,34.5,38.1000003814697,no_change,2026-09-15T15:54:50,126.0,5.0
AAPL,2027-03-19,185,Put,320.0,AAPL270319P00320000,17.5,17.95,17.725,18.35,1.325,7.78267,88.0,5160.0,0.2783,-0.363,0.006,0.878,-0.0665,-0.5544,17.8298,18.13,18.5,18.0,17.0250005722046,no_change,2026-09-15T15:13:23,67.0,57.0
AAPL,2027-03-19,185,Call,330.0,AAPL270319C00330000,29.45,30.45,29.95,30.1,-2.05,-6.37636,187.0,8744.0,0.274,0.5928,0.006,0.915,-0.0621,0.851,29.9864,28.75,30.15,28.75,32.1499996185303,no_change,2026-09-15T15:56:55,312.0,158.0
AAPL,2027-03-19,185,Put,330.0,AAPL270319P00330000,21.65,22.1,21.875,22.6,1.475,6.98225,1081.0,2892.0,0.2733,-0.4252,0.0064,0.9142,-0.0685,-0.6229,21.9758,22.5,22.9,22.22,21.125,no_change,2026-09-15T15:13:25,77.0,57.0
AAPL,2027-03-19,185,Call,340.0,AAPL270319C00340000,24.65,25.05,24.85,24.04,-2.685,-10.0468,81.0,5039.0,0.2701,0.5324,0.0062,0.937,-0.0636,0.7745,24.8389,24.36,25.0,24.01,26.7249994277954,up,2026-09-15T15:30:41,43.0,33.0
AAPL,2027-03-19,185,Put,340.0,AAPL270319P00340000,26.5,26.95,26.725,27.12,1.445,5.62804,317.0,407.0,0.269,-0.4909,0.0068,0.9271,-0.0691,-0.6856,26.8176,27.7,27.75,27.12,25.6750001907349,down,2026-09-15T14:32:48,55.0,56.0
AAPL,2027-03-19,185,Call,350.0,AAPL270319C00350000,20.2,20.55,20.375,20.2,-1.875,-8.49377,56.0,6322.0,0.2666,0.4712,0.0063,0.9378,-0.0636,0.6936,20.3392,20.25,20.4,19.8,22.0749998092651,down,2026-09-15T15:59:29,41.0,49.0
AAPL,2027-03-19,185,Put,350.0,AAPL270319P00350000,31.8,32.7,32.25,33.05,1.925,6.18474,741.0,321.0,0.265,-0.5584,0.007,0.9132,-0.0682,-0.7316,32.3661,32.79,33.47,32.65,31.125,no_change,2026-09-15T13:37:10,22.0,31.0
AAPL,2027-03-19,185,Call,360.0,AAPL270319C00360000,16.3,16.65,16.475,16.45,-1.6,-8.86427,136.0,4327.0,0.2632,0.4111,0.0062,0.9176,-0.0621,0.6113,16.4788,16.3,16.5,15.8,18.0500001907349,up,2026-09-15T15:54:40,100.0,32.0
AAPL,2027-03-19,185,Put,360.0,AAPL270319P00360000,37.2,39.7,38.45,45.25,0.0,0.0,0.0,97.0,0.2615,-0.6258,0.007,0.8733,-0.0659,-0.7623,38.604,0.0,0.0,0.0,36.9750003814697,no_change,2026-09-10T09:38:22,11.0,20.0
AAPL,2027-03-19,185,Call,370.0,AAPL270319C00370000,13.1,13.4,13.25,12.77,-1.755,-12.0826,114.0,4886.0,0.2612,0.3539,0.006,0.8783,-0.0592,0.5304,13.2255,13.15,13.2,12.45,14.5250000953674,down,2026-09-15T15:40:27,100.0,49.0
AAPL,2027-03-19,185,Put,370.0,AAPL270319P00370000,44.95,46.6,45.775000000000006,43.5,0.0,0.0,0.0,27.0,0.2638,-0.6919,0.007,0.8097,-0.0626,-0.7704,45.5459,0.0,0.0,0.0,43.9750003814697,down,2026-09-11T11:04:50,18.0,18.0
AAPL,2027-03-19,185,Call,380.0,AAPL270319C00380000,10.4,10.7,10.55,10.3,-1.45,-12.3404,69.0,5398.0,0.2595,0.3008,0.0057,0.8235,-0.0553,0.4536,10.5271,10.45,10.45,9.95,11.75,down,2026-09-15T15:30:32,98.0,103.0
AAPL,2027-03-19,185,Put,380.0,AAPL270319P00380000,51.55,54.2,52.875,51.75,0.0,0.0,0.0,42.0,0.2555,-0.7553,0.0068,0.7191,-0.0584,-0.7488,53.1366,0.0,0.0,0.0,51.1749992370606,up,2026-09-14T15:56:58,14.0,14.0
AAPL,2027-03-19,185,Call,390.0,AAPL270319C00390000,8.15,8.5,8.325,8.2,-1.175,-12.5333,474.0,1534.0,0.2582,0.2527,0.0052,0.7579,-0.0507,0.3832,8.3196,8.0,8.35,7.85,9.375,no_change,2026-09-15T15:30:26,119.0,17.0
AAPL,2027-03-19,185,Put,390.0,AAPL270319P00390000,60.05,62.4,61.224999999999994,60.4,0.0,0.0,0.0,24.0,0.2565,-0.8148,0.0066,0.596,-0.0534,-0.6611,61.3174,0.0,0.0,0.0,58.7750015258789,no_change,2026-09-14T11:16:19,26.0,25.0
AAPL,2027-03-19,185,Call,400.0,AAPL270319C00400000,6.4,6.65,6.525,6.45,-0.975,-13.1313,251.0,4438.0,0.2572,0.2102,0.0047,0.6861,-0.0457,0.3203,6.5352,6.55,6.65,6.2,7.42499995231628,up,2026-09-15T15:33:53,34.0,15.0
AAPL,2027-03-19,185,Put,400.0,AAPL270319P00400000,68.5,70.5,69.5,71.75,4.475,6.65181,20.0,11.0,0.2449,-0.8697,0.0062,0.4626,-0.0489,-0.5234,70.0156,71.94,71.94,70.2,67.2749977111816,up,2026-09-15T10:38:39,24.0,6.0
AAPL,2027-03-19,185,Call,410.0,AAPL270319C00410000,5.05,5.25,5.15,5.15,-0.75,-12.7119,20.0,2635.0,0.2577,0.1732,0.0042,0.6115,-0.0406,0.2652,5.1077,5.15,5.2,4.9,5.90000009536743,up,2026-09-15T15:56:24,16.0,21.0
AAPL,2027-03-19,185,Put,410.0,AAPL270319P00410000,77.9,80.35,79.125,85.52,0.0,0.0,0.0,10.0,0.2553,-0.9216,0.0061,0.3262,-0.0419,-0.374,79.1732,0.0,0.0,0.0,76.1749992370606,down,2026-09-10T14:51:33,8.0,8.0
AAPL,2027-03-19,185,Call,420.0,AAPL270319C00420000,3.85,4.1,3.9749999999999996,3.95,-0.675,-14.5946,28.0,4010.0,0.2569,0.1417,0.0037,0.5374,-0.0356,0.2173,3.9757,4.0,4.0,3.9,4.625,up,2026-09-15T15:42:11,109.0,96.0
AAPL,2027-03-19,185,Put,420.0,AAPL270319P00420000,87.55,90.05,88.8,0.0,0.0,0.0,0.0,0.0,0.2607,-0.966,0.0053,0.1575,-0.0391,-0.1928,88.7482,0.0,0.0,0.0,85.9500007629394,no_change,,6.0,7.0
AAPL,2027-03-19,185,Call,430.0,AAPL270319C00430000,2.94,3.2,3.0700000000000003,3.1,-0.525,-14.4828,62.0,466.0,0.2568,0.1151,0.0032,0.467,-0.0308,0.1768,3.0846,3.0,3.1,3.0,3.625,up,2026-09-15T15:29:32,25.0,51.0
AAPL,2027-03-19,185,Put,430.0,AAPL270319P00430000,96.8,100.7,98.75,0.0,0.0,0.0,0.0,0.0,0.2741,-0.992,0.0014,0.0,-0.0681,0.0,98.6951,0.0,0.0,0.0,95.3999977111816,no_change,,3.0,4.0
AAPL,2027-03-19,185,Call,440.0,AAPL270319C00440000,2.29,2.48,2.385,2.33,-0.52,-18.2456,63.0,1579.0,0.2575,0.093,0.0027,0.4021,-0.0264,0.1433,2.3882,2.6,2.6,2.33,2.85000002384186,down,2026-09-15T15:25:19,56.0,33.0
AAPL,2027-03-19,185,Put,440.0,AAPL270319P00440000,106.75,110.65,108.7,120.21,0.0,0.0,0.0,0.0,0.2964,-1.0,0.0,0.0,-0.0728,0.0,108.6951,0.0,0.0,0.0,105.399997711182,down,2026-08-28T13:26:07,11.0,1.0
AAPL,2027-03-19,185,Call,450.0,AAPL270319C00450000,1.76,1.98,1.87,2.2,0.0,0.0,0.0,667.0,0.2589,0.0748,0.0023,0.3427,-0.0224,0.1154,1.8473,0.0,0.0,0.0,2.22500002384186,up,2026-09-14T14:45:05,26.0,34.0
AAPL,2027-03-19,185,Put,450.0,AAPL270319P00450000,116.65,120.65,118.65,146.15,0.0,0.0,0.0,0.0,0.3181,-1.0,0.0,0.0,-0.0728,0.0,118.6951,0.0,0.0,0.0,115.399997711182,down,2026-06-08T14:57:57,1.0,1.0
AAPL,2027-03-19,185,Call,460.0,AAPL270319C00460000,1.36,1.5,1.4300000000000002,1.43,-0.3,-17.341,2.0,291.0,0.2591,0.06,0.0019,0.2904,-0.019,0.0926,1.4287,1.46,1.46,1.43,1.73000001907349,down,2026-09-15T15:57:11,87.0,75.0
AAPL,2027-03-19,185,Put,460.0,AAPL270319P00460000,126.75,130.65,128.7,0.0,0.0,0.0,0.0,0.0,0.3419,-1.0,0.0,0.0,-0.0728,0.0,128.6951,0.0,0.0,0.0,125.399997711182,no_change,,11.0,1.0
AAPL,2027-03-19,185,Call,470.0,AAPL270319C00470000,1.05,1.16,1.105,1.13,-0.21,-15.6716,24.0,320.0,0.26,0.0481,0.0016,0.2448,-0.0159,0.0743,1.1062,1.07,1.13,1.07,1.33999997377396,no_change,2026-09-15T12:53:55,83.0,48.0
AAPL,2027-03-19,185,Put,470.0,AAPL270319P00470000,136.65,140.65,138.65,0.0,0.0,0.0,0.0,0.0,0.3482,-1.0,0.0,0.0,-0.0728,0.0,138.6951,0.0,0.0,0.0,135.400001525879,no_change,,1.0,1.0
AAPL,2027-03-19,185,Call,480.0,AAPL270319C00480000,0.74,0.9,0.8200000000000001,0.86,-0.185,-17.7034,8.0,177.0,0.2593,0.0384,0.0014,0.2051,-0.0133,0.0593,0.8571,0.83,0.86,0.83,1.0450000166893,no_change,2026-09-15T15:00:49,161.0,23.0
AAPL,2027-03-19,185,Put,480.0,AAPL270319P00480000,146.95,150.65,148.8,0.0,0.0,0.0,0.0,0.0,0.3623,-1.0,0.0,0.0,-0.0728,0.0,148.6951,0.0,0.0,0.0,145.600006103516,no_change,,1.0,1.0
AAPL,2027-03-19,185,Call,490.0,AAPL270319C00490000,0.61,0.71,0.6599999999999999,0.65,-0.17,-20.7317,43.0,439.0,0.2622,0.0308,0.0011,0.1719,-0.0111,0.0475,0.667,0.68,0.69,0.64,0.819999992847443,up,2026-09-15T13:05:38,87.0,53.0
AAPL,2027-03-19,185,Put,490.0,AAPL270319P00490000,157.0,160.65,158.825,0.0,0.0,0.0,0.0,0.0,0.3844,-1.0,0.0,0.0,-0.0728,0.0,158.6951,0.0,0.0,0.0,155.525001525879,no_change,,1.0,1.0
AAPL,2027-03-19,185,Call,500.0,AAPL270319C00500000,0.47,0.56,0.515,0.64,0.0,0.0,0.0,301.0,0.2636,0.0247,0.0009,0.1435,-0.0093,0.0381,0.5214,0.0,0.0,0.0,0.625,down,2026-09-14T12:56:39,33.0,32.0
AAPL,2027-03-19,185,Put,500.0,AAPL270319P00500000,166.75,170.65,168.7,0.0,0.0,0.0,0.0,0.0,0.391,-1.0,0.0,0.0,-0.0728,0.0,168.6951,0.0,0.0,0.0,165.600006103516,no_change,,11.0,1.0
AAPL,2027-03-19,185,Call,510.0,AAPL270319C00510000,0.35,0.44,0.395,0.6,0.0,0.0,0.0,83.0,0.2644,0.0199,0.0008,0.1201,-0.0078,0.0306,0.4097,0.0,0.0,0.0,0.479999989271164,up,2026-09-11T11:11:31,18.0,28.0
AAPL,2027-03-19,185,Put,510.0,AAPL270319P00510000,176.75,180.65,178.7,0.0,0.0,0.0,0.0,0.0,0.4084,-1.0,0.0,0.0,-0.0728,0.0,178.6951,0.0,0.0,0.0,175.550003051758,no_change,,11.0,1.0
AAPL,2027-03-19,185,Call,520.0,AAPL270319C00520000,0.26,0.37,0.315,0.34,-0.04,-10.5263,1.0,141.0,0.2666,0.016,0.0006,0.1004,-0.0065,0.0247,0.324,0.34,0.34,0.34,0.379999995231628,down,2026-09-15T11:10:27,55.0,46.0
AAPL,2027-03-19,185,Put,520.0,AAPL270319P00520000,186.75,190.65,188.7,0.0,0.0,0.0,0.0,0.0,0.423,-1.0,0.0,0.0,-0.0728,0.0,188.6951,0.0,0.0,0.0,185.725006103516,no_change,,11.0,1.0
AAPL,2027-03-19,185,Call,530.0,AAPL270319C00530000,0.12,0.3,0.21,0.17,-0.125,-42.3729,2.0,34.0,0.2692,0.013,0.0005,0.0844,-0.0054,0.0201,0.258,0.26,0.26,0.17,0.295000001788139,down,2026-09-15T15:25:10,35.0,56.0
AAPL,2027-03-19,185,Put,530.0,AAPL270319P00530000,196.75,200.65,198.7,0.0,0.0,0.0,0.0,0.0,0.4373,-1.0,0.0,0.0,-0.0728,0.0,198.6951,0.0,0.0,0.0,195.600006103516,no_change,,11.0,1.0
AAPL,2027-03-19,185,Call,540.0,AAPL270319C00540000,0.15,0.23,0.19,0.2,-0.05,-20.0,3.0,222.0,0.269,0.0106,0.0004,0.071,-0.0046,0.0163,0.2071,0.2,0.2,0.2,0.25,down,2026-09-15T10:53:50,79.0,53.0
AAPL,2027-03-19,185,Put,540.0,AAPL270319P00540000,206.75,210.65,208.7,0.0,0.0,0.0,0.0,0.0,0.4512,-1.0,0.0,0.0,-0.0728,0.0,208.6951,0.0,0.0,0.0,205.725006103516,no_change,,11.0,1.0
AAPL,2027-03-19,185,Call,550.0,AAPL270319C00550000,0.1,0.21,0.155,0.15,-0.04,-21.0526,1.0,49.0,0.2716,0.0088,0.0004,0.06,-0.0039,0.0134,0.1678,0.15,0.15,0.15,0.189999997615814,up,2026-09-15T11:10:27,8.0,6.0
AAPL,2027-03-19,185,Put,550.0,AAPL270319P00550000,216.75,220.65,218.7,0.0,0.0,0.0,0.0,0.0,0.4649,-1.0,0.0,0.0,-0.0728,0.0,218.6951,0.0,0.0,0.0,215.600006103516,no_change,,11.0,1.0
AAPL,2027-03-19,185,Call,560.0,AAPL270319C00560000,0.06,0.19,0.125,0.14,0.0,0.0,0.0,83.0,0.2738,0.0072,0.0003,0.051,-0.0033,0.0111,0.1372,0.0,0.0,0.0,0.140000000596046,down,2026-09-14T14:10:49,64.0,24.0
AAPL,2027-03-19,185,Put,560.0,AAPL270319P00560000,226.75,230.65,228.7,0.0,0.0,0.0,0.0,0.0,0.4782,-1.0,0.0,0.0,-0.0728,0.0,228.6951,0.0,0.0,0.0,225.525001525879,no_change,,11.0,1.0
AAPL,2027-03-19,185,Call,570.0,AAPL270319C00570000,0.03,0.16,0.095,0.08,-0.05,-38.4615,1.0,1416.0,0.2741,0.006,0.0003,0.0436,-0.0028,0.0092,0.1133,0.08,0.08,0.08,0.129999998956919,down,2026-09-15T10:01:02,82.0,36.0
AAPL,2027-03-19,185,Put,570.0,AAPL270319P00570000,236.75,240.65,238.7,0.0,0.0,0.0,0.0,0.0,0.4913,-1.0,0.0,0.0,-0.0728,0.0,238.6951,0.0,0.0,0.0,235.550003051758,no_change,,11.0,1.0
AAPL,2027-03-19,185,Call,580.0,AAPL270319C00580000,0.01,0.15,0.08,0.04,0.0,0.0,0.0,128.0,0.2773,0.0051,0.0002,0.0376,-0.0025,0.0078,0.0946,0.0,0.0,0.0,0.0999999977648258,down,2026-09-14T13:06:20,25.0,89.0
AAPL,2027-03-19,185,Put,580.0,AAPL270319P00580000,246.95,250.65,248.8,0.0,0.0,0.0,0.0,0.0,0.509,-1.0,0.0,0.0,-0.0728,0.0,248.6951,0.0,0.0,0.0,245.725006103516,no_change,,1.0,1.0
AAPL,2027-03-19,185,Call,590.0,AAPL270319C00590000,0.0,0.14,0.07,0.08,0.0,0.0,0.0,7.0,0.285,0.0043,0.0002,0.0326,-0.0021,0.0066,0.0797,0.0,0.0,0.0,0.0800000000745058,down,2026-09-02T10:50:15,0.0,43.0
AAPL,2027-03-19,185,Put,590.0,AAPL270319P00590000,256.8,260.7,258.75,0.0,0.0,0.0,0.0,0.0,0.5167,-1.0,0.0,0.0,-0.0728,0.0,258.6951,0.0,0.0,0.0,255.725006103516,no_change,,11.0,11.0
AAPL,2027-03-19,185,Call,600.0,AAPL270319C00600000,0.0,0.09,0.045,0.07,0.0,0.0,0.0,4262.0,0.2925,0.0037,0.0002,0.0284,-0.0019,0.0056,0.068,0.0,0.0,0.0,0.0699999993667006,no_change,2026-09-14T13:57:45,0.0,25.0
AAPL,2027-03-19,185,Put,600.0,AAPL270319P00600000,266.8,270.7,268.75,283.39,0.0,0.0,0.0,0.0,0.5291,-1.0,0.0,0.0,-0.0728,0.0,268.6951,0.0,0.0,0.0,265.600006103516,up,2026-09-08T09:48:06,11.0,11.0
AAPL,2027-04-16,213,Call,195.0,AAPL270416C00195000,140.7,143.95,142.325,0.0,0.0,0.0,0.0,0.0,0.4036,0.9784,0.0005,0.1366,0.0,1.0703,142.1305,0.0,0.0,0.0,145.275001525879,no_change,,6.0,7.0
AAPL,2027-04-16,213,Put,195.0,AAPL270416P00195000,0.88,0.94,0.9099999999999999,0.88,-0.035,-3.82514,10.0,104.0,0.3912,-0.0224,0.0005,0.1382,-0.0119,-0.0451,0.8832,0.88,0.88,0.88,0.91499999165535,up,2026-09-15T15:55:26,8.0,6.0
AAPL,2027-04-16,213,Call,200.0,AAPL270416C00200000,135.9,139.2,137.55,134.87,0.0,0.0,0.0,1.0,0.3932,0.9752,0.0006,0.1528,0.0,1.0922,137.3923,0.0,0.0,0.0,140.525001525879,up,2026-09-03T10:19:56,11.0,10.0
AAPL,2027-04-16,213,Put,200.0,AAPL270416P00200000,0.92,1.07,0.9950000000000001,1.19,0.2,20.202,2.0,210.0,0.3817,-0.0256,0.0006,0.155,-0.0131,-0.0517,1.0108,1.19,1.19,1.19,0.989999979734421,up,2026-09-15T12:29:11,126.0,43.0
AAPL,2027-04-16,213,Call,210.0,AAPL270416C00210000,126.1,129.8,127.95,111.93,0.0,0.0,0.0,1.0,0.369,0.9677,0.0008,0.1895,0.0,1.133,127.9709,0.0,0.0,0.0,131.424995422363,down,2026-08-27T14:22:02,20.0,9.0
AAPL,2027-04-16,213,Put,210.0,AAPL270416P00210000,1.2,1.38,1.29,1.27,0.0,0.0,0.0,394.0,0.3683,-0.0334,0.0008,0.1918,-0.0158,-0.0666,1.3219,0.0,0.0,0.0,1.30499994754791,down,2026-09-11T13:41:23,95.0,12.0
AAPL,2027-04-16,213,Call,215.0,AAPL270416C00215000,121.8,125.1,123.44999999999999,112.89,0.0,0.0,0.0,5.0,0.3716,0.9631,0.0009,0.2106,0.0,1.1519,123.2923,0.0,0.0,0.0,126.775001525879,up,2026-09-04T10:44:47,6.0,7.0
AAPL,2027-04-16,213,Put,215.0,AAPL270416P00215000,1.44,1.57,1.505,1.45,0.0,0.0,0.0,81.0,0.3637,-0.038,0.0009,0.2141,-0.0174,-0.076,1.5101,0.0,0.0,0.0,1.43999999761581,down,2026-09-11T11:47:41,43.0,25.0
AAPL,2027-04-16,213,Call,220.0,AAPL270416C00220000,116.75,120.45,118.6,117.39,0.0,0.0,0.0,2.0,0.3565,0.958,0.001,0.2336,0.0,1.1693,118.6393,0.0,0.0,0.0,122.149997711182,up,2026-09-03T11:54:22,20.0,8.0
AAPL,2027-04-16,213,Put,220.0,AAPL270416P00220000,1.59,1.77,1.6800000000000002,1.77,0.09,5.35715,19.0,26.0,0.3562,-0.0432,0.001,0.2364,-0.019,-0.0861,1.7253,1.77,1.77,1.76,1.67999994754791,no_change,2026-09-15T12:22:02,125.0,45.0
AAPL,2027-04-16,213,Call,225.0,AAPL270416C00225000,112.55,115.85,114.19999999999999,115.55,0.0,0.0,0.0,1.0,0.3598,0.9523,0.0011,0.258,-0.0008,1.1856,114.0149,0.0,0.0,0.0,117.149997711182,up,2026-09-11T14:40:56,6.0,11.0
AAPL,2027-04-16,213,Put,225.0,AAPL270416P00225000,1.89,2.09,1.9899999999999998,1.91,0.0,0.0,0.0,42.0,0.3534,-0.0491,0.0011,0.2615,-0.0207,-0.0974,1.9685,0.0,0.0,0.0,1.90500003099442,up,2026-09-14T15:02:35,31.0,36.0
AAPL,2027-04-16,213,Call,230.0,AAPL270416C00230000,108.0,111.2,109.6,111.03,0.0,0.0,0.0,16.0,0.3535,0.9459,0.0012,0.2847,-0.0035,1.2003,109.4224,0.0,0.0,0.0,112.850002288818,down,2026-09-14T09:49:39,12.0,13.0
AAPL,2027-04-16,213,Put,230.0,AAPL270416P00230000,2.09,2.3,2.195,2.3,0.125,5.74713,5.0,80.0,0.3453,-0.0556,0.0013,0.2898,-0.0226,-0.1105,2.245,2.3,2.3,2.3,2.17499995231628,down,2026-09-15T12:22:04,123.0,46.0
AAPL,2027-04-16,213,Call,235.0,AAPL270416C00235000,103.0,106.7,104.85,90.1,0.0,0.0,0.0,5.0,0.3414,0.9388,0.0014,0.3136,-0.0062,1.2131,104.866,0.0,0.0,0.0,108.349998474121,no_change,2026-09-08T12:54:05,6.0,9.0
AAPL,2027-04-16,213,Put,235.0,AAPL270416P00235000,2.48,2.64,2.56,3.25,0.0,0.0,0.0,159.0,0.3419,-0.063,0.0014,0.3178,-0.0245,-0.1246,2.5599,0.0,0.0,0.0,2.43999993801117,no_change,2026-09-08T15:05:28,28.0,47.0
AAPL,2027-04-16,213,Call,240.0,AAPL270416C00240000,98.45,102.2,100.325,86.0,0.0,0.0,0.0,14.0,0.3361,0.9308,0.0016,0.3438,-0.009,1.2243,100.3503,0.0,0.0,0.0,103.824996948242,down,2026-09-09T15:15:55,19.0,1.0
AAPL,2027-04-16,213,Put,240.0,AAPL270416P00240000,2.82,3.05,2.9349999999999996,2.76,0.0,0.0,0.0,250.0,0.3374,-0.0712,0.0016,0.3487,-0.0266,-0.1402,2.9147,0.0,0.0,0.0,2.7700001001358,down,2026-09-14T10:34:17,30.0,31.0
AAPL,2027-04-16,213,Call,245.0,AAPL270416C00245000,94.5,97.7,96.1,81.14,0.0,0.0,0.0,28.0,0.338,0.922,0.0017,0.3763,-0.012,1.2336,95.879,0.0,0.0,0.0,98.9249992370606,down,2026-09-09T09:45:41,7.0,8.0
AAPL,2027-04-16,213,Put,245.0,AAPL270416P00245000,3.2,3.45,3.325,3.1,0.0,0.0,0.0,75.0,0.3322,-0.0803,0.0018,0.3831,-0.0288,-0.1581,3.3164,0.0,0.0,0.0,3.125,no_change,2026-09-14T13:50:35,40.0,41.0
AAPL,2027-04-16,213,Call,250.0,AAPL270416C00250000,89.9,93.3,91.6,93.55,0.0,0.0,0.0,48.0,0.3309,0.9122,0.0019,0.4109,-0.015,1.2404,91.458,0.0,0.0,0.0,94.5250015258789,down,2026-09-11T09:44:52,13.0,12.0
AAPL,2027-04-16,213,Put,250.0,AAPL270416P00250000,3.65,3.85,3.75,3.95,0.375,10.4895,1.0,141.0,0.3268,-0.0904,0.002,0.4166,-0.031,-0.1768,3.7711,3.95,3.95,3.95,3.57500004768372,up,2026-09-15T09:30:00,60.0,90.0
AAPL,2027-04-16,213,Call,255.0,AAPL270416C00255000,85.7,88.95,87.325,82.0,0.0,0.0,0.0,31.0,0.3281,0.9014,0.0021,0.4466,-0.018,1.2453,87.0924,0.0,0.0,0.0,90.4750022888184,up,2026-09-10T15:34:17,8.0,8.0
AAPL,2027-04-16,213,Put,255.0,AAPL270416P00255000,4.15,4.4,4.275,4.21,0.0,0.0,0.0,97.0,0.3227,-0.1015,0.0022,0.4534,-0.0334,-0.1978,4.2805,0.0,0.0,0.0,4.04999995231628,up,2026-09-14T09:42:10,35.0,22.0
AAPL,2027-04-16,213,Call,260.0,AAPL270416C00260000,81.4,84.65,83.025,67.78,0.0,0.0,0.0,7.0,0.3235,0.8896,0.0023,0.4842,-0.0212,1.2476,82.787,0.0,0.0,0.0,85.7250022888184,down,2026-09-09T14:47:03,9.0,6.0
AAPL,2027-04-16,213,Put,260.0,AAPL270416P00260000,4.65,5.1,4.875,4.45,0.0,0.0,0.0,1100.0,0.3189,-0.1138,0.0024,0.4928,-0.0358,-0.2222,4.8547,0.0,0.0,0.0,4.64999985694885,down,2026-09-14T12:22:49,25.0,43.0
AAPL,2027-04-16,213,Call,265.0,AAPL270416C00265000,77.15,80.3,78.725,64.7,0.0,0.0,0.0,6.0,0.3178,0.8766,0.0026,0.5234,-0.0244,1.247,78.5488,0.0,0.0,0.0,81.75,no_change,2026-09-09T15:44:06,41.0,26.0
AAPL,2027-04-16,213,Put,265.0,AAPL270416P00265000,5.3,5.7,5.5,5.12,0.0,0.0,0.0,89.0,0.3143,-0.1273,0.0026,0.5307,-0.0383,-0.2456,5.4988,0.0,0.0,0.0,5.25,down,2026-09-14T13:48:25,19.0,16.0
AAPL,2027-04-16,213,Call,270.0,AAPL270416C00270000,72.8,76.15,74.475,72.78,-4.545,-5.87779,1.0,41.0,0.312,0.8624,0.0028,0.563,-0.0276,1.2442,74.3835,72.78,72.78,72.78,77.3250007629394,down,2026-09-15T10:25:07,66.0,30.0
AAPL,2027-04-16,213,Put,270.0,AAPL270416P00270000,6.05,6.35,6.199999999999999,6.3,0.35,5.88235,7.0,274.0,0.3103,-0.1418,0.0029,0.5716,-0.0408,-0.2732,6.2063,6.3,6.3,6.3,5.95000004768372,no_change,2026-09-15T14:18:56,62.0,31.0
AAPL,2027-04-16,213,Call,275.0,AAPL270416C00275000,68.9,72.1,70.5,73.5,0.0,0.0,0.0,50.0,0.3099,0.847,0.003,0.604,-0.0308,1.2383,70.2967,0.0,0.0,0.0,73.1749992370606,down,2026-09-14T15:10:57,38.0,31.0
AAPL,2027-04-16,213,Put,275.0,AAPL270416P00275000,6.85,7.2,7.025,6.77,0.0,0.0,0.0,208.0,0.3067,-0.1579,0.0032,0.614,-0.0433,-0.3022,7.0149,0.0,0.0,0.0,6.70000004768372,up,2026-09-14T10:32:02,40.0,49.0
AAPL,2027-04-16,213,Call,280.0,AAPL270416C00280000,64.7,68.1,66.4,65.65,-3.5,-5.06146,2.0,251.0,0.3045,0.8304,0.0033,0.6452,-0.0339,1.2292,66.2963,65.65,65.65,65.65,69.1499977111816,down,2026-09-15T15:13:26,53.0,114.0
AAPL,2027-04-16,213,Put,280.0,AAPL270416P00280000,7.75,8.15,7.95,7.52,0.0,0.0,0.0,215.0,0.3035,-0.1753,0.0034,0.654,-0.0458,-0.3325,7.9053,0.0,0.0,0.0,7.52499985694885,down,2026-09-14T11:39:02,25.0,30.0
AAPL,2027-04-16,213,Call,285.0,AAPL270416C00285000,60.8,64.25,62.525,65.23,0.0,0.0,0.0,2180.0,0.3013,0.8125,0.0036,0.686,-0.037,1.2177,62.3877,0.0,0.0,0.0,65.2499980926514,up,2026-09-14T13:00:11,103.0,335.0
AAPL,2027-04-16,213,Put,285.0,AAPL270416P00285000,8.6,9.15,8.875,8.5,0.0,0.0,0.0,280.0,0.2991,-0.1939,0.0037,0.6974,-0.0483,-0.3665,8.8861,0.0,0.0,0.0,8.5,no_change,2026-09-14T14:08:29,34.0,11.0
AAPL,2027-04-16,213,Call,290.0,AAPL270416C00290000,57.4,59.85,58.625,58.75,-2.55,-4.15987,3.0,48.0,0.2966,0.7934,0.0038,0.7271,-0.04,1.2024,58.5777,58.17,58.75,57.84,61.3000011444092,up,2026-09-15T15:56:01,112.0,183.0
AAPL,2027-04-16,213,Put,290.0,AAPL270416P00290000,9.75,10.25,10.0,9.3,0.0,0.0,0.0,266.0,0.2962,-0.214,0.004,0.7377,-0.0507,-0.3995,9.9793,0.0,0.0,0.0,9.52500009536743,no_change,2026-09-14T13:37:45,27.0,19.0
AAPL,2027-04-16,213,Call,295.0,AAPL270416C00295000,53.0,56.8,54.9,45.1,0.0,0.0,0.0,22.0,0.293,0.773,0.0041,0.7668,-0.0429,1.1844,54.8741,0.0,0.0,0.0,57.7250003814697,up,2026-09-10T09:55:34,29.0,34.0
AAPL,2027-04-16,213,Put,295.0,AAPL270416P00295000,10.95,11.45,11.2,11.5,0.85,7.98122,1.0,419.0,0.2929,-0.2354,0.0043,0.7773,-0.053,-0.4364,11.1787,11.5,11.5,11.5,10.6499996185303,up,2026-09-15T11:08:36,60.0,68.0
AAPL,2027-04-16,213,Call,300.0,AAPL270416C00300000,49.75,53.15,51.45,50.15,-3.85,-7.12963,2.0,105.0,0.2916,0.7513,0.0043,0.8051,-0.0457,1.1636,51.2815,50.15,50.15,50.15,54.0,no_change,2026-09-15T10:56:51,226.0,178.0
AAPL,2027-04-16,213,Put,300.0,AAPL270416P00300000,12.3,12.65,12.475000000000001,12.9,0.9,7.5,87.0,646.0,0.2893,-0.2581,0.0045,0.8169,-0.0552,-0.4745,12.4925,13.0,13.0,12.78,12.0,no_change,2026-09-15T15:42:45,78.0,60.0
AAPL,2027-04-16,213,Call,305.0,AAPL270416C00305000,46.15,49.7,47.925,34.5,0.0,0.0,0.0,16.0,0.2879,0.7285,0.0046,0.8419,-0.0482,1.1389,47.808,0.0,0.0,0.0,50.625,down,2026-09-09T14:28:35,68.0,47.0
AAPL,2027-04-16,213,Put,305.0,AAPL270416P00305000,13.7,14.15,13.925,14.42,1.02,7.61194,103.0,224.0,0.2862,-0.2825,0.0048,0.8512,-0.0572,-0.5119,13.947,14.15,14.42,14.15,13.4000000953674,up,2026-09-15T13:04:48,58.0,69.0
AAPL,2027-04-16,213,Call,310.0,AAPL270416C00310000,42.8,46.35,44.575,46.77,0.0,0.0,0.0,85.0,0.285,0.7045,0.0048,0.8756,-0.0506,1.1122,44.4592,0.0,0.0,0.0,46.8999996185303,up,2026-09-14T14:15:37,95.0,140.0
AAPL,2027-04-16,213,Put,310.0,AAPL270416P00310000,15.25,15.7,15.475,15.95,1.0,6.68896,214.0,572.0,0.2831,-0.308,0.0051,0.8849,-0.0591,-0.5538,15.5223,15.85,16.04,15.85,14.9499998092651,no_change,2026-09-15T14:55:35,90.0,31.0
AAPL,2027-04-16,213,Call,315.0,AAPL270416C00315000,39.55,43.1,41.325,41.05,-2.65,-6.06407,2.0,148.0,0.2819,0.6796,0.005,0.9069,-0.0527,1.0821,41.24,40.74,41.05,40.74,43.7000007629394,up,2026-09-15T15:10:45,183.0,101.0
AAPL,2027-04-16,213,Put,315.0,AAPL270416P00315000,16.95,17.45,17.2,17.8,1.2,7.22891,2.0,294.0,0.2805,-0.3347,0.0054,0.9152,-0.0607,-0.5901,17.2441,17.65,17.8,17.65,16.6000003814697,up,2026-09-15T11:56:51,84.0,71.0
AAPL,2027-04-16,213,Call,320.0,AAPL270416C00320000,36.75,39.3,38.025,37.5,-2.575,-6.42545,9.0,111.0,0.277,0.6536,0.0052,0.9346,-0.0546,1.0494,38.1576,37.0,37.81,37.0,40.0750007629394,down,2026-09-15T14:32:40,258.0,103.0
AAPL,2027-04-16,213,Put,320.0,AAPL270416P00320000,18.8,19.3,19.05,19.75,1.35,7.33695,1.0,204.0,0.2778,-0.3626,0.0056,0.9403,-0.0621,-0.6322,19.1058,19.75,19.75,19.75,18.4000005722046,up,2026-09-15T11:56:54,34.0,40.0
AAPL,2027-04-16,213,Call,325.0,AAPL270416C00325000,34.1,36.55,35.325,34.35,-3.3,-8.76494,2.0,200.0,0.2774,0.6267,0.0054,0.9583,-0.0561,1.0146,35.1943,34.35,34.35,34.35,37.6499996185303,no_change,2026-09-15T12:44:00,103.0,144.0
AAPL,2027-04-16,213,Put,325.0,AAPL270416P00325000,20.8,21.3,21.05,21.85,1.55,7.63547,1.0,154.0,0.2753,-0.3915,0.0058,0.9623,-0.0633,-0.6709,21.1212,21.85,21.85,21.85,20.2999992370605,up,2026-09-15T11:55:03,89.0,61.0
AAPL,2027-04-16,213,Call,330.0,AAPL270416C00330000,31.6,33.45,32.525000000000006,31.96,-2.565,-7.4294,23.0,125.0,0.275,0.5993,0.0056,0.978,-0.0574,0.9767,32.397,31.48,32.0,31.05,34.5249996185303,up,2026-09-15T14:05:05,189.0,205.0
AAPL,2027-04-16,213,Put,330.0,AAPL270416P00330000,23.0,23.5,23.25,24.05,1.65,7.36607,5.0,111.0,0.2732,-0.4213,0.006,0.9777,-0.0642,-0.7064,23.2973,23.65,24.05,23.65,22.3999996185303,up,2026-09-15T11:54:38,42.0,35.0
AAPL,2027-04-16,213,Call,335.0,AAPL270416C00335000,29.4,30.25,29.825,29.05,-2.925,-9.14777,4.0,933.0,0.2724,0.5714,0.0057,0.9928,-0.0584,0.9381,29.7476,29.05,29.05,29.05,31.9749994277954,down,2026-09-15T15:18:36,54.0,50.0
AAPL,2027-04-16,213,Put,335.0,AAPL270416P00335000,25.25,25.85,25.55,26.05,1.425,5.7868,3.0,141.0,0.2709,-0.4519,0.0062,0.9886,-0.0648,-0.7432,25.6257,27.0,27.0,26.05,24.625,down,2026-09-15T11:40:36,84.0,84.0
AAPL,2027-04-16,213,Call,340.0,AAPL270416C00340000,27.05,27.5,27.275,26.78,-2.47,-8.44444,1109.0,540.0,0.27,0.5431,0.0058,1.0029,-0.059,0.8973,27.2468,26.31,26.78,26.2,29.25,up,2026-09-15T14:34:59,68.0,33.0
AAPL,2027-04-16,213,Put,340.0,AAPL270416P00340000,27.65,28.45,28.049999999999997,27.85,0.0,0.0,0.0,35.0,0.2689,-0.4831,0.0064,0.9919,-0.065,-0.7697,28.1297,0.0,0.0,0.0,26.9749994277954,up,2026-09-11T14:24:07,20.0,23.0
AAPL,2027-04-16,213,Call,345.0,AAPL270416C00345000,24.65,25.15,24.9,26.42,0.0,0.0,0.0,305.0,0.2679,0.5146,0.0059,1.0081,-0.0593,0.8551,24.8977,0.0,0.0,0.0,26.7750005722046,down,2026-09-14T15:57:18,51.0,25.0
AAPL,2027-04-16,213,Put,345.0,AAPL270416P00345000,30.3,31.1,30.700000000000003,29.7,0.0,0.0,0.0,26.0,0.267,-0.5148,0.0065,0.9923,-0.065,-0.8058,30.7904,0.0,0.0,0.0,29.5500001907349,up,2026-09-11T11:22:49,34.0,17.0
AAPL,2027-04-16,213,Call,350.0,AAPL270416C00350000,22.55,22.95,22.75,22.5,-2.0,-8.16327,9.0,807.0,0.2668,0.4861,0.0059,1.0083,-0.0593,0.813,22.6979,22.18,22.5,21.97,24.5,up,2026-09-15T15:52:49,99.0,86.0
AAPL,2027-04-16,213,Put,350.0,AAPL270416P00350000,33.1,34.05,33.575,38.0,0.0,0.0,0.0,19.0,0.2658,-0.5466,0.0066,0.9818,-0.0647,-0.8283,33.6226,0.0,0.0,0.0,32.375,no_change,2026-09-10T12:44:47,3.0,1.0
AAPL,2027-04-16,213,Call,355.0,AAPL270416C00355000,20.5,20.9,20.7,22.58,0.0,0.0,0.0,216.0,0.2653,0.4579,0.0059,1.0033,-0.059,0.7691,20.647,0.0,0.0,0.0,22.3500003814697,down,2026-09-14T15:09:12,35.0,29.0
AAPL,2027-04-16,213,Put,355.0,AAPL270416P00355000,35.9,37.4,36.65,0.0,0.0,0.0,0.0,0.0,0.265,-0.5787,0.0067,0.9687,-0.0641,-0.8474,36.6258,0.0,0.0,0.0,35.2250003814697,no_change,,5.0,11.0
AAPL,2027-04-16,213,Call,360.0,AAPL270416C00360000,18.6,18.95,18.775,18.14,-2.235,-10.9693,4.0,1457.0,0.2638,0.43,0.0059,0.9938,-0.0583,0.7261,18.7427,18.12,18.14,18.12,20.375,no_change,2026-09-15T10:19:32,32.0,21.0
AAPL,2027-04-16,213,Put,360.0,AAPL270416P00360000,38.4,40.9,39.65,0.0,0.0,0.0,0.0,0.0,0.2622,-0.6104,0.0067,0.9472,-0.0633,-0.8557,39.766,0.0,0.0,0.0,38.0500011444092,no_change,,15.0,20.0
AAPL,2027-04-16,213,Call,365.0,AAPL270416C00365000,16.7,17.2,16.95,18.64,0.0,0.0,0.0,225.0,0.262,0.4027,0.0058,0.9797,-0.0574,0.683,16.9793,0.0,0.0,0.0,18.5250005722046,up,2026-09-14T11:42:03,49.0,45.0
AAPL,2027-04-16,213,Put,365.0,AAPL270416P00365000,41.55,44.2,42.875,0.0,0.0,0.0,0.0,0.0,0.2596,-0.6422,0.0067,0.915,-0.0621,-0.8582,43.1174,0.0,0.0,0.0,41.5,no_change,,13.0,18.0
AAPL,2027-04-16,213,Call,370.0,AAPL270416C00370000,15.2,15.55,15.375,16.67,0.0,0.0,0.0,308.0,0.2615,0.376,0.0057,0.9611,-0.0563,0.64,15.3542,0.0,0.0,0.0,16.8000001907349,down,2026-09-14T15:49:02,32.0,23.0
AAPL,2027-04-16,213,Put,370.0,AAPL270416P00370000,45.0,48.05,46.525,0.0,0.0,0.0,0.0,0.0,0.2607,-0.6734,0.0067,0.8882,-0.0608,-0.8638,46.5782,0.0,0.0,0.0,44.9249992370606,no_change,,11.0,12.0
AAPL,2027-04-16,213,Call,375.0,AAPL270416C00375000,13.7,14.05,13.875,13.67,-1.555,-10.2135,19.0,69.0,0.2605,0.3502,0.0056,0.9392,-0.0549,0.5989,13.8599,13.65,13.7,13.41,15.2249999046326,down,2026-09-15T15:54:14,77.0,81.0
AAPL,2027-04-16,213,Put,375.0,AAPL270416P00375000,48.7,52.05,50.375,51.65,0.0,0.0,0.0,3.0,0.2623,-0.704,0.0067,0.845,-0.0592,-0.8534,50.2141,0.0,0.0,0.0,48.2000007629394,no_change,2026-09-03T11:12:18,6.0,21.0
AAPL,2027-04-16,213,Call,380.0,AAPL270416C00380000,12.35,12.7,12.524999999999999,12.45,-1.325,-9.61888,1.0,372.0,0.26,0.3253,0.0055,0.9133,-0.0533,0.5578,12.4904,12.45,12.45,12.45,13.7750000953674,down,2026-09-15T09:47:21,51.0,69.0
AAPL,2027-04-16,213,Put,380.0,AAPL270416P00380000,52.1,55.4,53.75,53.65,0.0,0.0,0.0,4.0,0.2563,-0.7346,0.0066,0.7951,-0.0577,-0.8369,54.0313,0.0,0.0,0.0,51.7250003814697,down,2026-09-11T09:37:49,23.0,23.0
AAPL,2027-04-16,213,Call,385.0,AAPL270416C00385000,11.05,11.4,11.225000000000001,11.25,-1.2,-9.63856,5.0,132.0,0.2588,0.3014,0.0053,0.8846,-0.0516,0.5186,11.2399,11.25,11.25,11.25,12.4500002861023,down,2026-09-15T09:30:00,80.0,49.0
AAPL,2027-04-16,213,Put,385.0,AAPL270416P00385000,56.05,59.65,57.849999999999994,55.35,0.0,0.0,0.0,3.0,0.2579,-0.7638,0.0065,0.7498,-0.0559,-0.817,57.9306,0.0,0.0,0.0,55.5,down,2026-09-14T11:57:05,15.0,12.0
AAPL,2027-04-16,213,Call,390.0,AAPL270416C00390000,9.95,10.3,10.125,11.14,0.0,0.0,0.0,104.0,0.2587,0.2786,0.0051,0.8539,-0.0497,0.4811,10.0994,0.0,0.0,0.0,11.2250003814697,down,2026-09-11T14:32:25,37.0,56.0
AAPL,2027-04-16,213,Put,390.0,AAPL270416P00390000,60.1,63.75,61.925,59.55,0.0,0.0,0.0,3.0,0.2573,-0.7923,0.0065,0.6872,-0.0538,-0.7535,61.9975,0.0,0.0,0.0,60.0250015258789,down,2026-09-14T15:25:21,15.0,17.0
AAPL,2027-04-16,213,Call,395.0,AAPL270416C00395000,8.9,9.25,9.075,10.06,0.0,0.0,0.0,802.0,0.2581,0.257,0.0049,0.8204,-0.0477,0.4445,9.0631,0.0,0.0,0.0,10.0999999046326,up,2026-09-14T14:14:22,30.0,36.0
AAPL,2027-04-16,213,Put,395.0,AAPL270416P00395000,64.3,68.1,66.19999999999999,0.0,0.0,0.0,0.0,0.0,0.258,-0.8207,0.0064,0.6268,-0.0522,-0.7312,66.1975,0.0,0.0,0.0,63.8500003814697,no_change,,18.0,15.0
AAPL,2027-04-16,213,Call,400.0,AAPL270416C00400000,7.95,8.25,8.1,7.84,-1.26,-13.8462,55.0,349.0,0.2573,0.2366,0.0047,0.7859,-0.0456,0.4105,8.1235,8.0,8.0,7.79,9.09999990463257,no_change,2026-09-15T15:49:57,42.0,106.0
AAPL,2027-04-16,213,Put,400.0,AAPL270416P00400000,68.65,72.05,70.35,71.42,0.0,0.0,0.0,1.0,0.2547,-0.8474,0.0063,0.5665,-0.0505,-0.6737,70.507,0.0,0.0,0.0,67.9500007629394,down,2026-09-03T11:17:23,18.0,24.0
AAPL,2027-04-16,213,Call,405.0,AAPL270416C00405000,7.05,7.4,7.225,8.15,0.0,0.0,0.0,160.0,0.2566,0.2173,0.0045,0.7504,-0.0434,0.378,7.2725,0.0,0.0,0.0,8.2000002861023,up,2026-09-11T15:49:16,34.0,29.0
AAPL,2027-04-16,213,Put,405.0,AAPL270416P00405000,73.05,76.5,74.775,0.0,0.0,0.0,0.0,0.0,0.2533,-0.873,0.0061,0.4829,-0.0484,-0.54,74.948,0.0,0.0,0.0,72.2749977111816,no_change,,12.0,23.0
AAPL,2027-04-16,213,Call,410.0,AAPL270416C00410000,6.3,6.75,6.525,7.1,0.0,0.0,0.0,84.0,0.2574,0.1993,0.0043,0.7136,-0.0413,0.3469,6.5045,0.0,0.0,0.0,7.375,down,2026-09-14T10:19:08,29.0,36.0
AAPL,2027-04-16,213,Put,410.0,AAPL270416P00410000,77.6,81.45,79.525,76.6,0.0,0.0,0.0,25.0,0.2577,-0.8994,0.006,0.4131,-0.0471,-0.5145,79.5003,0.0,0.0,0.0,77.1500015258789,down,2026-09-11T11:22:49,9.0,7.0
AAPL,2027-04-16,213,Call,420.0,AAPL270416C00420000,5.0,5.35,5.175,5.22,-0.73,-12.2689,2.0,304.0,0.2566,0.1667,0.0038,0.6407,-0.0369,0.2915,5.1888,5.25,5.25,5.22,5.95000004768372,down,2026-09-15T10:03:27,36.0,38.0
AAPL,2027-04-16,213,Put,420.0,AAPL270416P00420000,87.05,90.85,88.94999999999999,0.0,0.0,0.0,0.0,0.0,0.2601,-0.9473,0.006,0.2501,-0.039,-0.2189,88.8908,0.0,0.0,0.0,85.7750015258789,no_change,,9.0,6.0
AAPL,2027-04-16,213,Call,430.0,AAPL270416C00430000,3.95,4.3,4.125,4.0,-0.8,-16.6667,5.0,88.0,0.2568,0.1386,0.0034,0.5686,-0.0326,0.2431,4.1275,4.0,4.0,4.0,4.79999995231628,down,2026-09-15T11:04:47,76.0,17.0
AAPL,2027-04-16,213,Put,430.0,AAPL270416P00430000,96.8,100.7,98.75,0.0,0.0,0.0,0.0,0.0,0.2642,-0.9811,0.0032,0.0684,-0.0507,0.0,98.6951,0.0,0.0,0.0,95.4750022888184,no_change,,4.0,4.0
AAPL,2027-04-16,213,Call,440.0,AAPL270416C00440000,3.1,3.4,3.25,3.8,0.0,0.0,0.0,261.0,0.2566,0.1147,0.003,0.4998,-0.0286,0.2013,3.2759,0.0,0.0,0.0,3.82500004768372,down,2026-09-14T09:32:55,33.0,31.0
AAPL,2027-04-16,213,Put,440.0,AAPL270416P00440000,106.75,110.65,108.7,0.0,0.0,0.0,0.0,0.0,0.2834,-0.9973,0.0005,0.0,-0.0638,0.0,108.6951,0.0,0.0,0.0,105.724998474121,no_change,,12.0,1.0
AAPL,2027-04-16,213,Call,450.0,AAPL270416C00450000,2.47,2.68,2.575,2.98,0.0,0.0,0.0,69.0,0.257,0.0945,0.0026,0.4364,-0.0249,0.1664,2.5964,0.0,0.0,0.0,3.08000004291534,down,2026-09-14T10:19:08,42.0,40.0
AAPL,2027-04-16,213,Put,450.0,AAPL270416P00450000,116.8,120.7,118.75,0.0,0.0,0.0,0.0,0.0,0.3004,-1.0,0.0,0.0,-0.0638,0.0,118.6951,0.0,0.0,0.0,115.575000762939,no_change,,11.0,11.0
AAPL,2027-04-16,213,Call,460.0,AAPL270416C00460000,1.95,2.14,2.045,2.8,0.0,0.0,0.0,153.0,0.2578,0.0776,0.0022,0.3777,-0.0215,0.1367,2.0569,0.0,0.0,0.0,2.44999992847443,no_change,2026-09-11T11:05:35,34.0,42.0
AAPL,2027-04-16,213,Put,460.0,AAPL270416P00460000,126.75,130.65,128.7,0.0,0.0,0.0,0.0,0.0,0.3167,-1.0,0.0,0.0,-0.0638,0.0,128.6951,0.0,0.0,0.0,125.575000762939,no_change,,11.0,1.0
AAPL,2027-04-16,213,Call,470.0,AAPL270416C00470000,1.53,1.76,1.645,1.65,-0.34,-17.0854,12.0,101.0,0.2593,0.0636,0.0019,0.3259,-0.0185,0.1122,1.6314,1.57,1.65,1.57,1.9899999499321,up,2026-09-15T12:21:02,120.0,44.0
AAPL,2027-04-16,213,Put,470.0,AAPL270416P00470000,136.75,140.65,138.7,0.0,0.0,0.0,0.0,0.0,0.3326,-1.0,0.0,0.0,-0.0638,0.0,138.6951,0.0,0.0,0.0,135.575004577637,no_change,,11.0,1.0
AAPL,2027-06-17,275,Call,5.0,AAPL270617C00005000,324.45,328.25,326.35,299.91,0.0,0.0,0.0,0.0,0.0,1.0,0.0,0.0001,0.0,0.0088,326.5339,0.0,0.0,0.0,329.375,down,2026-08-04T10:13:24,11.0,1.0
AAPL,2027-06-17,275,Put,5.0,AAPL270617P00005000,0.0,0.52,0.26,0.06,0.0,0.0,0.0,13.0,2.209,0.0,0.0,0.0001,0.0,0.0,0.001,0.0,0.0,0.0,0.245000004768372,no_change,2026-08-19T14:46:08,0.0,43.0
AAPL,2027-06-17,275,Call,10.0,AAPL270617C00010000,319.5,323.3,321.4,0.0,0.0,0.0,0.0,0.0,0.0,1.0,0.0,0.0002,0.0,0.0232,321.5762,0.0,0.0,0.0,324.524993896484,no_change,,11.0,1.0
AAPL,2027-06-17,275,Put,10.0,AAPL270617P00010000,0.0,0.52,0.26,0.01,0.0,0.0,0.0,10.0,1.7761,0.0,0.0,0.0003,-0.0001,-0.0001,0.0022,0.0,0.0,0.0,0.245000004768372,down,2026-06-08T12:09:49,0.0,43.0
AAPL,2027-06-17,275,Call,15.0,AAPL270617C00015000,314.65,318.4,316.525,291.6,0.0,0.0,0.0,10.0,0.0,1.0,0.0,0.0001,0.0,0.0518,316.6376,0.0,0.0,0.0,319.550003051758,up,2026-08-04T12:26:37,11.0,1.0
AAPL,2027-06-17,275,Put,15.0,AAPL270617P00015000,0.0,0.52,0.26,0.05,0.0,0.0,0.0,2.0,1.5449,0.0,0.0,0.0006,-0.0001,-0.0001,0.0037,0.0,0.0,0.0,0.25,up,2026-02-05T14:09:34,0.0,43.0
AAPL,2027-06-17,275,Call,20.0,AAPL270617C00020000,309.8,313.55,311.675,0.0,0.0,0.0,0.0,0.0,0.0,1.0,0.0,0.0005,0.0,0.0798,311.7271,0.0,0.0,0.0,314.699996948242,no_change,,11.0,1.0
AAPL,2027-06-17,275,Put,20.0,AAPL270617P00020000,0.0,0.52,0.26,0.02,0.0,0.0,0.0,15.0,1.3886,-0.0001,0.0,0.0008,-0.0001,-0.0002,0.0054,0.0,0.0,0.0,0.254999995231628,no_change,2026-05-06T11:53:10,0.0,43.0
AAPL,2027-06-17,275,Call,25.0,AAPL270617C00025000,304.95,308.6,306.775,270.32,0.0,0.0,0.0,2.0,0.0,1.0,0.0,0.001,0.0,0.1191,306.8247,0.0,0.0,0.0,309.850006103516,up,2026-06-24T14:53:24,11.0,1.0
AAPL,2027-06-17,275,Put,25.0,AAPL270617P00025000,0.0,0.52,0.26,0.03,0.0,0.0,0.0,56.0,1.251,-0.0001,0.0,0.0012,-0.0002,-0.0003,0.0075,0.0,0.0,0.0,0.25,no_change,2026-05-19T14:20:22,0.0,43.0
AAPL,2027-06-17,275,Call,30.0,AAPL270617C00030000,300.1,303.85,301.975,240.67,0.0,0.0,0.0,1.0,0.9374,1.0,0.0,0.0016,0.0,0.1835,301.9589,0.0,0.0,0.0,305.074996948242,up,2026-02-24T09:32:49,11.0,1.0
AAPL,2027-06-17,275,Put,30.0,AAPL270617P00030000,0.0,0.52,0.26,0.04,0.0,0.0,0.0,67.0,1.1773,-0.0001,0.0,0.0016,-0.0002,-0.0004,0.01,0.0,0.0,0.0,0.25,no_change,2026-05-19T13:32:41,0.0,43.0
AAPL,2027-06-17,275,Call,35.0,AAPL270617C00035000,295.25,299.0,297.125,215.61,0.0,0.0,0.0,2.0,0.934,1.0,0.0,0.002,0.0,0.22,297.1102,0.0,0.0,0.0,300.149993896484,down,2026-04-07T09:55:15,11.0,1.0
AAPL,2027-06-17,275,Put,35.0,AAPL270617P00035000,0.0,0.47,0.235,0.11,0.0,0.0,0.0,106.0,1.0233,-0.0002,0.0,0.0022,-0.0003,-0.0006,0.0128,0.0,0.0,0.0,0.239999994635582,no_change,2025-11-24T11:29:19,0.0,1.0
AAPL,2027-06-17,275,Call,40.0,AAPL270617C00040000,290.4,294.2,292.29999999999995,271.5,0.0,0.0,0.0,3.0,0.876,1.0,0.0,0.0026,0.0,0.2519,292.2641,0.0,0.0,0.0,295.300003051758,down,2026-08-25T10:34:40,11.0,2.0
AAPL,2027-06-17,275,Put,40.0,AAPL270617P00040000,0.0,0.46,0.23,0.11,0.0,0.0,0.0,9.0,0.9578,-0.0002,0.0,0.0027,-0.0004,-0.0007,0.016,0.0,0.0,0.0,0.230000004172325,no_change,2026-03-12T13:08:09,0.0,1.0
AAPL,2027-06-17,275,Call,45.0,AAPL270617C00045000,285.55,289.3,287.425,0.0,0.0,0.0,0.0,0.0,0.8248,1.0,0.0,0.0033,0.0,0.2836,287.4188,0.0,0.0,0.0,290.5,no_change,,11.0,1.0
AAPL,2027-06-17,275,Put,45.0,AAPL270617P00045000,0.0,0.48,0.24,0.15,0.0,0.0,0.0,83.0,0.9675,-0.0003,0.0,0.0034,-0.0004,-0.0009,0.0198,0.0,0.0,0.0,0.0450000017881393,no_change,2026-08-03T09:59:31,0.0,43.0
AAPL,2027-06-17,275,Call,50.0,AAPL270617C00050000,280.75,284.55,282.65,276.65,0.0,0.0,0.0,11.0,0.8539,1.0,0.0,0.0042,0.0,0.3154,282.5743,0.0,0.0,0.0,285.649993896484,up,2026-09-10T13:43:44,11.0,2.0
AAPL,2027-06-17,275,Put,50.0,AAPL270617P00050000,0.0,0.09,0.045,0.03,0.0,0.0,0.0,717.0,0.7787,-0.0004,0.0,0.0042,-0.0005,-0.0011,0.024,0.0,0.0,0.0,0.0500000016763806,down,2026-09-09T13:49:18,0.0,10.0
AAPL,2027-06-17,275,Call,55.0,AAPL270617C00055000,275.9,279.7,277.79999999999995,275.7,0.0,0.0,0.0,73.0,0.8084,1.0,0.0,0.0052,0.0,0.3583,277.7318,0.0,0.0,0.0,280.850006103516,down,2026-09-03T13:02:37,11.0,1.0
AAPL,2027-06-17,275,Put,55.0,AAPL270617P00055000,0.0,0.42,0.21,0.03,0.0,0.0,0.0,24.0,0.8592,-0.0005,0.0,0.0051,-0.0006,-0.0014,0.0288,0.0,0.0,0.0,0.189999997615814,down,2026-07-10T12:52:14,0.0,10.0
AAPL,2027-06-17,275,Call,60.0,AAPL270617C00060000,271.1,274.9,273.0,246.22,0.0,0.0,0.0,22.0,0.7787,1.0,0.0,0.0063,0.0,0.4131,272.8978,0.0,0.0,0.0,276.024993896484,up,2026-08-17T10:31:49,11.0,1.0
AAPL,2027-06-17,275,Put,60.0,AAPL270617P00060000,0.0,0.39,0.195,0.05,0.0,0.0,0.0,76.0,0.7754,-0.0006,0.0,0.0061,-0.0007,-0.0016,0.0343,0.0,0.0,0.0,0.170000001788139,down,2026-07-31T10:56:18,0.0,43.0
AAPL,2027-06-17,275,Call,65.0,AAPL270617C00065000,266.3,270.05,268.175,214.35,0.0,0.0,0.0,4.0,0.7468,1.0,0.0,0.0075,0.0,0.4635,268.0728,0.0,0.0,0.0,271.199996948242,down,2026-06-25T12:13:58,11.0,1.0
AAPL,2027-06-17,275,Put,65.0,AAPL270617P00065000,0.0,0.35,0.175,0.09,0.0,0.0,0.0,49.0,0.757,-0.0007,0.0,0.0073,-0.0008,-0.002,0.0405,0.0,0.0,0.0,0.144999995827675,down,2026-09-04T11:12:01,0.0,43.0
AAPL,2027-06-17,275,Call,70.0,AAPL270617C00070000,261.45,265.15,263.29999999999995,237.67,0.0,0.0,0.0,7.0,0.7003,0.9998,0.0,0.0088,0.0,0.507,263.2536,0.0,0.0,0.0,266.399993896484,up,2026-08-17T15:58:04,11.0,1.0
AAPL,2027-06-17,275,Put,70.0,AAPL270617P00070000,0.0,0.25,0.125,0.15,0.0,0.0,0.0,42.0,0.7044,-0.0009,0.0,0.0086,-0.0009,-0.0024,0.0475,0.0,0.0,0.0,0.125,up,2026-09-08T10:00:52,0.0,22.0
AAPL,2027-06-17,275,Call,75.0,AAPL270617C00075000,256.65,260.45,258.54999999999995,233.95,0.0,0.0,0.0,24.0,0.6962,0.9996,0.0,0.0102,0.0,0.5475,258.438,0.0,0.0,0.0,261.675003051758,no_change,2026-08-11T12:39:06,11.0,1.0
AAPL,2027-06-17,275,Put,75.0,AAPL270617P00075000,0.01,0.09,0.049999999999999996,0.05,-0.045,-47.3684,4.0,1555.0,0.6155,-0.001,0.0,0.0101,-0.001,-0.0028,0.0554,0.09,0.09,0.05,0.09500000346452,no_change,2026-09-15T09:52:22,16.0,1.0
AAPL,2027-06-17,275,Call,80.0,AAPL270617C00080000,251.8,255.6,253.7,237.35,0.0,0.0,0.0,237.0,0.6662,0.9994,0.0,0.0118,0.0,0.5855,253.6247,0.0,0.0,0.0,256.774993896484,down,2026-08-06T09:30:01,11.0,1.0
AAPL,2027-06-17,275,Put,80.0,AAPL270617P00080000,0.01,0.17,0.09000000000000001,0.07,0.0,0.0,0.0,164.0,0.6244,-0.0012,0.0,0.0118,-0.0012,-0.0033,0.0644,0.0,0.0,0.0,0.0649999994784594,down,2026-09-08T13:11:35,18.0,12.0
AAPL,2027-06-17,275,Call,85.0,AAPL270617C00085000,247.0,250.8,248.9,203.49,0.0,0.0,0.0,73.0,0.6483,0.9992,0.0,0.0136,0.0,0.6223,248.8131,0.0,0.0,0.0,251.925003051758,down,2026-05-06T12:11:08,11.0,1.0
AAPL,2027-06-17,275,Put,85.0,AAPL270617P00085000,0.05,0.13,0.09,0.1,0.0,0.0,0.0,75.0,0.599,-0.0014,0.0,0.0137,-0.0013,-0.0039,0.0744,0.0,0.0,0.0,0.0849999990314245,down,2026-09-08T13:11:09,2.0,43.0
AAPL,2027-06-17,275,Call,90.0,AAPL270617C00090000,242.2,246.0,244.1,233.88,0.0,0.0,0.0,29.0,0.6211,0.999,0.0,0.0157,0.0,0.6586,244.0031,0.0,0.0,0.0,247.125,up,2026-08-28T12:28:45,11.0,1.0
AAPL,2027-06-17,275,Put,90.0,AAPL270617P00090000,0.05,0.14,0.095,0.1,0.0,0.0,0.0,133.0,0.5782,-0.0017,0.0,0.0159,-0.0015,-0.0046,0.0859,0.0,0.0,0.0,0.0899999979883432,no_change,2026-09-10T09:43:39,2.0,43.0
AAPL,2027-06-17,275,Call,95.0,AAPL270617C00095000,237.35,241.2,239.27499999999998,237.73,0.0,0.0,0.0,99.0,0.6045,0.9987,0.0,0.0181,0.0,0.6947,239.1947,0.0,0.0,0.0,242.324996948242,up,2026-09-03T12:47:23,11.0,1.0
AAPL,2027-06-17,275,Put,95.0,AAPL270617P00095000,0.0,0.15,0.075,0.1,0.0,0.0,0.0,167.0,0.546,-0.002,0.0,0.0182,-0.0017,-0.0053,0.0988,0.0,0.0,0.0,0.0800000028684735,no_change,2026-09-01T10:49:28,0.0,43.0
AAPL,2027-06-17,275,Call,100.0,AAPL270617C00100000,232.55,236.4,234.47500000000002,223.02,0.0,0.0,0.0,165.0,0.58,0.9984,0.0,0.0208,0.0,0.7306,234.388,0.0,0.0,0.0,237.524993896484,up,2026-09-04T10:45:06,11.0,11.0
AAPL,2027-06-17,275,Put,100.0,AAPL270617P00100000,0.05,0.16,0.10500000000000001,0.12,0.0,0.0,0.0,1989.0,0.5396,-0.0023,0.0,0.0209,-0.0019,-0.0061,0.1135,0.0,0.0,0.0,0.110000003129244,no_change,2026-09-14T09:50:08,12.0,43.0
AAPL,2027-06-17,275,Call,105.0,AAPL270617C00105000,227.75,231.55,229.65,200.0,0.0,0.0,0.0,80.0,0.5646,0.998,0.0,0.0238,0.0,0.7663,229.5833,0.0,0.0,0.0,232.700004577637,down,2026-07-31T11:49:36,11.0,1.0
AAPL,2027-06-17,275,Put,105.0,AAPL270617P00105000,0.1,0.17,0.135,0.12,-0.02,-14.2857,6.0,515.0,0.5332,-0.0026,0.0,0.024,-0.0021,-0.0071,0.1301,0.12,0.12,0.12,0.140000004321337,up,2026-09-15T09:47:04,5.0,10.0
AAPL,2027-06-17,275,Call,110.0,AAPL270617C00110000,222.95,226.7,224.825,220.0,0.0,0.0,0.0,54.0,0.5345,0.9976,0.0001,0.0272,0.0,0.8018,224.7807,0.0,0.0,0.0,227.900001525879,up,2026-07-20T11:42:16,12.0,1.0
AAPL,2027-06-17,275,Put,110.0,AAPL270617P00110000,0.1,0.2,0.15000000000000002,0.14,0.0,0.0,0.0,202.0,0.519,-0.0031,0.0001,0.0274,-0.0024,-0.0083,0.1489,0.0,0.0,0.0,0.150000002235174,down,2026-09-10T15:08:01,8.0,43.0
AAPL,2027-06-17,275,Call,115.0,AAPL270617C00115000,218.15,221.95,220.05,194.8,0.0,0.0,0.0,254.0,0.5279,0.9971,0.0001,0.0309,0.0,0.8372,219.9808,0.0,0.0,0.0,223.099998474121,no_change,2026-08-10T12:24:57,12.0,10.0
AAPL,2027-06-17,275,Put,115.0,AAPL270617P00115000,0.05,0.22,0.135,0.16,0.015,10.3448,65.0,54.0,0.5084,-0.0035,0.0001,0.0312,-0.0026,-0.0095,0.1704,0.16,0.16,0.16,0.144999999552965,down,2026-09-15T15:51:41,51.0,51.0
AAPL,2027-06-17,275,Call,120.0,AAPL270617C00120000,213.35,217.15,215.25,216.02,0.0,0.0,0.0,153.0,0.5138,0.9966,0.0001,0.0351,0.0,0.8723,215.1837,0.0,0.0,0.0,218.299995422363,up,2026-07-30T12:31:15,8.0,1.0
AAPL,2027-06-17,275,Put,120.0,AAPL270617P00120000,0.1,0.24,0.16999999999999998,0.22,0.0,0.0,0.0,535.0,0.4957,-0.0041,0.0001,0.0354,-0.003,-0.0109,0.1949,0.0,0.0,0.0,0.169999998062849,up,2026-09-10T14:57:58,5.0,32.0
AAPL,2027-06-17,275,Call,125.0,AAPL270617C00125000,208.55,212.35,210.45,186.35,0.0,0.0,0.0,241.0,0.4998,0.996,0.0001,0.0399,0.0,0.9073,210.39,0.0,0.0,0.0,213.5,up,2026-08-11T10:48:00,4.0,1.0
AAPL,2027-06-17,275,Put,125.0,AAPL270617P00125000,0.11,0.28,0.195,0.31,0.0,0.0,0.0,646.0,0.4774,-0.0047,0.0001,0.0403,-0.0033,-0.0126,0.2226,0.0,0.0,0.0,0.195000004023314,no_change,2026-08-21T10:50:09,46.0,122.0
AAPL,2027-06-17,275,Call,130.0,AAPL270617C00130000,203.75,207.55,205.65,190.28,0.0,0.0,0.0,308.0,0.491,0.9953,0.0001,0.0453,0.0,0.942,205.6,0.0,0.0,0.0,208.700004577637,down,2026-07-09T11:39:48,4.0,22.0
AAPL,2027-06-17,275,Put,130.0,AAPL270617P00130000,0.18,0.31,0.245,0.29,0.035,13.7255,2.0,533.0,0.4728,-0.0054,0.0001,0.0458,-0.0036,-0.0145,0.254,0.29,0.29,0.29,0.255000002682209,down,2026-09-15T14:53:44,171.0,65.0
AAPL,2027-06-17,275,Call,135.0,AAPL270617C00135000,198.95,202.8,200.875,189.7,0.0,0.0,0.0,195.0,0.4814,0.9945,0.0001,0.0512,0.0,0.9765,200.8145,0.0,0.0,0.0,203.925003051758,up,2026-08-28T14:16:28,4.0,9.0
AAPL,2027-06-17,275,Put,135.0,AAPL270617P00135000,0.18,0.36,0.27,0.31,0.0,0.0,0.0,532.0,0.4609,-0.0062,0.0001,0.0518,-0.0041,-0.0166,0.2905,0.0,0.0,0.0,0.265000000596046,no_change,2026-09-09T12:30:35,55.0,103.0
AAPL,2027-06-17,275,Call,140.0,AAPL270617C00140000,194.2,198.05,196.125,168.96,0.0,0.0,0.0,198.0,0.4714,0.9936,0.0001,0.0578,0.0,1.0106,196.034,0.0,0.0,0.0,199.150001525879,down,2026-08-17T13:24:37,4.0,4.0
AAPL,2027-06-17,275,Put,140.0,AAPL270617P00140000,0.2,0.42,0.31,0.47,0.0,0.0,0.0,337.0,0.4538,-0.0071,0.0001,0.0584,-0.0045,-0.019,0.3317,0.0,0.0,0.0,0.310000002384186,down,2026-08-17T15:24:52,51.0,51.0
AAPL,2027-06-17,275,Call,145.0,AAPL270617C00145000,189.4,193.25,191.325,181.0,0.0,0.0,0.0,176.0,0.4609,0.9925,0.0002,0.0652,0.0,1.0444,191.2591,0.0,0.0,0.0,194.400001525879,down,2026-09-04T12:36:20,4.0,4.0
AAPL,2027-06-17,275,Put,145.0,AAPL270617P00145000,0.26,0.43,0.345,0.37,0.0,0.0,0.0,430.0,0.4407,-0.0082,0.0002,0.066,-0.005,-0.0218,0.3786,0.0,0.0,0.0,0.375,down,2026-09-01T11:23:49,26.0,51.0
AAPL,2027-06-17,275,Call,150.0,AAPL270617C00150000,184.65,188.5,186.575,185.41,-4.24,-2.2357,2.0,1451.0,0.4502,0.9914,0.0002,0.0736,0.0,1.0778,186.4906,185.41,185.41,185.41,189.650001525879,down,2026-09-15T15:49:14,10.0,15.0
AAPL,2027-06-17,275,Put,150.0,AAPL270617P00150000,0.4,0.48,0.44,0.54,0.0,0.0,0.0,4608.0,0.4398,-0.0094,0.0002,0.0745,-0.0055,-0.0251,0.4321,0.0,0.0,0.0,0.434999987483025,up,2026-09-11T09:30:58,11.0,10.0
AAPL,2027-06-17,275,Call,155.0,AAPL270617C00155000,179.85,183.7,181.77499999999998,175.72,0.0,0.0,0.0,141.0,0.4393,0.99,0.0002,0.0828,0.0,1.1106,181.7295,0.0,0.0,0.0,184.900001525879,up,2026-09-01T15:56:13,4.0,1.0
AAPL,2027-06-17,275,Put,155.0,AAPL270617P00155000,0.43,0.61,0.52,0.55,0.0,0.0,0.0,800.0,0.4339,-0.0107,0.0002,0.0838,-0.0061,-0.0286,0.4933,0.0,0.0,0.0,0.495000004768372,up,2026-09-10T13:53:34,42.0,106.0
AAPL,2027-06-17,275,Call,160.0,AAPL270617C00160000,175.1,179.0,177.05,159.85,0.0,0.0,0.0,319.0,0.431,0.9885,0.0003,0.0929,0.0,1.1431,176.9767,0.0,0.0,0.0,180.275001525879,down,2026-09-09T13:02:41,4.0,4.0
AAPL,2027-06-17,275,Put,160.0,AAPL270617P00160000,0.46,0.62,0.54,0.65,0.0,0.0,0.0,1600.0,0.4203,-0.0123,0.0003,0.0938,-0.0068,-0.0326,0.5629,0.0,0.0,0.0,0.569999992847443,up,2026-09-08T10:06:43,10.0,10.0
AAPL,2027-06-17,275,Call,165.0,AAPL270617C00165000,170.35,174.25,172.3,162.0,0.0,0.0,0.0,200.0,0.4221,0.9868,0.0003,0.1041,0.0,1.175,172.2332,0.0,0.0,0.0,175.375,up,2026-09-01T09:48:11,4.0,4.0
AAPL,2027-06-17,275,Put,165.0,AAPL270617P00165000,0.5,0.78,0.64,0.68,0.0,0.0,0.0,1733.0,0.4173,-0.014,0.0003,0.1057,-0.0075,-0.0372,0.6417,0.0,0.0,0.0,0.609999984502792,no_change,2026-09-10T13:39:40,51.0,39.0
AAPL,2027-06-17,275,Call,170.0,AAPL270617C00170000,165.65,169.5,167.575,162.05,0.0,0.0,0.0,267.0,0.415,0.9848,0.0003,0.1167,0.0,1.2061,167.5002,0.0,0.0,0.0,170.775001525879,up,2026-09-10T15:38:59,10.0,4.0
AAPL,2027-06-17,275,Put,170.0,AAPL270617P00170000,0.59,0.84,0.715,0.75,0.0,0.0,0.0,1751.0,0.4121,-0.016,0.0003,0.1182,-0.0082,-0.0426,0.7317,0.0,0.0,0.0,0.765000015497208,down,2026-09-11T13:51:01,51.0,15.0
AAPL,2027-06-17,275,Call,175.0,AAPL270617C00175000,160.9,164.8,162.85000000000002,146.58,0.0,0.0,0.0,437.0,0.4072,0.9826,0.0004,0.1303,0.0,1.2365,162.7793,0.0,0.0,0.0,165.950004577637,up,2026-08-27T11:32:55,4.0,4.0
AAPL,2027-06-17,275,Put,175.0,AAPL270617P00175000,0.81,0.9,0.855,0.91,0.0,0.0,0.0,2210.0,0.4028,-0.0183,0.0004,0.1321,-0.0091,-0.0483,0.8338,0.0,0.0,0.0,0.879999995231628,down,2026-09-02T15:33:43,10.0,2.0
AAPL,2027-06-17,275,Call,180.0,AAPL270617C00180000,156.25,160.05,158.15,154.49,0.0,0.0,0.0,1099.0,0.4006,0.9802,0.0004,0.1452,0.0,1.2663,158.0716,0.0,0.0,0.0,161.224998474121,up,2026-09-02T09:30:10,10.0,4.0
AAPL,2027-06-17,275,Put,180.0,AAPL270617P00180000,0.93,1.1,1.0150000000000001,0.98,0.0,0.0,0.0,3169.0,0.3995,-0.0208,0.0004,0.1469,-0.01,-0.0548,0.9496,0.0,0.0,0.0,0.929999977350235,down,2026-09-14T10:18:17,30.0,95.0
AAPL,2027-06-17,275,Call,185.0,AAPL270617C00185000,151.5,155.3,153.4,157.07,0.0,0.0,0.0,201.0,0.3917,0.9774,0.0005,0.1617,0.0,1.2951,153.3788,0.0,0.0,0.0,156.650001525879,up,2026-09-14T11:53:45,1.0,67.0
AAPL,2027-06-17,275,Put,185.0,AAPL270617P00185000,1.05,1.23,1.1400000000000001,1.09,0.0,0.0,0.0,995.0,0.3924,-0.0236,0.0005,0.1642,-0.011,-0.0624,1.0801,0.0,0.0,0.0,1.11500000953674,no_change,2026-09-14T09:41:14,34.0,61.0
AAPL,2027-06-17,275,Call,190.0,AAPL270617C00190000,146.85,150.65,148.75,152.0,0.0,0.0,0.0,696.0,0.3854,0.9743,0.0006,0.1797,0.0,1.3228,148.7029,0.0,0.0,0.0,152.150001525879,up,2026-09-14T13:51:32,1.0,119.0
AAPL,2027-06-17,275,Put,190.0,AAPL270617P00190000,1.2,1.29,1.245,1.36,0.0,0.0,0.0,1659.0,0.3835,-0.0268,0.0006,0.1825,-0.012,-0.0706,1.2289,0.0,0.0,0.0,1.17500001192093,down,2026-09-10T15:22:22,46.0,15.0
AAPL,2027-06-17,275,Call,195.0,AAPL270617C00195000,142.6,146.0,144.3,142.99,-4.185,-2.84356,40.0,338.0,0.3894,0.9708,0.0006,0.199,0.0,1.3496,144.046,142.99,142.99,142.99,147.175003051758,no_change,2026-09-15T15:07:29,4.0,236.0
AAPL,2027-06-17,275,Put,195.0,AAPL270617P00195000,1.36,1.47,1.415,1.32,0.0,0.0,0.0,4971.0,0.3776,-0.0304,0.0006,0.2016,-0.0132,-0.0798,1.3968,0.0,0.0,0.0,1.33499997854233,no_change,2026-09-11T13:44:14,25.0,36.0
AAPL,2027-06-17,275,Call,200.0,AAPL270617C00200000,137.95,141.35,139.64999999999998,137.6,-4.925,-3.45554,5.0,7505.0,0.382,0.9669,0.0007,0.22,0.0,1.3752,139.4098,138.6,138.6,137.6,142.525001525879,down,2026-09-15T11:07:10,247.0,246.0
AAPL,2027-06-17,275,Put,200.0,AAPL270617P00200000,1.51,1.69,1.6,1.6,0.035,2.23642,88.0,9084.0,0.3717,-0.0344,0.0007,0.2238,-0.0144,-0.09,1.5854,1.6,1.63,1.53,1.56499999761581,up,2026-09-15T15:50:06,53.0,85.0
AAPL,2027-06-17,275,Call,210.0,AAPL270617C00210000,128.75,132.05,130.4,130.0,0.0,0.0,0.0,3612.0,0.3676,0.9577,0.0009,0.2676,0.0,1.4221,130.2105,0.0,0.0,0.0,133.625,up,2026-09-11T09:34:14,152.0,123.0
AAPL,2027-06-17,275,Put,210.0,AAPL270617P00210000,1.98,2.18,2.08,1.94,0.0,0.0,0.0,5597.0,0.3619,-0.0439,0.0009,0.2717,-0.017,-0.1146,2.0398,0.0,0.0,0.0,1.93999999761581,down,2026-09-14T13:35:15,24.0,41.0
AAPL,2027-06-17,275,Call,220.0,AAPL270617C00220000,120.1,122.15,121.125,120.25,-3.8,-3.06328,2.0,4303.0,0.3505,0.9464,0.0011,0.322,-0.0036,1.463,121.1267,120.25,120.25,120.25,124.049999237061,down,2026-09-15T09:43:19,185.0,113.0
AAPL,2027-06-17,275,Put,220.0,AAPL270617P00220000,2.51,2.64,2.575,2.64,0.105,4.14201,86.0,11106.0,0.3501,-0.0555,0.0011,0.3276,-0.02,-0.1445,2.6095,2.66,2.71,2.6,2.5349999666214,up,2026-09-15T15:59:56,105.0,113.0
AAPL,2027-06-17,275,Call,230.0,AAPL270617C00230000,111.2,113.75,112.475,110.85,-4.75,-4.109,34.0,3908.0,0.349,0.9326,0.0013,0.3834,-0.0081,1.4965,112.1846,110.49,111.5,110.49,115.600002288818,down,2026-09-15T15:15:38,159.0,213.0
AAPL,2027-06-17,275,Put,230.0,AAPL270617P00230000,3.1,3.45,3.2750000000000004,3.39,0.215,6.77166,2.0,5365.0,0.3399,-0.0698,0.0014,0.389,-0.0234,-0.1796,3.3294,3.27,3.39,3.27,3.17499995231628,up,2026-09-15T15:21:14,210.0,119.0
AAPL,2027-06-17,275,Call,240.0,AAPL270617C00240000,102.4,104.25,103.325,101.52,-5.205,-4.87702,1.0,1693.0,0.3309,0.916,0.0016,0.4522,-0.0128,1.5214,103.412,101.52,101.52,101.52,106.725002288818,down,2026-09-15T13:27:48,81.0,22.0
AAPL,2027-06-17,275,Put,240.0,AAPL270617P00240000,4.05,4.25,4.15,4.19,0.115,2.82208,4.0,5936.0,0.3312,-0.087,0.0017,0.4605,-0.027,-0.223,4.2242,4.26,4.28,4.19,4.07500004768372,down,2026-09-15T15:59:56,117.0,80.0
AAPL,2027-06-17,275,Call,250.0,AAPL270617C00250000,93.85,95.65,94.75,93.38,-4.52,-4.61695,15.0,2829.0,0.3232,0.8962,0.0019,0.5263,-0.0178,1.5374,94.8419,93.58,93.58,93.1,97.8999977111816,up,2026-09-15T11:55:55,222.0,67.0
AAPL,2027-06-17,275,Put,250.0,AAPL270617P00250000,5.15,5.45,5.300000000000001,5.41,0.235,4.54106,25.0,8490.0,0.3244,-0.1075,0.002,0.5369,-0.0309,-0.2732,5.3289,5.43,5.5,5.3,5.17500019073486,no_change,2026-09-15T15:45:02,48.0,176.0
AAPL,2027-06-17,275,Call,260.0,AAPL270617C00260000,85.5,87.6,86.55,89.55,0.0,0.0,0.0,4125.0,0.3183,0.873,0.0023,0.6058,-0.0228,1.5422,86.5093,0.0,0.0,0.0,89.7250022888184,up,2026-09-14T12:48:06,98.0,21.0
AAPL,2027-06-17,275,Put,260.0,AAPL270617P00260000,6.55,6.8,6.675,6.6,0.25,3.93701,1.0,8897.0,0.3162,-0.1317,0.0024,0.6157,-0.035,-0.3314,6.6843,6.6,6.6,6.6,6.34999990463257,up,2026-09-15T15:54:40,5.0,94.0
AAPL,2027-06-17,275,Call,270.0,AAPL270617C00270000,77.45,79.45,78.45,77.2,-4.125,-5.07224,34.0,5769.0,0.3108,0.8462,0.0027,0.6884,-0.0279,1.5359,78.4502,75.75,78.4,75.75,81.3250007629394,up,2026-09-15T11:01:43,154.0,138.0
AAPL,2027-06-17,275,Put,270.0,AAPL270617P00270000,8.05,8.5,8.275,8.2,0.225,2.82132,60.0,6067.0,0.3102,-0.1596,0.0028,0.7012,-0.039,-0.3982,8.3139,8.4,8.49,8.2,7.97499990463257,down,2026-09-15T15:55:00,95.0,92.0
AAPL,2027-06-17,275,Call,280.0,AAPL270617C00280000,69.7,71.95,70.825,70.0,-3.65,-4.95587,5.0,8223.0,0.306,0.8156,0.0031,0.7712,-0.0329,1.5182,70.7046,69.4,70.27,69.4,73.6500015258789,no_change,2026-09-15T15:50:00,150.0,180.0
AAPL,2027-06-17,275,Put,280.0,AAPL270617P00280000,10.0,10.45,10.225,10.4,0.525,5.31646,4.0,10272.0,0.3034,-0.1921,0.0032,0.7862,-0.0431,-0.4715,10.2957,10.35,10.48,10.35,9.875,down,2026-09-15T15:05:26,142.0,168.0
AAPL,2027-06-17,275,Call,290.0,AAPL270617C00290000,62.3,64.55,63.425,62.9,-2.975,-4.51613,2.0,5025.0,0.2998,0.7812,0.0034,0.8529,-0.0376,1.4872,63.3107,62.9,62.9,62.9,65.875,down,2026-09-15T10:39:23,169.0,230.0
AAPL,2027-06-17,275,Put,290.0,AAPL270617P00290000,12.3,12.8,12.55,13.0,0.85,6.99589,247.0,12540.0,0.2976,-0.2283,0.0036,0.866,-0.047,-0.5519,12.6262,12.75,13.0,12.64,12.1499996185303,no_change,2026-09-15T12:49:13,74.0,82.0
AAPL,2027-06-17,275,Call,300.0,AAPL270617C00300000,55.3,57.0,56.15,56.0,-2.7,-4.59966,132.0,9351.0,0.2914,0.7432,0.0038,0.9297,-0.0419,1.4445,56.306,55.6,56.0,54.9,58.7000007629394,up,2026-09-15T15:52:42,190.0,65.0
AAPL,2027-06-17,275,Put,300.0,AAPL270617P00300000,15.25,15.5,15.375,15.33,0.43,2.88591,641.0,7041.0,0.2929,-0.269,0.0041,0.9442,-0.0506,-0.6369,15.3916,15.6,16.02,15.25,14.9000000953674,down,2026-09-15T15:58:05,1.0,45.0
AAPL,2027-06-17,275,Call,310.0,AAPL270617C00310000,48.7,50.7,49.7,49.3,-2.775,-5.32885,7.0,6871.0,0.2878,0.7018,0.0042,0.9983,-0.0456,1.3906,49.7283,49.41,49.41,48.81,52.0750007629394,up,2026-09-15T15:03:01,162.0,146.0
AAPL,2027-06-17,275,Put,310.0,AAPL270617P00310000,18.25,18.75,18.5,19.0,1.0,5.55556,284.0,3483.0,0.287,-0.3136,0.0045,1.0117,-0.0537,-0.725,18.6094,19.0,19.15,18.85,18.0,down,2026-09-15T15:29:30,102.0,31.0
AAPL,2027-06-17,275,Call,320.0,AAPL270617C00320000,42.7,44.3,43.5,43.68,-2.42,-5.24946,753.0,8608.0,0.2825,0.6576,0.0045,1.0567,-0.0487,1.3247,43.6091,41.25,43.9,41.25,46.1000003814697,no_change,2026-09-15T15:57:21,141.0,46.0
AAPL,2027-06-17,275,Put,320.0,AAPL270617P00320000,21.95,22.5,22.225,22.55,1.05,4.88372,14.0,2816.0,0.2825,-0.3619,0.0049,1.0644,-0.0563,-0.8115,22.3308,22.9,23.0,22.55,21.5,no_change,2026-09-15T15:45:27,68.0,102.0
AAPL,2027-06-17,275,Call,330.0,AAPL270617C00330000,37.5,38.55,38.025,37.25,-2.8,-6.99126,128.0,6482.0,0.2799,0.611,0.0048,1.1017,-0.051,1.2497,37.9738,37.58,37.95,35.95,40.0499992370606,down,2026-09-15T15:42:50,80.0,39.0
AAPL,2027-06-17,275,Put,330.0,AAPL270617P00330000,26.2,26.75,26.475,26.98,1.38,5.39063,23.0,1739.0,0.2784,-0.4133,0.0052,1.1026,-0.0582,-0.8949,26.5847,27.25,27.3,26.85,25.5999994277954,up,2026-09-15T15:05:06,72.0,70.0
AAPL,2027-06-17,275,Call,340.0,AAPL270617C00340000,32.55,33.25,32.9,32.17,-2.705,-7.75627,50.0,5931.0,0.2765,0.5628,0.005,1.1314,-0.0525,1.1676,32.8235,31.97,32.55,31.57,34.875,down,2026-09-15T15:33:02,43.0,39.0
AAPL,2027-06-17,275,Put,340.0,AAPL270617P00340000,30.95,31.6,31.275,32.05,1.75,5.77558,3.0,1271.0,0.2749,-0.4669,0.0055,1.1214,-0.0594,-0.9717,31.3801,31.95,32.05,31.95,30.3000001907349,up,2026-09-15T12:08:21,75.0,70.0
AAPL,2027-06-17,275,Call,350.0,AAPL270617C00350000,28.05,28.3,28.175,27.45,-2.55,-8.5,93.0,10913.0,0.2725,0.5142,0.0051,1.1447,-0.0532,1.0791,28.2031,28.0,28.25,27.0,30.0,down,2026-09-15T15:32:22,57.0,1.0
AAPL,2027-06-17,275,Put,350.0,AAPL270617P00350000,36.3,37.0,36.65,37.43,1.905,5.36242,127.0,483.0,0.2717,-0.5223,0.0058,1.118,-0.0598,-1.0252,36.7679,37.15,37.8,37.1,35.5249996185303,up,2026-09-15T15:40:29,93.0,74.0
AAPL,2027-06-17,275,Call,360.0,AAPL270617C00360000,23.95,24.35,24.15,23.45,-2.375,-9.19651,123.0,5583.0,0.2707,0.4658,0.0051,1.1414,-0.053,0.9878,24.0867,23.82,23.82,23.2,25.8249998092651,down,2026-09-15T15:25:58,64.0,92.0
AAPL,2027-06-17,275,Put,360.0,AAPL270617P00360000,42.15,43.6,42.875,41.29,0.0,0.0,0.0,140.0,0.2713,-0.5787,0.0059,1.0917,-0.0594,-1.0667,42.7521,0.0,0.0,0.0,41.25,up,2026-09-14T15:32:15,12.0,30.0
AAPL,2027-06-17,275,Call,370.0,AAPL270617C00370000,20.25,20.75,20.5,19.85,-2.15,-9.77273,35.0,5462.0,0.2681,0.4186,0.0051,1.1225,-0.052,0.8967,20.4593,20.09,20.33,19.85,22.0,down,2026-09-15T15:31:01,85.0,78.0
AAPL,2027-06-17,275,Put,370.0,AAPL270617P00370000,48.1,50.4,49.25,49.6,2.225,4.69657,1.0,19.0,0.2678,-0.6345,0.006,1.0418,-0.0584,-1.0822,49.2667,49.6,49.6,49.6,47.375,up,2026-09-15T14:12:38,95.0,95.0
AAPL,2027-06-17,275,Call,380.0,AAPL270617C00380000,17.1,17.55,17.325000000000003,16.85,-1.925,-10.253,17.0,6750.0,0.2663,0.3733,0.0049,1.089,-0.0504,0.8058,17.2938,16.74,17.08,16.74,18.7750005722046,down,2026-09-15T13:18:33,79.0,35.0
AAPL,2027-06-17,275,Put,380.0,AAPL270617P00380000,54.9,57.45,56.175,54.44,0.0,0.0,0.0,23.0,0.2644,-0.6898,0.006,0.9732,-0.0568,-1.0774,56.3539,0.0,0.0,0.0,54.25,down,2026-09-11T11:03:09,16.0,34.0
AAPL,2027-06-17,275,Call,390.0,AAPL270617C00390000,14.45,14.8,14.625,14.18,-1.695,-10.6772,13.0,3390.0,0.2656,0.3306,0.0048,1.0436,-0.0482,0.7185,14.5537,14.24,14.24,14.18,15.8749995231628,down,2026-09-15T15:34:32,62.0,115.0
AAPL,2027-06-17,275,Put,390.0,AAPL270617P00390000,62.75,65.05,63.9,85.3,0.0,0.0,0.0,23.0,0.2641,-0.7438,0.006,0.8742,-0.0549,-1.0127,63.967,0.0,0.0,0.0,61.75,down,2026-08-04T11:56:36,16.0,15.0
AAPL,2027-06-17,275,Call,400.0,AAPL270617C00400000,12.1,12.4,12.25,11.9,-1.5,-11.194,96.0,5066.0,0.2643,0.2909,0.0045,0.9889,-0.0455,0.6366,12.2021,12.3,12.3,11.8,13.4000000953674,up,2026-09-15T15:40:29,79.0,5.0
AAPL,2027-06-17,275,Put,400.0,AAPL270617P00400000,71.15,73.2,72.17500000000001,99.13,0.0,0.0,0.0,10.0,0.2654,-0.7958,0.006,0.7624,-0.0525,-0.9315,72.0592,0.0,0.0,0.0,69.2999992370606,no_change,2026-07-31T13:21:31,14.0,17.0
AAPL,2027-06-17,275,Call,410.0,AAPL270617C00410000,10.05,10.4,10.225000000000001,9.94,-1.335,-11.8404,23.0,1332.0,0.2633,0.2544,0.0042,0.9264,-0.0425,0.5591,10.1965,9.93,10.21,9.92,11.2749996185303,down,2026-09-15T15:36:47,97.0,16.0
AAPL,2027-06-17,275,Put,410.0,AAPL270617P00410000,79.6,81.75,80.675,101.42,0.0,0.0,0.0,0.0,0.264,-0.8462,0.0059,0.6334,-0.0507,-0.8226,80.6196,0.0,0.0,0.0,78.0250015258789,down,2026-07-31T15:58:02,17.0,24.0
AAPL,2027-06-17,275,Call,420.0,AAPL270617C00420000,8.35,8.7,8.524999999999999,8.45,-0.95,-10.1064,6.0,1300.0,0.2628,0.2213,0.0039,0.8606,-0.0394,0.4891,8.496,8.5,8.5,8.45,9.40000009536743,down,2026-09-15T12:36:35,57.0,16.0
AAPL,2027-06-17,275,Put,420.0,AAPL270617P00420000,88.6,90.8,89.69999999999999,87.7,0.0,0.0,0.0,1.0,0.2649,-0.8947,0.0059,0.4796,-0.0482,-0.5996,89.591,0.0,0.0,0.0,86.7250022888184,down,2026-09-11T10:36:34,6.0,6.0
AAPL,2027-06-17,275,Call,430.0,AAPL270617C00430000,6.95,7.3,7.125,7.0,-0.925,-11.6719,1.0,1375.0,0.263,0.1916,0.0036,0.7916,-0.0361,0.425,7.0631,7.0,7.0,7.0,7.92500019073486,down,2026-09-15T11:29:00,71.0,40.0
AAPL,2027-06-17,275,Put,430.0,AAPL270617P00430000,97.9,100.1,99.0,109.39,0.0,0.0,0.0,0.0,0.2639,-0.9406,0.0057,0.315,-0.048,-0.3081,98.962,0.0,0.0,0.0,95.9500007629394,down,2026-07-23T10:03:09,6.0,10.0
AAPL,2027-06-17,275,Call,440.0,AAPL270617C00440000,5.75,6.05,5.9,5.73,-0.87,-13.1818,3.0,1519.0,0.2626,0.1652,0.0033,0.7231,-0.0329,0.3676,5.86,5.7,5.73,5.7,6.59999990463257,up,2026-09-15T11:29:22,96.0,99.0
AAPL,2027-06-17,275,Put,440.0,AAPL270617P00440000,106.8,110.65,108.725,173.69,0.0,0.0,0.0,1.0,0.2673,-0.9734,0.0039,0.1367,-0.0502,0.0,108.6951,0.0,0.0,0.0,105.5,up,2026-04-21T13:15:58,4.0,1.0
AAPL,2027-06-17,275,Call,450.0,AAPL270617C00450000,4.75,5.1,4.925,4.8,-0.75,-13.5135,5.0,2478.0,0.2631,0.1419,0.003,0.6556,-0.0298,0.3169,4.8554,4.8,4.8,4.8,5.54999995231628,down,2026-09-15T11:22:53,35.0,62.0
AAPL,2027-06-17,275,Put,450.0,AAPL270617P00450000,116.8,120.7,118.75,136.34,0.0,0.0,0.0,0.0,0.2829,-0.9927,0.0011,0.0,-0.0502,0.0,118.6951,0.0,0.0,0.0,115.399997711182,down,2026-08-26T15:56:55,4.0,5.0
AAPL,2027-06-17,275,Call,460.0,AAPL270617C00460000,3.9,4.25,4.075,4.18,-0.47,-10.1075,1.0,518.0,0.2632,0.1216,0.0027,0.5908,-0.0267,0.2718,4.0185,4.18,4.18,4.18,4.65000009536743,down,2026-09-15T09:51:03,43.0,30.0
AAPL,2027-06-17,275,Put,460.0,AAPL270617P00460000,126.8,130.65,128.725,186.3,0.0,0.0,0.0,0.0,0.298,-1.0,0.0,0.0,-0.0502,0.0,128.6951,0.0,0.0,0.0,125.375,no_change,2025-12-15T15:39:13,11.0,1.0
AAPL,2027-06-17,275,Call,470.0,AAPL270617C00470000,3.2,3.6,3.4000000000000004,3.89,0.0,0.0,0.0,1168.0,0.2639,0.1039,0.0024,0.5296,-0.0239,0.233,3.3243,0.0,0.0,0.0,3.90000009536743,down,2026-09-14T12:13:46,36.0,44.0
AAPL,2027-06-17,275,Put,470.0,AAPL270617P00470000,137.0,140.7,138.85,159.85,0.0,0.0,0.0,0.0,0.0,-1.0,0.0,0.0,-0.0502,0.0,138.6951,0.0,0.0,0.0,135.375,no_change,2026-06-04T11:52:53,1.0,11.0
AAPL,2027-06-17,275,Call,480.0,AAPL270617C00480000,2.68,2.95,2.8150000000000004,2.77,-0.48,-14.7692,108.0,157.0,0.2643,0.0886,0.0021,0.4725,-0.0213,0.1987,2.7493,2.73,2.81,2.71,3.25,no_change,2026-09-15T11:23:53,49.0,24.0
AAPL,2027-06-17,275,Put,480.0,AAPL270617P00480000,146.8,150.65,148.72500000000002,150.0,0.0,0.0,0.0,0.0,0.327,-1.0,0.0,0.0,-0.0502,0.0,148.6951,0.0,0.0,0.0,145.375,up,2026-07-20T09:50:10,11.0,1.0
AAPL,2027-06-17,275,Call,490.0,AAPL270617C00490000,2.21,2.49,2.35,2.28,-0.45,-16.4835,108.0,219.0,0.2652,0.0754,0.0019,0.4199,-0.0188,0.1697,2.2745,2.32,2.34,2.27,2.73000001907349,no_change,2026-09-15T11:23:53,81.0,82.0
AAPL,2027-06-17,275,Put,490.0,AAPL270617P00490000,156.8,160.65,158.72500000000002,0.0,0.0,0.0,0.0,0.0,0.0,-1.0,0.0,0.0,-0.0502,0.0,158.6951,0.0,0.0,0.0,155.525001525879,no_change,,12.0,1.0
AAPL,2027-06-17,275,Call,500.0,AAPL270617C00500000,1.82,2.06,1.94,2.27,0.0,0.0,0.0,624.0,0.2655,0.0641,0.0016,0.3719,-0.0167,0.1442,1.8827,0.0,0.0,0.0,2.27499997615814,down,2026-09-14T14:51:20,23.0,13.0
AAPL,2027-06-17,275,Put,500.0,AAPL270617P00500000,166.8,170.7,168.75,0.0,0.0,0.0,0.0,0.0,0.0,-1.0,0.0,0.0,-0.0502,0.0,168.6951,0.0,0.0,0.0,165.5,no_change,,11.0,11.0
AAPL,2027-06-17,275,Call,510.0,AAPL270617C00510000,1.47,1.75,1.6099999999999999,1.63,-0.275,-14.4357,1.0,225.0,0.2662,0.0545,0.0014,0.3283,-0.0147,0.1228,1.5601,1.63,1.63,1.63,1.90500003099442,down,2026-09-15T09:51:03,46.0,49.0
AAPL,2027-06-17,275,Put,510.0,AAPL270617P00510000,176.95,180.65,178.8,0.0,0.0,0.0,0.0,0.0,0.0,-1.0,0.0,0.0,-0.0502,0.0,178.6951,0.0,0.0,0.0,175.5,no_change,,1.0,1.0
AAPL,2027-06-17,275,Call,520.0,AAPL270617C00520000,1.22,1.43,1.325,1.47,-0.12,-7.54717,1.0,205.0,0.2664,0.0464,0.0013,0.2898,-0.0129,0.1045,1.2954,1.47,1.47,1.47,1.5900000333786,down,2026-09-15T09:30:01,117.0,41.0
AAPL,2027-06-17,275,Put,520.0,AAPL270617P00520000,186.8,190.65,188.72500000000002,0.0,0.0,0.0,0.0,0.0,0.3804,-1.0,0.0,0.0,-0.0502,0.0,188.6951,0.0,0.0,0.0,185.550003051758,no_change,,11.0,1.0
AAPL,2027-06-17,275,Call,530.0,AAPL270617C00530000,1.01,1.21,1.1099999999999999,1.13,-0.21,-15.6716,5.0,3934.0,0.2676,0.0394,0.0011,0.2547,-0.0113,0.0888,1.0767,1.13,1.13,1.13,1.33999997377396,down,2026-09-15T09:38:08,121.0,87.0
AAPL,2027-06-17,275,Put,530.0,AAPL270617P00530000,196.8,200.65,198.72500000000002,0.0,0.0,0.0,0.0,0.0,0.393,-1.0,0.0,0.0,-0.0502,0.0,198.6951,0.0,0.0,0.0,195.450004577637,no_change,,11.0,1.0
AAPL,2027-06-17,275,Call,540.0,AAPL270617C00540000,0.81,1.0,0.905,1.02,0.0,0.0,0.0,255.0,0.2675,0.0335,0.001,0.2241,-0.0099,0.0756,0.8963,0.0,0.0,0.0,1.09499996900558,down,2026-09-14T11:29:40,66.0,15.0
AAPL,2027-06-17,275,Put,540.0,AAPL270617P00540000,206.8,210.65,208.72500000000002,0.0,0.0,0.0,0.0,0.0,0.4052,-1.0,0.0,0.0,-0.0502,0.0,208.6951,0.0,0.0,0.0,205.450004577637,no_change,,11.0,1.0
AAPL,2027-06-17,275,Call,550.0,AAPL270617C00550000,0.65,0.87,0.76,0.7,-0.215,-23.4973,2.0,1103.0,0.2689,0.0285,0.0008,0.1962,-0.0087,0.0641,0.7457,0.7,0.7,0.7,0.91499999165535,down,2026-09-15T10:32:28,202.0,107.0
AAPL,2027-06-17,275,Put,550.0,AAPL270617P00550000,216.8,220.65,218.72500000000002,0.0,0.0,0.0,0.0,0.0,0.4172,-1.0,0.0,0.0,-0.0502,0.0,218.6951,0.0,0.0,0.0,215.575004577637,no_change,,11.0,1.0
AAPL,2027-06-17,275,Call,560.0,AAPL270617C00560000,0.59,0.78,0.685,0.77,0.0,0.0,0.0,103.0,0.2705,0.0243,0.0007,0.1722,-0.0076,0.0547,0.6239,0.0,0.0,0.0,0.805000007152557,no_change,2026-09-14T11:00:35,12.0,30.0
AAPL,2027-06-17,275,Put,560.0,AAPL270617P00560000,226.75,230.65,228.7,0.0,0.0,0.0,0.0,0.0,0.4289,-1.0,0.0,0.0,-0.0502,0.0,228.6951,0.0,0.0,0.0,225.575004577637,no_change,,11.0,1.0
AAPL,2027-06-17,275,Call,570.0,AAPL270617C00570000,0.43,0.61,0.52,0.49,0.0,0.0,0.0,128.0,0.27,0.0207,0.0006,0.1513,-0.0067,0.0467,0.5232,0.0,0.0,0.0,0.644999980926514,down,2026-09-08T10:26:28,9.0,7.0
AAPL,2027-06-17,275,Put,570.0,AAPL270617P00570000,236.8,240.7,238.75,0.0,0.0,0.0,0.0,0.0,0.4404,-1.0,0.0,0.0,-0.0502,0.0,238.6951,0.0,0.0,0.0,235.700004577637,no_change,,11.0,11.0
AAPL,2027-06-17,275,Call,580.0,AAPL270617C00580000,0.33,0.55,0.44000000000000006,0.55,0.0,0.0,0.0,32.0,0.2738,0.0177,0.0006,0.1327,-0.0059,0.0399,0.4403,0.0,0.0,0.0,0.555000007152557,up,2026-09-11T09:30:09,51.0,51.0
AAPL,2027-06-17,275,Put,580.0,AAPL270617P00580000,246.8,250.7,248.75,0.0,0.0,0.0,0.0,0.0,0.4517,-1.0,0.0,0.0,-0.0502,0.0,248.6951,0.0,0.0,0.0,245.575004577637,no_change,,11.0,11.0
AAPL,2027-06-17,275,Call,590.0,AAPL270617C00590000,0.28,0.49,0.385,0.52,0.0,0.0,0.0,432.0,0.2739,0.0152,0.0005,0.1167,-0.0052,0.0342,0.3717,0.0,0.0,0.0,0.49499998986721,down,2026-09-14T09:31:27,12.0,39.0
AAPL,2027-06-17,275,Put,590.0,AAPL270617P00590000,256.8,260.65,258.725,0.0,0.0,0.0,0.0,0.0,0.4627,-1.0,0.0,0.0,-0.0502,0.0,258.6951,0.0,0.0,0.0,255.575004577637,no_change,,1.0,1.0
AAPL,2027-06-17,275,Call,600.0,AAPL270617C00600000,0.3,0.32,0.31,0.3,-0.12,-28.5714,325.0,3169.0,0.2734,0.013,0.0004,0.1028,-0.0045,0.0294,0.3148,0.33,0.35,0.3,0.420000001788139,no_change,2026-09-15T15:36:56,5.0,1.0
AAPL,2027-06-17,275,Put,600.0,AAPL270617P00600000,267.0,270.65,268.825,0.0,0.0,0.0,0.0,0.0,0.4791,-1.0,0.0,0.0,-0.0502,0.0,268.6951,0.0,0.0,0.0,265.549987792969,no_change,,1.0,1.0
AAPL,2027-09-17,367,Call,100.0,AAPL270917C00100000,233.7,237.55,235.625,212.35,0.0,0.0,0.0,11.0,0.5382,0.9975,0.0001,0.0347,0.0,0.9541,235.5158,0.0,0.0,0.0,238.700004577637,down,2026-08-21T10:13:04,11.0,11.0
AAPL,2027-09-17,367,Put,100.0,AAPL270917P00100000,0.05,0.24,0.145,0.13,0.0,0.0,0.0,431.0,0.4882,-0.0034,0.0001,0.035,-0.0022,-0.0125,0.1937,0.0,0.0,0.0,0.16499999910593,down,2026-09-14T14:46:52,16.0,49.0
AAPL,2027-09-17,367,Call,105.0,AAPL270917C00105000,228.95,232.85,230.89999999999998,206.35,0.0,0.0,0.0,20.0,0.5249,0.997,0.0001,0.0395,0.0,1.0002,230.7832,0.0,0.0,0.0,233.950004577637,down,2026-08-10T13:41:50,12.0,12.0
AAPL,2027-09-17,367,Put,105.0,AAPL270917P00105000,0.07,0.27,0.17,0.37,0.0,0.0,0.0,94.0,0.4781,-0.004,0.0001,0.0399,-0.0025,-0.0144,0.2218,0.0,0.0,0.0,0.185000006109476,down,2026-07-29T09:30:15,49.0,49.0
AAPL,2027-09-17,367,Call,110.0,AAPL270917C00110000,224.25,228.1,226.175,199.55,0.0,0.0,0.0,10.0,0.5074,0.9964,0.0001,0.0449,0.0,1.046,226.054,0.0,0.0,0.0,229.200004577637,no_change,2026-08-17T11:34:46,12.0,12.0
AAPL,2027-09-17,367,Put,110.0,AAPL270917P00110000,0.09,0.31,0.2,0.25,0.0,0.0,0.0,41.0,0.4717,-0.0046,0.0001,0.0455,-0.0028,-0.0166,0.2533,0.0,0.0,0.0,0.214999999850988,down,2026-09-02T13:02:31,51.0,49.0
AAPL,2027-09-17,367,Call,115.0,AAPL270917C00115000,219.5,223.35,221.425,192.15,0.0,0.0,0.0,4.0,0.4947,0.9957,0.0001,0.051,0.0,1.0915,221.329,0.0,0.0,0.0,224.5,no_change,2026-08-12T12:19:13,5.0,5.0
AAPL,2027-09-17,367,Put,115.0,AAPL270917P00115000,0.12,0.35,0.235,0.32,0.0,0.0,0.0,5.0,0.4605,-0.0052,0.0001,0.0516,-0.0031,-0.0191,0.2891,0.0,0.0,0.0,0.245000004768372,down,2026-09-04T15:51:27,46.0,46.0
AAPL,2027-09-17,367,Call,120.0,AAPL270917C00120000,214.8,218.65,216.72500000000002,0.0,0.0,0.0,0.0,0.0,0.4821,0.995,0.0001,0.0576,0.0,1.1367,216.6085,0.0,0.0,0.0,219.75,no_change,,5.0,5.0
AAPL,2027-09-17,367,Put,120.0,AAPL270917P00120000,0.17,0.4,0.28500000000000003,0.37,0.0,0.0,0.0,151.0,0.4543,-0.006,0.0001,0.0581,-0.0034,-0.0219,0.3297,0.0,0.0,0.0,0.28999999165535,down,2026-08-31T10:29:40,10.0,43.0
AAPL,2027-09-17,367,Call,125.0,AAPL270917C00125000,210.05,213.9,211.97500000000002,187.6,0.0,0.0,0.0,136.0,0.4696,0.9941,0.0001,0.0648,0.0,1.1815,211.8932,0.0,0.0,0.0,215.049995422363,down,2026-08-10T13:56:24,5.0,5.0
AAPL,2027-09-17,367,Put,125.0,AAPL270917P00125000,0.2,0.46,0.33,0.84,0.0,0.0,0.0,15.0,0.446,-0.0069,0.0001,0.0656,-0.0038,-0.025,0.3753,0.0,0.0,0.0,0.33500000089407,down,2026-07-02T10:12:16,53.0,43.0
AAPL,2027-09-17,367,Call,130.0,AAPL270917C00130000,205.35,209.2,207.27499999999998,182.05,0.0,0.0,0.0,11.0,0.4604,0.9931,0.0001,0.073,0.0,1.2259,207.1837,0.0,0.0,0.0,210.324996948242,down,2026-08-10T12:24:16,5.0,5.0
AAPL,2027-09-17,367,Put,130.0,AAPL270917P00130000,0.34,0.52,0.43000000000000005,0.43,0.0,0.0,0.0,32.0,0.4446,-0.0079,0.0001,0.074,-0.0042,-0.0286,0.4269,0.0,0.0,0.0,0.394999995827675,up,2026-09-01T12:18:34,32.0,51.0
AAPL,2027-09-17,367,Call,135.0,AAPL270917C00135000,200.65,204.5,202.575,178.45,0.0,0.0,0.0,33.0,0.4536,0.992,0.0002,0.0821,0.0,1.2697,202.4807,0.0,0.0,0.0,205.625,up,2026-08-10T13:56:28,5.0,5.0
AAPL,2027-09-17,367,Put,135.0,AAPL270917P00135000,0.4,0.58,0.49,0.54,0.0,0.0,0.0,63.0,0.4372,-0.009,0.0002,0.0832,-0.0046,-0.0327,0.4854,0.0,0.0,0.0,0.439999997615814,up,2026-09-14T09:32:24,41.0,36.0
AAPL,2027-09-17,367,Call,140.0,AAPL270917C00140000,195.95,199.8,197.875,187.01,0.0,0.0,0.0,9.0,0.4385,0.9908,0.0002,0.092,0.0,1.313,197.7853,0.0,0.0,0.0,200.925003051758,no_change,2026-09-10T11:50:20,5.0,5.0
AAPL,2027-09-17,367,Put,140.0,AAPL270917P00140000,0.36,0.66,0.51,0.65,0.0,0.0,0.0,37.0,0.4268,-0.0103,0.0002,0.0931,-0.0051,-0.0371,0.5516,0.0,0.0,0.0,0.524999991059303,no_change,2026-08-31T15:50:00,51.0,51.0
AAPL,2027-09-17,367,Call,145.0,AAPL270917C00145000,191.25,195.1,193.175,168.9,0.0,0.0,0.0,11.0,0.4311,0.9894,0.0002,0.1028,0.0,1.3558,193.0981,0.0,0.0,0.0,196.225006103516,down,2026-08-10T13:55:54,5.0,5.0
AAPL,2027-09-17,367,Put,145.0,AAPL270917P00145000,0.48,0.74,0.61,0.65,0.0,0.0,0.0,29.0,0.42,-0.0117,0.0002,0.1041,-0.0056,-0.0421,0.626,0.0,0.0,0.0,0.629999995231628,no_change,2026-09-11T09:34:15,51.0,10.0
AAPL,2027-09-17,367,Call,150.0,AAPL270917C00150000,186.55,190.45,188.5,172.11,0.0,0.0,0.0,71.0,0.421,0.9878,0.0002,0.1149,0.0,1.3979,188.4203,0.0,0.0,0.0,191.549995422363,up,2026-08-24T10:56:22,5.0,5.0
AAPL,2027-09-17,367,Put,150.0,AAPL270917P00150000,0.65,0.84,0.745,0.74,0.0,0.0,0.0,70.0,0.4166,-0.0133,0.0002,0.1167,-0.0062,-0.0478,0.7099,0.0,0.0,0.0,0.734999984502792,down,2026-09-10T12:20:08,2.0,51.0
AAPL,2027-09-17,367,Call,155.0,AAPL270917C00155000,181.9,185.75,183.825,173.98,0.0,0.0,0.0,44.0,0.4147,0.986,0.0003,0.1282,0.0,1.4391,183.7529,0.0,0.0,0.0,186.974998474121,down,2026-09-04T13:45:42,5.0,5.0
AAPL,2027-09-17,367,Put,155.0,AAPL270917P00155000,0.69,0.86,0.7749999999999999,0.87,0.0,0.0,0.0,111.0,0.4046,-0.0151,0.0003,0.1302,-0.0068,-0.0544,0.805,0.0,0.0,0.0,0.780000001192093,down,2026-09-02T10:15:28,10.0,10.0
AAPL,2027-09-17,367,Call,160.0,AAPL270917C00160000,177.25,181.1,179.175,174.95,0.0,0.0,0.0,9.0,0.406,0.984,0.0003,0.1425,0.0,1.4796,179.0974,0.0,0.0,0.0,182.325004577637,up,2026-09-03T14:22:30,5.0,5.0
AAPL,2027-09-17,367,Put,160.0,AAPL270917P00160000,0.86,1.05,0.9550000000000001,0.9,0.0,0.0,0.0,63.0,0.401,-0.0172,0.0003,0.1444,-0.0074,-0.0613,0.9117,0.0,0.0,0.0,0.894999980926514,down,2026-09-11T11:11:04,5.0,51.0
AAPL,2027-09-17,367,Call,165.0,AAPL270917C00165000,172.6,176.45,174.52499999999998,168.68,0.0,0.0,0.0,24.0,0.4003,0.9818,0.0004,0.1581,0.0,1.5192,174.455,0.0,0.0,0.0,177.674995422363,up,2026-09-10T15:21:14,5.0,10.0
AAPL,2027-09-17,367,Put,165.0,AAPL270917P00165000,0.94,1.17,1.055,1.02,0.0,0.0,0.0,36.0,0.3956,-0.0194,0.0004,0.1604,-0.0081,-0.0695,1.0323,0.0,0.0,0.0,1.05999997258186,down,2026-09-11T10:01:44,41.0,46.0
AAPL,2027-09-17,367,Call,170.0,AAPL270917C00170000,168.0,171.8,169.9,168.75,-4.175,-2.41434,2.0,9.0,0.3924,0.9794,0.0004,0.1753,0.0,1.5579,169.827,170.4,170.4,168.75,172.925003051758,down,2026-09-15T14:58:47,14.0,19.0
AAPL,2027-09-17,367,Put,170.0,AAPL270917P00170000,0.98,1.3,1.1400000000000001,1.2,0.06,5.26316,24.0,66.0,0.3864,-0.022,0.0004,0.1784,-0.0089,-0.0784,1.1674,1.18,1.22,1.17,1.13999998569489,no_change,2026-09-15T14:13:21,170.0,41.0
AAPL,2027-09-17,367,Call,175.0,AAPL270917C00175000,163.35,167.2,165.27499999999998,136.12,0.0,0.0,0.0,62.0,0.3868,0.9766,0.0004,0.194,0.0,1.5952,165.2153,0.0,0.0,0.0,168.674995422363,up,2026-08-12T15:22:14,5.0,12.0
AAPL,2027-09-17,367,Put,175.0,AAPL270917P00175000,1.27,1.47,1.37,1.4,0.0,0.0,0.0,76.0,0.3848,-0.0248,0.0005,0.1972,-0.0097,-0.0884,1.3205,0.0,0.0,0.0,1.29000002145767,down,2026-09-11T09:32:33,14.0,50.0
AAPL,2027-09-17,367,Call,180.0,AAPL270917C00180000,158.8,162.6,160.7,148.98,0.0,0.0,0.0,6.0,0.3805,0.9736,0.0005,0.214,0.0,1.6315,160.6217,0.0,0.0,0.0,164.025001525879,down,2026-09-10T10:31:03,5.0,10.0
AAPL,2027-09-17,367,Put,180.0,AAPL270917P00180000,1.28,1.65,1.4649999999999999,1.45,0.0,0.0,0.0,140.0,0.3785,-0.028,0.0005,0.2174,-0.0106,-0.0991,1.4913,0.0,0.0,0.0,1.51499998569489,down,2026-09-11T15:30:39,42.0,32.0
AAPL,2027-09-17,367,Call,185.0,AAPL270917C00185000,154.25,158.05,156.15,130.08,0.0,0.0,0.0,23.0,0.3769,0.9702,0.0006,0.2355,0.0,1.6666,156.0479,0.0,0.0,0.0,159.474998474121,down,2026-08-03T10:01:38,8.0,10.0
AAPL,2027-09-17,367,Put,185.0,AAPL270917P00185000,1.48,1.85,1.665,1.69,0.0,0.0,0.0,52.0,0.3704,-0.0315,0.0006,0.2395,-0.0115,-0.1114,1.683,0.0,0.0,0.0,1.64499998092651,down,2026-09-11T10:02:00,23.0,51.0
AAPL,2027-09-17,367,Call,190.0,AAPL270917C00190000,149.6,153.5,151.55,154.17,0.0,0.0,0.0,265.0,0.3695,0.9664,0.0006,0.2589,0.0,1.7001,151.496,0.0,0.0,0.0,154.975006103516,up,2026-09-14T14:04:19,5.0,71.0
AAPL,2027-09-17,367,Put,190.0,AAPL270917P00190000,1.68,2.07,1.875,2.18,0.0,0.0,0.0,42.0,0.3672,-0.0354,0.0006,0.2644,-0.0125,-0.1255,1.8962,0.0,0.0,0.0,1.83499997854233,up,2026-09-08T09:30:03,41.0,32.0
AAPL,2027-09-17,367,Call,195.0,AAPL270917C00195000,145.5,148.95,147.225,126.75,0.0,0.0,0.0,39.0,0.3705,0.9622,0.0007,0.284,0.0,1.7319,146.9685,0.0,0.0,0.0,150.375,down,2026-09-09T14:14:59,6.0,16.0
AAPL,2027-09-17,367,Put,195.0,AAPL270917P00195000,2.03,2.3,2.165,2.11,0.0,0.0,0.0,105.0,0.3624,-0.0396,0.0007,0.2886,-0.0136,-0.1394,2.1307,0.0,0.0,0.0,2.11000001430511,up,2026-09-11T12:21:08,20.0,28.0
AAPL,2027-09-17,367,Call,200.0,AAPL270917C00200000,140.6,144.45,142.52499999999998,141.53,-4.17,-2.86204,2.0,81.0,0.3587,0.9577,0.0008,0.3105,0.0,1.7622,142.4676,140.6,141.53,140.6,145.699996948242,up,2026-09-15T15:11:48,24.0,19.0
AAPL,2027-09-17,367,Put,200.0,AAPL270917P00200000,2.24,2.54,2.39,2.41,0.09,3.87931,1.0,438.0,0.3563,-0.0444,0.0008,0.316,-0.0147,-0.1557,2.4019,2.41,2.41,2.41,2.32000005245209,up,2026-09-15T11:57:51,29.0,24.0
AAPL,2027-09-17,367,Call,205.0,AAPL270917C00205000,136.5,139.95,138.225,126.25,0.0,0.0,0.0,486.0,0.3591,0.9526,0.0009,0.3388,0.0,1.7909,137.9956,0.0,0.0,0.0,141.349998474121,up,2026-09-10T09:43:36,81.0,141.0
AAPL,2027-09-17,367,Put,205.0,AAPL270917P00205000,2.6,2.88,2.74,2.65,0.0,0.0,0.0,486.0,0.3535,-0.0496,0.0009,0.3458,-0.0159,-0.1736,2.6982,0.0,0.0,0.0,2.59500002861023,down,2026-09-14T10:52:37,12.0,48.0
AAPL,2027-09-17,367,Call,210.0,AAPL270917C00210000,131.65,134.85,133.25,135.65,0.0,0.0,0.0,60.0,0.345,0.9471,0.001,0.3692,-0.0007,1.8173,133.5554,0.0,0.0,0.0,136.900001525879,up,2026-09-11T09:36:03,5.0,10.0
AAPL,2027-09-17,367,Put,210.0,AAPL270917P00210000,2.8,3.25,3.025,3.4,0.0,0.0,0.0,172.0,0.3478,-0.0553,0.001,0.377,-0.0172,-0.1938,3.0287,0.0,0.0,0.0,2.92999994754791,down,2026-09-10T09:41:37,1.0,26.0
AAPL,2027-09-17,367,Call,215.0,AAPL270917C00215000,127.65,130.65,129.15,115.55,0.0,0.0,0.0,74.0,0.3438,0.9411,0.001,0.4009,-0.0026,1.8417,129.1501,0.0,0.0,0.0,132.449996948242,up,2026-08-20T10:20:49,20.0,16.0
AAPL,2027-09-17,367,Put,215.0,AAPL270917P00215000,3.15,3.6,3.375,3.19,0.0,0.0,0.0,203.0,0.3432,-0.0616,0.0011,0.4084,-0.0185,-0.214,3.3953,0.0,0.0,0.0,3.29999995231628,down,2026-09-14T12:05:25,23.0,15.0
AAPL,2027-09-17,367,Call,220.0,AAPL270917C00220000,123.3,126.7,125.0,126.25,0.0,0.0,0.0,41.0,0.3449,0.9346,0.0011,0.434,-0.0044,1.8642,124.7823,0.0,0.0,0.0,128.075004577637,up,2026-09-11T14:23:21,15.0,13.0
AAPL,2027-09-17,367,Put,220.0,AAPL270917P00220000,3.65,3.95,3.8,3.81,0.21,5.83333,2.0,913.0,0.3398,-0.0684,0.0012,0.4425,-0.0198,-0.2377,3.8,3.85,3.85,3.81,3.60000002384186,down,2026-09-15T15:52:28,56.0,139.0
AAPL,2027-09-17,367,Call,225.0,AAPL270917C00225000,118.95,121.65,120.30000000000001,123.35,0.0,0.0,0.0,152.0,0.3326,0.9274,0.0012,0.4692,-0.0063,1.8843,120.4547,0.0,0.0,0.0,123.75,up,2026-09-14T09:30:02,33.0,27.0
AAPL,2027-09-17,367,Put,225.0,AAPL270917P00225000,4.1,4.35,4.225,4.26,0.21,5.18519,1.0,279.0,0.3356,-0.0757,0.0013,0.4805,-0.0212,-0.2624,4.2423,4.26,4.26,4.26,4.04999995231628,up,2026-09-15T15:52:28,8.0,51.0
AAPL,2027-09-17,367,Call,230.0,AAPL270917C00230000,114.65,118.1,116.375,119.23,0.0,0.0,0.0,54.0,0.3364,0.9197,0.0014,0.506,-0.0083,1.9015,116.1713,0.0,0.0,0.0,119.424999237061,up,2026-09-14T15:08:46,20.0,17.0
AAPL,2027-09-17,367,Put,230.0,AAPL270917P00230000,4.45,5.0,4.725,4.55,0.0,0.0,0.0,368.0,0.3319,-0.0839,0.0014,0.5163,-0.0227,-0.2889,4.7427,0.0,0.0,0.0,4.57499980926514,no_change,2026-09-14T15:40:36,152.0,179.0
AAPL,2027-09-17,367,Call,235.0,AAPL270917C00235000,110.4,113.2,111.80000000000001,115.11,0.0,0.0,0.0,59.0,0.3262,0.9114,0.0015,0.5436,-0.0103,1.9166,111.9353,0.0,0.0,0.0,115.074996948242,up,2026-09-14T15:43:08,17.0,17.0
AAPL,2027-09-17,367,Put,235.0,AAPL270917P00235000,5.1,5.5,5.3,5.15,0.0,0.0,0.0,218.0,0.329,-0.0926,0.0016,0.555,-0.0242,-0.3177,5.2852,0.0,0.0,0.0,5.02499985694885,no_change,2026-09-11T14:19:31,35.0,51.0
AAPL,2027-09-17,367,Call,240.0,AAPL270917C00240000,106.2,108.9,107.55000000000001,107.0,-3.95,-3.56016,25.0,573.0,0.3218,0.9024,0.0016,0.5826,-0.0123,1.9292,107.7494,107.0,107.0,107.0,110.950000762939,down,2026-09-15T12:20:56,412.0,78.0
AAPL,2027-09-17,367,Put,240.0,AAPL270917P00240000,5.7,6.1,5.9,5.92,0.245,4.31718,2.0,1008.0,0.3258,-0.102,0.0017,0.596,-0.0258,-0.3489,5.8739,5.96,5.96,5.92,5.67500019073486,down,2026-09-15T15:32:35,56.0,132.0
AAPL,2027-09-17,367,Call,245.0,AAPL270917C00245000,102.1,105.05,103.57499999999999,105.8,0.0,0.0,0.0,24.0,0.3213,0.8927,0.0017,0.6234,-0.0143,1.9385,103.6175,0.0,0.0,0.0,106.5,up,2026-09-11T09:39:50,32.0,37.0
AAPL,2027-09-17,367,Put,245.0,AAPL270917P00245000,6.25,6.8,6.525,6.25,0.0,0.0,0.0,312.0,0.3218,-0.1123,0.0018,0.6378,-0.0274,-0.3829,6.5363,0.0,0.0,0.0,6.27500009536743,up,2026-09-14T13:52:32,33.0,36.0
AAPL,2027-09-17,367,Call,250.0,AAPL270917C00250000,98.0,101.45,99.725,101.85,0.0,0.0,0.0,270.0,0.3216,0.8824,0.0019,0.6647,-0.0164,1.9449,99.5438,0.0,0.0,0.0,102.625,down,2026-09-14T14:08:26,61.0,28.0
AAPL,2027-09-17,367,Put,250.0,AAPL270917P00250000,7.05,7.45,7.25,7.37,0.395,5.66308,1.0,968.0,0.3188,-0.1232,0.002,0.6789,-0.029,-0.4172,7.251,7.37,7.37,7.37,6.97499990463257,up,2026-09-15T14:28:47,43.0,67.0
AAPL,2027-09-17,367,Call,255.0,AAPL270917C00255000,94.0,96.35,95.175,94.22,-4.405,-4.46641,1.0,64.0,0.3106,0.8714,0.002,0.7063,-0.0184,1.949,95.5311,94.22,94.22,94.22,98.625,down,2026-09-15T10:49:22,43.0,35.0
AAPL,2027-09-17,367,Put,255.0,AAPL270917P00255000,7.85,8.3,8.075,8.19,0.44,5.67742,2.0,261.0,0.3164,-0.1348,0.0021,0.7221,-0.0306,-0.454,8.0292,8.0,8.19,8.0,7.75,up,2026-09-15T14:28:47,33.0,128.0
AAPL,2027-09-17,367,Call,260.0,AAPL270917C00260000,90.6,92.7,91.65,90.1,-4.2,-4.45387,1.0,2343.0,0.3138,0.8596,0.0022,0.7491,-0.0204,1.9497,91.5826,90.1,90.1,90.1,94.2999992370606,down,2026-09-15T11:39:10,62.0,35.0
AAPL,2027-09-17,367,Put,260.0,AAPL270917P00260000,8.55,9.2,8.875,8.9,0.35,4.09356,1.0,272.0,0.3128,-0.1473,0.0023,0.7683,-0.0322,-0.4946,8.8781,8.9,8.9,8.9,8.55000019073486,up,2026-09-15T12:22:54,22.0,46.0
AAPL,2027-09-17,367,Call,265.0,AAPL270917C00265000,86.15,88.95,87.55000000000001,86.9,-3.9,-4.29515,1.0,103.0,0.3081,0.8472,0.0023,0.7924,-0.0225,1.9468,87.7032,86.9,86.9,86.9,90.7999992370606,down,2026-09-15T12:12:00,168.0,67.0
AAPL,2027-09-17,367,Put,265.0,AAPL270917P00265000,9.5,10.05,9.775,9.75,0.275,2.90238,107.0,817.0,0.3097,-0.1606,0.0024,0.8093,-0.0339,-0.5341,9.8005,10.0,10.0,9.75,9.47499990463257,down,2026-09-15T15:55:51,37.0,50.0
AAPL,2027-09-17,367,Call,270.0,AAPL270917C00270000,82.35,85.55,83.94999999999999,83.03,-3.745,-4.31576,4.0,2310.0,0.308,0.834,0.0024,0.835,-0.0245,1.9414,83.8961,83.4,83.4,82.75,86.7750015258789,no_change,2026-09-15T15:27:29,206.0,37.0
AAPL,2027-09-17,367,Put,270.0,AAPL270917P00270000,10.6,11.05,10.825,11.0,0.575,5.51559,42.0,1096.0,0.3076,-0.1747,0.0026,0.8534,-0.0355,-0.578,10.7996,10.9,11.0,10.8,10.4249997138977,up,2026-09-15T12:30:57,130.0,99.0
AAPL,2027-09-17,367,Call,275.0,AAPL270917C00275000,78.6,81.45,80.025,78.79,-4.51,-5.41417,2.0,102.0,0.3031,0.8201,0.0026,0.8776,-0.0264,1.9331,80.164,78.79,78.79,78.79,83.3000030517578,no_change,2026-09-15T10:48:36,207.0,72.0
AAPL,2027-09-17,367,Put,275.0,AAPL270917P00275000,11.65,12.15,11.9,12.05,0.6,5.24018,4.0,1841.0,0.3049,-0.1895,0.0028,0.8992,-0.0371,-0.6224,11.8788,12.0,12.05,11.9,11.4499998092651,up,2026-09-15T14:51:16,108.0,144.0
AAPL,2027-09-17,367,Call,280.0,AAPL270917C00280000,74.95,77.65,76.30000000000001,75.78,-3.645,-4.58923,1.0,286.0,0.2998,0.8055,0.0028,0.9204,-0.0284,1.9207,76.5113,75.78,75.78,75.78,79.4249992370606,down,2026-09-15T14:28:24,123.0,87.0
AAPL,2027-09-17,367,Put,280.0,AAPL270917P00280000,12.8,13.3,13.05,13.15,0.575,4.57256,6.0,2114.0,0.3023,-0.205,0.0029,0.9399,-0.0387,-0.667,13.0345,13.15,13.15,13.15,12.5750002861023,no_change,2026-09-15T09:45:51,50.0,80.0
AAPL,2027-09-17,367,Call,285.0,AAPL270917C00285000,71.35,74.25,72.8,71.35,-4.45,-5.87071,2.0,465.0,0.2935,0.7903,0.0029,0.9619,-0.0302,1.9054,72.942,71.35,71.35,71.35,75.7999992370606,down,2026-09-15T11:06:37,136.0,7.0
AAPL,2027-09-17,367,Put,285.0,AAPL270917P00285000,13.95,14.65,14.3,13.75,0.0,0.0,0.0,657.0,0.2999,-0.2215,0.0031,0.9814,-0.0402,-0.7148,14.287,0.0,0.0,0.0,13.8249998092651,down,2026-09-14T12:32:23,22.0,31.0
AAPL,2027-09-17,367,Call,290.0,AAPL270917C00290000,68.0,70.8,69.4,68.15,-3.875,-5.38008,6.0,201.0,0.2968,0.7743,0.0031,1.0021,-0.0321,1.8879,69.4582,68.15,68.15,68.15,72.0250015258789,down,2026-09-15T10:31:53,65.0,34.0
AAPL,2027-09-17,367,Put,290.0,AAPL270917P00290000,15.3,16.05,15.675,15.2,0.0,0.0,0.0,671.0,0.2978,-0.2388,0.0033,1.0228,-0.0417,-0.7632,15.6324,0.0,0.0,0.0,15.2249999046326,up,2026-09-14T14:14:20,21.0,11.0
AAPL,2027-09-17,367,Call,295.0,AAPL270917C00295000,64.5,67.75,66.125,65.65,-3.05,-4.43959,2.0,336.0,0.2958,0.7577,0.0032,1.0416,-0.0338,1.8664,66.0631,65.65,65.65,65.65,68.7000007629394,down,2026-09-15T14:18:28,98.0,63.0
AAPL,2027-09-17,367,Put,295.0,AAPL270917P00295000,16.65,17.4,17.025,17.45,0.95,5.75758,131.0,878.0,0.2947,-0.2569,0.0035,1.0631,-0.0432,-0.8129,17.0817,17.35,17.5,17.25,16.5,up,2026-09-15T14:38:07,90.0,78.0
AAPL,2027-09-17,367,Call,300.0,AAPL270917C00300000,62.05,64.6,63.324999999999996,61.97,-3.58,-5.46148,9.0,983.0,0.2983,0.7405,0.0033,1.0794,-0.0354,1.8415,62.7611,61.91,62.51,61.05,65.5499992370606,down,2026-09-15T15:26:14,40.0,222.0
AAPL,2027-09-17,367,Put,300.0,AAPL270917P00300000,18.3,18.9,18.6,19.02,0.995,5.52011,111.0,1224.0,0.2928,-0.2757,0.0036,1.0982,-0.0446,-0.8622,18.6291,19.03,19.23,19.02,18.0249996185303,no_change,2026-09-15T13:25:21,43.0,33.0
AAPL,2027-09-17,367,Call,305.0,AAPL270917C00305000,58.8,60.8,59.8,58.84,-3.435,-5.51586,32.0,388.0,0.2932,0.7227,0.0035,1.1149,-0.037,1.8148,59.5542,58.7,59.02,58.15,62.2749996185303,up,2026-09-15T15:38:10,113.0,187.0
AAPL,2027-09-17,367,Put,305.0,AAPL270917P00305000,19.9,20.6,20.25,20.77,1.095,5.56544,102.0,411.0,0.2905,-0.2956,0.0038,1.133,-0.0459,-0.9154,20.3008,20.55,20.77,20.55,19.6750001907349,no_change,2026-09-15T13:24:13,66.0,63.0
AAPL,2027-09-17,367,Call,310.0,AAPL270917C00310000,54.85,57.15,56.0,57.9,0.0,0.0,0.0,511.0,0.2852,0.7044,0.0036,1.1484,-0.0384,1.7851,56.444,0.0,0.0,0.0,59.2749996185303,down,2026-09-14T11:20:50,75.0,19.0
AAPL,2027-09-17,367,Put,310.0,AAPL270917P00310000,21.7,22.35,22.025,22.57,1.22,5.71428,102.0,659.0,0.2887,-0.3159,0.004,1.1672,-0.0471,-0.9658,22.0628,22.36,22.57,22.36,21.3500003814697,no_change,2026-09-15T13:24:13,78.0,84.0
AAPL,2027-09-17,367,Call,315.0,AAPL270917C00315000,51.8,54.3,53.05,55.68,0.0,0.0,0.0,591.0,0.2839,0.6856,0.0037,1.1798,-0.0397,1.7517,53.4343,0.0,0.0,0.0,56.3500003814697,up,2026-09-14T15:46:02,217.0,48.0
AAPL,2027-09-17,367,Put,315.0,AAPL270917P00315000,23.5,24.25,23.875,24.5,1.225,5.26316,2.0,574.0,0.2866,-0.3368,0.0041,1.1939,-0.0482,-1.011,23.9227,24.3,24.5,24.3,23.2750005722046,up,2026-09-15T12:41:54,62.0,57.0
AAPL,2027-09-17,367,Call,320.0,AAPL270917C00320000,49.15,52.05,50.599999999999994,50.02,-2.38,-4.54198,7.0,2236.0,0.286,0.6664,0.0038,1.2083,-0.041,1.7165,50.5272,49.85,50.5,49.2,52.3999996185303,up,2026-09-15T12:36:04,141.0,98.0
AAPL,2027-09-17,367,Put,320.0,AAPL270917P00320000,25.5,26.4,25.95,26.5,1.425,5.68295,3.0,329.0,0.2842,-0.3582,0.0043,1.2199,-0.0492,-1.0657,25.8966,26.25,26.5,26.23,25.0749998092651,up,2026-09-15T12:41:55,85.0,15.0
AAPL,2027-09-17,367,Call,325.0,AAPL270917C00325000,46.35,49.0,47.675,47.06,-3.065,-6.11471,5.0,634.0,0.2833,0.6467,0.004,1.2338,-0.042,1.6797,47.7227,46.61,47.06,46.61,50.125,up,2026-09-15T14:28:05,75.0,170.0
AAPL,2027-09-17,367,Put,325.0,AAPL270917P00325000,27.55,28.35,27.950000000000003,28.75,1.575,5.79577,30.0,495.0,0.2832,-0.3805,0.0044,1.2419,-0.0502,-1.1139,28.0102,28.45,28.75,28.05,27.1750001907349,up,2026-09-15T12:57:39,19.0,120.0
AAPL,2027-09-17,367,Call,330.0,AAPL270917C00330000,44.4,45.75,45.075,44.59,-2.685,-5.67953,56.0,837.0,0.2825,0.6268,0.004,1.2566,-0.043,1.6395,45.0228,45.12,45.12,43.76,47.2749996185303,down,2026-09-15T15:13:01,80.0,52.0
AAPL,2027-09-17,367,Put,330.0,AAPL270917P00330000,29.7,30.6,30.15,30.67,1.295,4.40851,27.0,291.0,0.2815,-0.4031,0.0046,1.259,-0.051,-1.1495,30.227,30.52,31.0,30.52,29.375,down,2026-09-15T15:49:05,89.0,107.0
AAPL,2027-09-17,367,Call,335.0,AAPL270917C00335000,41.6,43.35,42.475,41.8,-2.875,-6.43536,2.0,654.0,0.281,0.6066,0.0041,1.2761,-0.0438,1.5974,42.4298,42.0,42.0,41.8,44.6749992370606,down,2026-09-15T12:51:44,92.0,63.0
AAPL,2027-09-17,367,Put,335.0,AAPL270917P00335000,32.05,32.95,32.5,33.02,1.42,4.49367,1.0,637.0,0.2801,-0.4263,0.0047,1.2732,-0.0517,-1.1972,32.5674,33.02,33.02,33.02,31.6000003814697,up,2026-09-15T15:49:05,39.0,47.0
AAPL,2027-09-17,367,Call,340.0,AAPL270917C00340000,39.4,40.6,40.0,39.69,-2.235,-5.33095,9.0,973.0,0.2796,0.5861,0.0042,1.2922,-0.0445,1.5548,39.9427,39.75,39.76,39.69,41.9250011444092,down,2026-09-15T14:18:18,32.0,32.0
AAPL,2027-09-17,367,Put,340.0,AAPL270917P00340000,34.5,35.4,34.95,35.36,1.41,4.15317,4.0,161.0,0.2786,-0.4498,0.0048,1.2822,-0.0523,-1.2382,35.0292,35.36,35.36,35.36,33.9499988555908,no_change,2026-09-15T09:45:51,28.0,39.0
AAPL,2027-09-17,367,Call,345.0,AAPL270917C00345000,37.2,38.1,37.650000000000006,40.3,0.0,0.0,0.0,1029.0,0.2785,0.5656,0.0043,1.305,-0.045,1.5101,37.5609,0.0,0.0,0.0,39.7000007629394,down,2026-09-14T15:19:45,45.0,44.0
AAPL,2027-09-17,367,Put,345.0,AAPL270917P00345000,37.1,38.15,37.625,45.0,0.0,0.0,0.0,101.0,0.2779,-0.4738,0.0049,1.2847,-0.0528,-1.27,37.6244,0.0,0.0,0.0,36.4000015258789,up,2026-09-08T10:00:11,27.0,16.0
AAPL,2027-09-17,367,Call,350.0,AAPL270917C00350000,35.1,35.65,35.375,35.14,-2.085,-5.60107,36.0,11989.0,0.2773,0.545,0.0043,1.3143,-0.0454,1.463,35.2859,34.97,35.14,34.32,37.2249984741211,up,2026-09-15T14:18:18,64.0,48.0
AAPL,2027-09-17,367,Put,350.0,AAPL270917P00350000,39.7,40.7,40.2,40.99,1.865,4.76677,23.0,104.0,0.2755,-0.4982,0.005,1.2864,-0.0532,-1.3092,40.3416,40.97,41.09,40.96,39.125,up,2026-09-15T11:07:21,36.0,34.0
AAPL,2027-09-17,367,Call,355.0,AAPL270917C00355000,32.9,33.45,33.175,32.3,-2.675,-7.64832,76.0,893.0,0.2759,0.5245,0.0044,1.3202,-0.0457,1.4161,33.1166,32.3,32.36,32.25,34.9750003814697,up,2026-09-15T11:34:33,134.0,20.0
AAPL,2027-09-17,367,Put,355.0,AAPL270917P00355000,42.6,43.7,43.150000000000006,49.25,0.0,0.0,0.0,212.0,0.2752,-0.5226,0.0052,1.2812,-0.0534,-1.3356,43.1742,0.0,0.0,0.0,41.7999992370606,down,2026-08-28T11:01:04,12.0,4.0
AAPL,2027-09-17,367,Call,360.0,AAPL270917C00360000,30.9,31.35,31.125,30.7,-2.175,-6.61597,6.0,2078.0,0.2749,0.504,0.0044,1.3227,-0.0458,1.369,31.0504,30.86,30.86,30.7,32.875,down,2026-09-15T14:52:06,56.0,10.0
AAPL,2027-09-17,367,Put,360.0,AAPL270917P00360000,45.4,46.85,46.125,63.5,0.0,0.0,0.0,19.0,0.2742,-0.5473,0.0052,1.269,-0.0536,-1.348,46.1352,0.0,0.0,0.0,44.6999988555908,up,2026-08-13T15:43:55,4.0,5.0
AAPL,2027-09-17,367,Call,365.0,AAPL270917C00365000,28.9,29.5,29.2,28.64,-2.11,-6.86179,7.0,1711.0,0.2738,0.4836,0.0044,1.3216,-0.0458,1.3199,29.0865,28.64,28.64,28.64,30.75,down,2026-09-15T15:38:10,24.0,16.0
AAPL,2027-09-17,367,Put,365.0,AAPL270917P00365000,48.2,50.55,49.375,52.73,0.0,0.0,0.0,4.0,0.273,-0.5721,0.0053,1.2503,-0.0536,-1.3676,49.234,0.0,0.0,0.0,47.6499996185303,no_change,2026-09-01T14:52:31,3.0,10.0
AAPL,2027-09-17,367,Call,370.0,AAPL270917C00370000,27.05,27.55,27.3,26.52,-2.38,-8.23529,15.0,679.0,0.273,0.4635,0.0044,1.3172,-0.0457,1.2705,27.2242,27.4,27.4,26.5,28.8999996185303,no_change,2026-09-15T11:48:31,20.0,17.0
AAPL,2027-09-17,367,Put,370.0,AAPL270917P00370000,51.15,53.65,52.4,70.42,0.0,0.0,0.0,103.0,0.2721,-0.597,0.0054,1.2354,-0.0535,-1.3867,52.4366,0.0,0.0,0.0,50.8250007629394,no_change,2026-08-04T10:19:23,24.0,29.0
AAPL,2027-09-17,367,Call,375.0,AAPL270917C00375000,25.25,25.8,25.525,24.75,-2.375,-8.75576,25.0,2025.0,0.272,0.4436,0.0044,1.31,-0.0455,1.2224,25.46,24.79,24.8,24.73,27.125,down,2026-09-15T11:07:21,41.0,37.0
AAPL,2027-09-17,367,Put,375.0,AAPL270917P00375000,54.8,56.9,55.849999999999994,73.3,0.0,0.0,0.0,29.0,0.2722,-0.6218,0.0054,1.2076,-0.0534,-1.39,55.7625,0.0,0.0,0.0,54.0750007629394,down,2026-08-11T12:54:07,13.0,20.0
AAPL,2027-09-17,367,Call,380.0,AAPL270917C00380000,23.6,24.1,23.85,23.5,-1.9,-7.48032,8.0,1238.0,0.2712,0.424,0.0044,1.2996,-0.0451,1.1738,23.7907,23.45,23.7,23.45,25.4000005722046,down,2026-09-15T15:05:17,99.0,43.0
AAPL,2027-09-17,367,Put,380.0,AAPL270917P00380000,57.7,60.35,59.025000000000006,74.65,0.0,0.0,0.0,67.0,0.269,-0.6465,0.0055,1.1664,-0.053,-1.358,59.2219,0.0,0.0,0.0,57.4500007629394,up,2026-08-25T12:22:01,10.0,10.0
AAPL,2027-09-17,367,Call,385.0,AAPL270917C00385000,22.0,22.5,22.25,23.99,0.0,0.0,0.0,863.0,0.2702,0.4048,0.0043,1.286,-0.0446,1.1245,22.2149,0.0,0.0,0.0,23.6750001907349,up,2026-09-14T12:53:46,31.0,33.0
AAPL,2027-09-17,367,Put,385.0,AAPL270917P00385000,61.3,64.25,62.775,74.75,0.0,0.0,0.0,26.0,0.2698,-0.6712,0.0055,1.1388,-0.0526,-1.367,62.7927,0.0,0.0,0.0,60.5249996185303,no_change,2026-08-20T14:01:26,16.0,15.0
AAPL,2027-09-17,367,Call,390.0,AAPL270917C00390000,20.5,21.0,20.75,20.48,-1.645,-7.43503,11.0,494.0,0.2695,0.386,0.0043,1.2699,-0.0441,1.0764,20.73,21.25,21.25,20.16,22.125,up,2026-09-15T13:36:44,92.0,11.0
AAPL,2027-09-17,367,Put,390.0,AAPL270917P00390000,65.0,67.65,66.325,73.3,0.0,0.0,0.0,12.0,0.268,-0.6958,0.0056,1.0995,-0.0522,-1.347,66.4678,0.0,0.0,0.0,64.2999992370606,down,2026-09-10T09:38:22,17.0,19.0
AAPL,2027-09-17,367,Call,395.0,AAPL270917C00395000,19.1,19.6,19.35,19.0,-1.75,-8.43373,1.0,572.0,0.2689,0.3677,0.0042,1.2517,-0.0434,1.0299,19.3312,19.0,19.0,19.0,20.75,down,2026-09-15T14:53:06,90.0,32.0
AAPL,2027-09-17,367,Put,395.0,AAPL270917P00395000,68.8,71.85,70.32499999999999,82.2,0.0,0.0,0.0,3.0,0.2693,-0.7202,0.0056,1.0469,-0.0517,-1.3,70.2632,0.0,0.0,0.0,68.0999984741211,down,2026-08-19T10:55:06,16.0,15.0
AAPL,2027-09-17,367,Call,400.0,AAPL270917C00400000,17.8,18.25,18.025,17.48,-1.87,-9.66408,14.0,2533.0,0.2682,0.3498,0.0042,1.2309,-0.0427,0.9832,18.0155,18.1,18.1,17.23,19.3499994277954,up,2026-09-15T15:30:52,21.0,12.0
AAPL,2027-09-17,367,Put,400.0,AAPL270917P00400000,73.65,74.3,73.975,74.0,2.0,2.77778,34.0,6.0,0.266,-0.744,0.0056,0.9873,-0.0509,-1.2612,74.1821,75.0,75.6,74.0,72.0,down,2026-09-15T15:54:40,2.0,1.0
AAPL,2027-09-17,367,Call,410.0,AAPL270917C00410000,15.35,15.85,15.6,16.95,0.0,0.0,0.0,782.0,0.267,0.3157,0.004,1.1828,-0.041,0.8925,15.6229,0.0,0.0,0.0,16.875,down,2026-09-14T15:36:27,39.0,42.0
AAPL,2027-09-17,367,Put,410.0,AAPL270917P00410000,80.9,83.5,82.2,90.35,0.0,0.0,0.0,16.0,0.266,-0.792,0.0056,0.8808,-0.0501,-1.1562,82.3071,0.0,0.0,0.0,79.9250030517578,down,2026-09-10T11:19:25,15.0,23.0
AAPL,2027-09-17,367,Call,420.0,AAPL270917C00420000,13.25,13.75,13.5,13.5,-1.175,-8.00682,1.0,1523.0,0.2663,0.2839,0.0038,1.1292,-0.0391,0.8074,13.5218,13.5,13.5,13.5,14.6750001907349,down,2026-09-15T09:35:50,102.0,46.0
AAPL,2027-09-17,367,Put,420.0,AAPL270917P00420000,89.6,92.05,90.82499999999999,89.11,0.0,0.0,0.0,0.0,0.266,-0.8383,0.0057,0.7338,-0.0489,-0.9647,90.8581,0.0,0.0,0.0,88.3250007629394,no_change,2026-07-27T09:46:50,33.0,34.0
AAPL,2027-09-17,367,Call,430.0,AAPL270917C00430000,11.35,12.0,11.675,11.55,-1.15,-9.05512,16.0,461.0,0.2659,0.2544,0.0036,1.0698,-0.037,0.7268,11.6868,11.55,11.55,11.55,12.6999998092651,down,2026-09-15T13:54:56,20.0,36.0
AAPL,2027-09-17,367,Put,430.0,AAPL270917P00430000,98.5,101.1,99.8,104.8,0.0,0.0,0.0,10.0,0.2663,-0.8838,0.0056,0.5923,-0.0479,-0.7486,99.781,0.0,0.0,0.0,96.8499984741211,down,2026-09-02T12:09:07,23.0,20.0
AAPL,2027-09-17,367,Call,440.0,AAPL270917C00440000,9.75,10.25,10.0,9.74,-1.285,-11.6553,4.0,189.0,0.2648,0.2273,0.0034,1.0084,-0.0348,0.6526,10.088,10.05,10.05,9.74,11.0250000953674,down,2026-09-15T11:49:20,58.0,34.0
AAPL,2027-09-17,367,Put,440.0,AAPL270917P00440000,107.2,110.6,108.9,112.8,0.0,0.0,0.0,0.0,0.2601,-0.9286,0.0058,0.413,-0.0474,-0.5314,109.0796,0.0,0.0,0.0,106.099998474121,up,2026-07-16T09:45:28,9.0,10.0
AAPL,2027-09-17,367,Call,450.0,AAPL270917C00450000,8.4,8.95,8.675,8.53,-0.97,-10.2105,6.0,336.0,0.2652,0.2025,0.0032,0.9442,-0.0326,0.5833,8.7015,8.75,8.75,8.5,9.5,down,2026-09-15T13:13:07,64.0,55.0
AAPL,2027-09-17,367,Put,450.0,AAPL270917P00450000,116.85,120.7,118.775,144.45,0.0,0.0,0.0,0.0,0.0,-0.9625,0.0047,0.2253,-0.0424,0.0,118.6951,0.0,0.0,0.0,115.599998474121,up,2026-08-10T12:46:36,5.0,6.0
AAPL,2027-09-17,367,Call,460.0,AAPL270917C00460000,7.2,7.65,7.425000000000001,7.35,-0.975,-11.7117,2.0,145.0,0.2645,0.1801,0.003,0.8809,-0.0303,0.521,7.5008,7.35,7.35,7.35,8.32499980926514,no_change,2026-09-15T10:20:36,126.0,45.0
AAPL,2027-09-17,367,Put,460.0,AAPL270917P00460000,126.8,130.7,128.75,0.0,0.0,0.0,0.0,0.0,0.2837,-0.9852,0.0018,0.0,-0.0459,0.0,128.6951,0.0,0.0,0.0,125.575000762939,no_change,,5.0,6.0
AAPL,2027-09-17,367,Call,470.0,AAPL270917C00470000,6.2,6.7,6.45,7.23,0.0,0.0,0.0,342.0,0.2653,0.1598,0.0028,0.817,-0.0281,0.4631,6.4648,0.0,0.0,0.0,7.20000004768372,up,2026-09-14T15:09:56,23.0,35.0
AAPL,2027-09-17,367,Put,470.0,AAPL270917P00470000,136.8,140.7,138.75,0.0,0.0,0.0,0.0,0.0,0.0,-0.9994,0.0001,0.0,-0.0459,0.0,138.6951,0.0,0.0,0.0,135.825004577637,no_change,,5.0,12.0
AAPL,2027-09-17,367,Call,480.0,AAPL270917C00480000,5.3,5.8,5.55,6.0,0.0,0.0,0.0,154.0,0.2653,0.1416,0.0025,0.7559,-0.0259,0.4121,5.5717,0.0,0.0,0.0,6.17499995231628,down,2026-09-14T11:01:41,53.0,32.0
AAPL,2027-09-17,367,Put,480.0,AAPL270917P00480000,146.8,150.7,148.75,0.0,0.0,0.0,0.0,0.0,0.0,-1.0,0.0,0.0,-0.0459,0.0,148.6951,0.0,0.0,0.0,145.700004577637,no_change,,11.0,11.0
AAPL,2027-09-17,367,Call,490.0,AAPL270917C00490000,4.55,5.0,4.775,4.75,-0.675,-12.4424,2.0,57.0,0.2655,0.1253,0.0023,0.6963,-0.0239,0.365,4.8031,4.85,4.85,4.75,5.42499995231628,down,2026-09-15T13:42:29,199.0,39.0
AAPL,2027-09-17,367,Put,490.0,AAPL270917P00490000,156.8,160.7,158.75,0.0,0.0,0.0,0.0,0.0,0.0,-1.0,0.0,0.0,-0.0459,0.0,158.6951,0.0,0.0,0.0,155.575004577637,no_change,,11.0,11.0
AAPL,2027-09-17,367,Call,500.0,AAPL270917C00500000,3.95,4.35,4.15,4.14,-0.535,-11.4439,2.0,385.0,0.2664,0.1108,0.0021,0.6397,-0.0219,0.3237,4.143,4.1,4.14,4.1,4.67500019073486,up,2026-09-15T13:44:30,140.0,29.0
AAPL,2027-09-17,367,Put,500.0,AAPL270917P00500000,166.8,170.7,168.75,0.0,0.0,0.0,0.0,0.0,0.0,-1.0,0.0,0.0,-0.0459,0.0,168.6951,0.0,0.0,0.0,165.525001525879,no_change,,11.0,11.0
AAPL,2027-09-17,367,Call,510.0,AAPL270917C00510000,3.4,3.75,3.575,4.1,0.0,0.0,0.0,94.0,0.2668,0.0979,0.0019,0.5866,-0.02,0.2866,3.5756,0.0,0.0,0.0,4.07500004768372,up,2026-09-14T11:47:01,37.0,29.0
AAPL,2027-09-17,367,Put,510.0,AAPL270917P00510000,176.8,180.7,178.75,0.0,0.0,0.0,0.0,0.0,0.0,-1.0,0.0,0.0,-0.0459,0.0,178.6951,0.0,0.0,0.0,175.525001525879,no_change,,11.0,11.0
AAPL,2027-09-17,367,Call,520.0,AAPL270917C00520000,2.98,3.25,3.115,3.1,-0.425,-12.0567,1.0,119.0,0.2678,0.0865,0.0018,0.5359,-0.0183,0.2533,3.0891,3.1,3.1,3.1,3.52499997615814,up,2026-09-15T13:46:28,42.0,60.0
AAPL,2027-09-17,367,Put,520.0,AAPL270917P00520000,186.8,190.7,188.75,0.0,0.0,0.0,0.0,0.0,0.0,-1.0,0.0,0.0,-0.0459,0.0,188.6951,0.0,0.0,0.0,185.525001525879,no_change,,11.0,11.0
AAPL,2027-09-17,367,Call,530.0,AAPL270917C00530000,2.52,2.81,2.665,2.76,0.0,0.0,0.0,71.0,0.2678,0.0764,0.0016,0.4895,-0.0167,0.2244,2.6714,0.0,0.0,0.0,3.12000000476837,up,2026-09-03T12:21:38,55.0,39.0
AAPL,2027-09-17,367,Put,530.0,AAPL270917P00530000,196.8,200.7,198.75,223.26,0.0,0.0,0.0,0.0,0.0,-1.0,0.0,0.0,-0.0459,0.0,198.6951,0.0,0.0,0.0,195.700004577637,down,2026-08-11T10:55:54,11.0,11.0
AAPL,2027-09-17,367,Call,540.0,AAPL270917C00540000,2.21,2.44,2.325,2.0,0.0,0.0,0.0,49.0,0.2689,0.0675,0.0015,0.4462,-0.0152,0.1982,2.3129,0.0,0.0,0.0,2.70999991893768,down,2026-09-10T10:38:08,39.0,48.0
AAPL,2027-09-17,367,Put,540.0,AAPL270917P00540000,206.8,210.7,208.75,0.0,0.0,0.0,0.0,0.0,0.0,-1.0,0.0,0.0,-0.0459,0.0,208.6951,0.0,0.0,0.0,205.5,no_change,,11.0,11.0
AAPL,2027-09-17,367,Call,550.0,AAPL270917C00550000,1.88,2.13,2.005,2.08,-0.255,-10.9208,6.0,1284.0,0.2693,0.0596,0.0013,0.4059,-0.0138,0.1753,2.0056,2.08,2.08,2.06,2.33500003814697,up,2026-09-15T15:04:20,154.0,34.0
AAPL,2027-09-17,367,Put,550.0,AAPL270917P00550000,216.8,220.7,218.75,0.0,0.0,0.0,0.0,0.0,0.0,-1.0,0.0,0.0,-0.0459,0.0,218.6951,0.0,0.0,0.0,215.575004577637,no_change,,11.0,11.0
AAPL,2027-09-17,367,Call,560.0,AAPL270917C00560000,1.67,1.88,1.775,2.07,0.0,0.0,0.0,442.0,0.271,0.0527,0.0012,0.3695,-0.0126,0.1553,1.7414,0.0,0.0,0.0,2.04500007629395,no_change,2026-09-14T09:47:05,20.0,45.0
AAPL,2027-09-17,367,Put,560.0,AAPL270917P00560000,226.8,230.7,228.75,0.0,0.0,0.0,0.0,0.0,0.0,-1.0,0.0,0.0,-0.0459,0.0,228.6951,0.0,0.0,0.0,225.700004577637,no_change,,11.0,11.0
AAPL,2027-09-17,367,Call,570.0,AAPL270917C00570000,1.43,1.63,1.5299999999999998,1.5,0.0,0.0,0.0,41.0,0.2715,0.0466,0.0011,0.3354,-0.0114,0.137,1.5116,0.0,0.0,0.0,1.80500000715256,up,2026-09-10T09:37:23,18.0,33.0
AAPL,2027-09-17,367,Put,570.0,AAPL270917P00570000,236.8,240.65,238.72500000000002,0.0,0.0,0.0,0.0,0.0,0.4147,-1.0,0.0,0.0,-0.0459,0.0,238.6951,0.0,0.0,0.0,235.625,no_change,,11.0,1.0
AAPL,2027-09-17,367,Call,580.0,AAPL270917C00580000,1.18,1.4,1.29,1.38,-0.19,-12.1019,1.0,72.0,0.2708,0.0413,0.001,0.3049,-0.0104,0.1216,1.3197,1.38,1.38,1.38,1.57000005245209,down,2026-09-15T14:44:28,115.0,5.0
AAPL,2027-09-17,367,Put,580.0,AAPL270917P00580000,246.8,250.65,248.72500000000002,0.0,0.0,0.0,0.0,0.0,0.4251,-1.0,0.0,0.0,-0.0459,0.0,248.6951,0.0,0.0,0.0,245.700004577637,no_change,,11.0,1.0
AAPL,2027-09-17,367,Call,590.0,AAPL270917C00590000,1.04,1.29,1.165,1.15,-0.215,-15.7509,1.0,113.0,0.2732,0.0366,0.0009,0.2773,-0.0094,0.108,1.1519,1.15,1.15,1.15,1.36500000953674,down,2026-09-15T15:52:31,156.0,58.0
AAPL,2027-09-17,367,Put,590.0,AAPL270917P00590000,256.8,260.65,258.725,0.0,0.0,0.0,0.0,0.0,0.4367,-1.0,0.0,0.0,-0.0459,0.0,258.6951,0.0,0.0,0.0,255.700004577637,no_change,,11.0,1.0
AAPL,2027-09-17,367,Call,600.0,AAPL270917C00600000,0.96,1.1,1.03,1.02,-0.18,-15.0,6.0,1642.0,0.2748,0.0324,0.0008,0.2515,-0.0085,0.0955,1.0049,1.1,1.1,1.02,1.19999998807907,down,2026-09-15T13:35:19,28.0,102.0
AAPL,2027-09-17,367,Put,600.0,AAPL270917P00600000,266.8,270.65,268.725,0.0,0.0,0.0,0.0,0.0,0.4468,-1.0,0.0,0.0,-0.0459,0.0,268.6951,0.0,0.0,0.0,265.699996948242,no_change,,11.0,1.0
AAPL,2027-12-17,458,Call,5.0,AAPL271217C00005000,324.45,328.3,326.375,310.06,0.0,0.0,0.0,1.0,0.0,1.0,0.0,0.0003,0.0,0.0166,326.6476,0.0,0.0,0.0,329.399993896484,up,2026-08-06T09:52:35,12.0,12.0
AAPL,2027-12-17,458,Put,5.0,AAPL271217P00005000,0.0,0.52,0.26,0.01,0.0,0.0,0.0,41.0,1.7244,0.0,0.0,0.0003,0.0,-0.0001,0.0021,0.0,0.0,0.0,0.25,down,2026-07-09T09:30:07,0.0,50.0
AAPL,2027-12-17,458,Call,10.0,AAPL271217C00010000,319.55,323.45,321.5,295.0,0.0,0.0,0.0,3.0,0.0,1.0,0.0,0.0002,0.0,0.0382,321.7244,0.0,0.0,0.0,324.550003051758,down,2026-08-11T15:21:42,11.0,11.0
AAPL,2027-12-17,458,Put,10.0,AAPL271217P00010000,0.0,0.51,0.255,0.0,0.0,0.0,0.0,0.0,1.3597,0.0,0.0,0.0008,-0.0001,-0.0002,0.0047,0.0,0.0,0.0,0.239999994635582,no_change,,0.0,50.0
AAPL,2027-12-17,458,Call,15.0,AAPL271217C00015000,314.8,318.65,316.725,231.29,0.0,0.0,0.0,25.0,0.0,1.0,0.0,0.0003,0.0,0.066,316.8191,0.0,0.0,0.0,319.75,down,2026-01-21T11:23:55,11.0,11.0
AAPL,2027-12-17,458,Put,15.0,AAPL271217P00015000,0.0,0.49,0.245,0.0,0.0,0.0,0.0,0.0,1.1913,-0.0001,0.0,0.0013,-0.0001,-0.0004,0.008,0.0,0.0,0.0,0.224999994039536,no_change,,0.0,50.0
AAPL,2027-12-17,458,Call,20.0,AAPL271217C00020000,310.05,313.9,311.975,227.46,0.0,0.0,0.0,1.0,0.9632,1.0,0.0,0.0012,0.0,0.1288,311.943,0.0,0.0,0.0,315.025009155273,down,2026-04-07T10:46:03,11.0,11.0
AAPL,2027-12-17,458,Put,20.0,AAPL271217P00020000,0.0,0.46,0.23,0.03,0.0,0.0,0.0,62.0,1.0626,-0.0001,0.0,0.002,-0.0002,-0.0007,0.012,0.0,0.0,0.0,0.209999993443489,no_change,2026-06-04T12:43:23,0.0,50.0
AAPL,2027-12-17,458,Call,25.0,AAPL271217C00025000,305.35,309.2,307.275,223.24,0.0,0.0,0.0,1.0,0.9622,1.0,0.0,0.0029,0.0,0.1948,307.108,0.0,0.0,0.0,310.300003051758,down,2026-04-07T10:46:39,11.0,11.0
AAPL,2027-12-17,458,Put,25.0,AAPL271217P00025000,0.0,0.43,0.215,0.06,0.0,0.0,0.0,40.0,0.9209,-0.0002,0.0,0.0029,-0.0002,-0.001,0.0168,0.0,0.0,0.0,0.194999992847443,no_change,2026-05-19T13:12:41,0.0,50.0
AAPL,2027-12-17,458,Call,30.0,AAPL271217C00030000,300.6,304.45,302.525,270.6,0.0,0.0,0.0,9.0,0.916,1.0,0.0,0.0043,0.0,0.3038,302.3356,0.0,0.0,0.0,305.575012207031,up,2026-06-24T12:02:03,11.0,11.0
AAPL,2027-12-17,458,Put,30.0,AAPL271217P00030000,0.0,0.27,0.135,0.01,0.0,0.0,0.0,174.0,0.8576,-0.0003,0.0,0.004,-0.0003,-0.0014,0.0226,0.0,0.0,0.0,0.180000007152557,down,2026-09-03T14:34:56,0.0,25.0
AAPL,2027-12-17,458,Call,35.0,AAPL271217C00035000,295.9,299.75,297.825,0.0,0.0,0.0,0.0,0.0,0.8636,1.0,0.0,0.0053,0.0,0.3763,297.6005,0.0,0.0,0.0,300.850006103516,no_change,,11.0,11.0
AAPL,2027-12-17,458,Put,35.0,AAPL271217P00035000,0.02,0.26,0.14,0.15,0.07,87.5,1.0,847.0,0.805,-0.0004,0.0,0.0052,-0.0004,-0.0018,0.0292,0.15,0.15,0.15,0.0800000000745058,up,2026-09-15T10:31:27,149.0,80.0
AAPL,2027-12-17,458,Call,40.0,AAPL271217C00040000,291.15,295.0,293.075,214.49,0.0,0.0,0.0,8.0,0.8145,1.0,0.0,0.0067,0.0,0.4344,292.8765,0.0,0.0,0.0,296.125,down,2026-03-16T12:49:21,11.0,13.0
AAPL,2027-12-17,458,Put,40.0,AAPL271217P00040000,0.0,0.24,0.12,0.06,0.0,0.0,0.0,12.0,0.7443,-0.0005,0.0,0.0067,-0.0004,-0.0024,0.037,0.0,0.0,0.0,0.129999995231628,up,2026-06-17T13:35:02,0.0,22.0
AAPL,2027-12-17,458,Call,45.0,AAPL271217C00045000,286.45,290.3,288.375,204.68,0.0,0.0,0.0,17.0,0.7704,1.0,0.0,0.0083,0.0,0.4903,288.1568,0.0,0.0,0.0,291.399993896484,down,2026-04-07T10:47:27,11.0,11.0
AAPL,2027-12-17,458,Put,45.0,AAPL271217P00045000,0.0,0.21,0.105,0.13,0.0,0.0,0.0,6.0,0.6933,-0.0006,0.0,0.0084,-0.0005,-0.003,0.0459,0.0,0.0,0.0,0.109999999403954,down,2026-08-05T15:18:02,0.0,43.0
AAPL,2027-12-17,458,Call,50.0,AAPL271217C00050000,281.7,285.6,283.65,284.25,0.0,0.0,0.0,820.0,0.7387,1.0,0.0,0.0102,0.0,0.5483,283.44,0.0,0.0,0.0,286.699996948242,up,2026-09-11T15:57:08,11.0,11.0
AAPL,2027-12-17,458,Put,50.0,AAPL271217P00050000,0.0,0.06,0.03,0.04,-0.01,-20.0,100.0,1143.0,0.5839,-0.0008,0.0,0.0102,-0.0006,-0.0038,0.0561,0.04,0.06,0.04,0.0499999988824129,down,2026-09-15T14:15:29,0.0,1.0
AAPL,2027-12-17,458,Call,55.0,AAPL271217C00055000,277.0,280.9,278.95,249.56,0.0,0.0,0.0,411.0,0.7077,1.0,0.0,0.0125,0.0,0.6306,278.7319,0.0,0.0,0.0,282.0,down,2026-07-31T13:40:55,11.0,11.0
AAPL,2027-12-17,458,Put,55.0,AAPL271217P00055000,0.06,0.16,0.11,0.17,0.0,0.0,0.0,43.0,0.628,-0.001,0.0,0.0124,-0.0007,-0.0046,0.0678,0.0,0.0,0.0,0.10500000230968,up,2026-09-01T13:27:48,1.0,50.0
AAPL,2027-12-17,458,Call,60.0,AAPL271217C00060000,272.3,276.2,274.25,242.5,0.0,0.0,0.0,297.0,0.6768,1.0,0.0,0.015,0.0,0.7036,274.0365,0.0,0.0,0.0,277.300003051758,down,2026-06-23T14:05:13,11.0,11.0
AAPL,2027-12-17,458,Put,60.0,AAPL271217P00060000,0.05,0.16,0.10500000000000001,0.08,0.0,0.0,0.0,94.0,0.5956,-0.0012,0.0,0.015,-0.0009,-0.0056,0.0811,0.0,0.0,0.0,0.10499999858439,down,2026-08-25T10:10:09,2.0,50.0
AAPL,2027-12-17,458,Call,65.0,AAPL271217C00065000,267.65,271.5,269.575,246.9,0.0,0.0,0.0,157.0,0.6472,0.9998,0.0,0.0177,0.0,0.768,269.3482,0.0,0.0,0.0,272.600006103516,up,2026-08-21T15:14:24,11.0,11.0
AAPL,2027-12-17,458,Put,65.0,AAPL271217P00065000,0.05,0.17,0.11000000000000001,0.14,0.0,0.0,0.0,537.0,0.5714,-0.0014,0.0,0.0178,-0.001,-0.0068,0.0963,0.0,0.0,0.0,0.110000001266599,up,2026-09-14T09:30:02,3.0,6.0
AAPL,2027-12-17,458,Call,70.0,AAPL271217C00070000,262.95,266.8,264.875,235.95,0.0,0.0,0.0,168.0,0.6194,0.9995,0.0,0.0208,0.0,0.8285,264.6642,0.0,0.0,0.0,267.899993896484,down,2026-07-31T10:58:55,11.0,11.0
AAPL,2027-12-17,458,Put,70.0,AAPL271217P00070000,0.1,0.19,0.14500000000000002,0.24,0.0,0.0,0.0,213.0,0.5609,-0.0017,0.0,0.0209,-0.0012,-0.008,0.1134,0.0,0.0,0.0,0.135000001639128,down,2026-07-16T09:38:09,5.0,50.0
AAPL,2027-12-17,458,Call,75.0,AAPL271217C00075000,258.25,262.1,260.175,268.6,0.0,0.0,0.0,132.0,0.5991,0.9991,0.0,0.0243,0.0,0.8874,259.9831,0.0,0.0,0.0,263.225006103516,up,2026-07-28T13:03:07,11.0,11.0
AAPL,2027-12-17,458,Put,75.0,AAPL271217P00075000,0.1,0.2,0.15000000000000002,0.19,0.0,0.0,0.0,89.0,0.5413,-0.002,0.0,0.0244,-0.0013,-0.0095,0.1328,0.0,0.0,0.0,0.154999997466803,down,2026-08-31T13:55:41,4.0,50.0
AAPL,2027-12-17,458,Call,80.0,AAPL271217C00080000,253.55,257.45,255.5,229.45,0.0,0.0,0.0,427.0,0.5746,0.9988,0.0,0.0282,0.0,0.9454,255.305,0.0,0.0,0.0,258.550003051758,up,2026-08-10T12:33:53,11.0,11.0
AAPL,2027-12-17,458,Put,80.0,AAPL271217P00080000,0.1,0.21,0.155,0.16,0.0,0.0,0.0,298.0,0.521,-0.0024,0.0,0.0285,-0.0015,-0.0112,0.1546,0.0,0.0,0.0,0.165000002831221,no_change,2026-09-10T15:08:05,6.0,10.0
AAPL,2027-12-17,458,Call,85.0,AAPL271217C00085000,248.85,252.75,250.8,232.42,0.0,0.0,0.0,435.0,0.5516,0.9984,0.0,0.0326,0.0,1.0029,250.6297,0.0,0.0,0.0,253.849998474121,down,2026-08-06T11:10:32,11.0,11.0
AAPL,2027-12-17,458,Put,85.0,AAPL271217P00085000,0.1,0.24,0.16999999999999998,0.25,0.0,0.0,0.0,71.0,0.5052,-0.0028,0.0,0.0329,-0.0017,-0.0131,0.1795,0.0,0.0,0.0,0.169999998062849,up,2026-09-04T15:11:00,6.0,50.0
AAPL,2027-12-17,458,Call,90.0,AAPL271217C00090000,244.2,248.05,246.125,227.75,0.0,0.0,0.0,172.0,0.5348,0.9979,0.0,0.0374,0.0,1.06,245.9577,0.0,0.0,0.0,249.175003051758,up,2026-08-06T11:11:20,11.0,11.0
AAPL,2027-12-17,458,Put,90.0,AAPL271217P00090000,0.1,0.26,0.18,0.22,0.0,0.0,0.0,105.0,0.4885,-0.0033,0.0,0.0378,-0.0019,-0.0153,0.2075,0.0,0.0,0.0,0.190000005066395,down,2026-09-10T15:07:44,10.0,10.0
AAPL,2027-12-17,458,Call,95.0,AAPL271217C00095000,239.5,243.35,241.425,217.3,0.0,0.0,0.0,151.0,0.5186,0.9974,0.0001,0.0428,0.0,1.1168,241.2891,0.0,0.0,0.0,244.5,up,2026-08-14T09:34:47,11.0,11.0
AAPL,2027-12-17,458,Put,95.0,AAPL271217P00095000,0.13,0.31,0.22,0.18,0.0,0.0,0.0,54.0,0.4808,-0.0038,0.0001,0.0433,-0.0021,-0.0177,0.239,0.0,0.0,0.0,0.205000001937151,no_change,2026-09-04T15:11:08,20.0,79.0
AAPL,2027-12-17,458,Call,100.0,AAPL271217C00100000,234.8,238.7,236.75,234.62,-5.205,-2.17033,16.0,364.0,0.5031,0.9968,0.0001,0.0489,0.0,1.1732,236.6245,234.55,234.78,234.42,239.824996948242,no_change,2026-09-15T10:36:18,11.0,16.0
AAPL,2027-12-17,458,Put,100.0,AAPL271217P00100000,0.15,0.34,0.245,0.3,0.015,5.26316,2.0,1341.0,0.4686,-0.0044,0.0001,0.0496,-0.0024,-0.0205,0.2745,0.3,0.3,0.3,0.284999996423721,up,2026-09-15T14:53:43,66.0,104.0
AAPL,2027-12-17,458,Call,105.0,AAPL271217C00105000,230.15,234.05,232.10000000000002,211.12,0.0,0.0,0.0,102.0,0.4918,0.9961,0.0001,0.0556,0.0,1.2292,231.9644,0.0,0.0,0.0,235.150001525879,up,2026-08-27T10:17:08,12.0,14.0
AAPL,2027-12-17,458,Put,105.0,AAPL271217P00105000,0.12,0.4,0.26,0.48,0.0,0.0,0.0,149.0,0.4544,-0.0051,0.0001,0.0562,-0.0026,-0.0237,0.3146,0.0,0.0,0.0,0.274999991059303,down,2026-08-06T14:35:26,215.0,211.0
AAPL,2027-12-17,458,Call,110.0,AAPL271217C00110000,225.5,229.35,227.425,230.2,0.0,0.0,0.0,232.0,0.4771,0.9953,0.0001,0.0629,0.0,1.2848,227.3093,0.0,0.0,0.0,230.275001525879,up,2026-09-14T15:48:00,12.0,13.0
AAPL,2027-12-17,458,Put,110.0,AAPL271217P00110000,0.16,0.45,0.305,0.33,0.0,0.0,0.0,869.0,0.4474,-0.0059,0.0001,0.0638,-0.0029,-0.0271,0.3597,0.0,0.0,0.0,0.324999995529652,down,2026-09-11T14:21:55,45.0,45.0
AAPL,2027-12-17,458,Call,115.0,AAPL271217C00115000,220.85,224.7,222.77499999999998,206.44,0.0,0.0,0.0,383.0,0.466,0.9945,0.0001,0.0711,0.0,1.34,222.6597,0.0,0.0,0.0,225.949996948242,up,2026-08-31T10:32:12,6.0,6.0
AAPL,2027-12-17,458,Put,115.0,AAPL271217P00115000,0.34,0.5,0.42000000000000004,0.55,0.0,0.0,0.0,880.0,0.4485,-0.0068,0.0001,0.072,-0.0033,-0.0311,0.4107,0.0,0.0,0.0,0.369999997317791,down,2026-08-13T10:31:46,1.0,10.0
AAPL,2027-12-17,458,Call,120.0,AAPL271217C00120000,216.2,220.05,218.125,193.6,0.0,0.0,0.0,271.0,0.455,0.9935,0.0001,0.0802,0.0,1.3946,218.0164,0.0,0.0,0.0,221.200004577637,down,2026-08-11T10:42:30,6.0,6.0
AAPL,2027-12-17,458,Put,120.0,AAPL271217P00120000,0.32,0.52,0.42000000000000004,0.47,0.0,0.0,0.0,1254.0,0.4403,-0.0078,0.0001,0.0814,-0.0036,-0.0356,0.468,0.0,0.0,0.0,0.474999994039536,no_change,2026-09-11T14:25:18,9.0,10.0
AAPL,2027-12-17,458,Call,125.0,AAPL271217C00125000,211.55,215.4,213.47500000000002,211.64,0.0,0.0,0.0,441.0,0.4439,0.9924,0.0001,0.0901,0.0,1.4486,213.3803,0.0,0.0,0.0,216.549995422363,up,2026-09-03T12:17:19,6.0,6.0
AAPL,2027-12-17,458,Put,125.0,AAPL271217P00125000,0.37,0.63,0.5,0.66,0.0,0.0,0.0,834.0,0.427,-0.0089,0.0001,0.0913,-0.004,-0.0406,0.5328,0.0,0.0,0.0,0.549999982118607,down,2026-08-31T12:16:18,10.0,9.0
AAPL,2027-12-17,458,Call,130.0,AAPL271217C00130000,206.95,210.85,208.89999999999998,209.98,0.0,0.0,0.0,443.0,0.423,0.9912,0.0002,0.101,0.0,1.502,208.7521,0.0,0.0,0.0,211.925003051758,up,2026-09-11T09:49:43,6.0,6.0
AAPL,2027-12-17,458,Put,130.0,AAPL271217P00130000,0.53,0.72,0.625,0.65,0.0,0.0,0.0,514.0,0.4252,-0.0101,0.0002,0.1025,-0.0044,-0.0461,0.6055,0.0,0.0,0.0,0.589999973773956,no_change,2026-09-11T09:32:08,10.0,10.0
AAPL,2027-12-17,458,Call,135.0,AAPL271217C00135000,202.3,206.15,204.22500000000002,181.81,0.0,0.0,0.0,108.0,0.4264,0.9898,0.0002,0.1128,0.0,1.5547,204.1327,0.0,0.0,0.0,207.299995422363,up,2026-08-25T15:34:49,6.0,6.0
AAPL,2027-12-17,458,Put,135.0,AAPL271217P00135000,0.46,0.82,0.64,0.92,0.0,0.0,0.0,2953.0,0.4111,-0.0115,0.0002,0.1146,-0.0049,-0.0525,0.6874,0.0,0.0,0.0,0.620000004768372,up,2026-08-24T12:40:23,10.0,51.0
AAPL,2027-12-17,458,Call,140.0,AAPL271217C00140000,197.7,201.55,199.625,201.57,0.0,0.0,0.0,347.0,0.4174,0.9883,0.0002,0.126,0.0,1.6066,199.5232,0.0,0.0,0.0,202.775001525879,up,2026-09-14T11:18:54,10.0,10.0
AAPL,2027-12-17,458,Put,140.0,AAPL271217P00140000,0.55,0.9,0.7250000000000001,0.82,0.0,0.0,0.0,3722.0,0.4046,-0.0131,0.0002,0.1283,-0.0054,-0.0595,0.7794,0.0,0.0,0.0,0.735000014305115,down,2026-09-11T10:36:09,10.0,10.0
AAPL,2027-12-17,458,Call,145.0,AAPL271217C00145000,193.1,196.95,195.02499999999998,189.0,0.0,0.0,0.0,577.0,0.4099,0.9866,0.0002,0.1404,0.0,1.6574,194.9247,0.0,0.0,0.0,198.074996948242,up,2026-09-01T10:22:51,6.0,7.0
AAPL,2027-12-17,458,Put,145.0,AAPL271217P00145000,0.65,1.02,0.835,0.94,0.0,0.0,0.0,612.0,0.399,-0.0148,0.0002,0.1425,-0.0059,-0.0675,0.8831,0.0,0.0,0.0,0.844999998807907,down,2026-09-11T10:35:56,9.0,10.0
AAPL,2027-12-17,458,Call,150.0,AAPL271217C00150000,188.5,192.35,190.425,191.1,0.0,0.0,0.0,636.0,0.4036,0.9847,0.0003,0.1559,0.0,1.7074,190.3387,0.0,0.0,0.0,193.575004577637,up,2026-09-14T09:39:35,6.0,10.0
AAPL,2027-12-17,458,Put,150.0,AAPL271217P00150000,0.77,1.13,0.95,1.03,0.11,11.9565,2.0,919.0,0.3931,-0.0168,0.0003,0.1586,-0.0064,-0.0759,0.9991,1.0,1.03,1.0,0.919999986886978,up,2026-09-15T15:50:01,26.0,11.0
AAPL,2027-12-17,458,Call,155.0,AAPL271217C00155000,183.9,187.8,185.85000000000002,167.6,0.0,0.0,0.0,100.0,0.3969,0.9826,0.0003,0.1727,0.0,1.7565,185.7662,0.0,0.0,0.0,188.900001525879,up,2026-08-26T13:48:41,6.0,7.0
AAPL,2027-12-17,458,Put,155.0,AAPL271217P00155000,0.92,1.27,1.095,1.22,0.0,0.0,0.0,1076.0,0.3883,-0.019,0.0003,0.1758,-0.0071,-0.0858,1.13,0.0,0.0,0.0,1.10499998927116,down,2026-09-04T14:50:30,6.0,9.0
AAPL,2027-12-17,458,Call,160.0,AAPL271217C00160000,179.35,183.2,181.27499999999998,182.98,0.0,0.0,0.0,410.0,0.3897,0.9802,0.0004,0.1911,0.0,1.8043,181.2087,0.0,0.0,0.0,184.324996948242,up,2026-09-14T11:31:15,6.0,7.0
AAPL,2027-12-17,458,Put,160.0,AAPL271217P00160000,1.04,1.44,1.24,1.28,0.0,0.0,0.0,1042.0,0.3829,-0.0214,0.0004,0.195,-0.0077,-0.0966,1.2756,0.0,0.0,0.0,1.25,up,2026-09-14T13:56:23,15.0,49.0
AAPL,2027-12-17,458,Call,165.0,AAPL271217C00165000,174.8,178.65,176.72500000000002,180.15,0.0,0.0,0.0,266.0,0.3834,0.9776,0.0004,0.2111,0.0,1.8506,176.668,0.0,0.0,0.0,180.125,up,2026-09-11T11:47:50,18.0,35.0
AAPL,2027-12-17,458,Put,165.0,AAPL271217P00165000,1.35,1.6,1.475,1.42,0.045,3.27273,3.0,1020.0,0.3812,-0.0241,0.0004,0.2146,-0.0084,-0.1085,1.4381,1.49,1.49,1.42,1.375,down,2026-09-15T13:07:31,10.0,10.0
AAPL,2027-12-17,458,Call,170.0,AAPL271217C00170000,170.3,174.15,172.22500000000002,174.75,0.0,0.0,0.0,496.0,0.3777,0.9747,0.0004,0.2322,0.0,1.8957,172.1459,0.0,0.0,0.0,175.275001525879,up,2026-09-14T12:26:20,21.0,99.0
AAPL,2027-12-17,458,Put,170.0,AAPL271217P00170000,1.38,1.79,1.585,1.65,0.0,0.0,0.0,1043.0,0.3727,-0.0271,0.0004,0.2368,-0.0092,-0.1214,1.6199,0.0,0.0,0.0,1.62000000476837,down,2026-09-11T14:03:40,8.0,10.0
AAPL,2027-12-17,458,Call,175.0,AAPL271217C00175000,165.8,169.6,167.7,166.79,-4.285,-2.50475,4.0,342.0,0.3716,0.9715,0.0005,0.255,0.0,1.9395,167.6437,165.87,166.79,165.87,171.075004577637,up,2026-09-15T13:35:31,42.0,75.0
AAPL,2027-12-17,458,Put,175.0,AAPL271217P00175000,1.61,2.0,1.8050000000000002,1.85,0.05,2.77778,1.0,1871.0,0.3686,-0.0304,0.0005,0.2599,-0.01,-0.1361,1.8231,1.85,1.85,1.85,1.80000001192093,up,2026-09-15T11:09:51,56.0,38.0
AAPL,2027-12-17,458,Call,180.0,AAPL271217C00180000,161.65,165.15,163.4,166.25,0.0,0.0,0.0,835.0,0.374,0.968,0.0006,0.2797,0.0,1.9815,163.1636,0.0,0.0,0.0,166.600006103516,down,2026-09-14T13:36:28,10.0,74.0
AAPL,2027-12-17,458,Put,180.0,AAPL271217P00180000,1.95,2.24,2.095,2.02,0.0,0.0,0.0,3475.0,0.3661,-0.0341,0.0006,0.2863,-0.0108,-0.1522,2.0505,0.0,0.0,0.0,2.01999998092651,no_change,2026-09-14T15:44:28,12.0,9.0
AAPL,2027-12-17,458,Call,185.0,AAPL271217C00185000,156.85,160.7,158.77499999999998,161.5,0.0,0.0,0.0,1142.0,0.3623,0.9641,0.0006,0.306,0.0,2.0215,158.7079,0.0,0.0,0.0,162.125,up,2026-09-11T12:09:03,49.0,93.0
AAPL,2027-12-17,458,Put,185.0,AAPL271217P00185000,2.09,2.49,2.29,2.28,0.0,0.0,0.0,980.0,0.3596,-0.0381,0.0006,0.312,-0.0117,-0.1696,2.3028,0.0,0.0,0.0,2.3050000667572,down,2026-09-11T14:53:07,10.0,10.0
AAPL,2027-12-17,458,Call,190.0,AAPL271217C00190000,152.45,156.25,154.35,155.95,0.0,0.0,0.0,574.0,0.358,0.9599,0.0007,0.3336,0.0,2.06,154.2787,0.0,0.0,0.0,157.674995422363,up,2026-09-14T11:09:15,204.0,47.0
AAPL,2027-12-17,458,Put,190.0,AAPL271217P00190000,2.35,2.78,2.565,2.56,0.05,1.99203,20.0,1516.0,0.3552,-0.0425,0.0007,0.3413,-0.0127,-0.1887,2.5814,2.56,2.56,2.56,2.50999999046326,up,2026-09-15T10:39:44,63.0,38.0
AAPL,2027-12-17,458,Call,195.0,AAPL271217C00195000,148.35,151.85,150.1,132.4,0.0,0.0,0.0,369.0,0.3578,0.9553,0.0007,0.363,0.0,2.0966,149.8778,0.0,0.0,0.0,153.0,no_change,2026-08-26T13:30:37,53.0,25.0
AAPL,2027-12-17,458,Put,195.0,AAPL271217P00195000,2.67,3.1,2.885,2.76,0.0,0.0,0.0,1830.0,0.3514,-0.0473,0.0008,0.3712,-0.0137,-0.209,2.8906,0.0,0.0,0.0,2.875,down,2026-09-14T15:40:47,10.0,14.0
AAPL,2027-12-17,458,Call,200.0,AAPL271217C00200000,144.05,147.45,145.75,144.73,-3.32,-2.24249,4.0,3946.0,0.3539,0.9503,0.0008,0.3945,0.0,2.1308,145.5078,144.1,144.73,144.04,148.050003051758,up,2026-09-15T13:35:53,175.0,174.0
AAPL,2027-12-17,458,Put,200.0,AAPL271217P00200000,3.0,3.45,3.225,3.25,0.1,3.1746,53.0,5709.0,0.3475,-0.0526,0.0008,0.4038,-0.0147,-0.2329,3.2323,3.26,3.3,3.25,3.14999997615814,no_change,2026-09-15T14:18:06,32.0,61.0
AAPL,2027-12-17,458,Call,205.0,AAPL271217C00205000,139.7,142.45,141.075,142.75,0.0,0.0,0.0,857.0,0.3416,0.9448,0.0009,0.4274,0.0,2.1626,141.1716,0.0,0.0,0.0,144.474998474121,down,2026-09-14T09:30:05,61.0,33.0
AAPL,2027-12-17,458,Put,205.0,AAPL271217P00205000,3.3,3.85,3.575,4.15,0.0,0.0,0.0,614.0,0.3431,-0.0583,0.0009,0.437,-0.0158,-0.2563,3.609,0.0,0.0,0.0,3.47500002384186,down,2026-09-01T10:10:17,36.0,12.0
AAPL,2027-12-17,458,Call,210.0,AAPL271217C00210000,135.4,137.95,136.675,125.8,0.0,0.0,0.0,751.0,0.3359,0.9389,0.001,0.4614,-0.0011,2.1924,136.8714,0.0,0.0,0.0,140.199996948242,up,2026-09-10T09:31:50,102.0,27.0
AAPL,2027-12-17,458,Put,210.0,AAPL271217P00210000,3.7,4.3,4.0,4.01,0.135,3.48387,1.0,1227.0,0.3397,-0.0645,0.001,0.4728,-0.017,-0.2832,4.0233,4.01,4.01,4.01,3.875,up,2026-09-15T10:03:59,27.0,27.0
AAPL,2027-12-17,458,Call,215.0,AAPL271217C00215000,131.1,134.25,132.675,131.8,-4.125,-3.03476,1.0,832.0,0.3381,0.9325,0.0011,0.4973,-0.0027,2.2199,132.6094,131.8,131.8,131.8,135.924995422363,down,2026-09-15T14:59:32,172.0,92.0
AAPL,2027-12-17,458,Put,215.0,AAPL271217P00215000,4.2,4.75,4.475,5.4,0.0,0.0,0.0,946.0,0.3368,-0.0712,0.0011,0.5103,-0.0181,-0.3112,4.4741,0.0,0.0,0.0,4.29999995231628,up,2026-09-09T11:01:07,2.0,9.0
AAPL,2027-12-17,458,Call,220.0,AAPL271217C00220000,126.9,129.8,128.35000000000002,130.65,0.0,0.0,0.0,989.0,0.3327,0.9256,0.0012,0.535,-0.0044,2.2442,128.3888,0.0,0.0,0.0,131.399993896484,up,2026-09-14T10:15:52,156.0,23.0
AAPL,2027-12-17,458,Put,220.0,AAPL271217P00220000,4.65,5.25,4.95,4.8,0.0,0.0,0.0,1421.0,0.3329,-0.0785,0.0012,0.5479,-0.0194,-0.3424,4.9783,0.0,0.0,0.0,4.875,down,2026-09-14T15:55:00,24.0,11.0
AAPL,2027-12-17,458,Call,225.0,AAPL271217C00225000,122.7,126.15,124.42500000000001,122.7,-4.45,-3.4998,29.0,2022.0,0.334,0.9182,0.0012,0.5736,-0.0061,2.2659,124.2127,122.93,123.09,122.7,127.150001525879,down,2026-09-15T11:58:13,257.0,163.0
AAPL,2027-12-17,458,Put,225.0,AAPL271217P00225000,5.2,5.8,5.5,5.49,0.165,3.09859,4.0,686.0,0.3298,-0.0863,0.0013,0.5886,-0.0206,-0.3736,5.5249,5.49,5.49,5.49,5.32500004768372,up,2026-09-15T15:36:17,36.0,33.0
AAPL,2027-12-17,458,Call,230.0,AAPL271217C00230000,118.55,121.5,120.025,118.25,-4.975,-4.03733,10.0,1566.0,0.3262,0.9103,0.0014,0.6131,-0.0078,2.2854,120.0833,118.25,118.25,118.25,123.225002288818,down,2026-09-15T15:51:32,152.0,49.0
AAPL,2027-12-17,458,Put,230.0,AAPL271217P00230000,6.0,6.4,6.2,6.1,0.25,4.2735,12.0,2670.0,0.3284,-0.0948,0.0014,0.629,-0.0219,-0.4087,6.1211,6.15,6.15,6.1,5.85000014305115,no_change,2026-09-15T11:25:39,6.0,38.0
AAPL,2027-12-17,458,Call,235.0,AAPL271217C00235000,114.5,117.25,115.875,119.63,0.0,0.0,0.0,567.0,0.3222,0.9018,0.0014,0.6543,-0.0095,2.3017,116.0032,0.0,0.0,0.0,119.200000762939,up,2026-09-14T12:26:20,71.0,27.0
AAPL,2027-12-17,458,Put,235.0,AAPL271217P00235000,6.4,7.1,6.75,6.8,0.375,5.83658,1.0,686.0,0.3238,-0.1038,0.0015,0.6734,-0.0233,-0.4455,6.7691,6.8,6.8,6.8,6.42499995231628,up,2026-09-15T12:53:07,255.0,147.0
AAPL,2027-12-17,458,Call,240.0,AAPL271217C00240000,110.45,113.3,111.875,113.77,0.0,0.0,0.0,804.0,0.3198,0.8928,0.0016,0.6966,-0.0113,2.3145,111.976,0.0,0.0,0.0,115.174999237061,down,2026-09-11T14:44:16,81.0,36.0
AAPL,2027-12-17,458,Put,240.0,AAPL271217P00240000,7.2,7.75,7.475,7.56,0.385,5.36585,2.0,1703.0,0.3213,-0.1133,0.0017,0.7144,-0.0246,-0.4846,7.4723,7.55,7.56,7.55,7.17499995231628,up,2026-09-15T15:24:39,84.0,98.0
AAPL,2027-12-17,458,Call,245.0,AAPL271217C00245000,106.45,109.85,108.15,106.5,-4.025,-3.64171,14.0,560.0,0.3206,0.8832,0.0017,0.7392,-0.013,2.3246,108.0046,106.5,106.5,106.5,110.524997711182,no_change,2026-09-15T10:06:56,183.0,147.0
AAPL,2027-12-17,458,Put,245.0,AAPL271217P00245000,8.05,8.55,8.3,8.36,0.41,5.15723,1.0,841.0,0.3195,-0.1234,0.0018,0.7599,-0.026,-0.5252,8.228,8.36,8.36,8.36,7.95000004768372,up,2026-09-15T09:30:52,98.0,239.0
AAPL,2027-12-17,458,Call,250.0,AAPL271217C00250000,102.55,105.2,103.875,102.5,-4.35,-4.07113,1.0,3464.0,0.3131,0.873,0.0018,0.7822,-0.0148,2.3322,104.091,102.5,102.5,102.5,106.849998474121,down,2026-09-15T09:53:03,197.0,44.0
AAPL,2027-12-17,458,Put,250.0,AAPL271217P00250000,8.95,9.35,9.149999999999999,9.25,0.45,5.11363,1.0,13094.0,0.3171,-0.1343,0.0019,0.8029,-0.0273,-0.5672,9.0552,9.25,9.25,9.25,8.80000019073486,up,2026-09-15T09:30:21,1.0,228.0
AAPL,2027-12-17,458,Call,255.0,AAPL271217C00255000,98.7,101.2,99.95,103.46,0.0,0.0,0.0,542.0,0.3098,0.8623,0.0019,0.8263,-0.0165,2.336,100.2383,0.0,0.0,0.0,103.375,up,2026-09-14T09:30:03,71.0,26.0
AAPL,2027-12-17,458,Put,255.0,AAPL271217P00255000,9.55,10.3,9.925,10.8,0.0,0.0,0.0,808.0,0.3131,-0.1458,0.002,0.8489,-0.0287,-0.6166,9.9475,0.0,0.0,0.0,9.625,down,2026-09-10T15:35:59,17.0,20.0
AAPL,2027-12-17,458,Call,260.0,AAPL271217C00260000,94.9,97.55,96.225,95.65,-3.45,-3.48133,6.0,2130.0,0.3083,0.851,0.002,0.8706,-0.0182,2.3361,96.4501,96.16,96.16,95.65,99.0999984741211,down,2026-09-15T10:02:21,107.0,65.0
AAPL,2027-12-17,458,Put,260.0,AAPL271217P00260000,10.65,11.15,10.9,10.89,0.39,3.71429,11.0,1457.0,0.3108,-0.158,0.0022,0.893,-0.0301,-0.6587,10.9088,11.05,11.2,10.89,10.5,down,2026-09-15T15:52:06,113.0,106.0
AAPL,2027-12-17,458,Call,265.0,AAPL271217C00265000,91.15,94.65,92.9,97.0,0.0,0.0,0.0,588.0,0.3104,0.8392,0.0021,0.9142,-0.02,2.3338,92.7288,0.0,0.0,0.0,95.3999977111816,up,2026-09-11T11:12:52,103.0,36.0
AAPL,2027-12-17,458,Put,265.0,AAPL271217P00265000,11.65,12.25,11.95,12.04,0.49,4.24242,4.0,2392.0,0.3086,-0.1709,0.0023,0.9392,-0.0315,-0.7088,11.9432,12.04,12.04,12.04,11.5500001907349,up,2026-09-15T15:36:18,118.0,200.0
AAPL,2027-12-17,458,Call,270.0,AAPL271217C00270000,87.5,90.6,89.05,91.4,0.0,0.0,0.0,2439.0,0.306,0.8268,0.0023,0.9578,-0.0216,2.3286,89.0762,0.0,0.0,0.0,92.0,up,2026-09-14T13:37:16,136.0,38.0
AAPL,2027-12-17,458,Put,270.0,AAPL271217P00270000,12.55,13.45,13.0,12.75,0.0,0.0,0.0,1142.0,0.3057,-0.1844,0.0024,0.9838,-0.0329,-0.7606,13.0523,0.0,0.0,0.0,12.6999998092651,no_change,2026-09-14T11:03:44,34.0,43.0
AAPL,2027-12-17,458,Call,275.0,AAPL271217C00275000,83.9,86.65,85.275,88.43,0.0,0.0,0.0,392.0,0.3018,0.8138,0.0024,1.0016,-0.0233,2.3191,85.4956,0.0,0.0,0.0,88.2999992370606,up,2026-09-14T15:27:32,62.0,31.0
AAPL,2027-12-17,458,Put,275.0,AAPL271217P00275000,13.8,14.55,14.175,14.0,0.0,0.0,0.0,1123.0,0.3034,-0.1985,0.0026,1.0276,-0.0342,-0.8123,14.2415,0.0,0.0,0.0,13.7750000953674,up,2026-09-11T12:45:50,121.0,117.0
AAPL,2027-12-17,458,Call,280.0,AAPL271217C00280000,80.4,83.15,81.775,80.9,-3.975,-4.68336,13.0,2184.0,0.2999,0.8003,0.0025,1.0444,-0.0249,2.3063,81.9904,81.5,81.5,80.9,84.875,no_change,2026-09-15T13:08:04,171.0,34.0
AAPL,2027-12-17,458,Put,280.0,AAPL271217P00280000,15.2,15.85,15.524999999999999,15.73,0.705,4.69218,15.0,2939.0,0.3021,-0.2134,0.0027,1.0715,-0.0356,-0.8634,15.5115,15.73,15.73,15.73,15.0250000953674,no_change,2026-09-15T11:05:42,99.0,174.0
AAPL,2027-12-17,458,Call,285.0,AAPL271217C00285000,76.95,79.7,78.325,79.82,0.0,0.0,0.0,449.0,0.2977,0.7862,0.0026,1.0858,-0.0265,2.2915,78.5619,0.0,0.0,0.0,81.5499992370606,up,2026-09-14T11:03:50,69.0,25.0
AAPL,2027-12-17,458,Put,285.0,AAPL271217P00285000,16.4,17.3,16.85,16.58,0.0,0.0,0.0,480.0,0.2998,-0.2289,0.0029,1.1127,-0.0368,-0.9184,16.8699,0.0,0.0,0.0,16.2750000953674,down,2026-09-11T09:39:37,40.0,35.0
AAPL,2027-12-17,458,Call,290.0,AAPL271217C00290000,73.8,76.55,75.175,74.3,-3.275,-4.22172,1.0,1603.0,0.2977,0.7717,0.0027,1.1263,-0.028,2.2733,75.2119,74.3,74.3,74.3,77.5749969482422,up,2026-09-15T15:17:12,154.0,143.0
AAPL,2027-12-17,458,Put,290.0,AAPL271217P00290000,17.95,18.8,18.375,18.56,0.81,4.56338,4.0,987.0,0.2985,-0.245,0.003,1.1551,-0.0381,-0.9766,18.3113,18.56,18.56,18.56,17.75,up,2026-09-15T15:36:17,44.0,58.0
AAPL,2027-12-17,458,Call,295.0,AAPL271217C00295000,70.35,72.95,71.65,75.5,0.0,0.0,0.0,442.0,0.2936,0.7567,0.0029,1.166,-0.0294,2.251,71.9435,0.0,0.0,0.0,74.75,up,2026-09-11T11:11:13,50.0,26.0
AAPL,2027-12-17,458,Put,295.0,AAPL271217P00295000,19.5,20.2,19.85,20.21,0.985,5.12354,63.0,642.0,0.2961,-0.2617,0.0032,1.1925,-0.0393,-1.026,19.8485,20.27,20.5,20.2,19.2250003814697,up,2026-09-15T12:51:33,125.0,163.0
AAPL,2027-12-17,458,Call,300.0,AAPL271217C00300000,67.7,70.55,69.125,67.7,-3.35,-4.71499,55.0,8527.0,0.2973,0.7412,0.003,1.2038,-0.0308,2.2261,68.7593,67.48,67.97,67.48,71.0500030517578,down,2026-09-15T15:04:21,146.0,125.0
AAPL,2027-12-17,458,Put,300.0,AAPL271217P00300000,21.0,21.8,21.4,21.9,1.125,5.41516,28.0,1531.0,0.2937,-0.2791,0.0033,1.2305,-0.0405,-1.0806,21.4772,21.8,21.91,21.8,20.7750005722046,down,2026-09-15T11:54:00,86.0,74.0
AAPL,2027-12-17,458,Call,305.0,AAPL271217C00305000,64.15,67.05,65.6,68.55,0.0,0.0,0.0,761.0,0.2921,0.7253,0.0031,1.2394,-0.0321,2.1995,65.6598,0.0,0.0,0.0,68.4750022888184,up,2026-09-14T12:36:44,136.0,29.0
AAPL,2027-12-17,458,Put,305.0,AAPL271217P00305000,22.85,23.6,23.225,22.5,0.0,0.0,0.0,345.0,0.2927,-0.297,0.0034,1.2632,-0.0416,-1.1417,23.2035,0.0,0.0,0.0,22.5250005722046,down,2026-09-14T14:49:08,35.0,40.0
AAPL,2027-12-17,458,Call,310.0,AAPL271217C00310000,61.4,64.25,62.825,62.15,-3.25,-4.96942,75.0,6434.0,0.2923,0.709,0.0032,1.2733,-0.0333,2.1694,62.6461,61.8,62.15,61.8,65.3999977111816,up,2026-09-15T14:45:20,153.0,211.0
AAPL,2027-12-17,458,Put,310.0,AAPL271217P00310000,24.5,25.45,24.975,25.28,1.055,4.355,20.0,3593.0,0.2904,-0.3157,0.0036,1.2967,-0.0427,-1.2015,25.0426,25.49,25.49,25.28,24.2250003814697,no_change,2026-09-15T15:13:49,36.0,53.0
AAPL,2027-12-17,458,Call,315.0,AAPL271217C00315000,59.4,61.65,60.525,59.3,-2.475,-4.00648,1.0,785.0,0.2954,0.6924,0.0033,1.3054,-0.0345,2.1357,59.7212,59.3,59.3,59.3,61.7750015258789,down,2026-09-15T09:47:25,28.0,125.0
AAPL,2027-12-17,458,Put,315.0,AAPL271217P00315000,26.55,27.4,26.975,26.25,0.0,0.0,0.0,355.0,0.2895,-0.3345,0.0037,1.3241,-0.0437,-1.2513,26.952,0.0,0.0,0.0,26.1999998092651,up,2026-09-14T13:25:55,35.0,35.0
AAPL,2027-12-17,458,Call,320.0,AAPL271217C00320000,55.8,57.65,56.724999999999994,56.49,-3.06,-5.13854,10.0,3864.0,0.2866,0.6754,0.0034,1.3348,-0.0355,2.1003,56.8863,56.62,56.62,56.49,59.5499992370606,down,2026-09-15T12:32:53,72.0,17.0
AAPL,2027-12-17,458,Put,320.0,AAPL271217P00320000,28.4,29.15,28.775,29.48,1.255,4.44641,30.0,488.0,0.2862,-0.3541,0.0038,1.3507,-0.0446,-1.3059,28.9816,29.45,29.48,29.25,28.2249994277954,up,2026-09-15T15:38:12,42.0,78.0
AAPL,2027-12-17,458,Call,325.0,AAPL271217C00325000,52.9,56.05,54.474999999999994,53.44,-3.61,-6.32778,1.0,591.0,0.2888,0.6581,0.0035,1.3615,-0.0365,2.0636,54.1408,53.44,53.44,53.44,57.0500011444092,down,2026-09-15T14:30:15,58.0,115.0
AAPL,2027-12-17,458,Put,325.0,AAPL271217P00325000,30.5,31.55,31.025,31.64,1.515,5.02905,49.0,820.0,0.2857,-0.374,0.004,1.3728,-0.0454,-1.3543,31.1118,31.6,31.69,31.4,30.125,down,2026-09-15T11:14:41,123.0,200.0
AAPL,2027-12-17,458,Call,330.0,AAPL271217C00330000,50.2,52.3,51.25,50.73,-3.22,-5.96849,31.0,1372.0,0.2832,0.6407,0.0035,1.3859,-0.0374,2.0238,51.4856,50.45,50.73,50.45,53.9499988555908,up,2026-09-15T11:23:52,202.0,70.0
AAPL,2027-12-17,458,Put,330.0,AAPL271217P00330000,32.8,33.95,33.375,33.7,1.175,3.6126,46.0,243.0,0.2851,-0.3945,0.0041,1.3911,-0.0462,-1.4015,33.3502,34.01,34.09,33.7,32.5250015258789,down,2026-09-15T15:36:18,91.0,118.0
AAPL,2027-12-17,458,Call,335.0,AAPL271217C00335000,48.05,50.05,49.05,48.68,-2.345,-4.59579,98.0,2376.0,0.2845,0.623,0.0036,1.4076,-0.0382,1.981,48.9225,48.7,48.7,48.17,51.0249996185303,no_change,2026-09-15T15:52:30,190.0,138.0
AAPL,2027-12-17,458,Put,335.0,AAPL271217P00335000,34.95,36.35,35.650000000000006,34.85,0.0,0.0,0.0,59.0,0.2832,-0.4154,0.0042,1.4058,-0.0469,-1.4396,35.698,0.0,0.0,0.0,34.6499996185303,down,2026-09-14T14:09:13,37.0,20.0
AAPL,2027-12-17,458,Call,340.0,AAPL271217C00340000,45.45,47.25,46.35,45.8,-2.9,-5.95482,39.0,2203.0,0.2816,0.6051,0.0037,1.4263,-0.0388,1.9376,46.4515,45.99,45.99,45.68,48.6999988555908,up,2026-09-15T15:32:26,29.0,27.0
AAPL,2027-12-17,458,Put,340.0,AAPL271217P00340000,37.45,38.65,38.05,38.7,1.7,4.59459,60.0,2789.0,0.2814,-0.4369,0.0043,1.4175,-0.0476,-1.4987,38.1777,38.59,38.7,38.25,37.0,up,2026-09-15T11:22:28,58.0,70.0
AAPL,2027-12-17,458,Call,345.0,AAPL271217C00345000,43.45,44.85,44.150000000000006,43.29,-2.985,-6.45057,11.0,710.0,0.2816,0.5872,0.0037,1.442,-0.0394,1.8933,44.0712,44.1,44.11,43.17,46.2749996185303,up,2026-09-15T11:22:05,49.0,102.0
AAPL,2027-12-17,458,Put,345.0,AAPL271217P00345000,40.1,41.4,40.75,40.49,0.0,0.0,0.0,66.0,0.2813,-0.4582,0.0044,1.4242,-0.0482,-1.5376,40.7179,0.0,0.0,0.0,39.5249996185303,down,2026-09-11T15:58:24,32.0,30.0
AAPL,2027-12-17,458,Call,350.0,AAPL271217C00350000,41.5,42.45,41.975,41.5,-2.475,-5.6282,3.0,1618.0,0.2813,0.5692,0.0038,1.4549,-0.0399,1.8465,41.7814,41.04,41.5,41.04,43.9750003814697,up,2026-09-15T14:00:25,52.0,97.0
AAPL,2027-12-17,458,Put,350.0,AAPL271217P00350000,42.6,43.9,43.25,44.03,1.755,4.15139,60.0,287.0,0.2789,-0.4801,0.0046,1.4242,-0.0487,-1.568,43.3968,44.09,44.17,43.75,42.2749996185303,up,2026-09-15T11:22:28,92.0,173.0
AAPL,2027-12-17,458,Call,355.0,AAPL271217C00355000,39.35,40.0,39.675,41.65,0.0,0.0,0.0,2222.0,0.2795,0.5511,0.0038,1.4648,-0.0403,1.7977,39.5833,0.0,0.0,0.0,41.625,up,2026-09-14T14:39:39,38.0,23.0
AAPL,2027-12-17,458,Put,355.0,AAPL271217P00355000,45.25,46.9,46.075,45.75,0.0,0.0,0.0,63.0,0.2781,-0.5021,0.0046,1.4212,-0.049,-1.592,46.1843,0.0,0.0,0.0,44.7999992370606,up,2026-09-11T15:04:44,29.0,52.0
AAPL,2027-12-17,458,Call,360.0,AAPL271217C00360000,37.25,37.9,37.575,37.15,-2.2,-5.59085,74.0,1197.0,0.2785,0.5331,0.0039,1.4717,-0.0405,1.7491,37.4753,37.15,37.15,36.77,39.3500003814697,up,2026-09-15T14:31:32,29.0,22.0
AAPL,2027-12-17,458,Put,360.0,AAPL271217P00360000,48.35,49.8,49.075,47.4,0.0,0.0,0.0,272.0,0.2778,-0.5244,0.0047,1.4183,-0.0493,-1.636,49.0812,0.0,0.0,0.0,47.5500011444092,down,2026-09-11T13:33:53,10.0,33.0
AAPL,2027-12-17,458,Call,365.0,AAPL271217C00365000,35.25,35.9,35.575,37.5,0.0,0.0,0.0,1525.0,0.2777,0.5152,0.0039,1.4758,-0.0407,1.7004,35.4552,0.0,0.0,0.0,37.3499984741211,down,2026-09-14T15:39:41,35.0,12.0
AAPL,2027-12-17,458,Put,365.0,AAPL271217P00365000,51.1,53.0,52.05,56.45,0.0,0.0,0.0,90.0,0.2766,-0.5471,0.0048,1.4047,-0.0496,-1.6455,52.0873,0.0,0.0,0.0,50.6000003814697,no_change,2026-07-20T09:54:55,10.0,3.0
AAPL,2027-12-17,458,Call,370.0,AAPL271217C00370000,33.3,33.95,33.625,36.0,0.0,0.0,0.0,1245.0,0.2767,0.4974,0.0039,1.4768,-0.0408,1.6498,33.5223,0.0,0.0,0.0,35.375,down,2026-09-11T12:16:07,33.0,7.0
AAPL,2027-12-17,458,Put,370.0,AAPL271217P00370000,53.95,56.2,55.075,59.35,0.0,0.0,0.0,95.0,0.275,-0.5697,0.0049,1.3857,-0.0498,-1.664,55.2106,0.0,0.0,0.0,53.4500007629394,down,2026-09-01T13:56:16,3.0,10.0
AAPL,2027-12-17,458,Call,375.0,AAPL271217C00375000,31.45,32.1,31.775,30.99,-2.46,-7.35426,5.0,1183.0,0.2758,0.4797,0.0039,1.4749,-0.0408,1.5981,31.6762,31.0,31.0,30.99,33.4500007629394,no_change,2026-09-15T11:31:32,66.0,28.0
AAPL,2027-12-17,458,Put,375.0,AAPL271217P00375000,57.45,59.6,58.525000000000006,69.95,0.0,0.0,0.0,106.0,0.2758,-0.5922,0.005,1.3642,-0.0498,-1.654,58.4382,0.0,0.0,0.0,56.6499996185303,no_change,2026-08-20T14:50:39,14.0,18.0
AAPL,2027-12-17,458,Call,380.0,AAPL271217C00380000,29.7,30.35,30.025,29.36,-2.165,-6.86756,2.0,740.0,0.2751,0.4622,0.0039,1.4704,-0.0407,1.5472,29.915,29.5,29.5,29.36,31.5249996185303,down,2026-09-15T14:48:50,51.0,44.0
AAPL,2027-12-17,458,Put,380.0,AAPL271217P00380000,59.75,62.5,61.125,65.83,0.0,0.0,0.0,41.0,0.2694,-0.615,0.005,1.3428,-0.0499,-1.6537,61.7722,0.0,0.0,0.0,60.125,up,2026-09-01T13:56:16,33.0,37.0
AAPL,2027-12-17,458,Call,385.0,AAPL271217C00385000,28.0,28.65,28.325,29.84,0.0,0.0,0.0,514.0,0.2742,0.445,0.0039,1.4634,-0.0406,1.4971,28.2355,0.0,0.0,0.0,29.8999996185303,up,2026-09-11T14:02:46,38.0,23.0
AAPL,2027-12-17,458,Put,385.0,AAPL271217P00385000,63.65,66.65,65.15,65.95,2.675,4.22758,10.0,22.0,0.273,-0.6381,0.0051,1.3056,-0.0498,-1.6462,65.221,65.95,65.95,65.95,63.2750015258789,down,2026-09-15T15:38:12,24.0,10.0
AAPL,2027-12-17,458,Call,390.0,AAPL271217C00390000,26.4,27.0,26.7,26.45,-1.825,-6.45446,81.0,986.0,0.2733,0.428,0.0039,1.4537,-0.0403,1.4461,26.6361,26.06,26.45,25.97,28.2749996185303,up,2026-09-15T15:32:26,109.0,41.0
AAPL,2027-12-17,458,Put,390.0,AAPL271217P00390000,66.85,69.95,68.4,67.9,0.0,0.0,0.0,8.0,0.2699,-0.6609,0.0052,1.2678,-0.0498,-1.6518,68.7774,0.0,0.0,0.0,67.0,down,2026-09-14T09:50:11,20.0,16.0
AAPL,2027-12-17,458,Call,395.0,AAPL271217C00395000,24.9,25.5,25.2,24.68,-1.97,-7.39212,1.0,582.0,0.2728,0.4113,0.0038,1.4412,-0.04,1.3944,25.1158,24.68,24.68,24.68,26.6500005722046,down,2026-09-15T11:46:42,61.0,59.0
AAPL,2027-12-17,458,Put,395.0,AAPL271217P00395000,71.5,73.7,72.6,77.55,0.0,0.0,0.0,77.0,0.2736,-0.6834,0.0052,1.2311,-0.0495,-1.5936,72.4296,0.0,0.0,0.0,70.2999992370606,down,2026-09-01T11:24:05,6.0,34.0
AAPL,2027-12-17,458,Call,400.0,AAPL271217C00400000,23.5,23.95,23.725,22.9,-2.2,-8.76494,2.0,5524.0,0.272,0.395,0.0038,1.4267,-0.0396,1.344,23.6723,23.53,23.53,22.9,25.0999994277954,down,2026-09-15T15:38:01,46.0,36.0
AAPL,2027-12-17,458,Put,400.0,AAPL271217P00400000,74.2,77.7,75.95,74.15,0.0,0.0,0.0,89.0,0.2696,-0.7063,0.0053,1.1848,-0.0495,-1.564,76.1883,0.0,0.0,0.0,74.3250007629394,down,2026-09-14T09:55:06,25.0,17.0
AAPL,2027-12-17,458,Call,405.0,AAPL271217C00405000,22.05,22.65,22.35,22.15,-1.575,-6.63857,4.0,507.0,0.2714,0.3789,0.0038,1.4105,-0.0392,1.295,22.302,22.15,22.15,22.15,23.7250003814697,down,2026-09-15T09:30:01,38.0,36.0
AAPL,2027-12-17,458,Put,405.0,AAPL271217P00405000,78.25,81.25,79.75,92.38,0.0,0.0,0.0,72.0,0.2683,-0.7289,0.0053,1.1233,-0.049,-1.5198,80.0583,0.0,0.0,0.0,78.0750007629394,no_change,2026-09-08T12:17:37,16.0,16.0
AAPL,2027-12-17,458,Call,410.0,AAPL271217C00410000,20.65,21.45,21.049999999999997,20.53,-1.92,-8.55234,8.0,231.0,0.2709,0.3633,0.0037,1.3922,-0.0387,1.2462,21.0023,21.0,21.0,20.53,22.4499998092651,down,2026-09-15T15:36:18,32.0,57.0
AAPL,2027-12-17,458,Put,410.0,AAPL271217P00410000,82.55,85.25,83.9,85.4,0.0,0.0,0.0,5.0,0.2694,-0.7516,0.0053,1.0663,-0.0488,-1.4963,84.0267,0.0,0.0,0.0,81.7750015258789,down,2026-09-03T11:12:22,20.0,44.0
AAPL,2027-12-17,458,Call,415.0,AAPL271217C00415000,19.4,20.25,19.825,17.7,0.0,0.0,0.0,189.0,0.2705,0.348,0.0037,1.3715,-0.0381,1.1971,19.7718,0.0,0.0,0.0,21.125,up,2026-09-10T13:11:53,27.0,38.0
AAPL,2027-12-17,458,Put,415.0,AAPL271217P00415000,86.6,89.6,88.1,87.15,0.0,0.0,0.0,0.0,0.2704,-0.7737,0.0054,1.0259,-0.0484,-1.3806,88.0745,0.0,0.0,0.0,85.3249969482422,down,2026-09-11T09:37:30,16.0,17.0
AAPL,2027-12-17,458,Call,420.0,AAPL271217C00420000,18.35,18.9,18.625,19.45,0.0,0.0,0.0,520.0,0.2698,0.3332,0.0036,1.3492,-0.0375,1.1492,18.6083,0.0,0.0,0.0,19.9500007629395,no_change,2026-09-14T10:18:34,30.0,30.0
AAPL,2027-12-17,458,Put,420.0,AAPL271217P00420000,90.25,93.6,91.925,90.0,0.0,0.0,0.0,16.0,0.2662,-0.7968,0.0055,0.9373,-0.0486,-1.3472,92.2405,0.0,0.0,0.0,89.6000022888184,down,2026-09-11T12:21:27,39.0,33.0
AAPL,2027-12-17,458,Call,425.0,AAPL271217C00425000,17.25,17.8,17.525,17.03,-1.72,-9.17333,3.0,391.0,0.2695,0.3188,0.0036,1.3259,-0.0368,1.1032,17.5082,17.5,17.5,17.03,18.75,down,2026-09-15T11:06:30,107.0,36.0
AAPL,2027-12-17,458,Put,425.0,AAPL271217P00425000,94.5,97.85,96.175,93.85,0.0,0.0,0.0,3.0,0.2655,-0.8186,0.0055,0.8715,-0.0479,-1.273,96.4956,0.0,0.0,0.0,93.7999992370606,down,2026-09-11T12:20:37,20.0,21.0
AAPL,2027-12-17,458,Call,430.0,AAPL271217C00430000,16.2,16.75,16.475,17.11,0.0,0.0,0.0,587.0,0.2691,0.3048,0.0035,1.3016,-0.0361,1.0585,16.4685,0.0,0.0,0.0,17.6750001907349,down,2026-09-14T09:38:18,38.0,34.0
AAPL,2027-12-17,458,Put,430.0,AAPL271217P00430000,99.45,102.25,100.85,122.75,0.0,0.0,0.0,0.0,0.2692,-0.8398,0.0054,0.7967,-0.0472,-1.1285,100.8413,0.0,0.0,0.0,98.1499977111816,down,2026-07-02T13:35:29,26.0,48.0
AAPL,2027-12-17,458,Call,435.0,AAPL271217C00435000,15.2,15.8,15.5,16.17,0.0,0.0,0.0,364.0,0.2688,0.2912,0.0034,1.2756,-0.0354,1.0139,15.487,0.0,0.0,0.0,16.6500005722046,up,2026-09-11T10:15:44,41.0,44.0
AAPL,2027-12-17,458,Put,435.0,AAPL271217P00435000,103.3,106.55,104.925,133.15,0.0,0.0,0.0,0.0,0.2633,-0.8615,0.0055,0.7261,-0.047,-1.0664,105.2652,0.0,0.0,0.0,102.5,up,2026-07-31T14:20:26,26.0,8.0
AAPL,2027-12-17,458,Call,440.0,AAPL271217C00440000,14.3,14.85,14.575,14.15,-1.525,-9.72887,13.0,7502.0,0.2686,0.2782,0.0034,1.2482,-0.0346,0.9701,14.5618,14.1,14.15,14.1,15.6749997138977,up,2026-09-15T11:33:28,95.0,52.0
AAPL,2027-12-17,458,Put,440.0,AAPL271217P00440000,108.45,111.1,109.775,125.59,0.0,0.0,0.0,0.0,0.2679,-0.8848,0.0056,0.6162,-0.0486,-0.8396,109.809,0.0,0.0,0.0,106.800003051758,down,2026-07-14T11:41:32,20.0,24.0
AAPL,2027-12-17,458,Call,450.0,AAPL271217C00450000,12.6,13.15,12.875,14.0,0.0,0.0,0.0,2979.0,0.2682,0.2533,0.0032,1.1921,-0.0331,0.8882,12.8689,0.0,0.0,0.0,13.9000000953674,up,2026-09-14T15:39:16,45.0,41.0
AAPL,2027-12-17,458,Put,450.0,AAPL271217P00450000,117.8,120.6,119.19999999999999,0.0,0.0,0.0,0.0,0.0,0.2706,-0.9263,0.0056,0.4773,-0.0477,-0.6715,119.0848,0.0,0.0,0.0,116.199996948242,no_change,,6.0,6.0
AAPL,2027-12-17,458,Call,460.0,AAPL271217C00460000,11.0,11.75,11.375,11.65,0.0,0.0,0.0,536.0,0.2679,0.2303,0.0031,1.1338,-0.0314,0.8108,11.3672,0.0,0.0,0.0,12.3999996185303,up,2026-09-11T13:54:54,10.0,22.0
AAPL,2027-12-17,458,Put,460.0,AAPL271217P00460000,126.85,130.7,128.77499999999998,124.1,0.0,0.0,0.0,0.0,0.2708,-0.9585,0.0046,0.2522,-0.0433,0.0,128.6951,0.0,0.0,0.0,125.549999237061,up,2026-07-27T12:11:38,6.0,7.0
AAPL,2027-12-17,458,Call,470.0,AAPL271217C00470000,9.7,10.25,9.975,10.9,0.0,0.0,0.0,147.0,0.2671,0.209,0.0029,1.0734,-0.0298,0.7382,10.0402,0.0,0.0,0.0,10.9749999046326,down,2026-09-14T09:30:04,41.0,11.0
AAPL,2027-12-17,458,Put,470.0,AAPL271217P00470000,136.8,140.7,138.75,0.0,0.0,0.0,0.0,0.0,0.0,-0.9805,0.0022,0.0,-0.0433,0.0,138.6951,0.0,0.0,0.0,135.725006103516,no_change,,6.0,7.0
AAPL,2027-12-17,458,Call,480.0,AAPL271217C00480000,8.55,9.05,8.8,10.11,0.0,0.0,0.0,122.0,0.267,0.1895,0.0027,1.0141,-0.0281,0.6723,8.8678,0.0,0.0,0.0,9.6749997138977,up,2026-09-11T11:24:34,60.0,13.0
AAPL,2027-12-17,458,Put,480.0,AAPL271217P00480000,146.8,150.7,148.75,0.0,0.0,0.0,0.0,0.0,0.0,-0.9956,0.0005,0.0,-0.0433,0.0,148.6951,0.0,0.0,0.0,145.575004577637,no_change,,6.0,7.0
AAPL,2027-12-17,458,Call,490.0,AAPL271217C00490000,7.5,8.1,7.8,7.9,-0.725,-8.4058,1.0,300.0,0.2674,0.1716,0.0026,0.9541,-0.0264,0.6099,7.8339,7.9,7.9,7.9,8.625,down,2026-09-15T11:15:54,92.0,64.0
AAPL,2027-12-17,458,Put,490.0,AAPL271217P00490000,156.8,160.65,158.72500000000002,0.0,0.0,0.0,0.0,0.0,0.3081,-1.0,0.0,0.0,-0.0433,0.0,158.6951,0.0,0.0,0.0,155.700004577637,no_change,,11.0,1.0
AAPL,2027-12-17,458,Call,500.0,AAPL271217C00500000,6.7,7.1,6.9,6.95,-0.65,-8.55263,1.0,857.0,0.2676,0.1552,0.0024,0.8954,-0.0248,0.5536,6.9237,6.95,6.95,6.95,7.59999990463257,down,2026-09-15T09:33:55,167.0,59.0
AAPL,2027-12-17,458,Put,500.0,AAPL271217P00500000,166.8,170.7,168.75,0.0,0.0,0.0,0.0,0.0,0.0,-1.0,0.0,0.0,-0.0433,0.0,168.6951,0.0,0.0,0.0,165.474998474121,no_change,,11.0,11.0
AAPL,2027-12-17,458,Call,510.0,AAPL271217C00510000,5.95,6.35,6.15,5.65,0.0,0.0,0.0,430.0,0.2685,0.1404,0.0022,0.8391,-0.0232,0.5022,6.1216,0.0,0.0,0.0,6.82500004768372,up,2026-09-10T15:28:13,42.0,39.0
AAPL,2027-12-17,458,Put,510.0,AAPL271217P00510000,176.8,180.7,178.75,0.0,0.0,0.0,0.0,0.0,0.0,-1.0,0.0,0.0,-0.0433,0.0,178.6951,0.0,0.0,0.0,175.5,no_change,,11.0,11.0
AAPL,2027-12-17,458,Call,520.0,AAPL271217C00520000,5.15,5.65,5.4,5.2,0.0,0.0,0.0,64.0,0.2683,0.1268,0.0021,0.7836,-0.0216,0.4542,5.4163,0.0,0.0,0.0,6.0,down,2026-09-10T13:59:04,9.0,1.0
AAPL,2027-12-17,458,Put,520.0,AAPL271217P00520000,186.8,190.7,188.75,0.0,0.0,0.0,0.0,0.0,0.0,-1.0,0.0,0.0,-0.0433,0.0,188.6951,0.0,0.0,0.0,185.625,no_change,,11.0,11.0
AAPL,2027-12-17,458,Call,530.0,AAPL271217C00530000,4.55,5.1,4.824999999999999,5.5,0.0,0.0,0.0,343.0,0.2693,0.1146,0.0019,0.731,-0.0202,0.4116,4.7961,0.0,0.0,0.0,5.35000014305115,up,2026-09-11T10:42:31,9.0,38.0
AAPL,2027-12-17,458,Put,530.0,AAPL271217P00530000,196.8,200.7,198.75,0.0,0.0,0.0,0.0,0.0,0.0,-1.0,0.0,0.0,-0.0433,0.0,198.6951,0.0,0.0,0.0,195.625,no_change,,11.0,11.0
AAPL,2027-12-17,458,Call,540.0,AAPL271217C00540000,4.05,4.4,4.225,4.76,0.0,0.0,0.0,157.0,0.269,0.1036,0.0018,0.6813,-0.0188,0.3727,4.25,0.0,0.0,0.0,4.75,no_change,2026-09-14T14:02:52,25.0,26.0
AAPL,2027-12-17,458,Put,540.0,AAPL271217P00540000,206.8,210.7,208.75,0.0,0.0,0.0,0.0,0.0,0.0,-1.0,0.0,0.0,-0.0433,0.0,208.6951,0.0,0.0,0.0,205.625,no_change,,11.0,11.0
AAPL,2027-12-17,458,Call,550.0,AAPL271217C00550000,3.5,4.0,3.75,4.14,0.0,0.0,0.0,766.0,0.2699,0.0936,0.0017,0.6333,-0.0175,0.3367,3.77,0.0,0.0,0.0,4.20000004768372,no_change,2026-09-11T15:33:19,51.0,2.0
AAPL,2027-12-17,458,Put,550.0,AAPL271217P00550000,216.8,220.7,218.75,0.0,0.0,0.0,0.0,0.0,0.0,-1.0,0.0,0.0,-0.0433,0.0,218.6951,0.0,0.0,0.0,215.650001525879,no_change,,11.0,11.0
AAPL,2027-12-17,458,Call,560.0,AAPL271217C00560000,3.15,3.6,3.375,3.45,0.0,0.0,0.0,31.0,0.2705,0.0846,0.0015,0.5883,-0.0162,0.305,3.3479,0.0,0.0,0.0,3.72500002384186,up,2026-09-01T10:26:35,51.0,19.0
AAPL,2027-12-17,458,Put,560.0,AAPL271217P00560000,226.8,230.7,228.75,0.0,0.0,0.0,0.0,0.0,0.3849,-1.0,0.0,0.0,-0.0433,0.0,228.6951,0.0,0.0,0.0,225.700004577637,no_change,,11.0,11.0
AAPL,2027-12-17,458,Call,570.0,AAPL271217C00570000,2.84,3.15,2.995,3.23,0.0,0.0,0.0,37.0,0.2709,0.0764,0.0014,0.5466,-0.0151,0.2762,2.9758,0.0,0.0,0.0,3.32500004768372,up,2026-09-11T10:15:52,15.0,9.0
AAPL,2027-12-17,458,Put,570.0,AAPL271217P00570000,236.8,240.7,238.75,0.0,0.0,0.0,0.0,0.0,0.395,-1.0,0.0,0.0,-0.0433,0.0,238.6951,0.0,0.0,0.0,235.650001525879,no_change,,11.0,11.0
AAPL,2027-12-17,458,Call,580.0,AAPL271217C00580000,2.45,2.89,2.67,2.7,0.0,0.0,0.0,21.0,0.2715,0.0691,0.0013,0.5068,-0.014,0.2496,2.6484,0.0,0.0,0.0,2.98500001430512,up,2026-09-03T10:40:50,21.0,51.0
AAPL,2027-12-17,458,Put,580.0,AAPL271217P00580000,246.8,250.7,248.75,0.0,0.0,0.0,0.0,0.0,0.4023,-1.0,0.0,0.0,-0.0433,0.0,248.6951,0.0,0.0,0.0,245.700004577637,no_change,,11.0,11.0
AAPL,2027-12-17,458,Call,590.0,AAPL271217C00590000,2.18,2.53,2.355,2.8,0.0,0.0,0.0,74.0,0.2722,0.0625,0.0012,0.4695,-0.0129,0.2261,2.3602,0.0,0.0,0.0,2.67999994754791,up,2026-09-11T11:30:43,43.0,32.0
AAPL,2027-12-17,458,Put,590.0,AAPL271217P00590000,256.8,260.7,258.75,0.0,0.0,0.0,0.0,0.0,0.4119,-1.0,0.0,0.0,-0.0433,0.0,258.6951,0.0,0.0,0.0,255.700004577637,no_change,,11.0,11.0
AAPL,2027-12-17,458,Call,600.0,AAPL271217C00600000,2.06,2.2,2.13,2.09,-0.315,-13.0977,5.0,592.0,0.2736,0.0566,0.0011,0.4354,-0.012,0.2051,2.1058,2.02,2.09,2.02,2.40499997138977,no_change,2026-09-15T12:02:59,9.0,46.0
AAPL,2027-12-17,458,Put,600.0,AAPL271217P00600000,266.8,270.7,268.75,0.0,0.0,0.0,0.0,0.0,0.4213,-1.0,0.0,0.0,-0.0433,0.0,268.6951,0.0,0.0,0.0,265.674987792969,no_change,,11.0,11.0
AAPL,2028-01-21,493,Call,5.0,AAPL280121C00005000,324.5,328.3,326.4,325.76,-3.64,-1.10504,2.0,57.0,0.0,1.0,0.0,0.0004,0.0,0.0155,326.6693,325.8,325.8,325.76,329.399993896484,down,2026-09-15T12:27:19,1.0,12.0
AAPL,2028-01-21,493,Put,5.0,AAPL280121P00005000,0.0,0.06,0.03,0.01,0.0,0.0,0.0,274.0,1.2928,0.0,0.0,0.0003,0.0,-0.0001,0.0021,0.0,0.0,0.0,0.0299999993294477,no_change,2026-08-26T11:49:14,0.0,4.0
AAPL,2028-01-21,493,Call,10.0,AAPL280121C00010000,319.6,323.45,321.525,303.35,0.0,0.0,0.0,24.0,0.0,1.0,0.0,0.0003,0.0,0.0405,321.7478,0.0,0.0,0.0,324.550003051758,up,2026-08-07T13:47:58,11.0,11.0
AAPL,2028-01-21,493,Put,10.0,AAPL280121P00010000,0.0,0.43,0.215,0.03,0.0,0.0,0.0,34.0,1.3124,0.0,0.0,0.0008,-0.0001,-0.0003,0.0049,0.0,0.0,0.0,0.224999994039536,up,2026-06-10T11:17:12,0.0,1.0
AAPL,2028-01-21,493,Call,15.0,AAPL280121C00015000,314.85,318.7,316.775,245.12,0.0,0.0,0.0,0.0,0.0,1.0,0.0,0.0003,0.0,0.0704,316.8472,0.0,0.0,0.0,319.800003051758,up,2026-02-19T15:28:14,11.0,11.0
AAPL,2028-01-21,493,Put,15.0,AAPL280121P00015000,0.0,0.49,0.245,0.03,0.0,0.0,0.0,369.0,1.1596,-0.0001,0.0,0.0014,-0.0001,-0.0005,0.0083,0.0,0.0,0.0,0.224999994039536,no_change,2026-06-01T14:22:00,0.0,50.0
AAPL,2028-01-21,493,Call,20.0,AAPL280121C00020000,310.1,314.0,312.05,308.2,0.0,0.0,0.0,8.0,0.9695,1.0,0.0,0.0013,0.0,0.1279,311.9822,0.0,0.0,0.0,315.100006103516,down,2026-07-21T11:25:38,11.0,13.0
AAPL,2028-01-21,493,Put,20.0,AAPL280121P00020000,0.0,0.46,0.23,0.05,0.0,0.0,0.0,316.0,1.0376,-0.0001,0.0,0.0022,-0.0002,-0.0008,0.0126,0.0,0.0,0.0,0.209999993443489,up,2026-06-10T11:01:07,0.0,50.0
AAPL,2028-01-21,493,Call,25.0,AAPL280121C00025000,305.45,309.3,307.375,296.2,0.0,0.0,0.0,10.0,0.9535,1.0,0.0,0.0034,0.0,0.2267,307.1565,0.0,0.0,0.0,310.399993896484,up,2026-08-28T10:56:09,11.0,11.0
AAPL,2028-01-21,493,Put,25.0,AAPL280121P00025000,0.0,0.44,0.22,0.07,0.0,0.0,0.0,580.0,0.8929,-0.0002,0.0,0.0032,-0.0002,-0.0011,0.0177,0.0,0.0,0.0,0.194999992847443,no_change,2026-05-04T15:15:59,0.0,50.0
AAPL,2028-01-21,493,Call,30.0,AAPL280121C00030000,300.75,304.6,302.675,229.09,0.0,0.0,0.0,12.0,0.9125,1.0,0.0,0.0047,0.0,0.337,302.4125,0.0,0.0,0.0,305.725006103516,down,2026-04-09T11:52:31,11.0,11.0
AAPL,2028-01-21,493,Put,30.0,AAPL280121P00030000,0.0,0.41,0.205,0.02,0.0,0.0,0.0,397.0,0.8212,-0.0003,0.0,0.0043,-0.0003,-0.0016,0.0238,0.0,0.0,0.0,0.180000007152557,down,2026-09-10T14:31:49,0.0,50.0
AAPL,2028-01-21,493,Call,35.0,AAPL280121C00035000,296.1,299.95,298.025,241.75,0.0,0.0,0.0,4.0,0.8641,1.0,0.0,0.0061,0.0,0.4263,297.7111,0.0,0.0,0.0,301.050003051758,down,2026-02-11T09:45:54,11.0,11.0
AAPL,2028-01-21,493,Put,35.0,AAPL280121P00035000,0.0,0.37,0.185,0.05,0.0,0.0,0.0,75.0,0.7711,-0.0004,0.0,0.0057,-0.0004,-0.0021,0.0309,0.0,0.0,0.0,0.159999996423721,no_change,2026-06-17T13:33:59,0.0,50.0
AAPL,2028-01-21,493,Call,40.0,AAPL280121C00040000,291.4,295.25,293.325,252.2,0.0,0.0,0.0,15.0,0.8176,1.0,0.0,0.0076,0.0,0.5035,293.0293,0.0,0.0,0.0,296.375,up,2026-05-08T12:46:39,11.0,11.0
AAPL,2028-01-21,493,Put,40.0,AAPL280121P00040000,0.0,0.28,0.14,0.01,0.0,0.0,0.0,86.0,0.7311,-0.0005,0.0,0.0073,-0.0004,-0.0027,0.0392,0.0,0.0,0.0,0.125,down,2026-09-09T15:24:05,0.0,10.0
AAPL,2028-01-21,493,Call,45.0,AAPL280121C00045000,286.7,290.6,288.65,262.25,0.0,0.0,0.0,4.0,0.7748,1.0,0.0,0.0092,0.0,0.5714,288.3568,0.0,0.0,0.0,291.699996948242,down,2026-08-10T12:32:32,11.0,11.0
AAPL,2028-01-21,493,Put,45.0,AAPL280121P00045000,0.0,0.29,0.145,0.1,0.0,0.0,0.0,13.0,0.6591,-0.0007,0.0,0.0091,-0.0005,-0.0034,0.0488,0.0,0.0,0.0,0.104999996721745,down,2026-08-18T12:27:41,0.0,50.0
AAPL,2028-01-21,493,Call,50.0,AAPL280121C00050000,282.05,285.9,283.975,285.65,0.0,0.0,0.0,129.0,0.736,1.0,0.0,0.0112,0.0,0.6366,283.6888,0.0,0.0,0.0,287.175003051758,down,2026-09-14T14:01:26,11.0,11.0
AAPL,2028-01-21,493,Put,50.0,AAPL280121P00050000,0.04,0.11,0.075,0.06,0.0,0.0,0.0,2629.0,0.6006,-0.0008,0.0,0.0112,-0.0006,-0.0042,0.0599,0.0,0.0,0.0,0.0749999992549419,down,2026-09-14T10:05:30,1.0,1.0
AAPL,2028-01-21,493,Call,60.0,AAPL280121C00060000,272.7,276.55,274.625,249.74,0.0,0.0,0.0,5.0,0.6683,1.0,0.0,0.0162,0.0,0.7634,274.3612,0.0,0.0,0.0,277.674987792969,down,2026-08-10T10:25:23,11.0,11.0
AAPL,2028-01-21,493,Put,60.0,AAPL280121P00060000,0.0,0.17,0.085,0.17,0.0,0.0,0.0,94.0,0.5664,-0.0012,0.0,0.0163,-0.0008,-0.0064,0.0869,0.0,0.0,0.0,0.125,up,2026-08-10T10:12:40,0.0,50.0
AAPL,2028-01-21,493,Call,70.0,AAPL280121C00070000,263.35,267.2,265.275,249.83,0.0,0.0,0.0,154.0,0.6112,0.9995,0.0,0.0226,0.0,0.8878,265.0428,0.0,0.0,0.0,268.350006103516,down,2026-09-08T14:16:54,11.0,11.0
AAPL,2028-01-21,493,Put,70.0,AAPL280121P00070000,0.0,0.18,0.09,0.17,0.0,0.0,0.0,68.0,0.542,-0.0018,0.0,0.0228,-0.0011,-0.0091,0.122,0.0,0.0,0.0,0.144999999552965,down,2026-08-20T15:44:03,0.0,10.0
AAPL,2028-01-21,493,Call,80.0,AAPL280121C00080000,254.05,257.9,255.975,237.5,0.0,0.0,0.0,183.0,0.5669,0.9988,0.0,0.0307,0.0,1.011,255.7344,0.0,0.0,0.0,259.0,down,2026-08-26T13:27:20,11.0,11.0
AAPL,2028-01-21,493,Put,80.0,AAPL280121P00080000,0.1,0.23,0.165,0.18,0.0,0.0,0.0,44.0,0.5071,-0.0025,0.0,0.0312,-0.0015,-0.0128,0.1671,0.0,0.0,0.0,0.160000000149012,down,2026-09-10T15:07:42,6.0,10.0
AAPL,2028-01-21,493,Call,90.0,AAPL280121C00090000,244.7,248.55,246.625,224.95,0.0,0.0,0.0,184.0,0.5278,0.9978,0.0001,0.0408,0.0,1.1331,246.4383,0.0,0.0,0.0,249.700004577637,down,2026-08-27T10:23:48,11.0,11.0
AAPL,2028-01-21,493,Put,90.0,AAPL280121P00090000,0.11,0.29,0.19999999999999998,0.24,-0.005,-2.04082,5.0,122.0,0.4782,-0.0035,0.0001,0.0414,-0.0019,-0.0174,0.2248,0.24,0.24,0.24,0.244999997317791,no_change,2026-09-15T14:50:13,52.0,142.0
AAPL,2028-01-21,493,Call,100.0,AAPL280121C00100000,235.45,239.25,237.35,235.52,-4.905,-2.04014,6.0,1120.0,0.4724,0.9967,0.0001,0.0534,0.0,1.2538,237.1576,236.65,236.65,235.35,240.425003051758,no_change,2026-09-15T10:10:50,1.0,11.0
AAPL,2028-01-21,493,Put,100.0,AAPL280121P00100000,0.2,0.35,0.275,0.28,0.0,0.0,0.0,1654.0,0.4586,-0.0047,0.0001,0.0542,-0.0024,-0.0235,0.2983,0.0,0.0,0.0,0.25,down,2026-09-11T14:21:55,4.0,46.0
AAPL,2028-01-21,493,Call,110.0,AAPL280121C00110000,226.15,230.0,228.075,200.6,0.0,0.0,0.0,315.0,0.4702,0.9951,0.0001,0.0687,0.0,1.3728,227.8965,0.0,0.0,0.0,231.125,up,2026-08-13T11:32:01,12.0,13.0
AAPL,2028-01-21,493,Put,110.0,AAPL280121P00110000,0.21,0.49,0.35,0.36,0.0,0.0,0.0,441.0,0.4395,-0.0063,0.0001,0.0698,-0.0029,-0.0309,0.3918,0.0,0.0,0.0,0.344999991357326,down,2026-09-11T14:21:55,55.0,65.0
AAPL,2028-01-21,493,Call,115.0,AAPL280121C00115000,221.55,225.35,223.45,226.01,0.0,0.0,0.0,19.0,0.459,0.9942,0.0001,0.0776,0.0,1.4316,223.2747,0.0,0.0,0.0,226.5,up,2026-09-14T10:13:48,1.0,7.0
AAPL,2028-01-21,493,Put,115.0,AAPL280121P00115000,0.23,0.55,0.39,0.5,0.0,0.0,0.0,12.0,0.4296,-0.0072,0.0001,0.0791,-0.0032,-0.0356,0.4475,0.0,0.0,0.0,0.409999996423721,down,2026-09-02T09:59:25,10.0,46.0
AAPL,2028-01-21,493,Call,120.0,AAPL280121C00120000,216.9,220.75,218.825,195.7,0.0,0.0,0.0,93.0,0.4479,0.9932,0.0001,0.0875,0.0,1.4897,218.6598,0.0,0.0,0.0,221.875,down,2026-09-09T14:15:00,10.0,7.0
AAPL,2028-01-21,493,Put,120.0,AAPL280121P00120000,0.38,0.58,0.48,0.5,0.0,0.0,0.0,822.0,0.426,-0.0082,0.0001,0.0891,-0.0036,-0.0407,0.5105,0.0,0.0,0.0,0.509999990463257,down,2026-09-11T14:37:03,10.0,10.0
AAPL,2028-01-21,493,Call,125.0,AAPL280121C00125000,212.3,216.15,214.22500000000002,197.8,0.0,0.0,0.0,23.0,0.4392,0.9921,0.0001,0.0983,0.0,1.5471,214.0526,0.0,0.0,0.0,217.274993896484,down,2026-08-20T15:10:47,7.0,7.0
AAPL,2028-01-21,493,Put,125.0,AAPL280121P00125000,0.31,0.7,0.505,0.61,0.0,0.0,0.0,305.0,0.4193,-0.0094,0.0002,0.0999,-0.004,-0.0463,0.5815,0.0,0.0,0.0,0.579999998211861,down,2026-09-11T14:36:35,51.0,44.0
AAPL,2028-01-21,493,Call,130.0,AAPL280121C00130000,207.7,211.55,209.625,184.95,0.0,0.0,0.0,133.0,0.4302,0.9908,0.0002,0.11,0.0,1.6039,209.454,0.0,0.0,0.0,212.675003051758,down,2026-08-10T14:46:03,7.0,7.0
AAPL,2028-01-21,493,Put,130.0,AAPL280121P00130000,0.47,0.79,0.63,0.71,0.0,0.0,0.0,214.0,0.4173,-0.0108,0.0002,0.1121,-0.0044,-0.0528,0.6632,0.0,0.0,0.0,0.679999977350235,down,2026-09-11T14:02:17,10.0,40.0
AAPL,2028-01-21,493,Call,135.0,AAPL280121C00135000,203.1,206.95,205.02499999999998,199.52,0.0,0.0,0.0,119.0,0.421,0.9893,0.0002,0.1229,0.0,1.6598,204.8649,0.0,0.0,0.0,208.074996948242,up,2026-09-10T15:33:38,7.0,8.0
AAPL,2028-01-21,493,Put,135.0,AAPL280121P00135000,0.49,0.89,0.69,1.01,0.0,0.0,0.0,2872.0,0.4029,-0.0123,0.0002,0.1258,-0.0049,-0.0602,0.753,0.0,0.0,0.0,0.71000000834465,down,2026-08-24T13:35:28,18.0,49.0
AAPL,2028-01-21,493,Call,140.0,AAPL280121C00140000,198.5,202.35,200.425,176.3,0.0,0.0,0.0,73.0,0.4135,0.9877,0.0002,0.1372,0.0,1.7148,200.2864,0.0,0.0,0.0,203.475006103516,up,2026-08-10T14:24:49,7.0,8.0
AAPL,2028-01-21,493,Put,140.0,AAPL280121P00140000,0.59,0.99,0.79,0.85,-0.03,-3.40909,1.0,1568.0,0.3969,-0.0139,0.0002,0.1399,-0.0053,-0.068,0.8512,0.85,0.85,0.85,0.879999995231628,down,2026-09-15T15:34:19,27.0,10.0
AAPL,2028-01-21,493,Call,145.0,AAPL280121C00145000,193.95,197.8,195.875,189.31,0.0,0.0,0.0,18.0,0.4056,0.9859,0.0002,0.1525,0.0,1.7688,195.7198,0.0,0.0,0.0,198.925003051758,up,2026-09-01T11:35:02,7.0,8.0
AAPL,2028-01-21,493,Put,145.0,AAPL280121P00145000,0.7,1.12,0.91,1.6,0.0,0.0,0.0,494.0,0.3917,-0.0157,0.0003,0.1554,-0.0058,-0.0766,0.9641,0.0,0.0,0.0,0.939999997615814,up,2026-07-31T15:30:41,10.0,48.0
AAPL,2028-01-21,493,Call,150.0,AAPL280121C00150000,189.4,193.25,191.325,188.0,-6.475,-3.32948,1.0,286.0,0.399,0.9839,0.0003,0.1691,0.0,1.8218,191.1664,188.0,188.0,188.0,194.474998474121,down,2026-09-15T13:29:23,10.0,8.0
AAPL,2028-01-21,493,Put,150.0,AAPL280121P00150000,1.0,1.24,1.12,1.11,0.015,1.36987,12.0,934.0,0.3913,-0.0178,0.0003,0.1725,-0.0064,-0.0865,1.0905,1.12,1.12,1.07,1.09499996900558,up,2026-09-15T15:46:53,45.0,32.0
AAPL,2028-01-21,493,Call,155.0,AAPL280121C00155000,184.85,188.7,186.77499999999998,163.96,0.0,0.0,0.0,73.0,0.3919,0.9817,0.0003,0.1872,0.0,1.8737,186.6273,0.0,0.0,0.0,189.824996948242,up,2026-08-18T10:02:33,7.0,8.0
AAPL,2028-01-21,493,Put,155.0,AAPL280121P00155000,1.06,1.32,1.19,1.39,0.0,0.0,0.0,500.0,0.3817,-0.0201,0.0003,0.1917,-0.007,-0.0979,1.2333,0.0,0.0,0.0,1.22000002861023,down,2026-09-02T10:16:01,6.0,1.0
AAPL,2028-01-21,493,Call,160.0,AAPL280121C00160000,180.35,184.15,182.25,179.7,-5.85,-3.15279,1.0,1254.0,0.3857,0.9793,0.0004,0.207,0.0,1.9241,182.1043,179.7,179.7,179.7,185.550003051758,down,2026-09-15T14:03:28,15.0,29.0
AAPL,2028-01-21,493,Put,160.0,AAPL280121P00160000,1.19,1.56,1.375,1.66,0.0,0.0,0.0,555.0,0.3777,-0.0226,0.0004,0.2115,-0.0077,-0.1099,1.3903,0.0,0.0,0.0,1.42500001192093,up,2026-09-04T15:55:31,10.0,51.0
AAPL,2028-01-21,493,Call,165.0,AAPL280121C00165000,175.8,179.65,177.72500000000002,180.81,0.0,0.0,0.0,808.0,0.379,0.9766,0.0004,0.228,0.0,1.9731,177.5991,0.0,0.0,0.0,180.824996948242,down,2026-09-14T15:39:16,42.0,65.0
AAPL,2028-01-21,493,Put,165.0,AAPL280121P00165000,1.42,1.75,1.585,1.8,0.0,0.0,0.0,455.0,0.3742,-0.0255,0.0004,0.2329,-0.0084,-0.1228,1.5669,0.0,0.0,0.0,1.52500003576279,down,2026-09-04T11:02:45,10.0,36.0
AAPL,2028-01-21,493,Call,170.0,AAPL280121C00170000,171.35,175.15,173.25,176.65,0.0,0.0,0.0,210.0,0.379,0.9736,0.0004,0.2504,0.0,2.0209,173.1132,0.0,0.0,0.0,176.274993896484,up,2026-09-11T11:37:26,10.0,39.0
AAPL,2028-01-21,493,Put,170.0,AAPL280121P00170000,1.52,1.94,1.73,1.83,0.03,1.66667,3.0,1295.0,0.3671,-0.0286,0.0005,0.2561,-0.0091,-0.1378,1.7635,1.83,1.83,1.83,1.80000001192093,up,2026-09-15T09:30:32,11.0,11.0
AAPL,2028-01-21,493,Call,175.0,AAPL280121C00175000,166.85,170.7,168.77499999999998,151.25,0.0,0.0,0.0,109.0,0.3686,0.9703,0.0005,0.2747,0.0,2.067,168.6482,0.0,0.0,0.0,171.774993896484,up,2026-08-26T12:20:07,35.0,36.0
AAPL,2028-01-21,493,Put,175.0,AAPL280121P00175000,1.73,2.09,1.91,1.85,0.0,0.0,0.0,570.0,0.3611,-0.032,0.0005,0.2818,-0.0099,-0.1542,1.9821,0.0,0.0,0.0,1.94499999284744,down,2026-09-14T15:50:01,7.0,1.0
AAPL,2028-01-21,493,Call,180.0,AAPL280121C00180000,162.45,166.25,164.35,161.9,-5.425,-3.24219,1.0,510.0,0.3643,0.9667,0.0006,0.3008,0.0,2.111,164.2064,161.9,161.9,161.9,167.324996948242,up,2026-09-15T15:20:25,63.0,26.0
AAPL,2028-01-21,493,Put,180.0,AAPL280121P00180000,1.97,2.4,2.185,2.23,0.0,0.0,0.0,1990.0,0.358,-0.0358,0.0006,0.3083,-0.0107,-0.1719,2.2256,0.0,0.0,0.0,2.21499991416931,up,2026-09-14T14:10:05,10.0,14.0
AAPL,2028-01-21,493,Call,185.0,AAPL280121C00185000,158.4,161.8,160.10000000000002,154.19,0.0,0.0,0.0,353.0,0.3646,0.9627,0.0006,0.3283,0.0,2.1532,159.79,0.0,0.0,0.0,163.300003051758,up,2026-09-02T13:59:15,159.0,69.0
AAPL,2028-01-21,493,Put,185.0,AAPL280121P00185000,2.28,2.72,2.5,2.48,0.0,0.0,0.0,919.0,0.3552,-0.0399,0.0006,0.3362,-0.0116,-0.1912,2.4952,0.0,0.0,0.0,2.39999997615814,up,2026-09-11T14:03:25,10.0,39.0
AAPL,2028-01-21,493,Call,190.0,AAPL280121C00190000,154.0,157.4,155.7,154.44,-4.46,-2.80679,4.0,142.0,0.3595,0.9584,0.0007,0.3572,0.0,2.1938,155.4007,154.44,154.44,154.44,158.899993896484,up,2026-09-15T15:22:21,69.0,67.0
AAPL,2028-01-21,493,Put,190.0,AAPL280121P00190000,2.52,3.05,2.785,2.7,0.0,0.0,0.0,1121.0,0.3508,-0.0444,0.0007,0.3662,-0.0125,-0.2119,2.7926,0.0,0.0,0.0,2.70499992370605,down,2026-09-14T09:56:17,10.0,42.0
AAPL,2028-01-21,493,Call,195.0,AAPL280121C00195000,149.25,153.05,151.15,132.4,0.0,0.0,0.0,286.0,0.35,0.9537,0.0007,0.3882,0.0,2.2321,151.0407,0.0,0.0,0.0,154.525001525879,up,2026-08-24T14:55:58,241.0,33.0
AAPL,2028-01-21,493,Put,195.0,AAPL280121P00195000,2.83,3.4,3.115,3.05,0.0,0.0,0.0,1214.0,0.3469,-0.0494,0.0008,0.3992,-0.0134,-0.2349,3.1217,0.0,0.0,0.0,3.01999998092651,no_change,2026-09-11T14:03:32,6.0,40.0
AAPL,2028-01-21,493,Call,200.0,AAPL280121C00200000,145.3,148.2,146.75,145.55,-4.625,-3.07974,42.0,1001.0,0.3443,0.9486,0.0008,0.4209,0.0,2.2678,146.7127,145.91,146.63,145.43,150.174995422363,up,2026-09-15T10:05:30,177.0,141.0
AAPL,2028-01-21,493,Put,200.0,AAPL280121P00200000,3.2,3.75,3.475,3.55,0.175,5.18518,13.0,2948.0,0.3431,-0.0548,0.0008,0.4319,-0.0144,-0.2597,3.4854,3.52,3.55,3.45,3.375,up,2026-09-15T13:22:34,49.0,48.0
AAPL,2028-01-21,493,Call,210.0,AAPL280121C00210000,136.75,139.7,138.225,140.05,0.0,0.0,0.0,259.0,0.3376,0.9371,0.001,0.4901,0.0,2.3328,138.1621,0.0,0.0,0.0,141.575004577637,no_change,2026-09-14T10:17:32,69.0,20.0
AAPL,2028-01-21,493,Put,210.0,AAPL280121P00210000,4.0,4.65,4.325,4.35,0.175,4.19162,2.0,2331.0,0.3364,-0.0669,0.001,0.5043,-0.0166,-0.3147,4.321,4.35,4.35,4.35,4.17499995231628,no_change,2026-09-15T13:32:02,31.0,61.0
AAPL,2028-01-21,493,Call,220.0,AAPL280121C00220000,128.35,131.0,129.675,130.0,-3.15,-2.36575,1.0,854.0,0.3282,0.9238,0.0011,0.5662,-0.0028,2.3866,129.7681,130.0,130.0,130.0,133.149993896484,down,2026-09-15T15:54:40,277.0,31.0
AAPL,2028-01-21,493,Put,220.0,AAPL280121P00220000,4.95,5.65,5.300000000000001,5.4,0.225,4.34783,4.0,5679.0,0.3295,-0.0809,0.0012,0.5817,-0.0189,-0.3783,5.3182,5.35,5.4,5.35,5.17499995231628,no_change,2026-09-15T13:29:25,57.0,10.0
AAPL,2028-01-21,493,Call,230.0,AAPL280121C00230000,120.1,123.0,121.55,120.88,-3.87,-3.1022,2.0,667.0,0.3238,0.9084,0.0013,0.6463,-0.0061,2.4301,121.5523,120.88,120.88,120.88,124.75,down,2026-09-15T10:00:08,160.0,167.0
AAPL,2028-01-21,493,Put,230.0,AAPL280121P00230000,6.15,6.9,6.525,6.38,0.0,0.0,0.0,4086.0,0.3241,-0.0972,0.0014,0.6658,-0.0213,-0.4523,6.508,0.0,0.0,0.0,6.32500004768372,no_change,2026-09-14T15:57:17,47.0,59.0
AAPL,2028-01-21,493,Call,240.0,AAPL280121C00240000,112.1,114.9,113.5,113.1,-3.575,-3.06407,2.0,1837.0,0.3178,0.8911,0.0015,0.7316,-0.0095,2.4605,113.5354,113.14,113.14,113.1,116.674999237061,down,2026-09-15T12:21:45,255.0,56.0
AAPL,2028-01-21,493,Put,240.0,AAPL280121P00240000,7.75,8.25,8.0,8.07,0.37,4.80519,153.0,4646.0,0.3195,-0.1158,0.0016,0.7528,-0.0238,-0.5314,7.9158,8.05,8.07,8.05,7.70000004768372,up,2026-09-15T12:17:20,52.0,106.0
AAPL,2028-01-21,493,Call,250.0,AAPL280121C00250000,104.3,107.1,105.69999999999999,104.4,-4.575,-4.19821,2.0,2012.0,0.3127,0.8716,0.0018,0.8186,-0.0129,2.4796,105.7396,105.45,105.45,104.4,108.975002288818,down,2026-09-15T10:59:44,206.0,19.0
AAPL,2028-01-21,493,Put,250.0,AAPL280121P00250000,9.45,9.75,9.6,9.76,0.46,4.94623,700.0,10949.0,0.3137,-0.1368,0.0019,0.8447,-0.0264,-0.6206,9.558,9.64,9.85,9.6,9.30000019073486,up,2026-09-15T15:48:44,38.0,101.0
AAPL,2028-01-21,493,Call,260.0,AAPL280121C00260000,96.7,99.45,98.075,97.45,-4.0,-3.94283,2.0,2256.0,0.3072,0.8499,0.002,0.9082,-0.0162,2.4842,98.1859,97.0,97.45,97.0,101.450000762939,up,2026-09-15T15:36:23,214.0,68.0
AAPL,2028-01-21,493,Put,260.0,AAPL280121P00260000,11.15,11.8,11.475000000000001,11.49,0.265,2.3608,33.0,3221.0,0.3084,-0.1605,0.0021,0.9343,-0.029,-0.7192,11.4805,11.7,11.7,11.49,11.2249999046326,down,2026-09-15T15:54:53,101.0,87.0
AAPL,2028-01-21,493,Call,270.0,AAPL280121C00270000,89.4,92.65,91.025,90.34,-3.81,-4.04674,15.0,3812.0,0.3054,0.8262,0.0022,0.9964,-0.0195,2.4773,90.8947,89.0,90.34,89.0,94.1500015258789,up,2026-09-15T14:41:46,70.0,26.0
AAPL,2028-01-21,493,Put,270.0,AAPL280121P00270000,13.45,14.1,13.774999999999999,13.85,0.45,3.35821,45.0,1914.0,0.305,-0.1866,0.0024,1.0284,-0.0316,-0.8222,13.6767,13.95,13.95,13.85,13.4000000953674,down,2026-09-15T15:04:39,29.0,228.0
AAPL,2028-01-21,493,Call,280.0,AAPL280121C00280000,82.55,85.0,83.775,83.0,-3.9,-4.48792,3.0,2396.0,0.299,0.8004,0.0024,1.0837,-0.0226,2.4554,83.8861,82.0,83.0,82.0,86.9000015258789,up,2026-09-15T15:46:34,362.0,48.0
AAPL,2028-01-21,493,Put,280.0,AAPL280121P00280000,15.85,16.65,16.25,16.45,0.675,4.27892,67.0,5341.0,0.3007,-0.2148,0.0027,1.1125,-0.0341,-0.9341,16.1714,16.4,16.5,16.4,15.7750000953674,no_change,2026-09-15T15:40:26,75.0,220.0
AAPL,2028-01-21,493,Call,290.0,AAPL280121C00290000,75.75,78.45,77.1,77.01,-3.19,-3.97756,1.0,1509.0,0.2955,0.7726,0.0027,1.1665,-0.0256,2.4226,77.1772,77.01,77.01,77.01,80.2000007629394,down,2026-09-15T09:57:30,85.0,44.0
AAPL,2028-01-21,493,Put,290.0,AAPL280121P00290000,18.7,19.55,19.125,19.39,0.765,4.10738,26.0,3725.0,0.297,-0.246,0.003,1.1984,-0.0365,-1.052,19.0242,19.25,19.39,18.95,18.625,up,2026-09-15T12:35:53,60.0,239.0
AAPL,2028-01-21,493,Call,300.0,AAPL280121C00300000,70.45,71.5,70.975,71.0,-2.775,-3.76144,41.0,20785.0,0.2942,0.7431,0.0029,1.2447,-0.0284,2.3754,70.7849,70.17,71.0,69.45,73.7750015258789,up,2026-09-15T15:55:54,55.0,59.0
AAPL,2028-01-21,493,Put,300.0,AAPL280121P00300000,21.8,22.7,22.25,22.58,0.98,4.53704,249.0,2085.0,0.2929,-0.2793,0.0032,1.273,-0.0387,-1.161,22.2253,22.5,22.65,22.2,21.5999994277954,down,2026-09-15T15:48:44,102.0,149.0
AAPL,2028-01-21,493,Call,310.0,AAPL280121C00310000,64.15,65.85,65.0,64.1,-3.5,-5.17752,7.0,2606.0,0.2916,0.712,0.0031,1.3152,-0.0308,2.3188,64.7211,64.1,64.1,64.1,67.6000022888184,down,2026-09-15T12:55:29,24.0,35.0
AAPL,2028-01-21,493,Put,310.0,AAPL280121P00310000,25.3,26.35,25.825000000000003,26.2,1.15,4.59082,15.0,4538.0,0.2897,-0.3147,0.0035,1.3411,-0.0408,-1.2786,25.7925,26.2,26.2,26.2,25.0500001907349,no_change,2026-09-15T10:56:57,85.0,174.0
AAPL,2028-01-21,493,Call,320.0,AAPL280121C00320000,58.6,60.25,59.425,58.5,-3.125,-5.07099,70.0,3823.0,0.2896,0.6796,0.0032,1.3779,-0.033,2.2493,58.9981,58.23,58.5,57.81,61.625,up,2026-09-15T14:49:43,44.0,66.0
AAPL,2028-01-21,493,Put,320.0,AAPL280121P00320000,29.4,30.15,29.775,30.3,1.325,4.57291,14.0,1708.0,0.2866,-0.3523,0.0038,1.3956,-0.0426,-1.3837,29.7609,30.3,30.3,30.3,28.9750003814697,no_change,2026-09-15T10:44:31,19.0,155.0
AAPL,2028-01-21,493,Call,330.0,AAPL280121C00330000,52.2,54.3,53.25,52.95,-3.275,-5.82481,21.0,3277.0,0.2812,0.6461,0.0034,1.4305,-0.0348,2.1727,53.6208,53.65,53.92,52.36,56.2250003814697,down,2026-09-15T15:16:27,128.0,26.0
AAPL,2028-01-21,493,Put,330.0,AAPL280121P00330000,33.55,34.4,33.974999999999994,34.65,1.425,4.28894,470.0,4275.0,0.2826,-0.3917,0.004,1.4382,-0.0442,-1.4915,34.1415,34.65,34.8,34.55,33.2250003814697,no_change,2026-09-15T15:37:20,204.0,77.0
AAPL,2028-01-21,493,Call,340.0,AAPL280121C00340000,47.8,49.95,48.875,47.99,-2.56,-5.06429,22.0,3411.0,0.2798,0.6119,0.0035,1.473,-0.0363,2.0856,48.5953,48.45,48.45,47.45,50.5499992370606,no_change,2026-09-15T12:42:00,134.0,1.0
AAPL,2028-01-21,493,Put,340.0,AAPL280121P00340000,38.25,39.25,38.75,39.45,1.6,4.22722,37.0,672.0,0.28,-0.4327,0.0042,1.4645,-0.0455,-1.5772,38.9367,39.45,39.57,39.4,37.8499984741211,down,2026-09-15T12:32:05,103.0,5.0
AAPL,2028-01-21,493,Call,350.0,AAPL280121C00350000,43.4,44.6,44.0,43.24,-2.635,-5.74387,55.0,8394.0,0.2796,0.5773,0.0036,1.504,-0.0374,1.9943,43.9195,43.32,43.88,42.9,45.875,down,2026-09-15T12:58:20,242.0,66.0
AAPL,2028-01-21,493,Put,350.0,AAPL280121P00350000,43.5,44.45,43.975,44.65,1.675,3.89761,11.0,611.0,0.2778,-0.475,0.0044,1.4744,-0.0465,-1.657,44.1621,44.65,44.65,44.65,42.9750003814697,no_change,2026-09-15T10:57:03,95.0,17.0
AAPL,2028-01-21,493,Call,360.0,AAPL280121C00360000,39.2,39.9,39.55,38.81,-2.765,-6.65063,1.0,3194.0,0.2774,0.5426,0.0037,1.5237,-0.0382,1.8952,39.5921,38.81,38.81,38.81,41.5749988555908,down,2026-09-15T13:02:19,14.0,15.0
AAPL,2028-01-21,493,Put,360.0,AAPL280121P00360000,49.05,50.1,49.575,48.75,0.0,0.0,0.0,282.0,0.2754,-0.5184,0.0046,1.4672,-0.0473,-1.7082,49.8154,0.0,0.0,0.0,48.3000011444092,down,2026-09-14T10:52:39,73.0,27.0
AAPL,2028-01-21,493,Call,370.0,AAPL280121C00370000,35.4,35.9,35.65,34.75,-2.775,-7.39507,11.0,1232.0,0.2755,0.5081,0.0038,1.5321,-0.0386,1.7952,35.6045,35.23,35.23,34.75,37.5249996185303,down,2026-09-15T11:16:03,84.0,27.0
AAPL,2028-01-21,493,Put,370.0,AAPL280121P00370000,54.9,56.2,55.55,56.58,2.255,4.15094,1.0,365.0,0.2728,-0.5624,0.0048,1.4384,-0.0478,-1.7439,55.9006,56.58,56.58,56.58,54.3250007629394,up,2026-09-15T10:42:18,29.0,12.0
AAPL,2028-01-21,493,Call,380.0,AAPL280121C00380000,31.75,32.25,32.0,31.45,-2.4,-7.0901,97.0,4724.0,0.2739,0.4742,0.0038,1.5292,-0.0387,1.6902,31.9482,31.9,31.9,31.1,33.8499984741211,no_change,2026-09-15T12:43:47,50.0,58.0
AAPL,2028-01-21,493,Put,380.0,AAPL280121P00380000,61.15,63.6,62.375,63.0,2.4,3.9604,1.0,222.0,0.2733,-0.6071,0.005,1.3947,-0.048,-1.7554,62.4152,63.0,63.0,63.0,60.6000003814697,up,2026-09-15T12:29:09,63.0,78.0
AAPL,2028-01-21,493,Call,390.0,AAPL280121C00390000,28.4,29.1,28.75,28.1,-2.15,-7.10744,53.0,1429.0,0.2731,0.441,0.0038,1.5164,-0.0385,1.5874,28.6099,27.9,28.45,27.9,30.25,no_change,2026-09-15T15:19:16,33.0,120.0
AAPL,2028-01-21,493,Put,390.0,AAPL280121P00390000,67.9,70.6,69.25,68.45,0.0,0.0,0.0,111.0,0.2714,-0.6519,0.0051,1.3264,-0.048,-1.7246,69.3472,0.0,0.0,0.0,67.3250007629394,down,2026-09-11T10:35:05,77.0,23.0
AAPL,2028-01-21,493,Call,400.0,AAPL280121C00400000,25.4,25.85,25.625,25.15,-1.95,-7.19557,40.0,4223.0,0.2713,0.4088,0.0037,1.4933,-0.038,1.4822,25.5747,24.85,25.9,24.85,27.0999994277954,no_change,2026-09-15T13:22:23,108.0,74.0
AAPL,2028-01-21,493,Put,400.0,AAPL280121P00400000,74.8,77.9,76.35,76.76,0.0,0.0,0.0,178.0,0.2681,-0.6967,0.0052,1.2404,-0.0475,-1.6885,76.7007,0.0,0.0,0.0,74.75,up,2026-09-11T10:18:46,33.0,21.0
AAPL,2028-01-21,493,Call,410.0,AAPL280121C00410000,22.55,23.05,22.8,22.6,-1.625,-6.70794,31.0,930.0,0.2697,0.3779,0.0037,1.4624,-0.0372,1.3813,22.827,22.4,22.6,22.4,24.2249994277954,no_change,2026-09-15T15:44:27,82.0,27.0
AAPL,2028-01-21,493,Put,410.0,AAPL280121P00410000,83.45,85.75,84.6,98.29,0.0,0.0,0.0,5.0,0.2712,-0.7418,0.0053,1.1313,-0.0476,-1.5752,84.448,0.0,0.0,0.0,82.125,up,2026-08-19T13:31:41,21.0,32.0
AAPL,2028-01-21,493,Call,420.0,AAPL280121C00420000,20.1,20.85,20.475,19.9,-1.875,-8.6108,12.0,2904.0,0.2699,0.3483,0.0036,1.4236,-0.0363,1.2812,20.3467,19.86,19.9,19.86,21.7750005722046,up,2026-09-15T11:51:09,67.0,125.0
AAPL,2028-01-21,493,Put,420.0,AAPL280121P00420000,90.9,94.05,92.475,100.12,0.0,0.0,0.0,4.0,0.2678,-0.7862,0.0054,1.0073,-0.0472,-1.4318,92.5921,0.0,0.0,0.0,90.0750007629394,up,2026-09-10T11:01:37,33.0,30.0
AAPL,2028-01-21,493,Call,430.0,AAPL280121C00430000,17.85,18.6,18.225,17.9,-1.6,-8.20513,64.0,445.0,0.269,0.3203,0.0035,1.3786,-0.0352,1.1854,18.118,18.1,18.1,17.75,19.5,no_change,2026-09-15T15:41:29,45.0,69.0
AAPL,2028-01-21,493,Put,430.0,AAPL280121P00430000,99.75,102.45,101.1,115.35,0.0,0.0,0.0,2.0,0.2681,-0.8301,0.0054,0.8482,-0.047,-1.2087,101.1113,0.0,0.0,0.0,98.5,up,2026-08-31T11:34:40,15.0,23.0
AAPL,2028-01-21,493,Call,440.0,AAPL280121C00440000,15.85,16.5,16.175,15.85,-1.55,-8.90804,19.0,1364.0,0.2681,0.2939,0.0033,1.3291,-0.0339,1.094,16.1184,16.2,16.2,15.65,17.3999996185303,up,2026-09-15T15:32:18,92.0,126.0
AAPL,2028-01-21,493,Put,440.0,AAPL280121P00440000,108.7,111.5,110.1,138.11,0.0,0.0,0.0,0.0,0.2695,-0.8745,0.0056,0.6956,-0.0469,-0.9455,109.9881,0.0,0.0,0.0,107.125,up,2026-07-31T09:36:00,13.0,16.0
AAPL,2028-01-21,493,Call,450.0,AAPL280121C00450000,14.05,14.75,14.4,14.05,-1.425,-9.2084,25.0,7689.0,0.2678,0.2691,0.0032,1.2746,-0.0325,1.0058,14.3319,13.95,14.2,13.95,15.4749999046326,no_change,2026-09-15T15:31:47,59.0,105.0
AAPL,2028-01-21,493,Put,450.0,AAPL280121P00450000,117.95,120.75,119.35,146.4,0.0,0.0,0.0,0.0,0.2703,-0.9177,0.0057,0.526,-0.0466,-0.699,119.2007,0.0,0.0,0.0,116.400001525879,up,2026-07-31T15:05:42,13.0,7.0
AAPL,2028-01-21,493,Call,460.0,AAPL280121C00460000,12.35,13.2,12.774999999999999,12.55,-1.275,-9.22242,1.0,623.0,0.2672,0.246,0.0031,1.2188,-0.0311,0.9247,12.7377,12.55,12.55,12.55,13.8249998092651,down,2026-09-15T12:22:28,62.0,53.0
AAPL,2028-01-21,493,Put,460.0,AAPL280121P00460000,127.55,130.3,128.925,126.05,0.0,0.0,0.0,20.0,0.2727,-0.951,0.0048,0.2979,-0.0426,-0.4786,128.7578,0.0,0.0,0.0,125.650001525879,no_change,2026-09-11T10:48:41,16.0,6.0
AAPL,2028-01-21,493,Call,470.0,AAPL280121C00470000,10.95,11.7,11.325,11.05,-1.325,-10.7071,27.0,511.0,0.2668,0.2245,0.0029,1.1601,-0.0296,0.8466,11.3182,11.12,11.12,11.05,12.375,no_change,2026-09-15T15:40:36,67.0,61.0
AAPL,2028-01-21,493,Put,470.0,AAPL280121P00470000,136.8,140.7,138.75,139.6,0.0,0.0,0.0,0.0,0.2782,-0.9757,0.0026,0.0,-0.0462,0.0,138.6951,0.0,0.0,0.0,135.725006103516,up,2026-07-16T10:38:22,7.0,8.0
AAPL,2028-01-21,493,Call,480.0,AAPL280121C00480000,9.7,10.4,10.05,11.05,0.0,0.0,0.0,219.0,0.2665,0.2047,0.0028,1.1007,-0.0281,0.7748,10.0576,0.0,0.0,0.0,11.0250000953674,down,2026-09-14T15:41:17,38.0,23.0
AAPL,2028-01-21,493,Put,480.0,AAPL280121P00480000,146.8,150.7,148.75,0.0,0.0,0.0,0.0,0.0,0.0,-0.9923,0.0008,0.0,-0.0462,0.0,148.6951,0.0,0.0,0.0,145.700004577637,no_change,,7.0,8.0
AAPL,2028-01-21,493,Call,490.0,AAPL280121C00490000,8.6,9.3,8.95,9.86,0.0,0.0,0.0,303.0,0.2667,0.1864,0.0026,1.0422,-0.0266,0.7084,8.9376,0.0,0.0,0.0,9.82499980926514,no_change,2026-09-14T14:42:01,46.0,37.0
AAPL,2028-01-21,493,Put,490.0,AAPL280121P00490000,156.8,160.7,158.75,0.0,0.0,0.0,0.0,0.0,0.0,-1.0,0.0,0.0,-0.0462,0.0,158.6951,0.0,0.0,0.0,155.525001525879,no_change,,11.0,11.0
AAPL,2028-01-21,493,Call,500.0,AAPL280121C00500000,7.75,8.25,8.0,7.89,-0.835,-9.5702,22.0,4992.0,0.2673,0.1696,0.0024,0.9828,-0.025,0.6456,7.9452,8.0,8.0,7.7,8.72499990463257,no_change,2026-09-15T13:55:56,95.0,86.0
AAPL,2028-01-21,493,Put,500.0,AAPL280121P00500000,166.8,170.7,168.75,167.23,0.0,0.0,0.0,0.0,0.0,-1.0,0.0,0.0,-0.0462,0.0,168.6951,0.0,0.0,0.0,165.700004577637,up,2026-09-11T14:27:55,11.0,11.0
AAPL,2028-01-21,493,Call,510.0,AAPL280121C00510000,6.75,7.3,7.025,7.9,0.0,0.0,0.0,1247.0,0.2664,0.1542,0.0023,0.9254,-0.0236,0.5892,7.0662,0.0,0.0,0.0,7.82500004768372,up,2026-09-11T10:40:53,73.0,63.0
AAPL,2028-01-21,493,Put,510.0,AAPL280121P00510000,176.8,180.65,178.72500000000002,0.0,0.0,0.0,0.0,0.0,0.326,-1.0,0.0,0.0,-0.0462,0.0,178.6951,0.0,0.0,0.0,175.625,no_change,,11.0,1.0
AAPL,2028-01-21,493,Call,520.0,AAPL280121C00520000,6.0,6.5,6.25,6.85,0.0,0.0,0.0,580.0,0.2667,0.1401,0.0022,0.8699,-0.0221,0.5369,6.2871,0.0,0.0,0.0,6.97499990463257,no_change,2026-09-11T09:51:39,77.0,24.0
AAPL,2028-01-21,493,Put,520.0,AAPL280121P00520000,186.8,190.7,188.75,0.0,0.0,0.0,0.0,0.0,0.0,-1.0,0.0,0.0,-0.0462,0.0,188.6951,0.0,0.0,0.0,185.675003051758,no_change,,11.0,11.0
AAPL,2028-01-21,493,Call,530.0,AAPL280121C00530000,5.4,5.8,5.6,5.37,-0.805,-13.0364,3.0,2812.0,0.2674,0.1273,0.002,0.8152,-0.0208,0.4882,5.5982,5.37,5.37,5.37,6.17499995231628,down,2026-09-15T12:21:48,187.0,56.0
AAPL,2028-01-21,493,Put,530.0,AAPL280121P00530000,196.8,200.65,198.72500000000002,253.67,0.0,0.0,0.0,0.0,0.0,-1.0,0.0,0.0,-0.0462,0.0,198.6951,0.0,0.0,0.0,195.650001525879,up,2025-11-25T09:30:10,11.0,1.0
AAPL,2028-01-21,493,Call,540.0,AAPL280121C00540000,4.75,5.25,5.0,5.55,0.0,0.0,0.0,172.0,0.2679,0.1156,0.0019,0.7633,-0.0194,0.4447,4.9886,0.0,0.0,0.0,5.5,no_change,2026-09-14T12:36:18,39.0,27.0
AAPL,2028-01-21,493,Put,540.0,AAPL280121P00540000,206.8,210.65,208.72500000000002,0.0,0.0,0.0,0.0,0.0,0.3581,-1.0,0.0,0.0,-0.0462,0.0,208.6951,0.0,0.0,0.0,205.700004577637,no_change,,11.0,1.0
AAPL,2028-01-21,493,Call,550.0,AAPL280121C00550000,4.2,4.7,4.45,4.45,-0.475,-9.64467,56.0,382.0,0.2682,0.105,0.0018,0.7142,-0.0182,0.4048,4.4484,4.45,4.7,4.45,4.92500019073486,no_change,2026-09-15T15:54:40,49.0,22.0
AAPL,2028-01-21,493,Put,550.0,AAPL280121P00550000,216.8,220.65,218.72500000000002,0.0,0.0,0.0,0.0,0.0,0.3683,-1.0,0.0,0.0,-0.0462,0.0,218.6951,0.0,0.0,0.0,215.700004577637,no_change,,11.0,1.0
AAPL,2028-01-21,493,Call,560.0,AAPL280121C00560000,3.8,4.2,4.0,3.9,-0.5,-11.3636,4.0,104.0,0.2691,0.0954,0.0016,0.6666,-0.017,0.3678,3.9707,3.9,3.9,3.9,4.40000009536743,no_change,2026-09-15T12:05:58,89.0,62.0
AAPL,2028-01-21,493,Put,560.0,AAPL280121P00560000,226.8,230.7,228.75,0.0,0.0,0.0,0.0,0.0,0.3763,-1.0,0.0,0.0,-0.0462,0.0,228.6951,0.0,0.0,0.0,225.675003051758,no_change,,11.0,11.0
AAPL,2028-01-21,493,Call,570.0,AAPL280121C00570000,3.35,3.7,3.5250000000000004,3.5,-0.475,-11.9497,94.0,35.0,0.2688,0.0867,0.0015,0.6217,-0.0158,0.3348,3.548,3.5,3.5,3.5,3.97500002384186,no_change,2026-09-15T10:16:15,113.0,95.0
AAPL,2028-01-21,493,Put,570.0,AAPL280121P00570000,236.8,240.7,238.75,0.0,0.0,0.0,0.0,0.0,0.3861,-1.0,0.0,0.0,-0.0462,0.0,238.6951,0.0,0.0,0.0,235.700004577637,no_change,,11.0,11.0
AAPL,2028-01-21,493,Call,580.0,AAPL280121C00580000,2.99,3.35,3.17,3.6,0.0,0.0,0.0,26.0,0.2697,0.0788,0.0014,0.5801,-0.0147,0.3049,3.1732,0.0,0.0,0.0,3.625,no_change,2026-09-11T09:58:02,52.0,46.0
AAPL,2028-01-21,493,Put,580.0,AAPL280121P00580000,246.8,250.65,248.72500000000002,0.0,0.0,0.0,0.0,0.0,0.3957,-1.0,0.0,0.0,-0.0462,0.0,248.6951,0.0,0.0,0.0,245.700004577637,no_change,,11.0,1.0
AAPL,2028-01-21,493,Call,590.0,AAPL280121C00590000,2.72,2.96,2.84,3.2,0.0,0.0,0.0,344.0,0.2703,0.0716,0.0013,0.5404,-0.0137,0.2772,2.841,0.0,0.0,0.0,3.17499995231628,up,2026-09-11T15:39:48,42.0,39.0
AAPL,2028-01-21,493,Put,590.0,AAPL280121P00590000,256.8,260.7,258.75,250.37,0.0,0.0,0.0,5.0,0.4051,-1.0,0.0,0.0,-0.0462,0.0,258.6951,0.0,0.0,0.0,255.700004577637,down,2026-07-28T14:00:38,11.0,11.0
AAPL,2028-01-21,493,Call,600.0,AAPL280121C00600000,2.46,2.77,2.615,2.79,-0.125,-4.28816,40.0,1432.0,0.2724,0.0651,0.0012,0.5027,-0.0128,0.2522,2.5469,2.65,2.79,2.5,2.91499996185303,up,2026-09-15T15:59:20,53.0,424.0
AAPL,2028-01-21,493,Put,600.0,AAPL280121P00600000,266.8,270.7,268.75,264.41,0.0,0.0,0.0,0.0,0.4143,-1.0,0.0,0.0,-0.0462,0.0,268.6951,0.0,0.0,0.0,265.699996948242,up,2026-07-27T09:42:03,11.0,11.0
AAPL,2028-03-17,549,Call,100.0,AAPL280317C00100000,235.0,240.0,237.5,236.58,-4.42,-1.83402,124.0,506.0,0.4073,0.9959,0.0001,0.0657,0.0,1.3788,237.7279,237.0,237.51,235.7,241.0,up,2026-09-15T14:38:50,2.0,2.0
AAPL,2028-03-17,549,Put,100.0,AAPL280317P00100000,0.1,0.62,0.36,0.35,0.0,0.0,0.0,562.0,0.4534,-0.0056,0.0001,0.0665,-0.0026,-0.0313,0.3785,0.0,0.0,0.0,0.344999987632036,no_change,2026-09-14T09:40:20,80.0,69.0
AAPL,2028-03-17,549,Call,105.0,AAPL280317C00105000,230.5,235.5,233.0,231.1,-5.15,-2.17989,2.0,23.0,0.4246,0.9951,0.0001,0.0744,0.0,1.444,233.1412,231.45,231.45,231.1,236.25,down,2026-09-15T11:48:01,2.0,2.0
AAPL,2028-03-17,549,Put,105.0,AAPL280317P00105000,0.13,0.7,0.415,0.45,0.0,0.0,0.0,123.0,0.4449,-0.0064,0.0001,0.0755,-0.0028,-0.0359,0.4326,0.0,0.0,0.0,0.400000002235174,no_change,2026-08-28T14:05:25,30.0,85.0
AAPL,2028-03-17,549,Call,110.0,AAPL280317C00110000,226.0,231.0,228.5,204.05,0.0,0.0,0.0,42.0,0.431,0.9942,0.0001,0.084,0.0,1.5085,228.5611,0.0,0.0,0.0,231.75,down,2026-08-10T13:43:06,2.0,2.0
AAPL,2028-03-17,549,Put,110.0,AAPL280317P00110000,0.18,0.55,0.365,0.48,0.0,0.0,0.0,18.0,0.4199,-0.0074,0.0001,0.0854,-0.0032,-0.0412,0.4936,0.0,0.0,0.0,0.449999988079071,up,2026-09-10T10:16:16,132.0,10.0
AAPL,2028-03-17,549,Call,115.0,AAPL280317C00115000,221.5,226.5,224.0,198.5,0.0,0.0,0.0,17.0,0.4323,0.9931,0.0001,0.0945,0.0,1.5723,223.9882,0.0,0.0,0.0,227.099998474121,no_change,2026-08-10T12:22:32,2.0,2.0
AAPL,2028-03-17,549,Put,115.0,AAPL280317P00115000,0.09,0.95,0.52,0.82,0.0,0.0,0.0,431.0,0.4262,-0.0085,0.0001,0.0959,-0.0035,-0.047,0.5621,0.0,0.0,0.0,0.570000007748604,no_change,2026-08-20T14:59:42,1.0,1.0
AAPL,2028-03-17,549,Call,120.0,AAPL280317C00120000,217.0,222.0,219.5,203.75,0.0,0.0,0.0,35.0,0.4307,0.992,0.0001,0.1058,0.0,1.6354,219.4233,0.0,0.0,0.0,222.5,down,2026-09-08T12:22:29,2.0,2.0
AAPL,2028-03-17,549,Put,120.0,AAPL280317P00120000,0.22,1.06,0.64,0.65,0.0,0.0,0.0,130.0,0.4287,-0.0096,0.0001,0.1074,-0.0039,-0.0535,0.6387,0.0,0.0,0.0,0.685000002384186,down,2026-09-11T13:58:35,13.0,12.0
AAPL,2028-03-17,549,Call,125.0,AAPL280317C00125000,212.5,217.5,215.0,199.05,0.0,0.0,0.0,20.0,0.4273,0.9907,0.0002,0.1183,0.0,1.6978,214.8674,0.0,0.0,0.0,218.0,down,2026-09-08T12:27:29,2.0,2.0
AAPL,2028-03-17,549,Put,125.0,AAPL280317P00125000,0.66,0.92,0.79,0.8,0.0,0.0,0.0,17.0,0.4217,-0.011,0.0002,0.1204,-0.0042,-0.0607,0.7244,0.0,0.0,0.0,0.705000013113022,down,2026-09-09T12:23:20,1.0,10.0
AAPL,2028-03-17,549,Call,130.0,AAPL280317C00130000,208.0,213.0,210.5,190.95,0.0,0.0,0.0,75.0,0.4226,0.9892,0.0002,0.132,0.0,1.7593,210.3212,0.0,0.0,0.0,213.525001525879,up,2026-09-09T13:42:02,2.0,2.0
AAPL,2028-03-17,549,Put,130.0,AAPL280317P00130000,0.42,1.28,0.85,1.07,0.0,0.0,0.0,120.0,0.419,-0.0125,0.0002,0.1345,-0.0047,-0.0687,0.8205,0.0,0.0,0.0,0.810000002384186,down,2026-08-24T14:00:37,6.0,20.0
AAPL,2028-03-17,549,Call,135.0,AAPL280317C00135000,203.5,208.5,206.0,189.95,0.0,0.0,0.0,191.0,0.4171,0.9876,0.0002,0.147,0.0,1.8196,205.7861,0.0,0.0,0.0,209.25,up,2026-09-08T12:11:40,2.0,2.0
AAPL,2028-03-17,549,Put,135.0,AAPL280317P00135000,0.65,1.16,0.905,1.21,0.0,0.0,0.0,127.0,0.4012,-0.0141,0.0002,0.1495,-0.0051,-0.0777,0.9282,0.0,0.0,0.0,0.974999994039536,up,2026-08-28T09:55:12,55.0,23.0
AAPL,2028-03-17,549,Call,140.0,AAPL280317C00140000,199.0,204.0,201.5,199.24,0.0,0.0,0.0,51.0,0.4109,0.9858,0.0002,0.1629,0.0,1.879,201.2633,0.0,0.0,0.0,204.525001525879,no_change,2026-09-03T11:08:27,2.0,2.0
AAPL,2028-03-17,549,Put,140.0,AAPL280317P00140000,0.81,1.29,1.05,1.05,0.04,3.96039,4.0,239.0,0.3968,-0.016,0.0002,0.1658,-0.0056,-0.0877,1.0481,1.05,1.05,1.04,1.01000002026558,up,2026-09-15T14:14:20,58.0,42.0
AAPL,2028-03-17,549,Call,145.0,AAPL280317C00145000,194.5,199.5,197.0,181.05,0.0,0.0,0.0,127.0,0.4042,0.9839,0.0003,0.1802,0.0,1.9374,196.7537,0.0,0.0,0.0,200.0,no_change,2026-09-08T12:26:33,2.0,2.0
AAPL,2028-03-17,549,Put,145.0,AAPL280317P00145000,0.75,1.53,1.1400000000000001,1.2,0.075,6.66667,246.0,46.0,0.3883,-0.018,0.0003,0.1839,-0.0061,-0.0986,1.1817,1.15,1.21,1.13,1.12499997019768,no_change,2026-09-15T14:10:57,239.0,183.0
AAPL,2028-03-17,549,Call,150.0,AAPL280317C00150000,190.0,195.0,192.5,190.3,-5.225,-2.67229,4.0,244.0,0.3971,0.9817,0.0003,0.1992,0.0,1.9944,192.2588,190.6,190.6,190.3,195.525001525879,down,2026-09-15T11:52:12,3.0,3.0
AAPL,2028-03-17,549,Put,150.0,AAPL280317P00150000,1.07,1.85,1.46,1.64,0.0,0.0,0.0,706.0,0.3916,-0.0203,0.0003,0.2035,-0.0067,-0.1107,1.3309,0.0,0.0,0.0,1.31999999284744,no_change,2026-09-10T10:07:43,73.0,191.0
AAPL,2028-03-17,549,Call,155.0,AAPL280317C00155000,185.5,190.5,188.0,190.65,0.0,0.0,0.0,27.0,0.3941,0.9793,0.0003,0.2196,0.0,2.0499,187.7801,0.0,0.0,0.0,191.25,up,2026-09-14T14:13:12,2.0,7.0
AAPL,2028-03-17,549,Put,155.0,AAPL280317P00155000,1.11,1.69,1.4,1.53,0.025,1.66113,1.0,134.0,0.3752,-0.0228,0.0004,0.224,-0.0073,-0.1242,1.4972,1.53,1.53,1.53,1.50499999523163,down,2026-09-15T15:32:09,37.0,6.0
AAPL,2028-03-17,549,Call,160.0,AAPL280317C00160000,181.2,186.0,183.6,186.15,0.0,0.0,0.0,175.0,0.3862,0.9766,0.0004,0.2412,0.0,2.104,183.3194,0.0,0.0,0.0,186.900001525879,up,2026-09-14T14:13:12,10.0,7.0
AAPL,2028-03-17,549,Put,160.0,AAPL280317P00160000,1.43,2.11,1.77,1.88,0.0,0.0,0.0,131.0,0.3784,-0.0255,0.0004,0.2461,-0.0079,-0.1388,1.6818,0.0,0.0,0.0,1.69999998807907,up,2026-09-04T15:53:33,21.0,42.0
AAPL,2028-03-17,549,Call,165.0,AAPL280317C00165000,176.95,181.5,179.225,176.95,-5.575,-3.05438,193.0,1030.0,0.3819,0.9737,0.0004,0.2643,0.0,2.1568,178.8779,177.0,177.5,176.95,182.525001525879,down,2026-09-15T11:40:09,10.0,10.0
AAPL,2028-03-17,549,Put,165.0,AAPL280317P00165000,1.78,2.42,2.1,1.85,0.0,0.0,0.0,599.0,0.3777,-0.0286,0.0004,0.2705,-0.0086,-0.1548,1.887,0.0,0.0,0.0,1.81000000238419,up,2026-09-14T14:29:45,18.0,60.0
AAPL,2028-03-17,549,Call,170.0,AAPL280317C00170000,172.2,177.0,174.6,177.7,0.0,0.0,0.0,26.0,0.3667,0.9705,0.0005,0.2893,0.0,2.2076,174.4574,0.0,0.0,0.0,178.224998474121,down,2026-09-14T13:48:41,1.0,7.0
AAPL,2028-03-17,549,Put,170.0,AAPL280317P00170000,1.64,2.49,2.065,2.07,0.0,0.0,0.0,219.0,0.3634,-0.0319,0.0005,0.2966,-0.0093,-0.1726,2.1139,0.0,0.0,0.0,2.06499993801117,up,2026-09-14T14:29:44,23.0,5.0
AAPL,2028-03-17,549,Call,175.0,AAPL280317C00175000,168.0,172.5,170.25,173.2,0.0,0.0,0.0,98.0,0.3629,0.967,0.0005,0.3159,0.0,2.2564,170.06,0.0,0.0,0.0,173.75,up,2026-09-14T14:30:18,16.0,8.0
AAPL,2028-03-17,549,Put,175.0,AAPL280317P00175000,2.19,2.93,2.56,2.28,0.0,0.0,0.0,888.0,0.3668,-0.0356,0.0005,0.3233,-0.0101,-0.1918,2.3655,0.0,0.0,0.0,2.22500002384186,up,2026-09-14T14:29:45,16.0,82.0
AAPL,2028-03-17,549,Call,180.0,AAPL280317C00180000,163.5,168.5,166.0,142.3,0.0,0.0,0.0,41.0,0.3656,0.9632,0.0006,0.3438,0.0,2.3034,165.6877,0.0,0.0,0.0,169.25,up,2026-08-10T13:45:52,10.0,9.0
AAPL,2028-03-17,549,Put,180.0,AAPL280317P00180000,2.31,3.3,2.8049999999999997,3.3,0.0,0.0,0.0,224.0,0.3612,-0.0396,0.0006,0.3519,-0.0109,-0.2126,2.6431,0.0,0.0,0.0,2.55999994277954,up,2026-09-09T13:07:37,129.0,57.0
AAPL,2028-03-17,549,Call,185.0,AAPL280317C00185000,159.5,164.0,161.75,144.2,0.0,0.0,0.0,8.0,0.3634,0.959,0.0006,0.3733,0.0,2.3487,161.342,0.0,0.0,0.0,164.75,up,2026-08-20T15:30:34,9.0,7.0
AAPL,2028-03-17,549,Put,185.0,AAPL280317P00185000,2.59,3.65,3.12,2.87,0.0,-1.66145e-07,3.0,143.0,0.36,-0.0439,0.0007,0.3829,-0.0117,-0.2352,2.9476,2.87,2.87,2.87,2.87000000476837,up,2026-09-15T12:21:46,9.0,200.0
AAPL,2028-03-17,549,Call,190.0,AAPL280317C00190000,155.0,159.5,157.25,155.75,-4.9,-3.05011,329.0,342.0,0.3542,0.9545,0.0007,0.4047,0.0,2.3915,157.0251,156.0,156.25,155.75,160.650001525879,down,2026-09-15T14:54:55,243.0,41.0
AAPL,2028-03-17,549,Put,190.0,AAPL280317P00190000,2.49,3.75,3.12,3.05,0.0,0.0,0.0,253.0,0.3444,-0.0487,0.0007,0.4163,-0.0126,-0.2595,3.2833,0.0,0.0,0.0,3.19999992847443,down,2026-09-14T15:50:00,268.0,180.0
AAPL,2028-03-17,549,Call,195.0,AAPL280317C00195000,151.0,154.05,152.525,152.3,-3.675,-2.35615,1.0,58.0,0.3398,0.9496,0.0008,0.4379,0.0,2.4316,152.7395,152.3,152.3,152.3,155.974998474121,up,2026-09-15T09:57:08,60.0,23.0
AAPL,2028-03-17,549,Put,195.0,AAPL280317P00195000,3.05,4.2,3.625,3.55,0.0,0.0,0.0,315.0,0.3442,-0.0538,0.0008,0.4495,-0.0135,-0.2865,3.653,0.0,0.0,0.0,3.35000002384186,up,2026-09-14T14:29:45,65.0,47.0
AAPL,2028-03-17,549,Call,200.0,AAPL280317C00200000,146.5,149.95,148.225,151.65,0.0,0.0,0.0,196.0,0.3355,0.9444,0.0008,0.472,0.0,2.4696,148.4875,0.0,0.0,0.0,151.724998474121,down,2026-09-14T14:52:15,45.0,11.0
AAPL,2028-03-17,549,Put,200.0,AAPL280317P00200000,3.45,4.85,4.15,4.0,0.1,2.5641,3.0,2213.0,0.3432,-0.0594,0.0009,0.4844,-0.0145,-0.3147,4.0582,4.05,4.05,4.0,3.89999997615814,down,2026-09-15T11:55:55,226.0,288.0
AAPL,2028-03-17,549,Call,210.0,AAPL280317C00210000,138.0,141.55,139.775,139.76,-3.465,-2.41927,1.0,126.0,0.3286,0.9326,0.001,0.5452,0.0,2.5382,140.0918,139.76,139.76,139.76,143.224998474121,down,2026-09-15T12:07:10,89.0,4.0
AAPL,2028-03-17,549,Put,210.0,AAPL280317P00210000,4.5,5.65,5.075,6.15,0.0,0.0,0.0,1215.0,0.3363,-0.0718,0.001,0.5618,-0.0165,-0.3792,4.982,0.0,0.0,0.0,4.35000002384186,no_change,2026-09-09T11:51:31,40.0,188.0
AAPL,2028-03-17,549,Call,220.0,AAPL280317C00220000,130.0,133.0,131.5,133.2,0.0,0.0,0.0,200.0,0.3226,0.9191,0.0011,0.6238,-0.0021,2.5949,131.8581,0.0,0.0,0.0,135.0,up,2026-09-14T11:26:16,120.0,9.0
AAPL,2028-03-17,549,Put,220.0,AAPL280317P00220000,5.25,6.95,6.1,6.13,0.0,0.0,0.0,597.0,0.3288,-0.0862,0.0012,0.6419,-0.0186,-0.4498,6.0798,0.0,0.0,0.0,5.89999985694885,down,2026-09-11T10:51:33,100.0,87.0
AAPL,2028-03-17,549,Call,230.0,AAPL280317C00230000,122.0,124.95,123.475,123.01,-3.915,-3.0845,5.0,574.0,0.317,0.9038,0.0013,0.7068,-0.0052,2.6407,123.8041,123.01,123.01,123.01,126.924999237061,no_change,2026-09-15T15:44:21,138.0,10.0
AAPL,2028-03-17,549,Put,230.0,AAPL280317P00230000,7.15,8.1,7.625,7.38,0.0,0.0,0.0,805.0,0.3263,-0.1027,0.0014,0.7293,-0.0209,-0.5332,7.371,0.0,0.0,0.0,6.67499995231628,down,2026-09-11T09:45:34,3.0,83.0
AAPL,2028-03-17,549,Call,240.0,AAPL280317C00240000,114.0,117.5,115.75,115.5,-3.5,-2.94118,3.0,480.0,0.315,0.8866,0.0015,0.7935,-0.0084,2.673,115.951,114.4,115.5,114.4,119.0,up,2026-09-15T12:21:47,184.0,45.0
AAPL,2028-03-17,549,Put,240.0,AAPL280317P00240000,8.3,9.1,8.7,10.15,0.0,0.0,0.0,599.0,0.3154,-0.1212,0.0016,0.8181,-0.0232,-0.6193,8.8745,0.0,0.0,0.0,8.1749997138977,down,2026-09-10T09:31:33,32.0,29.0
AAPL,2028-03-17,549,Call,250.0,AAPL280317C00250000,106.65,109.95,108.30000000000001,107.7,-3.125,-2.81976,1.0,627.0,0.3126,0.8675,0.0017,0.8823,-0.0116,2.6934,108.3162,107.7,107.7,107.7,110.825000762939,down,2026-09-15T09:43:37,167.0,92.0
AAPL,2028-03-17,549,Put,250.0,AAPL280317P00250000,9.4,11.0,10.2,10.45,0.0,1.82521e-06,1.0,697.0,0.308,-0.142,0.0018,0.9109,-0.0256,-0.7207,10.6257,10.45,10.45,10.45,10.4499998092651,up,2026-09-15T09:30:09,229.0,59.0
AAPL,2028-03-17,549,Call,260.0,AAPL280317C00260000,99.0,102.7,100.85,99.56,-4.415,-4.24621,2.0,757.0,0.3076,0.8464,0.0019,0.9722,-0.0147,2.6993,100.9207,99.56,99.56,99.56,103.974998474121,down,2026-09-15T10:48:37,275.0,40.0
AAPL,2028-03-17,549,Put,260.0,AAPL280317P00260000,10.5,13.8,12.15,12.2,0.0,0.0,0.0,627.0,0.3034,-0.1651,0.0021,1.0026,-0.0279,-0.8236,12.6347,0.0,0.0,0.0,12.25,down,2026-09-14T10:02:09,166.0,44.0
AAPL,2028-03-17,549,Call,270.0,AAPL280317C00270000,92.55,95.65,94.1,94.0,-2.625,-2.71669,1.0,716.0,0.3072,0.8235,0.0021,1.0611,-0.0177,2.6932,93.7802,94.0,94.0,94.0,96.625,down,2026-09-15T15:55:01,142.0,45.0
AAPL,2028-03-17,549,Put,270.0,AAPL280317P00270000,13.1,15.55,14.325,17.4,0.0,0.0,0.0,539.0,0.2986,-0.1904,0.0023,1.0948,-0.0303,-0.9386,14.9207,0.0,0.0,0.0,14.4500002861023,up,2026-09-08T09:30:00,246.0,37.0
AAPL,2028-03-17,549,Call,280.0,AAPL280317C00280000,85.7,88.5,87.1,85.7,-4.55,-5.04155,408.0,1297.0,0.3019,0.7988,0.0023,1.1482,-0.0206,2.6725,86.9138,85.41,85.9,84.65,90.25,up,2026-09-15T11:54:06,130.0,97.0
AAPL,2028-03-17,549,Put,280.0,AAPL280317P00280000,15.5,18.35,16.925,18.0,1.225,7.30254,23.0,645.0,0.2953,-0.218,0.0026,1.1819,-0.0326,-1.0523,17.5119,18.05,18.05,18.0,16.7749996185303,no_change,2026-09-15T12:56:36,241.0,35.0
AAPL,2028-03-17,549,Call,290.0,AAPL280317C00290000,79.0,81.4,80.2,79.98,-3.12,-3.75451,1.0,728.0,0.2956,0.7723,0.0025,1.2312,-0.0234,2.6405,80.3341,79.98,79.98,79.98,83.0999984741211,down,2026-09-15T09:55:15,251.0,24.0
AAPL,2028-03-17,549,Put,290.0,AAPL280317P00290000,19.95,21.15,20.549999999999997,20.61,0.0,0.0,0.0,660.0,0.2976,-0.2479,0.0028,1.2666,-0.0348,-1.1746,20.4412,0.0,0.0,0.0,19.8500003814697,down,2026-09-11T10:09:45,20.0,34.0
AAPL,2028-03-17,549,Call,300.0,AAPL280317C00300000,72.3,75.55,73.925,73.65,-3.8,-4.90639,3.0,2325.0,0.2924,0.7444,0.0027,1.3093,-0.0259,2.5943,74.0568,73.62,73.65,73.16,77.4499969482422,up,2026-09-15T15:24:25,215.0,116.0
AAPL,2028-03-17,549,Put,300.0,AAPL280317P00300000,23.2,24.8,24.0,24.3,1.125,4.85437,2.0,1366.0,0.2955,-0.2801,0.0031,1.3414,-0.0368,-1.2932,23.7204,24.3,24.3,24.3,23.1749992370605,up,2026-09-15T10:31:20,82.0,253.0
AAPL,2028-03-17,549,Call,310.0,AAPL280317C00310000,66.85,69.25,68.05,68.26,-2.59,-3.65561,120.0,1653.0,0.2901,0.715,0.0029,1.3802,-0.0282,2.5386,68.09,67.0,68.26,66.9,70.8500022888184,up,2026-09-15T15:56:35,153.0,101.0
AAPL,2028-03-17,549,Put,310.0,AAPL280317P00310000,26.8,28.4,27.6,27.78,0.855,3.17549,3.0,249.0,0.2922,-0.314,0.0033,1.4094,-0.0387,-1.4162,27.3393,27.78,27.78,27.78,26.9250001907349,no_change,2026-09-15T12:08:07,10.0,66.0
AAPL,2028-03-17,549,Call,320.0,AAPL280317C00320000,61.3,64.3,62.8,62.2,-3.275,-5.00191,26.0,820.0,0.29,0.6845,0.0031,1.4438,-0.0302,2.47,62.4444,62.2,62.2,61.32,65.4750022888184,up,2026-09-15T15:50:01,109.0,98.0
AAPL,2028-03-17,549,Put,320.0,AAPL280317P00320000,30.55,32.45,31.5,30.35,0.0,0.0,0.0,367.0,0.2885,-0.35,0.0036,1.464,-0.0404,-1.5259,31.3604,0.0,0.0,0.0,30.6999998092651,down,2026-09-14T10:01:58,22.0,9.0
AAPL,2028-03-17,549,Call,330.0,AAPL280317C00330000,55.75,58.9,57.325,57.0,-3.025,-5.03957,3.0,662.0,0.2863,0.6532,0.0032,1.4978,-0.032,2.3946,57.1232,56.15,57.0,56.1,60.0250015258789,up,2026-09-15T11:05:01,262.0,102.0
AAPL,2028-03-17,549,Put,330.0,AAPL280317P00330000,34.9,37.0,35.95,36.19,1.44,4.14388,1.0,125.0,0.2864,-0.3874,0.0038,1.507,-0.0419,-1.6385,35.743,36.19,36.19,36.19,34.75,up,2026-09-15T13:52:18,20.0,203.0
AAPL,2028-03-17,549,Call,340.0,AAPL280317C00340000,50.3,53.7,52.0,51.0,-3.55,-6.50779,2.0,1138.0,0.2818,0.6211,0.0033,1.5425,-0.0335,2.308,52.1306,51.34,51.34,51.0,54.5499992370606,down,2026-09-15T13:23:33,292.0,66.0
AAPL,2028-03-17,549,Put,340.0,AAPL280317P00340000,38.25,40.9,39.575,39.7,0.0,0.0,0.0,48.0,0.2765,-0.4263,0.004,1.5359,-0.0432,-1.7261,40.5201,0.0,0.0,0.0,39.4500007629394,no_change,2026-09-14T15:01:14,56.0,10.0
AAPL,2028-03-17,549,Call,350.0,AAPL280317C00350000,46.25,48.2,47.225,46.7,-3.3,-6.6,704.0,2407.0,0.279,0.5887,0.0034,1.5765,-0.0346,2.2177,47.465,47.5,47.5,46.45,50.0,no_change,2026-09-15T13:24:12,92.0,20.0
AAPL,2028-03-17,549,Put,350.0,AAPL280317P00350000,44.4,46.7,45.55,46.17,1.545,3.46218,22.0,277.0,0.2794,-0.4666,0.0042,1.5478,-0.0443,-1.8006,45.7148,46.1,46.33,46.1,44.625,up,2026-09-15T12:33:57,38.0,169.0
AAPL,2028-03-17,549,Call,360.0,AAPL280317C00360000,41.75,44.9,43.325,42.73,-2.745,-6.03628,1.0,756.0,0.2798,0.5562,0.0035,1.6,-0.0355,2.1187,43.1233,42.73,42.73,42.73,45.4750003814697,down,2026-09-15T12:37:19,68.0,101.0
AAPL,2028-03-17,549,Put,360.0,AAPL280317P00360000,50.6,52.45,51.525000000000006,50.4,0.0,0.0,0.0,255.0,0.2798,-0.5079,0.0044,1.545,-0.0451,-1.8739,51.3234,0.0,0.0,0.0,50.0,down,2026-09-11T13:07:14,22.0,16.0
AAPL,2028-03-17,549,Call,370.0,AAPL280317C00370000,38.4,40.5,39.45,38.89,-2.71,-6.51442,2.0,741.0,0.2789,0.5238,0.0036,1.613,-0.036,2.0186,39.1002,38.84,38.89,38.84,41.6000003814697,up,2026-09-15T14:46:21,125.0,92.0
AAPL,2028-03-17,549,Put,370.0,AAPL280317P00370000,54.5,58.7,56.6,58.42,0.0,0.0,0.0,21.0,0.2719,-0.55,0.0046,1.5205,-0.0457,-1.904,57.3364,0.0,0.0,0.0,55.8249988555908,down,2026-09-03T12:58:32,7.0,16.0
AAPL,2028-03-17,549,Call,380.0,AAPL280317C00380000,34.85,36.4,35.625,34.5,-3.3,-8.73016,5.0,620.0,0.2767,0.4918,0.0036,1.6154,-0.0363,1.9135,35.3851,34.5,34.5,34.5,37.7999992370606,down,2026-09-15T13:37:06,16.0,158.0
AAPL,2028-03-17,549,Put,380.0,AAPL280317P00380000,61.0,65.15,63.075,62.65,0.0,0.0,0.0,64.0,0.2705,-0.593,0.0048,1.4792,-0.0462,-1.941,63.7671,0.0,0.0,0.0,62.0249996185303,no_change,2026-09-11T11:38:28,7.0,7.0
AAPL,2028-03-17,549,Call,390.0,AAPL280317C00390000,31.3,33.4,32.35,34.51,0.0,0.0,0.0,292.0,0.2762,0.4604,0.0036,1.6082,-0.0363,1.8083,31.9705,0.0,0.0,0.0,34.1499996185303,up,2026-09-14T11:57:18,29.0,36.0
AAPL,2028-03-17,549,Put,390.0,AAPL280317P00390000,69.35,71.95,70.65,68.5,0.0,0.0,0.0,56.0,0.2742,-0.6361,0.0049,1.4187,-0.0462,-1.9164,70.5902,0.0,0.0,0.0,68.9249992370606,up,2026-07-28T12:08:53,6.0,16.0
AAPL,2028-03-17,549,Call,400.0,AAPL280317C00400000,28.0,29.55,28.775,28.8,-1.775,-5.8054,1.0,866.0,0.274,0.4299,0.0036,1.5918,-0.036,1.7029,28.84,28.8,28.8,28.8,30.5749998092651,down,2026-09-15T15:57:18,128.0,18.0
AAPL,2028-03-17,549,Put,400.0,AAPL280317P00400000,76.15,79.5,77.825,100.82,0.0,0.0,0.0,1.0,0.2725,-0.6797,0.005,1.3293,-0.0464,-1.8603,77.8296,0.0,0.0,0.0,75.8500022888184,down,2026-07-31T10:03:42,13.0,12.0
AAPL,2028-03-17,549,Call,410.0,AAPL280317C00410000,25.25,26.8,26.025,25.89,-2.035,-7.28738,12.0,1006.0,0.2718,0.4003,0.0035,1.5665,-0.0356,1.5971,25.9832,26.27,26.27,25.89,27.9250001907349,down,2026-09-15T14:57:38,114.0,74.0
AAPL,2028-03-17,549,Put,410.0,AAPL280317P00410000,84.05,87.5,85.775,88.0,0.0,0.0,0.0,6.0,0.2743,-0.7232,0.0052,1.2317,-0.0462,-1.7563,85.4364,0.0,0.0,0.0,83.4000015258789,down,2026-07-17T12:00:30,9.0,14.0
AAPL,2028-03-17,549,Call,420.0,AAPL280317C00420000,22.45,24.1,23.275,23.1,-1.95,-7.78443,5.0,660.0,0.2699,0.3719,0.0034,1.5347,-0.0349,1.4957,23.3821,23.22,23.22,23.1,25.0500001907349,down,2026-09-15T10:19:35,10.0,10.0
AAPL,2028-03-17,549,Put,420.0,AAPL280317P00420000,92.1,94.95,93.525,91.15,0.0,0.0,0.0,14.0,0.2714,-0.7665,0.0053,1.0913,-0.0457,-1.5972,93.4408,0.0,0.0,0.0,90.5750007629394,down,2026-09-11T12:22:39,6.0,14.0
AAPL,2028-03-17,549,Call,430.0,AAPL280317C00430000,20.3,22.35,21.325000000000003,15.92,0.0,0.0,0.0,471.0,0.2718,0.3448,0.0034,1.4953,-0.0341,1.394,21.0218,0.0,0.0,0.0,22.375,down,2026-09-09T10:37:19,10.0,22.0
AAPL,2028-03-17,549,Put,430.0,AAPL280317P00430000,99.65,103.35,101.5,105.6,0.0,0.0,0.0,12.0,0.2665,-0.8096,0.0054,0.9783,-0.046,-1.3902,101.7956,0.0,0.0,0.0,99.5749969482422,down,2026-09-02T11:38:25,13.0,11.0
AAPL,2028-03-17,549,Call,440.0,AAPL280317C00440000,16.95,20.4,18.674999999999997,20.75,0.0,0.0,0.0,350.0,0.2677,0.319,0.0033,1.4514,-0.0331,1.2982,18.8867,0.0,0.0,0.0,20.4249992370605,up,2026-09-14T15:16:12,138.0,66.0
AAPL,2028-03-17,549,Put,440.0,AAPL280317P00440000,108.0,112.5,110.25,127.25,0.0,0.0,0.0,0.0,0.2655,-0.8529,0.0055,0.817,-0.0463,-1.1785,110.5137,0.0,0.0,0.0,107.825000762939,down,2026-08-06T10:14:08,7.0,14.0
AAPL,2028-03-17,549,Call,450.0,AAPL280317C00450000,16.45,18.4,17.424999999999997,15.75,0.0,0.0,0.0,784.0,0.272,0.2946,0.0032,1.4029,-0.032,1.2054,16.9577,0.0,0.0,0.0,18.2249994277954,down,2026-09-10T15:16:55,18.0,38.0
AAPL,2028-03-17,549,Put,450.0,AAPL280317P00450000,117.5,121.5,119.5,120.63,3.88,3.32334,6.0,0.0,0.267,-0.8969,0.0057,0.617,-0.0467,-0.9968,119.5953,120.29,120.63,120.29,116.75,up,2026-09-15T12:37:17,35.0,38.0
AAPL,2028-03-17,549,Call,460.0,AAPL280317C00460000,13.0,16.7,14.85,14.5,0.0,0.0,0.0,153.0,0.2654,0.2717,0.003,1.3502,-0.0308,1.1161,15.2215,0.0,0.0,0.0,16.5749998092651,up,2026-09-01T13:59:07,7.0,70.0
AAPL,2028-03-17,549,Put,460.0,AAPL280317P00460000,127.0,131.0,129.0,201.55,0.0,0.0,0.0,0.0,0.2683,-0.9338,0.0052,0.3986,-0.0436,-0.5617,128.997,0.0,0.0,0.0,126.099998474121,down,2026-04-06T15:36:53,11.0,9.0
AAPL,2028-03-17,549,Call,470.0,AAPL280317C00470000,13.15,14.85,14.0,15.37,0.0,0.0,0.0,232.0,0.2706,0.2502,0.0029,1.2964,-0.0296,1.0336,13.6598,0.0,0.0,0.0,14.9750003814697,up,2026-09-11T10:47:53,5.0,5.0
AAPL,2028-03-17,549,Put,470.0,AAPL280317P00470000,136.0,141.0,138.5,0.0,0.0,0.0,0.0,0.0,0.0,-0.9624,0.0038,0.1876,-0.047,0.0,138.7252,0.0,0.0,0.0,135.675003051758,no_change,,2.0,2.0
AAPL,2028-03-17,549,Call,480.0,AAPL280317C00480000,11.75,12.7,12.225,12.5,0.0,0.0,0.0,67.0,0.2674,0.2301,0.0028,1.24,-0.0283,0.9538,12.2574,0.0,0.0,0.0,13.375,up,2026-09-03T11:10:15,55.0,9.0
AAPL,2028-03-17,549,Put,480.0,AAPL280317P00480000,146.0,151.0,148.5,148.0,0.0,0.0,0.0,0.0,0.2925,-0.9834,0.0017,0.0,-0.047,0.0,148.7252,0.0,0.0,0.0,146.074996948242,up,2026-07-24T13:13:07,2.0,2.0
AAPL,2028-03-17,549,Call,490.0,AAPL280317C00490000,10.2,11.6,10.899999999999999,10.81,-1.215,-10.104,1.0,98.0,0.2668,0.2115,0.0027,1.1824,-0.027,0.8794,11.0014,10.81,10.81,10.81,12.0250000953674,down,2026-09-15T15:48:54,253.0,119.0
AAPL,2028-03-17,549,Put,490.0,AAPL280317P00490000,156.0,161.0,158.5,209.65,0.0,0.0,0.0,0.0,0.2957,-0.9956,0.0004,0.0,-0.047,0.0,158.7252,0.0,0.0,0.0,155.75,down,2026-02-06T09:52:18,2.0,2.0
AAPL,2028-03-17,549,Call,500.0,AAPL280317C00500000,9.5,10.2,9.85,9.69,-1.035,-9.65035,22.0,407.0,0.2674,0.1942,0.0025,1.1259,-0.0257,0.8111,9.8756,9.7,9.75,9.66,10.7249999046326,no_change,2026-09-15T10:51:24,128.0,3.0
AAPL,2028-03-17,549,Put,500.0,AAPL280317P00500000,166.0,171.0,168.5,0.0,0.0,0.0,0.0,0.0,0.3068,-1.0,0.0,0.0,-0.047,0.0,168.7252,0.0,0.0,0.0,165.574996948242,no_change,,2.0,2.0
AAPL,2028-03-17,549,Call,510.0,AAPL280317C00510000,8.3,9.2,8.75,8.32,0.0,0.0,0.0,268.0,0.2666,0.1781,0.0024,1.0687,-0.0244,0.7457,8.8682,0.0,0.0,0.0,9.67500019073486,no_change,2026-09-02T11:03:57,42.0,2.0
AAPL,2028-03-17,549,Put,510.0,AAPL280317P00510000,176.0,181.0,178.5,0.0,0.0,0.0,0.0,0.0,0.3177,-1.0,0.0,0.0,-0.047,0.0,178.7252,0.0,0.0,0.0,175.574996948242,no_change,,2.0,2.0
AAPL,2028-03-17,549,Call,520.0,AAPL280317C00520000,7.5,8.3,7.9,8.54,0.0,0.0,0.0,169.0,0.2671,0.1634,0.0023,1.0121,-0.0232,0.6856,7.9682,0.0,0.0,0.0,8.72499990463257,no_change,2026-09-14T11:00:38,39.0,4.0
AAPL,2028-03-17,549,Put,520.0,AAPL280317P00520000,186.0,191.0,188.5,0.0,0.0,0.0,0.0,0.0,0.3283,-1.0,0.0,0.0,-0.047,0.0,188.7252,0.0,0.0,0.0,185.5,no_change,,2.0,2.0
AAPL,2028-03-17,549,Call,530.0,AAPL280317C00530000,6.75,8.5,7.625,6.74,0.0,0.0,0.0,213.0,0.2729,0.1498,0.0021,0.958,-0.0219,0.631,7.1629,0.0,0.0,0.0,7.90000009536743,up,2026-09-02T11:19:51,6.0,5.0
AAPL,2028-03-17,549,Put,530.0,AAPL280317P00530000,196.0,201.0,198.5,0.0,0.0,0.0,0.0,0.0,0.3387,-1.0,0.0,0.0,-0.047,0.0,198.7252,0.0,0.0,0.0,195.425003051758,no_change,,2.0,2.0
AAPL,2028-03-17,549,Call,540.0,AAPL280317C00540000,6.15,7.1,6.625,6.75,0.0,0.0,0.0,102.0,0.2704,0.1373,0.002,0.9047,-0.0207,0.5792,6.4431,0.0,0.0,0.0,7.10000014305115,up,2026-09-14T11:29:02,31.0,60.0
AAPL,2028-03-17,549,Put,540.0,AAPL280317P00540000,206.0,211.0,208.5,0.0,0.0,0.0,0.0,0.0,0.3488,-1.0,0.0,0.0,-0.047,0.0,208.7252,0.0,0.0,0.0,205.400001525879,no_change,,2.0,2.0
AAPL,2028-03-17,549,Call,550.0,AAPL280317C00550000,5.55,7.2,6.375,5.33,-1.07,-16.7187,2.0,1563.0,0.2755,0.1258,0.0019,0.8521,-0.0195,0.5312,5.7963,6.1,6.1,5.33,6.39999985694885,down,2026-09-15T10:45:30,50.0,252.0
AAPL,2028-03-17,549,Put,550.0,AAPL280317P00550000,216.0,221.0,218.5,277.5,0.0,0.0,0.0,0.0,0.3587,-1.0,0.0,0.0,-0.047,0.0,218.7252,0.0,0.0,0.0,215.5,up,2025-12-31T12:39:47,2.0,2.0
AAPL,2028-03-17,549,Call,560.0,AAPL280317C00560000,5.05,5.55,5.3,5.84,0.0,0.0,0.0,150.0,0.27,0.1153,0.0018,0.803,-0.0184,0.4884,5.2222,0.0,0.0,0.0,5.69999980926514,up,2026-09-11T12:08:34,27.0,31.0
AAPL,2028-03-17,549,Put,560.0,AAPL280317P00560000,226.0,231.0,228.5,0.0,0.0,0.0,0.0,0.0,0.3684,-1.0,0.0,0.0,-0.047,0.0,228.7252,0.0,0.0,0.0,225.525001525879,no_change,,2.0,2.0
AAPL,2028-03-17,549,Call,570.0,AAPL280317C00570000,4.55,5.05,4.8,5.25,0.0,0.0,0.0,33.0,0.2707,0.1056,0.0017,0.756,-0.0173,0.4484,4.7086,0.0,0.0,0.0,5.20000004768372,down,2026-09-14T13:19:56,32.0,28.0
AAPL,2028-03-17,549,Put,570.0,AAPL280317P00570000,236.0,241.0,238.5,0.0,0.0,0.0,0.0,0.0,0.3778,-1.0,0.0,0.0,-0.047,0.0,238.7252,0.0,0.0,0.0,235.5,no_change,,2.0,2.0
AAPL,2028-03-17,549,Call,580.0,AAPL280317C00580000,4.1,5.6,4.85,4.65,0.0,0.0,0.0,121.0,0.2714,0.0968,0.0016,0.7103,-0.0162,0.4111,4.2491,0.0,0.0,0.0,4.625,down,2026-09-11T15:11:53,15.0,1.0
AAPL,2028-03-17,549,Put,580.0,AAPL280317P00580000,246.0,251.0,248.5,0.0,0.0,0.0,0.0,0.0,0.3871,-1.0,0.0,0.0,-0.047,0.0,248.7252,0.0,0.0,0.0,245.5,no_change,,2.0,2.0
AAPL,2028-03-17,549,Call,590.0,AAPL280317C00590000,3.6,4.05,3.825,3.65,0.0,0.0,0.0,213.0,0.2702,0.0888,0.0015,0.667,-0.0153,0.3777,3.839,0.0,0.0,0.0,4.27499985694885,down,2026-09-10T11:34:38,59.0,6.0
AAPL,2028-03-17,549,Put,590.0,AAPL280317P00590000,256.0,261.0,258.5,0.0,0.0,0.0,0.0,0.0,0.4002,-1.0,0.0,0.0,-0.047,0.0,258.7252,0.0,0.0,0.0,255.625,no_change,,2.0,2.0
AAPL,2028-03-17,549,Call,600.0,AAPL280317C00600000,3.3,3.7,3.5,3.9,0.125,3.31126,1.0,639.0,0.2714,0.0815,0.0014,0.6272,-0.0143,0.3476,3.4748,3.9,3.9,3.9,3.77499997615814,up,2026-09-15T09:43:52,25.0,86.0
AAPL,2028-03-17,549,Put,600.0,AAPL280317P00600000,266.0,271.0,268.5,0.0,0.0,0.0,0.0,0.0,0.4051,-1.0,0.0,0.0,-0.047,0.0,268.7252,0.0,0.0,0.0,265.649993896484,no_change,,2.0,2.0
AAPL,2028-12-15,822,Call,5.0,AAPL281215C00005000,321.95,330.5,326.225,325.2,-3.8,-1.15502,2.0,58.0,0.0,1.0,0.0,0.0004,0.0,0.0216,326.7075,325.5,325.5,325.2,329.0,down,2026-09-15T12:10:34,1.0,1.0
AAPL,2028-12-15,822,Put,5.0,AAPL281215P00005000,0.0,0.06,0.03,0.01,0.0,0.0,0.0,855.0,1.0135,0.0,0.0,0.001,0.0,-0.0005,0.0066,0.0,0.0,0.0,0.0299999993294477,no_change,2026-08-28T12:19:50,0.0,4.0
AAPL,2028-12-15,822,Call,10.0,AAPL281215C00010000,317.0,325.55,321.275,301.0,0.0,0.0,0.0,20.0,0.0,1.0,0.0,0.0004,0.0,0.0472,321.8595,0.0,0.0,0.0,324.0,down,2026-08-27T10:04:41,1.0,1.0
AAPL,2028-12-15,822,Put,10.0,AAPL281215P00010000,0.0,1.24,0.62,0.02,0.0,0.0,0.0,26.0,1.1353,-0.0001,0.0,0.0024,-0.0001,-0.0012,0.0145,0.0,0.0,0.0,0.790000021457672,up,2026-09-03T10:22:37,0.0,10.0
AAPL,2028-12-15,822,Call,15.0,AAPL281215C00015000,314.0,319.0,316.5,318.15,0.0,0.0,0.0,74.0,0.0,1.0,0.0,0.0004,0.0,0.0873,316.979,0.0,0.0,0.0,319.5,up,2026-07-16T14:55:37,2.0,2.0
AAPL,2028-12-15,822,Put,15.0,AAPL281215P00015000,0.0,4.3,2.15,0.04,0.0,0.0,0.0,6.0,0.822,-0.0002,0.0,0.0041,-0.0002,-0.0021,0.0241,0.0,0.0,0.0,0.774999976158142,up,2026-03-20T14:44:02,0.0,1.0
AAPL,2028-12-15,822,Call,20.0,AAPL281215C00020000,309.5,314.5,312.0,242.96,0.0,0.0,0.0,2.0,0.0,1.0,0.0,0.0041,0.0,0.1867,312.1535,0.0,0.0,0.0,315.0,down,2026-03-03T15:33:09,2.0,2.0
AAPL,2028-12-15,822,Put,20.0,AAPL281215P00020000,0.0,1.86,0.93,0.06,0.0,0.0,0.0,54.0,0.9643,-0.0003,0.0,0.0062,-0.0002,-0.0032,0.0357,0.0,0.0,0.0,0.790000021457672,up,2026-07-21T09:54:49,0.0,1.0
AAPL,2028-12-15,822,Call,25.0,AAPL281215C00025000,305.0,310.0,307.5,296.57,0.0,0.0,0.0,17.0,0.6171,1.0,0.0,0.0085,0.0,0.4814,307.5128,0.0,0.0,0.0,310.5,up,2026-08-28T10:56:09,2.0,2.0
AAPL,2028-12-15,822,Put,25.0,AAPL281215P00025000,0.03,0.87,0.45,0.05,0.0,0.0,0.0,92.0,0.7915,-0.0005,0.0,0.0087,-0.0003,-0.0045,0.0493,0.0,0.0,0.0,0.805000016465783,no_change,2026-08-25T14:44:32,1.0,1.0
AAPL,2028-12-15,822,Call,30.0,AAPL281215C00030000,300.5,305.5,303.0,304.0,0.0,0.0,0.0,101.0,0.5639,1.0,0.0,0.0113,0.0,0.5973,303.0338,0.0,0.0,0.0,306.0,no_change,2026-09-14T10:20:38,2.0,2.0
AAPL,2028-12-15,822,Put,30.0,AAPL281215P00030000,0.0,1.1,0.55,0.39,0.0,0.0,0.0,76.0,0.7807,-0.0007,0.0,0.0117,-0.0004,-0.0061,0.0652,0.0,0.0,0.0,0.545000016689301,down,2026-07-27T09:47:41,0.0,2.0
AAPL,2028-12-15,822,Call,35.0,AAPL281215C00035000,296.0,301.0,298.5,221.31,0.0,0.0,0.0,1.0,0.5023,1.0,0.0,0.0143,0.0,0.6934,298.5646,0.0,0.0,0.0,301.75,down,2026-01-26T11:18:50,2.0,2.0
AAPL,2028-12-15,822,Put,35.0,AAPL281215P00035000,0.0,0.54,0.27,0.07,0.0,0.0,0.0,426.0,0.6256,-0.0009,0.0,0.0151,-0.0005,-0.0079,0.0835,0.0,0.0,0.0,0.165000006556511,up,2026-08-12T11:18:24,0.0,1.0
AAPL,2028-12-15,822,Call,40.0,AAPL281215C00040000,291.5,296.5,294.0,244.55,0.0,0.0,0.0,9.0,0.417,1.0,0.0,0.0186,0.0,0.7884,294.0984,0.0,0.0,0.0,297.25,down,2026-06-29T14:27:41,2.0,2.0
AAPL,2028-12-15,822,Put,40.0,AAPL281215P00040000,0.0,2.01,1.005,0.1,0.0,0.0,0.0,1107.0,0.6454,-0.0011,0.0,0.0189,-0.0006,-0.0101,0.1046,0.0,0.0,0.0,0.824999988079071,down,2026-08-10T12:45:08,0.0,20.0
AAPL,2028-12-15,822,Call,45.0,AAPL281215C00045000,287.0,292.0,289.5,267.35,0.0,0.0,0.0,6.0,0.0,1.0,0.0,0.0226,0.0,0.8831,289.6356,0.0,0.0,0.0,292.75,up,2026-08-10T09:30:01,2.0,2.0
AAPL,2028-12-15,822,Put,45.0,AAPL281215P00045000,0.0,4.35,2.175,0.11,0.0,0.0,0.0,74.0,0.6894,-0.0014,0.0,0.0233,-0.0007,-0.0126,0.1287,0.0,0.0,0.0,0.839999978430569,down,2026-09-08T14:23:31,0.0,1.0
AAPL,2028-12-15,822,Call,50.0,AAPL281215C00050000,282.5,287.5,285.0,284.25,-4.0,-1.38768,6.0,1355.0,0.0,1.0,0.0,0.0279,0.0,0.9782,285.1759,284.0,284.65,283.0,288.25,down,2026-09-15T14:41:13,2.0,2.0
AAPL,2028-12-15,822,Put,50.0,AAPL281215P00050000,0.05,1.0,0.525,0.14,0.0,0.0,0.0,276.0,0.6028,-0.0017,0.0,0.0283,-0.0008,-0.0154,0.156,0.0,0.0,0.0,0.500000004656613,down,2026-09-14T12:25:21,3.0,2.0
AAPL,2028-12-15,822,Call,60.0,AAPL281215C00060000,273.5,278.5,276.0,275.05,-3.95,-1.41577,2.0,201.0,0.0,0.9998,0.0,0.0395,0.0,1.2135,276.2798,275.3,275.3,275.05,279.0,down,2026-09-15T12:18:23,2.0,2.0
AAPL,2028-12-15,822,Put,60.0,AAPL281215P00060000,0.01,0.6,0.305,0.27,0.0,0.0,0.0,741.0,0.5298,-0.0025,0.0,0.04,-0.0011,-0.0224,0.2221,0.0,0.0,0.0,0.959999993443489,down,2026-08-10T15:13:50,1.0,1.0
AAPL,2028-12-15,822,Call,70.0,AAPL281215C00070000,265.0,270.0,267.5,248.49,0.0,0.0,0.0,257.0,0.4849,0.9988,0.0,0.0538,0.0,1.4057,267.4312,0.0,0.0,0.0,270.5,down,2026-09-09T11:08:37,2.0,2.0
AAPL,2028-12-15,822,Put,70.0,AAPL281215P00070000,0.15,0.44,0.295,0.43,0.0,0.0,0.0,63.0,0.4702,-0.0036,0.0,0.0546,-0.0014,-0.0314,0.3059,0.0,0.0,0.0,0.325000002980232,up,2026-08-10T10:25:23,10.0,10.0
AAPL,2028-12-15,822,Call,80.0,AAPL281215C00080000,256.0,261.0,258.5,242.45,0.0,0.0,0.0,265.0,0.4348,0.9975,0.0001,0.0712,0.0,1.5955,258.604,0.0,0.0,0.0,261.5,up,2026-09-08T12:13:01,2.0,2.0
AAPL,2028-12-15,822,Put,80.0,AAPL281215P00080000,0.1,0.64,0.37,0.54,0.0,0.0,0.0,136.0,0.4454,-0.0049,0.0001,0.0725,-0.0018,-0.0426,0.412,0.0,0.0,0.0,0.390000008046627,down,2026-08-10T13:00:19,10.0,10.0
AAPL,2028-12-15,822,Call,90.0,AAPL281215C00090000,247.5,252.5,250.0,248.1,-4.4,-1.74257,4.0,198.0,0.3894,0.9959,0.0001,0.0922,0.0,1.7822,249.8027,248.65,248.65,248.1,252.5,down,2026-09-15T11:54:35,2.0,2.0
AAPL,2028-12-15,822,Put,90.0,AAPL281215P00090000,0.22,0.75,0.485,0.49,0.0,1.09478e-06,15.0,184.0,0.4275,-0.0066,0.0001,0.0939,-0.0023,-0.0569,0.545,0.5,0.5,0.49,0.489999994635582,down,2026-09-15T10:12:27,51.0,10.0
AAPL,2028-12-15,822,Call,100.0,AAPL281215C00100000,238.5,243.5,241.0,240.26,-3.99,-1.63357,17.0,2507.0,0.4153,0.9938,0.0001,0.1172,0.0,1.9652,241.0335,240.4,240.7,239.2,244.25,up,2026-09-15T15:20:05,2.0,2.0
AAPL,2028-12-15,822,Put,100.0,AAPL281215P00100000,0.55,0.91,0.73,0.65,-0.11,-14.4737,52.0,1217.0,0.4205,-0.0087,0.0001,0.1197,-0.0028,-0.0741,0.7109,0.67,0.67,0.64,0.759999990463257,up,2026-09-15T13:33:59,35.0,20.0
AAPL,2028-12-15,822,Call,110.0,AAPL281215C00110000,230.0,235.0,232.5,230.7,-4.95,-2.10057,2.0,1271.0,0.4178,0.9913,0.0001,0.1469,0.0,2.1439,232.303,230.6,230.7,230.6,235.650001525879,up,2026-09-15T13:11:04,2.0,2.0
AAPL,2028-12-15,822,Put,110.0,AAPL281215P00110000,0.63,0.98,0.8049999999999999,0.92,0.0,0.0,0.0,681.0,0.4054,-0.0113,0.0001,0.1502,-0.0034,-0.0959,0.9182,0.0,0.0,0.0,0.985000014305115,up,2026-09-14T12:57:12,1.0,10.0
AAPL,2028-12-15,822,Call,120.0,AAPL281215C00120000,221.0,226.0,223.5,222.91,-3.715,-1.63927,10.0,201.0,0.3883,0.9883,0.0002,0.1815,0.0,2.3173,223.6197,222.91,222.91,222.91,226.625,up,2026-09-15T14:30:30,2.0,2.0
AAPL,2028-12-15,822,Put,120.0,AAPL281215P00120000,1.02,1.32,1.17,1.21,-0.015,-1.22449,3.0,168.0,0.3926,-0.0145,0.0002,0.186,-0.0041,-0.1221,1.1745,1.13,1.21,1.13,1.22499996423721,up,2026-09-15T15:36:52,32.0,4.0
AAPL,2028-12-15,822,Call,125.0,AAPL281215C00125000,217.0,222.0,219.5,222.15,0.0,0.0,0.0,88.0,0.3944,0.9865,0.0002,0.2008,0.0,2.4019,219.2984,0.0,0.0,0.0,222.699996948242,down,2026-09-14T14:29:44,2.0,2.0
AAPL,2028-12-15,822,Put,125.0,AAPL281215P00125000,1.14,1.55,1.345,1.5,0.0,0.0,0.0,49.0,0.3878,-0.0163,0.0002,0.2065,-0.0045,-0.1372,1.324,0.0,0.0,0.0,1.3299999833107,down,2026-09-04T09:53:13,4.0,10.0
AAPL,2028-12-15,822,Call,130.0,AAPL281215C00130000,212.5,217.5,215.0,208.0,0.0,0.0,0.0,108.0,0.3818,0.9846,0.0002,0.2218,0.0,2.4848,214.9924,0.0,0.0,0.0,218.074996948242,up,2026-09-02T09:39:25,2.0,2.0
AAPL,2028-12-15,822,Put,130.0,AAPL281215P00130000,1.21,1.73,1.47,1.98,0.0,0.0,0.0,323.0,0.3806,-0.0183,0.0002,0.2275,-0.0049,-0.1536,1.4885,0.0,0.0,0.0,1.52500003576279,up,2026-08-28T09:33:35,10.0,10.0
AAPL,2028-12-15,822,Call,135.0,AAPL281215C00135000,208.5,213.5,211.0,209.3,-4.45,-2.08187,5.0,54.0,0.3866,0.9825,0.0003,0.2442,0.0,2.5658,210.703,209.3,209.3,209.3,213.75,up,2026-09-15T14:37:04,2.0,2.0
AAPL,2028-12-15,822,Put,135.0,AAPL281215P00135000,1.39,1.92,1.6549999999999998,1.95,0.0,0.0,0.0,295.0,0.3757,-0.0206,0.0003,0.2513,-0.0054,-0.1724,1.6731,0.0,0.0,0.0,1.68500000238419,down,2026-09-01T10:18:40,10.0,10.0
AAPL,2028-12-15,822,Call,140.0,AAPL281215C00140000,204.0,209.0,206.5,205.71,-3.865,-1.84421,5.0,158.0,0.3744,0.9801,0.0003,0.2678,0.0,2.645,206.4318,205.71,205.71,205.71,209.574996948242,up,2026-09-15T12:39:15,2.0,2.0
AAPL,2028-12-15,822,Put,140.0,AAPL281215P00140000,1.57,2.3,1.935,2.14,0.0,0.0,0.0,495.0,0.3739,-0.023,0.0003,0.2756,-0.0058,-0.1922,1.8758,0.0,0.0,0.0,1.78999996185303,down,2026-09-14T15:39:02,10.0,10.0
AAPL,2028-12-15,822,Call,145.0,AAPL281215C00145000,200.0,205.0,202.5,198.09,0.0,0.0,0.0,216.0,0.3782,0.9776,0.0003,0.2929,0.0,2.7225,202.1799,0.0,0.0,0.0,205.525001525879,up,2026-09-03T15:28:44,10.0,7.0
AAPL,2028-12-15,822,Put,145.0,AAPL281215P00145000,1.72,2.39,2.055,2.16,0.115,5.62347,18.0,447.0,0.3696,-0.0257,0.0003,0.3025,-0.0063,-0.2136,2.0987,2.16,2.16,2.16,2.0450000166893,down,2026-09-15T11:06:10,1.0,5.0
AAPL,2028-12-15,822,Call,150.0,AAPL281215C00150000,195.5,200.5,198.0,199.0,0.0,0.0,0.0,635.0,0.3646,0.9748,0.0004,0.3199,0.0,2.7977,197.9487,0.0,0.0,0.0,201.425003051758,no_change,2026-09-14T09:41:33,7.0,7.0
AAPL,2028-12-15,822,Put,150.0,AAPL281215P00150000,2.1,2.59,2.3449999999999998,2.33,0.06,2.64317,14.0,847.0,0.3652,-0.0286,0.0004,0.3296,-0.0069,-0.2373,2.3445,2.35,2.42,2.33,2.26999998092651,down,2026-09-15T13:47:51,30.0,10.0
AAPL,2028-12-15,822,Call,155.0,AAPL281215C00155000,191.5,196.5,194.0,190.95,0.0,0.0,0.0,133.0,0.3665,0.9719,0.0004,0.3485,0.0,2.8704,193.7401,0.0,0.0,0.0,197.125,up,2026-09-11T09:31:07,2.0,18.0
AAPL,2028-12-15,822,Put,155.0,AAPL281215P00155000,2.13,2.9,2.5149999999999997,3.1,0.0,0.0,0.0,482.0,0.359,-0.0318,0.0004,0.3601,-0.0074,-0.2629,2.6125,0.0,0.0,0.0,2.56000006198883,up,2026-09-08T14:52:48,6.0,10.0
AAPL,2028-12-15,822,Call,160.0,AAPL281215C00160000,187.5,192.0,189.75,192.36,0.0,0.0,0.0,293.0,0.3536,0.9686,0.0004,0.3784,0.0,2.9408,189.5558,0.0,0.0,0.0,193.125,up,2026-09-14T14:44:16,7.0,21.0
AAPL,2028-12-15,822,Put,160.0,AAPL281215P00160000,2.38,3.35,2.865,3.35,0.0,0.0,0.0,595.0,0.3566,-0.0352,0.0004,0.3911,-0.008,-0.2908,2.9088,0.0,0.0,0.0,2.88499999046326,up,2026-09-01T10:34:13,1.0,1.0
AAPL,2028-12-15,822,Call,165.0,AAPL281215C00165000,183.0,188.0,185.5,184.4,-4.35,-2.30464,2.0,304.0,0.354,0.9652,0.0005,0.4096,0.0,3.0091,185.3971,184.3,184.4,184.3,188.75,up,2026-09-15T12:39:16,12.0,18.0
AAPL,2028-12-15,822,Put,165.0,AAPL281215P00165000,2.65,3.65,3.15,3.55,0.0,0.0,0.0,559.0,0.3519,-0.039,0.0005,0.4247,-0.0086,-0.32,3.2316,0.0,0.0,0.0,3.11500000953674,down,2026-09-10T11:03:34,3.0,1.0
AAPL,2028-12-15,822,Call,170.0,AAPL281215C00170000,179.15,184.0,181.575,180.15,-4.25,-2.30477,6.0,123.0,0.3534,0.9614,0.0005,0.4426,0.0,3.0748,181.2654,180.15,180.15,180.15,184.400001525879,up,2026-09-15T14:24:15,1.0,8.0
AAPL,2028-12-15,822,Put,170.0,AAPL281215P00170000,2.88,4.05,3.465,3.7,0.0,0.0,0.0,818.0,0.3489,-0.043,0.0005,0.4578,-0.0092,-0.352,3.5842,0.0,0.0,0.0,3.92500007152557,down,2026-09-14T10:47:01,1.0,4.0
AAPL,2028-12-15,822,Call,175.0,AAPL281215C00175000,175.0,180.0,177.5,181.0,0.0,0.0,0.0,561.0,0.3518,0.9574,0.0006,0.4775,0.0,3.1372,177.1627,0.0,0.0,0.0,180.650001525879,up,2026-09-11T10:30:24,10.0,11.0
AAPL,2028-12-15,822,Put,175.0,AAPL281215P00175000,3.3,4.15,3.725,3.98,0.18,4.73684,2.0,325.0,0.3396,-0.0473,0.0006,0.4955,-0.0099,-0.3861,3.9669,4.15,4.15,3.98,3.79999995231628,down,2026-09-15T14:50:29,9.0,1.0
AAPL,2028-12-15,822,Call,180.0,AAPL281215C00180000,171.0,175.5,173.25,175.0,0.0,0.0,0.0,492.0,0.3447,0.953,0.0006,0.5135,0.0,3.1968,173.0911,0.0,0.0,0.0,176.5,up,2026-09-11T13:46:10,10.0,11.0
AAPL,2028-12-15,822,Put,180.0,AAPL281215P00180000,4.05,4.7,4.375,4.05,-0.275,-6.35838,2.0,2202.0,0.3414,-0.0519,0.0006,0.5324,-0.0106,-0.4224,4.3814,4.45,4.45,4.05,4.32500004768372,down,2026-09-15T11:00:03,100.0,19.0
AAPL,2028-12-15,822,Call,185.0,AAPL281215C00185000,167.0,170.85,168.925,168.03,-4.22,-2.44993,25.0,174.0,0.3361,0.9484,0.0006,0.5506,0.0,3.254,169.0519,168.02,168.03,168.02,172.25,no_change,2026-09-15T12:07:58,15.0,6.0
AAPL,2028-12-15,822,Put,185.0,AAPL281215P00185000,3.65,5.25,4.45,4.6,0.0,0.0,0.0,432.0,0.3405,-0.057,0.0007,0.5727,-0.0113,-0.4616,4.8364,0.0,0.0,0.0,4.75,down,2026-09-14T14:31:16,1.0,23.0
AAPL,2028-12-15,822,Call,190.0,AAPL281215C00190000,163.0,166.5,164.75,163.32,-4.93,-2.93016,1.0,1177.0,0.3304,0.9435,0.0007,0.5891,0.0,3.3084,165.0466,163.32,163.32,163.32,168.25,down,2026-09-15T11:02:22,13.0,13.0
AAPL,2028-12-15,822,Put,190.0,AAPL281215P00190000,4.95,5.85,5.4,5.36,0.21,4.07767,2.0,1990.0,0.3368,-0.0623,0.0008,0.6114,-0.012,-0.5029,5.3264,5.36,5.36,5.36,5.15000009536743,up,2026-09-15T11:45:15,26.0,182.0
AAPL,2028-12-15,822,Call,195.0,AAPL281215C00195000,159.0,162.55,160.775,159.5,-4.225,-2.58055,38.0,1797.0,0.3279,0.9383,0.0008,0.6294,0.0,3.3592,161.0769,159.57,159.79,159.41,163.724998474121,no_change,2026-09-15T12:02:45,51.0,45.0
AAPL,2028-12-15,822,Put,195.0,AAPL281215P00195000,5.6,6.3,5.949999999999999,5.66,0.0,0.0,0.0,836.0,0.3344,-0.068,0.0008,0.6553,-0.0127,-0.5461,5.8538,0.0,0.0,0.0,5.90000009536743,no_change,2026-09-14T12:53:28,7.0,52.0
AAPL,2028-12-15,822,Call,200.0,AAPL281215C00200000,155.0,158.7,156.85,156.33,-3.92,-2.44618,125.0,2206.0,0.3257,0.9328,0.0008,0.6709,0.0,3.4063,157.1453,156.2,156.33,155.1,160.25,up,2026-09-15T13:52:25,31.0,42.0
AAPL,2028-12-15,822,Put,200.0,AAPL281215P00200000,6.0,6.65,6.325,6.4,0.2,3.22581,11.0,4021.0,0.3302,-0.074,0.0009,0.698,-0.0135,-0.5926,6.4245,6.67,6.67,6.4,6.20000004768372,down,2026-09-15T15:54:48,2.0,31.0
AAPL,2028-12-15,822,Call,210.0,AAPL281215C00210000,147.5,150.8,149.15,151.5,0.0,0.0,0.0,576.0,0.3219,0.9208,0.0009,0.7557,0.0,3.4922,149.4018,0.0,0.0,0.0,152.275001525879,down,2026-09-11T14:25:32,52.0,15.0
AAPL,2028-12-15,822,Put,210.0,AAPL281215P00210000,7.45,8.1,7.775,7.82,0.32,4.26667,15.0,2089.0,0.3263,-0.0873,0.001,0.7877,-0.0151,-0.6894,7.6975,7.8,7.82,7.72,7.5,no_change,2026-09-15T12:37:47,3.0,129.0
AAPL,2028-12-15,822,Call,220.0,AAPL281215C00220000,140.05,142.7,141.375,140.15,-4.475,-3.09421,18.0,1533.0,0.3153,0.9074,0.0011,0.8454,0.0,3.5636,141.828,140.35,140.35,140.15,144.625,down,2026-09-15T11:54:51,107.0,27.0
AAPL,2028-12-15,822,Put,220.0,AAPL281215P00220000,8.8,9.4,9.100000000000001,9.25,0.325,3.64145,10.0,2131.0,0.3201,-0.1021,0.0012,0.8824,-0.0168,-0.7976,9.1596,9.27,9.28,9.25,8.92500019073486,no_change,2026-09-15T13:07:52,22.0,19.0
AAPL,2028-12-15,822,Call,230.0,AAPL281215C00230000,132.5,136.3,134.4,137.35,0.0,0.0,0.0,948.0,0.3162,0.8928,0.0012,0.9366,-0.0018,3.6213,134.4391,0.0,0.0,0.0,137.400001525879,up,2026-09-14T14:28:37,21.0,19.0
AAPL,2028-12-15,822,Put,230.0,AAPL281215P00230000,10.5,11.3,10.9,10.55,0.125,1.19904,2.0,1108.0,0.3176,-0.1185,0.0013,0.9786,-0.0185,-0.9164,10.8296,11.02,11.02,10.55,10.4250001907349,down,2026-09-15T11:00:03,28.0,167.0
AAPL,2028-12-15,822,Call,240.0,AAPL281215C00240000,125.75,128.55,127.15,126.27,-4.23,-3.24138,8.0,1799.0,0.3119,0.8768,0.0013,1.0299,-0.0043,3.6654,127.2448,126.14,126.27,125.7,130.5,no_change,2026-09-15T15:44:21,17.0,19.0
AAPL,2028-12-15,822,Put,240.0,AAPL281215P00240000,12.4,13.05,12.725000000000001,12.82,0.395,3.17907,10.0,1543.0,0.313,-0.1363,0.0015,1.0758,-0.0202,-1.0436,12.7083,12.6,12.82,12.6,12.4250001907349,up,2026-09-15T15:36:57,4.0,109.0
AAPL,2028-12-15,822,Call,250.0,AAPL281215C00250000,119.0,122.05,120.525,119.0,-3.4,-2.77778,31.0,2691.0,0.3117,0.8596,0.0015,1.1238,-0.0067,3.6936,120.2593,119.0,119.0,118.46,122.400001525879,up,2026-09-15T15:50:59,63.0,47.0
AAPL,2028-12-15,822,Put,250.0,AAPL281215P00250000,14.2,15.05,14.625,14.93,-0.17,-1.12583,11.0,1770.0,0.3075,-0.156,0.0017,1.176,-0.022,-1.1752,14.8351,14.97,14.97,14.93,15.0999999046326,down,2026-09-15T15:44:19,108.0,56.0
AAPL,2028-12-15,822,Call,260.0,AAPL281215C00260000,111.5,115.25,113.375,112.69,-3.235,-2.7906,1.0,1481.0,0.3051,0.8412,0.0016,1.2163,-0.009,3.7102,113.4907,112.69,112.69,112.69,115.924999237061,down,2026-09-15T11:02:22,18.0,18.0
AAPL,2028-12-15,822,Put,260.0,AAPL281215P00260000,16.9,17.65,17.275,17.3,0.475,2.82318,16.0,10049.0,0.3064,-0.1774,0.0018,1.2725,-0.0237,-1.3112,17.2236,17.5,17.5,17.3,16.8250007629395,down,2026-09-15T12:18:57,5.0,103.0
AAPL,2028-12-15,822,Call,270.0,AAPL281215C00270000,105.25,108.55,106.9,106.6,-3.275,-2.98066,47.0,2275.0,0.3026,0.8215,0.0018,1.3084,-0.0113,3.7099,106.9494,106.74,106.74,105.8,109.875,no_change,2026-09-15T14:17:32,124.0,36.0
AAPL,2028-12-15,822,Put,270.0,AAPL281215P00270000,19.45,20.7,20.075,20.18,0.33,1.66247,150.0,770.0,0.3045,-0.2003,0.002,1.3654,-0.0254,-1.4555,19.8712,20.18,20.18,20.18,19.8500003814697,up,2026-09-15T15:48:44,4.0,54.0
AAPL,2028-12-15,822,Call,280.0,AAPL281215C00280000,99.0,101.95,100.475,101.65,-1.675,-1.6211,70.0,2179.0,0.299,0.8008,0.0019,1.3962,-0.0135,3.6989,100.6438,99.36,101.65,99.36,103.325000762939,up,2026-09-15T15:50:40,169.0,71.0
AAPL,2028-12-15,822,Put,280.0,AAPL281215P00280000,21.85,23.75,22.8,22.6,0.25,1.11857,8.0,2784.0,0.3001,-0.225,0.0022,1.4558,-0.0271,-1.6081,22.8056,22.96,22.96,22.6,22.3499994277954,down,2026-09-15T15:47:57,111.0,160.0
AAPL,2028-12-15,822,Call,290.0,AAPL281215C00290000,93.25,95.8,94.525,94.0,-3.525,-3.61446,8.0,1925.0,0.2972,0.7792,0.002,1.4812,-0.0156,3.6734,94.5781,93.89,94.0,93.3,97.5250015258789,up,2026-09-15T15:37:02,29.0,54.0
AAPL,2028-12-15,822,Put,290.0,AAPL281215P00290000,25.25,26.55,25.9,25.5,0.0,0.0,0.0,884.0,0.2968,-0.251,0.0024,1.5398,-0.0288,-1.7481,26.0232,0.0,0.0,0.0,25.5249996185303,up,2026-09-14T15:50:07,21.0,15.0
AAPL,2028-12-15,822,Call,300.0,AAPL281215C00300000,87.6,89.9,88.75,88.0,-3.425,-3.74624,4.0,3873.0,0.2951,0.7566,0.0022,1.5611,-0.0175,3.6354,88.7607,87.23,88.1,87.23,91.4249992370606,no_change,2026-09-15T15:45:57,81.0,64.0
AAPL,2028-12-15,822,Put,300.0,AAPL281215P00300000,28.25,30.0,29.125,29.55,0.55,1.89655,68.0,2440.0,0.2925,-0.2786,0.0026,1.6154,-0.0304,-1.8996,29.548,29.25,30.0,29.25,29.0,up,2026-09-15T15:45:23,128.0,49.0
AAPL,2028-12-15,822,Call,310.0,AAPL281215C00310000,81.7,84.75,83.225,82.34,-3.31,-3.86456,9.0,3041.0,0.2932,0.7333,0.0023,1.6349,-0.0193,3.5883,83.1913,82.0,82.51,81.95,85.6499977111816,down,2026-09-15T14:52:26,113.0,34.0
AAPL,2028-12-15,822,Put,310.0,AAPL281215P00310000,32.75,34.35,33.55,33.73,1.055,3.22877,3.0,1253.0,0.2942,-0.3073,0.0028,1.6848,-0.0319,-2.0346,33.3461,34.0,34.0,33.6,32.6749992370606,up,2026-09-15T13:10:22,36.0,169.0
AAPL,2028-12-15,822,Call,320.0,AAPL281215C00320000,76.45,79.2,77.825,76.9,-3.5,-4.35324,8.0,3626.0,0.2906,0.7093,0.0024,1.7033,-0.021,3.5271,77.874,77.1,77.1,76.7,80.4000015258789,up,2026-09-15T11:51:46,141.0,62.0
AAPL,2028-12-15,822,Put,320.0,AAPL281215P00320000,36.85,38.2,37.525000000000006,36.75,0.0,0.0,0.0,912.0,0.2909,-0.3378,0.003,1.7409,-0.0333,-2.1648,37.5152,0.0,0.0,0.0,36.625,up,2026-09-14T15:35:48,15.0,10.0
AAPL,2028-12-15,822,Call,330.0,AAPL281215C00330000,71.4,74.7,73.05000000000001,73.24,-2.135,-2.8325,36.0,3049.0,0.2903,0.6848,0.0025,1.7639,-0.0225,3.4596,72.8093,72.0,73.24,71.3,75.375,up,2026-09-15T15:52:48,149.0,183.0
AAPL,2028-12-15,822,Put,330.0,AAPL281215P00330000,41.2,42.65,41.925,42.27,0.895,2.16314,583.0,1356.0,0.2897,-0.369,0.0032,1.7885,-0.0346,-2.2883,41.9607,42.3,42.65,42.0,41.375,down,2026-09-15T15:38:06,43.0,98.0
AAPL,2028-12-15,822,Call,340.0,AAPL281215C00340000,66.65,69.95,68.30000000000001,68.08,-2.245,-3.19232,89.0,8274.0,0.2888,0.66,0.0026,1.8174,-0.0238,3.3824,67.9933,67.48,68.08,67.14,70.3249969482422,up,2026-09-15T15:56:35,23.0,13.0
AAPL,2028-12-15,822,Put,340.0,AAPL281215P00340000,45.25,48.0,46.625,47.1,0.85,1.83784,10.0,330.0,0.2894,-0.4017,0.0034,1.8212,-0.0358,-2.3919,46.759,47.25,47.25,47.1,46.25,down,2026-09-15T15:36:31,78.0,66.0
AAPL,2028-12-15,822,Call,350.0,AAPL281215C00350000,62.1,64.5,63.3,63.5,-2.225,-3.38532,34.0,4165.0,0.2848,0.6349,0.0027,1.8634,-0.025,3.296,63.4274,63.0,63.5,62.42,65.7249984741211,up,2026-09-15T15:54:40,59.0,19.0
AAPL,2028-12-15,822,Put,350.0,AAPL281215P00350000,50.35,52.7,51.525000000000006,52.25,1.5,2.95567,10.0,579.0,0.2864,-0.4355,0.0036,1.8444,-0.037,-2.5114,51.8991,52.4,52.4,52.25,50.75,down,2026-09-15T15:36:32,145.0,111.0
AAPL,2028-12-15,822,Call,360.0,AAPL281215C00360000,57.35,60.5,58.925,58.48,-2.92,-4.7557,5.0,1591.0,0.283,0.6096,0.0027,1.9011,-0.026,3.2069,59.1052,58.7,58.7,58.39,61.3999996185303,up,2026-09-15T11:29:59,27.0,7.0
AAPL,2028-12-15,822,Put,360.0,AAPL281215P00360000,56.4,58.3,57.349999999999994,57.75,1.5,2.66667,44.0,1623.0,0.2838,-0.4702,0.0037,1.8461,-0.0381,-2.5695,57.3676,58.0,58.0,57.75,56.25,down,2026-09-15T15:36:32,93.0,146.0
AAPL,2028-12-15,822,Call,370.0,AAPL281215C00370000,53.8,56.65,55.224999999999994,54.28,-3.395,-5.88643,14.0,1863.0,0.2835,0.5844,0.0028,1.9309,-0.0268,3.109,55.0218,54.59,54.59,53.55,57.6749992370606,up,2026-09-15T13:18:41,24.0,118.0
AAPL,2028-12-15,822,Put,370.0,AAPL281215P00370000,61.5,65.5,63.5,63.84,1.64,2.63666,8.0,136.0,0.2872,-0.5058,0.0039,1.831,-0.039,-2.6011,63.177,63.5,63.84,63.5,62.1999988555908,no_change,2026-09-15T10:51:08,38.0,36.0
AAPL,2028-12-15,822,Call,380.0,AAPL281215C00380000,49.4,52.3,50.849999999999994,50.65,-2.675,-5.01641,17.0,1144.0,0.2795,0.5593,0.0028,1.9528,-0.0275,3.007,51.1747,50.55,51.12,50.44,53.3249988555908,down,2026-09-15T14:51:54,139.0,61.0
AAPL,2028-12-15,822,Put,380.0,AAPL281215P00380000,67.9,70.8,69.35,69.0,0.0,0.0,0.0,343.0,0.2813,-0.542,0.0041,1.8185,-0.0397,-2.6713,69.3144,0.0,0.0,0.0,68.625,no_change,2026-09-11T15:32:38,11.0,54.0
AAPL,2028-12-15,822,Call,390.0,AAPL281215C00390000,45.8,49.35,47.575,46.81,-2.74,-5.52977,2.0,2933.0,0.28,0.5344,0.0029,1.9671,-0.028,2.9046,47.5538,46.95,46.95,46.81,49.5499992370606,down,2026-09-15T15:38:56,21.0,23.0
AAPL,2028-12-15,822,Put,390.0,AAPL281215P00390000,73.5,77.75,75.625,76.3,1.85,2.48489,10.0,106.0,0.2837,-0.5795,0.0042,1.7679,-0.0406,-2.6707,75.8051,76.3,76.3,76.3,74.4499969482422,up,2026-09-15T10:09:20,10.0,47.0
AAPL,2028-12-15,822,Call,400.0,AAPL281215C00400000,43.0,45.75,44.375,43.7,-2.85,-6.12245,30.0,4923.0,0.2799,0.5098,0.0029,1.9735,-0.0284,2.7958,44.1532,44.34,44.34,43.5,46.5499992370606,down,2026-09-15T15:49:50,118.0,60.0
AAPL,2028-12-15,822,Put,400.0,AAPL281215P00400000,80.8,84.45,82.625,83.15,2.05,2.52774,23.0,112.0,0.2787,-0.6172,0.0044,1.6926,-0.0411,-2.5998,82.6342,83.15,83.15,83.15,81.1000022888184,no_change,2026-09-15T10:09:20,149.0,169.0
AAPL,2028-12-15,822,Call,410.0,AAPL281215C00410000,39.8,42.4,41.099999999999994,40.53,-2.82,-6.50519,4.0,1070.0,0.2784,0.4857,0.0029,1.9728,-0.0286,2.6866,40.9675,40.1,40.75,40.1,43.3500003814697,down,2026-09-15T12:37:19,29.0,89.0
AAPL,2028-12-15,822,Put,410.0,AAPL281215P00410000,88.05,91.1,89.57499999999999,88.75,0.0,0.0,0.0,15.0,0.2765,-0.6551,0.0046,1.6383,-0.0416,-2.4452,89.7648,0.0,0.0,0.0,88.3500022888184,up,2026-09-11T12:10:12,9.0,9.0
AAPL,2028-12-15,822,Call,420.0,AAPL281215C00420000,36.4,39.75,38.075,37.8,-2.075,-5.20376,2.0,902.0,0.2772,0.4621,0.0029,1.9657,-0.0287,2.579,37.9851,37.2,37.8,37.2,39.875,up,2026-09-15T12:34:59,36.0,100.0
AAPL,2028-12-15,822,Put,420.0,AAPL281215P00420000,95.05,98.8,96.925,96.03,0.0,0.0,0.0,20.0,0.2744,-0.6945,0.0047,1.5318,-0.0422,-2.47,97.2679,0.0,0.0,0.0,95.1999969482422,up,2026-09-11T12:10:12,8.0,8.0
AAPL,2028-12-15,822,Call,430.0,AAPL281215C00430000,33.8,36.7,35.25,35.55,-1.45,-3.91892,1.0,1518.0,0.2761,0.439,0.0029,1.9517,-0.0286,2.4678,35.1988,35.55,35.55,35.55,37.0,up,2026-09-15T09:30:01,38.0,109.0
AAPL,2028-12-15,822,Put,430.0,AAPL281215P00430000,103.7,107.0,105.35,106.85,0.0,0.0,0.0,10.0,0.2776,-0.7341,0.0049,1.3829,-0.043,-2.2642,105.0994,0.0,0.0,0.0,102.450000762939,down,2026-09-03T11:20:06,12.0,17.0
AAPL,2028-12-15,822,Call,440.0,AAPL281215C00440000,31.25,34.3,32.775,32.41,-1.94,-5.64774,4.0,1253.0,0.2759,0.4166,0.0029,1.9318,-0.0285,2.3579,32.6021,32.0,32.45,32.0,34.3499984741211,up,2026-09-15T12:34:59,45.0,70.0
AAPL,2028-12-15,822,Put,440.0,AAPL281215P00440000,111.15,115.5,113.325,129.98,0.0,0.0,0.0,7.0,0.276,-0.7733,0.0051,1.2917,-0.0433,-1.9124,113.2074,0.0,0.0,0.0,110.650001525879,up,2026-08-24T12:42:51,10.0,7.0
AAPL,2028-12-15,822,Call,450.0,AAPL281215C00450000,28.85,31.95,30.4,29.81,-1.99,-6.25786,45.0,4846.0,0.2754,0.3948,0.0028,1.9074,-0.0282,2.2519,30.1829,29.5,29.9,29.1,31.8000011444092,no_change,2026-09-15T14:03:09,82.0,102.0
AAPL,2028-12-15,822,Put,450.0,AAPL281215P00450000,119.0,123.45,121.225,118.41,0.0,0.0,0.0,7.0,0.2698,-0.814,0.0052,1.1085,-0.0438,-1.9137,121.6997,0.0,0.0,0.0,119.049999237061,down,2026-09-11T11:08:05,7.0,12.0
AAPL,2028-12-15,822,Call,460.0,AAPL281215C00460000,25.5,29.2,27.35,30.0,0.0,0.0,0.0,601.0,0.2705,0.3738,0.0028,1.8776,-0.0279,2.145,27.9326,0.0,0.0,0.0,29.625,up,2026-09-14T11:57:51,7.0,11.0
AAPL,2028-12-15,822,Put,460.0,AAPL281215P00460000,128.0,132.15,130.075,148.54,0.0,0.0,0.0,1.0,0.2683,-0.8555,0.0054,0.8797,-0.0449,-1.4548,130.508,0.0,0.0,0.0,127.724998474121,up,2026-08-24T12:41:57,7.0,11.0
AAPL,2028-12-15,822,Call,470.0,AAPL281215C00470000,24.75,28.25,26.5,27.7,0.0,0.0,0.0,431.0,0.2766,0.3536,0.0028,1.843,-0.0275,2.0394,25.8445,0.0,0.0,0.0,27.3249998092651,up,2026-09-14T11:57:20,19.0,36.0
AAPL,2028-12-15,822,Put,470.0,AAPL281215P00470000,137.05,141.5,139.275,158.23,0.0,0.0,0.0,0.0,0.2676,-0.8954,0.0056,0.7933,-0.0453,-1.0098,139.5389,0.0,0.0,0.0,136.775001525879,up,2026-08-24T12:42:51,2.0,2.0
AAPL,2028-12-15,822,Call,480.0,AAPL281215C00480000,22.7,24.85,23.775,25.41,0.0,0.0,0.0,396.0,0.2717,0.3342,0.0027,1.8058,-0.027,1.9394,23.9078,0.0,0.0,0.0,25.4749994277954,up,2026-09-14T09:43:15,11.0,12.0
AAPL,2028-12-15,822,Put,480.0,AAPL281215P00480000,146.8,151.0,148.9,0.0,0.0,0.0,0.0,0.0,0.27,-0.9272,0.0049,0.4466,-0.0454,-0.8169,149.0087,0.0,0.0,0.0,146.0,no_change,,8.0,6.0
AAPL,2028-12-15,822,Call,490.0,AAPL281215C00490000,20.9,23.95,22.424999999999997,23.74,0.0,0.0,0.0,322.0,0.2725,0.3156,0.0026,1.7655,-0.0264,1.8415,22.1123,0.0,0.0,0.0,23.7250003814697,up,2026-09-14T15:12:00,7.0,10.0
AAPL,2028-12-15,822,Put,490.0,AAPL281215P00490000,156.0,161.0,158.5,160.4,4.875,3.13454,1.0,0.0,0.2804,-0.954,0.0037,0.2417,-0.0458,0.0,158.7252,160.4,160.4,160.4,155.525001525879,down,2026-09-15T10:23:52,6.0,2.0
AAPL,2028-12-15,822,Call,500.0,AAPL281215C00500000,19.8,21.8,20.8,20.15,-1.9,-8.61678,5.0,2180.0,0.2736,0.2978,0.0026,1.7214,-0.0258,1.7443,20.4514,20.15,20.25,19.6,22.0500001907349,down,2026-09-15T10:35:25,27.0,137.0
AAPL,2028-12-15,822,Put,500.0,AAPL281215P00500000,166.0,171.0,168.5,167.0,0.0,0.0,0.0,0.0,0.2871,-0.9747,0.002,0.0,-0.0458,0.0,168.7252,0.0,0.0,0.0,165.449996948242,down,2026-09-14T11:17:34,2.0,2.0
AAPL,2028-12-15,822,Call,510.0,AAPL281215C00510000,17.7,20.15,18.924999999999997,20.6,0.0,0.0,0.0,314.0,0.2713,0.2808,0.0025,1.6756,-0.0252,1.6523,18.9167,0.0,0.0,0.0,20.3249998092651,up,2026-09-11T10:35:45,23.0,22.0
AAPL,2028-12-15,822,Put,510.0,AAPL281215P00510000,176.0,181.0,178.5,177.95,0.0,0.0,0.0,0.0,0.2999,-0.989,0.0009,0.0,-0.0458,0.0,178.7252,0.0,0.0,0.0,175.75,down,2026-09-11T09:56:11,2.0,2.0
AAPL,2028-12-15,822,Call,520.0,AAPL281215C00520000,16.8,18.45,17.625,17.3,-1.425,-7.61015,1.0,1968.0,0.2718,0.2647,0.0024,1.6292,-0.0245,1.5653,17.4978,17.3,17.3,17.3,18.7250003814697,down,2026-09-15T15:25:09,39.0,33.0
AAPL,2028-12-15,822,Put,520.0,AAPL281215P00520000,186.0,191.0,188.5,191.8,0.0,0.0,0.0,0.0,0.3066,-0.9991,0.0001,0.0,-0.0458,0.0,188.7252,0.0,0.0,0.0,185.699996948242,down,2026-09-03T10:18:15,2.0,2.0
AAPL,2028-12-15,822,Call,530.0,AAPL281215C00530000,15.3,16.75,16.025,15.95,-1.425,-8.20144,1.0,167.0,0.2697,0.2493,0.0024,1.5808,-0.0238,1.48,16.1872,15.95,15.95,15.95,17.375,down,2026-09-15T10:29:02,177.0,13.0
AAPL,2028-12-15,822,Put,530.0,AAPL281215P00530000,196.0,201.0,198.5,205.0,0.0,0.0,0.0,0.0,0.3159,-1.0,0.0,0.0,-0.0458,0.0,198.7252,0.0,0.0,0.0,195.724998474121,down,2026-09-01T11:23:27,2.0,2.0
AAPL,2028-12-15,822,Call,540.0,AAPL281215C00540000,14.5,15.5,15.0,14.83,-1.445,-8.87865,2.0,82.0,0.2707,0.2348,0.0023,1.5307,-0.0231,1.3975,14.9789,14.92,14.92,14.83,16.2750000953674,down,2026-09-15T15:38:56,21.0,5.0
AAPL,2028-12-15,822,Put,540.0,AAPL281215P00540000,206.0,211.0,208.5,207.0,0.0,0.0,0.0,0.0,0.3251,-1.0,0.0,0.0,-0.0458,0.0,208.7252,0.0,0.0,0.0,205.724998474121,down,2026-09-11T14:24:20,2.0,2.0
AAPL,2028-12-15,822,Call,550.0,AAPL281215C00550000,12.7,15.25,13.975,15.05,0.0,0.0,0.0,381.0,0.2712,0.221,0.0022,1.4808,-0.0224,1.3204,13.8648,0.0,0.0,0.0,14.9750003814697,down,2026-09-14T15:32:28,48.0,49.0
AAPL,2028-12-15,822,Put,550.0,AAPL281215P00550000,216.0,221.0,218.5,224.2,0.0,0.0,0.0,0.0,0.3341,-1.0,0.0,0.0,-0.0458,0.0,218.7252,0.0,0.0,0.0,215.775001525879,down,2026-09-01T15:17:19,2.0,2.0
AAPL,2028-12-15,822,Call,560.0,AAPL281215C00560000,12.05,13.35,12.7,12.7,-1.225,-8.79713,1.0,108.0,0.2694,0.208,0.0021,1.4316,-0.0216,1.2478,12.8368,12.7,12.7,12.7,13.9249997138977,down,2026-09-15T12:59:40,25.0,22.0
AAPL,2028-12-15,822,Put,560.0,AAPL281215P00560000,226.0,231.0,228.5,0.0,0.0,0.0,0.0,0.0,0.3428,-1.0,0.0,0.0,-0.0458,0.0,228.7252,0.0,0.0,0.0,225.949996948242,no_change,,2.0,2.0
AAPL,2028-12-15,822,Call,570.0,AAPL281215C00570000,11.3,12.35,11.825,13.35,0.0,0.0,0.0,48.0,0.2698,0.1957,0.0021,1.3819,-0.0209,1.1772,11.889,0.0,0.0,0.0,12.875,up,2026-09-11T10:45:44,25.0,20.0
AAPL,2028-12-15,822,Put,570.0,AAPL281215P00570000,236.0,241.0,238.5,241.93,0.0,0.0,0.0,0.0,0.3514,-1.0,0.0,0.0,-0.0458,0.0,238.7252,0.0,0.0,0.0,235.824996948242,up,2026-07-21T15:54:13,2.0,2.0
AAPL,2028-12-15,822,Call,580.0,AAPL281215C00580000,10.35,12.55,11.45,11.97,0.0,0.0,0.0,145.0,0.2736,0.1841,0.002,1.3316,-0.0202,1.1095,11.0162,0.0,0.0,0.0,11.9499998092651,down,2026-09-11T15:46:52,27.0,37.0
AAPL,2028-12-15,822,Put,580.0,AAPL281215P00580000,246.0,251.0,248.5,252.6,0.0,0.0,0.0,0.0,0.3598,-1.0,0.0,0.0,-0.0458,0.0,248.7252,0.0,0.0,0.0,245.849998474121,up,2026-07-21T15:53:36,2.0,2.0
AAPL,2028-12-15,822,Call,590.0,AAPL281215C00590000,9.65,10.7,10.175,10.1,-1.0,-9.00901,1.0,200.0,0.27,0.1732,0.0019,1.2823,-0.0194,1.0466,10.2122,10.1,10.1,10.1,11.0999999046326,down,2026-09-15T12:59:40,32.0,24.0
AAPL,2028-12-15,822,Put,590.0,AAPL281215P00590000,256.0,261.0,258.5,264.5,0.0,0.0,0.0,0.0,0.3681,-1.0,0.0,0.0,-0.0458,0.0,258.7252,0.0,0.0,0.0,255.949996948242,no_change,2026-07-21T15:36:46,2.0,2.0
AAPL,2028-12-15,822,Call,600.0,AAPL281215C00600000,9.0,9.75,9.375,9.95,-0.35,-3.39806,26.0,4546.0,0.2696,0.1629,0.0018,1.2347,-0.0187,0.9879,9.4709,9.55,9.95,9.38,10.3000001907349,up,2026-09-15T15:56:27,139.0,46.0
AAPL,2028-12-15,822,Put,600.0,AAPL281215P00600000,266.0,271.0,268.5,318.86,0.0,0.0,0.0,0.0,0.3761,-1.0,0.0,0.0,-0.0458,0.0,268.7252,0.0,0.0,0.0,265.75,up,2026-06-26T14:16:43,2.0,2.0
AAPL,2029-01-19,857,Call,5.0,AAPL290119C00005000,321.95,330.5,326.225,0.0,0.0,0.0,0.0,0.0,0.0,1.0,0.0,0.0005,0.0,0.0223,326.7379,0.0,0.0,0.0,0.0,no_change,,1.0,1.0
AAPL,2029-01-19,857,Put,5.0,AAPL290119P00005000,0.0,4.15,2.075,0.0,0.0,0.0,0.0,0.0,1.8801,-0.0001,0.0,0.0012,-0.0001,-0.0006,0.0083,0.0,0.0,0.0,0.0,no_change,,0.0,1.0
AAPL,2029-01-19,857,Call,10.0,AAPL290119C00010000,317.05,325.6,321.32500000000005,0.0,0.0,0.0,0.0,0.0,0.0,1.0,0.0,0.0004,0.0,0.0495,321.8972,0.0,0.0,0.0,0.0,no_change,,1.0,1.0
AAPL,2029-01-19,857,Put,10.0,AAPL290119P00010000,0.0,4.15,2.075,0.0,0.0,0.0,0.0,0.0,1.4299,-0.0001,0.0,0.0029,-0.0001,-0.0015,0.0179,0.0,0.0,0.0,0.0,no_change,,0.0,1.0
AAPL,2029-01-19,857,Call,15.0,AAPL290119C00015000,314.0,319.0,316.5,0.0,0.0,0.0,0.0,0.0,0.0,1.0,0.0,0.0004,0.0,0.0906,317.0211,0.0,0.0,0.0,0.0,no_change,,2.0,2.0
AAPL,2029-01-19,857,Put,15.0,AAPL290119P00015000,0.0,4.15,2.075,0.0,0.0,0.0,0.0,0.0,1.2208,-0.0002,0.0,0.0049,-0.0002,-0.0025,0.0295,0.0,0.0,0.0,0.0,no_change,,0.0,2.0
AAPL,2029-01-19,857,Call,20.0,AAPL290119C00020000,309.5,314.5,312.0,0.0,0.0,0.0,0.0,0.0,0.0,1.0,0.0,0.0052,0.0,0.2144,312.1981,0.0,0.0,0.0,0.0,no_change,,2.0,2.0
AAPL,2029-01-19,857,Put,20.0,AAPL290119P00020000,0.01,4.15,2.08,0.0,0.0,0.0,0.0,0.0,1.088,-0.0004,0.0,0.0073,-0.0003,-0.0039,0.0432,0.0,0.0,0.0,0.0,no_change,,5.0,9.0
AAPL,2029-01-19,857,Call,25.0,AAPL290119C00025000,305.0,310.0,307.5,0.0,0.0,0.0,0.0,0.0,0.0,1.0,0.0,0.0102,0.0,0.4918,307.5758,0.0,0.0,0.0,0.0,no_change,,2.0,2.0
AAPL,2029-01-19,857,Put,25.0,AAPL290119P00025000,0.01,0.29,0.15,0.1,0.1,0.0,28.0,0.0,0.6988,-0.0006,0.0,0.0102,-0.0003,-0.0054,0.0592,0.05,0.13,0.04,0.0,down,2026-09-15T15:53:51,5.0,31.0
AAPL,2029-01-19,857,Call,30.0,AAPL290119C00030000,300.5,305.5,303.0,0.0,0.0,0.0,0.0,0.0,0.0,1.0,0.0,0.0133,0.0,0.6471,303.1228,0.0,0.0,0.0,0.0,no_change,,2.0,2.0
AAPL,2029-01-19,857,Put,30.0,AAPL290119P00030000,0.01,4.15,2.08,0.0,0.0,0.0,0.0,0.0,0.9177,-0.0008,0.0,0.0135,-0.0004,-0.0073,0.0777,0.0,0.0,0.0,0.0,no_change,,5.0,1.0
AAPL,2029-01-19,857,Call,35.0,AAPL290119C00035000,296.0,301.0,298.5,0.0,0.0,0.0,0.0,0.0,0.0,1.0,0.0,0.0171,0.0,0.7495,298.6998,0.0,0.0,0.0,0.0,no_change,,2.0,2.0
AAPL,2029-01-19,857,Put,35.0,AAPL290119P00035000,0.0,4.3,2.15,0.0,0.0,0.0,0.0,0.0,0.8549,-0.001,0.0,0.0173,-0.0005,-0.0095,0.099,0.0,0.0,0.0,0.0,no_change,,0.0,1.0
AAPL,2029-01-19,857,Call,40.0,AAPL290119C00040000,291.5,296.5,294.0,0.0,0.0,0.0,0.0,0.0,0.0,1.0,0.0,0.0213,0.0,0.8514,294.2798,0.0,0.0,0.0,0.0,no_change,,2.0,2.0
AAPL,2029-01-19,857,Put,40.0,AAPL290119P00040000,0.0,4.3,2.15,0.0,0.0,0.0,0.0,0.0,0.8047,-0.0013,0.0,0.0217,-0.0006,-0.0119,0.1232,0.0,0.0,0.0,0.0,no_change,,0.0,1.0
AAPL,2029-01-19,857,Call,45.0,AAPL290119C00045000,287.5,292.5,290.0,0.0,0.0,0.0,0.0,0.0,0.584,1.0,0.0,0.0261,0.0,0.953,289.8628,0.0,0.0,0.0,0.0,no_change,,2.0,2.0
AAPL,2029-01-19,857,Put,45.0,AAPL290119P00045000,0.0,1.39,0.695,0.0,0.0,0.0,0.0,0.0,0.6589,-0.0016,0.0,0.0266,-0.0008,-0.0149,0.1507,0.0,0.0,0.0,0.0,no_change,,0.0,1.0
AAPL,2029-01-19,857,Call,50.0,AAPL290119C00050000,283.0,288.0,285.5,0.0,0.0,0.0,0.0,0.0,0.5394,1.0,0.0,0.0315,0.0,1.0541,285.4494,0.0,0.0,0.0,0.0,no_change,,2.0,2.0
AAPL,2029-01-19,857,Put,50.0,AAPL290119P00050000,0.0,4.3,2.15,0.0,0.0,0.0,0.0,0.0,0.7214,-0.0019,0.0,0.032,-0.0009,-0.0182,0.1818,0.0,0.0,0.0,0.0,no_change,,0.0,9.0
AAPL,2029-01-19,857,Call,60.0,AAPL290119C00060000,274.0,279.0,276.5,0.0,0.0,0.0,0.0,0.0,0.4539,0.9996,0.0,0.044,0.0,1.255,276.6342,0.0,0.0,0.0,0.0,no_change,,2.0,2.0
AAPL,2029-01-19,857,Put,60.0,AAPL290119P00060000,0.0,4.35,2.175,0.0,0.0,0.0,0.0,0.0,0.6557,-0.0028,0.0,0.045,-0.0012,-0.026,0.256,0.0,0.0,0.0,0.0,no_change,,0.0,1.0
AAPL,2029-01-19,857,Call,70.0,AAPL290119C00070000,265.5,270.5,268.0,0.0,0.0,0.0,0.0,0.0,0.3107,0.9986,0.0,0.0595,0.0,1.4535,267.8375,0.0,0.0,0.0,0.0,no_change,,2.0,2.0
AAPL,2029-01-19,857,Put,70.0,AAPL290119P00070000,0.01,3.45,1.73,0.0,0.0,0.0,0.0,0.0,0.6028,-0.0039,0.0,0.0607,-0.0015,-0.0361,0.3495,0.0,0.0,0.0,0.0,no_change,,4.0,4.0
AAPL,2029-01-19,857,Call,80.0,AAPL290119C00080000,256.5,261.5,259.0,257.55,257.55,0.0,4.0,0.0,0.4418,0.9972,0.0001,0.078,0.0,1.6495,259.0631,257.72,257.72,257.55,0.0,down,2026-09-15T15:20:05,2.0,2.0
AAPL,2029-01-19,857,Put,80.0,AAPL290119P00080000,0.01,0.92,0.465,0.0,0.0,0.0,0.0,0.0,0.451,-0.0054,0.0001,0.08,-0.0019,-0.0487,0.4661,0.0,0.0,0.0,0.0,no_change,,1.0,1.0
AAPL,2029-01-19,857,Call,90.0,AAPL290119C00090000,248.0,253.0,250.5,0.0,0.0,0.0,0.0,0.0,0.3913,0.9955,0.0001,0.1005,0.0,1.8421,250.316,0.0,0.0,0.0,0.0,no_change,,2.0,2.0
AAPL,2029-01-19,857,Put,90.0,AAPL290119P00090000,0.0,0.91,0.455,0.0,0.0,0.0,0.0,0.0,0.4038,-0.0071,0.0001,0.1028,-0.0024,-0.0643,0.6115,0.0,0.0,0.0,0.0,no_change,,0.0,1.0
AAPL,2029-01-19,857,Call,100.0,AAPL290119C00100000,239.0,244.0,241.5,239.9,239.9,0.0,1.0,0.0,0.4086,0.9934,0.0001,0.1267,0.0,2.031,241.6022,239.9,239.9,239.9,0.0,up,2026-09-15T11:54:35,2.0,2.0
AAPL,2029-01-19,857,Put,100.0,AAPL290119P00100000,0.19,1.04,0.615,0.0,0.0,0.0,0.0,0.0,0.4023,-0.0093,0.0001,0.1303,-0.0029,-0.0835,0.7913,0.0,0.0,0.0,0.0,no_change,,5.0,4.0
AAPL,2029-01-19,857,Call,110.0,AAPL290119C00110000,230.5,235.5,233.0,0.0,0.0,0.0,0.0,0.0,0.4083,0.9908,0.0001,0.158,0.0,2.2151,232.9284,0.0,0.0,0.0,0.0,no_change,,2.0,2.0
AAPL,2029-01-19,857,Put,110.0,AAPL290119P00110000,0.71,2.93,1.82,0.0,0.0,0.0,0.0,0.0,0.447,-0.012,0.0002,0.1623,-0.0036,-0.1071,1.0135,0.0,0.0,0.0,0.0,no_change,,1.0,5.0
AAPL,2029-01-19,857,Call,115.0,AAPL290119C00115000,226.0,231.0,228.5,0.0,0.0,0.0,0.0,0.0,0.3906,0.9893,0.0002,0.1753,0.0,2.3052,228.6091,0.0,0.0,0.0,0.0,no_change,,2.0,2.0
AAPL,2029-01-19,857,Put,115.0,AAPL290119P00115000,0.55,2.27,1.4100000000000001,0.0,0.0,0.0,0.0,0.0,0.4121,-0.0136,0.0002,0.1804,-0.0039,-0.1208,1.1429,0.0,0.0,0.0,0.0,no_change,,6.0,10.0
AAPL,2029-01-19,857,Call,120.0,AAPL290119C00120000,222.0,227.0,224.5,223.59,223.59,0.0,10.0,0.0,0.4016,0.9876,0.0002,0.1938,0.0,2.394,224.303,223.59,223.59,223.59,0.0,up,2026-09-15T14:30:30,2.0,2.0
AAPL,2029-01-19,857,Put,120.0,AAPL290119P00120000,0.01,4.4,2.205,0.0,0.0,0.0,0.0,0.0,0.4323,-0.0153,0.0002,0.2,-0.0042,-0.1358,1.2862,0.0,0.0,0.0,0.0,no_change,,7.0,10.0
AAPL,2029-01-19,857,Call,125.0,AAPL290119C00125000,217.5,222.5,220.0,0.0,0.0,0.0,0.0,0.0,0.3853,0.9858,0.0002,0.214,0.0,2.4811,220.0111,0.0,0.0,0.0,0.0,no_change,,2.0,2.0
AAPL,2029-01-19,857,Put,125.0,AAPL290119P00125000,0.93,2.71,1.82,0.0,0.0,0.0,0.0,0.0,0.4026,-0.0172,0.0002,0.2206,-0.0046,-0.1515,1.4395,0.0,0.0,0.0,0.0,no_change,,4.0,11.0
AAPL,2029-01-19,857,Call,130.0,AAPL290119C00130000,213.5,218.5,216.0,0.0,0.0,0.0,0.0,0.0,0.3917,0.9838,0.0002,0.2357,0.0,2.5663,215.7347,0.0,0.0,0.0,0.0,no_change,,2.0,2.0
AAPL,2029-01-19,857,Put,130.0,AAPL290119P00130000,0.0,4.8,2.4,0.0,0.0,0.0,0.0,0.0,0.4107,-0.0193,0.0002,0.2424,-0.005,-0.1696,1.6145,0.0,0.0,0.0,0.0,no_change,,0.0,7.0
AAPL,2029-01-19,857,Call,135.0,AAPL290119C00135000,209.0,214.0,211.5,209.4,209.4,0.0,5.0,0.0,0.3765,0.9817,0.0003,0.2586,0.0,2.6497,211.4755,209.4,209.4,209.4,0.0,up,2026-09-15T14:37:04,5.0,5.0
AAPL,2029-01-19,857,Put,135.0,AAPL290119P00135000,1.36,2.3,1.83,0.0,0.0,0.0,0.0,0.0,0.3725,-0.0216,0.0003,0.2665,-0.0055,-0.1892,1.8068,0.0,0.0,0.0,0.0,no_change,,1.0,1.0
AAPL,2029-01-19,857,Call,140.0,AAPL290119C00140000,205.0,210.0,207.5,0.0,0.0,0.0,0.0,0.0,0.3713,0.9793,0.0003,0.2828,0.0,2.7315,207.2344,0.0,0.0,0.0,0.0,no_change,,18.0,2.0
AAPL,2029-01-19,857,Put,140.0,AAPL290119P00140000,1.4,2.58,1.99,0.0,0.0,0.0,0.0,0.0,0.3697,-0.0241,0.0003,0.2924,-0.0059,-0.2102,2.0188,0.0,0.0,0.0,0.0,no_change,,1.0,1.0
AAPL,2029-01-19,857,Call,145.0,AAPL290119C00145000,200.6,205.5,203.05,202.21,202.21,0.0,5.0,0.0,0.3684,0.9767,0.0003,0.3088,0.0,2.8112,203.0128,202.21,202.21,202.21,0.0,up,2026-09-15T12:39:15,2.0,18.0
AAPL,2029-01-19,857,Put,145.0,AAPL290119P00145000,1.8,2.66,2.23,2.19,2.19,0.0,18.0,0.0,0.3688,-0.0268,0.0003,0.3195,-0.0064,-0.2333,2.2521,2.19,2.19,2.19,0.0,up,2026-09-15T11:06:10,1.0,4.0
AAPL,2029-01-19,857,Call,150.0,AAPL290119C00150000,196.6,201.5,199.05,0.0,0.0,0.0,0.0,0.0,0.3699,0.974,0.0004,0.3365,0.0,2.8885,198.8123,0.0,0.0,0.0,0.0,no_change,,2.0,18.0
AAPL,2029-01-19,857,Put,150.0,AAPL290119P00150000,1.94,3.95,2.9450000000000003,2.52,2.52,0.0,12.0,0.0,0.3656,-0.0298,0.0004,0.3475,-0.0069,-0.2586,2.5079,2.52,2.52,2.52,0.0,up,2026-09-15T10:40:12,1.0,1.0
AAPL,2029-01-19,857,Call,155.0,AAPL290119C00155000,192.5,197.0,194.75,0.0,0.0,0.0,0.0,0.0,0.3612,0.9709,0.0004,0.3656,0.0,2.9633,194.6346,0.0,0.0,0.0,0.0,no_change,,12.0,9.0
AAPL,2029-01-19,857,Put,155.0,AAPL290119P00155000,2.32,4.25,3.285,0.0,0.0,0.0,0.0,0.0,0.3606,-0.033,0.0004,0.3784,-0.0074,-0.2852,2.7872,0.0,0.0,0.0,0.0,no_change,,1.0,9.0
AAPL,2029-01-19,857,Call,160.0,AAPL290119C00160000,188.5,193.0,190.75,187.7,187.7,0.0,1.0,0.0,0.361,0.9677,0.0004,0.3959,0.0,3.0359,190.4812,187.7,187.7,187.7,0.0,up,2026-09-15T14:03:28,6.0,8.0
AAPL,2029-01-19,857,Put,160.0,AAPL290119P00160000,2.67,3.55,3.11,2.96,2.96,0.0,1.0,0.0,0.3544,-0.0365,0.0005,0.4108,-0.008,-0.3136,3.0964,2.96,2.96,2.96,0.0,up,2026-09-15T09:36:41,12.0,15.0
AAPL,2029-01-19,857,Call,165.0,AAPL290119C00165000,184.5,189.0,186.75,185.0,185.0,0.0,14.0,0.0,0.3598,0.9642,0.0005,0.4278,0.0,3.1064,186.3533,185.0,185.0,185.0,0.0,up,2026-09-15T10:40:30,6.0,8.0
AAPL,2029-01-19,857,Put,165.0,AAPL290119P00165000,2.95,4.75,3.85,0.0,0.0,0.0,0.0,0.0,0.3503,-0.0402,0.0005,0.4448,-0.0086,-0.3454,3.4293,0.0,0.0,0.0,0.0,no_change,,1.0,9.0
AAPL,2029-01-19,857,Call,170.0,AAPL290119C00170000,180.0,185.0,182.5,0.0,0.0,0.0,0.0,0.0,0.3524,0.9604,0.0005,0.4616,0.0,3.1738,182.2526,0.0,0.0,0.0,0.0,no_change,,12.0,12.0
AAPL,2029-01-19,857,Put,170.0,AAPL290119P00170000,3.25,4.3,3.775,3.79,3.79,0.0,3.0,0.0,0.3466,-0.0443,0.0006,0.4787,-0.0092,-0.3786,3.7909,3.79,3.79,3.79,0.0,up,2026-09-15T11:47:47,1.0,7.0
AAPL,2029-01-19,857,Call,175.0,AAPL290119C00175000,176.5,180.5,178.5,176.85,176.85,0.0,6.0,0.0,0.3501,0.9564,0.0006,0.4969,0.0,3.2381,178.181,176.85,176.85,176.85,0.0,up,2026-09-15T14:24:15,6.0,6.0
AAPL,2029-01-19,857,Put,175.0,AAPL290119P00175000,3.55,4.75,4.15,0.0,0.0,0.0,0.0,0.0,0.343,-0.0486,0.0006,0.5164,-0.0098,-0.4134,4.1848,0.0,0.0,0.0,0.0,no_change,,5.0,1.0
AAPL,2029-01-19,857,Call,180.0,AAPL290119C00180000,172.0,176.5,174.25,171.79,171.79,0.0,1.0,0.0,0.3426,0.9521,0.0006,0.5332,0.0,3.2997,174.1404,171.79,171.79,171.79,0.0,up,2026-09-15T15:20:25,9.0,10.0
AAPL,2029-01-19,857,Put,180.0,AAPL290119P00180000,3.2,6.0,4.6,0.0,0.0,0.0,0.0,0.0,0.3402,-0.0533,0.0006,0.5548,-0.0105,-0.4518,4.6133,0.0,0.0,0.0,0.0,no_change,,1.0,1.0
AAPL,2029-01-19,857,Call,185.0,AAPL290119C00185000,168.0,172.5,170.25,169.03,169.03,0.0,26.0,0.0,0.3396,0.9475,0.0006,0.5707,0.0,3.3589,170.1319,168.31,169.03,168.31,0.0,no_change,2026-09-15T12:07:58,6.0,6.0
AAPL,2029-01-19,857,Put,185.0,AAPL290119P00185000,3.7,6.4,5.050000000000001,0.0,0.0,0.0,0.0,0.0,0.337,-0.0583,0.0007,0.595,-0.0112,-0.4922,5.0768,0.0,0.0,0.0,0.0,no_change,,93.0,108.0
AAPL,2029-01-19,857,Call,190.0,AAPL290119C00190000,164.0,168.5,166.25,0.0,0.0,0.0,0.0,0.0,0.3403,0.9426,0.0007,0.6098,0.0,3.4149,166.157,0.0,0.0,0.0,0.0,no_change,,1.0,6.0
AAPL,2029-01-19,857,Put,190.0,AAPL290119P00190000,5.2,6.35,5.775,0.0,0.0,0.0,0.0,0.0,0.3378,-0.0636,0.0008,0.6354,-0.0119,-0.5352,5.5781,0.0,0.0,0.0,0.0,no_change,,12.0,54.0
AAPL,2029-01-19,857,Call,195.0,AAPL290119C00195000,160.2,164.5,162.35,0.0,0.0,0.0,0.0,0.0,0.3339,0.9374,0.0008,0.6505,0.0,3.4671,162.2177,0.0,0.0,0.0,0.0,no_change,,1.0,6.0
AAPL,2029-01-19,857,Put,195.0,AAPL290119P00195000,4.7,7.65,6.175000000000001,0.0,0.0,0.0,0.0,0.0,0.3249,-0.0694,0.0008,0.6786,-0.0126,-0.581,6.124,0.0,0.0,0.0,0.0,no_change,,37.0,1.0
AAPL,2029-01-19,857,Call,200.0,AAPL290119C00200000,156.25,160.5,158.375,157.4,157.4,0.0,91.0,0.0,0.3301,0.9319,0.0008,0.6922,0.0,3.5159,158.3161,157.25,157.4,157.25,0.0,up,2026-09-15T13:52:25,5.0,10.0
AAPL,2029-01-19,857,Put,200.0,AAPL290119P00200000,5.7,7.25,6.475,0.0,0.0,0.0,0.0,0.0,0.326,-0.0753,0.0009,0.722,-0.0133,-0.6279,6.6988,0.0,0.0,0.0,0.0,no_change,,69.0,37.0
AAPL,2029-01-19,857,Call,210.0,AAPL290119C00210000,148.5,153.0,150.75,0.0,0.0,0.0,0.0,0.0,0.3258,0.92,0.0009,0.7776,0.0,3.6052,150.6312,0.0,0.0,0.0,0.0,no_change,,7.0,7.0
AAPL,2029-01-19,857,Put,210.0,AAPL290119P00210000,7.65,8.45,8.05,8.0,8.0,0.0,1.0,0.0,0.3249,-0.0886,0.001,0.8136,-0.0149,-0.7318,7.9991,8.0,8.0,8.0,0.0,up,2026-09-15T11:10:41,1.0,32.0
AAPL,2029-01-19,857,Call,220.0,AAPL290119C00220000,141.0,145.5,143.25,0.0,0.0,0.0,0.0,0.0,0.3213,0.9068,0.001,0.8678,0.0,3.6793,143.1142,0.0,0.0,0.0,0.0,no_change,,7.0,7.0
AAPL,2029-01-19,857,Put,220.0,AAPL290119P00220000,8.4,9.8,9.100000000000001,9.64,9.64,0.0,1.0,0.0,0.3154,-0.1032,0.0012,0.9085,-0.0165,-0.8413,9.4795,9.64,9.64,9.64,0.0,up,2026-09-15T10:09:18,185.0,14.0
AAPL,2029-01-19,857,Call,230.0,AAPL290119C00230000,134.0,138.0,136.0,135.0,-4.05,-2.91262,1.0,6.0,0.3179,0.8924,0.0012,0.9592,-0.0008,3.7401,135.7793,135.0,135.0,135.0,139.049995422363,down,2026-09-15T11:06:30,64.0,31.0
AAPL,2029-01-19,857,Put,230.0,AAPL290119P00230000,10.65,11.6,11.125,11.3,0.0,2.53188e-06,1.0,20.0,0.3151,-0.1195,0.0013,1.0059,-0.0181,-0.962,11.1686,11.3,11.3,11.3,11.2999997138977,up,2026-09-15T10:38:02,20.0,71.0
AAPL,2029-01-19,857,Call,240.0,AAPL290119C00240000,126.5,131.0,128.75,127.35,-4.625,-3.50445,2.0,0.0,0.3128,0.8767,0.0013,1.053,-0.0032,3.7866,128.6359,127.35,127.35,127.35,131.974998474121,down,2026-09-15T10:31:37,15.0,10.0
AAPL,2029-01-19,857,Put,240.0,AAPL290119P00240000,12.25,13.15,12.7,13.15,0.075,0.573612,10.0,2.0,0.3083,-0.1374,0.0015,1.104,-0.0198,-1.0916,13.076,13.2,13.2,13.1,13.0750002861023,no_change,2026-09-15T15:40:52,132.0,3.0
AAPL,2029-01-19,857,Call,250.0,AAPL290119C00250000,120.0,124.0,122.0,120.48,-4.395,-3.51952,35.0,271.0,0.3108,0.8598,0.0014,1.1471,-0.0055,3.8175,121.6976,120.6,120.64,120.3,124.875,down,2026-09-15T11:03:00,47.0,31.0
AAPL,2029-01-19,857,Put,250.0,AAPL290119P00250000,13.0,16.15,14.575,15.4,0.475,3.18258,355.0,1.0,0.3028,-0.1568,0.0016,1.2037,-0.0214,-1.2295,15.2159,15.25,15.4,15.25,14.9250001907349,up,2026-09-15T15:17:05,294.0,72.0
AAPL,2029-01-19,857,Call,260.0,AAPL290119C00260000,113.0,117.0,115.0,113.74,-4.51,-3.81395,1.0,2.0,0.3051,0.8417,0.0016,1.2399,-0.0078,3.8364,114.972,113.74,113.74,113.74,118.25,down,2026-09-15T15:18:35,72.0,64.0
AAPL,2029-01-19,857,Put,260.0,AAPL290119P00260000,16.1,19.05,17.575000000000003,0.0,0.0,0.0,0.0,0.0,0.3046,-0.1778,0.0018,1.298,-0.0231,-1.3726,17.61,0.0,0.0,0.0,17.3499999046326,no_change,,2.0,9.0
AAPL,2029-01-19,857,Call,270.0,AAPL290119C00270000,106.5,110.5,108.5,111.65,0.0,0.0,0.0,3.0,0.3013,0.8225,0.0017,1.3322,-0.01,3.8382,108.4693,0.0,0.0,0.0,111.75,up,2026-09-14T12:47:31,20.0,7.0
AAPL,2029-01-19,857,Put,270.0,AAPL290119P00270000,18.75,22.0,20.375,20.25,-0.1,-0.491402,1.0,0.0,0.3062,-0.2005,0.002,1.3932,-0.0248,-1.5163,20.2664,20.25,20.25,20.25,20.3500003814697,down,2026-09-15T11:21:45,6.0,6.0
AAPL,2029-01-19,857,Call,280.0,AAPL290119C00280000,100.5,104.5,102.5,101.45,-3.85,-3.65622,70.0,2.0,0.3012,0.8022,0.0018,1.4204,-0.0122,3.8293,102.1974,101.69,102.23,100.9,105.299999237061,up,2026-09-15T14:18:42,98.0,24.0
AAPL,2029-01-19,857,Put,280.0,AAPL290119P00280000,22.5,24.5,23.5,23.29,0.59,2.59912,1.0,0.0,0.3011,-0.2246,0.0022,1.4839,-0.0264,-1.6693,23.1942,23.29,23.29,23.29,22.6999998092651,up,2026-09-15T09:36:49,33.0,42.0
AAPL,2029-01-19,857,Call,290.0,AAPL290119C00290000,94.5,98.5,96.5,97.15,-2.025,-2.04184,6.0,0.0,0.2987,0.781,0.002,1.5059,-0.0142,3.8058,96.1602,95.37,97.15,95.1,99.1749992370606,up,2026-09-15T15:50:40,55.0,23.0
AAPL,2029-01-19,857,Put,290.0,AAPL290119P00290000,24.1,26.7,25.4,26.75,1.575,6.25621,1.0,20.0,0.2897,-0.2507,0.0024,1.5687,-0.028,-1.8121,26.4414,26.75,26.75,26.75,25.1750001907349,up,2026-09-15T10:37:09,215.0,1.0
AAPL,2029-01-19,857,Call,300.0,AAPL290119C00300000,88.5,92.5,90.5,90.25,-2.95,-3.16524,18.0,44.0,0.2949,0.7589,0.0021,1.5865,-0.0161,3.7694,90.3659,88.73,90.25,88.73,93.2000007629394,up,2026-09-15T12:07:10,109.0,26.0
AAPL,2029-01-19,857,Put,300.0,AAPL290119P00300000,27.5,31.25,29.375,29.5,0.0,0.0,0.0,2.0,0.2905,-0.2778,0.0026,1.6459,-0.0295,-1.9657,29.9511,0.0,0.0,0.0,29.3250007629394,up,2026-09-14T13:39:53,25.0,25.0
AAPL,2029-01-19,857,Call,310.0,AAPL290119C00310000,83.0,87.0,85.0,84.4,-3.125,-3.57041,1.0,4.0,0.2929,0.7361,0.0022,1.6611,-0.0179,3.7241,84.8144,84.4,84.4,84.4,87.5250015258789,down,2026-09-15T15:05:27,92.0,7.0
AAPL,2029-01-19,857,Put,310.0,AAPL290119P00310000,31.5,35.5,33.5,34.27,1.095,3.30068,2.0,1.0,0.2947,-0.3064,0.0028,1.7134,-0.031,-2.1086,33.7749,33.25,34.27,33.25,33.1749992370606,up,2026-09-15T10:42:46,1.0,31.0
AAPL,2029-01-19,857,Call,320.0,AAPL290119C00320000,77.5,81.5,79.5,78.29,-4.16,-5.04548,16.0,54.0,0.2896,0.7127,0.0023,1.7304,-0.0196,3.6642,79.5091,78.35,78.45,78.29,82.4500007629394,down,2026-09-15T11:58:41,49.0,6.0
AAPL,2029-01-19,857,Put,320.0,AAPL290119P00320000,35.5,39.5,37.5,36.6,0.0,0.0,0.0,1.0,0.2875,-0.3361,0.003,1.7721,-0.0323,-2.2449,37.8899,0.0,0.0,0.0,37.5249996185303,up,2026-09-14T13:29:52,36.0,7.0
AAPL,2029-01-19,857,Call,330.0,AAPL290119C00330000,72.5,76.5,74.5,74.09,-3.485,-4.49243,30.0,29.0,0.288,0.6888,0.0024,1.7922,-0.0211,3.5976,74.4513,73.53,74.09,72.15,77.5750007629394,up,2026-09-15T15:52:48,44.0,17.0
AAPL,2029-01-19,857,Put,330.0,AAPL290119P00330000,40.55,44.0,42.275,42.85,1.175,2.81944,10.0,18.0,0.29,-0.3673,0.0032,1.8186,-0.0336,-2.3581,42.3575,42.7,42.85,42.7,41.6749992370606,up,2026-09-15T09:51:49,9.0,2.0
AAPL,2029-01-19,857,Call,340.0,AAPL290119C00340000,68.0,71.5,69.75,69.36,-2.865,-3.96677,76.0,62.0,0.2866,0.6644,0.0025,1.8469,-0.0224,3.522,69.6367,69.18,69.39,68.58,72.2250022888184,no_change,2026-09-15T13:49:34,24.0,9.0
AAPL,2029-01-19,857,Put,340.0,AAPL290119P00340000,45.3,49.0,47.15,0.0,0.0,0.0,0.0,0.0,0.2874,-0.3994,0.0033,1.8528,-0.0348,-2.4685,47.1299,0.0,0.0,0.0,46.2250003814697,no_change,,7.0,7.0
AAPL,2029-01-19,857,Call,350.0,AAPL290119C00350000,63.0,66.75,64.875,64.22,-3.48,-5.14032,24.0,99.0,0.2833,0.6399,0.0026,1.8944,-0.0236,3.4358,65.0667,65.05,65.05,64.13,67.6999969482422,up,2026-09-15T13:17:52,204.0,67.0
AAPL,2029-01-19,857,Put,350.0,AAPL290119P00350000,50.35,53.95,52.150000000000006,0.0,0.0,0.0,0.0,0.0,0.2864,-0.4329,0.0035,1.8768,-0.036,-2.5819,52.2443,0.0,0.0,0.0,51.25,no_change,,5.0,3.0
AAPL,2029-01-19,857,Call,360.0,AAPL290119C00360000,58.5,62.5,60.5,59.95,-3.675,-5.77603,6.0,10.0,0.2826,0.6152,0.0027,1.9338,-0.0246,3.347,60.7363,60.3,60.42,59.95,63.625,down,2026-09-15T11:53:08,1.0,1.0
AAPL,2029-01-19,857,Put,360.0,AAPL290119P00360000,55.5,59.15,57.325,56.89,0.0,0.0,0.0,2.0,0.2808,-0.4674,0.0037,1.8821,-0.037,-2.6605,57.6956,0.0,0.0,0.0,56.375,up,2026-09-14T13:56:36,10.0,7.0
AAPL,2029-01-19,857,Call,370.0,AAPL290119C00370000,55.0,58.5,56.75,57.0,-1.95,-3.30789,5.0,6.0,0.2818,0.5905,0.0027,1.9654,-0.0255,3.2502,56.6393,56.25,57.0,55.95,58.9500007629394,up,2026-09-15T15:58:16,40.0,31.0
AAPL,2029-01-19,857,Put,370.0,AAPL290119P00370000,61.35,65.0,63.175,0.0,0.0,0.0,0.0,0.0,0.2822,-0.5029,0.0039,1.8629,-0.038,-2.6766,63.4962,0.0,0.0,0.0,61.75,no_change,,11.0,7.0
AAPL,2029-01-19,857,Call,380.0,AAPL290119C00380000,50.5,54.5,52.5,52.9,-2.35,-4.25339,8.0,6.0,0.2798,0.5658,0.0028,1.9893,-0.0262,3.1473,52.7742,52.51,53.07,52.51,55.25,down,2026-09-15T14:19:59,1.0,10.0
AAPL,2029-01-19,857,Put,380.0,AAPL290119P00380000,67.5,71.5,69.5,0.0,0.0,0.0,0.0,0.0,0.2794,-0.5388,0.0041,1.8496,-0.0388,-2.6977,69.5921,0.0,0.0,0.0,67.7750015258789,no_change,,20.0,6.0
AAPL,2029-01-19,857,Call,390.0,AAPL290119C00390000,47.0,50.5,48.75,51.25,0.0,0.0,0.0,2.0,0.2768,0.5414,0.0028,2.0056,-0.0267,3.0447,49.1321,0.0,0.0,0.0,51.7000007629394,up,2026-09-14T14:46:27,10.0,8.0
AAPL,2029-01-19,857,Put,390.0,AAPL290119P00390000,73.6,78.0,75.8,0.0,0.0,0.0,0.0,0.0,0.2773,-0.5759,0.0042,1.8065,-0.0396,-2.7628,76.055,0.0,0.0,0.0,74.2249984741211,no_change,,13.0,7.0
AAPL,2029-01-19,857,Call,400.0,AAPL290119C00400000,44.0,47.0,45.5,44.95,-3.075,-6.40291,21.0,85.0,0.2765,0.5173,0.0028,2.0143,-0.0272,2.9363,45.7057,45.2,45.2,44.95,48.0249996185303,down,2026-09-15T13:17:52,30.0,17.0
AAPL,2029-01-19,857,Put,400.0,AAPL290119P00400000,80.5,84.5,82.5,83.4,2.65,3.28173,3.0,1.0,0.2754,-0.6137,0.0044,1.7233,-0.0403,-2.6689,82.8619,81.35,83.43,81.35,80.75,down,2026-09-15T15:49:26,124.0,11.0
AAPL,2029-01-19,857,Call,410.0,AAPL290119C00410000,40.5,44.45,42.475,42.0,0.0,0.0,0.0,20.0,0.2764,0.4936,0.0028,2.0157,-0.0274,2.8252,42.4909,0.0,0.0,0.0,44.1499996185303,down,2026-09-14T15:58:17,10.0,10.0
AAPL,2029-01-19,857,Put,410.0,AAPL290119P00410000,87.85,91.5,89.675,88.6,0.0,0.0,0.0,2.0,0.2746,-0.6516,0.0046,1.6626,-0.0408,-2.5267,89.9732,0.0,0.0,0.0,87.75,up,2026-09-14T11:08:24,6.0,12.0
AAPL,2029-01-19,857,Call,420.0,AAPL290119C00420000,37.5,41.5,39.5,0.0,0.0,0.0,0.0,0.0,0.2766,0.4703,0.0029,2.0108,-0.0276,2.7166,39.4775,0.0,0.0,0.0,0.0,no_change,,1.0,2.0
AAPL,2029-01-19,857,Put,420.0,AAPL290119P00420000,95.0,99.0,97.0,0.0,0.0,0.0,0.0,0.0,0.2727,-0.6906,0.0047,1.5738,-0.0414,-2.5694,97.4327,0.0,0.0,0.0,0.0,no_change,,4.0,10.0
AAPL,2029-01-19,857,Call,430.0,AAPL290119C00430000,34.5,38.5,36.5,0.0,0.0,0.0,0.0,0.0,0.2738,0.4475,0.0028,1.9993,-0.0276,2.6053,36.6565,0.0,0.0,0.0,0.0,no_change,,10.0,2.0
AAPL,2029-01-19,857,Put,430.0,AAPL290119P00430000,103.0,106.5,104.75,0.0,0.0,0.0,0.0,0.0,0.271,-0.7302,0.0049,1.4049,-0.0416,-2.3127,105.248,0.0,0.0,0.0,0.0,no_change,,15.0,7.0
AAPL,2029-01-19,857,Call,440.0,AAPL290119C00440000,32.0,35.75,33.875,0.0,0.0,0.0,0.0,0.0,0.2731,0.4254,0.0028,1.9815,-0.0275,2.4927,34.0228,0.0,0.0,0.0,0.0,no_change,,1.0,10.0
AAPL,2029-01-19,857,Put,440.0,AAPL290119P00440000,111.5,115.0,113.25,0.0,0.0,0.0,0.0,0.0,0.2731,-0.7696,0.0051,1.3249,-0.0419,-1.974,113.3298,0.0,0.0,0.0,0.0,no_change,,7.0,17.0
AAPL,2029-01-19,857,Call,450.0,AAPL290119C00450000,29.5,33.5,31.5,0.0,0.0,0.0,0.0,0.0,0.2727,0.4039,0.0028,1.9591,-0.0274,2.3846,31.566,0.0,0.0,0.0,0.0,no_change,,10.0,2.0
AAPL,2029-01-19,857,Put,450.0,AAPL290119P00450000,119.5,123.5,121.5,0.0,0.0,0.0,0.0,0.0,0.2728,-0.8104,0.0052,1.1495,-0.0427,-1.9953,121.7829,0.0,0.0,0.0,0.0,no_change,,10.0,1.0
AAPL,2029-01-19,857,Call,460.0,AAPL290119C00460000,27.0,31.0,29.0,0.0,0.0,0.0,0.0,0.0,0.271,0.3831,0.0028,1.9318,-0.0271,2.2772,29.2758,0.0,0.0,0.0,0.0,no_change,,45.0,9.0
AAPL,2029-01-19,857,Put,460.0,AAPL290119P00460000,128.0,132.4,130.2,0.0,0.0,0.0,0.0,0.0,0.2681,-0.8516,0.0054,0.9104,-0.0435,-1.4798,130.5613,0.0,0.0,0.0,0.0,no_change,,13.0,8.0
AAPL,2029-01-19,857,Call,470.0,AAPL290119C00470000,25.0,28.7,26.85,0.0,0.0,0.0,0.0,0.0,0.2702,0.363,0.0027,1.8992,-0.0268,2.1689,27.1461,0.0,0.0,0.0,0.0,no_change,,41.0,26.0
AAPL,2029-01-19,857,Put,470.0,AAPL290119P00470000,137.0,142.0,139.5,0.0,0.0,0.0,0.0,0.0,0.2706,-0.8917,0.0056,0.8201,-0.0437,-1.043,139.5725,0.0,0.0,0.0,0.0,no_change,,7.0,7.0
AAPL,2029-01-19,857,Call,480.0,AAPL290119C00480000,23.0,26.35,24.675,25.09,25.09,0.0,1.0,0.0,0.2686,0.3438,0.0027,1.8635,-0.0263,2.0654,25.1681,25.09,25.09,25.09,0.0,up,2026-09-15T15:00:02,51.0,21.0
AAPL,2029-01-19,857,Put,480.0,AAPL290119P00480000,146.5,151.5,149.0,0.0,0.0,0.0,0.0,0.0,0.2708,-0.924,0.0049,0.4679,-0.0454,-0.8422,149.0239,0.0,0.0,0.0,0.0,no_change,,7.0,7.0
AAPL,2029-01-19,857,Call,490.0,AAPL290119C00490000,21.5,24.55,23.025,23.15,23.15,0.0,1.0,0.0,0.2691,0.3252,0.0026,1.8252,-0.0258,1.9661,23.3308,23.15,23.15,23.15,0.0,up,2026-09-15T10:05:09,24.0,8.0
AAPL,2029-01-19,857,Put,490.0,AAPL290119P00490000,156.0,161.0,158.5,0.0,0.0,0.0,0.0,0.0,0.2755,-0.9517,0.0038,0.2906,-0.0474,0.0,158.6951,0.0,0.0,0.0,0.0,no_change,,2.0,2.0
AAPL,2029-01-19,857,Call,500.0,AAPL290119C00500000,19.5,23.5,21.5,0.0,0.0,0.0,0.0,0.0,0.2694,0.3075,0.0026,1.7833,-0.0253,1.8671,21.6267,0.0,0.0,0.0,0.0,no_change,,1.0,1.0
AAPL,2029-01-19,857,Put,500.0,AAPL290119P00500000,166.0,171.0,168.5,0.0,0.0,0.0,0.0,0.0,0.0,-0.9724,0.0022,0.0,-0.0474,0.0,168.6951,0.0,0.0,0.0,0.0,no_change,,2.0,2.0
AAPL,2029-01-19,857,Call,510.0,AAPL290119C00510000,18.0,21.35,19.675,0.0,0.0,0.0,0.0,0.0,0.2679,0.2905,0.0025,1.7385,-0.0248,1.771,20.0493,0.0,0.0,0.0,0.0,no_change,,48.0,12.0
AAPL,2029-01-19,857,Put,510.0,AAPL290119P00510000,176.0,181.0,178.5,0.0,0.0,0.0,0.0,0.0,0.2954,-0.9874,0.001,0.0,-0.0474,0.0,178.6951,0.0,0.0,0.0,0.0,no_change,,2.0,2.0
AAPL,2029-01-19,857,Call,520.0,AAPL290119C00520000,16.5,20.1,18.3,0.0,0.0,0.0,0.0,0.0,0.2681,0.2744,0.0024,1.6929,-0.0241,1.6808,18.5889,0.0,0.0,0.0,0.0,no_change,,37.0,6.0
AAPL,2029-01-19,857,Put,520.0,AAPL290119P00520000,186.0,191.0,188.5,0.0,0.0,0.0,0.0,0.0,0.3049,-0.9977,0.0002,0.0,-0.0474,0.0,188.6951,0.0,0.0,0.0,0.0,no_change,,2.0,2.0
AAPL,2029-01-19,857,Call,530.0,AAPL290119C00530000,15.0,19.5,17.25,0.0,0.0,0.0,0.0,0.0,0.2696,0.259,0.0024,1.6463,-0.0235,1.594,17.2366,0.0,0.0,0.0,0.0,no_change,,232.0,9.0
AAPL,2029-01-19,857,Put,530.0,AAPL290119P00530000,196.0,201.0,198.5,0.0,0.0,0.0,0.0,0.0,0.3142,-1.0,0.0,0.0,-0.0474,0.0,198.6951,0.0,0.0,0.0,0.0,no_change,,2.0,2.0
AAPL,2029-01-19,857,Call,540.0,AAPL290119C00540000,13.5,18.0,15.75,0.0,0.0,0.0,0.0,0.0,0.2679,0.2444,0.0023,1.5976,-0.0228,1.5086,15.9865,0.0,0.0,0.0,0.0,no_change,,212.0,7.0
AAPL,2029-01-19,857,Put,540.0,AAPL290119P00540000,206.0,211.0,208.5,0.0,0.0,0.0,0.0,0.0,0.3233,-1.0,0.0,0.0,-0.0474,0.0,208.6951,0.0,0.0,0.0,0.0,no_change,,2.0,2.0
AAPL,2029-01-19,857,Call,550.0,AAPL290119C00550000,12.7,17.0,14.85,0.0,0.0,0.0,0.0,0.0,0.2694,0.2305,0.0022,1.5475,-0.0222,1.4267,14.8256,0.0,0.0,0.0,0.0,no_change,,103.0,7.0
AAPL,2029-01-19,857,Put,550.0,AAPL290119P00550000,216.0,221.0,218.5,0.0,0.0,0.0,0.0,0.0,0.3322,-1.0,0.0,0.0,-0.0474,0.0,218.6951,0.0,0.0,0.0,0.0,no_change,,2.0,2.0
AAPL,2029-01-19,857,Call,560.0,AAPL290119C00560000,12.05,15.05,13.55,0.0,0.0,0.0,0.0,0.0,0.2678,0.2174,0.0022,1.4985,-0.0215,1.351,13.7592,0.0,0.0,0.0,0.0,no_change,,27.0,20.0
AAPL,2029-01-19,857,Put,560.0,AAPL290119P00560000,226.0,231.0,228.5,0.0,0.0,0.0,0.0,0.0,0.3408,-1.0,0.0,0.0,-0.0474,0.0,228.6951,0.0,0.0,0.0,0.0,no_change,,2.0,2.0
AAPL,2029-01-19,857,Call,570.0,AAPL290119C00570000,10.5,15.0,12.75,0.0,0.0,0.0,0.0,0.0,0.269,0.205,0.0021,1.4499,-0.0208,1.2786,12.7733,0.0,0.0,0.0,0.0,no_change,,147.0,7.0
AAPL,2029-01-19,857,Put,570.0,AAPL290119P00570000,236.0,241.0,238.5,0.0,0.0,0.0,0.0,0.0,0.3493,-1.0,0.0,0.0,-0.0474,0.0,238.6951,0.0,0.0,0.0,0.0,no_change,,2.0,2.0
AAPL,2029-01-19,857,Call,580.0,AAPL290119C00580000,9.5,13.1,11.3,0.0,0.0,0.0,0.0,0.0,0.265,0.1932,0.002,1.4005,-0.0201,1.208,11.8629,0.0,0.0,0.0,0.0,no_change,,191.0,35.0
AAPL,2029-01-19,857,Put,580.0,AAPL290119P00580000,246.0,251.0,248.5,0.0,0.0,0.0,0.0,0.0,0.3577,-1.0,0.0,0.0,-0.0474,0.0,248.6951,0.0,0.0,0.0,0.0,no_change,,2.0,2.0
AAPL,2029-01-19,857,Call,590.0,AAPL290119C00590000,10.15,12.3,11.225000000000001,0.0,0.0,0.0,0.0,0.0,0.2707,0.1822,0.0019,1.351,-0.0194,1.141,11.023,0.0,0.0,0.0,0.0,no_change,,10.0,10.0
AAPL,2029-01-19,857,Put,590.0,AAPL290119P00590000,256.0,261.0,258.5,0.0,0.0,0.0,0.0,0.0,0.3658,-1.0,0.0,0.0,-0.0474,0.0,258.6951,0.0,0.0,0.0,0.0,no_change,,2.0,2.0
AAPL,2029-01-19,857,Call,600.0,AAPL290119C00600000,9.5,12.15,10.825,9.75,9.75,0.0,2.0,0.0,0.2738,0.1717,0.0019,1.3028,-0.0188,1.0788,10.2475,9.75,9.75,9.75,0.0,up,2026-09-15T14:26:55,2.0,60.0
AAPL,2029-01-19,857,Put,600.0,AAPL290119P00600000,266.0,271.0,268.5,0.0,0.0,0.0,0.0,0.0,0.0,-1.0,0.0,0.0,-0.0474,0.0,268.6951,0.0,0.0,0.0,0.0,no_change,,2.0,2.0
