root,expiration,dte,type,strike,option,bid,ask,mid,last_trade_price,change,percent_change,volume,open_interest,iv,delta,gamma,vega,theta,rho,theo,open,high,low,prev_day_close,tick,last_trade_time,bid_size,ask_size
AAPL,2026-08-07,1,Call,110.0,AAPL260807C00110000,204.6,207.85,206.225,196.4,0.0,0.0,0.0,5.0,6.047,1.0,0.0,0.0,0.0,0.009,205.8966,0.0,0.0,0.0,199.875,up,2026-08-04T11:42:52,53.0,17.0
AAPL,2026-08-07,1,Put,110.0,AAPL260807P00110000,0.0,0.01,0.005,0.01,0.005,100.0,1.0,114.0,5.2832,0.0,0.0,0.0,-0.0001,0.0,0.0001,0.01,0.01,0.01,0.00499999988824129,no_change,2026-08-06T09:30:09,0.0,2000.0
AAPL,2026-08-07,1,Call,120.0,AAPL260807C00120000,194.6,197.85,196.225,186.02,0.0,0.0,0.0,3.0,6.8937,1.0,0.0,0.0,0.0,0.0098,195.9003,0.0,0.0,0.0,189.875,down,2026-08-03T10:48:59,54.0,15.0
AAPL,2026-08-07,1,Put,120.0,AAPL260807P00120000,0.0,0.01,0.005,0.01,0.0,0.0,0.0,4.0,4.8613,0.0,0.0,0.0,-0.0002,0.0,0.0002,0.0,0.0,0.0,0.00499999988824129,up,2026-08-04T13:07:30,0.0,1000.0
AAPL,2026-08-07,1,Call,125.0,AAPL260807C00125000,189.6,192.85,191.225,184.22,0.0,0.0,0.0,2.0,5.2468,1.0,0.0,0.0,0.0,0.0103,190.9022,0.0,0.0,0.0,184.875,up,2026-08-05T14:12:03,54.0,15.0
AAPL,2026-08-07,1,Put,125.0,AAPL260807P00125000,0.0,0.01,0.005,0.0,0.0,0.0,0.0,0.0,4.6635,0.0,0.0,0.0,-0.0002,0.0,0.0002,0.0,0.0,0.0,0.00499999988824129,no_change,,0.0,1000.0
AAPL,2026-08-07,1,Call,130.0,AAPL260807C00130000,184.6,187.8,186.2,179.17,0.0,0.0,0.0,1.0,5.0,1.0,0.0,0.0,0.0,0.0107,185.9041,0.0,0.0,0.0,179.875,up,2026-08-05T12:21:36,57.0,1.0
AAPL,2026-08-07,1,Put,130.0,AAPL260807P00130000,0.0,0.01,0.005,0.0,0.0,0.0,0.0,0.0,4.4734,0.0,0.0,0.0,-0.0003,0.0,0.0003,0.0,0.0,0.0,0.00499999988824129,no_change,,0.0,1000.0
AAPL,2026-08-07,1,Call,135.0,AAPL260807C00135000,179.6,182.8,181.2,174.25,0.0,0.0,0.0,45.0,4.7615,1.0,0.0,0.0,0.0,0.0111,180.9059,0.0,0.0,0.0,174.800003051758,up,2026-08-05T15:18:05,167.0,1.0
AAPL,2026-08-07,1,Put,135.0,AAPL260807P00135000,0.0,0.01,0.005,0.16,0.0,0.0,0.0,2003.0,4.2905,0.0,0.0,0.0,-0.0004,0.0,0.0004,0.0,0.0,0.0,0.00499999988824129,up,2026-08-03T10:35:09,0.0,14332.0
AAPL,2026-08-07,1,Call,140.0,AAPL260807C00140000,174.6,177.8,176.2,169.4,0.0,0.0,0.0,48.0,5.6568,1.0,0.0,0.0,0.0,0.0115,175.9078,0.0,0.0,0.0,169.775001525879,up,2026-08-05T15:20:18,155.0,2.0
AAPL,2026-08-07,1,Put,140.0,AAPL260807P00140000,0.0,0.01,0.005,0.01,0.0,0.0,0.0,1116.0,4.1142,0.0,0.0,0.0,-0.0005,0.0,0.0005,0.0,0.0,0.0,0.00499999988824129,no_change,2026-07-31T15:41:33,0.0,1000.0
AAPL,2026-08-07,1,Call,145.0,AAPL260807C00145000,169.6,172.3,170.95,164.41,0.0,0.0,0.0,17.0,4.3061,1.0,0.0,0.0,0.0,0.0119,170.9097,0.0,0.0,0.0,164.850006103516,up,2026-08-05T15:20:18,52.0,14.0
AAPL,2026-08-07,1,Put,145.0,AAPL260807P00145000,0.0,0.01,0.005,0.02,0.0,0.0,0.0,1123.0,3.9441,0.0,0.0,0.0,-0.0006,0.0,0.0006,0.0,0.0,0.0,0.00499999988824129,up,2026-08-03T10:02:04,0.0,1000.0
AAPL,2026-08-07,1,Call,150.0,AAPL260807C00150000,164.6,167.3,165.95,159.25,0.0,0.0,0.0,19.0,4.6879,1.0,0.0,0.0,0.0,0.0123,165.9117,0.0,0.0,0.0,159.875,up,2026-08-05T15:21:40,137.0,20.0
AAPL,2026-08-07,1,Put,150.0,AAPL260807P00150000,0.0,0.51,0.255,0.01,0.0,0.0,0.0,3.0,5.4869,0.0,0.0,0.0,-0.0007,0.0,0.0007,0.0,0.0,0.0,0.0149999996647239,down,2026-08-05T10:49:49,0.0,33.0
AAPL,2026-08-07,1,Call,155.0,AAPL260807C00155000,159.6,162.8,161.2,154.82,0.0,0.0,0.0,19.0,5.2833,1.0,0.0,0.0,0.0,0.0127,160.9136,0.0,0.0,0.0,154.800003051758,up,2026-08-05T15:45:43,115.0,1.0
AAPL,2026-08-07,1,Put,155.0,AAPL260807P00155000,0.0,0.07,0.035,0.1,0.0,0.0,0.0,23.0,4.2386,-0.0001,0.0,0.0,-0.0009,0.0,0.0009,0.0,0.0,0.0,0.0149999996647239,no_change,2026-08-05T12:10:24,0.0,17.0
AAPL,2026-08-07,1,Call,160.0,AAPL260807C00160000,154.6,157.35,155.975,149.84,0.0,0.0,0.0,3.0,3.6628,0.9999,0.0,0.0001,0.0,0.0131,155.9156,0.0,0.0,0.0,149.875,down,2026-08-05T15:45:43,52.0,22.0
AAPL,2026-08-07,1,Put,160.0,AAPL260807P00160000,0.0,0.01,0.005,0.01,0.0,0.0,0.0,1110.0,3.4664,-0.0001,0.0,0.0001,-0.001,0.0,0.001,0.0,0.0,0.0,0.00499999988824129,no_change,2026-08-05T10:33:58,0.0,1.0
AAPL,2026-08-07,1,Call,165.0,AAPL260807C00165000,149.65,152.8,151.22500000000002,144.1,0.0,0.0,0.0,2.0,4.848,0.9999,0.0,0.0001,0.0,0.0135,150.9176,0.0,0.0,0.0,144.75,up,2026-08-05T14:10:55,156.0,1.0
AAPL,2026-08-07,1,Put,165.0,AAPL260807P00165000,0.0,0.01,0.005,0.01,0.0,0.0,0.0,1055.0,3.3168,-0.0001,0.0,0.0001,-0.0012,0.0,0.0012,0.0,0.0,0.0,0.00499999988824129,no_change,2026-08-05T09:30:02,0.0,1000.0
AAPL,2026-08-07,1,Call,170.0,AAPL260807C00170000,144.65,147.3,145.97500000000002,134.9,0.0,0.0,0.0,1.0,3.9001,0.9999,0.0,0.0001,0.0,0.014,145.9196,0.0,0.0,0.0,139.75,down,2026-08-03T12:24:02,56.0,12.0
AAPL,2026-08-07,1,Put,170.0,AAPL260807P00170000,0.0,0.13,0.065,0.1,0.0,0.0,0.0,93.0,3.9539,-0.0001,0.0,0.0001,-0.0014,0.0,0.0014,0.0,0.0,0.0,0.0599999986588955,no_change,2026-08-05T13:03:10,0.0,33.0
AAPL,2026-08-07,1,Call,175.0,AAPL260807C00175000,139.65,142.3,140.97500000000002,0.0,0.0,0.0,0.0,0.0,3.0324,0.9999,0.0,0.0001,0.0,0.0144,140.9216,0.0,0.0,0.0,134.900001525879,no_change,,50.0,30.0
AAPL,2026-08-07,1,Put,175.0,AAPL260807P00175000,0.0,0.17,0.085,0.07,0.0,0.0,0.0,18.0,3.8911,-0.0001,0.0,0.0001,-0.0017,0.0,0.0017,0.0,0.0,0.0,0.00999999977648258,no_change,2026-08-05T13:13:05,0.0,34.0
AAPL,2026-08-07,1,Call,180.0,AAPL260807C00180000,134.65,137.3,135.97500000000002,127.47,0.0,0.0,0.0,2.0,2.806,0.9999,0.0,0.0001,0.0,0.0148,135.9237,0.0,0.0,0.0,129.924995422363,up,2026-08-05T10:29:44,56.0,21.0
AAPL,2026-08-07,1,Put,180.0,AAPL260807P00180000,0.0,0.29,0.145,0.07,0.0,0.0,0.0,10.0,3.9535,-0.0002,0.0,0.0001,-0.0019,0.0,0.0019,0.0,0.0,0.0,0.0750000029802322,no_change,2026-08-05T13:17:21,0.0,33.0
AAPL,2026-08-07,1,Call,185.0,AAPL260807C00185000,129.65,132.8,131.22500000000002,129.27,4.345,3.47809,1.0,2.0,2.5365,0.9998,0.0,0.0001,0.0,0.0152,130.9258,129.27,129.27,129.27,124.924999237061,up,2026-08-06T09:37:46,53.0,11.0
AAPL,2026-08-07,1,Put,185.0,AAPL260807P00185000,0.0,0.01,0.005,0.01,-0.065,-86.6667,2.0,3.0,2.7596,-0.0002,0.0,0.0001,-0.0022,0.0,0.0022,0.15,0.15,0.01,0.0750000029802322,down,2026-08-06T09:40:45,0.0,1000.0
AAPL,2026-08-07,1,Call,190.0,AAPL260807C00190000,124.65,127.8,126.225,124.35,4.425,3.68981,1.0,3.0,0.0,0.9998,0.0,0.0001,0.0,0.0156,125.9279,124.35,124.35,124.35,119.924999237061,up,2026-08-06T09:37:46,164.0,16.0
AAPL,2026-08-07,1,Put,190.0,AAPL260807P00190000,0.0,0.13,0.065,0.07,0.0,0.0,0.0,4.0,3.2922,-0.0002,0.0,0.0001,-0.0025,0.0,0.0025,0.0,0.0,0.0,0.0750000029802322,no_change,2026-08-05T13:19:26,0.0,30.0
AAPL,2026-08-07,1,Call,195.0,AAPL260807C00195000,119.65,122.9,121.275,114.4,0.0,0.0,0.0,5.0,0.0,0.9998,0.0,0.0002,0.0,0.016,120.93,0.0,0.0,0.0,114.924999237061,up,2026-08-05T15:24:33,53.0,25.0
AAPL,2026-08-07,1,Put,195.0,AAPL260807P00195000,0.0,0.15,0.075,0.15,0.125,500.0,1.0,2.0,3.1858,-0.0003,0.0,0.0002,-0.0028,0.0,0.0029,0.15,0.15,0.15,0.025000000372529,up,2026-08-06T09:46:30,0.0,157.0
AAPL,2026-08-07,1,Call,200.0,AAPL260807C00200000,114.65,117.35,116.0,108.02,0.0,0.0,0.0,1.0,0.0,0.9997,0.0,0.0002,0.0,0.0164,115.9322,0.0,0.0,0.0,109.924999237061,no_change,2026-08-05T09:58:54,167.0,13.0
AAPL,2026-08-07,1,Put,200.0,AAPL260807P00200000,0.0,0.01,0.005,0.01,0.0,0.0,0.0,81.0,2.3781,-0.0003,0.0,0.0002,-0.0032,0.0,0.0032,0.0,0.0,0.0,0.00499999988824129,no_change,2026-08-03T09:35:37,0.0,2.0
AAPL,2026-08-07,1,Call,205.0,AAPL260807C00205000,109.65,112.35,111.0,104.02,0.0,0.0,0.0,2.0,2.8568,0.9997,0.0,0.0002,0.0,0.0168,110.9344,0.0,0.0,0.0,104.924999237061,up,2026-08-05T12:52:46,118.0,18.0
AAPL,2026-08-07,1,Put,205.0,AAPL260807P00205000,0.0,0.33,0.165,0.02,0.0,0.0,0.0,62.0,3.164,-0.0004,0.0,0.0002,-0.0036,0.0,0.0036,0.0,0.0,0.0,0.00499999988824129,no_change,2026-08-05T10:29:53,0.0,33.0
AAPL,2026-08-07,1,Call,210.0,AAPL260807C00210000,104.65,107.3,105.975,101.36,0.0,0.0,0.0,4.0,2.3668,0.9996,0.0,0.0003,0.0,0.0172,105.9366,0.0,0.0,0.0,99.9249992370606,no_change,2026-08-05T15:58:32,148.0,15.0
AAPL,2026-08-07,1,Put,210.0,AAPL260807P00210000,0.0,0.01,0.005,0.01,-0.14,-93.3333,2.0,21.0,2.1384,-0.0004,0.0,0.0003,-0.004,0.0,0.004,0.15,0.15,0.01,0.150000005960464,down,2026-08-06T09:40:49,0.0,1000.0
AAPL,2026-08-07,1,Call,215.0,AAPL260807C00215000,99.65,102.3,100.975,99.43,4.505,4.74585,1.0,9.0,2.2184,0.9995,0.0,0.0003,0.0,0.0176,100.9388,99.43,99.43,99.43,94.9249992370606,up,2026-08-06T09:39:31,149.0,13.0
AAPL,2026-08-07,1,Put,215.0,AAPL260807P00215000,0.0,0.13,0.065,0.08,0.0,0.0,0.0,29.0,2.5504,-0.0005,0.0,0.0003,-0.0044,0.0,0.0045,0.0,0.0,0.0,0.0500000007450581,down,2026-08-05T13:20:14,0.0,33.0
AAPL,2026-08-07,1,Call,220.0,AAPL260807C00220000,94.65,97.8,96.225,88.07,0.0,0.0,0.0,65.0,2.0727,0.9995,0.0,0.0004,0.0,0.018,95.9411,0.0,0.0,0.0,89.9249992370606,up,2026-08-05T09:59:56,172.0,16.0
AAPL,2026-08-07,1,Put,220.0,AAPL260807P00220000,0.0,0.11,0.055,0.02,0.0,0.0,0.0,675.0,2.3678,-0.0006,0.0,0.0004,-0.0049,0.0,0.0049,0.0,0.0,0.0,0.0599999986588955,down,2026-08-05T15:11:28,0.0,34.0
AAPL,2026-08-07,1,Call,225.0,AAPL260807C00225000,89.65,92.9,91.275,84.35,0.0,0.0,0.0,3.0,2.7506,0.9994,0.0001,0.0004,0.0,0.0185,90.9434,0.0,0.0,0.0,84.9249992370606,up,2026-08-05T11:33:38,53.0,15.0
AAPL,2026-08-07,1,Put,225.0,AAPL260807P00225000,0.0,0.02,0.01,0.02,0.0,0.0,0.0,51.0,1.8996,-0.0006,0.0001,0.0004,-0.0054,0.0,0.0054,0.0,0.0,0.0,0.00999999977648258,up,2026-08-03T13:39:03,0.0,10.0
AAPL,2026-08-07,1,Call,230.0,AAPL260807C00230000,84.65,87.45,86.05000000000001,79.93,0.0,0.0,0.0,23.0,2.0053,0.9993,0.0001,0.0005,0.0,0.0189,85.9457,0.0,0.0,0.0,79.9249992370606,up,2026-08-05T15:27:27,51.0,15.0
AAPL,2026-08-07,1,Put,230.0,AAPL260807P00230000,0.0,0.01,0.005,0.01,0.0,0.0,0.0,167.0,1.6883,-0.0007,0.0001,0.0005,-0.0059,0.0,0.0059,0.0,0.0,0.0,0.00499999988824129,no_change,2026-08-05T10:10:26,0.0,4.0
AAPL,2026-08-07,1,Call,235.0,AAPL260807C00235000,79.65,82.6,81.125,79.06,4.135,5.51885,1.0,14.0,2.3284,0.9992,0.0001,0.0005,0.0,0.0193,80.9481,79.06,79.06,79.06,74.9249992370606,up,2026-08-06T09:38:22,165.0,16.0
AAPL,2026-08-07,1,Put,235.0,AAPL260807P00235000,0.0,0.35,0.175,0.01,0.0,0.0,0.0,55.0,2.2726,-0.0008,0.0001,0.0005,-0.0065,0.0,0.0065,0.0,0.0,0.0,0.144999995827675,down,2026-08-03T13:21:44,0.0,31.0
AAPL,2026-08-07,1,Call,240.0,AAPL260807C00240000,74.65,77.6,76.125,74.14,4.215,6.02789,1.0,82.0,2.1795,0.9991,0.0001,0.0006,0.0,0.0197,75.9505,74.14,74.14,74.14,69.9249992370606,up,2026-08-06T09:38:22,165.0,17.0
AAPL,2026-08-07,1,Put,240.0,AAPL260807P00240000,0.0,0.01,0.005,0.03,0.0,0.0,0.0,210.0,1.4759,-0.001,0.0001,0.0006,-0.0071,0.0,0.0071,0.0,0.0,0.0,0.00499999988824129,no_change,2026-08-05T12:45:31,0.0,2.0
AAPL,2026-08-07,1,Call,245.0,AAPL260807C00245000,69.65,72.85,71.25,64.95,0.0,0.0,0.0,52.0,2.1301,0.9989,0.0001,0.0007,0.0,0.0201,70.9529,0.0,0.0,0.0,64.9249992370606,up,2026-08-05T15:27:59,155.0,15.0
AAPL,2026-08-07,1,Put,245.0,AAPL260807P00245000,0.0,0.01,0.005,0.01,0.0,0.0,0.0,396.0,1.3725,-0.0011,0.0001,0.0007,-0.0077,0.0,0.0077,0.0,0.0,0.0,0.00499999988824129,no_change,2026-08-05T14:28:50,0.0,23.0
AAPL,2026-08-07,1,Call,250.0,AAPL260807C00250000,64.7,67.15,65.92500000000001,64.41,4.61,7.70903,6.0,174.0,0.0,0.9988,0.0002,0.0008,0.0,0.0205,65.9553,65.35,65.35,64.3,59.8000011444092,down,2026-08-06T09:39:30,164.0,38.0
AAPL,2026-08-07,1,Put,250.0,AAPL260807P00250000,0.0,0.01,0.005,0.01,0.0,2.23517e-06,1.0,914.0,1.2708,-0.0013,0.0002,0.0008,-0.0083,0.0,0.0084,0.01,0.01,0.01,0.00999999977648258,no_change,2026-08-06T09:30:01,0.0,1.0
AAPL,2026-08-07,1,Call,255.0,AAPL260807C00255000,59.65,62.25,60.95,59.55,4.6,8.37125,6.0,36.0,1.36,0.9986,0.0002,0.0009,0.0,0.0209,60.9578,60.44,60.44,59.39,54.9500007629394,up,2026-08-06T09:39:30,150.0,1.0
AAPL,2026-08-07,1,Put,255.0,AAPL260807P00255000,0.0,0.06,0.03,0.01,-0.025,-71.4286,10.0,1630.0,1.3788,-0.0015,0.0002,0.0009,-0.0091,0.0,0.0091,0.01,0.01,0.01,0.034999999217689,no_change,2026-08-06T09:30:01,0.0,58.0
AAPL,2026-08-07,1,Call,257.5,AAPL260807C00257500,57.2,60.15,58.675,52.43,0.0,0.0,0.0,362.0,1.299,0.9984,0.0002,0.0009,0.0,0.0211,58.4591,0.0,0.0,0.0,52.625,up,2026-08-05T15:40:27,147.0,196.0
AAPL,2026-08-07,1,Put,257.5,AAPL260807P00257500,0.01,0.02,0.015,0.01,-0.02,-66.6667,86.0,291.0,1.2336,-0.0016,0.0002,0.0009,-0.0095,0.0,0.0095,0.01,0.05,0.01,0.0300000002607703,no_change,2026-08-06T09:46:48,4.0,1.0
AAPL,2026-08-07,1,Call,260.0,AAPL260807C00260000,54.7,57.8,56.25,49.82,0.0,0.0,0.0,288.0,1.6892,0.9983,0.0002,0.001,0.0,0.0213,55.9604,0.0,0.0,0.0,49.9749984741211,up,2026-08-05T15:28:06,128.0,251.0
AAPL,2026-08-07,1,Put,260.0,AAPL260807P00260000,0.0,0.03,0.015,0.03,0.01,50.0,5.0,1224.0,1.1802,-0.0017,0.0003,0.001,-0.0099,0.0,0.0099,0.01,0.03,0.01,0.0199999995529652,up,2026-08-06T09:30:17,0.0,163.0
AAPL,2026-08-07,1,Call,265.0,AAPL260807C00265000,49.65,52.05,50.849999999999994,41.95,0.0,0.0,0.0,65.0,0.0,0.998,0.0003,0.0012,0.0,0.0217,50.9631,0.0,0.0,0.0,44.4750003814697,up,2026-08-04T12:36:40,155.0,28.0
AAPL,2026-08-07,1,Put,265.0,AAPL260807P00265000,0.0,0.1,0.05,0.02,0.0,0.0,0.0,3609.0,1.2211,-0.002,0.0003,0.0012,-0.0107,0.0,0.0108,0.0,0.0,0.0,0.0300000002607703,down,2026-08-05T11:22:49,0.0,440.0
AAPL,2026-08-07,1,Call,270.0,AAPL260807C00270000,44.7,47.4,46.05,39.89,0.0,0.0,0.0,166.0,1.0025,0.9977,0.0004,0.0014,0.0,0.0221,45.9659,0.0,0.0,0.0,39.8000011444092,up,2026-08-05T10:49:11,140.0,130.0
AAPL,2026-08-07,1,Put,270.0,AAPL260807P00270000,0.0,0.02,0.01,0.01,-0.005,-33.3333,64.0,3246.0,0.9333,-0.0024,0.0004,0.0014,-0.0118,-0.0001,0.0118,0.01,0.01,0.01,0.0149999996647239,no_change,2026-08-06T09:46:46,0.0,61.0
AAPL,2026-08-07,1,Call,275.0,AAPL260807C00275000,39.7,41.55,40.625,39.44,4.44,12.6857,1.0,2470.0,0.0,0.9972,0.0005,0.0016,0.0,0.0225,40.9691,39.44,39.44,39.44,35.0,up,2026-08-06T09:39:58,137.0,29.0
AAPL,2026-08-07,1,Put,275.0,AAPL260807P00275000,0.01,0.02,0.015,0.02,0.005,33.3333,6.0,4635.0,0.8667,-0.0029,0.0005,0.0016,-0.013,-0.0001,0.0131,0.01,0.03,0.01,0.0149999996647239,down,2026-08-06T09:37:32,112.0,163.0
AAPL,2026-08-07,1,Call,277.5,AAPL260807C00277500,37.2,39.85,38.525000000000006,0.0,0.0,0.0,0.0,0.0,0.9698,0.9968,0.0006,0.0018,-0.0001,0.0227,38.4709,0.0,0.0,0.0,32.4500007629394,no_change,,101.0,36.0
AAPL,2026-08-07,1,Put,277.5,AAPL260807P00277500,0.0,0.06,0.03,0.04,0.0,0.0,0.0,7.0,0.8778,-0.0032,0.0006,0.0018,-0.0139,-0.0001,0.014,0.0,0.0,0.0,0.0400000000372529,no_change,2026-08-05T15:57:55,0.0,277.0
AAPL,2026-08-07,1,Call,280.0,AAPL260807C00280000,34.7,37.8,36.25,36.0,6.625,22.5532,1.0,306.0,0.9092,0.9964,0.0008,0.002,-0.0021,0.0229,35.9728,36.0,36.0,36.0,29.375,up,2026-08-06T09:30:35,196.0,161.0
AAPL,2026-08-07,1,Put,280.0,AAPL260807P00280000,0.01,0.03,0.02,0.01,-0.015,-60.0,47.0,3451.0,0.7641,-0.0036,0.0008,0.002,-0.015,-0.0001,0.0151,0.11,0.11,0.01,0.0249999994412065,no_change,2026-08-06T09:46:28,22.0,168.0
AAPL,2026-08-07,1,Call,282.5,AAPL260807C00282500,32.2,34.95,33.575,25.72,0.0,0.0,0.0,3.0,0.7194,0.9959,0.0009,0.0023,-0.0044,0.0231,33.4751,0.0,0.0,0.0,27.4250001907349,up,2026-08-05T10:27:46,110.0,16.0
AAPL,2026-08-07,1,Put,282.5,AAPL260807P00282500,0.01,0.02,0.015,0.01,-0.015,-60.0,6.0,3.0,0.7132,-0.0041,0.0009,0.0023,-0.0164,-0.0001,0.0164,0.05,0.05,0.01,0.0249999994412065,down,2026-08-06T09:42:03,2.0,108.0
AAPL,2026-08-07,1,Call,285.0,AAPL260807C00285000,30.15,31.9,31.025,29.71,4.935,19.9193,1.0,153.0,0.0,0.9952,0.0011,0.0026,-0.0071,0.0233,30.9778,29.71,29.71,29.71,24.7749996185303,up,2026-08-06T09:33:59,1.0,11.0
AAPL,2026-08-07,1,Put,285.0,AAPL260807P00285000,0.01,0.02,0.015,0.03,-0.005,-14.2857,46.0,5910.0,0.6623,-0.0048,0.0011,0.0026,-0.0182,-0.0001,0.0183,0.02,0.03,0.02,0.034999999217689,up,2026-08-06T09:47:08,7.0,97.0
AAPL,2026-08-07,1,Call,287.5,AAPL260807C00287500,27.75,30.45,29.1,23.31,0.0,0.0,0.0,10.0,1.0573,0.9943,0.0014,0.0031,-0.0104,0.0235,28.4812,0.0,0.0,0.0,22.0749998092651,up,2026-08-05T15:57:38,45.0,13.0
AAPL,2026-08-07,1,Put,287.5,AAPL260807P00287500,0.01,0.02,0.015,0.01,-0.035,-77.7778,1.0,288.0,0.6116,-0.0057,0.0014,0.0031,-0.0206,-0.0001,0.0207,0.01,0.01,0.01,0.0449999999254942,down,2026-08-06T09:31:17,2.0,35.0
AAPL,2026-08-07,1,Call,290.0,AAPL260807C00290000,25.35,27.3,26.325000000000003,25.0,4.875,24.2236,2.0,564.0,0.8998,0.9931,0.0017,0.0037,-0.0146,0.0236,25.9854,25.0,25.0,25.0,20.125,up,2026-08-06T09:43:36,59.0,52.0
AAPL,2026-08-07,1,Put,290.0,AAPL260807P00290000,0.02,0.03,0.025,0.03,-0.025,-45.4545,53.0,7406.0,0.594,-0.007,0.0017,0.0037,-0.024,-0.0002,0.024,0.04,0.06,0.01,0.0549999997019768,up,2026-08-06T09:46:34,4.0,436.0
AAPL,2026-08-07,1,Call,292.5,AAPL260807C00292500,22.75,24.05,23.4,21.72,4.195,23.9372,2.0,690.0,0.0,0.9913,0.0023,0.0045,-0.0202,0.0238,23.491,23.44,23.44,21.72,17.5250005722046,down,2026-08-06T09:40:02,91.0,88.0
AAPL,2026-08-07,1,Put,292.5,AAPL260807P00292500,0.01,0.03,0.02,0.03,-0.045,-60.0,206.0,2557.0,0.5271,-0.0087,0.0023,0.0045,-0.0286,-0.0002,0.0287,0.04,0.07,0.03,0.0749999992549419,no_change,2026-08-06T09:44:03,148.0,214.0
AAPL,2026-08-07,1,Call,295.0,AAPL260807C00295000,20.15,21.45,20.799999999999997,19.9,4.975,33.3333,13.0,767.0,0.0,0.9888,0.0031,0.0056,-0.0278,0.0239,20.9987,19.88,19.9,18.7,14.9250001907349,up,2026-08-06T09:45:08,160.0,89.0
AAPL,2026-08-07,1,Put,295.0,AAPL260807P00295000,0.03,0.04,0.035,0.03,-0.075,-71.4286,294.0,4846.0,0.5088,-0.0114,0.0031,0.0057,-0.0357,-0.0003,0.0359,0.05,0.06,0.02,0.105000000447035,no_change,2026-08-06T09:47:10,3.0,334.0
AAPL,2026-08-07,1,Call,297.5,AAPL260807C00297500,18.0,18.8,18.4,16.97,4.445,35.489,13.0,1077.0,0.0,0.9849,0.0043,0.0073,-0.0388,0.024,18.5097,17.43,17.43,16.84,12.5249996185303,down,2026-08-06T09:36:58,38.0,6.0
AAPL,2026-08-07,1,Put,297.5,AAPL260807P00297500,0.04,0.05,0.045,0.04,-0.13,-76.4706,982.0,7344.0,0.4697,-0.0151,0.0043,0.0073,-0.0454,-0.0004,0.0456,0.01,0.1,0.01,0.170000001788139,no_change,2026-08-06T09:47:12,12.0,361.0
AAPL,2026-08-07,1,Call,300.0,AAPL260807C00300000,15.3,16.35,15.825000000000001,15.85,5.575,54.2579,111.0,5043.0,0.0,0.9786,0.0063,0.0098,-0.0564,0.0241,16.0274,14.55,16.0,14.0,10.2750000953674,up,2026-08-06T09:47:00,264.0,290.0
AAPL,2026-08-07,1,Put,300.0,AAPL260807P00300000,0.05,0.06,0.055,0.06,-0.245,-80.3279,1867.0,18578.0,0.4362,-0.0214,0.0063,0.0098,-0.0622,-0.0006,0.0624,0.16,0.16,0.04,0.305000007152557,no_change,2026-08-06T09:47:12,27.0,51.0
AAPL,2026-08-07,1,Call,302.5,AAPL260807C00302500,13.05,13.85,13.45,13.6,5.525,68.4211,93.0,2627.0,0.4111,0.967,0.0098,0.0141,-0.0897,0.024,13.5608,12.15,13.6,11.4,8.07499980926514,up,2026-08-06T09:47:06,76.0,16.0
AAPL,2026-08-07,1,Put,302.5,AAPL260807P00302500,0.09,0.1,0.095,0.1,-0.475,-82.6087,653.0,3380.0,0.4011,-0.033,0.0098,0.0141,-0.0946,-0.0008,0.0949,0.31,0.31,0.1,0.575000017881394,no_change,2026-08-06T09:47:01,2.0,234.0
AAPL,2026-08-07,1,Call,305.0,AAPL260807C00305000,10.85,11.5,11.175,11.2,5.15,85.124,448.0,11041.0,0.373,0.9439,0.016,0.0216,-0.1609,0.0236,11.1324,9.65,11.5,8.8,6.04999995231628,up,2026-08-06T09:47:14,73.0,180.0
AAPL,2026-08-07,1,Put,305.0,AAPL260807P00305000,0.16,0.17,0.165,0.16,-0.865,-84.3902,1564.0,9624.0,0.3763,-0.0562,0.016,0.0216,-0.1649,-0.0014,0.1656,0.33,0.43,0.16,1.02499997615814,down,2026-08-06T09:47:13,2.0,126.0
AAPL,2026-08-07,1,Call,307.5,AAPL260807C00307500,8.6,9.0,8.8,9.0,4.7,109.302,604.0,9336.0,0.3717,0.8989,0.0261,0.0335,-0.3144,0.0226,8.7885,7.35,9.05,6.95,4.29999995231628,up,2026-08-06T09:47:10,86.0,21.0
AAPL,2026-08-07,1,Put,307.5,AAPL260807P00307500,0.3,0.33,0.315,0.31,-1.43,-82.1839,2949.0,2725.0,0.3606,-0.1011,0.0261,0.0335,-0.3174,-0.0026,0.3208,0.58,0.75,0.31,1.74000000953674,down,2026-08-06T09:47:13,32.0,211.0
AAPL,2026-08-07,1,Call,310.0,AAPL260807C00310000,6.45,6.7,6.575,6.6,3.71,128.374,2781.0,24091.0,0.3458,0.8209,0.0395,0.0493,-0.6078,0.0208,6.6071,5.35,6.87,4.8,2.89000010490418,up,2026-08-06T09:47:14,115.0,46.0
AAPL,2026-08-07,1,Put,310.0,AAPL260807P00310000,0.6,0.64,0.62,0.64,-2.195,-77.425,8180.0,8821.0,0.3496,-0.1792,0.0395,0.0493,-0.61,-0.0046,0.6386,1.08,1.36,0.63,2.83500003814697,no_change,2026-08-06T09:47:12,59.0,87.0
AAPL,2026-08-07,1,Call,312.5,AAPL260807C00312500,4.6,4.75,4.675,4.65,2.805,152.033,4014.0,9957.0,0.3512,0.7055,0.0525,0.0647,-1.0284,0.0179,4.6904,3.7,4.97,3.2,1.84500002861023,down,2026-08-06T09:47:11,31.0,34.0
AAPL,2026-08-07,1,Put,312.5,AAPL260807P00312500,1.17,1.21,1.19,1.21,-3.14,-72.1839,5330.0,3680.0,0.3456,-0.2948,0.0527,0.0647,-1.0302,-0.0075,1.2214,2.0,2.17,1.21,4.34999990463257,down,2026-08-06T09:47:10,1.0,115.0
AAPL,2026-08-07,1,Call,315.0,AAPL260807C00315000,3.05,3.15,3.0999999999999996,3.05,1.91,167.544,20976.0,14883.0,0.347,0.5625,0.0596,0.0737,-1.3631,0.0143,3.1353,2.25,3.45,2.02,1.13999998569489,down,2026-08-06T09:47:14,214.0,5.0
AAPL,2026-08-07,1,Put,315.0,AAPL260807P00315000,2.05,2.16,2.105,2.13,-4.02,-65.3659,2921.0,4920.0,0.3468,-0.4388,0.0602,0.0737,-1.3658,-0.0106,2.1672,3.1,3.45,2.09,6.15000009536743,down,2026-08-06T09:47:13,21.0,71.0
AAPL,2026-08-07,1,Call,317.5,AAPL260807C00317500,2.0,2.01,2.005,2.0,1.31,189.855,22957.0,8239.0,0.3589,0.4149,0.0579,0.073,-1.3525,0.0106,1.9881,1.48,2.25,1.2,0.689999997615814,no_change,2026-08-06T09:47:14,1.0,36.0
AAPL,2026-08-07,1,Put,317.5,AAPL260807P00317500,3.4,3.65,3.525,3.52,-4.655,-56.9419,100.0,369.0,0.3588,-0.5881,0.0588,0.0727,-1.3591,-0.0129,3.524,4.07,5.15,3.5,8.17500019073486,up,2026-08-06T09:47:10,9.0,382.0
AAPL,2026-08-07,1,Call,320.0,AAPL260807C00320000,1.22,1.24,1.23,1.24,0.825,198.795,31432.0,22811.0,0.3729,0.2866,0.049,0.0638,-1.0491,0.0073,1.2173,0.8,1.42,0.69,0.41499999165535,no_change,2026-08-06T09:47:14,73.0,1.0
AAPL,2026-08-07,1,Put,320.0,AAPL260807P00320000,5.0,5.4,5.2,5.2,-5.4,-50.9434,62.0,1775.0,0.3761,-0.7187,0.0501,0.063,-1.0646,-0.0132,5.262,6.06,6.9,5.2,10.5999999046326,no_change,2026-08-06T09:47:13,107.0,85.0
AAPL,2026-08-07,1,Call,322.5,AAPL260807C00322500,0.73,0.75,0.74,0.73,0.475,186.275,9484.0,7408.0,0.3852,0.1894,0.0374,0.051,-0.6981,0.0048,0.7331,0.54,0.9,0.4,0.254999995231628,down,2026-08-06T09:47:13,13.0,36.0
AAPL,2026-08-07,1,Put,322.5,AAPL260807P00322500,7.1,7.4,7.25,8.75,-4.15,-32.1705,14.0,518.0,0.3816,-0.8181,0.0384,0.0489,-0.7265,-0.0112,7.2908,8.05,9.02,7.67,12.9000000953674,up,2026-08-06T09:41:38,27.0,44.0
AAPL,2026-08-07,1,Call,325.0,AAPL260807C00325000,0.44,0.45,0.445,0.43,0.275,177.419,9402.0,10439.0,0.4003,0.1214,0.0268,0.0381,-0.4304,0.0031,0.4369,0.36,0.56,0.23,0.155000001192093,down,2026-08-06T09:47:13,1.0,292.0
AAPL,2026-08-07,1,Put,325.0,AAPL260807P00325000,9.3,10.2,9.75,10.8,-4.55,-29.6417,4.0,8721.0,0.4789,-0.8871,0.0272,0.036,-0.4749,-0.0104,9.5108,10.39,11.17,10.32,15.3499999046326,down,2026-08-06T09:42:03,9.0,465.0
AAPL,2026-08-07,1,Call,327.5,AAPL260807C00327500,0.25,0.27,0.26,0.25,0.15,150.0,2333.0,5872.0,0.4176,0.0758,0.0182,0.027,-0.2548,0.0019,0.2563,0.22,0.34,0.12,0.100000001490116,no_change,2026-08-06T09:47:14,48.0,314.0
AAPL,2026-08-07,1,Put,327.5,AAPL260807P00327500,11.55,12.5,12.025,11.85,-6.1,-33.9833,1.0,4768.0,0.4798,-0.9328,0.0182,0.0241,-0.3157,-0.0065,11.8466,11.85,11.85,11.85,17.9499998092651,down,2026-08-06T09:45:43,10.0,178.0
AAPL,2026-08-07,1,Call,330.0,AAPL260807C00330000,0.14,0.15,0.14500000000000002,0.15,0.085,130.769,4018.0,7001.0,0.4292,0.0462,0.0119,0.0184,-0.1471,0.0012,0.1476,0.15,0.2,0.07,0.0649999994784594,up,2026-08-06T09:47:11,116.0,15.0
AAPL,2026-08-07,1,Put,330.0,AAPL260807P00330000,13.9,15.1,14.5,15.6,-4.5,-22.3881,2.0,1931.0,0.5517,-0.9615,0.0114,0.0154,-0.2237,-0.005,14.2537,15.7,15.7,15.6,20.1000003814697,down,2026-08-06T09:42:43,10.0,49.0
AAPL,2026-08-07,1,Call,332.5,AAPL260807C00332500,0.08,0.1,0.09,0.1,0.065,185.714,526.0,3608.0,0.4494,0.0277,0.0076,0.0122,-0.084,0.0007,0.0842,0.09,0.13,0.04,0.034999999217689,up,2026-08-06T09:47:05,123.0,393.0
AAPL,2026-08-07,1,Put,332.5,AAPL260807P00332500,16.2,17.65,16.924999999999997,17.93,-4.845,-21.2733,1.0,151.0,0.5813,-0.9787,0.0069,0.0097,-0.1734,-0.0036,16.7032,17.93,17.93,17.93,22.7749996185303,down,2026-08-06T09:39:24,31.0,161.0
AAPL,2026-08-07,1,Call,335.0,AAPL260807C00335000,0.05,0.06,0.055,0.05,0.025,100.0,1012.0,6899.0,0.4672,0.0168,0.0048,0.008,-0.049,0.0004,0.0492,0.07,0.07,0.03,0.0249999994412065,no_change,2026-08-06T09:47:07,1.0,336.0
AAPL,2026-08-07,1,Put,335.0,AAPL260807P00335000,18.7,21.05,19.875,24.79,0.0,0.0,0.0,88.0,0.8096,-0.9883,0.0041,0.0059,-0.1478,-0.0024,19.1775,0.0,0.0,0.0,25.25,down,2026-08-05T15:46:56,12.0,47.0
AAPL,2026-08-07,1,Call,337.5,AAPL260807C00337500,0.02,0.03,0.025,0.03,0.01,50.0,140.0,1881.0,0.467,0.0105,0.0031,0.0053,-0.0301,0.0003,0.0302,0.03,0.06,0.02,0.0199999995529652,up,2026-08-06T09:47:02,166.0,2.0
AAPL,2026-08-07,1,Put,337.5,AAPL260807P00337500,20.95,23.55,22.25,28.2,0.0,0.0,0.0,49.0,0.8346,-0.9932,0.0024,0.0036,-0.1354,-0.0015,21.6652,0.0,0.0,0.0,27.6000003814697,down,2026-08-05T10:21:02,116.0,54.0
AAPL,2026-08-07,1,Call,340.0,AAPL260807C00340000,0.01,0.02,0.015,0.01,-0.005,-33.3333,384.0,4386.0,0.4836,0.0071,0.0021,0.0038,-0.0203,0.0002,0.0204,0.03,0.06,0.01,0.0149999996647239,no_change,2026-08-06T09:46:34,162.0,1.0
AAPL,2026-08-07,1,Put,340.0,AAPL260807P00340000,23.8,26.0,24.9,29.96,0.0,0.0,0.0,106.0,0.9593,-0.9958,0.0015,0.0022,-0.1296,-0.0009,24.1593,0.0,0.0,0.0,30.2250003814697,down,2026-08-05T15:47:25,12.0,36.0
AAPL,2026-08-07,1,Call,342.5,AAPL260807C00342500,0.01,0.02,0.015,0.02,0.005,33.3333,148.0,1281.0,0.5263,0.0052,0.0015,0.0029,-0.0151,0.0001,0.0152,0.03,0.03,0.01,0.0149999996647239,up,2026-08-06T09:45:38,149.0,133.0
AAPL,2026-08-07,1,Put,342.5,AAPL260807P00342500,25.8,28.5,27.15,33.64,0.0,0.0,0.0,0.0,0.9311,-0.9971,0.001,0.0017,-0.1267,-0.0005,26.6564,0.0,0.0,0.0,32.7749996185303,up,2026-08-05T12:19:37,98.0,27.0
AAPL,2026-08-07,1,Call,345.0,AAPL260807C00345000,0.0,0.02,0.01,0.02,0.005,33.3333,42.0,3232.0,0.5683,0.0041,0.0012,0.0023,-0.0124,0.0001,0.0124,0.01,0.02,0.01,0.0149999996647239,up,2026-08-06T09:47:05,0.0,132.0
AAPL,2026-08-07,1,Put,345.0,AAPL260807P00345000,28.6,31.0,29.8,41.48,0.0,0.0,0.0,0.0,1.0603,-0.9978,0.0008,0.0012,-0.1254,-0.0005,29.1551,0.0,0.0,0.0,35.3250007629394,up,2026-08-04T09:32:53,12.0,34.0
AAPL,2026-08-07,1,Call,347.5,AAPL260807C00347500,0.0,0.01,0.005,0.01,0.005,100.0,130.0,1742.0,0.549,0.0035,0.0009,0.002,-0.0109,0.0001,0.0109,0.01,0.02,0.01,0.00499999988824129,no_change,2026-08-06T09:47:09,0.0,117.0
AAPL,2026-08-07,1,Put,347.5,AAPL260807P00347500,31.2,33.5,32.35,38.56,0.0,0.0,0.0,0.0,1.1337,-0.9982,0.0006,0.0011,-0.1247,-0.0005,31.6543,0.0,0.0,0.0,37.8500003814697,no_change,2026-08-05T12:50:39,12.0,47.0
AAPL,2026-08-07,1,Call,350.0,AAPL260807C00350000,0.0,0.01,0.005,0.01,0.005,100.0,10.0,22448.0,0.5864,0.0031,0.0008,0.0018,-0.01,0.0001,0.01,0.01,0.04,0.01,0.00499999988824129,no_change,2026-08-06T09:42:09,0.0,21.0
AAPL,2026-08-07,1,Put,350.0,AAPL260807P00350000,33.7,36.0,34.85,41.5,0.0,0.0,0.0,0.0,1.1971,-0.9984,0.0005,0.001,-0.1242,-0.0005,34.1539,0.0,0.0,0.0,40.4249992370606,down,2026-07-31T15:59:56,16.0,30.0
AAPL,2026-08-07,1,Call,352.5,AAPL260807C00352500,0.0,0.01,0.005,0.04,0.035,700.0,2.0,997.0,0.6234,0.0028,0.0007,0.0016,-0.0094,0.0001,0.0095,0.04,0.04,0.04,0.00499999988824129,up,2026-08-06T09:30:11,0.0,1.0
AAPL,2026-08-07,1,Put,352.5,AAPL260807P00352500,36.2,38.5,37.35,48.05,0.0,0.0,0.0,0.0,1.2592,-0.9986,0.0004,0.0009,-0.124,-0.0005,36.6536,0.0,0.0,0.0,42.875,down,2026-07-31T15:07:11,13.0,19.0
AAPL,2026-08-07,1,Call,355.0,AAPL260807C00355000,0.0,0.01,0.005,0.01,0.005,100.0,3.0,3052.0,0.6599,0.0025,0.0006,0.0015,-0.0091,0.0001,0.0091,0.11,0.11,0.01,0.00499999988824129,down,2026-08-06T09:43:16,0.0,23.0
AAPL,2026-08-07,1,Put,355.0,AAPL260807P00355000,38.5,41.0,39.75,54.45,0.0,0.0,0.0,0.0,1.2792,-0.9987,0.0004,0.0008,-0.1238,-0.0003,39.1534,0.0,0.0,0.0,45.2250003814697,up,2026-07-31T12:46:20,61.0,23.0
AAPL,2026-08-07,1,Call,357.5,AAPL260807C00357500,0.0,0.01,0.005,0.02,0.0,0.0,0.0,547.0,0.696,0.0024,0.0005,0.0014,-0.0088,0.0001,0.0088,0.0,0.0,0.0,0.00499999988824129,no_change,2026-08-05T15:36:21,0.0,1.0
AAPL,2026-08-07,1,Put,357.5,AAPL260807P00357500,40.85,43.5,42.175,53.35,0.0,0.0,0.0,0.0,1.3033,-0.9988,0.0003,0.0007,-0.1237,-0.0003,41.6534,0.0,0.0,0.0,48.0750007629394,up,2026-07-31T09:31:28,81.0,27.0
AAPL,2026-08-07,1,Call,360.0,AAPL260807C00360000,0.0,0.01,0.005,0.01,0.005,100.0,9.0,3370.0,0.7316,0.0022,0.0005,0.0013,-0.0085,0.0,0.0085,0.01,0.01,0.01,0.00499999988824129,no_change,2026-08-06T09:44:26,0.0,1.0
AAPL,2026-08-07,1,Put,360.0,AAPL260807P00360000,43.1,46.0,44.55,29.5,0.0,0.0,0.0,0.0,1.2945,-0.9989,0.0003,0.0006,-0.1236,-0.0003,44.1533,0.0,0.0,0.0,50.2749996185303,up,2026-07-30T12:07:31,114.0,41.0
AAPL,2026-08-07,1,Call,362.5,AAPL260807C00362500,0.0,0.01,0.005,0.03,0.0,0.0,0.0,757.0,0.7669,0.0021,0.0004,0.0012,-0.0083,0.0,0.0083,0.0,0.0,0.0,0.00499999988824129,up,2026-07-31T13:46:57,0.0,2.0
AAPL,2026-08-07,1,Put,362.5,AAPL260807P00362500,45.5,48.5,47.0,30.55,0.0,0.0,0.0,0.0,1.2849,-0.9989,0.0003,0.0006,-0.1236,-0.0003,46.6532,0.0,0.0,0.0,52.875,up,2026-07-30T12:48:08,47.0,28.0
AAPL,2026-08-07,1,Call,365.0,AAPL260807C00365000,0.0,0.01,0.005,0.03,0.025,500.0,1.0,2516.0,0.8018,0.002,0.0004,0.0012,-0.0081,0.0,0.0081,0.03,0.03,0.03,0.00499999988824129,up,2026-08-06T09:32:14,0.0,513.0
AAPL,2026-08-07,1,Put,365.0,AAPL260807P00365000,48.5,51.0,49.75,58.51,0.0,0.0,0.0,0.0,1.5089,-0.999,0.0002,0.0005,-0.1235,-0.0003,49.1532,0.0,0.0,0.0,55.7250003814697,down,2026-07-31T15:45:12,98.0,2.0
AAPL,2026-08-07,1,Call,367.5,AAPL260807C00367500,0.0,0.01,0.005,0.05,0.0,0.0,0.0,127.0,0.8363,0.0018,0.0004,0.0011,-0.0079,0.0,0.0079,0.0,0.0,0.0,0.00499999988824129,up,2026-08-04T14:59:53,0.0,1.0
AAPL,2026-08-07,1,Put,367.5,AAPL260807P00367500,50.8,53.0,51.9,61.79,0.0,0.0,0.0,0.0,1.5122,-0.999,0.0002,0.0005,-0.1234,-0.0003,51.6531,0.0,0.0,0.0,57.75,no_change,2026-07-31T15:43:45,52.0,28.0
AAPL,2026-08-07,1,Call,370.0,AAPL260807C00370000,0.0,0.01,0.005,0.01,0.0,0.0,0.0,2652.0,0.8705,0.0017,0.0003,0.001,-0.0077,0.0,0.0078,0.0,0.0,0.0,0.00499999988824129,no_change,2026-08-04T14:59:53,0.0,74.0
AAPL,2026-08-07,1,Put,370.0,AAPL260807P00370000,53.2,56.0,54.6,64.27,0.0,0.0,0.0,5.0,1.5371,-0.9991,0.0002,0.0005,-0.1234,-0.0003,54.153,0.0,0.0,0.0,60.2250003814697,no_change,2026-07-31T15:43:45,140.0,48.0
AAPL,2026-08-07,1,Call,372.5,AAPL260807C00372500,0.0,0.01,0.005,0.01,0.0,0.0,0.0,62.0,0.9043,0.0016,0.0003,0.001,-0.0076,0.0,0.0076,0.0,0.0,0.0,0.00499999988824129,down,2026-08-04T14:37:04,0.0,1.0
AAPL,2026-08-07,1,Put,372.5,AAPL260807P00372500,55.6,58.5,57.05,32.7,0.0,0.0,0.0,0.0,1.5582,-0.9992,0.0002,0.0005,-0.1233,-0.0003,56.653,0.0,0.0,0.0,62.875,down,2026-07-28T12:31:12,147.0,44.0
AAPL,2026-08-07,1,Call,375.0,AAPL260807C00375000,0.0,0.01,0.005,0.03,0.0,0.0,0.0,842.0,0.9377,0.0016,0.0003,0.0009,-0.0074,0.0,0.0074,0.0,0.0,0.0,0.00499999988824129,up,2026-08-04T10:07:48,0.0,2.0
AAPL,2026-08-07,1,Put,375.0,AAPL260807P00375000,58.2,61.0,59.6,35.1,0.0,0.0,0.0,0.0,1.6406,-0.9992,0.0002,0.0005,-0.1232,-0.0003,59.1529,0.0,0.0,0.0,65.25,down,2026-07-28T12:31:12,108.0,44.0
AAPL,2026-08-07,1,Call,377.5,AAPL260807C00377500,0.0,0.01,0.005,0.01,0.0,0.0,0.0,29.0,0.9709,0.0015,0.0003,0.0009,-0.0072,0.0,0.0073,0.0,0.0,0.0,0.00499999988824129,no_change,2026-07-31T10:32:02,0.0,1.0
AAPL,2026-08-07,1,Put,377.5,AAPL260807P00377500,61.1,63.5,62.3,0.0,0.0,0.0,0.0,0.0,1.8042,-0.9992,0.0002,0.0004,-0.1232,-0.0003,61.6529,0.0,0.0,0.0,68.0749969482422,no_change,,39.0,2.0
AAPL,2026-08-07,1,Call,380.0,AAPL260807C00380000,0.0,0.01,0.005,0.01,0.0,0.0,0.0,1199.0,1.0037,0.0014,0.0002,0.0009,-0.0071,0.0,0.0071,0.0,0.0,0.0,0.00499999988824129,no_change,2026-08-05T10:14:24,0.0,2.0
AAPL,2026-08-07,1,Put,380.0,AAPL260807P00380000,63.55,65.4,64.475,0.0,0.0,0.0,0.0,0.0,1.8431,-0.9993,0.0001,0.0004,-0.1231,-0.0003,64.1528,0.0,0.0,0.0,70.125,no_change,,50.0,17.0
AAPL,2026-08-07,1,Call,385.0,AAPL260807C00385000,0.0,0.01,0.005,0.01,0.0,0.0,0.0,390.0,1.0684,0.0013,0.0002,0.0008,-0.0068,0.0,0.0068,0.0,0.0,0.0,0.00499999988824129,no_change,2026-08-04T15:55:41,0.0,1.0
AAPL,2026-08-07,1,Put,385.0,AAPL260807P00385000,68.4,70.5,69.45,0.0,0.0,0.0,0.0,0.0,1.9022,-0.9993,0.0001,0.0004,-0.123,-0.0003,69.1527,0.0,0.0,0.0,75.2249984741211,no_change,,90.0,24.0
AAPL,2026-08-07,1,Call,390.0,AAPL260807C00390000,0.0,0.01,0.005,0.05,0.0,0.0,0.0,1243.0,1.132,0.0012,0.0002,0.0007,-0.0065,0.0,0.0065,0.0,0.0,0.0,0.00499999988824129,up,2026-08-04T14:59:29,0.0,1.0
AAPL,2026-08-07,1,Put,390.0,AAPL260807P00390000,73.25,76.0,74.625,51.84,0.0,0.0,0.0,0.0,1.9529,-0.9994,0.0001,0.0004,-0.1229,-0.0003,74.1526,0.0,0.0,0.0,80.0999984741211,up,2026-07-28T09:47:22,57.0,32.0
AAPL,2026-08-07,1,Call,395.0,AAPL260807C00395000,0.0,0.01,0.005,0.01,0.0,0.0,0.0,351.0,1.1944,0.0011,0.0002,0.0007,-0.0062,0.0,0.0062,0.0,0.0,0.0,0.00499999988824129,no_change,2026-08-05T10:49:51,0.0,1.0
AAPL,2026-08-07,1,Put,395.0,AAPL260807P00395000,78.4,81.0,79.7,0.0,0.0,0.0,0.0,0.0,2.0968,-0.9994,0.0001,0.0004,-0.1228,-0.0003,79.1524,0.0,0.0,0.0,85.2750015258789,no_change,,110.0,24.0
AAPL,2026-08-07,1,Call,400.0,AAPL260807C00400000,0.0,0.01,0.005,0.01,0.005,100.0,33.0,2516.0,1.2557,0.001,0.0001,0.0006,-0.006,0.0,0.006,0.01,0.01,0.01,0.00499999988824129,no_change,2026-08-06T09:33:32,0.0,1009.0
AAPL,2026-08-07,1,Put,400.0,AAPL260807P00400000,83.35,85.5,84.425,57.1,0.0,0.0,0.0,0.0,2.1745,-0.9995,0.0001,0.0003,-0.1226,-0.0003,84.1523,0.0,0.0,0.0,90.3250007629394,up,2026-07-29T13:54:04,97.0,39.0
AAPL,2026-08-07,1,Call,405.0,AAPL260807C00405000,0.0,0.01,0.005,0.05,0.0,0.0,0.0,1.0,1.3161,0.0009,0.0001,0.0006,-0.0057,0.0,0.0057,0.0,0.0,0.0,0.00499999988824129,up,2026-07-30T15:55:16,0.0,1000.0
AAPL,2026-08-07,1,Put,405.0,AAPL260807P00405000,88.4,91.0,89.7,0.0,0.0,0.0,0.0,0.0,2.2832,-0.9995,0.0001,0.0003,-0.1225,-0.0003,89.1522,0.0,0.0,0.0,95.5749969482422,no_change,,96.0,2.0
AAPL,2026-08-07,1,Call,410.0,AAPL260807C00410000,0.0,0.01,0.005,0.04,0.0,0.0,0.0,5.0,1.3754,0.0009,0.0001,0.0005,-0.0055,0.0,0.0055,0.0,0.0,0.0,0.00499999988824129,up,2026-07-30T14:42:16,0.0,1000.0
AAPL,2026-08-07,1,Put,410.0,AAPL260807P00410000,93.5,95.45,94.475,0.0,0.0,0.0,0.0,0.0,2.407,-0.9996,0.0001,0.0003,-0.1224,-0.0002,94.1521,0.0,0.0,0.0,100.424999237061,no_change,,63.0,28.0
AAPL,2026-08-07,1,Call,415.0,AAPL260807C00415000,0.0,0.01,0.005,0.01,0.005,100.0,37.0,28.0,1.4338,0.0008,0.0001,0.0005,-0.0052,0.0,0.0053,0.01,0.01,0.01,0.00499999988824129,no_change,2026-08-06T09:33:32,0.0,1079.0
AAPL,2026-08-07,1,Put,415.0,AAPL260807P00415000,98.05,101.0,99.525,0.0,0.0,0.0,0.0,0.0,2.3226,-0.9996,0.0001,0.0002,-0.1223,-0.0001,99.152,0.0,0.0,0.0,105.325000762939,no_change,,130.0,35.0
AAPL,2026-08-10,4,Call,205.0,AAPL260810C00205000,109.05,112.55,110.8,0.0,0.0,0.0,0.0,0.0,0.0,0.9999,0.0,0.0,0.0,0.0168,110.8984,0.0,0.0,0.0,104.824996948242,no_change,,3.0,15.0
AAPL,2026-08-10,4,Put,205.0,AAPL260810P00205000,0.0,0.01,0.005,0.01,0.0,0.0,0.0,3.0,1.2318,0.0,0.0,0.0,-0.0001,0.0,0.0001,0.0,0.0,0.0,0.00499999988824129,down,2026-08-05T15:19:20,0.0,1000.0
AAPL,2026-08-10,4,Call,210.0,AAPL260810C00210000,104.05,107.55,105.8,0.0,0.0,0.0,0.0,0.0,0.0,0.9999,0.0,0.0,0.0,0.0172,105.9002,0.0,0.0,0.0,99.8249969482422,no_change,,3.0,15.0
AAPL,2026-08-10,4,Put,210.0,AAPL260810P00210000,0.0,0.01,0.005,0.02,0.0,0.0,0.0,3.0,1.167,0.0,0.0,0.0,-0.0002,0.0,0.0002,0.0,0.0,0.0,0.0199999995529652,no_change,2026-08-03T13:55:42,0.0,1000.0
AAPL,2026-08-10,4,Call,215.0,AAPL260810C00215000,99.05,102.55,100.8,0.0,0.0,0.0,0.0,0.0,0.0,0.9999,0.0,0.0,0.0,0.0176,100.9021,0.0,0.0,0.0,94.8249969482422,no_change,,3.0,15.0
AAPL,2026-08-10,4,Put,215.0,AAPL260810P00215000,0.0,1.02,0.51,0.02,0.0,0.0,0.0,4.0,1.8316,0.0,0.0,0.0001,-0.0003,0.0,0.0004,0.0,0.0,0.0,0.280000001192093,up,2026-08-03T14:08:21,0.0,28.0
AAPL,2026-08-10,4,Call,220.0,AAPL260810C00220000,94.05,97.45,95.75,0.0,0.0,0.0,0.0,0.0,0.0,0.9999,0.0,0.0001,0.0,0.0181,95.9041,0.0,0.0,0.0,89.6999969482422,no_change,,3.0,15.0
AAPL,2026-08-10,4,Put,220.0,AAPL260810P00220000,0.0,1.02,0.51,0.02,0.0,0.0,0.0,2.0,1.7361,-0.0001,0.0,0.0001,-0.0006,0.0,0.0006,0.0,0.0,0.0,0.509999990463257,down,2026-07-31T14:00:08,0.0,28.0
AAPL,2026-08-10,4,Call,225.0,AAPL260810C00225000,89.05,92.85,90.94999999999999,0.0,0.0,0.0,0.0,0.0,1.2124,0.9998,0.0,0.0001,0.0,0.0185,90.9062,0.0,0.0,0.0,84.8249969482422,no_change,,3.0,15.0
AAPL,2026-08-10,4,Put,225.0,AAPL260810P00225000,0.0,1.02,0.51,0.01,0.0,0.0,0.0,30.0,1.6423,-0.0002,0.0,0.0002,-0.001,0.0,0.0011,0.0,0.0,0.0,0.504999995231628,no_change,2026-07-31T12:20:42,0.0,28.0
AAPL,2026-08-10,4,Call,230.0,AAPL260810C00230000,84.05,87.45,85.75,0.0,0.0,0.0,0.0,0.0,0.0,0.9997,0.0,0.0002,0.0,0.0189,85.9086,0.0,0.0,0.0,79.7249984741211,no_change,,3.0,15.0
AAPL,2026-08-10,4,Put,230.0,AAPL260810P00230000,0.0,1.02,0.51,0.0,0.0,0.0,0.0,0.0,1.5502,-0.0003,0.0,0.0003,-0.0016,0.0,0.0018,0.0,0.0,0.0,0.509999990463257,no_change,,0.0,28.0
AAPL,2026-08-10,4,Call,235.0,AAPL260810C00235000,79.05,82.45,80.75,70.95,0.0,0.0,0.0,1.0,0.0,0.9996,0.0,0.0004,0.0,0.0193,80.9111,0.0,0.0,0.0,74.8249969482422,down,2026-08-03T09:45:16,3.0,15.0
AAPL,2026-08-10,4,Put,235.0,AAPL260810P00235000,0.0,1.02,0.51,0.0,0.0,0.0,0.0,0.0,1.4595,-0.0004,0.0,0.0005,-0.0025,0.0,0.0028,0.0,0.0,0.0,0.5,no_change,,0.0,28.0
AAPL,2026-08-10,4,Call,240.0,AAPL260810C00240000,74.05,77.9,75.975,0.0,0.0,0.0,0.0,0.0,1.0426,0.9994,0.0001,0.0006,0.0,0.0197,75.914,0.0,0.0,0.0,69.8249969482422,no_change,,3.0,13.0
AAPL,2026-08-10,4,Put,240.0,AAPL260810P00240000,0.0,1.02,0.51,0.09,0.0,0.0,0.0,2.0,1.3679,-0.0006,0.0001,0.0008,-0.0037,0.0,0.0043,0.0,0.0,0.0,0.495000004768372,no_change,2026-07-31T10:50:30,0.0,28.0
AAPL,2026-08-10,4,Call,245.0,AAPL260810C00245000,69.05,72.6,70.82499999999999,61.62,0.0,0.0,0.0,1.0,0.0,0.9992,0.0001,0.0009,0.0,0.0201,70.9174,0.0,0.0,0.0,64.8249988555908,up,2026-08-03T12:57:43,3.0,15.0
AAPL,2026-08-10,4,Put,245.0,AAPL260810P00245000,0.0,1.01,0.505,0.09,0.0,0.0,0.0,52.0,1.2801,-0.0009,0.0001,0.0011,-0.0053,0.0,0.0063,0.0,0.0,0.0,0.495000004768372,up,2026-08-04T12:10:08,0.0,26.0
AAPL,2026-08-10,4,Call,250.0,AAPL260810C00250000,64.05,67.45,65.75,0.0,0.0,0.0,0.0,0.0,0.0,0.9989,0.0001,0.0012,0.0,0.0205,65.9212,0.0,0.0,0.0,59.8250007629394,no_change,,3.0,15.0
AAPL,2026-08-10,4,Put,250.0,AAPL260810P00250000,0.0,1.01,0.505,0.1,0.0,0.0,0.0,0.0,1.1934,-0.0013,0.0002,0.0015,-0.0073,0.0,0.0089,0.0,0.0,0.0,0.490000009536743,down,2026-07-31T09:52:09,0.0,26.0
AAPL,2026-08-10,4,Call,255.0,AAPL260810C00255000,59.05,62.45,60.75,0.0,0.0,0.0,0.0,0.0,0.0,0.9984,0.0002,0.0017,0.0,0.0209,60.9256,0.0,0.0,0.0,54.8250007629394,no_change,,3.0,15.0
AAPL,2026-08-10,4,Put,255.0,AAPL260810P00255000,0.0,1.0,0.5,0.09,0.0,0.0,0.0,33.0,1.1056,-0.0019,0.0002,0.0021,-0.0098,-0.0001,0.0122,0.0,0.0,0.0,0.215000003576279,down,2026-08-03T10:21:05,0.0,284.0
AAPL,2026-08-10,4,Call,260.0,AAPL260810C00260000,54.05,57.85,55.95,41.54,0.0,0.0,0.0,35.0,0.0,0.9978,0.0003,0.0022,0.0,0.0213,55.9305,0.0,0.0,0.0,49.7250003814697,up,2026-07-31T12:12:22,3.0,1.0
AAPL,2026-08-10,4,Put,260.0,AAPL260810P00260000,0.0,0.16,0.08,0.04,0.0,0.0,0.0,12.0,0.7718,-0.0026,0.0004,0.0028,-0.0126,-0.0001,0.0162,0.0,0.0,0.0,0.025000000372529,down,2026-08-03T10:22:38,0.0,153.0
AAPL,2026-08-10,4,Call,265.0,AAPL260810C00265000,49.1,52.85,50.975,40.7,0.0,0.0,0.0,36.0,0.6881,0.9971,0.0004,0.003,0.0,0.0217,50.9361,0.0,0.0,0.0,44.8500003814697,no_change,2026-08-03T15:03:16,3.0,1.0
AAPL,2026-08-10,4,Put,265.0,AAPL260810P00265000,0.01,0.06,0.034999999999999996,0.05,0.01,25.0,1.0,40.0,0.6384,-0.0035,0.0005,0.0036,-0.016,-0.0001,0.0209,0.05,0.05,0.05,0.0400000000372529,up,2026-08-06T09:34:19,1.0,1.0
AAPL,2026-08-10,4,Call,270.0,AAPL260810C00270000,44.1,47.6,45.85,40.1,0.0,0.0,0.0,49.0,0.0,0.9961,0.0006,0.0038,0.0,0.0221,45.9422,0.0,0.0,0.0,40.25,up,2026-08-05T15:35:49,3.0,15.0
AAPL,2026-08-10,4,Put,270.0,AAPL260810P00270000,0.0,0.24,0.12,0.01,0.0,0.0,0.0,40.0,0.6738,-0.0046,0.0007,0.0047,-0.0196,-0.0001,0.0263,0.0,0.0,0.0,0.0300000002607703,down,2026-08-05T10:54:55,0.0,376.0
AAPL,2026-08-10,4,Call,275.0,AAPL260810C00275000,39.1,42.35,40.725,32.75,0.0,0.0,0.0,60.0,0.0,0.995,0.0008,0.0051,-0.0052,0.0226,40.9488,0.0,0.0,0.0,34.8500003814697,up,2026-08-04T12:43:23,3.0,14.0
AAPL,2026-08-10,4,Put,275.0,AAPL260810P00275000,0.0,0.19,0.095,0.03,0.0,0.0,0.0,109.0,0.585,-0.006,0.001,0.006,-0.0235,-0.0002,0.0324,0.0,0.0,0.0,0.034999999217689,down,2026-08-05T14:33:36,0.0,374.0
AAPL,2026-08-10,4,Call,277.5,AAPL260810C00277500,36.6,40.1,38.35,0.0,0.0,0.0,0.0,0.0,0.0,0.9942,0.001,0.0056,-0.0079,0.0228,38.4524,0.0,0.0,0.0,32.25,no_change,,3.0,15.0
AAPL,2026-08-10,4,Put,277.5,AAPL260810P00277500,0.01,0.13,0.07,0.13,0.075,136.364,1.0,0.0,0.529,-0.0068,0.0011,0.0067,-0.0256,-0.0002,0.0357,0.13,0.13,0.13,0.0550000006332994,up,2026-08-06T09:45:38,2.0,299.0
AAPL,2026-08-10,4,Call,280.0,AAPL260810C00280000,34.1,37.3,35.7,29.67,0.0,0.0,0.0,26.0,0.0,0.9934,0.0012,0.0061,-0.0105,0.0229,35.956,0.0,0.0,0.0,29.4250001907349,up,2026-08-04T15:41:37,3.0,19.0
AAPL,2026-08-10,4,Put,280.0,AAPL260810P00280000,0.01,0.05,0.030000000000000002,0.04,0.0,0.0,0.0,382.0,0.4473,-0.0078,0.0014,0.0075,-0.0276,-0.0003,0.0392,0.0,0.0,0.0,0.0500000016763806,no_change,2026-08-05T15:40:59,113.0,295.0
AAPL,2026-08-10,4,Call,282.5,AAPL260810C00282500,31.6,35.0,33.3,0.0,0.0,0.0,0.0,0.0,0.0,0.9925,0.0014,0.0072,-0.0132,0.0231,33.4597,0.0,0.0,0.0,27.2750005722046,no_change,,3.0,15.0
AAPL,2026-08-10,4,Put,282.5,AAPL260810P00282500,0.01,0.26,0.135,0.14,0.0,0.0,0.0,7.0,0.5108,-0.0089,0.0016,0.0085,-0.0298,-0.0003,0.0429,0.0,0.0,0.0,0.0849999999627471,up,2026-08-05T09:37:12,202.0,293.0
AAPL,2026-08-10,4,Call,285.0,AAPL260810C00285000,29.1,32.6,30.85,22.5,0.0,0.0,0.0,22.0,0.0,0.9915,0.0017,0.0084,-0.0159,0.0234,30.9635,0.0,0.0,0.0,24.3500003814697,up,2026-08-05T10:37:51,3.0,15.0
AAPL,2026-08-10,4,Put,285.0,AAPL260810P00285000,0.01,0.14,0.07500000000000001,0.07,0.005,7.69231,1.0,331.0,0.4363,-0.0102,0.0019,0.0096,-0.032,-0.0003,0.0468,0.07,0.07,0.07,0.0649999994784594,down,2026-08-06T09:45:57,223.0,326.0
AAPL,2026-08-10,4,Call,287.5,AAPL260810C00287500,26.6,29.05,27.825000000000003,0.0,0.0,0.0,0.0,0.0,0.0,0.9901,0.002,0.0092,-0.0191,0.0235,28.4683,0.0,0.0,0.0,22.375,no_change,,49.0,33.0
AAPL,2026-08-10,4,Put,287.5,AAPL260810P00287500,0.01,0.15,0.08,0.09,0.0,0.0,0.0,35.0,0.4076,-0.0118,0.0023,0.0109,-0.0345,-0.0004,0.0515,0.0,0.0,0.0,0.100000003352761,down,2026-08-05T15:01:16,276.0,326.0
AAPL,2026-08-10,4,Call,290.0,AAPL260810C00290000,24.1,27.35,25.725,25.0,5.575,28.7001,1.0,32.0,0.0,0.9884,0.0025,0.0103,-0.0229,0.0237,25.9741,25.0,25.0,25.0,19.4250001907349,up,2026-08-06T09:33:43,82.0,71.0
AAPL,2026-08-10,4,Put,290.0,AAPL260810P00290000,0.05,0.08,0.065,0.05,-0.045,-47.3684,20.0,551.0,0.3638,-0.0139,0.0029,0.0126,-0.0378,-0.0005,0.0577,0.3,0.3,0.04,0.0950000006705522,down,2026-08-06T09:43:24,1.0,203.0
AAPL,2026-08-10,4,Call,292.5,AAPL260810C00292500,21.65,24.95,23.299999999999997,15.95,0.0,0.0,0.0,45.0,0.0,0.9858,0.0032,0.013,-0.0282,0.0238,23.4824,0.0,0.0,0.0,17.1250004768372,down,2026-08-05T11:50:28,59.0,22.0
AAPL,2026-08-10,4,Put,292.5,AAPL260810P00292500,0.04,0.08,0.06,0.15,0.0,0.0,0.0,543.0,0.3318,-0.017,0.0037,0.015,-0.0429,-0.0006,0.0675,0.0,0.0,0.0,0.16499999538064,up,2026-08-05T15:59:50,192.0,240.0
AAPL,2026-08-10,4,Call,295.0,AAPL260810C00295000,19.15,21.5,20.325,20.5,5.375,35.5372,1.0,334.0,0.0,0.9814,0.0044,0.0157,-0.0372,0.024,20.9979,20.5,20.5,20.5,15.125,up,2026-08-06T09:45:28,458.0,120.0
AAPL,2026-08-10,4,Put,295.0,AAPL260810P00295000,0.06,0.11,0.08499999999999999,0.09,-0.165,-64.7059,32.0,461.0,0.3121,-0.022,0.0049,0.0187,-0.0517,-0.0007,0.0849,0.38,0.38,0.09,0.255000002682209,down,2026-08-06T09:45:10,174.0,318.0
AAPL,2026-08-10,4,Call,297.5,AAPL260810C00297500,16.65,19.6,18.125,15.15,2.475,19.5266,1.0,34.0,0.0,0.9737,0.0062,0.0217,-0.0523,0.0241,18.5254,15.15,15.15,15.15,12.6750001907349,up,2026-08-06T09:39:08,68.0,45.0
AAPL,2026-08-10,4,Put,297.5,AAPL260810P00297500,0.1,0.15,0.125,0.11,-0.31,-73.8095,137.0,822.0,0.2974,-0.0307,0.0069,0.0246,-0.067,-0.001,0.1172,0.25,0.25,0.06,0.420000001788139,no_change,2026-08-06T09:46:43,106.0,146.0
AAPL,2026-08-10,4,Call,300.0,AAPL260810C00300000,14.5,16.35,15.425,15.05,4.4,41.3146,43.0,334.0,0.0,0.9603,0.0092,0.0304,-0.0772,0.0241,16.0764,15.38,15.38,15.0,10.6500000953674,up,2026-08-06T09:43:34,199.0,11.0
AAPL,2026-08-10,4,Put,300.0,AAPL260810P00300000,0.16,0.18,0.16999999999999998,0.22,-0.435,-66.4122,583.0,1235.0,0.2777,-0.0456,0.01,0.0338,-0.0921,-0.0015,0.1762,0.26,0.35,0.22,0.655000001192093,down,2026-08-06T09:43:38,81.0,86.0
AAPL,2026-08-10,4,Call,302.5,AAPL260810C00302500,12.5,14.0,13.25,13.0,4.55,53.8462,13.0,1304.0,0.0,0.9376,0.0137,0.0428,-0.1158,0.0238,13.6689,12.95,13.0,11.4,8.44999980926514,up,2026-08-06T09:45:25,277.0,36.0
AAPL,2026-08-10,4,Put,302.5,AAPL260810P00302500,0.25,0.31,0.28,0.33,-0.745,-69.3023,301.0,571.0,0.2693,-0.0699,0.0146,0.0471,-0.1302,-0.0024,0.2802,0.45,0.48,0.33,1.07499998807907,down,2026-08-06T09:43:34,97.0,146.0
AAPL,2026-08-10,4,Call,305.0,AAPL260810C00305000,10.9,11.75,11.325,11.3,4.8,73.8462,349.0,4312.0,0.2666,0.9011,0.0201,0.0592,-0.1704,0.0233,11.3307,9.9,11.3,9.15,6.5,up,2026-08-06T09:46:31,345.0,370.0
AAPL,2026-08-10,4,Put,305.0,AAPL260810P00305000,0.42,0.49,0.45499999999999996,0.51,-1.17,-69.6429,118.0,2104.0,0.2592,-0.1084,0.0209,0.0649,-0.1831,-0.0036,0.4594,0.69,0.87,0.51,1.68000000715256,down,2026-08-06T09:45:52,62.0,167.0
AAPL,2026-08-10,4,Call,307.5,AAPL260810C00307500,8.85,9.3,9.075,9.0,4.15,85.567,102.0,6432.0,0.2483,0.8454,0.0282,0.0828,-0.2404,0.0224,9.1074,7.8,9.15,6.9,4.84999990463257,no_change,2026-08-06T09:46:09,66.0,44.0
AAPL,2026-08-10,4,Put,307.5,AAPL260810P00307500,0.68,0.77,0.7250000000000001,0.75,-1.76,-70.1195,63.0,608.0,0.2487,-0.166,0.0288,0.0862,-0.2496,-0.0055,0.7604,1.27,1.27,0.75,2.50999999046326,no_change,2026-08-06T09:47:03,214.0,118.0
AAPL,2026-08-10,4,Call,310.0,AAPL260810C00310000,6.9,7.15,7.025,7.05,3.525,100.0,708.0,3899.0,0.2441,0.7658,0.0368,0.104,-0.3185,0.0206,7.0701,6.0,7.3,5.3,3.52499997615814,no_change,2026-08-06T09:47:06,101.0,40.0
AAPL,2026-08-10,4,Put,310.0,AAPL260810P00310000,1.16,1.25,1.205,1.32,-2.38,-64.3243,79.0,388.0,0.2446,-0.2466,0.037,0.1086,-0.3225,-0.0082,1.2507,1.9,1.9,1.29,3.69999992847443,up,2026-08-06T09:46:38,65.0,82.0
AAPL,2026-08-10,4,Call,312.5,AAPL260810C00312500,5.1,5.4,5.25,5.15,2.675,108.081,944.0,1657.0,0.2443,0.6637,0.0438,0.1246,-0.3878,0.0184,5.2911,3.6,5.5,3.6,2.47500002384186,down,2026-08-06T09:47:12,84.0,299.0
AAPL,2026-08-10,4,Put,312.5,AAPL260810P00312500,1.89,1.99,1.94,2.02,-3.105,-60.5854,1105.0,76.0,0.2426,-0.3486,0.0436,0.1266,-0.386,-0.0113,2.0025,2.54,3.1,2.02,5.125,no_change,2026-08-06T09:46:41,23.0,8.0
AAPL,2026-08-10,4,Call,315.0,AAPL260810C00315000,3.65,3.85,3.75,3.8,2.14,128.916,2863.0,3470.0,0.244,0.548,0.0472,0.1352,-0.4282,0.0158,3.8204,2.69,4.06,2.65,1.66000002622604,down,2026-08-06T09:47:13,132.0,53.0
AAPL,2026-08-10,4,Put,315.0,AAPL260810P00315000,2.85,3.05,2.95,2.97,-3.83,-56.3235,793.0,139.0,0.2495,-0.463,0.0465,0.1357,-0.4218,-0.0147,3.0622,3.37,4.3,2.97,6.79999995231628,down,2026-08-06T09:47:13,128.0,94.0
AAPL,2026-08-10,4,Call,317.5,AAPL260810C00317500,2.57,2.7,2.635,2.66,1.585,147.442,1291.0,3474.0,0.2514,0.4314,0.046,0.134,-0.4283,0.0126,2.6709,2.13,2.83,1.8,1.07499998807907,up,2026-08-06T09:47:13,110.0,162.0
AAPL,2026-08-10,4,Put,317.5,AAPL260810P00317500,4.25,4.55,4.4,5.0,-3.925,-43.9776,13.0,60.0,0.2499,-0.5775,0.0453,0.1338,-0.4197,-0.0183,4.4357,5.1,5.75,5.0,8.92500019073486,down,2026-08-06T09:45:04,80.0,85.0
AAPL,2026-08-10,4,Call,320.0,AAPL260810C00320000,1.77,1.83,1.8,1.75,1.055,151.799,3414.0,4552.0,0.2555,0.3252,0.0413,0.123,-0.3922,0.0098,1.8137,1.44,1.96,1.14,0.695000022649765,no_change,2026-08-06T09:47:13,61.0,207.0
AAPL,2026-08-10,4,Put,320.0,AAPL260810P00320000,5.9,6.2,6.050000000000001,6.25,-4.425,-41.452,7.0,2809.0,0.2531,-0.6817,0.0406,0.1223,-0.3831,-0.0208,6.0975,7.15,7.47,6.2,10.6750001907349,up,2026-08-06T09:46:22,103.0,208.0
AAPL,2026-08-10,4,Call,322.5,AAPL260810C00322500,1.16,1.22,1.19,1.19,0.735,161.538,753.0,1052.0,0.2621,0.2361,0.0346,0.106,-0.3332,0.0072,1.2039,0.97,1.3,0.67,0.454999998211861,no_change,2026-08-06T09:46:59,198.0,40.0
AAPL,2026-08-10,4,Put,322.5,AAPL260810P00322500,7.55,8.15,7.85,8.7,-4.7,-35.0746,2.0,44.0,0.2162,-0.7689,0.0339,0.1049,-0.3247,-0.0234,8.0008,8.7,8.7,8.7,13.4000000953674,down,2026-08-06T09:30:01,109.0,122.0
AAPL,2026-08-10,4,Call,325.0,AAPL260810C00325000,0.75,0.81,0.78,0.79,0.47,146.875,608.0,924.0,0.2696,0.1666,0.0273,0.086,-0.267,0.0052,0.7877,0.64,0.85,0.48,0.320000007748604,no_change,2026-08-06T09:47:06,103.0,34.0
AAPL,2026-08-10,4,Put,325.0,AAPL260810P00325000,9.85,10.25,10.05,12.0,-3.45,-22.3301,221.0,109.0,0.2635,-0.837,0.0268,0.0849,-0.259,-0.0246,10.0937,10.2,12.0,10.2,15.4500002861023,up,2026-08-06T09:36:33,21.0,150.0
AAPL,2026-08-10,4,Call,327.5,AAPL260810C00327500,0.49,0.54,0.515,0.52,0.305,141.86,539.0,313.0,0.2749,0.1155,0.0207,0.0676,-0.2052,0.0036,0.513,0.46,0.55,0.32,0.214999996125698,no_change,2026-08-06T09:47:09,132.0,72.0
AAPL,2026-08-10,4,Put,327.5,AAPL260810P00327500,11.6,13.7,12.649999999999999,13.6,-4.375,-24.3394,1.0,101.0,0.3211,-0.8871,0.0203,0.0665,-0.1974,-0.0259,12.3247,13.6,13.6,13.6,17.9749994277954,down,2026-08-06T09:39:06,190.0,242.0
AAPL,2026-08-10,4,Call,330.0,AAPL260810C00330000,0.32,0.34,0.33,0.35,0.21,150.0,435.0,1936.0,0.2845,0.0792,0.0152,0.0516,-0.1532,0.0025,0.3348,0.25,0.36,0.2,0.140000000596046,no_change,2026-08-06T09:47:12,133.0,2.0
AAPL,2026-08-10,4,Put,330.0,AAPL260810P00330000,14.05,16.05,15.05,20.49,0.0,0.0,0.0,281.0,0.3509,-0.9226,0.0149,0.0508,-0.1456,-0.0267,14.6508,0.0,0.0,0.0,20.5249996185303,down,2026-08-05T15:49:09,107.0,153.0
AAPL,2026-08-10,4,Call,332.5,AAPL260810C00332500,0.21,0.24,0.22499999999999998,0.2,0.1,100.0,45.0,486.0,0.2944,0.0545,0.011,0.0389,-0.1132,0.0017,0.2219,0.22,0.28,0.15,0.099999999627471,up,2026-08-06T09:45:43,65.0,184.0
AAPL,2026-08-10,4,Put,332.5,AAPL260810P00332500,16.25,18.85,17.55,23.14,0.0,0.0,0.0,48.0,0.392,-0.9468,0.0108,0.0381,-0.1051,-0.0272,17.0395,0.0,0.0,0.0,22.5500001907349,down,2026-08-04T15:49:24,37.0,33.0
AAPL,2026-08-10,4,Call,335.0,AAPL260810C00335000,0.13,0.15,0.14,0.15,0.08,114.286,38.0,1295.0,0.302,0.0376,0.0079,0.029,-0.083,0.0012,0.1489,0.11,0.15,0.09,0.0699999984353781,up,2026-08-06T09:47:12,104.0,1.0
AAPL,2026-08-10,4,Put,335.0,AAPL260810P00335000,18.2,21.3,19.75,32.67,0.0,0.0,0.0,32.0,0.3779,-0.9633,0.0077,0.0284,-0.0746,-0.0276,19.4681,0.0,0.0,0.0,25.375,down,2026-07-31T14:39:28,38.0,38.0
AAPL,2026-08-10,4,Call,337.5,AAPL260810C00337500,0.05,0.22,0.135,0.08,0.04,100.0,5.0,215.0,0.3286,0.0263,0.0057,0.0217,-0.0611,0.0008,0.1018,0.08,0.1,0.06,0.0400000000372529,up,2026-08-06T09:41:01,373.0,334.0
AAPL,2026-08-10,4,Put,337.5,AAPL260810P00337500,20.55,23.75,22.15,34.77,0.0,0.0,0.0,73.0,0.3903,-0.9744,0.0056,0.0211,-0.052,-0.0278,21.9215,0.0,0.0,0.0,27.8999996185303,up,2026-08-03T11:48:21,42.0,36.0
AAPL,2026-08-10,4,Call,340.0,AAPL260810C00340000,0.05,0.1,0.07500000000000001,0.06,0.025,71.4286,103.0,846.0,0.33,0.0186,0.0041,0.0162,-0.0451,0.0006,0.0708,0.08,0.08,0.03,0.034999999217689,up,2026-08-06T09:47:06,133.0,541.0
AAPL,2026-08-10,4,Put,340.0,AAPL260810P00340000,23.6,26.2,24.9,28.67,0.0,0.0,0.0,59.0,0.4802,-0.982,0.004,0.0156,-0.0353,-0.028,24.3905,0.0,0.0,0.0,30.1000003814697,down,2026-08-05T11:11:17,39.0,32.0
AAPL,2026-08-10,4,Call,342.5,AAPL260810C00342500,0.01,0.1,0.055,0.1,0.07,233.333,2.0,439.0,0.3394,0.0132,0.003,0.0121,-0.0333,0.0004,0.0497,0.1,0.1,0.1,0.0300000002607703,no_change,2026-08-06T09:44:03,316.0,380.0
AAPL,2026-08-10,4,Put,342.5,AAPL260810P00342500,25.8,28.7,27.25,40.18,0.0,0.0,0.0,13.0,0.4826,-0.9872,0.0029,0.0118,-0.0229,-0.0282,26.8692,0.0,0.0,0.0,32.9499988555908,up,2026-07-31T10:48:45,31.0,38.0
AAPL,2026-08-10,4,Call,345.0,AAPL260810C00345000,0.01,0.05,0.030000000000000002,0.01,-0.03,-75.0,10.0,261.0,0.3386,0.0095,0.0021,0.0091,-0.0246,0.0003,0.0352,0.01,0.01,0.01,0.0399999991059303,no_change,2026-08-06T09:30:47,286.0,246.0
AAPL,2026-08-10,4,Put,345.0,AAPL260810P00345000,28.6,31.15,29.875,39.66,0.0,0.0,0.0,5.0,0.5451,-0.9908,0.0021,0.0088,-0.0135,-0.0285,29.3545,0.0,0.0,0.0,35.3499984741211,down,2026-08-03T14:41:42,33.0,41.0
AAPL,2026-08-10,4,Call,347.5,AAPL260810C00347500,0.01,0.08,0.045,0.08,-0.01,-11.1111,1.0,64.0,0.3809,0.0068,0.0016,0.0068,-0.0183,0.0002,0.0252,0.08,0.08,0.08,0.0900000035762787,up,2026-08-06T09:44:26,189.0,335.0
AAPL,2026-08-10,4,Put,347.5,AAPL260810P00347500,30.9,33.65,32.275,11.0,0.0,0.0,0.0,250.0,0.5551,-0.9934,0.0015,0.0065,-0.0064,-0.0286,31.844,0.0,0.0,0.0,37.6749992370606,up,2026-07-29T10:26:11,102.0,103.0
AAPL,2026-08-10,4,Call,350.0,AAPL260810C00350000,0.01,0.03,0.02,0.03,0.005,20.0,5.0,177.0,0.3694,0.0049,0.0011,0.0051,-0.0136,0.0002,0.0181,0.03,0.03,0.03,0.025000000372529,down,2026-08-06T09:43:13,56.0,348.0
AAPL,2026-08-10,4,Put,350.0,AAPL260810P00350000,33.55,36.15,34.849999999999994,47.89,0.0,0.0,0.0,0.0,0.6063,-0.9952,0.0011,0.005,-0.0009,-0.0288,34.3363,0.0,0.0,0.0,40.125,up,2026-07-31T11:41:56,28.0,45.0
AAPL,2026-08-10,4,Call,352.5,AAPL260810C00352500,0.01,0.03,0.02,0.02,0.0,0.0,0.0,1623.0,0.3919,0.0036,0.0008,0.0039,-0.0101,0.0001,0.013,0.0,0.0,0.0,0.0199999995529652,up,2026-08-05T12:38:50,2.0,309.0
AAPL,2026-08-10,4,Put,352.5,AAPL260810P00352500,35.25,38.65,36.95,0.0,0.0,0.0,0.0,0.0,0.4993,-0.9965,0.0008,0.0037,0.0,-0.029,36.8306,0.0,0.0,0.0,42.625,no_change,,41.0,27.0
AAPL,2026-08-10,4,Call,355.0,AAPL260810C00355000,0.0,0.05,0.025,0.02,0.0,0.0,0.0,275.0,0.4241,0.0026,0.0006,0.0029,-0.0075,0.0001,0.0095,0.0,0.0,0.0,0.100000001490116,down,2026-08-04T12:45:37,0.0,333.0
AAPL,2026-08-10,4,Put,355.0,AAPL260810P00355000,38.0,41.15,39.575,0.0,0.0,0.0,0.0,0.0,0.5854,-0.9974,0.0006,0.0028,0.0,-0.0292,39.3263,0.0,0.0,0.0,45.375,no_change,,23.0,13.0
AAPL,2026-08-10,4,Call,357.5,AAPL260810C00357500,0.0,0.05,0.025,0.09,0.0,0.0,0.0,47.0,0.4465,0.0019,0.0004,0.0022,-0.0056,0.0001,0.0069,0.0,0.0,0.0,0.135000005364418,down,2026-08-04T15:03:40,0.0,340.0
AAPL,2026-08-10,4,Put,357.5,AAPL260810P00357500,40.45,43.65,42.05,0.0,0.0,0.0,0.0,0.0,0.6038,-0.9981,0.0004,0.0021,0.0,-0.0294,41.823,0.0,0.0,0.0,47.625,no_change,,26.0,13.0
AAPL,2026-08-10,4,Call,360.0,AAPL260810C00360000,0.0,0.05,0.025,0.02,0.0,0.0,0.0,189.0,0.4686,0.0014,0.0003,0.0017,-0.0041,0.0,0.005,0.0,0.0,0.0,0.204999998211861,down,2026-08-05T13:24:37,0.0,266.0
AAPL,2026-08-10,4,Put,360.0,AAPL260810P00360000,43.25,46.15,44.7,26.5,0.0,0.0,0.0,0.0,0.6885,-0.9986,0.0003,0.0016,0.0,-0.0296,44.3204,0.0,0.0,0.0,50.1499996185303,up,2026-07-30T09:31:39,13.0,17.0
AAPL,2026-08-10,4,Call,362.5,AAPL260810C00362500,0.0,0.04,0.02,0.03,0.0,0.0,0.0,51.0,0.4792,0.001,0.0002,0.0013,-0.0031,0.0,0.0037,0.0,0.0,0.0,0.509999990463257,down,2026-07-31T12:33:17,0.0,295.0
AAPL,2026-08-10,4,Put,362.5,AAPL260810P00362500,45.25,48.65,46.95,0.0,0.0,0.0,0.0,0.0,0.6064,-0.999,0.0002,0.0012,0.0,-0.0298,46.8182,0.0,0.0,0.0,52.5999984741211,no_change,,22.0,24.0
AAPL,2026-08-10,4,Call,365.0,AAPL260810C00365000,0.0,0.03,0.015,0.15,0.0,0.0,0.0,183.0,0.4863,0.0008,0.0002,0.001,-0.0023,0.0,0.0027,0.0,0.0,0.0,0.0750000029802322,up,2026-08-04T15:51:36,0.0,7.0
AAPL,2026-08-10,4,Put,365.0,AAPL260810P00365000,48.3,51.15,49.724999999999994,0.0,0.0,0.0,0.0,0.0,0.7552,-0.9992,0.0002,0.0009,0.0,-0.03,49.3164,0.0,0.0,0.0,55.0999984741211,no_change,,27.0,13.0
AAPL,2026-08-10,4,Call,367.5,AAPL260810C00367500,0.0,0.02,0.01,0.29,0.0,0.0,0.0,10.0,0.488,0.0006,0.0001,0.0007,-0.0017,0.0,0.002,0.0,0.0,0.0,0.400000005960464,up,2026-08-04T15:03:03,0.0,1.0
AAPL,2026-08-10,4,Put,367.5,AAPL260810P00367500,50.1,53.6,51.85,33.9,0.0,0.0,0.0,0.0,0.5588,-0.9994,0.0001,0.0007,0.0,-0.0302,51.8149,0.0,0.0,0.0,57.5249996185303,up,2026-07-30T15:16:08,39.0,29.0
AAPL,2026-08-10,4,Call,370.0,AAPL260810C00370000,0.0,0.01,0.005,0.25,0.0,0.0,0.0,235.0,0.4784,0.0004,0.0001,0.0006,-0.0013,0.0,0.0015,0.0,0.0,0.0,0.00499999988824129,up,2026-08-04T15:03:03,0.0,1.0
AAPL,2026-08-10,4,Put,370.0,AAPL260810P00370000,52.95,56.1,54.525000000000006,28.32,0.0,0.0,0.0,0.0,0.7282,-0.9995,0.0001,0.0005,0.0,-0.0304,54.3135,0.0,0.0,0.0,60.125,down,2026-07-29T10:12:35,36.0,35.0
AAPL,2026-08-10,4,Call,372.5,AAPL260810C00372500,0.0,0.02,0.01,0.14,0.0,0.0,0.0,6.0,0.527,0.0003,0.0001,0.0004,-0.001,0.0,0.0011,0.0,0.0,0.0,0.509999990463257,up,2026-08-04T15:01:55,0.0,1.0
AAPL,2026-08-10,4,Put,372.5,AAPL260810P00372500,55.25,58.6,56.925,0.0,0.0,0.0,0.0,0.0,0.6895,-0.9996,0.0001,0.0004,0.0,-0.0306,56.8122,0.0,0.0,0.0,62.6749992370606,no_change,,38.0,23.0
AAPL,2026-08-10,4,Call,375.0,AAPL260810C00375000,0.0,0.01,0.005,0.04,0.0,0.0,0.0,220.0,0.5152,0.0002,0.0001,0.0003,-0.0008,0.0,0.0009,0.0,0.0,0.0,0.0350000001490116,no_change,2026-08-05T15:38:44,0.0,1.0
AAPL,2026-08-10,4,Put,375.0,AAPL260810P00375000,58.65,61.1,59.875,0.0,0.0,0.0,0.0,0.0,0.9177,-0.9997,0.0,0.0003,0.0,-0.0308,59.3111,0.0,0.0,0.0,65.1749992370606,no_change,,26.0,26.0
AAPL,2026-08-10,4,Call,377.5,AAPL260810C00377500,0.0,0.01,0.005,0.03,0.0,0.0,0.0,0.0,0.5333,0.0002,0.0,0.0003,-0.0006,0.0,0.0006,0.0,0.0,0.0,0.509999990463257,down,2026-07-31T12:38:45,0.0,1.0
AAPL,2026-08-10,4,Put,377.5,AAPL260810P00377500,60.25,63.6,61.925,0.0,0.0,0.0,0.0,0.0,0.7382,-0.9998,0.0,0.0002,0.0,-0.031,61.81,0.0,0.0,0.0,67.5999984741211,no_change,,38.0,23.0
AAPL,2026-08-10,4,Call,380.0,AAPL260810C00380000,0.0,0.01,0.005,0.2,0.0,0.0,0.0,34.0,0.5512,0.0001,0.0,0.0002,-0.0004,0.0,0.0005,0.0,0.0,0.0,0.509999990463257,no_change,2026-07-30T13:39:54,0.0,1.0
AAPL,2026-08-10,4,Put,380.0,AAPL260810P00380000,63.1,66.1,64.6,0.0,0.0,0.0,0.0,0.0,0.8698,-0.9998,0.0,0.0002,0.0,-0.0312,64.309,0.0,0.0,0.0,70.125,no_change,,17.0,26.0
AAPL,2026-08-10,4,Call,385.0,AAPL260810C00385000,0.0,0.01,0.005,0.21,0.0,0.0,0.0,3.0,0.5866,0.0001,0.0,0.0001,-0.0003,0.0,0.0003,0.0,0.0,0.0,0.509999990463257,down,2026-08-04T15:01:32,0.0,1.0
AAPL,2026-08-10,4,Put,385.0,AAPL260810P00385000,67.95,71.1,69.525,0.0,0.0,0.0,0.0,0.0,0.8807,-0.9998,0.0,0.0001,0.0,-0.0316,69.307,0.0,0.0,0.0,74.9749984741211,no_change,,23.0,28.0
AAPL,2026-08-10,4,Call,390.0,AAPL260810C00390000,0.0,0.01,0.005,0.17,0.0,0.0,0.0,21.0,0.6214,0.0,0.0,0.0001,-0.0002,0.0,0.0002,0.0,0.0,0.0,0.150000005960464,up,2026-08-04T15:01:32,0.0,1.0
AAPL,2026-08-10,4,Put,390.0,AAPL260810P00390000,73.55,76.1,74.82499999999999,0.0,0.0,0.0,0.0,0.0,1.0657,-0.9999,0.0,0.0001,0.0,-0.032,74.3051,0.0,0.0,0.0,80.125,no_change,,24.0,23.0
AAPL,2026-08-10,4,Call,395.0,AAPL260810C00395000,0.0,0.01,0.005,0.0,0.0,0.0,0.0,0.0,0.6555,0.0,0.0,0.0,-0.0001,0.0,0.0001,0.0,0.0,0.0,0.509999990463257,no_change,,0.0,1.0
AAPL,2026-08-10,4,Put,395.0,AAPL260810P00395000,77.75,81.1,79.425,0.0,0.0,0.0,0.0,0.0,0.9017,-0.9999,0.0,0.0,0.0,-0.0325,79.3032,0.0,0.0,0.0,84.9500007629394,no_change,,38.0,26.0
AAPL,2026-08-10,4,Call,400.0,AAPL260810C00400000,0.0,0.01,0.005,0.01,0.0,0.0,0.0,243.0,0.689,0.0,0.0,0.0,-0.0001,0.0,0.0001,0.0,0.0,0.0,0.0549999997019768,no_change,2026-08-03T15:17:09,0.0,1.0
AAPL,2026-08-10,4,Put,400.0,AAPL260810P00400000,83.5,86.1,84.8,60.8,0.0,0.0,0.0,0.0,1.1593,-0.9999,0.0,0.0,0.0,-0.0329,84.3014,0.0,0.0,0.0,89.9500007629394,down,2026-07-28T11:39:01,25.0,22.0
AAPL,2026-08-10,4,Call,405.0,AAPL260810C00405000,0.0,0.01,0.005,0.01,0.0,0.0,0.0,4.0,0.722,0.0,0.0,0.0,0.0,0.0,0.0,0.0,0.0,0.0,0.00499999988824129,down,2026-08-05T15:34:23,0.0,1000.0
AAPL,2026-08-10,4,Put,405.0,AAPL260810P00405000,87.85,91.1,89.475,0.0,0.0,0.0,0.0,0.0,1.0348,-0.9999,0.0,0.0,0.0,-0.0333,89.2996,0.0,0.0,0.0,95.0250015258789,no_change,,30.0,26.0
AAPL,2026-08-12,6,Call,205.0,AAPL260812C00205000,109.05,112.45,110.75,100.6,0.0,0.0,0.0,0.0,0.0,0.9998,0.0,0.0003,0.0,0.0169,110.911,0.0,0.0,0.0,104.650001525879,up,2026-07-31T15:25:17,8.0,15.0
AAPL,2026-08-12,6,Put,205.0,AAPL260812P00205000,0.0,1.02,0.51,0.0,0.0,0.0,0.0,0.0,1.6754,-0.0004,0.0,0.0006,-0.0028,0.0,0.0038,0.0,0.0,0.0,0.509999990463257,no_change,,0.0,50.0
AAPL,2026-08-12,6,Call,210.0,AAPL260812C00210000,104.05,107.4,105.725,0.0,0.0,0.0,0.0,0.0,0.0,0.9997,0.0,0.0004,0.0,0.0173,105.9136,0.0,0.0,0.0,99.6500015258789,no_change,,7.0,15.0
AAPL,2026-08-12,6,Put,210.0,AAPL260812P00210000,0.0,1.02,0.51,0.0,0.0,0.0,0.0,0.0,1.5934,-0.0005,0.0,0.0008,-0.0037,0.0,0.0052,0.0,0.0,0.0,0.509999990463257,no_change,,0.0,55.0
AAPL,2026-08-12,6,Call,215.0,AAPL260812C00215000,99.05,102.5,100.775,0.0,0.0,0.0,0.0,0.0,0.0,0.9996,0.0,0.0006,0.0,0.0177,100.9163,0.0,0.0,0.0,94.6999969482422,no_change,,8.0,1.0
AAPL,2026-08-12,6,Put,215.0,AAPL260812P00215000,0.0,1.03,0.515,0.0,0.0,0.0,0.0,0.0,1.5154,-0.0007,0.0001,0.001,-0.0049,0.0,0.0071,0.0,0.0,0.0,0.504999995231628,no_change,,0.0,55.0
AAPL,2026-08-12,6,Call,220.0,AAPL260812C00220000,94.05,97.4,95.725,0.0,0.0,0.0,0.0,0.0,0.0,0.9994,0.0001,0.0008,0.0,0.0182,95.9194,0.0,0.0,0.0,89.6999969482422,no_change,,7.0,15.0
AAPL,2026-08-12,6,Put,220.0,AAPL260812P00220000,0.0,1.01,0.505,0.03,0.0,0.0,0.0,3.0,1.4318,-0.001,0.0001,0.0013,-0.0064,0.0,0.0094,0.0,0.0,0.0,0.495000004768372,down,2026-07-31T14:01:37,0.0,6.0
AAPL,2026-08-12,6,Call,225.0,AAPL260812C00225000,89.05,92.45,90.75,0.0,0.0,0.0,0.0,0.0,0.0,0.9992,0.0001,0.001,0.0,0.0186,90.9228,0.0,0.0,0.0,84.6999969482422,no_change,,8.0,15.0
AAPL,2026-08-12,6,Put,225.0,AAPL260812P00225000,0.0,1.0,0.5,0.58,0.0,0.0,0.0,1.0,1.3522,-0.0013,0.0001,0.0017,-0.0081,-0.0001,0.0122,0.0,0.0,0.0,0.490000009536743,up,2026-07-31T09:31:32,0.0,36.0
AAPL,2026-08-12,6,Call,230.0,AAPL260812C00230000,84.05,87.45,85.75,0.0,0.0,0.0,0.0,0.0,0.0,0.9989,0.0001,0.0014,0.0,0.0192,85.9267,0.0,0.0,0.0,79.6999969482422,no_change,,7.0,15.0
AAPL,2026-08-12,6,Put,230.0,AAPL260812P00230000,0.0,0.99,0.495,0.03,0.0,0.0,0.0,40.0,1.2765,-0.0016,0.0001,0.0022,-0.0101,-0.0001,0.0156,0.0,0.0,0.0,0.485000014305115,down,2026-07-31T12:22:03,0.0,15.0
AAPL,2026-08-12,6,Call,235.0,AAPL260812C00235000,79.05,82.45,80.75,0.0,0.0,0.0,0.0,0.0,0.0,0.9986,0.0001,0.0017,0.0,0.0196,80.931,0.0,0.0,0.0,74.6999969482422,no_change,,8.0,15.0
AAPL,2026-08-12,6,Put,235.0,AAPL260812P00235000,0.0,0.99,0.495,0.06,0.0,0.0,0.0,2.0,1.1997,-0.0021,0.0002,0.0028,-0.0124,-0.0001,0.0196,0.0,0.0,0.0,0.474999994039536,no_change,2026-07-31T11:54:11,0.0,79.0
AAPL,2026-08-12,6,Call,240.0,AAPL260812C00240000,74.05,77.45,75.75,0.0,0.0,0.0,0.0,0.0,0.0,0.9982,0.0002,0.0025,0.0,0.0202,75.9357,0.0,0.0,0.0,69.6999969482422,no_change,,7.0,15.0
AAPL,2026-08-12,6,Put,240.0,AAPL260812P00240000,0.0,0.97,0.485,0.01,0.0,0.0,0.0,0.0,1.1223,-0.0027,0.0003,0.0034,-0.015,-0.0001,0.0243,0.0,0.0,0.0,0.465000003576279,down,2026-07-31T13:29:54,0.0,50.0
AAPL,2026-08-12,6,Call,245.0,AAPL260812C00245000,69.05,72.6,70.82499999999999,0.0,0.0,0.0,0.0,0.0,0.0,0.9976,0.0003,0.0029,0.0,0.0206,70.9412,0.0,0.0,0.0,64.6999988555908,no_change,,8.0,15.0
AAPL,2026-08-12,6,Put,245.0,AAPL260812P00245000,0.0,0.96,0.48,0.09,0.0,0.0,0.0,1.0,1.0483,-0.0034,0.0003,0.0042,-0.0178,-0.0002,0.0296,0.0,0.0,0.0,0.449999988079071,down,2026-07-31T12:06:00,0.0,144.0
AAPL,2026-08-12,6,Call,250.0,AAPL260812C00250000,64.05,67.6,65.82499999999999,0.0,0.0,0.0,0.0,0.0,0.0,0.997,0.0004,0.0034,0.0,0.021,65.9471,0.0,0.0,0.0,59.7000007629394,no_change,,7.0,15.0
AAPL,2026-08-12,6,Put,250.0,AAPL260812P00250000,0.0,0.92,0.46,0.14,0.0,0.0,0.0,8.0,0.9699,-0.0042,0.0004,0.0052,-0.0209,-0.0002,0.0357,0.0,0.0,0.0,0.104999996721745,up,2026-08-03T15:24:35,0.0,326.0
AAPL,2026-08-12,6,Call,255.0,AAPL260812C00255000,59.1,62.45,60.775000000000006,0.0,0.0,0.0,0.0,0.0,0.0,0.9962,0.0005,0.0048,0.0,0.0218,60.9535,0.0,0.0,0.0,54.7000007629394,no_change,,8.0,15.0
AAPL,2026-08-12,6,Put,255.0,AAPL260812P00255000,0.0,0.2,0.1,0.04,0.0,0.0,0.0,8.0,0.7141,-0.0052,0.0006,0.0062,-0.0242,-0.0003,0.0424,0.0,0.0,0.0,0.0599999986588955,up,2026-08-04T13:28:28,0.0,331.0
AAPL,2026-08-12,6,Call,260.0,AAPL260812C00260000,54.1,57.45,55.775000000000006,42.01,0.0,0.0,0.0,15.0,0.0,0.9952,0.0006,0.0056,-0.0016,0.0222,55.9608,0.0,0.0,0.0,49.7000007629394,down,2026-07-31T12:23:22,7.0,15.0
AAPL,2026-08-12,6,Put,260.0,AAPL260812P00260000,0.0,0.32,0.16,0.07,0.0,0.0,0.0,10.0,0.7004,-0.0064,0.0007,0.0075,-0.0277,-0.0003,0.0499,0.0,0.0,0.0,0.0400000000372529,no_change,2026-08-05T13:09:18,0.0,591.0
AAPL,2026-08-12,6,Call,265.0,AAPL260812C00265000,49.1,52.45,50.775000000000006,37.1,0.0,0.0,0.0,15.0,0.0,0.9941,0.0008,0.0066,-0.0067,0.0226,50.9685,0.0,0.0,0.0,44.7000007629394,down,2026-07-31T12:23:22,8.0,15.0
AAPL,2026-08-12,6,Put,265.0,AAPL260812P00265000,0.0,0.43,0.215,0.14,0.0,0.0,0.0,7.0,0.6697,-0.0078,0.0009,0.0091,-0.0314,-0.0004,0.0583,0.0,0.0,0.0,0.105000001378357,down,2026-08-04T13:10:23,0.0,421.0
AAPL,2026-08-12,6,Call,270.0,AAPL260812C00270000,44.1,47.6,45.85,34.68,0.0,0.0,0.0,28.0,0.0,0.9926,0.001,0.0088,-0.0122,0.0236,45.9769,0.0,0.0,0.0,39.8500003814697,down,2026-08-03T12:15:37,7.0,15.0
AAPL,2026-08-12,6,Put,270.0,AAPL260812P00270000,0.01,0.11,0.06,0.12,-0.01,-7.69231,5.0,19.0,0.5082,-0.0096,0.0012,0.0109,-0.0352,-0.0005,0.0676,0.12,0.12,0.12,0.129999999888241,down,2026-08-06T09:40:24,35.0,439.0
AAPL,2026-08-12,6,Call,275.0,AAPL260812C00275000,39.1,42.5,40.8,31.08,0.0,0.0,0.0,26.0,0.0,0.9907,0.0014,0.0103,-0.0182,0.0239,40.9871,0.0,0.0,0.0,34.7749996185303,no_change,2026-08-03T12:28:09,8.0,15.0
AAPL,2026-08-12,6,Put,275.0,AAPL260812P00275000,0.01,0.24,0.125,0.07,0.0,0.0,0.0,37.0,0.503,-0.012,0.0016,0.0132,-0.0396,-0.0006,0.0787,0.0,0.0,0.0,0.154999997466803,down,2026-08-05T15:56:08,141.0,554.0
AAPL,2026-08-12,6,Call,277.5,AAPL260812C00277500,36.6,39.75,38.175,0.0,0.0,0.0,0.0,0.0,0.0,0.9895,0.0016,0.0112,-0.0215,0.0241,38.4929,0.0,0.0,0.0,32.25,no_change,,8.0,11.0
AAPL,2026-08-12,6,Put,277.5,AAPL260812P00277500,0.01,0.35,0.18,0.0,0.0,0.0,0.0,0.0,0.5018,-0.0134,0.0018,0.0146,-0.042,-0.0007,0.0853,0.0,0.0,0.0,0.129999999888241,no_change,,148.0,376.0
AAPL,2026-08-12,6,Call,280.0,AAPL260812C00280000,34.1,36.9,35.5,28.78,0.0,0.0,0.0,11.0,0.0,0.988,0.0019,0.0129,-0.0252,0.0242,35.9995,0.0,0.0,0.0,29.7749996185303,down,2026-08-05T14:41:35,24.0,25.0
AAPL,2026-08-12,6,Put,280.0,AAPL260812P00280000,0.03,0.16,0.095,0.14,0.035,33.3333,5.0,31.0,0.4284,-0.0152,0.0022,0.0163,-0.0449,-0.0008,0.0931,0.14,0.14,0.14,0.105000000447035,up,2026-08-06T09:40:24,24.0,440.0
AAPL,2026-08-12,6,Call,282.5,AAPL260812C00282500,31.6,34.9,33.25,0.0,0.0,0.0,0.0,0.0,0.0,0.9862,0.0023,0.0153,-0.0295,0.0253,33.5076,0.0,0.0,0.0,27.375,no_change,,8.0,15.0
AAPL,2026-08-12,6,Put,282.5,AAPL260812P00282500,0.01,0.32,0.165,0.14,0.0,0.0,0.0,52.0,0.4361,-0.0174,0.0025,0.0183,-0.0483,-0.0009,0.1029,0.0,0.0,0.0,0.160000003874302,down,2026-08-05T12:10:52,302.0,394.0
AAPL,2026-08-12,6,Call,285.0,AAPL260812C00285000,29.15,32.4,30.775,24.52,0.0,0.0,0.0,4.0,0.0,0.9837,0.0028,0.017,-0.0349,0.0254,31.0189,0.0,0.0,0.0,24.8000001907349,up,2026-08-04T14:46:17,29.0,31.0
AAPL,2026-08-12,6,Put,285.0,AAPL260812P00285000,0.01,0.2,0.10500000000000001,0.09,-0.1,-52.6316,1.0,95.0,0.3789,-0.0202,0.0031,0.0208,-0.0528,-0.001,0.1158,0.09,0.09,0.09,0.189999997615814,down,2026-08-06T09:30:00,345.0,730.0
AAPL,2026-08-12,6,Call,287.5,AAPL260812C00287500,26.65,29.8,28.225,0.0,0.0,0.0,0.0,0.0,0.0,0.9803,0.0034,0.0193,-0.0419,0.0255,28.5339,0.0,0.0,0.0,22.3999996185303,no_change,,22.0,31.0
AAPL,2026-08-12,6,Put,287.5,AAPL260812P00287500,0.01,0.29,0.15,0.22,0.0,0.0,0.0,1.0,0.3714,-0.024,0.0037,0.0241,-0.0587,-0.0012,0.1337,0.0,0.0,0.0,0.21000000089407,up,2026-08-05T14:51:19,313.0,314.0
AAPL,2026-08-12,6,Call,290.0,AAPL260812C00290000,24.15,27.35,25.75,20.6,0.0,0.0,0.0,455.0,0.0,0.9756,0.0043,0.0247,-0.0512,0.0267,26.0553,0.0,0.0,0.0,19.9250001907349,up,2026-08-04T13:12:07,143.0,143.0
AAPL,2026-08-12,6,Put,290.0,AAPL260812P00290000,0.12,0.21,0.16499999999999998,0.23,0.0,0.0,0.0,154.0,0.3479,-0.0294,0.0046,0.0285,-0.0669,-0.0015,0.1597,0.0,0.0,0.0,0.310000002384186,down,2026-08-05T15:59:34,1.0,245.0
AAPL,2026-08-12,6,Call,292.5,AAPL260812C00292500,21.7,25.0,23.35,0.0,0.0,0.0,0.0,0.0,0.0,0.9685,0.0056,0.0291,-0.0643,0.0266,23.589,0.0,0.0,0.0,17.4750003814697,no_change,,22.0,28.0
AAPL,2026-08-12,6,Put,292.5,AAPL260812P00292500,0.1,0.28,0.19,0.18,-0.235,-56.6265,101.0,28.0,0.3265,-0.0371,0.0059,0.0345,-0.0786,-0.0019,0.1988,0.25,0.25,0.18,0.415000006556511,down,2026-08-06T09:46:23,699.0,664.0
AAPL,2026-08-12,6,Call,295.0,AAPL260812C00295000,19.3,21.75,20.525,16.4,0.0,0.0,0.0,543.0,0.0,0.958,0.0074,0.038,-0.0825,0.0279,21.1404,0.0,0.0,0.0,15.1500000953674,up,2026-08-05T11:03:44,126.0,97.0
AAPL,2026-08-12,6,Put,295.0,AAPL260812P00295000,0.22,0.29,0.255,0.26,-0.33,-55.9322,25.0,210.0,0.3137,-0.0483,0.0077,0.0427,-0.0949,-0.0024,0.2585,0.32,0.38,0.26,0.589999973773956,down,2026-08-06T09:45:47,94.0,528.0
AAPL,2026-08-12,6,Call,297.5,AAPL260812C00297500,16.9,19.05,17.975,14.05,0.0,0.0,0.0,15.0,0.0,0.9422,0.0098,0.0495,-0.1075,0.0292,18.721,0.0,0.0,0.0,12.875,up,2026-08-05T15:57:48,52.0,17.0
AAPL,2026-08-12,6,Put,297.5,AAPL260812P00297500,0.31,0.39,0.35,0.36,-0.485,-57.3965,28.0,280.0,0.302,-0.0647,0.0101,0.0536,-0.1173,-0.0032,0.3502,0.34,0.47,0.34,0.844999998807907,down,2026-08-06T09:45:11,125.0,434.0
AAPL,2026-08-12,6,Call,300.0,AAPL260812C00300000,14.55,16.6,15.575000000000001,14.8,3.8,34.5455,7.0,107.0,0.0,0.9189,0.0131,0.0631,-0.1403,0.0285,16.3497,15.0,15.0,14.4,11.0,up,2026-08-06T09:42:45,134.0,12.0
AAPL,2026-08-12,6,Put,300.0,AAPL260812P00300000,0.44,0.52,0.48,0.5,-0.765,-60.4743,26.0,241.0,0.29,-0.0885,0.0132,0.0677,-0.1471,-0.0044,0.4915,0.65,0.67,0.5,1.26499998569489,no_change,2026-08-06T09:45:54,56.0,184.0
AAPL,2026-08-12,6,Call,302.5,AAPL260812C00302500,12.25,14.35,13.3,12.4,3.4,37.7778,12.0,154.0,0.0,0.8857,0.0172,0.0809,-0.1809,0.0292,14.0489,13.5,13.5,12.1,9.0,up,2026-08-06T09:42:03,302.0,76.0
AAPL,2026-08-12,6,Put,302.5,AAPL260812P00302500,0.64,0.73,0.685,0.68,-1.085,-61.4731,15.0,130.0,0.2811,-0.1218,0.0172,0.085,-0.1844,-0.006,0.7057,0.98,0.98,0.68,1.76499998569489,down,2026-08-06T09:47:12,1.0,231.0
AAPL,2026-08-12,6,Call,305.0,AAPL260812C00305000,10.1,12.0,11.05,11.76,4.535,62.7682,87.0,656.0,0.1652,0.8403,0.022,0.102,-0.2276,0.0316,11.8505,12.0,12.0,9.95,7.22500014305115,up,2026-08-06T09:46:56,486.0,20.0
AAPL,2026-08-12,6,Put,305.0,AAPL260812P00305000,0.86,1.04,0.95,1.1,-1.425,-56.4356,15.0,179.0,0.274,-0.167,0.0217,0.1047,-0.2278,-0.0082,1.0237,1.22,1.65,1.1,2.52500009536743,no_change,2026-08-06T09:44:17,160.0,77.0
AAPL,2026-08-12,6,Call,307.5,AAPL260812C00307500,9.35,10.0,9.675,9.68,3.98,69.8246,40.0,368.0,0.2628,0.7812,0.0269,0.1229,-0.2757,0.031,9.7945,8.45,10.3,8.2,5.70000004768372,up,2026-08-06T09:46:28,535.0,65.0
AAPL,2026-08-12,6,Put,307.5,AAPL260812P00307500,1.38,1.5,1.44,1.43,-2.045,-58.8489,9.0,45.0,0.2689,-0.2254,0.0265,0.1251,-0.2738,-0.011,1.4823,1.78,1.9,1.43,3.47500002384186,down,2026-08-06T09:47:12,12.0,223.0
AAPL,2026-08-12,6,Call,310.0,AAPL260812C00310000,7.45,8.0,7.725,7.76,3.36,76.3636,200.0,949.0,0.256,0.7089,0.0313,0.1421,-0.3196,0.0295,7.9199,6.95,8.08,6.25,4.40000009536743,up,2026-08-06T09:46:22,532.0,42.0
AAPL,2026-08-12,6,Put,310.0,AAPL260812P00310000,1.99,2.13,2.06,2.12,-2.48,-53.913,238.0,140.0,0.2653,-0.2967,0.0309,0.1437,-0.3167,-0.0143,2.121,2.45,2.75,2.12,4.59999990463257,down,2026-08-06T09:46:41,40.0,94.0
AAPL,2026-08-12,6,Call,312.5,AAPL260812C00312500,6.05,6.4,6.225,6.25,2.95,89.3939,152.0,274.0,0.2711,0.626,0.0345,0.1566,-0.3525,0.0272,6.2617,5.4,6.35,4.8,3.30000007152557,up,2026-08-06T09:47:06,291.0,169.0
AAPL,2026-08-12,6,Put,312.5,AAPL260812P00312500,2.77,3.1,2.935,3.0,-2.875,-48.9362,33.0,36.0,0.2658,-0.3786,0.0342,0.1576,-0.3498,-0.0181,2.9741,3.62,3.75,3.0,5.875,down,2026-08-06T09:46:10,312.0,366.0
AAPL,2026-08-12,6,Call,315.0,AAPL260812C00315000,4.65,5.0,4.825,4.8,2.415,101.258,372.0,1194.0,0.2661,0.5371,0.036,0.1643,-0.3693,0.0243,4.842,4.3,5.0,3.68,2.38499999046326,down,2026-08-06T09:47:12,272.0,460.0
AAPL,2026-08-12,6,Put,315.0,AAPL260812P00315000,3.9,4.2,4.05,4.05,-3.5,-46.3576,61.0,87.0,0.2678,-0.4667,0.0358,0.1645,-0.3674,-0.0214,4.0641,4.5,5.0,4.05,7.55000019073486,down,2026-08-06T09:46:55,3.0,193.0
AAPL,2026-08-12,6,Call,317.5,AAPL260812C00317500,3.5,3.7,3.6,3.6,1.825,102.817,323.0,1342.0,0.266,0.4475,0.0355,0.1637,-0.3676,0.0214,3.6628,3.17,3.85,2.77,1.77500003576279,down,2026-08-06T09:47:05,249.0,129.0
AAPL,2026-08-12,6,Put,317.5,AAPL260812P00317500,5.15,5.5,5.325,5.5,-3.9,-41.4894,6.0,43.0,0.2624,-0.5556,0.0354,0.1635,-0.3666,-0.025,5.3964,5.85,6.4,5.5,9.40000009536743,down,2026-08-06T09:46:51,113.0,146.0
AAPL,2026-08-12,6,Call,320.0,AAPL260812C00320000,2.65,2.75,2.7,2.69,1.5,126.05,700.0,580.0,0.2716,0.363,0.0333,0.1555,-0.3486,0.0176,2.7211,2.42,2.88,1.9,1.18999999761581,down,2026-08-06T09:47:09,63.0,45.0
AAPL,2026-08-12,6,Put,320.0,AAPL260812P00320000,6.75,7.05,6.9,11.85,0.0,0.0,0.0,34.0,0.2696,-0.64,0.0334,0.155,-0.3481,-0.0278,6.9606,0.0,0.0,0.0,11.625,down,2026-08-05T13:44:40,88.0,113.0
AAPL,2026-08-12,6,Call,322.5,AAPL260812C00322500,1.93,2.04,1.9849999999999999,1.95,1.075,122.857,420.0,301.0,0.2758,0.2875,0.0299,0.1416,-0.3165,0.0141,1.991,1.62,2.1,1.46,0.875,down,2026-08-06T09:47:12,74.0,151.0
AAPL,2026-08-12,6,Put,322.5,AAPL260812P00322500,8.25,10.25,9.25,13.37,0.0,0.0,0.0,31.0,0.311,-0.716,0.03,0.1408,-0.3156,-0.0302,8.7336,0.0,0.0,0.0,13.875,down,2026-08-05T15:54:42,85.0,121.0
AAPL,2026-08-12,6,Call,325.0,AAPL260812C00325000,1.37,1.5,1.435,1.45,0.84,137.705,166.0,336.0,0.28,0.2226,0.0258,0.1242,-0.2764,0.011,1.4363,1.2,1.54,0.96,0.609999984502792,up,2026-08-06T09:47:05,239.0,153.0
AAPL,2026-08-12,6,Put,325.0,AAPL260812P00325000,9.65,12.3,10.975000000000001,16.95,0.0,0.0,0.0,64.0,0.3037,-0.781,0.0259,0.1232,-0.2747,-0.0319,10.6855,0.0,0.0,0.0,16.0500001907349,down,2026-08-05T12:04:25,154.0,194.0
AAPL,2026-08-12,6,Call,327.5,AAPL260812C00327500,1.0,1.08,1.04,1.05,0.645,159.259,117.0,1419.0,0.2846,0.1694,0.0215,0.1056,-0.2338,0.0085,1.0276,0.84,1.1,0.69,0.405000001192093,no_change,2026-08-06T09:46:44,91.0,50.0
AAPL,2026-08-12,6,Put,327.5,AAPL260812P00327500,12.25,14.5,13.375,17.88,0.0,0.0,0.0,45.0,0.3363,-0.8343,0.0215,0.1043,-0.2308,-0.0326,12.7835,0.0,0.0,0.0,18.2250003814697,down,2026-08-04T15:44:04,139.0,180.0
AAPL,2026-08-12,6,Call,330.0,AAPL260812C00330000,0.7,0.8,0.75,0.75,0.435,138.095,679.0,529.0,0.2902,0.1274,0.0174,0.0876,-0.193,0.0064,0.7333,0.6,0.78,0.41,0.314999997615814,up,2026-08-06T09:47:02,239.0,208.0
AAPL,2026-08-12,6,Put,330.0,AAPL260812P00330000,14.65,16.3,15.475000000000001,16.12,-4.555,-22.0314,1.0,41.0,0.3396,-0.8763,0.0174,0.086,-0.1884,-0.0327,14.996,16.12,16.12,16.12,20.6750001907349,down,2026-08-06T09:42:43,54.0,166.0
AAPL,2026-08-12,6,Call,332.5,AAPL260812C00332500,0.49,0.58,0.5349999999999999,0.4,0.16,66.6667,7.0,97.0,0.2958,0.0953,0.0138,0.0714,-0.1567,0.0048,0.5251,0.53,0.59,0.37,0.240000009536743,up,2026-08-06T09:34:31,215.0,131.0
AAPL,2026-08-12,6,Put,332.5,AAPL260812P00332500,16.8,19.05,17.925,28.58,0.0,0.0,0.0,19.0,0.3739,-0.9084,0.0138,0.0695,-0.1504,-0.0328,17.2943,0.0,0.0,0.0,22.9750003814697,down,2026-08-03T11:42:34,32.0,33.0
AAPL,2026-08-12,6,Call,335.0,AAPL260812C00335000,0.34,0.43,0.385,0.32,0.135,72.973,113.0,123.0,0.3024,0.0713,0.0108,0.0576,-0.1262,0.0036,0.3795,0.26,0.33,0.26,0.185000002384186,up,2026-08-06T09:43:43,314.0,254.0
AAPL,2026-08-12,6,Put,335.0,AAPL260812P00335000,18.95,21.45,20.2,33.66,0.0,0.0,0.0,16.0,0.3808,-0.9322,0.0108,0.0553,-0.1181,-0.0323,19.6546,0.0,0.0,0.0,25.2749996185303,no_change,2026-07-31T13:26:37,50.0,52.0
AAPL,2026-08-12,6,Call,337.5,AAPL260812C00337500,0.23,0.31,0.27,0.28,0.13,86.6667,10.0,85.0,0.3075,0.0536,0.0085,0.0464,-0.1014,0.0027,0.278,0.2,0.3,0.2,0.150000002235174,up,2026-08-06T09:33:19,428.0,137.0
AAPL,2026-08-12,6,Put,337.5,AAPL260812P00337500,20.7,23.85,22.275,10.5,0.0,0.0,0.0,296.0,0.3524,-0.9496,0.0084,0.0438,-0.0918,-0.0316,22.0581,0.0,0.0,0.0,27.7749996185303,down,2026-07-30T13:14:59,48.0,39.0
AAPL,2026-08-12,6,Call,340.0,AAPL260812C00340000,0.17,0.22,0.195,0.21,0.13,162.5,2.0,265.0,0.3146,0.0407,0.0066,0.0373,-0.0817,0.002,0.2068,0.17,0.21,0.17,0.0800000000745058,up,2026-08-06T09:46:56,210.0,21.0
AAPL,2026-08-12,6,Put,340.0,AAPL260812P00340000,23.15,26.3,24.725,30.97,0.0,0.0,0.0,12.0,0.3725,-0.9622,0.0065,0.0348,-0.0708,-0.0312,24.491,0.0,0.0,0.0,30.2250003814697,down,2026-08-04T14:49:40,27.0,26.0
AAPL,2026-08-12,6,Call,342.5,AAPL260812C00342500,0.04,0.33,0.185,0.13,0.01,8.33333,1.0,53.0,0.3366,0.0312,0.0052,0.0301,-0.0662,0.0016,0.1566,0.13,0.13,0.13,0.120000001974404,down,2026-08-06T09:45:42,361.0,488.0
AAPL,2026-08-12,6,Put,342.5,AAPL260812P00342500,25.95,28.75,27.35,40.45,0.0,0.0,0.0,4.0,0.424,-0.9714,0.005,0.0281,-0.0541,-0.0313,26.944,0.0,0.0,0.0,32.7000007629394,up,2026-07-31T09:37:52,33.0,27.0
AAPL,2026-08-12,6,Call,345.0,AAPL260812C00345000,0.06,0.16,0.11,0.08,0.02,33.3333,1.0,268.0,0.3321,0.0242,0.004,0.0244,-0.054,0.0012,0.1204,0.08,0.08,0.08,0.0600000005215406,up,2026-08-06T09:43:44,301.0,307.0
AAPL,2026-08-12,6,Put,345.0,AAPL260812P00345000,27.65,31.2,29.424999999999997,42.34,0.0,0.0,0.0,31.0,0.3434,-0.978,0.0039,0.0221,-0.0408,-0.0307,29.4105,0.0,0.0,0.0,35.1750011444092,up,2026-07-31T10:41:07,26.0,24.0
AAPL,2026-08-12,6,Call,347.5,AAPL260812C00347500,0.01,0.17,0.09000000000000001,0.06,0.005,9.09091,1.0,64.0,0.3444,0.019,0.0032,0.0199,-0.0444,0.0009,0.0939,0.06,0.06,0.06,0.0550000006332994,no_change,2026-08-06T09:38:04,317.0,487.0
AAPL,2026-08-12,6,Put,347.5,AAPL260812P00347500,31.0,33.7,32.35,11.95,0.0,0.0,0.0,330.0,0.4806,-0.983,0.0031,0.0182,-0.0301,-0.031,31.8858,0.0,0.0,0.0,37.9500007629394,no_change,2026-07-29T12:33:19,50.0,50.0
AAPL,2026-08-12,6,Call,350.0,AAPL260812C00350000,0.01,0.13,0.07,0.06,0.03,100.0,2.0,121.0,0.3537,0.015,0.0026,0.0163,-0.0366,0.0007,0.074,0.05,0.06,0.05,0.0300000002607703,up,2026-08-06T09:47:08,364.0,675.0
AAPL,2026-08-12,6,Put,350.0,AAPL260812P00350000,33.0,36.15,34.575,0.0,0.0,0.0,0.0,0.0,0.4442,-0.9868,0.0024,0.0143,-0.0214,-0.0305,34.3676,0.0,0.0,0.0,40.2250003814697,no_change,,22.0,21.0
AAPL,2026-08-12,6,Call,352.5,AAPL260812C00352500,0.01,0.35,0.18,0.05,0.0,0.0,0.0,11.0,0.4302,0.012,0.002,0.0134,-0.0303,0.0006,0.0588,0.0,0.0,0.0,0.025000000372529,down,2026-08-05T13:27:52,298.0,521.0
AAPL,2026-08-12,6,Put,352.5,AAPL260812P00352500,35.65,38.65,37.15,0.0,0.0,0.0,0.0,0.0,0.4898,-0.9896,0.0019,0.0119,-0.0143,-0.0308,36.8534,0.0,0.0,0.0,42.6750011444092,no_change,,17.0,24.0
AAPL,2026-08-12,6,Call,355.0,AAPL260812C00355000,0.01,0.18,0.095,0.01,-0.04,-80.0,1.0,40.0,0.412,0.0096,0.0016,0.0111,-0.0252,0.0005,0.047,0.01,0.01,0.01,0.0500000007450581,down,2026-08-06T09:37:32,211.0,523.0
AAPL,2026-08-12,6,Put,355.0,AAPL260812P00355000,38.05,41.15,39.599999999999994,0.0,0.0,0.0,0.0,0.0,0.5009,-0.9918,0.0015,0.0094,-0.0084,-0.0304,39.3426,0.0,0.0,0.0,45.25,no_change,,24.0,24.0
AAPL,2026-08-12,6,Call,357.5,AAPL260812C00357500,0.01,0.18,0.095,0.18,-0.03,-14.2857,1.0,4.0,0.4329,0.0077,0.0013,0.0092,-0.0209,0.0004,0.0378,0.18,0.18,0.18,0.209999993443489,up,2026-08-06T09:45:00,151.0,526.0
AAPL,2026-08-12,6,Put,357.5,AAPL260812P00357500,40.15,43.65,41.9,0.0,0.0,0.0,0.0,0.0,0.4432,-0.9935,0.0012,0.0078,-0.0034,-0.0306,41.834,0.0,0.0,0.0,47.6750011444092,no_change,,30.0,23.0
AAPL,2026-08-12,6,Call,360.0,AAPL260812C00360000,0.01,0.34,0.17500000000000002,0.14,0.0,0.0,0.0,34.0,0.4956,0.0062,0.0011,0.0076,-0.0174,0.0003,0.0305,0.0,0.0,0.0,0.0750000001862645,up,2026-08-05T13:52:35,2.0,440.0
AAPL,2026-08-12,6,Put,360.0,AAPL260812P00360000,43.15,46.15,44.65,0.0,0.0,0.0,0.0,0.0,0.5641,-0.9948,0.001,0.0064,0.0,-0.0304,44.3271,0.0,0.0,0.0,50.1499996185303,no_change,,16.0,16.0
AAPL,2026-08-12,6,Call,362.5,AAPL260812C00362500,0.0,0.34,0.17,0.19,0.0,0.0,0.0,7.0,0.5151,0.0051,0.0009,0.0063,-0.0146,0.0002,0.0248,0.0,0.0,0.0,0.209999993443489,up,2026-08-03T11:06:25,0.0,408.0
AAPL,2026-08-12,6,Put,362.5,AAPL260812P00362500,45.75,48.65,47.2,0.0,0.0,0.0,0.0,0.0,0.6022,-0.9958,0.0008,0.0051,0.0,-0.0306,46.8216,0.0,0.0,0.0,52.9750003814697,no_change,,13.0,13.0
AAPL,2026-08-12,6,Call,365.0,AAPL260812C00365000,0.0,0.33,0.165,0.02,0.0,0.0,0.0,102.0,0.5341,0.0041,0.0007,0.0053,-0.0122,0.0002,0.0202,0.0,0.0,0.0,0.209999993443489,no_change,2026-08-03T15:59:15,0.0,567.0
AAPL,2026-08-12,6,Put,365.0,AAPL260812P00365000,47.95,51.15,49.55,0.0,0.0,0.0,0.0,0.0,0.5788,-0.9967,0.0006,0.0043,0.0,-0.0308,49.317,0.0,0.0,0.0,55.0499992370606,no_change,,27.0,25.0
AAPL,2026-08-12,6,Call,367.5,AAPL260812C00367500,0.0,0.43,0.215,0.03,0.0,0.0,0.0,13.0,0.578,0.0034,0.0006,0.0044,-0.0102,0.0002,0.0165,0.0,0.0,0.0,0.209999993443489,down,2026-08-05T09:30:52,0.0,437.0
AAPL,2026-08-12,6,Put,367.5,AAPL260812P00367500,50.7,53.65,52.175,0.0,0.0,0.0,0.0,0.0,0.6428,-0.9973,0.0005,0.0035,0.0,-0.0307,51.8133,0.0,0.0,0.0,57.625,no_change,,17.0,17.0
AAPL,2026-08-12,6,Call,370.0,AAPL260812C00370000,0.0,0.33,0.165,0.01,0.0,0.0,0.0,5.0,0.576,0.0028,0.0005,0.0037,-0.0086,0.0001,0.0135,0.0,0.0,0.0,0.204999998211861,down,2026-08-03T15:32:34,0.0,429.0
AAPL,2026-08-12,6,Put,370.0,AAPL260812P00370000,52.95,56.1,54.525000000000006,0.0,0.0,0.0,0.0,0.0,0.6137,-0.9978,0.0004,0.0028,0.0,-0.0309,54.3101,0.0,0.0,0.0,60.1999988555908,no_change,,21.0,21.0
AAPL,2026-08-12,6,Call,372.5,AAPL260812C00372500,0.0,0.33,0.165,0.07,0.0,0.0,0.0,5.0,0.5966,0.0023,0.0004,0.0031,-0.0072,0.0001,0.0111,0.0,0.0,0.0,0.509999990463257,no_change,2026-07-31T11:28:35,0.0,412.0
AAPL,2026-08-12,6,Put,372.5,AAPL260812P00372500,55.5,58.6,57.05,0.0,0.0,0.0,0.0,0.0,0.6458,-0.9982,0.0003,0.0024,0.0,-0.0311,56.8074,0.0,0.0,0.0,62.625,no_change,,28.0,29.0
AAPL,2026-08-12,6,Call,375.0,AAPL260812C00375000,0.0,0.33,0.165,0.01,0.0,0.0,0.0,48.0,0.6169,0.0019,0.0003,0.0026,-0.0061,0.0001,0.0092,0.0,0.0,0.0,0.509999990463257,no_change,2026-08-03T15:47:40,0.0,566.0
AAPL,2026-08-12,6,Put,375.0,AAPL260812P00375000,58.0,61.1,59.55,0.0,0.0,0.0,0.0,0.0,0.6676,-0.9986,0.0003,0.002,0.0,-0.0311,59.3051,0.0,0.0,0.0,65.125,no_change,,27.0,27.0
AAPL,2026-08-12,6,Call,377.5,AAPL260812C00377500,0.0,0.4,0.2,0.06,0.0,0.0,0.0,4.0,0.655,0.0016,0.0003,0.0022,-0.0051,0.0001,0.0076,0.0,0.0,0.0,0.509999990463257,no_change,2026-07-31T11:26:05,0.0,358.0
AAPL,2026-08-12,6,Put,377.5,AAPL260812P00377500,60.05,63.6,61.825,0.0,0.0,0.0,0.0,0.0,0.5262,-0.9988,0.0002,0.0016,0.0,-0.0313,61.803,0.0,0.0,0.0,67.625,no_change,,30.0,23.0
AAPL,2026-08-12,6,Call,380.0,AAPL260812C00380000,0.0,0.2,0.1,0.38,0.0,0.0,0.0,2.0,0.6142,0.0013,0.0002,0.0018,-0.0043,0.0001,0.0063,0.0,0.0,0.0,0.509999990463257,down,2026-07-29T09:55:59,0.0,198.0
AAPL,2026-08-12,6,Put,380.0,AAPL260812P00380000,63.4,66.1,64.75,0.0,0.0,0.0,0.0,0.0,0.78,-0.999,0.0002,0.0014,0.0,-0.0315,64.3012,0.0,0.0,0.0,70.0249977111816,no_change,,22.0,22.0
AAPL,2026-08-12,6,Call,385.0,AAPL260812C00385000,0.0,0.26,0.13,0.07,0.0,0.0,0.0,2.0,0.6738,0.0009,0.0001,0.0013,-0.0031,0.0,0.0044,0.0,0.0,0.0,0.310000002384186,up,2026-08-05T14:37:27,0.0,470.0
AAPL,2026-08-12,6,Put,385.0,AAPL260812P00385000,67.75,71.1,69.425,0.0,0.0,0.0,0.0,0.0,0.6859,-0.9993,0.0001,0.0009,0.0,-0.0318,69.2981,0.0,0.0,0.0,75.1499977111816,no_change,,35.0,28.0
AAPL,2026-08-12,6,Call,390.0,AAPL260812C00390000,0.0,1.01,0.505,0.0,0.0,0.0,0.0,0.0,0.8725,0.0006,0.0001,0.001,-0.0023,0.0,0.0031,0.0,0.0,0.0,0.509999990463257,no_change,,0.0,75.0
AAPL,2026-08-12,6,Put,390.0,AAPL260812P00390000,73.05,76.1,74.57499999999999,0.0,0.0,0.0,0.0,0.0,0.8046,-0.9995,0.0001,0.0007,0.0,-0.0322,74.2954,0.0,0.0,0.0,80.125,no_change,,31.0,34.0
AAPL,2026-08-12,6,Call,395.0,AAPL260812C00395000,0.0,1.01,0.505,0.0,0.0,0.0,0.0,0.0,0.9148,0.0004,0.0001,0.0007,-0.0016,0.0,0.0022,0.0,0.0,0.0,0.504999995231628,no_change,,0.0,55.0
AAPL,2026-08-12,6,Put,395.0,AAPL260812P00395000,77.75,81.1,79.425,0.0,0.0,0.0,0.0,0.0,0.7631,-0.9997,0.0,0.0004,0.0,-0.0325,79.2931,0.0,0.0,0.0,85.125,no_change,,39.0,31.0
AAPL,2026-08-12,6,Call,400.0,AAPL260812C00400000,0.0,1.01,0.505,0.0,0.0,0.0,0.0,0.0,0.9547,0.0003,0.0,0.0005,-0.0012,0.0,0.0016,0.0,0.0,0.0,0.504999995231628,no_change,,0.0,199.0
AAPL,2026-08-12,6,Put,400.0,AAPL260812P00400000,83.4,86.1,84.75,0.0,0.0,0.0,0.0,0.0,0.9526,-0.9998,0.0,0.0003,0.0,-0.033,84.2909,0.0,0.0,0.0,90.0750007629394,no_change,,25.0,20.0
AAPL,2026-08-12,6,Call,405.0,AAPL260812C00405000,0.0,1.01,0.505,0.0,0.0,0.0,0.0,0.0,0.9969,0.0002,0.0,0.0004,-0.0009,0.0,0.0012,0.0,0.0,0.0,0.504999995231628,no_change,,0.0,50.0
AAPL,2026-08-12,6,Put,405.0,AAPL260812P00405000,88.05,91.1,89.57499999999999,0.0,0.0,0.0,0.0,0.0,0.9244,-0.9998,0.0,0.0002,0.0,-0.0333,89.2888,0.0,0.0,0.0,95.125,no_change,,12.0,12.0
AAPL,2026-08-12,6,Call,410.0,AAPL260812C00410000,0.0,0.05,0.025,0.05,0.0,0.0,0.0,374.0,0.7132,0.0002,0.0,0.0003,-0.0007,0.0,0.0009,0.0,0.0,0.0,0.025000000372529,no_change,2026-08-04T14:23:58,0.0,1.0
AAPL,2026-08-12,6,Put,410.0,AAPL260812P00410000,92.95,96.1,94.525,69.29,0.0,0.0,0.0,0.0,0.938,-0.9999,0.0,0.0002,0.0,-0.0337,94.2868,0.0,0.0,0.0,100.224998474121,down,2026-07-29T12:10:18,14.0,22.0
AAPL,2026-08-14,8,Call,110.0,AAPL260814C00110000,204.0,207.85,205.925,196.39,0.0,0.0,0.0,1.0,0.0,1.0,0.0,0.0,0.0,0.009,205.8909,0.0,0.0,0.0,199.875,up,2026-08-04T11:43:43,105.0,16.0
AAPL,2026-08-14,8,Put,110.0,AAPL260814P00110000,0.0,0.01,0.005,0.01,0.0,0.0,0.0,113.0,2.0771,0.0,0.0,0.0,0.0,0.0,0.0,0.0,0.0,0.0,0.00499999988824129,down,2026-08-04T11:43:52,0.0,2000.0
AAPL,2026-08-14,8,Call,120.0,AAPL260814C00120000,194.05,197.65,195.85000000000002,0.0,0.0,0.0,0.0,0.0,0.0,1.0,0.0,0.0,0.0,0.0098,195.8945,0.0,0.0,0.0,189.825004577637,no_change,,171.0,1.0
AAPL,2026-08-14,8,Put,120.0,AAPL260814P00120000,0.0,0.01,0.005,0.01,0.0,0.0,0.0,14.0,1.9113,0.0,0.0,0.0,0.0,0.0,0.0,0.0,0.0,0.0,0.00499999988824129,no_change,2026-08-04T13:59:18,0.0,2000.0
AAPL,2026-08-14,8,Call,125.0,AAPL260814C00125000,189.05,192.65,190.85000000000002,0.0,0.0,0.0,0.0,0.0,0.0,1.0,0.0,0.0,0.0,0.0103,190.8963,0.0,0.0,0.0,184.75,no_change,,112.0,1.0
AAPL,2026-08-14,8,Put,125.0,AAPL260814P00125000,0.0,0.01,0.005,0.01,0.0,0.0,0.0,60.0,1.8335,0.0,0.0,0.0,0.0,0.0,0.0,0.0,0.0,0.0,0.00499999988824129,down,2026-08-03T09:30:06,0.0,2000.0
AAPL,2026-08-14,8,Call,130.0,AAPL260814C00130000,184.05,187.75,185.9,0.0,0.0,0.0,0.0,0.0,0.0,1.0,0.0,0.0,0.0,0.0107,185.8981,0.0,0.0,0.0,179.825004577637,no_change,,176.0,14.0
AAPL,2026-08-14,8,Put,130.0,AAPL260814P00130000,0.0,0.01,0.005,0.0,0.0,0.0,0.0,0.0,1.7587,0.0,0.0,0.0,0.0,0.0,0.0,0.0,0.0,0.0,0.00499999988824129,no_change,,0.0,2000.0
AAPL,2026-08-14,8,Call,135.0,AAPL260814C00135000,179.05,182.75,180.9,0.0,0.0,0.0,0.0,0.0,0.0,1.0,0.0,0.0,0.0,0.0111,180.8999,0.0,0.0,0.0,174.875,no_change,,157.0,13.0
AAPL,2026-08-14,8,Put,135.0,AAPL260814P00135000,0.0,0.01,0.005,0.01,0.0,0.0,0.0,19.0,1.6868,0.0,0.0,0.0,-0.0001,0.0,0.0001,0.0,0.0,0.0,0.0199999995529652,no_change,2026-08-04T09:33:01,0.0,2000.0
AAPL,2026-08-14,8,Call,140.0,AAPL260814C00140000,174.05,177.65,175.85000000000002,174.38,0.0,0.0,0.0,1.0,0.0,1.0,0.0,0.0,0.0,0.0115,175.9017,0.0,0.0,0.0,169.875,down,2026-07-08T15:03:23,163.0,1.0
AAPL,2026-08-14,8,Put,140.0,AAPL260814P00140000,0.0,0.01,0.005,0.15,0.0,0.0,0.0,1.0,1.6175,0.0,0.0,0.0,-0.0001,0.0,0.0001,0.0,0.0,0.0,0.280000001192093,down,2026-08-05T13:01:01,0.0,1000.0
AAPL,2026-08-14,8,Call,145.0,AAPL260814C00145000,169.05,172.7,170.875,0.0,0.0,0.0,0.0,0.0,0.0,1.0,0.0,0.0,0.0,0.0119,170.9035,0.0,0.0,0.0,164.875,no_change,,141.0,1.0
AAPL,2026-08-14,8,Put,145.0,AAPL260814P00145000,0.0,0.74,0.37,0.15,0.0,0.0,0.0,17.0,2.3615,0.0,0.0,0.0,-0.0001,0.0,0.0002,0.0,0.0,0.0,0.275000005960464,up,2026-08-05T13:02:17,0.0,48.0
AAPL,2026-08-14,8,Call,150.0,AAPL260814C00150000,164.05,167.8,165.925,0.0,0.0,0.0,0.0,0.0,0.0,1.0,0.0,0.0,0.0,0.0123,165.9053,0.0,0.0,0.0,159.875,no_change,,148.0,1.0
AAPL,2026-08-14,8,Put,150.0,AAPL260814P00150000,0.0,1.02,0.51,0.0,0.0,0.0,0.0,0.0,2.3734,0.0,0.0,0.0,-0.0002,0.0,0.0003,0.0,0.0,0.0,0.509999990463257,no_change,,0.0,70.0
AAPL,2026-08-14,8,Call,155.0,AAPL260814C00155000,159.05,162.7,160.875,0.0,0.0,0.0,0.0,0.0,0.0,1.0,0.0,0.0,0.0,0.0127,160.9071,0.0,0.0,0.0,154.800003051758,no_change,,172.0,1.0
AAPL,2026-08-14,8,Put,155.0,AAPL260814P00155000,0.0,0.96,0.48,0.0,0.0,0.0,0.0,0.0,2.258,0.0,0.0,0.0001,-0.0003,0.0,0.0004,0.0,0.0,0.0,0.509999990463257,no_change,,0.0,33.0
AAPL,2026-08-14,8,Call,160.0,AAPL260814C00160000,154.05,157.8,155.925,177.49,0.0,0.0,0.0,1.0,0.0,1.0,0.0,0.0,0.0,0.0132,155.909,0.0,0.0,0.0,149.825004577637,up,2026-07-27T12:07:56,157.0,1.0
AAPL,2026-08-14,8,Put,160.0,AAPL260814P00160000,0.0,1.02,0.51,0.02,0.0,0.0,0.0,1.0,2.1859,0.0,0.0,0.0001,-0.0004,0.0,0.0006,0.0,0.0,0.0,0.509999990463257,down,2026-08-04T14:12:56,0.0,70.0
AAPL,2026-08-14,8,Call,165.0,AAPL260814C00165000,149.05,152.75,150.9,140.25,0.0,0.0,0.0,1.0,0.0,1.0,0.0,0.0,0.0,0.0136,150.9108,0.0,0.0,0.0,144.875,down,2026-08-03T12:22:30,112.0,1.0
AAPL,2026-08-14,8,Put,165.0,AAPL260814P00165000,0.0,1.02,0.51,0.0,0.0,0.0,0.0,0.0,2.0964,-0.0001,0.0,0.0001,-0.0005,0.0,0.0008,0.0,0.0,0.0,0.509999990463257,no_change,,0.0,70.0
AAPL,2026-08-14,8,Call,170.0,AAPL260814C00170000,144.05,147.8,145.925,0.0,0.0,0.0,0.0,0.0,0.0,1.0,0.0,0.0,0.0,0.014,145.9127,0.0,0.0,0.0,139.875,no_change,,128.0,1.0
AAPL,2026-08-14,8,Put,170.0,AAPL260814P00170000,0.0,1.02,0.51,0.01,0.0,0.0,0.0,1.0,2.0095,-0.0001,0.0,0.0002,-0.0007,0.0,0.001,0.0,0.0,0.0,0.509999990463257,down,2026-08-03T11:06:04,0.0,70.0
AAPL,2026-08-14,8,Call,175.0,AAPL260814C00175000,139.05,142.7,140.875,0.0,0.0,0.0,0.0,0.0,0.0,1.0,0.0,0.0001,0.0,0.0144,140.9146,0.0,0.0,0.0,134.900001525879,no_change,,140.0,1.0
AAPL,2026-08-14,8,Put,175.0,AAPL260814P00175000,0.0,1.02,0.51,0.04,0.0,0.0,0.0,11.0,1.925,-0.0001,0.0,0.0002,-0.0009,0.0,0.0014,0.0,0.0,0.0,0.509999990463257,down,2026-07-31T15:16:27,0.0,70.0
AAPL,2026-08-14,8,Call,180.0,AAPL260814C00180000,134.05,137.3,135.675,0.0,0.0,0.0,0.0,0.0,0.0,1.0,0.0,0.0001,0.0,0.0148,135.9165,0.0,0.0,0.0,129.900001525879,no_change,,152.0,15.0
AAPL,2026-08-14,8,Put,180.0,AAPL260814P00180000,0.0,1.02,0.51,0.01,0.0,0.0,0.0,4.0,1.8428,-0.0002,0.0,0.0003,-0.0012,0.0,0.0018,0.0,0.0,0.0,0.509999990463257,down,2026-08-03T14:50:57,0.0,106.0
AAPL,2026-08-14,8,Call,185.0,AAPL260814C00185000,129.05,132.8,130.925,118.36,0.0,0.0,0.0,1.0,0.0,0.9999,0.0,0.0001,0.0,0.0154,130.9185,0.0,0.0,0.0,124.899997711182,down,2026-08-03T15:58:27,131.0,4.0
AAPL,2026-08-14,8,Put,185.0,AAPL260814P00185000,0.0,1.02,0.51,0.01,0.0,0.0,0.0,13.0,1.7627,-0.0002,0.0,0.0004,-0.0015,0.0,0.0024,0.0,0.0,0.0,0.509999990463257,no_change,2026-08-04T14:12:34,0.0,68.0
AAPL,2026-08-14,8,Call,190.0,AAPL260814C00190000,124.05,127.8,125.925,0.0,0.0,0.0,0.0,0.0,0.0,0.9999,0.0,0.0002,0.0,0.0158,125.9206,0.0,0.0,0.0,119.924999237061,no_change,,131.0,8.0
AAPL,2026-08-14,8,Put,190.0,AAPL260814P00190000,0.0,1.02,0.51,0.01,0.0,0.0,0.0,322.0,1.6845,-0.0003,0.0,0.0005,-0.0019,0.0,0.003,0.0,0.0,0.0,0.485000014305115,down,2026-08-03T13:57:43,0.0,104.0
AAPL,2026-08-14,8,Call,195.0,AAPL260814C00195000,119.05,122.9,120.975,0.0,0.0,0.0,0.0,0.0,0.0,0.9998,0.0,0.0002,0.0,0.0162,120.9227,0.0,0.0,0.0,114.924999237061,no_change,,141.0,20.0
AAPL,2026-08-14,8,Put,195.0,AAPL260814P00195000,0.0,1.02,0.51,0.01,0.0,0.0,0.0,5.0,1.6082,-0.0003,0.0,0.0006,-0.0023,0.0,0.0038,0.0,0.0,0.0,0.465000003576279,no_change,2026-08-04T10:31:18,0.0,70.0
AAPL,2026-08-14,8,Call,200.0,AAPL260814C00200000,114.05,117.65,115.85,140.01,0.0,0.0,0.0,7.0,0.0,0.9998,0.0,0.0004,0.0,0.0168,115.925,0.0,0.0,0.0,109.924999237061,up,2026-07-28T13:49:33,117.0,1.0
AAPL,2026-08-14,8,Put,200.0,AAPL260814P00200000,0.0,0.03,0.015,0.01,0.0,0.0,0.0,503.0,1.0202,-0.0004,0.0,0.0007,-0.0028,0.0,0.0047,0.0,0.0,0.0,0.0149999996647239,down,2026-08-05T09:30:01,0.0,10.0
AAPL,2026-08-14,8,Call,205.0,AAPL260814C00205000,109.05,112.8,110.925,104.63,0.0,0.0,0.0,1.0,0.0,0.9997,0.0,0.0004,0.0,0.0173,110.9273,0.0,0.0,0.0,104.924999237061,up,2026-08-04T13:47:40,105.0,1.0
AAPL,2026-08-14,8,Put,205.0,AAPL260814P00205000,0.0,0.04,0.02,0.04,0.0,0.0,0.0,54.0,0.9934,-0.0005,0.0,0.0009,-0.0034,0.0,0.0058,0.0,0.0,0.0,0.0199999995529652,no_change,2026-07-24T10:14:51,0.0,20.0
AAPL,2026-08-14,8,Call,210.0,AAPL260814C00210000,104.05,107.7,105.875,99.67,0.0,0.0,0.0,5.0,0.0,0.9996,0.0,0.0006,0.0,0.0178,105.9298,0.0,0.0,0.0,99.7750015258789,up,2026-08-04T13:47:40,172.0,1.0
AAPL,2026-08-14,8,Put,210.0,AAPL260814P00210000,0.0,0.02,0.01,0.02,0.0,0.0,0.0,92.0,0.8875,-0.0007,0.0001,0.0011,-0.0041,-0.0001,0.0071,0.0,0.0,0.0,0.0149999996647239,up,2026-08-05T15:42:04,0.0,10.0
AAPL,2026-08-14,8,Call,215.0,AAPL260814C00215000,99.05,102.9,100.975,99.44,4.515,4.75639,1.0,10.0,1.0039,0.9995,0.0,0.0008,0.0,0.0185,100.9325,99.44,99.44,99.44,94.9249992370606,up,2026-08-06T09:39:31,149.0,18.0
AAPL,2026-08-14,8,Put,215.0,AAPL260814P00215000,0.01,0.12,0.065,0.06,0.0,0.0,0.0,4.0,1.0026,-0.0008,0.0001,0.0014,-0.0048,-0.0001,0.0086,0.0,0.0,0.0,0.0649999985471368,down,2026-07-20T10:42:50,2.0,186.0
AAPL,2026-08-14,8,Call,220.0,AAPL260814C00220000,94.05,97.9,95.975,100.87,0.0,0.0,0.0,5.0,0.879,0.9994,0.0001,0.0009,0.0,0.0189,95.9353,0.0,0.0,0.0,89.8250007629394,up,2026-07-13T10:27:24,140.0,18.0
AAPL,2026-08-14,8,Put,220.0,AAPL260814P00220000,0.01,0.06,0.034999999999999996,0.01,0.0,0.0,0.0,156.0,0.8883,-0.001,0.0001,0.0016,-0.0057,-0.0001,0.0102,0.0,0.0,0.0,0.034999999217689,down,2026-08-03T15:39:10,21.0,482.0
AAPL,2026-08-14,8,Call,225.0,AAPL260814C00225000,89.05,92.8,90.925,0.0,0.0,0.0,0.0,0.0,0.0,0.9992,0.0001,0.0014,0.0,0.0202,90.9383,0.0,0.0,0.0,84.8250007629394,no_change,,110.0,4.0
AAPL,2026-08-14,8,Put,225.0,AAPL260814P00225000,0.01,0.05,0.030000000000000002,0.04,0.0,0.0,0.0,27.0,0.8248,-0.0012,0.0001,0.002,-0.0066,-0.0001,0.0121,0.0,0.0,0.0,0.0300000002607703,up,2026-08-04T15:44:04,1.0,1.0
AAPL,2026-08-14,8,Call,230.0,AAPL260814C00230000,84.05,87.8,85.925,108.04,0.0,0.0,0.0,3.0,0.0,0.999,0.0001,0.0016,0.0,0.0206,85.9417,0.0,0.0,0.0,79.7999992370606,up,2026-07-27T12:31:21,109.0,16.0
AAPL,2026-08-14,8,Put,230.0,AAPL260814P00230000,0.0,0.06,0.03,0.06,0.0,0.0,0.0,235.0,0.7756,-0.0015,0.0001,0.0024,-0.0076,-0.0001,0.0143,0.0,0.0,0.0,0.025000000372529,up,2026-08-04T15:59:39,0.0,138.0
AAPL,2026-08-14,8,Call,235.0,AAPL260814C00235000,79.1,82.9,81.0,67.06,0.0,0.0,0.0,2.0,0.0,0.9987,0.0001,0.0018,0.0,0.021,80.9453,0.0,0.0,0.0,74.7999992370606,down,2026-07-31T14:19:59,105.0,18.0
AAPL,2026-08-14,8,Put,235.0,AAPL260814P00235000,0.0,0.25,0.125,0.06,0.0,0.0,0.0,40.0,0.8545,-0.0018,0.0002,0.0028,-0.0087,-0.0001,0.0167,0.0,0.0,0.0,0.0350000001490116,no_change,2026-08-05T10:30:06,0.0,478.0
AAPL,2026-08-14,8,Call,240.0,AAPL260814C00240000,74.1,77.65,75.875,69.73,0.0,0.0,0.0,12.0,0.0,0.9984,0.0002,0.0026,0.0,0.0228,75.9491,0.0,0.0,0.0,69.8250007629394,down,2026-08-04T13:49:17,105.0,19.0
AAPL,2026-08-14,8,Put,240.0,AAPL260814P00240000,0.0,0.34,0.17,0.02,0.0,0.0,0.0,532.0,0.8336,-0.0022,0.0002,0.0034,-0.0099,-0.0002,0.0195,0.0,0.0,0.0,0.0199999995529652,no_change,2026-08-05T15:35:40,0.0,593.0
AAPL,2026-08-14,8,Call,245.0,AAPL260814C00245000,69.1,72.85,70.975,64.78,0.0,0.0,0.0,53.0,0.6023,0.998,0.0002,0.003,0.0,0.0233,70.9536,0.0,0.0,0.0,64.8250007629394,down,2026-08-04T13:49:17,150.0,1.0
AAPL,2026-08-14,8,Put,245.0,AAPL260814P00245000,0.0,0.2,0.1,0.02,-0.005,-20.0,10.0,589.0,0.7256,-0.0027,0.0003,0.004,-0.0113,-0.0002,0.0227,0.02,0.02,0.02,0.0249999994412065,no_change,2026-08-06T09:33:56,0.0,565.0
AAPL,2026-08-14,8,Call,250.0,AAPL260814C00250000,64.1,67.85,65.975,54.55,0.0,0.0,0.0,5.0,0.0,0.9975,0.0003,0.0037,0.0,0.0237,65.9583,0.0,0.0,0.0,59.8250007629394,up,2026-08-03T15:50:00,145.0,15.0
AAPL,2026-08-14,8,Put,250.0,AAPL260814P00250000,0.01,0.1,0.055,0.03,-0.005,-14.2857,5.0,439.0,0.6272,-0.0033,0.0004,0.0048,-0.0128,-0.0003,0.0263,0.03,0.03,0.03,0.034999999217689,no_change,2026-08-06T09:30:25,82.0,573.0
AAPL,2026-08-14,8,Call,255.0,AAPL260814C00255000,59.1,62.8,60.95,84.39,0.0,0.0,0.0,15.0,0.0,0.9968,0.0004,0.0047,0.0,0.0263,60.9639,0.0,0.0,0.0,54.8250007629394,up,2026-07-28T14:41:14,139.0,14.0
AAPL,2026-08-14,8,Put,255.0,AAPL260814P00255000,0.01,0.12,0.065,0.06,0.02,50.0,3.0,203.0,0.5908,-0.004,0.0004,0.0058,-0.0146,-0.0003,0.0308,0.03,0.06,0.03,0.0400000000372529,up,2026-08-06T09:41:50,100.0,464.0
AAPL,2026-08-14,8,Call,260.0,AAPL260814C00260000,54.1,57.8,55.95,51.0,0.0,0.0,0.0,25.0,0.0,0.9959,0.0005,0.0056,0.0,0.0267,55.9705,0.0,0.0,0.0,49.6000003814697,up,2026-08-05T15:54:38,147.0,18.0
AAPL,2026-08-14,8,Put,260.0,AAPL260814P00260000,0.01,0.06,0.034999999999999996,0.1,0.055,122.222,1.0,511.0,0.5056,-0.0049,0.0006,0.007,-0.0167,-0.0004,0.0362,0.1,0.1,0.1,0.0449999989941716,up,2026-08-06T09:30:03,252.0,437.0
AAPL,2026-08-14,8,Call,265.0,AAPL260814C00265000,49.1,52.85,50.975,41.98,0.0,0.0,0.0,96.0,0.3921,0.9947,0.0007,0.0075,-0.0004,0.0302,50.9787,0.0,0.0,0.0,44.75,up,2026-08-03T13:11:18,124.0,16.0
AAPL,2026-08-14,8,Put,265.0,AAPL260814P00265000,0.01,0.14,0.07500000000000001,0.06,0.0,0.0,0.0,184.0,0.5044,-0.0062,0.0008,0.0086,-0.0193,-0.0005,0.0435,0.0,0.0,0.0,0.0599999986588955,down,2026-08-05T11:02:15,203.0,543.0
AAPL,2026-08-14,8,Call,270.0,AAPL260814C00270000,44.1,47.5,45.8,35.99,0.0,0.0,0.0,117.0,0.0,0.9929,0.001,0.0093,-0.006,0.0307,45.9901,0.0,0.0,0.0,39.75,up,2026-08-03T10:50:03,280.0,23.0
AAPL,2026-08-14,8,Put,270.0,AAPL260814P00270000,0.03,0.06,0.045,0.05,-0.025,-33.3333,127.0,793.0,0.4288,-0.008,0.001,0.0108,-0.0229,-0.0006,0.0538,0.15,0.17,0.05,0.0749999992549419,no_change,2026-08-06T09:45:39,362.0,284.0
AAPL,2026-08-14,8,Call,275.0,AAPL260814C00275000,39.15,41.65,40.4,33.7,0.0,0.0,0.0,98.0,0.0,0.9902,0.0014,0.0128,-0.0133,0.0351,41.0069,0.0,0.0,0.0,34.9250011444092,up,2026-08-05T10:17:00,127.0,18.0
AAPL,2026-08-14,8,Put,275.0,AAPL260814P00275000,0.05,0.09,0.07,0.07,-0.04,-36.3636,2.0,829.0,0.4057,-0.0109,0.0015,0.0141,-0.0282,-0.0009,0.0698,0.08,0.08,0.07,0.109999999403954,down,2026-08-06T09:43:38,169.0,410.0
AAPL,2026-08-14,8,Call,277.5,AAPL260814C00277500,36.65,39.75,38.2,36.92,4.87,15.195,1.0,21.0,0.0,0.9881,0.0018,0.015,-0.018,0.0353,38.5187,36.92,36.92,36.92,32.0499992370606,up,2026-08-06T09:39:58,119.0,12.0
AAPL,2026-08-14,8,Put,277.5,AAPL260814P00277500,0.06,0.08,0.07,0.05,0.0,0.0,0.0,10.0,0.3824,-0.0129,0.0018,0.0163,-0.0318,-0.001,0.0814,0.0,0.0,0.0,0.139999996870756,down,2026-08-05T15:56:04,324.0,1.0
AAPL,2026-08-14,8,Call,280.0,AAPL260814C00280000,34.15,36.55,35.349999999999994,35.5,5.9,19.9324,1.0,318.0,0.0,0.9855,0.0022,0.0182,-0.0237,0.0404,36.0343,35.5,35.5,35.5,29.6000003814697,up,2026-08-06T09:31:17,340.0,11.0
AAPL,2026-08-14,8,Put,280.0,AAPL260814P00280000,0.08,0.1,0.09,0.09,-0.075,-45.4545,109.0,1752.0,0.3717,-0.0156,0.0022,0.0193,-0.0364,-0.0012,0.0967,0.21,0.21,0.09,0.165000006556511,down,2026-08-06T09:47:14,127.0,180.0
AAPL,2026-08-14,8,Call,282.5,AAPL260814C00282500,31.7,34.5,33.1,26.1,0.0,0.0,0.0,21.0,0.0,0.982,0.0027,0.0215,-0.0306,0.0405,33.5551,0.0,0.0,0.0,27.0249996185303,no_change,2026-08-05T14:43:39,133.0,22.0
AAPL,2026-08-14,8,Put,282.5,AAPL260814P00282500,0.09,0.21,0.15,0.21,0.0,0.0,0.0,22.0,0.3756,-0.0191,0.0027,0.0228,-0.0423,-0.0015,0.1173,0.0,0.0,0.0,0.219999998807907,down,2026-08-05T15:03:16,243.0,395.0
AAPL,2026-08-14,8,Call,285.0,AAPL260814C00285000,29.2,32.2,30.700000000000003,24.25,0.0,0.0,0.0,79.0,0.0,0.9772,0.0034,0.0266,-0.0392,0.0461,31.0833,0.0,0.0,0.0,24.875,up,2026-08-05T14:54:23,124.0,12.0
AAPL,2026-08-14,8,Put,285.0,AAPL260814P00285000,0.14,0.16,0.15000000000000002,0.15,-0.12,-44.4444,45.0,1895.0,0.3503,-0.0238,0.0034,0.0276,-0.0499,-0.0019,0.1453,0.11,0.19,0.11,0.269999995827675,no_change,2026-08-06T09:47:14,1.0,81.0
AAPL,2026-08-14,8,Call,287.5,AAPL260814C00287500,26.75,29.85,28.3,0.0,0.0,0.0,0.0,0.0,0.0,0.9708,0.0043,0.0326,-0.05,0.0503,28.6223,0.0,0.0,0.0,22.4749994277954,no_change,,135.0,15.0
AAPL,2026-08-14,8,Put,287.5,AAPL260814P00287500,0.17,0.27,0.22000000000000003,0.33,0.0,0.0,0.0,52.0,0.347,-0.0302,0.0043,0.0335,-0.0596,-0.0024,0.1842,0.0,0.0,0.0,0.364999994635582,no_change,2026-08-05T15:59:57,10.0,427.0
AAPL,2026-08-14,8,Call,290.0,AAPL260814C00290000,24.3,27.05,25.675,25.0,4.725,23.3046,3.0,112.0,0.0,0.9621,0.0054,0.0402,-0.0634,0.0517,26.1772,25.0,25.0,25.0,20.2750005722046,up,2026-08-06T09:35:23,292.0,39.0
AAPL,2026-08-14,8,Put,290.0,AAPL260814P00290000,0.22,0.25,0.235,0.22,-0.25,-53.1915,91.0,1578.0,0.3244,-0.0389,0.0054,0.0412,-0.0721,-0.003,0.2385,0.28,0.3,0.22,0.469999998807907,down,2026-08-06T09:47:12,30.0,70.0
AAPL,2026-08-14,8,Call,292.5,AAPL260814C00292500,22.3,24.0,23.15,22.75,4.925,27.6297,3.0,45.0,0.0,0.9502,0.0069,0.0501,-0.0802,0.0569,23.7544,21.9,22.75,21.9,17.8250007629395,up,2026-08-06T09:43:34,120.0,17.0
AAPL,2026-08-14,8,Put,292.5,AAPL260814P00292500,0.3,0.36,0.32999999999999996,0.34,-0.295,-46.4567,12.0,303.0,0.3182,-0.0508,0.0069,0.0511,-0.088,-0.0039,0.3155,0.38,0.41,0.33,0.634999990463257,up,2026-08-06T09:46:06,1.0,257.0
AAPL,2026-08-14,8,Call,295.0,AAPL260814C00295000,19.95,21.8,20.875,20.6,4.825,30.5864,6.0,404.0,0.0,0.9341,0.0088,0.0623,-0.1008,0.0612,21.3638,20.15,20.6,20.15,15.7750000953674,up,2026-08-06T09:35:47,195.0,42.0
AAPL,2026-08-14,8,Put,295.0,AAPL260814P00295000,0.4,0.45,0.42500000000000004,0.43,-0.435,-50.289,128.0,2852.0,0.3065,-0.0668,0.0089,0.0629,-0.108,-0.0052,0.4241,0.55,0.55,0.4,0.865000009536743,down,2026-08-06T09:46:26,121.0,176.0
AAPL,2026-08-14,8,Call,297.5,AAPL260814C00297500,17.6,19.2,18.4,18.22,4.82,35.9701,11.0,136.0,0.0,0.9125,0.0112,0.0771,-0.1258,0.0643,19.0187,18.05,18.22,17.12,13.4000000953674,up,2026-08-06T09:44:04,193.0,13.0
AAPL,2026-08-14,8,Put,297.5,AAPL260814P00297500,0.54,0.62,0.5800000000000001,0.61,-0.6,-49.5868,44.0,523.0,0.2995,-0.0885,0.0113,0.0774,-0.1325,-0.0068,0.5784,0.69,0.75,0.61,1.21000003814697,down,2026-08-06T09:45:21,114.0,204.0
AAPL,2026-08-14,8,Call,300.0,AAPL260814C00300000,15.9,17.0,16.45,15.4,3.975,34.7921,108.0,1813.0,0.258,0.884,0.014,0.0943,-0.1551,0.0658,16.7363,13.5,16.7,13.5,11.4250001907349,up,2026-08-06T09:43:33,446.0,31.0
AAPL,2026-08-14,8,Put,300.0,AAPL260814P00300000,0.75,0.8,0.775,0.77,-0.905,-54.0299,235.0,5083.0,0.2909,-0.1171,0.0141,0.0947,-0.1614,-0.0089,0.7956,0.94,1.32,0.61,1.67500001192093,down,2026-08-06T09:47:12,47.0,103.0
AAPL,2026-08-14,8,Call,302.5,AAPL260814C00302500,14.0,14.7,14.35,14.0,4.45,46.5969,32.0,602.0,0.2808,0.8474,0.0173,0.1134,-0.188,0.066,14.5381,13.64,14.0,12.45,9.5499997138977,up,2026-08-06T09:45:55,308.0,15.0
AAPL,2026-08-14,8,Put,302.5,AAPL260814P00302500,1.03,1.08,1.0550000000000002,1.21,-1.08,-47.1616,76.0,707.0,0.2836,-0.1539,0.0174,0.1139,-0.194,-0.0115,1.0974,1.44,1.44,1.1,2.28999996185303,down,2026-08-06T09:44:58,38.0,5.0
AAPL,2026-08-14,8,Call,305.0,AAPL260814C00305000,11.8,12.5,12.15,12.4,4.35,54.0373,140.0,1371.0,0.2588,0.8016,0.0207,0.1335,-0.2229,0.0644,12.4493,11.8,12.6,10.6,8.04999995231628,up,2026-08-06T09:46:31,532.0,4.0
AAPL,2026-08-14,8,Put,305.0,AAPL260814P00305000,1.43,1.48,1.455,1.49,-1.56,-51.1475,307.0,1739.0,0.2796,-0.2,0.0209,0.134,-0.2286,-0.0147,1.5092,1.7,2.03,1.49,3.04999995231628,no_change,2026-08-06T09:47:12,14.0,60.0
AAPL,2026-08-14,8,Call,307.5,AAPL260814C00307500,9.8,10.7,10.25,10.45,3.95,60.7692,386.0,1780.0,0.2624,0.7466,0.024,0.153,-0.2569,0.0612,10.4968,9.25,10.52,8.89,6.5,up,2026-08-06T09:46:31,640.0,91.0
AAPL,2026-08-14,8,Put,307.5,AAPL260814P00307500,1.96,2.06,2.01,2.12,-1.88,-47.0,86.0,2591.0,0.2753,-0.2556,0.0243,0.1533,-0.2623,-0.0185,2.0585,2.15,2.62,2.12,4.00000011920929,down,2026-08-06T09:45:33,14.0,86.0
AAPL,2026-08-14,8,Call,310.0,AAPL260814C00310000,8.5,8.75,8.625,8.59,3.365,64.4019,1353.0,8299.0,0.2746,0.6828,0.027,0.1698,-0.2869,0.0566,8.707,7.75,8.85,7.15,5.22500014305115,no_change,2026-08-06T09:47:12,178.0,54.0
AAPL,2026-08-14,8,Put,310.0,AAPL260814P00310000,2.66,2.76,2.71,2.78,-2.395,-46.2802,108.0,2101.0,0.2735,-0.32,0.0273,0.1702,-0.2919,-0.0227,2.772,3.0,3.54,2.78,5.17499995231628,no_change,2026-08-06T09:46:41,38.0,54.0
AAPL,2026-08-14,8,Call,312.5,AAPL260814C00312500,6.9,7.2,7.050000000000001,7.05,3.0,74.0741,577.0,2234.0,0.2737,0.6123,0.0292,0.1823,-0.3094,0.051,7.1024,6.1,7.25,5.75,4.05000007152557,down,2026-08-06T09:47:12,405.0,52.0
AAPL,2026-08-14,8,Put,312.5,AAPL260814P00312500,3.55,3.75,3.65,3.75,-2.85,-43.1818,194.0,192.0,0.2739,-0.3913,0.0295,0.1825,-0.3138,-0.0272,3.6724,4.45,4.7,3.75,6.59999990463257,down,2026-08-06T09:46:16,30.0,389.0
AAPL,2026-08-14,8,Call,315.0,AAPL260814C00315000,5.55,5.75,5.65,5.7,2.525,79.5276,3525.0,6288.0,0.2748,0.5376,0.0303,0.1889,-0.3217,0.0449,5.698,4.5,5.9,4.45,3.17500007152557,up,2026-08-06T09:47:13,379.0,15.0
AAPL,2026-08-14,8,Put,315.0,AAPL260814P00315000,4.65,4.9,4.775,4.8,-3.375,-41.2844,84.0,1243.0,0.2747,-0.4667,0.0306,0.1888,-0.3255,-0.0316,4.7749,4.7,5.9,4.7,8.17500019073486,down,2026-08-06T09:46:07,25.0,633.0
AAPL,2026-08-14,8,Call,317.5,AAPL260814C00317500,4.4,4.55,4.475,4.5,2.105,87.8914,377.0,1045.0,0.2741,0.4618,0.0302,0.1888,-0.3224,0.0387,4.4946,3.8,4.8,3.45,2.39499998092651,up,2026-08-06T09:47:10,85.0,42.0
AAPL,2026-08-14,8,Put,317.5,AAPL260814P00317500,5.9,6.25,6.075,6.05,-3.925,-39.3484,20.0,249.0,0.2746,-0.543,0.0306,0.1886,-0.3253,-0.0358,6.0848,6.18,7.3,6.05,9.97499990463257,down,2026-08-06T09:47:01,121.0,407.0
AAPL,2026-08-14,8,Call,320.0,AAPL260814C00320000,3.45,3.55,3.5,3.5,1.705,94.9861,5812.0,7756.0,0.2764,0.3888,0.0291,0.1825,-0.3118,0.0326,3.4969,3.3,3.7,2.62,1.7950000166893,no_change,2026-08-06T09:47:10,44.0,44.0
AAPL,2026-08-14,8,Put,320.0,AAPL260814P00320000,7.25,7.8,7.525,8.05,-3.925,-32.7766,60.0,1295.0,0.2598,-0.6168,0.0294,0.1819,-0.3137,-0.0387,7.5969,7.95,9.04,7.95,11.9749999046326,down,2026-08-06T09:45:28,302.0,338.0
AAPL,2026-08-14,8,Call,322.5,AAPL260814C00322500,2.62,2.78,2.7,2.7,1.355,100.743,201.0,738.0,0.2808,0.3212,0.027,0.1708,-0.2918,0.027,2.6883,2.24,2.77,1.99,1.34499996900558,no_change,2026-08-06T09:47:06,167.0,107.0
AAPL,2026-08-14,8,Put,322.5,AAPL260814P00322500,9.15,9.5,9.325,15.19,0.0,0.0,0.0,163.0,0.2812,-0.6852,0.0272,0.1697,-0.2924,-0.0414,9.2968,0.0,0.0,0.0,14.0250000953674,up,2026-08-05T14:40:09,15.0,229.0
AAPL,2026-08-14,8,Call,325.0,AAPL260814C00325000,2.01,2.09,2.05,2.05,1.05,105.0,789.0,8001.0,0.2824,0.2606,0.0242,0.1552,-0.2648,0.0219,2.0411,1.64,2.13,1.5,1.0,no_change,2026-08-06T09:47:12,88.0,42.0
AAPL,2026-08-14,8,Put,325.0,AAPL260814P00325000,10.85,12.15,11.5,12.6,-3.65,-22.4615,1.0,1015.0,0.3023,-0.7462,0.0244,0.1536,-0.2638,-0.0431,11.163,12.6,12.6,12.6,16.25,down,2026-08-06T09:34:11,244.0,642.0
AAPL,2026-08-14,8,Call,327.5,AAPL260814C00327500,1.52,1.58,1.55,1.55,0.83,115.278,274.0,539.0,0.2853,0.2081,0.0212,0.1374,-0.2338,0.0175,1.5348,1.3,1.65,1.16,0.719999998807907,up,2026-08-06T09:46:26,68.0,3.0
AAPL,2026-08-14,8,Put,327.5,AAPL260814P00327500,13.0,14.55,13.775,17.45,0.0,0.0,0.0,91.0,0.3285,-0.7989,0.0213,0.1352,-0.231,-0.0448,13.1708,0.0,0.0,0.0,18.7250003814697,down,2026-08-05T11:07:04,11.0,1.0
AAPL,2026-08-14,8,Call,330.0,AAPL260814C00330000,1.12,1.19,1.155,1.18,0.645,120.561,780.0,4044.0,0.288,0.164,0.018,0.1188,-0.2016,0.0138,1.1448,0.94,1.24,0.82,0.534999996423721,up,2026-08-06T09:47:04,96.0,45.0
AAPL,2026-08-14,8,Put,330.0,AAPL260814P00330000,15.1,16.1,15.600000000000001,15.9,-5.1,-24.2857,2.0,1362.0,0.3125,-0.8431,0.018,0.1159,-0.1969,-0.045,15.295,17.0,17.0,15.9,21.0,down,2026-08-06T09:45:28,11.0,273.0
AAPL,2026-08-14,8,Call,332.5,AAPL260814C00332500,0.83,0.9,0.865,0.87,0.485,125.974,213.0,653.0,0.292,0.1277,0.0151,0.1008,-0.1702,0.0107,0.8482,0.75,0.89,0.62,0.385000005364418,up,2026-08-06T09:46:51,133.0,229.0
AAPL,2026-08-14,8,Put,332.5,AAPL260814P00332500,17.25,19.05,18.15,22.56,0.0,0.0,0.0,1606.0,0.3519,-0.8792,0.015,0.0969,-0.1635,-0.0445,17.5122,0.0,0.0,0.0,23.3000001907349,down,2026-08-05T15:52:24,16.0,1.0
AAPL,2026-08-14,8,Call,335.0,AAPL260814C00335000,0.63,0.65,0.64,0.64,0.34,113.333,705.0,4687.0,0.2941,0.0985,0.0123,0.084,-0.1411,0.0082,0.6253,0.48,0.68,0.44,0.299999997019768,no_change,2026-08-06T09:46:59,1.0,44.0
AAPL,2026-08-14,8,Put,335.0,AAPL260814P00335000,19.5,21.35,20.425,27.68,0.0,0.0,0.0,409.0,0.364,-0.9081,0.0122,0.0791,-0.1326,-0.0437,19.8019,0.0,0.0,0.0,25.5749998092651,down,2026-08-05T10:08:07,25.0,108.0
AAPL,2026-08-14,8,Call,337.5,AAPL260814C00337500,0.42,0.51,0.46499999999999997,0.42,0.22,110.0,68.0,369.0,0.2992,0.0753,0.01,0.069,-0.1151,0.0063,0.4588,0.37,0.48,0.34,0.200000002980232,up,2026-08-06T09:46:12,433.0,403.0
AAPL,2026-08-14,8,Put,337.5,AAPL260814P00337500,21.6,23.75,22.675,30.13,0.0,0.0,0.0,441.0,0.3661,-0.9307,0.0098,0.0635,-0.105,-0.0426,22.1471,0.0,0.0,0.0,28.0249996185303,down,2026-08-05T10:08:07,90.0,75.0
AAPL,2026-08-14,8,Call,340.0,AAPL260814C00340000,0.3,0.37,0.33499999999999996,0.35,0.205,141.379,503.0,7363.0,0.3022,0.0574,0.0079,0.0562,-0.093,0.0048,0.3372,0.3,0.4,0.23,0.144999995827675,up,2026-08-06T09:46:39,647.0,321.0
AAPL,2026-08-14,8,Put,340.0,AAPL260814P00340000,23.8,26.4,25.1,31.85,0.0,0.0,0.0,393.0,0.386,-0.9482,0.0077,0.0518,-0.0813,-0.0426,24.5341,0.0,0.0,0.0,30.4499998092651,down,2026-08-05T09:34:32,109.0,39.0
AAPL,2026-08-14,8,Call,342.5,AAPL260814C00342500,0.23,0.28,0.255,0.15,0.035,30.4348,10.0,491.0,0.3089,0.0435,0.0063,0.0452,-0.0745,0.0036,0.2477,0.18,0.18,0.15,0.114999998360872,down,2026-08-06T09:46:30,327.0,283.0
AAPL,2026-08-14,8,Put,342.5,AAPL260814P00342500,26.3,28.8,27.55,32.9,0.0,0.0,0.0,86.0,0.407,-0.9614,0.006,0.0413,-0.0615,-0.0427,26.9536,0.0,0.0,0.0,32.9250001907349,down,2026-08-03T09:30:01,50.0,17.0
AAPL,2026-08-14,8,Call,345.0,AAPL260814C00345000,0.19,0.2,0.195,0.19,0.105,123.529,919.0,4005.0,0.3142,0.0331,0.0049,0.0363,-0.0595,0.0028,0.1833,0.15,0.21,0.11,0.0850000008940697,down,2026-08-06T09:46:45,7.0,30.0
AAPL,2026-08-14,8,Put,345.0,AAPL260814P00345000,28.85,31.25,30.05,36.0,0.0,0.0,0.0,64.0,0.4335,-0.9712,0.0047,0.0316,-0.0454,-0.0415,29.3966,0.0,0.0,0.0,35.3999996185303,down,2026-08-05T10:45:27,22.0,22.0
AAPL,2026-08-14,8,Call,347.5,AAPL260814C00347500,0.13,0.15,0.14,0.13,0.06,85.7143,10.0,176.0,0.319,0.0253,0.0039,0.0292,-0.0476,0.0021,0.1372,0.12,0.13,0.11,0.0699999984353781,up,2026-08-06T09:46:03,74.0,23.0
AAPL,2026-08-14,8,Put,347.5,AAPL260814P00347500,31.25,33.75,32.5,12.72,0.0,0.0,0.0,45.0,0.4628,-0.9785,0.0036,0.0254,-0.0326,-0.0408,31.8556,0.0,0.0,0.0,37.875,down,2026-07-29T10:57:22,12.0,17.0
AAPL,2026-08-14,8,Call,350.0,AAPL260814C00350000,0.1,0.11,0.10500000000000001,0.11,0.065,144.444,398.0,3091.0,0.3246,0.0196,0.0031,0.0236,-0.0385,0.0016,0.1045,0.08,0.11,0.08,0.0449999999254942,up,2026-08-06T09:46:52,125.0,63.0
AAPL,2026-08-14,8,Put,350.0,AAPL260814P00350000,33.75,36.2,34.975,49.0,0.0,0.0,0.0,90.0,0.4742,-0.9837,0.0028,0.02,-0.0227,-0.0412,34.3274,0.0,0.0,0.0,40.3500003814697,up,2026-07-31T13:02:10,37.0,27.0
AAPL,2026-08-14,8,Call,352.5,AAPL260814C00352500,0.01,0.14,0.07500000000000001,0.06,0.0,0.0,0.0,85.0,0.3278,0.0154,0.0024,0.0193,-0.0316,0.0013,0.0814,0.0,0.0,0.0,0.0400000000372529,down,2026-08-05T15:57:32,424.0,440.0
AAPL,2026-08-14,8,Put,352.5,AAPL260814P00352500,36.25,38.7,37.475,47.31,0.0,0.0,0.0,3.0,0.4989,-0.9874,0.0022,0.0158,-0.0151,-0.0404,36.8074,0.0,0.0,0.0,42.7750015258789,up,2026-07-31T09:49:41,30.0,22.0
AAPL,2026-08-14,8,Call,355.0,AAPL260814C00355000,0.03,0.08,0.055,0.06,0.025,71.4286,6.0,6091.0,0.3323,0.0124,0.002,0.016,-0.0264,0.001,0.0653,0.06,0.08,0.06,0.0350000001490116,no_change,2026-08-06T09:39:38,570.0,446.0
AAPL,2026-08-14,8,Put,355.0,AAPL260814P00355000,38.55,41.15,39.849999999999994,45.0,0.0,0.0,0.0,41.0,0.5026,-0.9901,0.0018,0.013,-0.0092,-0.0409,39.2935,0.0,0.0,0.0,45.25,down,2026-08-04T15:47:23,82.0,17.0
AAPL,2026-08-14,8,Call,357.5,AAPL260814C00357500,0.01,0.09,0.049999999999999996,0.04,0.0,0.0,0.0,122.0,0.3456,0.0102,0.0016,0.0135,-0.0226,0.0008,0.0539,0.0,0.0,0.0,0.034999999217689,no_change,2026-08-05T11:06:27,339.0,356.0
AAPL,2026-08-14,8,Put,357.5,AAPL260814P00357500,41.1,43.65,42.375,26.94,0.0,0.0,0.0,0.0,0.5302,-0.992,0.0014,0.011,-0.0048,-0.0408,41.7834,0.0,0.0,0.0,47.8249988555908,no_change,2026-07-30T10:51:53,67.0,22.0
AAPL,2026-08-14,8,Call,360.0,AAPL260814C00360000,0.01,0.07,0.04,0.01,-0.015,-60.0,2.0,1807.0,0.353,0.0086,0.0014,0.0117,-0.0198,0.0007,0.0459,0.04,0.04,0.01,0.0249999994412065,down,2026-08-06T09:30:05,1040.0,374.0
AAPL,2026-08-14,8,Put,360.0,AAPL260814P00360000,43.55,46.15,44.849999999999994,55.35,0.0,0.0,0.0,0.0,0.5488,-0.9933,0.0012,0.009,-0.0013,-0.0407,44.2762,0.0,0.0,0.0,50.4249992370606,up,2026-07-31T09:54:21,65.0,22.0
AAPL,2026-08-14,8,Call,362.5,AAPL260814C00362500,0.01,0.06,0.034999999999999996,0.02,0.0,0.0,0.0,125.0,0.3638,0.0075,0.0012,0.0103,-0.0178,0.0006,0.0402,0.0,0.0,0.0,0.0300000002607703,down,2026-08-04T15:37:06,162.0,301.0
AAPL,2026-08-14,8,Put,362.5,AAPL260814P00362500,46.25,48.65,47.45,0.0,0.0,0.0,0.0,0.0,0.5891,-0.9943,0.001,0.0079,0.0,-0.041,46.7708,0.0,0.0,0.0,52.8249988555908,no_change,,10.0,22.0
AAPL,2026-08-14,8,Call,365.0,AAPL260814C00365000,0.01,0.05,0.030000000000000002,0.03,0.01,50.0,1.0,839.0,0.3734,0.0066,0.001,0.0092,-0.0163,0.0005,0.036,0.03,0.03,0.03,0.0199999995529652,no_change,2026-08-06T09:34:14,279.0,436.0
AAPL,2026-08-14,8,Put,365.0,AAPL260814P00365000,48.2,51.15,49.675,29.75,0.0,0.0,0.0,0.0,0.5571,-0.995,0.0008,0.0072,0.0,-0.0413,49.2664,0.0,0.0,0.0,55.3249988555908,down,2026-07-27T13:22:16,87.0,22.0
AAPL,2026-08-14,8,Call,367.5,AAPL260814C00367500,0.01,0.05,0.030000000000000002,0.07,0.0,0.0,0.0,40.0,0.389,0.0059,0.0009,0.0083,-0.0151,0.0005,0.0328,0.0,0.0,0.0,0.0400000000372529,down,2026-08-05T09:57:09,66.0,318.0
AAPL,2026-08-14,8,Put,367.5,AAPL260814P00367500,51.25,53.65,52.45,0.0,0.0,0.0,0.0,0.0,0.634,-0.9956,0.0008,0.0064,0.0,-0.0414,51.7629,0.0,0.0,0.0,57.7999992370606,no_change,,10.0,19.0
AAPL,2026-08-14,8,Call,370.0,AAPL260814C00370000,0.01,0.03,0.02,0.02,0.0,0.0,0.0,1776.0,0.3879,0.0054,0.0008,0.0076,-0.0142,0.0004,0.0303,0.0,0.0,0.0,0.0199999995529652,down,2026-08-05T09:42:05,208.0,156.0
AAPL,2026-08-14,8,Put,370.0,AAPL260814P00370000,53.55,56.15,54.849999999999994,36.78,0.0,0.0,0.0,0.0,0.6371,-0.996,0.0007,0.0058,0.0,-0.0413,54.26,0.0,0.0,0.0,60.3249988555908,up,2026-07-30T15:59:56,65.0,18.0
AAPL,2026-08-14,8,Call,372.5,AAPL260814C00372500,0.01,0.06,0.034999999999999996,0.02,0.0,0.0,0.0,16.0,0.4266,0.0049,0.0007,0.007,-0.0134,0.0004,0.0283,0.0,0.0,0.0,0.0199999995529652,no_change,2026-08-05T11:12:02,10.0,354.0
AAPL,2026-08-14,8,Put,372.5,AAPL260814P00372500,56.25,58.65,57.45,0.0,0.0,0.0,0.0,0.0,0.6778,-0.9964,0.0006,0.0053,0.0,-0.0416,56.7574,0.0,0.0,0.0,62.875,no_change,,10.0,17.0
AAPL,2026-08-14,8,Call,375.0,AAPL260814C00375000,0.01,0.19,0.1,0.01,0.0,0.0,0.0,434.0,0.5003,0.0045,0.0006,0.0065,-0.0128,0.0004,0.0267,0.0,0.0,0.0,0.025000000372529,no_change,2026-08-03T14:35:27,8.0,121.0
AAPL,2026-08-14,8,Put,375.0,AAPL260814P00375000,58.6,61.1,59.85,0.0,0.0,0.0,0.0,0.0,0.6796,-0.9967,0.0005,0.0048,0.0,-0.0419,59.2551,0.0,0.0,0.0,65.2999992370606,no_change,,70.0,12.0
AAPL,2026-08-14,8,Call,377.5,AAPL260814C00377500,0.01,0.19,0.1,0.05,0.0,0.0,0.0,9.0,0.517,0.0042,0.0006,0.0061,-0.0122,0.0003,0.0252,0.0,0.0,0.0,0.0299999993294477,no_change,2026-08-03T13:43:18,7.0,262.0
AAPL,2026-08-14,8,Put,377.5,AAPL260814P00377500,61.0,63.6,62.3,0.0,0.0,0.0,0.0,0.0,0.6895,-0.9969,0.0005,0.0045,0.0,-0.0422,61.7529,0.0,0.0,0.0,67.8250007629394,no_change,,67.0,18.0
AAPL,2026-08-14,8,Call,380.0,AAPL260814C00380000,0.01,0.05,0.030000000000000002,0.06,0.04,200.0,1.0,845.0,0.4961,0.0039,0.0005,0.0057,-0.0117,0.0003,0.0239,0.06,0.06,0.06,0.0199999995529652,up,2026-08-06T09:47:13,21.0,60.0
AAPL,2026-08-14,8,Put,380.0,AAPL260814P00380000,63.45,66.1,64.775,37.2,0.0,0.0,0.0,0.0,0.7365,-0.9972,0.0004,0.0043,0.0,-0.0425,64.2508,0.0,0.0,0.0,70.2999992370606,down,2026-07-29T13:39:08,20.0,12.0
AAPL,2026-08-14,8,Call,382.5,AAPL260814C00382500,0.01,0.19,0.1,0.06,0.0,0.0,0.0,2.0,0.5497,0.0036,0.0005,0.0054,-0.0112,0.0003,0.0228,0.0,0.0,0.0,0.0350000001490116,up,2026-08-03T09:48:03,1.0,226.0
AAPL,2026-08-14,8,Put,382.5,AAPL260814P00382500,66.2,68.6,67.4,0.0,0.0,0.0,0.0,0.0,0.7519,-0.9974,0.0004,0.004,0.0,-0.0427,66.7488,0.0,0.0,0.0,72.6749992370606,no_change,,10.0,15.0
AAPL,2026-08-14,8,Call,385.0,AAPL260814C00385000,0.0,0.03,0.015,0.02,0.0,0.0,0.0,294.0,0.4613,0.0034,0.0004,0.005,-0.0108,0.0003,0.0217,0.0,0.0,0.0,0.0149999996647239,down,2026-08-03T11:32:42,0.0,88.0
AAPL,2026-08-14,8,Put,385.0,AAPL260814P00385000,68.6,71.1,69.85,0.0,0.0,0.0,0.0,0.0,0.7613,-0.9975,0.0004,0.0038,0.0,-0.0429,69.2469,0.0,0.0,0.0,75.2999992370606,no_change,,71.0,15.0
AAPL,2026-08-14,8,Call,390.0,AAPL260814C00390000,0.0,0.01,0.005,0.01,0.0,0.0,0.0,645.0,0.445,0.003,0.0004,0.0045,-0.01,0.0002,0.0198,0.0,0.0,0.0,0.00499999988824129,no_change,2026-08-05T15:29:43,0.0,197.0
AAPL,2026-08-14,8,Put,390.0,AAPL260814P00390000,73.7,76.1,74.9,0.0,0.0,0.0,0.0,0.0,0.812,-0.9978,0.0003,0.0033,0.0,-0.0435,74.2432,0.0,0.0,0.0,80.3250007629394,no_change,,10.0,15.0
AAPL,2026-08-14,8,Call,395.0,AAPL260814C00395000,0.0,0.06,0.03,0.01,0.0,0.0,0.0,140.0,0.5499,0.0027,0.0003,0.004,-0.0093,0.0002,0.0181,0.0,0.0,0.0,0.0299999993294477,no_change,2026-08-05T11:13:05,0.0,356.0
AAPL,2026-08-14,8,Put,395.0,AAPL260814P00395000,78.2,81.1,79.65,0.0,0.0,0.0,0.0,0.0,0.7869,-0.9981,0.0003,0.003,0.0,-0.0438,79.2396,0.0,0.0,0.0,85.2999992370606,no_change,,113.0,26.0
AAPL,2026-08-14,8,Call,400.0,AAPL260814C00400000,0.0,0.1,0.05,0.01,0.005,100.0,1.0,539.0,0.6087,0.0024,0.0003,0.0036,-0.0087,0.0002,0.0166,0.01,0.01,0.01,0.00499999988824129,no_change,2026-08-06T09:39:45,0.0,406.0
AAPL,2026-08-14,8,Put,400.0,AAPL260814P00400000,83.65,86.1,84.875,0.0,0.0,0.0,0.0,0.0,0.8834,-0.9983,0.0002,0.0026,0.0,-0.0443,84.2363,0.0,0.0,0.0,90.3250007629394,no_change,,55.0,26.0
AAPL,2026-08-14,8,Call,405.0,AAPL260814C00405000,0.0,0.06,0.03,0.13,0.0,0.0,0.0,1.0,0.6044,0.0021,0.0002,0.0033,-0.0081,0.0002,0.0152,0.0,0.0,0.0,0.0299999993294477,up,2026-07-30T11:57:32,0.0,57.0
AAPL,2026-08-14,8,Put,405.0,AAPL260814P00405000,88.65,91.1,89.875,0.0,0.0,0.0,0.0,0.0,0.9207,-0.9985,0.0002,0.0023,0.0,-0.0449,89.2329,0.0,0.0,0.0,95.2249984741211,no_change,,55.0,22.0
AAPL,2026-08-14,8,Call,410.0,AAPL260814C00410000,0.0,0.14,0.07,0.14,0.0,0.0,0.0,6.0,0.7585,0.0019,0.0002,0.0029,-0.0075,0.0001,0.014,0.0,0.0,0.0,0.0700000002980232,up,2026-08-05T13:39:48,0.0,129.0
AAPL,2026-08-14,8,Put,410.0,AAPL260814P00410000,93.2,96.1,94.65,0.0,0.0,0.0,0.0,0.0,0.9695,-0.9987,0.0002,0.0021,0.0,-0.0454,94.2297,0.0,0.0,0.0,100.224998474121,no_change,,23.0,18.0
AAPL,2026-08-14,8,Call,415.0,AAPL260814C00415000,0.0,0.04,0.02,0.04,0.0,0.0,0.0,7.0,0.6324,0.0017,0.0002,0.0027,-0.007,0.0001,0.0129,0.0,0.0,0.0,0.0199999995529652,up,2026-08-05T13:39:48,0.0,1.0
AAPL,2026-08-14,8,Put,415.0,AAPL260814P00415000,97.85,101.1,99.475,0.0,0.0,0.0,0.0,0.0,0.8616,-0.9988,0.0001,0.0019,0.0,-0.0459,99.2266,0.0,0.0,0.0,105.300003051758,no_change,,122.0,16.0
AAPL,2026-08-17,11,Call,205.0,AAPL260817C00205000,109.05,112.75,110.9,0.0,0.0,0.0,0.0,0.0,0.0,0.9995,0.0,0.0009,0.0,0.0181,110.9287,0.0,0.0,0.0,104.799999237061,no_change,,10.0,1.0
AAPL,2026-08-17,11,Put,205.0,AAPL260817P00205000,0.0,1.01,0.505,0.0,0.0,0.0,0.0,0.0,1.2518,-0.001,0.0001,0.0019,-0.0054,-0.0001,0.0123,0.0,0.0,0.0,0.5,no_change,,0.0,6.0
AAPL,2026-08-17,11,Call,210.0,AAPL260817C00210000,104.05,107.8,105.925,0.0,0.0,0.0,0.0,0.0,0.0,0.9993,0.0001,0.0014,0.0,0.0199,105.932,0.0,0.0,0.0,99.7999992370606,no_change,,10.0,4.0
AAPL,2026-08-17,11,Put,210.0,AAPL260817P00210000,0.0,1.0,0.5,0.0,0.0,0.0,0.0,0.0,1.1869,-0.0012,0.0001,0.0023,-0.0063,-0.0001,0.0148,0.0,0.0,0.0,0.485000014305115,no_change,,0.0,6.0
AAPL,2026-08-17,11,Call,215.0,AAPL260817C00215000,99.05,102.75,100.9,93.92,0.0,0.0,0.0,0.0,0.0,0.9991,0.0001,0.0016,0.0,0.0203,100.9357,0.0,0.0,0.0,94.8249969482422,down,2026-08-05T14:55:37,10.0,1.0
AAPL,2026-08-17,11,Put,215.0,AAPL260817P00215000,0.0,1.0,0.5,0.0,0.0,0.0,0.0,0.0,1.127,-0.0015,0.0001,0.0028,-0.0073,-0.0001,0.0175,0.0,0.0,0.0,0.490000009536743,no_change,,0.0,50.0
AAPL,2026-08-17,11,Call,220.0,AAPL260817C00220000,94.05,97.9,95.975,88.95,0.0,0.0,0.0,0.0,0.8154,0.9988,0.0001,0.0023,0.0,0.0228,95.9396,0.0,0.0,0.0,89.8249969482422,up,2026-08-05T14:55:37,10.0,10.0
AAPL,2026-08-17,11,Put,220.0,AAPL260817P00220000,0.0,0.98,0.49,0.0,0.0,0.0,0.0,0.0,1.0648,-0.0018,0.0001,0.0033,-0.0084,-0.0002,0.0206,0.0,0.0,0.0,0.479999989271164,no_change,,0.0,50.0
AAPL,2026-08-17,11,Call,225.0,AAPL260817C00225000,89.05,92.8,90.925,0.0,0.0,0.0,0.0,0.0,0.0,0.9984,0.0001,0.0028,0.0,0.0235,90.9443,0.0,0.0,0.0,84.8249969482422,no_change,,8.0,5.0
AAPL,2026-08-17,11,Put,225.0,AAPL260817P00225000,0.0,0.96,0.48,0.0,0.0,0.0,0.0,0.0,1.0039,-0.0022,0.0002,0.0039,-0.0096,-0.0002,0.0241,0.0,0.0,0.0,0.465000003576279,no_change,,0.0,55.0
AAPL,2026-08-17,11,Call,230.0,AAPL260817C00230000,84.05,87.8,85.925,0.0,0.0,0.0,0.0,0.0,0.0,0.998,0.0002,0.0033,0.0,0.024,85.9493,0.0,0.0,0.0,79.8249969482422,no_change,,10.0,6.0
AAPL,2026-08-17,11,Put,230.0,AAPL260817P00230000,0.0,0.5,0.25,0.05,0.0,0.0,0.0,3.0,0.8563,-0.0026,0.0002,0.0046,-0.0108,-0.0002,0.028,0.0,0.0,0.0,0.25,down,2026-08-04T14:36:06,0.0,1.0
AAPL,2026-08-17,11,Call,235.0,AAPL260817C00235000,79.05,82.65,80.85,0.0,0.0,0.0,0.0,0.0,0.0,0.9975,0.0002,0.0044,0.0,0.0281,80.955,0.0,0.0,0.0,74.8249969482422,no_change,,10.0,1.0
AAPL,2026-08-17,11,Put,235.0,AAPL260817P00235000,0.0,0.91,0.455,0.0,0.0,0.0,0.0,0.0,0.8842,-0.0032,0.0003,0.0054,-0.0122,-0.0003,0.0323,0.0,0.0,0.0,0.430000007152557,no_change,,0.0,68.0
AAPL,2026-08-17,11,Call,240.0,AAPL260817C00240000,74.05,77.8,75.925,0.0,0.0,0.0,0.0,0.0,0.0,0.9969,0.0003,0.005,0.0,0.0287,75.9614,0.0,0.0,0.0,69.8249969482422,no_change,,10.0,1.0
AAPL,2026-08-17,11,Put,240.0,AAPL260817P00240000,0.0,0.88,0.44,0.0,0.0,0.0,0.0,0.0,0.8254,-0.0038,0.0003,0.0063,-0.0136,-0.0004,0.0371,0.0,0.0,0.0,0.405000001192093,no_change,,0.0,10.0
AAPL,2026-08-17,11,Call,245.0,AAPL260817C00245000,69.1,72.45,70.775,0.0,0.0,0.0,0.0,0.0,0.0,0.9962,0.0004,0.0065,0.0,0.0342,70.9684,0.0,0.0,0.0,64.8500003814697,no_change,,10.0,3.0
AAPL,2026-08-17,11,Put,245.0,AAPL260817P00245000,0.0,0.85,0.425,0.0,0.0,0.0,0.0,0.0,0.7678,-0.0045,0.0004,0.0074,-0.0152,-0.0004,0.0424,0.0,0.0,0.0,0.379999995231628,no_change,,0.0,90.0
AAPL,2026-08-17,11,Call,250.0,AAPL260817C00250000,64.1,67.75,65.925,57.6,0.0,0.0,0.0,1.0,0.0,0.9953,0.0005,0.0076,0.0,0.0348,65.9767,0.0,0.0,0.0,59.8500003814697,up,2026-08-03T09:53:42,8.0,1.0
AAPL,2026-08-17,11,Put,250.0,AAPL260817P00250000,0.0,0.81,0.405,0.08,0.0,0.0,0.0,12.0,0.7097,-0.0053,0.0005,0.0087,-0.0169,-0.0005,0.0485,0.0,0.0,0.0,0.340000003576279,down,2026-08-04T15:20:17,0.0,111.0
AAPL,2026-08-17,11,Call,255.0,AAPL260817C00255000,59.1,62.65,60.875,0.0,0.0,0.0,0.0,0.0,0.0,0.9942,0.0006,0.0095,0.0,0.0418,60.986,0.0,0.0,0.0,54.7250003814697,no_change,,10.0,9.0
AAPL,2026-08-17,11,Put,255.0,AAPL260817P00255000,0.0,0.76,0.38,0.18,0.0,0.0,0.0,1.0,0.6513,-0.0064,0.0006,0.0102,-0.0188,-0.0006,0.0555,0.0,0.0,0.0,0.180000007152557,down,2026-08-04T13:01:10,0.0,155.0
AAPL,2026-08-17,11,Call,260.0,AAPL260817C00260000,54.1,57.85,55.975,43.48,0.0,0.0,0.0,1.0,0.4395,0.9928,0.0008,0.0112,-0.0023,0.0447,55.9973,0.0,0.0,0.0,49.7749996185303,down,2026-08-03T15:58:56,10.0,2.0
AAPL,2026-08-17,11,Put,260.0,AAPL260817P00260000,0.0,0.68,0.34,0.18,0.0,0.0,0.0,2.0,0.5897,-0.0077,0.0008,0.0121,-0.0209,-0.0007,0.0638,0.0,0.0,0.0,0.174999997019768,down,2026-08-04T14:36:06,0.0,10.0
AAPL,2026-08-17,11,Call,265.0,AAPL260817C00265000,49.1,52.35,50.725,0.0,0.0,0.0,0.0,0.0,0.0,0.9909,0.0011,0.014,-0.0067,0.0512,51.0112,0.0,0.0,0.0,44.875,no_change,,10.0,2.0
AAPL,2026-08-17,11,Put,265.0,AAPL260817P00265000,0.0,0.56,0.28,0.12,0.0,0.0,0.0,12.0,0.5231,-0.0094,0.001,0.0145,-0.0234,-0.0009,0.0744,0.0,0.0,0.0,0.125,down,2026-08-04T15:50:20,0.0,155.0
AAPL,2026-08-17,11,Call,270.0,AAPL260817C00270000,44.15,47.25,45.7,37.2,0.0,0.0,0.0,2.0,0.0,0.9884,0.0014,0.0174,-0.0117,0.0609,46.0294,0.0,0.0,0.0,39.8500003814697,up,2026-08-04T10:29:17,15.0,10.0
AAPL,2026-08-17,11,Put,270.0,AAPL260817P00270000,0.0,0.39,0.195,0.15,0.0,0.0,0.0,6.0,0.4485,-0.0118,0.0014,0.0177,-0.0268,-0.0011,0.0887,0.0,0.0,0.0,0.144999995827675,down,2026-08-04T15:40:35,0.0,185.0
AAPL,2026-08-17,11,Call,275.0,AAPL260817C00275000,39.15,42.25,40.7,30.67,0.0,0.0,0.0,1.0,0.0,0.9847,0.0019,0.0221,-0.0179,0.0747,41.0556,0.0,0.0,0.0,34.8499984741211,up,2026-08-03T10:01:55,17.0,10.0
AAPL,2026-08-17,11,Put,275.0,AAPL260817P00275000,0.0,0.23,0.115,0.14,0.0,0.0,0.0,47.0,0.3724,-0.0154,0.0019,0.0223,-0.0314,-0.0014,0.1101,0.0,0.0,0.0,0.16499999538064,no_change,2026-08-05T15:58:13,0.0,308.0
AAPL,2026-08-17,11,Call,277.5,AAPL260817C00277500,36.7,39.95,38.325,0.0,0.0,0.0,0.0,0.0,0.0,0.9822,0.0022,0.0252,-0.0218,0.0803,38.5737,0.0,0.0,0.0,32.4250001907349,no_change,,15.0,15.0
AAPL,2026-08-17,11,Put,277.5,AAPL260817P00277500,0.0,0.3,0.15,0.0,0.0,0.0,0.0,0.0,0.3655,-0.0179,0.0022,0.0253,-0.0346,-0.0017,0.1255,0.0,0.0,0.0,0.190000001341104,no_change,,0.0,141.0
AAPL,2026-08-17,11,Call,280.0,AAPL260817C00280000,34.2,36.7,35.45,28.86,0.0,0.0,0.0,11.0,0.0,0.9789,0.0026,0.0291,-0.0266,0.0822,36.0969,0.0,0.0,0.0,29.7249994277954,down,2026-08-05T14:59:30,14.0,10.0
AAPL,2026-08-17,11,Put,280.0,AAPL260817P00280000,0.01,0.27,0.14,0.29,0.0,0.0,0.0,33.0,0.3402,-0.0211,0.0026,0.0291,-0.0387,-0.002,0.1456,0.0,0.0,0.0,0.185000002384186,down,2026-08-05T10:38:55,16.0,255.0
AAPL,2026-08-17,11,Call,282.5,AAPL260817C00282500,31.75,34.95,33.35,0.0,0.0,0.0,0.0,0.0,0.0,0.9747,0.0032,0.0339,-0.0326,0.0826,33.6271,0.0,0.0,0.0,27.5,no_change,,12.0,12.0
AAPL,2026-08-17,11,Put,282.5,AAPL260817P00282500,0.0,0.32,0.16,0.0,0.0,0.0,0.0,0.0,0.3255,-0.0253,0.0032,0.034,-0.0438,-0.0024,0.1725,0.0,0.0,0.0,0.295000001788139,no_change,,0.0,46.0
AAPL,2026-08-17,11,Call,285.0,AAPL260817C00285000,29.3,32.4,30.85,24.04,0.0,0.0,0.0,13.0,0.0,0.9691,0.0039,0.04,-0.04,0.0828,31.167,0.0,0.0,0.0,25.0499992370605,up,2026-08-05T14:59:30,12.0,23.0
AAPL,2026-08-17,11,Put,285.0,AAPL260817P00285000,0.09,0.35,0.21999999999999997,0.38,0.0,0.0,0.0,101.0,0.3205,-0.0309,0.0039,0.04,-0.0504,-0.0029,0.2093,0.0,0.0,0.0,0.345000006258488,down,2026-08-05T13:22:58,95.0,242.0
AAPL,2026-08-17,11,Call,287.5,AAPL260817C00287500,26.85,29.95,28.4,21.1,0.0,0.0,0.0,1.0,0.0,0.9617,0.0049,0.0477,-0.0492,0.0828,28.7208,0.0,0.0,0.0,22.5249996185303,up,2026-08-05T10:07:35,22.0,22.0
AAPL,2026-08-17,11,Put,287.5,AAPL260817P00287500,0.13,0.41,0.27,0.0,0.0,0.0,0.0,0.0,0.3091,-0.0384,0.0049,0.0478,-0.0588,-0.0036,0.2599,0.0,0.0,0.0,0.525000005960464,no_change,,262.0,316.0
AAPL,2026-08-17,11,Call,290.0,AAPL260817C00290000,24.4,27.5,25.95,20.9,0.0,0.0,0.0,4.0,0.0,0.9516,0.0061,0.0574,-0.0606,0.0826,26.2941,0.0,0.0,0.0,20.0999994277954,no_change,2026-08-05T13:34:09,12.0,12.0
AAPL,2026-08-17,11,Put,290.0,AAPL260817P00290000,0.22,0.48,0.35,0.36,-0.265,-42.4,4.0,135.0,0.3008,-0.0485,0.0061,0.0575,-0.0695,-0.0045,0.3302,0.37,0.37,0.36,0.625,no_change,2026-08-06T09:45:16,32.0,474.0
AAPL,2026-08-17,11,Call,292.5,AAPL260817C00292500,22.0,25.1,23.55,0.0,0.0,0.0,0.0,0.0,0.2138,0.9382,0.0076,0.0694,-0.0748,0.0821,23.895,0.0,0.0,0.0,17.9499998092651,no_change,,25.0,22.0
AAPL,2026-08-17,11,Put,292.5,AAPL260817P00292500,0.21,0.59,0.39999999999999997,0.97,0.0,0.0,0.0,10.0,0.2845,-0.062,0.0076,0.0695,-0.0828,-0.0057,0.4281,0.0,0.0,0.0,0.879999965429306,down,2026-08-05T14:28:22,341.0,464.0
AAPL,2026-08-17,11,Call,295.0,AAPL260817C00295000,19.65,22.45,21.049999999999997,20.9,5.075,32.0695,2.0,6.0,0.1924,0.9204,0.0094,0.0841,-0.0919,0.0811,21.5337,20.9,20.9,20.9,15.8250002861023,up,2026-08-06T09:30:10,35.0,20.0
AAPL,2026-08-17,11,Put,295.0,AAPL260817P00295000,0.38,0.78,0.5800000000000001,0.59,-0.5,-45.8716,8.0,124.0,0.2834,-0.0798,0.0095,0.0843,-0.0991,-0.0074,0.5633,0.63,0.64,0.59,1.0900000333786,down,2026-08-06T09:39:07,176.0,324.0
AAPL,2026-08-17,11,Call,297.5,AAPL260817C00297500,17.35,20.2,18.775,15.2,0.0,0.0,0.0,11.0,0.22,0.8972,0.0117,0.1013,-0.112,0.0796,19.2238,0.0,0.0,0.0,13.6999998092651,up,2026-08-05T15:59:08,35.0,12.0
AAPL,2026-08-17,11,Put,297.5,AAPL260817P00297500,0.55,0.99,0.77,1.56,0.0,0.0,0.0,15.0,0.2769,-0.1031,0.0117,0.1015,-0.1185,-0.0096,0.7505,0.0,0.0,0.0,1.5100000500679,down,2026-08-05T13:45:38,250.0,380.0
AAPL,2026-08-17,11,Call,300.0,AAPL260817C00300000,15.85,18.2,17.025,14.9,3.275,28.172,2.0,313.0,0.2731,0.8674,0.0143,0.1208,-0.1348,0.0775,16.9818,15.01,15.01,14.9,11.625,down,2026-08-06T09:38:00,145.0,152.0
AAPL,2026-08-17,11,Put,300.0,AAPL260817P00300000,0.84,1.19,1.015,1.11,-0.925,-45.4545,10.0,728.0,0.2702,-0.1329,0.0143,0.1209,-0.1406,-0.0122,1.006,1.15,1.19,1.1,2.0349999666214,up,2026-08-06T09:45:16,119.0,274.0
AAPL,2026-08-17,11,Call,302.5,AAPL260817C00302500,12.95,15.7,14.325,9.31,0.0,0.0,0.0,22.0,0.2261,0.8303,0.0171,0.1418,-0.1594,0.0746,14.8274,0.0,0.0,0.0,10.0750002861023,down,2026-08-05T15:03:40,112.0,119.0
AAPL,2026-08-17,11,Put,302.5,AAPL260817P00302500,1.15,1.62,1.385,1.65,-1.05,-38.8889,2.0,179.0,0.2674,-0.1702,0.0172,0.142,-0.1645,-0.0155,1.3492,1.65,1.65,1.65,2.70000004768372,down,2026-08-06T09:31:50,157.0,222.0
AAPL,2026-08-17,11,Call,305.0,AAPL260817C00305000,11.55,13.5,12.525,12.75,4.425,53.1532,54.0,340.0,0.2233,0.7852,0.0201,0.1632,-0.1845,0.0709,12.7821,11.4,12.8,11.29,8.32500004768372,up,2026-08-06T09:46:31,314.0,61.0
AAPL,2026-08-17,11,Put,305.0,AAPL260817P00305000,1.54,1.85,1.695,1.82,-1.705,-48.3688,29.0,1213.0,0.2586,-0.2155,0.0202,0.1635,-0.189,-0.0195,1.8021,2.05,2.1,1.82,3.52499997615814,down,2026-08-06T09:46:26,2.0,1.0
AAPL,2026-08-17,11,Call,307.5,AAPL260817C00307500,10.0,11.25,10.625,9.95,3.025,43.6823,13.0,153.0,0.2447,0.7323,0.0229,0.1835,-0.2083,0.0664,10.8685,10.2,10.74,9.44,6.92499995231628,up,2026-08-06T09:44:32,334.0,11.0
AAPL,2026-08-17,11,Put,307.5,AAPL260817P00307500,2.17,2.7,2.435,2.37,-2.18,-47.9121,35.0,55.0,0.2608,-0.2687,0.023,0.1838,-0.2122,-0.0243,2.3873,2.7,2.78,2.34,4.55000019073486,up,2026-08-06T09:44:18,46.0,132.0
AAPL,2026-08-17,11,Call,310.0,AAPL260817C00310000,8.75,9.65,9.2,9.0,3.4,60.7143,307.0,1306.0,0.2608,0.672,0.0253,0.201,-0.2286,0.0612,9.1009,7.95,9.1,7.85,5.59999990463257,up,2026-08-06T09:46:02,39.0,274.0
AAPL,2026-08-17,11,Put,310.0,AAPL260817P00310000,2.85,3.45,3.1500000000000004,3.26,-2.465,-43.0568,2.0,436.0,0.2571,-0.3292,0.0255,0.2011,-0.2321,-0.0294,3.1264,3.4,3.4,3.26,5.72500014305115,down,2026-08-06T09:35:28,206.0,253.0
AAPL,2026-08-17,11,Call,312.5,AAPL260817C00312500,7.15,7.9,7.525,7.48,3.055,69.0396,199.0,51.0,0.2549,0.6062,0.0272,0.2137,-0.2435,0.0554,7.5118,6.5,7.6,6.05,4.42499995231628,down,2026-08-06T09:46:56,436.0,41.0
AAPL,2026-08-17,11,Put,312.5,AAPL260817P00312500,3.85,4.4,4.125,4.25,-2.7,-38.8489,6.0,400.0,0.2584,-0.3955,0.0274,0.2137,-0.2467,-0.0347,4.0375,4.71,4.71,4.25,6.95000004768372,down,2026-08-06T09:45:27,10.0,399.0
AAPL,2026-08-17,11,Call,315.0,AAPL260817C00315000,5.85,6.3,6.074999999999999,6.15,2.675,76.9784,127.0,444.0,0.2562,0.5372,0.0282,0.2204,-0.2514,0.0492,6.1114,5.35,6.16,5.0,3.47500002384186,up,2026-08-06T09:46:47,321.0,1.0
AAPL,2026-08-17,11,Put,315.0,AAPL260817P00315000,4.85,5.5,5.175,5.2,-3.3,-38.8235,7.0,3.0,0.2552,-0.4655,0.0284,0.2204,-0.2544,-0.04,5.1336,6.6,6.6,5.2,8.5,down,2026-08-06T09:47:00,74.0,206.0
AAPL,2026-08-17,11,Call,317.5,AAPL260817C00317500,4.6,5.0,4.8,4.92,2.205,81.2155,108.0,134.0,0.2488,0.4665,0.0282,0.2206,-0.2516,0.0429,4.889,4.9,5.25,3.75,2.7150000333786,up,2026-08-06T09:47:06,478.0,2.0
AAPL,2026-08-17,11,Put,317.5,AAPL260817P00317500,6.05,6.85,6.449999999999999,7.7,-2.525,-24.6944,1.0,0.0,0.2542,-0.5367,0.0286,0.2202,-0.2543,-0.0448,6.4204,7.7,7.7,7.7,10.2250003814697,down,2026-08-06T09:31:02,65.0,125.0
AAPL,2026-08-17,11,Call,320.0,AAPL260817C00320000,3.5,4.0,3.75,3.65,1.64,81.592,123.0,843.0,0.2478,0.3981,0.0274,0.2144,-0.2441,0.0366,3.8622,3.3,4.2,2.97,2.0100000500679,up,2026-08-06T09:45:31,553.0,8.0
AAPL,2026-08-17,11,Put,320.0,AAPL260817P00320000,7.45,8.8,8.125,13.05,0.0,0.0,0.0,5.0,0.2635,-0.6067,0.0278,0.2134,-0.2466,-0.0489,7.9019,0.0,0.0,0.0,12.0999999046326,up,2026-08-05T14:40:09,113.0,134.0
AAPL,2026-08-17,11,Call,322.5,AAPL260817C00322500,2.96,3.25,3.105,2.54,0.965,61.2698,8.0,189.0,0.2587,0.333,0.0257,0.2022,-0.2298,0.0307,3.0042,3.0,3.1,2.4,1.57499998807907,up,2026-08-06T09:43:25,10.0,56.0
AAPL,2026-08-17,11,Put,322.5,AAPL260817P00322500,8.7,11.2,9.95,0.0,0.0,0.0,0.0,0.0,0.2732,-0.6727,0.0262,0.2005,-0.2322,-0.0521,9.5572,0.0,0.0,0.0,14.4000000953674,no_change,,110.0,113.0
AAPL,2026-08-17,11,Call,325.0,AAPL260817C00325000,2.07,2.54,2.3049999999999997,2.05,0.88,75.2137,146.0,364.0,0.2543,0.2742,0.0235,0.1858,-0.2106,0.0253,2.3138,2.09,2.5,1.8,1.16999995708466,no_change,2026-08-06T09:43:50,506.0,21.0
AAPL,2026-08-17,11,Put,325.0,AAPL260817P00325000,10.35,13.3,11.825,21.28,0.0,0.0,0.0,2.0,0.2795,-0.7326,0.024,0.1831,-0.2125,-0.0541,11.369,0.0,0.0,0.0,16.2249994277954,up,2026-08-03T15:41:45,67.0,115.0
AAPL,2026-08-17,11,Call,327.5,AAPL260817C00327500,1.5,1.99,1.745,1.72,0.87,102.353,3.0,14.0,0.2551,0.2221,0.0208,0.1665,-0.1881,0.0205,1.7617,1.77,1.93,1.72,0.849999994039536,down,2026-08-06T09:45:59,221.0,11.0
AAPL,2026-08-17,11,Put,327.5,AAPL260817P00327500,12.3,15.25,13.775,0.0,0.0,0.0,0.0,0.0,0.2832,-0.7859,0.0213,0.1626,-0.1893,-0.0543,13.3318,0.0,0.0,0.0,18.625,no_change,,101.0,133.0
AAPL,2026-08-17,11,Call,330.0,AAPL260817C00330000,1.1,1.4,1.25,1.18,0.485,69.7842,191.0,354.0,0.253,0.1773,0.018,0.1458,-0.1642,0.0163,1.3284,1.27,1.56,1.1,0.694999992847443,up,2026-08-06T09:45:15,802.0,1.0
AAPL,2026-08-17,11,Put,330.0,AAPL260817P00330000,14.85,17.35,16.1,24.38,0.0,0.0,0.0,1.0,0.3042,-0.8316,0.0185,0.1404,-0.1644,-0.0541,15.4173,0.0,0.0,0.0,20.5250005722046,down,2026-08-04T11:41:39,10.0,36.0
AAPL,2026-08-17,11,Call,332.5,AAPL260817C00332500,0.78,1.2,0.99,1.0,0.5,100.0,7.0,3.0,0.2603,0.1401,0.0153,0.1255,-0.1407,0.0129,0.9976,0.83,1.0,0.83,0.5,up,2026-08-06T09:46:02,197.0,53.0
AAPL,2026-08-17,11,Put,332.5,AAPL260817P00332500,16.7,19.5,18.1,24.32,0.0,0.0,0.0,2.0,0.3,-0.8698,0.0157,0.1182,-0.1391,-0.0516,17.6038,0.0,0.0,0.0,23.1499996185303,up,2026-08-04T15:13:36,31.0,55.0
AAPL,2026-08-17,11,Call,335.0,AAPL260817C00335000,0.55,1.0,0.775,0.61,0.19,45.2381,50.0,115.0,0.2666,0.1096,0.0127,0.1062,-0.1185,0.0101,0.745,0.67,0.8,0.59,0.419999986886978,down,2026-08-06T09:43:25,270.0,302.0
AAPL,2026-08-17,11,Put,335.0,AAPL260817P00335000,18.6,20.9,19.75,0.0,0.0,0.0,0.0,0.0,0.2503,-0.9008,0.013,0.0969,-0.1148,-0.0483,19.8709,0.0,0.0,0.0,25.6750001907349,no_change,,37.0,34.0
AAPL,2026-08-17,11,Call,337.5,AAPL260817C00337500,0.37,0.71,0.54,0.31,0.0,0.0,0.0,2.0,0.2646,0.0851,0.0104,0.0885,-0.0984,0.0078,0.5545,0.0,0.0,0.0,0.274999998509884,up,2026-08-05T14:09:35,78.0,126.0
AAPL,2026-08-17,11,Put,337.5,AAPL260817P00337500,21.0,24.1,22.55,0.0,0.0,0.0,0.0,0.0,0.3063,-0.9254,0.0105,0.0797,-0.0924,-0.0443,22.2003,0.0,0.0,0.0,27.9250001907349,no_change,,23.0,27.0
AAPL,2026-08-17,11,Call,340.0,AAPL260817C00340000,0.24,0.55,0.395,0.36,0.0,0.0,0.0,7.0,0.2677,0.0659,0.0085,0.0731,-0.0811,0.006,0.414,0.0,0.0,0.0,0.220000002533197,no_change,2026-08-04T13:29:05,280.0,138.0
AAPL,2026-08-17,11,Put,340.0,AAPL260817P00340000,23.3,26.45,24.875,0.0,0.0,0.0,0.0,0.0,0.311,-0.9446,0.0084,0.0638,-0.0723,-0.045,24.5785,0.0,0.0,0.0,30.2999992370606,no_change,,16.0,25.0
AAPL,2026-08-17,11,Call,342.5,AAPL260817C00342500,0.15,0.41,0.27999999999999997,0.4,0.25,166.667,1.0,0.0,0.2691,0.0508,0.0068,0.0599,-0.0662,0.0046,0.3092,0.4,0.4,0.4,0.150000000372529,up,2026-08-06T09:31:32,171.0,20.0
AAPL,2026-08-17,11,Put,342.5,AAPL260817P00342500,25.65,28.85,27.25,0.0,0.0,0.0,0.0,0.0,0.3176,-0.9591,0.0066,0.0488,-0.0548,-0.0414,26.9927,0.0,0.0,0.0,32.9250001907349,no_change,,22.0,12.0
AAPL,2026-08-17,11,Call,345.0,AAPL260817C00345000,0.06,0.32,0.19,0.07,0.0,0.0,0.0,32.0,0.269,0.0393,0.0054,0.0489,-0.054,0.0036,0.2327,0.0,0.0,0.0,0.160000000149012,down,2026-08-05T13:05:51,21.0,24.0
AAPL,2026-08-17,11,Put,345.0,AAPL260817P00345000,28.1,31.3,29.700000000000003,0.0,0.0,0.0,0.0,0.0,0.3315,-0.97,0.0051,0.0385,-0.0403,-0.0375,29.4318,0.0,0.0,0.0,35.2250003814697,no_change,,15.0,22.0
AAPL,2026-08-17,11,Call,347.5,AAPL260817C00347500,0.01,0.34,0.17500000000000002,0.0,0.0,0.0,0.0,0.0,0.2831,0.0305,0.0044,0.0399,-0.0441,0.0028,0.1769,0.0,0.0,0.0,0.135000005364418,no_change,,77.0,25.0
AAPL,2026-08-17,11,Put,347.5,AAPL260817P00347500,30.55,33.75,32.15,0.0,0.0,0.0,0.0,0.0,0.344,-0.978,0.004,0.0301,-0.0284,-0.0378,31.89,0.0,0.0,0.0,37.5249996185303,no_change,,15.0,19.0
AAPL,2026-08-17,11,Call,350.0,AAPL260817C00350000,0.0,0.35,0.175,0.01,0.0,0.0,0.0,1.0,0.3006,0.024,0.0035,0.0327,-0.0362,0.0022,0.1363,0.0,0.0,0.0,0.159999996423721,down,2026-08-03T10:24:07,0.0,166.0
AAPL,2026-08-17,11,Put,350.0,AAPL260817P00350000,33.0,36.2,34.6,0.0,0.0,0.0,0.0,0.0,0.355,-0.9838,0.003,0.0224,-0.0189,-0.0349,34.3614,0.0,0.0,0.0,40.5,no_change,,12.0,15.0
AAPL,2026-08-17,11,Call,355.0,AAPL260817C00355000,0.0,0.29,0.145,0.07,0.0,0.0,0.0,4.0,0.3252,0.0154,0.0023,0.0225,-0.0253,0.0014,0.0858,0.0,0.0,0.0,0.305000007152557,down,2026-08-03T10:54:28,0.0,79.0
AAPL,2026-08-17,11,Put,355.0,AAPL260817P00355000,37.85,41.15,39.5,0.0,0.0,0.0,0.0,0.0,0.3705,-0.9908,0.0018,0.0138,-0.0057,-0.033,39.3279,0.0,0.0,0.0,45.4499988555908,no_change,,12.0,12.0
AAPL,2026-08-17,11,Call,360.0,AAPL260817C00360000,0.0,0.61,0.305,0.0,0.0,0.0,0.0,0.0,0.4033,0.0106,0.0016,0.0164,-0.019,0.001,0.0595,0.0,0.0,0.0,0.375,no_change,,0.0,81.0
AAPL,2026-08-17,11,Put,360.0,AAPL260817P00360000,42.85,46.15,44.5,0.0,0.0,0.0,0.0,0.0,0.4064,-0.9943,0.0012,0.0096,0.0,-0.0326,44.3114,0.0,0.0,0.0,49.9750003814697,no_change,,15.0,15.0
AAPL,2026-08-17,11,Call,365.0,AAPL260817C00365000,0.0,0.79,0.395,0.0,0.0,0.0,0.0,0.0,0.4581,0.008,0.0012,0.0128,-0.0154,0.0007,0.0456,0.0,0.0,0.0,0.435000002384186,no_change,,0.0,55.0
AAPL,2026-08-17,11,Put,365.0,AAPL260817P00365000,47.85,51.15,49.5,0.0,0.0,0.0,0.0,0.0,0.4608,-0.996,0.0008,0.0062,0.0,-0.0322,49.3032,0.0,0.0,0.0,55.3250007629394,no_change,,16.0,15.0
AAPL,2026-08-17,11,Call,370.0,AAPL260817C00370000,0.0,0.89,0.445,0.0,0.0,0.0,0.0,0.0,0.5033,0.0064,0.0009,0.0105,-0.0133,0.0006,0.0379,0.0,0.0,0.0,0.455000013113022,no_change,,0.0,90.0
AAPL,2026-08-17,11,Put,370.0,AAPL260817P00370000,52.95,56.15,54.55,0.0,0.0,0.0,0.0,0.0,0.4893,-0.997,0.0006,0.0053,0.0,-0.0323,54.2978,0.0,0.0,0.0,60.1500015258789,no_change,,10.0,15.0
AAPL,2026-08-17,11,Call,375.0,AAPL260817C00375000,0.0,0.95,0.475,0.0,0.0,0.0,0.0,0.0,0.5439,0.0054,0.0007,0.009,-0.012,0.0005,0.0331,0.0,0.0,0.0,0.474999994039536,no_change,,0.0,55.0
AAPL,2026-08-17,11,Put,375.0,AAPL260817P00375000,57.95,61.1,59.525000000000006,0.0,0.0,0.0,0.0,0.0,0.516,-0.9976,0.0005,0.0043,0.0,-0.032,59.294,0.0,0.0,0.0,65.0500011444092,no_change,,10.0,15.0
AAPL,2026-08-17,11,Call,380.0,AAPL260817C00380000,0.0,0.98,0.49,0.0,0.0,0.0,0.0,0.0,0.5807,0.0047,0.0006,0.0079,-0.011,0.0004,0.0298,0.0,0.0,0.0,0.485000014305115,no_change,,0.0,151.0
AAPL,2026-08-17,11,Put,380.0,AAPL260817P00380000,62.6,66.1,64.35,0.0,0.0,0.0,0.0,0.0,0.4724,-0.998,0.0004,0.0035,0.0,-0.0324,64.291,0.0,0.0,0.0,70.0499992370606,no_change,,12.0,15.0
AAPL,2026-08-17,11,Call,385.0,AAPL260817C00385000,0.0,0.99,0.495,0.0,0.0,0.0,0.0,0.0,0.6148,0.0041,0.0005,0.007,-0.0103,0.0004,0.0272,0.0,0.0,0.0,0.384999990463257,no_change,,0.0,63.0
AAPL,2026-08-17,11,Put,385.0,AAPL260817P00385000,67.95,71.1,69.525,0.0,0.0,0.0,0.0,0.0,0.5808,-0.9983,0.0003,0.0029,0.0,-0.0328,69.2883,0.0,0.0,0.0,75.0750007629394,no_change,,10.0,15.0
AAPL,2026-08-17,11,Call,390.0,AAPL260817C00390000,0.0,0.89,0.445,0.12,0.0,0.0,0.0,2.0,0.6353,0.0036,0.0004,0.0063,-0.0096,0.0003,0.025,0.0,0.0,0.0,0.0599999986588955,no_change,2026-08-05T14:18:27,0.0,265.0
AAPL,2026-08-17,11,Put,390.0,AAPL260817P00390000,72.8,76.1,74.44999999999999,0.0,0.0,0.0,0.0,0.0,0.5848,-0.9985,0.0003,0.0026,0.0,-0.0332,74.2856,0.0,0.0,0.0,80.2750015258789,no_change,,12.0,15.0
AAPL,2026-08-17,11,Call,395.0,AAPL260817C00395000,0.0,0.96,0.48,0.0,0.0,0.0,0.0,0.0,0.675,0.0032,0.0004,0.0057,-0.009,0.0003,0.023,0.0,0.0,0.0,0.125,no_change,,0.0,14.0
AAPL,2026-08-17,11,Put,395.0,AAPL260817P00395000,77.8,81.1,79.44999999999999,0.0,0.0,0.0,0.0,0.0,0.6148,-0.9987,0.0002,0.0024,0.0,-0.0336,79.2831,0.0,0.0,0.0,85.0250015258789,no_change,,12.0,12.0
AAPL,2026-08-17,11,Call,400.0,AAPL260817C00400000,0.0,0.98,0.49,0.0,0.0,0.0,0.0,0.0,0.7082,0.0029,0.0003,0.0051,-0.0084,0.0003,0.0212,0.0,0.0,0.0,0.479999989271164,no_change,,0.0,169.0
AAPL,2026-08-17,11,Put,400.0,AAPL260817P00400000,82.8,86.1,84.44999999999999,0.0,0.0,0.0,0.0,0.0,0.6442,-0.9989,0.0002,0.0021,0.0,-0.0339,84.2806,0.0,0.0,0.0,90.4000015258789,no_change,,12.0,15.0
AAPL,2026-08-17,11,Call,405.0,AAPL260817C00405000,0.0,0.98,0.49,0.0,0.0,0.0,0.0,0.0,0.7384,0.0026,0.0003,0.0046,-0.0079,0.0002,0.0196,0.0,0.0,0.0,0.485000014305115,no_change,,0.0,29.0
AAPL,2026-08-17,11,Put,405.0,AAPL260817P00405000,87.75,91.1,89.425,0.0,0.0,0.0,0.0,0.0,0.6612,-0.999,0.0002,0.0019,0.0,-0.0342,89.2782,0.0,0.0,0.0,95.2999992370606,no_change,,12.0,12.0
AAPL,2026-08-19,13,Call,205.0,AAPL260819C00205000,109.05,112.8,110.925,0.0,0.0,0.0,0.0,0.0,0.0,0.999,0.0001,0.0019,0.0,0.0255,110.9334,0.0,0.0,0.0,104.824996948242,no_change,,11.0,1.0
AAPL,2026-08-19,13,Put,205.0,AAPL260819P00205000,0.0,1.0,0.5,0.0,0.0,0.0,0.0,0.0,1.1506,-0.0013,0.0001,0.0025,-0.0059,-0.0001,0.0159,0.0,0.0,0.0,0.490000009536743,no_change,,0.0,50.0
AAPL,2026-08-19,13,Call,210.0,AAPL260819C00210000,104.05,107.75,105.9,0.0,0.0,0.0,0.0,0.0,0.0,0.9987,0.0001,0.0026,0.0,0.0317,105.9386,0.0,0.0,0.0,99.8249969482422,no_change,,11.0,2.0
AAPL,2026-08-19,13,Put,210.0,AAPL260819P00210000,0.0,0.98,0.49,0.0,0.0,0.0,0.0,0.0,1.0908,-0.0015,0.0001,0.003,-0.0069,-0.0002,0.0189,0.0,0.0,0.0,0.479999989271164,no_change,,0.0,50.0
AAPL,2026-08-19,13,Call,215.0,AAPL260819C00215000,99.05,102.65,100.85,0.0,0.0,0.0,0.0,0.0,0.0,0.9983,0.0001,0.0033,0.0,0.0398,100.9449,0.0,0.0,0.0,94.7999992370606,no_change,,11.0,1.0
AAPL,2026-08-19,13,Put,215.0,AAPL260819P00215000,0.0,0.97,0.485,0.0,0.0,0.0,0.0,0.0,1.0341,-0.0018,0.0001,0.0036,-0.0079,-0.0002,0.0223,0.0,0.0,0.0,0.469999998807907,no_change,,0.0,50.0
AAPL,2026-08-19,13,Call,220.0,AAPL260819C00220000,94.05,97.7,95.875,0.0,0.0,0.0,0.0,0.0,0.0,0.9979,0.0002,0.0041,0.0,0.0622,95.9527,0.0,0.0,0.0,89.7999992370606,no_change,,11.0,2.0
AAPL,2026-08-19,13,Put,220.0,AAPL260819P00220000,0.0,0.95,0.475,0.0,0.0,0.0,0.0,0.0,0.9769,-0.0022,0.0002,0.0042,-0.009,-0.0002,0.0261,0.0,0.0,0.0,0.455000013113022,no_change,,0.0,50.0
AAPL,2026-08-19,13,Call,225.0,AAPL260819C00225000,89.1,92.85,90.975,0.0,0.0,0.0,0.0,0.0,0.6749,0.9974,0.0002,0.005,0.0,0.0797,90.9631,0.0,0.0,0.0,84.8499984741211,no_change,,9.0,5.0
AAPL,2026-08-19,13,Put,225.0,AAPL260819P00225000,0.0,0.92,0.46,0.0,0.0,0.0,0.0,0.0,0.9193,-0.0027,0.0002,0.005,-0.0102,-0.0003,0.0304,0.0,0.0,0.0,0.439999997615814,no_change,,0.0,50.0
AAPL,2026-08-19,13,Call,230.0,AAPL260819C00230000,84.1,87.3,85.69999999999999,0.0,0.0,0.0,0.0,0.0,0.0,0.9968,0.0002,0.0059,0.0,0.0814,85.9757,0.0,0.0,0.0,79.8499984741211,no_change,,11.0,2.0
AAPL,2026-08-19,13,Put,230.0,AAPL260819P00230000,0.0,0.89,0.445,0.0,0.0,0.0,0.0,0.0,0.863,-0.0032,0.0002,0.0059,-0.0115,-0.0004,0.0352,0.0,0.0,0.0,0.419999986886978,no_change,,0.0,50.0
AAPL,2026-08-19,13,Call,235.0,AAPL260819C00235000,79.1,82.8,80.94999999999999,0.0,0.0,0.0,0.0,0.0,0.4544,0.9962,0.0003,0.0069,0.0,0.0831,80.9887,0.0,0.0,0.0,74.875,no_change,,11.0,6.0
AAPL,2026-08-19,13,Put,235.0,AAPL260819P00235000,0.0,0.86,0.43,0.0,0.0,0.0,0.0,0.0,0.8079,-0.0038,0.0003,0.0069,-0.0129,-0.0004,0.0405,0.0,0.0,0.0,0.389999985694885,no_change,,0.0,55.0
AAPL,2026-08-19,13,Call,240.0,AAPL260819C00240000,74.1,77.55,75.82499999999999,0.0,0.0,0.0,0.0,0.0,0.0,0.9955,0.0004,0.0081,0.0,0.0848,76.0024,0.0,0.0,0.0,69.875,no_change,,11.0,1.0
AAPL,2026-08-19,13,Put,240.0,AAPL260819P00240000,0.0,0.81,0.405,0.0,0.0,0.0,0.0,0.0,0.7508,-0.0045,0.0004,0.0081,-0.0144,-0.0005,0.0464,0.0,0.0,0.0,0.215000003576279,no_change,,0.0,92.0
AAPL,2026-08-19,13,Call,245.0,AAPL260819C00245000,69.15,72.85,71.0,0.0,0.0,0.0,0.0,0.0,0.5105,0.9947,0.0005,0.0094,0.0,0.0865,71.0168,0.0,0.0,0.0,64.875,no_change,,11.0,2.0
AAPL,2026-08-19,13,Put,245.0,AAPL260819P00245000,0.0,0.76,0.38,0.0,0.0,0.0,0.0,0.0,0.695,-0.0053,0.0005,0.0094,-0.016,-0.0006,0.053,0.0,0.0,0.0,0.294999986886978,no_change,,0.0,158.0
AAPL,2026-08-19,13,Call,250.0,AAPL260819C00250000,64.15,66.95,65.55000000000001,0.0,0.0,0.0,0.0,0.0,0.0,0.9937,0.0006,0.011,0.0,0.0882,66.0321,0.0,0.0,0.0,59.7749996185303,no_change,,12.0,10.0
AAPL,2026-08-19,13,Put,250.0,AAPL260819P00250000,0.0,0.08,0.04,0.49,0.0,0.0,0.0,1.0,0.4788,-0.0064,0.0006,0.011,-0.0177,-0.0007,0.0605,0.0,0.0,0.0,0.0399999991059303,down,2026-08-05T10:58:23,0.0,1.0
AAPL,2026-08-19,13,Call,255.0,AAPL260819C00255000,59.15,62.85,61.0,0.0,0.0,0.0,0.0,0.0,0.4127,0.9924,0.0007,0.013,0.0,0.0898,61.0487,0.0,0.0,0.0,54.7749996185303,no_change,,12.0,12.0
AAPL,2026-08-19,13,Put,255.0,AAPL260819P00255000,0.0,0.54,0.27,0.0,0.0,0.0,0.0,0.0,0.568,-0.0076,0.0007,0.013,-0.0197,-0.0008,0.0694,0.0,0.0,0.0,0.174999997019768,no_change,,0.0,26.0
AAPL,2026-08-19,13,Call,260.0,AAPL260819C00260000,54.2,57.8,56.0,0.0,0.0,0.0,0.0,0.0,0.3616,0.9908,0.0009,0.0154,-0.003,0.0914,56.0673,0.0,0.0,0.0,49.8999996185303,no_change,,15.0,13.0
AAPL,2026-08-19,13,Put,260.0,AAPL260819P00260000,0.0,0.4,0.2,0.0,0.0,0.0,0.0,0.0,0.4998,-0.0092,0.0009,0.0154,-0.022,-0.001,0.0802,0.0,0.0,0.0,0.135000005364418,no_change,,0.0,10.0
AAPL,2026-08-19,13,Call,265.0,AAPL260819C00265000,49.2,52.3,50.75,45.03,0.0,0.0,0.0,0.0,0.0,0.9887,0.0012,0.0184,-0.0075,0.0929,51.0893,0.0,0.0,0.0,44.8999996185303,up,2026-08-04T13:55:56,15.0,15.0
AAPL,2026-08-19,13,Put,265.0,AAPL260819P00265000,0.0,0.3,0.15,0.0,0.0,0.0,0.0,0.0,0.4382,-0.0113,0.0012,0.0185,-0.0248,-0.0012,0.0945,0.0,0.0,0.0,0.144999995827675,no_change,,0.0,57.0
AAPL,2026-08-19,13,Call,270.0,AAPL260819C00270000,44.25,47.7,45.975,40.09,0.0,0.0,0.0,0.0,0.0,0.9857,0.0016,0.0227,-0.013,0.0944,46.1172,0.0,0.0,0.0,39.9500007629394,up,2026-08-04T13:55:56,12.0,12.0
AAPL,2026-08-19,13,Put,270.0,AAPL260819P00270000,0.05,0.15,0.1,0.15,0.0,0.0,0.0,3.0,0.3754,-0.0144,0.0016,0.0227,-0.0286,-0.0016,0.1146,0.0,0.0,0.0,0.134999999776483,down,2026-08-05T10:47:55,1.0,133.0
AAPL,2026-08-19,13,Call,275.0,AAPL260819C00275000,39.3,42.5,40.9,0.0,0.0,0.0,0.0,0.0,0.0,0.981,0.0021,0.0288,-0.0202,0.0956,41.1563,0.0,0.0,0.0,35.0249996185303,no_change,,12.0,12.0
AAPL,2026-08-19,13,Put,275.0,AAPL260819P00275000,0.03,0.2,0.115,0.0,0.0,0.0,0.0,0.0,0.3437,-0.019,0.0022,0.0289,-0.0342,-0.0021,0.1461,0.0,0.0,0.0,0.200000006705523,no_change,,16.0,100.0
AAPL,2026-08-19,13,Call,277.5,AAPL260819C00277500,36.8,40.5,38.65,0.0,0.0,0.0,0.0,0.0,0.3324,0.9778,0.0025,0.033,-0.0249,0.0961,38.683,0.0,0.0,0.0,32.5750007629394,no_change,,12.0,15.0
AAPL,2026-08-19,13,Put,277.5,AAPL260819P00277500,0.03,0.31,0.16999999999999998,0.0,0.0,0.0,0.0,0.0,0.344,-0.0223,0.0026,0.033,-0.038,-0.0024,0.1689,0.0,0.0,0.0,0.259999990463257,no_change,,207.0,179.0
AAPL,2026-08-19,13,Call,280.0,AAPL260819C00280000,34.35,37.45,35.900000000000006,34.26,4.335,14.4862,1.0,1.0,0.0,0.9736,0.003,0.0381,-0.0305,0.0966,36.2169,34.26,34.26,34.26,29.9250001907349,up,2026-08-06T09:40:46,12.0,12.0
AAPL,2026-08-19,13,Put,280.0,AAPL260819P00280000,0.07,0.28,0.17500000000000002,0.0,0.0,0.0,0.0,0.0,0.3252,-0.0265,0.0031,0.0381,-0.0428,-0.0029,0.199,0.0,0.0,0.0,0.299999997019768,no_change,,246.0,396.0
AAPL,2026-08-19,13,Call,282.5,AAPL260819C00282500,31.9,35.4,33.65,0.0,0.0,0.0,0.0,0.0,0.2902,0.9681,0.0037,0.0445,-0.0374,0.0968,33.7607,0.0,0.0,0.0,27.6750001907349,no_change,,12.0,12.0
AAPL,2026-08-19,13,Put,282.5,AAPL260819P00282500,0.11,0.39,0.25,0.0,0.0,0.0,0.0,0.0,0.324,-0.032,0.0037,0.0446,-0.0489,-0.0035,0.2391,0.0,0.0,0.0,0.375,no_change,,199.0,260.0
AAPL,2026-08-19,13,Call,285.0,AAPL260819C00285000,29.45,32.65,31.049999999999997,0.0,0.0,0.0,0.0,0.0,0.2169,0.961,0.0045,0.0524,-0.0457,0.0969,31.3184,0.0,0.0,0.0,25.3249998092651,no_change,,12.0,12.0
AAPL,2026-08-19,13,Put,285.0,AAPL260819P00285000,0.17,0.46,0.315,0.55,0.0,0.0,0.0,53.0,0.316,-0.0392,0.0045,0.0525,-0.0564,-0.0043,0.2931,0.0,0.0,0.0,0.510000005364418,down,2026-08-05T15:13:43,185.0,232.0
AAPL,2026-08-19,13,Call,287.5,AAPL260819C00287500,27.05,30.4,28.725,21.38,0.0,0.0,0.0,1.0,0.2693,0.9516,0.0055,0.0622,-0.0559,0.0967,28.8948,0.0,0.0,0.0,23.0749998092651,up,2026-08-05T10:07:51,27.0,27.0
AAPL,2026-08-19,13,Put,287.5,AAPL260819P00287500,0.16,0.55,0.35500000000000004,0.57,0.0,0.0,0.0,2.0,0.3019,-0.0485,0.0055,0.0624,-0.0658,-0.0053,0.3659,0.0,0.0,0.0,0.689999997615814,up,2026-08-05T10:12:00,142.0,170.0
AAPL,2026-08-19,13,Call,290.0,AAPL260819C00290000,24.65,27.75,26.2,18.1,0.0,0.0,0.0,1.0,0.2418,0.9394,0.0067,0.0741,-0.0681,0.0962,26.4968,0.0,0.0,0.0,20.6999998092651,down,2026-08-04T12:31:56,26.0,25.0
AAPL,2026-08-19,13,Put,290.0,AAPL260819P00290000,0.4,0.65,0.525,0.5,-0.405,-44.7514,10.0,21.0,0.3032,-0.0608,0.0068,0.0743,-0.0772,-0.0066,0.4643,0.5,0.5,0.5,0.905000001192093,down,2026-08-06T09:30:52,13.0,765.0
AAPL,2026-08-19,13,Call,292.5,AAPL260819C00292500,22.25,25.45,23.85,0.0,0.0,0.0,0.0,0.0,0.2496,0.9237,0.0082,0.0883,-0.0826,0.0953,24.1327,0.0,0.0,0.0,18.7749996185303,no_change,,28.0,28.0
AAPL,2026-08-19,13,Put,292.5,AAPL260819P00292500,0.51,0.82,0.665,1.35,0.0,0.0,0.0,5.0,0.2969,-0.0766,0.0083,0.0885,-0.0909,-0.0083,0.5969,0.0,0.0,0.0,1.18999999761581,up,2026-08-05T11:29:03,14.0,255.0
AAPL,2026-08-19,13,Call,295.0,AAPL260819C00295000,21.1,23.0,22.05,16.65,0.0,0.0,0.0,1.0,0.3039,0.9037,0.01,0.1048,-0.0994,0.0939,21.8135,0.0,0.0,0.0,15.9250001907349,up,2026-08-04T13:10:01,11.0,39.0
AAPL,2026-08-19,13,Put,295.0,AAPL260819P00295000,0.7,1.02,0.86,1.37,0.0,0.0,0.0,25.0,0.2906,-0.0967,0.0101,0.105,-0.107,-0.0104,0.7746,0.0,0.0,0.0,1.51500004529953,down,2026-08-05T15:54:05,11.0,285.0
AAPL,2026-08-19,13,Call,297.5,AAPL260819C00297500,18.85,20.4,19.625,13.84,0.0,0.0,0.0,2.0,0.2827,0.8785,0.0121,0.1234,-0.1182,0.0919,19.5522,0.0,0.0,0.0,14.0999999046326,no_change,2026-08-05T12:23:42,18.0,10.0
AAPL,2026-08-19,13,Put,297.5,AAPL260819P00297500,0.75,1.28,1.0150000000000001,1.06,-0.85,-44.5026,1.0,12.0,0.2775,-0.1221,0.0121,0.1238,-0.1251,-0.0131,1.0104,1.06,1.06,1.06,1.91000002622604,down,2026-08-06T09:30:01,246.0,166.0
AAPL,2026-08-19,13,Call,300.0,AAPL260819C00300000,16.65,18.65,17.65,12.34,0.0,0.0,0.0,16.0,0.2918,0.8474,0.0143,0.1437,-0.1387,0.0892,17.364,0.0,0.0,0.0,12.5,down,2026-08-05T13:43:50,105.0,118.0
AAPL,2026-08-19,13,Put,300.0,AAPL260819P00300000,1.19,1.57,1.38,1.45,-1.025,-41.4141,17.0,76.0,0.2795,-0.1532,0.0144,0.1442,-0.1449,-0.0165,1.3197,1.5,1.69,1.45,2.47500002384186,no_change,2026-08-06T09:43:34,130.0,337.0
AAPL,2026-08-19,13,Call,302.5,AAPL260819C00302500,14.55,16.1,15.325000000000001,11.99,0.0,0.0,0.0,2.0,0.2719,0.8101,0.0167,0.1649,-0.16,0.0857,15.266,0.0,0.0,0.0,10.6749997138977,up,2026-08-05T11:11:24,46.0,51.0
AAPL,2026-08-19,13,Put,302.5,AAPL260819P00302500,1.63,2.03,1.8299999999999998,3.1,0.0,0.0,0.0,9.0,0.2759,-0.1908,0.0168,0.1652,-0.1655,-0.0204,1.7199,0.0,0.0,0.0,3.29999995231628,down,2026-08-05T15:45:23,10.0,213.0
AAPL,2026-08-19,13,Call,305.0,AAPL260819C00305000,12.3,14.0,13.15,13.25,4.3,48.0447,1.0,95.0,0.2582,0.7662,0.0191,0.1857,-0.181,0.0815,13.2763,13.25,13.25,13.25,8.94999980926514,up,2026-08-06T09:30:35,511.0,88.0
AAPL,2026-08-19,13,Put,305.0,AAPL260819P00305000,1.95,2.55,2.25,2.74,-1.335,-32.7607,6.0,44.0,0.2663,-0.2348,0.0192,0.186,-0.1858,-0.0249,2.2268,2.68,2.74,2.53,4.07499992847443,up,2026-08-06T09:43:07,481.0,756.0
AAPL,2026-08-19,13,Call,307.5,AAPL260819C00307500,10.7,12.1,11.399999999999999,8.62,0.0,0.0,0.0,15.0,0.2622,0.7158,0.0214,0.2049,-0.2003,0.0765,11.4056,0.0,0.0,0.0,7.44999980926514,up,2026-08-05T15:59:38,95.0,117.0
AAPL,2026-08-19,13,Put,307.5,AAPL260819P00307500,2.59,3.2,2.895,3.04,-2.06,-40.3922,1.0,6.0,0.264,-0.2854,0.0215,0.2052,-0.2045,-0.03,2.8627,3.04,3.04,3.04,5.10000014305115,down,2026-08-06T09:30:51,107.0,163.0
AAPL,2026-08-19,13,Call,310.0,AAPL260819C00310000,9.45,10.4,9.925,9.62,3.395,54.5382,85.0,109.0,0.2712,0.6601,0.0233,0.221,-0.2164,0.0708,9.686,9.37,9.7,8.4,6.22499990463257,no_change,2026-08-06T09:46:17,28.0,542.0
AAPL,2026-08-19,13,Put,310.0,AAPL260819P00310000,3.45,4.0,3.725,3.87,-2.38,-38.08,1.0,2.0,0.2651,-0.3418,0.0235,0.2213,-0.2202,-0.0354,3.646,3.87,3.87,3.87,6.25,down,2026-08-06T09:30:51,72.0,196.0
AAPL,2026-08-19,13,Call,312.5,AAPL260819C00312500,7.85,8.8,8.325,8.1,3.0,58.8235,6.0,9.0,0.2675,0.6,0.0247,0.2328,-0.2282,0.0646,8.1233,7.39,8.1,6.95,5.10000014305115,up,2026-08-06T09:46:05,173.0,100.0
AAPL,2026-08-19,13,Put,312.5,AAPL260819P00312500,4.15,4.95,4.550000000000001,4.68,-2.92,-38.4211,4.0,1.0,0.2648,-0.4024,0.0249,0.2329,-0.2315,-0.0409,4.5848,5.38,5.38,4.68,7.59999990463257,down,2026-08-06T09:46:57,3.0,230.0
AAPL,2026-08-19,13,Call,315.0,AAPL260819C00315000,6.5,7.1,6.8,6.8,2.675,64.8485,28.0,175.0,0.2608,0.5371,0.0255,0.2392,-0.2344,0.058,6.727,6.0,6.8,5.75,4.125,up,2026-08-06T09:47:07,246.0,51.0
AAPL,2026-08-19,13,Put,315.0,AAPL260819P00315000,5.55,6.1,5.824999999999999,9.43,0.0,0.0,0.0,5.0,0.2636,-0.4657,0.0258,0.239,-0.2374,-0.0463,5.6868,0.0,0.0,0.0,9.05000019073486,no_change,2026-08-05T11:19:03,1.0,62.0
AAPL,2026-08-19,13,Call,317.5,AAPL260819C00317500,5.3,5.9,5.6,5.6,2.325,70.9924,11.0,5.0,0.2613,0.4734,0.0256,0.2397,-0.2348,0.0512,5.5013,5.39,5.72,4.9,3.27499997615814,up,2026-08-06T09:46:56,122.0,282.0
AAPL,2026-08-19,13,Put,317.5,AAPL260819P00317500,6.8,7.4,7.1,0.0,0.0,0.0,0.0,0.0,0.2628,-0.5302,0.026,0.239,-0.2374,-0.0511,6.965,0.0,0.0,0.0,10.75,no_change,,10.0,68.0
AAPL,2026-08-19,13,Call,320.0,AAPL260819C00320000,4.4,4.8,4.6,4.45,1.875,72.8155,44.0,116.0,0.2635,0.411,0.025,0.2344,-0.2293,0.0445,4.4489,3.8,4.7,3.7,2.57499992847443,up,2026-08-06T09:46:42,7.0,22.0
AAPL,2026-08-19,13,Put,320.0,AAPL260819P00320000,8.25,9.4,8.825,0.0,0.0,0.0,0.0,0.0,0.2746,-0.5938,0.0254,0.2334,-0.2317,-0.0561,8.4147,0.0,0.0,0.0,12.4000000953674,no_change,,10.0,152.0
AAPL,2026-08-19,13,Call,322.5,AAPL260819C00322500,3.5,4.0,3.75,2.93,0.895,43.9803,6.0,7.0,0.2662,0.3512,0.0238,0.2237,-0.2185,0.0381,3.5541,3.44,3.62,2.91,2.0349999666214,up,2026-08-06T09:38:12,21.0,97.0
AAPL,2026-08-19,13,Put,322.5,AAPL260819P00322500,9.5,11.65,10.575,13.45,0.0,0.0,0.0,1.0,0.2819,-0.6547,0.0243,0.2218,-0.2206,-0.0595,10.0296,0.0,0.0,0.0,14.6999998092651,up,2026-08-05T15:58:32,128.0,135.0
AAPL,2026-08-19,13,Call,325.0,AAPL260819C00325000,2.72,3.15,2.935,2.49,0.89,55.625,9.0,56.0,0.2643,0.2955,0.0221,0.2087,-0.2034,0.0321,2.8071,2.79,2.79,2.37,1.59999996423721,up,2026-08-06T09:44:41,213.0,54.0
AAPL,2026-08-19,13,Put,325.0,AAPL260819P00325000,11.0,13.75,12.375,19.9,0.0,0.0,0.0,5.0,0.2859,-0.7113,0.0226,0.2058,-0.2053,-0.061,11.7975,0.0,0.0,0.0,16.7999997138977,up,2026-08-04T11:01:41,93.0,180.0
AAPL,2026-08-19,13,Call,327.5,AAPL260819C00327500,2.07,2.56,2.315,2.34,1.135,94.1909,1.0,0.0,0.2654,0.2455,0.0201,0.1907,-0.1854,0.0267,2.1991,2.34,2.34,2.34,1.2049999833107,up,2026-08-06T09:34:31,124.0,166.0
AAPL,2026-08-19,13,Put,327.5,AAPL260819P00327500,12.8,15.65,14.225000000000001,0.0,0.0,0.0,0.0,0.0,0.2868,-0.7625,0.0206,0.187,-0.1868,-0.0631,13.7036,0.0,0.0,0.0,19.0,no_change,,77.0,116.0
AAPL,2026-08-19,13,Call,330.0,AAPL260819C00330000,1.64,1.97,1.805,1.43,0.475,49.7382,1.0,81.0,0.2665,0.2015,0.0178,0.171,-0.1658,0.0219,1.7097,1.43,1.43,1.43,0.9549999833107,up,2026-08-06T09:40:46,78.0,14.0
AAPL,2026-08-19,13,Put,330.0,AAPL260819P00330000,14.7,17.65,16.174999999999997,0.0,0.0,0.0,0.0,0.0,0.2871,-0.8077,0.0184,0.1653,-0.1664,-0.0632,15.7315,0.0,0.0,0.0,21.25,no_change,,70.0,88.0
AAPL,2026-08-19,13,Call,332.5,AAPL260819C00332500,1.11,1.56,1.335,0.74,0.0,0.0,0.0,2.0,0.2636,0.1638,0.0155,0.1506,-0.1457,0.0178,1.3226,0.0,0.0,0.0,0.730000019073486,up,2026-08-05T13:33:57,248.0,11.0
AAPL,2026-08-19,13,Put,332.5,AAPL260819P00332500,16.8,19.8,18.3,0.0,0.0,0.0,0.0,0.0,0.2922,-0.8467,0.016,0.1427,-0.1452,-0.0604,17.8622,0.0,0.0,0.0,23.0249996185303,no_change,,34.0,50.0
AAPL,2026-08-19,13,Call,335.0,AAPL260819C00335000,0.94,1.23,1.085,1.05,0.52,98.1132,2.0,27.0,0.2704,0.1317,0.0133,0.1306,-0.1261,0.0143,1.0163,0.88,1.05,0.88,0.530000001192093,up,2026-08-06T09:46:09,259.0,67.0
AAPL,2026-08-19,13,Put,335.0,AAPL260819P00335000,19.45,22.0,20.725,0.0,0.0,0.0,0.0,0.0,0.3134,-0.8795,0.0137,0.1213,-0.1241,-0.0584,20.0778,0.0,0.0,0.0,25.625,no_change,,17.0,74.0
AAPL,2026-08-19,13,Call,337.5,AAPL260819C00337500,0.71,0.98,0.845,0.47,0.05,11.9048,4.0,19.0,0.2736,0.1053,0.0112,0.1119,-0.1078,0.0114,0.7797,0.76,0.82,0.47,0.420000001788139,down,2026-08-06T09:41:21,414.0,110.0
AAPL,2026-08-19,13,Put,337.5,AAPL260819P00337500,21.3,24.25,22.775,0.0,0.0,0.0,0.0,0.0,0.3048,-0.9065,0.0115,0.102,-0.1038,-0.0534,22.3629,0.0,0.0,0.0,27.875,no_change,,22.0,15.0
AAPL,2026-08-19,13,Call,340.0,AAPL260819C00340000,0.53,0.67,0.6000000000000001,0.56,0.24,75.0,4.0,132.0,0.2709,0.0838,0.0094,0.095,-0.0912,0.0091,0.5976,0.65,0.66,0.49,0.320000000298023,up,2026-08-06T09:44:28,197.0,1.0
AAPL,2026-08-19,13,Put,340.0,AAPL260819P00340000,23.75,26.6,25.175,0.0,0.0,0.0,0.0,0.0,0.3192,-0.9283,0.0095,0.0833,-0.0848,-0.0533,24.7035,0.0,0.0,0.0,30.375,no_change,,10.0,22.0
AAPL,2026-08-19,13,Call,342.5,AAPL260819C00342500,0.33,0.59,0.45999999999999996,0.45,0.0,0.0,0.0,1.0,0.274,0.0664,0.0078,0.0798,-0.0766,0.0072,0.4584,0.0,0.0,0.0,0.230000007897615,up,2026-08-05T11:22:36,183.0,156.0
AAPL,2026-08-19,13,Put,342.5,AAPL260819P00342500,25.9,28.95,27.424999999999997,0.0,0.0,0.0,0.0,0.0,0.3168,-0.9456,0.0077,0.0667,-0.0675,-0.0474,27.0864,0.0,0.0,0.0,32.8249998092651,no_change,,26.0,26.0
AAPL,2026-08-19,13,Call,345.0,AAPL260819C00345000,0.18,0.49,0.33499999999999996,0.0,0.0,0.0,0.0,0.0,0.2746,0.0526,0.0064,0.0667,-0.064,0.0057,0.3526,0.0,0.0,0.0,0.175000000745058,no_change,,10.0,58.0
AAPL,2026-08-19,13,Put,345.0,AAPL260819P00345000,28.4,31.35,29.875,0.0,0.0,0.0,0.0,0.0,0.3318,-0.9591,0.0062,0.054,-0.0522,-0.0435,29.501,0.0,0.0,0.0,35.6000003814697,no_change,,6.0,22.0
AAPL,2026-08-19,13,Call,350.0,AAPL260819C00350000,0.07,0.3,0.185,0.2,0.0,0.0,0.0,12.0,0.2791,0.0332,0.0043,0.0463,-0.0445,0.0036,0.2123,0.0,0.0,0.0,0.0699999975040555,up,2026-08-05T15:57:45,160.0,44.0
AAPL,2026-08-19,13,Put,350.0,AAPL260819P00350000,32.9,36.25,34.575,0.0,0.0,0.0,0.0,0.0,0.3274,-0.9772,0.0039,0.0327,-0.0278,-0.0392,34.3972,0.0,0.0,0.0,40.25,no_change,,12.0,12.0
AAPL,2026-08-19,13,Call,355.0,AAPL260819C00355000,0.0,0.24,0.12,0.12,0.0,0.0,0.0,1.0,0.2909,0.0214,0.0029,0.0323,-0.0314,0.0023,0.133,0.0,0.0,0.0,0.159999996423721,down,2026-08-05T13:39:54,0.0,108.0
AAPL,2026-08-19,13,Put,355.0,AAPL260819P00355000,37.9,41.2,39.55,0.0,0.0,0.0,0.0,0.0,0.358,-0.9872,0.0024,0.0199,-0.0111,-0.0357,39.3452,0.0,0.0,0.0,45.5,no_change,,12.0,12.0
AAPL,2026-08-19,13,Call,360.0,AAPL260819C00360000,0.0,0.29,0.145,0.58,0.0,0.0,0.0,13.0,0.3292,0.0145,0.002,0.0232,-0.0229,0.0015,0.0886,0.0,0.0,0.0,0.189999997615814,up,2026-08-05T15:51:19,0.0,304.0
AAPL,2026-08-19,13,Put,360.0,AAPL260819P00360000,42.75,46.15,44.45,0.0,0.0,0.0,0.0,0.0,0.3669,-0.9926,0.0015,0.0129,-0.0004,-0.0333,44.3192,0.0,0.0,0.0,50.5,no_change,,12.0,12.0
AAPL,2026-08-19,13,Call,365.0,AAPL260819C00365000,0.0,0.58,0.29,0.0,0.0,0.0,0.0,0.0,0.3994,0.0104,0.0014,0.0175,-0.0177,0.0011,0.0637,0.0,0.0,0.0,0.375,no_change,,0.0,46.0
AAPL,2026-08-19,13,Put,365.0,AAPL260819P00365000,47.95,51.15,49.55,0.0,0.0,0.0,0.0,0.0,0.4252,-0.9953,0.0009,0.0083,0.0,-0.0335,49.3061,0.0,0.0,0.0,55.4750003814697,no_change,,12.0,12.0
AAPL,2026-08-19,13,Call,370.0,AAPL260819C00370000,0.0,0.75,0.375,0.0,0.0,0.0,0.0,0.0,0.4493,0.008,0.0011,0.0138,-0.0145,0.0008,0.0495,0.0,0.0,0.0,0.419999986886978,no_change,,0.0,88.0
AAPL,2026-08-19,13,Put,370.0,AAPL260819P00370000,52.85,56.15,54.5,0.0,0.0,0.0,0.0,0.0,0.4444,-0.9968,0.0006,0.0059,0.0,-0.0324,54.2985,0.0,0.0,0.0,60.375,no_change,,12.0,12.0
AAPL,2026-08-19,13,Call,375.0,AAPL260819C00375000,0.0,0.85,0.425,0.0,0.0,0.0,0.0,0.0,0.4908,0.0064,0.0008,0.0115,-0.0126,0.0007,0.0411,0.0,0.0,0.0,0.449999988079071,no_change,,0.0,89.0
AAPL,2026-08-19,13,Put,375.0,AAPL260819P00375000,57.55,61.15,59.349999999999994,0.0,0.0,0.0,0.0,0.0,0.4157,-0.9976,0.0005,0.0043,0.0,-0.0326,59.2938,0.0,0.0,0.0,65.1500015258789,no_change,,12.0,12.0
AAPL,2026-08-19,13,Call,380.0,AAPL260819C00380000,0.0,0.91,0.455,0.0,0.0,0.0,0.0,0.0,0.5277,0.0054,0.0007,0.0098,-0.0113,0.0006,0.0358,0.0,0.0,0.0,0.465000003576279,no_change,,0.0,126.0
AAPL,2026-08-19,13,Put,380.0,AAPL260819P00380000,62.95,66.1,64.525,0.0,0.0,0.0,0.0,0.0,0.5128,-0.9981,0.0004,0.0037,0.0,-0.0331,64.2902,0.0,0.0,0.0,70.125,no_change,,12.0,15.0
AAPL,2026-08-19,13,Call,385.0,AAPL260819C00385000,0.0,0.94,0.47,0.0,0.0,0.0,0.0,0.0,0.5609,0.0047,0.0006,0.0086,-0.0104,0.0005,0.0321,0.0,0.0,0.0,0.474999994039536,no_change,,0.0,121.0
AAPL,2026-08-19,13,Put,385.0,AAPL260819P00385000,67.65,71.1,69.375,0.0,0.0,0.0,0.0,0.0,0.4859,-0.9984,0.0003,0.0033,0.0,-0.0327,69.2871,0.0,0.0,0.0,75.2750015258789,no_change,,12.0,12.0
AAPL,2026-08-19,13,Call,390.0,AAPL260819C00390000,0.0,0.95,0.475,0.0,0.0,0.0,0.0,0.0,0.5915,0.0042,0.0005,0.0077,-0.0096,0.0004,0.0292,0.0,0.0,0.0,0.474999994039536,no_change,,0.0,118.0
AAPL,2026-08-19,13,Put,390.0,AAPL260819P00390000,72.45,76.1,74.275,0.0,0.0,0.0,0.0,0.0,0.0,-0.9986,0.0002,0.0026,0.0,-0.033,74.2846,0.0,0.0,0.0,80.25,no_change,,12.0,12.0
AAPL,2026-08-19,13,Call,395.0,AAPL260819C00395000,0.0,0.96,0.48,0.0,0.0,0.0,0.0,0.0,0.6216,0.0037,0.0004,0.0069,-0.009,0.0004,0.0268,0.0,0.0,0.0,0.479999989271164,no_change,,0.0,140.0
AAPL,2026-08-19,13,Put,395.0,AAPL260819P00395000,78.35,81.1,79.725,0.0,0.0,0.0,0.0,0.0,0.6511,-0.9988,0.0002,0.0021,0.0,-0.0334,79.2822,0.0,0.0,0.0,85.0,no_change,,10.0,12.0
AAPL,2026-08-19,13,Call,400.0,AAPL260819C00400000,0.0,0.96,0.48,0.0,0.0,0.0,0.0,0.0,0.6499,0.0033,0.0004,0.0062,-0.0084,0.0004,0.0247,0.0,0.0,0.0,0.479999989271164,no_change,,0.0,107.0
AAPL,2026-08-19,13,Put,400.0,AAPL260819P00400000,83.1,86.1,84.6,0.0,0.0,0.0,0.0,0.0,0.6506,-0.999,0.0002,0.0018,0.0,-0.0337,84.2798,0.0,0.0,0.0,90.375,no_change,,10.0,17.0
AAPL,2026-08-19,13,Call,405.0,AAPL260819C00405000,0.0,0.82,0.41,0.0,0.0,0.0,0.0,0.0,0.6606,0.003,0.0003,0.0057,-0.0079,0.0003,0.0228,0.0,0.0,0.0,0.485000014305115,no_change,,0.0,98.0
AAPL,2026-08-19,13,Put,405.0,AAPL260819P00405000,87.8,91.1,89.44999999999999,0.0,0.0,0.0,0.0,0.0,0.6294,-0.9991,0.0001,0.0016,0.0,-0.0342,89.2775,0.0,0.0,0.0,95.4249992370606,no_change,,12.0,12.0
AAPL,2026-08-19,13,Call,410.0,AAPL260819C00410000,0.0,0.86,0.43,0.0,0.0,0.0,0.0,0.0,0.6647,0.0027,0.0003,0.0052,-0.0074,0.0003,0.021,0.0,0.0,0.0,0.490000009536743,no_change,,0.0,96.0
AAPL,2026-08-19,13,Put,410.0,AAPL260819P00410000,92.85,96.1,94.475,0.0,0.0,0.0,0.0,0.0,0.6656,-0.9992,0.0001,0.0015,0.0,-0.0346,94.2753,0.0,0.0,0.0,100.575000762939,no_change,,12.0,12.0
AAPL,2026-08-21,15,Call,110.0,AAPL260821C00110000,204.0,206.45,205.225,199.31,0.0,0.0,0.0,234.0,0.0,1.0,0.0,0.0,0.0,0.009,205.8895,0.0,0.0,0.0,199.650001525879,no_change,2026-08-04T14:39:09,177.0,28.0
AAPL,2026-08-21,15,Put,110.0,AAPL260821P00110000,0.0,0.08,0.04,0.04,0.0,0.0,0.0,955.0,1.805,0.0,0.0,0.0,0.0,0.0,0.0001,0.0,0.0,0.0,0.0149999996647239,no_change,2026-07-31T10:27:08,0.0,1.0
AAPL,2026-08-21,15,Call,115.0,AAPL260821C00115000,199.0,202.0,200.5,187.13,0.0,0.0,0.0,116.0,0.0,1.0,0.0,0.0,0.0,0.0094,200.8913,0.0,0.0,0.0,194.575004577637,up,2026-07-31T11:36:55,145.0,163.0
AAPL,2026-08-21,15,Put,115.0,AAPL260821P00115000,0.0,0.02,0.01,0.01,0.0,0.0,0.0,64.0,1.5431,0.0,0.0,0.0,0.0,0.0,0.0001,0.0,0.0,0.0,0.00499999988824129,no_change,2026-07-20T10:36:06,0.0,10.0
AAPL,2026-08-21,15,Call,120.0,AAPL260821C00120000,194.0,196.5,195.25,181.92,0.0,0.0,0.0,5.0,0.0,1.0,0.0,0.0,0.0,0.0098,195.8931,0.0,0.0,0.0,189.5,down,2026-07-31T11:44:00,189.0,95.0
AAPL,2026-08-21,15,Put,120.0,AAPL260821P00120000,0.0,0.01,0.005,0.01,0.0,0.0,0.0,1169.0,1.4077,0.0,0.0,0.0,-0.0001,0.0,0.0002,0.0,0.0,0.0,0.00499999988824129,no_change,2026-07-31T12:44:19,0.0,4.0
AAPL,2026-08-21,15,Call,125.0,AAPL260821C00125000,189.0,192.0,190.5,180.38,0.0,0.0,0.0,86.0,0.0,1.0,0.0,0.0,0.0,0.0103,190.8949,0.0,0.0,0.0,184.550003051758,up,2026-07-31T15:27:35,195.0,187.0
AAPL,2026-08-21,15,Put,125.0,AAPL260821P00125000,0.0,0.06,0.03,0.01,0.0,0.0,0.0,238.0,1.5545,0.0,0.0,0.0,-0.0001,0.0,0.0002,0.0,0.0,0.0,0.0299999993294477,no_change,2026-07-27T13:21:18,0.0,1.0
AAPL,2026-08-21,15,Call,130.0,AAPL260821C00130000,184.05,187.2,185.625,181.0,0.0,0.0,0.0,66.0,0.0,1.0,0.0,0.0,0.0,0.0107,185.8967,0.0,0.0,0.0,179.575004577637,up,2026-08-05T11:00:36,188.0,165.0
AAPL,2026-08-21,15,Put,130.0,AAPL260821P00130000,0.0,0.6,0.3,0.05,0.0,0.0,0.0,145.0,1.9101,0.0,0.0,0.0001,-0.0002,0.0,0.0004,0.0,0.0,0.0,0.25,down,2026-08-05T10:59:17,0.0,213.0
AAPL,2026-08-21,15,Call,135.0,AAPL260821C00135000,179.05,181.55,180.3,170.39,0.0,0.0,0.0,18.0,0.0,1.0,0.0,0.0,0.0,0.0111,180.8985,0.0,0.0,0.0,174.575004577637,down,2026-07-31T15:18:47,122.0,81.0
AAPL,2026-08-21,15,Put,135.0,AAPL260821P00135000,0.0,0.08,0.04,0.03,0.0,0.0,0.0,136.0,1.4694,0.0,0.0,0.0001,-0.0003,0.0,0.0005,0.0,0.0,0.0,0.0399999991059303,up,2026-08-05T09:56:45,0.0,1.0
AAPL,2026-08-21,15,Call,140.0,AAPL260821C00140000,174.0,177.15,175.575,168.78,0.0,0.0,0.0,239.0,0.0,1.0,0.0,0.0,0.0,0.0116,175.9004,0.0,0.0,0.0,169.5,up,2026-08-05T12:44:31,287.0,271.0
AAPL,2026-08-21,15,Put,140.0,AAPL260821P00140000,0.0,0.1,0.05,0.02,0.0,0.0,0.0,268.0,1.44,0.0,0.0,0.0001,-0.0004,0.0,0.0008,0.0,0.0,0.0,0.0500000007450581,no_change,2026-07-21T10:04:19,0.0,2.0
AAPL,2026-08-21,15,Call,145.0,AAPL260821C00145000,169.05,171.8,170.425,163.79,0.0,0.0,0.0,39.0,0.0,1.0,0.0,0.0,0.0,0.0122,170.9022,0.0,0.0,0.0,164.575004577637,down,2026-08-05T12:44:31,193.0,139.0
AAPL,2026-08-21,15,Put,145.0,AAPL260821P00145000,0.0,0.08,0.04,0.01,0.0,0.0,0.0,514.0,1.3523,-0.0001,0.0,0.0002,-0.0005,0.0,0.0011,0.0,0.0,0.0,0.0399999991059303,no_change,2026-07-27T10:59:59,0.0,1.0
AAPL,2026-08-21,15,Call,150.0,AAPL260821C00150000,164.05,166.55,165.3,163.15,0.0,0.0,0.0,333.0,0.0,1.0,0.0,0.0001,0.0,0.0134,165.9042,0.0,0.0,0.0,159.625,no_change,2026-07-07T14:34:49,167.0,99.0
AAPL,2026-08-21,15,Put,150.0,AAPL260821P00150000,0.0,0.02,0.01,0.01,0.0,0.0,0.0,1243.0,1.1523,-0.0001,0.0,0.0003,-0.0007,0.0,0.0015,0.0,0.0,0.0,0.00999999977648258,down,2026-08-04T13:41:28,0.0,1.0
AAPL,2026-08-21,15,Call,155.0,AAPL260821C00155000,159.05,161.8,160.425,154.13,0.0,0.0,0.0,187.0,0.0,0.9999,0.0,0.0002,0.0,0.0175,160.9065,0.0,0.0,0.0,154.625,up,2026-08-03T09:31:04,370.0,321.0
AAPL,2026-08-21,15,Put,155.0,AAPL260821P00155000,0.0,0.05,0.025,0.01,0.0,0.0,0.0,552.0,1.1909,-0.0001,0.0,0.0004,-0.0009,0.0,0.0021,0.0,0.0,0.0,0.025000000372529,no_change,2026-07-24T10:23:09,0.0,10.0
AAPL,2026-08-21,15,Call,160.0,AAPL260821C00160000,154.05,157.4,155.72500000000002,155.1,5.525,3.6938,1.0,569.0,0.0,0.9998,0.0,0.0004,0.0,0.0735,155.91,155.1,155.1,155.1,149.574996948242,up,2026-08-06T09:30:01,284.0,267.0
AAPL,2026-08-21,15,Put,160.0,AAPL260821P00160000,0.0,0.05,0.025,0.03,0.0,0.0,0.0,871.0,1.1408,-0.0002,0.0,0.0005,-0.0012,0.0,0.0028,0.0,0.0,0.0,0.025000000372529,no_change,2026-07-27T09:53:41,0.0,4.0
AAPL,2026-08-21,15,Call,165.0,AAPL260821C00165000,149.05,151.6,150.325,142.52,0.0,0.0,0.0,47.0,0.0,0.9998,0.0,0.0006,0.0,0.0766,150.9209,0.0,0.0,0.0,144.625,down,2026-08-04T12:49:05,125.0,105.0
AAPL,2026-08-21,15,Put,165.0,AAPL260821P00165000,0.0,0.01,0.005,0.04,0.0,0.0,0.0,1090.0,0.9607,-0.0002,0.0,0.0006,-0.0015,0.0,0.0036,0.0,0.0,0.0,0.0399999991059303,down,2026-08-04T11:09:28,0.0,1.0
AAPL,2026-08-21,15,Call,170.0,AAPL260821C00170000,144.1,146.75,145.425,137.54,0.0,0.0,0.0,112.0,0.0,0.9997,0.0,0.0008,0.0,0.079,145.9321,0.0,0.0,0.0,139.674995422363,down,2026-08-04T12:49:05,178.0,138.0
AAPL,2026-08-21,15,Put,170.0,AAPL260821P00170000,0.0,0.79,0.395,0.01,0.0,0.0,0.0,957.0,1.4263,-0.0003,0.0,0.0008,-0.0018,0.0,0.0047,0.0,0.0,0.0,0.119999997317791,down,2026-07-30T15:19:00,0.0,269.0
AAPL,2026-08-21,15,Call,175.0,AAPL260821C00175000,139.1,141.55,140.325,133.82,0.0,0.0,0.0,91.0,0.0,0.9996,0.0,0.001,0.0,0.0813,140.9436,0.0,0.0,0.0,134.525001525879,down,2026-08-05T12:44:50,165.0,80.0
AAPL,2026-08-21,15,Put,175.0,AAPL260821P00175000,0.0,0.02,0.01,0.01,0.0,0.0,0.0,915.0,0.925,-0.0004,0.0,0.001,-0.0023,-0.0001,0.006,0.0,0.0,0.0,0.00999999977648258,down,2026-07-31T10:03:04,0.0,2.0
AAPL,2026-08-21,15,Call,180.0,AAPL260821C00180000,134.1,136.5,135.3,128.85,0.0,0.0,0.0,62.0,0.0,0.9995,0.0,0.0012,0.0,0.0836,135.9553,0.0,0.0,0.0,129.674995422363,down,2026-08-05T12:44:50,180.0,7.0
AAPL,2026-08-21,15,Put,180.0,AAPL260821P00180000,0.0,0.04,0.02,0.01,0.0,0.0,0.0,16425.0,0.9357,-0.0005,0.0,0.0012,-0.0028,-0.0001,0.0076,0.0,0.0,0.0,0.0199999995529652,no_change,2026-08-04T13:27:09,0.0,1.0
AAPL,2026-08-21,15,Call,185.0,AAPL260821C00185000,129.1,131.55,130.325,153.16,0.0,0.0,0.0,104.0,0.0,0.9993,0.0,0.0015,0.0,0.0859,130.9673,0.0,0.0,0.0,124.674999237061,up,2026-07-27T10:23:06,162.0,111.0
AAPL,2026-08-21,15,Put,185.0,AAPL260821P00185000,0.0,0.02,0.01,0.01,0.0,0.0,0.0,2153.0,0.8427,-0.0007,0.0,0.0015,-0.0034,-0.0001,0.0094,0.0,0.0,0.0,0.00999999977648258,down,2026-08-05T11:11:11,0.0,8.0
AAPL,2026-08-21,15,Call,190.0,AAPL260821C00190000,124.1,127.0,125.55,116.55,0.0,0.0,0.0,76.0,0.0,0.9992,0.0,0.0018,0.0,0.0882,125.9796,0.0,0.0,0.0,119.625,up,2026-08-03T13:38:08,203.0,139.0
AAPL,2026-08-21,15,Put,190.0,AAPL260821P00190000,0.0,0.06,0.03,0.04,0.0,0.0,0.0,777.0,0.8832,-0.0008,0.0,0.0019,-0.0041,-0.0001,0.0116,0.0,0.0,0.0,0.0299999993294477,up,2026-08-03T14:42:29,0.0,10.0
AAPL,2026-08-21,15,Call,195.0,AAPL260821C00195000,119.15,121.8,120.475,113.95,0.0,0.0,0.0,313.0,0.0,0.999,0.0001,0.0022,0.0,0.0905,120.9923,0.0,0.0,0.0,114.700000762939,up,2026-08-05T14:43:47,284.0,204.0
AAPL,2026-08-21,15,Put,195.0,AAPL260821P00195000,0.0,0.69,0.345,0.1,0.0,0.0,0.0,1976.0,1.1178,-0.001,0.0001,0.0022,-0.0048,-0.0001,0.0141,0.0,0.0,0.0,0.215000003576279,up,2026-08-03T15:39:31,0.0,594.0
AAPL,2026-08-21,15,Call,200.0,AAPL260821C00200000,114.15,116.5,115.325,108.17,0.0,0.0,0.0,311.0,0.0,0.9987,0.0001,0.0027,0.0,0.0928,116.0053,0.0,0.0,0.0,109.849998474121,up,2026-08-05T09:56:36,318.0,11.0
AAPL,2026-08-21,15,Put,200.0,AAPL260821P00200000,0.01,0.06,0.034999999999999996,0.04,0.02,100.0,25.0,7975.0,0.8121,-0.0013,0.0001,0.0027,-0.0057,-0.0002,0.017,0.04,0.04,0.04,0.0199999995529652,up,2026-08-06T09:30:01,1.0,30.0
AAPL,2026-08-21,15,Call,205.0,AAPL260821C00205000,109.15,111.6,110.375,101.56,0.0,0.0,0.0,184.0,0.0,0.9985,0.0001,0.0033,0.0,0.095,111.0187,0.0,0.0,0.0,104.875,down,2026-08-04T10:30:54,294.0,182.0
AAPL,2026-08-21,15,Put,205.0,AAPL260821P00205000,0.0,0.29,0.145,0.03,0.0,0.0,0.0,807.0,0.9024,-0.0015,0.0001,0.0033,-0.0066,-0.0002,0.0203,0.0,0.0,0.0,0.0249999994412065,down,2026-08-05T11:30:30,0.0,589.0
AAPL,2026-08-21,15,Call,210.0,AAPL260821C00210000,104.15,106.6,105.375,97.43,0.0,0.0,0.0,508.0,0.0,0.9982,0.0001,0.0039,0.0,0.0973,106.0326,0.0,0.0,0.0,99.7000007629394,up,2026-08-05T10:41:48,409.0,173.0
AAPL,2026-08-21,15,Put,210.0,AAPL260821P00210000,0.02,0.07,0.045000000000000005,0.03,0.0,0.0,0.0,4248.0,0.7504,-0.0019,0.0001,0.0039,-0.0076,-0.0003,0.024,0.0,0.0,0.0,0.0249999994412065,no_change,2026-08-05T10:59:23,98.0,415.0
AAPL,2026-08-21,15,Call,215.0,AAPL260821C00215000,99.2,101.85,100.525,94.65,0.0,0.0,0.0,329.0,0.0,0.9978,0.0002,0.0046,0.0,0.0996,101.0469,0.0,0.0,0.0,94.8500022888184,up,2026-08-04T14:34:31,157.0,119.0
AAPL,2026-08-21,15,Put,215.0,AAPL260821P00215000,0.0,0.06,0.03,0.03,0.0,0.0,0.0,2401.0,0.6825,-0.0022,0.0002,0.0046,-0.0087,-0.0003,0.0282,0.0,0.0,0.0,0.0449999999254942,down,2026-08-05T11:50:13,0.0,5.0
AAPL,2026-08-21,15,Call,220.0,AAPL260821C00220000,94.35,97.3,95.82499999999999,86.0,0.0,0.0,0.0,301.0,0.8859,0.9973,0.0002,0.0054,0.0,0.1018,96.0617,0.0,0.0,0.0,90.1999969482422,no_change,2026-08-03T13:55:40,143.0,173.0
AAPL,2026-08-21,15,Put,220.0,AAPL260821P00220000,0.01,0.08,0.045,0.04,0.0,0.0,0.0,4536.0,0.6717,-0.0027,0.0002,0.0054,-0.0098,-0.0004,0.0328,0.0,0.0,0.0,0.0299999993294477,no_change,2026-08-05T11:21:26,4.0,379.0
AAPL,2026-08-21,15,Call,225.0,AAPL260821C00225000,89.2,92.2,90.7,84.45,0.0,0.0,0.0,602.0,0.0,0.9968,0.0002,0.0063,0.0,0.1041,91.077,0.0,0.0,0.0,84.8250007629394,up,2026-08-05T11:33:38,506.0,422.0
AAPL,2026-08-21,15,Put,225.0,AAPL260821P00225000,0.02,0.05,0.035,0.03,0.0,0.0,0.0,3140.0,0.6174,-0.0032,0.0002,0.0063,-0.0111,-0.0004,0.0379,0.0,0.0,0.0,0.0350000001490116,down,2026-08-05T14:30:22,20.0,154.0
AAPL,2026-08-21,15,Call,230.0,AAPL260821C00230000,84.2,86.6,85.4,84.36,4.535,5.68118,1.0,966.0,0.0,0.9962,0.0003,0.0074,0.0,0.1063,86.0928,84.36,84.36,84.36,79.8249969482422,up,2026-08-06T09:37:44,349.0,20.0
AAPL,2026-08-21,15,Put,230.0,AAPL260821P00230000,0.03,0.05,0.04,0.04,0.0,-9.31323e-08,1.0,6874.0,0.5888,-0.0038,0.0003,0.0074,-0.0124,-0.0005,0.0436,0.04,0.04,0.04,0.0400000000372529,up,2026-08-06T09:46:42,60.0,388.0
AAPL,2026-08-21,15,Call,235.0,AAPL260821C00235000,79.25,81.6,80.425,73.2,0.0,0.0,0.0,375.0,0.0,0.9956,0.0004,0.0086,0.0,0.1085,81.1092,0.0,0.0,0.0,74.8999977111816,down,2026-08-05T10:06:09,354.0,14.0
AAPL,2026-08-21,15,Put,235.0,AAPL260821P00235000,0.02,0.17,0.095,0.05,0.0,0.0,0.0,6507.0,0.6094,-0.0045,0.0004,0.0086,-0.0138,-0.0006,0.0499,0.0,0.0,0.0,0.0499999988824129,down,2026-08-05T15:55:58,117.0,557.0
AAPL,2026-08-21,15,Call,240.0,AAPL260821C00240000,74.25,76.55,75.4,68.63,0.0,0.0,0.0,1216.0,0.0,0.9947,0.0004,0.01,0.0,0.1107,76.1264,0.0,0.0,0.0,69.5250015258789,up,2026-08-05T14:41:28,269.0,13.0
AAPL,2026-08-21,15,Put,240.0,AAPL260821P00240000,0.03,0.24,0.135,0.16,0.1,166.667,2.0,7875.0,0.5965,-0.0053,0.0004,0.01,-0.0153,-0.0007,0.0569,0.16,0.16,0.16,0.0600000005215406,up,2026-08-06T09:30:00,107.0,512.0
AAPL,2026-08-21,15,Call,245.0,AAPL260821C00245000,69.25,71.6,70.425,64.76,0.0,0.0,0.0,1060.0,0.0,0.9938,0.0005,0.0116,0.0,0.1129,71.1444,0.0,0.0,0.0,64.5500011444092,up,2026-08-05T15:45:54,295.0,14.0
AAPL,2026-08-21,15,Put,245.0,AAPL260821P00245000,0.01,0.13,0.07,0.18,0.095,111.765,2.0,4944.0,0.5129,-0.0062,0.0005,0.0116,-0.0169,-0.0009,0.0648,0.18,0.18,0.18,0.0849999990314245,up,2026-08-06T09:30:00,359.0,419.0
AAPL,2026-08-21,15,Call,250.0,AAPL260821C00250000,64.3,66.55,65.425,64.66,4.535,7.54262,1.0,2203.0,0.0,0.9926,0.0007,0.0136,0.0,0.1151,66.1635,64.66,64.66,64.66,60.125,up,2026-08-06T09:30:00,185.0,55.0
AAPL,2026-08-21,15,Put,250.0,AAPL260821P00250000,0.06,0.08,0.07,0.07,-0.02,-22.2222,3.0,6254.0,0.4759,-0.0074,0.0007,0.0136,-0.0187,-0.001,0.0739,0.07,0.07,0.07,0.0899999998509884,no_change,2026-08-06T09:42:26,14.0,309.0
AAPL,2026-08-21,15,Call,255.0,AAPL260821C00255000,59.3,61.6,60.45,54.65,0.0,0.0,0.0,1075.0,0.0,0.9912,0.0008,0.0159,0.0,0.1172,61.1844,0.0,0.0,0.0,54.625,up,2026-08-05T13:09:52,284.0,10.0
AAPL,2026-08-21,15,Put,255.0,AAPL260821P00255000,0.05,0.1,0.07500000000000001,0.09,0.0,0.0,0.0,5172.0,0.4435,-0.0089,0.0008,0.016,-0.0207,-0.0012,0.0848,0.0,0.0,0.0,0.100000001490116,down,2026-08-05T15:07:42,179.0,404.0
AAPL,2026-08-21,15,Call,260.0,AAPL260821C00260000,54.6,56.65,55.625,48.95,0.0,0.0,0.0,4046.0,0.0,0.9893,0.001,0.0188,-0.0023,0.1192,56.2082,0.0,0.0,0.0,49.875,down,2026-08-05T11:47:33,420.0,90.0
AAPL,2026-08-21,15,Put,260.0,AAPL260821P00260000,0.06,0.12,0.09,0.1,-0.025,-20.0,1.0,8026.0,0.4177,-0.0107,0.001,0.0189,-0.0231,-0.0015,0.0982,0.1,0.1,0.1,0.125,down,2026-08-06T09:30:00,307.0,641.0
AAPL,2026-08-21,15,Call,265.0,AAPL260821C00265000,49.2,52.05,50.625,44.97,0.0,0.0,0.0,2480.0,0.0,0.9867,0.0013,0.0227,-0.0072,0.1212,51.2368,0.0,0.0,0.0,44.6999988555908,down,2026-08-05T13:53:05,523.0,435.0
AAPL,2026-08-21,15,Put,265.0,AAPL260821P00265000,0.1,0.12,0.11,0.08,-0.085,-51.5152,4.0,5758.0,0.3919,-0.0133,0.0013,0.0228,-0.0262,-0.0018,0.1169,0.13,0.13,0.08,0.165000006556511,down,2026-08-06T09:47:13,41.0,68.0
AAPL,2026-08-21,15,Call,270.0,AAPL260821C00270000,45.15,46.75,45.95,41.65,0.0,0.0,0.0,4594.0,0.0,0.983,0.0018,0.0282,-0.0134,0.123,46.2745,0.0,0.0,0.0,40.125,up,2026-08-05T15:51:45,236.0,89.0
AAPL,2026-08-21,15,Put,270.0,AAPL260821P00270000,0.13,0.15,0.14,0.14,-0.065,-31.7073,8.0,10589.0,0.3678,-0.0171,0.0018,0.0283,-0.0306,-0.0024,0.1445,0.1,0.18,0.1,0.204999998211861,down,2026-08-06T09:45:04,28.0,112.0
AAPL,2026-08-21,15,Call,275.0,AAPL260821C00275000,40.2,41.8,41.0,35.0,0.0,0.0,0.0,6617.0,0.0,0.9772,0.0024,0.0361,-0.0218,0.1244,41.3288,0.0,0.0,0.0,35.2999992370606,up,2026-08-05T15:23:35,177.0,12.0
AAPL,2026-08-21,15,Put,275.0,AAPL260821P00275000,0.17,0.2,0.185,0.19,-0.105,-35.5932,68.0,18204.0,0.3451,-0.0229,0.0024,0.0362,-0.0372,-0.0031,0.189,0.22,0.23,0.17,0.295000001788139,no_change,2026-08-06T09:46:31,168.0,313.0
AAPL,2026-08-21,15,Call,280.0,AAPL260821C00280000,35.2,36.85,36.025000000000006,29.5,0.0,0.0,0.0,4340.0,0.0,0.9678,0.0034,0.0481,-0.0336,0.1253,36.4137,0.0,0.0,0.0,30.4000005722046,down,2026-08-05T14:49:54,142.0,1.0
AAPL,2026-08-21,15,Put,280.0,AAPL260821P00280000,0.25,0.28,0.265,0.26,-0.175,-40.2299,247.0,11731.0,0.326,-0.0324,0.0034,0.0482,-0.0472,-0.0044,0.2645,0.3,0.33,0.24,0.435000002384186,down,2026-08-06T09:46:21,15.0,179.0
AAPL,2026-08-21,15,Call,285.0,AAPL260821C00285000,31.25,31.7,31.475,30.6,5.05,19.7652,16.0,4876.0,0.3083,0.9524,0.005,0.0659,-0.0505,0.1254,31.5538,30.46,30.6,30.46,25.5500001907349,up,2026-08-06T09:44:47,62.0,10.0
AAPL,2026-08-21,15,Put,285.0,AAPL260821P00285000,0.37,0.41,0.39,0.39,-0.295,-43.0657,76.0,9709.0,0.308,-0.048,0.005,0.0661,-0.0625,-0.0064,0.3955,0.43,0.5,0.39,0.685000002384186,no_change,2026-08-06T09:47:06,106.0,118.0
AAPL,2026-08-21,15,Call,290.0,AAPL260821C00290000,26.5,27.0,26.75,25.85,4.775,22.6572,13.0,7223.0,0.2906,0.9273,0.0072,0.0914,-0.074,0.1239,26.7904,25.78,26.5,25.78,21.0749998092651,down,2026-08-06T09:44:07,59.0,11.0
AAPL,2026-08-21,15,Put,290.0,AAPL260821P00290000,0.6,0.64,0.62,0.59,-0.52,-46.8468,138.0,13396.0,0.2948,-0.0733,0.0073,0.0917,-0.0844,-0.0098,0.6238,0.75,0.8,0.59,1.11000001430511,down,2026-08-06T09:47:13,1.0,171.0
AAPL,2026-08-21,15,Call,295.0,AAPL260821C00295000,21.6,22.35,21.975,21.17,4.42,26.3881,29.0,6552.0,0.2662,0.888,0.0103,0.1251,-0.1048,0.1203,22.1882,21.04,21.77,20.5,16.75,up,2026-08-06T09:45:08,341.0,11.0
AAPL,2026-08-21,15,Put,295.0,AAPL260821P00295000,0.96,1.02,0.99,1.0,-0.79,-44.1341,107.0,10651.0,0.2834,-0.1129,0.0104,0.1262,-0.1135,-0.0147,1.0138,1.18,1.21,1.0,1.79000002145767,down,2026-08-06T09:47:13,18.0,229.0
AAPL,2026-08-21,15,Call,300.0,AAPL260821C00300000,17.4,17.95,17.674999999999997,17.65,4.625,35.5086,157.0,13779.0,0.2662,0.83,0.0141,0.1651,-0.1409,0.1138,17.8379,16.4,18.0,15.85,13.0250000953674,up,2026-08-06T09:46:19,508.0,3.0
AAPL,2026-08-21,15,Put,300.0,AAPL260821P00300000,1.58,1.67,1.625,1.67,-1.195,-41.7103,350.0,30250.0,0.2746,-0.1715,0.0142,0.1657,-0.1482,-0.0223,1.6595,1.95,2.02,1.67,2.86500000953674,no_change,2026-08-06T09:46:12,29.0,152.0
AAPL,2026-08-21,15,Call,305.0,AAPL260821C00305000,13.45,14.0,13.725,13.75,4.075,42.1189,158.0,6364.0,0.2646,0.7506,0.0181,0.2061,-0.1775,0.104,13.8445,12.65,14.0,11.9,9.67500019073486,up,2026-08-06T09:46:29,389.0,24.0
AAPL,2026-08-21,15,Put,305.0,AAPL260821P00305000,2.6,2.7,2.6500000000000004,2.64,-1.835,-41.0056,116.0,4566.0,0.269,-0.2517,0.0183,0.2074,-0.1836,-0.0316,2.675,3.1,3.2,2.61,4.47500014305115,up,2026-08-06T09:47:13,4.0,9.0
AAPL,2026-08-21,15,Call,307.5,AAPL260821C00307500,11.75,12.4,12.075,11.99,3.815,46.6667,185.0,1870.0,0.2712,0.7034,0.0199,0.2242,-0.1936,0.0979,12.033,10.85,12.05,10.1,8.17500019073486,down,2026-08-06T09:47:13,352.0,531.0
AAPL,2026-08-21,15,Put,307.5,AAPL260821P00307500,3.25,3.45,3.35,3.62,-1.83,-33.578,60.0,912.0,0.269,-0.2996,0.0201,0.2248,-0.199,-0.0375,3.3576,3.8,3.97,3.6,5.45000004768372,up,2026-08-06T09:44:59,13.0,481.0
AAPL,2026-08-21,15,Call,310.0,AAPL260821C00310000,10.2,10.4,10.3,10.35,3.475,50.5455,984.0,26978.0,0.2644,0.6517,0.0214,0.2392,-0.207,0.091,10.3475,9.64,10.5,8.8,6.875,up,2026-08-06T09:47:13,66.0,11.0
AAPL,2026-08-21,15,Put,310.0,AAPL260821P00310000,4.0,4.25,4.125,4.2,-2.45,-36.8421,171.0,8300.0,0.2654,-0.3518,0.0217,0.2396,-0.2118,-0.0438,4.1727,4.75,5.0,4.2,6.65000009536743,down,2026-08-06T09:45:59,52.0,139.0
AAPL,2026-08-21,15,Call,312.5,AAPL260821C00312500,8.6,8.9,8.75,8.75,3.075,54.185,540.0,1834.0,0.2627,0.5966,0.0225,0.2502,-0.2168,0.0836,8.8064,7.85,9.0,7.47,5.67499995231628,down,2026-08-06T09:46:43,229.0,58.0
AAPL,2026-08-21,15,Put,312.5,AAPL260821P00312500,5.0,5.25,5.125,5.41,-2.59,-32.375,69.0,1219.0,0.2645,-0.4076,0.0228,0.2505,-0.2209,-0.0497,5.1371,5.65,6.1,5.2,8.00000023841858,down,2026-08-06T09:43:40,1.0,286.0
AAPL,2026-08-21,15,Call,315.0,AAPL260821C00315000,7.25,7.45,7.35,7.34,2.665,57.0053,2376.0,11251.0,0.2624,0.5393,0.0232,0.2564,-0.2222,0.0758,7.4171,6.6,7.6,6.1,4.67499995231628,no_change,2026-08-06T09:47:10,109.0,41.0
AAPL,2026-08-21,15,Put,315.0,AAPL260821P00315000,6.1,6.35,6.225,6.2,-3.275,-34.5646,757.0,18125.0,0.2638,-0.4657,0.0235,0.2563,-0.2257,-0.0551,6.255,7.17,7.35,6.2,9.47500038146973,down,2026-08-06T09:47:13,37.0,553.0
AAPL,2026-08-21,15,Call,317.5,AAPL260821C00317500,6.1,6.3,6.199999999999999,6.1,2.3,60.5263,189.0,1733.0,0.2621,0.4813,0.0233,0.2574,-0.223,0.0678,6.1827,5.8,6.3,5.08,3.80000007152557,no_change,2026-08-06T09:46:55,10.0,205.0
AAPL,2026-08-21,15,Put,317.5,AAPL260821P00317500,7.3,7.7,7.5,8.45,-2.7,-24.2152,48.0,394.0,0.2642,-0.5246,0.0237,0.2564,-0.2259,-0.06,7.5292,8.35,8.45,7.71,11.1500000953674,up,2026-08-06T09:40:17,58.0,169.0
AAPL,2026-08-21,15,Call,320.0,AAPL260821C00320000,5.1,5.15,5.125,5.1,2.025,65.8537,1542.0,22675.0,0.2633,0.4238,0.023,0.2531,-0.2191,0.0598,5.098,4.5,5.25,4.06,3.07500004768372,no_change,2026-08-06T09:47:14,2.0,10.0
AAPL,2026-08-21,15,Put,320.0,AAPL260821P00320000,8.8,9.1,8.95,8.95,-4.075,-31.286,15.0,8994.0,0.2626,-0.583,0.0233,0.2515,-0.2214,-0.065,8.9646,9.92,10.45,8.95,13.0250000953674,down,2026-08-06T09:47:01,77.0,140.0
AAPL,2026-08-21,15,Call,322.5,AAPL260821C00322500,4.05,4.3,4.175,4.15,1.7,69.3877,54.0,2069.0,0.2635,0.3689,0.0221,0.244,-0.2111,0.0521,4.1708,3.65,4.2,3.45,2.45000004768372,up,2026-08-06T09:46:28,340.0,366.0
AAPL,2026-08-21,15,Put,322.5,AAPL260821P00322500,10.4,10.75,10.575,11.35,-3.625,-24.207,2.0,923.0,0.2648,-0.6389,0.0225,0.2421,-0.2128,-0.0688,10.5407,10.8,11.35,10.8,14.9750003814697,up,2026-08-06T09:31:00,27.0,76.0
AAPL,2026-08-21,15,Call,325.0,AAPL260821C00325000,3.35,3.5,3.425,3.45,1.5,76.9231,583.0,18331.0,0.2658,0.317,0.0208,0.2308,-0.1994,0.0449,3.3797,3.1,3.55,2.66,1.94999998807907,up,2026-08-06T09:47:14,44.0,150.0
AAPL,2026-08-21,15,Put,325.0,AAPL260821P00325000,12.1,12.5,12.3,12.8,-4.25,-24.9267,4.0,7699.0,0.2653,-0.6918,0.0213,0.228,-0.2004,-0.0719,12.2664,13.65,13.65,12.8,17.0499992370605,down,2026-08-06T09:43:39,42.0,297.0
AAPL,2026-08-21,15,Call,327.5,AAPL260821C00327500,2.7,2.8,2.75,2.73,1.18,76.129,69.0,1832.0,0.2672,0.2693,0.0192,0.2144,-0.185,0.0381,2.7172,2.35,2.84,2.19,1.55000001192093,up,2026-08-06T09:46:31,8.0,25.0
AAPL,2026-08-21,15,Put,327.5,AAPL260821P00327500,13.9,15.1,14.5,19.75,0.0,0.0,0.0,550.0,0.2823,-0.7408,0.0197,0.209,-0.1851,-0.0735,14.1306,0.0,0.0,0.0,19.2749996185303,down,2026-08-05T11:34:26,48.0,225.0
AAPL,2026-08-21,15,Call,330.0,AAPL260821C00330000,2.16,2.25,2.205,2.2,0.965,78.1376,651.0,29254.0,0.2698,0.2264,0.0174,0.1958,-0.1687,0.032,2.1696,1.89,2.3,1.7,1.23500001430511,no_change,2026-08-06T09:47:12,11.0,52.0
AAPL,2026-08-21,15,Put,330.0,AAPL260821P00330000,15.9,16.75,16.325,16.25,-5.325,-24.6813,2.0,8269.0,0.2858,-0.7844,0.0179,0.1882,-0.168,-0.0719,16.095,17.55,17.55,16.25,21.5749998092651,down,2026-08-06T09:32:18,20.0,542.0
AAPL,2026-08-21,15,Call,332.5,AAPL260821C00332500,1.72,1.8,1.76,1.75,0.79,82.2917,9.0,2451.0,0.2698,0.1884,0.0156,0.1761,-0.1516,0.0267,1.7208,1.75,1.75,1.36,0.96000000834465,up,2026-08-06T09:46:51,63.0,24.0
AAPL,2026-08-21,15,Put,332.5,AAPL260821P00332500,18.0,19.85,18.925,22.22,0.0,0.0,0.0,777.0,0.3115,-0.8232,0.016,0.1689,-0.1498,-0.0717,18.1688,0.0,0.0,0.0,23.6499996185303,down,2026-08-05T15:59:11,11.0,1.0
AAPL,2026-08-21,15,Call,335.0,AAPL260821C00335000,1.35,1.41,1.38,1.4,0.64,84.2105,387.0,11297.0,0.2705,0.1557,0.0137,0.1565,-0.1345,0.0221,1.3617,1.17,1.42,1.04,0.759999990463257,no_change,2026-08-06T09:47:07,106.0,1.0
AAPL,2026-08-21,15,Put,335.0,AAPL260821P00335000,20.3,22.05,21.175,20.3,-5.45,-21.165,16.0,3171.0,0.3191,-0.8566,0.014,0.1479,-0.1311,-0.0718,20.3324,21.0,21.0,20.3,25.75,down,2026-08-06T09:47:14,15.0,320.0
AAPL,2026-08-21,15,Call,337.5,AAPL260821C00337500,1.06,1.15,1.105,1.08,0.495,84.6154,36.0,1147.0,0.2739,0.1278,0.0119,0.1372,-0.1179,0.0181,1.0732,1.1,1.12,0.85,0.58500000834465,up,2026-08-06T09:46:16,211.0,228.0
AAPL,2026-08-21,15,Put,337.5,AAPL260821P00337500,21.5,24.35,22.925,26.87,0.0,0.0,0.0,557.0,0.2985,-0.885,0.0121,0.1245,-0.1126,-0.0676,22.5688,0.0,0.0,0.0,28.3249998092651,down,2026-08-05T15:59:11,510.0,605.0
AAPL,2026-08-21,15,Call,340.0,AAPL260821C00340000,0.84,0.89,0.865,0.86,0.395,84.9462,378.0,40817.0,0.2762,0.1043,0.0102,0.1192,-0.1023,0.0147,0.8441,0.74,0.89,0.62,0.464999988675118,no_change,2026-08-06T09:47:02,156.0,44.0
AAPL,2026-08-21,15,Put,340.0,AAPL260821P00340000,24.45,26.5,25.475,25.08,-5.395,-17.703,15.0,3263.0,0.3296,-0.9088,0.0103,0.1074,-0.095,-0.0657,24.8626,25.08,25.08,25.08,30.4750003814697,down,2026-08-06T09:30:35,89.0,209.0
AAPL,2026-08-21,15,Call,342.5,AAPL260821C00342500,0.66,0.71,0.685,0.68,0.32,88.8889,167.0,2042.0,0.2788,0.0848,0.0086,0.1027,-0.0881,0.012,0.6636,0.6,0.69,0.5,0.359999999403954,no_change,2026-08-06T09:46:54,93.0,106.0
AAPL,2026-08-21,15,Put,342.5,AAPL260821P00342500,26.45,29.0,27.725,37.18,0.0,0.0,0.0,200.0,0.3264,-0.9283,0.0086,0.0898,-0.0784,-0.0635,27.207,0.0,0.0,0.0,33.125,down,2026-08-03T11:15:09,184.0,285.0
AAPL,2026-08-21,15,Call,345.0,AAPL260821C00345000,0.51,0.56,0.535,0.56,0.28,100.0,164.0,24965.0,0.2811,0.0688,0.0073,0.0878,-0.0754,0.0097,0.5222,0.45,0.56,0.4,0.280000001192093,up,2026-08-06T09:46:57,465.0,192.0
AAPL,2026-08-21,15,Put,345.0,AAPL260821P00345000,28.9,31.35,30.125,36.1,0.0,0.0,0.0,631.0,0.3404,-0.944,0.0072,0.0726,-0.0634,-0.0574,29.5887,0.0,0.0,0.0,35.5,down,2026-08-05T15:23:52,108.0,1.0
AAPL,2026-08-21,15,Call,347.5,AAPL260821C00347500,0.38,0.44,0.41000000000000003,0.36,0.14,63.6364,304.0,901.0,0.2826,0.0557,0.0061,0.0748,-0.0643,0.0078,0.4117,0.35,0.42,0.32,0.219999998807907,no_change,2026-08-06T09:45:28,212.0,98.0
AAPL,2026-08-21,15,Put,347.5,AAPL260821P00347500,31.5,33.85,32.675,45.41,0.0,0.0,0.0,195.0,0.3626,-0.9566,0.0059,0.0612,-0.0499,-0.0572,31.9992,0.0,0.0,0.0,37.8500003814697,up,2026-07-31T09:39:25,57.0,314.0
AAPL,2026-08-21,15,Call,350.0,AAPL260821C00350000,0.31,0.35,0.32999999999999996,0.32,0.14,77.7778,1960.0,23539.0,0.287,0.0451,0.0051,0.0634,-0.0546,0.0064,0.3257,0.28,0.35,0.23,0.179999999701977,no_change,2026-08-06T09:47:09,198.0,216.0
AAPL,2026-08-21,15,Put,350.0,AAPL260821P00350000,33.8,36.3,35.05,41.18,0.0,0.0,0.0,84.0,0.3702,-0.9665,0.0048,0.0478,-0.038,-0.0528,34.4339,0.0,0.0,0.0,40.4750003814697,down,2026-08-05T15:02:30,97.0,154.0
AAPL,2026-08-21,15,Call,352.5,AAPL260821C00352500,0.23,0.28,0.255,0.27,0.13,92.8571,16.0,790.0,0.2894,0.0366,0.0042,0.0537,-0.0464,0.0051,0.2587,0.16,0.27,0.16,0.139999996870756,up,2026-08-06T09:46:24,704.0,163.0
AAPL,2026-08-21,15,Put,352.5,AAPL260821P00352500,36.25,38.75,37.5,17.4,0.0,0.0,0.0,32.0,0.3837,-0.9743,0.0038,0.04,-0.0278,-0.0513,36.8841,0.0,0.0,0.0,42.9250011444092,up,2026-07-29T15:50:00,67.0,151.0
AAPL,2026-08-21,15,Call,355.0,AAPL260821C00355000,0.17,0.21,0.19,0.19,0.08,72.7273,33.0,5887.0,0.2913,0.0298,0.0035,0.0455,-0.0394,0.0042,0.207,0.16,0.19,0.16,0.109999999403954,no_change,2026-08-06T09:45:54,348.0,1.0
AAPL,2026-08-21,15,Put,355.0,AAPL260821P00355000,38.9,41.2,40.05,54.3,0.0,0.0,0.0,65.0,0.4074,-0.9801,0.0031,0.0308,-0.0191,-0.0486,39.3487,0.0,0.0,0.0,45.4000015258789,up,2026-07-31T12:39:07,10.0,156.0
AAPL,2026-08-21,15,Call,357.5,AAPL260821C00357500,0.1,0.18,0.14,0.09,0.0,0.0,0.0,1695.0,0.2905,0.0244,0.003,0.0386,-0.0336,0.0034,0.1671,0.0,0.0,0.0,0.0949999988079071,down,2026-08-05T15:50:25,457.0,95.0
AAPL,2026-08-21,15,Put,357.5,AAPL260821P00357500,41.2,43.7,42.45,51.57,0.0,0.0,0.0,47.0,0.4144,-0.9848,0.0025,0.0257,-0.0117,-0.0482,41.8216,0.0,0.0,0.0,47.8000011444092,no_change,2026-08-03T10:47:16,76.0,140.0
AAPL,2026-08-21,15,Call,360.0,AAPL260821C00360000,0.1,0.14,0.12000000000000001,0.11,0.03,37.5,139.0,12532.0,0.2976,0.0202,0.0025,0.0329,-0.0288,0.0028,0.1362,0.11,0.13,0.09,0.080000001937151,no_change,2026-08-06T09:43:45,488.0,74.0
AAPL,2026-08-21,15,Put,360.0,AAPL260821P00360000,43.85,46.15,45.0,54.07,0.0,0.0,0.0,69.0,0.4378,-0.9881,0.002,0.02,-0.0058,-0.0454,44.3023,0.0,0.0,0.0,50.375,no_change,2026-08-03T10:47:16,10.0,148.0
AAPL,2026-08-21,15,Call,365.0,AAPL260821C00365000,0.07,0.14,0.10500000000000001,0.07,0.0,0.0,0.0,4793.0,0.3184,0.0141,0.0018,0.0243,-0.0216,0.002,0.0936,0.0,0.0,0.0,0.0600000005215406,up,2026-08-05T15:56:07,107.0,449.0
AAPL,2026-08-21,15,Put,365.0,AAPL260821P00365000,48.4,51.15,49.775,56.9,0.0,0.0,0.0,0.0,0.443,-0.9927,0.0013,0.0135,0.0,-0.0452,49.2769,0.0,0.0,0.0,55.3249988555908,up,2026-07-31T15:58:44,132.0,137.0
AAPL,2026-08-21,15,Call,370.0,AAPL260821C00370000,0.03,0.11,0.07,0.06,0.02,50.0,34.0,7209.0,0.3266,0.0103,0.0013,0.0186,-0.0169,0.0014,0.0683,0.05,0.06,0.05,0.0400000000372529,up,2026-08-06T09:30:38,459.0,474.0
AAPL,2026-08-21,15,Put,370.0,AAPL260821P00370000,53.75,56.15,54.95,68.0,0.0,0.0,0.0,0.0,0.4998,-0.9952,0.0008,0.0088,0.0,-0.0438,54.2627,0.0,0.0,0.0,60.2749996185303,up,2026-07-31T09:34:58,18.0,141.0
AAPL,2026-08-21,15,Call,375.0,AAPL260821C00375000,0.02,0.08,0.05,0.08,0.05,166.667,1.0,3808.0,0.3374,0.0079,0.001,0.0147,-0.0138,0.0011,0.0527,0.08,0.08,0.08,0.0299999993294477,up,2026-08-06T09:37:57,597.0,524.0
AAPL,2026-08-21,15,Put,375.0,AAPL260821P00375000,58.4,61.15,59.775,42.15,0.0,0.0,0.0,0.0,0.5068,-0.9967,0.0006,0.0067,0.0,-0.0438,59.2537,0.0,0.0,0.0,65.2000007629394,down,2026-07-30T15:42:44,124.0,151.0
AAPL,2026-08-21,15,Call,380.0,AAPL260821C00380000,0.02,0.05,0.035,0.04,0.015,60.0,14.0,5866.0,0.3465,0.0063,0.0008,0.0121,-0.0118,0.0009,0.0433,0.04,0.04,0.04,0.0249999994412065,up,2026-08-06T09:46:53,95.0,99.0
AAPL,2026-08-21,15,Put,380.0,AAPL260821P00380000,63.05,66.1,64.57499999999999,48.08,0.0,0.0,0.0,0.0,0.5006,-0.9975,0.0004,0.0048,0.0,-0.0434,64.248,0.0,0.0,0.0,70.2999992370606,down,2026-07-30T12:40:37,127.0,138.0
AAPL,2026-08-21,15,Call,385.0,AAPL260821C00385000,0.02,0.05,0.035,0.02,0.0,0.0,0.0,391.0,0.3681,0.0053,0.0006,0.0104,-0.0105,0.0007,0.0372,0.0,0.0,0.0,0.0249999994412065,no_change,2026-08-05T10:36:42,69.0,131.0
AAPL,2026-08-21,15,Put,385.0,AAPL260821P00385000,68.6,71.1,69.85,42.2,0.0,0.0,0.0,0.0,0.5799,-0.998,0.0003,0.0039,0.0,-0.0438,69.2435,0.0,0.0,0.0,75.2000007629394,down,2026-07-29T13:39:07,78.0,137.0
AAPL,2026-08-21,15,Call,390.0,AAPL260821C00390000,0.01,0.04,0.025,0.22,0.2,1000.0,3.0,2665.0,0.3764,0.0046,0.0005,0.0091,-0.0095,0.0006,0.0329,0.02,0.22,0.02,0.0199999995529652,up,2026-08-06T09:33:09,122.0,116.0
AAPL,2026-08-21,15,Put,390.0,AAPL260821P00390000,72.8,76.1,74.44999999999999,88.16,0.0,0.0,0.0,0.0,0.6252,-0.9984,0.0003,0.0033,0.0,-0.0443,74.2397,0.0,0.0,0.0,80.2999992370606,up,2026-07-31T10:12:05,42.0,152.0
AAPL,2026-08-21,15,Call,395.0,AAPL260821C00395000,0.01,0.03,0.02,0.01,-0.01,-50.0,8.0,544.0,0.3883,0.004,0.0004,0.0081,-0.0088,0.0006,0.0297,0.01,0.08,0.01,0.0199999995529652,down,2026-08-06T09:41:40,136.0,69.0
AAPL,2026-08-21,15,Put,395.0,AAPL260821P00395000,78.5,81.1,79.8,0.0,0.0,0.0,0.0,0.0,0.6305,-0.9987,0.0002,0.003,0.0,-0.0443,79.2362,0.0,0.0,0.0,85.2249984741211,no_change,,85.0,136.0
AAPL,2026-08-21,15,Call,400.0,AAPL260821C00400000,0.01,0.03,0.02,0.02,0.0,0.0,0.0,5945.0,0.4078,0.0036,0.0004,0.0072,-0.0082,0.0005,0.0272,0.0,0.0,0.0,0.0149999996647239,no_change,2026-08-05T13:31:47,46.0,140.0
AAPL,2026-08-21,15,Put,400.0,AAPL260821P00400000,83.75,86.1,84.925,92.96,0.0,0.0,0.0,0.0,0.68,-0.9988,0.0002,0.0025,0.0,-0.0447,84.2331,0.0,0.0,0.0,90.3250007629394,down,2026-08-03T09:39:07,16.0,139.0
AAPL,2026-08-21,15,Call,405.0,AAPL260821C00405000,0.01,0.21,0.11,0.06,0.0,0.0,0.0,98.0,0.5115,0.0032,0.0003,0.0066,-0.0077,0.0004,0.025,0.0,0.0,0.0,0.0299999993294477,up,2026-08-05T11:25:53,10.0,386.0
AAPL,2026-08-21,15,Put,405.0,AAPL260821P00405000,88.75,91.1,89.925,0.0,0.0,0.0,0.0,0.0,0.7083,-0.999,0.0002,0.002,0.0,-0.0452,89.2302,0.0,0.0,0.0,95.3250007629394,no_change,,23.0,145.0
AAPL,2026-08-21,15,Call,410.0,AAPL260821C00410000,0.0,0.11,0.055,0.01,0.0,0.0,0.0,924.0,0.4932,0.0029,0.0003,0.0059,-0.0072,0.0004,0.023,0.0,0.0,0.0,0.0149999996647239,no_change,2026-08-04T15:49:02,0.0,35.0
AAPL,2026-08-21,15,Put,410.0,AAPL260821P00410000,93.5,96.1,94.8,0.0,0.0,0.0,0.0,0.0,0.7138,-0.9991,0.0001,0.0017,0.0,-0.0458,94.2273,0.0,0.0,0.0,100.299999237061,no_change,,125.0,132.0
AAPL,2026-08-21,15,Call,415.0,AAPL260821C00415000,0.0,0.11,0.055,0.08,0.0,0.0,0.0,44.0,0.5133,0.0026,0.0003,0.0054,-0.0068,0.0004,0.0213,0.0,0.0,0.0,0.0799999982118606,up,2026-07-31T11:31:38,0.0,25.0
AAPL,2026-08-21,15,Put,415.0,AAPL260821P00415000,98.75,101.1,99.925,0.0,0.0,0.0,0.0,0.0,0.7634,-0.9992,0.0001,0.0016,0.0,-0.0463,99.2244,0.0,0.0,0.0,105.099998474121,no_change,,10.0,160.0
AAPL,2026-08-21,15,Call,420.0,AAPL260821C00420000,0.0,0.08,0.04,0.04,0.0,0.0,0.0,879.0,0.5159,0.0024,0.0002,0.0049,-0.0064,0.0003,0.0197,0.0,0.0,0.0,0.0399999991059303,up,2026-07-31T11:31:38,0.0,11.0
AAPL,2026-08-21,15,Put,420.0,AAPL260821P00420000,103.75,106.1,104.925,143.0,0.0,0.0,0.0,0.0,0.7901,-0.9993,0.0001,0.0014,0.0,-0.0468,104.2216,0.0,0.0,0.0,110.300003051758,up,2026-05-04T09:37:16,10.0,153.0
AAPL,2026-08-21,15,Call,430.0,AAPL260821C00430000,0.0,0.18,0.09,0.08,0.0,0.0,0.0,193.0,0.6028,0.002,0.0002,0.0041,-0.0056,0.0003,0.0168,0.0,0.0,0.0,0.0649999976158142,up,2026-07-31T11:31:48,0.0,108.0
AAPL,2026-08-21,15,Put,430.0,AAPL260821P00430000,113.55,116.1,114.82499999999999,0.0,0.0,0.0,0.0,0.0,0.8232,-0.9995,0.0001,0.0012,0.0,-0.0478,114.216,0.0,0.0,0.0,120.300003051758,no_change,,96.0,122.0
AAPL,2026-08-21,15,Call,440.0,AAPL260821C00440000,0.0,0.1,0.05,0.04,0.0,0.0,0.0,921.0,0.6033,0.0016,0.0001,0.0034,-0.0049,0.0002,0.0144,0.0,0.0,0.0,0.0500000007450581,up,2026-07-31T11:31:48,0.0,10.0
AAPL,2026-08-21,15,Put,440.0,AAPL260821P00440000,123.3,126.1,124.69999999999999,172.79,0.0,0.0,0.0,0.0,0.8453,-0.9996,0.0001,0.0008,0.0,-0.0486,124.2107,0.0,0.0,0.0,130.300003051758,up,2025-11-03T11:35:13,118.0,125.0
AAPL,2026-08-21,15,Call,450.0,AAPL260821C00450000,0.0,0.03,0.015,0.01,0.0,0.0,0.0,1606.0,0.5727,0.0013,0.0001,0.0029,-0.0043,0.0002,0.0122,0.0,0.0,0.0,0.0149999996647239,down,2026-08-04T12:05:11,0.0,1.0
AAPL,2026-08-21,15,Put,450.0,AAPL260821P00450000,133.45,136.1,134.77499999999998,0.0,0.0,0.0,0.0,0.0,0.9101,-0.9997,0.0,0.0006,0.0,-0.0496,134.2055,0.0,0.0,0.0,140.099998474121,no_change,,109.0,123.0
AAPL,2026-08-21,15,Call,460.0,AAPL260821C00460000,0.0,0.03,0.015,0.03,0.0,0.0,0.0,90.0,0.6047,0.0011,0.0001,0.0024,-0.0038,0.0001,0.0105,0.0,0.0,0.0,0.0149999996647239,down,2026-07-31T11:32:15,0.0,1.0
AAPL,2026-08-21,15,Put,460.0,AAPL260821P00460000,143.4,146.1,144.75,0.0,0.0,0.0,0.0,0.0,0.9508,-0.9998,0.0,0.0005,0.0,-0.0507,144.2003,0.0,0.0,0.0,150.150001525879,no_change,,99.0,122.0
AAPL,2026-08-21,15,Call,470.0,AAPL260821C00470000,0.0,0.03,0.015,0.07,0.0,0.0,0.0,314.0,0.6359,0.0009,0.0001,0.0021,-0.0033,0.0001,0.0089,0.0,0.0,0.0,0.0149999996647239,up,2026-07-31T11:32:28,0.0,1.0
AAPL,2026-08-21,15,Put,470.0,AAPL260821P00470000,153.7,156.1,154.89999999999998,0.0,0.0,0.0,0.0,0.0,1.0349,-0.9998,0.0,0.0004,0.0,-0.0518,154.1952,0.0,0.0,0.0,160.175003051758,no_change,,10.0,144.0
AAPL,2026-08-21,15,Call,480.0,AAPL260821C00480000,0.0,0.03,0.015,0.03,0.0,0.0,0.0,324.0,0.6663,0.0008,0.0001,0.0018,-0.0029,0.0001,0.0076,0.0,0.0,0.0,0.0149999996647239,down,2026-07-31T11:32:28,0.0,1.0
AAPL,2026-08-21,15,Put,480.0,AAPL260821P00480000,163.65,166.1,164.875,0.0,0.0,0.0,0.0,0.0,1.0797,-0.9999,0.0,0.0003,0.0,-0.0527,164.1902,0.0,0.0,0.0,170.224998474121,no_change,,21.0,148.0
AAPL,2026-08-21,15,Call,490.0,AAPL260821C00490000,0.0,0.04,0.02,0.12,0.0,0.0,0.0,4.0,0.7126,0.0006,0.0,0.0015,-0.0025,0.0001,0.0065,0.0,0.0,0.0,0.0199999995529652,up,2026-06-10T14:06:46,0.0,1.0
AAPL,2026-08-21,15,Put,490.0,AAPL260821P00490000,173.15,176.05,174.60000000000002,0.0,0.0,0.0,0.0,0.0,1.0401,-0.9999,0.0,0.0002,0.0,-0.0538,174.1852,0.0,0.0,0.0,180.150001525879,no_change,,135.0,149.0
AAPL,2026-08-21,15,Call,500.0,AAPL260821C00500000,0.0,0.04,0.02,0.08,0.0,0.0,0.0,95.0,0.742,0.0006,0.0,0.0013,-0.0022,0.0001,0.0055,0.0,0.0,0.0,0.0199999995529652,up,2026-07-24T13:28:55,0.0,1.0
AAPL,2026-08-21,15,Put,500.0,AAPL260821P00500000,183.5,186.05,184.775,195.18,0.0,0.0,0.0,0.0,1.1602,-0.9999,0.0,0.0002,0.0,-0.0549,184.1803,0.0,0.0,0.0,190.300003051758,up,2026-07-31T15:16:17,40.0,144.0
AAPL,2026-08-21,15,Call,510.0,AAPL260821C00510000,0.0,0.03,0.015,0.03,0.0,0.0,0.0,9.0,0.7529,0.0005,0.0,0.0011,-0.0019,0.0001,0.0047,0.0,0.0,0.0,0.0149999996647239,down,2026-07-17T12:38:44,0.0,1.0
AAPL,2026-08-21,15,Put,510.0,AAPL260821P00510000,193.0,196.05,194.525,0.0,0.0,0.0,0.0,0.0,1.2014,-0.9999,0.0,0.0002,0.0,-0.056,194.1754,0.0,0.0,0.0,200.175003051758,no_change,,42.0,144.0
AAPL,2026-08-21,15,Call,520.0,AAPL260821C00520000,0.0,0.03,0.015,0.46,0.0,0.0,0.0,5.0,0.7804,0.0004,0.0,0.0009,-0.0016,0.0,0.004,0.0,0.0,0.0,0.0149999996647239,up,2026-07-27T09:30:04,0.0,1.0
AAPL,2026-08-21,15,Put,520.0,AAPL260821P00520000,203.5,206.05,204.775,0.0,0.0,0.0,0.0,0.0,1.2104,-1.0,0.0,0.0001,0.0,-0.057,204.1705,0.0,0.0,0.0,210.224998474121,no_change,,78.0,140.0
AAPL,2026-08-21,15,Call,530.0,AAPL260821C00530000,0.0,0.02,0.01,0.14,0.0,0.0,0.0,7.0,0.7826,0.0003,0.0,0.0008,-0.0014,0.0,0.0034,0.0,0.0,0.0,0.00999999977648258,up,2026-07-10T13:59:48,0.0,1.0
AAPL,2026-08-21,15,Put,530.0,AAPL260821P00530000,213.4,216.05,214.72500000000002,0.0,0.0,0.0,0.0,0.0,1.2352,-1.0,0.0,0.0001,0.0,-0.0581,214.1657,0.0,0.0,0.0,220.150001525879,no_change,,140.0,183.0
AAPL,2026-08-21,15,Call,540.0,AAPL260821C00540000,0.0,0.02,0.01,0.04,0.0,0.0,0.0,52.0,0.8082,0.0003,0.0,0.0007,-0.0012,0.0,0.0029,0.0,0.0,0.0,0.00999999977648258,up,2026-08-03T15:38:50,0.0,1.0
AAPL,2026-08-21,15,Put,540.0,AAPL260821P00540000,223.65,226.05,224.85000000000002,0.0,0.0,0.0,0.0,0.0,1.313,-1.0,0.0,0.0001,0.0,-0.0592,224.1608,0.0,0.0,0.0,230.224998474121,no_change,,12.0,150.0
AAPL,2026-08-21,15,Call,550.0,AAPL260821C00550000,0.0,0.02,0.01,0.01,0.0,0.0,0.0,19.0,0.8332,0.0002,0.0,0.0006,-0.0011,0.0,0.0025,0.0,0.0,0.0,0.00999999977648258,down,2026-07-16T14:28:27,0.0,1.0
AAPL,2026-08-21,15,Put,550.0,AAPL260821P00550000,233.2,236.05,234.625,0.0,0.0,0.0,0.0,0.0,1.2795,-1.0,0.0,0.0,0.0,-0.0593,234.156,0.0,0.0,0.0,240.224998474121,no_change,,140.0,141.0
AAPL,2026-08-21,15,Call,560.0,AAPL260821C00560000,0.0,0.01,0.005,0.0,0.0,0.0,0.0,0.0,0.8168,0.0002,0.0,0.0005,-0.0009,0.0,0.0021,0.0,0.0,0.0,0.00499999988824129,no_change,,0.0,1.0
AAPL,2026-08-21,15,Put,560.0,AAPL260821P00560000,243.7,246.05,244.875,0.0,0.0,0.0,0.0,0.0,1.3871,-1.0,0.0,0.0,0.0,-0.0115,244.1511,0.0,0.0,0.0,250.125,no_change,,10.0,163.0
AAPL,2026-08-21,15,Call,570.0,AAPL260821C00570000,0.0,0.01,0.005,0.06,0.0,0.0,0.0,7.0,0.8399,0.0002,0.0,0.0004,-0.0008,0.0,0.0018,0.0,0.0,0.0,0.00499999988824129,down,2026-07-17T13:11:25,0.0,1.0
AAPL,2026-08-21,15,Put,570.0,AAPL260821P00570000,253.65,256.05,254.85000000000002,0.0,0.0,0.0,0.0,0.0,1.4164,-1.0,0.0,0.0,0.0,0.0,254.15,0.0,0.0,0.0,260.149993896484,no_change,,24.0,143.0
AAPL,2026-08-21,15,Call,580.0,AAPL260821C00580000,0.0,0.82,0.41,0.18,0.0,0.0,0.0,28.0,1.2932,0.0001,0.0,0.0004,-0.0007,0.0,0.0015,0.0,0.0,0.0,0.254999995231628,up,2026-07-31T11:32:42,0.0,215.0
AAPL,2026-08-21,15,Put,580.0,AAPL260821P00580000,263.65,266.05,264.85,0.0,0.0,0.0,0.0,0.0,1.4514,-1.0,0.0,0.0,0.0,0.0,264.15,0.0,0.0,0.0,270.149993896484,no_change,,10.0,137.0
AAPL,2026-08-21,15,Call,590.0,AAPL260821C00590000,0.0,0.01,0.005,0.14,0.0,0.0,0.0,2.0,0.8846,0.0001,0.0,0.0003,-0.0006,0.0,0.0013,0.0,0.0,0.0,0.00499999988824129,up,2026-07-31T11:32:42,0.0,1.0
AAPL,2026-08-21,15,Put,590.0,AAPL260821P00590000,273.4,276.05,274.725,0.0,0.0,0.0,0.0,0.0,1.45,-1.0,0.0,0.0,0.0,0.0,274.15,0.0,0.0,0.0,280.225006103516,no_change,,95.0,147.0
AAPL,2026-08-21,15,Call,600.0,AAPL260821C00600000,0.0,0.03,0.015,0.01,0.0,0.0,0.0,1982.0,0.98,0.0001,0.0,0.0003,-0.0005,0.0,0.0011,0.0,0.0,0.0,0.00999999977648258,no_change,2026-08-05T14:29:36,0.0,1.0
AAPL,2026-08-21,15,Put,600.0,AAPL260821P00600000,283.6,286.05,284.82500000000005,298.1,0.0,0.0,0.0,0.0,1.5123,-1.0,0.0,0.0,0.0,0.0,284.15,0.0,0.0,0.0,290.100006103516,down,2026-07-31T14:27:32,10.0,128.0
AAPL,2026-08-28,22,Call,110.0,AAPL260828C00110000,204.05,207.3,205.675,194.82,0.0,0.0,0.0,6.0,0.0,1.0,0.0,0.0,0.0,0.0721,205.9083,0.0,0.0,0.0,199.799995422363,down,2026-08-03T15:45:51,106.0,2.0
AAPL,2026-08-28,22,Put,110.0,AAPL260828P00110000,0.0,1.02,0.51,0.0,0.0,0.0,0.0,0.0,1.9987,0.0,0.0,0.0,0.0,0.0,0.0001,0.0,0.0,0.0,0.509999990463257,no_change,,0.0,41.0
AAPL,2026-08-28,22,Call,120.0,AAPL260828C00120000,194.1,197.5,195.8,212.0,0.0,0.0,0.0,10.0,0.0,1.0,0.0,0.0,0.0,0.0787,195.937,0.0,0.0,0.0,189.849998474121,down,2026-07-20T09:32:37,106.0,1.0
AAPL,2026-08-28,22,Put,120.0,AAPL260828P00120000,0.0,1.02,0.51,0.0,0.0,0.0,0.0,0.0,1.8443,0.0,0.0,0.0,-0.0001,0.0,0.0002,0.0,0.0,0.0,0.509999990463257,no_change,,0.0,41.0
AAPL,2026-08-28,22,Call,125.0,AAPL260828C00125000,189.1,192.4,190.75,0.0,0.0,0.0,0.0,0.0,0.0,1.0,0.0,0.0001,0.0,0.0819,190.9514,0.0,0.0,0.0,184.849998474121,no_change,,105.0,2.0
AAPL,2026-08-28,22,Put,125.0,AAPL260828P00125000,0.0,1.02,0.51,0.0,0.0,0.0,0.0,0.0,1.7719,0.0,0.0,0.0001,-0.0001,0.0,0.0003,0.0,0.0,0.0,0.509999990463257,no_change,,0.0,41.0
AAPL,2026-08-28,22,Call,130.0,AAPL260828C00130000,184.15,187.35,185.75,0.0,0.0,0.0,0.0,0.0,0.0,1.0,0.0,0.0001,0.0,0.0852,185.9659,0.0,0.0,0.0,179.875,no_change,,100.0,2.0
AAPL,2026-08-28,22,Put,130.0,AAPL260828P00130000,0.0,1.02,0.51,0.0,0.0,0.0,0.0,0.0,1.7025,0.0,0.0,0.0001,-0.0002,0.0,0.0005,0.0,0.0,0.0,0.509999990463257,no_change,,0.0,41.0
AAPL,2026-08-28,22,Call,135.0,AAPL260828C00135000,179.15,182.35,180.75,0.0,0.0,0.0,0.0,0.0,0.0,1.0,0.0,0.0001,0.0,0.0885,180.9805,0.0,0.0,0.0,174.75,no_change,,100.0,2.0
AAPL,2026-08-28,22,Put,135.0,AAPL260828P00135000,0.0,1.02,0.51,0.0,0.0,0.0,0.0,0.0,1.6357,0.0,0.0,0.0001,-0.0002,0.0,0.0007,0.0,0.0,0.0,0.509999990463257,no_change,,0.0,41.0
AAPL,2026-08-28,22,Call,140.0,AAPL260828C00140000,174.15,177.9,176.025,0.0,0.0,0.0,0.0,0.0,1.142,1.0,0.0,0.0002,0.0,0.0918,175.9951,0.0,0.0,0.0,169.900001525879,no_change,,106.0,1.0
AAPL,2026-08-28,22,Put,140.0,AAPL260828P00140000,0.0,1.02,0.51,0.0,0.0,0.0,0.0,0.0,1.5714,-0.0001,0.0,0.0002,-0.0004,0.0,0.0011,0.0,0.0,0.0,0.509999990463257,no_change,,0.0,41.0
AAPL,2026-08-28,22,Call,145.0,AAPL260828C00145000,169.15,172.4,170.775,0.0,0.0,0.0,0.0,0.0,0.0,1.0,0.0,0.0003,0.0,0.095,171.0098,0.0,0.0,0.0,164.900001525879,no_change,,106.0,2.0
AAPL,2026-08-28,22,Put,145.0,AAPL260828P00145000,0.0,1.02,0.51,0.0,0.0,0.0,0.0,0.0,1.5093,-0.0001,0.0,0.0003,-0.0005,0.0,0.0015,0.0,0.0,0.0,0.509999990463257,no_change,,0.0,41.0
AAPL,2026-08-28,22,Call,150.0,AAPL260828C00150000,164.2,167.95,166.075,160.2,0.0,0.0,0.0,0.0,0.0,0.9999,0.0,0.0004,0.0,0.0983,166.0247,0.0,0.0,0.0,159.900001525879,down,2026-08-04T15:50:22,100.0,1.0
AAPL,2026-08-28,22,Put,150.0,AAPL260828P00150000,0.0,1.02,0.51,0.0,0.0,0.0,0.0,0.0,1.4493,-0.0001,0.0,0.0004,-0.0006,0.0,0.0021,0.0,0.0,0.0,0.509999990463257,no_change,,0.0,41.0
AAPL,2026-08-28,22,Call,155.0,AAPL260828C00155000,159.2,163.0,161.1,0.0,0.0,0.0,0.0,0.0,1.0778,0.9999,0.0,0.0005,0.0,0.1016,161.0398,0.0,0.0,0.0,154.950004577637,no_change,,106.0,2.0
AAPL,2026-08-28,22,Put,155.0,AAPL260828P00155000,0.0,1.02,0.51,0.0,0.0,0.0,0.0,0.0,1.3916,-0.0002,0.0,0.0005,-0.0008,0.0,0.0028,0.0,0.0,0.0,0.509999990463257,no_change,,0.0,45.0
AAPL,2026-08-28,22,Call,160.0,AAPL260828C00160000,154.2,157.45,155.825,0.0,0.0,0.0,0.0,0.0,0.0,0.9998,0.0,0.0007,0.0,0.1048,156.055,0.0,0.0,0.0,149.950004577637,no_change,,100.0,2.0
AAPL,2026-08-28,22,Put,160.0,AAPL260828P00160000,0.0,1.02,0.51,0.0,0.0,0.0,0.0,0.0,1.335,-0.0002,0.0,0.0007,-0.0011,0.0,0.0037,0.0,0.0,0.0,0.509999990463257,no_change,,0.0,41.0
AAPL,2026-08-28,22,Call,165.0,AAPL260828C00165000,149.2,152.45,150.825,162.23,0.0,0.0,0.0,8.0,0.0,0.9997,0.0,0.0009,0.0,0.1081,151.0705,0.0,0.0,0.0,144.975006103516,up,2026-07-15T11:43:20,106.0,2.0
AAPL,2026-08-28,22,Put,165.0,AAPL260828P00165000,0.0,1.02,0.51,0.0,0.0,0.0,0.0,0.0,1.2808,-0.0003,0.0,0.0009,-0.0014,-0.0001,0.0049,0.0,0.0,0.0,0.509999990463257,no_change,,0.0,41.0
AAPL,2026-08-28,22,Call,170.0,AAPL260828C00170000,144.25,148.1,146.175,169.62,0.0,0.0,0.0,1.0,0.9894,0.9996,0.0,0.0012,0.0,0.1113,146.0862,0.0,0.0,0.0,139.975006103516,up,2026-07-28T11:28:21,100.0,2.0
AAPL,2026-08-28,22,Put,170.0,AAPL260828P00170000,0.0,1.02,0.51,0.0,0.0,0.0,0.0,0.0,1.2275,-0.0004,0.0,0.0012,-0.0017,-0.0001,0.0064,0.0,0.0,0.0,0.509999990463257,no_change,,0.0,41.0
AAPL,2026-08-28,22,Call,175.0,AAPL260828C00175000,139.25,142.95,141.1,0.0,0.0,0.0,0.0,0.0,0.7362,0.9995,0.0,0.0015,0.0,0.1146,141.1023,0.0,0.0,0.0,135.0,no_change,,100.0,1.0
AAPL,2026-08-28,22,Put,175.0,AAPL260828P00175000,0.0,1.01,0.505,0.0,0.0,0.0,0.0,0.0,1.1742,-0.0005,0.0,0.0015,-0.0021,-0.0001,0.0081,0.0,0.0,0.0,0.5,no_change,,0.0,41.0
AAPL,2026-08-28,22,Call,180.0,AAPL260828C00180000,134.25,137.5,135.875,0.0,0.0,0.0,0.0,0.0,0.0,0.9994,0.0,0.0019,0.0,0.1178,136.1187,0.0,0.0,0.0,130.024993896484,no_change,,106.0,2.0
AAPL,2026-08-28,22,Put,180.0,AAPL260828P00180000,0.0,1.0,0.5,0.0,0.0,0.0,0.0,0.0,1.1224,-0.0007,0.0,0.0019,-0.0026,-0.0001,0.0103,0.0,0.0,0.0,0.490000009536743,no_change,,0.0,41.0
AAPL,2026-08-28,22,Call,185.0,AAPL260828C00185000,129.3,133.1,131.2,119.66,0.0,0.0,0.0,1.0,0.8449,0.9992,0.0,0.0023,0.0,0.1211,131.1355,0.0,0.0,0.0,125.025001525879,down,2026-07-31T09:30:54,100.0,1.0
AAPL,2026-08-28,22,Put,185.0,AAPL260828P00185000,0.0,0.17,0.085,0.07,0.0,0.0,0.0,1.0,0.8533,-0.0009,0.0,0.0023,-0.0032,-0.0002,0.0128,0.0,0.0,0.0,0.0850000008940697,down,2026-07-31T10:50:02,0.0,1.0
AAPL,2026-08-28,22,Call,190.0,AAPL260828C00190000,124.3,128.05,126.17500000000001,0.0,0.0,0.0,0.0,0.0,0.7494,0.999,0.0001,0.0028,0.0,0.1243,126.1528,0.0,0.0,0.0,119.975002288818,no_change,,106.0,1.0
AAPL,2026-08-28,22,Put,190.0,AAPL260828P00190000,0.0,0.96,0.48,0.04,0.0,0.0,0.0,5.0,1.0197,-0.0011,0.0001,0.0029,-0.0038,-0.0002,0.0158,0.0,0.0,0.0,0.469999998807907,no_change,2026-07-24T11:57:12,0.0,41.0
AAPL,2026-08-28,22,Call,195.0,AAPL260828C00195000,119.3,122.55,120.925,143.33,0.0,0.0,0.0,1.0,0.0,0.9987,0.0001,0.0035,0.0,0.1275,121.1706,0.0,0.0,0.0,115.174999237061,up,2026-07-28T10:29:12,106.0,2.0
AAPL,2026-08-28,22,Put,195.0,AAPL260828P00195000,0.0,0.95,0.475,0.04,0.0,0.0,0.0,2.0,0.972,-0.0013,0.0001,0.0035,-0.0045,-0.0003,0.0192,0.0,0.0,0.0,0.46000000834465,down,2026-07-31T12:44:08,0.0,41.0
AAPL,2026-08-28,22,Call,200.0,AAPL260828C00200000,114.35,117.9,116.125,108.24,0.0,0.0,0.0,4.0,0.0,0.9984,0.0001,0.0042,0.0,0.1307,116.1889,0.0,0.0,0.0,110.199996948242,no_change,2026-08-05T09:58:54,105.0,1.0
AAPL,2026-08-28,22,Put,200.0,AAPL260828P00200000,0.0,0.93,0.465,0.12,0.0,0.0,0.0,162.0,0.9239,-0.0016,0.0001,0.0042,-0.0053,-0.0003,0.0232,0.0,0.0,0.0,0.449999988079071,up,2026-08-04T09:45:41,0.0,41.0
AAPL,2026-08-28,22,Call,205.0,AAPL260828C00205000,109.35,113.1,111.225,0.0,0.0,0.0,0.0,0.0,0.6567,0.998,0.0001,0.005,0.0,0.1339,111.2078,0.0,0.0,0.0,105.224998474121,no_change,,101.0,1.0
AAPL,2026-08-28,22,Put,205.0,AAPL260828P00205000,0.0,0.91,0.455,0.04,0.0,0.0,0.0,6.0,0.877,-0.002,0.0001,0.005,-0.0061,-0.0004,0.0279,0.0,0.0,0.0,0.435000002384186,down,2026-08-04T10:04:39,0.0,41.0
AAPL,2026-08-28,22,Call,210.0,AAPL260828C00210000,104.35,107.6,105.975,122.02,0.0,0.0,0.0,2.0,0.0,0.9976,0.0002,0.006,0.0,0.1371,106.2274,0.0,0.0,0.0,100.199996948242,up,2026-07-30T12:24:54,106.0,2.0
AAPL,2026-08-28,22,Put,210.0,AAPL260828P00210000,0.0,0.88,0.44,0.1,0.0,0.0,0.0,44.0,0.8297,-0.0024,0.0002,0.006,-0.0071,-0.0005,0.0331,0.0,0.0,0.0,0.0550000006332994,no_change,2026-08-05T11:51:34,0.0,48.0
AAPL,2026-08-28,22,Call,215.0,AAPL260828C00215000,99.4,103.2,101.30000000000001,88.47,0.0,0.0,0.0,5.0,0.0,0.9971,0.0002,0.0071,0.0,0.1403,101.2477,0.0,0.0,0.0,95.0999984741211,down,2026-07-31T10:00:08,101.0,3.0
AAPL,2026-08-28,22,Put,215.0,AAPL260828P00215000,0.01,0.17,0.09000000000000001,0.05,0.0,0.0,0.0,23.0,0.636,-0.0029,0.0002,0.0071,-0.0081,-0.0006,0.0392,0.0,0.0,0.0,0.0500000016763806,down,2026-08-05T12:55:48,21.0,169.0
AAPL,2026-08-28,22,Call,220.0,AAPL260828C00220000,94.4,98.15,96.275,89.68,0.0,0.0,0.0,81.0,0.5665,0.9965,0.0002,0.0084,0.0,0.1434,96.2688,0.0,0.0,0.0,90.2750015258789,up,2026-07-31T15:57:42,111.0,1.0
AAPL,2026-08-28,22,Put,220.0,AAPL260828P00220000,0.01,0.08,0.045,0.04,-0.035,-46.6667,2.0,18.0,0.5575,-0.0035,0.0002,0.0084,-0.0093,-0.0007,0.046,0.16,0.16,0.04,0.0749999973922968,down,2026-08-06T09:44:20,80.0,374.0
AAPL,2026-08-28,22,Call,225.0,AAPL260828C00225000,89.4,92.65,91.025,83.4,0.0,0.0,0.0,3.0,0.0,0.9958,0.0003,0.0099,0.0,0.1466,91.2909,0.0,0.0,0.0,85.2750015258789,down,2026-08-05T09:59:56,110.0,2.0
AAPL,2026-08-28,22,Put,225.0,AAPL260828P00225000,0.01,0.15,0.08,0.04,0.0,0.0,0.0,25.0,0.5602,-0.0042,0.0003,0.0099,-0.0105,-0.0008,0.0539,0.0,0.0,0.0,0.0849999999627471,up,2026-08-05T13:26:47,174.0,378.0
AAPL,2026-08-28,22,Call,230.0,AAPL260828C00230000,84.45,87.65,86.05000000000001,79.38,0.0,0.0,0.0,2.0,0.0,0.995,0.0004,0.0116,0.0,0.1497,86.3141,0.0,0.0,0.0,80.1750030517578,up,2026-08-04T15:17:04,111.0,2.0
AAPL,2026-08-28,22,Put,230.0,AAPL260828P00230000,0.01,0.17,0.09000000000000001,0.05,-0.05,-50.0,4.0,13.0,0.5348,-0.005,0.0004,0.0117,-0.0119,-0.001,0.0628,0.2,0.2,0.05,0.100000003352761,down,2026-08-06T09:46:20,435.0,579.0
AAPL,2026-08-28,22,Call,235.0,AAPL260828C00235000,79.45,82.7,81.075,74.9,0.0,0.0,0.0,4.0,0.0,0.994,0.0004,0.0136,0.0,0.1528,81.3387,0.0,0.0,0.0,75.3250007629394,down,2026-08-04T14:52:26,111.0,2.0
AAPL,2026-08-28,22,Put,235.0,AAPL260828P00235000,0.01,0.11,0.06,0.06,-0.06,-50.0,3.0,174.0,0.4792,-0.006,0.0004,0.0137,-0.0134,-0.0012,0.0731,0.19,0.19,0.06,0.120000001043081,down,2026-08-06T09:43:09,346.0,426.0
AAPL,2026-08-28,22,Call,240.0,AAPL260828C00240000,74.5,78.25,76.375,75.72,5.445,7.74813,25.0,37.0,0.4738,0.9928,0.0005,0.016,0.0,0.1558,76.3649,75.67,75.72,75.67,70.2750015258789,up,2026-08-06T09:33:44,112.0,2.0
AAPL,2026-08-28,22,Put,240.0,AAPL260828P00240000,0.04,0.11,0.075,0.05,0.0,0.0,0.0,220.0,0.46,-0.0072,0.0006,0.0161,-0.0151,-0.0014,0.0852,0.0,0.0,0.0,0.0899999979883432,down,2026-08-05T12:30:29,54.0,394.0
AAPL,2026-08-28,22,Call,245.0,AAPL260828C00245000,69.5,72.75,71.125,65.33,0.0,0.0,0.0,3.0,0.0,0.9914,0.0007,0.0189,0.0,0.1588,71.3935,0.0,0.0,0.0,65.4249992370606,no_change,2026-08-04T14:22:43,111.0,2.0
AAPL,2026-08-28,22,Put,245.0,AAPL260828P00245000,0.03,0.25,0.14,0.13,0.0,0.0,0.0,88.0,0.4642,-0.0087,0.0007,0.019,-0.0169,-0.0017,0.0995,0.0,0.0,0.0,0.134999997913837,down,2026-08-04T14:57:39,307.0,405.0
AAPL,2026-08-28,22,Call,250.0,AAPL260828C00250000,64.55,67.95,66.25,61.3,0.0,0.0,0.0,25.0,0.0,0.9895,0.0008,0.0224,0.0,0.1616,66.4252,0.0,0.0,0.0,60.0,up,2026-08-05T15:53:20,110.0,1.0
AAPL,2026-08-28,22,Put,250.0,AAPL260828P00250000,0.05,0.16,0.10500000000000001,0.11,-0.02,-15.3846,10.0,765.0,0.4156,-0.0106,0.0008,0.0225,-0.0192,-0.0021,0.1171,0.11,0.11,0.11,0.130000002682209,down,2026-08-06T09:34:34,317.0,442.0
AAPL,2026-08-28,22,Call,255.0,AAPL260828C00255000,59.6,63.0,61.3,55.21,0.0,0.0,0.0,37.0,0.0,0.9872,0.0011,0.0268,-0.001,0.1644,61.4616,0.0,0.0,0.0,55.5249996185303,down,2026-08-05T13:29:28,111.0,1.0
AAPL,2026-08-28,22,Put,255.0,AAPL260828P00255000,0.08,0.19,0.135,0.09,-0.085,-48.5714,48.0,277.0,0.3976,-0.013,0.0011,0.0269,-0.0218,-0.0025,0.1394,0.18,0.18,0.08,0.175000004470348,down,2026-08-06T09:47:11,291.0,583.0
AAPL,2026-08-28,22,Call,260.0,AAPL260828C00260000,54.65,58.45,56.55,50.19,0.0,0.0,0.0,27.0,0.3918,0.984,0.0014,0.0324,-0.0059,0.167,56.5053,0.0,0.0,0.0,50.4499988555908,up,2026-08-05T13:26:57,111.0,2.0
AAPL,2026-08-28,22,Put,260.0,AAPL260828P00260000,0.13,0.19,0.16,0.13,-0.105,-44.6809,8.0,483.0,0.375,-0.0162,0.0014,0.0326,-0.0251,-0.0031,0.1691,0.18,0.19,0.13,0.235000006854534,down,2026-08-06T09:39:49,188.0,323.0
AAPL,2026-08-28,22,Call,265.0,AAPL260828C00265000,49.7,52.9,51.3,45.3,0.0,0.0,0.0,31.0,0.0,0.9796,0.0018,0.0398,-0.0118,0.1694,51.5606,0.0,0.0,0.0,45.3500003814697,up,2026-08-05T13:26:57,111.0,2.0
AAPL,2026-08-28,22,Put,265.0,AAPL260828P00265000,0.15,0.23,0.19,0.24,-0.055,-18.6441,6.0,310.0,0.352,-0.0207,0.0018,0.04,-0.0294,-0.004,0.2106,0.24,0.24,0.24,0.295000001788139,no_change,2026-08-06T09:30:07,283.0,323.0
AAPL,2026-08-28,22,Call,270.0,AAPL260828C00270000,44.8,47.85,46.325,40.19,0.0,0.0,0.0,55.0,0.0,0.9733,0.0023,0.0498,-0.0192,0.1713,46.6349,0.0,0.0,0.0,40.6000003814697,up,2026-08-05T10:49:11,139.0,21.0
AAPL,2026-08-28,22,Put,270.0,AAPL260828P00270000,0.24,0.29,0.265,0.29,-0.095,-24.6753,121.0,1191.0,0.3375,-0.0271,0.0024,0.0501,-0.0352,-0.0052,0.2714,0.3,0.32,0.24,0.385000005364418,up,2026-08-06T09:47:11,35.0,210.0
AAPL,2026-08-28,22,Call,275.0,AAPL260828C00275000,40.65,42.75,41.7,36.0,0.0,0.0,0.0,38.0,0.3152,0.964,0.0031,0.0637,-0.0288,0.1726,41.7403,0.0,0.0,0.0,35.7250003814697,up,2026-08-04T15:25:54,72.0,22.0
AAPL,2026-08-28,22,Put,275.0,AAPL260828P00275000,0.31,0.38,0.345,0.37,-0.18,-32.7273,60.0,976.0,0.3192,-0.0363,0.0032,0.0642,-0.043,-0.007,0.3622,0.42,0.43,0.35,0.549999982118607,down,2026-08-06T09:45:52,268.0,153.0
AAPL,2026-08-28,22,Call,280.0,AAPL260828C00280000,35.2,37.6,36.400000000000006,35.15,3.825,12.2107,7.0,143.0,0.1682,0.95,0.0043,0.0827,-0.0412,0.173,36.8966,35.45,35.45,35.15,31.3250007629394,down,2026-08-06T09:39:41,303.0,27.0
AAPL,2026-08-28,22,Put,280.0,AAPL260828P00280000,0.5,0.55,0.525,0.51,-0.285,-35.8491,39.0,1431.0,0.3096,-0.0504,0.0043,0.0835,-0.0539,-0.0097,0.5052,0.55,0.64,0.51,0.794999986886978,no_change,2026-08-06T09:47:06,1.0,232.0
AAPL,2026-08-28,22,Call,285.0,AAPL260828C00285000,31.55,32.4,31.975,31.5,5.0,18.8679,1.0,55.0,0.2782,0.9292,0.0059,0.1081,-0.0574,0.1718,32.135,31.5,31.5,31.5,26.5,up,2026-08-06T09:45:27,28.0,11.0
AAPL,2026-08-28,22,Put,285.0,AAPL260828P00285000,0.72,0.82,0.77,0.78,-0.4,-33.8983,99.0,1102.0,0.2986,-0.0714,0.0059,0.1091,-0.0685,-0.0137,0.7312,0.8,0.89,0.78,1.18000000715256,down,2026-08-06T09:45:32,3.0,346.0
AAPL,2026-08-28,22,Call,290.0,AAPL260828C00290000,26.65,27.95,27.299999999999997,27.5,5.65,25.8581,3.0,136.0,0.2687,0.8988,0.008,0.1407,-0.0775,0.1686,27.5012,26.93,27.5,26.93,21.8499994277954,up,2026-08-06T09:47:06,294.0,23.0
AAPL,2026-08-28,22,Put,290.0,AAPL260828P00290000,1.06,1.19,1.125,1.12,-0.655,-36.9014,24.0,2150.0,0.2871,-0.1021,0.008,0.1419,-0.0872,-0.0192,1.0864,1.22,1.28,1.12,1.77500003576279,down,2026-08-06T09:46:56,24.0,569.0
AAPL,2026-08-28,22,Call,295.0,AAPL260828C00295000,22.0,23.35,22.675,22.6,4.875,27.5035,4.0,292.0,0.2528,0.8557,0.0105,0.1795,-0.1011,0.1626,23.0577,22.0,23.2,21.2,17.7250003814697,up,2026-08-06T09:45:31,397.0,76.0
AAPL,2026-08-28,22,Put,295.0,AAPL260828P00295000,1.61,1.74,1.675,1.75,-0.865,-33.0784,32.0,1177.0,0.2789,-0.1458,0.0106,0.1806,-0.1095,-0.0272,1.6356,1.9,1.97,1.72,2.61500000953674,down,2026-08-06T09:45:28,1.0,286.0
AAPL,2026-08-28,22,Call,300.0,AAPL260828C00300000,18.35,19.0,18.675,18.25,4.025,28.2953,53.0,933.0,0.2598,0.7978,0.0134,0.2216,-0.1264,0.1533,18.8741,18.3,19.0,16.7,14.2249999046326,up,2026-08-06T09:45:25,338.0,2.0
AAPL,2026-08-28,22,Put,300.0,AAPL260828P00300000,2.38,2.56,2.4699999999999998,2.53,-1.32,-34.2857,85.0,2217.0,0.2705,-0.2042,0.0135,0.2224,-0.1335,-0.0377,2.453,2.57,2.99,2.5,3.85000002384186,up,2026-08-06T09:46:14,20.0,1.0
AAPL,2026-08-28,22,Call,305.0,AAPL260828C00305000,14.4,15.25,14.825,15.0,3.975,36.0544,184.0,1391.0,0.255,0.7246,0.0162,0.2615,-0.1502,0.1406,15.0609,13.75,15.13,13.1,11.0250000953674,down,2026-08-06T09:47:04,660.0,33.0
AAPL,2026-08-28,22,Put,305.0,AAPL260828P00305000,3.55,3.8,3.675,3.8,-1.8,-32.1429,39.0,622.0,0.2658,-0.2784,0.0164,0.2622,-0.1561,-0.0503,3.6294,4.2,4.25,3.75,5.59999990463257,up,2026-08-06T09:45:38,12.0,253.0
AAPL,2026-08-28,22,Call,310.0,AAPL260828C00310000,11.35,11.95,11.649999999999999,11.7,3.425,41.3897,208.0,2891.0,0.2597,0.6379,0.0184,0.2928,-0.1687,0.1247,11.6753,12.0,12.0,10.0,8.27499961853027,no_change,2026-08-06T09:47:06,435.0,166.0
AAPL,2026-08-28,22,Put,310.0,AAPL260828P00310000,5.15,5.4,5.275,5.35,-2.425,-31.1897,22.0,1189.0,0.2614,-0.3664,0.0186,0.2936,-0.1734,-0.0644,5.2496,5.75,6.2,5.28,7.77499985694885,up,2026-08-06T09:46:50,15.0,188.0
AAPL,2026-08-28,22,Call,315.0,AAPL260828C00315000,8.6,8.95,8.774999999999999,8.8,2.825,47.2803,370.0,1681.0,0.2597,0.5422,0.0196,0.3094,-0.1784,0.1067,8.7807,8.0,9.0,7.6,5.97499990463257,no_change,2026-08-06T09:47:04,147.0,12.0
AAPL,2026-08-28,22,Put,315.0,AAPL260828P00315000,7.2,7.6,7.4,8.0,-2.675,-25.0585,15.0,640.0,0.26,-0.4636,0.02,0.3093,-0.182,-0.079,7.372,8.0,8.42,8.0,10.6749997138977,down,2026-08-06T09:42:32,5.0,118.0
AAPL,2026-08-28,22,Call,320.0,AAPL260828C00320000,6.25,6.5,6.375,6.45,2.225,52.6627,147.0,1878.0,0.2557,0.4445,0.0196,0.3083,-0.1776,0.0879,6.4199,6.0,6.55,5.46,4.22499990463257,no_change,2026-08-06T09:47:02,255.0,1.0
AAPL,2026-08-28,22,Put,320.0,AAPL260828P00320000,9.8,10.35,10.075,10.7,-3.325,-23.7077,31.0,2259.0,0.2604,-0.5634,0.02,0.3058,-0.1802,-0.0906,10.0263,10.0,10.75,10.0,14.0249996185303,down,2026-08-06T09:39:13,116.0,213.0
AAPL,2026-08-28,22,Call,325.0,AAPL260828C00325000,4.5,4.65,4.575,4.6,1.69,58.0756,216.0,3827.0,0.2567,0.3512,0.0184,0.2898,-0.1668,0.0696,4.5632,4.3,4.75,3.85,2.9099999666214,up,2026-08-06T09:46:50,115.0,1.0
AAPL,2026-08-28,22,Put,325.0,AAPL260828P00325000,12.75,13.65,13.2,13.87,-4.205,-23.2642,6.0,678.0,0.2568,-0.6592,0.0189,0.2855,-0.1683,-0.1006,13.2094,13.87,13.87,13.87,18.0749998092651,down,2026-08-06T09:34:16,187.0,288.0
AAPL,2026-08-28,22,Call,330.0,AAPL260828C00330000,3.15,3.3,3.2249999999999996,3.2,1.235,62.8499,514.0,2778.0,0.2615,0.268,0.0163,0.2583,-0.1483,0.0533,3.163,2.84,3.34,2.59,1.96499997377396,no_change,2026-08-06T09:47:09,17.0,23.0
AAPL,2026-08-28,22,Put,330.0,AAPL260828P00330000,16.25,18.0,17.125,17.45,-4.475,-20.4105,18.0,627.0,0.2689,-0.7446,0.0169,0.2512,-0.149,-0.1046,16.8537,17.78,17.78,17.45,21.9250001907349,no_change,2026-08-06T09:43:39,273.0,428.0
AAPL,2026-08-28,22,Call,335.0,AAPL260828C00335000,2.08,2.28,2.1799999999999997,2.22,0.91,69.4656,176.0,2324.0,0.2612,0.1988,0.0137,0.2197,-0.1259,0.0396,2.1535,1.93,2.25,1.78,1.31000000238419,no_change,2026-08-06T09:47:02,332.0,73.0
AAPL,2026-08-28,22,Put,335.0,AAPL260828P00335000,20.7,22.75,21.725,27.05,0.0,0.0,0.0,629.0,0.2985,-0.8165,0.0143,0.2076,-0.1253,-0.0997,20.8871,0.0,0.0,0.0,26.625,down,2026-08-05T11:33:52,15.0,119.0
AAPL,2026-08-28,22,Call,340.0,AAPL260828C00340000,1.41,1.54,1.475,1.47,0.595,68.0,473.0,3985.0,0.2646,0.1437,0.011,0.1793,-0.1027,0.0286,1.4441,1.31,1.52,1.18,0.875,down,2026-08-06T09:47:09,162.0,22.0
AAPL,2026-08-28,22,Put,340.0,AAPL260828P00340000,25.0,27.1,26.05,26.43,-4.67,-15.0161,2.0,471.0,0.3083,-0.8736,0.0115,0.1601,-0.0998,-0.0938,25.2433,26.43,26.43,26.43,31.1000003814697,down,2026-08-06T09:30:06,15.0,100.0
AAPL,2026-08-28,22,Call,345.0,AAPL260828C00345000,0.94,1.06,1.0,1.0,0.43,75.4386,51.0,1950.0,0.2691,0.1022,0.0085,0.1419,-0.0813,0.0203,0.9627,0.84,1.01,0.8,0.570000022649765,up,2026-08-06T09:47:05,271.0,220.0
AAPL,2026-08-28,22,Put,345.0,AAPL260828P00345000,29.1,31.7,30.4,37.5,0.0,0.0,0.0,63.0,0.3084,-0.9164,0.0088,0.119,-0.0747,-0.0841,29.8295,0.0,0.0,0.0,35.625,down,2026-08-05T09:49:40,47.0,30.0
AAPL,2026-08-28,22,Call,350.0,AAPL260828C00350000,0.63,0.69,0.6599999999999999,0.68,0.285,72.1519,178.0,1610.0,0.2726,0.072,0.0065,0.1099,-0.0631,0.0143,0.6429,0.56,0.7,0.51,0.394999995827675,up,2026-08-06T09:47:06,113.0,14.0
AAPL,2026-08-28,22,Put,350.0,AAPL260828P00350000,33.45,36.45,34.95,40.1,0.0,0.0,0.0,74.0,0.3461,-0.9468,0.0064,0.0842,-0.0515,-0.074,34.5764,0.0,0.0,0.0,40.4750003814697,down,2026-08-04T13:12:20,108.0,25.0
AAPL,2026-08-28,22,Call,355.0,AAPL260828C00355000,0.37,0.47,0.42,0.39,0.135,52.9412,7.0,2103.0,0.2751,0.0504,0.0048,0.0836,-0.0482,0.01,0.43,0.4,0.4,0.39,0.254999995231628,no_change,2026-08-06T09:45:03,400.0,53.0
AAPL,2026-08-28,22,Put,355.0,AAPL260828P00355000,38.4,41.3,39.849999999999994,53.7,0.0,0.0,0.0,16.0,0.3305,-0.9671,0.0045,0.0567,-0.0316,-0.0639,39.4284,0.0,0.0,0.0,45.4750003814697,up,2026-07-31T09:41:11,124.0,22.0
AAPL,2026-08-28,22,Call,360.0,AAPL260828C00360000,0.25,0.33,0.29000000000000004,0.28,0.1,55.5556,71.0,3368.0,0.2821,0.0357,0.0035,0.0636,-0.0369,0.007,0.2942,0.26,0.31,0.25,0.179999999701977,no_change,2026-08-06T09:45:08,338.0,74.0
AAPL,2026-08-28,22,Put,360.0,AAPL260828P00360000,43.7,46.2,44.95,29.1,0.0,0.0,0.0,4.0,0.3699,-0.98,0.003,0.037,-0.0157,-0.0569,44.3449,0.0,0.0,0.0,50.4249992370606,up,2026-07-30T09:37:46,56.0,6.0
AAPL,2026-08-28,22,Call,365.0,AAPL260828C00365000,0.19,0.23,0.21000000000000002,0.2,0.07,53.8461,11.0,945.0,0.2908,0.0257,0.0026,0.0487,-0.0286,0.0051,0.2068,0.18,0.2,0.18,0.130000002682209,up,2026-08-06T09:32:53,64.0,33.0
AAPL,2026-08-28,22,Put,365.0,AAPL260828P00365000,48.6,51.2,49.900000000000006,0.0,0.0,0.0,0.0,0.0,0.3914,-0.9879,0.002,0.0238,-0.0038,-0.0503,49.2983,0.0,0.0,0.0,55.5,no_change,,68.0,10.0
AAPL,2026-08-28,22,Call,370.0,AAPL260828C00370000,0.08,0.16,0.12,0.08,0.0,0.0,0.0,454.0,0.2892,0.019,0.002,0.0378,-0.0226,0.0037,0.1504,0.0,0.0,0.0,0.0949999988079071,down,2026-08-05T15:44:02,111.0,6.0
AAPL,2026-08-28,22,Put,370.0,AAPL260828P00370000,53.55,56.15,54.849999999999994,32.5,0.0,0.0,0.0,0.0,0.4166,-0.9926,0.0013,0.0162,0.0,-0.0471,54.2723,0.0,0.0,0.0,60.375,down,2026-07-28T13:34:50,75.0,6.0
AAPL,2026-08-28,22,Call,375.0,AAPL260828C00375000,0.09,0.13,0.11,0.1,0.035,53.8462,5.0,507.0,0.3065,0.0144,0.0015,0.03,-0.0183,0.0028,0.1139,0.1,0.1,0.1,0.0650000004097819,up,2026-08-06T09:33:59,61.0,64.0
AAPL,2026-08-28,22,Put,375.0,AAPL260828P00375000,57.85,61.15,59.5,36.82,0.0,0.0,0.0,0.0,0.393,-0.9952,0.0009,0.0104,0.0,-0.0464,59.2577,0.0,0.0,0.0,65.6499977111816,down,2026-07-28T13:34:50,101.0,5.0
AAPL,2026-08-28,22,Call,380.0,AAPL260828C00380000,0.06,0.11,0.08499999999999999,0.06,0.0,2.23517e-06,7.0,767.0,0.3063,0.0114,0.0012,0.0244,-0.0152,0.0022,0.0898,0.06,0.06,0.06,0.0599999986588955,no_change,2026-08-06T09:47:11,128.0,273.0
AAPL,2026-08-28,22,Put,380.0,AAPL260828P00380000,63.0,66.15,64.575,0.0,0.0,0.0,0.0,0.0,0.4312,-0.9968,0.0006,0.0076,0.0,-0.0446,64.2482,0.0,0.0,0.0,70.375,no_change,,101.0,6.0
AAPL,2026-08-28,22,Call,385.0,AAPL260828C00385000,0.01,0.12,0.065,0.06,0.0,-8.69234e-07,2.0,857.0,0.3252,0.0092,0.001,0.0204,-0.0131,0.0018,0.0737,0.06,0.06,0.06,0.0600000005215406,no_change,2026-08-06T09:30:10,370.0,500.0
AAPL,2026-08-28,22,Put,385.0,AAPL260828P00385000,68.6,71.15,69.875,0.0,0.0,0.0,0.0,0.0,0.4991,-0.9977,0.0004,0.005,0.0,-0.0446,69.2422,0.0,0.0,0.0,75.375,no_change,,70.0,6.0
AAPL,2026-08-28,22,Call,390.0,AAPL260828C00390000,0.01,0.18,0.095,0.03,0.0,0.0,0.0,264.0,0.3598,0.0077,0.0008,0.0174,-0.0116,0.0015,0.0626,0.0,0.0,0.0,0.0400000000372529,down,2026-08-05T12:16:52,242.0,576.0
AAPL,2026-08-28,22,Put,390.0,AAPL260828P00390000,73.5,76.15,74.825,0.0,0.0,0.0,0.0,0.0,0.5146,-0.9983,0.0003,0.004,0.0,-0.0448,74.2374,0.0,0.0,0.0,80.375,no_change,,87.0,6.0
AAPL,2026-08-28,22,Call,395.0,AAPL260828C00395000,0.02,0.22,0.12,0.03,0.0,0.0,0.0,264.0,0.3898,0.0066,0.0007,0.0152,-0.0104,0.0013,0.0546,0.0,0.0,0.0,0.0599999995902181,no_change,2026-08-04T09:43:17,78.0,425.0
AAPL,2026-08-28,22,Put,395.0,AAPL260828P00395000,78.55,81.15,79.85,70.35,0.0,0.0,0.0,0.0,0.5426,-0.9987,0.0002,0.0034,0.0,-0.0445,79.2334,0.0,0.0,0.0,85.375,up,2026-07-22T11:05:27,70.0,6.0
AAPL,2026-08-28,22,Call,400.0,AAPL260828C00400000,0.02,0.08,0.05,0.04,0.01,33.3333,150.0,1410.0,0.3691,0.0058,0.0006,0.0134,-0.0095,0.0011,0.0486,0.03,0.04,0.03,0.0299999993294477,up,2026-08-06T09:35:49,36.0,541.0
AAPL,2026-08-28,22,Put,400.0,AAPL260828P00400000,83.4,86.15,84.775,69.0,0.0,0.0,0.0,0.0,0.5556,-0.999,0.0002,0.0025,0.0,-0.045,84.2302,0.0,0.0,0.0,90.375,up,2026-07-30T10:03:39,105.0,5.0
AAPL,2026-08-28,22,Call,405.0,AAPL260828C00405000,0.01,0.07,0.04,0.03,0.0,0.0,0.0,210.0,0.3773,0.0051,0.0005,0.012,-0.0088,0.001,0.0439,0.0,0.0,0.0,0.0199999995529652,no_change,2026-08-05T15:16:11,58.0,468.0
AAPL,2026-08-28,22,Put,405.0,AAPL260828P00405000,88.55,91.2,89.875,0.0,0.0,0.0,0.0,0.0,0.5902,-0.9992,0.0002,0.0019,0.0,-0.0453,89.2272,0.0,0.0,0.0,95.5999984741211,no_change,,75.0,6.0
AAPL,2026-08-28,22,Call,410.0,AAPL260828C00410000,0.01,0.1,0.055,0.01,0.0,0.0,0.0,203.0,0.4072,0.0046,0.0004,0.0109,-0.0082,0.0009,0.04,0.0,0.0,0.0,0.0199999995529652,down,2026-08-03T13:32:57,18.0,164.0
AAPL,2026-08-28,22,Put,410.0,AAPL260828P00410000,93.5,96.1,94.8,0.0,0.0,0.0,0.0,0.0,0.6096,-0.9993,0.0001,0.0016,0.0,-0.0459,94.2243,0.0,0.0,0.0,100.350002288818,no_change,,86.0,6.0
AAPL,2026-08-28,22,Call,415.0,AAPL260828C00415000,0.01,0.32,0.165,0.03,0.0,0.0,0.0,12.0,0.4824,0.0041,0.0004,0.0099,-0.0076,0.0008,0.0366,0.0,0.0,0.0,0.0149999996647239,down,2026-08-05T11:32:50,10.0,315.0
AAPL,2026-08-28,22,Put,415.0,AAPL260828P00415000,97.8,101.1,99.44999999999999,0.0,0.0,0.0,0.0,0.0,0.5637,-0.9994,0.0001,0.0015,0.0,-0.0463,99.2214,0.0,0.0,0.0,105.400001525879,no_change,,100.0,6.0
AAPL,2026-09-04,29,Call,110.0,AAPL260904C00110000,204.2,207.4,205.8,0.0,0.0,0.0,0.0,0.0,0.0,1.0,0.0,0.0,0.0,0.096,205.9985,0.0,0.0,0.0,199.900001525879,no_change,,100.0,2.0
AAPL,2026-09-04,29,Put,110.0,AAPL260904P00110000,0.0,1.02,0.51,0.0,0.0,0.0,0.0,0.0,1.7451,0.0,0.0,0.0,0.0,0.0,0.0001,0.0,0.0,0.0,0.509999990463257,no_change,,0.0,50.0
AAPL,2026-09-04,29,Call,120.0,AAPL260904C00120000,194.2,197.85,196.02499999999998,0.0,0.0,0.0,0.0,0.0,0.0,1.0,0.0,0.0001,0.0,0.1048,196.0367,0.0,0.0,0.0,189.950004577637,no_change,,107.0,1.0
AAPL,2026-09-04,29,Put,120.0,AAPL260904P00120000,0.0,1.02,0.51,0.0,0.0,0.0,0.0,0.0,1.6104,0.0,0.0,0.0001,-0.0001,0.0,0.0003,0.0,0.0,0.0,0.509999990463257,no_change,,0.0,50.0
AAPL,2026-09-04,29,Call,125.0,AAPL260904C00125000,189.25,193.1,191.175,0.0,0.0,0.0,0.0,0.0,1.2895,1.0,0.0,0.0001,0.0,0.1091,191.0559,0.0,0.0,0.0,184.875,no_change,,106.0,3.0
AAPL,2026-09-04,29,Put,125.0,AAPL260904P00125000,0.0,1.02,0.51,0.0,0.0,0.0,0.0,0.0,1.5473,0.0,0.0,0.0001,-0.0001,0.0,0.0004,0.0,0.0,0.0,0.509999990463257,no_change,,0.0,50.0
AAPL,2026-09-04,29,Call,130.0,AAPL260904C00130000,184.25,187.55,185.9,0.0,0.0,0.0,0.0,0.0,0.0,1.0,0.0,0.0001,0.0,0.1135,186.0752,0.0,0.0,0.0,179.950004577637,no_change,,107.0,2.0
AAPL,2026-09-04,29,Put,130.0,AAPL260904P00130000,0.0,1.02,0.51,0.0,0.0,0.0,0.0,0.0,1.4867,0.0,0.0,0.0001,-0.0002,0.0,0.0006,0.0,0.0,0.0,0.509999990463257,no_change,,0.0,50.0
AAPL,2026-09-04,29,Call,135.0,AAPL260904C00135000,179.25,183.1,181.175,0.0,0.0,0.0,0.0,0.0,1.1737,0.9999,0.0,0.0002,0.0,0.1178,181.0945,0.0,0.0,0.0,175.0,no_change,,100.0,3.0
AAPL,2026-09-04,29,Put,135.0,AAPL260904P00135000,0.0,1.02,0.51,0.0,0.0,0.0,0.0,0.0,1.4284,0.0,0.0,0.0002,-0.0002,0.0,0.0009,0.0,0.0,0.0,0.509999990463257,no_change,,0.0,50.0
AAPL,2026-09-04,29,Call,140.0,AAPL260904C00140000,174.3,178.15,176.22500000000002,0.0,0.0,0.0,0.0,0.0,1.1334,0.9999,0.0,0.0003,0.0,0.1222,176.1139,0.0,0.0,0.0,169.974998474121,no_change,,107.0,1.0
AAPL,2026-09-04,29,Put,140.0,AAPL260904P00140000,0.0,1.02,0.51,0.0,0.0,0.0,0.0,0.0,1.3723,-0.0001,0.0,0.0003,-0.0003,0.0,0.0012,0.0,0.0,0.0,0.509999990463257,no_change,,0.0,50.0
AAPL,2026-09-04,29,Call,145.0,AAPL260904C00145000,169.3,172.55,170.925,0.0,0.0,0.0,0.0,0.0,0.0,0.9999,0.0,0.0004,0.0,0.1266,171.1335,0.0,0.0,0.0,164.974998474121,no_change,,107.0,2.0
AAPL,2026-09-04,29,Put,145.0,AAPL260904P00145000,0.0,1.02,0.51,0.0,0.0,0.0,0.0,0.0,1.3182,-0.0001,0.0,0.0004,-0.0004,0.0,0.0018,0.0,0.0,0.0,0.509999990463257,no_change,,0.0,50.0
AAPL,2026-09-04,29,Call,150.0,AAPL260904C00150000,164.35,168.0,166.175,0.0,0.0,0.0,0.0,0.0,0.8975,0.9998,0.0,0.0005,0.0,0.1309,166.1532,0.0,0.0,0.0,160.074996948242,no_change,,100.0,2.0
AAPL,2026-09-04,29,Put,150.0,AAPL260904P00150000,0.0,1.02,0.51,0.0,0.0,0.0,0.0,0.0,1.2659,-0.0002,0.0,0.0005,-0.0006,0.0,0.0025,0.0,0.0,0.0,0.509999990463257,no_change,,0.0,50.0
AAPL,2026-09-04,29,Call,155.0,AAPL260904C00155000,159.35,163.1,161.225,0.0,0.0,0.0,0.0,0.0,0.9288,0.9998,0.0,0.0007,0.0,0.1353,161.1732,0.0,0.0,0.0,154.974998474121,no_change,,100.0,1.0
AAPL,2026-09-04,29,Put,155.0,AAPL260904P00155000,0.0,1.02,0.51,0.0,0.0,0.0,0.0,0.0,1.2152,-0.0002,0.0,0.0007,-0.0008,-0.0001,0.0034,0.0,0.0,0.0,0.509999990463257,no_change,,0.0,50.0
AAPL,2026-09-04,29,Call,160.0,AAPL260904C00160000,154.35,157.6,155.975,0.0,0.0,0.0,0.0,0.0,0.0,0.9997,0.0,0.001,0.0,0.1396,156.1934,0.0,0.0,0.0,150.125,no_change,,107.0,2.0
AAPL,2026-09-04,29,Put,160.0,AAPL260904P00160000,0.0,1.03,0.515,0.0,0.0,0.0,0.0,0.0,1.1662,-0.0003,0.0,0.001,-0.001,-0.0001,0.0045,0.0,0.0,0.0,0.509999990463257,no_change,,0.0,50.0
AAPL,2026-09-04,29,Call,165.0,AAPL260904C00165000,149.4,153.2,151.3,0.0,0.0,0.0,0.0,0.0,0.8994,0.9996,0.0,0.0012,0.0,0.1439,151.2139,0.0,0.0,0.0,145.074996948242,no_change,,100.0,2.0
AAPL,2026-09-04,29,Put,165.0,AAPL260904P00165000,0.0,1.02,0.51,0.0,0.0,0.0,0.0,0.0,1.117,-0.0004,0.0,0.0013,-0.0013,-0.0001,0.006,0.0,0.0,0.0,0.504999995231628,no_change,,0.0,50.0
AAPL,2026-09-04,29,Call,170.0,AAPL260904C00170000,144.4,148.15,146.275,0.0,0.0,0.0,0.0,0.0,0.7517,0.9995,0.0,0.0016,0.0,0.1483,146.2348,0.0,0.0,0.0,140.0,no_change,,100.0,4.0
AAPL,2026-09-04,29,Put,170.0,AAPL260904P00170000,0.0,0.99,0.495,0.0,0.0,0.0,0.0,0.0,1.0676,-0.0005,0.0,0.0016,-0.0016,-0.0001,0.0079,0.0,0.0,0.0,0.490000009536743,no_change,,0.0,55.0
AAPL,2026-09-04,29,Call,175.0,AAPL260904C00175000,139.4,143.2,141.3,0.0,0.0,0.0,0.0,0.0,0.8104,0.9994,0.0,0.002,0.0,0.1526,141.2561,0.0,0.0,0.0,135.175003051758,no_change,,106.0,1.0
AAPL,2026-09-04,29,Put,175.0,AAPL260904P00175000,0.0,0.97,0.485,0.0,0.0,0.0,0.0,0.0,1.0197,-0.0006,0.0,0.0021,-0.0021,-0.0002,0.0101,0.0,0.0,0.0,0.474999994039536,no_change,,0.0,50.0
AAPL,2026-09-04,29,Call,180.0,AAPL260904C00180000,134.45,138.2,136.325,0.0,0.0,0.0,0.0,0.0,0.7525,0.9992,0.0,0.0026,0.0,0.1569,136.278,0.0,0.0,0.0,130.200004577637,no_change,,100.0,1.0
AAPL,2026-09-04,29,Put,180.0,AAPL260904P00180000,0.0,0.95,0.475,0.0,0.0,0.0,0.0,0.0,0.9716,-0.0008,0.0,0.0026,-0.0025,-0.0002,0.0129,0.0,0.0,0.0,0.46000000834465,no_change,,0.0,55.0
AAPL,2026-09-04,29,Call,185.0,AAPL260904C00185000,129.45,132.7,131.075,119.84,0.0,0.0,0.0,1.0,0.0,0.9989,0.0001,0.0032,0.0,0.1612,131.3003,0.0,0.0,0.0,125.224998474121,down,2026-07-31T09:30:54,107.0,2.0
AAPL,2026-09-04,29,Put,185.0,AAPL260904P00185000,0.0,0.92,0.46,0.0,0.0,0.0,0.0,0.0,0.9264,-0.0011,0.0001,0.0032,-0.0031,-0.0003,0.0163,0.0,0.0,0.0,0.444999992847443,no_change,,0.0,50.0
AAPL,2026-09-04,29,Call,190.0,AAPL260904C00190000,124.5,128.25,126.375,0.0,0.0,0.0,0.0,0.0,0.0,0.9987,0.0001,0.004,0.0,0.1655,126.3234,0.0,0.0,0.0,120.225002288818,no_change,,101.0,1.0
AAPL,2026-09-04,29,Put,190.0,AAPL260904P00190000,0.0,0.9,0.45,0.0,0.0,0.0,0.0,0.0,0.8824,-0.0013,0.0001,0.004,-0.0037,-0.0004,0.0203,0.0,0.0,0.0,0.435000002384186,no_change,,0.0,50.0
AAPL,2026-09-04,29,Call,195.0,AAPL260904C00195000,119.5,123.25,121.375,113.88,0.0,0.0,0.0,1.0,0.6449,0.9984,0.0001,0.0049,0.0,0.1698,121.3471,0.0,0.0,0.0,115.375,down,2026-08-05T14:38:10,112.0,1.0
AAPL,2026-09-04,29,Put,195.0,AAPL260904P00195000,0.0,0.87,0.435,0.0,0.0,0.0,0.0,0.0,0.8382,-0.0017,0.0001,0.0049,-0.0044,-0.0004,0.025,0.0,0.0,0.0,0.41499999165535,no_change,,0.0,50.0
AAPL,2026-09-04,29,Call,200.0,AAPL260904C00200000,114.55,117.75,116.15,106.6,0.0,0.0,0.0,2.0,0.0,0.998,0.0001,0.0059,0.0,0.174,116.3717,0.0,0.0,0.0,110.375,up,2026-08-03T10:48:13,100.0,2.0
AAPL,2026-09-04,29,Put,200.0,AAPL260904P00200000,0.0,0.85,0.425,0.02,0.0,0.0,0.0,31.0,0.795,-0.002,0.0001,0.006,-0.0052,-0.0005,0.0306,0.0,0.0,0.0,0.0399999991059303,no_change,2026-08-03T10:04:16,0.0,55.0
AAPL,2026-09-04,29,Call,205.0,AAPL260904C00205000,109.55,113.4,111.475,0.0,0.0,0.0,0.0,0.0,0.6514,0.9975,0.0001,0.0071,0.0,0.1783,111.3973,0.0,0.0,0.0,105.324996948242,no_change,,100.0,3.0
AAPL,2026-09-04,29,Put,205.0,AAPL260904P00205000,0.0,0.38,0.19,0.06,0.0,0.0,0.0,2.0,0.677,-0.0025,0.0001,0.0072,-0.0062,-0.0007,0.0371,0.0,0.0,0.0,0.340000003576279,down,2026-08-03T12:54:23,0.0,47.0
AAPL,2026-09-04,29,Call,210.0,AAPL260904C00210000,104.6,108.35,106.475,0.0,0.0,0.0,0.0,0.0,0.5912,0.9969,0.0002,0.0086,0.0,0.1825,106.4238,0.0,0.0,0.0,100.325000762939,no_change,,100.0,2.0
AAPL,2026-09-04,29,Put,210.0,AAPL260904P00210000,0.0,0.39,0.195,0.14,0.0,0.0,0.0,3.0,0.6454,-0.0031,0.0002,0.0086,-0.0072,-0.0008,0.0447,0.0,0.0,0.0,0.100000001490116,no_change,2026-08-04T14:42:18,0.0,54.0
AAPL,2026-09-04,29,Call,215.0,AAPL260904C00215000,99.6,103.3,101.44999999999999,0.0,0.0,0.0,0.0,0.0,0.0,0.9963,0.0002,0.0102,0.0,0.1866,101.4517,0.0,0.0,0.0,95.4749984741211,no_change,,112.0,1.0
AAPL,2026-09-04,29,Put,215.0,AAPL260904P00215000,0.0,0.4,0.2,0.07,0.0,0.0,0.0,3.0,0.6143,-0.0038,0.0002,0.0103,-0.0083,-0.001,0.0535,0.0,0.0,0.0,0.0649999985471368,down,2026-08-05T13:38:15,0.0,292.0
AAPL,2026-09-04,29,Call,220.0,AAPL260904C00220000,94.65,97.85,96.25,85.8,0.0,0.0,0.0,19.0,0.0,0.9955,0.0003,0.0122,0.0,0.1908,96.4809,0.0,0.0,0.0,90.3000030517578,down,2026-08-04T10:09:38,100.0,3.0
AAPL,2026-09-04,29,Put,220.0,AAPL260904P00220000,0.01,0.12,0.065,0.09,0.025,38.4615,1.0,88.0,0.5071,-0.0046,0.0003,0.0122,-0.0095,-0.0012,0.0637,0.09,0.09,0.09,0.0649999985471368,up,2026-08-06T09:32:11,63.0,81.0
AAPL,2026-09-04,29,Call,225.0,AAPL260904C00225000,89.65,93.05,91.35,115.58,0.0,0.0,0.0,1.0,0.0,0.9945,0.0004,0.0144,0.0,0.1949,91.5118,0.0,0.0,0.0,85.4000015258789,up,2026-07-28T12:55:57,111.0,1.0
AAPL,2026-09-04,29,Put,225.0,AAPL260904P00225000,0.01,0.41,0.21,0.13,0.0,0.0,0.0,16.0,0.5534,-0.0055,0.0004,0.0145,-0.0109,-0.0014,0.0756,0.0,0.0,0.0,0.0899999979883432,down,2026-07-31T15:18:50,186.0,302.0
AAPL,2026-09-04,29,Call,230.0,AAPL260904C00230000,84.7,87.95,86.325,80.25,0.0,0.0,0.0,3.0,0.0,0.9934,0.0004,0.0171,0.0,0.1989,86.5447,0.0,0.0,0.0,80.5750007629394,up,2026-08-05T15:27:27,112.0,2.0
AAPL,2026-09-04,29,Put,230.0,AAPL260904P00230000,0.01,0.18,0.095,0.2,0.1,100.0,10.0,28.0,0.4709,-0.0067,0.0004,0.0172,-0.0124,-0.0017,0.0896,0.2,0.2,0.2,0.100000003352761,no_change,2026-08-06T09:30:07,389.0,336.0
AAPL,2026-09-04,29,Call,235.0,AAPL260904C00235000,79.7,83.5,81.6,99.31,0.0,0.0,0.0,27.0,0.3836,0.992,0.0005,0.0202,0.0,0.2029,81.5802,0.0,0.0,0.0,75.625,no_change,2026-07-30T14:05:26,100.0,2.0
AAPL,2026-09-04,29,Put,235.0,AAPL260904P00235000,0.02,0.21,0.11499999999999999,0.14,0.0,0.0,0.0,16.0,0.4529,-0.0081,0.0006,0.0203,-0.0142,-0.0021,0.1062,0.0,0.0,0.0,0.125000001862645,no_change,2026-08-05T15:46:56,315.0,344.0
AAPL,2026-09-04,29,Call,240.0,AAPL260904C00240000,74.75,78.6,76.675,67.52,0.0,0.0,0.0,12.0,0.467,0.9903,0.0007,0.024,0.0,0.2068,76.619,0.0,0.0,0.0,70.6749992370606,up,2026-08-04T12:03:31,107.0,1.0
AAPL,2026-09-04,29,Put,240.0,AAPL260904P00240000,0.04,0.19,0.115,0.16,0.0,0.0,0.0,58.0,0.4243,-0.0098,0.0007,0.0242,-0.0161,-0.0026,0.126,0.0,0.0,0.0,0.145000003278255,up,2026-08-05T15:55:24,279.0,314.0
AAPL,2026-09-04,29,Call,245.0,AAPL260904C00245000,69.8,73.65,71.725,65.6,0.0,0.0,0.0,3.0,0.383,0.9881,0.0008,0.0285,0.0,0.2106,71.6622,0.0,0.0,0.0,65.6750011444092,no_change,2026-08-05T15:27:59,112.0,1.0
AAPL,2026-09-04,29,Put,245.0,AAPL260904P00245000,0.06,0.23,0.14500000000000002,0.18,0.0,0.0,0.0,60.0,0.4084,-0.012,0.0008,0.0286,-0.0184,-0.0031,0.1505,0.0,0.0,0.0,0.175000000745058,up,2026-08-05T13:13:40,312.0,337.0
AAPL,2026-09-04,29,Call,250.0,AAPL260904C00250000,64.85,68.65,66.75,59.0,0.0,0.0,0.0,164.0,0.403,0.9854,0.001,0.0342,0.0,0.2141,66.7118,0.0,0.0,0.0,60.7749996185303,up,2026-08-05T10:42:28,133.0,2.0
AAPL,2026-09-04,29,Put,250.0,AAPL260904P00250000,0.1,0.24,0.16999999999999998,0.19,0.0,0.0,0.0,105.0,0.3881,-0.0147,0.0011,0.0344,-0.0211,-0.0038,0.181,0.0,0.0,0.0,0.205000005662441,down,2026-08-05T15:55:24,335.0,322.0
AAPL,2026-09-04,29,Call,255.0,AAPL260904C00255000,59.9,63.05,61.474999999999994,88.92,0.0,0.0,0.0,150.0,0.0,0.9819,0.0013,0.0411,-0.0006,0.2175,61.7761,0.0,0.0,0.0,55.6999988555908,up,2026-07-29T13:35:54,177.0,2.0
AAPL,2026-09-04,29,Put,255.0,AAPL260904P00255000,0.13,0.3,0.215,0.28,0.0,0.0,0.0,104.0,0.372,-0.0184,0.0013,0.0414,-0.0245,-0.0047,0.2218,0.0,0.0,0.0,0.260000005364418,up,2026-08-05T14:49:48,288.0,305.0
AAPL,2026-09-04,29,Call,260.0,AAPL260904C00260000,55.0,58.1,56.55,50.49,0.0,0.0,0.0,5.0,0.0,0.9771,0.0017,0.0502,-0.0066,0.2205,56.8489,0.0,0.0,0.0,50.7000007629394,down,2026-08-05T13:33:46,130.0,22.0
AAPL,2026-09-04,29,Put,260.0,AAPL260904P00260000,0.21,0.36,0.285,0.28,-0.07,-20.0,12.0,159.0,0.3597,-0.0232,0.0017,0.0508,-0.0286,-0.006,0.2761,0.41,0.41,0.28,0.350000008940697,no_change,2026-08-06T09:42:50,115.0,174.0
AAPL,2026-09-04,29,Call,265.0,AAPL260904C00265000,50.1,53.25,51.675,45.65,0.0,0.0,0.0,30.0,0.2766,0.9706,0.0022,0.0616,-0.0136,0.2231,51.9351,0.0,0.0,0.0,45.7999992370606,down,2026-08-05T13:33:46,140.0,15.0
AAPL,2026-09-04,29,Put,265.0,AAPL260904P00265000,0.29,0.4,0.345,0.36,-0.13,-26.5306,2.0,246.0,0.3396,-0.0298,0.0022,0.0621,-0.0339,-0.0076,0.3517,0.36,0.36,0.36,0.489999994635582,down,2026-08-06T09:30:10,106.0,323.0
AAPL,2026-09-04,29,Call,270.0,AAPL260904C00270000,45.2,48.3,46.75,39.5,0.0,0.0,0.0,21.0,0.269,0.9616,0.0028,0.0766,-0.0221,0.2249,47.0587,0.0,0.0,0.0,41.0750007629394,up,2026-08-05T09:52:16,125.0,18.0
AAPL,2026-09-04,29,Put,270.0,AAPL260904P00270000,0.4,0.53,0.465,0.45,-0.185,-29.1339,11.0,537.0,0.3269,-0.039,0.0029,0.0777,-0.0406,-0.0099,0.4582,0.56,0.56,0.45,0.634999990463257,down,2026-08-06T09:45:25,70.0,358.0
AAPL,2026-09-04,29,Call,275.0,AAPL260904C00275000,40.35,43.45,41.900000000000006,35.6,0.0,0.0,0.0,10.0,0.2689,0.949,0.0037,0.0962,-0.0325,0.2256,42.2294,0.0,0.0,0.0,36.25,up,2026-08-04T15:24:00,136.0,18.0
AAPL,2026-09-04,29,Put,275.0,AAPL260904P00275000,0.55,0.68,0.615,0.59,-0.275,-31.7919,107.0,699.0,0.3132,-0.0516,0.0038,0.0973,-0.0491,-0.0131,0.6095,0.76,0.78,0.59,0.865000009536743,no_change,2026-08-06T09:45:27,40.0,549.0
AAPL,2026-09-04,29,Call,280.0,AAPL260904C00280000,36.1,38.7,37.400000000000006,29.0,0.0,0.0,0.0,96.0,0.2939,0.9313,0.0049,0.1211,-0.0452,0.225,37.4767,0.0,0.0,0.0,31.7749996185303,up,2026-08-04T10:51:27,82.0,25.0
AAPL,2026-09-04,29,Put,280.0,AAPL260904P00280000,0.78,0.92,0.8500000000000001,0.87,-0.335,-27.8008,25.0,1003.0,0.3021,-0.0695,0.005,0.1216,-0.06,-0.0176,0.833,0.91,0.97,0.87,1.2049999833107,down,2026-08-06T09:44:42,74.0,413.0
AAPL,2026-09-04,29,Call,285.0,AAPL260904C00285000,31.6,33.85,32.725,32.0,4.75,17.4312,1.0,123.0,0.2837,0.9068,0.0064,0.1518,-0.0603,0.2223,32.8188,32.0,32.0,32.0,27.25,up,2026-08-06T09:30:03,115.0,42.0
AAPL,2026-09-04,29,Put,285.0,AAPL260904P00285000,1.14,1.3,1.22,1.19,-0.48,-28.7425,31.0,718.0,0.2942,-0.0943,0.0065,0.1524,-0.0733,-0.0236,1.1602,1.27,1.53,1.16,1.6700000166893,up,2026-08-06T09:47:06,1.0,665.0
AAPL,2026-09-04,29,Call,290.0,AAPL260904C00290000,27.1,29.2,28.15,26.98,3.78,16.2931,5.0,42.0,0.2728,0.873,0.0082,0.1888,-0.078,0.2169,28.3124,27.6,28.04,26.98,23.1999998092651,down,2026-08-06T09:34:44,226.0,61.0
AAPL,2026-09-04,29,Put,290.0,AAPL260904P00290000,1.54,1.79,1.665,1.68,-0.7,-29.4118,21.0,537.0,0.2828,-0.1285,0.0083,0.1896,-0.0893,-0.0319,1.6461,2.0,2.0,1.68,2.37999999523163,down,2026-08-06T09:47:06,164.0,405.0
AAPL,2026-09-04,29,Call,295.0,AAPL260904C00295000,22.8,24.6,23.700000000000003,22.43,3.505,18.5205,6.0,205.0,0.2606,0.8288,0.0103,0.2296,-0.097,0.2085,24.0124,23.04,23.25,22.43,18.9250001907349,down,2026-08-06T09:41:01,57.0,13.0
AAPL,2026-09-04,29,Put,295.0,AAPL260904P00295000,2.23,2.49,2.3600000000000003,2.49,-0.91,-26.7647,27.0,492.0,0.2758,-0.1733,0.0104,0.2305,-0.1068,-0.0424,2.3354,2.58,2.65,2.49,3.39999997615814,down,2026-08-06T09:42:51,22.0,437.0
AAPL,2026-09-04,29,Call,300.0,AAPL260904C00300000,18.95,20.6,19.775,20.0,4.45,28.6174,34.0,532.0,0.2546,0.773,0.0125,0.2713,-0.1162,0.1965,19.981,18.8,20.0,18.15,15.5500001907349,no_change,2026-08-06T09:47:07,377.0,220.0
AAPL,2026-09-04,29,Put,300.0,AAPL260904P00300000,3.15,3.4,3.275,3.38,-1.395,-29.2147,22.0,1928.0,0.2681,-0.2299,0.0127,0.2722,-0.1244,-0.0557,3.2971,3.78,3.78,3.2,4.77500009536743,down,2026-08-06T09:46:03,259.0,158.0
AAPL,2026-09-04,29,Call,305.0,AAPL260904C00305000,15.1,16.5,15.8,16.0,3.725,30.3462,77.0,1738.0,0.2486,0.7057,0.0145,0.3093,-0.1335,0.1811,16.2847,15.05,16.5,14.5,12.2750000953674,no_change,2026-08-06T09:45:54,213.0,11.0
AAPL,2026-09-04,29,Put,305.0,AAPL260904P00305000,4.45,4.8,4.625,4.95,-1.6,-24.4275,6.0,331.0,0.2653,-0.2983,0.0148,0.3119,-0.1402,-0.0703,4.5995,4.7,5.02,4.7,6.54999995231628,down,2026-08-06T09:42:07,16.0,135.0
AAPL,2026-09-04,29,Call,310.0,AAPL260904C00310000,12.5,13.3,12.9,13.0,3.5,36.8421,202.0,934.0,0.2586,0.6287,0.0161,0.3384,-0.1466,0.1626,12.9831,12.0,13.5,11.45,9.5,no_change,2026-08-06T09:47:06,203.0,207.0
AAPL,2026-09-04,29,Put,310.0,AAPL260904P00310000,6.15,6.5,6.325,6.4,-2.375,-27.0655,12.0,730.0,0.2617,-0.3768,0.0164,0.3396,-0.1519,-0.0865,6.3056,6.8,7.0,6.4,8.77499961853027,down,2026-08-06T09:46:57,20.0,230.0
AAPL,2026-09-04,29,Call,315.0,AAPL260904C00315000,9.85,10.3,10.075,10.05,2.85,39.5833,194.0,770.0,0.2575,0.5453,0.0171,0.3544,-0.1538,0.142,10.1198,9.8,10.3,9.0,7.20000004768372,up,2026-08-06T09:46:48,221.0,12.0
AAPL,2026-09-04,29,Put,315.0,AAPL260904P00315000,8.25,8.65,8.45,8.35,-3.1,-27.0742,93.0,455.0,0.2586,-0.4618,0.0174,0.3543,-0.1577,-0.103,8.4566,9.1,9.3,8.35,11.4500002861023,down,2026-08-06T09:47:10,99.0,286.0
AAPL,2026-09-04,29,Call,320.0,AAPL260904C00320000,7.55,7.95,7.75,7.78,2.43,45.4206,910.0,4996.0,0.2598,0.46,0.0172,0.355,-0.1541,0.1204,7.7141,7.0,8.0,6.85,5.34999990463257,no_change,2026-08-06T09:47:03,230.0,40.0
AAPL,2026-09-04,29,Put,320.0,AAPL260904P00320000,10.75,11.35,11.05,11.93,-2.645,-18.1475,27.0,400.0,0.2568,-0.5492,0.0176,0.3534,-0.1567,-0.1178,11.073,11.43,11.93,11.35,14.5749998092651,no_change,2026-08-06T09:34:54,118.0,96.0
AAPL,2026-09-04,29,Call,325.0,AAPL260904C00325000,5.55,6.0,5.775,5.71,1.835,47.3548,143.0,468.0,0.2575,0.3774,0.0165,0.3402,-0.1477,0.0991,5.7578,5.13,5.95,5.0,3.87500011920929,up,2026-08-06T09:46:34,188.0,160.0
AAPL,2026-09-04,29,Put,325.0,AAPL260904P00325000,13.85,15.3,14.575,14.84,-3.61,-19.5664,4.0,94.0,0.2696,-0.6341,0.017,0.3358,-0.149,-0.1287,14.1497,15.9,15.9,14.84,18.4499998092651,down,2026-08-06T09:33:37,15.0,129.0
AAPL,2026-09-04,29,Call,330.0,AAPL260904C00330000,4.1,4.4,4.25,4.3,1.515,54.3986,157.0,6272.0,0.2584,0.3015,0.0151,0.3128,-0.1357,0.0794,4.2171,3.7,4.4,3.65,2.7849999666214,up,2026-08-06T09:47:07,296.0,72.0
AAPL,2026-09-04,29,Put,330.0,AAPL260904P00330000,17.0,19.45,18.225,18.33,-3.995,-17.8947,3.0,163.0,0.2759,-0.7125,0.0157,0.3044,-0.1358,-0.1324,17.6538,18.51,18.51,18.33,22.3250007629395,down,2026-08-06T09:30:06,90.0,99.0
AAPL,2026-09-04,29,Call,335.0,AAPL260904C00335000,2.88,3.2,3.04,3.0,1.07,55.4404,192.0,803.0,0.2584,0.2352,0.0132,0.2768,-0.1201,0.062,3.0393,2.71,3.06,2.6,1.93000000715256,down,2026-08-06T09:46:34,296.0,94.0
AAPL,2026-09-04,29,Put,335.0,AAPL260904P00335000,20.8,23.4,22.1,26.8,0.0,0.0,0.0,53.0,0.2796,-0.7815,0.0139,0.2611,-0.1188,-0.1324,21.5351,0.0,0.0,0.0,26.6500005722046,down,2026-08-05T11:25:31,73.0,65.0
AAPL,2026-09-04,29,Call,340.0,AAPL260904C00340000,2.04,2.3,2.17,2.2,0.82,59.4203,129.0,1645.0,0.2604,0.1798,0.0112,0.237,-0.1028,0.0474,2.1627,1.94,2.24,1.82,1.37999999523163,up,2026-08-06T09:47:06,273.0,145.0
AAPL,2026-09-04,29,Put,340.0,AAPL260904P00340000,24.8,27.55,26.175,32.8,0.0,0.0,0.0,102.0,0.2803,-0.8397,0.0119,0.2155,-0.1,-0.1267,25.7276,0.0,0.0,0.0,31.3000001907349,down,2026-08-05T12:00:49,118.0,49.0
AAPL,2026-09-04,29,Call,345.0,AAPL260904C00345000,1.39,1.6,1.495,1.32,0.35,36.0825,29.0,539.0,0.261,0.1351,0.0092,0.1972,-0.0856,0.0356,1.5251,1.5,1.6,1.25,0.969999998807907,down,2026-08-06T09:42:08,302.0,11.0
AAPL,2026-09-04,29,Put,345.0,AAPL260904P00345000,29.4,32.0,30.7,36.55,0.0,0.0,0.0,163.0,0.2917,-0.8868,0.0098,0.1699,-0.0802,-0.1161,30.1681,0.0,0.0,0.0,36.0499992370606,down,2026-08-04T14:38:07,138.0,50.0
AAPL,2026-09-04,29,Call,350.0,AAPL260904C00350000,1.05,1.15,1.1,1.1,0.41,59.4203,108.0,1312.0,0.2642,0.1002,0.0074,0.1605,-0.0697,0.0264,1.0699,1.01,1.1,0.9,0.689999997615814,no_change,2026-08-06T09:47:14,194.0,935.0
AAPL,2026-09-04,29,Put,350.0,AAPL260904P00350000,33.85,36.65,35.25,41.3,0.0,0.0,0.0,104.0,0.2973,-0.9232,0.0077,0.1277,-0.0604,-0.1023,34.7972,0.0,0.0,0.0,40.625,down,2026-08-04T14:38:39,109.0,22.0
AAPL,2026-09-04,29,Call,355.0,AAPL260904C00355000,0.65,0.85,0.75,0.77,0.275,55.5556,15.0,420.0,0.269,0.0738,0.0058,0.1283,-0.0559,0.0194,0.7498,0.75,0.77,0.64,0.495000004768372,up,2026-08-06T09:46:51,404.0,346.0
AAPL,2026-09-04,29,Put,355.0,AAPL260904P00355000,38.7,41.4,40.05,19.9,0.0,0.0,0.0,2.0,0.3124,-0.95,0.0058,0.092,-0.0412,-0.0865,39.5625,0.0,0.0,0.0,45.875,down,2026-07-29T15:33:50,90.0,22.0
AAPL,2026-09-04,29,Call,360.0,AAPL260904C00360000,0.45,0.59,0.52,0.53,0.18,51.4286,2.0,1803.0,0.2722,0.0541,0.0045,0.1013,-0.0442,0.0142,0.527,0.53,0.53,0.53,0.350000008940697,up,2026-08-06T09:32:25,314.0,141.0
AAPL,2026-09-04,29,Put,360.0,AAPL260904P00360000,43.25,46.3,44.775,24.4,0.0,0.0,0.0,1.0,0.3164,-0.9687,0.0041,0.0626,-0.0236,-0.0718,44.4207,0.0,0.0,0.0,50.4499988555908,up,2026-07-29T15:40:12,123.0,22.0
AAPL,2026-09-04,29,Call,365.0,AAPL260904C00365000,0.3,0.47,0.385,0.23,0.005,2.22222,2.0,233.0,0.279,0.0397,0.0034,0.0795,-0.0349,0.0104,0.373,0.23,0.23,0.23,0.225000001490116,down,2026-08-06T09:34:45,368.0,344.0
AAPL,2026-09-04,29,Put,365.0,AAPL260904P00365000,48.7,51.2,49.95,35.0,0.0,0.0,0.0,2.0,0.3575,-0.9811,0.0028,0.0394,-0.0088,-0.0617,49.3388,0.0,0.0,0.0,55.4249992370606,up,2026-07-30T10:06:06,57.0,7.0
AAPL,2026-09-04,29,Call,370.0,AAPL260904C00370000,0.17,0.32,0.245,0.27,0.095,54.2857,6.0,623.0,0.2785,0.0293,0.0026,0.0622,-0.0275,0.0077,0.2672,0.26,0.27,0.26,0.175000000745058,up,2026-08-06T09:35:25,358.0,146.0
AAPL,2026-09-04,29,Put,370.0,AAPL260904P00370000,53.7,56.2,54.95,0.0,0.0,0.0,0.0,0.0,0.3804,-0.9888,0.0018,0.0256,0.0,-0.052,54.2919,0.0,0.0,0.0,60.3999996185303,no_change,,61.0,10.0
AAPL,2026-09-04,29,Call,375.0,AAPL260904C00375000,0.11,0.28,0.195,0.14,0.0,0.0,0.0,603.0,0.2882,0.0218,0.002,0.0488,-0.0217,0.0057,0.1945,0.0,0.0,0.0,0.12500000372529,down,2026-08-05T15:33:28,335.0,321.0
AAPL,2026-09-04,29,Put,375.0,AAPL260904P00375000,58.55,61.15,59.849999999999994,40.5,0.0,0.0,0.0,0.0,0.3976,-0.9936,0.0012,0.0161,0.0,-0.0507,59.2661,0.0,0.0,0.0,65.3749980926514,down,2026-07-27T14:54:25,87.0,6.0
AAPL,2026-09-04,29,Call,380.0,AAPL260904C00380000,0.13,0.15,0.14,0.13,0.025,23.8095,15.0,105.0,0.293,0.0165,0.0016,0.0386,-0.0174,0.0043,0.1445,0.13,0.13,0.13,0.10500000230968,up,2026-08-06T09:31:50,3.0,1.0
AAPL,2026-09-04,29,Put,380.0,AAPL260904P00380000,63.75,66.15,64.95,0.0,0.0,0.0,0.0,0.0,0.431,-0.9962,0.0007,0.0087,0.0,-0.0465,64.252,0.0,0.0,0.0,70.375,no_change,,10.0,7.0
AAPL,2026-09-04,29,Call,385.0,AAPL260904C00385000,0.05,0.1,0.07500000000000001,0.07,0.0,0.0,0.0,62.0,0.2871,0.0127,0.0012,0.0309,-0.0141,0.0033,0.11,0.0,0.0,0.0,0.0700000002980232,no_change,2026-08-05T11:49:14,116.0,5.0
AAPL,2026-09-04,29,Put,385.0,AAPL260904P00385000,68.65,71.15,69.9,51.3,0.0,0.0,0.0,0.0,0.4492,-0.9978,0.0004,0.0063,0.0,-0.0444,69.2429,0.0,0.0,0.0,75.5499992370606,up,2026-07-30T15:16:07,75.0,7.0
AAPL,2026-09-04,29,Call,390.0,AAPL260904C00390000,0.01,0.24,0.125,0.15,0.0,0.0,0.0,54.0,0.3234,0.01,0.001,0.0252,-0.0117,0.0026,0.086,0.0,0.0,0.0,0.0900000026449561,up,2026-08-05T11:49:08,282.0,315.0
AAPL,2026-09-04,29,Put,390.0,AAPL260904P00390000,73.2,76.15,74.67500000000001,0.0,0.0,0.0,0.0,0.0,0.4454,-0.9986,0.0003,0.0032,0.0,-0.0445,74.2378,0.0,0.0,0.0,80.375,no_change,,101.0,7.0
AAPL,2026-09-04,29,Call,395.0,AAPL260904C00395000,0.01,0.36,0.185,0.08,0.0,0.0,0.0,39.0,0.3586,0.008,0.0008,0.0208,-0.0099,0.0021,0.0692,0.0,0.0,0.0,0.084999998100102,no_change,2026-08-05T11:49:25,146.0,295.0
AAPL,2026-09-04,29,Put,395.0,AAPL260904P00395000,78.65,81.15,79.9,0.0,0.0,0.0,0.0,0.0,0.4912,-0.9992,0.0002,0.0024,0.0,-0.0448,79.2336,0.0,0.0,0.0,85.375,no_change,,51.0,7.0
AAPL,2026-09-04,29,Call,400.0,AAPL260904C00400000,0.02,0.09,0.055,0.05,-0.005,-9.09091,34.0,317.0,0.3239,0.0066,0.0006,0.0176,-0.0085,0.0017,0.0572,0.06,0.06,0.03,0.0550000015646219,no_change,2026-08-06T09:36:58,35.0,147.0
AAPL,2026-09-04,29,Put,400.0,AAPL260904P00400000,83.1,86.15,84.625,0.0,0.0,0.0,0.0,0.0,0.4766,-0.9995,0.0001,0.0016,0.0,-0.0444,84.2303,0.0,0.0,0.0,90.4499969482422,no_change,,100.0,6.0
AAPL,2026-09-04,29,Call,405.0,AAPL260904C00405000,0.01,0.15,0.08,0.04,0.01,33.3333,1.0,19.0,0.3535,0.0055,0.0005,0.015,-0.0074,0.0014,0.0484,0.04,0.04,0.04,0.0299999993294477,no_change,2026-08-06T09:30:01,22.0,414.0
AAPL,2026-09-04,29,Put,405.0,AAPL260904P00405000,88.0,91.1,89.55,0.0,0.0,0.0,0.0,0.0,0.4633,-0.9996,0.0001,0.0008,0.0,-0.0449,89.2274,0.0,0.0,0.0,95.4249992370606,no_change,,100.0,7.0
AAPL,2026-09-04,29,Call,410.0,AAPL260904C00410000,0.0,0.34,0.17,0.0,0.0,0.0,0.0,0.0,0.4047,0.0047,0.0004,0.0131,-0.0066,0.0012,0.0417,0.0,0.0,0.0,0.275000005960464,no_change,,0.0,318.0
AAPL,2026-09-04,29,Put,410.0,AAPL260904P00410000,92.95,96.1,94.525,0.0,0.0,0.0,0.0,0.0,0.5035,-0.9997,0.0001,0.0007,0.0,-0.0454,94.2247,0.0,0.0,0.0,100.400001525879,no_change,,101.0,7.0
AAPL,2026-09-04,29,Call,415.0,AAPL260904C00415000,0.0,0.32,0.16,0.32,-0.095,-22.8916,1.0,0.0,0.4176,0.0041,0.0004,0.0115,-0.006,0.001,0.0366,0.32,0.32,0.32,0.41499999165535,down,2026-08-06T09:38:35,0.0,309.0
AAPL,2026-09-04,29,Put,415.0,AAPL260904P00415000,98.55,101.1,99.82499999999999,0.0,0.0,0.0,0.0,0.0,0.5688,-0.9998,0.0,0.0006,0.0,-0.0458,99.222,0.0,0.0,0.0,105.400001525879,no_change,,85.0,7.0
AAPL,2026-09-11,36,Call,110.0,AAPL260911C00110000,204.25,207.65,205.95,0.0,0.0,0.0,0.0,0.0,0.0,1.0,0.0,0.0001,0.0,0.114,206.067,0.0,0.0,0.0,200.125,no_change,,103.0,100.0
AAPL,2026-09-11,36,Put,110.0,AAPL260911P00110000,0.0,1.02,0.51,0.0,0.0,0.0,0.0,0.0,1.5685,0.0,0.0,0.0001,0.0,0.0,0.0002,0.0,0.0,0.0,0.509999990463257,no_change,,0.0,22.0
AAPL,2026-09-11,36,Call,120.0,AAPL260911C00120000,194.3,197.55,195.925,184.0,0.0,0.0,0.0,1.0,0.0,0.9999,0.0,0.0001,0.0,0.1243,196.1125,0.0,0.0,0.0,189.899993896484,up,2026-07-31T11:19:45,103.0,83.0
AAPL,2026-09-11,36,Put,120.0,AAPL260911P00120000,0.0,1.02,0.51,0.0,0.0,0.0,0.0,0.0,1.4474,0.0,0.0,0.0001,-0.0001,0.0,0.0004,0.0,0.0,0.0,0.509999990463257,no_change,,0.0,22.0
AAPL,2026-09-11,36,Call,125.0,AAPL260911C00125000,189.35,193.15,191.25,0.0,0.0,0.0,0.0,0.0,1.0883,0.9999,0.0,0.0001,0.0,0.1295,191.1353,0.0,0.0,0.0,185.125,no_change,,100.0,102.0
AAPL,2026-09-11,36,Put,125.0,AAPL260911P00125000,0.0,1.02,0.51,0.0,0.0,0.0,0.0,0.0,1.3907,0.0,0.0,0.0002,-0.0001,0.0,0.0006,0.0,0.0,0.0,0.509999990463257,no_change,,0.0,22.0
AAPL,2026-09-11,36,Call,130.0,AAPL260911C00130000,184.35,187.65,186.0,0.0,0.0,0.0,0.0,0.0,0.0,0.9999,0.0,0.0002,0.0,0.1346,186.1582,0.0,0.0,0.0,180.025001525879,no_change,,103.0,2.0
AAPL,2026-09-11,36,Put,130.0,AAPL260911P00130000,0.0,1.02,0.51,0.0,0.0,0.0,0.0,0.0,1.3363,0.0,0.0,0.0002,-0.0002,0.0,0.0009,0.0,0.0,0.0,0.509999990463257,no_change,,0.0,22.0
AAPL,2026-09-11,36,Call,135.0,AAPL260911C00135000,179.35,182.55,180.95,0.0,0.0,0.0,0.0,0.0,0.0,0.9999,0.0,0.0003,0.0,0.1398,181.1812,0.0,0.0,0.0,175.074996948242,no_change,,103.0,100.0
AAPL,2026-09-11,36,Put,135.0,AAPL260911P00135000,0.0,1.02,0.51,0.0,0.0,0.0,0.0,0.0,1.284,-0.0001,0.0,0.0003,-0.0002,0.0,0.0012,0.0,0.0,0.0,0.509999990463257,no_change,,0.0,22.0
AAPL,2026-09-11,36,Call,140.0,AAPL260911C00140000,174.4,177.55,175.97500000000002,0.0,0.0,0.0,0.0,0.0,0.0,0.9999,0.0,0.0004,0.0,0.145,176.2044,0.0,0.0,0.0,170.0,no_change,,103.0,100.0
AAPL,2026-09-11,36,Put,140.0,AAPL260911P00140000,0.0,1.02,0.51,0.0,0.0,0.0,0.0,0.0,1.2335,-0.0001,0.0,0.0004,-0.0003,0.0,0.0017,0.0,0.0,0.0,0.509999990463257,no_change,,0.0,22.0
AAPL,2026-09-11,36,Call,145.0,AAPL260911C00145000,169.4,172.95,171.175,0.0,0.0,0.0,0.0,0.0,0.0,0.9998,0.0,0.0006,0.0,0.1502,171.2277,0.0,0.0,0.0,165.150001525879,no_change,,103.0,1.0
AAPL,2026-09-11,36,Put,145.0,AAPL260911P00145000,0.0,1.02,0.51,0.0,0.0,0.0,0.0,0.0,1.1849,-0.0001,0.0,0.0006,-0.0005,0.0,0.0023,0.0,0.0,0.0,0.509999990463257,no_change,,0.0,22.0
AAPL,2026-09-11,36,Call,150.0,AAPL260911C00150000,164.45,167.8,166.125,0.0,0.0,0.0,0.0,0.0,0.0,0.9998,0.0,0.0008,0.0,0.1553,166.2512,0.0,0.0,0.0,160.075004577637,no_change,,102.0,89.0
AAPL,2026-09-11,36,Put,150.0,AAPL260911P00150000,0.0,1.02,0.51,0.0,0.0,0.0,0.0,0.0,1.1382,-0.0002,0.0,0.0008,-0.0006,-0.0001,0.0032,0.0,0.0,0.0,0.509999990463257,no_change,,0.0,22.0
AAPL,2026-09-11,36,Call,155.0,AAPL260911C00155000,159.45,162.7,161.075,0.0,0.0,0.0,0.0,0.0,0.0,0.9997,0.0,0.001,0.0,0.1605,161.275,0.0,0.0,0.0,155.075004577637,no_change,,103.0,82.0
AAPL,2026-09-11,36,Put,155.0,AAPL260911P00155000,0.0,1.01,0.505,0.0,0.0,0.0,0.0,0.0,1.0908,-0.0003,0.0,0.001,-0.0008,-0.0001,0.0043,0.0,0.0,0.0,0.504999995231628,no_change,,0.0,24.0
AAPL,2026-09-11,36,Call,160.0,AAPL260911C00160000,154.5,158.2,156.35,0.0,0.0,0.0,0.0,0.0,0.0,0.9996,0.0,0.0013,0.0,0.1656,156.2991,0.0,0.0,0.0,150.099998474121,no_change,,100.0,1.0
AAPL,2026-09-11,36,Put,160.0,AAPL260911P00160000,0.0,1.0,0.5,0.0,0.0,0.0,0.0,0.0,1.0452,-0.0004,0.0,0.0013,-0.001,-0.0001,0.0058,0.0,0.0,0.0,0.495000004768372,no_change,,0.0,22.0
AAPL,2026-09-11,36,Call,165.0,AAPL260911C00165000,149.5,152.75,151.125,0.0,0.0,0.0,0.0,0.0,0.0,0.9995,0.0,0.0017,0.0,0.1708,151.3236,0.0,0.0,0.0,145.175003051758,no_change,,100.0,100.0
AAPL,2026-09-11,36,Put,165.0,AAPL260911P00165000,0.0,0.97,0.485,0.0,0.0,0.0,0.0,0.0,0.9981,-0.0005,0.0,0.0017,-0.0013,-0.0001,0.0077,0.0,0.0,0.0,0.479999989271164,no_change,,0.0,22.0
AAPL,2026-09-11,36,Call,170.0,AAPL260911C00170000,144.55,147.7,146.125,0.0,0.0,0.0,0.0,0.0,0.0,0.9994,0.0,0.0022,0.0,0.1759,146.3486,0.0,0.0,0.0,140.200004577637,no_change,,100.0,101.0
AAPL,2026-09-11,36,Put,170.0,AAPL260911P00170000,0.0,0.94,0.47,0.0,0.0,0.0,0.0,0.0,0.9524,-0.0006,0.0,0.0022,-0.0016,-0.0002,0.01,0.0,0.0,0.0,0.465000003576279,no_change,,0.0,22.0
AAPL,2026-09-11,36,Call,175.0,AAPL260911C00175000,139.55,142.7,141.125,0.0,0.0,0.0,0.0,0.0,0.0,0.9992,0.0,0.0028,0.0,0.181,141.3741,0.0,0.0,0.0,135.149993896484,no_change,,102.0,101.0
AAPL,2026-09-11,36,Put,175.0,AAPL260911P00175000,0.0,0.91,0.455,0.0,0.0,0.0,0.0,0.0,0.908,-0.0008,0.0,0.0028,-0.002,-0.0002,0.0129,0.0,0.0,0.0,0.444999992847443,no_change,,0.0,22.0
AAPL,2026-09-11,36,Call,180.0,AAPL260911C00180000,134.6,137.7,136.14999999999998,0.0,0.0,0.0,0.0,0.0,0.0,0.999,0.0001,0.0035,0.0,0.1861,136.4003,0.0,0.0,0.0,130.299995422363,no_change,,101.0,100.0
AAPL,2026-09-11,36,Put,180.0,AAPL260911P00180000,0.0,0.88,0.44,0.0,0.0,0.0,0.0,0.0,0.865,-0.001,0.0001,0.0035,-0.0025,-0.0003,0.0165,0.0,0.0,0.0,0.425000011920929,no_change,,0.0,22.0
AAPL,2026-09-11,36,Call,185.0,AAPL260911C00185000,129.6,132.75,131.175,0.0,0.0,0.0,0.0,0.0,0.0,0.9987,0.0001,0.0043,0.0,0.1912,131.4273,0.0,0.0,0.0,125.25,no_change,,103.0,100.0
AAPL,2026-09-11,36,Put,185.0,AAPL260911P00185000,0.0,0.84,0.42,0.0,0.0,0.0,0.0,0.0,0.8217,-0.0013,0.0001,0.0044,-0.0031,-0.0004,0.0208,0.0,0.0,0.0,0.405000001192093,no_change,,0.0,24.0
AAPL,2026-09-11,36,Call,190.0,AAPL260911C00190000,124.65,127.75,126.2,0.0,0.0,0.0,0.0,0.0,0.0,0.9983,0.0001,0.0054,0.0,0.1963,126.4552,0.0,0.0,0.0,120.449996948242,no_change,,100.0,101.0
AAPL,2026-09-11,36,Put,190.0,AAPL260911P00190000,0.0,0.81,0.405,0.0,0.0,0.0,0.0,0.0,0.781,-0.0016,0.0001,0.0054,-0.0037,-0.0005,0.0261,0.0,0.0,0.0,0.370000004768372,no_change,,0.0,22.0
AAPL,2026-09-11,36,Call,195.0,AAPL260911C00195000,119.65,122.15,120.9,114.12,0.0,0.0,0.0,1.0,0.0,0.9979,0.0001,0.0066,0.0,0.2013,121.4841,0.0,0.0,0.0,115.275001525879,down,2026-08-05T14:38:10,108.0,37.0
AAPL,2026-09-11,36,Put,195.0,AAPL260911P00195000,0.0,0.33,0.165,0.0,0.0,0.0,0.0,0.0,0.6596,-0.002,0.0001,0.0066,-0.0045,-0.0006,0.0323,0.0,0.0,0.0,0.340000003576279,no_change,,0.0,55.0
AAPL,2026-09-11,36,Call,200.0,AAPL260911C00200000,114.7,117.8,116.25,0.0,0.0,0.0,0.0,0.0,0.0,0.9974,0.0001,0.008,0.0,0.2063,116.5141,0.0,0.0,0.0,110.5,no_change,,102.0,100.0
AAPL,2026-09-11,36,Put,200.0,AAPL260911P00200000,0.0,0.33,0.165,0.06,0.0,0.0,0.0,2.0,0.6283,-0.0025,0.0001,0.008,-0.0053,-0.0008,0.0398,0.0,0.0,0.0,0.0599999986588955,down,2026-08-05T15:24:43,0.0,239.0
AAPL,2026-09-11,36,Call,205.0,AAPL260911C00205000,109.7,112.85,111.275,0.0,0.0,0.0,0.0,0.0,0.0,0.9968,0.0002,0.0097,0.0,0.2113,111.5455,0.0,0.0,0.0,105.475002288818,no_change,,103.0,101.0
AAPL,2026-09-11,36,Put,205.0,AAPL260911P00205000,0.0,0.34,0.17,0.0,0.0,0.0,0.0,0.0,0.6001,-0.0031,0.0002,0.0097,-0.0062,-0.001,0.0486,0.0,0.0,0.0,0.175000001676381,no_change,,0.0,53.0
AAPL,2026-09-11,36,Call,210.0,AAPL260911C00210000,104.75,107.9,106.325,0.0,0.0,0.0,0.0,0.0,0.0,0.9961,0.0002,0.0117,0.0,0.2162,106.5785,0.0,0.0,0.0,100.399997711182,no_change,,100.0,101.0
AAPL,2026-09-11,36,Put,210.0,AAPL260911P00210000,0.01,0.54,0.275,0.0,0.0,0.0,0.0,0.0,0.6083,-0.0039,0.0002,0.0118,-0.0073,-0.0012,0.059,0.0,0.0,0.0,0.109999996609986,no_change,,5.0,18.0
AAPL,2026-09-11,36,Call,215.0,AAPL260911C00215000,99.75,102.9,101.325,0.0,0.0,0.0,0.0,0.0,0.0,0.9953,0.0003,0.014,0.0,0.2211,101.6133,0.0,0.0,0.0,95.5250015258789,no_change,,100.0,99.0
AAPL,2026-09-11,36,Put,215.0,AAPL260911P00215000,0.01,0.35,0.18,0.21,0.0,0.0,0.0,2.0,0.5448,-0.0047,0.0003,0.0141,-0.0085,-0.0015,0.0712,0.0,0.0,0.0,0.149999995715916,up,2026-08-04T10:25:50,24.0,178.0
AAPL,2026-09-11,36,Call,220.0,AAPL260911C00220000,94.8,97.95,96.375,85.95,0.0,0.0,0.0,1.0,0.0,0.9942,0.0004,0.0167,0.0,0.226,96.6504,0.0,0.0,0.0,90.5499992370606,up,2026-08-04T10:09:38,103.0,100.0
AAPL,2026-09-11,36,Put,220.0,AAPL260911P00220000,0.01,0.32,0.165,0.23,0.0,0.0,0.0,15.0,0.51,-0.0058,0.0004,0.0168,-0.0098,-0.0018,0.0857,0.0,0.0,0.0,0.10499999858439,up,2026-07-31T13:05:56,59.0,130.0
AAPL,2026-09-11,36,Call,225.0,AAPL260911C00225000,89.85,92.95,91.4,0.0,0.0,0.0,0.0,0.0,0.0,0.993,0.0004,0.0199,0.0,0.2307,91.69,0.0,0.0,0.0,85.4749984741211,no_change,,102.0,92.0
AAPL,2026-09-11,36,Put,225.0,AAPL260911P00225000,0.02,0.19,0.105,0.12,0.0,0.0,0.0,19.0,0.4551,-0.007,0.0004,0.02,-0.0114,-0.0022,0.1028,0.0,0.0,0.0,0.125000001862645,down,2026-08-04T11:55:56,64.0,116.0
AAPL,2026-09-11,36,Call,230.0,AAPL260911C00230000,84.9,88.05,86.475,0.0,0.0,0.0,0.0,0.0,0.0,0.9915,0.0005,0.0237,0.0,0.2354,86.7328,0.0,0.0,0.0,80.6500015258789,no_change,,103.0,101.0
AAPL,2026-09-11,36,Put,230.0,AAPL260911P00230000,0.02,0.22,0.12,0.17,0.0,0.0,0.0,10.0,0.4359,-0.0085,0.0005,0.0238,-0.0131,-0.0027,0.1231,0.0,0.0,0.0,0.124999998137355,down,2026-08-04T11:56:13,139.0,133.0
AAPL,2026-09-11,36,Call,235.0,AAPL260911C00235000,79.95,83.05,81.5,0.0,0.0,0.0,0.0,0.0,0.0,0.9896,0.0006,0.0281,0.0,0.24,81.7799,0.0,0.0,0.0,75.8000030517578,no_change,,100.0,91.0
AAPL,2026-09-11,36,Put,235.0,AAPL260911P00235000,0.04,0.25,0.145,0.16,0.0,0.0,0.0,7.0,0.4198,-0.0104,0.0007,0.0284,-0.015,-0.0033,0.1476,0.0,0.0,0.0,0.175000000745058,down,2026-08-05T12:41:27,237.0,273.0
AAPL,2026-09-11,36,Call,240.0,AAPL260911C00240000,75.0,78.1,76.55,0.0,0.0,0.0,0.0,0.0,0.0,0.9873,0.0008,0.0335,0.0,0.2444,76.8322,0.0,0.0,0.0,70.7249984741211,no_change,,100.0,94.0
AAPL,2026-09-11,36,Put,240.0,AAPL260911P00240000,0.06,0.27,0.165,0.23,0.0,0.0,0.0,21.0,0.4003,-0.0127,0.0008,0.0337,-0.0172,-0.004,0.1777,0.0,0.0,0.0,0.270000003278255,down,2026-08-05T13:16:25,251.0,257.0
AAPL,2026-09-11,36,Call,245.0,AAPL260911C00245000,70.05,72.85,71.44999999999999,65.57,0.0,0.0,0.0,3.0,0.0,0.9845,0.001,0.04,0.0,0.2486,71.892,0.0,0.0,0.0,65.7999992370606,up,2026-08-05T13:59:13,111.0,53.0
AAPL,2026-09-11,36,Put,245.0,AAPL260911P00245000,0.12,0.32,0.22,0.31,0.0,0.0,0.0,28.0,0.3896,-0.0156,0.001,0.0403,-0.0198,-0.0049,0.2151,0.0,0.0,0.0,0.274999998509884,up,2026-08-05T12:41:27,250.0,252.0
AAPL,2026-09-11,36,Call,250.0,AAPL260911C00250000,65.1,68.25,66.675,60.99,0.0,0.0,0.0,8.0,0.0,0.9808,0.0012,0.048,-0.0021,0.2525,66.9617,0.0,0.0,0.0,60.75,up,2026-08-04T13:08:59,111.0,92.0
AAPL,2026-09-11,36,Put,250.0,AAPL260911P00250000,0.16,0.36,0.26,0.26,-0.025,-8.77193,5.0,531.0,0.372,-0.0194,0.0013,0.0483,-0.023,-0.0061,0.2628,0.26,0.26,0.26,0.285000003874302,no_change,2026-08-06T09:34:50,298.0,336.0
AAPL,2026-09-11,36,Call,255.0,AAPL260911C00255000,60.2,63.3,61.75,52.19,0.0,0.0,0.0,1.0,0.259,0.976,0.0016,0.0579,-0.0073,0.2561,62.0458,0.0,0.0,0.0,55.875,up,2026-07-31T09:50:23,119.0,93.0
AAPL,2026-09-11,36,Put,255.0,AAPL260911P00255000,0.21,0.44,0.325,0.39,0.0,0.0,0.0,14.0,0.3576,-0.0242,0.0016,0.0584,-0.0267,-0.0076,0.3247,0.0,0.0,0.0,0.395000010728836,down,2026-08-05T12:43:47,268.0,277.0
AAPL,2026-09-11,36,Call,260.0,AAPL260911C00260000,55.3,57.9,56.599999999999994,50.2,0.0,0.0,0.0,3.0,0.0,0.9697,0.002,0.0702,-0.0134,0.2592,57.1501,0.0,0.0,0.0,51.0,down,2026-08-05T10:03:58,154.0,50.0
AAPL,2026-09-11,36,Put,260.0,AAPL260911P00260000,0.33,0.44,0.385,0.39,-0.14,-26.4151,5.0,65.0,0.3398,-0.0306,0.002,0.0707,-0.0313,-0.0095,0.4075,0.45,0.45,0.39,0.529999986290932,down,2026-08-06T09:46:02,64.0,10.0
AAPL,2026-09-11,36,Call,265.0,AAPL260911C00265000,50.45,53.35,51.900000000000006,44.0,0.0,0.0,0.0,4.0,0.2639,0.9613,0.0025,0.0857,-0.0206,0.2615,52.2839,0.0,0.0,0.0,46.25,up,2026-07-31T15:48:32,135.0,71.0
AAPL,2026-09-11,36,Put,265.0,AAPL260911P00265000,0.44,0.6,0.52,0.59,-0.095,-13.8686,12.0,194.0,0.3298,-0.0391,0.0026,0.0866,-0.037,-0.0122,0.5199,0.5,0.59,0.49,0.685000002384186,up,2026-08-06T09:30:10,188.0,171.0
AAPL,2026-09-11,36,Call,270.0,AAPL260911C00270000,46.45,48.4,47.425,40.6,0.0,0.0,0.0,16.0,0.2977,0.95,0.0032,0.1053,-0.0291,0.2628,47.46,0.0,0.0,0.0,41.4500007629394,down,2026-08-05T14:18:07,59.0,21.0
AAPL,2026-09-11,36,Put,270.0,AAPL260911P00270000,0.58,0.79,0.685,0.71,-0.21,-22.8261,8.0,259.0,0.3203,-0.0505,0.0033,0.1059,-0.0441,-0.0157,0.6755,0.61,0.73,0.61,0.919999986886978,up,2026-08-06T09:45:27,178.0,217.0
AAPL,2026-09-11,36,Call,275.0,AAPL260911C00275000,40.85,43.5,42.175,31.65,0.0,0.0,0.0,7.0,0.2549,0.9347,0.0042,0.1294,-0.0391,0.2628,42.6972,0.0,0.0,0.0,37.0499992370606,no_change,2026-08-04T09:40:11,163.0,28.0
AAPL,2026-09-11,36,Put,275.0,AAPL260911P00275000,0.81,1.02,0.915,0.89,-0.34,-27.6423,21.0,400.0,0.3084,-0.066,0.0042,0.1304,-0.0527,-0.0204,0.8931,0.94,1.0,0.89,1.23000001907349,down,2026-08-06T09:46:02,45.0,143.0
AAPL,2026-09-11,36,Call,280.0,AAPL260911C00280000,36.55,38.9,37.724999999999994,33.23,0.0,0.0,0.0,179.0,0.276,0.9143,0.0053,0.1587,-0.0509,0.261,38.0207,0.0,0.0,0.0,32.1749992370606,up,2026-08-05T11:18:01,144.0,47.0
AAPL,2026-09-11,36,Put,280.0,AAPL260911P00280000,1.12,1.35,1.235,1.27,-0.405,-24.1791,26.0,497.0,0.2987,-0.0868,0.0054,0.1601,-0.0631,-0.0267,1.1984,1.33,1.5,1.15,1.67500001192093,up,2026-08-06T09:45:27,62.0,185.0
AAPL,2026-09-11,36,Call,285.0,AAPL260911C00285000,32.05,34.1,33.075,27.85,0.0,0.0,0.0,23.0,0.266,0.8872,0.0066,0.1934,-0.0644,0.2569,33.4642,0.0,0.0,0.0,28.125,up,2026-08-04T15:25:55,210.0,13.0
AAPL,2026-09-11,36,Put,285.0,AAPL260911P00285000,1.55,1.79,1.67,1.67,-0.685,-29.087,14.0,456.0,0.2905,-0.1138,0.0067,0.1948,-0.0751,-0.035,1.6182,1.85,1.85,1.64,2.35500001907349,down,2026-08-06T09:47:09,2.0,243.0
AAPL,2026-09-11,36,Call,290.0,AAPL260911C00290000,27.8,29.85,28.825000000000003,28.72,4.795,20.0418,2.0,46.0,0.2694,0.8522,0.0082,0.2325,-0.0792,0.25,29.0696,28.72,28.72,28.72,23.9249992370605,up,2026-08-06T09:32:08,170.0,59.0
AAPL,2026-09-11,36,Put,290.0,AAPL260911P00290000,2.1,2.38,2.24,2.26,-0.93,-29.1536,15.0,258.0,0.2817,-0.1492,0.0083,0.2342,-0.0886,-0.0455,2.2068,2.39,2.7,2.26,3.19000005722046,down,2026-08-06T09:47:09,11.0,33.0
AAPL,2026-09-11,36,Call,295.0,AAPL260911C00295000,23.4,26.1,24.75,21.21,0.0,0.0,0.0,64.0,0.2693,0.808,0.01,0.2741,-0.0948,0.2398,24.8777,0.0,0.0,0.0,19.8499994277954,up,2026-08-05T11:05:30,58.0,61.0
AAPL,2026-09-11,36,Put,295.0,AAPL260911P00295000,2.88,3.3,3.09,3.33,-0.995,-23.0058,4.0,173.0,0.2769,-0.194,0.0101,0.276,-0.1029,-0.0586,3.0113,3.55,3.55,3.18,4.32500004768372,up,2026-08-06T09:38:58,132.0,313.0
AAPL,2026-09-11,36,Call,300.0,AAPL260911C00300000,19.9,21.55,20.725,20.3,3.55,21.194,7.0,1155.0,0.2611,0.7546,0.0117,0.3148,-0.1098,0.2263,20.9676,20.9,20.9,19.75,16.75,up,2026-08-06T09:43:38,108.0,82.0
AAPL,2026-09-11,36,Put,300.0,AAPL260911P00300000,4.0,4.3,4.15,4.3,-1.5,-25.8621,9.0,330.0,0.2711,-0.2483,0.0119,0.3168,-0.1167,-0.0739,4.0814,4.55,4.62,4.3,5.79999995231628,down,2026-08-06T09:44:51,2.0,18.0
AAPL,2026-09-11,36,Call,305.0,AAPL260911C00305000,16.45,17.5,16.975,17.1,3.6,26.6667,41.0,1159.0,0.2537,0.6919,0.0133,0.3511,-0.123,0.2094,17.3602,16.1,17.5,14.85,13.5,up,2026-08-06T09:45:36,272.0,3.0
AAPL,2026-09-11,36,Put,305.0,AAPL260911P00305000,5.3,5.75,5.525,5.75,-1.925,-25.0814,2.0,181.0,0.2676,-0.3119,0.0135,0.3527,-0.1288,-0.0912,5.4766,6.09,6.09,5.75,7.67499995231628,down,2026-08-06T09:44:51,71.0,121.0
AAPL,2026-09-11,36,Call,310.0,AAPL260911C00310000,13.8,14.5,14.15,14.15,3.4,31.6279,45.0,1842.0,0.2622,0.622,0.0145,0.3787,-0.1329,0.1897,14.1319,13.53,14.85,12.85,10.75,no_change,2026-08-06T09:46:43,133.0,32.0
AAPL,2026-09-11,36,Put,310.0,AAPL260911P00310000,7.15,7.55,7.35,8.1,-1.725,-17.5573,10.0,243.0,0.2645,-0.3833,0.0148,0.3797,-0.1378,-0.108,7.2434,7.5,8.1,7.5,9.8250002861023,up,2026-08-06T09:37:11,1.0,17.0
AAPL,2026-09-11,36,Call,315.0,AAPL260911C00315000,11.0,11.55,11.275,11.2,2.825,33.7313,73.0,410.0,0.259,0.5472,0.0153,0.3943,-0.1385,0.168,11.2946,10.5,11.33,10.23,8.375,up,2026-08-06T09:46:11,50.0,13.0
AAPL,2026-09-11,36,Put,315.0,AAPL260911P00315000,9.2,9.75,9.475,9.93,-2.595,-20.7186,5.0,136.0,0.2609,-0.4599,0.0156,0.3939,-0.1424,-0.1259,9.4166,9.93,9.93,9.93,12.5250000953674,down,2026-08-06T09:30:58,42.0,15.0
AAPL,2026-09-11,36,Call,320.0,AAPL260911C00320000,8.6,9.2,8.899999999999999,8.78,2.28,35.0769,36.0,520.0,0.259,0.4706,0.0154,0.396,-0.139,0.1452,8.865,8.55,9.01,7.65,6.5,down,2026-08-06T09:46:24,85.0,19.0
AAPL,2026-09-11,36,Put,320.0,AAPL260911P00320000,11.85,12.4,12.125,12.87,-3.18,-19.8131,7.0,9.0,0.261,-0.5384,0.0159,0.3935,-0.142,-0.1419,12.012,12.38,12.87,12.38,16.0500001907349,up,2026-08-06T09:31:25,12.0,24.0
AAPL,2026-09-11,36,Call,325.0,AAPL260911C00325000,6.75,7.2,6.975,6.55,1.65,33.6735,74.0,390.0,0.2608,0.3959,0.015,0.3839,-0.1347,0.1227,6.8473,6.75,6.9,6.06,4.89999985694885,down,2026-08-06T09:46:58,15.0,35.0
AAPL,2026-09-11,36,Put,325.0,AAPL260911P00325000,14.55,16.2,15.375,22.15,0.0,0.0,0.0,65.0,0.2667,-0.6154,0.0155,0.3786,-0.1368,-0.1551,15.0241,0.0,0.0,0.0,19.0,down,2026-08-04T10:42:03,94.0,107.0
AAPL,2026-09-11,36,Call,330.0,AAPL260911C00330000,5.15,5.45,5.300000000000001,5.3,1.6,43.2432,25.0,350.0,0.2601,0.3262,0.014,0.3598,-0.1262,0.1014,5.2103,5.0,5.45,4.5,3.70000004768372,up,2026-08-06T09:47:01,12.0,14.0
AAPL,2026-09-11,36,Put,330.0,AAPL260911P00330000,17.85,20.35,19.1,23.7,0.0,0.0,0.0,182.0,0.2766,-0.6878,0.0146,0.351,-0.1275,-0.163,18.4286,0.0,0.0,0.0,23.0249996185303,down,2026-08-05T12:39:07,139.0,122.0
AAPL,2026-09-11,36,Call,335.0,AAPL260911C00335000,3.7,4.2,3.95,3.69,1.035,38.9831,14.0,352.0,0.2594,0.2636,0.0126,0.327,-0.1147,0.0822,3.9161,3.75,4.0,3.49,2.65499997138977,up,2026-08-06T09:43:38,143.0,24.0
AAPL,2026-09-11,36,Put,335.0,AAPL260911P00335000,21.5,24.05,22.775,35.0,0.0,0.0,0.0,46.0,0.277,-0.7534,0.0133,0.313,-0.1151,-0.1651,22.186,0.0,0.0,0.0,27.125,up,2026-07-31T11:49:42,46.0,46.0
AAPL,2026-09-11,36,Call,340.0,AAPL260911C00340000,2.73,3.15,2.94,2.83,0.795,39.0663,71.0,496.0,0.2606,0.2093,0.0111,0.2889,-0.1013,0.0653,2.9084,2.67,3.0,2.43,2.0349999666214,up,2026-08-06T09:45:37,151.0,149.0
AAPL,2026-09-11,36,Put,340.0,AAPL260911P00340000,25.3,28.1,26.700000000000003,35.43,0.0,0.0,0.0,93.0,0.2763,-0.8107,0.0118,0.2684,-0.1009,-0.1603,26.2478,0.0,0.0,0.0,31.3750009536743,no_change,2026-07-31T15:41:42,71.0,53.0
AAPL,2026-09-11,36,Call,345.0,AAPL260911C00345000,1.97,2.35,2.16,2.1,0.57,37.2549,114.0,329.0,0.2621,0.1639,0.0094,0.2493,-0.0874,0.0512,2.1452,2.14,2.14,2.0,1.52999997138977,up,2026-08-06T09:32:16,18.0,29.0
AAPL,2026-09-11,36,Put,345.0,AAPL260911P00345000,29.55,32.4,30.975,44.28,0.0,0.0,0.0,91.0,0.2798,-0.8592,0.0102,0.2202,-0.0857,-0.149,30.5626,0.0,0.0,0.0,36.1750011444092,up,2026-07-31T13:53:32,291.0,331.0
AAPL,2026-09-11,36,Call,350.0,AAPL260911C00350000,1.44,1.72,1.58,1.66,0.605,57.346,18.0,822.0,0.2641,0.1268,0.0079,0.2106,-0.0739,0.0396,1.5723,1.46,1.66,1.46,1.05500000715256,up,2026-08-06T09:32:18,20.0,23.0
AAPL,2026-09-11,36,Put,350.0,AAPL260911P00350000,34.2,36.95,35.575,46.2,0.0,0.0,0.0,20.0,0.2904,-0.8988,0.0085,0.1724,-0.0699,-0.1305,35.0794,0.0,0.0,0.0,40.625,up,2026-08-04T09:47:11,113.0,115.0
AAPL,2026-09-11,36,Call,355.0,AAPL260911C00355000,1.01,1.2,1.105,1.04,0.255,32.4841,13.0,220.0,0.2638,0.0973,0.0064,0.1749,-0.0615,0.0303,1.1486,1.07,1.1,1.04,0.784999996423721,down,2026-08-06T09:38:03,174.0,10.0
AAPL,2026-09-11,36,Put,355.0,AAPL260911P00355000,39.05,41.6,40.325,0.0,0.0,0.0,0.0,0.0,0.3042,-0.93,0.0068,0.1296,-0.0538,-0.109,39.7513,0.0,0.0,0.0,45.5750007629394,no_change,,47.0,114.0
AAPL,2026-09-11,36,Call,360.0,AAPL260911C00360000,0.8,0.93,0.865,0.86,0.29,50.8772,10.0,105.0,0.2715,0.0741,0.0052,0.1433,-0.0504,0.0231,0.8378,0.86,0.86,0.86,0.569999992847443,no_change,2026-08-06T09:46:22,226.0,23.0
AAPL,2026-09-11,36,Put,360.0,AAPL260911P00360000,44.0,46.4,45.2,0.0,0.0,0.0,0.0,0.0,0.3221,-0.9537,0.0052,0.0969,-0.0377,-0.0926,44.5376,0.0,0.0,0.0,50.4750003814697,no_change,,30.0,128.0
AAPL,2026-09-11,36,Call,365.0,AAPL260911C00365000,0.49,0.65,0.5700000000000001,0.49,0.0,0.0,0.0,28.0,0.2689,0.0563,0.0042,0.1164,-0.0411,0.0175,0.613,0.0,0.0,0.0,0.394999995827675,up,2026-08-05T10:50:58,322.0,1.0
AAPL,2026-09-11,36,Put,365.0,AAPL260911P00365000,48.8,51.3,50.05,0.0,0.0,0.0,0.0,0.0,0.3364,-0.9706,0.0038,0.0666,-0.0223,-0.0832,49.4075,0.0,0.0,0.0,55.3999996185303,no_change,,39.0,117.0
AAPL,2026-09-11,36,Call,370.0,AAPL260911C00370000,0.36,0.53,0.445,0.48,0.18,60.0,4.0,6.0,0.2765,0.0425,0.0033,0.0935,-0.0331,0.0132,0.4471,0.42,0.48,0.42,0.299999997019768,up,2026-08-06T09:30:29,122.0,38.0
AAPL,2026-09-11,36,Put,370.0,AAPL260911P00370000,53.6,56.2,54.900000000000006,0.0,0.0,0.0,0.0,0.0,0.3483,-0.982,0.0026,0.0405,-0.0089,-0.0654,54.3313,0.0,0.0,0.0,60.3249988555908,no_change,,55.0,108.0
AAPL,2026-09-11,36,Call,375.0,AAPL260911C00375000,0.22,0.4,0.31,0.3,0.06,25.0,5.0,1.0,0.2778,0.0323,0.0026,0.075,-0.0267,0.01,0.3304,0.33,0.33,0.29,0.240000002086163,up,2026-08-06T09:35:59,178.0,50.0
AAPL,2026-09-11,36,Put,375.0,AAPL260911P00375000,58.6,61.2,59.900000000000006,0.0,0.0,0.0,0.0,0.0,0.3705,-0.9895,0.0017,0.027,0.0,-0.0533,59.2857,0.0,0.0,0.0,65.2749996185303,no_change,,56.0,111.0
AAPL,2026-09-11,36,Call,380.0,AAPL260911C00380000,0.12,0.33,0.225,0.18,0.0,0.0,0.0,9.0,0.2812,0.0247,0.002,0.0602,-0.0215,0.0076,0.2463,0.0,0.0,0.0,0.195000000298023,no_change,2026-08-05T13:35:54,298.0,211.0
AAPL,2026-09-11,36,Put,380.0,AAPL260911P00380000,63.7,66.15,64.92500000000001,0.0,0.0,0.0,0.0,0.0,0.3943,-0.994,0.0011,0.0161,0.0,-0.0528,64.2615,0.0,0.0,0.0,70.3000030517578,no_change,,54.0,108.0
AAPL,2026-09-11,36,Call,385.0,AAPL260911C00385000,0.07,0.27,0.17,0.13,0.0,0.0,0.0,31.0,0.2862,0.019,0.0016,0.0485,-0.0174,0.0059,0.1858,0.0,0.0,0.0,0.154999997466803,down,2026-08-03T14:32:49,265.0,195.0
AAPL,2026-09-11,36,Put,385.0,AAPL260911P00385000,68.55,71.15,69.85,0.0,0.0,0.0,0.0,0.0,0.4086,-0.9966,0.0006,0.0085,0.0,-0.0465,69.2479,0.0,0.0,0.0,75.3250007629394,no_change,,62.0,108.0
AAPL,2026-09-11,36,Call,390.0,AAPL260911C00390000,0.04,0.24,0.13999999999999999,0.11,0.03,37.5,1.0,53.0,0.2944,0.0148,0.0013,0.0392,-0.0142,0.0046,0.1422,0.11,0.11,0.11,0.0800000000745058,up,2026-08-06T09:30:00,483.0,470.0
AAPL,2026-09-11,36,Put,390.0,AAPL260911P00390000,73.3,76.15,74.725,0.0,0.0,0.0,0.0,0.0,0.4362,-0.9982,0.0004,0.0055,0.0,-0.0455,74.2396,0.0,0.0,0.0,80.3250007629394,no_change,,1.0,105.0
AAPL,2026-09-11,36,Call,395.0,AAPL260911C00395000,0.01,0.2,0.10500000000000001,0.12,0.0,0.0,0.0,29.0,0.2986,0.0116,0.001,0.032,-0.0117,0.0036,0.1106,0.0,0.0,0.0,0.10499999858439,down,2026-08-05T11:07:45,290.0,311.0
AAPL,2026-09-11,36,Put,395.0,AAPL260911P00395000,77.95,81.15,79.55000000000001,0.0,0.0,0.0,0.0,0.0,0.4138,-0.999,0.0002,0.0027,0.0,-0.0445,79.2347,0.0,0.0,0.0,85.3250007629394,no_change,,111.0,101.0
AAPL,2026-09-11,36,Call,400.0,AAPL260911C00400000,0.01,0.15,0.08,0.05,0.0,0.0,0.0,148.0,0.3031,0.0093,0.0008,0.0264,-0.0098,0.0028,0.0876,0.0,0.0,0.0,0.0800000028684735,down,2026-08-05T13:39:09,131.0,263.0
AAPL,2026-09-11,36,Put,400.0,AAPL260911P00400000,83.55,86.1,84.82499999999999,0.0,0.0,0.0,0.0,0.0,0.4662,-0.9994,0.0001,0.0016,0.0,-0.045,84.231,0.0,0.0,0.0,90.2750015258789,no_change,,73.0,100.0
AAPL,2026-09-11,36,Call,405.0,AAPL260911C00405000,0.01,0.1,0.055,0.09,0.0,0.0,0.0,28.0,0.3041,0.0075,0.0007,0.022,-0.0083,0.0023,0.0707,0.0,0.0,0.0,0.0599999986588955,up,2026-08-03T11:03:11,10.0,58.0
AAPL,2026-09-11,36,Put,405.0,AAPL260911P00405000,88.6,91.1,89.85,0.0,0.0,0.0,0.0,0.0,0.4881,-0.9997,0.0001,0.001,0.0,-0.0446,89.2279,0.0,0.0,0.0,95.3250007629394,no_change,,53.0,100.0
AAPL,2026-09-11,36,Call,410.0,AAPL260911C00410000,0.0,0.35,0.175,0.04,0.0,0.0,0.0,11.0,0.3645,0.0062,0.0006,0.0186,-0.0071,0.0019,0.0582,0.0,0.0,0.0,0.0450000017881393,no_change,2026-08-05T14:47:10,0.0,204.0
AAPL,2026-09-11,36,Put,410.0,AAPL260911P00410000,92.85,96.1,94.475,0.0,0.0,0.0,0.0,0.0,0.5043,-0.9998,0.0,0.0005,0.0,-0.0452,94.2253,0.0,0.0,0.0,100.325000762939,no_change,,102.0,103.0
AAPL,2026-09-11,36,Call,415.0,AAPL260911C00415000,0.0,0.34,0.17,0.0,0.0,0.0,0.0,0.0,0.3776,0.0052,0.0005,0.0158,-0.0061,0.0016,0.0487,0.0,0.0,0.0,0.370000004768372,no_change,,0.0,56.0
AAPL,2026-09-11,36,Put,415.0,AAPL260911P00415000,98.65,101.1,99.875,0.0,0.0,0.0,0.0,0.0,0.5282,-0.9999,0.0,0.0003,0.0,-0.0457,99.2227,0.0,0.0,0.0,105.174999237061,no_change,,49.0,100.0
AAPL,2026-09-18,43,Call,50.0,AAPL260918C00050000,264.05,267.5,265.775,258.5,0.0,0.0,0.0,29.0,0.0,1.0,0.0,0.0,0.0,0.0041,265.8671,0.0,0.0,0.0,259.774993896484,down,2026-08-05T11:38:05,100.0,1.0
AAPL,2026-09-18,43,Put,50.0,AAPL260918P00050000,0.0,0.51,0.255,0.11,0.0,0.0,0.0,737.0,2.2523,0.0,0.0,0.0,0.0,0.0,0.0,0.0,0.0,0.0,0.00999999977648258,no_change,2026-07-17T12:28:28,0.0,102.0
AAPL,2026-09-18,43,Call,55.0,AAPL260918C00055000,259.1,262.75,260.925,259.24,0.0,0.0,0.0,40.0,1.8222,1.0,0.0,0.0,0.0,0.043,260.8689,0.0,0.0,0.0,254.699996948242,up,2026-07-06T11:44:35,100.0,1.0
AAPL,2026-09-18,43,Put,55.0,AAPL260918P00055000,0.0,0.11,0.055,0.11,0.0,0.0,0.0,1294.0,1.811,0.0,0.0,0.0,0.0,0.0,0.0,0.0,0.0,0.0,0.00999999977648258,down,2026-08-05T10:12:15,0.0,3.0
AAPL,2026-09-18,43,Call,60.0,AAPL260918C00060000,254.1,257.4,255.75,232.92,0.0,0.0,0.0,2.0,0.0,1.0,0.0,0.0,0.0,0.0736,255.8933,0.0,0.0,0.0,249.824996948242,up,2026-07-01T10:26:11,106.0,100.0
AAPL,2026-09-18,43,Put,60.0,AAPL260918P00060000,0.0,1.02,0.51,0.1,0.0,0.0,0.0,93.0,2.2237,0.0,0.0,0.0,0.0,0.0,0.0,0.0,0.0,0.0,0.104999996721745,down,2026-08-04T15:19:14,0.0,139.0
AAPL,2026-09-18,43,Call,65.0,AAPL260918C00065000,249.15,252.9,251.025,241.99,0.0,0.0,0.0,1.0,1.749,1.0,0.0,0.0,0.0,0.0797,250.9202,0.0,0.0,0.0,244.824996948242,down,2026-08-03T13:21:10,106.0,100.0
AAPL,2026-09-18,43,Put,65.0,AAPL260918P00065000,0.0,1.01,0.505,0.1,0.0,0.0,0.0,25.0,2.1149,0.0,0.0,0.0,0.0,0.0,0.0001,0.0,0.0,0.0,0.104999996721745,no_change,2026-08-05T10:14:02,0.0,100.0
AAPL,2026-09-18,43,Call,70.0,AAPL260918C00070000,244.15,247.9,246.025,237.04,0.0,0.0,0.0,3.0,1.5591,1.0,0.0,0.0,0.0,0.0858,245.9471,0.0,0.0,0.0,239.75,down,2026-08-03T13:21:10,100.0,2.0
AAPL,2026-09-18,43,Put,70.0,AAPL260918P00070000,0.0,1.01,0.505,0.02,0.0,0.0,0.0,145.0,2.0177,0.0,0.0,0.0,0.0,0.0,0.0001,0.0,0.0,0.0,0.104999996721745,down,2026-08-04T15:25:56,0.0,100.0
AAPL,2026-09-18,43,Call,75.0,AAPL260918C00075000,239.2,242.95,241.075,219.18,0.0,0.0,0.0,81.0,1.5878,1.0,0.0,0.0,0.0,0.0919,240.974,0.0,0.0,0.0,234.875,up,2026-05-12T10:03:54,105.0,100.0
AAPL,2026-09-18,43,Put,75.0,AAPL260918P00075000,0.0,1.02,0.51,0.02,0.0,0.0,0.0,218.0,1.9304,0.0,0.0,0.0,0.0,0.0,0.0001,0.0,0.0,0.0,0.00999999977648258,no_change,2026-06-25T15:20:02,0.0,139.0
AAPL,2026-09-18,43,Call,80.0,AAPL260918C00080000,234.2,237.75,235.975,231.73,0.0,0.0,0.0,109.0,0.0,1.0,0.0,0.0,0.0,0.0981,236.0009,0.0,0.0,0.0,230.025001525879,up,2026-05-27T14:29:55,106.0,100.0
AAPL,2026-09-18,43,Put,80.0,AAPL260918P00080000,0.0,0.05,0.025,0.02,0.0,0.0,0.0,82.0,1.3314,0.0,0.0,0.0,0.0,0.0,0.0001,0.0,0.0,0.0,0.025000000372529,down,2026-04-20T15:49:10,0.0,1.0
AAPL,2026-09-18,43,Call,85.0,AAPL260918C00085000,229.25,232.6,230.925,192.23,0.0,0.0,0.0,29.0,0.0,1.0,0.0,0.0,0.0,0.1042,231.0278,0.0,0.0,0.0,224.974998474121,up,2026-02-11T15:23:39,106.0,100.0
AAPL,2026-09-18,43,Put,85.0,AAPL260918P00085000,0.0,1.02,0.51,0.02,0.0,0.0,0.0,55.0,1.768,0.0,0.0,0.0,0.0,0.0,0.0002,0.0,0.0,0.0,0.509999990463257,down,2026-08-04T15:15:52,0.0,139.0
AAPL,2026-09-18,43,Call,90.0,AAPL260918C00090000,224.25,227.9,226.075,225.93,0.0,0.0,0.0,22.0,1.2006,1.0,0.0,0.0,0.0,0.1103,226.0547,0.0,0.0,0.0,219.925003051758,up,2026-07-14T15:18:55,100.0,1.0
AAPL,2026-09-18,43,Put,90.0,AAPL260918P00090000,0.0,1.02,0.51,0.02,0.0,0.0,0.0,99.0,1.6942,0.0,0.0,0.0,0.0,0.0,0.0002,0.0,0.0,0.0,0.509999990463257,down,2026-08-04T15:18:35,0.0,139.0
AAPL,2026-09-18,43,Call,95.0,AAPL260918C00095000,219.3,222.85,221.075,161.7,0.0,0.0,0.0,3.0,0.0,1.0,0.0,0.0001,0.0,0.1164,221.0816,0.0,0.0,0.0,214.900001525879,up,2026-04-02T10:57:40,106.0,100.0
AAPL,2026-09-18,43,Put,95.0,AAPL260918P00095000,0.0,0.05,0.025,0.08,0.0,0.0,0.0,146.0,1.1695,0.0,0.0,0.0001,-0.0001,0.0,0.0003,0.0,0.0,0.0,0.025000000372529,up,2026-07-24T10:31:18,0.0,1.0
AAPL,2026-09-18,43,Call,100.0,AAPL260918C00100000,214.3,217.9,216.10000000000002,206.74,0.0,0.0,0.0,131.0,0.0,1.0,0.0,0.0001,0.0,0.1226,216.1086,0.0,0.0,0.0,210.099998474121,up,2026-08-03T09:45:26,100.0,100.0
AAPL,2026-09-18,43,Put,100.0,AAPL260918P00100000,0.0,0.1,0.05,0.05,0.0,0.0,0.0,630.0,1.193,0.0,0.0,0.0001,-0.0001,0.0,0.0003,0.0,0.0,0.0,0.0500000007450581,no_change,2026-07-31T11:53:27,0.0,1.0
AAPL,2026-09-18,43,Call,105.0,AAPL260918C00105000,209.35,212.6,210.975,200.51,0.0,0.0,0.0,15.0,0.0,1.0,0.0,0.0001,0.0,0.1287,211.1356,0.0,0.0,0.0,204.949996948242,up,2026-07-31T15:19:13,106.0,2.0
AAPL,2026-09-18,43,Put,105.0,AAPL260918P00105000,0.0,1.02,0.51,0.12,0.0,0.0,0.0,202.0,1.4965,0.0,0.0,0.0001,-0.0001,0.0,0.0004,0.0,0.0,0.0,0.509999990463257,up,2026-06-01T09:42:12,0.0,139.0
AAPL,2026-09-18,43,Call,110.0,AAPL260918C00110000,204.35,207.95,206.14999999999998,199.61,0.0,0.0,0.0,376.0,0.0,0.9999,0.0,0.0001,0.0,0.1348,206.1626,0.0,0.0,0.0,200.074996948242,no_change,2026-08-04T14:39:09,106.0,100.0
AAPL,2026-09-18,43,Put,110.0,AAPL260918P00110000,0.0,0.51,0.255,0.09,0.0,0.0,0.0,212.0,1.3103,0.0,0.0,0.0001,-0.0001,0.0,0.0006,0.0,0.0,0.0,0.254999995231628,no_change,2026-07-17T12:37:48,0.0,2.0
AAPL,2026-09-18,43,Call,115.0,AAPL260918C00115000,199.4,202.65,201.025,200.55,0.0,0.0,0.0,28.0,0.0,0.9999,0.0,0.0002,0.0,0.1409,201.1896,0.0,0.0,0.0,195.050003051758,up,2026-07-14T14:25:19,106.0,102.0
AAPL,2026-09-18,43,Put,115.0,AAPL260918P00115000,0.0,0.02,0.01,0.01,0.0,0.0,0.0,339.0,0.9199,0.0,0.0,0.0002,-0.0001,0.0,0.0007,0.0,0.0,0.0,0.00999999977648258,down,2026-08-04T13:18:58,0.0,3.0
AAPL,2026-09-18,43,Call,120.0,AAPL260918C00120000,194.4,198.1,196.25,181.08,0.0,0.0,0.0,119.0,0.9773,0.9999,0.0,0.0002,0.0,0.1471,196.2167,0.0,0.0,0.0,190.099998474121,down,2026-07-31T12:31:10,100.0,100.0
AAPL,2026-09-18,43,Put,120.0,AAPL260918P00120000,0.0,0.2,0.1,0.06,0.0,0.0,0.0,1396.0,1.0848,0.0,0.0,0.0002,-0.0002,0.0,0.001,0.0,0.0,0.0,0.100000001490116,up,2026-07-24T10:29:12,0.0,1.0
AAPL,2026-09-18,43,Call,125.0,AAPL260918C00125000,189.45,192.7,191.075,178.45,0.0,0.0,0.0,663.0,0.0,0.9999,0.0,0.0003,0.0,0.1532,191.2439,0.0,0.0,0.0,185.099998474121,down,2026-07-31T11:26:04,105.0,2.0
AAPL,2026-09-18,43,Put,125.0,AAPL260918P00125000,0.01,0.03,0.02,0.02,0.0,0.0,0.0,296.0,0.895,-0.0001,0.0,0.0003,-0.0002,0.0,0.0013,0.0,0.0,0.0,0.0199999995529652,up,2026-08-05T13:08:40,9.0,10.0
AAPL,2026-09-18,43,Call,130.0,AAPL260918C00130000,184.45,187.8,186.125,181.52,0.0,0.0,0.0,26.0,0.0,0.9999,0.0,0.0004,0.0,0.1593,186.2712,0.0,0.0,0.0,180.099998474121,up,2026-08-05T11:00:36,106.0,100.0
AAPL,2026-09-18,43,Put,130.0,AAPL260918P00130000,0.0,0.12,0.06,0.04,0.0,0.0,0.0,859.0,0.949,-0.0001,0.0,0.0004,-0.0003,0.0,0.0017,0.0,0.0,0.0,0.0599999986588955,up,2026-08-03T14:28:29,0.0,10.0
AAPL,2026-09-18,43,Call,135.0,AAPL260918C00135000,179.5,182.65,181.075,170.88,0.0,0.0,0.0,51.0,0.0,0.9998,0.0,0.0005,0.0,0.1654,181.2986,0.0,0.0,0.0,175.225006103516,up,2026-07-31T15:23:33,106.0,100.0
AAPL,2026-09-18,43,Put,135.0,AAPL260918P00135000,0.0,0.92,0.46,0.03,0.0,0.0,0.0,142.0,1.1593,-0.0001,0.0,0.0005,-0.0004,0.0,0.0022,0.0,0.0,0.0,0.485000014305115,no_change,2026-07-23T14:32:21,0.0,100.0
AAPL,2026-09-18,43,Call,140.0,AAPL260918C00140000,174.5,177.7,176.1,165.9,0.0,0.0,0.0,1912.0,0.0,0.9998,0.0,0.0007,0.0,0.1715,176.3262,0.0,0.0,0.0,170.075004577637,up,2026-07-31T15:23:33,107.0,107.0
AAPL,2026-09-18,43,Put,140.0,AAPL260918P00140000,0.01,0.61,0.31,0.07,0.0,0.0,0.0,1005.0,1.0548,-0.0002,0.0,0.0007,-0.0005,-0.0001,0.0029,0.0,0.0,0.0,0.0599999995902181,up,2026-08-05T12:36:15,4.0,492.0
AAPL,2026-09-18,43,Call,145.0,AAPL260918C00145000,169.55,173.15,171.35000000000002,160.83,0.0,0.0,0.0,72.0,0.0,0.9998,0.0,0.0009,0.0,0.1776,171.354,0.0,0.0,0.0,165.224998474121,down,2026-07-31T09:56:31,106.0,100.0
AAPL,2026-09-18,43,Put,145.0,AAPL260918P00145000,0.0,0.65,0.325,0.2,0.0,0.0,0.0,532.0,1.0194,-0.0002,0.0,0.0009,-0.0006,-0.0001,0.0039,0.0,0.0,0.0,0.109999999403954,up,2026-08-04T10:54:36,0.0,101.0
AAPL,2026-09-18,43,Call,150.0,AAPL260918C00150000,164.55,167.0,165.775,159.05,0.0,0.0,0.0,103.0,0.0,0.9997,0.0,0.0012,0.0,0.1837,166.3821,0.0,0.0,0.0,160.274993896484,down,2026-08-05T11:38:05,150.0,67.0
AAPL,2026-09-18,43,Put,150.0,AAPL260918P00150000,0.01,0.15,0.08,0.08,0.0,0.0,0.0,4517.0,0.8286,-0.0003,0.0,0.0012,-0.0008,-0.0001,0.0051,0.0,0.0,0.0,0.0649999985471368,no_change,2026-08-05T09:36:41,1.0,156.0
AAPL,2026-09-18,43,Call,155.0,AAPL260918C00155000,159.6,163.45,161.52499999999998,146.52,0.0,0.0,0.0,93.0,0.7522,0.9996,0.0,0.0015,0.0,0.1898,161.4105,0.0,0.0,0.0,155.299995422363,down,2026-07-31T13:41:35,106.0,102.0
AAPL,2026-09-18,43,Put,155.0,AAPL260918P00155000,0.01,0.1,0.055,0.06,0.0,0.0,0.0,1260.0,0.7648,-0.0004,0.0,0.0016,-0.001,-0.0001,0.0067,0.0,0.0,0.0,0.0550000006332994,down,2026-08-05T10:42:31,1.0,101.0
AAPL,2026-09-18,43,Call,160.0,AAPL260918C00160000,154.65,157.9,156.275,149.45,0.0,0.0,0.0,204.0,0.0,0.9995,0.0,0.002,0.0,0.1959,156.4394,0.0,0.0,0.0,150.324996948242,down,2026-08-04T14:40:12,100.0,100.0
AAPL,2026-09-18,43,Put,160.0,AAPL260918P00160000,0.0,0.52,0.26,0.06,0.0,0.0,0.0,4245.0,0.8747,-0.0005,0.0,0.002,-0.0013,-0.0002,0.0087,0.0,0.0,0.0,0.300000011920929,no_change,2026-07-23T11:03:34,0.0,261.0
AAPL,2026-09-18,43,Call,165.0,AAPL260918C00165000,149.65,153.05,151.35000000000002,139.77,0.0,0.0,0.0,143.0,0.0,0.9993,0.0,0.0025,0.0,0.202,151.4688,0.0,0.0,0.0,145.300003051758,no_change,2026-07-31T15:09:41,106.0,101.0
AAPL,2026-09-18,43,Put,165.0,AAPL260918P00165000,0.0,0.2,0.1,0.04,0.0,0.0,0.0,3007.0,0.7476,-0.0006,0.0,0.0025,-0.0016,-0.0002,0.0112,0.0,0.0,0.0,0.100000001490116,down,2026-08-04T15:56:21,0.0,91.0
AAPL,2026-09-18,43,Call,170.0,AAPL260918C00170000,144.7,147.85,146.27499999999998,134.78,0.0,0.0,0.0,171.0,0.0,0.9992,0.0,0.0032,0.0,0.208,146.4988,0.0,0.0,0.0,140.400001525879,down,2026-07-31T09:30:00,106.0,101.0
AAPL,2026-09-18,43,Put,170.0,AAPL260918P00170000,0.0,0.7,0.35,0.04,0.0,0.0,0.0,3814.0,0.8366,-0.0008,0.0,0.0032,-0.002,-0.0003,0.0143,0.0,0.0,0.0,0.275000005960464,down,2026-07-31T15:05:44,0.0,231.0
AAPL,2026-09-18,43,Call,175.0,AAPL260918C00175000,139.7,142.2,140.95,135.0,0.0,0.0,0.0,165.0,0.0,0.9989,0.0001,0.0039,0.0,0.2141,141.5295,0.0,0.0,0.0,135.650001525879,up,2026-08-05T15:09:41,184.0,82.0
AAPL,2026-09-18,43,Put,175.0,AAPL260918P00175000,0.01,0.66,0.335,0.17,0.0,0.0,0.0,1758.0,0.7965,-0.0011,0.0001,0.004,-0.0024,-0.0004,0.0182,0.0,0.0,0.0,0.0800000028684735,no_change,2026-08-05T11:53:27,73.0,452.0
AAPL,2026-09-18,43,Call,180.0,AAPL260918C00180000,134.75,137.2,135.975,127.73,0.0,0.0,0.0,243.0,0.0,0.9986,0.0001,0.0049,0.0,0.2201,136.5611,0.0,0.0,0.0,130.425003051758,down,2026-08-05T10:29:14,247.0,96.0
AAPL,2026-09-18,43,Put,180.0,AAPL260918P00180000,0.0,0.11,0.055,0.05,0.0,0.0,0.0,5029.0,0.6146,-0.0013,0.0001,0.0049,-0.0029,-0.0005,0.0229,0.0,0.0,0.0,0.0850000008940697,down,2026-08-04T15:47:00,0.0,2.0
AAPL,2026-09-18,43,Call,185.0,AAPL260918C00185000,129.8,133.3,131.55,121.98,0.0,0.0,0.0,341.0,0.0,0.9983,0.0001,0.006,0.0,0.2261,131.5936,0.0,0.0,0.0,125.625,down,2026-08-04T11:13:18,100.0,100.0
AAPL,2026-09-18,43,Put,185.0,AAPL260918P00185000,0.0,0.14,0.07,0.05,0.0,0.0,0.0,4957.0,0.6019,-0.0017,0.0001,0.006,-0.0035,-0.0006,0.0286,0.0,0.0,0.0,0.0550000006332994,no_change,2026-08-05T15:33:49,0.0,52.0
AAPL,2026-09-18,43,Call,190.0,AAPL260918C00190000,124.8,127.65,126.225,119.54,0.0,0.0,0.0,390.0,0.0,0.9979,0.0001,0.0074,0.0,0.232,126.6274,0.0,0.0,0.0,120.525001525879,down,2026-08-05T11:44:21,178.0,154.0
AAPL,2026-09-18,43,Put,190.0,AAPL260918P00190000,0.01,0.33,0.17,0.12,0.0,0.0,0.0,3003.0,0.6364,-0.0021,0.0001,0.0074,-0.0042,-0.0008,0.0356,0.0,0.0,0.0,0.0649999985471368,no_change,2026-08-05T11:57:14,187.0,398.0
AAPL,2026-09-18,43,Call,195.0,AAPL260918C00195000,119.85,122.4,121.125,114.6,0.0,0.0,0.0,988.0,0.0,0.9974,0.0001,0.009,0.0,0.238,121.6625,0.0,0.0,0.0,115.400001525879,up,2026-08-05T14:43:47,196.0,101.0
AAPL,2026-09-18,43,Put,195.0,AAPL260918P00195000,0.01,0.26,0.135,0.17,0.0,0.0,0.0,9288.0,0.5901,-0.0026,0.0001,0.0091,-0.005,-0.001,0.0438,0.0,0.0,0.0,0.100000000558794,up,2026-08-05T10:41:29,136.0,265.0
AAPL,2026-09-18,43,Call,200.0,AAPL260918C00200000,114.85,117.45,116.15,109.67,0.0,0.0,0.0,1510.0,0.0,0.9968,0.0002,0.0109,0.0,0.2438,116.6991,0.0,0.0,0.0,110.525001525879,up,2026-08-05T14:53:34,5.0,109.0
AAPL,2026-09-18,43,Put,200.0,AAPL260918P00200000,0.05,0.08,0.065,0.09,0.01,12.5,25.0,12482.0,0.5171,-0.0032,0.0002,0.0109,-0.0058,-0.0012,0.0535,0.09,0.09,0.09,0.0800000000745058,up,2026-08-06T09:30:01,1.0,69.0
AAPL,2026-09-18,43,Call,205.0,AAPL260918C00205000,109.9,112.35,111.125,107.07,0.0,0.0,0.0,1334.0,0.0,0.996,0.0002,0.0131,0.0,0.2497,111.7375,0.0,0.0,0.0,105.450000762939,down,2026-08-05T15:55:17,157.0,61.0
AAPL,2026-09-18,43,Put,205.0,AAPL260918P00205000,0.03,0.1,0.065,0.09,0.0,0.0,0.0,8285.0,0.4917,-0.004,0.0002,0.0132,-0.0069,-0.0015,0.0651,0.0,0.0,0.0,0.0849999990314245,up,2026-08-05T13:14:28,454.0,477.0
AAPL,2026-09-18,43,Call,210.0,AAPL260918C00210000,104.95,107.5,106.225,98.66,0.0,0.0,0.0,2572.0,0.0,0.9951,0.0003,0.0157,0.0,0.2554,106.7781,0.0,0.0,0.0,100.525001525879,down,2026-08-05T09:54:04,7.0,130.0
AAPL,2026-09-18,43,Put,210.0,AAPL260918P00210000,0.04,0.12,0.08,0.12,0.0,0.0,0.0,6640.0,0.4775,-0.0049,0.0003,0.0158,-0.008,-0.0018,0.0789,0.0,0.0,0.0,0.0949999988079071,up,2026-08-05T13:18:50,258.0,266.0
AAPL,2026-09-18,43,Call,215.0,AAPL260918C00215000,100.0,102.7,101.35,97.35,0.0,0.0,0.0,1197.0,0.0,0.9941,0.0003,0.0187,0.0,0.2612,101.8211,0.0,0.0,0.0,95.6500015258789,up,2026-08-05T15:59:38,357.0,22.0
AAPL,2026-09-18,43,Put,215.0,AAPL260918P00215000,0.05,0.15,0.1,0.13,0.0,0.0,0.0,5838.0,0.4645,-0.0059,0.0003,0.0188,-0.0093,-0.0022,0.0953,0.0,0.0,0.0,0.114999998360872,up,2026-08-05T13:14:40,330.0,327.0
AAPL,2026-09-18,43,Call,220.0,AAPL260918C00220000,95.0,98.2,96.6,90.95,0.0,0.0,0.0,1269.0,0.0,0.9928,0.0004,0.0223,0.0,0.2668,96.8671,0.0,0.0,0.0,90.625,up,2026-08-04T15:48:42,1.0,230.0
AAPL,2026-09-18,43,Put,220.0,AAPL260918P00220000,0.1,0.13,0.115,0.11,-0.05,-31.25,22.0,8067.0,0.447,-0.0072,0.0004,0.0225,-0.0107,-0.0027,0.1146,0.12,0.12,0.11,0.159999996423721,down,2026-08-06T09:43:39,1.0,78.0
AAPL,2026-09-18,43,Call,225.0,AAPL260918C00225000,90.1,93.0,91.55,84.95,0.0,0.0,0.0,839.0,0.0,0.9913,0.0005,0.0265,0.0,0.2723,91.9166,0.0,0.0,0.0,85.7749977111816,down,2026-08-04T15:19:32,173.0,77.0
AAPL,2026-09-18,43,Put,225.0,AAPL260918P00225000,0.1,0.14,0.12000000000000001,0.15,-0.02,-11.7647,3.0,8081.0,0.4247,-0.0088,0.0005,0.0266,-0.0123,-0.0033,0.1372,0.15,0.15,0.14,0.170000001788139,up,2026-08-06T09:46:53,228.0,51.0
AAPL,2026-09-18,43,Call,230.0,AAPL260918C00230000,85.1,87.75,86.425,81.65,0.0,0.0,0.0,1832.0,0.0,0.9894,0.0006,0.0314,0.0,0.2777,86.9706,0.0,0.0,0.0,80.625,up,2026-08-04T13:14:10,1.0,130.0
AAPL,2026-09-18,43,Put,230.0,AAPL260918P00230000,0.11,0.21,0.16,0.18,0.0,0.0,0.0,6544.0,0.4151,-0.0107,0.0006,0.0317,-0.0141,-0.004,0.1648,0.0,0.0,0.0,0.189999997615814,down,2026-08-05T15:12:33,364.0,316.0
AAPL,2026-09-18,43,Call,235.0,AAPL260918C00235000,80.2,83.35,81.775,80.11,4.31,5.68601,1.0,1831.0,0.0,0.9871,0.0008,0.0372,0.0,0.2829,82.0303,80.11,80.11,80.11,75.8000030517578,up,2026-08-06T09:37:44,7.0,239.0
AAPL,2026-09-18,43,Put,235.0,AAPL260918P00235000,0.14,0.25,0.195,0.19,-0.065,-25.4902,1.0,5894.0,0.4009,-0.013,0.0008,0.0374,-0.0162,-0.0048,0.198,0.19,0.19,0.19,0.254999995231628,down,2026-08-06T09:40:34,296.0,304.0
AAPL,2026-09-18,43,Call,240.0,AAPL260918C00240000,75.25,77.9,76.575,76.49,5.79,8.18953,25.0,3833.0,0.0,0.9843,0.0009,0.0441,0.0,0.2879,77.0975,76.43,76.49,76.43,70.7000007629394,up,2026-08-06T09:33:44,216.0,154.0
AAPL,2026-09-18,43,Put,240.0,AAPL260918P00240000,0.2,0.26,0.23,0.25,-0.03,-10.7143,3.0,11411.0,0.385,-0.0158,0.0009,0.0444,-0.0185,-0.0059,0.2386,0.27,0.27,0.25,0.280000001192093,down,2026-08-06T09:30:00,382.0,354.0
AAPL,2026-09-18,43,Call,245.0,AAPL260918C00245000,70.35,72.75,71.55,65.76,0.0,0.0,0.0,1171.0,0.0,0.9807,0.0012,0.0525,0.0,0.2926,72.1745,0.0,0.0,0.0,65.7750015258789,up,2026-08-05T15:45:54,436.0,30.0
AAPL,2026-09-18,43,Put,245.0,AAPL260918P00245000,0.24,0.33,0.28500000000000003,0.33,0.0,0.0,0.0,4966.0,0.3718,-0.0194,0.0012,0.0529,-0.0213,-0.0072,0.2894,0.0,0.0,0.0,0.350000008940697,down,2026-08-05T15:25:14,364.0,388.0
AAPL,2026-09-18,43,Call,250.0,AAPL260918C00250000,65.2,68.0,66.6,65.7,4.6,7.52864,1.0,4315.0,0.0,0.9762,0.0014,0.0627,0.0,0.2969,67.2653,65.7,65.7,65.7,61.1000003814697,up,2026-08-06T09:30:00,292.0,160.0
AAPL,2026-09-18,43,Put,250.0,AAPL260918P00250000,0.33,0.39,0.36,0.35,-0.085,-19.5402,7.0,8731.0,0.3598,-0.024,0.0014,0.0631,-0.0246,-0.0089,0.354,0.34,0.35,0.34,0.434999987483025,no_change,2026-08-06T09:31:35,39.0,363.0
AAPL,2026-09-18,43,Call,255.0,AAPL260918C00255000,60.55,63.0,61.775,56.75,0.0,0.0,0.0,3051.0,0.0,0.9704,0.0018,0.0752,0.0,0.3007,62.3751,0.0,0.0,0.0,56.1999988555908,up,2026-08-05T10:59:18,403.0,118.0
AAPL,2026-09-18,43,Put,255.0,AAPL260918P00255000,0.41,0.49,0.44999999999999996,0.45,-0.1,-18.1818,7.0,9177.0,0.3471,-0.0299,0.0018,0.0758,-0.0285,-0.011,0.4381,0.52,0.52,0.45,0.549999982118607,down,2026-08-06T09:45:01,108.0,436.0
AAPL,2026-09-18,43,Call,260.0,AAPL260918C00260000,56.1,58.1,57.1,56.0,4.8,9.375,2.0,4962.0,0.2651,0.9629,0.0022,0.0906,-0.0032,0.3038,57.5118,56.8,56.8,56.0,51.2000007629394,down,2026-08-06T09:39:01,448.0,80.0
AAPL,2026-09-18,43,Put,260.0,AAPL260918P00260000,0.53,0.56,0.545,0.53,-0.19,-26.3889,39.0,7623.0,0.3328,-0.0374,0.0022,0.0911,-0.0332,-0.0139,0.5476,0.62,0.65,0.53,0.719999998807907,down,2026-08-06T09:46:43,2.0,49.0
AAPL,2026-09-18,43,Call,265.0,AAPL260918C00265000,50.85,53.0,51.925,46.9,0.0,0.0,0.0,6511.0,0.0,0.9529,0.0028,0.1096,-0.0115,0.3059,52.6862,0.0,0.0,0.0,46.6749992370606,up,2026-08-05T13:17:15,544.0,12.0
AAPL,2026-09-18,43,Put,265.0,AAPL260918P00265000,0.66,0.71,0.685,0.75,-0.17,-18.4783,68.0,7736.0,0.3203,-0.0474,0.0028,0.11,-0.0389,-0.0175,0.6967,0.79,0.81,0.68,0.919999986886978,up,2026-08-06T09:45:54,27.0,77.0
AAPL,2026-09-18,43,Call,270.0,AAPL260918C00270000,46.0,48.5,47.25,43.6,0.0,0.0,0.0,6100.0,0.2355,0.9398,0.0035,0.1327,-0.0209,0.3068,47.914,0.0,0.0,0.0,41.9249992370606,up,2026-08-05T15:57:03,210.0,101.0
AAPL,2026-09-18,43,Put,270.0,AAPL260918P00270000,0.87,0.91,0.89,0.88,-0.335,-27.572,72.0,11250.0,0.3101,-0.0607,0.0036,0.134,-0.0458,-0.0223,0.8996,0.99,1.01,0.86,1.21499997377396,no_change,2026-08-06T09:47:08,5.0,124.0
AAPL,2026-09-18,43,Call,275.0,AAPL260918C00275000,41.4,43.45,42.425,42.4,4.9,13.0667,5.0,4286.0,0.2363,0.9226,0.0044,0.1607,-0.0316,0.3059,43.2154,42.36,42.4,42.36,37.5,up,2026-08-06T09:33:48,343.0,12.0
AAPL,2026-09-18,43,Put,275.0,AAPL260918P00275000,1.14,1.18,1.16,1.18,-0.42,-26.25,172.0,10293.0,0.3006,-0.0781,0.0044,0.1617,-0.0541,-0.0286,1.1766,1.32,1.33,1.15,1.59999996423721,no_change,2026-08-06T09:47:00,12.0,24.0
AAPL,2026-09-18,43,Call,280.0,AAPL260918C00280000,37.8,38.95,38.375,36.83,3.905,11.8603,1.0,7452.0,0.263,0.9002,0.0055,0.1937,-0.0437,0.3029,38.6173,36.83,36.83,36.83,32.9249992370606,up,2026-08-06T09:40:46,177.0,15.0
AAPL,2026-09-18,43,Put,280.0,AAPL260918P00280000,1.51,1.56,1.5350000000000001,1.58,-0.52,-24.7619,249.0,9026.0,0.2918,-0.1007,0.0055,0.1947,-0.0637,-0.0368,1.5559,1.79,1.79,1.53,2.10000002384186,up,2026-08-06T09:47:06,3.0,248.0
AAPL,2026-09-18,43,Call,285.0,AAPL260918C00285000,33.9,34.3,34.099999999999994,32.5,3.6,12.4567,5.0,5998.0,0.2832,0.8716,0.0067,0.2311,-0.0569,0.2973,34.1529,32.86,32.86,32.5,28.8999996185303,down,2026-08-06T09:41:29,88.0,11.0
AAPL,2026-09-18,43,Put,285.0,AAPL260918P00285000,2.01,2.07,2.04,2.06,-0.74,-26.4286,220.0,7901.0,0.2846,-0.1298,0.0068,0.2321,-0.0746,-0.0469,2.0719,2.19,2.35,2.05,2.79999995231628,down,2026-08-06T09:47:02,9.0,71.0
AAPL,2026-09-18,43,Call,290.0,AAPL260918C00290000,29.0,30.4,29.7,29.65,4.825,19.436,13.0,9230.0,0.2736,0.8357,0.0081,0.2718,-0.071,0.2886,29.8526,28.69,30.0,28.01,24.8250007629395,up,2026-08-06T09:46:19,548.0,517.0
AAPL,2026-09-18,43,Put,290.0,AAPL260918P00290000,2.68,2.75,2.715,2.69,-1.06,-28.2667,109.0,9794.0,0.278,-0.1661,0.0082,0.2733,-0.0862,-0.0594,2.7609,2.92,3.09,2.68,3.75,up,2026-08-06T09:47:11,18.0,57.0
AAPL,2026-09-18,43,Call,295.0,AAPL260918C00295000,24.25,26.1,25.175,24.44,3.415,16.2426,25.0,13091.0,0.2543,0.7921,0.0096,0.3136,-0.085,0.2767,25.7778,25.03,25.03,24.22,21.0249996185303,up,2026-08-06T09:43:32,767.0,119.0
AAPL,2026-09-18,43,Put,295.0,AAPL260918P00295000,3.6,3.75,3.675,3.69,-1.285,-25.8291,56.0,7867.0,0.2742,-0.2105,0.0097,0.3157,-0.098,-0.0744,3.672,4.03,4.15,3.69,4.97500014305115,no_change,2026-08-06T09:47:01,3.0,321.0
AAPL,2026-09-18,43,Call,300.0,AAPL260918C00300000,21.6,22.1,21.85,21.8,4.05,22.8169,144.0,26746.0,0.2666,0.7406,0.011,0.3537,-0.0984,0.2613,21.9645,21.01,22.0,20.3,17.75,up,2026-08-06T09:46:34,443.0,2.0
AAPL,2026-09-18,43,Put,300.0,AAPL260918P00300000,4.75,4.9,4.825,4.8,-1.725,-26.4368,112.0,21451.0,0.2693,-0.2627,0.0112,0.356,-0.1091,-0.0916,4.8451,5.33,5.4,4.8,6.52499985694885,no_change,2026-08-06T09:47:06,15.0,172.0
AAPL,2026-09-18,43,Call,305.0,AAPL260918C00305000,18.25,18.6,18.425,18.1,3.475,23.7607,68.0,18048.0,0.2655,0.6821,0.0123,0.3885,-0.1099,0.2428,18.4624,17.25,18.7,17.0,14.625,up,2026-08-06T09:45:34,67.0,11.0
AAPL,2026-09-18,43,Put,305.0,AAPL260918P00305000,6.2,6.45,6.325,6.32,-2.13,-25.2071,47.0,5216.0,0.2676,-0.3226,0.0125,0.3907,-0.1185,-0.1107,6.3326,6.43,6.91,6.32,8.4500002861023,down,2026-08-06T09:47:12,33.0,222.0
AAPL,2026-09-18,43,Call,310.0,AAPL260918C00310000,15.1,15.4,15.25,15.35,3.425,28.7212,997.0,18078.0,0.2635,0.6178,0.0132,0.415,-0.1188,0.2216,15.2926,14.3,15.5,13.95,11.9250001907349,no_change,2026-08-06T09:47:07,478.0,21.0
AAPL,2026-09-18,43,Put,310.0,AAPL260918P00310000,8.05,8.3,8.175,8.2,-2.525,-23.5431,144.0,5839.0,0.2642,-0.3882,0.0135,0.4163,-0.1253,-0.1304,8.1607,8.61,9.01,8.2,10.7249999046326,down,2026-08-06T09:46:16,21.0,241.0
AAPL,2026-09-18,43,Call,315.0,AAPL260918C00315000,12.35,12.6,12.475,12.47,2.895,30.235,311.0,7917.0,0.2635,0.5498,0.0138,0.4303,-0.1242,0.1984,12.4868,11.55,12.65,11.05,9.57499980926514,down,2026-08-06T09:47:12,199.0,11.0
AAPL,2026-09-18,43,Put,315.0,AAPL260918P00315000,10.25,10.55,10.4,10.37,-3.03,-22.6119,61.0,5953.0,0.2629,-0.4579,0.0142,0.43,-0.1286,-0.1495,10.3641,10.9,11.37,10.37,13.4000000953674,down,2026-08-06T09:47:04,32.0,134.0
AAPL,2026-09-18,43,Call,320.0,AAPL260918C00320000,10.0,10.15,10.075,10.05,2.45,32.2368,1096.0,39305.0,0.2615,0.4804,0.014,0.4332,-0.1257,0.1743,10.0497,8.5,10.25,8.5,7.59999990463257,down,2026-08-06T09:47:05,228.0,8.0
AAPL,2026-09-18,43,Put,320.0,AAPL260918P00320000,12.85,13.1,12.975,13.04,-3.36,-20.4878,49.0,3754.0,0.262,-0.5292,0.0144,0.4303,-0.1282,-0.1665,12.9505,13.25,13.9,13.0,16.3999996185303,up,2026-08-06T09:47:05,7.0,133.0
AAPL,2026-09-18,43,Call,325.0,AAPL260918C00325000,7.95,8.15,8.05,8.0,2.075,35.0211,65.0,14738.0,0.2624,0.4126,0.0137,0.4235,-0.1234,0.1504,7.9898,7.55,8.15,7.1,5.92499995231628,no_change,2026-08-06T09:47:12,80.0,113.0
AAPL,2026-09-18,43,Put,325.0,AAPL260918P00325000,15.75,16.1,15.925,18.95,0.0,0.0,0.0,2738.0,0.2618,-0.5995,0.0142,0.418,-0.124,-0.1806,15.9147,0.0,0.0,0.0,19.8249998092651,down,2026-08-05T15:59:47,23.0,60.0
AAPL,2026-09-18,43,Call,330.0,AAPL260918C00330000,6.2,6.4,6.300000000000001,6.4,1.85,40.6593,952.0,24450.0,0.261,0.3482,0.013,0.4027,-0.1178,0.1273,6.272,5.6,6.45,5.5,4.54999995231628,no_change,2026-08-06T09:46:44,545.0,118.0
AAPL,2026-09-18,43,Put,330.0,AAPL260918P00330000,19.1,19.45,19.275,20.2,-3.425,-14.4974,9.0,8144.0,0.2613,-0.6664,0.0136,0.3934,-0.1164,-0.1901,19.2381,19.8,20.35,19.8,23.625,down,2026-08-06T09:44:56,6.0,189.0
AAPL,2026-09-18,43,Call,335.0,AAPL260918C00335000,4.75,5.0,4.875,4.9,1.4,40.0,193.0,7682.0,0.2611,0.2892,0.012,0.3731,-0.1094,0.106,4.8669,4.5,5.0,4.25,3.5,no_change,2026-08-06T09:47:01,558.0,159.0
AAPL,2026-09-18,43,Put,335.0,AAPL260918P00335000,22.7,24.6,23.65,27.7,0.0,0.0,0.0,1517.0,0.2818,-0.7283,0.0127,0.3584,-0.1062,-0.1934,22.8902,0.0,0.0,0.0,27.5,up,2026-08-05T15:39:30,8.0,314.0
AAPL,2026-09-18,43,Call,340.0,AAPL260918C00340000,3.7,3.85,3.7750000000000004,3.75,1.09,40.9774,421.0,13512.0,0.2634,0.2368,0.0108,0.3377,-0.0993,0.0869,3.745,3.45,3.93,3.25,2.6599999666214,no_change,2026-08-06T09:47:12,456.0,235.0
AAPL,2026-09-18,43,Put,340.0,AAPL260918P00340000,26.1,28.8,27.450000000000003,32.51,0.0,0.0,0.0,4065.0,0.2807,-0.784,0.0115,0.3172,-0.0942,-0.1886,26.8404,0.0,0.0,0.0,32.0499992370606,down,2026-08-05T14:19:16,251.0,503.0
AAPL,2026-09-18,43,Call,345.0,AAPL260918C00345000,2.81,2.93,2.87,2.76,0.745,36.9727,52.0,7246.0,0.264,0.1914,0.0095,0.2993,-0.0882,0.0703,2.8571,2.82,2.9,2.5,2.01499998569489,no_change,2026-08-06T09:45:34,202.0,26.0
AAPL,2026-09-18,43,Put,345.0,AAPL260918P00345000,30.55,32.45,31.5,37.45,0.0,0.0,0.0,639.0,0.28,-0.8327,0.0103,0.2728,-0.081,-0.1813,31.0334,0.0,0.0,0.0,36.2250003814697,down,2026-08-04T15:00:37,173.0,362.0
AAPL,2026-09-18,43,Call,350.0,AAPL260918C00350000,2.12,2.2,2.16,2.17,0.65,42.7632,1056.0,28934.0,0.2642,0.1529,0.0082,0.2603,-0.0768,0.0563,2.1646,1.99,2.22,1.86,1.51999998092651,down,2026-08-06T09:47:11,264.0,57.0
AAPL,2026-09-18,43,Put,350.0,AAPL260918P00350000,34.9,37.25,36.075,41.21,0.0,0.0,0.0,263.0,0.2923,-0.8742,0.0089,0.2245,-0.0672,-0.1666,35.4282,0.0,0.0,0.0,41.2749996185303,down,2026-08-05T15:32:10,162.0,683.0
AAPL,2026-09-18,43,Call,355.0,AAPL260918C00355000,1.59,1.68,1.635,1.65,0.525,46.6667,144.0,3713.0,0.2661,0.1211,0.0069,0.2228,-0.0659,0.0446,1.6336,1.48,1.72,1.44,1.125,up,2026-08-06T09:47:13,111.0,12.0
AAPL,2026-09-18,43,Put,355.0,AAPL260918P00355000,39.35,41.85,40.6,52.83,0.0,0.0,0.0,235.0,0.2977,-0.9086,0.0075,0.175,-0.0525,-0.146,40.0024,0.0,0.0,0.0,45.6999988555908,no_change,2026-07-31T13:26:52,105.0,231.0
AAPL,2026-09-18,43,Call,360.0,AAPL260918C00360000,1.21,1.26,1.2349999999999999,1.23,0.385,45.5621,24.0,8106.0,0.2693,0.0952,0.0058,0.1881,-0.0558,0.035,1.2297,1.11,1.23,1.03,0.844999998807907,up,2026-08-06T09:47:12,49.0,20.0
AAPL,2026-09-18,43,Put,360.0,AAPL260918P00360000,44.3,46.55,45.425,44.81,-5.715,-11.3112,10.0,197.0,0.3135,-0.9362,0.0061,0.1311,-0.0372,-0.1223,44.7079,44.96,44.96,44.81,50.5249996185303,no_change,2026-08-06T09:46:06,12.0,291.0
AAPL,2026-09-18,43,Call,365.0,AAPL260918C00365000,0.86,0.95,0.905,0.92,0.285,44.8819,39.0,1996.0,0.2703,0.0745,0.0047,0.1571,-0.0467,0.0274,0.925,0.83,0.92,0.83,0.635000020265579,up,2026-08-06T09:45:29,325.0,17.0
AAPL,2026-09-18,43,Put,365.0,AAPL260918P00365000,48.8,51.4,50.099999999999994,61.3,0.0,0.0,0.0,70.0,0.318,-0.9572,0.0047,0.0978,-0.0217,-0.0954,49.5134,0.0,0.0,0.0,55.7250003814697,down,2026-08-04T09:32:57,91.0,139.0
AAPL,2026-09-18,43,Call,370.0,AAPL260918C00370000,0.63,0.73,0.6799999999999999,0.73,0.25,52.0833,25.0,4545.0,0.2731,0.0581,0.0039,0.1303,-0.0389,0.0214,0.6968,0.62,0.73,0.62,0.479999989271164,up,2026-08-06T09:34:36,447.0,144.0
AAPL,2026-09-18,43,Put,370.0,AAPL260918P00370000,53.8,56.25,55.025,69.3,0.0,0.0,0.0,63.0,0.3349,-0.9726,0.0035,0.0673,-0.0067,-0.0844,54.3936,0.0,0.0,0.0,60.4499988555908,up,2026-07-31T14:09:56,70.0,134.0
AAPL,2026-09-18,43,Call,375.0,AAPL260918C00375000,0.49,0.56,0.525,0.49,0.125,34.2466,8.0,4283.0,0.2778,0.0452,0.0031,0.107,-0.0321,0.0166,0.5242,0.51,0.55,0.49,0.364999994635582,no_change,2026-08-06T09:44:05,201.0,110.0
AAPL,2026-09-18,43,Put,375.0,AAPL260918P00375000,58.5,61.2,59.85,73.95,0.0,0.0,0.0,1.0,0.343,-0.9831,0.0024,0.0412,0.0,-0.0666,59.3223,0.0,0.0,0.0,65.4000015258789,up,2026-07-31T14:10:57,97.0,110.0
AAPL,2026-09-18,43,Call,380.0,AAPL260918C00380000,0.35,0.43,0.39,0.38,0.1,35.7143,32.0,5487.0,0.2801,0.0353,0.0025,0.0879,-0.0265,0.0129,0.3987,0.37,0.4,0.36,0.280000001192093,up,2026-08-06T09:43:38,321.0,85.0
AAPL,2026-09-18,43,Put,380.0,AAPL260918P00380000,62.95,66.15,64.55000000000001,75.0,0.0,0.0,0.0,0.0,0.334,-0.9901,0.0016,0.0288,0.0,-0.0546,64.2792,0.0,0.0,0.0,70.375,up,2026-08-03T14:45:45,118.0,111.0
AAPL,2026-09-18,43,Call,385.0,AAPL260918C00385000,0.25,0.33,0.29000000000000004,0.25,0.0,0.0,0.0,2481.0,0.2826,0.0277,0.002,0.0723,-0.0219,0.0101,0.3058,0.0,0.0,0.0,0.224999994039536,up,2026-08-05T15:56:43,383.0,93.0
AAPL,2026-09-18,43,Put,385.0,AAPL260918P00385000,68.05,71.15,69.6,0.0,0.0,0.0,0.0,0.0,0.3583,-0.9942,0.001,0.0155,0.0,-0.0527,69.2575,0.0,0.0,0.0,75.3500022888184,no_change,,111.0,111.0
AAPL,2026-09-18,43,Call,390.0,AAPL260918C00390000,0.18,0.26,0.22,0.15,0.0,0.0,0.0,5380.0,0.2858,0.022,0.0017,0.0597,-0.0183,0.008,0.2382,0.0,0.0,0.0,0.175000004470348,down,2026-08-05T13:15:11,369.0,113.0
AAPL,2026-09-18,43,Put,390.0,AAPL260918P00390000,73.55,76.15,74.85,69.89,0.0,0.0,0.0,0.0,0.3602,-0.9968,0.0006,0.0099,0.0,-0.047,74.2437,0.0,0.0,0.0,80.4750022888184,down,2026-07-23T14:19:31,79.0,100.0
AAPL,2026-09-18,43,Call,395.0,AAPL260918C00395000,0.16,0.21,0.185,0.14,0.0,0.0,0.0,832.0,0.2935,0.0174,0.0013,0.0493,-0.0152,0.0064,0.186,0.0,0.0,0.0,0.160000000149012,down,2026-08-05T13:15:05,98.0,125.0
AAPL,2026-09-18,43,Put,395.0,AAPL260918P00395000,78.65,81.15,79.9,66.51,0.0,0.0,0.0,0.0,0.4247,-0.9982,0.0004,0.0049,0.0,-0.0466,79.2365,0.0,0.0,0.0,85.3499984741211,down,2026-07-24T10:11:17,72.0,111.0
AAPL,2026-09-18,43,Call,400.0,AAPL260918C00400000,0.13,0.15,0.14,0.13,0.02,18.1818,52.0,10533.0,0.2964,0.0141,0.0011,0.041,-0.0128,0.0051,0.148,0.15,0.15,0.13,0.109999999403954,down,2026-08-06T09:44:54,82.0,3.0
AAPL,2026-09-18,43,Put,400.0,AAPL260918P00400000,82.7,86.1,84.4,90.51,0.0,0.0,0.0,5.0,0.3818,-0.9991,0.0002,0.0033,0.0,-0.0448,84.2311,0.0,0.0,0.0,90.3250007629394,down,2026-08-05T15:32:10,105.0,101.0
AAPL,2026-09-18,43,Call,405.0,AAPL260918C00405000,0.04,0.16,0.1,0.08,0.0,0.0,0.0,660.0,0.2972,0.0114,0.0009,0.0345,-0.0109,0.0042,0.1195,0.0,0.0,0.0,0.110000003129244,down,2026-08-05T13:59:09,304.0,297.0
AAPL,2026-09-18,43,Put,405.0,AAPL260918P00405000,87.95,91.1,89.525,72.95,0.0,0.0,0.0,0.0,0.4194,-0.9994,0.0001,0.0014,0.0,-0.0451,89.2278,0.0,0.0,0.0,95.3250007629394,up,2026-07-16T13:06:56,111.0,105.0
AAPL,2026-09-18,43,Call,410.0,AAPL260918C00410000,0.03,0.21,0.12,0.1,0.0,0.0,0.0,751.0,0.3171,0.0094,0.0008,0.0292,-0.0093,0.0034,0.098,0.0,0.0,0.0,0.0800000000745058,up,2026-08-05T13:15:05,285.0,369.0
AAPL,2026-09-18,43,Put,410.0,AAPL260918P00410000,93.1,96.1,94.6,77.51,0.0,0.0,0.0,0.0,0.4466,-0.9997,0.0001,0.0009,0.0,-0.0456,94.2247,0.0,0.0,0.0,100.325000762939,up,2026-07-24T15:33:04,101.0,101.0
AAPL,2026-09-18,43,Call,415.0,AAPL260918C00415000,0.01,0.14,0.07500000000000001,0.06,0.0,0.0,0.0,43.0,0.3122,0.0079,0.0006,0.0249,-0.0081,0.0028,0.0816,0.0,0.0,0.0,0.0699999993667006,up,2026-08-04T15:19:40,139.0,150.0
AAPL,2026-09-18,43,Put,415.0,AAPL260918P00415000,98.55,101.1,99.82499999999999,0.0,0.0,0.0,0.0,0.0,0.4886,-0.9998,0.0,0.0006,0.0,-0.0456,99.222,0.0,0.0,0.0,105.325000762939,no_change,,78.0,100.0
AAPL,2026-09-18,43,Call,420.0,AAPL260918C00420000,0.02,0.24,0.13,0.06,0.0,0.0,0.0,4308.0,0.3459,0.0067,0.0005,0.0215,-0.0071,0.0024,0.0689,0.0,0.0,0.0,0.0499999998137355,no_change,2026-08-05T11:49:15,377.0,417.0
AAPL,2026-09-18,43,Put,420.0,AAPL260918P00420000,103.5,106.1,104.8,147.75,0.0,0.0,0.0,0.0,0.489,-0.9999,0.0,0.0002,0.0,-0.0461,104.2195,0.0,0.0,0.0,110.275001525879,up,2025-11-21T14:47:51,87.0,100.0
AAPL,2026-09-18,43,Call,430.0,AAPL260918C00430000,0.01,0.35,0.18,0.17,0.0,0.0,0.0,164.0,0.3861,0.0049,0.0004,0.0164,-0.0056,0.0018,0.0509,0.0,0.0,0.0,0.0950000006705522,up,2026-08-05T11:49:06,282.0,356.0
AAPL,2026-09-18,43,Put,430.0,AAPL260918P00430000,113.55,116.1,114.82499999999999,133.65,0.0,0.0,0.0,0.0,0.5383,-1.0,0.0,0.0001,0.0,-0.0472,114.2146,0.0,0.0,0.0,120.325000762939,down,2026-06-24T13:18:48,99.0,100.0
AAPL,2026-09-18,43,Call,440.0,AAPL260918C00440000,0.01,0.34,0.17500000000000002,0.08,0.0,0.0,0.0,265.0,0.4094,0.0037,0.0003,0.0129,-0.0045,0.0013,0.0391,0.0,0.0,0.0,0.09500000346452,down,2026-08-04T12:34:31,96.0,213.0
AAPL,2026-09-18,43,Put,440.0,AAPL260918P00440000,123.25,126.1,124.675,0.0,0.0,0.0,0.0,0.0,0.5526,-1.0,0.0,0.0,0.0,-0.0482,124.2098,0.0,0.0,0.0,130.349998474121,no_change,,101.0,106.0
AAPL,2026-09-18,43,Call,450.0,AAPL260918C00450000,0.02,0.04,0.03,0.01,0.0,0.0,0.0,2492.0,0.3587,0.0029,0.0002,0.0103,-0.0037,0.001,0.0308,0.0,0.0,0.0,0.0299999993294477,down,2026-08-05T15:32:10,16.0,20.0
AAPL,2026-09-18,43,Put,450.0,AAPL260918P00450000,133.5,136.1,134.8,0.0,0.0,0.0,0.0,0.0,0.5981,-1.0,0.0,0.0,0.0,-0.0493,134.205,0.0,0.0,0.0,140.349998474121,no_change,,90.0,10.0
AAPL,2026-09-18,43,Call,460.0,AAPL260918C00460000,0.01,0.32,0.165,0.08,0.0,0.0,0.0,117.0,0.4532,0.0023,0.0002,0.0084,-0.0031,0.0008,0.0247,0.0,0.0,0.0,0.0800000028684735,down,2026-08-03T10:03:58,32.0,219.0
AAPL,2026-09-18,43,Put,460.0,AAPL260918P00460000,143.0,146.1,144.55,0.0,0.0,0.0,0.0,0.0,0.5933,-1.0,0.0,0.0,0.0,-0.0504,144.2002,0.0,0.0,0.0,150.425003051758,no_change,,101.0,106.0
AAPL,2026-09-18,43,Call,470.0,AAPL260918C00470000,0.01,0.2,0.10500000000000001,0.1,0.0,0.0,0.0,78.0,0.4514,0.0018,0.0001,0.0068,-0.0026,0.0007,0.02,0.0,0.0,0.0,0.100000001490116,up,2026-07-31T11:20:04,19.0,158.0
AAPL,2026-09-18,43,Put,470.0,AAPL260918P00470000,152.8,156.1,154.45,0.0,0.0,0.0,0.0,0.0,0.6027,-1.0,0.0,0.0,0.0,-0.0515,154.1954,0.0,0.0,0.0,160.274993896484,no_change,,100.0,100.0
AAPL,2026-09-18,43,Call,480.0,AAPL260918C00480000,0.0,0.14,0.07,0.01,0.0,0.0,0.0,206.0,0.4524,0.0015,0.0001,0.0056,-0.0022,0.0005,0.0163,0.0,0.0,0.0,0.0700000002980232,down,2026-08-04T11:21:49,0.0,11.0
AAPL,2026-09-18,43,Put,480.0,AAPL260918P00480000,162.9,166.1,164.5,0.0,0.0,0.0,0.0,0.0,0.6297,-1.0,0.0,0.0,0.0,-0.0526,164.1906,0.0,0.0,0.0,170.274993896484,no_change,,101.0,106.0
AAPL,2026-09-18,43,Call,490.0,AAPL260918C00490000,0.0,0.06,0.03,0.03,0.0,0.0,0.0,953.0,0.4356,0.0012,0.0001,0.0046,-0.0019,0.0004,0.0134,0.0,0.0,0.0,0.0299999993294477,up,2026-07-30T14:25:14,0.0,1.0
AAPL,2026-09-18,43,Put,490.0,AAPL260918P00490000,173.5,176.05,174.775,0.0,0.0,0.0,0.0,0.0,0.7093,-1.0,0.0,0.0,0.0,-0.0537,174.1858,0.0,0.0,0.0,180.324996948242,no_change,,86.0,100.0
AAPL,2026-09-18,43,Call,500.0,AAPL260918C00500000,0.01,0.08,0.045,0.01,0.0,0.0,0.0,1050.0,0.4707,0.001,0.0001,0.0038,-0.0016,0.0004,0.0109,0.0,0.0,0.0,0.00499999988824129,no_change,2026-08-05T13:05:54,1.0,28.0
AAPL,2026-09-18,43,Put,500.0,AAPL260918P00500000,183.5,186.05,184.775,184.7,0.0,0.0,0.0,0.0,0.736,-1.0,0.0,0.0,0.0,-0.0548,184.181,0.0,0.0,0.0,190.224998474121,up,2026-07-14T14:05:48,86.0,105.0
AAPL,2026-09-18,43,Call,510.0,AAPL260918C00510000,0.0,0.2,0.1,0.1,0.0,0.0,0.0,322.0,0.529,0.0008,0.0001,0.0032,-0.0014,0.0003,0.0091,0.0,0.0,0.0,0.100000001490116,up,2026-07-27T09:56:12,0.0,116.0
AAPL,2026-09-18,43,Put,510.0,AAPL260918P00510000,193.4,196.05,194.72500000000002,0.0,0.0,0.0,0.0,0.0,0.7553,-1.0,0.0,0.0,0.0,-0.0559,194.1762,0.0,0.0,0.0,200.25,no_change,,101.0,100.0
AAPL,2026-09-18,43,Call,520.0,AAPL260918C00520000,0.0,1.02,0.51,0.05,0.0,0.0,0.0,558.0,0.6677,0.0007,0.0,0.0027,-0.0012,0.0002,0.0075,0.0,0.0,0.0,0.509999990463257,down,2026-07-27T11:17:00,0.0,139.0
AAPL,2026-09-18,43,Put,520.0,AAPL260918P00520000,203.0,206.05,204.525,0.0,0.0,0.0,0.0,0.0,0.7692,-1.0,0.0,0.0,0.0,-0.057,204.1714,0.0,0.0,0.0,210.224998474121,no_change,,1.0,100.0
AAPL,2026-09-18,43,Call,530.0,AAPL260918C00530000,0.0,0.04,0.02,0.02,0.0,0.0,0.0,9429.0,0.4881,0.0006,0.0,0.0022,-0.001,0.0002,0.0062,0.0,0.0,0.0,0.0149999996647239,no_change,2026-08-05T11:12:14,0.0,30.0
AAPL,2026-09-18,43,Put,530.0,AAPL260918P00530000,213.5,216.05,214.775,0.0,0.0,0.0,0.0,0.0,0.7852,-1.0,0.0,0.0,0.0,-0.058,214.1666,0.0,0.0,0.0,220.224998474121,no_change,,78.0,100.0
AAPL,2026-09-18,43,Call,540.0,AAPL260918C00540000,0.0,1.02,0.51,0.15,0.0,0.0,0.0,5.0,0.7096,0.0005,0.0,0.0019,-0.0008,0.0002,0.0052,0.0,0.0,0.0,0.509999990463257,up,2026-07-15T14:57:20,0.0,139.0
AAPL,2026-09-18,43,Put,540.0,AAPL260918P00540000,223.5,226.05,224.775,0.0,0.0,0.0,0.0,0.0,0.8368,-1.0,0.0,0.0,0.0,-0.0592,224.1618,0.0,0.0,0.0,230.224998474121,no_change,,96.0,106.0
AAPL,2026-09-18,43,Call,550.0,AAPL260918C00550000,0.0,0.03,0.015,0.03,0.0,0.0,0.0,3.0,0.5078,0.0004,0.0,0.0016,-0.0007,0.0001,0.0043,0.0,0.0,0.0,0.0149999996647239,down,2026-07-17T13:55:16,0.0,16.0
AAPL,2026-09-18,43,Put,550.0,AAPL260918P00550000,233.0,236.05,234.525,0.0,0.0,0.0,0.0,0.0,0.8181,-1.0,0.0,0.0,0.0,-0.0602,234.157,0.0,0.0,0.0,240.424995422363,no_change,,101.0,101.0
AAPL,2026-09-18,43,Call,560.0,AAPL260918C00560000,0.0,1.02,0.51,0.07,0.0,0.0,0.0,8.0,0.7494,0.0003,0.0,0.0013,-0.0006,0.0001,0.0036,0.0,0.0,0.0,0.509999990463257,down,2026-07-13T10:19:24,0.0,139.0
AAPL,2026-09-18,43,Put,560.0,AAPL260918P00560000,242.65,246.05,244.35000000000002,0.0,0.0,0.0,0.0,0.0,0.8908,-1.0,0.0,0.0,0.0,-0.0217,244.1522,0.0,0.0,0.0,250.274993896484,no_change,,10.0,106.0
AAPL,2026-09-18,43,Call,570.0,AAPL260918C00570000,0.0,1.02,0.51,0.02,0.0,0.0,0.0,3.0,0.7686,0.0003,0.0,0.0011,-0.0005,0.0001,0.003,0.0,0.0,0.0,0.509999990463257,down,2026-07-17T12:46:52,0.0,139.0
AAPL,2026-09-18,43,Put,570.0,AAPL260918P00570000,252.75,256.05,254.4,0.0,0.0,0.0,0.0,0.0,0.835,-1.0,0.0,0.0,0.0,0.0,254.15,0.0,0.0,0.0,260.274993896484,no_change,,2.0,106.0
AAPL,2026-09-18,43,Call,580.0,AAPL260918C00580000,0.0,1.02,0.51,0.1,0.0,0.0,0.0,1.0,0.7874,0.0002,0.0,0.001,-0.0004,0.0001,0.0025,0.0,0.0,0.0,0.509999990463257,down,2026-06-10T14:11:28,0.0,139.0
AAPL,2026-09-18,43,Put,580.0,AAPL260918P00580000,262.85,266.05,264.45000000000005,0.0,0.0,0.0,0.0,0.0,0.8687,-1.0,0.0,0.0,0.0,0.0,264.15,0.0,0.0,0.0,270.274993896484,no_change,,100.0,106.0
AAPL,2026-09-18,43,Call,590.0,AAPL260918C00590000,0.0,1.02,0.51,0.1,0.0,0.0,0.0,2.0,0.8059,0.0002,0.0,0.0008,-0.0004,0.0001,0.0021,0.0,0.0,0.0,0.509999990463257,down,2026-06-10T14:11:20,0.0,201.0
AAPL,2026-09-18,43,Put,590.0,AAPL260918P00590000,272.35,276.05,274.20000000000005,0.0,0.0,0.0,0.0,0.0,0.7967,-1.0,0.0,0.0,0.0,0.0,274.15,0.0,0.0,0.0,280.274993896484,no_change,,1.0,106.0
AAPL,2026-09-18,43,Call,600.0,AAPL260918C00600000,0.0,0.01,0.005,0.01,-0.045,-81.8182,10.0,4566.0,0.5358,0.0002,0.0,0.0007,-0.0003,0.0,0.0018,0.01,0.01,0.01,0.0549999997019768,no_change,2026-08-06T09:30:00,0.0,2958.0
AAPL,2026-09-18,43,Put,600.0,AAPL260918P00600000,282.3,286.05,284.175,0.0,0.0,0.0,0.0,0.0,0.7966,-1.0,0.0,0.0,0.0,0.0,284.15,0.0,0.0,0.0,290.274993896484,no_change,,10.0,105.0
AAPL,2026-09-25,50,Call,240.0,AAPL260925C00240000,75.3,79.15,77.225,0.0,0.0,0.0,0.0,0.0,0.3444,0.9806,0.0011,0.0569,0.0,0.3306,77.3684,0.0,0.0,0.0,0.0,no_change,,176.0,1.0
AAPL,2026-09-25,50,Put,240.0,AAPL260925P00240000,0.0,0.58,0.29,0.0,0.0,0.0,0.0,0.0,0.3707,-0.0195,0.0011,0.0573,-0.0201,-0.0085,0.3182,0.0,0.0,0.0,0.0,no_change,,0.0,20.0
AAPL,2026-09-25,50,Call,245.0,AAPL260925C00245000,70.4,74.15,72.275,0.0,0.0,0.0,0.0,0.0,0.3267,0.9763,0.0013,0.0672,0.0,0.3357,72.465,0.0,0.0,0.0,0.0,no_change,,163.0,1.0
AAPL,2026-09-25,50,Put,245.0,AAPL260925P00245000,0.0,2.48,1.24,0.0,0.0,0.0,0.0,0.0,0.453,-0.0238,0.0013,0.0676,-0.0229,-0.0103,0.3844,0.0,0.0,0.0,0.0,no_change,,0.0,19.0
AAPL,2026-09-25,50,Call,250.0,AAPL260925C00250000,65.5,69.4,67.45,0.0,0.0,0.0,0.0,0.0,0.3315,0.971,0.0016,0.0795,0.0,0.3404,67.5788,0.0,0.0,0.0,0.0,no_change,,163.0,1.0
AAPL,2026-09-25,50,Put,250.0,AAPL260925P00250000,0.0,0.84,0.42,0.0,0.0,0.0,0.0,0.0,0.3435,-0.0292,0.0016,0.0803,-0.0263,-0.0126,0.4681,0.0,0.0,0.0,0.0,no_change,,0.0,25.0
AAPL,2026-09-25,50,Call,255.0,AAPL260925C00255000,60.65,64.55,62.599999999999994,0.0,0.0,0.0,0.0,0.0,0.3243,0.9643,0.002,0.0945,-0.0021,0.3442,62.7161,0.0,0.0,0.0,0.0,no_change,,135.0,1.0
AAPL,2026-09-25,50,Put,255.0,AAPL260925P00255000,0.0,1.07,0.535,0.0,0.0,0.0,0.0,0.0,0.3333,-0.036,0.002,0.0951,-0.0303,-0.0156,0.5757,0.0,0.0,0.0,0.0,no_change,,0.0,67.0
AAPL,2026-09-25,50,Call,260.0,AAPL260925C00260000,55.8,59.7,57.75,0.0,0.0,0.0,0.0,0.0,0.3132,0.9556,0.0024,0.1126,-0.009,0.3473,57.8858,0.0,0.0,0.0,0.0,no_change,,176.0,1.0
AAPL,2026-09-25,50,Put,260.0,AAPL260925P00260000,0.0,1.29,0.645,0.0,0.0,0.0,0.0,0.0,0.3197,-0.0448,0.0025,0.1135,-0.035,-0.0192,0.7162,0.0,0.0,0.0,0.0,no_change,,0.0,26.0
AAPL,2026-09-25,50,Call,265.0,AAPL260925C00265000,51.05,54.95,53.0,0.0,0.0,0.0,0.0,0.0,0.3079,0.9445,0.003,0.1343,-0.0168,0.3491,53.1,0.0,0.0,0.0,0.0,no_change,,162.0,1.0
AAPL,2026-09-25,50,Put,265.0,AAPL260925P00265000,0.72,2.75,1.7349999999999999,0.86,0.86,0.0,2.0,0.0,0.3696,-0.056,0.003,0.1352,-0.0405,-0.0241,0.8988,0.86,0.86,0.86,0.0,no_change,2026-08-06T09:45:47,5.0,12.0
AAPL,2026-09-25,50,Call,270.0,AAPL260925C00270000,46.3,50.2,48.25,0.0,0.0,0.0,0.0,0.0,0.2944,0.9301,0.0037,0.1605,-0.0255,0.3494,48.3746,0.0,0.0,0.0,0.0,no_change,,195.0,1.0
AAPL,2026-09-25,50,Put,270.0,AAPL260925P00270000,0.0,1.5,0.75,0.0,0.0,0.0,0.0,0.0,0.2778,-0.0708,0.0038,0.1617,-0.0472,-0.0302,1.149,0.0,0.0,0.0,0.0,no_change,,0.0,1.0
AAPL,2026-09-25,50,Call,275.0,AAPL260925C00275000,41.65,45.6,43.625,0.0,0.0,0.0,0.0,0.0,0.2916,0.9117,0.0046,0.191,-0.0353,0.3479,43.7308,0.0,0.0,0.0,0.0,no_change,,178.0,1.0
AAPL,2026-09-25,50,Put,275.0,AAPL260925P00275000,0.0,3.55,1.775,0.0,0.0,0.0,0.0,0.0,0.3124,-0.0895,0.0046,0.1928,-0.0549,-0.038,1.4791,0.0,0.0,0.0,0.0,no_change,,0.0,32.0
AAPL,2026-09-25,50,Call,280.0,AAPL260925C00280000,37.1,41.1,39.1,0.0,0.0,0.0,0.0,0.0,0.2853,0.8883,0.0056,0.226,-0.046,0.3438,39.1948,0.0,0.0,0.0,0.0,no_change,,226.0,1.0
AAPL,2026-09-25,50,Put,280.0,AAPL260925P00280000,0.14,3.95,2.045,2.1,2.1,0.0,10.0,0.0,0.2955,-0.1129,0.0056,0.2283,-0.0636,-0.0479,1.9119,2.1,2.1,2.1,0.0,up,2026-08-06T09:34:03,55.0,106.0
AAPL,2026-09-25,50,Call,285.0,AAPL260925C00285000,32.7,36.8,34.75,0.0,0.0,0.0,0.0,0.0,0.281,0.8591,0.0067,0.2651,-0.0576,0.337,34.7978,0.0,0.0,0.0,0.0,no_change,,251.0,1.0
AAPL,2026-09-25,50,Put,285.0,AAPL260925P00285000,0.59,4.5,2.545,0.0,0.0,0.0,0.0,0.0,0.2849,-0.1425,0.0068,0.2664,-0.0731,-0.0599,2.4906,0.0,0.0,0.0,0.0,no_change,,7.0,1.0
AAPL,2026-09-25,50,Call,290.0,AAPL260925C00290000,28.35,32.5,30.425,0.0,0.0,0.0,0.0,0.0,0.2728,0.8235,0.008,0.3066,-0.0697,0.3269,30.576,0.0,0.0,0.0,0.0,no_change,,8.0,1.0
AAPL,2026-09-25,50,Put,290.0,AAPL260925P00290000,1.41,5.25,3.33,3.37,3.37,0.0,2.0,0.0,0.2796,-0.1788,0.0081,0.3084,-0.0832,-0.0742,3.2492,3.44,3.44,3.37,0.0,down,2026-08-06T09:43:36,57.0,89.0
AAPL,2026-09-25,50,Call,295.0,AAPL260925C00295000,24.35,28.35,26.35,0.0,0.0,0.0,0.0,0.0,0.2657,0.7809,0.0092,0.3483,-0.0816,0.3136,26.5685,0.0,0.0,0.0,0.0,no_change,,6.0,1.0
AAPL,2026-09-25,50,Put,295.0,AAPL260925P00295000,2.25,6.25,4.25,0.0,0.0,0.0,0.0,0.0,0.2721,-0.222,0.0094,0.3503,-0.0932,-0.091,4.2229,0.0,0.0,0.0,0.0,no_change,,1.0,27.0
AAPL,2026-09-25,50,Call,300.0,AAPL260925C00300000,20.6,24.7,22.65,21.55,21.55,0.0,1.0,0.0,0.2637,0.7316,0.0105,0.3877,-0.0928,0.2967,22.815,21.55,21.55,21.55,0.0,up,2026-08-06T09:39:51,2.0,1.0
AAPL,2026-09-25,50,Put,300.0,AAPL260925P00300000,3.45,7.45,5.45,5.71,5.71,0.0,2.0,0.0,0.2677,-0.2724,0.0107,0.39,-0.1025,-0.1103,5.459,5.78,5.78,5.71,0.0,down,2026-08-06T09:43:36,20.0,71.0
AAPL,2026-09-25,50,Call,305.0,AAPL260925C00305000,17.1,21.15,19.125,19.35,19.35,0.0,3.0,0.0,0.2599,0.6762,0.0115,0.4219,-0.1024,0.2766,19.3527,19.2,19.35,19.2,0.0,no_change,2026-08-06T09:40:38,14.0,1.0
AAPL,2026-09-25,50,Put,305.0,AAPL260925P00305000,5.1,8.95,7.0249999999999995,0.0,0.0,0.0,0.0,0.0,0.2656,-0.3289,0.0118,0.4239,-0.1103,-0.1305,6.9869,0.0,0.0,0.0,0.0,no_change,,1.0,5.0
AAPL,2026-09-25,50,Call,310.0,AAPL260925C00310000,14.0,18.0,16.0,15.65,15.65,0.0,2.0,0.0,0.2575,0.6157,0.0124,0.4479,-0.1097,0.2538,16.2056,15.65,15.65,15.65,0.0,up,2026-08-06T09:35:53,7.0,1.0
AAPL,2026-09-25,50,Put,310.0,AAPL260925P00310000,7.05,10.8,8.925,0.0,0.0,0.0,0.0,0.0,0.2638,-0.3909,0.0127,0.4492,-0.1159,-0.1513,8.8493,0.0,0.0,0.0,0.0,no_change,,1.0,24.0
AAPL,2026-09-25,50,Call,315.0,AAPL260925C00315000,11.2,14.8,13.0,13.1,13.1,0.0,3.0,0.0,0.2514,0.5523,0.0129,0.4634,-0.1143,0.2291,13.4137,13.1,13.35,13.1,0.0,down,2026-08-06T09:31:04,1.0,1.0
AAPL,2026-09-25,50,Put,315.0,AAPL260925P00315000,8.85,13.0,10.925,0.0,0.0,0.0,0.0,0.0,0.2575,-0.4561,0.0133,0.463,-0.1188,-0.1723,11.0545,0.0,0.0,0.0,0.0,no_change,,1.0,1.0
AAPL,2026-09-25,50,Call,320.0,AAPL260925C00320000,8.8,12.1,10.45,10.0,10.0,0.0,27.0,0.0,0.2481,0.4875,0.0131,0.4672,-0.1158,0.2033,10.9609,11.1,11.1,10.0,0.0,down,2026-08-06T09:37:59,5.0,3.0
AAPL,2026-09-25,50,Put,320.0,AAPL260925P00320000,11.55,15.55,13.55,0.0,0.0,0.0,0.0,0.0,0.2574,-0.523,0.0135,0.4647,-0.1187,-0.1919,13.6299,0.0,0.0,0.0,0.0,no_change,,1.0,1.0
AAPL,2026-09-25,50,Call,325.0,AAPL260925C00325000,6.6,10.5,8.55,0.0,0.0,0.0,0.0,0.0,0.2522,0.4239,0.0129,0.4591,-0.1142,0.1776,8.8634,0.0,0.0,0.0,0.0,no_change,,21.0,1.0
AAPL,2026-09-25,50,Put,325.0,AAPL260925P00325000,14.5,18.55,16.525,0.0,0.0,0.0,0.0,0.0,0.2567,-0.5889,0.0134,0.4542,-0.1155,-0.2069,16.5527,0.0,0.0,0.0,0.0,no_change,,1.0,31.0
AAPL,2026-09-25,50,Call,330.0,AAPL260925C00330000,4.85,8.8,6.825,6.8,6.8,0.0,3.0,0.0,0.2523,0.3631,0.0123,0.4404,-0.1099,0.1526,7.0893,7.05,7.1,6.8,0.0,down,2026-08-06T09:35:25,31.0,2.0
AAPL,2026-09-25,50,Put,330.0,AAPL260925P00330000,18.2,21.75,19.975,0.0,0.0,0.0,0.0,0.0,0.2619,-0.6524,0.0129,0.4318,-0.1096,-0.2208,19.8217,0.0,0.0,0.0,0.0,no_change,,1.0,1.0
AAPL,2026-09-25,50,Call,335.0,AAPL260925C00335000,3.5,7.25,5.375,5.95,5.95,0.0,1.0,0.0,0.2515,0.3067,0.0115,0.4129,-0.1033,0.1293,5.6167,5.95,5.95,5.95,0.0,up,2026-08-06T09:37:40,2.0,2.0
AAPL,2026-09-25,50,Put,335.0,AAPL260925P00335000,21.7,25.4,23.549999999999997,0.0,0.0,0.0,0.0,0.0,0.2617,-0.7118,0.0122,0.3988,-0.1014,-0.2251,23.4055,0.0,0.0,0.0,0.0,no_change,,1.0,3.0
AAPL,2026-09-25,50,Call,340.0,AAPL260925C00340000,2.2,6.2,4.2,0.0,0.0,0.0,0.0,0.0,0.254,0.2558,0.0105,0.3792,-0.0951,0.1081,4.4132,0.0,0.0,0.0,0.0,no_change,,4.0,1.0
AAPL,2026-09-25,50,Put,340.0,AAPL260925P00340000,25.25,29.25,27.25,0.0,0.0,0.0,0.0,0.0,0.263,-0.766,0.0113,0.3567,-0.0917,-0.2229,27.2721,0.0,0.0,0.0,0.0,no_change,,1.0,3.0
AAPL,2026-09-25,50,Call,345.0,AAPL260925C00345000,1.25,5.15,3.2,0.0,0.0,0.0,0.0,0.0,0.2534,0.2108,0.0094,0.3416,-0.0858,0.0893,3.4431,0.0,0.0,0.0,0.0,no_change,,1.0,1.0
AAPL,2026-09-25,50,Put,345.0,AAPL260925P00345000,29.55,33.4,31.475,0.0,0.0,0.0,0.0,0.0,0.2626,-0.8144,0.0103,0.3078,-0.0811,-0.2112,31.3849,0.0,0.0,0.0,0.0,no_change,,1.0,16.0
AAPL,2026-09-25,50,Call,350.0,AAPL260925C00350000,0.55,4.45,2.5,0.0,0.0,0.0,0.0,0.0,0.2561,0.172,0.0083,0.3023,-0.0761,0.0729,2.6694,0.0,0.0,0.0,0.0,no_change,,1.0,1.0
AAPL,2026-09-25,50,Put,350.0,AAPL260925P00350000,34.95,37.75,36.35,0.0,0.0,0.0,0.0,0.0,0.2846,-0.8569,0.0092,0.2596,-0.0702,-0.189,35.7072,0.0,0.0,0.0,0.0,no_change,,44.0,15.0
AAPL,2026-09-25,50,Call,355.0,AAPL260925C00355000,0.13,3.9,2.015,0.0,0.0,0.0,0.0,0.0,0.2617,0.1393,0.0071,0.2639,-0.0666,0.059,2.063,0.0,0.0,0.0,0.0,no_change,,20.0,44.0
AAPL,2026-09-25,50,Put,355.0,AAPL260925P00355000,39.3,42.25,40.775,0.0,0.0,0.0,0.0,0.0,0.2875,-0.8932,0.008,0.2154,-0.0587,-0.1688,40.2074,0.0,0.0,0.0,0.0,no_change,,66.0,2.0
AAPL,2026-09-25,50,Call,360.0,AAPL260925C00360000,0.0,3.6,1.8,0.0,0.0,0.0,0.0,0.0,0.2749,0.1119,0.0061,0.2275,-0.0575,0.0474,1.588,0.0,0.0,0.0,0.0,no_change,,0.0,1.0
AAPL,2026-09-25,50,Put,360.0,AAPL260925P00360000,43.9,46.95,45.425,0.0,0.0,0.0,0.0,0.0,0.294,-0.9232,0.0068,0.1701,-0.0462,-0.149,44.8559,0.0,0.0,0.0,0.0,no_change,,69.0,8.0
AAPL,2026-09-25,50,Call,365.0,AAPL260925C00365000,0.0,3.25,1.625,0.0,0.0,0.0,0.0,0.0,0.2878,0.0896,0.0051,0.1942,-0.0492,0.038,1.2227,0.0,0.0,0.0,0.0,no_change,,0.0,1.0
AAPL,2026-09-25,50,Put,365.0,AAPL260925P00365000,48.7,51.7,50.2,0.0,0.0,0.0,0.0,0.0,0.305,-0.9476,0.0055,0.1182,-0.0322,-0.1212,49.6237,0.0,0.0,0.0,0.0,no_change,,75.0,1.0
AAPL,2026-09-25,50,Call,370.0,AAPL260925C00370000,0.0,2.95,1.475,0.0,0.0,0.0,0.0,0.0,0.3004,0.0714,0.0043,0.1641,-0.0418,0.0302,0.9409,0.0,0.0,0.0,0.0,no_change,,0.0,22.0
AAPL,2026-09-25,50,Put,370.0,AAPL260925P00370000,53.5,56.55,55.025,0.0,0.0,0.0,0.0,0.0,0.3151,-0.9661,0.0042,0.0822,-0.0173,-0.0849,54.4709,0.0,0.0,0.0,0.0,no_change,,100.0,2.0
AAPL,2026-09-25,50,Call,375.0,AAPL260925C00375000,0.0,1.43,0.715,0.0,0.0,0.0,0.0,0.0,0.2752,0.0569,0.0036,0.1382,-0.0353,0.0241,0.7266,0.0,0.0,0.0,0.0,no_change,,0.0,6.0
AAPL,2026-09-25,50,Put,375.0,AAPL260925P00375000,58.6,61.45,60.025000000000006,0.0,0.0,0.0,0.0,0.0,0.3349,-0.9792,0.003,0.0602,-0.0034,-0.0678,59.3782,0.0,0.0,0.0,0.0,no_change,,85.0,1.0
AAPL,2026-09-25,50,Call,380.0,AAPL260925C00380000,0.0,2.62,1.31,0.0,0.0,0.0,0.0,0.0,0.3293,0.0452,0.0029,0.1154,-0.0296,0.0191,0.5603,0.0,0.0,0.0,0.0,no_change,,0.0,11.0
AAPL,2026-09-25,50,Put,380.0,AAPL260925P00380000,63.2,66.4,64.80000000000001,0.0,0.0,0.0,0.0,0.0,0.3375,-0.9877,0.002,0.0307,0.0,-0.0547,64.332,0.0,0.0,0.0,0.0,no_change,,100.0,1.0
AAPL,2026-10-16,71,Call,130.0,AAPL261016C00130000,184.95,188.3,186.625,176.45,0.0,0.0,0.0,34.0,0.0,0.9991,0.0,0.0037,0.0,0.2571,186.6848,0.0,0.0,0.0,180.600006103516,down,2026-08-04T10:45:21,100.0,2.0
AAPL,2026-10-16,71,Put,130.0,AAPL261016P00130000,0.0,0.95,0.475,0.07,0.0,0.0,0.0,87.0,0.9478,-0.0008,0.0,0.0037,-0.0016,-0.0005,0.0196,0.0,0.0,0.0,0.465000003576279,down,2026-07-09T14:27:53,0.0,150.0
AAPL,2026-10-16,71,Call,135.0,AAPL261016C00135000,180.0,183.5,181.75,172.4,0.0,0.0,0.0,61.0,0.6868,0.9989,0.0,0.0043,0.0,0.2669,181.7316,0.0,0.0,0.0,175.625,up,2026-08-04T10:52:41,108.0,2.0
AAPL,2026-10-16,71,Put,135.0,AAPL261016P00135000,0.0,0.92,0.46,0.05,0.0,0.0,0.0,70.0,0.9066,-0.0009,0.0,0.0043,-0.0018,-0.0006,0.0224,0.0,0.0,0.0,0.444999992847443,down,2026-07-16T13:24:05,0.0,101.0
AAPL,2026-10-16,71,Call,140.0,AAPL261016C00140000,175.05,178.3,176.675,167.4,0.0,0.0,0.0,22.0,0.0,0.9988,0.0,0.005,0.0,0.2767,176.7788,0.0,0.0,0.0,170.674995422363,no_change,2026-08-04T10:38:08,108.0,100.0
AAPL,2026-10-16,71,Put,140.0,AAPL261016P00140000,0.01,0.3,0.155,0.15,0.0,0.0,0.0,602.0,0.7568,-0.001,0.0,0.005,-0.002,-0.0007,0.0258,0.0,0.0,0.0,0.0800000028684735,up,2026-08-05T12:00:43,20.0,260.0
AAPL,2026-10-16,71,Call,145.0,AAPL261016C00145000,170.1,173.35,171.725,162.99,0.0,0.0,0.0,18.0,0.0,0.9986,0.0,0.0058,0.0,0.2865,171.8266,0.0,0.0,0.0,165.724998474121,up,2026-08-04T10:21:00,108.0,102.0
AAPL,2026-10-16,71,Put,145.0,AAPL261016P00145000,0.0,0.85,0.425,0.02,0.0,0.0,0.0,378.0,0.8275,-0.0012,0.0,0.0058,-0.0023,-0.0008,0.0296,0.0,0.0,0.0,0.395000010728836,no_change,2026-08-04T10:15:55,0.0,100.0
AAPL,2026-10-16,71,Call,150.0,AAPL261016C00150000,165.15,168.9,167.025,153.23,0.0,0.0,0.0,12.0,0.7002,0.9984,0.0001,0.0067,0.0,0.2962,166.8749,0.0,0.0,0.0,160.775001525879,down,2026-07-31T14:32:41,101.0,100.0
AAPL,2026-10-16,71,Put,150.0,AAPL261016P00150000,0.0,0.14,0.07,0.03,0.0,0.0,0.0,402.0,0.6392,-0.0014,0.0001,0.0067,-0.0026,-0.0009,0.0342,0.0,0.0,0.0,0.0700000002980232,down,2026-08-04T10:37:14,0.0,10.0
AAPL,2026-10-16,71,Call,155.0,AAPL261016C00155000,160.2,163.6,161.89999999999998,147.5,0.0,0.0,0.0,141.0,0.5333,0.9982,0.0001,0.0077,0.0,0.306,161.924,0.0,0.0,0.0,155.875,down,2026-07-31T13:10:56,100.0,100.0
AAPL,2026-10-16,71,Put,155.0,AAPL261016P00155000,0.01,0.67,0.34,0.06,0.0,0.0,0.0,94.0,0.7396,-0.0017,0.0001,0.0077,-0.0029,-0.0011,0.0393,0.0,0.0,0.0,0.090000000782311,down,2026-08-05T14:00:17,1.0,409.0
AAPL,2026-10-16,71,Call,160.0,AAPL261016C00160000,155.25,158.65,156.95,146.47,0.0,0.0,0.0,251.0,0.5258,0.9979,0.0001,0.0089,0.0,0.3157,156.974,0.0,0.0,0.0,150.925003051758,no_change,2026-07-31T15:17:49,101.0,100.0
AAPL,2026-10-16,71,Put,160.0,AAPL261016P00160000,0.01,0.3,0.155,0.06,0.0,0.0,0.0,201.0,0.6417,-0.002,0.0001,0.009,-0.0032,-0.0012,0.0455,0.0,0.0,0.0,0.0500000016763806,down,2026-08-05T14:37:29,8.0,331.0
AAPL,2026-10-16,71,Call,165.0,AAPL261016C00165000,150.3,153.4,151.85000000000002,138.47,0.0,0.0,0.0,81.0,0.0,0.9975,0.0001,0.0103,0.0,0.3254,152.025,0.0,0.0,0.0,146.025001525879,no_change,2026-07-31T14:47:56,100.0,100.0
AAPL,2026-10-16,71,Put,165.0,AAPL261016P00165000,0.01,0.33,0.17,0.1,0.0,0.0,0.0,218.0,0.622,-0.0023,0.0001,0.0104,-0.0036,-0.0014,0.0527,0.0,0.0,0.0,0.0550000006332994,down,2026-08-05T13:35:13,82.0,380.0
AAPL,2026-10-16,71,Call,170.0,AAPL261016C00170000,145.35,148.5,146.925,145.09,0.0,0.0,0.0,58.0,0.0,0.9971,0.0001,0.012,0.0,0.335,147.0772,0.0,0.0,0.0,141.074996948242,up,2026-07-06T11:32:31,108.0,101.0
AAPL,2026-10-16,71,Put,170.0,AAPL261016P00170000,0.01,0.3,0.155,0.08,0.0,0.0,0.0,304.0,0.5893,-0.0027,0.0001,0.012,-0.0041,-0.0017,0.0611,0.0,0.0,0.0,0.0800000028684735,down,2026-08-05T13:35:25,123.0,293.0
AAPL,2026-10-16,71,Call,175.0,AAPL261016C00175000,140.4,143.6,142.0,128.7,0.0,0.0,0.0,26.0,0.0,0.9966,0.0001,0.0139,0.0,0.3446,142.1309,0.0,0.0,0.0,136.150001525879,down,2026-07-31T10:39:52,100.0,100.0
AAPL,2026-10-16,71,Put,175.0,AAPL261016P00175000,0.01,0.16,0.085,0.1,0.0,0.0,0.0,604.0,0.5268,-0.0032,0.0001,0.0139,-0.0046,-0.002,0.071,0.0,0.0,0.0,0.105000000447035,no_change,2026-08-05T09:30:46,114.0,114.0
AAPL,2026-10-16,71,Call,180.0,AAPL261016C00180000,135.45,139.1,137.27499999999998,149.42,0.0,0.0,0.0,94.0,0.5469,0.9961,0.0002,0.0161,0.0,0.3542,137.1864,0.0,0.0,0.0,131.275001525879,up,2026-07-15T14:04:24,100.0,101.0
AAPL,2026-10-16,71,Put,180.0,AAPL261016P00180000,0.01,0.3,0.155,0.11,0.0,0.0,0.0,321.0,0.5398,-0.0038,0.0002,0.0162,-0.0052,-0.0024,0.0826,0.0,0.0,0.0,0.109999997541308,no_change,2026-08-05T12:03:11,322.0,548.0
AAPL,2026-10-16,71,Call,185.0,AAPL261016C00185000,130.5,133.9,132.2,119.0,0.0,0.0,0.0,25.0,0.4576,0.9954,0.0002,0.0187,0.0,0.3636,132.2439,0.0,0.0,0.0,126.325000762939,no_change,2026-07-31T10:07:25,100.0,100.0
AAPL,2026-10-16,71,Put,185.0,AAPL261016P00185000,0.03,0.18,0.105,0.14,0.0,0.0,0.0,869.0,0.4929,-0.0045,0.0002,0.0188,-0.0059,-0.0028,0.0964,0.0,0.0,0.0,0.120000001043081,up,2026-08-04T15:29:22,164.0,164.0
AAPL,2026-10-16,71,Call,190.0,AAPL261016C00190000,125.55,129.05,127.30000000000001,113.93,0.0,0.0,0.0,50.0,0.4727,0.9946,0.0002,0.0217,0.0,0.373,127.3038,0.0,0.0,0.0,121.325000762939,down,2026-07-31T10:06:32,101.0,2.0
AAPL,2026-10-16,71,Put,190.0,AAPL261016P00190000,0.06,0.18,0.12,0.13,0.0,0.0,0.0,1558.0,0.4779,-0.0053,0.0002,0.0218,-0.0067,-0.0033,0.1126,0.0,0.0,0.0,0.130000002682209,down,2026-08-05T12:10:53,453.0,263.0
AAPL,2026-10-16,71,Call,195.0,AAPL261016C00195000,120.6,123.75,122.175,108.76,0.0,0.0,0.0,215.0,0.0,0.9936,0.0003,0.0252,0.0,0.3823,122.3666,0.0,0.0,0.0,116.275001525879,no_change,2026-07-31T14:41:23,108.0,101.0
AAPL,2026-10-16,71,Put,195.0,AAPL261016P00195000,0.06,0.22,0.14,0.2,0.0,0.0,0.0,307.0,0.4643,-0.0063,0.0003,0.0254,-0.0076,-0.0039,0.1316,0.0,0.0,0.0,0.160000003874302,down,2026-08-04T14:47:42,160.0,160.0
AAPL,2026-10-16,71,Call,200.0,AAPL261016C00200000,115.7,119.35,117.525,107.61,0.0,0.0,0.0,304.0,0.4763,0.9925,0.0003,0.0293,0.0,0.3914,117.4328,0.0,0.0,0.0,111.25,up,2026-08-03T13:57:14,107.0,101.0
AAPL,2026-10-16,71,Put,200.0,AAPL261016P00200000,0.1,0.2,0.15000000000000002,0.19,0.0,0.0,0.0,1066.0,0.4462,-0.0074,0.0003,0.0295,-0.0086,-0.0046,0.1542,0.0,0.0,0.0,0.185000002384186,down,2026-08-05T11:34:51,286.0,333.0
AAPL,2026-10-16,71,Call,205.0,AAPL261016C00205000,110.75,113.4,112.075,106.25,0.0,0.0,0.0,818.0,0.0,0.9911,0.0004,0.034,0.0,0.4004,112.503,0.0,0.0,0.0,106.424999237061,up,2026-08-05T13:31:32,198.0,122.0
AAPL,2026-10-16,71,Put,205.0,AAPL261016P00205000,0.12,0.25,0.185,0.27,0.0,0.0,0.0,1793.0,0.4361,-0.0088,0.0004,0.0342,-0.0097,-0.0055,0.1808,0.0,0.0,0.0,0.229999996721745,up,2026-08-04T12:20:03,146.0,151.0
AAPL,2026-10-16,71,Call,210.0,AAPL261016C00210000,105.85,109.05,107.44999999999999,99.08,0.0,0.0,0.0,472.0,0.3764,0.9895,0.0005,0.0394,0.0,0.4093,107.5781,0.0,0.0,0.0,101.424999237061,up,2026-08-05T10:41:48,277.0,212.0
AAPL,2026-10-16,71,Put,210.0,AAPL261016P00210000,0.15,0.29,0.21999999999999997,0.21,0.0,0.0,0.0,3153.0,0.4247,-0.0104,0.0005,0.0397,-0.0109,-0.0065,0.2115,0.0,0.0,0.0,0.25,no_change,2026-08-05T13:48:07,365.0,395.0
AAPL,2026-10-16,71,Call,215.0,AAPL261016C00215000,100.9,104.7,102.80000000000001,88.89,0.0,0.0,0.0,480.0,0.438,0.9876,0.0006,0.0458,0.0,0.4179,102.6589,0.0,0.0,0.0,96.5750007629394,no_change,2026-07-31T14:45:05,101.0,101.0
AAPL,2026-10-16,71,Put,215.0,AAPL261016P00215000,0.18,0.33,0.255,0.31,0.0,0.0,0.0,3161.0,0.4115,-0.0123,0.0006,0.046,-0.0123,-0.0076,0.2488,0.0,0.0,0.0,0.280000001192093,down,2026-08-05T11:05:07,291.0,333.0
AAPL,2026-10-16,71,Call,220.0,AAPL261016C00220000,96.0,98.55,97.275,83.75,0.0,0.0,0.0,883.0,0.388,0.9852,0.0007,0.0531,0.0,0.4263,97.7469,0.0,0.0,0.0,91.5,down,2026-07-31T13:36:49,100.0,15.0
AAPL,2026-10-16,71,Put,220.0,AAPL261016P00220000,0.23,0.38,0.305,0.4,0.0,0.0,0.0,3187.0,0.4002,-0.0147,0.0007,0.0533,-0.0139,-0.0091,0.2932,0.0,0.0,0.0,0.33500000834465,up,2026-08-05T09:41:27,372.0,384.0
AAPL,2026-10-16,71,Call,225.0,AAPL261016C00225000,91.1,94.35,92.725,86.85,0.0,0.0,0.0,282.0,0.3629,0.9825,0.0008,0.0616,0.0,0.4344,92.8437,0.0,0.0,0.0,86.7249984741211,up,2026-08-04T13:32:16,100.0,114.0
AAPL,2026-10-16,71,Put,225.0,AAPL261016P00225000,0.28,0.37,0.325,0.41,0.0,0.0,0.0,2257.0,0.3823,-0.0175,0.0008,0.0622,-0.0157,-0.0108,0.3464,0.0,0.0,0.0,0.394999995827675,no_change,2026-08-05T15:04:43,363.0,224.0
AAPL,2026-10-16,71,Call,230.0,AAPL261016C00230000,86.2,88.9,87.55000000000001,79.89,0.0,0.0,0.0,343.0,0.0,0.9791,0.001,0.0717,0.0,0.442,87.9514,0.0,0.0,0.0,81.7999992370606,down,2026-08-05T10:12:14,197.0,1.0
AAPL,2026-10-16,71,Put,230.0,AAPL261016P00230000,0.35,0.44,0.395,0.46,0.0,0.0,0.0,4302.0,0.3721,-0.0209,0.001,0.0721,-0.0178,-0.0129,0.411,0.0,0.0,0.0,0.474999994039536,down,2026-08-05T15:51:30,129.0,220.0
AAPL,2026-10-16,71,Call,235.0,AAPL261016C00235000,81.3,83.95,82.625,68.66,0.0,0.0,0.0,275.0,0.2596,0.975,0.0011,0.0833,0.0,0.4493,83.0733,0.0,0.0,0.0,77.0750007629394,down,2026-07-31T12:35:57,359.0,103.0
AAPL,2026-10-16,71,Put,235.0,AAPL261016P00235000,0.43,0.53,0.48,0.59,0.0,0.0,0.0,6692.0,0.362,-0.025,0.0012,0.084,-0.0201,-0.0154,0.4896,0.0,0.0,0.0,0.570000022649765,down,2026-08-05T12:21:58,128.0,299.0
AAPL,2026-10-16,71,Call,240.0,AAPL261016C00240000,76.45,79.05,77.75,72.45,0.0,0.0,0.0,545.0,0.2775,0.97,0.0014,0.0971,0.0,0.4559,78.2131,0.0,0.0,0.0,72.2000007629394,no_change,2026-08-05T15:57:00,389.0,82.0
AAPL,2026-10-16,71,Put,240.0,AAPL261016P00240000,0.54,0.63,0.585,0.59,-0.11,-15.7143,3.0,6319.0,0.3523,-0.0301,0.0014,0.0976,-0.0228,-0.0185,0.5867,0.61,0.61,0.59,0.700000017881394,down,2026-08-06T09:32:57,36.0,426.0
AAPL,2026-10-16,71,Call,245.0,AAPL261016C00245000,71.6,74.15,72.875,67.78,0.0,0.0,0.0,301.0,0.2784,0.9638,0.0016,0.1132,-0.0027,0.4617,73.3763,0.0,0.0,0.0,67.2999992370606,down,2026-08-04T15:53:42,271.0,60.0
AAPL,2026-10-16,71,Put,245.0,AAPL261016P00245000,0.65,0.76,0.7050000000000001,0.72,-0.13,-15.2941,94.0,4371.0,0.3416,-0.0364,0.0017,0.1142,-0.026,-0.0224,0.7093,0.74,0.74,0.72,0.849999994039536,down,2026-08-06T09:35:24,189.0,402.0
AAPL,2026-10-16,71,Call,250.0,AAPL261016C00250000,66.8,69.25,68.025,63.6,0.0,0.0,0.0,1550.0,0.2769,0.9563,0.002,0.1321,-0.0078,0.4666,68.5696,0.0,0.0,0.0,62.75,no_change,2026-08-05T15:52:40,405.0,11.0
AAPL,2026-10-16,71,Put,250.0,AAPL261016P00250000,0.84,0.92,0.88,0.88,-0.16,-15.3846,21.0,5038.0,0.3341,-0.044,0.002,0.1329,-0.0295,-0.027,0.8583,0.81,0.9,0.81,1.03999996185303,down,2026-08-06T09:42:12,5.0,232.0
AAPL,2026-10-16,71,Call,255.0,AAPL261016C00255000,62.05,64.6,63.324999999999996,59.5,0.0,0.0,0.0,920.0,0.2858,0.9469,0.0024,0.1541,-0.0134,0.4702,63.8022,0.0,0.0,0.0,57.4750003814697,up,2026-08-05T15:56:07,342.0,54.0
AAPL,2026-10-16,71,Put,255.0,AAPL261016P00255000,1.01,1.15,1.08,1.26,0.0,0.0,0.0,4690.0,0.3251,-0.0536,0.0024,0.1554,-0.0337,-0.0328,1.0507,0.0,0.0,0.0,1.30500000715256,down,2026-08-05T13:15:43,92.0,406.0
AAPL,2026-10-16,71,Call,260.0,AAPL261016C00260000,58.5,59.35,58.925,58.87,5.62,10.554,7.0,1353.0,0.3052,0.9353,0.0029,0.1797,-0.0196,0.4724,59.0851,58.17,59.52,58.17,53.25,down,2026-08-06T09:47:04,156.0,7.0
AAPL,2026-10-16,71,Put,260.0,AAPL261016P00260000,1.25,1.41,1.33,1.41,-0.2,-12.4224,3.0,5386.0,0.3169,-0.0652,0.0029,0.1809,-0.0384,-0.0398,1.291,1.34,1.41,1.34,1.61000001430511,up,2026-08-06T09:33:25,74.0,482.0
AAPL,2026-10-16,71,Call,265.0,AAPL261016C00265000,53.7,54.8,54.25,54.29,5.64,11.593,8.0,900.0,0.2976,0.921,0.0034,0.2089,-0.0264,0.4727,54.4327,53.47,54.94,53.47,48.6499996185303,down,2026-08-06T09:47:04,99.0,17.0
AAPL,2026-10-16,71,Put,265.0,AAPL261016P00265000,1.55,1.7,1.625,1.61,-0.4,-19.9005,12.0,2885.0,0.3079,-0.0799,0.0035,0.2115,-0.0438,-0.0485,1.6018,1.66,1.71,1.61,2.00999999046326,down,2026-08-06T09:46:54,22.0,525.0
AAPL,2026-10-16,71,Call,270.0,AAPL261016C00270000,49.0,50.3,49.65,50.0,5.775,13.0582,1.0,1376.0,0.2905,0.9036,0.0041,0.2422,-0.0338,0.4709,49.8612,50.0,50.0,50.0,44.2250003814697,up,2026-08-06T09:30:35,210.0,12.0
AAPL,2026-10-16,71,Put,270.0,AAPL261016P00270000,1.94,2.13,2.035,2.12,-0.415,-16.3708,5.0,7833.0,0.3016,-0.0976,0.0041,0.2443,-0.0497,-0.0588,1.9922,2.1,2.13,2.08,2.5349999666214,down,2026-08-06T09:38:24,12.0,603.0
AAPL,2026-10-16,71,Call,275.0,AAPL261016C00275000,43.6,46.3,44.95,45.75,5.65,14.0898,1.0,1460.0,0.2764,0.8824,0.0048,0.2786,-0.0418,0.4666,45.3909,45.75,45.75,45.75,40.0999984741211,up,2026-08-06T09:30:38,730.0,440.0
AAPL,2026-10-16,71,Put,275.0,AAPL261016P00275000,2.42,2.57,2.495,2.6,-0.575,-18.1102,4.0,3004.0,0.2933,-0.1192,0.0049,0.2813,-0.0562,-0.0717,2.4875,2.49,2.66,2.49,3.17499995231628,down,2026-08-06T09:39:35,4.0,522.0
AAPL,2026-10-16,71,Call,280.0,AAPL261016C00280000,39.2,42.0,40.6,40.91,4.835,13.4026,1.0,2289.0,0.2727,0.8572,0.0056,0.3182,-0.0501,0.4593,41.0441,40.91,40.91,40.91,36.0750007629394,up,2026-08-06T09:46:20,788.0,608.0
AAPL,2026-10-16,71,Put,280.0,AAPL261016P00280000,3.0,3.15,3.075,3.07,-0.83,-21.2821,34.0,11564.0,0.2866,-0.1446,0.0057,0.3207,-0.0631,-0.0862,3.0974,3.14,3.35,3.07,3.89999997615814,down,2026-08-06T09:46:43,148.0,217.0
AAPL,2026-10-16,71,Call,285.0,AAPL261016C00285000,35.1,37.1,36.1,33.15,0.0,0.0,0.0,2002.0,0.2606,0.8274,0.0065,0.3596,-0.0586,0.4489,36.8367,0.0,0.0,0.0,31.875,up,2026-08-05T15:57:58,542.0,11.0
AAPL,2026-10-16,71,Put,285.0,AAPL261016P00285000,3.75,4.05,3.9,4.04,-0.835,-17.1282,19.0,3346.0,0.283,-0.1749,0.0066,0.3622,-0.0703,-0.1031,3.8667,4.0,4.16,3.97,4.875,no_change,2026-08-06T09:43:17,73.0,448.0
AAPL,2026-10-16,71,Call,290.0,AAPL261016C00290000,31.05,33.2,32.125,31.0,2.925,10.4185,6.0,3548.0,0.2595,0.793,0.0074,0.4011,-0.067,0.4353,32.8215,31.83,32.63,31.0,28.0749998092651,down,2026-08-06T09:37:34,510.0,11.0
AAPL,2026-10-16,71,Put,290.0,AAPL261016P00290000,4.7,5.0,4.85,4.75,-1.3,-21.4876,39.0,5830.0,0.2782,-0.2101,0.0075,0.4041,-0.0774,-0.1236,4.8162,5.23,5.23,4.75,6.04999995231628,down,2026-08-06T09:46:05,31.0,596.0
AAPL,2026-10-16,71,Call,295.0,AAPL261016C00295000,28.1,29.6,28.85,28.45,3.8,15.4158,10.0,2199.0,0.2716,0.7539,0.0082,0.4416,-0.0751,0.4182,28.9997,28.06,29.0,28.06,24.6500005722046,down,2026-08-06T09:45:25,272.0,274.0
AAPL,2026-10-16,71,Put,295.0,AAPL261016P00295000,5.85,6.15,6.0,6.25,-1.225,-16.388,19.0,3495.0,0.2739,-0.2502,0.0084,0.4451,-0.0842,-0.1452,5.9696,6.3,6.6,6.16,7.47500014305115,down,2026-08-06T09:44:26,5.0,569.0
AAPL,2026-10-16,71,Call,300.0,AAPL261016C00300000,25.1,25.9,25.5,25.5,4.15,19.4379,252.0,15010.0,0.2727,0.7102,0.0091,0.4788,-0.0824,0.3976,25.406,24.35,25.5,23.85,21.3500003814697,no_change,2026-08-06T09:47:07,214.0,508.0
AAPL,2026-10-16,71,Put,300.0,AAPL261016P00300000,7.3,7.5,7.4,7.38,-1.795,-19.564,72.0,17205.0,0.2706,-0.295,0.0093,0.4814,-0.0903,-0.1681,7.3584,7.8,8.0,7.38,9.17500019073486,no_change,2026-08-06T09:46:49,1.0,269.0
AAPL,2026-10-16,71,Call,305.0,AAPL261016C00305000,21.55,22.25,21.9,22.0,3.7,20.2186,42.0,5192.0,0.2636,0.6626,0.0098,0.5104,-0.0886,0.3742,22.058,20.95,22.25,20.3,18.3000001907349,up,2026-08-06T09:46:06,309.0,3.0
AAPL,2026-10-16,71,Put,305.0,AAPL261016P00305000,8.8,9.2,9.0,9.1,-2.05,-18.3857,45.0,4118.0,0.2667,-0.3438,0.01,0.5125,-0.0954,-0.1916,9.0029,9.44,9.7,9.1,11.1500000953674,down,2026-08-06T09:45:54,166.0,162.0
AAPL,2026-10-16,71,Call,310.0,AAPL261016C00310000,18.8,19.2,19.0,18.96,3.335,21.344,176.0,5827.0,0.2643,0.6119,0.0104,0.5347,-0.0933,0.3483,18.9965,18.2,19.03,17.6,15.625,down,2026-08-06T09:46:56,493.0,46.0
AAPL,2026-10-16,71,Put,310.0,AAPL261016P00310000,10.8,11.15,10.975000000000001,11.35,-2.1,-15.6134,14.0,4278.0,0.265,-0.3963,0.0107,0.536,-0.099,-0.2179,10.9342,11.5,11.66,11.35,13.4500002861023,down,2026-08-06T09:44:34,10.0,390.0
AAPL,2026-10-16,71,Call,315.0,AAPL261016C00315000,16.1,16.4,16.25,16.2,2.925,22.0339,480.0,9563.0,0.2617,0.5589,0.0107,0.5504,-0.0964,0.3202,16.2085,15.25,16.4,15.13,13.2750000953674,down,2026-08-06T09:47:10,385.0,4.0
AAPL,2026-10-16,71,Put,315.0,AAPL261016P00315000,13.1,13.4,13.25,13.2,-2.7,-16.9811,2.0,3863.0,0.264,-0.4511,0.0111,0.5499,-0.1011,-0.2424,13.1572,14.01,14.01,13.2,15.9000000953674,down,2026-08-06T09:46:14,5.0,512.0
AAPL,2026-10-16,71,Call,320.0,AAPL261016C00320000,13.65,14.0,13.825,13.8,2.75,24.8869,340.0,9044.0,0.2627,0.5051,0.0109,0.5564,-0.0978,0.2909,13.7188,12.9,14.0,12.6,11.0499997138977,up,2026-08-06T09:47:01,379.0,104.0
AAPL,2026-10-16,71,Put,320.0,AAPL261016P00320000,15.5,15.9,15.7,16.24,-2.635,-13.9603,17.0,3475.0,0.2612,-0.5071,0.0114,0.5533,-0.1014,-0.2633,15.6795,16.48,16.63,16.24,18.875,down,2026-08-06T09:44:37,163.0,209.0
AAPL,2026-10-16,71,Call,325.0,AAPL261016C00325000,11.4,11.75,11.575,11.11,1.985,21.7534,36.0,6018.0,0.2607,0.4516,0.0109,0.5525,-0.0973,0.2616,11.5238,10.8,11.6,10.77,9.125,up,2026-08-06T09:44:12,187.0,15.0
AAPL,2026-10-16,71,Put,325.0,AAPL261016P00325000,18.35,18.9,18.625,22.75,0.0,0.0,0.0,1435.0,0.2623,-0.5632,0.0114,0.5451,-0.1,-0.2805,18.5134,0.0,0.0,0.0,21.8499994277954,up,2026-08-04T15:55:00,17.0,1.0
AAPL,2026-10-16,71,Call,330.0,AAPL261016C00330000,9.65,9.8,9.725000000000001,9.66,2.135,28.3721,152.0,8407.0,0.2614,0.3995,0.0106,0.5394,-0.0951,0.2325,9.6043,8.95,9.69,8.8,7.52500009536743,up,2026-08-06T09:46:49,37.0,12.0
AAPL,2026-10-16,71,Put,330.0,AAPL261016P00330000,21.4,22.4,21.9,21.7,-4.0,-15.5642,40.0,1739.0,0.2642,-0.6181,0.0112,0.5282,-0.0968,-0.2941,21.6342,22.0,23.9,21.7,25.6999998092651,down,2026-08-06T09:46:13,223.0,537.0
AAPL,2026-10-16,71,Call,335.0,AAPL261016C00335000,7.8,8.15,7.975,8.01,1.835,29.7166,103.0,5257.0,0.2594,0.3498,0.0102,0.5177,-0.0914,0.2042,7.9452,7.5,8.02,7.15,6.17500019073486,up,2026-08-06T09:46:31,683.0,70.0
AAPL,2026-10-16,71,Put,335.0,AAPL261016P00335000,24.6,26.7,25.65,30.1,0.0,0.0,0.0,655.0,0.2713,-0.6707,0.0109,0.5004,-0.0922,-0.3062,25.0272,0.0,0.0,0.0,29.4000005722046,down,2026-08-04T14:38:09,186.0,573.0
AAPL,2026-10-16,71,Call,340.0,AAPL261016C00340000,6.45,6.75,6.6,6.6,1.5,29.4118,83.0,9031.0,0.2602,0.3034,0.0096,0.4893,-0.0864,0.1776,6.5328,6.4,6.62,6.0,5.10000014305115,no_change,2026-08-06T09:46:26,305.0,98.0
AAPL,2026-10-16,71,Put,340.0,AAPL261016P00340000,28.15,30.15,29.15,33.4,0.0,0.0,0.0,690.0,0.2698,-0.7206,0.0104,0.4643,-0.0864,-0.3069,28.6924,0.0,0.0,0.0,33.5250015258789,down,2026-08-05T13:27:49,119.0,245.0
AAPL,2026-10-16,71,Call,345.0,AAPL261016C00345000,5.35,5.5,5.425,5.4,1.325,32.5153,145.0,19987.0,0.261,0.2609,0.009,0.456,-0.0806,0.1532,5.3397,4.95,5.4,4.85,4.07499992847443,no_change,2026-08-06T09:46:44,19.0,14.0
AAPL,2026-10-16,71,Put,345.0,AAPL261016P00345000,32.15,34.4,33.275,36.45,0.0,0.0,0.0,536.0,0.2755,-0.7667,0.0098,0.4206,-0.0797,-0.2983,32.5763,0.0,0.0,0.0,37.7250003814697,down,2026-08-05T15:57:18,107.0,599.0
AAPL,2026-10-16,71,Call,350.0,AAPL261016C00350000,4.25,4.5,4.375,4.45,1.175,35.8779,271.0,8080.0,0.2604,0.2226,0.0082,0.4192,-0.0741,0.1309,4.3438,4.1,4.45,3.9,3.27499997615814,no_change,2026-08-06T09:47:06,173.0,36.0
AAPL,2026-10-16,71,Put,350.0,AAPL261016P00350000,35.7,38.35,37.025000000000006,40.51,0.0,0.0,0.0,358.0,0.2689,-0.809,0.0091,0.375,-0.0724,-0.2937,36.6779,0.0,0.0,0.0,41.8250007629394,down,2026-08-05T15:58:15,358.0,554.0
AAPL,2026-10-16,71,Call,355.0,AAPL261016C00355000,3.4,3.7,3.55,3.5,0.85,32.0755,121.0,4660.0,0.2613,0.1883,0.0074,0.3804,-0.0673,0.1108,3.5133,3.45,3.57,3.21,2.64999997615814,no_change,2026-08-06T09:46:05,439.0,414.0
AAPL,2026-10-16,71,Put,355.0,AAPL261016P00355000,40.4,42.65,41.525,48.95,0.0,0.0,0.0,43.0,0.2772,-0.8472,0.0084,0.3241,-0.0648,-0.2712,40.9676,0.0,0.0,0.0,46.4749984741211,down,2026-08-04T10:22:15,151.0,579.0
AAPL,2026-10-16,71,Call,360.0,AAPL261016C00360000,2.72,3.0,2.8600000000000003,2.83,0.67,31.0185,74.0,80143.0,0.262,0.1583,0.0066,0.3419,-0.0604,0.0934,2.8317,2.51,2.86,2.49,2.1599999666214,up,2026-08-06T09:46:54,561.0,458.0
AAPL,2026-10-16,71,Put,360.0,AAPL261016P00360000,44.9,47.25,46.075,56.2,0.0,0.0,0.0,165.0,0.2842,-0.8812,0.0076,0.2701,-0.0568,-0.2391,45.4194,0.0,0.0,0.0,51.1000003814697,down,2026-08-03T12:06:41,63.0,608.0
AAPL,2026-10-16,71,Call,365.0,AAPL261016C00365000,2.18,2.38,2.2800000000000002,2.22,0.495,28.6957,3.0,2285.0,0.2622,0.1323,0.0058,0.3038,-0.0537,0.0781,2.2753,2.2,2.22,2.09,1.72499996423721,up,2026-08-06T09:45:57,337.0,104.0
AAPL,2026-10-16,71,Put,365.0,AAPL261016P00365000,49.6,51.85,50.725,64.0,0.0,0.0,0.0,9.0,0.2918,-0.9109,0.0067,0.2191,-0.0479,-0.2116,50.0108,0.0,0.0,0.0,55.6000003814697,up,2026-07-31T09:33:45,11.0,138.0
AAPL,2026-10-16,71,Call,370.0,AAPL261016C00370000,1.73,1.96,1.845,1.68,0.305,22.1818,8.0,4607.0,0.2642,0.1101,0.0051,0.2678,-0.0473,0.0649,1.8238,1.83,1.83,1.67,1.375,up,2026-08-06T09:43:37,539.0,434.0
AAPL,2026-10-16,71,Put,370.0,AAPL261016P00370000,54.0,56.6,55.3,67.0,0.0,0.0,0.0,48.0,0.2934,-0.9356,0.0057,0.1693,-0.0375,-0.1675,54.7187,0.0,0.0,0.0,60.5249996185303,up,2026-07-31T10:25:54,82.0,141.0
AAPL,2026-10-16,71,Call,375.0,AAPL261016C00375000,1.38,1.53,1.455,1.5,0.385,34.5291,88.0,1081.0,0.2637,0.0912,0.0044,0.2343,-0.0414,0.0539,1.4602,1.49,1.5,1.39,1.11500000953674,up,2026-08-06T09:47:06,205.0,25.0
AAPL,2026-10-16,71,Put,375.0,AAPL261016P00375000,58.8,61.35,60.075,0.0,0.0,0.0,0.0,0.0,0.3004,-0.9558,0.0046,0.1237,-0.0256,-0.1329,59.5211,0.0,0.0,0.0,65.4249992370606,no_change,,90.0,140.0
AAPL,2026-10-16,71,Call,380.0,AAPL261016C00380000,1.15,1.23,1.19,1.15,0.29,33.7209,439.0,4530.0,0.2674,0.0754,0.0038,0.2036,-0.036,0.0445,1.1696,1.22,1.23,1.07,0.860000014305115,no_change,2026-08-06T09:46:51,353.0,143.0
AAPL,2026-10-16,71,Put,380.0,AAPL261016P00380000,63.8,66.3,65.05,48.75,0.0,0.0,0.0,6.0,0.3159,-0.9711,0.0035,0.0863,-0.0131,-0.1069,64.3943,0.0,0.0,0.0,70.375,up,2026-07-30T10:10:28,68.0,167.0
AAPL,2026-10-16,71,Call,385.0,AAPL261016C00385000,0.87,1.0,0.935,0.86,0.15,21.1268,9.0,304.0,0.2681,0.0622,0.0032,0.1763,-0.0312,0.0367,0.9367,0.96,0.96,0.86,0.71000000834465,down,2026-08-06T09:40:31,153.0,97.0
AAPL,2026-10-16,71,Put,385.0,AAPL261016P00385000,69.05,71.2,70.125,0.0,0.0,0.0,0.0,0.0,0.3363,-0.9821,0.0025,0.0555,-0.0011,-0.0841,69.3182,0.0,0.0,0.0,75.5999984741211,no_change,,11.0,119.0
AAPL,2026-10-16,71,Call,390.0,AAPL261016C00390000,0.68,0.84,0.76,0.73,0.165,29.2035,25.0,13572.0,0.2706,0.0513,0.0028,0.1519,-0.027,0.0302,0.7529,0.78,0.78,0.73,0.564999997615814,down,2026-08-06T09:32:32,478.0,419.0
AAPL,2026-10-16,71,Put,390.0,AAPL261016P00390000,73.35,76.15,74.75,53.15,0.0,0.0,0.0,0.0,0.3296,-0.9895,0.0016,0.0344,0.0,-0.064,74.2739,0.0,0.0,0.0,80.4000015258789,down,2026-07-28T15:55:59,105.0,113.0
AAPL,2026-10-16,71,Call,395.0,AAPL261016C00395000,0.54,0.67,0.605,0.58,0.125,27.4725,2.0,385.0,0.2722,0.0424,0.0024,0.1308,-0.0232,0.025,0.6066,0.56,0.58,0.56,0.454999998211861,up,2026-08-06T09:44:42,401.0,297.0
AAPL,2026-10-16,71,Put,395.0,AAPL261016P00395000,78.5,81.15,79.825,0.0,0.0,0.0,0.0,0.0,0.3579,-0.9942,0.001,0.0192,0.0,-0.0571,79.2505,0.0,0.0,0.0,85.3499984741211,no_change,,10.0,113.0
AAPL,2026-10-16,71,Call,400.0,AAPL261016C00400000,0.44,0.51,0.475,0.49,0.12,32.4324,17.0,6698.0,0.2734,0.0349,0.002,0.112,-0.02,0.0206,0.4896,0.45,0.5,0.45,0.370000004768372,no_change,2026-08-06T09:45:28,307.0,25.0
AAPL,2026-10-16,71,Put,400.0,AAPL261016P00400000,83.65,86.15,84.9,0.0,0.0,0.0,0.0,0.0,0.3698,-0.9969,0.0006,0.0109,0.0,-0.0493,84.2373,0.0,0.0,0.0,90.3250007629394,no_change,,84.0,100.0
AAPL,2026-10-16,71,Call,405.0,AAPL261016C00405000,0.37,0.46,0.41500000000000004,0.3,0.0,0.0,0.0,79.0,0.2792,0.029,0.0017,0.0966,-0.0173,0.0171,0.3993,0.0,0.0,0.0,0.300000011920929,up,2026-08-05T09:56:42,163.0,346.0
AAPL,2026-10-16,71,Put,405.0,AAPL261016P00405000,88.35,91.15,89.75,80.2,0.0,0.0,0.0,0.0,0.3863,-0.9984,0.0003,0.0048,0.0,-0.0473,89.2307,0.0,0.0,0.0,95.3499984741211,up,2026-07-22T14:51:37,114.0,113.0
AAPL,2026-10-16,71,Call,410.0,AAPL261016C00410000,0.23,0.37,0.3,0.26,0.0,0.0,0.0,2791.0,0.2767,0.0242,0.0014,0.0832,-0.015,0.0142,0.3282,0.0,0.0,0.0,0.255000002682209,up,2026-08-05T14:23:37,429.0,323.0
AAPL,2026-10-16,71,Put,410.0,AAPL261016P00410000,93.55,96.1,94.82499999999999,107.25,0.0,0.0,0.0,1.0,0.3939,-0.9993,0.0002,0.0028,0.0,-0.0455,94.226,0.0,0.0,0.0,99.6999969482422,up,2026-07-31T10:41:55,94.0,100.0
AAPL,2026-10-16,71,Call,415.0,AAPL261016C00415000,0.15,0.34,0.245,0.25,0.0,0.0,0.0,44.0,0.2794,0.0204,0.0012,0.0721,-0.013,0.012,0.272,0.0,0.0,0.0,0.21000000834465,up,2026-08-04T10:30:57,186.0,112.0
AAPL,2026-10-16,71,Put,415.0,AAPL261016P00415000,98.55,101.1,99.82499999999999,0.0,0.0,0.0,0.0,0.0,0.4081,-0.9996,0.0001,0.0009,0.0,-0.0459,99.2231,0.0,0.0,0.0,105.25,no_change,,94.0,108.0
AAPL,2026-10-16,71,Call,420.0,AAPL261016C00420000,0.11,0.29,0.19999999999999998,0.18,0.0,0.0,0.0,270.0,0.282,0.0172,0.0011,0.0627,-0.0114,0.0101,0.2276,0.0,0.0,0.0,0.174999997019768,up,2026-08-05T15:47:30,406.0,340.0
AAPL,2026-10-16,71,Put,420.0,AAPL261016P00420000,103.6,106.1,104.85,0.0,0.0,0.0,0.0,0.0,0.4238,-0.9998,0.0,0.0004,0.0,-0.0463,104.2205,0.0,0.0,0.0,110.525001525879,no_change,,95.0,100.0
AAPL,2026-10-16,71,Call,425.0,AAPL261016C00425000,0.08,0.24,0.16,0.17,0.0,0.0,0.0,66.0,0.2836,0.0147,0.0009,0.0549,-0.0101,0.0086,0.1931,0.0,0.0,0.0,0.150000002235174,no_change,2026-08-05T10:59:01,394.0,365.0
AAPL,2026-10-16,71,Put,425.0,AAPL261016P00425000,108.5,111.1,109.8,0.0,0.0,0.0,0.0,0.0,0.4336,-0.9999,0.0,0.0002,0.0,-0.0466,109.218,0.0,0.0,0.0,115.349998474121,no_change,,97.0,100.0
AAPL,2026-10-16,71,Call,430.0,AAPL261016C00430000,0.06,0.23,0.14500000000000002,0.14,0.0,0.0,0.0,698.0,0.2898,0.0126,0.0008,0.0482,-0.009,0.0074,0.1647,0.0,0.0,0.0,0.120000001043081,up,2026-08-05T15:32:12,335.0,331.0
AAPL,2026-10-16,71,Put,430.0,AAPL261016P00430000,113.55,116.1,114.82499999999999,0.0,0.0,0.0,0.0,0.0,0.4288,-1.0,0.0,0.0,0.0,-0.0471,114.2156,0.0,0.0,0.0,120.224998474121,no_change,,87.0,100.0
AAPL,2026-10-16,71,Call,435.0,AAPL261016C00435000,0.04,0.2,0.12000000000000001,0.18,0.0,0.0,0.0,7.0,0.2928,0.0109,0.0007,0.0425,-0.008,0.0064,0.1415,0.0,0.0,0.0,0.114999998360872,no_change,2026-08-04T11:59:11,159.0,123.0
AAPL,2026-10-16,71,Put,435.0,AAPL261016P00435000,118.25,121.1,119.675,0.0,0.0,0.0,0.0,0.0,0.4491,-1.0,0.0,0.0,0.0,-0.0476,119.2132,0.0,0.0,0.0,125.25,no_change,,101.0,108.0
AAPL,2026-10-16,71,Call,440.0,AAPL261016C00440000,0.02,0.2,0.11,0.18,0.0,0.0,0.0,171.0,0.2989,0.0095,0.0006,0.0377,-0.0072,0.0055,0.1231,0.0,0.0,0.0,0.100000000558794,down,2026-08-05T10:57:28,382.0,319.0
AAPL,2026-10-16,71,Put,440.0,AAPL261016P00440000,123.5,126.1,124.8,0.0,0.0,0.0,0.0,0.0,0.473,-1.0,0.0,0.0,0.0,-0.0482,124.2108,0.0,0.0,0.0,130.224998474121,no_change,,100.0,100.0
AAPL,2026-10-16,71,Call,450.0,AAPL261016C00450000,0.01,0.31,0.16,0.07,0.0,0.0,0.0,2031.0,0.3312,0.0074,0.0005,0.0304,-0.0059,0.0043,0.0955,0.0,0.0,0.0,0.0750000011175871,down,2026-08-05T15:40:18,387.0,488.0
AAPL,2026-10-16,71,Put,450.0,AAPL261016P00450000,133.5,136.1,134.8,0.0,0.0,0.0,0.0,0.0,0.4982,-1.0,0.0,0.0,0.0,-0.0493,134.206,0.0,0.0,0.0,140.324996948242,no_change,,101.0,107.0
AAPL,2026-10-16,71,Call,460.0,AAPL261016C00460000,0.01,0.13,0.07,0.05,0.0,0.0,0.0,707.0,0.3181,0.0059,0.0004,0.0249,-0.005,0.0034,0.0769,0.0,0.0,0.0,0.0599999986588955,no_change,2026-08-05T09:53:05,243.0,261.0
AAPL,2026-10-16,71,Put,460.0,AAPL261016P00460000,143.5,146.1,144.8,0.0,0.0,0.0,0.0,0.0,0.5226,-1.0,0.0,0.0,0.0,-0.0504,144.2012,0.0,0.0,0.0,150.349998474121,no_change,,101.0,100.0
AAPL,2026-10-16,71,Call,470.0,AAPL261016C00470000,0.01,0.12,0.065,0.05,0.0,0.0,0.0,106.0,0.3318,0.0048,0.0003,0.0207,-0.0042,0.0028,0.0626,0.0,0.0,0.0,0.0699999993667006,no_change,2026-08-05T10:50:21,140.0,262.0
AAPL,2026-10-16,71,Put,470.0,AAPL261016P00470000,153.6,156.1,154.85,0.0,0.0,0.0,0.0,0.0,0.5508,-1.0,0.0,0.0,0.0,-0.0515,154.1964,0.0,0.0,0.0,160.349998474121,no_change,,90.0,111.0
AAPL,2026-10-16,71,Call,480.0,AAPL261016C00480000,0.01,0.11,0.06,0.02,-0.035,-63.6364,1.0,30.0,0.3447,0.004,0.0002,0.0174,-0.0036,0.0023,0.0519,0.02,0.02,0.02,0.0550000015646219,down,2026-08-06T09:30:02,79.0,205.0
AAPL,2026-10-16,71,Put,480.0,AAPL261016P00480000,162.45,166.1,164.27499999999998,0.0,0.0,0.0,0.0,0.0,0.4915,-1.0,0.0,0.0,0.0,-0.0526,164.1916,0.0,0.0,0.0,170.324996948242,no_change,,111.0,113.0
AAPL,2026-10-16,71,Call,490.0,AAPL261016C00490000,0.01,0.34,0.17500000000000002,0.02,0.0,0.0,0.0,24.0,0.4041,0.0033,0.0002,0.0148,-0.0032,0.0019,0.0436,0.0,0.0,0.0,0.134999999776483,no_change,2026-08-05T11:08:22,33.0,287.0
AAPL,2026-10-16,71,Put,490.0,AAPL261016P00490000,172.5,176.1,174.3,0.0,0.0,0.0,0.0,0.0,0.5129,-1.0,0.0,0.0,0.0,-0.0537,174.1868,0.0,0.0,0.0,180.324996948242,no_change,,100.0,105.0
AAPL,2026-10-16,71,Call,500.0,AAPL261016C00500000,0.01,0.1,0.055,0.04,0.0,0.0,0.0,175.0,0.3713,0.0028,0.0002,0.0127,-0.0028,0.0016,0.0371,0.0,0.0,0.0,0.0449999989941716,up,2026-08-05T09:30:00,29.0,45.0
AAPL,2026-10-16,71,Put,500.0,AAPL261016P00500000,182.9,186.05,184.47500000000002,0.0,0.0,0.0,0.0,0.0,0.5759,-1.0,0.0,0.0,0.0,-0.0548,184.182,0.0,0.0,0.0,190.224998474121,no_change,,101.0,100.0
AAPL,2026-10-16,71,Call,510.0,AAPL261016C00510000,0.01,0.32,0.165,0.1,0.0,0.0,0.0,11.0,0.4331,0.0024,0.0001,0.0109,-0.0024,0.0014,0.0316,0.0,0.0,0.0,0.170000006444752,down,2026-08-04T13:46:12,30.0,220.0
AAPL,2026-10-16,71,Put,510.0,AAPL261016P00510000,193.5,196.05,194.775,0.0,0.0,0.0,0.0,0.0,0.6329,-1.0,0.0,0.0,0.0,-0.0559,194.1772,0.0,0.0,0.0,200.224998474121,no_change,,96.0,100.0
AAPL,2026-10-16,71,Call,520.0,AAPL261016C00520000,0.01,0.31,0.16,0.15,0.0,0.0,0.0,4.0,0.4468,0.002,0.0001,0.0095,-0.0022,0.0012,0.0272,0.0,0.0,0.0,0.360000014305115,no_change,2026-07-30T09:32:02,40.0,230.0
AAPL,2026-10-16,71,Put,520.0,AAPL261016P00520000,203.5,206.05,204.775,0.0,0.0,0.0,0.0,0.0,0.6537,-1.0,0.0,0.0,0.0,-0.057,204.1724,0.0,0.0,0.0,210.424995422363,no_change,,95.0,100.0
AAPL,2026-10-16,71,Call,530.0,AAPL261016C00530000,0.0,1.02,0.51,0.15,0.0,0.0,0.0,5.0,0.534,0.0018,0.0001,0.0083,-0.0019,0.001,0.0238,0.0,0.0,0.0,0.509999990463257,no_change,2026-07-29T09:44:02,0.0,150.0
AAPL,2026-10-16,71,Put,530.0,AAPL261016P00530000,212.6,216.05,214.325,0.0,0.0,0.0,0.0,0.0,0.6792,-1.0,0.0,0.0,0.0,-0.058,214.1676,0.0,0.0,0.0,220.274993896484,no_change,,100.0,108.0
AAPL,2026-10-16,71,Call,540.0,AAPL261016C00540000,0.0,1.02,0.51,0.04,0.0,0.0,0.0,8.0,0.5499,0.0015,0.0001,0.0073,-0.0017,0.0009,0.0209,0.0,0.0,0.0,0.509999990463257,no_change,2026-07-30T15:22:01,0.0,150.0
AAPL,2026-10-16,71,Put,540.0,AAPL261016P00540000,223.5,226.05,224.775,0.0,0.0,0.0,0.0,0.0,0.6939,-1.0,0.0,0.0,0.0,-0.0592,224.1627,0.0,0.0,0.0,230.424995422363,no_change,,101.0,101.0
AAPL,2026-10-16,71,Call,550.0,AAPL261016C00550000,0.0,1.02,0.51,0.15,0.0,0.0,0.0,12.0,0.5656,0.0013,0.0001,0.0065,-0.0016,0.0008,0.0183,0.0,0.0,0.0,0.509999990463257,no_change,2026-07-27T09:30:31,0.0,150.0
AAPL,2026-10-16,71,Put,550.0,AAPL261016P00550000,232.9,236.05,234.47500000000002,0.0,0.0,0.0,0.0,0.0,0.6754,-1.0,0.0,0.0,0.0,-0.0602,234.1579,0.0,0.0,0.0,240.274993896484,no_change,,101.0,107.0
AAPL,2026-10-16,71,Call,560.0,AAPL261016C00560000,0.0,1.02,0.51,0.15,0.0,0.0,0.0,5.0,0.581,0.0012,0.0001,0.0057,-0.0014,0.0007,0.0162,0.0,0.0,0.0,0.509999990463257,up,2026-07-29T09:32:37,0.0,150.0
AAPL,2026-10-16,71,Put,560.0,AAPL261016P00560000,243.45,246.05,244.75,0.0,0.0,0.0,0.0,0.0,0.7297,-1.0,0.0,0.0,0.0,-0.0315,244.1531,0.0,0.0,0.0,250.424995422363,no_change,,101.0,108.0
AAPL,2026-10-16,71,Call,570.0,AAPL261016C00570000,0.0,0.52,0.26,0.03,0.0,0.0,0.0,14.0,0.547,0.001,0.0001,0.0051,-0.0013,0.0006,0.0144,0.0,0.0,0.0,0.209999993443489,down,2026-07-28T14:24:12,0.0,100.0
AAPL,2026-10-16,71,Put,570.0,AAPL261016P00570000,253.35,256.05,254.7,0.0,0.0,0.0,0.0,0.0,0.7427,-1.0,0.0,0.0,0.0,0.0,254.15,0.0,0.0,0.0,260.425003051758,no_change,,100.0,100.0
AAPL,2026-10-16,71,Call,580.0,AAPL261016C00580000,0.0,0.52,0.26,0.15,0.0,0.0,0.0,35.0,0.5608,0.0009,0.0,0.0046,-0.0012,0.0005,0.0128,0.0,0.0,0.0,0.509999990463257,no_change,2026-07-27T10:03:15,0.0,100.0
AAPL,2026-10-16,71,Put,580.0,AAPL261016P00580000,263.3,266.05,264.675,0.0,0.0,0.0,0.0,0.0,0.758,-1.0,0.0,0.0,0.0,0.0,264.15,0.0,0.0,0.0,270.274993896484,no_change,,100.0,100.0
AAPL,2026-10-16,71,Call,590.0,AAPL261016C00590000,0.0,0.08,0.04,0.02,0.0,0.0,0.0,77.0,0.4756,0.0008,0.0,0.0041,-0.001,0.0004,0.0114,0.0,0.0,0.0,0.00999999977648258,down,2026-07-29T14:14:24,0.0,15.0
AAPL,2026-10-16,71,Put,590.0,AAPL261016P00590000,273.55,276.05,274.8,250.65,0.0,0.0,0.0,0.0,0.79,-1.0,0.0,0.0,0.0,0.0,274.15,0.0,0.0,0.0,280.300003051758,down,2026-07-28T15:49:18,97.0,108.0
AAPL,2026-10-16,71,Call,600.0,AAPL261016C00600000,0.0,0.09,0.045,0.03,0.0,0.0,0.0,70.0,0.4921,0.0007,0.0,0.0037,-0.001,0.0004,0.0103,0.0,0.0,0.0,0.0149999996647239,down,2026-07-31T10:02:33,0.0,4.0
AAPL,2026-10-16,71,Put,600.0,AAPL261016P00600000,283.45,286.05,284.75,266.4,0.0,0.0,0.0,0.0,0.8021,-1.0,0.0,0.0,0.0,0.0,284.15,0.0,0.0,0.0,290.274993896484,up,2026-07-30T09:33:22,101.0,107.0
AAPL,2026-11-20,106,Call,100.0,AAPL261120C00100000,215.0,218.4,216.7,208.21,0.0,0.0,0.0,17.0,0.0,0.9989,0.0,0.0054,0.0,0.2569,216.6921,0.0,0.0,0.0,210.550003051758,up,2026-08-03T13:25:49,105.0,100.0
AAPL,2026-11-20,106,Put,100.0,AAPL261120P00100000,0.0,0.12,0.06,0.09,0.0,0.0,0.0,263.0,0.7787,-0.001,0.0,0.0055,-0.0018,-0.0009,0.0342,0.0,0.0,0.0,0.0750000029802322,up,2026-07-30T15:12:48,0.0,23.0
AAPL,2026-11-20,106,Call,105.0,AAPL261120C00105000,210.05,213.75,211.9,158.6,0.0,0.0,0.0,12.0,0.845,0.9988,0.0,0.006,0.0,0.2696,211.7538,0.0,0.0,0.0,205.674995422363,up,2026-01-27T09:32:54,106.0,2.0
AAPL,2026-11-20,106,Put,105.0,AAPL261120P00105000,0.0,0.3,0.15,0.14,0.0,0.0,0.0,7.0,0.8224,-0.0011,0.0,0.0063,-0.002,-0.0011,0.0384,0.0,0.0,0.0,0.155000001192093,down,2026-07-17T14:51:59,0.0,204.0
AAPL,2026-11-20,106,Call,110.0,AAPL261120C00110000,205.1,208.4,206.75,190.16,0.0,0.0,0.0,47.0,0.0,0.9986,0.0,0.0068,0.0,0.2824,206.8158,0.0,0.0,0.0,200.724998474121,down,2026-06-17T12:58:50,106.0,100.0
AAPL,2026-11-20,106,Put,110.0,AAPL261120P00110000,0.0,0.31,0.155,0.14,0.0,0.0,0.0,125.0,0.7925,-0.0012,0.0,0.0071,-0.0021,-0.0012,0.0431,0.0,0.0,0.0,0.0799999982118606,no_change,2026-08-03T15:44:47,0.0,208.0
AAPL,2026-11-20,106,Call,115.0,AAPL261120C00115000,200.15,203.75,201.95,173.82,0.0,0.0,0.0,1.0,0.7413,0.9984,0.0,0.0077,0.0,0.2951,201.8783,0.0,0.0,0.0,195.775001525879,down,2026-05-07T15:51:36,100.0,1.0
AAPL,2026-11-20,106,Put,115.0,AAPL261120P00115000,0.01,0.31,0.16,0.07,0.0,0.0,0.0,53.0,0.7638,-0.0014,0.0,0.008,-0.0024,-0.0014,0.0483,0.0,0.0,0.0,0.164999996311963,down,2026-06-25T11:15:09,30.0,202.0
AAPL,2026-11-20,106,Call,120.0,AAPL261120C00120000,195.2,198.95,197.075,191.62,0.0,0.0,0.0,69.0,0.7492,0.9982,0.0,0.0089,0.0,0.3082,196.9414,0.0,0.0,0.0,190.875,down,2026-07-08T10:20:36,100.0,1.0
AAPL,2026-11-20,106,Put,120.0,AAPL261120P00120000,0.01,0.32,0.165,0.06,0.0,0.0,0.0,132.0,0.7362,-0.0016,0.0,0.0091,-0.0026,-0.0016,0.054,0.0,0.0,0.0,0.140000005252659,down,2026-08-03T10:26:11,4.0,257.0
AAPL,2026-11-20,106,Call,125.0,AAPL261120C00125000,190.3,193.55,191.925,177.6,0.0,0.0,0.0,36.0,0.0,0.998,0.0,0.01,0.0,0.3208,192.0053,0.0,0.0,0.0,185.850006103516,no_change,2026-07-31T13:51:55,100.0,102.0
AAPL,2026-11-20,106,Put,125.0,AAPL261120P00125000,0.01,0.32,0.165,0.11,0.0,0.0,0.0,65.0,0.7072,-0.0019,0.0,0.0103,-0.0028,-0.0018,0.0604,0.0,0.0,0.0,0.170000006444752,down,2026-08-03T10:26:39,8.0,248.0
AAPL,2026-11-20,106,Call,130.0,AAPL261120C00130000,185.35,188.35,186.85,167.36,0.0,0.0,0.0,76.0,0.0,0.9977,0.0001,0.0112,0.0,0.3335,187.0698,0.0,0.0,0.0,181.074996948242,down,2026-06-24T10:17:17,100.0,101.0
AAPL,2026-11-20,106,Put,130.0,AAPL261120P00130000,0.01,0.33,0.17,0.11,0.0,0.0,0.0,59.0,0.6817,-0.0021,0.0001,0.0116,-0.0031,-0.002,0.0675,0.0,0.0,0.0,0.09500000346452,down,2026-08-03T10:27:13,38.0,254.0
AAPL,2026-11-20,106,Call,135.0,AAPL261120C00135000,180.4,183.8,182.10000000000002,205.49,0.0,0.0,0.0,29.0,0.0,0.9974,0.0001,0.0128,0.0,0.3461,182.1351,0.0,0.0,0.0,176.150001525879,up,2026-07-28T09:42:17,106.0,100.0
AAPL,2026-11-20,106,Put,135.0,AAPL261120P00135000,0.01,0.33,0.17,0.11,0.0,0.0,0.0,246.0,0.6548,-0.0024,0.0001,0.013,-0.0034,-0.0023,0.0754,0.0,0.0,0.0,0.105000001378357,down,2026-08-03T10:27:41,46.0,246.0
AAPL,2026-11-20,106,Call,140.0,AAPL261120C00140000,175.45,179.15,177.3,194.2,0.0,0.0,0.0,74.0,0.6352,0.9971,0.0001,0.0145,0.0,0.3594,177.2016,0.0,0.0,0.0,171.125,up,2026-07-30T09:34:00,101.0,100.0
AAPL,2026-11-20,106,Put,140.0,AAPL261120P00140000,0.01,0.34,0.17500000000000002,0.18,0.0,0.0,0.0,125.0,0.6311,-0.0028,0.0001,0.0146,-0.0037,-0.0026,0.0843,0.0,0.0,0.0,0.0850000027567148,no_change,2026-08-05T10:45:07,129.0,341.0
AAPL,2026-11-20,106,Call,145.0,AAPL261120C00145000,170.55,173.7,172.125,146.0,0.0,0.0,0.0,31.0,0.0,0.9967,0.0001,0.0162,0.0,0.3719,172.2691,0.0,0.0,0.0,166.225006103516,up,2026-06-30T13:40:05,100.0,100.0
AAPL,2026-11-20,106,Put,145.0,AAPL261120P00145000,0.05,0.24,0.145,0.07,0.0,0.0,0.0,78.0,0.5928,-0.0031,0.0001,0.0165,-0.0041,-0.003,0.0943,0.0,0.0,0.0,0.14499999769032,no_change,2026-07-31T13:52:03,4.0,196.0
AAPL,2026-11-20,106,Call,150.0,AAPL261120C00150000,165.6,169.25,167.425,178.5,0.0,0.0,0.0,221.0,0.5892,0.9963,0.0001,0.0184,0.0,0.3852,167.3379,0.0,0.0,0.0,161.275001525879,up,2026-07-21T10:55:54,105.0,1.0
AAPL,2026-11-20,106,Put,150.0,AAPL261120P00150000,0.05,0.35,0.19999999999999998,0.16,0.0,0.0,0.0,161.0,0.5913,-0.0036,0.0001,0.0186,-0.0044,-0.0034,0.1055,0.0,0.0,0.0,0.160000005736947,up,2026-08-05T11:53:00,38.0,380.0
AAPL,2026-11-20,106,Call,155.0,AAPL261120C00155000,160.65,164.2,162.425,148.1,0.0,0.0,0.0,118.0,0.5419,0.9958,0.0001,0.0208,0.0,0.3979,162.4084,0.0,0.0,0.0,156.224998474121,no_change,2026-07-31T13:10:49,106.0,101.0
AAPL,2026-11-20,106,Put,155.0,AAPL261120P00155000,0.02,0.26,0.14,0.1,0.0,0.0,0.0,541.0,0.5438,-0.0041,0.0001,0.021,-0.0049,-0.0039,0.1183,0.0,0.0,0.0,0.094999996945262,no_change,2026-08-05T11:52:48,211.0,286.0
AAPL,2026-11-20,106,Call,160.0,AAPL261120C00160000,155.75,158.9,157.325,144.0,0.0,0.0,0.0,42.0,0.0,0.9952,0.0001,0.0235,0.0,0.4118,157.4807,0.0,0.0,0.0,151.475006103516,down,2026-07-31T09:33:19,106.0,101.0
AAPL,2026-11-20,106,Put,160.0,AAPL261120P00160000,0.03,0.17,0.1,0.11,0.0,0.0,0.0,145.0,0.5022,-0.0046,0.0001,0.0236,-0.0053,-0.0044,0.1329,0.0,0.0,0.0,0.130000002682209,up,2026-08-03T13:30:19,146.0,137.0
AAPL,2026-11-20,106,Call,165.0,AAPL261120C00165000,150.85,154.15,152.5,141.77,0.0,0.0,0.0,3.0,0.4783,0.9945,0.0002,0.0265,0.0,0.4462,152.5555,0.0,0.0,0.0,146.474998474121,down,2026-08-03T10:07:45,100.0,100.0
AAPL,2026-11-20,106,Put,165.0,AAPL261120P00165000,0.05,0.19,0.12,0.2,0.0,0.0,0.0,100.0,0.4914,-0.0053,0.0002,0.0265,-0.0058,-0.0051,0.1495,0.0,0.0,0.0,0.140000000596046,down,2026-07-27T10:32:37,136.0,133.0
AAPL,2026-11-20,106,Call,170.0,AAPL261120C00170000,145.9,149.55,147.72500000000002,171.88,0.0,0.0,0.0,51.0,0.5172,0.9937,0.0002,0.0299,0.0,0.4889,147.6364,0.0,0.0,0.0,141.550003051758,up,2026-07-28T15:45:12,106.0,101.0
AAPL,2026-11-20,106,Put,170.0,AAPL261120P00170000,0.07,0.22,0.14500000000000002,0.17,0.0,0.0,0.0,174.0,0.4811,-0.0061,0.0002,0.0301,-0.0064,-0.0058,0.1688,0.0,0.0,0.0,0.175000000745058,up,2026-08-03T15:59:01,147.0,133.0
AAPL,2026-11-20,106,Call,175.0,AAPL261120C00175000,141.0,144.15,142.575,166.62,0.0,0.0,0.0,36.0,0.4032,0.9928,0.0002,0.0338,0.0,0.5087,142.7238,0.0,0.0,0.0,136.600006103516,up,2026-07-28T15:45:12,111.0,100.0
AAPL,2026-11-20,106,Put,175.0,AAPL261120P00175000,0.09,0.24,0.16499999999999998,0.2,0.0,0.0,0.0,121.0,0.468,-0.007,0.0002,0.0341,-0.0071,-0.0067,0.1912,0.0,0.0,0.0,0.200000002980232,down,2026-08-03T11:46:59,263.0,291.0
AAPL,2026-11-20,106,Call,180.0,AAPL261120C00180000,136.1,138.6,137.35,148.55,0.0,0.0,0.0,15.0,0.0,0.9918,0.0003,0.0383,0.0,0.5228,137.8156,0.0,0.0,0.0,131.824996948242,up,2026-07-20T14:25:06,111.0,12.0
AAPL,2026-11-20,106,Put,180.0,AAPL261120P00180000,0.12,0.27,0.195,0.2,-0.04,-16.6667,1.0,356.0,0.4572,-0.008,0.0003,0.0385,-0.0078,-0.0077,0.2174,0.2,0.2,0.2,0.240000002086163,down,2026-08-06T09:30:01,336.0,339.0
AAPL,2026-11-20,106,Call,185.0,AAPL261120C00185000,131.2,133.85,132.52499999999998,149.76,0.0,0.0,0.0,279.0,0.0,0.9905,0.0003,0.0434,0.0,0.5363,132.9118,0.0,0.0,0.0,126.825004577637,no_change,2026-07-17T12:49:35,227.0,50.0
AAPL,2026-11-20,106,Put,185.0,AAPL261120P00185000,0.16,0.29,0.22499999999999998,0.25,0.0,0.0,0.0,1065.0,0.4454,-0.0093,0.0003,0.0436,-0.0086,-0.0088,0.248,0.0,0.0,0.0,0.245000004768372,down,2026-08-05T13:16:13,384.0,423.0
AAPL,2026-11-20,106,Call,190.0,AAPL261120C00190000,126.3,129.6,127.94999999999999,119.0,0.0,0.0,0.0,73.0,0.4028,0.9891,0.0004,0.0493,0.0,0.5496,128.0134,0.0,0.0,0.0,122.150001525879,up,2026-08-03T13:55:38,106.0,101.0
AAPL,2026-11-20,106,Put,190.0,AAPL261120P00190000,0.18,0.36,0.27,0.28,0.0,0.0,0.0,568.0,0.4361,-0.0107,0.0004,0.0498,-0.0096,-0.0102,0.2839,0.0,0.0,0.0,0.270000003278255,down,2026-08-05T15:40:02,287.0,303.0
AAPL,2026-11-20,106,Call,195.0,AAPL261120C00195000,121.4,124.7,123.05000000000001,87.05,0.0,0.0,0.0,24.0,0.4133,0.9874,0.0004,0.0561,0.0,0.5626,123.1216,0.0,0.0,0.0,117.150001525879,down,2026-06-25T13:44:08,100.0,102.0
AAPL,2026-11-20,106,Put,195.0,AAPL261120P00195000,0.22,0.41,0.315,0.36,0.0,0.0,0.0,495.0,0.4254,-0.0125,0.0004,0.0565,-0.0106,-0.0119,0.3267,0.0,0.0,0.0,0.33500000834465,down,2026-08-05T13:16:30,315.0,318.0
AAPL,2026-11-20,106,Call,200.0,AAPL261120C00200000,116.5,119.15,117.825,110.4,0.0,0.0,0.0,98.0,0.0,0.9853,0.0005,0.0639,0.0,0.5753,118.2376,0.0,0.0,0.0,112.325000762939,up,2026-08-05T10:06:17,110.0,23.0
AAPL,2026-11-20,106,Put,200.0,AAPL261120P00200000,0.31,0.42,0.365,0.38,0.0,0.0,0.0,1807.0,0.4146,-0.0145,0.0005,0.0643,-0.0118,-0.0138,0.3773,0.0,0.0,0.0,0.394999995827675,down,2026-08-05T13:16:13,249.0,306.0
AAPL,2026-11-20,106,Call,205.0,AAPL261120C00205000,111.65,114.4,113.025,104.38,0.0,0.0,0.0,58.0,0.3324,0.9829,0.0006,0.0729,0.0,0.5877,113.3631,0.0,0.0,0.0,107.474998474121,down,2026-08-04T10:30:54,111.0,44.0
AAPL,2026-11-20,106,Put,205.0,AAPL261120P00205000,0.38,0.46,0.42000000000000004,0.44,-0.03,-6.38298,1.0,1475.0,0.4035,-0.017,0.0006,0.0737,-0.0132,-0.0161,0.4374,0.44,0.44,0.44,0.469999998807907,down,2026-08-06T09:30:09,188.0,574.0
AAPL,2026-11-20,106,Call,210.0,AAPL261120C00210000,106.8,109.95,108.375,94.35,0.0,0.0,0.0,51.0,0.379,0.9801,0.0007,0.0834,0.0,0.5995,108.5001,0.0,0.0,0.0,102.449996948242,down,2026-07-31T13:43:42,105.0,95.0
AAPL,2026-11-20,106,Put,210.0,AAPL261120P00210000,0.45,0.54,0.495,0.55,0.0,0.0,0.0,1893.0,0.3941,-0.0198,0.0007,0.084,-0.0147,-0.0188,0.5096,0.0,0.0,0.0,0.569999992847443,down,2026-08-05T15:55:00,239.0,252.0
AAPL,2026-11-20,106,Call,215.0,AAPL261120C00215000,101.95,104.6,103.275,94.3,0.0,0.0,0.0,157.0,0.3317,0.9767,0.0008,0.0952,0.0,0.6108,103.6512,0.0,0.0,0.0,97.5249977111816,down,2026-08-04T12:13:35,152.0,34.0
AAPL,2026-11-20,106,Put,215.0,AAPL261120P00215000,0.54,0.63,0.585,0.79,0.0,0.0,0.0,895.0,0.3851,-0.0233,0.0008,0.0959,-0.0165,-0.022,0.5956,0.0,0.0,0.0,0.659999996423721,up,2026-08-05T09:38:18,209.0,246.0
AAPL,2026-11-20,106,Call,220.0,AAPL261120C00220000,97.1,99.75,98.425,86.1,0.0,0.0,0.0,370.0,0.3295,0.9727,0.001,0.1089,0.0,0.6216,98.819,0.0,0.0,0.0,92.75,down,2026-07-31T14:59:48,155.0,66.0
AAPL,2026-11-20,106,Put,220.0,AAPL261120P00220000,0.65,0.77,0.71,0.83,0.0,0.0,0.0,3714.0,0.3781,-0.0273,0.001,0.1103,-0.0184,-0.0259,0.6987,0.0,0.0,0.0,0.78999999165535,down,2026-08-05T10:51:56,184.0,369.0
AAPL,2026-11-20,106,Call,225.0,AAPL261120C00225000,92.15,95.05,93.6,85.5,0.0,0.0,0.0,2376.0,0.3272,0.9679,0.0011,0.1247,-0.0007,0.6314,94.0075,0.0,0.0,0.0,87.9249992370606,down,2026-08-03T13:52:04,162.0,81.0
AAPL,2026-11-20,106,Put,225.0,AAPL261120P00225000,0.78,0.87,0.825,0.95,0.0,0.0,0.0,1651.0,0.3683,-0.0322,0.0012,0.1256,-0.0207,-0.0304,0.8233,0.0,0.0,0.0,0.939999997615814,down,2026-08-05T14:19:49,131.0,212.0
AAPL,2026-11-20,106,Call,230.0,AAPL261120C00230000,87.5,90.2,88.85,81.5,0.0,0.0,0.0,3573.0,0.3292,0.9622,0.0013,0.1423,-0.0042,0.6405,89.2209,0.0,0.0,0.0,83.25,up,2026-08-03T13:24:06,226.0,50.0
AAPL,2026-11-20,106,Put,230.0,AAPL261120P00230000,0.93,1.04,0.9850000000000001,1.09,0.0,0.0,0.0,5911.0,0.3612,-0.0378,0.0013,0.1432,-0.0231,-0.0356,0.9687,0.0,0.0,0.0,1.10499995946884,down,2026-08-05T14:35:05,38.0,192.0
AAPL,2026-11-20,106,Call,235.0,AAPL261120C00235000,82.75,85.35,84.05,77.46,0.0,0.0,0.0,129.0,0.3223,0.9555,0.0016,0.1627,-0.008,0.6484,84.4643,0.0,0.0,0.0,78.5750007629394,down,2026-08-05T11:44:15,337.0,29.0
AAPL,2026-11-20,106,Put,235.0,AAPL261120P00235000,1.12,1.24,1.1800000000000002,1.33,0.0,0.0,0.0,1234.0,0.354,-0.0446,0.0016,0.1638,-0.0259,-0.042,1.1482,0.0,0.0,0.0,1.34999996423721,down,2026-08-05T14:53:57,6.0,437.0
AAPL,2026-11-20,106,Call,240.0,AAPL261120C00240000,78.0,80.5,79.25,74.05,0.0,0.0,0.0,407.0,0.3136,0.9475,0.0018,0.1854,-0.0121,0.655,79.7443,0.0,0.0,0.0,73.4500007629394,up,2026-08-04T13:20:31,555.0,43.0
AAPL,2026-11-20,106,Put,240.0,AAPL261120P00240000,1.33,1.48,1.405,1.41,-0.2,-12.4224,2.0,2406.0,0.3467,-0.0527,0.0018,0.1864,-0.029,-0.0495,1.3645,1.41,1.41,1.41,1.61000001430511,down,2026-08-06T09:34:04,208.0,651.0
AAPL,2026-11-20,106,Call,245.0,AAPL261120C00245000,73.3,75.7,74.5,69.05,0.0,0.0,0.0,1710.0,0.3034,0.9382,0.0021,0.211,-0.0165,0.6602,75.0677,0.0,0.0,0.0,68.8999977111816,up,2026-08-05T13:47:16,210.0,21.0
AAPL,2026-11-20,106,Put,245.0,AAPL261120P00245000,1.59,1.73,1.6600000000000001,1.87,0.0,0.0,0.0,2272.0,0.3392,-0.0622,0.0021,0.213,-0.0324,-0.0585,1.6247,0.0,0.0,0.0,1.9200000166893,down,2026-08-05T15:53:30,227.0,336.0
AAPL,2026-11-20,106,Call,250.0,AAPL261120C00250000,68.7,71.3,70.0,64.55,0.0,0.0,0.0,445.0,0.3103,0.9271,0.0024,0.2393,-0.0212,0.6636,70.4436,0.0,0.0,0.0,64.625,down,2026-08-05T12:32:15,275.0,39.0
AAPL,2026-11-20,106,Put,250.0,AAPL261120P00250000,1.9,2.04,1.97,2.2,0.0,0.0,0.0,6319.0,0.3319,-0.0734,0.0025,0.2406,-0.0361,-0.0686,1.9384,0.0,0.0,0.0,2.27999997138977,down,2026-08-05T15:55:06,183.0,409.0
AAPL,2026-11-20,106,Call,255.0,AAPL261120C00255000,63.9,66.75,65.325,64.7,4.5,7.47508,4.0,2840.0,0.3018,0.9142,0.0028,0.2704,-0.0262,0.6652,65.8814,64.7,64.7,64.7,60.2000007629394,up,2026-08-06T09:39:17,493.0,124.0
AAPL,2026-11-20,106,Put,255.0,AAPL261120P00255000,2.28,2.44,2.36,2.83,0.0,0.0,0.0,6151.0,0.326,-0.0864,0.0029,0.2732,-0.0402,-0.0807,2.3143,0.0,0.0,0.0,2.75999999046326,up,2026-08-05T15:37:05,3.0,482.0
AAPL,2026-11-20,106,Call,260.0,AAPL261120C00260000,59.75,62.0,60.875,54.9,0.0,0.0,0.0,1073.0,0.3002,0.8992,0.0032,0.3042,-0.0315,0.6644,61.3927,0.0,0.0,0.0,55.9750003814697,down,2026-08-05T11:46:32,526.0,36.0
AAPL,2026-11-20,106,Put,260.0,AAPL261120P00260000,2.71,2.91,2.81,3.29,0.0,0.0,0.0,5117.0,0.3198,-0.1017,0.0033,0.306,-0.0445,-0.0944,2.7656,0.0,0.0,0.0,3.30000007152557,up,2026-08-05T15:49:58,179.0,349.0
AAPL,2026-11-20,106,Call,265.0,AAPL261120C00265000,55.25,57.4,56.325,50.62,0.0,0.0,0.0,754.0,0.292,0.8819,0.0037,0.3404,-0.037,0.6614,56.9892,0.0,0.0,0.0,51.0249996185303,down,2026-08-05T11:47:33,255.0,13.0
AAPL,2026-11-20,106,Put,265.0,AAPL261120P00265000,3.25,3.45,3.35,3.85,0.0,0.0,0.0,4193.0,0.3141,-0.1192,0.0038,0.3438,-0.0491,-0.1107,3.3028,0.0,0.0,0.0,3.97499990463257,no_change,2026-08-05T10:56:53,10.0,340.0
AAPL,2026-11-20,106,Call,270.0,AAPL261120C00270000,51.25,53.15,52.2,50.94,3.59,7.58184,6.0,6518.0,0.2945,0.8621,0.0042,0.3787,-0.0428,0.6555,52.6763,51.0,51.0,50.94,47.3500003814697,no_change,2026-08-06T09:34:17,291.0,30.0
AAPL,2026-11-20,106,Put,270.0,AAPL261120P00270000,3.8,4.1,3.9499999999999997,3.95,-0.725,-15.508,5.0,5624.0,0.3091,-0.1394,0.0042,0.3811,-0.0539,-0.1283,3.9418,4.1,4.13,3.95,4.67499995231628,down,2026-08-06T09:47:13,1.0,480.0
AAPL,2026-11-20,106,Call,275.0,AAPL261120C00275000,46.9,49.25,48.075,47.55,4.1,9.43613,1.0,3032.0,0.2926,0.8396,0.0047,0.4182,-0.0485,0.6469,48.4858,47.55,47.55,47.55,43.4500007629394,up,2026-08-06T09:32:03,392.0,365.0
AAPL,2026-11-20,106,Put,275.0,AAPL261120P00275000,4.6,4.85,4.725,4.9,-0.65,-11.7117,1.0,4234.0,0.3034,-0.1623,0.0048,0.4218,-0.0588,-0.1487,4.6963,4.9,4.9,4.9,5.54999995231628,down,2026-08-06T09:36:14,23.0,268.0
AAPL,2026-11-20,106,Call,280.0,AAPL261120C00280000,42.45,45.15,43.8,39.44,0.0,0.0,0.0,2173.0,0.2843,0.8143,0.0052,0.4583,-0.0543,0.6352,44.425,0.0,0.0,0.0,39.4500007629394,no_change,2026-08-05T15:41:29,530.0,140.0
AAPL,2026-11-20,106,Put,280.0,AAPL261120P00280000,5.45,5.75,5.6,6.0,-0.6,-9.09091,4.0,4923.0,0.2987,-0.188,0.0053,0.4616,-0.0637,-0.1702,5.5819,5.8,6.0,5.8,6.59999990463257,up,2026-08-06T09:38:01,70.0,506.0
AAPL,2026-11-20,106,Call,285.0,AAPL261120C00285000,38.95,40.9,39.925,36.55,0.0,0.0,0.0,2338.0,0.2822,0.7863,0.0058,0.4983,-0.0599,0.6204,40.5086,0.0,0.0,0.0,35.6499996185303,up,2026-08-05T15:59:38,316.0,27.0
AAPL,2026-11-20,106,Put,285.0,AAPL261120P00285000,6.45,6.8,6.625,6.83,-0.97,-12.4359,4.0,2556.0,0.2945,-0.2171,0.0059,0.5021,-0.0685,-0.1953,6.631,7.0,7.0,6.83,7.79999995231628,down,2026-08-06T09:43:28,52.0,409.0
AAPL,2026-11-20,106,Call,290.0,AAPL261120C00290000,35.0,37.6,36.3,35.8,3.8,11.875,6.0,2167.0,0.2759,0.7555,0.0063,0.5365,-0.0652,0.6026,36.7618,36.75,36.75,35.8,32.0000009536743,down,2026-08-06T09:42:35,548.0,273.0
AAPL,2026-11-20,106,Put,290.0,AAPL261120P00290000,7.65,7.9,7.775,7.77,-1.455,-15.7724,22.0,3404.0,0.2906,-0.2483,0.0065,0.5396,-0.073,-0.221,7.8133,7.95,8.0,7.76,9.22499990463257,up,2026-08-06T09:47:11,33.0,11.0
AAPL,2026-11-20,106,Call,295.0,AAPL261120C00295000,31.9,33.85,32.875,31.5,2.75,9.56522,1.0,1286.0,0.2816,0.7219,0.0068,0.5728,-0.0701,0.5814,33.1752,31.5,31.5,31.5,28.75,up,2026-08-06T09:37:41,425.0,255.0
AAPL,2026-11-20,106,Put,295.0,AAPL261120P00295000,9.05,9.4,9.225000000000001,9.68,-1.17,-10.7834,1.0,2701.0,0.2874,-0.2828,0.007,0.576,-0.0771,-0.249,9.1969,9.68,9.68,9.68,10.8499999046326,down,2026-08-06T09:38:00,43.0,216.0
AAPL,2026-11-20,106,Call,300.0,AAPL261120C00300000,29.4,30.5,29.95,29.4,3.725,14.5083,5.0,3871.0,0.2865,0.6859,0.0073,0.6048,-0.0744,0.5577,29.7885,29.26,29.4,29.1,25.6750001907349,up,2026-08-06T09:46:43,268.0,237.0
AAPL,2026-11-20,106,Put,300.0,AAPL261120P00300000,10.6,10.95,10.774999999999999,11.35,-1.325,-10.4537,11.0,6764.0,0.2838,-0.3199,0.0075,0.6082,-0.0808,-0.2782,10.7732,10.9,11.35,10.9,12.6750001907349,up,2026-08-06T09:36:34,445.0,527.0
AAPL,2026-11-20,106,Call,305.0,AAPL261120C00305000,25.45,27.15,26.299999999999997,25.2,2.275,9.92366,22.0,3092.0,0.2762,0.6478,0.0077,0.6325,-0.0781,0.5308,26.6063,26.0,26.61,25.2,22.9250001907349,down,2026-08-06T09:38:04,447.0,295.0
AAPL,2026-11-20,106,Put,305.0,AAPL261120P00305000,12.4,12.75,12.575,12.78,-1.945,-13.2088,7.0,2908.0,0.2812,-0.3593,0.008,0.6346,-0.0837,-0.3066,12.5629,12.8,13.2,12.78,14.7250003814697,down,2026-08-06T09:44:15,79.0,263.0
AAPL,2026-11-20,106,Call,310.0,AAPL261120C00310000,23.25,24.0,23.625,22.98,2.755,13.6218,48.0,9998.0,0.2784,0.6079,0.0081,0.6542,-0.0809,0.5022,23.6391,23.0,23.5,22.3,20.2249994277954,down,2026-08-06T09:44:34,370.0,106.0
AAPL,2026-11-20,106,Put,310.0,AAPL261120P00310000,14.35,14.8,14.575,14.55,-2.35,-13.9053,2.0,9684.0,0.2786,-0.4006,0.0084,0.6556,-0.086,-0.3355,14.5748,15.25,15.25,14.55,16.9000005722046,down,2026-08-06T09:46:09,185.0,216.0
AAPL,2026-11-20,106,Call,315.0,AAPL261120C00315000,20.55,21.3,20.925,20.7,2.95,16.6197,26.0,4874.0,0.277,0.5668,0.0083,0.6694,-0.0829,0.4715,20.8956,20.74,21.0,19.7,17.75,up,2026-08-06T09:47:06,344.0,304.0
AAPL,2026-11-20,106,Put,315.0,AAPL261120P00315000,16.65,17.05,16.85,16.9,-2.65,-13.555,7.0,1402.0,0.2774,-0.4434,0.0087,0.6688,-0.0874,-0.3634,16.8176,17.48,17.48,16.9,19.5500001907349,no_change,2026-08-06T09:46:16,16.0,539.0
AAPL,2026-11-20,106,Call,320.0,AAPL261120C00320000,18.25,18.7,18.475,18.45,2.975,19.2246,36.0,3417.0,0.2755,0.5251,0.0085,0.6775,-0.084,0.4395,18.3781,18.35,18.45,17.4,15.4750003814697,up,2026-08-06T09:46:33,259.0,61.0
AAPL,2026-11-20,106,Put,320.0,AAPL261120P00320000,19.15,19.55,19.35,20.1,-2.275,-10.1676,10.0,2415.0,0.2756,-0.4872,0.0089,0.6746,-0.0879,-0.3901,19.2989,20.1,20.1,20.09,22.375,up,2026-08-06T09:40:58,8.0,392.0
AAPL,2026-11-20,106,Call,325.0,AAPL261120C00325000,16.0,16.35,16.175,15.76,2.31,17.1747,6.0,3448.0,0.2747,0.4834,0.0085,0.6784,-0.0841,0.407,16.0879,15.65,15.76,15.15,13.4500002861023,up,2026-08-06T09:44:10,485.0,27.0
AAPL,2026-11-20,106,Put,325.0,AAPL261120P00325000,21.85,22.35,22.1,24.52,0.0,0.0,0.0,549.0,0.2747,-0.5312,0.009,0.6718,-0.0876,-0.4115,22.0152,0.0,0.0,0.0,25.25,down,2026-08-05T15:55:05,9.0,111.0
AAPL,2026-11-20,106,Call,330.0,AAPL261120C00330000,13.9,14.25,14.075,13.95,2.3,19.7425,64.0,5805.0,0.2731,0.4422,0.0085,0.672,-0.0833,0.3739,14.0241,13.65,14.1,13.15,11.6500000953674,up,2026-08-06T09:45:54,449.0,22.0
AAPL,2026-11-20,106,Put,330.0,AAPL261120P00330000,24.75,25.45,25.1,25.08,-3.37,-11.8453,15.0,2850.0,0.2743,-0.575,0.009,0.6609,-0.0864,-0.4317,24.9691,25.08,25.08,25.08,28.4499998092651,down,2026-08-06T09:30:35,31.0,122.0
AAPL,2026-11-20,106,Call,335.0,AAPL261120C00335000,12.0,12.4,12.2,11.33,1.305,13.0175,14.0,5064.0,0.272,0.4019,0.0083,0.6591,-0.0816,0.3416,12.1655,11.82,12.25,11.33,10.0249996185303,no_change,2026-08-06T09:36:42,343.0,12.0
AAPL,2026-11-20,106,Put,335.0,AAPL261120P00335000,27.55,29.2,28.375,31.35,0.0,0.0,0.0,330.0,0.2751,-0.618,0.0089,0.642,-0.0844,-0.4441,28.1426,0.0,0.0,0.0,32.25,down,2026-08-05T10:53:26,71.0,146.0
AAPL,2026-11-20,106,Call,340.0,AAPL261120C00340000,10.5,10.8,10.65,10.6,1.9,21.8391,241.0,5145.0,0.273,0.3633,0.0081,0.6398,-0.0793,0.3097,10.5187,10.1,10.65,9.9,8.69999980926514,no_change,2026-08-06T09:46:44,391.0,107.0
AAPL,2026-11-20,106,Put,340.0,AAPL261120P00340000,30.95,33.05,32.0,36.35,0.0,0.0,0.0,312.0,0.2784,-0.6599,0.0088,0.6172,-0.0816,-0.4547,31.5394,0.0,0.0,0.0,35.7749996185303,down,2026-08-04T15:02:38,88.0,294.0
AAPL,2026-11-20,106,Call,345.0,AAPL261120C00345000,8.9,9.3,9.100000000000001,9.13,1.755,23.7966,1.0,4787.0,0.2713,0.3264,0.0078,0.6156,-0.0762,0.2794,9.0541,9.13,9.13,9.13,7.375,up,2026-08-06T09:30:32,209.0,97.0
AAPL,2026-11-20,106,Put,345.0,AAPL261120P00345000,34.5,36.9,35.7,43.4,0.0,0.0,0.0,111.0,0.2805,-0.7001,0.0086,0.5826,-0.0782,-0.4565,35.1439,0.0,0.0,0.0,39.8000011444092,down,2026-08-03T11:07:10,59.0,8.0
AAPL,2026-11-20,106,Call,350.0,AAPL261120C00350000,7.7,8.0,7.85,7.71,1.435,22.8685,50.0,6499.0,0.2717,0.2918,0.0074,0.5868,-0.0726,0.2505,7.7724,7.3,7.8,7.2,6.27500009536743,up,2026-08-06T09:46:20,476.0,134.0
AAPL,2026-11-20,106,Put,350.0,AAPL261120P00350000,38.2,40.65,39.425,44.25,0.0,0.0,0.0,62.0,0.2792,-0.7385,0.0082,0.545,-0.0743,-0.4514,38.9441,0.0,0.0,0.0,43.75,up,2026-08-05T14:04:47,137.0,516.0
AAPL,2026-11-20,106,Call,355.0,AAPL261120C00355000,6.45,6.85,6.65,6.3,0.925,17.2093,1.0,2235.0,0.2704,0.2596,0.007,0.5548,-0.0686,0.2234,6.6474,6.3,6.3,6.3,5.375,up,2026-08-06T09:34:32,177.0,56.0
AAPL,2026-11-20,106,Put,355.0,AAPL261120P00355000,42.3,43.85,43.075,48.45,0.0,0.0,0.0,208.0,0.2735,-0.7748,0.0079,0.5009,-0.0699,-0.4395,42.9181,0.0,0.0,0.0,47.75,no_change,2026-08-05T14:04:48,144.0,183.0
AAPL,2026-11-20,106,Call,360.0,AAPL261120C00360000,5.5,5.85,5.675,5.41,0.885,19.558,3.0,6639.0,0.2706,0.2298,0.0066,0.5204,-0.0643,0.1982,5.6686,5.6,5.6,5.15,4.52500009536743,up,2026-08-06T09:44:10,146.0,49.0
AAPL,2026-11-20,106,Put,360.0,AAPL261120P00360000,46.45,48.8,47.625,52.95,0.0,0.0,0.0,33.0,0.2832,-0.8086,0.0075,0.4549,-0.0652,-0.4183,47.0431,0.0,0.0,0.0,52.2750015258789,up,2026-08-04T15:13:09,25.0,623.0
AAPL,2026-11-20,106,Call,365.0,AAPL261120C00365000,4.65,4.95,4.800000000000001,4.6,0.775,20.2614,1.0,3179.0,0.2703,0.2024,0.0061,0.4845,-0.0598,0.1749,4.818,4.6,4.6,4.6,3.82500004768372,up,2026-08-06T09:30:00,121.0,3.0
AAPL,2026-11-20,106,Put,365.0,AAPL261120P00365000,50.8,53.05,51.925,61.2,0.0,0.0,0.0,2.0,0.2853,-0.8404,0.0072,0.402,-0.0605,-0.3906,51.3293,0.0,0.0,0.0,56.6999988555908,up,2026-07-31T09:44:57,7.0,654.0
AAPL,2026-11-20,106,Call,370.0,AAPL261120C00370000,3.95,4.2,4.075,4.0,0.775,24.031,9.0,4382.0,0.2708,0.1777,0.0056,0.448,-0.0552,0.1538,4.0869,4.0,4.0,4.0,3.22500002384186,no_change,2026-08-06T09:30:27,248.0,25.0
AAPL,2026-11-20,106,Put,370.0,AAPL261120P00370000,55.05,57.5,56.275,69.36,0.0,0.0,0.0,43.0,0.2858,-0.8696,0.0067,0.3516,-0.056,-0.3565,55.7447,0.0,0.0,0.0,61.2749996185303,up,2026-07-31T13:12:49,67.0,266.0
AAPL,2026-11-20,106,Call,375.0,AAPL261120C00375000,3.3,3.6,3.45,3.25,0.515,18.83,2.0,1886.0,0.2712,0.1554,0.0051,0.4119,-0.0507,0.1346,3.46,3.31,3.31,3.25,2.73500001430511,down,2026-08-06T09:43:29,528.0,247.0
AAPL,2026-11-20,106,Put,375.0,AAPL261120P00375000,59.55,62.05,60.8,47.1,0.0,0.0,0.0,15.0,0.2883,-0.8964,0.0062,0.2921,-0.0508,-0.3147,60.2888,0.0,0.0,0.0,65.9249992370606,down,2026-07-24T15:15:09,32.0,145.0
AAPL,2026-11-20,106,Call,380.0,AAPL261120C00380000,2.8,3.05,2.925,2.78,0.48,20.8696,35.0,2760.0,0.2721,0.1354,0.0047,0.3761,-0.0463,0.1175,2.9217,2.78,2.97,2.73,2.30000007152557,up,2026-08-06T09:44:28,402.0,70.0
AAPL,2026-11-20,106,Put,380.0,AAPL261120P00380000,64.2,66.75,65.475,75.0,0.0,0.0,0.0,9.0,0.2929,-0.9203,0.0056,0.2424,-0.045,-0.2661,64.9336,0.0,0.0,0.0,70.5999984741211,up,2026-07-31T09:45:01,47.0,139.0
AAPL,2026-11-20,106,Call,390.0,AAPL261120C00390000,2.0,2.15,2.075,2.1,0.485,30.031,2.0,1048.0,0.2733,0.1019,0.0038,0.3091,-0.038,0.0886,2.076,2.11,2.11,2.1,1.6149999499321,down,2026-08-06T09:30:13,240.0,8.0
AAPL,2026-11-20,106,Put,390.0,AAPL261120P00390000,74.05,76.35,75.19999999999999,59.3,0.0,0.0,0.0,25.0,0.3111,-0.9583,0.0041,0.1423,-0.0269,-0.1672,74.4956,0.0,0.0,0.0,80.4249992370606,no_change,2026-07-24T13:45:37,9.0,148.0
AAPL,2026-11-20,106,Call,400.0,AAPL261120C00400000,1.45,1.55,1.5,1.49,0.335,29.0043,201.0,42425.0,0.2762,0.0761,0.003,0.2499,-0.0306,0.0661,1.4709,1.5,1.51,1.35,1.15500003099442,down,2026-08-06T09:47:12,387.0,47.0
AAPL,2026-11-20,106,Put,400.0,AAPL261120P00400000,83.45,86.2,84.825,90.0,0.0,0.0,0.0,39.0,0.3202,-0.9823,0.0023,0.0689,-0.0048,-0.0863,84.3015,0.0,0.0,0.0,90.9250030517578,down,2026-08-05T15:33:17,116.0,116.0
AAPL,2026-11-20,106,Call,410.0,AAPL261120C00410000,0.97,1.11,1.04,1.0,0.185,22.6994,6.0,1064.0,0.277,0.0565,0.0024,0.1996,-0.0244,0.0491,1.0433,1.05,1.05,0.99,0.814999997615814,up,2026-08-06T09:44:45,442.0,82.0
AAPL,2026-11-20,106,Put,410.0,AAPL261120P00410000,93.75,96.1,94.925,80.0,0.0,0.0,0.0,0.0,0.3507,-0.9941,0.001,0.0226,0.0,-0.0683,94.2388,0.0,0.0,0.0,100.275001525879,up,2026-07-30T10:33:55,8.0,119.0
AAPL,2026-11-20,106,Call,420.0,AAPL261120C00420000,0.68,0.81,0.7450000000000001,0.54,0.0,0.0,0.0,569.0,0.28,0.0419,0.0019,0.1579,-0.0193,0.0364,0.7414,0.0,0.0,0.0,0.560000002384186,down,2026-08-05T14:28:22,380.0,154.0
AAPL,2026-11-20,106,Put,420.0,AAPL261120P00420000,103.5,106.1,104.8,0.0,0.0,0.0,0.0,0.0,0.3678,-0.9985,0.0003,0.0043,0.0,-0.0493,104.2212,0.0,0.0,0.0,110.349998474121,no_change,,105.0,111.0
AAPL,2026-11-20,106,Call,430.0,AAPL261120C00430000,0.49,0.58,0.5349999999999999,0.5,0.095,23.4568,3.0,1316.0,0.2829,0.0312,0.0014,0.1249,-0.0153,0.0271,0.5344,0.51,0.51,0.49,0.405000001192093,up,2026-08-06T09:43:27,390.0,69.0
AAPL,2026-11-20,106,Put,430.0,AAPL261120P00430000,113.3,116.05,114.675,0.0,0.0,0.0,0.0,0.0,0.394,-0.9997,0.0001,0.0005,0.0,-0.0471,114.2144,0.0,0.0,0.0,120.275001525879,no_change,,100.0,100.0
AAPL,2026-11-20,106,Call,440.0,AAPL261120C00440000,0.37,0.46,0.41500000000000004,0.4,0.12,42.8571,2.0,620.0,0.2888,0.0236,0.0011,0.0992,-0.0122,0.0204,0.3926,0.4,0.4,0.4,0.280000001192093,up,2026-08-06T09:32:10,7.0,390.0
AAPL,2026-11-20,106,Put,440.0,AAPL261120P00440000,123.6,126.05,124.82499999999999,0.0,0.0,0.0,0.0,0.0,0.4149,-1.0,0.0,0.0,0.0,-0.0482,124.2096,0.0,0.0,0.0,130.349998474121,no_change,,101.0,101.0
AAPL,2026-11-20,106,Call,450.0,AAPL261120C00450000,0.25,0.31,0.28,0.25,0.04,19.0476,3.0,2408.0,0.2893,0.0179,0.0009,0.0789,-0.0098,0.0155,0.2909,0.25,0.25,0.25,0.21000000089407,up,2026-08-06T09:45:54,147.0,29.0
AAPL,2026-11-20,106,Put,450.0,AAPL261120P00450000,133.55,136.05,134.8,0.0,0.0,0.0,0.0,0.0,0.4349,-1.0,0.0,0.0,0.0,-0.0493,134.2048,0.0,0.0,0.0,140.349998474121,no_change,,100.0,110.0
AAPL,2026-11-20,106,Call,460.0,AAPL261120C00460000,0.13,0.25,0.19,0.2,0.06,42.8571,4.0,2266.0,0.2898,0.0139,0.0007,0.0638,-0.008,0.012,0.2225,0.2,0.2,0.2,0.139999996870756,up,2026-08-06T09:32:10,393.0,258.0
AAPL,2026-11-20,106,Put,460.0,AAPL261120P00460000,143.5,146.05,144.775,0.0,0.0,0.0,0.0,0.0,0.4542,-1.0,0.0,0.0,0.0,-0.0504,144.2,0.0,0.0,0.0,150.449996948242,no_change,,100.0,111.0
AAPL,2026-11-20,106,Call,470.0,AAPL261120C00470000,0.07,0.23,0.15000000000000002,0.06,0.0,0.0,0.0,115.0,0.2958,0.011,0.0006,0.0523,-0.0066,0.0095,0.1744,0.0,0.0,0.0,0.099999999627471,down,2026-08-05T13:16:41,344.0,346.0
AAPL,2026-11-20,106,Put,470.0,AAPL261120P00470000,153.2,156.05,154.625,0.0,0.0,0.0,0.0,0.0,0.4634,-1.0,0.0,0.0,0.0,-0.0515,154.1952,0.0,0.0,0.0,160.349998474121,no_change,,114.0,111.0
AAPL,2026-11-20,106,Call,480.0,AAPL261120C00480000,0.03,0.19,0.11,0.09,0.0,0.0,0.0,408.0,0.2988,0.0089,0.0005,0.0436,-0.0056,0.0077,0.1403,0.0,0.0,0.0,0.0850000008940697,down,2026-08-05T13:16:54,328.0,387.0
AAPL,2026-11-20,106,Put,480.0,AAPL261120P00480000,163.45,166.05,164.75,0.0,0.0,0.0,0.0,0.0,0.4927,-1.0,0.0,0.0,0.0,-0.0526,164.1904,0.0,0.0,0.0,170.275001525879,no_change,,105.0,14.0
AAPL,2026-11-20,106,Call,490.0,AAPL261120C00490000,0.01,0.11,0.06,0.28,0.215,330.769,1.0,687.0,0.2928,0.0074,0.0004,0.0369,-0.0048,0.0063,0.1155,0.28,0.28,0.28,0.0650000013411045,up,2026-08-06T09:31:21,351.0,92.0
AAPL,2026-11-20,106,Put,490.0,AAPL261120P00490000,173.3,176.0,174.65,0.0,0.0,0.0,0.0,0.0,0.5043,-1.0,0.0,0.0,0.0,-0.0537,174.1856,0.0,0.0,0.0,180.224998474121,no_change,,101.0,105.0
AAPL,2026-11-20,106,Call,500.0,AAPL261120C00500000,0.01,0.12,0.065,0.05,0.0,0.0,0.0,3049.0,0.3073,0.0062,0.0003,0.0316,-0.0042,0.0053,0.0972,0.0,0.0,0.0,0.0650000004097819,no_change,2026-08-05T13:43:45,235.0,196.0
AAPL,2026-11-20,106,Put,500.0,AAPL261120P00500000,182.7,186.0,184.35,0.0,0.0,0.0,0.0,0.0,0.4878,-1.0,0.0,0.0,0.0,-0.0548,184.1808,0.0,0.0,0.0,190.224998474121,no_change,,101.0,110.0
AAPL,2026-11-20,106,Call,510.0,AAPL261120C00510000,0.01,0.19,0.1,0.17,0.0,0.0,0.0,955.0,0.3336,0.0053,0.0003,0.0275,-0.0037,0.0045,0.0833,0.0,0.0,0.0,0.0600000005215406,up,2026-08-05T11:53:32,267.0,333.0
AAPL,2026-11-20,106,Put,510.0,AAPL261120P00510000,192.75,196.0,194.375,0.0,0.0,0.0,0.0,0.0,0.5096,-1.0,0.0,0.0,0.0,-0.0559,194.176,0.0,0.0,0.0,200.25,no_change,,101.0,106.0
AAPL,2026-11-20,106,Call,520.0,AAPL261120C00520000,0.01,0.37,0.19,0.14,0.0,0.0,0.0,6.0,0.3711,0.0046,0.0002,0.0242,-0.0033,0.0039,0.0725,0.0,0.0,0.0,0.0850000027567148,up,2026-08-05T13:43:40,297.0,543.0
AAPL,2026-11-20,106,Put,520.0,AAPL261120P00520000,202.9,206.0,204.45,0.0,0.0,0.0,0.0,0.0,0.5378,-1.0,0.0,0.0,0.0,-0.057,204.1712,0.0,0.0,0.0,210.224998474121,no_change,,100.0,106.0
AAPL,2026-11-20,106,Call,530.0,AAPL261120C00530000,0.01,0.15,0.08,0.15,0.0,0.0,0.0,1.0,0.3492,0.004,0.0002,0.0215,-0.003,0.0034,0.0639,0.0,0.0,0.0,0.0750000001862645,no_change,2026-08-05T09:57:51,58.0,147.0
AAPL,2026-11-20,106,Put,530.0,AAPL261120P00530000,212.6,216.0,214.3,0.0,0.0,0.0,0.0,0.0,0.5314,-1.0,0.0,0.0,0.0,-0.0581,214.1664,0.0,0.0,0.0,220.224998474121,no_change,,100.0,106.0
AAPL,2026-11-20,106,Call,540.0,AAPL261120C00540000,0.01,0.35,0.18,0.15,0.0,0.0,0.0,2.0,0.3931,0.0035,0.0002,0.0192,-0.0028,0.003,0.0568,0.0,0.0,0.0,0.09500000346452,down,2026-08-05T11:17:45,83.0,358.0
AAPL,2026-11-20,106,Put,540.0,AAPL261120P00540000,223.5,226.0,224.75,0.0,0.0,0.0,0.0,0.0,0.6018,-1.0,0.0,0.0,0.0,-0.0592,224.1616,0.0,0.0,0.0,230.224998474121,no_change,,105.0,101.0
AAPL,2026-11-20,106,Call,550.0,AAPL261120C00550000,0.01,0.15,0.08,0.15,0.04,36.3636,2.0,3.0,0.3714,0.0032,0.0002,0.0173,-0.0025,0.0027,0.051,0.15,0.15,0.15,0.109999996609986,no_change,2026-08-06T09:31:39,57.0,141.0
AAPL,2026-11-20,106,Put,550.0,AAPL261120P00550000,233.4,236.0,234.7,0.0,0.0,0.0,0.0,0.0,0.6145,-1.0,0.0,0.0,0.0,-0.0602,234.1568,0.0,0.0,0.0,240.25,no_change,,105.0,110.0
AAPL,2026-11-20,106,Call,560.0,AAPL261120C00560000,0.01,0.35,0.18,0.15,0.0,0.0,0.0,104.0,0.4163,0.0028,0.0001,0.0157,-0.0023,0.0024,0.046,0.0,0.0,0.0,0.0750000001862645,no_change,2026-08-05T11:18:12,16.0,382.0
AAPL,2026-11-20,106,Put,560.0,AAPL261120P00560000,243.5,246.0,244.75,0.0,0.0,0.0,0.0,0.0,0.6349,-1.0,0.0,0.0,0.0,-0.0198,244.152,0.0,0.0,0.0,250.324996948242,no_change,,105.0,111.0
AAPL,2026-11-20,106,Call,570.0,AAPL261120C00570000,0.01,0.15,0.08,0.03,0.0,0.0,0.0,30.0,0.3927,0.0025,0.0001,0.0143,-0.0022,0.0022,0.0417,0.0,0.0,0.0,0.09500000346452,down,2026-08-03T15:42:40,9.0,37.0
AAPL,2026-11-20,106,Put,570.0,AAPL261120P00570000,252.6,256.0,254.3,0.0,0.0,0.0,0.0,0.0,0.5959,-1.0,0.0,0.0,0.0,0.0,254.15,0.0,0.0,0.0,260.425003051758,no_change,,100.0,100.0
AAPL,2026-11-20,106,Call,580.0,AAPL261120C00580000,0.01,0.35,0.18,0.02,0.0,0.0,0.0,681.0,0.4385,0.0023,0.0001,0.013,-0.002,0.0019,0.0381,0.0,0.0,0.0,0.0199999995529652,down,2026-08-05T13:58:38,10.0,371.0
AAPL,2026-11-20,106,Put,580.0,AAPL261120P00580000,263.0,266.0,264.5,0.0,0.0,0.0,0.0,0.0,0.6419,-1.0,0.0,0.0,0.0,0.0,264.15,0.0,0.0,0.0,270.25,no_change,,100.0,106.0
AAPL,2026-11-20,106,Call,590.0,AAPL261120C00590000,0.01,0.3,0.155,0.04,0.0,0.0,0.0,45.0,0.4419,0.0021,0.0001,0.0119,-0.0019,0.0018,0.0348,0.0,0.0,0.0,0.0800000028684735,down,2026-07-07T11:45:42,4.0,248.0
AAPL,2026-11-20,106,Put,590.0,AAPL261120P00590000,272.7,276.0,274.35,0.0,0.0,0.0,0.0,0.0,0.6353,-1.0,0.0,0.0,0.0,0.0,274.15,0.0,0.0,0.0,280.425003051758,no_change,,100.0,100.0
AAPL,2026-11-20,106,Call,600.0,AAPL261120C00600000,0.01,0.15,0.08,0.03,0.0,0.0,0.0,608.0,0.4229,0.0019,0.0001,0.011,-0.0017,0.0016,0.032,0.0,0.0,0.0,0.0249999994412065,no_change,2026-08-05T15:48:27,13.0,268.0
AAPL,2026-11-20,106,Put,600.0,AAPL261120P00600000,283.1,286.0,284.55,0.0,0.0,0.0,0.0,0.0,0.6779,-1.0,0.0,0.0,0.0,0.0,284.15,0.0,0.0,0.0,290.425003051758,no_change,,100.0,105.0
AAPL,2026-12-18,134,Call,5.0,AAPL261218C00005000,308.9,312.15,310.525,308.67,4.62,1.51949,5.0,70.0,0.0,1.0,0.0,0.0,0.0,0.0004,310.8526,308.67,308.67,308.67,304.050003051758,up,2026-08-06T09:41:29,100.0,100.0
AAPL,2026-12-18,134,Put,5.0,AAPL261218P00005000,0.0,0.02,0.01,0.02,0.0,0.0,0.0,128.0,2.1991,0.0,0.0,0.0001,0.0,0.0,0.0007,0.0,0.0,0.0,0.00999999977648258,up,2026-07-31T14:02:32,0.0,5.0
AAPL,2026-12-18,134,Call,10.0,AAPL261218C00010000,304.0,306.8,305.4,268.14,0.0,0.0,0.0,0.0,0.0,1.0,0.0,0.0,0.0,0.0008,305.8544,0.0,0.0,0.0,299.675003051758,down,2026-06-26T10:15:40,111.0,105.0
AAPL,2026-12-18,134,Put,10.0,AAPL261218P00010000,0.0,0.82,0.41,0.19,0.0,0.0,0.0,3101.0,2.6868,0.0,0.0,0.0001,-0.0001,0.0,0.0013,0.0,0.0,0.0,0.0149999996647239,down,2026-08-05T09:30:02,0.0,242.0
AAPL,2026-12-18,134,Call,15.0,AAPL261218C00015000,299.05,302.6,300.82500000000005,298.43,0.0,0.0,0.0,1.0,0.0,1.0,0.0,0.0,0.0,0.0012,300.8562,0.0,0.0,0.0,294.675003051758,up,2026-07-07T11:19:23,100.0,100.0
AAPL,2026-12-18,134,Put,15.0,AAPL261218P00015000,0.0,1.02,0.51,0.46,0.0,0.0,0.0,640.0,2.4021,0.0,0.0,0.0002,-0.0001,0.0,0.002,0.0,0.0,0.0,0.0149999996647239,no_change,2026-06-30T10:42:33,0.0,128.0
AAPL,2026-12-18,134,Call,20.0,AAPL261218C00020000,294.1,297.8,295.95000000000005,293.45,0.0,0.0,0.0,1.0,1.799,1.0,0.0,0.0,0.0,0.0016,295.858,0.0,0.0,0.0,289.699996948242,up,2026-07-07T11:19:23,100.0,102.0
AAPL,2026-12-18,134,Put,20.0,AAPL261218P00020000,0.0,0.82,0.41,0.26,0.0,0.0,0.0,3021.0,2.0822,0.0,0.0,0.0004,-0.0002,-0.0001,0.0028,0.0,0.0,0.0,0.00999999977648258,no_change,2026-08-05T09:30:48,0.0,238.0
AAPL,2026-12-18,134,Call,25.0,AAPL261218C00025000,289.15,292.6,290.875,286.17,0.0,0.0,0.0,11.0,0.0,1.0,0.0,0.0,0.0,0.0082,290.8598,0.0,0.0,0.0,284.75,no_change,2026-05-29T13:11:59,106.0,1.0
AAPL,2026-12-18,134,Put,25.0,AAPL261218P00025000,0.0,1.0,0.5,0.01,0.0,0.0,0.0,601.0,1.9552,-0.0001,0.0,0.0005,-0.0002,-0.0001,0.0037,0.0,0.0,0.0,0.00999999977648258,down,2026-07-16T14:13:26,0.0,100.0
AAPL,2026-12-18,134,Call,30.0,AAPL261218C00030000,284.2,287.5,285.85,291.42,0.0,0.0,0.0,10.0,0.0,0.9999,0.0,0.0005,0.0,0.0773,285.91,0.0,0.0,0.0,279.800003051758,up,2026-07-23T12:26:59,100.0,102.0
AAPL,2026-12-18,134,Put,30.0,AAPL261218P00030000,0.0,0.3,0.15,0.01,0.0,0.0,0.0,1174.0,1.5488,-0.0001,0.0,0.0006,-0.0002,-0.0001,0.0047,0.0,0.0,0.0,0.00999999977648258,down,2026-06-23T15:36:51,0.0,236.0
AAPL,2026-12-18,134,Call,35.0,AAPL261218C00035000,279.3,282.95,281.125,266.33,0.0,0.0,0.0,1.0,0.0,0.9999,0.0,0.0006,0.0,0.0902,280.9685,0.0,0.0,0.0,274.875,up,2026-06-22T10:33:53,100.0,100.0
AAPL,2026-12-18,134,Put,35.0,AAPL261218P00035000,0.0,0.1,0.05,0.01,0.0,0.0,0.0,1529.0,1.2903,-0.0001,0.0,0.0008,-0.0003,-0.0001,0.0058,0.0,0.0,0.0,0.00999999977648258,no_change,2026-06-08T15:07:52,0.0,113.0
AAPL,2026-12-18,134,Call,40.0,AAPL261218C00040000,274.3,277.55,275.925,252.1,0.0,0.0,0.0,6.0,0.0,0.9998,0.0,0.0008,0.0,0.1034,276.0272,0.0,0.0,0.0,269.949996948242,up,2026-05-11T10:00:59,3.0,100.0
AAPL,2026-12-18,134,Put,40.0,AAPL261218P00040000,0.0,1.02,0.51,0.05,0.0,0.0,0.0,330.0,1.5817,-0.0001,0.0,0.001,-0.0004,-0.0002,0.007,0.0,0.0,0.0,0.0399999991059303,down,2026-06-26T10:37:11,0.0,130.0
AAPL,2026-12-18,134,Call,45.0,AAPL261218C00045000,269.45,272.7,271.075,254.68,0.0,0.0,0.0,50.0,0.0,0.9998,0.0,0.0011,0.0,0.1167,271.0861,0.0,0.0,0.0,265.024993896484,up,2026-06-22T14:35:05,100.0,102.0
AAPL,2026-12-18,134,Put,45.0,AAPL261218P00045000,0.0,1.02,0.51,0.12,0.0,0.0,0.0,652.0,1.4897,-0.0002,0.0,0.0012,-0.0004,-0.0002,0.0084,0.0,0.0,0.0,0.509999990463257,no_change,2026-07-16T14:24:26,0.0,130.0
AAPL,2026-12-18,134,Call,50.0,AAPL261218C00050000,264.5,267.65,266.075,255.85,0.0,0.0,0.0,1995.0,0.0,0.9998,0.0,0.0014,0.0,0.13,266.1455,0.0,0.0,0.0,260.199996948242,down,2026-07-31T09:53:15,5.0,100.0
AAPL,2026-12-18,134,Put,50.0,AAPL261218P00050000,0.0,0.02,0.01,0.02,0.0,0.0,0.0,7492.0,0.9448,-0.0002,0.0,0.0015,-0.0005,-0.0003,0.01,0.0,0.0,0.0,0.00999999977648258,up,2026-07-24T12:42:37,0.0,1.0
AAPL,2026-12-18,134,Call,60.0,AAPL261218C00060000,254.7,258.2,256.45,235.33,0.0,0.0,0.0,262.0,1.1204,0.9996,0.0,0.0022,0.0,0.1928,256.2709,0.0,0.0,0.0,250.400001525879,up,2026-05-12T14:07:50,100.0,1.0
AAPL,2026-12-18,134,Put,60.0,AAPL261218P00060000,0.01,0.03,0.02,0.01,0.0,0.0,0.0,3902.0,0.8997,-0.0003,0.0,0.0021,-0.0006,-0.0004,0.0136,0.0,0.0,0.0,0.0199999995529652,no_change,2026-08-04T09:30:16,1.0,1.0
AAPL,2026-12-18,134,Call,70.0,AAPL261218C00070000,244.85,247.85,246.35,239.79,0.0,0.0,0.0,2374.0,0.0,0.9994,0.0,0.003,0.0,0.2566,246.432,0.0,0.0,0.0,240.375,up,2026-08-05T12:43:25,7.0,207.0
AAPL,2026-12-18,134,Put,70.0,AAPL261218P00070000,0.0,0.06,0.03,0.01,0.0,0.0,0.0,266.0,0.8462,-0.0004,0.0,0.003,-0.0008,-0.0005,0.0182,0.0,0.0,0.0,0.0299999993294477,no_change,2026-08-03T12:54:36,0.0,1.0
AAPL,2026-12-18,134,Call,80.0,AAPL261218C00080000,235.0,238.5,236.75,254.27,0.0,0.0,0.0,368.0,0.9191,0.9992,0.0,0.004,0.0,0.295,236.6035,0.0,0.0,0.0,230.675003051758,up,2026-07-30T15:43:25,106.0,1.0
AAPL,2026-12-18,134,Put,80.0,AAPL261218P00080000,0.0,0.09,0.045,0.01,0.0,0.0,0.0,3441.0,0.8017,-0.0006,0.0,0.004,-0.001,-0.0007,0.0237,0.0,0.0,0.0,0.0450000017881393,no_change,2026-08-03T13:56:44,0.0,10.0
AAPL,2026-12-18,134,Call,85.0,AAPL261218C00085000,230.1,233.0,231.55,224.65,0.0,0.0,0.0,608.0,0.0,0.9991,0.0,0.0046,0.0,0.3133,231.6899,0.0,0.0,0.0,225.699996948242,down,2026-08-05T11:36:34,154.0,113.0
AAPL,2026-12-18,134,Put,85.0,AAPL261218P00085000,0.0,0.1,0.05,0.09,0.0,0.0,0.0,229.0,0.7751,-0.0007,0.0,0.0046,-0.0012,-0.0008,0.027,0.0,0.0,0.0,0.0500000007450581,down,2026-06-23T10:53:20,0.0,10.0
AAPL,2026-12-18,134,Call,90.0,AAPL261218C00090000,225.15,228.85,227.0,205.54,0.0,0.0,0.0,468.0,0.8845,0.999,0.0,0.0052,0.0,0.3316,226.7767,0.0,0.0,0.0,221.100006103516,down,2026-06-09T10:42:16,106.0,1.0
AAPL,2026-12-18,134,Put,90.0,AAPL261218P00090000,0.01,0.5,0.255,0.05,0.0,0.0,0.0,1774.0,0.8845,-0.0008,0.0,0.0052,-0.0013,-0.001,0.0306,0.0,0.0,0.0,0.25,no_change,2026-07-09T11:18:46,10.0,245.0
AAPL,2026-12-18,134,Call,95.0,AAPL261218C00095000,220.25,223.4,221.825,211.1,0.0,0.0,0.0,100.0,0.0,0.9989,0.0,0.006,0.0,0.3499,221.8639,0.0,0.0,0.0,215.849998474121,down,2026-08-03T15:41:05,100.0,96.0
AAPL,2026-12-18,134,Put,95.0,AAPL261218P00095000,0.0,0.25,0.125,0.05,0.0,0.0,0.0,2535.0,0.7811,-0.0009,0.0,0.006,-0.0014,-0.0011,0.0346,0.0,0.0,0.0,0.125,down,2026-06-24T09:30:06,0.0,103.0
AAPL,2026-12-18,134,Call,100.0,AAPL261218C00100000,215.35,218.5,216.925,208.41,0.0,0.0,0.0,3260.0,0.6068,0.9988,0.0,0.0068,0.0,0.3682,216.9515,0.0,0.0,0.0,210.824996948242,down,2026-08-03T13:25:49,105.0,124.0
AAPL,2026-12-18,134,Put,100.0,AAPL261218P00100000,0.01,0.12,0.065,0.11,0.0,0.0,0.0,1784.0,0.7004,-0.001,0.0,0.0069,-0.0016,-0.0013,0.0391,0.0,0.0,0.0,0.0649999985471368,up,2026-08-05T09:46:27,15.0,1.0
AAPL,2026-12-18,134,Call,105.0,AAPL261218C00105000,210.4,213.6,212.0,204.0,0.0,0.0,0.0,176.0,0.5383,0.9986,0.0,0.0078,0.0,0.3864,212.0396,0.0,0.0,0.0,206.125,up,2026-07-02T11:04:24,106.0,101.0
AAPL,2026-12-18,134,Put,105.0,AAPL261218P00105000,0.0,0.31,0.155,0.01,0.0,0.0,0.0,1842.0,0.7367,-0.0012,0.0,0.0078,-0.0017,-0.0015,0.044,0.0,0.0,0.0,0.259999990463257,down,2026-07-30T15:44:23,0.0,115.0
AAPL,2026-12-18,134,Call,110.0,AAPL261218C00110000,205.5,209.05,207.275,233.0,0.0,0.0,0.0,523.0,0.7274,0.9984,0.0,0.0088,0.0,0.4046,207.1283,0.0,0.0,0.0,201.125,up,2026-07-29T13:00:56,106.0,2.0
AAPL,2026-12-18,134,Put,110.0,AAPL261218P00110000,0.0,0.25,0.125,0.06,0.0,0.0,0.0,1678.0,0.6906,-0.0014,0.0,0.0089,-0.0019,-0.0017,0.0496,0.0,0.0,0.0,0.125,up,2026-08-03T10:37:31,0.0,95.0
AAPL,2026-12-18,134,Call,115.0,AAPL261218C00115000,200.6,204.0,202.3,220.25,0.0,0.0,0.0,330.0,0.6709,0.9982,0.0,0.01,0.0,0.4228,202.2176,0.0,0.0,0.0,196.199996948242,up,2026-07-24T12:10:49,100.0,100.0
AAPL,2026-12-18,134,Put,115.0,AAPL261218P00115000,0.0,0.61,0.305,0.06,0.0,0.0,0.0,1408.0,0.7375,-0.0016,0.0,0.0101,-0.0021,-0.002,0.0557,0.0,0.0,0.0,0.284999996423721,up,2026-07-31T12:24:07,0.0,220.0
AAPL,2026-12-18,134,Call,120.0,AAPL261218C00120000,195.65,198.85,197.25,223.03,0.0,0.0,0.0,1321.0,0.4789,0.998,0.0,0.0114,0.0,0.441,197.3076,0.0,0.0,0.0,191.25,up,2026-07-29T11:59:36,7.0,101.0
AAPL,2026-12-18,134,Put,120.0,AAPL261218P00120000,0.0,0.22,0.11,0.05,0.0,0.0,0.0,1572.0,0.6282,-0.0018,0.0,0.0114,-0.0023,-0.0022,0.0626,0.0,0.0,0.0,0.109999999403954,no_change,2026-08-04T13:13:31,0.0,83.0
AAPL,2026-12-18,134,Call,125.0,AAPL261218C00125000,190.75,193.95,192.35,212.62,0.0,0.0,0.0,471.0,0.5167,0.9977,0.0001,0.0129,0.0,0.4591,192.3985,0.0,0.0,0.0,186.475006103516,up,2026-07-27T09:41:21,106.0,100.0
AAPL,2026-12-18,134,Put,125.0,AAPL261218P00125000,0.0,0.27,0.135,0.09,0.0,0.0,0.0,3293.0,0.6172,-0.0021,0.0001,0.013,-0.0026,-0.0026,0.0703,0.0,0.0,0.0,0.135000005364418,no_change,2026-08-05T12:20:11,0.0,339.0
AAPL,2026-12-18,134,Call,130.0,AAPL261218C00130000,185.85,189.05,187.45,204.74,0.0,0.0,0.0,1390.0,0.5221,0.9974,0.0001,0.0146,0.0,0.4772,187.4903,0.0,0.0,0.0,181.299995422363,no_change,2026-07-30T14:28:06,108.0,104.0
AAPL,2026-12-18,134,Put,130.0,AAPL261218P00130000,0.0,0.4,0.2,0.13,0.0,0.0,0.0,1210.0,0.6207,-0.0024,0.0001,0.0146,-0.0028,-0.0029,0.079,0.0,0.0,0.0,0.159999996423721,no_change,2026-08-05T10:45:46,0.0,429.0
AAPL,2026-12-18,134,Call,135.0,AAPL261218C00135000,180.9,184.4,182.65,200.22,0.0,0.0,0.0,698.0,0.5792,0.9971,0.0001,0.0164,0.0,0.4952,182.5833,0.0,0.0,0.0,176.550003051758,up,2026-07-30T15:43:25,106.0,101.0
AAPL,2026-12-18,134,Put,135.0,AAPL261218P00135000,0.01,0.41,0.21,0.14,0.0,0.0,0.0,1473.0,0.6,-0.0027,0.0001,0.0165,-0.0031,-0.0033,0.0888,0.0,0.0,0.0,0.105000001378357,up,2026-08-05T15:06:24,94.0,418.0
AAPL,2026-12-18,134,Call,140.0,AAPL261218C00140000,176.0,178.5,177.25,171.0,0.0,0.0,0.0,1080.0,0.0,0.9967,0.0001,0.0186,0.0,0.5131,177.6775,0.0,0.0,0.0,171.449996948242,up,2026-08-04T14:40:01,369.0,1.0
AAPL,2026-12-18,134,Put,140.0,AAPL261218P00140000,0.05,0.32,0.185,0.09,0.0,0.0,0.0,1331.0,0.5676,-0.0031,0.0001,0.0187,-0.0034,-0.0038,0.1,0.0,0.0,0.0,0.14499999769032,down,2026-08-04T15:39:07,1.0,342.0
AAPL,2026-12-18,134,Call,145.0,AAPL261218C00145000,171.1,173.6,172.35,187.0,0.0,0.0,0.0,732.0,0.0,0.9962,0.0001,0.021,0.0,0.531,172.7733,0.0,0.0,0.0,166.625,up,2026-07-16T09:47:00,276.0,12.0
AAPL,2026-12-18,134,Put,145.0,AAPL261218P00145000,0.03,0.22,0.125,0.1,-0.03,-23.0769,5.0,1051.0,0.5208,-0.0036,0.0001,0.0212,-0.0037,-0.0044,0.1127,0.1,0.1,0.1,0.129999998956919,no_change,2026-08-06T09:30:02,96.0,290.0
AAPL,2026-12-18,134,Call,150.0,AAPL261218C00150000,166.2,169.0,167.6,161.05,0.0,0.0,0.0,479.0,0.0,0.9957,0.0001,0.0238,0.0,0.5488,167.871,0.0,0.0,0.0,162.0,down,2026-08-05T13:59:08,295.0,215.0
AAPL,2026-12-18,134,Put,150.0,AAPL261218P00150000,0.1,0.15,0.125,0.2,0.0,0.0,0.0,2171.0,0.5,-0.0041,0.0001,0.0239,-0.0041,-0.005,0.1273,0.0,0.0,0.0,0.135000001639128,up,2026-08-04T10:46:42,3.0,92.0
AAPL,2026-12-18,134,Call,155.0,AAPL261218C00155000,161.3,164.8,163.05,180.58,0.0,0.0,0.0,254.0,0.0,0.9951,0.0001,0.0269,0.0,0.5664,162.9709,0.0,0.0,0.0,156.949996948242,up,2026-07-30T15:43:25,101.0,100.0
AAPL,2026-12-18,134,Put,155.0,AAPL261218P00155000,0.1,0.2,0.15000000000000002,0.15,0.0,0.0,0.0,761.0,0.49,-0.0047,0.0001,0.027,-0.0045,-0.0057,0.1442,0.0,0.0,0.0,0.160000000149012,no_change,2026-08-05T12:21:37,1.0,20.0
AAPL,2026-12-18,134,Call,160.0,AAPL261218C00160000,156.4,159.45,157.925,144.9,0.0,0.0,0.0,454.0,0.3736,0.9944,0.0002,0.0304,0.0,0.584,158.0734,0.0,0.0,0.0,152.050003051758,down,2026-07-31T10:32:05,106.0,72.0
AAPL,2026-12-18,134,Put,160.0,AAPL261218P00160000,0.1,0.19,0.14500000000000002,0.19,0.0,0.0,0.0,2962.0,0.4683,-0.0054,0.0002,0.0306,-0.005,-0.0066,0.1637,0.0,0.0,0.0,0.169999998062849,no_change,2026-08-05T11:33:09,88.0,129.0
AAPL,2026-12-18,134,Call,165.0,AAPL261218C00165000,151.5,154.15,152.825,175.48,0.0,0.0,0.0,546.0,0.0,0.9936,0.0002,0.0346,0.0,0.6014,153.1792,0.0,0.0,0.0,147.150001525879,up,2026-07-27T11:55:34,226.0,53.0
AAPL,2026-12-18,134,Put,165.0,AAPL261218P00165000,0.11,0.21,0.16,0.21,0.0,0.0,0.0,1859.0,0.4543,-0.0063,0.0002,0.0349,-0.0056,-0.0076,0.1864,0.0,0.0,0.0,0.179999999701977,up,2026-08-05T11:26:54,300.0,233.0
AAPL,2026-12-18,134,Call,170.0,AAPL261218C00170000,146.6,149.15,147.875,141.43,0.0,0.0,0.0,943.0,0.0,0.9926,0.0002,0.0393,0.0,0.6186,148.2888,0.0,0.0,0.0,142.324996948242,no_change,2026-08-04T15:03:25,229.0,1.0
AAPL,2026-12-18,134,Put,170.0,AAPL261218P00170000,0.14,0.26,0.2,0.2,-0.04,-16.6667,2.0,2630.0,0.4475,-0.0072,0.0002,0.0396,-0.0062,-0.0087,0.2132,0.2,0.2,0.2,0.240000002086163,down,2026-08-06T09:33:53,374.0,536.0
AAPL,2026-12-18,134,Call,175.0,AAPL261218C00175000,141.75,144.6,143.175,136.5,0.0,0.0,0.0,746.0,0.3287,0.9915,0.0003,0.0447,0.0,0.6357,143.4031,0.0,0.0,0.0,137.425003051758,up,2026-08-05T15:08:38,207.0,118.0
AAPL,2026-12-18,134,Put,175.0,AAPL261218P00175000,0.18,0.3,0.24,0.27,0.0,0.0,0.0,2403.0,0.4389,-0.0084,0.0003,0.045,-0.0069,-0.0101,0.2445,0.0,0.0,0.0,0.265000008046627,down,2026-08-04T12:17:53,108.0,344.0
AAPL,2026-12-18,134,Call,180.0,AAPL261218C00180000,136.85,139.4,138.125,137.0,4.45,3.35723,4.0,744.0,0.0,0.9902,0.0003,0.0509,0.0,0.6524,138.5229,137.0,137.0,137.0,132.549995422363,up,2026-08-06T09:35:01,324.0,3.0
AAPL,2026-12-18,134,Put,180.0,AAPL261218P00180000,0.25,0.3,0.275,0.31,0.0,0.0,0.0,3412.0,0.4279,-0.0097,0.0003,0.0513,-0.0076,-0.0117,0.2815,0.0,0.0,0.0,0.295000001788139,down,2026-08-05T13:16:40,1.0,53.0
AAPL,2026-12-18,134,Call,185.0,AAPL261218C00185000,132.0,134.8,133.4,157.02,0.0,0.0,0.0,955.0,0.0,0.9886,0.0004,0.0582,0.0,0.6689,133.6494,0.0,0.0,0.0,127.649997711182,up,2026-07-28T11:17:30,235.0,43.0
AAPL,2026-12-18,134,Put,185.0,AAPL261218P00185000,0.26,0.35,0.305,0.53,0.0,0.0,0.0,1848.0,0.4153,-0.0113,0.0004,0.0586,-0.0085,-0.0136,0.3253,0.0,0.0,0.0,0.344999998807907,up,2026-08-03T10:03:00,219.0,227.0
AAPL,2026-12-18,134,Call,190.0,AAPL261218C00190000,127.1,129.9,128.5,120.95,0.0,0.0,0.0,622.0,0.3417,0.9867,0.0004,0.0664,0.0,0.6849,128.784,0.0,0.0,0.0,122.775001525879,down,2026-08-05T09:56:56,139.0,74.0
AAPL,2026-12-18,134,Put,190.0,AAPL261218P00190000,0.31,0.4,0.355,0.4,0.0,0.0,0.0,2762.0,0.4057,-0.0132,0.0004,0.0668,-0.0095,-0.0158,0.3774,0.0,0.0,0.0,0.405000001192093,up,2026-08-05T15:25:17,357.0,234.0
AAPL,2026-12-18,134,Call,195.0,AAPL261218C00195000,122.25,125.25,123.75,117.24,0.0,0.0,0.0,1143.0,0.371,0.9845,0.0005,0.0757,0.0,0.7006,123.9281,0.0,0.0,0.0,117.875,no_change,2026-08-04T15:18:13,102.0,55.0
AAPL,2026-12-18,134,Put,195.0,AAPL261218P00195000,0.37,0.47,0.42,0.47,0.0,0.0,0.0,1706.0,0.3973,-0.0154,0.0005,0.0764,-0.0107,-0.0184,0.439,0.0,0.0,0.0,0.474999994039536,down,2026-08-05T15:25:17,279.0,157.0
AAPL,2026-12-18,134,Call,200.0,AAPL261218C00200000,117.4,120.2,118.80000000000001,111.97,0.0,0.0,0.0,8870.0,0.3474,0.9819,0.0006,0.0866,0.0,0.7158,119.0837,0.0,0.0,0.0,113.100002288818,up,2026-08-05T14:31:07,241.0,134.0
AAPL,2026-12-18,134,Put,200.0,AAPL261218P00200000,0.47,0.52,0.495,0.54,0.0,0.0,0.0,12099.0,0.389,-0.0181,0.0006,0.0875,-0.012,-0.0217,0.5123,0.0,0.0,0.0,0.564999997615814,down,2026-08-05T15:24:58,110.0,13.0
AAPL,2026-12-18,134,Call,205.0,AAPL261218C00205000,112.6,115.7,114.15,107.55,0.0,0.0,0.0,166.0,0.3711,0.9789,0.0007,0.099,0.0,0.7303,114.2531,0.0,0.0,0.0,107.950000762939,up,2026-08-05T12:52:46,145.0,123.0
AAPL,2026-12-18,134,Put,205.0,AAPL261218P00205000,0.56,0.72,0.64,0.59,0.0,0.0,0.0,815.0,0.3867,-0.0212,0.0007,0.0998,-0.0134,-0.0252,0.5997,0.0,0.0,0.0,0.639999985694885,down,2026-08-05T15:55:00,111.0,433.0
AAPL,2026-12-18,134,Call,210.0,AAPL261218C00210000,107.75,110.35,109.05,102.25,0.0,0.0,0.0,5638.0,0.3293,0.9753,0.0008,0.1129,0.0,0.7442,109.4386,0.0,0.0,0.0,103.199996948242,down,2026-08-05T14:28:22,247.0,11.0
AAPL,2026-12-18,134,Put,210.0,AAPL261218P00210000,0.67,0.81,0.74,0.74,0.0,0.0,0.0,3864.0,0.3778,-0.0248,0.0008,0.114,-0.015,-0.0295,0.7032,0.0,0.0,0.0,0.784999996423721,down,2026-08-05T15:44:38,85.0,306.0
AAPL,2026-12-18,134,Call,215.0,AAPL261218C00215000,102.95,105.55,104.25,95.65,0.0,0.0,0.0,140.0,0.3286,0.9711,0.0009,0.129,0.0,0.7572,104.6433,0.0,0.0,0.0,98.4249992370606,down,2026-08-03T14:19:34,279.0,10.0
AAPL,2026-12-18,134,Put,215.0,AAPL261218P00215000,0.79,0.9,0.845,0.85,-0.085,-9.09091,1.0,1428.0,0.3682,-0.0291,0.0009,0.1302,-0.0168,-0.0347,0.8267,0.85,0.85,0.85,0.935000002384186,down,2026-08-06T09:44:23,171.0,411.0
AAPL,2026-12-18,134,Call,220.0,AAPL261218C00220000,98.2,100.9,99.55000000000001,93.5,0.0,0.0,0.0,3102.0,0.3339,0.9661,0.0011,0.1469,-0.002,0.7693,99.8711,0.0,0.0,0.0,93.75,up,2026-08-04T14:47:25,333.0,121.0
AAPL,2026-12-18,134,Put,220.0,AAPL261218P00220000,0.93,1.07,1.0,1.02,-0.085,-7.69231,1.0,7681.0,0.3617,-0.0341,0.0011,0.148,-0.0188,-0.0404,0.9718,1.02,1.02,1.02,1.10500001907349,down,2026-08-06T09:44:23,214.0,320.0
AAPL,2026-12-18,134,Call,225.0,AAPL261218C00225000,93.45,96.3,94.875,83.87,0.0,0.0,0.0,305.0,0.3243,0.9603,0.0013,0.1671,-0.005,0.7804,95.1258,0.0,0.0,0.0,89.1749992370606,down,2026-08-03T11:44:04,264.0,112.0
AAPL,2026-12-18,134,Put,225.0,AAPL261218P00225000,1.11,1.25,1.1800000000000002,1.39,0.0,0.0,0.0,3798.0,0.3544,-0.04,0.0013,0.1689,-0.0211,-0.0475,1.1451,0.0,0.0,0.0,1.31499999761581,up,2026-08-05T11:55:28,74.0,161.0
AAPL,2026-12-18,134,Call,230.0,AAPL261218C00230000,88.7,91.4,90.05000000000001,83.41,0.0,0.0,0.0,4840.0,0.3241,0.9535,0.0015,0.1898,-0.0083,0.79,90.4125,0.0,0.0,0.0,84.375,up,2026-08-05T14:32:43,321.0,84.0
AAPL,2026-12-18,134,Put,230.0,AAPL261218P00230000,1.3,1.47,1.385,1.51,0.0,0.0,0.0,9886.0,0.3472,-0.0469,0.0015,0.1915,-0.0236,-0.0555,1.352,0.0,0.0,0.0,1.55500000715256,down,2026-08-05T15:47:28,314.0,396.0
AAPL,2026-12-18,134,Call,235.0,AAPL261218C00235000,84.05,86.5,85.275,75.04,0.0,0.0,0.0,567.0,0.3149,0.9456,0.0017,0.2146,-0.0118,0.7984,85.7368,0.0,0.0,0.0,79.4750022888184,down,2026-08-03T12:17:15,165.0,8.0
AAPL,2026-12-18,134,Put,235.0,AAPL261218P00235000,1.57,1.71,1.6400000000000001,1.82,0.0,0.0,0.0,2682.0,0.3412,-0.0549,0.0017,0.2166,-0.0263,-0.0647,1.5963,0.0,0.0,0.0,1.85499995946884,down,2026-08-05T15:23:57,105.0,428.0
AAPL,2026-12-18,134,Call,240.0,AAPL261218C00240000,79.35,81.9,80.625,74.36,0.0,0.0,0.0,5346.0,0.3098,0.9365,0.0019,0.2424,-0.0155,0.8049,81.105,0.0,0.0,0.0,75.625,up,2026-08-05T14:35:17,167.0,25.0
AAPL,2026-12-18,134,Put,240.0,AAPL261218P00240000,1.84,2.01,1.9249999999999998,2.25,0.0,0.0,0.0,10963.0,0.3346,-0.0642,0.002,0.2447,-0.0292,-0.0757,1.8859,0.0,0.0,0.0,2.19500005245209,up,2026-08-05T14:32:47,80.0,311.0
AAPL,2026-12-18,134,Call,245.0,AAPL261218C00245000,74.8,77.0,75.9,69.7,0.0,0.0,0.0,388.0,0.3018,0.9259,0.0022,0.2724,-0.0194,0.8097,76.5248,0.0,0.0,0.0,71.0749969482422,down,2026-08-05T14:37:49,238.0,11.0
AAPL,2026-12-18,134,Put,245.0,AAPL261218P00245000,2.18,2.36,2.27,2.57,0.0,0.0,0.0,3631.0,0.3288,-0.0749,0.0023,0.2749,-0.0324,-0.088,2.2275,0.0,0.0,0.0,2.5900000333786,no_change,2026-08-05T15:23:52,149.0,411.0
AAPL,2026-12-18,134,Call,250.0,AAPL261218C00250000,70.3,72.35,71.32499999999999,65.26,0.0,0.0,0.0,15113.0,0.2973,0.9138,0.0025,0.3052,-0.0235,0.8124,72.0039,0.0,0.0,0.0,66.5,up,2026-08-05T14:32:43,233.0,7.0
AAPL,2026-12-18,134,Put,250.0,AAPL261218P00250000,2.58,2.73,2.6550000000000002,2.9,0.0,0.0,0.0,26396.0,0.3225,-0.0874,0.0026,0.3088,-0.0358,-0.1026,2.6336,0.0,0.0,0.0,3.07500004768372,down,2026-08-05T15:55:32,19.0,313.0
AAPL,2026-12-18,134,Call,255.0,AAPL261218C00255000,65.85,68.0,66.925,66.3,4.775,7.76107,2.0,4677.0,0.2967,0.9,0.0029,0.3402,-0.0278,0.8127,67.552,66.3,66.3,66.3,61.5249996185303,no_change,2026-08-06T09:42:09,226.0,36.0
AAPL,2026-12-18,134,Put,255.0,AAPL261218P00255000,3.05,3.25,3.15,3.15,-0.5,-13.6986,1.0,6131.0,0.3176,-0.1016,0.0029,0.3438,-0.0394,-0.1184,3.1085,3.15,3.15,3.15,3.64999997615814,down,2026-08-06T09:44:18,9.0,485.0
AAPL,2026-12-18,134,Call,260.0,AAPL261218C00260000,61.4,63.9,62.65,57.05,0.0,0.0,0.0,7116.0,0.2963,0.8843,0.0032,0.3774,-0.0323,0.8107,63.1691,0.0,0.0,0.0,58.0750007629394,down,2026-08-05T13:00:04,191.0,15.0
AAPL,2026-12-18,134,Put,260.0,AAPL261218P00260000,3.55,3.8,3.675,3.75,-0.575,-13.2948,3.0,12511.0,0.312,-0.1174,0.0033,0.382,-0.0432,-0.1367,3.6553,3.75,3.85,3.75,4.32499980926514,down,2026-08-06T09:39:08,313.0,525.0
AAPL,2026-12-18,134,Call,265.0,AAPL261218C00265000,57.15,59.3,58.224999999999994,58.33,4.18,7.7193,2.0,2148.0,0.29,0.8666,0.0036,0.4164,-0.0369,0.8056,58.8948,58.33,58.33,58.33,54.1499996185303,up,2026-08-06T09:45:34,180.0,11.0
AAPL,2026-12-18,134,Put,265.0,AAPL261218P00265000,4.2,4.45,4.325,4.4,-0.675,-13.3005,22.0,3082.0,0.3071,-0.1358,0.0037,0.4208,-0.0471,-0.157,4.3089,4.5,4.5,4.4,5.07499980926514,down,2026-08-06T09:43:29,105.0,537.0
AAPL,2026-12-18,134,Call,270.0,AAPL261218C00270000,52.95,55.75,54.35,48.59,0.0,0.0,0.0,7348.0,0.2862,0.8467,0.0041,0.4564,-0.0415,0.7981,54.7118,0.0,0.0,0.0,49.7000007629394,up,2026-08-05T14:51:00,258.0,255.0
AAPL,2026-12-18,134,Put,270.0,AAPL261218P00270000,4.95,5.2,5.075,5.0,-0.9,-15.2542,1.0,6531.0,0.303,-0.1558,0.0042,0.4618,-0.051,-0.1796,5.047,5.0,5.0,5.0,5.90000009536743,down,2026-08-06T09:30:31,21.0,418.0
AAPL,2026-12-18,134,Call,275.0,AAPL261218C00275000,48.75,51.65,50.2,46.0,0.0,0.0,0.0,2213.0,0.2894,0.8247,0.0045,0.4976,-0.0462,0.787,50.6333,0.0,0.0,0.0,45.6750011444092,no_change,2026-08-05T15:50:00,320.0,171.0
AAPL,2026-12-18,134,Put,275.0,AAPL261218P00275000,5.75,6.1,5.925,6.1,-0.775,-11.2727,17.0,6174.0,0.2982,-0.1788,0.0046,0.5026,-0.055,-0.2042,5.9248,6.05,6.1,6.05,6.875,up,2026-08-06T09:35:34,222.0,641.0
AAPL,2026-12-18,134,Call,280.0,AAPL261218C00280000,44.9,47.0,45.95,41.22,0.0,0.0,0.0,6932.0,0.2801,0.8004,0.0049,0.5381,-0.0507,0.7733,46.6977,0.0,0.0,0.0,41.9249992370606,up,2026-08-05T14:54:13,182.0,11.0
AAPL,2026-12-18,134,Put,280.0,AAPL261218P00280000,6.8,7.05,6.925,7.7,0.0,0.0,0.0,18400.0,0.2948,-0.2034,0.0051,0.5442,-0.0589,-0.2313,6.9043,0.0,0.0,0.0,8.02500009536743,down,2026-08-05T15:59:37,4.0,153.0
AAPL,2026-12-18,134,Call,285.0,AAPL261218C00285000,41.55,43.4,42.474999999999994,37.54,0.0,0.0,0.0,2125.0,0.2836,0.7738,0.0054,0.5784,-0.055,0.7558,42.8832,0.0,0.0,0.0,38.2749996185303,no_change,2026-08-05T15:00:29,164.0,66.0
AAPL,2026-12-18,134,Put,285.0,AAPL261218P00285000,7.85,8.2,8.024999999999999,8.05,-1.275,-13.6729,4.0,2579.0,0.2901,-0.2312,0.0056,0.5837,-0.0627,-0.2599,8.0581,8.0,8.4,8.0,9.32499980926514,down,2026-08-06T09:46:20,200.0,636.0
AAPL,2026-12-18,134,Call,290.0,AAPL261218C00290000,37.9,40.0,38.95,39.25,4.5,12.9496,7.0,14142.0,0.2827,0.7452,0.0058,0.6163,-0.0591,0.7358,39.2357,38.0,39.25,38.0,34.75,up,2026-08-06T09:46:31,284.0,243.0
AAPL,2026-12-18,134,Put,290.0,AAPL261218P00290000,9.15,9.5,9.325,10.85,0.0,0.0,0.0,5932.0,0.2873,-0.2604,0.006,0.6226,-0.0662,-0.2902,9.3306,0.0,0.0,0.0,10.7999997138977,down,2026-08-05T15:26:05,91.0,293.0
AAPL,2026-12-18,134,Call,295.0,AAPL261218C00295000,34.2,36.0,35.1,31.5,0.0,0.0,0.0,3390.0,0.2744,0.7143,0.0062,0.652,-0.0629,0.7119,35.735,0.0,0.0,0.0,31.4000005722046,up,2026-08-05T15:24:17,355.0,23.0
AAPL,2026-12-18,134,Put,295.0,AAPL261218P00295000,10.6,10.95,10.774999999999999,11.3,-1.15,-9.23695,2.0,3028.0,0.284,-0.2924,0.0064,0.6568,-0.0694,-0.3216,10.7914,11.35,11.35,11.3,12.4500002861023,down,2026-08-06T09:41:12,82.0,490.0
AAPL,2026-12-18,134,Call,300.0,AAPL261218C00300000,31.45,32.75,32.1,32.0,3.625,12.7753,8.0,24182.0,0.2768,0.6816,0.0066,0.6838,-0.0662,0.6858,32.4158,31.25,32.0,31.25,28.375,up,2026-08-06T09:45:28,268.0,70.0
AAPL,2026-12-18,134,Put,300.0,AAPL261218P00300000,12.2,12.55,12.375,12.8,-1.575,-10.9565,3.0,13591.0,0.281,-0.3268,0.0069,0.6891,-0.0722,-0.3553,12.4514,12.3,12.8,12.3,14.375,up,2026-08-06T09:35:22,238.0,220.0
AAPL,2026-12-18,134,Call,305.0,AAPL261218C00305000,28.65,29.55,29.1,28.99,3.615,14.2463,13.0,4518.0,0.2758,0.6474,0.0069,0.7113,-0.069,0.6566,29.2879,28.6,29.0,27.4,25.375,down,2026-08-06T09:45:54,271.0,14.0
AAPL,2026-12-18,134,Put,305.0,AAPL261218P00305000,14.05,14.5,14.275,15.85,0.0,0.0,0.0,2892.0,0.2789,-0.3622,0.0072,0.7147,-0.0746,-0.3867,14.2657,0.0,0.0,0.0,16.3999996185303,down,2026-08-05T15:59:17,154.0,226.0
AAPL,2026-12-18,134,Call,310.0,AAPL261218C00310000,26.3,26.5,26.4,25.0,2.25,9.89011,31.0,6716.0,0.2773,0.6117,0.0072,0.7334,-0.0712,0.6254,26.3439,26.0,26.0,25.0,22.75,down,2026-08-06T09:36:34,6.0,1.0
AAPL,2026-12-18,134,Put,310.0,AAPL261218P00310000,16.15,16.5,16.325,16.92,-1.855,-9.88016,32.0,3003.0,0.2769,-0.3996,0.0076,0.7353,-0.0764,-0.4203,16.2978,16.8,17.0,16.8,18.7750005722046,no_change,2026-08-06T09:40:40,14.0,272.0
AAPL,2026-12-18,134,Call,315.0,AAPL261218C00315000,23.2,23.85,23.525,23.51,3.185,15.6704,46.0,3689.0,0.2732,0.5749,0.0074,0.7498,-0.0729,0.5918,23.5926,23.15,23.6,22.25,20.3249998092651,up,2026-08-06T09:46:02,1.0,14.0
AAPL,2026-12-18,134,Put,315.0,AAPL261218P00315000,18.35,18.8,18.575000000000003,18.65,-2.55,-12.0283,1.0,1725.0,0.2749,-0.4382,0.0078,0.7491,-0.0776,-0.4505,18.5383,18.65,18.65,18.65,21.1999998092651,down,2026-08-06T09:30:49,77.0,249.0
AAPL,2026-12-18,134,Call,320.0,AAPL261218C00320000,20.9,21.3,21.1,21.08,3.055,16.9487,29.0,8815.0,0.2733,0.5377,0.0076,0.7597,-0.0738,0.5573,21.0543,20.1,21.08,19.85,18.0249996185303,up,2026-08-06T09:46:58,399.0,17.0
AAPL,2026-12-18,134,Put,320.0,AAPL261218P00320000,20.85,21.35,21.1,24.65,0.0,0.0,0.0,745.0,0.2741,-0.4777,0.008,0.7562,-0.0783,-0.4801,20.9906,0.0,0.0,0.0,23.875,down,2026-08-05T14:29:39,6.0,156.0
AAPL,2026-12-18,134,Call,325.0,AAPL261218C00325000,18.55,18.95,18.75,18.0,2.05,12.8527,16.0,5652.0,0.2716,0.5003,0.0077,0.7632,-0.0741,0.5214,18.713,18.27,18.6,17.9,15.9499998092651,no_change,2026-08-06T09:34:44,238.0,59.0
AAPL,2026-12-18,134,Put,325.0,AAPL261218P00325000,23.5,24.0,23.75,27.33,0.0,0.0,0.0,2045.0,0.2724,-0.5176,0.0082,0.7555,-0.0783,-0.5046,23.6577,0.0,0.0,0.0,26.7750005722046,up,2026-08-05T12:33:39,12.0,202.0
AAPL,2026-12-18,134,Call,330.0,AAPL261218C00330000,16.55,16.8,16.675,16.7,2.625,18.6501,30.0,17103.0,0.2713,0.4631,0.0077,0.7601,-0.0738,0.4853,16.5706,16.0,16.7,15.6,14.0749998092651,up,2026-08-06T09:47:12,240.0,28.0
AAPL,2026-12-18,134,Put,330.0,AAPL261218P00330000,26.05,26.95,26.5,31.25,0.0,0.0,0.0,529.0,0.2695,-0.5574,0.0082,0.7473,-0.0777,-0.528,26.5319,0.0,0.0,0.0,29.8500003814697,up,2026-08-05T10:27:15,116.0,130.0
AAPL,2026-12-18,134,Call,335.0,AAPL261218C00335000,14.45,14.85,14.649999999999999,14.15,1.825,14.8073,32.0,5981.0,0.2693,0.4265,0.0076,0.7507,-0.0728,0.449,14.6195,14.5,14.65,13.7,12.3249998092651,up,2026-08-06T09:43:34,283.0,45.0
AAPL,2026-12-18,134,Put,335.0,AAPL261218P00335000,29.4,30.55,29.975,33.0,0.0,0.0,0.0,438.0,0.2737,-0.597,0.0082,0.7317,-0.0765,-0.5439,29.6207,0.0,0.0,0.0,33.3000011444092,down,2026-08-05T15:49:09,6.0,155.0
AAPL,2026-12-18,134,Call,340.0,AAPL261218C00340000,12.7,13.1,12.899999999999999,12.2,1.5,14.0187,19.0,6525.0,0.2686,0.391,0.0074,0.7355,-0.0713,0.4135,12.8638,12.45,12.45,12.05,10.7000002861023,no_change,2026-08-06T09:39:56,340.0,84.0
AAPL,2026-12-18,134,Put,340.0,AAPL261218P00340000,32.5,34.25,33.375,37.7,0.0,0.0,0.0,515.0,0.2746,-0.6359,0.0082,0.7084,-0.0748,-0.5542,32.9117,0.0,0.0,0.0,36.7750015258789,up,2026-08-05T14:25:44,45.0,193.0
AAPL,2026-12-18,134,Call,345.0,AAPL261218C00345000,11.1,11.55,11.325,10.65,1.3,13.9037,4.0,5798.0,0.2681,0.3568,0.0072,0.715,-0.0692,0.3787,11.2823,11.3,11.3,10.65,9.34999990463257,down,2026-08-06T09:38:59,220.0,120.0
AAPL,2026-12-18,134,Put,345.0,AAPL261218P00345000,35.75,38.1,36.925,40.7,0.0,0.0,0.0,241.0,0.2752,-0.6738,0.008,0.6787,-0.0726,-0.5607,36.4044,0.0,0.0,0.0,40.75,down,2026-08-04T14:09:09,134.0,402.0
AAPL,2026-12-18,134,Call,350.0,AAPL261218C00350000,9.75,10.1,9.925,10.0,1.875,23.0769,114.0,19605.0,0.2669,0.3241,0.007,0.6899,-0.0667,0.3452,9.8634,9.35,10.0,9.19,8.125,no_change,2026-08-06T09:47:13,473.0,128.0
AAPL,2026-12-18,134,Put,350.0,AAPL261218P00350000,39.55,41.9,40.724999999999994,44.5,0.0,0.0,0.0,238.0,0.2773,-0.7102,0.0079,0.6425,-0.0701,-0.5554,40.0666,0.0,0.0,0.0,44.5,up,2026-08-05T15:36:13,149.0,493.0
AAPL,2026-12-18,134,Call,360.0,AAPL261218C00360000,7.3,7.7,7.5,7.1,0.975,15.9184,63.0,11324.0,0.2665,0.2642,0.0064,0.6294,-0.0608,0.2831,7.4866,7.15,7.2,6.91,6.125,up,2026-08-06T09:43:15,486.0,10.0
AAPL,2026-12-18,134,Put,360.0,AAPL261218P00360000,47.2,49.7,48.45,53.85,0.0,0.0,0.0,223.0,0.2764,-0.7787,0.0074,0.5545,-0.064,-0.5251,47.9127,0.0,0.0,0.0,52.7250003814697,up,2026-08-05T14:25:09,135.0,612.0
AAPL,2026-12-18,134,Call,370.0,AAPL261218C00370000,5.45,5.8,5.625,5.5,0.9,19.5652,816.0,7413.0,0.2666,0.2123,0.0056,0.5601,-0.0539,0.2285,5.6315,5.4,5.7,5.3,4.60000014305115,up,2026-08-06T09:45:34,413.0,50.0
AAPL,2026-12-18,134,Put,370.0,AAPL261218P00370000,55.85,58.15,57.0,62.5,0.0,0.0,0.0,36.0,0.2808,-0.8405,0.0069,0.4488,-0.0573,-0.4665,56.359,0.0,0.0,0.0,61.7250003814697,down,2026-08-04T14:43:55,9.0,531.0
AAPL,2026-12-18,134,Call,380.0,AAPL261218C00380000,4.05,4.3,4.175,3.95,0.575,17.037,4.0,5367.0,0.2666,0.1684,0.0049,0.4876,-0.0468,0.182,4.2039,4.09,4.35,3.95,3.375,no_change,2026-08-06T09:39:35,284.0,3.0
AAPL,2026-12-18,134,Put,380.0,AAPL261218P00380000,64.7,67.15,65.92500000000001,74.1,0.0,0.0,0.0,11.0,0.2848,-0.8946,0.0062,0.3322,-0.0505,-0.3687,65.3166,0.0,0.0,0.0,71.1749992370606,up,2026-08-04T11:56:08,20.0,219.0
AAPL,2026-12-18,134,Call,390.0,AAPL261218C00390000,3.0,3.25,3.125,2.95,0.45,18.0,18.0,1953.0,0.2681,0.1321,0.0042,0.4163,-0.0399,0.1431,3.1189,2.99,2.99,2.95,2.5,no_change,2026-08-06T09:43:14,476.0,46.0
AAPL,2026-12-18,134,Put,390.0,AAPL261218P00390000,74.25,76.55,75.4,87.9,0.0,0.0,0.0,2.0,0.2961,-0.9388,0.0049,0.2155,-0.0384,-0.2428,74.6921,0.0,0.0,0.0,80.4249992370606,up,2026-07-31T09:33:18,6.0,162.0
AAPL,2026-12-18,134,Call,400.0,AAPL261218C00400000,2.25,2.44,2.3449999999999998,2.23,0.39,21.1957,69.0,10524.0,0.2702,0.1027,0.0035,0.3497,-0.0334,0.1114,2.3032,2.35,2.35,2.15,1.83999997377396,no_change,2026-08-06T09:39:23,313.0,298.0
AAPL,2026-12-18,134,Put,400.0,AAPL261218P00400000,83.45,86.25,84.85,98.63,0.0,0.0,0.0,16.0,0.2996,-0.9701,0.0033,0.1199,-0.0189,-0.1324,84.3778,0.0,0.0,0.0,90.375,up,2026-07-31T13:45:16,120.0,132.0
AAPL,2026-12-18,134,Call,410.0,AAPL261218C00410000,1.64,1.79,1.7149999999999999,1.71,0.365,27.1375,2.0,1107.0,0.2709,0.0793,0.0028,0.2899,-0.0276,0.086,1.6959,1.74,1.74,1.71,1.34499996900558,down,2026-08-06T09:30:13,347.0,35.0
AAPL,2026-12-18,134,Put,410.0,AAPL261218P00410000,93.6,96.15,94.875,95.59,0.0,0.0,0.0,0.0,0.3238,-0.9884,0.0016,0.0468,0.0,-0.0939,94.2589,0.0,0.0,0.0,100.200000762939,down,2026-07-08T13:55:06,106.0,111.0
AAPL,2026-12-18,134,Call,420.0,AAPL261218C00420000,1.2,1.34,1.27,1.25,0.26,26.2626,2.0,4129.0,0.2727,0.0609,0.0023,0.238,-0.0226,0.0661,1.2475,1.25,1.25,1.25,0.990000039339066,no_change,2026-08-06T09:46:03,435.0,78.0
AAPL,2026-12-18,134,Put,420.0,AAPL261218P00420000,103.6,106.1,104.85,104.89,-5.26,-4.77531,10.0,10.0,0.3448,-0.9965,0.0006,0.0103,0.0,-0.0542,104.223,104.89,104.89,104.89,110.150001525879,no_change,2026-08-06T09:33:00,133.0,140.0
AAPL,2026-12-18,134,Call,430.0,AAPL261218C00430000,0.87,1.05,0.96,0.8,0.0,0.0,0.0,3712.0,0.2756,0.0467,0.0018,0.1937,-0.0184,0.0507,0.9189,0.0,0.0,0.0,0.724999994039536,up,2026-08-05T11:05:52,426.0,409.0
AAPL,2026-12-18,134,Put,430.0,AAPL261218P00430000,113.5,116.1,114.8,0.0,0.0,0.0,0.0,0.0,0.3636,-0.9993,0.0001,0.0019,0.0,-0.0471,114.2122,0.0,0.0,0.0,120.325000762939,no_change,,101.0,101.0
AAPL,2026-12-18,134,Call,440.0,AAPL261218C00440000,0.61,0.75,0.6799999999999999,0.57,0.0,0.0,0.0,383.0,0.2756,0.0356,0.0015,0.1562,-0.0148,0.0387,0.6771,0.0,0.0,0.0,0.53999999165535,up,2026-08-04T14:31:47,121.0,72.0
AAPL,2026-12-18,134,Put,440.0,AAPL261218P00440000,123.05,126.1,124.57499999999999,197.3,0.0,0.0,0.0,0.0,0.3694,-1.0,0.0,0.0,0.0,-0.0482,124.2074,0.0,0.0,0.0,130.324996948242,up,2025-01-03T10:21:54,1.0,106.0
AAPL,2026-12-18,134,Call,450.0,AAPL261218C00450000,0.46,0.56,0.51,0.38,0.0,0.0,0.0,6444.0,0.278,0.0274,0.0012,0.1266,-0.012,0.0297,0.5056,0.0,0.0,0.0,0.399999991059303,down,2026-08-05T14:06:08,372.0,185.0
AAPL,2026-12-18,134,Put,450.0,AAPL261218P00450000,133.1,136.05,134.575,176.02,0.0,0.0,0.0,0.0,0.3889,-1.0,0.0,0.0,0.0,-0.0493,134.2026,0.0,0.0,0.0,140.275001525879,up,2025-12-15T13:20:00,100.0,101.0
AAPL,2026-12-18,134,Call,460.0,AAPL261218C00460000,0.32,0.45,0.385,0.3,0.0,0.0,0.0,485.0,0.2809,0.0211,0.0009,0.1021,-0.0097,0.0229,0.3784,0.0,0.0,0.0,0.270000003278255,no_change,2026-08-05T15:57:53,316.0,370.0
AAPL,2026-12-18,134,Put,460.0,AAPL261218P00460000,143.05,146.05,144.55,185.84,0.0,0.0,0.0,0.0,0.4058,-1.0,0.0,0.0,0.0,-0.0504,144.1978,0.0,0.0,0.0,150.324996948242,up,2025-12-15T13:20:00,100.0,106.0
AAPL,2026-12-18,134,Call,470.0,AAPL261218C00470000,0.21,0.33,0.27,0.22,0.0,0.0,0.0,7733.0,0.2806,0.0165,0.0008,0.083,-0.0079,0.0178,0.2886,0.0,0.0,0.0,0.219999998807907,no_change,2026-08-05T14:02:25,364.0,277.0
AAPL,2026-12-18,134,Put,470.0,AAPL261218P00470000,153.65,156.05,154.85000000000002,0.0,0.0,0.0,0.0,0.0,0.4452,-1.0,0.0,0.0,0.0,-0.0515,154.193,0.0,0.0,0.0,160.324996948242,no_change,,1.0,111.0
AAPL,2026-12-18,134,Call,480.0,AAPL261218C00480000,0.14,0.26,0.2,0.2,0.035,21.2121,1.0,2305.0,0.2826,0.0129,0.0006,0.0676,-0.0064,0.014,0.2219,0.2,0.2,0.2,0.165000002831221,up,2026-08-06T09:35:40,398.0,377.0
AAPL,2026-12-18,134,Put,480.0,AAPL261218P00480000,163.5,166.05,164.775,0.0,0.0,0.0,0.0,0.0,0.4589,-1.0,0.0,0.0,0.0,-0.0526,164.1882,0.0,0.0,0.0,170.275001525879,no_change,,100.0,100.0
AAPL,2026-12-18,134,Call,490.0,AAPL261218C00490000,0.08,0.23,0.155,0.12,0.0,0.0,0.0,428.0,0.2864,0.0103,0.0005,0.0555,-0.0053,0.0111,0.1735,0.0,0.0,0.0,0.125000001862645,down,2026-08-04T15:27:25,184.0,99.0
AAPL,2026-12-18,134,Put,490.0,AAPL261218P00490000,173.2,176.05,174.625,0.0,0.0,0.0,0.0,0.0,0.4658,-1.0,0.0,0.0,0.0,-0.0537,174.1834,0.0,0.0,0.0,180.299995422363,no_change,,101.0,111.0
AAPL,2026-12-18,134,Call,500.0,AAPL261218C00500000,0.05,0.19,0.12,0.12,-0.03,-20.0,3.0,683.0,0.2892,0.0083,0.0004,0.0463,-0.0045,0.009,0.1389,0.12,0.12,0.12,0.150000000372529,down,2026-08-06T09:38:57,364.0,324.0
AAPL,2026-12-18,134,Put,500.0,AAPL261218P00500000,183.5,186.0,184.75,0.0,0.0,0.0,0.0,0.0,0.4922,-1.0,0.0,0.0,0.0,-0.0548,184.1786,0.0,0.0,0.0,190.299995422363,no_change,,100.0,100.0
AAPL,2026-12-18,134,Call,510.0,AAPL261218C00510000,0.02,0.21,0.11499999999999999,0.27,0.0,0.0,0.0,118.0,0.299,0.0068,0.0003,0.0389,-0.0038,0.0073,0.1127,0.0,0.0,0.0,0.175000001676381,up,2026-07-29T12:26:01,252.0,238.0
AAPL,2026-12-18,134,Put,510.0,AAPL261218P00510000,193.0,196.1,194.55,0.0,0.0,0.0,0.0,0.0,0.4885,-1.0,0.0,0.0,0.0,-0.0559,194.1738,0.0,0.0,0.0,200.299995422363,no_change,,105.0,6.0
AAPL,2026-12-18,134,Call,520.0,AAPL261218C00520000,0.01,0.41,0.21,0.05,0.0,0.0,0.0,536.0,0.3318,0.0056,0.0003,0.033,-0.0032,0.006,0.0928,0.0,0.0,0.0,0.284999996423721,no_change,2026-07-31T09:53:50,42.0,212.0
AAPL,2026-12-18,134,Put,520.0,AAPL261218P00520000,203.1,206.0,204.55,0.0,0.0,0.0,0.0,0.0,0.5093,-1.0,0.0,0.0,0.0,-0.057,204.169,0.0,0.0,0.0,210.299995422363,no_change,,100.0,101.0
AAPL,2026-12-18,134,Call,530.0,AAPL261218C00530000,0.02,0.1,0.060000000000000005,0.05,0.0,0.0,0.0,2447.0,0.3,0.0048,0.0002,0.0284,-0.0028,0.0051,0.0779,0.0,0.0,0.0,0.0600000005215406,up,2026-08-05T15:39:45,7.0,5.0
AAPL,2026-12-18,134,Put,530.0,AAPL261218P00530000,213.0,216.0,214.5,0.0,0.0,0.0,0.0,0.0,0.5205,-1.0,0.0,0.0,0.0,-0.0581,214.1642,0.0,0.0,0.0,220.299995422363,no_change,,100.0,101.0
AAPL,2026-12-18,134,Call,540.0,AAPL261218C00540000,0.0,0.37,0.185,0.03,0.0,0.0,0.0,28.0,0.3486,0.004,0.0002,0.0247,-0.0025,0.0043,0.0665,0.0,0.0,0.0,0.314999997615814,down,2026-08-03T11:00:01,0.0,309.0
AAPL,2026-12-18,134,Put,540.0,AAPL261218P00540000,223.5,226.0,224.75,0.0,0.0,0.0,0.0,0.0,0.5572,-1.0,0.0,0.0,0.0,-0.0592,224.1594,0.0,0.0,0.0,230.275001525879,no_change,,103.0,100.0
AAPL,2026-12-18,134,Call,550.0,AAPL261218C00550000,0.0,0.07,0.035,0.04,0.0,-9.31323e-08,20.0,44.0,0.304,0.0035,0.0002,0.0216,-0.0022,0.0037,0.0574,0.04,0.04,0.04,0.0400000000372529,up,2026-08-06T09:30:00,0.0,1.0
AAPL,2026-12-18,134,Put,550.0,AAPL261218P00550000,233.5,236.0,234.75,0.0,0.0,0.0,0.0,0.0,0.5725,-1.0,0.0,0.0,0.0,-0.0462,234.1546,0.0,0.0,0.0,240.375,no_change,,101.0,105.0
AAPL,2026-12-18,134,Call,560.0,AAPL261218C00560000,0.0,0.86,0.43,0.06,0.0,0.0,0.0,12.0,0.4095,0.0031,0.0001,0.0192,-0.002,0.0033,0.0502,0.0,0.0,0.0,0.479999989271164,down,2026-07-29T12:14:49,0.0,378.0
AAPL,2026-12-18,134,Put,560.0,AAPL261218P00560000,243.5,246.0,244.75,0.0,0.0,0.0,0.0,0.0,0.5875,-1.0,0.0,0.0,0.0,0.0,244.15,0.0,0.0,0.0,250.424995422363,no_change,,94.0,101.0
AAPL,2026-12-18,134,Call,570.0,AAPL261218C00570000,0.0,0.91,0.455,0.23,0.0,0.0,0.0,1.0,0.4232,0.0027,0.0001,0.0171,-0.0018,0.0029,0.0445,0.0,0.0,0.0,0.495000004768372,up,2026-06-04T12:22:59,0.0,100.0
AAPL,2026-12-18,134,Put,570.0,AAPL261218P00570000,252.85,256.0,254.425,0.0,0.0,0.0,0.0,0.0,0.573,-1.0,0.0,0.0,0.0,0.0,254.15,0.0,0.0,0.0,260.375,no_change,,100.0,101.0
AAPL,2026-12-18,134,Call,580.0,AAPL261218C00580000,0.0,0.93,0.465,0.0,0.0,0.0,0.0,0.0,0.4353,0.0024,0.0001,0.0153,-0.0016,0.0025,0.0395,0.0,0.0,0.0,0.504999995231628,no_change,,0.0,102.0
AAPL,2026-12-18,134,Put,580.0,AAPL261218P00580000,262.85,266.0,264.425,0.0,0.0,0.0,0.0,0.0,0.5872,-1.0,0.0,0.0,0.0,0.0,264.15,0.0,0.0,0.0,270.375,no_change,,100.0,106.0
AAPL,2026-12-18,134,Call,590.0,AAPL261218C00590000,0.0,0.96,0.48,0.0,0.0,0.0,0.0,0.0,0.4475,0.0021,0.0001,0.0138,-0.0015,0.0023,0.0355,0.0,0.0,0.0,0.455000013113022,no_change,,0.0,101.0
AAPL,2026-12-18,134,Put,590.0,AAPL261218P00590000,273.45,276.0,274.725,0.0,0.0,0.0,0.0,0.0,0.6289,-1.0,0.0,0.0,0.0,0.0,274.15,0.0,0.0,0.0,280.275009155273,no_change,,77.0,100.0
AAPL,2026-12-18,134,Call,600.0,AAPL261218C00600000,0.0,0.04,0.02,0.02,0.0,0.0,0.0,1226.0,0.3315,0.0019,0.0001,0.0126,-0.0014,0.002,0.032,0.0,0.0,0.0,0.0249999994412065,up,2026-08-05T14:24:53,0.0,100.0
AAPL,2026-12-18,134,Put,600.0,AAPL261218P00600000,282.85,286.0,284.425,0.0,0.0,0.0,0.0,0.0,0.6149,-1.0,0.0,0.0,0.0,0.0,284.15,0.0,0.0,0.0,290.275009155273,no_change,,101.0,101.0
AAPL,2027-01-15,162,Call,5.0,AAPL270115C00005000,309.0,312.25,310.625,297.37,0.0,0.0,0.0,8.0,0.0,1.0,0.0,0.0,0.0,0.0004,310.8547,0.0,0.0,0.0,304.600006103516,up,2026-07-31T10:54:13,100.0,2.0
AAPL,2027-01-15,162,Put,5.0,AAPL270115P00005000,0.0,0.01,0.005,0.01,0.0,0.0,0.0,1699.0,1.8977,0.0,0.0,0.0001,0.0,0.0,0.0009,0.0,0.0,0.0,0.00499999988824129,no_change,2026-07-31T09:30:03,0.0,240.0
AAPL,2027-01-15,162,Call,10.0,AAPL270115C00010000,304.0,307.75,305.875,273.0,0.0,0.0,0.0,0.0,2.18,1.0,0.0,0.0,0.0,0.0008,305.8565,0.0,0.0,0.0,299.675003051758,up,2026-05-05T14:37:14,105.0,1.0
AAPL,2027-01-15,162,Put,10.0,AAPL270115P00010000,0.0,0.28,0.14,0.2,0.0,0.0,0.0,143.0,2.1151,0.0,0.0,0.0002,-0.0001,0.0,0.0017,0.0,0.0,0.0,0.0299999993294477,up,2026-08-05T09:30:02,0.0,213.0
AAPL,2027-01-15,162,Call,15.0,AAPL270115C00015000,299.1,302.85,300.975,262.37,0.0,0.0,0.0,10.0,1.9469,1.0,0.0,0.0,0.0,0.0012,300.8583,0.0,0.0,0.0,294.700012207031,no_change,2026-05-04T09:46:30,105.0,2.0
AAPL,2027-01-15,162,Put,15.0,AAPL270115P00015000,0.0,0.28,0.14,0.09,0.0,0.0,0.0,90.0,1.8409,0.0,0.0,0.0003,-0.0001,-0.0001,0.0026,0.0,0.0,0.0,0.0450000017881393,up,2026-08-05T09:38:00,0.0,216.0
AAPL,2027-01-15,162,Call,20.0,AAPL270115C00020000,294.2,297.95,296.075,300.69,0.0,0.0,0.0,11.0,1.7786,1.0,0.0,0.0001,0.0,0.0407,295.862,0.0,0.0,0.0,289.774993896484,up,2026-07-23T14:50:57,105.0,2.0
AAPL,2027-01-15,162,Put,20.0,AAPL270115P00020000,0.0,0.28,0.14,0.27,0.0,0.0,0.0,3434.0,1.6545,-0.0001,0.0,0.0005,-0.0002,-0.0001,0.0036,0.0,0.0,0.0,0.00999999977648258,no_change,2026-08-05T09:30:48,0.0,406.0
AAPL,2027-01-15,162,Call,25.0,AAPL270115C00025000,289.3,292.45,290.875,172.1,0.0,0.0,0.0,0.0,0.0,1.0,0.0,0.0004,0.0,0.0649,290.9195,0.0,0.0,0.0,284.850006103516,up,2025-05-23T13:36:45,105.0,2.0
AAPL,2027-01-15,162,Put,25.0,AAPL270115P00025000,0.0,0.02,0.01,0.01,0.0,0.0,0.0,3415.0,1.1875,-0.0001,0.0,0.0006,-0.0002,-0.0001,0.0047,0.0,0.0,0.0,0.00999999977648258,no_change,2026-06-23T15:57:01,0.0,15.0
AAPL,2027-01-15,162,Call,30.0,AAPL270115C00030000,284.4,287.9,286.15,292.27,0.0,0.0,0.0,4.0,1.4462,1.0,0.0,0.0007,0.0,0.0794,285.9789,0.0,0.0,0.0,280.050003051758,up,2026-07-23T10:45:59,105.0,1.0
AAPL,2027-01-15,162,Put,30.0,AAPL270115P00030000,0.0,0.34,0.17,0.03,0.0,0.0,0.0,46.0,1.4317,-0.0001,0.0,0.0008,-0.0002,-0.0002,0.006,0.0,0.0,0.0,0.0299999993294477,up,2025-11-07T11:25:28,0.0,226.0
AAPL,2027-01-15,162,Call,35.0,AAPL270115C00035000,279.5,283.2,281.35,165.98,0.0,0.0,0.0,5.0,1.3688,1.0,0.0,0.0012,0.0,0.1291,281.0453,0.0,0.0,0.0,275.049987792969,down,2025-05-06T12:43:54,105.0,2.0
AAPL,2027-01-15,162,Put,35.0,AAPL270115P00035000,0.0,0.43,0.215,0.02,0.0,0.0,0.0,128.0,1.3726,-0.0001,0.0,0.0011,-0.0003,-0.0002,0.0074,0.0,0.0,0.0,0.204999998211861,no_change,2026-04-09T11:36:12,0.0,217.0
AAPL,2027-01-15,162,Call,40.0,AAPL270115C00040000,274.6,278.3,276.45000000000005,218.8,0.0,0.0,0.0,39.0,1.3524,0.9999,0.0,0.0014,0.0,0.175,276.1387,0.0,0.0,0.0,270.125,up,2026-04-09T11:52:31,100.0,2.0
AAPL,2027-01-15,162,Put,40.0,AAPL270115P00040000,0.0,0.43,0.215,0.01,0.0,0.0,0.0,1025.0,1.2877,-0.0002,0.0,0.0014,-0.0004,-0.0003,0.009,0.0,0.0,0.0,0.00999999977648258,no_change,2026-08-03T14:19:59,0.0,223.0
AAPL,2027-01-15,162,Call,45.0,AAPL270115C00045000,269.7,273.4,271.54999999999995,213.4,0.0,0.0,0.0,2.0,1.2752,0.9998,0.0,0.0017,0.0,0.2004,271.2405,0.0,0.0,0.0,265.274993896484,up,2025-10-09T09:39:11,105.0,2.0
AAPL,2027-01-15,162,Put,45.0,AAPL270115P00045000,0.0,0.43,0.215,0.15,0.0,0.0,0.0,81.0,1.2136,-0.0002,0.0,0.0017,-0.0004,-0.0003,0.0108,0.0,0.0,0.0,0.204999998211861,up,2026-07-17T12:52:13,0.0,279.0
AAPL,2027-01-15,162,Call,50.0,AAPL270115C00050000,264.8,268.3,266.55,264.6,0.0,0.0,0.0,121.0,1.151,0.9998,0.0,0.002,0.0,0.2229,266.3435,0.0,0.0,0.0,260.375,up,2026-06-08T13:14:32,100.0,1.0
AAPL,2027-01-15,162,Put,50.0,AAPL270115P00050000,0.0,0.28,0.14,0.01,0.0,0.0,0.0,2813.0,1.0929,-0.0002,0.0,0.002,-0.0005,-0.0004,0.0127,0.0,0.0,0.0,0.0700000002980232,no_change,2026-08-04T09:30:09,0.0,282.0
AAPL,2027-01-15,162,Call,60.0,AAPL270115C00060000,255.0,258.55,256.775,239.0,0.0,0.0,0.0,131.0,1.0508,0.9996,0.0,0.0028,0.0,0.2673,256.5504,0.0,0.0,0.0,250.525001525879,down,2026-06-23T09:30:01,100.0,1.0
AAPL,2027-01-15,162,Put,60.0,AAPL270115P00060000,0.0,0.21,0.105,0.02,0.0,0.0,0.0,866.0,0.9559,-0.0004,0.0,0.0028,-0.0006,-0.0006,0.0174,0.0,0.0,0.0,0.104999996721745,down,2026-08-03T13:36:23,0.0,185.0
AAPL,2027-01-15,162,Call,70.0,AAPL270115C00070000,245.2,248.9,247.05,222.74,0.0,0.0,0.0,139.0,0.9874,0.9995,0.0,0.0039,0.0,0.3116,246.7584,0.0,0.0,0.0,240.75,down,2026-06-10T09:31:15,105.0,2.0
AAPL,2027-01-15,162,Put,70.0,AAPL270115P00070000,0.0,0.29,0.145,0.18,0.0,0.0,0.0,187.0,0.9,-0.0005,0.0,0.0039,-0.0008,-0.0008,0.0231,0.0,0.0,0.0,0.144999995827675,up,2026-07-30T11:58:53,0.0,209.0
AAPL,2027-01-15,162,Call,80.0,AAPL270115C00080000,235.4,238.55,236.97500000000002,201.17,0.0,0.0,0.0,303.0,0.7194,0.9993,0.0,0.0052,0.0,0.3558,236.9677,0.0,0.0,0.0,230.949996948242,up,2026-06-26T11:27:20,105.0,2.0
AAPL,2027-01-15,162,Put,80.0,AAPL270115P00080000,0.0,0.18,0.09,0.05,0.0,0.0,0.0,797.0,0.7818,-0.0007,0.0,0.0052,-0.001,-0.0011,0.0303,0.0,0.0,0.0,0.0900000035762787,no_change,2026-08-03T13:35:15,0.0,188.0
AAPL,2027-01-15,162,Call,85.0,AAPL270115C00085000,230.5,233.7,232.1,225.35,0.0,0.0,0.0,117.0,0.7212,0.9992,0.0,0.006,0.0,0.3779,232.073,0.0,0.0,0.0,226.050003051758,down,2026-06-05T15:12:14,105.0,2.0
AAPL,2027-01-15,162,Put,85.0,AAPL270115P00085000,0.01,0.18,0.095,0.1,0.0,0.0,0.0,334.0,0.7528,-0.0008,0.0,0.0061,-0.0012,-0.0012,0.0344,0.0,0.0,0.0,0.09500000346452,no_change,2026-07-30T15:16:36,1.0,219.0
AAPL,2027-01-15,162,Call,90.0,AAPL270115C00090000,225.6,229.1,227.35,221.54,0.0,0.0,0.0,278.0,0.7887,0.9991,0.0,0.0069,0.0,0.4,227.1787,0.0,0.0,0.0,221.174995422363,up,2026-08-04T13:10:21,100.0,1.0
AAPL,2027-01-15,162,Put,90.0,AAPL270115P00090000,0.02,0.18,0.09999999999999999,0.05,0.0,0.0,0.0,1757.0,0.7252,-0.001,0.0,0.007,-0.0013,-0.0014,0.039,0.0,0.0,0.0,0.100000003352761,down,2026-07-16T14:03:50,1.0,173.0
AAPL,2027-01-15,162,Call,95.0,AAPL270115C00095000,220.7,224.15,222.425,210.8,0.0,0.0,0.0,26.0,0.7448,0.9989,0.0,0.0079,0.0,0.422,222.2849,0.0,0.0,0.0,216.275001525879,up,2026-08-03T11:30:14,105.0,1.0
AAPL,2027-01-15,162,Put,95.0,AAPL270115P00095000,0.01,0.31,0.16,0.02,0.0,0.0,0.0,924.0,0.732,-0.0011,0.0,0.008,-0.0014,-0.0017,0.0442,0.0,0.0,0.0,0.160000001080334,down,2026-08-04T09:30:01,3.0,214.0
AAPL,2027-01-15,162,Call,100.0,AAPL270115C00100000,215.8,219.4,217.60000000000002,208.99,0.0,0.0,0.0,683.0,0.7444,0.9988,0.0,0.009,0.0,0.444,217.3917,0.0,0.0,0.0,211.350006103516,up,2026-08-03T09:38:38,104.0,1.0
AAPL,2027-01-15,162,Put,100.0,AAPL270115P00100000,0.01,0.18,0.095,0.03,0.0,0.0,0.0,3838.0,0.664,-0.0013,0.0,0.0091,-0.0016,-0.0019,0.0499,0.0,0.0,0.0,0.09500000346452,down,2026-08-04T12:36:45,60.0,158.0
AAPL,2027-01-15,162,Call,105.0,AAPL270115C00105000,210.9,214.6,212.75,206.2,0.0,0.0,0.0,89.0,0.7306,0.9986,0.0,0.0103,0.0,0.466,212.4992,0.0,0.0,0.0,206.474998474121,up,2026-06-05T15:12:13,100.0,1.0
AAPL,2027-01-15,162,Put,105.0,AAPL270115P00105000,0.01,0.31,0.16,0.16,0.0,0.0,0.0,1524.0,0.6743,-0.0015,0.0,0.0103,-0.0018,-0.0022,0.0563,0.0,0.0,0.0,0.0949999978765845,no_change,2026-08-05T10:47:21,44.0,431.0
AAPL,2027-01-15,162,Call,110.0,AAPL270115C00110000,206.0,209.6,207.8,225.12,0.0,0.0,0.0,224.0,0.6857,0.9983,0.0,0.0117,0.0,0.4879,207.6074,0.0,0.0,0.0,201.575004577637,up,2026-07-24T15:05:06,100.0,1.0
AAPL,2027-01-15,162,Put,110.0,AAPL270115P00110000,0.01,0.32,0.165,0.17,0.0,0.0,0.0,796.0,0.6499,-0.0017,0.0,0.0118,-0.002,-0.0025,0.0634,0.0,0.0,0.0,0.105000000447035,up,2026-08-05T10:46:44,89.0,397.0
AAPL,2027-01-15,162,Call,115.0,AAPL270115C00115000,201.1,204.7,202.89999999999998,195.83,0.0,0.0,0.0,100.0,0.5258,0.9981,0.0,0.0132,0.0,0.5098,202.7165,0.0,0.0,0.0,196.674995422363,up,2026-06-05T15:42:29,100.0,1.0
AAPL,2027-01-15,162,Put,115.0,AAPL270115P00115000,0.05,0.32,0.185,0.13,0.0,0.0,0.0,765.0,0.6326,-0.002,0.0,0.0134,-0.0022,-0.0029,0.0714,0.0,0.0,0.0,0.119999999180436,up,2026-08-05T10:30:20,1.0,373.0
AAPL,2027-01-15,162,Call,120.0,AAPL270115C00120000,196.2,200.0,198.1,191.53,0.0,0.0,0.0,494.0,0.6471,0.9978,0.0001,0.015,0.0,0.5316,197.8265,0.0,0.0,0.0,191.800003051758,up,2026-08-05T13:04:09,105.0,2.0
AAPL,2027-01-15,162,Put,120.0,AAPL270115P00120000,0.05,0.25,0.15,0.06,0.0,0.0,0.0,3091.0,0.5932,-0.0022,0.0001,0.0151,-0.0024,-0.0033,0.0805,0.0,0.0,0.0,0.0750000011175871,down,2026-08-05T15:46:09,10.0,341.0
AAPL,2027-01-15,162,Call,125.0,AAPL270115C00125000,191.3,194.85,193.075,209.42,0.0,0.0,0.0,266.0,0.5996,0.9975,0.0001,0.017,0.0,0.5534,192.9377,0.0,0.0,0.0,187.024993896484,up,2026-07-30T12:30:46,105.0,1.0
AAPL,2027-01-15,162,Put,125.0,AAPL270115P00125000,0.01,0.28,0.14500000000000002,0.1,0.0,0.0,0.0,875.0,0.5678,-0.0026,0.0001,0.0171,-0.0026,-0.0038,0.0907,0.0,0.0,0.0,0.099999999627471,down,2026-08-05T15:09:15,119.0,263.0
AAPL,2027-01-15,162,Call,130.0,AAPL270115C00130000,186.45,190.05,188.25,178.41,0.0,0.0,0.0,476.0,0.5972,0.9971,0.0001,0.0192,0.0,0.575,188.0502,0.0,0.0,0.0,182.150001525879,down,2026-08-04T10:46:58,100.0,1.0
AAPL,2027-01-15,162,Put,130.0,AAPL270115P00130000,0.02,0.3,0.16,0.1,0.0,0.0,0.0,4913.0,0.5522,-0.0029,0.0001,0.0193,-0.0029,-0.0043,0.1019,0.0,0.0,0.0,0.105000000447035,down,2026-08-05T15:10:18,173.0,500.0
AAPL,2027-01-15,162,Call,135.0,AAPL270115C00135000,181.55,185.25,183.4,173.65,0.0,0.0,0.0,1575.0,0.5856,0.9967,0.0001,0.0217,0.0,0.5967,183.1643,0.0,0.0,0.0,177.225006103516,no_change,2026-08-04T10:54:21,100.0,1.0
AAPL,2027-01-15,162,Put,135.0,AAPL270115P00135000,0.03,0.28,0.15500000000000003,0.12,0.0,0.0,0.0,1580.0,0.5286,-0.0034,0.0001,0.0219,-0.0032,-0.0049,0.115,0.0,0.0,0.0,0.119999997317791,up,2026-08-05T15:11:20,153.0,451.0
AAPL,2027-01-15,162,Call,140.0,AAPL270115C00140000,176.65,180.35,178.5,168.57,0.0,0.0,0.0,1591.0,0.5626,0.9962,0.0001,0.0246,0.0,0.6182,178.2803,0.0,0.0,0.0,172.375,no_change,2026-08-04T10:39:47,101.0,2.0
AAPL,2027-01-15,162,Put,140.0,AAPL270115P00140000,0.1,0.16,0.13,0.11,0.0,0.0,0.0,2119.0,0.4973,-0.0038,0.0001,0.0248,-0.0035,-0.0057,0.1303,0.0,0.0,0.0,0.129999998956919,down,2026-08-05T14:27:16,10.0,235.0
AAPL,2027-01-15,162,Call,145.0,AAPL270115C00145000,171.75,175.5,173.625,164.64,0.0,0.0,0.0,6417.0,0.5456,0.9956,0.0001,0.0278,0.0,0.6396,173.3984,0.0,0.0,0.0,167.5,no_change,2026-08-04T10:22:35,105.0,1.0
AAPL,2027-01-15,162,Put,145.0,AAPL270115P00145000,0.07,0.17,0.12000000000000001,0.14,0.0,0.0,0.0,8855.0,0.4733,-0.0044,0.0001,0.028,-0.0039,-0.0065,0.1476,0.0,0.0,0.0,0.145000003278255,no_change,2026-07-30T10:05:37,119.0,72.0
AAPL,2027-01-15,162,Call,150.0,AAPL270115C00150000,166.9,170.55,168.72500000000002,159.15,0.0,0.0,0.0,1724.0,0.0,0.995,0.0001,0.0314,0.0,0.6608,168.5192,0.0,0.0,0.0,162.625,up,2026-08-04T11:59:07,100.0,1.0
AAPL,2027-01-15,162,Put,150.0,AAPL270115P00150000,0.09,0.19,0.14,0.16,0.0,0.0,0.0,5335.0,0.4625,-0.0051,0.0001,0.0318,-0.0043,-0.0075,0.1674,0.0,0.0,0.0,0.170000001788139,no_change,2026-08-05T12:02:07,526.0,208.0
AAPL,2027-01-15,162,Call,155.0,AAPL270115C00155000,162.0,165.25,163.625,184.57,0.0,0.0,0.0,82.0,0.4552,0.9942,0.0002,0.0357,0.0,0.6819,163.6431,0.0,0.0,0.0,157.725006103516,no_change,2026-07-27T13:08:01,110.0,2.0
AAPL,2027-01-15,162,Put,155.0,AAPL270115P00155000,0.15,0.21,0.18,0.18,0.0,0.0,0.0,1175.0,0.4573,-0.0058,0.0002,0.0362,-0.0047,-0.0086,0.1905,0.0,0.0,0.0,0.195000000298023,down,2026-08-05T12:35:37,57.0,90.0
AAPL,2027-01-15,162,Call,160.0,AAPL270115C00160000,157.15,160.85,159.0,168.72,0.0,0.0,0.0,650.0,0.4957,0.9934,0.0002,0.0405,0.0,0.7028,158.7707,0.0,0.0,0.0,152.875,down,2026-07-22T11:28:58,296.0,1.0
AAPL,2027-01-15,162,Put,160.0,AAPL270115P00160000,0.14,0.24,0.19,0.2,-0.035,-14.8936,1.0,5158.0,0.4423,-0.0067,0.0002,0.0408,-0.0052,-0.0099,0.2168,0.2,0.2,0.2,0.235000006854534,down,2026-08-06T09:40:07,627.0,315.0
AAPL,2027-01-15,162,Call,165.0,AAPL270115C00165000,152.25,156.0,154.125,144.0,0.0,0.0,0.0,785.0,0.4795,0.9923,0.0002,0.0459,0.0,0.7235,153.9027,0.0,0.0,0.0,148.025001525879,down,2026-08-03T14:35:05,292.0,1.0
AAPL,2027-01-15,162,Put,165.0,AAPL270115P00165000,0.17,0.28,0.22500000000000003,0.3,0.0,0.0,0.0,3819.0,0.4333,-0.0078,0.0002,0.0462,-0.0058,-0.0114,0.248,0.0,0.0,0.0,0.270000003278255,no_change,2026-08-04T12:15:25,306.0,276.0
AAPL,2027-01-15,162,Call,170.0,AAPL270115C00170000,147.4,151.2,149.3,143.35,0.0,0.0,0.0,992.0,0.4704,0.9911,0.0003,0.0522,0.0,0.7439,149.0401,0.0,0.0,0.0,143.175003051758,up,2026-08-04T13:50:01,101.0,2.0
AAPL,2027-01-15,162,Put,170.0,AAPL270115P00170000,0.21,0.33,0.27,0.35,0.0,0.0,0.0,7873.0,0.4255,-0.009,0.0003,0.0526,-0.0065,-0.0131,0.2846,0.0,0.0,0.0,0.28999999165535,no_change,2026-08-03T14:12:06,125.0,138.0
AAPL,2027-01-15,162,Call,175.0,AAPL270115C00175000,142.55,146.35,144.45,134.16,0.0,0.0,0.0,1156.0,0.451,0.9897,0.0003,0.0594,0.0,0.764,144.1837,0.0,0.0,0.0,138.449996948242,no_change,2026-08-03T11:04:29,101.0,2.0
AAPL,2027-01-15,162,Put,175.0,AAPL270115P00175000,0.26,0.34,0.30000000000000004,0.37,0.0,0.0,0.0,3719.0,0.4137,-0.0104,0.0003,0.0601,-0.0072,-0.0152,0.3276,0.0,0.0,0.0,0.329999998211861,down,2026-08-05T11:44:03,434.0,138.0
AAPL,2027-01-15,162,Call,180.0,AAPL270115C00180000,137.7,141.15,139.425,129.84,0.0,0.0,0.0,1044.0,0.3994,0.9881,0.0004,0.0676,0.0,0.7837,139.3348,0.0,0.0,0.0,133.175003051758,up,2026-08-04T10:15:55,100.0,1.0
AAPL,2027-01-15,162,Put,180.0,AAPL270115P00180000,0.37,0.43,0.4,0.45,0.0,0.0,0.0,9094.0,0.4126,-0.0121,0.0004,0.068,-0.008,-0.0176,0.3784,0.0,0.0,0.0,0.390000000596046,down,2026-08-04T13:18:49,55.0,93.0
AAPL,2027-01-15,162,Call,185.0,AAPL270115C00185000,132.85,136.35,134.6,126.65,0.0,0.0,0.0,827.0,0.4138,0.9861,0.0004,0.0768,0.0,0.803,134.4949,0.0,0.0,0.0,128.474998474121,up,2026-08-05T10:48:31,191.0,12.0
AAPL,2027-01-15,162,Put,185.0,AAPL270115P00185000,0.38,0.46,0.42000000000000004,0.53,0.0,0.0,0.0,5485.0,0.3979,-0.014,0.0004,0.0775,-0.009,-0.0204,0.4378,0.0,0.0,0.0,0.46000000834465,no_change,2026-08-04T12:20:07,44.0,80.0
AAPL,2027-01-15,162,Call,190.0,AAPL270115C00190000,128.05,131.7,129.875,118.65,0.0,0.0,0.0,927.0,0.3869,0.9839,0.0005,0.0874,0.0,0.8218,129.6653,0.0,0.0,0.0,123.849998474121,down,2026-08-04T09:56:20,141.0,62.0
AAPL,2027-01-15,162,Put,190.0,AAPL270115P00190000,0.45,0.52,0.485,0.54,0.0,0.0,0.0,7485.0,0.3891,-0.0164,0.0005,0.0886,-0.01,-0.0237,0.508,0.0,0.0,0.0,0.53999999165535,down,2026-08-05T15:49:12,105.0,72.0
AAPL,2027-01-15,162,Call,195.0,AAPL270115C00195000,123.25,126.9,125.075,113.52,0.0,0.0,0.0,647.0,0.389,0.9812,0.0006,0.0996,0.0,0.8398,124.8482,0.0,0.0,0.0,119.025001525879,no_change,2026-08-03T11:29:05,124.0,2.0
AAPL,2027-01-15,162,Put,195.0,AAPL270115P00195000,0.54,0.6,0.5700000000000001,0.59,-0.065,-9.92366,1.0,5886.0,0.3815,-0.019,0.0006,0.1003,-0.0112,-0.0276,0.5911,0.59,0.59,0.59,0.655000001192093,down,2026-08-06T09:30:13,101.0,75.0
AAPL,2027-01-15,162,Call,200.0,AAPL270115C00200000,118.3,121.2,119.75,115.0,0.0,0.0,0.0,12528.0,0.3436,0.9781,0.0007,0.1131,0.0,0.8573,120.0457,0.0,0.0,0.0,113.799999237061,up,2026-08-05T15:51:02,551.0,35.0
AAPL,2027-01-15,162,Put,200.0,AAPL270115P00200000,0.66,0.72,0.69,0.77,0.0,0.0,0.0,22570.0,0.3761,-0.0222,0.0007,0.1142,-0.0125,-0.0321,0.6886,0.0,0.0,0.0,0.770000010728836,no_change,2026-08-05T15:49:12,1.0,93.0
AAPL,2027-01-15,162,Call,205.0,AAPL270115C00205000,113.65,116.75,115.2,102.5,0.0,0.0,0.0,112.0,0.3635,0.9745,0.0008,0.1285,0.0,0.874,115.2602,0.0,0.0,0.0,109.400001525879,down,2026-07-31T10:02:19,248.0,66.0
AAPL,2027-01-15,162,Put,205.0,AAPL270115P00205000,0.74,0.84,0.79,0.9,0.0,0.0,0.0,169.0,0.3674,-0.0259,0.0008,0.1303,-0.014,-0.0375,0.8036,0.0,0.0,0.0,0.875,down,2026-08-05T13:03:45,238.0,170.0
AAPL,2027-01-15,162,Call,210.0,AAPL270115C00210000,108.85,111.5,110.175,102.2,0.0,0.0,0.0,2352.0,0.3357,0.9703,0.0009,0.1459,-0.0001,0.8896,110.495,0.0,0.0,0.0,104.5,up,2026-08-04T10:26:48,264.0,10.0
AAPL,2027-01-15,162,Put,210.0,AAPL270115P00210000,0.89,0.98,0.935,0.9,-0.145,-13.8756,8.0,15348.0,0.361,-0.0302,0.0009,0.1472,-0.0156,-0.0435,0.9404,1.02,1.02,0.9,1.0450000166893,no_change,2026-08-06T09:39:51,69.0,221.0
AAPL,2027-01-15,162,Call,215.0,AAPL270115C00215000,104.15,107.0,105.575,95.99,0.0,0.0,0.0,217.0,0.3429,0.9654,0.001,0.165,-0.0026,0.9043,105.7534,0.0,0.0,0.0,99.5750007629394,down,2026-08-03T10:55:08,307.0,70.0
AAPL,2027-01-15,162,Put,215.0,AAPL270115P00215000,1.02,1.23,1.125,1.13,-0.095,-7.7551,8.0,381.0,0.3562,-0.0352,0.001,0.1669,-0.0174,-0.0506,1.0999,1.11,1.19,1.1,1.22499996423721,down,2026-08-06T09:39:51,127.0,450.0
AAPL,2027-01-15,162,Call,220.0,AAPL270115C00220000,99.3,102.2,100.75,93.92,0.0,0.0,0.0,7158.0,0.331,0.9597,0.0012,0.1867,-0.0052,0.9177,101.039,0.0,0.0,0.0,95.0750007629394,down,2026-08-05T14:41:28,487.0,39.0
AAPL,2027-01-15,162,Put,220.0,AAPL270115P00220000,1.24,1.36,1.3,1.27,-0.17,-11.8056,15.0,17281.0,0.3488,-0.0409,0.0012,0.1892,-0.0194,-0.0591,1.2879,1.3,1.33,1.26,1.43999999761581,no_change,2026-08-06T09:43:40,68.0,319.0
AAPL,2027-01-15,162,Call,225.0,AAPL270115C00225000,94.75,97.6,96.175,90.55,0.0,0.0,0.0,468.0,0.3328,0.9532,0.0014,0.2105,-0.008,0.9296,96.3569,0.0,0.0,0.0,90.0750007629394,up,2026-08-04T15:48:42,461.0,34.0
AAPL,2027-01-15,162,Put,225.0,AAPL270115P00225000,1.46,1.59,1.525,1.56,-0.18,-10.3448,14.0,1433.0,0.3429,-0.0477,0.0014,0.2128,-0.0215,-0.0681,1.5101,1.49,1.58,1.49,1.7399999499321,down,2026-08-06T09:43:40,82.0,198.0
AAPL,2027-01-15,162,Call,230.0,AAPL270115C00230000,90.1,92.45,91.275,84.4,0.0,0.0,0.0,10821.0,0.3157,0.9457,0.0016,0.2366,-0.0109,0.9401,91.7119,0.0,0.0,0.0,85.7250022888184,no_change,2026-08-05T15:36:48,204.0,13.0
AAPL,2027-01-15,162,Put,230.0,AAPL270115P00230000,1.72,1.85,1.7850000000000001,1.81,-0.245,-11.9221,20.0,15810.0,0.3368,-0.0553,0.0016,0.2402,-0.0239,-0.0792,1.7682,1.84,1.84,1.79,2.0550000667572,no_change,2026-08-06T09:46:28,221.0,191.0
AAPL,2027-01-15,162,Call,235.0,AAPL270115C00235000,85.5,88.05,86.775,78.35,0.0,0.0,0.0,352.0,0.317,0.937,0.0018,0.2655,-0.0141,0.9486,87.1096,0.0,0.0,0.0,81.375,up,2026-08-04T11:43:51,203.0,16.0
AAPL,2027-01-15,162,Put,235.0,AAPL270115P00235000,2.03,2.17,2.0999999999999996,2.06,-0.325,-13.6268,10.0,1519.0,0.3316,-0.0642,0.0018,0.2687,-0.0264,-0.0915,2.0717,2.08,2.08,2.06,2.38499999046326,no_change,2026-08-06T09:46:28,17.0,134.0
AAPL,2027-01-15,162,Call,240.0,AAPL270115C00240000,80.9,83.45,82.17500000000001,76.3,0.0,0.0,0.0,9284.0,0.3114,0.9272,0.002,0.2963,-0.0174,0.9553,82.557,0.0,0.0,0.0,76.75,down,2026-08-05T14:55:08,472.0,64.0
AAPL,2027-01-15,162,Put,240.0,AAPL270115P00240000,2.38,2.53,2.455,2.47,-0.32,-11.4695,11.0,59300.0,0.3262,-0.0743,0.0021,0.3002,-0.0292,-0.1056,2.4245,2.52,2.52,2.47,2.78999996185303,no_change,2026-08-06T09:45:32,55.0,261.0
AAPL,2027-01-15,162,Call,245.0,AAPL270115C00245000,76.45,78.9,77.67500000000001,72.45,0.0,0.0,0.0,3286.0,0.3078,0.916,0.0023,0.3299,-0.0209,0.9598,78.0604,0.0,0.0,0.0,72.9500007629394,up,2026-08-04T15:55:00,240.0,15.0
AAPL,2027-01-15,162,Put,245.0,AAPL270115P00245000,2.79,2.95,2.87,3.35,0.0,0.0,0.0,3996.0,0.3211,-0.0858,0.0023,0.3347,-0.032,-0.1219,2.8365,0.0,0.0,0.0,3.30000007152557,up,2026-08-05T14:27:56,15.0,242.0
AAPL,2027-01-15,162,Call,250.0,AAPL270115C00250000,71.85,74.75,73.3,69.4,0.0,0.0,0.0,16254.0,0.3059,0.9033,0.0026,0.3656,-0.0245,0.9617,73.6285,0.0,0.0,0.0,68.4500007629394,up,2026-08-05T15:57:42,261.0,133.0
AAPL,2027-01-15,162,Put,250.0,AAPL270115P00250000,3.25,3.45,3.35,3.47,-0.405,-10.4516,10.0,21001.0,0.3162,-0.0988,0.0026,0.3701,-0.0351,-0.1392,3.314,3.47,3.47,3.47,3.875,no_change,2026-08-06T09:37:09,117.0,372.0
AAPL,2027-01-15,162,Call,255.0,AAPL270115C00255000,67.6,69.9,68.75,68.5,4.325,6.73939,1.0,2695.0,0.2972,0.8891,0.0029,0.4031,-0.0282,0.9613,69.269,68.5,68.5,68.5,64.1749992370606,up,2026-08-06T09:43:36,486.0,11.0
AAPL,2027-01-15,162,Put,255.0,AAPL270115P00255000,3.8,4.0,3.9,4.0,-0.5,-11.1111,3.0,4183.0,0.3115,-0.1135,0.003,0.4099,-0.0383,-0.1597,3.8657,4.0,4.0,4.0,4.5,down,2026-08-06T09:38:34,42.0,138.0
AAPL,2027-01-15,162,Call,260.0,AAPL270115C00260000,63.3,65.8,64.55,61.57,0.0,0.0,0.0,9596.0,0.2951,0.8731,0.0032,0.4429,-0.0321,0.9577,64.9816,0.0,0.0,0.0,60.3249988555908,up,2026-08-05T15:56:34,193.0,77.0
AAPL,2027-01-15,162,Put,260.0,AAPL270115P00260000,4.4,4.65,4.525,4.65,-0.6,-11.4286,1.0,13002.0,0.3068,-0.1299,0.0033,0.4482,-0.0416,-0.181,4.5036,4.65,4.65,4.65,5.25,down,2026-08-06T09:38:39,96.0,277.0
AAPL,2027-01-15,162,Call,265.0,AAPL270115C00265000,59.15,61.5,60.325,60.75,4.825,8.62762,2.0,2260.0,0.292,0.8555,0.0036,0.4832,-0.0359,0.9516,60.8048,60.75,60.75,60.75,55.9250011444092,up,2026-08-06T09:32:24,737.0,14.0
AAPL,2027-01-15,162,Put,265.0,AAPL270115P00265000,5.1,5.3,5.199999999999999,5.25,-0.8,-13.2231,12.0,3652.0,0.3018,-0.1479,0.0037,0.49,-0.0449,-0.2057,5.2241,5.25,5.25,5.25,6.04999995231628,no_change,2026-08-06T09:46:46,260.0,38.0
AAPL,2027-01-15,162,Call,270.0,AAPL270115C00270000,55.05,57.2,56.125,56.5,4.55,8.75842,17.0,12037.0,0.2867,0.836,0.0039,0.525,-0.0398,0.942,56.719,56.15,56.55,55.65,51.9500007629394,no_change,2026-08-06T09:45:54,495.0,32.0
AAPL,2027-01-15,162,Put,270.0,AAPL270115P00270000,5.9,6.2,6.050000000000001,6.25,-0.725,-10.3943,2.0,18202.0,0.2979,-0.1684,0.004,0.5317,-0.0483,-0.2318,6.0704,6.25,6.25,6.25,6.97500014305115,no_change,2026-08-06T09:38:39,277.0,128.0
AAPL,2027-01-15,162,Call,275.0,AAPL270115C00275000,51.05,53.5,52.275,47.22,0.0,0.0,0.0,916.0,0.2862,0.8146,0.0043,0.5664,-0.0436,0.9295,52.7451,0.0,0.0,0.0,47.5,down,2026-08-05T15:11:21,188.0,27.0
AAPL,2027-01-15,162,Put,275.0,AAPL270115P00275000,6.9,7.2,7.050000000000001,8.25,0.0,0.0,0.0,5920.0,0.2954,-0.1902,0.0044,0.5733,-0.0517,-0.2613,7.0076,0.0,0.0,0.0,8.07499980926514,up,2026-08-05T15:15:46,14.0,511.0
AAPL,2027-01-15,162,Call,280.0,AAPL270115C00280000,47.4,49.35,48.375,47.0,2.65,5.9752,2.0,31214.0,0.2809,0.7913,0.0047,0.6079,-0.0474,0.9135,48.8922,47.45,47.45,47.0,44.3500003814697,down,2026-08-06T09:38:44,232.0,41.0
AAPL,2027-01-15,162,Put,280.0,AAPL270115P00280000,7.95,8.25,8.1,8.05,-1.25,-13.4409,35.0,19619.0,0.2913,-0.2146,0.0048,0.6156,-0.055,-0.2912,8.0963,8.05,8.3,8.05,9.30000019073486,down,2026-08-06T09:46:20,38.0,179.0
AAPL,2027-01-15,162,Call,285.0,AAPL270115C00285000,44.1,45.85,44.975,45.2,4.925,12.2284,2.0,2951.0,0.2851,0.7661,0.005,0.6478,-0.0509,0.8942,45.1635,45.1,45.2,45.1,40.2749996185303,up,2026-08-06T09:46:48,495.0,250.0
AAPL,2027-01-15,162,Put,285.0,AAPL270115P00285000,9.2,9.45,9.325,9.7,-1.0,-9.3458,8.0,3288.0,0.2881,-0.2409,0.0052,0.6556,-0.0581,-0.3255,9.3121,9.65,9.7,9.65,10.7000002861023,up,2026-08-06T09:38:46,10.0,26.0
AAPL,2027-01-15,162,Call,290.0,AAPL270115C00290000,40.3,42.05,41.175,40.92,3.895,10.5199,3.0,10778.0,0.2789,0.7392,0.0054,0.686,-0.0543,0.8718,41.5846,40.0,40.92,40.0,37.0249996185303,up,2026-08-06T09:43:38,460.0,108.0
AAPL,2027-01-15,162,Put,290.0,AAPL270115P00290000,10.55,10.85,10.7,11.8,0.0,0.0,0.0,9074.0,0.2852,-0.269,0.0056,0.6938,-0.061,-0.3583,10.6771,0.0,0.0,0.0,12.2249999046326,down,2026-08-05T15:58:52,1.0,85.0
AAPL,2027-01-15,162,Call,295.0,AAPL270115C00295000,37.2,38.75,37.975,37.4,3.5,10.3245,1.0,7900.0,0.2796,0.7106,0.0057,0.7214,-0.0573,0.8461,38.1583,37.4,37.4,37.4,33.8999996185303,up,2026-08-06T09:43:33,598.0,41.0
AAPL,2027-01-15,162,Put,295.0,AAPL270115P00295000,12.0,12.4,12.2,12.35,-1.6,-11.4695,10.0,9480.0,0.2824,-0.2985,0.006,0.7281,-0.0637,-0.3936,12.1763,12.35,12.35,12.35,13.9500002861023,down,2026-08-06T09:32:03,209.0,204.0
AAPL,2027-01-15,162,Call,300.0,AAPL270115C00300000,34.65,35.45,35.05,35.0,4.1,13.2686,62.0,66282.0,0.2806,0.6804,0.0061,0.7532,-0.06,0.8178,34.8914,33.95,35.0,33.45,30.9000005722046,up,2026-08-06T09:47:12,171.0,173.0
AAPL,2027-01-15,162,Put,300.0,AAPL270115P00300000,13.75,14.1,13.925,14.06,-1.765,-11.1532,10.0,8691.0,0.2803,-0.3301,0.0064,0.7593,-0.066,-0.4291,13.8627,14.06,14.06,14.06,15.8249998092651,no_change,2026-08-06T09:45:28,129.0,101.0
AAPL,2027-01-15,162,Call,305.0,AAPL270115C00305000,30.95,32.4,31.674999999999997,32.0,4.025,14.3878,45.0,3931.0,0.2745,0.649,0.0063,0.7809,-0.0623,0.7864,31.8009,30.8,32.0,30.46,27.9749994277954,no_change,2026-08-06T09:47:06,407.0,589.0
AAPL,2027-01-15,162,Put,305.0,AAPL270115P00305000,15.55,16.0,15.775,15.86,-2.09,-11.6435,2.0,7193.0,0.2777,-0.3634,0.0067,0.785,-0.068,-0.4651,15.729,16.01,16.01,15.86,17.9499998092651,down,2026-08-06T09:46:25,101.0,315.0
AAPL,2027-01-15,162,Call,310.0,AAPL270115C00310000,28.25,29.2,28.725,28.6,3.275,12.9319,63.0,27671.0,0.273,0.6164,0.0066,0.8036,-0.0642,0.753,28.8765,27.85,29.15,27.65,25.3249998092651,up,2026-08-06T09:45:28,270.0,22.0
AAPL,2027-01-15,162,Put,310.0,AAPL270115P00310000,17.65,18.05,17.85,18.25,-2.025,-9.98767,2.0,22198.0,0.2758,-0.3979,0.007,0.8062,-0.0696,-0.5003,17.7799,18.25,18.25,18.25,20.2750005722046,down,2026-08-06T09:39:21,38.0,117.0
AAPL,2027-01-15,162,Call,315.0,AAPL270115C00315000,26.0,26.6,26.3,26.35,3.475,15.1913,227.0,13066.0,0.2744,0.583,0.0068,0.8212,-0.0656,0.717,26.1322,25.25,26.35,25.1,22.875,up,2026-08-06T09:47:06,347.0,201.0
AAPL,2027-01-15,162,Put,315.0,AAPL270115P00315000,19.85,20.3,20.075000000000003,20.71,-1.915,-8.46409,201.0,10601.0,0.2736,-0.4335,0.0072,0.8205,-0.0708,-0.534,20.0182,20.4,20.71,20.4,22.625,up,2026-08-06T09:36:05,43.0,118.0
AAPL,2027-01-15,162,Call,320.0,AAPL270115C00320000,23.45,24.0,23.725,23.76,3.235,15.7613,104.0,35063.0,0.2719,0.549,0.0069,0.8328,-0.0665,0.6802,23.5696,23.15,23.76,22.5,20.5249996185303,up,2026-08-06T09:47:13,462.0,140.0
AAPL,2027-01-15,162,Put,320.0,AAPL270115P00320000,22.35,22.75,22.55,25.4,0.0,0.0,0.0,6694.0,0.2724,-0.4699,0.0074,0.8284,-0.0715,-0.5664,22.4536,0.0,0.0,0.0,25.3249998092651,down,2026-08-05T15:28:01,12.0,70.0
AAPL,2027-01-15,162,Call,325.0,AAPL270115C00325000,21.05,21.5,21.275,20.9,2.55,13.8965,1.0,2879.0,0.2707,0.5149,0.007,0.8385,-0.0669,0.6413,21.1906,20.9,20.9,20.9,18.3500003814697,up,2026-08-06T09:30:01,477.0,19.0
AAPL,2027-01-15,162,Put,325.0,AAPL270115P00325000,24.95,25.45,25.2,28.37,0.0,0.0,0.0,1722.0,0.2711,-0.5067,0.0075,0.8294,-0.0717,-0.5937,25.083,0.0,0.0,0.0,28.3249998092651,up,2026-08-05T13:55:04,6.0,78.0
AAPL,2027-01-15,162,Call,330.0,AAPL270115C00330000,18.9,19.35,19.125,19.15,2.8,17.1254,40.0,19690.0,0.2699,0.4808,0.007,0.8383,-0.0669,0.6026,18.9932,18.72,19.15,18.0,16.3500003814697,up,2026-08-06T09:46:42,193.0,23.0
AAPL,2027-01-15,162,Put,330.0,AAPL270115P00330000,27.75,28.3,28.025,31.75,0.0,0.0,0.0,1838.0,0.2697,-0.5437,0.0076,0.8223,-0.0715,-0.6195,27.9105,0.0,0.0,0.0,31.25,no_change,2026-08-05T14:54:07,97.0,91.0
AAPL,2027-01-15,162,Call,335.0,AAPL270115C00335000,16.85,17.3,17.075000000000003,16.5,1.9,13.0137,27.0,4670.0,0.2684,0.4471,0.007,0.832,-0.0663,0.5628,16.9743,15.35,17.0,15.35,14.5999999046326,down,2026-08-06T09:34:03,226.0,26.0
AAPL,2027-01-15,162,Put,335.0,AAPL270115P00335000,30.6,31.6,31.1,34.9,0.0,0.0,0.0,1440.0,0.2693,-0.5806,0.0077,0.8099,-0.0708,-0.6366,30.9306,0.0,0.0,0.0,34.5,down,2026-08-05T13:07:17,90.0,127.0
AAPL,2027-01-15,162,Call,340.0,AAPL270115C00340000,15.0,15.45,15.225,15.3,2.4,18.6047,15.0,7925.0,0.2675,0.4141,0.0069,0.8205,-0.0653,0.5242,15.1286,15.0,15.3,14.6,12.9000000953674,up,2026-08-06T09:46:31,122.0,21.0
AAPL,2027-01-15,162,Put,340.0,AAPL270115P00340000,33.85,35.1,34.475,38.2,0.0,0.0,0.0,2711.0,0.2705,-0.6172,0.0077,0.7888,-0.0698,-0.6508,34.1405,0.0,0.0,0.0,38.1750011444092,down,2026-08-05T10:46:42,88.0,139.0
AAPL,2027-01-15,162,Call,345.0,AAPL270115C00345000,13.35,13.75,13.55,13.27,1.87,16.4035,2.0,1673.0,0.2668,0.3821,0.0068,0.8034,-0.0638,0.4852,13.4487,13.27,13.27,13.27,11.4000000953674,up,2026-08-06T09:45:46,133.0,18.0
AAPL,2027-01-15,162,Put,345.0,AAPL270115P00345000,37.15,39.1,38.125,42.1,0.0,0.0,0.0,618.0,0.2734,-0.6529,0.0076,0.7624,-0.0683,-0.6553,37.528,0.0,0.0,0.0,41.8999996185303,no_change,2026-08-05T15:09:08,35.0,218.0
AAPL,2027-01-15,162,Call,350.0,AAPL270115C00350000,11.95,12.25,12.1,12.09,2.04,20.2985,263.0,26830.0,0.2672,0.3512,0.0066,0.782,-0.0621,0.4481,11.927,11.49,12.1,11.1,10.0499997138977,down,2026-08-06T09:47:10,317.0,102.0
AAPL,2027-01-15,162,Put,350.0,AAPL270115P00350000,40.7,42.55,41.625,44.45,0.0,0.0,0.0,603.0,0.2721,-0.688,0.0075,0.7274,-0.0666,-0.6571,41.1039,0.0,0.0,0.0,45.3250007629394,down,2026-08-05T10:58:44,112.0,272.0
AAPL,2027-01-15,162,Call,355.0,AAPL270115C00355000,10.55,10.85,10.7,9.95,1.05,11.7978,12.0,2936.0,0.2651,0.3217,0.0064,0.7564,-0.06,0.4116,10.553,10.25,10.5,9.9,8.90000009536743,up,2026-08-06T09:38:46,85.0,66.0
AAPL,2027-01-15,162,Put,355.0,AAPL270115P00355000,44.45,46.7,45.575,49.65,0.0,0.0,0.0,96.0,0.2752,-0.7217,0.0074,0.6893,-0.0646,-0.6462,44.8344,0.0,0.0,0.0,49.5750007629394,up,2026-08-05T13:08:44,19.0,211.0
AAPL,2027-01-15,162,Call,360.0,AAPL270115C00360000,9.15,9.65,9.4,9.1,1.325,17.0418,238.0,11790.0,0.2653,0.2937,0.0062,0.7275,-0.0576,0.377,9.3185,9.0,9.3,8.79,7.77500009536743,up,2026-08-06T09:45:13,171.0,167.0
AAPL,2027-01-15,162,Put,360.0,AAPL270115P00360000,48.0,50.6,49.3,53.35,0.0,0.0,0.0,195.0,0.2729,-0.7546,0.0072,0.6408,-0.0623,-0.6343,48.7381,0.0,0.0,0.0,53.5750007629394,no_change,2026-08-04T14:11:22,134.0,543.0
AAPL,2027-01-15,162,Call,365.0,AAPL270115C00365000,8.05,8.5,8.275,7.76,0.935,13.6996,1.0,4638.0,0.2649,0.2673,0.0059,0.696,-0.055,0.3441,8.2114,7.76,7.76,7.76,6.82499980926514,up,2026-08-06T09:40:45,330.0,122.0
AAPL,2027-01-15,162,Put,365.0,AAPL270115P00365000,52.35,54.6,53.475,56.55,0.0,0.0,0.0,49.0,0.2757,-0.7858,0.007,0.5944,-0.0597,-0.6076,52.7748,0.0,0.0,0.0,57.5499992370606,down,2026-08-05T10:58:10,26.0,530.0
AAPL,2027-01-15,162,Call,370.0,AAPL270115C00370000,7.1,7.45,7.275,7.1,1.125,18.8284,5.0,9115.0,0.2646,0.2424,0.0056,0.662,-0.0523,0.3127,7.2208,7.08,7.1,6.95,5.97500014305115,up,2026-08-06T09:31:40,172.0,16.0
AAPL,2027-01-15,162,Put,370.0,AAPL270115P00370000,56.6,58.8,57.7,61.9,0.0,0.0,0.0,47.0,0.2774,-0.8159,0.0068,0.539,-0.057,-0.5618,56.9587,0.0,0.0,0.0,62.2750015258789,down,2026-08-04T14:11:23,8.0,542.0
AAPL,2027-01-15,162,Call,375.0,AAPL270115C00375000,6.2,6.55,6.375,6.25,1.0,19.0476,23.0,2748.0,0.2643,0.2193,0.0053,0.6273,-0.0494,0.2838,6.3406,6.3,6.3,6.02,5.25,up,2026-08-06T09:45:46,160.0,9.0
AAPL,2027-01-15,162,Put,375.0,AAPL270115P00375000,60.6,63.1,61.85,73.04,0.0,0.0,0.0,9.0,0.2757,-0.8447,0.0066,0.481,-0.0548,-0.534,61.2758,0.0,0.0,0.0,66.6999969482422,down,2026-07-31T14:52:36,91.0,490.0
AAPL,2027-01-15,162,Call,380.0,AAPL270115C00380000,5.4,5.75,5.575,5.27,0.695,15.1913,39.0,6055.0,0.2641,0.1979,0.005,0.591,-0.0465,0.2562,5.5592,5.38,5.45,5.2,4.57499980926514,up,2026-08-06T09:42:15,209.0,26.0
AAPL,2027-01-15,162,Put,380.0,AAPL270115P00380000,65.25,67.55,66.4,101.58,0.0,0.0,0.0,0.0,0.2798,-0.8717,0.0064,0.4192,-0.052,-0.4837,65.7106,0.0,0.0,0.0,71.2750015258789,up,2026-06-25T10:13:02,8.0,461.0
AAPL,2027-01-15,162,Call,385.0,AAPL270115C00385000,4.75,5.05,4.9,3.95,0.0,0.0,0.0,1923.0,0.2646,0.1781,0.0047,0.555,-0.0436,0.2313,4.8672,0.0,0.0,0.0,4.0,up,2026-08-05T15:23:27,169.0,25.0
AAPL,2027-01-15,162,Put,385.0,AAPL270115P00385000,69.95,72.1,71.025,67.1,0.0,0.0,0.0,10.0,0.2843,-0.8969,0.006,0.35,-0.0489,-0.4138,70.2637,0.0,0.0,0.0,75.9499969482422,down,2026-07-23T09:51:09,3.0,214.0
AAPL,2027-01-15,162,Call,390.0,AAPL270115C00390000,4.15,4.4,4.275,3.9,0.4,11.4286,2.0,5003.0,0.2646,0.16,0.0044,0.5189,-0.0407,0.2079,4.2555,4.11,4.11,3.9,3.5,down,2026-08-06T09:36:57,198.0,12.0
AAPL,2027-01-15,162,Put,390.0,AAPL270115P00390000,74.2,76.8,75.5,71.6,0.0,0.0,0.0,35.0,0.283,-0.92,0.0056,0.2934,-0.0461,-0.3466,74.9123,0.0,0.0,0.0,80.75,up,2026-07-23T09:51:08,9.0,150.0
AAPL,2027-01-15,162,Call,395.0,AAPL270115C00395000,3.65,3.9,3.775,3.05,0.0,0.0,0.0,1170.0,0.2656,0.1433,0.004,0.483,-0.0379,0.1865,3.7168,0.0,0.0,0.0,3.06500005722046,down,2026-08-05T13:41:14,200.0,14.0
AAPL,2027-01-15,162,Put,395.0,AAPL270115P00395000,79.25,81.55,80.4,91.63,0.0,0.0,0.0,1.0,0.2919,-0.9402,0.0049,0.2249,-0.0395,-0.2614,79.6562,0.0,0.0,0.0,85.6750030517578,down,2026-07-31T10:46:17,5.0,132.0
AAPL,2027-01-15,162,Call,400.0,AAPL270115C00400000,3.25,3.4,3.325,3.3,0.615,22.905,123.0,9916.0,0.2666,0.1282,0.0037,0.4487,-0.0351,0.1671,3.2425,3.1,3.3,3.05,2.68500006198883,up,2026-08-06T09:46:29,73.0,45.0
AAPL,2027-01-15,162,Put,400.0,AAPL270115P00400000,83.4,86.4,84.9,91.0,0.0,0.0,0.0,1.0,0.2954,-0.9572,0.0041,0.1676,-0.0296,-0.2068,84.4768,0.0,0.0,0.0,90.125,up,2026-07-31T15:58:14,14.0,144.0
AAPL,2027-01-15,162,Call,410.0,AAPL270115C00410000,2.43,2.59,2.51,2.5,0.48,23.7624,14.0,2963.0,0.2667,0.102,0.0032,0.3827,-0.0298,0.1332,2.4621,2.35,2.5,2.35,2.01999998092651,up,2026-08-06T09:46:20,262.0,15.0
AAPL,2027-01-15,162,Put,410.0,AAPL270115P00410000,93.55,96.2,94.875,162.74,0.0,0.0,0.0,0.0,0.307,-0.9816,0.0024,0.0761,-0.0075,-0.1203,94.285,0.0,0.0,0.0,100.024997711182,down,2024-12-10T09:30:05,4.0,108.0
AAPL,2027-01-15,162,Call,420.0,AAPL270115C00420000,1.85,2.0,1.925,1.84,0.295,19.0938,10.0,3180.0,0.2683,0.0807,0.0026,0.323,-0.0251,0.1054,1.865,1.84,1.84,1.84,1.5450000166893,up,2026-08-06T09:34:53,207.0,48.0
AAPL,2027-01-15,162,Put,420.0,AAPL270115P00420000,103.6,106.15,104.875,81.55,0.0,0.0,0.0,0.0,0.3278,-0.9941,0.001,0.0218,0.0,-0.0653,104.2249,0.0,0.0,0.0,109.900001525879,no_change,2026-07-28T13:36:16,5.0,108.0
AAPL,2027-01-15,162,Call,430.0,AAPL270115C00430000,1.39,1.52,1.455,1.39,0.225,19.3133,13.0,3852.0,0.2692,0.0635,0.0022,0.2704,-0.0209,0.0831,1.4113,1.45,1.45,1.38,1.16500002145767,up,2026-08-06T09:43:36,345.0,22.0
AAPL,2027-01-15,162,Put,430.0,AAPL270115P00430000,113.45,116.1,114.775,124.69,0.0,0.0,0.0,0.0,0.3431,-0.9987,0.0003,0.0037,0.0,-0.0471,114.2093,0.0,0.0,0.0,120.0,no_change,2026-08-03T14:57:33,6.0,107.0
AAPL,2027-01-15,162,Call,440.0,AAPL270115C00440000,1.04,1.21,1.125,0.86,0.0,0.0,0.0,2428.0,0.2714,0.0499,0.0018,0.2246,-0.0174,0.0654,1.0687,0.0,0.0,0.0,0.889999985694885,down,2026-08-05T15:43:23,240.0,274.0
AAPL,2027-01-15,162,Put,440.0,AAPL270115P00440000,122.75,126.1,124.425,162.08,0.0,0.0,0.0,0.0,0.3392,-0.9999,0.0,0.0,0.0,-0.0482,124.2045,0.0,0.0,0.0,130.324996948242,down,2025-11-26T09:30:02,2.0,110.0
AAPL,2027-01-15,162,Call,450.0,AAPL270115C00450000,0.82,0.9,0.86,0.79,0.11,16.1765,40.0,15030.0,0.273,0.0392,0.0015,0.1856,-0.0143,0.0512,0.8112,0.82,0.82,0.79,0.680000007152557,down,2026-08-06T09:42:01,386.0,36.0
AAPL,2027-01-15,162,Put,450.0,AAPL270115P00450000,132.3,136.1,134.2,245.9,0.0,0.0,0.0,0.0,0.3061,-1.0,0.0,0.0,0.0,-0.0493,134.1997,0.0,0.0,0.0,140.324996948242,up,2025-06-09T12:26:33,2.0,109.0
AAPL,2027-01-15,162,Call,460.0,AAPL270115C00460000,0.54,0.73,0.635,0.43,0.0,0.0,0.0,249.0,0.2733,0.0307,0.0012,0.1526,-0.0117,0.0401,0.6153,0.0,0.0,0.0,0.510000005364418,down,2026-08-05T10:32:57,299.0,416.0
AAPL,2027-01-15,162,Put,460.0,AAPL270115P00460000,142.3,146.05,144.175,0.0,0.0,0.0,0.0,0.0,0.0,-1.0,0.0,0.0,0.0,-0.0504,144.1949,0.0,0.0,0.0,150.324996948242,no_change,,1.0,105.0
AAPL,2027-01-15,162,Call,470.0,AAPL270115C00470000,0.39,0.58,0.485,0.49,0.095,24.0506,5.0,357.0,0.275,0.0242,0.001,0.1254,-0.0096,0.0316,0.4712,0.49,0.49,0.49,0.395000010728836,no_change,2026-08-06T09:30:10,321.0,354.0
AAPL,2027-01-15,162,Put,470.0,AAPL270115P00470000,152.3,156.05,154.175,0.0,0.0,0.0,0.0,0.0,0.0,-1.0,0.0,0.0,0.0,-0.0515,154.1901,0.0,0.0,0.0,160.324996948242,no_change,,2.0,110.0
AAPL,2027-01-15,162,Call,480.0,AAPL270115C00480000,0.3,0.45,0.375,0.28,0.0,0.0,0.0,8818.0,0.2771,0.0191,0.0008,0.1034,-0.0079,0.0249,0.3633,0.0,0.0,0.0,0.315000012516975,down,2026-08-05T10:30:51,272.0,219.0
AAPL,2027-01-15,162,Put,480.0,AAPL270115P00480000,162.3,166.05,164.175,0.0,0.0,0.0,0.0,0.0,0.3649,-1.0,0.0,0.0,0.0,-0.0526,164.1853,0.0,0.0,0.0,170.299995422363,no_change,,4.0,110.0
AAPL,2027-01-15,162,Call,490.0,AAPL270115C00490000,0.19,0.34,0.265,0.2,0.0,0.0,0.0,768.0,0.2759,0.0152,0.0006,0.0852,-0.0066,0.0198,0.2825,0.0,0.0,0.0,0.234999999403954,no_change,2026-08-04T10:30:11,502.0,226.0
AAPL,2027-01-15,162,Put,490.0,AAPL270115P00490000,172.3,176.05,174.175,0.0,0.0,0.0,0.0,0.0,0.0,-1.0,0.0,0.0,0.0,-0.0537,174.1805,0.0,0.0,0.0,180.25,no_change,,1.0,110.0
AAPL,2027-01-15,162,Call,500.0,AAPL270115C00500000,0.18,0.25,0.215,0.24,0.06,33.3333,231.0,11826.0,0.2795,0.0122,0.0005,0.0709,-0.0055,0.0159,0.2229,0.13,0.24,0.13,0.179999999701977,no_change,2026-08-06T09:46:29,196.0,61.0
AAPL,2027-01-15,162,Put,500.0,AAPL270115P00500000,182.3,186.05,184.175,0.0,0.0,0.0,0.0,0.0,0.0,-1.0,0.0,0.0,0.0,-0.0548,184.1757,0.0,0.0,0.0,190.299995422363,no_change,,3.0,109.0
AAPL,2027-01-15,162,Call,510.0,AAPL270115C00510000,0.09,0.22,0.155,0.08,0.0,0.0,0.0,209.0,0.2791,0.0098,0.0004,0.059,-0.0046,0.0128,0.1772,0.0,0.0,0.0,0.154999997466803,down,2026-08-05T10:19:47,321.0,219.0
AAPL,2027-01-15,162,Put,510.0,AAPL270115P00510000,192.25,196.0,194.125,0.0,0.0,0.0,0.0,0.0,0.0,-1.0,0.0,0.0,0.0,-0.0559,194.1709,0.0,0.0,0.0,200.299995422363,no_change,,4.0,101.0
AAPL,2027-01-15,162,Call,520.0,AAPL270115C00520000,0.07,0.18,0.125,0.14,0.0,0.0,0.0,4646.0,0.2824,0.008,0.0004,0.0496,-0.0038,0.0104,0.1426,0.0,0.0,0.0,0.115000002086163,up,2026-08-04T13:59:41,147.0,115.0
AAPL,2027-01-15,162,Put,520.0,AAPL270115P00520000,202.35,206.0,204.175,0.0,0.0,0.0,0.0,0.0,0.416,-1.0,0.0,0.0,0.0,-0.057,204.1661,0.0,0.0,0.0,210.25,no_change,,1.0,105.0
AAPL,2027-01-15,162,Call,530.0,AAPL270115C00530000,0.04,0.17,0.10500000000000001,0.11,0.0,0.0,0.0,4454.0,0.2866,0.0066,0.0003,0.042,-0.0033,0.0086,0.1164,0.0,0.0,0.0,0.105000000447035,up,2026-08-04T15:49:56,131.0,134.0
AAPL,2027-01-15,162,Put,530.0,AAPL270115P00530000,212.7,216.0,214.35,260.32,0.0,0.0,0.0,0.0,0.4857,-1.0,0.0,0.0,0.0,-0.0581,214.1613,0.0,0.0,0.0,220.299995422363,up,2025-11-19T09:49:13,2.0,105.0
AAPL,2027-01-15,162,Call,540.0,AAPL270115C00540000,0.01,0.37,0.19,0.07,0.0,0.0,0.0,731.0,0.3159,0.0055,0.0002,0.0358,-0.0028,0.0072,0.0961,0.0,0.0,0.0,0.100000003352761,up,2026-07-31T10:29:20,160.0,206.0
AAPL,2027-01-15,162,Put,540.0,AAPL270115P00540000,222.35,226.0,224.175,0.0,0.0,0.0,0.0,0.0,0.4496,-1.0,0.0,0.0,0.0,-0.0592,224.1565,0.0,0.0,0.0,230.299995422363,no_change,,1.0,105.0
AAPL,2027-01-15,162,Call,550.0,AAPL270115C00550000,0.01,0.14,0.07500000000000001,0.06,0.0,0.0,0.0,6985.0,0.2948,0.0046,0.0002,0.0308,-0.0024,0.006,0.0805,0.0,0.0,0.0,0.0750000011175871,no_change,2026-08-05T14:28:43,326.0,307.0
AAPL,2027-01-15,162,Put,550.0,AAPL270115P00550000,232.45,236.0,234.225,274.35,0.0,0.0,0.0,0.0,0.4849,-1.0,0.0,0.0,0.0,-0.0171,234.1517,0.0,0.0,0.0,240.299995422363,down,2025-12-24T12:56:42,1.0,104.0
AAPL,2027-01-15,162,Call,560.0,AAPL270115C00560000,0.01,0.49,0.25,0.09,0.0,0.0,0.0,23.0,0.3457,0.004,0.0002,0.0267,-0.0021,0.0051,0.0681,0.0,0.0,0.0,0.190000002272427,up,2026-07-31T14:58:37,54.0,44.0
AAPL,2027-01-15,162,Put,560.0,AAPL270115P00560000,242.45,246.0,244.225,0.0,0.0,0.0,0.0,0.0,0.4988,-1.0,0.0,0.0,0.0,0.0,244.15,0.0,0.0,0.0,250.299995422363,no_change,,2.0,105.0
AAPL,2027-01-15,162,Call,570.0,AAPL270115C00570000,0.01,0.4,0.20500000000000002,0.1,0.0,0.0,0.0,52.0,0.3469,0.0034,0.0002,0.0233,-0.0019,0.0044,0.0584,0.0,0.0,0.0,0.105000001378357,no_change,2026-08-05T11:55:52,115.0,146.0
AAPL,2027-01-15,162,Put,570.0,AAPL270115P00570000,252.15,256.0,254.075,0.0,0.0,0.0,0.0,0.0,0.0,-1.0,0.0,0.0,0.0,0.0,254.15,0.0,0.0,0.0,260.275009155273,no_change,,2.0,101.0
AAPL,2027-01-15,162,Call,580.0,AAPL270115C00580000,0.01,0.48,0.245,0.17,0.0,0.0,0.0,121.0,0.3634,0.003,0.0001,0.0205,-0.0017,0.0038,0.0505,0.0,0.0,0.0,0.090000000782311,up,2026-08-05T11:55:29,144.0,280.0
AAPL,2027-01-15,162,Put,580.0,AAPL270115P00580000,262.25,266.0,264.125,0.0,0.0,0.0,0.0,0.0,0.0,-1.0,0.0,0.0,0.0,0.0,264.15,0.0,0.0,0.0,270.175003051758,no_change,,1.0,101.0
AAPL,2027-01-15,162,Call,590.0,AAPL270115C00590000,0.01,0.19,0.1,0.1,0.0,0.0,0.0,67.0,0.3378,0.0026,0.0001,0.0182,-0.0015,0.0033,0.0442,0.0,0.0,0.0,0.105000001378357,no_change,2026-08-04T14:58:31,193.0,154.0
AAPL,2027-01-15,162,Put,590.0,AAPL270115P00590000,272.3,276.0,274.15,0.0,0.0,0.0,0.0,0.0,0.0,-1.0,0.0,0.0,0.0,0.0,274.15,0.0,0.0,0.0,280.275009155273,no_change,,1.0,110.0
AAPL,2027-01-15,162,Call,600.0,AAPL270115C00600000,0.01,0.06,0.034999999999999996,0.01,-0.025,-71.4286,2.0,11431.0,0.3144,0.0022,0.0001,0.0161,-0.0013,0.0029,0.0387,0.06,0.06,0.01,0.034999999217689,down,2026-08-06T09:42:54,24.0,400.0
AAPL,2027-01-15,162,Put,600.0,AAPL270115P00600000,282.15,286.0,284.075,274.25,0.0,0.0,0.0,0.0,0.0,-1.0,0.0,0.0,0.0,0.0,284.15,0.0,0.0,0.0,290.275009155273,down,2026-07-20T11:34:53,4.0,109.0
AAPL,2027-02-19,197,Call,5.0,AAPL270219C00005000,308.9,312.25,310.575,299.6,0.0,0.0,0.0,3.0,0.0,1.0,0.0,0.0,0.0,0.0004,310.8578,0.0,0.0,0.0,304.675003051758,no_change,2026-06-08T14:33:34,2.0,2.0
AAPL,2027-02-19,197,Put,5.0,AAPL270219P00005000,0.0,0.11,0.055,0.01,0.0,0.0,0.0,4.0,2.1317,0.0,0.0,0.0001,0.0,0.0,0.0013,0.0,0.0,0.0,0.00999999977648258,no_change,2026-06-18T13:32:14,0.0,13.0
AAPL,2027-02-19,197,Call,10.0,AAPL270219C00010000,304.05,307.9,305.975,0.0,0.0,0.0,0.0,0.0,2.0352,1.0,0.0,0.0,0.0,0.0065,305.8614,0.0,0.0,0.0,299.649993896484,no_change,,105.0,2.0
AAPL,2027-02-19,197,Put,10.0,AAPL270219P00010000,0.0,0.28,0.14,0.0,0.0,0.0,0.0,0.0,1.9213,0.0,0.0,0.0003,-0.0001,-0.0001,0.0025,0.0,0.0,0.0,0.234999999403954,no_change,,0.0,215.0
AAPL,2027-02-19,197,Call,15.0,AAPL270219C00015000,299.2,302.7,300.95,0.0,0.0,0.0,0.0,0.0,1.5842,1.0,0.0,0.0001,0.0,0.0389,300.8988,0.0,0.0,0.0,294.875,no_change,,100.0,1.0
AAPL,2027-02-19,197,Put,15.0,AAPL270219P00015000,0.0,0.28,0.14,0.0,0.0,0.0,0.0,0.0,1.6725,0.0,0.0,0.0005,-0.0001,-0.0001,0.0037,0.0,0.0,0.0,0.234999999403954,no_change,,0.0,211.0
AAPL,2027-02-19,197,Call,20.0,AAPL270219C00020000,294.3,298.0,296.15,319.94,0.0,0.0,0.0,2.0,1.5938,1.0,0.0,0.0004,0.0,0.0574,295.9587,0.0,0.0,0.0,289.899993896484,up,2026-07-28T15:40:21,100.0,2.0
AAPL,2027-02-19,197,Put,20.0,AAPL270219P00020000,0.0,0.48,0.24,0.0,0.0,0.0,0.0,0.0,1.6037,-0.0001,0.0,0.0007,-0.0002,-0.0001,0.005,0.0,0.0,0.0,0.234999999403954,no_change,,0.0,218.0
AAPL,2027-02-19,197,Call,25.0,AAPL270219C00025000,289.4,293.0,291.2,0.0,0.0,0.0,0.0,0.0,1.3989,1.0,0.0,0.0008,0.0,0.125,291.0552,0.0,0.0,0.0,284.949996948242,no_change,,5.0,1.0
AAPL,2027-02-19,197,Put,25.0,AAPL270219P00025000,0.0,0.28,0.14,0.0,0.0,0.0,0.0,0.0,1.3749,-0.0001,0.0,0.0009,-0.0002,-0.0002,0.0066,0.0,0.0,0.0,0.234999999403954,no_change,,0.0,209.0
AAPL,2027-02-19,197,Call,30.0,AAPL270219C00030000,284.5,288.0,286.25,0.0,0.0,0.0,0.0,0.0,1.2192,1.0,0.0,0.0011,0.0,0.1498,286.1704,0.0,0.0,0.0,280.174987792969,no_change,,100.0,1.0
AAPL,2027-02-19,197,Put,30.0,AAPL270219P00030000,0.0,0.28,0.14,0.0,0.0,0.0,0.0,0.0,1.2724,-0.0001,0.0,0.0012,-0.0003,-0.0003,0.0083,0.0,0.0,0.0,0.234999999403954,no_change,,0.0,213.0
AAPL,2027-02-19,197,Call,35.0,AAPL270219C00035000,279.6,283.3,281.45000000000005,0.0,0.0,0.0,0.0,0.0,1.2254,1.0,0.0,0.0014,0.0,0.1746,281.2858,0.0,0.0,0.0,275.25,no_change,,5.0,2.0
AAPL,2027-02-19,197,Put,35.0,AAPL270219P00035000,0.0,0.28,0.14,0.0,0.0,0.0,0.0,0.0,1.1869,-0.0002,0.0,0.0015,-0.0003,-0.0003,0.0102,0.0,0.0,0.0,0.234999999403954,no_change,,0.0,210.0
AAPL,2027-02-19,197,Call,40.0,AAPL270219C00040000,274.75,278.25,276.5,0.0,0.0,0.0,0.0,0.0,1.0924,1.0,0.0,0.0017,0.0,0.1995,276.4014,0.0,0.0,0.0,270.350006103516,no_change,,100.0,1.0
AAPL,2027-02-19,197,Put,40.0,AAPL270219P00040000,0.0,0.48,0.24,0.0,0.0,0.0,0.0,0.0,1.186,-0.0002,0.0,0.0019,-0.0004,-0.0004,0.0123,0.0,0.0,0.0,0.234999999403954,no_change,,0.0,315.0
AAPL,2027-02-19,197,Call,45.0,AAPL270219C00045000,269.85,273.5,271.675,0.0,0.0,0.0,0.0,0.0,1.0811,1.0,0.0,0.0022,0.0,0.2243,271.5172,0.0,0.0,0.0,265.475006103516,no_change,,5.0,2.0
AAPL,2027-02-19,197,Put,45.0,AAPL270219P00045000,0.0,0.28,0.14,0.0,0.0,0.0,0.0,0.0,1.05,-0.0003,0.0,0.0023,-0.0005,-0.0005,0.0147,0.0,0.0,0.0,0.234999999403954,no_change,,0.0,212.0
AAPL,2027-02-19,197,Call,50.0,AAPL270219C00050000,264.9,268.25,266.575,0.0,0.0,0.0,0.0,0.0,0.0,1.0,0.0,0.0026,0.0,0.249,266.6335,0.0,0.0,0.0,260.625,no_change,,2.0,1.0
AAPL,2027-02-19,197,Put,50.0,AAPL270219P00050000,0.01,0.26,0.135,0.03,0.0,0.0,0.0,253.0,0.9895,-0.0003,0.0,0.0028,-0.0005,-0.0006,0.0173,0.0,0.0,0.0,0.124999997206032,down,2026-07-27T09:58:52,1.0,208.0
AAPL,2027-02-19,197,Call,55.0,AAPL270219C00055000,260.1,263.6,261.85,254.37,0.0,0.0,0.0,1.0,0.9312,1.0,0.0,0.0031,0.0,0.2738,261.7499,0.0,0.0,0.0,255.699996948242,down,2026-06-05T15:47:00,100.0,2.0
AAPL,2027-02-19,197,Put,55.0,AAPL270219P00055000,0.0,0.29,0.145,0.0,0.0,0.0,0.0,0.0,0.9462,-0.0004,0.0,0.0034,-0.0006,-0.0008,0.0203,0.0,0.0,0.0,0.144999995827675,no_change,,0.0,214.0
AAPL,2027-02-19,197,Call,60.0,AAPL270219C00060000,255.2,258.9,257.04999999999995,0.0,0.0,0.0,0.0,0.0,0.9411,1.0,0.0,0.0038,0.0,0.2986,256.8667,0.0,0.0,0.0,250.824996948242,no_change,,5.0,2.0
AAPL,2027-02-19,197,Put,60.0,AAPL270219P00060000,0.0,0.29,0.145,0.0,0.0,0.0,0.0,0.0,0.9,-0.0005,0.0,0.004,-0.0007,-0.0009,0.0238,0.0,0.0,0.0,0.144999995827675,no_change,,0.0,210.0
AAPL,2027-02-19,197,Call,65.0,AAPL270219C00065000,250.3,254.0,252.15,244.67,0.0,0.0,0.0,20.0,0.8894,1.0,0.0,0.0045,0.0,0.3234,251.9839,0.0,0.0,0.0,245.849998474121,up,2026-06-05T15:46:18,100.0,1.0
AAPL,2027-02-19,197,Put,65.0,AAPL270219P00065000,0.0,0.29,0.145,0.03,0.0,0.0,0.0,5.0,0.8576,-0.0006,0.0,0.0047,-0.0008,-0.0011,0.0275,0.0,0.0,0.0,0.144999995827675,down,2026-07-08T09:30:05,0.0,212.0
AAPL,2027-02-19,197,Call,70.0,AAPL270219C00070000,245.4,249.1,247.25,239.85,0.0,0.0,0.0,36.0,0.8415,0.9999,0.0,0.0052,0.0,0.3481,247.1016,0.0,0.0,0.0,241.074996948242,up,2026-06-05T15:45:59,100.0,1.0
AAPL,2027-02-19,197,Put,70.0,AAPL270219P00070000,0.0,0.29,0.145,0.0,0.0,0.0,0.0,0.0,0.8185,-0.0007,0.0,0.0055,-0.0009,-0.0012,0.0317,0.0,0.0,0.0,0.150000005960464,no_change,,0.0,206.0
AAPL,2027-02-19,197,Call,75.0,AAPL270219C00075000,240.55,244.25,242.4,234.84,0.0,0.0,0.0,36.0,0.8216,0.9998,0.0,0.006,0.0,0.3728,242.2197,0.0,0.0,0.0,236.175003051758,up,2026-06-05T15:44:16,105.0,2.0
AAPL,2027-02-19,197,Put,75.0,AAPL270219P00075000,0.0,0.3,0.15,0.0,0.0,0.0,0.0,0.0,0.7853,-0.0008,0.0,0.0064,-0.001,-0.0015,0.0363,0.0,0.0,0.0,0.150000005960464,no_change,,0.0,206.0
AAPL,2027-02-19,197,Call,80.0,AAPL270219C00080000,235.65,239.35,237.5,230.07,0.0,0.0,0.0,61.0,0.78,0.9996,0.0,0.0072,0.0,0.3974,237.3382,0.0,0.0,0.0,231.274993896484,no_change,2026-06-05T15:44:43,100.0,2.0
AAPL,2027-02-19,197,Put,80.0,AAPL270219P00080000,0.0,0.3,0.15,0.05,0.0,0.0,0.0,33.0,0.7514,-0.0009,0.0,0.0074,-0.0011,-0.0017,0.0414,0.0,0.0,0.0,0.160000001080334,no_change,2026-07-09T15:41:11,0.0,206.0
AAPL,2027-02-19,197,Call,85.0,AAPL270219C00085000,230.75,234.0,232.375,225.21,0.0,0.0,0.0,69.0,0.0,0.9995,0.0,0.0082,0.0,0.4222,232.4577,0.0,0.0,0.0,226.349998474121,up,2026-06-05T15:45:00,100.0,2.0
AAPL,2027-02-19,197,Put,85.0,AAPL270219P00085000,0.01,0.31,0.16,0.1,0.0,0.0,0.0,21.0,0.7249,-0.0011,0.0,0.0085,-0.0013,-0.002,0.0472,0.0,0.0,0.0,0.160000001080334,down,2026-07-09T15:58:13,27.0,261.0
AAPL,2027-02-19,197,Call,90.0,AAPL270219C00090000,225.9,229.65,227.775,227.43,0.0,0.0,0.0,36.0,0.7346,0.9993,0.0,0.0094,0.0,0.4468,227.5777,0.0,0.0,0.0,221.549995422363,up,2026-07-14T15:18:55,5.0,2.0
AAPL,2027-02-19,197,Put,90.0,AAPL270219P00090000,0.01,0.31,0.16,0.0,0.0,0.0,0.0,0.0,0.6948,-0.0012,0.0,0.0097,-0.0014,-0.0023,0.0537,0.0,0.0,0.0,0.164999996311963,no_change,,36.0,254.0
AAPL,2027-02-19,197,Call,95.0,AAPL270219C00095000,221.0,224.8,222.9,215.55,0.0,0.0,0.0,36.0,0.7084,0.9991,0.0,0.0107,0.0,0.4713,222.6985,0.0,0.0,0.0,216.625,up,2026-06-05T15:16:00,105.0,2.0
AAPL,2027-02-19,197,Put,95.0,AAPL270219P00095000,0.01,0.31,0.16,0.16,0.0,0.0,0.0,1.0,0.6664,-0.0014,0.0,0.0111,-0.0016,-0.0026,0.0609,0.0,0.0,0.0,0.164999996311963,up,2026-06-10T11:12:35,35.0,254.0
AAPL,2027-02-19,197,Call,100.0,AAPL270219C00100000,216.1,219.85,217.975,214.06,0.0,0.0,0.0,35.0,0.6666,0.9989,0.0,0.0125,0.0,0.496,217.82,0.0,0.0,0.0,211.774993896484,no_change,2026-06-08T09:43:33,100.0,2.0
AAPL,2027-02-19,197,Put,100.0,AAPL270219P00100000,0.01,0.3,0.155,0.0,0.0,0.0,0.0,0.0,0.6373,-0.0017,0.0,0.0127,-0.0017,-0.0031,0.0691,0.0,0.0,0.0,0.155000005848706,no_change,,40.0,242.0
AAPL,2027-02-19,197,Call,105.0,AAPL270219C00105000,211.25,214.9,213.075,209.44,0.0,0.0,0.0,56.0,0.6151,0.9987,0.0,0.0142,0.0,0.5205,212.9429,0.0,0.0,0.0,206.849998474121,up,2026-06-08T09:43:16,100.0,1.0
AAPL,2027-02-19,197,Put,105.0,AAPL270219P00105000,0.01,0.32,0.165,0.22,0.0,0.0,0.0,2.0,0.6162,-0.0019,0.0,0.0146,-0.0019,-0.0035,0.0783,0.0,0.0,0.0,0.170000006444752,no_change,2026-06-29T13:10:01,45.0,254.0
AAPL,2027-02-19,197,Call,110.0,AAPL270219C00110000,206.35,210.15,208.25,204.53,0.0,0.0,0.0,56.0,0.6295,0.9984,0.0,0.0161,0.0,0.5449,208.067,0.0,0.0,0.0,201.974998474121,no_change,2026-06-08T09:42:50,100.0,2.0
AAPL,2027-02-19,197,Put,110.0,AAPL270219P00110000,0.01,0.33,0.17,0.15,0.0,0.0,0.0,6.0,0.5939,-0.0022,0.0,0.0165,-0.0021,-0.004,0.0887,0.0,0.0,0.0,0.164999996311963,up,2026-07-17T15:46:17,44.0,255.0
AAPL,2027-02-19,197,Call,115.0,AAPL270219C00115000,201.45,205.0,203.225,178.38,0.0,0.0,0.0,54.0,0.5555,0.998,0.0001,0.0184,0.0,0.5692,203.1923,0.0,0.0,0.0,197.150001525879,down,2026-06-10T10:17:21,105.0,1.0
AAPL,2027-02-19,197,Put,115.0,AAPL270219P00115000,0.01,0.34,0.17500000000000002,0.18,0.0,0.0,0.0,26.0,0.5725,-0.0026,0.0001,0.0187,-0.0024,-0.0046,0.1006,0.0,0.0,0.0,0.119999999180436,no_change,2026-07-17T15:43:54,47.0,252.0
AAPL,2027-02-19,197,Call,120.0,AAPL270219C00120000,196.6,200.3,198.45,203.97,0.0,0.0,0.0,40.0,0.5735,0.9976,0.0001,0.0211,0.0,0.5938,198.3194,0.0,0.0,0.0,192.199996948242,up,2026-07-23T10:58:48,105.0,2.0
AAPL,2027-02-19,197,Put,120.0,AAPL270219P00120000,0.02,0.24,0.13,0.15,0.0,0.0,0.0,20.0,0.5319,-0.0029,0.0001,0.0214,-0.0026,-0.0054,0.1139,0.0,0.0,0.0,0.100000000558794,no_change,2026-08-03T15:13:37,13.0,155.0
AAPL,2027-02-19,197,Call,125.0,AAPL270219C00125000,191.7,195.1,193.39999999999998,186.12,0.0,0.0,0.0,65.0,0.4856,0.9972,0.0001,0.0239,0.0,0.6179,193.4485,0.0,0.0,0.0,187.400001525879,down,2026-06-05T15:20:24,105.0,1.0
AAPL,2027-02-19,197,Put,125.0,AAPL270219P00125000,0.04,0.17,0.10500000000000001,0.22,0.0,0.0,0.0,20.0,0.4993,-0.0034,0.0001,0.0243,-0.0029,-0.0062,0.1293,0.0,0.0,0.0,0.130000002682209,no_change,2026-05-22T14:48:54,25.0,13.0
AAPL,2027-02-19,197,Call,130.0,AAPL270219C00130000,186.85,190.1,188.475,181.48,0.0,0.0,0.0,50.0,0.4368,0.9967,0.0001,0.0271,0.0,0.6419,188.5798,0.0,0.0,0.0,182.474998474121,up,2026-06-05T15:20:49,100.0,2.0
AAPL,2027-02-19,197,Put,130.0,AAPL270219P00130000,0.05,0.2,0.125,0.0,0.0,0.0,0.0,0.0,0.489,-0.0039,0.0001,0.0276,-0.0032,-0.0071,0.147,0.0,0.0,0.0,0.150000002235174,no_change,,109.0,123.0
AAPL,2027-02-19,197,Call,135.0,AAPL270219C00135000,182.0,185.55,183.775,176.61,0.0,0.0,0.0,50.0,0.5048,0.9961,0.0001,0.031,0.0,0.6664,183.7138,0.0,0.0,0.0,177.825004577637,down,2026-06-05T15:21:12,101.0,1.0
AAPL,2027-02-19,197,Put,135.0,AAPL270219P00135000,0.08,0.22,0.15,0.37,0.0,0.0,0.0,21.0,0.4796,-0.0045,0.0001,0.0312,-0.0036,-0.0081,0.1673,0.0,0.0,0.0,0.174999997019768,down,2026-06-22T11:41:20,127.0,95.0
AAPL,2027-02-19,197,Call,140.0,AAPL270219C00140000,177.1,180.65,178.875,193.45,0.0,0.0,0.0,25.0,0.4813,0.9954,0.0001,0.0352,0.0,0.6901,178.8511,0.0,0.0,0.0,172.924995422363,down,2026-07-17T12:15:07,105.0,1.0
AAPL,2027-02-19,197,Put,140.0,AAPL270219P00140000,0.15,0.24,0.195,0.21,0.0,0.0,0.0,192.0,0.4754,-0.0052,0.0001,0.0355,-0.0039,-0.0093,0.1906,0.0,0.0,0.0,0.209999993443489,up,2026-08-05T10:29:26,47.0,278.0
AAPL,2027-02-19,197,Call,145.0,AAPL270219C00145000,172.25,175.85,174.05,188.8,0.0,0.0,0.0,57.0,0.4774,0.9946,0.0002,0.0401,0.0,0.714,173.992,0.0,0.0,0.0,168.100006103516,up,2026-07-17T12:15:07,101.0,1.0
AAPL,2027-02-19,197,Put,145.0,AAPL270219P00145000,0.13,0.27,0.2,0.26,0.0,0.0,0.0,47.0,0.4582,-0.006,0.0002,0.0404,-0.0044,-0.0108,0.2176,0.0,0.0,0.0,0.239999994635582,no_change,2026-08-03T15:13:37,109.0,130.0
AAPL,2027-02-19,197,Call,150.0,AAPL270219C00150000,167.4,171.15,169.275,186.3,0.0,0.0,0.0,67.0,0.4801,0.9937,0.0002,0.0456,0.0,0.738,169.1375,0.0,0.0,0.0,163.25,up,2026-07-24T14:02:58,105.0,1.0
AAPL,2027-02-19,197,Put,150.0,AAPL270219P00150000,0.16,0.31,0.235,0.29,0.0,0.0,0.0,32.0,0.449,-0.0069,0.0002,0.0457,-0.0049,-0.0124,0.2491,0.0,0.0,0.0,0.28999999910593,up,2026-08-05T10:29:26,245.0,234.0
AAPL,2027-02-19,197,Call,155.0,AAPL270219C00155000,162.6,165.95,164.27499999999998,192.53,0.0,0.0,0.0,40.0,0.4399,0.9926,0.0002,0.0518,0.0,0.7943,164.2886,0.0,0.0,0.0,158.399993896484,up,2026-07-29T14:04:32,101.0,1.0
AAPL,2027-02-19,197,Put,155.0,AAPL270219P00155000,0.19,0.36,0.275,0.41,0.0,0.0,0.0,45.0,0.4401,-0.0079,0.0002,0.0518,-0.0054,-0.0143,0.2855,0.0,0.0,0.0,0.340000003576279,down,2026-07-15T14:28:37,141.0,141.0
AAPL,2027-02-19,197,Call,160.0,AAPL270219C00160000,157.75,161.5,159.625,147.1,0.0,0.0,0.0,25.0,0.4601,0.9914,0.0002,0.0588,0.0,0.8384,159.451,0.0,0.0,0.0,153.400001525879,down,2026-08-03T15:59:42,101.0,2.0
AAPL,2027-02-19,197,Put,160.0,AAPL270219P00160000,0.24,0.41,0.32499999999999996,0.61,0.0,0.0,0.0,31.0,0.4321,-0.0092,0.0002,0.059,-0.006,-0.0165,0.3277,0.0,0.0,0.0,0.354999989271164,up,2026-07-21T10:14:48,128.0,128.0
AAPL,2027-02-19,197,Call,165.0,AAPL270219C00165000,152.9,156.45,154.675,141.08,0.0,0.0,0.0,572.0,0.4318,0.9899,0.0003,0.0668,0.0,0.8634,154.6227,0.0,0.0,0.0,148.775001525879,up,2026-07-31T14:47:56,101.0,10.0
AAPL,2027-02-19,197,Put,165.0,AAPL270219P00165000,0.29,0.43,0.36,0.45,0.0,0.0,0.0,181.0,0.4208,-0.0106,0.0003,0.0674,-0.0067,-0.0193,0.3797,0.0,0.0,0.0,0.409999996423721,down,2026-08-04T12:57:40,120.0,108.0
AAPL,2027-02-19,197,Call,170.0,AAPL270219C00170000,148.1,151.65,149.875,144.89,0.0,0.0,0.0,46.0,0.4247,0.9883,0.0003,0.0758,0.0,0.887,149.8027,0.0,0.0,0.0,143.974998474121,down,2026-08-05T11:00:00,111.0,1.0
AAPL,2027-02-19,197,Put,170.0,AAPL270219P00170000,0.35,0.49,0.42,0.51,0.0,0.0,0.0,60.0,0.4126,-0.0123,0.0003,0.0761,-0.0075,-0.0222,0.438,0.0,0.0,0.0,0.484999984502792,down,2026-08-05T09:40:08,284.0,194.0
AAPL,2027-02-19,197,Call,175.0,AAPL270219C00175000,143.3,146.65,144.97500000000002,133.44,0.0,0.0,0.0,38.0,0.4047,0.9863,0.0004,0.0859,0.0,0.9101,144.9923,0.0,0.0,0.0,139.174995422363,down,2026-07-31T09:44:17,100.0,1.0
AAPL,2027-02-19,197,Put,175.0,AAPL270219P00175000,0.42,0.62,0.52,0.59,0.0,0.0,0.0,204.0,0.4084,-0.0143,0.0004,0.0866,-0.0084,-0.0256,0.5061,0.0,0.0,0.0,0.604999989271164,no_change,2026-08-03T15:13:37,130.0,130.0
AAPL,2027-02-19,197,Call,180.0,AAPL270219C00180000,138.5,142.1,140.3,155.02,0.0,0.0,0.0,18.0,0.4098,0.9841,0.0004,0.0974,0.0,0.9325,140.1928,0.0,0.0,0.0,134.150001525879,up,2026-07-17T12:15:05,100.0,10.0
AAPL,2027-02-19,197,Put,180.0,AAPL270219P00180000,0.52,0.71,0.615,0.71,0.0,0.0,0.0,70.0,0.4019,-0.0166,0.0004,0.0985,-0.0093,-0.0297,0.5852,0.0,0.0,0.0,0.700000017881394,down,2026-08-03T09:30:05,104.0,129.0
AAPL,2027-02-19,197,Call,185.0,AAPL270219C00185000,133.7,137.25,135.475,150.35,0.0,0.0,0.0,21.0,0.3976,0.9815,0.0005,0.1103,0.0,0.9543,135.4063,0.0,0.0,0.0,129.400001525879,up,2026-07-17T12:15:04,98.0,1.0
AAPL,2027-02-19,197,Put,185.0,AAPL270219P00185000,0.62,0.74,0.6799999999999999,0.87,0.0,0.0,0.0,113.0,0.3913,-0.0192,0.0005,0.1111,-0.0104,-0.0343,0.6777,0.0,0.0,0.0,0.804999977350235,no_change,2026-08-03T15:13:06,51.0,77.0
AAPL,2027-02-19,197,Call,190.0,AAPL270219C00190000,128.95,132.3,130.625,118.51,0.0,0.0,0.0,43.0,0.3831,0.9786,0.0006,0.1246,0.0,0.9754,130.6347,0.0,0.0,0.0,124.649997711182,down,2026-08-03T15:58:27,113.0,15.0
AAPL,2027-02-19,197,Put,190.0,AAPL270219P00190000,0.74,0.84,0.79,1.04,0.0,0.0,0.0,334.0,0.3843,-0.0222,0.0006,0.1256,-0.0116,-0.0396,0.7847,0.0,0.0,0.0,0.924999982118606,down,2026-08-03T15:47:07,53.0,190.0
AAPL,2027-02-19,197,Call,195.0,AAPL270219C00195000,124.15,127.15,125.65,134.9,0.0,0.0,0.0,9.0,0.3584,0.9751,0.0007,0.1407,0.0,0.9956,125.8802,0.0,0.0,0.0,119.899997711182,down,2026-07-22T12:53:51,114.0,12.0
AAPL,2027-02-19,197,Put,195.0,AAPL270219P00195000,0.86,0.96,0.9099999999999999,0.9,-0.11,-10.8911,1.0,73.0,0.3769,-0.0257,0.0007,0.1424,-0.0129,-0.0459,0.9095,0.9,0.9,0.9,1.00999996066093,down,2026-08-06T09:31:10,373.0,415.0
AAPL,2027-02-19,197,Call,200.0,AAPL270219C00200000,119.45,122.4,120.92500000000001,136.45,0.0,0.0,0.0,432.0,0.3548,0.9712,0.0008,0.1587,-0.0004,1.0147,121.1457,0.0,0.0,0.0,114.975002288818,down,2026-07-17T12:16:23,290.0,50.0
AAPL,2027-02-19,197,Put,200.0,AAPL270219P00200000,1.0,1.12,1.06,1.19,0.0,0.0,0.0,372.0,0.3706,-0.0297,0.0008,0.1599,-0.0143,-0.0529,1.055,0.0,0.0,0.0,1.16500002145767,down,2026-08-05T15:04:03,97.0,152.0
AAPL,2027-02-19,197,Call,210.0,AAPL270219C00210000,110.05,112.75,111.4,98.07,0.0,0.0,0.0,35.0,0.3383,0.9615,0.001,0.2001,-0.0047,1.0497,111.7488,0.0,0.0,0.0,105.799999237061,down,2026-07-31T09:38:46,100.0,10.0
AAPL,2027-02-19,197,Put,210.0,AAPL270219P00210000,1.37,1.5,1.435,1.63,0.0,0.0,0.0,204.0,0.3586,-0.0395,0.001,0.2027,-0.0175,-0.0702,1.4182,0.0,0.0,0.0,1.59499996900558,no_change,2026-08-05T14:35:34,112.0,194.0
AAPL,2027-02-19,197,Call,220.0,AAPL270219C00220000,100.75,103.1,101.925,89.09,0.0,0.0,0.0,188.0,0.3218,0.9489,0.0013,0.2499,-0.0095,1.079,102.473,0.0,0.0,0.0,96.1500015258789,no_change,2026-07-31T14:45:05,104.0,11.0
AAPL,2027-02-19,197,Put,220.0,AAPL270219P00220000,1.84,2.07,1.955,2.29,0.0,0.0,0.0,287.0,0.3484,-0.0524,0.0013,0.2528,-0.0213,-0.0924,1.905,0.0,0.0,0.0,2.16999995708466,down,2026-08-04T11:07:15,121.0,181.0
AAPL,2027-02-19,197,Call,230.0,AAPL270219C00230000,91.65,94.2,92.92500000000001,88.75,0.0,0.0,0.0,191.0,0.3211,0.9328,0.0017,0.3087,-0.0149,1.1011,93.3538,0.0,0.0,0.0,87.0999984741211,no_change,2026-08-05T10:57:15,183.0,43.0
AAPL,2027-02-19,197,Put,230.0,AAPL270219P00230000,2.49,2.7,2.595,2.94,0.0,0.0,0.0,393.0,0.3373,-0.0688,0.0017,0.3114,-0.0257,-0.1207,2.5531,0.0,0.0,0.0,2.85500001907349,no_change,2026-08-05T15:37:57,130.0,403.0
AAPL,2027-02-19,197,Call,240.0,AAPL270219C00240000,82.7,85.3,84.0,79.8,0.0,0.0,0.0,99.0,0.3143,0.9125,0.0021,0.376,-0.0207,1.1149,84.4345,0.0,0.0,0.0,78.5999984741211,up,2026-08-05T10:56:47,70.0,15.0
AAPL,2027-02-19,197,Put,240.0,AAPL270219P00240000,3.3,3.6,3.45,3.93,0.0,0.0,0.0,684.0,0.3276,-0.0897,0.0022,0.3803,-0.0306,-0.1564,3.4058,0.0,0.0,0.0,3.875,no_change,2026-08-05T14:28:30,255.0,300.0
AAPL,2027-02-19,197,Call,250.0,AAPL270219C00250000,74.05,76.65,75.35,71.4,0.0,0.0,0.0,195.0,0.3083,0.8872,0.0026,0.4506,-0.027,1.1191,75.7659,0.0,0.0,0.0,69.9499969482422,up,2026-08-05T15:57:34,153.0,33.0
AAPL,2027-02-19,197,Put,250.0,AAPL270219P00250000,4.4,4.7,4.550000000000001,5.25,0.0,0.0,0.0,945.0,0.3186,-0.1156,0.0027,0.4573,-0.036,-0.2006,4.5149,0.0,0.0,0.0,5.125,no_change,2026-08-05T15:38:00,211.0,342.0
AAPL,2027-02-19,197,Call,260.0,AAPL270219C00260000,65.65,67.85,66.75,60.4,0.0,0.0,0.0,37.0,0.2972,0.8566,0.0032,0.5306,-0.0334,1.112,67.4054,0.0,0.0,0.0,61.75,up,2026-08-05T12:28:30,351.0,11.0
AAPL,2027-02-19,197,Put,260.0,AAPL270219P00260000,5.85,6.1,5.975,6.15,-0.575,-8.55018,41.0,1168.0,0.3106,-0.1472,0.0032,0.5377,-0.0416,-0.2528,5.942,6.15,6.15,6.15,6.72499990463257,no_change,2026-08-06T09:38:07,14.0,173.0
AAPL,2027-02-19,197,Call,270.0,AAPL270219C00270000,57.65,59.7,58.675,53.4,0.0,0.0,0.0,225.0,0.2906,0.8201,0.0037,0.6133,-0.0399,1.0926,59.4146,0.0,0.0,0.0,54.1750011444092,no_change,2026-08-05T12:06:45,158.0,1.0
AAPL,2027-02-19,197,Put,270.0,AAPL270219P00270000,7.6,7.9,7.75,8.75,0.0,0.0,0.0,10600.0,0.3031,-0.1847,0.0039,0.6201,-0.0473,-0.3119,7.7393,0.0,0.0,0.0,8.84999990463257,down,2026-08-05T15:45:05,51.0,187.0
AAPL,2027-02-19,197,Call,280.0,AAPL270219C00280000,50.1,52.8,51.45,46.47,0.0,0.0,0.0,423.0,0.2906,0.7777,0.0043,0.6948,-0.046,1.0604,51.8579,0.0,0.0,0.0,46.9250011444092,up,2026-08-05T15:01:52,180.0,172.0
AAPL,2027-02-19,197,Put,280.0,AAPL270219P00280000,9.8,10.25,10.025,11.55,0.0,0.0,0.0,639.0,0.2966,-0.2292,0.0045,0.7021,-0.0528,-0.3798,10.0171,0.0,0.0,0.0,11.3250002861023,no_change,2026-08-05T15:37:57,192.0,340.0
AAPL,2027-02-19,197,Call,290.0,AAPL270219C00290000,42.85,45.55,44.2,39.89,0.0,0.0,0.0,1997.0,0.2832,0.7296,0.0049,0.7702,-0.0516,1.0157,44.7906,0.0,0.0,0.0,40.3999996185303,up,2026-08-05T11:31:54,367.0,154.0
AAPL,2027-02-19,197,Put,290.0,AAPL270219P00290000,12.65,13.05,12.850000000000001,14.45,0.0,0.0,0.0,1849.0,0.2918,-0.2792,0.0051,0.7771,-0.0578,-0.4536,12.7828,0.0,0.0,0.0,14.4249997138977,up,2026-08-05T15:31:43,2.0,138.0
AAPL,2027-02-19,197,Call,300.0,AAPL270219C00300000,36.95,38.6,37.775000000000006,38.1,3.95,11.5666,13.0,1378.0,0.2798,0.6766,0.0054,0.8345,-0.0562,0.9596,38.2961,38.0,38.1,37.65,34.1499996185303,up,2026-08-06T09:46:02,320.0,33.0
AAPL,2027-02-19,197,Put,300.0,AAPL270219P00300000,15.95,16.4,16.174999999999997,18.25,0.0,0.0,0.0,946.0,0.2864,-0.3351,0.0057,0.8406,-0.0619,-0.5297,16.145,0.0,0.0,0.0,18.1999998092651,no_change,2026-08-05T15:32:51,104.0,244.0
AAPL,2027-02-19,197,Call,310.0,AAPL270219C00310000,31.65,32.65,32.15,32.02,3.37,11.7627,7.0,1284.0,0.2791,0.6196,0.0058,0.8836,-0.0596,0.8933,32.3898,31.61,32.22,30.45,28.6499996185303,down,2026-08-06T09:45:34,714.0,28.0
AAPL,2027-02-19,197,Put,310.0,AAPL270219P00310000,19.95,20.45,20.2,22.15,0.0,0.0,0.0,735.0,0.2824,-0.3958,0.0062,0.8861,-0.065,-0.6068,20.1519,0.0,0.0,0.0,22.5249996185303,down,2026-08-05T15:54:40,39.0,237.0
AAPL,2027-02-19,197,Call,320.0,AAPL270219C00320000,26.8,27.6,27.200000000000003,27.2,3.3,13.8075,32.0,1941.0,0.279,0.5602,0.0061,0.9144,-0.0616,0.8191,27.1249,26.4,27.2,25.85,23.8999996185303,up,2026-08-06T09:47:10,524.0,512.0
AAPL,2027-02-19,197,Put,320.0,AAPL270219P00320000,24.65,25.2,24.924999999999997,28.2,0.0,0.0,0.0,594.0,0.2794,-0.4598,0.0066,0.9094,-0.0669,-0.6759,24.8339,0.0,0.0,0.0,27.6999998092651,no_change,2026-08-05T14:41:53,64.0,178.0
AAPL,2027-02-19,197,Call,330.0,AAPL270219C00330000,22.35,22.8,22.575000000000003,22.63,2.955,15.0191,103.0,1823.0,0.2765,0.5001,0.0062,0.9249,-0.0622,0.7399,22.5022,22.0,22.7,21.53,19.6750001907349,down,2026-08-06T09:46:32,369.0,48.0
AAPL,2027-02-19,197,Put,330.0,AAPL270219P00330000,30.05,30.55,30.3,31.1,-2.5,-7.44048,1.0,267.0,0.2767,-0.5255,0.0068,0.9102,-0.0674,-0.7356,30.2119,31.1,31.1,31.1,33.6000003814697,down,2026-08-06T09:30:00,10.0,110.0
AAPL,2027-02-19,197,Call,340.0,AAPL270219C00340000,18.4,18.8,18.6,18.65,2.625,16.3807,17.0,1411.0,0.2746,0.4408,0.0062,0.915,-0.0615,0.6587,18.5064,18.5,18.7,17.62,16.0250005722046,down,2026-08-06T09:46:32,270.0,26.0
AAPL,2027-02-19,197,Put,340.0,AAPL270219P00340000,36.0,37.25,36.625,40.65,0.0,0.0,0.0,188.0,0.2775,-0.5914,0.0069,0.8848,-0.0668,-0.7763,36.2821,0.0,0.0,0.0,40.2249984741211,up,2026-08-05T14:27:56,16.0,208.0
AAPL,2027-02-19,197,Call,350.0,AAPL270219C00350000,15.05,15.4,15.225000000000001,15.2,2.225,17.1484,9.0,2473.0,0.2735,0.3841,0.006,0.8866,-0.0594,0.5787,15.1021,14.2,15.25,14.2,12.9749999046326,down,2026-08-06T09:46:32,272.0,24.0
AAPL,2027-02-19,197,Put,350.0,AAPL270219P00350000,42.65,44.6,43.625,46.85,0.0,0.0,0.0,348.0,0.2794,-0.6559,0.0069,0.833,-0.0649,-0.7891,43.0144,0.0,0.0,0.0,47.125,down,2026-08-04T14:11:22,14.0,377.0
AAPL,2027-02-19,197,Call,360.0,AAPL270219C00360000,12.0,12.55,12.275,10.47,0.0,0.0,0.0,2049.0,0.2718,0.3311,0.0058,0.843,-0.0564,0.5028,12.2426,0.0,0.0,0.0,10.4500002861023,no_change,2026-08-05T15:37:05,131.0,102.0
AAPL,2027-02-19,197,Put,360.0,AAPL270219P00360000,49.45,52.15,50.8,39.4,0.0,0.0,0.0,52.0,0.277,-0.7178,0.0068,0.7574,-0.0622,-0.7744,50.354,0.0,0.0,0.0,55.0249996185303,up,2026-07-30T15:54:01,109.0,409.0
AAPL,2027-02-19,197,Call,370.0,AAPL270219C00370000,9.6,10.15,9.875,8.43,0.0,0.0,0.0,3311.0,0.2706,0.2825,0.0054,0.7876,-0.0525,0.4318,9.8611,0.0,0.0,0.0,8.375,down,2026-08-05T15:44:19,130.0,94.0
AAPL,2027-02-19,197,Put,370.0,AAPL270219P00370000,57.25,60.05,58.65,63.0,0.0,0.0,0.0,18.0,0.2763,-0.7765,0.0066,0.6641,-0.0589,-0.7192,58.263,0.0,0.0,0.0,63.2250003814697,up,2026-08-04T14:09:08,37.0,171.0
AAPL,2027-02-19,197,Call,380.0,AAPL270219C00380000,7.65,8.15,7.9,6.8,0.0,0.0,0.0,1136.0,0.2698,0.2388,0.0049,0.7236,-0.0481,0.3667,7.8974,0.0,0.0,0.0,6.67500019073486,up,2026-08-05T15:53:24,122.0,50.0
AAPL,2027-02-19,197,Put,380.0,AAPL270219P00380000,65.6,68.5,67.05,71.7,0.0,0.0,0.0,16.0,0.2767,-0.8312,0.0063,0.5582,-0.0547,-0.6494,66.6837,0.0,0.0,0.0,71.8249969482422,down,2026-08-04T14:09:07,34.0,212.0
AAPL,2027-02-19,197,Call,390.0,AAPL270219C00390000,6.0,6.5,6.25,5.35,0.0,0.0,0.0,449.0,0.2693,0.2003,0.0045,0.6557,-0.0435,0.3087,6.2985,0.0,0.0,0.0,5.32499980926514,no_change,2026-08-05T15:32:47,193.0,65.0
AAPL,2027-02-19,197,Put,390.0,AAPL270219P00390000,75.0,77.4,76.2,61.78,0.0,0.0,0.0,1.0,0.2844,-0.8812,0.0059,0.4307,-0.0511,-0.5321,75.5649,0.0,0.0,0.0,81.0250015258789,no_change,2026-07-30T09:53:56,3.0,370.0
AAPL,2027-02-19,197,Call,400.0,AAPL270219C00400000,4.85,5.1,4.975,5.06,0.86,20.4762,34.0,1799.0,0.2697,0.1668,0.004,0.5869,-0.0388,0.2581,4.9996,4.75,5.06,4.75,4.20000004768372,up,2026-08-06T09:47:05,237.0,3.0
AAPL,2027-02-19,197,Put,400.0,AAPL270219P00400000,83.6,86.75,85.175,89.0,0.0,0.0,0.0,0.0,0.2815,-0.9245,0.005,0.2906,-0.0444,-0.3768,84.8402,0.0,0.0,0.0,90.75,down,2026-05-28T11:56:29,31.0,139.0
AAPL,2027-02-19,197,Call,410.0,AAPL270219C00410000,3.8,4.1,3.9499999999999997,3.3,0.0,0.0,0.0,1577.0,0.2703,0.138,0.0035,0.5191,-0.0342,0.2143,3.9572,0.0,0.0,0.0,3.30000007152557,no_change,2026-08-05T15:24:01,244.0,42.0
AAPL,2027-02-19,197,Put,410.0,AAPL270219P00410000,93.4,96.35,94.875,78.32,0.0,0.0,0.0,8.0,0.2917,-0.9581,0.0038,0.1789,-0.0288,-0.2039,94.4234,0.0,0.0,0.0,100.099998474121,no_change,2026-07-24T12:35:46,25.0,141.0
AAPL,2027-02-19,197,Call,420.0,AAPL270219C00420000,2.97,3.25,3.1100000000000003,2.44,0.0,0.0,0.0,1047.0,0.2706,0.1136,0.0031,0.4545,-0.0299,0.1765,3.124,0.0,0.0,0.0,2.62000000476837,down,2026-08-05T14:28:01,152.0,15.0
AAPL,2027-02-19,197,Put,420.0,AAPL270219P00420000,103.4,106.2,104.80000000000001,0.0,0.0,0.0,0.0,0.0,0.3083,-0.9804,0.0023,0.0935,-0.0085,-0.1649,104.2336,0.0,0.0,0.0,109.899997711182,no_change,,8.0,111.0
AAPL,2027-02-19,197,Call,430.0,AAPL270219C00430000,2.35,2.6,2.475,2.51,0.43,20.6731,40.0,165.0,0.2719,0.0931,0.0026,0.395,-0.0258,0.1451,2.4618,2.4,2.51,2.4,2.08000004291534,up,2026-08-06T09:46:21,525.0,112.0
AAPL,2027-02-19,197,Put,430.0,AAPL270219P00430000,113.25,116.15,114.7,0.0,0.0,0.0,0.0,0.0,0.3227,-0.9924,0.001,0.0251,0.0,-0.0831,114.1694,0.0,0.0,0.0,120.0,no_change,,5.0,105.0
AAPL,2027-02-19,197,Call,440.0,AAPL270219C00440000,1.83,2.04,1.935,1.89,0.285,17.757,17.0,319.0,0.2722,0.076,0.0022,0.3403,-0.0222,0.1186,1.9386,1.84,1.95,1.84,1.60499995946884,down,2026-08-06T09:46:59,130.0,36.0
AAPL,2027-02-19,197,Put,440.0,AAPL270219P00440000,123.4,126.1,124.75,0.0,0.0,0.0,0.0,0.0,0.3429,-0.9983,0.0003,0.0046,0.0,0.0,124.15,0.0,0.0,0.0,129.950004577637,no_change,,8.0,111.0
AAPL,2027-02-19,197,Call,450.0,AAPL270219C00450000,1.42,1.63,1.525,1.54,0.24,18.4615,18.0,457.0,0.2731,0.0619,0.0019,0.2918,-0.019,0.0966,1.5263,1.34,1.54,1.34,1.30000001192093,up,2026-08-06T09:46:59,416.0,85.0
AAPL,2027-02-19,197,Put,450.0,AAPL270219P00450000,133.45,136.1,134.77499999999998,0.0,0.0,0.0,0.0,0.0,0.3616,-1.0,0.0,0.0,0.0,0.0,134.15,0.0,0.0,0.0,139.950004577637,no_change,,8.0,106.0
AAPL,2027-02-19,197,Call,460.0,AAPL270219C00460000,1.1,1.35,1.225,1.08,0.0,0.0,0.0,245.0,0.2751,0.0504,0.0016,0.2489,-0.0162,0.0788,1.2029,0.0,0.0,0.0,0.999999970197678,up,2026-08-05T15:53:21,297.0,182.0
AAPL,2027-02-19,197,Put,460.0,AAPL270219P00460000,142.4,146.1,144.25,0.0,0.0,0.0,0.0,0.0,0.3411,-1.0,0.0,0.0,0.0,0.0,144.15,0.0,0.0,0.0,150.324996948242,no_change,,1.0,110.0
AAPL,2027-02-19,197,Call,470.0,AAPL270219C00470000,0.85,1.09,0.97,0.82,0.0,0.0,0.0,351.0,0.2763,0.041,0.0014,0.2116,-0.0137,0.064,0.9502,0.0,0.0,0.0,0.7950000166893,down,2026-08-05T15:53:21,290.0,173.0
AAPL,2027-02-19,197,Put,470.0,AAPL270219P00470000,152.3,156.1,154.2,0.0,0.0,0.0,0.0,0.0,0.3504,-1.0,0.0,0.0,0.0,0.0,154.15,0.0,0.0,0.0,160.400001525879,no_change,,3.0,101.0
AAPL,2027-02-19,197,Call,480.0,AAPL270219C00480000,0.65,0.88,0.765,0.53,0.0,0.0,0.0,50.0,0.2775,0.0332,0.0012,0.1791,-0.0116,0.052,0.7496,0.0,0.0,0.0,0.650000005960464,up,2026-08-03T15:16:32,177.0,73.0
AAPL,2027-02-19,197,Put,480.0,AAPL270219P00480000,162.4,166.05,164.22500000000002,0.0,0.0,0.0,0.0,0.0,0.3692,-1.0,0.0,0.0,0.0,0.0,164.15,0.0,0.0,0.0,170.299995422363,no_change,,1.0,105.0
AAPL,2027-02-19,197,Call,490.0,AAPL270219C00490000,0.52,0.69,0.605,0.52,0.0,0.0,0.0,132.0,0.2787,0.0271,0.001,0.1516,-0.0098,0.0422,0.5957,0.0,0.0,0.0,0.504999995231628,up,2026-08-05T15:17:19,278.0,129.0
AAPL,2027-02-19,197,Put,490.0,AAPL270219P00490000,172.3,176.05,174.175,0.0,0.0,0.0,0.0,0.0,0.3762,-1.0,0.0,0.0,0.0,0.0,174.15,0.0,0.0,0.0,180.199996948242,no_change,,1.0,100.0
AAPL,2027-02-19,197,Call,500.0,AAPL270219C00500000,0.4,0.55,0.47500000000000003,0.4,0.0,0.0,0.0,2632.0,0.2794,0.0222,0.0008,0.1288,-0.0083,0.0347,0.4773,0.0,0.0,0.0,0.395000010728836,up,2026-08-05T10:53:57,280.0,87.0
AAPL,2027-02-19,197,Put,500.0,AAPL270219P00500000,182.3,186.05,184.175,0.0,0.0,0.0,0.0,0.0,0.3916,-1.0,0.0,0.0,0.0,0.0,184.15,0.0,0.0,0.0,190.275001525879,no_change,,1.0,100.0
AAPL,2027-02-19,197,Call,510.0,AAPL270219C00510000,0.33,0.46,0.395,0.3,0.0,0.0,0.0,53.0,0.2822,0.0181,0.0007,0.1089,-0.007,0.0282,0.3818,0.0,0.0,0.0,0.320000007748604,up,2026-08-05T09:57:09,151.0,154.0
AAPL,2027-02-19,197,Put,510.0,AAPL270219P00510000,192.7,196.05,194.375,0.0,0.0,0.0,0.0,0.0,0.4303,-1.0,0.0,0.0,0.0,0.0,194.15,0.0,0.0,0.0,200.275001525879,no_change,,2.0,100.0
AAPL,2027-02-19,197,Call,520.0,AAPL270219C00520000,0.19,0.37,0.28,0.26,0.0,0.0,0.0,744.0,0.2798,0.0149,0.0006,0.0924,-0.006,0.0233,0.3084,0.0,0.0,0.0,0.249999992549419,no_change,2026-08-05T14:05:18,300.0,12.0
AAPL,2027-02-19,197,Put,520.0,AAPL270219P00520000,202.55,206.05,204.3,0.0,0.0,0.0,0.0,0.0,0.4368,-1.0,0.0,0.0,0.0,0.0,204.15,0.0,0.0,0.0,210.199996948242,no_change,,1.0,101.0
AAPL,2027-02-19,197,Call,530.0,AAPL270219C00530000,0.14,0.3,0.22,0.34,0.0,0.0,0.0,39.0,0.2807,0.0123,0.0005,0.0788,-0.0051,0.0192,0.2508,0.0,0.0,0.0,0.199999995529652,up,2026-08-04T14:21:09,131.0,23.0
AAPL,2027-02-19,197,Put,530.0,AAPL270219P00530000,212.35,216.0,214.175,0.0,0.0,0.0,0.0,0.0,0.4345,-1.0,0.0,0.0,0.0,0.0,214.15,0.0,0.0,0.0,220.174995422363,no_change,,2.0,101.0
AAPL,2027-02-19,197,Call,540.0,AAPL270219C00540000,0.1,0.25,0.175,0.3,0.0,0.0,0.0,16.0,0.2821,0.0103,0.0004,0.0673,-0.0043,0.016,0.2056,0.0,0.0,0.0,0.160000000149012,up,2026-08-04T14:21:41,237.0,38.0
AAPL,2027-02-19,197,Put,540.0,AAPL270219P00540000,222.2,226.0,224.1,0.0,0.0,0.0,0.0,0.0,0.0,-1.0,0.0,0.0,0.0,0.0,224.15,0.0,0.0,0.0,230.399993896484,no_change,,2.0,105.0
AAPL,2027-02-19,197,Call,550.0,AAPL270219C00550000,0.07,0.23,0.15000000000000002,0.1,0.0,0.0,0.0,18.0,0.2857,0.0085,0.0003,0.0575,-0.0037,0.0133,0.1687,0.0,0.0,0.0,0.129999998956919,down,2026-07-31T09:33:42,116.0,110.0
AAPL,2027-02-19,197,Put,550.0,AAPL270219P00550000,232.55,236.0,234.275,0.0,0.0,0.0,0.0,0.0,0.4745,-1.0,0.0,0.0,0.0,0.0,234.15,0.0,0.0,0.0,240.299995422363,no_change,,2.0,100.0
AAPL,2027-02-19,197,Call,560.0,AAPL270219C00560000,0.04,0.2,0.12000000000000001,0.11,0.0,0.0,0.0,5.0,0.287,0.0072,0.0003,0.0496,-0.0032,0.0112,0.1406,0.0,0.0,0.0,0.105000000447035,up,2026-08-05T11:56:20,364.0,252.0
AAPL,2027-02-19,197,Put,560.0,AAPL270219P00560000,242.45,246.0,244.225,0.0,0.0,0.0,0.0,0.0,0.4812,-1.0,0.0,0.0,0.0,0.0,244.15,0.0,0.0,0.0,250.275001525879,no_change,,2.0,101.0
AAPL,2027-02-19,197,Call,570.0,AAPL270219C00570000,0.03,0.2,0.115,0.2,0.0,0.0,0.0,9.0,0.2937,0.0061,0.0002,0.043,-0.0028,0.0095,0.1181,0.0,0.0,0.0,0.124999999068677,down,2026-07-29T12:02:31,122.0,111.0
AAPL,2027-02-19,197,Put,570.0,AAPL270219P00570000,252.2,256.0,254.1,0.0,0.0,0.0,0.0,0.0,0.0,-1.0,0.0,0.0,0.0,0.0,254.15,0.0,0.0,0.0,260.175003051758,no_change,,2.0,100.0
AAPL,2027-02-19,197,Call,580.0,AAPL270219C00580000,0.05,0.29,0.16999999999999998,0.13,0.0,0.0,0.0,38.0,0.3144,0.0052,0.0002,0.0375,-0.0024,0.0081,0.1,0.0,0.0,0.0,0.125000001862645,down,2026-08-05T11:56:41,16.0,242.0
AAPL,2027-02-19,197,Put,580.0,AAPL270219P00580000,262.2,266.0,264.1,0.0,0.0,0.0,0.0,0.0,0.0,-1.0,0.0,0.0,0.0,0.0,264.15,0.0,0.0,0.0,270.175003051758,no_change,,2.0,101.0
AAPL,2027-02-19,197,Call,590.0,AAPL270219C00590000,0.01,0.41,0.21,0.09,0.0,0.0,0.0,14.0,0.3303,0.0045,0.0002,0.0326,-0.0021,0.0069,0.0849,0.0,0.0,0.0,0.209999998100102,up,2026-08-04T14:24:54,66.0,172.0
AAPL,2027-02-19,197,Put,590.0,AAPL270219P00590000,272.2,276.0,274.1,0.0,0.0,0.0,0.0,0.0,0.0,-1.0,0.0,0.0,0.0,0.0,274.15,0.0,0.0,0.0,280.175003051758,no_change,,4.0,100.0
AAPL,2027-02-19,197,Call,600.0,AAPL270219C00600000,0.01,0.54,0.275,0.05,0.0,0.0,0.0,640.0,0.3488,0.0039,0.0002,0.0287,-0.0019,0.006,0.073,0.0,0.0,0.0,0.144999999552965,down,2026-08-03T13:57:03,15.0,184.0
AAPL,2027-02-19,197,Put,600.0,AAPL270219P00600000,282.2,286.0,284.1,0.0,0.0,0.0,0.0,0.0,0.0,-1.0,0.0,0.0,0.0,0.0,284.15,0.0,0.0,0.0,290.300003051758,no_change,,2.0,104.0
AAPL,2027-03-19,225,Call,5.0,AAPL270319C00005000,309.0,312.45,310.725,299.0,0.0,0.0,0.0,2.0,0.0,1.0,0.0,0.0,0.0,0.0004,310.858,0.0,0.0,0.0,304.625,no_change,2026-06-08T14:34:55,100.0,1.0
AAPL,2027-03-19,225,Put,5.0,AAPL270319P00005000,0.0,0.28,0.14,0.01,0.0,0.0,0.0,3.0,2.2297,0.0,0.0,0.0002,0.0,0.0,0.0016,0.0,0.0,0.0,0.239999994635582,down,2026-06-16T13:07:30,0.0,215.0
AAPL,2027-03-19,225,Call,10.0,AAPL270319C00010000,304.1,307.65,305.875,0.0,0.0,0.0,0.0,0.0,1.6794,1.0,0.0,0.0001,0.0,0.0128,305.8598,0.0,0.0,0.0,299.675003051758,no_change,,100.0,1.0
AAPL,2027-03-19,225,Put,10.0,AAPL270319P00010000,0.0,0.48,0.24,0.01,0.0,0.0,0.0,1.0,1.9282,0.0,0.0,0.0004,-0.0001,-0.0001,0.0029,0.0,0.0,0.0,0.00999999977648258,down,2026-06-12T13:26:43,0.0,220.0
AAPL,2027-03-19,225,Call,15.0,AAPL270319C00015000,299.2,302.7,300.95,0.0,0.0,0.0,0.0,0.0,1.4837,1.0,0.0,0.0002,0.0,0.0391,300.9044,0.0,0.0,0.0,294.700012207031,no_change,,100.0,1.0
AAPL,2027-03-19,225,Put,15.0,AAPL270319P00015000,0.0,0.28,0.14,0.11,0.0,0.0,0.0,0.0,1.5671,-0.0001,0.0,0.0006,-0.0001,-0.0001,0.0044,0.0,0.0,0.0,0.239999994635582,up,2026-05-28T13:44:15,0.0,213.0
AAPL,2027-03-19,225,Call,20.0,AAPL270319C00020000,294.3,297.95,296.125,0.0,0.0,0.0,0.0,0.0,1.4671,1.0,0.0,0.0005,0.0,0.0635,295.9659,0.0,0.0,0.0,289.800003051758,no_change,,109.0,100.0
AAPL,2027-03-19,225,Put,20.0,AAPL270319P00020000,0.0,0.54,0.27,0.0,0.0,0.0,0.0,0.0,1.5257,-0.0001,0.0,0.0008,-0.0002,-0.0002,0.006,0.0,0.0,0.0,0.259999990463257,no_change,,0.0,221.0
AAPL,2027-03-19,225,Call,25.0,AAPL270319C00025000,289.4,292.9,291.15,0.0,0.0,0.0,0.0,0.0,1.2398,1.0,0.0,0.001,0.0,0.1258,291.0694,0.0,0.0,0.0,284.900009155273,no_change,,109.0,1.0
AAPL,2027-03-19,225,Put,25.0,AAPL270319P00025000,0.0,0.28,0.14,0.0,0.0,0.0,0.0,0.0,1.2885,-0.0001,0.0,0.0011,-0.0002,-0.0003,0.0078,0.0,0.0,0.0,0.259999990463257,no_change,,0.0,305.0
AAPL,2027-03-19,225,Call,30.0,AAPL270319C00030000,284.5,288.2,286.35,218.22,0.0,0.0,0.0,0.0,1.2333,1.0,0.0,0.0013,0.0,0.1507,286.1856,0.0,0.0,0.0,280.049987792969,down,2026-03-20T10:08:17,109.0,102.0
AAPL,2027-03-19,225,Put,30.0,AAPL270319P00030000,0.0,0.48,0.24,0.0,0.0,0.0,0.0,0.0,1.2706,-0.0002,0.0,0.0015,-0.0003,-0.0004,0.0099,0.0,0.0,0.0,0.239999994635582,no_change,,0.0,341.0
AAPL,2027-03-19,225,Call,35.0,AAPL270319C00035000,279.65,283.05,281.35,0.0,0.0,0.0,0.0,0.0,1.0261,1.0,0.0,0.0017,0.0,0.1758,281.3022,0.0,0.0,0.0,275.150009155273,no_change,,109.0,1.0
AAPL,2027-03-19,225,Put,35.0,AAPL270319P00035000,0.0,0.48,0.24,0.0,0.0,0.0,0.0,0.0,1.1849,-0.0002,0.0,0.0019,-0.0003,-0.0004,0.0122,0.0,0.0,0.0,0.239999994635582,no_change,,0.0,239.0
AAPL,2027-03-19,225,Call,40.0,AAPL270319C00040000,274.75,278.25,276.5,0.0,0.0,0.0,0.0,0.0,1.0325,1.0,0.0,0.0022,0.0,0.2011,276.4191,0.0,0.0,0.0,270.324996948242,no_change,,100.0,1.0
AAPL,2027-03-19,225,Put,40.0,AAPL270319P00040000,0.0,0.28,0.14,0.0,0.0,0.0,0.0,0.0,1.0441,-0.0002,0.0,0.0024,-0.0004,-0.0006,0.0149,0.0,0.0,0.0,0.140000000596046,no_change,,0.0,216.0
AAPL,2027-03-19,225,Call,45.0,AAPL270319C00045000,269.9,272.95,271.42499999999995,269.54,0.0,0.0,0.0,0.0,0.0,1.0,0.0,0.0027,0.0,0.226,271.5366,0.0,0.0,0.0,265.400009155273,up,2026-07-08T15:44:20,109.0,2.0
AAPL,2027-03-19,225,Put,45.0,AAPL270319P00045000,0.0,0.29,0.145,0.0,0.0,0.0,0.0,0.0,0.9882,-0.0003,0.0,0.0029,-0.0005,-0.0007,0.0178,0.0,0.0,0.0,0.144999995827675,no_change,,0.0,218.0
AAPL,2027-03-19,225,Call,50.0,AAPL270319C00050000,265.05,268.55,266.8,255.4,0.0,0.0,0.0,3.0,0.9516,1.0,0.0,0.0034,0.0,0.2515,266.6546,0.0,0.0,0.0,260.524993896484,down,2026-07-31T15:12:51,109.0,1.0
AAPL,2027-03-19,225,Put,50.0,AAPL270319P00050000,0.01,0.29,0.15,0.12,0.0,0.0,0.0,640.0,0.9385,-0.0004,0.0,0.0035,-0.0006,-0.0008,0.0211,0.0,0.0,0.0,0.129999999888241,up,2026-07-17T15:32:38,1.0,218.0
AAPL,2027-03-19,225,Call,60.0,AAPL270319C00060000,255.35,259.0,257.175,237.58,0.0,0.0,0.0,2.0,0.921,1.0,0.0,0.0051,0.0,0.341,256.8998,0.0,0.0,0.0,250.825004577637,down,2026-06-15T14:48:45,100.0,100.0
AAPL,2027-03-19,225,Put,60.0,AAPL270319P00060000,0.0,0.29,0.145,0.03,0.0,0.0,0.0,3.0,0.8438,-0.0006,0.0,0.005,-0.0007,-0.0012,0.0291,0.0,0.0,0.0,0.144999995827675,no_change,2026-07-15T09:30:11,0.0,209.0
AAPL,2027-03-19,225,Call,70.0,AAPL270319C00070000,245.6,249.2,247.39999999999998,243.4,0.0,0.0,0.0,3.0,0.811,0.9997,0.0,0.0069,0.0,0.4215,247.1812,0.0,0.0,0.0,241.125,down,2026-06-04T14:34:12,109.0,99.0
AAPL,2027-03-19,225,Put,70.0,AAPL270319P00070000,0.0,0.3,0.15,0.09,0.0,0.0,0.0,37.0,0.7705,-0.0008,0.0,0.0069,-0.001,-0.0017,0.0392,0.0,0.0,0.0,0.150000005960464,down,2026-06-10T10:56:58,0.0,212.0
AAPL,2027-03-19,225,Call,80.0,AAPL270319C00080000,235.9,238.95,237.425,254.94,0.0,0.0,0.0,3.0,0.5188,0.9993,0.0,0.0093,0.0,0.4828,237.4725,0.0,0.0,0.0,231.5,down,2026-07-24T14:58:22,109.0,67.0
AAPL,2027-03-19,225,Put,80.0,AAPL270319P00080000,0.01,0.31,0.16,0.05,0.0,0.0,0.0,125.0,0.7099,-0.0011,0.0,0.0093,-0.0012,-0.0023,0.052,0.0,0.0,0.0,0.160000001080334,no_change,2026-07-31T10:20:22,22.0,254.0
AAPL,2027-03-19,225,Call,85.0,AAPL270319C00085000,231.05,234.7,232.875,250.52,0.0,0.0,0.0,1.0,0.7382,0.9992,0.0,0.0107,0.0,0.5127,232.6195,0.0,0.0,0.0,226.625,up,2026-07-30T15:59:05,109.0,89.0
AAPL,2027-03-19,225,Put,85.0,AAPL270319P00085000,0.01,0.31,0.16,0.37,0.0,0.0,0.0,65.0,0.6799,-0.0013,0.0,0.0107,-0.0014,-0.0027,0.0596,0.0,0.0,0.0,0.164999996311963,up,2026-03-24T15:48:08,34.0,251.0
AAPL,2027-03-19,225,Call,90.0,AAPL270319C00090000,226.2,229.6,227.89999999999998,211.9,0.0,0.0,0.0,2.0,0.4034,0.999,0.0,0.0123,0.0,0.5424,227.7676,0.0,0.0,0.0,221.75,up,2026-05-13T12:42:14,9.0,84.0
AAPL,2027-03-19,225,Put,90.0,AAPL270319P00090000,0.01,0.32,0.165,0.17,0.0,0.0,0.0,1.0,0.6541,-0.0015,0.0,0.0124,-0.0015,-0.0032,0.0682,0.0,0.0,0.0,0.164999996311963,down,2026-05-04T12:36:13,33.0,251.0
AAPL,2027-03-19,225,Call,95.0,AAPL270319C00095000,221.35,224.4,222.875,187.37,0.0,0.0,0.0,1.0,0.5382,0.9987,0.0,0.0142,0.0,0.5721,222.9168,0.0,0.0,0.0,217.099998474121,down,2026-06-25T10:39:13,100.0,2.0
AAPL,2027-03-19,225,Put,95.0,AAPL270319P00095000,0.01,0.32,0.165,0.17,0.0,0.0,0.0,22.0,0.6274,-0.0018,0.0,0.0143,-0.0017,-0.0037,0.078,0.0,0.0,0.0,0.170000006444752,down,2026-05-18T11:39:25,40.0,258.0
AAPL,2027-03-19,225,Call,100.0,AAPL270319C00100000,216.45,219.55,218.0,207.15,0.0,0.0,0.0,8.0,0.4938,0.9984,0.0,0.0162,0.0,0.6017,218.0672,0.0,0.0,0.0,211.974998474121,up,2026-07-31T15:15:48,108.0,2.0
AAPL,2027-03-19,225,Put,100.0,AAPL270319P00100000,0.01,0.22,0.115,0.12,0.0,0.0,0.0,76.0,0.5786,-0.002,0.0,0.0163,-0.0019,-0.0043,0.0891,0.0,0.0,0.0,0.0999999986961484,no_change,2026-07-31T10:20:53,17.0,178.0
AAPL,2027-03-19,225,Call,105.0,AAPL270319C00105000,211.6,214.7,213.14999999999998,170.75,0.0,0.0,0.0,45.0,0.4905,0.9981,0.0,0.0186,0.0,0.6312,213.2191,0.0,0.0,0.0,207.149993896484,up,2026-04-22T14:50:09,100.0,2.0
AAPL,2027-03-19,225,Put,105.0,AAPL270319P00105000,0.01,0.24,0.125,0.1,0.0,0.0,0.0,21.0,0.5606,-0.0024,0.0,0.0186,-0.0021,-0.0049,0.1015,0.0,0.0,0.0,0.105000001378357,down,2026-08-03T12:12:34,23.0,180.0
AAPL,2027-03-19,225,Call,110.0,AAPL270319C00110000,206.75,209.8,208.275,209.87,0.0,0.0,0.0,2.0,0.4833,0.9977,0.0001,0.0212,0.0,0.6606,208.3727,0.0,0.0,0.0,202.325004577637,up,2026-07-13T15:54:58,100.0,44.0
AAPL,2027-03-19,225,Put,110.0,AAPL270319P00110000,0.01,0.22,0.115,0.1,0.0,0.0,0.0,70.0,0.5336,-0.0027,0.0001,0.0213,-0.0023,-0.0057,0.1157,0.0,0.0,0.0,0.109999996609986,down,2026-08-03T12:42:19,17.0,133.0
AAPL,2027-03-19,225,Call,115.0,AAPL270319C00115000,201.9,204.95,203.425,174.5,0.0,0.0,0.0,2.0,0.4471,0.9973,0.0001,0.0242,0.0,0.6899,203.5281,0.0,0.0,0.0,197.574996948242,up,2026-05-01T10:20:50,109.0,1.0
AAPL,2027-03-19,225,Put,115.0,AAPL270319P00115000,0.1,0.24,0.16999999999999998,0.13,0.0,0.0,0.0,46.0,0.5356,-0.0032,0.0001,0.0244,-0.0026,-0.0066,0.1318,0.0,0.0,0.0,0.179999995976686,down,2026-08-05T11:12:57,10.0,292.0
AAPL,2027-03-19,225,Call,120.0,AAPL270319C00120000,197.05,200.4,198.72500000000002,183.47,0.0,0.0,0.0,6.0,0.4419,0.9968,0.0001,0.0275,0.0,0.7191,198.6858,0.0,0.0,0.0,192.625,down,2026-07-31T12:33:59,109.0,81.0
AAPL,2027-03-19,225,Put,120.0,AAPL270319P00120000,0.1,0.27,0.185,0.15,0.0,0.0,0.0,107.0,0.5198,-0.0036,0.0001,0.0277,-0.0029,-0.0076,0.1502,0.0,0.0,0.0,0.165000002831221,down,2026-08-03T11:19:01,38.0,180.0
AAPL,2027-03-19,225,Call,125.0,AAPL270319C00125000,192.25,195.7,193.975,190.7,0.0,0.0,0.0,23.0,0.4523,0.9963,0.0001,0.0312,0.0,0.7481,193.8461,0.0,0.0,0.0,187.724998474121,up,2026-07-08T12:47:36,100.0,83.0
AAPL,2027-03-19,225,Put,125.0,AAPL270319P00125000,0.03,0.28,0.15500000000000003,0.57,0.0,0.0,0.0,32.0,0.4894,-0.0042,0.0001,0.0314,-0.0032,-0.0087,0.1712,0.0,0.0,0.0,0.175000000745058,down,2026-05-05T14:32:41,142.0,142.0
AAPL,2027-03-19,225,Call,130.0,AAPL270319C00130000,187.4,190.6,189.0,204.67,0.0,0.0,0.0,5.0,0.4806,0.9957,0.0001,0.0354,0.0,0.777,189.0093,0.0,0.0,0.0,183.049995422363,up,2026-07-16T14:14:42,109.0,62.0
AAPL,2027-03-19,225,Put,130.0,AAPL270319P00130000,0.05,0.31,0.18,0.2,0.0,0.0,0.0,25.0,0.4787,-0.0048,0.0001,0.0357,-0.0036,-0.01,0.1951,0.0,0.0,0.0,0.20499999448657,down,2026-08-03T15:53:15,135.0,157.0
AAPL,2027-03-19,225,Call,135.0,AAPL270319C00135000,182.55,186.05,184.3,201.39,0.0,0.0,0.0,24.0,0.5,0.9949,0.0001,0.0402,0.0,0.8056,184.1759,0.0,0.0,0.0,178.075004577637,no_change,2026-07-24T13:04:41,100.0,90.0
AAPL,2027-03-19,225,Put,135.0,AAPL270319P00135000,0.07,0.35,0.21,0.24,0.0,0.0,0.0,69.0,0.4688,-0.0056,0.0001,0.0407,-0.0039,-0.0115,0.2225,0.0,0.0,0.0,0.245000004768372,no_change,2026-07-28T11:53:06,158.0,158.0
AAPL,2027-03-19,225,Call,140.0,AAPL270319C00140000,177.75,180.75,179.25,181.05,0.0,0.0,0.0,44.0,0.4351,0.9941,0.0002,0.0456,0.0,0.834,179.3466,0.0,0.0,0.0,173.275001525879,up,2026-07-13T14:35:56,99.0,41.0
AAPL,2027-03-19,225,Put,140.0,AAPL270319P00140000,0.1,0.39,0.245,0.28,0.0,0.0,0.0,86.0,0.4592,-0.0064,0.0002,0.046,-0.0044,-0.0132,0.2541,0.0,0.0,0.0,0.284999996423721,up,2026-07-30T11:04:32,157.0,157.0
AAPL,2027-03-19,225,Call,145.0,AAPL270319C00145000,172.9,175.95,174.425,158.35,0.0,0.0,0.0,61.0,0.4285,0.9931,0.0002,0.0516,0.0,0.8621,174.5219,0.0,0.0,0.0,168.5,no_change,2026-06-16T12:10:06,108.0,36.0
AAPL,2027-03-19,225,Put,145.0,AAPL270319P00145000,0.13,0.44,0.28500000000000003,0.38,0.0,0.0,0.0,39.0,0.45,-0.0074,0.0002,0.052,-0.0049,-0.0152,0.2903,0.0,0.0,0.0,0.33500000089407,no_change,2026-07-30T11:04:32,171.0,171.0
AAPL,2027-03-19,225,Call,150.0,AAPL270319C00150000,168.1,171.55,169.825,186.48,0.0,0.0,0.0,51.0,0.4612,0.992,0.0002,0.0584,0.0,0.89,169.7026,0.0,0.0,0.0,163.700004577637,up,2026-07-16T13:55:07,101.0,85.0
AAPL,2027-03-19,225,Put,150.0,AAPL270319P00150000,0.17,0.5,0.335,0.39,0.0,0.0,0.0,189.0,0.4418,-0.0085,0.0002,0.059,-0.0054,-0.0175,0.3319,0.0,0.0,0.0,0.365000002086163,up,2026-08-03T15:41:14,168.0,174.0
AAPL,2027-03-19,225,Call,155.0,AAPL270319C00155000,163.3,166.55,164.925,171.54,0.0,0.0,0.0,132.0,0.4375,0.9908,0.0002,0.0662,0.0,0.9174,164.8895,0.0,0.0,0.0,158.875,up,2026-07-13T10:02:29,95.0,2.0
AAPL,2027-03-19,225,Put,155.0,AAPL270319P00155000,0.21,0.56,0.385,0.49,0.0,0.0,0.0,65.0,0.4327,-0.0098,0.0002,0.067,-0.006,-0.0202,0.3799,0.0,0.0,0.0,0.490000009536743,down,2026-08-04T09:30:32,175.0,175.0
AAPL,2027-03-19,225,Call,160.0,AAPL270319C00160000,158.5,161.6,160.05,155.0,0.0,0.0,0.0,93.0,0.4182,0.9893,0.0003,0.0748,0.0,0.9444,160.0837,0.0,0.0,0.0,154.099998474121,up,2026-08-03T09:30:06,94.0,49.0
AAPL,2027-03-19,225,Put,160.0,AAPL270319P00160000,0.27,0.64,0.455,0.57,0.0,0.0,0.0,69.0,0.4256,-0.0113,0.0003,0.0754,-0.0066,-0.0231,0.4355,0.0,0.0,0.0,0.459999993443489,up,2026-08-03T15:40:23,157.0,157.0
AAPL,2027-03-19,225,Call,165.0,AAPL270319C00165000,153.7,156.7,155.2,170.3,0.0,0.0,0.0,54.0,0.403,0.9876,0.0003,0.0844,0.0,0.971,155.2863,0.0,0.0,0.0,149.25,up,2026-07-17T12:15:07,90.0,40.0
AAPL,2027-03-19,225,Put,165.0,AAPL270319P00165000,0.32,0.65,0.485,0.58,0.0,0.0,0.0,262.0,0.4127,-0.013,0.0003,0.085,-0.0074,-0.0266,0.4988,0.0,0.0,0.0,0.524999991059303,down,2026-08-03T15:40:23,137.0,137.0
AAPL,2027-03-19,225,Call,170.0,AAPL270319C00170000,148.9,151.9,150.4,140.13,0.0,0.0,0.0,351.0,0.3947,0.9857,0.0004,0.0952,0.0,0.9971,150.4985,0.0,0.0,0.0,144.424995422363,no_change,2026-07-31T15:17:49,96.0,34.0
AAPL,2027-03-19,225,Put,170.0,AAPL270319P00170000,0.4,0.8,0.6000000000000001,0.76,0.0,0.0,0.0,456.0,0.4091,-0.015,0.0004,0.0964,-0.0082,-0.0306,0.5729,0.0,0.0,0.0,0.615000009536743,down,2026-07-31T10:19:40,154.0,164.0
AAPL,2027-03-19,225,Call,175.0,AAPL270319C00175000,144.15,147.15,145.65,155.4,0.0,0.0,0.0,133.0,0.3911,0.9834,0.0004,0.1074,0.0,1.0224,145.7219,0.0,0.0,0.0,139.699996948242,no_change,2026-07-22T12:30:24,85.0,48.0
AAPL,2027-03-19,225,Put,175.0,AAPL270319P00175000,0.54,0.86,0.7,0.91,0.0,0.0,0.0,1292.0,0.4023,-0.0172,0.0004,0.1086,-0.009,-0.0352,0.6584,0.0,0.0,0.0,0.71000000834465,up,2026-07-31T10:19:40,165.0,165.0
AAPL,2027-03-19,225,Call,180.0,AAPL270319C00180000,139.35,142.4,140.875,136.15,0.0,0.0,0.0,84.0,0.3834,0.9809,0.0005,0.1208,0.0,1.0471,140.9583,0.0,0.0,0.0,135.025001525879,down,2026-08-05T11:00:00,93.0,44.0
AAPL,2027-03-19,225,Put,180.0,AAPL270319P00180000,0.59,0.99,0.79,0.99,0.0,0.0,0.0,862.0,0.3936,-0.0198,0.0005,0.1218,-0.01,-0.0404,0.7568,0.0,0.0,0.0,0.819999992847443,down,2026-07-31T14:44:37,162.0,162.0
AAPL,2027-03-19,225,Call,185.0,AAPL270319C00185000,134.6,137.35,135.975,127.1,0.0,0.0,0.0,17.0,0.3639,0.978,0.0006,0.1357,0.0,1.071,136.2095,0.0,0.0,0.0,130.224998474121,up,2026-08-03T09:44:42,107.0,15.0
AAPL,2027-03-19,225,Put,185.0,AAPL270319P00185000,0.78,1.13,0.955,1.1,0.0,0.0,0.0,655.0,0.3899,-0.0228,0.0006,0.1374,-0.0111,-0.0464,0.8699,0.0,0.0,0.0,0.944999992847443,up,2026-08-03T15:21:25,97.0,143.0
AAPL,2027-03-19,225,Call,190.0,AAPL270319C00190000,129.9,132.25,131.075,125.0,0.0,0.0,0.0,30.0,0.3449,0.9746,0.0006,0.1525,0.0,1.0939,131.4777,0.0,0.0,0.0,125.5,up,2026-08-04T13:03:36,110.0,10.0
AAPL,2027-03-19,225,Put,190.0,AAPL270319P00190000,0.91,1.07,0.99,1.12,0.0,0.0,0.0,1040.0,0.376,-0.0262,0.0006,0.1545,-0.0122,-0.0534,1.001,0.0,0.0,0.0,1.06000000238419,down,2026-08-05T14:41:51,200.0,258.0
AAPL,2027-03-19,225,Call,195.0,AAPL270319C00195000,125.15,127.75,126.45,144.4,0.0,0.0,0.0,329.0,0.3492,0.9708,0.0007,0.1709,-0.0007,1.1158,126.7657,0.0,0.0,0.0,120.75,up,2026-07-30T14:08:40,212.0,10.0
AAPL,2027-03-19,225,Put,195.0,AAPL270319P00195000,1.08,1.23,1.155,1.3,0.0,0.0,0.0,921.0,0.3704,-0.0301,0.0007,0.1725,-0.0135,-0.061,1.1522,0.0,0.0,0.0,1.26500004529953,down,2026-08-04T13:59:08,31.0,169.0
AAPL,2027-03-19,225,Call,200.0,AAPL270319C00200000,120.5,123.25,121.875,120.77,4.595,3.95524,1.0,115.0,0.3525,0.9665,0.0008,0.1909,-0.0026,1.1366,122.0761,120.77,120.77,120.77,116.174999237061,up,2026-08-06T09:34:44,189.0,15.0
AAPL,2027-03-19,225,Put,200.0,AAPL270319P00200000,1.21,1.39,1.2999999999999998,1.33,-0.14,-9.52381,10.0,2572.0,0.3623,-0.0346,0.0008,0.1936,-0.0149,-0.07,1.3281,1.35,1.35,1.33,1.46999996900558,down,2026-08-06T09:42:07,331.0,269.0
AAPL,2027-03-19,225,Call,210.0,AAPL270319C00210000,111.2,113.8,112.5,135.0,0.0,0.0,0.0,143.0,0.3396,0.956,0.0011,0.2375,-0.0066,1.1739,112.777,0.0,0.0,0.0,106.875,up,2026-07-28T10:26:24,192.0,13.0
AAPL,2027-03-19,225,Put,210.0,AAPL270319P00210000,1.64,1.85,1.745,2.07,0.0,0.0,0.0,2048.0,0.3519,-0.0452,0.0011,0.2398,-0.018,-0.091,1.7537,0.0,0.0,0.0,1.93000000715256,no_change,2026-08-05T10:45:03,266.0,158.0
AAPL,2027-03-19,225,Call,220.0,AAPL270319C00220000,102.05,104.45,103.25,97.3,0.0,0.0,0.0,117.0,0.3282,0.9426,0.0014,0.2922,-0.0111,1.2049,103.6104,0.0,0.0,0.0,97.4249992370606,up,2026-08-05T13:49:14,160.0,39.0
AAPL,2027-03-19,225,Put,220.0,AAPL270319P00220000,2.17,2.46,2.315,2.6,0.0,0.0,0.0,2427.0,0.3414,-0.0588,0.0014,0.2961,-0.0216,-0.1184,2.3183,0.0,0.0,0.0,2.60000002384186,down,2026-08-05T10:51:41,359.0,360.0
AAPL,2027-03-19,225,Call,230.0,AAPL270319C00230000,93.05,95.2,94.125,84.16,0.0,0.0,0.0,422.0,0.3171,0.9258,0.0017,0.355,-0.016,1.228,94.6126,0.0,0.0,0.0,88.7249984741211,down,2026-08-03T12:16:00,142.0,12.0
AAPL,2027-03-19,225,Put,230.0,AAPL270319P00230000,2.97,3.25,3.1100000000000003,3.4,0.0,0.0,0.0,2732.0,0.3332,-0.0762,0.0018,0.3605,-0.0258,-0.1521,3.0597,0.0,0.0,0.0,3.47500002384186,down,2026-08-05T11:09:19,48.0,340.0
AAPL,2027-03-19,225,Call,240.0,AAPL270319C00240000,84.25,86.3,85.275,79.72,0.0,0.0,0.0,460.0,0.3093,0.9049,0.0021,0.4262,-0.0213,1.2417,85.8257,0.0,0.0,0.0,80.1000022888184,up,2026-08-05T14:55:15,302.0,8.0
AAPL,2027-03-19,225,Put,240.0,AAPL270319P00240000,3.9,4.3,4.1,4.15,-0.35,-7.77778,8.0,4319.0,0.3247,-0.0977,0.0022,0.4316,-0.0303,-0.1931,4.0168,4.15,4.15,4.15,4.5,down,2026-08-06T09:33:35,149.0,371.0
AAPL,2027-03-19,225,Call,250.0,AAPL270319C00250000,75.7,78.25,76.975,70.8,0.0,0.0,0.0,1076.0,0.3082,0.8795,0.0026,0.5042,-0.0269,1.2448,77.2975,0.0,0.0,0.0,71.5499992370606,no_change,2026-08-05T12:02:33,293.0,58.0
AAPL,2027-03-19,225,Put,250.0,AAPL270319P00250000,5.15,5.5,5.325,5.37,-0.58,-9.7479,9.0,8101.0,0.3164,-0.124,0.0026,0.5114,-0.0352,-0.2435,5.2413,5.4,5.4,5.37,5.95000004768372,down,2026-08-06T09:45:25,21.0,174.0
AAPL,2027-03-19,225,Call,260.0,AAPL270319C00260000,67.5,69.6,68.55,63.3,0.0,0.0,0.0,2016.0,0.2982,0.8491,0.0031,0.5863,-0.0326,1.2366,69.0818,0.0,0.0,0.0,64.1249980926514,down,2026-08-05T14:13:50,242.0,17.0
AAPL,2027-03-19,225,Put,260.0,AAPL270319P00260000,6.7,7.2,6.95,6.95,-0.725,-9.44625,7.0,3979.0,0.3101,-0.1556,0.0032,0.5954,-0.0402,-0.3024,6.7891,6.96,7.04,6.95,7.67499995231628,down,2026-08-06T09:45:25,19.0,431.0
AAPL,2027-03-19,225,Call,270.0,AAPL270319C00270000,59.6,61.8,60.7,57.42,0.0,0.0,0.0,1817.0,0.2925,0.8134,0.0036,0.6699,-0.0383,1.2155,61.2263,0.0,0.0,0.0,56.2000007629394,up,2026-08-05T15:59:38,200.0,61.0
AAPL,2027-03-19,225,Put,270.0,AAPL270319P00270000,8.55,9.2,8.875,8.9,-0.925,-9.41476,2.0,2888.0,0.3034,-0.1924,0.0037,0.6798,-0.0452,-0.3682,8.7071,8.9,8.9,8.9,9.82499980926514,no_change,2026-08-06T09:32:49,65.0,273.0
AAPL,2027-03-19,225,Call,280.0,AAPL270319C00280000,52.2,54.55,53.375,52.87,3.47,7.02429,6.0,2208.0,0.2891,0.7726,0.0041,0.7515,-0.0436,1.1812,53.8151,54.0,54.0,52.87,49.3999996185303,down,2026-08-06T09:35:05,279.0,88.0
AAPL,2027-03-19,225,Put,280.0,AAPL270319P00280000,11.0,11.3,11.15,11.5,-1.05,-8.36654,2.0,2493.0,0.2976,-0.2352,0.0043,0.7609,-0.0501,-0.4428,11.0832,11.24,11.5,11.24,12.5500001907349,up,2026-08-06T09:36:27,3.0,60.0
AAPL,2027-03-19,225,Call,290.0,AAPL270319C00290000,46.05,47.5,46.775,46.0,3.475,8.17166,2.0,2079.0,0.2887,0.7268,0.0046,0.8269,-0.0484,1.1341,46.8678,46.0,46.0,46.0,42.5249996185303,up,2026-08-06T09:42:59,204.0,23.0
AAPL,2027-03-19,225,Put,290.0,AAPL270319P00290000,13.85,14.4,14.125,15.7,0.0,0.0,0.0,1921.0,0.2917,-0.2834,0.0049,0.8355,-0.0545,-0.5226,13.9677,0.0,0.0,0.0,15.6749997138977,no_change,2026-08-05T15:32:23,21.0,173.0
AAPL,2027-03-19,225,Call,300.0,AAPL270319C00300000,40.3,41.25,40.775,40.51,3.835,10.4567,14.0,2989.0,0.2889,0.6768,0.0051,0.8913,-0.0525,1.0756,40.4594,39.6,40.51,39.2,36.6749992370606,up,2026-08-06T09:46:26,116.0,234.0
AAPL,2027-03-19,225,Put,300.0,AAPL270319P00300000,17.1,17.85,17.475,17.7,-1.8,-9.23077,1.0,2065.0,0.2861,-0.3365,0.0054,0.8988,-0.0582,-0.6047,17.4088,17.7,17.7,17.7,19.5,down,2026-08-06T09:43:51,209.0,403.0
AAPL,2027-03-19,225,Call,310.0,AAPL270319C00310000,33.65,35.0,34.325,33.64,2.665,8.60371,6.0,3744.0,0.2781,0.6234,0.0054,0.9412,-0.0555,1.0073,34.6196,33.6,34.0,33.6,30.9749994277954,down,2026-08-06T09:39:33,440.0,5.0
AAPL,2027-03-19,225,Put,310.0,AAPL270319P00310000,21.25,21.8,21.525,21.8,-2.0,-8.40336,5.0,1065.0,0.2822,-0.3938,0.0058,0.9443,-0.0611,-0.6864,21.4593,21.8,21.8,21.8,23.8000001907349,down,2026-08-06T09:47:01,152.0,340.0
AAPL,2027-03-19,225,Call,320.0,AAPL270319C00320000,28.7,29.85,29.275,28.77,2.545,9.70448,54.0,4782.0,0.2773,0.568,0.0057,0.9739,-0.0574,0.9308,29.371,29.0,29.35,28.25,26.2250003814697,no_change,2026-08-06T09:44:50,368.0,13.0
AAPL,2027-03-19,225,Put,320.0,AAPL270319P00320000,26.0,26.8,26.4,26.35,-2.775,-9.5279,7.0,1243.0,0.2809,-0.454,0.0062,0.969,-0.0629,-0.7591,26.1491,26.3,26.35,26.3,29.125,up,2026-08-06T09:46:37,25.0,374.0
AAPL,2027-03-19,225,Call,330.0,AAPL270319C00330000,24.45,25.15,24.799999999999997,24.3,2.425,11.0857,20.0,7153.0,0.276,0.5118,0.0058,0.9877,-0.0582,0.8487,24.7179,24.65,24.7,24.3,21.875,down,2026-08-06T09:44:06,328.0,13.0
AAPL,2027-03-19,225,Put,330.0,AAPL270319P00330000,31.35,32.05,31.7,34.85,0.0,0.0,0.0,1966.0,0.2779,-0.5159,0.0064,0.9722,-0.0637,-0.8205,31.4885,0.0,0.0,0.0,34.75,down,2026-08-05T12:11:35,17.0,80.0
AAPL,2027-03-19,225,Call,340.0,AAPL270319C00340000,20.55,21.15,20.85,20.2,1.975,10.8368,16.0,3323.0,0.2757,0.4564,0.0058,0.9824,-0.0578,0.7645,20.6516,21.0,21.0,19.9,18.2250003814697,up,2026-08-06T09:44:10,107.0,45.0
AAPL,2027-03-19,225,Put,340.0,AAPL270319P00340000,37.15,38.5,37.825,41.3,0.0,0.0,0.0,269.0,0.2773,-0.5782,0.0066,0.9506,-0.0635,-0.8662,37.4769,0.0,0.0,0.0,41.3500003814697,up,2026-08-05T12:12:32,18.0,283.0
AAPL,2027-03-19,225,Call,350.0,AAPL270319C00350000,17.05,17.65,17.35,17.25,2.225,14.8087,86.0,5405.0,0.2743,0.4028,0.0057,0.9597,-0.0563,0.6812,17.1326,16.65,17.29,16.5,15.0250000953674,no_change,2026-08-06T09:46:33,407.0,298.0
AAPL,2027-03-19,225,Put,350.0,AAPL270319P00350000,43.65,45.85,44.75,49.47,0.0,0.0,0.0,99.0,0.2794,-0.6398,0.0066,0.9021,-0.0623,-0.8847,44.0864,0.0,0.0,0.0,48.25,down,2026-08-03T09:44:14,26.0,508.0
AAPL,2027-03-19,225,Call,360.0,AAPL270319C00360000,13.8,14.55,14.175,12.15,0.0,0.0,0.0,4540.0,0.2714,0.352,0.0055,0.9216,-0.0539,0.6003,14.126,0.0,0.0,0.0,12.3250002861023,no_change,2026-08-05T13:44:01,112.0,47.0
AAPL,2027-03-19,225,Put,360.0,AAPL270319P00360000,50.7,53.1,51.900000000000006,35.75,0.0,0.0,0.0,59.0,0.2784,-0.6994,0.0066,0.832,-0.0605,-0.8661,51.2808,0.0,0.0,0.0,55.9750003814697,down,2026-07-29T09:49:01,61.0,456.0
AAPL,2027-03-19,225,Call,370.0,AAPL270319C00370000,11.35,11.95,11.649999999999999,11.1,1.15,11.5578,31.0,4805.0,0.2709,0.305,0.0052,0.8707,-0.0508,0.5231,11.5792,11.2,11.24,11.1,9.94999980926514,down,2026-08-06T09:45:43,352.0,94.0
AAPL,2027-03-19,225,Put,370.0,AAPL270319P00370000,58.55,60.9,59.724999999999994,68.0,0.0,0.0,0.0,18.0,0.2794,-0.7566,0.0064,0.7479,-0.058,-0.8289,59.0255,0.0,0.0,0.0,63.8249988555908,down,2026-07-31T09:57:58,8.0,464.0
AAPL,2027-03-19,225,Call,380.0,AAPL270319C00380000,9.15,9.75,9.45,9.13,1.055,13.065,10.0,3510.0,0.2695,0.2621,0.0049,0.8113,-0.0472,0.452,9.4499,9.15,9.4,8.95,8.0750002861023,up,2026-08-06T09:45:25,472.0,28.0
AAPL,2027-03-19,225,Put,380.0,AAPL270319P00380000,66.25,69.15,67.7,72.3,0.0,0.0,0.0,24.0,0.2762,-0.8108,0.0062,0.6398,-0.0549,-0.7632,67.2736,0.0,0.0,0.0,72.3999977111816,no_change,2026-08-04T15:54:07,184.0,601.0
AAPL,2027-03-19,225,Call,390.0,AAPL270319C00390000,7.25,7.95,7.6,6.35,0.0,0.0,0.0,856.0,0.2682,0.2236,0.0045,0.7464,-0.0433,0.3878,7.675,0.0,0.0,0.0,6.5,down,2026-08-05T13:07:59,168.0,4.0
AAPL,2027-03-19,225,Put,390.0,AAPL270319P00390000,75.15,77.85,76.5,74.5,0.0,0.0,0.0,1.0,0.2793,-0.8622,0.0061,0.505,-0.0521,-0.6338,75.9867,0.0,0.0,0.0,81.5499992370606,down,2026-07-13T15:59:44,140.0,289.0
AAPL,2027-03-19,225,Call,400.0,AAPL270319C00400000,6.0,6.5,6.25,6.1,0.8,15.0943,66.0,3280.0,0.2692,0.1895,0.004,0.6781,-0.0392,0.3298,6.2134,6.2,6.2,5.95,5.29999995231628,up,2026-08-06T09:45:27,241.0,78.0
AAPL,2027-03-19,225,Put,400.0,AAPL270319P00400000,84.3,87.0,85.65,99.2,0.0,0.0,0.0,6.0,0.2832,-0.9082,0.0056,0.3753,-0.0492,-0.4274,85.1014,0.0,0.0,0.0,90.8250007629394,up,2026-07-31T13:02:09,58.0,147.0
AAPL,2027-03-19,225,Call,410.0,AAPL270319C00410000,4.8,5.25,5.025,4.1,0.0,0.0,0.0,1987.0,0.2693,0.1597,0.0036,0.6101,-0.0352,0.2788,5.015,0.0,0.0,0.0,4.22500014305115,down,2026-08-05T12:51:32,334.0,21.0
AAPL,2027-03-19,225,Put,410.0,AAPL270319P00410000,93.8,96.5,95.15,104.04,0.0,0.0,0.0,1.0,0.2902,-0.9474,0.0045,0.2366,-0.044,-0.2997,94.5966,0.0,0.0,0.0,100.425003051758,down,2026-07-31T15:45:44,104.0,157.0
AAPL,2027-03-19,225,Call,420.0,AAPL270319C00420000,3.75,4.25,4.0,3.87,0.52,15.5224,2.0,549.0,0.2687,0.134,0.0032,0.5441,-0.0312,0.2348,4.0391,4.0,4.0,3.87,3.35000002384186,down,2026-08-06T09:37:20,346.0,29.0
AAPL,2027-03-19,225,Put,420.0,AAPL270319P00420000,103.4,106.25,104.825,0.0,0.0,0.0,0.0,0.0,0.2974,-0.9744,0.0029,0.0953,-0.0164,-0.1311,104.359,0.0,0.0,0.0,110.275001525879,no_change,,117.0,117.0
AAPL,2027-03-19,225,Call,430.0,AAPL270319C00430000,3.0,3.45,3.225,2.92,0.0,0.0,0.0,224.0,0.2693,0.1119,0.0028,0.4807,-0.0275,0.1963,3.2484,0.0,0.0,0.0,2.73499989509583,up,2026-08-05T15:55:56,334.0,119.0
AAPL,2027-03-19,225,Put,430.0,AAPL270319P00430000,113.4,116.15,114.775,0.0,0.0,0.0,0.0,0.0,0.3202,-0.9911,0.0013,0.0444,0.0,-0.0844,114.2681,0.0,0.0,0.0,120.299999237061,no_change,,121.0,121.0
AAPL,2027-03-19,225,Call,440.0,AAPL270319C00440000,2.48,2.87,2.675,2.7,0.485,21.8962,4.0,1574.0,0.272,0.0932,0.0025,0.4226,-0.0241,0.1639,2.6102,2.7,2.7,2.7,2.21499991416931,up,2026-08-06T09:46:26,580.0,513.0
AAPL,2027-03-19,225,Put,440.0,AAPL270319P00440000,123.5,126.1,124.8,136.0,0.0,0.0,0.0,0.0,0.3316,-0.9974,0.0004,0.0,0.0,-0.0362,124.255,0.0,0.0,0.0,130.275001525879,down,2026-06-08T14:56:49,106.0,115.0
AAPL,2027-03-19,225,Call,450.0,AAPL270319C00450000,1.92,2.28,2.0999999999999996,2.0,0.205,11.4206,1.0,260.0,0.2712,0.0774,0.0022,0.3688,-0.021,0.1363,2.0977,2.0,2.0,2.0,1.7950000166893,up,2026-08-06T09:38:53,444.0,173.0
AAPL,2027-03-19,225,Put,450.0,AAPL270319P00450000,133.45,136.1,134.77499999999998,146.15,0.0,0.0,0.0,0.0,0.3524,-1.0,0.0,0.0,0.0,-0.037,134.2514,0.0,0.0,0.0,140.599998474121,down,2026-06-08T14:57:57,2.0,120.0
AAPL,2027-03-19,225,Call,460.0,AAPL270319C00460000,1.56,1.89,1.725,1.42,0.0,0.0,0.0,127.0,0.2732,0.0642,0.0018,0.3208,-0.0182,0.1131,1.6866,0.0,0.0,0.0,1.5,up,2026-08-05T12:23:36,406.0,179.0
AAPL,2027-03-19,225,Put,460.0,AAPL270319P00460000,143.55,146.1,144.825,0.0,0.0,0.0,0.0,0.0,0.3656,-1.0,0.0,0.0,0.0,-0.0378,144.2478,0.0,0.0,0.0,150.25,no_change,,106.0,118.0
AAPL,2027-03-19,225,Call,470.0,AAPL270319C00470000,1.26,1.55,1.405,1.12,0.0,0.0,0.0,278.0,0.2746,0.0532,0.0016,0.2776,-0.0157,0.0939,1.3582,0.0,0.0,0.0,1.18000000715256,up,2026-08-05T12:23:36,292.0,193.0
AAPL,2027-03-19,225,Put,470.0,AAPL270319P00470000,152.9,156.1,154.5,0.0,0.0,0.0,0.0,0.0,0.364,-1.0,0.0,0.0,0.0,-0.0386,154.2442,0.0,0.0,0.0,160.300003051758,no_change,,120.0,109.0
AAPL,2027-03-19,225,Call,480.0,AAPL270319C00480000,1.0,1.22,1.1099999999999999,1.0,0.0,0.0,0.0,185.0,0.2747,0.044,0.0014,0.2395,-0.0135,0.0776,1.0932,0.0,0.0,0.0,0.995000004768372,up,2026-08-05T11:18:46,362.0,47.0
AAPL,2027-03-19,225,Put,480.0,AAPL270319P00480000,162.3,166.1,164.2,0.0,0.0,0.0,0.0,0.0,0.0,-1.0,0.0,0.0,0.0,-0.0394,164.2406,0.0,0.0,0.0,170.25,no_change,,100.0,100.0
AAPL,2027-03-19,225,Call,490.0,AAPL270319C00490000,0.81,1.07,0.9400000000000001,0.8,0.0,0.0,0.0,376.0,0.278,0.0365,0.0012,0.2063,-0.0116,0.0644,0.8839,0.0,0.0,0.0,0.764999985694885,up,2026-08-05T15:54:51,346.0,372.0
AAPL,2027-03-19,225,Put,490.0,AAPL270319P00490000,173.45,176.05,174.75,0.0,0.0,0.0,0.0,0.0,0.4082,-1.0,0.0,0.0,0.0,-0.0403,174.237,0.0,0.0,0.0,180.224998474121,no_change,,97.0,101.0
AAPL,2027-03-19,225,Call,500.0,AAPL270319C00500000,0.71,0.89,0.8,0.75,0.105,16.2791,22.0,239.0,0.2814,0.0303,0.001,0.1778,-0.01,0.0535,0.7172,0.7,0.75,0.7,0.644999980926514,up,2026-08-06T09:46:06,59.0,328.0
AAPL,2027-03-19,225,Put,500.0,AAPL270319P00500000,183.15,186.05,184.60000000000002,0.0,0.0,0.0,0.0,0.0,0.4143,-1.0,0.0,0.0,0.0,-0.0411,184.2334,0.0,0.0,0.0,190.224998474121,no_change,,105.0,14.0
AAPL,2027-03-19,225,Call,510.0,AAPL270319C00510000,0.42,0.83,0.625,0.52,0.0,0.0,0.0,83.0,0.2806,0.0253,0.0008,0.1532,-0.0086,0.0446,0.5861,0.0,0.0,0.0,0.510000005364418,up,2026-08-04T09:31:36,387.0,360.0
AAPL,2027-03-19,225,Put,510.0,AAPL270319P00510000,193.35,196.05,194.7,0.0,0.0,0.0,0.0,0.0,0.434,-1.0,0.0,0.0,0.0,-0.0419,194.2298,0.0,0.0,0.0,200.224998474121,no_change,,85.0,114.0
AAPL,2027-03-19,225,Call,520.0,AAPL270319C00520000,0.29,0.65,0.47,0.35,0.0,0.0,0.0,92.0,0.2788,0.021,0.0007,0.1319,-0.0074,0.0371,0.4779,0.0,0.0,0.0,0.390000000596046,down,2026-08-03T11:58:46,174.0,174.0
AAPL,2027-03-19,225,Put,520.0,AAPL270319P00520000,202.55,206.05,204.3,0.0,0.0,0.0,0.0,0.0,0.411,-1.0,0.0,0.0,0.0,-0.0427,204.2262,0.0,0.0,0.0,210.400001525879,no_change,,100.0,101.0
AAPL,2027-03-19,225,Call,530.0,AAPL270319C00530000,0.21,0.55,0.38,0.39,0.0,0.0,0.0,22.0,0.2799,0.0176,0.0006,0.1136,-0.0064,0.031,0.3928,0.0,0.0,0.0,0.300000004470348,up,2026-08-04T14:34:58,192.0,184.0
AAPL,2027-03-19,225,Put,530.0,AAPL270319P00530000,212.9,216.0,214.45,0.0,0.0,0.0,0.0,0.0,0.4448,-1.0,0.0,0.0,0.0,-0.0436,214.2226,0.0,0.0,0.0,220.400001525879,no_change,,1.0,100.0
AAPL,2027-03-19,225,Call,540.0,AAPL270319C00540000,0.15,0.46,0.305,0.28,0.0,0.0,0.0,169.0,0.2807,0.0148,0.0005,0.0981,-0.0055,0.026,0.3243,0.0,0.0,0.0,0.295000001788139,up,2026-08-05T15:54:49,375.0,312.0
AAPL,2027-03-19,225,Put,540.0,AAPL270319P00540000,222.25,226.0,224.125,0.0,0.0,0.0,0.0,0.0,0.0,-1.0,0.0,0.0,0.0,-0.0444,224.219,0.0,0.0,0.0,230.274993896484,no_change,,101.0,114.0
AAPL,2027-03-19,225,Call,550.0,AAPL270319C00550000,0.1,0.41,0.255,0.51,0.0,0.0,0.0,42.0,0.2827,0.0125,0.0004,0.0851,-0.0048,0.022,0.27,0.0,0.0,0.0,0.194999996572733,down,2026-06-05T13:50:44,173.0,173.0
AAPL,2027-03-19,225,Put,550.0,AAPL270319P00550000,232.35,236.0,234.175,0.0,0.0,0.0,0.0,0.0,0.0,-1.0,0.0,0.0,0.0,-0.0452,234.2154,0.0,0.0,0.0,240.299995422363,no_change,,100.0,109.0
AAPL,2027-03-19,225,Call,560.0,AAPL270319C00560000,0.1,0.36,0.22999999999999998,0.49,0.0,0.0,0.0,12.0,0.2876,0.0105,0.0004,0.0733,-0.0041,0.0184,0.2237,0.0,0.0,0.0,0.175000000745058,down,2026-07-29T11:28:27,132.0,124.0
AAPL,2027-03-19,225,Put,560.0,AAPL270319P00560000,242.75,246.0,244.375,0.0,0.0,0.0,0.0,0.0,0.4736,-1.0,0.0,0.0,0.0,-0.046,244.2118,0.0,0.0,0.0,250.299995422363,no_change,,100.0,109.0
AAPL,2027-03-19,225,Call,570.0,AAPL270319C00570000,0.04,0.32,0.18,0.23,0.0,0.0,0.0,753.0,0.2871,0.009,0.0003,0.064,-0.0036,0.0157,0.1886,0.0,0.0,0.0,0.14499999769032,up,2026-08-04T09:58:51,208.0,208.0
AAPL,2027-03-19,225,Put,570.0,AAPL270319P00570000,252.85,256.0,254.425,0.0,0.0,0.0,0.0,0.0,0.4926,-1.0,0.0,0.0,0.0,-0.0468,254.2082,0.0,0.0,0.0,260.375,no_change,,101.0,109.0
AAPL,2027-03-19,225,Call,580.0,AAPL270319C00580000,0.01,0.28,0.14500000000000002,0.1,0.0,0.0,0.0,21.0,0.2877,0.0076,0.0003,0.0559,-0.0032,0.0134,0.1592,0.0,0.0,0.0,0.124999999068677,down,2026-07-31T09:34:45,133.0,159.0
AAPL,2027-03-19,225,Put,580.0,AAPL270319P00580000,262.5,266.0,264.25,0.0,0.0,0.0,0.0,0.0,0.475,-1.0,0.0,0.0,0.0,-0.0477,264.2046,0.0,0.0,0.0,270.300003051758,no_change,,2.0,109.0
AAPL,2027-03-19,225,Call,590.0,AAPL270319C00590000,0.01,0.29,0.15,0.19,0.0,0.0,0.0,3.0,0.2961,0.0066,0.0002,0.0488,-0.0028,0.0115,0.1351,0.0,0.0,0.0,0.10499999858439,down,2026-07-22T14:14:37,422.0,371.0
AAPL,2027-03-19,225,Put,590.0,AAPL270319P00590000,273.1,276.0,274.55,0.0,0.0,0.0,0.0,0.0,0.5261,-1.0,0.0,0.0,0.0,-0.0485,274.201,0.0,0.0,0.0,280.225006103516,no_change,,93.0,101.0
AAPL,2027-03-19,225,Call,600.0,AAPL270319C00600000,0.01,0.2,0.10500000000000001,0.14,0.025,21.7391,1.0,1541.0,0.2922,0.0056,0.0002,0.0429,-0.0024,0.0099,0.1153,0.14,0.14,0.14,0.115000002086163,up,2026-08-06T09:30:00,187.0,322.0
AAPL,2027-03-19,225,Put,600.0,AAPL270319P00600000,283.0,286.0,284.5,0.0,0.0,0.0,0.0,0.0,0.534,-1.0,0.0,0.0,0.0,-0.0493,284.1974,0.0,0.0,0.0,290.225006103516,no_change,,101.0,113.0
AAPL,2027-06-17,315,Call,5.0,AAPL270617C00005000,309.0,312.8,310.9,299.91,0.0,0.0,0.0,3.0,1.933,1.0,0.0,0.0002,0.0,0.007,310.8759,0.0,0.0,0.0,304.650009155273,down,2026-08-04T10:13:24,64.0,61.0
AAPL,2027-06-17,315,Put,5.0,AAPL270617P00005000,0.0,0.68,0.34,0.12,0.0,0.0,0.0,13.0,2.1507,0.0,0.0,0.0004,-0.0001,-0.0001,0.0039,0.0,0.0,0.0,0.389999985694885,up,2026-04-20T09:30:06,0.0,310.0
AAPL,2027-06-17,315,Call,10.0,AAPL270617C00010000,304.15,308.0,306.075,0.0,0.0,0.0,0.0,0.0,1.7174,1.0,0.0,0.0002,0.0,0.03,305.9259,0.0,0.0,0.0,299.875,no_change,,69.0,3.0
AAPL,2027-06-17,315,Put,10.0,AAPL270617P00010000,0.0,0.48,0.24,0.01,0.0,0.0,0.0,10.0,1.6361,-0.0001,0.0,0.0008,-0.0001,-0.0002,0.0068,0.0,0.0,0.0,0.314999997615814,down,2026-06-08T12:09:49,0.0,259.0
AAPL,2027-06-17,315,Call,15.0,AAPL270617C00015000,299.3,303.15,301.225,291.6,0.0,0.0,0.0,10.0,1.4617,1.0,0.0,0.0004,0.0,0.0535,300.9955,0.0,0.0,0.0,294.949996948242,up,2026-08-04T12:26:37,6.0,3.0
AAPL,2027-06-17,315,Put,15.0,AAPL270617P00015000,0.0,0.68,0.34,0.05,0.0,0.0,0.0,2.0,1.4896,-0.0001,0.0,0.0013,-0.0002,-0.0004,0.0099,0.0,0.0,0.0,0.314999997615814,up,2026-02-05T14:09:34,0.0,226.0
AAPL,2027-06-17,315,Call,20.0,AAPL270617C00020000,294.4,298.3,296.35,0.0,0.0,0.0,0.0,0.0,1.3346,1.0,0.0,0.0013,0.0,0.1019,296.0952,0.0,0.0,0.0,290.099990844727,no_change,,3.0,60.0
AAPL,2027-06-17,315,Put,20.0,AAPL270617P00020000,0.0,0.28,0.14,0.02,0.0,0.0,0.0,15.0,1.1957,-0.0002,0.0,0.0018,-0.0003,-0.0005,0.0133,0.0,0.0,0.0,0.319999992847443,no_change,2026-05-06T11:53:10,0.0,197.0
AAPL,2027-06-17,315,Call,25.0,AAPL270617C00025000,289.6,293.4,291.5,270.32,0.0,0.0,0.0,2.0,1.2239,1.0,0.0,0.0022,0.0,0.1364,291.2161,0.0,0.0,0.0,285.375,up,2026-06-24T14:53:24,6.0,57.0
AAPL,2027-06-17,315,Put,25.0,AAPL270617P00025000,0.0,0.28,0.14,0.03,0.0,0.0,0.0,56.0,1.0943,-0.0002,0.0,0.0025,-0.0003,-0.0007,0.0172,0.0,0.0,0.0,0.324999988079071,no_change,2026-05-19T14:20:22,0.0,202.0
AAPL,2027-06-17,315,Call,30.0,AAPL270617C00030000,284.8,288.65,286.725,240.67,0.0,0.0,0.0,1.0,1.1415,1.0,0.0,0.0031,0.0,0.2094,286.3639,0.0,0.0,0.0,280.449996948242,up,2026-02-24T09:32:49,6.0,3.0
AAPL,2027-06-17,315,Put,30.0,AAPL270617P00030000,0.0,0.29,0.145,0.04,0.0,0.0,0.0,67.0,1.017,-0.0003,0.0,0.0032,-0.0004,-0.0009,0.0216,0.0,0.0,0.0,0.144999995827675,no_change,2026-05-19T13:32:41,0.0,200.0
AAPL,2027-06-17,315,Call,35.0,AAPL270617C00035000,279.95,283.8,281.875,215.61,0.0,0.0,0.0,2.0,1.0575,1.0,0.0,0.0038,0.0,0.2547,281.5344,0.0,0.0,0.0,275.599990844727,down,2026-04-07T09:55:15,71.0,3.0
AAPL,2027-06-17,315,Put,35.0,AAPL270617P00035000,0.0,0.29,0.145,0.11,0.0,0.0,0.0,106.0,0.9491,-0.0004,0.0,0.0041,-0.0005,-0.0012,0.0265,0.0,0.0,0.0,0.144999995827675,no_change,2025-11-24T11:29:19,0.0,203.0
AAPL,2027-06-17,315,Call,40.0,AAPL270617C00040000,275.15,278.9,277.025,282.88,0.0,0.0,0.0,3.0,0.9931,1.0,0.0,0.0048,0.0,0.2931,276.7101,0.0,0.0,0.0,270.800003051758,up,2026-07-23T10:45:59,70.0,50.0
AAPL,2027-06-17,315,Put,40.0,AAPL270617P00040000,0.0,0.29,0.145,0.11,0.0,0.0,0.0,9.0,0.891,-0.0005,0.0,0.005,-0.0006,-0.0015,0.032,0.0,0.0,0.0,0.0850000008940697,no_change,2026-03-12T13:08:09,0.0,201.0
AAPL,2027-06-17,315,Call,45.0,AAPL270617C00045000,270.35,274.1,272.225,0.0,0.0,0.0,0.0,0.0,0.9452,1.0,0.0,0.006,0.0,0.33,271.8874,0.0,0.0,0.0,265.975006103516,no_change,,60.0,58.0
AAPL,2027-06-17,315,Put,45.0,AAPL270617P00045000,0.0,0.29,0.145,0.15,0.0,0.0,0.0,83.0,0.8402,-0.0006,0.0,0.0062,-0.0007,-0.0018,0.0384,0.0,0.0,0.0,0.0750000029802322,no_change,2026-08-03T09:59:31,0.0,198.0
AAPL,2027-06-17,315,Call,50.0,AAPL270617C00050000,265.55,269.35,267.45000000000005,259.97,0.0,0.0,0.0,12.0,0.9095,1.0,0.0,0.0073,0.0,0.3675,267.066,0.0,0.0,0.0,261.175003051758,down,2026-07-31T15:55:19,60.0,59.0
AAPL,2027-06-17,315,Put,50.0,AAPL270617P00050000,0.02,0.1,0.060000000000000005,0.03,0.0,0.0,0.0,718.0,0.726,-0.0007,0.0,0.0074,-0.0008,-0.0022,0.0452,0.0,0.0,0.0,0.0600000005215406,no_change,2026-07-24T09:30:11,1.0,15.0
AAPL,2027-06-17,315,Call,55.0,AAPL270617C00055000,260.7,264.5,262.6,289.96,0.0,0.0,0.0,73.0,0.8592,1.0,0.0,0.0087,0.0,0.4612,262.2614,0.0,0.0,0.0,256.349990844727,down,2026-07-29T09:52:19,63.0,57.0
AAPL,2027-06-17,315,Put,55.0,AAPL270617P00055000,0.0,0.3,0.15,0.03,0.0,0.0,0.0,24.0,0.7576,-0.0009,0.0,0.0088,-0.0009,-0.0027,0.0533,0.0,0.0,0.0,0.155000001192093,down,2026-07-10T12:52:14,0.0,196.0
AAPL,2027-06-17,315,Call,60.0,AAPL270617C00060000,255.85,259.75,257.8,241.95,0.0,0.0,0.0,21.0,0.8182,0.9998,0.0,0.0103,0.0,0.5025,257.4671,0.0,0.0,0.0,251.550003051758,down,2026-06-16T12:51:34,3.0,62.0
AAPL,2027-06-17,315,Put,60.0,AAPL270617P00060000,0.0,0.31,0.155,0.05,0.0,0.0,0.0,76.0,0.7234,-0.001,0.0,0.0104,-0.001,-0.0032,0.0622,0.0,0.0,0.0,0.150000005960464,down,2026-07-31T10:56:18,0.0,194.0
AAPL,2027-06-17,315,Call,65.0,AAPL270617C00065000,251.1,254.9,253.0,214.35,0.0,0.0,0.0,4.0,0.7807,0.9996,0.0,0.0121,0.0,0.5437,252.6738,0.0,0.0,0.0,246.75,down,2026-06-25T12:13:58,6.0,63.0
AAPL,2027-06-17,315,Put,65.0,AAPL270617P00065000,0.01,0.32,0.165,0.05,0.0,0.0,0.0,49.0,0.6944,-0.0012,0.0,0.0122,-0.0011,-0.0038,0.072,0.0,0.0,0.0,0.164999996311963,down,2026-07-31T09:52:37,35.0,250.0
AAPL,2027-06-17,315,Call,70.0,AAPL270617C00070000,246.35,250.1,248.225,209.86,0.0,0.0,0.0,6.0,0.7462,0.9994,0.0,0.0141,0.0,0.5848,247.8817,0.0,0.0,0.0,241.974998474121,down,2026-06-25T11:19:21,62.0,61.0
AAPL,2027-06-17,315,Put,70.0,AAPL270617P00070000,0.05,0.32,0.185,0.13,0.0,0.0,0.0,38.0,0.6718,-0.0014,0.0,0.0142,-0.0013,-0.0044,0.0832,0.0,0.0,0.0,0.180000001564622,down,2026-07-01T12:13:19,3.0,240.0
AAPL,2027-06-17,315,Call,75.0,AAPL270617C00075000,241.55,245.3,243.425,233.0,0.0,0.0,0.0,32.0,0.7142,0.9992,0.0,0.0163,0.0,0.6259,243.0909,0.0,0.0,0.0,237.174995422363,up,2026-08-03T14:36:59,63.0,66.0
AAPL,2027-06-17,315,Put,75.0,AAPL270617P00075000,0.05,0.32,0.185,0.16,0.0,0.0,0.0,638.0,0.6423,-0.0017,0.0,0.0164,-0.0014,-0.0052,0.0957,0.0,0.0,0.0,0.14499999769032,up,2026-07-24T14:58:22,3.0,374.0
AAPL,2027-06-17,315,Call,80.0,AAPL270617C00080000,236.75,240.3,238.525,237.35,4.975,2.14094,1.0,237.0,0.661,0.9989,0.0,0.0187,0.0,0.6668,238.3017,237.35,237.35,237.35,232.375,down,2026-08-06T09:30:01,74.0,51.0
AAPL,2027-06-17,315,Put,80.0,AAPL270617P00080000,0.05,0.2,0.125,0.08,0.0,0.0,0.0,163.0,0.5885,-0.002,0.0,0.0189,-0.0016,-0.006,0.1096,0.0,0.0,0.0,0.125000001862645,down,2026-07-30T13:39:23,43.0,236.0
AAPL,2027-06-17,315,Call,85.0,AAPL270617C00085000,231.95,235.7,233.825,203.49,0.0,0.0,0.0,73.0,0.6566,0.9985,0.0,0.0215,0.0,0.7076,233.5141,0.0,0.0,0.0,227.700004577637,down,2026-05-06T12:11:08,81.0,60.0
AAPL,2027-06-17,315,Put,85.0,AAPL270617P00085000,0.1,0.2,0.15000000000000002,0.23,0.0,0.0,0.0,69.0,0.5753,-0.0023,0.0,0.0217,-0.0018,-0.007,0.1253,0.0,0.0,0.0,0.150000002235174,down,2026-06-25T15:56:08,4.0,151.0
AAPL,2027-06-17,315,Call,90.0,AAPL270617C00090000,227.15,230.9,229.025,234.14,0.0,0.0,0.0,24.0,0.6304,0.9982,0.0,0.0246,0.0,0.7483,228.7284,0.0,0.0,0.0,222.800003051758,up,2026-07-13T10:14:26,82.0,61.0
AAPL,2027-06-17,315,Put,90.0,AAPL270617P00090000,0.1,0.22,0.16,0.17,0.0,0.0,0.0,169.0,0.5556,-0.0027,0.0,0.025,-0.002,-0.0081,0.1429,0.0,0.0,0.0,0.160000000149012,up,2026-07-31T09:48:39,8.0,101.0
AAPL,2027-06-17,315,Call,95.0,AAPL270617C00095000,222.3,226.15,224.22500000000002,234.0,0.0,0.0,0.0,99.0,0.6103,0.9978,0.0001,0.0281,0.0,0.7888,223.9449,0.0,0.0,0.0,218.0,up,2026-07-20T11:36:00,3.0,71.0
AAPL,2027-06-17,315,Put,95.0,AAPL270617P00095000,0.05,0.24,0.145,0.25,0.0,0.0,0.0,166.0,0.5273,-0.0031,0.0001,0.0284,-0.0022,-0.0093,0.1628,0.0,0.0,0.0,0.149999996647239,down,2026-07-07T09:40:12,45.0,96.0
AAPL,2027-06-17,315,Call,100.0,AAPL270617C00100000,217.6,221.4,219.5,213.0,0.0,0.0,0.0,139.0,0.5951,0.9973,0.0001,0.032,0.0,0.8291,219.1639,0.0,0.0,0.0,213.175003051758,up,2026-08-04T15:54:18,62.0,73.0
AAPL,2027-06-17,315,Put,100.0,AAPL270617P00100000,0.1,0.25,0.175,0.18,0.0,0.0,0.0,1624.0,0.5172,-0.0036,0.0001,0.0322,-0.0025,-0.0107,0.185,0.0,0.0,0.0,0.200000002980232,down,2026-08-05T14:46:29,88.0,397.0
AAPL,2027-06-17,315,Call,105.0,AAPL270617C00105000,212.8,216.5,214.65,200.0,0.0,0.0,0.0,80.0,0.5643,0.9968,0.0001,0.0362,0.0,0.8693,214.3856,0.0,0.0,0.0,208.425003051758,down,2026-07-31T11:49:36,6.0,70.0
AAPL,2027-06-17,315,Put,105.0,AAPL270617P00105000,0.11,0.3,0.205,0.35,0.0,0.0,0.0,518.0,0.5062,-0.0041,0.0001,0.0366,-0.0027,-0.0123,0.2101,0.0,0.0,0.0,0.20499999448657,up,2026-07-30T09:47:35,116.0,157.0
AAPL,2027-06-17,315,Call,110.0,AAPL270617C00110000,208.0,211.7,209.85,220.0,0.0,0.0,0.0,54.0,0.543,0.9962,0.0001,0.0411,0.0,0.9092,209.6105,0.0,0.0,0.0,203.674995422363,up,2026-07-20T11:42:16,68.0,73.0
AAPL,2027-06-17,315,Put,110.0,AAPL270617P00110000,0.14,0.33,0.23500000000000001,0.25,0.0,0.0,0.0,201.0,0.4945,-0.0047,0.0001,0.0416,-0.003,-0.0141,0.2383,0.0,0.0,0.0,0.240000009536743,up,2026-08-04T13:31:07,107.0,147.0
AAPL,2027-06-17,315,Call,115.0,AAPL270617C00115000,203.25,207.0,205.125,166.52,0.0,0.0,0.0,254.0,0.5336,0.9955,0.0001,0.0465,0.0,0.9489,204.8391,0.0,0.0,0.0,198.900001525879,down,2026-06-26T09:40:37,75.0,62.0
AAPL,2027-06-17,315,Put,115.0,AAPL270617P00115000,0.16,0.37,0.265,0.53,0.0,0.0,0.0,54.0,0.4822,-0.0055,0.0001,0.047,-0.0034,-0.0162,0.2709,0.0,0.0,0.0,0.270000010728836,up,2026-06-09T09:33:46,135.0,145.0
AAPL,2027-06-17,315,Call,120.0,AAPL270617C00120000,198.45,202.05,200.25,216.02,0.0,0.0,0.0,153.0,0.5068,0.9947,0.0001,0.0524,0.0,0.9883,200.0718,0.0,0.0,0.0,194.125,up,2026-07-30T12:31:15,6.0,65.0
AAPL,2027-06-17,315,Put,120.0,AAPL270617P00120000,0.2,0.42,0.31,0.3,0.0,0.0,0.0,498.0,0.4733,-0.0062,0.0001,0.0529,-0.0037,-0.0184,0.3067,0.0,0.0,0.0,0.310000002384186,down,2026-08-03T15:52:23,137.0,150.0
AAPL,2027-06-17,315,Call,125.0,AAPL270617C00125000,193.7,197.5,195.6,183.0,0.0,0.0,0.0,245.0,0.504,0.9938,0.0001,0.059,0.0,1.0274,195.3093,0.0,0.0,0.0,189.324996948242,down,2026-08-03T15:27:47,66.0,67.0
AAPL,2027-06-17,315,Put,125.0,AAPL270617P00125000,0.3,0.42,0.36,0.54,0.0,0.0,0.0,671.0,0.4643,-0.0071,0.0001,0.0596,-0.0041,-0.021,0.3476,0.0,0.0,0.0,0.359999999403954,up,2026-07-13T09:33:11,23.0,72.0
AAPL,2027-06-17,315,Call,130.0,AAPL270617C00130000,188.95,192.25,190.6,190.28,0.0,0.0,0.0,308.0,0.4595,0.9928,0.0002,0.0664,0.0,1.066,190.5522,0.0,0.0,0.0,184.574996948242,down,2026-07-09T11:39:48,64.0,45.0
AAPL,2027-06-17,315,Put,130.0,AAPL270617P00130000,0.31,0.44,0.375,0.44,0.0,0.0,0.0,513.0,0.449,-0.0082,0.0002,0.0674,-0.0045,-0.024,0.3942,0.0,0.0,0.0,0.409999996423721,up,2026-08-05T09:30:07,342.0,70.0
AAPL,2027-06-17,315,Call,135.0,AAPL270617C00135000,184.2,187.5,185.85,166.69,0.0,0.0,0.0,181.0,0.4493,0.9916,0.0002,0.0747,0.0,1.1043,185.8014,0.0,0.0,0.0,179.824996948242,down,2026-06-15T14:44:11,64.0,41.0
AAPL,2027-06-17,315,Put,135.0,AAPL270617P00135000,0.34,0.49,0.41500000000000004,0.48,0.015,3.22581,1.0,429.0,0.438,-0.0093,0.0002,0.0755,-0.005,-0.0275,0.4472,0.48,0.48,0.48,0.464999988675118,up,2026-08-06T09:33:15,421.0,136.0
AAPL,2027-06-17,315,Call,140.0,AAPL270617C00140000,179.45,182.75,181.1,198.67,0.0,0.0,0.0,198.0,0.4388,0.9903,0.0002,0.0838,0.0,1.142,181.0578,0.0,0.0,0.0,175.099998474121,up,2026-07-30T14:17:11,62.0,41.0
AAPL,2027-06-17,315,Put,140.0,AAPL270617P00140000,0.48,0.68,0.5800000000000001,0.55,0.0,0.0,0.0,342.0,0.4422,-0.0107,0.0002,0.0846,-0.0054,-0.0312,0.5073,0.0,0.0,0.0,0.530000001192093,up,2026-07-29T15:55:08,19.0,151.0
AAPL,2027-06-17,315,Call,145.0,AAPL270617C00145000,174.75,177.9,176.325,170.3,0.0,0.0,0.0,178.0,0.4253,0.9888,0.0002,0.0939,0.0,1.1793,176.3223,0.0,0.0,0.0,170.375,up,2026-08-05T15:38:31,63.0,31.0
AAPL,2027-06-17,315,Put,145.0,AAPL270617P00145000,0.47,0.62,0.5449999999999999,0.58,0.0,0.0,0.0,443.0,0.4212,-0.0122,0.0002,0.0951,-0.006,-0.0356,0.5764,0.0,0.0,0.0,0.689999997615814,down,2026-08-05T13:45:33,320.0,45.0
AAPL,2027-06-17,315,Call,150.0,AAPL270617C00150000,170.0,173.25,171.625,160.0,0.0,0.0,0.0,1262.0,0.4197,0.9872,0.0003,0.1052,0.0,1.2159,171.5959,0.0,0.0,0.0,165.625,down,2026-08-03T11:29:05,60.0,28.0
AAPL,2027-06-17,315,Put,150.0,AAPL270617P00150000,0.61,0.73,0.6699999999999999,0.73,0.0,0.0,0.0,4490.0,0.4183,-0.0139,0.0003,0.1067,-0.0066,-0.0404,0.6531,0.0,0.0,0.0,0.689999997615814,down,2026-07-31T15:15:29,46.0,94.0
AAPL,2027-06-17,315,Call,155.0,AAPL270617C00155000,165.3,168.75,167.025,188.15,0.0,0.0,0.0,145.0,0.4344,0.9853,0.0003,0.1177,0.0,1.2518,166.8802,0.0,0.0,0.0,161.125,no_change,2026-07-27T13:05:10,60.0,33.0
AAPL,2027-06-17,315,Put,155.0,AAPL270617P00155000,0.62,0.94,0.78,0.96,0.0,0.0,0.0,789.0,0.4118,-0.0158,0.0003,0.119,-0.0073,-0.0462,0.7432,0.0,0.0,0.0,0.75,down,2026-07-31T10:20:16,142.0,132.0
AAPL,2027-06-17,315,Call,160.0,AAPL270617C00160000,160.6,164.1,162.35,190.48,0.0,0.0,0.0,320.0,0.4248,0.9831,0.0004,0.1313,0.0,1.2868,162.1767,0.0,0.0,0.0,156.424995422363,up,2026-07-29T14:10:18,54.0,41.0
AAPL,2027-06-17,315,Put,160.0,AAPL270617P00160000,0.8,0.9,0.8500000000000001,0.89,0.0,0.0,0.0,1613.0,0.4019,-0.018,0.0004,0.1327,-0.008,-0.0523,0.8423,0.0,0.0,0.0,0.895000010728836,down,2026-08-05T15:49:20,77.0,86.0
AAPL,2027-06-17,315,Call,165.0,AAPL270617C00165000,155.9,159.7,157.8,145.79,0.0,0.0,0.0,200.0,0.4149,0.9807,0.0004,0.1463,0.0,1.3212,157.4867,0.0,0.0,0.0,151.724998474121,no_change,2026-07-31T11:22:41,52.0,56.0
AAPL,2027-06-17,315,Put,165.0,AAPL270617P00165000,0.86,1.03,0.9450000000000001,1.12,0.0,0.0,0.0,1530.0,0.3933,-0.0205,0.0004,0.1482,-0.0087,-0.0595,0.9566,0.0,0.0,0.0,1.02500003576279,up,2026-08-05T09:37:40,303.0,147.0
AAPL,2027-06-17,315,Call,170.0,AAPL270617C00170000,151.2,154.15,152.675,138.85,0.0,0.0,0.0,267.0,0.3786,0.9779,0.0005,0.163,0.0,1.3544,152.812,0.0,0.0,0.0,146.825004577637,down,2026-07-31T13:21:36,96.0,22.0
AAPL,2027-06-17,315,Put,170.0,AAPL270617P00170000,1.0,1.16,1.08,1.17,0.0,0.0,0.0,1904.0,0.3869,-0.0232,0.0005,0.1653,-0.0096,-0.0674,1.0868,0.0,0.0,0.0,1.2150000333786,no_change,2026-08-05T15:04:56,304.0,152.0
AAPL,2027-06-17,315,Call,175.0,AAPL270617C00175000,146.55,149.9,148.22500000000002,134.2,0.0,0.0,0.0,424.0,0.3852,0.9748,0.0005,0.1812,0.0,1.3865,148.1549,0.0,0.0,0.0,142.174995422363,down,2026-07-31T13:21:36,162.0,101.0
AAPL,2027-06-17,315,Put,175.0,AAPL270617P00175000,1.15,1.32,1.2349999999999999,1.39,0.0,0.0,0.0,2222.0,0.3808,-0.0265,0.0006,0.1835,-0.0105,-0.0766,1.241,0.0,0.0,0.0,1.31499999761581,up,2026-08-03T09:31:05,345.0,213.0
AAPL,2027-06-17,315,Call,180.0,AAPL270617C00180000,141.9,145.35,143.625,136.8,0.0,0.0,0.0,1099.0,0.3805,0.9714,0.0006,0.2009,0.0,1.4175,143.5174,0.0,0.0,0.0,137.450004577637,up,2026-08-05T14:54:59,236.0,216.0
AAPL,2027-06-17,315,Put,180.0,AAPL270617P00180000,1.32,1.49,1.405,1.46,-0.06,-3.94737,10.0,3186.0,0.3749,-0.03,0.0006,0.2038,-0.0115,-0.0866,1.4078,1.46,1.46,1.46,1.52000004053116,down,2026-08-06T09:30:01,263.0,241.0
AAPL,2027-06-17,315,Call,185.0,AAPL270617C00185000,137.3,140.7,139.0,133.12,0.0,0.0,0.0,202.0,0.3737,0.9675,0.0007,0.2224,0.0,1.4472,138.9018,0.0,0.0,0.0,132.924995422363,down,2026-08-04T13:23:02,142.0,110.0
AAPL,2027-06-17,315,Put,185.0,AAPL270617P00185000,1.51,1.69,1.6,2.03,0.0,0.0,0.0,1017.0,0.3691,-0.034,0.0007,0.2264,-0.0126,-0.0979,1.6008,0.0,0.0,0.0,1.71499997377396,up,2026-07-31T10:20:33,248.0,178.0
AAPL,2027-06-17,315,Call,190.0,AAPL270617C00190000,132.7,136.4,134.55,133.38,5.005,3.89873,11.0,697.0,0.3733,0.9631,0.0008,0.2459,0.0,1.4751,134.3108,133.38,133.38,133.38,128.375003814697,up,2026-08-06T09:30:01,182.0,191.0
AAPL,2027-06-17,315,Put,190.0,AAPL270617P00190000,1.77,1.91,1.8399999999999999,2.12,0.0,0.0,0.0,1663.0,0.3644,-0.0385,0.0008,0.2493,-0.0138,-0.1108,1.8186,0.0,0.0,0.0,1.97499996423721,down,2026-08-03T15:12:09,44.0,152.0
AAPL,2027-06-17,315,Call,195.0,AAPL270617C00195000,128.15,131.25,129.7,123.59,0.0,0.0,0.0,338.0,0.3564,0.9583,0.0009,0.271,0.0,1.5016,129.7477,0.0,0.0,0.0,123.825000762939,up,2026-08-04T13:45:53,162.0,88.0
AAPL,2027-06-17,315,Put,195.0,AAPL270617P00195000,2.02,2.16,2.09,2.34,0.0,0.0,0.0,5017.0,0.3592,-0.0435,0.0009,0.2754,-0.015,-0.1247,2.0636,0.0,0.0,0.0,2.25999999046326,up,2026-08-05T15:56:07,34.0,162.0
AAPL,2027-06-17,315,Call,200.0,AAPL270617C00200000,123.3,126.95,125.125,123.54,4.515,3.79332,1.0,7494.0,0.35,0.9528,0.001,0.2979,-0.0012,1.5264,125.215,123.54,123.54,123.54,119.025001525879,up,2026-08-06T09:36:56,358.0,298.0
AAPL,2027-06-17,315,Put,200.0,AAPL270617P00200000,2.27,2.42,2.3449999999999998,2.53,0.0,0.0,0.0,6144.0,0.3532,-0.0491,0.001,0.3032,-0.0163,-0.1403,2.3409,0.0,0.0,0.0,2.54499995708466,down,2026-08-05T15:19:14,118.0,110.0
AAPL,2027-06-17,315,Call,210.0,AAPL270617C00210000,114.5,117.5,116.0,109.79,0.0,0.0,0.0,3614.0,0.3362,0.9402,0.0012,0.3581,-0.0051,1.5697,116.2553,0.0,0.0,0.0,110.150001525879,down,2026-08-05T11:31:59,376.0,156.0
AAPL,2027-06-17,315,Put,210.0,AAPL270617P00210000,2.94,3.2,3.0700000000000003,3.4,0.0,0.0,0.0,4383.0,0.3454,-0.0622,0.0012,0.3641,-0.0191,-0.1765,3.0046,0.0,0.0,0.0,3.30000007152557,up,2026-08-05T15:31:11,123.0,298.0
AAPL,2027-06-17,315,Call,220.0,AAPL270617C00220000,105.8,108.25,107.025,104.8,3.075,3.02286,1.0,4316.0,0.3242,0.9248,0.0014,0.4253,-0.0093,1.6045,107.4617,104.8,104.8,104.8,101.724998474121,up,2026-08-06T09:35:32,258.0,11.0
AAPL,2027-06-17,315,Put,220.0,AAPL270617P00220000,3.75,4.05,3.9,4.21,0.0,0.0,0.0,4887.0,0.3363,-0.0781,0.0015,0.4334,-0.0223,-0.2214,3.8411,0.0,0.0,0.0,4.20000004768372,up,2026-08-05T12:36:18,323.0,393.0
AAPL,2027-06-17,315,Call,230.0,AAPL270617C00230000,97.2,99.8,98.5,92.7,0.0,0.0,0.0,3619.0,0.3195,0.9064,0.0018,0.4993,-0.0136,1.6288,98.8683,0.0,0.0,0.0,93.0499992370606,down,2026-08-05T13:08:52,221.0,54.0
AAPL,2027-06-17,315,Put,230.0,AAPL270617P00230000,4.8,5.15,4.975,5.25,0.0,0.0,0.0,4596.0,0.3289,-0.0973,0.0018,0.5088,-0.0257,-0.273,4.8845,0.0,0.0,0.0,5.375,down,2026-08-05T15:54:30,229.0,335.0
AAPL,2027-06-17,315,Call,240.0,AAPL270617C00240000,89.15,91.4,90.275,88.1,3.225,3.79971,2.0,1652.0,0.316,0.8846,0.0021,0.5795,-0.0182,1.6415,90.5016,89.2,89.2,88.1,84.875,down,2026-08-06T09:45:28,195.0,143.0
AAPL,2027-06-17,315,Put,240.0,AAPL270617P00240000,6.1,6.45,6.275,6.3,-0.5,-7.35294,3.0,4328.0,0.3216,-0.12,0.0022,0.5902,-0.0294,-0.3331,6.1754,6.35,6.35,6.3,6.79999995231628,down,2026-08-06T09:30:17,17.0,526.0
AAPL,2027-06-17,315,Call,250.0,AAPL270617C00250000,81.15,83.45,82.30000000000001,80.78,4.105,5.35377,8.0,2935.0,0.307,0.8592,0.0024,0.6629,-0.0228,1.6427,82.4197,81.75,81.88,80.2,76.6749992370606,up,2026-08-06T09:34:30,349.0,180.0
AAPL,2027-06-17,315,Put,250.0,AAPL270617P00250000,7.65,8.05,7.8500000000000005,7.85,-0.725,-8.45481,1.0,6011.0,0.3151,-0.1464,0.0026,0.6764,-0.0331,-0.4036,7.7462,7.85,7.85,7.85,8.57499980926514,down,2026-08-06T09:43:32,24.0,589.0
AAPL,2027-06-17,315,Call,260.0,AAPL270617C00260000,72.9,75.75,74.325,73.25,4.225,6.12097,10.0,6168.0,0.3031,0.8302,0.0028,0.7482,-0.0273,1.6303,74.6621,73.25,73.25,73.25,69.0250015258789,no_change,2026-08-06T09:40:06,468.0,364.0
AAPL,2027-06-17,315,Put,260.0,AAPL270617P00260000,9.4,9.95,9.675,9.69,-0.96,-9.01409,1.0,6616.0,0.3077,-0.1773,0.003,0.7626,-0.0369,-0.4813,9.6668,9.69,9.69,9.69,10.6500000953674,down,2026-08-06T09:45:54,267.0,361.0
AAPL,2027-06-17,315,Call,270.0,AAPL270617C00270000,66.55,67.75,67.15,66.25,3.8,6.08487,2.0,4977.0,0.3013,0.7974,0.0032,0.8329,-0.0317,1.6045,67.2411,66.25,66.25,66.25,62.4500007629394,up,2026-08-06T09:30:01,546.0,11.0
AAPL,2027-06-17,315,Put,270.0,AAPL270617P00270000,11.8,12.25,12.025,13.15,0.0,0.0,0.0,5302.0,0.3032,-0.212,0.0034,0.8482,-0.0406,-0.5654,11.954,0.0,0.0,0.0,13.1500000953674,down,2026-08-05T15:38:08,13.0,234.0
AAPL,2027-06-17,315,Call,280.0,AAPL270617C00280000,59.55,60.6,60.075,54.43,0.0,0.0,0.0,7740.0,0.2961,0.7612,0.0036,0.9129,-0.0358,1.5666,60.2203,0.0,0.0,0.0,55.5750007629394,down,2026-08-05T14:24:43,233.0,10.0
AAPL,2027-06-17,315,Put,280.0,AAPL270617P00280000,14.45,14.95,14.7,15.7,0.0,0.0,0.0,6558.0,0.2983,-0.2504,0.0038,0.9288,-0.044,-0.6601,14.6418,0.0,0.0,0.0,16.0749998092651,down,2026-08-05T15:59:09,110.0,296.0
AAPL,2027-06-17,315,Call,290.0,AAPL270617C00290000,52.7,54.4,53.55,53.67,4.47,9.08536,3.0,4264.0,0.2927,0.7218,0.0039,0.9865,-0.0395,1.5152,53.6239,52.6,53.67,52.6,49.2000007629394,up,2026-08-06T09:47:07,225.0,205.0
AAPL,2027-06-17,315,Put,290.0,AAPL270617P00290000,17.6,18.15,17.875,19.28,0.0,0.0,0.0,11858.0,0.294,-0.2931,0.0042,1.0004,-0.0472,-0.7529,17.822,0.0,0.0,0.0,19.5,no_change,2026-08-05T13:19:14,68.0,328.0
AAPL,2027-06-17,315,Call,300.0,AAPL270617C00300000,47.5,48.0,47.75,47.5,4.05,9.32106,24.0,9279.0,0.2923,0.6798,0.0042,1.0503,-0.0427,1.4526,47.4837,46.31,47.5,46.1,43.4500007629394,up,2026-08-06T09:46:38,1.0,174.0
AAPL,2027-06-17,315,Put,300.0,AAPL270617P00300000,21.4,21.7,21.549999999999997,21.6,-1.875,-7.98722,5.0,3096.0,0.2907,-0.3385,0.0046,1.0609,-0.0498,-0.8451,21.4456,21.65,22.15,21.6,23.4750003814697,down,2026-08-06T09:43:47,2.0,150.0
AAPL,2027-06-17,315,Call,310.0,AAPL270617C00310000,41.5,42.3,41.9,42.0,4.1,10.8179,22.0,6674.0,0.2874,0.6356,0.0045,1.1015,-0.0452,1.381,41.7989,41.09,42.0,40.78,37.8999996185303,up,2026-08-06T09:46:55,323.0,87.0
AAPL,2027-06-17,315,Put,310.0,AAPL270617P00310000,25.2,26.0,25.6,25.98,-1.895,-6.79821,3.0,1869.0,0.2861,-0.3874,0.0049,1.1071,-0.052,-0.9436,25.6351,25.91,25.98,25.91,27.875,up,2026-08-06T09:34:40,230.0,232.0
AAPL,2027-06-17,315,Call,320.0,AAPL270617C00320000,35.85,36.95,36.400000000000006,36.0,2.925,8.84354,9.0,8157.0,0.2818,0.59,0.0047,1.1391,-0.0471,1.3002,36.6009,35.68,36.45,35.15,33.0749988555908,no_change,2026-08-06T09:44:13,365.0,13.0
AAPL,2027-06-17,315,Put,320.0,AAPL270617P00320000,29.9,30.7,30.299999999999997,32.9,0.0,0.0,0.0,2341.0,0.2836,-0.4378,0.0052,1.1348,-0.0535,-1.025,30.2975,0.0,0.0,0.0,32.9249992370606,up,2026-08-05T15:36:27,175.0,204.0
AAPL,2027-06-17,315,Call,330.0,AAPL270617C00330000,31.55,32.35,31.950000000000003,31.4,2.725,9.50305,12.0,6112.0,0.2815,0.5439,0.0048,1.1614,-0.0482,1.2138,31.882,31.55,31.55,30.75,28.6750001907349,up,2026-08-06T09:45:24,314.0,157.0
AAPL,2027-06-17,315,Put,330.0,AAPL270617P00330000,35.05,35.95,35.5,38.3,0.0,0.0,0.0,1518.0,0.2809,-0.4901,0.0054,1.1424,-0.0545,-1.0908,35.5258,0.0,0.0,0.0,38.5250015258789,down,2026-08-04T15:47:49,67.0,80.0
AAPL,2027-06-17,315,Call,340.0,AAPL270617C00340000,27.3,28.0,27.65,27.5,2.625,10.5528,51.0,4965.0,0.2791,0.4978,0.0049,1.1685,-0.0486,1.1246,27.6371,26.65,27.5,26.6,24.875,up,2026-08-06T09:46:03,493.0,149.0
AAPL,2027-06-17,315,Put,340.0,AAPL270617P00340000,40.75,41.75,41.25,42.1,-2.525,-5.65826,1.0,1142.0,0.2786,-0.543,0.0056,1.1325,-0.0548,-1.1549,41.2938,42.1,42.1,42.1,44.625,down,2026-08-06T09:36:01,61.0,154.0
AAPL,2027-06-17,315,Call,350.0,AAPL270617C00350000,23.5,24.2,23.85,24.05,2.725,12.7784,20.0,9377.0,0.2772,0.4527,0.0049,1.1604,-0.0483,1.0322,23.8498,23.35,24.05,22.75,21.3250007629395,up,2026-08-06T09:46:29,495.0,71.0
AAPL,2027-06-17,315,Put,350.0,AAPL270617P00350000,47.15,48.9,48.025,53.15,0.0,0.0,0.0,369.0,0.2811,-0.5963,0.0057,1.099,-0.0545,-1.1842,47.5972,0.0,0.0,0.0,51.0,down,2026-08-04T11:56:07,18.0,234.0
AAPL,2027-06-17,315,Call,360.0,AAPL270617C00360000,20.5,20.9,20.7,20.0,1.8,9.89011,3.0,4987.0,0.2773,0.409,0.0048,1.1388,-0.0474,0.9412,20.4969,20.44,20.44,19.7,18.1999998092651,up,2026-08-06T09:44:41,24.0,80.0
AAPL,2027-06-17,315,Put,360.0,AAPL270617P00360000,53.95,56.3,55.125,43.93,0.0,0.0,0.0,131.0,0.2826,-0.6492,0.0058,1.0415,-0.0538,-1.177,54.4144,0.0,0.0,0.0,58.1749992370606,up,2026-07-30T15:06:23,8.0,424.0
AAPL,2027-06-17,315,Call,370.0,AAPL270617C00370000,17.35,17.9,17.625,17.58,2.055,13.2367,10.0,5293.0,0.2752,0.3673,0.0047,1.1052,-0.046,0.8522,17.5531,17.0,17.58,16.87,15.5250000953674,up,2026-08-06T09:46:20,508.0,10.0
AAPL,2027-06-17,315,Put,370.0,AAPL270617P00370000,60.5,63.55,62.025,66.85,0.0,0.0,0.0,20.0,0.2777,-0.7009,0.0058,0.9726,-0.0527,-1.1712,61.7237,0.0,0.0,0.0,65.9000015258789,no_change,2026-08-03T09:41:31,131.0,320.0
AAPL,2027-06-17,315,Call,380.0,AAPL270617C00380000,14.65,15.4,15.025,14.4,1.2,9.09091,2.0,5568.0,0.274,0.328,0.0045,1.0609,-0.0441,0.7658,14.9848,14.4,14.4,14.4,13.1999998092651,up,2026-08-06T09:34:29,252.0,105.0
AAPL,2027-06-17,315,Put,380.0,AAPL270617P00380000,68.9,71.35,70.125,78.0,0.0,0.0,0.0,6.0,0.2807,-0.7514,0.0058,0.877,-0.0511,-1.113,69.5117,0.0,0.0,0.0,74.0750007629394,up,2026-07-31T09:30:03,8.0,367.0
AAPL,2027-06-17,315,Call,390.0,AAPL270617C00390000,12.4,13.15,12.775,11.2,0.0,0.0,0.0,3065.0,0.2732,0.2915,0.0043,1.0096,-0.0419,0.6855,12.7596,0.0,0.0,0.0,11.1999998092651,no_change,2026-08-05T15:35:05,175.0,67.0
AAPL,2027-06-17,315,Put,390.0,AAPL270617P00390000,76.6,79.6,78.1,85.3,0.0,0.0,0.0,23.0,0.278,-0.8005,0.0058,0.7662,-0.0499,-0.9892,77.724,0.0,0.0,0.0,82.6500015258789,down,2026-08-04T11:56:36,222.0,530.0
AAPL,2027-06-17,315,Call,400.0,AAPL270617C00400000,10.6,11.15,10.875,10.85,1.35,14.2105,9.0,4416.0,0.2729,0.258,0.004,0.9514,-0.0395,0.6092,10.8429,10.6,10.85,10.4,9.5,up,2026-08-06T09:46:18,605.0,1.0
AAPL,2027-06-17,315,Put,400.0,AAPL270617P00400000,85.35,88.25,86.8,99.13,0.0,0.0,0.0,10.0,0.2795,-0.8474,0.0058,0.6418,-0.0479,-0.8422,86.3635,0.0,0.0,0.0,91.4249992370606,no_change,2026-07-31T13:21:31,211.0,610.0
AAPL,2027-06-17,315,Call,410.0,AAPL270617C00410000,8.95,9.55,9.25,9.0,1.025,12.8527,1.0,1136.0,0.2729,0.2274,0.0038,0.8908,-0.0369,0.54,9.1995,9.0,9.0,9.0,7.97499990463257,up,2026-08-06T09:35:22,329.0,219.0
AAPL,2027-06-17,315,Put,410.0,AAPL270617P00410000,94.5,97.3,95.9,101.42,0.0,0.0,0.0,0.0,0.2827,-0.8907,0.0054,0.4914,-0.0465,-0.6739,95.39,0.0,0.0,0.0,100.950000762939,down,2026-07-31T15:58:02,86.0,246.0
AAPL,2027-06-17,315,Call,420.0,AAPL270617C00420000,7.55,8.0,7.775,7.74,1.015,15.0929,2.0,1141.0,0.272,0.1998,0.0035,0.8271,-0.0342,0.476,7.7979,7.74,7.74,7.74,6.72500014305115,no_change,2026-08-06T09:30:20,453.0,1.0
AAPL,2027-06-17,315,Put,420.0,AAPL270617P00420000,104.1,106.65,105.375,89.0,0.0,0.0,0.0,1.0,0.2892,-0.9287,0.0046,0.3396,-0.0431,-0.4262,104.7554,0.0,0.0,0.0,110.599998474121,down,2026-07-30T15:36:16,40.0,132.0
AAPL,2027-06-17,315,Call,430.0,AAPL270617C00430000,6.35,6.9,6.625,6.5,0.8,14.0351,1.0,1405.0,0.2727,0.1751,0.0032,0.7644,-0.0316,0.4188,6.6056,6.5,6.5,6.5,5.70000004768372,up,2026-08-06T09:30:04,618.0,214.0
AAPL,2027-06-17,315,Put,430.0,AAPL270617P00430000,112.9,116.35,114.625,109.39,0.0,0.0,0.0,1.0,0.2833,-0.958,0.0035,0.2216,-0.0275,-0.3335,114.382,0.0,0.0,0.0,120.575000762939,down,2026-07-23T10:03:09,148.0,155.0
AAPL,2027-06-17,315,Call,440.0,AAPL270617C00440000,5.4,5.9,5.65,5.4,0.6,12.5,1.0,1404.0,0.2735,0.1531,0.0029,0.7017,-0.029,0.3671,5.5957,5.4,5.4,5.4,4.79999995231628,up,2026-08-06T09:31:16,510.0,179.0
AAPL,2027-06-17,315,Put,440.0,AAPL270617P00440000,123.5,126.25,124.875,173.69,0.0,0.0,0.0,1.0,0.308,-0.9788,0.0022,0.0923,-0.001,-0.1436,124.2208,0.0,0.0,0.0,130.525001525879,up,2026-04-21T13:15:58,88.0,115.0
AAPL,2027-06-17,315,Call,450.0,AAPL270617C00450000,4.55,5.05,4.8,3.93,0.0,0.0,0.0,2825.0,0.2742,0.1336,0.0027,0.6422,-0.0265,0.3215,4.7409,0.0,0.0,0.0,4.07499992847443,down,2026-08-05T13:08:08,296.0,241.0
AAPL,2027-06-17,315,Put,450.0,AAPL270617P00450000,133.1,136.2,134.64999999999998,119.5,0.0,0.0,0.0,0.0,0.3146,-0.9915,0.0012,0.0454,0.0,0.0,134.15,0.0,0.0,0.0,140.525001525879,up,2026-07-30T10:03:49,106.0,114.0
AAPL,2027-06-17,315,Call,460.0,AAPL270617C00460000,3.75,4.4,4.075,3.94,0.515,15.0365,10.0,498.0,0.2748,0.1165,0.0024,0.5844,-0.0241,0.2806,4.0199,3.94,3.94,3.94,3.42499995231628,up,2026-08-06T09:43:53,247.0,355.0
AAPL,2027-06-17,315,Put,460.0,AAPL270617P00460000,143.25,146.15,144.7,186.3,0.0,0.0,0.0,0.0,0.3311,-0.9974,0.0004,0.0,0.0,0.0,144.15,0.0,0.0,0.0,150.474998474121,no_change,2025-12-15T15:39:13,102.0,113.0
AAPL,2027-06-17,315,Call,470.0,AAPL270617C00470000,3.25,3.7,3.475,3.06,0.0,0.0,0.0,1186.0,0.2757,0.1015,0.0022,0.5311,-0.0219,0.2453,3.4113,0.0,0.0,0.0,2.92999994754791,up,2026-08-05T11:19:58,301.0,283.0
AAPL,2027-06-17,315,Put,470.0,AAPL270617P00470000,152.55,156.15,154.35000000000002,159.85,0.0,0.0,0.0,0.0,0.3286,-1.0,0.0,0.0,0.0,0.0,154.15,0.0,0.0,0.0,160.474998474121,no_change,2026-06-04T11:52:53,112.0,112.0
AAPL,2027-06-17,315,Call,480.0,AAPL270617C00480000,2.67,3.1,2.885,2.4,0.0,0.0,0.0,140.0,0.275,0.0884,0.002,0.4805,-0.0198,0.2136,2.8985,0.0,0.0,0.0,2.44999992847443,no_change,2026-08-05T14:22:09,350.0,148.0
AAPL,2027-06-17,315,Put,480.0,AAPL270617P00480000,162.65,166.15,164.4,150.0,0.0,0.0,0.0,0.0,0.3448,-1.0,0.0,0.0,0.0,0.0,164.15,0.0,0.0,0.0,170.474998474121,up,2026-07-20T09:50:10,108.0,111.0
AAPL,2027-06-17,315,Call,490.0,AAPL270617C00490000,2.25,2.64,2.4450000000000003,2.04,0.0,0.0,0.0,189.0,0.2756,0.077,0.0018,0.4342,-0.0179,0.1865,2.4663,0.0,0.0,0.0,2.14499998092651,up,2026-08-05T09:32:08,287.0,124.0
AAPL,2027-06-17,315,Put,490.0,AAPL270617P00490000,172.85,176.15,174.5,0.0,0.0,0.0,0.0,0.0,0.3631,-1.0,0.0,0.0,0.0,0.0,174.15,0.0,0.0,0.0,180.474998474121,no_change,,106.0,110.0
AAPL,2027-06-17,315,Call,500.0,AAPL270617C00500000,2.02,2.24,2.13,2.16,0.36,20.0,6.0,747.0,0.2779,0.0671,0.0016,0.3916,-0.0161,0.1624,2.1017,2.04,2.16,2.04,1.80000001192093,up,2026-08-06T09:44:46,293.0,82.0
AAPL,2027-06-17,315,Put,500.0,AAPL270617P00500000,183.0,186.1,184.55,0.0,0.0,0.0,0.0,0.0,0.3784,-1.0,0.0,0.0,0.0,0.0,184.15,0.0,0.0,0.0,190.474998474121,no_change,,106.0,109.0
AAPL,2027-06-17,315,Call,510.0,AAPL270617C00510000,1.73,2.07,1.9,1.8,0.215,13.5647,7.0,63.0,0.2812,0.0584,0.0014,0.3524,-0.0145,0.1417,1.7945,1.8,1.8,1.8,1.58500003814697,no_change,2026-08-06T09:44:24,399.0,468.0
AAPL,2027-06-17,315,Put,510.0,AAPL270617P00510000,193.0,196.1,194.55,0.0,0.0,0.0,0.0,0.0,0.391,-1.0,0.0,0.0,0.0,0.0,194.15,0.0,0.0,0.0,200.224998474121,no_change,,106.0,110.0
AAPL,2027-06-17,315,Call,520.0,AAPL270617C00520000,1.34,1.73,1.5350000000000001,1.25,0.0,0.0,0.0,174.0,0.2792,0.051,0.0013,0.3173,-0.013,0.1238,1.5347,0.0,0.0,0.0,1.33999997377396,no_change,2026-08-05T14:23:12,388.0,343.0
AAPL,2027-06-17,315,Put,520.0,AAPL270617P00520000,202.8,206.1,204.45,0.0,0.0,0.0,0.0,0.0,0.3982,-1.0,0.0,0.0,0.0,0.0,204.15,0.0,0.0,0.0,210.25,no_change,,93.0,111.0
AAPL,2027-06-17,315,Call,530.0,AAPL270617C00530000,1.25,1.44,1.345,1.08,0.0,0.0,0.0,3736.0,0.2814,0.0445,0.0011,0.2851,-0.0117,0.1079,1.3156,0.0,0.0,0.0,1.125,no_change,2026-08-05T12:41:31,264.0,185.0
AAPL,2027-06-17,315,Put,530.0,AAPL270617P00530000,212.6,216.1,214.35,0.0,0.0,0.0,0.0,0.0,0.4046,-1.0,0.0,0.0,0.0,0.0,214.15,0.0,0.0,0.0,220.25,no_change,,101.0,101.0
AAPL,2027-06-17,315,Call,540.0,AAPL270617C00540000,0.94,1.24,1.0899999999999999,0.71,0.0,0.0,0.0,276.0,0.28,0.0388,0.001,0.2556,-0.0105,0.0942,1.1269,0.0,0.0,0.0,0.949999988079071,down,2026-07-31T10:35:19,251.0,150.0
AAPL,2027-06-17,315,Put,540.0,AAPL270617P00540000,222.8,226.1,224.45,0.0,0.0,0.0,0.0,0.0,0.4218,-1.0,0.0,0.0,0.0,0.0,224.15,0.0,0.0,0.0,230.25,no_change,,87.0,101.0
AAPL,2027-06-17,315,Call,550.0,AAPL270617C00550000,0.85,1.16,1.005,0.95,0.125,15.1515,1.0,1121.0,0.2844,0.0339,0.0009,0.2298,-0.0094,0.0824,0.9697,0.95,0.95,0.95,0.824999988079071,up,2026-08-06T09:42:32,305.0,336.0
AAPL,2027-06-17,315,Put,550.0,AAPL270617P00550000,232.75,236.05,234.4,0.0,0.0,0.0,0.0,0.0,0.4306,-1.0,0.0,0.0,0.0,0.0,234.15,0.0,0.0,0.0,240.375,no_change,,83.0,100.0
AAPL,2027-06-17,315,Call,560.0,AAPL270617C00560000,0.66,0.95,0.8049999999999999,0.56,0.0,0.0,0.0,72.0,0.2824,0.0297,0.0008,0.2063,-0.0085,0.072,0.8363,0.0,0.0,0.0,0.724999994039536,up,2026-08-03T10:54:42,345.0,141.0
AAPL,2027-06-17,315,Put,560.0,AAPL270617P00560000,242.75,246.05,244.4,0.0,0.0,0.0,0.0,0.0,0.4418,-1.0,0.0,0.0,0.0,0.0,244.15,0.0,0.0,0.0,250.349998474121,no_change,,83.0,104.0
AAPL,2027-06-17,315,Call,570.0,AAPL270617C00570000,0.56,0.84,0.7,0.5,0.0,0.0,0.0,82.0,0.2839,0.026,0.0007,0.1853,-0.0076,0.0632,0.7229,0.0,0.0,0.0,0.599999994039536,up,2026-08-04T09:30:02,142.0,130.0
AAPL,2027-06-17,315,Put,570.0,AAPL270617P00570000,252.25,256.05,254.15,0.0,0.0,0.0,0.0,0.0,0.4265,-1.0,0.0,0.0,0.0,0.0,254.15,0.0,0.0,0.0,260.25,no_change,,100.0,100.0
AAPL,2027-06-17,315,Call,580.0,AAPL270617C00580000,0.5,0.75,0.625,0.5,0.0,0.0,0.0,25.0,0.2865,0.0229,0.0006,0.1667,-0.0069,0.0556,0.6261,0.0,0.0,0.0,0.584999993443489,down,2026-08-05T12:25:59,264.0,191.0
AAPL,2027-06-17,315,Put,580.0,AAPL270617P00580000,262.75,266.05,264.4,0.0,0.0,0.0,0.0,0.0,0.4635,-1.0,0.0,0.0,0.0,0.0,264.15,0.0,0.0,0.0,270.25,no_change,,78.0,106.0
AAPL,2027-06-17,315,Call,590.0,AAPL270617C00590000,0.47,0.67,0.5700000000000001,0.54,0.08,17.3913,1.0,356.0,0.2898,0.0201,0.0006,0.1498,-0.0062,0.0488,0.5436,0.54,0.54,0.54,0.459999993443489,up,2026-08-06T09:33:03,190.0,270.0
AAPL,2027-06-17,315,Put,590.0,AAPL270617P00590000,272.45,276.05,274.25,0.0,0.0,0.0,0.0,0.0,0.462,-1.0,0.0,0.0,0.0,0.0,274.15,0.0,0.0,0.0,280.25,no_change,,87.0,97.0
AAPL,2027-06-17,315,Call,600.0,AAPL270617C00600000,0.41,0.52,0.46499999999999997,0.51,0.065,14.6067,4.0,2131.0,0.2886,0.0177,0.0005,0.1347,-0.0056,0.043,0.4731,0.46,0.51,0.46,0.445000007748604,up,2026-08-06T09:46:29,173.0,182.0
AAPL,2027-06-17,315,Put,600.0,AAPL270617P00600000,282.55,286.05,284.3,0.0,0.0,0.0,0.0,0.0,0.4776,-1.0,0.0,0.0,0.0,0.0,284.15,0.0,0.0,0.0,290.25,no_change,,82.0,95.0
AAPL,2027-09-17,407,Call,100.0,AAPL270917C00100000,218.75,222.5,220.625,207.0,0.0,0.0,0.0,11.0,0.5488,0.9959,0.0001,0.0514,0.0,1.048,220.2341,0.0,0.0,0.0,214.375,down,2026-07-31T11:35:52,39.0,46.0
AAPL,2027-09-17,407,Put,100.0,AAPL270917P00100000,0.23,0.37,0.3,0.3,0.0,0.0,0.0,235.0,0.49,-0.0053,0.0001,0.0519,-0.0029,-0.0207,0.3108,0.0,0.0,0.0,0.284999996423721,up,2026-08-04T15:47:55,98.0,122.0
AAPL,2027-09-17,407,Call,105.0,AAPL270917C00105000,214.05,217.8,215.925,213.93,0.0,0.0,0.0,5.0,0.5359,0.9952,0.0001,0.0579,0.0,1.0981,215.5268,0.0,0.0,0.0,209.650001525879,up,2026-05-29T09:46:31,35.0,49.0
AAPL,2027-09-17,407,Put,105.0,AAPL270917P00105000,0.28,0.43,0.355,0.37,0.0,0.0,0.0,94.0,0.4812,-0.0061,0.0001,0.0585,-0.0032,-0.0236,0.3512,0.0,0.0,0.0,0.329999998211861,down,2026-07-29T09:30:15,56.0,124.0
AAPL,2027-09-17,407,Call,110.0,AAPL270917C00110000,209.35,213.15,211.25,196.47,0.0,0.0,0.0,1.0,0.5203,0.9943,0.0001,0.065,0.0,1.1478,210.8245,0.0,0.0,0.0,204.949996948242,down,2026-07-31T12:52:20,41.0,44.0
AAPL,2027-09-17,407,Put,110.0,AAPL270917P00110000,0.33,0.44,0.385,0.4,0.0,0.0,0.0,43.0,0.4677,-0.0069,0.0001,0.0658,-0.0035,-0.0269,0.3967,0.0,0.0,0.0,0.385000005364418,up,2026-08-04T15:47:21,55.0,128.0
AAPL,2027-09-17,407,Call,115.0,AAPL270917C00115000,204.65,208.4,206.525,0.0,0.0,0.0,0.0,0.0,0.5053,0.9934,0.0001,0.0731,0.0,1.1971,206.1282,0.0,0.0,0.0,200.224998474121,no_change,,40.0,46.0
AAPL,2027-09-17,407,Put,115.0,AAPL270917P00115000,0.38,0.55,0.465,0.61,0.0,0.0,0.0,4.0,0.4617,-0.0079,0.0001,0.0742,-0.0039,-0.0306,0.4483,0.0,0.0,0.0,0.439999997615814,down,2026-07-06T13:09:04,97.0,158.0
AAPL,2027-09-17,407,Call,120.0,AAPL270917C00120000,199.95,203.65,201.8,0.0,0.0,0.0,0.0,0.0,0.4883,0.9923,0.0002,0.082,0.0,1.2458,201.4385,0.0,0.0,0.0,195.525001525879,no_change,,43.0,49.0
AAPL,2027-09-17,407,Put,120.0,AAPL270917P00120000,0.44,0.56,0.5,0.5,0.0,0.0,0.0,152.0,0.4488,-0.009,0.0002,0.083,-0.0043,-0.0349,0.5069,0.0,0.0,0.0,0.554999992251396,down,2026-08-05T10:55:53,125.0,279.0
AAPL,2027-09-17,407,Call,125.0,AAPL270917C00125000,195.25,199.0,197.125,188.34,0.0,0.0,0.0,120.0,0.4804,0.991,0.0002,0.0917,0.0,1.294,196.7564,0.0,0.0,0.0,190.875,down,2026-08-03T12:42:54,37.0,35.0
AAPL,2027-09-17,407,Put,125.0,AAPL270917P00125000,0.51,0.69,0.6,0.84,0.0,0.0,0.0,15.0,0.4435,-0.0102,0.0002,0.0928,-0.0047,-0.0395,0.5729,0.0,0.0,0.0,0.614999979734421,down,2026-07-02T10:12:16,94.0,135.0
AAPL,2027-09-17,407,Call,130.0,AAPL270917C00130000,190.6,194.35,192.475,174.98,0.0,0.0,0.0,8.0,0.4662,0.9897,0.0002,0.1024,0.0,1.3415,192.0828,0.0,0.0,0.0,186.224998474121,up,2026-06-18T14:24:11,32.0,40.0
AAPL,2027-09-17,407,Put,130.0,AAPL270917P00130000,0.58,0.78,0.6799999999999999,0.77,0.0,0.0,0.0,28.0,0.435,-0.0116,0.0002,0.1038,-0.0052,-0.0449,0.6477,0.0,0.0,0.0,0.665000021457672,down,2026-07-15T12:14:34,100.0,134.0
AAPL,2027-09-17,407,Call,135.0,AAPL270917C00135000,185.9,189.6,187.75,210.0,0.0,0.0,0.0,33.0,0.4506,0.9881,0.0002,0.1144,0.0,1.3884,187.4186,0.0,0.0,0.0,181.550003051758,up,2026-07-27T11:49:24,45.0,38.0
AAPL,2027-09-17,407,Put,135.0,AAPL270917P00135000,0.67,0.87,0.77,0.87,0.0,0.0,0.0,61.0,0.4269,-0.0132,0.0002,0.1163,-0.0057,-0.0509,0.7322,0.0,0.0,0.0,0.75,no_change,2026-07-27T12:47:21,92.0,121.0
AAPL,2027-09-17,407,Call,140.0,AAPL270917C00140000,181.25,184.95,183.1,149.0,0.0,0.0,0.0,3.0,0.4406,0.9864,0.0003,0.1276,0.0,1.4343,182.7653,0.0,0.0,0.0,176.900001525879,up,2026-06-26T14:48:42,39.0,37.0
AAPL,2027-09-17,407,Put,140.0,AAPL270917P00140000,0.76,0.97,0.865,0.89,0.0,0.0,0.0,38.0,0.4186,-0.015,0.0003,0.1294,-0.0062,-0.0578,0.8288,0.0,0.0,0.0,0.905000001192093,down,2026-07-28T10:42:06,93.0,114.0
AAPL,2027-09-17,407,Call,145.0,AAPL270917C00145000,176.6,179.85,178.225,143.85,0.0,0.0,0.0,3.0,0.4157,0.9844,0.0003,0.1419,0.0,1.4794,178.1241,0.0,0.0,0.0,172.25,down,2026-06-25T10:05:11,38.0,27.0
AAPL,2027-09-17,407,Put,145.0,AAPL270917P00145000,0.88,1.08,0.98,1.04,0.0,0.0,0.0,27.0,0.4117,-0.017,0.0003,0.1438,-0.0068,-0.0651,0.9356,0.0,0.0,0.0,0.979999989271164,down,2026-07-31T15:09:30,92.0,123.0
AAPL,2027-09-17,407,Call,150.0,AAPL270917C00150000,171.95,175.2,173.575,187.58,0.0,0.0,0.0,67.0,0.4066,0.9822,0.0004,0.1574,0.0,1.5236,173.4963,0.0,0.0,0.0,167.574996948242,up,2026-07-24T10:39:09,33.0,23.0
AAPL,2027-09-17,407,Put,150.0,AAPL270917P00150000,0.99,1.2,1.095,1.33,0.0,0.0,0.0,66.0,0.4038,-0.0193,0.0004,0.1599,-0.0074,-0.0736,1.0578,0.0,0.0,0.0,1.09999996423721,no_change,2026-07-22T14:03:59,93.0,109.0
AAPL,2027-09-17,407,Call,155.0,AAPL270917C00155000,167.35,170.6,168.975,159.8,0.0,0.0,0.0,23.0,0.4002,0.9798,0.0004,0.1747,0.0,1.5667,168.8833,0.0,0.0,0.0,162.924995422363,down,2026-08-05T10:30:44,37.0,23.0
AAPL,2027-09-17,407,Put,155.0,AAPL270917P00155000,1.14,1.27,1.205,1.3,0.0,0.0,0.0,110.0,0.3952,-0.0218,0.0004,0.1774,-0.0081,-0.083,1.1908,0.0,0.0,0.0,1.25499999523163,no_change,2026-08-05T11:53:50,115.0,87.0
AAPL,2027-09-17,407,Call,160.0,AAPL270917C00160000,162.75,166.0,164.375,154.0,0.0,0.0,0.0,7.0,0.3931,0.977,0.0004,0.1934,0.0,1.6084,164.2872,0.0,0.0,0.0,158.550003051758,down,2026-08-03T15:02:37,46.0,21.0
AAPL,2027-09-17,407,Put,160.0,AAPL270917P00160000,1.29,1.49,1.3900000000000001,1.7,0.0,0.0,0.0,61.0,0.3904,-0.0246,0.0004,0.1961,-0.0089,-0.0938,1.3499,0.0,0.0,0.0,1.41500002145767,up,2026-07-08T15:41:09,67.0,100.0
AAPL,2027-09-17,407,Call,165.0,AAPL270917C00165000,158.15,161.15,159.65,182.65,0.0,0.0,0.0,21.0,0.3795,0.974,0.0005,0.2133,0.0,1.649,159.7096,0.0,0.0,0.0,153.724998474121,up,2026-07-27T10:59:32,52.0,23.0
AAPL,2027-09-17,407,Put,165.0,AAPL270917P00165000,1.46,1.66,1.56,2.95,0.0,0.0,0.0,6.0,0.3839,-0.0278,0.0005,0.2168,-0.0096,-0.105,1.5188,0.0,0.0,0.0,1.63999998569489,up,2026-06-25T14:24:54,71.0,105.0
AAPL,2027-09-17,407,Call,170.0,AAPL270917C00170000,153.6,157.0,155.3,171.06,0.0,0.0,0.0,8.0,0.383,0.9706,0.0006,0.235,0.0,1.6883,155.1523,0.0,0.0,0.0,149.150001525879,up,2026-07-30T12:24:12,47.0,31.0
AAPL,2027-09-17,407,Put,170.0,AAPL270917P00170000,1.65,1.83,1.74,2.23,0.0,0.0,0.0,27.0,0.3774,-0.0313,0.0006,0.2393,-0.0105,-0.1183,1.7197,0.0,0.0,0.0,1.84500002861023,up,2026-07-07T10:29:53,79.0,87.0
AAPL,2027-09-17,407,Call,175.0,AAPL270917C00175000,149.05,152.0,150.525,140.95,0.0,0.0,0.0,51.0,0.3674,0.9668,0.0006,0.2586,0.0,1.7259,150.6175,0.0,0.0,0.0,144.674995422363,down,2026-08-03T10:51:11,50.0,12.0
AAPL,2027-09-17,407,Put,175.0,AAPL270917P00175000,1.86,2.06,1.96,2.25,0.0,0.0,0.0,80.0,0.3718,-0.0352,0.0006,0.2633,-0.0114,-0.133,1.9311,0.0,0.0,0.0,2.07500004768372,down,2026-07-31T12:14:31,91.0,83.0
AAPL,2027-09-17,407,Call,180.0,AAPL270917C00180000,144.5,148.0,146.25,161.79,0.0,0.0,0.0,6.0,0.371,0.9626,0.0007,0.2838,0.0,1.7616,146.1078,0.0,0.0,0.0,140.174995422363,up,2026-07-16T11:48:25,47.0,32.0
AAPL,2027-09-17,407,Put,180.0,AAPL270917P00180000,2.09,2.31,2.2,2.45,0.0,0.0,0.0,58.0,0.3667,-0.0394,0.0007,0.2882,-0.0124,-0.1482,2.177,0.0,0.0,0.0,2.35000002384186,up,2026-08-05T09:37:10,202.0,206.0
AAPL,2027-09-17,407,Call,185.0,AAPL270917C00185000,140.05,143.3,141.675,130.08,0.0,0.0,0.0,23.0,0.3625,0.958,0.0008,0.3104,0.0,1.7959,141.6256,0.0,0.0,0.0,135.674995422363,down,2026-08-03T10:01:38,44.0,19.0
AAPL,2027-09-17,407,Put,185.0,AAPL270917P00185000,2.36,2.58,2.4699999999999998,2.8,0.0,0.0,0.0,43.0,0.3615,-0.0441,0.0008,0.316,-0.0134,-0.166,2.4484,0.0,0.0,0.0,2.61500000953674,down,2026-07-22T11:31:44,98.0,77.0
AAPL,2027-09-17,407,Call,190.0,AAPL270917C00190000,135.55,138.9,137.22500000000002,131.55,0.0,0.0,0.0,235.0,0.3576,0.953,0.0008,0.339,0.0,1.8282,137.173,0.0,0.0,0.0,131.324996948242,down,2026-08-04T15:54:03,42.0,30.0
AAPL,2027-09-17,407,Put,190.0,AAPL270917P00190000,2.66,2.89,2.7750000000000004,3.2,0.0,0.0,0.0,29.0,0.3565,-0.0495,0.0009,0.346,-0.0145,-0.1854,2.7555,0.0,0.0,0.0,2.9449999332428,down,2026-08-04T10:54:36,91.0,89.0
AAPL,2027-09-17,407,Call,195.0,AAPL270917C00195000,131.15,133.95,132.55,125.03,0.0,0.0,0.0,38.0,0.3457,0.9475,0.0009,0.3697,-0.0008,1.858,132.7533,0.0,0.0,0.0,127.100002288818,up,2026-08-05T09:56:56,43.0,11.0
AAPL,2027-09-17,407,Put,195.0,AAPL270917P00195000,3.0,3.25,3.125,2.78,0.0,0.0,0.0,55.0,0.3522,-0.0552,0.001,0.3767,-0.0156,-0.2062,3.0936,0.0,0.0,0.0,3.32500004768372,down,2026-07-30T14:03:07,96.0,91.0
AAPL,2027-09-17,407,Call,200.0,AAPL270917C00200000,126.75,129.55,128.15,121.54,0.0,0.0,0.0,48.0,0.3414,0.9414,0.001,0.4016,-0.0025,1.8858,128.3697,0.0,0.0,0.0,122.224998474121,down,2026-08-05T11:44:21,41.0,15.0
AAPL,2027-09-17,407,Put,200.0,AAPL270917P00200000,3.35,3.6,3.475,3.73,0.0,0.0,0.0,371.0,0.3474,-0.0614,0.0011,0.4096,-0.0168,-0.2279,3.4622,0.0,0.0,0.0,3.77500009536743,down,2026-08-05T15:41:16,207.0,165.0
AAPL,2027-09-17,407,Call,205.0,AAPL270917C00205000,122.4,125.25,123.825,123.48,5.205,4.40076,24.0,80.0,0.3381,0.9348,0.0011,0.4351,-0.0042,1.9115,124.025,122.95,123.48,122.95,118.274997711182,up,2026-08-06T09:32:10,45.0,11.0
AAPL,2027-09-17,407,Put,205.0,AAPL270917P00205000,3.75,4.05,3.9,4.08,0.0,0.0,0.0,84.0,0.3434,-0.0682,0.0012,0.4434,-0.0181,-0.2527,3.8778,0.0,0.0,0.0,4.15000009536743,down,2026-08-05T15:59:32,263.0,209.0
AAPL,2027-09-17,407,Call,210.0,AAPL270917C00210000,118.1,120.4,119.25,112.15,0.0,0.0,0.0,54.0,0.3283,0.9276,0.0012,0.4708,-0.0059,1.9344,119.7224,0.0,0.0,0.0,114.0,up,2026-08-05T10:06:17,48.0,11.0
AAPL,2027-09-17,407,Put,210.0,AAPL270917P00210000,4.25,4.5,4.375,4.7,0.0,0.0,0.0,154.0,0.3397,-0.0757,0.0013,0.481,-0.0194,-0.281,4.3366,0.0,0.0,0.0,4.67500019073486,down,2026-08-05T15:23:52,170.0,176.0
AAPL,2027-09-17,407,Call,215.0,AAPL270917C00215000,113.85,116.4,115.125,106.54,0.0,0.0,0.0,71.0,0.3281,0.9198,0.0014,0.508,-0.0077,1.9544,115.4661,0.0,0.0,0.0,109.524997711182,down,2026-08-03T15:08:02,38.0,7.0
AAPL,2027-09-17,407,Put,215.0,AAPL270917P00215000,4.75,5.0,4.875,5.37,0.0,0.0,0.0,121.0,0.3356,-0.0839,0.0014,0.5178,-0.0207,-0.308,4.8446,0.0,0.0,0.0,5.25,down,2026-07-10T15:30:52,39.0,42.0
AAPL,2027-09-17,407,Call,220.0,AAPL270917C00220000,109.65,112.65,111.15,101.0,0.0,0.0,0.0,27.0,0.3293,0.9114,0.0015,0.546,-0.0095,1.972,111.2595,0.0,0.0,0.0,105.850002288818,up,2026-08-03T12:19:53,33.0,25.0
AAPL,2027-09-17,407,Put,220.0,AAPL270917P00220000,5.3,5.6,5.449999999999999,5.8,0.0,0.0,0.0,797.0,0.3322,-0.0927,0.0015,0.5572,-0.0221,-0.34,5.404,0.0,0.0,0.0,5.875,down,2026-08-05T15:11:38,145.0,184.0
AAPL,2027-09-17,407,Call,225.0,AAPL270917C00225000,105.5,107.85,106.675,99.87,0.0,0.0,0.0,141.0,0.3203,0.9023,0.0016,0.5856,-0.0113,1.9868,107.1058,0.0,0.0,0.0,101.549999237061,down,2026-08-04T12:53:54,36.0,10.0
AAPL,2027-09-17,407,Put,225.0,AAPL270917P00225000,5.9,6.2,6.050000000000001,6.88,0.0,0.0,0.0,209.0,0.3284,-0.1022,0.0017,0.5987,-0.0235,-0.3742,6.0186,0.0,0.0,0.0,6.52500009536743,up,2026-08-03T12:05:28,67.0,41.0
AAPL,2027-09-17,407,Call,230.0,AAPL270917C00230000,101.4,103.55,102.475,98.1,0.0,0.0,0.0,33.0,0.3158,0.8926,0.0017,0.6269,-0.0132,1.9979,103.0096,0.0,0.0,0.0,97.2249984741211,up,2026-08-04T15:22:31,68.0,2.0
AAPL,2027-09-17,407,Put,230.0,AAPL270917P00230000,6.55,6.9,6.725,7.2,0.0,0.0,0.0,172.0,0.3251,-0.1125,0.0018,0.64,-0.025,-0.4084,6.6957,0.0,0.0,0.0,7.27500009536743,down,2026-08-05T15:31:11,234.0,93.0
AAPL,2027-09-17,407,Call,235.0,AAPL270917C00235000,97.35,99.75,98.55,92.09,0.0,0.0,0.0,65.0,0.3149,0.8821,0.0019,0.6686,-0.0151,2.0061,98.9751,0.0,0.0,0.0,93.0750007629394,up,2026-08-05T11:51:42,221.0,27.0
AAPL,2027-09-17,407,Put,235.0,AAPL270917P00235000,7.3,7.65,7.475,8.62,0.0,0.0,0.0,202.0,0.322,-0.1235,0.002,0.6838,-0.0265,-0.4463,7.4361,0.0,0.0,0.0,8.07500004768372,up,2026-08-03T15:38:36,54.0,55.0
AAPL,2027-09-17,407,Call,240.0,AAPL270917C00240000,93.4,96.0,94.7,89.45,0.0,0.0,0.0,511.0,0.3141,0.8709,0.002,0.7108,-0.017,2.0116,95.0055,0.0,0.0,0.0,89.25,up,2026-08-05T13:37:58,183.0,69.0
AAPL,2027-09-17,407,Put,240.0,AAPL270917P00240000,8.1,8.5,8.3,9.2,0.0,0.0,0.0,628.0,0.3192,-0.1353,0.0021,0.7261,-0.028,-0.4874,8.2454,0.0,0.0,0.0,8.9500002861023,down,2026-08-04T12:25:03,247.0,255.0
AAPL,2027-09-17,407,Call,245.0,AAPL270917C00245000,89.5,92.0,90.75,89.88,4.53,5.30755,1.0,18.0,0.3108,0.8591,0.0021,0.7543,-0.0188,2.0132,91.1048,89.88,89.88,89.88,85.3500022888184,up,2026-08-06T09:34:35,210.0,73.0
AAPL,2027-09-17,407,Put,245.0,AAPL270917P00245000,9.0,9.35,9.175,10.05,0.0,0.0,0.0,235.0,0.3162,-0.1479,0.0023,0.7719,-0.0295,-0.5301,9.129,0.0,0.0,0.0,9.92500019073486,down,2026-08-05T14:46:35,193.0,130.0
AAPL,2027-09-17,407,Call,250.0,AAPL270917C00250000,85.65,88.35,87.0,83.11,0.0,0.0,0.0,229.0,0.3094,0.8465,0.0023,0.7979,-0.0207,2.0111,87.2781,0.0,0.0,0.0,82.0250015258789,up,2026-08-05T15:56:53,179.0,98.0
AAPL,2027-09-17,407,Put,250.0,AAPL270917P00250000,9.95,10.4,10.175,10.23,-0.72,-6.57534,2.0,471.0,0.314,-0.1613,0.0024,0.8148,-0.031,-0.5723,10.0905,10.23,10.23,10.23,10.9499998092651,down,2026-08-06T09:42:07,62.0,139.0
AAPL,2027-09-17,407,Call,255.0,AAPL270917C00255000,81.9,84.45,83.17500000000001,77.65,0.0,0.0,0.0,55.0,0.3061,0.8332,0.0024,0.8409,-0.0226,2.0065,83.5285,0.0,0.0,0.0,77.9249992370606,down,2026-08-05T12:08:34,125.0,112.0
AAPL,2027-09-17,407,Put,255.0,AAPL270917P00255000,11.0,11.45,11.225,11.15,-0.925,-7.66046,1.0,127.0,0.3114,-0.1755,0.0026,0.858,-0.0325,-0.6204,11.1342,11.15,11.15,11.15,12.0750002861023,down,2026-08-06T09:43:43,46.0,142.0
AAPL,2027-09-17,407,Call,260.0,AAPL270917C00260000,78.25,80.65,79.45,79.31,4.76,6.38497,11.0,233.0,0.303,0.8191,0.0026,0.8842,-0.0244,1.9982,79.8509,79.1,79.31,79.1,74.5500030517578,no_change,2026-08-06T09:43:53,198.0,58.0
AAPL,2027-09-17,407,Put,260.0,AAPL270917P00260000,12.1,12.55,12.325,13.3,0.0,0.0,0.0,181.0,0.3086,-0.1906,0.0028,0.905,-0.034,-0.6689,12.2638,0.0,0.0,0.0,13.3000001907349,no_change,2026-08-05T11:18:07,156.0,77.0
AAPL,2027-09-17,407,Call,265.0,AAPL270917C00265000,74.65,77.25,75.95,69.62,0.0,0.0,0.0,73.0,0.3021,0.8044,0.0027,0.9271,-0.0262,1.9858,76.2743,0.0,0.0,0.0,71.25,down,2026-08-05T10:11:11,130.0,83.0
AAPL,2027-09-17,407,Put,265.0,AAPL270917P00265000,13.3,13.8,13.55,14.9,0.0,0.0,0.0,775.0,0.3063,-0.2064,0.0029,0.9463,-0.0355,-0.715,13.4887,0.0,0.0,0.0,14.625,no_change,2026-08-03T12:52:20,178.0,86.0
AAPL,2027-09-17,407,Call,270.0,AAPL270917C00270000,71.15,73.95,72.55000000000001,67.75,0.0,0.0,0.0,150.0,0.3011,0.7891,0.0029,0.9686,-0.0279,1.9708,72.7779,0.0,0.0,0.0,67.7999992370606,down,2026-08-05T13:44:41,169.0,145.0
AAPL,2027-09-17,407,Put,270.0,AAPL270917P00270000,14.6,15.1,14.85,16.1,0.0,0.0,0.0,742.0,0.3039,-0.223,0.0031,0.9882,-0.0369,-0.7708,14.8048,0.0,0.0,0.0,16.0250000953674,up,2026-08-04T15:39:07,63.0,60.0
AAPL,2027-09-17,407,Call,275.0,AAPL270917C00275000,67.7,70.55,69.125,63.8,0.0,0.0,0.0,84.0,0.299,0.773,0.003,1.009,-0.0296,1.9529,69.3715,0.0,0.0,0.0,64.375,down,2026-08-05T12:47:45,164.0,57.0
AAPL,2027-09-17,407,Put,275.0,AAPL270917P00275000,15.95,16.5,16.225,16.24,-1.31,-7.46439,1.0,1368.0,0.3013,-0.2406,0.0032,1.0297,-0.0384,-0.8222,16.2321,16.24,16.24,16.24,17.5500001907349,down,2026-08-06T09:45:30,275.0,92.0
AAPL,2027-09-17,407,Call,280.0,AAPL270917C00280000,64.4,66.55,65.475,59.85,0.0,0.0,0.0,240.0,0.2939,0.7564,0.0032,1.0485,-0.0312,1.9307,66.0586,0.0,0.0,0.0,61.4500007629394,up,2026-08-05T10:22:06,144.0,8.0
AAPL,2027-09-17,407,Put,280.0,AAPL270917P00280000,17.6,18.1,17.85,19.15,0.0,0.0,0.0,1411.0,0.3006,-0.2584,0.0034,1.0683,-0.0397,-0.872,17.7373,0.0,0.0,0.0,19.1500005722046,down,2026-08-05T11:22:57,37.0,54.0
AAPL,2027-09-17,407,Call,285.0,AAPL270917C00285000,61.15,63.95,62.55,63.0,4.7,8.06175,1.0,430.0,0.295,0.7393,0.0033,1.086,-0.0327,1.9056,62.8427,63.0,63.0,63.0,58.3000011444092,up,2026-08-06T09:46:26,233.0,186.0
AAPL,2027-09-17,407,Put,285.0,AAPL270917P00285000,19.15,19.65,19.4,21.04,0.0,0.0,0.0,506.0,0.2981,-0.2772,0.0036,1.1053,-0.041,-0.9282,19.3564,0.0,0.0,0.0,20.9250001907349,down,2026-08-04T15:11:22,97.0,58.0
AAPL,2027-09-17,407,Call,290.0,AAPL270917C00290000,58.05,60.6,59.325,54.8,0.0,0.0,0.0,181.0,0.2924,0.7216,0.0034,1.1211,-0.0342,1.8786,59.7244,0.0,0.0,0.0,55.25,up,2026-08-05T13:49:31,104.0,81.0
AAPL,2027-09-17,407,Put,290.0,AAPL270917P00290000,20.65,21.45,21.049999999999997,22.48,0.0,0.0,0.0,317.0,0.2957,-0.2967,0.0037,1.1385,-0.0422,-0.9833,21.085,0.0,0.0,0.0,22.8000001907349,down,2026-08-05T13:19:25,204.0,74.0
AAPL,2027-09-17,407,Call,295.0,AAPL270917C00295000,55.0,57.7,56.35,51.75,0.0,0.0,0.0,302.0,0.2913,0.7034,0.0035,1.1544,-0.0355,1.8481,56.7052,0.0,0.0,0.0,51.7749996185303,up,2026-08-05T10:45:10,74.0,152.0
AAPL,2027-09-17,407,Put,295.0,AAPL270917P00295000,22.65,23.25,22.95,25.0,0.0,0.0,0.0,506.0,0.2945,-0.3168,0.0039,1.1718,-0.0434,-1.0341,22.9278,0.0,0.0,0.0,24.7249994277954,down,2026-08-05T11:44:13,144.0,94.0
AAPL,2027-09-17,407,Call,300.0,AAPL270917C00300000,52.1,54.65,53.375,52.41,3.235,6.57855,1.0,1064.0,0.2893,0.6848,0.0036,1.1853,-0.0368,1.8141,53.7881,52.41,52.41,52.41,49.1749992370606,up,2026-08-06T09:39:55,236.0,136.0
AAPL,2027-09-17,407,Put,300.0,AAPL270917P00300000,24.6,25.2,24.9,27.1,0.0,0.0,0.0,682.0,0.293,-0.3375,0.004,1.199,-0.0444,-1.088,24.8832,0.0,0.0,0.0,26.8499994277954,down,2026-08-05T10:19:39,70.0,88.0
AAPL,2027-09-17,407,Call,305.0,AAPL270917C00305000,49.35,51.95,50.650000000000006,51.0,4.0,8.51064,2.0,372.0,0.2887,0.6659,0.0038,1.2132,-0.0379,1.779,50.9734,49.99,51.0,49.99,47.0,up,2026-08-06T09:46:49,678.0,473.0
AAPL,2027-09-17,407,Put,305.0,AAPL270917P00305000,26.65,27.3,26.975,30.7,0.0,0.0,0.0,114.0,0.2916,-0.3587,0.0042,1.2242,-0.0454,-1.1444,26.9469,0.0,0.0,0.0,29.0249996185303,up,2026-08-04T10:01:31,96.0,85.0
AAPL,2027-09-17,407,Call,310.0,AAPL270917C00310000,47.1,48.95,48.025000000000006,48.02,3.745,8.4585,21.0,356.0,0.2882,0.6467,0.0038,1.2383,-0.0389,1.7418,48.2542,46.58,48.1,46.58,44.2749996185303,up,2026-08-06T09:46:49,240.0,217.0
AAPL,2027-09-17,407,Put,310.0,AAPL270917P00310000,28.6,29.45,29.025,31.37,0.0,0.0,0.0,267.0,0.289,-0.3807,0.0043,1.2454,-0.0463,-1.1858,29.1549,0.0,0.0,0.0,31.25,down,2026-08-05T15:41:47,226.0,74.0
AAPL,2027-09-17,407,Call,315.0,AAPL270917C00315000,44.25,46.0,45.125,44.65,2.85,6.81818,1.0,484.0,0.2847,0.6272,0.0039,1.2606,-0.0398,1.7012,45.6447,44.65,44.65,44.65,41.7999992370606,up,2026-08-06T09:36:53,388.0,7.0
AAPL,2027-09-17,407,Put,315.0,AAPL270917P00315000,31.1,31.8,31.450000000000003,36.42,0.0,0.0,0.0,167.0,0.2889,-0.4025,0.0044,1.2625,-0.0471,-1.2347,31.4341,0.0,0.0,0.0,33.7750015258789,down,2026-07-31T11:43:22,109.0,76.0
AAPL,2027-09-17,407,Call,320.0,AAPL270917C00320000,41.95,43.5,42.725,42.15,2.7,6.8441,4.0,969.0,0.2844,0.6075,0.004,1.2798,-0.0406,1.6593,43.139,41.87,42.34,41.87,39.4500007629394,down,2026-08-06T09:39:55,354.0,5.0
AAPL,2027-09-17,407,Put,320.0,AAPL270917P00320000,33.55,34.2,33.875,36.09,0.0,0.0,0.0,98.0,0.2878,-0.425,0.0046,1.2765,-0.0478,-1.2828,33.8484,0.0,0.0,0.0,36.3500003814697,down,2026-08-05T15:49:04,62.0,71.0
AAPL,2027-09-17,407,Call,325.0,AAPL270917C00325000,39.8,41.2,40.5,36.7,0.0,0.0,0.0,273.0,0.2845,0.5878,0.0041,1.2956,-0.0412,1.6171,40.7351,0.0,0.0,0.0,37.1000003814697,no_change,2026-08-05T14:56:12,151.0,15.0
AAPL,2027-09-17,407,Put,325.0,AAPL270917P00325000,36.05,36.75,36.4,40.03,0.0,0.0,0.0,375.0,0.2864,-0.4481,0.0047,1.2856,-0.0484,-1.3246,36.4102,0.0,0.0,0.0,39.0249996185303,down,2026-08-03T13:13:39,100.0,72.0
AAPL,2027-09-17,407,Call,330.0,AAPL270917C00330000,37.7,38.9,38.3,34.76,0.0,0.0,0.0,577.0,0.2844,0.5679,0.0041,1.3083,-0.0418,1.5725,38.4321,0.0,0.0,0.0,34.9250011444092,no_change,2026-08-05T13:44:26,210.0,20.0
AAPL,2027-09-17,407,Put,330.0,AAPL270917P00330000,38.7,39.45,39.075,41.77,0.0,0.0,0.0,301.0,0.286,-0.4708,0.0048,1.2892,-0.0488,-1.3631,39.0327,0.0,0.0,0.0,41.7249984741211,down,2026-08-05T12:15:14,103.0,70.0
AAPL,2027-09-17,407,Call,335.0,AAPL270917C00335000,35.75,36.6,36.175,35.7,2.875,8.75857,1.0,561.0,0.2841,0.5481,0.0042,1.3177,-0.0422,1.526,36.2305,35.7,35.7,35.7,32.8249988555908,up,2026-08-06T09:31:39,405.0,21.0
AAPL,2027-09-17,407,Put,335.0,AAPL270917P00335000,41.15,42.25,41.7,49.0,0.0,0.0,0.0,636.0,0.2836,-0.4942,0.0049,1.2912,-0.0492,-1.3997,41.8081,0.0,0.0,0.0,44.7000007629394,up,2026-07-31T12:33:55,28.0,30.0
AAPL,2027-09-17,407,Call,340.0,AAPL270917C00340000,33.65,34.5,34.075,31.63,0.0,0.0,0.0,665.0,0.2832,0.5283,0.0042,1.3239,-0.0425,1.4798,34.1285,0.0,0.0,0.0,30.8999996185303,down,2026-08-05T15:57:31,193.0,5.0
AAPL,2027-09-17,407,Put,340.0,AAPL270917P00340000,43.85,45.15,44.5,49.03,0.0,0.0,0.0,125.0,0.2821,-0.5176,0.005,1.2879,-0.0495,-1.43,44.6909,0.0,0.0,0.0,47.625,down,2026-08-03T10:17:20,155.0,44.0
AAPL,2027-09-17,407,Call,345.0,AAPL270917C00345000,31.65,32.5,32.075,28.57,0.0,0.0,0.0,695.0,0.2824,0.5087,0.0042,1.327,-0.0427,1.4334,32.123,0.0,0.0,0.0,29.0,up,2026-08-05T15:00:28,142.0,5.0
AAPL,2027-09-17,407,Put,345.0,AAPL270917P00345000,47.25,48.2,47.725,50.4,0.0,0.0,0.0,96.0,0.283,-0.5412,0.005,1.2744,-0.0497,-1.449,47.6937,0.0,0.0,0.0,50.8500003814697,down,2026-08-05T13:37:16,9.0,27.0
AAPL,2027-09-17,407,Call,350.0,AAPL270917C00350000,29.85,30.65,30.25,29.35,2.1,7.70642,3.0,3055.0,0.2822,0.4892,0.0042,1.3268,-0.0427,1.3851,30.213,29.75,29.75,29.35,27.25,down,2026-08-06T09:40:51,168.0,49.0
AAPL,2027-09-17,407,Put,350.0,AAPL270917P00350000,50.4,51.55,50.974999999999994,57.0,0.0,0.0,0.0,50.0,0.2832,-0.5648,0.0051,1.2604,-0.0498,-1.4639,50.8197,0.0,0.0,0.0,53.9250011444092,up,2026-08-03T15:47:07,9.0,39.0
AAPL,2027-09-17,407,Call,355.0,AAPL270917C00355000,27.9,29.15,28.525,25.03,0.0,0.0,0.0,445.0,0.2806,0.4699,0.0042,1.3235,-0.0427,1.3365,28.3976,0.0,0.0,0.0,25.5249996185303,up,2026-08-05T12:47:01,106.0,40.0
AAPL,2027-09-17,407,Put,355.0,AAPL270917P00355000,53.35,55.05,54.2,44.79,0.0,0.0,0.0,212.0,0.2824,-0.5885,0.0052,1.2437,-0.0498,-1.4815,54.0509,0.0,0.0,0.0,57.0750007629394,down,2026-07-30T13:41:57,27.0,156.0
AAPL,2027-09-17,407,Call,360.0,AAPL270917C00360000,26.3,27.1,26.700000000000003,23.8,0.0,0.0,0.0,1435.0,0.2807,0.4509,0.0042,1.3176,-0.0425,1.2892,26.6733,0.0,0.0,0.0,23.9250001907349,no_change,2026-08-04T15:31:28,63.0,13.0
AAPL,2027-09-17,407,Put,360.0,AAPL270917P00360000,56.55,58.65,57.599999999999994,64.94,0.0,0.0,0.0,9.0,0.2823,-0.612,0.0052,1.2233,-0.0498,-1.4889,57.3829,0.0,0.0,0.0,60.7749996185303,up,2026-07-31T09:32:03,29.0,107.0
AAPL,2027-09-17,407,Call,365.0,AAPL270917C00365000,24.65,25.5,25.075,21.04,0.0,0.0,0.0,1503.0,0.2801,0.4322,0.0042,1.3089,-0.0423,1.2418,25.0369,0.0,0.0,0.0,22.3999996185303,up,2026-08-05T09:36:57,118.0,67.0
AAPL,2027-09-17,407,Put,365.0,AAPL270917P00365000,60.3,62.0,61.15,67.02,0.0,0.0,0.0,3.0,0.2824,-0.6358,0.0053,1.1897,-0.0497,-1.4859,60.8485,0.0,0.0,0.0,64.5499992370606,down,2026-07-02T10:41:10,4.0,81.0
AAPL,2027-09-17,407,Call,370.0,AAPL270917C00370000,23.0,24.2,23.6,20.57,0.0,0.0,0.0,522.0,0.2801,0.414,0.0042,1.2972,-0.0419,1.1935,23.4909,0.0,0.0,0.0,20.9250001907349,up,2026-08-05T13:56:11,80.0,74.0
AAPL,2027-09-17,407,Put,370.0,AAPL270917P00370000,63.15,66.15,64.65,70.42,0.0,0.0,0.0,103.0,0.2813,-0.6591,0.0053,1.1561,-0.0494,-1.473,64.4197,0.0,0.0,0.0,68.3999977111816,no_change,2026-08-04T10:19:23,133.0,269.0
AAPL,2027-09-17,407,Call,375.0,AAPL270917C00375000,21.75,22.5,22.125,22.05,2.425,12.3567,515.0,1610.0,0.2795,0.396,0.0041,1.283,-0.0415,1.1458,22.0214,21.9,22.1,21.85,19.625,no_change,2026-08-06T09:46:36,463.0,186.0
AAPL,2027-09-17,407,Put,375.0,AAPL270917P00375000,67.4,69.7,68.55000000000001,68.85,-3.375,-4.67289,3.0,19.0,0.2828,-0.6824,0.0054,1.1229,-0.0491,-1.4744,68.0873,68.85,68.85,68.85,72.2249984741211,down,2026-08-06T09:39:00,14.0,501.0
AAPL,2027-09-17,407,Call,380.0,AAPL270917C00380000,20.5,21.05,20.775,20.8,2.525,13.8167,172.0,903.0,0.2791,0.3785,0.0041,1.267,-0.041,1.1001,20.6396,20.5,20.9,20.4,18.2749996185303,no_change,2026-08-06T09:47:03,89.0,20.0
AAPL,2027-09-17,407,Put,380.0,AAPL270917P00380000,70.95,73.5,72.225,102.11,0.0,0.0,0.0,60.0,0.2817,-0.7058,0.0054,1.0775,-0.049,-1.406,71.854,0.0,0.0,0.0,75.9000015258789,no_change,2026-06-25T12:05:37,37.0,261.0
AAPL,2027-09-17,407,Call,385.0,AAPL270917C00385000,18.95,19.75,19.35,19.6,2.475,14.4526,309.0,537.0,0.278,0.3613,0.004,1.2488,-0.0404,1.0544,19.3276,19.45,19.6,19.4,17.125,no_change,2026-08-06T09:46:32,401.0,28.0
AAPL,2027-09-17,407,Put,385.0,AAPL270917P00385000,74.8,77.4,76.1,87.88,0.0,0.0,0.0,21.0,0.2813,-0.729,0.0054,1.0287,-0.0488,-1.3883,75.7392,0.0,0.0,0.0,80.125,down,2026-06-16T15:48:41,93.0,334.0
AAPL,2027-09-17,407,Call,390.0,AAPL270917C00390000,17.95,18.6,18.275,18.4,2.475,15.5416,44.0,371.0,0.2788,0.3447,0.004,1.2281,-0.0397,1.0086,18.0944,17.55,18.4,17.55,15.9249997138977,no_change,2026-08-06T09:46:31,231.0,102.0
AAPL,2027-09-17,407,Put,390.0,AAPL270917P00390000,78.45,81.35,79.9,84.2,0.0,0.0,0.0,3.0,0.2792,-0.7514,0.0054,0.9798,-0.048,-1.3565,79.728,0.0,0.0,0.0,84.125,down,2026-07-06T09:47:38,123.0,326.0
AAPL,2027-09-17,407,Call,395.0,AAPL270917C00395000,16.45,17.4,16.924999999999997,22.75,0.0,0.0,0.0,181.0,0.2769,0.3286,0.0039,1.2058,-0.039,0.9642,16.9336,0.0,0.0,0.0,14.875,down,2026-07-30T09:34:15,146.0,75.0
AAPL,2027-09-17,407,Put,395.0,AAPL270917P00395000,82.5,85.45,83.975,0.0,0.0,0.0,0.0,0.0,0.279,-0.7739,0.0055,0.9313,-0.0476,-1.3164,83.7892,0.0,0.0,0.0,88.7749977111816,no_change,,139.0,286.0
AAPL,2027-09-17,407,Call,400.0,AAPL270917C00400000,15.8,16.2,16.0,16.05,2.125,15.2603,127.0,3828.0,0.278,0.3129,0.0038,1.1825,-0.0382,0.9218,15.8413,15.3,16.05,15.3,13.9250001907349,no_change,2026-08-06T09:46:42,49.0,19.0
AAPL,2027-09-17,407,Put,400.0,AAPL270917P00400000,87.2,89.65,88.42500000000001,94.56,0.0,0.0,0.0,3.0,0.2822,-0.7968,0.0055,0.854,-0.0472,-1.1754,87.9697,0.0,0.0,0.0,92.6000022888184,up,2026-08-03T13:29:39,10.0,304.0
AAPL,2027-09-17,407,Call,410.0,AAPL270917C00410000,13.4,14.25,13.825,11.85,0.0,0.0,0.0,280.0,0.2759,0.2833,0.0037,1.1315,-0.0366,0.839,13.8522,0.0,0.0,0.0,12.0999999046326,down,2026-08-04T14:40:22,101.0,59.0
AAPL,2027-09-17,407,Put,410.0,AAPL270917P00410000,95.4,98.35,96.875,105.19,0.0,0.0,0.0,16.0,0.2801,-0.8403,0.0055,0.7388,-0.046,-1.075,96.594,0.0,0.0,0.0,101.825000762939,up,2026-08-03T09:31:48,197.0,507.0
AAPL,2027-09-17,407,Call,420.0,AAPL270917C00420000,11.8,12.45,12.125,10.25,0.0,0.0,0.0,1294.0,0.2761,0.2557,0.0035,1.076,-0.0348,0.7611,12.098,0.0,0.0,0.0,10.5749998092651,down,2026-08-05T13:10:19,131.0,40.0
AAPL,2027-09-17,407,Put,420.0,AAPL270917P00420000,104.5,107.4,105.95,89.11,0.0,0.0,0.0,3.0,0.2828,-0.881,0.0052,0.5759,-0.0456,-0.73,105.5685,0.0,0.0,0.0,111.125,no_change,2026-07-27T09:46:50,61.0,259.0
AAPL,2027-09-17,407,Call,430.0,AAPL270917C00430000,10.15,10.9,10.525,9.05,0.0,0.0,0.0,244.0,0.2752,0.2304,0.0033,1.0189,-0.0329,0.689,10.5624,0.0,0.0,0.0,9.1749997138977,up,2026-08-05T13:14:48,251.0,84.0
AAPL,2027-09-17,407,Put,430.0,AAPL270917P00430000,113.95,116.75,115.35,128.5,0.0,0.0,0.0,5.0,0.2864,-0.9179,0.0046,0.4296,-0.0451,-0.6774,114.886,0.0,0.0,0.0,120.5,no_change,2026-07-31T14:17:26,69.0,144.0
AAPL,2027-09-17,407,Call,440.0,AAPL270917C00440000,8.85,9.6,9.225,8.8,0.8,10.0,2.0,75.0,0.2756,0.2071,0.0031,0.9591,-0.031,0.6213,9.2165,8.8,8.8,8.8,8.0,up,2026-08-06T09:35:47,224.0,226.0
AAPL,2027-09-17,407,Put,440.0,AAPL270917P00440000,122.65,126.4,124.525,112.8,0.0,0.0,0.0,20.0,0.2767,-0.9495,0.004,0.2959,-0.0339,-0.4136,124.421,0.0,0.0,0.0,130.375,down,2026-07-16T09:45:28,115.0,143.0
AAPL,2027-09-17,407,Call,450.0,AAPL270917C00450000,7.7,8.45,8.075,6.75,0.0,0.0,0.0,243.0,0.276,0.1859,0.0029,0.9006,-0.029,0.5603,8.0433,0.0,0.0,0.0,6.97500014305115,up,2026-08-05T12:08:40,212.0,89.0
AAPL,2027-09-17,407,Put,450.0,AAPL270917P00450000,133.15,136.25,134.7,0.0,0.0,0.0,0.0,0.0,0.2989,-0.9714,0.0028,0.1285,-0.0081,-0.2506,134.227,0.0,0.0,0.0,140.5,no_change,,78.0,110.0
AAPL,2027-09-17,407,Call,460.0,AAPL270917C00460000,6.75,7.3,7.025,7.0,0.925,15.2263,15.0,85.0,0.2756,0.1667,0.0027,0.8413,-0.0271,0.5032,7.0221,7.0,7.0,7.0,6.07500004768372,no_change,2026-08-06T09:46:12,301.0,56.0
AAPL,2027-09-17,407,Put,460.0,AAPL270917P00460000,142.8,146.2,144.5,0.0,0.0,0.0,0.0,0.0,0.3058,-0.9874,0.0015,0.0422,0.0,0.0,144.15,0.0,0.0,0.0,150.349998474121,no_change,,107.0,112.0
AAPL,2027-09-17,407,Call,470.0,AAPL270917C00470000,5.95,6.35,6.15,6.15,0.85,16.0377,67.0,189.0,0.2763,0.1493,0.0025,0.7844,-0.0253,0.4526,6.1344,6.15,6.15,6.15,5.29999995231628,no_change,2026-08-06T09:46:16,431.0,34.0
AAPL,2027-09-17,407,Put,470.0,AAPL270917P00470000,152.8,156.2,154.5,0.0,0.0,0.0,0.0,0.0,0.3188,-0.9957,0.0005,0.0,0.0,0.0,154.15,0.0,0.0,0.0,160.25,no_change,,99.0,109.0
AAPL,2027-09-17,407,Call,480.0,AAPL270917C00480000,5.15,5.7,5.425000000000001,4.45,0.0,0.0,0.0,78.0,0.2774,0.1336,0.0023,0.7292,-0.0235,0.406,5.3627,0.0,0.0,0.0,4.59999990463257,down,2026-08-05T14:39:39,234.0,189.0
AAPL,2027-09-17,407,Put,480.0,AAPL270917P00480000,162.9,166.15,164.525,0.0,0.0,0.0,0.0,0.0,0.3323,-1.0,0.0,0.0,0.0,0.0,164.15,0.0,0.0,0.0,170.375,no_change,,85.0,106.0
AAPL,2027-09-17,407,Call,490.0,AAPL270917C00490000,4.5,4.9,4.7,4.05,0.0,0.0,0.0,27.0,0.2772,0.1196,0.0022,0.6758,-0.0217,0.3639,4.6937,0.0,0.0,0.0,4.02500009536743,up,2026-08-05T11:26:27,229.0,95.0
AAPL,2027-09-17,407,Put,490.0,AAPL270917P00490000,172.75,176.15,174.45,0.0,0.0,0.0,0.0,0.0,0.3416,-1.0,0.0,0.0,0.0,0.0,174.15,0.0,0.0,0.0,180.224998474121,no_change,,97.0,106.0
AAPL,2027-09-17,407,Call,500.0,AAPL270917C00500000,3.95,4.3,4.125,3.5,0.0,0.0,0.0,338.0,0.2779,0.1071,0.002,0.6261,-0.0201,0.3267,4.1126,0.0,0.0,0.0,3.52500009536743,up,2026-08-04T13:27:06,81.0,46.0
AAPL,2027-09-17,407,Put,500.0,AAPL270917P00500000,182.6,186.15,184.375,0.0,0.0,0.0,0.0,0.0,0.3499,-1.0,0.0,0.0,0.0,0.0,184.15,0.0,0.0,0.0,190.224998474121,no_change,,94.0,106.0
AAPL,2027-09-17,407,Call,510.0,AAPL270917C00510000,3.4,3.8,3.5999999999999996,2.35,0.0,0.0,0.0,83.0,0.2782,0.0958,0.0018,0.5785,-0.0186,0.2925,3.6083,0.0,0.0,0.0,3.09500002861023,down,2026-07-31T12:23:55,176.0,52.0
AAPL,2027-09-17,407,Put,510.0,AAPL270917P00510000,192.55,196.1,194.325,0.0,0.0,0.0,0.0,0.0,0.3576,-1.0,0.0,0.0,0.0,0.0,194.15,0.0,0.0,0.0,200.275001525879,no_change,,90.0,100.0
AAPL,2027-09-17,407,Call,520.0,AAPL270917C00520000,3.0,3.35,3.175,2.0,0.0,0.0,0.0,98.0,0.2792,0.0858,0.0017,0.5337,-0.0172,0.2623,3.1708,0.0,0.0,0.0,2.71999990940094,down,2026-07-31T10:59:58,145.0,78.0
AAPL,2027-09-17,407,Put,520.0,AAPL270917P00520000,202.75,206.1,204.425,0.0,0.0,0.0,0.0,0.0,0.3754,-1.0,0.0,0.0,0.0,0.0,204.15,0.0,0.0,0.0,210.425003051758,no_change,,69.0,96.0
AAPL,2027-09-17,407,Call,530.0,AAPL270917C00530000,2.64,2.95,2.795,5.25,0.0,0.0,0.0,63.0,0.28,0.0769,0.0015,0.4926,-0.0158,0.2356,2.7904,0.0,0.0,0.0,2.39499998092651,up,2026-07-29T14:22:56,158.0,64.0
AAPL,2027-09-17,407,Put,530.0,AAPL270917P00530000,212.75,216.1,214.425,0.0,0.0,0.0,0.0,0.0,0.3866,-1.0,0.0,0.0,0.0,0.0,214.15,0.0,0.0,0.0,220.224998474121,no_change,,50.0,91.0
AAPL,2027-09-17,407,Call,540.0,AAPL270917C00540000,2.32,2.6,2.46,2.05,0.0,0.0,0.0,39.0,0.2808,0.0689,0.0014,0.4538,-0.0146,0.2111,2.4596,0.0,0.0,0.0,2.10500001907349,up,2026-08-05T12:14:54,278.0,77.0
AAPL,2027-09-17,407,Put,540.0,AAPL270917P00540000,222.75,226.1,224.425,0.0,0.0,0.0,0.0,0.0,0.3974,-1.0,0.0,0.0,0.0,0.0,224.15,0.0,0.0,0.0,230.224998474121,no_change,,6.0,88.0
AAPL,2027-09-17,407,Call,550.0,AAPL270917C00550000,2.04,2.28,2.16,1.75,0.0,0.0,0.0,163.0,0.2814,0.0618,0.0013,0.4176,-0.0134,0.1896,2.1721,0.0,0.0,0.0,1.88499999046326,up,2026-08-04T12:50:56,125.0,40.0
AAPL,2027-09-17,407,Put,550.0,AAPL270917P00550000,232.6,236.05,234.325,0.0,0.0,0.0,0.0,0.0,0.4015,-1.0,0.0,0.0,0.0,0.0,234.15,0.0,0.0,0.0,240.25,no_change,,45.0,82.0
AAPL,2027-09-17,407,Call,560.0,AAPL270917C00560000,1.78,2.01,1.895,1.5,0.0,0.0,0.0,443.0,0.282,0.0555,0.0012,0.3849,-0.0124,0.1706,1.9213,0.0,0.0,0.0,1.64500004053116,no_change,2026-08-04T10:28:24,141.0,38.0
AAPL,2027-09-17,407,Put,560.0,AAPL270917P00560000,242.3,246.05,244.175,0.0,0.0,0.0,0.0,0.0,0.0,-1.0,0.0,0.0,0.0,0.0,244.15,0.0,0.0,0.0,250.375,no_change,,1.0,79.0
AAPL,2027-09-17,407,Call,570.0,AAPL270917C00570000,1.55,1.87,1.71,1.36,0.0,0.0,0.0,26.0,0.2828,0.0499,0.0011,0.3544,-0.0114,0.1532,1.7024,0.0,0.0,0.0,1.43999999761581,no_change,2026-08-05T10:26:04,127.0,110.0
AAPL,2027-09-17,407,Put,570.0,AAPL270917P00570000,252.35,256.05,254.2,0.0,0.0,0.0,0.0,0.0,0.4117,-1.0,0.0,0.0,0.0,0.0,254.15,0.0,0.0,0.0,260.375,no_change,,71.0,71.0
AAPL,2027-09-17,407,Call,580.0,AAPL270917C00580000,1.39,1.68,1.535,1.09,0.0,0.0,0.0,35.0,0.2855,0.0449,0.001,0.326,-0.0105,0.1378,1.5118,0.0,0.0,0.0,1.31499999761581,up,2026-07-31T15:49:24,120.0,91.0
AAPL,2027-09-17,407,Put,580.0,AAPL270917P00580000,262.25,266.05,264.15,0.0,0.0,0.0,0.0,0.0,0.0,-1.0,0.0,0.0,0.0,0.0,264.15,0.0,0.0,0.0,270.375,no_change,,67.0,68.0
AAPL,2027-09-17,407,Call,590.0,AAPL270917C00590000,1.24,1.46,1.35,1.04,0.0,0.0,0.0,24.0,0.2862,0.0404,0.0009,0.2997,-0.0097,0.1242,1.3417,0.0,0.0,0.0,1.16000002622604,up,2026-08-03T15:38:50,90.0,79.0
AAPL,2027-09-17,407,Put,590.0,AAPL270917P00590000,272.2,276.05,274.125,0.0,0.0,0.0,0.0,0.0,0.0,-1.0,0.0,0.0,0.0,0.0,274.15,0.0,0.0,0.0,280.375,no_change,,1.0,68.0
AAPL,2027-09-17,407,Call,600.0,AAPL270917C00600000,1.08,1.3,1.19,1.01,0.0,0.0,0.0,1183.0,0.2868,0.0364,0.0008,0.2762,-0.0089,0.112,1.1953,0.0,0.0,0.0,1.03000003099442,up,2026-08-05T12:59:40,265.0,100.0
AAPL,2027-09-17,407,Put,600.0,AAPL270917P00600000,282.2,286.05,284.125,0.0,0.0,0.0,0.0,0.0,0.0,-1.0,0.0,0.0,0.0,0.0,284.15,0.0,0.0,0.0,290.375,no_change,,1.0,3.0
AAPL,2027-12-17,498,Call,5.0,AAPL271217C00005000,309.05,312.9,310.975,299.95,0.0,0.0,0.0,2.0,1.8693,1.0,0.0,0.0002,0.0,0.0146,310.9024,0.0,0.0,0.0,304.699996948242,up,2026-08-04T09:49:10,6.0,3.0
AAPL,2027-12-17,498,Put,5.0,AAPL271217P00005000,0.0,1.0,0.5,0.01,0.0,0.0,0.0,41.0,1.8416,-0.0001,0.0,0.0017,-0.0002,-0.0007,0.0172,0.0,0.0,0.0,0.340000003576279,down,2026-07-09T09:30:07,0.0,256.0
AAPL,2027-12-17,498,Call,10.0,AAPL271217C00010000,304.2,308.1,306.15,255.36,0.0,0.0,0.0,2.0,1.4836,1.0,0.0,0.0003,0.0,0.032,305.9658,0.0,0.0,0.0,299.875,up,2026-02-27T14:48:02,6.0,3.0
AAPL,2027-12-17,498,Put,10.0,AAPL271217P00010000,0.0,0.48,0.24,0.0,0.0,0.0,0.0,0.0,1.3111,-0.0002,0.0,0.003,-0.0003,-0.0013,0.0274,0.0,0.0,0.0,0.469999998807907,no_change,,0.0,230.0
AAPL,2027-12-17,498,Call,15.0,AAPL271217C00015000,299.45,303.3,301.375,231.29,0.0,0.0,0.0,25.0,1.295,1.0,0.0,0.001,0.0,0.0648,301.0463,0.0,0.0,0.0,295.099990844727,down,2026-01-21T11:23:55,6.0,3.0
AAPL,2027-12-17,498,Put,15.0,AAPL271217P00015000,0.0,0.28,0.14,0.0,0.0,0.0,0.0,0.0,1.0664,-0.0003,0.0,0.0045,-0.0004,-0.0018,0.037,0.0,0.0,0.0,0.245000004768372,no_change,,0.0,216.0
AAPL,2027-12-17,498,Call,20.0,AAPL271217C00020000,294.75,298.6,296.675,227.46,0.0,0.0,0.0,1.0,1.1799,1.0,0.0,0.0041,0.0,0.1206,296.1722,0.0,0.0,0.0,290.375,down,2026-04-07T10:46:03,6.0,3.0
AAPL,2027-12-17,498,Put,20.0,AAPL271217P00020000,0.0,0.29,0.145,0.03,0.0,0.0,0.0,62.0,0.9631,-0.0004,0.0,0.006,-0.0005,-0.0025,0.0468,0.0,0.0,0.0,0.144999995827675,no_change,2026-06-04T12:43:23,0.0,179.0
AAPL,2027-12-17,498,Call,25.0,AAPL271217C00025000,290.0,293.9,291.95,223.24,0.0,0.0,0.0,1.0,1.0799,1.0,0.0,0.0071,0.0,0.301,291.4145,0.0,0.0,0.0,285.650009155273,down,2026-04-07T10:46:39,6.0,3.0
AAPL,2027-12-17,498,Put,25.0,AAPL271217P00025000,0.0,0.29,0.145,0.06,0.0,0.0,0.0,40.0,0.8819,-0.0006,0.0,0.0077,-0.0006,-0.0032,0.0569,0.0,0.0,0.0,0.144999995827675,no_change,2026-05-19T13:12:41,0.0,173.0
AAPL,2027-12-17,498,Call,30.0,AAPL271217C00030000,285.3,289.15,287.225,270.6,0.0,0.0,0.0,9.0,0.9946,1.0,0.0,0.0093,0.0,0.3602,286.7086,0.0,0.0,0.0,280.949996948242,up,2026-06-24T12:02:03,6.0,3.0
AAPL,2027-12-17,498,Put,30.0,AAPL271217P00030000,0.0,0.3,0.15,0.06,0.0,0.0,0.0,175.0,0.82,-0.0007,0.0,0.0095,-0.0007,-0.0039,0.0675,0.0,0.0,0.0,0.150000005960464,up,2026-06-03T15:09:23,0.0,235.0
AAPL,2027-12-17,498,Call,35.0,AAPL271217C00035000,280.6,284.45,282.525,0.0,0.0,0.0,0.0,0.0,0.9243,1.0,0.0,0.0112,0.0,0.4192,282.0042,0.0,0.0,0.0,276.25,no_change,,6.0,3.0
AAPL,2027-12-17,498,Put,35.0,AAPL271217P00035000,0.03,0.31,0.16999999999999998,0.03,0.0,0.0,0.0,647.0,0.7766,-0.0009,0.0,0.0115,-0.0008,-0.0047,0.079,0.0,0.0,0.0,0.170000000856817,down,2026-07-30T12:35:03,99.0,170.0
AAPL,2027-12-17,498,Call,40.0,AAPL271217C00040000,275.9,279.75,277.825,214.49,0.0,0.0,0.0,8.0,0.8694,1.0,0.0,0.0134,0.0,0.4795,277.3011,0.0,0.0,0.0,271.524993896484,down,2026-03-16T12:49:21,6.0,3.0
AAPL,2027-12-17,498,Put,40.0,AAPL271217P00040000,0.0,0.31,0.155,0.06,0.0,0.0,0.0,12.0,0.7217,-0.0011,0.0,0.0137,-0.0009,-0.0057,0.0914,0.0,0.0,0.0,0.159999996423721,up,2026-06-17T13:35:02,0.0,164.0
AAPL,2027-12-17,498,Call,45.0,AAPL271217C00045000,271.2,275.05,273.125,204.68,0.0,0.0,0.0,17.0,0.8216,1.0,0.0,0.016,0.0,0.5462,272.6013,0.0,0.0,0.0,266.824996948242,down,2026-04-07T10:47:27,6.0,3.0
AAPL,2027-12-17,498,Put,45.0,AAPL271217P00045000,0.0,0.27,0.135,0.13,0.0,0.0,0.0,6.0,0.6706,-0.0013,0.0,0.0161,-0.001,-0.0067,0.1051,0.0,0.0,0.0,0.0649999976158142,down,2026-08-05T15:18:02,0.0,384.0
AAPL,2027-12-17,498,Call,50.0,AAPL271217C00050000,266.5,270.35,268.425,255.03,0.0,0.0,0.0,820.0,0.7781,0.9999,0.0,0.0186,0.0,0.6427,267.9112,0.0,0.0,0.0,262.125,no_change,2026-07-31T10:22:14,6.0,3.0
AAPL,2027-12-17,498,Put,50.0,AAPL271217P00050000,0.04,0.19,0.115,0.08,0.0,0.0,0.0,1262.0,0.6241,-0.0015,0.0,0.0188,-0.0011,-0.0078,0.1201,0.0,0.0,0.0,0.125,up,2026-08-04T15:31:47,1.0,71.0
AAPL,2027-12-17,498,Call,55.0,AAPL271217C00055000,261.8,265.65,263.725,249.56,0.0,0.0,0.0,411.0,0.7414,0.9997,0.0,0.0216,0.0,0.7082,263.2361,0.0,0.0,0.0,257.449996948242,down,2026-07-31T13:40:55,6.0,3.0
AAPL,2027-12-17,498,Put,55.0,AAPL271217P00055000,0.01,0.23,0.12000000000000001,0.01,0.0,0.0,0.0,42.0,0.5954,-0.0018,0.0,0.0218,-0.0012,-0.0092,0.1369,0.0,0.0,0.0,0.120000001974404,down,2026-08-05T15:18:02,79.0,217.0
AAPL,2027-12-17,498,Call,60.0,AAPL271217C00060000,257.15,261.0,259.075,242.5,0.0,0.0,0.0,297.0,0.7042,0.9994,0.0,0.025,0.0,0.771,258.5632,0.0,0.0,0.0,252.75,down,2026-06-23T14:05:13,6.0,3.0
AAPL,2027-12-17,498,Put,60.0,AAPL271217P00060000,0.05,0.26,0.155,0.1,0.0,0.0,0.0,95.0,0.5829,-0.0021,0.0,0.0252,-0.0014,-0.0106,0.1557,0.0,0.0,0.0,0.150000000372529,down,2026-07-31T14:14:01,5.0,132.0
AAPL,2027-12-17,498,Call,65.0,AAPL271217C00065000,252.45,256.3,254.375,238.3,0.0,0.0,0.0,157.0,0.6778,0.999,0.0,0.0287,0.0,0.8336,253.8927,0.0,0.0,0.0,248.099998474121,up,2026-06-16T12:51:35,6.0,3.0
AAPL,2027-12-17,498,Put,65.0,AAPL271217P00065000,0.1,0.28,0.19,0.21,0.0,0.0,0.0,536.0,0.569,-0.0025,0.0,0.0289,-0.0015,-0.0123,0.1771,0.0,0.0,0.0,0.190000001341104,no_change,2026-05-15T14:04:19,5.0,142.0
AAPL,2027-12-17,498,Call,70.0,AAPL271217C00070000,247.8,251.65,249.72500000000002,235.95,0.0,0.0,0.0,168.0,0.6498,0.9986,0.0,0.0328,0.0,0.8959,249.2249,0.0,0.0,0.0,243.400001525879,down,2026-07-31T10:58:55,6.0,3.0
AAPL,2027-12-17,498,Put,70.0,AAPL271217P00070000,0.1,0.31,0.20500000000000002,0.24,0.0,0.0,0.0,213.0,0.5484,-0.0029,0.0,0.033,-0.0017,-0.0142,0.2011,0.0,0.0,0.0,0.205000001937151,down,2026-07-16T09:38:09,24.0,152.0
AAPL,2027-12-17,498,Call,75.0,AAPL271217C00075000,243.1,247.0,245.05,268.6,0.0,0.0,0.0,132.0,0.6238,0.9982,0.0,0.0374,0.0,0.958,244.5604,0.0,0.0,0.0,238.75,up,2026-07-28T13:03:07,6.0,2.0
AAPL,2027-12-17,498,Put,75.0,AAPL271217P00075000,0.12,0.35,0.235,0.27,0.0,0.0,0.0,90.0,0.5333,-0.0033,0.0,0.0377,-0.0019,-0.0164,0.2283,0.0,0.0,0.0,0.220000006258488,up,2026-07-15T15:29:51,32.0,170.0
AAPL,2027-12-17,498,Call,80.0,AAPL271217C00080000,238.45,242.3,240.375,245.6,0.0,0.0,0.0,427.0,0.6026,0.9977,0.0001,0.0426,0.0,1.0197,239.8994,0.0,0.0,0.0,234.099998474121,down,2026-07-23T09:30:11,6.0,3.0
AAPL,2027-12-17,498,Put,80.0,AAPL271217P00080000,0.16,0.39,0.275,0.24,0.0,0.0,0.0,271.0,0.5207,-0.0038,0.0001,0.0432,-0.0021,-0.0189,0.2593,0.0,0.0,0.0,0.270000003278255,up,2026-08-04T14:05:17,81.0,173.0
AAPL,2027-12-17,498,Call,85.0,AAPL271217C00085000,233.8,237.65,235.72500000000002,247.0,0.0,0.0,0.0,461.0,0.5826,0.9971,0.0001,0.0484,0.0,1.0811,235.2427,0.0,0.0,0.0,229.424995422363,down,2026-07-20T14:24:52,36.0,3.0
AAPL,2027-12-17,498,Put,85.0,AAPL271217P00085000,0.2,0.44,0.32,0.32,0.0,0.0,0.0,69.0,0.5089,-0.0044,0.0001,0.049,-0.0023,-0.0217,0.2947,0.0,0.0,0.0,0.314999990165234,down,2026-07-24T11:36:56,87.0,172.0
AAPL,2027-12-17,498,Call,90.0,AAPL271217C00090000,229.15,233.0,231.075,209.04,0.0,0.0,0.0,172.0,0.5583,0.9964,0.0001,0.0549,0.0,1.142,230.5908,0.0,0.0,0.0,224.775001525879,down,2026-06-09T10:42:16,37.0,37.0
AAPL,2027-12-17,498,Put,90.0,AAPL271217P00090000,0.24,0.49,0.365,0.32,0.0,0.0,0.0,106.0,0.4968,-0.0051,0.0001,0.0554,-0.0025,-0.0249,0.3349,0.0,0.0,0.0,0.314999997615814,up,2026-08-04T10:08:16,79.0,189.0
AAPL,2027-12-17,498,Call,95.0,AAPL271217C00095000,224.5,228.35,226.425,188.17,0.0,0.0,0.0,79.0,0.5454,0.9957,0.0001,0.0621,0.0,1.2026,225.9442,0.0,0.0,0.0,220.150001525879,up,2026-06-25T15:34:26,37.0,3.0
AAPL,2027-12-17,498,Put,95.0,AAPL271217P00095000,0.29,0.44,0.365,0.43,0.0,0.0,0.0,54.0,0.4771,-0.0058,0.0001,0.0627,-0.0028,-0.0284,0.3805,0.0,0.0,0.0,0.365000009536743,no_change,2026-07-31T11:44:29,74.0,94.0
AAPL,2027-12-17,498,Call,100.0,AAPL271217C00100000,219.85,223.7,221.77499999999998,238.41,0.0,0.0,0.0,366.0,0.5281,0.9948,0.0001,0.0701,0.0,1.2626,221.3036,0.0,0.0,0.0,215.5,down,2026-07-30T13:52:24,36.0,2.0
AAPL,2027-12-17,498,Put,100.0,AAPL271217P00100000,0.36,0.58,0.47,0.59,0.0,0.0,0.0,1338.0,0.4743,-0.0067,0.0001,0.0709,-0.0031,-0.0325,0.4305,0.0,0.0,0.0,0.435000002384186,up,2026-07-28T10:00:15,54.0,158.0
AAPL,2027-12-17,498,Call,105.0,AAPL271217C00105000,215.25,219.1,217.175,240.35,0.0,0.0,0.0,113.0,0.5136,0.9939,0.0001,0.0791,0.0,1.3221,216.6697,0.0,0.0,0.0,210.849998474121,no_change,2026-07-28T15:50:11,36.0,3.0
AAPL,2027-12-17,498,Put,105.0,AAPL271217P00105000,0.41,0.59,0.5,0.51,0.0,0.0,0.0,149.0,0.4602,-0.0077,0.0001,0.0802,-0.0034,-0.0374,0.491,0.0,0.0,0.0,0.58500000834465,down,2026-08-03T11:42:29,78.0,102.0
AAPL,2027-12-17,498,Call,110.0,AAPL271217C00110000,210.6,214.45,212.52499999999998,203.75,0.0,0.0,0.0,226.0,0.4975,0.9928,0.0001,0.0889,0.0,1.3808,212.0435,0.0,0.0,0.0,206.224998474121,down,2026-07-31T15:53:20,37.0,38.0
AAPL,2027-12-17,498,Put,110.0,AAPL271217P00110000,0.48,0.76,0.62,0.56,0.0,0.0,0.0,856.0,0.4566,-0.0088,0.0001,0.09,-0.0038,-0.0425,0.5575,0.0,0.0,0.0,0.620000004768372,down,2026-08-04T12:46:11,78.0,159.0
AAPL,2027-12-17,498,Call,115.0,AAPL271217C00115000,206.0,209.75,207.875,197.55,0.0,0.0,0.0,384.0,0.4802,0.9916,0.0002,0.0997,0.0,1.439,207.4257,0.0,0.0,0.0,201.599998474121,down,2026-08-03T10:53:36,31.0,32.0
AAPL,2027-12-17,498,Put,115.0,AAPL271217P00115000,0.54,0.87,0.7050000000000001,0.72,0.0,0.0,0.0,880.0,0.448,-0.01,0.0002,0.1006,-0.0041,-0.0481,0.6299,0.0,0.0,0.0,0.619999974966049,down,2026-07-17T15:14:49,126.0,201.0
AAPL,2027-12-17,498,Call,120.0,AAPL271217C00120000,201.35,205.2,203.27499999999998,200.0,0.0,0.0,0.0,256.0,0.4723,0.9902,0.0002,0.1116,0.0,1.4964,202.8171,0.0,0.0,0.0,197.0,up,2026-06-05T11:24:26,38.0,1.0
AAPL,2027-12-17,498,Put,120.0,AAPL271217P00120000,0.66,0.79,0.7250000000000001,0.73,0.0,0.0,0.0,1139.0,0.4331,-0.0115,0.0002,0.1134,-0.0046,-0.0549,0.7169,0.0,0.0,0.0,0.745000004768372,down,2026-08-05T13:45:50,10.0,134.0
AAPL,2027-12-17,498,Call,125.0,AAPL271217C00125000,196.75,200.45,198.6,196.83,0.0,0.0,0.0,447.0,0.4527,0.9886,0.0002,0.1248,0.0,1.5528,198.2187,0.0,0.0,0.0,192.375,up,2026-07-07T13:00:27,37.0,23.0
AAPL,2027-12-17,498,Put,125.0,AAPL271217P00125000,0.73,0.9,0.815,0.9,0.0,0.0,0.0,834.0,0.4246,-0.013,0.0002,0.1266,-0.005,-0.0625,0.81,0.0,0.0,0.0,0.844999998807907,no_change,2026-07-31T14:45:05,68.0,102.0
AAPL,2027-12-17,498,Call,130.0,AAPL271217C00130000,192.15,196.0,194.075,185.2,0.0,0.0,0.0,459.0,0.4449,0.9869,0.0002,0.1391,0.0,1.6083,193.6319,0.0,0.0,0.0,187.800003051758,down,2026-08-03T12:42:54,34.0,20.0
AAPL,2027-12-17,498,Put,130.0,AAPL271217P00130000,0.84,1.01,0.925,0.92,0.0,0.0,0.0,514.0,0.4175,-0.0148,0.0002,0.1407,-0.0055,-0.0705,0.916,0.0,0.0,0.0,0.949999988079071,down,2026-08-04T14:05:17,55.0,80.0
AAPL,2027-12-17,498,Call,135.0,AAPL271217C00135000,187.6,191.35,189.475,168.69,0.0,0.0,0.0,108.0,0.4353,0.985,0.0003,0.1545,0.0,1.6629,189.0577,0.0,0.0,0.0,183.224998474121,up,2026-05-12T12:19:29,28.0,28.0
AAPL,2027-12-17,498,Put,135.0,AAPL271217P00135000,0.96,1.15,1.055,1.11,0.0,0.0,0.0,2953.0,0.411,-0.0167,0.0003,0.1564,-0.006,-0.0795,1.0354,0.0,0.0,0.0,1.08499997854233,down,2026-08-03T11:09:08,67.0,110.0
AAPL,2027-12-17,498,Call,140.0,AAPL271217C00140000,183.0,186.7,184.85,192.35,0.0,0.0,0.0,444.0,0.423,0.9829,0.0003,0.1713,0.0,1.7164,184.4972,0.0,0.0,0.0,178.650001525879,up,2026-07-13T10:12:19,35.0,20.0
AAPL,2027-12-17,498,Put,140.0,AAPL271217P00140000,1.1,1.28,1.19,1.29,0.0,0.0,0.0,3705.0,0.4042,-0.0189,0.0003,0.1741,-0.0066,-0.0898,1.1689,0.0,0.0,0.0,1.25499999523163,down,2026-08-03T15:19:36,60.0,104.0
AAPL,2027-12-17,498,Call,145.0,AAPL271217C00145000,178.45,182.15,180.3,179.0,0.0,0.0,0.0,581.0,0.4146,0.9805,0.0003,0.1898,0.0,1.7685,179.952,0.0,0.0,0.0,174.099998474121,up,2026-07-10T13:09:51,34.0,25.0
AAPL,2027-12-17,498,Put,145.0,AAPL271217P00145000,1.25,1.52,1.385,1.47,0.0,0.0,0.0,611.0,0.4,-0.0214,0.0004,0.1928,-0.0072,-0.1015,1.3191,0.0,0.0,0.0,1.43999999761581,down,2026-08-03T15:23:00,41.0,98.0
AAPL,2027-12-17,498,Call,150.0,AAPL271217C00150000,173.9,177.4,175.65,166.5,0.0,0.0,0.0,631.0,0.4014,0.9779,0.0004,0.2095,0.0,1.8193,175.4236,0.0,0.0,0.0,169.724998474121,down,2026-08-03T12:33:22,56.0,18.0
AAPL,2027-12-17,498,Put,150.0,AAPL271217P00150000,1.36,1.59,1.475,1.59,0.0,0.0,0.0,979.0,0.3899,-0.0241,0.0004,0.2125,-0.0078,-0.1135,1.4861,0.0,0.0,0.0,1.60499995946884,down,2026-08-03T10:23:29,106.0,81.0
AAPL,2027-12-17,498,Call,155.0,AAPL271217C00155000,169.4,172.8,171.10000000000002,175.05,0.0,0.0,0.0,94.0,0.393,0.975,0.0004,0.2306,0.0,1.8688,170.9136,0.0,0.0,0.0,165.199996948242,no_change,2026-07-13T10:46:55,48.0,15.0
AAPL,2027-12-17,498,Put,155.0,AAPL271217P00155000,1.55,1.77,1.6600000000000001,1.85,0.0,0.0,0.0,975.0,0.384,-0.0271,0.0004,0.2343,-0.0085,-0.1272,1.6723,0.0,0.0,0.0,1.84499996900558,down,2026-08-03T15:47:51,99.0,103.0
AAPL,2027-12-17,498,Call,160.0,AAPL271217C00160000,164.9,168.2,166.55,154.05,0.0,0.0,0.0,414.0,0.3844,0.9718,0.0005,0.2533,0.0,1.9168,166.4236,0.0,0.0,0.0,160.699996948242,down,2026-08-03T11:49:13,47.0,12.0
AAPL,2027-12-17,498,Put,160.0,AAPL271217P00160000,1.81,1.98,1.895,2.1,0.0,0.0,0.0,996.0,0.3796,-0.0304,0.0005,0.2582,-0.0092,-0.1432,1.8789,0.0,0.0,0.0,1.93999993801117,up,2026-08-03T10:07:35,21.0,54.0
AAPL,2027-12-17,498,Call,165.0,AAPL271217C00165000,160.4,164.1,162.25,152.69,0.0,0.0,0.0,266.0,0.3845,0.9683,0.0005,0.2779,0.0,1.9629,161.9557,0.0,0.0,0.0,156.25,down,2026-08-03T14:19:54,48.0,34.0
AAPL,2027-12-17,498,Put,165.0,AAPL271217P00165000,2.01,2.33,2.17,2.5,0.0,0.0,0.0,1028.0,0.3759,-0.034,0.0006,0.283,-0.01,-0.1597,2.1089,0.0,0.0,0.0,2.31500005722046,down,2026-07-31T12:30:38,81.0,109.0
AAPL,2027-12-17,498,Call,170.0,AAPL271217C00170000,155.95,159.3,157.625,150.8,0.0,0.0,0.0,497.0,0.3727,0.9644,0.0006,0.3039,0.0,2.0072,157.5121,0.0,0.0,0.0,151.450004577637,up,2026-08-05T13:02:03,67.0,39.0
AAPL,2027-12-17,498,Put,170.0,AAPL271217P00170000,2.25,2.51,2.38,2.31,0.0,0.0,0.0,990.0,0.3683,-0.038,0.0006,0.3092,-0.0108,-0.1774,2.3664,0.0,0.0,0.0,2.52500009536743,down,2026-07-30T12:29:09,5.0,109.0
AAPL,2027-12-17,498,Call,175.0,AAPL271217C00175000,151.5,154.85,153.175,166.45,0.0,0.0,0.0,345.0,0.3665,0.9602,0.0007,0.3312,0.0,2.0498,153.0948,0.0,0.0,0.0,147.399993896484,up,2026-07-21T11:47:21,42.0,26.0
AAPL,2027-12-17,498,Put,175.0,AAPL271217P00175000,2.53,2.77,2.65,3.04,0.0,0.0,0.0,1877.0,0.364,-0.0424,0.0007,0.3381,-0.0117,-0.1979,2.6507,0.0,0.0,0.0,2.81500005722046,up,2026-07-31T11:23:51,105.0,87.0
AAPL,2027-12-17,498,Call,180.0,AAPL271217C00180000,147.1,150.65,148.875,136.77,0.0,0.0,0.0,841.0,0.3641,0.9556,0.0007,0.3605,0.0,2.0904,148.7058,0.0,0.0,0.0,143.0,down,2026-07-31T09:59:30,41.0,22.0
AAPL,2027-12-17,498,Put,180.0,AAPL271217P00180000,2.87,3.15,3.01,3.3,0.0,0.0,0.0,3459.0,0.3606,-0.0471,0.0008,0.3681,-0.0126,-0.2193,2.9557,0.0,0.0,0.0,3.125,down,2026-08-03T13:52:25,66.0,113.0
AAPL,2027-12-17,498,Call,185.0,AAPL271217C00185000,142.75,145.25,144.0,168.85,0.0,0.0,0.0,1261.0,0.3455,0.9506,0.0008,0.3918,0.0,2.1283,144.3482,0.0,0.0,0.0,138.525001525879,up,2026-07-29T11:25:57,60.0,22.0
AAPL,2027-12-17,498,Put,185.0,AAPL271217P00185000,3.15,3.5,3.325,3.82,0.0,0.0,0.0,978.0,0.3553,-0.0524,0.0008,0.4,-0.0136,-0.243,3.3088,0.0,0.0,0.0,3.52500009536743,up,2026-07-31T11:02:16,100.0,112.0
AAPL,2027-12-17,498,Call,190.0,AAPL271217C00190000,138.4,140.9,139.65,135.76,0.0,0.0,0.0,577.0,0.3414,0.9451,0.0009,0.4242,0.0,2.164,140.0247,0.0,0.0,0.0,134.175003051758,up,2026-08-05T11:09:08,84.0,26.0
AAPL,2027-12-17,498,Put,190.0,AAPL271217P00190000,3.55,3.85,3.7,4.25,0.0,0.0,0.0,1503.0,0.3508,-0.0581,0.0009,0.4325,-0.0145,-0.2679,3.6814,0.0,0.0,0.0,3.92500007152557,no_change,2026-08-03T15:51:30,251.0,253.0
AAPL,2027-12-17,498,Call,195.0,AAPL271217C00195000,134.1,137.25,135.675,134.6,4.675,3.59823,2.0,370.0,0.3452,0.9392,0.001,0.4581,0.0,2.1976,135.7377,134.6,134.6,134.6,129.925003051758,up,2026-08-06T09:35:37,117.0,42.0
AAPL,2027-12-17,498,Put,195.0,AAPL271217P00195000,4.0,4.3,4.15,4.65,0.0,0.0,0.0,1658.0,0.3474,-0.0643,0.001,0.4686,-0.0155,-0.296,4.0985,0.0,0.0,0.0,4.375,down,2026-08-03T11:45:14,148.0,222.0
AAPL,2027-12-17,498,Call,200.0,AAPL271217C00200000,129.75,132.95,131.35,130.0,4.325,3.44142,1.0,3974.0,0.3378,0.9328,0.001,0.4939,0.0,2.2284,131.4899,130.0,130.0,130.0,125.674999237061,up,2026-08-06T09:37:08,248.0,151.0
AAPL,2027-12-17,498,Put,200.0,AAPL271217P00200000,4.45,4.75,4.6,4.9,0.0,0.0,0.0,5721.0,0.3433,-0.071,0.0011,0.5058,-0.0166,-0.3252,4.5576,0.0,0.0,0.0,4.875,down,2026-08-04T13:40:23,207.0,224.0
AAPL,2027-12-17,498,Call,205.0,AAPL271217C00205000,125.65,127.95,126.80000000000001,119.97,0.0,0.0,0.0,878.0,0.3296,0.9259,0.0011,0.5314,0.0,2.256,127.2849,0.0,0.0,0.0,121.549999237061,up,2026-08-05T10:17:32,124.0,7.0
AAPL,2027-12-17,498,Put,205.0,AAPL271217P00205000,4.85,5.3,5.074999999999999,4.55,0.0,0.0,0.0,592.0,0.339,-0.0782,0.0012,0.543,-0.0177,-0.357,5.0628,0.0,0.0,0.0,5.375,down,2026-07-29T10:34:12,228.0,236.0
AAPL,2027-12-17,498,Call,210.0,AAPL271217C00210000,121.5,123.85,122.675,116.4,0.0,0.0,0.0,773.0,0.3274,0.9184,0.0012,0.5698,-0.0003,2.2809,123.1262,0.0,0.0,0.0,117.25,up,2026-08-05T11:17:51,104.0,12.0
AAPL,2027-12-17,498,Put,210.0,AAPL271217P00210000,5.5,5.85,5.675,6.3,0.0,0.0,0.0,1273.0,0.3363,-0.0861,0.0013,0.5822,-0.0188,-0.3908,5.6144,0.0,0.0,0.0,6.0,up,2026-08-04T10:45:44,95.0,99.0
AAPL,2027-12-17,498,Call,215.0,AAPL271217C00215000,117.4,119.55,118.475,112.55,0.0,0.0,0.0,918.0,0.323,0.9105,0.0013,0.6093,-0.0021,2.3034,119.016,0.0,0.0,0.0,113.200000762939,down,2026-08-04T15:02:37,132.0,2.0
AAPL,2027-12-17,498,Put,215.0,AAPL271217P00215000,6.1,6.5,6.3,6.76,0.0,0.0,0.0,951.0,0.3334,-0.0946,0.0014,0.6247,-0.02,-0.4282,6.2331,0.0,0.0,0.0,6.64999985694885,no_change,2026-08-04T13:29:53,106.0,224.0
AAPL,2027-12-17,498,Call,220.0,AAPL271217C00220000,114.55,115.95,115.25,114.37,5.12,4.6865,13.0,1022.0,0.327,0.902,0.0014,0.6507,-0.0038,2.3222,114.9578,114.38,114.38,114.37,109.25,down,2026-08-06T09:32:10,11.0,16.0
AAPL,2027-12-17,498,Put,220.0,AAPL271217P00220000,6.7,7.1,6.9,6.95,-0.425,-5.76271,1.0,1495.0,0.3292,-0.1036,0.0015,0.6677,-0.0212,-0.468,6.8952,6.95,6.95,6.95,7.375,down,2026-08-06T09:43:23,87.0,257.0
AAPL,2027-12-17,498,Call,225.0,AAPL271217C00225000,109.3,111.9,110.6,104.0,0.0,0.0,0.0,2024.0,0.3208,0.8928,0.0016,0.693,-0.0056,2.3373,110.9556,0.0,0.0,0.0,105.524997711182,up,2026-08-05T14:15:53,209.0,72.0
AAPL,2027-12-17,498,Put,225.0,AAPL271217P00225000,7.4,7.9,7.65,8.4,0.0,0.0,0.0,829.0,0.3265,-0.1133,0.0016,0.7096,-0.0224,-0.5068,7.6164,0.0,0.0,0.0,8.15000009536743,no_change,2026-08-03T09:47:38,265.0,313.0
AAPL,2027-12-17,498,Call,230.0,AAPL271217C00230000,105.3,107.85,106.57499999999999,101.83,0.0,0.0,0.0,1563.0,0.3167,0.8832,0.0017,0.7354,-0.0074,2.3498,107.0125,0.0,0.0,0.0,101.100002288818,up,2026-08-04T13:53:07,53.0,28.0
AAPL,2027-12-17,498,Put,230.0,AAPL271217P00230000,8.25,8.7,8.475,8.9,0.0,0.0,0.0,2106.0,0.3242,-0.1236,0.0018,0.7546,-0.0237,-0.5518,8.3976,0.0,0.0,0.0,9.0,down,2026-08-05T12:07:16,82.0,307.0
AAPL,2027-12-17,498,Call,235.0,AAPL271217C00235000,102.05,104.1,103.07499999999999,95.15,0.0,0.0,0.0,580.0,0.3197,0.8729,0.0018,0.7787,-0.0093,2.3592,103.1309,0.0,0.0,0.0,97.5,up,2026-08-03T12:51:28,113.0,49.0
AAPL,2027-12-17,498,Put,235.0,AAPL271217P00235000,9.05,9.65,9.350000000000001,10.35,0.0,0.0,0.0,676.0,0.3218,-0.1345,0.0019,0.7997,-0.0249,-0.5972,9.2479,0.0,0.0,0.0,9.875,up,2026-08-03T14:32:22,117.0,192.0
AAPL,2027-12-17,498,Call,240.0,AAPL271217C00240000,97.65,100.75,99.2,98.5,4.675,4.98268,1.0,803.0,0.3165,0.8621,0.0019,0.8231,-0.0111,2.3643,99.3144,98.5,98.5,98.5,93.8250007629394,up,2026-08-06T09:35:27,336.0,165.0
AAPL,2027-12-17,498,Put,240.0,AAPL271217P00240000,9.95,10.5,10.225,11.0,0.0,0.0,0.0,1702.0,0.3185,-0.1462,0.002,0.8444,-0.0262,-0.6462,10.1696,0.0,0.0,0.0,10.9499998092651,no_change,2026-08-04T15:07:15,138.0,268.0
AAPL,2027-12-17,498,Call,245.0,AAPL271217C00245000,93.9,96.2,95.05000000000001,88.2,0.0,0.0,0.0,562.0,0.3094,0.8506,0.002,0.8673,-0.0128,2.3659,95.5669,0.0,0.0,0.0,90.1749992370606,up,2026-08-03T13:26:07,121.0,14.0
AAPL,2027-12-17,498,Put,245.0,AAPL271217P00245000,10.95,11.5,11.225,12.83,0.0,0.0,0.0,841.0,0.3161,-0.1585,0.0022,0.8875,-0.0274,-0.6952,11.1627,0.0,0.0,0.0,11.9499998092651,down,2026-07-31T12:17:54,8.0,268.0
AAPL,2027-12-17,498,Call,250.0,AAPL271217C00250000,91.0,92.7,91.85,90.75,4.075,4.70147,1.0,3470.0,0.3071,0.8386,0.0021,0.911,-0.0146,2.3649,91.8905,90.75,90.75,90.75,86.6749992370606,up,2026-08-06T09:30:00,5.0,46.0
AAPL,2027-12-17,498,Put,250.0,AAPL271217P00250000,12.0,12.55,12.275,13.05,0.0,0.0,0.0,13056.0,0.3138,-0.1714,0.0023,0.9346,-0.0286,-0.7462,12.2315,0.0,0.0,0.0,13.0999999046326,down,2026-08-05T13:27:57,127.0,233.0
AAPL,2027-12-17,498,Call,255.0,AAPL271217C00255000,86.95,89.25,88.1,82.07,0.0,0.0,0.0,550.0,0.3089,0.8261,0.0022,0.9548,-0.0163,2.3603,88.2872,0.0,0.0,0.0,83.0499992370606,down,2026-08-05T10:23:40,124.0,92.0
AAPL,2027-12-17,498,Put,255.0,AAPL271217P00255000,12.85,13.85,13.35,15.07,0.0,0.0,0.0,731.0,0.3105,-0.1851,0.0024,0.9812,-0.0299,-0.8005,13.3827,0.0,0.0,0.0,14.4250001907349,up,2026-08-03T12:12:42,190.0,290.0
AAPL,2027-12-17,498,Call,260.0,AAPL271217C00260000,83.05,85.4,84.225,79.5,0.0,0.0,0.0,2433.0,0.3028,0.8129,0.0024,0.9986,-0.018,2.3512,84.7607,0.0,0.0,0.0,79.7999992370606,up,2026-08-04T15:56:08,277.0,31.0
AAPL,2027-12-17,498,Put,260.0,AAPL271217P00260000,14.35,14.95,14.649999999999999,14.8,-0.825,-5.28,3.0,1416.0,0.3091,-0.1994,0.0026,1.0229,-0.0311,-0.8536,14.6195,14.7,14.8,14.7,15.625,up,2026-08-06T09:39:33,13.0,576.0
AAPL,2027-12-17,498,Call,265.0,AAPL271217C00265000,79.6,82.4,81.0,74.5,0.0,0.0,0.0,601.0,0.3037,0.7993,0.0025,1.0412,-0.0197,2.3392,81.3136,0.0,0.0,0.0,76.125,up,2026-08-04T12:43:06,139.0,182.0
AAPL,2027-12-17,498,Put,265.0,AAPL271217P00265000,15.5,16.25,15.875,17.6,0.0,0.0,0.0,2356.0,0.3062,-0.2143,0.0027,1.0662,-0.0323,-0.9095,15.9369,0.0,0.0,0.0,17.1000003814697,no_change,2026-08-05T09:43:22,237.0,268.0
AAPL,2027-12-17,498,Call,270.0,AAPL271217C00270000,77.2,78.85,78.025,73.0,0.0,0.0,0.0,2523.0,0.3007,0.7852,0.0026,1.0824,-0.0213,2.3249,77.947,0.0,0.0,0.0,73.3499984741211,no_change,2026-08-05T15:24:06,79.0,149.0
AAPL,2027-12-17,498,Put,270.0,AAPL271217P00270000,17.05,17.85,17.450000000000003,18.7,0.0,0.0,0.0,1086.0,0.3058,-0.2298,0.0028,1.1094,-0.0334,-0.9691,17.3463,0.0,0.0,0.0,18.5,no_change,2026-08-04T12:51:48,11.0,96.0
AAPL,2027-12-17,498,Call,275.0,AAPL271217C00275000,73.15,75.8,74.475,71.0,0.0,0.0,0.0,401.0,0.3014,0.7705,0.0027,1.1229,-0.0229,2.3065,74.6624,0.0,0.0,0.0,69.6500015258789,up,2026-08-05T15:55:02,99.0,135.0
AAPL,2027-12-17,498,Put,275.0,AAPL271217P00275000,18.55,19.35,18.950000000000003,21.07,0.0,0.0,0.0,486.0,0.3039,-0.246,0.003,1.1494,-0.0345,-1.0292,18.8496,0.0,0.0,0.0,20.0499992370605,down,2026-08-03T15:23:24,31.0,94.0
AAPL,2027-12-17,498,Call,280.0,AAPL271217C00280000,69.7,72.05,70.875,67.6,0.0,0.0,0.0,2209.0,0.2958,0.7554,0.0028,1.1623,-0.0244,2.2842,71.463,0.0,0.0,0.0,66.5499992370606,up,2026-08-05T15:54:38,60.0,62.0
AAPL,2027-12-17,498,Put,280.0,AAPL271217P00280000,19.95,20.8,20.375,21.88,0.0,0.0,0.0,2606.0,0.3008,-0.2628,0.0031,1.1865,-0.0356,-1.0853,20.4452,0.0,0.0,0.0,21.7250003814697,down,2026-08-05T14:02:46,117.0,187.0
AAPL,2027-12-17,498,Call,285.0,AAPL271217C00285000,67.0,69.05,68.025,61.5,0.0,0.0,0.0,469.0,0.297,0.7399,0.003,1.1994,-0.0258,2.2598,68.3499,0.0,0.0,0.0,63.6249980926514,up,2026-08-04T12:25:44,50.0,46.0
AAPL,2027-12-17,498,Put,285.0,AAPL271217P00285000,21.8,22.6,22.200000000000003,24.35,0.0,0.0,0.0,372.0,0.3003,-0.2801,0.0033,1.224,-0.0366,-1.1448,22.1332,0.0,0.0,0.0,23.5500001907349,no_change,2026-08-05T10:32:06,106.0,256.0
AAPL,2027-12-17,498,Call,290.0,AAPL271217C00290000,63.55,66.0,64.775,60.3,0.0,0.0,0.0,1590.0,0.2941,0.724,0.0031,1.2346,-0.0272,2.2332,65.3231,0.0,0.0,0.0,60.2749996185303,down,2026-08-05T14:56:10,71.0,98.0
AAPL,2027-12-17,498,Put,290.0,AAPL271217P00290000,23.55,24.4,23.975,25.7,0.0,0.0,0.0,806.0,0.2986,-0.2979,0.0034,1.2574,-0.0376,-1.207,23.923,0.0,0.0,0.0,25.5,down,2026-08-05T14:26:57,99.0,185.0
AAPL,2027-12-17,498,Call,295.0,AAPL271217C00295000,60.65,63.0,61.825,57.0,0.0,0.0,0.0,451.0,0.2922,0.7078,0.0032,1.2681,-0.0284,2.2028,62.3838,0.0,0.0,0.0,57.625,down,2026-08-05T14:12:19,89.0,70.0
AAPL,2027-12-17,498,Put,295.0,AAPL271217P00295000,25.45,26.35,25.9,28.3,0.0,0.0,0.0,543.0,0.2973,-0.3163,0.0035,1.2892,-0.0385,-1.2615,25.8138,0.0,0.0,0.0,27.4499998092651,down,2026-08-05T10:32:19,107.0,237.0
AAPL,2027-12-17,498,Call,300.0,AAPL271217C00300000,58.4,60.0,59.2,59.37,4.32,7.84741,1.0,8294.0,0.2927,0.6912,0.0032,1.2995,-0.0296,2.1692,59.5342,59.37,59.37,59.37,55.0499992370606,up,2026-08-06T09:30:11,175.0,45.0
AAPL,2027-12-17,498,Put,300.0,AAPL271217P00300000,27.45,28.15,27.799999999999997,30.45,0.0,0.0,0.0,1312.0,0.2952,-0.3351,0.0037,1.3167,-0.0393,-1.318,27.801,0.0,0.0,0.0,29.5500001907349,no_change,2026-08-05T10:32:19,35.0,95.0
AAPL,2027-12-17,498,Call,305.0,AAPL271217C00305000,55.0,57.0,56.0,55.95,3.125,5.91576,2.0,736.0,0.2881,0.6744,0.0033,1.3282,-0.0308,2.1344,56.7743,55.55,55.95,55.55,52.8249988555908,up,2026-08-06T09:43:37,219.0,1.0
AAPL,2027-12-17,498,Put,305.0,AAPL271217P00305000,29.05,30.5,29.775,32.75,0.0,0.0,0.0,187.0,0.293,-0.3544,0.0038,1.3422,-0.0401,-1.3743,29.8929,0.0,0.0,0.0,31.9499998092651,no_change,2026-08-05T10:32:01,241.0,219.0
AAPL,2027-12-17,498,Call,310.0,AAPL271217C00310000,52.6,54.55,53.575,53.96,3.935,7.86607,3.0,2521.0,0.2887,0.6573,0.0034,1.3543,-0.0318,2.0978,54.103,53.78,53.96,53.78,50.0249996185303,up,2026-08-06T09:30:34,267.0,37.0
AAPL,2027-12-17,498,Put,310.0,AAPL271217P00310000,31.75,32.5,32.125,33.83,0.0,0.0,0.0,3549.0,0.2929,-0.3741,0.0039,1.3647,-0.0408,-1.4302,32.0877,0.0,0.0,0.0,34.1750011444092,down,2026-08-05T13:19:20,12.0,107.0
AAPL,2027-12-17,498,Call,315.0,AAPL271217C00315000,49.8,52.15,50.974999999999994,47.22,0.0,0.0,0.0,807.0,0.2874,0.64,0.0035,1.3781,-0.0327,2.0578,51.5213,0.0,0.0,0.0,47.4750003814697,up,2026-08-05T10:46:34,192.0,67.0
AAPL,2027-12-17,498,Put,315.0,AAPL271217P00315000,33.85,35.05,34.45,36.65,0.0,0.0,0.0,244.0,0.2918,-0.3942,0.004,1.3828,-0.0414,-1.4799,34.3913,0.0,0.0,0.0,36.5750007629394,down,2026-08-05T15:09:07,379.0,222.0
AAPL,2027-12-17,498,Call,320.0,AAPL271217C00320000,47.5,49.55,48.525,48.72,3.37,7.4311,1.0,828.0,0.2864,0.6226,0.0036,1.3992,-0.0335,2.0156,49.0304,48.72,48.72,48.72,45.3499984741211,up,2026-08-06T09:46:49,190.0,44.0
AAPL,2027-12-17,498,Put,320.0,AAPL271217P00320000,36.25,37.5,36.875,39.05,0.0,0.0,0.0,455.0,0.2908,-0.4146,0.0041,1.3964,-0.042,-1.5209,36.7939,0.0,0.0,0.0,39.1000003814697,down,2026-08-05T12:44:54,156.0,209.0
AAPL,2027-12-17,498,Call,325.0,AAPL271217C00325000,45.3,47.3,46.3,42.05,0.0,0.0,0.0,519.0,0.2868,0.6051,0.0036,1.4173,-0.0343,1.973,46.6291,0.0,0.0,0.0,42.7249984741211,up,2026-08-03T09:55:33,97.0,114.0
AAPL,2027-12-17,498,Put,325.0,AAPL271217P00325000,38.3,39.95,39.125,41.75,0.0,0.0,0.0,653.0,0.2878,-0.4353,0.0042,1.4082,-0.0424,-1.579,39.3048,0.0,0.0,0.0,41.8250007629394,no_change,2026-08-05T12:45:39,212.0,218.0
AAPL,2027-12-17,498,Call,330.0,AAPL271217C00330000,43.45,45.0,44.225,40.39,0.0,0.0,0.0,1793.0,0.2874,0.5875,0.0037,1.4327,-0.0349,1.9292,44.3158,0.0,0.0,0.0,40.75,up,2026-08-05T15:24:40,242.0,170.0
AAPL,2027-12-17,498,Put,330.0,AAPL271217P00330000,41.1,42.7,41.900000000000006,46.4,0.0,0.0,0.0,244.0,0.2879,-0.4562,0.0044,1.4154,-0.0428,-1.6176,41.9202,0.0,0.0,0.0,44.6000003814697,down,2026-08-03T14:45:48,75.0,89.0
AAPL,2027-12-17,498,Call,335.0,AAPL271217C00335000,41.45,42.7,42.075,38.73,0.0,0.0,0.0,2371.0,0.287,0.5699,0.0037,1.4453,-0.0355,1.8827,42.0907,0.0,0.0,0.0,38.625,no_change,2026-08-05T15:31:51,261.0,78.0
AAPL,2027-12-17,498,Put,335.0,AAPL271217P00335000,43.75,45.45,44.6,50.37,0.0,0.0,0.0,59.0,0.2867,-0.4775,0.0044,1.4169,-0.0432,-1.6538,44.6481,0.0,0.0,0.0,47.2749996185303,up,2026-07-31T11:28:13,56.0,73.0
AAPL,2027-12-17,498,Call,340.0,AAPL271217C00340000,39.4,40.4,39.9,36.65,0.0,0.0,0.0,2406.0,0.2857,0.5523,0.0038,1.455,-0.036,1.8348,39.9539,0.0,0.0,0.0,36.6499996185303,up,2026-08-05T15:31:56,145.0,22.0
AAPL,2027-12-17,498,Put,340.0,AAPL271217P00340000,46.65,48.05,47.349999999999994,50.33,0.0,0.0,0.0,2795.0,0.2852,-0.4989,0.0045,1.4139,-0.0434,-1.6822,47.4753,0.0,0.0,0.0,50.375,up,2026-08-05T12:12:37,60.0,69.0
AAPL,2027-12-17,498,Call,345.0,AAPL271217C00345000,37.3,38.55,37.925,34.75,0.0,0.0,0.0,698.0,0.2854,0.5347,0.0038,1.4619,-0.0363,1.7873,37.9036,0.0,0.0,0.0,34.7250003814697,down,2026-08-05T15:36:21,231.0,100.0
AAPL,2027-12-17,498,Put,345.0,AAPL271217P00345000,49.45,51.3,50.375,53.7,0.0,0.0,0.0,37.0,0.285,-0.5205,0.0046,1.4106,-0.0436,-1.7211,50.4091,0.0,0.0,0.0,53.375,up,2026-08-05T12:02:14,59.0,170.0
AAPL,2027-12-17,498,Call,350.0,AAPL271217C00350000,36.0,36.4,36.2,36.15,3.325,10.1295,16.0,1563.0,0.2867,0.5173,0.0038,1.4661,-0.0366,1.7395,35.9374,35.47,36.15,34.69,32.8249988555908,no_change,2026-08-06T09:47:13,41.0,43.0
AAPL,2027-12-17,498,Put,350.0,AAPL271217P00350000,52.95,54.35,53.650000000000006,56.6,0.0,0.0,0.0,195.0,0.2858,-0.5421,0.0047,1.4,-0.0436,-1.7355,53.4473,0.0,0.0,0.0,56.8249988555908,down,2026-08-04T14:38:09,8.0,140.0
AAPL,2027-12-17,498,Call,355.0,AAPL271217C00355000,33.6,34.6,34.1,31.15,0.0,0.0,0.0,2045.0,0.2839,0.5,0.0038,1.4674,-0.0368,1.6897,34.0544,0.0,0.0,0.0,31.0749998092651,no_change,2026-08-05T15:36:48,186.0,73.0
AAPL,2027-12-17,498,Put,355.0,AAPL271217P00355000,55.55,57.7,56.625,56.3,0.0,0.0,0.0,43.0,0.2838,-0.564,0.0048,1.3824,-0.0437,-1.7561,56.5983,0.0,0.0,0.0,60.3250007629394,down,2026-07-14T11:41:32,64.0,152.0
AAPL,2027-12-17,498,Call,360.0,AAPL271217C00360000,31.55,32.9,32.225,29.45,0.0,0.0,0.0,813.0,0.2826,0.4828,0.0038,1.466,-0.0369,1.639,32.2542,0.0,0.0,0.0,29.3999996185303,no_change,2026-08-05T15:36:17,178.0,100.0
AAPL,2027-12-17,498,Put,360.0,AAPL271217P00360000,59.25,61.25,60.25,47.17,0.0,0.0,0.0,67.0,0.2858,-0.5858,0.0048,1.3622,-0.0436,-1.7552,59.8448,0.0,0.0,0.0,63.6999988555908,down,2026-07-29T13:10:24,5.0,86.0
AAPL,2027-12-17,498,Call,365.0,AAPL271217C00365000,29.95,31.4,30.674999999999997,27.85,0.0,0.0,0.0,660.0,0.2831,0.4659,0.0038,1.4622,-0.0369,1.5894,30.5345,0.0,0.0,0.0,27.8000001907349,no_change,2026-08-05T15:36:46,181.0,237.0
AAPL,2027-12-17,498,Put,365.0,AAPL271217P00365000,62.55,64.85,63.699999999999996,56.45,0.0,0.0,0.0,90.0,0.2859,-0.6079,0.0049,1.3405,-0.0436,-1.772,63.1957,0.0,0.0,0.0,67.1499977111816,no_change,2026-07-20T09:54:55,6.0,93.0
AAPL,2027-12-17,498,Call,370.0,AAPL271217C00370000,28.85,29.6,29.225,26.35,0.0,0.0,0.0,1100.0,0.2839,0.4492,0.0038,1.456,-0.0369,1.5403,28.8922,0.0,0.0,0.0,26.3000001907349,up,2026-08-05T15:32:37,106.0,92.0
AAPL,2027-12-17,498,Put,370.0,AAPL271217P00370000,66.05,68.45,67.25,61.25,0.0,0.0,0.0,44.0,0.2861,-0.6297,0.005,1.314,-0.0434,-1.7524,66.6444,0.0,0.0,0.0,70.5750007629394,no_change,2026-07-24T09:36:10,9.0,232.0
AAPL,2027-12-17,498,Call,375.0,AAPL271217C00375000,27.05,28.2,27.625,27.3,2.475,9.96979,4.0,1081.0,0.2829,0.4327,0.0038,1.4473,-0.0368,1.4903,27.3255,27.15,27.3,27.15,24.8249998092651,no_change,2026-08-06T09:46:19,396.0,453.0
AAPL,2027-12-17,498,Put,375.0,AAPL271217P00375000,69.2,71.9,70.55000000000001,76.3,0.0,0.0,0.0,14.0,0.2835,-0.6517,0.005,1.2739,-0.0432,-1.7438,70.2049,0.0,0.0,0.0,74.2750015258789,down,2026-08-04T10:19:48,22.0,268.0
AAPL,2027-12-17,498,Call,380.0,AAPL271217C00380000,25.45,26.7,26.075,25.81,2.335,9.94675,2.0,680.0,0.2819,0.4165,0.0038,1.436,-0.0366,1.4397,25.8335,25.7,25.81,25.7,23.4750003814697,up,2026-08-06T09:46:05,182.0,266.0
AAPL,2027-12-17,498,Put,380.0,AAPL271217P00380000,73.15,75.5,74.325,63.6,0.0,0.0,0.0,41.0,0.2841,-0.6734,0.0051,1.2429,-0.043,-1.7116,73.8535,0.0,0.0,0.0,77.7999992370606,down,2026-07-30T11:19:09,9.0,185.0
AAPL,2027-12-17,498,Call,385.0,AAPL271217C00385000,24.3,25.05,24.675,24.6,2.475,11.1864,2.0,457.0,0.2815,0.4007,0.0038,1.4228,-0.0363,1.3901,24.4139,24.5,24.6,24.5,22.125,up,2026-08-06T09:46:25,174.0,267.0
AAPL,2027-12-17,498,Put,385.0,AAPL271217P00385000,76.4,79.1,77.75,78.4,-3.9,-4.73876,3.0,22.0,0.2809,-0.6955,0.0051,1.1928,-0.0429,-1.696,77.6074,78.4,78.4,78.4,82.2999992370606,down,2026-08-06T09:39:05,164.0,393.0
AAPL,2027-12-17,498,Call,390.0,AAPL271217C00390000,22.45,23.9,23.174999999999997,20.5,0.0,0.0,0.0,939.0,0.28,0.3851,0.0037,1.4079,-0.036,1.3421,23.0636,0.0,0.0,0.0,20.7249994277954,no_change,2026-08-05T13:54:58,198.0,195.0
AAPL,2027-12-17,498,Put,390.0,AAPL271217P00390000,79.85,83.15,81.5,89.38,0.0,0.0,0.0,3.0,0.2796,-0.7171,0.0052,1.1561,-0.0425,-1.6687,81.4461,0.0,0.0,0.0,85.75,up,2026-07-31T15:14:09,188.0,288.0
AAPL,2027-12-17,498,Call,395.0,AAPL271217C00395000,21.2,22.6,21.9,18.35,0.0,0.0,0.0,473.0,0.2796,0.3699,0.0037,1.3912,-0.0356,1.2944,21.7798,0.0,0.0,0.0,19.6750001907349,up,2026-08-05T10:31:52,170.0,209.0
AAPL,2027-12-17,498,Put,395.0,AAPL271217P00395000,84.25,87.1,85.675,74.43,0.0,0.0,0.0,7.0,0.2813,-0.739,0.0052,1.0909,-0.0422,-1.5897,85.3928,0.0,0.0,0.0,90.0499992370606,up,2026-07-24T14:42:06,34.0,128.0
AAPL,2027-12-17,498,Call,400.0,AAPL271217C00400000,20.2,21.05,20.625,18.04,0.0,0.0,0.0,5395.0,0.2788,0.3551,0.0036,1.3723,-0.0352,1.2462,20.5612,0.0,0.0,0.0,18.4750003814697,down,2026-08-05T14:02:46,75.0,16.0
AAPL,2027-12-17,498,Put,400.0,AAPL271217P00400000,88.3,91.15,89.725,96.0,0.0,0.0,0.0,5.0,0.2812,-0.7606,0.0053,1.0468,-0.0419,-1.5576,89.4223,0.0,0.0,0.0,93.9749984741211,up,2026-08-05T09:50:41,48.0,320.0
AAPL,2027-12-17,498,Call,405.0,AAPL271217C00405000,18.8,19.95,19.375,19.0,1.625,9.35252,1.0,314.0,0.2776,0.3407,0.0036,1.3517,-0.0347,1.1988,19.406,19.0,19.0,19.0,17.375,up,2026-08-06T09:34:06,202.0,49.0
AAPL,2027-12-17,498,Put,405.0,AAPL271217P00405000,92.9,95.25,94.075,98.7,0.0,0.0,0.0,59.0,0.2834,-0.7817,0.0053,0.9755,-0.0412,-1.4334,93.5508,0.0,0.0,0.0,98.375,down,2026-08-04T13:04:09,8.0,330.0
AAPL,2027-12-17,498,Call,410.0,AAPL271217C00410000,18.2,18.8,18.5,18.16,1.785,10.9008,100.0,205.0,0.2789,0.3267,0.0035,1.3301,-0.0342,1.1533,18.3113,18.55,18.55,18.16,16.3749995231628,no_change,2026-08-06T09:31:47,144.0,11.0
AAPL,2027-12-17,498,Put,410.0,AAPL271217P00410000,97.1,99.5,98.3,85.65,0.0,0.0,0.0,3.0,0.2834,-0.803,0.0053,0.9156,-0.0408,-1.4116,97.7634,0.0,0.0,0.0,102.550003051758,down,2026-07-24T13:05:44,8.0,377.0
AAPL,2027-12-17,498,Call,415.0,AAPL271217C00415000,16.75,18.2,17.475,15.07,0.0,0.0,0.0,151.0,0.2787,0.313,0.0035,1.3076,-0.0336,1.1092,17.2741,0.0,0.0,0.0,15.4250001907349,down,2026-08-04T14:51:59,165.0,222.0
AAPL,2027-12-17,498,Put,415.0,AAPL271217P00415000,100.85,103.8,102.32499999999999,0.0,0.0,0.0,0.0,0.0,0.2805,-0.8245,0.0054,0.8545,-0.0406,-1.2158,102.0568,0.0,0.0,0.0,107.325000762939,no_change,,73.0,390.0
AAPL,2027-12-17,498,Call,420.0,AAPL271217C00420000,16.25,16.9,16.575,12.2,0.0,0.0,0.0,478.0,0.2791,0.2998,0.0034,1.2837,-0.033,1.0654,16.2921,0.0,0.0,0.0,14.5499997138977,up,2026-07-31T10:21:48,29.0,76.0
AAPL,2027-12-17,498,Put,420.0,AAPL271217P00420000,105.3,108.25,106.775,93.0,0.0,0.0,0.0,17.0,0.2812,-0.8464,0.0054,0.7519,-0.0406,-1.1947,106.4592,0.0,0.0,0.0,111.550003051758,up,2026-07-30T11:13:27,73.0,205.0
AAPL,2027-12-17,498,Call,425.0,AAPL271217C00425000,14.8,15.9,15.350000000000001,12.45,0.0,0.0,0.0,190.0,0.2765,0.287,0.0033,1.2583,-0.0324,1.022,15.364,0.0,0.0,0.0,13.7000002861023,down,2026-08-03T10:55:06,67.0,49.0
AAPL,2027-12-17,498,Put,425.0,AAPL271217P00425000,109.25,112.75,111.0,95.45,0.0,0.0,0.0,27.0,0.2779,-0.8668,0.0055,0.7101,-0.04,-1.0722,110.9132,0.0,0.0,0.0,116.600002288818,down,2026-07-27T09:50:46,227.0,237.0
AAPL,2027-12-17,498,Call,430.0,AAPL271217C00430000,14.4,15.1,14.75,12.45,0.0,0.0,0.0,580.0,0.2786,0.2746,0.0033,1.2321,-0.0318,0.9799,14.4876,0.0,0.0,0.0,12.9000000953674,up,2026-08-05T09:48:08,78.0,195.0
AAPL,2027-12-17,498,Put,430.0,AAPL271217P00430000,113.8,117.3,115.55,122.75,0.0,0.0,0.0,15.0,0.278,-0.8856,0.0054,0.6199,-0.0375,-0.9562,115.4601,0.0,0.0,0.0,121.075000762939,down,2026-07-02T13:35:29,114.0,121.0
AAPL,2027-12-17,498,Call,435.0,AAPL271217C00435000,13.15,14.15,13.65,10.05,0.0,0.0,0.0,362.0,0.2762,0.2626,0.0032,1.2056,-0.0311,0.9399,13.66,0.0,0.0,0.0,12.0999999046326,down,2026-07-31T09:58:59,55.0,39.0
AAPL,2027-12-17,498,Put,435.0,AAPL271217P00435000,118.35,122.0,120.175,133.15,0.0,0.0,0.0,3.0,0.2781,-0.9036,0.0051,0.5404,-0.0365,-0.8772,120.0785,0.0,0.0,0.0,125.875,up,2026-07-31T14:20:26,125.0,137.0
AAPL,2027-12-17,498,Call,440.0,AAPL271217C00440000,12.5,13.4,12.95,11.45,0.0,0.0,0.0,7445.0,0.2767,0.2511,0.0031,1.1789,-0.0304,0.9014,12.8786,0.0,0.0,0.0,11.4749999046326,up,2026-08-04T14:17:17,77.0,91.0
AAPL,2027-12-17,498,Put,440.0,AAPL271217P00440000,123.8,126.75,125.275,125.59,0.0,0.0,0.0,27.0,0.287,-0.9211,0.0047,0.4124,-0.0384,-0.5022,124.8178,0.0,0.0,0.0,130.75,down,2026-07-14T11:41:32,71.0,137.0
AAPL,2027-12-17,498,Call,450.0,AAPL271217C00450000,11.1,11.95,11.524999999999999,9.95,0.0,0.0,0.0,2915.0,0.2766,0.2293,0.003,1.1233,-0.029,0.826,11.4468,0.0,0.0,0.0,10.1999998092651,up,2026-08-05T14:19:18,232.0,227.0
AAPL,2027-12-17,498,Put,450.0,AAPL271217P00450000,133.2,136.4,134.8,0.0,0.0,0.0,0.0,0.0,0.2885,-0.9515,0.0036,0.2707,-0.0379,-0.4227,134.452,0.0,0.0,0.0,140.325004577637,no_change,,87.0,159.0
AAPL,2027-12-17,498,Call,460.0,AAPL271217C00460000,9.7,10.6,10.149999999999999,8.25,0.0,0.0,0.0,534.0,0.2755,0.2091,0.0028,1.0664,-0.0276,0.7562,10.1773,0.0,0.0,0.0,9.0499997138977,up,2026-08-04T11:26:09,64.0,66.0
AAPL,2027-12-17,498,Put,460.0,AAPL271217P00460000,142.85,146.25,144.55,124.1,0.0,0.0,0.0,0.0,0.2922,-0.9738,0.0026,0.1768,-0.0262,-0.3014,144.2178,0.0,0.0,0.0,150.275001525879,up,2026-07-27T12:11:38,88.0,111.0
AAPL,2027-12-17,498,Call,470.0,AAPL271217C00470000,8.6,9.45,9.024999999999999,7.3,0.0,0.0,0.0,127.0,0.2755,0.1906,0.0027,1.0106,-0.0261,0.6922,9.0517,0.0,0.0,0.0,7.97499990463257,down,2026-08-04T11:26:10,88.0,98.0
AAPL,2027-12-17,498,Put,470.0,AAPL271217P00470000,152.8,156.25,154.525,0.0,0.0,0.0,0.0,0.0,0.3035,-0.9863,0.0015,0.0081,-0.0216,-0.0515,154.1812,0.0,0.0,0.0,160.224998474121,no_change,,69.0,110.0
AAPL,2027-12-17,498,Call,480.0,AAPL271217C00480000,7.9,8.45,8.175,6.85,0.0,0.0,0.0,107.0,0.2759,0.1735,0.0025,0.9541,-0.0247,0.6315,8.0562,0.0,0.0,0.0,7.09999990463257,up,2026-08-05T11:59:13,5.0,178.0
AAPL,2027-12-17,498,Put,480.0,AAPL271217P00480000,162.65,166.2,164.425,0.0,0.0,0.0,0.0,0.0,0.311,-0.995,0.0005,0.0,-0.021,-0.0526,164.1764,0.0,0.0,0.0,170.25,no_change,,88.0,107.0
AAPL,2027-12-17,498,Call,490.0,AAPL271217C00490000,6.75,7.7,7.225,5.25,0.0,0.0,0.0,306.0,0.2768,0.158,0.0024,0.8992,-0.0233,0.5769,7.1769,0.0,0.0,0.0,6.35000014305115,down,2026-07-31T13:06:30,71.0,86.0
AAPL,2027-12-17,498,Put,490.0,AAPL271217P00490000,172.6,176.2,174.39999999999998,0.0,0.0,0.0,0.0,0.0,0.3214,-1.0,0.0,0.0,-0.0204,-0.0537,174.1716,0.0,0.0,0.0,180.224998474121,no_change,,77.0,102.0
AAPL,2027-12-17,498,Call,500.0,AAPL271217C00500000,6.15,6.7,6.425000000000001,5.45,0.0,0.0,0.0,778.0,0.2769,0.1438,0.0022,0.8466,-0.0219,0.5268,6.3995,0.0,0.0,0.0,5.69999980926514,down,2026-08-05T12:29:28,277.0,131.0
AAPL,2027-12-17,498,Put,500.0,AAPL271217P00500000,182.45,186.2,184.325,0.0,0.0,0.0,0.0,0.0,0.3288,-1.0,0.0,0.0,-0.0198,-0.0548,184.1668,0.0,0.0,0.0,190.224998474121,no_change,,81.0,92.0
AAPL,2027-12-17,498,Call,510.0,AAPL271217C00510000,5.35,6.05,5.699999999999999,4.15,0.0,0.0,0.0,423.0,0.2768,0.1309,0.0021,0.7948,-0.0206,0.48,5.7135,0.0,0.0,0.0,5.02500009536743,down,2026-07-31T11:31:10,195.0,172.0
AAPL,2027-12-17,498,Put,510.0,AAPL271217P00510000,192.5,196.2,194.35,0.0,0.0,0.0,0.0,0.0,0.341,-1.0,0.0,0.0,-0.0192,-0.0559,194.162,0.0,0.0,0.0,200.275001525879,no_change,,69.0,82.0
AAPL,2027-12-17,498,Call,520.0,AAPL271217C00520000,4.8,5.35,5.074999999999999,4.95,0.475,10.6145,1.0,42.0,0.2771,0.1192,0.0019,0.7455,-0.0193,0.4382,5.1083,4.95,4.95,4.95,4.47499990463257,up,2026-08-06T09:45:03,393.0,66.0
AAPL,2027-12-17,498,Put,520.0,AAPL271217P00520000,202.55,206.15,204.35000000000002,0.0,0.0,0.0,0.0,0.0,0.3516,-1.0,0.0,0.0,-0.0186,-0.057,204.1572,0.0,0.0,0.0,210.425003051758,no_change,,62.0,81.0
AAPL,2027-12-17,498,Call,530.0,AAPL271217C00530000,4.25,4.85,4.55,3.2,0.0,0.0,0.0,348.0,0.2778,0.1086,0.0018,0.6992,-0.0181,0.4002,4.5732,0.0,0.0,0.0,3.99999988079071,up,2026-07-31T13:34:30,352.0,194.0
AAPL,2027-12-17,498,Put,530.0,AAPL271217P00530000,212.6,216.15,214.375,0.0,0.0,0.0,0.0,0.0,0.3632,-1.0,0.0,0.0,-0.018,-0.0237,214.1524,0.0,0.0,0.0,220.400001525879,no_change,,6.0,78.0
AAPL,2027-12-17,498,Call,540.0,AAPL271217C00540000,3.9,4.35,4.125,3.15,0.0,0.0,0.0,157.0,0.2792,0.099,0.0017,0.6546,-0.017,0.3648,4.1007,0.0,0.0,0.0,3.57500004768372,up,2026-08-03T14:53:30,256.0,189.0
AAPL,2027-12-17,498,Put,540.0,AAPL271217P00540000,222.55,226.15,224.35000000000002,0.0,0.0,0.0,0.0,0.0,0.3722,-1.0,0.0,0.0,-0.0177,0.0,224.15,0.0,0.0,0.0,230.375,no_change,,8.0,75.0
AAPL,2027-12-17,498,Call,550.0,AAPL271217C00550000,3.5,3.9,3.7,3.54,0.265,8.0916,10.0,781.0,0.2799,0.0903,0.0016,0.6122,-0.0159,0.3332,3.6834,3.54,3.54,3.54,3.27500009536743,up,2026-08-06T09:43:53,272.0,119.0
AAPL,2027-12-17,498,Put,550.0,AAPL271217P00550000,232.6,236.1,234.35,0.0,0.0,0.0,0.0,0.0,0.3821,-1.0,0.0,0.0,-0.0177,0.0,234.15,0.0,0.0,0.0,240.375,no_change,,6.0,48.0
AAPL,2027-12-17,498,Call,560.0,AAPL271217C00560000,3.05,3.55,3.3,2.83,0.0,0.0,0.0,31.0,0.2802,0.0824,0.0015,0.5732,-0.0149,0.3049,3.3139,0.0,0.0,0.0,2.93499994277954,up,2026-08-04T14:28:07,270.0,200.0
AAPL,2027-12-17,498,Put,560.0,AAPL271217P00560000,242.5,246.1,244.3,0.0,0.0,0.0,0.0,0.0,0.3892,-1.0,0.0,0.0,-0.0177,0.0,244.15,0.0,0.0,0.0,250.375,no_change,,8.0,12.0
AAPL,2027-12-17,498,Call,570.0,AAPL271217C00570000,2.85,3.25,3.05,2.32,0.0,0.0,0.0,42.0,0.2826,0.0753,0.0014,0.5364,-0.014,0.2788,2.9865,0.0,0.0,0.0,2.6599999666214,up,2026-08-04T12:21:26,108.0,115.0
AAPL,2027-12-17,498,Put,570.0,AAPL271217P00570000,252.5,256.1,254.3,0.0,0.0,0.0,0.0,0.0,0.3987,-1.0,0.0,0.0,-0.0177,0.0,254.15,0.0,0.0,0.0,260.375,no_change,,3.0,7.0
AAPL,2027-12-17,498,Call,580.0,AAPL271217C00580000,2.66,2.87,2.765,2.1,0.0,0.0,0.0,31.0,0.2837,0.0689,0.0013,0.5013,-0.0131,0.2549,2.6966,0.0,0.0,0.0,2.39499998092651,up,2026-08-04T12:21:24,83.0,27.0
AAPL,2027-12-17,498,Put,580.0,AAPL271217P00580000,262.5,266.1,264.3,0.0,0.0,0.0,0.0,0.0,0.4081,-1.0,0.0,0.0,-0.0177,0.0,264.15,0.0,0.0,0.0,270.375,no_change,,6.0,7.0
AAPL,2027-12-17,498,Call,590.0,AAPL271217C00590000,2.3,2.64,2.4699999999999998,1.82,0.0,0.0,0.0,74.0,0.2839,0.0631,0.0012,0.4688,-0.0123,0.2337,2.4394,0.0,0.0,0.0,2.16499996185303,no_change,2026-07-31T15:18:03,241.0,203.0
AAPL,2027-12-17,498,Put,590.0,AAPL271217P00590000,272.35,276.1,274.225,0.0,0.0,0.0,0.0,0.0,0.4108,-1.0,0.0,0.0,-0.0177,0.0,274.15,0.0,0.0,0.0,280.375,no_change,,8.0,8.0
AAPL,2027-12-17,498,Call,600.0,AAPL271217C00600000,2.16,2.47,2.3150000000000004,2.14,0.195,10.0257,46.0,396.0,0.2867,0.0578,0.0011,0.4389,-0.0115,0.2146,2.2106,2.2,2.2,2.14,1.9449999332428,down,2026-08-06T09:39:22,81.0,333.0
AAPL,2027-12-17,498,Put,600.0,AAPL271217P00600000,282.35,286.1,284.225,0.0,0.0,0.0,0.0,0.0,0.0,-1.0,0.0,0.0,-0.0177,0.0,284.15,0.0,0.0,0.0,290.375,no_change,,8.0,6.0
AAPL,2028-01-21,533,Call,5.0,AAPL280121C00005000,309.05,312.9,310.975,305.0,0.0,0.0,0.0,21.0,1.8224,1.0,0.0,0.0004,0.0,0.0153,310.9167,0.0,0.0,0.0,304.699996948242,down,2026-08-04T14:06:03,5.0,2.0
AAPL,2028-01-21,533,Put,5.0,AAPL280121P00005000,0.0,0.01,0.005,0.01,0.0,0.0,0.0,265.0,1.0594,-0.0001,0.0,0.0016,-0.0002,-0.0007,0.0156,0.0,0.0,0.0,0.00499999988824129,down,2026-08-03T11:30:31,0.0,1.0
AAPL,2028-01-21,533,Call,10.0,AAPL280121C00010000,304.25,308.1,306.175,281.45,0.0,0.0,0.0,24.0,1.4245,1.0,0.0,0.0004,0.0,0.0342,305.9817,0.0,0.0,0.0,299.900009155273,down,2026-05-11T13:49:48,5.0,2.0
AAPL,2028-01-21,533,Put,10.0,AAPL280121P00010000,0.0,0.28,0.14,0.03,0.0,0.0,0.0,34.0,1.1841,-0.0002,0.0,0.0029,-0.0002,-0.0012,0.0246,0.0,0.0,0.0,0.46000000834465,up,2026-06-10T11:17:12,0.0,178.0
AAPL,2028-01-21,533,Call,15.0,AAPL280121C00015000,299.5,303.35,301.425,245.12,0.0,0.0,0.0,0.0,1.262,1.0,0.0,0.001,0.0,0.0706,301.0668,0.0,0.0,0.0,295.150009155273,up,2026-02-19T15:28:14,5.0,2.0
AAPL,2028-01-21,533,Put,15.0,AAPL280121P00015000,0.0,0.69,0.345,0.03,0.0,0.0,0.0,369.0,1.1585,-0.0003,0.0,0.0043,-0.0003,-0.0018,0.033,0.0,0.0,0.0,0.419999986886978,no_change,2026-06-01T14:22:00,0.0,228.0
AAPL,2028-01-21,533,Call,20.0,AAPL280121C00020000,294.8,298.7,296.75,308.2,0.0,0.0,0.0,8.0,1.149,1.0,0.0,0.0038,0.0,0.1535,296.2053,0.0,0.0,0.0,290.449996948242,down,2026-07-21T11:25:38,5.0,2.0
AAPL,2028-01-21,533,Put,20.0,AAPL280121P00020000,0.0,0.29,0.145,0.05,0.0,0.0,0.0,316.0,0.9321,-0.0004,0.0,0.0057,-0.0004,-0.0024,0.0416,0.0,0.0,0.0,0.144999995827675,up,2026-06-10T11:01:07,0.0,177.0
AAPL,2028-01-21,533,Call,25.0,AAPL280121C00025000,290.15,294.0,292.075,238.42,0.0,0.0,0.0,4.0,1.0403,1.0,0.0,0.0073,0.0,0.3326,291.4883,0.0,0.0,0.0,285.774993896484,up,2026-02-02T09:55:08,5.0,3.0
AAPL,2028-01-21,533,Put,25.0,AAPL280121P00025000,0.0,0.29,0.145,0.07,0.0,0.0,0.0,580.0,0.8536,-0.0005,0.0,0.0073,-0.0005,-0.003,0.0505,0.0,0.0,0.0,0.150000005960464,no_change,2026-05-04T15:15:59,0.0,170.0
AAPL,2028-01-21,533,Call,30.0,AAPL280121C00030000,285.5,289.35,287.425,229.09,0.0,0.0,0.0,12.0,0.9722,1.0,0.0,0.009,0.0,0.4173,286.8231,0.0,0.0,0.0,281.099990844727,down,2026-04-09T11:52:31,5.0,2.0
AAPL,2028-01-21,533,Put,30.0,AAPL280121P00030000,0.0,0.3,0.15,0.16,0.0,0.0,0.0,397.0,0.7937,-0.0007,0.0,0.009,-0.0006,-0.0038,0.0601,0.0,0.0,0.0,0.150000005960464,up,2026-05-21T11:41:58,0.0,168.0
AAPL,2028-01-21,533,Call,35.0,AAPL280121C00035000,280.8,284.65,282.725,241.75,0.0,0.0,0.0,4.0,0.9054,1.0,0.0,0.0109,0.0,0.485,282.163,0.0,0.0,0.0,276.449996948242,down,2026-02-11T09:45:54,5.0,2.0
AAPL,2028-01-21,533,Put,35.0,AAPL280121P00035000,0.0,0.31,0.155,0.05,0.0,0.0,0.0,75.0,0.7438,-0.0008,0.0,0.011,-0.0006,-0.0046,0.0706,0.0,0.0,0.0,0.155000001192093,no_change,2026-06-17T13:33:59,0.0,168.0
AAPL,2028-01-21,533,Call,40.0,AAPL280121C00040000,276.15,280.0,278.075,252.2,0.0,0.0,0.0,15.0,0.8438,1.0,0.0,0.013,0.0,0.5525,277.5042,0.0,0.0,0.0,271.774993896484,up,2026-05-08T12:46:39,5.0,3.0
AAPL,2028-01-21,533,Put,40.0,AAPL280121P00040000,0.0,0.31,0.155,0.1,0.0,0.0,0.0,87.0,0.6987,-0.001,0.0,0.0132,-0.0007,-0.0055,0.0824,0.0,0.0,0.0,0.140000000596046,up,2026-07-28T09:48:46,0.0,159.0
AAPL,2028-01-21,533,Call,45.0,AAPL280121C00045000,271.5,275.35,273.425,297.0,0.0,0.0,0.0,7.0,0.8037,1.0,0.0,0.0155,0.0,0.6198,272.8469,0.0,0.0,0.0,267.099990844727,up,2026-07-28T11:12:00,5.0,2.0
AAPL,2028-01-21,533,Put,45.0,AAPL280121P00045000,0.0,0.19,0.095,0.13,0.0,0.0,0.0,13.0,0.6253,-0.0012,0.0,0.0156,-0.0008,-0.0066,0.0959,0.0,0.0,0.0,0.0900000035762787,down,2026-04-21T15:56:33,0.0,103.0
AAPL,2028-01-21,533,Call,50.0,AAPL280121C00050000,266.8,270.7,268.75,295.73,0.0,0.0,0.0,127.0,0.764,1.0,0.0,0.0182,0.0,0.6871,268.1915,0.0,0.0,0.0,262.449996948242,up,2026-07-29T09:49:35,5.0,2.0
AAPL,2028-01-21,533,Put,50.0,AAPL280121P00050000,0.08,0.12,0.1,0.11,0.0,0.0,0.0,2635.0,0.5954,-0.0014,0.0,0.0184,-0.001,-0.0078,0.1112,0.0,0.0,0.0,0.0999999977648258,no_change,2026-08-04T15:30:58,1.0,1.0
AAPL,2028-01-21,533,Call,60.0,AAPL280121C00060000,257.5,261.35,259.425,249.08,0.0,0.0,0.0,5.0,0.6927,0.9997,0.0,0.025,0.0,0.8209,258.888,0.0,0.0,0.0,253.150001525879,down,2026-08-03T11:01:10,5.0,2.0
AAPL,2028-01-21,533,Put,60.0,AAPL280121P00060000,0.01,0.26,0.135,0.1,0.0,0.0,0.0,97.0,0.5563,-0.002,0.0,0.0253,-0.0012,-0.0109,0.149,0.0,0.0,0.0,0.16499999538064,down,2026-07-31T14:14:02,17.0,123.0
AAPL,2028-01-21,533,Call,70.0,AAPL280121C00070000,248.2,252.1,250.14999999999998,272.35,0.0,0.0,0.0,161.0,0.6397,0.9989,0.0,0.0336,0.0,0.9536,249.5969,0.0,0.0,0.0,243.849998474121,down,2026-07-27T11:01:18,5.0,3.0
AAPL,2028-01-21,533,Put,70.0,AAPL280121P00070000,0.11,0.33,0.22,0.2,0.0,0.0,0.0,69.0,0.5359,-0.0028,0.0,0.034,-0.0016,-0.015,0.1998,0.0,0.0,0.0,0.214999999850988,down,2026-07-31T15:13:04,22.0,146.0
AAPL,2028-01-21,533,Call,80.0,AAPL280121C00080000,238.95,242.8,240.875,227.17,0.0,0.0,0.0,143.0,0.591,0.9978,0.0001,0.0448,0.0,1.0849,240.3221,0.0,0.0,0.0,234.550003051758,down,2026-07-31T11:46:14,5.0,2.0
AAPL,2028-01-21,533,Put,80.0,AAPL280121P00080000,0.19,0.41,0.3,0.27,0.0,0.0,0.0,41.0,0.5103,-0.0039,0.0001,0.0455,-0.002,-0.0205,0.267,0.0,0.0,0.0,0.300000004470348,no_change,2026-08-04T14:02:58,62.0,178.0
AAPL,2028-01-21,533,Call,90.0,AAPL280121C00090000,229.7,233.55,231.625,221.65,0.0,0.0,0.0,138.0,0.5483,0.9965,0.0001,0.0588,0.0,1.2143,231.0681,0.0,0.0,0.0,225.300003051758,up,2026-08-04T10:17:31,5.0,3.0
AAPL,2028-01-21,533,Put,90.0,AAPL280121P00090000,0.29,0.42,0.355,0.38,0.0,0.0,0.0,121.0,0.4799,-0.0053,0.0001,0.0596,-0.0025,-0.0278,0.3555,0.0,0.0,0.0,0.349999994039536,up,2026-08-04T15:55:00,53.0,35.0
AAPL,2028-01-21,533,Call,100.0,AAPL280121C00100000,220.45,224.3,222.375,216.0,0.0,0.0,0.0,926.0,0.5208,0.9947,0.0001,0.0763,0.0,1.3417,221.8394,0.0,0.0,0.0,216.075004577637,up,2026-08-04T14:04:53,4.0,2.0
AAPL,2028-01-21,533,Put,100.0,AAPL280121P00100000,0.41,0.61,0.51,0.47,0.0,0.0,0.0,1455.0,0.4653,-0.0071,0.0001,0.0776,-0.0031,-0.0371,0.4703,0.0,0.0,0.0,0.5,down,2026-08-05T15:30:44,80.0,381.0
AAPL,2028-01-21,533,Call,110.0,AAPL280121C00110000,211.25,215.1,213.175,199.2,0.0,0.0,0.0,272.0,0.4908,0.9924,0.0001,0.0975,0.0,1.4662,212.6417,0.0,0.0,0.0,206.875,up,2026-07-31T14:32:03,30.0,2.0
AAPL,2028-01-21,533,Put,110.0,AAPL280121P00110000,0.56,0.77,0.665,0.61,0.0,0.0,0.0,440.0,0.4472,-0.0095,0.0001,0.0992,-0.0038,-0.049,0.6179,0.0,0.0,0.0,0.655000001192093,down,2026-08-04T12:46:11,94.0,136.0
AAPL,2028-01-21,533,Call,115.0,AAPL280121C00115000,206.65,210.5,208.575,201.0,0.0,0.0,0.0,2.0,0.4757,0.9911,0.0002,0.1096,0.0,1.5274,208.0563,0.0,0.0,0.0,202.275001525879,down,2026-07-31T15:46:41,30.0,31.0
AAPL,2028-01-21,533,Put,115.0,AAPL280121P00115000,0.65,0.85,0.75,0.77,0.0,0.0,0.0,10.0,0.4388,-0.0108,0.0002,0.1115,-0.0042,-0.0557,0.703,0.0,0.0,0.0,0.820000022649765,down,2026-07-27T12:10:25,82.0,96.0
AAPL,2028-01-21,533,Call,120.0,AAPL280121C00120000,202.05,205.85,203.95,216.13,0.0,0.0,0.0,87.0,0.4611,0.9896,0.0002,0.123,0.0,1.5877,203.4809,0.0,0.0,0.0,197.699996948242,up,2026-07-21T15:49:50,31.0,27.0
AAPL,2028-01-21,533,Put,120.0,AAPL280121P00120000,0.73,0.96,0.845,0.9,0.0,0.0,0.0,706.0,0.43,-0.0124,0.0002,0.1254,-0.0047,-0.0637,0.803,0.0,0.0,0.0,0.859999984502792,no_change,2026-07-31T13:43:58,103.0,100.0
AAPL,2028-01-21,533,Call,125.0,AAPL280121C00125000,197.5,201.25,199.375,184.4,0.0,0.0,0.0,7.0,0.45,0.9879,0.0002,0.1375,0.0,1.647,198.9167,0.0,0.0,0.0,193.125,down,2026-07-31T12:00:45,29.0,29.0
AAPL,2028-01-21,533,Put,125.0,AAPL280121P00125000,0.8,1.05,0.925,0.96,0.0,0.0,0.0,315.0,0.4204,-0.0141,0.0002,0.1399,-0.0051,-0.0723,0.9106,0.0,0.0,0.0,0.935000002384186,down,2026-08-05T12:07:55,296.0,295.0
AAPL,2028-01-21,533,Call,130.0,AAPL280121C00130000,192.95,195.4,194.175,193.02,5.095,2.71119,24.0,134.0,0.3987,0.9861,0.0002,0.153,0.0,1.7053,194.3645,193.02,193.02,193.02,187.925003051758,up,2026-08-06T09:30:01,23.0,1.0
AAPL,2028-01-21,533,Put,130.0,AAPL280121P00130000,0.96,1.13,1.045,1.09,0.0,0.0,0.0,224.0,0.4134,-0.016,0.0003,0.1557,-0.0056,-0.0818,1.0304,0.0,0.0,0.0,1.07500001788139,up,2026-08-05T12:07:55,124.0,119.0
AAPL,2028-01-21,533,Call,135.0,AAPL280121C00135000,188.35,192.15,190.25,175.07,0.0,0.0,0.0,64.0,0.4294,0.984,0.0003,0.1699,0.0,1.7626,189.8254,0.0,0.0,0.0,184.0,up,2026-05-14T09:30:01,29.0,25.0
AAPL,2028-01-21,533,Put,135.0,AAPL280121P00135000,1.1,1.25,1.175,1.26,0.0,0.0,0.0,2867.0,0.4064,-0.0181,0.0003,0.1733,-0.0062,-0.0922,1.165,0.0,0.0,0.0,1.26999998092651,down,2026-07-31T13:50:22,78.0,120.0
AAPL,2028-01-21,533,Call,140.0,AAPL280121C00140000,183.85,187.7,185.77499999999998,212.45,0.0,0.0,0.0,73.0,0.4186,0.9818,0.0003,0.1883,0.0,1.8186,185.3006,0.0,0.0,0.0,179.474998474121,no_change,2026-07-29T10:11:49,27.0,1.0
AAPL,2028-01-21,533,Put,140.0,AAPL280121P00140000,1.24,1.48,1.3599999999999999,1.42,0.0,0.0,0.0,1569.0,0.4018,-0.0204,0.0003,0.1919,-0.0067,-0.1039,1.3149,0.0,0.0,0.0,1.39000004529953,no_change,2026-08-03T09:52:08,53.0,101.0
AAPL,2028-01-21,533,Call,145.0,AAPL280121C00145000,179.3,183.0,181.15,169.0,0.0,0.0,0.0,12.0,0.4101,0.9793,0.0004,0.208,0.0,1.8732,180.7915,0.0,0.0,0.0,175.100006103516,up,2026-05-21T11:14:52,28.0,22.0
AAPL,2028-01-21,533,Put,145.0,AAPL280121P00145000,1.36,1.57,1.465,1.6,0.0,0.0,0.0,494.0,0.3924,-0.023,0.0004,0.2119,-0.0074,-0.1169,1.4812,0.0,0.0,0.0,1.57499998807907,up,2026-07-31T15:30:41,151.0,96.0
AAPL,2028-01-21,533,Call,150.0,AAPL280121C00150000,174.8,178.25,176.525,169.42,0.0,0.0,0.0,291.0,0.3972,0.9765,0.0004,0.2289,0.0,1.9265,176.2997,0.0,0.0,0.0,170.600006103516,up,2026-08-05T13:04:09,33.0,34.0
AAPL,2028-01-21,533,Put,150.0,AAPL280121P00150000,1.54,1.85,1.695,1.7,-0.075,-4.22535,10.0,929.0,0.3886,-0.0259,0.0004,0.2336,-0.008,-0.131,1.6655,1.7,1.7,1.7,1.77500003576279,down,2026-08-06T09:42:18,360.0,350.0
AAPL,2028-01-21,533,Call,155.0,AAPL280121C00155000,170.3,173.7,172.0,159.5,0.0,0.0,0.0,66.0,0.3887,0.9735,0.0004,0.2513,0.0,1.9785,171.8263,0.0,0.0,0.0,166.125,up,2026-08-03T15:58:21,40.0,12.0
AAPL,2028-01-21,533,Put,155.0,AAPL280121P00155000,1.76,1.97,1.865,2.1,0.0,0.0,0.0,498.0,0.3815,-0.029,0.0005,0.257,-0.0087,-0.1464,1.8687,0.0,0.0,0.0,2.02000004053116,up,2026-08-03T15:54:50,199.0,178.0
AAPL,2028-01-21,533,Call,160.0,AAPL280121C00160000,165.85,169.5,167.675,157.42,0.0,0.0,0.0,1030.0,0.3872,0.9702,0.0005,0.2755,0.0,2.0286,167.3733,0.0,0.0,0.0,161.649993896484,down,2026-08-03T15:32:42,46.0,39.0
AAPL,2028-01-21,533,Put,160.0,AAPL280121P00160000,2.01,2.27,2.1399999999999997,2.4,0.0,0.0,0.0,551.0,0.378,-0.0324,0.0005,0.2815,-0.0094,-0.164,2.0933,0.0,0.0,0.0,2.2299998998642,up,2026-07-31T11:49:31,45.0,108.0
AAPL,2028-01-21,533,Call,165.0,AAPL280121C00165000,161.4,164.85,163.125,153.12,0.0,0.0,0.0,438.0,0.3772,0.9666,0.0006,0.3012,0.0,2.0769,162.9427,0.0,0.0,0.0,157.25,down,2026-08-03T15:32:42,46.0,17.0
AAPL,2028-01-21,533,Put,165.0,AAPL280121P00165000,2.23,2.52,2.375,2.65,0.0,0.0,0.0,458.0,0.372,-0.0362,0.0006,0.3079,-0.0101,-0.1819,2.3438,0.0,0.0,0.0,2.48500001430511,no_change,2026-07-21T14:56:29,95.0,114.0
AAPL,2028-01-21,533,Call,170.0,AAPL280121C00170000,157.0,160.45,158.725,174.6,0.0,0.0,0.0,212.0,0.3719,0.9626,0.0006,0.3281,0.0,2.1234,158.5366,0.0,0.0,0.0,152.850006103516,down,2026-07-30T11:42:34,29.0,14.0
AAPL,2028-01-21,533,Put,170.0,AAPL280121P00170000,2.5,2.75,2.625,2.97,0.0,0.0,0.0,1421.0,0.3662,-0.0404,0.0006,0.3359,-0.0109,-0.2018,2.6175,0.0,0.0,0.0,2.72499990463257,down,2026-07-31T12:49:21,91.0,90.0
AAPL,2028-01-21,533,Call,175.0,AAPL280121C00175000,152.6,156.0,154.3,143.0,0.0,0.0,0.0,112.0,0.3654,0.9583,0.0007,0.3566,0.0,2.1682,154.1568,0.0,0.0,0.0,148.275001525879,down,2026-07-31T09:57:54,47.0,22.0
AAPL,2028-01-21,533,Put,175.0,AAPL280121P00175000,2.82,2.99,2.9050000000000002,3.25,0.0,0.0,0.0,563.0,0.3611,-0.0448,0.0007,0.3653,-0.0118,-0.2233,2.9133,0.0,0.0,0.0,3.04000008106232,no_change,2026-08-03T15:10:04,27.0,20.0
AAPL,2028-01-21,533,Call,180.0,AAPL280121C00180000,148.25,151.75,150.0,143.17,0.0,0.0,0.0,507.0,0.3618,0.9537,0.0007,0.3872,0.0,2.2105,149.8057,0.0,0.0,0.0,143.875,down,2026-08-05T15:11:02,79.0,66.0
AAPL,2028-01-21,533,Put,180.0,AAPL280121P00180000,3.1,3.4,3.25,3.34,0.0,0.0,0.0,1679.0,0.3566,-0.0498,0.0008,0.3967,-0.0126,-0.2478,3.2513,0.0,0.0,0.0,3.42499995231628,down,2026-08-03T09:30:32,109.0,94.0
AAPL,2028-01-21,533,Call,185.0,AAPL280121C00185000,143.9,146.4,145.15,137.25,0.0,0.0,0.0,549.0,0.3439,0.9486,0.0008,0.4193,0.0,2.2502,145.4864,0.0,0.0,0.0,139.650001525879,up,2026-08-04T12:31:03,171.0,40.0
AAPL,2028-01-21,533,Put,185.0,AAPL280121P00185000,3.45,3.8,3.625,4.21,0.0,0.0,0.0,700.0,0.3526,-0.055,0.0008,0.4296,-0.0135,-0.273,3.6119,0.0,0.0,0.0,3.80000007152557,up,2026-07-31T10:13:38,260.0,280.0
AAPL,2028-01-21,533,Call,190.0,AAPL280121C00190000,139.6,142.0,140.8,141.0,5.625,4.15512,4.0,136.0,0.3389,0.9431,0.0009,0.4525,0.0,2.2879,141.2014,141.0,141.0,141.0,135.375,up,2026-08-06T09:32:16,122.0,20.0
AAPL,2028-01-21,533,Put,190.0,AAPL280121P00190000,3.85,4.2,4.025,4.4,0.0,0.0,0.0,1112.0,0.3484,-0.0608,0.0009,0.464,-0.0145,-0.2999,4.0127,0.0,0.0,0.0,4.25,down,2026-08-03T15:56:22,262.0,299.0
AAPL,2028-01-21,533,Call,195.0,AAPL280121C00195000,135.35,137.75,136.55,123.0,0.0,0.0,0.0,298.0,0.3356,0.9371,0.001,0.4874,0.0,2.3232,136.953,0.0,0.0,0.0,131.175003051758,down,2026-07-31T12:48:19,72.0,12.0
AAPL,2028-01-21,533,Put,195.0,AAPL280121P00195000,4.3,4.7,4.5,4.72,0.0,0.0,0.0,1206.0,0.3451,-0.0671,0.001,0.5005,-0.0154,-0.3312,4.4526,0.0,0.0,0.0,4.72499990463257,down,2026-08-04T15:27:17,195.0,239.0
AAPL,2028-01-21,533,Call,200.0,AAPL280121C00200000,131.15,133.7,132.425,132.5,5.5,4.33071,1.0,1005.0,0.3341,0.9307,0.001,0.5243,0.0,2.3552,132.7443,132.5,132.5,132.5,127.000003814697,up,2026-08-06T09:32:05,114.0,101.0
AAPL,2028-01-21,533,Put,200.0,AAPL280121P00200000,4.8,5.1,4.949999999999999,5.22,0.0,0.0,0.0,3128.0,0.3407,-0.0738,0.0011,0.5374,-0.0165,-0.3624,4.9345,0.0,0.0,0.0,5.27500009536743,down,2026-08-05T14:59:04,219.0,216.0
AAPL,2028-01-21,533,Call,210.0,AAPL280121C00210000,122.9,126.0,124.45,118.2,0.0,0.0,0.0,265.0,0.3332,0.9164,0.0012,0.6013,-0.001,2.4107,124.4602,0.0,0.0,0.0,118.424999237061,no_change,2026-08-05T15:10:05,104.0,81.0
AAPL,2028-01-21,533,Put,210.0,AAPL280121P00210000,5.9,6.3,6.1,6.61,0.0,0.0,0.0,2076.0,0.3343,-0.089,0.0013,0.6178,-0.0186,-0.4336,6.0385,0.0,0.0,0.0,6.45000004768372,up,2026-08-04T10:56:24,216.0,270.0
AAPL,2028-01-21,533,Call,220.0,AAPL280121C00220000,114.8,117.9,116.35,115.7,4.975,4.49311,1.0,1041.0,0.3266,0.9,0.0014,0.6839,-0.0043,2.4538,116.3723,115.7,115.7,115.7,110.725002288818,up,2026-08-06T09:44:05,309.0,105.0
AAPL,2028-01-21,533,Put,220.0,AAPL280121P00220000,7.25,7.6,7.425,8.0,0.0,0.0,0.0,5060.0,0.328,-0.1065,0.0015,0.7022,-0.0208,-0.5139,7.3534,0.0,0.0,0.0,7.90000009536743,up,2026-08-05T11:28:04,35.0,166.0
AAPL,2028-01-21,533,Call,230.0,AAPL280121C00230000,106.95,109.25,108.1,104.5,0.0,0.0,0.0,690.0,0.3158,0.8815,0.0016,0.7695,-0.0076,2.4836,108.5082,0.0,0.0,0.0,103.424999237061,up,2026-08-05T15:58:37,130.0,22.0
AAPL,2028-01-21,533,Put,230.0,AAPL280121P00230000,8.75,9.2,8.975,9.05,-0.5,-5.2356,1.0,4214.0,0.322,-0.1264,0.0018,0.792,-0.0232,-0.6027,8.907,9.05,9.05,9.05,9.55000019073486,down,2026-08-06T09:39:57,183.0,314.0
AAPL,2028-01-21,533,Call,240.0,AAPL280121C00240000,99.3,101.7,100.5,100.7,5.275,5.5279,5.0,1841.0,0.3109,0.8607,0.0019,0.8583,-0.011,2.499,100.8823,100.7,100.7,100.7,95.4249992370606,up,2026-08-06T09:30:41,296.0,59.0
AAPL,2028-01-21,533,Put,240.0,AAPL280121P00240000,10.6,11.05,10.825,11.35,0.0,0.0,0.0,3478.0,0.3171,-0.1488,0.002,0.8831,-0.0255,-0.6996,10.7275,0.0,0.0,0.0,11.5,down,2026-08-05T11:13:31,91.0,262.0
AAPL,2028-01-21,533,Call,250.0,AAPL280121C00250000,92.35,94.2,93.275,92.25,4.05,4.59184,17.0,2000.0,0.3064,0.8377,0.0021,0.9467,-0.0143,2.5011,93.5434,93.49,93.49,92.25,88.2000007629394,down,2026-08-06T09:39:35,5.0,12.0
AAPL,2028-01-21,533,Put,250.0,AAPL280121P00250000,12.7,13.2,12.95,12.9,-0.9,-6.52174,4.0,10651.0,0.3125,-0.1738,0.0023,0.975,-0.0279,-0.8071,12.8417,12.95,12.95,12.9,13.8000001907349,down,2026-08-06T09:44:43,32.0,418.0
AAPL,2028-01-21,533,Call,260.0,AAPL280121C00260000,84.95,87.8,86.375,80.77,0.0,0.0,0.0,2282.0,0.3062,0.8126,0.0023,1.0351,-0.0175,2.4878,86.4781,0.0,0.0,0.0,81.3499984741211,no_change,2026-08-05T12:52:39,206.0,193.0
AAPL,2028-01-21,533,Put,260.0,AAPL280121P00260000,15.1,15.65,15.375,15.55,-0.825,-5.03817,3.0,2787.0,0.3083,-0.2011,0.0025,1.0642,-0.0302,-0.9174,15.2613,15.55,15.55,15.55,16.375,down,2026-08-06T09:36:48,12.0,247.0
AAPL,2028-01-21,533,Call,270.0,AAPL280121C00270000,79.4,80.5,79.95,79.7,4.725,6.3021,1.0,3806.0,0.3027,0.7856,0.0025,1.1193,-0.0206,2.4623,79.7282,79.7,79.7,79.7,74.9750022888184,up,2026-08-06T09:46:23,40.0,68.0
AAPL,2028-01-21,533,Put,270.0,AAPL280121P00270000,17.75,18.45,18.1,19.62,0.0,0.0,0.0,1572.0,0.3039,-0.2312,0.0028,1.1496,-0.0324,-1.0414,18.0451,0.0,0.0,0.0,19.25,up,2026-08-05T14:46:53,197.0,276.0
AAPL,2028-01-21,533,Call,280.0,AAPL280121C00280000,72.05,73.9,72.975,72.0,3.175,4.61315,2.0,2289.0,0.2973,0.7567,0.0028,1.1998,-0.0234,2.422,73.2979,73.1,73.1,72.0,68.8249969482422,down,2026-08-06T09:31:14,245.0,11.0
AAPL,2028-01-21,533,Put,280.0,AAPL280121P00280000,20.95,21.6,21.275,21.53,-1.07,-4.73451,1.0,4841.0,0.301,-0.2632,0.0031,1.2284,-0.0345,-1.1618,21.1556,21.53,21.53,21.53,22.6000003814697,down,2026-08-06T09:36:55,29.0,327.0
AAPL,2028-01-21,533,Call,290.0,AAPL280121C00290000,66.75,68.45,67.6,66.4,3.8,6.07029,38.0,1520.0,0.3,0.7263,0.003,1.2727,-0.026,2.3716,67.1993,66.8,66.8,65.7,62.5999984741211,up,2026-08-06T09:45:57,398.0,643.0
AAPL,2028-01-21,533,Put,290.0,AAPL280121P00290000,24.45,25.1,24.775,24.8,-1.575,-5.97156,18.0,1954.0,0.2978,-0.2976,0.0033,1.2984,-0.0364,-1.2845,24.6573,25.17,25.17,24.8,26.375,down,2026-08-06T09:46:50,16.0,363.0
AAPL,2028-01-21,533,Call,300.0,AAPL280121C00300000,60.15,62.0,61.075,61.0,4.05,7.1115,27.0,21161.0,0.2903,0.6946,0.0031,1.3386,-0.0284,2.3077,61.4388,60.35,61.05,60.0,56.9500007629394,up,2026-08-06T09:45:25,229.0,46.0
AAPL,2028-01-21,533,Put,300.0,AAPL280121P00300000,28.35,29.0,28.675,30.6,0.0,0.0,0.0,1829.0,0.2948,-0.3342,0.0036,1.359,-0.0381,-1.4068,28.5677,0.0,0.0,0.0,30.625,up,2026-08-05T15:37:14,12.0,214.0
AAPL,2028-01-21,533,Call,310.0,AAPL280121C00310000,55.3,56.95,56.125,54.5,2.5,4.80769,5.0,2248.0,0.2921,0.6618,0.0033,1.3947,-0.0304,2.2364,56.0227,56.0,56.0,54.5,52.0,down,2026-08-06T09:34:08,330.0,315.0
AAPL,2028-01-21,533,Put,310.0,AAPL280121P00310000,32.5,33.6,33.05,34.95,0.0,0.0,0.0,826.0,0.2927,-0.3722,0.0038,1.4065,-0.0395,-1.5152,32.855,0.0,0.0,0.0,35.0,down,2026-08-05T15:32:29,118.0,363.0
AAPL,2028-01-21,533,Call,320.0,AAPL280121C00320000,49.95,51.45,50.7,49.98,2.955,6.28389,2.0,3829.0,0.2872,0.6283,0.0034,1.4412,-0.032,2.154,50.9522,49.98,49.98,49.98,47.0250015258789,up,2026-08-06T09:40:44,314.0,18.0
AAPL,2028-01-21,533,Put,320.0,AAPL280121P00320000,37.2,38.25,37.725,39.9,0.0,0.0,0.0,1044.0,0.2902,-0.4118,0.004,1.4411,-0.0407,-1.6222,37.5519,0.0,0.0,0.0,40.0,down,2026-08-05T15:33:40,144.0,248.0
AAPL,2028-01-21,533,Call,330.0,AAPL280121C00330000,45.5,46.85,46.175,45.95,3.3,7.73739,5.0,2038.0,0.2865,0.5944,0.0036,1.4767,-0.0334,2.0671,46.2283,46.0,46.0,45.7,42.6500015258789,up,2026-08-06T09:46:00,597.0,55.0
AAPL,2028-01-21,533,Put,330.0,AAPL280121P00330000,42.4,43.45,42.925,45.4,0.0,0.0,0.0,958.0,0.289,-0.4522,0.0042,1.459,-0.0416,-1.706,42.6278,0.0,0.0,0.0,45.1499996185303,up,2026-08-05T15:36:17,70.0,171.0
AAPL,2028-01-21,533,Call,340.0,AAPL280121C00340000,41.45,42.75,42.1,41.12,2.52,6.5285,3.0,3217.0,0.2866,0.5603,0.0036,1.5014,-0.0344,1.972,41.8454,41.43,41.43,41.12,38.6000003814697,down,2026-08-06T09:35:17,288.0,332.0
AAPL,2028-01-21,533,Put,340.0,AAPL280121P00340000,47.75,49.1,48.425,52.85,0.0,0.0,0.0,408.0,0.2868,-0.4939,0.0044,1.4619,-0.0423,-1.7843,48.1513,0.0,0.0,0.0,51.2000007629394,no_change,2026-08-03T11:13:01,63.0,187.0
AAPL,2028-01-21,533,Call,350.0,AAPL280121C00350000,37.55,38.55,38.05,38.0,3.275,9.43124,16.0,8184.0,0.2848,0.5264,0.0037,1.5152,-0.0351,1.8751,37.7986,37.0,38.0,36.75,34.7250003814697,up,2026-08-06T09:46:28,446.0,237.0
AAPL,2028-01-21,533,Put,350.0,AAPL280121P00350000,53.25,55.05,54.15,57.09,0.0,0.0,0.0,556.0,0.2836,-0.5364,0.0046,1.4443,-0.0427,-1.8271,54.0866,0.0,0.0,0.0,57.3499984741211,down,2026-08-05T13:31:03,59.0,111.0
AAPL,2028-01-21,533,Call,360.0,AAPL280121C00360000,34.4,34.65,34.525,34.4,3.175,10.1681,11.0,3100.0,0.2841,0.493,0.0037,1.5181,-0.0354,1.7737,34.0748,34.3,34.4,34.3,31.2250003814697,up,2026-08-06T09:46:46,10.0,92.0
AAPL,2028-01-21,533,Put,360.0,AAPL280121P00360000,59.65,61.8,60.724999999999994,63.61,0.0,0.0,0.0,211.0,0.2836,-0.5793,0.0048,1.414,-0.0428,-1.8542,60.4373,0.0,0.0,0.0,64.3500003814697,down,2026-08-05T13:34:21,29.0,189.0
AAPL,2028-01-21,533,Call,370.0,AAPL280121C00370000,30.25,31.4,30.825,27.6,0.0,0.0,0.0,718.0,0.2813,0.4602,0.0037,1.5111,-0.0355,1.6721,30.6643,0.0,0.0,0.0,28.0,down,2026-08-05T13:56:25,101.0,80.0
AAPL,2028-01-21,533,Put,370.0,AAPL280121P00370000,66.4,69.1,67.75,71.24,0.0,0.0,0.0,305.0,0.2844,-0.6224,0.0049,1.3579,-0.0428,-1.8396,67.187,0.0,0.0,0.0,71.1000022888184,no_change,2026-08-05T11:31:48,58.0,296.0
AAPL,2028-01-21,533,Call,380.0,AAPL280121C00380000,27.45,28.35,27.9,24.5,0.0,0.0,0.0,4654.0,0.2814,0.4284,0.0037,1.4946,-0.0353,1.5702,27.5482,0.0,0.0,0.0,25.125,up,2026-08-05T14:28:12,158.0,218.0
AAPL,2028-01-21,533,Put,380.0,AAPL280121P00380000,73.8,76.2,75.0,82.93,0.0,0.0,0.0,69.0,0.2842,-0.6657,0.005,1.2894,-0.0426,-1.8122,74.3404,0.0,0.0,0.0,78.125,up,2026-07-31T11:04:18,6.0,85.0
AAPL,2028-01-21,533,Call,390.0,AAPL280121C00390000,24.7,25.55,25.125,22.47,0.0,0.0,0.0,1391.0,0.2807,0.3977,0.0036,1.4694,-0.0348,1.4688,24.7177,0.0,0.0,0.0,22.5249996185303,no_change,2026-08-04T13:50:51,154.0,289.0
AAPL,2028-01-21,533,Put,390.0,AAPL280121P00390000,81.4,83.7,82.55000000000001,89.88,0.0,0.0,0.0,74.0,0.2837,-0.709,0.0051,1.2079,-0.0424,-1.7238,81.8588,0.0,0.0,0.0,86.3250007629394,up,2026-07-31T15:14:09,30.0,211.0
AAPL,2028-01-21,533,Call,400.0,AAPL280121C00400000,22.0,23.15,22.575,21.6,1.525,7.59651,11.0,4518.0,0.28,0.3682,0.0036,1.4374,-0.0342,1.371,22.145,21.6,21.6,21.6,20.0749998092651,no_change,2026-08-06T09:39:41,190.0,326.0
AAPL,2028-01-21,533,Put,400.0,AAPL280121P00400000,88.95,91.6,90.275,94.85,0.0,0.0,0.0,176.0,0.2816,-0.7522,0.0052,1.0944,-0.0419,-1.6407,89.777,0.0,0.0,0.0,94.875,down,2026-08-05T14:50:23,41.0,374.0
AAPL,2028-01-21,533,Call,410.0,AAPL280121C00410000,19.45,20.4,19.924999999999997,17.3,0.0,0.0,0.0,887.0,0.277,0.3401,0.0035,1.3977,-0.0333,1.2733,19.8163,0.0,0.0,0.0,17.9499998092651,up,2026-08-05T14:30:16,169.0,13.0
AAPL,2028-01-21,533,Put,410.0,AAPL280121P00410000,96.9,99.85,98.375,89.53,0.0,0.0,0.0,3.0,0.2796,-0.7949,0.0053,0.9698,-0.0417,-1.5126,98.0478,0.0,0.0,0.0,102.950000762939,down,2026-07-22T09:30:01,66.0,294.0
AAPL,2028-01-21,533,Call,420.0,AAPL280121C00420000,17.5,18.45,17.975,17.75,1.75,10.9375,1.0,2755.0,0.2775,0.3135,0.0034,1.3539,-0.0323,1.182,17.7196,17.75,17.75,17.75,16.0,up,2026-08-06T09:32:13,275.0,116.0
AAPL,2028-01-21,533,Put,420.0,AAPL280121P00420000,105.55,108.5,107.025,93.47,0.0,0.0,0.0,3.0,0.28,-0.8381,0.0055,0.8105,-0.0409,-1.2701,106.6766,0.0,0.0,0.0,112.099998474121,down,2026-07-24T13:03:46,80.0,351.0
AAPL,2028-01-21,533,Call,430.0,AAPL280121C00430000,15.45,16.4,15.924999999999999,13.14,0.0,0.0,0.0,428.0,0.2757,0.2884,0.0032,1.305,-0.0312,1.0927,15.8338,0.0,0.0,0.0,14.2749996185303,up,2026-08-04T11:18:30,231.0,74.0
AAPL,2028-01-21,533,Put,430.0,AAPL280121P00430000,114.1,117.5,115.8,121.52,0.0,0.0,0.0,4.0,0.2779,-0.8781,0.0054,0.6668,-0.0382,-1.0114,115.6242,0.0,0.0,0.0,120.974998474121,down,2026-08-05T13:47:34,396.0,472.0
AAPL,2028-01-21,533,Call,440.0,AAPL280121C00440000,14.15,14.75,14.45,12.47,0.0,0.0,0.0,1465.0,0.2771,0.2649,0.0031,1.2529,-0.03,1.0088,14.1465,0.0,0.0,0.0,12.7750000953674,up,2026-08-05T14:54:03,160.0,226.0
AAPL,2028-01-21,533,Put,440.0,AAPL280121P00440000,123.9,126.85,125.375,138.11,0.0,0.0,0.0,1.0,0.2844,-0.9142,0.0048,0.4802,-0.0401,-0.5494,124.9064,0.0,0.0,0.0,130.525001525879,up,2026-07-31T09:36:00,57.0,120.0
AAPL,2028-01-21,533,Call,450.0,AAPL280121C00450000,12.45,13.15,12.8,12.3,0.925,8.13187,1.0,7178.0,0.2757,0.2429,0.003,1.1993,-0.0287,0.9301,12.6318,12.3,12.3,12.3,11.375,up,2026-08-06T09:40:55,434.0,23.0
AAPL,2028-01-21,533,Put,450.0,AAPL280121P00450000,133.45,136.45,134.95,146.4,0.0,0.0,0.0,4.0,0.2888,-0.9457,0.0038,0.2936,-0.0405,-0.4694,134.5128,0.0,0.0,0.0,140.25,up,2026-07-31T15:05:42,5.0,134.0
AAPL,2028-01-21,533,Call,460.0,AAPL280121C00460000,11.0,12.0,11.5,9.25,0.0,0.0,0.0,305.0,0.2761,0.2226,0.0028,1.1431,-0.0274,0.8545,11.2824,0.0,0.0,0.0,10.1500000953674,up,2026-08-04T10:32:15,228.0,340.0
AAPL,2028-01-21,533,Put,460.0,AAPL280121P00460000,142.85,146.25,144.55,129.8,0.0,0.0,0.0,0.0,0.288,-0.9693,0.0028,0.1936,-0.0292,-0.322,144.2569,0.0,0.0,0.0,150.375,down,2026-07-16T10:37:13,74.0,104.0
AAPL,2028-01-21,533,Call,470.0,AAPL280121C00470000,9.85,10.8,10.325,8.25,0.0,0.0,0.0,521.0,0.2764,0.2037,0.0027,1.0872,-0.0261,0.7856,10.0805,0.0,0.0,0.0,9.05000019073486,up,2026-08-04T10:32:16,79.0,104.0
AAPL,2028-01-21,533,Put,470.0,AAPL280121P00470000,152.75,156.2,154.475,139.6,0.0,0.0,0.0,0.0,0.297,-0.9839,0.0017,0.0468,-0.0203,-0.0515,154.1807,0.0,0.0,0.0,160.25,up,2026-07-16T10:38:22,79.0,101.0
AAPL,2028-01-21,533,Call,480.0,AAPL280121C00480000,8.75,9.45,9.1,7.85,0.0,0.0,0.0,197.0,0.275,0.1863,0.0026,1.0317,-0.0248,0.7211,9.0101,0.0,0.0,0.0,8.05000019073486,no_change,2026-08-05T14:33:05,310.0,91.0
AAPL,2028-01-21,533,Put,480.0,AAPL280121P00480000,162.75,166.15,164.45,0.0,0.0,0.0,0.0,0.0,0.3076,-0.9933,0.0007,0.0,-0.0197,-0.0526,164.1759,0.0,0.0,0.0,170.25,no_change,,69.0,99.0
AAPL,2028-01-21,533,Call,490.0,AAPL280121C00490000,7.9,8.5,8.2,6.55,0.0,0.0,0.0,314.0,0.2757,0.1703,0.0024,0.9756,-0.0234,0.6604,8.0596,0.0,0.0,0.0,7.17499995231628,up,2026-08-04T10:32:17,82.0,84.0
AAPL,2028-01-21,533,Put,490.0,AAPL280121P00490000,172.5,176.15,174.325,0.0,0.0,0.0,0.0,0.0,0.3129,-0.999,0.0001,0.0,-0.0192,-0.0537,174.1711,0.0,0.0,0.0,180.25,no_change,,81.0,93.0
AAPL,2028-01-21,533,Call,500.0,AAPL280121C00500000,7.15,7.65,7.4,6.25,0.0,0.0,0.0,4650.0,0.2765,0.1557,0.0023,0.9218,-0.0221,0.6059,7.2155,0.0,0.0,0.0,6.52499985694885,no_change,2026-08-05T14:50:45,222.0,254.0
AAPL,2028-01-21,533,Put,500.0,AAPL280121P00500000,182.6,186.15,184.375,230.95,0.0,0.0,0.0,0.0,0.3263,-1.0,0.0,0.0,-0.0186,-0.0548,184.1663,0.0,0.0,0.0,190.450004577637,down,2025-10-28T12:04:08,47.0,89.0
AAPL,2028-01-21,533,Call,510.0,AAPL280121C00510000,6.35,6.85,6.6,4.7,0.0,0.0,0.0,1203.0,0.2764,0.1422,0.0021,0.8698,-0.0209,0.5551,6.4656,0.0,0.0,0.0,5.79999995231628,down,2026-07-31T14:28:25,83.0,51.0
AAPL,2028-01-21,533,Put,510.0,AAPL280121P00510000,192.55,196.1,194.325,0.0,0.0,0.0,0.0,0.0,0.3345,-1.0,0.0,0.0,-0.018,-0.0559,194.1615,0.0,0.0,0.0,200.450004577637,no_change,,46.0,78.0
AAPL,2028-01-21,533,Call,520.0,AAPL280121C00520000,5.75,6.15,5.95,4.8,0.0,0.0,0.0,571.0,0.2771,0.13,0.002,0.8185,-0.0197,0.5078,5.8007,0.0,0.0,0.0,5.20000004768372,up,2026-08-04T11:03:00,78.0,29.0
AAPL,2028-01-21,533,Put,520.0,AAPL280121P00520000,202.55,206.1,204.325,0.0,0.0,0.0,0.0,0.0,0.3449,-1.0,0.0,0.0,-0.0175,-0.057,204.1567,0.0,0.0,0.0,210.400001525879,no_change,,6.0,75.0
AAPL,2028-01-21,533,Call,530.0,AAPL280121C00530000,5.15,5.75,5.45,4.62,0.0,0.0,0.0,2821.0,0.2789,0.1188,0.0019,0.7699,-0.0185,0.4655,5.2107,0.0,0.0,0.0,4.67500019073486,no_change,2026-08-05T13:51:56,194.0,324.0
AAPL,2028-01-21,533,Put,530.0,AAPL280121P00530000,212.4,216.1,214.25,253.67,0.0,0.0,0.0,0.0,0.3504,-1.0,0.0,0.0,-0.0169,-0.0186,214.1519,0.0,0.0,0.0,220.375,up,2025-11-25T09:30:10,6.0,71.0
AAPL,2028-01-21,533,Call,540.0,AAPL280121C00540000,4.55,5.0,4.775,4.08,0.0,0.0,0.0,162.0,0.2775,0.1087,0.0018,0.7241,-0.0174,0.4268,4.6865,0.0,0.0,0.0,4.20000004768372,up,2026-08-04T14:46:16,70.0,45.0
AAPL,2028-01-21,533,Put,540.0,AAPL280121P00540000,222.5,226.1,224.3,0.0,0.0,0.0,0.0,0.0,0.3636,-1.0,0.0,0.0,-0.0167,0.0,224.15,0.0,0.0,0.0,230.375,no_change,,6.0,62.0
AAPL,2028-01-21,533,Call,550.0,AAPL280121C00550000,4.1,4.5,4.3,3.7,0.0,0.0,0.0,317.0,0.2781,0.0994,0.0016,0.6797,-0.0164,0.3906,4.2213,0.0,0.0,0.0,3.77499997615814,no_change,2026-08-04T14:43:32,155.0,63.0
AAPL,2028-01-21,533,Put,550.0,AAPL280121P00550000,232.35,236.1,234.225,0.0,0.0,0.0,0.0,0.0,0.0,-1.0,0.0,0.0,-0.0167,0.0,234.15,0.0,0.0,0.0,240.375,no_change,,2.0,4.0
AAPL,2028-01-21,533,Call,560.0,AAPL280121C00560000,3.6,4.1,3.8499999999999996,3.32,0.0,0.0,0.0,91.0,0.2783,0.0911,0.0015,0.6376,-0.0154,0.3581,3.8084,0.0,0.0,0.0,3.375,down,2026-08-04T14:43:32,122.0,96.0
AAPL,2028-01-21,533,Put,560.0,AAPL280121P00560000,242.5,246.1,244.3,0.0,0.0,0.0,0.0,0.0,0.3829,-1.0,0.0,0.0,-0.0167,0.0,244.15,0.0,0.0,0.0,250.375,no_change,,2.0,6.0
AAPL,2028-01-21,533,Call,570.0,AAPL280121C00570000,3.3,3.7,3.5,2.72,0.0,0.0,0.0,21.0,0.2794,0.0834,0.0014,0.5986,-0.0144,0.329,3.4411,0.0,0.0,0.0,3.07000005245209,no_change,2026-08-04T10:37:38,124.0,95.0
AAPL,2028-01-21,533,Put,570.0,AAPL280121P00570000,252.5,256.1,254.3,0.0,0.0,0.0,0.0,0.0,0.3923,-1.0,0.0,0.0,-0.0167,0.0,254.15,0.0,0.0,0.0,260.375,no_change,,5.0,6.0
AAPL,2028-01-21,533,Call,580.0,AAPL280121C00580000,2.99,3.35,3.17,2.5,0.0,0.0,0.0,20.0,0.2802,0.0765,0.0013,0.5619,-0.0136,0.302,3.1141,0.0,0.0,0.0,2.81000006198883,up,2026-08-04T12:21:26,302.0,120.0
AAPL,2028-01-21,533,Put,580.0,AAPL280121P00580000,262.3,266.05,264.175,0.0,0.0,0.0,0.0,0.0,0.0,-1.0,0.0,0.0,-0.0167,0.0,264.15,0.0,0.0,0.0,270.375,no_change,,8.0,8.0
AAPL,2028-01-21,533,Call,590.0,AAPL280121C00590000,2.71,3.05,2.88,2.81,0.255,9.98043,60.0,313.0,0.2811,0.0703,0.0013,0.5268,-0.0127,0.2771,2.8232,2.81,2.81,2.81,2.5550000667572,no_change,2026-08-06T09:30:03,307.0,148.0
AAPL,2028-01-21,533,Put,590.0,AAPL280121P00590000,272.3,276.05,274.175,250.37,0.0,0.0,0.0,5.0,0.402,-1.0,0.0,0.0,-0.0167,0.0,274.15,0.0,0.0,0.0,280.375,down,2026-07-28T14:00:38,6.0,11.0
AAPL,2028-01-21,533,Call,600.0,AAPL280121C00600000,2.44,2.77,2.605,2.55,0.26,11.3537,2.0,1111.0,0.2817,0.0646,0.0012,0.4939,-0.012,0.2549,2.5642,2.5,2.55,2.5,2.29000008106232,up,2026-08-06T09:30:31,361.0,156.0
AAPL,2028-01-21,533,Put,600.0,AAPL280121P00600000,282.3,286.05,284.175,264.41,0.0,0.0,0.0,0.0,0.0,-1.0,0.0,0.0,-0.0167,0.0,284.15,0.0,0.0,0.0,290.375,down,2026-07-27T09:42:03,8.0,8.0
AAPL,2028-03-17,589,Call,100.0,AAPL280317C00100000,220.0,225.0,222.5,213.3,0.0,0.0,0.0,348.0,0.47,0.9938,0.0001,0.0893,0.0,1.4654,222.3215,0.0,0.0,0.0,217.0,down,2026-08-04T12:36:51,51.0,2.0
AAPL,2028-03-17,589,Put,100.0,AAPL280317P00100000,0.17,0.77,0.47000000000000003,0.53,0.0,0.0,0.0,562.0,0.4396,-0.0081,0.0001,0.0908,-0.0032,-0.0467,0.5603,0.0,0.0,0.0,0.689999997615814,down,2026-08-05T14:41:23,378.0,164.0
AAPL,2028-03-17,589,Call,105.0,AAPL280317C00105000,215.5,220.5,218.0,214.8,0.0,0.0,0.0,23.0,0.4646,0.9926,0.0001,0.1006,0.0,1.5333,217.7615,0.0,0.0,0.0,212.0,up,2026-07-06T10:58:42,50.0,26.0
AAPL,2028-03-17,589,Put,105.0,AAPL280317P00105000,0.23,0.89,0.56,0.6,0.0,0.0,0.0,88.0,0.4334,-0.0093,0.0001,0.1021,-0.0036,-0.0535,0.6401,0.0,0.0,0.0,0.615000002086163,no_change,2026-08-03T13:57:51,127.0,125.0
AAPL,2028-03-17,589,Call,110.0,AAPL280317C00110000,211.0,216.0,213.5,231.0,0.0,0.0,0.0,43.0,0.458,0.9913,0.0002,0.1131,0.0,1.6004,213.2108,0.0,0.0,0.0,207.5,up,2026-07-24T11:49:12,45.0,31.0
AAPL,2028-03-17,589,Put,110.0,AAPL280317P00110000,0.55,1.13,0.84,0.8,0.0,0.0,0.0,20.0,0.4438,-0.0106,0.0002,0.1147,-0.0039,-0.0609,0.7276,0.0,0.0,0.0,0.774999976158142,up,2026-08-04T15:56:02,39.0,175.0
AAPL,2028-03-17,589,Call,115.0,AAPL280317C00115000,206.5,211.5,209.0,205.7,0.0,0.0,0.0,7.0,0.4506,0.9899,0.0002,0.1268,0.0,1.6665,208.6704,0.0,0.0,0.0,203.0,up,2026-07-06T10:58:40,47.0,36.0
AAPL,2028-03-17,589,Put,115.0,AAPL280317P00115000,0.74,1.24,0.99,0.77,0.0,0.0,0.0,31.0,0.4387,-0.0121,0.0002,0.1292,-0.0043,-0.0693,0.8267,0.0,0.0,0.0,0.974999994039536,down,2026-08-05T15:50:41,15.0,386.0
AAPL,2028-03-17,589,Call,120.0,AAPL280317C00120000,202.0,207.0,204.5,201.3,0.0,0.0,0.0,33.0,0.4427,0.9882,0.0002,0.1417,0.0,1.7315,204.1414,0.0,0.0,0.0,198.5,no_change,2026-07-06T10:58:40,44.0,38.0
AAPL,2028-03-17,589,Put,120.0,AAPL280317P00120000,0.77,1.35,1.06,0.9,0.0,0.0,0.0,130.0,0.4269,-0.0138,0.0002,0.1444,-0.0048,-0.079,0.9413,0.0,0.0,0.0,1.09000000357628,down,2026-08-05T15:52:20,100.0,419.0
AAPL,2028-03-17,589,Call,125.0,AAPL280317C00125000,197.5,202.5,200.0,197.66,0.0,0.0,0.0,20.0,0.4345,0.9864,0.0002,0.1577,0.0,1.7955,199.6248,0.0,0.0,0.0,194.0,up,2026-07-06T11:21:24,56.0,40.0
AAPL,2028-03-17,589,Put,125.0,AAPL280317P00125000,0.88,1.5,1.19,1.11,0.0,0.0,0.0,17.0,0.4194,-0.0157,0.0002,0.1604,-0.0052,-0.0893,1.0659,0.0,0.0,0.0,1.05500000715256,down,2026-07-29T10:58:44,55.0,160.0
AAPL,2028-03-17,589,Call,130.0,AAPL280317C00130000,193.0,198.0,195.5,219.6,0.0,0.0,0.0,75.0,0.4259,0.9844,0.0003,0.175,0.0,1.8584,195.1213,0.0,0.0,0.0,189.5,up,2026-07-27T11:06:31,59.0,36.0
AAPL,2028-03-17,589,Put,130.0,AAPL280317P00130000,1.03,1.61,1.32,1.2,0.0,0.0,0.0,117.0,0.412,-0.0176,0.0003,0.1778,-0.0057,-0.1003,1.2,0.0,0.0,0.0,1.2049999833107,up,2026-08-05T15:53:21,126.0,306.0
AAPL,2028-03-17,589,Call,135.0,AAPL280317C00135000,188.5,193.5,191.0,183.8,0.0,0.0,0.0,191.0,0.4172,0.9822,0.0003,0.1938,0.0,1.9199,190.6322,0.0,0.0,0.0,185.0,up,2026-07-31T09:30:11,58.0,36.0
AAPL,2028-03-17,589,Put,135.0,AAPL280317P00135000,1.14,1.76,1.45,1.53,0.0,0.0,0.0,127.0,0.4039,-0.0199,0.0003,0.1979,-0.0063,-0.1137,1.3524,0.0,0.0,0.0,1.375,down,2026-07-28T13:11:17,43.0,114.0
AAPL,2028-03-17,589,Call,140.0,AAPL280317C00140000,184.0,189.0,186.5,166.25,0.0,0.0,0.0,67.0,0.4084,0.9798,0.0003,0.214,0.0,1.9799,186.159,0.0,0.0,0.0,180.5,up,2026-05-12T14:19:03,53.0,34.0
AAPL,2028-03-17,589,Put,140.0,AAPL280317P00140000,1.04,1.84,1.44,1.8,0.0,0.0,0.0,219.0,0.3887,-0.0224,0.0003,0.2181,-0.0068,-0.127,1.5226,0.0,0.0,0.0,1.56000000238419,down,2026-07-31T11:04:05,146.0,136.0
AAPL,2028-03-17,589,Call,145.0,AAPL280317C00145000,179.5,184.0,181.75,168.0,0.0,0.0,0.0,120.0,0.389,0.9772,0.0004,0.2353,0.0,2.0386,181.7031,0.0,0.0,0.0,176.0,down,2026-07-31T11:29:58,58.0,12.0
AAPL,2028-03-17,589,Put,145.0,AAPL280317P00145000,1.24,2.15,1.6949999999999998,2.14,0.0,0.0,0.0,44.0,0.3862,-0.0252,0.0004,0.2395,-0.0074,-0.1421,1.7105,0.0,0.0,0.0,1.88000005483627,up,2026-07-24T11:09:00,156.0,146.0
AAPL,2028-03-17,589,Call,150.0,AAPL280317C00150000,175.0,180.0,177.5,166.0,0.0,0.0,0.0,230.0,0.3905,0.9743,0.0004,0.2581,0.0,2.0959,177.2656,0.0,0.0,0.0,171.75,down,2026-08-03T15:49:12,53.0,35.0
AAPL,2028-03-17,589,Put,150.0,AAPL280317P00150000,1.59,2.25,1.92,2.14,0.0,0.0,0.0,352.0,0.3812,-0.0283,0.0004,0.2634,-0.008,-0.1587,1.9193,0.0,0.0,0.0,1.98000001907349,up,2026-08-04T11:04:23,141.0,85.0
AAPL,2028-03-17,589,Call,155.0,AAPL280317C00155000,170.5,175.5,173.0,162.67,0.0,0.0,0.0,21.0,0.3815,0.9711,0.0005,0.2827,0.0,2.1512,172.8483,0.0,0.0,0.0,167.25,up,2026-07-31T15:21:14,60.0,32.0
AAPL,2028-03-17,589,Put,155.0,AAPL280317P00155000,1.51,2.53,2.02,2.3,0.0,0.0,0.0,84.0,0.3714,-0.0315,0.0005,0.2895,-0.0087,-0.1778,2.1438,0.0,0.0,0.0,2.24500000476837,down,2026-08-05T12:16:32,396.0,280.0
AAPL,2028-03-17,589,Call,160.0,AAPL280317C00160000,166.5,171.0,168.75,163.1,0.0,0.0,0.0,174.0,0.3805,0.9676,0.0005,0.3088,0.0,2.2046,168.4532,0.0,0.0,0.0,162.75,up,2026-07-08T09:59:16,51.0,31.0
AAPL,2028-03-17,589,Put,160.0,AAPL280317P00160000,1.99,3.05,2.52,2.62,0.0,0.0,0.0,126.0,0.3747,-0.0352,0.0005,0.3161,-0.0094,-0.1968,2.3984,0.0,0.0,0.0,2.54999995231628,up,2026-07-30T10:29:43,194.0,196.0
AAPL,2028-03-17,589,Call,165.0,AAPL280317C00165000,162.0,166.2,164.1,188.71,0.0,0.0,0.0,381.0,0.3665,0.9638,0.0006,0.3361,0.0,2.2562,164.0823,0.0,0.0,0.0,158.25,up,2026-07-28T15:53:43,51.0,14.0
AAPL,2028-03-17,589,Put,165.0,AAPL280317P00165000,2.24,3.35,2.795,2.72,0.0,0.0,0.0,432.0,0.3694,-0.0391,0.0006,0.3434,-0.0101,-0.218,2.6751,0.0,0.0,0.0,2.8199999332428,down,2026-07-30T12:51:49,153.0,226.0
AAPL,2028-03-17,589,Call,170.0,AAPL280317C00170000,157.5,162.0,159.75,155.75,0.0,0.0,0.0,23.0,0.3616,0.9597,0.0006,0.365,0.0,2.3059,159.7371,0.0,0.0,0.0,154.0,down,2026-08-05T11:06:25,56.0,17.0
AAPL,2028-03-17,589,Put,170.0,AAPL280317P00170000,2.72,4.35,3.535,3.29,0.0,0.0,0.0,102.0,0.3761,-0.0433,0.0006,0.3728,-0.0109,-0.2405,2.972,0.0,0.0,0.0,3.20000004768372,up,2026-07-31T10:07:39,25.0,221.0
AAPL,2028-03-17,589,Call,175.0,AAPL280317C00175000,153.0,157.35,155.175,142.6,0.0,0.0,0.0,89.0,0.3503,0.9553,0.0007,0.3959,0.0,2.3531,155.4201,0.0,0.0,0.0,149.25,down,2026-07-31T10:06:17,57.0,12.0
AAPL,2028-03-17,589,Put,175.0,AAPL280317P00175000,2.56,3.7,3.13,3.75,0.0,0.0,0.0,887.0,0.3522,-0.048,0.0007,0.4063,-0.0117,-0.2674,3.3068,0.0,0.0,0.0,3.57500004768372,down,2026-08-05T09:30:07,405.0,272.0
AAPL,2028-03-17,589,Call,180.0,AAPL280317C00180000,149.0,152.0,150.5,140.25,0.0,0.0,0.0,42.0,0.3366,0.9504,0.0008,0.4284,0.0,2.3976,151.134,0.0,0.0,0.0,145.0,up,2026-08-03T15:49:05,57.0,7.0
AAPL,2028-03-17,589,Put,180.0,AAPL280317P00180000,2.9,5.05,3.9749999999999996,4.04,0.0,0.0,0.0,176.0,0.3594,-0.0531,0.0008,0.4393,-0.0125,-0.2935,3.6729,0.0,0.0,0.0,3.99999988079071,up,2026-08-04T13:25:17,197.0,249.0
AAPL,2028-03-17,589,Call,185.0,AAPL280317C00185000,144.5,148.5,146.5,133.0,0.0,0.0,0.0,7.0,0.3397,0.9452,0.0008,0.4619,0.0,2.44,146.8812,0.0,0.0,0.0,140.75,down,2026-07-31T11:49:51,65.0,26.0
AAPL,2028-03-17,589,Put,185.0,AAPL280317P00185000,3.4,4.5,3.95,4.6,0.0,0.0,0.0,116.0,0.3456,-0.0586,0.0008,0.4726,-0.0134,-0.3219,4.074,0.0,0.0,0.0,4.39999985694885,down,2026-08-05T15:13:24,456.0,145.0
AAPL,2028-03-17,589,Call,190.0,AAPL280317C00190000,140.5,143.5,142.0,134.5,0.0,0.0,0.0,332.0,0.3303,0.9396,0.0009,0.497,0.0,2.48,142.664,0.0,0.0,0.0,136.5,up,2026-08-03T09:43:28,54.0,7.0
AAPL,2028-03-17,589,Put,190.0,AAPL280317P00190000,4.3,5.05,4.675,4.93,0.0,0.0,0.0,268.0,0.3477,-0.0646,0.0009,0.5095,-0.0143,-0.3532,4.5105,0.0,0.0,0.0,4.89999985694885,down,2026-08-05T15:13:24,74.0,277.0
AAPL,2028-03-17,589,Call,195.0,AAPL280317C00195000,136.0,140.0,138.0,127.85,0.0,0.0,0.0,56.0,0.3261,0.9335,0.001,0.5341,0.0,2.5167,138.485,0.0,0.0,0.0,132.5,no_change,2026-08-03T15:49:02,64.0,28.0
AAPL,2028-03-17,589,Put,195.0,AAPL280317P00195000,4.8,5.55,5.175,5.7,0.0,0.0,0.0,332.0,0.3441,-0.071,0.001,0.549,-0.0152,-0.3889,4.9904,0.0,0.0,0.0,5.45000004768372,up,2026-08-03T13:55:43,26.0,109.0
AAPL,2028-03-17,589,Call,200.0,AAPL280317C00200000,132.0,135.2,133.6,122.97,0.0,0.0,0.0,176.0,0.3234,0.927,0.001,0.5725,0.0,2.5502,134.3479,0.0,0.0,0.0,128.25,down,2026-08-04T09:44:00,62.0,2.0
AAPL,2028-03-17,589,Put,200.0,AAPL280317P00200000,4.6,6.3,5.449999999999999,6.25,0.0,0.0,0.0,2018.0,0.336,-0.0779,0.0011,0.5887,-0.0162,-0.4238,5.5138,0.0,0.0,0.0,6.0,up,2026-08-04T12:20:40,204.0,184.0
AAPL,2028-03-17,589,Call,210.0,AAPL280317C00210000,124.0,127.6,125.8,118.54,0.0,0.0,0.0,81.0,0.3242,0.9126,0.0012,0.6523,-0.0019,2.609,126.2013,0.0,0.0,0.0,120.450000762939,up,2026-08-03T13:06:53,49.0,28.0
AAPL,2028-03-17,589,Put,210.0,AAPL280317P00210000,5.8,7.95,6.875,7.35,0.0,0.0,0.0,1080.0,0.3332,-0.0932,0.0013,0.6711,-0.0182,-0.5011,6.7039,0.0,0.0,0.0,7.32500004768372,no_change,2026-08-04T14:25:33,197.0,219.0
AAPL,2028-03-17,589,Call,220.0,AAPL280317C00220000,116.0,119.45,117.725,112.5,0.0,0.0,0.0,181.0,0.3171,0.8962,0.0014,0.7377,-0.005,2.6535,118.2638,0.0,0.0,0.0,112.424999237061,up,2026-08-05T11:49:33,55.0,15.0
AAPL,2028-03-17,589,Put,220.0,AAPL280317P00220000,7.8,8.9,8.35,9.65,0.0,0.0,0.0,595.0,0.3278,-0.1108,0.0015,0.7597,-0.0203,-0.5926,8.1132,0.0,0.0,0.0,8.77500009536743,up,2026-08-04T11:19:15,13.0,130.0
AAPL,2028-03-17,589,Call,230.0,AAPL280317C00230000,108.5,111.0,109.75,105.5,0.0,0.0,0.0,520.0,0.3092,0.8778,0.0016,0.825,-0.008,2.6854,110.5592,0.0,0.0,0.0,105.5,up,2026-08-04T15:54:08,101.0,1.0
AAPL,2028-03-17,589,Put,230.0,AAPL280317P00230000,9.25,10.7,9.975,10.95,0.0,0.0,0.0,783.0,0.322,-0.1305,0.0017,0.8501,-0.0224,-0.6886,9.7531,0.0,0.0,0.0,10.5250000953674,down,2026-08-04T10:57:01,33.0,102.0
AAPL,2028-03-17,589,Call,240.0,AAPL280317C00240000,101.75,104.6,103.175,100.0,0.0,0.0,0.0,496.0,0.3155,0.8574,0.0018,0.9154,-0.0111,2.7013,103.0851,0.0,0.0,0.0,98.0249977111816,up,2026-08-05T11:12:09,175.0,103.0
AAPL,2028-03-17,589,Put,240.0,AAPL280317P00240000,11.05,12.75,11.9,12.88,0.0,0.0,0.0,630.0,0.317,-0.1526,0.002,0.9428,-0.0246,-0.7959,11.6726,0.0,0.0,0.0,12.625,down,2026-08-03T13:53:49,51.0,124.0
AAPL,2028-03-17,589,Call,250.0,AAPL280317C00250000,94.75,97.0,95.875,91.0,0.0,0.0,0.0,550.0,0.3101,0.835,0.002,1.0048,-0.0141,2.7045,95.8858,0.0,0.0,0.0,90.7749977111816,up,2026-08-04T15:29:01,61.0,11.0
AAPL,2028-03-17,589,Put,250.0,AAPL280317P00250000,13.25,15.05,14.15,14.79,0.0,0.0,0.0,649.0,0.3129,-0.1772,0.0022,1.0352,-0.0268,-0.9102,13.8769,0.0,0.0,0.0,15.0749998092651,down,2026-08-05T13:59:28,51.0,294.0
AAPL,2028-03-17,589,Call,260.0,AAPL280317C00260000,87.15,90.55,88.85,84.0,0.0,0.0,0.0,743.0,0.3053,0.8107,0.0022,1.0938,-0.017,2.6914,88.9699,0.0,0.0,0.0,84.1000022888184,up,2026-08-05T10:46:44,134.0,119.0
AAPL,2028-03-17,589,Put,260.0,AAPL280317P00260000,15.6,17.8,16.7,17.83,0.0,0.0,0.0,501.0,0.3115,-0.204,0.0024,1.1248,-0.029,-1.0311,16.4012,0.0,0.0,0.0,17.2750005722046,down,2026-08-04T15:14:17,77.0,135.0
AAPL,2028-03-17,589,Call,270.0,AAPL280317C00270000,81.25,84.15,82.7,78.4,0.0,0.0,0.0,745.0,0.3026,0.7847,0.0024,1.1783,-0.0198,2.6668,82.352,0.0,0.0,0.0,77.4249992370606,up,2026-08-05T15:51:28,132.0,142.0
AAPL,2028-03-17,589,Put,270.0,AAPL280317P00270000,18.55,20.3,19.425,20.9,0.0,0.0,0.0,452.0,0.3043,-0.233,0.0027,1.2108,-0.0311,-1.16,19.2502,0.0,0.0,0.0,20.6500005722046,down,2026-07-31T15:54:09,108.0,208.0
AAPL,2028-03-17,589,Call,280.0,AAPL280317C00280000,74.3,77.15,75.725,75.08,3.705,5.19089,1.0,1264.0,0.2972,0.7571,0.0026,1.259,-0.0223,2.6266,76.042,75.08,75.08,75.08,71.375,up,2026-08-06T09:38:52,221.0,21.0
AAPL,2028-03-17,589,Put,280.0,AAPL280317P00280000,21.5,23.6,22.55,23.94,0.0,0.0,0.0,557.0,0.3003,-0.2644,0.0029,1.2896,-0.033,-1.2869,22.4736,0.0,0.0,0.0,24.1000003814697,down,2026-08-05T13:59:28,192.0,243.0
AAPL,2028-03-17,589,Call,290.0,AAPL280317C00290000,68.0,71.2,69.6,69.7,4.1,6.25,1.0,708.0,0.2934,0.7281,0.0028,1.3324,-0.0247,2.5768,70.0487,69.7,69.7,69.7,65.5999984741211,up,2026-08-06T09:30:50,82.0,60.0
AAPL,2028-03-17,589,Put,290.0,AAPL280317P00290000,24.6,27.25,25.925,27.8,0.0,0.0,0.0,652.0,0.2962,-0.2972,0.0032,1.3607,-0.0348,-1.4169,26.0108,0.0,0.0,0.0,27.625,down,2026-08-05T13:03:09,200.0,259.0
AAPL,2028-03-17,589,Call,300.0,AAPL280317C00300000,62.5,65.0,63.75,59.8,0.0,0.0,0.0,2262.0,0.2897,0.698,0.003,1.399,-0.0268,2.5133,64.3762,0.0,0.0,0.0,60.2250003814697,up,2026-08-05T14:49:16,153.0,1.0
AAPL,2028-03-17,589,Put,300.0,AAPL280317P00300000,29.45,31.1,30.275,32.0,0.0,0.0,0.0,1499.0,0.2964,-0.332,0.0034,1.4212,-0.0364,-1.5399,29.9508,0.0,0.0,0.0,31.8000001907349,up,2026-08-05T13:03:07,3.0,253.0
AAPL,2028-03-17,589,Call,310.0,AAPL280317C00310000,57.0,60.1,58.55,58.13,3.205,5.83523,12.0,1961.0,0.2884,0.667,0.0031,1.4561,-0.0287,2.4426,59.0288,57.89,58.13,57.89,54.9249992370606,up,2026-08-06T09:42:34,206.0,64.0
AAPL,2028-03-17,589,Put,310.0,AAPL280317P00310000,32.95,35.9,34.425,36.55,0.0,0.0,0.0,168.0,0.2927,-0.3688,0.0036,1.4698,-0.0379,-1.6574,34.2818,0.0,0.0,0.0,36.4749984741211,down,2026-08-05T13:03:10,221.0,250.0
AAPL,2028-03-17,589,Call,320.0,AAPL280317C00320000,53.25,55.7,54.475,54.0,3.75,7.46269,1.0,675.0,0.2926,0.6354,0.0032,1.5043,-0.0302,2.3608,54.005,54.0,54.0,54.0,50.25,up,2026-08-06T09:33:31,552.0,648.0
AAPL,2028-03-17,589,Put,320.0,AAPL280317P00320000,37.55,40.95,39.25,45.31,0.0,0.0,0.0,142.0,0.2914,-0.4063,0.0039,1.5049,-0.0391,-1.7673,38.965,0.0,0.0,0.0,41.1499996185303,up,2026-07-31T12:33:43,254.0,324.0
AAPL,2028-03-17,589,Call,330.0,AAPL280317C00330000,47.0,50.5,48.75,46.25,0.0,0.0,0.0,616.0,0.2838,0.6034,0.0034,1.5422,-0.0315,2.274,49.3057,0.0,0.0,0.0,45.7999992370606,up,2026-08-05T11:08:15,80.0,36.0
AAPL,2028-03-17,589,Put,330.0,AAPL280317P00330000,42.75,46.65,44.7,47.54,0.0,0.0,0.0,83.0,0.2917,-0.4452,0.0041,1.5256,-0.0401,-1.857,44.0483,0.0,0.0,0.0,46.8000011444092,down,2026-07-31T15:50:38,239.0,298.0
AAPL,2028-03-17,589,Call,340.0,AAPL280317C00340000,43.0,46.35,44.675,41.0,0.0,0.0,0.0,880.0,0.284,0.5712,0.0034,1.5698,-0.0325,2.1797,44.9236,0.0,0.0,0.0,41.9500007629394,no_change,2026-08-05T14:01:54,195.0,147.0
AAPL,2028-03-17,589,Put,340.0,AAPL280317P00340000,48.7,51.55,50.125,55.87,0.0,0.0,0.0,41.0,0.2894,-0.4852,0.0042,1.5289,-0.0408,-1.9336,49.5402,0.0,0.0,0.0,52.5749988555908,down,2026-08-04T09:31:38,15.0,92.0
AAPL,2028-03-17,589,Call,350.0,AAPL280317C00350000,39.0,42.2,40.6,37.0,0.0,0.0,0.0,1072.0,0.2822,0.5391,0.0035,1.5872,-0.0332,2.0816,40.8558,0.0,0.0,0.0,37.625,up,2026-08-05T14:01:04,99.0,40.0
AAPL,2028-03-17,589,Put,350.0,AAPL280317P00350000,54.3,57.7,56.0,47.2,0.0,0.0,0.0,262.0,0.2876,-0.526,0.0044,1.5162,-0.0414,-1.9858,55.4231,0.0,0.0,0.0,59.2750015258789,down,2026-07-30T15:00:15,80.0,106.0
AAPL,2028-03-17,589,Call,360.0,AAPL280317C00360000,36.25,38.45,37.35,33.86,0.0,0.0,0.0,566.0,0.2839,0.5074,0.0035,1.5945,-0.0336,1.9808,37.0891,0.0,0.0,0.0,34.6000003814697,up,2026-08-05T15:06:32,185.0,63.0
AAPL,2028-03-17,589,Put,360.0,AAPL280317P00360000,60.6,64.25,62.425,65.35,0.0,0.0,0.0,230.0,0.2872,-0.5672,0.0046,1.4837,-0.0417,-2.0104,61.6985,0.0,0.0,0.0,65.2499980926514,down,2026-08-05T13:03:08,43.0,222.0
AAPL,2028-03-17,589,Call,370.0,AAPL280317C00370000,32.05,35.3,33.675,30.86,0.0,0.0,0.0,565.0,0.2812,0.4763,0.0035,1.5919,-0.0338,1.8765,33.6164,0.0,0.0,0.0,30.75,up,2026-08-05T14:12:10,140.0,241.0
AAPL,2028-03-17,589,Put,370.0,AAPL280317P00370000,67.15,70.85,69.0,68.8,0.0,0.0,0.0,8.0,0.2854,-0.6089,0.0047,1.4376,-0.0419,-2.0021,68.3572,0.0,0.0,0.0,72.1749992370606,up,2026-07-10T11:37:01,56.0,116.0
AAPL,2028-03-17,589,Call,380.0,AAPL280317C00380000,29.95,32.3,31.125,27.61,0.0,0.0,0.0,552.0,0.2841,0.4459,0.0035,1.5807,-0.0337,1.7742,30.4221,0.0,0.0,0.0,27.8249998092651,no_change,2026-08-05T12:25:08,125.0,224.0
AAPL,2028-03-17,589,Put,380.0,AAPL280317P00380000,73.7,78.0,75.85,83.55,0.0,0.0,0.0,12.0,0.283,-0.651,0.0049,1.3751,-0.042,-1.9785,75.3935,0.0,0.0,0.0,79.1000022888184,up,2026-08-03T11:49:10,51.0,110.0
AAPL,2028-03-17,589,Call,390.0,AAPL280317C00390000,26.35,28.7,27.525,23.76,0.0,0.0,0.0,254.0,0.2787,0.4164,0.0035,1.5604,-0.0334,1.6691,27.4938,0.0,0.0,0.0,25.4000005722046,up,2026-08-04T11:28:01,255.0,72.0
AAPL,2028-03-17,589,Put,390.0,AAPL280317P00390000,81.7,85.5,83.6,68.5,0.0,0.0,0.0,56.0,0.2846,-0.6932,0.005,1.2962,-0.0421,-1.9204,82.8056,0.0,0.0,0.0,87.6749992370606,up,2026-07-28T12:08:53,49.0,65.0
AAPL,2028-03-17,589,Call,400.0,AAPL280317C00400000,23.05,25.95,24.5,25.0,2.35,10.3753,10.0,842.0,0.2754,0.3879,0.0034,1.5333,-0.033,1.5681,24.8177,25.0,25.0,25.0,22.6500005722046,up,2026-08-06T09:32:27,466.0,73.0
AAPL,2028-03-17,589,Put,400.0,AAPL280317P00400000,89.1,93.4,91.25,100.82,0.0,0.0,0.0,1.0,0.2831,-0.7357,0.0051,1.1857,-0.0419,-1.8232,90.5867,0.0,0.0,0.0,95.875,down,2026-07-31T10:03:42,67.0,134.0
AAPL,2028-03-17,589,Call,410.0,AAPL280317C00410000,21.25,23.95,22.6,19.0,0.0,0.0,0.0,802.0,0.278,0.3606,0.0034,1.4993,-0.0323,1.4678,22.3766,0.0,0.0,0.0,20.5749998092651,down,2026-08-03T14:47:56,233.0,357.0
AAPL,2028-03-17,589,Put,410.0,AAPL280317P00410000,97.65,101.5,99.575,88.0,0.0,0.0,0.0,6.0,0.2846,-0.7778,0.0052,1.046,-0.0417,-1.6605,98.734,0.0,0.0,0.0,104.125,down,2026-07-17T12:00:30,61.0,96.0
AAPL,2028-03-17,589,Call,420.0,AAPL280317C00420000,18.5,21.9,20.2,17.93,0.0,0.0,0.0,534.0,0.276,0.3346,0.0033,1.4591,-0.0315,1.37,20.1592,0.0,0.0,0.0,18.125,down,2026-08-05T14:24:55,99.0,188.0
AAPL,2028-03-17,589,Put,420.0,AAPL280317P00420000,106.15,110.0,108.075,95.65,0.0,0.0,0.0,8.0,0.2852,-0.8197,0.0053,0.9144,-0.0416,-1.3926,107.2135,0.0,0.0,0.0,112.825000762939,down,2026-07-17T11:59:40,49.0,96.0
AAPL,2028-03-17,589,Call,430.0,AAPL280317C00430000,16.5,20.0,18.25,16.3,0.0,0.0,0.0,461.0,0.2758,0.3099,0.0032,1.4153,-0.0306,1.2776,18.1476,0.0,0.0,0.0,16.875,up,2026-08-05T13:23:25,109.0,296.0
AAPL,2028-03-17,589,Put,430.0,AAPL280317P00430000,114.7,119.0,116.85,123.15,0.0,0.0,0.0,6.0,0.2857,-0.8609,0.0054,0.7842,-0.041,-1.1397,116.0142,0.0,0.0,0.0,121.5,down,2026-08-03T09:40:53,83.0,131.0
AAPL,2028-03-17,589,Call,440.0,AAPL280317C00440000,14.8,17.35,16.075000000000003,14.0,0.0,0.0,0.0,111.0,0.2726,0.2865,0.0031,1.3664,-0.0295,1.1864,16.3284,0.0,0.0,0.0,14.8999996185303,up,2026-08-03T13:51:53,88.0,11.0
AAPL,2028-03-17,589,Put,440.0,AAPL280317P00440000,123.5,128.0,125.75,133.4,0.0,0.0,0.0,25.0,0.2843,-0.8979,0.005,0.5924,-0.0401,-1.0033,125.169,0.0,0.0,0.0,131.25,down,2026-07-02T11:22:14,106.0,132.0
AAPL,2028-03-17,589,Call,450.0,AAPL280317C00450000,13.15,16.7,14.925,13.0,0.0,0.0,0.0,774.0,0.2758,0.2646,0.003,1.3152,-0.0284,1.1013,14.688,0.0,0.0,0.0,13.4000000953674,up,2026-08-05T14:24:58,236.0,388.0
AAPL,2028-03-17,589,Put,450.0,AAPL280317P00450000,132.5,137.5,135.0,0.0,0.0,0.0,0.0,0.0,0.2842,-0.9311,0.0042,0.3404,-0.0394,-0.5787,134.6525,0.0,0.0,0.0,140.75,no_change,,128.0,143.0
AAPL,2028-03-17,589,Call,460.0,AAPL280317C00460000,11.7,14.3,13.0,11.7,0.0,0.0,0.0,128.0,0.272,0.244,0.0029,1.2626,-0.0273,1.0208,13.2096,0.0,0.0,0.0,12.0750002861023,up,2026-08-05T09:54:09,231.0,20.0
AAPL,2028-03-17,589,Put,460.0,AAPL280317P00460000,142.6,147.0,144.8,201.55,0.0,0.0,0.0,0.0,0.2907,-0.9579,0.0033,0.2522,-0.0335,-0.3564,144.3245,0.0,0.0,0.0,150.425003051758,down,2026-04-06T15:36:53,98.0,133.0
AAPL,2028-03-17,589,Call,470.0,AAPL280317C00470000,10.4,13.8,12.100000000000001,15.9,0.0,0.0,0.0,274.0,0.2752,0.2248,0.0027,1.2073,-0.0261,0.9432,11.8816,0.0,0.0,0.0,11.2249999046326,down,2026-07-16T12:54:41,122.0,134.0
AAPL,2028-03-17,589,Put,470.0,AAPL280317P00470000,152.5,156.5,154.5,0.0,0.0,0.0,0.0,0.0,0.2928,-0.978,0.0022,0.1428,-0.015,0.0,154.15,0.0,0.0,0.0,160.25,no_change,,73.0,91.0
AAPL,2028-03-17,589,Call,480.0,AAPL280317C00480000,10.25,12.55,11.4,9.8,0.0,0.0,0.0,75.0,0.2794,0.2069,0.0026,1.1523,-0.0249,0.8722,10.6902,0.0,0.0,0.0,9.9249997138977,no_change,2026-08-05T15:32:44,197.0,422.0
AAPL,2028-03-17,589,Put,480.0,AAPL280317P00480000,162.5,166.5,164.5,148.0,0.0,0.0,0.0,0.0,0.3041,-0.9888,0.0011,0.0,-0.015,0.0,164.15,0.0,0.0,0.0,170.324996948242,up,2026-07-24T13:13:07,77.0,90.0
AAPL,2028-03-17,589,Call,490.0,AAPL280317C00490000,9.05,11.3,10.175,16.33,0.0,0.0,0.0,99.0,0.2783,0.1903,0.0025,1.0978,-0.0238,0.8054,9.6212,0.0,0.0,0.0,9.34999990463257,up,2026-07-29T10:05:24,85.0,135.0
AAPL,2028-03-17,589,Put,490.0,AAPL280317P00490000,172.5,176.5,174.5,209.65,0.0,0.0,0.0,0.0,0.3151,-0.9963,0.0004,0.0,-0.015,0.0,174.15,0.0,0.0,0.0,180.275001525879,down,2026-02-06T09:52:18,47.0,88.0
AAPL,2028-03-17,589,Call,500.0,AAPL280317C00500000,7.25,9.55,8.4,8.1,0.0,0.0,0.0,414.0,0.2706,0.175,0.0024,1.0425,-0.0226,0.742,8.6645,0.0,0.0,0.0,7.94999980926514,no_change,2026-08-04T14:13:14,157.0,10.0
AAPL,2028-03-17,589,Put,500.0,AAPL280317P00500000,182.0,186.5,184.25,0.0,0.0,0.0,0.0,0.0,0.3137,-1.0,0.0,0.0,-0.015,0.0,184.15,0.0,0.0,0.0,190.25,no_change,,82.0,79.0
AAPL,2028-03-17,589,Call,510.0,AAPL280317C00510000,6.45,8.7,7.574999999999999,6.75,0.0,0.0,0.0,265.0,0.2709,0.1609,0.0022,0.9889,-0.0214,0.6845,7.8086,0.0,0.0,0.0,7.22500014305115,up,2026-08-03T11:07:21,147.0,85.0
AAPL,2028-03-17,589,Put,510.0,AAPL280317P00510000,192.0,196.5,194.25,0.0,0.0,0.0,0.0,0.0,0.3241,-1.0,0.0,0.0,-0.015,0.0,194.15,0.0,0.0,0.0,200.25,no_change,,74.0,74.0
AAPL,2028-03-17,589,Call,520.0,AAPL280317C00520000,6.4,7.9,7.15,5.42,0.0,0.0,0.0,67.0,0.2747,0.1479,0.0021,0.9372,-0.0203,0.6312,7.042,0.0,0.0,0.0,6.875,down,2026-07-31T09:36:00,138.0,31.0
AAPL,2028-03-17,589,Put,520.0,AAPL280317P00520000,202.1,206.5,204.3,0.0,0.0,0.0,0.0,0.0,0.3372,-1.0,0.0,0.0,-0.015,0.0,204.15,0.0,0.0,0.0,210.25,no_change,,66.0,71.0
AAPL,2028-03-17,589,Call,530.0,AAPL280317C00530000,5.05,7.75,6.4,8.99,0.0,0.0,0.0,222.0,0.2743,0.1359,0.002,0.8861,-0.0192,0.5808,6.3566,0.0,0.0,0.0,5.42499995231628,up,2026-07-17T13:02:34,213.0,182.0
AAPL,2028-03-17,589,Put,530.0,AAPL280317P00530000,212.0,216.5,214.25,0.0,0.0,0.0,0.0,0.0,0.3442,-1.0,0.0,0.0,-0.015,0.0,214.15,0.0,0.0,0.0,220.25,no_change,,71.0,64.0
AAPL,2028-03-17,589,Call,540.0,AAPL280317C00540000,5.25,6.5,5.875,5.4,0.0,0.0,0.0,98.0,0.2757,0.1249,0.0019,0.8368,-0.0181,0.535,5.7441,0.0,0.0,0.0,5.72500014305115,up,2026-08-04T14:10:29,75.0,6.0
AAPL,2028-03-17,589,Put,540.0,AAPL280317P00540000,222.0,226.5,224.25,0.0,0.0,0.0,0.0,0.0,0.3539,-1.0,0.0,0.0,-0.015,0.0,224.15,0.0,0.0,0.0,230.25,no_change,,48.0,64.0
AAPL,2028-03-17,589,Call,550.0,AAPL280317C00550000,4.9,6.5,5.7,5.4,0.0,0.0,0.0,1625.0,0.2809,0.1149,0.0018,0.7904,-0.0171,0.4934,5.1957,0.0,0.0,0.0,5.0,no_change,2026-08-05T15:58:07,242.0,442.0
AAPL,2028-03-17,589,Put,550.0,AAPL280317P00550000,232.0,236.5,234.25,277.5,0.0,0.0,0.0,0.0,0.3634,-1.0,0.0,0.0,-0.015,0.0,234.15,0.0,0.0,0.0,240.25,up,2025-12-31T12:39:47,3.0,63.0
AAPL,2028-03-17,589,Call,560.0,AAPL280317C00560000,3.45,5.45,4.45,4.35,0.0,0.0,0.0,132.0,0.2713,0.1056,0.0016,0.7457,-0.0162,0.4544,4.7048,0.0,0.0,0.0,4.40000009536743,up,2026-08-04T15:16:08,221.0,64.0
AAPL,2028-03-17,589,Put,560.0,AAPL280317P00560000,242.0,246.5,244.25,0.0,0.0,0.0,0.0,0.0,0.3727,-1.0,0.0,0.0,-0.015,0.0,244.15,0.0,0.0,0.0,250.25,no_change,,2.0,64.0
AAPL,2028-03-17,589,Call,570.0,AAPL280317C00570000,4.05,5.5,4.775,3.82,0.0,0.0,0.0,14.0,0.2827,0.0972,0.0016,0.7024,-0.0152,0.4183,4.2659,0.0,0.0,0.0,4.02499997615814,up,2026-08-04T12:41:32,176.0,187.0
AAPL,2028-03-17,589,Put,570.0,AAPL280317P00570000,252.0,256.5,254.25,0.0,0.0,0.0,0.0,0.0,0.3818,-1.0,0.0,0.0,-0.015,0.0,254.15,0.0,0.0,0.0,260.0,no_change,,2.0,9.0
AAPL,2028-03-17,589,Call,580.0,AAPL280317C00580000,2.9,4.65,3.7750000000000004,2.96,0.0,0.0,0.0,151.0,0.2744,0.0895,0.0015,0.6617,-0.0144,0.3859,3.873,0.0,0.0,0.0,3.77499997615814,down,2026-07-31T12:06:00,194.0,111.0
AAPL,2028-03-17,589,Put,580.0,AAPL280317P00580000,261.5,266.5,264.0,0.0,0.0,0.0,0.0,0.0,0.0,-1.0,0.0,0.0,-0.015,0.0,264.15,0.0,0.0,0.0,270.024993896484,no_change,,52.0,9.0
AAPL,2028-03-17,589,Call,590.0,AAPL280317C00590000,3.15,4.2,3.675,3.0,0.0,0.0,0.0,212.0,0.2791,0.0825,0.0014,0.6237,-0.0135,0.3564,3.5206,0.0,0.0,0.0,3.29999995231628,up,2026-07-31T12:29:59,163.0,103.0
AAPL,2028-03-17,589,Put,590.0,AAPL280317P00590000,271.5,276.5,274.0,0.0,0.0,0.0,0.0,0.0,0.3996,-1.0,0.0,0.0,-0.015,0.0,274.15,0.0,0.0,0.0,280.25,no_change,,9.0,9.0
AAPL,2028-03-17,589,Call,600.0,AAPL280317C00600000,2.93,4.2,3.5650000000000004,3.09,0.0,0.0,0.0,496.0,0.2834,0.076,0.0013,0.5875,-0.0127,0.3287,3.2047,0.0,0.0,0.0,3.12000000476837,down,2026-08-05T13:01:08,277.0,358.0
AAPL,2028-03-17,589,Put,600.0,AAPL280317P00600000,282.0,286.5,284.25,0.0,0.0,0.0,0.0,0.0,0.4082,-1.0,0.0,0.0,-0.015,0.0,284.15,0.0,0.0,0.0,290.050003051758,no_change,,6.0,9.0
AAPL,2028-12-15,862,Call,5.0,AAPL281215C00005000,306.35,315.0,310.675,300.0,0.0,0.0,0.0,35.0,1.2993,1.0,0.0,0.001,0.0,0.0171,310.9155,0.0,0.0,0.0,305.0,up,2026-08-04T10:06:14,1.0,1.0
AAPL,2028-12-15,862,Put,5.0,AAPL281215P00005000,0.0,0.06,0.03,0.01,0.0,0.0,0.0,550.0,0.9802,-0.0002,0.0,0.0043,-0.0002,-0.0027,0.0439,0.0,0.0,0.0,0.0299999993294477,no_change,2026-08-03T12:13:09,0.0,4.0
AAPL,2028-12-15,862,Call,10.0,AAPL281215C00010000,302.15,310.25,306.2,317.75,0.0,0.0,0.0,41.0,1.2295,1.0,0.0,0.0014,0.0,0.0451,305.981,0.0,0.0,0.0,300.0,down,2026-07-21T11:30:21,1.0,1.0
AAPL,2028-12-15,862,Put,10.0,AAPL281215P00010000,0.01,0.49,0.25,0.03,0.0,0.0,0.0,6.0,1.0171,-0.0004,0.0,0.0075,-0.0004,-0.0046,0.0659,0.0,0.0,0.0,0.244999994523823,no_change,2026-08-05T12:32:39,1.0,165.0
AAPL,2028-12-15,862,Call,15.0,AAPL281215C00015000,299.0,304.0,301.5,318.15,0.0,0.0,0.0,74.0,0.9478,1.0,0.0,0.0029,0.0,0.1169,301.0887,0.0,0.0,0.0,295.5,up,2026-07-16T14:55:37,7.0,2.0
AAPL,2028-12-15,862,Put,15.0,AAPL281215P00015000,0.0,0.5,0.25,0.04,0.0,0.0,0.0,6.0,0.8849,-0.0006,0.0,0.0106,-0.0004,-0.0064,0.0848,0.0,0.0,0.0,0.25,up,2026-03-20T14:44:02,0.0,164.0
AAPL,2028-12-15,862,Call,20.0,AAPL281215C00020000,294.0,299.0,296.5,242.96,0.0,0.0,0.0,2.0,0.7831,1.0,0.0,0.0132,0.0,0.4014,296.3896,0.0,0.0,0.0,291.0,down,2026-03-03T15:33:09,2.0,2.0
AAPL,2028-12-15,862,Put,20.0,AAPL281215P00020000,0.0,0.7,0.35,0.06,0.0,0.0,0.0,54.0,0.8322,-0.0008,0.0,0.0138,-0.0005,-0.0083,0.1031,0.0,0.0,0.0,0.254999995231628,up,2026-07-21T09:54:49,0.0,209.0
AAPL,2028-12-15,862,Call,25.0,AAPL281215C00025000,289.5,294.5,292.0,239.26,0.0,0.0,0.0,7.0,0.7192,1.0,0.0,0.0168,0.0,0.5261,291.9012,0.0,0.0,0.0,286.5,no_change,2026-03-03T15:31:48,2.0,2.0
AAPL,2028-12-15,862,Put,25.0,AAPL281215P00025000,0.0,0.71,0.355,0.11,0.0,0.0,0.0,77.0,0.763,-0.001,0.0,0.0173,-0.0006,-0.0103,0.1222,0.0,0.0,0.0,0.254999995231628,down,2026-07-31T15:18:23,0.0,208.0
AAPL,2028-12-15,862,Call,30.0,AAPL281215C00030000,285.0,290.0,287.5,307.1,0.0,0.0,0.0,31.0,0.6655,1.0,0.0,0.0202,0.0,0.6263,287.4232,0.0,0.0,0.0,282.0,down,2026-07-16T15:09:37,2.0,2.0
AAPL,2028-12-15,862,Put,30.0,AAPL281215P00030000,0.0,0.72,0.36,0.39,0.0,0.0,0.0,76.0,0.7078,-0.0013,0.0,0.0211,-0.0007,-0.0125,0.143,0.0,0.0,0.0,0.264999985694885,down,2026-07-27T09:47:41,0.0,207.0
AAPL,2028-12-15,862,Call,35.0,AAPL281215C00035000,280.5,285.5,283.0,221.31,0.0,0.0,0.0,1.0,0.621,1.0,0.0,0.0247,0.0,0.7266,282.9476,0.0,0.0,0.0,277.5,down,2026-01-26T11:18:50,2.0,2.0
AAPL,2028-12-15,862,Put,35.0,AAPL281215P00035000,0.0,0.54,0.27,0.07,0.0,0.0,0.0,417.0,0.6367,-0.0016,0.0,0.0253,-0.0008,-0.015,0.1664,0.0,0.0,0.0,0.280000001192093,no_change,2026-07-21T11:17:50,0.0,157.0
AAPL,2028-12-15,862,Call,40.0,AAPL281215C00040000,276.0,281.0,278.5,244.55,0.0,0.0,0.0,9.0,0.5829,1.0,0.0,0.0296,0.0,0.8267,278.476,0.0,0.0,0.0,273.0,down,2026-06-29T14:27:41,2.0,2.0
AAPL,2028-12-15,862,Put,40.0,AAPL281215P00040000,0.0,0.55,0.275,0.18,0.0,0.0,0.0,1107.0,0.5997,-0.0019,0.0,0.03,-0.0009,-0.0179,0.1932,0.0,0.0,0.0,0.649999976158142,up,2026-07-31T14:27:59,0.0,151.0
AAPL,2028-12-15,862,Call,45.0,AAPL281215C00045000,271.5,276.5,274.0,208.17,0.0,0.0,0.0,1.0,0.5497,1.0,0.0,0.0347,0.0,0.9269,274.0091,0.0,0.0,0.0,268.5,up,2026-03-19T12:21:06,2.0,2.0
AAPL,2028-12-15,862,Put,45.0,AAPL281215P00045000,0.01,0.98,0.495,0.18,0.0,0.0,0.0,23.0,0.6123,-0.0023,0.0,0.0355,-0.001,-0.0212,0.2242,0.0,0.0,0.0,1.1950000571087,down,2026-06-29T11:02:50,25.0,230.0
AAPL,2028-12-15,862,Call,50.0,AAPL281215C00050000,267.5,272.0,269.75,263.25,0.0,0.0,0.0,1265.0,0.5754,1.0,0.0,0.041,0.0,1.0289,269.5475,0.0,0.0,0.0,264.75,down,2026-08-05T15:21:07,1.0,2.0
AAPL,2028-12-15,862,Put,50.0,AAPL281215P00050000,0.12,0.55,0.335,0.28,0.0,0.0,0.0,287.0,0.5502,-0.0027,0.0,0.0416,-0.0012,-0.025,0.2602,0.0,0.0,0.0,0.33500000461936,up,2026-07-16T09:38:09,1.0,187.0
AAPL,2028-12-15,862,Call,60.0,AAPL281215C00060000,258.5,263.5,261.0,266.0,0.0,0.0,0.0,198.0,0.5527,0.9989,0.0,0.0557,0.0,1.2524,260.6516,0.0,0.0,0.0,255.0,up,2026-07-23T14:47:24,2.0,2.0
AAPL,2028-12-15,862,Put,60.0,AAPL281215P00060000,0.15,0.64,0.395,0.31,0.0,0.0,0.0,739.0,0.509,-0.0038,0.0,0.0565,-0.0015,-0.0345,0.3505,0.0,0.0,0.0,0.279999993741512,up,2026-08-05T09:40:23,3.0,308.0
AAPL,2028-12-15,862,Call,70.0,AAPL281215C00070000,249.5,254.5,252.0,245.0,0.0,0.0,0.0,232.0,0.5002,0.9975,0.0001,0.074,0.0,1.4649,251.8085,0.0,0.0,0.0,246.0,up,2026-08-05T12:44:21,2.0,2.0
AAPL,2028-12-15,862,Put,70.0,AAPL281215P00070000,0.22,0.79,0.505,0.42,0.0,0.0,0.0,62.0,0.4809,-0.0053,0.0001,0.0752,-0.0019,-0.0471,0.4696,0.0,0.0,0.0,0.519999995827675,no_change,2026-08-03T15:58:12,29.0,187.0
AAPL,2028-12-15,862,Call,80.0,AAPL281215C00080000,240.5,245.5,243.0,228.99,0.0,0.0,0.0,202.0,0.455,0.9957,0.0001,0.0968,0.0,1.6598,243.0019,0.0,0.0,0.0,237.5,down,2026-07-31T12:41:52,2.0,2.0
AAPL,2028-12-15,862,Put,80.0,AAPL281215P00080000,0.54,0.74,0.64,0.58,0.0,0.0,0.0,134.0,0.4568,-0.0071,0.0001,0.0983,-0.0024,-0.0631,0.6246,0.0,0.0,0.0,0.71000000834465,down,2026-08-04T10:16:40,2.0,68.0
AAPL,2028-12-15,862,Call,90.0,AAPL281215C00090000,232.0,236.85,234.425,228.15,0.0,0.0,0.0,93.0,0.4579,0.9934,0.0001,0.1241,0.0,1.8504,234.2361,0.0,0.0,0.0,228.5,up,2026-08-05T15:24:01,2.0,1.0
AAPL,2028-12-15,862,Put,90.0,AAPL281215P00090000,0.58,0.96,0.77,0.81,0.0,0.0,0.0,166.0,0.4331,-0.0095,0.0001,0.1263,-0.003,-0.0836,0.8223,0.0,0.0,0.0,0.705000013113022,down,2026-07-29T11:51:03,29.0,115.0
AAPL,2028-12-15,862,Call,100.0,AAPL281215C00100000,223.0,228.0,225.5,219.0,0.0,0.0,0.0,1924.0,0.4211,0.9906,0.0002,0.1565,0.0,2.0355,225.5178,0.0,0.0,0.0,220.0,no_change,2026-08-05T12:53:08,2.0,2.0
AAPL,2028-12-15,862,Put,100.0,AAPL281215P00100000,0.9,1.19,1.045,1.04,-0.05,-4.58715,15.0,446.0,0.4206,-0.0125,0.0002,0.1598,-0.0036,-0.1089,1.0698,1.06,1.06,1.04,1.08999997377396,down,2026-08-06T09:36:50,5.0,61.0
AAPL,2028-12-15,862,Call,110.0,AAPL281215C00110000,214.5,219.5,217.0,233.58,0.0,0.0,0.0,874.0,0.4164,0.9871,0.0002,0.194,0.0,2.2152,216.8539,0.0,0.0,0.0,211.25,up,2026-07-30T13:56:24,11.0,11.0
AAPL,2028-12-15,862,Put,110.0,AAPL281215P00110000,1.13,1.77,1.45,1.4,0.0,0.0,0.0,402.0,0.4126,-0.0161,0.0002,0.1985,-0.0044,-0.1394,1.3737,0.0,0.0,0.0,1.31999999284744,down,2026-07-29T15:27:39,20.0,247.0
AAPL,2028-12-15,862,Call,120.0,AAPL281215C00120000,206.0,208.5,207.25,196.11,0.0,0.0,0.0,176.0,0.3412,0.9829,0.0002,0.2374,0.0,2.3876,208.2525,0.0,0.0,0.0,202.5,down,2026-08-03T11:48:32,11.0,1.0
AAPL,2028-12-15,862,Put,120.0,AAPL281215P00120000,1.5,1.92,1.71,1.7,-0.12,-6.59341,2.0,101.0,0.3953,-0.0204,0.0003,0.2431,-0.0052,-0.176,1.7417,1.7,1.7,1.7,1.82000005245209,down,2026-08-06T09:40:12,17.0,136.0
AAPL,2028-12-15,862,Call,125.0,AAPL281215C00125000,201.5,206.5,204.0,190.0,0.0,0.0,0.0,74.0,0.392,0.9805,0.0003,0.2608,0.0,2.4714,203.978,0.0,0.0,0.0,198.5,no_change,2026-07-31T13:42:52,27.0,11.0
AAPL,2028-12-15,862,Put,125.0,AAPL281215P00125000,1.53,2.41,1.9700000000000002,2.05,0.0,0.0,0.0,36.0,0.3918,-0.0229,0.0003,0.2673,-0.0057,-0.1965,1.9534,0.0,0.0,0.0,1.9650000333786,no_change,2026-08-05T12:30:50,120.0,125.0
AAPL,2028-12-15,862,Call,130.0,AAPL281215C00130000,197.5,202.5,200.0,219.72,0.0,0.0,0.0,86.0,0.3955,0.978,0.0003,0.2859,0.0,2.5533,199.7224,0.0,0.0,0.0,194.25,up,2026-07-27T09:46:43,11.0,2.0
AAPL,2028-12-15,862,Put,130.0,AAPL281215P00130000,1.5,2.44,1.97,2.2,0.0,0.0,0.0,271.0,0.3777,-0.0257,0.0003,0.2938,-0.0062,-0.2192,2.189,0.0,0.0,0.0,2.32000005245209,down,2026-07-31T10:00:48,126.0,119.0
AAPL,2028-12-15,862,Call,135.0,AAPL281215C00135000,193.0,198.0,195.5,181.0,0.0,0.0,0.0,44.0,0.3812,0.9752,0.0004,0.3126,0.0,2.6327,195.4872,0.0,0.0,0.0,189.75,down,2026-08-04T09:43:38,30.0,12.0
AAPL,2028-12-15,862,Put,135.0,AAPL281215P00135000,2.04,2.93,2.4850000000000003,2.66,0.0,0.0,0.0,340.0,0.3822,-0.0286,0.0004,0.3205,-0.0066,-0.2432,2.4398,0.0,0.0,0.0,2.58500003814697,up,2026-07-31T14:33:20,153.0,153.0
AAPL,2028-12-15,862,Call,140.0,AAPL281215C00140000,189.0,193.5,191.25,208.32,0.0,0.0,0.0,135.0,0.3752,0.9721,0.0004,0.3408,0.0,2.7098,191.2739,0.0,0.0,0.0,185.25,down,2026-07-30T14:07:55,12.0,12.0
AAPL,2028-12-15,862,Put,140.0,AAPL281215P00140000,2.42,3.05,2.735,2.87,0.0,0.0,0.0,336.0,0.3762,-0.0318,0.0004,0.3508,-0.0072,-0.2687,2.7205,0.0,0.0,0.0,2.89499998092651,down,2026-08-03T10:13:07,86.0,85.0
AAPL,2028-12-15,862,Call,145.0,AAPL281215C00145000,185.0,189.5,187.25,176.1,0.0,0.0,0.0,99.0,0.3758,0.9689,0.0004,0.37,0.0,2.7849,187.0841,0.0,0.0,0.0,181.25,no_change,2026-08-03T15:48:17,12.0,12.0
AAPL,2028-12-15,862,Put,145.0,AAPL281215P00145000,2.74,4.35,3.545,3.33,0.0,0.0,0.0,447.0,0.3849,-0.0352,0.0004,0.3806,-0.0077,-0.2966,3.0185,0.0,0.0,0.0,3.22500002384186,no_change,2026-07-31T14:30:49,95.0,205.0
AAPL,2028-12-15,862,Call,150.0,AAPL281215C00150000,180.5,185.5,183.0,176.5,0.0,0.0,0.0,504.0,0.3689,0.9654,0.0005,0.4007,0.0,2.8578,182.9189,0.0,0.0,0.0,177.25,up,2026-08-05T13:07:26,32.0,12.0
AAPL,2028-12-15,862,Put,150.0,AAPL281215P00150000,3.1,4.7,3.9000000000000004,3.64,0.0,0.0,0.0,847.0,0.3799,-0.039,0.0005,0.4135,-0.0083,-0.3267,3.3521,0.0,0.0,0.0,3.57500004768372,down,2026-08-04T11:04:23,88.0,229.0
AAPL,2028-12-15,862,Call,155.0,AAPL281215C00155000,176.5,181.0,178.75,165.55,0.0,0.0,0.0,136.0,0.3619,0.9616,0.0005,0.4332,0.0,2.9279,178.78,0.0,0.0,0.0,173.25,down,2026-08-04T09:30:05,31.0,12.0
AAPL,2028-12-15,862,Put,155.0,AAPL281215P00155000,2.87,3.95,3.41,3.95,0.0,0.0,0.0,481.0,0.3557,-0.0429,0.0005,0.4461,-0.0089,-0.3589,3.7048,0.0,0.0,0.0,3.92500007152557,no_change,2026-08-04T10:23:15,169.0,41.0
AAPL,2028-12-15,862,Call,160.0,AAPL281215C00160000,172.5,177.0,174.75,163.97,0.0,0.0,0.0,278.0,0.3604,0.9576,0.0006,0.4672,0.0,2.9948,174.6696,0.0,0.0,0.0,169.150001525879,up,2026-08-03T15:50:56,18.0,12.0
AAPL,2028-12-15,862,Put,160.0,AAPL281215P00160000,3.85,5.5,4.675,4.45,0.0,0.0,0.0,595.0,0.3706,-0.0472,0.0006,0.4825,-0.0095,-0.3937,4.0916,0.0,0.0,0.0,4.39999985694885,up,2026-08-03T11:52:22,123.0,201.0
AAPL,2028-12-15,862,Call,165.0,AAPL281215C00165000,168.0,172.0,170.0,164.55,0.0,0.0,0.0,182.0,0.3423,0.9532,0.0006,0.5022,0.0,3.0592,170.5896,0.0,0.0,0.0,164.25,down,2026-08-05T13:08:57,28.0,21.0
AAPL,2028-12-15,862,Put,165.0,AAPL281215P00165000,4.25,4.9,4.575,4.55,0.0,0.0,0.0,539.0,0.356,-0.0519,0.0006,0.5185,-0.0101,-0.431,4.5119,0.0,0.0,0.0,4.875,down,2026-07-30T09:50:08,100.0,119.0
AAPL,2028-12-15,862,Call,170.0,AAPL281215C00170000,164.0,168.0,166.0,157.81,0.0,0.0,0.0,116.0,0.3405,0.9486,0.0006,0.5384,0.0,3.1211,166.5414,0.0,0.0,0.0,160.25,up,2026-08-04T11:53:42,32.0,23.0
AAPL,2028-12-15,862,Put,170.0,AAPL281215P00170000,4.2,5.35,4.775,5.35,0.0,0.0,0.0,831.0,0.3466,-0.0568,0.0007,0.5572,-0.0108,-0.47,4.9661,0.0,0.0,0.0,5.35000014305115,down,2026-08-05T13:05:18,264.0,133.0
AAPL,2028-12-15,862,Call,175.0,AAPL281215C00175000,160.0,164.0,162.0,156.56,0.0,0.0,0.0,538.0,0.338,0.9437,0.0007,0.5763,0.0,3.1798,162.5269,0.0,0.0,0.0,156.25,down,2026-08-04T14:22:19,38.0,23.0
AAPL,2028-12-15,862,Put,175.0,AAPL281215P00175000,5.3,5.9,5.6,5.9,0.0,0.0,0.0,255.0,0.35,-0.0621,0.0008,0.5956,-0.0114,-0.512,5.4573,0.0,0.0,0.0,5.89999985694885,down,2026-08-03T10:26:25,19.0,98.0
AAPL,2028-12-15,862,Call,180.0,AAPL281215C00180000,156.0,160.0,158.0,150.83,0.0,0.0,0.0,457.0,0.3349,0.9384,0.0008,0.6158,0.0,3.2347,158.5485,0.0,0.0,0.0,152.5,up,2026-08-05T10:20:36,37.0,26.0
AAPL,2028-12-15,862,Put,180.0,AAPL281215P00180000,5.85,6.5,6.175,6.4,0.0,0.0,0.0,1220.0,0.3472,-0.0678,0.0008,0.6379,-0.0121,-0.556,5.9866,0.0,0.0,0.0,6.47500014305115,down,2026-08-05T13:08:12,26.0,218.0
AAPL,2028-12-15,862,Call,185.0,AAPL281215C00185000,152.5,156.0,154.25,148.98,0.0,0.0,0.0,144.0,0.3354,0.9329,0.0008,0.6562,0.0,3.2863,154.6085,0.0,0.0,0.0,149.025001525879,up,2026-08-04T15:06:49,25.0,20.0
AAPL,2028-12-15,862,Put,185.0,AAPL281215P00185000,6.45,7.1,6.775,7.21,0.0,0.0,0.0,431.0,0.3442,-0.0738,0.0009,0.679,-0.0128,-0.6035,6.5586,0.0,0.0,0.0,7.10000014305115,down,2026-08-03T12:39:39,16.0,67.0
AAPL,2028-12-15,862,Call,190.0,AAPL281215C00190000,148.5,152.5,150.5,142.37,0.0,0.0,0.0,505.0,0.3349,0.927,0.0009,0.6973,0.0,3.3351,150.7087,0.0,0.0,0.0,144.75,up,2026-08-04T11:53:42,38.0,23.0
AAPL,2028-12-15,862,Put,190.0,AAPL281215P00190000,6.4,7.75,7.075,7.95,0.0,0.0,0.0,1007.0,0.3366,-0.0802,0.0009,0.7234,-0.0136,-0.6531,7.1742,0.0,0.0,0.0,7.64999985694885,down,2026-08-04T12:12:15,156.0,113.0
AAPL,2028-12-15,862,Call,195.0,AAPL281215C00195000,144.5,148.5,146.5,141.3,0.0,0.0,0.0,1779.0,0.3302,0.9208,0.0009,0.7395,0.0,3.3807,146.8506,0.0,0.0,0.0,140.75,up,2026-08-05T12:45:46,48.0,23.0
AAPL,2028-12-15,862,Put,195.0,AAPL281215P00195000,6.8,8.5,7.65,8.38,0.0,0.0,0.0,654.0,0.3326,-0.087,0.001,0.7663,-0.0143,-0.7047,7.8368,0.0,0.0,0.0,8.375,down,2026-08-04T13:57:59,355.0,266.0
AAPL,2028-12-15,862,Call,200.0,AAPL281215C00200000,141.15,144.65,142.9,142.75,5.3,3.85595,25.0,2103.0,0.3306,0.9142,0.001,0.7832,0.0,3.422,143.0366,142.27,142.75,142.27,137.449996948242,up,2026-08-06T09:33:18,184.0,64.0
AAPL,2028-12-15,862,Put,200.0,AAPL281215P00200000,8.6,9.2,8.899999999999999,8.85,-0.375,-4.06504,2.0,3792.0,0.3367,-0.0942,0.0011,0.8138,-0.0151,-0.76,8.5458,9.0,9.0,8.85,9.22499990463257,down,2026-08-06T09:36:12,21.0,358.0
AAPL,2028-12-15,862,Call,210.0,AAPL281215C00210000,133.25,137.0,135.125,129.75,0.0,0.0,0.0,568.0,0.3223,0.9,0.0011,0.8725,0.0,3.4931,135.5505,0.0,0.0,0.0,130.324996948242,up,2026-08-05T15:16:39,41.0,23.0
AAPL,2028-12-15,862,Put,210.0,AAPL281215P00210000,10.0,10.95,10.475,10.95,0.0,0.0,0.0,1758.0,0.3312,-0.1098,0.0012,0.9078,-0.0166,-0.8738,10.1227,0.0,0.0,0.0,10.9749999046326,no_change,2026-08-05T15:09:32,11.0,246.0
AAPL,2028-12-15,862,Call,220.0,AAPL281215C00220000,126.25,130.0,128.125,127.0,4.55,3.7158,2.0,960.0,0.3212,0.8845,0.0013,0.9635,-0.0023,3.551,128.2638,127.0,127.0,127.0,122.450000762939,up,2026-08-06T09:41:39,78.0,57.0
AAPL,2028-12-15,862,Put,220.0,AAPL281215P00220000,11.7,12.95,12.325,12.7,0.0,0.0,0.0,2093.0,0.3268,-0.127,0.0014,1.002,-0.0182,-0.999,11.9161,0.0,0.0,0.0,12.9000000953674,down,2026-08-05T11:11:58,141.0,351.0
AAPL,2028-12-15,862,Call,230.0,AAPL281215C00230000,119.0,122.85,120.925,116.7,0.0,0.0,0.0,876.0,0.3159,0.8676,0.0014,1.0568,-0.0046,3.5912,121.1919,0.0,0.0,0.0,115.5,up,2026-08-05T11:15:31,39.0,39.0
AAPL,2028-12-15,862,Put,230.0,AAPL281215P00230000,12.75,15.15,13.95,14.6,0.0,0.0,0.0,996.0,0.3184,-0.1459,0.0016,1.0977,-0.0198,-1.135,13.9554,0.0,0.0,0.0,15.0749998092651,down,2026-08-05T14:10:21,333.0,317.0
AAPL,2028-12-15,862,Call,240.0,AAPL281215C00240000,112.0,116.0,114.0,109.15,0.0,0.0,0.0,1776.0,0.3117,0.8494,0.0016,1.1486,-0.007,3.6188,114.3392,0.0,0.0,0.0,109.075000762939,no_change,2026-08-05T13:03:44,40.0,31.0
AAPL,2028-12-15,862,Put,240.0,AAPL281215P00240000,15.95,17.5,16.725,16.75,0.0,0.0,0.0,1501.0,0.3187,-0.1666,0.0018,1.1942,-0.0214,-1.2753,16.2532,0.0,0.0,0.0,17.4250001907349,down,2026-08-04T14:01:57,131.0,253.0
AAPL,2028-12-15,862,Call,250.0,AAPL281215C00250000,105.5,109.25,107.375,107.0,4.7,4.59433,11.0,2736.0,0.3084,0.8299,0.0017,1.2406,-0.0092,3.6292,107.7298,107.5,107.5,107.0,102.300003051758,down,2026-08-06T09:43:00,67.0,71.0
AAPL,2028-12-15,862,Put,250.0,AAPL281215P00250000,18.4,19.9,19.15,19.98,0.0,0.0,0.0,1639.0,0.3139,-0.1888,0.0019,1.2898,-0.023,-1.4178,18.8202,0.0,0.0,0.0,20.1499996185303,down,2026-08-05T13:33:38,176.0,212.0
AAPL,2028-12-15,862,Call,260.0,AAPL281215C00260000,99.0,103.0,101.0,96.05,0.0,0.0,0.0,1500.0,0.3054,0.8093,0.0018,1.3292,-0.0114,3.6265,101.3664,0.0,0.0,0.0,96.5,down,2026-08-05T12:42:01,42.0,46.0
AAPL,2028-12-15,862,Put,260.0,AAPL281215P00260000,21.6,22.9,22.25,22.0,-1.2,-5.17241,1.0,1843.0,0.3123,-0.2128,0.0021,1.3797,-0.0246,-1.5714,21.683,22.0,22.0,22.0,23.1999998092651,down,2026-08-06T09:43:19,2.0,468.0
AAPL,2028-12-15,862,Call,270.0,AAPL281215C00270000,93.7,96.55,95.125,92.0,0.0,0.0,0.0,2357.0,0.3045,0.7877,0.002,1.4146,-0.0135,3.6103,95.2514,0.0,0.0,0.0,90.5750007629394,up,2026-08-05T15:55:00,65.0,51.0
AAPL,2028-12-15,862,Put,270.0,AAPL281215P00270000,24.25,26.35,25.3,25.0,-1.475,-5.57129,1.0,499.0,0.3087,-0.2381,0.0023,1.466,-0.0261,-1.7232,24.8172,25.0,25.0,25.0,26.4749994277954,down,2026-08-06T09:45:39,49.0,178.0
AAPL,2028-12-15,862,Call,280.0,AAPL281215C00280000,87.7,90.5,89.1,88.98,3.88,4.55934,2.0,2256.0,0.3008,0.7651,0.0021,1.4957,-0.0154,3.5792,89.3987,88.98,88.98,88.98,85.0999984741211,up,2026-08-06T09:30:01,52.0,25.0
AAPL,2028-12-15,862,Put,280.0,AAPL281215P00280000,27.75,29.6,28.675,30.0,0.0,0.0,0.0,2796.0,0.3053,-0.2651,0.0025,1.5462,-0.0275,-1.8722,28.2805,0.0,0.0,0.0,29.9750003814697,down,2026-08-04T13:47:13,136.0,206.0
AAPL,2028-12-15,862,Call,290.0,AAPL281215C00290000,81.5,85.0,83.25,80.7,0.0,0.0,0.0,1930.0,0.297,0.7418,0.0022,1.5706,-0.0172,3.5392,83.788,0.0,0.0,0.0,79.5750007629394,up,2026-08-05T15:58:36,47.0,11.0
AAPL,2028-12-15,862,Put,290.0,AAPL281215P00290000,31.45,33.45,32.45,33.96,0.0,0.0,0.0,680.0,0.3031,-0.2932,0.0027,1.6152,-0.0289,-2.0268,32.0203,0.0,0.0,0.0,34.0499992370606,down,2026-08-05T11:10:47,125.0,224.0
AAPL,2028-12-15,862,Call,300.0,AAPL281215C00300000,77.3,79.55,78.425,78.0,4.35,5.90631,2.0,3602.0,0.2981,0.7178,0.0024,1.6402,-0.0189,3.4847,78.4404,77.85,78.0,77.85,73.6500015258789,up,2026-08-06T09:43:34,154.0,47.0
AAPL,2028-12-15,862,Put,300.0,AAPL281215P00300000,34.85,37.6,36.225,38.75,0.0,0.0,0.0,2155.0,0.2988,-0.3229,0.0029,1.6783,-0.0302,-2.1763,36.1144,0.0,0.0,0.0,38.0499992370606,up,2026-08-05T15:40:42,179.0,195.0
AAPL,2028-12-15,862,Call,310.0,AAPL281215C00310000,71.25,74.0,72.625,73.15,3.625,5.21396,2.0,2613.0,0.2919,0.6932,0.0025,1.7023,-0.0204,3.4223,73.3506,73.0,73.15,73.0,69.5249977111816,up,2026-08-06T09:33:40,121.0,1.0
AAPL,2028-12-15,862,Put,310.0,AAPL281215P00310000,39.95,42.05,41.0,42.59,0.0,0.0,0.0,1103.0,0.2991,-0.3534,0.0031,1.7285,-0.0314,-2.3114,40.4931,0.0,0.0,0.0,42.8500003814697,up,2026-08-05T12:15:14,11.0,171.0
AAPL,2028-12-15,862,Call,320.0,AAPL281215C00320000,66.9,69.5,68.2,68.5,3.525,5.42517,10.0,3358.0,0.2925,0.6683,0.0026,1.7572,-0.0218,3.3513,68.5131,68.0,68.5,68.0,64.9749984741211,up,2026-08-06T09:45:34,155.0,48.0
AAPL,2028-12-15,862,Put,320.0,AAPL281215P00320000,44.45,46.95,45.7,48.36,0.0,0.0,0.0,840.0,0.297,-0.3854,0.0032,1.7673,-0.0325,-2.4214,45.2377,0.0,0.0,0.0,47.5249996185303,down,2026-08-05T10:14:04,42.0,187.0
AAPL,2028-12-15,862,Call,330.0,AAPL281215C00330000,61.6,65.2,63.400000000000006,63.33,3.205,5.33056,3.0,2814.0,0.2896,0.6431,0.0026,1.8048,-0.023,3.2694,63.9289,63.33,63.33,63.33,60.125,up,2026-08-06T09:30:01,140.0,43.0
AAPL,2028-12-15,862,Put,330.0,AAPL281215P00330000,49.5,52.15,50.825,54.81,0.0,0.0,0.0,1262.0,0.2957,-0.4179,0.0034,1.7934,-0.0334,-2.519,50.2569,0.0,0.0,0.0,52.9249992370606,down,2026-08-03T11:53:29,11.0,171.0
AAPL,2028-12-15,862,Call,340.0,AAPL281215C00340000,57.8,61.1,59.45,59.0,2.975,5.31013,1.0,2420.0,0.2901,0.6178,0.0027,1.8443,-0.024,3.1848,59.5981,59.0,59.0,59.0,56.0249996185303,up,2026-08-06T09:44:18,484.0,346.0
AAPL,2028-12-15,862,Put,340.0,AAPL281215P00340000,54.3,58.35,56.325,59.16,0.0,0.0,0.0,286.0,0.2947,-0.4516,0.0036,1.8108,-0.0343,-2.6365,55.629,0.0,0.0,0.0,58.3250007629394,no_change,2026-08-04T12:45:34,112.0,106.0
AAPL,2028-12-15,862,Call,350.0,AAPL281215C00350000,53.5,57.2,55.35,55.1,3.275,6.31935,1.0,4262.0,0.2886,0.5924,0.0028,1.8759,-0.0249,3.0918,55.5034,55.1,55.1,55.1,51.8249988555908,up,2026-08-06T09:44:43,233.0,194.0
AAPL,2028-12-15,862,Put,350.0,AAPL281215P00350000,60.0,63.25,61.625,64.35,0.0,0.0,0.0,361.0,0.291,-0.4862,0.0038,1.8113,-0.0351,-2.7121,61.3403,0.0,0.0,0.0,64.1000022888184,down,2026-08-05T15:44:48,45.0,132.0
AAPL,2028-12-15,862,Call,360.0,AAPL281215C00360000,50.0,53.0,51.5,50.75,2.425,5.01811,10.0,1178.0,0.2873,0.5672,0.0028,1.8996,-0.0256,2.9931,51.6438,50.75,50.75,50.75,48.3250007629394,no_change,2026-08-06T09:30:07,209.0,91.0
AAPL,2028-12-15,862,Put,360.0,AAPL281215P00360000,66.25,69.9,68.075,73.05,0.0,0.0,0.0,1508.0,0.2919,-0.5214,0.0039,1.7853,-0.0358,-2.7321,67.3836,0.0,0.0,0.0,70.3249969482422,no_change,2026-08-03T11:27:20,60.0,163.0
AAPL,2028-12-15,862,Call,370.0,AAPL281215C00370000,46.15,49.35,47.75,44.5,0.0,0.0,0.0,1306.0,0.2853,0.5422,0.0029,1.9159,-0.0262,2.8943,48.0192,0.0,0.0,0.0,44.8500003814697,down,2026-08-05T15:13:44,148.0,90.0
AAPL,2028-12-15,862,Put,370.0,AAPL281215P00370000,72.6,76.5,74.55,80.65,0.0,0.0,0.0,86.0,0.2914,-0.5569,0.0041,1.7581,-0.0363,-2.7181,73.7356,0.0,0.0,0.0,77.9249992370606,no_change,2026-08-03T15:52:10,44.0,72.0
AAPL,2028-12-15,862,Call,380.0,AAPL281215C00380000,42.8,45.8,44.3,44.55,2.775,6.64273,4.0,1122.0,0.2839,0.5176,0.0029,1.9244,-0.0266,2.7896,44.6171,44.55,44.55,44.55,41.7749996185303,up,2026-08-06T09:43:40,529.0,13.0
AAPL,2028-12-15,862,Put,380.0,AAPL281215P00380000,79.4,83.0,81.2,83.65,0.0,0.0,0.0,101.0,0.2901,-0.5935,0.0042,1.722,-0.0369,-2.7936,80.4302,0.0,0.0,0.0,84.8250007629394,no_change,2026-08-04T15:38:30,28.0,75.0
AAPL,2028-12-15,862,Call,390.0,AAPL281215C00390000,39.7,42.65,41.175,38.35,0.0,0.0,0.0,2623.0,0.2832,0.4934,0.0029,1.9258,-0.0269,2.6829,41.4324,0.0,0.0,0.0,38.5500011444092,up,2026-08-05T12:12:34,114.0,8.0
AAPL,2028-12-15,862,Put,390.0,AAPL281215P00390000,86.4,90.0,88.2,91.32,0.0,0.0,0.0,75.0,0.289,-0.6306,0.0044,1.6369,-0.0374,-2.7153,87.4639,0.0,0.0,0.0,91.25,down,2026-08-04T14:21:22,36.0,70.0
AAPL,2028-12-15,862,Call,400.0,AAPL281215C00400000,36.7,39.0,37.85,36.0,0.0,0.0,0.0,4486.0,0.2804,0.4697,0.0029,1.9209,-0.027,2.5785,38.4529,0.0,0.0,0.0,35.6750011444092,up,2026-08-05T15:34:49,160.0,1.0
AAPL,2028-12-15,862,Put,400.0,AAPL281215P00400000,93.1,97.5,95.3,102.0,0.0,0.0,0.0,92.0,0.2869,-0.6675,0.0045,1.5579,-0.0377,-2.5381,94.7842,0.0,0.0,0.0,98.4749984741211,up,2026-08-03T15:41:08,59.0,64.0
AAPL,2028-12-15,862,Call,410.0,AAPL281215C00410000,33.95,36.75,35.35,35.2,2.225,6.74753,1.0,737.0,0.281,0.4466,0.0029,1.9093,-0.027,2.4707,35.6697,35.2,35.2,35.2,32.9750003814697,up,2026-08-06T09:34:17,156.0,11.0
AAPL,2028-12-15,862,Put,410.0,AAPL281215P00410000,101.1,105.0,103.05,106.77,0.0,0.0,0.0,18.0,0.2869,-0.7052,0.0047,1.4884,-0.0382,-2.5743,102.4239,0.0,0.0,0.0,107.299999237061,down,2026-08-04T14:21:22,35.0,69.0
AAPL,2028-12-15,862,Call,420.0,AAPL281215C00420000,31.0,34.7,32.85,30.19,0.0,0.0,0.0,875.0,0.2806,0.4242,0.0029,1.8918,-0.027,2.363,33.076,0.0,0.0,0.0,30.7749996185303,up,2026-08-05T09:45:13,72.0,174.0
AAPL,2028-12-15,862,Put,420.0,AAPL281215P00420000,109.45,113.0,111.225,116.05,0.0,0.0,0.0,9.0,0.288,-0.7436,0.0048,1.323,-0.0386,-2.3392,110.4184,0.0,0.0,0.0,115.224998474121,down,2026-08-04T12:53:00,5.0,55.0
AAPL,2028-12-15,862,Call,430.0,AAPL281215C00430000,29.75,31.75,30.75,28.5,0.0,0.0,0.0,1402.0,0.2816,0.4024,0.0028,1.8698,-0.0268,2.2596,30.6596,0.0,0.0,0.0,28.5999994277954,up,2026-08-04T15:06:14,160.0,30.0
AAPL,2028-12-15,862,Put,430.0,AAPL281215P00430000,117.25,121.5,119.375,120.0,-3.65,-2.95188,3.0,5.0,0.2871,-0.7815,0.005,1.2228,-0.0386,-1.9642,118.6615,120.0,120.0,120.0,123.650001525879,no_change,2026-08-06T09:38:46,53.0,97.0
AAPL,2028-12-15,862,Call,440.0,AAPL281215C00440000,27.05,29.9,28.475,25.8,0.0,0.0,0.0,1177.0,0.2808,0.3814,0.0028,1.8428,-0.0265,2.1556,28.4104,0.0,0.0,0.0,26.2750005722046,up,2026-08-05T12:02:50,208.0,201.0
AAPL,2028-12-15,862,Put,440.0,AAPL281215P00440000,126.0,130.0,128.0,128.45,-3.55,-2.68939,3.0,7.0,0.2876,-0.8204,0.0052,1.0804,-0.0389,-1.9911,127.2311,128.45,128.45,128.45,132.0,no_change,2026-08-06T09:39:01,50.0,101.0
AAPL,2028-12-15,862,Call,450.0,AAPL281215C00450000,25.4,27.35,26.375,23.9,0.0,0.0,0.0,6693.0,0.2802,0.3611,0.0028,1.8108,-0.0262,2.052,26.3217,0.0,0.0,0.0,24.25,no_change,2026-08-05T14:06:35,90.0,29.0
AAPL,2028-12-15,862,Put,450.0,AAPL281215P00450000,134.05,138.5,136.275,131.65,0.0,0.0,0.0,2.0,0.2817,-0.856,0.005,0.8304,-0.0389,-1.4836,136.1284,0.0,0.0,0.0,141.425003051758,up,2026-07-23T12:18:03,108.0,81.0
AAPL,2028-12-15,862,Call,460.0,AAPL281215C00460000,23.25,25.35,24.3,22.4,0.0,0.0,0.0,568.0,0.2788,0.3416,0.0027,1.7761,-0.0257,1.9536,24.3831,0.0,0.0,0.0,22.5749998092651,up,2026-08-04T13:28:00,51.0,9.0
AAPL,2028-12-15,862,Put,460.0,AAPL281215P00460000,143.45,148.0,145.725,194.5,0.0,0.0,0.0,0.0,0.2928,-0.8918,0.005,0.7649,-0.0389,-0.9247,145.2155,0.0,0.0,0.0,150.75,down,2026-04-16T09:32:05,5.0,67.0
AAPL,2028-12-15,862,Call,470.0,AAPL281215C00470000,20.5,23.6,22.05,20.95,0.0,0.0,0.0,419.0,0.2758,0.323,0.0027,1.7386,-0.0253,1.8581,22.5839,0.0,0.0,0.0,20.9250001907349,down,2026-08-05T11:15:39,91.0,34.0
AAPL,2028-12-15,862,Put,470.0,AAPL281215P00470000,153.75,157.5,155.625,139.0,0.0,0.0,0.0,9.0,0.2957,-0.9222,0.0043,0.4357,-0.0403,-0.8514,154.7204,0.0,0.0,0.0,160.75,no_change,2026-07-30T15:36:16,4.0,63.0
AAPL,2028-12-15,862,Call,480.0,AAPL281215C00480000,19.25,21.75,20.5,18.19,0.0,0.0,0.0,373.0,0.276,0.3051,0.0026,1.6973,-0.0247,1.7629,20.9173,0.0,0.0,0.0,19.25,down,2026-08-03T14:21:14,155.0,7.0
AAPL,2028-12-15,862,Put,480.0,AAPL281215P00480000,163.0,167.0,165.0,0.0,0.0,0.0,0.0,0.0,0.2957,-0.9481,0.0036,0.3588,-0.0352,-0.5079,164.3287,0.0,0.0,0.0,170.25,no_change,,8.0,67.0
AAPL,2028-12-15,862,Call,490.0,AAPL281215C00490000,17.85,20.35,19.1,19.0,1.325,7.49646,1.0,340.0,0.2764,0.2881,0.0025,1.6539,-0.0241,1.6717,19.3757,19.0,19.0,19.0,17.6750001907349,up,2026-08-06T09:44:05,461.0,48.0
AAPL,2028-12-15,862,Put,490.0,AAPL281215P00490000,172.0,176.5,174.25,216.8,0.0,0.0,0.0,0.0,0.285,-0.9677,0.0026,0.1719,-0.0223,0.0,174.15,0.0,0.0,0.0,180.0,down,2026-04-30T13:32:30,2.0,5.0
AAPL,2028-12-15,862,Call,500.0,AAPL281215C00500000,16.95,18.85,17.9,17.95,1.375,8.29563,6.0,1610.0,0.2775,0.2719,0.0025,1.6098,-0.0235,1.586,17.949,17.75,19.3,17.75,16.5749998092651,down,2026-08-06T09:42:26,292.0,36.0
AAPL,2028-12-15,862,Put,500.0,AAPL281215P00500000,182.0,186.5,184.25,194.0,0.0,0.0,0.0,0.0,0.2947,-0.982,0.0014,0.0,-0.0223,0.0,184.15,0.0,0.0,0.0,190.0,up,2026-07-31T09:30:21,2.0,9.0
AAPL,2028-12-15,862,Call,510.0,AAPL281215C00510000,16.15,17.7,16.924999999999997,15.0,0.0,0.0,0.0,355.0,0.2794,0.2564,0.0024,1.5643,-0.0229,1.5025,16.6291,0.0,0.0,0.0,15.3999996185303,up,2026-08-04T14:49:08,97.0,150.0
AAPL,2028-12-15,862,Put,510.0,AAPL281215P00510000,192.0,196.5,194.25,172.19,0.0,0.0,0.0,0.0,0.3042,-0.9918,0.0007,0.0,-0.0223,0.0,194.15,0.0,0.0,0.0,200.0,down,2026-07-27T11:16:51,2.0,9.0
AAPL,2028-12-15,862,Call,520.0,AAPL281215C00520000,14.4,16.8,15.600000000000001,14.05,0.0,0.0,0.0,1956.0,0.2786,0.2418,0.0023,1.5167,-0.0222,1.4208,15.4102,0.0,0.0,0.0,14.1999998092651,up,2026-08-05T14:17:55,297.0,308.0
AAPL,2028-12-15,862,Put,520.0,AAPL281215P00520000,202.0,206.5,204.25,221.55,0.0,0.0,0.0,0.0,0.3134,-0.9982,0.0001,0.0,-0.0223,0.0,204.15,0.0,0.0,0.0,210.0,down,2026-05-19T13:54:56,2.0,9.0
AAPL,2028-12-15,862,Call,530.0,AAPL281215C00530000,12.75,15.85,14.3,11.82,0.0,0.0,0.0,151.0,0.2773,0.2279,0.0022,1.4688,-0.0216,1.344,14.2849,0.0,0.0,0.0,13.1500000953674,down,2026-08-03T11:29:25,91.0,92.0
AAPL,2028-12-15,862,Put,530.0,AAPL281215P00530000,211.5,216.5,214.0,230.69,0.0,0.0,0.0,0.0,0.3224,-1.0,0.0,0.0,-0.0223,0.0,214.15,0.0,0.0,0.0,220.150001525879,down,2026-05-20T11:33:42,9.0,6.0
AAPL,2028-12-15,862,Call,540.0,AAPL281215C00540000,11.75,14.15,12.95,11.75,0.0,0.0,0.0,95.0,0.2746,0.2148,0.0022,1.4217,-0.0209,1.2721,13.2448,0.0,0.0,0.0,12.625,down,2026-08-05T09:47:10,205.0,35.0
AAPL,2028-12-15,862,Put,540.0,AAPL281215P00540000,221.5,226.5,224.0,207.6,0.0,0.0,0.0,0.0,0.3312,-1.0,0.0,0.0,-0.0223,0.0,224.15,0.0,0.0,0.0,230.0,up,2026-07-30T15:48:39,9.0,9.0
AAPL,2028-12-15,862,Call,550.0,AAPL281215C00550000,11.9,13.2,12.55,11.53,0.0,0.0,0.0,275.0,0.2789,0.2024,0.0021,1.3743,-0.0202,1.2025,12.2836,0.0,0.0,0.0,11.7249999046326,down,2026-08-05T11:18:10,110.0,156.0
AAPL,2028-12-15,862,Put,550.0,AAPL281215P00550000,231.5,236.5,234.0,234.52,0.0,0.0,0.0,0.0,0.0,-1.0,0.0,0.0,-0.0223,0.0,234.15,0.0,0.0,0.0,240.0,down,2026-07-14T15:09:42,9.0,9.0
AAPL,2028-12-15,862,Call,560.0,AAPL281215C00560000,9.75,12.75,11.25,9.69,0.0,0.0,0.0,98.0,0.2758,0.1906,0.002,1.3261,-0.0195,1.1349,11.3961,0.0,0.0,0.0,10.9499998092651,up,2026-08-04T10:13:20,130.0,119.0
AAPL,2028-12-15,862,Put,560.0,AAPL281215P00560000,241.5,246.5,244.0,0.0,0.0,0.0,0.0,0.0,0.0,-1.0,0.0,0.0,-0.0223,0.0,244.15,0.0,0.0,0.0,250.0,no_change,,9.0,9.0
AAPL,2028-12-15,862,Call,570.0,AAPL281215C00570000,10.15,12.1,11.125,8.41,0.0,0.0,0.0,38.0,0.2813,0.1795,0.002,1.2783,-0.0188,1.0716,10.5766,0.0,0.0,0.0,9.84999990463257,down,2026-07-31T13:52:44,51.0,95.0
AAPL,2028-12-15,862,Put,570.0,AAPL281215P00570000,251.5,256.5,254.0,241.93,0.0,0.0,0.0,0.0,0.0,-1.0,0.0,0.0,-0.0223,0.0,254.16,0.0,0.0,0.0,260.0,up,2026-07-21T15:54:13,9.0,9.0
AAPL,2028-12-15,862,Call,580.0,AAPL281215C00580000,9.05,11.2,10.125,9.09,0.0,0.0,0.0,188.0,0.2794,0.1691,0.0019,1.232,-0.0181,1.0127,9.8187,0.0,0.0,0.0,9.125,up,2026-08-05T12:15:53,168.0,261.0
AAPL,2028-12-15,862,Put,580.0,AAPL281215P00580000,261.75,266.5,264.125,252.6,0.0,0.0,0.0,0.0,0.0,-1.0,0.0,0.0,-0.0223,0.0,264.15,0.0,0.0,0.0,270.0,up,2026-07-21T15:53:36,2.0,4.0
AAPL,2028-12-15,862,Call,590.0,AAPL281215C00590000,8.45,9.9,9.175,9.2,0.5,5.74713,1.0,113.0,0.2774,0.1592,0.0018,1.1867,-0.0175,0.9565,9.1172,9.2,9.2,9.2,8.69999980926514,up,2026-08-06T09:32:20,247.0,122.0
AAPL,2028-12-15,862,Put,590.0,AAPL281215P00590000,271.5,276.5,274.0,264.5,0.0,0.0,0.0,0.0,0.0,-1.0,0.0,0.0,-0.0223,0.0,274.15,0.0,0.0,0.0,280.0,no_change,2026-07-21T15:36:46,9.0,9.0
AAPL,2028-12-15,862,Call,600.0,AAPL281215C00600000,7.65,9.15,8.4,8.41,0.485,6.11987,23.0,4281.0,0.2764,0.1499,0.0017,1.1414,-0.0168,0.902,8.4682,8.5,8.75,7.25,7.92500019073486,down,2026-08-06T09:39:03,487.0,162.0
AAPL,2028-12-15,862,Put,600.0,AAPL281215P00600000,281.75,286.5,284.125,318.86,0.0,0.0,0.0,0.0,0.0,-1.0,0.0,0.0,-0.0223,0.0,284.15,0.0,0.0,0.0,290.0,up,2026-06-26T14:16:43,2.0,9.0
