root,expiration,dte,type,strike,option,bid,ask,mid,last_trade_price,change,percent_change,volume,open_interest,iv,delta,gamma,vega,theta,rho,theo,open,high,low,prev_day_close,tick,last_trade_time,bid_size,ask_size
AAPL,2026-09-11,0,Call,110.0,AAPL260911C00110000,223.25,225.9,224.575,213.0,0.0,0.0,0.0,0.0,0.0,1.0,0.0,0.0,-0.0001,0.0,224.2851,0.0,0.0,0.0,215.724998474121,up,2026-09-10T11:04:47,127.0,47.0
AAPL,2026-09-11,0,Put,110.0,AAPL260911P00110000,0.0,0.01,0.005,0.01,0.0,0.0,0.0,132.0,0.0,0.0,0.0,0.0,-0.0001,0.0,0.0001,0.0,0.0,0.0,0.00499999988824129,down,2026-09-10T12:19:38,0.0,5100.0
AAPL,2026-09-11,0,Call,120.0,AAPL260911C00120000,213.25,215.95,214.6,215.12,9.595,4.66853,2.0,3.0,0.0,1.0,0.0,0.0,-0.0001,0.0,214.2851,212.51,215.12,212.51,205.524993896484,up,2026-09-11T11:50:06,119.0,42.0
AAPL,2026-09-11,0,Put,120.0,AAPL260911P00120000,0.0,0.01,0.005,0.0,0.0,0.0,0.0,0.0,0.0,0.0,0.0,0.0,-0.0001,0.0,0.0001,0.0,0.0,0.0,0.00499999988824129,no_change,,0.0,1010.0
AAPL,2026-09-11,0,Call,125.0,AAPL260911C00125000,208.15,210.95,209.55,210.2,10.225,5.11314,4.0,12.0,0.0,1.0,0.0,0.0,-0.0002,0.0,209.2852,207.59,210.57,207.59,199.974998474121,down,2026-09-11T11:50:06,124.0,31.0
AAPL,2026-09-11,0,Put,125.0,AAPL260911P00125000,0.0,0.01,0.005,0.01,0.005,100.0,4.0,0.0,0.0,0.0,0.0,0.0,-0.0002,0.0,0.0002,0.01,0.01,0.01,0.00499999988824129,up,2026-09-11T09:30:50,0.0,1010.0
AAPL,2026-09-11,0,Call,130.0,AAPL260911C00130000,203.25,205.95,204.6,205.35,9.65,4.93102,2.0,11.0,0.0,1.0,0.0,0.0,-0.0002,0.0,204.2852,205.65,205.65,205.35,195.699996948242,down,2026-09-11T11:45:35,119.0,31.0
AAPL,2026-09-11,0,Put,130.0,AAPL260911P00130000,0.0,0.01,0.005,0.0,0.0,0.0,0.0,0.0,0.0,0.0,0.0,0.0,-0.0002,0.0,0.0002,0.0,0.0,0.0,0.00499999988824129,no_change,,0.0,1010.0
AAPL,2026-09-11,0,Call,135.0,AAPL260911C00135000,198.25,200.95,199.6,200.15,9.475,4.96919,1.0,1.0,0.0,1.0,0.0,0.0,-0.0003,0.0,199.2853,200.15,200.15,200.15,190.675003051758,up,2026-09-11T11:51:26,117.0,43.0
AAPL,2026-09-11,0,Put,135.0,AAPL260911P00135000,0.0,0.01,0.005,0.0,0.0,0.0,0.0,0.0,0.0,0.0,0.0,0.0,-0.0003,0.0,0.0003,0.0,0.0,0.0,0.00499999988824129,no_change,,0.0,1010.0
AAPL,2026-09-11,0,Call,140.0,AAPL260911C00140000,193.25,195.9,194.575,195.22,9.545,5.1407,3.0,2.0,0.0,1.0,0.0,0.0,-0.0003,0.0,194.2853,195.0,195.25,195.0,185.675003051758,down,2026-09-11T11:51:26,131.0,41.0
AAPL,2026-09-11,0,Put,140.0,AAPL260911P00140000,0.0,0.01,0.005,0.0,0.0,0.0,0.0,0.0,0.0,0.0,0.0,0.0,-0.0003,0.0,0.0003,0.0,0.0,0.0,0.00499999988824129,no_change,,0.0,1010.0
AAPL,2026-09-11,0,Call,145.0,AAPL260911C00145000,188.2,190.95,189.575,190.33,9.655,5.34385,3.0,3.0,0.0,1.0,0.0,0.0,-0.0004,0.0,189.2854,189.68,190.33,189.68,180.675003051758,up,2026-09-11T11:49:11,118.0,29.0
AAPL,2026-09-11,0,Put,145.0,AAPL260911P00145000,0.0,0.01,0.005,0.01,0.0,0.0,0.0,1.0,0.0,0.0,0.0,0.0,-0.0004,0.0,0.0004,0.0,0.0,0.0,0.00499999988824129,down,2026-09-02T15:46:59,0.0,1.0
AAPL,2026-09-11,0,Call,150.0,AAPL260911C00150000,183.25,185.95,184.6,185.1,9.3,5.29011,3.0,5.0,0.0,1.0,0.0,0.0,-0.0005,0.0,184.2855,182.27,185.1,182.27,175.799995422363,up,2026-09-11T11:49:19,118.0,47.0
AAPL,2026-09-11,0,Put,150.0,AAPL260911P00150000,0.0,0.01,0.005,0.0,0.0,0.0,0.0,0.0,0.0,0.0,0.0,0.0,-0.0005,0.0,0.0005,0.0,0.0,0.0,0.00499999988824129,no_change,,0.0,1.0
AAPL,2026-09-11,0,Call,155.0,AAPL260911C00155000,178.25,180.95,179.6,180.18,9.38,5.49181,2.0,7.0,0.0,1.0,0.0,0.0,-0.0006,0.0,179.2856,177.35,180.18,177.35,170.799995422363,up,2026-09-11T11:49:19,116.0,29.0
AAPL,2026-09-11,0,Put,155.0,AAPL260911P00155000,0.0,0.01,0.005,0.02,0.0,0.0,0.0,3.0,0.0,0.0,0.0,0.0,-0.0006,0.0,0.0006,0.0,0.0,0.0,0.00499999988824129,up,2026-09-09T10:58:36,0.0,1.0
AAPL,2026-09-11,0,Call,160.0,AAPL260911C00160000,173.25,175.65,174.45,175.25,9.525,5.74747,5.0,6.0,0.0,1.0,0.0,0.0,-0.0007,0.0,174.2857,174.85,175.27,174.85,165.724998474121,up,2026-09-11T11:49:48,126.0,40.0
AAPL,2026-09-11,0,Put,160.0,AAPL260911P00160000,0.0,0.01,0.005,0.01,0.0,0.0,0.0,6.0,0.0,0.0,0.0,0.0,-0.0007,0.0,0.0007,0.0,0.0,0.0,0.00499999988824129,no_change,2026-08-25T12:15:05,0.0,24.0
AAPL,2026-09-11,0,Call,165.0,AAPL260911C00165000,168.25,170.9,169.575,170.33,9.605,5.97604,6.0,5.0,0.0,0.9999,0.0,0.0,-0.0008,0.0,169.2858,169.93,170.4,169.93,160.725006103516,up,2026-09-11T11:49:48,126.0,30.0
AAPL,2026-09-11,0,Put,165.0,AAPL260911P00165000,0.0,0.01,0.005,0.01,0.0,0.0,0.0,19.0,0.0,-0.0001,0.0,0.0,-0.0008,0.0,0.0008,0.0,0.0,0.0,0.00499999988824129,down,2026-08-25T12:14:06,0.0,19.0
AAPL,2026-09-11,0,Call,170.0,AAPL260911C00170000,163.25,165.95,164.6,165.48,9.83,6.31545,3.0,5.0,0.0,0.9999,0.0,0.0,-0.001,0.0,164.286,162.72,165.48,162.72,155.650001525879,up,2026-09-11T11:09:03,116.0,44.0
AAPL,2026-09-11,0,Put,170.0,AAPL260911P00170000,0.0,0.01,0.005,0.01,0.0,0.0,0.0,39.0,0.0,-0.0001,0.0,0.0,-0.001,0.0,0.001,0.0,0.0,0.0,0.00499999988824129,no_change,2026-08-25T14:53:59,0.0,53.0
AAPL,2026-09-11,0,Call,175.0,AAPL260911C00175000,158.25,160.95,159.6,160.4,9.675,6.41898,2.0,13.0,0.0,0.9999,0.0,0.0,-0.0011,0.0,159.2861,157.79,160.4,157.79,150.724998474121,up,2026-09-11T10:56:11,120.0,40.0
AAPL,2026-09-11,0,Put,175.0,AAPL260911P00175000,0.0,0.01,0.005,0.03,0.0,0.0,0.0,36.0,0.0,-0.0001,0.0,0.0,-0.0011,0.0,0.0011,0.0,0.0,0.0,0.00499999988824129,down,2026-09-09T10:59:33,0.0,31.0
AAPL,2026-09-11,0,Call,180.0,AAPL260911C00180000,153.25,155.95,154.6,155.05,9.325,6.39904,1.0,25.0,0.0,0.9999,0.0,0.0,-0.0013,0.0,154.2863,155.05,155.05,155.05,145.724998474121,up,2026-09-11T11:54:09,116.0,29.0
AAPL,2026-09-11,0,Put,180.0,AAPL260911P00180000,0.0,0.01,0.005,0.31,0.0,0.0,0.0,9.0,0.0,-0.0001,0.0,0.0,-0.0013,0.0,0.0013,0.0,0.0,0.0,0.00499999988824129,up,2026-08-25T12:15:21,0.0,1010.0
AAPL,2026-09-11,0,Call,185.0,AAPL260911C00185000,148.25,150.95,149.6,150.13,9.355,6.64536,1.0,24.0,0.0,0.9999,0.0,0.0,-0.0014,0.0,149.2864,150.13,150.13,150.13,140.774993896484,up,2026-09-11T11:54:09,118.0,30.0
AAPL,2026-09-11,0,Put,185.0,AAPL260911P00185000,0.0,0.01,0.005,0.01,0.0,0.0,0.0,20.0,0.0,-0.0001,0.0,0.0,-0.0014,0.0,0.0014,0.0,0.0,0.0,0.00499999988824129,no_change,2026-09-08T09:31:37,0.0,1010.0
AAPL,2026-09-11,0,Call,190.0,AAPL260911C00190000,143.25,145.95,144.6,145.22,9.445,6.95637,1.0,28.0,0.0,0.9999,0.0,0.0,-0.0016,0.0,144.2866,145.22,145.22,145.22,135.774993896484,up,2026-09-11T11:07:35,115.0,30.0
AAPL,2026-09-11,0,Put,190.0,AAPL260911P00190000,0.0,0.01,0.005,0.04,0.0,0.0,0.0,109.0,8.21,-0.0001,0.0,0.0,-0.0016,0.0,0.0016,0.0,0.0,0.0,0.00499999988824129,up,2026-09-09T11:10:47,0.0,1.0
AAPL,2026-09-11,0,Call,195.0,AAPL260911C00195000,138.25,140.95,139.6,130.58,0.0,0.0,0.0,36.0,0.0,0.9998,0.0,0.0,-0.0018,0.0,139.2868,0.0,0.0,0.0,130.774993896484,up,2026-09-10T15:39:29,120.0,47.0
AAPL,2026-09-11,0,Put,195.0,AAPL260911P00195000,0.0,0.01,0.005,0.01,0.0,0.0,0.0,56.0,7.8517,-0.0002,0.0,0.0,-0.0018,0.0,0.0018,0.0,0.0,0.0,0.00499999988824129,no_change,2026-09-09T11:10:47,0.0,7.0
AAPL,2026-09-11,0,Call,200.0,AAPL260911C00200000,133.25,135.9,134.575,135.35,9.625,7.6556,2.0,33.0,0.0,0.9998,0.0,0.0,-0.002,0.0,134.287,134.91,135.35,134.91,125.725002288818,up,2026-09-11T11:39:05,129.0,56.0
AAPL,2026-09-11,0,Put,200.0,AAPL260911P00200000,0.0,0.01,0.005,0.01,0.0,0.0,0.0,3047.0,7.502,-0.0002,0.0,0.0,-0.002,0.0,0.002,0.0,0.0,0.0,0.00499999988824129,no_change,2026-09-09T13:17:34,0.0,5100.0
AAPL,2026-09-11,0,Call,205.0,AAPL260911C00205000,128.25,130.8,129.525,130.43,9.705,8.03893,2.0,37.0,0.0,0.9998,0.0,0.0,-0.0023,0.0,129.2873,129.99,130.43,129.99,120.725002288818,up,2026-09-11T11:39:05,131.0,54.0
AAPL,2026-09-11,0,Put,205.0,AAPL260911P00205000,0.0,0.01,0.005,0.01,0.0,0.0,0.0,34.0,7.1605,-0.0002,0.0,0.0,-0.0023,0.0,0.0023,0.0,0.0,0.0,0.00499999988824129,no_change,2026-08-28T12:53:53,0.0,4.0
AAPL,2026-09-11,0,Call,210.0,AAPL260911C00210000,123.25,125.9,124.575,120.91,5.135,4.43533,1.0,49.0,0.0,0.9998,0.0,0.0001,-0.0025,0.0,124.2875,120.91,120.91,120.91,115.775001525879,up,2026-09-11T09:34:35,129.0,43.0
AAPL,2026-09-11,0,Put,210.0,AAPL260911P00210000,0.0,0.01,0.005,0.01,0.0,0.0,0.0,144.0,6.8267,-0.0002,0.0,0.0001,-0.0025,0.0,0.0025,0.0,0.0,0.0,0.00499999988824129,no_change,2026-09-01T14:48:14,0.0,111.0
AAPL,2026-09-11,0,Call,215.0,AAPL260911C00215000,118.25,120.95,119.6,115.99,5.265,4.75502,1.0,53.0,0.0,0.9997,0.0,0.0001,-0.0028,0.0,119.3273,115.99,115.99,115.99,110.725002288818,up,2026-09-11T09:34:35,127.0,55.0
AAPL,2026-09-11,0,Put,215.0,AAPL260911P00215000,0.0,0.01,0.005,0.01,0.0,0.0,0.0,364.0,6.5002,-0.0003,0.0,0.0001,-0.0028,0.0,0.0028,0.0,0.0,0.0,0.00499999988824129,no_change,2026-09-10T11:01:33,0.0,111.0
AAPL,2026-09-11,0,Call,220.0,AAPL260911C00220000,113.7,115.95,114.825,105.56,0.0,0.0,0.0,64.0,0.0,0.9997,0.0,0.0001,-0.0031,0.0,114.3276,0.0,0.0,0.0,105.75,down,2026-09-10T15:45:23,117.0,63.0
AAPL,2026-09-11,0,Put,220.0,AAPL260911P00220000,0.0,0.01,0.005,0.01,0.0,0.0,0.0,338.0,6.1807,-0.0003,0.0,0.0001,-0.0031,0.0,0.0031,0.0,0.0,0.0,0.00499999988824129,no_change,2026-09-08T15:59:37,0.0,55.0
AAPL,2026-09-11,0,Call,225.0,AAPL260911C00225000,108.25,110.95,109.6,109.97,10.045,10.0525,1.0,21.0,0.0,0.9996,0.0,0.0001,-0.0034,0.0,109.3279,109.97,109.97,109.97,99.9249992370606,up,2026-09-11T10:53:38,131.0,57.0
AAPL,2026-09-11,0,Put,225.0,AAPL260911P00225000,0.0,0.01,0.005,0.01,0.0,0.0,0.0,1001.0,5.8674,-0.0004,0.0,0.0001,-0.0034,0.0,0.0034,0.0,0.0,0.0,0.00499999988824129,down,2026-09-08T15:53:16,0.0,151.0
AAPL,2026-09-11,0,Call,230.0,AAPL260911C00230000,103.25,105.6,104.425,105.1,9.375,9.79368,4.0,102.0,7.6594,0.9996,0.0,0.0001,-0.0037,0.0,104.2887,104.88,105.1,104.88,95.7250022888184,up,2026-09-11T11:52:18,322.0,99.0
AAPL,2026-09-11,0,Put,230.0,AAPL260911P00230000,0.0,0.01,0.005,0.07,0.0,0.0,0.0,403.0,5.5607,-0.0004,0.0,0.0001,-0.0037,0.0,0.0037,0.0,0.0,0.0,0.00499999988824129,no_change,2026-09-08T15:56:26,0.0,75.0
AAPL,2026-09-11,0,Call,235.0,AAPL260911C00235000,98.25,100.95,99.6,100.17,10.295,11.4548,4.0,43.0,8.1097,0.9996,0.0,0.0001,-0.004,0.0,99.289,99.95,100.17,99.95,89.875,up,2026-09-11T11:52:18,137.0,57.0
AAPL,2026-09-11,0,Put,235.0,AAPL260911P00235000,0.0,0.01,0.005,0.07,0.0,0.0,0.0,108.0,5.26,-0.0004,0.0,0.0001,-0.004,0.0,0.004,0.0,0.0,0.0,0.00999999977648258,up,2026-09-08T15:56:58,0.0,1.0
AAPL,2026-09-11,0,Call,240.0,AAPL260911C00240000,93.3,95.25,94.275,95.27,9.445,11.005,35.0,138.0,0.0,0.9995,0.0,0.0001,-0.0043,0.0,94.3289,93.46,95.27,93.46,85.8250007629394,up,2026-09-11T11:08:44,332.0,212.0
AAPL,2026-09-11,0,Put,240.0,AAPL260911P00240000,0.0,0.01,0.005,0.01,0.0,0.0,0.0,10024.0,4.9649,-0.0005,0.0,0.0001,-0.0043,0.0,0.0043,0.0,0.0,0.0,0.00499999988824129,no_change,2026-09-09T12:22:41,0.0,3400.0
AAPL,2026-09-11,0,Call,245.0,AAPL260911C00245000,88.25,90.95,89.6,87.5,7.625,9.54617,2.0,11.0,7.2628,0.9994,0.0001,0.0001,-0.0047,0.0,89.2897,86.51,87.5,86.51,79.875,up,2026-09-11T10:03:18,125.0,31.0
AAPL,2026-09-11,0,Put,245.0,AAPL260911P00245000,0.0,0.01,0.005,0.01,0.0,0.0,0.0,1187.0,4.6751,-0.0006,0.0001,0.0001,-0.0047,0.0,0.0047,0.0,0.0,0.0,0.00499999988824129,no_change,2026-09-09T13:56:57,0.0,2010.0
AAPL,2026-09-11,0,Call,250.0,AAPL260911C00250000,83.5,84.45,83.975,84.5,8.9,11.7725,335.0,600.0,0.0,0.9994,0.0001,0.0001,-0.005,0.0,84.29,83.2,84.67,81.22,75.5999984741211,down,2026-09-11T11:51:20,502.0,64.0
AAPL,2026-09-11,0,Put,250.0,AAPL260911P00250000,0.0,0.01,0.005,0.01,0.0,0.0,0.0,1137.0,4.3904,-0.0006,0.0001,0.0001,-0.005,0.0,0.005,0.0,0.0,0.0,0.00499999988824129,no_change,2026-09-09T12:23:04,0.0,3060.0
AAPL,2026-09-11,0,Call,255.0,AAPL260911C00255000,78.55,80.95,79.75,80.13,10.255,14.6762,16.0,33.0,6.8593,0.9993,0.0001,0.0002,-0.0054,0.0,79.2904,78.28,80.14,76.3,69.875,down,2026-09-11T11:26:38,120.0,41.0
AAPL,2026-09-11,0,Put,255.0,AAPL260911P00255000,0.0,0.01,0.005,0.01,0.0,0.0,0.0,13666.0,4.1104,-0.0007,0.0001,0.0002,-0.0054,0.0,0.0054,0.0,0.0,0.0,0.00499999988824129,no_change,2026-09-10T11:14:26,0.0,2720.0
AAPL,2026-09-11,0,Call,257.5,AAPL260911C00257500,75.8,77.45,76.625,77.71,9.76,14.3635,6.0,355.0,0.0,0.9992,0.0001,0.0002,-0.0056,0.0,76.7906,74.2,77.71,74.2,67.9499969482422,no_change,2026-09-11T11:26:38,504.0,142.0
AAPL,2026-09-11,0,Put,257.5,AAPL260911P00257500,0.0,0.01,0.005,0.01,0.0,0.0,0.0,9515.0,3.9722,-0.0008,0.0001,0.0002,-0.0056,0.0,0.0056,0.0,0.0,0.0,0.00499999988824129,no_change,2026-09-09T15:54:26,0.0,2550.0
AAPL,2026-09-11,0,Call,260.0,AAPL260911C00260000,73.25,75.4,74.325,75.03,10.005,15.3864,4.0,53.0,4.6324,0.9992,0.0001,0.0002,-0.0058,0.0,74.2908,75.03,75.03,75.03,65.0249977111816,up,2026-09-11T11:10:22,196.0,115.0
AAPL,2026-09-11,0,Put,260.0,AAPL260911P00260000,0.0,0.01,0.005,0.01,0.0,0.0,0.0,1123.0,3.835,-0.0008,0.0001,0.0002,-0.0058,0.0,0.0058,0.0,0.0,0.0,0.00499999988824129,no_change,2026-09-10T13:55:55,0.0,4420.0
AAPL,2026-09-11,0,Call,262.5,AAPL260911C00262500,70.75,73.0,71.875,72.28,9.005,14.2315,1.0,17.0,4.9072,0.9991,0.0001,0.0002,-0.006,0.0,71.791,72.28,72.28,72.28,63.2749996185303,up,2026-09-11T10:54:22,116.0,55.0
AAPL,2026-09-11,0,Put,262.5,AAPL260911P00262500,0.0,0.01,0.005,0.01,0.0,0.0,0.0,885.0,3.6985,-0.0009,0.0001,0.0002,-0.006,0.0,0.006,0.0,0.0,0.0,0.00499999988824129,no_change,2026-09-10T09:31:25,0.0,1.0
AAPL,2026-09-11,0,Call,265.0,AAPL260911C00265000,68.25,70.95,69.6,69.85,9.1,14.9794,1.0,56.0,5.6436,0.9991,0.0001,0.0002,-0.0062,0.0,69.2912,69.85,69.85,69.85,60.75,up,2026-09-11T10:54:22,131.0,43.0
AAPL,2026-09-11,0,Put,265.0,AAPL260911P00265000,0.0,0.01,0.005,0.01,0.005,100.0,1.0,684.0,3.5633,-0.0009,0.0001,0.0002,-0.0062,0.0,0.0062,0.01,0.01,0.01,0.00499999988824129,no_change,2026-09-11T12:36:05,0.0,1700.0
AAPL,2026-09-11,0,Call,267.5,AAPL260911C00267500,64.8,68.45,66.625,58.07,0.0,0.0,0.0,31.0,0.0,0.999,0.0001,0.0002,-0.0064,0.0,66.7914,0.0,0.0,0.0,58.25,down,2026-09-10T15:39:18,133.0,51.0
AAPL,2026-09-11,0,Put,267.5,AAPL260911P00267500,0.0,0.01,0.005,0.01,0.0,0.0,0.0,98.0,3.4292,-0.001,0.0001,0.0002,-0.0064,0.0,0.0064,0.0,0.0,0.0,0.0299999993294477,no_change,2026-09-10T15:57:33,0.0,1.0
AAPL,2026-09-11,0,Call,270.0,AAPL260911C00270000,63.5,65.05,64.275,64.59,9.665,17.5967,73.0,121.0,0.0,0.9989,0.0001,0.0002,-0.0067,0.0,64.2917,64.39,64.59,64.39,54.9250011444092,up,2026-09-11T12:17:42,306.0,99.0
AAPL,2026-09-11,0,Put,270.0,AAPL260911P00270000,0.0,0.01,0.005,0.01,0.005,100.0,1.0,1378.0,3.296,-0.0011,0.0001,0.0002,-0.0067,0.0,0.0067,0.01,0.01,0.01,0.00499999988824129,no_change,2026-09-11T10:03:01,0.0,1360.0
AAPL,2026-09-11,0,Call,272.5,AAPL260911C00272500,60.5,63.45,61.975,52.99,0.0,0.0,0.0,13.0,4.6775,0.9989,0.0002,0.0003,-0.0069,0.0,61.7919,0.0,0.0,0.0,52.8250007629394,down,2026-09-10T15:39:32,120.0,41.0
AAPL,2026-09-11,0,Put,272.5,AAPL260911P00272500,0.0,0.01,0.005,0.03,0.0,0.0,0.0,141.0,3.1637,-0.0011,0.0002,0.0003,-0.0069,0.0,0.0069,0.0,0.0,0.0,0.0149999996647239,no_change,2026-09-10T15:54:10,0.0,1.0
AAPL,2026-09-11,0,Call,275.0,AAPL260911C00275000,58.5,60.0,59.25,59.21,9.335,18.7168,6.0,44.0,0.0,0.9988,0.0002,0.0003,-0.0071,0.0,59.2921,58.76,59.21,56.75,49.875,up,2026-09-11T12:27:18,125.0,43.0
AAPL,2026-09-11,0,Put,275.0,AAPL260911P00275000,0.0,0.01,0.005,0.01,0.005,100.0,39.0,1669.0,3.0323,-0.0012,0.0002,0.0003,-0.0071,0.0,0.0071,0.01,0.01,0.01,0.00499999988824129,no_change,2026-09-11T09:55:01,0.0,1020.0
AAPL,2026-09-11,0,Call,277.5,AAPL260911C00277500,56.15,58.45,57.3,55.11,7.185,14.9922,12.0,12.0,5.0927,0.9987,0.0002,0.0003,-0.0073,0.0,56.7923,55.01,55.22,54.59,47.9250011444092,down,2026-09-11T10:03:02,95.0,43.0
AAPL,2026-09-11,0,Put,277.5,AAPL260911P00277500,0.0,0.01,0.005,0.01,0.005,100.0,15.0,464.0,2.9018,-0.0013,0.0002,0.0003,-0.0073,0.0,0.0073,0.01,0.01,0.01,0.00499999988824129,no_change,2026-09-11T09:30:01,0.0,1.0
AAPL,2026-09-11,0,Call,280.0,AAPL260911C00280000,53.55,55.55,54.55,54.44,8.99,19.78,10.0,241.0,4.354,0.9986,0.0002,0.0003,-0.0076,0.0,54.2926,51.83,54.85,51.83,45.4500007629394,down,2026-09-11T12:10:31,329.0,250.0
AAPL,2026-09-11,0,Put,280.0,AAPL260911P00280000,0.0,0.01,0.005,0.02,0.015,300.0,45.0,2563.0,2.7721,-0.0014,0.0002,0.0003,-0.0076,0.0,0.0076,0.01,0.02,0.01,0.00499999988824129,up,2026-09-11T12:12:53,0.0,677.0
AAPL,2026-09-11,0,Call,282.5,AAPL260911C00282500,51.05,53.45,52.25,53.16,9.585,21.9966,20.0,78.0,4.5953,0.9985,0.0002,0.0003,-0.0078,0.0,51.7928,50.44,53.16,49.35,43.5750007629394,up,2026-09-11T11:23:49,121.0,53.0
AAPL,2026-09-11,0,Put,282.5,AAPL260911P00282500,0.0,0.01,0.005,0.01,0.005,100.0,9.0,926.0,2.6432,-0.0015,0.0002,0.0003,-0.0078,0.0,0.0078,0.01,0.01,0.01,0.00499999988824129,no_change,2026-09-11T11:20:17,0.0,1.0
AAPL,2026-09-11,0,Call,285.0,AAPL260911C00285000,48.95,50.8,49.875,49.9,9.825,24.5165,6.0,243.0,4.602,0.9984,0.0003,0.0004,-0.008,0.0,49.293,47.09,49.9,46.92,40.0749988555908,up,2026-09-11T12:29:00,56.0,316.0
AAPL,2026-09-11,0,Put,285.0,AAPL260911P00285000,0.0,0.01,0.005,0.01,0.005,100.0,68.0,2494.0,2.515,-0.0016,0.0003,0.0004,-0.008,0.0,0.008,0.01,0.01,0.01,0.00499999988824129,no_change,2026-09-11T10:59:15,0.0,1.0
AAPL,2026-09-11,0,Call,287.5,AAPL260911C00287500,45.75,48.45,47.1,45.57,7.17,18.6719,4.0,72.0,3.9088,0.9983,0.0003,0.0004,-0.0083,0.0,46.7933,42.1,45.57,42.1,38.4000015258789,up,2026-09-11T09:37:47,196.0,115.0
AAPL,2026-09-11,0,Put,287.5,AAPL260911P00287500,0.0,0.01,0.005,0.01,0.0,2.23517e-06,6.0,857.0,2.3875,-0.0017,0.0003,0.0004,-0.0083,0.0,0.0083,0.01,0.01,0.01,0.00999999977648258,no_change,2026-09-11T11:35:53,0.0,1.0
AAPL,2026-09-11,0,Call,290.0,AAPL260911C00290000,43.8,45.05,44.425,44.43,9.055,25.5972,93.0,197.0,3.2654,0.9982,0.0004,0.0004,-0.0085,0.0,44.2935,37.61,45.64,37.61,35.375,up,2026-09-11T12:41:15,293.0,253.0
AAPL,2026-09-11,0,Put,290.0,AAPL260911P00290000,0.0,0.01,0.005,0.01,0.0,2.23517e-06,39.0,4044.0,2.2607,-0.0018,0.0004,0.0004,-0.0085,0.0,0.0085,0.01,0.01,0.01,0.00999999977648258,no_change,2026-09-11T11:26:38,0.0,1015.0
AAPL,2026-09-11,0,Call,292.5,AAPL260911C00292500,40.95,42.65,41.8,39.92,6.945,21.0614,2.0,154.0,2.3604,0.998,0.0004,0.0004,-0.0088,0.0,41.7938,40.42,40.42,39.92,32.9750003814697,down,2026-09-11T09:47:02,323.0,204.0
AAPL,2026-09-11,0,Put,292.5,AAPL260911P00292500,0.0,0.01,0.005,0.01,-0.005,-33.3333,385.0,1790.0,2.1345,-0.002,0.0004,0.0004,-0.0088,0.0,0.0088,0.01,0.01,0.01,0.0149999996647239,no_change,2026-09-11T11:53:27,0.0,2.0
AAPL,2026-09-11,0,Call,295.0,AAPL260911C00295000,38.25,40.45,39.35,39.29,8.215,26.436,63.0,2761.0,2.6272,0.9978,0.0005,0.0005,-0.009,0.0,39.294,38.41,40.7,38.41,31.0749998092651,down,2026-09-11T12:36:05,402.0,316.0
AAPL,2026-09-11,0,Put,295.0,AAPL260911P00295000,0.0,0.01,0.005,0.01,-0.005,-33.3333,411.0,3588.0,2.009,-0.0022,0.0005,0.0005,-0.009,0.0,0.009,0.01,0.02,0.01,0.0149999996647239,no_change,2026-09-11T12:05:57,0.0,850.0
AAPL,2026-09-11,0,Call,297.5,AAPL260911C00297500,35.8,38.4,37.099999999999994,34.2,5.575,19.476,1.0,229.0,3.1545,0.9977,0.0005,0.0005,-0.0093,0.0,36.7943,34.2,34.2,34.2,28.625,up,2026-09-11T10:08:53,357.0,310.0
AAPL,2026-09-11,0,Put,297.5,AAPL260911P00297500,0.0,0.01,0.005,0.01,-0.005,-33.3333,135.0,2509.0,1.8839,-0.0023,0.0005,0.0005,-0.0093,0.0,0.0093,0.09,0.09,0.01,0.0149999996647239,no_change,2026-09-11T12:21:36,0.0,16.0
AAPL,2026-09-11,0,Call,300.0,AAPL260911C00300000,33.75,35.1,34.425,34.43,9.105,35.9526,133.0,2061.0,2.5842,0.9974,0.0006,0.0006,-0.0095,0.0,34.2945,27.45,35.41,27.45,25.3249998092651,down,2026-09-11T12:41:15,295.0,269.0
AAPL,2026-09-11,0,Put,300.0,AAPL260911P00300000,0.0,0.01,0.005,0.01,-0.005,-33.3333,2873.0,13238.0,1.7593,-0.0026,0.0006,0.0006,-0.0095,0.0,0.0095,0.03,0.03,0.01,0.0149999996647239,down,2026-09-11T12:29:54,0.0,2002.0
AAPL,2026-09-11,0,Call,302.5,AAPL260911C00302500,31.35,33.0,32.175,33.0,10.125,44.2623,13.0,153.0,2.8962,0.9972,0.0007,0.0006,-0.0098,0.0,31.7948,31.17,33.02,30.3,22.875,no_change,2026-09-11T11:31:47,108.0,350.0
AAPL,2026-09-11,0,Put,302.5,AAPL260911P00302500,0.0,0.01,0.005,0.01,-0.015,-60.0,637.0,2853.0,1.6352,-0.0028,0.0007,0.0006,-0.0098,0.0,0.0098,0.02,0.1,0.01,0.0249999994412065,no_change,2026-09-11T12:36:35,0.0,52.0
AAPL,2026-09-11,0,Call,305.0,AAPL260911C00305000,29.15,30.15,29.65,29.9,9.35,45.4988,134.0,1965.0,2.6659,0.9969,0.0008,0.0006,-0.0101,0.0,29.2951,26.0,30.67,26.0,20.5499992370605,no_change,2026-09-11T12:15:17,76.0,325.0
AAPL,2026-09-11,0,Put,305.0,AAPL260911P00305000,0.0,0.01,0.005,0.01,-0.015,-60.0,658.0,8638.0,1.5114,-0.0031,0.0008,0.0006,-0.0101,0.0,0.0101,0.02,0.03,0.01,0.0249999994412065,no_change,2026-09-11T12:34:02,0.0,333.0
AAPL,2026-09-11,0,Call,307.5,AAPL260911C00307500,26.1,27.85,26.975,26.79,8.89,49.6648,66.0,730.0,2.1847,0.9966,0.001,0.0007,-0.0103,0.0,26.7953,19.58,28.17,19.58,17.8999996185303,down,2026-09-11T11:58:59,316.0,307.0
AAPL,2026-09-11,0,Put,307.5,AAPL260911P00307500,0.0,0.01,0.005,0.03,-0.005,-14.2857,787.0,4259.0,1.3878,-0.0034,0.001,0.0007,-0.0103,0.0,0.0103,0.02,0.04,0.01,0.034999999217689,up,2026-09-11T12:36:41,0.0,1.0
AAPL,2026-09-11,0,Call,310.0,AAPL260911C00310000,23.75,24.85,24.3,24.28,8.63,55.1438,259.0,4352.0,1.4104,0.9962,0.0012,0.0008,-0.0106,0.0,24.2956,17.72,25.7,17.72,15.6500000953674,down,2026-09-11T12:28:45,319.0,184.0
AAPL,2026-09-11,0,Put,310.0,AAPL260911P00310000,0.0,0.01,0.005,0.01,-0.045,-81.8182,1804.0,9912.0,1.2644,-0.0038,0.0012,0.0008,-0.0106,0.0,0.0106,0.03,0.04,0.01,0.0549999997019768,no_change,2026-09-11T12:33:19,0.0,25.0
AAPL,2026-09-11,0,Call,312.5,AAPL260911C00312500,21.65,22.0,21.825,21.75,8.725,66.9866,213.0,1876.0,1.4354,0.9958,0.0014,0.0009,-0.0109,0.0,21.7959,14.62,23.3,14.62,13.0250000953674,up,2026-09-11T12:37:01,65.0,67.0
AAPL,2026-09-11,0,Put,312.5,AAPL260911P00312500,0.0,0.01,0.005,0.04,-0.035,-46.6667,5456.0,4980.0,1.1411,-0.0042,0.0014,0.0009,-0.0109,0.0,0.0109,0.03,0.05,0.01,0.0749999992549419,up,2026-09-11T12:20:52,0.0,12.0
AAPL,2026-09-11,0,Call,315.0,AAPL260911C00315000,19.2,19.45,19.325,19.16,8.56,80.7547,625.0,8781.0,1.2865,0.9952,0.0018,0.001,-0.0112,0.0,19.2962,12.5,20.89,11.75,10.5999999046326,down,2026-09-11T12:39:05,56.0,64.0
AAPL,2026-09-11,0,Put,315.0,AAPL260911P00315000,0.0,0.01,0.005,0.02,-0.095,-82.6087,5965.0,10789.0,1.0177,-0.0048,0.0018,0.001,-0.0112,0.0,0.0112,0.01,0.06,0.01,0.114999998360872,up,2026-09-11T12:40:56,0.0,525.0
AAPL,2026-09-11,0,Call,317.5,AAPL260911C00317500,16.65,17.0,16.825,16.61,8.41,102.561,751.0,4586.0,1.1367,0.9946,0.0023,0.0011,-0.0115,0.0,16.7965,10.35,19.05,8.7,8.19999980926514,down,2026-09-11T12:32:03,63.0,108.0
AAPL,2026-09-11,0,Put,317.5,AAPL260911P00317500,0.0,0.01,0.005,0.01,-0.215,-95.5556,7393.0,8784.0,0.8941,-0.0054,0.0023,0.0011,-0.0115,0.0,0.0115,0.01,0.09,0.01,0.225000001490116,no_change,2026-09-11T12:31:44,0.0,95.0
AAPL,2026-09-11,0,Call,320.0,AAPL260911C00320000,14.2,14.35,14.274999999999999,14.29,8.315,139.163,2464.0,19355.0,0.0,0.9937,0.003,0.0013,-0.0118,0.0,14.2968,7.8,16.05,6.55,5.97499990463257,up,2026-09-11T12:40:58,62.0,47.0
AAPL,2026-09-11,0,Put,320.0,AAPL260911P00320000,0.0,0.01,0.005,0.01,-0.475,-97.9381,14058.0,16374.0,0.77,-0.0063,0.003,0.0013,-0.0118,0.0,0.0118,0.26,0.26,0.01,0.484999999403954,no_change,2026-09-11T12:35:57,0.0,2.0
AAPL,2026-09-11,0,Call,322.5,AAPL260911C00322500,11.7,11.85,11.774999999999999,11.6,7.6,190.0,3603.0,8037.0,0.0,0.9924,0.0042,0.0015,-0.0121,0.0,11.7971,5.8,13.33,4.4,4.00000011920929,down,2026-09-11T12:38:09,56.0,46.0
AAPL,2026-09-11,0,Put,322.5,AAPL260911P00322500,0.0,0.02,0.01,0.01,-1.01,-99.0196,23352.0,11745.0,0.6953,-0.0076,0.0042,0.0015,-0.0121,0.0,0.0121,0.02,0.58,0.01,1.01999998092651,no_change,2026-09-11T12:39:04,0.0,145.0
AAPL,2026-09-11,0,Call,325.0,AAPL260911C00325000,9.2,9.35,9.274999999999999,9.29,6.855,281.52,17929.0,21327.0,0.0,0.9905,0.0063,0.0018,-0.0126,0.0,9.2976,3.62,11.05,2.5,2.43500006198883,up,2026-09-11T12:40:58,76.0,66.0
AAPL,2026-09-11,0,Put,325.0,AAPL260911P00325000,0.0,0.01,0.005,0.01,-1.94,-99.4872,49202.0,11313.0,0.519,-0.0095,0.0063,0.0018,-0.0126,0.0,0.0126,1.1,1.1,0.01,1.95000004768372,no_change,2026-09-11T12:40:27,0.0,55.0
AAPL,2026-09-11,0,Call,327.5,AAPL260911C00327500,6.75,6.85,6.8,6.8,5.475,413.208,25330.0,11630.0,0.4478,0.9857,0.0116,0.0026,-0.0156,0.0,6.8006,1.85,8.6,1.16,1.32500004768372,down,2026-09-11T12:41:11,3.0,70.0
AAPL,2026-09-11,0,Put,327.5,AAPL260911P00327500,0.01,0.02,0.015,0.02,-3.305,-99.3985,50199.0,2211.0,0.4478,-0.0143,0.0116,0.0026,-0.0156,0.0,0.0156,1.7,2.36,0.01,3.32499992847443,no_change,2026-09-11T12:41:14,221.0,219.0
AAPL,2026-09-11,0,Call,330.0,AAPL260911C00330000,4.25,4.4,4.325,4.38,3.715,558.647,98126.0,31941.0,0.3546,0.9569,0.0364,0.0066,-0.0442,0.0,4.3292,0.97,6.25,0.5,0.665000021457672,up,2026-09-11T12:41:07,54.0,58.0
AAPL,2026-09-11,0,Put,330.0,AAPL260911P00330000,0.04,0.05,0.045,0.04,-5.135,-99.2271,126189.0,3126.0,0.3627,-0.0431,0.0364,0.0066,-0.0442,0.0,0.0442,3.25,4.15,0.04,5.17499995231628,no_change,2026-09-11T12:41:10,304.0,273.0
AAPL,2026-09-11,0,Call,332.5,AAPL260911C00332500,2.04,2.09,2.065,2.07,1.745,536.923,148198.0,16772.0,0.3266,0.7912,0.1296,0.0202,-0.2626,0.0,2.0476,0.37,3.9,0.18,0.325000002980232,down,2026-09-11T12:41:11,50.0,46.0
AAPL,2026-09-11,0,Put,332.5,AAPL260911P00332500,0.28,0.3,0.29000000000000004,0.28,-7.07,-96.1905,117350.0,212.0,0.3315,-0.2088,0.1296,0.0202,-0.2626,0.0,0.2626,5.25,5.39,0.21,7.34999990463257,no_change,2026-09-11T12:41:14,242.0,229.0
AAPL,2026-09-11,0,Call,335.0,AAPL260911C00335000,0.54,0.55,0.545,0.55,0.395,254.839,331192.0,20538.0,0.307,0.3715,0.1753,0.0264,-0.551,0.0,0.551,0.17,1.95,0.08,0.155000001192093,no_change,2026-09-11T12:41:14,52.0,1.0
AAPL,2026-09-11,0,Put,335.0,AAPL260911P00335000,1.25,1.29,1.27,1.27,-8.33,-86.7708,91581.0,4065.0,0.3108,-0.6285,0.1753,0.0264,-0.551,0.0,1.266,7.65,8.35,0.73,9.59999990463257,up,2026-09-11T12:41:09,59.0,139.0
AAPL,2026-09-11,0,Call,337.5,AAPL260911C00337500,0.08,0.09,0.08499999999999999,0.08,0.005,6.66667,181322.0,7953.0,0.3288,0.0844,0.0667,0.0111,-0.0892,0.0,0.0892,0.13,0.76,0.04,0.0749999992549419,no_change,2026-09-11T12:41:07,335.0,444.0
AAPL,2026-09-11,0,Put,337.5,AAPL260911P00337500,3.2,3.45,3.325,3.3,-8.925,-73.0061,8314.0,8.0,0.351,-0.9156,0.0667,0.0111,-0.0892,0.0,3.3042,8.39,8.39,1.97,12.2249999046326,down,2026-09-11T12:40:07,52.0,77.0
AAPL,2026-09-11,0,Call,340.0,AAPL260911C00340000,0.01,0.02,0.015,0.02,-0.015,-42.8571,117442.0,13497.0,0.3791,0.017,0.0158,0.0031,-0.016,0.0,0.016,0.03,0.36,0.01,0.034999999217689,no_change,2026-09-11T12:40:57,532.0,312.0
AAPL,2026-09-11,0,Put,340.0,AAPL260911P00340000,5.65,5.8,5.725,5.87,-8.805,-60.0,3161.0,38.0,0.3588,-0.983,0.0158,0.0031,-0.016,0.0,5.731,12.75,12.75,4.03,14.6749997138977,down,2026-09-11T12:39:33,30.0,22.0
AAPL,2026-09-11,0,Call,342.5,AAPL260911C00342500,0.0,0.01,0.005,0.01,-0.005,-33.3333,22981.0,7285.0,0.4532,0.0065,0.0056,0.0013,-0.0066,0.0,0.0066,0.03,0.19,0.01,0.0149999996647239,no_change,2026-09-11T12:32:27,0.0,740.0
AAPL,2026-09-11,0,Put,342.5,AAPL260911P00342500,8.15,8.3,8.225000000000001,8.3,-9.125,-52.3673,189.0,1.0,0.4908,-0.9935,0.0056,0.0013,-0.0066,0.0,8.2216,10.5,11.3,6.45,17.4250001907349,down,2026-09-11T12:39:20,21.0,21.0
AAPL,2026-09-11,0,Call,345.0,AAPL260911C00345000,0.0,0.01,0.005,0.01,0.005,100.0,15750.0,6359.0,0.5727,0.0045,0.0032,0.001,-0.0054,0.0,0.0054,0.02,0.09,0.01,0.00499999988824129,no_change,2026-09-11T12:39:33,0.0,159.0
AAPL,2026-09-11,0,Put,345.0,AAPL260911P00345000,10.65,10.8,10.725000000000001,10.71,-9.29,-46.45,74.0,3.0,0.618,-0.9955,0.0032,0.001,-0.0054,0.0,10.7204,12.4,13.74,9.08,20.0,down,2026-09-11T12:37:13,6.0,29.0
AAPL,2026-09-11,0,Call,350.0,AAPL260911C00350000,0.0,0.01,0.005,0.01,0.005,100.0,2717.0,9579.0,0.8024,0.0031,0.0017,0.0007,-0.005,0.0,0.005,0.01,0.05,0.01,0.00499999988824129,no_change,2026-09-11T12:20:18,0.0,231.0
AAPL,2026-09-11,0,Put,350.0,AAPL260911P00350000,15.35,15.85,15.6,15.84,-8.41,-34.6804,109.0,10.0,0.0,-0.9969,0.0017,0.0007,-0.005,0.0,15.72,16.0,18.96,14.09,24.25,down,2026-09-11T12:40:05,63.0,37.0
AAPL,2026-09-11,0,Call,355.0,AAPL260911C00355000,0.0,0.01,0.005,0.01,0.005,100.0,391.0,5020.0,1.0228,0.0024,0.0011,0.0005,-0.0048,0.0,0.0048,0.01,0.02,0.01,0.00499999988824129,no_change,2026-09-11T12:04:03,0.0,407.0
AAPL,2026-09-11,0,Put,355.0,AAPL260911P00355000,20.25,21.65,20.95,20.94,-8.885,-29.7904,86.0,0.0,1.7158,-0.9976,0.0011,0.0005,-0.0048,0.0,20.7198,22.8,23.13,19.45,29.8249998092651,down,2026-09-11T12:24:39,95.0,103.0
AAPL,2026-09-11,0,Call,360.0,AAPL260911C00360000,0.0,0.01,0.005,0.01,0.005,100.0,168.0,3559.0,1.236,0.002,0.0007,0.0004,-0.0046,0.0,0.0046,0.01,0.01,0.01,0.00499999988824129,no_change,2026-09-11T12:15:13,0.0,140.0
AAPL,2026-09-11,0,Put,360.0,AAPL260911P00360000,25.0,26.65,25.825,24.98,-9.745,-28.0634,3.0,0.0,1.7826,-0.998,0.0007,0.0004,-0.0046,0.0,25.7196,27.74,27.74,24.4,34.7250003814697,up,2026-09-11T11:26:56,122.0,43.0
AAPL,2026-09-11,0,Call,365.0,AAPL260911C00365000,0.0,0.01,0.005,0.03,0.025,500.0,58.0,1614.0,1.443,0.0016,0.0005,0.0004,-0.0044,0.0,0.0044,0.01,0.03,0.01,0.00499999988824129,up,2026-09-11T09:42:44,0.0,201.0
AAPL,2026-09-11,0,Put,365.0,AAPL260911P00365000,29.6,32.5,31.05,49.48,0.0,0.0,0.0,0.0,2.4895,-0.9984,0.0005,0.0004,-0.0044,0.0,30.7194,0.0,0.0,0.0,39.7749996185303,up,2026-09-09T15:25:39,135.0,44.0
AAPL,2026-09-11,0,Call,370.0,AAPL260911C00370000,0.0,0.01,0.005,0.01,0.005,100.0,55.0,739.0,1.6445,0.0014,0.0004,0.0003,-0.0042,0.0,0.0042,0.01,0.01,0.01,0.00499999988824129,no_change,2026-09-11T09:39:05,0.0,680.0
AAPL,2026-09-11,0,Put,370.0,AAPL260911P00370000,34.5,37.25,35.875,0.0,0.0,0.0,0.0,0.0,2.4596,-0.9986,0.0004,0.0003,-0.0042,0.0,35.7192,0.0,0.0,0.0,44.6499996185303,no_change,,136.0,43.0
AAPL,2026-09-11,0,Call,375.0,AAPL260911C00375000,0.0,0.01,0.005,0.01,0.005,100.0,10.0,491.0,1.8412,0.0012,0.0003,0.0003,-0.004,0.0,0.004,0.01,0.01,0.01,0.00499999988824129,no_change,2026-09-11T10:14:17,0.0,95.0
AAPL,2026-09-11,0,Put,375.0,AAPL260911P00375000,39.5,42.2,40.85,0.0,0.0,0.0,0.0,0.0,2.6593,-0.9988,0.0003,0.0003,-0.004,0.0,40.719,0.0,0.0,0.0,49.8000011444092,no_change,,136.0,43.0
AAPL,2026-09-11,0,Call,380.0,AAPL260911C00380000,0.0,0.01,0.005,0.01,0.005,100.0,1.0,301.0,2.0336,0.0011,0.0003,0.0002,-0.0039,0.0,0.0039,0.01,0.01,0.01,0.00499999988824129,no_change,2026-09-11T09:47:01,0.0,1020.0
AAPL,2026-09-11,0,Put,380.0,AAPL260911P00380000,44.5,47.2,45.85,0.0,0.0,0.0,0.0,0.0,2.9159,-0.9989,0.0003,0.0002,-0.0039,0.0,45.7189,0.0,0.0,0.0,54.6999988555908,no_change,,140.0,54.0
AAPL,2026-09-11,0,Call,385.0,AAPL260911C00385000,0.0,0.01,0.005,0.01,0.005,100.0,10.0,50.0,2.2218,0.001,0.0002,0.0002,-0.0037,0.0,0.0037,0.01,0.01,0.01,0.00499999988824129,down,2026-09-11T10:36:02,0.0,1.0
AAPL,2026-09-11,0,Put,385.0,AAPL260911P00385000,49.5,52.25,50.875,0.0,0.0,0.0,0.0,0.0,3.2445,-0.999,0.0002,0.0002,-0.0037,0.0,50.7187,0.0,0.0,0.0,59.6999988555908,no_change,,141.0,53.0
AAPL,2026-09-11,0,Call,390.0,AAPL260911C00390000,0.0,0.01,0.005,0.01,0.0,0.0,0.0,243.0,2.4063,0.0009,0.0002,0.0002,-0.0036,0.0,0.0035,0.0,0.0,0.0,0.00499999988824129,down,2026-09-10T13:29:33,0.0,1020.0
AAPL,2026-09-11,0,Put,390.0,AAPL260911P00390000,54.5,57.2,55.85,0.0,0.0,0.0,0.0,0.0,3.4099,-0.9991,0.0002,0.0002,-0.0036,0.0,55.7185,0.0,0.0,0.0,64.7000007629394,no_change,,133.0,45.0
AAPL,2026-09-11,0,Call,395.0,AAPL260911C00395000,0.0,0.01,0.005,0.01,0.005,100.0,14.0,86.0,2.5872,0.0008,0.0001,0.0002,-0.0034,0.0,0.0034,0.01,0.01,0.01,0.00499999988824129,no_change,2026-09-11T11:21:32,0.0,1.0
AAPL,2026-09-11,0,Put,395.0,AAPL260911P00395000,59.5,62.2,60.85,0.0,0.0,0.0,0.0,0.0,3.6482,-0.9992,0.0001,0.0002,-0.0034,0.0,60.7184,0.0,0.0,0.0,69.6750030517578,no_change,,132.0,44.0
AAPL,2026-09-11,0,Call,400.0,AAPL260911C00400000,0.0,0.01,0.005,0.02,0.0,0.0,0.0,134.0,2.7647,0.0007,0.0001,0.0002,-0.0033,0.0,0.0033,0.0,0.0,0.0,0.00499999988824129,down,2026-09-08T09:30:01,0.0,2720.0
AAPL,2026-09-11,0,Put,400.0,AAPL260911P00400000,64.8,67.15,65.975,75.0,0.0,0.0,0.0,0.0,4.266,-0.9993,0.0001,0.0002,-0.0033,0.0,65.7183,0.0,0.0,0.0,74.5250015258789,no_change,2026-09-10T13:55:59,131.0,41.0
AAPL,2026-09-11,0,Call,405.0,AAPL260911C00405000,0.0,0.01,0.005,0.01,0.0,0.0,0.0,128.0,2.939,0.0006,0.0001,0.0001,-0.0031,0.0,0.0031,0.0,0.0,0.0,0.00499999988824129,down,2026-09-08T09:30:01,0.0,1010.0
AAPL,2026-09-11,0,Put,405.0,AAPL260911P00405000,69.5,72.3,70.9,0.0,0.0,0.0,0.0,0.0,4.2912,-0.9994,0.0001,0.0001,-0.0031,0.0,70.7181,0.0,0.0,0.0,79.7749977111816,no_change,,137.0,37.0
AAPL,2026-09-11,0,Call,410.0,AAPL260911C00410000,0.0,0.01,0.005,0.01,0.0,0.0,0.0,486.0,3.1103,0.0006,0.0001,0.0001,-0.003,0.0,0.003,0.0,0.0,0.0,0.00499999988824129,no_change,2026-09-10T09:33:04,0.0,1010.0
AAPL,2026-09-11,0,Put,410.0,AAPL260911P00410000,74.5,77.15,75.825,0.0,0.0,0.0,0.0,0.0,4.2206,-0.9994,0.0001,0.0001,-0.003,0.0,75.718,0.0,0.0,0.0,84.6750030517578,no_change,,130.0,43.0
AAPL,2026-09-11,0,Call,415.0,AAPL260911C00415000,0.0,0.01,0.005,0.01,0.005,100.0,11.0,180.0,3.2787,0.0006,0.0001,0.0001,-0.0029,0.0,0.0029,0.01,0.01,0.01,0.00499999988824129,no_change,2026-09-11T12:31:34,0.0,3398.0
AAPL,2026-09-11,0,Put,415.0,AAPL260911P00415000,79.85,81.6,80.725,0.0,0.0,0.0,0.0,0.0,3.4681,-0.9994,0.0001,0.0001,-0.0029,0.0,80.7179,0.0,0.0,0.0,89.7750015258789,no_change,,137.0,48.0
AAPL,2026-09-14,3,Call,245.0,AAPL260914C00245000,88.2,91.0,89.6,78.15,0.0,0.0,0.0,1.0,1.6269,0.9998,0.0,0.0001,-0.0006,0.0056,89.2874,0.0,0.0,0.0,80.7999992370606,down,2026-09-04T10:10:06,116.0,31.0
AAPL,2026-09-14,3,Put,245.0,AAPL260914P00245000,0.0,0.01,0.005,0.04,0.0,0.0,0.0,3.0,1.0486,-0.0001,0.0,0.0001,-0.0005,0.0,0.0005,0.0,0.0,0.0,0.00499999988824129,down,2026-09-08T15:40:09,0.0,12500.0
AAPL,2026-09-14,3,Call,250.0,AAPL260914C00250000,83.25,85.95,84.6,0.0,0.0,0.0,0.0,0.0,1.534,0.9998,0.0,0.0001,-0.0008,0.0062,84.2881,0.0,0.0,0.0,75.7749977111816,no_change,,126.0,45.0
AAPL,2026-09-14,3,Put,250.0,AAPL260914P00250000,0.0,0.01,0.005,0.01,0.005,100.0,9501.0,3.0,0.9848,-0.0001,0.0,0.0001,-0.0007,0.0,0.0007,0.01,0.01,0.01,0.00499999988824129,no_change,2026-09-11T09:36:13,0.0,12000.0
AAPL,2026-09-14,3,Call,255.0,AAPL260914C00255000,78.25,81.0,79.625,79.13,8.33,11.7655,2.0,0.0,1.4599,0.9998,0.0,0.0002,-0.001,0.0066,79.2889,79.36,79.36,79.13,70.7999992370606,down,2026-09-11T12:08:00,121.0,42.0
AAPL,2026-09-14,3,Put,255.0,AAPL260914P00255000,0.0,0.01,0.005,0.01,0.005,100.0,10500.0,373.0,0.922,-0.0002,0.0,0.0002,-0.0009,0.0,0.001,0.01,0.01,0.01,0.00499999988824129,no_change,2026-09-11T09:36:33,0.0,9566.0
AAPL,2026-09-14,3,Call,260.0,AAPL260914C00260000,73.25,76.0,74.625,74.15,8.35,12.69,2.0,0.0,1.3688,0.9997,0.0,0.0003,-0.0013,0.007,74.2898,74.43,74.43,74.15,65.7999992370606,down,2026-09-11T12:08:00,116.0,31.0
AAPL,2026-09-14,3,Put,260.0,AAPL260914P00260000,0.0,0.01,0.005,0.01,0.0,0.0,0.0,369.0,0.8602,-0.0002,0.0,0.0003,-0.0013,0.0,0.0013,0.0,0.0,0.0,0.00999999977648258,no_change,2026-09-10T15:04:22,0.0,15000.0
AAPL,2026-09-14,3,Call,265.0,AAPL260914C00265000,68.2,71.0,69.6,0.0,0.0,0.0,0.0,0.0,1.2631,0.9996,0.0,0.0004,-0.0017,0.0072,69.2908,0.0,0.0,0.0,60.8250007629394,no_change,,117.0,30.0
AAPL,2026-09-14,3,Put,265.0,AAPL260914P00265000,0.0,0.02,0.01,0.02,0.015,300.0,4.0,161.0,0.8465,-0.0003,0.0,0.0004,-0.0017,0.0,0.0018,0.01,0.02,0.01,0.00499999988824129,no_change,2026-09-11T10:34:53,0.0,11.0
AAPL,2026-09-14,3,Call,270.0,AAPL260914C00270000,63.25,65.6,64.425,64.44,8.64,15.4839,258.0,0.0,1.0395,0.9994,0.0001,0.0005,-0.0023,0.0074,64.2921,61.97,65.77,61.86,55.8000011444092,up,2026-09-11T12:23:52,131.0,45.0
AAPL,2026-09-14,3,Put,270.0,AAPL260914P00270000,0.0,0.3,0.15,0.02,-0.095,-82.6087,1.0,33.0,1.0542,-0.0005,0.0001,0.0005,-0.0023,0.0,0.0025,0.02,0.02,0.02,0.115000002086163,no_change,2026-09-11T09:59:34,0.0,11.0
AAPL,2026-09-14,3,Call,272.5,AAPL260914C00272500,60.75,63.5,62.125,61.96,8.635,16.1932,16.0,0.0,1.1458,0.9994,0.0001,0.0006,-0.0027,0.0074,61.7928,62.38,62.42,61.85,53.3250007629394,down,2026-09-11T12:23:52,124.0,55.0
AAPL,2026-09-14,3,Put,272.5,AAPL260914P00272500,0.0,0.51,0.255,0.09,0.0,0.0,0.0,2.0,1.0967,-0.0006,0.0001,0.0006,-0.0027,0.0,0.0029,0.0,0.0,0.0,0.0350000001490116,up,2026-09-10T09:35:34,0.0,33.0
AAPL,2026-09-14,3,Call,275.0,AAPL260914C00275000,58.25,60.6,59.425,59.43,8.705,17.1612,14.0,0.0,0.9602,0.9993,0.0001,0.0007,-0.0031,0.0075,59.2935,59.95,59.99,59.43,50.7249984741211,down,2026-09-11T12:23:48,128.0,56.0
AAPL,2026-09-14,3,Put,275.0,AAPL260914P00275000,0.0,0.04,0.02,0.01,-0.01,-50.0,12.0,152.0,0.7698,-0.0006,0.0001,0.0007,-0.0031,0.0,0.0033,0.01,0.01,0.01,0.0199999995529652,no_change,2026-09-11T10:48:54,0.0,37.0
AAPL,2026-09-14,3,Call,277.5,AAPL260914C00277500,55.75,58.25,57.0,56.95,8.625,17.8479,82.0,0.0,0.982,0.9992,0.0001,0.0008,-0.0036,0.0076,56.7944,57.26,57.27,56.88,48.3250007629394,down,2026-09-11T12:23:48,128.0,70.0
AAPL,2026-09-14,3,Put,277.5,AAPL260914P00277500,0.0,0.5,0.25,0.06,0.0,0.0,0.0,1.0,1.0092,-0.0008,0.0001,0.0008,-0.0036,0.0,0.0039,0.0,0.0,0.0,0.0500000007450581,up,2026-09-10T09:37:47,0.0,9.0
AAPL,2026-09-14,3,Call,280.0,AAPL260914C00280000,53.25,56.0,54.625,54.42,8.57,18.6914,82.0,2.0,1.0148,0.999,0.0002,0.001,-0.0042,0.0077,54.2953,54.85,54.85,54.42,45.8500003814697,down,2026-09-11T12:07:13,128.0,86.0
AAPL,2026-09-14,3,Put,280.0,AAPL260914P00280000,0.0,0.02,0.01,0.01,0.0,0.0,0.0,309.0,0.6596,-0.0009,0.0002,0.001,-0.0042,0.0,0.0045,0.0,0.0,0.0,0.0199999995529652,down,2026-09-10T15:46:19,0.0,5.0
AAPL,2026-09-14,3,Call,282.5,AAPL260914C00282500,50.75,53.5,52.125,52.35,9.0,20.7612,2.0,0.0,0.9715,0.9988,0.0002,0.0012,-0.0049,0.0077,51.7963,52.42,52.42,52.35,43.3500003814697,down,2026-09-11T11:55:37,117.0,49.0
AAPL,2026-09-14,3,Put,282.5,AAPL260914P00282500,0.0,0.5,0.25,0.03,0.0,0.0,0.0,34.0,0.9259,-0.0011,0.0002,0.0012,-0.0049,0.0,0.0052,0.0,0.0,0.0,0.0249999994412065,down,2026-09-10T14:53:52,0.0,30.0
AAPL,2026-09-14,3,Call,285.0,AAPL260914C00285000,49.2,49.4,49.3,50.2,10.125,25.2651,1.0,12.0,0.5909,0.9986,0.0002,0.0014,-0.0056,0.0078,49.2975,50.2,50.2,50.2,40.0750007629394,up,2026-09-11T11:38:06,15.0,8.0
AAPL,2026-09-14,3,Put,285.0,AAPL260914P00285000,0.0,0.03,0.015,0.01,-0.015,-60.0,8.0,1280.0,0.6227,-0.0013,0.0002,0.0014,-0.0056,0.0,0.0061,0.01,0.01,0.01,0.0249999994412065,no_change,2026-09-11T11:25:29,0.0,1.0
AAPL,2026-09-14,3,Call,287.5,AAPL260914C00287500,45.45,47.4,46.425,46.68,8.305,21.6417,6.0,0.0,0.0,0.9984,0.0003,0.0016,-0.0065,0.0079,46.7988,46.86,46.86,46.45,38.375,up,2026-09-11T12:23:42,117.0,28.0
AAPL,2026-09-14,3,Put,287.5,AAPL260914P00287500,0.0,0.47,0.235,0.02,0.0,0.0,0.0,81.0,0.8347,-0.0015,0.0003,0.0016,-0.0065,0.0,0.0071,0.0,0.0,0.0,0.0350000001490116,no_change,2026-09-10T13:19:17,0.0,56.0
AAPL,2026-09-14,3,Call,290.0,AAPL260914C00290000,44.25,44.4,44.325,44.2,8.375,23.3775,7.0,10.0,0.6086,0.9981,0.0004,0.0019,-0.0076,0.0079,44.3003,41.9,44.43,41.9,35.8250007629394,up,2026-09-11T12:23:42,13.0,19.0
AAPL,2026-09-14,3,Put,290.0,AAPL260914P00290000,0.01,0.02,0.015,0.01,-0.03,-75.0,11.0,1328.0,0.5604,-0.0018,0.0004,0.0019,-0.0076,0.0,0.0083,0.02,0.02,0.01,0.0400000000372529,no_change,2026-09-11T12:30:32,6.0,140.0
AAPL,2026-09-14,3,Call,292.5,AAPL260914C00292500,40.75,43.5,42.125,0.0,0.0,0.0,0.0,0.0,0.7998,0.9977,0.0004,0.0022,-0.0088,0.008,41.802,0.0,0.0,0.0,33.375,no_change,,116.0,45.0
AAPL,2026-09-14,3,Put,292.5,AAPL260914P00292500,0.0,0.08,0.04,0.02,-0.04,-66.6667,24.0,2.0,0.5889,-0.0022,0.0004,0.0022,-0.0088,0.0,0.0097,0.1,0.1,0.02,0.0600000005215406,down,2026-09-11T11:04:28,0.0,573.0
AAPL,2026-09-14,3,Call,295.0,AAPL260914C00295000,39.25,39.4,39.325,30.0,0.0,0.0,0.0,35.0,0.5416,0.9972,0.0005,0.0027,-0.0104,0.008,39.3041,0.0,0.0,0.0,31.2249994277954,up,2026-09-10T15:42:49,15.0,17.0
AAPL,2026-09-14,3,Put,295.0,AAPL260914P00295000,0.0,0.02,0.01,0.01,-0.045,-81.8182,183.0,1342.0,0.4799,-0.0027,0.0005,0.0026,-0.0103,0.0,0.0115,0.02,0.03,0.01,0.0549999997019768,no_change,2026-09-11T12:40:23,0.0,107.0
AAPL,2026-09-14,3,Call,297.5,AAPL260914C00297500,35.75,38.5,37.125,0.0,0.0,0.0,0.0,0.0,0.7145,0.9966,0.0007,0.0032,-0.0122,0.0081,36.8066,0.0,0.0,0.0,28.3999996185303,no_change,,117.0,43.0
AAPL,2026-09-14,3,Put,297.5,AAPL260914P00297500,0.0,0.03,0.015,0.02,-0.045,-69.2308,34.0,29.0,0.4686,-0.0033,0.0007,0.0032,-0.0122,0.0,0.0136,0.25,0.25,0.02,0.0649999994784594,no_change,2026-09-11T11:46:21,0.0,194.0
AAPL,2026-09-14,3,Call,300.0,AAPL260914C00300000,34.25,34.4,34.325,33.83,8.055,31.2512,266.0,40.0,0.4751,0.9959,0.0009,0.0039,-0.0144,0.0082,34.3096,32.02,35.71,31.83,25.7750005722046,down,2026-09-11T12:04:05,18.0,14.0
AAPL,2026-09-14,3,Put,300.0,AAPL260914P00300000,0.01,0.02,0.015,0.01,-0.065,-86.6667,707.0,3923.0,0.4381,-0.004,0.0009,0.0038,-0.0144,0.0,0.0163,0.06,0.06,0.01,0.0749999992549419,down,2026-09-11T12:35:53,159.0,150.0
AAPL,2026-09-14,3,Call,302.5,AAPL260914C00302500,30.75,33.5,32.125,20.38,0.0,0.0,0.0,4.0,0.6293,0.9949,0.0011,0.0047,-0.0172,0.0082,31.8133,0.0,0.0,0.0,23.375,down,2026-09-10T11:02:06,116.0,44.0
AAPL,2026-09-14,3,Put,302.5,AAPL260914P00302500,0.01,0.03,0.02,0.02,-0.085,-80.9524,155.0,233.0,0.4204,-0.005,0.0011,0.0047,-0.0172,0.0,0.0197,0.03,0.06,0.02,0.105000000447035,no_change,2026-09-11T11:53:02,215.0,149.0
AAPL,2026-09-14,3,Call,305.0,AAPL260914C00305000,29.25,29.4,29.325,31.0,10.2,49.0385,29.0,363.0,0.4092,0.9936,0.0014,0.0058,-0.0207,0.0083,29.3179,25.0,31.0,25.0,20.8000001907349,up,2026-09-11T11:12:52,49.0,14.0
AAPL,2026-09-14,3,Put,305.0,AAPL260914P00305000,0.01,0.03,0.02,0.02,-0.105,-84.0,385.0,1128.0,0.3893,-0.0063,0.0014,0.0058,-0.0206,-0.0001,0.0241,0.1,0.1,0.01,0.12499999627471,down,2026-09-11T12:39:19,374.0,154.0
AAPL,2026-09-14,3,Call,307.5,AAPL260914C00307500,25.8,28.1,26.950000000000003,27.45,8.725,46.5955,10.0,14.0,0.4737,0.9919,0.0019,0.0072,-0.0251,0.0084,26.8239,25.0,27.45,25.0,18.7250003814697,up,2026-09-11T10:58:31,185.0,103.0
AAPL,2026-09-14,3,Put,307.5,AAPL260914P00307500,0.02,0.03,0.025,0.03,-0.125,-80.6452,814.0,1867.0,0.3674,-0.008,0.0019,0.0071,-0.025,-0.0001,0.0297,0.12,0.12,0.01,0.155000001192093,no_change,2026-09-11T12:36:20,330.0,153.0
AAPL,2026-09-14,3,Call,310.0,AAPL260914C00310000,24.25,24.45,24.35,25.82,9.92,62.3899,41.0,303.0,0.3713,0.9895,0.0025,0.009,-0.0308,0.0084,24.3318,17.95,25.82,17.95,15.8999996185303,up,2026-09-11T11:17:06,52.0,52.0
AAPL,2026-09-14,3,Put,310.0,AAPL260914P00310000,0.03,0.04,0.035,0.03,-0.185,-86.0465,700.0,4346.0,0.3498,-0.0104,0.0025,0.009,-0.0307,-0.0001,0.0373,0.15,0.15,0.02,0.214999996125698,no_change,2026-09-11T12:36:20,170.0,135.0
AAPL,2026-09-14,3,Call,312.5,AAPL260914C00312500,21.05,22.7,21.875,22.6,9.275,69.606,8.0,60.0,0.3554,0.9862,0.0034,0.0114,-0.0381,0.0084,21.8423,15.31,22.6,15.31,13.3249998092651,up,2026-09-11T11:26:05,184.0,103.0
AAPL,2026-09-14,3,Put,312.5,AAPL260914P00312500,0.04,0.05,0.045,0.06,-0.245,-80.3279,312.0,206.0,0.3276,-0.0136,0.0034,0.0114,-0.038,-0.0001,0.0475,0.09,0.13,0.04,0.305000007152557,up,2026-09-11T12:36:20,319.0,149.0
AAPL,2026-09-14,3,Call,315.0,AAPL260914C00315000,19.3,19.45,19.375,19.32,8.245,74.4469,253.0,6497.0,0.3192,0.9816,0.0047,0.0146,-0.0478,0.0085,19.3568,12.6,21.2,12.32,11.0750002861023,no_change,2026-09-11T12:40:15,57.0,41.0
AAPL,2026-09-14,3,Put,315.0,AAPL260914P00315000,0.06,0.07,0.065,0.04,-0.43,-91.4894,1109.0,1551.0,0.3092,-0.0184,0.0047,0.0146,-0.0478,-0.0002,0.0618,0.24,0.3,0.04,0.469999998807907,down,2026-09-11T12:36:20,274.0,159.0
AAPL,2026-09-14,3,Call,317.5,AAPL260914C00317500,15.85,17.15,16.5,16.5,8.15,97.6048,53.0,1193.0,0.0,0.9747,0.0066,0.0191,-0.0608,0.0085,16.8773,10.2,18.2,10.2,8.35000014305115,down,2026-09-11T11:53:34,385.0,85.0
AAPL,2026-09-14,3,Put,317.5,AAPL260914P00317500,0.08,0.09,0.08499999999999999,0.09,-0.665,-88.0795,635.0,1184.0,0.2856,-0.0252,0.0066,0.0191,-0.0608,-0.0002,0.082,0.4,0.45,0.06,0.754999995231628,up,2026-09-11T12:31:55,272.0,113.0
AAPL,2026-09-14,3,Call,320.0,AAPL260914C00320000,14.35,14.5,14.425,14.38,7.655,113.829,733.0,10731.0,0.2679,0.9641,0.0096,0.0255,-0.0792,0.0084,14.4086,8.5,16.0,7.74,6.72500014305115,down,2026-09-11T12:33:12,46.0,16.0
AAPL,2026-09-14,3,Put,320.0,AAPL260914P00320000,0.11,0.12,0.11499999999999999,0.11,-1.14,-91.2,6830.0,1786.0,0.2622,-0.0358,0.0096,0.0256,-0.0792,-0.0003,0.113,0.63,0.91,0.09,1.25,down,2026-09-11T12:38:09,202.0,50.0
AAPL,2026-09-14,3,Call,322.5,AAPL260914C00322500,11.9,12.05,11.975000000000001,11.75,6.7,132.673,357.0,2647.0,0.244,0.9464,0.0145,0.0352,-0.1074,0.0083,11.9619,5.6,13.27,5.2,5.04999995231628,down,2026-09-11T11:57:25,49.0,10.0
AAPL,2026-09-14,3,Put,322.5,AAPL260914P00322500,0.16,0.17,0.165,0.16,-1.845,-92.02,3463.0,1033.0,0.2398,-0.0536,0.0145,0.0352,-0.1074,-0.0005,0.166,1.11,1.23,0.13,2.00499999523163,down,2026-09-11T12:38:27,86.0,115.0
AAPL,2026-09-14,3,Call,325.0,AAPL260914C00325000,9.5,9.65,9.575,9.45,5.875,164.336,3504.0,3263.0,0.2242,0.9143,0.0225,0.0501,-0.1535,0.0081,9.5644,4.3,11.15,3.7,3.57500004768372,down,2026-09-11T12:38:31,45.0,9.0
AAPL,2026-09-14,3,Put,325.0,AAPL260914P00325000,0.25,0.27,0.26,0.27,-2.78,-91.1475,13199.0,1722.0,0.2203,-0.0856,0.0225,0.0501,-0.1535,-0.0007,0.2682,1.67,2.15,0.21,3.04999995231628,up,2026-09-11T12:40:17,331.0,80.0
AAPL,2026-09-14,3,Call,327.5,AAPL260914C00327500,7.2,7.35,7.275,7.2,4.79,198.755,6312.0,745.0,0.2088,0.8559,0.0348,0.072,-0.2258,0.0076,7.2728,2.88,9.0,2.7,2.41000008583069,down,2026-09-11T12:39:20,32.0,26.0
AAPL,2026-09-14,3,Put,327.5,AAPL260914P00327500,0.46,0.47,0.46499999999999997,0.48,-3.87,-88.9655,7922.0,263.0,0.2068,-0.144,0.0348,0.072,-0.2259,-0.0012,0.4764,2.68,2.92,0.38,4.34999990463257,no_change,2026-09-11T12:40:35,89.0,92.0
AAPL,2026-09-14,3,Call,330.0,AAPL260914C00330000,5.15,5.25,5.2,5.1,3.525,223.81,14667.0,5843.0,0.2014,0.7586,0.05,0.0979,-0.3179,0.0068,5.1813,1.89,6.9,1.51,1.57499998807907,up,2026-09-11T12:38:50,115.0,70.0
AAPL,2026-09-14,3,Put,330.0,AAPL260914P00330000,0.87,0.89,0.88,0.88,-5.12,-85.3333,15928.0,212.0,0.199,-0.2414,0.0501,0.0979,-0.3181,-0.0019,0.8848,4.5,4.9,0.7,6.0,up,2026-09-11T12:41:05,90.0,150.0
AAPL,2026-09-14,3,Call,332.5,AAPL260914C00332500,3.4,3.5,3.45,3.5,2.52,257.143,13868.0,1009.0,0.1978,0.62,0.0628,0.1186,-0.3945,0.0056,3.4072,1.2,5.0,0.86,0.979999989271164,up,2026-09-11T12:40:48,107.0,148.0
AAPL,2026-09-14,3,Put,332.5,AAPL260914P00332500,1.6,1.62,1.61,1.59,-6.36,-80.0,20198.0,23.0,0.1936,-0.3802,0.0629,0.1187,-0.3949,-0.0028,1.6108,5.6,5.6,1.28,7.9500002861023,down,2026-09-11T12:40:48,6.0,71.0
AAPL,2026-09-14,3,Call,335.0,AAPL260914C00335000,2.05,2.07,2.0599999999999996,2.05,1.435,233.333,37181.0,2911.0,0.1928,0.457,0.0662,0.1234,-0.409,0.0041,2.046,0.72,3.35,0.55,0.615000009536743,down,2026-09-11T12:41:12,50.0,71.0
AAPL,2026-09-14,3,Put,335.0,AAPL260914P00335000,2.72,2.75,2.7350000000000003,2.75,-7.6,-73.43,20787.0,90.0,0.1908,-0.5434,0.0664,0.1234,-0.4098,-0.0036,2.7504,5.55,5.55,2.15,10.3500003814697,no_change,2026-09-11T12:40:56,53.0,1.0
AAPL,2026-09-14,3,Call,337.5,AAPL260914C00337500,1.11,1.13,1.12,1.14,0.765,204.0,16496.0,658.0,0.1915,0.3008,0.0581,0.1089,-0.3485,0.0027,1.122,0.45,2.1,0.29,0.375,up,2026-09-11T12:41:07,179.0,86.0
AAPL,2026-09-14,3,Put,337.5,AAPL260914P00337500,4.25,4.35,4.3,4.3,-7.575,-63.7895,1720.0,16.0,0.1891,-0.6999,0.0582,0.1088,-0.3493,-0.004,4.3277,5.7,7.3,3.4,11.875,down,2026-09-11T12:39:54,59.0,49.0
AAPL,2026-09-14,3,Call,340.0,AAPL260914C00340000,0.57,0.58,0.575,0.58,0.355,157.778,19201.0,2511.0,0.1946,0.1787,0.043,0.0826,-0.2488,0.0016,0.5729,0.24,1.21,0.22,0.225000001490116,up,2026-09-11T12:41:11,1.0,142.0
AAPL,2026-09-14,3,Put,340.0,AAPL260914P00340000,6.2,6.3,6.25,6.33,-8.945,-58.5597,574.0,62.0,0.1905,-0.8222,0.043,0.0822,-0.2492,-0.003,6.2805,8.05,9.05,5.08,15.2750005722046,up,2026-09-11T12:36:52,72.0,32.0
AAPL,2026-09-14,3,Call,342.5,AAPL260914C00342500,0.28,0.3,0.29000000000000004,0.29,0.155,114.815,9811.0,200.0,0.2011,0.0995,0.0279,0.0561,-0.1574,0.0009,0.2851,0.16,0.69,0.15,0.134999997913837,up,2026-09-11T12:39:56,226.0,375.0
AAPL,2026-09-14,3,Put,342.5,AAPL260914P00342500,8.4,8.55,8.475000000000001,8.4,-9.05,-51.8625,99.0,1.0,0.1965,-0.9014,0.0279,0.0557,-0.1572,-0.0023,8.4947,9.5,11.1,7.2,17.4499998092651,down,2026-09-11T12:33:53,33.0,31.0
AAPL,2026-09-14,3,Call,345.0,AAPL260914C00345000,0.14,0.16,0.15000000000000002,0.15,0.065,76.4706,6454.0,714.0,0.2104,0.0551,0.017,0.0363,-0.0957,0.0005,0.1475,0.08,0.42,0.08,0.0850000008940697,down,2026-09-11T12:39:12,356.0,453.0
AAPL,2026-09-14,3,Put,345.0,AAPL260914P00345000,10.75,10.9,10.825,11.15,-8.55,-43.401,26.0,0.0,0.199,-0.9456,0.0169,0.036,-0.0951,-0.0021,10.8586,12.0,13.5,9.5,19.7000007629395,up,2026-09-11T12:01:20,32.0,23.0
AAPL,2026-09-14,3,Call,347.5,AAPL260914C00347500,0.08,0.09,0.08499999999999999,0.09,0.035,63.6364,1869.0,531.0,0.2234,0.0321,0.0103,0.0237,-0.0602,0.0003,0.0835,0.06,0.25,0.04,0.0549999997019768,up,2026-09-11T12:39:12,237.0,283.0
AAPL,2026-09-14,3,Put,347.5,AAPL260914P00347500,13.2,13.35,13.274999999999999,14.44,-7.785,-35.0281,5.0,0.0,0.2122,-0.9685,0.0103,0.0233,-0.0594,-0.0012,13.2958,16.35,16.35,14.15,22.2249994277954,up,2026-09-11T10:31:28,12.0,26.0
AAPL,2026-09-14,3,Call,350.0,AAPL260914C00350000,0.05,0.06,0.055,0.06,0.025,71.4286,3747.0,1760.0,0.2401,0.02,0.0065,0.0161,-0.0401,0.0002,0.052,0.04,0.15,0.02,0.034999999217689,no_change,2026-09-11T12:40:49,2.0,337.0
AAPL,2026-09-14,3,Put,350.0,AAPL260914P00350000,15.65,15.8,15.725000000000001,15.85,-8.9,-35.9596,219.0,0.0,0.1948,-0.9804,0.0064,0.0157,-0.0394,-0.0009,15.765,16.5,17.22,14.1,24.75,up,2026-09-11T12:39:58,34.0,18.0
AAPL,2026-09-14,3,Call,352.5,AAPL260914C00352500,0.03,0.04,0.035,0.03,-0.01,-25.0,588.0,157.0,0.2548,0.0132,0.0043,0.0113,-0.028,0.0001,0.0346,0.17,0.17,0.03,0.0399999991059303,down,2026-09-11T12:37:50,152.0,332.0
AAPL,2026-09-14,3,Put,352.5,AAPL260914P00352500,17.0,18.45,17.725,18.19,-8.96,-33.0018,15.0,0.0,0.0,-0.9871,0.0042,0.011,-0.0273,-0.0006,18.2481,18.7,18.7,18.04,27.1500005722046,up,2026-09-11T12:26:08,185.0,57.0
AAPL,2026-09-14,3,Call,355.0,AAPL260914C00355000,0.02,0.03,0.025,0.03,0.01,50.0,522.0,272.0,0.2717,0.0091,0.0029,0.0082,-0.0203,0.0001,0.0243,0.03,0.05,0.02,0.0199999995529652,no_change,2026-09-11T12:19:35,10.0,343.0
AAPL,2026-09-14,3,Put,355.0,AAPL260914P00355000,20.65,20.8,20.725,20.8,-8.775,-29.6703,160.0,0.0,0.2472,-0.9912,0.0028,0.008,-0.0196,-0.0004,20.7379,22.1,22.1,19.89,29.5749998092651,up,2026-09-11T12:39:20,17.0,25.0
AAPL,2026-09-14,3,Call,360.0,AAPL260914C00360000,0.01,0.02,0.015,0.02,0.01,100.0,654.0,496.0,0.3083,0.0047,0.0014,0.0045,-0.0113,0.0,0.0129,0.01,0.03,0.01,0.00999999977648258,no_change,2026-09-11T12:25:16,5.0,304.0
AAPL,2026-09-14,3,Put,360.0,AAPL260914P00360000,25.65,25.8,25.725,25.55,-9.1,-26.2626,106.0,0.0,0.2979,-0.9955,0.0014,0.0044,-0.0108,-0.0003,25.7271,24.5,25.55,24.5,34.6499996185303,up,2026-09-11T11:49:51,11.0,21.0
AAPL,2026-09-14,3,Call,365.0,AAPL260914C00365000,0.0,0.01,0.005,0.01,-0.01,-50.0,40.0,88.0,0.3232,0.0026,0.0008,0.0027,-0.0068,0.0,0.0075,0.02,0.02,0.01,0.0199999995529652,down,2026-09-11T09:43:27,0.0,26.0
AAPL,2026-09-14,3,Put,365.0,AAPL260914P00365000,30.65,30.8,30.725,0.0,0.0,0.0,0.0,0.0,0.347,-0.9975,0.0007,0.0026,-0.0064,-0.0002,30.722,0.0,0.0,0.0,39.6749992370606,no_change,,17.0,15.0
AAPL,2026-09-14,3,Call,370.0,AAPL260914C00370000,0.0,0.04,0.02,0.01,0.005,100.0,15.0,277.0,0.4206,0.0016,0.0004,0.0017,-0.0044,0.0,0.0047,0.01,0.01,0.01,0.00499999988824129,no_change,2026-09-11T10:48:22,0.0,2.0
AAPL,2026-09-14,3,Put,370.0,AAPL260914P00370000,35.6,35.8,35.7,0.0,0.0,0.0,0.0,0.0,0.0,-0.9985,0.0004,0.0016,-0.0041,-0.0001,35.7194,0.0,0.0,0.0,44.7249984741211,no_change,,15.0,5.0
AAPL,2026-09-14,3,Call,375.0,AAPL260914C00375000,0.0,0.02,0.01,0.01,0.005,100.0,4.0,14.0,0.4391,0.001,0.0003,0.0011,-0.003,0.0,0.0031,0.01,0.27,0.01,0.00499999988824129,no_change,2026-09-11T10:41:42,0.0,12.0
AAPL,2026-09-14,3,Put,375.0,AAPL260914P00375000,40.6,40.8,40.7,0.0,0.0,0.0,0.0,0.0,0.0,-0.999,0.0003,0.0011,-0.0028,-0.0001,40.7179,0.0,0.0,0.0,49.7250003814697,no_change,,13.0,13.0
AAPL,2026-09-14,3,Call,380.0,AAPL260914C00380000,0.0,0.03,0.015,0.02,0.015,300.0,1.0,23.0,0.503,0.0007,0.0002,0.0008,-0.0021,0.0,0.0022,0.02,0.02,0.02,0.00499999988824129,down,2026-09-11T09:37:01,0.0,1.0
AAPL,2026-09-14,3,Put,380.0,AAPL260914P00380000,45.65,45.8,45.724999999999994,0.0,0.0,0.0,0.0,0.0,0.487,-0.9994,0.0002,0.0007,-0.0019,-0.0001,45.717,0.0,0.0,0.0,54.75,no_change,,9.0,12.0
AAPL,2026-09-14,3,Call,385.0,AAPL260914C00385000,0.0,0.01,0.005,0.01,0.0,0.0,0.0,20.0,0.4982,0.0005,0.0001,0.0006,-0.0015,0.0,0.0016,0.0,0.0,0.0,0.00499999988824129,down,2026-09-09T10:46:17,0.0,1.0
AAPL,2026-09-14,3,Put,385.0,AAPL260914P00385000,49.05,52.7,50.875,0.0,0.0,0.0,0.0,0.0,0.7293,-0.9996,0.0001,0.0005,-0.0014,-0.0001,50.7165,0.0,0.0,0.0,59.7749996185303,no_change,,131.0,42.0
AAPL,2026-09-14,3,Call,390.0,AAPL260914C00390000,0.0,0.01,0.005,0.01,0.005,100.0,8.0,1.0,0.5395,0.0003,0.0001,0.0004,-0.0011,0.0,0.0012,0.01,0.01,0.01,0.00499999988824129,no_change,2026-09-11T09:45:38,0.0,1.0
AAPL,2026-09-14,3,Put,390.0,AAPL260914P00390000,54.5,57.7,56.1,0.0,0.0,0.0,0.0,0.0,0.9019,-0.9997,0.0001,0.0004,-0.001,0.0,55.7161,0.0,0.0,0.0,64.7250022888184,no_change,,127.0,45.0
AAPL,2026-09-16,5,Call,245.0,AAPL260916C00245000,87.9,91.05,89.475,0.0,0.0,0.0,0.0,0.0,1.1064,0.9998,0.0,0.0001,-0.0004,0.0201,89.365,0.0,0.0,0.0,80.875,no_change,,130.0,21.0
AAPL,2026-09-16,5,Put,245.0,AAPL260916P00245000,0.0,0.01,0.005,0.02,0.0,0.0,0.0,3.0,0.8209,-0.0001,0.0,0.0001,-0.0004,0.0,0.0004,0.0,0.0,0.0,0.00999999977648258,down,2026-09-10T12:55:38,0.0,9500.0
AAPL,2026-09-16,5,Call,250.0,AAPL260916C00250000,83.0,86.05,84.525,0.0,0.0,0.0,0.0,0.0,1.0913,0.9998,0.0,0.0002,-0.0007,0.0205,84.3671,0.0,0.0,0.0,75.9000015258789,no_change,,134.0,27.0
AAPL,2026-09-16,5,Put,250.0,AAPL260916P00250000,0.0,0.52,0.26,0.05,0.0,0.0,0.0,123.0,1.169,-0.0001,0.0,0.0002,-0.0007,0.0,0.0008,0.0,0.0,0.0,0.234999999403954,up,2026-09-09T15:50:43,0.0,255.0
AAPL,2026-09-16,5,Call,255.0,AAPL260916C00255000,77.85,81.05,79.44999999999999,0.0,0.0,0.0,0.0,0.0,0.9432,0.9997,0.0,0.0003,-0.0011,0.0209,79.3694,0.0,0.0,0.0,70.9000015258789,no_change,,122.0,23.0
AAPL,2026-09-16,5,Put,255.0,AAPL260916P00255000,0.0,0.51,0.255,0.11,0.0,0.0,0.0,5.0,1.096,-0.0002,0.0,0.0003,-0.0011,0.0,0.0013,0.0,0.0,0.0,0.219999998807907,up,2026-09-09T09:44:20,0.0,203.0
AAPL,2026-09-16,5,Call,260.0,AAPL260916C00260000,73.35,76.05,74.69999999999999,75.89,10.065,15.2905,2.0,0.0,1.069,0.9995,0.0,0.0006,-0.0019,0.0213,74.3722,75.85,75.89,75.85,65.8250007629394,up,2026-09-11T11:18:43,118.0,30.0
AAPL,2026-09-16,5,Put,260.0,AAPL260916P00260000,0.0,0.26,0.13,0.05,0.0,0.0,0.0,17.0,0.9349,-0.0004,0.0,0.0006,-0.0019,0.0,0.0023,0.0,0.0,0.0,0.0599999986588955,up,2026-09-09T15:39:40,0.0,138.0
AAPL,2026-09-16,5,Call,265.0,AAPL260916C00265000,68.35,71.05,69.69999999999999,70.91,10.01,16.4368,2.0,0.0,0.9981,0.9993,0.0001,0.0009,-0.0031,0.0217,69.3756,70.92,70.92,70.91,60.8999996185303,down,2026-09-11T11:18:43,126.0,30.0
AAPL,2026-09-16,5,Put,265.0,AAPL260916P00265000,0.01,0.03,0.02,0.02,-0.025,-55.5556,13.0,12.0,0.7064,-0.0006,0.0001,0.0009,-0.0031,0.0,0.0039,0.05,0.05,0.01,0.0450000017881393,no_change,2026-09-11T12:37:06,1.0,374.0
AAPL,2026-09-16,5,Call,270.0,AAPL260916C00270000,63.3,66.05,64.675,0.0,0.0,0.0,0.0,0.0,0.9163,0.9989,0.0001,0.0014,-0.005,0.0221,64.38,0.0,0.0,0.0,55.8999996185303,no_change,,136.0,27.0
AAPL,2026-09-16,5,Put,270.0,AAPL260916P00270000,0.0,0.08,0.04,0.05,0.0,0.0,0.0,32.0,0.7025,-0.0011,0.0001,0.0014,-0.005,0.0,0.0065,0.0,0.0,0.0,0.0449999989941716,down,2026-09-10T13:49:39,0.0,370.0
AAPL,2026-09-16,5,Call,272.5,AAPL260916C00272500,60.85,63.55,62.2,0.0,0.0,0.0,0.0,0.0,0.8934,0.9986,0.0002,0.0018,-0.0063,0.0223,61.8828,0.0,0.0,0.0,53.4249992370606,no_change,,119.0,30.0
AAPL,2026-09-16,5,Put,272.5,AAPL260916P00272500,0.01,0.06,0.034999999999999996,0.05,0.015,42.8571,2.0,3.0,0.6654,-0.0014,0.0002,0.0018,-0.0063,0.0,0.0084,0.05,0.05,0.05,0.034999999217689,down,2026-09-11T11:07:01,1.0,392.0
AAPL,2026-09-16,5,Call,275.0,AAPL260916C00275000,58.3,61.05,59.675,41.13,0.0,0.0,0.0,1.0,0.8478,0.9982,0.0002,0.0023,-0.0079,0.0225,59.386,0.0,0.0,0.0,50.9499988555908,down,2026-09-08T14:59:54,118.0,27.0
AAPL,2026-09-16,5,Put,275.0,AAPL260916P00275000,0.0,0.26,0.13,0.14,0.0,0.0,0.0,14.0,0.7486,-0.0017,0.0002,0.0023,-0.0079,0.0,0.0107,0.0,0.0,0.0,0.0500000016763806,up,2026-09-09T14:04:46,0.0,448.0
AAPL,2026-09-16,5,Call,277.5,AAPL260916C00277500,55.4,58.55,56.974999999999994,0.0,0.0,0.0,0.0,0.0,0.6922,0.9977,0.0003,0.0028,-0.0099,0.0227,56.8898,0.0,0.0,0.0,48.4499988555908,no_change,,124.0,30.0
AAPL,2026-09-16,5,Put,277.5,AAPL260916P00277500,0.0,0.21,0.105,0.0,0.0,0.0,0.0,0.0,0.6977,-0.0022,0.0003,0.0028,-0.0099,-0.0001,0.0136,0.0,0.0,0.0,0.0550000015646219,no_change,,0.0,389.0
AAPL,2026-09-16,5,Call,280.0,AAPL260916C00280000,53.3,56.05,54.675,38.65,0.0,0.0,0.0,7.0,0.78,0.9971,0.0004,0.0035,-0.0122,0.0229,54.3943,0.0,0.0,0.0,45.9499988555908,up,2026-09-09T14:54:35,125.0,30.0
AAPL,2026-09-16,5,Put,280.0,AAPL260916P00280000,0.02,0.03,0.025,0.03,-0.02,-40.0,122.0,170.0,0.5648,-0.0028,0.0004,0.0035,-0.0122,-0.0001,0.0172,0.01,0.04,0.01,0.0499999988824129,up,2026-09-11T11:48:55,5.0,1.0
AAPL,2026-09-16,5,Call,282.5,AAPL260916C00282500,50.35,53.55,51.95,0.0,0.0,0.0,0.0,0.0,0.6082,0.9964,0.0005,0.0043,-0.0149,0.0231,51.8996,0.0,0.0,0.0,43.4249992370606,no_change,,127.0,30.0
AAPL,2026-09-16,5,Put,282.5,AAPL260916P00282500,0.0,0.09,0.045,0.08,0.0,-3.58559e-06,2.0,4.0,0.5748,-0.0035,0.0005,0.0043,-0.0149,-0.0001,0.0215,0.08,0.08,0.08,0.0800000028684735,no_change,2026-09-11T10:14:51,0.0,510.0
AAPL,2026-09-16,5,Call,285.0,AAPL260916C00285000,48.3,51.05,49.675,36.78,0.0,0.0,0.0,15.0,0.7129,0.9956,0.0006,0.0052,-0.0181,0.0233,49.4057,0.0,0.0,0.0,41.2999992370606,down,2026-09-04T12:24:49,123.0,30.0
AAPL,2026-09-16,5,Put,285.0,AAPL260916P00285000,0.0,0.08,0.04,0.09,0.015,20.0,49.0,230.0,0.5406,-0.0044,0.0006,0.0052,-0.0181,-0.0001,0.0268,0.05,0.09,0.03,0.0750000011175871,up,2026-09-11T11:29:39,0.0,482.0
AAPL,2026-09-16,5,Call,287.5,AAPL260916C00287500,45.85,48.55,47.2,0.0,0.0,0.0,0.0,0.0,0.6891,0.9945,0.0008,0.0063,-0.0218,0.0235,46.9129,0.0,0.0,0.0,38.5,no_change,,138.0,29.0
AAPL,2026-09-16,5,Put,287.5,AAPL260916P00287500,0.01,0.1,0.055,0.11,0.0,0.0,0.0,5.0,0.5337,-0.0054,0.0008,0.0063,-0.0218,-0.0001,0.033,0.0,0.0,0.0,0.0899999979883432,up,2026-09-10T11:33:54,259.0,455.0
AAPL,2026-09-16,5,Call,290.0,AAPL260916C00290000,42.55,46.1,44.325,34.08,0.0,0.0,0.0,17.0,0.0,0.9933,0.001,0.0076,-0.026,0.0236,44.4212,0.0,0.0,0.0,36.2000007629394,up,2026-09-10T14:39:14,125.0,30.0
AAPL,2026-09-16,5,Put,290.0,AAPL260916P00290000,0.04,0.05,0.045,0.04,-0.06,-60.0,77.0,201.0,0.4944,-0.0066,0.001,0.0076,-0.026,-0.0002,0.0405,0.04,0.05,0.04,0.100000001490116,no_change,2026-09-11T12:27:32,5.0,1.0
AAPL,2026-09-16,5,Call,292.5,AAPL260916C00292500,40.45,43.6,42.025000000000006,0.0,0.0,0.0,0.0,0.0,0.5461,0.9918,0.0012,0.0091,-0.0307,0.0238,41.9308,0.0,0.0,0.0,33.5500001907349,no_change,,126.0,30.0
AAPL,2026-09-16,5,Put,292.5,AAPL260916P00292500,0.02,0.07,0.045000000000000005,0.05,-0.06,-54.5455,1.0,88.0,0.4675,-0.0082,0.0012,0.0091,-0.0308,-0.0002,0.0493,0.05,0.05,0.05,0.109999999403954,down,2026-09-11T11:29:47,493.0,268.0
AAPL,2026-09-16,5,Call,295.0,AAPL260916C00295000,38.4,41.1,39.75,30.62,0.0,0.0,0.0,14.0,0.6047,0.99,0.0014,0.0109,-0.036,0.024,39.4419,0.0,0.0,0.0,31.1500005722046,down,2026-09-10T15:22:13,116.0,30.0
AAPL,2026-09-16,5,Put,295.0,AAPL260916P00295000,0.04,0.08,0.06,0.07,-0.065,-48.1481,23.0,314.0,0.4574,-0.01,0.0014,0.0109,-0.036,-0.0003,0.0594,0.08,0.08,0.07,0.135000001639128,no_change,2026-09-11T11:06:50,114.0,442.0
AAPL,2026-09-16,5,Call,297.5,AAPL260916C00297500,35.65,38.6,37.125,0.0,0.0,0.0,0.0,0.0,0.5293,0.9878,0.0018,0.0129,-0.0419,0.0241,36.9547,0.0,0.0,0.0,28.6000003814697,no_change,,120.0,30.0
AAPL,2026-09-16,5,Put,297.5,AAPL260916P00297500,0.05,0.12,0.08499999999999999,0.08,-0.1,-55.5556,59.0,10.0,0.4506,-0.0121,0.0018,0.0129,-0.042,-0.0003,0.0713,0.1,0.1,0.07,0.179999999701977,up,2026-09-11T12:37:09,131.0,486.0
AAPL,2026-09-16,5,Call,300.0,AAPL260916C00300000,33.4,36.15,34.775,36.0,9.925,38.0633,2.0,22.0,0.5438,0.9852,0.0022,0.0152,-0.0485,0.0242,34.4694,35.26,36.0,35.26,26.0749998092651,up,2026-09-11T11:12:29,151.0,86.0
AAPL,2026-09-16,5,Put,300.0,AAPL260916P00300000,0.07,0.1,0.085,0.1,-0.11,-52.381,252.0,596.0,0.4224,-0.0147,0.0022,0.0152,-0.0485,-0.0004,0.0851,0.16,0.16,0.07,0.21000000089407,up,2026-09-11T12:24:35,1.0,339.0
AAPL,2026-09-16,5,Call,302.5,AAPL260916C00302500,30.95,33.65,32.3,31.37,8.42,36.6885,1.0,0.0,0.516,0.9821,0.0027,0.0179,-0.0557,0.0244,31.9865,31.37,31.37,31.37,22.9499998092651,up,2026-09-11T09:42:58,138.0,30.0
AAPL,2026-09-16,5,Put,302.5,AAPL260916P00302500,0.08,0.18,0.13,0.1,-0.175,-63.6364,29.0,52.0,0.42,-0.0178,0.0027,0.0179,-0.0558,-0.0005,0.1013,0.08,0.1,0.08,0.274999998509884,no_change,2026-09-11T12:30:31,291.0,491.0
AAPL,2026-09-16,5,Call,305.0,AAPL260916C00305000,28.45,31.15,29.799999999999997,27.0,5.825,27.5089,1.0,25.0,0.4814,0.9783,0.0034,0.0211,-0.0638,0.0244,29.5062,27.0,27.0,27.0,21.1750001907349,up,2026-09-11T09:38:13,138.0,86.0
AAPL,2026-09-16,5,Put,305.0,AAPL260916P00305000,0.11,0.12,0.11499999999999999,0.12,-0.215,-64.1791,211.0,2266.0,0.383,-0.0216,0.0034,0.0212,-0.0638,-0.0006,0.1202,0.22,0.24,0.11,0.334999993443489,down,2026-09-11T12:23:53,5.0,1.0
AAPL,2026-09-16,5,Call,307.5,AAPL260916C00307500,26.0,28.7,27.35,27.6,8.65,45.6464,7.0,1.0,0.4578,0.9736,0.0042,0.0249,-0.0727,0.0245,27.0296,27.6,27.6,27.6,18.9500007629395,up,2026-09-11T10:58:31,117.0,30.0
AAPL,2026-09-16,5,Put,307.5,AAPL260916P00307500,0.12,0.17,0.14500000000000002,0.15,-0.275,-64.7059,123.0,918.0,0.3673,-0.0263,0.0042,0.0249,-0.0727,-0.0007,0.1427,0.23,0.24,0.15,0.424999997019768,down,2026-09-11T12:03:42,248.0,473.0
AAPL,2026-09-16,5,Call,310.0,AAPL260916C00310000,23.75,24.8,24.275,24.18,7.78,47.439,42.0,137.0,0.0,0.9678,0.0052,0.0295,-0.0829,0.0246,24.558,18.56,25.35,18.56,16.4000000953674,down,2026-09-11T11:58:50,306.0,133.0
AAPL,2026-09-16,5,Put,310.0,AAPL260916P00310000,0.14,0.18,0.16,0.17,-0.395,-69.9115,184.0,534.0,0.343,-0.0322,0.0052,0.0295,-0.083,-0.0008,0.1702,0.37,0.37,0.16,0.564999997615814,no_change,2026-09-11T12:39:44,545.0,326.0
AAPL,2026-09-16,5,Call,312.5,AAPL260916C00312500,21.05,23.75,22.4,22.03,8.255,59.9274,13.0,20.0,0.3962,0.9601,0.0066,0.0351,-0.095,0.0246,22.0941,20.18,23.22,20.18,13.7750000953674,up,2026-09-11T11:59:42,117.0,38.0
AAPL,2026-09-16,5,Put,312.5,AAPL260916P00312500,0.16,0.23,0.195,0.19,-0.57,-75.0,1693.0,104.0,0.3238,-0.0398,0.0066,0.0351,-0.0951,-0.0011,0.2054,0.27,0.33,0.19,0.759999990463257,no_change,2026-09-11T12:32:17,568.0,295.0
AAPL,2026-09-16,5,Call,315.0,AAPL260916C00315000,18.95,19.85,19.4,18.9,7.025,59.1579,85.0,995.0,0.1929,0.9498,0.0084,0.0422,-0.1101,0.0245,19.6429,13.45,21.1,13.31,11.875,down,2026-09-11T12:28:15,387.0,36.0
AAPL,2026-09-16,5,Put,315.0,AAPL260916P00315000,0.25,0.26,0.255,0.25,-0.835,-76.9585,1999.0,622.0,0.3078,-0.0504,0.0084,0.0424,-0.1104,-0.0013,0.254,0.67,0.83,0.23,1.08499997854233,no_change,2026-09-11T12:40:19,5.0,52.0
AAPL,2026-09-16,5,Call,317.5,AAPL260916C00317500,16.65,17.45,17.049999999999997,17.15,7.425,76.3496,16.0,95.0,0.2506,0.935,0.0109,0.0516,-0.13,0.0243,17.2138,12.49,17.47,12.49,9.72500038146973,down,2026-09-11T12:28:39,121.0,25.0
AAPL,2026-09-16,5,Put,317.5,AAPL260916P00317500,0.32,0.34,0.33,0.32,-1.225,-79.288,440.0,793.0,0.2901,-0.065,0.011,0.0517,-0.1302,-0.0017,0.3234,1.0,1.0,0.29,1.5450000166893,no_change,2026-09-11T12:40:39,105.0,303.0
AAPL,2026-09-16,5,Call,320.0,AAPL260916C00320000,14.75,15.0,14.875,14.85,7.0,89.172,377.0,3112.0,0.2819,0.9131,0.0144,0.0642,-0.1573,0.0239,14.8235,9.0,16.4,8.87,7.84999990463257,up,2026-09-11T12:37:07,50.0,91.0
AAPL,2026-09-16,5,Put,320.0,AAPL260916P00320000,0.43,0.45,0.44,0.43,-1.795,-80.6742,1710.0,1469.0,0.275,-0.0869,0.0145,0.0643,-0.1575,-0.0023,0.4323,1.52,1.52,0.4,2.22500002384186,no_change,2026-09-11T12:39:16,105.0,236.0
AAPL,2026-09-16,5,Call,322.5,AAPL260916C00322500,11.85,13.15,12.5,12.45,6.325,103.265,153.0,968.0,0.2608,0.8806,0.0192,0.0806,-0.1939,0.0232,12.4983,6.93,13.5,6.55,6.125,up,2026-09-11T12:28:40,398.0,249.0
AAPL,2026-09-16,5,Put,322.5,AAPL260916P00322500,0.59,0.65,0.62,0.6,-2.475,-80.4878,1357.0,840.0,0.2622,-0.1195,0.0192,0.0807,-0.1942,-0.003,0.6065,2.44,2.44,0.55,3.07500004768372,down,2026-09-11T12:39:41,55.0,516.0
AAPL,2026-09-16,5,Call,325.0,AAPL260916C00325000,10.1,10.45,10.274999999999999,10.17,5.42,114.105,816.0,2852.0,0.2501,0.8332,0.025,0.1006,-0.2399,0.0221,10.2766,5.55,12.0,5.35,4.75,no_change,2026-09-11T12:35:48,139.0,97.0
AAPL,2026-09-16,5,Put,325.0,AAPL260916P00325000,0.88,0.91,0.895,0.9,-3.225,-78.1818,3689.0,1130.0,0.2513,-0.167,0.0251,0.1006,-0.2404,-0.0042,0.8844,3.05,3.28,0.79,4.125,no_change,2026-09-11T12:40:39,70.0,80.0
AAPL,2026-09-16,5,Call,327.5,AAPL260916C00327500,8.05,8.35,8.2,8.15,4.5,123.288,647.0,297.0,0.2421,0.7679,0.0315,0.1222,-0.2908,0.0204,8.2067,4.0,9.65,4.0,3.64999997615814,up,2026-09-11T12:33:13,213.0,145.0
AAPL,2026-09-16,5,Put,327.5,AAPL260916P00327500,1.28,1.4,1.3399999999999999,1.37,-4.08,-74.8624,681.0,57.0,0.2448,-0.2324,0.0316,0.1223,-0.2916,-0.0058,1.3144,3.3,3.46,1.19,5.45000004768372,no_change,2026-09-11T12:38:01,169.0,580.0
AAPL,2026-09-16,5,Call,330.0,AAPL260916C00330000,6.2,6.5,6.35,6.37,3.765,144.53,2892.0,6173.0,0.238,0.6844,0.0375,0.1418,-0.3376,0.0183,6.3411,3.1,7.9,2.68,2.60500001907349,up,2026-09-11T12:37:19,233.0,169.0
AAPL,2026-09-16,5,Put,330.0,AAPL260916P00330000,1.94,2.02,1.98,1.98,-4.995,-71.6129,2922.0,72.0,0.2396,-0.3163,0.0377,0.142,-0.3387,-0.0074,1.9492,5.65,5.65,1.7,6.97500014305115,down,2026-09-11T12:40:22,144.0,63.0
AAPL,2026-09-16,5,Call,332.5,AAPL260916C00332500,4.55,4.85,4.699999999999999,4.75,2.845,149.344,2443.0,370.0,0.2324,0.5859,0.0417,0.155,-0.3686,0.0157,4.7261,2.4,6.18,2.12,1.90500003099442,down,2026-09-11T12:34:58,579.0,210.0
AAPL,2026-09-16,5,Put,332.5,AAPL260916P00332500,2.8,2.93,2.865,2.96,-5.84,-66.3636,1428.0,7.0,0.2359,-0.4152,0.0419,0.155,-0.3703,-0.0096,2.8358,6.5,6.5,2.5,8.80000019073486,up,2026-09-11T12:32:00,284.0,381.0
AAPL,2026-09-16,5,Call,335.0,AAPL260916C00335000,3.35,3.45,3.4000000000000004,3.4,2.08,157.576,4971.0,1477.0,0.2327,0.4797,0.043,0.1584,-0.3748,0.0129,3.3919,1.56,4.66,1.37,1.31999999284744,down,2026-09-11T12:41:07,122.0,189.0
AAPL,2026-09-16,5,Put,335.0,AAPL260916P00335000,3.9,4.2,4.05,4.2,-6.35,-60.1896,1409.0,20.0,0.2351,-0.522,0.0432,0.1583,-0.3769,-0.0108,4.0041,8.2,8.2,3.46,10.5500001907349,up,2026-09-11T12:36:07,256.0,602.0
AAPL,2026-09-16,5,Call,337.5,AAPL260916C00337500,2.3,2.37,2.335,2.27,1.36,149.451,4079.0,374.0,0.231,0.3747,0.041,0.151,-0.3534,0.0101,2.3438,1.05,3.4,1.05,0.909999996423721,down,2026-09-11T12:37:51,90.0,112.0
AAPL,2026-09-16,5,Put,337.5,AAPL260916P00337500,5.35,5.55,5.449999999999999,5.55,-7.125,-56.213,174.0,0.0,0.2309,-0.6276,0.0413,0.1506,-0.356,-0.0125,5.4607,8.1,8.1,4.65,12.6750001907349,up,2026-09-11T12:38:01,204.0,162.0
AAPL,2026-09-16,5,Call,340.0,AAPL260916C00340000,1.49,1.58,1.5350000000000001,1.5,0.88,141.935,6100.0,1776.0,0.23,0.2795,0.0363,0.1344,-0.3095,0.0075,1.5631,0.71,2.41,0.69,0.620000004768372,up,2026-09-11T12:39:25,597.0,130.0
AAPL,2026-09-16,5,Put,340.0,AAPL260916P00340000,7.0,7.35,7.175,7.26,-7.765,-51.6805,334.0,13.0,0.2313,-0.7236,0.0366,0.1336,-0.3124,-0.012,7.1859,9.03,9.5,6.35,15.0250000953674,no_change,2026-09-11T12:30:08,153.0,190.0
AAPL,2026-09-16,5,Call,342.5,AAPL260916C00342500,0.96,1.02,0.99,0.99,0.57,135.714,1690.0,275.0,0.2318,0.1998,0.03,0.1125,-0.2534,0.0054,1.0112,0.5,1.67,0.49,0.420000001788139,up,2026-09-11T12:40:16,358.0,110.0
AAPL,2026-09-16,5,Put,342.5,AAPL260916P00342500,8.95,9.3,9.125,9.24,-8.36,-47.5,107.0,11.0,0.2321,-0.804,0.0302,0.111,-0.2561,-0.0122,9.1421,8.9,9.39,8.1,17.6000003814697,no_change,2026-09-11T12:32:29,94.0,123.0
AAPL,2026-09-16,5,Call,345.0,AAPL260916C00345000,0.62,0.65,0.635,0.61,0.315,106.78,3765.0,1683.0,0.2358,0.1379,0.0233,0.0891,-0.196,0.0037,0.64,0.32,1.1,0.31,0.295000001788139,no_change,2026-09-11T12:35:49,82.0,157.0
AAPL,2026-09-16,5,Put,345.0,AAPL260916P00345000,10.8,12.35,11.575,11.05,-8.9,-44.6115,10.0,13.0,0.2686,-0.8663,0.0235,0.0872,-0.198,-0.0109,11.2796,11.76,11.84,10.7,19.9499998092651,down,2026-09-11T12:18:47,196.0,291.0
AAPL,2026-09-16,5,Call,347.5,AAPL260916C00347500,0.37,0.41,0.39,0.41,0.19,86.3636,1199.0,16.0,0.2386,0.093,0.0173,0.0678,-0.1454,0.0025,0.4012,0.25,0.76,0.25,0.219999998807907,up,2026-09-11T12:40:27,509.0,140.0
AAPL,2026-09-16,5,Put,347.5,AAPL260916P00347500,12.4,14.95,13.675,0.0,0.0,0.0,0.0,0.0,0.2589,-0.9115,0.0174,0.0651,-0.146,-0.0083,13.5502,0.0,0.0,0.0,22.125,no_change,,141.0,44.0
AAPL,2026-09-16,5,Call,350.0,AAPL260916C00350000,0.24,0.26,0.25,0.26,0.115,79.3103,2760.0,1225.0,0.2451,0.062,0.0124,0.0503,-0.1053,0.0017,0.2527,0.22,0.49,0.2,0.144999995827675,no_change,2026-09-11T12:34:19,339.0,184.0
AAPL,2026-09-16,5,Put,350.0,AAPL260916P00350000,15.25,17.15,16.2,23.71,0.0,0.0,0.0,0.0,0.2966,-0.9423,0.0124,0.0469,-0.1044,-0.0069,15.9106,0.0,0.0,0.0,24.7250003814697,up,2026-09-10T15:59:07,125.0,40.0
AAPL,2026-09-16,5,Call,352.5,AAPL260916C00352500,0.15,0.17,0.16,0.17,0.075,78.9474,396.0,22.0,0.2522,0.0413,0.0088,0.0367,-0.0754,0.0011,0.1613,0.12,0.33,0.09,0.0950000006705522,no_change,2026-09-11T12:20:40,218.0,382.0
AAPL,2026-09-16,5,Put,352.5,AAPL260916P00352500,17.1,20.3,18.700000000000003,0.0,0.0,0.0,0.0,0.0,0.3297,-0.9624,0.0086,0.0334,-0.0735,-0.0054,18.3277,0.0,0.0,0.0,27.1999998092651,no_change,,124.0,39.0
AAPL,2026-09-16,5,Call,355.0,AAPL260916C00355000,0.1,0.11,0.10500000000000001,0.1,0.045,81.8182,2494.0,590.0,0.2595,0.0283,0.0062,0.0271,-0.055,0.0008,0.1076,0.07,0.23,0.07,0.0549999997019768,down,2026-09-11T12:04:37,160.0,476.0
AAPL,2026-09-16,5,Put,355.0,AAPL260916P00355000,19.55,22.75,21.15,26.26,0.0,0.0,0.0,0.0,0.3534,-0.9751,0.006,0.0239,-0.0519,-0.004,20.7791,0.0,0.0,0.0,29.5999994277954,down,2026-09-03T10:22:12,124.0,33.0
AAPL,2026-09-16,5,Call,360.0,AAPL260916C00360000,0.05,0.06,0.055,0.06,0.025,71.4286,506.0,479.0,0.2816,0.0141,0.0032,0.0152,-0.0306,0.0004,0.0523,0.03,0.1,0.02,0.034999999217689,no_change,2026-09-11T12:24:44,1.0,385.0
AAPL,2026-09-16,5,Put,360.0,AAPL260916P00360000,24.5,27.6,26.05,0.0,0.0,0.0,0.0,0.0,0.3937,-0.9884,0.003,0.0128,-0.0268,-0.0026,25.7322,0.0,0.0,0.0,34.8249988555908,no_change,,122.0,18.0
AAPL,2026-09-16,5,Call,365.0,AAPL260916C00365000,0.0,0.05,0.025,0.03,0.0,2.23517e-06,26.0,25.0,0.2964,0.0077,0.0018,0.0089,-0.0181,0.0002,0.0282,0.05,0.06,0.01,0.0299999993294477,down,2026-09-11T12:20:55,0.0,612.0
AAPL,2026-09-16,5,Put,365.0,AAPL260916P00365000,29.5,32.6,31.05,39.25,0.0,0.0,0.0,0.0,0.4502,-0.9941,0.0015,0.0071,-0.0146,-0.0012,30.7133,0.0,0.0,0.0,39.7999992370606,down,2026-09-02T11:27:10,123.0,36.0
AAPL,2026-09-16,5,Call,370.0,AAPL260916C00370000,0.0,0.04,0.02,0.04,0.005,14.2857,16.0,62.0,0.3286,0.0044,0.001,0.0054,-0.0111,0.0001,0.0162,0.02,0.04,0.01,0.0350000001490116,up,2026-09-11T10:56:49,0.0,584.0
AAPL,2026-09-16,5,Put,370.0,AAPL260916P00370000,34.5,37.6,36.05,0.0,0.0,0.0,0.0,0.0,0.5045,-0.9969,0.0008,0.004,-0.0081,-0.0007,35.7045,0.0,0.0,0.0,44.6000003814697,no_change,,134.0,35.0
AAPL,2026-09-16,5,Call,375.0,AAPL260916C00375000,0.0,0.07,0.035,0.03,0.0,0.0,0.0,32.0,0.3903,0.0026,0.0006,0.0034,-0.0069,0.0001,0.0095,0.0,0.0,0.0,0.0299999993294477,down,2026-09-10T09:36:50,0.0,399.0
AAPL,2026-09-16,5,Put,375.0,AAPL260916P00375000,39.5,42.6,41.05,0.0,0.0,0.0,0.0,0.0,0.557,-0.9983,0.0004,0.0023,-0.0046,-0.0006,40.7001,0.0,0.0,0.0,49.5750007629394,no_change,,153.0,31.0
AAPL,2026-09-16,5,Call,380.0,AAPL260916C00380000,0.0,0.03,0.015,0.03,-0.01,-25.0,37.0,30.0,0.3932,0.0015,0.0004,0.0021,-0.0044,0.0,0.0058,0.07,0.07,0.01,0.0399999991059303,down,2026-09-11T10:55:01,0.0,228.0
AAPL,2026-09-16,5,Put,380.0,AAPL260916P00380000,45.0,47.65,46.325,0.0,0.0,0.0,0.0,0.0,0.6765,-0.9991,0.0002,0.0013,-0.0026,-0.0004,45.6978,0.0,0.0,0.0,54.5749988555908,no_change,,112.0,23.0
AAPL,2026-09-16,5,Call,385.0,AAPL260916C00385000,0.0,0.06,0.03,0.07,0.0,0.0,0.0,92.0,0.4604,0.001,0.0002,0.0014,-0.0028,0.0,0.0036,0.0,0.0,0.0,0.0299999993294477,no_change,2026-09-08T13:00:50,0.0,194.0
AAPL,2026-09-16,5,Put,385.0,AAPL260916P00385000,49.5,52.6,51.05,0.0,0.0,0.0,0.0,0.0,0.6575,-0.9995,0.0001,0.0008,-0.0015,-0.0002,50.6966,0.0,0.0,0.0,59.7249984741211,no_change,,149.0,17.0
AAPL,2026-09-16,5,Call,390.0,AAPL260916C00390000,0.0,0.05,0.025,0.03,0.005,20.0,2.0,16.0,0.4881,0.0006,0.0001,0.0009,-0.0018,0.0,0.0022,0.03,0.03,0.03,0.025000000372529,up,2026-09-11T11:22:25,0.0,1.0
AAPL,2026-09-16,5,Put,390.0,AAPL260916P00390000,54.5,57.6,56.05,67.8,0.0,0.0,0.0,0.0,0.7057,-0.9997,0.0001,0.0005,-0.0009,-0.0001,55.6959,0.0,0.0,0.0,64.6750011444092,up,2026-09-04T10:40:05,153.0,24.0
AAPL,2026-09-18,7,Call,50.0,AAPL260918C00050000,282.45,286.0,284.225,271.0,0.0,0.0,0.0,7.0,0.0,0.9999,0.0,0.0,0.0,0.0095,284.308,0.0,0.0,0.0,275.449996948242,down,2026-09-04T13:38:38,96.0,92.0
AAPL,2026-09-18,7,Put,50.0,AAPL260918P00050000,0.0,0.01,0.005,0.01,0.0,0.0,0.0,1590.0,3.9698,0.0,0.0,0.0,0.0,0.0,0.0,0.0,0.0,0.0,0.00499999988824129,no_change,2026-09-08T15:13:05,0.0,2019.0
AAPL,2026-09-18,7,Call,55.0,AAPL260918C00055000,277.45,281.0,279.225,270.04,0.0,0.0,0.0,40.0,0.0,0.9999,0.0,0.0,0.0,0.0105,279.3122,0.0,0.0,0.0,270.949996948242,up,2026-09-01T11:32:28,98.0,98.0
AAPL,2026-09-18,7,Put,55.0,AAPL260918P00055000,0.0,0.01,0.005,0.11,0.0,0.0,0.0,1294.0,3.7706,0.0,0.0,0.0,0.0,0.0,0.0,0.0,0.0,0.0,0.00499999988824129,down,2026-08-05T10:12:15,0.0,2010.0
AAPL,2026-09-18,7,Call,60.0,AAPL260918C00060000,272.95,275.95,274.45,258.0,0.0,0.0,0.0,2.0,4.7489,0.9999,0.0,0.0,0.0,0.0115,274.3164,0.0,0.0,0.0,265.574996948242,up,2026-09-10T09:42:12,92.0,87.0
AAPL,2026-09-18,7,Put,60.0,AAPL260918P00060000,0.0,0.01,0.005,0.01,0.0,0.0,0.0,123.0,3.5899,0.0,0.0,0.0,0.0,0.0,0.0,0.0,0.0,0.0,0.00499999988824129,no_change,2026-08-24T13:40:27,0.0,2010.0
AAPL,2026-09-18,7,Call,65.0,AAPL260918C00065000,267.9,271.0,269.45,241.99,0.0,0.0,0.0,1.0,4.5143,0.9999,0.0,0.0,-0.0001,0.0124,269.3206,0.0,0.0,0.0,260.774993896484,down,2026-08-03T13:21:10,86.0,91.0
AAPL,2026-09-18,7,Put,65.0,AAPL260918P00065000,0.0,0.01,0.005,0.02,0.0,0.0,0.0,24.0,3.4238,0.0,0.0,0.0,0.0,0.0,0.0001,0.0,0.0,0.0,0.00499999988824129,down,2026-08-21T12:29:12,0.0,2010.0
AAPL,2026-09-18,7,Call,70.0,AAPL260918C00070000,262.4,266.0,264.2,237.04,0.0,0.0,0.0,3.0,0.0,0.9999,0.0,0.0,-0.0001,0.0134,264.3249,0.0,0.0,0.0,255.400009155273,down,2026-08-03T13:21:10,136.0,130.0
AAPL,2026-09-18,7,Put,70.0,AAPL260918P00070000,0.0,0.01,0.005,0.01,0.0,0.0,0.0,141.0,3.2704,0.0,0.0,0.0,-0.0001,0.0,0.0001,0.0,0.0,0.0,0.00499999988824129,no_change,2026-08-28T14:30:06,0.0,1010.0
AAPL,2026-09-18,7,Call,75.0,AAPL260918C00075000,258.2,260.8,259.5,252.03,0.0,0.0,0.0,81.0,4.2549,0.9999,0.0,0.0,-0.0001,0.0144,259.3291,0.0,0.0,0.0,250.649993896484,up,2026-09-02T15:42:22,161.0,133.0
AAPL,2026-09-18,7,Put,75.0,AAPL260918P00075000,0.0,0.01,0.005,0.01,0.0,0.0,0.0,215.0,3.128,0.0,0.0,0.0,-0.0001,0.0,0.0001,0.0,0.0,0.0,0.00999999977648258,no_change,2026-08-11T12:21:48,0.0,1010.0
AAPL,2026-09-18,7,Call,80.0,AAPL260918C00080000,253.0,255.95,254.475,231.73,0.0,0.0,0.0,109.0,3.9913,0.9999,0.0,0.0,-0.0001,0.0153,254.3334,0.0,0.0,0.0,245.824996948242,up,2026-05-27T14:29:55,182.0,146.0
AAPL,2026-09-18,7,Put,80.0,AAPL260918P00080000,0.0,0.01,0.005,0.02,0.0,0.0,0.0,82.0,2.9951,0.0,0.0,0.0,-0.0001,0.0,0.0002,0.0,0.0,0.0,0.00499999988824129,down,2026-04-20T15:49:10,0.0,1010.0
AAPL,2026-09-18,7,Call,85.0,AAPL260918C00085000,248.25,251.0,249.625,192.23,0.0,0.0,0.0,29.0,4.1556,0.9999,0.0,0.0,-0.0002,0.0163,249.3377,0.0,0.0,0.0,240.799995422363,up,2026-02-11T15:23:39,127.0,120.0
AAPL,2026-09-18,7,Put,85.0,AAPL260918P00085000,0.0,0.01,0.005,0.01,0.0,0.0,0.0,1041.0,2.8704,0.0,0.0,0.0,-0.0002,0.0,0.0002,0.0,0.0,0.0,0.259999990463257,no_change,2026-09-09T12:23:19,0.0,1010.0
AAPL,2026-09-18,7,Call,90.0,AAPL260918C00090000,243.25,245.65,244.45,235.9,0.0,0.0,0.0,19.0,3.567,0.9999,0.0,0.0,-0.0002,0.0172,244.342,0.0,0.0,0.0,235.799995422363,down,2026-09-02T13:17:18,126.0,120.0
AAPL,2026-09-18,7,Put,90.0,AAPL260918P00090000,0.0,0.01,0.005,0.01,0.0,0.0,0.0,1079.0,2.753,0.0,0.0,0.0,-0.0002,0.0,0.0003,0.0,0.0,0.0,0.259999990463257,no_change,2026-09-09T12:21:52,0.0,1010.0
AAPL,2026-09-18,7,Call,95.0,AAPL260918C00095000,237.8,241.05,239.425,161.7,0.0,0.0,0.0,3.0,3.3164,0.9999,0.0,0.0,-0.0003,0.0182,239.3463,0.0,0.0,0.0,230.824996948242,up,2026-04-02T10:57:40,131.0,126.0
AAPL,2026-09-18,7,Put,95.0,AAPL260918P00095000,0.0,0.01,0.005,0.01,0.0,0.0,0.0,1146.0,2.6421,0.0,0.0,0.0,-0.0003,0.0,0.0004,0.0,0.0,0.0,0.00499999988824129,down,2026-09-09T12:21:50,0.0,1010.0
AAPL,2026-09-18,7,Call,100.0,AAPL260918C00100000,233.3,236.0,234.65,204.68,0.0,0.0,0.0,127.0,3.6992,0.9999,0.0,0.0,-0.0004,0.0192,234.3506,0.0,0.0,0.0,225.824996948242,down,2026-08-17T14:09:51,170.0,141.0
AAPL,2026-09-18,7,Put,100.0,AAPL260918P00100000,0.0,0.01,0.005,0.01,0.0,0.0,0.0,1477.0,2.537,0.0,0.0,0.0,-0.0004,0.0,0.0005,0.0,0.0,0.0,0.00499999988824129,no_change,2026-09-10T15:20:38,0.0,1010.0
AAPL,2026-09-18,7,Call,105.0,AAPL260918C00105000,228.3,231.05,229.675,200.51,0.0,0.0,0.0,15.0,3.5867,0.9999,0.0,0.0001,-0.0005,0.0201,229.355,0.0,0.0,0.0,220.824996948242,up,2026-07-31T15:19:13,131.0,125.0
AAPL,2026-09-18,7,Put,105.0,AAPL260918P00105000,0.0,0.01,0.005,0.02,0.0,0.0,0.0,202.0,2.4372,0.0,0.0,0.0001,-0.0005,0.0,0.0006,0.0,0.0,0.0,0.0350000001490116,down,2026-08-19T10:22:47,0.0,1.0
AAPL,2026-09-18,7,Call,110.0,AAPL260918C00110000,223.3,226.0,224.65,199.61,0.0,0.0,0.0,376.0,3.408,0.9999,0.0,0.0001,-0.0006,0.0211,224.3593,0.0,0.0,0.0,215.824996948242,no_change,2026-08-04T14:39:09,354.0,411.0
AAPL,2026-09-18,7,Put,110.0,AAPL260918P00110000,0.0,0.26,0.13,0.01,0.0,0.0,0.0,295.0,3.1008,0.0,0.0,0.0001,-0.0006,0.0,0.0008,0.0,0.0,0.0,0.254999995231628,no_change,2026-09-02T15:34:36,0.0,290.0
AAPL,2026-09-18,7,Call,115.0,AAPL260918C00115000,218.55,220.1,219.325,219.41,8.585,4.0721,5.0,28.0,0.0,0.9999,0.0,0.0001,-0.0007,0.022,219.3637,219.41,219.41,219.41,210.824996948242,up,2026-09-11T12:35:12,126.0,123.0
AAPL,2026-09-18,7,Put,115.0,AAPL260918P00115000,0.0,0.01,0.005,0.01,0.0,0.0,0.0,339.0,2.2512,0.0,0.0,0.0001,-0.0007,0.0,0.0009,0.0,0.0,0.0,0.00499999988824129,no_change,2026-08-11T09:30:29,0.0,1.0
AAPL,2026-09-18,7,Call,120.0,AAPL260918C00120000,213.3,215.7,214.5,185.56,0.0,0.0,0.0,113.0,2.8761,0.9999,0.0,0.0001,-0.0008,0.023,214.3681,0.0,0.0,0.0,205.824996948242,no_change,2026-08-13T10:27:34,386.0,364.0
AAPL,2026-09-18,7,Put,120.0,AAPL260918P00120000,0.0,0.03,0.015,0.07,0.0,0.0,0.0,1423.0,2.3473,0.0,0.0,0.0001,-0.0008,0.0,0.0011,0.0,0.0,0.0,0.0149999996647239,up,2026-08-25T15:56:49,0.0,14.0
AAPL,2026-09-18,7,Call,125.0,AAPL260918C00125000,208.3,210.45,209.375,178.45,0.0,0.0,0.0,663.0,2.0404,0.9999,0.0,0.0001,-0.001,0.0239,209.3725,0.0,0.0,0.0,200.875,down,2026-07-31T11:26:04,278.0,173.0
AAPL,2026-09-18,7,Put,125.0,AAPL260918P00125000,0.0,0.03,0.015,0.01,0.0,0.0,0.0,287.0,2.2573,-0.0001,0.0,0.0001,-0.001,0.0,0.0013,0.0,0.0,0.0,0.0149999996647239,down,2026-08-07T09:30:03,0.0,32.0
AAPL,2026-09-18,7,Call,130.0,AAPL260918C00130000,202.8,206.05,204.425,186.09,0.0,0.0,0.0,26.0,2.4073,0.9999,0.0,0.0001,-0.0011,0.0249,204.377,0.0,0.0,0.0,195.875,down,2026-09-08T15:28:15,127.0,128.0
AAPL,2026-09-18,7,Put,130.0,AAPL260918P00130000,0.0,0.01,0.005,0.01,0.0,0.0,0.0,1083.0,2.0008,-0.0001,0.0,0.0001,-0.0011,0.0,0.0015,0.0,0.0,0.0,0.00499999988824129,no_change,2026-08-26T10:45:58,0.0,1010.0
AAPL,2026-09-18,7,Call,135.0,AAPL260918C00135000,198.3,201.0,199.65,185.71,0.0,0.0,0.0,48.0,2.7869,0.9998,0.0,0.0002,-0.0013,0.0258,199.3814,0.0,0.0,0.0,190.824996948242,no_change,2026-09-10T11:50:20,137.0,130.0
AAPL,2026-09-18,7,Put,135.0,AAPL260918P00135000,0.0,0.01,0.005,0.01,0.0,0.0,0.0,293.0,1.9237,-0.0001,0.0,0.0002,-0.0013,0.0,0.0017,0.0,0.0,0.0,0.00499999988824129,no_change,2026-08-26T14:12:19,0.0,1010.0
AAPL,2026-09-18,7,Call,140.0,AAPL260918C00140000,193.35,195.45,194.39999999999998,187.6,0.0,0.0,0.0,1903.0,2.0187,0.9998,0.0,0.0002,-0.0014,0.0268,194.3859,0.0,0.0,0.0,185.824996948242,up,2026-09-03T15:15:33,180.0,159.0
AAPL,2026-09-18,7,Put,140.0,AAPL260918P00140000,0.0,0.01,0.005,0.01,0.0,0.0,0.0,1074.0,1.8495,-0.0001,0.0,0.0002,-0.0014,0.0,0.002,0.0,0.0,0.0,0.00499999988824129,down,2026-09-10T15:42:35,0.0,1003.0
AAPL,2026-09-18,7,Call,145.0,AAPL260918C00145000,188.3,191.0,189.65,180.49,0.0,0.0,0.0,56.0,2.5714,0.9998,0.0,0.0002,-0.0016,0.0278,189.3904,0.0,0.0,0.0,180.875,up,2026-09-10T13:52:10,143.0,143.0
AAPL,2026-09-18,7,Put,145.0,AAPL260918P00145000,0.0,0.01,0.005,0.02,0.0,0.0,0.0,545.0,1.7778,-0.0001,0.0,0.0002,-0.0016,0.0,0.0023,0.0,0.0,0.0,0.00499999988824129,down,2026-09-02T15:39:37,0.0,1010.0
AAPL,2026-09-18,7,Call,150.0,AAPL260918C00150000,183.0,186.1,184.55,162.36,0.0,0.0,0.0,86.0,2.3268,0.9998,0.0,0.0002,-0.0018,0.0287,184.3949,0.0,0.0,0.0,175.875,down,2026-09-09T14:33:08,182.0,148.0
AAPL,2026-09-18,7,Put,150.0,AAPL260918P00150000,0.0,0.01,0.005,0.01,0.0,0.0,0.0,4769.0,1.7086,-0.0001,0.0,0.0002,-0.0018,0.0,0.0026,0.0,0.0,0.0,0.00499999988824129,no_change,2026-09-10T15:42:35,0.0,3000.0
AAPL,2026-09-18,7,Call,155.0,AAPL260918C00155000,177.85,180.6,179.225,166.09,0.0,0.0,0.0,87.0,0.0,0.9998,0.0,0.0003,-0.002,0.0297,179.3995,0.0,0.0,0.0,170.875,down,2026-09-04T12:33:07,181.0,136.0
AAPL,2026-09-18,7,Put,155.0,AAPL260918P00155000,0.0,0.01,0.005,0.02,0.0,0.0,0.0,1271.0,1.6416,-0.0002,0.0,0.0003,-0.002,0.0,0.0029,0.0,0.0,0.0,0.00499999988824129,no_change,2026-09-02T14:53:13,0.0,2500.0
AAPL,2026-09-18,7,Call,160.0,AAPL260918C00160000,173.35,175.5,174.425,166.27,0.0,0.0,0.0,168.0,1.783,0.9998,0.0,0.0003,-0.0023,0.0306,174.404,0.0,0.0,0.0,165.900001525879,up,2026-09-10T15:57:56,341.0,379.0
AAPL,2026-09-18,7,Put,160.0,AAPL260918P00160000,0.0,0.01,0.005,0.02,0.0,0.0,0.0,4269.0,1.5767,-0.0002,0.0,0.0003,-0.0023,0.0,0.0032,0.0,0.0,0.0,0.00499999988824129,down,2026-08-28T12:21:19,0.0,2000.0
AAPL,2026-09-18,7,Call,165.0,AAPL260918C00165000,168.35,170.65,169.5,169.75,8.875,5.51671,1.0,138.0,1.9544,0.9997,0.0,0.0004,-0.0025,0.0316,169.4086,169.75,169.75,169.75,160.875,up,2026-09-11T11:52:43,345.0,374.0
AAPL,2026-09-18,7,Put,165.0,AAPL260918P00165000,0.0,0.01,0.005,0.01,0.005,100.0,1.0,3005.0,1.5138,-0.0002,0.0,0.0004,-0.0025,0.0,0.0036,0.01,0.01,0.01,0.00499999988824129,down,2026-09-11T11:42:54,0.0,1065.0
AAPL,2026-09-18,7,Call,170.0,AAPL260918C00170000,163.35,166.05,164.7,146.63,0.0,0.0,0.0,161.0,2.1453,0.9997,0.0,0.0004,-0.0028,0.0325,164.4133,0.0,0.0,0.0,155.900001525879,up,2026-09-08T15:55:28,332.0,329.0
AAPL,2026-09-18,7,Put,170.0,AAPL260918P00170000,0.0,0.01,0.005,0.02,0.0,0.0,0.0,3846.0,1.4528,-0.0002,0.0,0.0004,-0.0028,0.0,0.004,0.0,0.0,0.0,0.00499999988824129,no_change,2026-09-09T10:52:52,0.0,1000.0
AAPL,2026-09-18,7,Call,175.0,AAPL260918C00175000,158.35,161.1,159.725,138.68,0.0,0.0,0.0,153.0,2.0803,0.9997,0.0,0.0005,-0.003,0.0335,159.4179,0.0,0.0,0.0,150.900001525879,up,2026-09-09T13:59:39,178.0,152.0
AAPL,2026-09-18,7,Put,175.0,AAPL260918P00175000,0.0,0.01,0.005,0.01,0.0,0.0,0.0,1813.0,1.3934,-0.0003,0.0,0.0005,-0.003,0.0,0.0044,0.0,0.0,0.0,0.00499999988824129,down,2026-08-31T12:40:25,0.0,9500.0
AAPL,2026-09-18,7,Call,180.0,AAPL260918C00180000,153.35,155.5,154.425,145.0,0.0,0.0,0.0,212.0,1.3729,0.9996,0.0,0.0005,-0.0033,0.0344,154.4226,0.0,0.0,0.0,145.925003051758,up,2026-09-10T13:29:43,330.0,367.0
AAPL,2026-09-18,7,Put,180.0,AAPL260918P00180000,0.0,0.01,0.005,0.01,0.0,0.0,0.0,5077.0,1.3357,-0.0003,0.0,0.0005,-0.0033,0.0,0.0049,0.0,0.0,0.0,0.00499999988824129,down,2026-09-10T15:42:35,0.0,9500.0
AAPL,2026-09-18,7,Call,185.0,AAPL260918C00185000,148.35,150.65,149.5,134.78,0.0,0.0,0.0,332.0,1.6243,0.9996,0.0,0.0006,-0.0036,0.0354,149.4273,0.0,0.0,0.0,140.925003051758,down,2026-09-10T10:36:00,331.0,374.0
AAPL,2026-09-18,7,Put,185.0,AAPL260918P00185000,0.0,0.01,0.005,0.01,-0.02,-66.6667,10500.0,4961.0,1.2795,-0.0004,0.0,0.0006,-0.0036,0.0,0.0054,0.01,0.01,0.01,0.0299999993294477,no_change,2026-09-11T11:18:36,0.0,9500.0
AAPL,2026-09-18,7,Call,190.0,AAPL260918C00190000,143.35,146.05,144.7,144.73,8.93,6.57584,21.0,185.0,1.8074,0.9995,0.0,0.0007,-0.0039,0.0364,144.4321,141.95,144.73,141.95,135.800003051758,up,2026-09-11T11:51:59,348.0,355.0
AAPL,2026-09-18,7,Put,190.0,AAPL260918P00190000,0.0,0.01,0.005,0.01,-0.01,-50.0,1000.0,3009.0,1.2248,-0.0004,0.0,0.0007,-0.0039,0.0,0.0059,0.01,0.01,0.01,0.0199999995529652,no_change,2026-09-11T11:18:34,0.0,9500.0
AAPL,2026-09-18,7,Call,195.0,AAPL260918C00195000,138.35,140.75,139.55,121.05,0.0,0.0,0.0,305.0,1.5627,0.9995,0.0,0.0008,-0.0043,0.0373,139.4369,0.0,0.0,0.0,130.900001525879,down,2026-08-31T15:27:44,374.0,386.0
AAPL,2026-09-18,7,Put,195.0,AAPL260918P00195000,0.0,0.01,0.005,0.01,-0.015,-60.0,1010.0,9782.0,1.1713,-0.0005,0.0,0.0008,-0.0043,0.0,0.0065,0.01,0.01,0.01,0.025000000372529,no_change,2026-09-11T11:48:17,0.0,9500.0
AAPL,2026-09-18,7,Call,200.0,AAPL260918C00200000,133.45,136.05,134.75,126.12,0.0,0.0,0.0,1181.0,1.6912,0.9994,0.0,0.0008,-0.0046,0.0383,134.4417,0.0,0.0,0.0,125.924999237061,up,2026-09-10T15:50:32,331.0,335.0
AAPL,2026-09-18,7,Put,200.0,AAPL260918P00200000,0.0,0.01,0.005,0.01,0.005,100.0,5096.0,12605.0,1.1192,-0.0005,0.0,0.0008,-0.0046,0.0,0.0071,0.01,0.01,0.01,0.00499999988824129,no_change,2026-09-11T11:18:20,0.0,20.0
AAPL,2026-09-18,7,Call,205.0,AAPL260918C00205000,128.4,131.1,129.75,119.25,0.0,0.0,0.0,1219.0,1.6151,0.9994,0.0,0.001,-0.005,0.0392,129.4466,0.0,0.0,0.0,120.850002288818,up,2026-09-10T12:51:05,336.0,410.0
AAPL,2026-09-18,7,Put,205.0,AAPL260918P00205000,0.0,0.01,0.005,0.01,0.0,0.0,0.0,8338.0,1.0682,-0.0006,0.0,0.001,-0.005,0.0,0.0078,0.0,0.0,0.0,0.00499999988824129,down,2026-09-08T15:59:30,0.0,9.0
AAPL,2026-09-18,7,Call,210.0,AAPL260918C00210000,123.4,126.1,124.75,115.9,0.0,0.0,0.0,2481.0,1.5409,0.9993,0.0,0.0011,-0.0054,0.0402,124.4515,0.0,0.0,0.0,116.025001525879,up,2026-09-10T15:40:47,338.0,339.0
AAPL,2026-09-18,7,Put,210.0,AAPL260918P00210000,0.0,0.01,0.005,0.02,0.0,0.0,0.0,6704.0,1.0186,-0.0007,0.0,0.0011,-0.0054,0.0,0.0085,0.0,0.0,0.0,0.0299999993294477,up,2026-09-09T15:25:28,0.0,1.0
AAPL,2026-09-18,7,Call,215.0,AAPL260918C00215000,118.4,120.75,119.575,110.15,0.0,0.0,0.0,676.0,1.3127,0.9992,0.0,0.0012,-0.0059,0.0411,119.4565,0.0,0.0,0.0,110.924999237061,up,2026-09-10T14:50:19,340.0,397.0
AAPL,2026-09-18,7,Put,215.0,AAPL260918P00215000,0.0,0.03,0.015,0.01,0.0,0.0,0.0,6183.0,1.0581,-0.0008,0.0,0.0012,-0.0059,0.0,0.0093,0.0,0.0,0.0,0.00999999977648258,no_change,2026-09-10T10:16:06,0.0,175.0
AAPL,2026-09-18,7,Call,220.0,AAPL260918C00220000,113.6,115.0,114.3,115.3,9.1,8.56874,10.0,1170.0,0.0,0.9991,0.0001,0.0014,-0.0064,0.0421,114.4617,112.82,115.3,112.82,106.200000762939,up,2026-09-11T11:28:46,377.0,325.0
AAPL,2026-09-18,7,Put,220.0,AAPL260918P00220000,0.0,0.04,0.02,0.01,0.005,100.0,2.0,9594.0,1.0321,-0.0008,0.0001,0.0014,-0.0064,0.0,0.0102,0.01,0.01,0.01,0.00499999988824129,down,2026-09-11T12:24:52,0.0,94.0
AAPL,2026-09-18,7,Call,225.0,AAPL260918C00225000,108.4,109.65,109.025,109.31,8.935,8.90162,33.0,840.0,0.0,0.999,0.0001,0.0015,-0.0069,0.043,109.4669,109.31,109.31,109.31,100.375,no_change,2026-09-11T10:47:09,334.0,30.0
AAPL,2026-09-18,7,Put,225.0,AAPL260918P00225000,0.0,0.03,0.015,0.02,0.005,33.3333,10.0,8125.0,0.956,-0.001,0.0001,0.0015,-0.0069,-0.0001,0.0112,0.02,0.02,0.02,0.0149999996647239,no_change,2026-09-11T12:09:56,0.0,1.0
AAPL,2026-09-18,7,Call,230.0,AAPL260918C00230000,103.6,104.75,104.175,102.46,6.96,7.28796,1.0,1646.0,0.0,0.9988,0.0001,0.0017,-0.0075,0.044,104.4722,102.46,102.46,102.46,95.5,up,2026-09-11T10:13:03,415.0,45.0
AAPL,2026-09-18,7,Put,230.0,AAPL260918P00230000,0.0,0.03,0.015,0.01,-0.02,-66.6667,23.0,6652.0,0.9067,-0.0011,0.0001,0.0017,-0.0075,-0.0001,0.0123,0.02,0.02,0.01,0.0300000002607703,no_change,2026-09-11T11:04:30,0.0,2.0
AAPL,2026-09-18,7,Call,235.0,AAPL260918C00235000,98.45,101.1,99.775,97.6,6.625,7.28222,3.0,1764.0,1.208,0.9987,0.0001,0.002,-0.0082,0.0449,99.4778,97.43,97.6,97.43,90.9749984741211,up,2026-09-11T10:11:27,400.0,354.0
AAPL,2026-09-18,7,Put,235.0,AAPL260918P00235000,0.0,0.04,0.02,0.02,0.0,0.0,0.0,6397.0,0.8805,-0.0013,0.0001,0.002,-0.0082,-0.0001,0.0136,0.0,0.0,0.0,0.0199999995529652,no_change,2026-09-10T14:44:18,0.0,5.0
AAPL,2026-09-18,7,Call,240.0,AAPL260918C00240000,93.8,95.1,94.44999999999999,94.5,9.0,10.5263,79.0,2088.0,0.0,0.9985,0.0001,0.0022,-0.009,0.0459,94.4835,87.79,95.54,87.79,85.5,down,2026-09-11T12:20:27,374.0,411.0
AAPL,2026-09-18,7,Put,240.0,AAPL260918P00240000,0.01,0.05,0.030000000000000002,0.05,0.04,400.0,10.0,11264.0,0.8646,-0.0014,0.0001,0.0022,-0.009,-0.0001,0.0151,0.05,0.05,0.05,0.00999999977648258,up,2026-09-11T12:15:24,1.0,313.0
AAPL,2026-09-18,7,Call,245.0,AAPL260918C00245000,88.45,90.35,89.4,90.4,9.35,11.5361,8.0,1108.0,0.0,0.9982,0.0001,0.0026,-0.01,0.0468,89.4895,84.0,90.47,84.0,81.0499992370606,down,2026-09-11T11:29:12,387.0,382.0
AAPL,2026-09-18,7,Put,245.0,AAPL260918P00245000,0.01,0.03,0.02,0.03,0.015,100.0,25.0,4916.0,0.7843,-0.0017,0.0001,0.0026,-0.0099,-0.0001,0.0168,0.02,0.03,0.02,0.0149999996647239,up,2026-09-11T12:25:10,4.0,2.0
AAPL,2026-09-18,7,Call,250.0,AAPL260918C00250000,84.05,84.65,84.35,84.6,9.05,11.9788,23.0,4235.0,0.0,0.998,0.0002,0.003,-0.0111,0.0478,84.496,77.82,85.7,77.82,75.5499992370606,up,2026-09-11T12:36:09,179.0,48.0
AAPL,2026-09-18,7,Put,250.0,AAPL260918P00250000,0.01,0.06,0.034999999999999996,0.02,0.0,2.23517e-06,291.0,8759.0,0.7788,-0.002,0.0002,0.003,-0.0111,-0.0001,0.0191,0.03,0.03,0.02,0.0199999995529652,no_change,2026-09-11T12:02:25,8.0,388.0
AAPL,2026-09-18,7,Call,255.0,AAPL260918C00255000,78.65,79.75,79.2,79.13,8.305,11.7261,10.0,2881.0,0.0,0.9976,0.0002,0.0035,-0.0124,0.0487,79.5029,75.76,79.13,75.76,70.8250007629394,up,2026-09-11T12:40:10,378.0,113.0
AAPL,2026-09-18,7,Put,255.0,AAPL260918P00255000,0.02,0.03,0.025,0.02,-0.005,-20.0,10.0,9961.0,0.7062,-0.0024,0.0002,0.0035,-0.0124,-0.0001,0.0219,0.02,0.02,0.02,0.0249999994412065,down,2026-09-11T12:06:08,20.0,434.0
AAPL,2026-09-18,7,Call,260.0,AAPL260918C00260000,73.9,75.15,74.525,74.13,8.355,12.7024,44.0,4288.0,0.6915,0.9971,0.0003,0.0041,-0.014,0.0496,74.5105,71.7,76.44,71.7,65.7750015258789,down,2026-09-11T12:23:04,385.0,387.0
AAPL,2026-09-18,7,Put,260.0,AAPL260918P00260000,0.02,0.05,0.035,0.02,-0.015,-42.8571,61.0,8464.0,0.6826,-0.0028,0.0003,0.0041,-0.014,-0.0002,0.0253,0.03,0.03,0.01,0.034999999217689,up,2026-09-11T12:19:53,1.0,548.0
AAPL,2026-09-18,7,Call,265.0,AAPL260918C00265000,68.85,69.65,69.25,69.3,8.975,14.8777,16.0,6322.0,0.0,0.9965,0.0004,0.0049,-0.0161,0.0505,69.5191,62.35,69.8,62.35,60.3250007629394,down,2026-09-11T12:31:25,395.0,33.0
AAPL,2026-09-18,7,Put,265.0,AAPL260918P00265000,0.02,0.04,0.03,0.04,-0.005,-11.1111,38.0,8038.0,0.6255,-0.0034,0.0004,0.0049,-0.0161,-0.0002,0.0296,0.02,0.04,0.02,0.0449999999254942,up,2026-09-11T12:36:05,51.0,480.0
AAPL,2026-09-18,7,Call,270.0,AAPL260918C00270000,64.05,64.7,64.375,64.2,8.725,15.7278,88.0,5122.0,0.0,0.9957,0.0004,0.006,-0.0186,0.0514,64.529,63.0,65.51,63.0,55.4750003814697,down,2026-09-11T12:35:50,384.0,34.0
AAPL,2026-09-18,7,Put,270.0,AAPL260918P00270000,0.02,0.03,0.025,0.04,-0.02,-33.3333,187.0,12413.0,0.5691,-0.0042,0.0004,0.006,-0.0186,-0.0003,0.0352,0.05,0.05,0.03,0.0600000005215406,up,2026-09-11T12:19:53,109.0,77.0
AAPL,2026-09-18,7,Call,275.0,AAPL260918C00275000,59.25,60.0,59.625,58.35,8.15,16.2351,32.0,3802.0,0.6348,0.9946,0.0006,0.0073,-0.0218,0.0523,59.5406,59.01,61.11,57.3,50.2000007629394,down,2026-09-11T12:09:49,65.0,322.0
AAPL,2026-09-18,7,Put,275.0,AAPL260918P00275000,0.04,0.05,0.045,0.05,-0.035,-41.1765,72.0,10583.0,0.5587,-0.0053,0.0006,0.0073,-0.0218,-0.0003,0.0426,0.06,0.06,0.04,0.0850000008940697,down,2026-09-11T12:24:52,1.0,481.0
AAPL,2026-09-18,7,Call,280.0,AAPL260918C00280000,54.4,54.65,54.525,54.37,8.97,19.7577,22.0,6416.0,0.476,0.9931,0.0008,0.0091,-0.0259,0.0532,54.5547,53.45,56.0,53.38,45.4000015258789,down,2026-09-11T12:23:05,44.0,36.0
AAPL,2026-09-18,7,Put,280.0,AAPL260918P00280000,0.04,0.05,0.045,0.05,-0.06,-54.5455,382.0,11320.0,0.5124,-0.0068,0.0008,0.0091,-0.026,-0.0004,0.0525,0.09,0.09,0.03,0.109999999403954,up,2026-09-11T12:33:33,145.0,155.0
AAPL,2026-09-18,7,Call,282.5,AAPL260918C00282500,50.95,53.7,52.325,50.49,6.815,15.6039,3.0,1.0,0.6433,0.9922,0.0009,0.0102,-0.0284,0.0536,52.063,50.49,50.49,50.49,43.6749992370606,up,2026-09-11T09:46:59,125.0,122.0
AAPL,2026-09-18,7,Put,282.5,AAPL260918P00282500,0.05,0.06,0.055,0.06,-0.065,-52.0,81.0,43.0,0.501,-0.0078,0.0009,0.0102,-0.0284,-0.0005,0.0587,0.09,0.09,0.06,0.125,down,2026-09-11T12:31:23,120.0,164.0
AAPL,2026-09-18,7,Call,285.0,AAPL260918C00285000,49.5,49.65,49.575,49.35,8.575,21.03,43.0,5852.0,0.4906,0.9911,0.001,0.0115,-0.0312,0.054,49.5723,42.45,50.96,42.45,40.7749996185303,down,2026-09-11T12:24:43,1.0,6.0
AAPL,2026-09-18,7,Put,285.0,AAPL260918P00285000,0.05,0.07,0.060000000000000005,0.06,-0.085,-58.6207,369.0,11228.0,0.4828,-0.0089,0.001,0.0115,-0.0312,-0.0005,0.0659,0.13,0.13,0.06,0.145000003278255,down,2026-09-11T12:25:18,301.0,646.0
AAPL,2026-09-18,7,Call,287.5,AAPL260918C00287500,46.5,48.7,47.6,29.19,0.0,0.0,0.0,21.0,0.6579,0.9898,0.0012,0.013,-0.0344,0.0544,47.0829,0.0,0.0,0.0,38.6749992370606,no_change,2026-09-08T10:23:56,115.0,124.0
AAPL,2026-09-18,7,Put,287.5,AAPL260918P00287500,0.07,0.08,0.07500000000000001,0.05,-0.12,-70.5882,47.0,763.0,0.4725,-0.0102,0.0012,0.013,-0.0344,-0.0006,0.0744,0.08,0.09,0.05,0.170000001788139,no_change,2026-09-11T12:35:53,6.0,357.0
AAPL,2026-09-18,7,Call,290.0,AAPL260918C00290000,44.5,44.65,44.575,44.6,8.825,24.6681,182.0,8434.0,0.4397,0.9882,0.0014,0.0147,-0.038,0.0548,44.5949,37.79,45.8,36.48,35.7750015258789,up,2026-09-11T12:34:52,11.0,4.0
AAPL,2026-09-18,7,Put,290.0,AAPL260918P00290000,0.07,0.09,0.08,0.08,-0.115,-58.9744,1164.0,13885.0,0.4524,-0.0118,0.0014,0.0147,-0.038,-0.0007,0.0843,0.18,0.18,0.07,0.195000000298023,no_change,2026-09-11T12:38:39,284.0,499.0
AAPL,2026-09-18,7,Call,292.5,AAPL260918C00292500,41.75,43.2,42.475,41.47,8.47,25.6667,100.0,107.0,0.5677,0.9863,0.0017,0.0168,-0.0421,0.0551,42.1087,41.47,41.47,41.47,33.0,up,2026-09-11T09:45:11,36.0,363.0
AAPL,2026-09-18,7,Put,292.5,AAPL260918P00292500,0.08,0.1,0.09,0.09,-0.135,-60.0,362.0,931.0,0.4353,-0.0136,0.0017,0.0168,-0.0422,-0.0008,0.096,0.18,0.18,0.08,0.225000001490116,up,2026-09-11T12:35:32,313.0,424.0
AAPL,2026-09-18,7,Call,295.0,AAPL260918C00295000,39.55,39.7,39.625,39.61,8.66,27.9806,294.0,10907.0,0.4228,0.984,0.002,0.0192,-0.0468,0.0555,39.6248,35.42,41.03,35.42,30.9499998092651,up,2026-09-11T12:36:05,1.0,2.0
AAPL,2026-09-18,7,Put,295.0,AAPL260918P00295000,0.1,0.11,0.10500000000000001,0.1,-0.155,-60.7843,812.0,10949.0,0.4201,-0.0159,0.002,0.0192,-0.0469,-0.001,0.1099,0.19,0.22,0.1,0.254999995231628,down,2026-09-11T12:21:48,270.0,86.0
AAPL,2026-09-18,7,Call,297.5,AAPL260918C00297500,36.55,38.8,37.675,27.08,0.0,0.0,0.0,109.0,0.5478,0.9813,0.0024,0.0219,-0.0522,0.0558,37.1435,0.0,0.0,0.0,28.8000001907349,up,2026-09-10T14:44:05,304.0,398.0
AAPL,2026-09-18,7,Put,297.5,AAPL260918P00297500,0.12,0.13,0.125,0.14,-0.16,-53.3333,554.0,3383.0,0.4058,-0.0186,0.0024,0.022,-0.0522,-0.0011,0.1266,0.22,0.22,0.12,0.299999997019768,no_change,2026-09-11T12:10:43,184.0,175.0
AAPL,2026-09-18,7,Call,300.0,AAPL260918C00300000,34.6,34.7,34.650000000000006,34.55,8.475,32.5024,394.0,19823.0,0.3834,0.9779,0.0029,0.0253,-0.0583,0.056,34.6656,27.85,36.1,27.0,26.0749998092651,up,2026-09-11T12:40:15,1.0,2.0
AAPL,2026-09-18,7,Put,300.0,AAPL260918P00300000,0.14,0.15,0.14500000000000002,0.13,-0.23,-63.8889,2476.0,31326.0,0.3895,-0.022,0.0028,0.0252,-0.0582,-0.0013,0.1459,0.29,0.31,0.13,0.359999999403954,down,2026-09-11T12:37:21,303.0,150.0
AAPL,2026-09-18,7,Call,302.5,AAPL260918C00302500,31.5,33.3,32.4,33.03,9.355,39.5143,54.0,130.0,0.4317,0.9738,0.0034,0.0292,-0.0654,0.0562,32.1923,25.72,33.03,25.4,23.6750001907349,up,2026-09-11T10:51:32,334.0,375.0
AAPL,2026-09-18,7,Put,302.5,AAPL260918P00302500,0.17,0.18,0.175,0.18,-0.255,-58.6207,265.0,3219.0,0.3754,-0.0261,0.0034,0.0292,-0.0653,-0.0016,0.1704,0.31,0.36,0.16,0.435000002384186,no_change,2026-09-11T12:36:41,10.0,160.0
AAPL,2026-09-18,7,Call,305.0,AAPL260918C00305000,29.65,29.8,29.725,29.55,8.225,38.5698,541.0,17176.0,0.358,0.9686,0.0042,0.0339,-0.0737,0.0564,29.7248,23.32,31.25,22.1,21.3249998092651,down,2026-09-11T12:32:23,14.0,24.0
AAPL,2026-09-18,7,Put,305.0,AAPL260918P00305000,0.2,0.21,0.20500000000000002,0.21,-0.335,-61.4679,1213.0,11459.0,0.359,-0.0313,0.0042,0.0339,-0.0737,-0.0018,0.201,0.42,0.45,0.17,0.545000016689301,up,2026-09-11T12:33:36,108.0,101.0
AAPL,2026-09-18,7,Call,307.5,AAPL260918C00307500,26.55,28.25,27.4,27.61,8.51,44.555,41.0,165.0,0.3732,0.962,0.0051,0.0397,-0.0836,0.0564,27.2657,22.03,28.62,22.03,19.0999994277954,no_change,2026-09-11T11:49:22,391.0,370.0
AAPL,2026-09-18,7,Put,307.5,AAPL260918P00307500,0.24,0.25,0.245,0.24,-0.45,-65.2174,813.0,2383.0,0.3434,-0.0379,0.0051,0.0397,-0.0836,-0.0022,0.2397,0.51,0.56,0.21,0.689999997615814,no_change,2026-09-11T12:35:53,45.0,141.0
AAPL,2026-09-18,7,Call,310.0,AAPL260918C00310000,24.75,24.9,24.825,24.74,8.065,48.3658,761.0,20135.0,0.3283,0.9534,0.0063,0.0468,-0.0956,0.0564,24.8187,18.34,26.6,17.82,16.6750001907349,down,2026-09-11T12:39:55,40.0,30.0
AAPL,2026-09-18,7,Put,310.0,AAPL260918P00310000,0.29,0.3,0.295,0.3,-0.6,-66.6667,5698.0,13248.0,0.3277,-0.0466,0.0063,0.0467,-0.0957,-0.0026,0.2907,0.64,0.75,0.26,0.900000005960464,up,2026-09-11T12:40:29,90.0,156.0
AAPL,2026-09-18,7,Call,312.5,AAPL260918C00312500,22.2,22.8,22.5,23.35,8.875,61.3126,78.0,1388.0,0.3316,0.942,0.0079,0.0556,-0.1104,0.0561,22.3897,15.9,23.7,15.62,14.4749999046326,down,2026-09-11T11:31:01,70.0,139.0
AAPL,2026-09-18,7,Put,312.5,AAPL260918P00312500,0.35,0.37,0.36,0.36,-0.85,-70.2479,962.0,2363.0,0.3124,-0.0581,0.0079,0.0558,-0.1108,-0.0032,0.3609,0.85,0.97,0.32,1.21000003814697,no_change,2026-09-11T12:39:03,151.0,142.0
AAPL,2026-09-18,7,Call,315.0,AAPL260918C00315000,19.9,20.05,19.975,19.87,7.52,60.8907,822.0,12224.0,0.297,0.9266,0.0099,0.0667,-0.1289,0.0556,19.9877,13.95,21.56,13.13,12.3499999046326,no_change,2026-09-11T12:39:56,43.0,13.0
AAPL,2026-09-18,7,Put,315.0,AAPL260918P00315000,0.45,0.46,0.455,0.46,-1.165,-71.6923,4186.0,8003.0,0.299,-0.0735,0.0099,0.0667,-0.1294,-0.0042,0.4563,1.13,1.32,0.41,1.625,no_change,2026-09-11T12:36:35,93.0,111.0
AAPL,2026-09-18,7,Call,317.5,AAPL260918C00317500,17.4,17.75,17.575,18.1,7.675,73.6211,410.0,2218.0,0.2803,0.9055,0.0125,0.0803,-0.152,0.0547,17.6265,11.6,19.02,11.03,10.4250001907349,up,2026-09-11T12:15:54,158.0,109.0
AAPL,2026-09-18,7,Put,317.5,AAPL260918P00317500,0.58,0.6,0.59,0.57,-1.615,-73.913,1193.0,3269.0,0.2868,-0.0946,0.0125,0.0803,-0.1527,-0.0052,0.5932,1.5,1.65,0.52,2.18500006198883,down,2026-09-11T12:30:51,114.0,82.0
AAPL,2026-09-18,7,Call,320.0,AAPL260918C00320000,15.25,15.4,15.325,15.29,6.665,77.2754,3926.0,28166.0,0.2766,0.877,0.0156,0.0967,-0.1802,0.0533,15.3248,9.8,17.0,9.1,8.625,down,2026-09-11T12:40:58,38.0,60.0
AAPL,2026-09-18,7,Put,320.0,AAPL260918P00320000,0.77,0.8,0.785,0.8,-2.125,-72.6496,5087.0,8127.0,0.2758,-0.1238,0.0158,0.097,-0.1816,-0.0067,0.7932,2.09,2.14,0.7,2.92500007152557,no_change,2026-09-11T12:40:04,95.0,49.0
AAPL,2026-09-18,7,Call,322.5,AAPL260918C00322500,13.05,13.15,13.100000000000001,13.1,5.975,83.8596,677.0,3192.0,0.2672,0.839,0.0194,0.1157,-0.2128,0.0513,13.1074,8.0,14.55,7.35,7.125,down,2026-09-11T12:30:24,37.0,4.0
AAPL,2026-09-18,7,Put,322.5,AAPL260918P00322500,1.06,1.09,1.0750000000000002,1.1,-2.675,-70.8609,3403.0,1861.0,0.2678,-0.1621,0.0196,0.1161,-0.2146,-0.0085,1.0758,2.73,2.78,0.98,3.77499997615814,up,2026-09-11T12:36:41,33.0,44.0
AAPL,2026-09-18,7,Call,325.0,AAPL260918C00325000,10.95,11.1,11.024999999999999,10.99,5.34,94.5133,4569.0,23064.0,0.2623,0.7899,0.0235,0.136,-0.248,0.0486,11.0041,6.5,12.75,5.85,5.64999985694885,up,2026-09-11T12:39:47,53.0,55.0
AAPL,2026-09-18,7,Put,325.0,AAPL260918P00325000,1.47,1.5,1.4849999999999999,1.52,-3.38,-68.9796,10428.0,6871.0,0.2616,-0.2117,0.0237,0.1364,-0.2503,-0.0108,1.4737,3.7,4.25,1.31,4.89999985694885,up,2026-09-11T12:38:34,24.0,18.0
AAPL,2026-09-18,7,Call,327.5,AAPL260918C00327500,9.0,9.15,9.075,9.07,4.67,106.136,3112.0,4597.0,0.2568,0.7291,0.0276,0.1558,-0.2821,0.045,9.0477,5.05,10.7,4.68,4.39999985694885,up,2026-09-11T12:40:52,43.0,42.0
AAPL,2026-09-18,7,Put,327.5,AAPL260918P00327500,2.03,2.06,2.045,2.04,-4.135,-66.9636,2025.0,500.0,0.2567,-0.2731,0.0279,0.1561,-0.2849,-0.0137,2.0199,5.15,5.15,1.82,6.17499995231628,down,2026-09-11T12:41:01,11.0,29.0
AAPL,2026-09-18,7,Call,330.0,AAPL260918C00330000,7.25,7.35,7.3,7.3,3.925,116.296,16591.0,36643.0,0.2523,0.6573,0.0312,0.1724,-0.3104,0.0408,7.2703,3.9,8.85,3.5,3.375,up,2026-09-11T12:41:08,102.0,43.0
AAPL,2026-09-18,7,Put,330.0,AAPL260918P00330000,2.75,2.78,2.7649999999999997,2.77,-4.83,-63.5526,12687.0,7475.0,0.2517,-0.3457,0.0315,0.1727,-0.3137,-0.0167,2.7467,6.5,6.5,2.45,7.59999990463257,up,2026-09-11T12:40:56,32.0,23.0
AAPL,2026-09-18,7,Call,332.5,AAPL260918C00332500,5.65,5.75,5.7,5.75,3.21,126.378,4345.0,1734.0,0.2472,0.5768,0.0337,0.1834,-0.3279,0.0359,5.699,3.0,7.2,2.54,2.53999996185303,up,2026-09-11T12:40:45,102.0,38.0
AAPL,2026-09-18,7,Put,332.5,AAPL260918P00332500,3.65,3.75,3.7,3.75,-5.575,-59.7855,2335.0,152.0,0.2482,-0.4271,0.0341,0.1835,-0.3317,-0.0191,3.6815,7.0,7.0,3.25,9.32499980926514,down,2026-09-11T12:39:58,296.0,344.0
AAPL,2026-09-18,7,Call,335.0,AAPL260918C00335000,4.3,4.4,4.35,4.35,2.45,128.947,23008.0,21799.0,0.2446,0.4913,0.0347,0.1868,-0.3311,0.0306,4.3516,2.19,5.7,1.9,1.89999997615814,down,2026-09-11T12:40:41,92.0,207.0
AAPL,2026-09-18,7,Put,335.0,AAPL260918P00335000,4.75,4.9,4.825,4.95,-6.35,-56.1947,7582.0,2573.0,0.2436,-0.5137,0.0351,0.1863,-0.335,-0.0213,4.8444,10.09,10.09,4.3,11.3000001907349,up,2026-09-11T12:38:41,440.0,336.0
AAPL,2026-09-18,7,Call,337.5,AAPL260918C00337500,3.2,3.25,3.225,3.25,1.86,133.813,8233.0,2664.0,0.2424,0.4055,0.0339,0.1817,-0.3186,0.0253,3.234,1.56,4.4,1.48,1.38999998569489,no_change,2026-09-11T12:41:09,107.0,74.0
AAPL,2026-09-18,7,Put,337.5,AAPL260918P00337500,6.15,6.25,6.2,6.25,-6.9,-52.4715,1185.0,1219.0,0.2407,-0.6006,0.0344,0.1805,-0.3226,-0.0233,6.2396,7.8,8.15,5.57,13.1500000953674,down,2026-09-11T12:40:36,115.0,15.0
AAPL,2026-09-18,7,Call,340.0,AAPL260918C00340000,2.32,2.35,2.335,2.32,1.305,128.571,33530.0,31408.0,0.2416,0.3239,0.0316,0.1688,-0.2919,0.0202,2.3392,1.17,3.37,0.95,1.01499998569489,down,2026-09-11T12:40:56,59.0,10.0
AAPL,2026-09-18,7,Put,340.0,AAPL260918P00340000,7.8,7.9,7.85,7.87,-7.38,-48.3934,1287.0,2593.0,0.2413,-0.6834,0.032,0.1671,-0.296,-0.0245,7.8597,13.6,13.87,7.0,15.25,down,2026-09-11T12:40:34,9.0,41.0
AAPL,2026-09-18,7,Call,342.5,AAPL260918C00342500,1.63,1.65,1.64,1.65,0.92,126.027,2785.0,645.0,0.2409,0.2505,0.028,0.15,-0.255,0.0157,1.6486,0.87,2.51,0.7,0.730000019073486,no_change,2026-09-11T12:39:40,1.0,11.0
AAPL,2026-09-18,7,Put,342.5,AAPL260918P00342500,9.6,9.7,9.649999999999999,9.8,-7.675,-43.9199,993.0,0.0,0.239,-0.7578,0.0284,0.1473,-0.2589,-0.0245,9.6863,15.33,15.33,8.95,17.4750003814697,up,2026-09-11T11:55:52,25.0,1.0
AAPL,2026-09-18,7,Call,345.0,AAPL260918C00345000,1.12,1.15,1.135,1.15,0.62,116.981,13307.0,12462.0,0.2417,0.1879,0.0237,0.1277,-0.213,0.0117,1.1349,0.59,1.85,0.55,0.530000001192093,no_change,2026-09-11T12:41:09,56.0,35.0
AAPL,2026-09-18,7,Put,345.0,AAPL260918P00345000,11.6,11.7,11.649999999999999,12.05,-7.725,-39.0645,1636.0,1219.0,0.2382,-0.8213,0.024,0.1236,-0.2164,-0.0218,11.6923,12.0,12.58,10.85,19.7749996185303,up,2026-09-11T12:07:53,45.0,1.0
AAPL,2026-09-18,7,Call,347.5,AAPL260918C00347500,0.75,0.78,0.765,0.78,0.395,102.597,2141.0,258.0,0.2426,0.1371,0.0192,0.1045,-0.171,0.0086,0.7664,0.48,1.31,0.43,0.385000005364418,up,2026-09-11T12:34:12,56.0,30.0
AAPL,2026-09-18,7,Put,347.5,AAPL260918P00347500,13.75,13.9,13.825,13.0,-9.15,-41.3093,2.0,3.0,0.2406,-0.8725,0.0194,0.0986,-0.1732,-0.0202,13.8454,13.85,13.85,13.0,22.1499996185303,down,2026-09-11T11:25:28,25.0,30.0
AAPL,2026-09-18,7,Call,350.0,AAPL260918C00350000,0.51,0.53,0.52,0.53,0.255,92.7273,32013.0,46415.0,0.2457,0.0979,0.015,0.0828,-0.1327,0.0061,0.5107,0.27,0.94,0.25,0.275000005960464,no_change,2026-09-11T12:41:06,124.0,149.0
AAPL,2026-09-18,7,Put,350.0,AAPL260918P00350000,16.0,16.15,16.075,16.38,-8.07,-33.0061,3304.0,32.0,0.2394,-0.9119,0.015,0.0758,-0.1334,-0.015,16.1112,21.2,21.48,14.7,24.4499998092651,down,2026-09-11T12:08:43,26.0,17.0
AAPL,2026-09-18,7,Call,355.0,AAPL260918C00355000,0.23,0.24,0.235,0.22,0.07,46.6667,4539.0,8855.0,0.2525,0.0484,0.0085,0.0489,-0.0754,0.003,0.2264,0.18,0.45,0.16,0.149999998509884,down,2026-09-11T12:37:46,131.0,114.0
AAPL,2026-09-18,7,Put,355.0,AAPL260918P00355000,20.75,20.9,20.825,21.04,-8.635,-29.0986,82.0,0.0,0.2394,-0.9607,0.0081,0.0408,-0.0713,-0.0088,20.8644,23.3,23.3,19.6,29.6750001907349,up,2026-09-11T12:24:36,24.0,1.0
AAPL,2026-09-18,7,Call,360.0,AAPL260918C00360000,0.1,0.11,0.10500000000000001,0.1,0.02,25.0,5589.0,9851.0,0.2611,0.0241,0.0046,0.028,-0.0421,0.0015,0.1054,0.1,0.24,0.08,0.080000001937151,no_change,2026-09-11T12:40:22,301.0,293.0
AAPL,2026-09-18,7,Put,360.0,AAPL260918P00360000,25.65,25.8,25.725,25.85,-8.925,-25.665,111.0,3.0,0.2196,-0.9829,0.004,0.0207,-0.0351,-0.0058,25.7723,28.25,28.25,24.22,34.7749996185303,up,2026-09-11T12:29:20,57.0,12.0
AAPL,2026-09-18,7,Call,365.0,AAPL260918C00365000,0.05,0.06,0.055,0.06,0.015,33.3333,1234.0,3198.0,0.2757,0.0131,0.0026,0.0167,-0.0252,0.0008,0.0556,0.05,0.12,0.05,0.0449999999254942,down,2026-09-11T12:22:04,155.0,339.0
AAPL,2026-09-18,7,Put,365.0,AAPL260918P00365000,30.65,30.8,30.725,31.42,-7.555,-19.3842,3.0,3.0,0.2545,-0.992,0.002,0.0109,-0.0179,-0.0024,30.7398,31.42,31.42,31.42,38.9750003814697,down,2026-09-11T10:34:51,10.0,18.0
AAPL,2026-09-18,7,Call,370.0,AAPL260918C00370000,0.03,0.04,0.035,0.03,0.005,20.0,772.0,5079.0,0.2956,0.0081,0.0016,0.011,-0.017,0.0005,0.0345,0.04,0.08,0.03,0.0249999994412065,no_change,2026-09-11T12:40:13,135.0,330.0
AAPL,2026-09-18,7,Put,370.0,AAPL260918P00370000,35.65,35.8,35.724999999999994,35.4,-9.425,-21.0262,12.0,0.0,0.2884,-0.9956,0.0011,0.0065,-0.0104,-0.0021,35.7282,37.1,38.0,35.4,44.8249988555908,down,2026-09-11T10:44:35,10.0,20.0
AAPL,2026-09-18,7,Call,375.0,AAPL260918C00375000,0.02,0.03,0.025,0.02,0.0,2.23517e-06,176.0,4394.0,0.3179,0.0057,0.0011,0.0081,-0.0131,0.0003,0.0251,0.02,0.05,0.02,0.0199999995529652,down,2026-09-11T12:07:37,132.0,294.0
AAPL,2026-09-18,7,Put,375.0,AAPL260918P00375000,40.65,40.8,40.724999999999994,62.1,0.0,0.0,0.0,0.0,0.3214,-0.9972,0.0007,0.004,-0.0072,-0.0013,40.7237,0.0,0.0,0.0,49.7250003814697,down,2026-08-26T10:18:59,10.0,24.0
AAPL,2026-09-18,7,Call,380.0,AAPL260918C00380000,0.01,0.03,0.02,0.02,0.0,2.23517e-06,567.0,5887.0,0.3425,0.0044,0.0008,0.0064,-0.011,0.0003,0.0203,0.02,0.04,0.01,0.0199999995529652,down,2026-09-11T12:31:13,158.0,265.0
AAPL,2026-09-18,7,Put,380.0,AAPL260918P00380000,45.65,45.8,45.724999999999994,44.8,-9.825,-17.9863,3.0,0.0,0.3534,-0.9979,0.0005,0.0033,-0.0055,-0.0012,45.7215,44.8,44.8,44.8,54.625,down,2026-09-11T11:03:24,10.0,22.0
AAPL,2026-09-18,7,Call,385.0,AAPL260918C00385000,0.0,0.03,0.015,0.02,0.01,100.0,63.0,2703.0,0.3632,0.0036,0.0006,0.0053,-0.0098,0.0002,0.0176,0.02,0.02,0.02,0.00999999977648258,no_change,2026-09-11T11:23:32,0.0,282.0
AAPL,2026-09-18,7,Put,385.0,AAPL260918P00385000,49.5,52.3,50.9,0.0,0.0,0.0,0.0,0.0,0.5173,-0.9984,0.0004,0.0026,-0.0047,-0.0007,50.7205,0.0,0.0,0.0,59.6749992370606,no_change,,143.0,141.0
AAPL,2026-09-18,7,Call,390.0,AAPL260918C00390000,0.01,0.02,0.015,0.01,-0.005,-33.3333,15.0,6023.0,0.393,0.0031,0.0005,0.0046,-0.009,0.0002,0.0159,0.02,0.02,0.01,0.0149999996647239,no_change,2026-09-11T11:32:25,1.0,159.0
AAPL,2026-09-18,7,Put,390.0,AAPL260918P00390000,54.5,57.1,55.8,82.21,0.0,0.0,0.0,0.0,0.5052,-0.9986,0.0003,0.0021,-0.0042,-0.0007,55.7199,0.0,0.0,0.0,64.5500011444092,down,2026-08-21T10:15:01,146.0,138.0
AAPL,2026-09-18,7,Call,395.0,AAPL260918C00395000,0.01,0.03,0.02,0.02,0.005,33.3333,3.0,924.0,0.434,0.0027,0.0004,0.0041,-0.0085,0.0002,0.0148,0.02,0.02,0.02,0.0149999996647239,no_change,2026-09-11T11:42:58,10.0,294.0
AAPL,2026-09-18,7,Put,395.0,AAPL260918P00395000,59.5,61.95,60.725,93.51,0.0,0.0,0.0,0.0,0.4454,-0.9988,0.0003,0.0017,-0.0039,-0.0007,60.7195,0.0,0.0,0.0,69.8250007629394,up,2026-08-12T15:46:25,140.0,133.0
AAPL,2026-09-18,7,Call,400.0,AAPL260918C00400000,0.01,0.02,0.015,0.01,0.005,100.0,63.0,15483.0,0.4508,0.0025,0.0004,0.0037,-0.0081,0.0001,0.014,0.03,0.03,0.01,0.00499999988824129,no_change,2026-09-11T12:19:59,2.0,223.0
AAPL,2026-09-18,7,Put,400.0,AAPL260918P00400000,64.6,67.55,66.07499999999999,90.51,0.0,0.0,0.0,0.0,0.6928,-0.9989,0.0002,0.0016,-0.0037,-0.0007,65.7192,0.0,0.0,0.0,74.5750007629394,down,2026-08-05T15:32:10,146.0,141.0
AAPL,2026-09-18,7,Call,405.0,AAPL260918C00405000,0.0,0.03,0.015,0.01,-0.005,-33.3333,2.0,954.0,0.4788,0.0022,0.0003,0.0034,-0.0079,0.0001,0.0134,0.03,0.03,0.01,0.0149999996647239,down,2026-09-11T11:23:38,0.0,360.0
AAPL,2026-09-18,7,Put,405.0,AAPL260918P00405000,69.5,72.2,70.85,72.95,0.0,0.0,0.0,0.0,0.6416,-0.999,0.0002,0.0015,-0.0036,-0.0007,70.719,0.0,0.0,0.0,79.5750007629394,up,2026-07-16T13:06:56,154.0,124.0
AAPL,2026-09-18,7,Call,410.0,AAPL260918C00410000,0.0,0.02,0.01,0.01,0.0,0.0,0.0,910.0,0.4886,0.0021,0.0003,0.0032,-0.0076,0.0001,0.0129,0.0,0.0,0.0,0.00999999977648258,no_change,2026-09-10T15:13:59,0.0,20.0
AAPL,2026-09-18,7,Put,410.0,AAPL260918P00410000,74.5,77.4,75.95,77.51,0.0,0.0,0.0,0.0,0.7246,-0.9991,0.0002,0.0014,-0.0034,-0.0007,75.7189,0.0,0.0,0.0,84.5500030517578,up,2026-07-24T15:33:04,142.0,124.0
AAPL,2026-09-18,7,Call,415.0,AAPL260918C00415000,0.0,0.03,0.015,0.03,0.0,0.0,0.0,321.0,0.5335,0.0019,0.0002,0.0029,-0.0074,0.0001,0.0124,0.0,0.0,0.0,0.0149999996647239,no_change,2026-09-10T13:30:34,0.0,39.0
AAPL,2026-09-18,7,Put,415.0,AAPL260918P00415000,79.5,82.3,80.9,0.0,0.0,0.0,0.0,0.0,0.7369,-0.9992,0.0001,0.0014,-0.0033,-0.0007,80.7187,0.0,0.0,0.0,89.7999992370606,no_change,,139.0,134.0
AAPL,2026-09-18,7,Call,420.0,AAPL260918C00420000,0.0,0.03,0.015,0.01,-0.005,-33.3333,10.0,3491.0,0.5602,0.0018,0.0002,0.0028,-0.0073,0.0001,0.0121,0.01,0.01,0.01,0.0149999996647239,no_change,2026-09-11T10:24:14,0.0,94.0
AAPL,2026-09-18,7,Put,420.0,AAPL260918P00420000,83.9,87.2,85.55000000000001,147.75,0.0,0.0,0.0,0.0,0.0,-0.9992,0.0001,0.0013,-0.0032,-0.0007,85.7185,0.0,0.0,0.0,94.6500015258789,up,2025-11-21T14:47:51,141.0,135.0
AAPL,2026-09-18,7,Call,430.0,AAPL260918C00430000,0.0,0.02,0.01,0.01,0.0,0.0,0.0,344.0,0.5911,0.0016,0.0002,0.0024,-0.007,0.0001,0.0114,0.0,0.0,0.0,0.00999999977648258,no_change,2026-09-10T10:28:14,0.0,1.0
AAPL,2026-09-18,7,Put,430.0,AAPL260918P00430000,94.5,97.3,95.9,133.65,0.0,0.0,0.0,0.0,0.8371,-0.9993,0.0001,0.0012,-0.003,-0.0006,95.7183,0.0,0.0,0.0,104.650001525879,down,2026-06-24T13:18:48,154.0,133.0
AAPL,2026-09-18,7,Call,440.0,AAPL260918C00440000,0.0,0.02,0.01,0.01,0.0,0.0,0.0,363.0,0.64,0.0014,0.0001,0.0022,-0.0067,0.0001,0.0108,0.0,0.0,0.0,0.00999999977648258,no_change,2026-09-10T10:52:22,0.0,1.0
AAPL,2026-09-18,7,Put,440.0,AAPL260918P00440000,104.5,107.0,105.75,0.0,0.0,0.0,0.0,0.0,0.7624,-0.9994,0.0001,0.001,-0.0028,-0.0004,105.7181,0.0,0.0,0.0,114.775001525879,no_change,,141.0,132.0
AAPL,2026-09-18,7,Call,450.0,AAPL260918C00450000,0.0,0.01,0.005,0.01,0.005,100.0,10.0,2486.0,0.6518,0.0013,0.0001,0.002,-0.0064,0.0001,0.0103,0.01,0.01,0.01,0.00499999988824129,no_change,2026-09-11T10:10:56,0.0,100.0
AAPL,2026-09-18,7,Put,450.0,AAPL260918P00450000,114.5,117.05,115.775,0.0,0.0,0.0,0.0,0.0,0.8561,-0.9995,0.0001,0.0008,-0.0027,-0.0004,115.718,0.0,0.0,0.0,124.675003051758,no_change,,138.0,132.0
AAPL,2026-09-18,7,Call,460.0,AAPL260918C00460000,0.0,0.02,0.01,0.01,0.0,0.0,0.0,189.0,0.7338,0.0011,0.0001,0.0018,-0.0062,0.0001,0.0098,0.0,0.0,0.0,0.00999999977648258,no_change,2026-09-02T10:05:26,0.0,1.0
AAPL,2026-09-18,7,Put,460.0,AAPL260918P00460000,124.5,127.2,125.85,0.0,0.0,0.0,0.0,0.0,0.9872,-0.9995,0.0001,0.0007,-0.0026,-0.0004,125.7178,0.0,0.0,0.0,134.5,no_change,,141.0,135.0
AAPL,2026-09-18,7,Call,470.0,AAPL260918C00470000,0.0,0.01,0.005,0.1,0.0,0.0,0.0,78.0,0.7388,0.001,0.0001,0.0016,-0.006,0.0001,0.0093,0.0,0.0,0.0,0.00999999977648258,up,2026-07-31T11:20:04,0.0,1.0
AAPL,2026-09-18,7,Put,470.0,AAPL260918P00470000,134.5,137.1,135.8,0.0,0.0,0.0,0.0,0.0,0.9962,-0.9996,0.0,0.0006,-0.0024,-0.0004,135.7177,0.0,0.0,0.0,144.550003051758,no_change,,140.0,133.0
AAPL,2026-09-18,7,Call,480.0,AAPL260918C00480000,0.0,0.01,0.005,0.06,0.0,0.0,0.0,200.0,0.7805,0.001,0.0001,0.0015,-0.0058,0.0001,0.009,0.0,0.0,0.0,0.00999999977648258,up,2026-08-11T12:05:51,0.0,1.0
AAPL,2026-09-18,7,Put,480.0,AAPL260918P00480000,144.5,147.4,145.95,0.0,0.0,0.0,0.0,0.0,1.1683,-0.9996,0.0,0.0006,-0.0023,-0.0004,145.7175,0.0,0.0,0.0,154.599998474121,no_change,,132.0,123.0
AAPL,2026-09-18,7,Call,490.0,AAPL260918C00490000,0.0,0.01,0.005,0.01,0.0,0.0,0.0,951.0,0.8213,0.0009,0.0001,0.0014,-0.0055,0.0,0.0085,0.0,0.0,0.0,0.00499999988824129,no_change,2026-08-21T09:30:12,0.0,1.0
AAPL,2026-09-18,7,Put,490.0,AAPL260918P00490000,154.5,157.4,155.95,0.0,0.0,0.0,0.0,0.0,1.2242,-0.9996,0.0,0.0006,-0.0022,-0.0004,155.7174,0.0,0.0,0.0,164.75,no_change,,141.0,135.0
AAPL,2026-09-18,7,Call,500.0,AAPL260918C00500000,0.0,0.01,0.005,0.01,0.005,100.0,202.0,1060.0,0.861,0.0008,0.0001,0.0013,-0.0053,0.0,0.0081,0.03,0.03,0.01,0.00499999988824129,down,2026-09-11T11:06:03,0.0,25.0
AAPL,2026-09-18,7,Put,500.0,AAPL260918P00500000,164.5,167.35,165.925,194.27,0.0,0.0,0.0,0.0,1.2624,-0.9997,0.0,0.0005,-0.0021,-0.0004,165.7173,0.0,0.0,0.0,174.575004577637,up,2026-08-14T15:56:13,141.0,132.0
AAPL,2026-09-18,7,Call,510.0,AAPL260918C00510000,0.0,0.01,0.005,0.04,0.0,0.0,0.0,323.0,0.8997,0.0007,0.0001,0.0012,-0.0051,0.0,0.0077,0.0,0.0,0.0,0.00499999988824129,down,2026-08-25T12:24:48,0.0,1.0
AAPL,2026-09-18,7,Put,510.0,AAPL260918P00510000,174.5,177.35,175.925,0.0,0.0,0.0,0.0,0.0,1.3148,-0.9997,0.0,0.0005,-0.002,-0.0004,175.7171,0.0,0.0,0.0,184.650001525879,no_change,,145.0,139.0
AAPL,2026-09-18,7,Call,520.0,AAPL260918C00520000,0.0,0.01,0.005,0.01,0.0,0.0,0.0,599.0,0.9376,0.0007,0.0,0.0011,-0.0049,0.0,0.0074,0.0,0.0,0.0,0.00499999988824129,down,2026-08-11T12:30:19,0.0,1.0
AAPL,2026-09-18,7,Put,520.0,AAPL260918P00520000,184.5,187.15,185.825,0.0,0.0,0.0,0.0,0.0,1.2776,-0.9997,0.0,0.0005,-0.0018,-0.0004,185.717,0.0,0.0,0.0,194.675003051758,no_change,,143.0,148.0
AAPL,2026-09-18,7,Call,530.0,AAPL260918C00530000,0.0,0.01,0.005,0.01,0.005,100.0,4.0,9426.0,0.9744,0.0006,0.0,0.001,-0.0048,0.0,0.0071,0.01,0.01,0.01,0.00499999988824129,no_change,2026-09-11T10:14:31,0.0,215.0
AAPL,2026-09-18,7,Put,530.0,AAPL260918P00530000,194.5,197.1,195.8,0.0,0.0,0.0,0.0,0.0,1.2929,-0.9998,0.0,0.0004,-0.0017,-0.0004,195.7169,0.0,0.0,0.0,204.800003051758,no_change,,127.0,120.0
AAPL,2026-09-18,7,Call,540.0,AAPL260918C00540000,0.0,0.01,0.005,0.01,0.0,0.0,0.0,105.0,1.0104,0.0006,0.0,0.001,-0.0046,0.0,0.0068,0.0,0.0,0.0,0.00499999988824129,down,2026-08-24T15:44:20,0.0,1.0
AAPL,2026-09-18,7,Put,540.0,AAPL260918P00540000,204.5,207.2,205.85,0.0,0.0,0.0,0.0,0.0,1.3986,-0.9998,0.0,0.0004,-0.0016,-0.0003,205.7167,0.0,0.0,0.0,214.625,no_change,,126.0,120.0
AAPL,2026-09-18,7,Call,550.0,AAPL260918C00550000,0.0,0.01,0.005,0.03,0.0,0.0,0.0,3.0,1.0458,0.0006,0.0,0.0009,-0.0044,0.0,0.0065,0.0,0.0,0.0,0.00499999988824129,down,2026-07-17T13:55:16,0.0,1.0
AAPL,2026-09-18,7,Put,550.0,AAPL260918P00550000,214.5,216.8,215.65,0.0,0.0,0.0,0.0,0.0,0.0,-0.9998,0.0,0.0004,-0.0015,-0.0004,215.7166,0.0,0.0,0.0,224.625,no_change,,135.0,130.0
AAPL,2026-09-18,7,Call,560.0,AAPL260918C00560000,0.0,0.01,0.005,0.07,0.0,0.0,0.0,11.0,1.0804,0.0005,0.0,0.0009,-0.0042,0.0,0.0062,0.0,0.0,0.0,0.00499999988824129,down,2026-08-11T13:17:53,0.0,1.0
AAPL,2026-09-18,7,Put,560.0,AAPL260918P00560000,224.5,227.6,226.05,0.0,0.0,0.0,0.0,0.0,1.6411,-0.9998,0.0,0.0003,-0.0014,-0.0002,225.7165,0.0,0.0,0.0,234.550003051758,no_change,,125.0,117.0
AAPL,2026-09-18,7,Call,570.0,AAPL260918C00570000,0.0,0.01,0.005,0.51,0.0,0.0,0.0,4.0,1.1143,0.0005,0.0,0.0008,-0.0041,0.0,0.006,0.0,0.0,0.0,0.00499999988824129,up,2026-08-25T10:09:31,0.0,1.0
AAPL,2026-09-18,7,Put,570.0,AAPL260918P00570000,234.5,237.2,235.85,0.0,0.0,0.0,0.0,0.0,1.533,-0.9998,0.0,0.0003,-0.0014,-0.0002,235.7165,0.0,0.0,0.0,244.625,no_change,,128.0,127.0
AAPL,2026-09-18,7,Call,580.0,AAPL260918C00580000,0.0,0.01,0.005,0.01,0.0,0.0,0.0,2.0,1.1475,0.0005,0.0,0.0008,-0.0039,0.0,0.0057,0.0,0.0,0.0,0.00499999988824129,down,2026-08-26T11:43:07,0.0,1010.0
AAPL,2026-09-18,7,Put,580.0,AAPL260918P00580000,244.5,247.45,245.975,0.0,0.0,0.0,0.0,0.0,1.6857,-0.9998,0.0,0.0002,-0.0013,-0.0002,245.7164,0.0,0.0,0.0,254.675003051758,no_change,,132.0,125.0
AAPL,2026-09-18,7,Call,590.0,AAPL260918C00590000,0.0,0.01,0.005,0.01,0.0,0.0,0.0,3.0,1.1801,0.0004,0.0,0.0007,-0.0038,0.0,0.0055,0.0,0.0,0.0,0.00499999988824129,down,2026-08-19T13:59:24,0.0,1010.0
AAPL,2026-09-18,7,Put,590.0,AAPL260918P00590000,254.5,257.2,255.85,0.0,0.0,0.0,0.0,0.0,1.6178,-0.9998,0.0,0.0002,-0.0012,-0.0002,255.7163,0.0,0.0,0.0,264.899993896484,no_change,,131.0,122.0
AAPL,2026-09-18,7,Call,600.0,AAPL260918C00600000,0.0,0.01,0.005,0.01,0.0,0.0,0.0,4590.0,1.2121,0.0004,0.0,0.0007,-0.0036,0.0,0.0052,0.0,0.0,0.0,0.00499999988824129,no_change,2026-08-20T09:51:54,0.0,1010.0
AAPL,2026-09-18,7,Put,600.0,AAPL260918P00600000,264.5,267.45,265.975,0.0,0.0,0.0,0.0,0.0,1.773,-0.9998,0.0,0.0002,-0.0012,-0.0002,265.7162,0.0,0.0,0.0,274.774993896484,no_change,,124.0,116.0
AAPL,2026-09-21,10,Call,250.0,AAPL260921C00250000,82.5,86.15,84.325,0.0,0.0,0.0,0.0,0.0,0.0,0.9957,0.0003,0.007,-0.0193,0.0544,84.5558,0.0,0.0,0.0,76.0,no_change,,129.0,27.0
AAPL,2026-09-21,10,Put,250.0,AAPL260921P00250000,0.0,0.46,0.23,0.06,0.0,0.0,0.0,0.0,0.8198,-0.0042,0.0003,0.007,-0.0193,-0.0003,0.0483,0.0,0.0,0.0,0.0299999993294477,down,2026-09-08T10:03:22,0.0,98.0
AAPL,2026-09-21,10,Call,255.0,AAPL260921C00255000,78.5,80.6,79.55,0.0,0.0,0.0,0.0,0.0,0.6179,0.9951,0.0004,0.0079,-0.0207,0.0554,79.565,0.0,0.0,0.0,71.0499992370606,no_change,,132.0,22.0
AAPL,2026-09-21,10,Put,255.0,AAPL260921P00255000,0.0,0.08,0.04,0.09,0.04,80.0,1.0,7.0,0.622,-0.0048,0.0004,0.0079,-0.0207,-0.0003,0.0527,0.09,0.09,0.09,0.0500000016763806,up,2026-09-11T10:39:34,0.0,789.0
AAPL,2026-09-21,10,Call,260.0,AAPL260921C00260000,72.65,76.2,74.42500000000001,60.92,0.0,0.0,0.0,0.0,0.0,0.9944,0.0005,0.0089,-0.0222,0.0565,74.575,0.0,0.0,0.0,66.0749969482422,up,2026-09-10T10:49:06,147.0,30.0
AAPL,2026-09-21,10,Put,260.0,AAPL260921P00260000,0.0,0.17,0.085,0.03,-0.035,-53.8462,5.0,5.0,0.6333,-0.0055,0.0005,0.0089,-0.0222,-0.0004,0.0578,0.04,0.1,0.03,0.0649999985471368,no_change,2026-09-11T10:43:42,0.0,549.0
AAPL,2026-09-21,10,Call,265.0,AAPL260921C00265000,67.7,71.25,69.475,0.0,0.0,0.0,0.0,0.0,0.0,0.9936,0.0006,0.0102,-0.024,0.0575,69.5858,0.0,0.0,0.0,61.1000003814697,no_change,,130.0,21.0
AAPL,2026-09-21,10,Put,265.0,AAPL260921P00265000,0.0,0.09,0.045,0.11,0.0,0.0,0.0,10.0,0.5486,-0.0064,0.0006,0.0102,-0.024,-0.0005,0.0639,0.0,0.0,0.0,0.0599999995902181,down,2026-09-09T10:59:04,0.0,687.0
AAPL,2026-09-21,10,Call,270.0,AAPL260921C00270000,63.55,66.2,64.875,64.67,8.57,15.2763,2.0,0.0,0.67,0.9925,0.0007,0.0117,-0.026,0.0585,64.5979,64.67,64.67,64.67,56.1000003814697,up,2026-09-11T12:06:52,119.0,30.0
AAPL,2026-09-21,10,Put,270.0,AAPL260921P00270000,0.01,0.1,0.055,0.03,-0.05,-62.5,1.0,75.0,0.5204,-0.0074,0.0007,0.0117,-0.026,-0.0005,0.0711,0.03,0.03,0.03,0.0800000028684735,down,2026-09-11T12:19:15,379.0,744.0
AAPL,2026-09-21,10,Call,275.0,AAPL260921C00275000,58.55,61.2,59.875,0.0,0.0,0.0,0.0,0.0,0.6194,0.9912,0.0008,0.0136,-0.0284,0.0595,59.6117,0.0,0.0,0.0,51.1499996185303,no_change,,119.0,30.0
AAPL,2026-09-21,10,Put,275.0,AAPL260921P00275000,0.01,0.13,0.07,0.12,0.0,0.0,0.0,7.0,0.4943,-0.0088,0.0008,0.0135,-0.0284,-0.0006,0.0801,0.0,0.0,0.0,0.120000001043081,no_change,2026-09-10T10:05:48,342.0,617.0
AAPL,2026-09-21,10,Call,280.0,AAPL260921C00280000,53.25,56.25,54.75,40.55,0.0,0.0,0.0,1.0,0.5286,0.9894,0.0011,0.0159,-0.0313,0.0605,54.6279,0.0,0.0,0.0,45.6000003814697,up,2026-09-10T09:38:12,126.0,30.0
AAPL,2026-09-21,10,Put,280.0,AAPL260921P00280000,0.02,0.14,0.08,0.08,-0.07,-46.6667,1.0,8.0,0.4609,-0.0105,0.0011,0.0159,-0.0314,-0.0008,0.0915,0.08,0.08,0.08,0.149999994784594,down,2026-09-11T11:11:48,632.0,690.0
AAPL,2026-09-21,10,Call,282.5,AAPL260921C00282500,50.2,53.75,51.975,0.0,0.0,0.0,0.0,0.0,0.0,0.9884,0.0012,0.0173,-0.033,0.061,52.1371,0.0,0.0,0.0,43.6999988555908,no_change,,131.0,30.0
AAPL,2026-09-21,10,Put,282.5,AAPL260921P00282500,0.01,0.16,0.085,0.0,0.0,0.0,0.0,0.0,0.4439,-0.0116,0.0012,0.0173,-0.0331,-0.0008,0.0983,0.0,0.0,0.0,0.170000001788139,no_change,,513.0,514.0
AAPL,2026-09-21,10,Call,285.0,AAPL260921C00285000,47.65,51.25,49.45,32.0,0.0,0.0,0.0,1.0,0.0,0.9872,0.0014,0.0189,-0.0349,0.0614,49.6473,0.0,0.0,0.0,41.2249984741211,down,2026-09-09T09:55:14,130.0,15.0
AAPL,2026-09-21,10,Put,285.0,AAPL260921P00285000,0.05,0.18,0.11499999999999999,0.23,0.0,0.0,0.0,212.0,0.441,-0.0128,0.0014,0.0189,-0.035,-0.0009,0.1061,0.0,0.0,0.0,0.200000002980232,down,2026-09-10T09:39:56,305.0,602.0
AAPL,2026-09-21,10,Call,287.5,AAPL260921C00287500,45.85,48.8,47.325,0.0,0.0,0.0,0.0,0.0,0.4818,0.9857,0.0015,0.0208,-0.0371,0.0619,47.1587,0.0,0.0,0.0,38.75,no_change,,125.0,30.0
AAPL,2026-09-21,10,Put,287.5,AAPL260921P00287500,0.02,0.18,0.09999999999999999,0.0,0.0,0.0,0.0,0.0,0.412,-0.0142,0.0015,0.0208,-0.0371,-0.001,0.1151,0.0,0.0,0.0,0.214999999850988,no_change,,621.0,631.0
AAPL,2026-09-21,10,Call,290.0,AAPL260921C00290000,43.3,46.3,44.8,29.1,0.0,0.0,0.0,2.0,0.4507,0.9841,0.0018,0.0229,-0.0395,0.0623,44.6715,0.0,0.0,0.0,36.2750015258789,down,2026-09-08T12:39:30,125.0,30.0
AAPL,2026-09-21,10,Put,290.0,AAPL260921P00290000,0.1,0.2,0.15000000000000002,0.12,-0.1,-45.4545,4.0,40.0,0.4147,-0.0159,0.0018,0.0229,-0.0395,-0.0011,0.1255,0.12,0.12,0.1,0.219999998807907,up,2026-09-11T10:48:44,1.0,492.0
AAPL,2026-09-21,10,Call,292.5,AAPL260921C00292500,40.75,43.85,42.3,28.07,0.0,0.0,0.0,1.0,0.4271,0.9821,0.002,0.0253,-0.0422,0.0627,42.1861,0.0,0.0,0.0,33.8500003814697,no_change,2026-09-10T09:52:07,125.0,20.0
AAPL,2026-09-21,10,Put,292.5,AAPL260921P00292500,0.01,0.25,0.13,0.38,0.0,0.0,0.0,1.0,0.3849,-0.0179,0.002,0.0253,-0.0422,-0.0013,0.1377,0.0,0.0,0.0,0.255000002682209,up,2026-09-10T15:09:03,335.0,319.0
AAPL,2026-09-21,10,Call,295.0,AAPL260921C00295000,38.65,41.35,40.0,25.7,0.0,0.0,0.0,1.0,0.4495,0.9797,0.0023,0.0281,-0.0452,0.0631,39.7028,0.0,0.0,0.0,31.3500003814697,no_change,2026-09-10T09:52:07,118.0,30.0
AAPL,2026-09-21,10,Put,295.0,AAPL260921P00295000,0.11,0.2,0.155,0.14,-0.2,-58.8235,8.0,68.0,0.3736,-0.0202,0.0023,0.0281,-0.0453,-0.0014,0.152,0.19,0.19,0.14,0.340000003576279,down,2026-09-11T11:43:01,141.0,384.0
AAPL,2026-09-21,10,Call,297.5,AAPL260921C00297500,36.15,38.85,37.5,34.64,5.715,19.758,1.0,0.0,0.4244,0.9769,0.0027,0.0314,-0.0487,0.0634,37.2223,34.64,34.64,34.64,28.9249992370606,up,2026-09-11T10:08:53,138.0,76.0
AAPL,2026-09-21,10,Put,297.5,AAPL260921P00297500,0.15,0.18,0.16499999999999998,0.19,-0.215,-53.0864,13.0,4.0,0.3555,-0.0231,0.0027,0.0315,-0.0488,-0.0016,0.1691,0.2,0.2,0.19,0.405000001192093,down,2026-09-11T10:38:50,1.0,292.0
AAPL,2026-09-21,10,Call,300.0,AAPL260921C00300000,33.7,34.85,34.275000000000006,35.0,8.225,30.719,4.0,122.0,0.0,0.9734,0.0032,0.0354,-0.0528,0.0637,34.7455,33.8,35.45,32.64,26.7749996185303,down,2026-09-11T10:56:36,356.0,138.0
AAPL,2026-09-21,10,Put,300.0,AAPL260921P00300000,0.13,0.2,0.165,0.19,-0.27,-58.6957,70.0,367.0,0.3339,-0.0266,0.0032,0.0354,-0.0529,-0.0019,0.19,0.3,0.32,0.18,0.46000000834465,no_change,2026-09-11T12:30:32,649.0,242.0
AAPL,2026-09-21,10,Call,302.5,AAPL260921C00302500,31.25,33.9,32.575,33.4,9.3,38.5892,84.0,0.0,0.3867,0.9691,0.0038,0.0401,-0.0577,0.0639,32.2739,33.97,34.08,33.39,24.1000003814697,no_change,2026-09-11T11:33:07,154.0,39.0
AAPL,2026-09-21,10,Put,302.5,AAPL260921P00302500,0.14,0.27,0.20500000000000002,0.25,-0.335,-57.265,1.0,1.0,0.3238,-0.0309,0.0038,0.0401,-0.0578,-0.0022,0.216,0.25,0.25,0.25,0.58500000834465,down,2026-09-11T09:42:01,550.0,494.0
AAPL,2026-09-21,10,Call,305.0,AAPL260921C00305000,28.75,31.45,30.1,30.04,8.565,39.8836,68.0,8.0,0.3649,0.9636,0.0046,0.0459,-0.0636,0.0641,29.8098,31.0,31.0,29.99,21.4749994277954,down,2026-09-11T11:49:07,142.0,41.0
AAPL,2026-09-21,10,Put,305.0,AAPL260921P00305000,0.22,0.31,0.265,0.26,-0.45,-63.3803,11.0,223.0,0.3158,-0.0364,0.0046,0.046,-0.0638,-0.0026,0.2495,0.5,0.5,0.21,0.709999978542328,no_change,2026-09-11T12:07:11,186.0,632.0
AAPL,2026-09-21,10,Call,307.5,AAPL260921C00307500,26.4,28.75,27.575,28.53,9.28,48.2078,84.0,1.0,0.3354,0.9564,0.0055,0.053,-0.0711,0.0641,27.3567,29.02,29.12,28.52,19.25,no_change,2026-09-11T11:33:07,136.0,22.0
AAPL,2026-09-21,10,Put,307.5,AAPL260921P00307500,0.27,0.32,0.29500000000000004,0.29,-0.595,-67.2316,53.0,56.0,0.2988,-0.0436,0.0055,0.0531,-0.0712,-0.0031,0.2942,0.39,0.39,0.29,0.884999990463257,down,2026-09-11T12:34:01,190.0,365.0
AAPL,2026-09-21,10,Call,310.0,AAPL260921C00310000,24.05,25.6,24.825000000000003,25.19,8.165,47.9589,72.0,60.0,0.2686,0.9468,0.0067,0.0622,-0.0805,0.0639,24.9201,23.5,26.08,23.5,17.0249996185303,down,2026-09-11T11:49:07,185.0,68.0
AAPL,2026-09-21,10,Put,310.0,AAPL260921P00310000,0.33,0.39,0.36,0.37,-0.765,-67.4009,69.0,545.0,0.2868,-0.0532,0.0068,0.0623,-0.0807,-0.0038,0.3553,0.74,0.74,0.35,1.13499999046326,down,2026-09-11T12:12:55,520.0,336.0
AAPL,2026-09-21,10,Call,312.5,AAPL260921C00312500,21.45,24.2,22.825,0.0,0.0,0.0,0.0,0.0,0.3135,0.9339,0.0083,0.0735,-0.0927,0.0635,22.5084,0.0,0.0,0.0,14.4500002861023,no_change,,131.0,39.0
AAPL,2026-09-21,10,Put,312.5,AAPL260921P00312500,0.4,0.49,0.445,0.42,-1.07,-71.8121,50.0,41.0,0.2751,-0.0662,0.0084,0.0736,-0.0929,-0.0047,0.4414,0.55,0.61,0.42,1.49000000953674,down,2026-09-11T11:36:51,493.0,310.0
AAPL,2026-09-21,10,Call,315.0,AAPL260921C00315000,19.4,20.6,20.0,19.96,7.335,58.099,315.0,519.0,0.2479,0.9164,0.0104,0.0877,-0.1081,0.0628,20.1329,16.25,20.95,16.25,12.625,up,2026-09-11T12:25:06,388.0,234.0
AAPL,2026-09-21,10,Put,315.0,AAPL260921P00315000,0.53,0.62,0.575,0.56,-1.405,-71.5013,276.0,671.0,0.2659,-0.0838,0.0104,0.0879,-0.1084,-0.0059,0.5639,1.48,1.61,0.54,1.96499997377396,down,2026-09-11T12:10:13,657.0,342.0
AAPL,2026-09-21,10,Call,317.5,AAPL260921C00317500,17.0,18.25,17.625,17.85,6.95,63.7615,35.0,28.0,0.237,0.8927,0.0129,0.1051,-0.127,0.0615,17.809,13.1,17.85,13.1,10.9000000953674,up,2026-09-11T10:39:08,442.0,133.0
AAPL,2026-09-21,10,Put,317.5,AAPL260921P00317500,0.7,0.83,0.7649999999999999,0.71,-1.865,-72.4272,163.0,21.0,0.2587,-0.1075,0.0129,0.1054,-0.1274,-0.0075,0.7381,2.0,2.0,0.71,2.57500004768372,down,2026-09-11T12:21:25,152.0,164.0
AAPL,2026-09-21,10,Call,320.0,AAPL260921C00320000,14.95,16.0,15.475,15.68,6.63,73.2597,3686.0,6146.0,0.2423,0.8616,0.0158,0.1252,-0.1493,0.0598,15.5563,10.51,17.2,10.51,9.0499997138977,up,2026-09-11T12:26:56,517.0,311.0
AAPL,2026-09-21,10,Put,320.0,AAPL260921P00320000,0.97,1.08,1.025,1.0,-2.3,-69.697,96.0,340.0,0.2524,-0.1387,0.0159,0.1254,-0.1498,-0.0097,0.9831,2.78,2.78,0.9,3.30000007152557,up,2026-09-11T12:22:24,46.0,207.0
AAPL,2026-09-21,10,Call,322.5,AAPL260921C00322500,13.15,13.65,13.4,12.8,5.275,70.0997,33.0,160.0,0.2434,0.8216,0.0191,0.1473,-0.1741,0.0573,13.3977,8.6,14.56,8.6,7.52499985694885,down,2026-09-11T12:39:28,101.0,37.0
AAPL,2026-09-21,10,Put,322.5,AAPL260921P00322500,1.21,1.49,1.35,1.44,-2.735,-65.509,194.0,33.0,0.2451,-0.1789,0.0192,0.1474,-0.1747,-0.0124,1.3231,3.08,3.08,1.2,4.17499995231628,no_change,2026-09-11T11:58:25,416.0,261.0
AAPL,2026-09-21,10,Call,325.0,AAPL260921C00325000,11.1,11.55,11.325,11.25,5.125,83.6735,786.0,2294.0,0.2366,0.7721,0.0226,0.1698,-0.1994,0.0541,11.3586,7.21,12.57,6.7,6.125,down,2026-09-11T12:28:03,218.0,32.0
AAPL,2026-09-21,10,Put,325.0,AAPL260921P00325000,1.73,1.92,1.825,1.84,-3.435,-65.1185,223.0,214.0,0.2411,-0.2286,0.0227,0.17,-0.2003,-0.0156,1.7831,3.97,4.4,1.62,5.27499985694885,up,2026-09-11T12:30:02,182.0,176.0
AAPL,2026-09-21,10,Call,327.5,AAPL260921C00327500,8.85,9.75,9.3,9.38,4.455,90.4568,135.0,184.0,0.2261,0.7132,0.0259,0.1908,-0.2228,0.0502,9.4649,5.62,10.54,5.62,4.92500019073486,down,2026-09-11T12:33:39,326.0,172.0
AAPL,2026-09-21,10,Put,327.5,AAPL260921P00327500,2.36,2.53,2.445,2.47,-4.08,-62.2901,84.0,10.0,0.2378,-0.2879,0.026,0.191,-0.2241,-0.0194,2.3892,4.85,4.85,2.14,6.54999995231628,up,2026-09-11T12:23:05,122.0,187.0
AAPL,2026-09-21,10,Call,330.0,AAPL260921C00330000,7.7,7.9,7.800000000000001,7.73,3.88,100.779,498.0,5541.0,0.2348,0.6458,0.0286,0.2079,-0.2416,0.0456,7.7408,4.49,9.3,4.4,3.85000002384186,down,2026-09-11T12:29:11,9.0,79.0
AAPL,2026-09-21,10,Put,330.0,AAPL260921P00330000,3.1,3.35,3.225,3.2,-4.775,-59.8746,534.0,13.0,0.2348,-0.3557,0.0288,0.208,-0.2433,-0.0235,3.1659,4.6,4.9,2.85,7.97499990463257,no_change,2026-09-11T12:28:07,182.0,236.0
AAPL,2026-09-21,10,Call,332.5,AAPL260921C00332500,5.9,6.35,6.125,6.09,3.09,103.0,338.0,349.0,0.226,0.5721,0.0305,0.219,-0.2531,0.0406,6.2059,3.35,7.4,3.35,3.0,down,2026-09-11T12:38:44,612.0,190.0
AAPL,2026-09-21,10,Put,332.5,AAPL260921P00332500,4.05,4.35,4.199999999999999,4.1,-5.4,-56.8421,162.0,1.0,0.2327,-0.4301,0.0308,0.219,-0.2554,-0.0273,4.1333,5.35,5.77,3.9,9.5,down,2026-09-11T12:36:20,219.0,485.0
AAPL,2026-09-21,10,Call,335.0,AAPL260921C00335000,4.7,4.95,4.825,4.8,2.46,105.128,778.0,361.0,0.2258,0.4949,0.0312,0.2225,-0.2556,0.0352,4.8729,2.74,6.1,2.66,2.3400000333786,up,2026-09-11T12:38:23,392.0,160.0
AAPL,2026-09-21,10,Put,335.0,AAPL260921P00335000,5.25,5.55,5.4,5.45,-5.925,-52.0879,262.0,1.0,0.2322,-0.5082,0.0316,0.2221,-0.2586,-0.0312,5.305,7.1,7.15,4.75,11.375,up,2026-09-11T12:23:52,15.0,175.0
AAPL,2026-09-21,10,Call,337.5,AAPL260921C00337500,3.5,3.8,3.65,3.75,1.96,109.497,275.0,63.0,0.2223,0.4175,0.0307,0.2179,-0.2484,0.0297,3.7462,1.93,4.9,1.93,1.78999996185303,up,2026-09-11T12:33:58,734.0,59.0
AAPL,2026-09-21,10,Put,337.5,AAPL260921P00337500,6.45,6.95,6.7,6.56,-6.89,-51.2268,63.0,0.0,0.2274,-0.5866,0.0312,0.2169,-0.2522,-0.0345,6.6852,8.75,8.75,6.17,13.4500002861023,up,2026-09-11T12:16:56,230.0,549.0
AAPL,2026-09-21,10,Call,340.0,AAPL260921C00340000,2.75,2.9,2.825,2.7,1.38,104.545,3770.0,5882.0,0.2263,0.3434,0.029,0.2057,-0.2325,0.0244,2.8203,1.45,3.9,1.26,1.31999999284744,down,2026-09-11T12:36:41,6.0,259.0
AAPL,2026-09-21,10,Put,340.0,AAPL260921P00340000,7.75,8.4,8.075,8.65,-6.625,-43.3715,40.0,4.0,0.2165,-0.6621,0.0296,0.2039,-0.237,-0.0367,8.2692,9.0,9.7,7.55,15.2750000953674,up,2026-09-11T12:28:39,703.0,114.0
AAPL,2026-09-21,10,Call,342.5,AAPL260921C00342500,1.94,2.14,2.04,2.06,1.08,110.204,171.0,11.0,0.2237,0.2754,0.0264,0.1873,-0.2096,0.0196,2.0815,1.15,2.92,1.15,0.979999989271164,down,2026-09-11T12:35:49,372.0,432.0
AAPL,2026-09-21,10,Put,342.5,AAPL260921P00342500,9.4,10.35,9.875,10.65,-7.275,-40.5858,7.0,2.0,0.2166,-0.7316,0.027,0.1843,-0.2148,-0.037,10.0435,12.5,12.5,8.45,17.9250001907349,up,2026-09-11T12:40:16,429.0,250.0
AAPL,2026-09-21,10,Call,345.0,AAPL260921C00345000,1.45,1.56,1.505,1.55,0.825,113.793,1891.0,39.0,0.2261,0.2156,0.0231,0.1649,-0.1825,0.0154,1.5087,1.65,2.22,1.06,0.724999994039536,up,2026-09-11T12:37:56,305.0,537.0
AAPL,2026-09-21,10,Put,345.0,AAPL260921P00345000,11.25,12.4,11.825,12.2,-7.775,-38.9237,15.0,0.0,0.2158,-0.793,0.0238,0.1603,-0.1882,-0.0362,11.9875,12.2,12.2,12.2,19.9750003814697,down,2026-09-11T11:56:07,326.0,193.0
AAPL,2026-09-21,10,Call,347.5,AAPL260921C00347500,0.99,1.1,1.045,1.05,0.5,90.9091,120.0,10.0,0.2249,0.1652,0.0195,0.1406,-0.1539,0.0118,1.077,0.6,1.59,0.6,0.550000011920929,no_change,2026-09-11T12:23:32,466.0,1.0
AAPL,2026-09-21,10,Put,347.5,AAPL260921P00347500,13.25,14.85,14.05,13.0,-9.675,-42.6681,2.0,0.0,0.2252,-0.8449,0.0202,0.1342,-0.1597,-0.0337,14.0761,13.4,13.4,13.0,22.6750001907349,down,2026-09-11T11:23:39,342.0,285.0
AAPL,2026-09-21,10,Call,350.0,AAPL260921C00350000,0.7,0.83,0.7649999999999999,0.71,0.31,77.5,456.0,88.0,0.2291,0.1243,0.016,0.1168,-0.1263,0.0088,0.7602,0.5,1.2,0.48,0.400000005960464,down,2026-09-11T12:32:04,754.0,873.0
AAPL,2026-09-21,10,Put,350.0,AAPL260921P00350000,15.2,17.2,16.2,0.0,0.0,0.0,0.0,0.0,0.2206,-0.8871,0.0165,0.1081,-0.1314,-0.0296,16.2825,0.0,0.0,0.0,25.0500001907349,no_change,,352.0,122.0
AAPL,2026-09-21,10,Call,355.0,AAPL260921C00355000,0.36,0.4,0.38,0.38,0.155,68.8889,197.0,55.0,0.2345,0.0679,0.01,0.0756,-0.0803,0.0048,0.3737,0.34,0.67,0.34,0.225000001490116,no_change,2026-09-11T12:35:48,19.0,93.0
AAPL,2026-09-21,10,Put,355.0,AAPL260921P00355000,20.1,22.4,21.25,0.0,0.0,0.0,0.0,0.0,0.2739,-0.9445,0.0101,0.0631,-0.0813,-0.0188,20.9463,0.0,0.0,0.0,29.5749998092651,no_change,,142.0,48.0
AAPL,2026-09-21,10,Call,360.0,AAPL260921C00360000,0.16,0.27,0.21500000000000002,0.17,0.045,36.0,44.0,12.0,0.2472,0.0369,0.006,0.0472,-0.0496,0.0026,0.1891,0.16,0.33,0.13,0.12500000372529,down,2026-09-11T12:33:01,87.0,583.0
AAPL,2026-09-21,10,Put,360.0,AAPL260921P00360000,24.55,27.75,26.15,0.0,0.0,0.0,0.0,0.0,0.3068,-0.9744,0.0055,0.0347,-0.0452,-0.0115,25.8056,0.0,0.0,0.0,34.7999992370606,no_change,,126.0,42.0
AAPL,2026-09-21,10,Call,365.0,AAPL260921C00365000,0.05,0.11,0.08,0.11,0.045,69.2308,86.0,62.0,0.2435,0.021,0.0036,0.0298,-0.0315,0.0015,0.1036,0.05,0.21,0.05,0.0649999994784594,up,2026-09-11T12:39:57,638.0,424.0
AAPL,2026-09-21,10,Put,365.0,AAPL260921P00365000,29.5,32.6,31.05,0.0,0.0,0.0,0.0,0.0,0.3337,-0.9881,0.0029,0.0179,-0.0239,-0.0056,30.7526,0.0,0.0,0.0,39.6750011444092,no_change,,129.0,36.0
AAPL,2026-09-21,10,Call,370.0,AAPL260921C00370000,0.02,0.14,0.08,0.08,0.03,60.0,12.0,5.0,0.2756,0.0129,0.0022,0.0198,-0.0214,0.0009,0.063,0.07,0.08,0.06,0.0500000016763806,up,2026-09-11T10:56:27,319.0,619.0
AAPL,2026-09-21,10,Put,370.0,AAPL260921P00370000,34.5,37.7,36.1,0.0,0.0,0.0,0.0,0.0,0.382,-0.994,0.0016,0.0098,-0.0129,-0.003,35.7323,0.0,0.0,0.0,44.7000007629394,no_change,,126.0,39.0
AAPL,2026-09-21,10,Call,375.0,AAPL260921C00375000,0.0,0.14,0.07,0.08,-0.015,-15.7895,1.0,0.0,0.3015,0.0086,0.0015,0.0138,-0.0155,0.0006,0.042,0.08,0.08,0.08,0.0949999988079071,down,2026-09-11T09:36:25,0.0,530.0
AAPL,2026-09-21,10,Put,375.0,AAPL260921P00375000,39.5,42.7,41.1,0.0,0.0,0.0,0.0,0.0,0.421,-0.9968,0.0009,0.0058,-0.0074,-0.0024,40.724,0.0,0.0,0.0,49.7250003814697,no_change,,131.0,49.0
AAPL,2026-09-21,10,Call,380.0,AAPL260921C00380000,0.0,0.11,0.055,0.0,0.0,0.0,0.0,0.0,0.3217,0.006,0.001,0.0102,-0.0118,0.0004,0.03,0.0,0.0,0.0,0.165000006556511,no_change,,0.0,655.0
AAPL,2026-09-21,10,Put,380.0,AAPL260921P00380000,44.5,47.7,46.1,0.0,0.0,0.0,0.0,0.0,0.4589,-0.9981,0.0005,0.0032,-0.0045,-0.0013,45.7202,0.0,0.0,0.0,54.7749996185303,no_change,,125.0,30.0
AAPL,2026-09-21,10,Call,385.0,AAPL260921C00385000,0.0,0.29,0.145,0.0,0.0,0.0,0.0,0.0,0.3978,0.0044,0.0007,0.0077,-0.0093,0.0003,0.0224,0.0,0.0,0.0,0.200000002980232,no_change,,0.0,310.0
AAPL,2026-09-21,10,Put,385.0,AAPL260921P00385000,49.5,52.7,51.1,0.0,0.0,0.0,0.0,0.0,0.4956,-0.9988,0.0003,0.0024,-0.0028,-0.0006,50.7181,0.0,0.0,0.0,59.7000007629394,no_change,,132.0,49.0
AAPL,2026-09-21,10,Call,390.0,AAPL260921C00390000,0.0,0.43,0.215,0.0,0.0,0.0,0.0,0.0,0.4542,0.0033,0.0005,0.006,-0.0075,0.0002,0.0174,0.0,0.0,0.0,0.234999999403954,no_change,,0.0,251.0
AAPL,2026-09-21,10,Put,390.0,AAPL260921P00390000,54.5,57.7,56.1,0.0,0.0,0.0,0.0,0.0,0.5313,-0.9992,0.0002,0.0014,-0.0019,-0.0006,55.7171,0.0,0.0,0.0,64.6749992370606,no_change,,131.0,48.0
AAPL,2026-09-21,10,Call,395.0,AAPL260921C00395000,0.0,0.49,0.245,0.02,-0.205,-91.1111,1.0,1.0,0.4953,0.0026,0.0004,0.0048,-0.0062,0.0002,0.0139,0.02,0.02,0.02,0.224999994039536,up,2026-09-11T10:47:51,0.0,329.0
AAPL,2026-09-21,10,Put,395.0,AAPL260921P00395000,59.5,62.7,61.1,0.0,0.0,0.0,0.0,0.0,0.5662,-0.9995,0.0001,0.001,-0.0013,-0.0005,60.7164,0.0,0.0,0.0,69.7000007629394,no_change,,130.0,48.0
AAPL,2026-09-23,12,Call,250.0,AAPL260923C00250000,83.5,86.25,84.875,0.0,0.0,0.0,0.0,0.0,0.7779,0.9963,0.0003,0.0067,-0.0139,0.068,84.6196,0.0,0.0,0.0,76.0499992370606,no_change,,140.0,21.0
AAPL,2026-09-23,12,Put,250.0,AAPL260923P00250000,0.0,0.41,0.205,0.06,0.0,0.0,0.0,2.0,0.738,-0.0036,0.0003,0.0067,-0.0139,-0.0003,0.0395,0.0,0.0,0.0,0.0500000007450581,down,2026-09-09T11:06:48,0.0,117.0
AAPL,2026-09-23,12,Call,255.0,AAPL260923C00255000,78.2,81.25,79.725,0.0,0.0,0.0,0.0,0.0,0.6579,0.9957,0.0004,0.0077,-0.0154,0.0694,79.631,0.0,0.0,0.0,71.0999984741211,no_change,,129.0,21.0
AAPL,2026-09-23,12,Put,255.0,AAPL260923P00255000,0.0,0.23,0.115,0.05,0.0,0.0,0.0,4.0,0.6422,-0.0042,0.0004,0.0077,-0.0154,-0.0004,0.0449,0.0,0.0,0.0,0.0399999991059303,down,2026-09-10T11:19:51,0.0,861.0
AAPL,2026-09-23,12,Call,260.0,AAPL260923C00260000,72.65,76.3,74.475,0.0,0.0,0.0,0.0,0.0,0.0,0.9949,0.0004,0.009,-0.0172,0.0706,74.6437,0.0,0.0,0.0,66.125,no_change,,136.0,30.0
AAPL,2026-09-23,12,Put,260.0,AAPL260923P00260000,0.0,0.18,0.09,0.09,0.0,0.0,0.0,8.0,0.5831,-0.005,0.0004,0.0091,-0.0172,-0.0004,0.0515,0.0,0.0,0.0,0.0750000001862645,down,2026-09-09T14:20:48,0.0,331.0
AAPL,2026-09-23,12,Call,265.0,AAPL260923C00265000,67.65,71.3,69.475,54.03,0.0,0.0,0.0,6.0,0.0,0.9939,0.0005,0.0107,-0.0193,0.0719,69.658,0.0,0.0,0.0,61.1499996185303,up,2026-09-10T09:42:10,144.0,21.0
AAPL,2026-09-23,12,Put,265.0,AAPL260923P00265000,0.0,0.12,0.06,0.21,0.0,0.0,0.0,3.0,0.518,-0.006,0.0005,0.0107,-0.0193,-0.0005,0.0597,0.0,0.0,0.0,0.0900000026449561,no_change,2026-09-08T11:50:18,0.0,322.0
AAPL,2026-09-23,12,Call,270.0,AAPL260923C00270000,63.25,66.3,64.775,48.98,0.0,0.0,0.0,12.0,0.5497,0.9926,0.0007,0.0127,-0.0219,0.0732,64.6744,0.0,0.0,0.0,56.1749992370606,up,2026-09-10T09:42:10,127.0,20.0
AAPL,2026-09-23,12,Put,270.0,AAPL260923P00270000,0.01,0.13,0.07,0.23,0.0,0.0,0.0,21.0,0.4895,-0.0073,0.0007,0.0127,-0.0219,-0.0006,0.0701,0.0,0.0,0.0,0.0800000028684735,up,2026-09-09T13:28:26,164.0,282.0
AAPL,2026-09-23,12,Call,275.0,AAPL260923C00275000,57.7,61.35,59.525000000000006,0.0,0.0,0.0,0.0,0.0,0.0,0.9909,0.0009,0.0153,-0.0251,0.0744,59.6939,0.0,0.0,0.0,51.2249984741211,no_change,,133.0,21.0
AAPL,2026-09-23,12,Put,275.0,AAPL260923P00275000,0.01,0.15,0.08,0.16,0.0,0.0,0.0,12.0,0.4594,-0.009,0.0009,0.0153,-0.0251,-0.0008,0.0835,0.0,0.0,0.0,0.154999999329448,down,2026-09-10T09:41:12,614.0,602.0
AAPL,2026-09-23,12,Call,280.0,AAPL260923C00280000,52.7,56.35,54.525000000000006,40.0,0.0,0.0,0.0,7.0,0.0,0.9886,0.0011,0.0186,-0.029,0.0755,54.7174,0.0,0.0,0.0,46.2750015258789,up,2026-09-10T10:23:42,127.0,30.0
AAPL,2026-09-23,12,Put,280.0,AAPL260923P00280000,0.01,0.19,0.1,0.11,-0.055,-33.3333,1.0,22.0,0.4342,-0.0113,0.0011,0.0186,-0.029,-0.001,0.101,0.11,0.11,0.11,0.16499999910593,down,2026-09-11T11:11:21,668.0,723.0
AAPL,2026-09-23,12,Call,282.5,AAPL260923C00282500,50.3,53.9,52.099999999999994,0.0,0.0,0.0,0.0,0.0,0.0,0.9872,0.0013,0.0206,-0.0313,0.0761,52.2311,0.0,0.0,0.0,43.8000011444092,no_change,,145.0,30.0
AAPL,2026-09-23,12,Put,282.5,AAPL260923P00282500,0.01,0.21,0.11,0.21,0.0,0.0,0.0,3.0,0.4205,-0.0127,0.0013,0.0207,-0.0313,-0.0011,0.1117,0.0,0.0,0.0,0.21000000834465,no_change,2026-09-10T10:35:14,473.0,526.0
AAPL,2026-09-23,12,Call,285.0,AAPL260923C00285000,48.2,51.4,49.8,28.42,0.0,0.0,0.0,1.0,0.4299,0.9856,0.0015,0.023,-0.0338,0.0766,49.7465,0.0,0.0,0.0,41.3250007629394,down,2026-09-09T13:27:11,125.0,30.0
AAPL,2026-09-23,12,Put,285.0,AAPL260923P00285000,0.04,0.24,0.13999999999999999,0.11,-0.12,-52.1739,1.0,26.0,0.4151,-0.0144,0.0015,0.023,-0.0339,-0.0013,0.1241,0.11,0.11,0.11,0.229999996721745,down,2026-09-11T09:54:04,770.0,842.0
AAPL,2026-09-23,12,Call,287.5,AAPL260923C00287500,45.95,48.9,47.425,0.0,0.0,0.0,0.0,0.0,0.4458,0.9836,0.0017,0.0256,-0.0367,0.0771,47.2639,0.0,0.0,0.0,38.8500003814697,no_change,,125.0,21.0
AAPL,2026-09-23,12,Put,287.5,AAPL260923P00287500,0.02,0.26,0.14,0.29,0.0,0.0,0.0,11.0,0.3954,-0.0163,0.0017,0.0256,-0.0367,-0.0014,0.1385,0.0,0.0,0.0,0.270000003278255,down,2026-09-10T15:17:42,358.0,502.0
AAPL,2026-09-23,12,Call,290.0,AAPL260923C00290000,42.9,46.45,44.675,27.15,0.0,0.0,0.0,1.0,0.325,0.9813,0.0019,0.0286,-0.0399,0.0776,44.7836,0.0,0.0,0.0,36.5750007629394,up,2026-09-08T14:36:25,126.0,21.0
AAPL,2026-09-23,12,Put,290.0,AAPL260923P00290000,0.07,0.29,0.18,0.14,-0.145,-50.8772,8.0,75.0,0.3904,-0.0186,0.0019,0.0286,-0.0399,-0.0016,0.1552,0.19,0.19,0.14,0.284999996423721,no_change,2026-09-11T10:53:29,583.0,827.0
AAPL,2026-09-23,12,Call,292.5,AAPL260923C00292500,41.25,43.95,42.6,0.0,0.0,0.0,0.0,0.0,0.4378,0.9786,0.0022,0.0321,-0.0434,0.078,42.3062,0.0,0.0,0.0,33.9749984741211,no_change,,120.0,18.0
AAPL,2026-09-23,12,Put,292.5,AAPL260923P00292500,0.07,0.32,0.195,0.34,0.0,0.0,0.0,2.0,0.375,-0.0213,0.0023,0.0322,-0.0435,-0.0019,0.1748,0.0,0.0,0.0,0.359999999403954,down,2026-09-10T15:17:33,379.0,394.0
AAPL,2026-09-23,12,Call,295.0,AAPL260923C00295000,38.75,41.5,40.125,24.1,0.0,0.0,0.0,2.0,0.4189,0.9754,0.0026,0.0362,-0.0475,0.0784,39.8324,0.0,0.0,0.0,31.4999990463257,up,2026-09-09T14:51:37,129.0,36.0
AAPL,2026-09-23,12,Put,295.0,AAPL260923P00295000,0.1,0.34,0.22000000000000003,0.2,-0.22,-52.381,2.0,99.0,0.3618,-0.0245,0.0026,0.0362,-0.0475,-0.0022,0.198,0.24,0.24,0.2,0.420000001788139,down,2026-09-11T10:50:49,448.0,685.0
AAPL,2026-09-23,12,Call,297.5,AAPL260923C00297500,36.25,39.05,37.65,0.0,0.0,0.0,0.0,0.0,0.3996,0.9715,0.0031,0.0408,-0.052,0.0788,37.3632,0.0,0.0,0.0,29.125,no_change,,132.0,49.0
AAPL,2026-09-23,12,Put,297.5,AAPL260923P00297500,0.16,0.29,0.22499999999999998,0.51,0.0,0.0,0.0,1.0,0.3426,-0.0284,0.0031,0.0409,-0.0522,-0.0025,0.2258,0.0,0.0,0.0,0.484999999403954,up,2026-09-10T14:21:19,84.0,153.0
AAPL,2026-09-23,12,Call,300.0,AAPL260923C00300000,33.9,36.55,35.224999999999994,35.52,8.92,33.5338,2.0,4.0,0.3873,0.9668,0.0036,0.0464,-0.0573,0.079,34.9001,33.04,35.52,33.04,26.6000003814697,up,2026-09-11T11:01:52,124.0,39.0
AAPL,2026-09-23,12,Put,300.0,AAPL260923P00300000,0.23,0.3,0.265,0.25,-0.335,-57.265,8.0,694.0,0.3314,-0.0332,0.0036,0.0465,-0.0575,-0.0029,0.2598,0.3,0.3,0.25,0.58500000834465,no_change,2026-09-11T11:02:00,252.0,536.0
AAPL,2026-09-23,12,Call,302.5,AAPL260923C00302500,31.4,34.1,32.75,34.3,10.425,43.6649,99.0,1.0,0.3669,0.9609,0.0043,0.053,-0.0635,0.0791,32.4454,31.01,34.3,30.39,23.875,up,2026-09-11T11:13:36,150.0,40.0
AAPL,2026-09-23,12,Put,302.5,AAPL260923P00302500,0.24,0.45,0.345,0.33,-0.46,-58.2278,2.0,14.0,0.3262,-0.0391,0.0043,0.0531,-0.0637,-0.0034,0.3022,0.33,0.33,0.33,0.78999999165535,down,2026-09-11T10:40:49,92.0,266.0
AAPL,2026-09-23,12,Call,305.0,AAPL260923C00305000,29.0,31.65,30.325,30.0,8.125,37.1429,98.0,3.0,0.3523,0.9535,0.0052,0.061,-0.0709,0.0791,30.0024,28.54,30.0,27.96,21.875,up,2026-09-11T10:34:30,150.0,39.0
AAPL,2026-09-23,12,Put,305.0,AAPL260923P00305000,0.3,0.5,0.4,0.39,-0.56,-58.9474,10.0,53.0,0.3136,-0.0465,0.0052,0.061,-0.0711,-0.0041,0.3563,0.43,0.43,0.26,0.949999988079071,down,2026-09-11T12:04:43,201.0,496.0
AAPL,2026-09-23,12,Call,307.5,AAPL260923C00307500,26.55,29.2,27.875,28.39,8.49,42.6633,104.0,0.0,0.3335,0.9441,0.0062,0.0706,-0.0798,0.0789,27.5759,27.33,28.44,27.33,19.8999996185303,no_change,2026-09-11T10:58:39,159.0,30.0
AAPL,2026-09-23,12,Put,307.5,AAPL260923P00307500,0.36,0.48,0.42,0.42,-0.76,-64.4068,3.0,9.0,0.2942,-0.056,0.0062,0.0707,-0.08,-0.0049,0.4269,0.49,0.49,0.42,1.18000000715256,down,2026-09-11T12:12:10,297.0,259.0
AAPL,2026-09-23,12,Call,310.0,AAPL260923C00310000,23.8,26.15,24.975,26.02,8.645,49.7554,110.0,60.0,0.2571,0.9319,0.0075,0.0822,-0.0907,0.0785,25.1727,23.7,26.03,23.7,17.375,no_change,2026-09-11T10:58:39,193.0,68.0
AAPL,2026-09-23,12,Put,310.0,AAPL260923P00310000,0.44,0.54,0.49,0.54,-0.96,-64.0,28.0,530.0,0.2811,-0.0682,0.0075,0.0823,-0.0909,-0.006,0.521,0.77,0.86,0.51,1.5,up,2026-09-11T12:04:43,430.0,2.0
AAPL,2026-09-23,12,Call,312.5,AAPL260923C00312500,21.55,24.45,23.0,20.75,5.025,31.9555,20.0,5.0,0.2959,0.916,0.0091,0.0961,-0.1038,0.0777,22.8022,20.75,20.75,20.75,15.7249999046326,no_change,2026-09-11T10:01:33,233.0,111.0
AAPL,2026-09-23,12,Put,312.5,AAPL260923P00312500,0.62,0.68,0.65,0.66,-1.26,-65.625,105.0,2.0,0.2762,-0.0841,0.0091,0.0963,-0.1041,-0.0074,0.6478,0.79,0.84,0.62,1.91999995708466,up,2026-09-11T11:39:20,59.0,2.0
AAPL,2026-09-23,12,Call,315.0,AAPL260923C00315000,19.65,21.2,20.424999999999997,21.36,7.985,59.7009,14.0,331.0,0.2631,0.8956,0.011,0.1127,-0.1193,0.0765,20.4764,18.15,21.75,18.15,13.375,up,2026-09-11T12:32:59,397.0,302.0
AAPL,2026-09-23,12,Put,315.0,AAPL260923P00315000,0.77,0.95,0.86,0.88,-1.525,-63.4096,126.0,209.0,0.2715,-0.1047,0.0111,0.1128,-0.1197,-0.0091,0.8195,1.07,1.09,0.88,2.40499997138977,down,2026-09-11T10:51:16,194.0,435.0
AAPL,2026-09-23,12,Call,317.5,AAPL260923C00317500,17.7,19.4,18.549999999999997,17.0,5.15,43.4599,22.0,16.0,0.286,0.8694,0.0133,0.1315,-0.1373,0.0747,18.2103,16.25,17.05,16.25,11.8499999046326,down,2026-09-11T09:58:37,337.0,312.0
AAPL,2026-09-23,12,Put,317.5,AAPL260923P00317500,0.97,1.13,1.0499999999999998,1.02,-2.03,-66.5574,111.0,23.0,0.2609,-0.1309,0.0133,0.1317,-0.1378,-0.0113,1.0513,1.32,1.55,1.02,3.05000007152557,no_change,2026-09-11T11:22:29,211.0,198.0
AAPL,2026-09-23,12,Call,320.0,AAPL260923C00320000,15.45,16.65,16.049999999999997,16.5,6.65,67.5127,56.0,249.0,0.257,0.8367,0.0158,0.1523,-0.1571,0.0723,16.0217,11.77,16.5,11.77,9.84999990463257,up,2026-09-11T11:36:20,463.0,259.0
AAPL,2026-09-23,12,Put,320.0,AAPL260923P00320000,1.32,1.47,1.395,1.37,-2.505,-64.6452,178.0,84.0,0.2573,-0.1638,0.0158,0.1526,-0.1578,-0.014,1.3608,3.05,3.05,1.32,3.875,up,2026-09-11T12:33:08,236.0,398.0
AAPL,2026-09-23,12,Call,322.5,AAPL260923C00322500,13.3,14.1,13.7,13.8,5.625,68.8073,19.0,61.0,0.2365,0.7967,0.0184,0.174,-0.1779,0.0692,13.9302,8.65,13.8,8.65,8.17500019073486,up,2026-09-11T11:53:01,316.0,22.0
AAPL,2026-09-23,12,Put,322.5,AAPL260923P00322500,1.63,1.92,1.775,1.94,-2.81,-59.1579,25.0,31.0,0.2506,-0.204,0.0185,0.1746,-0.1788,-0.0173,1.7677,3.25,3.25,1.94,4.75,down,2026-09-11T10:43:02,455.0,234.0
AAPL,2026-09-23,12,Call,325.0,AAPL260923C00325000,11.5,12.1,11.8,11.76,4.985,73.5793,31.0,150.0,0.238,0.7492,0.0211,0.1954,-0.1983,0.0654,11.9562,7.5,12.84,7.5,6.77499985694885,no_change,2026-09-11T12:37:54,379.0,22.0
AAPL,2026-09-23,12,Put,325.0,AAPL260923P00325000,2.18,2.47,2.325,2.23,-3.62,-61.8803,58.0,65.0,0.2478,-0.2518,0.0212,0.1958,-0.1994,-0.0213,2.2931,3.5,3.5,2.19,5.85000014305115,down,2026-09-11T12:11:23,218.0,327.0
AAPL,2026-09-23,12,Call,327.5,AAPL260923C00327500,9.6,10.3,9.95,9.7,4.15,74.7748,12.0,31.0,0.2348,0.6945,0.0236,0.2147,-0.2164,0.0609,10.1199,6.95,10.8,6.95,5.54999995231628,down,2026-09-11T12:38:31,560.0,53.0
AAPL,2026-09-23,12,Put,327.5,AAPL260923P00327500,2.78,3.2,2.99,3.15,-3.95,-55.6338,4.0,1.0,0.2443,-0.3069,0.0237,0.215,-0.2178,-0.0255,2.957,3.95,3.95,3.15,7.10000014305115,down,2026-09-11T10:55:44,573.0,330.0
AAPL,2026-09-23,12,Call,330.0,AAPL260923C00330000,8.1,8.6,8.35,8.5,4.0,88.8889,99.0,229.0,0.2362,0.6336,0.0256,0.2301,-0.2306,0.0557,8.4391,5.88,9.74,5.4,4.5,down,2026-09-11T12:20:27,463.0,97.0
AAPL,2026-09-23,12,Put,330.0,AAPL260923P00330000,3.65,4.0,3.825,3.87,-4.63,-54.4706,114.0,50.0,0.2421,-0.3682,0.0258,0.2303,-0.2324,-0.03,3.7775,6.7,6.7,3.5,8.5,up,2026-09-11T12:22:25,375.0,596.0
AAPL,2026-09-23,12,Call,332.5,AAPL260923C00332500,6.65,7.3,6.975,7.1,3.5,97.2222,146.0,69.0,0.2398,0.5681,0.027,0.24,-0.2391,0.0501,6.9278,6.55,8.04,5.78,3.60000002384186,down,2026-09-11T12:13:02,252.0,586.0
AAPL,2026-09-23,12,Put,332.5,AAPL260923P00332500,4.65,5.0,4.825,4.8,-5.775,-54.6099,337.0,0.0,0.2402,-0.4344,0.0272,0.24,-0.2414,-0.0344,4.769,5.96,6.4,4.55,10.5750002861023,no_change,2026-09-11T12:40:10,294.0,627.0
AAPL,2026-09-23,12,Call,335.0,AAPL260923C00335000,5.45,5.7,5.575,5.6,2.825,101.802,361.0,132.0,0.2353,0.5,0.0276,0.2435,-0.241,0.0442,5.5949,3.25,6.8,3.25,2.77499997615814,down,2026-09-11T12:22:16,253.0,137.0
AAPL,2026-09-23,12,Put,335.0,AAPL260923P00335000,5.85,6.1,5.975,6.1,-6.275,-50.7071,275.0,0.0,0.2376,-0.5033,0.0279,0.2431,-0.2438,-0.0386,5.9406,7.0,7.17,5.6,12.375,down,2026-09-11T12:39:51,107.0,271.0
AAPL,2026-09-23,12,Call,337.5,AAPL260923C00337500,4.2,4.6,4.4,4.33,2.12,95.9276,59.0,8.0,0.233,0.4315,0.0273,0.24,-0.2359,0.0382,4.4432,2.93,5.43,2.93,2.20999991893768,down,2026-09-11T12:23:11,292.0,332.0
AAPL,2026-09-23,12,Put,337.5,AAPL260923P00337500,7.05,7.65,7.35,0.0,0.0,0.0,0.0,0.0,0.2371,-0.5727,0.0277,0.239,-0.2393,-0.0421,7.2956,0.0,0.0,0.0,13.9250001907349,no_change,,219.0,430.0
AAPL,2026-09-23,12,Call,340.0,AAPL260923C00340000,3.25,3.6,3.425,3.65,1.98,118.563,247.0,516.0,0.2319,0.365,0.0262,0.2298,-0.2241,0.0324,3.4695,2.1,4.3,2.1,1.6700000166893,down,2026-09-11T11:47:12,536.0,313.0
AAPL,2026-09-23,12,Put,340.0,AAPL260923P00340000,8.2,9.4,8.8,9.36,-6.515,-41.0394,3.0,9.0,0.2325,-0.6404,0.0267,0.2279,-0.2282,-0.0446,8.8312,10.67,10.67,9.36,15.875,down,2026-09-11T10:29:15,472.0,217.0
AAPL,2026-09-23,12,Call,342.5,AAPL260923C00342500,2.55,2.75,2.65,2.65,1.315,98.5019,46.0,21.0,0.2326,0.3025,0.0244,0.2139,-0.2067,0.0269,2.6644,1.35,3.45,1.35,1.33499997854233,down,2026-09-11T12:39:52,336.0,252.0
AAPL,2026-09-23,12,Put,342.5,AAPL260923P00342500,9.8,11.35,10.575,0.0,0.0,0.0,0.0,0.0,0.235,-0.7042,0.025,0.2107,-0.2115,-0.0457,10.5384,0.0,0.0,0.0,17.9749994277954,no_change,,182.0,181.0
AAPL,2026-09-23,12,Call,345.0,AAPL260923C00345000,1.88,2.15,2.0149999999999997,1.95,0.93,91.1765,136.0,2350.0,0.2331,0.2458,0.022,0.1937,-0.1853,0.0218,2.0138,1.02,2.67,1.02,1.01999998092651,no_change,2026-09-11T12:04:32,740.0,421.0
AAPL,2026-09-23,12,Put,345.0,AAPL260923P00345000,11.75,13.3,12.525,0.0,0.0,0.0,0.0,0.0,0.2395,-0.7624,0.0227,0.1888,-0.1908,-0.0455,12.4035,0.0,0.0,0.0,20.3500003814697,no_change,,209.0,161.0
AAPL,2026-09-23,12,Call,347.5,AAPL260923C00347500,1.43,1.61,1.52,1.53,0.77,101.316,82.0,81.0,0.2343,0.196,0.0193,0.1708,-0.1617,0.0174,1.4998,1.4,1.95,1.32,0.759999990463257,down,2026-09-11T12:39:52,370.0,339.0
AAPL,2026-09-23,12,Put,347.5,AAPL260923P00347500,13.45,15.8,14.625,14.55,-8.1,-35.7616,11.0,0.0,0.2462,-0.8138,0.02,0.1643,-0.1676,-0.043,14.4088,13.94,14.55,13.94,22.6500005722046,up,2026-09-11T12:22:15,335.0,334.0
AAPL,2026-09-23,12,Call,350.0,AAPL260923C00350000,1.04,1.23,1.135,1.13,0.565,100.0,178.0,1360.0,0.2359,0.1535,0.0165,0.1469,-0.1376,0.0136,1.1028,0.84,1.45,0.8,0.564999997615814,up,2026-09-11T12:09:08,493.0,661.0
AAPL,2026-09-23,12,Put,350.0,AAPL260923P00350000,15.75,18.1,16.925,30.54,0.0,0.0,0.0,2.0,0.2606,-0.8577,0.0172,0.1391,-0.1437,-0.0385,16.5342,0.0,0.0,0.0,24.9499998092651,down,2026-09-10T10:19:37,334.0,107.0
AAPL,2026-09-23,12,Call,352.5,AAPL260923C00352500,0.72,0.97,0.845,0.89,0.455,104.598,34.0,4.0,0.238,0.1185,0.0138,0.1236,-0.1145,0.0105,0.8026,0.79,1.09,0.78,0.434999987483025,down,2026-09-11T11:47:07,537.0,553.0
AAPL,2026-09-23,12,Put,352.5,AAPL260923P00352500,17.9,20.4,19.15,0.0,0.0,0.0,0.0,0.0,0.2666,-0.8942,0.0144,0.1141,-0.1203,-0.0371,18.7596,0.0,0.0,0.0,27.3249998092651,no_change,,370.0,139.0
AAPL,2026-09-23,12,Call,355.0,AAPL260923C00355000,0.54,0.69,0.615,0.62,0.335,117.544,25.0,21.0,0.2394,0.0903,0.0112,0.102,-0.0936,0.008,0.5801,0.44,0.9,0.44,0.285000003874302,down,2026-09-11T12:27:34,608.0,825.0
AAPL,2026-09-23,12,Put,355.0,AAPL260923P00355000,20.1,22.55,21.325000000000003,39.13,0.0,0.0,0.0,1.0,0.2628,-0.9234,0.0116,0.0899,-0.0979,-0.0327,21.0658,0.0,0.0,0.0,29.7249994277954,no_change,2026-09-08T11:38:28,181.0,47.0
AAPL,2026-09-23,12,Call,360.0,AAPL260923C00360000,0.27,0.34,0.30500000000000005,0.33,0.2,153.846,39.0,48.0,0.2408,0.0513,0.0071,0.0668,-0.0602,0.0045,0.3016,0.32,0.47,0.32,0.130000002682209,no_change,2026-09-11T11:54:31,266.0,464.0
AAPL,2026-09-23,12,Put,360.0,AAPL260923P00360000,24.6,27.8,26.200000000000003,0.0,0.0,0.0,0.0,0.0,0.2924,-0.9626,0.007,0.0492,-0.0591,-0.019,25.845,0.0,0.0,0.0,34.5999984741211,no_change,,127.0,39.0
AAPL,2026-09-23,12,Call,365.0,AAPL260923C00365000,0.15,0.26,0.20500000000000002,0.23,0.155,206.667,1.0,91.0,0.2572,0.0292,0.0044,0.0427,-0.0381,0.0026,0.1609,0.23,0.23,0.23,0.0749999983236194,up,2026-09-11T11:30:24,2.0,422.0
AAPL,2026-09-23,12,Put,365.0,AAPL260923P00365000,29.5,32.7,31.1,0.0,0.0,0.0,0.0,0.0,0.3196,-0.983,0.0038,0.0268,-0.0315,-0.012,30.7522,0.0,0.0,0.0,39.7000007629394,no_change,,133.0,46.0
AAPL,2026-09-23,12,Call,370.0,AAPL260923C00370000,0.06,0.1,0.08,0.11,0.015,15.7895,37.0,21.0,0.2513,0.0172,0.0027,0.0276,-0.0247,0.0015,0.0912,0.09,0.11,0.09,0.0950000006705522,no_change,2026-09-11T11:22:50,45.0,42.0
AAPL,2026-09-23,12,Put,370.0,AAPL260923P00370000,34.5,37.6,36.05,0.0,0.0,0.0,0.0,0.0,0.3493,-0.9924,0.0019,0.0138,-0.0155,-0.0039,35.717,0.0,0.0,0.0,44.6499996185303,no_change,,126.0,38.0
AAPL,2026-09-23,12,Call,375.0,AAPL260923C00375000,0.02,0.1,0.060000000000000005,0.09,0.035,63.6364,4.0,1.0,0.2696,0.0107,0.0017,0.0185,-0.0168,0.0009,0.056,0.08,0.17,0.08,0.0550000006332994,down,2026-09-11T11:30:24,276.0,642.0
AAPL,2026-09-23,12,Put,375.0,AAPL260923P00375000,39.5,42.6,41.05,0.0,0.0,0.0,0.0,0.0,0.3849,-0.9965,0.001,0.007,-0.0075,-0.0032,40.7043,0.0,0.0,0.0,49.6000003814697,no_change,,126.0,39.0
AAPL,2026-09-23,12,Call,380.0,AAPL260923C00380000,0.0,0.12,0.06,0.17,0.0,0.0,0.0,1.0,0.2966,0.0072,0.0012,0.013,-0.0122,0.0006,0.0373,0.0,0.0,0.0,0.0949999988079071,up,2026-09-08T13:03:18,0.0,417.0
AAPL,2026-09-23,12,Put,380.0,AAPL260923P00380000,44.5,47.7,46.1,0.0,0.0,0.0,0.0,0.0,0.4282,-0.9982,0.0005,0.0034,-0.004,-0.0017,45.6995,0.0,0.0,0.0,54.7000007629394,no_change,,130.0,30.0
AAPL,2026-09-23,12,Call,385.0,AAPL260923C00385000,0.0,0.17,0.085,0.0,0.0,0.0,0.0,0.0,0.3374,0.0051,0.0008,0.0096,-0.0092,0.0004,0.0266,0.0,0.0,0.0,0.170000001788139,no_change,,0.0,308.0
AAPL,2026-09-23,12,Put,385.0,AAPL260923P00385000,49.5,52.7,51.1,0.0,0.0,0.0,0.0,0.0,0.4622,-0.999,0.0003,0.002,-0.0022,-0.0007,50.6974,0.0,0.0,0.0,59.6000003814697,no_change,,122.0,28.0
AAPL,2026-09-23,12,Call,390.0,AAPL260923C00390000,0.0,0.3,0.15,0.0,0.0,0.0,0.0,0.0,0.393,0.0038,0.0006,0.0074,-0.0073,0.0003,0.0201,0.0,0.0,0.0,0.204999998211861,no_change,,0.0,291.0
AAPL,2026-09-23,12,Put,390.0,AAPL260923P00390000,54.5,57.7,56.1,0.0,0.0,0.0,0.0,0.0,0.4954,-0.9994,0.0002,0.0012,-0.0013,-0.0006,55.6964,0.0,0.0,0.0,64.6500015258789,no_change,,122.0,39.0
AAPL,2026-09-23,12,Call,395.0,AAPL260923C00395000,0.0,0.48,0.24,0.0,0.0,0.0,0.0,0.0,0.4506,0.0029,0.0004,0.0058,-0.006,0.0002,0.0159,0.0,0.0,0.0,0.224999994039536,no_change,,0.0,94.0
AAPL,2026-09-23,12,Put,395.0,AAPL260923P00395000,59.5,62.7,61.1,0.0,0.0,0.0,0.0,0.0,0.5276,-0.9996,0.0001,0.0009,-0.0008,-0.0002,60.6958,0.0,0.0,0.0,69.625,no_change,,122.0,39.0
AAPL,2026-09-25,14,Call,110.0,AAPL260925C00110000,223.15,226.1,224.625,0.0,0.0,0.0,0.0,0.0,2.3117,0.9998,0.0,0.0,-0.0002,0.0421,224.4287,0.0,0.0,0.0,215.925003051758,no_change,,140.0,30.0
AAPL,2026-09-25,14,Put,110.0,AAPL260925P00110000,0.0,0.01,0.005,0.02,0.0,0.0,0.0,100.0,1.6662,0.0,0.0,0.0,-0.0002,0.0,0.0003,0.0,0.0,0.0,0.259999990463257,down,2026-08-19T11:20:24,0.0,9500.0
AAPL,2026-09-25,14,Call,120.0,AAPL260925C00120000,212.65,216.15,214.4,0.0,0.0,0.0,0.0,0.0,0.0,0.9998,0.0,0.0001,-0.0003,0.0459,214.446,0.0,0.0,0.0,205.925003051758,no_change,,140.0,27.0
AAPL,2026-09-25,14,Put,120.0,AAPL260925P00120000,0.0,0.52,0.26,0.0,0.0,0.0,0.0,0.0,2.2134,0.0,0.0,0.0001,-0.0003,0.0,0.0005,0.0,0.0,0.0,0.259999990463257,no_change,,0.0,46.0
AAPL,2026-09-25,14,Call,125.0,AAPL260925C00125000,207.6,211.15,209.375,0.0,0.0,0.0,0.0,0.0,0.0,0.9998,0.0,0.0001,-0.0003,0.0478,209.4546,0.0,0.0,0.0,200.925003051758,no_change,,135.0,27.0
AAPL,2026-09-25,14,Put,125.0,AAPL260925P00125000,0.0,0.52,0.26,0.0,0.0,0.0,0.0,0.0,2.1303,0.0,0.0,0.0001,-0.0003,0.0,0.0006,0.0,0.0,0.0,0.259999990463257,no_change,,0.0,46.0
AAPL,2026-09-25,14,Call,130.0,AAPL260925C00130000,202.6,206.15,204.375,0.0,0.0,0.0,0.0,0.0,0.0,0.9998,0.0,0.0001,-0.0004,0.0497,204.4633,0.0,0.0,0.0,195.950004577637,no_change,,135.0,27.0
AAPL,2026-09-25,14,Put,130.0,AAPL260925P00130000,0.0,0.52,0.26,0.0,0.0,0.0,0.0,0.0,2.0505,0.0,0.0,0.0001,-0.0004,0.0,0.0008,0.0,0.0,0.0,0.259999990463257,no_change,,0.0,46.0
AAPL,2026-09-25,14,Call,135.0,AAPL260925C00135000,197.55,201.15,199.35000000000002,0.0,0.0,0.0,0.0,0.0,0.0,0.9998,0.0,0.0001,-0.0005,0.0516,199.472,0.0,0.0,0.0,190.975006103516,no_change,,126.0,22.0
AAPL,2026-09-25,14,Put,135.0,AAPL260925P00135000,0.0,0.52,0.26,0.0,0.0,0.0,0.0,0.0,1.9738,0.0,0.0,0.0001,-0.0005,0.0,0.001,0.0,0.0,0.0,0.259999990463257,no_change,,0.0,46.0
AAPL,2026-09-25,14,Call,140.0,AAPL260925C00140000,193.0,196.15,194.575,0.0,0.0,0.0,0.0,0.0,1.6928,0.9998,0.0,0.0002,-0.0006,0.0536,194.4808,0.0,0.0,0.0,185.950004577637,no_change,,135.0,21.0
AAPL,2026-09-25,14,Put,140.0,AAPL260925P00140000,0.0,0.52,0.26,0.0,0.0,0.0,0.0,0.0,1.8999,-0.0001,0.0,0.0002,-0.0006,0.0,0.0012,0.0,0.0,0.0,0.259999990463257,no_change,,0.0,46.0
AAPL,2026-09-25,14,Call,145.0,AAPL260925C00145000,187.95,191.15,189.55,0.0,0.0,0.0,0.0,0.0,1.5581,0.9998,0.0,0.0002,-0.0007,0.0555,189.4895,0.0,0.0,0.0,180.975006103516,no_change,,143.0,16.0
AAPL,2026-09-25,14,Put,145.0,AAPL260925P00145000,0.0,0.52,0.26,0.0,0.0,0.0,0.0,0.0,1.8286,-0.0001,0.0,0.0002,-0.0007,0.0,0.0014,0.0,0.0,0.0,0.259999990463257,no_change,,0.0,46.0
AAPL,2026-09-25,14,Call,150.0,AAPL260925C00150000,183.45,186.2,184.825,171.25,0.0,0.0,0.0,0.0,1.8135,0.9998,0.0,0.0002,-0.0008,0.0574,184.4983,0.0,0.0,0.0,175.975006103516,up,2026-09-10T09:40:55,122.0,23.0
AAPL,2026-09-25,14,Put,150.0,AAPL260925P00150000,0.0,0.52,0.26,0.0,0.0,0.0,0.0,0.0,1.7597,-0.0001,0.0,0.0002,-0.0008,0.0,0.0017,0.0,0.0,0.0,0.259999990463257,no_change,,0.0,46.0
AAPL,2026-09-25,14,Call,155.0,AAPL260925C00155000,177.55,181.2,179.375,0.0,0.0,0.0,0.0,0.0,0.0,0.9998,0.0,0.0003,-0.0009,0.0593,179.5071,0.0,0.0,0.0,171.0,no_change,,133.0,30.0
AAPL,2026-09-25,14,Put,155.0,AAPL260925P00155000,0.0,0.52,0.26,0.0,0.0,0.0,0.0,0.0,1.693,-0.0001,0.0,0.0003,-0.0009,0.0,0.002,0.0,0.0,0.0,0.259999990463257,no_change,,0.0,46.0
AAPL,2026-09-25,14,Call,160.0,AAPL260925C00160000,172.6,176.2,174.39999999999998,0.0,0.0,0.0,0.0,0.0,0.0,0.9997,0.0,0.0004,-0.0011,0.0612,174.516,0.0,0.0,0.0,166.024993896484,no_change,,134.0,27.0
AAPL,2026-09-25,14,Put,160.0,AAPL260925P00160000,0.0,0.52,0.26,0.0,0.0,0.0,0.0,0.0,1.6285,-0.0001,0.0,0.0004,-0.0011,0.0,0.0023,0.0,0.0,0.0,0.259999990463257,no_change,,0.0,46.0
AAPL,2026-09-25,14,Call,165.0,AAPL260925C00165000,167.6,171.2,169.39999999999998,0.0,0.0,0.0,0.0,0.0,0.0,0.9997,0.0,0.0004,-0.0012,0.0631,169.5249,0.0,0.0,0.0,161.024993896484,no_change,,135.0,27.0
AAPL,2026-09-25,14,Put,165.0,AAPL260925P00165000,0.0,0.52,0.26,0.0,0.0,0.0,0.0,0.0,1.5659,-0.0002,0.0,0.0004,-0.0012,0.0,0.0027,0.0,0.0,0.0,0.259999990463257,no_change,,0.0,46.0
AAPL,2026-09-25,14,Call,170.0,AAPL260925C00170000,163.5,166.2,164.85,148.09,0.0,0.0,0.0,2.0,1.5462,0.9997,0.0,0.0005,-0.0014,0.065,164.5338,0.0,0.0,0.0,156.024993896484,up,2026-08-19T10:19:39,121.0,30.0
AAPL,2026-09-25,14,Put,170.0,AAPL260925P00170000,0.0,0.3,0.15,0.05,0.0,0.0,0.0,1.0,1.4069,-0.0002,0.0,0.0005,-0.0014,0.0,0.0031,0.0,0.0,0.0,0.150000005960464,down,2026-08-17T09:30:01,0.0,1.0
AAPL,2026-09-25,14,Call,175.0,AAPL260925C00175000,157.8,161.2,159.5,0.0,0.0,0.0,0.0,0.0,0.0,0.9996,0.0,0.0006,-0.0016,0.0669,159.5428,0.0,0.0,0.0,151.024993896484,no_change,,124.0,23.0
AAPL,2026-09-25,14,Put,175.0,AAPL260925P00175000,0.0,0.01,0.005,0.01,0.005,100.0,3.0,26.0,0.9917,-0.0002,0.0,0.0006,-0.0016,0.0,0.0036,0.01,0.01,0.01,0.00499999988824129,no_change,2026-09-11T09:57:51,0.0,6.0
AAPL,2026-09-25,14,Call,180.0,AAPL260925C00180000,153.5,156.25,154.875,0.0,0.0,0.0,0.0,0.0,1.4317,0.9996,0.0,0.0007,-0.0018,0.0688,154.5519,0.0,0.0,0.0,146.049995422363,no_change,,121.0,30.0
AAPL,2026-09-25,14,Put,180.0,AAPL260925P00180000,0.0,0.03,0.015,0.01,0.0,0.0,0.0,30.0,1.0342,-0.0003,0.0,0.0007,-0.0018,0.0,0.0041,0.0,0.0,0.0,0.0149999996647239,no_change,2026-09-01T15:47:12,0.0,10.0
AAPL,2026-09-25,14,Call,185.0,AAPL260925C00185000,148.15,151.25,149.7,149.7,8.65,6.13258,1.0,1.0,1.2379,0.9996,0.0,0.0008,-0.002,0.0707,149.561,149.7,149.7,149.7,141.049995422363,up,2026-09-11T12:00:25,128.0,30.0
AAPL,2026-09-25,14,Put,185.0,AAPL260925P00185000,0.0,0.06,0.03,0.03,0.0,0.0,0.0,20.0,1.0529,-0.0003,0.0,0.0008,-0.002,0.0,0.0047,0.0,0.0,0.0,0.0299999993294477,up,2026-09-01T09:51:25,0.0,2.0
AAPL,2026-09-25,14,Call,190.0,AAPL260925C00190000,142.65,146.25,144.45,145.45,9.375,6.88959,1.0,1.0,0.0,0.9995,0.0,0.0009,-0.0022,0.0727,144.5702,145.45,145.45,145.45,136.074996948242,up,2026-09-11T11:07:35,129.0,30.0
AAPL,2026-09-25,14,Put,190.0,AAPL260925P00190000,0.0,0.01,0.005,0.04,0.0,0.0,0.0,17.0,0.8717,-0.0004,0.0,0.0009,-0.0022,0.0,0.0054,0.0,0.0,0.0,0.254999995231628,down,2026-09-01T10:50:33,0.0,5.0
AAPL,2026-09-25,14,Call,195.0,AAPL260925C00195000,137.7,141.25,139.475,122.25,0.0,0.0,0.0,1.0,0.0,0.9994,0.0,0.001,-0.0025,0.0746,139.5794,0.0,0.0,0.0,131.025001525879,up,2026-08-27T15:59:29,125.0,30.0
AAPL,2026-09-25,14,Put,195.0,AAPL260925P00195000,0.0,0.03,0.015,0.03,0.0,0.0,0.0,26.0,0.908,-0.0004,0.0,0.001,-0.0025,0.0,0.0061,0.0,0.0,0.0,0.0399999991059303,no_change,2026-09-01T10:27:14,0.0,5.0
AAPL,2026-09-25,14,Call,200.0,AAPL260925C00200000,132.65,136.25,134.45,120.5,0.0,0.0,0.0,1.0,0.0,0.9994,0.0,0.0012,-0.0028,0.0765,134.5887,0.0,0.0,0.0,126.074996948242,up,2026-08-28T13:48:59,135.0,27.0
AAPL,2026-09-25,14,Put,200.0,AAPL260925P00200000,0.0,0.04,0.02,0.01,0.0,0.0,0.0,49.0,0.89,-0.0005,0.0,0.0012,-0.0028,-0.0001,0.0068,0.0,0.0,0.0,0.00999999977648258,no_change,2026-09-10T12:25:12,0.0,10.0
AAPL,2026-09-25,14,Call,205.0,AAPL260925C00205000,128.55,131.25,129.9,110.85,0.0,0.0,0.0,5.0,1.1493,0.9993,0.0,0.0014,-0.0031,0.0784,129.5982,0.0,0.0,0.0,121.099998474121,up,2026-08-19T15:57:48,133.0,21.0
AAPL,2026-09-25,14,Put,205.0,AAPL260925P00205000,0.0,0.5,0.25,0.1,0.0,0.0,0.0,26.0,1.1164,-0.0006,0.0,0.0014,-0.0031,-0.0001,0.0077,0.0,0.0,0.0,0.239999994635582,up,2026-09-01T10:25:22,0.0,107.0
AAPL,2026-09-25,14,Call,210.0,AAPL260925C00210000,122.9,126.25,124.575,101.2,0.0,0.0,0.0,3.0,0.0,0.9992,0.0,0.0016,-0.0034,0.0803,124.6077,0.0,0.0,0.0,116.224998474121,down,2026-08-25T09:59:48,158.0,30.0
AAPL,2026-09-25,14,Put,210.0,AAPL260925P00210000,0.0,0.5,0.25,0.09,0.0,0.0,0.0,54.0,1.067,-0.0007,0.0,0.0016,-0.0034,-0.0001,0.0088,0.0,0.0,0.0,0.234999999403954,down,2026-09-03T09:58:53,0.0,211.0
AAPL,2026-09-25,14,Call,215.0,AAPL260925C00215000,118.15,121.3,119.725,0.0,0.0,0.0,0.0,0.0,0.9257,0.9991,0.0001,0.0018,-0.0038,0.0822,119.6174,0.0,0.0,0.0,111.125,no_change,,124.0,30.0
AAPL,2026-09-25,14,Put,215.0,AAPL260925P00215000,0.0,0.03,0.015,0.04,-0.005,-11.1111,87.0,130.0,0.7538,-0.0008,0.0001,0.0018,-0.0038,-0.0001,0.01,0.14,0.14,0.01,0.0449999989941716,up,2026-09-11T12:33:03,0.0,262.0
AAPL,2026-09-25,14,Call,220.0,AAPL260925C00220000,112.8,116.3,114.55,97.97,0.0,0.0,0.0,62.0,0.0,0.9989,0.0001,0.0021,-0.0043,0.0841,114.6274,0.0,0.0,0.0,106.125,down,2026-09-09T10:00:02,133.0,37.0
AAPL,2026-09-25,14,Put,220.0,AAPL260925P00220000,0.0,0.06,0.03,0.02,0.0,0.0,0.0,46.0,0.7634,-0.0009,0.0001,0.0021,-0.0043,-0.0001,0.0114,0.0,0.0,0.0,0.0299999993294477,down,2026-09-08T15:06:30,0.0,12.0
AAPL,2026-09-25,14,Call,225.0,AAPL260925C00225000,108.6,111.3,109.94999999999999,110.35,9.225,9.12237,2.0,6.0,0.9597,0.9988,0.0001,0.0024,-0.0048,0.086,109.6375,102.53,110.35,102.53,101.125,up,2026-09-11T10:53:38,130.0,30.0
AAPL,2026-09-25,14,Put,225.0,AAPL260925P00225000,0.01,0.07,0.04,0.07,-0.14,-66.6667,29.0,128.0,0.7462,-0.0011,0.0001,0.0024,-0.0048,-0.0001,0.013,0.09,0.09,0.05,0.209999993443489,no_change,2026-09-11T11:20:33,1.0,281.0
AAPL,2026-09-25,14,Call,230.0,AAPL260925C00230000,103.5,105.65,104.575,95.95,0.0,0.0,0.0,3.0,0.0,0.9986,0.0001,0.0029,-0.0054,0.0878,104.6481,0.0,0.0,0.0,96.1500015258789,up,2026-09-01T14:28:02,152.0,11.0
AAPL,2026-09-25,14,Put,230.0,AAPL260925P00230000,0.0,0.06,0.03,0.03,0.0,2.23517e-06,1.0,62.0,0.6884,-0.0013,0.0001,0.0029,-0.0054,-0.0002,0.015,0.03,0.03,0.03,0.0299999993294477,up,2026-09-11T11:05:29,0.0,1.0
AAPL,2026-09-25,14,Call,235.0,AAPL260925C00235000,98.6,101.3,99.94999999999999,95.14,0.0,0.0,0.0,29.0,0.8597,0.9983,0.0001,0.0034,-0.0061,0.0897,99.659,0.0,0.0,0.0,91.1750030517578,up,2026-09-03T10:37:33,133.0,30.0
AAPL,2026-09-25,14,Put,235.0,AAPL260925P00235000,0.0,0.05,0.025,0.02,-0.02,-50.0,29.0,873.0,0.6408,-0.0016,0.0001,0.0034,-0.0061,-0.0002,0.0174,0.03,0.03,0.02,0.0400000000372529,no_change,2026-09-11T10:54:33,0.0,319.0
AAPL,2026-09-25,14,Call,240.0,AAPL260925C00240000,92.7,96.35,94.525,82.11,0.0,0.0,0.0,13.0,0.0,0.998,0.0001,0.004,-0.007,0.0916,94.6705,0.0,0.0,0.0,85.8500022888184,up,2026-09-04T15:11:06,129.0,23.0
AAPL,2026-09-25,14,Put,240.0,AAPL260925P00240000,0.0,0.08,0.04,0.05,0.0,0.0,0.0,425.0,0.6342,-0.0019,0.0001,0.004,-0.007,-0.0002,0.0204,0.0,0.0,0.0,0.0400000000372529,no_change,2026-09-09T14:44:39,0.0,749.0
AAPL,2026-09-25,14,Call,245.0,AAPL260925C00245000,88.65,91.35,90.0,76.88,0.0,0.0,0.0,44.0,0.7822,0.9976,0.0002,0.0048,-0.008,0.0935,89.6827,0.0,0.0,0.0,81.1750030517578,down,2026-09-04T14:35:06,126.0,27.0
AAPL,2026-09-25,14,Put,245.0,AAPL260925P00245000,0.01,0.03,0.02,0.03,-0.01,-25.0,15.0,397.0,0.5591,-0.0023,0.0002,0.0048,-0.0081,-0.0003,0.0241,0.05,0.05,0.03,0.0400000000372529,no_change,2026-09-11T10:43:52,148.0,223.0
AAPL,2026-09-25,14,Call,250.0,AAPL260925C00250000,82.8,86.35,84.57499999999999,82.45,6.225,8.16661,1.0,54.0,0.0,0.9971,0.0002,0.0058,-0.0093,0.0953,84.696,82.45,82.45,82.45,76.2249984741211,up,2026-09-11T09:52:33,134.0,37.0
AAPL,2026-09-25,14,Put,250.0,AAPL260925P00250000,0.01,0.05,0.030000000000000002,0.03,-0.015,-33.3333,5.0,256.0,0.5466,-0.0028,0.0002,0.0058,-0.0094,-0.0003,0.0288,0.06,0.06,0.02,0.0449999999254942,up,2026-09-11T11:20:43,333.0,314.0
AAPL,2026-09-25,14,Call,255.0,AAPL260925C00255000,78.65,81.35,80.0,64.7,0.0,0.0,0.0,58.0,0.6889,0.9964,0.0003,0.007,-0.0109,0.0971,79.7105,0.0,0.0,0.0,71.2249984741211,up,2026-09-10T10:05:32,125.0,32.0
AAPL,2026-09-25,14,Put,255.0,AAPL260925P00255000,0.01,0.04,0.025,0.04,-0.02,-33.3333,5.0,555.0,0.5035,-0.0034,0.0003,0.007,-0.0109,-0.0004,0.0348,0.07,0.08,0.04,0.0600000005215406,down,2026-09-11T12:33:55,393.0,229.0
AAPL,2026-09-25,14,Call,260.0,AAPL260925C00260000,73.0,75.65,74.325,64.3,0.0,0.0,0.0,37.0,0.0,0.9956,0.0004,0.0086,-0.0129,0.0989,74.7269,0.0,0.0,0.0,66.2750015258789,up,2026-09-10T13:15:13,131.0,11.0
AAPL,2026-09-25,14,Put,260.0,AAPL260925P00260000,0.03,0.04,0.035,0.04,-0.035,-46.6667,9.0,477.0,0.4868,-0.0043,0.0004,0.0086,-0.0129,-0.0005,0.0426,0.04,0.06,0.03,0.0750000011175871,up,2026-09-11T12:32:53,135.0,142.0
AAPL,2026-09-25,14,Call,265.0,AAPL260925C00265000,68.15,71.4,69.775,51.75,0.0,0.0,0.0,22.0,0.4991,0.9944,0.0005,0.0106,-0.0153,0.1007,69.7456,0.0,0.0,0.0,61.3000011444092,up,2026-09-08T12:29:51,127.0,18.0
AAPL,2026-09-25,14,Put,265.0,AAPL260925P00265000,0.04,0.06,0.05,0.08,-0.015,-15.7895,2.0,181.0,0.4712,-0.0055,0.0005,0.0106,-0.0153,-0.0006,0.0529,0.08,0.08,0.08,0.0950000025331974,down,2026-09-11T09:30:04,26.0,73.0
AAPL,2026-09-25,14,Call,270.0,AAPL260925C00270000,62.85,66.45,64.65,49.05,0.0,0.0,0.0,35.0,0.0,0.9929,0.0006,0.0132,-0.0183,0.1024,64.7676,0.0,0.0,0.0,56.3250007629394,down,2026-09-09T14:56:40,133.0,19.0
AAPL,2026-09-25,14,Put,270.0,AAPL260925P00270000,0.06,0.07,0.065,0.04,-0.08,-66.6667,211.0,472.0,0.4506,-0.007,0.0006,0.0132,-0.0184,-0.0008,0.0663,0.11,0.11,0.04,0.119999997317791,down,2026-09-11T12:35:56,1.0,136.0
AAPL,2026-09-25,14,Call,275.0,AAPL260925C00275000,58.75,61.45,60.1,59.73,8.33,16.2062,6.0,67.0,0.5377,0.9908,0.0009,0.0166,-0.0221,0.1041,59.7939,56.92,59.73,56.92,51.3999996185303,up,2026-09-11T12:27:18,131.0,37.0
AAPL,2026-09-25,14,Put,275.0,AAPL260925P00275000,0.08,0.09,0.08499999999999999,0.09,-0.07,-43.75,87.0,766.0,0.43,-0.0091,0.0009,0.0166,-0.0221,-0.0011,0.0842,0.14,0.14,0.08,0.160000003874302,no_change,2026-09-11T12:32:51,1.0,125.0
AAPL,2026-09-25,14,Call,277.5,AAPL260925C00277500,55.65,58.95,57.3,46.76,0.0,0.0,0.0,8.0,0.4128,0.9895,0.001,0.0187,-0.0243,0.1049,57.3092,0.0,0.0,0.0,48.8999996185303,down,2026-09-10T12:53:15,128.0,22.0
AAPL,2026-09-25,14,Put,277.5,AAPL260925P00277500,0.05,0.14,0.095,0.19,0.0,0.0,0.0,61.0,0.4184,-0.0104,0.001,0.0187,-0.0244,-0.0012,0.0952,0.0,0.0,0.0,0.189999997615814,no_change,2026-09-10T15:52:08,224.0,358.0
AAPL,2026-09-25,14,Call,280.0,AAPL260925C00280000,53.8,56.5,55.15,55.69,9.09,19.5064,7.0,154.0,0.5049,0.988,0.0012,0.021,-0.0268,0.1056,54.8262,51.92,55.69,51.92,46.6000003814697,up,2026-09-11T11:41:45,354.0,237.0
AAPL,2026-09-25,14,Put,280.0,AAPL260925P00280000,0.1,0.11,0.10500000000000001,0.12,-0.1,-45.4545,95.0,809.0,0.406,-0.0119,0.0012,0.0211,-0.0268,-0.0014,0.1079,0.2,0.2,0.11,0.219999998807907,no_change,2026-09-11T12:06:44,100.0,48.0
AAPL,2026-09-25,14,Call,282.5,AAPL260925C00282500,50.5,54.0,52.25,43.34,0.0,0.0,0.0,7.0,0.3307,0.9862,0.0013,0.0237,-0.0295,0.1064,52.3452,0.0,0.0,0.0,43.8499984741211,down,2026-09-10T13:42:40,132.0,24.0
AAPL,2026-09-25,14,Put,282.5,AAPL260925P00282500,0.11,0.15,0.13,0.14,-0.1,-41.6667,128.0,4.0,0.3998,-0.0136,0.0013,0.0237,-0.0296,-0.0016,0.1227,0.08,0.15,0.08,0.239999994635582,no_change,2026-09-11T12:02:54,37.0,314.0
AAPL,2026-09-25,14,Call,285.0,AAPL260925C00285000,48.85,51.55,50.2,50.81,9.335,22.5075,3.0,99.0,0.4709,0.9842,0.0015,0.0268,-0.0326,0.107,49.8666,48.0,50.81,47.65,41.4750003814697,up,2026-09-11T11:38:06,170.0,96.0
AAPL,2026-09-25,14,Put,285.0,AAPL260925P00285000,0.13,0.15,0.14,0.13,-0.15,-53.5714,235.0,698.0,0.3857,-0.0157,0.0015,0.0268,-0.0326,-0.0019,0.1399,0.25,0.26,0.12,0.280000001192093,up,2026-09-11T12:38:41,130.0,77.0
AAPL,2026-09-25,14,Call,287.5,AAPL260925C00287500,45.55,49.05,47.3,38.45,0.0,0.0,0.0,7.0,0.3337,0.9818,0.0018,0.0302,-0.036,0.1077,47.3908,0.0,0.0,0.0,38.8999996185303,down,2026-09-10T13:42:40,125.0,25.0
AAPL,2026-09-25,14,Put,287.5,AAPL260925P00287500,0.1,0.22,0.16,0.37,0.0,0.0,0.0,238.0,0.3748,-0.0181,0.0018,0.0304,-0.036,-0.0022,0.1598,0.0,0.0,0.0,0.304999992251396,no_change,2026-09-10T15:35:53,213.0,151.0
AAPL,2026-09-25,14,Call,290.0,AAPL260925C00290000,44.1,45.8,44.95,45.78,9.155,24.9966,2.0,132.0,0.3729,0.9789,0.0021,0.0342,-0.0397,0.1083,44.9183,44.5,45.78,44.5,36.625,up,2026-09-11T11:09:48,338.0,128.0
AAPL,2026-09-25,14,Put,290.0,AAPL260925P00290000,0.17,0.21,0.19,0.19,-0.19,-50.0,463.0,1440.0,0.3659,-0.021,0.0021,0.0343,-0.0398,-0.0024,0.1832,0.3,0.3,0.19,0.379999995231628,down,2026-09-11T12:20:26,97.0,411.0
AAPL,2026-09-25,14,Call,292.5,AAPL260925C00292500,41.4,42.9,42.15,0.0,0.0,0.0,0.0,0.0,0.0,0.9755,0.0024,0.0388,-0.0439,0.1088,42.4499,0.0,0.0,0.0,34.1499996185303,no_change,,134.0,32.0
AAPL,2026-09-25,14,Put,292.5,AAPL260925P00292500,0.18,0.23,0.20500000000000002,0.21,-0.24,-53.3333,220.0,108.0,0.3514,-0.0244,0.0024,0.0388,-0.044,-0.0029,0.2106,0.24,0.25,0.19,0.450000002980232,up,2026-09-11T12:36:52,336.0,95.0
AAPL,2026-09-25,14,Call,295.0,AAPL260925C00295000,39.0,41.65,40.325,39.92,8.12,25.5346,1.0,196.0,0.4029,0.9715,0.0029,0.044,-0.0486,0.1092,39.9867,39.92,39.92,39.92,31.8000001907349,up,2026-09-11T12:33:11,319.0,68.0
AAPL,2026-09-25,14,Put,295.0,AAPL260925P00295000,0.24,0.25,0.245,0.25,-0.26,-50.9804,400.0,1944.0,0.3425,-0.0284,0.0029,0.0442,-0.0488,-0.0033,0.2431,0.45,0.47,0.23,0.509999990463257,no_change,2026-09-11T12:40:23,134.0,42.0
AAPL,2026-09-25,14,Call,297.5,AAPL260925C00297500,36.55,39.2,37.875,29.68,0.0,0.0,0.0,1.0,0.3875,0.9667,0.0034,0.0502,-0.0539,0.1096,37.5298,0.0,0.0,0.0,29.3499994277954,up,2026-09-10T15:54:37,123.0,21.0
AAPL,2026-09-25,14,Put,297.5,AAPL260925P00297500,0.27,0.34,0.30500000000000005,0.3,-0.325,-52.0,69.0,77.0,0.336,-0.0332,0.0034,0.0502,-0.0541,-0.0039,0.2821,0.53,0.53,0.28,0.625,up,2026-09-11T11:58:52,43.0,339.0
AAPL,2026-09-25,14,Call,300.0,AAPL260925C00300000,34.35,35.85,35.1,35.37,8.52,31.7318,50.0,982.0,0.3239,0.9609,0.004,0.0572,-0.0599,0.1098,35.0815,30.0,36.63,30.0,26.8500003814697,down,2026-09-11T11:52:38,352.0,212.0
AAPL,2026-09-25,14,Put,300.0,AAPL260925P00300000,0.33,0.34,0.335,0.33,-0.425,-56.2914,956.0,2185.0,0.3213,-0.0392,0.004,0.0576,-0.0603,-0.0046,0.3308,0.54,0.64,0.32,0.754999995231628,no_change,2026-09-11T12:36:09,46.0,48.0
AAPL,2026-09-25,14,Call,302.5,AAPL260925C00302500,31.9,33.75,32.825,34.21,9.735,39.7753,44.0,4.0,0.3362,0.9537,0.0047,0.0655,-0.0669,0.1098,32.6444,33.27,34.21,33.27,24.4750003814697,up,2026-09-11T11:12:48,137.0,28.0
AAPL,2026-09-25,14,Put,302.5,AAPL260925P00302500,0.33,0.47,0.4,0.4,-0.52,-56.5217,10.0,117.0,0.3119,-0.0465,0.0047,0.0658,-0.0674,-0.0053,0.3901,0.6,0.6,0.38,0.919999986886978,no_change,2026-09-11T11:54:38,251.0,369.0
AAPL,2026-09-25,14,Call,305.0,AAPL260925C00305000,29.5,30.6,30.05,29.9,7.775,35.1412,67.0,274.0,0.2736,0.9448,0.0056,0.0753,-0.075,0.1096,30.2228,27.0,31.33,27.0,22.125,down,2026-09-11T11:57:04,355.0,79.0
AAPL,2026-09-25,14,Put,305.0,AAPL260925P00305000,0.46,0.47,0.46499999999999997,0.47,-0.665,-58.5903,730.0,3937.0,0.3006,-0.0555,0.0056,0.0757,-0.0756,-0.0064,0.4647,0.73,0.93,0.45,1.13499999046326,no_change,2026-09-11T12:37:03,135.0,71.0
AAPL,2026-09-25,14,Call,307.5,AAPL260925C00307500,27.05,29.0,28.025,27.15,7.15,35.75,17.0,2.0,0.3137,0.9336,0.0067,0.0868,-0.0845,0.1091,27.8221,26.05,27.75,26.05,20.0,down,2026-09-11T11:58:59,156.0,96.0
AAPL,2026-09-25,14,Put,307.5,AAPL260925P00307500,0.54,0.58,0.56,0.58,-0.845,-59.2982,91.0,136.0,0.2912,-0.0668,0.0067,0.0872,-0.0852,-0.0076,0.5606,0.9,0.92,0.55,1.42500001192093,up,2026-09-11T11:56:12,232.0,125.0
AAPL,2026-09-25,14,Call,310.0,AAPL260925C00310000,24.95,25.75,25.35,25.48,7.655,42.9453,145.0,990.0,0.2722,0.9195,0.008,0.1004,-0.0957,0.1082,25.4498,20.5,26.8,19.81,17.8249998092651,down,2026-09-11T12:20:54,358.0,151.0
AAPL,2026-09-25,14,Put,310.0,AAPL260925P00310000,0.67,0.69,0.6799999999999999,0.69,-1.1,-61.4525,1687.0,1236.0,0.2827,-0.0807,0.008,0.101,-0.0962,-0.0093,0.6826,1.33,1.44,0.66,1.79000002145767,no_change,2026-09-11T12:40:53,168.0,66.0
AAPL,2026-09-25,14,Call,312.5,AAPL260925C00312500,22.95,24.15,23.549999999999997,21.27,5.42,34.1956,2.0,153.0,0.3102,0.9018,0.0095,0.1162,-0.1086,0.1068,23.1155,18.55,21.27,18.55,15.8500003814697,up,2026-09-11T10:14:26,30.0,321.0
AAPL,2026-09-25,14,Put,312.5,AAPL260925P00312500,0.84,0.89,0.865,0.86,-1.37,-61.435,469.0,274.0,0.2766,-0.0989,0.0096,0.1166,-0.1096,-0.0111,0.8481,1.68,1.68,0.82,2.23000001907349,down,2026-09-11T12:36:52,38.0,388.0
AAPL,2026-09-25,14,Call,315.0,AAPL260925C00315000,20.4,21.0,20.7,20.77,6.795,48.6225,181.0,1150.0,0.258,0.8797,0.0113,0.134,-0.1234,0.1049,20.8313,15.25,22.25,15.25,13.9749999046326,down,2026-09-11T12:28:14,363.0,29.0
AAPL,2026-09-25,14,Put,315.0,AAPL260925P00315000,1.04,1.09,1.065,1.07,-1.72,-61.6487,625.0,2576.0,0.2686,-0.1212,0.0114,0.1348,-0.1245,-0.0134,1.0616,2.5,2.5,1.0,2.78999996185303,no_change,2026-09-11T12:37:25,199.0,117.0
AAPL,2026-09-25,14,Call,317.5,AAPL260925C00317500,18.15,18.9,18.525,18.13,6.18,51.7155,66.0,94.0,0.2567,0.8523,0.0133,0.1539,-0.1397,0.1022,18.6111,17.5,19.9,17.05,11.9500002861023,down,2026-09-11T12:05:37,410.0,137.0
AAPL,2026-09-25,14,Put,317.5,AAPL260925P00317500,1.29,1.42,1.355,1.42,-2.055,-59.1367,268.0,62.0,0.2639,-0.1483,0.0134,0.1548,-0.1408,-0.0167,1.334,2.3,2.36,1.28,3.47500002384186,up,2026-09-11T12:04:10,207.0,343.0
AAPL,2026-09-25,14,Call,320.0,AAPL260925C00320000,16.15,16.65,16.4,16.57,6.245,60.4843,300.0,6716.0,0.2532,0.8192,0.0154,0.1751,-0.1572,0.0988,16.471,11.5,18.1,11.2,10.3249998092651,up,2026-09-11T12:28:14,322.0,24.0
AAPL,2026-09-25,14,Put,320.0,AAPL260925P00320000,1.69,1.74,1.7149999999999999,1.73,-2.595,-60.0,5583.0,4096.0,0.2583,-0.1822,0.0156,0.1756,-0.1587,-0.02,1.698,3.55,3.55,1.58,4.32500004768372,down,2026-09-11T12:38:16,82.0,66.0
AAPL,2026-09-25,14,Call,322.5,AAPL260925C00322500,14.15,14.6,14.375,14.6,5.825,66.3818,158.0,417.0,0.2503,0.7799,0.0177,0.1965,-0.1748,0.0946,14.4282,12.1,15.7,12.1,8.77499961853027,up,2026-09-11T12:26:28,266.0,34.0
AAPL,2026-09-25,14,Put,322.5,AAPL260925P00322500,2.11,2.26,2.1849999999999996,2.17,-3.105,-58.8626,1408.0,745.0,0.2546,-0.222,0.0179,0.1972,-0.1766,-0.0239,2.1555,3.75,4.25,2.02,5.27500009536743,up,2026-09-11T12:23:37,423.0,520.0
AAPL,2026-09-25,14,Call,325.0,AAPL260925C00325000,12.25,12.65,12.45,12.53,5.18,70.4762,740.0,5325.0,0.2471,0.7343,0.0199,0.217,-0.1916,0.0894,12.5001,8.2,14.0,8.05,7.34999990463257,up,2026-09-11T12:35:18,262.0,34.0
AAPL,2026-09-25,14,Put,325.0,AAPL260925P00325000,2.75,2.84,2.795,2.75,-3.6,-56.6929,778.0,1044.0,0.2525,-0.2681,0.0201,0.2178,-0.1936,-0.0285,2.7288,5.4,5.45,2.53,6.34999990463257,down,2026-09-11T12:39:41,1.0,520.0
AAPL,2026-09-25,14,Call,327.5,AAPL260925C00327500,10.5,10.85,10.675,10.67,4.545,74.2041,219.0,237.0,0.2453,0.683,0.0218,0.2352,-0.2063,0.0835,10.7029,6.6,12.3,6.6,6.125,down,2026-09-11T12:30:24,332.0,75.0
AAPL,2026-09-25,14,Put,327.5,AAPL260925P00327500,3.4,3.6,3.5,3.5,-4.125,-54.0984,295.0,165.0,0.2492,-0.32,0.0221,0.2361,-0.2086,-0.0332,3.4344,6.0,6.0,3.2,7.625,up,2026-09-11T12:36:42,197.0,687.0
AAPL,2026-09-25,14,Call,330.0,AAPL260925C00330000,8.95,9.15,9.05,8.96,3.935,78.3085,1251.0,3346.0,0.244,0.6268,0.0235,0.2497,-0.2176,0.0769,9.0507,5.55,10.65,5.22,5.02499985694885,down,2026-09-11T12:37:47,303.0,49.0
AAPL,2026-09-25,14,Put,330.0,AAPL260925P00330000,4.25,4.35,4.3,4.3,-4.7,-52.2222,2376.0,227.0,0.2445,-0.3769,0.0238,0.2504,-0.2203,-0.038,4.2863,7.1,7.1,3.96,9.0,no_change,2026-09-11T12:41:06,149.0,94.0
AAPL,2026-09-25,14,Call,332.5,AAPL260925C00332500,7.35,7.7,7.525,7.55,3.45,84.1463,693.0,225.0,0.2408,0.5669,0.0246,0.2591,-0.2246,0.0698,7.5547,4.35,8.8,4.22,4.09999990463257,no_change,2026-09-11T12:33:50,414.0,207.0
AAPL,2026-09-25,14,Put,332.5,AAPL260925P00332500,5.25,5.35,5.3,5.3,-5.275,-49.8818,1200.0,0.0,0.2421,-0.4376,0.0249,0.2592,-0.2275,-0.0441,5.2967,6.7,7.11,5.0,10.5749998092651,down,2026-09-11T12:40:48,100.0,27.0
AAPL,2026-09-25,14,Call,335.0,AAPL260925C00335000,6.15,6.3,6.225,6.21,2.91,88.1818,1676.0,5772.0,0.2405,0.5048,0.0251,0.2627,-0.2263,0.0623,6.2214,3.8,7.5,3.4,3.30000007152557,up,2026-09-11T12:40:16,196.0,167.0
AAPL,2026-09-25,14,Put,335.0,AAPL260925P00335000,6.4,6.55,6.475,6.4,-5.875,-47.8615,1169.0,89.0,0.2404,-0.5006,0.0255,0.2623,-0.2295,-0.0486,6.4729,8.1,8.5,5.9,12.2750000953674,down,2026-09-11T12:40:51,103.0,176.0
AAPL,2026-09-25,14,Call,337.5,AAPL260925C00337500,4.9,5.15,5.025,4.95,2.33,88.9313,757.0,55.0,0.238,0.4424,0.025,0.2601,-0.2226,0.0547,5.0531,2.96,6.25,2.62,2.62000000476837,up,2026-09-11T12:36:41,530.0,506.0
AAPL,2026-09-25,14,Put,337.5,AAPL260925P00337500,7.65,8.05,7.8500000000000005,7.73,-6.57,-45.9441,39.0,0.0,0.2403,-0.564,0.0254,0.2589,-0.2262,-0.0521,7.8163,9.68,9.68,7.2,14.2999997138977,down,2026-09-11T12:25:48,212.0,429.0
AAPL,2026-09-25,14,Call,340.0,AAPL260925C00340000,3.9,4.1,4.0,3.95,1.9,92.6829,3719.0,5622.0,0.2362,0.3813,0.0242,0.2514,-0.2137,0.0472,4.047,2.42,5.1,1.93,2.04999995231628,up,2026-09-11T12:36:41,376.0,586.0
AAPL,2026-09-25,14,Put,340.0,AAPL260925P00340000,9.15,9.55,9.350000000000001,9.25,-7.125,-43.5115,150.0,106.0,0.2391,-0.6262,0.0247,0.2491,-0.2176,-0.0546,9.3243,13.0,13.0,8.5,16.375,down,2026-09-11T12:35:12,164.0,444.0
AAPL,2026-09-25,14,Call,342.5,AAPL260925C00342500,3.05,3.25,3.15,3.22,1.595,98.1538,395.0,261.0,0.2354,0.3232,0.0229,0.2373,-0.2002,0.0401,3.196,1.77,4.1,1.77,1.625,up,2026-09-11T12:28:13,309.0,397.0
AAPL,2026-09-25,14,Put,342.5,AAPL260925P00342500,10.8,11.2,11.0,10.55,-7.65,-42.033,6.0,3.0,0.2377,-0.6856,0.0234,0.2339,-0.2046,-0.0578,10.9901,10.9,10.9,10.45,18.1999998092651,up,2026-09-11T11:35:32,105.0,189.0
AAPL,2026-09-25,14,Call,345.0,AAPL260925C00345000,2.37,2.5,2.435,2.37,1.135,91.9028,1215.0,3036.0,0.2343,0.2694,0.0211,0.2188,-0.183,0.0334,2.4891,1.48,3.25,1.42,1.23500001430511,down,2026-09-11T12:37:55,469.0,262.0
AAPL,2026-09-25,14,Put,345.0,AAPL260925P00345000,12.65,12.9,12.775,12.7,-7.875,-38.2746,52.0,86.0,0.2355,-0.7408,0.0216,0.2136,-0.1879,-0.0579,12.8034,12.4,12.7,12.4,20.5749998092651,up,2026-09-11T12:40:51,32.0,101.0
AAPL,2026-09-25,14,Call,347.5,AAPL260925C00347500,1.8,1.95,1.875,1.9,0.93,95.8763,178.0,96.0,0.2346,0.2208,0.019,0.1971,-0.1635,0.0274,1.9126,1.13,2.59,1.13,0.969999998807907,no_change,2026-09-11T12:34:45,512.0,605.0
AAPL,2026-09-25,14,Put,347.5,AAPL260925P00347500,14.2,15.2,14.7,0.0,0.0,0.0,0.0,0.0,0.2339,-0.7907,0.0196,0.189,-0.1688,-0.0561,14.7505,0.0,0.0,0.0,22.8500003814697,no_change,,137.0,163.0
AAPL,2026-09-25,14,Call,350.0,AAPL260925C00350000,1.37,1.48,1.425,1.42,0.68,91.8919,2999.0,4422.0,0.2351,0.1781,0.0167,0.1738,-0.1428,0.0221,1.451,0.89,2.01,0.81,0.740000009536743,down,2026-09-11T12:41:10,392.0,630.0
AAPL,2026-09-25,14,Put,350.0,AAPL260925P00350000,16.3,17.45,16.875,17.05,-7.975,-31.8681,38.0,111.0,0.2403,-0.8349,0.0173,0.1644,-0.1484,-0.0523,16.8152,17.62,17.85,17.05,25.0249996185303,down,2026-09-11T10:34:06,309.0,350.0
AAPL,2026-09-25,14,Call,352.5,AAPL260925C00352500,1.03,1.12,1.0750000000000002,1.09,0.51,87.931,503.0,163.0,0.236,0.1416,0.0143,0.1503,-0.1222,0.0176,1.0879,0.6,1.55,0.6,0.580000013113022,no_change,2026-09-11T12:34:08,395.0,525.0
AAPL,2026-09-25,14,Put,352.5,AAPL260925P00352500,18.4,19.65,19.025,18.67,-8.78,-31.9854,5.0,0.0,0.24,-0.8729,0.0149,0.1389,-0.1279,-0.0483,18.982,18.67,18.67,18.67,27.4499998092651,down,2026-09-11T11:53:25,380.0,161.0
AAPL,2026-09-25,14,Call,355.0,AAPL260925C00355000,0.76,0.82,0.79,0.79,0.355,81.6092,996.0,2559.0,0.2356,0.1114,0.0121,0.1279,-0.1028,0.0138,0.8116,0.53,1.15,0.5,0.435000002384186,down,2026-09-11T12:38:58,488.0,78.0
AAPL,2026-09-25,14,Put,355.0,AAPL260925P00355000,20.65,21.85,21.25,20.67,-9.255,-30.9273,5.0,1.0,0.2387,-0.9048,0.0125,0.1129,-0.1077,-0.0432,21.235,20.67,20.67,20.67,29.9250001907349,down,2026-09-11T11:53:25,177.0,54.0
AAPL,2026-09-25,14,Call,360.0,AAPL260925C00360000,0.41,0.46,0.435,0.45,0.2,80.0,1420.0,2321.0,0.2393,0.0658,0.0081,0.0872,-0.0687,0.0081,0.4343,0.3,0.7,0.3,0.249999992549419,up,2026-09-11T12:36:11,510.0,381.0
AAPL,2026-09-25,14,Put,360.0,AAPL260925P00360000,25.35,26.8,26.075000000000003,35.77,0.0,0.0,0.0,0.0,0.2588,-0.951,0.0081,0.0669,-0.0697,-0.0269,25.9331,0.0,0.0,0.0,34.6999988555908,down,2026-09-04T09:45:44,150.0,53.0
AAPL,2026-09-25,14,Call,365.0,AAPL260925C00365000,0.17,0.25,0.21000000000000002,0.24,0.085,54.8387,321.0,554.0,0.2385,0.0379,0.0051,0.057,-0.0441,0.0047,0.2308,0.16,0.39,0.16,0.155000001192093,no_change,2026-09-11T12:31:04,393.0,75.0
AAPL,2026-09-25,14,Put,365.0,AAPL260925P00365000,30.25,32.75,31.5,43.0,0.0,0.0,0.0,0.0,0.3407,-0.9776,0.0046,0.036,-0.0386,-0.0163,30.7961,0.0,0.0,0.0,39.6000003814697,up,2026-09-04T10:30:17,121.0,22.0
AAPL,2026-09-25,14,Call,370.0,AAPL260925C00370000,0.11,0.13,0.12,0.13,0.045,52.9412,691.0,777.0,0.2456,0.022,0.0032,0.0366,-0.028,0.0027,0.1257,0.11,0.21,0.11,0.0850000008940697,up,2026-09-11T12:41:02,147.0,110.0
AAPL,2026-09-25,14,Put,370.0,AAPL260925P00370000,34.5,37.2,35.85,35.5,-9.075,-20.3589,12.0,0.0,0.2883,-0.9907,0.0023,0.0173,-0.0181,-0.006,35.7426,36.0,37.0,35.0,44.5749988555908,up,2026-09-11T11:53:04,190.0,86.0
AAPL,2026-09-25,14,Call,375.0,AAPL260925C00375000,0.07,0.08,0.07500000000000001,0.09,0.03,50.0,126.0,373.0,0.256,0.013,0.002,0.0235,-0.018,0.0016,0.071,0.09,0.13,0.09,0.0600000014528632,no_change,2026-09-11T12:09:26,43.0,76.0
AAPL,2026-09-25,14,Put,375.0,AAPL260925P00375000,39.5,42.7,41.1,66.47,0.0,0.0,0.0,0.0,0.3665,-0.9963,0.001,0.0075,-0.0076,-0.0025,40.7244,0.0,0.0,0.0,49.7250003814697,up,2026-08-25T14:28:33,128.0,21.0
AAPL,2026-09-25,14,Call,380.0,AAPL260925C00380000,0.04,0.05,0.045,0.05,-0.025,-33.3333,124.0,299.0,0.2644,0.008,0.0013,0.0156,-0.012,0.001,0.043,0.01,0.09,0.01,0.0749999973922968,no_change,2026-09-11T12:37:58,53.0,83.0
AAPL,2026-09-25,14,Put,380.0,AAPL260925P00380000,44.65,47.7,46.175,54.9,0.0,0.0,0.0,0.0,0.4103,-0.9985,0.0005,0.0034,-0.0031,-0.001,45.7183,0.0,0.0,0.0,54.5499992370606,down,2026-09-04T09:52:47,128.0,21.0
AAPL,2026-09-25,14,Call,385.0,AAPL260925C00385000,0.01,0.05,0.030000000000000002,0.03,0.0,2.23517e-06,61.0,81.0,0.2754,0.0054,0.0008,0.011,-0.0086,0.0006,0.0285,0.04,0.04,0.03,0.0299999993294477,down,2026-09-11T11:43:25,456.0,597.0
AAPL,2026-09-25,14,Put,385.0,AAPL260925P00385000,49.5,52.7,51.1,64.24,0.0,0.0,0.0,0.0,0.4308,-0.9993,0.0002,0.0016,-0.0013,-0.0008,50.7164,0.0,0.0,0.0,59.5749988555908,up,2026-09-04T15:02:32,128.0,30.0
AAPL,2026-09-25,14,Call,390.0,AAPL260925C00390000,0.01,0.06,0.034999999999999996,0.01,0.0,0.0,0.0,98.0,0.3028,0.0038,0.0006,0.0082,-0.0066,0.0005,0.0206,0.0,0.0,0.0,0.0249999994412065,down,2026-09-10T15:51:32,18.0,480.0
AAPL,2026-09-25,14,Put,390.0,AAPL260925P00390000,54.5,57.7,56.1,0.0,0.0,0.0,0.0,0.0,0.4616,-0.9996,0.0001,0.0008,-0.0007,-0.0003,55.7157,0.0,0.0,0.0,64.5749988555908,no_change,,127.0,30.0
AAPL,2026-09-25,14,Call,395.0,AAPL260925C00395000,0.01,0.03,0.02,0.02,0.0,2.23517e-06,38.0,64.0,0.3069,0.003,0.0004,0.0064,-0.0054,0.0004,0.0162,0.02,0.1,0.02,0.0199999995529652,down,2026-09-11T11:59:51,93.0,242.0
AAPL,2026-09-25,14,Put,395.0,AAPL260925P00395000,59.5,62.7,61.1,0.0,0.0,0.0,0.0,0.0,0.4917,-0.9998,0.0001,0.0005,-0.0004,-0.0002,60.7154,0.0,0.0,0.0,69.6000022888184,no_change,,129.0,30.0
AAPL,2026-09-25,14,Call,400.0,AAPL260925C00400000,0.01,0.03,0.02,0.02,0.015,300.0,42.0,156.0,0.3277,0.0024,0.0004,0.0053,-0.0047,0.0003,0.0135,0.02,0.07,0.01,0.00499999988824129,up,2026-09-11T12:23:20,12.0,127.0
AAPL,2026-09-25,14,Put,400.0,AAPL260925P00400000,64.5,67.7,66.1,0.0,0.0,0.0,0.0,0.0,0.521,-0.9999,0.0,0.0004,-0.0002,-0.0001,65.7152,0.0,0.0,0.0,74.6500015258789,no_change,,134.0,40.0
AAPL,2026-09-25,14,Call,405.0,AAPL260925C00405000,0.0,0.08,0.04,0.09,-0.03,-25.0,2.0,13.0,0.3735,0.002,0.0003,0.0046,-0.0042,0.0002,0.0118,0.09,0.09,0.09,0.119999997317791,up,2026-09-11T09:49:52,0.0,500.0
AAPL,2026-09-25,14,Put,405.0,AAPL260925P00405000,69.5,72.7,71.1,0.0,0.0,0.0,0.0,0.0,0.5497,-0.9999,0.0,0.0002,-0.0002,-0.0001,70.7152,0.0,0.0,0.0,79.5750007629394,no_change,,125.0,30.0
AAPL,2026-09-25,14,Call,410.0,AAPL260925C00410000,0.0,0.42,0.21,0.03,0.0,0.0,0.0,23.0,0.4841,0.0018,0.0002,0.004,-0.0038,0.0002,0.0106,0.0,0.0,0.0,0.259999990463257,down,2026-09-04T10:59:31,0.0,734.0
AAPL,2026-09-25,14,Put,410.0,AAPL260925P00410000,74.5,77.7,76.1,0.0,0.0,0.0,0.0,0.0,0.5777,-0.9999,0.0,0.0002,-0.0002,-0.0001,75.7151,0.0,0.0,0.0,84.7250022888184,no_change,,132.0,23.0
AAPL,2026-09-25,14,Call,415.0,AAPL260925C00415000,0.0,0.03,0.015,0.02,0.0,0.0,0.0,135.0,0.3778,0.0016,0.0002,0.0036,-0.0036,0.0002,0.0098,0.0,0.0,0.0,0.0350000001490116,down,2026-09-04T12:09:51,0.0,10.0
AAPL,2026-09-25,14,Put,415.0,AAPL260925P00415000,79.5,82.7,81.1,0.0,0.0,0.0,0.0,0.0,0.6052,-0.9999,0.0,0.0001,-0.0001,-0.0001,80.7151,0.0,0.0,0.0,89.5250015258789,no_change,,119.0,22.0
AAPL,2026-10-02,21,Call,110.0,AAPL261002C00110000,222.7,226.2,224.45,0.0,0.0,0.0,0.0,0.0,0.0,0.9998,0.0,0.0,-0.0001,0.0631,224.508,0.0,0.0,0.0,215.949996948242,no_change,,107.0,11.0
AAPL,2026-10-02,21,Put,110.0,AAPL261002P00110000,0.0,0.52,0.26,0.31,0.0,0.0,0.0,100.0,1.9569,0.0,0.0,0.0,-0.0001,0.0,0.0002,0.0,0.0,0.0,0.259999990463257,no_change,2026-08-27T13:29:15,0.0,48.0
AAPL,2026-10-02,21,Call,120.0,AAPL261002C00120000,212.6,216.25,214.425,0.0,0.0,0.0,0.0,0.0,0.0,0.9998,0.0,0.0001,-0.0002,0.0688,214.534,0.0,0.0,0.0,205.799995422363,no_change,,115.0,11.0
AAPL,2026-10-02,21,Put,120.0,AAPL261002P00120000,0.0,0.52,0.26,0.0,0.0,0.0,0.0,0.0,1.8117,0.0,0.0,0.0001,-0.0002,0.0,0.0004,0.0,0.0,0.0,0.259999990463257,no_change,,0.0,48.0
AAPL,2026-10-02,21,Call,125.0,AAPL261002C00125000,207.85,211.25,209.55,0.0,0.0,0.0,0.0,0.0,1.1842,0.9998,0.0,0.0001,-0.0002,0.0717,209.547,0.0,0.0,0.0,200.824996948242,no_change,,107.0,11.0
AAPL,2026-10-02,21,Put,125.0,AAPL261002P00125000,0.0,0.52,0.26,0.16,0.0,0.0,0.0,4.0,1.7437,0.0,0.0,0.0001,-0.0002,0.0,0.0006,0.0,0.0,0.0,0.259999990463257,up,2026-08-27T15:53:19,0.0,48.0
AAPL,2026-10-02,21,Call,130.0,AAPL261002C00130000,202.6,206.25,204.425,0.0,0.0,0.0,0.0,0.0,0.0,0.9998,0.0,0.0001,-0.0003,0.0745,204.5601,0.0,0.0,0.0,195.824996948242,no_change,,114.0,11.0
AAPL,2026-10-02,21,Put,130.0,AAPL261002P00130000,0.0,0.52,0.26,0.0,0.0,0.0,0.0,0.0,1.6784,0.0,0.0,0.0001,-0.0003,0.0,0.0007,0.0,0.0,0.0,0.259999990463257,no_change,,0.0,48.0
AAPL,2026-10-02,21,Call,135.0,AAPL261002C00135000,197.65,201.3,199.47500000000002,0.0,0.0,0.0,0.0,0.0,0.0,0.9998,0.0,0.0002,-0.0003,0.0774,199.5732,0.0,0.0,0.0,191.025001525879,no_change,,112.0,11.0
AAPL,2026-10-02,21,Put,135.0,AAPL261002P00135000,0.0,0.52,0.26,0.0,0.0,0.0,0.0,0.0,1.6156,0.0,0.0,0.0002,-0.0003,0.0,0.001,0.0,0.0,0.0,0.259999990463257,no_change,,0.0,48.0
AAPL,2026-10-02,21,Call,140.0,AAPL261002C00140000,192.65,196.3,194.47500000000002,0.0,0.0,0.0,0.0,0.0,0.0,0.9998,0.0,0.0002,-0.0004,0.0803,194.5864,0.0,0.0,0.0,185.875,no_change,,113.0,11.0
AAPL,2026-10-02,21,Put,140.0,AAPL261002P00140000,0.0,0.52,0.26,0.12,0.0,0.0,0.0,2.0,1.5552,-0.0001,0.0,0.0002,-0.0004,0.0,0.0012,0.0,0.0,0.0,0.259999990463257,up,2026-08-27T14:37:23,0.0,111.0
AAPL,2026-10-02,21,Call,145.0,AAPL261002C00145000,187.65,191.3,189.47500000000002,0.0,0.0,0.0,0.0,0.0,0.0,0.9997,0.0,0.0003,-0.0005,0.0831,189.5996,0.0,0.0,0.0,180.875,no_change,,112.0,11.0
AAPL,2026-10-02,21,Put,145.0,AAPL261002P00145000,0.0,0.52,0.26,0.0,0.0,0.0,0.0,0.0,1.4968,-0.0001,0.0,0.0003,-0.0005,0.0,0.0015,0.0,0.0,0.0,0.259999990463257,no_change,,0.0,48.0
AAPL,2026-10-02,21,Call,150.0,AAPL261002C00150000,182.8,186.3,184.55,0.0,0.0,0.0,0.0,0.0,0.0,0.9997,0.0,0.0004,-0.0006,0.086,184.6129,0.0,0.0,0.0,176.050003051758,no_change,,108.0,12.0
AAPL,2026-10-02,21,Put,150.0,AAPL261002P00150000,0.0,0.52,0.26,0.0,0.0,0.0,0.0,0.0,1.4405,-0.0001,0.0,0.0004,-0.0006,0.0,0.0019,0.0,0.0,0.0,0.259999990463257,no_change,,0.0,48.0
AAPL,2026-10-02,21,Call,155.0,AAPL261002C00155000,177.7,181.35,179.52499999999998,0.0,0.0,0.0,0.0,0.0,0.0,0.9997,0.0,0.0004,-0.0008,0.0889,179.6262,0.0,0.0,0.0,170.950004577637,no_change,,115.0,12.0
AAPL,2026-10-02,21,Put,155.0,AAPL261002P00155000,0.0,0.52,0.26,0.0,0.0,0.0,0.0,0.0,1.386,-0.0001,0.0,0.0004,-0.0008,0.0,0.0023,0.0,0.0,0.0,0.259999990463257,no_change,,0.0,106.0
AAPL,2026-10-02,21,Call,160.0,AAPL261002C00160000,172.7,176.35,174.52499999999998,0.0,0.0,0.0,0.0,0.0,0.0,0.9996,0.0,0.0005,-0.0009,0.0917,174.6396,0.0,0.0,0.0,165.950004577637,no_change,,115.0,12.0
AAPL,2026-10-02,21,Put,160.0,AAPL261002P00160000,0.0,0.52,0.26,0.0,0.0,0.0,0.0,0.0,1.3332,-0.0002,0.0,0.0005,-0.0009,0.0,0.0028,0.0,0.0,0.0,0.259999990463257,no_change,,0.0,177.0
AAPL,2026-10-02,21,Call,165.0,AAPL261002C00165000,167.7,171.35,169.52499999999998,0.0,0.0,0.0,0.0,0.0,0.0,0.9996,0.0,0.0006,-0.001,0.0946,169.6531,0.0,0.0,0.0,161.099998474121,no_change,,114.0,12.0
AAPL,2026-10-02,21,Put,165.0,AAPL261002P00165000,0.0,0.52,0.26,0.0,0.0,0.0,0.0,0.0,1.282,-0.0002,0.0,0.0006,-0.001,0.0,0.0034,0.0,0.0,0.0,0.259999990463257,no_change,,0.0,127.0
AAPL,2026-10-02,21,Call,170.0,AAPL261002C00170000,162.7,166.35,164.52499999999998,0.0,0.0,0.0,0.0,0.0,0.0,0.9996,0.0,0.0008,-0.0012,0.0974,164.6667,0.0,0.0,0.0,155.974998474121,no_change,,116.0,13.0
AAPL,2026-10-02,21,Put,170.0,AAPL261002P00170000,0.0,0.48,0.24,0.0,0.0,0.0,0.0,0.0,1.2197,-0.0002,0.0,0.0008,-0.0012,0.0,0.0041,0.0,0.0,0.0,0.259999990463257,no_change,,0.0,11.0
AAPL,2026-10-02,21,Call,175.0,AAPL261002C00175000,157.85,161.35,159.6,0.0,0.0,0.0,0.0,0.0,0.0,0.9995,0.0,0.0009,-0.0014,0.1003,159.6804,0.0,0.0,0.0,151.125,no_change,,112.0,13.0
AAPL,2026-10-02,21,Put,175.0,AAPL261002P00175000,0.01,0.04,0.025,0.04,-0.01,-20.0,22.0,2.0,0.9225,-0.0003,0.0,0.0009,-0.0014,-0.0001,0.0049,0.09,0.09,0.03,0.0500000016763806,no_change,2026-09-11T12:36:04,1.0,185.0
AAPL,2026-10-02,21,Call,180.0,AAPL261002C00180000,152.75,156.4,154.575,0.0,0.0,0.0,0.0,0.0,0.0,0.9994,0.0,0.0011,-0.0017,0.1032,154.6942,0.0,0.0,0.0,146.025001525879,no_change,,115.0,13.0
AAPL,2026-10-02,21,Put,180.0,AAPL261002P00180000,0.01,0.05,0.030000000000000002,0.05,-0.005,-9.09091,31.0,3.0,0.8994,-0.0004,0.0,0.0011,-0.0017,-0.0001,0.0058,0.1,0.1,0.03,0.0550000006332994,no_change,2026-09-11T12:34:59,1.0,282.0
AAPL,2026-10-02,21,Call,185.0,AAPL261002C00185000,147.85,151.4,149.625,149.85,8.825,6.25775,1.0,0.0,0.0,0.9994,0.0,0.0013,-0.0019,0.106,149.7082,149.85,149.85,149.85,141.025001525879,up,2026-09-11T12:00:25,110.0,13.0
AAPL,2026-10-02,21,Put,185.0,AAPL261002P00185000,0.0,0.5,0.25,0.02,0.0,0.0,0.0,2.0,1.0856,-0.0004,0.0,0.0013,-0.0019,-0.0001,0.0068,0.0,0.0,0.0,0.25,down,2026-09-08T12:04:38,0.0,172.0
AAPL,2026-10-02,21,Call,190.0,AAPL261002C00190000,142.75,146.4,144.575,0.0,0.0,0.0,0.0,0.0,0.0,0.9993,0.0,0.0015,-0.0022,0.1088,144.7223,0.0,0.0,0.0,136.274993896484,no_change,,115.0,13.0
AAPL,2026-10-02,21,Put,190.0,AAPL261002P00190000,0.0,0.5,0.25,0.03,0.0,0.0,0.0,9.0,1.0412,-0.0005,0.0,0.0015,-0.0022,-0.0001,0.008,0.0,0.0,0.0,0.239999994635582,no_change,2026-08-26T12:49:38,0.0,319.0
AAPL,2026-10-02,21,Call,195.0,AAPL261002C00195000,137.9,141.45,139.675,130.4,0.0,0.0,0.0,1.0,0.0,0.9992,0.0,0.0018,-0.0026,0.1117,139.7367,0.0,0.0,0.0,131.074996948242,up,2026-09-02T12:28:38,110.0,13.0
AAPL,2026-10-02,21,Put,195.0,AAPL261002P00195000,0.01,0.02,0.015,0.01,-0.22,-95.6522,8.0,12.0,0.7439,-0.0006,0.0,0.0018,-0.0026,-0.0001,0.0095,0.1,0.1,0.01,0.230000004172325,no_change,2026-09-11T10:28:14,1.0,10.0
AAPL,2026-10-02,21,Call,200.0,AAPL261002C00200000,132.9,136.45,134.675,118.42,0.0,0.0,0.0,3.0,0.0,0.9991,0.0,0.0021,-0.003,0.1145,134.7512,0.0,0.0,0.0,126.275001525879,up,2026-09-09T10:10:58,106.0,13.0
AAPL,2026-10-02,21,Put,200.0,AAPL261002P00200000,0.0,0.02,0.01,0.01,-0.215,-95.5556,5.0,26.0,0.688,-0.0008,0.0,0.0021,-0.003,-0.0001,0.0111,0.03,0.13,0.01,0.224999994039536,down,2026-09-11T10:46:44,0.0,9.0
AAPL,2026-10-02,21,Call,205.0,AAPL261002C00205000,127.8,131.45,129.625,112.99,0.0,0.0,0.0,2.0,0.0,0.9989,0.0001,0.0025,-0.0034,0.1174,129.7661,0.0,0.0,0.0,121.324996948242,no_change,2026-09-09T10:11:39,107.0,13.0
AAPL,2026-10-02,21,Put,205.0,AAPL261002P00205000,0.0,0.02,0.01,0.02,-0.19,-90.4762,19.0,36.0,0.657,-0.0009,0.0001,0.0025,-0.0034,-0.0002,0.0131,0.01,0.02,0.01,0.209999993443489,up,2026-09-11T11:33:10,0.0,6.0
AAPL,2026-10-02,21,Call,210.0,AAPL261002C00210000,122.8,126.45,124.625,0.0,0.0,0.0,0.0,0.0,0.0,0.9987,0.0001,0.003,-0.0039,0.1202,124.7813,0.0,0.0,0.0,116.125,no_change,,114.0,13.0
AAPL,2026-10-02,21,Put,210.0,AAPL261002P00210000,0.01,0.09,0.049999999999999996,0.09,0.05,125.0,13.0,94.0,0.7244,-0.0011,0.0001,0.003,-0.0039,-0.0002,0.0154,0.11,0.16,0.03,0.0400000000372529,no_change,2026-09-11T10:58:10,6.0,432.0
AAPL,2026-10-02,21,Call,215.0,AAPL261002C00215000,117.85,121.5,119.675,102.1,0.0,0.0,0.0,16.0,0.0,0.9985,0.0001,0.0035,-0.0045,0.123,119.797,0.0,0.0,0.0,111.324996948242,no_change,2026-08-31T15:28:26,110.0,13.0
AAPL,2026-10-02,21,Put,215.0,AAPL261002P00215000,0.0,0.42,0.21,0.04,0.0,0.0,0.0,34.0,0.8151,-0.0013,0.0001,0.0035,-0.0045,-0.0002,0.0182,0.0,0.0,0.0,0.180000007152557,no_change,2026-09-09T10:27:09,0.0,444.0
AAPL,2026-10-02,21,Call,220.0,AAPL261002C00220000,112.85,116.0,114.425,0.0,0.0,0.0,0.0,0.0,0.0,0.9982,0.0001,0.0042,-0.0052,0.1259,114.8131,0.0,0.0,0.0,106.200000762939,no_change,,113.0,3.0
AAPL,2026-10-02,21,Put,220.0,AAPL261002P00220000,0.0,0.08,0.04,0.04,0.0,0.0,0.0,7.0,0.643,-0.0016,0.0001,0.0042,-0.0052,-0.0003,0.0214,0.0,0.0,0.0,0.0399999991059303,down,2026-09-10T09:37:49,0.0,11.0
AAPL,2026-10-02,21,Call,225.0,AAPL261002C00225000,107.85,111.5,109.675,0.0,0.0,0.0,0.0,0.0,0.0,0.9979,0.0001,0.005,-0.006,0.1287,109.83,0.0,0.0,0.0,101.275001525879,no_change,,113.0,13.0
AAPL,2026-10-02,21,Put,225.0,AAPL261002P00225000,0.0,0.36,0.18,0.02,0.0,0.0,0.0,18.0,0.725,-0.0019,0.0001,0.005,-0.006,-0.0004,0.0254,0.0,0.0,0.0,0.034999999217689,no_change,2026-09-10T14:22:48,0.0,326.0
AAPL,2026-10-02,21,Call,230.0,AAPL261002C00230000,102.85,106.5,104.675,87.71,0.0,0.0,0.0,6.0,0.0,0.9975,0.0002,0.0059,-0.0069,0.1314,104.8476,0.0,0.0,0.0,96.25,up,2026-09-09T10:12:50,112.0,6.0
AAPL,2026-10-02,21,Put,230.0,AAPL261002P00230000,0.0,0.07,0.035,0.03,-0.01,-25.0,11.0,102.0,0.5725,-0.0023,0.0002,0.0059,-0.0069,-0.0004,0.0301,0.05,0.05,0.03,0.0399999991059303,down,2026-09-11T10:25:40,0.0,343.0
AAPL,2026-10-02,21,Call,235.0,AAPL261002C00235000,98.0,101.55,99.775,90.5,0.0,0.0,0.0,27.0,0.0,0.997,0.0002,0.0071,-0.0079,0.1342,99.8663,0.0,0.0,0.0,90.6749992370606,up,2026-09-10T13:29:50,116.0,5.0
AAPL,2026-10-02,21,Put,235.0,AAPL261002P00235000,0.01,0.06,0.034999999999999996,0.03,-0.015,-33.3333,3.0,13.0,0.5424,-0.0028,0.0002,0.0071,-0.008,-0.0005,0.0359,0.05,0.05,0.03,0.0449999999254942,down,2026-09-11T10:58:24,403.0,567.0
AAPL,2026-10-02,21,Call,240.0,AAPL261002C00240000,93.05,96.55,94.8,86.19,0.0,0.0,0.0,1.0,0.0,0.9964,0.0002,0.0085,-0.0092,0.137,94.8863,0.0,0.0,0.0,86.1750030517578,up,2026-09-10T15:22:34,110.0,10.0
AAPL,2026-10-02,21,Put,240.0,AAPL261002P00240000,0.01,0.12,0.065,0.1,0.0,0.0,0.0,43.0,0.5472,-0.0034,0.0002,0.0086,-0.0092,-0.0006,0.043,0.0,0.0,0.0,0.0600000005215406,no_change,2026-09-09T11:33:32,288.0,577.0
AAPL,2026-10-02,21,Call,245.0,AAPL261002C00245000,87.95,91.6,89.775,67.63,0.0,0.0,0.0,4.0,0.0,0.9956,0.0003,0.0102,-0.0107,0.1397,89.908,0.0,0.0,0.0,81.4749984741211,up,2026-09-09T13:37:40,117.0,14.0
AAPL,2026-10-02,21,Put,245.0,AAPL261002P00245000,0.01,0.11,0.06,0.05,-0.015,-23.0769,1.0,28.0,0.5118,-0.0042,0.0003,0.0102,-0.0107,-0.0008,0.0518,0.05,0.05,0.05,0.0650000004097819,down,2026-09-11T11:01:31,342.0,598.0
AAPL,2026-10-02,21,Call,250.0,AAPL261002C00250000,83.6,86.6,85.1,70.69,0.0,0.0,0.0,15.0,0.571,0.9947,0.0004,0.0123,-0.0124,0.1424,84.9317,0.0,0.0,0.0,76.5,up,2026-09-10T10:23:41,109.0,14.0
AAPL,2026-10-02,21,Put,250.0,AAPL261002P00250000,0.01,0.11,0.06,0.06,-0.025,-29.4118,5.0,533.0,0.4818,-0.0052,0.0004,0.0124,-0.0125,-0.0009,0.0627,0.06,0.06,0.06,0.0849999990314245,down,2026-09-11T10:47:37,633.0,685.0
AAPL,2026-10-02,21,Call,255.0,AAPL261002C00255000,78.65,81.65,80.15,63.4,0.0,0.0,0.0,16.0,0.5488,0.9934,0.0005,0.0149,-0.0145,0.145,79.9581,0.0,0.0,0.0,71.5250015258789,up,2026-09-09T14:51:45,108.0,14.0
AAPL,2026-10-02,21,Put,255.0,AAPL261002P00255000,0.05,0.08,0.065,0.08,-0.025,-23.8095,15.0,112.0,0.4564,-0.0064,0.0005,0.015,-0.0146,-0.0012,0.0763,0.07,0.08,0.03,0.104999996721745,up,2026-09-11T10:43:04,48.0,100.0
AAPL,2026-10-02,21,Call,260.0,AAPL261002C00260000,73.25,75.15,74.2,58.48,0.0,0.0,0.0,21.0,0.0,0.9919,0.0006,0.0181,-0.017,0.1476,74.988,0.0,0.0,0.0,66.5749969482422,up,2026-09-09T14:51:45,110.0,10.0
AAPL,2026-10-02,21,Put,260.0,AAPL261002P00260000,0.04,0.15,0.095,0.1,-0.04,-28.5714,3.0,565.0,0.4467,-0.008,0.0006,0.0181,-0.0171,-0.0014,0.0932,0.1,0.1,0.1,0.140000004321337,no_change,2026-09-11T11:36:32,500.0,554.0
AAPL,2026-10-02,21,Call,265.0,AAPL261002C00265000,68.05,71.7,69.875,52.14,0.0,0.0,0.0,23.0,0.0,0.9899,0.0008,0.022,-0.0199,0.15,70.0222,0.0,0.0,0.0,61.625,up,2026-09-09T15:04:00,111.0,13.0
AAPL,2026-10-02,21,Put,265.0,AAPL261002P00265000,0.09,0.13,0.11,0.13,-0.04,-23.5294,10.0,124.0,0.4245,-0.01,0.0008,0.0222,-0.02,-0.0018,0.1147,0.12,0.13,0.12,0.170000001788139,no_change,2026-09-11T10:59:44,72.0,343.0
AAPL,2026-10-02,21,Call,270.0,AAPL261002C00270000,63.75,66.75,65.25,51.01,0.0,0.0,0.0,29.0,0.4627,0.9873,0.001,0.0269,-0.0234,0.1524,65.062,0.0,0.0,0.0,56.6749992370606,no_change,2026-09-10T12:03:10,108.0,14.0
AAPL,2026-10-02,21,Put,270.0,AAPL261002P00270000,0.09,0.16,0.125,0.14,-0.06,-30.0,58.0,339.0,0.401,-0.0126,0.001,0.027,-0.0235,-0.0023,0.1417,0.22,0.22,0.14,0.199999995529652,no_change,2026-09-11T11:12:17,387.0,367.0
AAPL,2026-10-02,21,Call,275.0,AAPL261002C00275000,58.8,61.8,60.3,61.02,9.295,17.97,50.0,88.0,0.4367,0.984,0.0013,0.033,-0.0275,0.1546,60.1091,58.92,61.32,58.92,51.7250003814697,down,2026-09-11T11:09:28,139.0,20.0
AAPL,2026-10-02,21,Put,275.0,AAPL261002P00275000,0.13,0.2,0.165,0.19,-0.09,-32.1429,257.0,206.0,0.3855,-0.0159,0.0013,0.0331,-0.0277,-0.0028,0.1761,0.24,0.24,0.19,0.280000001192093,no_change,2026-09-11T12:05:11,305.0,380.0
AAPL,2026-10-02,21,Call,280.0,AAPL261002C00280000,53.7,56.85,55.275000000000006,56.07,9.245,19.7437,55.0,72.0,0.3953,0.9797,0.0016,0.0404,-0.0324,0.1567,55.1659,52.44,56.42,52.44,46.8250007629394,up,2026-09-11T11:09:28,172.0,66.0
AAPL,2026-10-02,21,Put,280.0,AAPL261002P00280000,0.2,0.25,0.225,0.21,-0.15,-41.6667,261.0,400.0,0.3716,-0.0202,0.0016,0.0405,-0.0326,-0.0036,0.2202,0.3,0.35,0.21,0.359999999403954,down,2026-09-11T12:25:35,107.0,361.0
AAPL,2026-10-02,21,Call,285.0,AAPL261002C00285000,49.5,51.2,50.35,50.27,8.395,20.0478,20.0,103.0,0.3734,0.974,0.0021,0.0498,-0.0382,0.1584,50.2358,50.85,51.88,50.27,41.875,down,2026-09-11T12:09:30,347.0,241.0
AAPL,2026-10-02,21,Put,285.0,AAPL261002P00285000,0.26,0.29,0.275,0.26,-0.21,-44.6809,66.0,808.0,0.3515,-0.0259,0.0021,0.0499,-0.0384,-0.0046,0.2771,0.4,0.41,0.26,0.469999998807907,down,2026-09-11T12:28:57,113.0,297.0
AAPL,2026-10-02,21,Call,290.0,AAPL261002C00290000,44.6,46.4,45.5,46.46,9.335,25.1448,96.0,79.0,0.3598,0.9664,0.0028,0.0618,-0.0452,0.1598,45.3249,39.0,46.9,39.0,37.125,down,2026-09-11T11:19:28,152.0,86.0
AAPL,2026-10-02,21,Put,290.0,AAPL261002P00290000,0.33,0.37,0.35,0.35,-0.27,-43.5484,419.0,1170.0,0.333,-0.0336,0.0028,0.0621,-0.0454,-0.006,0.3534,0.49,0.55,0.34,0.620000004768372,no_change,2026-09-11T12:26:24,149.0,318.0
AAPL,2026-10-02,21,Call,295.0,AAPL261002C00295000,39.45,42.1,40.775000000000006,39.15,7.3,22.9199,2.0,88.0,0.3542,0.9558,0.0036,0.077,-0.0539,0.1606,40.444,39.15,39.15,39.15,31.8500003814697,up,2026-09-11T09:46:24,171.0,94.0
AAPL,2026-10-02,21,Put,295.0,AAPL261002P00295000,0.44,0.49,0.46499999999999997,0.47,-0.405,-46.2857,388.0,1193.0,0.3166,-0.0442,0.0037,0.0771,-0.0542,-0.0078,0.4601,0.75,0.75,0.43,0.875,up,2026-09-11T12:23:46,127.0,369.0
AAPL,2026-10-02,21,Call,300.0,AAPL261002C00300000,34.6,36.8,35.7,36.0,8.475,30.7902,170.0,623.0,0.3085,0.9408,0.0048,0.097,-0.0651,0.1605,35.6118,29.93,36.0,29.93,27.5249996185303,up,2026-09-11T10:40:16,429.0,275.0
AAPL,2026-10-02,21,Put,300.0,AAPL261002P00300000,0.61,0.63,0.62,0.62,-0.595,-48.9712,1735.0,2736.0,0.3,-0.0593,0.0049,0.0972,-0.0655,-0.0104,0.6157,0.81,1.07,0.59,1.21499997377396,up,2026-09-11T12:40:51,1.0,45.0
AAPL,2026-10-02,21,Call,305.0,AAPL261002C00305000,29.55,32.2,30.875,31.1,8.175,35.6598,14.0,136.0,0.286,0.9189,0.0065,0.1233,-0.0796,0.1591,30.8602,25.85,32.2,25.85,22.9249992370605,down,2026-09-11T11:46:41,422.0,270.0
AAPL,2026-10-02,21,Put,305.0,AAPL261002P00305000,0.83,0.9,0.865,0.88,-0.915,-50.9749,1210.0,1810.0,0.2856,-0.0816,0.0066,0.1238,-0.0803,-0.0142,0.8554,1.31,1.63,0.82,1.7950000166893,up,2026-09-11T12:35:26,119.0,389.0
AAPL,2026-10-02,21,Call,310.0,AAPL261002C00310000,25.65,26.6,26.125,26.1,7.25,38.4615,89.0,2053.0,0.2649,0.8872,0.0087,0.1566,-0.0979,0.1556,26.2385,23.8,28.0,23.35,18.8499994277954,down,2026-09-11T12:32:41,449.0,95.0
AAPL,2026-10-02,21,Put,310.0,AAPL261002P00310000,1.19,1.28,1.2349999999999999,1.25,-1.365,-52.1989,613.0,1328.0,0.2731,-0.1137,0.0088,0.1574,-0.0989,-0.0196,1.2249,2.09,2.09,1.18,2.61500000953674,up,2026-09-11T12:39:59,195.0,365.0
AAPL,2026-10-02,21,Call,315.0,AAPL261002C00315000,21.4,22.05,21.725,22.19,7.09,46.9536,127.0,896.0,0.2579,0.8421,0.0114,0.1964,-0.1198,0.1495,21.8153,16.33,23.34,16.33,15.1000003814697,up,2026-09-11T12:17:08,464.0,10.0
AAPL,2026-10-02,21,Put,315.0,AAPL261002P00315000,1.77,1.85,1.81,1.81,-2.015,-52.6797,233.0,604.0,0.2634,-0.1593,0.0115,0.1973,-0.1211,-0.027,1.7947,3.2,3.35,1.71,3.82500004768372,down,2026-09-11T12:28:16,123.0,382.0
AAPL,2026-10-02,21,Call,320.0,AAPL261002C00320000,17.45,17.85,17.65,17.59,5.965,51.3118,483.0,1139.0,0.2538,0.7812,0.0143,0.2392,-0.1433,0.1402,17.6755,12.81,19.2,12.35,11.625,up,2026-09-11T12:38:54,205.0,29.0
AAPL,2026-10-02,21,Put,320.0,AAPL261002P00320000,2.62,2.75,2.685,2.7,-2.7,-50.0,1058.0,925.0,0.2564,-0.2208,0.0145,0.2401,-0.145,-0.0369,2.6497,4.6,4.6,2.5,5.40000009536743,no_change,2026-09-11T12:35:49,329.0,502.0
AAPL,2026-10-02,21,Call,325.0,AAPL261002C00325000,13.55,14.1,13.825,14.01,5.21,59.2046,316.0,1991.0,0.2461,0.7041,0.0172,0.2791,-0.1648,0.1275,13.9103,9.9,15.6,9.65,8.7999997138977,no_change,2026-09-11T12:33:40,344.0,25.0
AAPL,2026-10-02,21,Put,325.0,AAPL261002P00325000,3.85,4.0,3.925,3.92,-3.605,-47.907,357.0,898.0,0.2506,-0.299,0.0174,0.2804,-0.1669,-0.0485,3.8861,6.14,6.85,3.68,7.52500009536743,down,2026-09-11T12:38:16,128.0,591.0
AAPL,2026-10-02,21,Call,330.0,AAPL261002C00330000,10.45,10.8,10.625,10.58,4.205,65.9608,1190.0,2041.0,0.2456,0.6131,0.0193,0.3084,-0.1801,0.1118,10.602,7.1,12.05,7.1,6.375,up,2026-09-11T12:40:39,200.0,230.0
AAPL,2026-10-02,21,Put,330.0,AAPL261002P00330000,5.55,5.75,5.65,5.65,-4.5,-44.335,691.0,301.0,0.247,-0.3913,0.0196,0.3089,-0.1828,-0.0612,5.5849,9.0,9.0,5.25,10.1500000953674,up,2026-09-11T12:38:35,27.0,741.0
AAPL,2026-10-02,21,Call,335.0,AAPL261002C00335000,7.7,7.9,7.800000000000001,7.77,3.245,71.7127,1187.0,1791.0,0.2416,0.5135,0.0204,0.3209,-0.1854,0.0942,7.8076,5.05,9.05,5.0,4.52499985694885,up,2026-09-11T12:40:39,207.0,103.0
AAPL,2026-10-02,21,Put,335.0,AAPL261002P00335000,7.7,8.0,7.85,7.82,-5.655,-41.9666,750.0,65.0,0.2432,-0.4927,0.0208,0.3203,-0.1888,-0.074,7.8054,9.4,9.6,7.3,13.4749999046326,down,2026-09-11T12:40:08,56.0,546.0
AAPL,2026-10-02,21,Call,340.0,AAPL261002C00340000,5.4,5.6,5.5,5.5,2.4,77.4193,1432.0,4835.0,0.2382,0.4124,0.0201,0.3136,-0.1792,0.076,5.5482,3.35,6.64,3.1,3.10000002384186,no_change,2026-09-11T12:40:24,321.0,262.0
AAPL,2026-10-02,21,Put,340.0,AAPL261002P00340000,10.3,10.75,10.525,10.6,-6.3,-37.2781,66.0,30.0,0.2382,-0.5959,0.0206,0.3112,-0.1833,-0.0844,10.5725,14.5,14.5,10.0,16.8999996185303,down,2026-09-11T12:23:59,205.0,407.0
AAPL,2026-10-02,21,Call,345.0,AAPL261002C00345000,3.6,3.85,3.725,3.73,1.64,78.4689,576.0,6011.0,0.2356,0.3172,0.0185,0.2879,-0.1626,0.0586,3.8035,2.33,4.6,2.33,2.0900000333786,up,2026-09-11T12:40:07,647.0,439.0
AAPL,2026-10-02,21,Put,345.0,AAPL261002P00345000,13.4,14.4,13.9,13.3,-7.75,-36.8171,26.0,38.0,0.2397,-0.6937,0.019,0.2827,-0.1674,-0.0901,13.8644,14.75,14.8,13.3,21.0500001907349,down,2026-09-11T11:07:12,179.0,341.0
AAPL,2026-10-02,21,Call,350.0,AAPL261002C00350000,2.4,2.54,2.4699999999999998,2.48,1.11,81.0219,3164.0,2190.0,0.2358,0.2338,0.0159,0.2486,-0.1388,0.0432,2.519,1.44,3.13,1.44,1.37000000476837,up,2026-09-11T12:36:57,564.0,565.0
AAPL,2026-10-02,21,Put,350.0,AAPL261002P00350000,16.7,17.95,17.325,16.68,-8.795,-34.524,4.0,47.0,0.2245,-0.7801,0.0166,0.2378,-0.1446,-0.0888,17.6318,17.47,17.47,16.68,25.4750003814697,down,2026-09-11T11:14:50,350.0,139.0
AAPL,2026-10-02,21,Call,355.0,AAPL261002C00355000,1.55,1.63,1.5899999999999999,1.62,0.71,78.022,210.0,1164.0,0.2366,0.1655,0.0129,0.2031,-0.1119,0.0306,1.6173,1.1,2.04,1.1,0.909999996423721,down,2026-09-11T12:31:32,275.0,191.0
AAPL,2026-10-02,21,Put,355.0,AAPL261002P00355000,20.5,22.75,21.625,30.3,0.0,0.0,0.0,28.0,0.2284,-0.8518,0.0137,0.1871,-0.1187,-0.0792,21.7951,0.0,0.0,0.0,29.875,no_change,2026-09-10T13:54:27,379.0,154.0
AAPL,2026-10-02,21,Call,360.0,AAPL261002C00360000,0.96,1.05,1.005,1.07,0.495,86.087,857.0,2397.0,0.2385,0.1131,0.0099,0.1579,-0.0858,0.0209,1.0118,0.61,1.32,0.61,0.574999988079071,up,2026-09-11T12:19:39,290.0,436.0
AAPL,2026-10-02,21,Put,360.0,AAPL261002P00360000,25.0,27.8,26.4,34.6,0.0,0.0,0.0,10.0,0.2486,-0.9075,0.0106,0.135,-0.0929,-0.0653,26.2694,0.0,0.0,0.0,34.6000003814697,down,2026-09-10T15:43:07,162.0,48.0
AAPL,2026-10-02,21,Call,365.0,AAPL261002C00365000,0.6,0.65,0.625,0.65,0.265,68.8312,597.0,328.0,0.2409,0.0752,0.0073,0.1177,-0.0633,0.0139,0.6231,0.33,0.85,0.33,0.384999990463257,no_change,2026-09-11T12:34:17,331.0,287.0
AAPL,2026-10-02,21,Put,365.0,AAPL261002P00365000,29.7,32.7,31.200000000000003,40.0,0.0,0.0,0.0,2.0,0.2646,-0.9473,0.0076,0.0868,-0.0674,-0.0456,30.9711,0.0,0.0,0.0,39.8250007629394,up,2026-09-10T13:54:28,139.0,44.0
AAPL,2026-10-02,21,Call,370.0,AAPL261002C00370000,0.36,0.4,0.38,0.38,0.13,52.0,866.0,1241.0,0.2428,0.0496,0.0052,0.0858,-0.0457,0.0091,0.3851,0.28,0.51,0.28,0.249999992549419,down,2026-09-11T12:33:43,391.0,169.0
AAPL,2026-10-02,21,Put,370.0,AAPL261002P00370000,34.55,37.75,36.15,52.7,0.0,0.0,0.0,1.0,0.2897,-0.9731,0.0048,0.0498,-0.0428,-0.0245,35.8206,0.0,0.0,0.0,44.5750007629394,down,2026-08-20T09:55:35,129.0,21.0
AAPL,2026-10-02,21,Call,375.0,AAPL261002C00375000,0.22,0.27,0.245,0.26,0.09,52.9412,197.0,100.0,0.2485,0.0324,0.0036,0.0612,-0.0324,0.0059,0.2384,0.18,0.34,0.16,0.170000001788139,up,2026-09-11T12:17:05,212.0,608.0
AAPL,2026-10-02,21,Put,375.0,AAPL261002P00375000,39.5,42.6,41.05,41.68,-7.945,-16.0101,11.0,0.0,0.3068,-0.9876,0.0027,0.0254,-0.0227,-0.0122,40.7543,41.02,41.68,39.4,49.625,up,2026-09-11T12:29:13,153.0,37.0
AAPL,2026-10-02,21,Call,380.0,AAPL261002C00380000,0.1,0.17,0.135,0.17,0.09,112.5,20.0,223.0,0.2486,0.0213,0.0025,0.0434,-0.023,0.0039,0.1504,0.14,0.21,0.14,0.0799999982118606,down,2026-09-11T10:19:18,672.0,329.0
AAPL,2026-10-02,21,Put,380.0,AAPL261002P00380000,44.5,47.7,46.1,45.74,-8.935,-16.342,12.0,0.0,0.3403,-0.9947,0.0014,0.0121,-0.0101,-0.0049,45.7285,48.5,48.5,44.51,54.6749992370606,down,2026-09-11T12:28:22,155.0,37.0
AAPL,2026-10-02,21,Call,385.0,AAPL261002C00385000,0.08,0.13,0.10500000000000001,0.12,0.04,50.0,103.0,176.0,0.2612,0.0144,0.0017,0.0313,-0.0167,0.0026,0.0989,0.09,0.17,0.09,0.0800000000745058,down,2026-09-11T11:38:06,154.0,477.0
AAPL,2026-10-02,21,Put,385.0,AAPL261002P00385000,49.05,52.7,50.875,0.0,0.0,0.0,0.0,0.0,0.3308,-0.9979,0.0006,0.0056,-0.0039,-0.003,50.7194,0.0,0.0,0.0,59.6749992370606,no_change,,112.0,11.0
AAPL,2026-10-02,21,Call,390.0,AAPL261002C00390000,0.03,0.1,0.065,0.08,0.03,60.0,1.0,221.0,0.2652,0.0101,0.0012,0.0232,-0.0125,0.0018,0.0685,0.08,0.08,0.08,0.0499999988824129,up,2026-09-11T09:39:31,510.0,661.0
AAPL,2026-10-02,21,Put,390.0,AAPL261002P00390000,54.05,57.7,55.875,0.0,0.0,0.0,0.0,0.0,0.355,-0.9991,0.0003,0.0021,-0.0015,-0.0012,55.7166,0.0,0.0,0.0,64.75,no_change,,109.0,11.0
AAPL,2026-10-02,21,Call,395.0,AAPL261002C00395000,0.03,0.1,0.065,0.03,-0.025,-45.4545,2.0,198.0,0.284,0.0074,0.0009,0.0178,-0.0098,0.0014,0.0503,0.02,0.03,0.02,0.0550000006332994,up,2026-09-11T10:57:18,152.0,661.0
AAPL,2026-10-02,21,Put,395.0,AAPL261002P00395000,59.25,62.7,60.975,0.0,0.0,0.0,0.0,0.0,0.3986,-0.9996,0.0001,0.0011,-0.0006,-0.0003,60.7156,0.0,0.0,0.0,69.8500022888184,no_change,,110.0,11.0
AAPL,2026-10-02,21,Call,400.0,AAPL261002C00400000,0.02,0.04,0.03,0.03,0.0,2.23517e-06,21.0,437.0,0.2784,0.0056,0.0007,0.014,-0.0079,0.001,0.0383,0.04,0.06,0.03,0.0299999993294477,no_change,2026-09-11T12:28:13,190.0,324.0
AAPL,2026-10-02,21,Put,400.0,AAPL261002P00400000,64.05,67.7,65.875,0.0,0.0,0.0,0.0,0.0,0.4015,-0.9998,0.0001,0.0004,-0.0002,-0.0003,65.7153,0.0,0.0,0.0,74.8500022888184,no_change,,109.0,12.0
AAPL,2026-10-02,21,Call,405.0,AAPL261002C00405000,0.01,0.09,0.049999999999999996,0.04,0.0,0.0,0.0,28.0,0.3123,0.0045,0.0005,0.0114,-0.0066,0.0008,0.0308,0.0,0.0,0.0,0.0350000001490116,down,2026-09-10T10:32:42,46.0,491.0
AAPL,2026-10-02,21,Put,405.0,AAPL261002P00405000,69.05,72.7,70.875,0.0,0.0,0.0,0.0,0.0,0.424,-0.9999,0.0,0.0003,-0.0001,0.0,70.7151,0.0,0.0,0.0,79.8000030517578,no_change,,109.0,12.0
AAPL,2026-10-02,21,Call,410.0,AAPL261002C00410000,0.01,0.07,0.04,0.08,0.045,128.571,1.0,23.0,0.3221,0.0037,0.0004,0.0096,-0.0057,0.0007,0.0257,0.08,0.08,0.08,0.034999999217689,down,2026-09-11T10:35:20,40.0,523.0
AAPL,2026-10-02,21,Put,410.0,AAPL261002P00410000,74.05,77.7,75.875,0.0,0.0,0.0,0.0,0.0,0.446,-0.9999,0.0,0.0001,-0.0001,0.0,75.7151,0.0,0.0,0.0,84.7999992370606,no_change,,113.0,12.0
AAPL,2026-10-02,21,Call,415.0,AAPL261002C00415000,0.01,0.1,0.055,0.1,0.08,400.0,33.0,373.0,0.351,0.0031,0.0004,0.0082,-0.0051,0.0006,0.0222,0.13,0.13,0.02,0.0199999995529652,up,2026-09-11T12:27:58,37.0,371.0
AAPL,2026-10-02,21,Put,415.0,AAPL261002P00415000,79.5,82.7,81.1,0.0,0.0,0.0,0.0,0.0,0.5137,-1.0,0.0,0.0001,0.0,0.0,80.715,0.0,0.0,0.0,89.8000030517578,no_change,,106.0,11.0
AAPL,2026-10-09,28,Call,110.0,AAPL261009C00110000,222.65,226.3,224.47500000000002,0.0,0.0,0.0,0.0,0.0,0.0,0.9997,0.0,0.0001,-0.0001,0.084,224.584,0.0,0.0,0.0,215.925003051758,no_change,,97.0,12.0
AAPL,2026-10-09,28,Put,110.0,AAPL261009P00110000,0.0,0.52,0.26,0.0,0.0,0.0,0.0,0.0,1.6977,0.0,0.0,0.0001,-0.0001,0.0,0.0003,0.0,0.0,0.0,0.259999990463257,no_change,,0.0,113.0
AAPL,2026-10-09,28,Call,120.0,AAPL261009C00120000,212.85,216.35,214.6,0.0,0.0,0.0,0.0,0.0,0.0,0.9997,0.0,0.0001,-0.0002,0.0917,214.619,0.0,0.0,0.0,205.950004577637,no_change,,1.0,12.0
AAPL,2026-10-09,28,Put,120.0,AAPL261009P00120000,0.0,0.52,0.26,0.0,0.0,0.0,0.0,0.0,1.5718,0.0,0.0,0.0001,-0.0002,0.0,0.0006,0.0,0.0,0.0,0.259999990463257,no_change,,0.0,49.0
AAPL,2026-10-09,28,Call,125.0,AAPL261009C00125000,207.7,211.35,209.52499999999998,0.0,0.0,0.0,0.0,0.0,0.0,0.9997,0.0,0.0001,-0.0002,0.0955,209.6366,0.0,0.0,0.0,201.0,no_change,,97.0,12.0
AAPL,2026-10-09,28,Put,125.0,AAPL261009P00125000,0.0,0.52,0.26,0.0,0.0,0.0,0.0,0.0,1.5129,0.0,0.0,0.0001,-0.0002,0.0,0.0007,0.0,0.0,0.0,0.259999990463257,no_change,,0.0,49.0
AAPL,2026-10-09,28,Call,130.0,AAPL261009C00130000,202.7,206.35,204.52499999999998,0.0,0.0,0.0,0.0,0.0,0.0,0.9997,0.0,0.0002,-0.0003,0.0993,204.6542,0.0,0.0,0.0,195.975006103516,no_change,,97.0,12.0
AAPL,2026-10-09,28,Put,130.0,AAPL261009P00130000,0.0,0.52,0.26,0.01,0.0,0.0,0.0,8.0,1.4563,0.0,0.0,0.0002,-0.0003,0.0,0.001,0.0,0.0,0.0,0.259999990463257,no_change,2026-09-01T11:46:16,0.0,113.0
AAPL,2026-10-09,28,Call,135.0,AAPL261009C00135000,197.9,201.4,199.65,0.0,0.0,0.0,0.0,0.0,0.0,0.9997,0.0,0.0003,-0.0004,0.1031,199.6719,0.0,0.0,0.0,191.0,no_change,,86.0,12.0
AAPL,2026-10-09,28,Put,135.0,AAPL261009P00135000,0.0,0.52,0.26,0.0,0.0,0.0,0.0,0.0,1.4019,-0.0001,0.0,0.0003,-0.0004,0.0,0.0013,0.0,0.0,0.0,0.259999990463257,no_change,,0.0,49.0
AAPL,2026-10-09,28,Call,140.0,AAPL261009C00140000,192.8,196.4,194.60000000000002,0.0,0.0,0.0,0.0,0.0,0.0,0.9997,0.0,0.0003,-0.0004,0.1069,194.6897,0.0,0.0,0.0,186.024993896484,no_change,,88.0,12.0
AAPL,2026-10-09,28,Put,140.0,AAPL261009P00140000,0.0,0.52,0.26,0.0,0.0,0.0,0.0,0.0,1.3495,-0.0001,0.0,0.0003,-0.0004,0.0,0.0017,0.0,0.0,0.0,0.259999990463257,no_change,,0.0,49.0
AAPL,2026-10-09,28,Call,145.0,AAPL261009C00145000,187.85,191.4,189.625,0.0,0.0,0.0,0.0,0.0,0.0,0.9996,0.0,0.0004,-0.0006,0.1107,189.7075,0.0,0.0,0.0,181.024993896484,no_change,,86.0,12.0
AAPL,2026-10-09,28,Put,145.0,AAPL261009P00145000,0.0,0.52,0.26,0.0,0.0,0.0,0.0,0.0,1.2989,-0.0001,0.0,0.0004,-0.0006,0.0,0.0022,0.0,0.0,0.0,0.259999990463257,no_change,,0.0,113.0
AAPL,2026-10-09,28,Call,150.0,AAPL261009C00150000,182.8,186.45,184.625,0.0,0.0,0.0,0.0,0.0,0.0,0.9996,0.0,0.0005,-0.0007,0.1146,184.7255,0.0,0.0,0.0,176.049995422363,no_change,,97.0,12.0
AAPL,2026-10-09,28,Put,150.0,AAPL261009P00150000,0.0,0.52,0.26,0.0,0.0,0.0,0.0,0.0,1.2501,-0.0001,0.0,0.0006,-0.0007,0.0,0.0027,0.0,0.0,0.0,0.259999990463257,no_change,,0.0,109.0
AAPL,2026-10-09,28,Call,155.0,AAPL261009C00155000,177.8,181.45,179.625,0.0,0.0,0.0,0.0,0.0,0.0,0.9996,0.0,0.0007,-0.0008,0.1184,179.7435,0.0,0.0,0.0,171.099998474121,no_change,,97.0,12.0
AAPL,2026-10-09,28,Put,155.0,AAPL261009P00155000,0.0,0.52,0.26,0.0,0.0,0.0,0.0,0.0,1.2028,-0.0002,0.0,0.0007,-0.0008,0.0,0.0034,0.0,0.0,0.0,0.259999990463257,no_change,,0.0,113.0
AAPL,2026-10-09,28,Call,160.0,AAPL261009C00160000,172.95,176.45,174.7,0.0,0.0,0.0,0.0,0.0,0.0,0.9995,0.0,0.0008,-0.001,0.1222,174.7617,0.0,0.0,0.0,166.099998474121,no_change,,86.0,12.0
AAPL,2026-10-09,28,Put,160.0,AAPL261009P00160000,0.0,0.52,0.26,0.0,0.0,0.0,0.0,0.0,1.157,-0.0002,0.0,0.0008,-0.001,-0.0001,0.0043,0.0,0.0,0.0,0.259999990463257,no_change,,0.0,113.0
AAPL,2026-10-09,28,Call,165.0,AAPL261009C00165000,167.85,171.5,169.675,0.0,0.0,0.0,0.0,0.0,0.0,0.9994,0.0,0.001,-0.0012,0.126,169.7801,0.0,0.0,0.0,161.099998474121,no_change,,97.0,12.0
AAPL,2026-10-09,28,Put,165.0,AAPL261009P00165000,0.0,0.51,0.255,0.0,0.0,0.0,0.0,0.0,1.1096,-0.0003,0.0,0.001,-0.0012,-0.0001,0.0053,0.0,0.0,0.0,0.259999990463257,no_change,,0.0,13.0
AAPL,2026-10-09,28,Call,170.0,AAPL261009C00170000,162.85,166.5,164.675,0.0,0.0,0.0,0.0,0.0,0.0,0.9994,0.0,0.0013,-0.0015,0.1298,164.7987,0.0,0.0,0.0,156.150001525879,no_change,,97.0,12.0
AAPL,2026-10-09,28,Put,170.0,AAPL261009P00170000,0.0,0.51,0.255,0.0,0.0,0.0,0.0,0.0,1.0666,-0.0004,0.0,0.0013,-0.0015,-0.0001,0.0065,0.0,0.0,0.0,0.254999995231628,no_change,,0.0,11.0
AAPL,2026-10-09,28,Call,175.0,AAPL261009C00175000,157.85,161.5,159.675,0.0,0.0,0.0,0.0,0.0,0.0,0.9993,0.0,0.0015,-0.0017,0.1336,159.8175,0.0,0.0,0.0,151.375,no_change,,97.0,12.0
AAPL,2026-10-09,28,Put,175.0,AAPL261009P00175000,0.0,0.5,0.25,0.0,0.0,0.0,0.0,0.0,1.0222,-0.0005,0.0,0.0015,-0.0017,-0.0001,0.0079,0.0,0.0,0.0,0.245000004768372,no_change,,0.0,13.0
AAPL,2026-10-09,28,Call,180.0,AAPL261009C00180000,152.95,156.55,154.75,0.0,0.0,0.0,0.0,0.0,0.0,0.9992,0.0,0.0019,-0.002,0.1374,154.8365,0.0,0.0,0.0,146.175003051758,no_change,,88.0,12.0
AAPL,2026-10-09,28,Put,180.0,AAPL261009P00180000,0.0,0.49,0.245,0.0,0.0,0.0,0.0,0.0,0.9791,-0.0006,0.0,0.0019,-0.002,-0.0001,0.0095,0.0,0.0,0.0,0.234999999403954,no_change,,0.0,75.0
AAPL,2026-10-09,28,Call,185.0,AAPL261009C00185000,147.9,151.55,149.72500000000002,0.0,0.0,0.0,0.0,0.0,0.0,0.9991,0.0,0.0022,-0.0024,0.1412,149.8558,0.0,0.0,0.0,141.224998474121,no_change,,97.0,12.0
AAPL,2026-10-09,28,Put,185.0,AAPL261009P00185000,0.0,0.48,0.24,0.0,0.0,0.0,0.0,0.0,0.9375,-0.0007,0.0,0.0022,-0.0024,-0.0002,0.0114,0.0,0.0,0.0,0.224999994039536,no_change,,0.0,113.0
AAPL,2026-10-09,28,Call,190.0,AAPL261009C00190000,142.9,146.55,144.72500000000002,0.0,0.0,0.0,0.0,0.0,0.0,0.9989,0.0,0.0027,-0.0028,0.1449,144.8754,0.0,0.0,0.0,136.425003051758,no_change,,97.0,12.0
AAPL,2026-10-09,28,Put,190.0,AAPL261009P00190000,0.0,0.46,0.23,0.03,0.0,0.0,0.0,21.0,0.8942,-0.0008,0.0,0.0027,-0.0028,-0.0002,0.0137,0.0,0.0,0.0,0.215000003576279,down,2026-09-08T10:22:50,0.0,113.0
AAPL,2026-10-09,28,Call,195.0,AAPL261009C00195000,137.95,141.6,139.77499999999998,130.58,0.0,0.0,0.0,1.0,0.0,0.9988,0.0001,0.0032,-0.0033,0.1487,139.8955,0.0,0.0,0.0,131.275001525879,down,2026-09-02T12:28:38,97.0,12.0
AAPL,2026-10-09,28,Put,195.0,AAPL261009P00195000,0.0,0.44,0.22,0.03,0.0,0.0,0.0,6.0,0.8521,-0.001,0.0001,0.0032,-0.0033,-0.0002,0.0164,0.0,0.0,0.0,0.200000002980232,down,2026-09-04T13:21:38,0.0,114.0
AAPL,2026-10-09,28,Call,200.0,AAPL261009C00200000,132.95,136.6,134.77499999999998,0.0,0.0,0.0,0.0,0.0,0.0,0.9985,0.0001,0.0038,-0.0038,0.1525,134.916,0.0,0.0,0.0,126.275001525879,no_change,,97.0,12.0
AAPL,2026-10-09,28,Put,200.0,AAPL261009P00200000,0.0,0.03,0.015,0.03,0.0,0.0,0.0,20.0,0.6171,-0.0012,0.0001,0.0038,-0.0038,-0.0003,0.0196,0.0,0.0,0.0,0.0149999996647239,no_change,2026-09-10T15:52:58,0.0,1.0
AAPL,2026-10-09,28,Call,205.0,AAPL261009C00205000,128.0,131.65,129.825,0.0,0.0,0.0,0.0,0.0,0.0,0.9983,0.0001,0.0045,-0.0044,0.1562,129.937,0.0,0.0,0.0,121.474998474121,no_change,,97.0,12.0
AAPL,2026-10-09,28,Put,205.0,AAPL261009P00205000,0.0,0.38,0.19,0.04,0.0,0.0,0.0,26.0,0.7661,-0.0015,0.0001,0.0045,-0.0044,-0.0004,0.0232,0.0,0.0,0.0,0.159999996423721,down,2026-09-09T09:58:45,0.0,114.0
AAPL,2026-10-09,28,Call,210.0,AAPL261009C00210000,123.0,126.65,124.825,0.0,0.0,0.0,0.0,0.0,0.0,0.998,0.0001,0.0054,-0.005,0.16,124.9587,0.0,0.0,0.0,116.325000762939,no_change,,97.0,12.0
AAPL,2026-10-09,28,Put,210.0,AAPL261009P00210000,0.0,0.34,0.17,0.03,0.0,0.0,0.0,4.0,0.7219,-0.0018,0.0001,0.0054,-0.005,-0.0004,0.0275,0.0,0.0,0.0,0.135000005364418,down,2026-09-10T10:46:21,0.0,91.0
AAPL,2026-10-09,28,Call,215.0,AAPL261009C00215000,118.0,121.65,119.825,0.0,0.0,0.0,0.0,0.0,0.0,0.9976,0.0001,0.0064,-0.0058,0.1637,119.9812,0.0,0.0,0.0,111.375,no_change,,102.0,13.0
AAPL,2026-10-09,28,Put,215.0,AAPL261009P00215000,0.0,0.3,0.15,0.08,0.0,0.0,0.0,14.0,0.6783,-0.0021,0.0001,0.0064,-0.0058,-0.0005,0.0326,0.0,0.0,0.0,0.0449999989941716,no_change,2026-09-10T14:03:17,0.0,278.0
AAPL,2026-10-09,28,Call,220.0,AAPL261009C00220000,113.05,116.7,114.875,101.32,0.0,0.0,0.0,1.0,0.0,0.9972,0.0001,0.0075,-0.0067,0.1674,115.0046,0.0,0.0,0.0,106.574996948242,up,2026-09-04T10:49:07,102.0,4.0
AAPL,2026-10-09,28,Put,220.0,AAPL261009P00220000,0.01,0.12,0.065,0.06,0.0,6.8297e-07,3.0,6.0,0.5872,-0.0026,0.0001,0.0076,-0.0067,-0.0006,0.0387,0.12,0.12,0.06,0.0599999995902181,down,2026-09-11T11:03:06,38.0,371.0
AAPL,2026-10-09,28,Call,225.0,AAPL261009C00225000,108.05,111.7,109.875,0.0,0.0,0.0,0.0,0.0,0.0,0.9967,0.0002,0.0089,-0.0076,0.1711,110.0292,0.0,0.0,0.0,101.599998474121,no_change,,102.0,6.0
AAPL,2026-10-09,28,Put,225.0,AAPL261009P00225000,0.01,0.09,0.049999999999999996,0.09,0.035,63.6364,1.0,3.0,0.5432,-0.0031,0.0002,0.0089,-0.0077,-0.0008,0.0459,0.09,0.09,0.09,0.0550000006332994,down,2026-09-11T10:41:23,180.0,430.0
AAPL,2026-10-09,28,Call,230.0,AAPL261009C00230000,103.1,106.75,104.925,0.0,0.0,0.0,0.0,0.0,0.0,0.996,0.0002,0.0106,-0.0088,0.1747,105.0551,0.0,0.0,0.0,96.625,no_change,,102.0,10.0
AAPL,2026-10-09,28,Put,230.0,AAPL261009P00230000,0.01,0.11,0.06,0.05,-0.015,-23.0769,3.0,8.0,0.5258,-0.0037,0.0002,0.0106,-0.0088,-0.0009,0.0545,0.05,0.05,0.05,0.0649999994784594,down,2026-09-11T10:41:41,215.0,336.0
AAPL,2026-10-09,28,Call,235.0,AAPL261009C00235000,98.25,101.75,100.0,0.0,0.0,0.0,0.0,0.0,0.0,0.9953,0.0003,0.0125,-0.0101,0.1784,100.0827,0.0,0.0,0.0,91.6750030517578,no_change,,90.0,10.0
AAPL,2026-10-09,28,Put,235.0,AAPL261009P00235000,0.01,0.1,0.055,0.12,0.0,0.0,0.0,22.0,0.4937,-0.0045,0.0003,0.0126,-0.0101,-0.0011,0.0647,0.0,0.0,0.0,0.0650000004097819,up,2026-09-09T13:29:32,374.0,409.0
AAPL,2026-10-09,28,Call,240.0,AAPL261009C00240000,93.2,95.3,94.25,81.96,0.0,0.0,0.0,25.0,0.0,0.9943,0.0003,0.0149,-0.0116,0.1819,95.1124,0.0,0.0,0.0,86.7000007629394,up,2026-08-28T11:10:57,89.0,10.0
AAPL,2026-10-09,28,Put,240.0,AAPL261009P00240000,0.02,0.12,0.06999999999999999,0.12,0.0,0.0,0.0,20.0,0.4795,-0.0054,0.0003,0.0149,-0.0116,-0.0013,0.077,0.0,0.0,0.0,0.0799999982118606,no_change,2026-09-09T14:09:06,261.0,275.0
AAPL,2026-10-09,28,Call,245.0,AAPL261009C00245000,88.2,91.8,90.0,75.09,0.0,0.0,0.0,5.0,0.0,0.9932,0.0004,0.0176,-0.0133,0.1855,90.1446,0.0,0.0,0.0,81.7249984741211,up,2026-09-10T10:12:37,102.0,10.0
AAPL,2026-10-09,28,Put,245.0,AAPL261009P00245000,0.03,0.14,0.085,0.16,0.0,0.0,0.0,116.0,0.4629,-0.0066,0.0004,0.0177,-0.0133,-0.0016,0.0919,0.0,0.0,0.0,0.109999997541308,down,2026-09-09T14:44:20,272.0,273.0
AAPL,2026-10-09,28,Call,250.0,AAPL261009C00250000,83.2,86.85,85.025,75.33,0.0,0.0,0.0,2.0,0.0,0.9917,0.0005,0.021,-0.0153,0.1889,85.1798,0.0,0.0,0.0,76.7750015258789,no_change,2026-09-10T13:29:33,102.0,10.0
AAPL,2026-10-09,28,Put,250.0,AAPL261009P00250000,0.05,0.16,0.10500000000000001,0.12,0.0,0.0,0.0,133.0,0.4471,-0.008,0.0005,0.021,-0.0153,-0.002,0.1099,0.0,0.0,0.0,0.129999998956919,down,2026-09-10T15:26:31,391.0,458.0
AAPL,2026-10-09,28,Call,255.0,AAPL261009C00255000,78.25,81.9,80.075,62.69,0.0,0.0,0.0,20.0,0.0,0.99,0.0006,0.025,-0.0175,0.1923,80.2189,0.0,0.0,0.0,71.75,down,2026-09-08T13:45:30,102.0,10.0
AAPL,2026-10-09,28,Put,255.0,AAPL261009P00255000,0.09,0.17,0.13,0.17,0.0,0.0,0.0,31.0,0.4316,-0.0098,0.0006,0.0251,-0.0176,-0.0024,0.1316,0.0,0.0,0.0,0.16499999910593,down,2026-09-10T13:21:47,222.0,531.0
AAPL,2026-10-09,28,Call,260.0,AAPL261009C00260000,73.55,76.95,75.25,65.61,0.0,0.0,0.0,9.0,0.4101,0.9878,0.0008,0.0298,-0.0201,0.1955,75.2628,0.0,0.0,0.0,66.875,no_change,2026-09-10T13:29:33,90.0,10.0
AAPL,2026-10-09,28,Put,260.0,AAPL261009P00260000,0.12,0.21,0.16499999999999998,0.14,-0.07,-33.3333,305.0,84.0,0.4174,-0.012,0.0008,0.0298,-0.0202,-0.0029,0.1583,0.18,0.19,0.14,0.21000000089407,no_change,2026-09-11T11:25:18,352.0,609.0
AAPL,2026-10-09,28,Call,265.0,AAPL261009C00265000,68.35,72.0,70.175,59.81,0.0,0.0,0.0,10.0,0.338,0.9851,0.001,0.0356,-0.0231,0.1986,70.3127,0.0,0.0,0.0,61.9749984741211,no_change,2026-09-10T13:15:57,102.0,10.0
AAPL,2026-10-09,28,Put,265.0,AAPL261009P00265000,0.16,0.21,0.185,0.21,-0.065,-23.6364,23.0,46.0,0.3961,-0.0147,0.001,0.0356,-0.0232,-0.0036,0.1909,0.19,0.22,0.19,0.275000005960464,down,2026-09-11T10:54:38,129.0,359.0
AAPL,2026-10-09,28,Call,270.0,AAPL261009C00270000,63.45,67.05,65.25,65.57,8.62,15.1361,174.0,9.0,0.3433,0.9817,0.0012,0.0424,-0.0266,0.2016,65.3704,66.17,66.86,64.77,56.9500007629394,no_change,2026-09-11T12:15:48,143.0,19.0
AAPL,2026-10-09,28,Put,270.0,AAPL261009P00270000,0.19,0.26,0.225,0.25,-0.075,-23.0769,58.0,626.0,0.3792,-0.0181,0.0012,0.0426,-0.0267,-0.0043,0.2314,0.23,0.25,0.22,0.325000002980232,up,2026-09-11T12:05:33,297.0,354.0
AAPL,2026-10-09,28,Call,275.0,AAPL261009C00275000,59.5,62.1,60.8,60.68,8.605,16.5242,174.0,12.0,0.4206,0.9774,0.0016,0.051,-0.0306,0.2043,60.4381,61.18,61.88,59.89,52.0750007629394,no_change,2026-09-11T12:15:48,142.0,30.0
AAPL,2026-10-09,28,Put,275.0,AAPL261009P00275000,0.2,0.31,0.255,0.29,-0.14,-32.5581,143.0,106.0,0.3581,-0.0224,0.0016,0.051,-0.0308,-0.0054,0.282,0.3,0.3,0.27,0.429999992251396,up,2026-09-11T12:00:49,523.0,519.0
AAPL,2026-10-09,28,Call,280.0,AAPL261009C00280000,54.25,56.3,55.275,55.3,8.1,17.161,88.0,244.0,0.2884,0.9718,0.002,0.0613,-0.0353,0.2066,55.5199,49.31,56.04,49.31,47.1999988555908,down,2026-09-11T12:41:13,372.0,101.0
AAPL,2026-10-09,28,Put,280.0,AAPL261009P00280000,0.31,0.37,0.33999999999999997,0.33,-0.21,-38.8889,33.0,404.0,0.346,-0.028,0.002,0.0615,-0.0355,-0.0067,0.3468,0.45,0.45,0.33,0.53999999165535,no_change,2026-09-11T12:26:50,170.0,324.0
AAPL,2026-10-09,28,Call,285.0,AAPL261009C00285000,49.35,51.45,50.400000000000006,50.37,7.995,18.8673,87.0,55.0,0.2926,0.9645,0.0025,0.0743,-0.041,0.2085,50.6218,50.54,51.26,50.11,42.375,down,2026-09-11T12:41:13,206.0,86.0
AAPL,2026-10-09,28,Put,285.0,AAPL261009P00285000,0.41,0.45,0.43,0.42,-0.29,-40.8451,48.0,299.0,0.3308,-0.0354,0.0025,0.0745,-0.0412,-0.0085,0.4316,0.66,0.66,0.4,0.71000000834465,down,2026-09-11T12:23:56,1.0,300.0
AAPL,2026-10-09,28,Call,290.0,AAPL261009C00290000,44.7,47.45,46.075,32.1,0.0,0.0,0.0,19.0,0.3478,0.9547,0.0032,0.0904,-0.048,0.2098,45.7541,0.0,0.0,0.0,37.5499992370606,up,2026-09-10T09:53:19,130.0,22.0
AAPL,2026-10-09,28,Put,290.0,AAPL261009P00290000,0.51,0.57,0.54,0.57,-0.38,-40.0,220.0,797.0,0.3147,-0.0452,0.0032,0.0905,-0.0483,-0.0107,0.5474,0.8,0.87,0.52,0.950000017881394,up,2026-09-11T12:37:08,196.0,314.0
AAPL,2026-10-09,28,Call,295.0,AAPL261009C00295000,39.95,42.4,41.175,40.81,7.66,23.1071,59.0,152.0,0.322,0.9413,0.0042,0.111,-0.0566,0.2101,40.9333,34.97,41.1,34.97,33.1499996185303,down,2026-09-11T10:28:51,376.0,256.0
AAPL,2026-10-09,28,Put,295.0,AAPL261009P00295000,0.67,0.73,0.7,0.7,-0.565,-44.664,209.0,548.0,0.3003,-0.0587,0.0042,0.1116,-0.057,-0.0138,0.7099,1.1,1.16,0.67,1.26500004529953,down,2026-09-11T12:34:22,297.0,139.0
AAPL,2026-10-09,28,Call,300.0,AAPL261009C00300000,35.2,37.8,36.5,37.55,9.4,33.3925,14.0,37.0,0.3104,0.9226,0.0054,0.1373,-0.0675,0.2089,36.1844,32.75,37.55,32.7,28.1499996185303,up,2026-09-11T11:18:09,225.0,111.0
AAPL,2026-10-09,28,Put,300.0,AAPL261009P00300000,0.92,0.98,0.95,0.95,-0.795,-45.5587,376.0,1527.0,0.2888,-0.0775,0.0054,0.1384,-0.068,-0.0183,0.9444,1.49,1.61,0.87,1.74500000476837,no_change,2026-09-11T12:37:56,43.0,284.0
AAPL,2026-10-09,28,Call,305.0,AAPL261009C00305000,30.9,32.3,31.599999999999998,32.6,8.45,34.9896,30.0,74.0,0.2805,0.8968,0.0069,0.1696,-0.0809,0.2059,31.5436,27.75,32.86,27.7,24.1500005722046,down,2026-09-11T11:27:05,364.0,238.0
AAPL,2026-10-09,28,Put,305.0,AAPL261009P00305000,1.26,1.34,1.3,1.32,-1.095,-45.3416,245.0,605.0,0.2776,-0.1039,0.007,0.171,-0.0818,-0.0243,1.2932,1.9,2.05,1.22,2.41499996185303,up,2026-09-11T12:39:59,38.0,340.0
AAPL,2026-10-09,28,Call,310.0,AAPL261009C00310000,26.1,27.55,26.825000000000003,26.21,6.26,31.3784,28.0,277.0,0.256,0.8616,0.0088,0.2078,-0.0967,0.2003,27.0594,21.8,28.2,20.99,19.9499998092651,down,2026-09-11T12:05:32,503.0,34.0
AAPL,2026-10-09,28,Put,310.0,AAPL261009P00310000,1.75,1.87,1.81,1.8,-1.625,-47.4453,395.0,346.0,0.2685,-0.1396,0.0089,0.2092,-0.0978,-0.0323,1.7971,2.93,3.1,1.66,3.42499995231628,down,2026-09-11T12:39:48,175.0,649.0
AAPL,2026-10-09,28,Call,315.0,AAPL261009C00315000,22.35,23.05,22.700000000000003,23.15,7.05,43.7888,27.0,620.0,0.2565,0.8152,0.011,0.25,-0.1141,0.1917,22.7912,22.0,24.4,21.0,16.0999999046326,down,2026-09-11T12:17:07,247.0,10.0
AAPL,2026-10-09,28,Put,315.0,AAPL261009P00315000,2.43,2.59,2.51,2.48,-2.245,-47.5132,495.0,392.0,0.2598,-0.1866,0.0111,0.2522,-0.1155,-0.0426,2.5195,4.0,4.0,2.43,4.72499990463257,down,2026-09-11T12:20:31,526.0,549.0
AAPL,2026-10-09,28,Call,320.0,AAPL261009C00320000,18.1,19.15,18.625,18.67,5.72,44.1699,166.0,415.0,0.2478,0.7566,0.0132,0.2925,-0.1313,0.1797,18.8055,14.05,20.5,14.05,12.9500002861023,down,2026-09-11T12:29:47,339.0,58.0
AAPL,2026-10-09,28,Put,320.0,AAPL261009P00320000,3.45,3.6,3.5250000000000004,3.5,-2.9,-45.3125,265.0,551.0,0.2543,-0.2454,0.0134,0.2946,-0.133,-0.055,3.5193,5.09,5.4,3.4,6.40000009536743,no_change,2026-09-11T12:41:00,183.0,488.0
AAPL,2026-10-09,28,Call,325.0,AAPL261009C00325000,14.7,15.4,15.05,15.22,5.145,51.067,229.0,743.0,0.2456,0.6863,0.0152,0.3302,-0.1463,0.1644,15.1688,11.1,16.25,10.8,10.0749998092651,no_change,2026-09-11T12:22:04,460.0,73.0
AAPL,2026-10-09,28,Put,325.0,AAPL261009P00325000,4.8,5.05,4.925,4.92,-3.605,-42.2874,175.0,234.0,0.2502,-0.3174,0.0155,0.3316,-0.1486,-0.0695,4.8921,6.8,7.0,4.66,8.52499961853027,up,2026-09-11T12:37:12,194.0,646.0
AAPL,2026-10-09,28,Call,330.0,AAPL261009C00330000,11.7,12.2,11.95,11.9,4.25,55.5556,314.0,848.0,0.2456,0.6062,0.0168,0.3575,-0.1566,0.1463,11.9388,8.55,13.3,8.55,7.65000009536743,down,2026-09-11T12:35:22,259.0,291.0
AAPL,2026-10-09,28,Put,330.0,AAPL261009P00330000,6.55,6.8,6.675,6.75,-4.375,-39.3258,366.0,259.0,0.2455,-0.399,0.0171,0.358,-0.1594,-0.0846,6.6688,9.45,9.45,6.28,11.125,up,2026-09-11T12:38:40,224.0,483.0
AAPL,2026-10-09,28,Call,335.0,AAPL261009C00335000,9.05,9.25,9.15,9.2,3.55,62.8319,726.0,758.0,0.2422,0.52,0.0176,0.37,-0.1603,0.1263,9.1557,6.25,10.46,6.25,5.64999985694885,no_change,2026-09-11T12:41:10,289.0,45.0
AAPL,2026-10-09,28,Put,335.0,AAPL261009P00335000,8.75,9.1,8.925,8.98,-5.12,-36.3121,212.0,222.0,0.243,-0.487,0.018,0.3694,-0.1638,-0.0991,8.9001,10.65,10.65,8.4,14.1000003814697,up,2026-09-11T12:22:24,154.0,430.0
AAPL,2026-10-09,28,Call,340.0,AAPL261009C00340000,6.65,6.95,6.800000000000001,6.6,2.5,60.9756,611.0,1472.0,0.2392,0.4322,0.0176,0.3653,-0.1567,0.1054,6.8358,4.55,7.85,4.55,4.09999990463257,no_change,2026-09-11T12:06:37,454.0,201.0
AAPL,2026-10-09,28,Put,340.0,AAPL261009P00340000,11.45,11.85,11.649999999999999,11.56,-6.215,-34.9648,42.0,28.0,0.2414,-0.577,0.018,0.3623,-0.1608,-0.1112,11.6054,12.66,12.66,11.15,17.7750005722046,no_change,2026-09-11T12:28:16,27.0,349.0
AAPL,2026-10-09,28,Call,345.0,AAPL261009C00345000,4.8,5.05,4.925,4.9,1.995,68.6747,460.0,4014.0,0.2373,0.3479,0.0166,0.344,-0.146,0.0851,4.9687,3.35,5.9,3.35,2.90499997138977,up,2026-09-11T12:39:20,500.0,222.0
AAPL,2026-10-09,28,Put,345.0,AAPL261009P00345000,14.25,15.85,15.05,14.8,-6.55,-30.6792,5.0,29.0,0.2467,-0.6639,0.0172,0.337,-0.151,-0.12,14.7782,14.8,14.8,14.8,21.3500003814697,down,2026-09-11T12:15:21,172.0,573.0
AAPL,2026-10-09,28,Call,350.0,AAPL261009C00350000,3.4,3.55,3.4749999999999996,3.47,1.44,70.936,623.0,1001.0,0.2362,0.2712,0.0149,0.3095,-0.13,0.0665,3.5192,2.16,4.25,2.12,2.02999997138977,down,2026-09-11T12:40:05,380.0,155.0
AAPL,2026-10-09,28,Put,350.0,AAPL261009P00350000,17.0,19.5,18.25,18.65,-7.425,-28.4756,4.0,13.0,0.2332,-0.7438,0.0156,0.2988,-0.1358,-0.121,18.3807,18.25,18.65,17.98,26.0750007629395,up,2026-09-11T11:59:18,358.0,326.0
AAPL,2026-10-09,28,Call,355.0,AAPL261009C00355000,2.3,2.46,2.38,2.4,0.995,70.8185,194.0,365.0,0.2353,0.205,0.0128,0.2667,-0.1109,0.0504,2.4339,1.41,3.01,1.41,1.40500003099442,no_change,2026-09-11T12:32:56,616.0,191.0
AAPL,2026-10-09,28,Put,355.0,AAPL261009P00355000,21.0,23.1,22.05,22.15,-7.725,-25.8577,10.0,4.0,0.2242,-0.8136,0.0136,0.2499,-0.1179,-0.1156,22.3621,22.15,22.15,22.15,29.875,down,2026-09-11T12:19:07,324.0,269.0
AAPL,2026-10-09,28,Call,360.0,AAPL261009C00360000,1.56,1.7,1.63,1.64,0.695,73.545,285.0,504.0,0.2368,0.1506,0.0105,0.2208,-0.0909,0.037,1.6487,0.97,2.0,0.97,0.945000022649765,down,2026-09-11T12:36:20,521.0,412.0
AAPL,2026-10-09,28,Put,360.0,AAPL261009P00360000,25.6,28.15,26.875,40.0,0.0,0.0,0.0,2.0,0.2486,-0.8718,0.0114,0.1953,-0.099,-0.1008,26.6619,0.0,0.0,0.0,35.0999984741211,up,2026-09-04T11:38:49,397.0,86.0
AAPL,2026-10-09,28,Call,365.0,AAPL261009C00365000,1.04,1.15,1.095,1.04,0.385,58.7786,341.0,389.0,0.2384,0.1082,0.0083,0.1766,-0.0721,0.0265,1.1005,0.74,1.44,0.74,0.655000001192093,down,2026-09-11T12:36:23,497.0,312.0
AAPL,2026-10-09,28,Put,365.0,AAPL261009P00365000,29.9,32.7,31.3,0.0,0.0,0.0,0.0,0.0,0.245,-0.9179,0.0091,0.1411,-0.08,-0.0815,31.2134,0.0,0.0,0.0,39.9250011444092,no_change,,208.0,57.0
AAPL,2026-10-09,28,Call,370.0,AAPL261009C00370000,0.68,0.8,0.74,0.78,0.34,77.2727,34.0,248.0,0.2413,0.0763,0.0064,0.1374,-0.0557,0.0187,0.7282,0.84,0.94,0.64,0.439999997615814,down,2026-09-11T11:48:59,399.0,357.0
AAPL,2026-10-09,28,Put,370.0,AAPL261009P00370000,34.65,37.9,36.275,0.0,0.0,0.0,0.0,0.0,0.2702,-0.9519,0.0067,0.0929,-0.06,-0.0553,35.9515,0.0,0.0,0.0,44.7000007629394,no_change,,130.0,24.0
AAPL,2026-10-09,28,Call,375.0,AAPL261009C00375000,0.45,0.54,0.495,0.5,0.2,66.6667,118.0,374.0,0.2439,0.0536,0.0048,0.1052,-0.0424,0.0131,0.4846,0.38,0.62,0.38,0.300000011920929,no_change,2026-09-11T12:19:44,543.0,390.0
AAPL,2026-10-09,28,Put,375.0,AAPL261009P00375000,39.55,42.75,41.15,0.0,0.0,0.0,0.0,0.0,0.2858,-0.9746,0.0044,0.0543,-0.0391,-0.0337,40.8154,0.0,0.0,0.0,49.5750007629394,no_change,,128.0,24.0
AAPL,2026-10-09,28,Call,380.0,AAPL261009C00380000,0.31,0.38,0.345,0.4,0.21,110.526,34.0,262.0,0.2491,0.0374,0.0035,0.0794,-0.032,0.0091,0.3226,0.22,0.41,0.22,0.189999997615814,up,2026-09-11T11:29:50,260.0,520.0
AAPL,2026-10-09,28,Put,380.0,AAPL261009P00380000,44.05,47.7,45.875,0.0,0.0,0.0,0.0,0.0,0.2765,-0.9879,0.0026,0.0272,-0.0214,-0.0181,45.7535,0.0,0.0,0.0,54.6750011444092,no_change,,90.0,17.0
AAPL,2026-10-09,28,Call,385.0,AAPL261009C00385000,0.21,0.28,0.245,0.27,0.13,92.8571,17.0,34.0,0.255,0.0263,0.0026,0.0597,-0.024,0.0064,0.2182,0.15,0.27,0.15,0.140000000596046,up,2026-09-11T11:29:20,117.0,397.0
AAPL,2026-10-09,28,Put,385.0,AAPL261009P00385000,49.05,52.7,50.875,0.0,0.0,0.0,0.0,0.0,0.2986,-0.9947,0.0013,0.0118,-0.0099,-0.007,50.7285,0.0,0.0,0.0,59.7999992370606,no_change,,91.0,17.0
AAPL,2026-10-09,28,Call,390.0,AAPL261009C00390000,0.13,0.19,0.16,0.17,0.085,100.0,9.0,120.0,0.2574,0.0187,0.0019,0.0451,-0.0183,0.0046,0.151,0.22,0.22,0.17,0.0849999990314245,down,2026-09-11T11:29:20,142.0,435.0
AAPL,2026-10-09,28,Put,390.0,AAPL261009P00390000,54.05,57.7,55.875,0.0,0.0,0.0,0.0,0.0,0.32,-0.9979,0.0006,0.006,-0.0038,-0.002,55.7191,0.0,0.0,0.0,64.6249980926514,no_change,,97.0,12.0
AAPL,2026-10-09,28,Call,395.0,AAPL261009C00395000,0.07,0.15,0.11,0.11,0.04,57.1429,122.0,36.0,0.2619,0.0136,0.0014,0.0344,-0.0141,0.0033,0.1076,0.12,0.12,0.11,0.0699999984353781,down,2026-09-11T10:40:20,340.0,554.0
AAPL,2026-10-09,28,Put,395.0,AAPL261009P00395000,59.05,62.7,60.875,0.0,0.0,0.0,0.0,0.0,0.341,-0.9992,0.0002,0.0024,-0.0012,-0.0017,60.7162,0.0,0.0,0.0,69.75,no_change,,97.0,12.0
AAPL,2026-10-09,28,Call,400.0,AAPL261009C00400000,0.05,0.11,0.08,0.04,-0.02,-33.3333,6.0,71.0,0.2681,0.0101,0.0011,0.0268,-0.0111,0.0024,0.0791,0.11,0.11,0.04,0.0599999995902181,down,2026-09-11T12:24:55,139.0,446.0
AAPL,2026-10-09,28,Put,400.0,AAPL261009P00400000,64.05,67.7,65.875,0.0,0.0,0.0,0.0,0.0,0.3615,-0.9997,0.0001,0.0008,-0.0004,-0.0003,65.7154,0.0,0.0,0.0,74.6500015258789,no_change,,97.0,12.0
AAPL,2026-10-09,28,Call,405.0,AAPL261009C00405000,0.01,0.11,0.06,0.07,0.0,0.0,0.0,3.0,0.2749,0.0077,0.0008,0.0212,-0.009,0.0019,0.0601,0.0,0.0,0.0,0.0550000006332994,no_change,2026-09-01T10:05:00,309.0,466.0
AAPL,2026-10-09,28,Put,405.0,AAPL261009P00405000,69.05,72.7,70.875,0.0,0.0,0.0,0.0,0.0,0.3815,-0.9999,0.0,0.0004,-0.0001,-0.0002,70.7151,0.0,0.0,0.0,79.625,no_change,,97.0,12.0
AAPL,2026-10-09,28,Call,410.0,AAPL261009C00410000,0.01,0.12,0.065,0.06,0.0,0.0,0.0,4.0,0.2932,0.006,0.0006,0.0172,-0.0074,0.0014,0.0471,0.0,0.0,0.0,0.090000000782311,down,2026-09-03T10:11:35,244.0,523.0
AAPL,2026-10-09,28,Put,410.0,AAPL261009P00410000,74.1,77.7,75.9,0.0,0.0,0.0,0.0,0.0,0.4067,-1.0,0.0,0.0001,0.0,0.0,75.715,0.0,0.0,0.0,84.75,no_change,,90.0,12.0
AAPL,2026-10-09,28,Call,415.0,AAPL261009C00415000,0.01,0.12,0.065,0.01,-0.035,-77.7778,1.0,172.0,0.3086,0.0048,0.0005,0.0141,-0.0062,0.0012,0.0379,0.01,0.01,0.01,0.0449999989941716,no_change,2026-09-11T10:24:56,144.0,485.0
AAPL,2026-10-09,28,Put,415.0,AAPL261009P00415000,79.05,82.7,80.875,0.0,0.0,0.0,0.0,0.0,0.4204,-1.0,0.0,0.0,0.0,0.0,80.715,0.0,0.0,0.0,89.7249984741211,no_change,,97.0,12.0
AAPL,2026-10-16,35,Call,130.0,AAPL261016C00130000,202.95,206.45,204.7,185.0,0.0,0.0,0.0,34.0,0.0,0.9996,0.0,0.0003,-0.0003,0.124,204.7511,0.0,0.0,0.0,196.25,up,2026-09-09T11:11:58,98.0,104.0
AAPL,2026-10-16,35,Put,130.0,AAPL261016P00130000,0.0,0.5,0.25,0.02,0.0,0.0,0.0,66.0,1.298,-0.0001,0.0,0.0003,-0.0003,0.0,0.0013,0.0,0.0,0.0,0.259999990463257,no_change,2026-08-11T09:49:18,0.0,306.0
AAPL,2026-10-16,35,Call,135.0,AAPL261016C00135000,198.25,201.55,199.9,190.63,0.0,0.0,0.0,61.0,1.1557,0.9996,0.0,0.0004,-0.0004,0.1288,199.7733,0.0,0.0,0.0,191.150001525879,up,2026-09-01T10:53:41,163.0,99.0
AAPL,2026-10-16,35,Put,135.0,AAPL261016P00135000,0.0,0.45,0.225,0.05,0.0,0.0,0.0,70.0,1.2334,-0.0001,0.0,0.0004,-0.0004,0.0,0.0017,0.0,0.0,0.0,0.254999995231628,up,2026-07-16T13:24:05,0.0,314.0
AAPL,2026-10-16,35,Call,140.0,AAPL261016C00140000,192.9,196.55,194.72500000000002,186.05,0.0,0.0,0.0,24.0,0.0,0.9996,0.0,0.0005,-0.0004,0.1335,194.7956,0.0,0.0,0.0,186.275001525879,up,2026-09-01T14:37:22,96.0,96.0
AAPL,2026-10-16,35,Put,140.0,AAPL261016P00140000,0.0,0.06,0.03,0.01,0.0,0.0,0.0,618.0,0.9636,-0.0001,0.0,0.0005,-0.0004,0.0,0.0022,0.0,0.0,0.0,0.0299999993294477,no_change,2026-09-09T11:36:41,0.0,9.0
AAPL,2026-10-16,35,Call,145.0,AAPL261016C00145000,187.9,191.55,189.72500000000002,162.99,0.0,0.0,0.0,18.0,0.0,0.9996,0.0,0.0006,-0.0006,0.1383,189.818,0.0,0.0,0.0,181.175003051758,up,2026-08-04T10:21:00,96.0,96.0
AAPL,2026-10-16,35,Put,145.0,AAPL261016P00145000,0.0,0.04,0.02,0.03,0.0,0.0,0.0,395.0,0.8951,-0.0001,0.0,0.0006,-0.0006,0.0,0.0028,0.0,0.0,0.0,0.0199999995529652,no_change,2026-09-08T12:53:46,0.0,10.0
AAPL,2026-10-16,35,Call,150.0,AAPL261016C00150000,182.95,186.6,184.77499999999998,173.5,0.0,0.0,0.0,18.0,0.0,0.9995,0.0,0.0008,-0.0007,0.143,184.8405,0.0,0.0,0.0,176.200004577637,up,2026-09-01T11:13:09,96.0,96.0
AAPL,2026-10-16,35,Put,150.0,AAPL261016P00150000,0.0,0.05,0.025,0.02,0.0,0.0,0.0,400.0,0.8771,-0.0002,0.0,0.0008,-0.0007,-0.0001,0.0036,0.0,0.0,0.0,0.025000000372529,up,2026-09-04T11:43:40,0.0,1.0
AAPL,2026-10-16,35,Call,155.0,AAPL261016C00155000,178.55,181.55,180.05,165.77,0.0,0.0,0.0,62.0,1.0374,0.9994,0.0,0.001,-0.0009,0.1478,179.8633,0.0,0.0,0.0,171.200004577637,down,2026-08-28T13:36:20,114.0,99.0
AAPL,2026-10-16,35,Put,155.0,AAPL261016P00155000,0.0,0.01,0.005,0.01,0.0,0.0,0.0,170.0,0.7438,-0.0002,0.0,0.001,-0.0009,-0.0001,0.0045,0.0,0.0,0.0,0.00499999988824129,no_change,2026-09-09T11:22:45,0.0,2.0
AAPL,2026-10-16,35,Call,160.0,AAPL261016C00160000,173.9,176.6,175.25,154.2,0.0,0.0,0.0,232.0,1.0859,0.9994,0.0,0.0012,-0.0011,0.1526,174.8862,0.0,0.0,0.0,166.375,down,2026-09-09T11:00:54,275.0,254.0
AAPL,2026-10-16,35,Put,160.0,AAPL261016P00160000,0.0,0.01,0.005,0.01,0.005,100.0,2.0,260.0,0.7145,-0.0003,0.0,0.0012,-0.0011,-0.0001,0.0057,0.01,0.01,0.01,0.00499999988824129,no_change,2026-09-11T10:54:36,0.0,5.0
AAPL,2026-10-16,35,Call,165.0,AAPL261016C00165000,168.6,171.65,170.125,170.4,9.0,5.57621,1.0,81.0,0.9775,0.9993,0.0,0.0015,-0.0013,0.1573,169.9094,170.4,170.4,170.4,161.400001525879,up,2026-09-11T11:52:43,91.0,117.0
AAPL,2026-10-16,35,Put,165.0,AAPL261016P00165000,0.0,0.17,0.085,0.15,0.0,0.0,0.0,230.0,0.8752,-0.0004,0.0,0.0015,-0.0013,-0.0001,0.0071,0.0,0.0,0.0,0.245000004768372,up,2026-09-08T12:43:48,0.0,383.0
AAPL,2026-10-16,35,Call,170.0,AAPL261016C00170000,163.65,166.6,165.125,147.03,0.0,0.0,0.0,63.0,0.9277,0.9992,0.0,0.0018,-0.0016,0.162,164.9329,0.0,0.0,0.0,156.425003051758,down,2026-09-08T15:55:28,109.0,93.0
AAPL,2026-10-16,35,Put,170.0,AAPL261016P00170000,0.0,0.03,0.015,0.09,0.0,0.0,0.0,308.0,0.7159,-0.0005,0.0,0.0018,-0.0016,-0.0001,0.0089,0.0,0.0,0.0,0.150000005960464,up,2026-09-03T09:47:13,0.0,1.0
AAPL,2026-10-16,35,Call,175.0,AAPL261016C00175000,158.05,161.7,159.875,139.72,0.0,0.0,0.0,25.0,0.0,0.9991,0.0,0.0022,-0.0019,0.1668,159.9567,0.0,0.0,0.0,151.425003051758,up,2026-08-07T10:29:26,97.0,98.0
AAPL,2026-10-16,35,Put,175.0,AAPL261016P00175000,0.0,0.08,0.04,0.02,0.0,0.0,0.0,623.0,0.7489,-0.0006,0.0,0.0022,-0.0019,-0.0002,0.0109,0.0,0.0,0.0,0.0399999991059303,down,2026-09-08T10:35:20,0.0,10.0
AAPL,2026-10-16,35,Call,180.0,AAPL261016C00180000,153.75,156.65,155.2,146.09,0.0,0.0,0.0,97.0,0.8716,0.999,0.0,0.0027,-0.0022,0.1715,154.981,0.0,0.0,0.0,146.449996948242,up,2026-09-01T14:22:43,100.0,95.0
AAPL,2026-10-16,35,Put,180.0,AAPL261016P00180000,0.0,0.08,0.04,0.03,0.0,0.0,0.0,429.0,0.7185,-0.0008,0.0,0.0027,-0.0022,-0.0002,0.0134,0.0,0.0,0.0,0.0399999991059303,no_change,2026-09-08T10:35:20,0.0,10.0
AAPL,2026-10-16,35,Call,185.0,AAPL261016C00185000,148.4,151.75,150.075,130.39,0.0,0.0,0.0,34.0,0.744,0.9988,0.0,0.0033,-0.0026,0.1762,150.0057,0.0,0.0,0.0,141.375,down,2026-08-20T15:28:29,97.0,98.0
AAPL,2026-10-16,35,Put,185.0,AAPL261016P00185000,0.0,0.37,0.185,0.02,0.0,0.0,0.0,872.0,0.8129,-0.0009,0.0,0.0033,-0.0026,-0.0003,0.0163,0.0,0.0,0.0,0.0900000035762787,down,2026-09-04T13:47:15,0.0,471.0
AAPL,2026-10-16,35,Call,190.0,AAPL261016C00190000,143.25,146.75,145.0,120.98,0.0,0.0,0.0,55.0,0.0,0.9986,0.0001,0.004,-0.0031,0.1809,145.0309,0.0,0.0,0.0,136.449996948242,down,2026-08-25T12:45:33,87.0,99.0
AAPL,2026-10-16,35,Put,190.0,AAPL261016P00190000,0.0,0.17,0.085,0.04,0.0,0.0,0.0,1614.0,0.7126,-0.0011,0.0001,0.004,-0.0031,-0.0004,0.0198,0.0,0.0,0.0,0.0850000008940697,no_change,2026-09-09T11:24:49,0.0,308.0
AAPL,2026-10-16,35,Call,195.0,AAPL261016C00195000,138.15,141.75,139.95,133.35,0.0,0.0,0.0,215.0,0.0,0.9983,0.0001,0.0048,-0.0036,0.1856,140.0568,0.0,0.0,0.0,131.549995422363,up,2026-09-03T15:15:05,295.0,250.0
AAPL,2026-10-16,35,Put,195.0,AAPL261016P00195000,0.0,0.31,0.155,0.13,0.0,0.0,0.0,342.0,0.7311,-0.0014,0.0001,0.0048,-0.0036,-0.0004,0.0239,0.0,0.0,0.0,0.0500000007450581,up,2026-09-10T09:44:35,0.0,607.0
AAPL,2026-10-16,35,Call,200.0,AAPL261016C00200000,133.8,136.2,135.0,135.0,8.725,6.90952,20.0,299.0,0.0,0.998,0.0001,0.0057,-0.0042,0.1903,135.0834,136.2,136.2,135.0,126.275001525879,down,2026-09-11T12:29:11,329.0,263.0
AAPL,2026-10-16,35,Put,200.0,AAPL261016P00200000,0.0,0.04,0.02,0.04,0.01,33.3333,2.0,1147.0,0.5673,-0.0017,0.0001,0.0057,-0.0042,-0.0005,0.0288,0.03,0.04,0.03,0.0300000002607703,up,2026-09-11T10:39:56,0.0,1.0
AAPL,2026-10-16,35,Call,205.0,AAPL261016C00205000,128.2,131.35,129.77499999999998,131.6,10.125,8.33505,4.0,863.0,0.0,0.9977,0.0001,0.0068,-0.0049,0.1949,130.1109,131.6,131.6,131.6,121.475002288818,up,2026-09-11T11:16:20,307.0,270.0
AAPL,2026-10-16,35,Put,205.0,AAPL261016P00205000,0.01,0.07,0.04,0.04,0.005,14.2857,6.0,1855.0,0.5777,-0.002,0.0001,0.0068,-0.0049,-0.0006,0.0345,0.1,0.1,0.04,0.034999999217689,no_change,2026-09-11T12:09:02,128.0,383.0
AAPL,2026-10-16,35,Call,210.0,AAPL261016C00210000,123.55,126.35,124.94999999999999,107.32,0.0,0.0,0.0,471.0,0.0,0.9972,0.0001,0.0081,-0.0057,0.1996,125.1393,0.0,0.0,0.0,116.5,down,2026-08-31T10:20:24,319.0,262.0
AAPL,2026-10-16,35,Put,210.0,AAPL261016P00210000,0.02,0.15,0.08499999999999999,0.05,-0.005,-9.09091,2.0,3203.0,0.5964,-0.0024,0.0001,0.0081,-0.0057,-0.0008,0.0412,0.05,0.05,0.05,0.0550000006332994,no_change,2026-09-11T11:57:14,30.0,584.0
AAPL,2026-10-16,35,Call,215.0,AAPL261016C00215000,119.2,120.85,120.025,120.71,9.435,8.479,12.0,478.0,0.0,0.9967,0.0002,0.0096,-0.0066,0.2042,120.169,120.71,120.71,120.71,111.274997711182,up,2026-09-11T11:03:24,268.0,193.0
AAPL,2026-10-16,35,Put,215.0,AAPL261016P00215000,0.01,0.09,0.049999999999999996,0.04,-0.02,-33.3333,56.0,3283.0,0.5378,-0.003,0.0002,0.0096,-0.0066,-0.0009,0.0491,0.04,0.04,0.04,0.0599999995902181,no_change,2026-09-11T10:56:00,209.0,376.0
AAPL,2026-10-16,35,Call,220.0,AAPL261016C00220000,114.2,115.95,115.075,116.05,10.0,9.42951,1.0,872.0,0.0,0.9961,0.0002,0.0114,-0.0076,0.2087,115.2,116.05,116.05,116.05,106.049999237061,up,2026-09-11T11:28:46,270.0,234.0
AAPL,2026-10-16,35,Put,220.0,AAPL261016P00220000,0.03,0.1,0.065,0.07,0.015,27.2727,86.0,3300.0,0.5264,-0.0036,0.0002,0.0114,-0.0076,-0.0011,0.0584,0.04,0.07,0.04,0.0549999987706542,up,2026-09-11T11:03:37,145.0,402.0
AAPL,2026-10-16,35,Call,225.0,AAPL261016C00225000,109.45,110.8,110.125,89.12,0.0,0.0,0.0,283.0,0.0,0.9954,0.0002,0.0134,-0.0087,0.2133,110.2327,0.0,0.0,0.0,101.350002288818,down,2026-09-09T12:23:09,236.0,167.0
AAPL,2026-10-16,35,Put,225.0,AAPL261016P00225000,0.05,0.09,0.07,0.07,-0.005,-6.66667,25.0,2025.0,0.5048,-0.0043,0.0002,0.0135,-0.0087,-0.0013,0.0694,0.07,0.07,0.07,0.0750000011175871,no_change,2026-09-11T09:34:15,51.0,325.0
AAPL,2026-10-16,35,Call,230.0,AAPL261016C00230000,104.3,105.9,105.1,106.0,9.875,10.2731,10.0,593.0,0.0,0.9945,0.0003,0.0159,-0.01,0.2178,105.2674,106.0,106.0,106.0,96.125,up,2026-09-11T10:57:40,305.0,208.0
AAPL,2026-10-16,35,Put,230.0,AAPL261016P00230000,0.03,0.09,0.06,0.07,-0.02,-22.2222,10.0,4296.0,0.4714,-0.0052,0.0003,0.0159,-0.01,-0.0016,0.0823,0.07,0.07,0.07,0.0899999998509884,down,2026-09-11T10:25:45,567.0,594.0
AAPL,2026-10-16,35,Call,235.0,AAPL261016C00235000,99.3,101.9,100.6,81.3,0.0,0.0,0.0,280.0,0.5693,0.9935,0.0004,0.0187,-0.0114,0.2222,100.3045,0.0,0.0,0.0,91.5499992370606,down,2026-09-08T14:48:58,248.0,237.0
AAPL,2026-10-16,35,Put,235.0,AAPL261016P00235000,0.06,0.12,0.09,0.12,0.0,0.0,0.0,6538.0,0.4676,-0.0062,0.0004,0.0188,-0.0114,-0.0019,0.0976,0.0,0.0,0.0,0.109999999403954,up,2026-09-10T11:37:26,26.0,330.0
AAPL,2026-10-16,35,Call,240.0,AAPL261016C00240000,94.35,96.7,95.525,95.2,8.45,9.74063,1.0,569.0,0.5172,0.9922,0.0004,0.022,-0.013,0.2266,95.3443,95.2,95.2,95.2,86.75,up,2026-09-11T10:38:49,273.0,306.0
AAPL,2026-10-16,35,Put,240.0,AAPL261016P00240000,0.06,0.12,0.09,0.11,-0.035,-24.1379,19.0,6518.0,0.4426,-0.0075,0.0004,0.0221,-0.0131,-0.0023,0.1158,0.09,0.11,0.08,0.144999995827675,up,2026-09-11T11:02:40,509.0,282.0
AAPL,2026-10-16,35,Call,245.0,AAPL261016C00245000,89.1,91.2,90.15,67.71,0.0,0.0,0.0,314.0,0.0,0.9907,0.0005,0.026,-0.0148,0.2308,90.3877,0.0,0.0,0.0,81.2999992370606,down,2026-09-09T14:14:56,262.0,196.0
AAPL,2026-10-16,35,Put,245.0,AAPL261016P00245000,0.08,0.2,0.14,0.14,-0.01,-6.66667,14.0,4903.0,0.4413,-0.009,0.0005,0.026,-0.0149,-0.0028,0.1374,0.11,0.14,0.11,0.149999998509884,no_change,2026-09-11T12:23:06,303.0,458.0
AAPL,2026-10-16,35,Call,250.0,AAPL261016C00250000,84.75,85.85,85.3,85.78,9.08,11.8383,23.0,1396.0,0.3466,0.9889,0.0006,0.0306,-0.0169,0.235,85.4351,83.7,85.85,83.2,76.7000007629394,up,2026-09-11T12:12:16,311.0,38.0
AAPL,2026-10-16,35,Put,250.0,AAPL261016P00250000,0.14,0.17,0.15500000000000003,0.16,-0.05,-23.8095,532.0,5553.0,0.4215,-0.0109,0.0006,0.0307,-0.017,-0.0033,0.1632,0.19,0.19,0.14,0.21000000089407,down,2026-09-11T12:30:31,82.0,311.0
AAPL,2026-10-16,35,Call,255.0,AAPL261016C00255000,79.2,81.25,80.225,80.15,8.2,11.3968,86.0,1010.0,0.0,0.9866,0.0008,0.036,-0.0193,0.239,80.4877,75.65,81.0,75.65,71.9500007629394,down,2026-09-11T12:00:38,301.0,250.0
AAPL,2026-10-16,35,Put,255.0,AAPL261016P00255000,0.15,0.2,0.175,0.18,-0.08,-30.7692,253.0,5408.0,0.4028,-0.0131,0.0008,0.0361,-0.0194,-0.004,0.1942,0.23,0.25,0.18,0.260000005364418,no_change,2026-09-11T11:42:13,410.0,178.0
AAPL,2026-10-16,35,Call,260.0,AAPL261016C00260000,74.65,76.25,75.45,76.5,9.925,14.908,11.0,1526.0,0.3643,0.9838,0.001,0.0424,-0.0219,0.2429,75.5466,70.0,76.5,70.0,66.5750007629394,up,2026-09-11T10:51:17,310.0,253.0
AAPL,2026-10-16,35,Put,260.0,AAPL261016P00260000,0.21,0.24,0.22499999999999998,0.22,-0.1,-31.25,426.0,6187.0,0.3913,-0.0159,0.001,0.0427,-0.022,-0.0049,0.2314,0.29,0.31,0.21,0.320000007748604,down,2026-09-11T12:36:05,130.0,256.0
AAPL,2026-10-16,35,Call,265.0,AAPL261016C00265000,69.6,72.2,70.9,67.13,4.73,7.58013,2.0,904.0,0.4247,0.9805,0.0012,0.0501,-0.025,0.2466,70.6136,65.0,67.13,65.0,62.3999996185303,up,2026-09-11T09:34:18,285.0,308.0
AAPL,2026-10-16,35,Put,265.0,AAPL261016P00265000,0.27,0.29,0.28,0.27,-0.12,-30.7692,338.0,3135.0,0.3776,-0.0194,0.0012,0.0504,-0.0252,-0.0059,0.2781,0.32,0.32,0.26,0.390000000596046,down,2026-09-11T12:36:05,120.0,265.0
AAPL,2026-10-16,35,Call,270.0,AAPL261016C00270000,64.8,66.6,65.69999999999999,65.77,8.37,14.5819,5.0,1429.0,0.3633,0.9762,0.0015,0.0593,-0.0284,0.2499,65.6912,62.28,65.77,62.28,57.4000015258789,up,2026-09-11T12:15:21,422.0,339.0
AAPL,2026-10-16,35,Put,270.0,AAPL261016P00270000,0.33,0.34,0.335,0.34,-0.135,-28.4211,347.0,8689.0,0.3619,-0.0237,0.0015,0.0597,-0.0286,-0.0072,0.3341,0.41,0.41,0.31,0.475000008940697,up,2026-09-11T12:35:35,1.0,9.0
AAPL,2026-10-16,35,Call,275.0,AAPL261016C00275000,59.95,61.95,60.95,60.39,8.315,15.9674,16.0,1494.0,0.369,0.9709,0.0018,0.0703,-0.0325,0.2529,60.7832,60.38,62.0,60.38,52.0750007629394,down,2026-09-11T11:56:37,412.0,402.0
AAPL,2026-10-16,35,Put,275.0,AAPL261016P00275000,0.39,0.41,0.4,0.4,-0.19,-32.2034,309.0,5171.0,0.3459,-0.029,0.0018,0.0707,-0.0327,-0.0088,0.4047,0.51,0.51,0.39,0.590000003576279,down,2026-09-11T12:30:18,203.0,248.0
AAPL,2026-10-16,35,Call,280.0,AAPL261016C00280000,54.95,57.1,56.025000000000006,56.03,8.755,18.5193,36.0,2268.0,0.3471,0.964,0.0023,0.0839,-0.0373,0.2554,55.8955,54.94,57.39,54.5,47.2749996185303,down,2026-09-11T12:15:21,393.0,437.0
AAPL,2026-10-16,35,Put,280.0,AAPL261016P00280000,0.48,0.51,0.495,0.49,-0.255,-34.2282,986.0,14716.0,0.3322,-0.0359,0.0023,0.0843,-0.0375,-0.0109,0.4946,0.68,0.7,0.47,0.745000004768372,no_change,2026-09-11T12:41:09,110.0,283.0
AAPL,2026-10-16,35,Call,285.0,AAPL261016C00285000,50.35,51.45,50.900000000000006,52.01,9.16,21.3769,7.0,1829.0,0.3029,0.955,0.0028,0.1005,-0.0431,0.2572,51.0373,48.91,52.01,48.91,42.8499984741211,up,2026-09-11T11:26:22,417.0,103.0
AAPL,2026-10-16,35,Put,285.0,AAPL261016P00285000,0.6,0.63,0.615,0.63,-0.33,-34.375,1660.0,8223.0,0.3182,-0.045,0.0029,0.1008,-0.0434,-0.0135,0.6155,0.86,0.86,0.58,0.96000000834465,up,2026-09-11T12:36:53,77.0,192.0
AAPL,2026-10-16,35,Call,290.0,AAPL261016C00290000,45.35,46.7,46.025000000000006,46.4,8.175,21.3865,153.0,3638.0,0.287,0.943,0.0036,0.1212,-0.0502,0.258,46.2222,39.72,47.54,39.72,38.2250003814697,down,2026-09-11T12:12:14,440.0,330.0
AAPL,2026-10-16,35,Put,290.0,AAPL261016P00290000,0.78,0.79,0.785,0.78,-0.47,-37.6,1514.0,10838.0,0.3058,-0.057,0.0036,0.122,-0.0505,-0.0171,0.7793,1.11,1.13,0.74,1.25,down,2026-09-11T12:41:09,47.0,107.0
AAPL,2026-10-16,35,Call,295.0,AAPL261016C00295000,40.5,41.9,41.2,41.1,7.575,22.5951,21.0,2024.0,0.2729,0.927,0.0045,0.1467,-0.0588,0.2575,41.4697,35.63,42.31,35.63,33.5249996185303,up,2026-09-11T12:05:03,461.0,103.0
AAPL,2026-10-16,35,Put,295.0,AAPL261016P00295000,1.0,1.02,1.01,1.01,-0.67,-39.881,1348.0,10465.0,0.2934,-0.0734,0.0046,0.1474,-0.0593,-0.022,1.0096,1.45,1.53,0.95,1.68000000715256,down,2026-09-11T12:40:41,52.0,90.0
AAPL,2026-10-16,35,Call,300.0,AAPL261016C00300000,36.4,37.0,36.7,36.57,7.545,25.9948,484.0,15655.0,0.2766,0.9056,0.0057,0.1775,-0.0692,0.2552,36.8072,30.6,38.45,30.56,29.0249996185303,down,2026-09-11T12:32:05,324.0,63.0
AAPL,2026-10-16,35,Put,300.0,AAPL261016P00300000,1.32,1.35,1.335,1.33,-0.945,-41.5385,2841.0,24425.0,0.2836,-0.0947,0.0057,0.178,-0.0698,-0.028,1.3245,2.0,2.1,1.25,2.27499997615814,no_change,2026-09-11T12:39:59,30.0,336.0
AAPL,2026-10-16,35,Call,305.0,AAPL261016C00305000,32.1,32.45,32.275000000000006,32.15,7.275,29.2462,89.0,6638.0,0.2741,0.8773,0.0071,0.2137,-0.0812,0.2505,32.2702,26.08,33.95,26.08,24.875,down,2026-09-11T12:31:37,68.0,46.0
AAPL,2026-10-16,35,Put,305.0,AAPL261016P00305000,1.75,1.81,1.78,1.78,-1.295,-42.1138,2020.0,10396.0,0.2745,-0.1233,0.0072,0.2145,-0.082,-0.0361,1.7689,2.7,2.87,1.66,3.07499992847443,no_change,2026-09-11T12:39:43,54.0,426.0
AAPL,2026-10-16,35,Call,310.0,AAPL261016C00310000,27.55,28.1,27.825000000000003,27.78,6.83,32.6014,189.0,10358.0,0.263,0.8407,0.0087,0.2543,-0.0947,0.243,27.9022,21.3,29.41,21.3,20.9499998092651,no_change,2026-09-11T12:36:37,378.0,48.0
AAPL,2026-10-16,35,Put,310.0,AAPL261016P00310000,2.35,2.45,2.4000000000000004,2.38,-1.745,-42.303,3247.0,9055.0,0.2664,-0.1608,0.0088,0.2558,-0.0959,-0.0466,2.3921,3.6,3.87,2.25,4.125,no_change,2026-09-11T12:39:53,51.0,414.0
AAPL,2026-10-16,35,Call,315.0,AAPL261016C00315000,23.4,23.95,23.674999999999997,23.72,6.42,37.1098,582.0,10396.0,0.2568,0.7948,0.0105,0.2971,-0.1087,0.2322,23.7532,18.5,25.41,18.5,17.3000001907349,down,2026-09-11T12:34:12,256.0,50.0
AAPL,2026-10-16,35,Put,315.0,AAPL261016P00315000,3.15,3.3,3.2249999999999996,3.22,-2.355,-42.2422,1246.0,7212.0,0.2592,-0.2074,0.0107,0.2989,-0.1102,-0.0592,3.2327,4.75,4.75,3.05,5.57500004768372,down,2026-09-11T12:41:04,665.0,565.0
AAPL,2026-10-16,35,Call,320.0,AAPL261016C00320000,19.75,20.0,19.875,20.0,5.925,42.0959,1583.0,11896.0,0.254,0.7392,0.0123,0.3385,-0.122,0.2181,19.8764,15.2,21.5,14.77,14.0749998092651,up,2026-09-11T12:33:53,126.0,10.0
AAPL,2026-10-16,35,Put,320.0,AAPL261016P00320000,4.3,4.45,4.375,4.37,-2.93,-40.137,2217.0,10793.0,0.2551,-0.2634,0.0124,0.34,-0.1238,-0.074,4.3386,6.34,6.55,4.05,7.29999995231628,no_change,2026-09-11T12:37:38,478.0,665.0
AAPL,2026-10-16,35,Call,325.0,AAPL261016C00325000,16.15,16.5,16.325,16.4,5.125,45.4545,3148.0,10261.0,0.2495,0.6745,0.0138,0.3744,-0.1332,0.2007,16.3232,12.2,17.8,12.01,11.2750000953674,up,2026-09-11T12:30:27,456.0,101.0
AAPL,2026-10-16,35,Put,325.0,AAPL261016P00325000,5.75,5.9,5.825,5.81,-3.715,-39.0026,1154.0,2508.0,0.2503,-0.3298,0.0141,0.3757,-0.1356,-0.0909,5.7933,8.05,8.8,5.5,9.52500009536743,down,2026-09-11T12:40:09,189.0,498.0
AAPL,2026-10-16,35,Call,330.0,AAPL261016C00330000,13.1,13.25,13.175,13.2,4.425,50.4273,3915.0,15785.0,0.2466,0.6023,0.0151,0.4004,-0.1407,0.1805,13.1383,9.5,14.7,9.41,8.77500009536743,up,2026-09-11T12:40:41,188.0,26.0
AAPL,2026-10-16,35,Put,330.0,AAPL261016P00330000,7.6,7.7,7.65,7.6,-4.375,-36.5344,3940.0,2944.0,0.2466,-0.4036,0.0154,0.4011,-0.1437,-0.1084,7.6141,10.6,10.9,7.25,11.9749999046326,down,2026-09-11T12:40:46,46.0,240.0
AAPL,2026-10-16,35,Call,335.0,AAPL261016C00335000,10.25,10.5,10.375,10.35,3.625,53.9033,3531.0,11135.0,0.2431,0.5252,0.0158,0.4131,-0.1435,0.1584,10.3531,7.37,11.7,7.22,6.72500014305115,no_change,2026-09-11T12:39:20,448.0,239.0
AAPL,2026-10-16,35,Put,335.0,AAPL261016P00335000,9.75,9.95,9.85,9.87,-5.13,-34.2,1273.0,1189.0,0.2427,-0.4825,0.0162,0.4124,-0.1471,-0.1257,9.8437,13.5,13.5,9.3,15.0,up,2026-09-11T12:36:28,181.0,414.0
AAPL,2026-10-16,35,Call,340.0,AAPL261016C00340000,7.95,8.05,8.0,8.05,3.0,59.4059,7886.0,106553.0,0.2406,0.4466,0.0158,0.4104,-0.141,0.1353,7.9821,5.5,9.25,5.41,5.04999995231628,up,2026-09-11T12:40:53,182.0,97.0
AAPL,2026-10-16,35,Put,340.0,AAPL261016P00340000,12.35,12.7,12.524999999999999,12.45,-5.925,-32.2449,2527.0,731.0,0.2408,-0.5634,0.0163,0.4079,-0.1453,-0.1401,12.4978,13.9,14.2,11.85,18.375,down,2026-09-11T12:34:21,191.0,485.0
AAPL,2026-10-16,35,Call,345.0,AAPL261016C00345000,5.9,6.1,6.0,6.02,2.27,60.5333,2800.0,25115.0,0.2377,0.37,0.0152,0.3925,-0.1334,0.1125,6.0207,4.1,7.0,4.1,3.75,down,2026-09-11T12:37:31,489.0,423.0
AAPL,2026-10-16,35,Put,345.0,AAPL261016P00345000,15.4,15.75,15.575,15.51,-6.565,-29.7395,120.0,579.0,0.2382,-0.6429,0.0158,0.3863,-0.1385,-0.1489,15.5748,16.47,17.35,14.9,22.0749998092651,down,2026-09-11T12:33:13,119.0,433.0
AAPL,2026-10-16,35,Call,350.0,AAPL261016C00350000,4.35,4.45,4.4,4.39,1.68,61.9926,7625.0,17621.0,0.2356,0.2985,0.014,0.3616,-0.1216,0.091,4.4454,2.98,5.3,2.8,2.71000003814697,down,2026-09-11T12:39:38,374.0,21.0
AAPL,2026-10-16,35,Put,350.0,AAPL261016P00350000,18.75,19.35,19.05,18.95,-7.3,-27.8095,97.0,1352.0,0.2368,-0.7176,0.0148,0.3501,-0.1276,-0.152,19.053,24.45,24.45,18.0,26.25,down,2026-09-11T12:21:07,173.0,322.0
AAPL,2026-10-16,35,Call,355.0,AAPL261016C00355000,3.15,3.25,3.2,3.25,1.315,67.9587,1397.0,7952.0,0.2353,0.2353,0.0125,0.3217,-0.1071,0.0719,3.2267,2.12,3.85,2.0,1.93500000238419,no_change,2026-09-11T12:41:14,447.0,528.0
AAPL,2026-10-16,35,Put,355.0,AAPL261016P00355000,22.35,23.2,22.775,22.9,-7.725,-25.2245,1.0,42.0,0.232,-0.785,0.0133,0.302,-0.1139,-0.1472,22.8962,22.9,22.9,22.9,30.625,down,2026-09-11T10:44:44,443.0,207.0
AAPL,2026-10-16,35,Call,360.0,AAPL261016C00360000,2.24,2.3,2.27,2.3,0.925,67.2727,9156.0,121770.0,0.2353,0.1803,0.0107,0.2761,-0.091,0.0551,2.2863,1.54,2.87,1.32,1.375,up,2026-09-11T12:40:00,256.0,60.0
AAPL,2026-10-16,35,Put,360.0,AAPL261016P00360000,26.55,27.5,27.025,27.5,-7.65,-21.7639,2.0,44.0,0.2346,-0.8435,0.0116,0.2473,-0.099,-0.1366,27.0552,26.2,27.5,26.2,35.1499996185303,up,2026-09-11T12:05:26,350.0,396.0
AAPL,2026-10-16,35,Call,365.0,AAPL261016C00365000,1.57,1.63,1.6,1.59,0.59,59.0,1397.0,5866.0,0.2361,0.1356,0.0088,0.2302,-0.0751,0.0415,1.6016,1.04,2.06,1.0,0.999999970197678,down,2026-09-11T12:39:18,248.0,192.0
AAPL,2026-10-16,35,Put,365.0,AAPL261016P00365000,30.8,32.0,31.4,30.33,-9.52,-23.8896,1.0,0.0,0.2319,-0.8925,0.0098,0.1907,-0.084,-0.1176,31.4767,30.33,30.33,30.33,39.8500003814697,down,2026-09-11T11:13:39,389.0,305.0
AAPL,2026-10-16,35,Call,370.0,AAPL261016C00370000,1.08,1.15,1.115,1.15,0.45,64.2857,1821.0,8533.0,0.2373,0.1002,0.0071,0.187,-0.0605,0.0306,1.1097,0.76,1.45,0.76,0.700000017881394,up,2026-09-11T12:40:00,479.0,679.0
AAPL,2026-10-16,35,Put,370.0,AAPL261016P00370000,35.3,36.45,35.875,50.6,0.0,0.0,0.0,1.0,0.2143,-0.9316,0.0079,0.1352,-0.0688,-0.0902,36.1076,0.0,0.0,0.0,44.7249984741211,down,2026-09-10T12:00:31,167.0,51.0
AAPL,2026-10-16,35,Call,375.0,AAPL261016C00375000,0.75,0.79,0.77,0.77,0.27,54.0,1146.0,2192.0,0.2389,0.0734,0.0056,0.1491,-0.048,0.0224,0.769,0.67,1.04,0.58,0.499999985098839,up,2026-09-11T12:35:19,375.0,139.0
AAPL,2026-10-16,35,Put,375.0,AAPL261016P00375000,40.35,42.3,41.325,41.25,-8.2,-16.5824,20.0,0.0,0.2765,-0.9606,0.0058,0.0851,-0.0511,-0.0583,40.8948,41.25,41.25,41.25,49.4500007629394,down,2026-09-11T12:07:11,146.0,219.0
AAPL,2026-10-16,35,Call,380.0,AAPL261016C00380000,0.51,0.56,0.535,0.52,0.165,46.4789,402.0,4647.0,0.2413,0.0529,0.0043,0.1163,-0.0372,0.0161,0.5253,0.48,0.74,0.48,0.355000004172325,up,2026-09-11T12:24:15,406.0,688.0
AAPL,2026-10-16,35,Put,380.0,AAPL261016P00380000,44.7,47.05,45.875,48.75,0.0,0.0,0.0,0.0,0.2568,-0.9798,0.0037,0.0469,-0.0319,-0.0295,45.7866,0.0,0.0,0.0,54.4249992370606,up,2026-07-30T10:10:28,138.0,122.0
AAPL,2026-10-16,35,Call,385.0,AAPL261016C00385000,0.36,0.38,0.37,0.36,0.1,38.4615,33.0,630.0,0.2439,0.0381,0.0033,0.0901,-0.0287,0.0116,0.3627,0.3,0.49,0.3,0.260000005364418,no_change,2026-09-11T12:22:11,121.0,192.0
AAPL,2026-10-16,35,Put,385.0,AAPL261016P00385000,49.05,52.6,50.825,0.0,0.0,0.0,0.0,0.0,0.2688,-0.991,0.0021,0.0237,-0.0157,-0.011,50.7387,0.0,0.0,0.0,59.4249992370606,no_change,,107.0,107.0
AAPL,2026-10-16,35,Call,390.0,AAPL261016C00390000,0.25,0.26,0.255,0.25,0.06,31.5789,1035.0,9304.0,0.2462,0.0277,0.0025,0.0697,-0.0221,0.0084,0.2541,0.2,0.36,0.2,0.190000005066395,no_change,2026-09-11T12:22:04,198.0,177.0
AAPL,2026-10-16,35,Put,390.0,AAPL261016P00390000,54.2,57.7,55.95,53.15,0.0,0.0,0.0,0.0,0.3076,-0.9966,0.001,0.0109,-0.0054,-0.0064,55.7213,0.0,0.0,0.0,64.5250015258789,down,2026-07-28T15:55:59,110.0,102.0
AAPL,2026-10-16,35,Call,395.0,AAPL261016C00395000,0.17,0.19,0.18,0.18,0.035,24.1379,17.0,607.0,0.2502,0.0201,0.0019,0.0535,-0.017,0.0061,0.1788,0.18,0.25,0.18,0.145000003278255,no_change,2026-09-11T11:50:55,149.0,404.0
AAPL,2026-10-16,35,Put,395.0,AAPL261016P00395000,59.5,62.7,61.1,78.23,0.0,0.0,0.0,0.0,0.3452,-0.9988,0.0004,0.0031,-0.0015,-0.0018,60.7167,0.0,0.0,0.0,69.4500007629394,down,2026-08-20T10:52:03,107.0,105.0
AAPL,2026-10-16,35,Call,400.0,AAPL261016C00400000,0.12,0.13,0.125,0.12,0.005,4.34783,1049.0,9381.0,0.2533,0.0148,0.0014,0.0415,-0.0133,0.0045,0.1287,0.1,0.17,0.07,0.114999998360872,no_change,2026-09-11T12:26:03,129.0,208.0
AAPL,2026-10-16,35,Put,400.0,AAPL261016P00400000,64.1,67.7,65.9,71.0,0.0,0.0,0.0,0.0,0.3393,-0.9996,0.0001,0.0011,-0.0003,-0.0003,65.7153,0.0,0.0,0.0,74.4750022888184,up,2026-09-03T12:56:49,107.0,101.0
AAPL,2026-10-16,35,Call,405.0,AAPL261016C00405000,0.07,0.11,0.09,0.08,0.0,0.0,0.0,80.0,0.2575,0.0111,0.0011,0.0325,-0.0104,0.0033,0.0946,0.0,0.0,0.0,0.0749999992549419,no_change,2026-09-10T15:20:48,163.0,445.0
AAPL,2026-10-16,35,Put,405.0,AAPL261016P00405000,69.05,72.7,70.875,80.2,0.0,0.0,0.0,0.0,0.3536,-0.9999,0.0,0.0003,0.0,-0.0001,70.715,0.0,0.0,0.0,79.5500030517578,up,2026-07-22T14:51:37,112.0,105.0
AAPL,2026-10-16,35,Call,410.0,AAPL261016C00410000,0.06,0.11,0.08499999999999999,0.06,-0.02,-25.0,6.0,3024.0,0.2702,0.0084,0.0008,0.0256,-0.0083,0.0025,0.0711,0.09,0.09,0.06,0.0799999982118606,down,2026-09-11T11:31:00,1.0,641.0
AAPL,2026-10-16,35,Put,410.0,AAPL261016P00410000,74.05,77.1,75.57499999999999,108.52,0.0,0.0,0.0,1.0,0.0,-1.0,0.0,0.0,0.0,0.0,75.715,0.0,0.0,0.0,84.2250022888184,up,2026-08-12T15:46:25,99.0,99.0
AAPL,2026-10-16,35,Call,415.0,AAPL261016C00415000,0.01,0.11,0.06,0.04,0.0,0.0,0.0,62.0,0.273,0.0065,0.0006,0.0206,-0.0068,0.002,0.0546,0.0,0.0,0.0,0.0699999993667006,no_change,2026-09-10T10:30:14,508.0,597.0
AAPL,2026-10-16,35,Put,415.0,AAPL261016P00415000,79.05,82.2,80.625,113.54,0.0,0.0,0.0,0.0,0.0,-1.0,0.0,0.0,0.0,0.0,80.715,0.0,0.0,0.0,89.5750007629394,up,2026-08-12T15:46:25,110.0,105.0
AAPL,2026-10-16,35,Call,420.0,AAPL261016C00420000,0.02,0.05,0.035,0.03,-0.04,-57.1429,5.0,443.0,0.2705,0.0052,0.0005,0.0167,-0.0056,0.0015,0.0429,0.05,0.05,0.03,0.0700000002980232,no_change,2026-09-11T12:32:47,163.0,445.0
AAPL,2026-10-16,35,Put,420.0,AAPL261016P00420000,84.05,87.2,85.625,0.0,0.0,0.0,0.0,0.0,0.0,-1.0,0.0,0.0,0.0,0.0,85.715,0.0,0.0,0.0,94.3500022888184,no_change,,99.0,105.0
AAPL,2026-10-16,35,Call,425.0,AAPL261016C00425000,0.01,0.11,0.06,0.07,0.0,0.0,0.0,80.0,0.2997,0.0041,0.0004,0.0137,-0.0046,0.0012,0.0343,0.0,0.0,0.0,0.0400000000372529,no_change,2026-09-10T15:20:37,207.0,467.0
AAPL,2026-10-16,35,Put,425.0,AAPL261016P00425000,89.05,92.7,90.875,0.0,0.0,0.0,0.0,0.0,0.4236,-1.0,0.0,0.0,0.0,0.0,90.715,0.0,0.0,0.0,99.4750022888184,no_change,,96.0,101.0
AAPL,2026-10-16,35,Call,430.0,AAPL261016C00430000,0.01,0.09,0.049999999999999996,0.09,0.05,125.0,1.0,817.0,0.3066,0.0034,0.0003,0.0114,-0.0039,0.001,0.028,0.09,0.09,0.09,0.0400000000372529,up,2026-09-11T12:33:09,63.0,575.0
AAPL,2026-10-16,35,Put,430.0,AAPL261016P00430000,94.05,97.7,95.875,0.0,0.0,0.0,0.0,0.0,0.4404,-1.0,0.0,0.0,0.0,0.0,95.715,0.0,0.0,0.0,104.525001525879,no_change,,113.0,102.0
AAPL,2026-10-16,35,Call,435.0,AAPL261016C00435000,0.01,0.12,0.065,0.08,0.0,0.0,0.0,2044.0,0.3283,0.0028,0.0003,0.0096,-0.0034,0.0008,0.0232,0.0,0.0,0.0,0.114999996498227,up,2026-09-10T11:23:04,6.0,381.0
AAPL,2026-10-16,35,Put,435.0,AAPL261016P00435000,99.05,102.7,100.875,0.0,0.0,0.0,0.0,0.0,0.4568,-1.0,0.0,0.0,0.0,0.0,100.715,0.0,0.0,0.0,109.575000762939,no_change,,111.0,102.0
AAPL,2026-10-16,35,Call,440.0,AAPL261016C00440000,0.01,0.14,0.07500000000000001,0.08,0.035,77.7778,1.0,358.0,0.3464,0.0023,0.0002,0.0082,-0.0029,0.0007,0.0195,0.08,0.08,0.08,0.0449999999254942,up,2026-09-11T11:30:53,30.0,444.0
AAPL,2026-10-16,35,Put,440.0,AAPL261016P00440000,104.05,107.7,105.875,0.0,0.0,0.0,0.0,0.0,0.4729,-1.0,0.0,0.0,0.0,0.0,105.715,0.0,0.0,0.0,114.475002288818,no_change,,108.0,102.0
AAPL,2026-10-16,35,Call,450.0,AAPL261016C00450000,0.01,0.03,0.02,0.01,-0.01,-50.0,5.0,3335.0,0.3259,0.0017,0.0002,0.0062,-0.0023,0.0005,0.0144,0.01,0.01,0.01,0.0199999995529652,down,2026-09-11T12:25:06,51.0,2.0
AAPL,2026-10-16,35,Put,450.0,AAPL261016P00450000,114.2,117.7,115.95,0.0,0.0,0.0,0.0,0.0,0.52,-1.0,0.0,0.0,0.0,0.0,115.715,0.0,0.0,0.0,124.575000762939,no_change,,102.0,102.0
AAPL,2026-10-16,35,Call,460.0,AAPL261016C00460000,0.0,0.05,0.025,0.04,0.005,14.2857,5.0,1047.0,0.3545,0.0013,0.0001,0.0048,-0.0018,0.0004,0.011,0.02,0.04,0.02,0.0350000001490116,up,2026-09-11T11:11:41,0.0,21.0
AAPL,2026-10-16,35,Put,460.0,AAPL261016P00460000,124.05,127.7,125.875,0.0,0.0,0.0,0.0,0.0,0.5348,-1.0,0.0,0.0,0.0,0.0,125.715,0.0,0.0,0.0,134.675003051758,no_change,,112.0,102.0
AAPL,2026-10-16,35,Call,470.0,AAPL261016C00470000,0.01,0.11,0.06,0.02,-0.225,-91.8367,5.0,159.0,0.4092,0.001,0.0001,0.0038,-0.0015,0.0003,0.0087,0.02,0.11,0.02,0.245000004768372,down,2026-09-11T11:11:45,1.0,404.0
AAPL,2026-10-16,35,Put,470.0,AAPL261016P00470000,134.05,137.45,135.75,0.0,0.0,0.0,0.0,0.0,0.5151,-1.0,0.0,0.0,0.0,0.0,135.715,0.0,0.0,0.0,144.525001525879,no_change,,109.0,96.0
AAPL,2026-10-16,35,Call,480.0,AAPL261016C00480000,0.0,0.04,0.02,0.03,0.0,0.0,0.0,157.0,0.3896,0.0008,0.0001,0.003,-0.0012,0.0002,0.0069,0.0,0.0,0.0,0.025000000372529,no_change,2026-09-09T10:24:08,0.0,1.0
AAPL,2026-10-16,35,Put,480.0,AAPL261016P00480000,144.05,147.5,145.775,0.0,0.0,0.0,0.0,0.0,0.5568,-1.0,0.0,0.0,0.0,0.0,145.715,0.0,0.0,0.0,154.449996948242,no_change,,110.0,99.0
AAPL,2026-10-16,35,Call,490.0,AAPL261016C00490000,0.0,0.1,0.05,0.01,0.0,0.0,0.0,81.0,0.4453,0.0006,0.0001,0.0025,-0.001,0.0002,0.0058,0.0,0.0,0.0,0.0450000017881393,down,2026-09-09T09:52:11,0.0,5.0
AAPL,2026-10-16,35,Put,490.0,AAPL261016P00490000,154.05,157.7,155.875,0.0,0.0,0.0,0.0,0.0,0.621,-1.0,0.0,0.0,0.0,0.0,155.715,0.0,0.0,0.0,164.425003051758,no_change,,97.0,97.0
AAPL,2026-10-16,35,Call,500.0,AAPL261016C00500000,0.0,0.06,0.03,0.07,0.0,0.0,0.0,171.0,0.4446,0.0005,0.0,0.002,-0.0009,0.0001,0.0048,0.0,0.0,0.0,0.0750000029802322,up,2026-09-02T10:24:36,0.0,7.0
AAPL,2026-10-16,35,Put,500.0,AAPL261016P00500000,164.05,167.7,165.875,0.0,0.0,0.0,0.0,0.0,0.6482,-1.0,0.0,0.0,0.0,0.0,165.715,0.0,0.0,0.0,174.675003051758,no_change,,97.0,97.0
AAPL,2026-10-16,35,Call,510.0,AAPL261016C00510000,0.0,0.51,0.255,0.1,0.0,0.0,0.0,11.0,0.5825,0.0004,0.0,0.0017,-0.0008,0.0001,0.004,0.0,0.0,0.0,0.259999990463257,down,2026-08-04T13:46:12,0.0,370.0
AAPL,2026-10-16,35,Put,510.0,AAPL261016P00510000,174.05,177.7,175.875,0.0,0.0,0.0,0.0,0.0,0.6747,-1.0,0.0,0.0,0.0,0.0,175.715,0.0,0.0,0.0,184.575004577637,no_change,,97.0,97.0
AAPL,2026-10-16,35,Call,520.0,AAPL261016C00520000,0.0,0.51,0.255,0.03,0.0,0.0,0.0,4.0,0.6053,0.0004,0.0,0.0014,-0.0007,0.0001,0.0034,0.0,0.0,0.0,0.259999990463257,no_change,2026-08-19T11:26:47,0.0,273.0
AAPL,2026-10-16,35,Put,520.0,AAPL261016P00520000,184.05,187.7,185.875,0.0,0.0,0.0,0.0,0.0,0.7005,-1.0,0.0,0.0,0.0,0.0,185.715,0.0,0.0,0.0,194.650001525879,no_change,,97.0,99.0
AAPL,2026-10-16,35,Call,530.0,AAPL261016C00530000,0.0,0.51,0.255,0.03,0.0,0.0,0.0,4.0,0.6276,0.0003,0.0,0.0012,-0.0006,0.0001,0.0029,0.0,0.0,0.0,0.259999990463257,down,2026-08-19T11:26:52,0.0,366.0
AAPL,2026-10-16,35,Put,530.0,AAPL261016P00530000,194.05,197.7,195.875,0.0,0.0,0.0,0.0,0.0,0.7257,-1.0,0.0,0.0,0.0,0.0,195.715,0.0,0.0,0.0,204.650001525879,no_change,,97.0,100.0
AAPL,2026-10-16,35,Call,540.0,AAPL261016C00540000,0.0,0.72,0.36,0.04,0.0,0.0,0.0,8.0,0.6785,0.0002,0.0,0.001,-0.0005,0.0001,0.0025,0.0,0.0,0.0,0.259999990463257,no_change,2026-07-30T15:22:01,0.0,203.0
AAPL,2026-10-16,35,Put,540.0,AAPL261016P00540000,204.6,207.8,206.2,0.0,0.0,0.0,0.0,0.0,0.82,-1.0,0.0,0.0,0.0,0.0,205.715,0.0,0.0,0.0,214.575004577637,no_change,,88.0,94.0
AAPL,2026-10-16,35,Call,550.0,AAPL261016C00550000,0.0,1.98,0.99,0.03,0.0,0.0,0.0,12.0,0.8106,0.0002,0.0,0.0009,-0.0004,0.0001,0.0021,0.0,0.0,0.0,0.259999990463257,down,2026-08-19T11:26:59,0.0,207.0
AAPL,2026-10-16,35,Put,550.0,AAPL261016P00550000,213.9,217.75,215.825,0.0,0.0,0.0,0.0,0.0,0.7551,-1.0,0.0,0.0,0.0,0.0,215.715,0.0,0.0,0.0,224.625,no_change,,100.0,89.0
AAPL,2026-10-16,35,Call,560.0,AAPL261016C00560000,0.0,2.12,1.06,0.03,0.0,0.0,0.0,5.0,0.8434,0.0002,0.0,0.0008,-0.0004,0.0,0.0018,0.0,0.0,0.0,0.259999990463257,down,2026-08-19T11:27:05,0.0,209.0
AAPL,2026-10-16,35,Put,560.0,AAPL261016P00560000,223.9,227.6,225.75,0.0,0.0,0.0,0.0,0.0,0.7325,-1.0,0.0,0.0,0.0,0.0,225.715,0.0,0.0,0.0,234.550003051758,no_change,,100.0,89.0
AAPL,2026-10-16,35,Call,570.0,AAPL261016C00570000,0.0,1.56,0.78,0.03,0.0,0.0,0.0,14.0,0.8265,0.0001,0.0,0.0006,-0.0003,0.0,0.0015,0.0,0.0,0.0,0.259999990463257,down,2026-07-28T14:24:12,0.0,205.0
AAPL,2026-10-16,35,Put,570.0,AAPL261016P00570000,233.9,237.75,235.825,0.0,0.0,0.0,0.0,0.0,0.8008,-1.0,0.0,0.0,0.0,0.0,235.715,0.0,0.0,0.0,244.474998474121,no_change,,100.0,89.0
AAPL,2026-10-16,35,Call,580.0,AAPL261016C00580000,0.0,0.59,0.295,0.03,0.0,0.0,0.0,35.0,0.7443,0.0001,0.0,0.0006,-0.0003,0.0,0.0013,0.0,0.0,0.0,0.370000004768372,no_change,2026-08-19T11:27:10,0.0,386.0
AAPL,2026-10-16,35,Put,580.0,AAPL261016P00580000,244.15,247.8,245.97500000000002,0.0,0.0,0.0,0.0,0.0,0.8725,-1.0,0.0,0.0,0.0,0.0,245.715,0.0,0.0,0.0,254.474998474121,no_change,,101.0,111.0
AAPL,2026-10-16,35,Call,590.0,AAPL261016C00590000,0.0,0.01,0.005,0.01,0.005,100.0,3.0,104.0,0.5298,0.0001,0.0,0.0005,-0.0003,0.0,0.0011,0.01,0.01,0.01,0.00499999988824129,no_change,2026-09-11T12:18:34,0.0,1.0
AAPL,2026-10-16,35,Put,590.0,AAPL261016P00590000,253.9,257.75,255.825,250.65,0.0,0.0,0.0,0.0,0.8446,-1.0,0.0,0.0,0.0,0.0,255.715,0.0,0.0,0.0,264.475006103516,down,2026-07-28T15:49:18,102.0,107.0
AAPL,2026-10-16,35,Call,600.0,AAPL261016C00600000,0.0,0.05,0.025,0.01,0.0,0.0,0.0,72.0,0.6129,0.0001,0.0,0.0004,-0.0002,0.0,0.001,0.0,0.0,0.0,0.025000000372529,down,2026-08-31T14:10:38,0.0,1.0
AAPL,2026-10-16,35,Put,600.0,AAPL261016P00600000,264.05,267.2,265.625,266.4,0.0,0.0,0.0,0.0,0.0,-1.0,0.0,0.0,0.0,0.0,265.715,0.0,0.0,0.0,274.5,up,2026-07-30T09:33:22,99.0,103.0
AAPL,2026-10-23,42,Call,110.0,AAPL261023C00110000,223.0,226.5,224.75,206.6,0.0,0.0,0.0,1.0,1.0627,0.9996,0.0,0.0001,-0.0001,0.1258,224.733,0.0,0.0,0.0,215.974998474121,down,2026-09-08T12:28:09,87.0,11.0
AAPL,2026-10-23,42,Put,110.0,AAPL261023P00110000,0.0,0.52,0.26,0.0,0.0,0.0,0.0,0.0,1.3892,0.0,0.0,0.0001,-0.0001,0.0,0.0005,0.0,0.0,0.0,0.259999990463257,no_change,,0.0,50.0
AAPL,2026-10-23,42,Call,120.0,AAPL261023C00120000,213.05,216.55,214.8,0.0,0.0,0.0,0.0,0.0,0.9713,0.9996,0.0,0.0002,-0.0002,0.1372,214.7857,0.0,0.0,0.0,206.074996948242,no_change,,86.0,11.0
AAPL,2026-10-23,42,Put,120.0,AAPL261023P00120000,0.0,0.52,0.26,0.0,0.0,0.0,0.0,0.0,1.2863,0.0,0.0,0.0002,-0.0002,0.0,0.0008,0.0,0.0,0.0,0.259999990463257,no_change,,0.0,120.0
AAPL,2026-10-23,42,Call,125.0,AAPL261023C00125000,208.05,211.55,209.8,0.0,0.0,0.0,0.0,0.0,0.0,0.9996,0.0,0.0002,-0.0002,0.143,209.8121,0.0,0.0,0.0,201.074996948242,no_change,,86.0,11.0
AAPL,2026-10-23,42,Put,125.0,AAPL261023P00125000,0.0,0.52,0.26,0.0,0.0,0.0,0.0,0.0,1.2382,0.0,0.0,0.0002,-0.0002,0.0,0.001,0.0,0.0,0.0,0.259999990463257,no_change,,0.0,120.0
AAPL,2026-10-23,42,Call,130.0,AAPL261023C00130000,203.1,206.6,204.85,0.0,0.0,0.0,0.0,0.0,0.8866,0.9996,0.0,0.0003,-0.0003,0.1487,204.8386,0.0,0.0,0.0,196.150001525879,no_change,,86.0,11.0
AAPL,2026-10-23,42,Put,130.0,AAPL261023P00130000,0.0,0.52,0.26,0.0,0.0,0.0,0.0,0.0,1.1919,-0.0001,0.0,0.0003,-0.0003,0.0,0.0013,0.0,0.0,0.0,0.259999990463257,no_change,,0.0,107.0
AAPL,2026-10-23,42,Call,135.0,AAPL261023C00135000,198.1,201.6,199.85,0.0,0.0,0.0,0.0,0.0,0.0,0.9995,0.0,0.0004,-0.0003,0.1544,199.8652,0.0,0.0,0.0,191.224998474121,no_change,,86.0,11.0
AAPL,2026-10-23,42,Put,135.0,AAPL261023P00135000,0.0,0.52,0.26,0.0,0.0,0.0,0.0,0.0,1.1474,-0.0001,0.0,0.0004,-0.0003,0.0,0.0018,0.0,0.0,0.0,0.259999990463257,no_change,,0.0,115.0
AAPL,2026-10-23,42,Call,140.0,AAPL261023C00140000,193.15,196.65,194.9,0.0,0.0,0.0,0.0,0.0,0.8073,0.9995,0.0,0.0005,-0.0004,0.1601,194.8919,0.0,0.0,0.0,186.200004577637,no_change,,86.0,11.0
AAPL,2026-10-23,42,Put,140.0,AAPL261023P00140000,0.0,0.52,0.26,0.0,0.0,0.0,0.0,0.0,1.1046,-0.0001,0.0,0.0005,-0.0004,0.0,0.0023,0.0,0.0,0.0,0.259999990463257,no_change,,0.0,115.0
AAPL,2026-10-23,42,Call,145.0,AAPL261023C00145000,188.15,191.65,189.9,176.0,0.0,0.0,0.0,1.0,0.0,0.9995,0.0,0.0007,-0.0005,0.1658,189.9188,0.0,0.0,0.0,181.275001525879,up,2026-09-10T09:41:03,90.0,13.0
AAPL,2026-10-23,42,Put,145.0,AAPL261023P00145000,0.0,0.52,0.26,0.0,0.0,0.0,0.0,0.0,1.0632,-0.0002,0.0,0.0007,-0.0005,-0.0001,0.003,0.0,0.0,0.0,0.259999990463257,no_change,,0.0,120.0
AAPL,2026-10-23,42,Call,150.0,AAPL261023C00150000,183.05,186.7,184.875,0.0,0.0,0.0,0.0,0.0,0.0,0.9994,0.0,0.0009,-0.0006,0.1715,184.9458,0.0,0.0,0.0,176.300003051758,no_change,,97.0,12.0
AAPL,2026-10-23,42,Put,150.0,AAPL261023P00150000,0.0,0.52,0.26,0.0,0.0,0.0,0.0,0.0,1.0233,-0.0002,0.0,0.0009,-0.0007,-0.0001,0.0039,0.0,0.0,0.0,0.254999995231628,no_change,,0.0,116.0
AAPL,2026-10-23,42,Call,155.0,AAPL261023C00155000,178.2,181.7,179.95,0.0,0.0,0.0,0.0,0.0,0.0,0.9994,0.0,0.0011,-0.0008,0.1772,179.9731,0.0,0.0,0.0,171.299995422363,no_change,,86.0,12.0
AAPL,2026-10-23,42,Put,155.0,AAPL261023P00155000,0.0,0.51,0.255,0.0,0.0,0.0,0.0,0.0,0.9822,-0.0003,0.0,0.0011,-0.0008,-0.0001,0.005,0.0,0.0,0.0,0.25,no_change,,0.0,176.0
AAPL,2026-10-23,42,Call,160.0,AAPL261023C00160000,173.25,176.75,175.0,0.0,0.0,0.0,0.0,0.0,0.659,0.9993,0.0,0.0014,-0.001,0.1829,175.0007,0.0,0.0,0.0,166.349998474121,no_change,,86.0,12.0
AAPL,2026-10-23,42,Put,160.0,AAPL261023P00160000,0.0,0.5,0.25,0.05,0.0,0.0,0.0,3.0,0.9426,-0.0003,0.0,0.0014,-0.001,-0.0001,0.0064,0.0,0.0,0.0,0.239999994635582,no_change,2026-09-08T12:47:18,0.0,120.0
AAPL,2026-10-23,42,Call,165.0,AAPL261023C00165000,168.25,171.75,170.0,0.0,0.0,0.0,0.0,0.0,0.0,0.9992,0.0,0.0018,-0.0012,0.1886,170.0286,0.0,0.0,0.0,161.375,no_change,,87.0,12.0
AAPL,2026-10-23,42,Put,165.0,AAPL261023P00165000,0.0,0.48,0.24,0.05,0.0,0.0,0.0,1.0,0.9018,-0.0004,0.0,0.0018,-0.0012,-0.0002,0.0081,0.0,0.0,0.0,0.224999994039536,down,2026-09-08T12:53:46,0.0,120.0
AAPL,2026-10-23,42,Call,170.0,AAPL261023C00170000,163.3,166.8,165.05,0.0,0.0,0.0,0.0,0.0,0.5853,0.9991,0.0,0.0022,-0.0015,0.1942,165.0569,0.0,0.0,0.0,156.425003051758,no_change,,86.0,12.0
AAPL,2026-10-23,42,Put,170.0,AAPL261023P00170000,0.0,0.46,0.23,0.0,0.0,0.0,0.0,0.0,0.8622,-0.0006,0.0,0.0022,-0.0015,-0.0002,0.0103,0.0,0.0,0.0,0.209999993443489,no_change,,0.0,196.0
AAPL,2026-10-23,42,Call,175.0,AAPL261023C00175000,158.15,161.8,159.97500000000002,0.0,0.0,0.0,0.0,0.0,0.0,0.9989,0.0,0.0028,-0.0018,0.1999,160.0857,0.0,0.0,0.0,151.425003051758,no_change,,97.0,12.0
AAPL,2026-10-23,42,Put,175.0,AAPL261023P00175000,0.0,0.43,0.215,0.0,0.0,0.0,0.0,0.0,0.8214,-0.0007,0.0,0.0028,-0.0018,-0.0003,0.0128,0.0,0.0,0.0,0.194999992847443,no_change,,0.0,199.0
AAPL,2026-10-23,42,Call,180.0,AAPL261023C00180000,153.35,156.85,155.1,0.0,0.0,0.0,0.0,0.0,0.4981,0.9988,0.0,0.0034,-0.0022,0.2056,155.115,0.0,0.0,0.0,146.474998474121,no_change,,86.0,12.0
AAPL,2026-10-23,42,Put,180.0,AAPL261023P00180000,0.0,0.4,0.2,0.0,0.0,0.0,0.0,0.0,0.7818,-0.0009,0.0,0.0034,-0.0022,-0.0003,0.016,0.0,0.0,0.0,0.174999997019768,no_change,,0.0,117.0
AAPL,2026-10-23,42,Call,185.0,AAPL261023C00185000,148.2,151.85,150.02499999999998,0.0,0.0,0.0,0.0,0.0,0.0,0.9985,0.0,0.0042,-0.0027,0.2112,150.1449,0.0,0.0,0.0,141.5,no_change,,97.0,12.0
AAPL,2026-10-23,42,Put,185.0,AAPL261023P00185000,0.0,0.36,0.18,0.0,0.0,0.0,0.0,0.0,0.7406,-0.0011,0.0,0.0042,-0.0027,-0.0004,0.0198,0.0,0.0,0.0,0.155000001192093,no_change,,0.0,117.0
AAPL,2026-10-23,42,Call,190.0,AAPL261023C00190000,143.4,146.9,145.15,0.0,0.0,0.0,0.0,0.0,0.0,0.9983,0.0001,0.0051,-0.0032,0.2168,145.1755,0.0,0.0,0.0,136.525001525879,no_change,,91.0,12.0
AAPL,2026-10-23,42,Put,190.0,AAPL261023P00190000,0.0,0.32,0.16,0.0,0.0,0.0,0.0,0.0,0.7001,-0.0013,0.0001,0.0051,-0.0032,-0.0005,0.0243,0.0,0.0,0.0,0.129999995231628,no_change,,0.0,237.0
AAPL,2026-10-23,42,Call,195.0,AAPL261023C00195000,138.4,141.95,140.175,0.0,0.0,0.0,0.0,0.0,0.0,0.998,0.0001,0.0062,-0.0037,0.2224,140.207,0.0,0.0,0.0,131.549995422363,no_change,,86.0,12.0
AAPL,2026-10-23,42,Put,195.0,AAPL261023P00195000,0.0,0.27,0.135,0.07,0.0,0.0,0.0,2.0,0.6574,-0.0016,0.0001,0.0062,-0.0038,-0.0006,0.0296,0.0,0.0,0.0,0.0949999988079071,no_change,2026-09-09T10:44:29,0.0,117.0
AAPL,2026-10-23,42,Call,200.0,AAPL261023C00200000,133.45,136.95,135.2,0.0,0.0,0.0,0.0,0.0,0.0,0.9976,0.0001,0.0074,-0.0044,0.228,135.2395,0.0,0.0,0.0,126.574996948242,no_change,,86.0,4.0
AAPL,2026-10-23,42,Put,200.0,AAPL261023P00200000,0.0,0.21,0.105,0.17,0.0,0.0,0.0,2.0,0.6113,-0.002,0.0001,0.0074,-0.0044,-0.0008,0.0359,0.0,0.0,0.0,0.0649999976158142,no_change,2026-09-04T11:55:41,0.0,165.0
AAPL,2026-10-23,42,Call,205.0,AAPL261023C00205000,128.5,132.0,130.25,0.0,0.0,0.0,0.0,0.0,0.4959,0.9972,0.0001,0.0088,-0.0051,0.2335,130.2731,0.0,0.0,0.0,121.625,no_change,,86.0,4.0
AAPL,2026-10-23,42,Put,205.0,AAPL261023P00205000,0.0,0.13,0.065,0.1,0.0,0.0,0.0,2.0,0.5547,-0.0024,0.0001,0.0089,-0.0051,-0.0009,0.0434,0.0,0.0,0.0,0.0700000002980232,no_change,2026-09-04T11:55:56,0.0,115.0
AAPL,2026-10-23,42,Call,210.0,AAPL261023C00210000,123.5,127.0,125.25,110.97,0.0,0.0,0.0,1.0,0.0,0.9967,0.0001,0.0106,-0.0059,0.239,125.308,0.0,0.0,0.0,116.875,up,2026-09-10T09:31:20,90.0,13.0
AAPL,2026-10-23,42,Put,210.0,AAPL261023P00210000,0.0,0.13,0.065,0.0,0.0,0.0,0.0,0.0,0.5297,-0.003,0.0001,0.0106,-0.006,-0.0011,0.0521,0.0,0.0,0.0,0.0750000029802322,no_change,,0.0,138.0
AAPL,2026-10-23,42,Call,215.0,AAPL261023C00215000,118.45,122.05,120.25,103.85,0.0,0.0,0.0,2.0,0.0,0.996,0.0002,0.0125,-0.0069,0.2445,120.3444,0.0,0.0,0.0,111.900001525879,up,2026-09-08T10:13:49,86.0,4.0
AAPL,2026-10-23,42,Put,215.0,AAPL261023P00215000,0.0,0.14,0.07,0.09,0.0,0.0,0.0,1.0,0.5093,-0.0036,0.0002,0.0126,-0.0069,-0.0013,0.0624,0.0,0.0,0.0,0.0700000002980232,down,2026-09-08T13:07:04,0.0,139.0
AAPL,2026-10-23,42,Call,220.0,AAPL261023C00220000,113.45,117.1,115.275,101.28,0.0,0.0,0.0,2.0,0.0,0.9953,0.0002,0.0148,-0.0079,0.25,115.3825,0.0,0.0,0.0,106.950000762939,up,2026-09-10T10:32:17,102.0,10.0
AAPL,2026-10-23,42,Put,220.0,AAPL261023P00220000,0.0,0.15,0.075,0.09,0.0,0.0,0.0,3.0,0.4889,-0.0043,0.0002,0.0149,-0.0079,-0.0016,0.0744,0.0,0.0,0.0,0.09500000346452,up,2026-09-10T12:13:30,0.0,248.0
AAPL,2026-10-23,42,Call,225.0,AAPL261023C00225000,108.6,112.15,110.375,96.35,0.0,0.0,0.0,5.0,0.4361,0.9944,0.0003,0.0175,-0.0091,0.2553,110.4227,0.0,0.0,0.0,101.75,up,2026-09-10T10:32:17,90.0,10.0
AAPL,2026-10-23,42,Put,225.0,AAPL261023P00225000,0.01,0.13,0.07,0.14,0.0,0.0,0.0,12.0,0.4616,-0.0052,0.0003,0.0175,-0.0091,-0.0019,0.0885,0.0,0.0,0.0,0.105000000447035,no_change,2026-09-09T13:50:41,361.0,6.0
AAPL,2026-10-23,42,Call,230.0,AAPL261023C00230000,103.5,107.15,105.325,90.93,0.0,0.0,0.0,10.0,0.0,0.9934,0.0003,0.0206,-0.0104,0.2606,105.4653,0.0,0.0,0.0,97.0250015258789,down,2026-09-10T10:28:50,102.0,15.0
AAPL,2026-10-23,42,Put,230.0,AAPL261023P00230000,0.02,0.19,0.105,0.1,-0.03,-23.0769,1.0,12.0,0.4592,-0.0062,0.0003,0.0207,-0.0104,-0.0023,0.105,0.1,0.1,0.1,0.129999998956919,down,2026-09-11T11:04:04,361.0,530.0
AAPL,2026-10-23,42,Call,235.0,AAPL261023C00235000,98.55,102.2,100.375,86.07,0.0,0.0,0.0,61.0,0.0,0.9922,0.0004,0.0242,-0.0118,0.2659,100.5107,0.0,0.0,0.0,92.0,down,2026-09-10T12:08:04,102.0,15.0
AAPL,2026-10-23,42,Put,235.0,AAPL261023P00235000,0.04,0.2,0.12000000000000001,0.11,-0.045,-29.0323,19.0,2.0,0.4426,-0.0075,0.0004,0.0243,-0.0119,-0.0028,0.1244,0.11,0.11,0.11,0.154999999329448,no_change,2026-09-11T10:26:36,403.0,488.0
AAPL,2026-10-23,42,Call,240.0,AAPL261023C00240000,93.75,97.25,95.5,80.84,0.0,0.0,0.0,24.0,0.4034,0.9907,0.0005,0.0284,-0.0134,0.271,95.5596,0.0,0.0,0.0,87.1750030517578,down,2026-09-10T10:10:47,91.0,10.0
AAPL,2026-10-23,42,Put,240.0,AAPL261023P00240000,0.05,0.26,0.155,0.13,-0.1,-43.4783,7.0,5.0,0.4327,-0.009,0.0005,0.0284,-0.0135,-0.0033,0.1472,0.13,0.13,0.13,0.230000004172325,no_change,2026-09-11T10:28:02,383.0,403.0
AAPL,2026-10-23,42,Call,245.0,AAPL261023C00245000,88.8,92.3,90.55,75.95,0.0,0.0,0.0,16.0,0.3922,0.9889,0.0006,0.0332,-0.0153,0.276,90.6126,0.0,0.0,0.0,82.2000007629394,down,2026-09-10T10:10:47,91.0,10.0
AAPL,2026-10-23,42,Put,245.0,AAPL261023P00245000,0.09,0.25,0.16999999999999998,0.16,-0.085,-34.6939,9.0,8.0,0.414,-0.0108,0.0006,0.0335,-0.0154,-0.004,0.1742,0.18,0.18,0.16,0.245000001043081,no_change,2026-09-11T12:16:47,81.0,393.0
AAPL,2026-10-23,42,Call,250.0,AAPL261023C00250000,84.15,87.4,85.775,76.18,0.0,0.0,0.0,18.0,0.4254,0.9867,0.0007,0.039,-0.0173,0.2809,85.6707,0.0,0.0,0.0,77.2750015258789,no_change,2026-09-10T13:29:33,91.0,10.0
AAPL,2026-10-23,42,Put,250.0,AAPL261023P00250000,0.1,0.26,0.18,0.22,-0.04,-15.3846,11.0,11.0,0.3934,-0.013,0.0007,0.0391,-0.0174,-0.0048,0.2064,0.19,0.22,0.19,0.259999997913837,no_change,2026-09-11T12:16:47,473.0,441.0
AAPL,2026-10-23,42,Call,255.0,AAPL261023C00255000,79.0,82.45,80.725,65.4,0.0,0.0,0.0,10.0,0.384,0.9841,0.0009,0.0457,-0.0196,0.2856,80.7352,0.0,0.0,0.0,72.375,down,2026-09-10T09:59:42,91.0,10.0
AAPL,2026-10-23,42,Put,255.0,AAPL261023P00255000,0.15,0.32,0.235,0.38,0.0,0.0,0.0,35.0,0.3841,-0.0156,0.0009,0.0459,-0.0197,-0.0058,0.2449,0.0,0.0,0.0,0.324999995529652,down,2026-09-10T10:22:46,286.0,380.0
AAPL,2026-10-23,42,Call,260.0,AAPL261023C00260000,73.85,77.5,75.675,65.83,0.0,0.0,0.0,18.0,0.3408,0.9809,0.0011,0.0536,-0.0222,0.29,75.8077,0.0,0.0,0.0,67.4249992370606,no_change,2026-09-10T13:29:33,119.0,15.0
AAPL,2026-10-23,42,Put,260.0,AAPL261023P00260000,0.19,0.37,0.28,0.32,-0.065,-16.8831,3.0,29.0,0.3699,-0.0188,0.0011,0.054,-0.0224,-0.0069,0.2917,0.29,0.32,0.29,0.385000005364418,up,2026-09-11T11:07:36,436.0,393.0
AAPL,2026-10-23,42,Call,265.0,AAPL261023C00265000,69.85,72.6,71.225,71.26,8.76,14.016,126.0,15.0,0.403,0.9769,0.0013,0.0632,-0.0253,0.2942,70.8909,69.1,71.32,68.78,62.5000019073486,up,2026-09-11T10:47:43,171.0,92.0
AAPL,2026-10-23,42,Put,265.0,AAPL261023P00265000,0.27,0.48,0.375,0.39,-0.075,-16.129,6.0,30.0,0.3626,-0.0228,0.0013,0.0633,-0.0254,-0.0084,0.3486,0.4,0.4,0.38,0.465000003576279,up,2026-09-11T10:58:05,95.0,378.0
AAPL,2026-10-23,42,Call,270.0,AAPL261023C00270000,64.95,67.6,66.275,66.4,8.8,15.2778,126.0,1.0,0.3789,0.972,0.0016,0.0744,-0.0288,0.298,65.9886,64.3,66.4,63.9,57.6000003814697,up,2026-09-11T10:47:43,171.0,102.0
AAPL,2026-10-23,42,Put,270.0,AAPL261023P00270000,0.35,0.55,0.45,0.55,-0.055,-9.09091,25.0,577.0,0.3487,-0.0278,0.0016,0.0751,-0.0289,-0.0101,0.4203,0.57,0.57,0.4,0.604999989271164,up,2026-09-11T11:56:14,280.0,434.0
AAPL,2026-10-23,42,Call,275.0,AAPL261023C00275000,60.05,62.8,61.425,48.28,0.0,0.0,0.0,2.0,0.3641,0.9656,0.002,0.0883,-0.0329,0.3011,61.1062,0.0,0.0,0.0,52.8500003814697,up,2026-09-10T09:37:03,121.0,30.0
AAPL,2026-10-23,42,Put,275.0,AAPL261023P00275000,0.48,0.61,0.5449999999999999,0.51,-0.265,-34.1936,13.0,102.0,0.3349,-0.0343,0.002,0.0887,-0.0332,-0.0125,0.5141,0.69,0.7,0.51,0.775000005960464,down,2026-09-11T12:36:17,125.0,358.0
AAPL,2026-10-23,42,Call,280.0,AAPL261023C00280000,55.25,57.95,56.6,57.11,9.06,18.8554,2.0,9.0,0.3494,0.9575,0.0025,0.1049,-0.0378,0.3037,56.2519,57.62,57.62,57.11,48.0500011444092,down,2026-09-11T11:35:29,122.0,28.0
AAPL,2026-10-23,42,Put,280.0,AAPL261023P00280000,0.59,0.69,0.6399999999999999,0.64,-0.32,-33.3333,167.0,458.0,0.3197,-0.0424,0.0025,0.1057,-0.0381,-0.0154,0.6329,0.83,0.96,0.59,0.959999978542328,up,2026-09-11T12:31:45,168.0,282.0
AAPL,2026-10-23,42,Call,285.0,AAPL261023C00285000,50.4,53.1,51.75,37.85,0.0,0.0,0.0,4.0,0.331,0.9469,0.0031,0.1255,-0.0438,0.3051,51.4373,0.0,0.0,0.0,43.25,down,2026-09-10T12:08:59,163.0,25.0
AAPL,2026-10-23,42,Put,285.0,AAPL261023P00285000,0.75,0.87,0.81,0.82,-0.45,-35.4331,70.0,152.0,0.3088,-0.0531,0.0031,0.1259,-0.0441,-0.0193,0.7931,1.21,1.21,0.76,1.27000004053116,no_change,2026-09-11T11:55:34,80.0,199.0
AAPL,2026-10-23,42,Call,290.0,AAPL261023C00290000,45.7,48.25,46.975,46.74,8.015,20.6972,12.0,106.0,0.3158,0.933,0.0038,0.1504,-0.0509,0.3053,46.6784,47.44,47.44,46.74,38.7250003814697,no_change,2026-09-11T12:35:42,371.0,267.0
AAPL,2026-10-23,42,Put,290.0,AAPL261023P00290000,0.93,1.06,0.9950000000000001,0.99,-0.59,-37.3418,102.0,239.0,0.2954,-0.0673,0.0039,0.151,-0.0514,-0.0242,1.0126,1.45,1.47,0.99,1.5799999833107,down,2026-09-11T12:41:11,386.0,391.0
AAPL,2026-10-23,42,Call,295.0,AAPL261023C00295000,41.0,43.65,42.325,41.1,6.8,19.8251,1.0,111.0,0.3049,0.9148,0.0047,0.1801,-0.0594,0.3038,41.9968,41.1,41.1,41.1,34.3000011444092,up,2026-09-11T10:22:53,349.0,320.0
AAPL,2026-10-23,42,Put,295.0,AAPL261023P00295000,1.2,1.35,1.275,1.3,-0.8,-38.0952,127.0,328.0,0.2852,-0.0856,0.0048,0.1819,-0.06,-0.0307,1.3073,1.88,1.9,1.2,2.10000002384186,up,2026-09-11T12:32:57,547.0,406.0
AAPL,2026-10-23,42,Call,300.0,AAPL261023C00300000,36.6,38.5,37.55,38.12,8.745,29.7702,33.0,220.0,0.2847,0.8913,0.0058,0.215,-0.0692,0.3,37.4194,35.74,38.12,35.71,29.375,up,2026-09-11T10:50:38,446.0,317.0
AAPL,2026-10-23,42,Put,300.0,AAPL261023P00300000,1.6,1.75,1.675,1.7,-1.135,-40.0353,684.0,6414.0,0.277,-0.1095,0.0059,0.2166,-0.07,-0.0389,1.7083,2.38,2.49,1.6,2.83500003814697,down,2026-09-11T12:41:08,611.0,387.0
AAPL,2026-10-23,42,Call,305.0,AAPL261023C00305000,32.3,33.55,32.925,34.77,8.845,34.1176,5.0,39.0,0.269,0.8614,0.0071,0.2543,-0.0801,0.2936,32.9797,31.31,34.77,31.05,25.9250001907349,up,2026-09-11T11:13:36,361.0,19.0
AAPL,2026-10-23,42,Put,305.0,AAPL261023P00305000,2.2,2.37,2.285,2.29,-1.435,-38.5235,210.0,245.0,0.2729,-0.1394,0.0072,0.2554,-0.081,-0.0493,2.242,3.2,3.25,2.16,3.72499990463257,up,2026-09-11T12:25:13,297.0,525.0
AAPL,2026-10-23,42,Call,310.0,AAPL261023C00310000,27.85,29.85,28.85,29.05,7.3,33.5632,38.0,165.0,0.2692,0.8241,0.0086,0.2965,-0.0918,0.2842,28.7162,27.15,30.1,26.2,21.75,down,2026-09-11T12:19:09,510.0,293.0
AAPL,2026-10-23,42,Put,310.0,AAPL261023P00310000,2.88,3.15,3.0149999999999997,3.0,-1.925,-39.0863,193.0,192.0,0.2662,-0.1777,0.0087,0.298,-0.0931,-0.0623,2.9697,4.3,4.6,2.81,4.92500019073486,down,2026-09-11T12:13:55,577.0,517.0
AAPL,2026-10-23,42,Call,315.0,AAPL261023C00315000,24.2,25.0,24.6,24.47,6.07,32.9891,80.0,480.0,0.257,0.779,0.01,0.3394,-0.1034,0.2715,24.6715,19.07,26.08,19.06,18.3999996185303,no_change,2026-09-11T12:01:46,288.0,15.0
AAPL,2026-10-23,42,Put,315.0,AAPL261023P00315000,3.85,4.05,3.95,3.95,-2.35,-37.3016,187.0,166.0,0.2602,-0.2235,0.0102,0.3407,-0.105,-0.0772,3.9122,5.3,5.3,3.78,6.29999995231628,down,2026-09-11T12:37:01,123.0,244.0
AAPL,2026-10-23,42,Call,320.0,AAPL261023C00320000,20.4,21.4,20.9,20.75,5.45,35.6209,146.0,1019.0,0.2546,0.726,0.0115,0.3798,-0.1141,0.2555,20.8891,16.51,22.45,16.51,15.3000001907349,up,2026-09-11T12:07:28,315.0,304.0
AAPL,2026-10-23,42,Put,320.0,AAPL261023P00320000,4.95,5.35,5.15,4.95,-3.225,-39.4495,517.0,261.0,0.2554,-0.277,0.0117,0.381,-0.1161,-0.094,5.1105,7.0,7.0,4.95,8.17500019073486,down,2026-09-11T12:25:25,356.0,261.0
AAPL,2026-10-23,42,Call,325.0,AAPL261023C00325000,17.1,17.7,17.4,17.35,4.975,40.202,103.0,376.0,0.25,0.6658,0.0127,0.4142,-0.1229,0.2362,17.4105,13.3,18.81,12.7,12.375,down,2026-09-11T12:38:40,217.0,55.0
AAPL,2026-10-23,42,Put,325.0,AAPL261023P00325000,6.5,6.8,6.65,6.8,-3.5,-33.9806,167.0,322.0,0.2508,-0.3385,0.013,0.4154,-0.1253,-0.1124,6.6269,9.23,9.23,6.35,10.3000001907349,no_change,2026-09-11T12:00:25,164.0,155.0
AAPL,2026-10-23,42,Call,330.0,AAPL261023C00330000,14.0,14.5,14.25,14.4,4.55,46.1929,229.0,506.0,0.2463,0.5996,0.0137,0.4392,-0.1288,0.2143,14.2714,10.7,15.55,10.7,9.84999990463257,down,2026-09-11T12:27:54,223.0,33.0
AAPL,2026-10-23,42,Put,330.0,AAPL261023P00330000,8.35,8.7,8.524999999999999,8.5,-4.3,-33.5938,256.0,71.0,0.2472,-0.4067,0.014,0.4398,-0.1318,-0.1314,8.505,11.45,11.45,8.1,12.8000001907349,up,2026-09-11T12:25:25,21.0,240.0
AAPL,2026-10-23,42,Call,335.0,AAPL261023C00335000,11.3,11.65,11.475000000000001,11.55,3.75,48.0769,289.0,512.0,0.2434,0.5296,0.0143,0.452,-0.1311,0.1904,11.4974,8.5,12.6,8.5,7.79999995231628,no_change,2026-09-11T12:35:15,145.0,39.0
AAPL,2026-10-23,42,Put,335.0,AAPL261023P00335000,10.55,10.95,10.75,11.0,-4.7,-29.9363,172.0,6.0,0.244,-0.4787,0.0147,0.4511,-0.1348,-0.1494,10.7452,11.5,12.0,10.22,15.6999998092651,no_change,2026-09-11T12:23:03,11.0,179.0
AAPL,2026-10-23,42,Call,340.0,AAPL261023C00340000,8.9,9.3,9.100000000000001,8.9,2.9,48.3333,299.0,874.0,0.2416,0.4582,0.0144,0.4509,-0.1295,0.1656,9.1011,6.29,10.25,6.29,6.0,down,2026-09-11T12:35:10,102.0,183.0
AAPL,2026-10-23,42,Put,340.0,AAPL261023P00340000,13.15,13.8,13.475000000000001,13.17,-6.055,-31.4954,22.0,28.0,0.2439,-0.5524,0.0149,0.4475,-0.1339,-0.1651,13.3743,14.56,14.56,12.86,19.2249994277954,up,2026-09-11T10:58:57,10.0,200.0
AAPL,2026-10-23,42,Call,345.0,AAPL261023C00345000,6.85,7.25,7.05,7.0,2.5,55.5556,149.0,449.0,0.2392,0.3882,0.014,0.436,-0.124,0.1409,7.0799,4.92,7.89,4.92,4.5,down,2026-09-11T12:23:48,167.0,167.0
AAPL,2026-10-23,42,Put,345.0,AAPL261023P00345000,15.3,17.35,16.325000000000003,17.95,-4.975,-21.7012,1.0,6.0,0.2383,-0.6252,0.0146,0.4289,-0.1292,-0.1767,16.3915,17.95,17.95,17.95,22.9250001907349,down,2026-09-11T09:47:25,554.0,318.0
AAPL,2026-10-23,42,Call,350.0,AAPL261023C00350000,5.25,5.5,5.375,5.35,1.95,57.3529,252.0,527.0,0.2376,0.322,0.0132,0.4089,-0.1153,0.1172,5.4165,3.65,6.2,3.65,3.39999997615814,down,2026-09-11T12:41:05,175.0,93.0
AAPL,2026-10-23,42,Put,350.0,AAPL261023P00350000,19.0,20.5,19.75,20.63,-6.12,-22.8785,2.0,1.0,0.2379,-0.6946,0.0138,0.3965,-0.1213,-0.1822,19.7811,20.63,20.63,20.63,26.75,down,2026-09-11T09:42:30,158.0,119.0
AAPL,2026-10-23,42,Call,355.0,AAPL261023C00355000,3.85,4.2,4.025,4.07,1.53,60.2362,205.0,350.0,0.2362,0.2622,0.012,0.3727,-0.1043,0.0957,4.0908,3.5,4.6,3.5,2.54000008106232,up,2026-09-11T12:37:01,346.0,239.0
AAPL,2026-10-23,42,Put,355.0,AAPL261023P00355000,22.5,24.1,23.3,23.7,-7.475,-23.9775,5.0,0.0,0.2318,-0.7585,0.0128,0.3526,-0.111,-0.1806,23.5143,23.4,23.75,22.5,31.1750001907349,down,2026-09-11T12:03:26,420.0,151.0
AAPL,2026-10-23,42,Call,360.0,AAPL261023C00360000,2.9,3.15,3.025,3.05,1.14,59.6859,1108.0,610.0,0.2376,0.2087,0.0106,0.3297,-0.0916,0.0763,3.0308,2.12,3.55,2.12,1.9099999666214,no_change,2026-09-11T12:39:33,205.0,350.0
AAPL,2026-10-23,42,Put,360.0,AAPL261023P00360000,27.0,29.25,28.125,0.0,0.0,0.0,0.0,0.0,0.2564,-0.8154,0.0115,0.3004,-0.0994,-0.17,27.5526,0.0,0.0,0.0,35.1500015258789,no_change,,63.0,78.0
AAPL,2026-10-23,42,Call,365.0,AAPL261023C00365000,2.07,2.32,2.195,2.36,0.895,61.0922,129.0,329.0,0.2369,0.1636,0.0091,0.2848,-0.0787,0.0599,2.2264,1.5,2.8,1.5,1.46499997377396,up,2026-09-11T12:34:05,408.0,168.0
AAPL,2026-10-23,42,Put,365.0,AAPL261023P00365000,31.3,33.75,32.525,0.0,0.0,0.0,0.0,0.0,0.2641,-0.8648,0.0101,0.2437,-0.0874,-0.1492,31.8518,0.0,0.0,0.0,40.1749992370606,no_change,,133.0,80.0
AAPL,2026-10-23,42,Call,370.0,AAPL261023C00370000,1.48,1.74,1.6099999999999999,1.6,0.55,52.381,234.0,653.0,0.2383,0.1265,0.0076,0.2406,-0.0661,0.0463,1.6208,1.72,2.0,1.34,1.05000001192093,down,2026-09-11T12:22:25,358.0,210.0
AAPL,2026-10-23,42,Put,370.0,AAPL261023P00370000,35.05,38.3,36.675,0.0,0.0,0.0,0.0,0.0,0.2546,-0.9062,0.0086,0.1878,-0.0757,-0.1204,36.367,0.0,0.0,0.0,44.875,no_change,,186.0,47.0
AAPL,2026-10-23,42,Call,375.0,AAPL261023C00375000,1.08,1.3,1.19,1.2,0.43,55.8442,58.0,236.0,0.2408,0.0966,0.0062,0.1994,-0.0546,0.0353,1.1726,0.88,1.56,0.88,0.769999980926514,up,2026-09-11T12:18:04,328.0,310.0
AAPL,2026-10-23,42,Put,375.0,AAPL261023P00375000,39.75,42.85,41.3,0.0,0.0,0.0,0.0,0.0,0.2571,-0.9397,0.007,0.1334,-0.0624,-0.0904,41.0554,0.0,0.0,0.0,49.625,no_change,,198.0,41.0
AAPL,2026-10-23,42,Call,380.0,AAPL261023C00380000,0.78,0.95,0.865,0.87,0.285,48.718,418.0,199.0,0.2428,0.0732,0.005,0.1628,-0.0444,0.0267,0.8454,0.95,1.1,0.78,0.584999978542328,down,2026-09-11T11:47:56,189.0,238.0
AAPL,2026-10-23,42,Put,380.0,AAPL261023P00380000,44.6,47.8,46.2,0.0,0.0,0.0,0.0,0.0,0.2718,-0.9646,0.0052,0.088,-0.0467,-0.0571,45.8726,0.0,0.0,0.0,54.6000003814697,no_change,,119.0,19.0
AAPL,2026-10-23,42,Call,385.0,AAPL261023C00385000,0.51,0.73,0.62,0.6,0.195,48.1481,35.0,63.0,0.2444,0.0551,0.004,0.1314,-0.0358,0.0201,0.6093,0.6,0.63,0.6,0.405000001192093,down,2026-09-11T10:23:08,398.0,443.0
AAPL,2026-10-23,42,Put,385.0,AAPL261023P00385000,49.2,52.7,50.95,0.0,0.0,0.0,0.0,0.0,0.2699,-0.9815,0.0034,0.0504,-0.0299,-0.0368,50.7787,0.0,0.0,0.0,59.5499992370606,no_change,,90.0,17.0
AAPL,2026-10-23,42,Call,390.0,AAPL261023C00390000,0.36,0.45,0.405,0.48,0.185,62.7119,43.0,283.0,0.242,0.0415,0.0032,0.1056,-0.0287,0.0152,0.4427,0.33,0.58,0.33,0.295000001788139,down,2026-09-11T11:32:59,535.0,10.0
AAPL,2026-10-23,42,Put,390.0,AAPL261023P00390000,54.05,57.7,55.875,0.0,0.0,0.0,0.0,0.0,0.2792,-0.9913,0.0019,0.023,-0.0154,-0.0162,55.7381,0.0,0.0,0.0,64.7249984741211,no_change,,90.0,17.0
AAPL,2026-10-23,42,Call,395.0,AAPL261023C00395000,0.28,0.35,0.315,0.35,0.14,66.6667,2.0,14.0,0.2481,0.0311,0.0025,0.0837,-0.0228,0.0113,0.3201,0.35,0.35,0.35,0.21000000461936,no_change,2026-09-11T10:49:34,405.0,4.0
AAPL,2026-10-23,42,Put,395.0,AAPL261023P00395000,59.05,62.6,60.825,0.0,0.0,0.0,0.0,0.0,0.2884,-0.9965,0.0009,0.01,-0.0063,-0.0052,60.7216,0.0,0.0,0.0,69.5499992370606,no_change,,98.0,1.0
AAPL,2026-10-23,42,Call,400.0,AAPL261023C00400000,0.17,0.32,0.245,0.25,0.105,72.4138,15.0,56.0,0.2534,0.0235,0.0019,0.0667,-0.0182,0.0085,0.2354,0.15,0.25,0.15,0.144999995827675,up,2026-09-11T10:45:06,355.0,406.0
AAPL,2026-10-23,42,Put,400.0,AAPL261023P00400000,64.05,67.7,65.875,75.1,0.0,0.0,0.0,10.0,0.3148,-0.9989,0.0004,0.0043,-0.0017,-0.0012,65.7162,0.0,0.0,0.0,74.5999984741211,no_change,2026-09-10T13:55:59,97.0,12.0
AAPL,2026-10-23,42,Call,405.0,AAPL261023C00405000,0.13,0.25,0.19,0.17,0.055,47.8261,7.0,11.0,0.2586,0.0178,0.0015,0.053,-0.0145,0.0064,0.1738,0.19,0.23,0.08,0.11500000115484,up,2026-09-11T10:50:59,337.0,443.0
AAPL,2026-10-23,42,Put,405.0,AAPL261023P00405000,69.05,72.6,70.82499999999999,0.0,0.0,0.0,0.0,0.0,0.3224,-0.9996,0.0001,0.0007,-0.0005,-0.0004,70.7153,0.0,0.0,0.0,79.5999984741211,no_change,,97.0,1.0
AAPL,2026-10-23,42,Call,410.0,AAPL261023C00410000,0.03,0.22,0.125,0.15,0.065,76.4706,1.0,4.0,0.2582,0.0135,0.0012,0.0419,-0.0116,0.0049,0.129,0.15,0.15,0.15,0.084999998100102,no_change,2026-09-11T09:30:10,428.0,504.0
AAPL,2026-10-23,42,Put,410.0,AAPL261023P00410000,74.05,77.7,75.875,0.0,0.0,0.0,0.0,0.0,0.3488,-0.9999,0.0,0.0003,0.0,0.0,75.715,0.0,0.0,0.0,84.5999984741211,no_change,,97.0,12.0
AAPL,2026-10-23,42,Call,415.0,AAPL261023C00415000,0.04,0.16,0.1,0.1,0.015,17.6471,7.0,258.0,0.2636,0.0105,0.0009,0.0339,-0.0094,0.0038,0.0987,0.01,0.13,0.01,0.084999998100102,down,2026-09-11T11:09:07,459.0,431.0
AAPL,2026-10-23,42,Put,415.0,AAPL261023P00415000,79.5,82.6,81.05,82.35,-7.275,-8.11716,2.0,0.0,0.3894,-1.0,0.0,0.0,0.0,0.0,80.715,82.35,82.35,82.35,89.625,no_change,2026-09-11T10:44:20,145.0,27.0
AAPL,2026-10-30,49,Call,110.0,AAPL261030C00110000,222.8,226.7,224.75,0.0,0.0,0.0,0.0,0.0,0.0,0.9995,0.0,0.0003,-0.0002,0.1496,224.8196,0.0,0.0,0.0,0.0,no_change,,90.0,85.0
AAPL,2026-10-30,49,Put,110.0,AAPL261030P00110000,0.0,2.13,1.065,0.0,0.0,0.0,0.0,0.0,1.5732,-0.0001,0.0,0.0003,-0.0002,0.0,0.0012,0.0,0.0,0.0,0.0,no_change,,0.0,233.0
AAPL,2026-10-30,49,Call,120.0,AAPL261030C00120000,212.9,216.75,214.825,0.0,0.0,0.0,0.0,0.0,0.0,0.9994,0.0,0.0004,-0.0003,0.1632,214.8827,0.0,0.0,0.0,0.0,no_change,,90.0,85.0
AAPL,2026-10-30,49,Put,120.0,AAPL261030P00120000,0.0,1.86,0.93,0.0,0.0,0.0,0.0,0.0,1.4266,-0.0001,0.0,0.0004,-0.0003,0.0,0.002,0.0,0.0,0.0,0.0,no_change,,0.0,357.0
AAPL,2026-10-30,49,Call,125.0,AAPL261030C00125000,207.95,211.75,209.85,0.0,0.0,0.0,0.0,0.0,0.0,0.9994,0.0,0.0006,-0.0004,0.17,209.9144,0.0,0.0,0.0,0.0,no_change,,90.0,85.0
AAPL,2026-10-30,49,Put,125.0,AAPL261030P00125000,0.0,2.13,1.065,0.0,0.0,0.0,0.0,0.0,1.4048,-0.0001,0.0,0.0006,-0.0004,0.0,0.0024,0.0,0.0,0.0,0.0,no_change,,0.0,408.0
AAPL,2026-10-30,49,Call,130.0,AAPL261030C00130000,203.0,206.85,204.925,0.0,0.0,0.0,0.0,0.0,0.0,0.9994,0.0,0.0007,-0.0005,0.1768,204.9463,0.0,0.0,0.0,0.0,no_change,,90.0,85.0
AAPL,2026-10-30,49,Put,130.0,AAPL261030P00130000,0.0,1.14,0.57,0.0,0.0,0.0,0.0,0.0,1.2278,-0.0001,0.0,0.0007,-0.0005,-0.0001,0.003,0.0,0.0,0.0,0.0,no_change,,0.0,360.0
AAPL,2026-10-30,49,Call,135.0,AAPL261030C00135000,198.0,201.85,199.925,0.0,0.0,0.0,0.0,0.0,0.0,0.9994,0.0,0.0008,-0.0006,0.1836,199.9783,0.0,0.0,0.0,0.0,no_change,,90.0,85.0
AAPL,2026-10-30,49,Put,135.0,AAPL261030P00135000,0.0,0.74,0.37,0.0,0.0,0.0,0.0,0.0,1.1131,-0.0002,0.0,0.0008,-0.0006,-0.0001,0.0038,0.0,0.0,0.0,0.0,no_change,,0.0,367.0
AAPL,2026-10-30,49,Call,140.0,AAPL261030C00140000,193.05,196.9,194.97500000000002,0.0,0.0,0.0,0.0,0.0,0.0,0.9993,0.0,0.001,-0.0007,0.1903,195.0104,0.0,0.0,0.0,0.0,no_change,,90.0,85.0
AAPL,2026-10-30,49,Put,140.0,AAPL261030P00140000,0.0,0.74,0.37,0.0,0.0,0.0,0.0,0.0,1.0718,-0.0002,0.0,0.001,-0.0007,-0.0001,0.0047,0.0,0.0,0.0,0.0,no_change,,0.0,364.0
AAPL,2026-10-30,49,Call,145.0,AAPL261030C00145000,188.05,191.9,189.97500000000002,0.0,0.0,0.0,0.0,0.0,0.0,0.9993,0.0,0.0013,-0.0008,0.1971,190.0428,0.0,0.0,0.0,0.0,no_change,,90.0,85.0
AAPL,2026-10-30,49,Put,145.0,AAPL261030P00145000,0.0,2.13,1.065,0.0,0.0,0.0,0.0,0.0,1.2104,-0.0003,0.0,0.0013,-0.0008,-0.0001,0.0059,0.0,0.0,0.0,0.0,no_change,,0.0,538.0
AAPL,2026-10-30,49,Call,150.0,AAPL261030C00150000,183.05,186.95,185.0,0.0,0.0,0.0,0.0,0.0,0.0,0.9992,0.0,0.0016,-0.001,0.2039,185.0754,0.0,0.0,0.0,0.0,no_change,,90.0,85.0
AAPL,2026-10-30,49,Put,150.0,AAPL261030P00150000,0.0,1.55,0.775,0.0,0.0,0.0,0.0,0.0,1.1069,-0.0004,0.0,0.0016,-0.001,-0.0001,0.0072,0.0,0.0,0.0,0.0,no_change,,0.0,413.0
AAPL,2026-10-30,49,Call,155.0,AAPL261030C00155000,178.15,182.0,180.075,0.0,0.0,0.0,0.0,0.0,0.0,0.9991,0.0,0.002,-0.0012,0.2106,180.1083,0.0,0.0,0.0,0.0,no_change,,90.0,85.0
AAPL,2026-10-30,49,Put,155.0,AAPL261030P00155000,0.0,2.04,1.02,0.0,0.0,0.0,0.0,0.0,1.115,-0.0004,0.0,0.002,-0.0012,-0.0002,0.009,0.0,0.0,0.0,0.0,no_change,,0.0,368.0
AAPL,2026-10-30,49,Call,160.0,AAPL261030C00160000,173.1,177.0,175.05,0.0,0.0,0.0,0.0,0.0,0.0,0.999,0.0,0.0024,-0.0014,0.2174,175.1416,0.0,0.0,0.0,0.0,no_change,,90.0,85.0
AAPL,2026-10-30,49,Put,160.0,AAPL261030P00160000,0.0,1.16,0.58,0.0,0.0,0.0,0.0,0.0,0.9812,-0.0005,0.0,0.0024,-0.0014,-0.0002,0.011,0.0,0.0,0.0,0.0,no_change,,0.0,365.0
AAPL,2026-10-30,49,Call,165.0,AAPL261030C00165000,168.2,172.05,170.125,0.0,0.0,0.0,0.0,0.0,0.0,0.9989,0.0,0.0029,-0.0017,0.2241,170.1754,0.0,0.0,0.0,0.0,no_change,,90.0,85.0
AAPL,2026-10-30,49,Put,165.0,AAPL261030P00165000,0.0,0.97,0.485,0.0,0.0,0.0,0.0,0.0,0.9195,-0.0007,0.0,0.0029,-0.0017,-0.0003,0.0136,0.0,0.0,0.0,0.0,no_change,,0.0,370.0
AAPL,2026-10-30,49,Call,170.0,AAPL261030C00170000,163.25,167.1,165.175,0.0,0.0,0.0,0.0,0.0,0.0,0.9987,0.0,0.0035,-0.002,0.2309,165.2097,0.0,0.0,0.0,0.0,no_change,,90.0,82.0
AAPL,2026-10-30,49,Put,170.0,AAPL261030P00170000,0.0,1.78,0.89,0.0,0.0,0.0,0.0,0.0,0.9722,-0.0008,0.0,0.0036,-0.002,-0.0004,0.0167,0.0,0.0,0.0,0.0,no_change,,0.0,573.0
AAPL,2026-10-30,49,Call,175.0,AAPL261030C00175000,158.2,162.1,160.14999999999998,0.0,0.0,0.0,0.0,0.0,0.0,0.9985,0.0,0.0043,-0.0024,0.2376,160.2446,0.0,0.0,0.0,0.0,no_change,,90.0,85.0
AAPL,2026-10-30,49,Put,175.0,AAPL261030P00175000,0.0,0.75,0.375,0.0,0.0,0.0,0.0,0.0,0.8196,-0.001,0.0,0.0043,-0.0024,-0.0004,0.0203,0.0,0.0,0.0,0.0,no_change,,0.0,573.0
AAPL,2026-10-30,49,Call,180.0,AAPL261030C00180000,153.3,157.15,155.22500000000002,0.0,0.0,0.0,0.0,0.0,0.0,0.9983,0.0001,0.0052,-0.0028,0.2443,155.2802,0.0,0.0,0.0,0.0,no_change,,90.0,85.0
AAPL,2026-10-30,49,Put,180.0,AAPL261030P00180000,0.0,1.0,0.5,0.0,0.0,0.0,0.0,0.0,0.8208,-0.0012,0.0001,0.0052,-0.0028,-0.0006,0.0248,0.0,0.0,0.0,0.0,no_change,,0.0,420.0
AAPL,2026-10-30,49,Call,185.0,AAPL261030C00185000,148.45,152.2,150.325,0.0,0.0,0.0,0.0,0.0,0.5816,0.998,0.0001,0.0062,-0.0033,0.251,150.3167,0.0,0.0,0.0,0.0,no_change,,90.0,85.0
AAPL,2026-10-30,49,Put,185.0,AAPL261030P00185000,0.0,0.8,0.4,0.0,0.0,0.0,0.0,0.0,0.763,-0.0015,0.0001,0.0062,-0.0033,-0.0007,0.0301,0.0,0.0,0.0,0.0,no_change,,0.0,390.0
AAPL,2026-10-30,49,Call,190.0,AAPL261030C00190000,143.3,147.2,145.25,0.0,0.0,0.0,0.0,0.0,0.0,0.9977,0.0001,0.0074,-0.0038,0.2576,145.3542,0.0,0.0,0.0,0.0,no_change,,91.0,85.0
AAPL,2026-10-30,49,Put,190.0,AAPL261030P00190000,0.0,0.6,0.3,0.0,0.0,0.0,0.0,0.0,0.7035,-0.0019,0.0001,0.0074,-0.0038,-0.0008,0.0364,0.0,0.0,0.0,0.0,no_change,,0.0,373.0
AAPL,2026-10-30,49,Call,195.0,AAPL261030C00195000,138.55,142.25,140.4,0.0,0.0,0.0,0.0,0.0,0.5487,0.9973,0.0001,0.0089,-0.0045,0.2642,140.3929,0.0,0.0,0.0,0.0,no_change,,90.0,86.0
AAPL,2026-10-30,49,Put,195.0,AAPL261030P00195000,0.0,0.37,0.185,0.0,0.0,0.0,0.0,0.0,0.6333,-0.0023,0.0001,0.009,-0.0045,-0.001,0.0438,0.0,0.0,0.0,0.0,no_change,,0.0,555.0
AAPL,2026-10-30,49,Call,200.0,AAPL261030C00200000,133.6,137.25,135.425,0.0,0.0,0.0,0.0,0.0,0.5182,0.9968,0.0001,0.0106,-0.0052,0.2708,135.433,0.0,0.0,0.0,0.0,no_change,,90.0,85.0
AAPL,2026-10-30,49,Put,200.0,AAPL261030P00200000,0.0,0.38,0.19,0.0,0.0,0.0,0.0,0.0,0.6085,-0.0027,0.0001,0.0106,-0.0052,-0.0012,0.0528,0.0,0.0,0.0,0.0,no_change,,0.0,554.0
AAPL,2026-10-30,49,Call,205.0,AAPL261030C00205000,128.65,132.0,130.325,0.0,0.0,0.0,0.0,0.0,0.0,0.9962,0.0002,0.0126,-0.006,0.2773,130.4747,0.0,0.0,0.0,0.0,no_change,,90.0,85.0
AAPL,2026-10-30,49,Put,205.0,AAPL261030P00205000,0.0,0.39,0.195,0.0,0.0,0.0,0.0,0.0,0.5841,-0.0033,0.0002,0.0126,-0.0061,-0.0015,0.0633,0.0,0.0,0.0,0.0,no_change,,0.0,534.0
AAPL,2026-10-30,49,Call,210.0,AAPL261030C00210000,124.0,127.05,125.525,0.0,0.0,0.0,0.0,0.0,0.5042,0.9956,0.0002,0.0149,-0.007,0.2838,125.5183,0.0,0.0,0.0,0.0,no_change,,90.0,85.0
AAPL,2026-10-30,49,Put,210.0,AAPL261030P00210000,0.0,0.41,0.205,0.0,0.0,0.0,0.0,0.0,0.5619,-0.004,0.0002,0.015,-0.007,-0.0018,0.0757,0.0,0.0,0.0,0.0,no_change,,0.0,530.0
AAPL,2026-10-30,49,Call,215.0,AAPL261030C00215000,118.5,122.4,120.45,0.0,0.0,0.0,0.0,0.0,0.0,0.9948,0.0002,0.0176,-0.008,0.2902,120.5641,0.0,0.0,0.0,0.0,no_change,,90.0,85.0
AAPL,2026-10-30,49,Put,215.0,AAPL261030P00215000,0.0,0.43,0.215,0.0,0.0,0.0,0.0,0.0,0.5399,-0.0048,0.0002,0.0177,-0.0081,-0.0021,0.0905,0.0,0.0,0.0,0.0,no_change,,0.0,547.0
AAPL,2026-10-30,49,Call,220.0,AAPL261030C00220000,113.55,117.45,115.5,0.0,0.0,0.0,0.0,0.0,0.0,0.9938,0.0003,0.0207,-0.0092,0.2966,115.6127,0.0,0.0,0.0,0.0,no_change,,90.0,81.0
AAPL,2026-10-30,49,Put,220.0,AAPL261030P00220000,0.03,0.42,0.22499999999999998,0.08,0.08,0.0,1.0,0.0,0.518,-0.0058,0.0003,0.0208,-0.0093,-0.0026,0.1079,0.08,0.08,0.08,0.0,up,2026-09-11T10:33:08,5.0,567.0
AAPL,2026-10-30,49,Call,225.0,AAPL261030C00225000,109.1,112.2,110.65,0.0,0.0,0.0,0.0,0.0,0.4527,0.9926,0.0003,0.0244,-0.0106,0.3028,110.6644,0.0,0.0,0.0,0.0,no_change,,90.0,85.0
AAPL,2026-10-30,49,Put,225.0,AAPL261030P00225000,0.0,0.49,0.245,0.0,0.0,0.0,0.0,0.0,0.4991,-0.007,0.0003,0.0246,-0.0106,-0.0031,0.1286,0.0,0.0,0.0,0.0,no_change,,0.0,527.0
AAPL,2026-10-30,49,Call,230.0,AAPL261030C00230000,103.75,107.6,105.675,0.0,0.0,0.0,0.0,0.0,0.4274,0.9912,0.0004,0.0287,-0.0121,0.309,105.7201,0.0,0.0,0.0,0.0,no_change,,90.0,85.0
AAPL,2026-10-30,49,Put,230.0,AAPL261030P00230000,0.0,0.54,0.27,0.0,0.0,0.0,0.0,0.0,0.4812,-0.0084,0.0004,0.0288,-0.0122,-0.0037,0.1532,0.0,0.0,0.0,0.0,no_change,,0.0,595.0
AAPL,2026-10-30,49,Call,235.0,AAPL261030C00235000,98.95,102.3,100.625,0.0,0.0,0.0,0.0,0.0,0.3487,0.9895,0.0005,0.0337,-0.0138,0.315,100.7804,0.0,0.0,0.0,0.0,no_change,,90.0,85.0
AAPL,2026-10-30,49,Put,235.0,AAPL261030P00235000,0.0,0.59,0.295,0.0,0.0,0.0,0.0,0.0,0.4628,-0.0101,0.0005,0.0339,-0.0139,-0.0044,0.1825,0.0,0.0,0.0,0.0,no_change,,0.0,596.0
AAPL,2026-10-30,49,Call,240.0,AAPL261030C00240000,93.8,97.7,95.75,86.5,0.0,0.0,0.0,3.0,0.3891,0.9875,0.0006,0.0396,-0.0158,0.3208,95.8465,0.0,0.0,0.0,87.3249969482422,up,2026-09-10T14:45:01,90.0,85.0
AAPL,2026-10-30,49,Put,240.0,AAPL261030P00240000,0.0,0.63,0.315,0.32,0.0,0.0,0.0,11.0,0.443,-0.0121,0.0006,0.0398,-0.0159,-0.0053,0.2177,0.0,0.0,0.0,0.329999998211861,down,2026-09-10T15:39:38,0.0,607.0
AAPL,2026-10-30,49,Call,245.0,AAPL261030C00245000,89.1,92.8,90.94999999999999,0.0,0.0,0.0,0.0,0.0,0.4142,0.985,0.0007,0.0465,-0.0181,0.3264,90.9199,0.0,0.0,0.0,82.5250015258789,no_change,,90.0,85.0
AAPL,2026-10-30,49,Put,245.0,AAPL261030P00245000,0.03,0.6,0.315,0.33,-0.01,-2.94118,100.0,0.0,0.4192,-0.0146,0.0007,0.0466,-0.0182,-0.0064,0.2603,0.33,0.33,0.33,0.340000003576279,no_change,2026-09-11T10:53:57,462.0,598.0
AAPL,2026-10-30,49,Call,250.0,AAPL261030C00250000,84.2,87.85,86.025,77.2,0.0,0.0,0.0,6.0,0.3994,0.982,0.0009,0.0545,-0.0206,0.3318,86.0027,0.0,0.0,0.0,77.6499977111816,up,2026-09-10T15:08:19,116.0,93.0
AAPL,2026-10-30,49,Put,250.0,AAPL261030P00250000,0.05,0.46,0.255,0.41,0.03,7.89474,14.0,0.0,0.3834,-0.0176,0.0009,0.0551,-0.0208,-0.0077,0.3121,0.32,0.42,0.32,0.379999995231628,no_change,2026-09-11T11:41:23,476.0,385.0
AAPL,2026-10-30,49,Call,255.0,AAPL261030C00255000,79.25,82.65,80.95,68.46,0.0,0.0,0.0,2.0,0.3551,0.9784,0.0011,0.0642,-0.0236,0.3369,81.0973,0.0,0.0,0.0,72.7999992370606,up,2026-09-10T09:37:45,118.0,91.0
AAPL,2026-10-30,49,Put,255.0,AAPL261030P00255000,0.13,0.5,0.315,0.46,0.0,-1.81405e-06,71.0,0.0,0.3725,-0.0214,0.0011,0.0645,-0.0238,-0.0093,0.3764,0.46,0.46,0.45,0.46000000834465,up,2026-09-11T10:34:22,454.0,397.0
AAPL,2026-10-30,49,Call,260.0,AAPL261030C00260000,74.8,77.75,76.275,0.0,0.0,0.0,0.0,0.0,0.3804,0.9738,0.0013,0.0756,-0.0271,0.3415,76.2078,0.0,0.0,0.0,67.9749984741211,no_change,,136.0,124.0
AAPL,2026-10-30,49,Put,260.0,AAPL261030P00260000,0.24,0.55,0.395,0.83,0.0,0.0,0.0,4.0,0.3626,-0.026,0.0013,0.0764,-0.0273,-0.0114,0.4561,0.0,0.0,0.0,0.574999988079071,down,2026-09-10T09:48:40,359.0,297.0
AAPL,2026-10-30,49,Call,265.0,AAPL261030C00265000,69.75,73.05,71.4,0.0,0.0,0.0,0.0,0.0,0.3672,0.968,0.0016,0.0893,-0.0311,0.3456,71.3389,0.0,0.0,0.0,63.2000007629394,no_change,,139.0,120.0
AAPL,2026-10-30,49,Put,265.0,AAPL261030P00265000,0.23,0.8,0.515,0.55,-0.195,-26.1745,3.0,0.0,0.3551,-0.0318,0.0016,0.0898,-0.0314,-0.0138,0.5577,0.69,0.69,0.55,0.745000004768372,no_change,2026-09-11T12:39:41,488.0,440.0
AAPL,2026-10-30,49,Call,270.0,AAPL261030C00270000,65.2,68.1,66.65,66.0,7.575,12.9653,1.0,1.0,0.3639,0.9608,0.0019,0.1054,-0.0358,0.349,66.4978,66.0,66.0,66.0,58.4249992370606,up,2026-09-11T09:37:03,171.0,166.0
AAPL,2026-10-30,49,Put,270.0,AAPL261030P00270000,0.54,0.8,0.67,0.77,-0.515,-40.0778,30.0,484.0,0.3481,-0.0391,0.002,0.1067,-0.0362,-0.017,0.6862,0.79,0.79,0.69,1.28499999642372,no_change,2026-09-11T11:41:23,361.0,331.0
AAPL,2026-10-30,49,Call,275.0,AAPL261030C00275000,60.5,63.25,61.875,48.77,0.0,0.0,0.0,11.0,0.3541,0.9518,0.0024,0.1249,-0.0414,0.3514,61.6932,0.0,0.0,0.0,53.625,up,2026-09-10T10:50:59,122.0,113.0
AAPL,2026-10-30,49,Put,275.0,AAPL261030P00275000,0.72,1.0,0.86,0.86,-1.0,-53.7634,22.0,52.0,0.3404,-0.0482,0.0024,0.1256,-0.0418,-0.0208,0.8528,1.1,1.1,0.62,1.86000001430511,down,2026-09-11T12:32:07,217.0,286.0
AAPL,2026-10-30,49,Call,280.0,AAPL261030C00280000,55.65,58.55,57.099999999999994,58.07,9.045,18.4498,11.0,1.0,0.3416,0.9404,0.0029,0.1475,-0.0478,0.3528,56.9369,54.92,58.07,54.92,49.0249996185303,up,2026-09-11T11:21:16,130.0,130.0
AAPL,2026-10-30,49,Put,280.0,AAPL261030P00280000,0.79,1.27,1.03,1.04,-0.48,-31.5789,8.0,33.0,0.328,-0.0598,0.0029,0.1492,-0.0483,-0.0258,1.0671,1.15,1.15,1.04,1.51999998092651,down,2026-09-11T11:46:31,165.0,236.0
AAPL,2026-10-30,49,Call,285.0,AAPL261030C00285000,51.05,53.8,52.425,44.3,0.0,0.0,0.0,6.0,0.3326,0.9261,0.0035,0.1743,-0.0553,0.3527,52.2432,0.0,0.0,0.0,44.3500003814697,up,2026-09-10T13:46:39,130.0,115.0
AAPL,2026-10-30,49,Put,285.0,AAPL261030P00285000,1.23,1.5,1.365,1.36,-0.83,-37.8995,19.0,2.0,0.3232,-0.0743,0.0036,0.1752,-0.0559,-0.0318,1.3456,1.5,1.5,1.21,2.18999999761581,up,2026-09-11T12:32:07,213.0,204.0
AAPL,2026-10-30,49,Call,290.0,AAPL261030C00290000,46.7,49.0,47.85,48.47,8.47,21.175,2.0,103.0,0.3252,0.9083,0.0042,0.2046,-0.0637,0.3509,47.6298,48.47,48.47,48.47,40.0,up,2026-09-11T10:55:25,246.0,338.0
AAPL,2026-10-30,49,Put,290.0,AAPL261030P00290000,1.61,1.9,1.755,1.6,-1.205,-42.959,38.0,5.0,0.3172,-0.092,0.0043,0.2056,-0.0644,-0.0391,1.7005,2.31,2.31,1.6,2.80499994754791,down,2026-09-11T11:33:24,142.0,230.0
AAPL,2026-10-30,49,Call,295.0,AAPL261030C00295000,42.1,44.35,43.225,33.88,0.0,0.0,0.0,100.0,0.3119,0.8864,0.0051,0.2386,-0.073,0.3471,43.1181,0.0,0.0,0.0,35.5500011444092,up,2026-09-10T11:36:14,155.0,291.0
AAPL,2026-10-30,49,Put,295.0,AAPL261030P00295000,1.89,2.37,2.13,2.13,-1.42,-40.0,63.0,125.0,0.3062,-0.1141,0.0051,0.241,-0.0738,-0.0487,2.1606,2.04,2.4,2.04,3.55000007152557,up,2026-09-11T12:28:35,262.0,166.0
AAPL,2026-10-30,49,Call,300.0,AAPL261030C00300000,37.3,40.25,38.775,38.6,6.35,19.6899,6.0,4.0,0.3026,0.8599,0.006,0.2758,-0.083,0.3409,38.7314,34.31,38.6,34.31,32.2500009536743,up,2026-09-11T10:27:03,394.0,371.0
AAPL,2026-10-30,49,Put,300.0,AAPL261030P00300000,2.61,3.05,2.83,2.75,-1.55,-36.0465,300.0,97.0,0.3041,-0.141,0.0061,0.2768,-0.084,-0.0593,2.7491,4.0,4.0,2.65,4.29999995231628,down,2026-09-11T12:28:35,268.0,299.0
AAPL,2026-10-30,49,Call,305.0,AAPL261030C00305000,33.8,35.15,34.474999999999994,34.36,7.035,25.7457,7.0,20.0,0.2946,0.8283,0.007,0.3148,-0.0933,0.3323,34.4967,32.98,34.88,32.0,27.3249998092651,down,2026-09-11T12:04:18,146.0,86.0
AAPL,2026-10-30,49,Put,305.0,AAPL261030P00305000,3.35,3.7,3.5250000000000004,3.58,-1.695,-32.1327,54.0,24.0,0.2964,-0.173,0.0071,0.3161,-0.0946,-0.072,3.4917,3.35,3.6,3.35,5.27500009536743,up,2026-09-11T12:22:08,293.0,10.0
AAPL,2026-10-30,49,Call,310.0,AAPL261030C00310000,29.75,31.55,30.65,30.35,6.4,26.7223,8.0,8.0,0.2959,0.7913,0.008,0.3541,-0.1036,0.321,30.4427,29.42,31.88,29.42,23.9499998092651,up,2026-09-11T12:32:23,164.0,388.0
AAPL,2026-10-30,49,Put,310.0,AAPL261030P00310000,4.1,4.75,4.425,4.5,-2.0,-30.7692,65.0,39.0,0.2899,-0.2111,0.0081,0.3566,-0.1053,-0.087,4.4299,5.0,5.0,4.26,6.5,up,2026-09-11T12:22:08,306.0,295.0
AAPL,2026-10-30,49,Call,315.0,AAPL261030C00315000,25.35,27.3,26.325000000000003,27.2,6.65,32.3601,30.0,22.0,0.2783,0.7488,0.0091,0.3922,-0.1133,0.3067,26.5986,23.83,27.54,23.83,20.5499992370605,no_change,2026-09-11T11:44:46,211.0,244.0
AAPL,2026-10-30,49,Put,315.0,AAPL261030P00315000,5.35,6.0,5.675,5.73,-2.42,-29.6933,245.0,86.0,0.288,-0.2543,0.0092,0.3958,-0.1153,-0.1047,5.5697,5.15,6.2,5.15,8.15000009536743,up,2026-09-11T12:37:01,295.0,344.0
AAPL,2026-10-30,49,Call,320.0,AAPL261030C00320000,22.2,23.95,23.075,23.11,5.56,31.6809,32.0,38.0,0.283,0.7012,0.01,0.4268,-0.1218,0.2897,22.9928,20.25,23.69,20.25,17.5500001907349,down,2026-09-11T12:26:13,187.0,424.0
AAPL,2026-10-30,49,Put,320.0,AAPL261030P00320000,6.65,7.45,7.050000000000001,7.05,-3.425,-32.6969,100.0,93.0,0.2833,-0.303,0.0102,0.4283,-0.1242,-0.1219,6.9546,7.45,7.64,6.7,10.4749999046326,up,2026-09-11T11:57:38,274.0,322.0
AAPL,2026-10-30,49,Call,325.0,AAPL261030C00325000,18.95,20.3,19.625,20.2,5.325,35.7983,33.0,56.0,0.2767,0.649,0.0108,0.4554,-0.1285,0.2703,19.652,17.75,21.19,17.1,14.875,down,2026-09-11T11:43:05,198.0,251.0
AAPL,2026-10-30,49,Put,325.0,AAPL261030P00325000,8.4,9.2,8.8,8.41,-3.74,-30.7819,24.0,27.0,0.2814,-0.3564,0.0111,0.4569,-0.1313,-0.1399,8.6111,9.6,9.65,8.33,12.1499996185303,down,2026-09-11T11:27:43,5.0,438.0
AAPL,2026-10-30,49,Call,330.0,AAPL261030C00330000,16.35,17.05,16.700000000000003,16.4,4.275,35.2577,193.0,155.0,0.276,0.593,0.0115,0.4762,-0.1329,0.2488,16.5991,13.37,18.0,13.37,12.125,down,2026-09-11T12:05:24,64.0,60.0
AAPL,2026-10-30,49,Put,330.0,AAPL261030P00330000,9.7,11.1,10.399999999999999,10.59,-4.31,-28.9262,36.0,51.0,0.2709,-0.4132,0.0118,0.4766,-0.1362,-0.1577,10.5443,12.4,12.4,10.2,14.8999996185303,up,2026-09-11T12:08:58,254.0,251.0
AAPL,2026-10-30,49,Call,335.0,AAPL261030C00335000,12.55,14.15,13.350000000000001,13.75,3.725,37.1571,345.0,104.0,0.2603,0.535,0.0119,0.4875,-0.1347,0.2259,13.8733,11.5,15.0,11.5,10.0250000953674,down,2026-09-11T12:35:15,14.0,10.0
AAPL,2026-10-30,49,Put,335.0,AAPL261030P00335000,11.7,13.5,12.6,12.74,-4.485,-26.0377,25.0,5.0,0.2664,-0.4738,0.0122,0.4868,-0.1385,-0.1774,12.8226,15.1,15.1,11.87,17.2249999046326,up,2026-09-11T12:27:41,238.0,348.0
AAPL,2026-10-30,49,Call,340.0,AAPL261030C00340000,10.8,11.6,11.2,10.92,2.945,36.9279,404.0,230.0,0.264,0.475,0.012,0.4885,-0.1337,0.2016,11.417,8.6,13.0,8.6,7.97500014305115,down,2026-09-11T12:39:50,7.0,10.0
AAPL,2026-10-30,49,Put,340.0,AAPL261030P00340000,14.8,16.0,15.4,15.5,-5.55,-26.3658,109.0,2.0,0.2683,-0.5353,0.0124,0.4852,-0.138,-0.1939,15.4084,18.33,18.33,14.85,21.0500001907349,up,2026-09-11T12:36:19,1.0,224.0
AAPL,2026-10-30,49,Call,345.0,AAPL261030C00345000,8.85,9.95,9.399999999999999,9.2,2.7,41.5385,71.0,153.0,0.2682,0.4164,0.0119,0.479,-0.13,0.1775,9.3144,9.25,10.16,8.2,6.5,down,2026-09-11T12:38:05,108.0,280.0
AAPL,2026-10-30,49,Put,345.0,AAPL261030P00345000,16.45,19.05,17.75,0.0,0.0,0.0,0.0,0.0,0.2543,-0.5966,0.0123,0.4728,-0.1349,-0.209,18.3176,0.0,0.0,0.0,24.0,no_change,,258.0,203.0
AAPL,2026-10-30,49,Call,350.0,AAPL261030C00350000,7.3,7.6,7.449999999999999,7.3,2.275,45.2736,185.0,1373.0,0.264,0.3589,0.0114,0.4593,-0.1236,0.1535,7.483,5.5,8.5,5.05,5.02500009536743,down,2026-09-11T12:41:06,128.0,10.0
AAPL,2026-10-30,49,Put,350.0,AAPL261030P00350000,19.6,22.2,20.9,22.18,-5.695,-20.4305,1.0,1.0,0.2502,-0.6561,0.012,0.4495,-0.1292,-0.2158,21.5478,22.18,22.18,22.18,27.875,down,2026-09-11T09:37:10,411.0,207.0
AAPL,2026-10-30,49,Call,355.0,AAPL261030C00355000,5.4,6.5,5.95,5.89,2.165,58.1208,25.0,29.0,0.2634,0.3053,0.0108,0.4314,-0.1152,0.131,5.9552,4.0,6.5,4.0,3.72499990463257,down,2026-09-11T12:37:01,273.0,283.0
AAPL,2026-10-30,49,Put,355.0,AAPL261030P00355000,23.25,26.4,24.825,0.0,0.0,0.0,0.0,0.0,0.2574,-0.7124,0.0114,0.4152,-0.1215,-0.217,25.0787,0.0,0.0,0.0,31.75,no_change,,315.0,338.0
AAPL,2026-10-30,49,Call,360.0,AAPL261030C00360000,4.5,4.9,4.7,4.72,1.75,58.9226,31.0,5.0,0.263,0.2562,0.0099,0.3974,-0.1054,0.1103,4.6938,3.6,5.25,3.6,2.97000002861023,down,2026-09-11T12:34:12,5.0,14.0
AAPL,2026-10-30,49,Put,360.0,AAPL261030P00360000,27.3,29.5,28.4,29.0,-7.2,-19.8895,1.0,0.0,0.2494,-0.7645,0.0106,0.3744,-0.1124,-0.2129,28.886,29.0,29.0,29.0,36.2000007629394,down,2026-09-11T12:27:57,386.0,204.0
AAPL,2026-10-30,49,Call,365.0,AAPL261030C00365000,3.45,4.25,3.85,3.85,1.53,65.9483,44.0,13.0,0.2676,0.2123,0.009,0.3591,-0.0946,0.0916,3.6672,3.5,4.2,3.5,2.31999999284744,up,2026-09-11T12:28:35,219.0,366.0
AAPL,2026-10-30,49,Put,365.0,AAPL261030P00365000,31.2,33.9,32.55,31.84,-8.71,-21.4797,1.0,0.0,0.2499,-0.8118,0.0097,0.3283,-0.1026,-0.2062,32.9421,31.84,31.84,31.84,40.5499992370606,down,2026-09-11T11:13:52,397.0,370.0
AAPL,2026-10-30,49,Call,370.0,AAPL261030C00370000,2.47,3.25,2.8600000000000003,2.89,1.22,73.0539,21.0,16.0,0.263,0.1739,0.0079,0.3188,-0.0836,0.0751,2.8434,2.0,3.25,2.0,1.66999995708466,up,2026-09-11T12:34:12,356.0,362.0
AAPL,2026-10-30,49,Put,370.0,AAPL261030P00370000,35.75,38.4,37.075,0.0,0.0,0.0,0.0,0.0,0.2572,-0.8537,0.0088,0.2785,-0.0923,-0.1887,37.2157,0.0,0.0,0.0,45.0500011444092,no_change,,323.0,317.0
AAPL,2026-10-30,49,Call,375.0,AAPL261030C00375000,1.96,2.65,2.3049999999999997,2.32,1.165,100.866,9.0,2.0,0.2671,0.1411,0.0069,0.2787,-0.0728,0.0609,2.1909,2.48,2.5,2.32,1.15500000119209,down,2026-09-11T11:35:39,337.0,389.0
AAPL,2026-10-30,49,Put,375.0,AAPL261030P00375000,40.0,42.7,41.35,0.0,0.0,0.0,0.0,0.0,0.2466,-0.8903,0.0078,0.2295,-0.0826,-0.1621,41.6753,0.0,0.0,0.0,49.7749996185303,no_change,,321.0,302.0
AAPL,2026-10-30,49,Call,380.0,AAPL261030C00380000,1.47,1.8,1.635,1.74,0.725,71.4286,54.0,21.0,0.2617,0.1134,0.0059,0.2405,-0.0625,0.049,1.6798,1.7,1.85,1.29,1.01499998569489,no_change,2026-09-11T11:47:00,189.0,20.0
AAPL,2026-10-30,49,Put,380.0,AAPL261030P00380000,44.65,47.45,46.05,57.0,0.0,0.0,0.0,1.0,0.2472,-0.9215,0.0068,0.1764,-0.0726,-0.1374,46.2932,0.0,0.0,0.0,54.6000003814697,up,2026-09-10T14:12:19,140.0,132.0
AAPL,2026-10-30,49,Call,385.0,AAPL261030C00385000,1.05,1.65,1.35,1.41,1.41,0.0,26.0,0.0,0.268,0.0906,0.005,0.205,-0.0531,0.0392,1.2837,1.4,1.45,1.3,0.0,up,2026-09-11T11:43:03,290.0,302.0
AAPL,2026-10-30,49,Put,385.0,AAPL261030P00385000,49.4,52.3,50.849999999999994,0.0,0.0,0.0,0.0,0.0,0.2452,-0.947,0.0056,0.1298,-0.0614,-0.0977,51.0342,0.0,0.0,0.0,0.0,no_change,,118.0,110.0
AAPL,2026-10-30,49,Call,390.0,AAPL261030C00390000,0.18,1.5,0.84,0.0,0.0,0.0,0.0,0.0,0.2574,0.0719,0.0042,0.1728,-0.0447,0.031,0.979,0.0,0.0,0.0,0.0,no_change,,439.0,338.0
AAPL,2026-10-30,49,Put,390.0,AAPL261030P00390000,54.25,57.75,56.0,0.0,0.0,0.0,0.0,0.0,0.2797,-0.9671,0.0043,0.0874,-0.0474,-0.0679,55.8767,0.0,0.0,0.0,0.0,no_change,,118.0,97.0
AAPL,2026-10-30,49,Call,395.0,AAPL261030C00395000,0.11,1.14,0.625,0.0,0.0,0.0,0.0,0.0,0.2582,0.0571,0.0035,0.1452,-0.0375,0.0246,0.7497,0.0,0.0,0.0,0.0,no_change,,522.0,221.0
AAPL,2026-10-30,49,Put,395.0,AAPL261030P00395000,59.2,62.75,60.975,0.0,0.0,0.0,0.0,0.0,0.2947,-0.9811,0.003,0.0508,-0.0319,-0.0404,60.7884,0.0,0.0,0.0,0.0,no_change,,118.0,97.0
AAPL,2026-10-30,49,Call,400.0,AAPL261030C00400000,0.3,0.7,0.5,0.62,0.62,0.0,11.0,0.0,0.263,0.045,0.0028,0.1208,-0.0311,0.0194,0.5721,0.58,0.62,0.58,0.0,up,2026-09-11T11:48:34,378.0,228.0
AAPL,2026-10-30,49,Put,400.0,AAPL261030P00400000,64.1,67.6,65.85,0.0,0.0,0.0,0.0,0.0,0.2958,-0.9904,0.0019,0.0305,-0.0184,-0.0239,65.7421,0.0,0.0,0.0,0.0,no_change,,90.0,85.0
AAPL,2026-10-30,49,Call,405.0,AAPL261030C00405000,0.06,0.89,0.475,0.0,0.0,0.0,0.0,0.0,0.2759,0.0353,0.0023,0.0995,-0.0257,0.0152,0.4353,0.0,0.0,0.0,0.0,no_change,,434.0,1072.0
AAPL,2026-10-30,49,Put,405.0,AAPL261030P00405000,68.9,72.8,70.85,0.0,0.0,0.0,0.0,0.0,0.3119,-0.9955,0.001,0.0119,-0.0084,-0.0087,70.7251,0.0,0.0,0.0,0.0,no_change,,90.0,85.0
AAPL,2026-10-30,49,Call,410.0,AAPL261030C00410000,0.13,0.64,0.385,0.0,0.0,0.0,0.0,0.0,0.2804,0.0279,0.0019,0.0823,-0.0212,0.012,0.3344,0.0,0.0,0.0,0.0,no_change,,380.0,366.0
AAPL,2026-10-30,49,Put,410.0,AAPL261030P00410000,73.9,77.6,75.75,0.0,0.0,0.0,0.0,0.0,0.3024,-0.9982,0.0005,0.0063,-0.0028,-0.0016,75.7172,0.0,0.0,0.0,0.0,no_change,,90.0,85.0
AAPL,2026-10-30,49,Call,415.0,AAPL261030C00415000,0.08,0.51,0.295,0.3,0.3,0.0,13.0,0.0,0.2824,0.0221,0.0015,0.0678,-0.0176,0.0095,0.2585,0.34,0.34,0.28,0.0,up,2026-09-11T11:07:57,458.0,350.0
AAPL,2026-10-30,49,Put,415.0,AAPL261030P00415000,79.1,82.6,80.85,0.0,0.0,0.0,0.0,0.0,0.3431,-0.9993,0.0002,0.0015,-0.0008,-0.001,80.7157,0.0,0.0,0.0,0.0,no_change,,90.0,85.0
AAPL,2026-11-20,70,Call,100.0,AAPL261120C00100000,233.0,236.65,234.825,217.92,0.0,0.0,0.0,13.0,0.0,0.9994,0.0,0.0011,-0.0006,0.155,234.8673,0.0,0.0,0.0,226.225006103516,no_change,2026-08-31T15:59:17,141.0,96.0
AAPL,2026-11-20,70,Put,100.0,AAPL261120P00100000,0.0,0.1,0.05,0.01,0.0,0.0,0.0,206.0,0.9783,-0.0002,0.0,0.0012,-0.0006,-0.0001,0.0065,0.0,0.0,0.0,0.0500000007450581,down,2026-08-31T12:31:41,0.0,10.0
AAPL,2026-11-20,70,Call,105.0,AAPL261120C00105000,228.05,231.7,229.875,158.6,0.0,0.0,0.0,12.0,0.0,0.9994,0.0,0.0013,-0.0007,0.1628,229.9042,0.0,0.0,0.0,221.400001525879,up,2026-01-27T09:32:54,96.0,96.0
AAPL,2026-11-20,70,Put,105.0,AAPL261120P00105000,0.0,0.49,0.245,0.14,0.0,0.0,0.0,7.0,1.1135,-0.0003,0.0,0.0014,-0.0007,-0.0002,0.0077,0.0,0.0,0.0,0.239999994635582,down,2026-07-17T14:51:59,0.0,416.0
AAPL,2026-11-20,70,Call,110.0,AAPL261120C00110000,223.1,226.75,224.925,213.45,0.0,0.0,0.0,48.0,0.0,0.9993,0.0,0.0015,-0.0008,0.1705,224.9411,0.0,0.0,0.0,216.275001525879,up,2026-09-10T09:38:22,116.0,98.0
AAPL,2026-11-20,70,Put,110.0,AAPL261120P00110000,0.0,0.03,0.015,0.01,0.0,0.0,0.0,232.0,0.8154,-0.0003,0.0,0.0017,-0.0008,-0.0002,0.0091,0.0,0.0,0.0,0.0149999996647239,no_change,2026-09-01T15:06:23,0.0,4.0
AAPL,2026-11-20,70,Call,115.0,AAPL261120C00115000,218.1,221.75,219.925,173.82,0.0,0.0,0.0,1.0,0.0,0.9992,0.0,0.0019,-0.0009,0.1784,219.9783,0.0,0.0,0.0,211.349998474121,down,2026-05-07T15:51:36,109.0,96.0
AAPL,2026-11-20,70,Put,115.0,AAPL261120P00115000,0.0,0.02,0.01,0.01,0.0,0.0,0.0,563.0,0.76,-0.0004,0.0,0.002,-0.001,-0.0002,0.0107,0.0,0.0,0.0,0.00999999977648258,no_change,2026-09-10T14:53:32,0.0,10.0
AAPL,2026-11-20,70,Call,120.0,AAPL261120C00120000,213.7,216.75,215.225,206.14,0.0,0.0,0.0,70.0,0.9841,0.9992,0.0,0.0022,-0.0011,0.1861,215.0158,0.0,0.0,0.0,206.450004577637,up,2026-09-02T09:59:58,96.0,96.0
AAPL,2026-11-20,70,Put,120.0,AAPL261120P00120000,0.0,0.48,0.24,0.07,0.0,0.0,0.0,138.0,0.9894,-0.0004,0.0,0.0023,-0.0011,-0.0003,0.0125,0.0,0.0,0.0,0.234999999403954,down,2026-08-24T09:46:25,0.0,275.0
AAPL,2026-11-20,70,Call,125.0,AAPL261120C00125000,208.2,211.85,210.02499999999998,202.96,0.0,0.0,0.0,29.0,0.0,0.9991,0.0,0.0025,-0.0012,0.1938,210.0536,0.0,0.0,0.0,201.400001525879,up,2026-09-01T11:54:21,102.0,98.0
AAPL,2026-11-20,70,Put,125.0,AAPL261120P00125000,0.0,0.1,0.05,0.05,0.0,0.0,0.0,80.0,0.8049,-0.0005,0.0,0.0027,-0.0013,-0.0003,0.0147,0.0,0.0,0.0,0.0500000007450581,up,2026-09-09T10:38:45,0.0,10.0
AAPL,2026-11-20,70,Call,130.0,AAPL261120C00130000,203.75,206.8,205.275,186.93,0.0,0.0,0.0,45.0,0.9003,0.999,0.0,0.0031,-0.0014,0.2018,205.0916,0.0,0.0,0.0,196.275001525879,down,2026-09-08T15:28:15,95.0,100.0
AAPL,2026-11-20,70,Put,130.0,AAPL261120P00130000,0.0,0.45,0.225,0.1,0.0,0.0,0.0,74.0,0.9097,-0.0006,0.0,0.0032,-0.0015,-0.0004,0.0171,0.0,0.0,0.0,0.219999998807907,up,2026-09-03T10:04:36,0.0,513.0
AAPL,2026-11-20,70,Call,135.0,AAPL261120C00135000,198.25,201.85,200.05,181.23,0.0,0.0,0.0,23.0,0.0,0.9989,0.0,0.0036,-0.0016,0.2096,200.1302,0.0,0.0,0.0,191.424995422363,up,2026-08-31T11:28:19,110.0,101.0
AAPL,2026-11-20,70,Put,135.0,AAPL261120P00135000,0.0,0.1,0.05,0.01,0.0,0.0,0.0,324.0,0.7452,-0.0007,0.0,0.0038,-0.0017,-0.0005,0.02,0.0,0.0,0.0,0.0500000007450581,down,2026-09-10T14:59:33,0.0,10.0
AAPL,2026-11-20,70,Call,140.0,AAPL261120C00140000,193.3,196.9,195.10000000000002,187.34,0.0,0.0,0.0,23.0,0.0,0.9988,0.0,0.0042,-0.0019,0.2172,195.1692,0.0,0.0,0.0,186.324996948242,no_change,2026-09-01T12:09:02,110.0,108.0
AAPL,2026-11-20,70,Put,140.0,AAPL261120P00140000,0.01,0.03,0.02,0.02,-0.035,-63.6364,32.0,645.0,0.6609,-0.0009,0.0,0.0044,-0.0019,-0.0006,0.0233,0.05,0.05,0.02,0.0550000006332994,down,2026-09-11T12:14:07,1.0,11.0
AAPL,2026-11-20,70,Call,145.0,AAPL261120C00145000,188.45,191.95,190.2,171.02,0.0,0.0,0.0,31.0,0.6305,0.9986,0.0,0.005,-0.0021,0.2254,190.2087,0.0,0.0,0.0,181.525001525879,down,2026-08-31T11:51:11,98.0,97.0
AAPL,2026-11-20,70,Put,145.0,AAPL261120P00145000,0.0,0.14,0.07,0.08,0.0,0.0,0.0,273.0,0.7129,-0.001,0.0,0.0051,-0.0022,-0.0007,0.0272,0.0,0.0,0.0,0.0700000002980232,no_change,2026-09-03T11:43:47,0.0,10.0
AAPL,2026-11-20,70,Call,150.0,AAPL261120C00150000,183.4,187.05,185.22500000000002,176.14,0.0,0.0,0.0,207.0,0.5627,0.9984,0.0,0.0058,-0.0024,0.2331,185.249,0.0,0.0,0.0,176.575004577637,up,2026-09-01T11:25:35,168.0,122.0
AAPL,2026-11-20,70,Put,150.0,AAPL261120P00150000,0.0,0.27,0.135,0.04,0.0,0.0,0.0,189.0,0.7355,-0.0012,0.0,0.006,-0.0025,-0.0008,0.0316,0.0,0.0,0.0,0.140000000596046,down,2026-09-10T09:39:05,0.0,564.0
AAPL,2026-11-20,70,Call,155.0,AAPL261120C00155000,178.45,182.0,180.225,170.74,0.0,0.0,0.0,47.0,0.0,0.9982,0.0,0.0068,-0.0028,0.2416,180.29,0.0,0.0,0.0,171.550003051758,up,2026-09-01T11:29:06,117.0,111.0
AAPL,2026-11-20,70,Put,155.0,AAPL261120P00155000,0.0,0.1,0.05,0.05,0.0,0.0,0.0,595.0,0.6381,-0.0014,0.0,0.0069,-0.0028,-0.0009,0.0369,0.0,0.0,0.0,0.0500000007450581,up,2026-09-04T11:44:14,0.0,12.0
AAPL,2026-11-20,70,Call,160.0,AAPL261120C00160000,173.5,177.05,175.275,167.23,0.0,0.0,0.0,30.0,0.0,0.9979,0.0001,0.0079,-0.0032,0.2492,175.3319,0.0,0.0,0.0,166.674995422363,down,2026-09-01T12:12:49,112.0,93.0
AAPL,2026-11-20,70,Put,160.0,AAPL261120P00160000,0.01,0.11,0.06,0.11,0.055,100.0,1.0,161.0,0.6245,-0.0017,0.0001,0.008,-0.0032,-0.0011,0.0429,0.11,0.11,0.11,0.0550000006332994,up,2026-09-11T10:42:18,137.0,486.0
AAPL,2026-11-20,70,Call,165.0,AAPL261120C00165000,168.55,172.2,170.375,141.77,0.0,0.0,0.0,3.0,0.5896,0.9976,0.0001,0.0093,-0.0036,0.2587,170.375,0.0,0.0,0.0,161.650001525879,down,2026-08-03T10:07:45,97.0,97.0
AAPL,2026-11-20,70,Put,165.0,AAPL261120P00165000,0.0,0.14,0.07,0.04,-0.015,-27.2727,1.0,150.0,0.6096,-0.002,0.0001,0.0094,-0.0036,-0.0013,0.05,0.04,0.04,0.04,0.0550000006332994,down,2026-09-11T10:42:35,0.0,340.0
AAPL,2026-11-20,70,Call,170.0,AAPL261120C00170000,164.3,167.15,165.72500000000002,147.0,0.0,0.0,0.0,52.0,0.7125,0.9973,0.0001,0.0108,-0.0041,0.2772,165.4195,0.0,0.0,0.0,156.950004577637,up,2026-08-19T12:58:09,103.0,96.0
AAPL,2026-11-20,70,Put,170.0,AAPL261120P00170000,0.01,0.11,0.06,0.06,0.0,0.0,0.0,446.0,0.5767,-0.0023,0.0001,0.0109,-0.0041,-0.0015,0.0582,0.0,0.0,0.0,0.0650000013411045,up,2026-09-10T15:08:29,67.0,283.0
AAPL,2026-11-20,70,Call,175.0,AAPL261120C00175000,159.15,162.2,160.675,166.62,0.0,0.0,0.0,36.0,0.6596,0.9968,0.0001,0.0126,-0.0046,0.3072,160.4671,0.0,0.0,0.0,151.724998474121,up,2026-07-28T15:45:12,100.0,90.0
AAPL,2026-11-20,70,Put,175.0,AAPL261120P00175000,0.05,0.12,0.08499999999999999,0.07,0.0,0.0,0.0,137.0,0.5741,-0.0027,0.0001,0.0126,-0.0046,-0.0018,0.0678,0.0,0.0,0.0,0.0800000000745058,down,2026-09-10T11:04:58,2.0,165.0
AAPL,2026-11-20,70,Call,180.0,AAPL261120C00180000,153.9,157.35,155.625,137.79,0.0,0.0,0.0,17.0,0.6023,0.9963,0.0001,0.0145,-0.0052,0.3338,155.5192,0.0,0.0,0.0,147.025001525879,up,2026-09-08T09:38:13,106.0,103.0
AAPL,2026-11-20,70,Put,180.0,AAPL261120P00180000,0.05,0.13,0.09,0.09,0.0,0.0,0.0,302.0,0.5545,-0.0032,0.0001,0.0146,-0.0052,-0.0021,0.079,0.0,0.0,0.0,0.0899999979883432,up,2026-09-10T15:03:46,9.0,336.0
AAPL,2026-11-20,70,Call,185.0,AAPL261120C00185000,148.8,152.3,150.55,149.76,0.0,0.0,0.0,279.0,0.5152,0.9957,0.0001,0.0168,-0.0059,0.351,150.5752,0.0,0.0,0.0,142.050003051758,no_change,2026-07-17T12:49:35,154.0,106.0
AAPL,2026-11-20,70,Put,185.0,AAPL261120P00185000,0.03,0.11,0.07,0.08,0.0,0.0,0.0,1128.0,0.5179,-0.0038,0.0001,0.0169,-0.0059,-0.0024,0.0919,0.0,0.0,0.0,0.0800000000745058,down,2026-09-10T14:56:16,344.0,52.0
AAPL,2026-11-20,70,Call,190.0,AAPL261120C00190000,144.15,147.45,145.8,117.05,0.0,0.0,0.0,77.0,0.583,0.9951,0.0002,0.0194,-0.0066,0.3628,145.6343,0.0,0.0,0.0,136.924995422363,up,2026-08-13T15:49:45,99.0,102.0
AAPL,2026-11-20,70,Put,190.0,AAPL261120P00190000,0.04,0.16,0.1,0.13,0.0,0.0,0.0,563.0,0.5159,-0.0044,0.0002,0.0195,-0.0067,-0.0029,0.107,0.0,0.0,0.0,0.104999996721745,no_change,2026-09-10T14:54:48,390.0,510.0
AAPL,2026-11-20,70,Call,195.0,AAPL261120C00195000,138.85,142.5,140.675,122.6,0.0,0.0,0.0,24.0,0.496,0.9943,0.0002,0.0224,-0.0075,0.3725,140.6961,0.0,0.0,0.0,131.950004577637,up,2026-08-31T15:32:14,105.0,99.0
AAPL,2026-11-20,70,Put,195.0,AAPL261120P00195000,0.06,0.17,0.115,0.09,0.0,0.0,0.0,539.0,0.5022,-0.0052,0.0002,0.0225,-0.0076,-0.0034,0.1245,0.0,0.0,0.0,0.134999997913837,down,2026-09-02T13:23:25,213.0,180.0
AAPL,2026-11-20,70,Call,200.0,AAPL261120C00200000,134.1,137.5,135.8,125.67,0.0,0.0,0.0,132.0,0.5087,0.9934,0.0002,0.0258,-0.0084,0.3816,135.7608,0.0,0.0,0.0,126.975002288818,up,2026-09-10T13:22:40,252.0,227.0
AAPL,2026-11-20,70,Put,200.0,AAPL261120P00200000,0.11,0.19,0.15,0.15,0.0,0.0,0.0,1930.0,0.4961,-0.0061,0.0002,0.026,-0.0085,-0.004,0.1447,0.0,0.0,0.0,0.135000001639128,no_change,2026-09-10T14:52:16,1.0,399.0
AAPL,2026-11-20,70,Call,205.0,AAPL261120C00205000,129.05,132.5,130.775,104.38,0.0,0.0,0.0,58.0,0.4594,0.9924,0.0003,0.0297,-0.0095,0.3905,130.8287,0.0,0.0,0.0,122.174999237061,down,2026-08-04T10:30:54,105.0,105.0
AAPL,2026-11-20,70,Put,205.0,AAPL261120P00205000,0.1,0.23,0.165,0.25,0.0,0.0,0.0,1463.0,0.4801,-0.0072,0.0003,0.0299,-0.0096,-0.0046,0.1683,0.0,0.0,0.0,0.189999993890524,no_change,2026-09-09T11:13:13,356.0,566.0
AAPL,2026-11-20,70,Call,210.0,AAPL261120C00210000,124.2,127.65,125.92500000000001,115.87,0.0,0.0,0.0,75.0,0.4762,0.9911,0.0003,0.0342,-0.0107,0.3993,125.9004,0.0,0.0,0.0,117.375,up,2026-09-10T14:23:17,100.0,108.0
AAPL,2026-11-20,70,Put,210.0,AAPL261120P00210000,0.14,0.25,0.195,0.19,-0.01,-5.0,1.0,1924.0,0.4687,-0.0084,0.0003,0.0344,-0.0107,-0.0054,0.1957,0.19,0.19,0.19,0.199999995529652,down,2026-09-11T11:53:26,358.0,625.0
AAPL,2026-11-20,70,Call,215.0,AAPL261120C00215000,120.0,122.45,121.225,121.52,9.02,8.01778,12.0,144.0,0.5079,0.9897,0.0004,0.0392,-0.012,0.408,120.9765,121.52,121.52,121.52,112.5,up,2026-09-11T11:03:24,222.0,222.0
AAPL,2026-11-20,70,Put,215.0,AAPL261120P00215000,0.17,0.24,0.20500000000000002,0.24,0.0,0.0,0.0,1028.0,0.4505,-0.0098,0.0004,0.0396,-0.0121,-0.0064,0.2275,0.0,0.0,0.0,0.260000005364418,down,2026-09-10T15:54:45,455.0,460.0
AAPL,2026-11-20,70,Call,220.0,AAPL261120C00220000,115.05,117.4,116.225,117.3,9.725,9.0402,6.0,399.0,0.4776,0.988,0.0005,0.0451,-0.0134,0.4165,116.0576,111.55,117.3,111.55,107.575000762939,up,2026-09-11T11:30:54,263.0,296.0
AAPL,2026-11-20,70,Put,220.0,AAPL261120P00220000,0.19,0.28,0.23500000000000001,0.25,0.0,0.0,0.0,3774.0,0.4376,-0.0116,0.0005,0.0455,-0.0135,-0.0074,0.2645,0.0,0.0,0.0,0.269999995827675,down,2026-09-10T15:54:45,376.0,327.0
AAPL,2026-11-20,70,Call,225.0,AAPL261120C00225000,110.2,111.7,110.95,106.65,4.5,4.40528,2.0,2439.0,0.379,0.986,0.0005,0.0518,-0.015,0.4248,111.145,103.78,106.65,103.78,102.150001525879,up,2026-09-11T09:34:43,353.0,38.0
AAPL,2026-11-20,70,Put,225.0,AAPL261120P00225000,0.26,0.33,0.29500000000000004,0.3,-0.04,-11.7647,6.0,1457.0,0.4302,-0.0135,0.0005,0.0522,-0.0151,-0.0087,0.3077,0.29,0.3,0.29,0.340000003576279,up,2026-09-11T12:18:33,334.0,340.0
AAPL,2026-11-20,70,Call,230.0,AAPL261120C00230000,105.25,107.85,106.55,98.97,1.245,1.27398,20.0,3707.0,0.4656,0.9837,0.0006,0.0593,-0.0168,0.4328,106.2396,98.97,98.97,98.97,97.7249984741211,up,2026-09-11T09:30:08,288.0,291.0
AAPL,2026-11-20,70,Put,230.0,AAPL261120P00230000,0.33,0.37,0.35,0.35,-0.07,-16.6667,7.0,6004.0,0.4197,-0.0159,0.0006,0.0598,-0.0169,-0.0102,0.3581,0.34,0.35,0.33,0.419999986886978,no_change,2026-09-11T12:19:40,60.0,228.0
AAPL,2026-11-20,70,Call,235.0,AAPL261120C00235000,100.35,102.7,101.525,83.46,0.0,0.0,0.0,168.0,0.4346,0.981,0.0008,0.0681,-0.0188,0.4406,101.3428,0.0,0.0,0.0,92.7000007629394,down,2026-09-08T10:37:57,220.0,244.0
AAPL,2026-11-20,70,Put,235.0,AAPL261120P00235000,0.38,0.44,0.41000000000000003,0.41,-0.07,-14.5833,9.0,2075.0,0.4086,-0.0186,0.0008,0.0686,-0.0189,-0.012,0.4175,0.42,0.42,0.4,0.479999989271164,up,2026-09-11T12:23:06,297.0,41.0
AAPL,2026-11-20,70,Call,240.0,AAPL261120C00240000,95.7,97.45,96.575,86.91,0.0,0.0,0.0,411.0,0.4133,0.9778,0.0009,0.078,-0.021,0.448,96.4567,0.0,0.0,0.0,87.7000007629394,up,2026-09-10T12:48:42,367.0,413.0
AAPL,2026-11-20,70,Put,240.0,AAPL261120P00240000,0.47,0.56,0.515,0.49,-0.125,-20.3252,2.0,2818.0,0.4021,-0.0219,0.0009,0.0786,-0.0212,-0.0141,0.4875,0.49,0.49,0.49,0.615000009536743,down,2026-09-11T10:31:34,49.0,351.0
AAPL,2026-11-20,70,Call,245.0,AAPL261120C00245000,90.7,93.3,92.0,74.33,0.0,0.0,0.0,1858.0,0.4285,0.9739,0.001,0.0893,-0.0234,0.4551,91.5837,0.0,0.0,0.0,83.1500015258789,down,2026-09-08T11:55:13,382.0,457.0
AAPL,2026-11-20,70,Put,245.0,AAPL261120P00245000,0.55,0.6,0.575,0.57,-0.135,-19.1489,18.0,2570.0,0.388,-0.0258,0.001,0.0902,-0.0237,-0.0166,0.5706,0.54,0.57,0.53,0.705000013113022,up,2026-09-11T12:17:47,94.0,282.0
AAPL,2026-11-20,70,Call,250.0,AAPL261120C00250000,85.9,87.1,86.5,86.85,8.7,11.1324,11.0,414.0,0.3509,0.9694,0.0012,0.1025,-0.0262,0.4616,86.7266,84.45,87.6,84.45,78.1500015258789,down,2026-09-11T11:54:37,432.0,12.0
AAPL,2026-11-20,70,Put,250.0,AAPL261120P00250000,0.65,0.7,0.675,0.69,-0.15,-17.8571,59.0,6704.0,0.3773,-0.0304,0.0012,0.1032,-0.0265,-0.0195,0.6702,0.77,0.77,0.65,0.840000003576279,up,2026-09-11T12:36:04,91.0,237.0
AAPL,2026-11-20,70,Call,255.0,AAPL261120C00255000,81.2,82.5,81.85,80.1,6.85,9.35154,1.0,1255.0,0.363,0.9639,0.0014,0.1175,-0.0293,0.4674,81.8899,80.1,80.1,80.1,73.25,up,2026-09-11T10:28:15,487.0,285.0
AAPL,2026-11-20,70,Put,255.0,AAPL261120P00255000,0.71,0.84,0.7749999999999999,0.8,-0.21,-20.7921,324.0,6316.0,0.3652,-0.036,0.0015,0.1183,-0.0296,-0.023,0.79,0.94,0.94,0.79,1.00999999046326,up,2026-09-11T12:33:40,600.0,486.0
AAPL,2026-11-20,70,Call,260.0,AAPL261120C00260000,76.15,78.1,77.125,78.0,9.325,13.5785,13.0,1074.0,0.3602,0.9573,0.0017,0.1347,-0.0328,0.4726,77.0783,74.7,78.09,74.7,68.6749992370606,down,2026-09-11T11:44:11,415.0,446.0
AAPL,2026-11-20,70,Put,260.0,AAPL261120P00260000,0.91,0.99,0.95,0.94,-0.27,-22.314,37.0,6200.0,0.3577,-0.0426,0.0017,0.1358,-0.0332,-0.0272,0.9355,1.0,1.0,0.93,1.20999997854233,down,2026-09-11T12:18:26,289.0,477.0
AAPL,2026-11-20,70,Call,265.0,AAPL261120C00265000,71.6,73.2,72.4,69.15,5.1,7.96253,3.0,927.0,0.3539,0.9494,0.002,0.1546,-0.0368,0.4768,72.2988,70.57,72.05,69.15,64.0499992370606,down,2026-09-11T10:07:41,411.0,426.0
AAPL,2026-11-20,70,Put,265.0,AAPL261120P00265000,1.1,1.14,1.12,1.12,-0.36,-24.3243,29.0,4946.0,0.3476,-0.0506,0.002,0.1557,-0.0371,-0.0322,1.1132,1.17,1.17,1.1,1.47999995946884,up,2026-09-11T12:36:24,49.0,80.0
AAPL,2026-11-20,70,Call,270.0,AAPL261120C00270000,66.9,68.95,67.92500000000001,67.5,8.25,13.9241,31.0,6659.0,0.3583,0.9399,0.0024,0.177,-0.0412,0.4799,67.5594,68.05,68.6,67.5,59.25,down,2026-09-11T12:07:59,362.0,467.0
AAPL,2026-11-20,70,Put,270.0,AAPL261120P00270000,1.3,1.37,1.335,1.35,-0.445,-24.7911,55.0,7892.0,0.3389,-0.06,0.0024,0.1782,-0.0415,-0.0383,1.3255,1.4,1.43,1.3,1.7950000166893,up,2026-09-11T12:32:29,231.0,286.0
AAPL,2026-11-20,70,Call,275.0,AAPL261120C00275000,62.4,63.5,62.95,63.74,8.99,16.4201,8.0,3035.0,0.3339,0.9284,0.0028,0.2029,-0.0462,0.4815,62.8703,63.37,63.83,63.37,54.75,down,2026-09-11T11:00:53,346.0,384.0
AAPL,2026-11-20,70,Put,275.0,AAPL261120P00275000,1.57,1.65,1.6099999999999999,1.57,-0.615,-28.1465,213.0,5467.0,0.3308,-0.0716,0.0028,0.2037,-0.0466,-0.0454,1.594,2.05,2.06,1.56,2.18500006198883,down,2026-09-11T12:21:46,277.0,379.0
AAPL,2026-11-20,70,Call,280.0,AAPL261120C00280000,57.85,58.5,58.175,59.55,9.425,18.803,19.0,2212.0,0.319,0.9146,0.0033,0.2315,-0.0517,0.4816,58.244,51.8,59.55,51.7,50.125,up,2026-09-11T11:09:28,324.0,60.0
AAPL,2026-11-20,70,Put,280.0,AAPL261120P00280000,1.9,1.98,1.94,1.94,-0.715,-26.9303,243.0,8755.0,0.3224,-0.0858,0.0033,0.2334,-0.0522,-0.0543,1.9309,2.47,2.51,1.89,2.65499997138977,down,2026-09-11T12:32:29,263.0,335.0
AAPL,2026-11-20,70,Call,285.0,AAPL261120C00285000,53.3,53.9,53.599999999999994,53.55,7.35,15.9091,37.0,2588.0,0.3111,0.898,0.0038,0.2637,-0.0577,0.4797,53.6949,51.8,55.09,51.75,46.1999988555908,down,2026-09-11T12:32:33,354.0,28.0
AAPL,2026-11-20,70,Put,285.0,AAPL261120P00285000,2.31,2.4,2.355,2.39,-0.885,-27.0229,93.0,4624.0,0.3157,-0.1022,0.0039,0.2648,-0.0583,-0.0644,2.3353,2.85,2.85,2.28,3.27499997615814,no_change,2026-09-11T12:07:03,241.0,420.0
AAPL,2026-11-20,70,Call,290.0,AAPL261120C00290000,48.85,49.85,49.35,49.52,7.545,17.975,61.0,1924.0,0.3119,0.8785,0.0044,0.2985,-0.0642,0.4758,49.2394,45.2,50.05,45.2,41.9750003814697,down,2026-09-11T12:29:00,334.0,406.0
AAPL,2026-11-20,70,Put,290.0,AAPL261120P00290000,2.75,2.91,2.83,2.9,-1.075,-27.044,468.0,6660.0,0.3079,-0.122,0.0045,0.3,-0.0649,-0.0767,2.8397,3.2,3.2,2.77,3.97500014305115,up,2026-09-11T12:07:03,531.0,345.0
AAPL,2026-11-20,70,Call,295.0,AAPL261120C00295000,44.35,45.25,44.8,44.93,7.63,20.4558,15.0,1336.0,0.2991,0.8555,0.0051,0.3359,-0.0711,0.4692,44.8965,39.5,46.15,39.5,37.3000011444092,up,2026-09-11T12:34:52,367.0,134.0
AAPL,2026-11-20,70,Put,295.0,AAPL261120P00295000,3.4,3.55,3.4749999999999996,3.5,-1.35,-27.8351,358.0,6117.0,0.3026,-0.1452,0.0052,0.3373,-0.0719,-0.0909,3.4573,4.25,4.6,3.37,4.85000014305115,down,2026-09-11T12:31:43,450.0,466.0
AAPL,2026-11-20,70,Call,300.0,AAPL261120C00300000,40.15,41.1,40.625,40.7,7.0,20.7715,211.0,5445.0,0.2948,0.8288,0.0058,0.3751,-0.0782,0.46,40.6858,35.15,42.0,34.01,33.7000007629394,down,2026-09-11T12:36:57,366.0,325.0
AAPL,2026-11-20,70,Put,300.0,AAPL261120P00300000,4.2,4.3,4.25,4.24,-1.66,-28.1356,4062.0,16042.0,0.2973,-0.1726,0.0059,0.3773,-0.0792,-0.1068,4.2186,5.5,5.5,4.07,5.90000009536743,up,2026-09-11T12:39:53,119.0,101.0
AAPL,2026-11-20,70,Call,305.0,AAPL261120C00305000,36.5,36.9,36.7,36.5,6.65,22.2781,48.0,3382.0,0.2932,0.7982,0.0066,0.4144,-0.0853,0.4481,36.6293,31.1,37.89,31.1,29.8500003814697,down,2026-09-11T12:40:43,55.0,122.0
AAPL,2026-11-20,70,Put,305.0,AAPL261120P00305000,5.05,5.15,5.1,5.14,-2.01,-28.1119,225.0,4593.0,0.2911,-0.2032,0.0066,0.4171,-0.0864,-0.1257,5.1174,6.55,6.55,4.99,7.14999985694885,up,2026-09-11T12:38:57,557.0,3.0
AAPL,2026-11-20,70,Call,310.0,AAPL261120C00310000,32.5,33.05,32.775,32.85,6.35,23.9623,242.0,13207.0,0.2874,0.7637,0.0073,0.4534,-0.0921,0.4331,32.7479,27.29,34.35,27.29,26.5,up,2026-09-11T12:34:39,184.0,212.0
AAPL,2026-11-20,70,Put,310.0,AAPL261120P00310000,6.15,6.3,6.225,6.25,-2.35,-27.3256,644.0,14198.0,0.2874,-0.2383,0.0074,0.4553,-0.0935,-0.1457,6.2035,7.91,7.91,6.0,8.59999990463257,no_change,2026-09-11T12:39:25,461.0,470.0
AAPL,2026-11-20,70,Call,315.0,AAPL261120C00315000,28.7,29.3,29.0,29.09,5.94,25.6587,440.0,6030.0,0.2814,0.7254,0.008,0.4898,-0.0983,0.4153,29.0627,23.8,30.6,23.8,23.1500005722046,up,2026-09-11T12:28:15,430.0,132.0
AAPL,2026-11-20,70,Put,315.0,AAPL261120P00315000,7.45,7.6,7.525,7.55,-2.775,-26.8765,461.0,6736.0,0.2831,-0.2778,0.0081,0.4921,-0.1,-0.1672,7.5068,9.53,9.53,7.25,10.3249998092651,up,2026-09-11T12:32:04,191.0,448.0
AAPL,2026-11-20,70,Call,320.0,AAPL261120C00320000,25.4,25.75,25.575,25.45,5.4,26.9327,404.0,7323.0,0.2786,0.6835,0.0087,0.5221,-0.1037,0.3948,25.5941,21.57,27.0,21.57,20.0500001907349,down,2026-09-11T12:38:14,323.0,21.0
AAPL,2026-11-20,70,Put,320.0,AAPL261120P00320000,8.95,9.1,9.024999999999999,8.95,-3.275,-26.7894,199.0,5474.0,0.2791,-0.3206,0.0088,0.5248,-0.1057,-0.1913,9.0152,11.23,11.23,8.72,12.2250003814697,down,2026-09-11T12:35:07,284.0,310.0
AAPL,2026-11-20,70,Call,325.0,AAPL261120C00325000,22.25,22.45,22.35,22.35,5.1,29.5652,581.0,10758.0,0.2754,0.6389,0.0092,0.5491,-0.1079,0.3718,22.3855,18.34,23.57,18.0,17.25,down,2026-09-11T12:37:01,97.0,4.0
AAPL,2026-11-20,70,Put,325.0,AAPL261120P00325000,10.7,10.9,10.8,10.8,-3.625,-25.13,259.0,2000.0,0.2763,-0.3666,0.0094,0.5508,-0.1103,-0.2153,10.761,13.05,13.05,10.4,14.4250001907349,no_change,2026-09-11T12:37:39,100.0,576.0
AAPL,2026-11-20,70,Call,330.0,AAPL261120C00330000,19.25,19.5,19.375,19.37,4.595,31.0998,1079.0,10473.0,0.2722,0.5914,0.0097,0.569,-0.1107,0.3468,19.3957,15.55,20.55,15.16,14.7749996185303,up,2026-09-11T12:41:04,268.0,75.0
AAPL,2026-11-20,70,Put,330.0,AAPL261120P00330000,12.65,12.8,12.725000000000001,12.8,-4.075,-24.1481,615.0,2373.0,0.2718,-0.4153,0.0099,0.5697,-0.1136,-0.2378,12.766,14.0,14.24,12.3,16.875,up,2026-09-11T12:37:04,147.0,1.0
AAPL,2026-11-20,70,Call,335.0,AAPL261120C00335000,16.55,16.75,16.65,16.66,4.185,33.5471,666.0,7897.0,0.27,0.5419,0.01,0.581,-0.112,0.3198,16.6379,13.65,17.76,13.3,12.4749999046326,down,2026-09-11T12:40:53,129.0,77.0
AAPL,2026-11-20,70,Put,335.0,AAPL261120P00335000,14.9,15.2,15.05,15.06,-4.54,-23.1633,487.0,1637.0,0.2701,-0.466,0.0103,0.5801,-0.1154,-0.2589,15.033,15.75,16.65,14.6,19.6000003814697,down,2026-09-11T12:36:41,96.0,281.0
AAPL,2026-11-20,70,Call,340.0,AAPL261120C00340000,14.05,14.3,14.175,14.17,3.67,34.9524,1689.0,7562.0,0.2675,0.4919,0.0101,0.5841,-0.1116,0.2918,14.1718,10.85,15.29,10.76,10.5,down,2026-09-11T12:41:04,230.0,129.0
AAPL,2026-11-20,70,Put,340.0,AAPL261120P00340000,17.4,17.7,17.549999999999997,17.7,-4.85,-21.5078,217.0,499.0,0.2672,-0.5177,0.0105,0.5816,-0.1156,-0.2822,17.5682,18.8,18.8,17.0,22.5499992370605,up,2026-09-11T12:22:27,93.0,189.0
AAPL,2026-11-20,70,Call,345.0,AAPL261120C00345000,11.9,12.05,11.975000000000001,11.94,3.19,36.4571,413.0,5858.0,0.2655,0.442,0.0101,0.5783,-0.1095,0.2635,11.9687,9.5,13.0,9.25,8.75,up,2026-09-11T12:36:08,65.0,72.0
AAPL,2026-11-20,70,Put,345.0,AAPL261120P00345000,20.2,20.5,20.35,19.8,-6.4,-24.4275,24.0,136.0,0.2648,-0.5698,0.0105,0.5722,-0.1142,-0.2971,20.3827,22.29,22.29,19.8,26.1999998092651,down,2026-09-11T11:12:00,140.0,277.0
AAPL,2026-11-20,70,Call,350.0,AAPL261120C00350000,9.95,10.1,10.024999999999999,9.97,2.72,37.5172,1522.0,13430.0,0.2637,0.3931,0.0099,0.564,-0.106,0.2355,10.0242,7.6,11.0,7.41,7.25,no_change,2026-09-11T12:39:56,150.0,183.0
AAPL,2026-11-20,70,Put,350.0,AAPL261120P00350000,23.25,23.6,23.425,23.4,-6.15,-20.8122,46.0,128.0,0.2629,-0.6211,0.0104,0.5532,-0.1114,-0.3098,23.466,24.47,24.98,22.77,29.5499992370606,down,2026-09-11T12:21:07,132.0,331.0
AAPL,2026-11-20,70,Call,355.0,AAPL261120C00355000,8.25,8.4,8.325,8.31,2.335,39.0795,394.0,5175.0,0.2621,0.3461,0.0096,0.5416,-0.101,0.2081,8.3284,6.42,9.13,6.42,5.97499990463257,down,2026-09-11T12:40:00,168.0,190.0
AAPL,2026-11-20,70,Put,355.0,AAPL261120P00355000,26.15,27.25,26.7,26.8,-6.375,-19.2163,26.0,250.0,0.2601,-0.671,0.0102,0.5264,-0.1073,-0.3172,26.8087,30.45,30.45,26.1,33.1749992370606,up,2026-09-11T12:25:26,645.0,354.0
AAPL,2026-11-20,70,Call,360.0,AAPL261120C00360000,6.85,6.95,6.9,6.89,2.04,42.0619,965.0,12438.0,0.2614,0.3021,0.0091,0.5129,-0.095,0.1821,6.8805,5.15,7.65,5.15,4.85000014305115,down,2026-09-11T12:37:24,65.0,300.0
AAPL,2026-11-20,70,Put,360.0,AAPL261120P00360000,29.6,30.85,30.225,30.26,-6.84,-18.4367,401.0,126.0,0.2573,-0.7186,0.0098,0.4905,-0.102,-0.319,30.4044,31.45,31.45,30.26,37.1000003814697,down,2026-09-11T12:33:05,528.0,252.0
AAPL,2026-11-20,70,Call,365.0,AAPL261120C00365000,5.45,5.7,5.575,5.6,1.65,41.7722,257.0,4582.0,0.2592,0.2605,0.0085,0.4785,-0.088,0.1576,5.6206,4.25,6.2,4.1,3.95000004768372,no_change,2026-09-11T12:36:51,376.0,170.0
AAPL,2026-11-20,70,Put,365.0,AAPL261120P00365000,33.5,34.7,34.1,34.73,-6.745,-16.2628,35.0,9.0,0.2571,-0.7634,0.0092,0.4469,-0.0959,-0.3123,34.2315,34.83,35.15,34.73,41.4749984741211,no_change,2026-09-11T10:25:31,541.0,362.0
AAPL,2026-11-20,70,Call,370.0,AAPL261120C00370000,4.45,4.65,4.550000000000001,4.56,1.36,42.5,421.0,5129.0,0.259,0.2229,0.0078,0.4406,-0.0805,0.1351,4.5714,3.6,5.07,3.6,3.20000004768372,down,2026-09-11T12:34:19,374.0,196.0
AAPL,2026-11-20,70,Put,370.0,AAPL261120P00370000,37.35,39.4,38.375,38.2,-7.55,-16.5027,15.0,24.0,0.2622,-0.805,0.0087,0.3992,-0.0894,-0.2991,38.2703,38.2,38.2,38.2,45.75,no_change,2026-09-11T10:48:39,440.0,496.0
AAPL,2026-11-20,70,Call,375.0,AAPL261120C00375000,3.55,3.75,3.65,3.75,1.13,43.1298,336.0,2897.0,0.258,0.1891,0.0071,0.4006,-0.0728,0.1147,3.6965,3.02,4.1,3.02,2.62000000476837,up,2026-09-11T12:35:07,455.0,109.0
AAPL,2026-11-20,70,Put,375.0,AAPL261120P00375000,41.65,42.85,42.25,43.25,-7.075,-14.0586,4.0,60.0,0.2514,-0.843,0.0081,0.3473,-0.0827,-0.2748,42.504,41.89,43.25,41.89,50.3250007629394,up,2026-09-11T11:38:45,444.0,281.0
AAPL,2026-11-20,70,Call,380.0,AAPL261120C00380000,2.88,3.05,2.965,2.95,0.835,39.4799,744.0,3356.0,0.2588,0.1592,0.0064,0.3604,-0.0651,0.0968,2.9745,2.5,3.35,2.5,2.11500000953674,no_change,2026-09-11T12:34:48,396.0,350.0
AAPL,2026-11-20,70,Put,380.0,AAPL261120P00380000,46.15,47.6,46.875,55.0,0.0,0.0,0.0,5.0,0.2578,-0.8777,0.0075,0.2915,-0.0764,-0.246,46.9096,0.0,0.0,0.0,54.9500007629394,no_change,2026-09-01T13:05:38,422.0,380.0
AAPL,2026-11-20,70,Call,385.0,AAPL261120C00385000,2.31,2.49,2.4000000000000004,2.38,0.66,38.3721,67.0,309.0,0.2597,0.1332,0.0056,0.3205,-0.0576,0.081,2.3843,1.8,2.75,1.8,1.71999996900558,down,2026-09-11T12:21:57,263.0,384.0
AAPL,2026-11-20,70,Put,385.0,AAPL261120P00385000,50.1,51.85,50.975,52.05,-7.55,-12.6678,6.0,0.0,0.2315,-0.9084,0.0068,0.2349,-0.0701,-0.2001,51.4651,52.05,52.05,52.05,59.6000003814697,no_change,2026-09-11T12:40:09,237.0,120.0
AAPL,2026-11-20,70,Call,390.0,AAPL261120C00390000,1.84,2.0,1.92,1.98,0.61,44.5255,66.0,1725.0,0.2602,0.1108,0.0049,0.2826,-0.0506,0.0674,1.9054,2.0,2.19,1.8,1.37000000476837,up,2026-09-11T12:15:43,144.0,359.0
AAPL,2026-11-20,70,Put,390.0,AAPL261120P00390000,54.95,56.85,55.900000000000006,63.96,0.0,0.0,0.0,0.0,0.2406,-0.935,0.0059,0.1834,-0.0634,-0.1631,56.15,0.0,0.0,0.0,64.6999988555908,down,2026-09-02T12:08:34,170.0,156.0
AAPL,2026-11-20,70,Call,395.0,AAPL261120C00395000,1.48,1.6,1.54,1.55,0.445,40.2715,34.0,229.0,0.2611,0.0918,0.0043,0.2473,-0.0441,0.0559,1.5203,1.14,1.75,1.14,1.10499995946884,down,2026-09-11T12:11:14,99.0,311.0
AAPL,2026-11-20,70,Put,395.0,AAPL261120P00395000,59.6,61.95,60.775000000000006,0.0,0.0,0.0,0.0,0.0,0.2382,-0.9571,0.0048,0.1223,-0.0523,-0.1085,60.9489,0.0,0.0,0.0,69.2999992370606,no_change,,149.0,149.0
AAPL,2026-11-20,70,Call,400.0,AAPL261120C00400000,1.17,1.25,1.21,1.23,0.35,39.7727,578.0,36117.0,0.2611,0.0757,0.0037,0.2147,-0.0382,0.0461,1.2123,0.93,1.43,0.93,0.879999995231628,no_change,2026-09-11T12:27:54,239.0,370.0
AAPL,2026-11-20,70,Put,400.0,AAPL261120P00400000,64.5,66.8,65.65,65.2,-9.35,-12.5419,1.0,1.0,0.0,-0.974,0.0037,0.0877,-0.0402,-0.067,65.8201,65.2,65.2,65.2,74.5499992370606,down,2026-09-11T10:56:26,138.0,112.0
AAPL,2026-11-20,70,Call,410.0,AAPL261120C00410000,0.74,0.8,0.77,0.78,0.2,34.4828,74.0,1378.0,0.2633,0.0515,0.0027,0.1602,-0.0284,0.0313,0.7766,0.78,0.9,0.74,0.580000013113022,no_change,2026-09-11T12:32:54,467.0,243.0
AAPL,2026-11-20,70,Put,410.0,AAPL261120P00410000,74.05,77.7,75.875,97.78,0.0,0.0,0.0,0.0,0.2962,-0.9931,0.0014,0.027,-0.0114,-0.0089,75.7279,0.0,0.0,0.0,84.4750022888184,up,2026-09-09T14:33:50,100.0,104.0
AAPL,2026-11-20,70,Call,420.0,AAPL261120C00420000,0.46,0.55,0.505,0.5,0.12,31.5789,104.0,891.0,0.2679,0.0348,0.002,0.1175,-0.0208,0.0211,0.4992,0.45,0.6,0.45,0.38000001013279,no_change,2026-09-11T11:43:51,389.0,409.0
AAPL,2026-11-20,70,Put,420.0,AAPL261120P00420000,84.05,87.7,85.875,0.0,0.0,0.0,0.0,0.0,0.3233,-0.999,0.0003,0.0046,0.0,0.0,85.715,0.0,0.0,0.0,94.4500007629394,no_change,,111.0,105.0
AAPL,2026-11-20,70,Call,430.0,AAPL261120C00430000,0.29,0.34,0.315,0.34,0.09,36.0,140.0,1331.0,0.2698,0.024,0.0014,0.0869,-0.0155,0.0145,0.3314,0.27,0.38,0.27,0.249999992549419,down,2026-09-11T12:16:45,439.0,286.0
AAPL,2026-11-20,70,Put,430.0,AAPL261120P00430000,94.05,97.7,95.875,0.0,0.0,0.0,0.0,0.0,0.3494,-1.0,0.0,0.0,0.0,0.0,95.715,0.0,0.0,0.0,104.550003051758,no_change,,101.0,105.0
AAPL,2026-11-20,70,Call,440.0,AAPL261120C00440000,0.18,0.24,0.21,0.24,0.08,50.0,12.0,666.0,0.275,0.0167,0.001,0.0643,-0.0115,0.0101,0.2235,0.21,0.24,0.21,0.160000003874302,up,2026-09-11T10:42:51,347.0,324.0
AAPL,2026-11-20,70,Put,440.0,AAPL261120P00440000,104.05,107.7,105.875,0.0,0.0,0.0,0.0,0.0,0.3747,-1.0,0.0,0.0,0.0,0.0,105.715,0.0,0.0,0.0,114.550003051758,no_change,,107.0,105.0
AAPL,2026-11-20,70,Call,450.0,AAPL261120C00450000,0.11,0.17,0.14,0.12,0.015,14.2857,53.0,3115.0,0.2797,0.012,0.0007,0.0486,-0.0088,0.0072,0.1572,0.1,0.15,0.1,0.10500000230968,down,2026-09-11T12:05:44,216.0,360.0
AAPL,2026-11-20,70,Put,450.0,AAPL261120P00450000,114.05,117.7,115.875,0.0,0.0,0.0,0.0,0.0,0.399,-1.0,0.0,0.0,0.0,0.0,115.715,0.0,0.0,0.0,124.550003051758,no_change,,98.0,105.0
AAPL,2026-11-20,70,Call,460.0,AAPL261120C00460000,0.07,0.12,0.095,0.12,0.03,33.3333,3.0,2392.0,0.2846,0.0088,0.0006,0.0373,-0.0069,0.0053,0.1141,0.06,0.14,0.06,0.0899999998509884,down,2026-09-11T12:13:45,219.0,370.0
AAPL,2026-11-20,70,Put,460.0,AAPL261120P00460000,124.05,127.45,125.75,0.0,0.0,0.0,0.0,0.0,0.3917,-1.0,0.0,0.0,0.0,0.0,125.715,0.0,0.0,0.0,134.550003051758,no_change,,102.0,96.0
AAPL,2026-11-20,70,Call,470.0,AAPL261120C00470000,0.02,0.09,0.055,0.11,0.045,69.2308,6.0,129.0,0.2845,0.0066,0.0004,0.0291,-0.0055,0.004,0.0851,0.09,0.11,0.09,0.0649999994784594,up,2026-09-11T10:55:56,437.0,172.0
AAPL,2026-11-20,70,Put,470.0,AAPL261120P00470000,134.05,137.7,135.875,0.0,0.0,0.0,0.0,0.0,0.4455,-1.0,0.0,0.0,0.0,0.0,135.715,0.0,0.0,0.0,144.550003051758,no_change,,98.0,106.0
AAPL,2026-11-20,70,Call,480.0,AAPL261120C00480000,0.05,0.12,0.08499999999999999,0.04,0.0,0.0,0.0,705.0,0.3143,0.0051,0.0003,0.0231,-0.0044,0.0031,0.0653,0.0,0.0,0.0,0.0749999992549419,no_change,2026-09-09T14:12:15,1.0,455.0
AAPL,2026-11-20,70,Put,480.0,AAPL261120P00480000,144.05,147.7,145.875,0.0,0.0,0.0,0.0,0.0,0.4677,-1.0,0.0,0.0,0.0,0.0,145.715,0.0,0.0,0.0,154.599998474121,no_change,,98.0,106.0
AAPL,2026-11-20,70,Call,490.0,AAPL261120C00490000,0.04,0.16,0.1,0.05,0.0,0.0,0.0,707.0,0.336,0.004,0.0003,0.0187,-0.0036,0.0024,0.0511,0.0,0.0,0.0,0.105000003241003,no_change,2026-09-09T14:46:29,4.0,452.0
AAPL,2026-11-20,70,Put,490.0,AAPL261120P00490000,154.05,157.7,155.875,0.0,0.0,0.0,0.0,0.0,0.4894,-1.0,0.0,0.0,0.0,0.0,155.715,0.0,0.0,0.0,164.524993896484,no_change,,101.0,105.0
AAPL,2026-11-20,70,Call,500.0,AAPL261120C00500000,0.03,0.05,0.04,0.04,0.0,-9.31323e-08,276.0,4313.0,0.321,0.0032,0.0002,0.0152,-0.003,0.0019,0.0405,0.05,0.08,0.04,0.0400000000372529,down,2026-09-11T12:29:23,9.0,14.0
AAPL,2026-11-20,70,Put,500.0,AAPL261120P00500000,164.05,167.7,165.875,0.0,0.0,0.0,0.0,0.0,0.5104,-1.0,0.0,0.0,0.0,0.0,165.715,0.0,0.0,0.0,174.5,no_change,,111.0,106.0
AAPL,2026-11-20,70,Call,510.0,AAPL261120C00510000,0.03,0.13,0.08,0.04,0.0,0.0,0.0,990.0,0.3585,0.0026,0.0002,0.0126,-0.0026,0.0015,0.0331,0.0,0.0,0.0,0.0600000005215406,down,2026-09-10T10:21:47,1.0,316.0
AAPL,2026-11-20,70,Put,510.0,AAPL261120P00510000,174.05,177.7,175.875,0.0,0.0,0.0,0.0,0.0,0.5309,-1.0,0.0,0.0,0.0,0.0,175.715,0.0,0.0,0.0,184.550003051758,no_change,,98.0,106.0
AAPL,2026-11-20,70,Call,520.0,AAPL261120C00520000,0.02,0.14,0.08,0.13,0.0,0.0,0.0,44.0,0.3732,0.0021,0.0001,0.0105,-0.0022,0.0012,0.0272,0.0,0.0,0.0,0.0649999994784594,no_change,2026-09-10T09:45:46,7.0,311.0
AAPL,2026-11-20,70,Put,520.0,AAPL261120P00520000,184.05,187.7,185.875,0.0,0.0,0.0,0.0,0.0,0.551,-1.0,0.0,0.0,0.0,0.0,185.715,0.0,0.0,0.0,194.599998474121,no_change,,102.0,105.0
AAPL,2026-11-20,70,Call,530.0,AAPL261120C00530000,0.02,0.13,0.075,0.13,0.08,160.0,4.0,89.0,0.3849,0.0018,0.0001,0.0088,-0.0019,0.001,0.0226,0.06,0.13,0.06,0.0499999988824129,up,2026-09-11T12:29:39,1.0,389.0
AAPL,2026-11-20,70,Put,530.0,AAPL261120P00530000,194.05,197.7,195.875,0.0,0.0,0.0,0.0,0.0,0.5706,-1.0,0.0,0.0,0.0,0.0,195.715,0.0,0.0,0.0,204.675003051758,no_change,,99.0,106.0
AAPL,2026-11-20,70,Call,540.0,AAPL261120C00540000,0.0,0.1,0.05,0.14,0.095,211.111,1.0,29.0,0.3835,0.0014,0.0001,0.0075,-0.0016,0.0009,0.0189,0.14,0.14,0.14,0.0449999989941716,up,2026-09-11T10:08:10,0.0,304.0
AAPL,2026-11-20,70,Put,540.0,AAPL261120P00540000,204.05,207.6,205.825,0.0,0.0,0.0,0.0,0.0,0.5772,-1.0,0.0,0.0,0.0,0.0,205.715,0.0,0.0,0.0,214.550003051758,no_change,,100.0,100.0
AAPL,2026-11-20,70,Call,550.0,AAPL261120C00550000,0.0,0.49,0.245,0.02,0.0,0.0,0.0,31.0,0.4697,0.0012,0.0001,0.0064,-0.0014,0.0007,0.016,0.0,0.0,0.0,0.259999990463257,down,2026-09-08T14:50:43,0.0,521.0
AAPL,2026-11-20,70,Put,550.0,AAPL261120P00550000,214.05,217.7,215.875,0.0,0.0,0.0,0.0,0.0,0.6083,-1.0,0.0,0.0,0.0,0.0,215.715,0.0,0.0,0.0,224.525001525879,no_change,,102.0,107.0
AAPL,2026-11-20,70,Call,560.0,AAPL261120C00560000,0.0,0.51,0.255,0.1,0.0,0.0,0.0,115.0,0.4866,0.001,0.0001,0.0055,-0.0012,0.0006,0.0136,0.0,0.0,0.0,0.259999990463257,down,2026-09-04T10:22:47,0.0,527.0
AAPL,2026-11-20,70,Put,560.0,AAPL261120P00560000,224.05,227.7,225.875,0.0,0.0,0.0,0.0,0.0,0.6266,-1.0,0.0,0.0,0.0,0.0,225.715,0.0,0.0,0.0,234.550003051758,no_change,,100.0,104.0
AAPL,2026-11-20,70,Call,570.0,AAPL261120C00570000,0.0,0.02,0.01,0.01,0.005,100.0,1.0,38.0,0.3696,0.0009,0.0,0.0048,-0.0011,0.0005,0.0116,0.01,0.01,0.01,0.00499999988824129,down,2026-09-11T11:26:16,0.0,19.0
AAPL,2026-11-20,70,Put,570.0,AAPL261120P00570000,234.15,237.45,235.8,0.0,0.0,0.0,0.0,0.0,0.6224,-1.0,0.0,0.0,0.0,0.0,235.715,0.0,0.0,0.0,244.700004577637,no_change,,97.0,98.0
AAPL,2026-11-20,70,Call,580.0,AAPL261120C00580000,0.0,0.51,0.255,0.01,0.0,0.0,0.0,698.0,0.515,0.0008,0.0,0.0041,-0.0009,0.0004,0.01,0.0,0.0,0.0,0.259999990463257,down,2026-09-04T13:29:09,0.0,601.0
AAPL,2026-11-20,70,Put,580.0,AAPL261120P00580000,244.05,247.7,245.875,0.0,0.0,0.0,0.0,0.0,0.6618,-1.0,0.0,0.0,0.0,0.0,245.715,0.0,0.0,0.0,254.599990844727,no_change,,102.0,110.0
AAPL,2026-11-20,70,Call,590.0,AAPL261120C00590000,0.0,0.52,0.26,0.05,0.0,0.0,0.0,54.0,0.53,0.0007,0.0,0.0036,-0.0008,0.0004,0.0087,0.0,0.0,0.0,0.259999990463257,down,2026-09-04T13:28:57,0.0,399.0
AAPL,2026-11-20,70,Put,590.0,AAPL261120P00590000,254.1,257.2,255.64999999999998,0.0,0.0,0.0,0.0,0.0,0.0,-1.0,0.0,0.0,0.0,0.0,255.715,0.0,0.0,0.0,264.349990844727,no_change,,96.0,116.0
AAPL,2026-11-20,70,Call,600.0,AAPL261120C00600000,0.0,0.08,0.04,0.02,0.0,0.0,0.0,625.0,0.4494,0.0006,0.0,0.0031,-0.0007,0.0003,0.0075,0.0,0.0,0.0,0.0399999991059303,no_change,2026-09-10T15:08:53,0.0,20.0
AAPL,2026-11-20,70,Put,600.0,AAPL261120P00600000,264.05,267.7,265.875,0.0,0.0,0.0,0.0,0.0,0.6957,-1.0,0.0,0.0,0.0,0.0,265.715,0.0,0.0,0.0,274.674987792969,no_change,,102.0,104.0
AAPL,2026-12-18,98,Call,5.0,AAPL261218C00005000,327.9,331.0,329.45,308.83,0.0,0.0,0.0,68.0,3.7181,1.0,0.0,0.0,0.0,0.0013,329.2888,0.0,0.0,0.0,320.575012207031,up,2026-08-26T14:45:34,95.0,95.0
AAPL,2026-12-18,98,Put,5.0,AAPL261218P00005000,0.0,0.02,0.01,0.01,0.0,0.0,0.0,128.0,2.5968,0.0,0.0,0.0,0.0,0.0,0.0,0.0,0.0,0.0,0.00499999988824129,down,2026-08-06T10:38:51,0.0,5.0
AAPL,2026-12-18,98,Call,10.0,AAPL261218C00010000,322.45,326.0,324.225,303.27,0.0,0.0,0.0,0.0,0.0,1.0,0.0,0.0,-0.0001,0.0059,324.2973,0.0,0.0,0.0,315.574996948242,up,2026-08-07T15:52:50,107.0,101.0
AAPL,2026-12-18,98,Put,10.0,AAPL261218P00010000,0.0,0.52,0.26,0.19,0.0,0.0,0.0,3101.0,2.9711,0.0,0.0,0.0,0.0,0.0,0.0001,0.0,0.0,0.0,0.00499999988824129,down,2026-08-05T09:30:02,0.0,276.0
AAPL,2026-12-18,98,Call,15.0,AAPL261218C00015000,317.95,321.05,319.5,298.33,0.0,0.0,0.0,0.0,2.5574,0.9999,0.0,0.0001,-0.0002,0.0145,319.3138,0.0,0.0,0.0,310.625,up,2026-08-07T15:52:50,106.0,99.0
AAPL,2026-12-18,98,Put,15.0,AAPL261218P00015000,0.0,0.02,0.01,0.46,0.0,0.0,0.0,640.0,1.8698,0.0,0.0,0.0,0.0,0.0,0.0002,0.0,0.0,0.0,0.00499999988824129,no_change,2026-06-30T10:42:33,0.0,5.0
AAPL,2026-12-18,98,Call,20.0,AAPL261218C00020000,313.3,316.1,314.70000000000005,292.93,0.0,0.0,0.0,2.0,2.4801,0.9998,0.0,0.0001,-0.0002,0.0254,314.3384,0.0,0.0,0.0,305.674987792969,down,2026-08-07T14:06:08,105.0,100.0
AAPL,2026-12-18,98,Put,20.0,AAPL261218P00020000,0.0,0.01,0.005,0.26,0.0,0.0,0.0,3021.0,1.6062,0.0,0.0,0.0,0.0,0.0,0.0003,0.0,0.0,0.0,0.00499999988824129,no_change,2026-08-05T09:30:48,0.0,1.0
AAPL,2026-12-18,98,Call,25.0,AAPL261218C00025000,307.6,311.15,309.375,286.17,0.0,0.0,0.0,11.0,1.5402,0.9998,0.0,0.0001,-0.0001,0.0356,309.3686,0.0,0.0,0.0,300.625,no_change,2026-05-29T13:11:59,95.0,97.0
AAPL,2026-12-18,98,Put,25.0,AAPL261218P00025000,0.0,0.01,0.005,0.01,0.0,0.0,0.0,601.0,1.4753,0.0,0.0,0.0001,0.0,0.0,0.0005,0.0,0.0,0.0,0.00499999988824129,down,2026-07-16T14:13:26,0.0,1.0
AAPL,2026-12-18,98,Call,30.0,AAPL261218C00030000,302.55,306.15,304.35,283.62,0.0,0.0,0.0,11.0,0.0,0.9997,0.0,0.0001,-0.0001,0.0449,304.4018,0.0,0.0,0.0,295.75,up,2026-08-07T11:23:46,98.0,96.0
AAPL,2026-12-18,98,Put,30.0,AAPL261218P00030000,0.0,0.01,0.005,0.01,0.0,0.0,0.0,1174.0,1.3694,0.0,0.0,0.0001,-0.0001,0.0,0.0007,0.0,0.0,0.0,0.00499999988824129,down,2026-06-23T15:36:51,0.0,1.0
AAPL,2026-12-18,98,Call,35.0,AAPL261218C00035000,297.6,301.25,299.425,266.33,0.0,0.0,0.0,1.0,0.0,0.9997,0.0,0.0001,-0.0001,0.0535,299.4366,0.0,0.0,0.0,290.774993896484,up,2026-06-22T10:33:53,107.0,97.0
AAPL,2026-12-18,98,Put,35.0,AAPL261218P00035000,0.0,0.01,0.005,0.02,0.0,0.0,0.0,1529.0,1.2806,0.0,0.0,0.0001,-0.0001,0.0,0.0009,0.0,0.0,0.0,0.00499999988824129,up,2026-08-11T09:33:07,0.0,1.0
AAPL,2026-12-18,98,Call,40.0,AAPL261218C00040000,292.8,296.3,294.55,269.37,0.0,0.0,0.0,4.0,1.5378,0.9997,0.0,0.0001,-0.0001,0.0618,294.472,0.0,0.0,0.0,285.775009155273,up,2026-08-25T15:26:10,106.0,97.0
AAPL,2026-12-18,98,Put,40.0,AAPL261218P00040000,0.0,0.06,0.03,0.04,0.0,0.0,0.0,330.0,1.3811,0.0,0.0,0.0002,-0.0001,0.0,0.0012,0.0,0.0,0.0,0.0299999993294477,up,2026-08-31T09:30:02,0.0,1.0
AAPL,2026-12-18,98,Call,45.0,AAPL261218C00045000,288.2,291.15,289.67499999999995,254.68,0.0,0.0,0.0,50.0,1.5649,0.9997,0.0,0.0002,-0.0001,0.0698,289.5078,0.0,0.0,0.0,280.824996948242,up,2026-06-22T14:35:05,99.0,99.0
AAPL,2026-12-18,98,Put,45.0,AAPL261218P00045000,0.0,0.52,0.26,0.12,0.0,0.0,0.0,652.0,1.6263,0.0,0.0,0.0003,-0.0001,0.0,0.0016,0.0,0.0,0.0,0.259999990463257,no_change,2026-07-16T14:24:26,0.0,272.0
AAPL,2026-12-18,98,Call,50.0,AAPL261218C00050000,283.25,286.35,284.8,263.85,0.0,0.0,0.0,2001.0,1.5514,0.9997,0.0,0.0002,-0.0001,0.0777,284.5439,0.0,0.0,0.0,275.924987792969,down,2026-09-09T10:56:32,139.0,117.0
AAPL,2026-12-18,98,Put,50.0,AAPL261218P00050000,0.0,0.02,0.01,0.01,0.0,0.0,0.0,7640.0,1.1319,0.0,0.0,0.0003,-0.0002,0.0,0.002,0.0,0.0,0.0,0.00999999977648258,no_change,2026-08-24T15:56:28,0.0,23.0
AAPL,2026-12-18,98,Call,60.0,AAPL261218C00060000,273.35,276.45,274.9,247.25,0.0,0.0,0.0,262.0,1.4116,0.9996,0.0,0.0005,-0.0002,0.0966,274.617,0.0,0.0,0.0,266.100006103516,up,2026-08-11T10:27:27,137.0,117.0
AAPL,2026-12-18,98,Put,60.0,AAPL261218P00060000,0.0,0.01,0.005,0.01,0.0,0.0,0.0,3908.0,0.975,-0.0001,0.0,0.0005,-0.0002,-0.0001,0.003,0.0,0.0,0.0,0.00499999988824129,no_change,2026-09-10T12:39:23,0.0,11.0
AAPL,2026-12-18,98,Call,70.0,AAPL261218C00070000,263.25,266.6,264.925,237.58,0.0,0.0,0.0,2374.0,1.2462,0.9995,0.0,0.001,-0.0005,0.1494,264.7009,0.0,0.0,0.0,256.199996948242,no_change,2026-08-10T12:05:13,137.0,117.0
AAPL,2026-12-18,98,Put,70.0,AAPL261218P00070000,0.0,0.03,0.015,0.01,0.0,0.0,0.0,435.0,0.9627,-0.0001,0.0,0.0008,-0.0003,-0.0001,0.0044,0.0,0.0,0.0,0.0149999996647239,down,2026-09-01T10:03:08,0.0,1.0
AAPL,2026-12-18,98,Call,80.0,AAPL261218C00080000,253.15,256.7,254.925,234.77,0.0,0.0,0.0,367.0,1.0633,0.9992,0.0,0.0013,-0.0005,0.2042,254.8108,0.0,0.0,0.0,246.324996948242,up,2026-08-31T13:32:44,149.0,114.0
AAPL,2026-12-18,98,Put,80.0,AAPL261218P00080000,0.0,0.03,0.015,0.01,0.0,0.0,0.0,3441.0,0.8822,-0.0002,0.0,0.0012,-0.0004,-0.0002,0.0063,0.0,0.0,0.0,0.0149999996647239,no_change,2026-08-03T13:56:44,0.0,1.0
AAPL,2026-12-18,98,Call,85.0,AAPL261218C00085000,248.65,251.75,250.2,228.7,0.0,0.0,0.0,605.0,1.151,0.9992,0.0,0.0015,-0.0006,0.2233,249.8719,0.0,0.0,0.0,241.400001525879,down,2026-08-06T15:44:31,130.0,112.0
AAPL,2026-12-18,98,Put,85.0,AAPL261218P00085000,0.0,0.03,0.015,0.09,0.0,0.0,0.0,229.0,0.8458,-0.0002,0.0,0.0014,-0.0005,-0.0002,0.0075,0.0,0.0,0.0,0.0149999996647239,down,2026-06-23T10:53:20,0.0,1.0
AAPL,2026-12-18,98,Call,90.0,AAPL261218C00090000,243.7,246.85,245.27499999999998,236.72,0.0,0.0,0.0,477.0,1.1112,0.9991,0.0,0.0017,-0.0006,0.2395,244.9347,0.0,0.0,0.0,236.450004577637,down,2026-09-02T13:17:18,136.0,113.0
AAPL,2026-12-18,98,Put,90.0,AAPL261218P00090000,0.0,0.03,0.015,0.03,0.0,0.0,0.0,1774.0,0.8116,-0.0002,0.0,0.0017,-0.0006,-0.0002,0.0089,0.0,0.0,0.0,0.0900000035762787,down,2026-08-14T14:53:54,0.0,1.0
AAPL,2026-12-18,98,Call,95.0,AAPL261218C00095000,239.1,241.9,240.5,211.1,0.0,0.0,0.0,100.0,1.1244,0.9991,0.0,0.002,-0.0007,0.2539,239.9983,0.0,0.0,0.0,231.425003051758,down,2026-08-03T15:41:05,237.0,240.0
AAPL,2026-12-18,98,Put,95.0,AAPL261218P00095000,0.0,0.03,0.015,0.02,0.0,0.0,0.0,2535.0,0.7792,-0.0003,0.0,0.002,-0.0007,-0.0003,0.0104,0.0,0.0,0.0,0.0149999996647239,down,2026-09-03T13:51:17,0.0,1.0
AAPL,2026-12-18,98,Call,100.0,AAPL261218C00100000,234.15,236.95,235.55,236.44,9.915,4.377,2.0,3253.0,1.0774,0.999,0.0,0.0023,-0.0008,0.2676,235.0624,236.43,236.44,236.43,226.525001525879,up,2026-09-11T11:31:14,252.0,321.0
AAPL,2026-12-18,98,Put,100.0,AAPL261218P00100000,0.0,0.01,0.005,0.01,0.0,0.0,0.0,1818.0,0.6906,-0.0004,0.0,0.0023,-0.0008,-0.0003,0.0122,0.0,0.0,0.0,0.00499999988824129,no_change,2026-09-09T11:37:16,0.0,6.0
AAPL,2026-12-18,98,Call,105.0,AAPL261218C00105000,229.2,232.0,230.6,200.97,0.0,0.0,0.0,175.0,1.0328,0.9989,0.0,0.0027,-0.0009,0.281,230.1269,0.0,0.0,0.0,221.625,down,2026-08-13T15:51:32,263.0,252.0
AAPL,2026-12-18,98,Put,105.0,AAPL261218P00105000,0.0,0.16,0.08,0.03,0.0,0.0,0.0,1844.0,0.8347,-0.0004,0.0,0.0027,-0.0009,-0.0004,0.0142,0.0,0.0,0.0,0.0450000017881393,down,2026-08-28T11:47:57,0.0,475.0
AAPL,2026-12-18,98,Call,110.0,AAPL261218C00110000,223.95,227.05,225.5,233.0,0.0,0.0,0.0,523.0,0.9413,0.9988,0.0,0.0032,-0.001,0.2943,225.1916,0.0,0.0,0.0,216.700004577637,up,2026-07-29T13:00:56,117.0,112.0
AAPL,2026-12-18,98,Put,110.0,AAPL261218P00110000,0.0,0.04,0.02,0.02,0.0,0.0,0.0,2068.0,0.7079,-0.0005,0.0,0.0032,-0.001,-0.0005,0.0165,0.0,0.0,0.0,0.0199999995529652,no_change,2026-09-03T15:40:19,0.0,1.0
AAPL,2026-12-18,98,Call,115.0,AAPL261218C00115000,219.35,222.15,220.75,191.17,0.0,0.0,0.0,330.0,0.9634,0.9988,0.0,0.0037,-0.0012,0.3076,220.2567,0.0,0.0,0.0,211.75,down,2026-08-13T15:51:32,263.0,275.0
AAPL,2026-12-18,98,Put,115.0,AAPL261218P00115000,0.0,0.41,0.205,0.03,0.0,0.0,0.0,1400.0,0.8557,-0.0006,0.0,0.0037,-0.0012,-0.0006,0.0191,0.0,0.0,0.0,0.219999998807907,no_change,2026-09-08T11:45:32,0.0,636.0
AAPL,2026-12-18,98,Call,120.0,AAPL261218C00120000,214.4,217.2,215.8,216.69,10.04,4.85846,2.0,1311.0,0.9244,0.9986,0.0,0.0043,-0.0013,0.3209,215.3221,216.7,216.7,216.69,206.650001525879,down,2026-09-11T11:31:14,269.0,305.0
AAPL,2026-12-18,98,Put,120.0,AAPL261218P00120000,0.01,0.05,0.030000000000000002,0.02,0.0,0.0,0.0,1572.0,0.6777,-0.0007,0.0,0.0043,-0.0013,-0.0006,0.0222,0.0,0.0,0.0,0.0300000002607703,no_change,2026-09-04T11:50:05,40.0,1.0
AAPL,2026-12-18,98,Call,125.0,AAPL261218C00125000,209.55,212.15,210.85000000000002,192.06,0.0,0.0,0.0,462.0,0.887,0.9985,0.0,0.005,-0.0015,0.3342,210.388,0.0,0.0,0.0,201.825004577637,up,2026-08-31T11:05:03,256.0,262.0
AAPL,2026-12-18,98,Put,125.0,AAPL261218P00125000,0.0,0.23,0.115,0.04,0.0,0.0,0.0,3289.0,0.7427,-0.0008,0.0,0.005,-0.0015,-0.0008,0.0256,0.0,0.0,0.0,0.135000005364418,up,2026-09-08T09:46:46,0.0,547.0
AAPL,2026-12-18,98,Call,130.0,AAPL261218C00130000,204.55,207.25,205.9,184.95,0.0,0.0,0.0,1382.0,0.8512,0.9984,0.0,0.0058,-0.0017,0.3474,205.4545,0.0,0.0,0.0,196.875,down,2026-09-09T10:55:26,262.0,308.0
AAPL,2026-12-18,98,Put,130.0,AAPL261218P00130000,0.0,0.08,0.04,0.05,0.0,0.0,0.0,1210.0,0.6438,-0.001,0.0,0.0058,-0.0017,-0.0009,0.0296,0.0,0.0,0.0,0.0399999991059303,up,2026-09-04T09:43:04,0.0,1.0
AAPL,2026-12-18,98,Call,135.0,AAPL261218C00135000,199.6,202.25,200.925,181.46,0.0,0.0,0.0,696.0,0.8106,0.9982,0.0,0.0067,-0.0019,0.3607,200.5215,0.0,0.0,0.0,191.924995422363,no_change,2026-08-27T13:58:47,235.0,278.0
AAPL,2026-12-18,98,Put,135.0,AAPL261218P00135000,0.01,0.18,0.095,0.06,0.02,50.0,4.0,2502.0,0.6743,-0.0011,0.0,0.0067,-0.0019,-0.001,0.0342,0.1,0.12,0.06,0.0400000000372529,down,2026-09-11T11:28:59,3.0,584.0
AAPL,2026-12-18,98,Call,140.0,AAPL261218C00140000,194.65,197.15,195.9,178.13,0.0,0.0,0.0,1083.0,0.7574,0.998,0.0,0.0077,-0.0021,0.3739,195.5892,0.0,0.0,0.0,186.875,up,2026-08-28T10:02:36,261.0,333.0
AAPL,2026-12-18,98,Put,140.0,AAPL261218P00140000,0.01,0.1,0.055,0.04,-0.01,-20.0,2.0,1348.0,0.6143,-0.0013,0.0,0.0078,-0.0022,-0.0012,0.0395,0.04,0.04,0.04,0.0500000016763806,down,2026-09-11T10:43:13,201.0,172.0
AAPL,2026-12-18,98,Call,145.0,AAPL261218C00145000,189.7,192.5,191.1,189.67,7.72,4.24292,90.0,530.0,0.7635,0.9978,0.0,0.0089,-0.0024,0.387,190.6577,185.0,191.5,185.0,181.950004577637,down,2026-09-11T09:40:54,250.0,272.0
AAPL,2026-12-18,98,Put,145.0,AAPL261218P00145000,0.0,0.18,0.09,0.06,0.0,0.0,0.0,1079.0,0.6211,-0.0016,0.0,0.0089,-0.0024,-0.0014,0.0457,0.0,0.0,0.0,0.0600000005215406,down,2026-09-10T14:01:43,0.0,581.0
AAPL,2026-12-18,98,Call,150.0,AAPL261218C00150000,184.85,187.55,186.2,167.22,0.0,0.0,0.0,414.0,0.7432,0.9975,0.0001,0.0103,-0.0027,0.4002,185.7272,0.0,0.0,0.0,177.349998474121,no_change,2026-09-08T15:03:31,273.0,323.0
AAPL,2026-12-18,98,Put,150.0,AAPL261218P00150000,0.01,0.13,0.07,0.05,0.0,0.0,0.0,2174.0,0.5824,-0.0018,0.0001,0.0103,-0.0027,-0.0017,0.0528,0.0,0.0,0.0,0.0550000006332994,no_change,2026-09-10T12:47:50,1.0,97.0
AAPL,2026-12-18,98,Call,155.0,AAPL261218C00155000,179.85,182.65,181.25,172.08,0.0,0.0,0.0,254.0,0.7132,0.9972,0.0001,0.0119,-0.0031,0.4132,180.7979,0.0,0.0,0.0,172.350006103516,up,2026-09-01T13:30:07,259.0,267.0
AAPL,2026-12-18,98,Put,155.0,AAPL261218P00155000,0.0,0.11,0.055,0.06,-0.02,-25.0,4.0,767.0,0.547,-0.0021,0.0001,0.012,-0.0031,-0.0019,0.061,0.05,0.06,0.05,0.0800000000745058,up,2026-09-11T11:39:09,0.0,334.0
AAPL,2026-12-18,98,Call,160.0,AAPL261218C00160000,174.95,177.7,176.325,158.09,0.0,0.0,0.0,453.0,0.689,0.9969,0.0001,0.0137,-0.0035,0.4263,175.8699,0.0,0.0,0.0,167.150001525879,up,2026-09-08T10:52:13,242.0,245.0
AAPL,2026-12-18,98,Put,160.0,AAPL261218P00160000,0.01,0.12,0.065,0.07,0.0,0.0,0.0,3006.0,0.5348,-0.0025,0.0001,0.0138,-0.0035,-0.0023,0.0706,0.0,0.0,0.0,0.0649999985471368,no_change,2026-09-10T10:23:32,40.0,68.0
AAPL,2026-12-18,98,Call,165.0,AAPL261218C00165000,170.0,172.6,171.3,162.87,0.0,0.0,0.0,524.0,0.6459,0.9965,0.0001,0.0158,-0.0039,0.4393,170.9434,0.0,0.0,0.0,162.225006103516,up,2026-09-10T15:57:56,240.0,276.0
AAPL,2026-12-18,98,Put,165.0,AAPL261218P00165000,0.05,0.13,0.09,0.09,0.0,0.0,0.0,1909.0,0.5317,-0.0029,0.0001,0.0158,-0.0039,-0.0026,0.0818,0.0,0.0,0.0,0.100000003352761,no_change,2026-09-10T13:50:14,3.0,74.0
AAPL,2026-12-18,98,Call,170.0,AAPL261218C00170000,165.05,167.85,166.45,167.3,9.75,6.18851,2.0,923.0,0.6381,0.996,0.0001,0.0182,-0.0044,0.4522,166.0188,167.3,167.3,167.3,157.550003051758,no_change,2026-09-11T11:31:14,243.0,272.0
AAPL,2026-12-18,98,Put,170.0,AAPL261218P00170000,0.06,0.09,0.075,0.09,0.0,0.0,0.0,2711.0,0.5012,-0.0034,0.0001,0.0183,-0.0044,-0.0031,0.0948,0.0,0.0,0.0,0.0800000000745058,down,2026-09-10T15:12:25,1.0,108.0
AAPL,2026-12-18,98,Call,175.0,AAPL261218C00175000,160.15,162.9,161.525,143.84,0.0,0.0,0.0,743.0,0.6159,0.9954,0.0001,0.021,-0.005,0.465,161.0963,0.0,0.0,0.0,152.574996948242,up,2026-08-20T14:03:07,243.0,257.0
AAPL,2026-12-18,98,Put,175.0,AAPL261218P00175000,0.05,0.16,0.10500000000000001,0.1,0.0,-3.35276e-06,4.0,2401.0,0.499,-0.004,0.0001,0.0213,-0.005,-0.0037,0.111,0.14,0.14,0.1,0.100000003352761,no_change,2026-09-11T10:02:23,406.0,601.0
AAPL,2026-12-18,98,Call,180.0,AAPL261218C00180000,155.25,158.0,156.625,135.27,0.0,0.0,0.0,744.0,0.5982,0.9947,0.0002,0.0242,-0.0056,0.4778,156.1763,0.0,0.0,0.0,147.724998474121,up,2026-08-26T10:18:15,228.0,258.0
AAPL,2026-12-18,98,Put,180.0,AAPL261218P00180000,0.07,0.16,0.115,0.11,-0.015,-12.0,4.0,3367.0,0.4841,-0.0047,0.0002,0.0244,-0.0056,-0.0043,0.1288,0.15,0.15,0.11,0.125,no_change,2026-09-11T10:02:23,402.0,509.0
AAPL,2026-12-18,98,Call,185.0,AAPL261218C00185000,150.3,153.05,151.675,134.8,0.0,0.0,0.0,945.0,0.5729,0.9939,0.0002,0.0278,-0.0063,0.4904,151.2592,0.0,0.0,0.0,142.825004577637,no_change,2026-08-20T12:51:43,226.0,277.0
AAPL,2026-12-18,98,Put,185.0,AAPL261218P00185000,0.08,0.21,0.145,0.14,-0.01,-6.66667,2.0,1845.0,0.4772,-0.0055,0.0002,0.028,-0.0064,-0.005,0.1493,0.14,0.14,0.14,0.149999998509884,down,2026-09-11T11:03:03,429.0,610.0
AAPL,2026-12-18,98,Call,190.0,AAPL261218C00190000,145.4,148.15,146.775,147.63,9.805,7.1141,2.0,614.0,0.5557,0.993,0.0002,0.0319,-0.0071,0.5029,146.3453,147.65,147.65,147.63,137.824996948242,down,2026-09-11T11:31:14,226.0,260.0
AAPL,2026-12-18,98,Put,190.0,AAPL261218P00190000,0.1,0.23,0.165,0.16,-0.035,-17.9487,5.0,2725.0,0.465,-0.0064,0.0002,0.0323,-0.0071,-0.0058,0.1732,0.15,0.16,0.15,0.195000000298023,up,2026-09-11T10:55:13,381.0,397.0
AAPL,2026-12-18,98,Call,195.0,AAPL261218C00195000,140.5,143.25,141.875,135.55,2.625,1.9748,4.0,1120.0,0.5385,0.9919,0.0003,0.0367,-0.0079,0.5152,141.4354,135.55,135.55,135.55,132.925003051758,up,2026-09-11T09:31:01,245.0,315.0
AAPL,2026-12-18,98,Put,195.0,AAPL261218P00195000,0.13,0.27,0.2,0.18,-0.035,-16.2791,3.0,1753.0,0.4565,-0.0075,0.0003,0.037,-0.008,-0.0068,0.2012,0.17,0.2,0.17,0.215000003576279,down,2026-09-11T10:55:13,277.0,472.0
AAPL,2026-12-18,98,Call,200.0,AAPL261218C00200000,135.6,138.35,136.975,125.82,0.0,0.0,0.0,8913.0,0.5213,0.9907,0.0003,0.042,-0.0089,0.5274,136.5301,0.0,0.0,0.0,127.524997711182,up,2026-09-10T11:29:20,231.0,316.0
AAPL,2026-12-18,98,Put,200.0,AAPL261218P00200000,0.16,0.3,0.22999999999999998,0.26,0.0,0.0,0.0,12069.0,0.4452,-0.0088,0.0003,0.0424,-0.009,-0.008,0.2336,0.0,0.0,0.0,0.244999997317791,up,2026-09-10T12:07:08,295.0,508.0
AAPL,2026-12-18,98,Call,205.0,AAPL261218C00205000,130.7,133.4,132.05,121.0,0.0,0.0,0.0,175.0,0.5012,0.9892,0.0004,0.0482,-0.01,0.5394,131.6299,0.0,0.0,0.0,123.075000762939,up,2026-09-04T09:51:14,224.0,235.0
AAPL,2026-12-18,98,Put,205.0,AAPL261218P00205000,0.2,0.34,0.27,0.26,-0.03,-10.3448,2.0,832.0,0.4354,-0.0103,0.0004,0.0486,-0.0101,-0.0093,0.2712,0.26,0.26,0.26,0.290000006556511,down,2026-09-11T09:34:15,365.0,509.0
AAPL,2026-12-18,98,Call,210.0,AAPL261218C00210000,125.8,127.7,126.75,119.0,0.0,0.0,0.0,5601.0,0.428,0.9875,0.0004,0.0552,-0.0112,0.5511,126.7359,0.0,0.0,0.0,118.25,up,2026-09-10T15:56:50,249.0,252.0
AAPL,2026-12-18,98,Put,210.0,AAPL261218P00210000,0.29,0.39,0.33999999999999997,0.27,-0.09,-25.0,11.0,3689.0,0.4301,-0.012,0.0004,0.0557,-0.0113,-0.0109,0.3151,0.29,0.29,0.27,0.359999999403954,down,2026-09-11T11:05:19,1.0,462.0
AAPL,2026-12-18,98,Call,215.0,AAPL261218C00215000,120.9,123.65,122.275,123.1,9.75,8.60167,1.0,772.0,0.4698,0.9855,0.0005,0.0631,-0.0125,0.5626,121.849,123.1,123.1,123.1,113.350002288818,up,2026-09-11T11:24:15,263.0,336.0
AAPL,2026-12-18,98,Put,215.0,AAPL261218P00215000,0.34,0.42,0.38,0.34,-0.065,-16.0494,25.0,1440.0,0.4178,-0.014,0.0005,0.0635,-0.0127,-0.0126,0.3662,0.34,0.34,0.34,0.404999986290932,down,2026-09-11T10:56:01,117.0,507.0
AAPL,2026-12-18,98,Call,220.0,AAPL261218C00220000,116.0,118.25,117.125,117.27,8.645,7.95857,13.0,3073.0,0.426,0.9832,0.0006,0.072,-0.014,0.5738,116.9705,115.0,117.27,115.0,108.625,no_change,2026-09-11T11:48:35,318.0,325.0
AAPL,2026-12-18,98,Put,220.0,AAPL261218P00220000,0.4,0.49,0.445,0.42,-0.05,-10.6383,8.0,7537.0,0.4085,-0.0163,0.0006,0.0726,-0.0142,-0.0147,0.4254,0.42,0.42,0.39,0.469999998807907,no_change,2026-09-11T10:54:30,263.0,609.0
AAPL,2026-12-18,98,Call,225.0,AAPL261218C00225000,111.15,113.9,112.525,112.01,8.485,8.19609,33.0,342.0,0.4402,0.9804,0.0007,0.0823,-0.0157,0.5845,112.1017,112.01,112.01,112.01,103.524997711182,no_change,2026-09-11T10:47:09,237.0,265.0
AAPL,2026-12-18,98,Put,225.0,AAPL261218P00225000,0.47,0.53,0.5,0.54,0.0,0.0,0.0,3902.0,0.3968,-0.0191,0.0007,0.083,-0.0158,-0.0172,0.4948,0.0,0.0,0.0,0.560000002384186,down,2026-09-10T11:10:43,182.0,504.0
AAPL,2026-12-18,98,Call,230.0,AAPL261218C00230000,106.45,108.05,107.25,107.1,8.475,8.59316,1.0,4788.0,0.3873,0.9773,0.0008,0.0937,-0.0175,0.5949,107.2447,107.1,107.1,107.1,98.625,up,2026-09-11T12:20:22,458.0,441.0
AAPL,2026-12-18,98,Put,230.0,AAPL261218P00230000,0.55,0.61,0.5800000000000001,0.59,-0.06,-9.23077,23.0,8965.0,0.3872,-0.0223,0.0008,0.0942,-0.0177,-0.02,0.576,0.58,0.59,0.55,0.650000005960464,up,2026-09-11T11:59:50,294.0,527.0
AAPL,2026-12-18,98,Call,235.0,AAPL261218C00235000,101.45,104.15,102.80000000000001,88.6,0.0,0.0,0.0,570.0,0.4114,0.9736,0.0009,0.1066,-0.0195,0.6047,102.4016,0.0,0.0,0.0,93.75,up,2026-09-10T11:53:12,415.0,452.0
AAPL,2026-12-18,98,Put,235.0,AAPL261218P00235000,0.66,0.69,0.675,0.71,-0.09,-11.25,36.0,3449.0,0.3777,-0.0261,0.0009,0.1077,-0.0197,-0.0234,0.6723,0.66,0.71,0.66,0.799999982118606,up,2026-09-11T12:22:38,6.0,113.0
AAPL,2026-12-18,98,Call,240.0,AAPL261218C00240000,96.95,98.75,97.85,97.05,7.8,8.7395,3.0,5326.0,0.3904,0.9692,0.0011,0.1214,-0.0217,0.6139,97.575,95.55,97.05,95.55,89.25,up,2026-09-11T10:30:45,422.0,430.0
AAPL,2026-12-18,98,Put,240.0,AAPL261218P00240000,0.77,0.79,0.78,0.75,-0.205,-21.466,41.0,11081.0,0.3683,-0.0304,0.0011,0.1224,-0.0219,-0.0274,0.7839,0.84,0.84,0.75,0.9549999833107,down,2026-09-11T12:31:23,104.0,3.0
AAPL,2026-12-18,98,Call,245.0,AAPL261218C00245000,91.8,93.4,92.6,86.75,2.925,3.48942,1.0,434.0,0.3467,0.9641,0.0012,0.1378,-0.0242,0.6224,92.7687,86.75,86.75,86.75,83.8249969482422,up,2026-09-11T09:30:18,380.0,112.0
AAPL,2026-12-18,98,Put,245.0,AAPL261218P00245000,0.88,1.01,0.9450000000000001,0.93,-0.16,-14.6789,44.0,3569.0,0.3623,-0.0356,0.0012,0.1386,-0.0244,-0.0318,0.915,1.0,1.0,0.9,1.08999997377396,no_change,2026-09-11T12:25:54,323.0,631.0
AAPL,2026-12-18,98,Call,250.0,AAPL261218C00250000,86.75,88.85,87.8,87.75,8.475,10.6906,11.0,14973.0,0.3388,0.9582,0.0014,0.1565,-0.0269,0.63,87.9863,88.57,88.57,87.75,79.2750015258789,down,2026-09-11T12:38:18,472.0,389.0
AAPL,2026-12-18,98,Put,250.0,AAPL261218P00250000,1.05,1.1,1.0750000000000002,1.07,-0.265,-19.8502,1114.0,28006.0,0.3522,-0.0415,0.0014,0.1578,-0.0271,-0.0371,1.0691,1.19,1.19,1.05,1.33499997854233,down,2026-09-11T12:40:41,135.0,396.0
AAPL,2026-12-18,98,Call,255.0,AAPL261218C00255000,82.6,84.65,83.625,82.65,7.95,10.6426,4.0,4678.0,0.3651,0.9512,0.0017,0.1775,-0.0299,0.6365,83.2334,82.65,82.65,82.65,74.7000007629394,up,2026-09-11T09:43:58,359.0,477.0
AAPL,2026-12-18,98,Put,255.0,AAPL261218P00255000,1.23,1.29,1.26,1.21,-0.365,-23.1746,13.0,6719.0,0.3438,-0.0487,0.0017,0.1785,-0.0302,-0.0433,1.2574,1.27,1.3,1.21,1.57499998807907,down,2026-09-11T11:30:54,212.0,413.0
AAPL,2026-12-18,98,Call,260.0,AAPL261218C00260000,77.9,79.0,78.45,78.46,8.51,12.1658,5.0,7208.0,0.3328,0.9429,0.0019,0.2007,-0.0332,0.642,78.5161,73.8,80.0,73.8,69.9500007629394,down,2026-09-11T12:31:55,433.0,149.0
AAPL,2026-12-18,98,Put,260.0,AAPL261218P00260000,1.44,1.55,1.495,1.48,-0.405,-21.4854,18.0,13504.0,0.3368,-0.0571,0.002,0.2024,-0.0336,-0.0507,1.4826,1.53,1.57,1.46,1.88499999046326,no_change,2026-09-11T11:47:47,327.0,507.0
AAPL,2026-12-18,98,Call,265.0,AAPL261218C00265000,72.85,74.95,73.9,74.82,9.345,14.2726,1.0,2539.0,0.3315,0.9333,0.0022,0.227,-0.0368,0.6459,73.8415,74.82,74.82,74.82,65.4750022888184,up,2026-09-11T11:44:11,476.0,431.0
AAPL,2026-12-18,98,Put,265.0,AAPL261218P00265000,1.7,1.78,1.74,1.78,-0.465,-20.7127,84.0,5200.0,0.3284,-0.0669,0.0023,0.2289,-0.0373,-0.0592,1.7495,1.86,1.87,1.73,2.24500000476837,up,2026-09-11T11:56:24,387.0,238.0
AAPL,2026-12-18,98,Call,270.0,AAPL261218C00270000,68.7,69.7,69.2,70.05,8.7,14.1809,90.0,7257.0,0.3212,0.922,0.0026,0.2556,-0.0407,0.6483,69.2188,64.93,70.05,64.93,61.3500003814697,no_change,2026-09-11T12:28:28,374.0,246.0
AAPL,2026-12-18,98,Put,270.0,AAPL261218P00270000,2.06,2.14,2.1,2.03,-0.64,-23.97,108.0,8594.0,0.3233,-0.0783,0.0026,0.2575,-0.0413,-0.0692,2.0665,2.48,2.48,2.0,2.66999995708466,down,2026-09-11T12:34:39,2.0,480.0
AAPL,2026-12-18,98,Call,275.0,AAPL261218C00275000,64.1,64.85,64.475,64.53,8.005,14.1619,7.0,2336.0,0.3088,0.9088,0.003,0.2874,-0.045,0.6487,64.6576,63.0,64.53,63.0,56.5249996185303,no_change,2026-09-11T12:28:52,430.0,24.0
AAPL,2026-12-18,98,Put,275.0,AAPL261218P00275000,2.39,2.54,2.465,2.5,-0.725,-22.4806,58.0,8207.0,0.3159,-0.0916,0.003,0.2897,-0.0456,-0.0808,2.442,2.6,2.64,2.41,3.22500002384186,up,2026-09-11T12:01:49,420.0,443.0
AAPL,2026-12-18,98,Call,280.0,AAPL261218C00280000,59.8,60.45,60.125,60.3,8.0,15.2964,13.0,6889.0,0.3078,0.8935,0.0034,0.3215,-0.0495,0.647,60.17,57.3,62.0,57.3,52.3000011444092,down,2026-09-11T12:35:47,283.0,42.0
AAPL,2026-12-18,98,Put,280.0,AAPL261218P00280000,2.84,2.95,2.895,2.98,-0.845,-22.0915,164.0,19160.0,0.3088,-0.1072,0.0035,0.3238,-0.0502,-0.0939,2.8966,3.65,3.8,2.85,3.82500004768372,up,2026-09-11T12:26:43,504.0,385.0
AAPL,2026-12-18,98,Call,285.0,AAPL261218C00285000,55.05,56.0,55.525,56.57,8.62,17.9771,14.0,2310.0,0.2965,0.8758,0.0039,0.3584,-0.0543,0.643,55.7682,54.13,56.92,54.13,47.9500007629394,down,2026-09-11T11:37:13,446.0,13.0
AAPL,2026-12-18,98,Put,285.0,AAPL261218P00285000,3.4,3.5,3.45,3.45,-1.1,-24.1758,40.0,3240.0,0.3034,-0.1252,0.0039,0.3614,-0.0552,-0.1092,3.439,4.1,4.1,3.3,4.54999995231628,down,2026-09-11T12:36:07,333.0,380.0
AAPL,2026-12-18,98,Call,290.0,AAPL261218C00290000,50.8,52.45,51.625,51.5,7.425,16.8463,66.0,14608.0,0.3022,0.8556,0.0044,0.3969,-0.0593,0.6364,51.467,45.5,53.0,45.5,44.0749988555908,down,2026-09-11T11:53:51,419.0,448.0
AAPL,2026-12-18,98,Put,290.0,AAPL261218P00290000,4.0,4.2,4.1,4.1,-1.35,-24.7706,151.0,7503.0,0.2982,-0.1458,0.0044,0.3998,-0.0603,-0.1263,4.0834,5.15,5.15,3.96,5.45000004768372,no_change,2026-09-11T12:19:59,455.0,516.0
AAPL,2026-12-18,98,Call,295.0,AAPL261218C00295000,46.65,47.9,47.275,47.5,7.45,18.6017,8.0,3430.0,0.2931,0.8326,0.0049,0.4371,-0.0644,0.6269,47.2805,45.62,47.65,44.95,40.0499992370606,down,2026-09-11T12:26:23,397.0,290.0
AAPL,2026-12-18,98,Put,295.0,AAPL261218P00295000,4.75,4.95,4.85,4.85,-1.625,-25.0965,61.0,4536.0,0.2931,-0.1694,0.005,0.4408,-0.0657,-0.146,4.8586,5.07,5.25,4.75,6.47500014305115,down,2026-09-11T12:26:06,552.0,461.0
AAPL,2026-12-18,98,Call,300.0,AAPL261218C00300000,42.85,43.5,43.175,43.2,6.8,18.6813,202.0,24298.0,0.2875,0.8068,0.0054,0.4775,-0.0695,0.6145,43.2256,38.0,44.6,38.0,36.3999996185303,up,2026-09-11T12:33:12,383.0,112.0
AAPL,2026-12-18,98,Put,300.0,AAPL261218P00300000,5.75,5.8,5.775,5.8,-1.8,-23.6842,683.0,17712.0,0.2891,-0.1958,0.0056,0.4813,-0.071,-0.1675,5.7558,7.15,7.15,5.65,7.59999990463257,up,2026-09-11T12:34:39,10.0,53.0
AAPL,2026-12-18,98,Call,305.0,AAPL261218C00305000,38.85,40.0,39.425,39.9,6.925,21.0008,25.0,5035.0,0.2865,0.778,0.006,0.5179,-0.0745,0.5989,39.3171,35.4,41.0,35.4,32.9750003814697,down,2026-09-11T11:23:45,274.0,392.0
AAPL,2026-12-18,98,Put,305.0,AAPL261218P00305000,6.7,6.95,6.825,6.85,-2.075,-23.2493,181.0,3853.0,0.2848,-0.2252,0.0061,0.5221,-0.0762,-0.1902,6.805,8.12,8.12,6.7,8.92500019073486,up,2026-09-11T12:09:08,368.0,541.0
AAPL,2026-12-18,98,Call,310.0,AAPL261218C00310000,35.0,35.75,35.375,36.13,6.855,23.4159,78.0,6984.0,0.2769,0.7464,0.0066,0.5562,-0.0791,0.5806,35.5719,30.5,36.85,30.5,29.2749996185303,down,2026-09-11T11:37:33,471.0,13.0
AAPL,2026-12-18,98,Put,310.0,AAPL261218P00310000,7.95,8.15,8.05,8.1,-2.375,-22.673,370.0,12268.0,0.2808,-0.2579,0.0067,0.5604,-0.0812,-0.2169,8.0281,9.62,9.62,7.85,10.4750003814697,no_change,2026-09-11T12:35:50,398.0,629.0
AAPL,2026-12-18,98,Call,315.0,AAPL261218C00315000,31.4,32.75,32.075,32.11,6.185,23.8573,172.0,4498.0,0.278,0.7121,0.0071,0.5923,-0.0833,0.5588,32.0048,28.5,33.4,28.5,25.9250001907349,down,2026-09-11T12:17:59,508.0,445.0
AAPL,2026-12-18,98,Put,315.0,AAPL261218P00315000,9.3,9.55,9.425,9.45,-2.8,-22.8571,164.0,2574.0,0.2768,-0.2933,0.0073,0.5958,-0.0856,-0.2429,9.4298,11.05,11.05,9.28,12.25,up,2026-09-11T12:33:41,313.0,309.0
AAPL,2026-12-18,98,Call,320.0,AAPL261218C00320000,28.35,28.9,28.625,28.58,5.505,23.857,348.0,10624.0,0.2735,0.6752,0.0076,0.624,-0.0869,0.5346,28.63,24.2,30.0,24.2,23.0749998092651,down,2026-09-11T12:31:49,485.0,190.0
AAPL,2026-12-18,98,Put,320.0,AAPL261218P00320000,10.9,11.25,11.075,11.05,-3.175,-22.3199,419.0,2530.0,0.2745,-0.331,0.0078,0.6282,-0.0896,-0.2718,11.0159,13.1,13.1,10.75,14.2249999046326,no_change,2026-09-11T12:37:27,332.0,738.0
AAPL,2026-12-18,98,Call,325.0,AAPL261218C00325000,25.15,25.6,25.375,25.41,5.16,25.4815,479.0,6707.0,0.2689,0.6365,0.008,0.6507,-0.0898,0.5078,25.4871,22.5,27.0,22.2,20.25,down,2026-09-11T12:36:35,538.0,36.0
AAPL,2026-12-18,98,Put,325.0,AAPL261218P00325000,12.75,13.05,12.9,12.8,-3.725,-22.5416,91.0,2506.0,0.2717,-0.3715,0.0082,0.6531,-0.0928,-0.2998,12.8259,14.7,14.7,12.45,16.5250005722046,no_change,2026-09-11T12:19:35,197.0,694.0
AAPL,2026-12-18,98,Call,330.0,AAPL261218C00330000,22.2,22.7,22.45,22.43,4.655,26.1885,451.0,18239.0,0.267,0.5954,0.0083,0.6713,-0.0916,0.4786,22.4726,18.55,23.62,18.35,17.7749996185303,down,2026-09-11T12:23:43,523.0,131.0
AAPL,2026-12-18,98,Put,330.0,AAPL261218P00330000,14.8,15.1,14.95,14.85,-4.075,-21.5324,825.0,1029.0,0.269,-0.4142,0.0086,0.6721,-0.095,-0.3258,14.8445,15.9,16.25,14.55,18.9250001907349,no_change,2026-09-11T12:40:49,157.0,613.0
AAPL,2026-12-18,98,Call,335.0,AAPL261218C00335000,19.5,19.9,19.7,19.9,4.45,28.8026,546.0,7136.0,0.2644,0.5532,0.0086,0.6848,-0.0926,0.4477,19.7419,19.5,20.85,18.17,15.4500002861023,no_change,2026-09-11T12:31:13,663.0,78.0
AAPL,2026-12-18,98,Put,335.0,AAPL261218P00335000,17.0,17.35,17.175,17.1,-4.475,-20.7416,397.0,526.0,0.2659,-0.4582,0.0089,0.6837,-0.0965,-0.3545,17.1099,20.9,20.9,16.8,21.5749998092651,down,2026-09-11T12:27:27,196.0,480.0
AAPL,2026-12-18,98,Call,340.0,AAPL261218C00340000,17.1,17.4,17.25,17.25,3.9,29.2135,571.0,14027.0,0.263,0.5103,0.0087,0.6907,-0.0927,0.4152,17.2383,14.5,18.27,14.5,13.3499999046326,up,2026-09-11T12:37:08,474.0,120.0
AAPL,2026-12-18,98,Put,340.0,AAPL261218P00340000,19.5,19.85,19.675,19.9,-4.65,-18.9409,124.0,474.0,0.264,-0.5027,0.0091,0.6866,-0.0972,-0.3782,19.6254,20.23,21.0,19.1,24.5500001907349,up,2026-09-11T12:04:17,173.0,500.0
AAPL,2026-12-18,98,Call,345.0,AAPL261218C00345000,14.9,15.1,15.0,14.95,3.45,30.0,394.0,6277.0,0.2612,0.4678,0.0087,0.689,-0.0919,0.3829,15.0118,12.0,15.97,12.0,11.5,down,2026-09-11T12:39:58,184.0,124.0
AAPL,2026-12-18,98,Put,345.0,AAPL261218P00345000,22.25,22.6,22.425,22.4,-5.1,-18.5455,111.0,234.0,0.2623,-0.548,0.0092,0.6802,-0.0969,-0.4002,22.3648,21.9,22.4,21.86,27.5,up,2026-09-11T12:23:37,146.0,476.0
AAPL,2026-12-18,98,Call,350.0,AAPL261218C00350000,12.85,13.05,12.95,12.85,3.05,31.1224,1606.0,23636.0,0.2599,0.4251,0.0087,0.6792,-0.09,0.3493,12.9409,10.1,14.0,10.1,9.80000019073486,no_change,2026-09-11T12:41:11,298.0,314.0
AAPL,2026-12-18,98,Put,350.0,AAPL261218P00350000,25.05,25.65,25.35,24.71,-6.465,-20.7378,310.0,324.0,0.2595,-0.5934,0.0092,0.6662,-0.0956,-0.4154,25.3672,26.18,27.3,24.71,31.1750001907349,down,2026-09-11T11:17:23,264.0,571.0
AAPL,2026-12-18,98,Call,360.0,AAPL261218C00360000,9.3,9.55,9.425,9.4,2.3,32.3944,455.0,16333.0,0.2561,0.3442,0.0082,0.6395,-0.0836,0.2853,9.498,7.5,10.3,7.5,7.09999990463257,no_change,2026-09-11T12:38:24,540.0,131.0
AAPL,2026-12-18,98,Put,360.0,AAPL261218P00360000,31.3,32.35,31.825000000000003,32.15,-6.5,-16.8176,4.0,304.0,0.254,-0.681,0.0089,0.6117,-0.0906,-0.4321,32.0194,31.7,32.15,31.25,38.6499996185303,up,2026-09-11T12:00:18,563.0,152.0
AAPL,2026-12-18,98,Call,370.0,AAPL261218C00370000,6.7,6.9,6.800000000000001,6.76,1.71,33.8614,897.0,7281.0,0.2552,0.271,0.0074,0.5774,-0.0746,0.2261,6.8234,5.33,7.5,5.33,5.04999995231628,no_change,2026-09-11T12:38:24,334.0,463.0
AAPL,2026-12-18,98,Put,370.0,AAPL261218P00370000,38.05,40.85,39.45,48.03,0.0,0.0,0.0,60.0,0.2541,-0.7618,0.0083,0.528,-0.0833,-0.4223,39.5247,0.0,0.0,0.0,46.7749996185303,up,2026-09-10T14:06:24,456.0,512.0
AAPL,2026-12-18,98,Call,380.0,AAPL261218C00380000,4.65,4.9,4.775,4.81,1.26,35.493,1095.0,9354.0,0.2539,0.2082,0.0065,0.5018,-0.0642,0.1743,4.8172,3.85,5.35,3.85,3.55000007152557,down,2026-09-11T12:34:22,586.0,507.0
AAPL,2026-12-18,98,Put,380.0,AAPL261218P00380000,47.0,48.6,47.8,48.15,-7.55,-13.5548,18.0,43.0,0.2553,-0.8339,0.0076,0.4218,-0.075,-0.3692,47.7753,50.5,50.5,47.0,55.7000007629394,up,2026-09-11T11:56:35,469.0,430.0
AAPL,2026-12-18,98,Call,390.0,AAPL261218C00390000,3.25,3.45,3.35,3.45,0.995,40.5295,617.0,2239.0,0.2545,0.1564,0.0054,0.4216,-0.0534,0.1313,3.3516,2.64,3.7,2.64,2.45500004291534,up,2026-09-11T12:29:49,480.0,556.0
AAPL,2026-12-18,98,Put,390.0,AAPL261218P00390000,55.8,57.2,56.5,55.94,-9.01,-13.8722,1.0,0.0,0.2491,-0.8962,0.0067,0.3015,-0.0663,-0.2854,56.6514,55.94,55.94,55.94,64.9499988555908,down,2026-09-11T10:53:59,392.0,303.0
AAPL,2026-12-18,98,Call,400.0,AAPL261218C00400000,2.24,2.38,2.31,2.3,0.585,34.1108,2821.0,11050.0,0.255,0.1154,0.0044,0.3441,-0.0432,0.097,2.3051,1.9,2.58,1.9,1.71499997377396,down,2026-09-11T12:33:31,437.0,471.0
AAPL,2026-12-18,98,Put,400.0,AAPL261218P00400000,64.7,66.8,65.75,66.94,-7.66,-10.2681,35.0,15.0,0.2259,-0.9466,0.0053,0.178,-0.0571,-0.1776,66.0336,72.61,72.61,66.94,74.6000022888184,down,2026-09-11T09:36:36,215.0,200.0
AAPL,2026-12-18,98,Call,410.0,AAPL261218C00410000,1.5,1.64,1.5699999999999998,1.6,0.42,35.5932,81.0,1797.0,0.2557,0.0836,0.0034,0.2737,-0.0341,0.0704,1.5678,1.33,1.77,1.33,1.18000000715256,down,2026-09-11T12:36:05,451.0,374.0
AAPL,2026-12-18,98,Put,410.0,AAPL261218P00410000,74.5,76.9,75.7,95.59,0.0,0.0,0.0,0.0,0.0,-0.98,0.003,0.0739,-0.0294,-0.072,75.7823,0.0,0.0,0.0,84.6500015258789,down,2026-07-08T13:55:06,139.0,113.0
AAPL,2026-12-18,98,Call,420.0,AAPL261218C00420000,1.04,1.1,1.07,1.12,0.31,38.2716,156.0,4533.0,0.2572,0.0601,0.0027,0.2139,-0.0265,0.0506,1.0657,0.89,1.18,0.89,0.810000002384186,up,2026-09-11T12:34:39,218.0,211.0
AAPL,2026-12-18,98,Put,420.0,AAPL261218P00420000,84.8,87.1,85.94999999999999,109.21,0.0,0.0,0.0,0.0,0.2995,-0.9953,0.001,0.0158,-0.004,-0.0135,85.7214,0.0,0.0,0.0,94.6500015258789,down,2026-08-20T15:57:49,106.0,106.0
AAPL,2026-12-18,98,Call,430.0,AAPL261218C00430000,0.69,0.78,0.735,0.72,0.165,29.7297,62.0,4657.0,0.2594,0.0429,0.002,0.1648,-0.0203,0.0362,0.7236,0.53,0.84,0.53,0.555000007152557,down,2026-09-11T12:07:42,202.0,310.0
AAPL,2026-12-18,98,Put,430.0,AAPL261218P00430000,94.05,97.7,95.875,0.0,0.0,0.0,0.0,0.0,0.3149,-0.9994,0.0001,0.0,0.0,0.0,95.715,0.0,0.0,0.0,104.450000762939,no_change,,109.0,97.0
AAPL,2026-12-18,98,Call,440.0,AAPL261218C00440000,0.45,0.54,0.495,0.5,0.1,25.0,50.0,503.0,0.261,0.0306,0.0015,0.1258,-0.0154,0.0258,0.4941,0.43,0.56,0.43,0.400000005960464,down,2026-09-11T12:35:30,396.0,258.0
AAPL,2026-12-18,98,Put,440.0,AAPL261218P00440000,104.05,107.2,105.625,197.3,0.0,0.0,0.0,0.0,0.0,-1.0,0.0,0.0,0.0,0.0,105.715,0.0,0.0,0.0,114.675003051758,up,2025-01-03T10:21:54,106.0,107.0
AAPL,2026-12-18,98,Call,450.0,AAPL261218C00450000,0.3,0.38,0.33999999999999997,0.37,0.1,37.037,160.0,8675.0,0.2636,0.0219,0.0011,0.0955,-0.0117,0.0184,0.3393,0.28,0.39,0.28,0.269999995827675,no_change,2026-09-11T11:29:12,329.0,324.0
AAPL,2026-12-18,98,Put,450.0,AAPL261218P00450000,114.05,117.2,115.625,176.02,0.0,0.0,0.0,0.0,0.0,-1.0,0.0,0.0,0.0,0.0,115.715,0.0,0.0,0.0,124.550003051758,up,2025-12-15T13:20:00,111.0,108.0
AAPL,2026-12-18,98,Call,460.0,AAPL261218C00460000,0.21,0.29,0.25,0.22,0.02,10.0,3.0,573.0,0.2687,0.0157,0.0008,0.0726,-0.0089,0.0132,0.2365,0.23,0.23,0.22,0.199999995529652,down,2026-09-11T10:50:52,197.0,344.0
AAPL,2026-12-18,98,Put,460.0,AAPL261218P00460000,124.05,127.7,125.875,185.84,0.0,0.0,0.0,0.0,0.3795,-1.0,0.0,0.0,0.0,0.0,125.715,0.0,0.0,0.0,134.550003051758,up,2025-12-15T13:20:00,97.0,98.0
AAPL,2026-12-18,98,Call,470.0,AAPL261218C00470000,0.13,0.2,0.165,0.16,0.02,14.2857,6.0,7689.0,0.2698,0.0114,0.0006,0.0554,-0.0068,0.0095,0.1669,0.14,0.17,0.14,0.139999996870756,down,2026-09-11T11:07:46,430.0,364.0
AAPL,2026-12-18,98,Put,470.0,AAPL261218P00470000,134.05,137.7,135.875,0.0,0.0,0.0,0.0,0.0,0.3997,-1.0,0.0,0.0,0.0,0.0,135.715,0.0,0.0,0.0,144.675003051758,no_change,,97.0,98.0
AAPL,2026-12-18,98,Call,480.0,AAPL261218C00480000,0.1,0.17,0.135,0.13,0.015,13.0435,30.0,2642.0,0.2775,0.0085,0.0005,0.0429,-0.0053,0.0071,0.1212,0.13,0.13,0.12,0.115000002086163,up,2026-09-11T11:04:56,8.0,340.0
AAPL,2026-12-18,98,Put,480.0,AAPL261218P00480000,144.05,147.2,145.625,0.0,0.0,0.0,0.0,0.0,0.0,-1.0,0.0,0.0,0.0,0.0,145.715,0.0,0.0,0.0,154.650001525879,no_change,,111.0,86.0
AAPL,2026-12-18,98,Call,490.0,AAPL261218C00490000,0.05,0.13,0.09,0.1,0.01,11.1111,1.0,452.0,0.2786,0.0064,0.0004,0.0334,-0.0041,0.0053,0.0893,0.1,0.1,0.1,0.0899999979883432,up,2026-09-11T09:30:00,488.0,482.0
AAPL,2026-12-18,98,Put,490.0,AAPL261218P00490000,154.05,157.2,155.625,0.0,0.0,0.0,0.0,0.0,0.0,-1.0,0.0,0.0,0.0,0.0,155.715,0.0,0.0,0.0,164.550003051758,no_change,,97.0,105.0
AAPL,2026-12-18,98,Call,500.0,AAPL261218C00500000,0.06,0.08,0.07,0.07,0.015,27.2727,3.0,771.0,0.2842,0.0048,0.0003,0.0264,-0.0033,0.004,0.0671,0.07,0.07,0.07,0.0550000006332994,no_change,2026-09-11T11:44:20,10.0,52.0
AAPL,2026-12-18,98,Put,500.0,AAPL261218P00500000,164.05,167.2,165.625,0.0,0.0,0.0,0.0,0.0,0.0,-1.0,0.0,0.0,0.0,0.0,165.715,0.0,0.0,0.0,174.599998474121,no_change,,97.0,101.0
AAPL,2026-12-18,98,Call,510.0,AAPL261218C00510000,0.01,0.2,0.10500000000000001,0.13,0.0,0.0,0.0,149.0,0.3097,0.0038,0.0002,0.0211,-0.0027,0.0031,0.0516,0.0,0.0,0.0,0.0649999994784594,up,2026-09-10T15:21:52,220.0,520.0
AAPL,2026-12-18,98,Put,510.0,AAPL261218P00510000,174.15,177.2,175.675,0.0,0.0,0.0,0.0,0.0,0.0,-1.0,0.0,0.0,0.0,0.0,175.715,0.0,0.0,0.0,184.700004577637,no_change,,95.0,91.0
AAPL,2026-12-18,98,Call,520.0,AAPL261218C00520000,0.0,0.1,0.05,0.02,0.0,0.0,0.0,539.0,0.2988,0.003,0.0002,0.0171,-0.0022,0.0025,0.0406,0.0,0.0,0.0,0.0399999991059303,down,2026-09-10T14:33:31,0.0,10.0
AAPL,2026-12-18,98,Put,520.0,AAPL261218P00520000,184.05,187.7,185.875,0.0,0.0,0.0,0.0,0.0,0.4928,-1.0,0.0,0.0,0.0,0.0,185.715,0.0,0.0,0.0,194.675003051758,no_change,,111.0,98.0
AAPL,2026-12-18,98,Call,530.0,AAPL261218C00530000,0.02,0.05,0.035,0.04,0.0,2.23517e-06,1.0,2834.0,0.3005,0.0023,0.0001,0.0139,-0.0018,0.0019,0.0317,0.04,0.04,0.04,0.0399999991059303,up,2026-09-11T09:30:00,1.0,175.0
AAPL,2026-12-18,98,Put,530.0,AAPL261218P00530000,194.05,197.2,195.625,0.0,0.0,0.0,0.0,0.0,0.0,-1.0,0.0,0.0,0.0,0.0,195.715,0.0,0.0,0.0,204.675003051758,no_change,,97.0,96.0
AAPL,2026-12-18,98,Call,540.0,AAPL261218C00540000,0.0,0.06,0.03,0.02,0.0,0.0,0.0,30.0,0.3074,0.0019,0.0001,0.0115,-0.0015,0.0016,0.0257,0.0,0.0,0.0,0.0350000001490116,down,2026-09-10T12:40:54,0.0,1.0
AAPL,2026-12-18,98,Put,540.0,AAPL261218P00540000,204.15,207.2,205.675,0.0,0.0,0.0,0.0,0.0,0.0,-1.0,0.0,0.0,0.0,0.0,205.715,0.0,0.0,0.0,214.550003051758,no_change,,96.0,107.0
AAPL,2026-12-18,98,Call,550.0,AAPL261218C00550000,0.0,0.06,0.03,0.01,0.0,0.0,0.0,76.0,0.3181,0.0016,0.0001,0.0097,-0.0013,0.0013,0.0212,0.0,0.0,0.0,0.0350000001490116,down,2026-09-09T11:27:18,0.0,1.0
AAPL,2026-12-18,98,Put,550.0,AAPL261218P00550000,214.05,217.7,215.875,0.0,0.0,0.0,0.0,0.0,0.5434,-1.0,0.0,0.0,0.0,0.0,215.715,0.0,0.0,0.0,224.675003051758,no_change,,97.0,96.0
AAPL,2026-12-18,98,Call,560.0,AAPL261218C00560000,0.0,0.26,0.13,0.12,0.0,0.0,0.0,113.0,0.3785,0.0013,0.0001,0.0082,-0.0011,0.0011,0.0177,0.0,0.0,0.0,0.0199999995529652,up,2026-09-04T09:43:47,0.0,343.0
AAPL,2026-12-18,98,Put,560.0,AAPL261218P00560000,224.45,227.45,225.95,0.0,0.0,0.0,0.0,0.0,0.5711,-1.0,0.0,0.0,0.0,0.0,225.715,0.0,0.0,0.0,234.599998474121,no_change,,106.0,102.0
AAPL,2026-12-18,98,Call,570.0,AAPL261218C00570000,0.0,0.2,0.1,0.07,0.0,0.0,0.0,19.0,0.3794,0.0011,0.0001,0.007,-0.001,0.0009,0.015,0.0,0.0,0.0,0.100000001490116,no_change,2026-09-04T11:23:34,0.0,328.0
AAPL,2026-12-18,98,Put,570.0,AAPL261218P00570000,234.05,237.7,235.875,0.0,0.0,0.0,0.0,0.0,0.5752,-1.0,0.0,0.0,0.0,0.0,235.715,0.0,0.0,0.0,244.575004577637,no_change,,97.0,105.0
AAPL,2026-12-18,98,Call,580.0,AAPL261218C00580000,0.0,0.52,0.26,0.02,0.0,0.0,0.0,5.0,0.4339,0.0009,0.0001,0.006,-0.0008,0.0008,0.0128,0.0,0.0,0.0,0.259999990463257,down,2026-09-04T12:28:30,0.0,388.0
AAPL,2026-12-18,98,Put,580.0,AAPL261218P00580000,244.45,247.2,245.825,0.0,0.0,0.0,0.0,0.0,0.5808,-1.0,0.0,0.0,0.0,0.0,245.715,0.0,0.0,0.0,254.549995422363,no_change,,105.0,106.0
AAPL,2026-12-18,98,Call,590.0,AAPL261218C00590000,0.0,0.52,0.26,0.02,0.0,0.0,0.0,174.0,0.4456,0.0008,0.0,0.0053,-0.0007,0.0007,0.011,0.0,0.0,0.0,0.259999990463257,down,2026-09-08T15:58:41,0.0,401.0
AAPL,2026-12-18,98,Put,590.0,AAPL261218P00590000,254.05,257.7,255.875,0.0,0.0,0.0,0.0,0.0,0.6058,-1.0,0.0,0.0,0.0,0.0,255.715,0.0,0.0,0.0,264.699996948242,no_change,,97.0,106.0
AAPL,2026-12-18,98,Call,600.0,AAPL261218C00600000,0.0,0.03,0.015,0.03,0.0,0.0,0.0,1433.0,0.3484,0.0007,0.0,0.0046,-0.0006,0.0006,0.0096,0.0,0.0,0.0,0.0199999995529652,up,2026-09-10T14:11:52,0.0,99.0
AAPL,2026-12-18,98,Put,600.0,AAPL261218P00600000,264.05,267.45,265.75,0.0,0.0,0.0,0.0,0.0,0.5857,-1.0,0.0,0.0,0.0,0.0,265.715,0.0,0.0,0.0,274.674987792969,no_change,,97.0,100.0
AAPL,2027-01-15,126,Call,5.0,AAPL270115C00005000,327.45,331.05,329.25,308.05,0.0,0.0,0.0,8.0,0.0,1.0,0.0,0.0,-0.0001,0.0036,329.3043,0.0,0.0,0.0,320.575012207031,up,2026-08-26T14:16:02,86.0,16.0
AAPL,2027-01-15,126,Put,5.0,AAPL270115P00005000,0.0,0.01,0.005,0.01,0.0,0.0,0.0,1699.0,2.1734,0.0,0.0,0.0,0.0,0.0,0.0002,0.0,0.0,0.0,0.00499999988824129,no_change,2026-09-04T09:30:00,0.0,288.0
AAPL,2027-01-15,126,Call,10.0,AAPL270115C00010000,322.45,326.1,324.275,296.34,0.0,0.0,0.0,1.0,0.0,1.0,0.0,0.0,-0.0001,0.0128,324.3266,0.0,0.0,0.0,315.649993896484,down,2026-08-14T09:56:40,113.0,16.0
AAPL,2027-01-15,126,Put,10.0,AAPL270115P00010000,0.0,0.01,0.005,0.2,0.0,0.0,0.0,143.0,1.7873,0.0,0.0,0.0,0.0,0.0,0.0004,0.0,0.0,0.0,0.00499999988824129,up,2026-08-05T09:30:02,0.0,9500.0
AAPL,2027-01-15,126,Call,15.0,AAPL270115C00015000,317.5,321.15,319.325,289.93,0.0,0.0,0.0,11.0,0.0,0.9999,0.0,0.0,-0.0001,0.0222,319.358,0.0,0.0,0.0,310.674987792969,down,2026-08-13T15:54:15,116.0,16.0
AAPL,2027-01-15,126,Put,15.0,AAPL270115P00015000,0.0,0.01,0.005,0.09,0.0,0.0,0.0,90.0,1.5698,0.0,0.0,0.0001,0.0,0.0,0.0007,0.0,0.0,0.0,0.00499999988824129,up,2026-08-05T09:38:00,0.0,9500.0
AAPL,2027-01-15,126,Call,20.0,AAPL270115C00020000,312.6,316.25,314.425,286.39,0.0,0.0,0.0,12.0,1.7211,0.9999,0.0,0.0,0.0,0.0307,314.3927,0.0,0.0,0.0,305.675003051758,up,2026-08-14T09:56:40,109.0,16.0
AAPL,2027-01-15,126,Put,20.0,AAPL270115P00020000,0.0,0.01,0.005,0.27,0.0,0.0,0.0,3434.0,1.4187,0.0,0.0,0.0001,-0.0001,0.0,0.001,0.0,0.0,0.0,0.00499999988824129,no_change,2026-08-05T09:30:48,0.0,1.0
AAPL,2027-01-15,126,Call,25.0,AAPL270115C00025000,307.65,311.3,309.475,172.1,0.0,0.0,0.0,0.0,1.6112,0.9999,0.0,0.0001,0.0,0.0388,309.4282,0.0,0.0,0.0,300.699996948242,up,2025-05-23T13:36:45,110.0,16.0
AAPL,2027-01-15,126,Put,25.0,AAPL270115P00025000,0.0,0.02,0.01,0.01,0.0,0.0,0.0,3415.0,1.3697,0.0,0.0,0.0002,-0.0001,0.0,0.0015,0.0,0.0,0.0,0.00999999977648258,no_change,2026-06-23T15:57:01,0.0,15.0
AAPL,2027-01-15,126,Call,30.0,AAPL270115C00030000,302.75,306.4,304.575,277.3,0.0,0.0,0.0,4.0,1.6018,0.9999,0.0,0.0002,-0.0001,0.0473,304.4644,0.0,0.0,0.0,295.899993896484,up,2026-08-10T11:49:09,107.0,16.0
AAPL,2027-01-15,126,Put,30.0,AAPL270115P00030000,0.0,0.33,0.165,0.03,0.0,0.0,0.0,46.0,1.6451,0.0,0.0,0.0003,-0.0001,0.0,0.002,0.0,0.0,0.0,0.0549999997019768,up,2025-11-07T11:25:28,0.0,326.0
AAPL,2027-01-15,126,Call,35.0,AAPL270115C00035000,297.85,301.45,299.65,270.14,0.0,0.0,0.0,5.0,1.5271,0.9998,0.0,0.0004,-0.0002,0.0598,299.5017,0.0,0.0,0.0,291.100006103516,up,2026-08-13T15:49:00,96.0,16.0
AAPL,2027-01-15,126,Put,35.0,AAPL270115P00035000,0.0,0.52,0.26,0.02,0.0,0.0,0.0,128.0,1.6215,0.0,0.0,0.0004,-0.0002,-0.0001,0.0026,0.0,0.0,0.0,0.259999990463257,no_change,2026-04-09T11:36:12,0.0,233.0
AAPL,2027-01-15,126,Call,40.0,AAPL270115C00040000,292.9,296.55,294.725,218.8,0.0,0.0,0.0,39.0,1.4541,0.9997,0.0,0.0007,-0.0003,0.0983,294.5477,0.0,0.0,0.0,286.050003051758,up,2026-04-09T11:52:31,115.0,16.0
AAPL,2027-01-15,126,Put,40.0,AAPL270115P00040000,0.0,0.01,0.005,0.02,0.0,0.0,0.0,1025.0,1.0641,-0.0001,0.0,0.0005,-0.0002,-0.0001,0.0033,0.0,0.0,0.0,0.00499999988824129,up,2026-08-25T14:54:50,0.0,1.0
AAPL,2027-01-15,126,Call,45.0,AAPL270115C00045000,288.0,291.65,289.825,213.4,0.0,0.0,0.0,2.0,1.4015,0.9996,0.0,0.0008,-0.0004,0.1401,289.612,0.0,0.0,0.0,281.0,up,2025-10-09T09:39:11,96.0,16.0
AAPL,2027-01-15,126,Put,45.0,AAPL270115P00045000,0.0,0.52,0.26,0.05,0.0,0.0,0.0,80.0,1.4371,-0.0001,0.0,0.0007,-0.0002,-0.0001,0.0041,0.0,0.0,0.0,0.259999990463257,down,2026-08-11T09:30:01,0.0,350.0
AAPL,2027-01-15,126,Call,50.0,AAPL270115C00050000,283.05,286.7,284.875,279.83,0.0,0.0,0.0,120.0,1.3104,0.9995,0.0,0.0009,-0.0004,0.168,284.6879,0.0,0.0,0.0,276.199996948242,up,2026-09-03T13:02:37,200.0,24.0
AAPL,2027-01-15,126,Put,50.0,AAPL270115P00050000,0.0,0.25,0.125,0.01,0.0,0.0,0.0,2799.0,1.2517,-0.0001,0.0,0.0008,-0.0003,-0.0001,0.0051,0.0,0.0,0.0,0.025000000372529,down,2026-09-10T10:09:58,0.0,458.0
AAPL,2027-01-15,126,Call,60.0,AAPL270115C00060000,273.2,276.85,275.025,239.0,0.0,0.0,0.0,131.0,1.1808,0.9994,0.0,0.0012,-0.0004,0.2068,274.8497,0.0,0.0,0.0,266.350006103516,down,2026-06-23T09:30:01,201.0,23.0
AAPL,2027-01-15,126,Put,60.0,AAPL270115P00060000,0.0,0.02,0.01,0.01,-0.04,-80.0,35.0,1224.0,0.9052,-0.0002,0.0,0.0012,-0.0004,-0.0002,0.0074,0.11,0.11,0.01,0.0500000016763806,no_change,2026-09-11T12:16:22,0.0,15.0
AAPL,2027-01-15,126,Call,70.0,AAPL270115C00070000,263.4,267.0,265.2,222.74,0.0,0.0,0.0,139.0,1.086,0.9993,0.0,0.0018,-0.0005,0.2414,265.014,0.0,0.0,0.0,256.699996948242,down,2026-06-10T09:31:15,87.0,22.0
AAPL,2027-01-15,126,Put,70.0,AAPL270115P00070000,0.0,0.18,0.09,0.03,0.0,0.0,0.0,189.0,0.9978,-0.0002,0.0,0.0018,-0.0005,-0.0003,0.0104,0.0,0.0,0.0,0.0900000035762787,down,2026-08-21T15:43:15,0.0,243.0
AAPL,2027-01-15,126,Call,80.0,AAPL270115C00080000,253.5,257.15,255.325,233.3,0.0,0.0,0.0,283.0,0.9729,0.9992,0.0,0.0025,-0.0007,0.2758,255.1792,0.0,0.0,0.0,246.799995422363,up,2026-08-24T12:18:26,197.0,16.0
AAPL,2027-01-15,126,Put,80.0,AAPL270115P00080000,0.01,0.05,0.030000000000000002,0.03,0.0,-8.69234e-07,1.0,870.0,0.8257,-0.0004,0.0,0.0025,-0.0007,-0.0004,0.0142,0.03,0.03,0.03,0.0300000002607703,up,2026-09-11T10:41:55,1.0,122.0
AAPL,2027-01-15,126,Call,85.0,AAPL270115C00085000,248.6,252.25,250.425,245.95,0.0,0.0,0.0,116.0,0.9452,0.9992,0.0,0.0029,-0.0008,0.293,250.2621,0.0,0.0,0.0,241.924995422363,up,2026-09-03T12:47:23,194.0,23.0
AAPL,2027-01-15,126,Put,85.0,AAPL270115P00085000,0.0,0.12,0.06,0.02,0.0,0.0,0.0,351.0,0.843,-0.0004,0.0,0.0029,-0.0008,-0.0005,0.0165,0.0,0.0,0.0,0.0649999976158142,down,2026-09-02T10:55:14,0.0,20.0
AAPL,2027-01-15,126,Call,90.0,AAPL270115C00090000,243.7,247.35,245.52499999999998,228.05,0.0,0.0,0.0,276.0,0.9181,0.9991,0.0,0.0034,-0.0009,0.3101,245.3454,0.0,0.0,0.0,236.849998474121,up,2026-09-08T11:42:46,96.0,23.0
AAPL,2027-01-15,126,Put,90.0,AAPL270115P00090000,0.01,0.07,0.04,0.07,-0.025,-26.3158,5.0,1755.0,0.7794,-0.0005,0.0,0.0034,-0.0009,-0.0006,0.019,0.07,0.07,0.07,0.09500000346452,up,2026-09-11T11:33:40,1.0,184.0
AAPL,2027-01-15,126,Call,95.0,AAPL270115C00095000,238.8,242.4,240.60000000000002,214.43,0.0,0.0,0.0,28.0,0.8789,0.999,0.0,0.004,-0.001,0.3272,240.4289,0.0,0.0,0.0,231.824996948242,down,2026-08-21T10:13:04,113.0,16.0
AAPL,2027-01-15,126,Put,95.0,AAPL270115P00095000,0.01,0.17,0.09000000000000001,0.09,0.0,0.0,0.0,927.0,0.8087,-0.0006,0.0,0.004,-0.001,-0.0007,0.0219,0.0,0.0,0.0,0.215000003576279,down,2026-09-04T11:59:47,1.0,479.0
AAPL,2027-01-15,126,Call,100.0,AAPL270115C00100000,233.85,237.5,235.675,225.72,0.0,0.0,0.0,598.0,0.8419,0.9989,0.0,0.0046,-0.0012,0.3443,235.5128,0.0,0.0,0.0,227.0,up,2026-09-10T14:29:38,192.0,26.0
AAPL,2027-01-15,126,Put,100.0,AAPL270115P00100000,0.01,0.05,0.030000000000000002,0.02,-0.01,-33.3333,2.0,3195.0,0.7011,-0.0007,0.0,0.0046,-0.0012,-0.0008,0.0251,0.03,0.03,0.02,0.0300000002607703,down,2026-09-11T11:40:34,10.0,17.0
AAPL,2027-01-15,126,Call,105.0,AAPL270115C00105000,228.9,232.55,230.72500000000002,210.05,0.0,0.0,0.0,89.0,0.7933,0.9988,0.0,0.0053,-0.0013,0.3614,230.5971,0.0,0.0,0.0,222.200004577637,up,2026-08-07T15:44:17,114.0,16.0
AAPL,2027-01-15,126,Put,105.0,AAPL270115P00105000,0.01,0.18,0.095,0.09,0.0,0.0,0.0,1526.0,0.7514,-0.0008,0.0,0.0053,-0.0013,-0.0009,0.0288,0.0,0.0,0.0,0.0500000016763806,up,2026-09-10T12:36:52,1.0,563.0
AAPL,2027-01-15,126,Call,110.0,AAPL270115C00110000,224.0,227.65,225.825,205.23,0.0,0.0,0.0,219.0,0.7733,0.9987,0.0,0.0061,-0.0014,0.3785,225.6818,0.0,0.0,0.0,217.099998474121,no_change,2026-09-09T12:26:45,185.0,23.0
AAPL,2027-01-15,126,Put,110.0,AAPL270115P00110000,0.02,0.14,0.08,0.04,0.0,0.0,0.0,791.0,0.7102,-0.0009,0.0,0.0061,-0.0014,-0.0011,0.0328,0.0,0.0,0.0,0.0749999973922968,down,2026-09-10T14:24:21,1.0,10.0
AAPL,2027-01-15,126,Call,115.0,AAPL270115C00115000,219.05,222.7,220.875,195.83,0.0,0.0,0.0,100.0,0.7282,0.9985,0.0,0.007,-0.0016,0.3956,220.7671,0.0,0.0,0.0,212.274993896484,up,2026-06-05T15:42:29,182.0,20.0
AAPL,2027-01-15,126,Put,115.0,AAPL270115P00115000,0.01,0.09,0.049999999999999996,0.04,-0.01,-20.0,4.0,759.0,0.6528,-0.001,0.0,0.007,-0.0016,-0.0012,0.0374,0.14,0.14,0.04,0.0500000016763806,down,2026-09-11T11:30:19,40.0,200.0
AAPL,2027-01-15,126,Call,120.0,AAPL270115C00120000,214.2,217.8,216.0,187.21,0.0,0.0,0.0,494.0,0.7226,0.9984,0.0,0.008,-0.0018,0.4126,215.8528,0.0,0.0,0.0,207.324996948242,no_change,2026-08-13T10:27:34,139.0,25.0
AAPL,2027-01-15,126,Put,120.0,AAPL270115P00120000,0.02,0.1,0.060000000000000005,0.06,0.0,0.0,0.0,3081.0,0.6392,-0.0012,0.0,0.008,-0.0018,-0.0014,0.0426,0.0,0.0,0.0,0.0600000005215406,up,2026-09-09T10:29:44,1.0,10.0
AAPL,2027-01-15,126,Call,125.0,AAPL270115C00125000,209.95,212.9,211.425,195.65,0.0,0.0,0.0,334.0,0.7955,0.9982,0.0,0.0091,-0.002,0.4296,210.9393,0.0,0.0,0.0,202.349998474121,down,2026-09-10T10:01:07,291.0,27.0
AAPL,2027-01-15,126,Put,125.0,AAPL270115P00125000,0.03,0.13,0.08,0.13,0.05,62.5,1.0,858.0,0.6329,-0.0014,0.0,0.0091,-0.002,-0.0017,0.0483,0.13,0.13,0.13,0.0799999972805381,no_change,2026-09-11T12:34:32,1.0,328.0
AAPL,2027-01-15,126,Call,130.0,AAPL270115C00130000,205.05,207.95,206.5,197.42,0.0,0.0,0.0,479.0,0.7651,0.998,0.0,0.0104,-0.0022,0.4466,206.0265,0.0,0.0,0.0,197.549995422363,up,2026-09-10T15:33:38,285.0,27.0
AAPL,2027-01-15,126,Put,130.0,AAPL270115P00130000,0.03,0.18,0.105,0.05,0.0,0.0,0.0,4928.0,0.6267,-0.0016,0.0,0.0104,-0.0022,-0.0019,0.0549,0.0,0.0,0.0,0.0749999983236194,down,2026-09-10T13:55:15,1.0,486.0
AAPL,2027-01-15,126,Call,135.0,AAPL270115C00135000,199.5,203.05,201.275,184.42,0.0,0.0,0.0,1576.0,0.6575,0.9977,0.0,0.0118,-0.0025,0.4636,201.1145,0.0,0.0,0.0,192.775001525879,up,2026-08-20T10:58:22,419.0,35.0
AAPL,2027-01-15,126,Put,135.0,AAPL270115P00135000,0.01,0.12,0.065,0.06,-0.01,-14.2857,3.0,1580.0,0.5744,-0.0018,0.0,0.0119,-0.0025,-0.0022,0.0622,0.1,0.1,0.04,0.0699999975040555,up,2026-09-11T12:34:51,110.0,449.0
AAPL,2027-01-15,126,Call,140.0,AAPL270115C00140000,195.3,198.15,196.72500000000002,179.61,0.0,0.0,0.0,1592.0,0.722,0.9975,0.0001,0.0134,-0.0027,0.4804,196.2035,0.0,0.0,0.0,187.825004577637,up,2026-08-20T13:11:47,405.0,30.0
AAPL,2027-01-15,126,Put,140.0,AAPL270115P00140000,0.04,0.12,0.08,0.06,0.0,2.23517e-06,1.0,2117.0,0.5645,-0.0021,0.0001,0.0135,-0.0028,-0.0025,0.0706,0.06,0.06,0.06,0.0599999986588955,down,2026-09-11T09:50:28,1.0,295.0
AAPL,2027-01-15,126,Call,145.0,AAPL270115C00145000,190.4,193.1,191.75,191.3,8.65,4.73583,89.0,6415.0,0.6856,0.9971,0.0001,0.0153,-0.003,0.4973,191.2937,190.65,191.3,190.65,182.650001525879,up,2026-09-11T10:38:08,412.0,32.0
AAPL,2027-01-15,126,Put,145.0,AAPL270115P00145000,0.05,0.12,0.08499999999999999,0.09,0.0,2.23517e-06,1.0,8849.0,0.5467,-0.0024,0.0001,0.0153,-0.0031,-0.0029,0.0802,0.09,0.09,0.09,0.0899999979883432,no_change,2026-09-11T09:50:32,2.0,258.0
AAPL,2027-01-15,126,Call,150.0,AAPL270115C00150000,185.5,187.95,186.725,174.0,0.0,0.0,0.0,1700.0,0.64,0.9968,0.0001,0.0173,-0.0034,0.5141,186.3852,0.0,0.0,0.0,177.974998474121,up,2026-08-28T11:24:00,369.0,10.0
AAPL,2027-01-15,126,Put,150.0,AAPL270115P00150000,0.01,0.13,0.07,0.08,0.0,0.0,0.0,5254.0,0.5158,-0.0028,0.0001,0.0174,-0.0034,-0.0033,0.0911,0.0,0.0,0.0,0.0849999999627471,down,2026-09-10T11:33:46,10.0,73.0
AAPL,2027-01-15,126,Call,155.0,AAPL270115C00155000,179.9,183.4,181.65,168.29,0.0,0.0,0.0,82.0,0.5803,0.9964,0.0001,0.0197,-0.0037,0.5308,181.4782,0.0,0.0,0.0,172.974998474121,up,2026-09-04T12:33:07,121.0,17.0
AAPL,2027-01-15,126,Put,155.0,AAPL270115P00155000,0.01,0.14,0.07500000000000001,0.14,0.0,0.0,0.0,1240.0,0.4999,-0.0032,0.0001,0.0198,-0.0038,-0.0038,0.1035,0.0,0.0,0.0,0.0950000006705522,up,2026-09-10T13:23:29,219.0,70.0
AAPL,2027-01-15,126,Call,160.0,AAPL270115C00160000,175.8,178.3,177.05,171.3,0.0,0.0,0.0,650.0,0.6219,0.9959,0.0001,0.0224,-0.0041,0.5474,176.5731,0.0,0.0,0.0,168.125,up,2026-09-03T13:07:31,284.0,21.0
AAPL,2027-01-15,126,Put,160.0,AAPL270115P00160000,0.06,0.16,0.11,0.08,-0.025,-23.8095,8.0,5171.0,0.5007,-0.0037,0.0001,0.0225,-0.0041,-0.0044,0.117,0.09,0.09,0.08,0.10499999858439,down,2026-09-11T09:41:16,355.0,549.0
AAPL,2027-01-15,126,Call,165.0,AAPL270115C00165000,170.75,173.6,172.175,155.9,0.0,0.0,0.0,460.0,0.6054,0.9953,0.0001,0.0254,-0.0046,0.5639,171.6701,0.0,0.0,0.0,163.175003051758,up,2026-08-20T09:30:00,254.0,32.0
AAPL,2027-01-15,126,Put,165.0,AAPL270115P00165000,0.05,0.15,0.1,0.1,-0.01,-9.09091,90.0,3799.0,0.4766,-0.0043,0.0001,0.0254,-0.0046,-0.0051,0.1336,0.1,0.12,0.1,0.110000001266599,no_change,2026-09-11T11:18:37,516.0,254.0
AAPL,2027-01-15,126,Call,170.0,AAPL270115C00170000,165.85,168.7,167.27499999999998,148.44,0.0,0.0,0.0,983.0,0.5854,0.9946,0.0001,0.0288,-0.0051,0.5804,166.7697,0.0,0.0,0.0,158.325004577637,down,2026-09-08T12:12:50,307.0,35.0
AAPL,2027-01-15,126,Put,170.0,AAPL270115P00170000,0.07,0.17,0.12000000000000001,0.12,-0.015,-11.1111,98.0,7670.0,0.4674,-0.0049,0.0001,0.0289,-0.0051,-0.0058,0.1527,0.11,0.15,0.11,0.135000001639128,down,2026-09-11T11:32:10,473.0,315.0
AAPL,2027-01-15,126,Call,175.0,AAPL270115C00175000,160.95,163.7,162.325,144.0,0.0,0.0,0.0,1149.0,0.559,0.9939,0.0002,0.0328,-0.0057,0.5967,161.8721,0.0,0.0,0.0,153.449996948242,down,2026-09-08T10:32:02,303.0,25.0
AAPL,2027-01-15,126,Put,175.0,AAPL270115P00175000,0.09,0.23,0.16,0.18,0.0,0.0,0.0,3675.0,0.4644,-0.0057,0.0002,0.0329,-0.0057,-0.0067,0.1747,0.0,0.0,0.0,0.16499999910593,up,2026-09-03T13:21:09,310.0,517.0
AAPL,2027-01-15,126,Call,180.0,AAPL270115C00180000,156.05,158.8,157.425,158.03,9.48,6.38169,1.0,1050.0,0.5402,0.993,0.0002,0.0373,-0.0063,0.6128,156.9778,158.03,158.03,158.03,148.550003051758,up,2026-09-11T11:33:11,364.0,246.0
AAPL,2027-01-15,126,Put,180.0,AAPL270115P00180000,0.15,0.25,0.2,0.19,0.0,0.0,0.0,9106.0,0.4584,-0.0066,0.0002,0.0376,-0.0063,-0.0078,0.2002,0.0,0.0,0.0,0.200000002980232,no_change,2026-09-10T15:56:01,1.0,428.0
AAPL,2027-01-15,126,Call,185.0,AAPL270115C00185000,151.2,153.6,152.39999999999998,152.54,8.79,6.11478,6.0,826.0,0.5051,0.992,0.0002,0.0423,-0.007,0.6288,152.0876,152.54,152.54,152.54,143.75,up,2026-09-11T12:23:31,279.0,26.0
AAPL,2027-01-15,126,Put,185.0,AAPL270115P00185000,0.14,0.29,0.215,0.25,0.0,0.0,0.0,5493.0,0.4442,-0.0076,0.0002,0.0425,-0.007,-0.009,0.2298,0.0,0.0,0.0,0.235000006854534,no_change,2026-09-10T15:56:01,320.0,537.0
AAPL,2027-01-15,126,Call,190.0,AAPL270115C00190000,146.25,149.1,147.675,129.0,0.0,0.0,0.0,800.0,0.5093,0.9908,0.0003,0.048,-0.0078,0.6446,147.202,0.0,0.0,0.0,138.75,down,2026-09-08T12:20:18,304.0,32.0
AAPL,2027-01-15,126,Put,190.0,AAPL270115P00190000,0.19,0.33,0.26,0.25,-0.015,-5.66038,134.0,7365.0,0.4369,-0.0088,0.0003,0.0483,-0.0078,-0.0104,0.2639,0.27,0.27,0.21,0.265000008046627,no_change,2026-09-11T11:17:56,270.0,514.0
AAPL,2027-01-15,126,Call,195.0,AAPL270115C00195000,141.4,144.15,142.775,121.33,0.0,0.0,0.0,639.0,0.4911,0.9894,0.0003,0.0545,-0.0086,0.6601,142.3216,0.0,0.0,0.0,133.974998474121,no_change,2026-09-09T11:02:12,267.0,27.0
AAPL,2027-01-15,126,Put,195.0,AAPL270115P00195000,0.23,0.35,0.29,0.28,-0.02,-6.66667,147.0,5819.0,0.4253,-0.0102,0.0003,0.0552,-0.0087,-0.012,0.3034,0.29,0.32,0.25,0.299999997019768,down,2026-09-11T11:49:12,356.0,438.0
AAPL,2027-01-15,126,Call,200.0,AAPL270115C00200000,136.7,139.05,137.875,139.5,10.525,8.1605,20.0,12549.0,0.4733,0.9878,0.0004,0.062,-0.0096,0.6753,137.4474,133.5,139.5,133.5,128.974998474121,up,2026-09-11T11:12:56,323.0,236.0
AAPL,2027-01-15,126,Put,200.0,AAPL270115P00200000,0.27,0.36,0.315,0.33,-0.04,-10.8108,7.0,21495.0,0.412,-0.0119,0.0004,0.0626,-0.0097,-0.014,0.3502,0.34,0.34,0.33,0.370000004768372,down,2026-09-11T10:05:53,621.0,322.0
AAPL,2027-01-15,126,Call,205.0,AAPL270115C00205000,131.7,134.4,133.05,115.27,0.0,0.0,0.0,118.0,0.4629,0.986,0.0004,0.0703,-0.0107,0.6902,132.5806,0.0,0.0,0.0,124.174999237061,up,2026-09-08T11:42:25,235.0,19.0
AAPL,2027-01-15,126,Put,205.0,AAPL270115P00205000,0.3,0.49,0.395,0.43,0.0,0.0,0.0,195.0,0.4077,-0.0137,0.0004,0.0708,-0.0108,-0.0161,0.4033,0.0,0.0,0.0,0.420000001788139,down,2026-09-10T11:38:56,380.0,551.0
AAPL,2027-01-15,126,Call,210.0,AAPL270115C00210000,126.9,129.55,128.22500000000002,126.4,7.425,6.24081,2.0,2342.0,0.4517,0.9839,0.0005,0.0796,-0.0119,0.7048,127.722,121.5,126.4,121.5,118.974998474121,up,2026-09-11T10:23:12,327.0,104.0
AAPL,2027-01-15,126,Put,210.0,AAPL270115P00210000,0.43,0.48,0.45499999999999996,0.48,-0.035,-6.79611,21.0,15904.0,0.3985,-0.0159,0.0005,0.0806,-0.012,-0.0186,0.4651,0.49,0.57,0.44,0.514999985694885,no_change,2026-09-11T12:16:31,295.0,580.0
AAPL,2027-01-15,126,Call,215.0,AAPL270115C00215000,121.95,124.7,123.325,114.3,0.0,0.0,0.0,228.0,0.434,0.9814,0.0006,0.0903,-0.0132,0.719,122.8733,0.0,0.0,0.0,114.474998474121,up,2026-09-01T14:00:24,232.0,20.0
AAPL,2027-01-15,126,Put,215.0,AAPL270115P00215000,0.42,0.63,0.525,0.52,-0.1,-16.129,1.0,568.0,0.39,-0.0184,0.0006,0.091,-0.0133,-0.0215,0.5347,0.52,0.52,0.52,0.619999974966049,down,2026-09-11T09:41:17,439.0,599.0
AAPL,2027-01-15,126,Call,220.0,AAPL270115C00220000,117.15,119.65,118.4,117.0,7.4,6.75182,2.0,7123.0,0.4147,0.9785,0.0007,0.1022,-0.0146,0.7326,118.0362,116.0,117.0,116.0,109.600002288818,up,2026-09-11T10:22:46,598.0,443.0
AAPL,2027-01-15,126,Put,220.0,AAPL270115P00220000,0.53,0.64,0.585,0.65,-0.06,-8.45071,22.0,17423.0,0.3791,-0.0213,0.0007,0.1029,-0.0148,-0.0248,0.6179,0.64,0.65,0.6,0.71000000834465,up,2026-09-11T12:16:00,550.0,149.0
AAPL,2027-01-15,126,Call,225.0,AAPL270115C00225000,112.5,115.05,113.775,96.13,0.0,0.0,0.0,480.0,0.4167,0.9752,0.0008,0.1155,-0.0162,0.7457,113.2127,0.0,0.0,0.0,104.650001525879,no_change,2026-09-08T09:53:09,369.0,280.0
AAPL,2027-01-15,126,Put,225.0,AAPL270115P00225000,0.68,0.74,0.71,0.72,-0.115,-13.7725,59.0,1883.0,0.3739,-0.0246,0.0008,0.1166,-0.0164,-0.0287,0.7143,0.78,0.78,0.7,0.83500000834465,down,2026-09-11T12:20:22,524.0,499.0
AAPL,2027-01-15,126,Call,230.0,AAPL270115C00230000,107.6,109.2,108.4,108.65,8.575,8.56857,234.0,10774.0,0.3658,0.9713,0.0009,0.1306,-0.018,0.758,108.405,101.17,110.0,101.17,100.075000762939,down,2026-09-11T11:47:29,689.0,236.0
AAPL,2027-01-15,126,Put,230.0,AAPL270115P00230000,0.8,0.84,0.8200000000000001,0.83,-0.16,-16.1616,24.0,25737.0,0.3657,-0.0286,0.0009,0.1317,-0.0182,-0.0333,0.8276,0.84,0.89,0.81,0.989999979734421,up,2026-09-11T12:30:31,385.0,44.0
AAPL,2027-01-15,126,Call,235.0,AAPL270115C00235000,102.75,104.75,103.75,99.5,0.0,0.0,0.0,375.0,0.3675,0.9668,0.001,0.1474,-0.02,0.7696,103.6165,0.0,0.0,0.0,95.0750007629394,up,2026-09-03T10:26:51,426.0,61.0
AAPL,2027-01-15,126,Put,235.0,AAPL270115P00235000,0.84,1.01,0.925,0.96,-0.19,-16.5217,5.0,1906.0,0.356,-0.0331,0.001,0.1485,-0.0202,-0.0384,0.96,1.11,1.11,0.96,1.15000003576279,down,2026-09-11T11:00:58,620.0,295.0
AAPL,2027-01-15,126,Call,240.0,AAPL270115C00240000,97.9,100.1,99.0,99.07,8.495,9.37897,215.0,9254.0,0.36,0.9616,0.0012,0.1661,-0.0221,0.7803,98.8503,98.0,99.07,97.11,90.5750007629394,up,2026-09-11T12:23:31,586.0,335.0
AAPL,2027-01-15,126,Put,240.0,AAPL270115P00240000,1.08,1.14,1.1099999999999999,1.14,-0.23,-16.7883,24.0,59720.0,0.3505,-0.0385,0.0012,0.1683,-0.0224,-0.0446,1.1166,1.27,1.27,1.11,1.37000000476837,up,2026-09-11T12:08:50,521.0,128.0
AAPL,2027-01-15,126,Call,245.0,AAPL270115C00245000,93.5,94.95,94.225,92.35,6.925,8.10653,7.0,3318.0,0.35,0.9556,0.0014,0.1873,-0.0245,0.7898,94.1105,92.75,92.75,92.35,85.4249992370606,down,2026-09-11T10:06:14,450.0,92.0
AAPL,2027-01-15,126,Put,245.0,AAPL270115P00245000,1.26,1.38,1.3199999999999998,1.6,0.0,0.0,0.0,4705.0,0.3448,-0.0446,0.0014,0.1891,-0.0248,-0.0516,1.2996,0.0,0.0,0.0,1.625,no_change,2026-09-10T15:48:43,321.0,326.0
AAPL,2027-01-15,126,Call,250.0,AAPL270115C00250000,88.75,89.95,89.35,89.5,8.375,10.3236,63.0,21527.0,0.3342,0.9486,0.0016,0.2104,-0.027,0.7982,89.4025,86.4,90.9,86.4,81.125,down,2026-09-11T12:31:21,552.0,102.0
AAPL,2027-01-15,126,Put,250.0,AAPL270115P00250000,1.51,1.54,1.525,1.52,-0.375,-19.7889,91.0,24941.0,0.3373,-0.0518,0.0016,0.2124,-0.0275,-0.0596,1.5143,1.75,1.75,1.5,1.89500004053116,no_change,2026-09-11T12:24:11,1.0,201.0
AAPL,2027-01-15,126,Call,255.0,AAPL270115C00255000,83.85,86.0,84.925,85.0,8.725,11.4389,6.0,4424.0,0.3385,0.9405,0.0018,0.2361,-0.0298,0.8052,84.7313,84.2,85.5,84.2,76.2750015258789,down,2026-09-11T12:09:57,694.0,369.0
AAPL,2027-01-15,126,Put,255.0,AAPL270115P00255000,1.72,1.83,1.775,1.73,-0.505,-22.5951,12.0,5310.0,0.3306,-0.06,0.0018,0.2393,-0.0304,-0.0695,1.7662,1.81,1.81,1.73,2.23500001430511,down,2026-09-11T11:14:22,530.0,336.0
AAPL,2027-01-15,126,Call,260.0,AAPL270115C00260000,79.85,80.45,80.15,79.88,7.455,10.2934,12.0,9974.0,0.3257,0.9311,0.0021,0.2644,-0.0329,0.8104,80.104,77.95,81.35,77.95,72.4249992370606,down,2026-09-11T12:40:10,266.0,24.0
AAPL,2027-01-15,126,Put,260.0,AAPL270115P00260000,2.03,2.1,2.065,2.09,-0.525,-20.0765,79.0,13005.0,0.324,-0.0696,0.0021,0.2671,-0.0335,-0.0796,2.0649,2.23,2.23,2.04,2.61500000953674,up,2026-09-11T12:18:01,367.0,288.0
AAPL,2027-01-15,126,Call,265.0,AAPL270115C00265000,75.2,76.45,75.825,75.3,7.375,10.8576,10.0,2410.0,0.328,0.9203,0.0024,0.2949,-0.0361,0.8141,75.5278,75.3,75.3,75.3,67.9249992370606,no_change,2026-09-11T12:08:07,199.0,372.0
AAPL,2027-01-15,126,Put,265.0,AAPL270115P00265000,2.36,2.46,2.41,2.44,-0.635,-20.6504,13.0,3847.0,0.3179,-0.0806,0.0024,0.2989,-0.0368,-0.092,2.4132,2.5,2.5,2.4,3.07500004768372,up,2026-09-11T12:20:08,524.0,285.0
AAPL,2027-01-15,126,Call,270.0,AAPL270115C00270000,70.35,71.8,71.07499999999999,70.76,7.36,11.6088,16.0,11698.0,0.3142,0.908,0.0027,0.3285,-0.0396,0.8154,71.0111,70.0,73.0,69.39,63.3999977111816,no_change,2026-09-11T12:04:01,510.0,367.0
AAPL,2027-01-15,126,Put,270.0,AAPL270115P00270000,2.77,2.87,2.8200000000000003,2.88,-0.72,-20.0,82.0,17444.0,0.3122,-0.0932,0.0027,0.3322,-0.0404,-0.1059,2.8237,3.4,3.4,2.8,3.60000002384186,up,2026-09-11T12:30:20,492.0,280.0
AAPL,2027-01-15,126,Call,275.0,AAPL270115C00275000,65.7,67.65,66.67500000000001,67.82,9.02,15.3401,17.0,1074.0,0.31,0.8939,0.003,0.3639,-0.0433,0.8146,66.5636,63.6,67.82,63.6,58.8000011444092,no_change,2026-09-11T11:22:35,511.0,307.0
AAPL,2027-01-15,126,Put,275.0,AAPL270115P00275000,3.25,3.35,3.3,3.32,-0.93,-21.8824,105.0,6707.0,0.307,-0.1074,0.0031,0.3676,-0.0442,-0.1216,3.2982,3.47,3.65,3.26,4.25,no_change,2026-09-11T12:40:38,362.0,377.0
AAPL,2027-01-15,126,Call,280.0,AAPL270115C00280000,61.75,62.9,62.325,62.4,7.55,13.7648,75.0,31644.0,0.3051,0.878,0.0034,0.4019,-0.0471,0.8112,62.1947,56.0,63.46,56.0,54.8500003814697,down,2026-09-11T12:09:25,438.0,329.0
AAPL,2027-01-15,126,Put,280.0,AAPL270115P00280000,3.75,3.95,3.85,3.9,-1.05,-21.2121,118.0,21278.0,0.3016,-0.1238,0.0035,0.4062,-0.0482,-0.1396,3.86,4.52,4.55,3.8,4.95000004768372,no_change,2026-09-11T12:01:52,666.0,301.0
AAPL,2027-01-15,126,Call,285.0,AAPL270115C00285000,57.3,58.9,58.099999999999994,57.44,6.49,12.738,29.0,3172.0,0.3012,0.86,0.0038,0.4413,-0.0511,0.8051,57.9163,57.25,57.48,57.15,50.9500007629394,down,2026-09-11T10:24:45,495.0,351.0
AAPL,2027-01-15,126,Put,285.0,AAPL270115P00285000,4.4,4.65,4.525,4.59,-1.21,-20.8621,206.0,4040.0,0.2974,-0.1422,0.0039,0.4456,-0.0523,-0.1593,4.5131,5.41,5.41,4.45,5.79999995231628,up,2026-09-11T12:08:35,480.0,398.0
AAPL,2027-01-15,126,Call,290.0,AAPL270115C00290000,53.45,54.15,53.8,53.9,7.3,15.6652,87.0,10813.0,0.2938,0.8398,0.0042,0.4821,-0.0551,0.7963,53.7389,48.2,54.25,47.8,46.5999984741211,no_change,2026-09-11T12:37:42,336.0,60.0
AAPL,2027-01-15,126,Put,290.0,AAPL270115P00290000,5.25,5.35,5.3,5.21,-1.565,-23.0996,80.0,10341.0,0.2932,-0.1629,0.0043,0.4874,-0.0566,-0.1816,5.2713,5.75,5.75,5.18,6.77499985694885,down,2026-09-11T12:36:01,1.0,416.0
AAPL,2027-01-15,126,Call,295.0,AAPL270115C00295000,49.25,50.0,49.625,49.75,6.85,15.9674,64.0,8071.0,0.2873,0.8174,0.0046,0.5235,-0.0592,0.7842,49.6758,48.0,51.29,47.92,42.8999996185303,up,2026-09-11T12:25:34,384.0,30.0
AAPL,2027-01-15,126,Put,295.0,AAPL270115P00295000,6.1,6.25,6.175,6.25,-1.6,-20.3822,49.0,11125.0,0.2889,-0.186,0.0048,0.5284,-0.0608,-0.2053,6.146,7.2,7.2,6.04,7.84999990463257,up,2026-09-11T12:07:53,323.0,560.0
AAPL,2027-01-15,126,Call,300.0,AAPL270115C00300000,45.4,46.0,45.7,45.58,6.48,16.5729,504.0,65700.0,0.2836,0.7928,0.0051,0.5647,-0.0631,0.7692,45.7379,40.8,47.5,40.8,39.1000003814697,no_change,2026-09-11T12:02:23,462.0,46.0
AAPL,2027-01-15,126,Put,300.0,AAPL270115P00300000,7.1,7.25,7.175,7.17,-1.93,-21.2088,1496.0,13387.0,0.2848,-0.2114,0.0052,0.5707,-0.065,-0.232,7.1511,8.49,8.5,6.95,9.09999990463257,up,2026-09-11T12:37:18,255.0,290.0
AAPL,2027-01-15,126,Call,305.0,AAPL270115C00305000,41.75,42.35,42.05,41.85,6.15,17.2269,68.0,5167.0,0.2824,0.7658,0.0055,0.605,-0.0669,0.7508,41.9391,37.0,43.39,37.0,35.6999988555908,down,2026-09-11T12:26:58,233.0,245.0
AAPL,2027-01-15,126,Put,305.0,AAPL270115P00305000,8.25,8.4,8.325,8.3,-2.275,-21.513,148.0,8735.0,0.2807,-0.2397,0.0057,0.6107,-0.0691,-0.2596,8.3158,9.4,9.4,8.25,10.5749998092651,down,2026-09-11T12:28:16,142.0,281.0
AAPL,2027-01-15,126,Call,310.0,AAPL270115C00310000,37.95,38.6,38.275000000000006,38.42,6.195,19.2242,396.0,28174.0,0.2769,0.7367,0.006,0.6432,-0.0704,0.7295,38.2902,34.69,39.8,34.5,32.2249994277954,down,2026-09-11T12:34:49,372.0,58.0
AAPL,2027-01-15,126,Put,310.0,AAPL270115P00310000,9.6,9.7,9.649999999999999,9.65,-2.525,-20.7392,629.0,24473.0,0.2776,-0.2699,0.0062,0.6496,-0.0729,-0.2894,9.6179,11.43,11.43,9.4,12.1750001907349,down,2026-09-11T12:40:33,1.0,210.0
AAPL,2027-01-15,126,Call,315.0,AAPL270115C00315000,34.5,35.1,34.8,34.9,5.9,20.3448,85.0,14045.0,0.2738,0.7055,0.0064,0.6787,-0.0735,0.7048,34.8044,30.94,36.16,30.94,29.0,down,2026-09-11T12:21:37,364.0,57.0
AAPL,2027-01-15,126,Put,315.0,AAPL270115P00315000,11.0,11.2,11.1,11.25,-2.7,-19.3548,662.0,13958.0,0.2743,-0.302,0.0066,0.6835,-0.0764,-0.3196,11.076,12.9,12.9,10.8,13.9500002861023,up,2026-09-11T12:38:07,485.0,366.0
AAPL,2027-01-15,126,Call,320.0,AAPL270115C00320000,31.15,31.75,31.45,31.47,5.57,21.5058,394.0,36962.0,0.2703,0.6723,0.0068,0.7103,-0.0762,0.6776,31.491,26.78,33.0,26.5,25.8999996185303,up,2026-09-11T12:36:16,554.0,49.0
AAPL,2027-01-15,126,Put,320.0,AAPL270115P00320000,12.65,12.9,12.775,12.73,-3.22,-20.1881,202.0,10722.0,0.2715,-0.3366,0.007,0.715,-0.0794,-0.3513,12.7303,15.0,15.0,12.46,15.9499998092651,no_change,2026-09-11T11:53:37,263.0,599.0
AAPL,2027-01-15,126,Call,325.0,AAPL270115C00325000,28.15,28.6,28.375,28.37,5.195,22.4164,212.0,8679.0,0.2683,0.6374,0.0071,0.7371,-0.0784,0.6474,28.3614,23.7,29.55,23.7,23.1750001907349,up,2026-09-11T12:36:16,420.0,74.0
AAPL,2027-01-15,126,Put,325.0,AAPL270115P00325000,14.5,14.75,14.625,14.57,-3.605,-19.8349,164.0,5597.0,0.2685,-0.3736,0.0074,0.7404,-0.082,-0.3827,14.5958,16.95,16.98,14.15,18.1750001907349,down,2026-09-11T12:13:30,210.0,491.0
AAPL,2027-01-15,126,Call,330.0,AAPL270115C00330000,25.35,25.65,25.5,25.45,4.85,23.5437,765.0,21653.0,0.2663,0.6014,0.0074,0.7583,-0.08,0.6155,25.4468,20.95,26.7,20.95,20.6000003814697,down,2026-09-11T12:33:19,234.0,74.0
AAPL,2027-01-15,126,Put,330.0,AAPL270115P00330000,16.55,16.8,16.675,16.8,-3.775,-18.3475,132.0,1864.0,0.2659,-0.4118,0.0077,0.7596,-0.084,-0.4133,16.6485,19.0,19.0,16.4,20.5749998092651,up,2026-09-11T12:38:07,182.0,587.0
AAPL,2027-01-15,126,Call,335.0,AAPL270115C00335000,22.5,22.85,22.675,22.7,4.55,25.0689,391.0,6897.0,0.2632,0.5638,0.0076,0.7734,-0.0809,0.5808,22.6767,17.9,24.0,17.9,18.1500005722046,down,2026-09-11T12:23:38,461.0,69.0
AAPL,2027-01-15,126,Put,335.0,AAPL270115P00335000,18.75,19.1,18.925,18.88,-4.345,-18.7083,172.0,1486.0,0.2635,-0.4513,0.008,0.7717,-0.0854,-0.4441,18.9043,21.89,21.89,18.55,23.2250003814697,up,2026-09-11T12:22:23,200.0,489.0
AAPL,2027-01-15,126,Call,340.0,AAPL270115C00340000,19.95,20.3,20.125,20.2,4.2,26.25,583.0,9885.0,0.261,0.5259,0.0077,0.7817,-0.0811,0.545,20.1365,17.0,21.4,17.0,16.0,up,2026-09-11T12:31:08,449.0,86.0
AAPL,2027-01-15,126,Put,340.0,AAPL270115P00340000,21.25,21.6,21.425,21.27,-4.88,-18.6616,206.0,2643.0,0.2618,-0.4917,0.0082,0.7762,-0.0861,-0.471,21.3772,22.65,22.75,21.0,26.1500005722046,down,2026-09-11T12:14:41,167.0,555.0
AAPL,2027-01-15,126,Call,345.0,AAPL270115C00345000,17.7,17.95,17.825,17.83,3.755,26.6785,146.0,6491.0,0.2596,0.4878,0.0078,0.7832,-0.0807,0.5085,17.8039,14.67,18.8,14.3,14.0749998092651,down,2026-09-11T12:40:58,315.0,105.0
AAPL,2027-01-15,126,Put,345.0,AAPL270115P00345000,23.85,24.35,24.1,24.3,-5.025,-17.1355,48.0,551.0,0.2601,-0.5322,0.0083,0.7733,-0.0862,-0.4954,24.0387,24.3,24.3,24.3,29.3249998092651,down,2026-09-11T12:08:29,144.0,420.0
AAPL,2027-01-15,126,Call,350.0,AAPL270115C00350000,15.5,15.75,15.625,15.65,3.4,27.7551,1611.0,45034.0,0.2572,0.4498,0.0078,0.7775,-0.0795,0.471,15.6645,13.0,16.8,12.8,12.25,down,2026-09-11T12:40:24,456.0,1.0
AAPL,2027-01-15,126,Put,350.0,AAPL270115P00350000,26.55,27.3,26.925,26.5,-6.1,-18.7117,7.0,666.0,0.2574,-0.5731,0.0084,0.7609,-0.0857,-0.5139,26.9428,28.05,28.05,26.5,32.6000003814697,down,2026-09-11T11:08:46,609.0,214.0
AAPL,2027-01-15,126,Call,355.0,AAPL270115C00355000,13.6,13.85,13.725,13.9,3.25,30.5164,165.0,13256.0,0.2562,0.4125,0.0077,0.7654,-0.0778,0.4342,13.7272,12.0,14.65,12.0,10.6500000953674,up,2026-09-11T12:36:11,465.0,203.0
AAPL,2027-01-15,126,Put,355.0,AAPL270115P00355000,29.45,30.4,29.924999999999997,30.1,-6.25,-17.1939,40.0,124.0,0.2542,-0.6141,0.0084,0.7411,-0.0846,-0.5286,30.0783,30.0,30.1,30.0,36.3500003814697,no_change,2026-09-11T10:43:54,580.0,213.0
AAPL,2027-01-15,126,Call,360.0,AAPL270115C00360000,11.8,12.1,11.95,12.25,3.0,32.4324,298.0,14751.0,0.2547,0.3762,0.0075,0.7467,-0.0754,0.3973,11.9803,9.97,12.96,9.57,9.25,up,2026-09-11T12:15:58,651.0,283.0
AAPL,2027-01-15,126,Put,360.0,AAPL270115P00360000,33.1,33.95,33.525000000000006,33.55,-6.425,-16.0725,43.0,191.0,0.2568,-0.654,0.0083,0.7127,-0.0829,-0.5354,33.4056,34.95,34.95,32.83,39.9750003814697,no_change,2026-09-11T12:24:41,213.0,530.0
AAPL,2027-01-15,126,Call,365.0,AAPL270115C00365000,10.3,10.5,10.4,10.57,2.545,31.7134,75.0,4950.0,0.2539,0.3412,0.0073,0.7228,-0.0726,0.3621,10.4159,10.0,10.98,9.7,8.02499985694885,down,2026-09-11T12:14:48,435.0,129.0
AAPL,2027-01-15,126,Put,365.0,AAPL270115P00365000,35.9,37.75,36.825,38.2,-5.375,-12.3351,9.0,82.0,0.2525,-0.6928,0.0082,0.6777,-0.0808,-0.5368,36.9289,40.1,40.1,38.2,43.5749988555908,down,2026-09-11T10:21:14,302.0,446.0
AAPL,2027-01-15,126,Call,370.0,AAPL270115C00370000,8.85,9.1,8.975,9.2,2.3,33.3333,223.0,9717.0,0.2526,0.308,0.007,0.6936,-0.0693,0.3275,9.023,8.0,9.68,8.0,6.90000009536743,no_change,2026-09-11T12:15:18,714.0,137.0
AAPL,2027-01-15,126,Put,370.0,AAPL270115P00370000,39.6,41.6,40.6,40.75,-6.825,-14.3458,4.0,99.0,0.2525,-0.7304,0.008,0.6353,-0.0784,-0.5293,40.6465,40.9,40.9,40.75,47.5749988555908,down,2026-09-11T12:23:59,362.0,469.0
AAPL,2027-01-15,126,Call,375.0,AAPL270115C00375000,7.65,7.9,7.775,7.77,1.82,30.5882,211.0,3224.0,0.2524,0.2766,0.0067,0.661,-0.0657,0.2953,7.7899,6.5,8.5,6.5,5.95000004768372,down,2026-09-11T12:33:21,593.0,296.0
AAPL,2027-01-15,126,Put,375.0,AAPL270115P00375000,43.5,45.0,44.25,44.1,-7.725,-14.9059,1.0,24.0,0.2475,-0.7664,0.0077,0.587,-0.0756,-0.5114,44.542,44.1,44.1,44.1,51.8250007629394,down,2026-09-11T11:36:04,140.0,117.0
AAPL,2027-01-15,126,Call,380.0,AAPL270115C00380000,6.55,6.8,6.675,6.8,1.7,33.3333,3337.0,8082.0,0.2517,0.2472,0.0063,0.6248,-0.0618,0.2643,6.7039,5.35,7.35,5.35,5.09999990463257,up,2026-09-11T12:36:55,635.0,408.0
AAPL,2027-01-15,126,Put,380.0,AAPL270115P00380000,47.35,49.3,48.325,50.01,-5.965,-10.6565,3.0,21.0,0.2466,-0.8007,0.0075,0.5338,-0.0725,-0.4862,48.6072,50.01,50.01,50.01,55.9750003814697,down,2026-09-11T10:17:21,201.0,366.0
AAPL,2027-01-15,126,Call,385.0,AAPL270115C00385000,5.6,5.85,5.725,5.75,1.4,32.1839,121.0,1887.0,0.2513,0.22,0.006,0.587,-0.0578,0.236,5.7524,4.7,6.15,4.7,4.34999990463257,no_change,2026-09-11T12:28:00,605.0,359.0
AAPL,2027-01-15,126,Put,385.0,AAPL270115P00385000,51.55,54.25,52.9,66.05,0.0,0.0,0.0,5.0,0.2534,-0.8334,0.0072,0.4756,-0.0695,-0.4526,52.8288,0.0,0.0,0.0,60.7250003814697,no_change,2026-09-10T10:07:39,150.0,503.0
AAPL,2027-01-15,126,Call,390.0,AAPL270115C00390000,4.8,5.05,4.925,5.05,1.3,34.6667,222.0,5741.0,0.2515,0.1952,0.0056,0.5479,-0.0537,0.2096,4.9312,4.01,5.4,4.01,3.75,up,2026-09-11T12:16:23,414.0,647.0
AAPL,2027-01-15,126,Put,390.0,AAPL270115P00390000,56.3,58.3,57.3,70.75,0.0,0.0,0.0,28.0,0.2542,-0.864,0.0069,0.4139,-0.0665,-0.3993,57.1946,0.0,0.0,0.0,65.0750007629394,no_change,2026-09-10T10:07:47,158.0,355.0
AAPL,2027-01-15,126,Call,395.0,AAPL270115C00395000,4.1,4.3,4.199999999999999,4.2,1.025,32.2835,84.0,1510.0,0.2514,0.1721,0.0051,0.5078,-0.0496,0.1853,4.2013,3.6,4.6,3.55,3.17499995231628,down,2026-09-11T11:56:09,490.0,548.0
AAPL,2027-01-15,126,Put,395.0,AAPL270115P00395000,60.75,62.3,61.525,91.63,0.0,0.0,0.0,0.0,0.2461,-0.8932,0.0066,0.3477,-0.0638,-0.3531,61.6958,0.0,0.0,0.0,70.0,down,2026-07-31T10:46:17,123.0,280.0
AAPL,2027-01-15,126,Call,400.0,AAPL270115C00400000,3.5,3.65,3.575,3.57,0.87,32.2222,1196.0,9082.0,0.2512,0.1516,0.0047,0.4685,-0.0456,0.1632,3.5845,2.8,3.95,2.8,2.70000004768372,up,2026-09-11T12:40:58,363.0,408.0
AAPL,2027-01-15,126,Put,400.0,AAPL270115P00400000,65.55,67.3,66.425,65.95,-8.8,-11.7726,3.0,6.0,0.2555,-0.9196,0.0062,0.2786,-0.0614,-0.2776,66.3172,71.2,71.2,65.95,74.75,down,2026-09-11T10:56:26,121.0,257.0
AAPL,2027-01-15,126,Call,410.0,AAPL270115C00410000,2.57,2.67,2.62,2.57,0.595,30.1266,854.0,2951.0,0.2528,0.1159,0.0039,0.3916,-0.0378,0.1251,2.5788,2.01,2.85,2.01,1.97499996423721,down,2026-09-11T12:40:51,59.0,558.0
AAPL,2027-01-15,126,Put,410.0,AAPL270115P00410000,74.6,76.8,75.69999999999999,94.0,0.0,0.0,0.0,1.0,0.0,-0.9629,0.0044,0.1444,-0.0503,-0.1444,75.8822,0.0,0.0,0.0,84.5500030517578,down,2026-09-08T15:32:36,74.0,152.0
AAPL,2027-01-15,126,Call,420.0,AAPL270115C00420000,1.81,1.93,1.87,1.98,0.555,38.9474,159.0,3116.0,0.253,0.0878,0.0032,0.3217,-0.0308,0.0949,1.8474,1.5,2.06,1.5,1.42500001192093,down,2026-09-11T11:35:23,240.0,566.0
AAPL,2027-01-15,126,Put,420.0,AAPL270115P00420000,84.5,86.75,85.625,81.55,0.0,0.0,0.0,0.0,0.0,-0.9883,0.002,0.0423,-0.0117,-0.0328,85.7387,0.0,0.0,0.0,94.625,no_change,2026-07-28T13:36:16,13.0,112.0
AAPL,2027-01-15,126,Call,430.0,AAPL270115C00430000,1.3,1.38,1.3399999999999999,1.32,0.285,27.5362,240.0,4594.0,0.254,0.0659,0.0026,0.2602,-0.0248,0.0714,1.3183,1.1,1.5,1.1,1.03500002622604,no_change,2026-09-11T12:28:24,245.0,429.0
AAPL,2027-01-15,126,Put,430.0,AAPL270115P00430000,94.5,96.8,95.65,124.69,0.0,0.0,0.0,0.0,0.0,-0.998,0.0004,0.0022,0.0,0.0,95.715,0.0,0.0,0.0,104.700000762939,no_change,2026-08-03T14:57:33,11.0,110.0
AAPL,2027-01-15,126,Call,440.0,AAPL270115C00440000,0.9,1.0,0.95,0.94,0.2,27.027,373.0,4446.0,0.2547,0.0493,0.002,0.2084,-0.0197,0.0534,0.9428,0.96,1.04,0.9,0.740000009536743,down,2026-09-11T12:24:12,313.0,319.0
AAPL,2027-01-15,126,Put,440.0,AAPL270115P00440000,104.05,107.7,105.875,162.08,0.0,0.0,0.0,0.0,0.3153,-1.0,0.0,0.0,0.0,0.0,105.715,0.0,0.0,0.0,114.675003051758,down,2025-11-26T09:30:02,16.0,121.0
AAPL,2027-01-15,126,Call,450.0,AAPL270115C00450000,0.64,0.7,0.6699999999999999,0.68,0.135,24.7706,786.0,16632.0,0.2556,0.0367,0.0016,0.1651,-0.0156,0.0397,0.673,0.58,0.75,0.58,0.544999986886978,up,2026-09-11T12:16:21,293.0,300.0
AAPL,2027-01-15,126,Put,450.0,AAPL270115P00450000,114.05,117.0,115.525,245.9,0.0,0.0,0.0,0.0,0.0,-1.0,0.0,0.0,0.0,0.0,115.715,0.0,0.0,0.0,124.675003051758,up,2025-06-09T12:26:33,16.0,118.0
AAPL,2027-01-15,126,Call,460.0,AAPL270115C00460000,0.45,0.53,0.49,0.4,0.0,0.0,0.0,386.0,0.2582,0.0273,0.0012,0.1303,-0.0122,0.0295,0.4826,0.0,0.0,0.0,0.359999999403954,up,2026-09-10T15:59:44,158.0,190.0
AAPL,2027-01-15,126,Put,460.0,AAPL270115P00460000,124.05,127.7,125.875,0.0,0.0,0.0,0.0,0.0,0.3544,-1.0,0.0,0.0,0.0,0.0,125.715,0.0,0.0,0.0,134.724998474121,no_change,,16.0,121.0
AAPL,2027-01-15,126,Call,470.0,AAPL270115C00470000,0.32,0.35,0.33499999999999996,0.22,0.0,0.0,0.0,432.0,0.2584,0.0203,0.001,0.1021,-0.0095,0.0219,0.3466,0.0,0.0,0.0,0.265000008046627,up,2026-09-04T14:55:47,124.0,3.0
AAPL,2027-01-15,126,Put,470.0,AAPL270115P00470000,134.05,137.2,135.625,0.0,0.0,0.0,0.0,0.0,0.0,-1.0,0.0,0.0,0.0,0.0,135.715,0.0,0.0,0.0,144.550003051758,no_change,,16.0,118.0
AAPL,2027-01-15,126,Call,480.0,AAPL270115C00480000,0.18,0.3,0.24,0.31,0.095,44.186,1.0,8867.0,0.2604,0.0153,0.0007,0.0805,-0.0075,0.0165,0.2539,0.31,0.31,0.31,0.215000003576279,up,2026-09-11T11:25:38,737.0,330.0
AAPL,2027-01-15,126,Put,480.0,AAPL270115P00480000,144.05,147.2,145.625,0.0,0.0,0.0,0.0,0.0,0.0,-1.0,0.0,0.0,0.0,0.0,145.715,0.0,0.0,0.0,154.550003051758,no_change,,16.0,119.0
AAPL,2027-01-15,126,Call,490.0,AAPL270115C00490000,0.15,0.24,0.195,0.17,0.02,13.3333,3.0,993.0,0.2662,0.0116,0.0006,0.0641,-0.006,0.0125,0.1891,0.17,0.17,0.17,0.149999998509884,no_change,2026-09-11T09:34:30,351.0,424.0
AAPL,2027-01-15,126,Put,490.0,AAPL270115P00490000,154.05,157.2,155.625,0.0,0.0,0.0,0.0,0.0,0.0,-1.0,0.0,0.0,0.0,0.0,155.715,0.0,0.0,0.0,164.675003051758,no_change,,16.0,118.0
AAPL,2027-01-15,126,Call,500.0,AAPL270115C00500000,0.13,0.17,0.15000000000000002,0.19,0.07,58.3333,109.0,12627.0,0.27,0.009,0.0004,0.0512,-0.0048,0.0096,0.1426,0.15,0.19,0.13,0.120000001043081,up,2026-09-11T11:26:38,1.0,229.0
AAPL,2027-01-15,126,Put,500.0,AAPL270115P00500000,164.05,167.2,165.625,0.0,0.0,0.0,0.0,0.0,0.0,-1.0,0.0,0.0,0.0,0.0,165.715,0.0,0.0,0.0,174.650001525879,no_change,,16.0,118.0
AAPL,2027-01-15,126,Call,510.0,AAPL270115C00510000,0.09,0.14,0.115,0.11,0.0,5.4186e-07,6.0,195.0,0.2738,0.0069,0.0004,0.0409,-0.0038,0.0074,0.1079,0.12,0.12,0.11,0.109999999403954,down,2026-09-11T11:52:12,1.0,325.0
AAPL,2027-01-15,126,Put,510.0,AAPL270115P00510000,174.05,177.2,175.625,0.0,0.0,0.0,0.0,0.0,0.0,-1.0,0.0,0.0,0.0,0.0,175.715,0.0,0.0,0.0,184.675003051758,no_change,,17.0,118.0
AAPL,2027-01-15,126,Call,520.0,AAPL270115C00520000,0.08,0.12,0.1,0.12,0.0,0.0,0.0,4639.0,0.2808,0.0055,0.0003,0.0333,-0.0032,0.0058,0.0844,0.0,0.0,0.0,0.0549999997019768,up,2026-09-04T13:10:10,1.0,339.0
AAPL,2027-01-15,126,Put,520.0,AAPL270115P00520000,184.05,187.7,185.875,0.0,0.0,0.0,0.0,0.0,0.4587,-1.0,0.0,0.0,0.0,0.0,185.715,0.0,0.0,0.0,194.675003051758,no_change,,16.0,122.0
AAPL,2027-01-15,126,Call,530.0,AAPL270115C00530000,0.03,0.1,0.065,0.07,0.005,7.69231,7.0,5195.0,0.2791,0.0044,0.0002,0.0276,-0.0026,0.0047,0.0673,0.09,0.09,0.07,0.0650000004097819,down,2026-09-11T11:34:36,796.0,476.0
AAPL,2027-01-15,126,Put,530.0,AAPL270115P00530000,194.05,197.2,195.625,260.32,0.0,0.0,0.0,0.0,0.0,-1.0,0.0,0.0,0.0,0.0,195.715,0.0,0.0,0.0,204.650001525879,up,2025-11-19T09:49:13,16.0,118.0
AAPL,2027-01-15,126,Call,540.0,AAPL270115C00540000,0.0,0.18,0.09,0.08,0.0,0.0,0.0,732.0,0.299,0.0036,0.0002,0.023,-0.0022,0.0038,0.0548,0.0,0.0,0.0,0.0799999982118606,down,2026-09-04T11:25:28,0.0,674.0
AAPL,2027-01-15,126,Put,540.0,AAPL270115P00540000,204.05,207.7,205.875,0.0,0.0,0.0,0.0,0.0,0.4901,-1.0,0.0,0.0,0.0,0.0,205.715,0.0,0.0,0.0,214.675003051758,no_change,,16.0,122.0
AAPL,2027-01-15,126,Call,550.0,AAPL270115C00550000,0.04,0.06,0.05,0.05,0.0,2.23517e-06,8.0,10623.0,0.292,0.003,0.0002,0.0195,-0.0019,0.0032,0.0453,0.06,0.06,0.04,0.0499999988824129,up,2026-09-11T11:59:01,1.0,1502.0
AAPL,2027-01-15,126,Put,550.0,AAPL270115P00550000,214.05,217.7,215.875,274.35,0.0,0.0,0.0,0.0,0.5053,-1.0,0.0,0.0,0.0,0.0,215.715,0.0,0.0,0.0,224.675003051758,down,2025-12-24T12:56:42,16.0,121.0
AAPL,2027-01-15,126,Call,560.0,AAPL270115C00560000,0.0,0.35,0.175,0.11,0.0,0.0,0.0,38.0,0.3431,0.0025,0.0001,0.0167,-0.0016,0.0027,0.0381,0.0,0.0,0.0,0.0700000002980232,no_change,2026-09-10T15:14:25,0.0,357.0
AAPL,2027-01-15,126,Put,560.0,AAPL270115P00560000,224.05,227.7,225.875,0.0,0.0,0.0,0.0,0.0,0.5202,-1.0,0.0,0.0,0.0,0.0,225.715,0.0,0.0,0.0,234.599998474121,no_change,,16.0,121.0
AAPL,2027-01-15,126,Call,570.0,AAPL270115C00570000,0.0,0.1,0.05,0.09,0.0,0.0,0.0,63.0,0.311,0.0021,0.0001,0.0145,-0.0014,0.0023,0.0325,0.0,0.0,0.0,0.0900000035762787,no_change,2026-09-10T15:18:22,0.0,12.0
AAPL,2027-01-15,126,Put,570.0,AAPL270115P00570000,234.05,237.6,235.825,0.0,0.0,0.0,0.0,0.0,0.5271,-1.0,0.0,0.0,0.0,0.0,235.715,0.0,0.0,0.0,244.675003051758,no_change,,16.0,116.0
AAPL,2027-01-15,126,Call,580.0,AAPL270115C00580000,0.0,0.19,0.095,0.1,0.0,0.0,0.0,127.0,0.3405,0.0019,0.0001,0.0129,-0.0013,0.002,0.0287,0.0,0.0,0.0,0.0949999988079071,no_change,2026-09-04T09:46:54,0.0,10.0
AAPL,2027-01-15,126,Put,580.0,AAPL270115P00580000,244.05,247.55,245.8,0.0,0.0,0.0,0.0,0.0,0.5347,-1.0,0.0,0.0,0.0,0.0,245.715,0.0,0.0,0.0,254.549995422363,no_change,,16.0,115.0
AAPL,2027-01-15,126,Call,590.0,AAPL270115C00590000,0.0,0.18,0.09,0.11,0.0,0.0,0.0,120.0,0.3481,0.0016,0.0001,0.0114,-0.0012,0.0017,0.025,0.0,0.0,0.0,0.0900000035762787,no_change,2026-09-04T13:08:25,0.0,5.0
AAPL,2027-01-15,126,Put,590.0,AAPL270115P00590000,254.05,257.5,255.775,0.0,0.0,0.0,0.0,0.0,0.5414,-1.0,0.0,0.0,0.0,0.0,255.715,0.0,0.0,0.0,264.599990844727,no_change,,16.0,118.0
AAPL,2027-01-15,126,Call,600.0,AAPL270115C00600000,0.02,0.03,0.025,0.03,0.005,20.0,7.0,13489.0,0.3182,0.0014,0.0001,0.0101,-0.0011,0.0015,0.0221,0.03,0.03,0.03,0.0249999994412065,up,2026-09-11T09:30:01,2.0,17.0
AAPL,2027-01-15,126,Put,600.0,AAPL270115P00600000,264.1,267.2,265.65,274.25,0.0,0.0,0.0,0.0,0.0,-1.0,0.0,0.0,0.0,0.0,265.715,0.0,0.0,0.0,274.524993896484,down,2026-07-20T11:34:53,6.0,118.0
AAPL,2027-02-19,161,Call,5.0,AAPL270219C00005000,327.45,331.1,329.275,299.6,0.0,0.0,0.0,0.0,0.0,1.0,0.0,0.0,0.0,0.0078,329.3657,0.0,0.0,0.0,320.625,no_change,2026-06-08T14:33:34,96.0,16.0
AAPL,2027-02-19,161,Put,5.0,AAPL270219P00005000,0.0,0.01,0.005,0.01,0.0,0.0,0.0,4.0,1.9251,0.0,0.0,0.0,0.0,0.0,0.0003,0.0,0.0,0.0,0.00499999988824129,no_change,2026-06-18T13:32:14,0.0,9500.0
AAPL,2027-02-19,161,Call,10.0,AAPL270219C00010000,322.5,326.15,324.325,0.0,0.0,0.0,0.0,0.0,0.0,1.0,0.0,0.0,0.0,0.0155,324.4014,0.0,0.0,0.0,315.649993896484,no_change,,113.0,16.0
AAPL,2027-02-19,161,Put,10.0,AAPL270219P00010000,0.0,0.01,0.005,0.0,0.0,0.0,0.0,0.0,1.5834,0.0,0.0,0.0001,0.0,0.0,0.0007,0.0,0.0,0.0,0.00499999988824129,no_change,,0.0,9500.0
AAPL,2027-02-19,161,Call,15.0,AAPL270219C00015000,317.6,321.25,319.425,0.0,0.0,0.0,0.0,0.0,0.0,1.0,0.0,0.0,0.0,0.0233,319.4371,0.0,0.0,0.0,310.675003051758,no_change,,113.0,16.0
AAPL,2027-02-19,161,Put,15.0,AAPL270219P00015000,0.0,0.01,0.005,0.01,0.0,0.0,0.0,9500.0,1.3909,0.0,0.0,0.0002,-0.0001,0.0,0.0012,0.0,0.0,0.0,0.00499999988824129,down,2026-09-09T12:22:07,0.0,9500.0
AAPL,2027-02-19,161,Call,20.0,AAPL270219C00020000,312.7,316.3,314.5,319.94,0.0,0.0,0.0,2.0,1.503,1.0,0.0,0.0001,0.0,0.0313,314.473,0.0,0.0,0.0,305.699996948242,up,2026-07-28T15:40:21,106.0,16.0
AAPL,2027-02-19,161,Put,20.0,AAPL270219P00020000,0.0,0.27,0.135,0.0,0.0,0.0,0.0,0.0,1.6789,0.0,0.0,0.0003,-0.0001,0.0,0.0018,0.0,0.0,0.0,0.230000004172325,no_change,,0.0,299.0
AAPL,2027-02-19,161,Call,25.0,AAPL270219C00025000,307.8,311.4,309.6,0.0,0.0,0.0,0.0,0.0,1.4684,1.0,0.0,0.0003,0.0,0.0997,309.5235,0.0,0.0,0.0,300.824996948242,no_change,,112.0,16.0
AAPL,2027-02-19,161,Put,25.0,AAPL270219P00025000,0.0,0.27,0.135,0.0,0.0,0.0,0.0,0.0,1.5382,0.0,0.0,0.0004,-0.0001,-0.0001,0.0025,0.0,0.0,0.0,0.224999994039536,no_change,,0.0,299.0
AAPL,2027-02-19,161,Call,30.0,AAPL270219C00030000,302.9,306.5,304.7,0.0,0.0,0.0,0.0,0.0,1.3713,1.0,0.0,0.0005,0.0,0.1196,304.6175,0.0,0.0,0.0,295.949996948242,no_change,,113.0,16.0
AAPL,2027-02-19,161,Put,30.0,AAPL270219P00030000,0.0,0.27,0.135,0.0,0.0,0.0,0.0,0.0,1.4255,-0.0001,0.0,0.0005,-0.0001,-0.0001,0.0033,0.0,0.0,0.0,0.230000004172325,no_change,,0.0,298.0
AAPL,2027-02-19,161,Call,35.0,AAPL270219C00035000,297.95,301.6,299.775,0.0,0.0,0.0,0.0,0.0,1.2497,1.0,0.0,0.0006,0.0,0.1395,299.7116,0.0,0.0,0.0,291.25,no_change,,110.0,16.0
AAPL,2027-02-19,161,Put,35.0,AAPL270219P00035000,0.0,0.27,0.135,0.0,0.0,0.0,0.0,0.0,1.3317,-0.0001,0.0,0.0007,-0.0002,-0.0001,0.0043,0.0,0.0,0.0,0.230000004172325,no_change,,0.0,298.0
AAPL,2027-02-19,161,Call,40.0,AAPL270219C00040000,293.05,296.7,294.875,0.0,0.0,0.0,0.0,0.0,1.1852,1.0,0.0,0.0008,0.0,0.1594,294.8059,0.0,0.0,0.0,286.349990844727,no_change,,109.0,16.0
AAPL,2027-02-19,161,Put,40.0,AAPL270219P00040000,0.0,0.27,0.135,0.0,0.0,0.0,0.0,0.0,1.2513,-0.0001,0.0,0.0009,-0.0002,-0.0002,0.0054,0.0,0.0,0.0,0.230000004172325,no_change,,0.0,299.0
AAPL,2027-02-19,161,Call,45.0,AAPL270219C00045000,288.15,291.8,289.975,0.0,0.0,0.0,0.0,0.0,1.128,1.0,0.0,0.001,0.0,0.1792,289.9004,0.0,0.0,0.0,281.274993896484,no_change,,112.0,16.0
AAPL,2027-02-19,161,Put,45.0,AAPL270219P00045000,0.0,0.27,0.135,0.0,0.0,0.0,0.0,0.0,1.1812,-0.0001,0.0,0.0011,-0.0003,-0.0002,0.0067,0.0,0.0,0.0,0.224999994039536,no_change,,0.0,364.0
AAPL,2027-02-19,161,Call,50.0,AAPL270219C00050000,283.25,286.85,285.05,0.0,0.0,0.0,0.0,0.0,1.0415,1.0,0.0,0.0012,0.0,0.199,284.9951,0.0,0.0,0.0,276.25,no_change,,106.0,16.0
AAPL,2027-02-19,161,Put,50.0,AAPL270219P00050000,0.0,0.25,0.125,0.01,0.0,0.0,0.0,248.0,1.1097,-0.0002,0.0,0.0014,-0.0003,-0.0003,0.0082,0.0,0.0,0.0,0.115000002086163,down,2026-09-03T14:41:32,0.0,449.0
AAPL,2027-02-19,161,Call,55.0,AAPL270219C00055000,278.35,281.95,280.15,270.36,0.0,0.0,0.0,15.0,0.9992,0.9999,0.0,0.0016,0.0,0.2189,280.0899,0.0,0.0,0.0,271.350006103516,up,2026-09-01T11:32:28,107.0,16.0
AAPL,2027-02-19,161,Put,55.0,AAPL270219P00055000,0.0,0.27,0.135,0.0,0.0,0.0,0.0,0.0,1.0631,-0.0002,0.0,0.0017,-0.0004,-0.0003,0.0099,0.0,0.0,0.0,0.224999994039536,no_change,,0.0,295.0
AAPL,2027-02-19,161,Call,60.0,AAPL270219C00060000,273.45,277.05,275.25,0.0,0.0,0.0,0.0,0.0,0.9598,0.9999,0.0,0.0019,0.0,0.2387,275.1851,0.0,0.0,0.0,266.699996948242,no_change,,113.0,16.0
AAPL,2027-02-19,161,Put,60.0,AAPL270219P00060000,0.01,0.12,0.065,0.04,-0.02,-33.3333,5.0,713.0,0.9396,-0.0002,0.0,0.0021,-0.0005,-0.0004,0.0119,0.03,0.08,0.02,0.0599999995902181,up,2026-09-11T11:31:53,1.0,323.0
AAPL,2027-02-19,161,Call,65.0,AAPL270219C00065000,268.55,272.15,270.35,244.67,0.0,0.0,0.0,20.0,0.9231,0.9998,0.0,0.0023,0.0,0.2585,270.2805,0.0,0.0,0.0,261.775009155273,up,2026-06-05T15:46:18,113.0,16.0
AAPL,2027-02-19,161,Put,65.0,AAPL270219P00065000,0.0,0.27,0.135,0.03,0.0,0.0,0.0,5.0,0.966,-0.0003,0.0,0.0025,-0.0006,-0.0005,0.0141,0.0,0.0,0.0,0.140000000596046,down,2026-07-08T09:30:05,0.0,484.0
AAPL,2027-02-19,161,Call,70.0,AAPL270219C00070000,263.6,267.25,265.425,239.85,0.0,0.0,0.0,36.0,0.8609,0.9998,0.0,0.0027,0.0,0.2783,265.3761,0.0,0.0,0.0,256.649993896484,up,2026-06-05T15:45:59,118.0,16.0
AAPL,2027-02-19,161,Put,70.0,AAPL270219P00070000,0.0,0.28,0.14,0.0,0.0,0.0,0.0,0.0,0.927,-0.0004,0.0,0.0029,-0.0006,-0.0006,0.0166,0.0,0.0,0.0,0.129999995231628,no_change,,0.0,396.0
AAPL,2027-02-19,161,Call,75.0,AAPL270219C00075000,258.7,262.35,260.525,234.84,0.0,0.0,0.0,36.0,0.8315,0.9997,0.0,0.0033,0.0,0.2982,260.4721,0.0,0.0,0.0,251.799995422363,up,2026-06-05T15:44:16,111.0,16.0
AAPL,2027-02-19,161,Put,75.0,AAPL270219P00075000,0.0,0.27,0.135,0.0,0.0,0.0,0.0,0.0,0.8837,-0.0004,0.0,0.0035,-0.0007,-0.0007,0.0194,0.0,0.0,0.0,0.129999995231628,no_change,,0.0,397.0
AAPL,2027-02-19,161,Call,80.0,AAPL270219C00080000,253.8,257.4,255.6,235.37,0.0,0.0,0.0,62.0,0.7741,0.9996,0.0,0.0039,0.0,0.318,255.5685,0.0,0.0,0.0,247.049995422363,up,2026-08-31T13:32:44,96.0,16.0
AAPL,2027-02-19,161,Put,80.0,AAPL270219P00080000,0.01,0.31,0.16,0.02,0.0,0.0,0.0,43.0,0.8627,-0.0005,0.0,0.0041,-0.0008,-0.0008,0.0226,0.0,0.0,0.0,0.13499999511987,down,2026-09-10T14:14:27,2.0,639.0
AAPL,2027-02-19,161,Call,85.0,AAPL270219C00085000,248.9,252.5,250.7,225.21,0.0,0.0,0.0,69.0,0.7508,0.9995,0.0,0.0045,0.0,0.3377,250.6653,0.0,0.0,0.0,242.150001525879,up,2026-06-05T15:45:00,87.0,16.0
AAPL,2027-02-19,161,Put,85.0,AAPL270219P00085000,0.0,0.28,0.14,0.1,0.0,0.0,0.0,21.0,0.8154,-0.0006,0.0,0.0048,-0.0009,-0.001,0.0262,0.0,0.0,0.0,0.140000000596046,down,2026-07-09T15:58:13,0.0,466.0
AAPL,2027-02-19,161,Call,90.0,AAPL270219C00090000,244.0,247.6,245.8,233.92,0.0,0.0,0.0,36.0,0.7278,0.9994,0.0,0.0054,0.0,0.3575,245.7624,0.0,0.0,0.0,237.0,up,2026-08-28T11:31:39,111.0,16.0
AAPL,2027-02-19,161,Put,90.0,AAPL270219P00090000,0.0,0.28,0.14,0.08,0.0,0.0,0.0,6.0,0.7827,-0.0007,0.0,0.0055,-0.0011,-0.0011,0.0303,0.0,0.0,0.0,0.144999995827675,down,2026-08-28T11:18:09,0.0,461.0
AAPL,2027-02-19,161,Call,95.0,AAPL270219C00095000,239.1,242.7,240.89999999999998,215.55,0.0,0.0,0.0,36.0,0.7054,0.9993,0.0,0.0062,0.0,0.3773,240.8602,0.0,0.0,0.0,232.150001525879,up,2026-06-05T15:16:00,108.0,16.0
AAPL,2027-02-19,161,Put,95.0,AAPL270219P00095000,0.0,0.33,0.165,0.05,0.0,0.0,0.0,4.0,0.7658,-0.0008,0.0,0.0064,-0.0012,-0.0013,0.0348,0.0,0.0,0.0,0.159999996423721,down,2026-09-08T09:57:17,0.0,624.0
AAPL,2027-02-19,161,Call,100.0,AAPL270219C00100000,234.2,237.8,236.0,214.06,0.0,0.0,0.0,35.0,0.6838,0.9992,0.0,0.0071,0.0,0.397,235.9586,0.0,0.0,0.0,227.200004577637,no_change,2026-06-08T09:43:33,107.0,16.0
AAPL,2027-02-19,161,Put,100.0,AAPL270219P00100000,0.0,0.12,0.06,0.03,-0.015,-33.3333,10.0,4.0,0.6626,-0.001,0.0,0.0075,-0.0014,-0.0015,0.04,0.07,0.07,0.03,0.0449999989941716,no_change,2026-09-11T11:33:03,0.0,359.0
AAPL,2027-02-19,161,Call,105.0,AAPL270219C00105000,229.3,232.8,231.05,209.44,0.0,0.0,0.0,56.0,0.6106,0.999,0.0,0.0082,0.0,0.4166,231.0576,0.0,0.0,0.0,222.324996948242,up,2026-06-08T09:43:16,112.0,10.0
AAPL,2027-02-19,161,Put,105.0,AAPL270219P00105000,0.01,0.12,0.065,0.04,-0.02,-33.3333,4.0,9.0,0.6421,-0.0011,0.0,0.0086,-0.0015,-0.0018,0.0458,0.07,0.12,0.03,0.0599999995902181,down,2026-09-11T12:18:42,116.0,340.0
AAPL,2027-02-19,161,Call,110.0,AAPL270219C00110000,224.4,227.95,226.175,204.53,0.0,0.0,0.0,56.0,0.6225,0.9988,0.0,0.0096,0.0,0.4365,226.1573,0.0,0.0,0.0,217.625,no_change,2026-06-08T09:42:50,121.0,10.0
AAPL,2027-02-19,161,Put,110.0,AAPL270219P00110000,0.01,0.18,0.095,0.04,-0.055,-57.8947,2.0,12.0,0.6415,-0.0013,0.0,0.0098,-0.0017,-0.002,0.0524,0.09,0.09,0.04,0.09500000346452,down,2026-09-11T11:31:34,168.0,513.0
AAPL,2027-02-19,161,Call,115.0,AAPL270219C00115000,219.45,223.05,221.25,178.38,0.0,0.0,0.0,54.0,0.5812,0.9986,0.0,0.011,0.0,0.4561,221.258,0.0,0.0,0.0,212.599998474121,down,2026-06-10T10:17:21,96.0,8.0
AAPL,2027-02-19,161,Put,115.0,AAPL270219P00115000,0.01,0.16,0.085,0.04,-0.015,-27.2727,6.0,30.0,0.6103,-0.0015,0.0,0.0112,-0.0019,-0.0024,0.0598,0.09,0.09,0.04,0.0550000015646219,down,2026-09-11T11:37:20,158.0,379.0
AAPL,2027-02-19,161,Call,120.0,AAPL270219C00120000,214.6,218.15,216.375,185.94,0.0,0.0,0.0,40.0,0.5867,0.9984,0.0,0.0125,0.0,0.4757,216.3597,0.0,0.0,0.0,207.599998474121,down,2026-08-17T13:09:52,87.0,16.0
AAPL,2027-02-19,161,Put,120.0,AAPL270219P00120000,0.01,0.11,0.06,0.08,0.0,0.0,0.0,26.0,0.5675,-0.0018,0.0,0.0129,-0.0021,-0.0027,0.0682,0.0,0.0,0.0,0.0649999985471368,up,2026-09-08T09:59:00,44.0,130.0
AAPL,2027-02-19,161,Call,125.0,AAPL270219C00125000,209.7,213.25,211.475,204.36,0.0,0.0,0.0,82.0,0.5692,0.9981,0.0,0.0145,0.0,0.4956,211.4624,0.0,0.0,0.0,202.699996948242,up,2026-09-01T11:56:07,97.0,16.0
AAPL,2027-02-19,161,Put,125.0,AAPL270219P00125000,0.01,0.12,0.065,0.08,0.0,0.0,0.0,27.0,0.5505,-0.002,0.0,0.0147,-0.0024,-0.0032,0.0778,0.0,0.0,0.0,0.0699999984353781,down,2026-09-03T10:26:00,14.0,70.0
AAPL,2027-02-19,161,Call,130.0,AAPL270219C00130000,204.8,208.35,206.575,199.32,0.0,0.0,0.0,89.0,0.552,0.9978,0.0001,0.0165,0.0,0.515,206.5667,0.0,0.0,0.0,197.75,up,2026-09-01T12:28:54,106.0,17.0
AAPL,2027-02-19,161,Put,130.0,AAPL270219P00130000,0.01,0.13,0.07,0.08,0.0,0.0,0.0,23.0,0.5339,-0.0024,0.0001,0.0167,-0.0026,-0.0036,0.0888,0.0,0.0,0.0,0.0749999973922968,down,2026-09-03T10:25:52,14.0,72.0
AAPL,2027-02-19,161,Call,135.0,AAPL270219C00135000,199.95,203.45,201.7,176.61,0.0,0.0,0.0,50.0,0.5481,0.9974,0.0001,0.0187,0.0,0.5344,201.6725,0.0,0.0,0.0,192.849998474121,down,2026-06-05T15:21:12,120.0,17.0
AAPL,2027-02-19,161,Put,135.0,AAPL270219P00135000,0.01,0.15,0.08,0.12,0.0,0.0,0.0,30.0,0.5209,-0.0027,0.0001,0.019,-0.0029,-0.0042,0.1012,0.0,0.0,0.0,0.0850000027567148,no_change,2026-09-08T09:59:06,72.0,74.0
AAPL,2027-02-19,161,Call,140.0,AAPL270219C00140000,195.4,198.55,196.97500000000002,187.73,0.0,0.0,0.0,68.0,0.5867,0.997,0.0001,0.0215,0.0,0.5544,196.78,0.0,0.0,0.0,188.125,down,2026-09-02T09:51:34,112.0,10.0
AAPL,2027-02-19,161,Put,140.0,AAPL270219P00140000,0.02,0.16,0.09,0.13,0.0,0.0,0.0,193.0,0.5076,-0.0031,0.0001,0.0217,-0.0032,-0.0048,0.1154,0.0,0.0,0.0,0.0999999977648258,no_change,2026-09-10T14:56:34,180.0,347.0
AAPL,2027-02-19,161,Call,145.0,AAPL270219C00145000,190.5,193.7,192.1,173.08,0.0,0.0,0.0,71.0,0.5723,0.9965,0.0001,0.0244,0.0,0.5736,191.8898,0.0,0.0,0.0,183.400001525879,up,2026-08-31T11:52:49,112.0,17.0
AAPL,2027-02-19,161,Put,145.0,AAPL270219P00145000,0.04,0.18,0.11,0.26,0.0,0.0,0.0,47.0,0.4992,-0.0036,0.0001,0.0248,-0.0036,-0.0056,0.1317,0.0,0.0,0.0,0.110000003129244,no_change,2026-08-03T15:13:37,70.0,76.0
AAPL,2027-02-19,161,Call,150.0,AAPL270219C00150000,185.15,188.8,186.97500000000002,177.79,0.0,0.0,0.0,71.0,0.4866,0.996,0.0001,0.0279,0.0,0.628,187.0021,0.0,0.0,0.0,178.224998474121,up,2026-09-01T11:27:13,112.0,8.0
AAPL,2027-02-19,161,Put,150.0,AAPL270219P00150000,0.06,0.2,0.13,0.16,0.0,0.0,0.0,34.0,0.4895,-0.0042,0.0001,0.0281,-0.004,-0.0064,0.1506,0.0,0.0,0.0,0.135000001639128,down,2026-09-01T10:25:43,206.0,241.0
AAPL,2027-02-19,161,Call,155.0,AAPL270219C00155000,180.65,183.95,182.3,173.14,0.0,0.0,0.0,49.0,0.532,0.9953,0.0001,0.0317,0.0,0.6672,182.1237,0.0,0.0,0.0,173.524993896484,up,2026-09-01T11:31:03,111.0,8.0
AAPL,2027-02-19,161,Put,155.0,AAPL270219P00155000,0.1,0.22,0.16,0.2,0.0,0.0,0.0,46.0,0.4824,-0.0048,0.0001,0.0319,-0.0045,-0.0074,0.1722,0.0,0.0,0.0,0.165000002831221,down,2026-08-12T09:58:46,79.0,207.0
AAPL,2027-02-19,161,Call,160.0,AAPL270219C00160000,175.7,179.05,177.375,169.25,0.0,0.0,0.0,57.0,0.5067,0.9946,0.0001,0.036,0.0,0.6878,177.2504,0.0,0.0,0.0,168.675003051758,up,2026-09-01T12:14:24,112.0,8.0
AAPL,2027-02-19,161,Put,160.0,AAPL270219P00160000,0.11,0.25,0.18,0.18,0.0,0.0,0.0,39.0,0.4708,-0.0056,0.0001,0.0363,-0.005,-0.0085,0.197,0.0,0.0,0.0,0.190000005066395,down,2026-09-10T11:00:58,375.0,327.0
AAPL,2027-02-19,161,Call,165.0,AAPL270219C00165000,170.65,174.2,172.425,153.48,0.0,0.0,0.0,572.0,0.4765,0.9938,0.0002,0.0409,0.0,0.7081,172.3809,0.0,0.0,0.0,163.925003051758,up,2026-08-19T14:39:19,141.0,11.0
AAPL,2027-02-19,161,Put,165.0,AAPL270219P00165000,0.13,0.29,0.21,0.31,0.0,0.0,0.0,179.0,0.4615,-0.0064,0.0002,0.0413,-0.0055,-0.0099,0.2257,0.0,0.0,0.0,0.220000006258488,up,2026-09-02T14:01:25,219.0,254.0
AAPL,2027-02-19,161,Call,170.0,AAPL270219C00170000,166.15,169.3,167.72500000000002,146.7,0.0,0.0,0.0,41.0,0.4945,0.9928,0.0002,0.0464,0.0,0.7283,167.5159,0.0,0.0,0.0,158.850006103516,up,2026-08-24T10:56:01,113.0,10.0
AAPL,2027-02-19,161,Put,170.0,AAPL270219P00170000,0.17,0.33,0.25,0.36,0.0,0.0,0.0,58.0,0.4537,-0.0074,0.0002,0.0467,-0.0062,-0.0114,0.259,0.0,0.0,0.0,0.259999997913837,up,2026-09-02T14:01:25,203.0,200.0
AAPL,2027-02-19,161,Call,175.0,AAPL270219C00175000,160.8,164.4,162.60000000000002,141.89,0.0,0.0,0.0,80.0,0.4344,0.9916,0.0002,0.0526,0.0,0.7482,162.6559,0.0,0.0,0.0,153.974998474121,up,2026-09-09T11:50:31,114.0,10.0
AAPL,2027-02-19,161,Put,175.0,AAPL270219P00175000,0.2,0.38,0.29000000000000004,0.3,0.0,0.0,0.0,207.0,0.4448,-0.0086,0.0002,0.053,-0.0069,-0.0131,0.2972,0.0,0.0,0.0,0.304999999701977,no_change,2026-09-03T13:58:57,186.0,301.0
AAPL,2027-02-19,161,Call,180.0,AAPL270219C00180000,156.2,159.6,157.89999999999998,151.0,0.0,0.0,0.0,25.0,0.4532,0.9903,0.0003,0.0596,-0.0003,0.7678,157.8017,0.0,0.0,0.0,149.225006103516,no_change,2026-09-03T15:17:06,111.0,8.0
AAPL,2027-02-19,161,Put,180.0,AAPL270219P00180000,0.24,0.43,0.33499999999999996,0.28,0.0,0.0,0.0,72.0,0.436,-0.0099,0.0003,0.0603,-0.0076,-0.0151,0.3413,0.0,0.0,0.0,0.385000005364418,down,2026-09-04T10:28:09,205.0,269.0
AAPL,2027-02-19,161,Call,185.0,AAPL270219C00185000,151.65,154.75,153.2,150.35,0.0,0.0,0.0,21.0,0.4609,0.9888,0.0003,0.0676,-0.0013,0.7871,152.9543,0.0,0.0,0.0,144.275001525879,up,2026-07-17T12:15:04,108.0,10.0
AAPL,2027-02-19,161,Put,185.0,AAPL270219P00185000,0.29,0.49,0.39,0.49,0.0,0.0,0.0,118.0,0.4281,-0.0114,0.0003,0.0681,-0.0085,-0.0174,0.3918,0.0,0.0,0.0,0.384999990463257,no_change,2026-09-09T12:40:49,197.0,267.0
AAPL,2027-02-19,161,Call,190.0,AAPL270219C00190000,146.9,149.9,148.4,128.22,0.0,0.0,0.0,48.0,0.4532,0.9871,0.0004,0.0764,-0.0025,0.8061,148.1146,0.0,0.0,0.0,139.599998474121,down,2026-09-09T13:03:30,108.0,8.0
AAPL,2027-02-19,161,Put,190.0,AAPL270219P00190000,0.35,0.55,0.45,0.61,0.0,0.0,0.0,340.0,0.4196,-0.0132,0.0004,0.0769,-0.0094,-0.02,0.4514,0.0,0.0,0.0,0.474999994039536,up,2026-09-09T12:40:49,187.0,227.0
AAPL,2027-02-19,161,Call,195.0,AAPL270219C00195000,142.25,145.0,143.625,134.9,0.0,0.0,0.0,9.0,0.4468,0.9851,0.0004,0.0863,-0.0038,0.8246,143.2839,0.0,0.0,0.0,134.674995422363,down,2026-07-22T12:53:51,112.0,20.0
AAPL,2027-02-19,161,Put,195.0,AAPL270219P00195000,0.46,0.63,0.545,0.73,0.0,0.0,0.0,103.0,0.4147,-0.0151,0.0004,0.0871,-0.0105,-0.0231,0.5185,0.0,0.0,0.0,0.560000002384186,up,2026-09-09T14:14:19,370.0,642.0
AAPL,2027-02-19,161,Call,200.0,AAPL270219C00200000,137.45,140.25,138.85,128.98,0.0,0.0,0.0,467.0,0.439,0.9828,0.0005,0.0976,-0.0051,0.8426,138.4633,0.0,0.0,0.0,130.050003051758,up,2026-09-10T12:44:47,256.0,20.0
AAPL,2027-02-19,161,Put,200.0,AAPL270219P00200000,0.57,0.67,0.62,0.6,-0.075,-11.1111,17.0,409.0,0.406,-0.0175,0.0005,0.0985,-0.0116,-0.0267,0.5969,0.66,0.66,0.6,0.675000011920929,down,2026-09-11T10:05:53,159.0,621.0
AAPL,2027-02-19,161,Call,210.0,AAPL270219C00210000,127.9,130.4,129.15,121.95,0.0,0.0,0.0,42.0,0.4108,0.9772,0.0006,0.1236,-0.0082,0.877,128.8594,0.0,0.0,0.0,120.400001525879,up,2026-09-03T15:00:58,141.0,47.0
AAPL,2027-02-19,161,Put,210.0,AAPL270219P00210000,0.76,0.82,0.79,0.82,-0.1,-10.8696,8.0,237.0,0.3881,-0.0232,0.0006,0.1248,-0.0143,-0.0352,0.7915,0.81,0.82,0.8,0.9200000166893,up,2026-09-11T11:52:06,457.0,41.0
AAPL,2027-02-19,161,Call,220.0,AAPL270219C00220000,118.45,121.0,119.725,119.6,8.725,7.86922,16.0,198.0,0.3989,0.9698,0.0008,0.1559,-0.0117,0.9085,119.3181,117.24,119.6,117.24,110.875,no_change,2026-09-11T12:20:10,361.0,294.0
AAPL,2027-02-19,161,Put,220.0,AAPL270219P00220000,1.02,1.16,1.0899999999999999,1.03,-0.19,-15.5738,6.0,436.0,0.3768,-0.0306,0.0008,0.1568,-0.0174,-0.0463,1.048,1.05,1.05,1.03,1.22000002861023,down,2026-09-11T12:00:15,183.0,503.0
AAPL,2027-02-19,161,Call,230.0,AAPL270219C00230000,108.9,110.6,109.75,109.8,8.6,8.49802,2.0,182.0,0.3549,0.9602,0.0011,0.195,-0.0159,0.9364,109.8598,107.73,109.8,107.73,101.200000762939,up,2026-09-11T10:27:11,381.0,120.0
AAPL,2027-02-19,161,Put,230.0,AAPL270219P00230000,1.27,1.5,1.385,1.37,-0.255,-15.6923,9.0,1126.0,0.3605,-0.0403,0.0011,0.1972,-0.0212,-0.0609,1.3893,1.55,1.6,1.37,1.625,down,2026-09-11T10:40:48,402.0,413.0
AAPL,2027-02-19,161,Call,240.0,AAPL270219C00240000,99.5,101.3,100.4,88.1,0.0,0.0,0.0,108.0,0.3436,0.9478,0.0014,0.2419,-0.0206,0.9596,100.5118,0.0,0.0,0.0,91.9749984741211,up,2026-08-28T12:53:50,337.0,83.0
AAPL,2027-02-19,161,Put,240.0,AAPL270219P00240000,1.8,1.9,1.85,1.9,-0.29,-13.242,4.0,2675.0,0.3487,-0.0529,0.0014,0.2442,-0.0255,-0.0795,1.8403,2.12,2.12,1.86,2.19000005722046,up,2026-09-11T11:57:53,380.0,342.0
AAPL,2027-02-19,161,Call,250.0,AAPL270219C00250000,90.45,92.55,91.5,91.53,8.655,10.4434,11.0,558.0,0.3434,0.9318,0.0018,0.2975,-0.0259,0.9768,91.3088,92.53,92.53,91.53,82.875,down,2026-09-11T12:26:46,486.0,353.0
AAPL,2027-02-19,161,Put,250.0,AAPL270219P00250000,2.39,2.51,2.45,2.47,-0.52,-17.3913,468.0,2364.0,0.3371,-0.0691,0.0018,0.2993,-0.0305,-0.1032,2.4415,2.55,2.58,2.42,2.99000000953674,up,2026-09-11T12:08:44,473.0,344.0
AAPL,2027-02-19,161,Call,260.0,AAPL270219C00260000,81.3,83.9,82.6,82.6,8.65,11.6971,89.0,563.0,0.3348,0.9116,0.0022,0.3617,-0.0319,0.9869,82.2944,81.65,84.15,81.65,73.9500007629394,down,2026-09-11T11:49:08,445.0,367.0
AAPL,2027-02-19,161,Put,260.0,AAPL270219P00260000,3.15,3.35,3.25,3.25,-0.725,-18.239,7.0,3260.0,0.3264,-0.0901,0.0022,0.3651,-0.0362,-0.1337,3.2446,3.29,3.31,3.25,3.97500014305115,no_change,2026-09-11T10:58:44,416.0,391.0
AAPL,2027-02-19,161,Call,270.0,AAPL270219C00270000,72.8,74.95,73.875,74.5,8.875,13.5238,3.0,287.0,0.3249,0.8862,0.0027,0.4333,-0.0384,0.9884,73.5219,71.6,75.0,71.6,65.625,down,2026-09-11T11:23:17,314.0,292.0
AAPL,2027-02-19,161,Put,270.0,AAPL270219P00270000,4.2,4.4,4.300000000000001,4.25,-0.975,-18.6603,38.0,13009.0,0.3172,-0.1158,0.0028,0.4386,-0.0424,-0.1704,4.2784,4.75,4.75,4.25,5.22500014305115,down,2026-09-11T11:21:05,479.0,484.0
AAPL,2027-02-19,161,Call,280.0,AAPL270219C00280000,64.55,65.8,65.175,65.05,7.6,13.2289,3.0,836.0,0.3104,0.8549,0.0033,0.5111,-0.0451,0.9797,65.0523,60.74,65.05,60.74,57.4500007629394,up,2026-09-11T12:19:18,378.0,331.0
AAPL,2027-02-19,161,Put,280.0,AAPL270219P00280000,5.5,5.8,5.65,5.65,-1.275,-18.4116,97.0,7280.0,0.3084,-0.1479,0.0034,0.517,-0.0491,-0.2151,5.6297,6.3,6.3,5.55,6.92499995231628,up,2026-09-11T12:00:15,565.0,590.0
AAPL,2027-02-19,161,Call,290.0,AAPL270219C00290000,56.05,57.85,56.95,57.23,7.58,15.2669,59.0,1940.0,0.3002,0.8172,0.004,0.5923,-0.052,0.9597,56.9383,52.15,58.5,52.15,49.6499996185303,down,2026-09-11T11:50:37,427.0,341.0
AAPL,2027-02-19,161,Put,290.0,AAPL270219P00290000,7.25,7.5,7.375,7.4,-1.625,-18.0055,151.0,7331.0,0.3002,-0.1866,0.0041,0.5988,-0.0558,-0.2685,7.3624,7.85,7.85,7.25,9.02499961853027,down,2026-09-11T12:15:54,542.0,521.0
AAPL,2027-02-19,161,Call,300.0,AAPL270219C00300000,48.9,49.5,49.2,49.12,6.345,14.8334,185.0,1547.0,0.2917,0.773,0.0046,0.6724,-0.0585,0.9278,49.2813,44.15,50.57,44.15,42.7750015258789,down,2026-09-11T12:37:59,337.0,11.0
AAPL,2027-02-19,161,Put,300.0,AAPL270219P00300000,9.5,9.7,9.6,9.7,-1.925,-16.5591,75.0,3698.0,0.2936,-0.2324,0.0048,0.6779,-0.0624,-0.3271,9.5536,10.89,10.89,9.39,11.625,up,2026-09-11T11:58:09,89.0,505.0
AAPL,2027-02-19,161,Call,310.0,AAPL270219C00310000,41.3,42.85,42.075,41.97,6.02,16.7455,23.0,1588.0,0.2857,0.7224,0.0052,0.7464,-0.0643,0.8842,42.1377,40.0,43.38,39.94,35.9500007629394,up,2026-09-11T12:22:32,556.0,432.0
AAPL,2027-02-19,161,Put,310.0,AAPL270219P00310000,12.1,12.45,12.274999999999999,12.28,-2.57,-17.3064,7.0,3052.0,0.2866,-0.2851,0.0055,0.7519,-0.0683,-0.3922,12.2754,13.76,13.76,12.08,14.8499999046326,up,2026-09-11T11:46:24,634.0,466.0
AAPL,2027-02-19,161,Call,320.0,AAPL270219C00320000,35.25,36.3,35.775,35.75,5.625,18.6722,349.0,3179.0,0.2835,0.666,0.0058,0.8088,-0.0689,0.8295,35.5742,35.0,36.6,33.2,30.125,up,2026-09-11T12:30:19,271.0,590.0
AAPL,2027-02-19,161,Put,320.0,AAPL270219P00320000,15.35,15.7,15.524999999999999,15.6,-3.175,-16.9108,87.0,1974.0,0.2799,-0.3444,0.0061,0.813,-0.0732,-0.4615,15.6121,18.05,18.07,15.3,18.7750005722046,down,2026-09-11T12:40:38,645.0,228.0
AAPL,2027-02-19,161,Call,330.0,AAPL270219C00330000,29.45,30.0,29.725,30.0,5.3,21.4575,127.0,4948.0,0.2769,0.6053,0.0063,0.8547,-0.072,0.7656,29.6682,25.7,30.68,25.0,24.6999998092651,up,2026-09-11T12:15:23,335.0,341.0
AAPL,2027-02-19,161,Put,330.0,AAPL270219P00330000,19.45,19.8,19.625,19.65,-3.75,-16.0256,32.0,774.0,0.2763,-0.4089,0.0066,0.8558,-0.0768,-0.5312,19.6166,21.15,21.15,19.4,23.4000005722046,down,2026-09-11T12:09:08,227.0,492.0
AAPL,2027-02-19,161,Call,340.0,AAPL270219C00340000,24.15,24.55,24.35,24.63,4.605,22.9963,220.0,4195.0,0.2715,0.5416,0.0065,0.8805,-0.0734,0.6941,24.4123,22.0,25.52,22.0,20.0250005722046,up,2026-09-11T12:12:34,609.0,59.0
AAPL,2027-02-19,161,Put,340.0,AAPL270219P00340000,24.15,24.55,24.35,24.32,-4.455,-15.4822,60.0,434.0,0.2723,-0.4772,0.007,0.8747,-0.0787,-0.5933,24.3384,24.93,25.1,23.9,28.7749996185303,no_change,2026-09-11T12:20:01,161.0,439.0
AAPL,2027-02-19,161,Call,350.0,AAPL270219C00350000,19.65,20.0,19.825,19.88,3.855,24.0562,122.0,4000.0,0.2687,0.477,0.0066,0.884,-0.073,0.6184,19.8442,17.46,20.84,17.46,16.0249996185303,up,2026-09-11T12:33:16,554.0,220.0
AAPL,2027-02-19,161,Put,350.0,AAPL270219P00350000,29.5,30.05,29.775,30.9,-4.05,-11.588,10.0,369.0,0.2687,-0.5473,0.0072,0.8667,-0.079,-0.6429,29.7999,30.9,30.9,30.9,34.9500007629394,down,2026-09-11T09:36:04,140.0,450.0
AAPL,2027-02-19,161,Call,360.0,AAPL270219C00360000,15.75,16.1,15.925,15.85,3.1,24.3137,278.0,2699.0,0.2662,0.4137,0.0066,0.8654,-0.0708,0.5415,15.9505,14.15,16.7,14.15,12.75,down,2026-09-11T12:23:03,347.0,267.0
AAPL,2027-02-19,161,Put,360.0,AAPL270219P00360000,35.05,37.0,36.025,35.7,-6.225,-14.8479,5.0,123.0,0.2665,-0.6175,0.0073,0.8322,-0.0776,-0.6757,36.0178,37.82,37.82,35.7,41.9249992370606,down,2026-09-11T11:05:01,375.0,876.0
AAPL,2027-02-19,161,Call,370.0,AAPL270219C00370000,12.5,12.8,12.65,12.65,2.625,26.1845,169.0,4619.0,0.2641,0.3536,0.0063,0.8269,-0.0672,0.4664,12.6919,12.5,13.3,11.78,10.0249996185303,no_change,2026-09-11T12:00:11,460.0,356.0
AAPL,2027-02-19,161,Put,370.0,AAPL270219P00370000,41.8,43.8,42.8,43.35,-6.0,-12.1581,2.0,36.0,0.263,-0.6853,0.0072,0.7697,-0.0749,-0.6803,42.9242,43.35,43.35,43.35,49.3500003814697,down,2026-09-11T10:45:41,169.0,387.0
AAPL,2027-02-19,161,Call,380.0,AAPL270219C00380000,9.85,10.15,10.0,10.0,2.175,27.7955,108.0,2903.0,0.2633,0.2982,0.0059,0.7726,-0.0623,0.3956,10.009,8.85,10.55,8.85,7.82499980926514,no_change,2026-09-11T12:35:59,283.0,486.0
AAPL,2027-02-19,161,Put,380.0,AAPL270219P00380000,49.55,51.1,50.325,56.3,0.0,0.0,0.0,50.0,0.261,-0.7497,0.0069,0.6819,-0.0712,-0.6556,50.483,0.0,0.0,0.0,57.625,up,2026-09-01T11:52:12,186.0,241.0
AAPL,2027-02-19,161,Call,390.0,AAPL270219C00390000,7.7,7.9,7.800000000000001,7.8,1.7,27.8689,471.0,1360.0,0.2622,0.2484,0.0054,0.7073,-0.0567,0.3311,7.8315,7.35,8.27,7.23,6.09999990463257,no_change,2026-09-11T12:08:45,410.0,140.0
AAPL,2027-02-19,161,Put,390.0,AAPL270219P00390000,57.7,59.25,58.475,68.4,0.0,0.0,0.0,1.0,0.26,-0.8096,0.0066,0.5766,-0.0669,-0.5844,58.6175,0.0,0.0,0.0,66.2000007629394,up,2026-09-10T09:38:31,140.0,336.0
AAPL,2027-02-19,161,Call,400.0,AAPL270219C00400000,5.95,6.15,6.050000000000001,6.1,1.4,29.7872,5217.0,2298.0,0.2617,0.2046,0.0048,0.6359,-0.0507,0.274,6.0862,5.0,6.5,5.0,4.70000004768372,no_change,2026-09-11T12:31:40,496.0,140.0
AAPL,2027-02-19,161,Put,400.0,AAPL270219P00400000,66.25,68.5,67.375,89.0,0.0,0.0,0.0,0.0,0.2643,-0.8648,0.0062,0.4582,-0.0628,-0.4844,67.286,0.0,0.0,0.0,75.0,down,2026-05-28T11:56:29,125.0,431.0
AAPL,2027-02-19,161,Call,410.0,AAPL270219C00410000,4.65,4.8,4.725,4.8,1.175,32.4138,148.0,1530.0,0.2626,0.1669,0.0043,0.5625,-0.0446,0.2244,4.7027,4.5,5.0,4.35,3.625,no_change,2026-09-11T12:13:26,92.0,499.0
AAPL,2027-02-19,161,Put,410.0,AAPL270219P00410000,75.2,77.15,76.17500000000001,78.32,0.0,0.0,0.0,0.0,0.2533,-0.9146,0.0057,0.3284,-0.0579,-0.3517,76.4169,0.0,0.0,0.0,84.8249969482422,no_change,2026-07-24T12:35:46,52.0,168.0
AAPL,2027-02-19,161,Call,420.0,AAPL270219C00420000,3.5,3.75,3.625,3.8,1.01,36.2007,1.0,1094.0,0.2626,0.135,0.0037,0.49,-0.0386,0.182,3.6165,3.8,3.8,3.8,2.79000008106232,up,2026-09-11T10:54:09,406.0,432.0
AAPL,2027-02-19,161,Put,420.0,AAPL270219P00420000,84.6,86.85,85.725,0.0,0.0,0.0,0.0,0.0,0.2382,-0.9549,0.0046,0.1897,-0.0491,-0.1983,85.9351,0.0,0.0,0.0,94.75,no_change,,30.0,150.0
AAPL,2027-02-19,161,Call,430.0,AAPL270219C00430000,2.7,2.82,2.76,2.63,0.49,22.8972,117.0,322.0,0.2625,0.1084,0.0032,0.4214,-0.0331,0.1462,2.7705,2.54,2.96,2.54,2.13999998569489,down,2026-09-11T11:59:47,400.0,152.0
AAPL,2027-02-19,161,Put,430.0,AAPL270219P00430000,94.5,97.2,95.85,0.0,0.0,0.0,0.0,0.0,0.2754,-0.9827,0.0026,0.0716,-0.0313,-0.0662,95.7529,0.0,0.0,0.0,104.549999237061,no_change,,13.0,124.0
AAPL,2027-02-19,161,Call,440.0,AAPL270219C00440000,2.06,2.19,2.125,2.13,0.485,29.4833,99.0,384.0,0.2637,0.0865,0.0027,0.3589,-0.028,0.1169,2.1164,1.95,2.32,1.95,1.64499998092651,no_change,2026-09-11T12:01:52,430.0,416.0
AAPL,2027-02-19,161,Put,440.0,AAPL270219P00440000,104.2,107.2,105.7,0.0,0.0,0.0,0.0,0.0,0.0,-0.9958,0.0008,0.0039,-0.0166,0.0,105.715,0.0,0.0,0.0,114.575000762939,no_change,,8.0,99.0
AAPL,2027-02-19,161,Call,450.0,AAPL270219C00450000,1.56,1.7,1.63,1.63,0.365,28.8538,9.0,517.0,0.2648,0.0687,0.0022,0.3027,-0.0235,0.093,1.6143,1.36,1.72,1.36,1.26499998569489,down,2026-09-11T12:15:48,451.0,465.0
AAPL,2027-02-19,161,Put,450.0,AAPL270219P00450000,114.5,117.15,115.825,0.0,0.0,0.0,0.0,0.0,0.3099,-1.0,0.0,0.0,-0.0166,0.0,115.715,0.0,0.0,0.0,124.575000762939,no_change,,13.0,112.0
AAPL,2027-02-19,161,Call,460.0,AAPL270219C00460000,1.18,1.28,1.23,1.23,0.26,26.8041,7.0,519.0,0.2652,0.0544,0.0019,0.2531,-0.0196,0.0736,1.2307,1.11,1.23,1.11,0.969999969005585,up,2026-09-11T12:03:27,538.0,289.0
AAPL,2027-02-19,161,Put,460.0,AAPL270219P00460000,124.05,127.7,125.875,0.0,0.0,0.0,0.0,0.0,0.3329,-1.0,0.0,0.0,-0.0166,0.0,125.715,0.0,0.0,0.0,134.550003051758,no_change,,16.0,121.0
AAPL,2027-02-19,161,Call,470.0,AAPL270219C00470000,0.89,1.03,0.96,0.9,0.17,23.2877,109.0,409.0,0.2675,0.0429,0.0015,0.2107,-0.0162,0.0581,0.9387,0.88,0.91,0.84,0.729999989271164,no_change,2026-09-11T10:23:56,346.0,370.0
AAPL,2027-02-19,161,Put,470.0,AAPL270219P00470000,134.05,137.6,135.825,0.0,0.0,0.0,0.0,0.0,0.3445,-1.0,0.0,0.0,-0.0166,0.0,135.715,0.0,0.0,0.0,144.575004577637,no_change,,16.0,118.0
AAPL,2027-02-19,161,Call,480.0,AAPL270219C00480000,0.69,0.78,0.735,0.72,0.18,33.3333,10.0,51.0,0.2688,0.0339,0.0013,0.1745,-0.0134,0.0459,0.7176,0.68,0.72,0.67,0.540000006556511,up,2026-09-11T10:36:01,175.0,251.0
AAPL,2027-02-19,161,Put,480.0,AAPL270219P00480000,144.1,147.2,145.64999999999998,0.0,0.0,0.0,0.0,0.0,0.0,-1.0,0.0,0.0,-0.0166,0.0,145.715,0.0,0.0,0.0,154.599998474121,no_change,,10.0,119.0
AAPL,2027-02-19,161,Call,490.0,AAPL270219C00490000,0.52,0.6,0.56,0.53,0.115,27.7108,10.0,134.0,0.2699,0.0268,0.001,0.1442,-0.0111,0.0362,0.5507,0.54,0.54,0.52,0.415000006556511,no_change,2026-09-11T10:36:01,280.0,228.0
AAPL,2027-02-19,161,Put,490.0,AAPL270219P00490000,154.05,157.2,155.625,0.0,0.0,0.0,0.0,0.0,0.0,-1.0,0.0,0.0,-0.0166,0.0,155.715,0.0,0.0,0.0,164.599998474121,no_change,,16.0,118.0
AAPL,2027-02-19,161,Call,500.0,AAPL270219C00500000,0.39,0.45,0.42000000000000004,0.42,0.085,25.3731,5.0,2711.0,0.2706,0.0212,0.0008,0.1191,-0.0091,0.0287,0.4246,0.42,0.45,0.41,0.334999993443489,down,2026-09-11T12:17:32,384.0,185.0
AAPL,2027-02-19,161,Put,500.0,AAPL270219P00500000,164.05,167.7,165.875,0.0,0.0,0.0,0.0,0.0,0.3987,-1.0,0.0,0.0,-0.0166,0.0,165.715,0.0,0.0,0.0,174.775001525879,no_change,,16.0,121.0
AAPL,2027-02-19,161,Call,510.0,AAPL270219C00510000,0.24,0.39,0.315,0.24,0.0,0.0,0.0,55.0,0.2712,0.0168,0.0007,0.0983,-0.0075,0.0227,0.3293,0.0,0.0,0.0,0.240000009536743,no_change,2026-09-10T11:09:21,604.0,305.0
AAPL,2027-02-19,161,Put,510.0,AAPL270219P00510000,174.05,177.2,175.625,0.0,0.0,0.0,0.0,0.0,0.0,-1.0,0.0,0.0,-0.0166,0.0,175.715,0.0,0.0,0.0,184.550003051758,no_change,,16.0,118.0
AAPL,2027-02-19,161,Call,520.0,AAPL270219C00520000,0.16,0.31,0.235,0.21,0.0,0.0,0.0,745.0,0.2721,0.0134,0.0006,0.0809,-0.0062,0.018,0.2554,0.0,0.0,0.0,0.184999998658896,down,2026-09-01T10:28:58,258.0,154.0
AAPL,2027-02-19,161,Put,520.0,AAPL270219P00520000,184.05,187.7,185.875,0.0,0.0,0.0,0.0,0.0,0.4291,-1.0,0.0,0.0,-0.0166,0.0,185.715,0.0,0.0,0.0,194.550003051758,no_change,,16.0,120.0
AAPL,2027-02-19,161,Call,530.0,AAPL270219C00530000,0.12,0.25,0.185,0.16,0.0,0.0,0.0,154.0,0.2744,0.0107,0.0005,0.0671,-0.0051,0.0144,0.2013,0.0,0.0,0.0,0.144999995827675,up,2026-09-09T15:21:44,248.0,110.0
AAPL,2027-02-19,161,Put,530.0,AAPL270219P00530000,194.1,197.45,195.77499999999998,0.0,0.0,0.0,0.0,0.0,0.4288,-1.0,0.0,0.0,-0.0166,0.0,195.715,0.0,0.0,0.0,204.675003051758,no_change,,8.0,117.0
AAPL,2027-02-19,161,Call,540.0,AAPL270219C00540000,0.09,0.21,0.15,0.1,0.0,0.0,0.0,23.0,0.2776,0.0087,0.0004,0.056,-0.0043,0.0117,0.1602,0.0,0.0,0.0,0.115000003948808,down,2026-09-02T10:46:01,133.0,156.0
AAPL,2027-02-19,161,Put,540.0,AAPL270219P00540000,204.05,207.7,205.875,0.0,0.0,0.0,0.0,0.0,0.4581,-1.0,0.0,0.0,-0.0166,0.0,205.715,0.0,0.0,0.0,214.599998474121,no_change,,16.0,120.0
AAPL,2027-02-19,161,Call,550.0,AAPL270219C00550000,0.04,0.17,0.10500000000000001,0.08,0.0,0.0,0.0,47.0,0.2761,0.0071,0.0003,0.047,-0.0036,0.0095,0.1288,0.0,0.0,0.0,0.100000003352761,down,2026-09-09T09:58:10,228.0,107.0
AAPL,2027-02-19,161,Put,550.0,AAPL270219P00550000,214.05,217.7,215.875,0.0,0.0,0.0,0.0,0.0,0.4721,-1.0,0.0,0.0,-0.0166,0.0,215.715,0.0,0.0,0.0,224.550003051758,no_change,,16.0,119.0
AAPL,2027-02-19,161,Call,560.0,AAPL270219C00560000,0.02,0.15,0.08499999999999999,0.01,0.0,0.0,0.0,13.0,0.279,0.0058,0.0003,0.0396,-0.0031,0.0078,0.1048,0.0,0.0,0.0,0.0750000001862645,down,2026-09-04T10:25:22,209.0,155.0
AAPL,2027-02-19,161,Put,560.0,AAPL270219P00560000,224.05,227.6,225.825,0.0,0.0,0.0,0.0,0.0,0.4789,-1.0,0.0,0.0,-0.0166,0.0,225.715,0.0,0.0,0.0,234.675003051758,no_change,,16.0,115.0
AAPL,2027-02-19,161,Call,570.0,AAPL270219C00570000,0.01,0.13,0.07,0.11,0.0,0.0,0.0,14.0,0.2822,0.0048,0.0002,0.0337,-0.0026,0.0065,0.0862,0.0,0.0,0.0,0.0699999975040555,up,2026-09-02T13:24:09,221.0,154.0
AAPL,2027-02-19,161,Put,570.0,AAPL270219P00570000,234.05,237.7,235.875,0.0,0.0,0.0,0.0,0.0,0.4991,-1.0,0.0,0.0,-0.0166,0.0,235.715,0.0,0.0,0.0,244.700004577637,no_change,,16.0,118.0
AAPL,2027-02-19,161,Call,580.0,AAPL270219C00580000,0.01,0.12,0.065,0.06,0.0,0.0,0.0,45.0,0.2883,0.0041,0.0002,0.029,-0.0022,0.0054,0.072,0.0,0.0,0.0,0.0649999985471368,down,2026-09-09T15:20:09,14.0,65.0
AAPL,2027-02-19,161,Put,580.0,AAPL270219P00580000,244.05,247.55,245.8,0.0,0.0,0.0,0.0,0.0,0.5009,-1.0,0.0,0.0,-0.0166,0.0,245.715,0.0,0.0,0.0,254.649993896484,no_change,,16.0,116.0
AAPL,2027-02-19,161,Call,590.0,AAPL270219C00590000,0.01,0.16,0.085,0.06,0.0,0.0,0.0,15.0,0.3043,0.0034,0.0002,0.0248,-0.0019,0.0046,0.0601,0.0,0.0,0.0,0.0649999985471368,down,2026-09-09T15:21:55,14.0,35.0
AAPL,2027-02-19,161,Put,590.0,AAPL270219P00590000,254.05,257.5,255.775,0.0,0.0,0.0,0.0,0.0,0.5083,-1.0,0.0,0.0,-0.0166,0.0,255.715,0.0,0.0,0.0,264.699996948242,no_change,,16.0,116.0
AAPL,2027-02-19,161,Call,600.0,AAPL270219C00600000,0.04,0.08,0.06,0.05,0.0,0.0,0.0,6025.0,0.3023,0.0029,0.0001,0.0217,-0.0017,0.0039,0.0514,0.0,0.0,0.0,0.0599999986588955,up,2026-09-10T09:30:05,6.0,1.0
AAPL,2027-02-19,161,Put,600.0,AAPL270219P00600000,264.05,267.7,265.875,0.0,0.0,0.0,0.0,0.0,0.5377,-1.0,0.0,0.0,-0.0166,0.0,265.715,0.0,0.0,0.0,274.599990844727,no_change,,16.0,119.0
AAPL,2027-03-19,189,Call,5.0,AAPL270319C00005000,327.5,331.1,329.3,299.0,0.0,0.0,0.0,0.0,0.0,1.0,0.0,0.0,0.0,0.0078,329.4024,0.0,0.0,0.0,320.575012207031,no_change,2026-06-08T14:34:55,1.0,96.0
AAPL,2027-03-19,189,Put,5.0,AAPL270319P00005000,0.0,0.05,0.025,0.01,0.0,0.0,0.0,3.0,2.0324,0.0,0.0,0.0,0.0,0.0,0.0004,0.0,0.0,0.0,0.00499999988824129,down,2026-06-16T13:07:30,0.0,27.0
AAPL,2027-03-19,189,Call,10.0,AAPL270319C00010000,322.5,326.2,324.35,0.0,0.0,0.0,0.0,0.0,0.0,1.0,0.0,0.0,0.0,0.0155,324.4381,0.0,0.0,0.0,315.649993896484,no_change,,96.0,96.0
AAPL,2027-03-19,189,Put,10.0,AAPL270319P00010000,0.0,0.01,0.005,0.01,0.0,0.0,0.0,1.0,1.4634,0.0,0.0,0.0001,0.0,0.0,0.0009,0.0,0.0,0.0,0.00499999988824129,down,2026-06-12T13:26:43,0.0,9500.0
AAPL,2027-03-19,189,Call,15.0,AAPL270319C00015000,317.6,321.25,319.425,0.0,0.0,0.0,0.0,0.0,0.0,1.0,0.0,0.0,0.0,0.0233,319.4738,0.0,0.0,0.0,310.699996948242,no_change,,120.0,96.0
AAPL,2027-03-19,189,Put,15.0,AAPL270319P00015000,0.0,0.27,0.135,0.11,0.0,0.0,0.0,0.0,1.7243,0.0,0.0,0.0002,-0.0001,0.0,0.0015,0.0,0.0,0.0,0.254999995231628,up,2026-05-28T13:44:15,0.0,302.0
AAPL,2027-03-19,189,Call,20.0,AAPL270319C00020000,312.7,316.35,314.525,0.0,0.0,0.0,0.0,0.0,1.3374,1.0,0.0,0.0001,0.0,0.0349,314.5101,0.0,0.0,0.0,305.699996948242,no_change,,96.0,96.0
AAPL,2027-03-19,189,Put,20.0,AAPL270319P00020000,0.0,0.27,0.135,0.0,0.0,0.0,0.0,0.0,1.5522,0.0,0.0,0.0003,-0.0001,-0.0001,0.0022,0.0,0.0,0.0,0.254999995231628,no_change,,0.0,304.0
AAPL,2027-03-19,189,Call,25.0,AAPL270319C00025000,307.8,311.4,309.6,0.0,0.0,0.0,0.0,0.0,1.18,1.0,0.0,0.0004,0.0,0.0999,309.5872,0.0,0.0,0.0,301.050003051758,no_change,,97.0,96.0
AAPL,2027-03-19,189,Put,25.0,AAPL270319P00025000,0.0,0.27,0.135,0.0,0.0,0.0,0.0,0.0,1.4223,0.0,0.0,0.0005,-0.0001,-0.0001,0.0031,0.0,0.0,0.0,0.254999995231628,no_change,,0.0,364.0
AAPL,2027-03-19,189,Call,30.0,AAPL270319C00030000,302.9,306.5,304.7,218.22,0.0,0.0,0.0,0.0,1.1238,1.0,0.0,0.0005,0.0,0.1197,304.6815,0.0,0.0,0.0,296.125,down,2026-03-20T10:08:17,86.0,117.0
AAPL,2027-03-19,189,Put,30.0,AAPL270319P00030000,0.0,0.27,0.135,0.0,0.0,0.0,0.0,0.0,1.3182,-0.0001,0.0,0.0007,-0.0002,-0.0001,0.0042,0.0,0.0,0.0,0.254999995231628,no_change,,0.0,455.0
AAPL,2027-03-19,189,Call,35.0,AAPL270319C00035000,298.0,301.55,299.775,0.0,0.0,0.0,0.0,0.0,0.9182,1.0,0.0,0.0008,0.0,0.1397,299.776,0.0,0.0,0.0,291.224990844727,no_change,,98.0,96.0
AAPL,2027-03-19,189,Put,35.0,AAPL270319P00035000,0.0,0.27,0.135,0.0,0.0,0.0,0.0,0.0,1.2315,-0.0001,0.0,0.0009,-0.0002,-0.0002,0.0055,0.0,0.0,0.0,0.245000004768372,no_change,,0.0,456.0
AAPL,2027-03-19,189,Call,40.0,AAPL270319C00040000,293.1,296.65,294.875,0.0,0.0,0.0,0.0,0.0,0.9272,1.0,0.0,0.0011,0.0,0.1598,294.8708,0.0,0.0,0.0,286.350006103516,no_change,,98.0,97.0
AAPL,2027-03-19,189,Put,40.0,AAPL270319P00040000,0.0,0.27,0.135,0.0,0.0,0.0,0.0,0.0,1.1574,-0.0001,0.0,0.0012,-0.0002,-0.0002,0.0069,0.0,0.0,0.0,0.25,no_change,,0.0,458.0
AAPL,2027-03-19,189,Call,45.0,AAPL270319C00045000,288.2,291.85,290.025,264.84,0.0,0.0,0.0,1.0,1.0216,1.0,0.0,0.0014,0.0,0.18,289.9659,0.0,0.0,0.0,281.5,down,2026-08-25T15:26:10,96.0,96.0
AAPL,2027-03-19,189,Put,45.0,AAPL270319P00045000,0.0,0.27,0.135,0.0,0.0,0.0,0.0,0.0,1.0926,-0.0002,0.0,0.0015,-0.0003,-0.0003,0.0086,0.0,0.0,0.0,0.219999998807907,no_change,,0.0,373.0
AAPL,2027-03-19,189,Call,50.0,AAPL270319C00050000,283.3,286.9,285.1,255.7,0.0,0.0,0.0,3.0,0.9364,1.0,0.0,0.0018,0.0,0.2008,285.0616,0.0,0.0,0.0,276.599990844727,down,2026-08-17T10:31:49,128.0,96.0
AAPL,2027-03-19,189,Put,50.0,AAPL270319P00050000,0.01,0.04,0.025,0.04,0.005,14.2857,2.0,650.0,0.8818,-0.0002,0.0,0.0018,-0.0004,-0.0004,0.0106,0.1,0.1,0.04,0.034999999217689,down,2026-09-11T12:31:36,1.0,44.0
AAPL,2027-03-19,189,Call,60.0,AAPL270319C00060000,273.55,277.15,275.35,237.58,0.0,0.0,0.0,2.0,0.8783,0.9999,0.0,0.0027,0.0,0.3039,275.2933,0.0,0.0,0.0,266.824996948242,down,2026-06-15T14:48:45,106.0,99.0
AAPL,2027-03-19,189,Put,60.0,AAPL270319P00060000,0.02,0.12,0.06999999999999999,0.03,-0.01,-25.0,2.0,8.0,0.8757,-0.0003,0.0,0.0027,-0.0005,-0.0006,0.0153,0.12,0.12,0.03,0.0399999991059303,down,2026-09-11T10:03:28,1.0,367.0
AAPL,2027-03-19,189,Call,70.0,AAPL270319C00070000,263.8,267.45,265.625,243.4,0.0,0.0,0.0,3.0,0.8352,0.9998,0.0,0.0039,0.0,0.3542,265.5379,0.0,0.0,0.0,257.050003051758,down,2026-06-04T14:34:12,96.0,96.0
AAPL,2027-03-19,189,Put,70.0,AAPL270319P00070000,0.0,0.28,0.14,0.09,0.0,0.0,0.0,37.0,0.8579,-0.0004,0.0,0.0039,-0.0007,-0.0008,0.0215,0.0,0.0,0.0,0.200000002980232,down,2026-06-10T10:56:58,0.0,492.0
AAPL,2027-03-19,189,Call,80.0,AAPL270319C00080000,254.0,257.65,255.825,245.48,0.0,0.0,0.0,4.0,0.733,0.9996,0.0,0.0054,0.0,0.4043,255.7842,0.0,0.0,0.0,247.299995422363,down,2026-09-02T15:42:22,128.0,96.0
AAPL,2027-03-19,189,Put,80.0,AAPL270319P00080000,0.0,0.28,0.14,0.07,0.0,0.0,0.0,126.0,0.7869,-0.0006,0.0,0.0054,-0.0009,-0.0012,0.0294,0.0,0.0,0.0,0.150000005960464,down,2026-09-03T10:29:43,0.0,433.0
AAPL,2027-03-19,189,Call,85.0,AAPL270319C00085000,249.15,252.75,250.95,233.32,0.0,0.0,0.0,31.0,0.7086,0.9995,0.0,0.0063,0.0,0.4293,250.9081,0.0,0.0,0.0,242.449996948242,down,2026-08-19T11:54:34,103.0,93.0
AAPL,2027-03-19,189,Put,85.0,AAPL270319P00085000,0.0,0.29,0.145,0.08,0.0,0.0,0.0,64.0,0.7578,-0.0008,0.0,0.0063,-0.001,-0.0014,0.0342,0.0,0.0,0.0,0.144999995827675,down,2026-09-03T11:25:39,0.0,463.0
AAPL,2027-03-19,189,Call,90.0,AAPL270319C00090000,244.25,247.9,246.075,234.15,0.0,0.0,0.0,7.0,0.6853,0.9994,0.0,0.0074,0.0,0.4543,246.0327,0.0,0.0,0.0,237.549995422363,up,2026-08-28T11:31:39,127.0,96.0
AAPL,2027-03-19,189,Put,90.0,AAPL270319P00090000,0.0,0.24,0.12,0.06,0.0,0.0,0.0,5.0,0.7127,-0.0009,0.0,0.0074,-0.0011,-0.0016,0.0396,0.0,0.0,0.0,0.140000005252659,down,2026-09-09T10:13:19,0.0,430.0
AAPL,2027-03-19,189,Call,95.0,AAPL270319C00095000,239.4,243.0,241.2,187.37,0.0,0.0,0.0,1.0,0.6629,0.9992,0.0,0.0085,0.0,0.4793,241.158,0.0,0.0,0.0,232.474998474121,down,2026-06-25T10:39:13,96.0,99.0
AAPL,2027-03-19,189,Put,95.0,AAPL270319P00095000,0.01,0.22,0.115,0.16,0.0,0.0,0.0,24.0,0.6816,-0.001,0.0,0.0086,-0.0013,-0.0019,0.0457,0.0,0.0,0.0,0.120000001974404,up,2026-09-08T11:10:03,7.0,410.0
AAPL,2027-03-19,189,Call,100.0,AAPL270319C00100000,234.5,238.1,236.3,219.21,0.0,0.0,0.0,13.0,0.6217,0.999,0.0,0.0098,0.0,0.5042,236.2841,0.0,0.0,0.0,227.800003051758,no_change,2026-08-31T15:59:17,111.0,86.0
AAPL,2027-03-19,189,Put,100.0,AAPL270319P00100000,0.01,0.18,0.095,0.05,0.0,0.0,0.0,74.0,0.6423,-0.0012,0.0,0.0099,-0.0015,-0.0022,0.0527,0.0,0.0,0.0,0.0550000015646219,down,2026-09-10T11:32:53,33.0,547.0
AAPL,2027-03-19,189,Call,105.0,AAPL270319C00105000,229.6,233.15,231.375,208.4,0.0,0.0,0.0,46.0,0.544,0.9988,0.0,0.0113,0.0,0.5291,231.4111,0.0,0.0,0.0,222.650001525879,up,2026-08-18T10:36:10,96.0,96.0
AAPL,2027-03-19,189,Put,105.0,AAPL270319P00105000,0.01,0.13,0.07,0.07,0.0,0.0,0.0,27.0,0.599,-0.0014,0.0,0.0114,-0.0016,-0.0026,0.0605,0.0,0.0,0.0,0.0699999975040555,down,2026-09-08T11:10:36,14.0,76.0
AAPL,2027-03-19,189,Call,110.0,AAPL270319C00110000,224.75,228.35,226.55,209.87,0.0,0.0,0.0,2.0,0.5842,0.9986,0.0,0.013,0.0,0.5539,226.5392,0.0,0.0,0.0,217.75,up,2026-07-13T15:54:58,96.0,106.0
AAPL,2027-03-19,189,Put,110.0,AAPL270319P00110000,0.01,0.12,0.065,0.06,0.0,0.0,0.0,71.0,0.5721,-0.0016,0.0,0.0131,-0.0018,-0.003,0.0694,0.0,0.0,0.0,0.0749999973922968,down,2026-09-03T11:34:36,15.0,72.0
AAPL,2027-03-19,189,Call,115.0,AAPL270319C00115000,219.95,223.45,221.7,201.29,0.0,0.0,0.0,2.0,0.5815,0.9983,0.0,0.015,0.0,0.5787,221.6684,0.0,0.0,0.0,213.125,down,2026-09-09T13:04:25,95.0,104.0
AAPL,2027-03-19,189,Put,115.0,AAPL270319P00115000,0.01,0.13,0.07,0.08,0.0,0.0,0.0,62.0,0.5546,-0.0019,0.0,0.0151,-0.002,-0.0035,0.0796,0.0,0.0,0.0,0.0749999973922968,down,2026-09-02T10:49:37,15.0,73.0
AAPL,2027-03-19,189,Call,120.0,AAPL270319C00120000,215.0,218.65,216.825,194.16,0.0,0.0,0.0,6.0,0.5629,0.998,0.0,0.0171,0.0,0.6034,216.7991,0.0,0.0,0.0,208.25,up,2026-08-21T12:30:11,96.0,108.0
AAPL,2027-03-19,189,Put,120.0,AAPL270319P00120000,0.05,0.14,0.095,0.09,0.0,0.0,0.0,115.0,0.5506,-0.0022,0.0,0.0172,-0.0023,-0.004,0.0911,0.0,0.0,0.0,0.0950000006705522,no_change,2026-09-09T12:26:19,14.0,74.0
AAPL,2027-03-19,189,Call,125.0,AAPL270319C00125000,210.1,213.75,211.925,200.1,0.0,0.0,0.0,44.0,0.5317,0.9977,0.0001,0.0195,0.0,0.628,211.9313,0.0,0.0,0.0,203.174995422363,up,2026-08-28T11:50:27,110.0,99.0
AAPL,2027-03-19,189,Put,125.0,AAPL270319P00125000,0.01,0.16,0.085,0.57,0.0,0.0,0.0,32.0,0.5241,-0.0026,0.0001,0.0196,-0.0026,-0.0046,0.1042,0.0,0.0,0.0,0.0899999979883432,down,2026-05-05T14:32:41,73.0,77.0
AAPL,2027-03-19,189,Call,130.0,AAPL270319C00130000,205.35,208.8,207.075,200.0,0.0,0.0,0.0,26.0,0.5274,0.9973,0.0001,0.0223,0.0,0.6525,207.0654,0.0,0.0,0.0,198.299995422363,up,2026-09-01T12:23:44,101.0,101.0
AAPL,2027-03-19,189,Put,130.0,AAPL270319P00130000,0.1,0.17,0.135,0.13,0.0,0.0,0.0,84.0,0.5301,-0.003,0.0001,0.0224,-0.0029,-0.0054,0.1191,0.0,0.0,0.0,0.120000001043081,up,2026-09-10T14:57:01,3.0,190.0
AAPL,2027-03-19,189,Call,135.0,AAPL270319C00135000,200.45,203.85,202.14999999999998,183.35,0.0,0.0,0.0,31.0,0.4855,0.9968,0.0001,0.0254,0.0,0.6769,202.2015,0.0,0.0,0.0,193.5,up,2026-08-31T11:29:55,96.0,102.0
AAPL,2027-03-19,189,Put,135.0,AAPL270319P00135000,0.05,0.19,0.12,0.11,0.0,0.0,0.0,73.0,0.5038,-0.0034,0.0001,0.0255,-0.0032,-0.0062,0.1355,0.0,0.0,0.0,0.110000001266599,down,2026-09-10T12:43:34,32.0,186.0
AAPL,2027-03-19,189,Call,140.0,AAPL270319C00140000,195.5,199.1,197.3,178.7,0.0,0.0,0.0,44.0,0.4832,0.9963,0.0001,0.0289,0.0,0.7011,197.3401,0.0,0.0,0.0,188.600006103516,up,2026-08-31T11:17:08,97.0,105.0
AAPL,2027-03-19,189,Put,140.0,AAPL270319P00140000,0.1,0.21,0.155,0.12,0.0,0.0,0.0,87.0,0.4994,-0.004,0.0001,0.029,-0.0036,-0.0072,0.1559,0.0,0.0,0.0,0.160000003874302,down,2026-09-10T12:43:34,313.0,443.0
AAPL,2027-03-19,189,Call,145.0,AAPL270319C00145000,190.7,194.25,192.475,158.35,0.0,0.0,0.0,61.0,0.4866,0.9957,0.0001,0.0328,0.0,0.7252,192.4816,0.0,0.0,0.0,184.050003051758,no_change,2026-06-16T12:10:06,102.0,103.0
AAPL,2027-03-19,189,Put,145.0,AAPL270319P00145000,0.1,0.24,0.16999999999999998,0.18,0.0,0.0,0.0,74.0,0.4861,-0.0046,0.0001,0.0329,-0.004,-0.0082,0.1783,0.0,0.0,0.0,0.175000000745058,no_change,2026-09-09T12:25:15,108.0,231.0
AAPL,2027-03-19,189,Call,150.0,AAPL270319C00150000,185.8,189.45,187.625,169.22,0.0,0.0,0.0,60.0,0.4779,0.995,0.0001,0.0372,0.0,0.7492,187.6263,0.0,0.0,0.0,178.974998474121,up,2026-08-31T11:02:42,97.0,101.0
AAPL,2027-03-19,189,Put,150.0,AAPL270319P00150000,0.11,0.27,0.19,0.25,0.0,0.0,0.0,195.0,0.474,-0.0053,0.0001,0.0374,-0.0044,-0.0095,0.2031,0.0,0.0,0.0,0.195000000298023,down,2026-09-09T12:26:19,218.0,235.0
AAPL,2027-03-19,189,Call,155.0,AAPL270319C00155000,181.8,184.55,183.175,159.69,0.0,0.0,0.0,235.0,0.5373,0.9942,0.0001,0.0423,0.0,0.7729,182.7747,0.0,0.0,0.0,174.25,no_change,2026-08-06T11:22:02,233.0,244.0
AAPL,2027-03-19,189,Put,155.0,AAPL270319P00155000,0.14,0.31,0.225,0.25,0.0,0.0,0.0,63.0,0.4659,-0.0061,0.0001,0.0426,-0.0049,-0.0109,0.2326,0.0,0.0,0.0,0.229999996721745,no_change,2026-09-08T09:36:22,380.0,546.0
AAPL,2027-03-19,189,Call,160.0,AAPL270319C00160000,176.85,179.7,178.27499999999998,168.91,0.0,0.0,0.0,266.0,0.5152,0.9933,0.0002,0.0479,0.0,0.7964,177.9275,0.0,0.0,0.0,169.424995422363,up,2026-09-02T10:01:32,234.0,239.0
AAPL,2027-03-19,189,Put,160.0,AAPL270319P00160000,0.21,0.32,0.265,0.22,-0.045,-16.9811,7.0,102.0,0.4578,-0.007,0.0002,0.0481,-0.0054,-0.0126,0.2666,0.24,0.24,0.22,0.265000000596046,down,2026-09-11T11:46:36,214.0,460.0
AAPL,2027-03-19,189,Call,165.0,AAPL270319C00165000,172.2,174.85,173.52499999999998,166.32,0.0,0.0,0.0,551.0,0.5114,0.9922,0.0002,0.0542,0.0,0.8197,173.0853,0.0,0.0,0.0,164.525001525879,up,2026-09-03T15:29:37,281.0,439.0
AAPL,2027-03-19,189,Put,165.0,AAPL270319P00165000,0.26,0.33,0.29500000000000004,0.3,-0.01,-3.22581,121.0,1931.0,0.4468,-0.0081,0.0002,0.0544,-0.006,-0.0144,0.3055,0.29,0.33,0.25,0.310000002384186,down,2026-09-11T12:12:36,200.0,355.0
AAPL,2027-03-19,189,Call,170.0,AAPL270319C00170000,167.2,170.0,168.6,150.41,0.0,0.0,0.0,524.0,0.4877,0.991,0.0002,0.0613,0.0,0.8427,168.2488,0.0,0.0,0.0,159.724998474121,down,2026-08-19T10:00:09,277.0,447.0
AAPL,2027-03-19,189,Put,170.0,AAPL270319P00170000,0.31,0.38,0.345,0.31,-0.06,-16.2162,125.0,550.0,0.4391,-0.0093,0.0002,0.0618,-0.0067,-0.0166,0.3501,0.39,0.4,0.3,0.370000004768372,down,2026-09-11T12:12:36,144.0,392.0
AAPL,2027-03-19,189,Call,175.0,AAPL270319C00175000,162.4,165.2,163.8,151.28,0.0,0.0,0.0,122.0,0.4777,0.9896,0.0003,0.0694,-0.001,0.8653,163.419,0.0,0.0,0.0,154.900001525879,down,2026-09-04T10:27:57,231.0,214.0
AAPL,2027-03-19,189,Put,175.0,AAPL270319P00175000,0.36,0.51,0.435,0.41,-0.01,-2.38095,7.0,1562.0,0.4363,-0.0107,0.0003,0.0699,-0.0075,-0.0192,0.4017,0.41,0.42,0.41,0.420000001788139,down,2026-09-11T11:43:27,130.0,538.0
AAPL,2027-03-19,189,Call,180.0,AAPL270319C00180000,156.8,160.45,158.625,144.4,0.0,0.0,0.0,86.0,0.4272,0.988,0.0003,0.0783,-0.002,0.8876,158.5967,0.0,0.0,0.0,150.199996948242,up,2026-08-20T09:32:59,97.0,107.0
AAPL,2027-03-19,189,Put,180.0,AAPL270319P00180000,0.42,0.5,0.45999999999999996,0.54,0.0,0.0,0.0,756.0,0.423,-0.0123,0.0003,0.0786,-0.0083,-0.022,0.4609,0.0,0.0,0.0,0.535000011324882,up,2026-09-10T10:12:52,178.0,392.0
AAPL,2027-03-19,189,Call,185.0,AAPL270319C00185000,152.1,155.6,153.85,131.8,0.0,0.0,0.0,22.0,0.4232,0.9862,0.0004,0.0882,-0.0031,0.9094,153.7831,0.0,0.0,0.0,145.275001525879,up,2026-08-07T15:46:46,113.0,105.0
AAPL,2027-03-19,189,Put,185.0,AAPL270319P00185000,0.49,0.59,0.54,0.5,-0.11,-18.0328,10.0,622.0,0.4166,-0.0142,0.0004,0.089,-0.0092,-0.0253,0.5299,0.5,0.5,0.49,0.609999984502792,up,2026-09-11T10:45:56,214.0,460.0
AAPL,2027-03-19,189,Call,190.0,AAPL270319C00190000,147.3,150.8,149.05,135.27,0.0,0.0,0.0,29.0,0.415,0.9842,0.0004,0.0993,-0.0042,0.9307,148.9792,0.0,0.0,0.0,140.525001525879,up,2026-09-04T10:48:25,113.0,107.0
AAPL,2027-03-19,189,Put,190.0,AAPL270319P00190000,0.57,0.74,0.655,0.63,-0.055,-8.0292,10.0,1016.0,0.4125,-0.0163,0.0004,0.1005,-0.0102,-0.0291,0.6078,0.64,0.64,0.62,0.685000002384186,up,2026-09-11T10:45:56,199.0,510.0
AAPL,2027-03-19,189,Call,195.0,AAPL270319C00195000,143.15,145.95,144.55,126.93,0.0,0.0,0.0,329.0,0.4301,0.9818,0.0005,0.1117,-0.0055,0.9514,144.1867,0.0,0.0,0.0,135.550003051758,down,2026-08-06T09:59:04,244.0,278.0
AAPL,2027-03-19,189,Put,195.0,AAPL270319P00195000,0.59,0.76,0.675,0.68,-0.1,-12.8205,2.0,999.0,0.3982,-0.0187,0.0005,0.1125,-0.0113,-0.0333,0.6975,0.67,0.68,0.67,0.780000001192093,up,2026-09-11T11:09:02,612.0,378.0
AAPL,2027-03-19,189,Call,200.0,AAPL270319C00200000,138.55,141.15,139.85000000000002,130.74,0.0,0.0,0.0,114.0,0.4253,0.9791,0.0005,0.1252,-0.0068,0.9716,139.407,0.0,0.0,0.0,130.925003051758,up,2026-09-10T15:11:44,398.0,407.0
AAPL,2027-03-19,189,Put,200.0,AAPL270319P00200000,0.8,0.92,0.8600000000000001,0.82,-0.08,-8.88889,5.0,2618.0,0.3978,-0.0214,0.0005,0.1262,-0.0125,-0.0381,0.7983,0.82,0.82,0.82,0.900000005960464,down,2026-09-11T09:57:33,3.0,310.0
AAPL,2027-03-19,189,Call,210.0,AAPL270319C00210000,129.05,131.65,130.35000000000002,123.0,0.0,0.0,0.0,168.0,0.4066,0.9725,0.0007,0.1571,-0.0099,1.0096,129.8933,0.0,0.0,0.0,121.375,up,2026-09-03T15:00:58,313.0,329.0
AAPL,2027-03-19,189,Put,210.0,AAPL270319P00210000,1.01,1.11,1.06,1.23,0.0,0.0,0.0,2061.0,0.3797,-0.0281,0.0007,0.1584,-0.0152,-0.0499,1.0505,0.0,0.0,0.0,1.19499999284744,down,2026-09-10T14:52:27,185.0,361.0
AAPL,2027-03-19,189,Call,220.0,AAPL270319C00220000,119.45,121.6,120.525,107.1,0.0,0.0,0.0,119.0,0.3702,0.9641,0.0009,0.195,-0.0134,1.0441,120.4558,0.0,0.0,0.0,112.049999237061,up,2026-09-04T12:29:48,346.0,328.0
AAPL,2027-03-19,189,Put,220.0,AAPL270319P00220000,1.33,1.43,1.38,1.36,-0.235,-14.7335,11.0,2571.0,0.3665,-0.0367,0.0009,0.1976,-0.0184,-0.0649,1.38,1.45,1.45,1.36,1.59499996900558,down,2026-09-11T11:09:02,426.0,199.0
AAPL,2027-03-19,189,Call,230.0,AAPL270319C00230000,110.1,112.2,111.15,111.18,8.63,8.41541,8.0,393.0,0.356,0.9533,0.0012,0.2406,-0.0173,1.0738,111.1167,109.81,111.18,109.8,102.549999237061,up,2026-09-11T10:45:26,352.0,384.0
AAPL,2027-03-19,189,Put,230.0,AAPL270319P00230000,1.76,1.94,1.85,1.86,-0.23,-11.0048,13.0,3404.0,0.3562,-0.0476,0.0012,0.2428,-0.022,-0.0839,1.8077,1.86,1.86,1.86,2.0900000333786,no_change,2026-09-11T10:31:35,185.0,561.0
AAPL,2027-03-19,189,Call,240.0,AAPL270319C00240000,101.15,103.0,102.075,99.2,5.75,6.15302,1.0,466.0,0.3493,0.9397,0.0014,0.294,-0.0218,1.0981,101.904,99.2,99.2,99.2,93.4500007629394,up,2026-09-11T10:18:32,386.0,478.0
AAPL,2027-03-19,189,Put,240.0,AAPL270319P00240000,2.23,2.47,2.35,2.3,-0.485,-17.4147,11.0,6295.0,0.3427,-0.0616,0.0015,0.2971,-0.0262,-0.1082,2.3679,2.5,2.5,2.3,2.7849999666214,down,2026-09-11T11:12:56,452.0,441.0
AAPL,2027-03-19,189,Call,250.0,AAPL270319C00250000,91.85,93.95,92.9,91.91,7.685,9.12437,1.0,1172.0,0.3344,0.9226,0.0018,0.3551,-0.0268,1.1156,92.8533,91.91,91.91,91.91,84.2249984741211,up,2026-09-11T10:23:07,454.0,454.0
AAPL,2027-03-19,189,Put,250.0,AAPL270319P00250000,3.0,3.15,3.075,3.1,-0.575,-15.6463,30.0,9896.0,0.3325,-0.0791,0.0018,0.3604,-0.031,-0.1384,3.0934,3.2,3.25,3.05,3.67499995231628,up,2026-09-11T12:24:00,443.0,431.0
AAPL,2027-03-19,189,Call,260.0,AAPL270319C00260000,83.15,84.7,83.92500000000001,84.8,8.95,11.7996,11.0,2051.0,0.3216,0.9014,0.0022,0.4241,-0.0322,1.1248,84.0064,82.0,84.8,81.45,75.8500022888184,up,2026-09-11T11:35:35,480.0,332.0
AAPL,2027-03-19,189,Put,260.0,AAPL270319P00260000,3.9,4.1,4.0,4.0,-0.775,-16.2304,6.0,4959.0,0.3229,-0.1008,0.0023,0.4293,-0.0362,-0.1746,4.0274,4.0,4.0,3.95,4.77499985694885,up,2026-09-11T11:17:06,446.0,410.0
AAPL,2027-03-19,189,Call,270.0,AAPL270319C00270000,74.9,75.8,75.35,76.0,8.025,11.8058,8.0,1812.0,0.3135,0.8755,0.0027,0.5,-0.0379,1.1245,75.4118,74.66,76.89,74.66,67.9749984741211,down,2026-09-11T11:40:25,333.0,95.0
AAPL,2027-03-19,189,Put,270.0,AAPL270319P00270000,5.05,5.3,5.175,5.15,-1.05,-16.9355,24.0,5889.0,0.314,-0.1273,0.0028,0.5055,-0.0418,-0.2182,5.2148,5.45,5.45,5.15,6.20000004768372,down,2026-09-11T12:14:40,535.0,464.0
AAPL,2027-03-19,189,Call,280.0,AAPL270319C00280000,66.4,67.85,67.125,67.55,7.7,12.8655,13.0,2236.0,0.3068,0.8444,0.0032,0.58,-0.0438,1.1138,67.1246,66.0,68.11,66.0,59.8500003814697,no_change,2026-09-11T12:13:56,428.0,398.0
AAPL,2027-03-19,189,Put,280.0,AAPL270319P00280000,6.6,6.9,6.75,6.75,-1.275,-15.8878,752.0,9371.0,0.3072,-0.1594,0.0033,0.5868,-0.0476,-0.271,6.7251,7.05,7.1,6.55,8.02499985694885,up,2026-09-11T12:15:44,472.0,540.0
AAPL,2027-03-19,189,Call,290.0,AAPL270319C00290000,58.5,59.85,59.175,59.87,7.72,14.8034,14.0,2095.0,0.2991,0.8079,0.0038,0.6615,-0.0496,1.0918,59.2041,58.4,59.87,57.2,52.1500015258789,up,2026-09-11T11:00:15,414.0,312.0
AAPL,2027-03-19,189,Put,290.0,AAPL270319P00290000,8.6,8.75,8.675,8.6,-1.7,-16.5049,819.0,7657.0,0.3005,-0.1973,0.0039,0.6702,-0.0535,-0.331,8.6139,9.9,10.2,8.5,10.2999997138977,no_change,2026-09-11T12:26:16,66.0,342.0
AAPL,2027-03-19,189,Call,300.0,AAPL270319C00300000,51.1,52.25,51.675,51.65,6.7,14.9055,138.0,3784.0,0.2925,0.7657,0.0043,0.7411,-0.0551,1.0574,51.7108,47.67,53.0,47.67,44.9499988555908,no_change,2026-09-11T12:32:40,442.0,219.0
AAPL,2027-03-19,189,Put,300.0,AAPL270319P00300000,10.9,11.1,11.0,10.95,-2.1,-16.092,1208.0,3776.0,0.2934,-0.2415,0.0045,0.7502,-0.0591,-0.3978,10.9614,11.52,11.55,10.7,13.0499997138977,down,2026-09-11T12:36:13,52.0,488.0
AAPL,2027-03-19,189,Call,310.0,AAPL270319C00310000,44.35,45.05,44.7,45.45,6.875,17.8224,33.0,4995.0,0.287,0.7183,0.0049,0.8144,-0.0599,1.011,44.7038,43.0,46.25,42.1,38.5750007629394,up,2026-09-11T11:41:50,295.0,82.0
AAPL,2027-03-19,189,Put,310.0,AAPL270319P00310000,13.6,14.05,13.825,14.0,-2.4,-14.6341,522.0,3315.0,0.2873,-0.2914,0.0051,0.8223,-0.0642,-0.4687,13.8328,16.1,16.1,13.65,16.4000005722046,up,2026-09-11T11:56:18,490.0,524.0
AAPL,2027-03-19,189,Call,320.0,AAPL270319C00320000,37.95,38.65,38.3,38.38,5.83,17.9109,132.0,6280.0,0.2828,0.6659,0.0054,0.8764,-0.0638,0.9536,38.2169,35.3,39.36,35.15,32.5500011444092,up,2026-09-11T12:31:49,530.0,333.0
AAPL,2027-03-19,189,Put,320.0,AAPL270319P00320000,16.95,17.4,17.174999999999997,17.25,-3.1,-15.2334,721.0,4646.0,0.2815,-0.3463,0.0057,0.8819,-0.0684,-0.541,17.2097,19.31,19.5,16.95,20.3499994277954,no_change,2026-09-11T12:40:54,615.0,507.0
AAPL,2027-03-19,189,Call,330.0,AAPL270319C00330000,32.1,32.6,32.35,32.5,5.275,19.3756,479.0,8871.0,0.2774,0.6099,0.0057,0.923,-0.0665,0.887,32.3387,28.1,33.5,28.1,27.2249994277954,up,2026-09-11T12:30:17,590.0,74.0
AAPL,2027-03-19,189,Put,330.0,AAPL270319P00330000,21.1,21.5,21.3,21.23,-3.795,-15.1648,211.0,2538.0,0.2776,-0.4065,0.0061,0.9243,-0.0717,-0.6148,21.3084,23.0,23.0,20.8,25.0249996185303,down,2026-09-11T12:32:39,218.0,528.0
AAPL,2027-03-19,189,Call,340.0,AAPL270319C00340000,26.95,27.3,27.125,27.0,4.425,19.6013,212.0,5054.0,0.2739,0.5515,0.006,0.951,-0.0679,0.8132,27.078,24.0,28.32,24.0,22.5749998092651,down,2026-09-11T12:36:41,164.0,147.0
AAPL,2027-03-19,189,Put,340.0,AAPL270319P00340000,25.75,26.25,26.0,26.3,-3.975,-13.1296,151.0,243.0,0.2736,-0.4697,0.0065,0.9448,-0.0735,-0.6835,25.9833,28.86,28.86,25.65,30.2749996185303,up,2026-09-11T12:06:37,207.0,545.0
AAPL,2027-03-19,189,Call,350.0,AAPL270319C00350000,22.25,22.6,22.425,22.75,4.25,22.973,120.0,6356.0,0.27,0.4923,0.0061,0.9589,-0.0678,0.7342,22.4468,19.5,23.5,19.5,18.5,up,2026-09-11T11:49:39,536.0,86.0
AAPL,2027-03-19,189,Put,350.0,AAPL270319P00350000,31.1,31.6,31.35,31.05,-5.3,-14.5805,44.0,198.0,0.27,-0.5346,0.0067,0.9397,-0.0741,-0.7332,31.3743,33.15,33.15,30.75,36.3500003814697,up,2026-09-11T11:43:32,195.0,308.0
AAPL,2027-03-19,189,Call,360.0,AAPL270319C00360000,18.25,18.55,18.4,18.44,3.39,22.5249,121.0,4260.0,0.2673,0.4338,0.0061,0.9463,-0.0663,0.6532,18.4358,17.0,19.25,17.0,15.0499997138977,down,2026-09-11T12:34:47,433.0,88.0
AAPL,2027-03-19,189,Put,360.0,AAPL270319P00360000,36.85,38.25,37.55,45.25,0.0,0.0,0.0,97.0,0.2688,-0.5997,0.0068,0.9105,-0.0734,-0.7666,37.4478,0.0,0.0,0.0,43.2249984741211,no_change,2026-09-10T09:38:22,215.0,593.0
AAPL,2027-03-19,189,Call,370.0,AAPL270319C00370000,14.85,15.2,15.024999999999999,15.25,3.15,26.0331,467.0,4488.0,0.2659,0.3777,0.0059,0.9149,-0.0637,0.5732,15.0154,14.67,15.75,14.0,12.0999999046326,no_change,2026-09-11T12:15:32,358.0,538.0
AAPL,2027-03-19,189,Put,370.0,AAPL270319P00370000,43.4,45.55,44.474999999999994,43.5,-6.775,-13.4759,4.0,25.0,0.2692,-0.6636,0.0068,0.8571,-0.0717,-0.7864,44.1853,43.77,43.77,43.5,50.2749996185303,down,2026-09-11T11:04:50,380.0,956.0
AAPL,2027-03-19,189,Call,380.0,AAPL270319C00380000,12.0,12.25,12.125,12.12,2.42,24.9485,186.0,5358.0,0.2642,0.3251,0.0056,0.8681,-0.06,0.497,12.14,10.0,12.8,10.0,9.7000002861023,down,2026-09-11T12:34:19,390.0,156.0
AAPL,2027-03-19,189,Put,380.0,AAPL270319P00380000,50.9,52.85,51.875,74.23,0.0,0.0,0.0,42.0,0.2689,-0.7251,0.0067,0.7801,-0.0692,-0.7723,51.5272,0.0,0.0,0.0,58.3499984741211,down,2026-08-11T13:22:29,264.0,472.0
AAPL,2027-03-19,189,Call,390.0,AAPL270319C00390000,9.6,9.9,9.75,9.73,1.98,25.5484,85.0,1133.0,0.2634,0.277,0.0053,0.8094,-0.0556,0.4262,9.7528,9.8,10.29,9.18,7.75,down,2026-09-11T12:31:59,292.0,472.0
AAPL,2027-03-19,189,Put,390.0,AAPL270319P00390000,59.05,60.15,59.599999999999994,61.0,-5.5,-8.27068,1.0,21.0,0.2655,-0.7835,0.0065,0.6743,-0.0662,-0.716,59.4632,61.0,61.0,61.0,66.5,down,2026-09-11T09:35:59,55.0,449.0
AAPL,2027-03-19,189,Call,400.0,AAPL270319C00400000,7.65,7.9,7.775,7.77,1.62,26.3415,227.0,4095.0,0.2627,0.2338,0.0048,0.7423,-0.0507,0.3614,7.7921,6.76,8.3,6.76,6.15000009536743,down,2026-09-11T12:34:47,390.0,469.0
AAPL,2027-03-19,189,Put,400.0,AAPL270319P00400000,66.55,69.0,67.775,70.0,-5.675,-7.49917,1.0,10.0,0.2604,-0.8376,0.0062,0.5566,-0.0623,-0.5964,67.906,70.0,70.0,70.0,75.6749992370606,down,2026-09-11T09:34:46,459.0,454.0
AAPL,2027-03-19,189,Call,410.0,AAPL270319C00410000,6.05,6.35,6.199999999999999,6.2,1.325,27.1795,46.0,2615.0,0.2628,0.1957,0.0044,0.6709,-0.0456,0.3034,6.1955,5.62,6.54,5.62,4.875,up,2026-09-11T12:12:27,469.0,524.0
AAPL,2027-03-19,189,Put,410.0,AAPL270319P00410000,75.95,77.85,76.9,85.52,0.0,0.0,0.0,10.0,0.2648,-0.8885,0.006,0.4388,-0.0595,-0.4932,76.8115,0.0,0.0,0.0,85.0499992370606,down,2026-09-10T14:51:33,414.0,413.0
AAPL,2027-03-19,189,Call,420.0,AAPL270319C00420000,4.8,5.05,4.925,4.87,0.995,25.6774,14.0,3980.0,0.263,0.1626,0.0039,0.5992,-0.0405,0.253,4.9056,4.5,5.25,4.5,3.875,down,2026-09-11T11:57:14,460.0,529.0
AAPL,2027-03-19,189,Put,420.0,AAPL270319P00420000,84.7,87.15,85.92500000000001,0.0,0.0,0.0,0.0,0.0,0.253,-0.9338,0.0052,0.2735,-0.0564,-0.329,86.1499,0.0,0.0,0.0,94.4749984741211,no_change,,164.0,157.0
AAPL,2027-03-19,189,Call,430.0,AAPL270319C00430000,3.75,4.05,3.9,4.2,1.155,37.931,10.0,418.0,0.2635,0.1342,0.0034,0.5288,-0.0356,0.2096,3.8711,3.65,4.2,3.61,3.04500007629394,up,2026-09-11T11:10:05,477.0,531.0
AAPL,2027-03-19,189,Put,430.0,AAPL270319P00430000,94.5,96.9,95.7,0.0,0.0,0.0,0.0,0.0,0.2472,-0.9682,0.0037,0.1267,-0.0524,-0.1037,95.8126,0.0,0.0,0.0,104.400001525879,no_change,,139.0,121.0
AAPL,2027-03-19,189,Call,440.0,AAPL270319C00440000,2.98,3.2,3.09,3.05,0.65,27.0833,131.0,1480.0,0.2643,0.1101,0.003,0.4616,-0.0309,0.1721,3.0457,2.98,3.3,2.86,2.39999997615814,down,2026-09-11T12:00:35,245.0,514.0
AAPL,2027-03-19,189,Put,440.0,AAPL270319P00440000,104.45,107.0,105.725,120.21,0.0,0.0,0.0,0.0,0.2686,-0.9896,0.0018,0.0614,-0.0142,0.0,105.695,0.0,0.0,0.0,114.350002288818,down,2026-08-28T13:26:07,118.0,118.0
AAPL,2027-03-19,189,Call,450.0,AAPL270319C00450000,2.33,2.42,2.375,2.45,0.575,30.6667,325.0,382.0,0.2643,0.0899,0.0025,0.4,-0.0267,0.1408,2.3903,2.15,2.6,2.15,1.875,down,2026-09-11T12:33:05,340.0,1.0
AAPL,2027-03-19,189,Put,450.0,AAPL270319P00450000,114.5,117.2,115.85,146.15,0.0,0.0,0.0,0.0,0.3019,-0.9975,0.0004,0.0,-0.0142,0.0,115.695,0.0,0.0,0.0,124.475002288818,down,2026-06-08T14:57:57,117.0,117.0
AAPL,2027-03-19,189,Call,460.0,AAPL270319C00460000,1.82,2.02,1.92,1.9,0.395,26.2458,11.0,306.0,0.2659,0.0733,0.0022,0.344,-0.0229,0.115,1.8794,1.78,2.07,1.78,1.50499999523163,down,2026-09-11T11:57:18,374.0,461.0
AAPL,2027-03-19,189,Put,460.0,AAPL270319P00460000,124.5,126.9,125.7,0.0,0.0,0.0,0.0,0.0,0.2974,-1.0,0.0,0.0,-0.0142,0.0,125.695,0.0,0.0,0.0,134.474998474121,no_change,,117.0,117.0
AAPL,2027-03-19,189,Call,470.0,AAPL270319C00470000,1.41,1.55,1.48,1.59,0.43,37.069,71.0,293.0,0.2657,0.0594,0.0018,0.2934,-0.0194,0.0931,1.4703,1.37,1.61,1.37,1.16000002622604,down,2026-09-11T11:34:07,450.0,236.0
AAPL,2027-03-19,189,Put,470.0,AAPL270319P00470000,134.5,136.8,135.65,0.0,0.0,0.0,0.0,0.0,0.0,-1.0,0.0,0.0,-0.0142,0.0,135.695,0.0,0.0,0.0,144.599998474121,no_change,,108.0,107.0
AAPL,2027-03-19,189,Call,480.0,AAPL270319C00480000,1.11,1.26,1.185,1.29,0.375,40.9836,4.0,177.0,0.2675,0.0479,0.0016,0.2488,-0.0164,0.0753,1.1457,1.02,1.29,1.02,0.91499999165535,up,2026-09-11T11:10:05,405.0,342.0
AAPL,2027-03-19,189,Put,480.0,AAPL270319P00480000,144.05,147.2,145.625,0.0,0.0,0.0,0.0,0.0,0.0,-1.0,0.0,0.0,-0.0142,0.0,145.695,0.0,0.0,0.0,154.550003051758,no_change,,97.0,98.0
AAPL,2027-03-19,189,Call,490.0,AAPL270319C00490000,0.89,1.02,0.9550000000000001,1.0,0.275,37.931,17.0,434.0,0.2698,0.0387,0.0013,0.2101,-0.0138,0.0607,0.8986,0.87,1.0,0.85,0.725000023841858,up,2026-09-11T11:16:27,197.0,376.0
AAPL,2027-03-19,189,Put,490.0,AAPL270319P00490000,154.05,157.7,155.875,0.0,0.0,0.0,0.0,0.0,0.3688,-1.0,0.0,0.0,-0.0142,0.0,155.695,0.0,0.0,0.0,164.474998474121,no_change,,97.0,101.0
AAPL,2027-03-19,189,Call,500.0,AAPL270319C00500000,0.64,0.8,0.72,0.78,0.195,33.3333,8.0,302.0,0.2689,0.0311,0.0011,0.1766,-0.0115,0.0489,0.7008,0.71,0.78,0.71,0.58500000834465,up,2026-09-11T11:10:59,394.0,329.0
AAPL,2027-03-19,189,Put,500.0,AAPL270319P00500000,164.05,167.45,165.75,0.0,0.0,0.0,0.0,0.0,0.3668,-1.0,0.0,0.0,-0.0142,0.0,165.695,0.0,0.0,0.0,174.550003051758,no_change,,107.0,105.0
AAPL,2027-03-19,189,Call,510.0,AAPL270319C00510000,0.47,0.62,0.5449999999999999,0.6,0.135,29.0323,1.0,83.0,0.2685,0.0252,0.0009,0.1484,-0.0097,0.0394,0.5519,0.6,0.6,0.6,0.464999988675118,up,2026-09-11T11:11:31,611.0,287.0
AAPL,2027-03-19,189,Put,510.0,AAPL270319P00510000,174.05,177.7,175.875,0.0,0.0,0.0,0.0,0.0,0.3985,-1.0,0.0,0.0,-0.0142,0.0,175.695,0.0,0.0,0.0,184.550003051758,no_change,,108.0,101.0
AAPL,2027-03-19,189,Call,520.0,AAPL270319C00520000,0.37,0.49,0.43,0.49,0.145,42.029,2.0,140.0,0.2698,0.0203,0.0008,0.1244,-0.0081,0.0318,0.4334,0.47,0.49,0.47,0.344999998807907,up,2026-09-11T11:10:59,673.0,142.0
AAPL,2027-03-19,189,Put,520.0,AAPL270319P00520000,184.05,187.7,185.875,0.0,0.0,0.0,0.0,0.0,0.4127,-1.0,0.0,0.0,-0.0142,0.0,185.695,0.0,0.0,0.0,194.550003051758,no_change,,97.0,109.0
AAPL,2027-03-19,189,Call,530.0,AAPL270319C00530000,0.24,0.39,0.315,0.35,0.055,18.6441,4.0,33.0,0.2686,0.0163,0.0006,0.1038,-0.0067,0.0256,0.341,0.35,0.38,0.35,0.294999994337559,no_change,2026-09-11T12:28:41,744.0,157.0
AAPL,2027-03-19,189,Put,530.0,AAPL270319P00530000,194.05,197.7,195.875,0.0,0.0,0.0,0.0,0.0,0.4266,-1.0,0.0,0.0,-0.0142,0.0,195.695,0.0,0.0,0.0,204.675003051758,no_change,,97.0,109.0
AAPL,2027-03-19,189,Call,540.0,AAPL270319C00540000,0.2,0.36,0.28,0.22,0.0,0.0,0.0,222.0,0.274,0.0132,0.0005,0.087,-0.0056,0.0207,0.2702,0.0,0.0,0.0,0.244999997317791,up,2026-09-10T13:49:52,555.0,342.0
AAPL,2027-03-19,189,Put,540.0,AAPL270319P00540000,204.05,207.7,205.875,0.0,0.0,0.0,0.0,0.0,0.4402,-1.0,0.0,0.0,-0.0142,0.0,205.695,0.0,0.0,0.0,214.599998474121,no_change,,106.0,97.0
AAPL,2027-03-19,189,Call,550.0,AAPL270319C00550000,0.19,0.28,0.23500000000000001,0.18,0.0,1.65568e-07,3.0,48.0,0.2771,0.0107,0.0004,0.0729,-0.0047,0.0168,0.2151,0.24,0.24,0.18,0.179999999701977,down,2026-09-11T12:37:09,397.0,567.0
AAPL,2027-03-19,189,Put,550.0,AAPL270319P00550000,214.05,217.7,215.875,0.0,0.0,0.0,0.0,0.0,0.4535,-1.0,0.0,0.0,-0.0142,0.0,215.695,0.0,0.0,0.0,224.675003051758,no_change,,97.0,108.0
AAPL,2027-03-19,189,Call,560.0,AAPL270319C00560000,0.1,0.26,0.18,0.17,0.0,0.0,0.0,83.0,0.2773,0.0087,0.0004,0.0611,-0.0039,0.0137,0.1717,0.0,0.0,0.0,0.149999998509884,up,2026-08-20T15:24:39,586.0,338.0
AAPL,2027-03-19,189,Put,560.0,AAPL270319P00560000,224.05,227.5,225.775,0.0,0.0,0.0,0.0,0.0,0.4519,-1.0,0.0,0.0,-0.0142,0.0,225.695,0.0,0.0,0.0,234.550003051758,no_change,,109.0,105.0
AAPL,2027-03-19,189,Call,570.0,AAPL270319C00570000,0.08,0.22,0.15,0.15,0.045,42.8571,1.0,1386.0,0.28,0.0071,0.0003,0.0514,-0.0033,0.0111,0.1382,0.15,0.15,0.15,0.10500000230968,no_change,2026-09-11T09:38:07,371.0,647.0
AAPL,2027-03-19,189,Put,570.0,AAPL270319P00570000,234.05,237.7,235.875,0.0,0.0,0.0,0.0,0.0,0.4792,-1.0,0.0,0.0,-0.0142,0.0,235.695,0.0,0.0,0.0,244.550003051758,no_change,,107.0,98.0
AAPL,2027-03-19,189,Call,580.0,AAPL270319C00580000,0.05,0.19,0.12,0.13,0.025,23.8095,1.0,127.0,0.2815,0.0059,0.0002,0.0433,-0.0028,0.0091,0.1116,0.13,0.13,0.13,0.10499999858439,up,2026-09-11T12:14:02,399.0,619.0
AAPL,2027-03-19,189,Put,580.0,AAPL270319P00580000,244.05,247.45,245.75,0.0,0.0,0.0,0.0,0.0,0.4722,-1.0,0.0,0.0,-0.0142,0.0,245.695,0.0,0.0,0.0,254.574996948242,no_change,,97.0,98.0
AAPL,2027-03-19,189,Call,590.0,AAPL270319C00590000,0.03,0.17,0.1,0.08,0.0,0.0,0.0,7.0,0.284,0.0048,0.0002,0.0368,-0.0024,0.0076,0.0912,0.0,0.0,0.0,0.0900000026449561,down,2026-09-02T10:50:15,466.0,486.0
AAPL,2027-03-19,189,Put,590.0,AAPL270319P00590000,254.05,257.45,255.75,0.0,0.0,0.0,0.0,0.0,0.4841,-1.0,0.0,0.0,-0.0142,0.0,255.695,0.0,0.0,0.0,264.549987792969,no_change,,97.0,99.0
AAPL,2027-03-19,189,Call,600.0,AAPL270319C00600000,0.07,0.08,0.07500000000000001,0.08,-0.005,-5.88235,2.0,4312.0,0.2833,0.004,0.0002,0.0314,-0.002,0.0063,0.0753,0.07,0.08,0.07,0.0850000008940697,up,2026-09-11T10:58:11,25.0,10.0
AAPL,2027-03-19,189,Put,600.0,AAPL270319P00600000,264.05,267.6,265.82500000000005,283.39,0.0,0.0,0.0,0.0,0.5086,-1.0,0.0,0.0,-0.0142,0.0,265.695,0.0,0.0,0.0,274.549987792969,up,2026-09-08T09:48:06,97.0,98.0
AAPL,2027-04-16,217,Call,195.0,AAPL270416C00195000,143.5,146.5,145.0,0.0,0.0,0.0,0.0,0.0,0.3829,0.9792,0.0005,0.1338,-0.0064,1.0819,145.066,0.0,0.0,0.0,136.650001525879,no_change,,146.0,148.0
AAPL,2027-04-16,217,Put,195.0,AAPL270416P00195000,0.82,0.91,0.865,0.93,0.0,0.0,0.0,102.0,0.3895,-0.0214,0.0005,0.1351,-0.0115,-0.0437,0.8491,0.0,0.0,0.0,0.9549999833107,down,2026-09-10T14:44:13,361.0,89.0
AAPL,2027-04-16,217,Call,200.0,AAPL270416C00200000,139.3,142.1,140.7,134.87,0.0,0.0,0.0,1.0,0.4053,0.9763,0.0006,0.1494,-0.0077,1.1043,140.3216,0.0,0.0,0.0,131.924995422363,up,2026-09-03T10:19:56,138.0,138.0
AAPL,2027-04-16,217,Put,200.0,AAPL270416P00200000,0.93,1.11,1.02,1.14,0.0,0.0,0.0,210.0,0.3848,-0.0244,0.0006,0.1518,-0.0127,-0.0499,0.9704,0.0,0.0,0.0,1.08999997377396,up,2026-09-10T13:25:06,286.0,465.0
AAPL,2027-04-16,217,Call,210.0,AAPL270416C00210000,129.4,132.7,131.05,111.93,0.0,0.0,0.0,1.0,0.3776,0.9692,0.0007,0.1852,-0.0105,1.1463,130.8846,0.0,0.0,0.0,122.575000762939,down,2026-08-27T14:22:02,157.0,163.0
AAPL,2027-04-16,217,Put,210.0,AAPL270416P00210000,1.23,1.32,1.275,1.5,0.08,5.6338,70.0,341.0,0.3694,-0.0316,0.0008,0.187,-0.0153,-0.0644,1.2617,1.5,1.5,1.5,1.4200000166893,up,2026-09-11T09:33:00,317.0,80.0
AAPL,2027-04-16,217,Call,215.0,AAPL270416C00215000,125.2,127.7,126.45,112.89,0.0,0.0,0.0,5.0,0.3748,0.9649,0.0008,0.2056,-0.0121,1.1659,126.1965,0.0,0.0,0.0,117.875,up,2026-09-04T10:44:47,127.0,133.0
AAPL,2027-04-16,217,Put,215.0,AAPL270416P00215000,1.41,1.49,1.45,1.45,-0.205,-12.3867,4.0,81.0,0.3632,-0.036,0.0008,0.2084,-0.0167,-0.0731,1.4386,1.45,1.45,1.45,1.65499997138977,down,2026-09-11T11:47:41,302.0,51.0
AAPL,2027-04-16,217,Call,220.0,AAPL270416C00220000,120.6,122.95,121.775,117.39,0.0,0.0,0.0,2.0,0.3673,0.9601,0.0009,0.2281,-0.0138,1.1841,121.5324,0.0,0.0,0.0,113.25,up,2026-09-03T11:54:22,129.0,132.0
AAPL,2027-04-16,217,Put,220.0,AAPL270416P00220000,1.61,1.73,1.67,2.05,0.0,0.0,0.0,26.0,0.3577,-0.041,0.001,0.2314,-0.0183,-0.0833,1.6451,0.0,0.0,0.0,1.92499995231628,no_change,2026-09-10T12:20:53,238.0,334.0
AAPL,2027-04-16,217,Call,225.0,AAPL270416C00225000,115.9,118.35,117.125,0.0,0.0,0.0,0.0,0.0,0.3602,0.9547,0.0011,0.2521,-0.0156,1.201,116.8957,0.0,0.0,0.0,108.674999237061,no_change,,145.0,149.0
AAPL,2027-04-16,217,Put,225.0,AAPL270416P00225000,1.78,2.06,1.92,1.98,0.0,0.0,0.0,30.0,0.3531,-0.0464,0.0011,0.2545,-0.02,-0.0938,1.8709,0.0,0.0,0.0,2.14999997615814,no_change,2026-09-03T10:20:44,118.0,210.0
AAPL,2027-04-16,217,Call,230.0,AAPL270416C00230000,111.3,113.9,112.6,102.03,0.0,0.0,0.0,10.0,0.3568,0.9487,0.0012,0.278,-0.0175,1.2166,112.2893,0.0,0.0,0.0,104.099998474121,up,2026-09-10T11:32:10,136.0,134.0
AAPL,2027-04-16,217,Put,230.0,AAPL270416P00230000,2.09,2.18,2.135,2.47,0.0,0.0,0.0,80.0,0.3458,-0.0525,0.0012,0.2818,-0.0218,-0.1062,2.1313,0.0,0.0,0.0,2.4650000333786,down,2026-09-10T13:32:13,299.0,49.0
AAPL,2027-04-16,217,Call,235.0,AAPL270416C00235000,106.75,108.85,107.8,90.1,0.0,0.0,0.0,5.0,0.3432,0.9419,0.0013,0.3063,-0.0195,1.2304,107.7173,0.0,0.0,0.0,99.5999984741211,no_change,2026-09-08T12:54:05,127.0,115.0
AAPL,2027-04-16,217,Put,235.0,AAPL270416P00235000,2.38,2.5,2.44,3.25,0.0,0.0,0.0,159.0,0.3409,-0.0595,0.0014,0.3106,-0.0237,-0.1201,2.4284,0.0,0.0,0.0,2.83500003814697,no_change,2026-09-08T15:05:28,244.0,150.0
AAPL,2027-04-16,217,Call,240.0,AAPL270416C00240000,102.25,104.35,103.3,86.0,0.0,0.0,0.0,14.0,0.339,0.9344,0.0015,0.3363,-0.0216,1.2423,103.1844,0.0,0.0,0.0,95.0,down,2026-09-09T15:15:55,133.0,132.0
AAPL,2027-04-16,217,Put,240.0,AAPL270416P00240000,2.71,2.83,2.77,2.79,-0.485,-14.8092,7.0,250.0,0.3357,-0.0672,0.0015,0.3399,-0.0257,-0.1349,2.7647,2.87,2.87,2.79,3.27500009536743,down,2026-09-11T11:50:25,358.0,187.0
AAPL,2027-04-16,217,Call,245.0,AAPL270416C00245000,97.7,99.75,98.725,81.14,0.0,0.0,0.0,28.0,0.3315,0.926,0.0016,0.368,-0.0239,1.2526,98.6946,0.0,0.0,0.0,90.5,down,2026-09-09T09:45:41,147.0,91.0
AAPL,2027-04-16,217,Put,245.0,AAPL270416P00245000,3.05,3.25,3.15,3.28,-0.445,-11.9463,3.0,65.0,0.3307,-0.0759,0.0017,0.3737,-0.0279,-0.1519,3.1473,3.28,3.28,3.28,3.72499990463257,no_change,2026-09-11T09:46:10,350.0,313.0
AAPL,2027-04-16,217,Call,250.0,AAPL270416C00250000,93.25,95.65,94.45,93.55,7.425,8.62119,7.0,48.0,0.331,0.9167,0.0018,0.4023,-0.0262,1.2605,94.2528,92.15,94.0,92.15,86.125,down,2026-09-11T09:44:52,223.0,226.0
AAPL,2027-04-16,217,Put,250.0,AAPL270416P00250000,3.5,3.7,3.6,3.61,-0.665,-15.5556,3.0,140.0,0.3266,-0.0855,0.0019,0.4084,-0.0301,-0.1712,3.5792,3.8,3.8,3.6,4.27500009536743,up,2026-09-11T10:58:55,388.0,471.0
AAPL,2027-04-16,217,Call,255.0,AAPL270416C00255000,88.9,91.25,90.075,82.0,0.0,0.0,0.0,31.0,0.3265,0.9064,0.002,0.438,-0.0286,1.2662,89.8652,0.0,0.0,0.0,81.7749977111816,up,2026-09-10T15:34:17,149.0,153.0
AAPL,2027-04-16,217,Put,255.0,AAPL270416P00255000,3.95,4.2,4.075,4.15,-0.725,-14.8718,19.0,87.0,0.3219,-0.0961,0.0021,0.4435,-0.0325,-0.1909,4.0652,4.15,4.15,4.15,4.875,no_change,2026-09-11T10:25:14,493.0,422.0
AAPL,2027-04-16,217,Call,260.0,AAPL270416C00260000,84.55,86.25,85.4,67.78,0.0,0.0,0.0,7.0,0.3145,0.8951,0.0022,0.4751,-0.0311,1.2697,85.5364,0.0,0.0,0.0,77.6000022888184,down,2026-09-09T14:47:03,339.0,62.0
AAPL,2027-04-16,217,Put,260.0,AAPL270416P00260000,4.55,4.65,4.6,4.6,-0.9,-16.3636,1069.0,49.0,0.3173,-0.1076,0.0023,0.483,-0.0349,-0.2131,4.6075,4.8,4.8,4.6,5.5,no_change,2026-09-11T12:09:13,446.0,17.0
AAPL,2027-04-16,217,Call,265.0,AAPL270416C00265000,80.3,81.7,81.0,64.7,0.0,0.0,0.0,6.0,0.308,0.8827,0.0024,0.5144,-0.0337,1.2702,81.2728,0.0,0.0,0.0,73.4750022888184,no_change,2026-09-09T15:44:06,421.0,10.0
AAPL,2027-04-16,217,Put,265.0,AAPL270416P00265000,5.15,5.35,5.25,6.5,0.0,0.0,0.0,89.0,0.3138,-0.1206,0.0025,0.522,-0.0374,-0.2381,5.2287,0.0,0.0,0.0,6.22499990463257,no_change,2026-09-10T11:14:50,310.0,357.0
AAPL,2027-04-16,217,Call,270.0,AAPL270416C00270000,76.15,78.0,77.075,76.85,7.375,10.6153,1.0,41.0,0.3094,0.8691,0.0027,0.5543,-0.0362,1.2682,77.0813,76.85,76.85,76.85,69.4749984741211,up,2026-09-11T12:07:57,427.0,319.0
AAPL,2027-04-16,217,Put,270.0,AAPL270416P00270000,5.8,6.05,5.925,5.92,-1.08,-15.4286,11.0,252.0,0.3098,-0.1345,0.0028,0.562,-0.04,-0.2638,5.9113,5.88,5.92,5.88,7.0,up,2026-09-11T12:10:11,431.0,316.0
AAPL,2027-04-16,217,Call,275.0,AAPL270416C00275000,72.05,73.85,72.94999999999999,66.5,0.0,0.0,0.0,33.0,0.3056,0.8544,0.0029,0.5952,-0.0389,1.2637,72.9672,0.0,0.0,0.0,65.5499992370606,up,2026-09-10T15:50:56,374.0,138.0
AAPL,2027-04-16,217,Put,275.0,AAPL270416P00275000,6.6,6.75,6.675,6.84,-1.085,-13.6909,4.0,200.0,0.3056,-0.1501,0.003,0.6059,-0.0426,-0.293,6.6904,6.95,6.95,6.7,7.92500019073486,up,2026-09-11T10:36:14,482.0,29.0
AAPL,2027-04-16,217,Call,280.0,AAPL270416C00280000,67.7,69.65,68.67500000000001,68.85,6.975,11.2727,4.0,248.0,0.2982,0.8384,0.0031,0.6373,-0.0415,1.2555,68.9379,67.23,69.71,67.23,61.875,no_change,2026-09-11T12:28:52,581.0,188.0
AAPL,2027-04-16,217,Put,280.0,AAPL270416P00280000,7.45,7.8,7.625,7.81,-1.19,-13.2222,5.0,213.0,0.3038,-0.1665,0.0033,0.6457,-0.0452,-0.3225,7.5404,7.81,7.81,7.81,9.0,down,2026-09-11T09:39:55,342.0,564.0
AAPL,2027-04-16,217,Call,285.0,AAPL270416C00285000,64.05,65.85,64.94999999999999,53.0,0.0,0.0,0.0,2175.0,0.2983,0.8212,0.0034,0.6788,-0.0441,1.2449,65.0004,0.0,0.0,0.0,57.7250003814697,down,2026-09-10T10:14:20,434.0,81.0
AAPL,2027-04-16,217,Put,285.0,AAPL270416P00285000,8.4,8.65,8.525,8.77,-1.33,-13.1683,3.0,277.0,0.2994,-0.1846,0.0035,0.6891,-0.0479,-0.3558,8.5001,9.35,9.35,8.77,10.0999999046326,down,2026-09-11T10:24:07,523.0,187.0
AAPL,2027-04-16,217,Call,290.0,AAPL270416C00290000,60.45,62.15,61.3,61.3,7.3,13.5185,4.0,46.0,0.2978,0.8027,0.0036,0.7204,-0.0466,1.2312,61.1602,56.9,62.45,56.9,54.0,down,2026-09-11T11:56:23,389.0,371.0
AAPL,2027-04-16,217,Put,290.0,AAPL270416P00290000,9.45,9.75,9.6,9.6,-1.775,-15.6044,6.0,258.0,0.2965,-0.2039,0.0038,0.7321,-0.0505,-0.3911,9.5579,10.74,10.74,9.6,11.375,down,2026-09-11T11:50:12,552.0,189.0
AAPL,2027-04-16,217,Call,295.0,AAPL270416C00295000,56.55,58.7,57.625,45.1,0.0,0.0,0.0,22.0,0.2955,0.783,0.0039,0.7615,-0.0491,1.2138,57.4257,0.0,0.0,0.0,50.7000007629394,up,2026-09-10T09:55:34,401.0,424.0
AAPL,2027-04-16,217,Put,295.0,AAPL270416P00295000,10.6,11.0,10.8,11.1,-1.65,-12.9412,2.0,419.0,0.294,-0.2244,0.0041,0.771,-0.053,-0.425,10.7149,11.1,11.1,11.1,12.75,down,2026-09-11T09:41:57,509.0,588.0
AAPL,2027-04-16,217,Call,300.0,AAPL270416C00300000,53.25,54.8,54.025,55.1,8.0,16.9851,1.0,106.0,0.2928,0.7621,0.0041,0.8008,-0.0514,1.1942,53.8024,55.1,55.1,55.1,47.1000003814697,up,2026-09-11T11:24:29,95.0,280.0
AAPL,2027-04-16,217,Put,300.0,AAPL270416P00300000,11.9,12.25,12.075,12.28,-1.92,-13.5211,21.0,100.0,0.291,-0.2464,0.0043,0.8118,-0.0555,-0.4622,11.9971,13.39,13.39,12.28,14.2000002861023,down,2026-09-11T10:25:05,543.0,408.0
AAPL,2027-04-16,217,Call,305.0,AAPL270416C00305000,49.45,51.95,50.7,34.5,0.0,0.0,0.0,16.0,0.2922,0.7401,0.0044,0.839,-0.0536,1.1709,50.2965,0.0,0.0,0.0,44.125,down,2026-09-09T14:28:35,434.0,525.0
AAPL,2027-04-16,217,Put,305.0,AAPL270416P00305000,13.3,13.65,13.475000000000001,14.0,-1.825,-11.5324,105.0,71.0,0.288,-0.2699,0.0046,0.8496,-0.0578,-0.5005,13.4205,14.5,14.5,14.0,15.8249998092651,down,2026-09-11T09:57:32,565.0,388.0
AAPL,2027-04-16,217,Call,310.0,AAPL270416C00310000,46.2,47.45,46.825,44.11,3.36,8.2454,3.0,84.0,0.2838,0.7169,0.0046,0.8746,-0.0557,1.1448,46.9155,46.85,46.85,44.11,40.75,down,2026-09-11T09:48:54,437.0,78.0
AAPL,2027-04-16,217,Put,310.0,AAPL270416P00310000,14.85,15.2,15.024999999999999,15.22,-2.43,-13.7677,113.0,520.0,0.2858,-0.2942,0.0049,0.884,-0.06,-0.5391,14.9446,15.65,15.65,15.18,17.6500005722046,up,2026-09-11T12:10:11,410.0,382.0
AAPL,2027-04-16,217,Call,315.0,AAPL270416C00315000,43.35,45.05,44.2,43.59,5.665,14.9374,45.0,141.0,0.2884,0.6927,0.0048,0.9073,-0.0575,1.1164,43.6629,39.8,44.8,39.8,37.9250011444092,down,2026-09-11T12:06:25,434.0,873.0
AAPL,2027-04-16,217,Put,315.0,AAPL270416P00315000,16.5,16.95,16.725,16.8,-2.775,-14.1762,10.0,279.0,0.2834,-0.3203,0.0051,0.9172,-0.0621,-0.5825,16.6377,18.8,18.8,16.8,19.5749998092651,down,2026-09-11T10:27:23,473.0,400.0
AAPL,2027-04-16,217,Call,320.0,AAPL270416C00320000,39.85,41.05,40.45,40.5,5.7,16.3793,41.0,87.0,0.2792,0.6677,0.005,0.9373,-0.0591,1.0844,40.5451,38.0,41.5,38.0,34.8000011444092,down,2026-09-11T12:29:34,776.0,101.0
AAPL,2027-04-16,217,Put,320.0,AAPL270416P00320000,18.3,18.75,18.525,18.53,-3.12,-14.4111,48.0,155.0,0.2809,-0.3471,0.0054,0.9439,-0.0639,-0.6189,18.4617,19.12,19.2,18.53,21.6499996185303,down,2026-09-11T10:43:28,359.0,360.0
AAPL,2027-04-16,217,Call,325.0,AAPL270416C00325000,37.25,38.2,37.725,37.52,5.42,16.8847,10.0,196.0,0.2798,0.6418,0.0052,0.9631,-0.0605,1.051,37.5662,33.44,38.66,33.44,32.0999994277954,down,2026-09-11T12:06:25,524.0,484.0
AAPL,2027-04-16,217,Put,325.0,AAPL270416P00325000,20.25,20.75,20.5,20.52,-3.355,-14.0524,10.0,148.0,0.2791,-0.3746,0.0056,0.9682,-0.0655,-0.6594,20.4116,20.55,20.55,20.2,23.875,up,2026-09-11T11:47:41,447.0,458.0
AAPL,2027-04-16,217,Call,330.0,AAPL270416C00330000,34.35,35.6,34.975,35.08,5.48,18.5135,51.0,129.0,0.2787,0.6153,0.0054,0.9852,-0.0616,1.0149,34.7284,30.7,35.08,30.7,29.6000003814697,up,2026-09-11T11:37:33,338.0,681.0
AAPL,2027-04-16,217,Put,330.0,AAPL270416P00330000,22.35,22.8,22.575000000000003,22.65,-3.65,-13.8783,23.0,109.0,0.2766,-0.4034,0.0058,0.987,-0.0669,-0.6946,22.5372,23.78,23.78,22.4,26.2999992370605,up,2026-09-11T12:39:30,239.0,326.0
AAPL,2027-04-16,217,Call,335.0,AAPL270416C00335000,31.65,32.6,32.125,32.95,5.825,21.4747,44.0,914.0,0.2753,0.5882,0.0055,1.0028,-0.0624,0.9766,32.0362,29.13,33.2,29.13,27.125,up,2026-09-11T11:26:46,675.0,375.0
AAPL,2027-04-16,217,Put,335.0,AAPL270416P00335000,24.65,25.15,24.9,24.7,-4.1,-14.2361,6.0,62.0,0.2753,-0.4328,0.006,1.0011,-0.068,-0.7331,24.8148,26.35,26.35,24.7,28.8000001907349,down,2026-09-11T11:41:43,261.0,556.0
AAPL,2027-04-16,217,Call,340.0,AAPL270416C00340000,29.3,29.75,29.525,30.3,5.425,21.809,5.0,524.0,0.2732,0.5608,0.0056,1.0158,-0.063,0.9377,29.4891,28.9,30.3,28.4,24.875,up,2026-09-11T10:58:13,507.0,108.0
AAPL,2027-04-16,217,Put,340.0,AAPL270416P00340000,26.95,27.65,27.299999999999997,27.7,-3.85,-12.2029,10.0,6.0,0.2733,-0.4628,0.0061,1.0094,-0.0689,-0.7671,27.2521,27.7,27.7,27.7,31.5500001907349,down,2026-09-11T09:43:15,381.0,552.0
AAPL,2027-04-16,217,Call,345.0,AAPL270416C00345000,26.9,27.3,27.1,27.37,4.645,20.44,122.0,285.0,0.2715,0.5332,0.0057,1.0241,-0.0632,0.8964,27.0884,26.11,27.37,26.11,22.7249994277954,up,2026-09-11T12:15:46,483.0,54.0
AAPL,2027-04-16,217,Put,345.0,AAPL270416P00345000,29.7,30.15,29.924999999999997,29.7,-4.675,-13.6,25.0,1.0,0.2718,-0.4932,0.0062,1.0117,-0.0695,-0.7947,29.8553,29.55,29.7,29.55,34.375,up,2026-09-11T11:22:49,157.0,306.0
AAPL,2027-04-16,217,Call,350.0,AAPL270416C00350000,24.6,25.0,24.8,24.9,4.2,20.2899,105.0,729.0,0.2697,0.5056,0.0057,1.0276,-0.0632,0.855,24.8342,24.2,25.82,23.75,20.6999998092651,down,2026-09-11T12:35:33,595.0,21.0
AAPL,2027-04-16,217,Put,350.0,AAPL270416P00350000,32.25,33.0,32.625,38.0,0.0,0.0,0.0,19.0,0.2698,-0.5243,0.0063,1.008,-0.0699,-0.8268,32.6419,0.0,0.0,0.0,37.4000015258789,no_change,2026-09-10T12:44:47,133.0,156.0
AAPL,2027-04-16,217,Call,355.0,AAPL270416C00355000,22.5,22.9,22.7,23.32,4.445,23.5497,22.0,204.0,0.2686,0.4782,0.0057,1.0263,-0.0629,0.8131,22.7226,21.55,23.32,21.55,18.875,up,2026-09-11T10:58:08,472.0,198.0
AAPL,2027-04-16,217,Put,355.0,AAPL270416P00355000,35.05,35.95,35.5,0.0,0.0,0.0,0.0,0.0,0.2681,-0.5551,0.0064,0.9953,-0.0699,-0.8417,35.5677,0.0,0.0,0.0,40.7000007629394,no_change,,152.0,186.0
AAPL,2027-04-16,217,Call,360.0,AAPL270416C00360000,20.55,20.9,20.725,20.97,3.845,22.4526,67.0,1409.0,0.2675,0.451,0.0057,1.0202,-0.0623,0.7701,20.7531,17.75,21.44,17.75,17.125,no_change,2026-09-11T12:14:42,413.0,128.0
AAPL,2027-04-16,217,Put,360.0,AAPL270416P00360000,37.75,39.4,38.575,0.0,0.0,0.0,0.0,0.0,0.267,-0.5859,0.0065,0.983,-0.0698,-0.8689,38.6483,0.0,0.0,0.0,44.3500003814697,no_change,,533.0,345.0
AAPL,2027-04-16,217,Call,365.0,AAPL270416C00365000,18.7,19.05,18.875,19.42,3.895,25.0886,46.0,218.0,0.2663,0.4243,0.0057,1.0099,-0.0615,0.7283,18.9209,17.1,19.42,17.1,15.5250000953674,up,2026-09-11T10:58:08,415.0,139.0
AAPL,2027-04-16,217,Put,365.0,AAPL270416P00365000,41.25,42.65,41.95,0.0,0.0,0.0,0.0,0.0,0.2675,-0.6164,0.0065,0.9602,-0.0694,-0.8774,41.881,0.0,0.0,0.0,47.6749992370606,no_change,,178.0,603.0
AAPL,2027-04-16,217,Call,370.0,AAPL270416C00370000,17.0,17.35,17.175,17.7,3.625,25.7549,159.0,206.0,0.2655,0.3982,0.0056,0.9952,-0.0604,0.6861,17.221,15.75,17.7,15.75,14.0749998092651,up,2026-09-11T10:56:55,310.0,241.0
AAPL,2027-04-16,217,Put,370.0,AAPL270416P00370000,44.65,46.25,45.45,0.0,0.0,0.0,0.0,0.0,0.2678,-0.6467,0.0065,0.9298,-0.0688,-0.874,45.276,0.0,0.0,0.0,51.3500003814697,no_change,,127.0,643.0
AAPL,2027-04-16,217,Call,375.0,AAPL270416C00375000,15.45,15.8,15.625,16.3,3.575,28.0943,10.0,53.0,0.265,0.3728,0.0055,0.9765,-0.059,0.6446,15.6499,16.25,16.3,16.25,12.7249999046326,no_change,2026-09-11T11:18:25,225.0,465.0
AAPL,2027-04-16,217,Put,375.0,AAPL270416P00375000,47.35,49.95,48.650000000000006,51.65,0.0,0.0,0.0,3.0,0.2635,-0.6765,0.0065,0.9007,-0.0681,-0.8752,48.8071,0.0,0.0,0.0,55.2999992370606,no_change,2026-09-03T11:12:18,561.0,420.0
AAPL,2027-04-16,217,Call,380.0,AAPL270416C00380000,13.95,14.3,14.125,14.0,2.5,21.7391,2.0,367.0,0.2638,0.3482,0.0054,0.9548,-0.0576,0.6047,14.2001,14.61,14.61,14.0,11.5,down,2026-09-11T11:56:51,441.0,281.0
AAPL,2027-04-16,217,Put,380.0,AAPL270416P00380000,51.85,53.7,52.775000000000006,53.65,-5.15,-8.7585,3.0,4.0,0.268,-0.7058,0.0064,0.8575,-0.0671,-0.8529,52.4856,53.65,53.65,53.65,58.7999992370606,down,2026-09-11T09:37:49,141.0,474.0
AAPL,2027-04-16,217,Call,385.0,AAPL270416C00385000,12.65,13.0,12.825,12.85,2.475,23.8554,7.0,127.0,0.2636,0.3245,0.0053,0.9294,-0.0559,0.5649,12.8663,12.28,13.4,11.9,10.375,down,2026-09-11T12:11:46,241.0,556.0
AAPL,2027-04-16,217,Put,385.0,AAPL270416P00385000,55.25,57.65,56.45,56.37,-6.68,-10.5948,3.0,0.0,0.2658,-0.7346,0.0064,0.8114,-0.0662,-0.8485,56.3104,56.37,56.37,56.37,63.0499992370606,no_change,2026-09-11T12:23:25,466.0,480.0
AAPL,2027-04-16,217,Call,390.0,AAPL270416C00390000,11.45,11.8,11.625,11.6,2.25,24.0642,41.0,75.0,0.2634,0.3017,0.0051,0.9016,-0.054,0.527,11.6428,11.25,11.71,11.05,9.34999990463257,no_change,2026-09-11T12:31:44,217.0,606.0
AAPL,2027-04-16,217,Put,390.0,AAPL270416P00390000,59.2,61.6,60.400000000000006,0.0,0.0,0.0,0.0,0.0,0.2656,-0.7626,0.0063,0.765,-0.0651,-0.8212,60.253,0.0,0.0,0.0,67.3499984741211,no_change,,374.0,384.0
AAPL,2027-04-16,217,Call,395.0,AAPL270416C00395000,10.3,10.65,10.475000000000001,10.1,1.675,19.8813,4.0,803.0,0.2627,0.28,0.0049,0.8718,-0.0521,0.4907,10.5217,10.1,10.1,10.1,8.42500019073486,no_change,2026-09-11T10:06:36,430.0,414.0
AAPL,2027-04-16,217,Put,395.0,AAPL270416P00395000,62.65,65.4,64.025,0.0,0.0,0.0,0.0,0.0,0.2587,-0.7897,0.0062,0.7036,-0.0638,-0.7588,64.3319,0.0,0.0,0.0,71.5999984741211,no_change,,423.0,372.0
AAPL,2027-04-16,217,Call,400.0,AAPL270416C00400000,9.3,9.6,9.45,10.0,2.425,32.0132,14.0,331.0,0.2624,0.2593,0.0048,0.8394,-0.05,0.4552,9.4976,9.1,10.0,8.9,7.57499980926514,up,2026-09-11T11:12:52,442.0,300.0
AAPL,2027-04-16,217,Put,400.0,AAPL270416P00400000,67.45,70.0,68.725,71.42,0.0,0.0,0.0,1.0,0.266,-0.8167,0.0062,0.648,-0.0626,-0.7447,68.5327,0.0,0.0,0.0,76.1749992370606,down,2026-09-03T11:17:23,368.0,372.0
AAPL,2027-04-16,217,Call,405.0,AAPL270416C00405000,8.3,8.7,8.5,8.2,1.375,20.1465,2.0,158.0,0.2619,0.2397,0.0046,0.8061,-0.0479,0.422,8.5641,8.2,8.2,8.2,6.82500004768372,no_change,2026-09-11T10:06:33,615.0,348.0
AAPL,2027-04-16,217,Put,405.0,AAPL270416P00405000,71.25,74.3,72.775,0.0,0.0,0.0,0.0,0.0,0.2616,-0.8426,0.0061,0.5868,-0.0612,-0.6845,72.8396,0.0,0.0,0.0,80.5,no_change,,406.0,460.0
AAPL,2027-04-16,217,Call,410.0,AAPL270416C00410000,7.5,7.85,7.675,7.85,1.725,28.1633,12.0,72.0,0.262,0.2212,0.0044,0.772,-0.0458,0.3905,7.7137,7.4,8.03,7.4,6.125,down,2026-09-11T11:38:07,522.0,232.0
AAPL,2027-04-16,217,Put,410.0,AAPL270416P00410000,75.6,78.7,77.15,76.6,-8.6,-10.0939,25.0,0.0,0.2601,-0.8674,0.006,0.5146,-0.0589,-0.5686,77.2628,76.6,76.6,76.6,85.2000007629394,down,2026-09-11T11:22:49,450.0,453.0
AAPL,2027-04-16,217,Call,420.0,AAPL270416C00420000,6.1,6.35,6.225,6.5,1.525,30.6533,22.0,275.0,0.2621,0.1875,0.004,0.701,-0.0414,0.332,6.2413,5.95,6.5,5.9,4.97500014305115,no_change,2026-09-11T11:08:32,498.0,467.0
AAPL,2027-04-16,217,Put,420.0,AAPL270416P00420000,84.75,88.05,86.4,0.0,0.0,0.0,0.0,0.0,0.2617,-0.9149,0.0056,0.3718,-0.0593,-0.4215,86.4212,0.0,0.0,0.0,94.5,no_change,,148.0,143.0
AAPL,2027-04-16,217,Call,430.0,AAPL270416C00430000,4.85,5.2,5.025,5.3,1.35,34.1772,7.0,56.0,0.2622,0.1579,0.0036,0.6302,-0.037,0.2804,5.0331,5.0,5.3,5.0,3.94999992847443,up,2026-09-11T11:14:11,470.0,484.0
AAPL,2027-04-16,217,Put,430.0,AAPL270416P00430000,94.3,97.15,95.725,0.0,0.0,0.0,0.0,0.0,0.2393,-0.9529,0.0044,0.21,-0.0516,-0.2034,95.9505,0.0,0.0,0.0,104.5,no_change,,137.0,138.0
AAPL,2027-04-16,217,Call,440.0,AAPL270416C00440000,3.9,4.2,4.05,3.71,0.51,15.9375,54.0,202.0,0.2625,0.1323,0.0032,0.5616,-0.0328,0.2359,4.0484,3.34,3.72,3.34,3.19999992847443,no_change,2026-09-11T09:48:30,485.0,394.0
AAPL,2027-04-16,217,Put,440.0,AAPL270416P00440000,104.15,107.55,105.85,0.0,0.0,0.0,0.0,0.0,0.2726,-0.9804,0.0026,0.0883,-0.0255,-0.0853,105.7603,0.0,0.0,0.0,114.549999237061,no_change,,128.0,113.0
AAPL,2027-04-16,217,Call,450.0,AAPL270416C00450000,3.15,3.4,3.275,3.35,0.77,29.845,32.0,59.0,0.2633,0.1104,0.0028,0.4957,-0.0289,0.1969,3.2499,3.17,3.35,3.17,2.58000004291534,up,2026-09-11T10:42:39,222.0,381.0
AAPL,2027-04-16,217,Put,450.0,AAPL270416P00450000,114.2,117.65,115.92500000000001,0.0,0.0,0.0,0.0,0.0,0.2949,-0.9941,0.001,0.0146,-0.0125,0.0,115.715,0.0,0.0,0.0,124.525001525879,no_change,,96.0,112.0
AAPL,2027-04-16,217,Call,460.0,AAPL270416C00460000,2.55,2.71,2.63,2.8,0.74,35.9223,84.0,142.0,0.2638,0.0918,0.0024,0.4351,-0.0252,0.1641,2.6048,2.58,2.8,2.58,2.06000006198883,no_change,2026-09-11T11:05:35,210.0,451.0
AAPL,2027-04-16,217,Put,460.0,AAPL270416P00460000,124.2,127.2,125.7,0.0,0.0,0.0,0.0,0.0,0.0,-0.9993,0.0001,0.0,-0.0125,0.0,125.715,0.0,0.0,0.0,134.399993896484,no_change,,104.0,104.0
AAPL,2027-04-16,217,Call,470.0,AAPL270416C00470000,2.01,2.25,2.13,2.19,0.54,32.7273,93.0,31.0,0.265,0.0761,0.0021,0.3789,-0.0219,0.1362,2.0865,1.98,2.26,1.95,1.64999997615814,no_change,2026-09-11T11:35:40,344.0,564.0
AAPL,2027-04-16,217,Put,470.0,AAPL270416P00470000,134.05,137.7,135.875,0.0,0.0,0.0,0.0,0.0,0.323,-1.0,0.0,0.0,-0.0125,0.0,135.715,0.0,0.0,0.0,144.399993896484,no_change,,97.0,111.0
AAPL,2027-06-17,279,Call,5.0,AAPL270617C00005000,327.45,331.1,329.275,299.91,0.0,0.0,0.0,0.0,0.0,1.0,0.0,0.0002,0.0,0.0091,329.4564,0.0,0.0,0.0,320.550003051758,down,2026-08-04T10:13:24,120.0,16.0
AAPL,2027-06-17,279,Put,5.0,AAPL270617P00005000,0.0,0.26,0.13,0.06,0.0,0.0,0.0,13.0,2.0071,0.0,0.0,0.0001,0.0,0.0,0.001,0.0,0.0,0.0,0.254999995231628,no_change,2026-08-19T14:46:08,0.0,396.0
AAPL,2027-06-17,279,Call,10.0,AAPL270617C00010000,322.6,326.15,324.375,0.0,0.0,0.0,0.0,0.0,0.0,1.0,0.0,0.0002,0.0,0.0206,324.4982,0.0,0.0,0.0,315.849990844727,no_change,,102.0,8.0
AAPL,2027-06-17,279,Put,10.0,AAPL270617P00010000,0.0,0.27,0.135,0.01,0.0,0.0,0.0,10.0,1.6332,0.0,0.0,0.0003,-0.0001,-0.0001,0.0022,0.0,0.0,0.0,0.245000004768372,down,2026-06-08T12:09:49,0.0,297.0
AAPL,2027-06-17,279,Call,15.0,AAPL270617C00015000,317.7,321.35,319.525,291.6,0.0,0.0,0.0,10.0,0.0,1.0,0.0,0.0002,0.0,0.0472,319.5574,0.0,0.0,0.0,310.725006103516,up,2026-08-04T12:26:37,108.0,16.0
AAPL,2027-06-17,279,Put,15.0,AAPL270617P00015000,0.0,0.27,0.135,0.05,0.0,0.0,0.0,2.0,1.4251,0.0,0.0,0.0006,-0.0001,-0.0001,0.0036,0.0,0.0,0.0,0.25,up,2026-02-05T14:09:34,0.0,390.0
AAPL,2027-06-17,279,Call,20.0,AAPL270617C00020000,312.85,316.5,314.675,0.0,0.0,0.0,0.0,0.0,1.1437,1.0,0.0,0.0005,0.0,0.0811,314.6465,0.0,0.0,0.0,305.850006103516,no_change,,125.0,16.0
AAPL,2027-06-17,279,Put,20.0,AAPL270617P00020000,0.0,0.26,0.13,0.02,0.0,0.0,0.0,15.0,1.2779,-0.0001,0.0,0.0008,-0.0001,-0.0002,0.0054,0.0,0.0,0.0,0.25,no_change,2026-05-06T11:53:10,0.0,468.0
AAPL,2027-06-17,279,Call,25.0,AAPL270617C00025000,308.0,311.65,309.825,270.32,0.0,0.0,0.0,2.0,1.1,1.0,0.0,0.001,0.0,0.1587,309.7662,0.0,0.0,0.0,300.975006103516,up,2026-06-24T14:53:24,112.0,16.0
AAPL,2027-06-17,279,Put,25.0,AAPL270617P00025000,0.0,0.27,0.135,0.03,0.0,0.0,0.0,56.0,1.1762,-0.0001,0.0,0.0012,-0.0002,-0.0003,0.0074,0.0,0.0,0.0,0.25,no_change,2026-05-19T14:20:22,0.0,304.0
AAPL,2027-06-17,279,Call,30.0,AAPL270617C00030000,303.15,306.8,304.975,240.67,0.0,0.0,0.0,1.0,1.0178,1.0,0.0,0.0015,0.0,0.1906,304.9193,0.0,0.0,0.0,296.125,up,2026-02-24T09:32:49,129.0,16.0
AAPL,2027-06-17,279,Put,30.0,AAPL270617P00030000,0.0,0.26,0.13,0.04,0.0,0.0,0.0,67.0,1.086,-0.0001,0.0,0.0016,-0.0002,-0.0004,0.0098,0.0,0.0,0.0,0.25,no_change,2026-05-19T13:32:41,0.0,302.0
AAPL,2027-06-17,279,Call,35.0,AAPL270617C00035000,298.3,301.95,300.125,215.61,0.0,0.0,0.0,2.0,0.9485,1.0,0.0,0.002,0.0,0.2223,300.0732,0.0,0.0,0.0,291.574996948242,down,2026-04-07T09:55:15,126.0,64.0
AAPL,2027-06-17,279,Put,35.0,AAPL270617P00035000,0.0,0.27,0.135,0.11,0.0,0.0,0.0,106.0,1.0191,-0.0002,0.0,0.0021,-0.0003,-0.0006,0.0127,0.0,0.0,0.0,0.234999999403954,no_change,2025-11-24T11:29:19,0.0,309.0
AAPL,2027-06-17,279,Call,40.0,AAPL270617C00040000,293.5,297.1,295.3,271.5,0.0,0.0,0.0,3.0,0.919,1.0,0.0,0.0026,0.0,0.254,295.2279,0.0,0.0,0.0,286.5,down,2026-08-25T10:34:40,101.0,96.0
AAPL,2027-06-17,279,Put,40.0,AAPL270617P00040000,0.0,0.28,0.14,0.11,0.0,0.0,0.0,9.0,0.9618,-0.0002,0.0,0.0027,-0.0004,-0.0007,0.0159,0.0,0.0,0.0,0.219999998807907,no_change,2026-03-12T13:08:09,0.0,315.0
AAPL,2027-06-17,279,Call,45.0,AAPL270617C00045000,288.65,292.25,290.45,0.0,0.0,0.0,0.0,0.0,0.865,1.0,0.0,0.0033,0.0,0.2859,290.3833,0.0,0.0,0.0,281.649993896484,no_change,,87.0,75.0
AAPL,2027-06-17,279,Put,45.0,AAPL270617P00045000,0.0,0.27,0.135,0.15,0.0,0.0,0.0,83.0,0.9046,-0.0003,0.0,0.0034,-0.0004,-0.0009,0.0197,0.0,0.0,0.0,0.219999998807907,no_change,2026-08-03T09:59:31,0.0,351.0
AAPL,2027-06-17,279,Call,50.0,AAPL270617C00050000,283.85,287.45,285.65,276.65,0.0,0.0,0.0,11.0,0.8577,1.0,0.0,0.0042,0.0,0.318,285.5396,0.0,0.0,0.0,276.875,up,2026-09-10T13:43:44,97.0,97.0
AAPL,2027-06-17,279,Put,50.0,AAPL270617P00050000,0.01,0.09,0.049999999999999996,0.03,0.0,0.0,0.0,717.0,0.7761,-0.0004,0.0,0.0042,-0.0005,-0.0011,0.024,0.0,0.0,0.0,0.0449999989941716,down,2026-09-09T13:49:18,2.0,36.0
AAPL,2027-06-17,279,Call,55.0,AAPL270617C00055000,279.0,282.55,280.775,275.7,0.0,0.0,0.0,73.0,0.794,1.0,0.0,0.0052,0.0,0.3605,280.6977,0.0,0.0,0.0,272.025009155273,down,2026-09-03T13:02:37,112.0,10.0
AAPL,2027-06-17,279,Put,55.0,AAPL270617P00055000,0.0,0.27,0.135,0.03,0.0,0.0,0.0,24.0,0.8148,-0.0005,0.0,0.0051,-0.0006,-0.0014,0.029,0.0,0.0,0.0,0.140000000596046,down,2026-07-10T12:52:14,0.0,427.0
AAPL,2027-06-17,279,Call,60.0,AAPL270617C00060000,274.15,277.8,275.975,246.22,0.0,0.0,0.0,22.0,0.7816,1.0,0.0,0.0064,0.0,0.4156,275.8641,0.0,0.0,0.0,267.199996948242,up,2026-08-17T10:31:49,111.0,97.0
AAPL,2027-06-17,279,Put,60.0,AAPL270617P00060000,0.0,0.3,0.15,0.05,0.0,0.0,0.0,76.0,0.7852,-0.0006,0.0,0.0062,-0.0007,-0.0017,0.0346,0.0,0.0,0.0,0.144999995827675,down,2026-07-31T10:56:18,0.0,430.0
AAPL,2027-06-17,279,Call,65.0,AAPL270617C00065000,269.4,272.95,271.17499999999995,214.35,0.0,0.0,0.0,4.0,0.7624,0.9999,0.0,0.0076,0.0,0.4664,271.0396,0.0,0.0,0.0,262.375,down,2026-06-25T12:13:58,99.0,86.0
AAPL,2027-06-17,279,Put,65.0,AAPL270617P00065000,0.0,0.28,0.14,0.09,0.0,0.0,0.0,49.0,0.7438,-0.0007,0.0,0.0074,-0.0008,-0.002,0.041,0.0,0.0,0.0,0.140000000596046,down,2026-09-04T11:12:01,0.0,464.0
AAPL,2027-06-17,279,Call,70.0,AAPL270617C00070000,264.55,268.15,266.35,237.67,0.0,0.0,0.0,7.0,0.7296,0.9997,0.0,0.0089,0.0,0.5104,266.2212,0.0,0.0,0.0,257.575004577637,up,2026-08-17T15:58:04,98.0,97.0
AAPL,2027-06-17,279,Put,70.0,AAPL270617P00070000,0.0,0.23,0.115,0.15,0.0,0.0,0.0,42.0,0.6964,-0.0009,0.0,0.0088,-0.0009,-0.0024,0.0483,0.0,0.0,0.0,0.109999999403954,up,2026-09-08T10:00:52,0.0,430.0
AAPL,2027-06-17,279,Call,75.0,AAPL270617C00075000,259.75,263.35,261.55,233.95,0.0,0.0,0.0,24.0,0.7087,0.9995,0.0,0.0104,0.0,0.5512,261.4064,0.0,0.0,0.0,253.025001525879,no_change,2026-08-11T12:39:06,138.0,97.0
AAPL,2027-06-17,279,Put,75.0,AAPL270617P00075000,0.01,0.16,0.085,0.04,0.0,0.0,0.0,1555.0,0.6463,-0.001,0.0,0.0103,-0.001,-0.0029,0.0566,0.0,0.0,0.0,0.0750000001862645,down,2026-09-10T13:38:28,16.0,293.0
AAPL,2027-06-17,279,Call,80.0,AAPL270617C00080000,254.9,258.55,256.725,237.35,0.0,0.0,0.0,237.0,0.6783,0.9993,0.0,0.012,0.0,0.5895,256.594,0.0,0.0,0.0,247.925003051758,down,2026-08-06T09:30:01,116.0,96.0
AAPL,2027-06-17,279,Put,80.0,AAPL270617P00080000,0.01,0.13,0.07,0.07,0.0,0.0,0.0,164.0,0.6078,-0.0012,0.0,0.012,-0.0012,-0.0034,0.0659,0.0,0.0,0.0,0.0699999975040555,down,2026-09-08T13:11:35,14.0,66.0
AAPL,2027-06-17,279,Call,85.0,AAPL270617C00085000,250.1,253.7,251.89999999999998,203.49,0.0,0.0,0.0,73.0,0.6495,0.9991,0.0,0.014,0.0,0.6266,251.7834,0.0,0.0,0.0,243.099998474121,down,2026-05-06T12:11:08,109.0,96.0
AAPL,2027-06-17,279,Put,85.0,AAPL270617P00085000,0.05,0.14,0.095,0.1,0.0,0.0,0.0,75.0,0.6012,-0.0014,0.0,0.014,-0.0014,-0.004,0.0765,0.0,0.0,0.0,0.0950000006705522,down,2026-09-08T13:11:09,2.0,68.0
AAPL,2027-06-17,279,Call,90.0,AAPL270617C00090000,245.4,248.9,247.15,233.88,0.0,0.0,0.0,29.0,0.6476,0.9989,0.0,0.0162,0.0,0.6632,246.9744,0.0,0.0,0.0,238.525001525879,up,2026-08-28T12:28:45,135.0,96.0
AAPL,2027-06-17,279,Put,90.0,AAPL270617P00090000,0.05,0.15,0.1,0.1,0.0,0.0,0.0,133.0,0.5804,-0.0017,0.0,0.0162,-0.0015,-0.0047,0.0885,0.0,0.0,0.0,0.0950000006705522,no_change,2026-09-10T09:43:39,2.0,205.0
AAPL,2027-06-17,279,Call,95.0,AAPL270617C00095000,240.6,244.05,242.325,237.73,0.0,0.0,0.0,99.0,0.6212,0.9986,0.0,0.0186,0.0,0.6995,242.1671,0.0,0.0,0.0,233.375,up,2026-09-03T12:47:23,86.0,88.0
AAPL,2027-06-17,279,Put,95.0,AAPL270617P00095000,0.01,0.16,0.085,0.1,0.0,0.0,0.0,167.0,0.5486,-0.002,0.0,0.0187,-0.0017,-0.0054,0.102,0.0,0.0,0.0,0.090000000782311,no_change,2026-09-01T10:49:28,56.0,210.0
AAPL,2027-06-17,279,Call,100.0,AAPL270617C00100000,235.7,239.25,237.475,223.02,0.0,0.0,0.0,165.0,0.5889,0.9983,0.0,0.0213,0.0,0.7356,237.3616,0.0,0.0,0.0,228.675003051758,up,2026-09-04T10:45:06,105.0,195.0
AAPL,2027-06-17,279,Put,100.0,AAPL270617P00100000,0.1,0.15,0.125,0.11,-0.02,-15.3846,181.0,1817.0,0.5491,-0.0023,0.0,0.0215,-0.0019,-0.0063,0.1173,0.11,0.12,0.11,0.130000002682209,no_change,2026-09-11T11:12:20,2.0,229.0
AAPL,2027-06-17,279,Call,105.0,AAPL270617C00105000,230.95,234.4,232.675,200.0,0.0,0.0,0.0,80.0,0.5726,0.9979,0.0,0.0244,0.0,0.7715,232.558,0.0,0.0,0.0,223.925003051758,down,2026-07-31T11:49:36,88.0,88.0
AAPL,2027-06-17,279,Put,105.0,AAPL270617P00105000,0.1,0.19,0.14500000000000002,0.1,0.0,0.0,0.0,515.0,0.5369,-0.0027,0.0,0.0247,-0.0022,-0.0073,0.1346,0.0,0.0,0.0,0.135000001639128,down,2026-09-10T13:38:28,5.0,45.0
AAPL,2027-06-17,279,Call,110.0,AAPL270617C00110000,226.1,229.6,227.85,220.0,0.0,0.0,0.0,54.0,0.5501,0.9975,0.0001,0.0279,0.0,0.8073,227.7567,0.0,0.0,0.0,219.125,up,2026-07-20T11:42:16,107.0,97.0
AAPL,2027-06-17,279,Put,110.0,AAPL270617P00110000,0.1,0.21,0.155,0.14,0.0,0.0,0.0,202.0,0.5206,-0.0031,0.0001,0.0282,-0.0024,-0.0085,0.1542,0.0,0.0,0.0,0.160000000149012,down,2026-09-10T15:08:01,15.0,140.0
AAPL,2027-06-17,279,Call,115.0,AAPL270617C00115000,221.4,224.85,223.125,194.8,0.0,0.0,0.0,254.0,0.5521,0.997,0.0001,0.0318,0.0,0.8429,222.9579,0.0,0.0,0.0,214.400001525879,no_change,2026-08-10T12:24:57,100.0,100.0
AAPL,2027-06-17,279,Put,115.0,AAPL270617P00115000,0.1,0.23,0.165,0.53,0.0,0.0,0.0,54.0,0.5048,-0.0036,0.0001,0.032,-0.0027,-0.0098,0.1763,0.0,0.0,0.0,0.170000001788139,up,2026-06-09T09:33:46,14.0,23.0
AAPL,2027-06-17,279,Call,120.0,AAPL270617C00120000,216.55,220.0,218.275,216.02,0.0,0.0,0.0,153.0,0.5258,0.9965,0.0001,0.0361,0.0,0.8783,218.1619,0.0,0.0,0.0,209.525001525879,up,2026-07-30T12:31:15,111.0,92.0
AAPL,2027-06-17,279,Put,120.0,AAPL270617P00120000,0.13,0.26,0.195,0.22,0.0,0.0,0.0,535.0,0.4957,-0.0041,0.0001,0.0364,-0.003,-0.0112,0.2013,0.0,0.0,0.0,0.21000000089407,up,2026-09-10T14:57:58,187.0,516.0
AAPL,2027-06-17,279,Call,125.0,AAPL270617C00125000,211.75,215.2,213.475,186.35,0.0,0.0,0.0,241.0,0.5108,0.9959,0.0001,0.0409,0.0,0.9135,213.3692,0.0,0.0,0.0,204.600006103516,up,2026-08-11T10:48:00,86.0,88.0
AAPL,2027-06-17,279,Put,125.0,AAPL270617P00125000,0.12,0.29,0.205,0.31,0.0,0.0,0.0,646.0,0.4804,-0.0047,0.0001,0.0413,-0.0034,-0.0129,0.2296,0.0,0.0,0.0,0.214999999850988,no_change,2026-08-21T10:50:09,267.0,178.0
AAPL,2027-06-17,279,Call,130.0,AAPL270617C00130000,207.05,210.25,208.65,190.28,0.0,0.0,0.0,308.0,0.4915,0.9952,0.0001,0.0463,0.0,0.9485,208.5801,0.0,0.0,0.0,199.875,down,2026-07-09T11:39:48,106.0,101.0
AAPL,2027-06-17,279,Put,130.0,AAPL270617P00130000,0.2,0.33,0.265,0.31,0.0,0.0,0.0,533.0,0.4776,-0.0054,0.0001,0.0468,-0.0037,-0.0149,0.2616,0.0,0.0,0.0,0.25,down,2026-09-09T12:33:31,68.0,271.0
AAPL,2027-06-17,279,Call,135.0,AAPL270617C00135000,202.2,205.65,203.925,189.7,0.0,0.0,0.0,195.0,0.4902,0.9944,0.0001,0.0523,0.0,0.9832,203.7952,0.0,0.0,0.0,195.099998474121,up,2026-08-28T14:16:28,86.0,102.0
AAPL,2027-06-17,279,Put,135.0,AAPL270617P00135000,0.23,0.38,0.305,0.31,0.0,0.0,0.0,532.0,0.4685,-0.0062,0.0001,0.0527,-0.0041,-0.0169,0.2979,0.0,0.0,0.0,0.295000001788139,no_change,2026-09-09T12:30:35,62.0,309.0
AAPL,2027-06-17,279,Call,140.0,AAPL270617C00140000,197.45,200.85,199.14999999999998,168.96,0.0,0.0,0.0,198.0,0.4793,0.9935,0.0001,0.0588,0.0,1.0176,199.015,0.0,0.0,0.0,190.275001525879,down,2026-08-17T13:24:37,98.0,88.0
AAPL,2027-06-17,279,Put,140.0,AAPL270617P00140000,0.22,0.43,0.325,0.47,0.0,0.0,0.0,337.0,0.4553,-0.0071,0.0001,0.0594,-0.0046,-0.0194,0.3388,0.0,0.0,0.0,0.339999996125698,down,2026-08-17T15:24:52,150.0,341.0
AAPL,2027-06-17,279,Call,145.0,AAPL270617C00145000,192.65,196.1,194.375,181.0,0.0,0.0,0.0,176.0,0.4682,0.9925,0.0002,0.0662,0.0,1.0516,194.2402,0.0,0.0,0.0,185.5,down,2026-09-04T12:36:20,87.0,192.0
AAPL,2027-06-17,279,Put,145.0,AAPL270617P00145000,0.26,0.41,0.33499999999999996,0.37,0.0,0.0,0.0,430.0,0.4405,-0.0081,0.0002,0.0669,-0.005,-0.0221,0.3852,0.0,0.0,0.0,0.370000004768372,down,2026-09-01T11:23:49,448.0,157.0
AAPL,2027-06-17,279,Call,150.0,AAPL270617C00150000,188.4,191.2,189.8,170.89,0.0,0.0,0.0,1451.0,0.4786,0.9913,0.0002,0.0744,0.0,1.0853,189.4713,0.0,0.0,0.0,180.974998474121,down,2026-09-08T12:14:44,306.0,317.0
AAPL,2027-06-17,279,Put,150.0,AAPL270617P00150000,0.36,0.54,0.45,0.54,0.05,10.2041,1.0,4607.0,0.442,-0.0093,0.0002,0.0752,-0.0056,-0.0253,0.4378,0.54,0.54,0.54,0.489999994635582,up,2026-09-11T09:30:58,307.0,595.0
AAPL,2027-06-17,279,Call,155.0,AAPL270617C00155000,183.65,186.55,185.10000000000002,175.72,0.0,0.0,0.0,141.0,0.4725,0.99,0.0002,0.0834,0.0,1.1185,184.7093,0.0,0.0,0.0,176.199996948242,up,2026-09-01T15:56:13,196.0,204.0
AAPL,2027-06-17,279,Put,155.0,AAPL270617P00155000,0.45,0.61,0.53,0.55,0.0,0.0,0.0,800.0,0.4361,-0.0106,0.0002,0.0843,-0.0061,-0.0287,0.4974,0.0,0.0,0.0,0.524999991059303,up,2026-09-10T13:53:34,93.0,528.0
AAPL,2027-06-17,279,Call,160.0,AAPL270617C00160000,178.6,181.6,180.1,159.85,0.0,0.0,0.0,319.0,0.4393,0.9886,0.0002,0.0933,0.0,1.1513,179.955,0.0,0.0,0.0,171.375,down,2026-09-09T13:02:41,101.0,101.0
AAPL,2027-06-17,279,Put,160.0,AAPL270617P00160000,0.44,0.68,0.56,0.65,0.0,0.0,0.0,1600.0,0.4236,-0.0121,0.0002,0.0943,-0.0068,-0.0327,0.5647,0.0,0.0,0.0,0.589999973773956,up,2026-09-08T10:06:43,280.0,279.0
AAPL,2027-06-17,279,Call,165.0,AAPL270617C00165000,173.85,177.1,175.475,162.0,0.0,0.0,0.0,200.0,0.4404,0.987,0.0003,0.1043,0.0,1.1836,175.2094,0.0,0.0,0.0,166.525001525879,up,2026-09-01T09:48:11,99.0,96.0
AAPL,2027-06-17,279,Put,165.0,AAPL270617P00165000,0.58,0.76,0.6699999999999999,0.68,0.0,0.0,0.0,1733.0,0.4194,-0.0138,0.0003,0.1056,-0.0074,-0.0371,0.6409,0.0,0.0,0.0,0.685000002384186,no_change,2026-09-10T13:39:40,212.0,529.0
AAPL,2027-06-17,279,Call,170.0,AAPL270617C00170000,169.4,172.3,170.85000000000002,162.05,0.0,0.0,0.0,267.0,0.4389,0.9851,0.0003,0.1165,0.0,1.2152,170.4735,0.0,0.0,0.0,162.025001525879,up,2026-09-10T15:38:59,196.0,218.0
AAPL,2027-06-17,279,Put,170.0,AAPL270617P00170000,0.64,0.85,0.745,0.84,0.0,0.0,0.0,1753.0,0.4108,-0.0157,0.0003,0.1178,-0.0082,-0.0423,0.7272,0.0,0.0,0.0,0.78999999165535,down,2026-09-10T13:37:49,349.0,378.0
AAPL,2027-06-17,279,Call,175.0,AAPL270617C00175000,164.85,167.6,166.225,146.58,0.0,0.0,0.0,437.0,0.4354,0.983,0.0004,0.1298,0.0,1.2461,165.7488,0.0,0.0,0.0,157.375,up,2026-08-27T11:32:55,107.0,107.0
AAPL,2027-06-17,279,Put,175.0,AAPL270617P00175000,0.8,0.96,0.88,0.91,0.0,0.0,0.0,2210.0,0.4066,-0.0178,0.0004,0.1312,-0.009,-0.0478,0.8248,0.0,0.0,0.0,0.94499996304512,down,2026-09-02T15:33:43,18.0,185.0
AAPL,2027-06-17,279,Call,180.0,AAPL270617C00180000,160.1,162.85,161.475,154.49,0.0,0.0,0.0,1099.0,0.4236,0.9807,0.0004,0.1442,-0.0011,1.2763,161.0365,0.0,0.0,0.0,152.724998474121,up,2026-09-02T09:30:10,282.0,336.0
AAPL,2027-06-17,279,Put,180.0,AAPL270617P00180000,0.89,1.07,0.98,1.0,0.0,0.0,0.0,3170.0,0.3987,-0.0202,0.0004,0.1459,-0.0098,-0.0541,0.9349,0.0,0.0,0.0,1.01999998092651,up,2026-09-04T14:07:43,250.0,459.0
AAPL,2027-06-17,279,Call,185.0,AAPL270617C00185000,155.4,157.85,156.625,138.75,0.0,0.0,0.0,201.0,0.4064,0.978,0.0005,0.1601,-0.0022,1.3057,156.338,0.0,0.0,0.0,147.875,down,2026-09-08T12:03:30,318.0,409.0
AAPL,2027-06-17,279,Put,185.0,AAPL270617P00185000,0.93,1.19,1.06,1.08,-0.09,-7.69231,1.0,1010.0,0.389,-0.0229,0.0005,0.1624,-0.0108,-0.0614,1.0593,1.08,1.08,1.08,1.1700000166893,down,2026-09-11T10:01:44,497.0,344.0
AAPL,2027-06-17,279,Call,190.0,AAPL270617C00190000,150.8,153.25,152.025,146.15,0.0,0.0,0.0,709.0,0.4028,0.9751,0.0005,0.1776,-0.0035,1.3341,151.6553,0.0,0.0,0.0,143.300003051758,up,2026-09-03T11:32:17,375.0,387.0
AAPL,2027-06-17,279,Put,190.0,AAPL270617P00190000,1.12,1.35,1.235,1.36,0.0,0.0,0.0,1659.0,0.3848,-0.0259,0.0005,0.1798,-0.0118,-0.0693,1.2001,0.0,0.0,0.0,1.32499998807907,down,2026-09-10T15:22:22,317.0,583.0
AAPL,2027-06-17,279,Call,195.0,AAPL270617C00195000,145.95,148.5,147.225,130.71,0.0,0.0,0.0,338.0,0.3886,0.9718,0.0006,0.1964,-0.0048,1.3614,146.9903,0.0,0.0,0.0,138.649993896484,up,2026-08-19T10:18:13,353.0,376.0
AAPL,2027-06-17,279,Put,195.0,AAPL270617P00195000,1.27,1.42,1.345,1.37,-0.14,-9.27153,2.0,4971.0,0.376,-0.0293,0.0006,0.1989,-0.0129,-0.078,1.3587,1.37,1.37,1.37,1.5100000500679,down,2026-09-11T11:50:03,384.0,167.0
AAPL,2027-06-17,279,Call,200.0,AAPL270617C00200000,141.7,143.0,142.35,142.0,8.25,6.16822,12.0,7516.0,0.3712,0.9681,0.0007,0.2167,-0.0062,1.3878,142.3449,137.3,142.6,137.3,133.75,down,2026-09-11T12:37:45,442.0,222.0
AAPL,2027-06-17,279,Put,200.0,AAPL270617P00200000,1.51,1.57,1.54,1.53,-0.19,-11.0465,36.0,9164.0,0.3711,-0.033,0.0007,0.2196,-0.014,-0.0879,1.5374,1.55,1.65,1.5,1.71999996900558,down,2026-09-11T12:38:40,174.0,147.0
AAPL,2027-06-17,279,Call,210.0,AAPL270617C00210000,132.2,133.8,133.0,130.0,5.525,4.43864,1.0,3612.0,0.3551,0.9594,0.0008,0.2629,-0.0092,1.4363,133.1226,130.0,130.0,130.0,124.474998474121,up,2026-09-11T09:34:14,559.0,168.0
AAPL,2027-06-17,279,Put,210.0,AAPL270617P00210000,1.91,2.05,1.98,1.91,-0.305,-13.7698,3.0,5573.0,0.3606,-0.0419,0.0009,0.2666,-0.0166,-0.1112,1.9656,2.02,2.06,1.91,2.2150000333786,down,2026-09-11T11:15:54,319.0,437.0
AAPL,2027-06-17,279,Call,220.0,AAPL270617C00220000,123.2,124.65,123.92500000000001,123.5,7.825,6.76464,30.0,4324.0,0.3471,0.9487,0.001,0.3158,-0.0125,1.4791,124.0101,123.0,124.6,123.0,115.675003051758,down,2026-09-11T11:56:55,474.0,233.0
AAPL,2027-06-17,279,Put,220.0,AAPL270617P00220000,2.48,2.53,2.505,2.52,-0.325,-11.4236,383.0,10931.0,0.3499,-0.0529,0.0011,0.3211,-0.0195,-0.1398,2.5054,2.56,2.59,2.48,2.84500002861023,down,2026-09-11T12:38:40,5.0,125.0
AAPL,2027-06-17,279,Call,230.0,AAPL270617C00230000,114.05,115.45,114.75,114.95,8.3,7.78247,18.0,3887.0,0.3327,0.9356,0.0013,0.3762,-0.0161,1.5145,115.0327,114.77,116.25,114.77,106.649997711182,no_change,2026-09-11T12:20:10,535.0,58.0
AAPL,2027-06-17,279,Put,230.0,AAPL270617P00230000,3.15,3.25,3.2,3.2,-0.45,-12.3288,102.0,5360.0,0.341,-0.0664,0.0013,0.3822,-0.0228,-0.1741,3.1858,3.45,3.45,3.15,3.64999997615814,up,2026-09-11T12:08:25,50.0,341.0
AAPL,2027-06-17,279,Call,240.0,AAPL270617C00240000,105.25,107.1,106.175,106.57,8.57,8.7449,3.0,1646.0,0.331,0.9198,0.0015,0.4437,-0.02,1.5418,106.2191,99.1,106.57,99.1,98.0,up,2026-09-11T10:56:15,503.0,338.0
AAPL,2027-06-17,279,Put,240.0,AAPL270617P00240000,3.9,4.1,4.0,4.0,-0.625,-13.5135,91.0,5850.0,0.3311,-0.0828,0.0016,0.4514,-0.0263,-0.2157,4.0405,4.14,4.14,3.87,4.625,up,2026-09-11T11:12:55,532.0,364.0
AAPL,2027-06-17,279,Call,250.0,AAPL270617C00250000,97.05,98.6,97.82499999999999,97.75,8.35,9.34004,31.0,2828.0,0.3285,0.9009,0.0018,0.5172,-0.0242,1.5598,97.6032,96.0,98.8,95.06,89.4000015258789,down,2026-09-11T12:36:38,365.0,369.0
AAPL,2027-06-17,279,Put,250.0,AAPL270617P00250000,4.95,5.2,5.075,4.95,-0.9,-15.3846,17.0,8430.0,0.3237,-0.1024,0.0019,0.5263,-0.0302,-0.2645,5.0967,5.2,5.2,4.95,5.84999990463257,no_change,2026-09-11T12:29:50,454.0,406.0
AAPL,2027-06-17,279,Call,260.0,AAPL270617C00260000,88.45,89.95,89.2,90.6,9.15,11.2339,14.0,4133.0,0.3166,0.8787,0.0022,0.5969,-0.0286,1.5669,89.2202,84.65,90.6,84.65,81.4500007629394,up,2026-09-11T11:23:39,462.0,320.0
AAPL,2027-06-17,279,Put,260.0,AAPL270617P00260000,6.25,6.55,6.4,6.44,-0.91,-12.381,39.0,8902.0,0.317,-0.1256,0.0023,0.6074,-0.0343,-0.3211,6.3956,6.7,6.7,6.35,7.35000014305115,up,2026-09-11T12:05:09,458.0,450.0
AAPL,2027-06-17,279,Call,270.0,AAPL270617C00270000,80.2,81.85,81.025,81.84,8.365,11.3848,2.0,5776.0,0.309,0.8528,0.0025,0.6796,-0.033,1.5632,81.1091,76.62,81.84,76.62,73.4749984741211,up,2026-09-11T10:52:09,464.0,300.0
AAPL,2027-06-17,279,Put,270.0,AAPL270617P00270000,7.9,8.15,8.025,8.0,-1.225,-13.2791,48.0,6012.0,0.3109,-0.1527,0.0026,0.692,-0.0385,-0.3868,7.9799,8.12,8.35,7.8,9.22499990463257,no_change,2026-09-11T12:37:03,174.0,507.0
AAPL,2027-06-17,279,Call,280.0,AAPL270617C00280000,72.65,73.75,73.2,73.5,7.225,10.9015,16.0,8229.0,0.3028,0.8233,0.0029,0.7637,-0.0373,1.5473,73.3109,72.8,75.0,72.31,66.2750015258789,no_change,2026-09-11T12:26:22,370.0,115.0
AAPL,2027-06-17,279,Put,280.0,AAPL270617P00280000,9.75,9.95,9.85,10.0,-1.45,-12.6638,108.0,10187.0,0.3039,-0.1836,0.0031,0.7764,-0.0427,-0.4592,9.8802,10.55,10.55,9.75,11.4500002861023,up,2026-09-11T12:04:55,501.0,26.0
AAPL,2027-06-17,279,Call,290.0,AAPL270617C00290000,65.4,66.15,65.775,65.7,6.75,11.4504,13.0,4995.0,0.2977,0.79,0.0033,0.8472,-0.0415,1.5185,65.8645,62.0,67.45,62.0,58.9499988555908,down,2026-09-11T12:35:50,301.0,43.0
AAPL,2027-06-17,279,Put,290.0,AAPL270617P00290000,12.1,12.35,12.225,12.2,-1.85,-13.1673,27.0,12501.0,0.2992,-0.2191,0.0035,0.8617,-0.0469,-0.5377,12.1805,12.45,12.48,12.0,14.0499997138977,down,2026-09-11T12:33:53,173.0,533.0
AAPL,2027-06-17,279,Call,300.0,AAPL270617C00300000,58.45,59.1,58.775000000000006,58.85,6.675,12.7935,213.0,9531.0,0.2934,0.753,0.0037,0.9258,-0.0454,1.4783,58.8095,53.44,60.2,53.27,52.1750011444092,no_change,2026-09-11T12:39:39,385.0,50.0
AAPL,2027-06-17,279,Put,300.0,AAPL270617P00300000,14.8,15.0,14.9,14.9,-2.15,-12.61,436.0,6369.0,0.294,-0.2584,0.0039,0.9402,-0.0508,-0.6247,14.8772,15.15,15.45,14.65,17.0500001907349,up,2026-09-11T12:36:56,163.0,247.0
AAPL,2027-06-17,279,Call,310.0,AAPL270617C00310000,51.85,52.55,52.2,52.25,6.15,13.3406,46.0,7068.0,0.2895,0.7128,0.004,0.9975,-0.0489,1.4259,52.1823,48.98,53.5,48.98,46.1000003814697,up,2026-09-11T12:31:11,368.0,206.0
AAPL,2027-06-17,279,Put,310.0,AAPL270617P00310000,17.8,18.2,18.0,17.85,-2.85,-13.7681,165.0,3531.0,0.2892,-0.3013,0.0043,1.0101,-0.0544,-0.7113,18.0205,20.11,20.11,17.85,20.6999998092651,no_change,2026-09-11T11:19:43,522.0,311.0
AAPL,2027-06-17,279,Call,320.0,AAPL270617C00320000,45.7,46.3,46.0,46.41,6.16,15.3043,141.0,8584.0,0.2853,0.6698,0.0043,1.0594,-0.0518,1.3621,46.0111,41.2,47.9,41.0,40.25,up,2026-09-11T12:19:39,497.0,108.0
AAPL,2027-06-17,279,Put,320.0,AAPL270617P00320000,21.45,21.9,21.674999999999997,21.65,-3.05,-12.3482,12.0,2790.0,0.2854,-0.348,0.0047,1.0687,-0.0575,-0.8016,21.6742,22.2,22.2,21.5,24.7000007629395,down,2026-09-11T12:16:36,310.0,508.0
AAPL,2027-06-17,279,Call,330.0,AAPL270617C00330000,40.05,40.55,40.3,40.32,5.42,15.5301,107.0,6521.0,0.2817,0.6246,0.0046,1.1081,-0.0539,1.2901,40.3192,37.0,41.35,37.0,34.8999996185303,up,2026-09-11T12:38:33,509.0,99.0
AAPL,2027-06-17,279,Put,330.0,AAPL270617P00330000,25.65,26.0,25.825,26.0,-3.375,-11.4894,160.0,1662.0,0.2814,-0.3979,0.005,1.1118,-0.06,-0.8869,25.8745,27.0,27.0,25.6,29.375,up,2026-09-11T12:39:07,236.0,428.0
AAPL,2027-06-17,279,Call,340.0,AAPL270617C00340000,34.85,35.45,35.150000000000006,35.15,4.95,16.3907,230.0,5888.0,0.2791,0.578,0.0048,1.1424,-0.0554,1.2101,35.1211,31.0,36.1,31.0,30.1999998092651,up,2026-09-11T12:35:47,543.0,538.0
AAPL,2027-06-17,279,Put,340.0,AAPL270617P00340000,30.25,30.8,30.525,30.6,-3.975,-11.4967,23.0,1221.0,0.2785,-0.4494,0.0053,1.136,-0.0619,-0.958,30.5687,31.15,31.5,30.25,34.5750007629394,up,2026-09-11T12:23:26,366.0,578.0
AAPL,2027-06-17,279,Call,350.0,AAPL270617C00350000,30.2,30.55,30.375,30.15,4.225,16.297,398.0,10771.0,0.2759,0.5307,0.0049,1.161,-0.056,1.1239,30.4177,26.75,31.5,26.75,25.9250001907349,down,2026-09-11T12:38:42,425.0,77.0
AAPL,2027-06-17,279,Put,350.0,AAPL270617P00350000,35.45,36.05,35.75,35.8,-4.475,-11.1111,28.0,454.0,0.2752,-0.5032,0.0056,1.1409,-0.063,-1.0266,35.8794,35.85,36.0,35.62,40.2749996185303,up,2026-09-11T12:33:02,289.0,323.0
AAPL,2027-06-17,279,Call,360.0,AAPL270617C00360000,25.95,26.3,26.125,26.25,4.05,18.2432,2074.0,6009.0,0.2733,0.4838,0.005,1.1638,-0.0559,1.0363,26.2222,23.6,26.95,23.55,22.1999998092651,up,2026-09-11T12:32:27,512.0,110.0
AAPL,2027-06-17,279,Put,360.0,AAPL270617P00360000,41.05,42.05,41.55,42.15,-4.675,-9.98398,1.0,137.0,0.2727,-0.5573,0.0057,1.1239,-0.0636,-1.0712,41.7094,42.15,42.15,42.15,46.8249988555908,down,2026-09-11T09:39:22,254.0,255.0
AAPL,2027-06-17,279,Call,370.0,AAPL270617C00370000,22.2,22.55,22.375,23.0,4.125,21.8543,13.0,5457.0,0.2714,0.4377,0.0049,1.151,-0.055,0.9462,22.4781,21.02,23.0,21.0,18.875,up,2026-09-11T10:55:12,445.0,237.0
AAPL,2027-06-17,279,Put,370.0,AAPL270617P00370000,47.45,48.85,48.150000000000006,56.6,0.0,0.0,0.0,17.0,0.2728,-0.6115,0.0058,1.084,-0.0634,-1.0944,48.0903,0.0,0.0,0.0,53.9249992370606,down,2026-09-01T09:47:44,117.0,576.0
AAPL,2027-06-17,279,Call,380.0,AAPL270617C00380000,18.9,19.25,19.075,19.08,3.105,19.4366,2045.0,8189.0,0.2698,0.3932,0.0048,1.1238,-0.0535,0.8566,19.18,16.7,20.0,16.7,15.9749999046326,up,2026-09-11T12:33:16,447.0,353.0
AAPL,2027-06-17,279,Put,380.0,AAPL270617P00380000,54.3,56.35,55.325,54.44,-7.085,-11.5156,3.0,22.0,0.274,-0.6649,0.0059,1.0252,-0.0627,-1.095,54.9984,55.0,55.0,54.44,61.5249996185303,down,2026-09-11T11:03:09,137.0,843.0
AAPL,2027-06-17,279,Call,390.0,AAPL270617C00390000,16.05,16.35,16.200000000000003,16.19,2.69,19.9259,96.0,3431.0,0.2686,0.351,0.0047,1.085,-0.0514,0.7708,16.2989,15.0,16.95,15.0,13.5,down,2026-09-11T12:36:23,312.0,274.0
AAPL,2027-06-17,279,Put,390.0,AAPL270617P00390000,61.25,63.75,62.5,85.3,0.0,0.0,0.0,23.0,0.2705,-0.7174,0.0059,0.9434,-0.0616,-1.068,62.4107,0.0,0.0,0.0,69.1499977111816,down,2026-08-04T11:56:36,417.0,444.0
AAPL,2027-06-17,279,Call,400.0,AAPL270617C00400000,13.6,13.85,13.725,13.72,2.37,20.8811,157.0,4998.0,0.2679,0.3113,0.0045,1.0354,-0.0489,0.6876,13.8004,11.96,14.35,11.96,11.3499999046326,up,2026-09-11T12:36:23,247.0,341.0
AAPL,2027-06-17,279,Put,400.0,AAPL270617P00400000,69.35,71.35,70.35,99.13,0.0,0.0,0.0,10.0,0.2692,-0.7682,0.0058,0.8411,-0.0604,-0.9928,70.2995,0.0,0.0,0.0,77.3999977111816,no_change,2026-07-31T13:21:31,266.0,439.0
AAPL,2027-06-17,279,Call,410.0,AAPL270617C00410000,11.35,11.75,11.55,11.87,2.345,24.6194,48.0,1278.0,0.2669,0.2747,0.0042,0.9787,-0.046,0.6102,11.6466,11.5,12.0,11.1,9.52500009536743,no_change,2026-09-11T11:00:19,600.0,395.0
AAPL,2027-06-17,279,Put,410.0,AAPL270617P00410000,76.8,79.4,78.1,101.42,0.0,0.0,0.0,0.0,0.26,-0.8171,0.0058,0.7246,-0.0589,-0.8793,78.6319,0.0,0.0,0.0,86.25,down,2026-07-31T15:58:02,437.0,374.0
AAPL,2027-06-17,279,Call,420.0,AAPL270617C00420000,9.6,9.9,9.75,9.9,1.9,23.75,82.0,1273.0,0.267,0.2409,0.004,0.9158,-0.0429,0.5379,9.7919,9.07,10.25,9.07,7.99999976158142,up,2026-09-11T12:16:07,488.0,438.0
AAPL,2027-06-17,279,Put,420.0,AAPL270617P00420000,86.3,88.8,87.55,87.7,-7.625,-7.99895,1.0,1.0,0.2704,-0.8642,0.0057,0.5872,-0.0568,-0.7187,87.383,87.7,87.7,87.7,95.3250007629394,down,2026-09-11T10:36:34,381.0,386.0
AAPL,2027-06-17,279,Call,430.0,AAPL270617C00430000,8.05,8.35,8.2,8.35,1.675,25.0936,60.0,1378.0,0.2668,0.2107,0.0037,0.8506,-0.0397,0.472,8.232,8.1,8.5,7.8,6.67499995231628,down,2026-09-11T11:36:28,488.0,473.0
AAPL,2027-06-17,279,Put,430.0,AAPL270617P00430000,95.3,97.95,96.625,109.39,0.0,0.0,0.0,0.0,0.2697,-0.9092,0.0055,0.4143,-0.0569,-0.5021,96.5279,0.0,0.0,0.0,104.799999237061,down,2026-07-23T10:03:09,160.0,164.0
AAPL,2027-06-17,279,Call,440.0,AAPL270617C00440000,6.7,7.0,6.85,7.3,1.7,30.3571,11.0,1429.0,0.2663,0.1834,0.0034,0.784,-0.0364,0.4128,6.9008,6.6,7.3,6.6,5.59999990463257,up,2026-09-11T11:12:41,518.0,329.0
AAPL,2027-06-17,279,Put,440.0,AAPL270617P00440000,104.35,107.1,105.725,173.69,0.0,0.0,0.0,1.0,0.2446,-0.9463,0.0045,0.2683,-0.0592,-0.2863,106.0151,0.0,0.0,0.0,114.424999237061,up,2026-04-21T13:15:58,157.0,155.0
AAPL,2027-06-17,279,Call,450.0,AAPL270617C00450000,5.6,5.9,5.75,5.77,1.07,22.766,46.0,2494.0,0.2666,0.1591,0.0031,0.7172,-0.0332,0.3587,5.7769,5.64,6.0,5.3,4.70000004768372,no_change,2026-09-11T12:41:04,538.0,517.0
AAPL,2027-06-17,279,Put,450.0,AAPL270617P00450000,114.5,117.2,115.85,136.34,0.0,0.0,0.0,0.0,0.2724,-0.9737,0.0029,0.1123,-0.0376,-0.144,115.7946,0.0,0.0,0.0,124.475002288818,down,2026-08-26T15:56:55,139.0,113.0
AAPL,2027-06-17,279,Call,460.0,AAPL270617C00460000,4.7,5.0,4.85,4.85,0.95,24.359,5.0,519.0,0.2676,0.1375,0.0028,0.6524,-0.0301,0.3113,4.8258,4.65,5.05,4.65,3.90000009536743,down,2026-09-11T11:55:28,470.0,518.0
AAPL,2027-06-17,279,Put,460.0,AAPL270617P00460000,124.55,127.2,125.875,186.3,0.0,0.0,0.0,0.0,0.2894,-0.9902,0.0014,0.0369,-0.0198,0.0,125.715,0.0,0.0,0.0,134.349998474121,no_change,2025-12-15T15:39:13,108.0,116.0
AAPL,2027-06-17,279,Call,470.0,AAPL270617C00470000,3.9,4.25,4.075,3.98,0.705,21.5267,4.0,1169.0,0.2682,0.1186,0.0025,0.5901,-0.0272,0.2688,4.0345,3.95,3.98,3.95,3.27499997615814,no_change,2026-09-11T09:41:15,339.0,466.0
AAPL,2027-06-17,279,Put,470.0,AAPL270617P00470000,134.45,137.05,135.75,159.85,0.0,0.0,0.0,0.0,0.2911,-0.9973,0.0004,0.0,-0.0198,0.0,135.715,0.0,0.0,0.0,144.424995422363,no_change,2026-06-04T11:52:53,109.0,109.0
AAPL,2027-06-17,279,Call,480.0,AAPL270617C00480000,3.25,3.55,3.4,3.4,0.65,23.6364,14.0,145.0,0.2684,0.1022,0.0023,0.532,-0.0244,0.2323,3.373,3.45,3.45,3.2,2.75,up,2026-09-11T12:33:08,423.0,431.0
AAPL,2027-06-17,279,Put,480.0,AAPL270617P00480000,144.45,147.05,145.75,150.0,0.0,0.0,0.0,0.0,0.3048,-1.0,0.0,0.0,-0.0198,0.0,145.715,0.0,0.0,0.0,154.449996948242,up,2026-07-20T09:50:10,118.0,118.0
AAPL,2027-06-17,279,Call,490.0,AAPL270617C00490000,2.76,2.93,2.8449999999999998,2.88,0.55,23.6051,33.0,228.0,0.269,0.0879,0.002,0.4772,-0.0218,0.1998,2.821,2.65,2.88,2.65,2.33000004291534,up,2026-09-11T12:33:07,411.0,94.0
AAPL,2027-06-17,279,Put,490.0,AAPL270617P00490000,154.5,157.2,155.85,0.0,0.0,0.0,0.0,0.0,0.3289,-1.0,0.0,0.0,-0.0198,0.0,155.715,0.0,0.0,0.0,164.449996948242,no_change,,107.0,105.0
AAPL,2027-06-17,279,Call,500.0,AAPL270617C00500000,2.31,2.54,2.425,2.37,0.415,21.2276,41.0,655.0,0.2706,0.0755,0.0018,0.427,-0.0195,0.1722,2.3615,2.3,2.53,2.3,1.9549999833107,down,2026-09-11T12:32:09,373.0,502.0
AAPL,2027-06-17,279,Put,500.0,AAPL270617P00500000,164.5,167.2,165.85,0.0,0.0,0.0,0.0,0.0,0.342,-1.0,0.0,0.0,-0.0198,0.0,165.715,0.0,0.0,0.0,174.449996948242,no_change,,108.0,109.0
AAPL,2027-06-17,279,Call,510.0,AAPL270617C00510000,1.93,2.1,2.015,1.65,0.0,0.0,0.0,223.0,0.2708,0.0649,0.0016,0.3811,-0.0174,0.1479,1.9788,0.0,0.0,0.0,1.62999999523163,up,2026-09-10T13:51:55,159.0,132.0
AAPL,2027-06-17,279,Put,510.0,AAPL270617P00510000,174.5,177.15,175.825,0.0,0.0,0.0,0.0,0.0,0.3522,-1.0,0.0,0.0,-0.0198,0.0,175.715,0.0,0.0,0.0,184.550003051758,no_change,,108.0,108.0
AAPL,2027-06-17,279,Call,520.0,AAPL270617C00520000,1.63,1.71,1.67,1.7,0.35,25.9259,92.0,189.0,0.2709,0.0558,0.0014,0.3392,-0.0154,0.1272,1.661,1.58,1.7,1.54,1.35000002384186,up,2026-09-11T10:28:18,297.0,1.0
AAPL,2027-06-17,279,Put,520.0,AAPL270617P00520000,184.15,187.45,185.8,0.0,0.0,0.0,0.0,0.0,0.3619,-1.0,0.0,0.0,-0.0198,0.0,185.715,0.0,0.0,0.0,194.550003051758,no_change,,93.0,94.0
AAPL,2027-06-17,279,Call,530.0,AAPL270617C00530000,1.36,1.49,1.425,1.49,0.32,27.3504,219.0,3881.0,0.2724,0.048,0.0012,0.3024,-0.0137,0.1097,1.3995,1.35,1.5,1.29,1.1700000166893,up,2026-09-11T12:10:02,328.0,187.0
AAPL,2027-06-17,279,Put,530.0,AAPL270617P00530000,194.1,197.7,195.89999999999998,0.0,0.0,0.0,0.0,0.0,0.3844,-1.0,0.0,0.0,-0.0198,0.0,195.715,0.0,0.0,0.0,204.550003051758,no_change,,93.0,101.0
AAPL,2027-06-17,279,Call,540.0,AAPL270617C00540000,1.1,1.26,1.1800000000000002,1.22,0.25,25.7732,71.0,262.0,0.2726,0.0413,0.0011,0.2683,-0.0122,0.0942,1.1795,1.11,1.25,1.07,0.969999969005585,no_change,2026-09-11T10:40:35,442.0,304.0
AAPL,2027-06-17,279,Put,540.0,AAPL270617P00540000,204.1,207.45,205.77499999999998,0.0,0.0,0.0,0.0,0.0,0.3829,-1.0,0.0,0.0,-0.0198,0.0,205.715,0.0,0.0,0.0,214.550003051758,no_change,,93.0,94.0
AAPL,2027-06-17,279,Call,550.0,AAPL270617C00550000,0.94,1.05,0.995,1.01,0.165,19.5266,97.0,1087.0,0.2736,0.0356,0.001,0.2384,-0.0108,0.0813,0.9964,0.99,1.01,0.91,0.844999998807907,up,2026-09-11T10:47:14,290.0,95.0
AAPL,2027-06-17,279,Put,550.0,AAPL270617P00550000,214.15,217.2,215.675,0.0,0.0,0.0,0.0,0.0,0.0,-1.0,0.0,0.0,-0.0198,0.0,215.715,0.0,0.0,0.0,224.349998474121,no_change,,86.0,94.0
AAPL,2027-06-17,279,Call,560.0,AAPL270617C00560000,0.73,0.98,0.855,0.59,0.0,0.0,0.0,83.0,0.2754,0.0306,0.0009,0.2116,-0.0096,0.07,0.844,0.0,0.0,0.0,0.694999992847443,up,2026-09-08T13:58:13,395.0,373.0
AAPL,2027-06-17,279,Put,560.0,AAPL270617P00560000,224.1,227.7,225.89999999999998,0.0,0.0,0.0,0.0,0.0,0.4195,-1.0,0.0,0.0,-0.0198,0.0,225.715,0.0,0.0,0.0,234.550003051758,no_change,,86.0,101.0
AAPL,2027-06-17,279,Call,570.0,AAPL270617C00570000,0.6,0.78,0.69,0.49,0.0,0.0,0.0,128.0,0.2745,0.0265,0.0008,0.1877,-0.0085,0.0605,0.7172,0.0,0.0,0.0,0.640000015497208,down,2026-09-08T10:26:28,334.0,199.0
AAPL,2027-06-17,279,Put,570.0,AAPL270617P00570000,234.15,237.2,235.675,0.0,0.0,0.0,0.0,0.0,0.0,-1.0,0.0,0.0,-0.0198,0.0,235.715,0.0,0.0,0.0,244.550003051758,no_change,,94.0,93.0
AAPL,2027-06-17,279,Call,580.0,AAPL270617C00580000,0.51,0.74,0.625,0.55,0.05,10.0,1.0,31.0,0.2782,0.0229,0.0007,0.1669,-0.0075,0.0524,0.6113,0.55,0.55,0.55,0.5,up,2026-09-11T09:30:09,363.0,462.0
AAPL,2027-06-17,279,Put,580.0,AAPL270617P00580000,244.1,247.6,245.85,0.0,0.0,0.0,0.0,0.0,0.4362,-1.0,0.0,0.0,-0.0198,0.0,245.715,0.0,0.0,0.0,254.549995422363,no_change,,104.0,94.0
AAPL,2027-06-17,279,Call,590.0,AAPL270617C00590000,0.41,0.56,0.485,0.4,0.0,0.0,0.0,429.0,0.2759,0.0199,0.0006,0.1485,-0.0067,0.0454,0.5229,0.0,0.0,0.0,0.430000007152557,up,2026-09-10T09:57:43,405.0,216.0
AAPL,2027-06-17,279,Put,590.0,AAPL270617P00590000,254.1,257.7,255.89999999999998,0.0,0.0,0.0,0.0,0.0,0.4523,-1.0,0.0,0.0,-0.0198,0.0,255.715,0.0,0.0,0.0,264.674987792969,no_change,,86.0,100.0
AAPL,2027-06-17,279,Call,600.0,AAPL270617C00600000,0.38,0.48,0.43,0.45,0.095,26.7606,35.0,3074.0,0.2787,0.0173,0.0005,0.1318,-0.006,0.0394,0.4478,0.42,0.48,0.42,0.354999989271164,no_change,2026-09-11T11:20:01,245.0,416.0
AAPL,2027-06-17,279,Put,600.0,AAPL270617P00600000,264.15,267.7,265.92499999999995,0.0,0.0,0.0,0.0,0.0,0.4653,-1.0,0.0,0.0,-0.0198,0.0,265.715,0.0,0.0,0.0,274.599990844727,no_change,,93.0,98.0
AAPL,2027-09-17,371,Call,100.0,AAPL270917C00100000,236.8,240.4,238.60000000000002,212.35,0.0,0.0,0.0,11.0,0.521,0.9977,0.0001,0.0348,0.0,0.9593,238.5414,0.0,0.0,0.0,229.824996948242,down,2026-08-21T10:13:04,117.0,9.0
AAPL,2027-09-17,371,Put,100.0,AAPL270917P00100000,0.08,0.28,0.18000000000000002,0.2,0.0,0.0,0.0,321.0,0.5005,-0.0034,0.0001,0.0351,-0.0022,-0.0125,0.1939,0.0,0.0,0.0,0.185000002384186,up,2026-09-10T14:58:11,146.0,500.0
AAPL,2027-09-17,371,Call,105.0,AAPL270917C00105000,232.1,235.7,233.89999999999998,206.35,0.0,0.0,0.0,20.0,0.5151,0.9972,0.0001,0.0397,0.0,1.0057,233.8097,0.0,0.0,0.0,225.099998474121,down,2026-08-10T13:41:50,121.0,8.0
AAPL,2027-09-17,371,Put,105.0,AAPL270917P00105000,0.11,0.31,0.21,0.37,0.0,0.0,0.0,94.0,0.4903,-0.0039,0.0001,0.0402,-0.0025,-0.0145,0.2236,0.0,0.0,0.0,0.205000001937151,down,2026-07-29T09:30:15,176.0,405.0
AAPL,2027-09-17,371,Call,110.0,AAPL270917C00110000,227.35,231.0,229.175,199.55,0.0,0.0,0.0,10.0,0.503,0.9966,0.0001,0.0452,0.0,1.0517,229.0815,0.0,0.0,0.0,220.300003051758,no_change,2026-08-17T11:34:46,97.0,17.0
AAPL,2027-09-17,371,Put,110.0,AAPL270917P00110000,0.13,0.35,0.24,0.25,0.0,0.0,0.0,41.0,0.4798,-0.0045,0.0001,0.0459,-0.0028,-0.0167,0.256,0.0,0.0,0.0,0.245000004768372,down,2026-09-02T13:02:31,244.0,326.0
AAPL,2027-09-17,371,Call,115.0,AAPL270917C00115000,222.6,226.25,224.425,192.15,0.0,0.0,0.0,4.0,0.4865,0.9959,0.0001,0.0513,0.0,1.0974,224.3573,0.0,0.0,0.0,215.625,no_change,2026-08-12T12:19:13,97.0,17.0
AAPL,2027-09-17,371,Put,115.0,AAPL270917P00115000,0.17,0.39,0.28,0.32,0.0,0.0,0.0,5.0,0.471,-0.0052,0.0001,0.0521,-0.0031,-0.0193,0.2927,0.0,0.0,0.0,0.285000003874302,down,2026-09-04T15:51:27,184.0,368.0
AAPL,2027-09-17,371,Call,120.0,AAPL270917C00120000,217.9,221.5,219.7,0.0,0.0,0.0,0.0,0.0,0.4748,0.9951,0.0001,0.058,0.0,1.1428,219.6378,0.0,0.0,0.0,210.925003051758,no_change,,101.0,10.0
AAPL,2027-09-17,371,Put,120.0,AAPL270917P00120000,0.2,0.44,0.32,0.37,0.0,0.0,0.0,151.0,0.4616,-0.006,0.0001,0.0587,-0.0034,-0.0221,0.334,0.0,0.0,0.0,0.330000005662441,down,2026-08-31T10:29:40,249.0,356.0
AAPL,2027-09-17,371,Call,125.0,AAPL270917C00125000,213.2,216.8,215.0,187.6,0.0,0.0,0.0,136.0,0.4667,0.9943,0.0001,0.0654,0.0,1.1878,214.9233,0.0,0.0,0.0,206.125,down,2026-08-10T13:56:24,117.0,10.0
AAPL,2027-09-17,371,Put,125.0,AAPL270917P00125000,0.24,0.5,0.37,0.84,0.0,0.0,0.0,15.0,0.4535,-0.0069,0.0001,0.0662,-0.0038,-0.0252,0.3804,0.0,0.0,0.0,0.405000001192093,down,2026-07-02T10:12:16,161.0,327.0
AAPL,2027-09-17,371,Call,130.0,AAPL270917C00130000,208.45,212.05,210.25,182.05,0.0,0.0,0.0,11.0,0.4514,0.9933,0.0001,0.0736,0.0,1.2324,210.2145,0.0,0.0,0.0,201.5,down,2026-08-10T12:24:16,112.0,7.0
AAPL,2027-09-17,371,Put,130.0,AAPL270917P00130000,0.34,0.56,0.45000000000000007,0.43,0.0,0.0,0.0,32.0,0.449,-0.0078,0.0001,0.0747,-0.0042,-0.0288,0.4326,0.0,0.0,0.0,0.464999988675118,up,2026-09-01T12:18:34,232.0,624.0
AAPL,2027-09-17,371,Call,135.0,AAPL270917C00135000,203.75,207.4,205.575,178.45,0.0,0.0,0.0,33.0,0.446,0.9922,0.0002,0.0827,0.0,1.2765,205.5121,0.0,0.0,0.0,196.724998474121,up,2026-08-10T13:56:28,97.0,90.0
AAPL,2027-09-17,371,Put,135.0,AAPL270917P00135000,0.35,0.58,0.46499999999999997,0.45,-0.01,-2.17391,1.0,61.0,0.4349,-0.009,0.0002,0.084,-0.0046,-0.033,0.4914,0.45,0.45,0.45,0.46000000834465,down,2026-09-11T10:26:27,572.0,603.0
AAPL,2027-09-17,371,Call,140.0,AAPL270917C00140000,199.05,202.65,200.85000000000002,187.01,0.0,0.0,0.0,9.0,0.4341,0.991,0.0002,0.0926,0.0,1.32,200.817,0.0,0.0,0.0,192.050003051758,no_change,2026-09-10T11:50:20,97.0,89.0
AAPL,2027-09-17,371,Put,140.0,AAPL270917P00140000,0.41,0.7,0.5549999999999999,0.65,0.0,0.0,0.0,37.0,0.4301,-0.0102,0.0002,0.0938,-0.0051,-0.0374,0.5578,0.0,0.0,0.0,0.53499998152256,no_change,2026-08-31T15:50:00,393.0,575.0
AAPL,2027-09-17,371,Call,145.0,AAPL270917C00145000,194.4,198.05,196.22500000000002,168.9,0.0,0.0,0.0,11.0,0.4321,0.9896,0.0002,0.1034,0.0,1.3631,196.1299,0.0,0.0,0.0,187.375,down,2026-08-10T13:55:54,97.0,100.0
AAPL,2027-09-17,371,Put,145.0,AAPL270917P00145000,0.5,0.78,0.64,0.65,-0.015,-2.25564,1.0,29.0,0.4236,-0.0116,0.0002,0.1048,-0.0056,-0.0424,0.632,0.65,0.65,0.65,0.66499999165535,no_change,2026-09-11T09:34:15,379.0,666.0
AAPL,2027-09-17,371,Call,150.0,AAPL270917C00150000,189.7,193.35,191.52499999999998,172.11,0.0,0.0,0.0,71.0,0.4221,0.9881,0.0002,0.1154,0.0,1.4055,191.4517,0.0,0.0,0.0,182.774993896484,up,2026-08-24T10:56:22,97.0,92.0
AAPL,2027-09-17,371,Put,150.0,AAPL270917P00150000,0.65,0.88,0.765,0.74,0.0,0.0,0.0,70.0,0.42,-0.0132,0.0002,0.1172,-0.0062,-0.048,0.7154,0.0,0.0,0.0,0.784999996423721,down,2026-09-10T12:20:08,117.0,609.0
AAPL,2027-09-17,371,Call,155.0,AAPL270917C00155000,185.5,188.65,187.075,173.98,0.0,0.0,0.0,44.0,0.4302,0.9863,0.0003,0.1286,0.0,1.4471,186.7835,0.0,0.0,0.0,178.175003051758,down,2026-09-04T13:45:42,95.0,106.0
AAPL,2027-09-17,371,Put,155.0,AAPL270917P00155000,0.77,0.97,0.87,0.87,0.0,0.0,0.0,111.0,0.4136,-0.0149,0.0003,0.1305,-0.0068,-0.0545,0.8084,0.0,0.0,0.0,0.865000009536743,down,2026-09-02T10:15:28,14.0,532.0
AAPL,2027-09-17,371,Call,160.0,AAPL270917C00160000,180.6,183.95,182.27499999999998,174.95,0.0,0.0,0.0,9.0,0.4124,0.9844,0.0003,0.1428,0.0,1.4879,182.1267,0.0,0.0,0.0,173.574996948242,up,2026-09-03T14:22:30,95.0,86.0
AAPL,2027-09-17,371,Put,160.0,AAPL270917P00160000,0.87,0.97,0.9199999999999999,0.9,-0.08,-8.16326,1.0,62.0,0.4024,-0.0169,0.0003,0.1447,-0.0074,-0.0614,0.9149,0.9,0.9,0.9,0.979999989271164,down,2026-09-11T11:11:04,184.0,89.0
AAPL,2027-09-17,371,Call,165.0,AAPL270917C00165000,175.8,179.35,177.575,168.68,0.0,0.0,0.0,24.0,0.4017,0.9823,0.0003,0.1582,0.0,1.528,177.4823,0.0,0.0,0.0,169.050003051758,up,2026-09-10T15:21:14,100.0,101.0
AAPL,2027-09-17,371,Put,165.0,AAPL270917P00165000,0.98,1.1,1.04,1.02,-0.12,-10.5263,1.0,36.0,0.3962,-0.0191,0.0004,0.1603,-0.0081,-0.0692,1.0325,1.02,1.02,1.02,1.13999998569489,down,2026-09-11T10:01:44,20.0,44.0
AAPL,2027-09-17,371,Call,170.0,AAPL270917C00170000,171.1,174.7,172.89999999999998,145.96,0.0,0.0,0.0,9.0,0.3924,0.9799,0.0004,0.175,0.0,1.567,172.8516,0.0,0.0,0.0,164.5,down,2026-08-11T10:23:02,136.0,125.0
AAPL,2027-09-17,371,Put,170.0,AAPL270917P00170000,1.14,1.34,1.24,1.35,0.0,0.0,0.0,66.0,0.3938,-0.0216,0.0004,0.1782,-0.0089,-0.078,1.1648,0.0,0.0,0.0,1.31499999761581,up,2026-09-10T09:44:12,6.0,461.0
AAPL,2027-09-17,371,Call,175.0,AAPL270917C00175000,166.95,169.85,168.39999999999998,136.12,0.0,0.0,0.0,62.0,0.3922,0.9772,0.0004,0.1934,0.0,1.6049,168.2363,0.0,0.0,0.0,159.875,up,2026-08-12T15:22:14,175.0,93.0
AAPL,2027-09-17,371,Put,175.0,AAPL270917P00175000,1.16,1.49,1.325,1.4,-0.05,-3.44828,10.0,86.0,0.3844,-0.0243,0.0004,0.1967,-0.0097,-0.0879,1.3129,1.4,1.4,1.4,1.44999998807907,down,2026-09-11T09:32:33,539.0,503.0
AAPL,2027-09-17,371,Call,180.0,AAPL270917C00180000,162.35,165.25,163.8,148.98,0.0,0.0,0.0,6.0,0.3857,0.9743,0.0005,0.2131,0.0,1.6417,163.6383,0.0,0.0,0.0,155.125,down,2026-09-10T10:31:03,131.0,99.0
AAPL,2027-09-17,371,Put,180.0,AAPL270917P00180000,1.37,1.65,1.51,1.66,0.0,0.0,0.0,138.0,0.3796,-0.0273,0.0005,0.2161,-0.0105,-0.0982,1.4782,0.0,0.0,0.0,1.64999997615814,up,2026-09-10T10:19:43,305.0,477.0
AAPL,2027-09-17,371,Call,185.0,AAPL270917C00185000,157.75,160.65,159.2,130.08,0.0,0.0,0.0,23.0,0.3788,0.971,0.0005,0.2341,0.0,1.6773,159.0591,0.0,0.0,0.0,150.699996948242,down,2026-08-03T10:01:38,138.0,98.0
AAPL,2027-09-17,371,Put,185.0,AAPL270917P00185000,1.52,1.85,1.685,1.69,-0.17,-9.13979,1.0,51.0,0.3736,-0.0306,0.0006,0.2377,-0.0114,-0.1102,1.6628,1.69,1.69,1.69,1.86000001430511,down,2026-09-11T10:02:00,545.0,545.0
AAPL,2027-09-17,371,Call,190.0,AAPL270917C00190000,153.05,156.1,154.575,154.8,8.85,6.06372,5.0,233.0,0.3704,0.9674,0.0006,0.257,0.0,1.7116,154.5005,154.8,154.8,154.8,145.949996948242,up,2026-09-11T12:18:08,338.0,319.0
AAPL,2027-09-17,371,Put,190.0,AAPL270917P00190000,1.7,2.04,1.87,2.18,0.0,0.0,0.0,42.0,0.3675,-0.0343,0.0006,0.262,-0.0124,-0.1233,1.8689,0.0,0.0,0.0,2.10500001907349,up,2026-09-08T09:30:03,466.0,333.0
AAPL,2027-09-17,371,Call,195.0,AAPL270917C00195000,148.65,151.55,150.10000000000002,126.75,0.0,0.0,0.0,39.0,0.3674,0.9634,0.0007,0.2817,-0.0011,1.7441,149.965,0.0,0.0,0.0,141.475006103516,down,2026-09-09T14:14:59,140.0,121.0
AAPL,2027-09-17,371,Put,195.0,AAPL270917P00195000,1.93,2.18,2.055,2.11,-0.215,-9.24731,5.0,106.0,0.3608,-0.0385,0.0007,0.2864,-0.0134,-0.1377,2.101,2.15,2.15,2.02,2.32500004768372,up,2026-09-11T12:21:08,356.0,37.0
AAPL,2027-09-17,371,Call,200.0,AAPL270917C00200000,144.25,147.05,145.65,144.06,7.31,5.34552,2.0,76.0,0.3641,0.9591,0.0007,0.3076,-0.0025,1.7752,145.455,143.5,144.06,143.5,136.75,up,2026-09-11T09:57:47,233.0,170.0
AAPL,2027-09-17,371,Put,200.0,AAPL270917P00200000,2.29,2.51,2.4,2.35,-0.215,-8.38207,2.0,438.0,0.359,-0.043,0.0008,0.3128,-0.0145,-0.1534,2.3582,2.33,2.35,2.33,2.56500005722046,up,2026-09-11T11:38:45,291.0,379.0
AAPL,2027-09-17,371,Call,205.0,AAPL270917C00205000,139.65,142.55,141.10000000000002,126.25,0.0,0.0,0.0,486.0,0.357,0.9543,0.0008,0.3352,-0.004,1.8047,140.9725,0.0,0.0,0.0,132.574996948242,up,2026-09-10T09:43:36,378.0,378.0
AAPL,2027-09-17,371,Put,205.0,AAPL270917P00205000,2.56,2.82,2.69,2.84,0.0,0.0,0.0,96.0,0.3545,-0.0479,0.0008,0.3411,-0.0157,-0.1704,2.6406,0.0,0.0,0.0,2.91999995708466,down,2026-09-01T13:04:25,187.0,366.0
AAPL,2027-09-17,371,Call,210.0,AAPL270917C00210000,135.5,138.1,136.8,135.65,7.675,5.99727,2.0,58.0,0.3564,0.949,0.0009,0.365,-0.0056,1.8321,136.5203,135.65,135.65,135.65,127.974998474121,up,2026-09-11T09:36:03,243.0,208.0
AAPL,2027-09-17,371,Put,210.0,AAPL270917P00210000,2.75,3.15,2.95,3.4,0.0,0.0,0.0,172.0,0.3484,-0.0534,0.0009,0.3728,-0.0169,-0.1903,2.957,0.0,0.0,0.0,3.30000007152557,down,2026-09-10T09:41:37,428.0,333.0
AAPL,2027-09-17,371,Call,215.0,AAPL270917C00215000,130.95,133.65,132.3,115.55,0.0,0.0,0.0,74.0,0.3495,0.9432,0.001,0.3963,-0.0072,1.8574,132.1015,0.0,0.0,0.0,123.625,up,2026-08-20T10:20:49,166.0,137.0
AAPL,2027-09-17,371,Put,215.0,AAPL270917P00215000,3.1,3.5,3.3,4.02,0.0,0.0,0.0,202.0,0.3441,-0.0594,0.001,0.4032,-0.0182,-0.2098,3.3092,0.0,0.0,0.0,3.67499995231628,down,2026-09-09T15:23:12,310.0,300.0
AAPL,2027-09-17,371,Call,220.0,AAPL270917C00220000,126.35,129.3,127.825,106.0,0.0,0.0,0.0,41.0,0.3429,0.937,0.0011,0.4288,-0.0088,1.8808,127.7189,0.0,0.0,0.0,119.275001525879,down,2026-09-09T14:12:13,162.0,133.0
AAPL,2027-09-17,371,Put,220.0,AAPL270917P00220000,3.55,3.9,3.7249999999999996,3.63,-0.52,-12.5301,3.0,903.0,0.3408,-0.066,0.0011,0.4368,-0.0195,-0.2327,3.7004,3.72,3.72,3.63,4.15000009536743,down,2026-09-11T11:39:22,394.0,412.0
AAPL,2027-09-17,371,Call,225.0,AAPL270917C00225000,122.45,124.95,123.7,106.14,0.0,0.0,0.0,152.0,0.3435,0.9301,0.0012,0.4632,-0.0105,1.9021,123.3752,0.0,0.0,0.0,115.299999237061,down,2026-09-08T11:28:14,295.0,320.0
AAPL,2027-09-17,371,Put,225.0,AAPL270917P00225000,3.95,4.3,4.125,4.2,-0.475,-10.1604,1.0,279.0,0.3362,-0.073,0.0012,0.4737,-0.0209,-0.2572,4.1296,4.2,4.2,4.2,4.67499995231628,down,2026-09-11T12:07:53,381.0,352.0
AAPL,2027-09-17,371,Call,230.0,AAPL270917C00230000,118.0,120.65,119.325,100.05,0.0,0.0,0.0,53.0,0.3378,0.9227,0.0013,0.4996,-0.0122,1.9206,119.074,0.0,0.0,0.0,110.700000762939,up,2026-09-09T12:45:45,182.0,149.0
AAPL,2027-09-17,371,Put,230.0,AAPL270917P00230000,4.45,4.85,4.65,4.56,-0.59,-11.4563,17.0,369.0,0.3335,-0.0808,0.0014,0.5101,-0.0223,-0.2832,4.6057,4.75,4.75,4.55,5.15000009536743,down,2026-09-11T11:45:56,369.0,453.0
AAPL,2027-09-17,371,Call,235.0,AAPL270917C00235000,114.2,115.35,114.775,115.75,9.075,8.50714,1.0,60.0,0.3283,0.9147,0.0014,0.537,-0.014,1.9366,114.8191,115.75,115.75,115.75,106.675003051758,up,2026-09-11T10:54:00,88.0,66.0
AAPL,2027-09-17,371,Put,235.0,AAPL270917P00235000,5.0,5.3,5.15,5.1,-0.675,-11.6883,22.0,221.0,0.3294,-0.0892,0.0015,0.5475,-0.0238,-0.311,5.1281,5.3,5.3,5.05,5.77499985694885,no_change,2026-09-11T12:34:24,268.0,418.0
AAPL,2027-09-17,371,Call,240.0,AAPL270917C00240000,109.2,111.55,110.375,111.35,8.625,8.3962,2.0,575.0,0.3214,0.9061,0.0015,0.5755,-0.0158,1.9504,110.6134,110.0,111.35,110.0,102.725002288818,up,2026-09-11T10:56:56,568.0,312.0
AAPL,2027-09-17,371,Put,240.0,AAPL270917P00240000,5.55,5.85,5.699999999999999,5.55,-0.925,-14.2857,7.0,1043.0,0.3255,-0.0982,0.0016,0.5878,-0.0254,-0.341,5.7011,6.15,6.15,5.55,6.47499990463257,down,2026-09-11T12:07:53,368.0,387.0
AAPL,2027-09-17,371,Call,245.0,AAPL270917C00245000,105.25,107.6,106.425,105.8,7.425,7.54765,1.0,25.0,0.3218,0.8968,0.0017,0.6158,-0.0176,1.9612,106.4602,105.8,105.8,105.8,98.375,up,2026-09-11T09:39:50,374.0,323.0
AAPL,2027-09-17,371,Put,245.0,AAPL270917P00245000,6.1,6.5,6.3,6.39,-0.785,-10.9408,3.0,306.0,0.3217,-0.108,0.0017,0.6311,-0.027,-0.3744,6.3316,6.86,6.86,6.39,7.17499995231628,down,2026-09-11T09:37:35,461.0,408.0
AAPL,2027-09-17,371,Call,250.0,AAPL270917C00250000,101.7,103.5,102.6,101.8,7.3,7.72487,20.0,264.0,0.3229,0.8869,0.0018,0.6572,-0.0195,1.9687,102.3641,98.15,102.3,98.15,94.5,down,2026-09-11T12:36:09,124.0,372.0
AAPL,2027-09-17,371,Put,250.0,AAPL270917P00250000,6.9,7.15,7.025,7.0,-0.9,-11.3924,3.0,920.0,0.3191,-0.1185,0.0019,0.6708,-0.0286,-0.4073,7.0236,6.97,7.05,6.97,7.90000009536743,down,2026-09-11T12:28:16,297.0,462.0
AAPL,2027-09-17,371,Call,255.0,AAPL270917C00255000,97.05,99.65,98.35,99.85,9.4,10.3925,5.0,63.0,0.3165,0.8762,0.0019,0.6988,-0.0214,1.9738,98.3287,100.0,100.0,99.85,90.4500007629394,down,2026-09-11T11:12:53,470.0,351.0
AAPL,2027-09-17,371,Put,255.0,AAPL270917P00255000,7.55,7.95,7.75,7.72,-1.105,-12.5212,1.0,260.0,0.3156,-0.1297,0.002,0.7135,-0.0302,-0.445,7.7759,7.72,7.72,7.72,8.8250002861023,down,2026-09-11T10:52:25,372.0,307.0
AAPL,2027-09-17,371,Call,260.0,AAPL270917C00260000,93.5,95.35,94.425,94.9,8.05,9.26886,7.0,2358.0,0.3143,0.8649,0.0021,0.7413,-0.0233,1.9761,94.3568,93.7,95.32,93.7,86.8499984741211,down,2026-09-11T11:36:54,418.0,330.0
AAPL,2027-09-17,371,Put,260.0,AAPL270917P00260000,8.35,8.8,8.575,8.47,-1.33,-13.5714,5.0,274.0,0.3128,-0.1417,0.0022,0.7597,-0.0319,-0.4828,8.597,8.74,8.74,8.47,9.80000019073486,down,2026-09-11T11:28:17,447.0,557.0
AAPL,2027-09-17,371,Call,265.0,AAPL270917C00265000,89.6,91.2,90.4,90.37,7.47,9.01086,40.0,90.0,0.3099,0.8528,0.0022,0.7848,-0.0251,1.9746,90.4528,88.35,91.33,88.35,82.8999977111816,down,2026-09-11T12:25:35,415.0,328.0
AAPL,2027-09-17,371,Put,265.0,AAPL270917P00265000,9.3,9.8,9.55,9.5,-1.225,-11.4219,30.0,811.0,0.3111,-0.1546,0.0023,0.8024,-0.0336,-0.5232,9.5045,9.7,9.7,9.4,10.7250003814697,up,2026-09-11T12:37:09,406.0,585.0
AAPL,2027-09-17,371,Call,270.0,AAPL270917C00270000,85.5,87.65,86.575,87.57,8.545,10.813,5.0,2309.0,0.3073,0.8401,0.0024,0.828,-0.027,1.97,86.6212,85.6,87.57,85.6,79.0249977111816,up,2026-09-11T11:04:00,522.0,299.0
AAPL,2027-09-17,371,Put,270.0,AAPL270917P00270000,10.15,10.8,10.475000000000001,10.42,-1.455,-12.2526,15.0,1098.0,0.3078,-0.1682,0.0025,0.8455,-0.0352,-0.5647,10.4647,10.5,10.79,10.42,11.875,down,2026-09-11T10:52:25,483.0,511.0
AAPL,2027-09-17,371,Call,275.0,AAPL270917C00275000,81.8,84.45,83.125,81.0,5.525,7.32031,3.0,106.0,0.3084,0.8266,0.0025,0.8708,-0.0288,1.9631,82.8645,81.55,81.55,81.0,75.4749984741211,down,2026-09-11T10:07:40,397.0,445.0
AAPL,2027-09-17,371,Put,275.0,AAPL270917P00275000,11.25,11.8,11.525,11.48,-1.57,-12.0307,1.0,1860.0,0.3054,-0.1826,0.0027,0.8904,-0.0369,-0.6089,11.5261,11.48,11.48,11.48,13.0500001907349,down,2026-09-11T11:37:50,514.0,578.0
AAPL,2027-09-17,371,Call,280.0,AAPL270917C00280000,78.45,80.45,79.45,79.84,7.765,10.7735,8.0,287.0,0.3059,0.8125,0.0026,0.9139,-0.0306,1.9524,79.1862,76.75,79.9,76.75,72.0750007629394,down,2026-09-11T11:43:44,334.0,394.0
AAPL,2027-09-17,371,Put,280.0,AAPL270917P00280000,12.4,13.0,12.7,13.0,-1.3,-9.09091,1.0,2113.0,0.3034,-0.1976,0.0028,0.935,-0.0385,-0.6566,12.6417,13.0,13.0,13.0,14.3000001907349,down,2026-09-11T09:59:00,315.0,399.0
AAPL,2027-09-17,371,Call,285.0,AAPL270917C00285000,74.65,77.15,75.9,75.2,6.4,9.30233,4.0,465.0,0.3039,0.7977,0.0028,0.9564,-0.0324,1.938,75.5912,75.2,75.2,75.2,68.7999992370606,no_change,2026-09-11T09:44:14,361.0,435.0
AAPL,2027-09-17,371,Put,285.0,AAPL270917P00285000,13.65,14.3,13.975000000000001,16.1,0.0,0.0,0.0,657.0,0.3015,-0.2138,0.003,0.9757,-0.0402,-0.7018,13.8939,0.0,0.0,0.0,15.6750001907349,down,2026-09-10T09:38:23,296.0,629.0
AAPL,2027-09-17,371,Call,290.0,AAPL270917C00290000,71.4,73.5,72.45,72.2,7.275,11.2052,4.0,185.0,0.3021,0.7822,0.0029,0.9973,-0.0341,1.9214,72.082,71.32,72.2,70.4,64.9250011444092,up,2026-09-11T12:18:43,321.0,487.0
AAPL,2027-09-17,371,Put,290.0,AAPL270917P00290000,15.1,15.4,15.25,15.35,-1.8,-10.4956,35.0,639.0,0.2987,-0.2305,0.0032,1.0179,-0.0417,-0.7494,15.198,15.7,15.75,15.0,17.1500005722046,up,2026-09-11T12:36:39,173.0,375.0
AAPL,2027-09-17,371,Call,295.0,AAPL270917C00295000,68.1,69.3,68.69999999999999,68.9,7.025,11.3535,1.0,335.0,0.2967,0.7661,0.0031,1.0374,-0.0357,1.9017,68.6607,68.9,68.9,68.9,61.875,up,2026-09-11T12:12:55,331.0,265.0
AAPL,2027-09-17,371,Put,295.0,AAPL270917P00295000,16.4,16.9,16.65,17.15,-1.625,-8.65512,100.0,847.0,0.2966,-0.248,0.0033,1.0604,-0.0433,-0.8011,16.6201,17.15,17.15,17.15,18.7749996185303,down,2026-09-11T09:57:00,503.0,322.0
AAPL,2027-09-17,371,Call,300.0,AAPL270917C00300000,64.75,65.9,65.325,65.5,6.725,11.4419,49.0,997.0,0.2943,0.7494,0.0032,1.0764,-0.0373,1.878,65.3315,64.64,66.76,64.0,58.7749996185303,no_change,2026-09-11T11:54:39,382.0,194.0
AAPL,2027-09-17,371,Put,300.0,AAPL270917P00300000,17.95,18.5,18.225,18.15,-2.25,-11.0294,127.0,1119.0,0.295,-0.2664,0.0035,1.0963,-0.0448,-0.8491,18.1485,18.65,18.73,17.92,20.3999996185303,up,2026-09-11T12:20:08,483.0,709.0
AAPL,2027-09-17,371,Call,305.0,AAPL270917C00305000,60.95,63.45,62.2,63.0,6.725,11.9502,11.0,401.0,0.2934,0.732,0.0034,1.1132,-0.0388,1.852,62.0974,61.45,63.25,60.45,56.2749996185303,down,2026-09-11T11:24:48,597.0,430.0
AAPL,2027-09-17,371,Put,305.0,AAPL270917P00305000,19.45,20.05,19.75,20.1,-2.125,-9.56131,114.0,372.0,0.2922,-0.2854,0.0037,1.1326,-0.0461,-0.8979,19.7514,20.33,20.33,19.92,22.2250003814697,up,2026-09-11T12:07:53,579.0,310.0
AAPL,2027-09-17,371,Call,310.0,AAPL270917C00310000,58.65,59.85,59.25,59.0,6.575,12.5417,8.0,519.0,0.2932,0.7142,0.0035,1.1477,-0.0402,1.8239,58.9593,58.0,59.6,58.0,52.4249992370606,down,2026-09-11T12:35:49,259.0,388.0
AAPL,2027-09-17,371,Put,310.0,AAPL270917P00310000,21.25,21.8,21.525,22.13,-1.92,-7.98337,101.0,517.0,0.2909,-0.305,0.0038,1.1665,-0.0476,-0.9515,21.4921,22.84,22.84,22.13,24.0500001907349,no_change,2026-09-11T09:56:37,296.0,295.0
AAPL,2027-09-17,371,Call,315.0,AAPL270917C00315000,55.3,57.1,56.2,57.17,7.72,15.6117,23.0,612.0,0.2913,0.6959,0.0036,1.1804,-0.0415,1.7922,55.9195,55.5,57.17,55.5,49.4500007629394,up,2026-09-11T11:19:17,282.0,643.0
AAPL,2027-09-17,371,Put,315.0,AAPL270917P00315000,23.1,23.65,23.375,24.91,-1.265,-4.83286,10.0,416.0,0.2894,-0.3251,0.004,1.1968,-0.0488,-1.0018,23.3133,25.04,25.04,24.91,26.1750001907349,down,2026-09-11T09:32:11,339.0,419.0
AAPL,2027-09-17,371,Call,320.0,AAPL270917C00320000,52.15,53.95,53.05,53.5,6.575,14.0117,57.0,2240.0,0.2879,0.6772,0.0037,1.2106,-0.0426,1.7576,52.9813,51.2,54.0,51.2,46.9250011444092,no_change,2026-09-11T12:16:23,639.0,413.0
AAPL,2027-09-17,371,Put,320.0,AAPL270917P00320000,24.95,25.75,25.35,26.1,-2.125,-7.52879,2.0,300.0,0.288,-0.3461,0.0041,1.2236,-0.05,-1.0512,25.2436,25.58,26.1,25.58,28.2250003814697,up,2026-09-11T09:54:22,394.0,698.0
AAPL,2027-09-17,371,Call,325.0,AAPL270917C00325000,49.9,50.9,50.4,51.15,6.925,15.6586,6.0,638.0,0.2878,0.658,0.0038,1.2377,-0.0437,1.722,50.1448,49.62,51.7,49.62,44.2249984741211,up,2026-09-11T11:28:19,127.0,257.0
AAPL,2027-09-17,371,Put,325.0,AAPL270917P00325000,27.35,27.65,27.5,27.35,-3.15,-10.3279,27.0,486.0,0.2871,-0.3676,0.0043,1.2473,-0.051,-1.0966,27.3047,29.9,29.9,27.0,30.5,down,2026-09-11T12:26:22,1.0,567.0
AAPL,2027-09-17,371,Call,330.0,AAPL270917C00330000,47.1,48.0,47.55,47.73,5.955,14.2549,52.0,820.0,0.2854,0.6386,0.0039,1.262,-0.0446,1.6839,47.4101,47.0,48.5,45.67,41.7749996185303,no_change,2026-09-11T11:59:12,214.0,241.0
AAPL,2027-09-17,371,Put,330.0,AAPL270917P00330000,29.1,29.85,29.475,29.5,-3.375,-10.2662,11.0,280.0,0.284,-0.3897,0.0044,1.2686,-0.052,-1.1494,29.4863,29.9,30.5,29.3,32.875,up,2026-09-11T10:56:18,457.0,434.0
AAPL,2027-09-17,371,Call,335.0,AAPL270917C00335000,44.45,45.15,44.8,44.81,5.285,13.3713,19.0,648.0,0.2831,0.6189,0.004,1.2834,-0.0454,1.6427,44.7795,43.75,45.35,43.25,39.5249996185303,down,2026-09-11T12:25:35,498.0,129.0
AAPL,2027-09-17,371,Put,335.0,AAPL270917P00335000,31.4,32.05,31.724999999999998,31.5,-3.925,-11.0797,3.0,632.0,0.2824,-0.412,0.0045,1.2842,-0.053,-1.1918,31.7994,31.5,31.5,31.5,35.4249992370606,no_change,2026-09-11T11:43:34,573.0,352.0
AAPL,2027-09-17,371,Call,340.0,AAPL270917C00340000,41.95,43.05,42.5,43.24,6.165,16.6285,20.0,952.0,0.2835,0.599,0.0041,1.3015,-0.0461,1.6006,42.2534,41.03,43.24,41.03,37.0749988555908,up,2026-09-11T11:09:23,204.0,601.0
AAPL,2027-09-17,371,Put,340.0,AAPL270917P00340000,33.8,34.65,34.224999999999994,34.2,-3.8,-10.0,11.0,159.0,0.2817,-0.4348,0.0046,1.2953,-0.0538,-1.2293,34.211,35.0,35.2,34.2,38.0,no_change,2026-09-11T10:28:15,388.0,374.0
AAPL,2027-09-17,371,Call,345.0,AAPL270917C00345000,39.35,40.5,39.925,40.45,5.575,15.9857,10.0,1023.0,0.2811,0.579,0.0041,1.3163,-0.0467,1.5579,39.83,38.87,40.45,38.82,34.875,up,2026-09-11T10:57:43,312.0,562.0
AAPL,2027-09-17,371,Put,345.0,AAPL270917P00345000,36.3,37.25,36.775,45.0,0.0,0.0,0.0,101.0,0.2806,-0.4581,0.0048,1.3029,-0.0544,-1.2716,36.7471,0.0,0.0,0.0,40.7999992370606,up,2026-09-08T10:00:11,262.0,504.0
AAPL,2027-09-17,371,Call,350.0,AAPL270917C00350000,37.15,38.0,37.575,37.5,4.75,14.5038,141.0,12034.0,0.2797,0.5589,0.0042,1.3278,-0.0471,1.5125,37.5095,34.0,38.45,34.0,32.75,no_change,2026-09-11T12:22:21,462.0,539.0
AAPL,2027-09-17,371,Put,350.0,AAPL270917P00350000,38.9,39.8,39.349999999999994,38.97,-4.78,-10.9257,37.0,66.0,0.2787,-0.4818,0.0049,1.3048,-0.055,-1.2996,39.3972,39.17,39.19,38.91,43.75,down,2026-09-11T11:10:08,457.0,483.0
AAPL,2027-09-17,371,Call,355.0,AAPL270917C00355000,35.0,35.55,35.275,35.73,5.03,16.3844,27.0,879.0,0.278,0.5387,0.0042,1.336,-0.0474,1.4658,35.2924,34.31,35.73,34.31,30.7000007629394,up,2026-09-11T11:44:06,467.0,100.0
AAPL,2027-09-17,371,Put,355.0,AAPL270917P00355000,41.8,42.75,42.275,49.25,0.0,0.0,0.0,212.0,0.2789,-0.5054,0.005,1.3045,-0.0554,-1.327,42.1789,0.0,0.0,0.0,46.625,down,2026-08-28T11:01:04,126.0,286.0
AAPL,2027-09-17,371,Call,360.0,AAPL270917C00360000,32.9,33.45,33.175,32.9,4.125,14.3354,26.0,2076.0,0.2771,0.5187,0.0043,1.3408,-0.0475,1.4196,33.1766,32.25,33.79,32.25,28.7749996185303,down,2026-09-11T12:21:46,385.0,242.0
AAPL,2027-09-17,371,Put,360.0,AAPL270917P00360000,44.5,45.65,45.075,63.5,0.0,0.0,0.0,19.0,0.277,-0.5296,0.0051,1.2954,-0.0558,-1.3556,45.0687,0.0,0.0,0.0,49.75,up,2026-08-13T15:43:55,147.0,295.0
AAPL,2027-09-17,371,Call,365.0,AAPL270917C00365000,30.9,31.45,31.174999999999997,31.2,4.275,15.8774,9.0,1695.0,0.2763,0.4987,0.0043,1.3423,-0.0476,1.3726,31.1596,30.8,31.49,30.24,26.9250001907349,down,2026-09-11T12:29:03,418.0,234.0
AAPL,2027-09-17,371,Put,365.0,AAPL270917P00365000,47.4,48.65,48.025,52.73,0.0,0.0,0.0,4.0,0.2755,-0.5536,0.0051,1.2845,-0.056,-1.3791,48.1115,0.0,0.0,0.0,53.3499984741211,no_change,2026-09-01T14:52:31,166.0,240.0
AAPL,2027-09-17,371,Call,370.0,AAPL270917C00370000,29.0,29.5,29.25,30.1,4.875,19.3261,7.0,660.0,0.2754,0.4789,0.0043,1.3404,-0.0475,1.3238,29.2412,28.62,30.1,28.34,25.2250003814697,up,2026-09-11T11:09:28,352.0,374.0
AAPL,2027-09-17,371,Put,370.0,AAPL270917P00370000,50.5,51.95,51.225,70.42,0.0,0.0,0.0,103.0,0.2753,-0.5775,0.0052,1.2697,-0.0562,-1.403,51.2298,0.0,0.0,0.0,56.375,no_change,2026-08-04T10:19:23,139.0,386.0
AAPL,2027-09-17,371,Call,375.0,AAPL270917C00375000,27.15,27.65,27.4,27.6,4.025,17.0732,41.0,2001.0,0.2744,0.4594,0.0043,1.3355,-0.0473,1.2755,27.4199,27.63,28.2,27.6,23.5749998092651,no_change,2026-09-11T11:46:23,429.0,271.0
AAPL,2027-09-17,371,Put,375.0,AAPL270917P00375000,53.75,55.1,54.425,73.3,0.0,0.0,0.0,29.0,0.2739,-0.6018,0.0053,1.2449,-0.0562,-1.3902,54.4994,0.0,0.0,0.0,60.4749984741211,down,2026-08-11T12:54:07,139.0,273.0
AAPL,2027-09-17,371,Call,380.0,AAPL270917C00380000,25.45,25.95,25.7,26.25,4.225,19.1827,31.0,1195.0,0.2738,0.44,0.0043,1.3277,-0.047,1.2282,25.6918,25.0,26.25,25.0,22.0249996185303,up,2026-09-11T11:01:35,347.0,524.0
AAPL,2027-09-17,371,Put,380.0,AAPL270917P00380000,56.95,58.95,57.95,74.65,0.0,0.0,0.0,67.0,0.2744,-0.626,0.0053,1.2173,-0.0561,-1.4063,57.8708,0.0,0.0,0.0,63.9750022888184,up,2026-08-25T12:22:01,182.0,605.0
AAPL,2027-09-17,371,Call,385.0,AAPL270917C00385000,23.8,24.3,24.05,24.65,4.1,19.9513,3.0,862.0,0.273,0.4211,0.0042,1.3169,-0.0466,1.1801,24.0546,24.65,24.65,24.65,20.5500001907349,no_change,2026-09-11T11:06:42,331.0,515.0
AAPL,2027-09-17,371,Put,385.0,AAPL270917P00385000,60.15,61.95,61.05,74.75,0.0,0.0,0.0,26.0,0.2704,-0.65,0.0054,1.1829,-0.056,-1.3926,61.3586,0.0,0.0,0.0,67.2750015258789,no_change,2026-08-20T14:01:26,454.0,117.0
AAPL,2027-09-17,371,Call,390.0,AAPL270917C00390000,22.25,22.75,22.5,23.02,3.845,20.0522,8.0,488.0,0.2723,0.4024,0.0042,1.3031,-0.046,1.1317,22.507,20.55,23.25,20.55,19.1750001907349,up,2026-09-11T11:34:31,307.0,356.0
AAPL,2027-09-17,371,Put,390.0,AAPL270917P00390000,63.8,65.45,64.625,73.3,0.0,0.0,0.0,12.0,0.2695,-0.674,0.0054,1.152,-0.0558,-1.3701,64.9513,0.0,0.0,0.0,71.0500030517578,down,2026-09-10T09:38:22,314.0,96.0
AAPL,2027-09-17,371,Call,395.0,AAPL270917C00395000,20.8,21.3,21.05,21.3,3.425,19.1608,35.0,528.0,0.2718,0.3842,0.0042,1.287,-0.0454,1.0847,21.046,20.5,21.3,20.3,17.875,up,2026-09-11T12:15:46,482.0,549.0
AAPL,2027-09-17,371,Put,395.0,AAPL270917P00395000,67.55,70.2,68.875,82.2,0.0,0.0,0.0,3.0,0.2738,-0.6977,0.0054,1.1055,-0.0554,-1.3432,68.6597,0.0,0.0,0.0,75.4500007629394,down,2026-08-19T10:55:06,341.0,440.0
AAPL,2027-09-17,371,Call,400.0,AAPL270917C00400000,19.45,19.9,19.674999999999997,19.65,2.975,17.8411,64.0,2472.0,0.2713,0.3665,0.0041,1.2688,-0.0447,1.039,19.6674,19.25,20.4,18.45,16.6750001907349,down,2026-09-11T12:31:20,367.0,580.0
AAPL,2027-09-17,371,Put,400.0,AAPL270917P00400000,71.65,73.7,72.67500000000001,94.56,0.0,0.0,0.0,3.0,0.2732,-0.7216,0.0054,1.0591,-0.0553,-1.326,72.4765,0.0,0.0,0.0,79.3250007629394,up,2026-08-03T13:29:39,219.0,385.0
AAPL,2027-09-17,371,Call,410.0,AAPL270917C00410000,16.9,17.35,17.125,17.4,2.9,20.0,9.0,785.0,0.2702,0.3324,0.004,1.2251,-0.0431,0.9475,17.1476,16.3,17.6,16.3,14.5,down,2026-09-11T11:37:33,512.0,490.0
AAPL,2027-09-17,371,Put,410.0,AAPL270917P00410000,78.8,81.35,80.07499999999999,90.35,0.0,0.0,0.0,16.0,0.2666,-0.7682,0.0055,0.9526,-0.0543,-1.2342,80.4234,0.0,0.0,0.0,87.4749984741211,down,2026-09-10T11:19:25,439.0,424.0
AAPL,2027-09-17,371,Call,420.0,AAPL270917C00420000,14.7,15.15,14.925,15.4,2.85,22.7092,44.0,1494.0,0.2695,0.3005,0.0038,1.1757,-0.0412,0.8626,14.9349,14.3,15.55,14.3,12.5500001907349,down,2026-09-11T11:38:49,471.0,492.0
AAPL,2027-09-17,371,Put,420.0,AAPL270917P00420000,87.6,89.9,88.75,89.11,0.0,0.0,0.0,0.0,0.2692,-0.8144,0.0055,0.8165,-0.0541,-1.0944,88.7821,0.0,0.0,0.0,96.2999992370606,no_change,2026-07-27T09:46:50,361.0,363.0
AAPL,2027-09-17,371,Call,430.0,AAPL270917C00430000,12.7,13.25,12.975,13.55,2.675,24.5977,25.0,448.0,0.269,0.2706,0.0036,1.1196,-0.0392,0.7802,12.9786,12.25,13.55,12.25,10.875,no_change,2026-09-11T11:13:03,527.0,502.0
AAPL,2027-09-17,371,Put,430.0,AAPL270917P00430000,96.5,98.7,97.6,104.8,0.0,0.0,0.0,10.0,0.2704,-0.8593,0.0056,0.678,-0.054,-0.9254,97.5147,0.0,0.0,0.0,105.424999237061,down,2026-09-02T12:09:07,338.0,350.0
AAPL,2027-09-17,371,Call,440.0,AAPL270917C00440000,11.1,11.5,11.3,11.26,1.86,19.7872,23.0,197.0,0.269,0.243,0.0034,1.0607,-0.0371,0.7046,11.2667,10.8,11.6,10.8,9.39999961853027,up,2026-09-11T12:14:44,396.0,531.0
AAPL,2027-09-17,371,Put,440.0,AAPL270917P00440000,105.15,107.5,106.325,112.8,0.0,0.0,0.0,0.0,0.2618,-0.9011,0.0053,0.492,-0.0527,-0.6716,106.6295,0.0,0.0,0.0,114.674999237061,up,2026-07-16T09:45:28,169.0,135.0
AAPL,2027-09-17,371,Call,450.0,AAPL270917C00450000,9.6,10.05,9.825,9.81,1.635,20.0,15.0,322.0,0.269,0.2177,0.0032,0.9988,-0.0348,0.6332,9.7726,8.75,10.25,8.75,8.17500019073486,no_change,2026-09-11T12:14:44,368.0,546.0
AAPL,2027-09-17,371,Put,450.0,AAPL270917P00450000,114.6,117.2,115.9,144.45,0.0,0.0,0.0,0.0,0.2614,-0.9388,0.0047,0.3318,-0.0527,-0.368,116.0702,0.0,0.0,0.0,124.350002288818,up,2026-08-10T12:46:36,157.0,151.0
AAPL,2027-09-17,371,Call,460.0,AAPL270917C00460000,8.2,8.7,8.45,8.64,1.615,22.9893,24.0,138.0,0.2682,0.1946,0.003,0.9362,-0.0326,0.5685,8.4741,8.65,8.65,8.64,7.02500009536743,no_change,2026-09-11T10:48:02,594.0,476.0
AAPL,2027-09-17,371,Put,460.0,AAPL270917P00460000,124.1,127.2,125.65,0.0,0.0,0.0,0.0,0.0,0.0,-0.967,0.0034,0.1798,-0.0433,-0.2084,125.7915,0.0,0.0,0.0,134.349998474121,no_change,,143.0,117.0
AAPL,2027-09-17,371,Call,470.0,AAPL270917C00470000,7.15,7.6,7.375,6.0,0.0,0.0,0.0,342.0,0.2689,0.1737,0.0028,0.8741,-0.0304,0.5088,7.3466,0.0,0.0,0.0,6.09999990463257,no_change,2026-09-10T14:01:29,490.0,410.0
AAPL,2027-09-17,371,Put,470.0,AAPL270917P00470000,134.3,137.2,135.75,0.0,0.0,0.0,0.0,0.0,0.2785,-0.9859,0.0017,0.0357,-0.0304,0.0,135.715,0.0,0.0,0.0,144.349998474121,no_change,,107.0,107.0
AAPL,2027-09-17,371,Call,480.0,AAPL270917C00480000,6.2,6.6,6.4,6.67,1.37,25.8491,22.0,146.0,0.2691,0.1548,0.0026,0.8122,-0.0282,0.4546,6.3716,6.65,6.67,6.65,5.30000019073486,up,2026-09-11T11:05:06,510.0,398.0
AAPL,2027-09-17,371,Put,480.0,AAPL270917P00480000,144.1,147.2,145.64999999999998,0.0,0.0,0.0,0.0,0.0,0.0,-0.9958,0.0005,0.0,-0.0304,0.0,145.715,0.0,0.0,0.0,154.349998474121,no_change,,104.0,104.0
AAPL,2027-09-17,371,Call,490.0,AAPL270917C00490000,5.35,5.75,5.55,5.5,0.9,19.5652,2.0,56.0,0.2694,0.1378,0.0024,0.7534,-0.0261,0.4061,5.5279,5.3,5.5,5.3,4.60000014305115,up,2026-09-11T10:27:10,481.0,425.0
AAPL,2027-09-17,371,Put,490.0,AAPL270917P00490000,154.3,157.2,155.75,0.0,0.0,0.0,0.0,0.0,0.3037,-1.0,0.0,0.0,-0.0304,0.0,155.715,0.0,0.0,0.0,164.349998474121,no_change,,114.0,114.0
AAPL,2027-09-17,371,Call,500.0,AAPL270917C00500000,4.65,4.95,4.800000000000001,5.05,1.05,26.25,6.0,383.0,0.2695,0.1226,0.0022,0.6957,-0.0241,0.3616,4.7999,4.75,5.05,4.64,3.99999988079071,no_change,2026-09-11T11:12:52,495.0,255.0
AAPL,2027-09-17,371,Put,500.0,AAPL270917P00500000,164.3,167.2,165.75,0.0,0.0,0.0,0.0,0.0,0.3158,-1.0,0.0,0.0,-0.0304,0.0,165.715,0.0,0.0,0.0,174.349998474121,no_change,,108.0,108.0
AAPL,2027-09-17,371,Call,510.0,AAPL270917C00510000,4.05,4.4,4.225,2.95,0.0,0.0,0.0,96.0,0.2709,0.109,0.002,0.6417,-0.0222,0.3226,4.1718,0.0,0.0,0.0,3.42499995231628,down,2026-09-04T10:10:45,384.0,358.0
AAPL,2027-09-17,371,Put,510.0,AAPL270917P00510000,174.3,177.2,175.75,0.0,0.0,0.0,0.0,0.0,0.3276,-1.0,0.0,0.0,-0.0304,0.0,175.715,0.0,0.0,0.0,184.349998474121,no_change,,107.0,107.0
AAPL,2027-09-17,371,Call,520.0,AAPL270917C00520000,3.5,3.85,3.675,2.27,0.0,0.0,0.0,119.0,0.2715,0.097,0.0019,0.5907,-0.0204,0.2871,3.6298,0.0,0.0,0.0,3.02499997615814,no_change,2026-09-09T11:02:29,112.0,142.0
AAPL,2027-09-17,371,Put,520.0,AAPL270917P00520000,184.3,187.2,185.75,0.0,0.0,0.0,0.0,0.0,0.3392,-1.0,0.0,0.0,-0.0304,0.0,185.715,0.0,0.0,0.0,194.349998474121,no_change,,114.0,112.0
AAPL,2027-09-17,371,Call,530.0,AAPL270917C00530000,3.0,3.4,3.2,2.76,0.0,0.0,0.0,71.0,0.2721,0.0862,0.0017,0.5422,-0.0187,0.2555,3.1629,0.0,0.0,0.0,2.63999998569489,up,2026-09-03T12:21:38,137.0,220.0
AAPL,2027-09-17,371,Put,530.0,AAPL270917P00530000,194.3,197.2,195.75,223.26,0.0,0.0,0.0,0.0,0.3504,-1.0,0.0,0.0,-0.0304,0.0,195.715,0.0,0.0,0.0,204.349998474121,down,2026-08-11T10:55:54,108.0,101.0
AAPL,2027-09-17,371,Call,540.0,AAPL270917C00540000,2.65,2.95,2.8,2.0,0.0,0.0,0.0,49.0,0.273,0.0767,0.0016,0.4979,-0.0172,0.2279,2.7599,0.0,0.0,0.0,2.3050000667572,down,2026-09-10T10:38:08,311.0,332.0
AAPL,2027-09-17,371,Put,540.0,AAPL270917P00540000,204.3,207.2,205.75,0.0,0.0,0.0,0.0,0.0,0.3614,-1.0,0.0,0.0,-0.0304,0.0,205.715,0.0,0.0,0.0,214.349998474121,no_change,,107.0,97.0
AAPL,2027-09-17,371,Call,550.0,AAPL270917C00550000,2.33,2.61,2.4699999999999998,2.43,0.43,21.5,405.0,1685.0,0.2744,0.0683,0.0014,0.4564,-0.0157,0.2028,2.4122,2.2,2.53,2.2,1.99999994039536,down,2026-09-11T11:55:11,391.0,458.0
AAPL,2027-09-17,371,Put,550.0,AAPL270917P00550000,214.3,217.2,215.75,0.0,0.0,0.0,0.0,0.0,0.3721,-1.0,0.0,0.0,-0.0304,0.0,215.715,0.0,0.0,0.0,224.349998474121,no_change,,104.0,95.0
AAPL,2027-09-17,371,Call,560.0,AAPL270917C00560000,2.02,2.21,2.115,2.02,0.245,13.8028,4.0,444.0,0.274,0.0608,0.0013,0.4176,-0.0144,0.1807,2.1124,1.8,2.02,1.8,1.77500003576279,no_change,2026-09-11T09:55:32,412.0,232.0
AAPL,2027-09-17,371,Put,560.0,AAPL270917P00560000,224.3,227.2,225.75,0.0,0.0,0.0,0.0,0.0,0.3826,-1.0,0.0,0.0,-0.0304,0.0,225.715,0.0,0.0,0.0,234.575004577637,no_change,,90.0,121.0
AAPL,2027-09-17,371,Call,570.0,AAPL270917C00570000,1.75,1.96,1.855,1.5,0.0,0.0,0.0,41.0,0.275,0.0542,0.0012,0.3827,-0.0132,0.1615,1.853,0.0,0.0,0.0,1.55000001192093,up,2026-09-10T09:37:23,356.0,316.0
AAPL,2027-09-17,371,Put,570.0,AAPL270917P00570000,234.1,237.7,235.89999999999998,0.0,0.0,0.0,0.0,0.0,0.4048,-1.0,0.0,0.0,-0.0304,0.0,235.715,0.0,0.0,0.0,244.5,no_change,,94.0,114.0
AAPL,2027-09-17,371,Call,580.0,AAPL270917C00580000,1.49,1.81,1.65,1.26,0.0,0.0,0.0,63.0,0.2766,0.0484,0.0011,0.3504,-0.0121,0.144,1.6287,0.0,0.0,0.0,1.36000001430511,down,2026-09-10T11:29:36,319.0,305.0
AAPL,2027-09-17,371,Put,580.0,AAPL270917P00580000,244.1,247.7,245.89999999999998,0.0,0.0,0.0,0.0,0.0,0.415,-1.0,0.0,0.0,-0.0304,0.0,245.715,0.0,0.0,0.0,254.575004577637,no_change,,87.0,114.0
AAPL,2027-09-17,371,Call,590.0,AAPL270917C00590000,1.3,1.61,1.455,1.42,0.225,18.8285,52.0,87.0,0.2777,0.0432,0.001,0.3204,-0.0111,0.1286,1.4347,1.4,1.43,1.4,1.19499999284744,no_change,2026-09-11T09:52:06,356.0,415.0
AAPL,2027-09-17,371,Put,590.0,AAPL270917P00590000,254.1,257.45,255.77499999999998,0.0,0.0,0.0,0.0,0.0,0.415,-1.0,0.0,0.0,-0.0304,0.0,255.715,0.0,0.0,0.0,264.574996948242,no_change,,86.0,95.0
AAPL,2027-09-17,371,Call,600.0,AAPL270917C00600000,1.23,1.41,1.3199999999999998,1.3,0.21,19.2661,52.0,1657.0,0.2801,0.0387,0.0009,0.2934,-0.0101,0.1153,1.2665,1.24,1.3,1.2,1.0900000333786,up,2026-09-11T11:24:35,38.0,512.0
AAPL,2027-09-17,371,Put,600.0,AAPL270917P00600000,264.1,267.7,265.9,0.0,0.0,0.0,0.0,0.0,0.4348,-1.0,0.0,0.0,-0.0304,0.0,265.715,0.0,0.0,0.0,274.574996948242,no_change,,10.0,113.0
AAPL,2027-12-17,462,Call,5.0,AAPL271217C00005000,327.5,331.15,329.325,310.06,0.0,0.0,0.0,1.0,0.0,1.0,0.0,0.0007,0.0,0.0177,329.6545,0.0,0.0,0.0,320.550003051758,up,2026-08-06T09:52:35,11.0,11.0
AAPL,2027-12-17,462,Put,5.0,AAPL271217P00005000,0.0,0.27,0.135,0.01,0.0,0.0,0.0,41.0,1.5785,0.0,0.0,0.0005,0.0,-0.0002,0.0036,0.0,0.0,0.0,0.254999995231628,down,2026-07-09T09:30:07,0.0,298.0
AAPL,2027-12-17,462,Call,10.0,AAPL271217C00010000,322.65,326.3,324.475,295.0,0.0,0.0,0.0,3.0,0.0,1.0,0.0,0.0004,0.0,0.0458,324.7435,0.0,0.0,0.0,315.699996948242,down,2026-08-11T15:21:42,20.0,11.0
AAPL,2027-12-17,462,Put,10.0,AAPL271217P00010000,0.0,0.26,0.13,0.0,0.0,0.0,0.0,0.0,1.2735,-0.0001,0.0,0.0011,-0.0001,-0.0004,0.0073,0.0,0.0,0.0,0.239999994635582,no_change,,0.0,379.0
AAPL,2027-12-17,462,Call,15.0,AAPL271217C00015000,317.85,321.5,319.675,231.29,0.0,0.0,0.0,25.0,0.0,1.0,0.0,0.0006,0.0,0.0861,319.8627,0.0,0.0,0.0,310.949996948242,down,2026-01-21T11:23:55,86.0,11.0
AAPL,2027-12-17,462,Put,15.0,AAPL271217P00015000,0.0,0.27,0.135,0.0,0.0,0.0,0.0,0.0,1.117,-0.0001,0.0,0.0018,-0.0002,-0.0006,0.0116,0.0,0.0,0.0,0.224999994039536,no_change,,0.0,333.0
AAPL,2027-12-17,462,Call,20.0,AAPL271217C00020000,313.15,316.8,314.975,227.46,0.0,0.0,0.0,1.0,0.0,1.0,0.0,0.0018,0.0,0.1309,315.0143,0.0,0.0,0.0,306.199996948242,down,2026-04-07T10:46:03,86.0,11.0
AAPL,2027-12-17,462,Put,20.0,AAPL271217P00020000,0.0,0.28,0.14,0.03,0.0,0.0,0.0,62.0,1.0107,-0.0002,0.0,0.0026,-0.0002,-0.0009,0.0167,0.0,0.0,0.0,0.209999993443489,no_change,2026-06-04T12:43:23,0.0,300.0
AAPL,2027-12-17,462,Call,25.0,AAPL271217C00025000,308.4,312.05,310.225,223.24,0.0,0.0,0.0,1.0,0.8413,1.0,0.0,0.0035,0.0,0.2345,310.1936,0.0,0.0,0.0,301.5,down,2026-04-07T10:46:39,86.0,11.0
AAPL,2027-12-17,462,Put,25.0,AAPL271217P00025000,0.0,0.28,0.14,0.06,0.0,0.0,0.0,40.0,0.9268,-0.0003,0.0,0.0037,-0.0003,-0.0013,0.0226,0.0,0.0,0.0,0.170000001788139,no_change,2026-05-19T13:12:41,0.0,379.0
AAPL,2027-12-17,462,Call,30.0,AAPL271217C00030000,303.7,307.35,305.525,270.6,0.0,0.0,0.0,9.0,0.8339,1.0,0.0,0.0048,0.0,0.3228,305.4502,0.0,0.0,0.0,296.75,up,2026-06-24T12:02:03,86.0,16.0
AAPL,2027-12-17,462,Put,30.0,AAPL271217P00030000,0.0,0.28,0.14,0.01,0.0,0.0,0.0,174.0,0.8597,-0.0004,0.0,0.0049,-0.0004,-0.0018,0.0294,0.0,0.0,0.0,0.165000006556511,down,2026-09-03T14:34:56,0.0,409.0
AAPL,2027-12-17,462,Call,35.0,AAPL271217C00035000,298.95,302.6,300.775,0.0,0.0,0.0,0.0,0.0,0.7649,1.0,0.0,0.0062,0.0,0.3826,300.7257,0.0,0.0,0.0,292.050003051758,no_change,,86.0,16.0
AAPL,2027-12-17,462,Put,35.0,AAPL271217P00035000,0.02,0.29,0.155,0.05,0.0,0.0,0.0,847.0,0.813,-0.0005,0.0,0.0063,-0.0004,-0.0023,0.0371,0.0,0.0,0.0,0.0499999988824129,down,2026-09-10T13:18:22,149.0,503.0
AAPL,2027-12-17,462,Call,40.0,AAPL271217C00040000,294.25,297.9,296.075,214.49,0.0,0.0,0.0,8.0,0.7411,1.0,0.0,0.0077,0.0,0.4389,296.0063,0.0,0.0,0.0,287.300003051758,down,2026-03-16T12:49:21,86.0,16.0
AAPL,2027-12-17,462,Put,40.0,AAPL271217P00040000,0.0,0.22,0.11,0.06,0.0,0.0,0.0,12.0,0.7366,-0.0006,0.0,0.0079,-0.0005,-0.0029,0.046,0.0,0.0,0.0,0.100000001490116,up,2026-06-17T13:35:02,0.0,368.0
AAPL,2027-12-17,462,Call,45.0,AAPL271217C00045000,289.55,293.2,291.375,204.68,0.0,0.0,0.0,17.0,0.7161,1.0,0.0,0.0096,0.0,0.4937,291.2892,0.0,0.0,0.0,282.574996948242,down,2026-04-07T10:47:27,93.0,16.0
AAPL,2027-12-17,462,Put,45.0,AAPL271217P00045000,0.0,0.15,0.075,0.13,0.0,0.0,0.0,6.0,0.6694,-0.0007,0.0,0.0097,-0.0006,-0.0036,0.0561,0.0,0.0,0.0,0.0850000008940697,down,2026-08-05T15:18:02,0.0,80.0
AAPL,2027-12-17,462,Call,50.0,AAPL271217C00050000,284.85,288.5,286.675,255.03,0.0,0.0,0.0,820.0,0.6917,1.0,0.0,0.0117,0.0,0.5535,286.5741,0.0,0.0,0.0,277.900009155273,no_change,2026-07-31T10:22:14,134.0,16.0
AAPL,2027-12-17,462,Put,50.0,AAPL271217P00050000,0.04,0.08,0.06,0.04,0.0,0.0,0.0,1161.0,0.6212,-0.0009,0.0,0.0118,-0.0007,-0.0044,0.0676,0.0,0.0,0.0,0.0599999986588955,down,2026-09-09T11:53:53,98.0,1.0
AAPL,2027-12-17,462,Call,55.0,AAPL271217C00055000,280.15,283.8,281.975,249.56,0.0,0.0,0.0,411.0,0.6647,1.0,0.0,0.0142,0.0,0.6399,281.87,0.0,0.0,0.0,273.199996948242,down,2026-07-31T13:40:55,113.0,16.0
AAPL,2027-12-17,462,Put,55.0,AAPL271217P00055000,0.06,0.17,0.115,0.17,0.0,0.0,0.0,43.0,0.6306,-0.0011,0.0,0.0142,-0.0008,-0.0053,0.0805,0.0,0.0,0.0,0.109999997541308,up,2026-09-01T13:27:48,1.0,19.0
AAPL,2027-12-17,462,Call,60.0,AAPL271217C00060000,275.45,279.1,277.275,242.5,0.0,0.0,0.0,297.0,0.636,1.0,0.0,0.0168,0.0,0.7103,277.1787,0.0,0.0,0.0,268.5,down,2026-06-23T14:05:13,113.0,16.0
AAPL,2027-12-17,462,Put,60.0,AAPL271217P00060000,0.05,0.18,0.11499999999999999,0.08,0.0,0.0,0.0,94.0,0.6011,-0.0013,0.0,0.0168,-0.001,-0.0064,0.0952,0.0,0.0,0.0,0.115000003948808,down,2026-08-25T10:10:09,2.0,19.0
AAPL,2027-12-17,462,Call,65.0,AAPL271217C00065000,270.75,274.4,272.575,246.9,0.0,0.0,0.0,157.0,0.6082,1.0,0.0,0.0197,0.0,0.7728,272.4932,0.0,0.0,0.0,263.800003051758,up,2026-08-21T15:14:24,111.0,16.0
AAPL,2027-12-17,462,Put,65.0,AAPL271217P00065000,0.05,0.21,0.13,0.1,0.0,0.0,0.0,536.0,0.5816,-0.0016,0.0,0.0197,-0.0011,-0.0076,0.1116,0.0,0.0,0.0,0.119999999180436,down,2026-08-21T10:57:20,3.0,272.0
AAPL,2027-12-17,462,Call,70.0,AAPL271217C00070000,266.05,269.7,267.875,235.95,0.0,0.0,0.0,168.0,0.5821,0.9997,0.0,0.0229,0.0,0.8322,267.811,0.0,0.0,0.0,259.125,down,2026-07-31T10:58:55,110.0,16.0
AAPL,2027-12-17,462,Put,70.0,AAPL271217P00070000,0.1,0.21,0.155,0.24,0.0,0.0,0.0,213.0,0.5672,-0.0019,0.0,0.023,-0.0013,-0.009,0.1301,0.0,0.0,0.0,0.160000000149012,down,2026-07-16T09:38:09,5.0,206.0
AAPL,2027-12-17,462,Call,75.0,AAPL271217C00075000,261.35,265.0,263.175,268.6,0.0,0.0,0.0,132.0,0.5577,0.9993,0.0,0.0266,0.0,0.8907,263.1316,0.0,0.0,0.0,254.674995422363,up,2026-07-28T13:03:07,108.0,16.0
AAPL,2027-12-17,462,Put,75.0,AAPL271217P00075000,0.1,0.24,0.16999999999999998,0.19,0.0,0.0,0.0,89.0,0.549,-0.0022,0.0,0.0268,-0.0014,-0.0106,0.1509,0.0,0.0,0.0,0.169999998062849,down,2026-08-31T13:55:41,4.0,247.0
AAPL,2027-12-17,462,Call,80.0,AAPL271217C00080000,256.7,260.35,258.525,229.45,0.0,0.0,0.0,427.0,0.5496,0.999,0.0,0.0306,0.0,0.9486,258.4549,0.0,0.0,0.0,249.700004577637,up,2026-08-10T12:33:53,133.0,16.0
AAPL,2027-12-17,462,Put,80.0,AAPL271217P00080000,0.1,0.26,0.18,0.16,0.0,0.0,0.0,298.0,0.53,-0.0026,0.0,0.0309,-0.0016,-0.0124,0.1743,0.0,0.0,0.0,0.169999998062849,no_change,2026-09-10T15:08:05,4.0,375.0
AAPL,2027-12-17,462,Call,85.0,AAPL271217C00085000,252.0,255.65,253.825,232.42,0.0,0.0,0.0,435.0,0.5277,0.9985,0.0,0.0351,0.0,1.0062,253.781,0.0,0.0,0.0,245.0,down,2026-08-06T11:10:32,130.0,16.0
AAPL,2027-12-17,462,Put,85.0,AAPL271217P00085000,0.1,0.29,0.195,0.25,0.0,0.0,0.0,71.0,0.5136,-0.003,0.0,0.0355,-0.0018,-0.0144,0.2005,0.0,0.0,0.0,0.194999996572733,up,2026-09-04T15:11:00,15.0,252.0
AAPL,2027-12-17,462,Call,90.0,AAPL271217C00090000,247.35,251.0,249.175,227.75,0.0,0.0,0.0,172.0,0.5189,0.9981,0.0001,0.0401,0.0,1.0634,249.1103,0.0,0.0,0.0,240.324996948242,up,2026-08-06T11:11:20,98.0,16.0
AAPL,2027-12-17,462,Put,90.0,AAPL271217P00090000,0.1,0.33,0.21500000000000002,0.22,0.0,0.0,0.0,105.0,0.4992,-0.0035,0.0001,0.0406,-0.002,-0.0166,0.23,0.0,0.0,0.0,0.214999996125698,down,2026-09-10T15:07:44,327.0,599.0
AAPL,2027-12-17,462,Call,95.0,AAPL271217C00095000,242.65,246.25,244.45,217.3,0.0,0.0,0.0,151.0,0.4935,0.9975,0.0001,0.0457,0.0,1.1203,244.4431,0.0,0.0,0.0,235.625,up,2026-08-14T09:34:47,109.0,8.0
AAPL,2027-12-17,462,Put,95.0,AAPL271217P00095000,0.11,0.35,0.22999999999999998,0.18,0.0,0.0,0.0,54.0,0.484,-0.004,0.0001,0.0463,-0.0023,-0.0191,0.263,0.0,0.0,0.0,0.234999995678663,no_change,2026-09-04T15:11:08,351.0,373.0
AAPL,2027-12-17,462,Call,100.0,AAPL271217C00100000,238.0,241.6,239.8,216.95,0.0,0.0,0.0,365.0,0.4852,0.9969,0.0001,0.0519,0.0,1.1769,239.7798,0.0,0.0,0.0,231.0,down,2026-09-09T13:22:43,111.0,11.0
AAPL,2027-12-17,462,Put,100.0,AAPL271217P00100000,0.25,0.37,0.31,0.32,0.0,0.0,0.0,1341.0,0.4831,-0.0047,0.0001,0.0525,-0.0025,-0.0221,0.3,0.0,0.0,0.0,0.285000003874302,up,2026-09-01T10:32:30,2.0,304.0
AAPL,2027-12-17,462,Call,105.0,AAPL271217C00105000,233.35,236.95,235.14999999999998,211.12,0.0,0.0,0.0,102.0,0.4762,0.9962,0.0001,0.0587,0.0,1.233,235.121,0.0,0.0,0.0,226.349998474121,up,2026-08-27T10:17:08,103.0,10.0
AAPL,2027-12-17,462,Put,105.0,AAPL271217P00105000,0.18,0.47,0.32499999999999996,0.48,0.0,0.0,0.0,149.0,0.4681,-0.0054,0.0001,0.0594,-0.0028,-0.0252,0.3414,0.0,0.0,0.0,0.329999998211861,down,2026-08-06T14:35:26,322.0,414.0
AAPL,2027-12-17,462,Call,110.0,AAPL271217C00110000,228.65,232.3,230.47500000000002,208.06,0.0,0.0,0.0,231.0,0.4628,0.9955,0.0001,0.0661,0.0,1.2889,230.4671,0.0,0.0,0.0,221.675003051758,up,2026-08-24T09:30:32,102.0,17.0
AAPL,2027-12-17,462,Put,110.0,AAPL271217P00110000,0.22,0.44,0.33,0.37,0.0,0.0,0.0,851.0,0.4519,-0.0061,0.0001,0.067,-0.0031,-0.0287,0.3879,0.0,0.0,0.0,0.345000006258488,down,2026-09-03T14:55:53,319.0,127.0
AAPL,2027-12-17,462,Call,115.0,AAPL271217C00115000,224.25,227.6,225.925,206.44,0.0,0.0,0.0,383.0,0.4664,0.9946,0.0001,0.0744,0.0,1.3442,225.8186,0.0,0.0,0.0,217.024993896484,up,2026-08-31T10:32:12,109.0,10.0
AAPL,2027-12-17,462,Put,115.0,AAPL271217P00115000,0.27,0.57,0.42,0.55,0.0,0.0,0.0,880.0,0.4495,-0.007,0.0001,0.0753,-0.0034,-0.0327,0.4402,0.0,0.0,0.0,0.390000000596046,down,2026-08-13T10:31:46,307.0,413.0
AAPL,2027-12-17,462,Call,120.0,AAPL271217C00120000,219.4,223.0,221.2,193.6,0.0,0.0,0.0,271.0,0.4467,0.9936,0.0001,0.0835,0.0,1.399,221.1763,0.0,0.0,0.0,212.599998474121,down,2026-08-11T10:42:30,95.0,10.0
AAPL,2027-12-17,462,Put,120.0,AAPL271217P00120000,0.44,0.6,0.52,0.65,0.0,0.0,0.0,1140.0,0.4464,-0.008,0.0001,0.0847,-0.0038,-0.0375,0.4986,0.0,0.0,0.0,0.495000004768372,down,2026-08-10T15:09:57,1.0,370.0
AAPL,2027-12-17,462,Call,125.0,AAPL271217C00125000,214.75,218.35,216.55,211.64,0.0,0.0,0.0,441.0,0.4366,0.9926,0.0001,0.0935,0.0,1.4532,216.541,0.0,0.0,0.0,207.75,up,2026-09-03T12:17:19,118.0,24.0
AAPL,2027-12-17,462,Put,125.0,AAPL271217P00125000,0.46,0.62,0.54,0.66,0.0,0.0,0.0,834.0,0.4328,-0.0091,0.0001,0.0948,-0.0042,-0.0424,0.5643,0.0,0.0,0.0,0.564999997615814,down,2026-08-31T12:16:18,201.0,343.0
AAPL,2027-12-17,462,Call,130.0,AAPL271217C00130000,210.15,213.7,211.925,209.98,6.855,3.37477,1.0,443.0,0.4289,0.9914,0.0002,0.1042,0.0,1.5068,211.9135,209.98,209.98,209.98,203.125,up,2026-09-11T09:49:43,118.0,35.0
AAPL,2027-12-17,462,Put,130.0,AAPL271217P00130000,0.49,0.76,0.625,0.65,-0.05,-7.14286,2.0,514.0,0.4265,-0.0103,0.0002,0.1058,-0.0046,-0.0479,0.6379,0.65,0.65,0.65,0.699999988079071,no_change,2026-09-11T09:32:08,398.0,623.0
AAPL,2027-12-17,462,Call,135.0,AAPL271217C00135000,205.5,209.1,207.3,181.81,0.0,0.0,0.0,108.0,0.4208,0.99,0.0002,0.1161,0.0,1.5598,207.2944,0.0,0.0,0.0,198.524993896484,up,2026-08-25T15:34:49,115.0,10.0
AAPL,2027-12-17,462,Put,135.0,AAPL271217P00135000,0.63,0.9,0.765,0.92,0.0,0.0,0.0,2953.0,0.4242,-0.0117,0.0002,0.1177,-0.005,-0.0541,0.7203,0.0,0.0,0.0,0.71000000834465,up,2026-08-24T12:40:23,163.0,589.0
AAPL,2027-12-17,462,Call,140.0,AAPL271217C00140000,200.85,204.45,202.64999999999998,196.5,0.0,0.0,0.0,347.0,0.4104,0.9885,0.0002,0.1292,0.0,1.612,202.6848,0.0,0.0,0.0,193.900001525879,up,2026-09-02T09:30:24,115.0,33.0
AAPL,2027-12-17,462,Put,140.0,AAPL271217P00140000,0.65,0.9,0.775,0.82,0.015,1.86335,1.0,3722.0,0.41,-0.0133,0.0002,0.1319,-0.0055,-0.0617,0.8168,0.82,0.82,0.82,0.805000007152557,down,2026-09-11T10:36:09,557.0,279.0
AAPL,2027-12-17,462,Call,145.0,AAPL271217C00145000,196.25,199.85,198.05,189.0,0.0,0.0,0.0,577.0,0.4039,0.9868,0.0002,0.1434,0.0,1.6632,198.086,0.0,0.0,0.0,189.324996948242,up,2026-09-01T10:22:51,122.0,33.0
AAPL,2027-12-17,462,Put,145.0,AAPL271217P00145000,0.74,1.11,0.925,0.94,-0.085,-8.29268,1.0,612.0,0.407,-0.015,0.0002,0.1462,-0.006,-0.0694,0.92,0.94,0.94,0.94,1.02499997615814,down,2026-09-11T10:35:56,465.0,522.0
AAPL,2027-12-17,462,Call,150.0,AAPL271217C00150000,191.65,195.3,193.47500000000002,175.0,0.0,0.0,0.0,636.0,0.3985,0.985,0.0003,0.1587,0.0,1.7135,193.499,0.0,0.0,0.0,184.725006103516,up,2026-09-09T09:40:48,125.0,37.0
AAPL,2027-12-17,462,Put,150.0,AAPL271217P00150000,0.86,1.19,1.025,1.25,0.0,0.0,0.0,922.0,0.3995,-0.017,0.0003,0.1619,-0.0066,-0.0779,1.0355,0.0,0.0,0.0,1.09999996423721,down,2026-08-28T09:42:28,380.0,191.0
AAPL,2027-12-17,462,Call,155.0,AAPL271217C00155000,187.1,190.7,188.89999999999998,167.6,0.0,0.0,0.0,100.0,0.3924,0.9829,0.0003,0.1752,0.0,1.763,188.9249,0.0,0.0,0.0,180.074996948242,up,2026-08-26T13:48:41,107.0,10.0
AAPL,2027-12-17,462,Put,155.0,AAPL271217P00155000,1.03,1.35,1.19,1.22,0.0,0.0,0.0,1076.0,0.3955,-0.0191,0.0003,0.1784,-0.0072,-0.0874,1.1643,0.0,0.0,0.0,1.20999997854233,down,2026-09-04T14:50:30,13.0,58.0
AAPL,2027-12-17,462,Call,160.0,AAPL271217C00160000,182.5,186.15,184.325,167.0,0.0,0.0,0.0,410.0,0.3859,0.9806,0.0003,0.1934,0.0,1.8112,184.365,0.0,0.0,0.0,175.599998474121,up,2026-09-09T09:51:41,113.0,33.0
AAPL,2027-12-17,462,Put,160.0,AAPL271217P00160000,1.1,1.37,1.235,1.45,0.0,0.0,0.0,1042.0,0.3844,-0.0214,0.0004,0.1972,-0.0078,-0.0979,1.3034,0.0,0.0,0.0,1.43999999761581,down,2026-09-09T15:33:47,454.0,13.0
AAPL,2027-12-17,462,Call,165.0,AAPL271217C00165000,178.45,181.6,180.02499999999998,180.15,8.85,5.16637,1.0,266.0,0.392,0.9781,0.0004,0.2129,0.0,1.8581,179.8212,180.15,180.15,180.15,171.300003051758,up,2026-09-11T11:47:50,357.0,87.0
AAPL,2027-12-17,462,Put,165.0,AAPL271217P00165000,1.27,1.66,1.4649999999999999,1.67,0.0,0.0,0.0,1020.0,0.3824,-0.0241,0.0004,0.2174,-0.0085,-0.1097,1.4679,0.0,0.0,0.0,1.55000001192093,up,2026-09-09T15:27:07,412.0,171.0
AAPL,2027-12-17,462,Call,170.0,AAPL271217C00170000,173.95,177.05,175.5,165.76,0.0,0.0,0.0,496.0,0.3859,0.9753,0.0004,0.2336,0.0,1.9038,175.2949,0.0,0.0,0.0,167.049995422363,up,2026-09-01T13:52:09,382.0,85.0
AAPL,2027-12-17,462,Put,170.0,AAPL271217P00170000,1.53,1.84,1.685,1.68,-0.15,-8.19672,1.0,1043.0,0.3788,-0.027,0.0004,0.2386,-0.0092,-0.1225,1.6462,1.68,1.68,1.68,1.83000004291534,down,2026-09-11T10:02:00,297.0,293.0
AAPL,2027-12-17,462,Call,175.0,AAPL271217C00175000,169.4,172.55,170.97500000000002,149.95,0.0,0.0,0.0,342.0,0.3794,0.9722,0.0005,0.2559,0.0,1.9482,170.7875,0.0,0.0,0.0,162.300003051758,up,2026-08-26T13:30:13,352.0,75.0
AAPL,2027-12-17,462,Put,175.0,AAPL271217P00175000,1.8,2.04,1.92,2.12,0.0,0.0,0.0,1867.0,0.3749,-0.0301,0.0005,0.261,-0.01,-0.1367,1.8439,0.0,0.0,0.0,1.9899999499321,no_change,2026-09-09T15:25:33,12.0,227.0
AAPL,2027-12-17,462,Call,180.0,AAPL271217C00180000,164.95,168.05,166.5,167.0,9.1,5.76314,3.0,839.0,0.3742,0.9689,0.0005,0.28,0.0,1.9909,166.3009,164.25,167.0,164.25,157.900001525879,up,2026-09-11T10:51:58,399.0,122.0
AAPL,2027-12-17,462,Put,180.0,AAPL271217P00180000,1.95,2.26,2.105,2.2,0.0,0.0,0.0,3456.0,0.3685,-0.0336,0.0006,0.2867,-0.0108,-0.1533,2.0629,0.0,0.0,0.0,2.24000000953674,up,2026-09-10T15:21:25,52.0,245.0
AAPL,2027-12-17,462,Call,185.0,AAPL271217C00185000,160.85,163.55,162.2,161.5,8.025,5.22887,1.0,1142.0,0.3741,0.9652,0.0006,0.3058,0.0,2.0317,161.8373,161.5,161.5,161.5,153.474998474121,up,2026-09-11T12:09:03,332.0,291.0
AAPL,2027-12-17,462,Put,185.0,AAPL271217P00185000,2.18,2.5,2.34,3.1,0.0,0.0,0.0,986.0,0.3634,-0.0375,0.0006,0.3128,-0.0117,-0.1692,2.3068,0.0,0.0,0.0,2.53000009059906,down,2026-08-19T12:47:43,37.0,61.0
AAPL,2027-12-17,462,Call,190.0,AAPL271217C00190000,156.1,158.9,157.5,158.0,9.15,6.14713,4.0,572.0,0.3609,0.9611,0.0006,0.3327,0.0,2.071,157.3989,156.28,158.0,156.28,148.849998474121,up,2026-09-11T10:50:39,372.0,234.0
AAPL,2027-12-17,462,Put,190.0,AAPL271217P00190000,2.35,2.75,2.55,2.5,-0.28,-10.0719,6.0,1516.0,0.357,-0.0417,0.0007,0.3401,-0.0126,-0.1875,2.5765,2.59,2.59,2.5,2.77999997138977,down,2026-09-11T10:28:33,348.0,274.0
AAPL,2027-12-17,462,Call,195.0,AAPL271217C00195000,151.55,154.5,153.025,132.4,0.0,0.0,0.0,369.0,0.3546,0.9567,0.0007,0.3613,0.0,2.1086,152.9872,0.0,0.0,0.0,144.625,no_change,2026-08-26T13:30:37,333.0,80.0
AAPL,2027-12-17,462,Put,195.0,AAPL271217P00195000,2.64,3.1,2.87,3.55,0.0,0.0,0.0,1877.0,0.3535,-0.0462,0.0007,0.369,-0.0136,-0.2074,2.8698,0.0,0.0,0.0,3.17499995231628,no_change,2026-09-09T10:38:47,143.0,272.0
AAPL,2027-12-17,462,Call,200.0,AAPL271217C00200000,147.25,149.85,148.55,148.67,8.395,5.98467,5.0,3950.0,0.3479,0.9519,0.0008,0.392,0.0,2.1439,148.6048,141.0,148.67,141.0,140.275001525879,up,2026-09-11T10:28:03,599.0,358.0
AAPL,2027-12-17,462,Put,200.0,AAPL271217P00200000,3.1,3.3,3.2,3.22,-0.305,-8.65248,30.0,5801.0,0.3493,-0.0513,0.0008,0.4017,-0.0146,-0.2303,3.2003,3.25,3.29,3.15,3.52500009536743,no_change,2026-09-11T11:36:10,196.0,181.0
AAPL,2027-12-17,462,Call,205.0,AAPL271217C00205000,143.15,145.75,144.45,142.5,6.475,4.76015,5.0,873.0,0.3501,0.9467,0.0008,0.4242,0.0,2.1768,144.2544,142.5,142.5,142.5,136.025001525879,up,2026-09-11T10:22:32,406.0,304.0
AAPL,2027-12-17,462,Put,205.0,AAPL271217P00205000,3.3,3.8,3.55,4.15,0.0,0.0,0.0,614.0,0.3451,-0.0567,0.0009,0.4344,-0.0156,-0.2527,3.5587,0.0,0.0,0.0,3.94999992847443,down,2026-09-01T10:10:17,169.0,96.0
AAPL,2027-12-17,462,Call,210.0,AAPL271217C00210000,138.85,141.2,140.02499999999998,125.8,0.0,0.0,0.0,751.0,0.3436,0.941,0.0009,0.4576,-0.0005,2.2078,139.9384,0.0,0.0,0.0,131.349998474121,up,2026-09-10T09:31:50,411.0,160.0
AAPL,2027-12-17,462,Put,210.0,AAPL271217P00210000,3.9,4.05,3.9749999999999996,3.95,-0.4,-9.19541,24.0,1286.0,0.342,-0.0626,0.001,0.4681,-0.0167,-0.2784,3.9584,4.19,4.29,3.9,4.35000014305115,no_change,2026-09-11T12:16:31,66.0,168.0
AAPL,2027-12-17,462,Call,215.0,AAPL271217C00215000,134.2,137.15,135.675,135.75,8.325,6.53326,1.0,832.0,0.3383,0.9349,0.001,0.4926,-0.0021,2.2366,135.659,135.75,135.75,135.75,127.424999237061,up,2026-09-11T10:57:35,456.0,301.0
AAPL,2027-12-17,462,Put,215.0,AAPL271217P00215000,4.1,4.5,4.3,5.4,0.0,0.0,0.0,946.0,0.3359,-0.0691,0.0011,0.505,-0.0179,-0.3061,4.3996,0.0,0.0,0.0,4.875,up,2026-09-09T11:01:07,311.0,45.0
AAPL,2027-12-17,462,Call,220.0,AAPL271217C00220000,130.4,132.9,131.65,115.04,0.0,0.0,0.0,989.0,0.3389,0.9283,0.0011,0.5296,-0.0037,2.2624,131.4191,0.0,0.0,0.0,123.024997711182,up,2026-09-10T09:30:03,317.0,145.0
AAPL,2027-12-17,462,Put,220.0,AAPL271217P00220000,4.8,5.0,4.9,4.85,-0.6,-11.0092,20.0,1539.0,0.3348,-0.0761,0.0012,0.5435,-0.019,-0.3365,4.879,4.89,4.9,4.8,5.45000004768372,up,2026-09-11T11:43:25,65.0,275.0
AAPL,2027-12-17,462,Call,225.0,AAPL271217C00225000,126.2,128.7,127.44999999999999,122.41,0.0,0.0,0.0,2024.0,0.3352,0.9212,0.0012,0.5677,-0.0054,2.2854,127.2221,0.0,0.0,0.0,118.900001525879,up,2026-09-03T12:45:51,442.0,294.0
AAPL,2027-12-17,462,Put,225.0,AAPL271217P00225000,5.1,5.7,5.4,5.33,-0.72,-11.9008,1.0,801.0,0.331,-0.0836,0.0013,0.5824,-0.0203,-0.3674,5.4043,5.33,5.33,5.33,6.04999995231628,down,2026-09-11T11:28:38,160.0,308.0
AAPL,2027-12-17,462,Call,230.0,AAPL271217C00230000,121.95,124.25,123.1,123.47,8.595,7.48205,2.0,1570.0,0.3284,0.9136,0.0013,0.6066,-0.007,2.3062,123.0704,122.95,123.47,122.95,114.875,up,2026-09-11T11:53:17,542.0,333.0
AAPL,2027-12-17,462,Put,230.0,AAPL271217P00230000,5.85,6.2,6.025,5.91,-0.765,-11.4607,9.0,2669.0,0.3287,-0.0916,0.0014,0.6221,-0.0215,-0.4022,5.9767,6.1,6.1,5.88,6.67499995231628,up,2026-09-11T12:29:18,60.0,344.0
AAPL,2027-12-17,462,Call,235.0,AAPL271217C00235000,118.15,120.2,119.17500000000001,99.4,0.0,0.0,0.0,566.0,0.3282,0.9055,0.0014,0.647,-0.0087,2.3242,118.9665,0.0,0.0,0.0,110.699996948242,up,2026-09-09T14:45:45,285.0,236.0
AAPL,2027-12-17,462,Put,235.0,AAPL271217P00235000,6.25,6.9,6.575,7.67,0.0,0.0,0.0,686.0,0.3245,-0.1003,0.0015,0.6654,-0.0228,-0.436,6.5989,0.0,0.0,0.0,7.40000009536743,down,2026-09-10T12:14:43,343.0,360.0
AAPL,2027-12-17,462,Call,240.0,AAPL271217C00240000,113.8,115.85,114.82499999999999,114.93,8.28,7.76372,3.0,808.0,0.3206,0.8968,0.0015,0.689,-0.0105,2.3387,114.9137,114.0,114.93,114.0,106.649997711182,up,2026-09-11T11:03:16,493.0,308.0
AAPL,2027-12-17,462,Put,240.0,AAPL271217P00240000,7.05,7.55,7.3,7.41,-0.765,-9.35779,3.0,1705.0,0.3222,-0.1095,0.0016,0.7083,-0.0241,-0.4749,7.2789,7.43,7.43,7.41,8.1749997138977,down,2026-09-11T09:47:09,371.0,393.0
AAPL,2027-12-17,462,Call,245.0,AAPL271217C00245000,109.75,111.85,110.8,111.8,8.8,8.54369,2.0,561.0,0.3175,0.8876,0.0016,0.7315,-0.0122,2.3501,110.9158,111.85,111.85,111.8,103.0,down,2026-09-11T11:23:09,482.0,312.0
AAPL,2027-12-17,462,Put,245.0,AAPL271217P00245000,7.75,8.2,7.975,8.82,0.0,0.0,0.0,841.0,0.3185,-0.1194,0.0017,0.7509,-0.0255,-0.5152,8.0171,0.0,0.0,0.0,9.0,up,2026-09-04T13:23:34,416.0,347.0
AAPL,2027-12-17,462,Call,250.0,AAPL271217C00250000,106.1,107.9,107.0,106.11,7.16,7.23598,6.0,3467.0,0.3167,0.8778,0.0017,0.7742,-0.0139,2.3591,106.975,105.6,108.05,105.6,98.9500007629394,down,2026-09-11T12:34:17,378.0,282.0
AAPL,2027-12-17,462,Put,250.0,AAPL271217P00250000,8.6,8.95,8.774999999999999,8.8,-1.025,-10.4326,18.0,13103.0,0.3161,-0.1297,0.0018,0.7942,-0.0268,-0.5574,8.8029,8.9,8.95,8.75,9.82499980926514,down,2026-09-11T12:26:16,507.0,407.0
AAPL,2027-12-17,462,Call,255.0,AAPL271217C00255000,102.2,103.9,103.05000000000001,104.45,9.4,9.88953,3.0,546.0,0.3133,0.8675,0.0018,0.8179,-0.0157,2.3648,103.0938,103.01,104.45,103.01,95.0499992370606,up,2026-09-11T11:12:29,355.0,255.0
AAPL,2027-12-17,462,Put,255.0,AAPL271217P00255000,9.45,10.0,9.725,10.8,0.0,0.0,0.0,808.0,0.3146,-0.1407,0.002,0.8417,-0.0282,-0.6005,9.6634,0.0,0.0,0.0,10.8499999046326,down,2026-09-10T15:35:59,263.0,455.0
AAPL,2027-12-17,462,Call,260.0,AAPL271217C00260000,97.8,100.8,99.3,99.32,7.845,8.57611,3.0,2410.0,0.3116,0.8566,0.002,0.8624,-0.0174,2.3665,99.2762,94.5,100.0,94.5,91.4750022888184,down,2026-09-11T12:34:25,565.0,440.0
AAPL,2027-12-17,462,Put,260.0,AAPL271217P00260000,10.45,10.8,10.625,10.45,-1.475,-12.369,15.0,1445.0,0.3117,-0.1525,0.0021,0.8865,-0.0296,-0.6448,10.5969,10.45,10.45,10.45,11.9250001907349,down,2026-09-11T11:45:56,302.0,389.0
AAPL,2027-12-17,462,Call,265.0,AAPL271217C00265000,94.35,96.6,95.475,97.0,9.25,10.5413,1.0,588.0,0.3084,0.8451,0.0021,0.9064,-0.0191,2.3653,95.5254,97.0,97.0,97.0,87.75,up,2026-09-11T11:12:52,465.0,339.0
AAPL,2027-12-17,462,Put,265.0,AAPL271217P00265000,11.4,11.85,11.625,13.0,0.0,0.0,0.0,2392.0,0.3093,-0.165,0.0022,0.9303,-0.031,-0.6955,11.5997,0.0,0.0,0.0,13.0249996185303,down,2026-09-10T13:29:23,382.0,403.0
AAPL,2027-12-17,462,Call,270.0,AAPL271217C00270000,90.95,92.55,91.75,92.0,7.875,9.36107,6.0,2440.0,0.3057,0.8331,0.0022,0.9501,-0.0208,2.3617,91.8432,91.1,92.51,89.6,84.125,down,2026-09-11T12:18:25,401.0,186.0
AAPL,2027-12-17,462,Put,270.0,AAPL271217P00270000,12.35,13.1,12.725,12.76,-1.49,-10.4561,4.0,1143.0,0.3073,-0.178,0.0024,0.9751,-0.0323,-0.744,12.6748,12.92,13.1,12.76,14.25,down,2026-09-11T10:30:00,456.0,499.0
AAPL,2027-12-17,462,Call,275.0,AAPL271217C00275000,87.35,88.95,88.15,88.57,7.97,9.88833,6.0,397.0,0.3037,0.8205,0.0023,0.994,-0.0225,2.3542,88.2322,88.0,88.93,87.92,80.6000022888184,down,2026-09-11T11:03:16,428.0,246.0
AAPL,2027-12-17,462,Put,275.0,AAPL271217P00275000,13.8,14.1,13.95,13.98,-1.495,-9.66074,16.0,1117.0,0.3052,-0.1918,0.0025,1.0228,-0.0337,-0.7955,13.837,14.4,14.4,13.98,15.4749999046326,down,2026-09-11T12:19:27,3.0,411.0
AAPL,2027-12-17,462,Call,280.0,AAPL271217C00280000,83.25,85.85,84.55,84.28,7.08,9.17099,5.0,2183.0,0.3011,0.8074,0.0024,1.0377,-0.0241,2.3427,84.6963,80.0,84.28,80.0,77.1999969482422,up,2026-09-11T12:02:37,535.0,315.0
AAPL,2027-12-17,462,Put,280.0,AAPL271217P00280000,14.7,15.45,15.075,14.95,-1.95,-11.5385,1.0,2939.0,0.3025,-0.2062,0.0026,1.0654,-0.035,-0.8475,15.0726,14.95,14.95,14.95,16.9000005722046,down,2026-09-11T11:11:31,423.0,344.0
AAPL,2027-12-17,462,Call,285.0,AAPL271217C00285000,80.15,82.2,81.17500000000001,64.8,0.0,0.0,0.0,454.0,0.2999,0.7937,0.0025,1.0799,-0.0257,2.3287,81.2378,0.0,0.0,0.0,74.2000007629394,down,2026-09-08T13:02:55,376.0,175.0
AAPL,2027-12-17,462,Put,285.0,AAPL271217P00285000,15.95,16.9,16.424999999999997,16.58,-1.745,-9.52251,2.0,481.0,0.3007,-0.2213,0.0028,1.107,-0.0363,-0.9082,16.4006,16.7,16.7,16.58,18.3249998092651,down,2026-09-11T09:39:37,523.0,511.0
AAPL,2027-12-17,462,Call,290.0,AAPL271217C00290000,76.35,79.3,77.82499999999999,71.51,0.0,0.0,0.0,1603.0,0.2983,0.7796,0.0026,1.121,-0.0272,2.3123,77.8579,0.0,0.0,0.0,70.9000015258789,up,2026-09-10T15:57:23,433.0,377.0
AAPL,2027-12-17,462,Put,290.0,AAPL271217P00290000,17.6,18.15,17.875,17.86,-2.04,-10.2513,1.0,977.0,0.2992,-0.237,0.0029,1.1486,-0.0376,-0.9552,17.812,17.86,17.86,17.86,19.8999996185303,down,2026-09-11T12:25:27,212.0,313.0
AAPL,2027-12-17,462,Call,295.0,AAPL271217C00295000,73.15,75.6,74.375,75.5,7.975,11.8104,3.0,443.0,0.2952,0.7649,0.0028,1.1614,-0.0287,2.2918,74.559,72.5,75.5,72.5,67.5250015258789,up,2026-09-11T11:11:13,538.0,389.0
AAPL,2027-12-17,462,Put,295.0,AAPL271217P00295000,19.05,19.7,19.375,19.16,-2.29,-10.676,1.0,643.0,0.2973,-0.2532,0.0031,1.1901,-0.0389,-1.0094,19.3155,19.16,19.16,19.16,21.4499998092651,down,2026-09-11T11:24:52,429.0,569.0
AAPL,2027-12-17,462,Call,300.0,AAPL271217C00300000,70.45,72.65,71.55000000000001,71.32,6.495,10.0193,11.0,8544.0,0.2968,0.7498,0.0029,1.2004,-0.0301,2.2678,71.3444,65.55,72.55,65.55,64.8249969482422,up,2026-09-11T12:12:32,447.0,473.0
AAPL,2027-12-17,462,Put,300.0,AAPL271217P00300000,20.7,21.15,20.924999999999997,21.0,-2.275,-9.77444,19.0,1518.0,0.2953,-0.27,0.0032,1.2268,-0.04,-1.0716,20.9037,21.5,21.5,20.72,23.2749996185303,up,2026-09-11T12:41:05,384.0,165.0
AAPL,2027-12-17,462,Call,305.0,AAPL271217C00305000,67.65,69.05,68.35,68.49,7.14,11.6381,4.0,766.0,0.2946,0.7343,0.003,1.2373,-0.0315,2.242,68.2151,65.59,68.49,65.59,61.3500003814697,up,2026-09-11T10:52:28,379.0,308.0
AAPL,2027-12-17,462,Put,305.0,AAPL271217P00305000,22.35,23.05,22.700000000000003,22.4,-2.8,-11.1111,7.0,315.0,0.2944,-0.2874,0.0033,1.2626,-0.0412,-1.1262,22.5885,23.25,23.25,22.4,25.1999998092651,down,2026-09-11T11:28:24,359.0,625.0
AAPL,2027-12-17,462,Call,310.0,AAPL271217C00310000,63.85,65.65,64.75,65.15,6.4,10.8936,26.0,6433.0,0.2886,0.7184,0.0031,1.2722,-0.0328,2.2138,65.1716,61.0,66.5,61.0,58.75,down,2026-09-11T12:30:06,527.0,71.0
AAPL,2027-12-17,462,Put,310.0,AAPL271217P00310000,24.2,24.9,24.549999999999997,24.3,-2.75,-10.1664,4.0,3650.0,0.2933,-0.3054,0.0035,1.2964,-0.0423,-1.1781,24.3761,24.5,24.5,24.1,27.0499992370605,up,2026-09-11T11:22:58,238.0,675.0
AAPL,2027-12-17,462,Call,315.0,AAPL271217C00315000,61.7,62.75,62.225,63.5,7.5,13.3929,12.0,816.0,0.2905,0.7022,0.0032,1.3055,-0.034,2.1817,62.2157,61.95,63.5,59.28,56.0,up,2026-09-11T11:14:16,460.0,185.0
AAPL,2027-12-17,462,Put,315.0,AAPL271217P00315000,26.05,26.8,26.425,29.61,0.0,0.0,0.0,355.0,0.2914,-0.3242,0.0036,1.3272,-0.0434,-1.2325,26.2878,0.0,0.0,0.0,29.2000007629394,down,2026-09-10T13:25:03,269.0,622.0
AAPL,2027-12-17,462,Call,320.0,AAPL271217C00320000,58.75,60.25,59.5,60.23,6.93,13.0019,28.0,3871.0,0.2901,0.6856,0.0033,1.3365,-0.0351,2.1469,59.3497,57.0,60.23,56.35,53.2999992370606,up,2026-09-11T11:28:40,322.0,359.0
AAPL,2027-12-17,462,Put,320.0,AAPL271217P00320000,27.8,28.75,28.275,28.0,-3.325,-10.6145,66.0,522.0,0.289,-0.3431,0.0037,1.3544,-0.0443,-1.2969,28.2775,29.15,29.15,27.84,31.3250007629394,up,2026-09-11T12:09:05,501.0,476.0
AAPL,2027-12-17,462,Call,325.0,AAPL271217C00325000,56.2,57.25,56.725,56.25,5.425,10.6739,28.0,599.0,0.2888,0.6687,0.0034,1.3648,-0.0361,2.111,56.5734,55.0,57.6,55.0,50.8250007629394,down,2026-09-11T12:08:26,402.0,418.0
AAPL,2027-12-17,462,Put,325.0,AAPL271217P00325000,30.0,30.75,30.375,30.39,-3.235,-9.62082,2.0,820.0,0.2879,-0.3623,0.0038,1.3785,-0.0452,-1.335,30.3498,30.39,30.39,30.39,33.625,down,2026-09-11T11:54:09,276.0,311.0
AAPL,2027-12-17,462,Call,330.0,AAPL271217C00330000,53.25,54.3,53.775,54.82,6.795,14.1489,565.0,1858.0,0.2856,0.6516,0.0034,1.3905,-0.0371,2.0732,53.8862,52.05,54.95,52.05,48.0249996185303,down,2026-09-11T11:22:42,547.0,132.0
AAPL,2027-12-17,462,Put,330.0,AAPL271217P00330000,32.2,33.05,32.625,32.05,-3.85,-10.7242,10.0,241.0,0.2866,-0.3828,0.004,1.3994,-0.0461,-1.3822,32.5905,32.05,32.05,32.05,35.8999996185303,no_change,2026-09-11T11:19:58,309.0,621.0
AAPL,2027-12-17,462,Call,335.0,AAPL271217C00335000,50.75,52.0,51.375,51.0,5.35,11.7196,28.0,2355.0,0.2858,0.6343,0.0035,1.4139,-0.0379,2.0319,51.2894,51.04,52.35,51.0,45.6499996185303,down,2026-09-11T12:08:26,489.0,370.0
AAPL,2027-12-17,462,Put,335.0,AAPL271217P00335000,34.15,35.55,34.849999999999994,43.35,0.0,0.0,0.0,59.0,0.2851,-0.4026,0.0041,1.4171,-0.0468,-1.4429,34.8634,0.0,0.0,0.0,38.4499988555908,down,2026-09-09T14:46:11,286.0,603.0
AAPL,2027-12-17,462,Call,340.0,AAPL271217C00340000,48.25,49.45,48.85,48.7,5.275,12.1474,11.0,2213.0,0.2845,0.6168,0.0036,1.4344,-0.0387,1.9888,48.7839,48.0,49.35,47.22,43.4249992370606,down,2026-09-11T12:08:43,512.0,515.0
AAPL,2027-12-17,462,Put,340.0,AAPL271217P00340000,36.85,37.75,37.3,44.18,0.0,0.0,0.0,2795.0,0.2842,-0.4232,0.0042,1.4324,-0.0475,-1.4978,37.2679,0.0,0.0,0.0,40.9500007629394,down,2026-08-31T09:40:08,241.0,541.0
AAPL,2027-12-17,462,Call,345.0,AAPL271217C00345000,45.35,47.4,46.375,40.3,0.0,0.0,0.0,719.0,0.283,0.5992,0.0036,1.452,-0.0393,1.9454,46.3686,0.0,0.0,0.0,41.2250003814697,up,2026-09-10T12:47:55,666.0,257.0
AAPL,2027-12-17,462,Put,345.0,AAPL271217P00345000,39.05,40.45,39.75,43.6,0.0,0.0,0.0,56.0,0.2827,-0.4442,0.0043,1.4378,-0.0482,-1.5223,39.7845,0.0,0.0,0.0,43.7000007629394,down,2026-09-01T13:05:29,326.0,296.0
AAPL,2027-12-17,462,Call,350.0,AAPL271217C00350000,43.65,44.6,44.125,44.0,4.975,12.7482,35.0,1622.0,0.2825,0.5816,0.0037,1.4668,-0.0399,1.9006,44.0418,43.0,45.0,42.1,39.0250015258789,down,2026-09-11T12:22:25,478.0,532.0
AAPL,2027-12-17,462,Put,350.0,AAPL271217P00350000,42.0,42.75,42.375,42.0,-4.55,-9.77444,10.0,285.0,0.2814,-0.4657,0.0044,1.4417,-0.0487,-1.5566,42.4382,44.7,44.7,42.0,46.5499992370606,no_change,2026-09-11T12:30:45,296.0,559.0
AAPL,2027-12-17,462,Call,355.0,AAPL271217C00355000,41.35,42.05,41.7,42.25,5.35,14.4986,82.0,2142.0,0.2802,0.5639,0.0037,1.4787,-0.0403,1.8532,41.8042,41.2,42.4,41.0,36.8999996185303,down,2026-09-11T11:05:57,518.0,49.0
AAPL,2027-12-17,462,Put,355.0,AAPL271217P00355000,44.7,45.85,45.275000000000006,45.3,-4.3,-8.66936,15.0,43.0,0.2817,-0.4869,0.0045,1.4467,-0.0491,-1.5971,45.155,45.3,45.3,45.3,49.6000003814697,down,2026-09-11T11:58:07,109.0,417.0
AAPL,2027-12-17,462,Call,360.0,AAPL271217C00360000,39.2,40.1,39.650000000000006,40.15,5.225,14.9606,2.0,1177.0,0.2799,0.5462,0.0038,1.4876,-0.0407,1.8047,39.6556,40.43,40.43,40.15,34.9249992370606,down,2026-09-11T11:43:10,466.0,359.0
AAPL,2027-12-17,462,Put,360.0,AAPL271217P00360000,47.25,48.6,47.925,63.7,0.0,0.0,0.0,271.0,0.2795,-0.5087,0.0046,1.4464,-0.0496,-1.6412,47.9882,0.0,0.0,0.0,52.6749992370606,no_change,2026-08-21T10:35:59,167.0,221.0
AAPL,2027-12-17,462,Call,365.0,AAPL271217C00365000,37.25,37.9,37.575,37.56,4.56,13.8182,1.0,1525.0,0.279,0.5286,0.0038,1.4937,-0.041,1.7566,37.5939,37.56,37.56,37.56,33.0,up,2026-09-11T10:30:00,260.0,125.0
AAPL,2027-12-17,462,Put,365.0,AAPL271217P00365000,50.2,51.45,50.825,56.45,0.0,0.0,0.0,90.0,0.2781,-0.5309,0.0047,1.4296,-0.0499,-1.6493,50.9665,0.0,0.0,0.0,55.5999984741211,no_change,2026-07-20T09:54:55,141.0,166.0
AAPL,2027-12-17,462,Call,370.0,AAPL271217C00370000,35.3,35.9,35.599999999999994,36.0,4.8,15.3846,9.0,1246.0,0.2781,0.5111,0.0038,1.497,-0.0412,1.708,35.617,34.5,36.31,34.5,31.1999998092651,down,2026-09-11T12:16:07,413.0,182.0
AAPL,2027-12-17,462,Put,370.0,AAPL271217P00370000,53.3,54.6,53.95,59.35,0.0,0.0,0.0,95.0,0.2779,-0.5526,0.0048,1.4156,-0.05,-1.6542,54.0011,0.0,0.0,0.0,59.2999992370606,down,2026-09-01T13:56:16,136.0,247.0
AAPL,2027-12-17,462,Call,375.0,AAPL271217C00375000,33.4,34.0,33.7,30.7,1.225,4.15606,1.0,1181.0,0.2773,0.4937,0.0038,1.4974,-0.0412,1.6575,33.7244,30.7,30.7,30.7,29.4750003814697,up,2026-09-11T09:30:00,424.0,249.0
AAPL,2027-12-17,462,Put,375.0,AAPL271217P00375000,56.4,57.75,57.075,69.95,0.0,0.0,0.0,106.0,0.2768,-0.5746,0.0048,1.4039,-0.0502,-1.668,57.1689,0.0,0.0,0.0,62.6000003814697,no_change,2026-08-20T14:50:39,155.0,216.0
AAPL,2027-12-17,462,Call,380.0,AAPL271217C00380000,31.6,32.2,31.900000000000002,32.55,4.725,16.9811,10.0,738.0,0.2766,0.4765,0.0038,1.4949,-0.0412,1.6065,31.9154,31.11,32.55,31.11,27.8249998092651,up,2026-09-11T11:01:35,424.0,274.0
AAPL,2027-12-17,462,Put,380.0,AAPL271217P00380000,59.3,61.75,60.525,65.83,0.0,0.0,0.0,41.0,0.2774,-0.5969,0.0049,1.3864,-0.0504,-1.6962,60.4302,0.0,0.0,0.0,65.8000030517578,up,2026-09-01T13:56:16,300.0,612.0
AAPL,2027-12-17,462,Call,385.0,AAPL271217C00385000,29.85,30.45,30.15,26.65,0.0,0.0,0.0,498.0,0.2758,0.4595,0.0038,1.49,-0.0412,1.5565,30.1875,0.0,0.0,0.0,26.25,no_change,2026-09-10T15:58:44,387.0,286.0
AAPL,2027-12-17,462,Put,385.0,AAPL271217P00385000,62.4,64.9,63.650000000000006,78.4,0.0,0.0,0.0,22.0,0.2749,-0.6192,0.005,1.3474,-0.0504,-1.6856,63.8065,0.0,0.0,0.0,69.7249984741211,down,2026-08-06T09:39:05,377.0,349.0
AAPL,2027-12-17,462,Call,390.0,AAPL271217C00390000,28.2,28.7,28.45,26.0,1.225,4.9445,1.0,988.0,0.2748,0.4427,0.0038,1.4827,-0.041,1.507,28.5378,26.0,26.0,26.0,24.7749996185303,up,2026-09-11T09:30:40,439.0,58.0
AAPL,2027-12-17,462,Put,390.0,AAPL271217P00390000,66.15,67.9,67.025,79.76,0.0,0.0,0.0,12.0,0.2734,-0.6414,0.005,1.3148,-0.0503,-1.6509,67.2878,0.0,0.0,0.0,73.2000007629394,down,2026-09-08T12:24:45,289.0,195.0
AAPL,2027-12-17,462,Call,395.0,AAPL271217C00395000,26.6,27.25,26.925,18.05,0.0,0.0,0.0,567.0,0.2745,0.4262,0.0038,1.4727,-0.0408,1.4565,26.9649,0.0,0.0,0.0,23.3499994277954,down,2026-09-09T14:13:34,338.0,300.0
AAPL,2027-12-17,462,Put,395.0,AAPL271217P00395000,69.7,71.7,70.7,77.55,0.0,0.0,0.0,77.0,0.2734,-0.6637,0.0051,1.2845,-0.0503,-1.6351,70.8723,0.0,0.0,0.0,76.9000015258789,down,2026-09-01T11:24:05,331.0,303.0
AAPL,2027-12-17,462,Call,400.0,AAPL271217C00400000,25.05,25.7,25.375,26.0,3.975,18.0477,5.0,5498.0,0.2736,0.4099,0.0038,1.4602,-0.0404,1.4056,25.4679,25.38,26.0,24.45,22.0249996185303,up,2026-09-11T10:53:06,577.0,263.0
AAPL,2027-12-17,462,Put,400.0,AAPL271217P00400000,73.05,75.1,74.07499999999999,88.25,0.0,0.0,0.0,84.0,0.2703,-0.6858,0.0051,1.2457,-0.05,-1.6323,74.5497,0.0,0.0,0.0,80.6500015258789,down,2026-08-19T10:30:12,468.0,105.0
AAPL,2027-12-17,462,Call,405.0,AAPL271217C00405000,23.7,24.35,24.025,23.65,2.9,13.9759,2.0,507.0,0.2735,0.394,0.0037,1.4457,-0.0401,1.356,24.0442,23.3,23.65,23.3,20.75,up,2026-09-11T10:23:17,428.0,536.0
AAPL,2027-12-17,462,Put,405.0,AAPL271217P00405000,77.05,79.45,78.25,92.38,0.0,0.0,0.0,72.0,0.273,-0.7081,0.0052,1.1883,-0.0499,-1.5942,78.3324,0.0,0.0,0.0,84.6749992370606,no_change,2026-09-08T12:17:37,398.0,382.0
AAPL,2027-12-17,462,Call,410.0,AAPL271217C00410000,22.3,22.95,22.625,22.57,3.02,15.4476,35.0,196.0,0.2727,0.3784,0.0037,1.4295,-0.0396,1.3079,22.6906,22.57,22.57,22.57,19.5500001907349,up,2026-09-11T10:34:15,374.0,302.0
AAPL,2027-12-17,462,Put,410.0,AAPL271217P00410000,81.3,83.7,82.5,85.4,0.0,0.0,0.0,5.0,0.2758,-0.7302,0.0052,1.1431,-0.0499,-1.5018,82.211,0.0,0.0,0.0,88.6500015258789,down,2026-09-03T11:12:22,209.0,432.0
AAPL,2027-12-17,462,Call,415.0,AAPL271217C00415000,21.1,21.75,21.425,17.7,0.0,0.0,0.0,189.0,0.2729,0.3632,0.0037,1.4114,-0.0391,1.2598,21.4046,0.0,0.0,0.0,18.4250001907349,up,2026-09-10T13:11:53,276.0,230.0
AAPL,2027-12-17,462,Put,415.0,AAPL271217P00415000,85.25,87.3,86.275,87.15,-5.75,-6.18945,3.0,3.0,0.2735,-0.7525,0.0053,1.0792,-0.0499,-1.4915,86.196,87.15,87.15,87.15,92.8999977111816,down,2026-09-11T09:37:30,335.0,439.0
AAPL,2027-12-17,462,Call,420.0,AAPL271217C00420000,19.95,20.45,20.2,18.6,1.275,7.35931,10.0,529.0,0.2724,0.3483,0.0036,1.3909,-0.0386,1.2114,20.1851,18.6,18.6,18.6,17.3249998092651,no_change,2026-09-11T09:33:11,300.0,510.0
AAPL,2027-12-17,462,Put,420.0,AAPL271217P00420000,89.45,92.05,90.75,90.0,-7.125,-7.33591,6.0,16.0,0.2771,-0.774,0.0053,1.0284,-0.0493,-1.4366,90.2631,91.25,91.25,90.0,97.125,down,2026-09-11T12:21:27,168.0,488.0
AAPL,2027-12-17,462,Call,425.0,AAPL271217C00425000,18.85,19.3,19.075000000000003,19.6,3.3,20.2454,1.0,385.0,0.2723,0.3339,0.0036,1.369,-0.038,1.1642,19.0299,19.6,19.6,19.6,16.2999992370605,up,2026-09-11T11:09:29,125.0,464.0
AAPL,2027-12-17,462,Put,425.0,AAPL271217P00425000,93.95,94.95,94.45,93.85,-7.9,-7.76413,3.0,2.0,0.2722,-0.7955,0.0053,0.9613,-0.0487,-1.3272,94.424,93.85,93.85,93.85,101.75,down,2026-09-11T12:20:37,111.0,285.0
AAPL,2027-12-17,462,Call,430.0,AAPL271217C00430000,17.65,18.2,17.924999999999997,17.98,2.605,16.9431,5.0,583.0,0.2715,0.3198,0.0035,1.346,-0.0373,1.1189,17.9359,17.98,17.98,17.98,15.375,up,2026-09-11T12:29:11,352.0,380.0
AAPL,2027-12-17,462,Put,430.0,AAPL271217P00430000,97.35,99.95,98.65,122.75,0.0,0.0,0.0,0.0,0.2713,-0.8168,0.0053,0.896,-0.0484,-1.1978,98.6721,0.0,0.0,0.0,105.875,down,2026-07-02T13:35:29,386.0,358.0
AAPL,2027-12-17,462,Call,435.0,AAPL271217C00435000,16.65,17.15,16.9,16.17,1.77,12.2917,1.0,364.0,0.2713,0.3061,0.0034,1.3221,-0.0367,1.0748,16.8999,16.17,16.17,16.17,14.4000000953674,up,2026-09-11T10:15:44,344.0,447.0
AAPL,2027-12-17,462,Put,435.0,AAPL271217P00435000,101.9,104.3,103.1,133.15,0.0,0.0,0.0,0.0,0.272,-0.8394,0.0054,0.7862,-0.0489,-1.1269,103.0444,0.0,0.0,0.0,110.775001525879,up,2026-07-31T14:20:26,345.0,414.0
AAPL,2027-12-17,462,Call,440.0,AAPL271217C00440000,15.7,16.15,15.924999999999999,16.1,2.525,18.6004,4.0,7508.0,0.2711,0.2929,0.0034,1.2966,-0.036,1.0309,15.9201,16.33,16.33,16.1,13.5750002861023,down,2026-09-11T11:41:03,391.0,441.0
AAPL,2027-12-17,462,Put,440.0,AAPL271217P00440000,106.0,108.7,107.35,125.59,0.0,0.0,0.0,0.0,0.2692,-0.8607,0.0054,0.7336,-0.0486,-1.073,107.4747,0.0,0.0,0.0,115.400001525879,down,2026-07-14T11:41:32,339.0,374.0
AAPL,2027-12-17,462,Call,450.0,AAPL271217C00450000,13.9,14.35,14.125,14.2,2.175,18.0873,21.0,2977.0,0.2706,0.2677,0.0032,1.2421,-0.0344,0.946,14.1218,13.0,14.5,13.0,12.0250000953674,down,2026-09-11T11:50:24,415.0,416.0
AAPL,2027-12-17,462,Put,450.0,AAPL271217P00450000,115.15,117.65,116.4,0.0,0.0,0.0,0.0,0.0,0.2674,-0.9008,0.0054,0.57,-0.0465,-0.8241,116.5645,0.0,0.0,0.0,124.899997711182,no_change,,173.0,168.0
AAPL,2027-12-17,462,Call,460.0,AAPL271217C00460000,12.2,12.8,12.5,8.55,0.0,0.0,0.0,536.0,0.2701,0.2442,0.0031,1.1862,-0.0329,0.8679,12.5198,0.0,0.0,0.0,10.5749998092651,up,2026-09-08T14:01:37,436.0,326.0
AAPL,2027-12-17,462,Put,460.0,AAPL271217P00460000,124.55,127.35,125.94999999999999,124.1,0.0,0.0,0.0,0.0,0.2665,-0.9366,0.0046,0.3075,-0.0458,-0.4557,126.0565,0.0,0.0,0.0,134.449996948242,up,2026-07-27T12:11:38,153.0,149.0
AAPL,2027-12-17,462,Call,470.0,AAPL271217C00470000,10.8,11.4,11.100000000000001,11.32,1.945,20.7467,3.0,148.0,0.2701,0.2225,0.0029,1.1275,-0.0312,0.7929,11.0963,11.32,11.32,11.32,9.375,up,2026-09-11T11:03:16,361.0,392.0
AAPL,2027-12-17,462,Put,470.0,AAPL271217P00470000,134.1,137.2,135.64999999999998,0.0,0.0,0.0,0.0,0.0,0.0,-0.9651,0.0036,0.2511,-0.0448,-0.266,135.7216,0.0,0.0,0.0,144.349998474121,no_change,,132.0,108.0
AAPL,2027-12-17,462,Call,480.0,AAPL271217C00480000,9.6,10.1,9.85,10.11,1.81,21.8072,26.0,106.0,0.2702,0.2024,0.0028,1.0682,-0.0296,0.7242,9.8351,10.0,10.11,10.0,8.30000019073486,up,2026-09-11T11:24:34,400.0,439.0
AAPL,2027-12-17,462,Put,480.0,AAPL271217P00480000,144.4,147.7,146.05,0.0,0.0,0.0,0.0,0.0,0.2953,-0.9838,0.0017,0.0,-0.0434,0.0,145.695,0.0,0.0,0.0,154.349998474121,no_change,,106.0,105.0
AAPL,2027-12-17,462,Call,490.0,AAPL271217C00490000,8.6,9.0,8.8,9.0,1.675,22.8669,15.0,314.0,0.2709,0.1839,0.0026,1.0097,-0.0279,0.6605,8.7175,9.0,9.0,9.0,7.32500004768372,up,2026-09-11T11:08:04,129.0,443.0
AAPL,2027-12-17,462,Put,490.0,AAPL271217P00490000,154.3,157.7,156.0,0.0,0.0,0.0,0.0,0.0,0.3055,-0.9941,0.0006,0.0,-0.0434,0.0,155.695,0.0,0.0,0.0,164.349998474121,no_change,,103.0,107.0
AAPL,2027-12-17,462,Call,500.0,AAPL271217C00500000,7.55,7.9,7.725,8.03,1.505,23.0651,12.0,858.0,0.2701,0.1669,0.0025,0.9505,-0.0263,0.6006,7.7302,6.8,8.03,6.8,6.52499985694885,up,2026-09-11T11:32:22,491.0,281.0
AAPL,2027-12-17,462,Put,500.0,AAPL271217P00500000,164.3,167.2,165.75,0.0,0.0,0.0,0.0,0.0,0.3071,-1.0,0.0,0.0,-0.0434,0.0,165.695,0.0,0.0,0.0,174.349998474121,no_change,,95.0,95.0
AAPL,2027-12-17,462,Call,510.0,AAPL271217C00510000,6.6,7.05,6.824999999999999,5.65,0.0,0.0,0.0,430.0,0.27,0.1515,0.0023,0.8936,-0.0247,0.547,6.8582,0.0,0.0,0.0,5.82500004768372,up,2026-09-10T15:28:13,404.0,288.0
AAPL,2027-12-17,462,Put,510.0,AAPL271217P00510000,174.3,177.2,175.75,0.0,0.0,0.0,0.0,0.0,0.3183,-1.0,0.0,0.0,-0.0434,0.0,175.695,0.0,0.0,0.0,184.449996948242,no_change,,95.0,98.0
AAPL,2027-12-17,462,Call,520.0,AAPL271217C00520000,5.8,6.4,6.1,5.2,0.0,0.0,0.0,64.0,0.2708,0.1374,0.0022,0.8384,-0.0232,0.4972,6.0879,0.0,0.0,0.0,5.15000009536743,down,2026-09-10T13:59:04,344.0,415.0
AAPL,2027-12-17,462,Put,520.0,AAPL271217P00520000,184.3,187.2,185.75,0.0,0.0,0.0,0.0,0.0,0.3293,-1.0,0.0,0.0,-0.0434,0.0,185.695,0.0,0.0,0.0,194.349998474121,no_change,,13.0,107.0
AAPL,2027-12-17,462,Call,530.0,AAPL271217C00530000,5.2,5.65,5.425000000000001,5.5,0.975,21.547,2.0,342.0,0.2712,0.1245,0.002,0.7842,-0.0217,0.4512,5.4092,5.25,5.5,5.25,4.52500009536743,up,2026-09-11T10:42:31,432.0,431.0
AAPL,2027-12-17,462,Put,530.0,AAPL271217P00530000,194.1,197.2,195.64999999999998,0.0,0.0,0.0,0.0,0.0,0.0,-1.0,0.0,0.0,-0.0434,0.0,195.695,0.0,0.0,0.0,204.349998474121,no_change,,107.0,15.0
AAPL,2027-12-17,462,Call,540.0,AAPL271217C00540000,4.65,5.0,4.825,5.05,1.05,26.25,6.0,157.0,0.2717,0.1129,0.0019,0.7332,-0.0202,0.4103,4.8105,5.0,5.05,5.0,3.99999988079071,no_change,2026-09-11T11:32:22,411.0,379.0
AAPL,2027-12-17,462,Put,540.0,AAPL271217P00540000,204.1,207.2,205.64999999999998,0.0,0.0,0.0,0.0,0.0,0.0,-1.0,0.0,0.0,-0.0434,0.0,205.695,0.0,0.0,0.0,214.349998474121,no_change,,95.0,13.0
AAPL,2027-12-17,462,Call,550.0,AAPL271217C00550000,4.15,4.55,4.35,4.25,0.675,18.8811,1.0,771.0,0.273,0.1024,0.0017,0.6848,-0.0189,0.3726,4.2821,4.25,4.25,4.25,3.57500004768372,up,2026-09-11T12:03:38,322.0,472.0
AAPL,2027-12-17,462,Put,550.0,AAPL271217P00550000,214.15,217.2,215.675,0.0,0.0,0.0,0.0,0.0,0.0,-1.0,0.0,0.0,-0.0434,0.0,215.695,0.0,0.0,0.0,224.349998474121,no_change,,13.0,13.0
AAPL,2027-12-17,462,Call,560.0,AAPL271217C00560000,3.6,3.95,3.7750000000000004,3.45,0.0,0.0,0.0,31.0,0.272,0.0928,0.0016,0.6376,-0.0176,0.3376,3.8122,0.0,0.0,0.0,3.20000004768372,up,2026-09-01T10:26:35,415.0,213.0
AAPL,2027-12-17,462,Put,560.0,AAPL271217P00560000,224.1,227.2,225.64999999999998,0.0,0.0,0.0,0.0,0.0,0.0,-1.0,0.0,0.0,-0.0434,0.0,225.695,0.0,0.0,0.0,234.450004577637,no_change,,13.0,13.0
AAPL,2027-12-17,462,Call,570.0,AAPL271217C00570000,3.25,3.6,3.425,3.23,0.36,12.5436,5.0,42.0,0.2736,0.0841,0.0015,0.594,-0.0164,0.307,3.4019,3.23,3.23,3.23,2.87000000476837,up,2026-09-11T10:15:52,325.0,322.0
AAPL,2027-12-17,462,Put,570.0,AAPL271217P00570000,234.1,237.2,235.64999999999998,0.0,0.0,0.0,0.0,0.0,0.0,-1.0,0.0,0.0,-0.0434,0.0,235.695,0.0,0.0,0.0,244.450004577637,no_change,,13.0,13.0
AAPL,2027-12-17,462,Call,580.0,AAPL271217C00580000,2.96,3.3,3.13,2.7,0.0,0.0,0.0,21.0,0.2755,0.0764,0.0014,0.5535,-0.0153,0.2791,3.0394,0.0,0.0,0.0,2.58000004291534,up,2026-09-03T10:40:50,219.0,405.0
AAPL,2027-12-17,462,Put,580.0,AAPL271217P00580000,244.1,247.45,245.77499999999998,0.0,0.0,0.0,0.0,0.0,0.3913,-1.0,0.0,0.0,-0.0434,0.0,245.695,0.0,0.0,0.0,254.450004577637,no_change,,13.0,13.0
AAPL,2027-12-17,462,Call,590.0,AAPL271217C00590000,2.58,2.84,2.71,2.8,0.505,22.0044,1.0,75.0,0.2744,0.0694,0.0013,0.5148,-0.0142,0.2534,2.7194,2.8,2.8,2.8,2.29500007629395,up,2026-09-11T11:30:43,414.0,277.0
AAPL,2027-12-17,462,Put,590.0,AAPL271217P00590000,254.1,257.45,255.77499999999998,0.0,0.0,0.0,0.0,0.0,0.4007,-1.0,0.0,0.0,-0.0434,0.0,255.695,0.0,0.0,0.0,264.449996948242,no_change,,13.0,13.0
AAPL,2027-12-17,462,Call,600.0,AAPL271217C00600000,2.37,2.55,2.46,2.45,0.405,19.8044,68.0,583.0,0.2758,0.063,0.0012,0.4787,-0.0132,0.2305,2.4376,2.15,2.5,2.15,2.04499995708466,down,2026-09-11T12:23:06,334.0,267.0
AAPL,2027-12-17,462,Put,600.0,AAPL271217P00600000,264.1,267.45,265.775,0.0,0.0,0.0,0.0,0.0,0.4099,-1.0,0.0,0.0,-0.0434,0.0,265.695,0.0,0.0,0.0,274.550003051758,no_change,,12.0,11.0
AAPL,2028-01-21,497,Call,5.0,AAPL280121C00005000,327.5,331.15,329.325,306.55,0.0,0.0,0.0,57.0,0.0,1.0,0.0,0.0007,0.0,0.0198,329.6888,0.0,0.0,0.0,320.599990844727,down,2026-09-09T10:38:42,11.0,11.0
AAPL,2028-01-21,497,Put,5.0,AAPL280121P00005000,0.0,0.06,0.03,0.01,0.0,0.0,0.0,274.0,1.2895,0.0,0.0,0.0006,-0.0001,-0.0002,0.0048,0.0,0.0,0.0,0.0299999993294477,no_change,2026-08-26T11:49:14,0.0,10.0
AAPL,2028-01-21,497,Call,10.0,AAPL280121C00010000,322.65,326.3,324.475,303.35,0.0,0.0,0.0,24.0,0.0,1.0,0.0,0.0004,0.0,0.0484,324.7813,0.0,0.0,0.0,315.75,up,2026-08-07T13:47:58,11.0,11.0
AAPL,2028-01-21,497,Put,10.0,AAPL280121P00010000,0.0,0.26,0.13,0.03,0.0,0.0,0.0,34.0,1.2297,-0.0001,0.0,0.0014,-0.0001,-0.0005,0.0096,0.0,0.0,0.0,0.239999994635582,up,2026-06-10T11:17:12,0.0,360.0
AAPL,2028-01-21,497,Call,15.0,AAPL280121C00015000,317.9,321.55,319.725,245.12,0.0,0.0,0.0,0.0,0.0,1.0,0.0,0.0006,0.0,0.0887,319.9058,0.0,0.0,0.0,311.0,up,2026-02-19T15:28:14,11.0,11.0
AAPL,2028-01-21,497,Put,15.0,AAPL280121P00015000,0.0,0.27,0.135,0.03,0.0,0.0,0.0,369.0,1.0787,-0.0001,0.0,0.0022,-0.0002,-0.0008,0.015,0.0,0.0,0.0,0.219999998807907,no_change,2026-06-01T14:22:00,0.0,435.0
AAPL,2028-01-21,497,Call,20.0,AAPL280121C00020000,313.25,316.9,315.075,308.2,0.0,0.0,0.0,8.0,0.8554,1.0,0.0,0.0024,0.0,0.1336,315.0624,0.0,0.0,0.0,306.300003051758,down,2026-07-21T11:25:38,16.0,11.0
AAPL,2028-01-21,497,Put,20.0,AAPL280121P00020000,0.0,0.27,0.135,0.05,0.0,0.0,0.0,316.0,0.9722,-0.0002,0.0,0.0033,-0.0002,-0.0012,0.0212,0.0,0.0,0.0,0.200000002980232,up,2026-06-10T11:01:07,0.0,359.0
AAPL,2028-01-21,497,Call,25.0,AAPL280121C00025000,308.55,312.2,310.375,296.2,0.0,0.0,0.0,10.0,0.8957,1.0,0.0,0.0045,0.0,0.2557,310.2638,0.0,0.0,0.0,301.574996948242,up,2026-08-28T10:56:09,16.0,11.0
AAPL,2028-01-21,497,Put,25.0,AAPL280121P00025000,0.0,0.27,0.135,0.07,0.0,0.0,0.0,580.0,0.8917,-0.0003,0.0,0.0045,-0.0003,-0.0017,0.0284,0.0,0.0,0.0,0.135000005364418,no_change,2026-05-04T15:15:59,0.0,360.0
AAPL,2028-01-21,497,Call,30.0,AAPL280121C00030000,303.85,307.5,305.675,229.09,0.0,0.0,0.0,12.0,0.8486,1.0,0.0,0.0062,0.0,0.3512,305.54,0.0,0.0,0.0,296.949996948242,down,2026-04-09T11:52:31,87.0,11.0
AAPL,2028-01-21,497,Put,30.0,AAPL280121P00030000,0.0,0.28,0.14,0.02,0.0,0.0,0.0,397.0,0.8306,-0.0004,0.0,0.006,-0.0004,-0.0023,0.0365,0.0,0.0,0.0,0.115000002086163,down,2026-09-10T14:31:49,0.0,616.0
AAPL,2028-01-21,497,Call,35.0,AAPL280121C00035000,299.2,302.85,301.025,241.75,0.0,0.0,0.0,4.0,0.8172,1.0,0.0,0.0079,0.0,0.4375,300.8501,0.0,0.0,0.0,292.25,down,2026-02-11T09:45:54,86.0,11.0
AAPL,2028-01-21,497,Put,35.0,AAPL280121P00035000,0.0,0.27,0.135,0.05,0.0,0.0,0.0,75.0,0.7736,-0.0005,0.0,0.0076,-0.0005,-0.0029,0.0458,0.0,0.0,0.0,0.125,no_change,2026-06-17T13:33:59,0.0,362.0
AAPL,2028-01-21,497,Call,40.0,AAPL280121C00040000,294.5,298.15,296.325,252.2,0.0,0.0,0.0,15.0,0.7627,1.0,0.0,0.0096,0.0,0.5088,296.1756,0.0,0.0,0.0,287.574996948242,up,2026-05-08T12:46:39,88.0,11.0
AAPL,2028-01-21,497,Put,40.0,AAPL280121P00040000,0.0,0.19,0.095,0.01,0.0,0.0,0.0,86.0,0.701,-0.0007,0.0,0.0095,-0.0006,-0.0037,0.0565,0.0,0.0,0.0,0.100000001490116,down,2026-09-09T15:24:05,0.0,381.0
AAPL,2028-01-21,497,Call,45.0,AAPL280121C00045000,289.85,293.5,291.675,262.25,0.0,0.0,0.0,4.0,0.7329,1.0,0.0,0.0116,0.0,0.5747,291.5074,0.0,0.0,0.0,282.900009155273,down,2026-08-10T12:32:32,90.0,11.0
AAPL,2028-01-21,497,Put,45.0,AAPL280121P00045000,0.0,0.17,0.085,0.1,0.0,0.0,0.0,13.0,0.655,-0.0009,0.0,0.0116,-0.0007,-0.0045,0.0683,0.0,0.0,0.0,0.0649999976158142,down,2026-08-18T12:27:41,0.0,363.0
AAPL,2028-01-21,497,Call,50.0,AAPL280121C00050000,285.15,288.8,286.975,267.0,0.0,0.0,0.0,127.0,0.6871,1.0,0.0,0.014,0.0,0.6392,286.8426,0.0,0.0,0.0,278.25,up,2026-08-31T12:04:12,153.0,16.0
AAPL,2028-01-21,497,Put,50.0,AAPL280121P00050000,0.06,0.11,0.08499999999999999,0.08,0.0,0.0,0.0,2628.0,0.6213,-0.001,0.0,0.014,-0.0008,-0.0055,0.0815,0.0,0.0,0.0,0.0849999990314245,up,2026-08-25T09:38:07,1.0,7.0
AAPL,2028-01-21,497,Call,60.0,AAPL280121C00060000,275.85,279.5,277.675,249.74,0.0,0.0,0.0,5.0,0.6402,1.0,0.0,0.0195,0.0,0.7651,277.5201,0.0,0.0,0.0,268.900009155273,down,2026-08-10T10:25:23,86.0,16.0
AAPL,2028-01-21,497,Put,60.0,AAPL280121P00060000,0.01,0.19,0.1,0.17,0.0,0.0,0.0,94.0,0.5726,-0.0015,0.0,0.0197,-0.0011,-0.0079,0.1135,0.0,0.0,0.0,0.0999999986961484,up,2026-08-10T10:12:40,14.0,109.0
AAPL,2028-01-21,497,Call,70.0,AAPL280121C00070000,266.5,270.15,268.325,249.83,0.0,0.0,0.0,154.0,0.586,0.9996,0.0,0.0265,0.0,0.8895,268.2062,0.0,0.0,0.0,259.550003051758,down,2026-09-08T14:16:54,133.0,16.0
AAPL,2028-01-21,497,Put,70.0,AAPL280121P00070000,0.1,0.23,0.165,0.17,0.0,0.0,0.0,68.0,0.5522,-0.0021,0.0,0.0269,-0.0014,-0.011,0.1534,0.0,0.0,0.0,0.165000002831221,down,2026-08-20T15:44:03,2.0,277.0
AAPL,2028-01-21,497,Call,80.0,AAPL280121C00080000,257.2,260.85,259.025,237.5,0.0,0.0,0.0,183.0,0.5509,0.9988,0.0,0.0352,0.0,1.0129,258.9023,0.0,0.0,0.0,250.200004577637,down,2026-08-26T13:27:20,129.0,16.0
AAPL,2028-01-21,497,Put,80.0,AAPL280121P00080000,0.04,0.29,0.16499999999999998,0.18,0.0,0.0,0.0,44.0,0.5076,-0.0029,0.0,0.0356,-0.0017,-0.0149,0.2035,0.0,0.0,0.0,0.160000005736947,down,2026-09-10T15:07:42,104.0,441.0
AAPL,2028-01-21,497,Call,90.0,AAPL280121C00090000,247.9,251.55,249.72500000000002,224.95,0.0,0.0,0.0,184.0,0.5187,0.9978,0.0001,0.0458,0.0,1.1352,249.6107,0.0,0.0,0.0,240.875,down,2026-08-27T10:23:48,104.0,16.0
AAPL,2028-01-21,497,Put,90.0,AAPL280121P00090000,0.2,0.34,0.27,0.24,0.0,0.0,0.0,122.0,0.4963,-0.0039,0.0001,0.0465,-0.0021,-0.0199,0.2659,0.0,0.0,0.0,0.224999997764826,down,2026-08-28T09:49:33,5.0,321.0
AAPL,2028-01-21,497,Call,100.0,AAPL280121C00100000,238.6,242.25,240.425,221.34,0.0,0.0,0.0,919.0,0.4888,0.9966,0.0001,0.0588,0.0,1.2561,240.3346,0.0,0.0,0.0,231.599998474121,up,2026-09-09T15:11:32,83.0,16.0
AAPL,2028-01-21,497,Put,100.0,AAPL280121P00100000,0.18,0.43,0.305,0.37,0.0,0.0,0.0,1636.0,0.4665,-0.0052,0.0001,0.0595,-0.0026,-0.0262,0.3445,0.0,0.0,0.0,0.314999997615814,down,2026-08-31T15:24:07,116.0,365.0
AAPL,2028-01-21,497,Call,110.0,AAPL280121C00110000,229.35,232.95,231.14999999999998,200.6,0.0,0.0,0.0,315.0,0.4643,0.995,0.0001,0.0744,0.0,1.3754,231.0777,0.0,0.0,0.0,222.349998474121,up,2026-08-13T11:32:01,116.0,10.0
AAPL,2028-01-21,497,Put,110.0,AAPL280121P00110000,0.26,0.45,0.355,0.5,0.0,0.0,0.0,441.0,0.4413,-0.0068,0.0001,0.0756,-0.0032,-0.034,0.4425,0.0,0.0,0.0,0.349999994039536,no_change,2026-08-28T15:02:15,116.0,15.0
AAPL,2028-01-21,497,Call,115.0,AAPL280121C00115000,224.95,228.3,226.625,205.61,0.0,0.0,0.0,19.0,0.4648,0.9941,0.0001,0.0835,0.0,1.4342,226.4579,0.0,0.0,0.0,218.025001525879,up,2026-09-09T13:04:25,92.0,10.0
AAPL,2028-01-21,497,Put,115.0,AAPL280121P00115000,0.33,0.63,0.48,0.5,0.0,0.0,0.0,12.0,0.443,-0.0077,0.0001,0.085,-0.0035,-0.0387,0.5005,0.0,0.0,0.0,0.485000014305115,down,2026-09-02T09:59:25,115.0,325.0
AAPL,2028-01-21,497,Call,120.0,AAPL280121C00120000,220.1,223.7,221.89999999999998,195.7,0.0,0.0,0.0,93.0,0.4433,0.9931,0.0001,0.0934,0.0,1.4924,221.8449,0.0,0.0,0.0,213.125,down,2026-09-09T14:15:00,102.0,10.0
AAPL,2028-01-21,497,Put,120.0,AAPL280121P00120000,0.5,0.64,0.5700000000000001,0.58,0.0,0.0,0.0,708.0,0.4376,-0.0088,0.0001,0.0948,-0.0039,-0.044,0.5656,0.0,0.0,0.0,0.549999997019768,down,2026-09-08T09:30:00,1.0,196.0
AAPL,2028-01-21,497,Call,125.0,AAPL280121C00125000,215.5,219.1,217.3,197.8,0.0,0.0,0.0,23.0,0.4353,0.992,0.0002,0.1041,0.0,1.55,217.2394,0.0,0.0,0.0,208.5,down,2026-08-20T15:10:47,99.0,10.0
AAPL,2028-01-21,497,Put,125.0,AAPL280121P00125000,0.61,0.8,0.7050000000000001,0.86,0.0,0.0,0.0,305.0,0.4356,-0.0099,0.0002,0.1058,-0.0043,-0.0497,0.6382,0.0,0.0,0.0,0.659999996423721,down,2026-08-11T14:37:24,1.0,278.0
AAPL,2028-01-21,497,Call,130.0,AAPL280121C00130000,210.9,214.5,212.7,184.95,0.0,0.0,0.0,133.0,0.4268,0.9907,0.0002,0.1159,0.0,1.607,212.6421,0.0,0.0,0.0,203.900001525879,down,2026-08-10T14:46:03,103.0,10.0
AAPL,2028-01-21,497,Put,130.0,AAPL280121P00130000,0.71,0.85,0.78,0.92,0.0,0.0,0.0,214.0,0.4268,-0.0112,0.0002,0.118,-0.0047,-0.0562,0.7193,0.0,0.0,0.0,0.754999995231628,up,2026-08-21T14:45:24,10.0,202.0
AAPL,2028-01-21,497,Call,135.0,AAPL280121C00135000,206.3,209.9,208.10000000000002,199.52,0.0,0.0,0.0,119.0,0.4182,0.9892,0.0002,0.1288,0.0,1.6632,208.0541,0.0,0.0,0.0,199.400001525879,up,2026-09-10T15:33:38,111.0,10.0
AAPL,2028-01-21,497,Put,135.0,AAPL280121P00135000,0.72,0.98,0.85,1.01,0.0,0.0,0.0,2872.0,0.4175,-0.0127,0.0002,0.1315,-0.0051,-0.0634,0.8101,0.0,0.0,0.0,0.824999988079071,down,2026-08-24T13:35:28,71.0,331.0
AAPL,2028-01-21,497,Call,140.0,AAPL280121C00140000,201.7,205.3,203.5,176.3,0.0,0.0,0.0,73.0,0.4094,0.9877,0.0002,0.143,0.0,1.7184,203.4764,0.0,0.0,0.0,194.950004577637,up,2026-08-10T14:24:49,108.0,10.0
AAPL,2028-01-21,497,Put,140.0,AAPL280121P00140000,0.78,1.09,0.935,0.98,0.0,0.0,0.0,1568.0,0.4092,-0.0144,0.0002,0.1455,-0.0056,-0.0713,0.9118,0.0,0.0,0.0,0.975000023841858,down,2026-09-01T15:32:10,189.0,262.0
AAPL,2028-01-21,497,Call,145.0,AAPL280121C00145000,197.15,200.75,198.95,189.31,0.0,0.0,0.0,18.0,0.4037,0.9859,0.0002,0.1581,0.0,1.7727,198.9102,0.0,0.0,0.0,190.175003051758,up,2026-09-01T11:35:02,110.0,10.0
AAPL,2028-01-21,497,Put,145.0,AAPL280121P00145000,0.91,1.21,1.06,1.6,0.0,0.0,0.0,494.0,0.4032,-0.0162,0.0003,0.1609,-0.0061,-0.0802,1.025,0.0,0.0,0.0,1.10499998927116,up,2026-07-31T15:30:41,163.0,358.0
AAPL,2028-01-21,497,Call,150.0,AAPL280121C00150000,192.8,196.2,194.5,193.0,7.375,3.97306,5.0,291.0,0.4032,0.984,0.0003,0.1744,0.0,1.8261,194.3565,193.0,193.0,193.0,185.625,up,2026-09-11T10:23:07,121.0,27.0
AAPL,2028-01-21,497,Put,150.0,AAPL280121P00150000,1.04,1.34,1.19,1.23,0.0,0.0,0.0,932.0,0.3971,-0.0182,0.0003,0.178,-0.0067,-0.09,1.1512,0.0,0.0,0.0,1.27999997138977,down,2026-09-10T09:34:01,71.0,364.0
AAPL,2028-01-21,497,Call,155.0,AAPL280121C00155000,188.05,191.65,189.85000000000002,163.96,0.0,0.0,0.0,73.0,0.3908,0.9818,0.0003,0.1923,0.0,1.8783,189.8166,0.0,0.0,0.0,181.125,up,2026-08-18T10:02:33,112.0,10.0
AAPL,2028-01-21,497,Put,155.0,AAPL280121P00155000,1.16,1.48,1.3199999999999998,1.39,0.0,0.0,0.0,500.0,0.3904,-0.0204,0.0003,0.1967,-0.0072,-0.1008,1.2918,0.0,0.0,0.0,1.37999999523163,down,2026-09-02T10:16:01,213.0,289.0
AAPL,2028-01-21,497,Call,160.0,AAPL280121C00160000,183.9,187.1,185.5,170.3,0.0,0.0,0.0,1017.0,0.3931,0.9794,0.0004,0.2117,0.0,1.9291,185.292,0.0,0.0,0.0,176.775001525879,up,2026-09-10T10:39:06,218.0,191.0
AAPL,2028-01-21,497,Put,160.0,AAPL280121P00160000,1.32,1.64,1.48,1.66,0.0,0.0,0.0,555.0,0.3847,-0.0229,0.0004,0.2161,-0.0079,-0.1127,1.4492,0.0,0.0,0.0,1.5349999666214,up,2026-09-04T15:55:31,18.0,18.0
AAPL,2028-01-21,497,Call,165.0,AAPL280121C00165000,179.45,182.6,181.02499999999998,163.22,0.0,0.0,0.0,323.0,0.3882,0.9768,0.0004,0.2323,0.0,1.9786,180.7843,0.0,0.0,0.0,172.25,up,2026-08-31T10:02:32,389.0,61.0
AAPL,2028-01-21,497,Put,165.0,AAPL280121P00165000,1.39,1.82,1.605,1.8,0.0,0.0,0.0,455.0,0.3769,-0.0256,0.0004,0.237,-0.0086,-0.1259,1.6228,0.0,0.0,0.0,1.72499996423721,down,2026-09-04T11:02:45,388.0,63.0
AAPL,2028-01-21,497,Call,170.0,AAPL280121C00170000,175.0,178.1,176.55,176.65,8.85,5.27413,4.0,210.0,0.3827,0.9739,0.0004,0.2542,0.0,2.0269,176.2949,176.65,176.65,176.65,167.800003051758,up,2026-09-11T11:37:26,353.0,72.0
AAPL,2028-01-21,497,Put,170.0,AAPL280121P00170000,1.6,2.01,1.805,2.04,0.0,0.0,0.0,1294.0,0.3721,-0.0286,0.0005,0.2601,-0.0093,-0.1402,1.8155,0.0,0.0,0.0,1.95999997854233,up,2026-09-10T10:16:40,352.0,83.0
AAPL,2028-01-21,497,Call,175.0,AAPL280121C00175000,170.5,173.6,172.05,151.25,0.0,0.0,0.0,109.0,0.3759,0.9707,0.0005,0.278,0.0,2.0736,171.8254,0.0,0.0,0.0,163.424995422363,up,2026-08-26T12:20:07,365.0,87.0
AAPL,2028-01-21,497,Put,175.0,AAPL280121P00175000,1.91,2.23,2.07,2.21,0.0,0.0,0.0,564.0,0.369,-0.0319,0.0005,0.2851,-0.01,-0.1561,2.0296,0.0,0.0,0.0,2.1800000667572,up,2026-09-04T15:54:06,65.0,241.0
AAPL,2028-01-21,497,Call,180.0,AAPL280121C00180000,166.05,169.15,167.60000000000002,147.54,0.0,0.0,0.0,510.0,0.3704,0.9672,0.0005,0.3035,0.0,2.1184,167.3778,0.0,0.0,0.0,158.875,down,2026-09-09T10:27:41,186.0,40.0
AAPL,2028-01-21,497,Put,180.0,AAPL280121P00180000,2.03,2.47,2.25,2.58,0.0,0.0,0.0,1954.0,0.3624,-0.0355,0.0006,0.3104,-0.0108,-0.1731,2.2671,0.0,0.0,0.0,2.43500006198883,down,2026-09-10T10:16:40,363.0,70.0
AAPL,2028-01-21,497,Call,185.0,AAPL280121C00185000,161.6,164.75,163.175,154.19,0.0,0.0,0.0,353.0,0.3652,0.9634,0.0006,0.3303,0.0,2.1614,162.9543,0.0,0.0,0.0,154.575004577637,up,2026-09-02T13:59:15,180.0,34.0
AAPL,2028-01-21,497,Put,185.0,AAPL280121P00185000,2.38,2.62,2.5,2.86,0.0,0.0,0.0,913.0,0.3576,-0.0395,0.0006,0.3378,-0.0117,-0.1922,2.5297,0.0,0.0,0.0,2.71499991416931,up,2026-09-10T10:06:23,218.0,11.0
AAPL,2028-01-21,497,Call,190.0,AAPL280121C00190000,157.2,160.35,158.77499999999998,147.09,0.0,0.0,0.0,142.0,0.3603,0.9593,0.0006,0.3585,0.0,2.2029,158.5566,0.0,0.0,0.0,149.824996948242,up,2026-09-10T11:12:04,381.0,87.0
AAPL,2028-01-21,497,Put,190.0,AAPL280121P00190000,2.57,3.05,2.8099999999999996,3.15,0.0,0.0,0.0,1120.0,0.3539,-0.0438,0.0007,0.3675,-0.0126,-0.2126,2.8184,0.0,0.0,0.0,3.11500000953674,up,2026-09-10T12:40:32,270.0,184.0
AAPL,2028-01-21,497,Call,195.0,AAPL280121C00195000,152.85,155.75,154.3,132.4,0.0,0.0,0.0,286.0,0.353,0.9548,0.0007,0.3886,0.0,2.2422,154.1865,0.0,0.0,0.0,145.800003051758,up,2026-08-24T14:55:58,332.0,133.0
AAPL,2028-01-21,497,Put,195.0,AAPL280121P00195000,3.0,3.35,3.175,3.52,0.0,0.0,0.0,1207.0,0.3508,-0.0486,0.0008,0.3996,-0.0135,-0.2348,3.136,0.0,0.0,0.0,3.44999992847443,down,2026-09-10T12:45:14,41.0,157.0
AAPL,2028-01-21,497,Call,200.0,AAPL280121C00200000,148.85,151.4,150.125,148.15,6.75,4.77369,7.0,1006.0,0.3527,0.9499,0.0008,0.4206,0.0,2.279,149.8468,143.1,148.15,143.1,141.400001525879,up,2026-09-11T10:10:13,441.0,351.0
AAPL,2028-01-21,497,Put,200.0,AAPL280121P00200000,3.25,3.7,3.475,3.45,-0.35,-9.21053,15.0,2960.0,0.3456,-0.0537,0.0008,0.4312,-0.0145,-0.2589,3.4875,3.68,3.68,3.45,3.79999995231628,down,2026-09-11T11:12:55,313.0,279.0
AAPL,2028-01-21,497,Call,210.0,AAPL280121C00210000,139.9,142.8,141.35000000000002,123.65,0.0,0.0,0.0,262.0,0.3403,0.9389,0.0009,0.4882,-0.0012,2.3463,141.2682,0.0,0.0,0.0,132.775001525879,down,2026-09-08T14:54:39,355.0,129.0
AAPL,2028-01-21,497,Put,210.0,AAPL280121P00210000,4.2,4.3,4.25,4.3,-0.5,-10.4167,137.0,2161.0,0.3377,-0.0653,0.001,0.5016,-0.0165,-0.3126,4.2942,4.3,4.3,4.25,4.79999995231628,no_change,2026-09-11T12:40:10,195.0,1.0
AAPL,2028-01-21,497,Call,220.0,AAPL280121C00220000,131.5,134.2,132.85,133.65,9.225,7.41411,13.0,823.0,0.332,0.9261,0.0011,0.5627,-0.0042,2.4031,132.8391,127.0,133.65,127.0,124.424999237061,up,2026-09-11T11:31:44,483.0,330.0
AAPL,2028-01-21,497,Put,220.0,AAPL280121P00220000,5.1,5.55,5.324999999999999,5.2,-0.675,-11.4894,1.0,5676.0,0.3329,-0.0788,0.0012,0.5778,-0.0188,-0.374,5.2554,5.2,5.2,5.2,5.875,down,2026-09-11T11:02:37,254.0,330.0
AAPL,2028-01-21,497,Call,230.0,AAPL280121C00230000,123.65,125.65,124.65,126.0,9.7,8.3405,3.0,670.0,0.3266,0.9114,0.0013,0.6414,-0.0074,2.4493,124.5822,120.01,126.0,120.01,116.300003051758,up,2026-09-11T11:18:13,399.0,302.0
AAPL,2028-01-21,497,Put,230.0,AAPL280121P00230000,6.25,6.75,6.5,7.39,0.0,0.0,0.0,4153.0,0.3269,-0.0944,0.0014,0.6604,-0.0211,-0.4443,6.4019,0.0,0.0,0.0,7.125,down,2026-09-08T10:15:37,387.0,451.0
AAPL,2028-01-21,497,Call,240.0,AAPL280121C00240000,115.25,117.6,116.425,117.3,8.6,7.91168,5.0,1836.0,0.3184,0.8948,0.0015,0.7256,-0.0106,2.4831,116.5181,114.6,117.37,114.6,108.700000762939,down,2026-09-11T10:54:47,443.0,236.0
AAPL,2028-01-21,497,Put,240.0,AAPL280121P00240000,7.65,7.9,7.775,7.8,-0.9,-10.3448,56.0,4595.0,0.3198,-0.1123,0.0016,0.7464,-0.0236,-0.5227,7.7597,8.0,8.0,7.8,8.69999980926514,no_change,2026-09-11T12:08:54,341.0,100.0
AAPL,2028-01-21,497,Call,250.0,AAPL280121C00250000,108.1,109.7,108.9,108.64,7.84,7.77777,24.0,2029.0,0.3173,0.876,0.0017,0.8119,-0.0138,2.5053,108.671,108.0,110.11,106.62,100.800003051758,no_change,2026-09-11T12:32:40,136.0,203.0
AAPL,2028-01-21,497,Put,250.0,AAPL280121P00250000,9.3,9.55,9.425,9.45,-1.025,-9.7852,11.0,10909.0,0.3153,-0.1325,0.0018,0.8376,-0.0262,-0.6106,9.3517,10.18,10.18,9.32,10.4749999046326,up,2026-09-11T12:32:17,298.0,380.0
AAPL,2028-01-21,497,Call,260.0,AAPL280121C00260000,100.1,101.4,100.75,101.38,8.305,8.92291,7.0,2284.0,0.3061,0.8551,0.0019,0.9013,-0.017,2.5133,101.0617,95.6,101.38,95.6,93.0750007629394,up,2026-09-11T10:57:02,400.0,37.0
AAPL,2028-01-21,497,Put,260.0,AAPL280121P00260000,11.15,11.4,11.275,11.35,-1.175,-9.38124,1.0,3194.0,0.3103,-0.1553,0.0021,0.9279,-0.0288,-0.7055,11.2099,11.35,11.35,11.35,12.5250000953674,down,2026-09-11T10:23:16,330.0,150.0
AAPL,2028-01-21,497,Call,270.0,AAPL280121C00270000,92.95,94.65,93.80000000000001,95.05,8.85,10.2668,18.0,3823.0,0.306,0.8321,0.0021,0.9897,-0.0202,2.5095,93.7137,90.0,95.05,90.0,86.1999969482422,up,2026-09-11T11:14:25,352.0,323.0
AAPL,2028-01-21,497,Put,270.0,AAPL280121P00270000,13.0,13.7,13.35,13.3,-1.6,-10.7383,10.0,1842.0,0.3052,-0.1804,0.0023,1.0206,-0.0314,-0.8102,13.3408,14.0,14.0,13.3,14.8999996185303,down,2026-09-11T11:09:28,452.0,257.0
AAPL,2028-01-21,497,Call,280.0,AAPL280121C00280000,85.95,87.95,86.95,86.0,6.85,8.65445,6.0,2406.0,0.3039,0.807,0.0024,1.0779,-0.0233,2.4908,86.6463,85.5,87.8,85.42,79.1500015258789,down,2026-09-11T11:56:29,247.0,312.0
AAPL,2028-01-21,497,Put,280.0,AAPL280121P00280000,15.65,16.05,15.850000000000001,15.75,-1.875,-10.6383,33.0,5027.0,0.3017,-0.208,0.0026,1.1075,-0.0339,-0.9184,15.7812,16.05,16.05,15.55,17.625,no_change,2026-09-11T11:47:14,507.0,92.0
AAPL,2028-01-21,497,Call,290.0,AAPL280121C00290000,79.75,81.05,80.4,79.88,6.855,9.38719,49.0,1564.0,0.3019,0.78,0.0026,1.1617,-0.0262,2.4611,79.8792,78.6,80.72,78.0,73.0250015258789,down,2026-09-11T12:23:23,13.0,383.0
AAPL,2028-01-21,497,Put,290.0,AAPL280121P00290000,18.4,19.0,18.7,18.37,-2.33,-11.256,5.0,3724.0,0.2985,-0.2381,0.0028,1.1943,-0.0364,-1.032,18.5566,19.15,19.15,18.37,20.6999998092651,down,2026-09-11T11:09:35,414.0,370.0
AAPL,2028-01-21,497,Call,300.0,AAPL280121C00300000,72.55,73.85,73.19999999999999,73.5,6.775,10.1536,69.0,20823.0,0.2922,0.7513,0.0028,1.2418,-0.0289,2.4167,73.4276,69.6,74.7,69.6,66.7249984741211,no_change,2026-09-11T12:25:16,420.0,100.0
AAPL,2028-01-21,497,Put,300.0,AAPL280121P00300000,21.65,22.35,22.0,21.6,-2.55,-10.559,25.0,2011.0,0.2966,-0.2704,0.0031,1.2704,-0.0387,-1.1492,21.6919,22.2,22.2,21.6,24.1500005722046,down,2026-09-11T11:27:53,203.0,768.0
AAPL,2028-01-21,497,Call,310.0,AAPL280121C00310000,66.65,67.7,67.17500000000001,67.04,6.215,10.2178,28.0,2616.0,0.2899,0.721,0.003,1.3142,-0.0313,2.363,67.3054,67.78,68.95,65.05,60.8250007629394,down,2026-09-11T12:05:34,352.0,43.0
AAPL,2028-01-21,497,Put,310.0,AAPL280121P00310000,25.0,25.75,25.375,25.38,-2.645,-9.438,2.0,4496.0,0.2922,-0.3051,0.0034,1.3418,-0.0409,-1.2626,25.2092,25.38,25.38,25.38,28.0250005722046,down,2026-09-11T10:51:10,314.0,592.0
AAPL,2028-01-21,497,Call,320.0,AAPL280121C00320000,61.15,61.95,61.55,61.05,5.925,10.7483,32.0,3820.0,0.2883,0.6893,0.0032,1.3796,-0.0335,2.2961,61.5213,59.1,62.4,59.1,55.125,down,2026-09-11T12:34:38,448.0,89.0
AAPL,2028-01-21,497,Put,320.0,AAPL280121P00320000,29.0,29.6,29.3,28.75,-3.3,-10.2964,2.0,1666.0,0.2895,-0.3416,0.0036,1.3999,-0.0429,-1.3756,29.1002,29.95,29.95,28.75,32.0500001907349,down,2026-09-11T11:09:35,120.0,423.0
AAPL,2028-01-21,497,Call,330.0,AAPL280121C00330000,55.8,56.5,56.15,56.11,5.81,11.5507,57.0,3273.0,0.2861,0.6566,0.0033,1.435,-0.0354,2.2223,56.0821,52.0,57.42,52.0,50.3000011444092,down,2026-09-11T12:31:30,348.0,46.0
AAPL,2028-01-21,497,Put,330.0,AAPL280121P00330000,32.95,33.8,33.375,33.95,-2.825,-7.68185,2.0,4260.0,0.2855,-0.3798,0.0039,1.4461,-0.0446,-1.4784,33.3958,34.8,34.8,33.95,36.7749996185303,down,2026-09-11T09:57:46,614.0,270.0
AAPL,2028-01-21,497,Call,340.0,AAPL280121C00340000,50.4,51.3,50.849999999999994,51.28,5.805,12.7653,91.0,3396.0,0.2824,0.6232,0.0034,1.4807,-0.0369,2.1377,50.9891,49.0,52.0,49.0,45.4750003814697,up,2026-09-11T11:48:51,570.0,32.0
AAPL,2028-01-21,497,Put,340.0,AAPL280121P00340000,37.8,38.5,38.15,38.23,-3.645,-8.70448,2.0,626.0,0.2836,-0.4195,0.0041,1.4783,-0.0461,-1.5765,38.0989,39.03,39.03,38.23,41.875,down,2026-09-11T10:48:17,251.0,314.0
AAPL,2028-01-21,497,Call,350.0,AAPL280121C00350000,45.95,46.5,46.225,46.36,5.21,12.661,191.0,8431.0,0.2811,0.5893,0.0036,1.5152,-0.0381,2.049,46.2424,42.34,47.3,42.34,41.1499996185303,no_change,2026-09-11T12:32:40,458.0,112.0
AAPL,2028-01-21,497,Put,350.0,AAPL280121P00350000,42.8,43.6,43.2,44.2,-3.25,-6.84932,3.0,558.0,0.281,-0.4607,0.0043,1.4925,-0.0473,-1.6539,43.2346,44.15,44.2,44.15,47.4500007629394,no_change,2026-09-11T10:12:38,485.0,224.0
AAPL,2028-01-21,497,Call,360.0,AAPL280121C00360000,41.5,42.1,41.8,42.8,5.725,15.4417,3.0,3184.0,0.2791,0.5553,0.0036,1.5388,-0.039,1.9523,41.836,40.8,42.8,40.8,37.0750007629394,up,2026-09-11T11:10:58,537.0,66.0
AAPL,2028-01-21,497,Put,360.0,AAPL280121P00360000,48.1,49.1,48.6,48.85,-4.475,-8.39193,6.0,272.0,0.2782,-0.5028,0.0045,1.4935,-0.0483,-1.7233,48.7788,48.8,48.85,48.8,53.3249988555908,up,2026-09-11T11:46:04,278.0,65.0
AAPL,2028-01-21,497,Call,370.0,AAPL280121C00370000,37.4,38.0,37.7,37.9,4.6,13.8138,7.0,1203.0,0.2772,0.5214,0.0037,1.5513,-0.0395,1.8543,37.7646,37.65,38.8,37.65,33.2999992370606,up,2026-09-11T12:35:24,593.0,83.0
AAPL,2028-01-21,497,Put,370.0,AAPL280121P00370000,54.25,55.05,54.65,54.78,-4.47,-7.5443,1.0,365.0,0.277,-0.5457,0.0046,1.4704,-0.0489,-1.7611,54.7476,54.78,54.78,54.78,59.25,down,2026-09-11T10:48:17,162.0,71.0
AAPL,2028-01-21,497,Call,380.0,AAPL280121C00380000,33.75,34.4,34.075,34.36,4.46,14.9164,74.0,4860.0,0.2765,0.488,0.0037,1.5527,-0.0396,1.7517,34.0158,32.01,34.85,32.01,29.9000005722046,no_change,2026-09-11T11:41:07,396.0,463.0
AAPL,2028-01-21,497,Put,380.0,AAPL280121P00380000,60.75,61.4,61.075,66.6,0.0,0.0,0.0,220.0,0.2758,-0.5891,0.0048,1.436,-0.0494,-1.7802,61.1301,0.0,0.0,0.0,65.9749984741211,down,2026-09-10T13:44:04,120.0,74.0
AAPL,2028-01-21,497,Call,390.0,AAPL280121C00390000,30.3,30.8,30.55,30.7,3.95,14.7664,13.0,1415.0,0.2746,0.4552,0.0037,1.544,-0.0395,1.6495,30.5809,29.9,30.7,29.9,26.75,up,2026-09-11T12:09:36,497.0,42.0
AAPL,2028-01-21,497,Put,390.0,AAPL280121P00390000,66.55,68.15,67.35,68.45,-5.275,-7.15497,1.0,110.0,0.2706,-0.6327,0.0049,1.3728,-0.0494,-1.7719,67.922,68.45,68.45,68.45,73.7249984741211,down,2026-09-11T10:35:05,608.0,37.0
AAPL,2028-01-21,497,Call,400.0,AAPL280121C00400000,27.05,27.7,27.375,27.42,3.545,14.8482,188.0,4272.0,0.2732,0.4234,0.0037,1.5256,-0.0391,1.5467,27.4421,24.7,28.4,24.7,23.875,down,2026-09-11T12:36:17,586.0,58.0
AAPL,2028-01-21,497,Put,400.0,AAPL280121P00400000,73.55,76.7,75.125,76.76,-4.565,-5.61328,2.0,178.0,0.2737,-0.6766,0.005,1.2959,-0.0495,-1.7147,75.1178,76.7,76.76,76.7,81.3250007629394,up,2026-09-11T10:18:46,595.0,547.0
AAPL,2028-01-21,497,Call,410.0,AAPL280121C00410000,24.35,24.8,24.575000000000003,24.65,3.3,15.4567,14.0,836.0,0.2725,0.3927,0.0036,1.4983,-0.0385,1.4448,24.5884,24.0,24.9,24.0,21.3500003814697,down,2026-09-11T12:09:36,419.0,34.0
AAPL,2028-01-21,497,Put,410.0,AAPL280121P00410000,81.75,83.9,82.825,98.29,0.0,0.0,0.0,5.0,0.2736,-0.7202,0.0051,1.2025,-0.0493,-1.6386,82.6998,0.0,0.0,0.0,89.2249984741211,up,2026-08-19T13:31:41,223.0,387.0
AAPL,2028-01-21,497,Call,420.0,AAPL280121C00420000,21.8,22.35,22.075000000000003,22.11,3.085,16.2155,35.0,2786.0,0.2722,0.3632,0.0035,1.464,-0.0376,1.3465,21.9995,21.2,22.55,21.2,19.0249996185303,down,2026-09-11T12:40:41,333.0,280.0
AAPL,2028-01-21,497,Put,420.0,AAPL280121P00420000,89.35,92.05,90.69999999999999,100.12,0.0,0.0,0.0,4.0,0.272,-0.7636,0.0052,1.088,-0.0492,-1.4938,90.6669,0.0,0.0,0.0,97.8500022888184,up,2026-09-10T11:01:37,407.0,446.0
AAPL,2028-01-21,497,Call,430.0,AAPL280121C00430000,19.4,20.0,19.7,20.2,3.275,19.3501,3.0,395.0,0.2712,0.3351,0.0034,1.422,-0.0366,1.2489,19.6613,19.1,20.2,19.1,16.9250001907349,up,2026-09-11T11:09:19,513.0,196.0
AAPL,2028-01-21,497,Put,430.0,AAPL280121P00430000,97.6,99.65,98.625,115.35,0.0,0.0,0.0,2.0,0.2667,-0.8071,0.0053,0.9575,-0.0492,-1.3745,99.0081,0.0,0.0,0.0,106.525001525879,up,2026-08-31T11:34:40,368.0,68.0
AAPL,2028-01-21,497,Call,440.0,AAPL280121C00440000,17.35,17.9,17.625,17.4,2.325,15.4229,32.0,1373.0,0.2708,0.3085,0.0033,1.3759,-0.0353,1.1576,17.5548,16.94,17.65,16.94,15.0749998092651,no_change,2026-09-11T10:31:17,386.0,286.0
AAPL,2028-01-21,497,Put,440.0,AAPL280121P00440000,106.2,109.2,107.7,138.11,0.0,0.0,0.0,0.0,0.2702,-0.8509,0.0055,0.7943,-0.0497,-1.1758,107.7062,0.0,0.0,0.0,115.25,up,2026-07-31T09:36:00,373.0,415.0
AAPL,2028-01-21,497,Call,450.0,AAPL280121C00450000,15.4,16.0,15.7,16.2,2.75,20.4461,43.0,7661.0,0.2702,0.2833,0.0032,1.3241,-0.034,1.0677,15.6524,14.8,16.2,14.8,13.4499998092651,up,2026-09-11T11:07:46,553.0,332.0
AAPL,2028-01-21,497,Put,450.0,AAPL280121P00450000,115.25,118.2,116.725,146.4,0.0,0.0,0.0,0.0,0.2692,-0.8907,0.0053,0.6042,-0.0472,-0.8896,116.7561,0.0,0.0,0.0,124.949996948242,up,2026-07-31T15:05:42,299.0,327.0
AAPL,2028-01-21,497,Call,460.0,AAPL280121C00460000,13.65,14.35,14.0,13.0,1.075,9.01467,1.0,622.0,0.2697,0.2599,0.0031,1.2696,-0.0326,0.984,13.9585,13.0,13.0,13.0,11.9250001907349,up,2026-09-11T09:33:32,562.0,260.0
AAPL,2028-01-21,497,Put,460.0,AAPL280121P00460000,124.65,127.7,126.17500000000001,126.05,-8.6,-6.38692,20.0,0.0,0.2704,-0.9289,0.0048,0.4002,-0.0492,-0.4935,126.145,126.05,126.05,126.05,134.649993896484,no_change,2026-09-11T10:48:41,216.0,202.0
AAPL,2028-01-21,497,Call,470.0,AAPL280121C00470000,12.15,12.85,12.5,12.95,2.375,22.4586,1.0,460.0,0.2696,0.2379,0.0029,1.2136,-0.0311,0.9054,12.4427,12.95,12.95,12.95,10.5749998092651,up,2026-09-11T11:12:52,535.0,298.0
AAPL,2028-01-21,497,Put,470.0,AAPL280121P00470000,134.35,137.25,135.8,139.6,0.0,0.0,0.0,0.0,0.2697,-0.9584,0.0038,0.2696,-0.0479,-0.3597,135.7877,0.0,0.0,0.0,144.575004577637,up,2026-07-16T10:38:22,145.0,143.0
AAPL,2028-01-21,497,Call,480.0,AAPL280121C00480000,10.85,11.45,11.149999999999999,9.8,0.4,4.25532,2.0,215.0,0.2695,0.2176,0.0028,1.1549,-0.0296,0.8302,11.0911,9.8,9.8,9.8,9.40000009536743,up,2026-09-11T09:30:01,508.0,351.0
AAPL,2028-01-21,497,Put,480.0,AAPL280121P00480000,144.1,147.2,145.64999999999998,0.0,0.0,0.0,0.0,0.0,0.0,-0.9796,0.0021,0.0481,-0.0405,0.0,145.695,0.0,0.0,0.0,154.349998474121,no_change,,168.0,120.0
AAPL,2028-01-21,497,Call,490.0,AAPL280121C00490000,9.6,10.2,9.899999999999999,9.5,1.125,13.4328,1.0,293.0,0.269,0.1989,0.0026,1.0972,-0.0281,0.7624,9.895,9.5,9.5,9.5,8.375,up,2026-09-11T09:47:09,530.0,238.0
AAPL,2028-01-21,497,Put,490.0,AAPL280121P00490000,154.1,157.7,155.89999999999998,0.0,0.0,0.0,0.0,0.0,0.2976,-0.9915,0.0009,0.0,-0.0405,0.0,155.695,0.0,0.0,0.0,164.349998474121,no_change,,104.0,104.0
AAPL,2028-01-21,497,Call,500.0,AAPL280121C00500000,8.65,9.05,8.850000000000001,8.82,1.32,17.6,105.0,5068.0,0.2692,0.1815,0.0025,1.0392,-0.0266,0.6979,8.8223,7.65,9.06,7.65,7.5,down,2026-09-11T12:01:07,478.0,367.0
AAPL,2028-01-21,497,Put,500.0,AAPL280121P00500000,164.1,167.2,165.64999999999998,230.95,0.0,0.0,0.0,0.0,0.0,-0.9994,0.0001,0.0,-0.0405,0.0,165.695,0.0,0.0,0.0,174.349998474121,down,2025-10-28T12:04:08,106.0,92.0
AAPL,2028-01-21,497,Call,510.0,AAPL280121C00510000,7.65,8.2,7.925,7.9,1.2,17.9105,40.0,1277.0,0.2696,0.1656,0.0024,0.9809,-0.0251,0.6378,7.87,7.9,7.9,7.9,6.69999980926514,up,2026-09-11T10:40:53,392.0,363.0
AAPL,2028-01-21,497,Put,510.0,AAPL280121P00510000,174.3,177.2,175.75,0.0,0.0,0.0,0.0,0.0,0.3133,-1.0,0.0,0.0,-0.0405,0.0,175.695,0.0,0.0,0.0,184.349998474121,no_change,,13.0,98.0
AAPL,2028-01-21,497,Call,520.0,AAPL280121C00520000,6.8,7.3,7.05,6.85,0.9,15.126,36.0,577.0,0.2696,0.1509,0.0022,0.925,-0.0237,0.5837,7.0241,6.5,6.85,6.5,5.95000004768372,no_change,2026-09-11T09:51:39,484.0,459.0
AAPL,2028-01-21,497,Put,520.0,AAPL280121P00520000,184.1,187.2,185.64999999999998,0.0,0.0,0.0,0.0,0.0,0.0,-1.0,0.0,0.0,-0.0405,0.0,185.695,0.0,0.0,0.0,194.349998474121,no_change,,103.0,12.0
AAPL,2028-01-21,497,Call,530.0,AAPL280121C00530000,6.15,6.4,6.275,6.2,0.875,16.4319,4.0,2819.0,0.2696,0.1376,0.0021,0.8705,-0.0222,0.5329,6.2728,6.3,6.3,6.2,5.32500004768372,down,2026-09-11T12:24:52,325.0,67.0
AAPL,2028-01-21,497,Put,530.0,AAPL280121P00530000,194.1,197.2,195.64999999999998,253.67,0.0,0.0,0.0,0.0,0.0,-1.0,0.0,0.0,-0.0405,0.0,195.695,0.0,0.0,0.0,204.349998474121,up,2025-11-25T09:30:10,92.0,13.0
AAPL,2028-01-21,497,Call,540.0,AAPL280121C00540000,5.4,5.9,5.65,4.05,0.0,0.0,0.0,172.0,0.2704,0.1253,0.002,0.8171,-0.0209,0.4861,5.6071,0.0,0.0,0.0,4.72499990463257,down,2026-09-04T13:09:11,344.0,305.0
AAPL,2028-01-21,497,Put,540.0,AAPL280121P00540000,204.1,207.2,205.64999999999998,0.0,0.0,0.0,0.0,0.0,0.0,-1.0,0.0,0.0,-0.0405,0.0,205.695,0.0,0.0,0.0,214.450004577637,no_change,,13.0,13.0
AAPL,2028-01-21,497,Call,550.0,AAPL280121C00550000,4.9,5.25,5.075,5.0,0.75,17.6471,8.0,374.0,0.2711,0.1142,0.0018,0.7668,-0.0196,0.4443,5.0164,4.86,5.25,4.86,4.25,down,2026-09-11T12:27:17,373.0,414.0
AAPL,2028-01-21,497,Put,550.0,AAPL280121P00550000,214.1,217.2,215.64999999999998,0.0,0.0,0.0,0.0,0.0,0.0,-1.0,0.0,0.0,-0.0405,0.0,215.695,0.0,0.0,0.0,224.450004577637,no_change,,13.0,13.0
AAPL,2028-01-21,497,Call,560.0,AAPL280121C00560000,4.3,4.7,4.5,3.4,0.0,0.0,0.0,104.0,0.2709,0.1041,0.0017,0.7189,-0.0184,0.4056,4.492,0.0,0.0,0.0,3.79999995231628,up,2026-09-10T11:52:09,455.0,240.0
AAPL,2028-01-21,497,Put,560.0,AAPL280121P00560000,224.1,227.2,225.64999999999998,0.0,0.0,0.0,0.0,0.0,0.0,-1.0,0.0,0.0,-0.0405,0.0,225.695,0.0,0.0,0.0,234.450004577637,no_change,,13.0,13.0
AAPL,2028-01-21,497,Call,570.0,AAPL280121C00570000,3.9,4.35,4.125,2.7,0.0,0.0,0.0,35.0,0.2728,0.0948,0.0016,0.6724,-0.0172,0.3697,4.0272,0.0,0.0,0.0,3.39999997615814,down,2026-09-09T13:05:42,294.0,474.0
AAPL,2028-01-21,497,Put,570.0,AAPL280121P00570000,234.1,237.45,235.77499999999998,0.0,0.0,0.0,0.0,0.0,0.3754,-1.0,0.0,0.0,-0.0405,0.0,235.695,0.0,0.0,0.0,244.450004577637,no_change,,13.0,13.0
AAPL,2028-01-21,497,Call,580.0,AAPL280121C00580000,3.45,3.75,3.6,3.6,0.54,17.6471,8.0,23.0,0.2716,0.0865,0.0015,0.6288,-0.0161,0.3378,3.6149,3.55,3.6,3.55,3.05999994277954,no_change,2026-09-11T09:58:02,474.0,125.0
AAPL,2028-01-21,497,Put,580.0,AAPL280121P00580000,244.1,247.45,245.77499999999998,0.0,0.0,0.0,0.0,0.0,0.3848,-1.0,0.0,0.0,-0.0405,0.0,245.695,0.0,0.0,0.0,254.575004577637,no_change,,13.0,13.0
AAPL,2028-01-21,497,Call,590.0,AAPL280121C00590000,3.15,3.4,3.275,3.25,0.515,18.83,32.0,383.0,0.273,0.0789,0.0014,0.5884,-0.015,0.3089,3.2493,3.3,3.4,3.25,2.73500001430511,down,2026-09-11T12:00:13,418.0,310.0
AAPL,2028-01-21,497,Put,590.0,AAPL280121P00590000,254.1,257.45,255.77499999999998,250.37,0.0,0.0,0.0,5.0,0.394,-1.0,0.0,0.0,-0.0405,0.0,255.695,0.0,0.0,0.0,264.574996948242,down,2026-07-28T14:00:38,11.0,11.0
AAPL,2028-01-21,497,Call,600.0,AAPL280121C00600000,2.8,3.05,2.925,3.05,0.525,20.7921,91.0,1439.0,0.2732,0.072,0.0013,0.5498,-0.014,0.2819,2.9237,2.55,3.11,2.55,2.52499997615814,down,2026-09-11T11:13:18,476.0,154.0
AAPL,2028-01-21,497,Put,600.0,AAPL280121P00600000,264.1,267.45,265.775,264.41,0.0,0.0,0.0,0.0,0.403,-1.0,0.0,0.0,-0.0405,0.0,265.695,0.0,0.0,0.0,274.550003051758,up,2026-07-27T09:42:03,13.0,13.0
AAPL,2028-03-17,553,Call,100.0,AAPL280317C00100000,238.5,243.0,240.75,225.31,0.0,0.0,0.0,350.0,0.4242,0.9959,0.0001,0.0718,0.0,1.3804,240.9748,0.0,0.0,0.0,232.199996948242,up,2026-09-10T10:00:56,109.0,24.0
AAPL,2028-03-17,553,Put,100.0,AAPL280317P00100000,0.28,0.6,0.44,0.34,0.02,6.25,3.0,562.0,0.4666,-0.0061,0.0001,0.0728,-0.0028,-0.0348,0.4339,0.34,0.34,0.34,0.319999992847443,down,2026-09-11T11:00:30,39.0,723.0
AAPL,2028-03-17,553,Call,105.0,AAPL280317C00105000,234.0,238.5,236.25,217.55,0.0,0.0,0.0,23.0,0.4358,0.9951,0.0001,0.0806,0.0,1.4457,236.3896,0.0,0.0,0.0,227.425003051758,down,2026-09-08T12:37:09,88.0,10.0
AAPL,2028-03-17,553,Put,105.0,AAPL280317P00105000,0.16,0.72,0.44,0.45,0.0,0.0,0.0,123.0,0.4495,-0.007,0.0001,0.0819,-0.0031,-0.0396,0.49,0.0,0.0,0.0,0.429999992251396,no_change,2026-08-28T14:05:25,574.0,573.0
AAPL,2028-03-17,553,Call,110.0,AAPL280317C00110000,229.05,234.0,231.525,204.05,0.0,0.0,0.0,42.0,0.4053,0.9942,0.0001,0.0902,0.0,1.5103,231.8109,0.0,0.0,0.0,222.599998474121,down,2026-08-10T13:43:06,84.0,10.0
AAPL,2028-03-17,553,Put,110.0,AAPL280317P00110000,0.27,0.69,0.48,0.48,0.0,0.0,0.0,18.0,0.4384,-0.0079,0.0001,0.0916,-0.0034,-0.045,0.5527,0.0,0.0,0.0,0.420000001788139,up,2026-09-10T10:16:16,527.0,683.0
AAPL,2028-03-17,553,Call,115.0,AAPL280317C00115000,224.5,229.5,227.0,198.5,0.0,0.0,0.0,17.0,0.4095,0.9931,0.0001,0.1006,0.0,1.5743,227.2392,0.0,0.0,0.0,218.0,no_change,2026-08-10T12:22:32,89.0,10.0
AAPL,2028-03-17,553,Put,115.0,AAPL280317P00115000,0.4,0.79,0.595,0.82,0.0,0.0,0.0,431.0,0.4357,-0.009,0.0001,0.1022,-0.0038,-0.0508,0.6227,0.0,0.0,0.0,0.689999997615814,no_change,2026-08-20T14:59:42,306.0,459.0
AAPL,2028-03-17,553,Call,120.0,AAPL280317C00120000,220.5,225.0,222.75,203.75,0.0,0.0,0.0,35.0,0.4373,0.992,0.0001,0.112,0.0,1.6377,222.6755,0.0,0.0,0.0,213.599998474121,down,2026-09-08T12:22:29,90.0,10.0
AAPL,2028-03-17,553,Put,120.0,AAPL280317P00120000,0.65,0.87,0.76,0.9,0.0,0.0,0.0,130.0,0.4358,-0.0102,0.0001,0.1137,-0.0042,-0.0572,0.7008,0.0,0.0,0.0,0.694999992847443,down,2026-08-05T15:52:20,1.0,475.0
AAPL,2028-03-17,553,Call,125.0,AAPL280317C00125000,215.5,220.5,218.0,199.05,0.0,0.0,0.0,20.0,0.4122,0.9907,0.0002,0.1244,0.0,1.7003,218.1203,0.0,0.0,0.0,209.0,down,2026-09-08T12:27:29,88.0,8.0
AAPL,2028-03-17,553,Put,125.0,AAPL280317P00125000,0.66,0.96,0.81,0.8,0.0,0.0,0.0,17.0,0.4247,-0.0115,0.0002,0.1267,-0.0045,-0.0645,0.7876,0.0,0.0,0.0,0.869999974966049,down,2026-09-09T12:23:20,15.0,319.0
AAPL,2028-03-17,553,Call,130.0,AAPL280317C00130000,211.0,216.0,213.5,190.95,0.0,0.0,0.0,75.0,0.4098,0.9892,0.0002,0.1381,0.0,1.7619,213.5749,0.0,0.0,0.0,204.5,up,2026-09-09T13:42:02,112.0,7.0
AAPL,2028-03-17,553,Put,130.0,AAPL280317P00130000,0.75,1.07,0.91,1.07,0.0,0.0,0.0,120.0,0.4175,-0.013,0.0002,0.1406,-0.005,-0.0729,0.8848,0.0,0.0,0.0,0.974999994039536,down,2026-08-24T14:00:37,44.0,398.0
AAPL,2028-03-17,553,Call,135.0,AAPL280317C00135000,206.5,211.25,208.875,189.95,0.0,0.0,0.0,191.0,0.3968,0.9877,0.0002,0.1528,0.0,1.8225,209.0403,0.0,0.0,0.0,200.0,up,2026-09-08T12:11:40,112.0,10.0
AAPL,2028-03-17,553,Put,135.0,AAPL280317P00135000,0.71,1.16,0.9349999999999999,1.21,0.0,0.0,0.0,127.0,0.4048,-0.0146,0.0002,0.1556,-0.0054,-0.0816,0.9932,0.0,0.0,0.0,1.04499998688698,up,2026-08-28T09:55:12,381.0,312.0
AAPL,2028-03-17,553,Call,140.0,AAPL280317C00140000,202.3,206.5,204.4,199.24,0.0,0.0,0.0,51.0,0.3948,0.9859,0.0002,0.1686,0.0,1.8823,204.5175,0.0,0.0,0.0,195.5,no_change,2026-09-03T11:08:27,90.0,8.0
AAPL,2028-03-17,553,Put,140.0,AAPL280317P00140000,1.04,1.37,1.205,1.14,0.0,0.0,0.0,239.0,0.4077,-0.0164,0.0002,0.1715,-0.0059,-0.0913,1.1137,0.0,0.0,0.0,1.20500004291534,down,2026-09-04T14:56:52,1.0,375.0
AAPL,2028-03-17,553,Call,145.0,AAPL280317C00145000,197.5,202.5,200.0,181.05,0.0,0.0,0.0,127.0,0.3956,0.984,0.0003,0.1857,0.0,1.941,200.0077,0.0,0.0,0.0,191.0,no_change,2026-09-08T12:26:33,94.0,91.0
AAPL,2028-03-17,553,Put,145.0,AAPL280317P00145000,1.01,1.47,1.24,1.74,0.0,0.0,0.0,45.0,0.3956,-0.0184,0.0003,0.1895,-0.0064,-0.1022,1.2474,0.0,0.0,0.0,1.2849999666214,down,2026-08-13T14:54:44,302.0,326.0
AAPL,2028-03-17,553,Call,150.0,AAPL280317C00150000,193.0,198.0,195.5,187.25,0.0,0.0,0.0,244.0,0.3896,0.9818,0.0003,0.2044,0.0,1.9983,195.512,0.0,0.0,0.0,187.0,up,2026-09-10T15:58:55,93.0,87.0
AAPL,2028-03-17,553,Put,150.0,AAPL280317P00150000,1.21,1.56,1.385,1.64,0.0,0.0,0.0,706.0,0.3896,-0.0206,0.0003,0.2088,-0.007,-0.1144,1.3957,0.0,0.0,0.0,1.51500004529953,no_change,2026-09-10T10:07:43,440.0,317.0
AAPL,2028-03-17,553,Call,155.0,AAPL280317C00155000,189.15,193.05,191.10000000000002,172.2,0.0,0.0,0.0,26.0,0.3877,0.9795,0.0003,0.2245,0.0,2.0542,191.0321,0.0,0.0,0.0,182.5,up,2026-09-08T12:23:08,152.0,18.0
AAPL,2028-03-17,553,Put,155.0,AAPL280317P00155000,1.29,1.75,1.52,2.1,0.0,0.0,0.0,134.0,0.3827,-0.023,0.0004,0.2292,-0.0075,-0.1276,1.5607,0.0,0.0,0.0,1.81499993801117,down,2026-08-21T11:06:15,297.0,143.0
AAPL,2028-03-17,553,Call,160.0,AAPL280317C00160000,184.65,189.0,186.825,178.5,0.0,0.0,0.0,175.0,0.3896,0.9769,0.0004,0.2457,0.0,2.1088,186.5695,0.0,0.0,0.0,177.925003051758,up,2026-09-10T15:58:31,220.0,129.0
AAPL,2028-03-17,553,Put,160.0,AAPL280317P00160000,1.6,2.08,1.84,1.88,0.0,0.0,0.0,131.0,0.3831,-0.0257,0.0004,0.2506,-0.0082,-0.142,1.7447,0.0,0.0,0.0,1.97499996423721,up,2026-09-04T15:53:33,60.0,373.0
AAPL,2028-03-17,553,Call,165.0,AAPL280317C00165000,180.0,184.2,182.1,154.68,0.0,0.0,0.0,379.0,0.3731,0.9741,0.0004,0.2684,0.0,2.1621,182.1253,0.0,0.0,0.0,173.349998474121,down,2026-08-10T12:30:50,283.0,28.0
AAPL,2028-03-17,553,Put,165.0,AAPL280317P00165000,1.79,2.21,2.0,2.33,0.0,0.0,0.0,599.0,0.3761,-0.0287,0.0004,0.2743,-0.0088,-0.1575,1.9462,0.0,0.0,0.0,2.125,no_change,2026-09-10T10:07:43,57.0,367.0
AAPL,2028-03-17,553,Call,170.0,AAPL280317C00170000,176.15,179.7,177.925,171.3,0.0,0.0,0.0,25.0,0.3769,0.971,0.0005,0.2929,0.0,2.2136,177.7013,0.0,0.0,0.0,169.0,no_change,2026-09-03T13:03:24,127.0,28.0
AAPL,2028-03-17,553,Put,170.0,AAPL280317P00170000,1.96,2.49,2.225,2.76,0.0,0.0,0.0,203.0,0.3711,-0.0319,0.0005,0.3001,-0.0095,-0.1751,2.1696,0.0,0.0,0.0,2.41999995708466,down,2026-08-27T12:42:33,329.0,390.0
AAPL,2028-03-17,553,Call,175.0,AAPL280317C00175000,171.75,175.5,173.625,155.55,0.0,0.0,0.0,94.0,0.3748,0.9676,0.0005,0.319,0.0,2.263,173.2995,0.0,0.0,0.0,164.5,up,2026-09-08T09:35:52,170.0,126.0
AAPL,2028-03-17,553,Put,175.0,AAPL280317P00175000,2.17,2.67,2.42,2.46,-0.31,-11.1913,5.0,888.0,0.3647,-0.0354,0.0005,0.3268,-0.0103,-0.1942,2.4167,2.46,2.46,2.46,2.76999998092651,down,2026-09-11T09:50:40,357.0,325.0
AAPL,2028-03-17,553,Call,180.0,AAPL280317C00180000,167.5,171.0,169.25,142.3,0.0,0.0,0.0,41.0,0.3696,0.9639,0.0006,0.3464,0.0,2.3108,168.9218,0.0,0.0,0.0,160.300003051758,up,2026-08-10T13:45:52,130.0,83.0
AAPL,2028-03-17,553,Put,180.0,AAPL280317P00180000,2.43,3.05,2.74,3.3,0.0,0.0,0.0,224.0,0.3616,-0.0393,0.0006,0.3543,-0.0111,-0.2143,2.6889,0.0,0.0,0.0,3.05499994754791,up,2026-09-09T13:07:37,256.0,390.0
AAPL,2028-03-17,553,Call,185.0,AAPL280317C00185000,163.0,166.5,164.75,144.2,0.0,0.0,0.0,8.0,0.3608,0.9599,0.0006,0.3752,0.0,2.3568,164.5696,0.0,0.0,0.0,156.0,up,2026-08-20T15:30:34,131.0,19.0
AAPL,2028-03-17,553,Put,185.0,AAPL280317P00185000,2.71,3.3,3.005,4.2,0.0,0.0,0.0,121.0,0.3563,-0.0435,0.0006,0.3844,-0.0119,-0.2363,2.9873,0.0,0.0,0.0,3.34999990463257,down,2026-08-11T09:57:12,32.0,170.0
AAPL,2028-03-17,553,Call,190.0,AAPL280317C00190000,158.5,161.85,160.175,143.1,0.0,0.0,0.0,334.0,0.35,0.9556,0.0007,0.406,0.0,2.4005,160.245,0.0,0.0,0.0,151.150001525879,down,2026-09-08T09:55:51,192.0,50.0
AAPL,2028-03-17,553,Put,190.0,AAPL280317P00190000,3.15,4.4,3.7750000000000004,3.49,0.0,0.0,0.0,256.0,0.3628,-0.048,0.0007,0.417,-0.0127,-0.2605,3.3149,0.0,0.0,0.0,3.70000004768372,down,2026-09-02T11:29:39,114.0,716.0
AAPL,2028-03-17,553,Call,195.0,AAPL280317C00195000,154.65,158.0,156.325,137.75,0.0,0.0,0.0,58.0,0.3565,0.9509,0.0007,0.4384,0.0,2.4417,155.9504,0.0,0.0,0.0,147.25,up,2026-09-09T09:49:46,125.0,138.0
AAPL,2028-03-17,553,Put,195.0,AAPL280317P00195000,2.91,4.0,3.455,3.88,0.0,0.0,0.0,315.0,0.3428,-0.053,0.0008,0.4504,-0.0136,-0.2867,3.6752,0.0,0.0,0.0,4.07500004768372,down,2026-09-04T10:05:44,748.0,230.0
AAPL,2028-03-17,553,Call,200.0,AAPL280317C00200000,150.3,153.5,151.9,152.76,9.86,6.89993,1.0,196.0,0.3488,0.9458,0.0008,0.472,0.0,2.4806,151.6882,152.76,152.76,152.76,142.900001525879,up,2026-09-11T11:31:31,276.0,80.0
AAPL,2028-03-17,553,Put,200.0,AAPL280317P00200000,3.85,4.35,4.1,4.2,-0.2,-4.54545,15.0,2198.0,0.3448,-0.0584,0.0008,0.4842,-0.0146,-0.314,4.0696,4.2,4.2,4.2,4.39999985694885,down,2026-09-11T09:50:39,255.0,213.0
AAPL,2028-03-17,553,Call,210.0,AAPL280317C00210000,141.55,145.5,143.525,142.0,7.6,5.65476,1.0,126.0,0.342,0.9345,0.0009,0.5436,-0.0025,2.5517,143.2682,142.0,142.0,142.0,134.400001525879,up,2026-09-11T10:23:00,398.0,412.0
AAPL,2028-03-17,553,Put,210.0,AAPL280317P00210000,4.7,5.3,5.0,6.15,0.0,0.0,0.0,1215.0,0.3378,-0.0703,0.001,0.5598,-0.0166,-0.3754,4.9674,0.0,0.0,0.0,5.625,no_change,2026-09-09T11:51:31,347.0,367.0
AAPL,2028-03-17,553,Call,220.0,AAPL280317C00220000,133.7,137.0,135.35,120.8,0.0,0.0,0.0,201.0,0.3365,0.9215,0.0011,0.6212,-0.0053,2.6109,135.0047,0.0,0.0,0.0,126.375,down,2026-09-10T10:26:11,356.0,320.0
AAPL,2028-03-17,553,Put,220.0,AAPL280317P00220000,5.65,6.4,6.025,6.13,-0.595,-8.84758,1.0,598.0,0.3307,-0.0842,0.0012,0.6386,-0.0187,-0.4456,6.0353,6.13,6.13,6.13,6.72499990463257,down,2026-09-11T10:51:33,473.0,390.0
AAPL,2028-03-17,553,Call,230.0,AAPL280317C00230000,125.45,129.0,127.225,117.25,0.0,0.0,0.0,574.0,0.3294,0.9068,0.0013,0.7028,-0.0082,2.6596,126.9167,0.0,0.0,0.0,118.474998474121,up,2026-09-10T13:22:33,425.0,349.0
AAPL,2028-03-17,553,Put,230.0,AAPL280317P00230000,6.9,7.55,7.225,7.38,-0.67,-8.32298,3.0,805.0,0.3241,-0.1,0.0014,0.7251,-0.0209,-0.5242,7.2881,7.38,7.38,7.38,8.0499997138977,down,2026-09-11T09:45:34,375.0,294.0
AAPL,2028-03-17,553,Call,240.0,AAPL280317C00240000,117.25,120.2,118.725,119.41,8.91,8.06335,2.0,481.0,0.3157,0.8902,0.0014,0.7889,-0.0111,2.6947,119.0253,118.91,119.41,118.91,110.5,up,2026-09-11T10:43:10,523.0,277.0
AAPL,2028-03-17,553,Put,240.0,AAPL280317P00240000,7.55,9.15,8.35,10.15,0.0,0.0,0.0,599.0,0.3144,-0.1179,0.0016,0.8124,-0.0232,-0.6122,8.7575,0.0,0.0,0.0,9.80000019073486,down,2026-09-10T09:31:33,850.0,391.0
AAPL,2028-03-17,553,Call,250.0,AAPL280317C00250000,109.5,112.45,110.975,110.97,7.67,7.42498,9.0,631.0,0.3103,0.8717,0.0016,0.8768,-0.014,2.7183,111.35,109.0,112.25,109.0,103.299999237061,down,2026-09-11T12:26:20,474.0,257.0
AAPL,2028-03-17,553,Put,250.0,AAPL280317P00250000,10.2,10.85,10.524999999999999,10.5,-1.2,-10.2564,4.0,698.0,0.3155,-0.1379,0.0018,0.9053,-0.0256,-0.7073,10.453,10.58,10.58,10.5,11.6999998092651,down,2026-09-11T10:53:27,351.0,426.0
AAPL,2028-03-17,553,Call,260.0,AAPL280317C00260000,102.8,105.1,103.94999999999999,105.0,8.4,8.69565,4.0,760.0,0.3106,0.8513,0.0018,0.9669,-0.0169,2.7271,103.9119,99.14,105.0,99.14,96.6000022888184,up,2026-09-11T11:03:35,346.0,351.0
AAPL,2028-03-17,553,Put,260.0,AAPL280317P00260000,10.05,12.9,11.475000000000001,12.43,-1.42,-10.2527,9.0,639.0,0.3004,-0.1603,0.002,0.9962,-0.028,-0.8124,12.423,13.42,13.42,12.43,13.8499999046326,down,2026-09-11T10:51:33,926.0,415.0
AAPL,2028-03-17,553,Call,270.0,AAPL280317C00270000,95.8,97.5,96.65,97.23,8.33,9.37008,3.0,719.0,0.3053,0.829,0.002,1.0558,-0.0198,2.7243,96.7291,96.1,97.23,95.0,88.9000015258789,up,2026-09-11T10:53:48,369.0,221.0
AAPL,2028-03-17,553,Put,270.0,AAPL280317P00270000,13.5,15.05,14.275,17.4,0.0,0.0,0.0,539.0,0.3024,-0.1848,0.0022,1.0896,-0.0304,-0.9222,14.6642,0.0,0.0,0.0,16.3249998092651,up,2026-09-08T09:30:00,808.0,281.0
AAPL,2028-03-17,553,Call,280.0,AAPL280317C00280000,88.7,90.65,89.67500000000001,80.0,0.0,0.0,0.0,1304.0,0.301,0.805,0.0022,1.1439,-0.0225,2.7062,89.8203,0.0,0.0,0.0,82.0250015258789,up,2026-09-10T12:36:20,328.0,140.0
AAPL,2028-03-17,553,Put,280.0,AAPL280317P00280000,16.7,17.85,17.275,21.05,0.0,0.0,0.0,644.0,0.3027,-0.2117,0.0025,1.1773,-0.0328,-1.0402,17.2183,0.0,0.0,0.0,19.5,up,2026-09-08T14:43:08,336.0,563.0
AAPL,2028-03-17,553,Call,290.0,AAPL280317C00290000,82.3,84.15,83.225,83.84,7.865,10.3521,3.0,726.0,0.299,0.7793,0.0024,1.2276,-0.0252,2.6774,83.1999,81.0,83.84,81.0,75.9749984741211,up,2026-09-11T10:56:15,335.0,323.0
AAPL,2028-03-17,553,Put,290.0,AAPL280317P00290000,19.65,20.5,20.075,20.61,-2.215,-9.70427,20.0,660.0,0.2987,-0.2406,0.0027,1.2629,-0.0351,-1.1582,20.0893,20.61,20.61,20.61,22.8249998092651,down,2026-09-11T10:09:45,355.0,428.0
AAPL,2028-03-17,553,Call,300.0,AAPL280317C00300000,76.05,78.1,77.07499999999999,76.5,6.5,9.28571,10.0,2359.0,0.2972,0.752,0.0026,1.3074,-0.0276,2.6338,76.8818,74.92,77.62,74.92,70.0,down,2026-09-11T11:56:24,343.0,375.0
AAPL,2028-03-17,553,Put,300.0,AAPL280317P00300000,22.8,24.05,23.425,24.61,-1.065,-4.148,10.0,1371.0,0.2966,-0.2717,0.003,1.3403,-0.0373,-1.282,23.3134,24.74,24.74,24.61,25.6749992370605,down,2026-09-11T09:32:11,372.0,668.0
AAPL,2028-03-17,553,Call,310.0,AAPL280317C00310000,69.45,71.9,70.67500000000001,70.47,6.295,9.80912,24.0,2068.0,0.2914,0.7234,0.0028,1.3799,-0.0298,2.5813,70.8757,69.7,72.05,68.56,64.1749992370606,down,2026-09-11T12:05:23,430.0,347.0
AAPL,2028-03-17,553,Put,310.0,AAPL280317P00310000,26.5,27.75,27.125,27.4,-2.55,-8.51419,5.0,244.0,0.2946,-0.3047,0.0032,1.409,-0.0394,-1.4002,26.8875,28.2,28.2,27.4,29.9500007629394,down,2026-09-11T10:22:36,371.0,773.0
AAPL,2028-03-17,553,Call,320.0,AAPL280317C00320000,63.65,66.4,65.025,65.12,6.27,10.6542,6.0,823.0,0.2892,0.6938,0.003,1.4457,-0.0318,2.5155,65.1882,59.57,65.12,59.57,58.8500003814697,up,2026-09-11T11:54:53,758.0,376.0
AAPL,2028-03-17,553,Put,320.0,AAPL280317P00320000,30.3,31.6,30.950000000000003,31.65,-2.475,-7.25275,1.0,249.0,0.291,-0.3395,0.0034,1.4688,-0.0412,-1.5201,30.8441,31.65,31.65,31.65,34.125,down,2026-09-11T10:21:45,412.0,714.0
AAPL,2028-03-17,553,Call,330.0,AAPL280317C00330000,59.45,60.2,59.825,59.9,5.975,11.0802,11.0,637.0,0.288,0.6632,0.0031,1.5021,-0.0335,2.4431,59.8239,59.43,60.74,59.43,53.9249992370606,up,2026-09-11T12:37:07,130.0,84.0
AAPL,2028-03-17,553,Put,330.0,AAPL280317P00330000,34.4,35.7,35.05,35.45,-3.175,-8.22007,8.0,103.0,0.2872,-0.3758,0.0037,1.5148,-0.0429,-1.6269,35.1728,35.43,35.45,35.43,38.625,up,2026-09-11T10:27:16,601.0,436.0
AAPL,2028-03-17,553,Call,340.0,AAPL280317C00340000,53.7,55.5,54.6,54.8,5.6,11.3821,17.0,1061.0,0.2847,0.632,0.0032,1.5496,-0.035,2.3599,54.7819,53.3,55.95,53.3,49.2000007629394,up,2026-09-11T12:38:23,654.0,261.0
AAPL,2028-03-17,553,Put,340.0,AAPL280317P00340000,39.25,40.75,40.0,40.2,-3.575,-8.16676,13.0,44.0,0.2865,-0.4136,0.0039,1.5487,-0.0445,-1.7295,39.9012,40.0,40.2,40.0,43.7749996185303,up,2026-09-11T10:27:16,405.0,701.0
AAPL,2028-03-17,553,Call,350.0,AAPL280317C00350000,48.45,51.0,49.725,50.31,5.985,13.5025,12.0,2413.0,0.2818,0.6004,0.0033,1.5869,-0.0361,2.2721,50.0624,48.0,51.25,48.0,44.3250007629394,down,2026-09-11T11:26:37,854.0,503.0
AAPL,2028-03-17,553,Put,350.0,AAPL280317P00350000,44.55,45.4,44.974999999999994,53.46,0.0,0.0,0.0,277.0,0.2837,-0.4526,0.0041,1.5654,-0.0457,-1.8122,45.0122,0.0,0.0,0.0,49.1749992370606,down,2026-09-08T15:48:27,141.0,446.0
AAPL,2028-03-17,553,Call,360.0,AAPL280317C00360000,44.3,46.4,45.349999999999994,46.06,5.285,12.9614,4.0,756.0,0.2802,0.5686,0.0034,1.6139,-0.037,2.1773,45.6575,46.34,46.35,46.06,40.7749996185303,down,2026-09-11T11:20:49,797.0,420.0
AAPL,2028-03-17,553,Put,360.0,AAPL280317P00360000,49.7,51.65,50.675,59.63,0.0,0.0,0.0,230.0,0.2832,-0.4923,0.0042,1.5674,-0.0468,-1.8828,50.5109,0.0,0.0,0.0,55.5999984741211,up,2026-09-09T14:58:30,145.0,575.0
AAPL,2028-03-17,553,Call,370.0,AAPL280317C00370000,41.05,41.9,41.474999999999994,39.55,3.0,8.20794,8.0,738.0,0.28,0.537,0.0034,1.6307,-0.0376,2.0788,41.5643,37.23,40.3,37.23,36.5499992370606,down,2026-09-11T10:11:57,464.0,65.0
AAPL,2028-03-17,553,Put,370.0,AAPL280317P00370000,55.55,57.15,56.349999999999994,58.42,0.0,0.0,0.0,21.0,0.2802,-0.533,0.0044,1.5533,-0.0477,-1.9321,56.4105,0.0,0.0,0.0,62.0499992370606,down,2026-09-03T12:58:32,171.0,239.0
AAPL,2028-03-17,553,Call,380.0,AAPL280317C00380000,36.95,38.35,37.650000000000006,37.69,4.64,14.0393,4.0,621.0,0.2784,0.5057,0.0035,1.6375,-0.0379,1.9782,37.7696,36.7,38.42,36.7,33.0500011444092,down,2026-09-11T12:04:51,563.0,294.0
AAPL,2028-03-17,553,Put,380.0,AAPL280317P00380000,61.0,63.8,62.4,62.65,-5.65,-8.27233,50.0,23.0,0.277,-0.5743,0.0046,1.5124,-0.0483,-1.9556,62.7172,62.3,62.65,62.3,68.2999992370606,no_change,2026-09-11T11:38:28,484.0,483.0
AAPL,2028-03-17,553,Call,390.0,AAPL280317C00390000,33.55,34.9,34.224999999999994,30.4,0.0,0.0,0.0,293.0,0.2775,0.475,0.0035,1.6343,-0.0379,1.8738,34.267,0.0,0.0,0.0,30.125,up,2026-09-10T13:33:22,403.0,393.0
AAPL,2028-03-17,553,Put,390.0,AAPL280317P00390000,68.25,70.5,69.375,68.5,0.0,0.0,0.0,56.0,0.2776,-0.6159,0.0047,1.4631,-0.0488,-1.9436,69.4001,0.0,0.0,0.0,75.5,up,2026-07-28T12:08:53,246.0,486.0
AAPL,2028-03-17,553,Call,400.0,AAPL280317C00400000,30.35,31.75,31.05,31.35,3.975,14.5205,5.0,862.0,0.2767,0.4449,0.0035,1.6226,-0.0377,1.7719,31.042,29.82,31.35,29.82,27.375,up,2026-09-11T10:46:06,568.0,604.0
AAPL,2028-03-17,553,Put,400.0,AAPL280317P00400000,75.65,77.3,76.475,100.82,0.0,0.0,0.0,1.0,0.2767,-0.6578,0.0048,1.3852,-0.049,-1.8763,76.4676,0.0,0.0,0.0,83.0999984741211,down,2026-07-31T10:03:42,111.0,268.0
AAPL,2028-03-17,553,Call,410.0,AAPL280317C00410000,27.25,29.3,28.275,27.85,3.175,12.8673,1.0,1007.0,0.2769,0.4157,0.0034,1.6018,-0.0373,1.6673,28.0826,27.85,27.85,27.85,24.6750001907349,up,2026-09-11T09:42:40,365.0,5.0
AAPL,2028-03-17,553,Put,410.0,AAPL280317P00410000,82.3,84.95,83.625,88.0,0.0,0.0,0.0,6.0,0.2733,-0.6998,0.005,1.313,-0.0491,-1.8182,83.9119,0.0,0.0,0.0,90.9500007629394,down,2026-07-17T12:00:30,389.0,322.0
AAPL,2028-03-17,553,Call,420.0,AAPL280317C00420000,24.8,26.0,25.4,25.13,3.255,14.88,1.0,666.0,0.2748,0.3876,0.0034,1.574,-0.0366,1.5666,25.3763,25.13,25.13,25.13,21.875,up,2026-09-11T09:42:40,280.0,248.0
AAPL,2028-03-17,553,Put,420.0,AAPL280317P00420000,91.15,92.75,91.95,91.15,-7.95,-8.0222,6.0,11.0,0.2766,-0.7422,0.0051,1.2077,-0.0494,-1.6994,91.7133,92.89,92.89,91.15,99.0999984741211,down,2026-09-11T12:22:39,120.0,379.0
AAPL,2028-03-17,553,Call,430.0,AAPL280317C00430000,22.05,23.35,22.700000000000003,15.92,0.0,0.0,0.0,471.0,0.2725,0.3606,0.0033,1.5394,-0.0359,1.4671,22.9058,0.0,0.0,0.0,19.125,down,2026-09-09T10:37:19,506.0,386.0
AAPL,2028-03-17,553,Put,430.0,AAPL280317P00430000,98.7,100.95,99.825,105.6,0.0,0.0,0.0,12.0,0.2731,-0.7845,0.0052,1.061,-0.0496,-1.5837,99.9067,0.0,0.0,0.0,107.5,down,2026-09-02T11:38:25,356.0,337.0
AAPL,2028-03-17,553,Call,440.0,AAPL280317C00440000,20.05,21.3,20.675,17.7,0.0,0.0,0.0,349.0,0.2733,0.3348,0.0032,1.4985,-0.0349,1.3695,20.6598,0.0,0.0,0.0,17.7749996185303,no_change,2026-09-10T13:29:26,463.0,462.0
AAPL,2028-03-17,553,Put,440.0,AAPL280317P00440000,107.45,109.6,108.525,127.25,0.0,0.0,0.0,0.0,0.2743,-0.8273,0.0054,0.9062,-0.0504,-1.3622,108.4269,0.0,0.0,0.0,116.5,down,2026-08-06T10:14:08,48.0,137.0
AAPL,2028-03-17,553,Call,450.0,AAPL280317C00450000,18.05,19.2,18.625,15.75,0.0,0.0,0.0,784.0,0.2726,0.3103,0.0032,1.454,-0.0339,1.2778,18.6208,0.0,0.0,0.0,16.1999998092651,down,2026-09-10T15:16:55,459.0,490.0
AAPL,2028-03-17,553,Put,450.0,AAPL280317P00450000,115.2,118.9,117.05000000000001,136.9,0.0,0.0,0.0,0.0,0.269,-0.8676,0.0054,0.7498,-0.0501,-1.0129,117.2794,0.0,0.0,0.0,125.400001525879,down,2026-08-06T10:14:07,152.0,151.0
AAPL,2028-03-17,553,Call,460.0,AAPL280317C00460000,16.1,17.25,16.675,14.5,0.0,0.0,0.0,153.0,0.2714,0.2872,0.003,1.4046,-0.0327,1.1874,16.7742,0.0,0.0,0.0,14.2249999046326,up,2026-09-01T13:59:07,311.0,255.0
AAPL,2028-03-17,553,Put,460.0,AAPL280317P00460000,124.5,128.35,126.425,201.55,0.0,0.0,0.0,0.0,0.2715,-0.9069,0.0052,0.597,-0.0504,-0.6292,126.4535,0.0,0.0,0.0,134.849998474121,down,2026-04-06T15:36:53,151.0,169.0
AAPL,2028-03-17,553,Call,470.0,AAPL280317C00470000,14.65,15.65,15.15,15.37,2.545,19.8441,37.0,269.0,0.2721,0.2653,0.0029,1.3524,-0.0315,1.1025,15.1069,15.37,15.37,15.37,12.8249998092651,up,2026-09-11T10:47:53,366.0,465.0
AAPL,2028-03-17,553,Put,470.0,AAPL280317P00470000,134.75,138.0,136.375,0.0,0.0,0.0,0.0,0.0,0.2825,-0.94,0.0043,0.341,-0.0516,-0.5359,136.0065,0.0,0.0,0.0,144.75,no_change,,133.0,151.0
AAPL,2028-03-17,553,Call,480.0,AAPL280317C00480000,13.3,14.3,13.8,12.5,0.0,0.0,0.0,67.0,0.273,0.2449,0.0028,1.299,-0.0302,1.0227,13.6018,0.0,0.0,0.0,10.875,up,2026-09-03T11:10:15,224.0,556.0
AAPL,2028-03-17,553,Put,480.0,AAPL280317P00480000,143.75,147.5,145.625,148.0,0.0,0.0,0.0,0.0,0.0,-0.965,0.0033,0.2254,-0.039,-0.211,145.7161,0.0,0.0,0.0,154.5,up,2026-07-24T13:13:07,135.0,101.0
AAPL,2028-03-17,553,Call,490.0,AAPL280317C00490000,11.8,12.9,12.350000000000001,8.85,0.0,0.0,0.0,99.0,0.2721,0.2258,0.0027,1.2429,-0.0289,0.9455,12.2468,0.0,0.0,0.0,10.375,down,2026-09-08T09:30:00,90.0,152.0
AAPL,2028-03-17,553,Put,490.0,AAPL280317P00490000,154.1,157.5,155.8,209.65,0.0,0.0,0.0,0.0,0.2873,-0.983,0.0017,0.0,-0.0366,0.0,155.695,0.0,0.0,0.0,164.5,down,2026-02-06T09:52:18,90.0,90.0
AAPL,2028-03-17,553,Call,500.0,AAPL280317C00500000,10.75,11.55,11.15,7.37,0.0,0.0,0.0,407.0,0.2722,0.208,0.0026,1.1866,-0.0276,0.8744,11.0289,0.0,0.0,0.0,9.25,down,2026-09-09T13:06:16,84.0,104.0
AAPL,2028-03-17,553,Put,500.0,AAPL280317P00500000,164.0,167.5,165.75,0.0,0.0,0.0,0.0,0.0,0.2956,-0.9934,0.0006,0.0,-0.0366,0.0,165.695,0.0,0.0,0.0,174.5,no_change,,96.0,90.0
AAPL,2028-03-17,553,Call,510.0,AAPL280317C00510000,9.55,10.45,10.0,8.32,0.0,0.0,0.0,268.0,0.2718,0.1914,0.0024,1.1311,-0.0263,0.8081,9.9338,0.0,0.0,0.0,8.64999985694885,no_change,2026-09-02T11:03:57,87.0,122.0
AAPL,2028-03-17,553,Put,510.0,AAPL280317P00510000,174.0,177.5,175.75,0.0,0.0,0.0,0.0,0.0,0.3062,-0.9999,0.0,0.0,-0.0366,0.0,175.695,0.0,0.0,0.0,184.5,no_change,,86.0,86.0
AAPL,2028-03-17,553,Call,520.0,AAPL280317C00520000,8.65,9.5,9.075,6.1,0.0,0.0,0.0,169.0,0.2724,0.1761,0.0023,1.0748,-0.025,0.7447,8.9512,0.0,0.0,0.0,7.52500009536743,down,2026-09-08T15:18:56,78.0,161.0
AAPL,2028-03-17,553,Put,520.0,AAPL280317P00520000,184.0,187.5,185.75,0.0,0.0,0.0,0.0,0.0,0.3166,-1.0,0.0,0.0,-0.0366,0.0,185.695,0.0,0.0,0.0,194.5,no_change,,88.0,100.0
AAPL,2028-03-17,553,Call,530.0,AAPL280317C00530000,7.8,8.35,8.075,6.74,0.0,0.0,0.0,213.0,0.2714,0.162,0.0022,1.0196,-0.0237,0.6869,8.0706,0.0,0.0,0.0,6.625,up,2026-09-02T11:19:51,91.0,65.0
AAPL,2028-03-17,553,Put,530.0,AAPL280317P00530000,194.0,197.5,195.75,0.0,0.0,0.0,0.0,0.0,0.3268,-1.0,0.0,0.0,-0.0366,0.0,195.695,0.0,0.0,0.0,204.5,no_change,,14.0,14.0
AAPL,2028-03-17,553,Call,540.0,AAPL280317C00540000,6.95,7.65,7.300000000000001,6.06,0.0,0.0,0.0,102.0,0.2718,0.1489,0.0021,0.9666,-0.0224,0.6337,7.2802,0.0,0.0,0.0,6.02499985694885,no_change,2026-09-02T11:04:12,425.0,407.0
AAPL,2028-03-17,553,Put,540.0,AAPL280317P00540000,204.0,207.5,205.75,0.0,0.0,0.0,0.0,0.0,0.3367,-1.0,0.0,0.0,-0.0366,0.0,205.695,0.0,0.0,0.0,214.5,no_change,,13.0,13.0
AAPL,2028-03-17,553,Call,550.0,AAPL280317C00550000,6.3,7.25,6.775,6.5,1.0,18.1818,16.0,1565.0,0.2741,0.1369,0.002,0.9143,-0.0212,0.5832,6.5719,6.5,6.5,6.25,5.5,up,2026-09-11T11:59:30,411.0,690.0
AAPL,2028-03-17,553,Put,550.0,AAPL280317P00550000,213.7,217.5,215.6,277.5,0.0,0.0,0.0,0.0,0.0,-1.0,0.0,0.0,-0.0366,0.0,215.695,0.0,0.0,0.0,224.525001525879,up,2025-12-31T12:39:47,95.0,13.0
AAPL,2028-03-17,553,Call,560.0,AAPL280317C00560000,5.7,6.15,5.925000000000001,5.84,1.015,21.0363,1.0,150.0,0.2721,0.1257,0.0018,0.8629,-0.02,0.5365,5.9326,5.84,5.84,5.84,4.82500004768372,up,2026-09-11T12:08:34,420.0,361.0
AAPL,2028-03-17,553,Put,560.0,AAPL280317P00560000,223.7,227.5,225.6,0.0,0.0,0.0,0.0,0.0,0.0,-1.0,0.0,0.0,-0.0366,0.0,225.695,0.0,0.0,0.0,234.5,no_change,,13.0,13.0
AAPL,2028-03-17,553,Call,570.0,AAPL280317C00570000,5.15,5.55,5.35,5.5,0.9,19.5652,24.0,26.0,0.2724,0.1156,0.0017,0.8148,-0.0189,0.4948,5.3645,4.71,5.5,4.71,4.60000014305115,up,2026-09-11T10:52:24,396.0,350.0
AAPL,2028-03-17,553,Put,570.0,AAPL280317P00570000,233.7,237.5,235.6,0.0,0.0,0.0,0.0,0.0,0.0,-1.0,0.0,0.0,-0.0366,0.0,235.695,0.0,0.0,0.0,244.5,no_change,,13.0,13.0
AAPL,2028-03-17,553,Call,580.0,AAPL280317C00580000,4.6,5.0,4.8,5.0,0.9,21.9512,1.0,120.0,0.2722,0.1063,0.0016,0.7688,-0.0178,0.4556,4.8549,5.0,5.0,5.0,4.10000002384186,up,2026-09-11T11:12:29,420.0,245.0
AAPL,2028-03-17,553,Put,580.0,AAPL280317P00580000,243.75,247.5,245.625,0.0,0.0,0.0,0.0,0.0,0.0,-1.0,0.0,0.0,-0.0366,0.0,245.695,0.0,0.0,0.0,254.5,no_change,,13.0,13.0
AAPL,2028-03-17,553,Call,590.0,AAPL280317C00590000,4.2,4.6,4.4,3.65,0.0,0.0,0.0,213.0,0.2735,0.0977,0.0015,0.7241,-0.0168,0.4192,4.3986,0.0,0.0,0.0,3.75000011920929,down,2026-09-10T11:34:38,174.0,347.0
AAPL,2028-03-17,553,Put,590.0,AAPL280317P00590000,253.65,257.5,255.575,0.0,0.0,0.0,0.0,0.0,0.0,-1.0,0.0,0.0,-0.0366,0.0,255.695,0.0,0.0,0.0,264.5,no_change,,13.0,13.0
AAPL,2028-03-17,553,Call,600.0,AAPL280317C00600000,3.8,4.3,4.05,4.0,0.575,16.7883,12.0,641.0,0.2749,0.0899,0.0014,0.6816,-0.0158,0.3863,3.9896,3.63,4.0,3.63,3.42499995231628,up,2026-09-11T10:37:32,134.0,509.0
AAPL,2028-03-17,553,Put,600.0,AAPL280317P00600000,263.6,267.9,265.75,0.0,0.0,0.0,0.0,0.0,0.3918,-1.0,0.0,0.0,-0.0366,0.0,265.695,0.0,0.0,0.0,274.5,no_change,,13.0,13.0
AAPL,2028-12-15,826,Call,5.0,AAPL281215C00005000,325.05,333.6,329.32500000000005,314.0,0.0,0.0,0.0,58.0,0.0,1.0,0.0,0.0006,0.0,0.0254,329.7646,0.0,0.0,0.0,320.475006103516,up,2026-09-10T10:02:30,1.0,1.0
AAPL,2028-12-15,826,Put,5.0,AAPL281215P00005000,0.0,0.06,0.03,0.01,0.0,0.0,0.0,855.0,1.0125,-0.0001,0.0,0.0027,-0.0001,-0.0016,0.0244,0.0,0.0,0.0,0.0299999993294477,no_change,2026-08-28T12:19:50,0.0,3.0
AAPL,2028-12-15,826,Call,10.0,AAPL281215C00010000,320.2,328.75,324.475,301.0,0.0,0.0,0.0,20.0,0.0,1.0,0.0,0.0004,0.0,0.0599,324.8924,0.0,0.0,0.0,315.675003051758,down,2026-08-27T10:04:41,59.0,1.0
AAPL,2028-12-15,826,Put,10.0,AAPL281215P00010000,0.0,0.19,0.095,0.02,0.0,0.0,0.0,26.0,0.9333,-0.0003,0.0,0.0053,-0.0002,-0.003,0.0419,0.0,0.0,0.0,0.0599999986588955,up,2026-09-03T10:22:37,0.0,273.0
AAPL,2028-12-15,826,Call,15.0,AAPL281215C00015000,317.0,322.0,319.5,318.15,0.0,0.0,0.0,74.0,0.0,1.0,0.0,0.0025,0.0,0.106,320.0447,0.0,0.0,0.0,310.5,up,2026-07-16T14:55:37,7.0,1.0
AAPL,2028-12-15,826,Put,15.0,AAPL281215P00015000,0.0,0.29,0.145,0.04,0.0,0.0,0.0,6.0,0.857,-0.0004,0.0,0.008,-0.0004,-0.0045,0.0593,0.0,0.0,0.0,0.774999976158142,up,2026-03-20T14:44:02,0.0,299.0
AAPL,2028-12-15,826,Call,20.0,AAPL281215C00020000,312.5,317.5,315.0,242.96,0.0,0.0,0.0,2.0,0.0,1.0,0.0,0.0079,0.0,0.2005,315.2554,0.0,0.0,0.0,306.0,down,2026-03-03T15:33:09,7.0,2.0
AAPL,2028-12-15,826,Put,20.0,AAPL281215P00020000,0.0,0.3,0.15,0.06,0.0,0.0,0.0,54.0,0.7761,-0.0006,0.0,0.011,-0.0004,-0.0062,0.0775,0.0,0.0,0.0,0.785000026226044,up,2026-07-21T09:54:49,0.0,397.0
AAPL,2028-12-15,826,Call,25.0,AAPL281215C00025000,308.0,313.0,310.5,296.57,0.0,0.0,0.0,17.0,0.0,1.0,0.0,0.0135,0.0,0.4974,310.6591,0.0,0.0,0.0,301.5,up,2026-08-28T10:56:09,7.0,2.0
AAPL,2028-12-15,826,Put,25.0,AAPL281215P00025000,0.02,0.3,0.16,0.05,0.0,0.0,0.0,92.0,0.7178,-0.0008,0.0,0.0142,-0.0005,-0.008,0.0969,0.0,0.0,0.0,0.755000004544854,no_change,2026-08-25T14:44:32,3.0,384.0
AAPL,2028-12-15,826,Call,30.0,AAPL281215C00030000,303.5,308.5,306.0,290.0,0.0,0.0,0.0,61.0,0.0,1.0,0.0,0.0173,0.0,0.5964,306.191,0.0,0.0,0.0,297.0,no_change,2026-09-10T10:41:50,7.0,2.0
AAPL,2028-12-15,826,Put,30.0,AAPL281215P00030000,0.0,0.31,0.155,0.39,0.0,0.0,0.0,76.0,0.664,-0.001,0.0,0.0178,-0.0006,-0.01,0.1177,0.0,0.0,0.0,0.495000004768372,down,2026-07-27T09:47:41,0.0,389.0
AAPL,2028-12-15,826,Call,35.0,AAPL281215C00035000,299.0,304.0,301.5,221.31,0.0,0.0,0.0,1.0,0.0,1.0,0.0,0.0209,0.0,0.6916,301.7258,0.0,0.0,0.0,292.5,down,2026-01-26T11:18:50,7.0,1.0
AAPL,2028-12-15,826,Put,35.0,AAPL281215P00035000,0.0,0.33,0.165,0.07,0.0,0.0,0.0,426.0,0.6259,-0.0013,0.0,0.0217,-0.0007,-0.0123,0.1402,0.0,0.0,0.0,0.155000001192093,up,2026-08-12T11:18:24,0.0,391.0
AAPL,2028-12-15,826,Call,40.0,AAPL281215C00040000,294.5,299.5,297.0,244.55,0.0,0.0,0.0,9.0,0.0,1.0,0.0,0.0255,0.0,0.7868,297.2622,0.0,0.0,0.0,288.0,down,2026-06-29T14:27:41,1.0,1.0
AAPL,2028-12-15,826,Put,40.0,AAPL281215P00040000,0.0,0.35,0.175,0.1,0.0,0.0,0.0,1107.0,0.5932,-0.0016,0.0,0.026,-0.0008,-0.0148,0.1648,0.0,0.0,0.0,0.340000003576279,down,2026-08-10T12:45:08,0.0,400.0
AAPL,2028-12-15,826,Call,45.0,AAPL281215C00045000,290.0,295.0,292.5,267.35,0.0,0.0,0.0,6.0,0.0,1.0,0.0,0.0303,0.0,0.8819,292.8017,0.0,0.0,0.0,283.5,up,2026-08-10T09:30:01,1.0,1.0
AAPL,2028-12-15,826,Put,45.0,AAPL281215P00045000,0.01,0.37,0.19,0.11,0.0,0.0,0.0,74.0,0.5663,-0.0019,0.0,0.0307,-0.001,-0.0175,0.1918,0.0,0.0,0.0,0.21499999333173,down,2026-09-08T14:23:31,14.0,401.0
AAPL,2028-12-15,826,Call,50.0,AAPL281215C00050000,285.5,290.5,288.0,288.1,9.1,3.26165,3.0,1357.0,0.0,1.0,0.0,0.0352,0.0,0.9783,288.3443,287.0,288.1,287.0,279.0,up,2026-09-11T10:40:43,7.0,2.0
AAPL,2028-12-15,826,Put,50.0,AAPL281215P00050000,0.01,0.39,0.2,0.15,0.0,0.0,0.0,356.0,0.5406,-0.0022,0.0,0.0359,-0.0011,-0.0206,0.2215,0.0,0.0,0.0,0.38499999511987,down,2026-09-08T14:23:31,14.0,394.0
AAPL,2028-12-15,826,Call,60.0,AAPL281215C00060000,276.5,281.5,279.0,250.75,0.0,0.0,0.0,201.0,0.0,0.9996,0.0,0.0474,0.0,1.2112,279.4535,0.0,0.0,0.0,270.0,down,2026-08-10T10:25:23,117.0,2.0
AAPL,2028-12-15,826,Put,60.0,AAPL281215P00060000,0.15,0.45,0.3,0.27,0.0,0.0,0.0,741.0,0.5156,-0.0031,0.0,0.048,-0.0014,-0.0278,0.2907,0.0,0.0,0.0,0.355000004172325,down,2026-08-10T15:13:50,1.0,395.0
AAPL,2028-12-15,826,Call,70.0,AAPL281215C00070000,268.0,273.0,270.5,248.49,0.0,0.0,0.0,257.0,0.466,0.9986,0.0,0.0617,0.0,1.4037,270.6045,0.0,0.0,0.0,261.5,down,2026-09-09T11:08:37,7.0,4.0
AAPL,2028-12-15,826,Put,70.0,AAPL281215P00070000,0.15,0.53,0.34,0.43,0.0,0.0,0.0,63.0,0.4795,-0.0041,0.0,0.0626,-0.0017,-0.037,0.3767,0.0,0.0,0.0,0.320000007748604,up,2026-08-10T10:25:23,80.0,511.0
AAPL,2028-12-15,826,Call,80.0,AAPL281215C00080000,259.0,264.0,261.5,242.45,0.0,0.0,0.0,265.0,0.4147,0.9973,0.0001,0.0789,0.0,1.5939,261.7762,0.0,0.0,0.0,252.5,up,2026-09-08T12:13:01,90.0,2.0
AAPL,2028-12-15,826,Put,80.0,AAPL281215P00080000,0.13,0.7,0.415,0.54,0.0,0.0,0.0,136.0,0.4532,-0.0054,0.0001,0.0803,-0.0021,-0.0484,0.4839,0.0,0.0,0.0,0.379999995231628,down,2026-08-10T13:00:19,366.0,537.0
AAPL,2028-12-15,826,Call,90.0,AAPL281215C00090000,250.5,255.5,253.0,234.45,0.0,0.0,0.0,198.0,0.4457,0.9956,0.0001,0.0999,0.0,1.7809,252.9744,0.0,0.0,0.0,243.5,down,2026-09-08T13:07:27,8.0,4.0
AAPL,2028-12-15,826,Put,90.0,AAPL281215P00090000,0.46,0.78,0.62,0.56,0.0,0.0,0.0,184.0,0.4431,-0.0071,0.0001,0.1017,-0.0025,-0.0625,0.6187,0.0,0.0,0.0,0.560000017285347,down,2026-09-03T15:41:11,12.0,398.0
AAPL,2028-12-15,826,Call,100.0,AAPL281215C00100000,241.7,246.5,244.1,243.76,8.76,3.72766,18.0,2082.0,0.4168,0.9936,0.0001,0.1247,0.0,1.9645,244.2054,243.6,243.86,243.55,235.0,up,2026-09-11T10:39:09,87.0,2.0
AAPL,2028-12-15,826,Put,100.0,AAPL281215P00100000,0.56,0.91,0.7350000000000001,0.71,-0.07,-8.97436,35.0,1114.0,0.4215,-0.0092,0.0001,0.1274,-0.0031,-0.0802,0.7881,0.72,0.73,0.71,0.780000001192093,down,2026-09-11T11:21:02,310.0,359.0
AAPL,2028-12-15,826,Call,110.0,AAPL281215C00110000,233.0,238.0,235.5,220.15,0.0,0.0,0.0,1267.0,0.413,0.9912,0.0001,0.1545,0.0,2.1433,235.4766,0.0,0.0,0.0,226.5,up,2026-09-10T10:05:18,125.0,2.0
AAPL,2028-12-15,826,Put,110.0,AAPL281215P00110000,0.94,1.07,1.005,0.96,-0.04,-4.0,1.0,723.0,0.4118,-0.0118,0.0001,0.1578,-0.0037,-0.102,0.9986,0.96,0.96,0.96,1.00000002980232,down,2026-09-11T09:39:46,1.0,298.0
AAPL,2028-12-15,826,Call,120.0,AAPL281215C00120000,224.3,229.0,226.65,207.75,0.0,0.0,0.0,201.0,0.3901,0.9881,0.0002,0.1889,0.0,2.3171,226.7964,0.0,0.0,0.0,217.550003051758,no_change,2026-09-08T12:22:31,90.0,2.0
AAPL,2028-12-15,826,Put,120.0,AAPL281215P00120000,1.21,1.44,1.325,1.35,0.0,0.0,0.0,168.0,0.402,-0.015,0.0002,0.1936,-0.0044,-0.1288,1.2599,0.0,0.0,0.0,1.30000001192093,down,2026-09-08T14:51:32,10.0,174.0
AAPL,2028-12-15,826,Call,125.0,AAPL281215C00125000,220.0,224.9,222.45,211.75,0.0,0.0,0.0,87.0,0.3913,0.9864,0.0002,0.2083,0.0,2.4018,222.4771,0.0,0.0,0.0,213.449996948242,up,2026-09-10T11:28:41,90.0,8.0
AAPL,2028-12-15,826,Put,125.0,AAPL281215P00125000,1.11,1.63,1.37,1.5,0.0,0.0,0.0,49.0,0.3904,-0.0168,0.0002,0.2141,-0.0048,-0.1442,1.4142,0.0,0.0,0.0,1.37999999523163,down,2026-09-04T09:53:13,288.0,158.0
AAPL,2028-12-15,826,Call,130.0,AAPL281215C00130000,215.5,220.5,218.0,208.0,0.0,0.0,0.0,108.0,0.379,0.9844,0.0002,0.2293,0.0,2.4847,218.1733,0.0,0.0,0.0,209.0,up,2026-09-02T09:39:25,92.0,2.0
AAPL,2028-12-15,826,Put,130.0,AAPL281215P00130000,1.45,1.85,1.65,1.98,0.0,0.0,0.0,323.0,0.3901,-0.0188,0.0002,0.2352,-0.0052,-0.161,1.5823,0.0,0.0,0.0,1.63499999046326,up,2026-08-28T09:33:35,31.0,235.0
AAPL,2028-12-15,826,Call,135.0,AAPL281215C00135000,211.5,216.25,213.875,186.95,0.0,0.0,0.0,54.0,0.3815,0.9823,0.0003,0.2516,0.0,2.5658,213.8865,0.0,0.0,0.0,205.0,up,2026-08-10T15:06:23,88.0,10.0
AAPL,2028-12-15,826,Put,135.0,AAPL281215P00135000,1.58,2.02,1.8,1.95,0.0,0.0,0.0,295.0,0.3831,-0.021,0.0003,0.2587,-0.0056,-0.1797,1.7706,0.0,0.0,0.0,1.78500002622604,down,2026-09-01T10:18:40,121.0,161.0
AAPL,2028-12-15,826,Call,140.0,AAPL281215C00140000,207.5,212.0,209.75,187.85,0.0,0.0,0.0,158.0,0.382,0.98,0.0003,0.2751,0.0,2.6452,209.6178,0.0,0.0,0.0,201.0,down,2026-08-26T14:14:47,160.0,13.0
AAPL,2028-12-15,826,Put,140.0,AAPL281215P00140000,1.74,2.24,1.9900000000000002,2.25,0.0,0.0,0.0,498.0,0.3777,-0.0234,0.0003,0.283,-0.0061,-0.1989,1.9741,0.0,0.0,0.0,2.1350000500679,down,2026-09-09T10:32:45,174.0,126.0
AAPL,2028-12-15,826,Call,145.0,AAPL281215C00145000,203.5,207.5,205.5,198.09,0.0,0.0,0.0,216.0,0.377,0.9775,0.0003,0.3002,0.0,2.7229,205.3684,0.0,0.0,0.0,196.75,up,2026-09-03T15:28:44,56.0,63.0
AAPL,2028-12-15,826,Put,145.0,AAPL281215P00145000,2.01,2.65,2.33,2.8,0.0,0.0,0.0,447.0,0.3768,-0.0261,0.0003,0.3096,-0.0066,-0.2204,2.2006,0.0,0.0,0.0,2.37999999523163,down,2026-08-27T12:42:33,115.0,311.0
AAPL,2028-12-15,826,Call,150.0,AAPL281215C00150000,199.0,203.5,201.25,202.0,9.35,4.85336,1.0,635.0,0.3716,0.9748,0.0004,0.3272,0.0,2.7982,201.1396,202.0,202.0,202.0,192.650001525879,up,2026-09-11T11:04:56,157.0,14.0
AAPL,2028-12-15,826,Put,150.0,AAPL281215P00150000,2.26,2.9,2.58,2.57,0.0,0.0,0.0,847.0,0.3719,-0.029,0.0004,0.3373,-0.0071,-0.2442,2.4533,0.0,0.0,0.0,2.60000002384186,down,2026-09-10T13:29:55,111.0,389.0
AAPL,2028-12-15,826,Call,155.0,AAPL281215C00155000,195.0,199.2,197.1,190.95,2.7,1.43426,1.0,133.0,0.3687,0.9718,0.0004,0.3556,0.0,2.871,196.9332,190.95,190.95,190.95,188.25,up,2026-09-11T09:31:07,128.0,37.0
AAPL,2028-12-15,826,Put,155.0,AAPL281215P00155000,2.55,3.05,2.8,3.1,0.0,0.0,0.0,482.0,0.366,-0.0322,0.0004,0.3672,-0.0077,-0.2697,2.726,0.0,0.0,0.0,2.8199999332428,up,2026-09-08T14:52:48,18.0,34.0
AAPL,2028-12-15,826,Call,160.0,AAPL281215C00160000,191.0,195.0,193.0,178.8,0.0,0.0,0.0,279.0,0.3665,0.9686,0.0004,0.3852,0.0,2.9418,192.7507,0.0,0.0,0.0,184.0,up,2026-09-10T10:41:20,134.0,35.0
AAPL,2028-12-15,826,Put,160.0,AAPL281215P00160000,2.69,4.2,3.4450000000000003,3.35,0.0,0.0,0.0,595.0,0.3705,-0.0355,0.0004,0.3982,-0.0083,-0.2975,3.0245,0.0,0.0,0.0,3.22500002384186,up,2026-09-01T10:34:13,230.0,602.0
AAPL,2028-12-15,826,Call,165.0,AAPL281215C00165000,186.5,191.0,188.75,179.03,0.0,0.0,0.0,304.0,0.36,0.9652,0.0005,0.4162,0.0,3.0105,188.5932,0.0,0.0,0.0,180.0,up,2026-09-01T10:25:16,152.0,19.0
AAPL,2028-12-15,826,Put,165.0,AAPL281215P00165000,3.15,3.85,3.5,3.55,0.0,0.0,0.0,559.0,0.3597,-0.0392,0.0005,0.4314,-0.0089,-0.3265,3.3496,0.0,0.0,0.0,3.625,down,2026-09-10T11:03:34,12.0,258.0
AAPL,2028-12-15,826,Call,170.0,AAPL281215C00170000,182.5,187.0,184.75,170.0,0.0,0.0,0.0,123.0,0.3591,0.9615,0.0005,0.4491,0.0,3.0765,184.4621,0.0,0.0,0.0,175.75,up,2026-09-10T10:11:24,320.0,21.0
AAPL,2028-12-15,826,Put,170.0,AAPL281215P00170000,2.91,5.0,3.955,4.0,0.0,0.0,0.0,813.0,0.3582,-0.0431,0.0005,0.4642,-0.0095,-0.3581,3.6981,0.0,0.0,0.0,3.97500002384186,down,2026-09-10T09:37:02,351.0,538.0
AAPL,2028-12-15,826,Call,175.0,AAPL281215C00175000,178.6,182.5,180.55,181.0,9.55,5.57014,1.0,562.0,0.3532,0.9576,0.0005,0.4836,0.0,3.1394,180.3595,181.0,181.0,181.0,171.449996948242,up,2026-09-11T10:30:24,356.0,33.0
AAPL,2028-12-15,826,Put,175.0,AAPL281215P00175000,3.8,4.3,4.05,4.8,0.0,0.0,0.0,325.0,0.3486,-0.0473,0.0006,0.5007,-0.0101,-0.392,4.0815,0.0,0.0,0.0,4.5,up,2026-09-09T13:08:18,135.0,12.0
AAPL,2028-12-15,826,Call,180.0,AAPL281215C00180000,174.6,178.4,176.5,157.97,0.0,0.0,0.0,492.0,0.3501,0.9534,0.0006,0.5192,0.0,3.1996,176.287,0.0,0.0,0.0,167.425003051758,down,2026-09-08T12:26:37,330.0,97.0
AAPL,2028-12-15,826,Put,180.0,AAPL281215P00180000,4.0,4.7,4.35,5.02,0.0,0.0,0.0,2202.0,0.3431,-0.0518,0.0006,0.5377,-0.0108,-0.4284,4.4979,0.0,0.0,0.0,4.90000009536743,down,2026-09-10T10:18:44,429.0,12.0
AAPL,2028-12-15,826,Call,185.0,AAPL281215C00185000,170.5,174.5,172.5,154.09,0.0,0.0,0.0,174.0,0.3474,0.9489,0.0006,0.5558,0.0,3.2576,172.2461,0.0,0.0,0.0,163.125,down,2026-09-08T12:40:23,371.0,142.0
AAPL,2028-12-15,826,Put,185.0,AAPL281215P00185000,4.7,6.25,5.475,5.27,0.0,0.0,0.0,430.0,0.3519,-0.0567,0.0007,0.5776,-0.0115,-0.4668,4.9508,0.0,0.0,0.0,5.375,down,2026-09-03T10:35:11,273.0,801.0
AAPL,2028-12-15,826,Call,190.0,AAPL281215C00190000,166.5,170.4,168.45,168.67,9.22,5.78237,6.0,1177.0,0.3434,0.9441,0.0007,0.5939,0.0,3.3127,168.2379,168.81,168.81,168.67,159.450004577637,no_change,2026-09-11T11:56:21,333.0,109.0
AAPL,2028-12-15,826,Put,190.0,AAPL281215P00190000,5.25,5.75,5.5,5.6,-0.425,-7.05394,10.0,2019.0,0.3409,-0.0619,0.0007,0.616,-0.0122,-0.5074,5.4356,5.6,5.6,5.6,6.02500009536743,down,2026-09-11T10:08:14,180.0,187.0
AAPL,2028-12-15,826,Call,195.0,AAPL281215C00195000,162.5,166.5,164.5,165.36,10.085,6.49493,2.0,1797.0,0.3407,0.939,0.0007,0.6337,0.0,3.3643,164.2644,164.5,165.36,164.5,155.275001525879,up,2026-09-11T11:33:50,431.0,418.0
AAPL,2028-12-15,826,Put,195.0,AAPL281215P00195000,5.6,6.3,5.949999999999999,6.47,0.0,0.0,0.0,798.0,0.3368,-0.0674,0.0008,0.6584,-0.013,-0.5509,5.9628,0.0,0.0,0.0,6.47499990463257,down,2026-09-04T12:19:47,254.0,33.0
AAPL,2028-12-15,826,Call,200.0,AAPL281215C00200000,158.85,162.05,160.45,161.13,9.505,6.26875,7.0,2183.0,0.3361,0.9336,0.0008,0.6746,0.0,3.4124,160.3278,160.0,161.13,157.97,151.625,up,2026-09-11T11:31:31,337.0,234.0
AAPL,2028-12-15,826,Put,200.0,AAPL281215P00200000,6.35,6.7,6.525,6.55,-0.525,-7.42049,25.0,3994.0,0.3342,-0.0733,0.0009,0.7014,-0.0138,-0.5967,6.5293,6.72,6.75,6.45,7.07499980926514,no_change,2026-09-11T12:17:47,225.0,124.0
AAPL,2028-12-15,826,Call,210.0,AAPL281215C00210000,151.05,154.15,152.60000000000002,152.0,7.675,5.31786,1.0,577.0,0.3295,0.9219,0.0009,0.7584,0.0,3.5004,152.5712,152.0,152.0,152.0,144.325004577637,up,2026-09-11T11:05:40,457.0,221.0
AAPL,2028-12-15,826,Put,210.0,AAPL281215P00210000,7.4,8.1,7.75,7.7,-0.8,-9.41177,18.0,2093.0,0.3286,-0.0862,0.001,0.7902,-0.0154,-0.6923,7.7891,7.99,8.0,7.7,8.5,down,2026-09-11T11:30:20,327.0,183.0
AAPL,2028-12-15,826,Call,220.0,AAPL281215C00220000,143.65,146.1,144.875,142.98,6.505,4.76644,2.0,1534.0,0.3232,0.909,0.001,0.8469,-0.0017,3.5745,144.98,143.9,143.9,142.98,136.474998474121,down,2026-09-11T10:06:20,391.0,172.0
AAPL,2028-12-15,826,Put,220.0,AAPL281215P00220000,8.95,9.55,9.25,9.2,-0.85,-8.45771,10.0,2091.0,0.3246,-0.1005,0.0011,0.8831,-0.017,-0.7992,9.2312,9.8,9.8,9.2,10.0500001907349,down,2026-09-11T10:39:20,242.0,177.0
AAPL,2028-12-15,826,Call,230.0,AAPL281215C00230000,136.2,138.55,137.375,137.61,8.185,6.32412,1.0,947.0,0.318,0.8948,0.0012,0.9373,-0.004,3.6348,137.5699,137.61,137.61,137.61,129.425003051758,up,2026-09-11T10:43:10,248.0,64.0
AAPL,2028-12-15,826,Put,230.0,AAPL281215P00230000,10.7,11.05,10.875,11.1,-0.75,-6.32912,13.0,1102.0,0.3201,-0.1164,0.0013,0.9788,-0.0187,-0.9156,10.8776,12.05,12.05,11.08,11.8500003814697,up,2026-09-11T10:23:04,11.0,83.0
AAPL,2028-12-15,826,Call,240.0,AAPL281215C00240000,128.5,131.65,130.075,130.09,7.84,6.41309,10.0,1807.0,0.3134,0.8793,0.0013,1.0296,-0.0063,3.6821,130.3511,127.0,130.09,127.0,122.25,up,2026-09-11T12:04:09,377.0,173.0
AAPL,2028-12-15,826,Put,240.0,AAPL281215P00240000,12.35,12.95,12.649999999999999,12.72,-1.255,-8.98032,13.0,1565.0,0.3154,-0.1337,0.0014,1.0755,-0.0205,-1.0399,12.7311,12.81,12.81,12.62,13.9749999046326,down,2026-09-11T12:30:14,383.0,118.0
AAPL,2028-12-15,826,Call,250.0,AAPL281215C00250000,122.35,123.95,123.15,123.14,7.39,6.38445,48.0,2936.0,0.3108,0.8625,0.0014,1.1231,-0.0086,3.7134,123.3383,120.32,124.34,120.32,115.75,down,2026-09-11T12:04:09,213.0,94.0
AAPL,2028-12-15,826,Put,250.0,AAPL281215P00250000,14.7,15.25,14.975,14.82,-1.355,-8.37713,58.0,1819.0,0.3137,-0.1529,0.0016,1.1748,-0.0223,-1.1673,14.8358,14.9,14.9,14.41,16.1750001907349,up,2026-09-11T12:30:14,1.0,450.0
AAPL,2028-12-15,826,Call,260.0,AAPL281215C00260000,114.9,117.45,116.17500000000001,116.05,6.825,6.24857,35.0,1491.0,0.3061,0.8446,0.0016,1.2151,-0.0108,3.7332,116.5411,115.0,117.56,115.0,109.225002288818,down,2026-09-11T12:26:20,347.0,138.0
AAPL,2028-12-15,826,Put,260.0,AAPL281215P00260000,16.7,17.3,17.0,17.05,-1.65,-8.82353,78.0,10014.0,0.3077,-0.1735,0.0018,1.2702,-0.024,-1.3087,17.1821,18.26,18.26,17.05,18.6999998092651,no_change,2026-09-11T11:32:30,499.0,1.0
AAPL,2028-12-15,826,Call,270.0,AAPL281215C00270000,108.25,111.6,109.925,109.98,7.505,7.32374,12.0,2278.0,0.3057,0.8255,0.0017,1.3071,-0.013,3.7365,109.9694,109.0,111.2,108.07,102.474998474121,down,2026-09-11T11:53:43,385.0,308.0
AAPL,2028-12-15,826,Put,270.0,AAPL281215P00270000,18.9,21.1,20.0,19.77,-1.78,-8.25986,15.0,775.0,0.3076,-0.1958,0.002,1.3644,-0.0258,-1.4524,19.7908,21.0,21.0,19.77,21.5500001907349,down,2026-09-11T11:32:07,536.0,854.0
AAPL,2028-12-15,826,Call,280.0,AAPL281215C00280000,102.4,105.15,103.775,103.6,7.45,7.74831,30.0,2184.0,0.3043,0.8053,0.0018,1.3952,-0.0151,3.7283,103.6332,100.95,105.12,100.25,96.1500015258789,up,2026-09-11T12:24:17,321.0,328.0
AAPL,2028-12-15,826,Put,280.0,AAPL281215P00280000,22.25,23.1,22.675,22.63,-2.02,-8.19473,15.0,2788.0,0.3034,-0.2194,0.0021,1.4532,-0.0275,-1.5947,22.6652,23.28,23.28,22.6,24.6499996185303,up,2026-09-11T11:38:49,304.0,439.0
AAPL,2028-12-15,826,Call,290.0,AAPL281215C00290000,96.95,98.0,97.475,98.25,7.775,8.59353,12.0,1930.0,0.3003,0.7842,0.002,1.4804,-0.0171,3.7069,97.5359,97.0,98.25,95.45,90.4750022888184,up,2026-09-11T11:43:15,100.0,44.0
AAPL,2028-12-15,826,Put,290.0,AAPL281215P00290000,25.3,26.1,25.700000000000003,25.4,-2.675,-9.52805,17.0,889.0,0.2997,-0.2448,0.0023,1.5374,-0.0292,-1.7428,25.8555,27.0,27.0,25.4,28.0749998092651,down,2026-09-11T11:54:28,478.0,217.0
AAPL,2028-12-15,826,Call,300.0,AAPL281215C00300000,90.9,92.1,91.5,91.5,6.4,7.52057,60.0,3889.0,0.2971,0.7622,0.0021,1.5613,-0.0189,3.6716,91.6857,88.0,93.25,88.0,85.0999984741211,down,2026-09-11T12:33:45,159.0,94.0
AAPL,2028-12-15,826,Put,300.0,AAPL281215P00300000,28.95,29.65,29.299999999999997,29.2,-2.65,-8.32025,22.0,2428.0,0.2981,-0.2715,0.0025,1.618,-0.0309,-1.8909,29.3287,30.0,30.0,29.0,31.8500003814697,up,2026-09-11T12:21:26,57.0,423.0
AAPL,2028-12-15,826,Call,310.0,AAPL281215C00310000,85.4,87.15,86.275,86.1,7.175,9.09091,23.0,3046.0,0.2973,0.7395,0.0022,1.636,-0.0207,3.6283,86.0829,83.95,86.85,83.3,78.9249992370606,up,2026-09-11T12:33:38,196.0,269.0
AAPL,2028-12-15,826,Put,310.0,AAPL281215P00310000,32.45,33.8,33.125,33.17,-2.755,-7.66876,17.0,1254.0,0.2962,-0.2996,0.0027,1.6863,-0.0325,-2.0235,33.1077,33.37,33.37,33.17,35.9250011444092,no_change,2026-09-11T10:40:46,330.0,667.0
AAPL,2028-12-15,826,Call,320.0,AAPL281215C00320000,79.9,81.05,80.475,81.75,7.275,9.76838,36.0,3699.0,0.2926,0.7161,0.0023,1.7056,-0.0223,3.571,80.7291,76.5,81.78,76.5,74.4749984741211,up,2026-09-11T11:03:36,212.0,25.0
AAPL,2028-12-15,826,Put,320.0,AAPL281215P00320000,36.45,37.5,36.975,36.85,-3.45,-8.56079,11.0,946.0,0.293,-0.3286,0.0029,1.747,-0.034,-2.1552,37.176,37.2,37.26,36.85,40.2999992370606,down,2026-09-11T11:32:07,649.0,358.0
AAPL,2028-12-15,826,Call,330.0,AAPL281215C00330000,74.55,75.95,75.25,75.55,6.35,9.1763,95.0,3085.0,0.2901,0.6922,0.0024,1.7679,-0.0237,3.5061,75.6261,70.55,76.9,70.55,69.2000007629394,down,2026-09-11T11:41:06,515.0,41.0
AAPL,2028-12-15,826,Put,330.0,AAPL281215P00330000,41.55,41.8,41.675,41.5,-3.325,-7.41773,34.0,1286.0,0.2926,-0.3591,0.0031,1.797,-0.0354,-2.2917,41.5815,41.29,41.75,41.1,44.8249988555908,down,2026-09-11T12:18:54,1.0,166.0
AAPL,2028-12-15,826,Call,340.0,AAPL281215C00340000,70.05,71.05,70.55,71.0,6.275,9.69486,60.0,8056.0,0.2893,0.668,0.0025,1.823,-0.025,3.4337,70.7682,69.45,72.0,68.4,64.7250022888184,up,2026-09-11T12:40:18,322.0,45.0
AAPL,2028-12-15,826,Put,340.0,AAPL281215P00340000,46.15,46.5,46.325,46.4,-3.625,-7.24638,45.0,285.0,0.2905,-0.3908,0.0032,1.8353,-0.0367,-2.4169,46.3269,47.22,47.22,45.68,50.0249996185303,no_change,2026-09-11T12:07:57,10.0,42.0
AAPL,2028-12-15,826,Call,350.0,AAPL281215C00350000,65.6,67.25,66.425,66.0,5.65,9.36205,31.0,4260.0,0.2904,0.6435,0.0026,1.8711,-0.0262,3.3503,66.1556,66.0,67.47,64.56,60.3500003814697,down,2026-09-11T11:53:31,126.0,480.0
AAPL,2028-12-15,826,Put,350.0,AAPL281215P00350000,50.3,51.9,51.099999999999994,51.4,-3.775,-6.84187,9.0,580.0,0.2874,-0.4235,0.0034,1.8586,-0.038,-2.5053,51.3833,53.0,53.0,51.4,55.1749992370606,down,2026-09-11T12:19:18,358.0,532.0
AAPL,2028-12-15,826,Call,360.0,AAPL281215C00360000,61.2,62.3,61.75,61.64,5.44,9.67971,49.0,1605.0,0.2872,0.6188,0.0026,1.9112,-0.0272,3.2641,61.7837,55.56,62.62,55.56,56.2000007629394,down,2026-09-11T12:19:52,297.0,142.0
AAPL,2028-12-15,826,Put,360.0,AAPL281215P00360000,56.55,57.0,56.775,56.8,-4.225,-6.92339,31.0,1554.0,0.2874,-0.457,0.0036,1.8655,-0.0391,-2.567,56.778,57.7,57.7,56.5,61.0249996185303,no_change,2026-09-11T12:06:25,13.0,194.0
AAPL,2028-12-15,826,Call,370.0,AAPL281215C00370000,57.1,58.2,57.650000000000006,58.35,6.25,11.9962,585.0,1322.0,0.2861,0.5942,0.0027,1.9436,-0.028,3.1713,57.6449,56.6,58.35,56.42,52.0999984741211,up,2026-09-11T12:30:35,314.0,192.0
AAPL,2028-12-15,826,Put,370.0,AAPL281215P00370000,62.3,62.75,62.525,62.4,-5.05,-7.48703,70.0,86.0,0.2862,-0.4914,0.0038,1.8713,-0.0402,-2.6514,62.4837,63.1,63.1,62.15,67.4500007629394,up,2026-09-11T12:24:26,1.0,174.0
AAPL,2028-12-15,826,Call,380.0,AAPL281215C00380000,52.9,54.35,53.625,54.0,4.9,9.97963,50.0,1131.0,0.2842,0.5696,0.0028,1.9683,-0.0287,3.0715,53.7373,54.0,54.0,54.0,49.1000003814697,no_change,2026-09-11T10:40:39,519.0,232.0
AAPL,2028-12-15,826,Put,380.0,AAPL281215P00380000,68.3,69.6,68.94999999999999,68.35,-4.9,-6.68942,85.0,297.0,0.287,-0.5267,0.0039,1.8488,-0.0412,-2.7106,68.53,68.2,68.6,68.2,73.25,no_change,2026-09-11T12:36:52,1.0,523.0
AAPL,2028-12-15,826,Call,390.0,AAPL281215C00390000,48.75,50.8,49.775,50.2,4.925,10.878,5.0,2927.0,0.2821,0.5452,0.0028,1.9855,-0.0292,2.9721,50.0528,49.76,50.49,49.5,45.2749996185303,down,2026-09-11T11:36:58,634.0,263.0
AAPL,2028-12-15,826,Put,390.0,AAPL281215P00390000,73.55,75.5,74.525,74.45,-5.7,-7.11167,42.0,64.0,0.2814,-0.5625,0.0041,1.7976,-0.0421,-2.6756,74.8982,74.45,74.45,74.45,80.1500015258789,no_change,2026-09-11T12:15:15,260.0,318.0
AAPL,2028-12-15,826,Call,400.0,AAPL281215C00400000,46.15,47.0,46.575,46.12,3.87,9.15976,75.0,4866.0,0.2824,0.5211,0.0028,1.9952,-0.0295,2.8681,46.583,43.0,47.5,43.0,42.25,up,2026-09-11T12:33:23,310.0,111.0
AAPL,2028-12-15,826,Put,400.0,AAPL281215P00400000,81.3,82.05,81.675,81.65,-5.725,-6.55222,33.0,91.0,0.283,-0.5987,0.0042,1.7648,-0.0429,-2.6238,81.5725,82.72,82.72,80.34,87.375,up,2026-09-11T12:07:57,1.0,231.0
AAPL,2028-12-15,826,Call,410.0,AAPL281215C00410000,42.45,43.85,43.150000000000006,43.35,4.3,11.0115,29.0,1075.0,0.2805,0.4973,0.0028,1.9976,-0.0298,2.7601,43.324,39.9,43.35,39.9,39.0500011444092,up,2026-09-11T12:19:12,567.0,193.0
AAPL,2028-12-15,826,Put,410.0,AAPL281215P00410000,88.3,90.05,89.175,88.75,-6.15,-6.48051,4.0,17.0,0.2849,-0.6359,0.0044,1.6983,-0.0435,-2.6606,88.5937,89.89,89.89,87.15,94.9000015258789,up,2026-09-11T12:10:12,1.0,457.0
AAPL,2028-12-15,826,Call,420.0,AAPL281215C00420000,39.45,40.8,40.125,40.1,3.7,10.1648,17.0,902.0,0.2796,0.474,0.0028,1.9938,-0.0299,2.6547,40.2665,40.11,40.92,40.1,36.3999996185303,down,2026-09-11T12:19:12,337.0,164.0
AAPL,2028-12-15,826,Put,420.0,AAPL281215P00420000,94.15,96.9,95.525,96.03,-6.37,-6.2207,3.0,19.0,0.2777,-0.6735,0.0045,1.5733,-0.0442,-2.5007,95.9425,94.99,96.03,94.33,102.400001525879,up,2026-09-11T12:10:12,127.0,272.0
AAPL,2028-12-15,826,Call,430.0,AAPL281215C00430000,36.3,38.15,37.224999999999994,33.39,0.0,0.0,0.0,1518.0,0.2786,0.4513,0.0028,1.9835,-0.0298,2.5475,37.4008,0.0,0.0,0.0,33.6000003814697,down,2026-09-10T13:33:07,199.0,167.0
AAPL,2028-12-15,826,Put,430.0,AAPL281215P00430000,101.35,105.5,103.425,106.85,0.0,0.0,0.0,10.0,0.2784,-0.7111,0.0047,1.5112,-0.0447,-2.3121,103.5733,0.0,0.0,0.0,110.400001525879,down,2026-09-03T11:20:06,386.0,411.0
AAPL,2028-12-15,826,Call,440.0,AAPL281215C00440000,33.65,35.1,34.375,34.45,3.7,12.0325,62.0,1192.0,0.2768,0.4291,0.0028,1.9667,-0.0297,2.4381,34.7219,32.15,34.45,32.15,30.75,up,2026-09-11T11:58:32,672.0,114.0
AAPL,2028-12-15,826,Put,440.0,AAPL281215P00440000,109.25,112.9,111.075,129.98,0.0,0.0,0.0,7.0,0.275,-0.75,0.0049,1.3785,-0.0456,-2.2892,111.5548,0.0,0.0,0.0,118.825000762939,up,2026-08-24T12:42:51,430.0,338.0
AAPL,2028-12-15,826,Call,450.0,AAPL281215C00450000,31.55,32.65,32.1,33.0,4.25,14.7826,521.0,4045.0,0.2772,0.4075,0.0028,1.9452,-0.0295,2.3326,32.2206,29.65,33.0,29.65,28.75,no_change,2026-09-11T11:15:53,546.0,207.0
AAPL,2028-12-15,826,Put,450.0,AAPL281215P00450000,117.95,121.5,119.725,118.41,-8.915,-7.00177,3.0,5.0,0.2767,-0.7875,0.0049,1.1834,-0.0459,-1.9178,119.8526,120.0,120.0,118.41,127.325000762939,down,2026-09-11T11:08:05,201.0,427.0
AAPL,2028-12-15,826,Call,460.0,AAPL281215C00460000,29.35,30.35,29.85,28.3,1.725,6.49106,1.0,592.0,0.2769,0.3866,0.0028,1.9191,-0.0292,2.2287,29.8862,28.3,28.3,28.3,26.5749998092651,up,2026-09-11T09:54:53,460.0,221.0
AAPL,2028-12-15,826,Put,460.0,AAPL281215P00460000,126.5,130.5,128.5,148.54,0.0,0.0,0.0,1.0,0.278,-0.8259,0.005,1.1047,-0.0464,-1.644,128.4069,0.0,0.0,0.0,136.300003051758,up,2026-08-24T12:41:57,157.0,166.0
AAPL,2028-12-15,826,Call,470.0,AAPL281215C00470000,27.1,28.8,27.950000000000003,27.58,2.73,10.9859,5.0,426.0,0.2778,0.3664,0.0027,1.8876,-0.0288,2.1235,27.7124,27.58,27.58,27.58,24.8499994277954,up,2026-09-11T10:27:41,220.0,578.0
AAPL,2028-12-15,826,Put,470.0,AAPL281215P00470000,135.0,139.0,137.0,158.23,0.0,0.0,0.0,0.0,0.2722,-0.8657,0.0051,0.8414,-0.0479,-1.4628,137.353,0.0,0.0,0.0,145.349998474121,up,2026-08-24T12:42:51,321.0,78.0
AAPL,2028-12-15,826,Call,480.0,AAPL281215C00480000,25.0,26.3,25.65,21.5,0.0,0.0,0.0,396.0,0.2757,0.347,0.0027,1.8525,-0.0283,2.022,25.6916,0.0,0.0,0.0,22.8249998092651,up,2026-09-10T13:17:26,353.0,222.0
AAPL,2028-12-15,826,Put,480.0,AAPL281215P00480000,144.5,148.5,146.5,0.0,0.0,0.0,0.0,0.0,0.2762,-0.9019,0.0051,0.7254,-0.0459,-1.0379,146.4847,0.0,0.0,0.0,154.650001525879,no_change,,158.0,63.0
AAPL,2028-12-15,826,Call,490.0,AAPL281215C00490000,23.35,24.15,23.75,18.57,0.0,0.0,0.0,322.0,0.275,0.3283,0.0026,1.815,-0.0277,1.9252,23.8127,0.0,0.0,0.0,21.0749998092651,down,2026-09-04T11:11:04,349.0,8.0
AAPL,2028-12-15,826,Put,490.0,AAPL281215P00490000,154.1,158.0,156.05,216.8,0.0,0.0,0.0,0.0,0.2776,-0.9319,0.0046,0.4697,-0.0433,-0.8243,155.9529,0.0,0.0,0.0,164.5,down,2026-04-30T13:32:30,46.0,46.0
AAPL,2028-12-15,826,Call,500.0,AAPL281215C00500000,21.9,22.3,22.1,21.96,2.285,11.6137,61.0,2180.0,0.2751,0.3104,0.0026,1.774,-0.0271,1.8289,22.068,21.0,22.52,21.0,19.6750001907349,down,2026-09-11T12:26:04,116.0,17.0
AAPL,2028-12-15,826,Put,500.0,AAPL281215P00500000,163.5,167.8,165.65,196.8,0.0,0.0,0.0,0.0,0.0,-0.9559,0.0035,0.2097,-0.0388,0.0,165.715,0.0,0.0,0.0,174.5,no_change,2026-08-13T15:11:53,9.0,8.0
AAPL,2028-12-15,826,Call,510.0,AAPL281215C00510000,19.7,20.9,20.299999999999997,20.6,2.475,13.6552,1.0,313.0,0.2736,0.2933,0.0025,1.7298,-0.0265,1.7346,20.4513,20.6,20.6,20.6,18.125,up,2026-09-11T10:35:45,549.0,166.0
AAPL,2028-12-15,826,Put,510.0,AAPL281215P00510000,173.75,177.5,175.625,177.95,-6.55,-3.55014,5.0,0.0,0.0,-0.9757,0.0019,0.0,-0.0388,0.0,175.715,178.0,178.1,177.95,184.5,down,2026-09-11T09:56:11,14.0,14.0
AAPL,2028-12-15,826,Call,520.0,AAPL281215C00520000,18.75,19.5,19.125,19.09,2.365,14.1405,103.0,1903.0,0.2752,0.277,0.0024,1.6846,-0.0258,1.646,18.9537,18.83,19.09,18.83,16.7250003814697,no_change,2026-09-11T12:21:23,124.0,357.0
AAPL,2028-12-15,826,Put,520.0,AAPL281215P00520000,183.5,188.0,185.75,191.8,0.0,0.0,0.0,0.0,0.2998,-0.9892,0.0008,0.0,-0.0388,0.0,185.715,0.0,0.0,0.0,194.375,down,2026-09-03T10:18:15,8.0,10.0
AAPL,2028-12-15,826,Call,530.0,AAPL281215C00530000,16.85,18.1,17.475,17.49,2.115,13.7561,15.0,161.0,0.2733,0.2614,0.0024,1.6384,-0.0251,1.5611,17.5661,17.0,18.1,17.0,15.375,no_change,2026-09-11T12:21:23,505.0,229.0
AAPL,2028-12-15,826,Put,530.0,AAPL281215P00530000,193.5,197.9,195.7,205.0,0.0,0.0,0.0,0.0,0.0,-0.9988,0.0001,0.0,-0.0388,0.0,195.715,0.0,0.0,0.0,204.375,down,2026-09-01T11:23:27,13.0,13.0
AAPL,2028-12-15,826,Call,540.0,AAPL281215C00540000,15.8,17.05,16.425,14.72,0.37,2.5784,2.0,80.0,0.2745,0.2466,0.0023,1.5902,-0.0244,1.4775,16.2821,14.72,14.72,14.72,14.3499999046326,no_change,2026-09-11T09:30:00,344.0,523.0
AAPL,2028-12-15,826,Put,540.0,AAPL281215P00540000,203.5,207.8,205.65,207.6,0.0,0.0,0.0,0.0,0.0,-1.0,0.0,0.0,-0.0388,0.0,205.715,0.0,0.0,0.0,214.349998474121,up,2026-07-30T15:48:39,13.0,13.0
AAPL,2028-12-15,826,Call,550.0,AAPL281215C00550000,14.95,15.6,15.274999999999999,15.32,2.195,16.7238,58.0,363.0,0.2746,0.2326,0.0022,1.5407,-0.0236,1.3973,15.0959,13.85,15.32,13.85,13.125,up,2026-09-11T10:47:53,171.0,331.0
AAPL,2028-12-15,826,Put,550.0,AAPL281215P00550000,213.5,218.0,215.75,224.2,0.0,0.0,0.0,0.0,0.3271,-1.0,0.0,0.0,-0.0388,0.0,215.715,0.0,0.0,0.0,224.349998474121,down,2026-09-01T15:17:19,13.0,10.0
AAPL,2028-12-15,826,Call,560.0,AAPL281215C00560000,13.6,14.75,14.175,11.91,0.0,0.0,0.0,94.0,0.2745,0.2193,0.0022,1.4916,-0.0229,1.3225,13.9996,0.0,0.0,0.0,11.9499998092651,down,2026-09-10T11:03:29,267.0,417.0
AAPL,2028-12-15,826,Put,560.0,AAPL281215P00560000,223.5,228.0,225.75,0.0,0.0,0.0,0.0,0.0,0.3358,-1.0,0.0,0.0,-0.0388,0.0,225.715,0.0,0.0,0.0,234.400001525879,no_change,,13.0,10.0
AAPL,2028-12-15,826,Call,570.0,AAPL281215C00570000,12.65,13.45,13.05,13.35,1.9,16.5939,1.0,48.0,0.2736,0.2067,0.0021,1.4431,-0.0221,1.2514,12.986,13.35,13.35,13.35,11.4500002861023,up,2026-09-11T10:45:44,361.0,168.0
AAPL,2028-12-15,826,Put,570.0,AAPL281215P00570000,233.5,238.0,235.75,241.93,0.0,0.0,0.0,0.0,0.3443,-1.0,0.0,0.0,-0.0388,0.0,235.715,0.0,0.0,0.0,244.400001525879,up,2026-07-21T15:54:13,13.0,10.0
AAPL,2028-12-15,826,Call,580.0,AAPL281215C00580000,11.6,12.45,12.024999999999999,12.1,1.6,15.2381,9.0,153.0,0.2729,0.1947,0.002,1.3938,-0.0214,1.1821,12.0498,12.1,12.1,12.1,10.5,no_change,2026-09-11T12:25:44,404.0,76.0
AAPL,2028-12-15,826,Put,580.0,AAPL281215P00580000,243.5,248.0,245.75,252.6,0.0,0.0,0.0,0.0,0.3526,-1.0,0.0,0.0,-0.0388,0.0,245.715,0.0,0.0,0.0,254.425003051758,up,2026-07-21T15:53:36,6.0,10.0
AAPL,2028-12-15,826,Call,590.0,AAPL281215C00590000,10.9,11.8,11.350000000000001,11.09,1.265,12.8753,11.0,205.0,0.2743,0.1835,0.0019,1.3442,-0.0206,1.1158,11.1861,11.25,11.25,11.09,9.82499980926514,down,2026-09-11T09:45:31,314.0,418.0
AAPL,2028-12-15,826,Put,590.0,AAPL281215P00590000,253.5,258.0,255.75,264.5,0.0,0.0,0.0,0.0,0.3608,-1.0,0.0,0.0,-0.0388,0.0,255.715,0.0,0.0,0.0,264.449996948242,no_change,2026-07-21T15:36:46,6.0,8.0
AAPL,2028-12-15,826,Call,600.0,AAPL281215C00600000,10.05,10.5,10.275,10.47,1.395,15.3719,95.0,4706.0,0.2722,0.1729,0.0019,1.2958,-0.0199,1.0543,10.3891,10.0,10.8,9.95,9.07499980926514,no_change,2026-09-11T12:25:08,387.0,1.0
AAPL,2028-12-15,826,Put,600.0,AAPL281215P00600000,263.5,268.0,265.75,318.86,0.0,0.0,0.0,0.0,0.3688,-1.0,0.0,0.0,-0.0388,0.0,265.715,0.0,0.0,0.0,274.350006103516,up,2026-06-26T14:16:43,6.0,4.0
