root,expiration,dte,type,strike,option,bid,ask,mid,last_trade_price,change,percent_change,volume,open_interest,iv,delta,gamma,vega,theta,rho,theo,open,high,low,prev_day_close,tick,last_trade_time,bid_size,ask_size
BMNR,2026-08-28,4,Call,5.0,BMNR260828C00005000,19.3,19.75,19.525,19.7,1.975,11.1425,1.0,1.0,6.694,0.9998,0.0001,0.0,0.0,0.0,19.4954,19.7,19.7,19.7,17.7250003814697,up,2026-08-24T11:45:09,39.0,21.0
BMNR,2026-08-28,4,Put,5.0,BMNR260828P00005000,0.0,2.13,1.065,0.02,0.0,0.0,0.0,30.0,0.0,-0.0003,0.0001,0.0,-0.0008,0.0,0.0009,0.0,0.0,0.0,1.06500005722046,up,2026-08-20T11:47:00,0.0,15.0
BMNR,2026-08-28,4,Call,6.0,BMNR260828C00006000,18.3,18.75,18.525,18.7,1.975,11.8087,4.0,1.0,5.9371,0.9998,0.0001,0.0,0.0,0.0,18.4954,18.7,18.7,18.7,16.7250003814697,no_change,2026-08-24T12:42:55,42.0,21.0
BMNR,2026-08-28,4,Put,6.0,BMNR260828P00006000,0.0,2.13,1.065,0.0,0.0,0.0,0.0,0.0,0.0,-0.0003,0.0001,0.0,-0.0009,0.0,0.001,0.0,0.0,0.0,1.06500005722046,no_change,,0.0,16.0
BMNR,2026-08-28,4,Call,7.0,BMNR260828C00007000,17.3,17.75,17.525,12.4,0.0,0.0,0.0,2.0,5.3043,0.9998,0.0001,0.0,0.0,0.0,17.4955,0.0,0.0,0.0,15.7249999046326,up,2026-08-19T10:50:34,32.0,9.0
BMNR,2026-08-28,4,Put,7.0,BMNR260828P00007000,0.0,2.13,1.065,0.0,0.0,0.0,0.0,0.0,0.0,-0.0004,0.0001,0.0,-0.0009,0.0,0.0011,0.0,0.0,0.0,1.06500005722046,no_change,,0.0,43.0
BMNR,2026-08-28,4,Call,8.0,BMNR260828C00008000,16.3,16.75,16.525,11.6,0.0,0.0,0.0,1.0,4.7605,0.9997,0.0002,0.0,0.0,0.0001,16.4956,0.0,0.0,0.0,14.7249999046326,up,2026-08-19T10:53:45,33.0,11.0
BMNR,2026-08-28,4,Put,8.0,BMNR260828P00008000,0.0,2.13,1.065,0.0,0.0,0.0,0.0,0.0,0.0,-0.0005,0.0002,0.0,-0.001,0.0,0.0011,0.0,0.0,0.0,1.06500005722046,no_change,,0.0,10.0
BMNR,2026-08-28,4,Call,9.0,BMNR260828C00009000,15.3,15.75,15.525,9.74,0.0,0.0,0.0,1.0,4.2835,0.9996,0.0002,0.0,0.0,0.0001,15.4956,0.0,0.0,0.0,13.7249999046326,up,2026-08-18T11:41:04,44.0,21.0
BMNR,2026-08-28,4,Put,9.0,BMNR260828P00009000,0.0,0.01,0.005,0.01,0.0,0.0,0.0,2000.0,3.4466,-0.0006,0.0003,0.0,-0.0011,0.0,0.0013,0.0,0.0,0.0,0.00499999988824129,no_change,2026-08-17T15:30:49,0.0,280.0
BMNR,2026-08-28,4,Call,9.5,BMNR260828C00009500,14.8,15.25,15.025,0.0,0.0,0.0,0.0,0.0,4.0652,0.9995,0.0003,0.0,0.0,0.0001,14.9957,0.0,0.0,0.0,13.2249999046326,no_change,,43.0,21.0
BMNR,2026-08-28,4,Put,9.5,BMNR260828P00009500,0.0,0.01,0.005,0.01,0.0,0.0,0.0,7450.0,3.2693,-0.0006,0.0003,0.0001,-0.0012,0.0,0.0013,0.0,0.0,0.0,0.00499999988824129,no_change,2026-08-18T15:46:22,0.0,150.0
BMNR,2026-08-28,4,Call,10.0,BMNR260828C00010000,14.3,14.75,14.525,14.67,1.945,15.2849,1.0,3.0,3.8583,0.9994,0.0003,0.0,-0.0001,0.0001,14.4958,14.67,14.67,14.67,12.7250003814697,up,2026-08-24T11:50:43,47.0,21.0
BMNR,2026-08-28,4,Put,10.0,BMNR260828P00010000,0.0,0.01,0.005,0.01,0.0,0.0,0.0,5023.0,3.1011,-0.0007,0.0004,0.0001,-0.0012,0.0,0.0014,0.0,0.0,0.0,0.00499999988824129,no_change,2026-08-20T15:32:52,0.0,250.0
BMNR,2026-08-28,4,Call,10.5,BMNR260828C00010500,13.85,14.25,14.05,14.23,2.005,16.4008,1.0,1.0,3.9906,0.9994,0.0004,0.0,-0.0002,0.0002,13.9959,14.23,14.23,14.23,12.2249999046326,up,2026-08-24T11:50:43,55.0,20.0
BMNR,2026-08-28,4,Put,10.5,BMNR260828P00010500,0.0,0.01,0.005,0.01,0.0,0.0,0.0,10776.0,2.9411,-0.0008,0.0004,0.0001,-0.0013,0.0,0.0015,0.0,0.0,0.0,0.00499999988824129,no_change,2026-08-20T15:49:10,0.0,10.0
BMNR,2026-08-28,4,Call,11.0,BMNR260828C00011000,13.35,13.8,13.575,7.69,0.0,0.0,0.0,1.0,4.0237,0.9993,0.0005,0.0001,-0.0003,0.0002,13.496,0.0,0.0,0.0,11.7249999046326,up,2026-08-17T14:03:50,36.0,19.0
BMNR,2026-08-28,4,Put,11.0,BMNR260828P00011000,0.0,0.01,0.005,0.01,0.0,0.0,0.0,10428.0,2.7886,-0.0009,0.0005,0.0001,-0.0014,0.0,0.0017,0.0,0.0,0.0,0.00499999988824129,no_change,2026-08-21T14:46:07,0.0,6.0
BMNR,2026-08-28,4,Call,11.5,BMNR260828C00011500,12.85,13.3,13.075,13.18,1.955,17.4165,1.0,2.0,3.821,0.9991,0.0006,0.0001,-0.0004,0.0002,12.9962,13.18,13.18,13.18,11.2249999046326,up,2026-08-24T12:10:32,34.0,21.0
BMNR,2026-08-28,4,Put,11.5,BMNR260828P00011500,0.0,0.01,0.005,0.07,0.0,0.0,0.0,47.0,2.6428,-0.001,0.0006,0.0001,-0.0015,0.0,0.0018,0.0,0.0,0.0,0.00499999988824129,down,2026-08-21T10:52:11,0.0,10.0
BMNR,2026-08-28,4,Call,12.0,BMNR260828C00012000,12.35,12.8,12.575,12.75,2.025,18.8811,3.0,9.0,3.6269,0.999,0.0007,0.0001,-0.0005,0.0003,12.4963,11.6,12.75,11.6,10.7249999046326,up,2026-08-24T12:10:32,53.0,19.0
BMNR,2026-08-28,4,Put,12.0,BMNR260828P00012000,0.0,0.01,0.005,0.01,-0.1,-90.9091,54.0,68.0,2.5031,-0.0012,0.0007,0.0001,-0.0017,0.0,0.002,0.01,0.09,0.01,0.109999999403954,no_change,2026-08-24T09:54:08,0.0,10.0
BMNR,2026-08-28,4,Call,12.5,BMNR260828C00012500,11.85,12.3,12.075,5.45,0.0,0.0,0.0,2.0,3.4406,0.9988,0.0008,0.0001,-0.0007,0.0003,11.9966,0.0,0.0,0.0,10.2249999046326,down,2026-08-14T11:09:13,46.0,20.0
BMNR,2026-08-28,4,Put,12.5,BMNR260828P00012500,0.0,0.01,0.005,0.01,-0.005,-33.3333,15.0,150.0,2.369,-0.0014,0.0008,0.0001,-0.0018,0.0,0.0022,0.05,0.05,0.01,0.0149999996647239,down,2026-08-24T09:48:20,0.0,10.0
BMNR,2026-08-28,4,Call,13.0,BMNR260828C00013000,11.35,11.8,11.575,8.41,0.0,0.0,0.0,6.0,3.2615,0.9986,0.001,0.0001,-0.001,0.0003,11.4968,0.0,0.0,0.0,9.72499990463257,up,2026-08-20T09:54:11,43.0,19.0
BMNR,2026-08-28,4,Put,13.0,BMNR260828P00013000,0.0,0.01,0.005,0.01,-0.1,-90.9091,10.0,163.0,2.24,-0.0016,0.0009,0.0001,-0.002,0.0,0.0025,0.01,0.08,0.01,0.109999999403954,down,2026-08-24T12:42:42,0.0,849.0
BMNR,2026-08-28,4,Call,13.5,BMNR260828C00013500,10.85,11.3,11.075,4.56,0.0,0.0,0.0,6.0,3.0889,0.9983,0.0012,0.0001,-0.0012,0.0004,10.9971,0.0,0.0,0.0,9.22499990463257,down,2026-08-14T11:09:13,41.0,22.0
BMNR,2026-08-28,4,Put,13.5,BMNR260828P00013500,0.0,0.01,0.005,0.01,-0.1,-90.9091,14.0,75.0,2.1157,-0.0019,0.0011,0.0001,-0.0023,0.0,0.0028,0.01,0.11,0.01,0.109999999403954,no_change,2026-08-24T11:39:32,0.0,5.0
BMNR,2026-08-28,4,Call,14.0,BMNR260828C00014000,10.35,10.8,10.575,10.52,1.795,20.5731,3.0,109.0,2.9222,0.9979,0.0014,0.0002,-0.0015,0.0005,10.4975,9.5,10.52,9.5,8.72499990463257,up,2026-08-24T11:51:49,508.0,897.0
BMNR,2026-08-28,4,Put,14.0,BMNR260828P00014000,0.0,0.01,0.005,0.01,-0.01,-50.0,115.0,3363.0,1.9957,-0.0022,0.0014,0.0002,-0.0026,0.0,0.0032,0.07,0.1,0.01,0.0199999995529652,down,2026-08-24T12:14:54,0.0,5.0
BMNR,2026-08-28,4,Call,14.5,BMNR260828C00014500,9.85,10.3,10.075,4.2,0.0,0.0,0.0,246.0,2.7611,0.9975,0.0018,0.0002,-0.0019,0.0006,9.998,0.0,0.0,0.0,8.25,no_change,2026-08-19T10:09:47,335.0,39.0
BMNR,2026-08-28,4,Put,14.5,BMNR260828P00014500,0.0,0.01,0.005,0.02,0.0,2.23517e-06,3.0,14173.0,1.8797,-0.0026,0.0017,0.0002,-0.0029,0.0,0.0037,0.01,0.02,0.01,0.0199999995529652,up,2026-08-24T10:33:18,0.0,15.0
BMNR,2026-08-28,4,Call,15.0,BMNR260828C00015000,9.35,9.8,9.575,8.91,1.185,15.3398,3.0,164.0,2.6049,0.9969,0.0022,0.0002,-0.0024,0.0006,9.4987,8.91,8.91,8.91,7.72499990463257,up,2026-08-24T10:14:08,458.0,56.0
BMNR,2026-08-28,4,Put,15.0,BMNR260828P00015000,0.0,0.05,0.025,0.01,-0.005,-33.3333,46.0,1411.0,2.1528,-0.0031,0.0021,0.0002,-0.0034,0.0,0.0043,0.1,0.1,0.01,0.0149999996647239,no_change,2026-08-24T11:59:28,0.0,1189.0
BMNR,2026-08-28,4,Call,15.5,BMNR260828C00015500,8.85,9.3,9.075,9.2,1.975,27.3356,18.0,199.0,2.4534,0.9962,0.0027,0.0003,-0.003,0.0008,8.9995,8.2,9.2,8.2,7.22499990463257,up,2026-08-24T12:10:26,604.0,778.0
BMNR,2026-08-28,4,Put,15.5,BMNR260828P00015500,0.0,0.08,0.04,0.01,0.0,2.23517e-06,81.0,3173.0,2.1728,-0.0038,0.0026,0.0003,-0.0039,0.0,0.0051,0.03,0.11,0.01,0.00999999977648258,no_change,2026-08-24T12:14:44,0.0,1148.0
BMNR,2026-08-28,4,Call,16.0,BMNR260828C00016000,8.35,8.8,8.575,8.8,2.125,31.8352,25.0,167.0,2.3061,0.9953,0.0034,0.0003,-0.0037,0.0008,8.5005,7.55,8.8,7.55,6.67499995231628,no_change,2026-08-24T12:27:47,654.0,915.0
BMNR,2026-08-28,4,Put,16.0,BMNR260828P00016000,0.0,0.03,0.015,0.01,0.0,2.23517e-06,56.0,1149.0,1.7693,-0.0047,0.0033,0.0004,-0.0046,0.0,0.0061,0.04,0.04,0.01,0.00999999977648258,no_change,2026-08-24T11:12:42,0.0,34.0
BMNR,2026-08-28,4,Call,16.5,BMNR260828C00016500,7.85,8.1,7.975,8.05,1.825,29.3173,19.0,186.0,0.0,0.9941,0.0042,0.0004,-0.0046,0.001,8.0019,7.48,8.08,7.48,6.22499990463257,down,2026-08-24T12:52:52,851.0,45.0
BMNR,2026-08-28,4,Put,16.5,BMNR260828P00016500,0.01,0.02,0.015,0.02,0.0,2.23517e-06,70.0,734.0,1.6544,-0.0058,0.0042,0.0004,-0.0054,0.0,0.0074,0.05,0.05,0.01,0.0199999995529652,up,2026-08-24T11:58:19,10.0,35.0
BMNR,2026-08-28,4,Call,17.0,BMNR260828C00017000,7.35,7.8,7.574999999999999,6.55,0.825,14.4105,18.0,1658.0,2.0231,0.9926,0.0054,0.0005,-0.0058,0.0011,7.5036,6.9,6.9,6.55,5.72499990463257,down,2026-08-24T09:31:36,660.0,697.0
BMNR,2026-08-28,4,Put,17.0,BMNR260828P00017000,0.0,0.02,0.01,0.01,-0.015,-60.0,107.0,1211.0,1.4636,-0.0073,0.0053,0.0005,-0.0065,0.0,0.009,0.01,0.09,0.01,0.0249999994412065,no_change,2026-08-24T12:00:21,0.0,10.0
BMNR,2026-08-28,4,Call,17.5,BMNR260828C00017500,6.85,7.3,7.074999999999999,7.3,2.1,40.3846,41.0,1197.0,1.8867,0.9906,0.007,0.0006,-0.0072,0.0012,7.006,6.0,7.45,6.0,5.20000004768372,up,2026-08-24T12:20:29,630.0,949.0
BMNR,2026-08-28,4,Put,17.5,BMNR260828P00017500,0.01,0.02,0.015,0.05,0.03,150.0,98.0,908.0,1.4331,-0.0093,0.0069,0.0006,-0.0079,0.0,0.0113,0.05,0.05,0.01,0.0199999995529652,no_change,2026-08-24T12:20:11,40.0,11.0
BMNR,2026-08-28,4,Call,18.0,BMNR260828C00018000,6.35,6.6,6.475,6.85,2.125,44.9735,111.0,2489.0,0.0,0.9878,0.0091,0.0008,-0.0091,0.0014,6.5092,5.8,6.9,5.8,4.72500014305115,no_change,2026-08-24T11:32:10,905.0,47.0
BMNR,2026-08-28,4,Put,18.0,BMNR260828P00018000,0.01,0.03,0.02,0.02,-0.015,-42.8571,48.0,481.0,1.3817,-0.012,0.009,0.0008,-0.0097,0.0,0.0144,0.1,0.1,0.01,0.034999999217689,down,2026-08-24T12:40:14,50.0,55.0
BMNR,2026-08-28,4,Call,18.5,BMNR260828C00018500,5.85,6.3,6.074999999999999,6.06,1.76,40.9302,109.0,1990.0,1.6224,0.984,0.012,0.001,-0.0115,0.0016,6.0136,5.2,6.37,5.2,4.29999995231628,down,2026-08-24T12:57:05,763.0,570.0
BMNR,2026-08-28,4,Put,18.5,BMNR260828P00018500,0.01,0.03,0.02,0.01,-0.035,-77.7778,665.0,1156.0,1.2736,-0.0158,0.0119,0.001,-0.0121,-0.0001,0.0186,0.08,0.08,0.01,0.0449999999254942,down,2026-08-24T12:51:57,26.0,1.0
BMNR,2026-08-28,4,Call,19.0,BMNR260828C00019000,5.45,5.6,5.525,5.48,1.68,44.2105,242.0,5512.0,1.2444,0.9788,0.016,0.0013,-0.0147,0.0018,5.5197,4.67,5.91,4.59,3.80000007152557,no_change,2026-08-24T12:55:13,164.0,36.0
BMNR,2026-08-28,4,Put,19.0,BMNR260828P00019000,0.02,0.04,0.03,0.03,-0.035,-53.8462,1119.0,822.0,1.2451,-0.0209,0.0159,0.0013,-0.0152,-0.0001,0.0246,0.03,0.05,0.02,0.0649999994784594,no_change,2026-08-24T12:54:07,8.0,31.0
BMNR,2026-08-28,4,Call,19.5,BMNR260828C00019500,4.85,5.3,5.074999999999999,5.19,1.84,54.9254,494.0,1863.0,1.3677,0.9714,0.0214,0.0017,-0.0189,0.002,5.0284,4.2,5.36,4.0,3.35000002384186,down,2026-08-24T12:41:22,782.0,656.0
BMNR,2026-08-28,4,Put,19.5,BMNR260828P00019500,0.02,0.04,0.03,0.02,-0.075,-78.9474,143.0,633.0,1.1357,-0.0282,0.0213,0.0017,-0.0194,-0.0001,0.0331,0.04,0.04,0.02,0.0949999988079071,no_change,2026-08-24T12:08:35,39.0,1.0
BMNR,2026-08-28,4,Call,20.0,BMNR260828C00020000,4.45,4.6,4.525,4.5,1.585,54.3739,572.0,8070.0,1.0251,0.9611,0.0288,0.0022,-0.0245,0.0022,4.541,3.77,4.95,3.37,2.91499996185303,down,2026-08-24T12:56:01,568.0,117.0
BMNR,2026-08-28,4,Put,20.0,BMNR260828P00020000,0.04,0.05,0.045,0.04,-0.105,-72.4138,1825.0,1910.0,1.1065,-0.0386,0.0287,0.0022,-0.025,-0.0002,0.0455,0.1,0.1,0.03,0.144999995827675,no_change,2026-08-24T12:53:36,103.0,110.0
BMNR,2026-08-28,4,Call,20.5,BMNR260828C00020500,3.9,4.25,4.075,4.15,1.67,67.3387,386.0,2467.0,1.1201,0.9464,0.0387,0.0028,-0.0319,0.0024,4.0597,3.22,4.45,3.0,2.4799998998642,down,2026-08-24T12:56:53,899.0,170.0
BMNR,2026-08-28,4,Put,20.5,BMNR260828P00020500,0.05,0.07,0.060000000000000005,0.07,-0.145,-67.4419,571.0,669.0,1.054,-0.0532,0.0387,0.0028,-0.0323,-0.0002,0.0639,0.12,0.12,0.05,0.215000003576279,up,2026-08-24T12:19:54,74.0,53.0
BMNR,2026-08-28,4,Call,21.0,BMNR260828C00021000,3.45,3.65,3.55,3.45,1.33,62.7358,1008.0,4158.0,0.9169,0.9256,0.0517,0.0037,-0.0416,0.0026,3.5874,2.79,4.01,2.5,2.12000000476837,down,2026-08-24T12:55:03,820.0,62.0
BMNR,2026-08-28,4,Put,21.0,BMNR260828P00021000,0.08,0.09,0.08499999999999999,0.07,-0.245,-77.7778,935.0,2211.0,1.0155,-0.074,0.0516,0.0037,-0.0419,-0.0003,0.0914,0.16,0.2,0.07,0.315000012516975,down,2026-08-24T12:43:42,310.0,146.0
BMNR,2026-08-28,4,Call,21.5,BMNR260828C00021500,3.0,3.25,3.125,3.2,1.485,86.5889,273.0,1557.0,0.9974,0.8967,0.068,0.0047,-0.0537,0.0027,3.1288,2.61,3.53,2.28,1.71499997377396,down,2026-08-24T12:52:59,717.0,98.0
BMNR,2026-08-28,4,Put,21.5,BMNR260828P00021500,0.12,0.13,0.125,0.12,-0.33,-73.3333,888.0,713.0,0.9892,-0.1029,0.0679,0.0047,-0.0541,-0.0004,0.1325,0.26,0.3,0.11,0.450000002980232,no_change,2026-08-24T12:52:49,379.0,234.0
BMNR,2026-08-28,4,Call,22.0,BMNR260828C00022000,2.62,2.73,2.675,2.82,1.395,97.8947,1849.0,6239.0,0.9591,0.8575,0.087,0.0059,-0.0684,0.0027,2.69,2.08,3.1,1.73,1.42500001192093,no_change,2026-08-24T12:53:52,592.0,58.0
BMNR,2026-08-28,4,Put,22.0,BMNR260828P00022000,0.19,0.2,0.195,0.19,-0.445,-70.0787,4843.0,3424.0,0.9878,-0.142,0.087,0.0059,-0.0686,-0.0006,0.1934,0.39,0.41,0.16,0.634999990463257,down,2026-08-24T12:55:15,39.0,398.0
BMNR,2026-08-28,4,Call,22.5,BMNR260828C00022500,2.24,2.32,2.2800000000000002,2.27,1.125,98.2533,573.0,1499.0,0.9747,0.8068,0.1073,0.0072,-0.0847,0.0027,2.2787,1.66,2.65,1.39,1.14499998092651,down,2026-08-24T12:56:11,176.0,15.0
BMNR,2026-08-28,4,Put,22.5,BMNR260828P00022500,0.27,0.31,0.29000000000000004,0.32,-0.56,-63.6364,1324.0,574.0,0.9843,-0.1927,0.1073,0.0072,-0.085,-0.0008,0.2818,0.47,0.6,0.24,0.879999995231628,up,2026-08-24T12:55:00,206.0,122.0
BMNR,2026-08-28,4,Call,23.0,BMNR260828C00023000,1.89,1.95,1.92,1.88,0.95,102.151,1898.0,4527.0,0.9892,0.7448,0.1263,0.0084,-0.1013,0.0026,1.9027,1.25,2.28,1.16,0.930000007152557,no_change,2026-08-24T12:56:56,166.0,30.0
BMNR,2026-08-28,4,Put,23.0,BMNR260828P00023000,0.41,0.43,0.42,0.42,-0.725,-63.3188,4734.0,572.0,0.9859,-0.2547,0.1264,0.0084,-0.1015,-0.001,0.4055,0.77,0.86,0.35,1.14499998092651,down,2026-08-24T12:55:51,35.0,73.0
BMNR,2026-08-28,4,Call,23.5,BMNR260828C00023500,1.55,1.62,1.585,1.6,0.87,119.178,1050.0,710.0,0.9894,0.6738,0.1413,0.0094,-0.116,0.0024,1.5686,1.11,1.91,0.95,0.729999989271164,down,2026-08-24T12:52:37,146.0,31.0
BMNR,2026-08-28,4,Put,23.5,BMNR260828P00023500,0.56,0.6,0.5800000000000001,0.56,-0.905,-61.7747,983.0,16.0,0.9814,-0.3258,0.1414,0.0094,-0.1162,-0.0013,0.5711,0.95,1.05,0.49,1.46499997377396,up,2026-08-24T12:51:26,30.0,149.0
BMNR,2026-08-28,4,Call,24.0,BMNR260828C00024000,1.28,1.32,1.3,1.25,0.665,113.675,8281.0,3372.0,1.0016,0.5977,0.1502,0.0101,-0.127,0.0022,1.2799,0.86,1.6,0.72,0.58500000834465,up,2026-08-24T12:55:33,126.0,27.0
BMNR,2026-08-28,4,Put,24.0,BMNR260828P00024000,0.78,0.82,0.8,0.8,-1.01,-55.8011,4286.0,157.0,0.9994,-0.4019,0.1503,0.0101,-0.1272,-0.0015,0.7822,1.17,1.37,0.68,1.81000000238419,down,2026-08-24T12:56:41,115.0,129.0
BMNR,2026-08-28,4,Call,24.5,BMNR260828C00024500,1.02,1.08,1.05,1.01,0.545,117.204,3125.0,727.0,1.0095,0.521,0.1524,0.0104,-0.1332,0.0019,1.0365,0.73,1.36,0.59,0.465000003576279,up,2026-08-24T12:56:38,486.0,36.0
BMNR,2026-08-28,4,Put,24.5,BMNR260828P00024500,1.02,1.1,1.06,1.07,-1.17,-52.2321,837.0,2.0,1.0171,-0.4787,0.1525,0.0104,-0.1333,-0.0017,1.0385,1.56,1.75,0.88,2.24000000953674,down,2026-08-24T12:55:58,55.0,459.0
BMNR,2026-08-28,4,Call,25.0,BMNR260828C00025000,0.84,0.86,0.85,0.86,0.495,135.616,9105.0,7190.0,1.0292,0.4476,0.1485,0.0103,-0.1344,0.0016,0.8353,0.4,1.11,0.4,0.364999994635582,no_change,2026-08-24T12:57:15,158.0,101.0
BMNR,2026-08-28,4,Put,25.0,BMNR260828P00025000,1.32,1.4,1.3599999999999999,1.38,-1.275,-48.0226,941.0,46.0,1.0371,-0.5522,0.1486,0.0103,-0.1344,-0.002,1.3371,2.05,2.05,1.18,2.65499997138977,no_change,2026-08-24T12:55:22,20.0,501.0
BMNR,2026-08-28,4,Call,25.5,BMNR260828C00025500,0.64,0.7,0.6699999999999999,0.64,0.64,0.0,7911.0,0.0,1.0346,0.3802,0.1401,0.0099,-0.1311,0.0014,0.6714,0.43,0.89,0.38,0.0,down,2026-08-24T12:55:11,996.0,88.0
BMNR,2026-08-28,4,Put,25.5,BMNR260828P00025500,1.64,1.73,1.685,1.59,1.59,0.0,11.0,0.0,1.053,-0.6196,0.1403,0.0099,-0.1311,-0.0021,1.673,2.25,2.25,1.5,0.0,up,2026-08-24T12:49:45,32.0,55.0
BMNR,2026-08-28,4,Call,26.0,BMNR260828C00026000,0.53,0.56,0.545,0.54,0.295,120.408,2872.0,1834.0,1.0649,0.3203,0.1288,0.0093,-0.1244,0.0012,0.539,0.36,0.74,0.29,0.244999997317791,up,2026-08-24T12:56:47,258.0,25.0
BMNR,2026-08-28,4,Put,26.0,BMNR260828P00026000,2.01,2.09,2.05,2.11,-1.39,-39.7143,380.0,3.0,1.0687,-0.6796,0.1289,0.0093,-0.1244,-0.0022,2.0406,2.44,2.44,1.8,3.5,no_change,2026-08-24T12:54:57,29.0,111.0
BMNR,2026-08-28,4,Call,26.5,BMNR260828C00026500,0.42,0.45,0.435,0.41,0.41,0.0,551.0,0.0,1.0786,0.2682,0.116,0.0086,-0.1155,0.001,0.4329,0.36,0.62,0.28,0.0,down,2026-08-24T12:56:38,266.0,24.0
BMNR,2026-08-28,4,Put,26.5,BMNR260828P00026500,2.4,2.48,2.44,2.24,2.24,0.0,65.0,0.0,1.0886,-0.7318,0.1162,0.0086,-0.1154,-0.0025,2.4343,2.68,2.68,2.19,0.0,up,2026-08-24T12:06:48,28.0,74.0
BMNR,2026-08-28,4,Call,27.0,BMNR260828C00027000,0.34,0.36,0.35,0.32,0.16,100.0,2371.0,2802.0,1.1083,0.2236,0.1029,0.0078,-0.1053,0.0008,0.348,0.25,0.49,0.2,0.160000003874302,down,2026-08-24T12:55:13,117.0,28.0
BMNR,2026-08-28,4,Put,27.0,BMNR260828P00027000,2.81,2.89,2.85,2.83,-1.595,-36.0452,3.0,6.0,1.113,-0.7764,0.1031,0.0078,-0.1052,-0.0025,2.8493,2.78,2.83,2.78,4.42499995231628,up,2026-08-24T11:59:31,25.0,36.0
BMNR,2026-08-28,4,Call,27.5,BMNR260828C00027500,0.27,0.29,0.28,0.28,0.28,0.0,575.0,0.0,1.1293,0.1859,0.0903,0.007,-0.0946,0.0007,0.2802,0.22,0.4,0.17,0.0,down,2026-08-24T12:53:50,306.0,109.0
BMNR,2026-08-28,4,Put,27.5,BMNR260828P00027500,3.2,3.4,3.3,3.05,3.05,0.0,26.0,0.0,1.156,-0.8142,0.0904,0.007,-0.0944,-0.0025,3.2815,3.95,3.95,3.0,0.0,up,2026-08-24T12:15:36,32.0,182.0
BMNR,2026-08-28,4,Call,28.0,BMNR260828C00028000,0.22,0.23,0.225,0.22,0.105,91.3044,2865.0,2494.0,1.1516,0.1543,0.0784,0.0062,-0.084,0.0006,0.226,0.17,0.33,0.14,0.114999998360872,down,2026-08-24T12:54:46,126.0,133.0
BMNR,2026-08-28,4,Put,28.0,BMNR260828P00028000,3.65,3.85,3.75,6.8,0.0,0.0,0.0,0.0,1.1896,-0.8458,0.0786,0.0062,-0.0838,-0.0025,3.7272,0.0,0.0,0.0,5.375,up,2026-08-20T14:50:23,24.0,40.0
BMNR,2026-08-28,4,Call,28.5,BMNR260828C00028500,0.17,0.19,0.18,0.25,0.25,0.0,651.0,0.0,1.1621,0.128,0.0677,0.0054,-0.074,0.0005,0.1827,0.15,0.27,0.11,0.0,no_change,2026-08-24T12:30:01,246.0,32.0
BMNR,2026-08-28,4,Put,28.5,BMNR260828P00028500,3.9,4.35,4.125,4.04,4.04,0.0,1.0,0.0,1.0582,-0.8722,0.0678,0.0054,-0.0736,-0.0026,4.1839,4.04,4.04,4.04,0.0,up,2026-08-24T12:33:46,365.0,190.0
BMNR,2026-08-28,4,Call,29.0,BMNR260828C00029000,0.14,0.15,0.14500000000000002,0.16,0.075,88.2353,1274.0,913.0,1.1928,0.1062,0.0582,0.0048,-0.0646,0.0004,0.1481,0.1,0.22,0.1,0.0850000008940697,down,2026-08-24T12:51:47,339.0,132.0
BMNR,2026-08-28,4,Put,29.0,BMNR260828P00029000,4.35,4.8,4.574999999999999,5.35,-1.0,-15.748,1.0,5.0,1.0157,-0.8941,0.0583,0.0048,-0.0642,-0.0024,4.6492,5.35,5.35,5.35,6.34999990463257,down,2026-08-24T10:10:49,40.0,29.0
BMNR,2026-08-28,4,Call,29.5,BMNR260828C00029500,0.11,0.13,0.12,0.13,0.13,0.0,385.0,0.0,1.2211,0.088,0.0498,0.0042,-0.0561,0.0003,0.1202,0.08,0.18,0.08,0.0,down,2026-08-24T12:45:54,309.0,133.0
BMNR,2026-08-28,4,Put,29.5,BMNR260828P00029500,4.8,5.3,5.05,0.0,0.0,0.0,0.0,0.0,1.0064,-0.9122,0.0499,0.0041,-0.0557,-0.0024,5.1214,0.0,0.0,0.0,0.0,no_change,,54.0,21.0
BMNR,2026-08-28,4,Call,30.0,BMNR260828C00030000,0.09,0.1,0.095,0.1,0.04,66.6667,4284.0,3617.0,1.2352,0.0731,0.0424,0.0036,-0.0485,0.0003,0.0979,0.08,0.15,0.07,0.0600000005215406,no_change,2026-08-24T12:54:57,306.0,174.0
BMNR,2026-08-28,4,Put,30.0,BMNR260828P00030000,5.3,5.75,5.525,5.95,-1.375,-18.7713,2.0,7.0,0.9501,-0.9272,0.0426,0.0036,-0.048,-0.0024,5.599,6.25,6.25,5.95,7.32500004768372,down,2026-08-24T10:30:53,67.0,47.0
BMNR,2026-08-28,4,Call,31.0,BMNR260828C00031000,0.06,0.07,0.065,0.09,0.04,80.0,418.0,1525.0,1.2839,0.0504,0.0307,0.0027,-0.0358,0.0002,0.0653,0.06,0.1,0.04,0.0499999988824129,no_change,2026-08-24T12:43:30,200.0,9.0
BMNR,2026-08-28,4,Put,31.0,BMNR260828P00031000,6.25,6.75,6.5,6.1,-2.225,-26.7267,1.0,0.0,0.0,-0.9499,0.0308,0.0027,-0.0352,-0.0022,6.5665,6.1,6.1,6.1,8.3250002861023,down,2026-08-24T12:36:03,123.0,49.0
BMNR,2026-08-28,4,Call,32.0,BMNR260828C00032000,0.04,0.07,0.05500000000000001,0.06,0.02,50.0,111.0,105.0,1.3767,0.035,0.0221,0.002,-0.0262,0.0001,0.0439,0.01,0.08,0.01,0.0400000000372529,down,2026-08-24T12:36:06,1.0,2.0
BMNR,2026-08-28,4,Put,32.0,BMNR260828P00032000,7.25,7.75,7.5,10.65,0.0,0.0,0.0,1.0,0.0,-0.9655,0.0223,0.002,-0.0255,-0.002,7.5452,0.0,0.0,0.0,9.3250002861023,down,2026-08-20T15:40:38,78.0,21.0
BMNR,2026-08-28,4,Call,33.0,BMNR260828C00033000,0.03,0.05,0.04,0.03,0.01,50.0,586.0,81.0,1.425,0.0243,0.0159,0.0015,-0.0191,0.0001,0.0298,0.04,0.13,0.02,0.0199999995529652,no_change,2026-08-24T12:53:22,33.0,2.0
BMNR,2026-08-28,4,Put,33.0,BMNR260828P00033000,8.25,8.7,8.475,8.45,-1.85,-17.9612,3.0,0.0,0.0,-0.9762,0.0161,0.0014,-0.0182,-0.0018,8.5311,8.65,8.65,8.45,10.3000001907349,down,2026-08-24T11:20:42,102.0,65.0
BMNR,2026-08-28,4,Call,34.0,BMNR260828C00034000,0.02,0.04,0.03,0.03,0.01,50.0,100.0,44.0,1.4749,0.017,0.0115,0.0011,-0.0138,0.0001,0.0203,0.01,0.05,0.01,0.0199999995529652,no_change,2026-08-24T12:46:02,39.0,2.0
BMNR,2026-08-28,4,Put,34.0,BMNR260828P00034000,9.25,9.75,9.5,9.15,-2.15,-19.0266,12.0,0.0,0.0,-0.9836,0.0117,0.001,-0.0128,-0.0016,9.5219,9.8,9.8,9.15,11.3000001907349,no_change,2026-08-24T11:27:06,138.0,57.0
BMNR,2026-08-28,4,Call,35.0,BMNR260828C00035000,0.02,0.03,0.025,0.03,0.01,50.0,759.0,191.0,1.5421,0.012,0.0083,0.0008,-0.01,0.0,0.014,0.02,0.03,0.01,0.0199999995529652,up,2026-08-24T12:55:44,81.0,44.0
BMNR,2026-08-28,4,Put,35.0,BMNR260828P00035000,10.25,10.7,10.475,10.4,-1.9,-15.4472,14.0,0.0,0.0,-0.9887,0.0085,0.0008,-0.0089,-0.0015,10.5157,10.8,10.8,10.2,12.3000001907349,up,2026-08-24T11:37:02,157.0,68.0
BMNR,2026-09-04,11,Call,5.0,BMNR260904C00005000,17.8,21.35,19.575000000000003,0.0,0.0,0.0,0.0,0.0,4.5004,0.9996,0.0002,0.0001,0.0,0.0019,19.5132,0.0,0.0,0.0,17.5500001907349,no_change,,123.0,2.0
BMNR,2026-09-04,11,Put,5.0,BMNR260904P00005000,0.0,2.13,1.065,0.0,0.0,0.0,0.0,0.0,0.0,-0.0007,0.0002,0.0001,-0.0011,0.0,0.0026,0.0,0.0,0.0,0.600000023841858,no_change,,0.0,15.0
BMNR,2026-09-04,11,Call,7.0,BMNR260904C00007000,15.8,19.5,17.65,0.0,0.0,0.0,0.0,0.0,4.0624,0.9993,0.0003,0.0001,0.0,0.0027,17.5172,0.0,0.0,0.0,15.9500002861023,no_change,,122.0,39.0
BMNR,2026-09-04,11,Put,7.0,BMNR260904P00007000,0.0,2.13,1.065,0.0,0.0,0.0,0.0,0.0,6.8617,-0.001,0.0003,0.0001,-0.0013,0.0,0.0032,0.0,0.0,0.0,0.294999986886978,no_change,,0.0,12.0
BMNR,2026-09-04,11,Call,8.0,BMNR260904C00008000,14.8,18.5,16.65,9.8,0.0,0.0,0.0,1.0,3.6461,0.999,0.0004,0.0002,0.0,0.0031,16.5194,0.0,0.0,0.0,14.5499997138977,up,2026-07-27T13:32:18,122.0,34.0
BMNR,2026-09-04,11,Put,8.0,BMNR260904P00008000,0.0,0.01,0.005,0.0,0.0,0.0,0.0,0.0,2.3417,-0.0013,0.0004,0.0002,-0.0015,0.0,0.0037,0.0,0.0,0.0,0.294999986886978,no_change,,0.0,350.0
BMNR,2026-09-04,11,Call,9.0,BMNR260904C00009000,13.8,16.9,15.35,0.0,0.0,0.0,0.0,0.0,0.0,0.9987,0.0006,0.0002,0.0,0.0034,15.5215,0.0,0.0,0.0,13.5499997138977,no_change,,136.0,5.0
BMNR,2026-09-04,11,Put,9.0,BMNR260904P00009000,0.0,0.01,0.005,0.0,0.0,0.0,0.0,0.0,2.1057,-0.0016,0.0006,0.0002,-0.0017,0.0,0.0043,0.0,0.0,0.0,0.294999986886978,no_change,,0.0,350.0
BMNR,2026-09-04,11,Call,10.0,BMNR260904C00010000,12.8,16.05,14.425,8.51,0.0,0.0,0.0,1.0,0.0,0.9982,0.0008,0.0003,-0.0004,0.0038,14.5241,0.0,0.0,0.0,12.5499997138977,down,2026-08-19T09:31:42,123.0,8.0
BMNR,2026-09-04,11,Put,10.0,BMNR260904P00010000,0.0,0.01,0.005,0.15,0.0,0.0,0.0,71.0,1.8949,-0.0021,0.0008,0.0003,-0.002,0.0,0.0052,0.0,0.0,0.0,0.294999986886978,up,2026-08-19T10:22:26,0.0,350.0
BMNR,2026-09-04,11,Call,11.0,BMNR260904C00011000,11.8,15.1,13.45,0.0,0.0,0.0,0.0,0.0,0.0,0.9976,0.0011,0.0004,-0.0008,0.0042,13.5269,0.0,0.0,0.0,11.5499997138977,no_change,,140.0,17.0
BMNR,2026-09-04,11,Put,11.0,BMNR260904P00011000,0.0,0.01,0.005,0.09,0.0,0.0,0.0,12.0,1.7044,-0.0027,0.0011,0.0004,-0.0024,0.0,0.0063,0.0,0.0,0.0,0.25,down,2026-08-04T11:14:57,0.0,750.0
BMNR,2026-09-04,11,Call,11.5,BMNR260904C00011500,11.3,15.05,13.175,9.94,0.0,0.0,0.0,2.0,2.6248,0.9971,0.0013,0.0004,-0.0011,0.0044,13.0285,0.0,0.0,0.0,11.0,down,2026-08-20T13:16:24,129.0,10.0
BMNR,2026-09-04,11,Put,11.5,BMNR260904P00011500,0.0,0.36,0.18,0.0,0.0,0.0,0.0,0.0,2.7116,-0.0032,0.0013,0.0004,-0.0026,0.0,0.0071,0.0,0.0,0.0,0.25,no_change,,0.0,9.0
BMNR,2026-09-04,11,Call,12.0,BMNR260904C00012000,10.85,13.9,12.375,9.44,0.0,0.0,0.0,1.0,0.0,0.9966,0.0016,0.0005,-0.0015,0.0046,12.5303,0.0,0.0,0.0,10.5499997138977,down,2026-08-20T13:16:35,134.0,8.0
BMNR,2026-09-04,11,Put,12.0,BMNR260904P00012000,0.0,0.55,0.275,0.04,0.0,0.0,0.0,21.0,2.835,-0.0037,0.0016,0.0005,-0.0029,0.0,0.008,0.0,0.0,0.0,0.25,down,2026-08-14T11:51:06,0.0,67.0
BMNR,2026-09-04,11,Call,12.5,BMNR260904C00012500,10.35,13.65,12.0,9.15,0.0,0.0,0.0,6.0,0.0,0.996,0.0019,0.0005,-0.0018,0.0047,12.0322,0.0,0.0,0.0,10.0499997138977,up,2026-08-20T13:00:55,136.0,7.0
BMNR,2026-09-04,11,Put,12.5,BMNR260904P00012500,0.0,0.1,0.05,0.02,0.01,100.0,1.0,19.0,1.9375,-0.0043,0.0019,0.0005,-0.0032,0.0,0.0091,0.02,0.02,0.02,0.00999999977648258,down,2026-08-24T10:32:15,0.0,11.0
BMNR,2026-09-04,11,Call,13.0,BMNR260904C00013000,9.85,12.75,11.3,5.55,0.0,0.0,0.0,10.0,0.0,0.9953,0.0023,0.0006,-0.0023,0.0049,11.5344,0.0,0.0,0.0,9.5499997138977,up,2026-08-17T10:58:10,129.0,12.0
BMNR,2026-09-04,11,Put,13.0,BMNR260904P00013000,0.01,0.02,0.015,0.03,0.01,50.0,3.0,960.0,1.5508,-0.005,0.0023,0.0006,-0.0036,0.0,0.0104,0.01,0.03,0.01,0.0199999995529652,up,2026-08-24T10:59:25,4.0,28.0
BMNR,2026-09-04,11,Call,13.5,BMNR260904C00013500,9.35,12.45,10.899999999999999,4.95,0.0,0.0,0.0,13.0,0.0,0.9944,0.0028,0.0007,-0.0028,0.0051,11.0368,0.0,0.0,0.0,9.07499980926514,down,2026-08-18T10:07:35,127.0,7.0
BMNR,2026-09-04,11,Put,13.5,BMNR260904P00013500,0.0,0.02,0.01,0.02,0.0,0.0,0.0,160.0,1.3962,-0.006,0.0028,0.0007,-0.004,-0.0001,0.012,0.0,0.0,0.0,0.0149999996647239,no_change,2026-08-19T12:23:52,0.0,8.0
BMNR,2026-09-04,11,Call,14.0,BMNR260904C00014000,8.85,12.05,10.45,7.33,0.0,0.0,0.0,385.0,0.0,0.9932,0.0033,0.0008,-0.0033,0.0053,10.5396,0.0,0.0,0.0,8.72499990463257,up,2026-08-20T10:15:05,932.0,20.0
BMNR,2026-09-04,11,Put,14.0,BMNR260904P00014000,0.01,0.02,0.015,0.09,0.0,0.0,0.0,199.0,1.3847,-0.0071,0.0033,0.0008,-0.0045,-0.0001,0.014,0.0,0.0,0.0,0.034999999217689,no_change,2026-08-21T09:33:40,1.0,3.0
BMNR,2026-09-04,11,Call,14.5,BMNR260904C00014500,9.75,11.05,10.4,6.79,0.0,0.0,0.0,13.0,2.3739,0.9918,0.004,0.001,-0.004,0.0055,10.0429,0.0,0.0,0.0,8.09999990463257,down,2026-08-20T10:18:35,74.0,9.0
BMNR,2026-09-04,11,Put,14.5,BMNR260904P00014500,0.0,0.18,0.09,0.06,-0.19,-76.0,9.0,167.0,1.7205,-0.0085,0.0041,0.001,-0.0051,-0.0001,0.0164,0.04,0.06,0.04,0.25,up,2026-08-24T10:46:23,0.0,644.0
BMNR,2026-09-04,11,Call,15.0,BMNR260904C00015000,9.15,10.45,9.8,7.85,0.0,0.0,0.0,12.0,2.0703,0.9901,0.005,0.0012,-0.0048,0.0056,9.5467,0.0,0.0,0.0,8.02499985694885,up,2026-08-21T15:04:03,100.0,15.0
BMNR,2026-09-04,11,Put,15.0,BMNR260904P00015000,0.01,0.05,0.030000000000000002,0.02,-0.015,-42.8571,199.0,424.0,1.3523,-0.0102,0.005,0.0012,-0.0059,-0.0001,0.0195,0.15,0.15,0.02,0.0350000001490116,down,2026-08-24T11:29:04,10.0,1.0
BMNR,2026-09-04,11,Call,15.5,BMNR260904C00015500,7.8,9.6,8.7,8.3,0.8,10.6667,40.0,50.0,0.0,0.9879,0.0061,0.0014,-0.0057,0.0058,9.0514,8.3,8.3,8.3,7.5,up,2026-08-24T09:33:23,331.0,98.0
BMNR,2026-09-04,11,Put,15.5,BMNR260904P00015500,0.02,0.05,0.035,0.03,-0.005,-14.2857,5.0,115.0,1.3021,-0.0124,0.0061,0.0014,-0.0068,-0.0001,0.0233,0.1,0.1,0.03,0.034999999217689,no_change,2026-08-24T12:00:05,65.0,71.0
BMNR,2026-09-04,11,Call,16.0,BMNR260904C00016000,8.3,9.1,8.7,6.76,0.0,0.0,0.0,81.0,1.6494,0.9852,0.0075,0.0016,-0.0068,0.006,8.557,0.0,0.0,0.0,6.77500009536743,up,2026-08-21T15:47:49,44.0,2.0
BMNR,2026-09-04,11,Put,16.0,BMNR260904P00016000,0.02,0.09,0.055,0.04,0.0,-9.31323e-08,18.0,256.0,1.3164,-0.0152,0.0075,0.0016,-0.0078,-0.0001,0.0281,0.03,0.05,0.01,0.0400000000372529,no_change,2026-08-24T12:04:30,10.0,21.0
BMNR,2026-09-04,11,Call,16.5,BMNR260904C00016500,7.2,8.25,7.725,5.05,0.0,0.0,0.0,55.0,0.0,0.9817,0.0093,0.0019,-0.0082,0.0061,8.064,0.0,0.0,0.0,6.32500004768372,no_change,2026-08-20T15:35:57,197.0,17.0
BMNR,2026-09-04,11,Put,16.5,BMNR260904P00016500,0.02,0.05,0.035,0.03,-0.02,-40.0,38.0,278.0,1.145,-0.0186,0.0093,0.0019,-0.0091,-0.0002,0.0342,0.12,0.12,0.03,0.0499999988824129,down,2026-08-24T12:51:09,131.0,179.0
BMNR,2026-09-04,11,Call,17.0,BMNR260904C00017000,7.05,7.95,7.5,6.0,0.0,0.0,0.0,262.0,0.0,0.9772,0.0115,0.0023,-0.0098,0.0063,7.5727,0.0,0.0,0.0,5.75,up,2026-08-21T11:33:15,954.0,48.0
BMNR,2026-09-04,11,Put,17.0,BMNR260904P00017000,0.03,0.06,0.045,0.04,-0.025,-38.4615,9.0,228.0,1.1146,-0.0231,0.0115,0.0023,-0.0106,-0.0002,0.0422,0.05,0.08,0.03,0.0649999994784594,down,2026-08-24T12:51:22,96.0,87.0
BMNR,2026-09-04,11,Call,17.5,BMNR260904C00017500,6.5,7.45,6.975,6.19,0.865,16.2441,4.0,153.0,0.0,0.9716,0.0143,0.0028,-0.0117,0.0064,7.0839,6.19,6.19,6.19,5.32500004768372,up,2026-08-24T09:30:31,853.0,23.0
BMNR,2026-09-04,11,Put,17.5,BMNR260904P00017500,0.04,0.08,0.06,0.07,-0.03,-30.0,11.0,260.0,1.0929,-0.0288,0.0143,0.0028,-0.0125,-0.0003,0.0525,0.06,0.07,0.06,0.0999999977648258,up,2026-08-24T10:12:42,8.0,75.0
BMNR,2026-09-04,11,Call,18.0,BMNR260904C00018000,6.4,7.0,6.7,6.89,2.04,42.0619,48.0,437.0,1.2649,0.9643,0.0178,0.0034,-0.014,0.0065,6.5982,5.8,6.89,5.8,4.84999990463257,up,2026-08-24T12:31:26,438.0,983.0
BMNR,2026-09-04,11,Put,18.0,BMNR260904P00018000,0.05,0.1,0.07500000000000001,0.07,-0.04,-36.3636,13.0,368.0,1.0598,-0.0361,0.0178,0.0034,-0.0148,-0.0003,0.066,0.1,0.1,0.03,0.109999999403954,up,2026-08-24T12:11:34,70.0,550.0
BMNR,2026-09-04,11,Call,18.5,BMNR260904C00018500,5.9,6.55,6.225,5.19,0.815,18.6286,50.0,1144.0,1.2164,0.9549,0.0221,0.0041,-0.0168,0.0066,6.1168,5.19,5.19,5.19,4.375,up,2026-08-24T09:30:04,46.0,5.0
BMNR,2026-09-04,11,Put,18.5,BMNR260904P00018500,0.0,0.19,0.095,0.09,-0.055,-37.931,10.0,208.0,1.0306,-0.0455,0.0222,0.0041,-0.0175,-0.0004,0.0838,0.1,0.1,0.09,0.144999995827675,no_change,2026-08-24T10:54:18,0.0,1022.0
BMNR,2026-09-04,11,Call,19.0,BMNR260904C00019000,5.4,6.05,5.725,5.93,2.005,51.0828,77.0,909.0,1.1252,0.943,0.0274,0.0049,-0.02,0.0067,5.6412,4.79,5.95,4.72,3.92499995231628,no_change,2026-08-24T12:33:54,880.0,1127.0
BMNR,2026-09-04,11,Put,19.0,BMNR260904P00019000,0.09,0.13,0.11,0.1,-0.1,-50.0,146.0,537.0,0.9822,-0.0575,0.0274,0.0049,-0.0207,-0.0005,0.1075,0.15,0.15,0.09,0.200000002980232,no_change,2026-08-24T11:19:00,67.0,95.0
BMNR,2026-09-04,11,Call,19.5,BMNR260904C00019500,5.0,5.5,5.25,5.45,1.875,52.4476,13.0,1036.0,1.0714,0.9277,0.0337,0.0059,-0.0239,0.0067,5.1733,4.48,5.52,4.46,3.57500004768372,down,2026-08-24T12:33:19,462.0,1049.0
BMNR,2026-09-04,11,Put,19.5,BMNR260904P00019500,0.12,0.15,0.135,0.17,-0.095,-35.8491,36.0,340.0,0.947,-0.0728,0.0338,0.0059,-0.0245,-0.0006,0.1388,0.2,0.2,0.13,0.264999993145466,up,2026-08-24T12:51:09,113.0,131.0
BMNR,2026-09-04,11,Call,20.0,BMNR260904C00020000,4.5,4.8,4.65,4.65,1.5,47.619,191.0,11960.0,0.8303,0.9086,0.041,0.0071,-0.0284,0.0067,4.7156,4.0,5.06,3.94,3.14999997615814,no_change,2026-08-24T12:55:13,1142.0,122.0
BMNR,2026-09-04,11,Put,20.0,BMNR260904P00020000,0.16,0.19,0.175,0.18,-0.165,-47.8261,185.0,323.0,0.9259,-0.092,0.0412,0.0071,-0.029,-0.0008,0.1803,0.24,0.3,0.16,0.345000013709068,up,2026-08-24T12:52:57,70.0,83.0
BMNR,2026-09-04,11,Call,20.5,BMNR260904C00020500,4.05,4.45,4.25,4.26,1.505,54.6279,14.0,911.0,0.8914,0.8847,0.0494,0.0083,-0.0334,0.0067,4.271,3.81,4.26,3.81,2.75499999523163,up,2026-08-24T12:57:05,1233.0,113.0
BMNR,2026-09-04,11,Put,20.5,BMNR260904P00020500,0.21,0.25,0.22999999999999998,0.2,-0.275,-57.8947,16.0,337.0,0.9111,-0.1159,0.0496,0.0084,-0.034,-0.001,0.2351,0.27,0.27,0.2,0.474999994039536,down,2026-08-24T12:29:48,87.0,96.0
BMNR,2026-09-04,11,Call,21.0,BMNR260904C00021000,3.65,3.9,3.775,3.85,1.48,62.4473,487.0,3413.0,0.8316,0.8557,0.0585,0.0097,-0.0389,0.0066,3.843,3.2,4.19,2.97,2.37000000476837,no_change,2026-08-24T12:52:36,1111.0,85.0
BMNR,2026-09-04,11,Put,21.0,BMNR260904P00021000,0.29,0.32,0.305,0.32,-0.3,-48.3871,350.0,1707.0,0.9031,-0.1451,0.0587,0.0098,-0.0395,-0.0013,0.3066,0.42,0.61,0.27,0.619999974966049,up,2026-08-24T12:57:12,77.0,169.0
BMNR,2026-09-04,11,Call,21.5,BMNR260904C00021500,3.25,4.05,3.65,3.38,1.3,62.5,145.0,849.0,1.0771,0.8213,0.0679,0.0112,-0.0448,0.0064,3.4356,2.8,3.69,2.78,2.08000004291534,down,2026-08-24T12:54:58,120.0,1242.0
BMNR,2026-09-04,11,Put,21.5,BMNR260904P00021500,0.37,0.42,0.395,0.38,-0.445,-53.9394,43.0,68.0,0.8928,-0.1796,0.0682,0.0112,-0.0453,-0.0015,0.3986,0.5,0.54,0.36,0.824999988079071,no_change,2026-08-24T12:49:51,119.0,109.0
BMNR,2026-09-04,11,Call,22.0,BMNR260904C00022000,2.91,3.1,3.005,2.98,1.155,63.2877,598.0,1951.0,0.8533,0.7816,0.077,0.0126,-0.0506,0.0062,3.0522,2.39,3.37,2.25,1.82499998807907,down,2026-08-24T12:55:03,932.0,13.0
BMNR,2026-09-04,11,Put,22.0,BMNR260904P00022000,0.5,0.54,0.52,0.53,-0.51,-49.0385,258.0,159.0,0.8953,-0.2194,0.0774,0.0127,-0.0511,-0.0018,0.5148,0.64,0.76,0.46,1.04000002145767,up,2026-08-24T12:54:46,143.0,154.0
BMNR,2026-09-04,11,Call,22.5,BMNR260904C00022500,2.49,3.0,2.745,2.84,1.285,82.6367,352.0,812.0,0.9245,0.7373,0.0853,0.014,-0.0563,0.0059,2.6963,1.91,3.07,1.91,1.55500000715256,no_change,2026-08-24T12:40:07,1242.0,1277.0
BMNR,2026-09-04,11,Put,22.5,BMNR260904P00022500,0.64,0.7,0.6699999999999999,0.61,-0.63,-50.8065,156.0,115.0,0.898,-0.264,0.0857,0.014,-0.0568,-0.0023,0.6585,0.89,0.94,0.59,1.24000000953674,no_change,2026-08-24T12:36:36,30.0,148.0
BMNR,2026-09-04,11,Call,23.0,BMNR260904C00023000,2.3,2.4,2.3499999999999996,2.29,0.955,71.5356,987.0,2311.0,0.8782,0.6893,0.0922,0.0151,-0.0614,0.0056,2.37,1.8,2.67,1.65,1.33499997854233,down,2026-08-24T12:55:43,677.0,31.0
BMNR,2026-09-04,11,Put,23.0,BMNR260904P00023000,0.82,0.88,0.85,0.82,-0.73,-47.0968,332.0,56.0,0.9033,-0.3122,0.0926,0.0152,-0.0618,-0.0026,0.8321,1.06,1.26,0.75,1.55000001192093,no_change,2026-08-24T12:37:24,30.0,128.0
BMNR,2026-09-04,11,Call,23.5,BMNR260904C00023500,2.02,2.11,2.065,2.16,1.03,91.1504,609.0,514.0,0.8898,0.6389,0.0973,0.016,-0.0657,0.0052,2.0747,1.78,2.36,1.4,1.12999999523163,down,2026-08-24T12:50:16,284.0,31.0
BMNR,2026-09-04,11,Put,23.5,BMNR260904P00023500,1.02,1.09,1.0550000000000002,1.04,-0.805,-43.6314,200.0,0.0,0.9135,-0.3627,0.0977,0.0161,-0.066,-0.003,1.0366,1.55,1.55,0.95,1.84499996900558,down,2026-08-24T12:57:20,29.0,136.0
BMNR,2026-09-04,11,Call,24.0,BMNR260904C00024000,1.75,1.85,1.8,1.82,0.86,89.5833,1117.0,2644.0,0.8964,0.5877,0.1004,0.0167,-0.0689,0.0048,1.8102,1.35,2.1,1.17,0.96000000834465,up,2026-08-24T12:57:01,819.0,131.0
BMNR,2026-09-04,11,Put,24.0,BMNR260904P00024000,1.26,1.33,1.295,1.33,-0.84,-38.7097,324.0,515.0,0.9222,-0.4142,0.1008,0.0167,-0.0693,-0.0034,1.2722,1.6,1.75,1.12,2.17000007629395,up,2026-08-24T12:57:20,39.0,204.0
BMNR,2026-09-04,11,Call,24.5,BMNR260904C00024500,1.52,1.61,1.565,1.51,0.695,85.2761,760.0,131.0,0.9048,0.5368,0.1014,0.017,-0.071,0.0044,1.5756,1.11,1.84,0.99,0.814999997615814,no_change,2026-08-24T12:55:24,843.0,30.0
BMNR,2026-09-04,11,Put,24.5,BMNR260904P00024500,1.52,1.61,1.565,1.59,-0.945,-37.2781,205.0,82.0,0.9273,-0.4653,0.1019,0.017,-0.0714,-0.0038,1.5375,1.88,1.93,1.39,2.5349999666214,up,2026-08-24T12:54:50,69.0,186.0
BMNR,2026-09-04,11,Call,25.0,BMNR260904C00025000,1.35,1.4,1.375,1.35,0.635,88.8112,1276.0,1481.0,0.9244,0.4874,0.1007,0.0171,-0.0721,0.004,1.3692,1.0,1.65,0.87,0.715000003576279,no_change,2026-08-24T12:56:03,133.0,139.0
BMNR,2026-09-04,11,Put,25.0,BMNR260904P00025000,1.81,1.91,1.8599999999999999,1.85,-1.07,-36.6438,9121.0,94.0,0.9377,-0.5149,0.1011,0.0171,-0.0723,-0.0041,1.8314,2.27,2.83,1.63,2.91999995708466,no_change,2026-08-24T12:56:23,117.0,777.0
BMNR,2026-09-04,11,Call,25.5,BMNR260904C00025500,1.14,1.22,1.18,1.24,0.645,108.403,228.0,214.0,0.9268,0.4404,0.0984,0.0169,-0.0721,0.0037,1.1887,0.89,1.32,0.89,0.594999998807907,down,2026-08-24T12:48:59,315.0,26.0
BMNR,2026-09-04,11,Put,25.5,BMNR260904P00025500,2.13,2.22,2.175,2.17,-1.105,-33.7405,75.0,0.0,0.9461,-0.5621,0.0989,0.0169,-0.0723,-0.0044,2.1512,2.62,2.72,2.14,3.27499997615814,up,2026-08-24T11:55:44,29.0,122.0
BMNR,2026-09-04,11,Call,26.0,BMNR260904C00026000,0.97,1.06,1.0150000000000001,1.02,0.515,101.98,216.0,440.0,0.9338,0.3962,0.095,0.0165,-0.0712,0.0033,1.0315,0.75,1.22,0.7,0.504999980330467,down,2026-08-24T12:53:41,817.0,63.0
BMNR,2026-09-04,11,Put,26.0,BMNR260904P00026000,2.46,2.57,2.5149999999999997,2.33,-1.37,-37.027,33.0,1.0,0.9564,-0.6064,0.0954,0.0165,-0.0713,-0.0047,2.4942,2.75,2.75,2.3,3.70000004768372,no_change,2026-08-24T12:08:35,65.0,142.0
BMNR,2026-09-04,11,Call,26.5,BMNR260904C00026500,0.83,0.91,0.87,0.89,0.455,104.598,198.0,152.0,0.9403,0.3554,0.0906,0.016,-0.0695,0.003,0.8951,0.57,1.09,0.56,0.435000002384186,down,2026-08-24T12:54:08,745.0,80.0
BMNR,2026-09-04,11,Put,26.5,BMNR260904P00026500,2.82,2.92,2.87,2.66,-1.465,-35.5152,4.0,0.0,0.9634,-0.6473,0.091,0.0159,-0.0696,-0.005,2.8584,2.66,2.66,2.66,4.125,down,2026-08-24T11:30:20,32.0,100.0
BMNR,2026-09-04,11,Call,27.0,BMNR260904C00027000,0.72,0.79,0.755,0.75,0.375,100.0,496.0,792.0,0.9542,0.3179,0.0856,0.0153,-0.0672,0.0027,0.777,0.55,0.92,0.51,0.375,down,2026-08-24T12:54:52,876.0,104.0
BMNR,2026-09-04,11,Put,27.0,BMNR260904P00027000,3.2,3.35,3.2750000000000004,8.61,0.0,0.0,0.0,2.0,0.9912,-0.685,0.086,0.0152,-0.0672,-0.0051,3.2408,0.0,0.0,0.0,4.5,down,2026-08-17T09:52:30,35.0,60.0
BMNR,2026-09-04,11,Call,27.5,BMNR260904C00027500,0.64,0.69,0.665,0.65,0.325,100.0,21.0,53.0,0.9746,0.2839,0.0802,0.0145,-0.0645,0.0024,0.675,0.47,0.81,0.41,0.325000002980232,down,2026-08-24T12:56:03,113.0,30.0
BMNR,2026-09-04,11,Put,27.5,BMNR260904P00027500,3.35,3.8,3.575,4.99,0.0,0.0,0.0,1.0,0.9365,-0.7191,0.0806,0.0144,-0.0644,-0.0054,3.6392,0.0,0.0,0.0,4.92499995231628,down,2026-08-21T13:13:49,117.0,20.0
BMNR,2026-09-04,11,Call,28.0,BMNR260904C00028000,0.55,0.6,0.575,0.55,0.255,86.4407,402.0,150.0,0.9857,0.2531,0.0748,0.0137,-0.0614,0.0021,0.5867,0.37,0.7,0.35,0.295000001788139,up,2026-08-24T12:56:44,103.0,89.0
BMNR,2026-09-04,11,Put,28.0,BMNR260904P00028000,3.7,4.2,3.95,5.37,0.0,0.0,0.0,4.0,0.9176,-0.75,0.0751,0.0136,-0.0613,-0.0054,4.0515,0.0,0.0,0.0,5.375,down,2026-08-21T13:13:49,127.0,19.0
BMNR,2026-09-04,11,Call,28.5,BMNR260904C00028500,0.44,0.53,0.485,0.6,0.6,0.0,46.0,0.0,0.9871,0.2254,0.0693,0.0128,-0.0581,0.0019,0.5105,0.35,0.6,0.35,0.0,up,2026-08-24T12:22:06,589.0,73.0
BMNR,2026-09-04,11,Put,28.5,BMNR260904P00028500,4.1,4.65,4.375,0.0,0.0,0.0,0.0,0.0,0.925,-0.7778,0.0696,0.0127,-0.058,-0.0056,4.4758,0.0,0.0,0.0,0.0,no_change,,127.0,15.0
BMNR,2026-09-04,11,Call,29.0,BMNR260904C00029000,0.4,0.45,0.42500000000000004,0.46,0.24,109.091,637.0,49.0,1.0034,0.2006,0.0639,0.012,-0.0547,0.0017,0.4447,0.3,0.51,0.25,0.219999998807907,down,2026-08-24T12:46:03,224.0,17.0
BMNR,2026-09-04,11,Put,29.0,BMNR260904P00029000,4.5,5.1,4.8,6.76,0.0,0.0,0.0,1.0,0.9218,-0.8027,0.0643,0.0118,-0.0546,-0.0056,4.9106,0.0,0.0,0.0,6.34999990463257,up,2026-08-21T13:12:26,103.0,12.0
BMNR,2026-09-04,11,Call,29.5,BMNR260904C00029500,0.34,0.42,0.38,0.41,0.41,0.0,131.0,0.0,1.0256,0.1785,0.0587,0.0112,-0.0513,0.0015,0.3878,0.12,0.43,0.12,0.0,down,2026-08-24T12:41:40,633.0,259.0
BMNR,2026-09-04,11,Put,29.5,BMNR260904P00029500,4.9,7.15,6.025,0.0,0.0,0.0,0.0,0.0,1.5444,-0.825,0.0591,0.011,-0.0511,-0.0058,5.3542,0.0,0.0,0.0,0.0,no_change,,117.0,10.0
BMNR,2026-09-04,11,Call,30.0,BMNR260904C00030000,0.31,0.34,0.325,0.33,0.16,94.1176,2041.0,1276.0,1.0318,0.1588,0.0538,0.0103,-0.0479,0.0013,0.3386,0.22,0.42,0.18,0.170000001788139,no_change,2026-08-24T12:53:08,134.0,9.0
BMNR,2026-09-04,11,Put,30.0,BMNR260904P00030000,5.35,6.05,5.699999999999999,7.51,0.0,0.0,0.0,2.0,0.9325,-0.8448,0.0542,0.0101,-0.0477,-0.0056,5.8056,0.0,0.0,0.0,7.35000014305115,down,2026-08-21T13:11:28,118.0,8.0
BMNR,2026-09-04,11,Call,31.0,BMNR260904C00031000,0.23,0.3,0.265,0.31,0.175,129.63,88.0,10.0,1.0761,0.1256,0.0448,0.0088,-0.0414,0.0011,0.259,0.2,0.31,0.18,0.135000001639128,no_change,2026-08-24T12:22:08,175.0,272.0
BMNR,2026-09-04,11,Put,31.0,BMNR260904P00031000,6.15,8.05,7.1000000000000005,8.27,0.0,0.0,0.0,3.0,1.4235,-0.8782,0.0453,0.0086,-0.0411,-0.0057,6.7272,0.0,0.0,0.0,8.14999985694885,down,2026-08-21T13:08:11,162.0,20.0
BMNR,2026-09-04,11,Call,32.0,BMNR260904C00032000,0.18,0.25,0.215,0.24,0.13,118.182,41.0,6.0,1.1137,0.0995,0.0371,0.0075,-0.0354,0.0008,0.1991,0.16,0.25,0.16,0.109999999403954,no_change,2026-08-24T12:22:07,158.0,379.0
BMNR,2026-09-04,11,Put,32.0,BMNR260904P00032000,7.05,9.1,8.075,9.16,0.0,0.0,0.0,1.0,1.516,-0.9046,0.0377,0.0073,-0.0351,-0.0056,7.6688,0.0,0.0,0.0,9.1749997138977,down,2026-08-21T13:08:11,123.0,11.0
BMNR,2026-09-04,11,Call,33.0,BMNR260904C00033000,0.14,0.18,0.16,0.17,0.125,277.778,378.0,329.0,1.1248,0.079,0.0306,0.0063,-0.03,0.0007,0.1538,0.11,0.19,0.11,0.0450000017881393,down,2026-08-24T12:44:32,147.0,113.0
BMNR,2026-09-04,11,Put,33.0,BMNR260904P00033000,8.1,10.3,9.2,10.15,0.0,0.0,0.0,1.0,1.7302,-0.9254,0.0312,0.006,-0.0297,-0.0054,8.6251,0.0,0.0,0.0,10.1499996185303,down,2026-08-21T13:02:50,118.0,7.0
BMNR,2026-09-04,11,Call,34.0,BMNR260904C00034000,0.02,0.18,0.09999999999999999,0.15,0.0,0.0,0.0,1.0,1.0971,0.0628,0.0252,0.0052,-0.0254,0.0005,0.1194,0.0,0.0,0.0,0.0800000028684735,down,2026-08-21T15:00:57,126.0,78.0
BMNR,2026-09-04,11,Put,34.0,BMNR260904P00034000,9.05,11.35,10.2,10.35,-1.025,-9.01099,2.0,0.0,1.8343,-0.9418,0.0258,0.0048,-0.025,-0.0049,9.5922,10.3,10.35,10.3,11.375,up,2026-08-24T09:48:54,127.0,56.0
BMNR,2026-09-04,11,Call,35.0,BMNR260904C00035000,0.1,0.14,0.12000000000000001,0.1,0.04,66.6667,344.0,36.0,1.2144,0.05,0.0207,0.0044,-0.0214,0.0004,0.0931,0.11,0.14,0.05,0.0600000005215406,down,2026-08-24T12:45:40,127.0,133.0
BMNR,2026-09-04,11,Put,35.0,BMNR260904P00035000,10.05,12.0,11.025,13.86,0.0,0.0,0.0,1.0,1.7736,-0.9549,0.0213,0.004,-0.0209,-0.0048,10.5676,0.0,0.0,0.0,12.3000001907349,down,2026-08-20T15:20:41,104.0,16.0
BMNR,2026-09-11,18,Call,5.0,BMNR260911C00005000,19.0,20.2,19.6,19.57,1.42,7.82369,1.0,1.0,3.6083,1.0,0.0,0.0,0.0,0.0027,19.5265,19.57,19.57,19.57,18.1499996185303,up,2026-08-24T10:23:12,123.0,116.0
BMNR,2026-09-11,18,Put,5.0,BMNR260911P00005000,0.0,0.4,0.2,0.02,0.0,0.0,0.0,4.0,4.3254,-0.0001,0.0,0.0,-0.0001,0.0,0.0004,0.0,0.0,0.0,0.545000016689301,down,2026-08-14T13:01:32,0.0,402.0
BMNR,2026-09-11,18,Call,8.0,BMNR260911C00008000,14.8,17.55,16.175,0.0,0.0,0.0,0.0,0.0,0.0,1.0,0.0002,0.0001,0.0,0.0044,16.5345,0.0,0.0,0.0,14.6000003814697,no_change,,121.0,110.0
BMNR,2026-09-11,18,Put,8.0,BMNR260911P00008000,0.0,1.18,0.59,0.0,0.0,0.0,0.0,0.0,4.0228,-0.0006,0.0002,0.0001,-0.0004,0.0,0.0013,0.0,0.0,0.0,0.140000000596046,no_change,,0.0,290.0
BMNR,2026-09-11,18,Call,9.0,BMNR260911C00009000,13.8,16.5,15.15,8.4,0.0,0.0,0.0,0.0,0.0,0.9999,0.0004,0.0002,0.0,0.0049,15.5375,0.0,0.0,0.0,14.0,up,2026-08-03T13:01:32,122.0,111.0
BMNR,2026-09-11,18,Put,9.0,BMNR260911P00009000,0.0,0.7,0.35,0.0,0.0,0.0,0.0,0.0,3.1703,-0.0009,0.0004,0.0002,-0.0006,0.0,0.002,0.0,0.0,0.0,0.140000000596046,no_change,,0.0,126.0
BMNR,2026-09-11,18,Call,10.0,BMNR260911C00010000,12.85,15.5,14.175,0.0,0.0,0.0,0.0,0.0,0.0,0.9994,0.0006,0.0002,0.0,0.0054,14.5409,0.0,0.0,0.0,12.8499999046326,no_change,,122.0,108.0
BMNR,2026-09-11,18,Put,10.0,BMNR260911P00010000,0.0,1.29,0.645,0.03,0.0,0.0,0.0,75.0,3.39,-0.0014,0.0006,0.0002,-0.0008,0.0,0.003,0.0,0.0,0.0,0.239999994635582,no_change,2026-08-14T11:30:54,0.0,322.0
BMNR,2026-09-11,18,Call,11.0,BMNR260911C00011000,11.85,14.35,13.1,0.0,0.0,0.0,0.0,0.0,0.0,0.9987,0.0009,0.0004,0.0,0.006,13.5449,0.0,0.0,0.0,12.0999999046326,no_change,,122.0,108.0
BMNR,2026-09-11,18,Put,11.0,BMNR260911P00011000,0.0,0.71,0.355,0.15,0.0,0.0,0.0,43.0,2.6136,-0.0021,0.0009,0.0004,-0.0012,0.0,0.0046,0.0,0.0,0.0,0.140000000596046,no_change,2026-07-31T12:50:57,0.0,290.0
BMNR,2026-09-11,18,Call,12.0,BMNR260911C00012000,10.85,13.4,12.125,0.0,0.0,0.0,0.0,0.0,0.0,0.9975,0.0015,0.0005,0.0,0.0065,12.5498,0.0,0.0,0.0,11.0749998092651,no_change,,122.0,108.0
BMNR,2026-09-11,18,Put,12.0,BMNR260911P00012000,0.0,0.52,0.26,0.0,0.0,0.0,0.0,0.0,2.1956,-0.0033,0.0015,0.0005,-0.0017,0.0,0.0071,0.0,0.0,0.0,0.144999995827675,no_change,,0.0,146.0
BMNR,2026-09-11,18,Call,12.5,BMNR260911C00012500,11.8,12.7,12.25,0.0,0.0,0.0,0.0,0.0,1.9805,0.9966,0.0018,0.0007,-0.0004,0.0068,12.0527,0.0,0.0,0.0,10.5749998092651,no_change,,100.0,123.0
BMNR,2026-09-11,18,Put,12.5,BMNR260911P00012500,0.0,0.71,0.355,0.1,0.0,0.0,0.0,3.0,2.2546,-0.0042,0.0019,0.0007,-0.002,-0.0001,0.0088,0.0,0.0,0.0,0.140000000596046,down,2026-08-07T11:34:05,0.0,205.0
BMNR,2026-09-11,18,Call,13.0,BMNR260911C00013000,9.85,12.45,11.149999999999999,5.56,0.0,0.0,0.0,1.0,0.0,0.9955,0.0023,0.0008,-0.0009,0.007,11.5561,0.0,0.0,0.0,9.97500038146973,no_change,2026-08-18T10:29:01,123.0,109.0
BMNR,2026-09-11,18,Put,13.0,BMNR260911P00013000,0.0,0.04,0.02,0.1,0.0,0.0,0.0,5.0,1.263,-0.0053,0.0024,0.0008,-0.0024,-0.0001,0.011,0.0,0.0,0.0,0.0450000017881393,up,2026-08-14T10:31:08,0.0,1.0
BMNR,2026-09-11,18,Call,13.5,BMNR260911C00013500,9.5,11.6,10.55,5.3,0.0,0.0,0.0,7.0,0.0,0.9942,0.003,0.001,-0.0014,0.0073,11.0601,0.0,0.0,0.0,9.15000009536743,no_change,2026-08-18T11:39:34,123.0,110.0
BMNR,2026-09-11,18,Put,13.5,BMNR260911P00013500,0.0,0.04,0.02,0.05,0.0,0.0,0.0,114.0,1.1946,-0.0066,0.003,0.001,-0.0029,-0.0001,0.0138,0.0,0.0,0.0,0.0350000001490116,no_change,2026-08-21T09:30:07,0.0,1.0
BMNR,2026-09-11,18,Call,14.0,BMNR260911C00014000,9.9,11.1,10.5,7.33,0.0,0.0,0.0,2.0,0.0,0.9924,0.0037,0.0012,-0.0021,0.0075,10.5649,0.0,0.0,0.0,8.65000009536743,up,2026-08-20T10:15:05,122.0,107.0
BMNR,2026-09-11,18,Put,14.0,BMNR260911P00014000,0.02,0.08,0.05,0.05,-0.015,-23.0769,3.0,47.0,1.2908,-0.0084,0.0037,0.0012,-0.0035,-0.0001,0.0174,0.05,0.05,0.05,0.0649999985471368,no_change,2026-08-24T11:00:47,1.0,852.0
BMNR,2026-09-11,18,Call,14.5,BMNR260911C00014500,9.45,10.6,10.024999999999999,4.46,0.0,0.0,0.0,7.0,0.0,0.9902,0.0047,0.0015,-0.0028,0.0078,10.0706,0.0,0.0,0.0,8.22499990463257,no_change,2026-08-18T11:39:34,123.0,113.0
BMNR,2026-09-11,18,Put,14.5,BMNR260911P00014500,0.0,0.41,0.205,0.12,0.0,0.0,0.0,81.0,1.6024,-0.0106,0.0047,0.0015,-0.0042,-0.0001,0.022,0.0,0.0,0.0,0.144999995827675,up,2026-08-20T10:51:10,0.0,565.0
BMNR,2026-09-11,18,Call,15.0,BMNR260911C00015000,8.05,10.15,9.100000000000001,5.95,0.0,0.0,0.0,8.0,0.0,0.9875,0.0059,0.0019,-0.0038,0.008,9.5776,0.0,0.0,0.0,7.625,down,2026-08-20T10:15:40,123.0,107.0
BMNR,2026-09-11,18,Put,15.0,BMNR260911P00015000,0.0,0.09,0.045,0.03,-0.02,-40.0,13.0,81.0,1.1305,-0.0133,0.0059,0.0019,-0.0051,-0.0002,0.0278,0.07,0.07,0.03,0.0500000007450581,down,2026-08-24T12:52:18,0.0,846.0
BMNR,2026-09-11,18,Call,15.5,BMNR260911C00015500,7.55,9.65,8.6,6.9,0.0,0.0,0.0,31.0,0.0,0.984,0.0074,0.0023,-0.0048,0.0082,9.0863,0.0,0.0,0.0,7.40000009536743,up,2026-08-21T10:13:56,131.0,111.0
BMNR,2026-09-11,18,Put,15.5,BMNR260911P00015500,0.02,0.26,0.14,0.1,0.045,81.8182,11.0,485.0,1.3148,-0.0168,0.0074,0.0023,-0.0061,-0.0002,0.0353,0.06,0.13,0.04,0.0549999997019768,up,2026-08-24T11:49:13,119.0,1632.0
BMNR,2026-09-11,18,Call,16.0,BMNR260911C00016000,8.05,9.15,8.600000000000001,5.52,0.0,0.0,0.0,10.0,1.0099,0.9796,0.0093,0.0028,-0.0061,0.0084,8.597,0.0,0.0,0.0,6.65000009536743,up,2026-08-20T12:01:45,123.0,113.0
BMNR,2026-09-11,18,Put,16.0,BMNR260911P00016000,0.03,0.14,0.085,0.06,-0.015,-20.0,14.0,161.0,1.119,-0.0213,0.0093,0.0028,-0.0073,-0.0003,0.0449,0.08,0.08,0.05,0.0750000011175871,down,2026-08-24T11:49:40,10.0,854.0
BMNR,2026-09-11,18,Call,16.5,BMNR260911C00016500,7.8,8.6,8.2,5.25,0.0,0.0,0.0,5.0,1.1767,0.974,0.0116,0.0034,-0.0076,0.0086,8.1105,0.0,0.0,0.0,6.32500004768372,up,2026-08-20T14:09:55,125.0,115.0
BMNR,2026-09-11,18,Put,16.5,BMNR260911P00016500,0.0,0.45,0.225,0.05,-0.045,-47.3684,6.0,165.0,1.3015,-0.0268,0.0116,0.0034,-0.0087,-0.0004,0.0572,0.05,0.05,0.05,0.0950000006705522,no_change,2026-08-24T11:42:08,0.0,1077.0
BMNR,2026-09-11,18,Call,17.0,BMNR260911C00017000,7.35,7.95,7.65,5.88,0.0,0.0,0.0,28.0,1.0068,0.967,0.0143,0.0041,-0.0093,0.0088,7.6276,0.0,0.0,0.0,5.89999985694885,up,2026-08-21T15:53:53,96.0,116.0
BMNR,2026-09-11,18,Put,17.0,BMNR260911P00017000,0.03,0.07,0.05,0.05,-0.07,-58.3333,6.0,627.0,0.8918,-0.0338,0.0143,0.0041,-0.0104,-0.0004,0.0731,0.33,0.33,0.05,0.120000001043081,down,2026-08-24T11:22:34,15.0,10.0
BMNR,2026-09-11,18,Call,17.5,BMNR260911C00017500,6.85,7.5,7.175,7.4,1.95,35.7798,36.0,660.0,0.9857,0.9584,0.0176,0.0049,-0.0114,0.009,7.1491,6.4,7.45,6.4,5.45000004768372,up,2026-08-24T12:38:28,1289.0,1134.0
BMNR,2026-09-11,18,Put,17.5,BMNR260911P00017500,0.0,0.17,0.085,0.08,-0.07,-46.6667,97.0,87.0,0.9182,-0.0425,0.0176,0.0049,-0.0124,-0.0006,0.0934,0.22,0.22,0.07,0.150000002235174,down,2026-08-24T12:31:16,0.0,923.0
BMNR,2026-09-11,18,Call,18.0,BMNR260911C00018000,6.4,7.15,6.775,6.5,1.5,30.0,14.0,510.0,1.0624,0.9476,0.0215,0.0059,-0.0137,0.0091,6.6763,5.75,6.5,5.75,5.0,up,2026-08-24T11:08:56,993.0,1246.0
BMNR,2026-09-11,18,Put,18.0,BMNR260911P00018000,0.01,0.24,0.125,0.1,-0.085,-45.9459,109.0,177.0,0.9277,-0.0533,0.0216,0.0059,-0.0146,-0.0007,0.1196,0.14,0.14,0.09,0.184999994933605,no_change,2026-08-24T12:04:21,830.0,1377.0
BMNR,2026-09-11,18,Call,18.5,BMNR260911C00018500,5.15,6.75,5.95,5.9,1.4,31.1111,22.0,210.0,0.0,0.9344,0.026,0.007,-0.0163,0.0091,6.2108,5.0,5.9,5.0,4.5,up,2026-08-24T11:29:14,1531.0,599.0
BMNR,2026-09-11,18,Put,18.5,BMNR260911P00018500,0.04,0.18,0.11,0.16,-0.09,-36.0,6.0,49.0,0.8366,-0.0665,0.0261,0.0071,-0.0172,-0.0009,0.1529,0.15,0.24,0.15,0.249999992549419,down,2026-08-24T10:28:15,1106.0,107.0
BMNR,2026-09-11,18,Call,19.0,BMNR260911C00019000,5.45,6.4,5.925000000000001,6.02,1.82,43.3333,25.0,367.0,1.0693,0.9184,0.0312,0.0083,-0.0192,0.0092,5.7541,5.0,6.02,5.0,4.19999992847443,no_change,2026-08-24T11:26:49,623.0,1364.0
BMNR,2026-09-11,18,Put,19.0,BMNR260911P00019000,0.13,0.21,0.16999999999999998,0.18,-0.145,-44.6154,10.0,142.0,0.8579,-0.0826,0.0312,0.0083,-0.0201,-0.0011,0.1952,0.2,0.22,0.17,0.325000002980232,down,2026-08-24T12:52:06,938.0,40.0
BMNR,2026-09-11,18,Call,19.5,BMNR260911C00019500,5.0,5.6,5.3,5.49,1.79,48.3784,70.0,272.0,0.8689,0.8993,0.0368,0.0097,-0.0224,0.0092,5.3085,4.62,5.49,4.62,3.69999992847443,up,2026-08-24T12:25:17,798.0,641.0
BMNR,2026-09-11,18,Put,19.5,BMNR260911P00019500,0.05,0.26,0.155,0.26,-0.15,-36.5854,6.0,22.0,0.7713,-0.1018,0.037,0.0097,-0.0232,-0.0013,0.2486,0.3,0.31,0.26,0.409999996423721,down,2026-08-24T10:48:20,1502.0,75.0
BMNR,2026-09-11,18,Call,20.0,BMNR260911C00020000,4.6,5.25,4.925,5.05,1.775,54.1985,177.0,840.0,0.911,0.8767,0.043,0.0112,-0.0259,0.0091,4.8761,4.01,5.05,4.0,3.27500009536743,up,2026-08-24T12:04:48,1285.0,1230.0
BMNR,2026-09-11,18,Put,20.0,BMNR260911P00020000,0.24,0.34,0.29000000000000004,0.28,-0.25,-47.1698,38.0,62.0,0.8454,-0.1245,0.0432,0.0112,-0.0266,-0.0016,0.3152,0.4,0.4,0.28,0.530000001192093,down,2026-08-24T11:40:26,946.0,35.0
BMNR,2026-09-11,18,Call,20.5,BMNR260911C00020500,4.15,4.8,4.475,4.29,1.315,44.2017,11.0,185.0,0.873,0.8505,0.0495,0.0128,-0.0296,0.009,4.4594,3.75,4.29,3.75,2.97500002384186,no_change,2026-08-24T11:06:35,541.0,979.0
BMNR,2026-09-11,18,Put,20.5,BMNR260911P00020500,0.35,0.42,0.385,0.43,-0.24,-35.8209,12.0,34.0,0.8509,-0.1508,0.0496,0.0128,-0.0302,-0.002,0.3975,0.55,0.55,0.43,0.669999986886978,down,2026-08-24T10:36:40,143.0,143.0
BMNR,2026-09-11,18,Call,21.0,BMNR260911C00021000,3.85,4.1,3.9749999999999996,4.02,1.35,50.5618,67.0,1395.0,0.7938,0.8207,0.056,0.0144,-0.0333,0.0088,4.0607,3.36,4.15,3.28,2.66999995708466,down,2026-08-24T12:54:23,1029.0,89.0
BMNR,2026-09-11,18,Put,21.0,BMNR260911P00021000,0.45,0.51,0.48,0.44,-0.405,-47.929,7.0,17.0,0.8426,-0.1807,0.0562,0.0144,-0.0339,-0.0024,0.498,0.65,0.65,0.44,0.844999998807907,down,2026-08-24T12:32:37,279.0,28.0
BMNR,2026-09-11,18,Call,21.5,BMNR260911C00021500,3.5,4.05,3.775,3.87,1.535,65.7388,13.0,556.0,0.9091,0.7874,0.0623,0.0159,-0.0369,0.0086,3.6823,3.19,3.87,2.95,2.33500003814697,up,2026-08-24T11:50:48,167.0,1237.0
BMNR,2026-09-11,18,Put,21.5,BMNR260911P00021500,0.58,0.63,0.605,0.6,-0.44,-42.3077,3.0,51.0,0.8429,-0.2141,0.0626,0.016,-0.0375,-0.0028,0.6188,0.7,0.81,0.6,1.04000002145767,down,2026-08-24T12:52:18,130.0,55.0
BMNR,2026-09-11,18,Call,22.0,BMNR260911C00022000,3.15,3.4,3.275,3.29,1.22,58.9372,202.0,913.0,0.82,0.7511,0.0682,0.0174,-0.0404,0.0083,3.3263,2.65,3.63,2.61,2.0699999332428,no_change,2026-08-24T12:54:46,998.0,148.0
BMNR,2026-09-11,18,Put,22.0,BMNR260911P00022000,0.73,0.78,0.755,0.71,-0.555,-43.8735,26.0,230.0,0.8458,-0.2506,0.0684,0.0174,-0.041,-0.0033,0.7621,0.96,0.96,0.71,1.26499998569489,no_change,2026-08-24T12:47:50,27.0,39.0
BMNR,2026-09-11,18,Call,22.5,BMNR260911C00022500,2.84,3.35,3.0949999999999998,3.19,1.37,75.2747,125.0,250.0,0.9036,0.7122,0.0733,0.0187,-0.0436,0.0079,2.9941,2.35,3.19,2.35,1.81999999284744,up,2026-08-24T12:32:09,111.0,1171.0
BMNR,2026-09-11,18,Put,22.5,BMNR260911P00022500,0.89,0.97,0.9299999999999999,0.86,-0.655,-43.2343,40.0,99.0,0.8501,-0.2896,0.0736,0.0187,-0.0441,-0.0037,0.9293,1.15,1.2,0.86,1.51499998569489,down,2026-08-24T12:34:23,74.0,231.0
BMNR,2026-09-11,18,Call,23.0,BMNR260911C00023000,2.61,2.71,2.66,2.7,1.105,69.279,1145.0,697.0,0.8378,0.6715,0.0775,0.0198,-0.0465,0.0075,2.6868,2.15,3.0,2.02,1.59499996900558,down,2026-08-24T12:49:52,135.0,66.0
BMNR,2026-09-11,18,Put,23.0,BMNR260911P00023000,1.09,1.17,1.13,1.03,-0.76,-42.4581,202.0,210.0,0.8557,-0.3305,0.0779,0.0198,-0.0469,-0.0042,1.1213,1.4,1.5,1.02,1.79000002145767,up,2026-08-24T12:38:29,29.0,214.0
BMNR,2026-09-11,18,Call,23.5,BMNR260911C00023500,2.34,2.43,2.385,2.62,2.62,0.0,85.0,0.0,0.8471,0.6296,0.0807,0.0207,-0.0488,0.0071,2.4047,2.0,2.62,1.8,0.0,up,2026-08-24T11:31:50,64.0,62.0
BMNR,2026-09-11,18,Put,23.5,BMNR260911P00023500,1.01,1.43,1.22,1.3,1.3,0.0,29.0,0.0,0.7966,-0.3726,0.0811,0.0207,-0.0492,-0.0048,1.339,1.67,1.67,1.26,0.0,up,2026-08-24T11:19:13,1438.0,73.0
BMNR,2026-09-11,18,Call,24.0,BMNR260911C00024000,2.08,2.17,2.125,2.25,1.03,84.4262,650.0,885.0,0.8478,0.5874,0.0828,0.0213,-0.0506,0.0067,2.1478,1.75,2.41,1.45,1.21999996900558,no_change,2026-08-24T12:43:12,122.0,37.0
BMNR,2026-09-11,18,Put,24.0,BMNR260911P00024000,1.55,1.66,1.605,1.51,-0.905,-37.4741,101.0,131.0,0.8694,-0.415,0.0832,0.0213,-0.051,-0.0053,1.5817,1.88,1.89,1.43,2.41499996185303,up,2026-08-24T12:16:52,39.0,128.0
BMNR,2026-09-11,18,Call,24.5,BMNR260911C00024500,1.81,1.94,1.875,2.0,2.0,0.0,131.0,0.0,0.8453,0.5455,0.0837,0.0217,-0.0519,0.0063,1.9151,1.56,2.16,1.39,0.0,no_change,2026-08-24T12:02:40,598.0,67.0
BMNR,2026-09-11,18,Put,24.5,BMNR260911P00024500,1.82,1.95,1.885,1.8,1.8,0.0,39.0,0.0,0.8805,-0.4571,0.0842,0.0217,-0.0522,-0.0059,1.8488,2.11,2.11,1.65,0.0,up,2026-08-24T12:45:02,26.0,580.0
BMNR,2026-09-11,18,Call,25.0,BMNR260911C00025000,1.63,1.73,1.68,1.86,0.91,95.7895,273.0,527.0,0.8582,0.5045,0.0836,0.0218,-0.0526,0.0058,1.7057,1.25,1.95,1.2,0.950000017881394,no_change,2026-08-24T12:35:43,626.0,15.0
BMNR,2026-09-11,18,Put,25.0,BMNR260911P00025000,2.11,2.22,2.165,2.07,-1.08,-34.2857,5.0,53.0,0.8817,-0.4983,0.0841,0.0218,-0.0529,-0.0063,2.1395,2.28,2.28,2.05,3.14999997615814,up,2026-08-24T12:49:04,26.0,100.0
BMNR,2026-09-11,18,Call,25.5,BMNR260911C00025500,1.41,1.55,1.48,1.62,1.62,0.0,18.0,0.0,0.8571,0.465,0.0826,0.0217,-0.0528,0.0054,1.5182,1.28,1.72,1.28,0.0,no_change,2026-08-24T11:55:00,369.0,31.0
BMNR,2026-09-11,18,Put,25.5,BMNR260911P00025500,2.42,2.57,2.495,2.43,2.43,0.0,2.0,0.0,0.8969,-0.538,0.0832,0.0217,-0.053,-0.0067,2.4518,2.55,2.55,2.43,0.0,down,2026-08-24T11:13:50,26.0,248.0
BMNR,2026-09-11,18,Call,26.0,BMNR260911C00026000,1.27,1.38,1.325,1.31,0.59,81.9444,109.0,260.0,0.8725,0.4273,0.0809,0.0214,-0.0526,0.005,1.3509,0.99,1.54,0.94,0.719999998807907,up,2026-08-24T12:56:07,715.0,156.0
BMNR,2026-09-11,18,Put,26.0,BMNR260911P00026000,2.74,2.85,2.795,2.65,-1.225,-31.6129,14.0,0.0,0.8894,-0.5759,0.0814,0.0214,-0.0527,-0.0071,2.7847,3.1,3.1,2.65,3.875,down,2026-08-24T11:40:26,64.0,74.0
BMNR,2026-09-11,18,Call,26.5,BMNR260911C00026500,1.12,1.23,1.175,1.2,1.2,0.0,5.0,0.0,0.8799,0.3918,0.0785,0.021,-0.0519,0.0046,1.202,0.95,1.31,0.95,0.0,down,2026-08-24T12:52:37,746.0,34.0
BMNR,2026-09-11,18,Put,26.5,BMNR260911P00026500,3.05,3.3,3.175,3.0,3.0,0.0,1.0,0.0,0.9115,-0.6117,0.079,0.0209,-0.052,-0.0075,3.1359,3.0,3.0,3.0,0.0,up,2026-08-24T12:09:44,54.0,565.0
BMNR,2026-09-11,18,Call,27.0,BMNR260911C00027000,1.0,1.09,1.045,1.1,0.565,105.607,577.0,1130.0,0.8891,0.3584,0.0755,0.0204,-0.0509,0.0042,1.0699,0.74,1.21,0.74,0.534999996423721,no_change,2026-08-24T12:46:21,785.0,44.0
BMNR,2026-09-11,18,Put,27.0,BMNR260911P00027000,3.4,3.65,3.525,3.45,-1.225,-26.2032,1.0,4.0,0.9116,-0.6453,0.0761,0.0203,-0.051,-0.0078,3.5041,3.45,3.45,3.45,4.67499995231628,down,2026-08-24T12:52:04,79.0,101.0
BMNR,2026-09-11,18,Call,27.5,BMNR260911C00027500,0.88,1.13,1.005,1.04,1.04,0.0,28.0,0.0,0.9366,0.3274,0.0723,0.0197,-0.0496,0.0038,0.9528,0.74,1.09,0.74,0.0,down,2026-08-24T12:48:23,50.0,1240.0
BMNR,2026-09-11,18,Put,27.5,BMNR260911P00027500,3.8,4.05,3.925,0.0,0.0,0.0,0.0,0.0,0.9294,-0.6765,0.0729,0.0196,-0.0496,-0.0081,3.8872,0.0,0.0,0.0,0.0,no_change,,84.0,107.0
BMNR,2026-09-11,18,Call,28.0,BMNR260911C00028000,0.78,0.96,0.87,0.95,0.95,0.0,43.0,0.0,0.9302,0.2988,0.0688,0.019,-0.0481,0.0035,0.8492,0.62,0.98,0.62,0.0,up,2026-08-24T12:23:02,63.0,824.0
BMNR,2026-09-11,18,Put,28.0,BMNR260911P00028000,4.0,4.45,4.225,0.0,0.0,0.0,0.0,0.0,0.8875,-0.7054,0.0694,0.0188,-0.0481,-0.0084,4.2842,0.0,0.0,0.0,0.0,no_change,,234.0,89.0
BMNR,2026-09-11,18,Call,29.0,BMNR260911C00029000,0.62,0.7,0.6599999999999999,0.75,0.75,0.0,27.0,0.0,0.9283,0.2482,0.0615,0.0173,-0.0446,0.0029,0.6765,0.54,0.75,0.54,0.0,up,2026-08-24T12:48:23,251.0,140.0
BMNR,2026-09-11,18,Put,29.0,BMNR260911P00029000,4.75,5.3,5.025,0.0,0.0,0.0,0.0,0.0,0.8856,-0.7564,0.0621,0.0171,-0.0445,-0.0087,5.1125,0.0,0.0,0.0,0.0,no_change,,263.0,60.0
BMNR,2026-09-11,18,Call,30.0,BMNR260911C00030000,0.5,0.55,0.525,0.52,0.25,92.5926,361.0,589.0,0.9462,0.206,0.0542,0.0155,-0.0408,0.0024,0.5414,0.39,0.65,0.34,0.269999995827675,no_change,2026-08-24T12:56:56,151.0,26.0
BMNR,2026-09-11,18,Put,30.0,BMNR260911P00030000,5.85,6.05,5.949999999999999,5.9,-1.525,-20.5387,1.0,101.0,0.9379,-0.799,0.0549,0.0152,-0.0406,-0.0089,5.9785,5.9,5.9,5.9,7.42499995231628,down,2026-08-24T12:52:04,60.0,43.0
BMNR,2026-09-11,18,Call,31.0,BMNR260911C00031000,0.25,0.48,0.365,0.51,0.51,0.0,7.0,0.0,0.9228,0.171,0.0474,0.0139,-0.0369,0.002,0.4355,0.35,0.51,0.35,0.0,up,2026-08-24T12:26:48,926.0,75.0
BMNR,2026-09-11,18,Put,31.0,BMNR260911P00031000,6.6,7.05,6.824999999999999,0.0,0.0,0.0,0.0,0.0,0.9384,-0.8344,0.0481,0.0136,-0.0366,-0.0092,6.8739,0.0,0.0,0.0,0.0,no_change,,151.0,72.0
BMNR,2026-09-11,18,Call,32.0,BMNR260911C00032000,0.24,0.4,0.32,0.36,0.36,0.0,48.0,0.0,0.9674,0.1421,0.0411,0.0123,-0.0332,0.0017,0.3522,0.2,0.36,0.2,0.0,up,2026-08-24T11:16:30,934.0,51.0
BMNR,2026-09-11,18,Put,32.0,BMNR260911P00032000,7.2,9.15,8.175,0.0,0.0,0.0,0.0,0.0,1.2689,-0.8637,0.0419,0.0119,-0.0327,-0.0092,7.7924,0.0,0.0,0.0,0.0,no_change,,208.0,244.0
BMNR,2026-09-11,18,Call,35.0,BMNR260911C00035000,0.16,0.2,0.18,0.2,0.115,135.294,131.0,80.0,1.0328,0.0829,0.0265,0.0083,-0.0234,0.001,0.1925,0.05,0.26,0.05,0.0849999990314245,down,2026-08-24T12:29:40,54.0,9.0
BMNR,2026-09-11,18,Put,35.0,BMNR260911P00035000,10.0,11.6,10.8,18.1,0.0,0.0,0.0,0.0,1.2231,-0.9242,0.0274,0.0077,-0.0228,-0.0082,10.6385,0.0,0.0,0.0,12.375,up,2026-07-31T12:22:05,121.0,113.0
BMNR,2026-09-18,25,Call,8.0,BMNR260918C00008000,14.75,18.55,16.65,9.55,0.0,0.0,0.0,10.0,2.2955,1.0,0.0004,0.0002,0.0,0.0059,16.556,0.0,0.0,0.0,14.7250003814697,down,2026-07-22T14:19:02,120.0,157.0
BMNR,2026-09-18,25,Put,8.0,BMNR260918P00008000,0.0,0.01,0.005,0.03,0.0,0.0,0.0,555.0,1.5623,-0.0012,0.0004,0.0002,-0.0007,0.0,0.0034,0.0,0.0,0.0,0.0149999996647239,down,2026-08-20T11:36:28,0.0,500.0
BMNR,2026-09-18,25,Call,9.0,BMNR260918C00009000,13.8,17.55,15.675,0.0,0.0,0.0,0.0,0.0,2.1475,0.9995,0.0006,0.0004,0.0,0.0066,15.5607,0.0,0.0,0.0,14.0250000953674,no_change,,121.0,148.0
BMNR,2026-09-18,25,Put,9.0,BMNR260918P00009000,0.0,0.14,0.07,0.12,0.0,0.0,0.0,22.0,1.9587,-0.0018,0.0006,0.0004,-0.001,0.0,0.005,0.0,0.0,0.0,0.0549999997019768,no_change,2026-07-23T13:00:48,0.0,172.0
BMNR,2026-09-18,25,Call,10.0,BMNR260918C00010000,14.15,16.1,15.125,11.5,0.0,0.0,0.0,83.0,2.776,0.9985,0.001,0.0005,0.0,0.0073,14.5663,0.0,0.0,0.0,12.9749999046326,up,2026-08-20T09:58:40,149.0,114.0
BMNR,2026-09-18,25,Put,10.0,BMNR260918P00010000,0.0,0.11,0.055,0.02,0.0,0.0,0.0,292.0,1.702,-0.0028,0.001,0.0005,-0.0013,0.0,0.0074,0.0,0.0,0.0,0.025000000372529,no_change,2026-08-21T11:40:49,0.0,1210.0
BMNR,2026-09-18,25,Call,11.0,BMNR260918C00011000,11.85,15.0,13.425,7.89,0.0,0.0,0.0,11.0,0.0,0.9971,0.0016,0.0008,0.0,0.008,13.5732,0.0,0.0,0.0,11.9749999046326,up,2026-08-18T11:33:10,154.0,124.0
BMNR,2026-09-18,25,Put,11.0,BMNR260918P00011000,0.0,0.12,0.06,0.04,0.0,0.0,0.0,232.0,1.5571,-0.0042,0.0016,0.0008,-0.0018,-0.0001,0.0111,0.0,0.0,0.0,0.0599999986588955,down,2026-08-19T11:27:30,0.0,1201.0
BMNR,2026-09-18,25,Call,12.0,BMNR260918C00012000,10.9,14.0,12.45,11.85,0.65,5.80357,1.0,12.0,0.0,0.9949,0.0024,0.0012,-0.0007,0.0087,12.5819,11.85,11.85,11.85,11.1999998092651,up,2026-08-24T09:36:39,581.0,139.0
BMNR,2026-09-18,25,Put,12.0,BMNR260918P00012000,0.0,0.1,0.05,0.04,-0.025,-38.4615,1.0,498.0,1.3638,-0.0065,0.0024,0.0012,-0.0026,-0.0001,0.0166,0.04,0.04,0.04,0.0649999976158142,up,2026-08-24T10:57:07,0.0,1847.0
BMNR,2026-09-18,25,Call,13.0,BMNR260918C00013000,9.85,13.6,11.725,7.4,0.0,0.0,0.0,17.0,1.5086,0.9915,0.0037,0.0017,-0.0018,0.0094,11.5935,0.0,0.0,0.0,9.75,up,2026-08-19T11:25:21,158.0,152.0
BMNR,2026-09-18,25,Put,13.0,BMNR260918P00013000,0.0,0.1,0.05,0.07,0.025,55.5556,9.0,2467.0,1.2262,-0.0098,0.0037,0.0017,-0.0035,-0.0002,0.025,0.03,0.07,0.03,0.0449999989941716,up,2026-08-24T12:13:42,0.0,1391.0
BMNR,2026-09-18,25,Call,14.0,BMNR260918C00014000,10.2,11.2,10.7,9.65,0.8,9.03955,6.0,501.0,1.3021,0.9864,0.0055,0.0024,-0.0033,0.01,10.6096,9.65,9.65,9.65,8.84999990463257,up,2026-08-24T09:30:03,1257.0,1122.0
BMNR,2026-09-18,25,Put,14.0,BMNR260918P00014000,0.01,0.11,0.06,0.04,-0.035,-46.6667,49.0,5468.0,1.1318,-0.015,0.0056,0.0024,-0.0049,-0.0003,0.038,0.05,0.06,0.04,0.0749999992549419,no_change,2026-08-24T11:51:24,1.0,1510.0
BMNR,2026-09-18,25,Call,15.0,BMNR260918C00015000,9.35,10.0,9.675,9.95,1.9,23.6025,9.0,585.0,1.1082,0.9787,0.0083,0.0034,-0.0052,0.0106,9.6328,9.95,9.95,9.95,8.05000019073486,no_change,2026-08-24T12:31:13,1703.0,1349.0
BMNR,2026-09-18,25,Put,15.0,BMNR260918P00015000,0.05,0.1,0.07500000000000001,0.06,-0.02,-25.0,21.0,4818.0,1.0496,-0.0227,0.0083,0.0035,-0.0067,-0.0004,0.058,0.07,0.08,0.06,0.080000001937151,down,2026-08-24T12:22:29,10.0,5.0
BMNR,2026-09-18,25,Call,16.0,BMNR260918C00016000,8.4,9.2,8.8,8.7,1.825,26.5455,296.0,2026.0,1.1731,0.9673,0.0122,0.0048,-0.0077,0.0111,8.667,7.7,8.7,7.6,6.875,no_change,2026-08-24T11:14:50,1245.0,1582.0
BMNR,2026-09-18,25,Put,16.0,BMNR260918P00016000,0.05,0.12,0.08499999999999999,0.13,0.01,8.33334,2205.0,7593.0,0.9525,-0.0342,0.0122,0.0049,-0.0091,-0.0006,0.0891,0.08,0.15,0.08,0.119999997317791,up,2026-08-24T12:39:11,253.0,259.0
BMNR,2026-09-18,25,Call,16.5,BMNR260918C00016500,6.8,8.75,7.775,0.0,0.0,0.0,0.0,0.0,0.0,0.9596,0.0146,0.0057,-0.0093,0.0113,8.1899,0.0,0.0,0.0,0.0,no_change,,169.0,132.0
BMNR,2026-09-18,25,Put,16.5,BMNR260918P00016500,0.0,0.81,0.405,0.0,0.0,0.0,0.0,0.0,1.3011,-0.0418,0.0147,0.0057,-0.0105,-0.0008,0.1103,0.0,0.0,0.0,0.0,no_change,,0.0,794.0
BMNR,2026-09-18,25,Call,17.0,BMNR260918C00017000,7.45,8.1,7.775,7.2,1.2,20.0,2.0,2422.0,1.0037,0.9504,0.0175,0.0067,-0.011,0.0115,7.718,7.2,7.2,7.2,6.0,up,2026-08-24T10:25:37,1198.0,1382.0
BMNR,2026-09-18,25,Put,17.0,BMNR260918P00017000,0.11,0.17,0.14,0.12,-0.08,-40.0,62.0,1946.0,0.9297,-0.0511,0.0176,0.0068,-0.0122,-0.0009,0.1371,0.17,0.17,0.12,0.200000002980232,down,2026-08-24T12:15:36,5.0,74.0
BMNR,2026-09-18,25,Call,17.5,BMNR260918C00017500,6.95,7.7,7.325,6.75,6.75,0.0,1.0,0.0,0.9956,0.9394,0.0208,0.0079,-0.0129,0.0117,7.2523,6.75,6.75,6.75,0.0,up,2026-08-24T10:38:45,77.0,139.0
BMNR,2026-09-18,25,Put,17.5,BMNR260918P00017500,0.11,0.37,0.24,0.16,0.16,0.0,15.0,0.0,0.9929,-0.0621,0.0208,0.0079,-0.014,-0.0011,0.1696,0.17,0.17,0.16,0.0,no_change,2026-08-24T12:12:03,312.0,1263.0
BMNR,2026-09-18,25,Call,18.0,BMNR260918C00018000,6.55,7.0,6.775,6.9,1.825,35.9606,123.0,5632.0,0.8744,0.9264,0.0245,0.0091,-0.015,0.0118,6.7943,6.02,7.05,5.9,5.07499980926514,down,2026-08-24T12:49:44,1191.0,886.0
BMNR,2026-09-18,25,Put,18.0,BMNR260918P00018000,0.2,0.26,0.23,0.23,-0.09,-28.125,117.0,2983.0,0.9177,-0.0752,0.0246,0.0091,-0.016,-0.0014,0.2102,0.24,0.24,0.17,0.320000007748604,up,2026-08-24T12:55:00,1.0,590.0
BMNR,2026-09-18,25,Call,18.5,BMNR260918C00018500,5.2,6.85,6.025,5.93,5.93,0.0,20.0,0.0,0.0,0.911,0.0285,0.0105,-0.0173,0.0118,6.3454,5.93,5.93,5.93,0.0,up,2026-08-24T11:29:14,373.0,130.0
BMNR,2026-09-18,25,Put,18.5,BMNR260918P00018500,0.23,0.28,0.255,0.24,0.24,0.0,9.0,0.0,0.8796,-0.0906,0.0286,0.0105,-0.0182,-0.0017,0.2598,0.3,0.3,0.24,0.0,down,2026-08-24T12:16:22,139.0,127.0
BMNR,2026-09-18,25,Call,19.0,BMNR260918C00019000,5.7,6.15,5.925000000000001,6.0,1.675,38.7283,80.0,1438.0,0.8885,0.8931,0.033,0.012,-0.0197,0.0118,5.9073,4.95,6.23,4.82,4.32500004768372,down,2026-08-24T12:40:20,972.0,1072.0
BMNR,2026-09-18,25,Put,19.0,BMNR260918P00019000,0.29,0.34,0.315,0.31,-0.185,-37.3737,951.0,1864.0,0.8692,-0.1086,0.0331,0.012,-0.0206,-0.002,0.3203,0.36,0.41,0.27,0.49499998986721,no_change,2026-08-24T12:54:08,198.0,115.0
BMNR,2026-09-18,25,Call,19.5,BMNR260918C00019500,5.2,6.1,5.65,0.0,0.0,0.0,0.0,0.0,0.9825,0.8726,0.0376,0.0135,-0.0223,0.0118,5.4818,0.0,0.0,0.0,0.0,no_change,,339.0,431.0
BMNR,2026-09-18,25,Put,19.5,BMNR260918P00019500,0.35,0.45,0.4,0.42,0.42,0.0,5.0,0.0,0.8698,-0.1292,0.0378,0.0136,-0.0232,-0.0023,0.3934,0.48,0.53,0.42,0.0,down,2026-08-24T12:21:50,113.0,817.0
BMNR,2026-09-18,25,Call,20.0,BMNR260918C00020000,4.9,5.25,5.075,5.22,1.645,46.014,428.0,11859.0,0.8607,0.8493,0.0425,0.0151,-0.025,0.0116,5.0708,4.16,5.41,4.15,3.57500004768372,down,2026-08-24T12:42:19,521.0,937.0
BMNR,2026-09-18,25,Put,20.0,BMNR260918P00020000,0.46,0.49,0.475,0.48,-0.26,-35.1351,993.0,1719.0,0.8538,-0.1526,0.0427,0.0152,-0.0258,-0.0028,0.4811,0.61,0.61,0.43,0.739999979734421,up,2026-08-24T12:54:46,64.0,34.0
BMNR,2026-09-18,25,Call,20.5,BMNR260918C00020500,4.4,5.1,4.75,4.05,4.05,0.0,1.0,0.0,0.8961,0.8234,0.0474,0.0168,-0.0277,0.0115,4.676,4.05,4.05,4.05,0.0,up,2026-08-24T09:36:00,432.0,413.0
BMNR,2026-09-18,25,Put,20.5,BMNR260918P00020500,0.55,0.62,0.585,0.58,0.58,0.0,4.0,0.0,0.8523,-0.1786,0.0476,0.0168,-0.0284,-0.0032,0.5852,0.61,0.61,0.53,0.0,up,2026-08-24T12:52:58,614.0,66.0
BMNR,2026-09-18,25,Call,21.0,BMNR260918C00021000,4.1,4.4,4.25,4.26,1.3,43.9189,433.0,14366.0,0.8215,0.7949,0.0521,0.0184,-0.0304,0.0112,4.2992,3.75,4.65,3.45,2.95999991893768,no_change,2026-08-24T12:54:37,1104.0,674.0
BMNR,2026-09-18,25,Put,21.0,BMNR260918P00021000,0.69,0.73,0.71,0.71,-0.38,-34.8624,443.0,5133.0,0.8501,-0.2072,0.0524,0.0184,-0.0311,-0.0038,0.7072,0.85,0.93,0.65,1.08999997377396,up,2026-08-24T12:54:46,49.0,27.0
BMNR,2026-09-18,25,Call,21.5,BMNR260918C00021500,3.75,4.35,4.05,0.0,0.0,0.0,0.0,0.0,0.9001,0.7641,0.0566,0.0199,-0.033,0.0109,3.942,0.0,0.0,0.0,0.0,no_change,,37.0,516.0
BMNR,2026-09-18,25,Put,21.5,BMNR260918P00021500,0.65,0.91,0.78,0.88,0.88,0.0,22.0,0.0,0.8113,-0.2382,0.0569,0.0199,-0.0336,-0.0043,0.8491,0.98,0.98,0.88,0.0,no_change,2026-08-24T11:10:14,1783.0,88.0
BMNR,2026-09-18,25,Call,22.0,BMNR260918C00022000,3.5,3.65,3.575,3.48,1.125,47.7707,807.0,4715.0,0.831,0.7313,0.0606,0.0213,-0.0354,0.0106,3.6054,3.0,3.95,2.88,2.35500001907349,down,2026-08-24T12:55:06,1000.0,131.0
BMNR,2026-09-18,25,Put,22.0,BMNR260918P00022000,1.0,1.07,1.0350000000000001,0.99,-0.545,-35.5049,272.0,496.0,0.8564,-0.2711,0.061,0.0213,-0.036,-0.0049,1.0113,1.23,1.25,0.92,1.53500002622604,down,2026-08-24T12:46:35,191.0,392.0
BMNR,2026-09-18,25,Call,22.5,BMNR260918C00022500,3.15,3.65,3.4,3.43,3.43,0.0,6.0,0.0,0.8942,0.697,0.0641,0.0225,-0.0376,0.0102,3.2903,3.25,3.43,3.25,0.0,up,2026-08-24T12:14:36,321.0,1094.0
BMNR,2026-09-18,25,Put,22.5,BMNR260918P00022500,1.18,1.42,1.2999999999999998,0.0,0.0,0.0,0.0,0.0,0.8918,-0.3057,0.0645,0.0226,-0.0381,-0.0055,1.1956,0.0,0.0,0.0,0.0,no_change,,74.0,1014.0
BMNR,2026-09-18,25,Call,23.0,BMNR260918C00023000,2.91,3.05,2.98,2.99,1.1,58.2011,739.0,15090.0,0.8399,0.6616,0.067,0.0236,-0.0395,0.0098,2.9972,2.34,3.31,2.29,1.88999998569489,up,2026-08-24T12:57:20,891.0,134.0
BMNR,2026-09-18,25,Put,23.0,BMNR260918P00023000,1.39,1.48,1.435,1.35,-0.715,-34.6247,157.0,357.0,0.8613,-0.3413,0.0674,0.0236,-0.04,-0.0061,1.4016,1.63,1.75,1.32,2.06499993801117,up,2026-08-24T11:38:25,201.0,391.0
BMNR,2026-09-18,25,Call,23.5,BMNR260918C00023500,2.64,2.75,2.6950000000000003,2.63,2.63,0.0,26.0,0.0,0.8371,0.6256,0.0692,0.0244,-0.0412,0.0093,2.726,2.24,2.63,2.24,0.0,up,2026-08-24T11:04:19,730.0,26.0
BMNR,2026-09-18,25,Put,23.5,BMNR260918P00023500,1.62,1.72,1.67,1.69,1.69,0.0,264.0,0.0,0.8662,-0.3774,0.0696,0.0244,-0.0416,-0.0067,1.6299,1.91,2.02,1.69,0.0,no_change,2026-08-24T12:54:57,42.0,691.0
BMNR,2026-09-18,25,Call,24.0,BMNR260918C00024000,2.42,2.51,2.465,2.55,1.035,68.3168,1223.0,2488.0,0.8468,0.5895,0.0707,0.0251,-0.0424,0.0088,2.4764,1.96,2.79,1.85,1.51499998569489,down,2026-08-24T12:44:05,263.0,156.0
BMNR,2026-09-18,25,Put,24.0,BMNR260918P00024000,1.87,1.97,1.92,1.88,-0.865,-31.5118,507.0,146.0,0.8694,-0.4137,0.0712,0.0251,-0.0428,-0.0073,1.8798,2.2,2.39,1.74,2.74500000476837,up,2026-08-24T12:52:04,148.0,910.0
BMNR,2026-09-18,25,Call,24.5,BMNR260918C00024500,2.17,2.28,2.2249999999999996,2.42,2.42,0.0,288.0,0.0,0.8489,0.5538,0.0715,0.0255,-0.0434,0.0084,2.2478,1.67,2.5,1.67,0.0,no_change,2026-08-24T12:15:36,1012.0,24.0
BMNR,2026-09-18,25,Put,24.5,BMNR260918P00024500,2.15,2.25,2.2,2.06,2.06,0.0,32.0,0.0,0.8771,-0.4497,0.072,0.0255,-0.0437,-0.008,2.1508,2.1,2.15,1.96,0.0,no_change,2026-08-24T12:38:29,26.0,555.0
BMNR,2026-09-18,25,Call,25.0,BMNR260918C00025000,1.99,2.06,2.025,2.04,0.83,68.595,2553.0,14592.0,0.8574,0.5188,0.0716,0.0257,-0.044,0.0079,2.0391,1.54,2.31,1.45,1.20999997854233,no_change,2026-08-24T12:52:58,684.0,212.0
BMNR,2026-09-18,25,Put,25.0,BMNR260918P00025000,2.43,2.54,2.4850000000000003,2.4,-0.95,-28.3582,386.0,155.0,0.8798,-0.4849,0.0721,0.0256,-0.0443,-0.0085,2.4418,2.92,3.1,2.3,3.35000002384186,no_change,2026-08-24T12:49:04,183.0,388.0
BMNR,2026-09-18,25,Call,25.5,BMNR260918C00025500,1.77,1.88,1.825,1.82,1.82,0.0,44.0,0.0,0.8591,0.4848,0.0711,0.0257,-0.0444,0.0074,1.8493,1.44,2.01,1.44,0.0,down,2026-08-24T12:56:28,942.0,48.0
BMNR,2026-09-18,25,Put,25.5,BMNR260918P00025500,2.4,2.86,2.63,2.75,2.75,0.0,1.0,0.0,0.823,-0.5191,0.0717,0.0256,-0.0446,-0.0091,2.7519,2.75,2.75,2.75,0.0,up,2026-08-24T11:41:12,1420.0,7.0
BMNR,2026-09-18,25,Call,26.0,BMNR260918C00026000,1.62,1.7,1.6600000000000001,1.66,0.67,67.6768,1634.0,5580.0,0.8681,0.4522,0.0702,0.0255,-0.0444,0.0069,1.6772,1.23,1.9,1.11,0.990000009536743,no_change,2026-08-24T12:53:20,1204.0,15.0
BMNR,2026-09-18,25,Put,26.0,BMNR260918P00026000,3.05,3.2,3.125,3.1,-1.05,-25.3012,11.0,12.0,0.8927,-0.552,0.0707,0.0254,-0.0445,-0.0095,3.0797,3.35,3.35,3.1,4.15000009536743,down,2026-08-24T11:14:36,66.0,415.0
BMNR,2026-09-18,25,Call,26.5,BMNR260918C00026500,1.47,1.55,1.51,1.52,1.52,0.0,57.0,0.0,0.877,0.421,0.0687,0.0252,-0.0442,0.0065,1.5215,1.28,1.73,1.11,0.0,up,2026-08-24T12:57:13,640.0,64.0
BMNR,2026-09-18,25,Put,26.5,BMNR260918P00026500,3.4,3.6,3.5,3.74,3.74,0.0,2.0,0.0,0.9118,-0.5834,0.0694,0.0251,-0.0442,-0.01,3.424,3.74,3.74,3.74,0.0,up,2026-08-24T10:52:37,61.0,526.0
BMNR,2026-09-18,25,Call,27.0,BMNR260918C00027000,1.34,1.41,1.375,1.35,0.57,73.0769,267.0,1314.0,0.8862,0.3914,0.067,0.0247,-0.0437,0.006,1.3807,1.1,1.57,1.0,0.780000001192093,down,2026-08-24T12:57:13,360.0,34.0
BMNR,2026-09-18,25,Put,27.0,BMNR260918P00027000,3.75,3.95,3.85,4.0,-0.9,-18.3673,2.0,218.0,0.9156,-0.6133,0.0676,0.0246,-0.0437,-0.0104,3.7831,4.36,4.36,4.0,4.90000009536743,down,2026-08-24T10:45:51,79.0,647.0
BMNR,2026-09-18,25,Call,27.5,BMNR260918C00027500,1.19,1.56,1.375,1.37,1.37,0.0,139.0,0.0,0.9437,0.3635,0.0649,0.0242,-0.043,0.0056,1.2537,1.01,1.37,0.97,0.0,up,2026-08-24T12:20:48,8.0,1618.0
BMNR,2026-09-18,25,Put,27.5,BMNR260918P00027500,4.1,4.3,4.199999999999999,0.0,0.0,0.0,0.0,0.0,0.9138,-0.6414,0.0656,0.024,-0.043,-0.0109,4.1566,0.0,0.0,0.0,0.0,no_change,,145.0,69.0
BMNR,2026-09-18,25,Call,28.0,BMNR260918C00028000,1.08,1.17,1.125,1.17,0.535,84.252,1823.0,1268.0,0.8972,0.3374,0.0626,0.0235,-0.0422,0.0052,1.1391,0.85,1.32,0.78,0.635000020265579,no_change,2026-08-24T12:47:40,1006.0,48.0
BMNR,2026-09-18,25,Put,28.0,BMNR260918P00028000,4.5,4.65,4.575,7.2,0.0,0.0,0.0,84.0,0.9173,-0.6679,0.0633,0.0234,-0.0421,-0.0112,4.5421,0.0,0.0,0.0,5.72499990463257,no_change,2026-08-20T14:42:20,103.0,108.0
BMNR,2026-09-18,25,Call,29.0,BMNR260918C00029000,0.89,0.96,0.925,0.93,0.4,75.4717,375.0,574.0,0.9105,0.29,0.0577,0.022,-0.0401,0.0045,0.9428,0.53,1.06,0.53,0.530000001192093,down,2026-08-24T12:52:56,756.0,21.0
BMNR,2026-09-18,25,Put,29.0,BMNR260918P00029000,5.0,5.55,5.275,0.0,0.0,0.0,0.0,0.0,0.8854,-0.7156,0.0584,0.0218,-0.04,-0.0118,5.3467,0.0,0.0,0.0,6.65000009536743,no_change,,665.0,101.0
BMNR,2026-09-18,25,Call,30.0,BMNR260918C00030000,0.75,0.78,0.765,0.76,0.33,76.7442,2968.0,8328.0,0.9253,0.2491,0.0525,0.0204,-0.0377,0.0039,0.7833,0.55,0.91,0.5,0.429999992251396,down,2026-08-24T12:56:03,38.0,3.0
BMNR,2026-09-18,25,Put,30.0,BMNR260918P00030000,5.75,6.4,6.075,7.55,0.0,0.0,0.0,24.0,0.8764,-0.7571,0.0533,0.0201,-0.0375,-0.0122,6.1885,0.0,0.0,0.0,7.45000004768372,down,2026-08-21T11:27:18,546.0,72.0
BMNR,2026-09-18,25,Call,31.0,BMNR260918C00031000,0.61,0.67,0.64,0.66,0.305,85.9155,241.0,192.0,0.9429,0.214,0.0474,0.0187,-0.0352,0.0034,0.6536,0.43,0.71,0.37,0.355000004172325,no_change,2026-08-24T12:45:22,585.0,54.0
BMNR,2026-09-18,25,Put,31.0,BMNR260918P00031000,6.7,7.25,6.975,0.0,0.0,0.0,0.0,0.0,0.9025,-0.7927,0.0482,0.0183,-0.0348,-0.0124,7.0598,0.0,0.0,0.0,8.44999980926514,no_change,,281.0,17.0
BMNR,2026-09-18,25,Call,32.0,BMNR260918C00032000,0.51,0.57,0.54,0.61,0.31,103.333,894.0,227.0,0.9614,0.184,0.0426,0.0171,-0.0326,0.0029,0.5477,0.37,0.64,0.37,0.299999997019768,no_change,2026-08-24T12:38:47,911.0,131.0
BMNR,2026-09-18,25,Put,32.0,BMNR260918P00032000,7.1,8.2,7.6499999999999995,14.0,0.0,0.0,0.0,1.0,0.7463,-0.8231,0.0434,0.0167,-0.0321,-0.0126,7.9557,0.0,0.0,0.0,9.625,down,2026-08-13T11:01:06,274.0,95.0
BMNR,2026-09-18,25,Call,33.0,BMNR260918C00033000,0.43,0.5,0.46499999999999997,0.47,0.195,70.9091,247.0,92.0,0.9841,0.1585,0.0381,0.0155,-0.03,0.0025,0.461,0.34,0.55,0.25,0.274999998509884,down,2026-08-24T12:44:38,708.0,112.0
BMNR,2026-09-18,25,Put,33.0,BMNR260918P00033000,8.0,9.4,8.7,9.36,-1.19,-11.2796,1.0,1.0,0.8536,-0.8491,0.0389,0.0148,-0.0294,-0.0124,8.8708,9.36,9.36,9.36,10.5500001907349,down,2026-08-24T10:26:16,229.0,197.0
BMNR,2026-09-18,25,Call,34.0,BMNR260918C00034000,0.36,0.41,0.385,0.39,0.145,59.1837,361.0,356.0,0.9934,0.1368,0.034,0.0141,-0.0275,0.0022,0.3898,0.27,0.45,0.27,0.244999997317791,down,2026-08-24T12:54:23,729.0,72.0
BMNR,2026-09-18,25,Put,34.0,BMNR260918P00034000,8.9,11.05,9.975000000000001,16.39,0.0,0.0,0.0,1.0,1.1158,-0.8712,0.0349,0.0135,-0.0268,-0.0127,9.8015,0.0,0.0,0.0,11.5,up,2026-08-14T10:37:51,272.0,244.0
BMNR,2026-09-18,25,Call,35.0,BMNR260918C00035000,0.32,0.35,0.33499999999999996,0.35,0.155,79.4872,639.0,691.0,1.015,0.1183,0.0302,0.0127,-0.0252,0.0019,0.331,0.21,0.41,0.21,0.195000000298023,up,2026-08-24T12:55:49,36.0,11.0
BMNR,2026-09-18,25,Put,35.0,BMNR260918P00035000,9.25,11.8,10.525,13.65,0.0,0.0,0.0,29.0,0.7402,-0.8901,0.0312,0.0119,-0.0244,-0.012,10.7449,0.0,0.0,0.0,12.4749999046326,up,2026-08-20T09:51:52,290.0,221.0
BMNR,2026-09-25,32,Call,5.0,BMNR260925C00005000,17.6,21.55,19.575000000000003,0.0,0.0,0.0,0.0,0.0,2.4062,1.0,0.0001,0.0001,0.0,0.0046,19.5436,0.0,0.0,0.0,17.7749996185303,no_change,,120.0,6.0
BMNR,2026-09-25,32,Put,5.0,BMNR260925P00005000,0.0,2.13,1.065,0.0,0.0,0.0,0.0,0.0,5.1335,-0.0004,0.0001,0.0001,-0.0002,0.0,0.0012,0.0,0.0,0.0,1.06500005722046,no_change,,0.0,57.0
BMNR,2026-09-25,32,Call,9.0,BMNR260925C00009000,13.8,17.55,15.675,9.16,0.0,0.0,0.0,1.0,1.8924,0.9987,0.0008,0.0006,0.0,0.0083,15.5657,0.0,0.0,0.0,14.0749998092651,down,2026-08-13T09:32:38,120.0,6.0
BMNR,2026-09-25,32,Put,9.0,BMNR260925P00009000,0.0,2.13,1.065,0.0,0.0,0.0,0.0,0.0,3.3028,-0.0024,0.0008,0.0006,-0.001,-0.0001,0.0072,0.0,0.0,0.0,1.06500005722046,no_change,,0.0,30.0
BMNR,2026-09-25,32,Call,10.0,BMNR260925C00010000,12.8,16.55,14.675,8.7,0.0,0.0,0.0,1.0,1.6993,0.9973,0.0013,0.0008,0.0,0.0092,14.5736,0.0,0.0,0.0,13.0999999046326,up,2026-08-18T13:34:37,120.0,5.0
BMNR,2026-09-25,32,Put,10.0,BMNR260925P00010000,0.0,2.13,1.065,0.0,0.0,0.0,0.0,0.0,3.0015,-0.0038,0.0013,0.0008,-0.0015,-0.0001,0.011,0.0,0.0,0.0,1.06500005722046,no_change,,0.0,59.0
BMNR,2026-09-25,32,Call,11.0,BMNR260925C00011000,11.75,15.55,13.65,0.0,0.0,0.0,0.0,0.0,1.4562,0.9952,0.002,0.0012,-0.0005,0.01,13.5835,0.0,0.0,0.0,12.1750001907349,no_change,,121.0,5.0
BMNR,2026-09-25,32,Put,11.0,BMNR260925P00011000,0.0,2.14,1.07,0.0,0.0,0.0,0.0,0.0,2.7378,-0.0059,0.002,0.0012,-0.002,-0.0001,0.0168,0.0,0.0,0.0,0.0549999997019768,no_change,,0.0,674.0
BMNR,2026-09-25,32,Call,12.0,BMNR260925C00012000,10.85,14.6,12.725,0.0,0.0,0.0,0.0,0.0,1.476,0.9921,0.003,0.0018,-0.0014,0.0109,12.5964,0.0,0.0,0.0,11.2249999046326,no_change,,120.0,6.0
BMNR,2026-09-25,32,Put,12.0,BMNR260925P00012000,0.02,0.13,0.075,0.07,0.02,40.0,25.0,108.0,1.2901,-0.009,0.003,0.0018,-0.0029,-0.0002,0.0257,0.06,0.09,0.06,0.0499999988824129,down,2026-08-24T11:06:32,10.0,900.0
BMNR,2026-09-25,32,Call,13.0,BMNR260925C00013000,9.9,13.6,11.75,0.0,0.0,0.0,0.0,0.0,1.3678,0.9874,0.0046,0.0025,-0.0026,0.0117,11.6139,0.0,0.0,0.0,10.3000001907349,no_change,,121.0,2.0
BMNR,2026-09-25,32,Put,13.0,BMNR260925P00013000,0.0,2.16,1.08,0.13,0.0,0.0,0.0,6.0,2.2817,-0.0137,0.0046,0.0026,-0.004,-0.0003,0.0392,0.0,0.0,0.0,0.574999988079071,down,2026-08-17T15:42:03,0.0,15.0
BMNR,2026-09-25,32,Call,13.5,BMNR260925C00013500,9.65,13.1,11.375,0.0,0.0,0.0,0.0,0.0,1.469,0.9843,0.0056,0.003,-0.0034,0.0121,11.1251,0.0,0.0,0.0,9.77500009536743,no_change,,131.0,3.0
BMNR,2026-09-25,32,Put,13.5,BMNR260925P00013500,0.0,2.17,1.085,0.0,0.0,0.0,0.0,0.0,2.181,-0.0169,0.0056,0.003,-0.0046,-0.0004,0.0484,0.0,0.0,0.0,0.759999990463257,no_change,,0.0,17.0
BMNR,2026-09-25,32,Call,14.0,BMNR260925C00014000,8.9,12.65,10.775,4.82,0.0,0.0,0.0,5.0,1.2622,0.9805,0.0068,0.0036,-0.0042,0.0125,10.6384,0.0,0.0,0.0,9.25,no_change,2026-08-17T11:38:02,137.0,15.0
BMNR,2026-09-25,32,Put,14.0,BMNR260925P00014000,0.0,2.18,1.09,0.1,0.0,0.0,0.0,17.0,2.084,-0.0207,0.0068,0.0036,-0.0054,-0.0005,0.0597,0.0,0.0,0.0,0.375,down,2026-08-20T11:22:01,0.0,14.0
BMNR,2026-09-25,32,Call,14.5,BMNR260925C00014500,8.6,12.15,10.375,5.77,0.0,0.0,0.0,3.0,1.3185,0.9759,0.0082,0.0043,-0.0051,0.0128,10.1543,0.0,0.0,0.0,8.3250002861023,up,2026-08-19T11:19:25,142.0,8.0
BMNR,2026-09-25,32,Put,14.5,BMNR260925P00014500,0.0,0.13,0.065,0.08,-0.295,-78.6667,113.0,23.0,0.9603,-0.0253,0.0082,0.0043,-0.0063,-0.0006,0.0736,0.08,0.08,0.07,0.375,up,2026-08-24T12:52:19,0.0,3.0
BMNR,2026-09-25,32,Call,15.0,BMNR260925C00015000,8.4,11.65,10.025,9.91,1.96,24.6541,10.0,22.0,1.397,0.9704,0.0099,0.005,-0.0062,0.0131,9.6734,9.91,9.91,9.91,7.95000004768372,up,2026-08-24T11:41:04,207.0,7.0
BMNR,2026-09-25,32,Put,15.0,BMNR260925P00015000,0.0,0.24,0.12,0.22,0.1,83.3333,4.0,202.0,1.0171,-0.0308,0.0099,0.005,-0.0074,-0.0007,0.0907,0.26,0.26,0.22,0.119999999180436,no_change,2026-08-24T12:03:39,0.0,1067.0
BMNR,2026-09-25,32,Call,15.5,BMNR260925C00015500,7.85,11.2,9.524999999999999,8.43,0.28,3.43558,1.0,1.0,1.3221,0.9638,0.0118,0.0059,-0.0074,0.0134,9.1963,8.43,8.43,8.43,8.14999985694885,up,2026-08-24T09:31:52,129.0,3.0
BMNR,2026-09-25,32,Put,15.5,BMNR260925P00015500,0.06,0.43,0.245,0.35,0.205,141.379,1.0,82.0,1.1275,-0.0374,0.0118,0.0059,-0.0085,-0.0009,0.1116,0.35,0.35,0.35,0.144999999552965,up,2026-08-24T10:46:24,1.0,1338.0
BMNR,2026-09-25,32,Call,16.0,BMNR260925C00016000,8.35,9.6,8.975,8.74,1.815,26.2094,1.0,80.0,1.2057,0.9559,0.014,0.0069,-0.0088,0.0137,8.7238,8.74,8.74,8.74,6.92499995231628,up,2026-08-24T11:11:51,102.0,2.0
BMNR,2026-09-25,32,Put,16.0,BMNR260925P00016000,0.11,0.16,0.135,0.15,0.0,-2.48353e-07,19.0,61.0,0.9267,-0.0453,0.0141,0.0069,-0.0098,-0.0011,0.1371,0.16,0.16,0.1,0.150000000372529,up,2026-08-24T12:52:57,29.0,20.0
BMNR,2026-09-25,32,Call,16.5,BMNR260925C00016500,6.75,9.5,8.125,7.5,0.975,14.9425,30.0,165.0,0.6819,0.9466,0.0165,0.008,-0.0103,0.0139,8.2568,7.5,7.5,7.5,6.52500009536743,no_change,2026-08-24T09:32:35,1012.0,807.0
BMNR,2026-09-25,32,Put,16.5,BMNR260925P00016500,0.03,0.39,0.21000000000000002,0.16,-0.065,-28.8889,26.0,87.0,0.9649,-0.0547,0.0166,0.0081,-0.0112,-0.0013,0.1682,0.22,0.22,0.15,0.224999994039536,up,2026-08-24T11:56:33,1132.0,1279.0
BMNR,2026-09-25,32,Call,17.0,BMNR260925C00017000,6.35,8.6,7.475,7.63,1.73,29.322,1.0,30.0,0.0,0.9357,0.0194,0.0093,-0.0119,0.0141,7.7964,7.63,7.63,7.63,5.90000009536743,up,2026-08-24T10:25:05,207.0,10.0
BMNR,2026-09-25,32,Put,17.0,BMNR260925P00017000,0.01,0.28,0.14500000000000002,0.21,-0.05,-19.2308,61.0,129.0,0.8304,-0.0656,0.0194,0.0093,-0.0128,-0.0016,0.2059,0.25,0.26,0.21,0.259999994188547,down,2026-08-24T11:16:01,1045.0,109.0
BMNR,2026-09-25,32,Call,17.5,BMNR260925C00017500,6.95,7.85,7.4,7.42,1.545,26.2979,1.0,107.0,0.9414,0.923,0.0225,0.0106,-0.0137,0.0142,7.3438,7.42,7.42,7.42,5.875,up,2026-08-24T11:35:28,342.0,10.0
BMNR,2026-09-25,32,Put,17.5,BMNR260925P00017500,0.21,0.29,0.25,0.22,-0.18,-45.0,12.0,121.0,0.889,-0.0784,0.0226,0.0106,-0.0146,-0.0018,0.2515,0.3,0.3,0.22,0.400000005960464,down,2026-08-24T12:30:28,92.0,91.0
BMNR,2026-09-25,32,Call,18.0,BMNR260925C00018000,6.6,7.85,7.225,7.0,1.7,32.0755,40.0,171.0,1.1128,0.9084,0.0258,0.0121,-0.0156,0.0143,6.9004,7.0,7.0,7.0,5.29999995231628,up,2026-08-24T12:41:47,259.0,908.0
BMNR,2026-09-25,32,Put,18.0,BMNR260925P00018000,0.28,0.32,0.30000000000000004,0.28,-0.17,-37.7778,31.0,152.0,0.875,-0.093,0.026,0.0121,-0.0164,-0.0022,0.306,0.35,0.42,0.28,0.450000002980232,down,2026-08-24T12:16:26,41.0,3.0
BMNR,2026-09-25,32,Call,18.5,BMNR260925C00018500,5.8,7.45,6.625,4.36,0.0,0.0,0.0,48.0,0.9798,0.8917,0.0295,0.0136,-0.0176,0.0143,6.4671,0.0,0.0,0.0,4.75,up,2026-08-21T10:26:48,343.0,5.0
BMNR,2026-09-25,32,Put,18.5,BMNR260925P00018500,0.11,0.42,0.265,0.36,-0.205,-36.2832,2.0,20.0,0.7877,-0.1098,0.0296,0.0137,-0.0184,-0.0026,0.3711,0.46,0.46,0.36,0.564999997615814,down,2026-08-24T11:35:48,1833.0,71.0
BMNR,2026-09-25,32,Call,19.0,BMNR260925C00019000,5.75,6.5,6.125,6.0,1.525,34.0782,1.0,90.0,0.9139,0.8729,0.0333,0.0153,-0.0197,0.0143,6.0459,6.0,6.0,6.0,4.47499990463257,up,2026-08-24T10:41:49,509.0,717.0
BMNR,2026-09-25,32,Put,19.0,BMNR260925P00019000,0.38,0.49,0.435,0.39,-0.26,-40.0,54.0,99.0,0.8545,-0.1287,0.0334,0.0153,-0.0204,-0.003,0.4481,0.37,0.61,0.37,0.650000005960464,down,2026-08-24T12:14:55,411.0,123.0
BMNR,2026-09-25,32,Call,19.5,BMNR260925C00019500,5.35,6.1,5.725,5.87,1.62,38.1176,2.0,472.0,0.9072,0.8519,0.0372,0.0169,-0.0218,0.0142,5.6379,5.83,5.87,5.83,4.25,up,2026-08-24T12:19:31,338.0,843.0
BMNR,2026-09-25,32,Put,19.5,BMNR260925P00019500,0.37,0.64,0.505,0.5,-0.33,-39.759,21.0,277.0,0.8366,-0.1498,0.0373,0.017,-0.0225,-0.0035,0.5385,0.69,0.69,0.5,0.8299999833107,down,2026-08-24T12:04:09,1299.0,38.0
BMNR,2026-09-25,32,Call,20.0,BMNR260925C00020000,5.0,5.35,5.175,5.15,1.4,37.3333,191.0,633.0,0.7991,0.8288,0.0411,0.0186,-0.024,0.014,5.2448,4.6,5.65,4.4,3.75,down,2026-08-24T12:54:41,1009.0,65.0
BMNR,2026-09-25,32,Put,20.0,BMNR260925P00020000,0.55,0.69,0.62,0.6,-0.345,-36.5079,134.0,541.0,0.8386,-0.173,0.0413,0.0186,-0.0246,-0.004,0.6437,0.93,0.93,0.6,0.944999992847443,no_change,2026-08-24T12:36:21,807.0,18.0
BMNR,2026-09-25,32,Call,20.5,BMNR260925C00020500,4.45,5.65,5.050000000000001,4.38,0.98,28.8235,1.0,72.0,0.9356,0.8036,0.0449,0.0202,-0.0261,0.0138,4.8677,4.38,4.38,4.38,3.39999997615814,up,2026-08-24T10:30:33,325.0,15.0
BMNR,2026-09-25,32,Put,20.5,BMNR260925P00020500,0.56,0.9,0.73,0.87,-0.225,-20.5479,21.0,25.0,0.8299,-0.1983,0.0452,0.0203,-0.0267,-0.0046,0.7652,0.9,0.94,0.78,1.09500002861023,down,2026-08-24T09:50:07,1449.0,570.0
BMNR,2026-09-25,32,Call,21.0,BMNR260925C00021000,4.3,4.7,4.5,4.56,1.41,44.7619,189.0,678.0,0.8409,0.7766,0.0486,0.0218,-0.0282,0.0135,4.5079,3.93,4.7,3.9,3.14999997615814,down,2026-08-24T12:54:23,966.0,101.0
BMNR,2026-09-25,32,Put,21.0,BMNR260925P00021000,0.84,0.95,0.895,0.89,-0.41,-31.5385,250.0,160.0,0.8405,-0.2254,0.0489,0.0218,-0.0288,-0.0053,0.9038,0.9,1.14,0.87,1.29999995231628,up,2026-08-24T12:42:28,39.0,1.0
BMNR,2026-09-25,32,Call,21.5,BMNR260925C00021500,3.95,4.45,4.2,4.2,1.385,49.2007,17.0,68.0,0.8573,0.748,0.052,0.0233,-0.0302,0.0132,4.1663,3.43,4.2,3.3,2.81500005722046,up,2026-08-24T11:43:59,508.0,501.0
BMNR,2026-09-25,32,Put,21.5,BMNR260925P00021500,0.92,1.15,1.035,1.19,-0.32,-21.1921,78.0,67.0,0.8316,-0.2542,0.0523,0.0233,-0.0307,-0.0059,1.0609,1.25,1.3,1.19,1.50999999046326,down,2026-08-24T10:10:06,981.0,74.0
BMNR,2026-09-25,32,Call,22.0,BMNR260925C00022000,3.8,4.0,3.9,4.05,1.425,54.2857,47.0,592.0,0.8649,0.718,0.0551,0.0246,-0.032,0.0128,3.8436,3.45,4.17,3.17,2.625,down,2026-08-24T12:15:36,9.0,161.0
BMNR,2026-09-25,32,Put,22.0,BMNR260925P00022000,1.02,1.44,1.23,1.13,-0.63,-35.7955,10.0,8.0,0.8393,-0.2844,0.0554,0.0247,-0.0324,-0.0066,1.2368,1.46,1.46,1.13,1.75999999046326,down,2026-08-24T12:39:12,910.0,90.0
BMNR,2026-09-25,32,Call,22.5,BMNR260925C00022500,3.35,3.65,3.5,3.69,1.325,56.0254,17.0,289.0,0.8266,0.687,0.0578,0.0258,-0.0336,0.0124,3.5403,3.0,3.69,2.9,2.36500000953674,no_change,2026-08-24T11:43:46,568.0,91.0
BMNR,2026-09-25,32,Put,22.5,BMNR260925P00022500,1.16,1.67,1.415,1.32,-0.73,-35.6098,71.0,4.0,0.8355,-0.3156,0.0581,0.0259,-0.0341,-0.0073,1.4324,1.5,1.72,1.32,2.05000007152557,down,2026-08-24T12:51:14,1026.0,467.0
BMNR,2026-09-25,32,Call,23.0,BMNR260925C00023000,3.1,3.45,3.2750000000000004,3.3,1.195,56.7696,152.0,609.0,0.8502,0.6553,0.06,0.0268,-0.035,0.0119,3.2565,2.75,3.54,2.66,2.10500001907349,down,2026-08-24T12:52:59,634.0,479.0
BMNR,2026-09-25,32,Put,23.0,BMNR260925P00023000,1.55,1.7,1.625,1.55,-0.755,-32.7549,517.0,474.0,0.835,-0.3475,0.0603,0.0269,-0.0355,-0.008,1.6474,1.95,2.0,1.55,2.3050000667572,down,2026-08-24T12:24:30,782.0,1.0
BMNR,2026-09-25,32,Call,23.5,BMNR260925C00023500,2.7,3.35,3.0250000000000004,3.17,1.235,63.8243,93.0,377.0,0.8571,0.6232,0.0616,0.0277,-0.0363,0.0114,2.992,2.97,3.17,2.25,1.93500000238419,no_change,2026-08-24T12:05:58,1111.0,556.0
BMNR,2026-09-25,32,Put,23.5,BMNR260925P00023500,1.71,2.11,1.91,1.79,-0.815,-31.286,32.0,0.0,0.8552,-0.3797,0.0621,0.0277,-0.0366,-0.0087,1.8822,2.21,2.28,1.76,2.60500001907349,up,2026-08-24T12:24:30,825.0,512.0
BMNR,2026-09-25,32,Call,24.0,BMNR260925C00024000,2.69,2.91,2.8,2.93,1.16,65.5367,660.0,744.0,0.8665,0.5912,0.0629,0.0283,-0.0372,0.0109,2.7467,2.46,3.0,2.24,1.76999998092651,up,2026-08-24T12:18:27,2.0,428.0
BMNR,2026-09-25,32,Put,24.0,BMNR260925P00024000,1.92,2.2,2.06,2.09,-0.835,-28.547,46.0,113.0,0.8209,-0.412,0.0633,0.0283,-0.0376,-0.0094,2.1358,2.5,2.55,2.09,2.92499995231628,down,2026-08-24T11:23:35,1022.0,111.0
BMNR,2026-09-25,32,Call,25.0,BMNR260925C00025000,2.25,2.48,2.365,2.27,0.805,54.9488,1285.0,724.0,0.8734,0.5282,0.0638,0.029,-0.0385,0.0099,2.3107,1.85,2.64,1.72,1.46499997377396,up,2026-08-24T12:55:58,132.0,250.0
BMNR,2026-09-25,32,Put,25.0,BMNR260925P00025000,2.49,2.95,2.72,2.76,-0.84,-23.3333,76.0,15.0,0.8621,-0.4754,0.0644,0.029,-0.0388,-0.0108,2.6984,3.21,3.21,2.57,3.60000002384186,no_change,2026-08-24T12:54:58,805.0,481.0
BMNR,2026-09-25,32,Call,26.0,BMNR260925C00026000,1.83,1.96,1.895,2.1,0.89,73.5537,411.0,196.0,0.8472,0.4683,0.0631,0.0289,-0.0389,0.0088,1.942,1.5,2.11,1.48,1.20999997854233,up,2026-08-24T12:35:57,591.0,6.0
BMNR,2026-09-25,32,Put,26.0,BMNR260925P00026000,3.25,3.5,3.375,3.35,-1.0,-22.9885,76.0,0.0,0.8794,-0.5358,0.0637,0.0289,-0.0391,-0.012,3.3289,3.5,3.5,3.3,4.34999990463257,no_change,2026-08-24T12:54:46,145.0,386.0
BMNR,2026-09-25,32,Call,27.0,BMNR260925C00027000,1.54,1.64,1.5899999999999999,1.58,0.57,56.4356,147.0,513.0,0.8585,0.4129,0.0611,0.0283,-0.0385,0.0079,1.633,1.3,1.88,1.2,1.01000002026558,down,2026-08-24T11:57:24,74.0,2.0
BMNR,2026-09-25,32,Put,27.0,BMNR260925P00027000,3.7,4.2,3.95,8.92,0.0,0.0,0.0,4.0,0.8491,-0.5917,0.0617,0.0282,-0.0386,-0.0132,4.0193,0.0,0.0,0.0,5.125,up,2026-08-13T09:52:20,349.0,91.0
BMNR,2026-09-25,32,Call,30.0,BMNR260925C00030000,0.91,1.01,0.96,0.97,0.385,65.812,370.0,577.0,0.8998,0.2778,0.0505,0.0244,-0.0344,0.0054,0.9828,0.75,1.15,0.7,0.584999978542328,down,2026-08-24T12:56:51,447.0,140.0
BMNR,2026-09-25,32,Put,30.0,BMNR260925P00030000,6.0,6.6,6.3,8.82,0.0,0.0,0.0,100.0,0.88,-0.7282,0.0512,0.0241,-0.0343,-0.0154,6.3696,0.0,0.0,0.0,7.64999985694885,down,2026-08-20T13:15:38,383.0,89.0
BMNR,2026-09-25,32,Call,35.0,BMNR260925C00035000,0.3,0.51,0.405,0.47,0.205,77.3585,522.0,545.0,0.9434,0.1435,0.0318,0.0164,-0.0245,0.0028,0.4508,0.31,0.54,0.31,0.264999993145466,down,2026-08-24T12:52:37,1511.0,55.0
BMNR,2026-09-25,32,Put,35.0,BMNR260925P00035000,9.7,11.7,10.7,10.64,-1.86,-14.88,1.0,0.0,0.8696,-0.8651,0.0328,0.0157,-0.0241,-0.0161,10.8441,10.64,10.64,10.64,12.5,down,2026-08-24T12:07:41,203.0,21.0
BMNR,2026-10-02,39,Call,5.0,BMNR261002C00005000,17.75,21.55,19.65,0.0,0.0,0.0,0.0,0.0,2.6,1.0,0.0001,0.0001,0.0,0.0056,19.5492,0.0,0.0,0.0,17.7750000953674,no_change,,120.0,106.0
BMNR,2026-10-02,39,Put,5.0,BMNR261002P00005000,0.0,1.26,0.63,0.0,0.0,0.0,0.0,0.0,3.9158,-0.0005,0.0001,0.0001,-0.0003,0.0,0.0018,0.0,0.0,0.0,0.449999988079071,no_change,,0.0,547.0
BMNR,2026-10-02,39,Call,9.0,BMNR261002C00009000,13.75,17.55,15.65,0.0,0.0,0.0,0.0,0.0,1.6176,0.9976,0.0011,0.0008,0.0,0.0099,15.5785,0.0,0.0,0.0,14.0499997138977,no_change,,120.0,106.0
BMNR,2026-10-02,39,Put,9.0,BMNR261002P00009000,0.0,1.04,0.52,0.0,0.0,0.0,0.0,0.0,2.3976,-0.0036,0.0011,0.0008,-0.0013,-0.0001,0.0117,0.0,0.0,0.0,0.300000011920929,no_change,,0.0,562.0
BMNR,2026-10-02,39,Call,10.0,BMNR261002C00010000,12.8,16.55,14.675,0.0,0.0,0.0,0.0,0.0,1.5176,0.9956,0.0017,0.0013,-0.0004,0.011,14.5897,0.0,0.0,0.0,13.0999999046326,no_change,,120.0,105.0
BMNR,2026-10-02,39,Put,10.0,BMNR261002P00010000,0.0,1.24,0.62,0.0,0.0,0.0,0.0,0.0,2.287,-0.0055,0.0017,0.0013,-0.0018,-0.0002,0.0179,0.0,0.0,0.0,0.245000004768372,no_change,,0.0,569.0
BMNR,2026-10-02,39,Call,11.0,BMNR261002C00011000,11.8,15.55,13.675,0.0,0.0,0.0,0.0,0.0,1.3597,0.9927,0.0026,0.0018,-0.0012,0.012,13.6039,0.0,0.0,0.0,11.7999997138977,no_change,,120.0,105.0
BMNR,2026-10-02,39,Put,11.0,BMNR261002P00011000,0.0,1.06,0.53,0.0,0.0,0.0,0.0,0.0,1.9859,-0.0085,0.0026,0.0018,-0.0025,-0.0002,0.0272,0.0,0.0,0.0,0.0549999997019768,no_change,,0.0,564.0
BMNR,2026-10-02,39,Call,12.0,BMNR261002C00012000,10.85,14.6,12.725,6.49,0.0,0.0,0.0,8.0,1.3193,0.9884,0.0038,0.0026,-0.0022,0.013,12.6227,0.0,0.0,0.0,11.125,up,2026-08-17T09:40:34,120.0,124.0
BMNR,2026-10-02,39,Put,12.0,BMNR261002P00012000,0.0,0.11,0.055,0.05,0.0,0.0,0.0,46.0,1.112,-0.0128,0.0038,0.0026,-0.0034,-0.0004,0.0411,0.0,0.0,0.0,0.0549999997019768,down,2026-08-20T09:58:52,0.0,256.0
BMNR,2026-10-02,39,Call,13.0,BMNR261002C00013000,9.9,13.6,11.75,0.0,0.0,0.0,0.0,0.0,1.2229,0.9822,0.0056,0.0037,-0.0036,0.0139,11.6482,0.0,0.0,0.0,9.6749997138977,no_change,,120.0,128.0
BMNR,2026-10-02,39,Put,13.0,BMNR261002P00013000,0.0,0.5,0.25,0.23,0.0,0.0,0.0,0.0,1.3435,-0.019,0.0056,0.0037,-0.0047,-0.0006,0.0617,0.0,0.0,0.0,0.25,down,2026-08-18T15:29:28,0.0,3.0
BMNR,2026-10-02,39,Call,13.5,BMNR261002C00013500,9.4,13.1,11.25,5.36,0.0,0.0,0.0,10.0,1.1568,0.9781,0.0068,0.0044,-0.0043,0.0144,11.1643,0.0,0.0,0.0,9.19999980926514,no_change,2026-08-17T11:38:02,123.0,108.0
BMNR,2026-10-02,39,Put,13.5,BMNR261002P00013500,0.0,1.33,0.665,0.16,0.0,0.0,0.0,51.0,1.6706,-0.0231,0.0068,0.0044,-0.0054,-0.0007,0.0755,0.0,0.0,0.0,0.174999997019768,no_change,2026-08-19T11:06:45,0.0,695.0
BMNR,2026-10-02,39,Call,14.0,BMNR261002C00014000,9.15,12.35,10.75,8.45,0.0,0.0,0.0,1.0,1.0932,0.9733,0.0081,0.0051,-0.0052,0.0148,10.6834,0.0,0.0,0.0,9.09999990463257,up,2026-08-21T10:26:22,123.0,133.0
BMNR,2026-10-02,39,Put,14.0,BMNR261002P00014000,0.0,0.92,0.46,0.28,0.0,0.0,0.0,6.0,1.4218,-0.0279,0.0081,0.0051,-0.0062,-0.0008,0.0921,0.0,0.0,0.0,0.375,no_change,2026-08-17T14:08:27,0.0,592.0
BMNR,2026-10-02,39,Call,14.5,BMNR261002C00014500,8.45,12.15,10.3,0.0,0.0,0.0,0.0,0.0,1.0976,0.9676,0.0096,0.006,-0.0062,0.0152,10.2059,0.0,0.0,0.0,8.25,no_change,,122.0,112.0
BMNR,2026-10-02,39,Put,14.5,BMNR261002P00014500,0.0,1.33,0.665,0.35,0.0,0.0,0.0,7.0,1.5131,-0.0336,0.0096,0.006,-0.0072,-0.001,0.1122,0.0,0.0,0.0,0.375,down,2026-08-19T10:24:46,0.0,610.0
BMNR,2026-10-02,39,Call,15.0,BMNR261002C00015000,7.95,10.45,9.2,6.9,0.0,0.0,0.0,7.0,0.0,0.9609,0.0114,0.007,-0.0073,0.0155,9.7325,0.0,0.0,0.0,7.79999995231628,up,2026-08-20T14:53:38,122.0,120.0
BMNR,2026-10-02,39,Put,15.0,BMNR261002P00015000,0.0,0.36,0.18,0.16,0.0,0.0,0.0,108.0,1.0066,-0.0404,0.0114,0.007,-0.0082,-0.0012,0.1365,0.0,0.0,0.0,0.16499999910593,down,2026-08-21T11:25:08,0.0,866.0
BMNR,2026-10-02,39,Call,15.5,BMNR261002C00015500,8.7,9.7,9.2,0.0,0.0,0.0,0.0,0.0,0.8421,0.953,0.0133,0.008,-0.0085,0.0158,9.2641,0.0,0.0,0.0,7.35000014305115,no_change,,122.0,118.0
BMNR,2026-10-02,39,Put,15.5,BMNR261002P00015500,0.02,0.36,0.19,0.21,0.0,0.0,0.0,258.0,0.9628,-0.0482,0.0134,0.0081,-0.0094,-0.0014,0.1656,0.0,0.0,0.0,0.239999994635582,down,2026-08-21T14:58:49,600.0,942.0
BMNR,2026-10-02,39,Call,16.0,BMNR261002C00016000,8.45,9.2,8.825,7.0,0.0,0.0,0.0,44.0,0.9451,0.9439,0.0155,0.0092,-0.0098,0.0161,8.8013,0.0,0.0,0.0,7.09999990463257,up,2026-08-21T15:49:16,109.0,167.0
BMNR,2026-10-02,39,Put,16.0,BMNR261002P00016000,0.11,0.26,0.185,0.22,-0.015,-6.38298,1.0,169.0,0.9025,-0.0574,0.0156,0.0092,-0.0107,-0.0017,0.2005,0.22,0.22,0.22,0.235000006854534,down,2026-08-24T09:30:08,81.0,368.0
BMNR,2026-10-02,39,Call,16.5,BMNR261002C00016500,8.0,8.75,8.375,0.0,0.0,0.0,0.0,0.0,0.9354,0.9333,0.0179,0.0105,-0.0112,0.0163,8.3451,0.0,0.0,0.0,6.625,no_change,,97.0,130.0
BMNR,2026-10-02,39,Put,16.5,BMNR261002P00016500,0.15,0.36,0.255,0.4,0.065,19.403,1.0,4.0,0.9198,-0.068,0.018,0.0106,-0.012,-0.002,0.242,0.4,0.4,0.4,0.334999993443489,up,2026-08-24T11:56:41,846.0,886.0
BMNR,2026-10-02,39,Call,17.0,BMNR261002C00017000,7.55,8.25,7.9,5.25,0.0,0.0,0.0,63.0,0.8993,0.9212,0.0206,0.0119,-0.0127,0.0165,7.8967,0.0,0.0,0.0,6.07500004768372,up,2026-08-20T11:02:31,110.0,156.0
BMNR,2026-10-02,39,Put,17.0,BMNR261002P00017000,0.23,0.32,0.275,0.26,-0.125,-32.4675,5.0,107.0,0.8826,-0.0802,0.0207,0.012,-0.0135,-0.0023,0.2913,0.26,0.26,0.26,0.385000005364418,no_change,2026-08-24T12:10:36,61.0,47.0
BMNR,2026-10-02,39,Call,17.5,BMNR261002C00017500,6.75,7.95,7.35,5.45,0.0,0.0,0.0,16.0,0.8004,0.9075,0.0234,0.0134,-0.0144,0.0166,7.4571,0.0,0.0,0.0,5.77500009536743,up,2026-08-21T09:54:10,125.0,119.0
BMNR,2026-10-02,39,Put,17.5,BMNR261002P00017500,0.3,0.45,0.375,0.33,-0.15,-31.25,2.0,49.0,0.9056,-0.094,0.0235,0.0135,-0.0151,-0.0027,0.3494,0.33,0.33,0.33,0.480000004172325,down,2026-08-24T12:08:25,63.0,953.0
BMNR,2026-10-02,39,Call,18.0,BMNR261002C00018000,6.5,7.35,6.925,7.0,1.7,32.0755,10.0,236.0,0.8057,0.892,0.0264,0.015,-0.016,0.0167,7.0274,6.5,7.0,6.5,5.30000019073486,up,2026-08-24T11:12:14,1125.0,816.0
BMNR,2026-10-02,39,Put,18.0,BMNR261002P00018000,0.21,0.55,0.38,0.34,-0.26,-43.3333,4.0,29.0,0.8524,-0.1096,0.0266,0.015,-0.0168,-0.0032,0.4177,0.63,0.63,0.34,0.599999994039536,down,2026-08-24T11:13:26,1477.0,829.0
BMNR,2026-10-02,39,Call,18.5,BMNR261002C00018500,6.1,6.85,6.475,6.4,1.275,24.878,2.0,13.0,0.7853,0.8747,0.0296,0.0167,-0.0178,0.0167,6.6091,6.4,6.4,6.4,5.125,up,2026-08-24T10:45:35,926.0,208.0
BMNR,2026-10-02,39,Put,18.5,BMNR261002P00018500,0.32,0.63,0.475,0.52,-0.165,-24.0876,1.0,17.0,0.8572,-0.1269,0.0297,0.0167,-0.0185,-0.0036,0.497,0.52,0.52,0.52,0.685000002384186,down,2026-08-24T10:01:03,1213.0,804.0
BMNR,2026-10-02,39,Call,19.0,BMNR261002C00019000,4.95,6.75,5.85,4.64,0.0,0.0,0.0,69.0,0.6421,0.8557,0.0328,0.0184,-0.0196,0.0166,6.2031,0.0,0.0,0.0,4.65000009536743,up,2026-08-21T15:04:15,655.0,405.0
BMNR,2026-10-02,39,Put,19.0,BMNR261002P00019000,0.5,0.64,0.5700000000000001,0.56,-0.27,-32.5301,6.0,38.0,0.8537,-0.146,0.033,0.0184,-0.0202,-0.0042,0.589,0.67,0.67,0.54,0.8299999833107,up,2026-08-24T11:49:41,899.0,23.0
BMNR,2026-10-02,39,Call,19.5,BMNR261002C00019500,5.5,6.35,5.925,5.19,0.915,21.4035,7.0,218.0,0.9149,0.8349,0.0361,0.02,-0.0214,0.0164,5.8107,5.08,5.19,5.08,4.27500009536743,up,2026-08-24T10:08:29,311.0,914.0
BMNR,2026-10-02,39,Put,19.5,BMNR261002P00019500,0.58,0.76,0.6699999999999999,0.64,-0.315,-32.9843,34.0,41.0,0.8466,-0.1669,0.0363,0.0201,-0.022,-0.0048,0.6945,0.8,0.8,0.64,0.955000013113022,down,2026-08-24T12:26:12,843.0,137.0
BMNR,2026-10-02,39,Call,20.0,BMNR261002C00020000,5.15,5.85,5.5,5.58,1.63,41.2658,315.0,159.0,0.8853,0.8124,0.0393,0.0217,-0.0232,0.0162,5.433,4.77,5.64,4.77,3.95000004768372,no_change,2026-08-24T12:45:09,698.0,998.0
BMNR,2026-10-02,39,Put,20.0,BMNR261002P00020000,0.73,0.88,0.8049999999999999,0.78,-0.365,-31.8777,72.0,43.0,0.85,-0.1896,0.0395,0.0218,-0.0238,-0.0054,0.815,0.94,0.94,0.75,1.14500004053116,down,2026-08-24T12:42:28,457.0,179.0
BMNR,2026-10-02,39,Call,20.5,BMNR261002C00020500,4.75,5.5,5.125,4.95,1.325,36.5517,2.0,85.0,0.8745,0.7883,0.0424,0.0234,-0.0249,0.016,5.071,4.95,4.95,4.95,3.625,up,2026-08-24T10:37:47,233.0,955.0
BMNR,2026-10-02,39,Put,20.5,BMNR261002P00020500,0.81,1.14,0.975,0.8,-0.49,-37.9845,2.0,13.0,0.8617,-0.2137,0.0426,0.0234,-0.0255,-0.0062,0.951,0.8,0.8,0.8,1.29000002145767,down,2026-08-24T12:40:46,846.0,880.0
BMNR,2026-10-02,39,Call,21.0,BMNR261002C00021000,4.45,5.05,4.75,4.88,1.58,47.8788,167.0,95.0,0.859,0.7629,0.0453,0.0249,-0.0266,0.0157,4.7255,4.1,4.88,4.01,3.30000007152557,up,2026-08-24T12:41:17,622.0,847.0
BMNR,2026-10-02,39,Put,21.0,BMNR261002P00021000,0.98,1.3,1.1400000000000001,1.04,-0.47,-31.1258,12.0,489.0,0.8636,-0.2393,0.0456,0.0249,-0.0271,-0.0068,1.1039,1.32,1.32,1.03,1.50999999046326,no_change,2026-08-24T12:39:10,466.0,1296.0
BMNR,2026-10-02,39,Call,21.5,BMNR261002C00021500,4.1,4.8,4.449999999999999,4.26,1.195,38.9886,4.0,95.0,0.8679,0.7362,0.048,0.0263,-0.0282,0.0153,4.3972,3.75,4.26,3.75,3.06500005722046,up,2026-08-24T10:39:15,215.0,1032.0
BMNR,2026-10-02,39,Put,21.5,BMNR261002P00021500,1.11,1.39,1.25,1.21,-0.49,-28.8235,12.0,9.0,0.8388,-0.2661,0.0483,0.0264,-0.0287,-0.0076,1.2737,1.2,1.21,1.2,1.69999998807907,up,2026-08-24T11:29:02,1085.0,132.0
BMNR,2026-10-02,39,Call,22.0,BMNR261002C00022000,3.85,4.3,4.075,4.12,1.36,49.2754,234.0,325.0,0.8432,0.7087,0.0504,0.0276,-0.0296,0.0149,4.0864,3.54,4.23,3.42,2.75999999046326,down,2026-08-24T12:02:21,1124.0,636.0
BMNR,2026-10-02,39,Put,22.0,BMNR261002P00022000,1.29,1.62,1.455,1.4,-0.63,-31.0345,454.0,454.0,0.845,-0.2939,0.0507,0.0277,-0.0301,-0.0084,1.4615,1.65,1.65,1.4,2.02999997138977,down,2026-08-24T12:39:10,1210.0,609.0
BMNR,2026-10-02,39,Call,22.5,BMNR261002C00022500,3.45,4.05,3.75,3.4,0.885,35.1889,14.0,155.0,0.8325,0.6804,0.0525,0.0288,-0.031,0.0144,3.7933,3.26,3.4,3.26,2.51499998569489,up,2026-08-24T10:27:56,970.0,336.0
BMNR,2026-10-02,39,Put,22.5,BMNR261002P00022500,1.44,1.79,1.615,1.74,-0.425,-19.6305,1.0,24.0,0.8296,-0.3223,0.0528,0.0288,-0.0314,-0.0092,1.6667,1.74,1.74,1.74,2.16499996185303,down,2026-08-24T12:31:47,890.0,80.0
BMNR,2026-10-02,39,Call,23.0,BMNR261002C00023000,3.35,3.85,3.6,3.67,1.38,60.262,284.0,516.0,0.8761,0.6517,0.0542,0.0297,-0.0321,0.014,3.5181,3.0,3.85,2.9,2.29000008106232,up,2026-08-24T12:40:22,123.0,1049.0
BMNR,2026-10-02,39,Put,23.0,BMNR261002P00023000,1.69,2.05,1.8699999999999999,1.79,-0.745,-29.3886,143.0,73.0,0.8418,-0.3512,0.0546,0.0298,-0.0325,-0.0099,1.8902,2.21,2.21,1.79,2.5349999666214,down,2026-08-24T12:26:12,1059.0,147.0
BMNR,2026-10-02,39,Call,23.5,BMNR261002C00023500,2.9,3.6,3.25,2.2,0.0,0.0,0.0,12.0,0.8468,0.6228,0.0556,0.0306,-0.0331,0.0134,3.2604,0.0,0.0,0.0,2.14999997615814,down,2026-08-21T15:26:01,845.0,436.0
BMNR,2026-10-02,39,Put,23.5,BMNR261002P00023500,1.91,2.25,2.08,2.15,-0.605,-21.9601,54.0,0.0,0.8335,-0.3803,0.056,0.0306,-0.0334,-0.0108,2.1313,2.51,2.51,2.04,2.75499999523163,up,2026-08-24T12:54:44,1082.0,132.0
BMNR,2026-10-02,39,Call,24.0,BMNR261002C00024000,2.91,3.1,3.005,3.05,1.09,55.6122,1018.0,520.0,0.8476,0.594,0.0566,0.0312,-0.0339,0.0129,3.0201,2.42,3.26,2.39,1.95999997854233,down,2026-08-24T12:56:01,134.0,346.0
BMNR,2026-10-02,39,Put,24.0,BMNR261002P00024000,2.13,2.57,2.3499999999999996,2.26,-0.875,-27.9107,8.0,0.0,0.8398,-0.4094,0.057,0.0312,-0.0342,-0.0115,2.3896,2.66,2.66,2.26,3.13499999046326,down,2026-08-24T11:27:13,859.0,128.0
BMNR,2026-10-02,39,Call,25.0,BMNR261002C00025000,2.4,2.72,2.56,2.7,1.04,62.6506,276.0,576.0,0.8495,0.5373,0.0575,0.0319,-0.035,0.0118,2.5886,2.13,2.82,1.97,1.66000002622604,down,2026-08-24T12:40:22,915.0,455.0
BMNR,2026-10-02,39,Put,25.0,BMNR261002P00025000,2.61,3.2,2.9050000000000002,2.83,-0.995,-26.0131,45.0,12.0,0.8425,-0.4664,0.058,0.0319,-0.0353,-0.0131,2.956,3.3,3.3,2.83,3.82500004768372,down,2026-08-24T12:21:04,1264.0,200.0
BMNR,2026-10-02,39,Call,26.0,BMNR261002C00026000,2.04,2.31,2.175,2.1,0.695,49.4662,88.0,42.0,0.8527,0.4832,0.0572,0.032,-0.0354,0.0108,2.2183,1.88,2.42,1.75,1.40499997138977,down,2026-08-24T12:53:54,759.0,116.0
BMNR,2026-10-02,39,Put,26.0,BMNR261002P00026000,3.25,4.15,3.7,7.93,0.0,0.0,0.0,1.0,0.9024,-0.521,0.0577,0.032,-0.0357,-0.0146,3.5843,0.0,0.0,0.0,4.52499985694885,down,2026-08-17T11:36:17,294.0,540.0
BMNR,2026-10-02,39,Call,27.0,BMNR261002C00027000,1.73,2.07,1.9,1.97,0.795,67.6596,109.0,659.0,0.8743,0.4327,0.0558,0.0316,-0.0353,0.0097,1.9026,1.56,2.06,1.2,1.17500001192093,no_change,2026-08-24T12:45:44,242.0,1092.0
BMNR,2026-10-02,39,Put,27.0,BMNR261002P00027000,3.85,4.8,4.325,4.64,-0.66,-12.4528,5.0,1.0,0.8934,-0.5721,0.0564,0.0315,-0.0355,-0.0158,4.2676,4.64,4.64,4.64,5.29999995231628,no_change,2026-08-24T09:58:17,351.0,897.0
BMNR,2026-10-02,39,Call,30.0,BMNR261002C00030000,1.1,1.25,1.175,1.2,0.465,63.2653,403.0,490.0,0.8922,0.3064,0.048,0.0282,-0.0326,0.007,1.2154,0.9,1.33,0.83,0.735000014305115,no_change,2026-08-24T12:57:10,732.0,4.0
BMNR,2026-10-02,39,Put,30.0,BMNR261002P00030000,6.15,6.8,6.475,6.59,-1.235,-15.7827,7.0,14.0,0.8688,-0.7,0.0488,0.0278,-0.0326,-0.0186,6.579,6.67,6.67,6.59,7.82499980926514,no_change,2026-08-24T11:59:31,550.0,376.0
BMNR,2026-10-02,39,Call,35.0,BMNR261002C00035000,0.54,0.62,0.5800000000000001,0.63,0.23,57.5,314.0,998.0,0.9475,0.1726,0.0328,0.0205,-0.0249,0.004,0.6122,0.47,0.7,0.38,0.400000005960464,no_change,2026-08-24T12:51:21,197.0,1.0
BMNR,2026-10-02,39,Put,35.0,BMNR261002P00035000,10.35,12.35,11.35,0.0,0.0,0.0,0.0,0.0,1.1345,-0.8363,0.0338,0.0198,-0.0247,-0.0205,10.9794,0.0,0.0,0.0,12.625,no_change,,188.0,207.0
BMNR,2026-10-16,53,Call,11.0,BMNR261016C00011000,11.85,15.6,13.725,0.0,0.0,0.0,0.0,0.0,1.2469,0.9897,0.0031,0.0027,-0.0006,0.016,13.625,0.0,0.0,0.0,12.1500000953674,no_change,,121.0,105.0
BMNR,2026-10-16,53,Put,11.0,BMNR261016P00011000,0.0,0.11,0.055,0.0,0.0,0.0,0.0,0.0,1.0601,-0.011,0.0031,0.0027,-0.0025,-0.0004,0.039,0.0,0.0,0.0,0.0549999997019768,no_change,,0.0,203.0
BMNR,2026-10-16,53,Call,12.0,BMNR261016C00012000,10.9,14.65,12.775,9.7,0.0,0.0,0.0,15.0,1.1917,0.9838,0.0046,0.004,-0.0017,0.0172,12.6541,0.0,0.0,0.0,10.7749996185303,up,2026-08-20T10:13:46,122.0,151.0
BMNR,2026-10-16,53,Put,12.0,BMNR261016P00012000,0.0,0.11,0.055,0.0,0.0,0.0,0.0,0.0,0.9559,-0.017,0.0046,0.004,-0.0035,-0.0007,0.0616,0.0,0.0,0.0,0.0649999994784594,no_change,,0.0,2.0
BMNR,2026-10-16,53,Call,13.0,BMNR261016C00013000,10.7,12.35,11.524999999999999,0.0,0.0,0.0,0.0,0.0,0.0,0.9752,0.0067,0.0056,-0.0032,0.0184,11.6943,0.0,0.0,0.0,9.82499980926514,no_change,,134.0,132.0
BMNR,2026-10-16,53,Put,13.0,BMNR261016P00013000,0.08,0.12,0.1,0.08,-0.03,-27.2727,11.0,6.0,0.9534,-0.0257,0.0068,0.0056,-0.0048,-0.001,0.0954,0.1,0.1,0.08,0.109999999403954,down,2026-08-24T10:45:56,199.0,75.0
BMNR,2026-10-16,53,Call,14.0,BMNR261016C00014000,9.25,11.4,10.325,0.0,0.0,0.0,0.0,0.0,0.0,0.9634,0.0094,0.0076,-0.005,0.0194,10.7498,0.0,0.0,0.0,8.90000009536743,no_change,,122.0,133.0
BMNR,2026-10-16,53,Put,14.0,BMNR261016P00014000,0.12,0.18,0.15,0.14,-0.075,-34.8837,98.0,8.0,0.9282,-0.0376,0.0095,0.0077,-0.0065,-0.0015,0.1445,0.18,0.19,0.14,0.215000003576279,down,2026-08-24T11:53:43,5.0,88.0
BMNR,2026-10-16,53,Call,15.0,BMNR261016C00015000,9.1,10.3,9.7,0.0,0.0,0.0,0.0,0.0,0.747,0.9475,0.0128,0.0102,-0.0071,0.0202,9.8259,0.0,0.0,0.0,8.00000023841858,no_change,,122.0,127.0
BMNR,2026-10-16,53,Put,15.0,BMNR261016P00015000,0.19,0.24,0.215,0.2,-0.105,-34.4262,16.0,24.0,0.902,-0.0534,0.0129,0.0102,-0.0085,-0.0021,0.214,0.19,0.23,0.19,0.304999999701977,down,2026-08-24T12:22:50,159.0,114.0
BMNR,2026-10-16,53,Call,16.0,BMNR261016C00016000,7.6,9.55,8.575,0.0,0.0,0.0,0.0,0.0,0.0,0.9268,0.0169,0.0131,-0.0095,0.0208,8.9291,0.0,0.0,0.0,7.34999990463257,no_change,,122.0,127.0
BMNR,2026-10-16,53,Put,16.0,BMNR261016P00016000,0.28,0.34,0.31000000000000005,0.28,-0.14,-33.3333,366.0,126.0,0.8837,-0.0742,0.017,0.0132,-0.0108,-0.0029,0.3109,0.36,0.36,0.28,0.419999986886978,down,2026-08-24T12:22:50,750.0,277.0
BMNR,2026-10-16,53,Call,17.0,BMNR261016C00017000,6.75,8.6,7.675,0.0,0.0,0.0,0.0,0.0,0.525,0.9009,0.0214,0.0164,-0.0122,0.0211,8.0664,0.0,0.0,0.0,6.32500004768372,no_change,,638.0,791.0
BMNR,2026-10-16,53,Put,17.0,BMNR261016P00017000,0.4,0.59,0.495,0.45,-0.16,-26.2295,54.0,54.0,0.9029,-0.1002,0.0216,0.0165,-0.0134,-0.004,0.4421,0.59,0.59,0.45,0.610000014305115,down,2026-08-24T12:53:28,304.0,1517.0
BMNR,2026-10-16,53,Call,18.0,BMNR261016C00018000,6.85,7.45,7.15,6.6,0.85,14.7826,2.0,27.0,0.812,0.8694,0.0264,0.0199,-0.0151,0.0212,7.2452,6.5,6.6,6.5,5.75,up,2026-08-24T09:37:03,1060.0,280.0
BMNR,2026-10-16,53,Put,18.0,BMNR261016P00018000,0.47,0.66,0.565,0.61,-0.22,-26.506,25.0,137.0,0.8359,-0.1318,0.0265,0.02,-0.0161,-0.0052,0.6149,0.68,0.69,0.59,0.830000013113022,up,2026-08-24T11:47:18,1539.0,65.0
BMNR,2026-10-16,53,Call,19.0,BMNR261016C00019000,6.05,6.95,6.5,6.3,1.4,28.5714,5.0,250.0,0.866,0.8327,0.0314,0.0235,-0.018,0.021,6.4723,5.85,6.3,5.45,4.90000009536743,up,2026-08-24T10:37:19,2121.0,1221.0
BMNR,2026-10-16,53,Put,19.0,BMNR261016P00019000,0.79,0.89,0.8400000000000001,0.84,-0.285,-25.3333,17.0,30.0,0.8558,-0.1688,0.0315,0.0236,-0.0188,-0.0067,0.8363,0.92,0.92,0.79,1.125,up,2026-08-24T12:13:42,1121.0,47.0
BMNR,2026-10-16,53,Call,20.0,BMNR261016C00020000,5.55,6.05,5.8,6.0,1.675,38.7283,30.0,635.0,0.8671,0.7912,0.0361,0.027,-0.0207,0.0205,5.7536,5.16,6.0,5.08,4.32500004768372,up,2026-08-24T12:23:41,1556.0,1158.0
BMNR,2026-10-16,53,Put,20.0,BMNR261016P00020000,1.08,1.16,1.12,1.07,-0.41,-27.7027,149.0,151.0,0.8527,-0.2106,0.0363,0.027,-0.0215,-0.0084,1.1123,1.26,1.33,1.04,1.47999995946884,down,2026-08-24T12:08:51,439.0,306.0
BMNR,2026-10-16,53,Call,21.0,BMNR261016C00021000,4.9,5.35,5.125,5.33,1.605,43.0873,41.0,182.0,0.8584,0.7458,0.0404,0.0301,-0.0233,0.0198,5.0933,4.45,5.34,4.45,3.72499990463257,no_change,2026-08-24T12:37:47,859.0,992.0
BMNR,2026-10-16,53,Put,21.0,BMNR261016P00021000,1.42,1.51,1.4649999999999999,1.45,-0.43,-22.8723,44.0,66.0,0.8539,-0.2562,0.0406,0.0301,-0.024,-0.0102,1.4471,1.58,1.58,1.37,1.87999999523163,up,2026-08-24T12:52:57,140.0,140.0
BMNR,2026-10-16,53,Call,22.0,BMNR261016C00022000,4.4,4.55,4.475,4.55,1.275,38.9313,95.0,338.0,0.8423,0.6979,0.0439,0.0327,-0.0255,0.019,4.4937,4.0,4.8,3.88,3.27499997615814,down,2026-08-24T12:56:53,809.0,128.0
BMNR,2026-10-16,53,Put,22.0,BMNR261016P00022000,1.82,1.91,1.865,1.89,-0.5,-20.9205,102.0,86.0,0.8548,-0.3045,0.0442,0.0327,-0.0261,-0.0121,1.8428,2.01,2.05,1.73,2.38999998569489,up,2026-08-24T12:55:17,234.0,651.0
BMNR,2026-10-16,53,Call,23.0,BMNR261016C00023000,3.9,4.0,3.95,4.05,1.275,45.9459,411.0,706.0,0.8485,0.6486,0.0466,0.0347,-0.0273,0.018,3.955,3.38,4.2,3.26,2.77500009536743,down,2026-08-24T12:53:02,166.0,96.0
BMNR,2026-10-16,53,Put,23.0,BMNR261016P00023000,2.28,2.37,2.325,2.22,-0.64,-22.3776,198.0,18.0,0.8572,-0.3541,0.0469,0.0348,-0.0278,-0.0139,2.2997,2.59,2.76,2.22,2.86000001430512,down,2026-08-24T12:35:36,22.0,282.0
BMNR,2026-10-16,53,Call,24.0,BMNR261016C00024000,3.4,3.5,3.45,3.43,1.035,43.215,587.0,547.0,0.8464,0.5992,0.0483,0.0362,-0.0286,0.0168,3.4754,2.84,3.73,2.81,2.39499998092651,down,2026-08-24T12:54:58,711.0,11.0
BMNR,2026-10-16,53,Put,24.0,BMNR261016P00024000,2.79,2.9,2.8449999999999998,2.86,-0.64,-18.2857,85.0,1.0,0.8613,-0.4039,0.0487,0.0362,-0.029,-0.0158,2.8161,3.06,3.06,2.72,3.5,up,2026-08-24T12:54:57,42.0,932.0
BMNR,2026-10-16,53,Call,25.0,BMNR261016C00025000,2.99,3.05,3.02,3.03,0.975,47.4453,806.0,858.0,0.8495,0.5509,0.0492,0.037,-0.0296,0.0157,3.0515,2.48,3.34,2.44,2.0550000667572,down,2026-08-24T12:57:20,359.0,5.0
BMNR,2026-10-16,53,Put,25.0,BMNR261016P00025000,3.35,3.5,3.425,3.32,-0.83,-20.0,22.0,9.0,0.8678,-0.4527,0.0496,0.037,-0.0298,-0.0178,3.3891,3.6,3.8,3.27,4.14999997615814,up,2026-08-24T11:42:24,50.0,407.0
BMNR,2026-10-16,53,Call,26.0,BMNR261016C00026000,2.61,2.7,2.6550000000000002,2.83,1.01,55.4945,816.0,333.0,0.8559,0.5044,0.0492,0.0373,-0.03,0.0145,2.6793,2.17,2.93,2.17,1.81999999284744,down,2026-08-24T12:37:59,6.0,165.0
BMNR,2026-10-16,53,Put,26.0,BMNR261016P00026000,3.95,4.1,4.025,3.9,-1.0,-20.4082,21.0,4.0,0.8667,-0.4997,0.0498,0.0373,-0.0302,-0.0194,4.014,3.91,4.0,3.9,4.89999985694885,down,2026-08-24T12:16:54,690.0,460.0
BMNR,2026-10-16,53,Call,27.0,BMNR261016C00027000,2.31,2.37,2.34,2.39,0.815,51.746,1153.0,9695.0,0.8665,0.4604,0.0486,0.0371,-0.0302,0.0134,2.3541,1.87,2.56,1.79,1.57499998807907,down,2026-08-24T12:52:02,129.0,37.0
BMNR,2026-10-16,53,Put,27.0,BMNR261016P00027000,4.65,4.8,4.725,5.01,-0.615,-10.9333,10.0,0.0,0.8808,-0.5442,0.0492,0.037,-0.0302,-0.021,4.686,5.01,5.01,5.01,5.625,no_change,2026-08-24T09:35:10,95.0,128.0
BMNR,2026-10-16,53,Call,28.0,BMNR261016C00028000,2.03,2.09,2.0599999999999996,2.08,0.705,51.2727,281.0,355.0,0.8745,0.4192,0.0474,0.0365,-0.0299,0.0123,2.0707,1.7,2.27,1.58,1.375,down,2026-08-24T12:52:18,117.0,110.0
BMNR,2026-10-16,53,Put,28.0,BMNR261016P00028000,5.35,5.5,5.425,0.0,0.0,0.0,0.0,0.0,0.8841,-0.5859,0.0481,0.0364,-0.0299,-0.0225,5.4007,0.0,0.0,0.0,6.40000009536743,no_change,,105.0,75.0
BMNR,2026-10-16,53,Call,29.0,BMNR261016C00029000,1.76,1.85,1.8050000000000002,1.96,0.755,62.6556,204.0,681.0,0.8796,0.3812,0.0458,0.0356,-0.0294,0.0112,1.8244,1.33,1.99,1.33,1.2049999833107,down,2026-08-24T12:29:20,759.0,33.0
BMNR,2026-10-16,53,Put,29.0,BMNR261016P00029000,6.1,6.25,6.175,0.0,0.0,0.0,0.0,0.0,0.8914,-0.6245,0.0466,0.0354,-0.0293,-0.0237,6.1526,0.0,0.0,0.0,7.27500009536743,no_change,,47.0,40.0
BMNR,2026-10-16,53,Call,30.0,BMNR261016C00030000,1.55,1.64,1.595,1.61,1.61,0.0,4408.0,0.0,0.8886,0.3462,0.044,0.0345,-0.0288,0.0103,1.6104,1.3,1.8,1.04,0.0,down,2026-08-24T12:52:19,999.0,338.0
BMNR,2026-10-16,53,Put,30.0,BMNR261016P00030000,6.9,7.05,6.975,6.8,6.8,0.0,7.0,0.0,0.9114,-0.66,0.0448,0.0342,-0.0285,-0.0249,6.9374,7.22,7.22,6.75,0.0,up,2026-08-24T12:19:42,58.0,79.0
BMNR,2026-11-20,88,Call,3.0,BMNR261120C00003000,19.85,23.6,21.725,19.77,0.0,0.0,0.0,83.0,2.4935,1.0,0.0001,0.0002,0.0,0.0074,21.5729,0.0,0.0,0.0,20.3500003814697,up,2026-08-21T15:37:12,149.0,105.0
BMNR,2026-11-20,88,Put,3.0,BMNR261120P00003000,0.0,2.08,1.04,0.12,0.0,0.0,0.0,30.0,4.261,-0.0006,0.0001,0.0002,-0.0002,0.0,0.0032,0.0,0.0,0.0,0.524999976158142,up,2026-08-14T11:09:46,0.0,503.0
BMNR,2026-11-20,88,Call,4.0,BMNR261120C00004000,18.8,22.55,20.675,13.94,0.0,0.0,0.0,1.0,1.9533,1.0,0.0002,0.0005,0.0,0.0098,20.5872,0.0,0.0,0.0,18.6500005722046,up,2026-08-05T11:41:37,120.0,105.0
BMNR,2026-11-20,88,Put,4.0,BMNR261120P00004000,0.0,0.07,0.035,0.07,0.0,0.0,0.0,7.0,1.6776,-0.0012,0.0002,0.0005,-0.0004,-0.0001,0.0064,0.0,0.0,0.0,0.0599999986588955,up,2026-07-23T11:02:18,0.0,6.0
BMNR,2026-11-20,88,Call,5.0,BMNR261120C00005000,18.95,20.2,19.575,20.5,2.5,13.8889,1.0,36.0,0.0,0.9995,0.0004,0.0008,0.0,0.0122,19.6035,20.5,20.5,20.5,18.0,up,2026-08-24T10:33:57,214.0,196.0
BMNR,2026-11-20,88,Put,5.0,BMNR261120P00005000,0.0,0.13,0.065,0.07,0.0,0.0,0.0,1250.0,1.6127,-0.0022,0.0004,0.0008,-0.0006,-0.0002,0.0117,0.0,0.0,0.0,0.025000000372529,up,2026-08-21T09:49:03,0.0,987.0
BMNR,2026-11-20,88,Call,6.0,BMNR261120C00006000,16.9,19.95,18.424999999999997,0.0,0.0,0.0,0.0,0.0,0.0,0.9979,0.0008,0.0014,0.0,0.0145,18.6227,0.0,0.0,0.0,16.6750001907349,no_change,,205.0,119.0
BMNR,2026-11-20,88,Put,6.0,BMNR261120P00006000,0.0,0.57,0.285,0.07,0.0,0.0,0.0,7.0,1.8917,-0.0038,0.0008,0.0014,-0.0009,-0.0003,0.0199,0.0,0.0,0.0,0.0700000002980232,no_change,2026-08-04T11:06:29,0.0,1094.0
BMNR,2026-11-20,88,Call,7.0,BMNR261120C00007000,16.3,19.5,17.9,10.85,0.0,0.0,0.0,3.0,1.697,0.9956,0.0012,0.0021,0.0,0.0168,17.6458,0.0,0.0,0.0,16.2249994277954,up,2026-08-04T12:34:44,206.0,119.0
BMNR,2026-11-20,88,Put,7.0,BMNR261120P00007000,0.01,0.15,0.08,0.06,-0.015,-20.0,2.0,27.0,1.3261,-0.0062,0.0012,0.0021,-0.0013,-0.0004,0.032,0.13,0.13,0.06,0.0750000029802322,down,2026-08-24T12:52:31,709.0,1478.0
BMNR,2026-11-20,88,Call,8.0,BMNR261120C00008000,14.95,18.3,16.625,10.0,0.0,0.0,0.0,19.0,0.0,0.9922,0.0019,0.0031,-0.0005,0.019,16.6745,0.0,0.0,0.0,15.1999998092651,no_change,2026-08-13T12:18:44,195.0,194.0
BMNR,2026-11-20,88,Put,8.0,BMNR261120P00008000,0.03,0.2,0.115,0.09,0.0,0.0,0.0,137.0,1.2704,-0.0095,0.0019,0.0031,-0.0019,-0.0007,0.0496,0.0,0.0,0.0,0.0850000008940697,up,2026-08-19T13:07:04,42.0,1507.0
BMNR,2026-11-20,88,Call,9.0,BMNR261120C00009000,14.7,17.05,15.875,12.4,0.0,0.0,0.0,56.0,1.3281,0.9876,0.0028,0.0043,-0.0012,0.0211,15.7102,0.0,0.0,0.0,13.9249997138977,up,2026-08-20T13:53:39,258.0,129.0
BMNR,2026-11-20,88,Put,9.0,BMNR261120P00009000,0.0,0.2,0.1,0.1,0.0,0.0,0.0,464.0,1.1188,-0.0142,0.0028,0.0044,-0.0026,-0.001,0.0745,0.0,0.0,0.0,0.0699999975040555,down,2026-08-20T12:03:15,0.0,976.0
BMNR,2026-11-20,88,Call,10.0,BMNR261120C00010000,14.45,15.45,14.95,14.9,1.9,14.6154,3.0,330.0,1.2702,0.9813,0.004,0.0059,-0.0021,0.0231,14.7555,14.9,14.9,14.9,13.0,up,2026-08-24T11:46:15,1077.0,777.0
BMNR,2026-11-20,88,Put,10.0,BMNR261120P00010000,0.08,0.16,0.12,0.12,-0.015,-11.1111,107.0,5057.0,1.0456,-0.0204,0.004,0.006,-0.0034,-0.0014,0.1089,0.22,0.22,0.1,0.134999997913837,no_change,2026-08-24T12:23:30,719.0,1134.0
BMNR,2026-11-20,88,Call,11.0,BMNR261120C00011000,12.4,14.45,13.425,11.85,0.0,0.0,0.0,56.0,0.0,0.9731,0.0054,0.0079,-0.0032,0.025,13.8131,0.0,0.0,0.0,12.1750001907349,down,2026-08-21T15:31:04,438.0,129.0
BMNR,2026-11-20,88,Put,11.0,BMNR261120P00011000,0.08,0.24,0.16,0.16,-0.02,-11.1111,16.0,573.0,1.0002,-0.0288,0.0055,0.0079,-0.0044,-0.002,0.1563,0.16,0.16,0.16,0.179999999701977,no_change,2026-08-24T11:15:48,932.0,416.0
BMNR,2026-11-20,88,Call,12.0,BMNR261120C00012000,12.4,13.5,12.95,11.07,0.0,0.0,0.0,241.0,1.0261,0.9625,0.0073,0.0102,-0.0044,0.0266,12.8865,0.0,0.0,0.0,11.0999999046326,no_change,2026-08-21T15:42:42,1456.0,787.0
BMNR,2026-11-20,88,Put,12.0,BMNR261120P00012000,0.2,0.26,0.23,0.22,-0.025,-10.2041,32.0,1135.0,0.9784,-0.0395,0.0073,0.0103,-0.0056,-0.0027,0.219,0.25,0.25,0.2,0.244999997317791,up,2026-08-24T12:06:22,1.0,136.0
BMNR,2026-11-20,88,Call,13.0,BMNR261120C00013000,11.65,12.4,12.025,11.0,0.625,6.0241,1.0,1546.0,0.9778,0.9491,0.0094,0.013,-0.0058,0.0281,11.9793,11.0,11.0,11.0,10.375,up,2026-08-24T09:46:52,1657.0,746.0
BMNR,2026-11-20,88,Put,13.0,BMNR261120P00013000,0.25,0.34,0.29500000000000004,0.3,-0.03,-9.09091,15.0,3856.0,0.9392,-0.0528,0.0095,0.013,-0.0069,-0.0037,0.3005,0.3,0.3,0.29,0.329999998211861,up,2026-08-24T11:19:50,702.0,288.0
BMNR,2026-11-20,88,Call,14.0,BMNR261120C00014000,10.8,11.6,11.2,10.7,1.225,12.9288,100.0,689.0,0.9853,0.9327,0.0119,0.016,-0.0074,0.0293,11.0961,10.7,10.7,10.7,9.47499990463257,no_change,2026-08-24T10:30:50,1127.0,1135.0
BMNR,2026-11-20,88,Put,14.0,BMNR261120P00014000,0.34,0.44,0.39,0.4,-0.07,-14.8936,63.0,6072.0,0.9122,-0.0694,0.012,0.0162,-0.0083,-0.0048,0.4075,0.43,0.45,0.39,0.469999998807907,down,2026-08-24T12:40:49,1079.0,154.0
BMNR,2026-11-20,88,Call,15.0,BMNR261120C00015000,9.95,10.65,10.3,10.52,2.045,24.1298,146.0,3237.0,0.9357,0.9129,0.0147,0.0194,-0.009,0.0302,10.2415,9.5,10.61,9.3,8.47499990463257,up,2026-08-24T12:26:42,1612.0,1489.0
BMNR,2026-11-20,88,Put,15.0,BMNR261120P00015000,0.5,0.65,0.575,0.51,-0.125,-19.685,328.0,5273.0,0.923,-0.0892,0.0148,0.0195,-0.0099,-0.0062,0.5417,0.55,0.56,0.48,0.635000020265579,up,2026-08-24T12:51:17,501.0,1299.0
BMNR,2026-11-20,88,Call,16.0,BMNR261120C00016000,9.1,9.9,9.5,9.8,2.025,26.045,14.0,1257.0,0.9261,0.8897,0.0177,0.023,-0.0108,0.0308,9.4203,8.54,9.8,8.54,7.77500009536743,no_change,2026-08-24T12:18:13,1524.0,1547.0
BMNR,2026-11-20,88,Put,16.0,BMNR261120P00016000,0.65,0.8,0.7250000000000001,0.68,-0.17,-20.0,160.0,1890.0,0.8977,-0.1127,0.0178,0.0231,-0.0116,-0.0078,0.7115,0.72,0.75,0.66,0.849999994039536,no_change,2026-08-24T12:41:21,273.0,1447.0
BMNR,2026-11-20,88,Call,17.0,BMNR261120C00017000,8.3,9.05,8.675,8.75,1.7,24.1135,6.0,1982.0,0.8946,0.8631,0.0208,0.0267,-0.0126,0.0312,8.637,8.0,8.75,8.0,7.04999995231628,up,2026-08-24T11:17:12,1545.0,1455.0
BMNR,2026-11-20,88,Put,17.0,BMNR261120P00017000,0.86,0.95,0.905,0.91,-0.195,-17.6471,165.0,4103.0,0.8753,-0.1395,0.021,0.0268,-0.0133,-0.0097,0.9186,0.95,0.99,0.89,1.10500001907349,no_change,2026-08-24T12:41:27,707.0,20.0
BMNR,2026-11-20,88,Call,18.0,BMNR261120C00018000,7.6,8.4,8.0,8.05,1.725,27.2727,36.0,2714.0,0.9056,0.8333,0.0239,0.0304,-0.0143,0.0312,7.896,7.5,8.25,7.5,6.32500004768372,up,2026-08-24T12:03:59,1446.0,1534.0
BMNR,2026-11-20,88,Put,18.0,BMNR261120P00018000,1.12,1.21,1.165,1.15,-0.26,-18.4397,97.0,5461.0,0.871,-0.1694,0.0241,0.0305,-0.015,-0.0118,1.1667,1.25,1.26,1.11,1.41000002622604,no_change,2026-08-24T12:46:50,646.0,115.0
BMNR,2026-11-20,88,Call,19.0,BMNR261120C00019000,7.0,7.35,7.175,7.28,1.605,28.2819,51.0,2755.0,0.8575,0.8007,0.0269,0.0339,-0.016,0.0309,7.2007,6.75,7.48,6.7,5.67500019073486,down,2026-08-24T12:49:44,956.0,233.0
BMNR,2026-11-20,88,Put,19.0,BMNR261120P00019000,1.42,1.51,1.4649999999999999,1.41,-0.37,-20.7865,47.0,5814.0,0.8659,-0.2023,0.0271,0.034,-0.0167,-0.0141,1.4622,1.5,1.6,1.4,1.78000003099442,down,2026-08-24T12:19:54,309.0,308.0
BMNR,2026-11-20,88,Call,20.0,BMNR261120C00020000,6.45,6.6,6.525,6.5,1.325,25.6039,537.0,9432.0,0.853,0.7658,0.0296,0.0372,-0.0176,0.0304,6.5532,5.5,6.84,5.5,5.17499995231628,up,2026-08-24T12:56:55,598.0,453.0
BMNR,2026-11-20,88,Put,20.0,BMNR261120P00020000,1.75,1.89,1.8199999999999998,1.82,-0.4,-18.018,160.0,2651.0,0.8644,-0.2375,0.0299,0.0373,-0.0182,-0.0165,1.8062,1.97,2.0,1.74,2.22000002861023,no_change,2026-08-24T12:48:57,958.0,551.0
BMNR,2026-11-20,88,Call,21.0,BMNR261120C00021000,5.8,6.3,6.05,6.15,1.525,32.973,139.0,2521.0,0.8755,0.7293,0.032,0.0401,-0.019,0.0296,5.9552,5.39,6.15,5.31,4.625,up,2026-08-24T11:44:09,370.0,1192.0
BMNR,2026-11-20,88,Put,21.0,BMNR261120P00021000,2.14,2.29,2.215,2.16,-0.49,-18.4906,59.0,1506.0,0.8619,-0.2745,0.0324,0.0402,-0.0196,-0.0191,2.1996,2.3,2.35,2.14,2.64999997615814,up,2026-08-24T12:41:27,1089.0,492.0
BMNR,2026-11-20,88,Call,22.0,BMNR261120C00022000,5.25,5.45,5.35,5.5,1.35,32.5301,1263.0,6469.0,0.8439,0.6917,0.0341,0.0426,-0.0203,0.0287,5.4067,4.95,5.69,4.61,4.15000009536743,down,2026-08-24T12:53:15,946.0,2.0
BMNR,2026-11-20,88,Put,22.0,BMNR261120P00022000,2.43,2.76,2.5949999999999998,2.55,-0.65,-20.3125,67.0,2903.0,0.8459,-0.3124,0.0345,0.0426,-0.0208,-0.0218,2.6434,2.85,2.85,2.55,3.19999992847443,down,2026-08-24T12:33:31,1870.0,24.0
BMNR,2026-11-20,88,Call,23.0,BMNR261120C00023000,4.75,5.0,4.875,4.94,1.215,32.6175,141.0,1907.0,0.8508,0.6538,0.0357,0.0446,-0.0213,0.0276,4.9064,4.37,5.2,4.17,3.72500002384186,down,2026-08-24T12:54:23,1055.0,435.0
BMNR,2026-11-20,88,Put,23.0,BMNR261120P00023000,3.1,3.25,3.175,3.06,-0.69,-18.4,46.0,883.0,0.8666,-0.3508,0.0361,0.0447,-0.0218,-0.0243,3.1359,3.35,3.45,3.06,3.75,down,2026-08-24T11:33:02,174.0,98.0
BMNR,2026-11-20,88,Call,24.0,BMNR261120C00024000,4.45,4.5,4.475,4.5,1.125,33.3333,1015.0,1753.0,0.8698,0.6162,0.0368,0.0461,-0.0222,0.0264,4.4531,3.85,4.75,3.5,3.375,up,2026-08-24T12:57:18,1.0,116.0
BMNR,2026-11-20,88,Put,24.0,BMNR261120P00024000,3.55,3.8,3.675,3.62,-0.78,-17.7273,68.0,290.0,0.8596,-0.389,0.0374,0.0462,-0.0226,-0.027,3.6755,3.85,3.85,3.6,4.40000009536743,no_change,2026-08-24T11:38:24,1402.0,40.0
BMNR,2026-11-20,88,Call,25.0,BMNR261120C00025000,4.0,4.1,4.05,4.0,0.975,32.2314,819.0,13165.0,0.864,0.5793,0.0376,0.0472,-0.0228,0.0252,4.0434,3.43,4.32,3.29,3.02499997615814,down,2026-08-24T12:54:47,396.0,321.0
BMNR,2026-11-20,88,Put,25.0,BMNR261120P00025000,4.25,4.4,4.325,4.3,-0.75,-14.8515,323.0,1134.0,0.8764,-0.4264,0.0382,0.0472,-0.0232,-0.0295,4.26,4.4,4.43,4.1,5.04999995231628,up,2026-08-24T12:53:31,54.0,929.0
BMNR,2026-11-20,88,Call,26.0,BMNR261120C00026000,3.6,3.75,3.675,3.7,0.975,35.7798,2374.0,884.0,0.8664,0.5436,0.0379,0.0479,-0.0233,0.0239,3.675,3.15,3.95,3.01,2.72500002384186,up,2026-08-24T12:56:32,894.0,139.0
BMNR,2026-11-20,88,Put,26.0,BMNR261120P00026000,4.65,5.05,4.85,4.75,-0.95,-16.6667,186.0,355.0,0.859,-0.4627,0.0386,0.0478,-0.0236,-0.0318,4.8855,5.15,5.15,4.75,5.69999980926514,no_change,2026-08-24T11:29:52,1528.0,44.0
BMNR,2026-11-20,88,Call,27.0,BMNR261120C00027000,3.25,3.4,3.325,3.26,0.805,32.7902,357.0,1526.0,0.867,0.5094,0.0379,0.0481,-0.0236,0.0226,3.3441,2.83,3.57,2.71,2.45500004291534,down,2026-08-24T12:55:08,765.0,44.0
BMNR,2026-11-20,88,Put,27.0,BMNR261120P00027000,5.3,5.75,5.525,7.89,0.0,0.0,0.0,209.0,0.8658,-0.4975,0.0386,0.048,-0.0238,-0.0342,5.5498,0.0,0.0,0.0,6.375,up,2026-08-19T13:22:34,1217.0,101.0
BMNR,2026-11-20,88,Call,28.0,BMNR261120C00028000,3.0,3.1,3.05,3.1,0.86,38.3929,377.0,1140.0,0.8767,0.4769,0.0376,0.048,-0.0237,0.0214,3.0477,2.52,3.29,2.5,2.24000000953674,down,2026-08-24T12:51:03,316.0,321.0
BMNR,2026-11-20,88,Put,28.0,BMNR261120P00028000,6.05,6.45,6.25,6.55,-0.575,-8.07018,1.0,108.0,0.8765,-0.5307,0.0384,0.0478,-0.0239,-0.0363,6.2484,6.55,6.55,6.55,7.125,down,2026-08-24T10:16:34,1236.0,149.0
BMNR,2026-11-20,88,Call,29.0,BMNR261120C00029000,2.75,2.82,2.785,2.81,0.805,40.1496,316.0,1591.0,0.8825,0.4462,0.0371,0.0477,-0.0236,0.0202,2.7821,2.3,2.99,2.25,2.00499999523163,no_change,2026-08-24T12:52:29,53.0,76.0
BMNR,2026-11-20,88,Put,29.0,BMNR261120P00029000,6.75,7.15,6.95,7.8,0.0,0.0,0.0,135.0,0.8757,-0.562,0.0379,0.0473,-0.0238,-0.0381,6.9789,0.0,0.0,0.0,7.92499995231628,down,2026-08-21T14:06:28,990.0,38.0
BMNR,2026-11-20,88,Call,30.0,BMNR261120C00030000,2.51,2.58,2.545,2.5,0.685,37.741,2421.0,6670.0,0.887,0.4174,0.0364,0.047,-0.0235,0.019,2.5445,2.12,2.75,2.0,1.81499999761581,down,2026-08-24T12:55:19,144.0,20.0
BMNR,2026-11-20,88,Put,30.0,BMNR261120P00030000,7.45,7.9,7.675000000000001,7.95,-0.75,-8.62069,4.0,484.0,0.8745,-0.5914,0.0372,0.0467,-0.0236,-0.0401,7.7375,8.1,8.1,7.95,8.69999980926514,down,2026-08-24T11:02:30,1527.0,93.0
BMNR,2026-11-20,88,Call,31.0,BMNR261120C00031000,2.29,2.38,2.335,2.32,0.655,39.3393,62.0,948.0,0.895,0.3904,0.0355,0.0463,-0.0233,0.0179,2.3316,2.2,2.51,2.2,1.66500002145767,no_change,2026-08-24T12:52:58,263.0,129.0
BMNR,2026-11-20,88,Put,31.0,BMNR261120P00031000,8.2,8.75,8.475,8.36,-1.19,-12.4607,1.0,127.0,0.8842,-0.619,0.0364,0.0457,-0.0234,-0.0415,8.5213,8.36,8.36,8.36,9.5499997138977,down,2026-08-24T11:24:55,1612.0,137.0
BMNR,2026-11-20,88,Call,32.0,BMNR261120C00032000,2.09,2.27,2.1799999999999997,2.21,0.715,47.8261,58.0,350.0,0.9096,0.3654,0.0345,0.0453,-0.023,0.0168,2.1409,1.73,2.26,1.7,1.49500000476837,down,2026-08-24T12:45:45,123.0,1069.0
BMNR,2026-11-20,88,Put,32.0,BMNR261120P00032000,9.0,9.55,9.275,14.75,0.0,0.0,0.0,22.0,0.889,-0.6448,0.0355,0.0447,-0.023,-0.0431,9.328,0.0,0.0,0.0,10.3499999046326,down,2026-08-04T12:39:34,758.0,86.0
BMNR,2026-11-20,88,Call,33.0,BMNR261120C00033000,1.91,2.05,1.98,2.05,0.67,48.5507,82.0,1014.0,0.91,0.3421,0.0334,0.0442,-0.0226,0.0158,1.9698,1.59,2.1,1.52,1.37999999523163,no_change,2026-08-24T12:14:35,364.0,251.0
BMNR,2026-11-20,88,Put,33.0,BMNR261120P00033000,9.85,10.35,10.1,17.2,0.0,0.0,0.0,36.0,0.8952,-0.6688,0.0345,0.0436,-0.0226,-0.0443,10.1541,0.0,0.0,0.0,11.25,no_change,2026-06-10T10:21:26,618.0,34.0
BMNR,2026-11-20,88,Call,34.0,BMNR261120C00034000,1.74,1.96,1.85,1.96,0.7,55.5556,33.0,619.0,0.9225,0.3205,0.0323,0.0431,-0.0222,0.0149,1.816,1.44,2.03,1.44,1.25999999046326,down,2026-08-24T11:34:09,195.0,1256.0
BMNR,2026-11-20,88,Put,34.0,BMNR261120P00034000,10.55,11.4,10.975000000000001,19.1,0.0,0.0,0.0,3.0,0.909,-0.691,0.0334,0.0422,-0.0222,-0.0452,10.9985,0.0,0.0,0.0,12.125,down,2026-07-17T11:41:50,749.0,226.0
BMNR,2026-11-20,88,Call,35.0,BMNR261120C00035000,1.62,1.71,1.665,1.67,0.51,43.9655,1586.0,6016.0,0.9185,0.3005,0.0312,0.0419,-0.0217,0.014,1.6778,1.33,1.82,1.1,1.16000002622604,up,2026-08-24T12:56:52,691.0,169.0
BMNR,2026-11-20,88,Put,35.0,BMNR261120P00035000,11.5,12.05,11.775,12.25,-0.775,-5.95009,1.0,128.0,0.9009,-0.7117,0.0323,0.0409,-0.0217,-0.0463,11.8587,12.25,12.25,12.25,13.0249996185303,down,2026-08-24T11:00:46,1370.0,95.0
BMNR,2026-11-20,88,Call,36.0,BMNR261120C00036000,1.47,1.87,1.67,1.5,0.435,40.8451,39.0,680.0,0.9572,0.282,0.03,0.0406,-0.0212,0.0132,1.5532,1.1,1.62,1.1,1.06499999761581,down,2026-08-24T12:33:45,387.0,1500.0
BMNR,2026-11-20,88,Put,36.0,BMNR261120P00036000,12.35,13.1,12.725,14.39,0.0,0.0,0.0,26.0,0.9267,-0.7309,0.0312,0.0396,-0.0211,-0.0471,12.7325,0.0,0.0,0.0,13.9000000953674,down,2026-08-21T11:01:16,629.0,215.0
BMNR,2026-11-20,88,Call,37.0,BMNR261120C00037000,1.37,1.46,1.415,1.5,0.51,51.5152,51.0,2555.0,0.9292,0.2648,0.0289,0.0394,-0.0207,0.0124,1.4406,1.21,1.5,1.21,0.989999979734421,up,2026-08-24T12:04:58,1156.0,17.0
BMNR,2026-11-20,88,Put,37.0,BMNR261120P00037000,13.25,13.8,13.525,18.4,0.0,0.0,0.0,86.0,0.9106,-0.7486,0.0302,0.0381,-0.0206,-0.0476,13.6191,0.0,0.0,0.0,14.8249998092651,up,2026-08-18T10:11:34,866.0,25.0
BMNR,2026-11-20,88,Call,38.0,BMNR261120C00038000,1.26,1.36,1.31,1.35,0.435,47.541,519.0,8697.0,0.9351,0.249,0.0278,0.0381,-0.0202,0.0117,1.3388,1.05,1.47,0.95,0.91499999165535,no_change,2026-08-24T12:51:24,1092.0,121.0
BMNR,2026-11-20,88,Put,38.0,BMNR261120P00038000,14.1,14.75,14.425,15.8,0.0,0.0,0.0,96.0,0.9172,-0.7651,0.0291,0.0366,-0.02,-0.0482,14.5169,0.0,0.0,0.0,15.7750005722046,down,2026-08-21T10:56:09,867.0,79.0
BMNR,2027-01-15,144,Call,3.0,BMNR270115C00003000,21.2,22.8,22.0,22.0,1.775,8.77627,4.0,101.0,2.406,1.0,0.0002,0.0006,0.0,0.0118,21.6262,22.0,22.0,22.0,20.2249994277954,up,2026-08-24T11:27:13,875.0,745.0
BMNR,2027-01-15,144,Put,3.0,BMNR270115P00003000,0.01,0.04,0.025,0.05,0.0,0.0,0.0,956.0,1.6959,-0.0012,0.0002,0.0006,-0.0003,-0.0001,0.0082,0.0,0.0,0.0,0.0550000006332994,up,2026-08-11T11:03:08,8.0,2.0
BMNR,2027-01-15,144,Call,5.0,BMNR270115C00005000,19.35,20.3,19.825000000000003,16.0,0.0,0.0,0.0,134.0,1.5033,0.9986,0.0008,0.0021,0.0,0.0193,19.6852,0.0,0.0,0.0,17.8500003814697,up,2026-08-19T11:45:00,1009.0,790.0
BMNR,2027-01-15,144,Put,5.0,BMNR270115P00005000,0.03,0.15,0.09,0.1,0.02,25.0,14.0,2198.0,1.3353,-0.0047,0.0008,0.0021,-0.0008,-0.0006,0.0318,0.18,0.18,0.1,0.0799999982118606,down,2026-08-24T12:50:40,1.0,1701.0
BMNR,2027-01-15,144,Call,10.0,BMNR270115C00010000,14.7,15.05,14.875,15.1,1.775,13.3208,40.0,1865.0,0.8404,0.9682,0.0052,0.012,-0.0024,0.0353,14.9994,14.15,15.12,14.15,13.3249998092651,down,2026-08-24T12:51:10,1463.0,9.0
BMNR,2027-01-15,144,Put,10.0,BMNR270115P00010000,0.21,0.49,0.35,0.3,0.005,1.69491,40.0,8091.0,1.0347,-0.0353,0.0052,0.012,-0.0039,-0.0042,0.2586,0.29,0.32,0.25,0.295000001788139,down,2026-08-24T11:53:42,229.0,2655.0
BMNR,2027-01-15,144,Call,12.0,BMNR270115C00012000,13.0,13.8,13.4,11.65,0.0,0.0,0.0,277.0,1.0021,0.9427,0.0084,0.0185,-0.0045,0.0399,13.2473,0.0,0.0,0.0,11.5749998092651,no_change,2026-08-21T14:50:08,73.0,1273.0
BMNR,2027-01-15,144,Put,12.0,BMNR270115P00012000,0.45,0.5,0.475,0.5,-0.04,-7.40741,22.0,3597.0,0.9251,-0.061,0.0085,0.0187,-0.0059,-0.0073,0.4726,0.5,0.55,0.47,0.53999999165535,down,2026-08-24T12:50:40,672.0,374.0
BMNR,2027-01-15,144,Call,13.0,BMNR270115C00013000,12.05,12.85,12.45,12.5,2.025,19.3317,39.0,946.0,0.926,0.9265,0.0103,0.0222,-0.0057,0.0417,12.4102,11.7,12.65,11.7,10.4749999046326,no_change,2026-08-24T12:09:33,1623.0,1028.0
BMNR,2027-01-15,144,Put,13.0,BMNR270115P00013000,0.58,0.65,0.615,0.61,-0.135,-18.1208,19.0,3391.0,0.9064,-0.0774,0.0104,0.0224,-0.007,-0.0093,0.6188,0.65,0.66,0.61,0.745000004768372,down,2026-08-24T11:29:06,907.0,82.0
BMNR,2027-01-15,144,Call,14.0,BMNR270115C00014000,11.25,12.05,11.65,11.79,1.69,16.7327,18.0,724.0,0.9128,0.9079,0.0123,0.0262,-0.0069,0.0431,11.6032,10.8,11.79,10.8,10.0999999046326,up,2026-08-24T12:05:38,1530.0,1446.0
BMNR,2027-01-15,144,Put,14.0,BMNR270115P00014000,0.75,0.83,0.79,0.88,-0.065,-6.87831,23.0,1398.0,0.8928,-0.0961,0.0124,0.0263,-0.0081,-0.0115,0.7955,0.84,0.88,0.83,0.944999992847443,up,2026-08-24T11:34:47,1034.0,504.0
BMNR,2027-01-15,144,Call,15.0,BMNR270115C00015000,10.55,11.15,10.850000000000001,11.05,1.9,20.765,70.0,6093.0,0.8908,0.8871,0.0143,0.0302,-0.0081,0.0442,10.8292,9.9,11.09,9.85,9.15000009536743,down,2026-08-24T12:35:24,1322.0,1509.0
BMNR,2027-01-15,144,Put,15.0,BMNR270115P00015000,0.95,1.05,1.0,0.99,-0.18,-15.3846,175.0,6924.0,0.8821,-0.1172,0.0145,0.0304,-0.0092,-0.0141,1.0055,1.09,1.09,0.95,1.1700000166893,down,2026-08-24T12:50:38,1247.0,651.0
BMNR,2027-01-15,144,Call,16.0,BMNR270115C00016000,9.8,10.4,10.100000000000001,10.1,1.55,18.1287,734.0,1963.0,0.8775,0.8641,0.0164,0.0342,-0.0093,0.0449,10.091,9.46,10.1,9.46,8.55000019073486,up,2026-08-24T11:12:36,1483.0,1639.0
BMNR,2027-01-15,144,Put,16.0,BMNR270115P00016000,1.21,1.29,1.25,1.24,-0.22,-15.0685,53.0,5266.0,0.8743,-0.1404,0.0166,0.0344,-0.0104,-0.0169,1.2517,1.3,1.32,1.19,1.45999997854233,no_change,2026-08-24T12:51:24,884.0,32.0
BMNR,2027-01-15,144,Call,17.0,BMNR270115C00017000,9.15,9.75,9.45,9.62,1.645,20.627,39.0,2316.0,0.8831,0.8392,0.0185,0.0382,-0.0105,0.0452,9.3904,8.47,9.62,8.47,7.97499990463257,no_change,2026-08-24T11:37:01,1129.0,1683.0
BMNR,2027-01-15,144,Put,17.0,BMNR270115P00017000,1.5,1.6,1.55,1.53,-0.225,-12.8205,32.0,1597.0,0.8711,-0.1656,0.0187,0.0384,-0.0115,-0.02,1.536,1.6,1.6,1.48,1.75499999523163,up,2026-08-24T12:48:18,929.0,912.0
BMNR,2027-01-15,144,Call,18.0,BMNR270115C00018000,8.6,8.75,8.675,8.68,1.455,20.1384,245.0,8254.0,0.8487,0.8127,0.0204,0.042,-0.0116,0.0453,8.7292,7.87,9.0,7.85,7.22500014305115,down,2026-08-24T12:57:07,645.0,46.0
BMNR,2027-01-15,144,Put,18.0,BMNR270115P00018000,1.81,1.91,1.8599999999999999,1.81,-0.35,-16.2037,461.0,16707.0,0.8617,-0.1924,0.0207,0.0422,-0.0125,-0.0232,1.8599,1.96,2.01,1.8,2.1599999666214,no_change,2026-08-24T12:22:08,1118.0,30.0
BMNR,2027-01-15,144,Call,19.0,BMNR270115C00019000,7.9,8.25,8.075,8.0,1.325,19.8502,35.0,4690.0,0.8501,0.7849,0.0223,0.0455,-0.0127,0.045,8.108,7.5,8.05,7.2,6.67499995231628,down,2026-08-24T12:54:10,1398.0,789.0
BMNR,2027-01-15,144,Put,19.0,BMNR270115P00019000,2.0,2.29,2.145,2.2,-0.365,-14.23,63.0,3735.0,0.8398,-0.2206,0.0226,0.0457,-0.0135,-0.0266,2.2248,2.41,2.41,2.17,2.56500005722046,down,2026-08-24T12:07:21,2135.0,21.0
BMNR,2027-01-15,144,Call,20.0,BMNR270115C00020000,7.4,7.6,7.5,7.46,1.335,21.7959,711.0,32439.0,0.8487,0.7562,0.024,0.0488,-0.0137,0.0445,7.5273,6.73,7.8,6.6,6.125,down,2026-08-24T12:55:43,762.0,461.0
BMNR,2027-01-15,144,Put,20.0,BMNR270115P00020000,2.58,2.72,2.6500000000000004,2.65,-0.32,-10.7744,221.0,13397.0,0.8588,-0.2496,0.0243,0.0489,-0.0144,-0.0302,2.6277,2.76,2.87,2.58,2.97000002861023,up,2026-08-24T12:52:35,934.0,129.0
BMNR,2027-01-15,144,Call,21.0,BMNR270115C00021000,6.75,7.1,6.925,7.05,1.425,25.3333,239.0,1128.0,0.8404,0.7268,0.0254,0.0517,-0.0146,0.0437,6.9865,6.5,7.24,6.25,5.625,down,2026-08-24T12:45:32,1460.0,465.0
BMNR,2027-01-15,144,Put,21.0,BMNR270115P00021000,2.9,3.2,3.05,3.2,-0.275,-7.91367,28.0,580.0,0.8477,-0.2794,0.0258,0.0518,-0.0152,-0.0338,3.0739,3.3,3.3,3.2,3.47499990463257,no_change,2026-08-24T10:49:15,1516.0,37.0
BMNR,2027-01-15,144,Call,22.5,BMNR270115C00022500,6.1,6.55,6.324999999999999,6.48,1.505,30.2513,232.0,17125.0,0.8652,0.6823,0.0273,0.0553,-0.0157,0.0423,6.2483,5.61,6.53,5.54,4.97500014305115,no_change,2026-08-24T12:23:08,772.0,1483.0
BMNR,2027-01-15,144,Put,22.5,BMNR270115P00022500,3.65,3.95,3.8,3.87,-0.53,-12.0455,144.0,3479.0,0.8483,-0.3247,0.0278,0.0554,-0.0163,-0.0393,3.8165,4.05,4.14,3.8,4.40000009536743,up,2026-08-24T11:54:38,1410.0,59.0
BMNR,2027-01-15,144,Call,24.0,BMNR270115C00024000,5.4,5.8,5.6,5.78,1.38,31.3636,1417.0,1490.0,0.8533,0.6383,0.0286,0.058,-0.0166,0.0406,5.5935,5.1,5.9,4.78,4.40000009536743,down,2026-08-24T12:34:15,1164.0,1304.0
BMNR,2027-01-15,144,Put,24.0,BMNR270115P00024000,4.5,4.8,4.65,4.6,-0.675,-12.7962,59.0,325.0,0.8532,-0.3696,0.0292,0.0581,-0.0171,-0.0446,4.6441,5.0,5.0,4.55,5.27500009536743,no_change,2026-08-24T12:42:01,1484.0,400.0
BMNR,2027-01-15,144,Call,25.0,BMNR270115C00025000,5.1,5.25,5.175,5.2,1.1,26.8293,1560.0,44426.0,0.8494,0.6096,0.0292,0.0594,-0.0171,0.0393,5.2,4.5,5.48,4.4,4.10000014305115,no_change,2026-08-24T12:57:10,872.0,113.0
BMNR,2027-01-15,144,Put,25.0,BMNR270115P00025000,5.15,5.45,5.300000000000001,5.29,-0.66,-11.0924,239.0,7415.0,0.8637,-0.3988,0.0299,0.0594,-0.0175,-0.0482,5.2397,5.5,5.5,5.15,5.95000004768372,up,2026-08-24T12:51:27,1092.0,1071.0
BMNR,2027-01-15,144,Call,26.0,BMNR270115C00026000,4.75,5.05,4.9,4.98,1.205,31.9205,74.0,805.0,0.8658,0.5817,0.0296,0.0604,-0.0175,0.0379,4.8386,4.2,5.08,4.13,3.77500009536743,down,2026-08-24T12:51:14,111.0,1435.0
BMNR,2027-01-15,144,Put,26.0,BMNR270115P00026000,5.7,6.05,5.875,5.92,-0.655,-9.96198,37.0,588.0,0.8568,-0.4274,0.0304,0.0604,-0.0178,-0.0515,5.8681,5.92,5.92,5.92,6.57500004768372,down,2026-08-24T12:01:39,875.0,70.0
BMNR,2027-01-15,144,Call,27.0,BMNR270115C00027000,4.35,4.6,4.475,4.59,1.09,31.1429,77.0,2351.0,0.8529,0.5547,0.0299,0.0611,-0.0178,0.0366,4.507,4.0,4.67,3.75,3.5,down,2026-08-24T12:47:54,1263.0,128.0
BMNR,2027-01-15,144,Put,27.0,BMNR270115P00027000,6.35,6.7,6.525,6.48,-0.795,-10.9278,7.0,126.0,0.8579,-0.4552,0.0307,0.061,-0.018,-0.0548,6.5266,6.49,6.49,6.48,7.27500009536743,down,2026-08-24T12:05:39,738.0,31.0
BMNR,2027-01-15,144,Call,28.0,BMNR270115C00028000,4.05,4.25,4.15,4.5,1.25,38.4615,190.0,18566.0,0.8525,0.5287,0.03,0.0615,-0.018,0.0352,4.2032,3.6,4.5,3.6,3.25,up,2026-08-24T12:40:33,1149.0,75.0
BMNR,2027-01-15,144,Put,28.0,BMNR270115P00028000,7.15,7.45,7.300000000000001,7.18,-0.87,-10.8075,90.0,3005.0,0.8752,-0.4819,0.0308,0.0612,-0.0182,-0.0576,7.214,7.6,7.6,7.1,8.05000019073486,up,2026-08-24T12:43:28,693.0,423.0
BMNR,2027-01-15,144,Call,29.0,BMNR270115C00029000,3.8,4.1,3.9499999999999997,3.95,0.925,30.5785,60.0,1235.0,0.8686,0.5038,0.0299,0.0616,-0.0181,0.0339,3.9248,3.51,4.07,3.37,3.02499997615814,down,2026-08-24T11:53:14,885.0,1300.0
BMNR,2027-01-15,144,Put,29.0,BMNR270115P00029000,7.7,8.3,8.0,8.82,0.0,0.0,0.0,544.0,0.8764,-0.5075,0.0309,0.0613,-0.0183,-0.0608,7.9269,0.0,0.0,0.0,8.75,down,2026-08-21T11:31:56,1300.0,559.0
BMNR,2027-01-15,144,Call,30.0,BMNR270115C00030000,3.6,3.75,3.675,3.66,0.83,29.3286,1992.0,31059.0,0.869,0.48,0.0297,0.0615,-0.0182,0.0326,3.6696,3.17,3.9,3.05,2.82999992370606,down,2026-08-24T12:55:43,417.0,718.0
BMNR,2027-01-15,144,Put,30.0,BMNR270115P00030000,8.55,8.85,8.7,8.65,-1.0,-10.3627,223.0,15176.0,0.8741,-0.5321,0.0308,0.061,-0.0183,-0.0635,8.6638,9.25,9.25,8.51,9.65000009536743,up,2026-08-24T12:45:00,1088.0,400.0
BMNR,2027-01-15,144,Call,31.0,BMNR270115C00031000,3.3,3.65,3.4749999999999996,3.6,1.0,38.4615,165.0,556.0,0.8785,0.4574,0.0295,0.0612,-0.0182,0.0312,3.4359,3.0,3.61,2.98,2.60000002384186,no_change,2026-08-24T12:36:20,539.0,1611.0
BMNR,2027-01-15,144,Put,31.0,BMNR270115P00031000,9.2,9.7,9.45,9.49,-0.835,-8.08717,53.0,70.0,0.8765,-0.5554,0.0306,0.0606,-0.0182,-0.0656,9.4232,9.49,9.49,9.49,10.3249998092651,no_change,2026-08-24T11:59:09,1035.0,144.0
BMNR,2027-01-15,144,Call,32.0,BMNR270115C00032000,3.1,3.35,3.225,3.3,0.86,35.2459,142.0,5548.0,0.8768,0.436,0.0291,0.0608,-0.0182,0.03,3.2218,2.73,3.4,2.71,2.44000005722046,down,2026-08-24T12:44:34,1116.0,229.0
BMNR,2027-01-15,144,Put,32.0,BMNR270115P00032000,9.95,10.45,10.2,10.15,-1.0,-8.96861,1.0,2912.0,0.8759,-0.5777,0.0303,0.06,-0.0182,-0.0684,10.2021,10.15,10.15,10.15,11.1500000953674,down,2026-08-24T12:31:51,1309.0,120.0
BMNR,2027-01-15,144,Call,33.0,BMNR270115C00033000,2.9,3.2,3.05,3.09,0.775,33.4773,40.0,759.0,0.8847,0.4156,0.0287,0.0602,-0.0181,0.0287,3.0252,2.57,3.2,2.57,2.31500005722046,down,2026-08-24T12:51:28,337.0,1484.0
BMNR,2027-01-15,144,Put,33.0,BMNR270115P00033000,10.75,11.3,11.025,11.01,-0.965,-8.05845,54.0,310.0,0.8849,-0.5989,0.0299,0.0592,-0.018,-0.0704,10.9992,11.04,11.04,11.01,11.9749999046326,down,2026-08-24T12:51:28,1061.0,157.0
BMNR,2027-01-15,144,Call,34.0,BMNR270115C00034000,2.77,3.05,2.91,3.0,0.85,39.5349,23.0,861.0,0.896,0.3964,0.0282,0.0594,-0.018,0.0275,2.8448,2.5,3.0,2.5,2.14999997615814,up,2026-08-24T11:28:45,41.0,1373.0
BMNR,2027-01-15,144,Put,34.0,BMNR270115P00034000,11.55,12.2,11.875,15.43,0.0,0.0,0.0,27.0,0.8956,-0.6189,0.0295,0.0583,-0.0179,-0.0721,11.8133,0.0,0.0,0.0,12.8499999046326,down,2026-08-19T10:49:47,634.0,249.0
BMNR,2027-01-15,144,Call,35.0,BMNR270115C00035000,2.49,2.75,2.62,2.69,0.685,34.1646,824.0,45406.0,0.8795,0.3783,0.0276,0.0586,-0.0178,0.0264,2.6791,2.24,2.87,2.13,2.00499999523163,down,2026-08-24T12:52:18,1459.0,231.0
BMNR,2027-01-15,144,Put,35.0,BMNR270115P00035000,12.4,12.85,12.625,12.54,-1.31,-9.45848,7.0,3103.0,0.8866,-0.6378,0.029,0.0574,-0.0177,-0.0738,12.6425,13.29,13.29,12.54,13.8499999046326,down,2026-08-24T12:31:51,987.0,30.0
BMNR,2027-01-15,144,Call,36.0,BMNR270115C00036000,2.34,2.9,2.62,2.55,0.615,31.7829,20.0,396.0,0.9105,0.3612,0.0271,0.0577,-0.0176,0.0253,2.5266,2.3,2.55,2.3,1.93499994277954,up,2026-08-24T11:31:15,648.0,1999.0
BMNR,2027-01-15,144,Put,36.0,BMNR270115P00036000,13.2,14.0,13.6,18.87,0.0,0.0,0.0,101.0,0.9147,-0.6558,0.0285,0.0563,-0.0174,-0.0756,13.4852,0.0,0.0,0.0,14.5250000953674,no_change,2026-07-22T12:07:15,1127.0,265.0
BMNR,2027-01-15,144,Call,37.0,BMNR270115C00037000,2.17,2.46,2.315,2.5,0.71,39.6648,57.0,5817.0,0.8865,0.3451,0.0265,0.0568,-0.0174,0.0243,2.3861,1.94,2.51,1.94,1.79000002145767,up,2026-08-24T12:21:48,1414.0,31.0
BMNR,2027-01-15,144,Put,37.0,BMNR270115P00037000,14.05,14.75,14.4,15.55,0.0,0.0,0.0,3061.0,0.9099,-0.6728,0.028,0.0551,-0.0172,-0.077,14.3404,0.0,0.0,0.0,15.4250001907349,down,2026-08-21T12:34:15,1341.0,438.0
BMNR,2027-01-15,144,Call,38.0,BMNR270115C00038000,1.89,2.45,2.17,2.04,0.3,17.2414,5.0,599.0,0.8883,0.3299,0.0259,0.0558,-0.0172,0.0233,2.2566,2.01,2.04,2.01,1.74000000953674,up,2026-08-24T10:25:09,2512.0,315.0
BMNR,2027-01-15,144,Put,38.0,BMNR270115P00038000,14.9,15.7,15.3,20.95,0.0,0.0,0.0,88.0,0.921,-0.6888,0.0275,0.0539,-0.0169,-0.078,15.2073,0.0,0.0,0.0,16.2750000953674,down,2026-07-30T11:16:11,1105.0,254.0
BMNR,2027-01-15,144,Call,40.0,BMNR270115C00040000,1.85,2.06,1.955,2.05,0.52,33.9869,1362.0,29895.0,0.9002,0.3022,0.0247,0.0537,-0.0168,0.0215,2.0266,1.67,2.17,1.55,1.53000003099442,down,2026-08-24T12:48:35,1377.0,59.0
BMNR,2027-01-15,144,Put,40.0,BMNR270115P00040000,16.7,17.15,16.924999999999997,17.0,-1.15,-6.33609,28.0,2927.0,0.9046,-0.7183,0.0264,0.0515,-0.0164,-0.0801,16.9709,17.5,17.5,17.0,18.1499996185303,no_change,2026-08-24T11:57:29,1006.0,14.0
BMNR,2027-01-15,144,Call,42.0,BMNR270115C00042000,1.71,2.0,1.855,1.94,0.545,39.0681,67.0,4318.0,0.9284,0.2775,0.0234,0.0516,-0.0163,0.0198,1.8293,1.5,2.0,1.5,1.39499998092651,down,2026-08-24T11:23:05,515.0,1544.0
BMNR,2027-01-15,144,Put,42.0,BMNR270115P00042000,18.4,18.95,18.674999999999997,18.5,-1.5,-7.5,6.0,847.0,0.9038,-0.7447,0.0253,0.0487,-0.0158,-0.0816,18.769,19.4,19.4,18.5,20.0,down,2026-08-24T11:27:27,1292.0,10.0
BMNR,2027-01-15,144,Call,45.0,BMNR270115C00045000,1.48,1.61,1.545,1.62,0.46,39.6552,418.0,9158.0,0.9304,0.2454,0.0217,0.0484,-0.0155,0.0176,1.5814,1.3,1.66,1.25,1.16000002622604,up,2026-08-24T12:51:34,1051.0,150.0
BMNR,2027-01-15,144,Put,45.0,BMNR270115P00045000,21.15,22.0,21.575,23.04,0.0,0.0,0.0,1043.0,0.9504,-0.7792,0.0236,0.0449,-0.0149,-0.0823,21.5186,0.0,0.0,0.0,22.9250001907349,up,2026-08-21T14:47:48,1573.0,272.0
BMNR,2027-01-15,144,Call,47.0,BMNR270115C00047000,1.26,1.51,1.385,1.46,0.385,35.814,92.0,1742.0,0.9346,0.227,0.0205,0.0463,-0.015,0.0164,1.4442,1.2,1.46,1.2,1.07499998807907,up,2026-08-24T11:42:13,1738.0,80.0
BMNR,2027-01-15,144,Put,47.0,BMNR270115P00047000,23.0,23.85,23.425,30.4,0.0,0.0,0.0,31.0,0.9582,-0.7994,0.0226,0.0422,-0.0143,-0.0822,23.3799,0.0,0.0,0.0,24.6500005722046,up,2026-07-23T13:58:03,547.0,221.0
BMNR,2027-01-15,144,Call,50.0,BMNR270115C00050000,1.2,1.31,1.255,1.18,0.255,27.5676,652.0,20961.0,0.9577,0.2032,0.019,0.0434,-0.0142,0.0147,1.2718,1.03,1.35,1.02,0.924999982118606,down,2026-08-24T12:57:07,42.0,160.0
BMNR,2027-01-15,144,Put,50.0,BMNR270115P00050000,25.55,26.5,26.025,31.74,0.0,0.0,0.0,561.0,0.9117,-0.826,0.0212,0.0385,-0.0134,-0.0812,26.2062,0.0,0.0,0.0,27.6500005722046,down,2026-08-06T10:29:20,1813.0,84.0
BMNR,2027-01-15,144,Call,55.0,BMNR270115C00055000,0.94,1.05,0.995,1.05,0.315,42.8571,661.0,7332.0,0.9713,0.1708,0.0166,0.0389,-0.0131,0.0124,1.0446,0.84,1.07,0.8,0.734999984502792,down,2026-08-24T12:40:02,1302.0,118.0
BMNR,2027-01-15,144,Put,55.0,BMNR270115P00055000,30.45,31.5,30.975,37.22,0.0,0.0,0.0,3.0,0.9808,-0.8625,0.0191,0.0325,-0.012,-0.0772,30.986,0.0,0.0,0.0,32.3749990463257,down,2026-07-30T14:51:17,761.0,224.0
BMNR,2027-01-15,144,Call,60.0,BMNR270115C00060000,0.8,0.9,0.8500000000000001,0.8,0.15,23.0769,621.0,9919.0,0.9981,0.1459,0.0146,0.0351,-0.012,0.0106,0.8763,0.69,0.91,0.69,0.650000005960464,down,2026-08-24T12:49:04,915.0,669.0
BMNR,2027-01-15,144,Put,60.0,BMNR270115P00060000,35.35,36.15,35.75,41.47,0.0,0.0,0.0,3.0,0.9747,-0.8918,0.0175,0.0274,-0.0107,-0.073,35.8285,0.0,0.0,0.0,37.375,down,2026-08-10T10:33:49,156.0,76.0
BMNR,2027-01-15,144,Call,65.0,BMNR270115C00065000,0.57,0.78,0.675,0.78,0.315,67.7419,85.0,11184.0,1.0024,0.1262,0.013,0.0317,-0.0111,0.0092,0.7474,0.64,0.79,0.62,0.464999988675118,no_change,2026-08-24T12:49:44,2047.0,32.0
BMNR,2027-01-15,144,Put,65.0,BMNR270115P00065000,40.15,41.1,40.625,49.02,0.0,0.0,0.0,1.0,0.9789,-0.9155,0.0161,0.0222,-0.0093,-0.0644,40.7158,0.0,0.0,0.0,42.25,down,2026-07-20T10:03:08,149.0,103.0
BMNR,2027-01-15,144,Call,70.0,BMNR270115C00070000,0.56,0.65,0.605,0.66,0.19,40.4255,155.0,5136.0,1.0303,0.1104,0.0116,0.0289,-0.0102,0.0081,0.6467,0.51,0.69,0.47,0.469999983906746,no_change,2026-08-24T12:46:28,800.0,1.0
BMNR,2027-01-15,144,Put,70.0,BMNR270115P00070000,45.0,46.1,45.55,52.99,0.0,0.0,0.0,3.0,0.9835,-0.9356,0.0149,0.0179,-0.0088,-0.0574,45.6359,0.0,0.0,0.0,47.2750015258789,up,2026-06-04T14:08:27,152.0,115.0
BMNR,2027-01-15,144,Call,75.0,BMNR270115C00075000,0.53,0.63,0.5800000000000001,0.57,0.145,34.1176,150.0,18205.0,1.0684,0.0976,0.0104,0.0264,-0.0095,0.0072,0.5663,0.55,0.59,0.47,0.424999997019768,no_change,2026-08-24T12:38:38,112.0,27.0
BMNR,2027-01-15,144,Put,75.0,BMNR270115P00075000,50.05,50.95,50.5,60.65,0.0,0.0,0.0,0.0,0.0,-0.952,0.0137,0.0132,-0.0081,-0.044,50.5793,0.0,0.0,0.0,52.0999984741211,up,2026-06-24T09:34:46,149.0,71.0
BMNR,2027-01-15,144,Call,80.0,BMNR270115C00080000,0.45,0.55,0.5,0.5,0.115,29.8701,49.0,9312.0,1.0793,0.0872,0.0094,0.0242,-0.0089,0.0064,0.5018,0.48,0.52,0.4,0.384999990463257,no_change,2026-08-24T12:56:47,180.0,13.0
BMNR,2027-01-15,144,Put,80.0,BMNR270115P00080000,55.05,56.65,55.849999999999994,62.25,0.0,0.0,0.0,0.0,1.2535,-0.9664,0.0128,0.0096,-0.0066,-0.0349,55.5425,0.0,0.0,0.0,57.2999992370606,down,2026-08-11T11:49:02,149.0,124.0
BMNR,2027-01-15,144,Call,85.0,BMNR270115C00085000,0.42,0.53,0.475,0.5,0.18,56.25,20.0,1512.0,1.1085,0.0783,0.0086,0.0223,-0.0083,0.0058,0.4477,0.43,0.5,0.43,0.320000000298023,up,2026-08-24T12:35:24,110.0,27.0
BMNR,2027-01-15,144,Put,85.0,BMNR270115P00085000,60.0,61.4,60.7,64.98,0.0,0.0,0.0,0.0,1.2361,-0.9774,0.0108,0.0063,-0.0055,-0.0237,60.5198,0.0,0.0,0.0,62.2749996185303,up,2026-03-26T11:35:52,149.0,121.0
BMNR,2027-01-15,144,Call,90.0,BMNR270115C00090000,0.36,0.5,0.43,0.44,0.135,44.2623,2.0,4346.0,1.1246,0.0709,0.0078,0.0207,-0.0078,0.0052,0.4031,0.47,0.47,0.44,0.304999992251396,down,2026-08-24T11:22:38,100.0,179.0
BMNR,2027-01-15,144,Put,90.0,BMNR270115P00090000,63.95,66.6,65.275,70.68,0.0,0.0,0.0,0.0,0.0,-0.9855,0.0087,0.0038,-0.0033,-0.0069,65.5057,0.0,0.0,0.0,67.3000030517578,up,2026-02-12T12:38:04,155.0,116.0
BMNR,2027-01-15,144,Call,95.0,BMNR270115C00095000,0.26,0.46,0.36,0.38,0.085,28.8136,19.0,5074.0,1.1233,0.0646,0.0072,0.0192,-0.0073,0.0047,0.3655,0.35,0.38,0.32,0.295000001788139,up,2026-08-24T11:12:05,1162.0,164.0
BMNR,2027-01-15,144,Put,95.0,BMNR270115P00095000,68.5,72.2,70.35,75.31,0.0,0.0,0.0,0.0,0.0,-0.9913,0.0053,0.0,-0.003,0.0,70.505,0.0,0.0,0.0,72.4749984741211,up,2026-05-26T10:42:59,134.0,117.0
BMNR,2027-01-15,144,Call,100.0,BMNR270115C00100000,0.34,0.4,0.37,0.38,0.1,35.7143,472.0,17263.0,1.1601,0.0592,0.0066,0.018,-0.0069,0.0044,0.3334,0.32,0.38,0.29,0.280000001192093,up,2026-08-24T12:52:13,1.0,9.0
BMNR,2027-01-15,144,Put,100.0,BMNR270115P00100000,73.95,76.5,75.225,75.23,-2.045,-2.64639,4.0,0.0,0.0,-0.9953,0.0028,0.0,-0.003,0.0,75.505,75.25,75.3,75.23,77.2750015258789,down,2026-08-24T12:09:35,153.0,130.0
BMNR,2027-01-15,144,Call,105.0,BMNR270115C00105000,0.29,0.34,0.315,0.35,0.115,48.9362,352.0,33218.0,1.1587,0.0545,0.0061,0.0168,-0.0065,0.004,0.3059,0.26,0.35,0.26,0.234999991953373,no_change,2026-08-24T12:25:09,31.0,1.0
BMNR,2027-01-15,144,Put,105.0,BMNR270115P00105000,78.9,82.2,80.55000000000001,88.8,0.0,0.0,0.0,0.0,1.3008,-0.998,0.0012,0.0,-0.003,0.0,80.505,0.0,0.0,0.0,82.125,up,2026-07-14T14:29:44,143.0,117.0
BMNR,2027-02-19,179,Call,5.0,BMNR270219C00005000,17.95,21.7,19.825,17.65,0.0,0.0,0.0,21.0,1.2191,0.9995,0.0009,0.0029,0.0,0.0235,19.7715,0.0,0.0,0.0,17.8500003814697,up,2026-08-21T09:51:14,123.0,142.0
BMNR,2027-02-19,179,Put,5.0,BMNR270219P00005000,0.0,0.22,0.11,0.08,0.0,0.0,0.0,57.0,1.2444,-0.006,0.0009,0.0029,-0.0008,-0.0009,0.0441,0.0,0.0,0.0,0.0949999988079071,down,2026-08-07T15:48:02,0.0,848.0
BMNR,2027-02-19,179,Call,8.0,BMNR270219C00008000,15.7,17.45,16.575,10.74,0.0,0.0,0.0,52.0,0.0,0.9833,0.0032,0.0091,-0.0003,0.0355,16.9679,0.0,0.0,0.0,15.0,no_change,2026-08-10T14:54:10,389.0,202.0
BMNR,2027-02-19,179,Put,8.0,BMNR270219P00008000,0.12,0.27,0.195,0.23,0.015,6.97675,3.0,16.0,0.9966,-0.0223,0.0032,0.0091,-0.0024,-0.0034,0.1763,0.24,0.24,0.23,0.214999996125698,no_change,2026-08-24T11:02:22,355.0,391.0
BMNR,2027-02-19,179,Call,9.0,BMNR270219C00009000,15.05,16.65,15.85,14.19,0.0,0.0,0.0,11.0,0.6766,0.9745,0.0043,0.012,-0.0012,0.0389,16.0663,0.0,0.0,0.0,14.0999999046326,no_change,2026-08-21T15:16:04,133.0,112.0
BMNR,2027-02-19,179,Put,9.0,BMNR270219P00009000,0.19,0.33,0.26,0.25,-0.04,-13.7931,3.0,27.0,0.9591,-0.0312,0.0043,0.0121,-0.0032,-0.0047,0.2536,0.25,0.25,0.24,0.290000006556511,up,2026-08-24T11:02:22,546.0,116.0
BMNR,2027-02-19,179,Call,10.0,BMNR270219C00010000,14.55,15.75,15.15,14.91,1.435,10.6494,1.0,121.0,0.9104,0.9638,0.0056,0.0154,-0.0021,0.042,15.1862,14.91,14.91,14.91,13.4749999046326,up,2026-08-24T11:11:51,883.0,699.0
BMNR,2027-02-19,179,Put,10.0,BMNR270219P00010000,0.27,0.5,0.385,0.37,-0.035,-8.64198,1.0,355.0,0.9554,-0.0421,0.0056,0.0155,-0.004,-0.0064,0.3526,0.37,0.37,0.37,0.405000001192093,down,2026-08-24T09:49:59,1098.0,1404.0
BMNR,2027-02-19,179,Call,11.0,BMNR270219C00011000,12.8,14.95,13.875,13.0,0.0,0.0,0.0,35.0,0.5024,0.9509,0.007,0.0191,-0.0031,0.0447,14.3307,0.0,0.0,0.0,12.7999997138977,up,2026-08-21T13:37:43,311.0,118.0
BMNR,2027-02-19,179,Put,11.0,BMNR270219P00011000,0.43,0.56,0.495,0.48,-0.08,-14.2857,16.0,295.0,0.9284,-0.055,0.0071,0.0192,-0.0048,-0.0084,0.4762,0.49,0.49,0.48,0.560000002384186,down,2026-08-24T09:52:14,609.0,644.0
BMNR,2027-02-19,179,Call,12.0,BMNR270219C00012000,12.8,13.95,13.375,11.2,0.0,0.0,0.0,79.0,0.8468,0.936,0.0086,0.023,-0.0041,0.047,13.5026,0.0,0.0,0.0,11.7249999046326,up,2026-08-21T15:04:19,442.0,186.0
BMNR,2027-02-19,179,Put,12.0,BMNR270219P00012000,0.59,0.67,0.63,0.63,-0.09,-12.5,71.0,54.0,0.9059,-0.0701,0.0087,0.0231,-0.0058,-0.0107,0.6278,0.67,0.67,0.61,0.719999998807907,up,2026-08-24T11:45:30,885.0,502.0
BMNR,2027-02-19,179,Call,13.0,BMNR270219C00013000,12.35,13.35,12.85,9.55,0.0,0.0,0.0,160.0,0.946,0.9191,0.0103,0.0272,-0.0052,0.0489,12.7046,0.0,0.0,0.0,11.0249996185303,up,2026-08-20T14:38:26,423.0,1231.0
BMNR,2027-02-19,179,Put,13.0,BMNR270219P00013000,0.77,1.03,0.9,0.78,-0.2,-20.4082,22.0,75.0,0.9262,-0.0872,0.0104,0.0274,-0.0067,-0.0133,0.8098,0.82,0.86,0.77,0.980000019073486,up,2026-08-24T10:41:10,171.0,1823.0
BMNR,2027-02-19,179,Call,14.0,BMNR270219C00014000,10.5,12.45,11.475,10.25,0.0,0.0,0.0,71.0,0.7216,0.9002,0.012,0.0314,-0.0062,0.0504,11.9391,0.0,0.0,0.0,10.3499999046326,no_change,2026-08-21T15:52:42,1271.0,743.0
BMNR,2027-02-19,179,Put,14.0,BMNR270219P00014000,1.0,1.26,1.13,1.05,-0.15,-12.5,3.0,226.0,0.9172,-0.1063,0.0122,0.0316,-0.0077,-0.0163,1.0244,1.08,1.08,1.05,1.19999998807907,no_change,2026-08-24T11:36:43,412.0,1372.0
BMNR,2027-02-19,179,Call,15.0,BMNR270219C00015000,10.9,11.75,11.325,11.07,1.345,13.8303,67.0,359.0,0.9088,0.8795,0.0138,0.0357,-0.0073,0.0515,11.2079,10.35,11.4,10.35,9.72499990463257,down,2026-08-24T11:55:06,695.0,1788.0
BMNR,2027-02-19,179,Put,15.0,BMNR270219P00015000,1.16,1.37,1.2650000000000001,1.33,-0.15,-10.1351,2.0,266.0,0.8737,-0.1273,0.0139,0.0359,-0.0087,-0.0195,1.2741,1.33,1.33,1.33,1.47999995946884,down,2026-08-24T09:40:08,785.0,27.0
BMNR,2027-02-19,179,Call,16.0,BMNR270219C00016000,9.4,11.05,10.225000000000001,9.75,0.725,8.03324,7.0,576.0,0.796,0.8573,0.0155,0.0399,-0.0084,0.0522,10.5124,9.96,9.96,9.75,9.02500009536743,down,2026-08-24T09:42:19,2447.0,1093.0
BMNR,2027-02-19,179,Put,16.0,BMNR270219P00016000,1.4,1.65,1.525,1.52,-0.24,-13.6364,3.0,160.0,0.8612,-0.1498,0.0157,0.0401,-0.0096,-0.0231,1.5597,1.58,1.58,1.52,1.75999999046326,down,2026-08-24T12:16:23,1074.0,30.0
BMNR,2027-02-19,179,Call,17.0,BMNR270219C00017000,9.55,10.3,9.925,9.95,1.725,20.9726,27.0,1580.0,0.881,0.8337,0.0171,0.0439,-0.0094,0.0526,9.8537,8.65,9.95,8.65,8.22499990463257,up,2026-08-24T11:39:50,913.0,1330.0
BMNR,2027-02-19,179,Put,17.0,BMNR270219P00017000,1.68,1.96,1.8199999999999998,1.73,-0.41,-19.1589,15.0,93.0,0.8505,-0.1738,0.0174,0.0442,-0.0105,-0.0267,1.8829,1.92,1.92,1.73,2.13999998569489,down,2026-08-24T12:10:23,1889.0,25.0
BMNR,2027-02-19,179,Call,18.0,BMNR270219C00018000,8.9,9.8,9.350000000000001,8.5,0.725,9.32476,100.0,227.0,0.8856,0.809,0.0187,0.0477,-0.0103,0.0527,9.232,8.5,8.5,8.5,7.77500009536743,up,2026-08-24T09:56:02,737.0,1884.0
BMNR,2027-02-19,179,Put,18.0,BMNR270219P00018000,2.16,2.35,2.255,2.21,-0.32,-12.6482,5.0,273.0,0.8633,-0.1989,0.019,0.048,-0.0114,-0.0307,2.2433,2.3,2.3,2.15,2.53000009059906,up,2026-08-24T12:16:23,997.0,75.0
BMNR,2027-02-19,179,Call,19.0,BMNR270219C00019000,8.3,9.0,8.65,9.1,1.95,27.2727,5.0,230.0,0.8585,0.7835,0.0202,0.0513,-0.0112,0.0524,8.6475,8.05,9.1,8.05,7.15000009536743,up,2026-08-24T12:32:36,806.0,1335.0
BMNR,2027-02-19,179,Put,19.0,BMNR270219P00019000,2.5,2.72,2.6100000000000003,2.69,-0.285,-9.57983,3.0,201.0,0.8518,-0.2248,0.0206,0.0515,-0.0122,-0.0347,2.6419,2.69,2.69,2.69,2.97499990463257,no_change,2026-08-24T10:47:47,1245.0,63.0
BMNR,2027-02-19,179,Call,20.0,BMNR270219C00020000,7.85,8.4,8.125,8.45,1.825,27.5472,45.0,11273.0,0.8607,0.7575,0.0215,0.0545,-0.012,0.052,8.0994,7.3,8.45,7.2,6.625,up,2026-08-24T12:37:55,946.0,1733.0
BMNR,2027-02-19,179,Put,20.0,BMNR270219P00020000,2.98,3.2,3.09,3.02,-0.43,-12.4638,53.0,680.0,0.8584,-0.2513,0.0219,0.0548,-0.0129,-0.0389,3.0771,3.25,3.25,3.02,3.44999992847443,down,2026-08-24T12:21:37,1050.0,484.0
BMNR,2027-02-19,179,Call,21.0,BMNR270219C00021000,7.35,7.9,7.625,7.6,1.375,22.0884,5.0,311.0,0.8614,0.7312,0.0227,0.0574,-0.0128,0.0513,7.5872,6.94,7.75,6.94,6.22499990463257,down,2026-08-24T12:04:07,392.0,1527.0
BMNR,2027-02-19,179,Put,21.0,BMNR270219P00021000,3.4,3.65,3.525,3.63,-0.345,-8.67925,11.0,88.0,0.8506,-0.2782,0.0232,0.0576,-0.0136,-0.0431,3.5493,3.7,3.7,3.63,3.97500002384186,no_change,2026-08-24T10:25:05,1281.0,444.0
BMNR,2027-02-19,179,Call,22.0,BMNR270219C00022000,6.85,7.45,7.15,7.27,1.52,26.4348,252.0,552.0,0.8611,0.7048,0.0237,0.06,-0.0135,0.0504,7.1094,6.3,7.27,6.2,5.75,no_change,2026-08-24T12:32:04,823.0,1507.0
BMNR,2027-02-19,179,Put,22.0,BMNR270219P00022000,3.9,4.15,4.025,4.06,-0.49,-10.7692,66.0,470.0,0.8497,-0.3049,0.0242,0.0602,-0.0142,-0.0473,4.0529,4.3,4.3,4.06,4.54999995231628,down,2026-08-24T11:54:38,1336.0,12.0
BMNR,2027-02-19,179,Call,23.0,BMNR270219C00023000,6.4,7.0,6.7,6.75,1.375,25.5814,42.0,181.0,0.8601,0.6786,0.0246,0.0622,-0.014,0.0494,6.6647,5.99,6.75,5.94,5.375,up,2026-08-24T12:30:35,785.0,1421.0
BMNR,2027-02-19,179,Put,23.0,BMNR270219P00023000,4.45,4.7,4.575,4.62,-0.505,-9.85366,6.0,75.0,0.8514,-0.3318,0.0252,0.0624,-0.0147,-0.0515,4.5939,4.8,4.8,4.62,5.125,down,2026-08-24T11:58:20,1383.0,89.0
BMNR,2027-02-19,179,Call,24.0,BMNR270219C00024000,6.1,6.45,6.275,6.35,1.3,25.7426,582.0,152.0,0.8587,0.6527,0.0253,0.064,-0.0146,0.0483,6.2516,5.45,6.5,5.45,5.04999995231628,down,2026-08-24T12:38:37,120.0,1412.0
BMNR,2027-02-19,179,Put,24.0,BMNR270219P00024000,5.0,5.3,5.15,5.1,-0.675,-11.6883,39.0,25.0,0.8525,-0.3583,0.0259,0.0641,-0.0151,-0.0555,5.1662,5.25,5.25,5.05,5.77499985694885,up,2026-08-24T12:51:14,1161.0,70.0
BMNR,2027-02-19,179,Call,25.0,BMNR270219C00025000,5.65,6.1,5.875,5.8,1.125,24.0642,412.0,5161.0,0.8572,0.6273,0.0259,0.0655,-0.015,0.0471,5.868,5.13,6.1,5.1,4.67499995231628,down,2026-08-24T12:52:52,767.0,1420.0
BMNR,2027-02-19,179,Put,25.0,BMNR270219P00025000,5.6,5.9,5.75,5.72,-0.755,-11.6602,24.0,57.0,0.8532,-0.3844,0.0266,0.0656,-0.0154,-0.0593,5.7692,5.71,5.72,5.7,6.47500014305115,up,2026-08-24T12:12:30,579.0,38.0
BMNR,2027-02-19,179,Call,26.0,BMNR270219C00026000,5.25,5.8,5.525,5.64,1.19,26.7416,173.0,327.0,0.8595,0.6025,0.0263,0.0667,-0.0154,0.0458,5.5125,4.75,5.68,4.75,4.45000004768372,no_change,2026-08-24T11:44:11,1065.0,1697.0
BMNR,2027-02-19,179,Put,26.0,BMNR270219P00026000,6.25,6.55,6.4,0.0,0.0,0.0,0.0,0.0,0.8575,-0.4098,0.0271,0.0667,-0.0157,-0.0634,6.4012,0.0,0.0,0.0,7.17499995231628,no_change,,405.0,38.0
BMNR,2027-02-19,179,Call,27.0,BMNR270219C00027000,5.0,5.4,5.2,5.28,1.205,29.5706,69.0,128.0,0.862,0.5785,0.0266,0.0676,-0.0156,0.0445,5.1831,4.53,5.28,4.53,4.07500004768372,up,2026-08-24T12:41:45,421.0,1320.0
BMNR,2027-02-19,179,Put,27.0,BMNR270219P00027000,6.85,7.4,7.125,8.15,0.0,0.0,0.0,4.0,0.8693,-0.4346,0.0274,0.0675,-0.0159,-0.0671,7.0593,0.0,0.0,0.0,7.85000014305115,down,2026-08-21T10:18:20,624.0,227.0
BMNR,2027-02-19,179,Call,28.0,BMNR270219C00028000,4.65,5.1,4.875,4.98,1.18,31.0526,72.0,146.0,0.8613,0.5552,0.0268,0.0683,-0.0159,0.0432,4.8779,4.35,5.0,4.35,3.80000007152557,down,2026-08-24T12:41:21,646.0,1377.0
BMNR,2027-02-19,179,Put,28.0,BMNR270219P00028000,7.5,8.05,7.775,10.9,0.0,0.0,0.0,20.0,0.8664,-0.4587,0.0277,0.068,-0.0161,-0.0704,7.7429,0.0,0.0,0.0,8.52500009536743,down,2026-08-18T12:35:10,589.0,209.0
BMNR,2027-02-19,179,Call,29.0,BMNR270219C00029000,4.4,4.7,4.550000000000001,4.6,0.9,24.3243,52.0,110.0,0.8575,0.5328,0.0268,0.0686,-0.016,0.0418,4.5954,4.04,4.67,4.04,3.70000004768372,no_change,2026-08-24T12:48:18,629.0,1082.0
BMNR,2027-02-19,179,Put,29.0,BMNR270219P00029000,8.25,8.6,8.425,10.02,0.0,0.0,0.0,17.0,0.8605,-0.4819,0.0278,0.0683,-0.0162,-0.0741,8.4499,0.0,0.0,0.0,9.34999990463257,no_change,2026-08-20T15:26:40,469.0,37.0
BMNR,2027-02-19,179,Call,30.0,BMNR270219C00030000,4.1,4.45,4.275,4.38,1.005,29.7778,456.0,17910.0,0.8582,0.5112,0.0268,0.0688,-0.0162,0.0405,4.3338,3.7,4.49,3.61,3.375,no_change,2026-08-24T12:42:31,1212.0,1186.0
BMNR,2027-02-19,179,Put,30.0,BMNR270219P00030000,9.0,9.45,9.225,9.55,-0.525,-5.21092,7.0,101.0,0.8737,-0.5043,0.0279,0.0683,-0.0162,-0.0773,9.1778,9.57,9.57,9.55,10.0749998092651,down,2026-08-24T09:54:40,1061.0,1120.0
BMNR,2027-02-19,179,Call,31.0,BMNR270219C00031000,3.85,4.3,4.075,4.16,0.885,27.0229,69.0,262.0,0.8673,0.4906,0.0267,0.0688,-0.0162,0.0392,4.0913,3.95,4.17,3.95,3.27499997615814,down,2026-08-24T11:44:42,1079.0,1650.0
BMNR,2027-02-19,179,Put,31.0,BMNR270219P00031000,9.65,10.35,10.0,13.95,0.0,0.0,0.0,4.0,0.8805,-0.5258,0.0279,0.0681,-0.0162,-0.0799,9.9259,0.0,0.0,0.0,10.9250001907349,up,2026-08-11T09:38:46,689.0,258.0
BMNR,2027-02-19,179,Call,32.0,BMNR270219C00032000,3.65,3.95,3.8,3.9,0.83,27.0358,60.0,24.0,0.8629,0.4708,0.0265,0.0686,-0.0163,0.0378,3.8668,3.41,3.92,3.1,3.07000005245209,no_change,2026-08-24T12:37:56,1195.0,509.0
BMNR,2027-02-19,179,Put,32.0,BMNR270219P00032000,10.3,11.1,10.7,14.76,0.0,0.0,0.0,32.0,0.8737,-0.5465,0.0278,0.0678,-0.0162,-0.083,10.6929,0.0,0.0,0.0,11.7249999046326,up,2026-08-12T14:21:32,1006.0,237.0
BMNR,2027-02-19,179,Call,33.0,BMNR270219C00033000,3.45,3.7,3.575,3.65,0.78,27.1777,174.0,73.0,0.8635,0.4519,0.0263,0.0682,-0.0163,0.0366,3.6587,3.2,3.65,3.2,2.87000000476837,up,2026-08-24T12:41:16,487.0,32.0
BMNR,2027-02-19,179,Put,33.0,BMNR270219P00033000,11.2,11.7,11.45,0.0,0.0,0.0,0.0,0.0,0.8719,-0.5662,0.0276,0.0673,-0.0161,-0.0858,11.4763,0.0,0.0,0.0,12.5999999046326,no_change,,595.0,38.0
BMNR,2027-02-19,179,Call,34.0,BMNR270219C00034000,3.25,3.65,3.45,3.6,0.87,31.8681,36.0,195.0,0.8768,0.4339,0.026,0.0678,-0.0162,0.0354,3.4654,2.95,3.6,2.86,2.73000001907349,up,2026-08-24T11:31:29,756.0,1261.0
BMNR,2027-02-19,179,Put,34.0,BMNR270219P00034000,11.95,12.75,12.35,16.74,0.0,0.0,0.0,1.0,0.8903,-0.5852,0.0274,0.0666,-0.016,-0.0882,12.275,0.0,0.0,0.0,13.2249999046326,up,2026-08-13T10:51:42,847.0,281.0
BMNR,2027-02-19,179,Call,35.0,BMNR270219C00035000,3.15,3.35,3.25,3.23,0.73,29.2,220.0,633.0,0.877,0.4168,0.0257,0.0672,-0.0162,0.0341,3.286,2.58,3.45,2.52,2.5,down,2026-08-24T12:52:54,36.0,1012.0
BMNR,2027-02-19,179,Put,35.0,BMNR270219P00035000,12.85,13.25,13.05,14.46,0.0,0.0,0.0,65.0,0.8764,-0.6032,0.0272,0.0657,-0.0159,-0.09,13.0889,0.0,0.0,0.0,14.0499997138977,down,2026-08-21T11:01:16,662.0,27.0
BMNR,2028-01-21,515,Call,3.0,BMNR280121C00003000,19.5,24.5,22.0,21.95,1.475,7.20391,2.0,82.0,1.0041,1.0,0.0008,0.0067,0.0,0.0353,22.0106,21.82,21.95,21.82,20.4750003814697,up,2026-08-24T11:53:54,229.0,264.0
BMNR,2028-01-21,515,Put,3.0,BMNR280121P00003000,0.05,0.25,0.15,0.14,0.0,0.0,0.0,393.0,1.0526,-0.0084,0.0008,0.0067,-0.0006,-0.0044,0.1278,0.0,0.0,0.0,0.154999999329448,down,2026-08-19T12:43:22,293.0,673.0
BMNR,2028-01-21,515,Call,5.0,BMNR280121C00005000,19.7,21.3,20.5,20.29,1.465,7.78221,11.0,587.0,1.0468,0.9874,0.0018,0.0152,0.0,0.054,20.365,19.5,20.56,19.5,18.8249998092651,down,2026-08-24T11:54:14,1068.0,804.0
BMNR,2028-01-21,515,Put,5.0,BMNR280121P00005000,0.35,0.51,0.43,0.42,0.0,0.0,0.0,1857.0,1.0075,-0.0219,0.0019,0.0154,-0.0014,-0.0117,0.36,0.0,0.0,0.0,0.424999997019768,no_change,2026-08-19T12:44:44,1.0,753.0
BMNR,2028-01-21,515,Call,10.0,BMNR280121C00010000,16.35,16.85,16.6,16.75,1.725,11.4809,109.0,10221.0,0.8507,0.9338,0.0054,0.0416,-0.0017,0.0858,16.8018,15.8,17.15,15.6,15.0249996185303,down,2026-08-24T11:56:53,1002.0,26.0
BMNR,2028-01-21,515,Put,10.0,BMNR280121P00010000,1.44,1.58,1.51,1.5,-0.07,-4.4586,2016.0,6885.0,0.9015,-0.0769,0.0056,0.0422,-0.0036,-0.0417,1.5038,1.52,1.55,1.5,1.56999999284744,no_change,2026-08-24T11:48:02,96.0,30.0
BMNR,2028-01-21,515,Call,13.0,BMNR280121C00013000,14.7,15.7,15.2,14.9,1.45,10.7807,14.0,1570.0,0.9128,0.8932,0.0076,0.0572,-0.0032,0.0967,15.0282,14.0,15.35,14.0,13.4500002861023,down,2026-08-24T11:57:05,29.0,1254.0
BMNR,2028-01-21,515,Put,13.0,BMNR280121P00013000,2.43,2.68,2.555,2.57,-0.17,-6.20438,22.0,1932.0,0.881,-0.119,0.0079,0.0581,-0.0048,-0.065,2.5659,2.63,2.63,2.57,2.74000000953674,down,2026-08-24T11:44:47,96.0,218.0
BMNR,2028-01-21,515,Call,15.0,BMNR280121C00015000,13.65,14.0,13.825,13.95,1.625,13.1846,109.0,7331.0,0.8518,0.8646,0.0089,0.0666,-0.0041,0.1015,13.9827,12.55,14.2,12.55,12.3249998092651,up,2026-08-24T12:07:12,41.0,3.0
BMNR,2028-01-21,515,Put,15.0,BMNR280121P00015000,3.35,3.55,3.45,3.4,-0.225,-6.2069,45.0,13343.0,0.8804,-0.1489,0.0093,0.0677,-0.0055,-0.0819,3.4161,3.55,3.55,3.4,3.625,down,2026-08-24T11:27:50,64.0,350.0
BMNR,2028-01-21,515,Call,18.0,BMNR280121C00018000,12.15,13.0,12.575,12.8,1.75,15.8371,28.0,3469.0,0.8654,0.8208,0.0107,0.079,-0.0052,0.1058,12.5975,11.85,12.8,11.7,11.0500001907349,up,2026-08-24T12:37:38,277.0,1088.0
BMNR,2028-01-21,515,Put,18.0,BMNR280121P00018000,4.75,5.0,4.875,4.82,-0.28,-5.49019,56.0,1764.0,0.8672,-0.1949,0.0113,0.0802,-0.0065,-0.1076,4.883,4.95,4.95,4.81,5.09999990463257,up,2026-08-24T12:25:28,96.0,138.0
BMNR,2028-01-21,515,Call,20.0,BMNR280121C00020000,11.5,11.9,11.7,11.65,1.35,13.1068,623.0,21812.0,0.8557,0.7919,0.0117,0.0861,-0.0059,0.1072,11.7829,10.95,12.07,10.72,10.2999997138977,down,2026-08-24T12:54:47,223.0,137.0
BMNR,2028-01-21,515,Put,20.0,BMNR280121P00020000,5.75,6.1,5.925,5.95,-0.325,-5.17928,11.0,10239.0,0.8595,-0.2256,0.0124,0.0873,-0.007,-0.1248,5.9759,6.0,6.1,5.95,6.27500009536743,down,2026-08-24T10:38:46,529.0,144.0
BMNR,2028-01-21,515,Call,23.0,BMNR280121C00023000,10.35,10.85,10.6,10.83,1.63,17.7174,67.0,2759.0,0.8522,0.7496,0.0129,0.0949,-0.0068,0.1076,10.7018,10.1,10.83,9.85,9.2000002861023,up,2026-08-24T12:18:58,287.0,122.0
BMNR,2028-01-21,515,Put,23.0,BMNR280121P00023000,7.55,7.9,7.725,7.55,-0.6,-7.36196,14.0,3091.0,0.8588,-0.2708,0.0139,0.096,-0.0077,-0.1495,7.7643,7.9,7.95,7.55,8.15000009536743,down,2026-08-24T12:17:40,327.0,141.0
BMNR,2028-01-21,515,Call,25.0,BMNR280121C00025000,9.85,10.2,10.024999999999999,10.07,1.47,17.093,351.0,11460.0,0.8583,0.7225,0.0136,0.0997,-0.0072,0.1073,10.064,9.2,10.45,9.05,8.59999990463257,down,2026-08-24T12:52:16,1.0,148.0
BMNR,2028-01-21,515,Put,25.0,BMNR280121P00025000,8.95,9.1,9.024999999999999,9.0,-0.5,-5.26316,19.0,6163.0,0.8602,-0.3001,0.0147,0.1006,-0.008,-0.1666,9.0451,9.3,9.3,8.98,9.5,up,2026-08-24T12:11:23,31.0,19.0
BMNR,2028-01-21,515,Call,28.0,BMNR280121C00028000,8.95,9.35,9.149999999999999,9.17,1.27,16.0759,19.0,5919.0,0.8562,0.6838,0.0143,0.1055,-0.0078,0.1057,9.2139,8.35,9.4,7.96,7.90000009536743,down,2026-08-24T12:53:53,33.0,152.0
BMNR,2028-01-21,515,Put,28.0,BMNR280121P00028000,10.85,11.2,11.024999999999999,11.58,0.0,0.0,0.0,4891.0,0.857,-0.3422,0.0157,0.106,-0.0084,-0.1888,11.0816,0.0,0.0,0.0,11.6000003814697,up,2026-08-21T12:36:05,241.0,39.0
BMNR,2028-01-21,515,Call,30.0,BMNR280121C00030000,8.45,8.8,8.625,8.65,1.225,16.4983,878.0,14767.0,0.8551,0.6594,0.0147,0.1085,-0.0081,0.1044,8.7093,8.0,8.91,7.9,7.42499995231628,down,2026-08-24T12:44:01,26.0,108.0
BMNR,2028-01-21,515,Put,30.0,BMNR280121P00030000,12.25,12.65,12.45,12.7,-0.325,-2.4952,62.0,7206.0,0.8577,-0.3691,0.0163,0.1087,-0.0086,-0.2038,12.5064,12.78,12.78,12.7,13.0250000953674,no_change,2026-08-24T10:43:28,339.0,60.0
BMNR,2028-01-21,515,Call,33.0,BMNR280121C00033000,7.8,8.4,8.1,8.0,1.075,15.5235,6.0,1766.0,0.8703,0.6249,0.0152,0.1119,-0.0085,0.1018,8.0327,7.57,8.0,7.57,6.92499995231628,up,2026-08-24T11:12:25,44.0,1012.0
BMNR,2028-01-21,515,Put,33.0,BMNR280121P00033000,14.35,15.2,14.774999999999999,14.91,-0.54,-3.49515,2.0,626.0,0.8682,-0.4075,0.017,0.1114,-0.0088,-0.2221,14.7316,14.91,14.91,14.91,15.4500002861023,down,2026-08-24T11:16:53,1252.0,363.0
BMNR,2028-01-21,515,Call,35.0,BMNR280121C00035000,7.35,7.9,7.625,7.77,1.32,20.4651,33.0,4007.0,0.8652,0.6033,0.0154,0.1136,-0.0087,0.1,7.6287,6.95,7.77,6.85,6.45000004768372,up,2026-08-24T11:31:27,65.0,402.0
BMNR,2028-01-21,515,Put,35.0,BMNR280121P00035000,15.9,16.7,16.3,16.56,-0.365,-2.15657,2.0,1812.0,0.8684,-0.4318,0.0174,0.1126,-0.0089,-0.2348,16.2676,16.72,16.72,16.56,16.9250001907349,down,2026-08-24T10:20:40,1082.0,252.0
BMNR,2028-01-21,515,Call,38.0,BMNR280121C00038000,6.9,7.15,7.025,7.01,1.035,17.3222,51.0,1206.0,0.8632,0.5728,0.0156,0.1154,-0.009,0.0971,7.0777,6.5,7.26,6.5,5.97500014305115,no_change,2026-08-24T12:18:04,78.0,25.0
BMNR,2028-01-21,515,Put,38.0,BMNR280121P00038000,18.35,18.85,18.6,18.55,-0.825,-4.25806,4.0,619.0,0.8645,-0.4664,0.0179,0.1134,-0.009,-0.2507,18.6377,19.0,19.0,18.55,19.375,down,2026-08-24T12:12:27,283.0,76.0
BMNR,2028-01-21,515,Call,40.0,BMNR280121C00040000,6.5,6.8,6.65,6.8,1.1,19.2982,393.0,15641.0,0.8609,0.5538,0.0157,0.1162,-0.0091,0.095,6.7499,6.05,6.93,6.05,5.70000004768372,down,2026-08-24T12:45:53,291.0,26.0
BMNR,2028-01-21,515,Put,40.0,BMNR280121P00040000,20.05,20.45,20.25,20.25,-0.8,-3.80048,19.0,3944.0,0.8687,-0.4883,0.0182,0.1134,-0.009,-0.258,20.2587,20.57,20.6,20.25,21.0500001907349,down,2026-08-24T11:57:29,169.0,62.0
BMNR,2028-01-21,515,Call,43.0,BMNR280121C00043000,6.05,6.6,6.324999999999999,5.9,0.5,9.25926,3.0,2970.0,0.8739,0.5271,0.0157,0.1169,-0.0092,0.0921,6.3044,5.9,5.9,5.65,5.40000009536743,up,2026-08-24T09:49:39,45.0,1348.0
BMNR,2028-01-21,515,Put,43.0,BMNR280121P00043000,22.4,23.5,22.95,27.13,0.0,0.0,0.0,401.0,0.8905,-0.5195,0.0185,0.113,-0.009,-0.2736,22.7427,0.0,0.0,0.0,23.75,down,2026-07-29T11:58:29,222.0,1165.0
BMNR,2028-01-21,515,Call,45.0,BMNR280121C00045000,5.85,6.3,6.074999999999999,6.11,1.035,20.3941,34.0,4106.0,0.8775,0.5105,0.0157,0.117,-0.0093,0.0902,6.0346,5.55,6.17,5.33,5.07500004768372,down,2026-08-24T11:46:37,201.0,351.0
BMNR,2028-01-21,515,Put,45.0,BMNR280121P00045000,23.95,24.95,24.45,25.45,0.0,0.0,0.0,902.0,0.8759,-0.5392,0.0187,0.1124,-0.009,-0.2804,24.4291,0.0,0.0,0.0,25.2749996185303,down,2026-08-21T11:16:40,1400.0,253.0
BMNR,2028-01-21,515,Call,47.0,BMNR280121C00047000,5.5,6.0,5.75,5.86,1.01,20.8247,21.0,683.0,0.873,0.4947,0.0157,0.1169,-0.0093,0.0881,5.7843,5.85,5.86,5.85,4.84999990463257,no_change,2026-08-24T11:31:30,121.0,136.0
BMNR,2028-01-21,515,Put,47.0,BMNR280121P00047000,25.8,27.0,26.4,32.5,0.0,0.0,0.0,355.0,0.8998,-0.558,0.0188,0.1114,-0.009,-0.2875,26.1338,0.0,0.0,0.0,27.0500001907349,down,2026-07-17T11:13:03,225.0,1112.0
BMNR,2028-01-21,515,Call,50.0,BMNR280121C00050000,5.3,5.55,5.425,5.4,0.875,19.337,899.0,15784.0,0.8772,0.4726,0.0156,0.1166,-0.0094,0.0853,5.4457,5.0,5.6,4.6,4.52499985694885,down,2026-08-24T12:55:28,172.0,51.0
BMNR,2028-01-21,515,Put,50.0,BMNR280121P00050000,28.25,29.0,28.625,29.6,0.0,0.0,0.0,3976.0,0.8686,-0.585,0.019,0.1094,-0.0088,-0.2951,28.7375,0.0,0.0,0.0,29.6750001907349,no_change,2026-08-21T13:32:15,1255.0,29.0
BMNR,2028-01-21,515,Call,55.0,BMNR280121C00055000,4.8,5.05,4.925,5.03,0.88,21.2048,383.0,3236.0,0.8825,0.439,0.0153,0.1154,-0.0094,0.0807,4.9432,4.55,5.15,4.46,4.15000009536743,down,2026-08-24T12:44:03,131.0,62.0
BMNR,2028-01-21,515,Put,55.0,BMNR280121P00055000,32.8,33.75,33.275,34.32,0.0,0.0,0.0,1479.0,0.8948,-0.6265,0.0193,0.1053,-0.0086,-0.3011,33.1617,0.0,0.0,0.0,34.1749992370606,down,2026-08-21T11:00:41,912.0,233.0
BMNR,2028-01-21,515,Call,60.0,BMNR280121C00060000,4.35,4.65,4.5,4.5,0.675,17.6471,291.0,9611.0,0.8874,0.4096,0.015,0.1136,-0.0093,0.0763,4.5213,4.0,4.8,4.0,3.82500004768372,no_change,2026-08-24T12:56:56,104.0,131.0
BMNR,2028-01-21,515,Put,60.0,BMNR280121P00060000,37.3,37.95,37.625,38.0,-0.75,-1.93548,4.0,2056.0,0.8835,-0.6645,0.0195,0.0995,-0.0084,-0.3052,37.6814,38.32,38.32,38.0,38.75,no_change,2026-08-24T10:40:01,978.0,28.0
BMNR,2028-01-21,515,Call,65.0,BMNR280121C00065000,3.95,4.35,4.15,4.15,0.675,19.4245,201.0,4039.0,0.8935,0.3834,0.0146,0.1115,-0.0092,0.0725,4.1596,3.78,4.21,3.78,3.47499990463257,down,2026-08-24T12:41:16,481.0,204.0
BMNR,2028-01-21,515,Put,65.0,BMNR280121P00065000,41.8,43.65,42.724999999999994,44.45,0.0,0.0,0.0,349.0,0.9408,-0.6992,0.0196,0.095,-0.008,-0.3078,42.274,0.0,0.0,0.0,43.4249992370606,down,2026-08-20T11:36:24,1201.0,863.0
BMNR,2028-01-21,515,Call,70.0,BMNR280121C00070000,3.55,3.95,3.75,3.83,0.63,19.6875,187.0,3189.0,0.8905,0.3602,0.0142,0.1092,-0.0091,0.0687,3.847,3.5,3.9,3.35,3.19999992847443,no_change,2026-08-24T12:48:06,782.0,53.0
BMNR,2028-01-21,515,Put,70.0,BMNR280121P00070000,46.5,47.75,47.125,50.4,0.0,0.0,0.0,42.0,0.9212,-0.7313,0.0197,0.0882,-0.0078,-0.3026,46.932,0.0,0.0,0.0,48.1000003814697,no_change,2026-08-19T15:19:46,276.0,203.0
BMNR,2028-01-21,515,Call,75.0,BMNR280121C00075000,3.4,3.8,3.5999999999999996,3.62,0.615,20.4659,231.0,3303.0,0.9068,0.3394,0.0138,0.1067,-0.009,0.0654,3.575,3.25,3.67,3.15,3.00499999523163,no_change,2026-08-24T12:39:19,94.0,307.0
BMNR,2028-01-21,515,Put,75.0,BMNR280121P00075000,51.05,51.9,51.474999999999994,61.2,0.0,0.0,0.0,0.0,0.8832,-0.7607,0.0198,0.082,-0.0074,-0.2906,51.6431,0.0,0.0,0.0,53.0,down,2026-06-29T09:35:20,587.0,16.0
BMNR,2028-01-21,515,Call,80.0,BMNR280121C00080000,3.1,3.55,3.325,3.35,0.555,19.8569,120.0,6575.0,0.9083,0.3206,0.0134,0.1043,-0.0088,0.0623,3.3361,2.8,3.5,2.8,2.79500007629395,no_change,2026-08-24T12:51:04,30.0,224.0
BMNR,2028-01-21,515,Put,80.0,BMNR280121P00080000,55.85,56.8,56.325,57.91,0.0,0.0,0.0,45.0,0.8994,-0.789,0.0202,0.0759,-0.0072,-0.2815,56.3978,0.0,0.0,0.0,57.7000007629394,down,2026-08-21T11:16:41,461.0,26.0
BMNR,2028-01-21,515,Call,85.0,BMNR280121C00085000,2.9,3.3,3.0999999999999996,3.2,0.63,24.5136,3.0,4737.0,0.9116,0.3038,0.0131,0.1018,-0.0086,0.0594,3.125,3.2,3.2,3.2,2.57000005245209,no_change,2026-08-24T12:33:57,36.0,97.0
BMNR,2028-01-21,515,Put,85.0,BMNR280121P00085000,60.6,62.45,61.525000000000006,69.85,0.0,0.0,0.0,0.0,0.96,-0.8146,0.0201,0.0662,-0.0068,-0.2562,61.193,0.0,0.0,0.0,62.5,no_change,2026-06-23T11:06:00,268.0,323.0
BMNR,2028-01-21,515,Call,90.0,BMNR280121C00090000,2.86,3.0,2.9299999999999997,3.0,0.545,22.1996,164.0,10977.0,0.9179,0.2885,0.0127,0.0993,-0.0085,0.0567,2.9377,2.7,3.02,2.66,2.45499992370605,up,2026-08-24T12:27:22,100.0,26.0
BMNR,2028-01-21,515,Put,90.0,BMNR280121P00090000,65.55,66.3,65.925,68.9,0.0,0.0,0.0,7.0,0.902,-0.8382,0.0199,0.0616,-0.0062,-0.2404,66.0216,0.0,0.0,0.0,67.5750007629394,down,2026-08-20T11:36:24,343.0,23.0
BMNR,2028-01-21,515,Call,95.0,BMNR280121C00095000,2.65,2.84,2.745,2.75,0.475,20.8791,830.0,33456.0,0.9206,0.2746,0.0123,0.097,-0.0083,0.0544,2.7702,2.41,2.86,2.41,2.27499997615814,no_change,2026-08-24T12:56:39,32.0,70.0
BMNR,2028-01-21,515,Put,95.0,BMNR280121P00095000,70.35,71.6,70.975,77.0,0.0,0.0,0.0,0.0,0.9404,-0.8608,0.0199,0.0521,-0.0059,-0.2052,70.8812,0.0,0.0,0.0,72.625,down,2026-08-13T10:30:37,423.0,124.0
BMNR,2028-06-16,662,Call,3.0,BMNR280616C00003000,21.2,22.9,22.049999999999997,22.33,1.905,9.3268,36.0,343.0,0.8462,0.9989,0.0009,0.0102,0.0,0.0408,22.2035,21.4,22.48,21.4,20.4250001907349,up,2026-08-24T12:14:10,1044.0,808.0
BMNR,2028-06-16,662,Put,3.0,BMNR280616P00003000,0.18,0.37,0.275,0.28,0.025,9.80392,6.0,60.0,1.0677,-0.0119,0.0009,0.0104,-0.0008,-0.0089,0.2418,0.18,0.28,0.18,0.254999995231628,no_change,2026-08-24T12:09:58,220.0,506.0
BMNR,2028-06-16,662,Call,5.0,BMNR280616C00005000,20.25,21.95,21.1,20.65,1.7,8.97098,43.0,584.0,1.157,0.9841,0.0019,0.0205,0.0,0.0615,20.6984,19.98,21.19,19.95,18.9499998092651,down,2026-08-24T12:14:09,141.0,1267.0
BMNR,2028-06-16,662,Put,5.0,BMNR280616P00005000,0.44,0.7,0.57,0.57,-0.025,-4.20168,5.0,106.0,0.9698,-0.0271,0.002,0.0208,-0.0014,-0.0203,0.5828,0.57,0.57,0.57,0.594999998807907,no_change,2026-08-24T12:09:58,275.0,412.0
BMNR,2028-06-16,662,Call,10.0,BMNR280616C00010000,16.55,19.0,17.775,17.1,1.35,8.57143,9.0,2048.0,0.9681,0.9326,0.0049,0.0486,-0.0006,0.0969,17.48,16.25,17.1,16.25,15.75,up,2026-08-24T10:34:28,1386.0,982.0
BMNR,2028-06-16,662,Put,10.0,BMNR280616P00010000,1.87,2.09,1.98,2.17,0.09,4.32692,2.0,368.0,0.904,-0.0805,0.0051,0.0495,-0.0032,-0.0608,1.9982,2.01,2.17,2.01,2.0799999833107,up,2026-08-24T10:17:50,365.0,88.0
BMNR,2028-06-16,662,Call,13.0,BMNR280616C00013000,15.3,16.35,15.825000000000001,15.7,1.35,9.40767,12.0,1856.0,0.8794,0.8964,0.0066,0.0642,-0.0018,0.1097,15.8813,15.0,15.7,14.8,14.3499999046326,up,2026-08-24T12:54:57,1216.0,1041.0
BMNR,2028-06-16,662,Put,13.0,BMNR280616P00013000,3.1,3.35,3.225,3.2,-0.2,-5.88235,5.0,1176.0,0.8928,-0.1186,0.007,0.0656,-0.0041,-0.0902,3.1944,3.17,3.2,3.17,3.39999997615814,no_change,2026-08-24T12:20:29,162.0,218.0
BMNR,2028-06-16,662,Call,15.0,BMNR280616C00015000,14.6,15.4,15.0,15.3,1.95,14.6067,21.0,2446.0,0.8882,0.8714,0.0076,0.0737,-0.0026,0.1156,14.9356,14.6,15.3,13.8,13.3499999046326,up,2026-08-24T11:30:15,27.0,1160.0
BMNR,2028-06-16,662,Put,15.0,BMNR280616P00015000,4.0,4.35,4.175,4.2,-0.075,-1.75439,11.0,2350.0,0.8868,-0.1451,0.0081,0.0752,-0.0046,-0.1105,4.119,4.07,4.2,4.07,4.27500009536743,up,2026-08-24T11:58:47,77.0,427.0
BMNR,2028-06-16,662,Call,18.0,BMNR280616C00018000,13.35,14.35,13.85,13.61,1.41,11.5574,5.0,1925.0,0.8908,0.8339,0.009,0.0862,-0.0036,0.1217,13.6754,12.95,13.96,12.95,12.2000002861023,down,2026-08-24T11:58:51,25.0,1250.0
BMNR,2028-06-16,662,Put,18.0,BMNR280616P00018000,5.45,5.95,5.7,5.63,-0.295,-4.9789,15.0,348.0,0.8734,-0.1853,0.0097,0.088,-0.0052,-0.1415,5.6741,5.8,5.8,5.63,5.92499995231628,down,2026-08-24T10:41:34,790.0,325.0
BMNR,2028-06-16,662,Call,20.0,BMNR280616C00020000,12.6,13.15,12.875,12.9,1.5,13.1579,121.0,3577.0,0.8608,0.8092,0.0098,0.0934,-0.0041,0.1242,12.929,12.05,13.23,12.0,11.4000000953674,down,2026-08-24T12:57:17,159.0,132.0
BMNR,2028-06-16,662,Put,20.0,BMNR280616P00020000,6.6,7.0,6.8,6.8,-0.375,-5.22648,36.0,1974.0,0.8654,-0.212,0.0107,0.0953,-0.0056,-0.1619,6.8108,6.94,7.0,6.79,7.17500019073486,up,2026-08-24T12:39:50,809.0,74.0
BMNR,2028-06-16,662,Call,22.0,BMNR280616C00022000,11.9,12.65,12.275,12.33,1.53,14.1667,18.0,1359.0,0.8665,0.7852,0.0105,0.0998,-0.0046,0.1257,12.2484,11.48,12.47,11.3,10.8000001907349,down,2026-08-24T11:48:03,122.0,1202.0
BMNR,2028-06-16,662,Put,22.0,BMNR280616P00022000,7.8,8.2,8.0,8.01,-0.415,-4.92582,8.0,621.0,0.8619,-0.2383,0.0116,0.1016,-0.0059,-0.1817,8.0197,8.13,8.17,7.95,8.42500019073486,down,2026-08-24T12:09:58,794.0,29.0
BMNR,2028-06-16,662,Call,25.0,BMNR280616C00025000,11.1,11.45,11.274999999999999,11.4,1.45,14.5729,393.0,4804.0,0.8557,0.7504,0.0114,0.1078,-0.0053,0.1267,11.3369,10.74,11.7,10.58,9.94999980926514,no_change,2026-08-24T12:56:43,157.0,45.0
BMNR,2028-06-16,662,Put,25.0,BMNR280616P00025000,9.75,10.05,9.9,10.0,-0.4,-3.84615,60.0,314.0,0.8572,-0.2764,0.0127,0.1095,-0.0063,-0.2102,9.9457,10.16,10.16,9.89,10.4000000953674,up,2026-08-24T12:54:46,607.0,2.0
BMNR,2028-06-16,662,Call,27.0,BMNR280616C00027000,10.45,11.25,10.85,10.78,1.305,13.7731,10.0,385.0,0.8657,0.7283,0.0119,0.1123,-0.0056,0.1266,10.793,10.0,10.91,10.0,9.47499990463257,down,2026-08-24T12:07:56,29.0,1043.0
BMNR,2028-06-16,662,Put,27.0,BMNR280616P00027000,11.05,11.5,11.275,11.32,-0.43,-3.65957,1.0,137.0,0.8581,-0.3011,0.0134,0.1138,-0.0064,-0.2286,11.3038,11.32,11.32,11.32,11.75,down,2026-08-24T12:20:29,770.0,42.0
BMNR,2028-06-16,662,Call,30.0,BMNR280616C00030000,9.75,10.25,10.0,10.28,1.505,17.151,31.0,3336.0,0.8552,0.6968,0.0125,0.1179,-0.0061,0.1258,10.0605,9.8,10.4,9.24,8.77500009536743,down,2026-08-24T11:29:52,78.0,91.0
BMNR,2028-06-16,662,Put,30.0,BMNR280616P00030000,13.15,13.65,13.4,13.31,-0.64,-4.58781,11.0,472.0,0.8577,-0.3368,0.0142,0.1188,-0.0066,-0.2545,13.4321,13.5,13.5,13.31,13.9499998092651,down,2026-08-24T12:21:30,603.0,40.0
BMNR,2028-06-16,662,Call,32.0,BMNR280616C00032000,9.25,10.1,9.675,9.78,1.255,14.7214,12.0,1228.0,0.8652,0.6769,0.0128,0.1209,-0.0064,0.1249,9.6205,9.65,9.78,9.64,8.52500009536743,up,2026-08-24T11:26:13,34.0,1089.0
BMNR,2028-06-16,662,Put,32.0,BMNR280616P00032000,14.6,15.4,15.0,15.13,-0.445,-2.85714,3.0,153.0,0.8685,-0.3596,0.0147,0.1214,-0.0067,-0.2699,14.9058,15.0,15.13,15.0,15.5749998092651,up,2026-08-24T11:16:53,275.0,289.0
BMNR,2028-06-16,662,Call,35.0,BMNR280616C00035000,8.7,9.1,8.899999999999999,9.0,1.125,14.2857,236.0,1399.0,0.8518,0.6487,0.0132,0.1246,-0.0067,0.123,9.0241,8.35,9.16,8.35,7.87499976158142,down,2026-08-24T12:54:46,36.0,30.0
BMNR,2028-06-16,662,Put,35.0,BMNR280616P00035000,16.85,17.9,17.375,20.15,0.0,0.0,0.0,564.0,0.8768,-0.3922,0.0154,0.1243,-0.0068,-0.2912,17.1888,0.0,0.0,0.0,17.8000001907349,up,2026-08-17T11:15:03,597.0,1133.0
BMNR,2028-06-16,662,Call,37.0,BMNR280616C00037000,8.4,8.8,8.600000000000001,8.65,1.25,16.8919,481.0,10514.0,0.8573,0.6311,0.0134,0.1266,-0.0069,0.1217,8.6699,8.3,8.9,7.65,7.39999985694885,no_change,2026-08-24T12:52:16,32.0,153.0
BMNR,2028-06-16,662,Put,37.0,BMNR280616P00037000,18.4,19.0,18.7,18.82,-0.555,-2.86452,3.0,232.0,0.8586,-0.4131,0.0158,0.1257,-0.0068,-0.306,18.7524,18.82,18.82,18.82,19.375,down,2026-08-24T10:58:01,778.0,33.0
