root,expiration,dte,type,strike,option,bid,ask,mid,last_trade_price,change,percent_change,volume,open_interest,iv,delta,gamma,vega,theta,rho,theo,open,high,low,prev_day_close,tick,last_trade_time,bid_size,ask_size
BMNR,2026-09-04,3,Call,5.0,BMNR260904C00005000,18.35,19.65,19.0,19.09,-0.685,-3.46397,3.0,6.0,0.0,1.0,0.0,0.0,0.0,0.0008,19.1908,19.3,19.3,19.09,19.7750005722046,down,2026-09-01T11:45:17,152.0,49.0
BMNR,2026-09-04,3,Put,5.0,BMNR260904P00005000,0.0,0.01,0.005,0.06,0.0,0.0,0.0,190.0,6.1071,0.0,0.0,0.0,0.0,0.0,0.0,0.0,0.0,0.0,0.00499999988824129,up,2026-08-31T12:23:37,0.0,111.0
BMNR,2026-09-04,3,Call,7.0,BMNR260904C00007000,16.3,17.3,16.8,17.25,-0.4,-2.26629,2.0,5.0,0.0,1.0,0.0,0.0,0.0,0.0012,17.1922,17.25,17.25,17.25,17.6500005722046,no_change,2026-09-01T11:42:06,150.0,33.0
BMNR,2026-09-04,3,Put,7.0,BMNR260904P00007000,0.0,0.01,0.005,0.01,-0.03,-75.0,10.0,10.0,4.8316,0.0,0.0,0.0,0.0,0.0,0.0,0.01,0.01,0.01,0.0399999991059303,no_change,2026-09-01T10:46:02,0.0,10.0
BMNR,2026-09-04,3,Call,8.0,BMNR260904C00008000,15.7,16.55,16.125,16.3,-0.25,-1.51057,2.0,3.0,0.0,1.0,0.0,0.0,0.0,0.0013,16.1929,16.35,16.35,16.3,16.5499997138977,down,2026-09-01T10:54:46,149.0,36.0
BMNR,2026-09-04,3,Put,8.0,BMNR260904P00008000,0.0,2.13,1.065,0.0,0.0,0.0,0.0,0.0,0.0,0.0,0.0,0.0,0.0,0.0,0.0,0.0,0.0,0.0,1.06500005722046,no_change,,0.0,19.0
BMNR,2026-09-04,3,Call,9.0,BMNR260904C00009000,14.35,15.7,15.024999999999999,15.15,0.0,0.0,0.0,3.0,0.0,1.0,0.0,0.0,0.0,0.0015,15.1937,0.0,0.0,0.0,15.6750001907349,up,2026-08-31T11:11:58,180.0,42.0
BMNR,2026-09-04,3,Put,9.0,BMNR260904P00009000,0.0,2.12,1.06,0.0,0.0,0.0,0.0,0.0,0.0,0.0,0.0,0.0,0.0,0.0,0.0,0.0,0.0,0.0,1.06500005722046,no_change,,0.0,19.0
BMNR,2026-09-04,3,Call,10.0,BMNR260904C00010000,14.05,14.35,14.2,14.14,-0.41,-2.81787,21.0,21.0,3.5372,1.0,0.0,0.0,0.0,0.0016,14.1944,14.1,14.14,14.1,14.5500001907349,up,2026-09-01T10:38:59,117.0,28.0
BMNR,2026-09-04,3,Put,10.0,BMNR260904P00010000,0.0,0.01,0.005,0.15,0.0,0.0,0.0,71.0,3.4939,0.0,0.0,0.0,0.0,0.0,0.0,0.0,0.0,0.0,0.00499999988824129,up,2026-08-19T10:22:26,0.0,11.0
BMNR,2026-09-04,3,Call,11.0,BMNR260904C00011000,12.65,13.7,13.175,13.21,-0.34,-2.50923,3.0,3.0,0.0,1.0,0.0,0.0,0.0,0.0018,13.1951,13.15,13.35,13.15,13.5500001907349,down,2026-09-01T10:38:59,177.0,98.0
BMNR,2026-09-04,3,Put,11.0,BMNR260904P00011000,0.0,0.01,0.005,0.01,0.0,0.0,0.0,1012.0,3.1373,0.0,0.0,0.0,0.0,0.0,0.0001,0.0,0.0,0.0,0.00499999988824129,no_change,2026-08-24T15:31:50,0.0,11.0
BMNR,2026-09-04,3,Call,11.5,BMNR260904C00011500,12.15,13.25,12.7,13.11,0.0,0.0,0.0,5.0,2.9446,1.0,0.0,0.0,0.0,0.0019,12.6955,0.0,0.0,0.0,13.0999999046326,up,2026-08-31T15:35:52,172.0,34.0
BMNR,2026-09-04,3,Put,11.5,BMNR260904P00011500,0.0,0.01,0.005,0.01,0.0,0.0,0.0,3248.0,2.9709,-0.0001,0.0,0.0,-0.0001,0.0,0.0001,0.0,0.0,0.0,0.00499999988824129,no_change,2026-08-28T12:25:45,0.0,10.0
BMNR,2026-09-04,3,Call,12.0,BMNR260904C00012000,11.65,12.6,12.125,12.35,-0.35,-2.75591,1.0,7.0,0.0,1.0,0.0001,0.0,0.0,0.002,12.1959,12.35,12.35,12.35,12.7000002861023,down,2026-09-01T10:45:46,153.0,49.0
BMNR,2026-09-04,3,Put,12.0,BMNR260904P00012000,0.0,0.01,0.005,0.01,0.0,0.0,0.0,11031.0,2.8114,-0.0001,0.0001,0.0,-0.0001,0.0,0.0001,0.0,0.0,0.0,0.00499999988824129,no_change,2026-08-28T12:25:37,0.0,10.0
BMNR,2026-09-04,3,Call,12.5,BMNR260904C00012500,11.1,12.25,11.675,12.08,0.0,0.0,0.0,9.0,0.0,1.0,0.0001,0.0,0.0,0.002,11.6962,0.0,0.0,0.0,12.125,up,2026-08-31T13:19:54,210.0,52.0
BMNR,2026-09-04,3,Put,12.5,BMNR260904P00012500,0.0,0.01,0.005,0.01,0.0,0.0,0.0,11495.0,2.6584,-0.0001,0.0001,0.0,-0.0001,0.0,0.0001,0.0,0.0,0.0,0.00499999988824129,no_change,2026-08-27T15:54:30,0.0,15.0
BMNR,2026-09-04,3,Call,13.0,BMNR260904C00013000,10.35,11.5,10.925,11.3,-0.4,-3.4188,1.0,16.0,0.0,1.0,0.0001,0.0,0.0,0.0021,11.1966,11.3,11.3,11.3,11.6999998092651,down,2026-09-01T10:01:25,237.0,19.0
BMNR,2026-09-04,3,Put,13.0,BMNR260904P00013000,0.0,0.01,0.005,0.01,0.0,0.0,0.0,9348.0,2.5111,-0.0001,0.0001,0.0,-0.0001,0.0,0.0001,0.0,0.0,0.0,0.00499999988824129,no_change,2026-08-28T13:32:09,0.0,10.0
BMNR,2026-09-04,3,Call,13.5,BMNR260904C00013500,10.3,11.0,10.65,11.28,0.0,0.0,0.0,15.0,0.0,0.9999,0.0002,0.0,0.0,0.0022,10.697,0.0,0.0,0.0,11.2750000953674,down,2026-08-31T15:36:02,134.0,109.0
BMNR,2026-09-04,3,Put,13.5,BMNR260904P00013500,0.0,0.01,0.005,0.01,0.0,0.0,0.0,2555.0,2.3692,-0.0002,0.0002,0.0,-0.0002,0.0,0.0002,0.0,0.0,0.0,0.00499999988824129,no_change,2026-08-28T13:31:40,0.0,10.0
BMNR,2026-09-04,3,Call,14.0,BMNR260904C00014000,9.8,10.55,10.175,10.86,0.0,0.0,0.0,385.0,0.0,0.9999,0.0002,0.0,0.0,0.0023,10.1974,0.0,0.0,0.0,10.875,down,2026-08-31T15:36:02,875.0,626.0
BMNR,2026-09-04,3,Put,14.0,BMNR260904P00014000,0.0,0.01,0.005,0.01,0.0,0.0,0.0,1099.0,2.2322,-0.0002,0.0002,0.0,-0.0002,0.0,0.0002,0.0,0.0,0.0,0.00499999988824129,down,2026-08-31T09:30:05,0.0,20.0
BMNR,2026-09-04,3,Call,14.5,BMNR260904C00014500,9.35,9.9,9.625,10.23,0.0,0.0,0.0,14.0,0.0,0.9998,0.0003,0.0,0.0,0.0024,9.6979,0.0,0.0,0.0,10.375,down,2026-08-31T14:43:52,153.0,99.0
BMNR,2026-09-04,3,Put,14.5,BMNR260904P00014500,0.0,0.01,0.005,0.01,0.0,0.0,0.0,386.0,2.0997,-0.0003,0.0003,0.0,-0.0003,0.0,0.0003,0.0,0.0,0.0,0.00499999988824129,no_change,2026-08-31T09:53:19,0.0,10.0
BMNR,2026-09-04,3,Call,15.0,BMNR260904C00015000,8.75,9.5,9.125,8.95,0.0,0.0,0.0,34.0,0.0,0.9997,0.0004,0.0,0.0,0.0025,9.1983,0.0,0.0,0.0,9.875,down,2026-08-31T11:18:37,167.0,80.0
BMNR,2026-09-04,3,Put,15.0,BMNR260904P00015000,0.0,0.03,0.015,0.01,0.0,0.0,0.0,424.0,2.2426,-0.0004,0.0004,0.0,-0.0004,0.0,0.0004,0.0,0.0,0.0,0.00999999977648258,no_change,2026-08-31T11:40:50,0.0,1.0
BMNR,2026-09-04,3,Call,15.5,BMNR260904C00015500,8.3,9.05,8.675,9.28,0.0,0.0,0.0,52.0,0.0,0.9995,0.0006,0.0,0.0,0.0025,8.6988,0.0,0.0,0.0,9.59999990463257,up,2026-08-31T13:18:14,282.0,167.0
BMNR,2026-09-04,3,Put,15.5,BMNR260904P00015500,0.0,0.67,0.335,0.01,0.0,0.0,0.0,60.0,3.7833,-0.0006,0.0006,0.0,-0.0005,0.0,0.0005,0.0,0.0,0.0,0.259999990463257,down,2026-08-31T09:31:15,0.0,1618.0
BMNR,2026-09-04,3,Call,16.0,BMNR260904C00016000,8.15,8.35,8.25,8.87,0.0,0.0,0.0,73.0,2.3686,0.9993,0.0008,0.0001,0.0,0.0026,8.1993,0.0,0.0,0.0,9.0499997138977,up,2026-08-31T13:18:14,57.0,130.0
BMNR,2026-09-04,3,Put,16.0,BMNR260904P00016000,0.0,0.47,0.235,0.01,0.0,0.0,0.0,232.0,3.2484,-0.0008,0.0008,0.0001,-0.0006,0.0,0.0007,0.0,0.0,0.0,0.00499999988824129,no_change,2026-08-31T09:53:40,0.0,1890.0
BMNR,2026-09-04,3,Call,16.5,BMNR260904C00016500,7.35,8.0,7.675,7.62,-0.73,-8.74252,3.0,82.0,0.0,0.999,0.0012,0.0001,0.0,0.0027,7.6999,7.65,7.65,7.6,8.35000014305115,up,2026-09-01T11:46:24,293.0,76.0
BMNR,2026-09-04,3,Put,16.5,BMNR260904P00016500,0.0,0.04,0.02,0.01,0.0,0.0,0.0,282.0,1.9114,-0.0011,0.0012,0.0001,-0.0008,0.0,0.0009,0.0,0.0,0.0,0.109999999403954,no_change,2026-08-31T13:19:10,0.0,1440.0
BMNR,2026-09-04,3,Call,17.0,BMNR260904C00017000,6.8,7.5,7.15,7.18,-0.695,-8.8254,3.0,286.0,0.0,0.9985,0.0017,0.0001,-0.0003,0.0028,7.2006,7.22,7.22,7.16,7.875,up,2026-09-01T11:46:24,909.0,592.0
BMNR,2026-09-04,3,Put,17.0,BMNR260904P00017000,0.0,0.04,0.02,0.01,0.0,0.0,0.0,195.0,1.779,-0.0016,0.0017,0.0001,-0.0012,0.0,0.0013,0.0,0.0,0.0,0.00499999988824129,no_change,2026-08-31T15:22:17,0.0,5.0
BMNR,2026-09-04,3,Call,17.5,BMNR260904C00017500,6.3,7.25,6.775,6.85,0.0,0.0,0.0,148.0,2.0639,0.9978,0.0025,0.0002,-0.0008,0.0029,6.7015,0.0,0.0,0.0,7.39999985694885,down,2026-08-31T12:31:10,802.0,785.0
BMNR,2026-09-04,3,Put,17.5,BMNR260904P00017500,0.0,0.03,0.015,0.04,0.025,166.667,2.0,260.0,1.5841,-0.0023,0.0025,0.0002,-0.0016,0.0,0.0018,0.02,0.04,0.02,0.0149999996647239,up,2026-09-01T10:58:10,0.0,571.0
BMNR,2026-09-04,3,Call,18.0,BMNR260904C00018000,5.8,6.4,6.1,6.1,-0.8,-11.5942,6.0,422.0,0.0,0.9968,0.0037,0.0002,-0.0016,0.0029,6.2027,6.07,6.1,6.07,6.89999985694885,up,2026-09-01T10:01:26,1025.0,583.0
BMNR,2026-09-04,3,Put,18.0,BMNR260904P00018000,0.0,0.05,0.025,0.02,0.0,0.0,0.0,939.0,1.5758,-0.0033,0.0037,0.0002,-0.0023,0.0,0.0026,0.0,0.0,0.0,0.025000000372529,down,2026-08-31T14:02:31,0.0,1667.0
BMNR,2026-09-04,3,Call,18.5,BMNR260904C00018500,5.55,5.9,5.725,5.45,-1.0,-15.5039,5.0,1109.0,1.4448,0.9952,0.0055,0.0003,-0.0027,0.003,5.7043,6.15,6.15,5.45,6.45000004768372,down,2026-09-01T09:59:25,634.0,706.0
BMNR,2026-09-04,3,Put,18.5,BMNR260904P00018500,0.0,0.27,0.135,0.03,0.0,0.0,0.0,200.0,2.0084,-0.0049,0.0055,0.0003,-0.0033,0.0,0.0039,0.0,0.0,0.0,0.219999998807907,up,2026-08-28T15:59:14,0.0,1822.0
BMNR,2026-09-04,3,Call,19.0,BMNR260904C00019000,4.8,5.45,5.125,5.35,0.0,0.0,0.0,837.0,0.0,0.9927,0.0083,0.0005,-0.0042,0.0031,5.2066,0.0,0.0,0.0,5.92500019073486,down,2026-08-31T12:29:16,1161.0,675.0
BMNR,2026-09-04,3,Put,19.0,BMNR260904P00019000,0.0,0.01,0.005,0.02,0.0,0.0,0.0,915.0,1.0618,-0.0074,0.0083,0.0005,-0.0048,0.0,0.0058,0.0,0.0,0.0,0.0199999995529652,no_change,2026-08-31T12:30:31,0.0,1.0
BMNR,2026-09-04,3,Call,19.5,BMNR260904C00019500,4.6,4.8,4.699999999999999,4.76,-0.79,-14.2342,12.0,934.0,0.0,0.9888,0.0126,0.0007,-0.0066,0.0032,4.7101,4.3,4.76,4.3,5.54999995231628,up,2026-09-01T10:46:28,527.0,332.0
BMNR,2026-09-04,3,Put,19.5,BMNR260904P00019500,0.0,0.03,0.015,0.01,0.0,0.0,0.0,335.0,1.1095,-0.0113,0.0126,0.0007,-0.0072,0.0,0.0089,0.0,0.0,0.0,0.0149999996647239,no_change,2026-08-31T15:56:50,0.0,1.0
BMNR,2026-09-04,3,Call,20.0,BMNR260904C00020000,4.15,4.3,4.225,3.85,-1.225,-24.1379,28.0,13245.0,1.0694,0.9826,0.0192,0.001,-0.0102,0.0032,4.2154,3.95,4.35,3.85,5.07500004768372,down,2026-09-01T11:16:11,229.0,472.0
BMNR,2026-09-04,3,Put,20.0,BMNR260904P00020000,0.01,0.02,0.015,0.02,0.0,2.23517e-06,20.0,1755.0,0.996,-0.0175,0.0193,0.001,-0.0106,-0.0001,0.0139,0.03,0.03,0.01,0.0199999995529652,up,2026-09-01T11:32:28,111.0,14.0
BMNR,2026-09-04,3,Call,20.5,BMNR260904C00020500,3.6,3.85,3.725,3.55,-0.975,-21.547,5.0,643.0,0.9485,0.9728,0.0294,0.0014,-0.0155,0.0033,3.7241,3.65,3.65,3.55,4.52499985694885,down,2026-09-01T11:19:51,679.0,571.0
BMNR,2026-09-04,3,Put,20.5,BMNR260904P00020500,0.01,0.03,0.02,0.03,0.02,200.0,21.0,993.0,0.9256,-0.0274,0.0294,0.0014,-0.0159,-0.0001,0.0222,0.02,0.03,0.02,0.00999999977648258,up,2026-09-01T10:31:05,326.0,326.0
BMNR,2026-09-04,3,Call,21.0,BMNR260904C00021000,3.2,3.35,3.2750000000000004,3.2,-0.9,-21.9512,310.0,2933.0,1.0499,0.957,0.0446,0.0021,-0.0235,0.0033,3.2383,3.45,3.45,2.86,4.10000002384186,up,2026-09-01T11:44:37,43.0,486.0
BMNR,2026-09-04,3,Put,21.0,BMNR260904P00021000,0.03,0.05,0.04,0.04,0.01,33.3333,215.0,2637.0,0.9216,-0.0431,0.0446,0.0021,-0.0239,-0.0002,0.0361,0.05,0.07,0.04,0.0299999993294477,no_change,2026-09-01T11:14:01,360.0,362.0
BMNR,2026-09-04,3,Call,21.5,BMNR260904C00021500,2.68,2.91,2.795,2.73,-0.745,-21.4389,23.0,484.0,0.9696,0.9321,0.0665,0.003,-0.035,0.0032,2.762,2.42,2.88,2.42,3.47500002384186,up,2026-09-01T11:28:55,337.0,603.0
BMNR,2026-09-04,3,Put,21.5,BMNR260904P00021500,0.05,0.07,0.060000000000000005,0.07,0.02,40.0,16.0,236.0,0.8706,-0.0682,0.0667,0.003,-0.0355,-0.0003,0.0597,0.07,0.1,0.06,0.0499999988824129,up,2026-09-01T11:32:27,369.0,569.0
BMNR,2026-09-04,3,Call,22.0,BMNR260904C00022000,2.21,2.38,2.295,2.3,-0.85,-26.9841,52.0,1796.0,0.825,0.8937,0.096,0.0042,-0.0509,0.0032,2.3017,2.36,2.38,2.13,3.14999997615814,up,2026-09-01T11:53:02,475.0,592.0
BMNR,2026-09-04,3,Put,22.0,BMNR260904P00022000,0.09,0.11,0.1,0.09,0.025,38.4615,238.0,4225.0,0.8439,-0.1068,0.0963,0.0042,-0.0514,-0.0004,0.0992,0.1,0.17,0.08,0.0649999994784594,down,2026-09-01T11:52:40,512.0,585.0
BMNR,2026-09-04,3,Call,22.5,BMNR260904C00022500,1.84,1.93,1.885,1.78,-0.94,-34.5588,34.0,548.0,0.8535,0.8375,0.1318,0.0056,-0.0708,0.003,1.8667,1.81,2.03,1.57,2.72000002861023,up,2026-09-01T11:22:10,1.0,584.0
BMNR,2026-09-04,3,Put,22.5,BMNR260904P00022500,0.14,0.19,0.165,0.19,0.075,65.2174,137.0,796.0,0.8235,-0.1629,0.1322,0.0056,-0.0712,-0.0006,0.1636,0.16,0.28,0.15,0.114999998360872,down,2026-09-01T11:24:00,455.0,503.0
BMNR,2026-09-04,3,Call,23.0,BMNR260904C00023000,1.44,1.52,1.48,1.43,-0.825,-36.5854,140.0,1433.0,0.8309,0.7608,0.1689,0.007,-0.0925,0.0028,1.4694,1.28,1.58,1.2,2.25499999523163,up,2026-09-01T11:38:05,38.0,309.0
BMNR,2026-09-04,3,Put,23.0,BMNR260904P00023000,0.25,0.27,0.26,0.25,0.08,47.0588,7562.0,5827.0,0.7999,-0.2399,0.1696,0.007,-0.093,-0.0008,0.2662,0.2,0.45,0.2,0.170000001788139,no_change,2026-09-01T11:49:44,489.0,299.0
BMNR,2026-09-04,3,Call,23.5,BMNR260904C00023500,1.1,1.17,1.135,1.08,-0.765,-41.4634,139.0,646.0,0.8266,0.6657,0.199,0.0082,-0.1117,0.0025,1.1224,1.33,1.33,0.98,1.84499996900558,down,2026-09-01T11:28:55,83.0,606.0
BMNR,2026-09-04,3,Put,23.5,BMNR260904P00023500,0.41,0.43,0.42,0.41,0.145,54.717,993.0,1636.0,0.8,-0.3355,0.2,0.0082,-0.1124,-0.0012,0.4193,0.44,0.65,0.39,0.265000000596046,down,2026-09-01T11:52:16,392.0,82.0
BMNR,2026-09-04,3,Call,24.0,BMNR260904C00024000,0.82,0.88,0.85,0.87,-0.6,-40.8163,877.0,7219.0,0.8272,0.5596,0.2144,0.0089,-0.1237,0.0021,0.8347,1.05,1.1,0.67,1.47000002861023,no_change,2026-09-01T11:48:35,60.0,674.0
BMNR,2026-09-04,3,Put,24.0,BMNR260904P00024000,0.61,0.65,0.63,0.63,0.22,53.6585,1376.0,4519.0,0.8078,-0.4422,0.2156,0.0089,-0.1245,-0.0014,0.6319,0.63,0.95,0.55,0.409999996423721,down,2026-09-01T11:47:09,230.0,365.0
BMNR,2026-09-04,3,Call,24.5,BMNR260904C00024500,0.59,0.62,0.605,0.62,-0.555,-47.234,741.0,2244.0,0.8242,0.4532,0.2122,0.009,-0.1259,0.0017,0.6078,0.83,0.89,0.49,1.17500001192093,down,2026-09-01T11:52:16,135.0,62.0
BMNR,2026-09-04,3,Put,24.5,BMNR260904P00024500,0.86,0.93,0.895,1.07,0.48,81.3559,167.0,814.0,0.8099,-0.5491,0.2135,0.009,-0.1267,-0.0017,0.9056,0.61,1.23,0.61,0.590000003576279,down,2026-09-01T11:18:18,538.0,166.0
BMNR,2026-09-04,3,Call,25.0,BMNR260904C00025000,0.42,0.45,0.435,0.45,-0.455,-50.2762,7158.0,5769.0,0.8373,0.3559,0.1955,0.0084,-0.119,0.0013,0.4365,0.65,0.65,0.33,0.905000001192093,no_change,2026-09-01T11:51:35,85.0,409.0
BMNR,2026-09-04,3,Put,25.0,BMNR260904P00025000,1.19,1.24,1.2149999999999999,1.27,0.435,52.0958,459.0,12487.0,0.8148,-0.6469,0.1966,0.0084,-0.1197,-0.0018,1.2353,1.12,1.58,1.11,0.834999978542328,down,2026-09-01T11:41:34,303.0,20.0
BMNR,2026-09-04,3,Call,25.5,BMNR260904C00025500,0.28,0.33,0.30500000000000005,0.3,-0.4,-57.1429,531.0,2782.0,0.852,0.2733,0.1701,0.0075,-0.106,0.001,0.3113,0.73,0.73,0.24,0.699999988079071,up,2026-09-01T11:30:44,421.0,368.0
BMNR,2026-09-04,3,Put,25.5,BMNR260904P00025500,1.56,1.62,1.59,1.66,0.54,48.2143,76.0,458.0,0.8182,-0.7299,0.1711,0.0075,-0.1065,-0.0019,1.6111,1.7,2.0,1.54,1.12000000476837,no_change,2026-09-01T11:36:16,9.0,20.0
BMNR,2026-09-04,3,Call,26.0,BMNR260904C00026000,0.21,0.23,0.22,0.21,-0.305,-59.2233,1715.0,6712.0,0.8822,0.2067,0.142,0.0065,-0.0903,0.0008,0.2215,0.35,0.35,0.17,0.514999985694885,down,2026-09-01T11:48:16,5.0,550.0
BMNR,2026-09-04,3,Put,26.0,BMNR260904P00026000,1.94,2.04,1.99,2.05,0.595,40.8935,61.0,2130.0,0.8234,-0.7967,0.1427,0.0064,-0.0905,-0.0019,2.0225,1.81,2.23,1.81,1.45500004291534,down,2026-09-01T10:04:43,595.0,32.0
BMNR,2026-09-04,3,Call,26.5,BMNR260904C00026500,0.12,0.17,0.14500000000000002,0.16,-0.23,-58.9744,672.0,3256.0,0.8851,0.155,0.1152,0.0054,-0.0744,0.0006,0.158,0.23,0.23,0.13,0.390000000596046,up,2026-09-01T11:38:39,718.0,358.0
BMNR,2026-09-04,3,Put,26.5,BMNR260904P00026500,2.37,2.81,2.59,1.85,0.0,0.0,0.0,122.0,1.1294,-0.8486,0.1156,0.0053,-0.0744,-0.0019,2.4601,0.0,0.0,0.0,1.81999999284744,down,2026-08-31T15:43:48,116.0,880.0
BMNR,2026-09-04,3,Call,27.0,BMNR260904C00027000,0.1,0.12,0.11,0.11,-0.175,-61.4035,405.0,5420.0,0.9289,0.1157,0.0916,0.0044,-0.0599,0.0004,0.1131,0.16,0.18,0.09,0.284999996423721,no_change,2026-09-01T11:39:03,584.0,623.0
BMNR,2026-09-04,3,Put,27.0,BMNR260904P00027000,2.76,2.95,2.855,2.99,0.775,34.9887,16.0,57.0,0.7628,-0.8879,0.0917,0.0043,-0.0596,-0.0018,2.9164,2.5,3.15,2.5,2.2150000333786,down,2026-09-01T11:36:43,626.0,74.0
BMNR,2026-09-04,3,Call,27.5,BMNR260904C00027500,0.07,0.08,0.07500000000000001,0.08,-0.125,-60.9756,151.0,2274.0,0.944,0.0863,0.0718,0.0036,-0.0474,0.0003,0.0815,0.1,0.11,0.06,0.204999998211861,no_change,2026-09-01T11:52:30,370.0,194.0
BMNR,2026-09-04,3,Put,27.5,BMNR260904P00027500,3.3,3.75,3.525,3.45,0.0,0.0,0.0,102.0,1.276,-0.9173,0.0719,0.0034,-0.0469,-0.0016,3.3858,0.0,0.0,0.0,2.87999999523163,up,2026-08-28T13:00:03,104.0,804.0
BMNR,2026-09-04,3,Call,28.0,BMNR260904C00028000,0.05,0.07,0.060000000000000005,0.05,-0.1,-66.6667,140.0,3160.0,0.9929,0.0644,0.0559,0.0028,-0.0372,0.0002,0.0591,0.1,0.1,0.05,0.149999998509884,no_change,2026-09-01T11:44:27,366.0,633.0
BMNR,2026-09-04,3,Put,28.0,BMNR260904P00028000,3.65,4.2,3.925,3.67,0.375,11.3809,3.0,48.0,1.1726,-0.939,0.056,0.0027,-0.0364,-0.0014,3.8644,3.6,3.67,3.6,3.29499995708466,up,2026-09-01T09:39:00,133.0,87.0
BMNR,2026-09-04,3,Call,28.5,BMNR260904C00028500,0.04,0.06,0.05,0.04,-0.075,-65.2174,21.0,1740.0,1.0457,0.0482,0.0433,0.0023,-0.029,0.0002,0.0431,0.07,0.07,0.03,0.114999998360872,no_change,2026-09-01T11:47:30,62.0,252.0
BMNR,2026-09-04,3,Put,28.5,BMNR260904P00028500,3.9,4.7,4.3,4.31,0.535,14.1722,3.0,75.0,0.0,-0.9552,0.0434,0.0021,-0.0281,-0.0013,4.3494,4.09,4.31,4.09,3.77499997615814,up,2026-09-01T09:39:00,247.0,143.0
BMNR,2026-09-04,3,Call,29.0,BMNR260904C00029000,0.02,0.05,0.035,0.02,-0.065,-76.4706,157.0,2476.0,1.0605,0.0362,0.0335,0.0018,-0.0225,0.0001,0.0317,0.03,0.04,0.02,0.0850000008940697,down,2026-09-01T11:19:28,361.0,361.0
BMNR,2026-09-04,3,Put,29.0,BMNR260904P00029000,4.7,5.0,4.85,4.85,0.425,9.60452,2.0,11.0,1.104,-0.9672,0.0336,0.0016,-0.0216,-0.0012,4.8389,4.6,4.85,4.6,4.42499995231628,up,2026-09-01T10:22:41,179.0,179.0
BMNR,2026-09-04,3,Call,29.5,BMNR260904C00029500,0.01,0.1,0.055,0.1,0.0,0.0,0.0,1541.0,1.2389,0.0273,0.0259,0.0014,-0.0174,0.0001,0.0235,0.0,0.0,0.0,0.0699999984353781,up,2026-08-31T15:59:50,10.0,1142.0
BMNR,2026-09-04,3,Put,29.5,BMNR260904P00029500,3.8,6.75,5.275,0.0,0.0,0.0,0.0,0.0,0.0,-0.976,0.0259,0.0012,-0.0165,-0.001,5.3315,0.0,0.0,0.0,4.90000009536743,no_change,,197.0,169.0
BMNR,2026-09-04,3,Call,30.0,BMNR260904C00030000,0.02,0.04,0.03,0.02,-0.025,-55.5556,199.0,4533.0,1.1881,0.0207,0.02,0.0011,-0.0135,0.0001,0.0175,0.07,0.07,0.01,0.0449999999254942,no_change,2026-09-01T11:42:50,1.0,314.0
BMNR,2026-09-04,3,Put,30.0,BMNR260904P00030000,5.7,6.0,5.85,6.0,0.675,12.6761,2.0,8.0,1.2667,-0.9825,0.0199,0.001,-0.0127,-0.0009,5.8264,5.65,6.0,5.65,5.32500004768372,up,2026-09-01T11:25:34,169.0,169.0
BMNR,2026-09-04,3,Call,30.5,BMNR260904C00030500,0.0,0.47,0.235,0.13,0.0,0.0,0.0,1.0,1.9389,0.0158,0.0155,0.0009,-0.0104,0.0001,0.0131,0.0,0.0,0.0,0.0350000001490116,up,2026-08-28T11:12:08,0.0,994.0
BMNR,2026-09-04,3,Put,30.5,BMNR260904P00030500,6.05,7.0,6.525,6.42,0.0,0.0,0.0,1.0,1.9126,-0.9874,0.0152,0.0007,-0.0099,-0.0007,6.3228,0.0,0.0,0.0,6.02499985694885,up,2026-08-31T11:01:28,128.0,138.0
BMNR,2026-09-04,3,Call,31.0,BMNR260904C00031000,0.01,0.02,0.015,0.02,-0.005,-20.0,59.0,2835.0,1.2059,0.0121,0.012,0.0007,-0.0081,0.0,0.0099,0.02,0.06,0.01,0.0249999994412065,up,2026-09-01T11:50:11,58.0,2.0
BMNR,2026-09-04,3,Put,31.0,BMNR260904P00031000,6.6,7.35,6.975,6.79,0.0,0.0,0.0,4.0,1.8806,-0.9909,0.0116,0.0006,-0.0078,-0.0004,6.8202,0.0,0.0,0.0,6.39999985694885,down,2026-08-31T12:24:20,100.0,128.0
BMNR,2026-09-04,3,Call,31.5,BMNR260904C00031500,0.0,0.06,0.03,0.01,-0.14,-93.3333,6.0,14.0,1.406,0.0093,0.0094,0.0006,-0.0063,0.0,0.0075,0.02,0.02,0.01,0.149999995715916,down,2026-09-01T09:54:48,0.0,1048.0
BMNR,2026-09-04,3,Put,31.5,BMNR260904P00031500,7.2,7.55,7.375,7.0,0.0,0.0,0.0,2.0,1.6256,-0.9935,0.0087,0.0004,-0.0064,-0.0004,7.3186,0.0,0.0,0.0,6.92499995231628,down,2026-08-31T14:56:41,128.0,128.0
BMNR,2026-09-04,3,Call,32.0,BMNR260904C00032000,0.0,0.04,0.02,0.02,0.005,33.3333,4.0,527.0,1.3895,0.0072,0.0073,0.0004,-0.0049,0.0,0.0058,0.01,0.02,0.01,0.0149999996647239,up,2026-09-01T11:07:31,0.0,582.0
BMNR,2026-09-04,3,Put,32.0,BMNR260904P00032000,7.5,8.25,7.875,7.7,0.35,4.7619,2.0,3.0,1.7017,-0.9954,0.0065,0.0003,-0.0054,-0.0003,7.8173,7.65,7.7,7.65,7.35000014305115,up,2026-09-01T10:25:36,194.0,254.0
BMNR,2026-09-04,3,Call,32.5,BMNR260904C00032500,0.0,0.01,0.005,0.05,0.0,0.0,0.0,4.0,1.2268,0.0056,0.0058,0.0004,-0.0038,0.0,0.0044,0.0,0.0,0.0,0.0149999996647239,up,2026-08-28T11:52:23,0.0,1.0
BMNR,2026-09-04,3,Put,32.5,BMNR260904P00032500,8.15,8.75,8.45,8.35,0.525,6.70926,2.0,2.0,2.0622,-0.9968,0.0048,0.0002,-0.0047,-0.0002,8.3166,8.1,8.35,8.1,7.8250002861023,up,2026-09-01T10:27:16,199.0,230.0
BMNR,2026-09-04,3,Call,33.0,BMNR260904C00033000,0.0,0.04,0.02,0.01,0.0,0.0,0.0,603.0,1.5172,0.0043,0.0045,0.0003,-0.003,0.0,0.0034,0.0,0.0,0.0,0.0149999996647239,no_change,2026-08-31T15:47:59,0.0,1.0
BMNR,2026-09-04,3,Put,33.0,BMNR260904P00033000,8.5,9.4,8.95,8.75,0.475,5.74018,2.0,1.0,2.1419,-0.9978,0.0035,0.0002,-0.0042,-0.0002,8.816,8.6,8.75,8.6,8.27500009536743,up,2026-09-01T10:25:13,180.0,274.0
BMNR,2026-09-04,3,Call,34.0,BMNR260904C00034000,0.0,0.05,0.025,0.01,0.0,0.0,0.0,272.0,1.6906,0.0027,0.0028,0.0002,-0.0019,0.0,0.0021,0.0,0.0,0.0,0.00499999988824129,no_change,2026-08-31T15:57:41,0.0,1162.0
BMNR,2026-09-04,3,Put,34.0,BMNR260904P00034000,9.65,10.35,10.0,9.75,0.525,5.69106,4.0,2.0,2.4503,-0.9989,0.0018,0.0001,-0.0036,-0.0001,9.8154,9.9,9.9,9.75,9.22499990463257,down,2026-09-01T09:39:57,128.0,121.0
BMNR,2026-09-04,3,Call,35.0,BMNR260904C00035000,0.0,0.01,0.005,0.01,0.005,100.0,61.0,2550.0,1.4935,0.0017,0.0018,0.0001,-0.0012,0.0,0.0013,0.01,0.01,0.01,0.00499999988824129,no_change,2026-09-01T10:31:00,0.0,3.0
BMNR,2026-09-04,3,Put,35.0,BMNR260904P00035000,10.6,11.25,10.925,10.8,0.325,3.10263,5.0,2.0,2.3501,-0.9995,0.0009,0.0,-0.0034,0.0,10.8152,10.82,10.9,10.65,10.4749999046326,up,2026-09-01T11:44:57,128.0,192.0
BMNR,2026-09-11,10,Call,5.0,BMNR260911C00005000,18.45,20.35,19.4,19.35,0.0,0.0,0.0,0.0,5.807,0.9998,0.0,0.0,0.0,0.0016,19.1875,0.0,0.0,0.0,19.5499992370605,up,2026-08-31T11:00:08,136.0,98.0
BMNR,2026-09-11,10,Put,5.0,BMNR260911P00005000,0.0,0.02,0.01,0.02,0.0,0.0,0.0,4.0,3.6712,0.0,0.0,0.0,0.0,0.0,0.0001,0.0,0.0,0.0,0.00499999988824129,down,2026-08-14T13:01:32,0.0,100.0
BMNR,2026-09-11,10,Call,8.0,BMNR260911C00008000,15.45,17.35,16.4,0.0,0.0,0.0,0.0,0.0,4.125,0.9997,0.0001,0.0,0.0,0.0026,16.1918,0.0,0.0,0.0,16.5499997138977,no_change,,134.0,115.0
BMNR,2026-09-11,10,Put,8.0,BMNR260911P00008000,0.0,0.01,0.005,0.0,0.0,0.0,0.0,0.0,2.424,-0.0001,0.0001,0.0,-0.0001,0.0,0.0002,0.0,0.0,0.0,0.00499999988824129,no_change,,0.0,450.0
BMNR,2026-09-11,10,Call,9.0,BMNR260911C00009000,14.45,16.35,15.4,15.25,0.0,0.0,0.0,2.0,3.716,0.9996,0.0001,0.0,0.0,0.003,15.1933,0.0,0.0,0.0,15.5499997138977,up,2026-08-31T11:01:25,137.0,97.0
BMNR,2026-09-11,10,Put,9.0,BMNR260911P00009000,0.0,0.01,0.005,0.0,0.0,0.0,0.0,0.0,2.1769,-0.0002,0.0001,0.0,-0.0002,0.0,0.0003,0.0,0.0,0.0,0.00499999988824129,no_change,,0.0,450.0
BMNR,2026-09-11,10,Call,10.0,BMNR260911C00010000,13.45,15.35,14.399999999999999,14.25,0.0,0.0,0.0,1.0,3.3529,0.9996,0.0001,0.0,0.0,0.0033,14.1949,0.0,0.0,0.0,14.5500001907349,no_change,2026-08-31T11:02:15,132.0,93.0
BMNR,2026-09-11,10,Put,10.0,BMNR260911P00010000,0.0,0.01,0.005,0.01,0.0,0.0,0.0,76.0,1.9562,-0.0002,0.0001,0.0,-0.0002,0.0,0.0004,0.0,0.0,0.0,0.00499999988824129,down,2026-08-28T09:51:29,0.0,450.0
BMNR,2026-09-11,10,Call,11.0,BMNR260911C00011000,12.45,14.35,13.399999999999999,13.25,0.0,0.0,0.0,0.0,3.0262,0.9994,0.0002,0.0001,0.0,0.0036,13.1965,0.0,0.0,0.0,13.5500001907349,up,2026-08-31T11:02:32,138.0,118.0
BMNR,2026-09-11,10,Put,11.0,BMNR260911P00011000,0.0,0.01,0.005,0.15,0.0,0.0,0.0,43.0,1.7567,-0.0004,0.0002,0.0001,-0.0003,0.0,0.0006,0.0,0.0,0.0,0.00499999988824129,no_change,2026-07-31T12:50:57,0.0,550.0
BMNR,2026-09-11,10,Call,12.0,BMNR260911C00012000,11.45,13.35,12.399999999999999,0.0,0.0,0.0,0.0,0.0,2.7288,0.9992,0.0004,0.0001,0.0,0.0039,12.1982,0.0,0.0,0.0,12.5750002861023,no_change,,139.0,110.0
BMNR,2026-09-11,10,Put,12.0,BMNR260911P00012000,0.0,0.04,0.02,0.01,0.0,0.0,0.0,10.0,1.8465,-0.0006,0.0004,0.0001,-0.0004,0.0,0.0009,0.0,0.0,0.0,0.00499999988824129,down,2026-08-27T15:04:05,0.0,272.0
BMNR,2026-09-11,10,Call,12.5,BMNR260911C00012500,10.95,12.85,11.899999999999999,11.7,0.0,0.0,0.0,0.0,2.5894,0.999,0.0005,0.0001,0.0,0.0041,11.6992,0.0,0.0,0.0,12.0750002861023,down,2026-08-31T11:03:53,139.0,129.0
BMNR,2026-09-11,10,Put,12.5,BMNR260911P00012500,0.0,0.15,0.075,0.1,0.0,0.0,0.0,3.0,2.1325,-0.0008,0.0005,0.0001,-0.0005,0.0,0.0011,0.0,0.0,0.0,0.00499999988824129,down,2026-08-07T11:34:05,0.0,355.0
BMNR,2026-09-11,10,Call,13.0,BMNR260911C00013000,10.45,12.35,11.399999999999999,12.3,0.0,0.0,0.0,1.0,2.4554,0.9988,0.0007,0.0001,0.0,0.0043,11.2002,0.0,0.0,0.0,11.1750001907349,up,2026-08-26T13:58:13,136.0,88.0
BMNR,2026-09-11,10,Put,13.0,BMNR260911P00013000,0.0,0.03,0.015,0.03,0.0,0.0,0.0,6.0,1.5931,-0.001,0.0007,0.0001,-0.0007,0.0,0.0014,0.0,0.0,0.0,0.00999999977648258,down,2026-08-25T14:19:32,0.0,1.0
BMNR,2026-09-11,10,Call,13.5,BMNR260911C00013500,10.05,11.85,10.95,5.3,0.0,0.0,0.0,7.0,2.4503,0.9985,0.0009,0.0002,0.0,0.0044,10.7012,0.0,0.0,0.0,10.9250001907349,no_change,2026-08-18T11:39:34,136.0,100.0
BMNR,2026-09-11,10,Put,13.5,BMNR260911P00013500,0.0,0.03,0.015,0.05,0.0,0.0,0.0,114.0,1.5045,-0.0013,0.0009,0.0002,-0.0008,0.0,0.0017,0.0,0.0,0.0,0.00999999977648258,no_change,2026-08-21T09:30:07,0.0,1.0
BMNR,2026-09-11,10,Call,14.0,BMNR260911C00014000,9.35,11.35,10.35,11.3,0.0,0.0,0.0,2.0,2.0669,0.9981,0.0012,0.0002,0.0,0.0046,10.2024,0.0,0.0,0.0,10.4000000953674,up,2026-08-25T11:51:35,139.0,106.0
BMNR,2026-09-11,10,Put,14.0,BMNR260911P00014000,0.0,0.04,0.02,0.01,0.0,0.0,0.0,60.0,1.4732,-0.0017,0.0012,0.0002,-0.001,0.0,0.0022,0.0,0.0,0.0,0.0199999995529652,no_change,2026-08-31T15:55:24,0.0,1.0
BMNR,2026-09-11,10,Call,14.5,BMNR260911C00014500,9.05,10.85,9.95,9.8,0.0,0.0,0.0,9.0,2.1957,0.9976,0.0015,0.0003,0.0,0.0047,9.7038,0.0,0.0,0.0,10.2750000953674,up,2026-08-31T13:36:36,139.0,127.0
BMNR,2026-09-11,10,Put,14.5,BMNR260911P00014500,0.0,0.02,0.01,0.01,0.0,0.0,0.0,85.0,1.2709,-0.0022,0.0015,0.0003,-0.0012,0.0,0.0028,0.0,0.0,0.0,0.0199999995529652,no_change,2026-08-28T14:45:24,0.0,3.0
BMNR,2026-09-11,10,Call,15.0,BMNR260911C00015000,8.55,10.25,9.4,8.96,0.0,0.0,0.0,22.0,1.9651,0.9969,0.002,0.0004,-0.0004,0.0049,9.2053,0.0,0.0,0.0,9.55000019073486,down,2026-08-31T09:53:47,170.0,135.0
BMNR,2026-09-11,10,Put,15.0,BMNR260911P00015000,0.0,0.02,0.01,0.04,0.0,0.0,0.0,78.0,1.1941,-0.0029,0.002,0.0004,-0.0015,0.0,0.0037,0.0,0.0,0.0,0.025000000372529,up,2026-08-25T09:47:21,0.0,3.0
BMNR,2026-09-11,10,Call,15.5,BMNR260911C00015500,8.05,9.75,8.9,8.6,0.0,0.0,0.0,20.0,1.8521,0.996,0.0027,0.0004,-0.0009,0.005,8.7072,0.0,0.0,0.0,8.90000009536743,up,2026-08-24T14:03:54,145.0,130.0
BMNR,2026-09-11,10,Put,15.5,BMNR260911P00015500,0.0,0.02,0.01,0.03,0.0,0.0,0.0,481.0,1.1196,-0.0038,0.0027,0.0004,-0.0019,0.0,0.0048,0.0,0.0,0.0,0.119999997317791,no_change,2026-08-28T13:06:13,0.0,3.0
BMNR,2026-09-11,10,Call,16.0,BMNR260911C00016000,7.75,8.4,8.075,8.16,0.0,0.0,0.0,8.0,0.0,0.9948,0.0036,0.0006,-0.0014,0.0052,8.2094,0.0,0.0,0.0,8.625,down,2026-08-31T09:46:10,132.0,78.0
BMNR,2026-09-11,10,Put,16.0,BMNR260911P00016000,0.0,0.02,0.01,0.02,0.0,0.0,0.0,270.0,1.0473,-0.005,0.0036,0.0006,-0.0024,0.0,0.0064,0.0,0.0,0.0,0.025000000372529,down,2026-08-31T13:58:24,0.0,3.0
BMNR,2026-09-11,10,Call,16.5,BMNR260911C00016500,7.1,8.8,7.95,9.02,0.0,0.0,0.0,14.0,1.7314,0.993,0.0048,0.0008,-0.0022,0.0054,7.7123,0.0,0.0,0.0,8.05000019073486,up,2026-08-28T12:01:27,158.0,177.0
BMNR,2026-09-11,10,Put,16.5,BMNR260911P00016500,0.0,0.02,0.01,0.04,0.0,0.0,0.0,165.0,0.9768,-0.0068,0.0048,0.0008,-0.0031,0.0,0.0085,0.0,0.0,0.0,0.0399999991059303,down,2026-08-31T14:28:48,0.0,3.0
BMNR,2026-09-11,10,Call,17.0,BMNR260911C00017000,6.75,7.55,7.15,8.89,0.0,0.0,0.0,61.0,0.0,0.9907,0.0065,0.001,-0.0031,0.0055,7.216,0.0,0.0,0.0,7.875,up,2026-08-27T14:50:54,341.0,52.0
BMNR,2026-09-11,10,Put,17.0,BMNR260911P00017000,0.0,0.02,0.01,0.03,0.0,0.0,0.0,832.0,0.9082,-0.0091,0.0065,0.001,-0.0039,-0.0001,0.0115,0.0,0.0,0.0,0.0649999976158142,no_change,2026-08-28T11:50:36,0.0,36.0
BMNR,2026-09-11,10,Call,17.5,BMNR260911C00017500,6.25,6.9,6.575,6.56,0.0,0.0,0.0,708.0,0.0,0.9874,0.0088,0.0013,-0.0042,0.0056,6.7208,0.0,0.0,0.0,7.20000004768372,down,2026-08-28T15:29:03,1480.0,648.0
BMNR,2026-09-11,10,Put,17.5,BMNR260911P00017500,0.0,0.02,0.01,0.04,0.02,100.0,4.0,78.0,0.8412,-0.0124,0.0088,0.0013,-0.005,-0.0001,0.0156,0.16,0.16,0.04,0.0199999995529652,down,2026-09-01T09:53:01,0.0,3.0
BMNR,2026-09-11,10,Call,18.0,BMNR260911C00018000,5.75,6.35,6.05,5.95,-0.675,-10.1887,25.0,538.0,0.0,0.9829,0.012,0.0017,-0.0057,0.0058,6.2274,6.37,6.37,5.95,6.625,no_change,2026-09-01T11:12:59,1436.0,134.0
BMNR,2026-09-11,10,Put,18.0,BMNR260911P00018000,0.0,0.02,0.01,0.01,-0.02,-66.6667,1.0,71.0,0.7758,-0.0169,0.012,0.0017,-0.0065,-0.0001,0.0214,0.01,0.01,0.01,0.0299999993294477,down,2026-09-01T11:16:18,0.0,3.0
BMNR,2026-09-11,10,Call,18.5,BMNR260911C00018500,5.15,6.2,5.675000000000001,5.62,0.0,0.0,0.0,181.0,0.0,0.9766,0.0162,0.0022,-0.0076,0.0059,5.7364,0.0,0.0,0.0,6.02500009536743,down,2026-08-31T11:10:23,946.0,709.0
BMNR,2026-09-11,10,Put,18.5,BMNR260911P00018500,0.01,0.04,0.025,0.03,0.01,50.0,4.0,69.0,0.8118,-0.0232,0.0162,0.0022,-0.0083,-0.0002,0.0297,0.07,0.07,0.03,0.0199999995529652,down,2026-09-01T11:51:27,178.0,102.0
BMNR,2026-09-11,10,Call,19.0,BMNR260911C00019000,4.8,5.5,5.15,5.06,0.0,0.0,0.0,365.0,0.0,0.9679,0.0218,0.0029,-0.01,0.006,5.2489,0.0,0.0,0.0,5.90000009536743,up,2026-08-28T15:45:52,1155.0,649.0
BMNR,2026-09-11,10,Put,19.0,BMNR260911P00019000,0.03,0.05,0.04,0.04,0.0,0.0,0.0,113.0,0.8036,-0.0319,0.0218,0.0029,-0.0107,-0.0002,0.0416,0.0,0.0,0.0,0.0899999979883432,down,2026-08-31T15:55:50,156.0,128.0
BMNR,2026-09-11,10,Call,19.5,BMNR260911C00019500,4.6,5.0,4.8,4.81,-0.865,-15.2423,6.0,253.0,0.8655,0.9559,0.0291,0.0038,-0.0131,0.006,4.7666,4.85,4.85,4.81,5.67499995231628,down,2026-09-01T10:46:28,702.0,633.0
BMNR,2026-09-11,10,Put,19.5,BMNR260911P00019500,0.05,0.1,0.07500000000000001,0.04,0.0,0.0,0.0,77.0,0.8274,-0.044,0.0292,0.0038,-0.0137,-0.0003,0.0586,0.0,0.0,0.0,0.0549999997019768,down,2026-08-31T13:00:29,76.0,615.0
BMNR,2026-09-11,10,Call,20.0,BMNR260911C00020000,4.2,4.5,4.35,4.39,-0.66,-13.0693,1.0,828.0,0.8718,0.9395,0.0385,0.0048,-0.0169,0.0061,4.2916,4.39,4.39,4.39,5.04999995231628,down,2026-09-01T10:00:18,501.0,729.0
BMNR,2026-09-11,10,Put,20.0,BMNR260911P00020000,0.07,0.1,0.085,0.08,0.01,14.2857,122.0,458.0,0.7698,-0.0605,0.0386,0.0048,-0.0174,-0.0005,0.0829,0.13,0.13,0.08,0.0699999984353781,down,2026-09-01T10:53:33,358.0,370.0
BMNR,2026-09-11,10,Call,20.5,BMNR260911C00020500,3.6,3.95,3.7750000000000004,3.64,0.0,0.0,0.0,170.0,0.6506,0.9174,0.0501,0.0062,-0.0214,0.006,3.8269,0.0,0.0,0.0,4.5,down,2026-08-28T14:37:30,827.0,368.0
BMNR,2026-09-11,10,Put,20.5,BMNR260911P00020500,0.1,0.14,0.12000000000000001,0.12,0.015,14.2857,10.0,44.0,0.7516,-0.0826,0.0502,0.0062,-0.0219,-0.0006,0.1176,0.12,0.12,0.12,0.104999996721745,down,2026-09-01T10:45:57,351.0,350.0
BMNR,2026-09-11,10,Call,21.0,BMNR260911C00021000,3.25,3.5,3.375,3.06,-1.165,-27.574,215.0,1315.0,0.7309,0.8882,0.0638,0.0077,-0.0267,0.006,3.3765,3.3,3.49,2.93,4.22500014305115,no_change,2026-09-01T11:16:30,688.0,612.0
BMNR,2026-09-11,10,Put,21.0,BMNR260911P00021000,0.15,0.2,0.175,0.17,0.03,21.4286,7.0,197.0,0.7438,-0.1118,0.064,0.0077,-0.0272,-0.0008,0.1666,0.17,0.17,0.16,0.140000000596046,up,2026-09-01T10:42:52,327.0,338.0
BMNR,2026-09-11,10,Call,21.5,BMNR260911C00021500,2.54,3.15,2.8449999999999998,2.94,-0.61,-17.1831,5.0,545.0,0.6034,0.851,0.0792,0.0094,-0.0326,0.0058,2.9453,2.94,2.94,2.94,3.55000007152557,down,2026-09-01T09:49:52,1438.0,714.0
BMNR,2026-09-11,10,Put,21.5,BMNR260911P00021500,0.22,0.25,0.235,0.29,0.115,65.7143,8.0,105.0,0.7216,-0.1492,0.0794,0.0094,-0.0331,-0.0011,0.2348,0.26,0.29,0.23,0.174999997019768,up,2026-09-01T11:16:18,192.0,198.0
BMNR,2026-09-11,10,Call,22.0,BMNR260911C00022000,2.42,2.63,2.525,2.29,-0.985,-30.0763,136.0,910.0,0.7008,0.805,0.0952,0.0112,-0.0388,0.0056,2.5386,2.61,2.77,2.29,3.27500009536743,down,2026-09-01T11:14:52,785.0,495.0
BMNR,2026-09-11,10,Put,22.0,BMNR260911P00022000,0.31,0.34,0.325,0.33,0.08,32.0,87.0,726.0,0.7108,-0.1953,0.0955,0.0112,-0.0392,-0.0014,0.3276,0.32,0.39,0.32,0.25,no_change,2026-09-01T11:38:19,214.0,222.0
BMNR,2026-09-11,10,Call,22.5,BMNR260911C00022500,2.13,2.38,2.255,2.1,-0.805,-27.7108,15.0,230.0,0.7797,0.7505,0.1104,0.0128,-0.0449,0.0053,2.162,2.44,2.44,2.1,2.90499997138977,down,2026-09-01T11:02:56,41.0,919.0
BMNR,2026-09-11,10,Put,22.5,BMNR260911P00022500,0.42,0.45,0.435,0.5,0.175,53.8462,7.0,413.0,0.696,-0.25,0.1107,0.0128,-0.0452,-0.0018,0.4506,0.5,0.6,0.5,0.325000002980232,down,2026-09-01T10:01:28,441.0,2.0
BMNR,2026-09-11,10,Call,23.0,BMNR260911C00023000,1.8,1.88,1.8399999999999999,1.89,-0.64,-25.2964,90.0,1078.0,0.7204,0.6888,0.1232,0.0143,-0.0502,0.0049,1.8202,1.67,1.97,1.67,2.53000009059906,no_change,2026-09-01T11:45:32,83.0,533.0
BMNR,2026-09-11,10,Put,23.0,BMNR260911P00023000,0.58,0.64,0.61,0.7,0.25,55.5556,186.0,601.0,0.7076,-0.3118,0.1236,0.0143,-0.0505,-0.0022,0.6085,0.45,0.8,0.45,0.450000002980232,up,2026-09-01T11:14:01,370.0,373.0
BMNR,2026-09-11,10,Call,23.5,BMNR260911C00023500,1.5,1.58,1.54,1.49,-0.675,-31.1778,143.0,152.0,0.7231,0.6222,0.1323,0.0154,-0.0543,0.0044,1.5165,1.72,1.72,1.33,2.16499996185303,no_change,2026-09-01T11:36:14,88.0,630.0
BMNR,2026-09-11,10,Put,23.5,BMNR260911P00023500,0.77,0.83,0.8,0.83,0.245,41.8803,50.0,587.0,0.7047,-0.3786,0.1327,0.0154,-0.0546,-0.0027,0.8047,0.75,1.02,0.75,0.58500000834465,no_change,2026-09-01T11:42:16,481.0,156.0
BMNR,2026-09-11,10,Call,24.0,BMNR260911C00024000,1.24,1.31,1.275,1.24,-0.6,-32.6087,106.0,958.0,0.7259,0.5535,0.1368,0.016,-0.057,0.004,1.2522,1.38,1.4,1.09,1.83999997377396,no_change,2026-09-01T11:33:57,2.0,683.0
BMNR,2026-09-11,10,Put,24.0,BMNR260911P00024000,1.01,1.05,1.03,1.02,0.245,31.6129,134.0,1120.0,0.702,-0.4476,0.1373,0.016,-0.0572,-0.0031,1.0403,0.97,1.29,0.96,0.775000005960464,no_change,2026-09-01T11:48:53,457.0,2.0
BMNR,2026-09-11,10,Call,24.5,BMNR260911C00024500,1.0,1.1,1.05,1.05,-0.51,-32.6923,87.0,252.0,0.7322,0.4855,0.1368,0.0161,-0.058,0.0035,1.0265,1.21,1.21,0.9,1.56000000238419,up,2026-09-01T11:33:22,150.0,731.0
BMNR,2026-09-11,10,Put,24.5,BMNR260911P00024500,1.27,1.35,1.31,1.5,0.51,51.5151,39.0,149.0,0.7148,-0.5158,0.1373,0.0161,-0.0581,-0.0035,1.3146,1.27,1.6,1.23,0.990000009536743,no_change,2026-09-01T11:15:09,612.0,202.0
BMNR,2026-09-11,10,Call,25.0,BMNR260911C00025000,0.82,0.88,0.85,0.85,-0.455,-34.8659,367.0,1400.0,0.7338,0.4207,0.1328,0.0158,-0.0574,0.0031,0.8368,0.96,1.08,0.71,1.30500000715256,no_change,2026-09-01T11:52:16,104.0,940.0
BMNR,2026-09-11,10,Put,25.0,BMNR260911P00025000,1.58,1.65,1.615,1.75,0.51,41.129,17.0,375.0,0.7158,-0.5808,0.1332,0.0158,-0.0575,-0.0039,1.6251,1.52,1.87,1.52,1.24000000953674,up,2026-09-01T11:05:52,473.0,126.0
BMNR,2026-09-11,10,Call,25.5,BMNR260911C00025500,0.65,0.71,0.6799999999999999,0.67,-0.425,-38.8128,11.0,849.0,0.735,0.3609,0.1255,0.0151,-0.0555,0.0026,0.6796,0.85,0.85,0.62,1.09499996900558,down,2026-09-01T10:55:30,244.0,192.0
BMNR,2026-09-11,10,Put,25.5,BMNR260911P00025500,1.92,1.99,1.955,1.94,0.415,27.2131,9.0,266.0,0.7193,-0.6408,0.1259,0.0151,-0.0555,-0.0042,1.9681,2.05,2.21,1.94,1.52499997615814,no_change,2026-09-01T11:48:53,278.0,24.0
BMNR,2026-09-11,10,Call,26.0,BMNR260911C00026000,0.55,0.57,0.56,0.57,-0.34,-37.3626,125.0,568.0,0.7516,0.307,0.1161,0.0142,-0.0525,0.0022,0.5506,0.62,0.62,0.46,0.909999996423721,up,2026-09-01T11:48:37,21.0,283.0
BMNR,2026-09-11,10,Put,26.0,BMNR260911P00026000,2.27,2.37,2.3200000000000003,2.38,0.54,29.3478,33.0,150.0,0.7241,-0.6949,0.1165,0.0141,-0.0525,-0.0044,2.3393,2.34,2.41,2.34,1.83999997377396,down,2026-09-01T11:37:26,572.0,45.0
BMNR,2026-09-11,10,Call,26.5,BMNR260911C00026500,0.4,0.5,0.45,0.38,-0.375,-49.6689,36.0,324.0,0.7595,0.2595,0.1055,0.0131,-0.0489,0.0019,0.4456,0.41,0.45,0.37,0.754999995231628,up,2026-09-01T11:18:15,1485.0,1036.0
BMNR,2026-09-11,10,Put,26.5,BMNR260911P00026500,2.65,2.87,2.76,3.1,0.0,0.0,0.0,16.0,0.7755,-0.7425,0.1059,0.013,-0.0488,-0.0047,2.7346,0.0,0.0,0.0,2.16499996185303,down,2026-08-28T15:45:49,74.0,347.0
BMNR,2026-09-11,10,Call,27.0,BMNR260911C00027000,0.34,0.39,0.365,0.42,-0.205,-32.8,163.0,1938.0,0.7715,0.2183,0.0945,0.0119,-0.0449,0.0016,0.3606,0.32,0.42,0.32,0.625,up,2026-09-01T11:45:11,370.0,410.0
BMNR,2026-09-11,10,Put,27.0,BMNR260911P00027000,3.05,3.3,3.175,3.11,0.53,20.5426,2.0,74.0,0.7887,-0.7839,0.0949,0.0118,-0.0447,-0.0049,3.1501,3.11,3.11,3.11,2.58000004291534,no_change,2026-09-01T10:09:06,264.0,413.0
BMNR,2026-09-11,10,Call,27.5,BMNR260911C00027500,0.25,0.31,0.28,0.28,-0.225,-44.5545,14.0,263.0,0.7685,0.183,0.0836,0.0107,-0.0407,0.0013,0.292,0.3,0.3,0.26,0.504999980330467,down,2026-09-01T10:29:32,910.0,120.0
BMNR,2026-09-11,10,Put,27.5,BMNR260911P00027500,3.45,3.95,3.7,2.33,0.0,0.0,0.0,6.0,0.8854,-0.8193,0.0842,0.0106,-0.0405,-0.0049,3.5819,0.0,0.0,0.0,3.01499998569488,up,2026-08-27T13:24:02,289.0,638.0
BMNR,2026-09-11,10,Call,28.0,BMNR260911C00028000,0.22,0.25,0.235,0.22,-0.2,-47.619,22.0,846.0,0.7902,0.153,0.0734,0.0096,-0.0366,0.0011,0.2367,0.25,0.27,0.21,0.420000001788139,no_change,2026-09-01T11:29:05,368.0,367.0
BMNR,2026-09-11,10,Put,28.0,BMNR260911P00028000,3.9,4.35,4.125,2.99,0.0,0.0,0.0,9.0,0.8898,-0.8494,0.074,0.0094,-0.0364,-0.005,4.0269,0.0,0.0,0.0,3.375,up,2026-08-31T15:57:15,218.0,543.0
BMNR,2026-09-11,10,Call,28.5,BMNR260911C00028500,0.16,0.22,0.19,0.18,-0.16,-47.0588,23.0,123.0,0.8017,0.1278,0.0639,0.0084,-0.0326,0.0009,0.1923,0.21,0.21,0.18,0.340000003576279,down,2026-09-01T10:42:03,1037.0,369.0
BMNR,2026-09-11,10,Put,28.5,BMNR260911P00028500,3.8,5.05,4.425,0.0,0.0,0.0,0.0,0.0,0.7279,-0.8748,0.0646,0.0083,-0.0324,-0.0051,4.4831,0.0,0.0,0.0,4.39999985694885,no_change,,948.0,661.0
BMNR,2026-09-11,10,Call,29.0,BMNR260911C00029000,0.13,0.18,0.155,0.16,-0.12,-42.8571,50.0,357.0,0.8149,0.1067,0.0554,0.0074,-0.0289,0.0008,0.1564,0.15,0.18,0.14,0.280000001192093,up,2026-09-01T10:36:07,467.0,381.0
BMNR,2026-09-11,10,Put,29.0,BMNR260911P00029000,4.65,5.4,5.025,3.35,0.0,0.0,0.0,1.0,0.9141,-0.8962,0.0562,0.0072,-0.0288,-0.0048,4.9478,0.0,0.0,0.0,4.82500004768372,down,2026-08-27T13:21:51,372.0,583.0
BMNR,2026-09-11,10,Call,29.5,BMNR260911C00029500,0.12,0.14,0.13,0.11,-0.125,-53.1915,8.0,29.0,0.8329,0.089,0.0478,0.0065,-0.0255,0.0007,0.1276,0.1,0.11,0.1,0.234999999403954,up,2026-09-01T11:00:54,219.0,152.0
BMNR,2026-09-11,10,Put,29.5,BMNR260911P00029500,5.3,5.9,5.6,0.0,0.0,0.0,0.0,0.0,1.0573,-0.9141,0.0487,0.0064,-0.0254,-0.005,5.4195,0.0,0.0,0.0,5.125,no_change,,94.0,106.0
BMNR,2026-09-11,10,Call,30.0,BMNR260911C00030000,0.1,0.12,0.11,0.1,-0.095,-48.7179,75.0,2766.0,0.8514,0.0744,0.0411,0.0057,-0.0224,0.0006,0.1043,0.13,0.13,0.08,0.195000000298023,no_change,2026-09-01T11:50:38,302.0,305.0
BMNR,2026-09-11,10,Put,30.0,BMNR260911P00030000,5.75,6.35,6.05,4.67,0.0,0.0,0.0,102.0,1.0597,-0.9291,0.0421,0.0054,-0.0223,-0.0046,5.897,0.0,0.0,0.0,5.54999995231628,down,2026-08-27T15:50:53,425.0,797.0
BMNR,2026-09-11,10,Call,30.5,BMNR260911C00030500,0.05,0.13,0.09,0.0,0.0,0.0,0.0,0.0,0.8627,0.0621,0.0352,0.0049,-0.0196,0.0005,0.0855,0.0,0.0,0.0,0.10499999858439,no_change,,1001.0,405.0
BMNR,2026-09-11,10,Put,30.5,BMNR260911P00030500,5.4,7.05,6.225,0.0,0.0,0.0,0.0,0.0,0.0,-0.9416,0.0363,0.0047,-0.0195,-0.0046,6.3788,0.0,0.0,0.0,6.20000004768372,no_change,,147.0,116.0
BMNR,2026-09-11,10,Call,31.0,BMNR260911C00031000,0.05,0.13,0.09,0.15,0.0,0.0,0.0,564.0,0.9091,0.052,0.0302,0.0043,-0.0171,0.0004,0.0703,0.0,0.0,0.0,0.130000002682209,no_change,2026-08-31T15:50:26,189.0,1190.0
BMNR,2026-09-11,10,Put,31.0,BMNR260911P00031000,5.95,7.45,6.7,0.0,0.0,0.0,0.0,0.0,0.0,-0.952,0.0313,0.0039,-0.017,-0.0041,6.8645,0.0,0.0,0.0,6.47499990463257,no_change,,138.0,95.0
BMNR,2026-09-11,10,Call,31.5,BMNR260911C00031500,0.02,0.19,0.105,0.33,0.0,0.0,0.0,1.0,0.9849,0.0435,0.0258,0.0037,-0.0149,0.0003,0.0579,0.0,0.0,0.0,0.114999998360872,up,2026-08-28T10:37:27,262.0,566.0
BMNR,2026-09-11,10,Put,31.5,BMNR260911P00031500,7.1,8.3,7.7,0.0,0.0,0.0,0.0,0.0,1.3937,-0.9608,0.027,0.0035,-0.0148,-0.0041,7.3529,0.0,0.0,0.0,7.125,no_change,,88.0,137.0
BMNR,2026-09-11,10,Call,32.0,BMNR260911C00032000,0.01,0.11,0.06,0.12,0.0,0.0,0.0,214.0,0.9249,0.0365,0.0221,0.0032,-0.013,0.0003,0.0478,0.0,0.0,0.0,0.0949999988079071,up,2026-08-31T15:53:05,1167.0,1170.0
BMNR,2026-09-11,10,Put,32.0,BMNR260911P00032000,6.85,8.6,7.725,0.0,0.0,0.0,0.0,0.0,0.0,-0.9681,0.0233,0.0028,-0.0128,-0.0034,7.8439,0.0,0.0,0.0,7.55000019073486,no_change,,155.0,150.0
BMNR,2026-09-11,10,Call,32.5,BMNR260911C00032500,0.0,0.15,0.075,0.07,0.0,0.0,0.0,2.0,1.0056,0.0306,0.0189,0.0028,-0.0113,0.0002,0.0396,0.0,0.0,0.0,0.0849999971687794,down,2026-08-31T09:39:15,0.0,1441.0
BMNR,2026-09-11,10,Put,32.5,BMNR260911P00032500,7.15,9.75,8.45,0.0,0.0,0.0,0.0,0.0,1.1751,-0.9742,0.0201,0.0024,-0.011,-0.0034,8.3366,0.0,0.0,0.0,8.0,no_change,,158.0,150.0
BMNR,2026-09-11,10,Call,33.0,BMNR260911C00033000,0.0,0.15,0.075,0.0,0.0,0.0,0.0,0.0,1.0465,0.0258,0.0161,0.0024,-0.0098,0.0002,0.0329,0.0,0.0,0.0,0.284999996423721,no_change,,0.0,557.0
BMNR,2026-09-11,10,Put,33.0,BMNR260911P00033000,7.65,9.8,8.725000000000001,0.0,0.0,0.0,0.0,0.0,0.0,-0.9794,0.0174,0.0019,-0.0094,-0.0026,8.8309,0.0,0.0,0.0,8.65000009536743,no_change,,155.0,145.0
BMNR,2026-09-11,10,Call,33.5,BMNR260911C00033500,0.0,0.48,0.24,0.0,0.0,0.0,0.0,0.0,1.3879,0.0217,0.0138,0.0021,-0.0085,0.0002,0.0273,0.0,0.0,0.0,0.319999992847443,no_change,,0.0,1152.0
BMNR,2026-09-11,10,Put,33.5,BMNR260911P00033500,8.15,10.35,9.25,0.0,0.0,0.0,0.0,0.0,0.0,-0.9836,0.0149,0.0016,-0.0079,-0.0027,9.3266,0.0,0.0,0.0,9.07499980926514,no_change,,157.0,142.0
BMNR,2026-09-11,10,Call,34.0,BMNR260911C00034000,0.0,0.48,0.24,0.0,0.0,0.0,0.0,0.0,1.4331,0.0183,0.0118,0.0018,-0.0074,0.0001,0.0228,0.0,0.0,0.0,0.144999995827675,no_change,,0.0,1031.0
BMNR,2026-09-11,10,Put,34.0,BMNR260911P00034000,9.55,10.75,10.15,10.11,0.0,0.0,0.0,1.0,1.5946,-0.9873,0.0127,0.0013,-0.0068,-0.0021,9.8232,0.0,0.0,0.0,9.59999990463257,up,2026-08-28T15:42:12,102.0,116.0
BMNR,2026-09-11,10,Call,34.5,BMNR260911C00034500,0.0,0.15,0.075,0.0,0.0,0.0,0.0,0.0,1.1636,0.0155,0.0101,0.0016,-0.0064,0.0001,0.0191,0.0,0.0,0.0,0.0700000002980232,no_change,,0.0,520.0
BMNR,2026-09-11,10,Put,34.5,BMNR260911P00034500,9.35,11.1,10.225,0.0,0.0,0.0,0.0,0.0,0.0,-0.9902,0.0106,0.001,-0.0057,-0.0017,10.3208,0.0,0.0,0.0,9.97499990463257,no_change,,141.0,114.0
BMNR,2026-09-11,10,Call,35.0,BMNR260911C00035000,0.02,0.12,0.06999999999999999,0.05,0.0,0.0,0.0,3412.0,1.1866,0.0131,0.0087,0.0014,-0.0056,0.0001,0.016,0.0,0.0,0.0,0.0449999999254942,no_change,2026-08-31T15:50:57,3.0,1377.0
BMNR,2026-09-11,10,Put,35.0,BMNR260911P00035000,9.25,12.2,10.725,8.75,0.0,0.0,0.0,1.0,0.0,-0.9926,0.0089,0.0008,-0.0048,-0.0016,10.8188,0.0,0.0,0.0,10.5250000953674,down,2026-08-27T14:01:14,141.0,120.0
BMNR,2026-09-18,17,Call,8.0,BMNR260918C00008000,15.6,16.95,16.275,16.27,0.0,0.0,0.0,11.0,2.6748,0.9988,0.0003,0.0001,0.0,0.004,16.1932,0.0,0.0,0.0,16.5749998092651,down,2026-08-31T10:58:36,210.0,230.0
BMNR,2026-09-18,17,Put,8.0,BMNR260918P00008000,0.0,0.01,0.005,0.03,0.0,0.0,0.0,555.0,1.8673,-0.0007,0.0003,0.0001,-0.0006,0.0,0.0018,0.0,0.0,0.0,0.00499999988824129,down,2026-08-20T11:36:28,0.0,500.0
BMNR,2026-09-18,17,Call,9.0,BMNR260918C00009000,14.65,15.7,15.175,15.35,0.0,0.0,0.0,2.0,0.0,0.9985,0.0004,0.0002,0.0,0.0046,15.196,0.0,0.0,0.0,15.5749998092651,up,2026-08-31T10:58:24,167.0,183.0
BMNR,2026-09-18,17,Put,9.0,BMNR260918P00009000,0.0,0.09,0.045,0.12,0.0,0.0,0.0,22.0,2.1859,-0.001,0.0004,0.0002,-0.0007,0.0,0.0024,0.0,0.0,0.0,0.00999999977648258,no_change,2026-07-23T13:00:48,0.0,144.0
BMNR,2026-09-18,17,Call,10.0,BMNR260918C00010000,13.75,14.6,14.175,11.5,0.0,0.0,0.0,83.0,0.0,0.998,0.0006,0.0002,0.0,0.0052,14.1992,0.0,0.0,0.0,14.6500000953674,up,2026-08-20T09:58:40,512.0,319.0
BMNR,2026-09-18,17,Put,10.0,BMNR260918P00010000,0.0,0.05,0.025,0.01,0.0,0.0,0.0,360.0,1.8132,-0.0015,0.0006,0.0002,-0.0009,0.0,0.0033,0.0,0.0,0.0,0.00499999988824129,no_change,2026-08-31T15:50:53,0.0,648.0
BMNR,2026-09-18,17,Call,11.0,BMNR260918C00011000,12.65,13.7,13.175,14.15,0.0,0.0,0.0,12.0,0.0,0.9973,0.001,0.0004,0.0,0.0057,13.2027,0.0,0.0,0.0,13.5750002861023,up,2026-08-26T13:50:59,211.0,197.0
BMNR,2026-09-18,17,Put,11.0,BMNR260918P00011000,0.0,0.04,0.02,0.01,0.0,0.0,0.0,84.0,1.5845,-0.0022,0.001,0.0004,-0.0012,0.0,0.0046,0.0,0.0,0.0,0.00999999977648258,no_change,2026-08-31T10:04:34,0.0,846.0
BMNR,2026-09-18,17,Call,12.0,BMNR260918C00012000,11.6,12.75,12.175,11.85,0.0,0.0,0.0,11.0,0.0,0.9963,0.0015,0.0005,-0.0003,0.0062,12.2069,0.0,0.0,0.0,12.5750002861023,up,2026-08-24T09:36:39,211.0,241.0
BMNR,2026-09-18,17,Put,12.0,BMNR260918P00012000,0.0,0.02,0.01,0.01,0.0,0.0,0.0,784.0,1.3074,-0.0032,0.0015,0.0005,-0.0016,0.0,0.0065,0.0,0.0,0.0,0.0500000007450581,down,2026-08-31T15:50:32,0.0,3.0
BMNR,2026-09-18,17,Call,13.0,BMNR260918C00013000,10.65,11.7,11.175,7.4,0.0,0.0,0.0,17.0,0.0,0.9947,0.0023,0.0007,-0.001,0.0067,11.212,0.0,0.0,0.0,11.5750002861023,up,2026-08-19T11:25:21,268.0,197.0
BMNR,2026-09-18,17,Put,13.0,BMNR260918P00013000,0.01,0.02,0.015,0.02,0.0,0.0,0.0,2549.0,1.2276,-0.0048,0.0023,0.0007,-0.0022,-0.0001,0.0094,0.0,0.0,0.0,0.00999999977648258,no_change,2026-08-28T15:53:21,5.0,3.0
BMNR,2026-09-18,17,Call,14.0,BMNR260918C00014000,9.8,10.7,10.25,9.98,0.0,0.0,0.0,420.0,1.2784,0.9923,0.0035,0.001,-0.0019,0.0072,10.2187,0.0,0.0,0.0,10.75,no_change,2026-08-28T15:31:38,1926.0,1259.0
BMNR,2026-09-18,17,Put,14.0,BMNR260918P00014000,0.01,0.02,0.015,0.02,0.0,2.23517e-06,50.0,7075.0,1.0935,-0.0072,0.0035,0.001,-0.003,-0.0001,0.0138,0.02,0.02,0.02,0.0199999995529652,no_change,2026-09-01T10:28:29,10.0,60.0
BMNR,2026-09-18,17,Call,15.0,BMNR260918C00015000,9.1,9.4,9.25,9.25,-0.6,-6.09137,1.0,601.0,1.1259,0.9884,0.0055,0.0015,-0.0031,0.0076,9.228,9.25,9.25,9.25,9.84999990463257,down,2026-09-01T10:04:59,788.0,712.0
BMNR,2026-09-18,17,Put,15.0,BMNR260918P00015000,0.01,0.03,0.02,0.02,-0.015,-42.8571,120.0,18174.0,1.0059,-0.0111,0.0055,0.0015,-0.0041,-0.0001,0.0208,0.03,0.03,0.01,0.0350000001490116,down,2026-09-01T11:32:58,143.0,220.0
BMNR,2026-09-18,17,Call,16.0,BMNR260918C00016000,7.8,8.5,8.15,7.9,-0.825,-9.45559,4.0,1829.0,0.0,0.9822,0.0086,0.0022,-0.0049,0.0081,8.2416,8.22,8.22,7.9,8.72499990463257,down,2026-09-01T11:16:02,1967.0,1134.0
BMNR,2026-09-18,17,Put,16.0,BMNR260918P00016000,0.02,0.04,0.03,0.02,-0.005,-20.0,14.0,17538.0,0.9377,-0.0173,0.0086,0.0022,-0.0058,-0.0002,0.0321,0.05,0.05,0.02,0.0249999994412065,down,2026-09-01T11:19:20,147.0,121.0
BMNR,2026-09-18,17,Call,16.5,BMNR260918C00016500,7.1,8.25,7.675,0.0,0.0,0.0,0.0,0.0,0.0,0.9778,0.0107,0.0027,-0.006,0.0083,7.7513,0.0,0.0,0.0,8.02500009536743,no_change,,250.0,213.0
BMNR,2026-09-18,17,Put,16.5,BMNR260918P00016500,0.0,0.12,0.06,0.04,0.0,0.0,0.0,402.0,0.9835,-0.0217,0.0107,0.0027,-0.0068,-0.0003,0.0403,0.0,0.0,0.0,0.0649999976158142,no_change,2026-08-31T15:57:21,0.0,2181.0
BMNR,2026-09-18,17,Call,17.0,BMNR260918C00017000,6.8,7.65,7.225,7.5,0.0,0.0,0.0,2350.0,0.726,0.9722,0.0134,0.0033,-0.0073,0.0085,7.2625,0.0,0.0,0.0,7.92500019073486,up,2026-08-31T12:47:55,1948.0,1114.0
BMNR,2026-09-18,17,Put,17.0,BMNR260918P00017000,0.03,0.11,0.07,0.05,0.0,0.0,0.0,1934.0,0.9445,-0.0273,0.0134,0.0033,-0.0081,-0.0003,0.0508,0.0,0.0,0.0,0.0400000000372529,up,2026-08-31T14:43:02,170.0,1911.0
BMNR,2026-09-18,17,Call,17.5,BMNR260918C00017500,6.3,7.2,6.75,7.9,0.0,0.0,0.0,3.0,0.7847,0.9651,0.0167,0.004,-0.0089,0.0086,6.7772,0.0,0.0,0.0,7.02499985694885,up,2026-08-28T09:51:30,256.0,285.0
BMNR,2026-09-18,17,Put,17.5,BMNR260918P00017500,0.05,0.09,0.07,0.05,0.0,0.0,0.0,25.0,0.8789,-0.0344,0.0167,0.004,-0.0096,-0.0004,0.0644,0.0,0.0,0.0,0.0700000002980232,down,2026-08-31T14:22:30,88.0,127.0
BMNR,2026-09-18,17,Call,18.0,BMNR260918C00018000,5.8,6.6,6.199999999999999,6.25,-0.725,-10.3943,4.0,5527.0,0.0,0.9561,0.0208,0.0048,-0.0107,0.0088,6.2964,6.25,6.25,6.25,6.97500014305115,down,2026-09-01T10:58:58,1970.0,1279.0
BMNR,2026-09-18,17,Put,18.0,BMNR260918P00018000,0.06,0.11,0.08499999999999999,0.08,0.005,6.66667,10.0,3134.0,0.8472,-0.0435,0.0208,0.0048,-0.0114,-0.0005,0.082,0.08,0.08,0.08,0.0750000011175871,no_change,2026-09-01T09:47:11,369.0,562.0
BMNR,2026-09-18,17,Call,18.5,BMNR260918C00018500,5.3,6.2,5.75,5.7,0.0,0.0,0.0,24.0,0.6611,0.9447,0.0257,0.0058,-0.0128,0.0089,5.8201,0.0,0.0,0.0,6.22499990463257,down,2026-08-28T15:27:35,402.0,268.0
BMNR,2026-09-18,17,Put,18.5,BMNR260918P00018500,0.09,0.14,0.115,0.1,0.015,17.6471,1.0,160.0,0.836,-0.055,0.0258,0.0058,-0.0135,-0.0007,0.1051,0.1,0.1,0.1,0.0850000008940697,no_change,2026-09-01T09:45:58,58.0,454.0
BMNR,2026-09-18,17,Call,19.0,BMNR260918C00019000,5.15,5.5,5.325,5.22,-1.005,-16.1446,53.0,1310.0,0.7594,0.9303,0.0316,0.007,-0.0152,0.0089,5.3512,5.26,5.26,5.22,6.22500014305115,down,2026-09-01T11:22:02,1085.0,624.0
BMNR,2026-09-18,17,Put,19.0,BMNR260918P00019000,0.12,0.15,0.135,0.13,0.025,23.8095,6.0,2163.0,0.7992,-0.0693,0.0316,0.007,-0.0158,-0.0008,0.135,0.13,0.14,0.13,0.105000000447035,down,2026-09-01T11:51:48,359.0,257.0
BMNR,2026-09-18,17,Call,19.5,BMNR260918C00019500,4.45,5.25,4.85,5.55,0.0,0.0,0.0,40.0,0.7284,0.9124,0.0384,0.0083,-0.018,0.009,4.8912,0.0,0.0,0.0,5.70000004768372,no_change,2026-08-31T15:14:15,437.0,194.0
BMNR,2026-09-18,17,Put,19.5,BMNR260918P00019500,0.15,0.19,0.16999999999999998,0.17,0.04,30.7692,1.0,49.0,0.7766,-0.0873,0.0385,0.0083,-0.0186,-0.0011,0.1741,0.17,0.17,0.17,0.129999998956919,up,2026-09-01T11:20:34,133.0,167.0
BMNR,2026-09-18,17,Call,20.0,BMNR260918C00020000,4.25,4.55,4.4,4.27,-0.955,-18.2775,33.0,11305.0,0.7202,0.8904,0.0463,0.0098,-0.0211,0.0089,4.4428,4.44,4.54,4.04,5.22499990463257,down,2026-09-01T11:10:52,1023.0,394.0
BMNR,2026-09-18,17,Put,20.0,BMNR260918P00020000,0.2,0.22,0.21000000000000002,0.2,0.03,17.6471,67.0,1818.0,0.7508,-0.1093,0.0464,0.0098,-0.0216,-0.0013,0.2246,0.21,0.26,0.2,0.170000001788139,down,2026-09-01T11:48:24,351.0,90.0
BMNR,2026-09-18,17,Call,20.5,BMNR260918C00020500,3.8,4.2,4.0,4.41,0.0,0.0,0.0,5.0,0.7452,0.8637,0.0549,0.0115,-0.0245,0.0088,4.0088,0.0,0.0,0.0,4.59999990463257,up,2026-08-31T13:17:03,610.0,432.0
BMNR,2026-09-18,17,Put,20.5,BMNR260918P00020500,0.26,0.3,0.28,0.31,0.08,34.7826,4.0,172.0,0.7445,-0.1361,0.055,0.0115,-0.0249,-0.0016,0.2896,0.3,0.33,0.28,0.229999996721745,down,2026-09-01T11:36:36,293.0,295.0
BMNR,2026-09-18,17,Call,21.0,BMNR260918C00021000,3.55,3.75,3.65,3.6,-0.775,-17.7143,16.0,6573.0,0.785,0.832,0.064,0.0132,-0.028,0.0086,3.5929,3.61,3.61,3.33,4.375,up,2026-09-01T11:44:57,13.0,701.0
BMNR,2026-09-18,17,Put,21.0,BMNR260918P00021000,0.34,0.39,0.365,0.36,0.075,26.3158,37.0,5190.0,0.7368,-0.1679,0.0642,0.0132,-0.0284,-0.0021,0.3723,0.41,0.41,0.34,0.285000011324882,down,2026-09-01T11:36:36,286.0,297.0
BMNR,2026-09-18,17,Call,21.5,BMNR260918C00021500,2.82,3.3,3.0599999999999996,3.15,-0.65,-17.1053,5.0,58.0,0.6378,0.7951,0.0733,0.0149,-0.0316,0.0084,3.1973,3.1,3.22,3.1,3.80000007152557,down,2026-09-01T11:02:13,1248.0,80.0
BMNR,2026-09-18,17,Put,21.5,BMNR260918P00021500,0.45,0.51,0.48,0.37,0.0,0.0,0.0,130.0,0.7368,-0.2049,0.0735,0.0149,-0.032,-0.0025,0.4762,0.0,0.0,0.0,0.370000004768372,down,2026-08-31T15:21:04,98.0,154.0
BMNR,2026-09-18,17,Call,22.0,BMNR260918C00022000,2.74,2.92,2.83,2.8,-0.7,-20.0,28.0,4798.0,0.7304,0.7534,0.082,0.0166,-0.035,0.008,2.8269,3.05,3.05,2.65,3.5,up,2026-09-01T11:44:37,748.0,517.0
BMNR,2026-09-18,17,Put,22.0,BMNR260918P00022000,0.57,0.65,0.61,0.63,0.17,36.9565,8.0,2631.0,0.7318,-0.2467,0.0823,0.0166,-0.0354,-0.003,0.6047,0.53,0.65,0.53,0.459999993443489,up,2026-09-01T11:41:31,421.0,829.0
BMNR,2026-09-18,17,Call,22.5,BMNR260918C00022500,2.4,2.61,2.505,2.55,-0.57,-18.2692,1.0,147.0,0.7373,0.7075,0.0898,0.018,-0.0382,0.0076,2.4835,2.55,2.55,2.55,3.12000000476837,down,2026-09-01T10:16:32,660.0,443.0
BMNR,2026-09-18,17,Put,22.5,BMNR260918P00022500,0.73,0.79,0.76,0.83,0.24,40.678,2.0,240.0,0.725,-0.2928,0.0901,0.0181,-0.0385,-0.0035,0.7605,0.79,0.83,0.79,0.590000003576279,up,2026-09-01T09:59:55,281.0,282.0
BMNR,2026-09-18,17,Call,23.0,BMNR260918C00023000,2.15,2.26,2.205,2.19,-0.675,-23.5602,164.0,14443.0,0.7428,0.6583,0.0961,0.0193,-0.0409,0.0072,2.1694,2.5,2.5,1.95,2.86500000953674,up,2026-09-01T11:24:47,138.0,634.0
BMNR,2026-09-18,17,Put,23.0,BMNR260918P00023000,0.92,0.95,0.935,0.93,0.185,24.8322,91.0,1360.0,0.7188,-0.3422,0.0964,0.0193,-0.0412,-0.004,0.9458,0.92,1.11,0.91,0.744999974966049,down,2026-09-01T11:48:30,295.0,1.0
BMNR,2026-09-18,17,Call,23.5,BMNR260918C00023500,1.88,1.97,1.9249999999999998,1.75,-0.68,-27.9835,1.0,92.0,0.7448,0.6071,0.1005,0.0202,-0.043,0.0067,1.8859,1.75,1.75,1.75,2.42999994754791,down,2026-09-01T09:38:09,100.0,493.0
BMNR,2026-09-18,17,Put,23.5,BMNR260918P00023500,1.13,1.21,1.17,1.2,0.28,30.4348,23.0,441.0,0.7295,-0.3935,0.1008,0.0202,-0.0432,-0.0046,1.1617,1.13,1.33,1.13,0.919999986886978,up,2026-09-01T11:41:31,370.0,217.0
BMNR,2026-09-18,17,Call,24.0,BMNR260918C00024000,1.62,1.71,1.665,1.6,-0.66,-29.2035,187.0,3900.0,0.7438,0.5554,0.1028,0.0207,-0.0444,0.0061,1.633,1.85,1.94,1.48,2.25999999046326,down,2026-09-01T11:27:39,81.0,583.0
BMNR,2026-09-18,17,Put,24.0,BMNR260918P00024000,1.38,1.45,1.415,1.45,0.315,27.7533,643.0,1056.0,0.7314,-0.4455,0.1032,0.0207,-0.0446,-0.0052,1.4086,1.32,1.65,1.31,1.13499999046326,down,2026-09-01T11:40:42,244.0,372.0
BMNR,2026-09-18,17,Call,24.5,BMNR260918C00024500,1.4,1.49,1.4449999999999998,1.4,-0.585,-29.471,66.0,409.0,0.7497,0.5043,0.1032,0.0209,-0.0452,0.0056,1.4097,1.66,1.66,1.29,1.98500001430511,no_change,2026-09-01T11:25:49,144.0,534.0
BMNR,2026-09-18,17,Put,24.5,BMNR260918P00024500,1.64,1.72,1.68,1.71,0.345,25.2747,19.0,137.0,0.7305,-0.4968,0.1036,0.0209,-0.0453,-0.0057,1.6848,1.65,1.83,1.57,1.36500000953674,up,2026-09-01T10:37:30,608.0,152.0
BMNR,2026-09-18,17,Call,25.0,BMNR260918C00025000,1.21,1.29,1.25,1.25,-0.475,-27.5362,1300.0,13896.0,0.7581,0.4549,0.1017,0.0208,-0.0452,0.0051,1.2143,1.51,1.51,1.09,1.72500002384186,up,2026-09-01T11:45:45,112.0,650.0
BMNR,2026-09-18,17,Put,25.0,BMNR260918P00025000,1.94,2.03,1.9849999999999999,1.98,0.355,21.8462,14.0,1480.0,0.7366,-0.5463,0.1022,0.0208,-0.0453,-0.0062,1.9891,1.9,1.99,1.9,1.625,down,2026-09-01T10:37:33,346.0,82.0
BMNR,2026-09-18,17,Call,25.5,BMNR260918C00025500,1.02,1.11,1.065,0.99,-0.54,-35.2941,39.0,835.0,0.7554,0.4082,0.0988,0.0204,-0.0446,0.0046,1.0447,1.1,1.16,0.99,1.53000003099442,down,2026-09-01T11:01:59,488.0,806.0
BMNR,2026-09-18,17,Put,25.5,BMNR260918P00025500,2.26,2.35,2.3049999999999997,2.15,0.16,8.0402,20.0,133.0,0.7384,-0.5933,0.0992,0.0204,-0.0447,-0.0067,2.3194,2.15,2.15,2.15,1.9899999499321,up,2026-09-01T09:31:42,606.0,36.0
BMNR,2026-09-18,17,Call,26.0,BMNR260918C00026000,0.87,0.94,0.905,0.86,-0.47,-35.3383,54.0,5167.0,0.7566,0.3646,0.0946,0.0197,-0.0436,0.0041,0.8983,1.1,1.1,0.8,1.3299999833107,down,2026-09-01T11:20:02,581.0,366.0
BMNR,2026-09-18,17,Put,26.0,BMNR260918P00026000,2.61,2.7,2.6550000000000002,2.68,0.38,16.5217,21.0,101.0,0.744,-0.637,0.0951,0.0197,-0.0436,-0.0071,2.6729,2.9,2.9,2.58,2.30000007152557,up,2026-09-01T11:20:34,526.0,83.0
BMNR,2026-09-18,17,Call,26.5,BMNR260918C00026500,0.74,0.81,0.775,0.75,-0.385,-33.9207,21.0,449.0,0.763,0.3246,0.0895,0.0189,-0.0421,0.0037,0.7723,0.85,0.85,0.74,1.13499999046326,down,2026-09-01T10:56:03,710.0,366.0
BMNR,2026-09-18,17,Put,26.5,BMNR260918P00026500,2.97,3.1,3.035,3.25,0.715,28.2051,42.0,126.0,0.7553,-0.6773,0.09,0.0188,-0.0421,-0.0075,3.0469,3.2,3.25,3.2,2.5349999666214,up,2026-09-01T11:10:37,474.0,399.0
BMNR,2026-09-18,17,Call,27.0,BMNR260918C00027000,0.65,0.69,0.6699999999999999,0.66,-0.315,-32.3077,167.0,2775.0,0.7736,0.2882,0.0839,0.0179,-0.0403,0.0033,0.6645,0.75,0.75,0.6,0.974999994039536,up,2026-09-01T11:45:47,239.0,257.0
BMNR,2026-09-18,17,Put,27.0,BMNR260918P00027000,3.3,3.75,3.525,3.65,0.755,26.0794,3.0,190.0,0.8182,-0.7139,0.0845,0.0178,-0.0403,-0.0077,3.4392,3.39,3.65,3.39,2.89499998092651,up,2026-09-01T11:10:37,572.0,1299.0
BMNR,2026-09-18,17,Call,27.5,BMNR260918C00027500,0.37,0.63,0.5,0.5,-0.35,-41.1765,4.0,197.0,0.7362,0.2553,0.0781,0.0169,-0.0383,0.0029,0.5721,0.53,0.58,0.5,0.849999994039536,down,2026-09-01T11:15:02,2048.0,281.0
BMNR,2026-09-18,17,Put,27.5,BMNR260918P00027500,3.7,4.1,3.9,3.87,0.0,0.0,0.0,7.0,0.8113,-0.747,0.0786,0.0167,-0.0382,-0.0079,3.8469,0.0,0.0,0.0,3.375,up,2026-08-31T09:32:13,316.0,689.0
BMNR,2026-09-18,17,Call,28.0,BMNR260918C00028000,0.47,0.51,0.49,0.48,-0.25,-34.2466,119.0,8045.0,0.7873,0.2259,0.0721,0.0158,-0.0362,0.0026,0.4933,0.58,0.58,0.42,0.729999989271164,up,2026-09-01T11:44:57,346.0,408.0
BMNR,2026-09-18,17,Put,28.0,BMNR260918P00028000,4.0,4.35,4.175,4.27,0.545,14.6309,3.0,314.0,0.7276,-0.7765,0.0727,0.0157,-0.036,-0.0082,4.2683,4.3,4.3,4.27,3.72500002384186,down,2026-09-01T11:31:13,992.0,86.0
BMNR,2026-09-18,17,Call,29.0,BMNR260918C00029000,0.33,0.39,0.36,0.36,-0.19,-34.5455,58.0,1030.0,0.8028,0.1765,0.0607,0.0136,-0.0317,0.002,0.3683,0.38,0.4,0.34,0.549999982118607,no_change,2026-09-01T11:01:57,580.0,357.0
BMNR,2026-09-18,17,Put,29.0,BMNR260918P00029000,4.95,5.4,5.175000000000001,5.36,0.0,0.0,0.0,7.0,0.8319,-0.8263,0.0612,0.0134,-0.0315,-0.0084,5.1439,0.0,0.0,0.0,4.54999995231628,up,2026-08-31T10:55:42,370.0,474.0
BMNR,2026-09-18,17,Call,30.0,BMNR260918C00030000,0.27,0.29,0.28,0.28,-0.14,-33.3333,266.0,17068.0,0.8314,0.1379,0.0503,0.0116,-0.0274,0.0016,0.2768,0.28,0.31,0.22,0.420000001788139,no_change,2026-09-01T11:51:15,124.0,359.0
BMNR,2026-09-18,17,Put,30.0,BMNR260918P00030000,5.9,6.5,6.2,6.1,0.5,8.92857,1.0,26.0,0.9474,-0.8653,0.0509,0.0113,-0.0271,-0.0084,6.0536,6.1,6.1,6.1,5.60000014305115,up,2026-09-01T09:38:56,222.0,935.0
BMNR,2026-09-18,17,Call,31.0,BMNR260918C00031000,0.2,0.22,0.21000000000000002,0.22,-0.105,-32.3077,39.0,380.0,0.8486,0.1079,0.0414,0.0097,-0.0234,0.0012,0.2097,0.25,0.25,0.2,0.325000002980232,down,2026-09-01T11:39:06,281.0,285.0
BMNR,2026-09-18,17,Put,31.0,BMNR260918P00031000,6.65,7.45,7.050000000000001,6.04,0.0,0.0,0.0,10.0,0.9115,-0.8956,0.0421,0.0094,-0.023,-0.0082,6.9869,0.0,0.0,0.0,6.72500014305115,no_change,2026-08-27T10:18:37,453.0,692.0
BMNR,2026-09-18,17,Call,32.0,BMNR260918C00032000,0.15,0.18,0.16499999999999998,0.12,-0.14,-53.8462,46.0,4436.0,0.8737,0.0847,0.0338,0.0081,-0.0199,0.001,0.16,0.18,0.22,0.12,0.260000005364418,no_change,2026-09-01T11:38:40,417.0,419.0
BMNR,2026-09-18,17,Put,32.0,BMNR260918P00032000,7.5,8.5,8.0,7.45,0.0,0.0,0.0,0.0,0.9405,-0.9192,0.0347,0.0077,-0.0195,-0.008,7.9382,0.0,0.0,0.0,7.57499980926514,down,2026-08-28T10:08:04,156.0,122.0
BMNR,2026-09-18,17,Call,33.0,BMNR260918C00033000,0.11,0.16,0.135,0.14,-0.065,-31.7073,20.0,480.0,0.9038,0.0667,0.0276,0.0068,-0.0168,0.0008,0.123,0.16,0.16,0.14,0.204999998211861,down,2026-09-01T09:58:35,381.0,375.0
BMNR,2026-09-18,17,Put,33.0,BMNR260918P00033000,8.45,9.45,8.95,9.36,0.0,0.0,0.0,2.0,0.9538,-0.9377,0.0286,0.0064,-0.0165,-0.0076,8.903,0.0,0.0,0.0,8.72500014305115,down,2026-08-24T10:26:16,134.0,153.0
BMNR,2026-09-18,17,Call,34.0,BMNR260918C00034000,0.06,0.15,0.105,0.15,0.0,0.0,0.0,1328.0,0.9215,0.0528,0.0225,0.0056,-0.0141,0.0006,0.0952,0.0,0.0,0.0,0.160000003874302,up,2026-08-31T15:08:15,1238.0,1113.0
BMNR,2026-09-18,17,Put,34.0,BMNR260918P00034000,9.4,10.4,9.9,9.86,0.0,0.0,0.0,5.0,0.947,-0.9521,0.0236,0.0051,-0.0138,-0.0069,9.8768,0.0,0.0,0.0,9.65000009536743,up,2026-08-28T13:01:36,151.0,163.0
BMNR,2026-09-18,17,Call,35.0,BMNR260918C00035000,0.07,0.08,0.07500000000000001,0.07,-0.055,-44.0,72.0,2196.0,0.9236,0.042,0.0184,0.0047,-0.0119,0.0005,0.0743,0.1,0.1,0.07,0.12499999627471,down,2026-09-01T11:39:31,264.0,17.0
BMNR,2026-09-18,17,Put,35.0,BMNR260918P00035000,10.4,11.45,10.925,9.49,0.0,0.0,0.0,32.0,1.0509,-0.9635,0.0195,0.0041,-0.0117,-0.0065,10.8575,0.0,0.0,0.0,10.625,down,2026-08-27T15:10:57,175.0,173.0
BMNR,2026-09-25,24,Call,5.0,BMNR260925C00005000,17.25,20.5,18.875,0.0,0.0,0.0,0.0,0.0,0.0,0.9993,0.0001,0.0001,0.0,0.0034,19.1926,0.0,0.0,0.0,19.6749992370605,no_change,,120.0,20.0
BMNR,2026-09-25,24,Put,5.0,BMNR260925P00005000,0.0,1.4,0.7,0.0,0.0,0.0,0.0,0.0,5.1123,-0.0003,0.0001,0.0001,-0.0003,0.0,0.0011,0.0,0.0,0.0,0.209999993443489,no_change,,0.0,245.0
BMNR,2026-09-25,24,Call,9.0,BMNR260925C00009000,14.3,17.3,15.8,16.2,0.0,0.0,0.0,2.0,3.1383,0.998,0.0006,0.0003,0.0,0.0064,15.2079,0.0,0.0,0.0,15.9000000953674,up,2026-08-26T13:52:00,120.0,21.0
BMNR,2026-09-25,24,Put,9.0,BMNR260925P00009000,0.0,0.47,0.235,0.0,0.0,0.0,0.0,0.0,2.4822,-0.0016,0.0006,0.0003,-0.0008,0.0,0.0041,0.0,0.0,0.0,0.234999999403954,no_change,,0.0,855.0
BMNR,2026-09-25,24,Call,10.0,BMNR260925C00010000,12.9,16.3,14.600000000000001,8.7,0.0,0.0,0.0,1.0,2.5378,0.9972,0.0009,0.0004,0.0,0.007,14.2127,0.0,0.0,0.0,14.75,up,2026-08-18T13:34:37,115.0,21.0
BMNR,2026-09-25,24,Put,10.0,BMNR260925P00010000,0.0,0.47,0.235,0.09,0.0,0.0,0.0,1.0,2.244,-0.0024,0.0009,0.0004,-0.0011,0.0,0.0058,0.0,0.0,0.0,0.370000004768372,down,2026-08-28T09:40:19,0.0,963.0
BMNR,2026-09-25,24,Call,11.0,BMNR260925C00011000,12.15,14.9,13.525,0.0,0.0,0.0,0.0,0.0,2.1743,0.9961,0.0014,0.0006,-0.0001,0.0077,13.2184,0.0,0.0,0.0,13.9000000953674,no_change,,121.0,20.0
BMNR,2026-09-25,24,Put,11.0,BMNR260925P00011000,0.0,0.67,0.335,0.18,0.0,0.0,0.0,1.0,2.2071,-0.0035,0.0014,0.0006,-0.0015,-0.0001,0.0084,0.0,0.0,0.0,0.370000004768372,down,2026-08-28T09:55:16,0.0,1816.0
BMNR,2026-09-25,24,Call,12.0,BMNR260925C00012000,11.25,14.2,12.725,0.0,0.0,0.0,0.0,0.0,2.2397,0.9944,0.0021,0.0009,-0.0007,0.0084,12.2253,0.0,0.0,0.0,12.9000000953674,no_change,,120.0,20.0
BMNR,2026-09-25,24,Put,12.0,BMNR260925P00012000,0.01,0.06,0.034999999999999996,0.03,-0.015,-33.3333,1.0,133.0,1.2969,-0.0052,0.0021,0.0009,-0.002,-0.0001,0.0121,0.03,0.03,0.03,0.0449999989941716,down,2026-09-01T11:22:15,10.0,568.0
BMNR,2026-09-25,24,Call,13.0,BMNR260925C00013000,10.25,13.3,11.775,0.0,0.0,0.0,0.0,0.0,2.0817,0.9918,0.0032,0.0013,-0.0016,0.0091,11.2341,0.0,0.0,0.0,11.8250002861023,no_change,,121.0,20.0
BMNR,2026-09-25,24,Put,13.0,BMNR260925P00013000,0.0,0.47,0.235,0.05,0.0,0.0,0.0,6.0,1.6544,-0.0078,0.0032,0.0013,-0.0027,-0.0001,0.0178,0.0,0.0,0.0,0.375,down,2026-08-27T14:47:15,0.0,2035.0
BMNR,2026-09-25,24,Call,13.5,BMNR260925C00013500,10.05,11.95,11.0,0.0,0.0,0.0,0.0,0.0,1.6409,0.99,0.004,0.0016,-0.0021,0.0094,10.7396,0.0,0.0,0.0,11.6750001907349,no_change,,121.0,60.0
BMNR,2026-09-25,24,Put,13.5,BMNR260925P00013500,0.0,0.48,0.24,0.0,0.0,0.0,0.0,0.0,1.5773,-0.0096,0.004,0.0016,-0.0032,-0.0002,0.0218,0.0,0.0,0.0,0.239999994635582,no_change,,0.0,2256.0
BMNR,2026-09-25,24,Call,14.0,BMNR260925C00014000,9.2,11.3,10.25,4.82,0.0,0.0,0.0,5.0,1.0175,0.9878,0.005,0.0019,-0.0027,0.0097,10.246,0.0,0.0,0.0,11.25,no_change,2026-08-17T11:38:02,121.0,33.0
BMNR,2026-09-25,24,Put,14.0,BMNR260925P00014000,0.0,0.2,0.1,0.04,-0.035,-46.6667,20.0,35.0,1.2396,-0.0119,0.005,0.0019,-0.0037,-0.0002,0.0266,0.04,0.04,0.04,0.0750000029802322,down,2026-09-01T10:45:43,0.0,2355.0
BMNR,2026-09-25,24,Call,14.5,BMNR260925C00014500,8.65,10.95,9.8,5.77,0.0,0.0,0.0,3.0,1.1207,0.985,0.0061,0.0023,-0.0034,0.01,9.7536,0.0,0.0,0.0,10.7000002861023,up,2026-08-19T11:19:25,121.0,33.0
BMNR,2026-09-25,24,Put,14.5,BMNR260925P00014500,0.0,0.17,0.085,0.08,0.0,0.0,0.0,117.0,1.1356,-0.0146,0.0061,0.0023,-0.0044,-0.0002,0.0327,0.0,0.0,0.0,0.340000003576279,up,2026-08-24T12:52:19,0.0,2264.0
BMNR,2026-09-25,24,Call,15.0,BMNR260925C00015000,8.35,10.8,9.575,9.91,0.0,0.0,0.0,12.0,1.4796,0.9816,0.0075,0.0028,-0.0041,0.0103,9.2628,0.0,0.0,0.0,9.7999997138977,up,2026-08-24T11:41:04,120.0,31.0
BMNR,2026-09-25,24,Put,15.0,BMNR260925P00015000,0.0,0.75,0.375,0.05,0.0,0.0,0.0,205.0,1.5047,-0.0181,0.0075,0.0028,-0.0051,-0.0003,0.0403,0.0,0.0,0.0,0.189999997615814,no_change,2026-08-28T09:59:27,0.0,1483.0
BMNR,2026-09-25,24,Call,15.5,BMNR260925C00015500,8.15,9.85,9.0,10.22,0.0,0.0,0.0,3.0,1.3095,0.9773,0.0092,0.0033,-0.0051,0.0106,8.7739,0.0,0.0,0.0,9.47500014305115,up,2026-08-25T11:17:32,133.0,139.0
BMNR,2026-09-25,24,Put,15.5,BMNR260925P00015500,0.0,0.75,0.375,0.06,0.0,0.0,0.0,86.0,1.423,-0.0223,0.0093,0.0033,-0.006,-0.0004,0.0499,0.0,0.0,0.0,0.375,no_change,2026-08-28T12:39:11,0.0,2212.0
BMNR,2026-09-25,24,Call,16.0,BMNR260925C00016000,8.0,9.15,8.575,9.43,0.0,0.0,0.0,96.0,1.317,0.9721,0.0114,0.004,-0.0061,0.0108,8.2875,0.0,0.0,0.0,8.59999990463257,up,2026-08-28T09:49:54,352.0,346.0
BMNR,2026-09-25,24,Put,16.0,BMNR260925P00016000,0.05,0.08,0.065,0.06,-0.13,-68.4211,28.0,53.0,0.9002,-0.0276,0.0114,0.004,-0.007,-0.0005,0.0619,0.07,0.25,0.06,0.189999996684492,no_change,2026-09-01T11:34:46,479.0,309.0
BMNR,2026-09-25,24,Call,16.5,BMNR260925C00016500,7.2,8.8,8.0,8.06,0.0,0.0,0.0,138.0,1.1583,0.9656,0.0139,0.0047,-0.0074,0.0111,7.8042,0.0,0.0,0.0,7.89999985694885,up,2026-08-24T13:42:41,1014.0,987.0
BMNR,2026-09-25,24,Put,16.5,BMNR260925P00016500,0.06,0.14,0.1,0.11,-0.145,-56.8627,2.0,199.0,0.916,-0.0341,0.0139,0.0047,-0.0082,-0.0006,0.0771,0.17,0.17,0.11,0.254999995231628,down,2026-09-01T09:43:38,358.0,1415.0
BMNR,2026-09-25,24,Call,17.0,BMNR260925C00017000,6.7,8.3,7.5,7.9,0.0,0.0,0.0,33.0,1.0856,0.9575,0.0169,0.0056,-0.0088,0.0113,7.3249,0.0,0.0,0.0,7.57500004768372,down,2026-08-26T09:34:47,265.0,211.0
BMNR,2026-09-25,24,Put,17.0,BMNR260925P00017000,0.0,0.4,0.2,0.08,0.0,0.0,0.0,184.0,1.0024,-0.0422,0.0169,0.0056,-0.0095,-0.0007,0.0962,0.0,0.0,0.0,0.0749999983236194,no_change,2026-08-31T15:33:56,0.0,2360.0
BMNR,2026-09-25,24,Call,17.5,BMNR260925C00017500,5.95,8.0,6.975,7.8,0.0,0.0,0.0,109.0,0.988,0.9477,0.0205,0.0066,-0.0104,0.0114,6.8505,0.0,0.0,0.0,7.22500014305115,up,2026-08-26T13:50:14,967.0,990.0
BMNR,2026-09-25,24,Put,17.5,BMNR260925P00017500,0.1,0.2,0.15000000000000002,0.1,0.0,0.0,0.0,223.0,0.8733,-0.0521,0.0205,0.0066,-0.0111,-0.0009,0.1204,0.0,0.0,0.0,0.0950000006705522,down,2026-08-31T10:23:36,44.0,1311.0
BMNR,2026-09-25,24,Call,18.0,BMNR260925C00018000,5.95,7.1,6.525,6.55,0.0,0.0,0.0,169.0,0.9696,0.9356,0.0246,0.0078,-0.0122,0.0116,6.3824,0.0,0.0,0.0,7.0,up,2026-08-31T13:31:11,937.0,922.0
BMNR,2026-09-25,24,Put,18.0,BMNR260925P00018000,0.13,0.15,0.14,0.15,0.025,20.0,2.0,258.0,0.799,-0.0641,0.0247,0.0078,-0.0128,-0.0011,0.1508,0.21,0.21,0.15,0.12500000372529,down,2026-09-01T09:43:51,104.0,66.0
BMNR,2026-09-25,24,Call,18.5,BMNR260925C00018500,5.25,7.05,6.15,5.74,0.0,0.0,0.0,43.0,1.0072,0.9211,0.0294,0.0091,-0.0142,0.0117,5.9221,0.0,0.0,0.0,6.32500004768372,down,2026-08-28T14:45:41,299.0,265.0
BMNR,2026-09-25,24,Put,18.5,BMNR260925P00018500,0.15,0.2,0.175,0.18,0.03,20.0,5.0,38.0,0.7819,-0.0787,0.0295,0.0092,-0.0148,-0.0014,0.189,0.16,0.21,0.16,0.149999998509884,no_change,2026-09-01T10:39:57,341.0,341.0
BMNR,2026-09-25,24,Call,19.0,BMNR260925C00019000,5.1,5.65,5.375,5.8,-0.425,-6.82731,4.0,51.0,0.682,0.9037,0.0347,0.0106,-0.0164,0.0117,5.4713,5.67,5.8,5.5,6.22500014305115,no_change,2026-09-01T10:37:13,550.0,325.0
BMNR,2026-09-25,24,Put,19.0,BMNR260925P00019000,0.2,0.25,0.225,0.23,0.04,21.0526,32.0,244.0,0.7725,-0.0962,0.0348,0.0106,-0.017,-0.0017,0.2367,0.21,0.25,0.21,0.189999997615814,up,2026-09-01T10:43:08,321.0,323.0
BMNR,2026-09-25,24,Call,19.5,BMNR260925C00019500,4.55,5.35,4.949999999999999,4.85,0.0,0.0,0.0,513.0,0.6997,0.883,0.0406,0.0122,-0.0188,0.0116,5.032,0.0,0.0,0.0,5.47499990463257,down,2026-08-28T14:46:35,1430.0,756.0
BMNR,2026-09-25,24,Put,19.5,BMNR260925P00019500,0.26,0.34,0.30000000000000004,0.35,0.0,0.0,0.0,284.0,0.7748,-0.1169,0.0408,0.0122,-0.0193,-0.002,0.2961,0.0,0.0,0.0,0.244999997317791,down,2026-08-28T15:28:03,65.0,602.0
BMNR,2026-09-25,24,Call,20.0,BMNR260925C00020000,4.45,4.9,4.675000000000001,4.67,-0.63,-11.8868,4.0,693.0,0.8092,0.8589,0.0469,0.0139,-0.0213,0.0115,4.6067,4.41,4.67,4.41,5.29999995231628,no_change,2026-09-01T10:57:04,720.0,820.0
BMNR,2026-09-25,24,Put,20.0,BMNR260925P00020000,0.33,0.41,0.37,0.39,0.085,27.8688,38.0,572.0,0.7617,-0.1411,0.0471,0.014,-0.0218,-0.0024,0.3694,0.36,0.42,0.34,0.305000007152557,up,2026-09-01T11:10:37,364.0,931.0
BMNR,2026-09-25,24,Call,20.5,BMNR260925C00020500,3.7,4.65,4.175000000000001,4.25,0.0,0.0,0.0,176.0,0.7382,0.8312,0.0534,0.0157,-0.0239,0.0113,4.1976,0.0,0.0,0.0,4.79999995231628,up,2026-08-31T12:11:11,1077.0,1007.0
BMNR,2026-09-25,24,Put,20.5,BMNR260925P00020500,0.42,0.48,0.44999999999999996,0.48,0.0,0.0,0.0,30.0,0.747,-0.1689,0.0536,0.0157,-0.0244,-0.0029,0.4589,0.0,0.0,0.0,0.370000004768372,down,2026-08-31T10:46:43,87.0,152.0
BMNR,2026-09-25,24,Call,21.0,BMNR260925C00021000,3.55,4.1,3.8249999999999997,3.9,0.0,0.0,0.0,404.0,0.7564,0.7998,0.06,0.0174,-0.0265,0.0111,3.807,0.0,0.0,0.0,4.47499990463257,no_change,2026-08-31T11:58:44,1091.0,804.0
BMNR,2026-09-25,24,Put,21.0,BMNR260925P00021000,0.52,0.59,0.5549999999999999,0.55,0.105,23.5955,2.0,440.0,0.739,-0.2004,0.0602,0.0175,-0.027,-0.0034,0.5672,0.56,0.56,0.55,0.444999992847443,down,2026-09-01T10:36:44,599.0,313.0
BMNR,2026-09-25,24,Call,21.5,BMNR260925C00021500,3.15,3.55,3.3499999999999996,3.33,-0.745,-18.2822,3.0,121.0,0.6947,0.7651,0.0662,0.0191,-0.0291,0.0107,3.4374,3.32,3.36,3.32,4.07499992847443,down,2026-09-01T11:10:52,910.0,71.0
BMNR,2026-09-25,24,Put,21.5,BMNR260925P00021500,0.66,0.73,0.6950000000000001,0.51,0.0,0.0,0.0,139.0,0.7404,-0.2352,0.0665,0.0192,-0.0295,-0.004,0.6964,0.0,0.0,0.0,0.559999972581863,down,2026-08-31T15:59:29,72.0,119.0
BMNR,2026-09-25,24,Call,22.0,BMNR260925C00022000,3.0,3.25,3.125,2.86,-0.815,-22.1769,10.0,595.0,0.7545,0.7275,0.072,0.0207,-0.0314,0.0103,3.0904,2.95,3.14,2.86,3.67500007152557,down,2026-09-01T11:14:57,667.0,765.0
BMNR,2026-09-25,24,Put,22.0,BMNR260925P00022000,0.81,0.9,0.855,0.87,0.18,26.087,10.0,180.0,0.741,-0.273,0.0722,0.0207,-0.0318,-0.0046,0.8483,0.92,0.92,0.8,0.690000027418136,up,2026-09-01T11:41:31,93.0,722.0
BMNR,2026-09-25,24,Call,22.5,BMNR260925C00022500,2.73,2.87,2.8,2.81,-0.515,-15.4887,5.0,333.0,0.7507,0.6874,0.0769,0.022,-0.0335,0.0099,2.7678,3.01,3.01,2.53,3.32499992847443,no_change,2026-09-01T10:13:00,53.0,566.0
BMNR,2026-09-25,24,Put,22.5,BMNR260925P00022500,0.99,1.09,1.04,1.14,0.295,34.9112,30.0,239.0,0.743,-0.3133,0.0772,0.0221,-0.0339,-0.0053,1.0248,1.07,1.18,1.05,0.844999998807907,up,2026-09-01T11:04:15,209.0,665.0
BMNR,2026-09-25,24,Call,23.0,BMNR260925C00023000,2.43,2.74,2.585,2.39,-0.71,-22.9032,32.0,632.0,0.7852,0.6456,0.0808,0.0232,-0.0353,0.0094,2.4703,2.29,2.54,2.25,3.10000002384186,down,2026-09-01T11:06:55,57.0,999.0
BMNR,2026-09-25,24,Put,23.0,BMNR260925P00023000,1.2,1.29,1.245,1.25,0.25,25.0,60.0,672.0,0.7438,-0.3553,0.0812,0.0232,-0.0356,-0.0059,1.2264,1.2,1.35,1.2,1.0,down,2026-09-01T11:39:14,228.0,489.0
BMNR,2026-09-25,24,Call,23.5,BMNR260925C00023500,2.19,2.3,2.245,2.02,-0.805,-28.4956,19.0,481.0,0.7563,0.6028,0.0836,0.024,-0.0367,0.0088,2.1983,2.06,2.22,2.02,2.82500004768372,down,2026-09-01T11:14:52,3.0,473.0
BMNR,2026-09-25,24,Put,23.5,BMNR260925P00023500,1.42,1.52,1.47,1.61,0.4,33.0579,62.0,126.0,0.7437,-0.3982,0.0841,0.024,-0.037,-0.0066,1.4535,1.44,1.61,1.36,1.20999997854233,up,2026-09-01T11:16:43,367.0,521.0
BMNR,2026-09-25,24,Call,24.0,BMNR260925C00024000,1.94,2.04,1.99,1.8,-0.735,-28.9941,44.0,671.0,0.7547,0.5598,0.0853,0.0246,-0.0377,0.0082,1.9516,1.86,1.95,1.8,2.5349999666214,no_change,2026-09-01T11:15:40,64.0,517.0
BMNR,2026-09-25,24,Put,24.0,BMNR260925P00024000,1.68,1.75,1.7149999999999999,1.74,0.31,21.6783,107.0,348.0,0.7426,-0.4414,0.0858,0.0246,-0.038,-0.0073,1.7062,1.42,1.89,1.42,1.43000000715256,down,2026-09-01T11:41:31,79.0,208.0
BMNR,2026-09-25,24,Call,25.0,BMNR260925C00025000,1.52,1.6,1.56,1.56,-0.47,-23.1527,55.0,1921.0,0.7585,0.4761,0.0853,0.0248,-0.0385,0.0071,1.53,1.65,1.65,1.33,2.02999997138977,up,2026-09-01T11:39:33,39.0,291.0
BMNR,2026-09-25,24,Put,25.0,BMNR260925P00025000,2.24,2.35,2.295,2.31,0.375,19.3798,5.0,280.0,0.751,-0.5256,0.0858,0.0248,-0.0386,-0.0086,2.2836,2.31,2.31,2.31,1.93500000238419,up,2026-09-01T10:29:28,443.0,191.0
BMNR,2026-09-25,24,Call,26.0,BMNR260925C00026000,1.17,1.25,1.21,1.15,-0.46,-28.5714,58.0,1157.0,0.763,0.3989,0.0815,0.024,-0.0378,0.006,1.195,1.13,1.3,1.13,1.60999995470047,up,2026-09-01T11:05:48,369.0,366.0
BMNR,2026-09-25,24,Put,26.0,BMNR260925P00026000,2.86,3.05,2.955,2.33,0.0,0.0,0.0,162.0,0.7597,-0.6033,0.0821,0.024,-0.0379,-0.0096,2.9479,0.0,0.0,0.0,2.50499999523163,down,2026-08-31T15:57:17,234.0,410.0
BMNR,2026-09-25,24,Call,27.0,BMNR260925C00027000,0.92,0.96,0.94,0.97,-0.305,-23.9216,60.0,964.0,0.7724,0.3306,0.0753,0.0226,-0.036,0.005,0.9328,0.95,0.97,0.85,1.27500003576279,no_change,2026-09-01T11:52:02,19.0,86.0
BMNR,2026-09-25,24,Put,27.0,BMNR260925P00027000,3.6,3.8,3.7,3.7,0.0,0.0,0.0,58.0,0.7756,-0.6721,0.0759,0.0225,-0.036,-0.0104,3.6855,0.0,0.0,0.0,3.19999992847443,no_change,2026-08-31T11:04:58,152.0,222.0
BMNR,2026-09-25,24,Call,28.0,BMNR260925C00028000,0.67,0.76,0.7150000000000001,0.7,-0.31,-30.6931,28.0,541.0,0.7758,0.2721,0.0677,0.0207,-0.0334,0.0041,0.7294,0.69,0.7,0.69,1.00999999046326,up,2026-09-01T11:00:44,821.0,356.0
BMNR,2026-09-25,24,Put,28.0,BMNR260925P00028000,4.35,4.8,4.574999999999999,4.4,0.5,12.8205,4.0,21.0,0.8276,-0.7311,0.0684,0.0205,-0.0334,-0.0111,4.4822,4.51,4.51,4.4,3.89999997615814,down,2026-09-01T10:50:04,98.0,804.0
BMNR,2026-09-25,24,Call,28.5,BMNR260925C00028500,0.6,0.68,0.64,0.62,-0.275,-30.7263,12.0,153.0,0.787,0.2465,0.0638,0.0196,-0.032,0.0038,0.6457,0.59,0.62,0.59,0.895000010728836,no_change,2026-09-01T11:21:25,737.0,356.0
BMNR,2026-09-25,24,Put,28.5,BMNR260925P00028500,4.65,5.3,4.975,3.6,0.0,0.0,0.0,100.0,0.8288,-0.757,0.0645,0.0194,-0.0319,-0.0113,4.8987,0.0,0.0,0.0,4.42499995231628,no_change,2026-08-27T13:03:52,629.0,1020.0
BMNR,2026-09-25,24,Call,29.0,BMNR260925C00029000,0.51,0.6,0.5549999999999999,0.62,-0.18,-22.5,85.0,176.0,0.7879,0.2231,0.0598,0.0186,-0.0305,0.0034,0.5722,0.64,0.64,0.56,0.799999982118606,up,2026-09-01T10:07:45,971.0,364.0
BMNR,2026-09-25,24,Put,29.0,BMNR260925P00029000,5.05,5.65,5.35,4.15,0.0,0.0,0.0,5.0,0.8105,-0.7806,0.0605,0.0184,-0.0304,-0.0116,5.3255,0.0,0.0,0.0,4.82500004768372,up,2026-08-27T10:45:06,439.0,393.0
BMNR,2026-09-25,24,Call,30.0,BMNR260925C00030000,0.42,0.47,0.44499999999999995,0.45,-0.18,-28.5714,230.0,1670.0,0.8084,0.1827,0.052,0.0165,-0.0274,0.0028,0.4509,0.52,0.52,0.3,0.629999995231628,no_change,2026-09-01T11:49:03,327.0,322.0
BMNR,2026-09-25,24,Put,30.0,BMNR260925P00030000,5.9,6.55,6.225,6.14,0.49,8.67257,1.0,115.0,0.8244,-0.8215,0.0528,0.0162,-0.0272,-0.0116,6.205,6.14,6.14,6.14,5.64999985694885,up,2026-09-01T10:11:50,586.0,694.0
BMNR,2026-09-25,24,Call,35.0,BMNR260925C00035000,0.14,0.17,0.15500000000000003,0.16,-0.065,-28.8889,62.0,1966.0,0.893,0.0684,0.0238,0.0082,-0.0145,0.001,0.148,0.28,0.28,0.15,0.224999994039536,no_change,2026-09-01T10:59:00,259.0,249.0
BMNR,2026-09-25,24,Put,35.0,BMNR260925P00035000,9.85,11.6,10.725,10.64,0.0,0.0,0.0,1.0,0.0,-0.9382,0.025,0.0074,-0.0141,-0.0102,10.9094,0.0,0.0,0.0,10.6000003814697,down,2026-08-24T12:07:41,133.0,139.0
BMNR,2026-10-02,31,Call,5.0,BMNR261002C00005000,17.45,21.25,19.35,19.2,0.0,0.0,0.0,1.0,3.0761,0.9991,0.0002,0.0001,0.0,0.0022,19.2079,0.0,0.0,0.0,19.5,up,2026-08-31T11:07:50,120.0,120.0
BMNR,2026-10-02,31,Put,5.0,BMNR261002P00005000,0.0,0.49,0.245,0.0,0.0,0.0,0.0,0.0,3.4288,-0.0006,0.0002,0.0001,-0.0004,0.0,0.0022,0.0,0.0,0.0,0.340000003576279,no_change,,0.0,1217.0
BMNR,2026-10-02,31,Call,9.0,BMNR261002C00009000,14.1,16.35,15.225000000000001,0.0,0.0,0.0,0.0,0.0,1.3026,0.9963,0.0009,0.0006,0.0,0.0077,15.2256,0.0,0.0,0.0,15.5750002861023,no_change,,120.0,120.0
BMNR,2026-10-02,31,Put,9.0,BMNR261002P00009000,0.0,0.5,0.25,0.0,0.0,0.0,0.0,0.0,2.2182,-0.0028,0.0009,0.0006,-0.0012,-0.0001,0.0082,0.0,0.0,0.0,0.340000003576279,no_change,,0.0,1181.0
BMNR,2026-10-02,31,Call,10.0,BMNR261002C00010000,13.25,15.4,14.325,0.0,0.0,0.0,0.0,0.0,1.6796,0.995,0.0014,0.0008,0.0,0.0087,14.2327,0.0,0.0,0.0,14.4000000953674,no_change,,142.0,149.0
BMNR,2026-10-02,31,Put,10.0,BMNR261002P00010000,0.0,0.5,0.25,0.0,0.0,0.0,0.0,0.0,2.0058,-0.004,0.0014,0.0008,-0.0016,-0.0001,0.0116,0.0,0.0,0.0,0.245000004768372,no_change,,0.0,1284.0
BMNR,2026-10-02,31,Call,11.0,BMNR261002C00011000,12.05,14.4,13.225000000000001,0.0,0.0,0.0,0.0,0.0,0.0,0.9931,0.002,0.0012,-0.0005,0.0097,13.2419,0.0,0.0,0.0,13.4500002861023,no_change,,120.0,140.0
BMNR,2026-10-02,31,Put,11.0,BMNR261002P00011000,0.0,0.5,0.25,0.0,0.0,0.0,0.0,0.0,1.8147,-0.0059,0.002,0.0012,-0.0021,-0.0001,0.0164,0.0,0.0,0.0,0.245000004768372,no_change,,0.0,1286.0
BMNR,2026-10-02,31,Call,12.0,BMNR261002C00012000,11.5,13.4,12.45,12.86,0.0,0.0,0.0,8.0,1.595,0.9904,0.0031,0.0016,-0.0012,0.0106,12.2524,0.0,0.0,0.0,12.625,no_change,2026-08-31T15:13:12,136.0,136.0
BMNR,2026-10-02,31,Put,12.0,BMNR261002P00012000,0.0,0.7,0.35,0.05,0.0,0.0,0.0,46.0,1.781,-0.0086,0.0031,0.0016,-0.0027,-0.0002,0.0234,0.0,0.0,0.0,0.344999998807907,down,2026-08-20T09:58:52,0.0,1277.0
BMNR,2026-10-02,31,Call,13.0,BMNR261002C00013000,10.3,12.4,11.350000000000001,0.0,0.0,0.0,0.0,0.0,1.2579,0.9864,0.0045,0.0023,-0.0022,0.0114,11.2667,0.0,0.0,0.0,11.8499999046326,no_change,,133.0,133.0
BMNR,2026-10-02,31,Put,13.0,BMNR261002P00013000,0.0,0.11,0.055,0.05,0.0,0.0,0.0,8.0,1.0998,-0.0126,0.0045,0.0023,-0.0036,-0.0003,0.0337,0.0,0.0,0.0,0.165000006556511,no_change,2026-08-28T14:39:44,0.0,845.0
BMNR,2026-10-02,31,Call,13.5,BMNR261002C00013500,9.85,11.9,10.875,5.36,0.0,0.0,0.0,10.0,1.2354,0.9838,0.0054,0.0027,-0.0028,0.0118,10.7756,0.0,0.0,0.0,11.2000002861023,no_change,2026-08-17T11:38:02,141.0,141.0
BMNR,2026-10-02,31,Put,13.5,BMNR261002P00013500,0.0,0.5,0.25,0.05,0.0,0.0,0.0,76.0,1.4048,-0.0153,0.0055,0.0027,-0.0042,-0.0003,0.0406,0.0,0.0,0.0,0.245000004768372,down,2026-08-27T14:32:26,0.0,2013.0
BMNR,2026-10-02,31,Call,14.0,BMNR261002C00014000,9.65,11.15,10.4,8.45,0.0,0.0,0.0,1.0,1.2078,0.9805,0.0066,0.0032,-0.0035,0.0122,10.286,0.0,0.0,0.0,10.7000002861023,up,2026-08-21T10:26:22,126.0,126.0
BMNR,2026-10-02,31,Put,14.0,BMNR261002P00014000,0.01,0.09,0.049999999999999996,0.07,-0.175,-71.4286,20.0,8.0,0.968,-0.0185,0.0066,0.0032,-0.0048,-0.0004,0.049,0.07,0.07,0.07,0.245000004768372,up,2026-09-01T10:45:43,643.0,970.0
BMNR,2026-10-02,31,Call,14.5,BMNR261002C00014500,9.15,10.85,10.0,11.38,0.0,0.0,0.0,1.0,1.275,0.9766,0.008,0.0038,-0.0043,0.0125,9.7983,0.0,0.0,0.0,10.0,up,2026-08-27T10:10:36,157.0,157.0
BMNR,2026-10-02,31,Put,14.5,BMNR261002P00014500,0.0,0.11,0.055,0.35,0.0,0.0,0.0,7.0,0.9278,-0.0224,0.008,0.0038,-0.0055,-0.0005,0.0593,0.0,0.0,0.0,0.375,down,2026-08-19T10:24:46,0.0,1.0
BMNR,2026-10-02,31,Call,15.0,BMNR261002C00015000,8.7,10.4,9.55,9.55,0.0,0.0,0.0,5.0,1.2592,0.9719,0.0096,0.0044,-0.0052,0.0128,9.3133,0.0,0.0,0.0,9.77500009536743,up,2026-08-25T10:05:35,163.0,137.0
BMNR,2026-10-02,31,Put,15.0,BMNR261002P00015000,0.0,0.11,0.055,0.08,0.0,0.0,0.0,107.0,0.8742,-0.0271,0.0096,0.0044,-0.0063,-0.0006,0.072,0.0,0.0,0.0,0.189999997615814,no_change,2026-08-27T15:27:17,0.0,307.0
BMNR,2026-10-02,31,Call,15.5,BMNR261002C00015500,7.4,10.0,8.7,0.0,0.0,0.0,0.0,0.0,0.0,0.9662,0.0115,0.0052,-0.0062,0.0132,8.8308,0.0,0.0,0.0,9.125,no_change,,197.0,179.0
BMNR,2026-10-02,31,Put,15.5,BMNR261002P00015500,0.0,0.16,0.08,0.15,0.0,0.0,0.0,260.0,0.8791,-0.0328,0.0116,0.0052,-0.0072,-0.0007,0.0874,0.0,0.0,0.0,0.204999998211861,up,2026-08-28T11:54:07,0.0,1319.0
BMNR,2026-10-02,31,Call,16.0,BMNR261002C00016000,7.95,9.25,8.6,9.1,0.0,0.0,0.0,64.0,1.167,0.9594,0.0138,0.0061,-0.0073,0.0134,8.3517,0.0,0.0,0.0,8.60000014305115,up,2026-08-25T15:48:59,381.0,289.0
BMNR,2026-10-02,31,Put,16.0,BMNR261002P00016000,0.06,0.14,0.1,0.09,-0.01,-10.0,9.0,161.0,0.8624,-0.0397,0.0138,0.0061,-0.0083,-0.0009,0.1064,0.15,0.15,0.09,0.100000000558794,no_change,2026-09-01T11:27:50,3.0,799.0
BMNR,2026-10-02,31,Call,16.5,BMNR261002C00016500,7.2,8.9,8.05,0.0,0.0,0.0,0.0,0.0,1.0514,0.9511,0.0164,0.0071,-0.0085,0.0137,7.877,0.0,0.0,0.0,8.0750002861023,no_change,,122.0,168.0
BMNR,2026-10-02,31,Put,16.5,BMNR261002P00016500,0.0,0.7,0.35,0.22,0.0,0.0,0.0,22.0,1.095,-0.048,0.0164,0.0071,-0.0094,-0.0011,0.1297,0.0,0.0,0.0,0.114999999292195,up,2026-08-31T09:35:53,0.0,2026.0
BMNR,2026-10-02,31,Call,17.0,BMNR261002C00017000,6.85,8.5,7.675,8.47,0.0,0.0,0.0,63.0,1.0925,0.9413,0.0194,0.0082,-0.0099,0.0139,7.4075,0.0,0.0,0.0,7.4249997138977,up,2026-08-28T10:44:23,328.0,275.0
BMNR,2026-10-02,31,Put,17.0,BMNR261002P00017000,0.01,0.36,0.185,0.12,0.0,0.0,0.0,102.0,0.868,-0.0579,0.0195,0.0082,-0.0108,-0.0013,0.1583,0.0,0.0,0.0,0.11500000115484,down,2026-08-31T12:08:24,1465.0,1939.0
BMNR,2026-10-02,31,Call,17.5,BMNR261002C00017500,6.35,7.3,6.824999999999999,5.45,0.0,0.0,0.0,16.0,0.6632,0.9296,0.0229,0.0095,-0.0114,0.0141,6.944,0.0,0.0,0.0,7.27500009536743,up,2026-08-21T09:54:10,125.0,123.0
BMNR,2026-10-02,31,Put,17.5,BMNR261002P00017500,0.07,0.38,0.225,0.2,0.045,29.0323,10.0,62.0,0.8527,-0.0696,0.023,0.0095,-0.0122,-0.0016,0.1934,0.2,0.2,0.2,0.154999997466803,up,2026-09-01T09:46:17,1448.0,2305.0
BMNR,2026-10-02,31,Call,18.0,BMNR261002C00018000,5.95,7.05,6.5,6.76,0.0,0.0,0.0,235.0,0.8154,0.9157,0.0268,0.0109,-0.013,0.0142,6.4892,0.0,0.0,0.0,6.72500014305115,down,2026-08-28T12:14:49,991.0,815.0
BMNR,2026-10-02,31,Put,18.0,BMNR261002P00018000,0.18,0.28,0.23,0.06,-0.13,-68.4211,1.0,61.0,0.7997,-0.0835,0.0268,0.0109,-0.0138,-0.0019,0.2362,0.06,0.06,0.06,0.190000001341104,down,2026-09-01T10:31:34,456.0,758.0
BMNR,2026-10-02,31,Call,18.5,BMNR261002C00018500,5.4,7.1,6.25,7.0,0.0,0.0,0.0,12.0,0.943,0.8995,0.031,0.0124,-0.0148,0.0142,6.0432,0.0,0.0,0.0,6.29999995231628,down,2026-08-31T15:50:00,123.0,136.0
BMNR,2026-10-02,31,Put,18.5,BMNR261002P00018500,0.19,0.35,0.27,0.24,0.005,2.12766,1.0,41.0,0.7772,-0.0997,0.0311,0.0124,-0.0156,-0.0022,0.2883,0.24,0.24,0.24,0.235000006854534,down,2026-09-01T09:38:49,1221.0,1159.0
BMNR,2026-10-02,31,Call,19.0,BMNR261002C00019000,4.95,6.5,5.725,6.57,0.0,0.0,0.0,84.0,0.8603,0.8808,0.0357,0.014,-0.0168,0.0142,5.6081,0.0,0.0,0.0,5.89999985694885,no_change,2026-08-28T11:00:53,781.0,708.0
BMNR,2026-10-02,31,Put,19.0,BMNR261002P00019000,0.28,0.39,0.335,0.34,0.065,23.6364,3.0,70.0,0.7689,-0.1185,0.0358,0.0141,-0.0174,-0.0026,0.3515,0.33,0.34,0.32,0.275000005960464,up,2026-09-01T11:46:58,654.0,551.0
BMNR,2026-10-02,31,Call,19.5,BMNR261002C00019500,4.7,5.65,5.175000000000001,5.37,0.0,0.0,0.0,255.0,0.7638,0.8593,0.0406,0.0158,-0.0187,0.0141,5.186,0.0,0.0,0.0,5.125,down,2026-08-28T12:18:26,980.0,851.0
BMNR,2026-10-02,31,Put,19.5,BMNR261002P00019500,0.38,0.47,0.425,0.4,0.055,15.942,1.0,46.0,0.7693,-0.1401,0.0407,0.0158,-0.0194,-0.0031,0.4275,0.4,0.4,0.4,0.344999998807907,up,2026-09-01T10:39:26,438.0,522.0
BMNR,2026-10-02,31,Call,20.0,BMNR261002C00020000,4.35,4.95,4.65,4.92,-0.455,-8.46512,100.0,283.0,0.6859,0.835,0.0456,0.0175,-0.0208,0.014,4.7781,4.92,4.92,4.92,5.375,down,2026-09-01T09:36:37,892.0,126.0
BMNR,2026-10-02,31,Put,20.0,BMNR261002P00020000,0.47,0.54,0.505,0.51,0.06,13.3333,61.0,239.0,0.7548,-0.1645,0.0458,0.0176,-0.0214,-0.0036,0.5184,0.51,0.54,0.48,0.449999988079071,no_change,2026-09-01T11:39:38,409.0,138.0
BMNR,2026-10-02,31,Call,20.5,BMNR261002C00020500,3.75,4.75,4.25,4.95,0.0,0.0,0.0,81.0,0.6818,0.8078,0.0507,0.0193,-0.0228,0.0137,4.3878,0.0,0.0,0.0,5.04999995231628,up,2026-08-31T15:31:47,894.0,679.0
BMNR,2026-10-02,31,Put,20.5,BMNR261002P00020500,0.56,0.72,0.64,0.54,0.0,0.0,0.0,17.0,0.763,-0.1917,0.0509,0.0193,-0.0234,-0.0042,0.6259,0.0,0.0,0.0,0.529999986290932,down,2026-08-31T14:52:36,329.0,543.0
BMNR,2026-10-02,31,Call,21.0,BMNR261002C00021000,3.55,4.3,3.925,4.22,0.0,0.0,0.0,461.0,0.7068,0.7781,0.0556,0.021,-0.0248,0.0134,4.0156,0.0,0.0,0.0,4.57500004768372,up,2026-08-31T12:21:05,1206.0,734.0
BMNR,2026-10-02,31,Put,21.0,BMNR261002P00021000,0.66,0.94,0.8,0.68,0.04,6.25,1.0,488.0,0.7732,-0.2216,0.0558,0.021,-0.0253,-0.0049,0.7521,0.68,0.68,0.68,0.639999985694885,up,2026-09-01T09:31:46,836.0,1409.0
BMNR,2026-10-02,31,Call,21.5,BMNR261002C00021500,3.3,3.8,3.55,3.58,0.0,0.0,0.0,62.0,0.6961,0.7459,0.0603,0.0226,-0.0268,0.013,3.6634,0.0,0.0,0.0,4.45000004768372,down,2026-08-28T15:27:10,600.0,56.0
BMNR,2026-10-02,31,Put,21.5,BMNR261002P00021500,0.77,1.04,0.905,0.81,0.0,0.0,0.0,31.0,0.7497,-0.2539,0.0605,0.0227,-0.0272,-0.0056,0.8984,0.0,0.0,0.0,0.770000010728836,up,2026-08-31T14:37:49,760.0,703.0
BMNR,2026-10-02,31,Call,22.0,BMNR261002C00022000,3.2,3.45,3.325,3.4,-0.525,-13.3758,2.0,646.0,0.7413,0.7117,0.0644,0.0241,-0.0285,0.0126,3.3327,3.37,3.4,3.37,3.92499995231628,up,2026-09-01T10:58:46,529.0,62.0
BMNR,2026-10-02,31,Put,22.0,BMNR261002P00022000,0.98,1.15,1.065,1.13,0.235,26.257,78.0,495.0,0.7441,-0.2883,0.0647,0.0242,-0.0289,-0.0063,1.0662,1.05,1.23,0.91,0.894999980926514,up,2026-09-01T11:11:46,603.0,496.0
BMNR,2026-10-02,31,Call,22.5,BMNR261002C00022500,2.69,3.2,2.9450000000000003,3.0,-0.675,-18.3673,8.0,153.0,0.7124,0.6759,0.0679,0.0254,-0.0301,0.012,3.0242,3.2,3.2,3.0,3.67499995231628,down,2026-09-01T09:49:52,819.0,202.0
BMNR,2026-10-02,31,Put,22.5,BMNR261002P00022500,1.11,1.46,1.2850000000000001,1.04,0.0,0.0,0.0,47.0,0.7549,-0.3242,0.0682,0.0254,-0.0304,-0.0071,1.2563,0.0,0.0,0.0,1.07500001788139,down,2026-08-31T15:09:01,604.0,690.0
BMNR,2026-10-02,31,Call,23.0,BMNR261002C00023000,2.59,2.9,2.745,2.74,-0.635,-18.8148,12.0,467.0,0.7464,0.639,0.0707,0.0265,-0.0314,0.0115,2.7385,2.82,2.82,2.73,3.375,up,2026-09-01T10:38:58,946.0,684.0
BMNR,2026-10-02,31,Put,23.0,BMNR261002P00023000,1.4,1.65,1.525,1.3,0.04,3.1746,2.0,151.0,0.7649,-0.3612,0.0711,0.0265,-0.0317,-0.0078,1.4692,1.3,1.3,1.3,1.25999999046326,up,2026-09-01T09:35:42,121.0,739.0
BMNR,2026-10-02,31,Call,23.5,BMNR261002C00023500,2.32,2.6,2.46,2.5,-0.555,-18.1669,7.0,171.0,0.7396,0.6017,0.0728,0.0273,-0.0325,0.0109,2.4754,2.4,2.5,2.4,3.0550000667572,no_change,2026-09-01T10:08:49,570.0,78.0
BMNR,2026-10-02,31,Put,23.5,BMNR261002P00023500,1.59,1.8,1.695,1.78,0.0,0.0,0.0,63.0,0.7416,-0.3988,0.0731,0.0273,-0.0328,-0.0087,1.705,0.0,0.0,0.0,1.5,down,2026-08-31T12:25:42,426.0,173.0
BMNR,2026-10-02,31,Call,24.0,BMNR261002C00024000,2.07,2.43,2.25,2.25,-0.585,-20.6349,60.0,801.0,0.7532,0.5644,0.074,0.0278,-0.0333,0.0103,2.2346,2.25,2.25,2.05,2.83500003814697,up,2026-09-01T10:54:27,984.0,796.0
BMNR,2026-10-02,31,Put,24.0,BMNR261002P00024000,1.81,2.18,1.995,2.06,0.38,22.619,69.0,363.0,0.7591,-0.4363,0.0744,0.0278,-0.0336,-0.0094,1.9631,2.02,2.1,1.9,1.68000000715256,down,2026-09-01T11:12:49,1038.0,1392.0
BMNR,2026-10-02,31,Call,25.0,BMNR261002C00025000,1.64,1.98,1.81,1.68,-0.59,-25.9912,95.0,867.0,0.7526,0.4917,0.0743,0.0282,-0.0342,0.0091,1.8166,1.98,2.0,1.67,2.2700001001358,down,2026-09-01T11:12:49,1075.0,707.0
BMNR,2026-10-02,31,Put,25.0,BMNR261002P00025000,2.42,2.76,2.59,2.64,0.46,21.1009,110.0,305.0,0.7715,-0.5094,0.0747,0.0282,-0.0343,-0.0108,2.5432,2.41,2.69,2.4,2.17999994754791,down,2026-09-01T11:12:49,608.0,915.0
BMNR,2026-10-02,31,Call,26.0,BMNR261002C00026000,1.35,1.55,1.4500000000000002,1.66,0.0,0.0,0.0,486.0,0.7556,0.424,0.072,0.0277,-0.034,0.0079,1.4752,0.0,0.0,0.0,1.85000002384186,up,2026-08-31T12:47:21,491.0,25.0
BMNR,2026-10-02,31,Put,26.0,BMNR261002P00026000,3.1,3.35,3.225,2.6,0.0,0.0,0.0,18.0,0.7737,-0.5776,0.0725,0.0276,-0.034,-0.0121,3.2003,0.0,0.0,0.0,2.7849999666214,down,2026-08-27T14:59:47,132.0,259.0
BMNR,2026-10-02,31,Call,27.0,BMNR261002C00027000,1.15,1.27,1.21,1.17,-0.36,-23.5294,82.0,985.0,0.7804,0.363,0.0679,0.0265,-0.033,0.0068,1.1994,1.06,1.28,1.06,1.53000003099442,down,2026-09-01T11:44:11,23.0,495.0
BMNR,2026-10-02,31,Put,27.0,BMNR261002P00027000,3.75,4.05,3.9,4.0,0.55,15.942,3.0,15.0,0.7676,-0.639,0.0685,0.0264,-0.033,-0.0132,3.9232,4.0,4.0,3.85,3.45000004768372,up,2026-09-01T11:01:03,583.0,582.0
BMNR,2026-10-02,31,Call,28.0,BMNR261002C00028000,0.85,1.04,0.9450000000000001,1.0,-0.23,-18.6992,261.0,539.0,0.7761,0.3093,0.0627,0.0249,-0.0315,0.0058,0.9777,1.0,1.0,0.89,1.22999995946884,up,2026-09-01T11:51:08,1046.0,515.0
BMNR,2026-10-02,31,Put,28.0,BMNR261002P00028000,4.5,4.9,4.7,4.72,0.0,0.0,0.0,6.0,0.7889,-0.6931,0.0634,0.0248,-0.0314,-0.0142,4.7009,0.0,0.0,0.0,4.14999997615814,down,2026-08-31T09:32:13,262.0,254.0
BMNR,2026-10-02,31,Call,28.5,BMNR261002C00028500,0.73,1.12,0.925,1.17,0.0,0.0,0.0,11.0,0.8129,0.2853,0.06,0.024,-0.0306,0.0054,0.8841,0.0,0.0,0.0,1.07499998807907,up,2026-08-31T15:45:38,825.0,901.0
BMNR,2026-10-02,31,Put,28.5,BMNR261002P00028500,4.95,5.3,5.125,0.0,0.0,0.0,0.0,0.0,0.8035,-0.7174,0.0606,0.0239,-0.0304,-0.0145,5.107,0.0,0.0,0.0,4.52499985694885,no_change,,171.0,250.0
BMNR,2026-10-02,31,Call,29.0,BMNR261002C00029000,0.55,0.89,0.72,0.95,0.0,0.0,0.0,13.0,0.7675,0.2631,0.0571,0.0231,-0.0296,0.005,0.8002,0.0,0.0,0.0,0.985000014305115,no_change,2026-08-31T13:02:47,1127.0,193.0
BMNR,2026-10-02,31,Put,29.0,BMNR261002P00029000,5.2,5.9,5.550000000000001,0.0,0.0,0.0,0.0,0.0,0.8146,-0.7398,0.0578,0.0229,-0.0294,-0.0148,5.5229,0.0,0.0,0.0,4.92499995231628,no_change,,459.0,448.0
BMNR,2026-10-02,31,Call,30.0,BMNR261002C00030000,0.61,0.77,0.69,0.65,-0.22,-25.2874,87.0,1388.0,0.832,0.2236,0.0514,0.0211,-0.0275,0.0043,0.6578,0.72,0.72,0.55,0.870000004768372,up,2026-09-01T11:43:17,15.0,819.0
BMNR,2026-10-02,31,Put,30.0,BMNR261002P00030000,6.2,6.75,6.475,6.3,0.475,8.15451,101.0,23.0,0.8614,-0.7798,0.0522,0.0209,-0.0272,-0.0152,6.3803,5.95,6.3,5.95,5.82499980926514,up,2026-09-01T10:11:50,342.0,624.0
BMNR,2026-10-02,31,Call,35.0,BMNR261002C00035000,0.25,0.29,0.27,0.28,-0.055,-16.4179,186.0,2031.0,0.8894,0.1014,0.0281,0.0125,-0.0174,0.0019,0.2657,0.28,0.3,0.23,0.33500000834465,no_change,2026-09-01T11:17:48,102.0,39.0
BMNR,2026-10-02,31,Put,35.0,BMNR261002P00035000,10.05,11.65,10.850000000000001,9.35,0.0,0.0,0.0,33.0,0.7326,-0.9043,0.029,0.0118,-0.0167,-0.015,10.9916,0.0,0.0,0.0,10.625,up,2026-08-27T14:13:36,154.0,154.0
BMNR,2026-10-09,38,Call,15.0,BMNR261009C00015000,8.35,10.4,9.375,0.0,0.0,0.0,0.0,0.0,0.9439,0.9651,0.0107,0.0058,-0.0056,0.0153,9.3318,0.0,0.0,0.0,9.65000009536743,no_change,,172.0,172.0
BMNR,2026-10-09,38,Put,15.0,BMNR261009P00015000,0.02,0.11,0.065,0.0,0.0,0.0,0.0,0.0,0.8133,-0.0332,0.0108,0.0058,-0.0065,-0.0009,0.097,0.0,0.0,0.0,0.270000010728836,no_change,,168.0,23.0
BMNR,2026-10-09,38,Call,17.0,BMNR261009C00017000,6.9,7.7,7.300000000000001,0.0,0.0,0.0,0.0,0.0,0.6103,0.9288,0.0208,0.0105,-0.0102,0.0164,7.4589,0.0,0.0,0.0,7.80000019073486,no_change,,123.0,115.0
BMNR,2026-10-09,38,Put,17.0,BMNR261009P00017000,0.1,0.25,0.175,0.21,0.0,0.0,0.0,12.0,0.7742,-0.0696,0.0209,0.0105,-0.011,-0.0019,0.2147,0.0,0.0,0.0,0.195000000298023,down,2026-08-31T11:22:06,934.0,519.0
BMNR,2026-10-09,38,Call,18.0,BMNR261009C00018000,5.55,7.8,6.675,6.65,0.0,0.0,0.0,1.0,0.8682,0.9002,0.0278,0.0136,-0.0133,0.0167,6.5654,0.0,0.0,0.0,6.90000009536743,up,2026-08-31T11:08:10,123.0,122.0
BMNR,2026-10-09,38,Put,18.0,BMNR261009P00018000,0.14,0.55,0.34500000000000003,0.33,0.0,0.0,0.0,6.0,0.8122,-0.0982,0.0279,0.0136,-0.0139,-0.0027,0.3166,0.0,0.0,0.0,0.215000001713634,down,2026-08-31T11:05:54,1494.0,1263.0
BMNR,2026-10-09,38,Call,19.0,BMNR261009C00019000,5.35,6.45,5.9,0.0,0.0,0.0,0.0,0.0,0.8771,0.8629,0.0357,0.017,-0.0166,0.0166,5.715,0.0,0.0,0.0,6.02499985694885,no_change,,328.0,448.0
BMNR,2026-10-09,38,Put,19.0,BMNR261009P00019000,0.4,0.49,0.445,0.42,-0.04,-8.69565,2.0,4.0,0.764,-0.1356,0.0358,0.0171,-0.0172,-0.0037,0.4616,0.45,0.45,0.42,0.459999993443489,down,2026-09-01T10:48:19,194.0,311.0
BMNR,2026-10-09,38,Call,20.0,BMNR261009C00020000,4.75,5.1,4.925,5.48,0.0,0.0,0.0,14.0,0.7638,0.8164,0.0441,0.0207,-0.0201,0.0163,4.9197,0.0,0.0,0.0,5.54999995231628,up,2026-08-31T14:31:22,246.0,73.0
BMNR,2026-10-09,38,Put,20.0,BMNR261009P00020000,0.52,0.72,0.62,0.65,0.09,16.0714,6.0,6.0,0.7407,-0.1823,0.0442,0.0207,-0.0206,-0.005,0.6621,0.65,0.65,0.65,0.560000002384186,no_change,2026-09-01T11:36:54,1424.0,523.0
BMNR,2026-10-09,38,Call,20.5,BMNR261009C00020500,4.1,4.9,4.5,0.0,0.0,0.0,0.0,0.0,0.736,0.7899,0.0482,0.0225,-0.0218,0.016,4.5466,0.0,0.0,0.0,4.92500019073486,no_change,,548.0,506.0
BMNR,2026-10-09,38,Put,20.5,BMNR261009P00020500,0.7,0.9,0.8,0.72,0.0,0.0,0.0,51.0,0.7627,-0.2089,0.0483,0.0225,-0.0223,-0.0057,0.7869,0.0,0.0,0.0,0.685000002384186,up,2026-08-28T11:33:55,108.0,468.0
BMNR,2026-10-09,38,Call,21.0,BMNR261009C00021000,3.75,4.4,4.075,4.32,0.0,0.0,0.0,114.0,0.7048,0.7614,0.052,0.0242,-0.0235,0.0156,4.1915,0.0,0.0,0.0,4.77499985694885,up,2026-08-31T12:29:35,648.0,174.0
BMNR,2026-10-09,38,Put,21.0,BMNR261009P00021000,0.79,1.07,0.93,0.95,0.03,3.26087,2.0,30.0,0.7537,-0.2375,0.0522,0.0242,-0.0239,-0.0064,0.9298,0.95,0.95,0.95,0.919999986886978,down,2026-09-01T09:52:46,1271.0,1033.0
BMNR,2026-10-09,38,Call,21.5,BMNR261009C00021500,3.6,4.0,3.8,4.55,0.0,0.0,0.0,15.0,0.7298,0.7312,0.0556,0.0258,-0.025,0.0152,3.8555,0.0,0.0,0.0,4.57500004768372,up,2026-08-31T15:38:01,342.0,63.0
BMNR,2026-10-09,38,Put,21.5,BMNR261009P00021500,1.0,1.24,1.12,0.96,0.0,0.0,0.0,3.0,0.7624,-0.2678,0.0558,0.0258,-0.0254,-0.0074,1.0918,0.0,0.0,0.0,0.945000022649765,down,2026-08-31T13:10:25,131.0,584.0
BMNR,2026-10-09,38,Call,22.0,BMNR261009C00022000,3.4,3.75,3.575,3.47,0.0,0.0,0.0,11.0,0.7635,0.6996,0.0588,0.0272,-0.0265,0.0147,3.5393,0.0,0.0,0.0,4.07500004768372,up,2026-08-31T11:19:02,419.0,369.0
BMNR,2026-10-09,38,Put,22.0,BMNR261009P00022000,1.19,1.37,1.28,1.29,0.175,15.6951,9.0,15.0,0.7527,-0.2996,0.059,0.0272,-0.0268,-0.0081,1.2738,1.21,1.29,1.21,1.11500000953674,no_change,2026-09-01T11:22:30,399.0,607.0
BMNR,2026-10-09,38,Call,22.5,BMNR261009C00022500,3.05,3.4,3.2249999999999996,3.18,-0.745,-18.9809,23.0,13.0,0.7438,0.667,0.0614,0.0284,-0.0277,0.0141,3.2434,3.8,3.8,3.18,3.92500007152557,down,2026-09-01T11:10:52,790.0,444.0
BMNR,2026-10-09,38,Put,22.5,BMNR261009P00022500,1.38,1.71,1.545,1.45,0.205,16.4659,1.0,2.0,0.7745,-0.3323,0.0617,0.0284,-0.028,-0.0091,1.476,1.45,1.45,1.45,1.24500000476837,up,2026-09-01T09:48:15,124.0,832.0
BMNR,2026-10-09,38,Call,23.0,BMNR261009C00023000,2.85,3.15,3.0,3.1,-0.4,-11.4286,4.0,14.0,0.7619,0.6338,0.0636,0.0294,-0.0288,0.0136,2.9678,3.23,3.23,3.03,3.5,up,2026-09-01T10:08:51,646.0,539.0
BMNR,2026-10-09,38,Put,23.0,BMNR261009P00023000,1.56,1.77,1.665,1.56,0.085,5.76271,4.0,14.0,0.7395,-0.3657,0.0639,0.0294,-0.0291,-0.0099,1.6988,1.62,1.62,1.56,1.47499996423721,down,2026-09-01T11:45:56,705.0,46.0
BMNR,2026-10-09,38,Call,23.5,BMNR261009C00023500,2.54,2.9,2.7199999999999998,3.0,0.0,0.0,0.0,3.0,0.755,0.6003,0.0651,0.0302,-0.0297,0.0129,2.7124,0.0,0.0,0.0,3.29999995231628,up,2026-08-31T12:42:48,596.0,278.0
BMNR,2026-10-09,38,Put,23.5,BMNR261009P00023500,1.75,2.18,1.965,1.91,0.0,0.0,0.0,0.0,0.7602,-0.3993,0.0655,0.0302,-0.0299,-0.0108,1.9417,0.0,0.0,0.0,1.74000000953674,down,2026-08-31T12:07:36,568.0,700.0
BMNR,2026-10-09,38,Call,24.0,BMNR261009C00024000,2.29,2.63,2.46,2.42,-0.47,-16.263,1.0,35.0,0.7493,0.567,0.0661,0.0307,-0.0304,0.0123,2.4767,2.42,2.42,2.42,2.88999998569488,down,2026-09-01T09:56:43,531.0,112.0
BMNR,2026-10-09,38,Put,24.0,BMNR261009P00024000,2.05,2.35,2.2,2.2,0.295,15.4856,1.0,5.0,0.7533,-0.4328,0.0665,0.0308,-0.0306,-0.0116,2.2045,2.2,2.2,2.2,1.90499997138977,no_change,2026-09-01T10:37:58,755.0,595.0
BMNR,2026-10-09,38,Call,24.5,BMNR261009C00024500,2.07,2.47,2.27,2.28,-0.485,-17.5407,6.0,15.0,0.7608,0.5341,0.0666,0.0311,-0.0308,0.0117,2.2601,2.24,2.28,2.23,2.76499998569489,no_change,2026-09-01T10:08:49,595.0,473.0
BMNR,2026-10-09,38,Put,24.5,BMNR261009P00024500,2.35,2.7,2.5250000000000004,2.48,0.0,0.0,0.0,2.0,0.7701,-0.4659,0.067,0.0311,-0.031,-0.0126,2.4863,0.0,0.0,0.0,2.17499995231628,up,2026-08-28T12:01:21,266.0,367.0
BMNR,2026-10-09,38,Call,25.0,BMNR261009C00025000,1.91,2.25,2.08,2.04,-0.49,-19.3676,2.0,82.0,0.767,0.502,0.0665,0.0312,-0.0311,0.011,2.0616,2.04,2.04,2.04,2.53000009059906,down,2026-09-01T11:41:36,719.0,513.0
BMNR,2026-10-09,38,Put,25.0,BMNR261009P00025000,2.6,3.0,2.8,2.59,0.16,6.58436,100.0,4.0,0.7654,-0.4982,0.067,0.0312,-0.0312,-0.0132,2.7865,2.59,2.59,2.59,2.42999994754791,down,2026-09-01T09:30:06,684.0,801.0
BMNR,2026-10-09,38,Call,25.5,BMNR261009C00025500,1.68,2.05,1.8649999999999998,1.89,0.0,0.0,0.0,11.0,0.7601,0.4708,0.066,0.0311,-0.0312,0.0104,1.8801,0.0,0.0,0.0,2.32999992370605,down,2026-08-28T14:59:28,764.0,460.0
BMNR,2026-10-09,38,Put,25.5,BMNR261009P00025500,2.96,3.35,3.1550000000000002,0.0,0.0,0.0,0.0,0.0,0.7814,-0.5296,0.0665,0.0311,-0.0313,-0.0142,3.1039,0.0,0.0,0.0,2.70500004291534,no_change,,242.0,343.0
BMNR,2026-10-09,38,Call,26.0,BMNR261009C00026000,1.51,1.88,1.6949999999999998,1.74,-0.36,-17.1429,4.0,33.0,0.7629,0.4409,0.0651,0.0308,-0.0311,0.0098,1.7148,1.65,1.75,1.65,2.09999996423721,down,2026-09-01T10:19:55,1117.0,696.0
BMNR,2026-10-09,38,Put,26.0,BMNR261009P00026000,3.2,3.75,3.475,0.0,0.0,0.0,0.0,0.0,0.7816,-0.5597,0.0656,0.0308,-0.0312,-0.0148,3.4373,0.0,0.0,0.0,3.17499995231628,no_change,,409.0,426.0
BMNR,2026-10-09,38,Call,26.5,BMNR261009C00026500,1.36,1.75,1.5550000000000002,1.52,-0.415,-21.447,2.0,7.0,0.7709,0.4122,0.0638,0.0304,-0.0309,0.0092,1.5643,1.62,1.62,1.52,1.93500006198883,down,2026-09-01T10:00:41,1164.0,893.0
BMNR,2026-10-09,38,Put,26.5,BMNR261009P00026500,3.65,4.0,3.825,0.0,0.0,0.0,0.0,0.0,0.7869,-0.5886,0.0644,0.0304,-0.0309,-0.0155,3.7858,0.0,0.0,0.0,3.32499992847443,no_change,,173.0,330.0
BMNR,2026-10-09,38,Call,27.0,BMNR261009C00027000,1.23,1.59,1.4100000000000001,1.4,-0.255,-15.4079,10.0,39.0,0.773,0.385,0.0623,0.0299,-0.0305,0.0086,1.4276,1.4,1.4,1.4,1.65500003099442,down,2026-09-01T10:04:28,684.0,542.0
BMNR,2026-10-09,38,Put,27.0,BMNR261009P00027000,3.95,4.55,4.25,0.0,0.0,0.0,0.0,0.0,0.8131,-0.616,0.0628,0.0298,-0.0305,-0.016,4.148,0.0,0.0,0.0,3.77500009536743,no_change,,301.0,391.0
BMNR,2026-10-09,38,Call,27.5,BMNR261009C00027500,1.2,1.36,1.28,1.32,-0.305,-18.7692,136.0,56.0,0.7761,0.3592,0.0605,0.0292,-0.03,0.0081,1.3035,1.27,1.33,1.24,1.625,no_change,2026-09-01T11:49:11,766.0,25.0
BMNR,2026-10-09,38,Put,27.5,BMNR261009P00027500,4.35,4.7,4.525,0.0,0.0,0.0,0.0,0.0,0.7848,-0.6421,0.0611,0.0291,-0.03,-0.0166,4.5231,0.0,0.0,0.0,3.97499990463257,no_change,,187.0,249.0
BMNR,2026-10-09,38,Call,28.0,BMNR261009C00028000,1.1,1.29,1.195,1.18,-0.29,-19.7279,17.0,28.0,0.791,0.335,0.0586,0.0285,-0.0294,0.0075,1.191,1.15,1.18,1.15,1.46999996900558,no_change,2026-09-01T10:40:26,556.0,603.0
BMNR,2026-10-09,38,Put,28.0,BMNR261009P00028000,4.5,5.1,4.8,0.0,0.0,0.0,0.0,0.0,0.7506,-0.6666,0.0592,0.0284,-0.0294,-0.0173,4.9097,0.0,0.0,0.0,4.5,no_change,,493.0,346.0
BMNR,2026-10-09,38,Call,28.5,BMNR261009C00028500,0.89,1.23,1.06,1.03,0.0,0.0,0.0,8.0,0.7846,0.3121,0.0565,0.0277,-0.0288,0.007,1.089,0.0,0.0,0.0,1.24500000476837,down,2026-08-31T10:33:20,877.0,483.0
BMNR,2026-10-09,38,Put,28.5,BMNR261009P00028500,5.0,5.65,5.325,0.0,0.0,0.0,0.0,0.0,0.8017,-0.6896,0.0571,0.0275,-0.0287,-0.0176,5.3069,0.0,0.0,0.0,4.75,no_change,,362.0,380.0
BMNR,2026-10-09,38,Call,29.0,BMNR261009C00029000,0.81,1.23,1.02,1.0,-0.265,-20.9486,2.0,10.0,0.8096,0.2908,0.0543,0.0268,-0.028,0.0066,0.9965,1.0,1.0,1.0,1.26500004529953,down,2026-09-01T10:02:24,1157.0,1135.0
BMNR,2026-10-09,38,Put,29.0,BMNR261009P00029000,5.55,5.9,5.725,0.0,0.0,0.0,0.0,0.0,0.805,-0.7113,0.055,0.0266,-0.0279,-0.0181,5.714,0.0,0.0,0.0,5.10000014305115,no_change,,129.0,256.0
BMNR,2026-10-09,38,Call,29.5,BMNR261009C00029500,0.77,1.01,0.89,0.0,0.0,0.0,0.0,0.0,0.7978,0.2708,0.0521,0.0259,-0.0272,0.0061,0.9126,0.0,0.0,0.0,1.12999999523163,no_change,,821.0,372.0
BMNR,2026-10-09,38,Put,29.5,BMNR261009P00029500,5.7,6.55,6.125,0.0,0.0,0.0,0.0,0.0,0.8049,-0.7314,0.0528,0.0257,-0.0271,-0.0186,6.1294,0.0,0.0,0.0,5.67500019073486,no_change,,442.0,460.0
BMNR,2026-10-09,38,Call,30.0,BMNR261009C00030000,0.72,0.94,0.83,1.06,0.0,0.0,0.0,69.0,0.8098,0.2522,0.0498,0.025,-0.0264,0.0057,0.8367,0.0,0.0,0.0,1.03999999165535,no_change,2026-08-31T15:46:21,642.0,406.0
BMNR,2026-10-09,38,Put,30.0,BMNR261009P00030000,6.15,6.95,6.550000000000001,0.0,0.0,0.0,0.0,0.0,0.8113,-0.7503,0.0506,0.0247,-0.0263,-0.0186,6.5529,0.0,0.0,0.0,5.92499995231628,no_change,,154.0,142.0
BMNR,2026-10-09,38,Call,35.0,BMNR261009C00035000,0.29,0.49,0.39,0.5,0.0,0.0,0.0,19.0,0.8833,0.1255,0.03,0.0161,-0.0181,0.0029,0.3707,0.0,0.0,0.0,0.435000002384186,no_change,2026-08-31T15:57:11,858.0,720.0
BMNR,2026-10-09,38,Put,35.0,BMNR261009P00035000,10.05,12.15,11.100000000000001,0.0,0.0,0.0,0.0,0.0,0.8804,-0.8795,0.031,0.0156,-0.0176,-0.0194,11.086,0.0,0.0,0.0,10.7249999046326,no_change,,121.0,120.0
BMNR,2026-10-16,45,Call,11.0,BMNR261016C00011000,12.5,13.8,13.15,0.0,0.0,0.0,0.0,0.0,0.0,0.9924,0.0024,0.0018,0.0,0.0138,13.2694,0.0,0.0,0.0,13.7000002861023,no_change,,211.0,207.0
BMNR,2026-10-16,45,Put,11.0,BMNR261016P00011000,0.0,0.12,0.06,0.0,0.0,0.0,0.0,0.0,1.1491,-0.0076,0.0024,0.0018,-0.0019,-0.0002,0.0227,0.0,0.0,0.0,0.0599999986588955,no_change,,0.0,1173.0
BMNR,2026-10-16,45,Call,12.0,BMNR261016C00012000,11.5,13.15,12.325,9.7,0.0,0.0,0.0,15.0,1.0682,0.9883,0.0037,0.0026,-0.0006,0.015,12.2875,0.0,0.0,0.0,12.7000002861023,up,2026-08-20T10:13:46,229.0,231.0
BMNR,2026-10-16,45,Put,12.0,BMNR261016P00012000,0.0,0.13,0.065,0.0,0.0,0.0,0.0,0.0,1.0483,-0.0117,0.0038,0.0026,-0.0026,-0.0004,0.0351,0.0,0.0,0.0,0.0700000002980232,no_change,,0.0,1124.0
BMNR,2026-10-16,45,Call,13.0,BMNR261016C00013000,10.4,11.85,11.125,0.0,0.0,0.0,0.0,0.0,0.0,0.9823,0.0056,0.0037,-0.0018,0.016,11.312,0.0,0.0,0.0,11.625,no_change,,217.0,218.0
BMNR,2026-10-16,45,Put,13.0,BMNR261016P00013000,0.0,0.1,0.05,0.1,0.0,0.0,0.0,20.0,0.902,-0.0177,0.0056,0.0037,-0.0036,-0.0006,0.0539,0.0,0.0,0.0,0.0549999997019768,up,2026-08-26T12:13:18,0.0,609.0
BMNR,2026-10-16,45,Call,14.0,BMNR261016C00014000,9.75,11.1,10.425,10.62,0.0,0.0,0.0,30.0,1.0038,0.9735,0.0082,0.0052,-0.0032,0.017,10.3459,0.0,0.0,0.0,10.625,up,2026-08-25T09:54:18,317.0,630.0
BMNR,2026-10-16,45,Put,14.0,BMNR261016P00014000,0.0,0.11,0.055,0.08,0.0,0.0,0.0,19.0,0.8191,-0.0265,0.0082,0.0052,-0.005,-0.0009,0.0822,0.0,0.0,0.0,0.099999999627471,no_change,2026-08-31T15:18:20,0.0,1.0
BMNR,2026-10-16,45,Call,15.0,BMNR261016C00015000,8.95,9.55,9.25,9.65,-0.1,-1.02564,2.0,101.0,0.0,0.961,0.0116,0.0072,-0.0051,0.0178,9.3935,9.7,9.7,9.65,9.75,down,2026-09-01T09:30:03,1417.0,623.0
BMNR,2026-10-16,45,Put,15.0,BMNR261016P00015000,0.09,0.13,0.11,0.12,-0.005,-4.0,3.0,39.0,0.8272,-0.0391,0.0117,0.0072,-0.0066,-0.0013,0.1242,0.12,0.12,0.12,0.124999998137355,no_change,2026-09-01T09:58:39,359.0,1.0
BMNR,2026-10-16,45,Call,16.0,BMNR261016C00016000,8.1,8.65,8.375,8.51,0.0,0.0,0.0,4.0,0.7189,0.9436,0.0162,0.0097,-0.0073,0.0185,8.4608,0.0,0.0,0.0,8.77500009536743,down,2026-08-31T09:46:10,308.0,174.0
BMNR,2026-10-16,45,Put,16.0,BMNR261016P00016000,0.14,0.22,0.18,0.2,0.0,0.0,0.0,611.0,0.8166,-0.0565,0.0162,0.0097,-0.0087,-0.0018,0.1856,0.0,0.0,0.0,0.134999997913837,up,2026-08-31T12:58:06,1203.0,689.0
BMNR,2026-10-16,45,Call,17.0,BMNR261016C00017000,7.2,7.7,7.45,8.59,0.0,0.0,0.0,6.0,0.7088,0.92,0.0217,0.0127,-0.0099,0.0189,7.5551,0.0,0.0,0.0,7.84999990463257,down,2026-08-28T09:40:03,313.0,108.0
BMNR,2026-10-16,45,Put,17.0,BMNR261016P00017000,0.26,0.3,0.28,0.26,0.005,1.96079,3.0,96.0,0.8058,-0.0801,0.0217,0.0127,-0.0111,-0.0026,0.2745,0.25,0.26,0.25,0.254999995231628,no_change,2026-09-01T10:54:17,77.0,280.0
BMNR,2026-10-16,45,Call,18.0,BMNR261016C00018000,6.35,6.85,6.6,7.05,0.0,0.0,0.0,36.0,0.7287,0.8894,0.0281,0.0161,-0.0128,0.0191,6.6856,0.0,0.0,0.0,7.27499985694885,no_change,2026-08-31T13:35:30,837.0,370.0
BMNR,2026-10-16,45,Put,18.0,BMNR261016P00018000,0.38,0.44,0.41000000000000003,0.42,0.07,20.0,129.0,218.0,0.791,-0.1108,0.0282,0.0161,-0.0138,-0.0036,0.3997,0.37,0.42,0.37,0.349999994039536,no_change,2026-09-01T11:10:29,360.0,882.0
BMNR,2026-10-16,45,Call,19.0,BMNR261016C00019000,5.45,6.2,5.825,6.07,0.0,0.0,0.0,254.0,0.7529,0.8511,0.0352,0.0198,-0.0158,0.019,5.8624,0.0,0.0,0.0,6.20000004768372,down,2026-08-28T12:54:13,1865.0,1127.0
BMNR,2026-10-16,45,Put,19.0,BMNR261016P00019000,0.55,0.59,0.5700000000000001,0.58,0.08,16.0,4.0,202.0,0.7713,-0.1493,0.0353,0.0198,-0.0168,-0.0048,0.5714,0.6,0.6,0.58,0.499999985098839,down,2026-09-01T11:33:27,236.0,246.0
BMNR,2026-10-16,45,Call,20.0,BMNR261016C00020000,5.0,5.2,5.1,5.6,0.0,0.0,0.0,913.0,0.7652,0.8051,0.0423,0.0235,-0.019,0.0185,5.0955,0.0,0.0,0.0,5.82500004768372,no_change,2026-08-31T15:13:12,680.0,148.0
BMNR,2026-10-16,45,Put,20.0,BMNR261016P00020000,0.77,0.81,0.79,0.8,0.115,16.7883,1072.0,494.0,0.7591,-0.1955,0.0424,0.0236,-0.0198,-0.0063,0.7996,0.78,0.88,0.72,0.685000002384186,no_change,2026-09-01T11:40:45,318.0,90.0
BMNR,2026-10-16,45,Call,21.0,BMNR261016C00021000,4.25,4.65,4.45,4.35,-0.65,-13.0,21.0,212.0,0.779,0.7525,0.0488,0.0269,-0.0219,0.0178,4.3935,4.31,4.38,4.31,5.0,no_change,2026-09-01T11:24:03,957.0,1011.0
BMNR,2026-10-16,45,Put,21.0,BMNR261016P00021000,1.03,1.12,1.0750000000000002,1.11,0.175,18.7166,51.0,180.0,0.7513,-0.2484,0.049,0.027,-0.0225,-0.008,1.0931,1.06,1.19,1.06,0.935000002384186,down,2026-09-01T11:31:52,1300.0,220.0
BMNR,2026-10-16,45,Call,22.0,BMNR261016C00022000,3.7,3.85,3.7750000000000004,3.8,-0.65,-14.6067,239.0,683.0,0.7598,0.6948,0.0542,0.0298,-0.0244,0.0168,3.7637,3.95,3.95,3.55,4.45000004768372,no_change,2026-09-01T11:48:45,541.0,605.0
BMNR,2026-10-16,45,Put,22.0,BMNR261016P00022000,1.42,1.48,1.45,1.44,0.19,15.2,582.0,1143.0,0.7534,-0.3063,0.0545,0.0299,-0.0249,-0.0098,1.4577,1.43,1.58,1.43,1.25,down,2026-09-01T11:50:19,359.0,121.0
BMNR,2026-10-16,45,Call,23.0,BMNR261016C00023000,3.15,3.3,3.2249999999999996,3.15,-0.65,-17.1053,19.0,725.0,0.7627,0.6344,0.0581,0.032,-0.0264,0.0156,3.2058,3.48,3.48,3.15,3.80000007152557,down,2026-09-01T11:02:44,713.0,774.0
BMNR,2026-10-16,45,Put,23.0,BMNR261016P00023000,1.87,1.93,1.9,1.87,0.225,13.6778,17.0,236.0,0.7576,-0.3674,0.0586,0.0321,-0.0268,-0.0116,1.8976,1.78,2.0,1.78,1.64499998092651,down,2026-09-01T10:48:54,360.0,221.0
BMNR,2026-10-16,45,Call,24.0,BMNR261016C00024000,2.7,2.81,2.755,2.72,-0.58,-17.5758,166.0,1098.0,0.7702,0.5735,0.0603,0.0334,-0.0277,0.0143,2.7203,2.87,2.87,2.5,3.29999995231628,no_change,2026-09-01T11:41:17,352.0,776.0
BMNR,2026-10-16,45,Put,24.0,BMNR261016P00024000,2.37,2.44,2.4050000000000002,2.45,0.36,17.2249,144.0,496.0,0.7591,-0.4285,0.0608,0.0334,-0.028,-0.0136,2.4073,2.5,2.55,2.38,2.08999991416931,down,2026-09-01T11:30:57,449.0,106.0
BMNR,2026-10-16,45,Call,25.0,BMNR261016C00025000,2.28,2.38,2.33,2.14,-0.665,-23.7077,90.0,4206.0,0.7726,0.514,0.0609,0.0339,-0.0284,0.013,2.3031,2.48,2.48,2.12,2.80499994754791,down,2026-09-01T11:17:41,91.0,664.0
BMNR,2026-10-16,45,Put,25.0,BMNR261016P00025000,2.94,3.05,2.995,3.13,0.53,20.3846,36.0,396.0,0.7669,-0.4884,0.0615,0.0339,-0.0286,-0.0155,2.9874,2.9,3.19,2.9,2.60000002384186,up,2026-09-01T11:17:41,455.0,630.0
BMNR,2026-10-16,45,Call,26.0,BMNR261016C00026000,1.92,2.02,1.97,1.97,-0.415,-17.4004,38.0,1241.0,0.779,0.4577,0.0601,0.0338,-0.0286,0.0117,1.9482,2.11,2.11,1.8,2.38499999046326,up,2026-09-01T11:48:12,147.0,991.0
BMNR,2026-10-16,45,Put,26.0,BMNR261016P00026000,3.55,3.7,3.625,3.74,0.515,15.969,1.0,453.0,0.7689,-0.5458,0.0608,0.0337,-0.0286,-0.0171,3.6332,3.74,3.74,3.74,3.22500002384186,up,2026-09-01T11:20:34,382.0,456.0
BMNR,2026-10-16,45,Call,27.0,BMNR261016C00027000,1.62,1.69,1.655,1.64,-0.39,-19.2118,344.0,15200.0,0.7806,0.4054,0.0582,0.033,-0.0282,0.0104,1.6484,1.78,1.78,1.5,2.02999997138977,up,2026-09-01T11:25:34,370.0,469.0
BMNR,2026-10-16,45,Put,27.0,BMNR261016P00027000,4.25,4.4,4.325,4.38,0.0,0.0,0.0,56.0,0.7766,-0.5986,0.059,0.0328,-0.0281,-0.0183,4.3324,0.0,0.0,0.0,3.875,down,2026-08-31T10:45:57,323.0,493.0
BMNR,2026-10-16,45,Call,28.0,BMNR261016C00028000,1.36,1.43,1.395,1.39,-0.34,-19.6532,15.0,581.0,0.7864,0.3578,0.0554,0.0318,-0.0274,0.0093,1.3967,1.49,1.49,1.35,1.73000001907349,up,2026-09-01T10:38:29,470.0,369.0
BMNR,2026-10-16,45,Put,28.0,BMNR261016P00028000,4.95,5.15,5.050000000000001,5.14,0.59,12.967,1.0,16.0,0.7779,-0.6468,0.0563,0.0315,-0.0273,-0.0194,5.0796,5.14,5.14,5.14,4.54999995231628,down,2026-09-01T11:31:13,442.0,440.0
BMNR,2026-10-16,45,Call,29.0,BMNR261016C00029000,1.17,1.21,1.19,1.19,-0.28,-19.0476,111.0,905.0,0.7972,0.315,0.0521,0.0302,-0.0264,0.0082,1.1858,1.08,1.19,1.08,1.47000002861023,up,2026-09-01T11:48:52,22.0,208.0
BMNR,2026-10-16,45,Put,29.0,BMNR261016P00029000,5.75,5.95,5.85,0.0,0.0,0.0,0.0,0.0,0.7902,-0.6902,0.0531,0.03,-0.0261,-0.0207,5.8682,0.0,0.0,0.0,5.29999995231628,no_change,,364.0,380.0
BMNR,2026-10-16,45,Call,30.0,BMNR261016C00030000,0.96,1.03,0.995,0.97,-0.28,-22.4,210.0,2774.0,0.8003,0.2772,0.0486,0.0285,-0.0252,0.0073,1.0102,0.97,1.07,0.89,1.25,no_change,2026-09-01T11:44:27,885.0,92.0
BMNR,2026-10-16,45,Put,30.0,BMNR261016P00030000,6.6,6.75,6.675,6.8,0.0,0.0,0.0,29.0,0.7996,-0.7288,0.0495,0.0281,-0.0248,-0.0212,6.692,0.0,0.0,0.0,6.22499990463257,up,2026-08-31T09:46:35,264.0,146.0
BMNR,2026-10-16,45,Call,31.0,BMNR261016C00031000,0.82,0.9,0.86,0.81,-0.18,-18.1818,12.0,184.0,0.8143,0.2437,0.0449,0.0267,-0.0238,0.0064,0.8627,0.84,0.84,0.81,0.990000009536743,down,2026-09-01T11:06:23,1138.0,448.0
BMNR,2026-10-16,45,Put,31.0,BMNR261016P00031000,7.4,7.8,7.6,7.1,0.0,0.0,0.0,5.0,0.8365,-0.763,0.046,0.0262,-0.0233,-0.0218,7.5443,0.0,0.0,0.0,7.02500009536743,no_change,2026-08-26T14:37:55,116.0,598.0
BMNR,2026-10-16,45,Call,32.0,BMNR261016C00032000,0.7,0.77,0.735,0.71,-0.215,-23.2432,143.0,2178.0,0.8235,0.2143,0.0413,0.0248,-0.0224,0.0056,0.739,0.73,0.76,0.69,0.924999982118606,no_change,2026-09-01T11:04:49,1135.0,355.0
BMNR,2026-10-16,45,Put,32.0,BMNR261016P00032000,8.3,8.75,8.525,8.1,0.0,0.0,0.0,12.0,0.8671,-0.793,0.0424,0.0242,-0.0217,-0.0221,8.4217,0.0,0.0,0.0,7.87499976158142,up,2026-08-28T11:46:16,118.0,704.0
BMNR,2026-10-16,45,Call,33.0,BMNR261016C00033000,0.6,0.67,0.635,0.65,-0.145,-18.239,1.0,8.0,0.8348,0.1887,0.0378,0.023,-0.021,0.005,0.6353,0.65,0.65,0.65,0.794999986886978,down,2026-09-01T10:53:45,1108.0,87.0
BMNR,2026-10-16,45,Put,33.0,BMNR261016P00033000,9.0,9.7,9.35,9.16,0.0,0.0,0.0,21.0,0.849,-0.8194,0.0389,0.0222,-0.0202,-0.0221,9.3186,0.0,0.0,0.0,8.77500009536743,down,2026-08-31T12:28:14,548.0,792.0
BMNR,2026-10-16,45,Call,34.0,BMNR261016C00034000,0.52,0.73,0.625,0.64,0.0,0.0,0.0,15.0,0.8804,0.1662,0.0345,0.0212,-0.0196,0.0044,0.5479,0.0,0.0,0.0,0.695000022649765,down,2026-08-31T13:29:20,149.0,1519.0
BMNR,2026-10-16,45,Put,34.0,BMNR261016P00034000,10.1,10.65,10.375,0.0,0.0,0.0,0.0,0.0,0.9118,-0.8425,0.0357,0.0203,-0.0187,-0.022,10.2329,0.0,0.0,0.0,9.72499990463257,no_change,,115.0,786.0
BMNR,2026-10-16,45,Call,35.0,BMNR261016C00035000,0.45,0.52,0.485,0.45,-0.155,-25.6198,35.0,161.0,0.86,0.1467,0.0314,0.0195,-0.0182,0.0039,0.4742,0.5,0.52,0.45,0.604999989271164,down,2026-09-01T11:09:38,1061.0,357.0
BMNR,2026-10-16,45,Put,35.0,BMNR261016P00035000,10.75,11.75,11.25,0.0,0.0,0.0,0.0,0.0,0.9011,-0.8627,0.0326,0.0185,-0.0172,-0.0219,11.1605,0.0,0.0,0.0,10.6750001907349,no_change,,628.0,963.0
BMNR,2026-11-20,80,Call,3.0,BMNR261120C00003000,20.25,22.2,21.225,22.8,0.0,0.0,0.0,84.0,1.8738,0.9993,0.0001,0.0003,0.0,0.0067,21.2099,0.0,0.0,0.0,22.1500005722046,down,2026-08-27T11:08:06,348.0,120.0
BMNR,2026-11-20,80,Put,3.0,BMNR261120P00003000,0.0,0.49,0.245,0.12,0.0,0.0,0.0,30.0,2.8666,-0.0007,0.0001,0.0003,-0.0002,0.0,0.0038,0.0,0.0,0.0,0.6700000166893,up,2026-08-14T11:09:46,0.0,1358.0
BMNR,2026-11-20,80,Call,4.0,BMNR261120C00004000,18.85,21.5,20.175,13.94,0.0,0.0,0.0,1.0,0.0,0.9987,0.0003,0.0005,0.0,0.0089,20.2231,0.0,0.0,0.0,20.875,up,2026-08-05T11:41:37,221.0,147.0
BMNR,2026-11-20,80,Put,4.0,BMNR261120P00004000,0.0,0.07,0.035,0.07,0.0,0.0,0.0,7.0,1.7476,-0.0013,0.0003,0.0005,-0.0004,-0.0001,0.0068,0.0,0.0,0.0,0.0350000001490116,up,2026-07-23T11:02:18,0.0,803.0
BMNR,2026-11-20,80,Call,5.0,BMNR261120C00005000,18.65,19.8,19.225,20.5,0.0,0.0,0.0,35.0,0.0,0.9978,0.0005,0.0008,0.0,0.0111,19.2377,0.0,0.0,0.0,19.875,up,2026-08-24T10:33:57,218.0,138.0
BMNR,2026-11-20,80,Put,5.0,BMNR261120P00005000,0.01,0.05,0.030000000000000002,0.04,0.0,0.0,0.0,1250.0,1.5013,-0.0022,0.0005,0.0008,-0.0006,-0.0001,0.0112,0.0,0.0,0.0,0.0300000002607703,down,2026-08-27T11:02:57,3.0,10.0
BMNR,2026-11-20,80,Call,6.0,BMNR261120C00006000,17.5,19.05,18.275,0.0,0.0,0.0,0.0,0.0,1.3778,0.9964,0.0008,0.0012,0.0,0.0133,18.2542,0.0,0.0,0.0,18.5749998092651,no_change,,205.0,175.0
BMNR,2026-11-20,80,Put,6.0,BMNR261120P00006000,0.0,0.11,0.055,0.07,0.0,0.0,0.0,7.0,1.452,-0.0036,0.0008,0.0012,-0.0009,-0.0002,0.0176,0.0,0.0,0.0,0.0599999986588955,no_change,2026-08-04T11:06:29,0.0,1173.0
BMNR,2026-11-20,80,Call,7.0,BMNR261120C00007000,16.45,17.85,17.15,10.85,0.0,0.0,0.0,3.0,0.0,0.9945,0.0012,0.0018,0.0,0.0154,17.2736,0.0,0.0,0.0,17.6000003814697,up,2026-08-04T12:34:44,120.0,143.0
BMNR,2026-11-20,80,Put,7.0,BMNR261120P00007000,0.01,0.12,0.065,0.07,0.0,0.0,0.0,27.0,1.3323,-0.0055,0.0012,0.0018,-0.0013,-0.0003,0.0268,0.0,0.0,0.0,0.0400000000372529,no_change,2026-08-31T10:35:56,1.0,1297.0
BMNR,2026-11-20,80,Call,8.0,BMNR261120C00008000,15.5,17.4,16.45,10.0,0.0,0.0,0.0,19.0,1.4574,0.9917,0.0018,0.0026,-0.0002,0.0175,16.2966,0.0,0.0,0.0,16.6000003814697,no_change,2026-08-13T12:18:44,226.0,230.0
BMNR,2026-11-20,80,Put,8.0,BMNR261120P00008000,0.03,0.13,0.08,0.03,0.0,0.0,0.0,137.0,1.2382,-0.0083,0.0018,0.0026,-0.0017,-0.0005,0.0397,0.0,0.0,0.0,0.0849999999627471,down,2026-08-31T10:31:17,10.0,1301.0
BMNR,2026-11-20,80,Call,9.0,BMNR261120C00009000,14.65,16.0,15.325,12.4,0.0,0.0,0.0,56.0,1.059,0.9879,0.0026,0.0036,-0.0008,0.0195,15.3248,0.0,0.0,0.0,15.5749998092651,up,2026-08-20T13:53:39,346.0,342.0
BMNR,2026-11-20,80,Put,9.0,BMNR261120P00009000,0.05,0.14,0.095,0.07,0.0,0.0,0.0,474.0,1.1493,-0.0121,0.0026,0.0036,-0.0023,-0.0008,0.0576,0.0,0.0,0.0,0.0899999979883432,down,2026-08-26T15:47:26,1.0,1353.0
BMNR,2026-11-20,80,Call,10.0,BMNR261120C00010000,13.9,14.6,14.25,14.8,0.0,0.0,0.0,297.0,0.0,0.9827,0.0037,0.0048,-0.0016,0.0214,14.3596,0.0,0.0,0.0,15.0750002861023,up,2026-08-31T13:44:52,1929.0,885.0
BMNR,2026-11-20,80,Put,10.0,BMNR261120P00010000,0.05,0.13,0.09,0.09,-0.01,-10.0,50.0,5019.0,1.0279,-0.0173,0.0037,0.0048,-0.003,-0.0011,0.0824,0.05,0.09,0.05,0.100000003352761,no_change,2026-09-01T10:34:44,244.0,1240.0
BMNR,2026-11-20,80,Call,11.0,BMNR261120C00011000,12.9,13.8,13.350000000000001,11.85,0.0,0.0,0.0,56.0,0.8724,0.9758,0.0052,0.0065,-0.0026,0.0232,13.4035,0.0,0.0,0.0,13.7750000953674,down,2026-08-21T15:31:04,428.0,540.0
BMNR,2026-11-20,80,Put,11.0,BMNR261120P00011000,0.08,0.19,0.135,0.11,0.0,0.0,0.0,593.0,1.0003,-0.0243,0.0052,0.0065,-0.0038,-0.0015,0.1161,0.0,0.0,0.0,0.140000000596046,no_change,2026-08-31T09:41:41,162.0,1767.0
BMNR,2026-11-20,80,Call,12.0,BMNR261120C00012000,11.95,12.85,12.399999999999999,12.53,0.0,0.0,0.0,239.0,0.8565,0.9666,0.007,0.0084,-0.0037,0.0248,12.4591,0.0,0.0,0.0,12.8250002861023,down,2026-08-28T12:44:56,1871.0,1146.0
BMNR,2026-11-20,80,Put,12.0,BMNR261120P00012000,0.09,0.23,0.16,0.13,-0.015,-10.3448,2.0,1088.0,0.9345,-0.0335,0.007,0.0085,-0.0048,-0.0021,0.1617,0.13,0.13,0.13,0.145000003278255,down,2026-09-01T09:57:46,1481.0,1785.0
BMNR,2026-11-20,80,Call,13.0,BMNR261120C00013000,10.95,12.05,11.5,11.52,0.0,0.0,0.0,1545.0,0.8764,0.9547,0.0092,0.0108,-0.0049,0.0263,11.5301,0.0,0.0,0.0,11.9000000953674,no_change,2026-08-31T12:06:09,2063.0,1406.0
BMNR,2026-11-20,80,Put,13.0,BMNR261120P00013000,0.1,0.28,0.19,0.22,0.0,0.0,0.0,3434.0,0.8741,-0.0454,0.0093,0.0108,-0.006,-0.0028,0.2226,0.0,0.0,0.0,0.184999994933605,up,2026-08-31T14:22:34,1997.0,1893.0
BMNR,2026-11-20,80,Call,14.0,BMNR261120C00014000,10.25,10.9,10.575,10.62,0.0,0.0,0.0,578.0,0.8437,0.9397,0.012,0.0136,-0.0064,0.0275,10.6206,0.0,0.0,0.0,11.0,no_change,2026-08-31T12:06:09,1825.0,973.0
BMNR,2026-11-20,80,Put,14.0,BMNR261120P00014000,0.25,0.34,0.29500000000000004,0.25,0.0,0.0,0.0,5880.0,0.8729,-0.0605,0.012,0.0136,-0.0074,-0.0037,0.3031,0.0,0.0,0.0,0.310000002384186,no_change,2026-08-31T15:52:10,194.0,1194.0
BMNR,2026-11-20,80,Call,15.0,BMNR261120C00015000,9.4,9.8,9.600000000000001,9.58,-0.495,-4.91315,10.0,3168.0,0.7674,0.9209,0.0151,0.0168,-0.0079,0.0285,9.7355,9.58,9.58,9.58,10.0749998092651,down,2026-09-01T11:05:15,1904.0,20.0
BMNR,2026-11-20,80,Put,15.0,BMNR261120P00015000,0.34,0.45,0.395,0.39,0.0,0.0,0.0,5742.0,0.8481,-0.0793,0.0152,0.0168,-0.0088,-0.0049,0.4082,0.0,0.0,0.0,0.379999995231628,no_change,2026-08-31T11:50:35,259.0,1018.0
BMNR,2026-11-20,80,Call,16.0,BMNR261120C00016000,8.3,9.2,8.75,8.84,-0.385,-4.17344,3.0,1241.0,0.7683,0.8981,0.0187,0.0202,-0.0096,0.0292,8.8804,8.84,8.84,8.84,9.22499990463257,down,2026-09-01T09:36:11,2095.0,1174.0
BMNR,2026-11-20,80,Put,16.0,BMNR261120P00016000,0.49,0.58,0.5349999999999999,0.53,0.04,8.16326,33.0,1901.0,0.8321,-0.1024,0.0188,0.0203,-0.0105,-0.0063,0.5441,0.53,0.53,0.53,0.490000009536743,no_change,2026-09-01T11:10:30,364.0,971.0
BMNR,2026-11-20,80,Call,17.0,BMNR261120C00017000,7.6,8.5,8.05,9.16,0.0,0.0,0.0,1949.0,0.8158,0.871,0.0225,0.0239,-0.0114,0.0296,8.0613,0.0,0.0,0.0,8.75,down,2026-08-31T15:59:53,2023.0,1319.0
BMNR,2026-11-20,80,Put,17.0,BMNR261120P00017000,0.66,0.78,0.72,0.64,0.0,0.0,0.0,3962.0,0.8225,-0.1296,0.0227,0.024,-0.0122,-0.0079,0.7155,0.0,0.0,0.0,0.625,down,2026-08-31T14:18:42,70.0,1330.0
BMNR,2026-11-20,80,Call,18.0,BMNR261120C00018000,7.0,7.5,7.25,7.28,-0.595,-7.55556,4.0,2503.0,0.7954,0.8396,0.0265,0.0277,-0.0132,0.0296,7.2839,7.25,7.29,7.25,7.875,down,2026-09-01T11:15:31,1611.0,852.0
BMNR,2026-11-20,80,Put,18.0,BMNR261120P00018000,0.88,0.99,0.935,0.9,0.06,7.14286,27.0,5436.0,0.8099,-0.1612,0.0267,0.0278,-0.0139,-0.0098,0.9292,0.92,0.92,0.89,0.839999973773956,down,2026-09-01T11:44:12,137.0,1096.0
BMNR,2026-11-20,80,Call,19.0,BMNR261120C00019000,6.15,6.7,6.425000000000001,6.2,-1.05,-14.4828,5.0,2813.0,0.7564,0.8042,0.0304,0.0314,-0.015,0.0293,6.5537,6.3,6.3,6.2,7.25,down,2026-09-01T09:41:40,2046.0,135.0
BMNR,2026-11-20,80,Put,19.0,BMNR261120P00019000,1.08,1.26,1.17,1.16,0.1,9.43396,8.0,5772.0,0.7915,-0.1969,0.0307,0.0315,-0.0156,-0.012,1.1902,1.15,1.21,1.15,1.06000000238419,no_change,2026-09-01T10:19:38,1429.0,1211.0
BMNR,2026-11-20,80,Call,20.0,BMNR261120C00020000,5.8,6.1,5.949999999999999,5.9,-0.7,-10.6061,5.0,8818.0,0.8123,0.7654,0.0341,0.0349,-0.0166,0.0287,5.8749,6.05,6.05,5.9,6.59999990463257,down,2026-09-01T10:40:45,405.0,958.0
BMNR,2026-11-20,80,Put,20.0,BMNR261120P00020000,1.43,1.5,1.4649999999999999,1.47,0.145,10.9434,34.0,2750.0,0.7798,-0.2361,0.0344,0.035,-0.0172,-0.0144,1.5032,1.45,1.61,1.36,1.32499998807907,down,2026-09-01T11:46:06,760.0,1.0
BMNR,2026-11-20,80,Call,21.0,BMNR261120C00021000,5.0,5.35,5.175,5.1,-0.7,-12.069,6.0,2525.0,0.7661,0.7238,0.0374,0.0379,-0.0181,0.0278,5.2507,5.1,5.1,5.1,5.79999995231628,down,2026-09-01T11:04:29,1489.0,72.0
BMNR,2026-11-20,80,Put,21.0,BMNR261120P00021000,1.8,1.96,1.88,1.92,0.23,13.6095,12.0,1485.0,0.7884,-0.278,0.0378,0.038,-0.0186,-0.0169,1.8711,1.85,2.0,1.85,1.68999999761581,down,2026-09-01T11:10:30,1080.0,1217.0
BMNR,2026-11-20,80,Call,22.0,BMNR261120C00022000,4.45,4.95,4.7,4.5,-0.85,-15.8878,27.0,5829.0,0.788,0.6806,0.0401,0.0406,-0.0194,0.0267,4.6824,4.98,4.98,4.4,5.34999990463257,down,2026-09-01T11:10:45,1361.0,1187.0
BMNR,2026-11-20,80,Put,22.0,BMNR261120P00022000,2.28,2.38,2.33,2.33,0.225,10.6888,28.0,2912.0,0.7921,-0.3218,0.0405,0.0406,-0.0198,-0.0194,2.2955,2.31,2.35,2.26,2.10500001907349,no_change,2026-09-01T11:29:48,26.0,795.0
BMNR,2026-11-20,80,Call,23.0,BMNR261120C00023000,4.05,4.35,4.199999999999999,4.14,-0.535,-11.4438,10.0,1855.0,0.7902,0.6365,0.0421,0.0426,-0.0204,0.0254,4.1694,4.1,4.4,4.1,4.67499995231628,up,2026-09-01T11:41:11,1154.0,896.0
BMNR,2026-11-20,80,Put,23.0,BMNR261120P00023000,2.76,2.84,2.8,2.8,0.28,11.1111,23.0,1368.0,0.7887,-0.3664,0.0426,0.0426,-0.0208,-0.022,2.7759,2.91,2.91,2.76,2.51999998092651,no_change,2026-09-01T10:34:58,74.0,804.0
BMNR,2026-11-20,80,Call,24.0,BMNR261120C00024000,3.7,3.85,3.7750000000000004,3.7,-0.6,-13.9535,45.0,2412.0,0.7988,0.5926,0.0435,0.044,-0.0212,0.0241,3.7104,3.9,3.9,3.62,4.29999995231628,no_change,2026-09-01T11:41:11,36.0,1011.0
BMNR,2026-11-20,80,Put,24.0,BMNR261120P00024000,3.25,3.35,3.3,3.32,0.285,9.39045,52.0,455.0,0.7818,-0.4109,0.0441,0.044,-0.0216,-0.0246,3.3105,3.22,3.32,3.22,3.0349999666214,no_change,2026-09-01T11:50:27,812.0,45.0
BMNR,2026-11-20,80,Call,25.0,BMNR261120C00025000,3.3,3.4,3.3499999999999996,3.3,-0.55,-14.2857,177.0,13610.0,0.7973,0.5496,0.0442,0.0449,-0.0218,0.0226,3.302,3.7,3.7,3.13,3.85000002384186,up,2026-09-01T11:41:11,105.0,751.0
BMNR,2026-11-20,80,Put,25.0,BMNR261120P00025000,3.85,3.9,3.875,4.04,0.465,13.007,107.0,1283.0,0.7818,-0.4545,0.0449,0.0449,-0.022,-0.0272,3.8967,3.75,4.04,3.75,3.57500004768372,up,2026-09-01T11:10:45,353.0,2.0
BMNR,2026-11-20,80,Call,26.0,BMNR261120C00026000,2.93,3.05,2.99,3.0,-0.45,-13.0435,357.0,3769.0,0.8012,0.5082,0.0443,0.0452,-0.0221,0.0212,2.9405,2.95,3.06,2.79,3.45000004768372,up,2026-09-01T11:45:20,118.0,826.0
BMNR,2026-11-20,80,Put,26.0,BMNR261120P00026000,4.5,4.75,4.625,4.55,0.275,6.43275,4.0,453.0,0.8113,-0.4965,0.0451,0.0451,-0.0223,-0.0294,4.5303,4.5,4.55,4.5,4.27500009536743,no_change,2026-09-01T10:29:03,97.0,1280.0
BMNR,2026-11-20,80,Call,27.0,BMNR261120C00027000,2.61,2.75,2.6799999999999997,2.63,-0.37,-12.3333,359.0,2275.0,0.8078,0.469,0.0439,0.0451,-0.0222,0.0197,2.6219,2.73,2.83,2.49,3.0,up,2026-09-01T11:32:36,73.0,958.0
BMNR,2026-11-20,80,Put,27.0,BMNR261120P00027000,5.1,5.45,5.275,5.37,0.0,0.0,0.0,203.0,0.8099,-0.5364,0.0448,0.0449,-0.0223,-0.0316,5.2072,0.0,0.0,0.0,4.90000009536743,up,2026-08-28T12:30:05,238.0,1271.0
BMNR,2026-11-20,80,Call,28.0,BMNR261120C00028000,2.33,2.41,2.37,2.24,-0.41,-15.4717,45.0,1315.0,0.8066,0.4321,0.0431,0.0446,-0.022,0.0183,2.3414,2.53,2.53,2.24,2.64999997615814,down,2026-09-01T11:07:06,154.0,438.0
BMNR,2026-11-20,80,Put,28.0,BMNR261120P00028000,5.85,6.2,6.025,5.95,0.0,0.0,0.0,111.0,0.8232,-0.5741,0.044,0.0443,-0.0222,-0.0336,5.923,0.0,0.0,0.0,5.57500004768372,up,2026-08-31T09:32:00,63.0,1262.0
BMNR,2026-11-20,80,Call,29.0,BMNR261120C00029000,2.1,2.26,2.1799999999999997,2.06,-0.31,-13.0802,1.0,1920.0,0.8255,0.3977,0.042,0.0437,-0.0218,0.017,2.0952,2.06,2.06,2.06,2.37000000476837,down,2026-09-01T09:43:44,1.0,1310.0
BMNR,2026-11-20,80,Put,29.0,BMNR261120P00029000,6.55,6.75,6.65,6.85,0.0,0.0,0.0,129.0,0.8007,-0.6092,0.043,0.0434,-0.0219,-0.0353,6.6735,0.0,0.0,0.0,6.30000019073486,up,2026-08-28T12:22:12,622.0,390.0
BMNR,2026-11-20,80,Call,30.0,BMNR261120C00030000,1.84,1.93,1.885,1.88,-0.35,-15.6951,348.0,11924.0,0.8139,0.3659,0.0406,0.0426,-0.0214,0.0157,1.8788,2.14,2.14,1.77,2.23000001907349,up,2026-09-01T11:49:01,372.0,369.0
BMNR,2026-11-20,80,Put,30.0,BMNR261120P00030000,7.35,7.5,7.425,7.45,0.525,7.58122,2.0,982.0,0.8054,-0.6417,0.0417,0.0422,-0.0215,-0.0367,7.4544,7.5,7.5,7.45,6.92500019073486,down,2026-09-01T11:46:06,567.0,361.0
BMNR,2026-11-20,80,Call,31.0,BMNR261120C00031000,1.55,1.73,1.6400000000000001,1.64,-0.365,-18.2045,28.0,1043.0,0.8073,0.3367,0.0391,0.0414,-0.021,0.0145,1.6888,2.03,2.03,1.61,2.00499999523163,up,2026-09-01T11:34:44,1561.0,44.0
BMNR,2026-11-20,80,Put,31.0,BMNR261120P00031000,8.0,8.55,8.275,8.57,0.0,0.0,0.0,128.0,0.8223,-0.6717,0.0402,0.0408,-0.021,-0.0379,8.2622,0.0,0.0,0.0,7.8250002861023,up,2026-08-31T09:30:04,1097.0,1044.0
BMNR,2026-11-20,80,Call,32.0,BMNR261120C00032000,1.37,1.73,1.55,1.9,0.0,0.0,0.0,613.0,0.8332,0.3099,0.0374,0.04,-0.0204,0.0134,1.5216,0.0,0.0,0.0,1.76999998092651,up,2026-08-31T15:52:07,1658.0,1463.0
BMNR,2026-11-20,80,Put,32.0,BMNR261120P00032000,8.95,9.3,9.125,14.75,0.0,0.0,0.0,22.0,0.8342,-0.6993,0.0386,0.0392,-0.0204,-0.039,9.0933,0.0,0.0,0.0,8.625,down,2026-08-04T12:39:34,120.0,857.0
BMNR,2026-11-20,80,Call,33.0,BMNR261120C00033000,1.2,1.58,1.3900000000000001,1.55,0.0,0.0,0.0,1193.0,0.8373,0.2854,0.0357,0.0385,-0.0198,0.0124,1.3745,0.0,0.0,0.0,1.60999995470047,up,2026-08-31T15:05:36,1769.0,1457.0
BMNR,2026-11-20,80,Put,33.0,BMNR261120P00033000,9.8,10.2,10.0,10.25,0.775,8.17942,80.0,36.0,0.8479,-0.7246,0.037,0.0375,-0.0197,-0.0396,9.9449,10.25,10.25,10.25,9.47499990463257,no_change,2026-09-01T09:41:08,608.0,1080.0
BMNR,2026-11-20,80,Call,34.0,BMNR261120C00034000,1.18,1.28,1.23,1.2,-0.225,-15.7895,6.0,696.0,0.8365,0.2631,0.034,0.037,-0.0192,0.0115,1.2447,1.4,1.4,1.2,1.42500001192093,down,2026-09-01T09:37:42,1091.0,104.0
BMNR,2026-11-20,80,Put,34.0,BMNR261120P00034000,10.6,11.2,10.899999999999999,10.2,0.0,0.0,0.0,3.0,0.8642,-0.7477,0.0354,0.036,-0.019,-0.0407,10.8142,0.0,0.0,0.0,10.1750001907349,down,2026-08-31T15:33:09,645.0,925.0
BMNR,2026-11-20,80,Call,35.0,BMNR261120C00035000,1.11,1.15,1.13,1.11,-0.24,-17.7778,249.0,7442.0,0.8478,0.2427,0.0323,0.0354,-0.0185,0.0106,1.1299,1.14,1.18,1.06,1.34999996423721,up,2026-09-01T11:43:14,4.0,89.0
BMNR,2026-11-20,80,Put,35.0,BMNR261120P00035000,11.4,12.1,11.75,11.7,0.525,4.69798,8.0,193.0,0.8626,-0.7688,0.0337,0.0342,-0.0184,-0.0411,11.6991,11.75,11.79,11.35,11.1750001907349,down,2026-09-01T09:52:20,1104.0,1081.0
BMNR,2026-11-20,80,Call,36.0,BMNR261120C00036000,0.9,1.11,1.0050000000000001,1.0,-0.235,-19.0283,12.0,847.0,0.8481,0.2242,0.0307,0.0339,-0.0179,0.0098,1.0283,1.0,1.0,1.0,1.23500001430511,down,2026-09-01T11:00:52,1563.0,1166.0
BMNR,2026-11-20,80,Put,36.0,BMNR261120P00036000,12.3,13.05,12.675,11.0,0.0,0.0,0.0,27.0,0.8788,-0.7881,0.0321,0.0324,-0.0176,-0.0411,12.5975,0.0,0.0,0.0,12.0749998092651,down,2026-08-27T11:53:44,533.0,942.0
BMNR,2026-11-20,80,Call,37.0,BMNR261120C00037000,0.84,0.96,0.8999999999999999,0.92,-0.15,-14.0187,23.0,2819.0,0.8505,0.2074,0.029,0.0324,-0.0172,0.0091,0.938,0.96,0.96,0.92,1.06999999284744,no_change,2026-09-01T10:34:12,1662.0,102.0
BMNR,2026-11-20,80,Put,37.0,BMNR261120P00037000,13.15,13.9,13.525,18.4,0.0,0.0,0.0,86.0,0.8681,-0.8057,0.0306,0.0308,-0.0169,-0.0416,13.5074,0.0,0.0,0.0,12.9749999046326,up,2026-08-18T10:11:34,1124.0,1120.0
BMNR,2026-11-20,80,Call,38.0,BMNR261120C00038000,0.74,0.89,0.815,0.8,-0.19,-19.1919,52.0,9829.0,0.8556,0.192,0.0275,0.0309,-0.0166,0.0085,0.8577,0.89,0.91,0.8,0.989999979734421,down,2026-09-01T11:12:04,1539.0,915.0
BMNR,2026-11-20,80,Put,38.0,BMNR261120P00038000,14.2,14.75,14.475,14.47,0.0,0.0,0.0,108.0,0.8858,-0.8218,0.0291,0.0291,-0.0162,-0.0414,14.4278,0.0,0.0,0.0,13.875,no_change,2026-08-31T09:42:40,820.0,812.0
BMNR,2027-01-15,136,Call,3.0,BMNR270115C00003000,20.1,22.25,21.175,20.65,0.0,0.0,0.0,102.0,0.0,0.9985,0.0002,0.0005,0.0,0.0099,21.2082,0.0,0.0,0.0,21.4750003814697,down,2026-08-28T15:52:40,459.0,524.0
BMNR,2027-01-15,136,Put,3.0,BMNR270115P00003000,0.0,0.05,0.025,0.01,0.0,0.0,0.0,947.0,1.494,-0.001,0.0002,0.0005,-0.0002,-0.0001,0.0061,0.0,0.0,0.0,0.025000000372529,down,2026-08-27T10:52:31,0.0,1.0
BMNR,2027-01-15,136,Call,5.0,BMNR270115C00005000,18.75,20.0,19.375,20.66,0.0,0.0,0.0,133.0,1.4753,0.9955,0.0007,0.0017,0.0,0.0183,19.2585,0.0,0.0,0.0,19.6500005722046,up,2026-08-25T10:59:52,1512.0,1449.0
BMNR,2027-01-15,136,Put,5.0,BMNR270115P00005000,0.0,0.07,0.035,0.07,0.0,0.0,0.0,2197.0,1.1807,-0.0039,0.0007,0.0017,-0.0007,-0.0004,0.0236,0.0,0.0,0.0,0.0299999993294477,up,2026-08-28T09:30:08,0.0,1723.0
BMNR,2027-01-15,136,Call,10.0,BMNR270115C00010000,14.15,14.75,14.45,14.4,-0.5,-3.35571,1.0,1839.0,0.8476,0.9688,0.0051,0.0102,-0.0018,0.0341,14.5179,14.4,14.4,14.4,14.9000000953674,up,2026-09-01T09:43:58,2018.0,910.0
BMNR,2027-01-15,136,Put,10.0,BMNR270115P00010000,0.18,0.28,0.23,0.18,-0.045,-20.0,4.0,8020.0,0.953,-0.0307,0.0051,0.0103,-0.0034,-0.0034,0.1979,0.23,0.23,0.18,0.225000008940697,down,2026-09-01T10:18:38,621.0,2370.0
BMNR,2027-01-15,136,Call,12.0,BMNR270115C00012000,12.3,13.1,12.7,12.6,0.0,0.0,0.0,255.0,0.8617,0.9449,0.0085,0.0163,-0.0038,0.0388,12.7227,0.0,0.0,0.0,13.0999999046326,down,2026-08-31T09:46:19,2025.0,1322.0
BMNR,2027-01-15,136,Put,12.0,BMNR270115P00012000,0.33,0.36,0.345,0.36,0.03,9.09091,10.0,3456.0,0.8608,-0.0547,0.0086,0.0164,-0.0052,-0.006,0.3692,0.35,0.38,0.34,0.329999998211861,up,2026-09-01T11:51:34,505.0,137.0
BMNR,2027-01-15,136,Call,13.0,BMNR270115C00013000,11.35,12.4,11.875,11.85,0.0,0.0,0.0,904.0,0.8649,0.9292,0.0106,0.0199,-0.0049,0.0406,11.8593,0.0,0.0,0.0,12.3249998092651,up,2026-08-31T11:44:17,2115.0,1500.0
BMNR,2027-01-15,136,Put,13.0,BMNR270115P00013000,0.38,0.69,0.5349999999999999,0.47,0.02,4.44445,1.0,3119.0,0.8798,-0.0705,0.0107,0.02,-0.0062,-0.0077,0.4897,0.47,0.47,0.47,0.449999988079071,up,2026-09-01T09:35:17,1562.0,3439.0
BMNR,2027-01-15,136,Call,14.0,BMNR270115C00014000,10.65,11.45,11.05,11.54,0.0,0.0,0.0,679.0,0.8519,0.9107,0.0129,0.0238,-0.0061,0.0422,11.0236,0.0,0.0,0.0,11.6750001907349,no_change,2026-08-31T13:04:25,1974.0,1387.0
BMNR,2027-01-15,136,Put,14.0,BMNR270115P00014000,0.6,0.64,0.62,0.61,0.015,2.52101,8.0,1370.0,0.8336,-0.0891,0.013,0.0239,-0.0073,-0.0097,0.6376,0.61,0.61,0.61,0.594999998807907,no_change,2026-09-01T11:51:34,419.0,414.0
BMNR,2027-01-15,136,Call,15.0,BMNR270115C00015000,10.05,10.35,10.2,10.17,-0.68,-6.26728,66.0,5931.0,0.8199,0.8895,0.0153,0.0278,-0.0073,0.0433,10.2193,9.75,10.45,9.75,10.8499999046326,no_change,2026-09-01T11:27:55,1189.0,378.0
BMNR,2027-01-15,136,Put,15.0,BMNR270115P00015000,0.78,0.86,0.8200000000000001,0.81,0.05,6.57895,15.0,6655.0,0.8282,-0.1105,0.0154,0.0279,-0.0084,-0.0121,0.8173,0.8,0.81,0.8,0.759999990463257,up,2026-09-01T11:13:12,681.0,1237.0
BMNR,2027-01-15,136,Call,16.0,BMNR270115C00016000,9.1,9.65,9.375,9.6,-0.45,-4.47761,5.0,1579.0,0.7914,0.8656,0.0178,0.0319,-0.0085,0.044,9.4499,9.6,9.6,9.6,10.0500001907349,down,2026-09-01T11:32:53,2048.0,783.0
BMNR,2027-01-15,136,Put,16.0,BMNR270115P00016000,1.0,1.08,1.04,1.08,0.125,13.089,6.0,5269.0,0.8177,-0.1346,0.018,0.0321,-0.0095,-0.0147,1.032,1.0,1.08,1.0,0.955000013113022,up,2026-09-01T10:59:40,29.0,1016.0
BMNR,2027-01-15,136,Call,17.0,BMNR270115C00017000,8.35,9.05,8.7,8.61,-0.965,-10.0783,2.0,2180.0,0.8004,0.8392,0.0204,0.036,-0.0097,0.0444,8.7185,8.61,8.61,8.61,9.57499980926514,down,2026-09-01T09:47:04,2114.0,1265.0
BMNR,2027-01-15,136,Put,17.0,BMNR270115P00017000,1.18,1.35,1.2650000000000001,1.27,0.055,4.52675,63.0,1509.0,0.7999,-0.1613,0.0206,0.0362,-0.0106,-0.0176,1.2852,1.27,1.29,1.27,1.21499997377396,down,2026-09-01T10:25:21,1385.0,1112.0
BMNR,2027-01-15,136,Call,18.0,BMNR270115C00018000,7.7,8.25,7.975,8.25,-0.5,-5.71429,5.0,7855.0,0.7844,0.8105,0.0229,0.04,-0.0108,0.0443,8.028,7.9,8.25,7.9,8.75,no_change,2026-09-01T10:10:12,2037.0,776.0
BMNR,2027-01-15,136,Put,18.0,BMNR270115P00018000,1.54,1.66,1.6,1.61,0.13,8.78378,35.0,15948.0,0.8029,-0.1903,0.0231,0.0402,-0.0117,-0.0208,1.5811,1.58,1.65,1.56,1.48000001907349,down,2026-09-01T11:30:06,411.0,1179.0
BMNR,2027-01-15,136,Call,19.0,BMNR270115C00019000,7.05,7.6,7.324999999999999,7.64,-0.46,-5.67901,5.0,4489.0,0.7791,0.7799,0.0252,0.0437,-0.0119,0.044,7.38,7.64,7.64,7.64,8.10000014305115,down,2026-09-01T09:30:02,2147.0,838.0
BMNR,2027-01-15,136,Put,19.0,BMNR270115P00019000,1.86,1.99,1.925,1.92,0.105,5.78512,3.0,3915.0,0.7936,-0.2212,0.0255,0.0439,-0.0127,-0.0242,1.9186,1.9,1.92,1.9,1.81500005722046,up,2026-09-01T10:20:50,904.0,1082.0
BMNR,2027-01-15,136,Call,20.0,BMNR270115C00020000,6.65,6.95,6.800000000000001,6.85,-0.65,-8.66667,1400.0,22943.0,0.7923,0.7479,0.0273,0.0471,-0.0129,0.0433,6.7761,6.97,7.0,6.6,7.5,up,2026-09-01T11:47:59,1154.0,655.0
BMNR,2027-01-15,136,Put,20.0,BMNR270115P00020000,2.26,2.37,2.315,2.25,0.075,3.44828,160.0,13478.0,0.7907,-0.2536,0.0276,0.0473,-0.0136,-0.0277,2.2991,2.43,2.43,2.25,2.17499995231628,down,2026-09-01T10:58:17,397.0,895.0
BMNR,2027-01-15,136,Call,21.0,BMNR270115C00021000,6.15,6.4,6.275,6.35,-0.5,-7.29927,3.0,1050.0,0.7959,0.7148,0.0292,0.0501,-0.0138,0.0423,6.2164,6.0,6.35,6.0,6.84999990463257,up,2026-09-01T10:30:48,799.0,675.0
BMNR,2027-01-15,136,Put,21.0,BMNR270115P00021000,2.65,2.88,2.7649999999999997,2.79,0.185,7.10173,128.0,1032.0,0.7922,-0.2869,0.0295,0.0503,-0.0144,-0.0314,2.7273,2.72,2.86,2.72,2.60500001907349,up,2026-09-01T10:05:35,1094.0,1323.0
BMNR,2027-01-15,136,Call,22.5,BMNR270115C00022500,5.3,5.65,5.475,5.56,-0.44,-7.33333,2963.0,16698.0,0.7846,0.6644,0.0314,0.0538,-0.0149,0.0406,5.4621,5.8,5.8,5.25,6.0,up,2026-09-01T11:46:25,1483.0,737.0
BMNR,2027-01-15,136,Put,22.5,BMNR270115P00022500,3.4,3.6,3.5,3.5,0.175,5.26316,3.0,3383.0,0.7916,-0.3381,0.0319,0.054,-0.0154,-0.0369,3.4501,3.5,3.5,3.5,3.32500004768372,up,2026-09-01T10:13:22,208.0,1301.0
BMNR,2027-01-15,136,Call,24.0,BMNR270115C00024000,4.8,4.95,4.875,4.9,-0.55,-10.0917,60.0,1862.0,0.796,0.6143,0.0329,0.0565,-0.0157,0.0384,4.7989,4.75,5.1,4.75,5.45000004768372,down,2026-09-01T11:37:46,625.0,608.0
BMNR,2027-01-15,136,Put,24.0,BMNR270115P00024000,4.2,4.45,4.325,4.34,0.24,5.85366,28.0,260.0,0.7921,-0.3895,0.0336,0.0565,-0.0161,-0.0424,4.2702,4.37,4.37,4.25,4.09999990463257,no_change,2026-09-01T11:29:37,200.0,1237.0
BMNR,2027-01-15,136,Call,25.0,BMNR270115C00025000,4.4,4.55,4.475,4.38,-0.645,-12.8358,136.0,43438.0,0.7959,0.5818,0.0335,0.0576,-0.0162,0.0369,4.4058,4.65,4.65,4.26,5.02499985694885,up,2026-09-01T11:19:54,641.0,582.0
BMNR,2027-01-15,136,Put,25.0,BMNR270115P00025000,4.7,5.0,4.85,5.04,0.465,10.1639,2.0,7461.0,0.7813,-0.4225,0.0342,0.0577,-0.0165,-0.0457,4.865,5.05,5.05,5.04,4.57500004768372,down,2026-09-01T09:44:33,1244.0,974.0
BMNR,2027-01-15,136,Call,26.0,BMNR270115C00026000,3.85,4.35,4.1,4.17,-0.48,-10.3226,1.0,1101.0,0.7948,0.5502,0.0339,0.0584,-0.0165,0.0353,4.0492,4.17,4.17,4.17,4.65000009536743,down,2026-09-01T10:13:29,1759.0,1558.0
BMNR,2027-01-15,136,Put,26.0,BMNR270115P00026000,5.45,5.75,5.6,5.21,0.0,0.0,0.0,612.0,0.8035,-0.4548,0.0347,0.0584,-0.0167,-0.0492,5.4981,0.0,0.0,0.0,5.34999990463257,no_change,2026-08-31T15:08:07,192.0,1337.0
BMNR,2027-01-15,136,Call,27.0,BMNR270115C00027000,3.6,3.9,3.75,3.72,-0.53,-12.4706,77.0,2418.0,0.793,0.5199,0.034,0.0588,-0.0167,0.0337,3.7261,3.73,3.95,3.64,4.25,no_change,2026-09-01T11:04:06,1476.0,951.0
BMNR,2027-01-15,136,Put,27.0,BMNR270115P00027000,5.95,6.3,6.125,6.2,0.25,4.20168,1.0,192.0,0.782,-0.4859,0.0349,0.0587,-0.0168,-0.0523,6.1658,6.2,6.2,6.2,5.95000004768372,down,2026-09-01T10:18:07,1470.0,809.0
BMNR,2027-01-15,136,Call,28.0,BMNR270115C00028000,3.25,3.65,3.45,3.55,-0.425,-10.6918,74.0,18594.0,0.7951,0.4909,0.0339,0.0589,-0.0168,0.0322,3.4342,3.68,3.68,3.55,3.97499990463257,no_change,2026-09-01T10:18:08,1774.0,1260.0
BMNR,2027-01-15,136,Put,28.0,BMNR270115P00028000,6.8,7.15,6.975,6.54,0.0,0.0,0.0,3013.0,0.8111,-0.5157,0.0348,0.0586,-0.0169,-0.0552,6.865,0.0,0.0,0.0,6.625,no_change,2026-08-31T15:22:23,136.0,1302.0
BMNR,2027-01-15,136,Call,29.0,BMNR270115C00029000,3.05,3.3,3.175,3.25,-0.375,-10.3448,31.0,1384.0,0.7971,0.4634,0.0336,0.0586,-0.0168,0.0306,3.1703,3.23,3.25,3.06,3.625,no_change,2026-09-01T11:51:25,1442.0,695.0
BMNR,2027-01-15,136,Put,29.0,BMNR270115P00029000,7.45,7.9,7.675000000000001,6.73,0.0,0.0,0.0,600.0,0.8099,-0.5443,0.0346,0.0582,-0.0169,-0.0579,7.596,0.0,0.0,0.0,7.32500004768372,down,2026-08-27T12:14:57,927.0,1467.0
BMNR,2027-01-15,136,Call,30.0,BMNR270115C00030000,2.84,3.05,2.945,2.93,-0.47,-13.8235,244.0,32985.0,0.8029,0.4374,0.0331,0.0581,-0.0168,0.0291,2.932,3.25,3.25,2.85,3.39999997615814,down,2026-09-01T11:53:09,1287.0,773.0
BMNR,2027-01-15,136,Put,30.0,BMNR270115P00030000,8.25,8.4,8.325,8.35,0.325,4.04984,34.0,15187.0,0.7963,-0.5711,0.0343,0.0576,-0.0168,-0.0604,8.3507,8.51,8.51,8.35,8.02500009536743,down,2026-09-01T11:44:59,641.0,139.0
BMNR,2027-01-15,136,Call,31.0,BMNR270115C00031000,2.59,2.85,2.7199999999999998,2.73,-0.29,-9.60265,136.0,603.0,0.8059,0.4129,0.0325,0.0575,-0.0167,0.0277,2.7167,2.7,2.82,2.7,3.01999998092651,up,2026-09-01T11:53:09,1340.0,892.0
BMNR,2027-01-15,136,Put,31.0,BMNR270115P00031000,8.9,9.4,9.15,9.45,0.0,0.0,0.0,35.0,0.8092,-0.5964,0.0338,0.0568,-0.0167,-0.0628,9.1287,0.0,0.0,0.0,8.8250002861023,up,2026-08-31T09:30:04,951.0,1123.0
BMNR,2027-01-15,136,Call,32.0,BMNR270115C00032000,2.4,2.65,2.525,2.45,-0.48,-16.3823,16.0,5661.0,0.8109,0.39,0.0318,0.0566,-0.0166,0.0263,2.5219,2.69,2.69,2.45,2.92999994754791,no_change,2026-09-01T11:14:59,1400.0,1037.0
BMNR,2027-01-15,136,Put,32.0,BMNR270115P00032000,9.75,10.25,10.0,9.54,0.0,0.0,0.0,2999.0,0.8234,-0.6202,0.0332,0.0557,-0.0165,-0.0649,9.9281,0.0,0.0,0.0,9.52500009536743,up,2026-08-31T15:06:10,971.0,1489.0
BMNR,2027-01-15,136,Call,33.0,BMNR270115C00033000,2.2,2.59,2.395,2.32,-0.405,-14.8624,21.0,828.0,0.8244,0.3685,0.0311,0.0556,-0.0164,0.0249,2.3458,2.29,2.4,2.29,2.72500002384186,down,2026-09-01T11:06:55,1523.0,1608.0
BMNR,2027-01-15,136,Put,33.0,BMNR270115P00033000,10.55,10.95,10.75,9.73,0.0,0.0,0.0,324.0,0.8163,-0.6426,0.0325,0.0546,-0.0162,-0.0666,10.7467,0.0,0.0,0.0,10.375,down,2026-08-27T11:47:23,989.0,1033.0
BMNR,2027-01-15,136,Call,34.0,BMNR270115C00034000,2.17,2.25,2.21,2.46,0.0,0.0,0.0,851.0,0.8253,0.3485,0.0303,0.0546,-0.0162,0.0237,2.1862,0.0,0.0,0.0,2.45500004291534,up,2026-08-31T15:34:16,60.0,197.0
BMNR,2027-01-15,136,Put,34.0,BMNR270115P00034000,11.25,12.0,11.625,10.43,0.0,0.0,0.0,77.0,0.8292,-0.6635,0.0318,0.0534,-0.016,-0.0682,11.5821,0.0,0.0,0.0,11.1999998092651,down,2026-08-27T11:47:23,1174.0,1394.0
BMNR,2027-01-15,136,Call,35.0,BMNR270115C00035000,2.01,2.09,2.05,2.07,-0.31,-13.0252,127.0,48397.0,0.8281,0.3298,0.0294,0.0534,-0.016,0.0225,2.0414,2.14,2.27,1.93,2.37999999523163,up,2026-09-01T11:48:57,579.0,473.0
BMNR,2027-01-15,136,Put,35.0,BMNR270115P00035000,12.15,12.55,12.350000000000001,11.8,0.0,0.0,0.0,3090.0,0.8106,-0.6831,0.031,0.0519,-0.0157,-0.0693,12.433,0.0,0.0,0.0,11.9249997138977,down,2026-08-31T15:50:06,1236.0,579.0
BMNR,2027-01-15,136,Call,36.0,BMNR270115C00036000,1.88,1.94,1.91,1.84,-0.345,-15.7895,1.0,623.0,0.8322,0.3126,0.0286,0.0522,-0.0157,0.0214,1.9104,1.84,1.84,1.84,2.18499994277954,down,2026-09-01T11:17:08,429.0,12.0
BMNR,2027-01-15,136,Put,36.0,BMNR270115P00036000,12.9,13.75,13.325,18.87,0.0,0.0,0.0,101.0,0.8378,-0.7014,0.0302,0.0506,-0.0154,-0.0702,13.2978,0.0,0.0,0.0,12.875,no_change,2026-07-22T12:07:15,1129.0,1435.0
BMNR,2027-01-15,136,Call,37.0,BMNR270115C00037000,1.76,1.82,1.79,1.79,-0.21,-10.5,1.0,5788.0,0.838,0.2964,0.0277,0.051,-0.0155,0.0203,1.7904,1.79,1.79,1.79,2.00000005960464,down,2026-09-01T11:44:46,200.0,207.0
BMNR,2027-01-15,136,Put,37.0,BMNR270115P00037000,13.95,14.45,14.2,13.77,0.0,0.0,0.0,3038.0,0.8432,-0.7186,0.0295,0.0492,-0.0151,-0.0719,14.1749,0.0,0.0,0.0,13.7249999046326,down,2026-08-31T15:19:03,947.0,1038.0
BMNR,2027-01-15,136,Call,38.0,BMNR270115C00038000,1.51,1.7,1.605,1.75,-0.095,-5.14905,5.0,630.0,0.8284,0.2813,0.0269,0.0498,-0.0152,0.0194,1.6815,1.75,1.75,1.75,1.84499996900558,up,2026-09-01T09:30:02,1595.0,8.0
BMNR,2027-01-15,136,Put,38.0,BMNR270115P00038000,14.8,15.3,15.05,14.0,0.0,0.0,0.0,90.0,0.8413,-0.7346,0.0287,0.0478,-0.0147,-0.0727,15.0627,0.0,0.0,0.0,14.625,down,2026-08-27T11:24:42,881.0,893.0
BMNR,2027-01-15,136,Call,40.0,BMNR270115C00040000,1.46,1.5,1.48,1.42,-0.315,-18.1556,152.0,30115.0,0.853,0.254,0.0252,0.0472,-0.0146,0.0176,1.4909,1.58,1.62,1.42,1.73499995470047,no_change,2026-09-01T11:14:53,340.0,1.0
BMNR,2027-01-15,136,Put,40.0,BMNR270115P00040000,16.7,17.1,16.9,16.75,0.35,2.13415,21.0,2889.0,0.8629,-0.7636,0.0271,0.0447,-0.0141,-0.073,16.8677,16.8,16.8,16.75,16.3999996185303,down,2026-09-01T11:04:25,111.0,911.0
BMNR,2027-01-15,136,Call,42.0,BMNR270115C00042000,1.23,1.34,1.2850000000000001,1.33,-0.15,-10.1351,35.0,4509.0,0.8567,0.2305,0.0235,0.0448,-0.014,0.016,1.3314,1.33,1.33,1.33,1.48000001907349,down,2026-09-01T11:52:32,1166.0,81.0
BMNR,2027-01-15,136,Put,42.0,BMNR270115P00042000,18.35,19.05,18.700000000000003,19.05,0.0,0.0,0.0,839.0,0.8662,-0.7891,0.0256,0.0419,-0.0134,-0.0743,18.7044,0.0,0.0,0.0,18.2250003814697,up,2026-08-28T14:50:35,1521.0,1028.0
BMNR,2027-01-15,136,Call,45.0,BMNR270115C00045000,1.07,1.14,1.105,1.1,-0.23,-17.2932,529.0,11636.0,0.8766,0.2006,0.0213,0.0413,-0.0132,0.014,1.1363,1.1,1.13,1.03,1.3299999833107,no_change,2026-09-01T11:31:35,929.0,390.0
BMNR,2027-01-15,136,Put,45.0,BMNR270115P00045000,21.2,21.85,21.525,21.5,0.0,0.0,0.0,1037.0,0.8894,-0.8217,0.0236,0.0374,-0.0124,-0.0727,21.5072,0.0,0.0,0.0,20.9750003814697,up,2026-08-28T12:15:40,1175.0,1026.0
BMNR,2027-01-15,136,Call,47.0,BMNR270115C00047000,0.98,1.03,1.005,0.98,-0.165,-14.4105,12.0,1774.0,0.8892,0.1838,0.0199,0.0392,-0.0127,0.0129,1.0297,1.01,1.01,0.98,1.14500004053116,down,2026-09-01T11:33:28,554.0,386.0
BMNR,2027-01-15,136,Put,47.0,BMNR270115P00047000,22.8,23.9,23.35,30.4,0.0,0.0,0.0,31.0,0.8812,-0.8403,0.0223,0.0349,-0.0117,-0.0726,23.4005,0.0,0.0,0.0,23.1750001907349,up,2026-07-23T13:58:03,786.0,750.0
BMNR,2027-01-15,136,Call,50.0,BMNR270115C00050000,0.85,0.9,0.875,0.88,-0.145,-14.1463,53.0,21815.0,0.9062,0.1624,0.018,0.0362,-0.0119,0.0114,0.8968,0.9,0.9,0.85,1.02499997615814,up,2026-09-01T11:41:54,676.0,408.0
BMNR,2027-01-15,136,Put,50.0,BMNR270115P00050000,26.05,26.65,26.35,25.66,0.0,0.0,0.0,561.0,0.9383,-0.8645,0.0206,0.0308,-0.0108,-0.0696,26.2699,0.0,0.0,0.0,25.9499998092651,down,2026-08-26T09:59:39,802.0,1178.0
BMNR,2027-01-15,136,Call,55.0,BMNR270115C00055000,0.67,0.91,0.79,0.67,-0.165,-19.7605,7.0,7285.0,0.958,0.1343,0.0154,0.0319,-0.0108,0.0094,0.7285,0.75,0.75,0.66,0.834999978542328,up,2026-09-01T11:31:10,957.0,2696.0
BMNR,2027-01-15,136,Put,55.0,BMNR270115P00055000,30.55,31.6,31.075000000000003,30.45,0.0,0.0,0.0,5.0,0.925,-0.8966,0.0181,0.0254,-0.0094,-0.0654,31.1092,0.0,0.0,0.0,30.8500003814697,up,2026-08-25T10:24:08,267.0,265.0
BMNR,2027-01-15,136,Call,60.0,BMNR270115C00060000,0.58,0.63,0.605,0.6,-0.075,-11.1111,262.0,10390.0,0.9637,0.1133,0.0133,0.0282,-0.0098,0.008,0.606,0.81,0.81,0.6,0.675000011920929,down,2026-09-01T11:29:04,523.0,640.0
BMNR,2027-01-15,136,Put,60.0,BMNR270115P00060000,35.85,36.4,36.125,41.47,0.0,0.0,0.0,3.0,1.0209,-0.9223,0.0164,0.0202,-0.008,-0.0588,36.0008,0.0,0.0,0.0,35.5499992370606,down,2026-08-10T10:33:49,28.0,271.0
BMNR,2027-01-15,136,Call,65.0,BMNR270115C00065000,0.5,0.53,0.515,0.5,-0.07,-12.2807,35.0,11034.0,0.9878,0.097,0.0116,0.0252,-0.0089,0.0068,0.5141,0.55,0.55,0.5,0.570000022649765,no_change,2026-09-01T11:43:52,180.0,396.0
BMNR,2027-01-15,136,Put,65.0,BMNR270115P00065000,40.7,41.3,41.0,39.44,0.0,0.0,0.0,311.0,1.0311,-0.9426,0.0153,0.0156,-0.0064,-0.0442,40.9243,0.0,0.0,0.0,40.5,down,2026-08-27T11:01:47,949.0,1314.0
BMNR,2027-01-15,136,Call,70.0,BMNR270115C00070000,0.42,0.48,0.44999999999999996,0.44,-0.075,-14.5631,1.0,5081.0,1.0125,0.0843,0.0102,0.0227,-0.0082,0.0059,0.4434,0.44,0.44,0.44,0.515000015497208,down,2026-09-01T10:17:20,962.0,553.0
BMNR,2027-01-15,136,Put,70.0,BMNR270115P00070000,45.65,46.35,46.0,52.99,0.0,0.0,0.0,3.0,1.0931,-0.9594,0.0137,0.0114,-0.0065,-0.0396,45.8778,0.0,0.0,0.0,45.5499992370606,up,2026-06-04T14:08:27,125.0,269.0
BMNR,2027-01-15,136,Call,75.0,BMNR270115C00075000,0.39,0.42,0.405,0.4,-0.06,-13.0435,102.0,18044.0,1.0389,0.0742,0.0091,0.0206,-0.0076,0.0052,0.3874,0.4,0.42,0.39,0.459999993443489,no_change,2026-09-01T11:42:48,75.0,247.0
BMNR,2027-01-15,136,Put,75.0,BMNR270115P00075000,50.65,51.2,50.925,60.65,0.0,0.0,0.0,0.0,1.1047,-0.9737,0.0127,0.0074,-0.007,-0.0259,50.8448,0.0,0.0,0.0,50.4750003814697,up,2026-06-24T09:34:46,98.0,120.0
BMNR,2027-01-15,136,Call,80.0,BMNR270115C00080000,0.15,0.54,0.34500000000000003,0.34,-0.065,-16.0494,1.0,18004.0,1.0513,0.066,0.0082,0.0188,-0.007,0.0046,0.3429,0.34,0.34,0.34,0.405000001192093,up,2026-09-01T09:30:07,2638.0,2433.0
BMNR,2027-01-15,136,Put,80.0,BMNR270115P00080000,55.7,56.35,56.025000000000006,62.25,0.0,0.0,0.0,0.0,1.2171,-0.9832,0.01,0.0037,-0.0051,-0.0148,55.8295,0.0,0.0,0.0,55.4750003814697,down,2026-08-11T11:49:02,76.0,121.0
BMNR,2027-01-15,136,Call,85.0,BMNR270115C00085000,0.12,0.52,0.32,0.38,0.0,0.0,0.0,1518.0,1.0765,0.0592,0.0074,0.0172,-0.0066,0.0042,0.3064,0.0,0.0,0.0,0.340000011026859,down,2026-08-28T13:11:20,2818.0,3140.0
BMNR,2027-01-15,136,Put,85.0,BMNR270115P00085000,59.95,61.45,60.7,64.98,0.0,0.0,0.0,0.0,0.0,-0.9902,0.0066,0.0,-0.0026,0.0,60.824,0.0,0.0,0.0,60.375,up,2026-03-26T11:35:52,137.0,129.0
BMNR,2027-01-15,136,Call,90.0,BMNR270115C00090000,0.1,0.37,0.235,0.48,0.135,39.1304,1.0,4233.0,1.0585,0.0535,0.0067,0.0159,-0.0062,0.0038,0.2761,0.48,0.48,0.48,0.345000013709068,up,2026-09-01T09:54:09,2867.0,1792.0
BMNR,2027-01-15,136,Put,90.0,BMNR270115P00090000,64.8,66.55,65.675,70.68,0.0,0.0,0.0,0.0,0.0,-0.9953,0.0031,0.0,-0.0026,0.0,65.824,0.0,0.0,0.0,65.4749984741211,up,2026-02-12T12:38:04,133.0,139.0
BMNR,2027-01-15,136,Call,95.0,BMNR270115C00095000,0.21,0.33,0.27,0.31,-0.035,-10.1449,3.0,4979.0,1.1156,0.0487,0.0061,0.0147,-0.0058,0.0034,0.2507,0.31,0.31,0.31,0.344999998807907,no_change,2026-09-01T09:30:17,1098.0,1646.0
BMNR,2027-01-15,136,Put,95.0,BMNR270115P00095000,70.55,71.35,70.94999999999999,75.31,0.0,0.0,0.0,0.0,1.3145,-0.9981,0.0012,0.0,-0.0026,0.0,70.824,0.0,0.0,0.0,70.5,up,2026-05-26T10:42:59,120.0,120.0
BMNR,2027-01-15,136,Call,100.0,BMNR270115C00100000,0.24,0.3,0.27,0.3,0.01,3.44827,306.0,17628.0,1.1467,0.0445,0.0056,0.0137,-0.0055,0.0031,0.2292,0.27,0.3,0.25,0.290000006556511,up,2026-09-01T10:29:36,1.0,1025.0
BMNR,2027-01-15,136,Put,100.0,BMNR270115P00100000,75.45,76.25,75.85,75.0,-0.2,-0.265958,1.0,0.0,1.2679,-0.9997,0.0002,0.0,-0.0026,0.0,75.824,75.0,75.0,75.0,75.2000007629394,down,2026-09-01T09:30:17,120.0,120.0
BMNR,2027-01-15,136,Call,105.0,BMNR270115C00105000,0.2,0.27,0.23500000000000001,0.22,-0.045,-16.9811,78.0,33306.0,1.1516,0.041,0.0052,0.0128,-0.0052,0.0029,0.2108,0.22,0.26,0.22,0.265000000596046,down,2026-09-01T10:58:32,3.0,386.0
BMNR,2027-01-15,136,Put,105.0,BMNR270115P00105000,79.25,82.15,80.7,88.8,0.0,0.0,0.0,0.0,0.0,-1.0,0.0,0.0,-0.0026,0.0,80.824,0.0,0.0,0.0,80.4249992370606,up,2026-07-14T14:29:44,120.0,120.0
BMNR,2027-02-19,171,Call,5.0,BMNR270219C00005000,18.35,19.95,19.15,19.95,0.0,0.0,0.0,21.0,0.0,0.9952,0.0009,0.0025,0.0,0.0226,19.3211,0.0,0.0,0.0,19.3999996185303,up,2026-08-26T11:25:12,224.0,123.0
BMNR,2027-02-19,171,Put,5.0,BMNR270219P00005000,0.0,0.15,0.075,0.08,0.0,0.0,0.0,57.0,1.1834,-0.0053,0.0009,0.0025,-0.0008,-0.0007,0.0362,0.0,0.0,0.0,0.0750000029802322,down,2026-08-07T15:48:02,0.0,1566.0
BMNR,2027-02-19,171,Call,8.0,BMNR270219C00008000,15.9,17.1,16.5,17.79,0.0,0.0,0.0,42.0,0.9588,0.9807,0.0031,0.008,0.0,0.0344,16.4911,0.0,0.0,0.0,16.7999997138977,up,2026-08-25T11:59:12,253.0,128.0
BMNR,2027-02-19,171,Put,8.0,BMNR270219P00008000,0.06,0.24,0.15,0.16,0.0,0.0,0.0,19.0,0.9569,-0.0199,0.0031,0.008,-0.0022,-0.0028,0.1429,0.0,0.0,0.0,0.134999997913837,up,2026-08-31T10:34:33,819.0,1486.0
BMNR,2027-02-19,171,Call,9.0,BMNR270219C00009000,15.0,16.2,15.6,15.7,0.0,0.0,0.0,60.0,0.9441,0.9726,0.0042,0.0107,0.0,0.0378,15.5748,0.0,0.0,0.0,16.2000002861023,down,2026-08-31T14:34:49,593.0,564.0
BMNR,2027-02-19,171,Put,9.0,BMNR270219P00009000,0.13,0.4,0.265,0.19,-0.06,-24.0,7.0,25.0,0.9738,-0.0281,0.0042,0.0107,-0.0028,-0.0039,0.2056,0.19,0.19,0.19,0.25,no_change,2026-09-01T09:45:36,1076.0,3110.0
BMNR,2027-02-19,171,Call,10.0,BMNR270219C00010000,14.15,15.25,14.7,15.31,0.0,0.0,0.0,130.0,0.9146,0.9625,0.0056,0.0137,0.0,0.0409,14.6767,0.0,0.0,0.0,14.9749999046326,down,2026-08-31T14:42:24,1500.0,1298.0
BMNR,2027-02-19,171,Put,10.0,BMNR270219P00010000,0.23,0.33,0.28,0.28,0.005,1.81818,18.0,347.0,0.8932,-0.0382,0.0056,0.0138,-0.0035,-0.0054,0.2866,0.29,0.29,0.28,0.274999998509884,no_change,2026-09-01T10:00:23,1016.0,974.0
BMNR,2027-02-19,171,Call,11.0,BMNR270219C00011000,13.2,14.25,13.725,14.0,-0.1,-0.709219,5.0,34.0,0.8318,0.9503,0.0071,0.0172,-0.0008,0.0437,13.8,14.0,14.0,14.0,14.0999999046326,down,2026-09-01T10:06:18,410.0,281.0
BMNR,2027-02-19,171,Put,11.0,BMNR270219P00011000,0.35,0.47,0.41,0.4,0.0,-1.49012e-06,1.0,295.0,0.8902,-0.0505,0.0072,0.0173,-0.0043,-0.0071,0.3892,0.4,0.4,0.4,0.400000005960464,down,2026-09-01T09:47:09,5.0,1723.0
BMNR,2027-02-19,171,Call,12.0,BMNR270219C00012000,12.25,13.5,12.875,13.58,0.0,0.0,0.0,84.0,0.8249,0.9358,0.0088,0.021,-0.0018,0.0461,12.9476,0.0,0.0,0.0,13.5999999046326,no_change,2026-08-31T14:49:12,805.0,645.0
BMNR,2027-02-19,171,Put,12.0,BMNR270219P00012000,0.39,0.58,0.485,0.48,-0.02,-4.0,1.0,73.0,0.8459,-0.0651,0.0089,0.0211,-0.0052,-0.0092,0.5164,0.48,0.48,0.48,0.499999985098839,down,2026-09-01T09:46:56,1659.0,1195.0
BMNR,2027-02-19,171,Call,13.0,BMNR270219C00013000,11.65,12.45,12.05,13.48,0.0,0.0,0.0,161.0,0.8163,0.919,0.0107,0.025,-0.003,0.0481,12.1229,0.0,0.0,0.0,12.375,up,2026-08-27T10:04:55,1644.0,914.0
BMNR,2027-02-19,171,Put,13.0,BMNR270219P00013000,0.55,0.74,0.645,0.64,-0.045,-6.56934,1.0,83.0,0.8358,-0.0821,0.0108,0.0252,-0.006,-0.0115,0.6714,0.64,0.64,0.64,0.685000002384186,down,2026-09-01T09:46:43,1389.0,1220.0
BMNR,2027-02-19,171,Call,14.0,BMNR270219C00014000,10.8,11.7,11.25,10.85,0.0,0.0,0.0,62.0,0.8062,0.8999,0.0127,0.0293,-0.0041,0.0497,11.3289,0.0,0.0,0.0,11.5999999046326,down,2026-08-28T15:00:28,715.0,586.0
BMNR,2027-02-19,171,Put,14.0,BMNR270219P00014000,0.71,0.92,0.815,0.8,0.0,0.0,0.0,224.0,0.8193,-0.1014,0.0129,0.0294,-0.007,-0.0143,0.8575,0.0,0.0,0.0,0.884999990463257,down,2026-08-27T11:38:07,1630.0,1049.0
BMNR,2027-02-19,171,Call,15.0,BMNR270219C00015000,10.05,11.05,10.55,10.55,-0.925,-8.061,12.0,296.0,0.8174,0.8783,0.0148,0.0336,-0.0053,0.0508,10.5698,10.9,11.0,10.55,11.4749999046326,down,2026-09-01T10:21:42,2018.0,1373.0
BMNR,2027-02-19,171,Put,15.0,BMNR270219P00015000,1.01,1.12,1.065,1.07,-0.05,-4.46429,2.0,295.0,0.8197,-0.1229,0.015,0.0338,-0.0079,-0.0173,1.0771,1.07,1.07,1.07,1.12000000476837,no_change,2026-09-01T11:17:05,847.0,823.0
BMNR,2027-02-19,171,Call,16.0,BMNR270219C00016000,9.25,10.4,9.825,10.15,0.0,0.0,0.0,581.0,0.8093,0.8549,0.0169,0.0379,-0.0064,0.0516,9.8448,0.0,0.0,0.0,10.4500002861023,down,2026-08-31T12:44:34,2099.0,1516.0
BMNR,2027-02-19,171,Put,16.0,BMNR270219P00016000,1.15,1.44,1.295,1.38,0.0,0.0,0.0,153.0,0.8045,-0.1466,0.0171,0.0381,-0.0088,-0.0206,1.3328,0.0,0.0,0.0,1.2399999499321,up,2026-08-31T09:35:49,1759.0,1395.0
BMNR,2027-02-19,171,Call,17.0,BMNR270219C00017000,8.6,9.75,9.175,9.24,-0.185,-1.96286,1.0,1514.0,0.8115,0.8297,0.0189,0.0421,-0.0075,0.0519,9.1573,9.24,9.24,9.24,9.4249997138977,up,2026-09-01T10:05:31,2185.0,2045.0
BMNR,2027-02-19,171,Put,17.0,BMNR270219P00017000,1.56,1.7,1.63,1.63,0.04,2.51572,1.0,104.0,0.8081,-0.1721,0.0192,0.0423,-0.0096,-0.0243,1.6268,1.63,1.63,1.63,1.5900000333786,down,2026-09-01T10:13:13,637.0,1136.0
BMNR,2027-02-19,171,Call,18.0,BMNR270219C00018000,7.95,9.1,8.525,9.66,0.0,0.0,0.0,223.0,0.805,0.803,0.0208,0.0461,-0.0086,0.0519,8.5087,0.0,0.0,0.0,8.77500009536743,up,2026-08-25T10:30:44,2105.0,1646.0
BMNR,2027-02-19,171,Put,18.0,BMNR270219P00018000,1.89,2.0,1.9449999999999998,1.97,0.0,0.0,0.0,284.0,0.7983,-0.1992,0.0212,0.0463,-0.0104,-0.0281,1.9599,0.0,0.0,0.0,1.84999996423721,no_change,2026-08-31T10:17:21,604.0,3.0
BMNR,2027-02-19,171,Call,19.0,BMNR270219C00019000,7.5,8.2,7.85,7.8,0.0,0.0,0.0,240.0,0.787,0.7751,0.0226,0.0498,-0.0096,0.0516,7.8999,0.0,0.0,0.0,8.4500002861023,down,2026-08-31T10:31:13,1936.0,968.0
BMNR,2027-02-19,171,Put,19.0,BMNR270219P00019000,2.25,2.44,2.3449999999999998,2.32,0.115,5.21542,75.0,215.0,0.7993,-0.2276,0.023,0.05,-0.0112,-0.0322,2.3337,2.11,2.34,2.11,2.20500004291534,down,2026-09-01T10:18:36,874.0,1201.0
BMNR,2027-02-19,171,Call,20.0,BMNR270219C00020000,6.9,7.6,7.25,7.4,0.0,0.0,0.0,11233.0,0.7785,0.7462,0.0243,0.0532,-0.0104,0.051,7.3308,0.0,0.0,0.0,7.82499980926514,down,2026-08-31T09:55:44,2135.0,1042.0
BMNR,2027-02-19,171,Put,20.0,BMNR270219P00020000,2.67,2.88,2.775,2.76,0.17,6.5637,74.0,640.0,0.7989,-0.2569,0.0247,0.0534,-0.0118,-0.0363,2.7474,2.72,2.76,2.72,2.5900000333786,up,2026-09-01T10:18:36,193.0,1280.0
BMNR,2027-02-19,171,Call,21.0,BMNR270219C00021000,6.45,7.1,6.775,6.8,0.0,0.0,0.0,409.0,0.7868,0.7169,0.0257,0.0562,-0.0112,0.0501,6.8013,0.0,0.0,0.0,7.5,up,2026-08-31T11:33:03,1886.0,1217.0
BMNR,2027-02-19,171,Put,21.0,BMNR270219P00021000,3.1,3.25,3.175,2.99,-0.025,-0.829187,1.0,123.0,0.7866,-0.287,0.0262,0.0564,-0.0124,-0.0405,3.2022,2.99,2.99,2.99,3.01499998569488,down,2026-09-01T09:56:03,1118.0,61.0
BMNR,2027-02-19,171,Call,22.0,BMNR270219C00022000,5.85,6.5,6.175,6.28,-0.52,-7.64706,10.0,438.0,0.7672,0.6873,0.027,0.0587,-0.012,0.049,6.3102,6.35,6.35,6.08,6.79999995231628,up,2026-09-01T09:49:10,2235.0,63.0
BMNR,2027-02-19,171,Put,22.0,BMNR270219P00022000,3.6,3.8,3.7,3.74,0.215,6.09929,1.0,512.0,0.7911,-0.317,0.0275,0.0589,-0.0129,-0.0448,3.6949,3.74,3.74,3.74,3.52500009536743,up,2026-09-01T09:55:01,753.0,1249.0
BMNR,2027-02-19,171,Call,23.0,BMNR270219C00023000,5.5,6.2,5.85,6.4,0.0,0.0,0.0,194.0,0.7887,0.6579,0.028,0.0609,-0.0126,0.0477,5.8564,0.0,0.0,0.0,6.32500004768372,down,2026-08-31T13:57:01,2048.0,1456.0
BMNR,2027-02-19,171,Put,23.0,BMNR270219P00023000,4.15,4.4,4.275,4.15,0.15,3.75,3.0,131.0,0.7978,-0.3471,0.0286,0.0611,-0.0133,-0.0489,4.2264,4.15,4.15,4.15,4.0,no_change,2026-09-01T09:30:03,410.0,1249.0
BMNR,2027-02-19,171,Call,24.0,BMNR270219C00024000,5.35,5.7,5.525,5.55,-0.5,-8.26446,2.0,893.0,0.804,0.6288,0.0288,0.0627,-0.0131,0.0464,5.4381,5.55,5.55,5.55,6.04999995231628,down,2026-09-01T10:06:38,651.0,1188.0
BMNR,2027-02-19,171,Put,24.0,BMNR270219P00024000,4.7,5.1,4.9,4.65,-0.025,-0.534758,2.0,86.0,0.807,-0.3769,0.0295,0.0628,-0.0136,-0.053,4.7937,4.65,4.65,4.65,4.67499995231628,down,2026-09-01T09:30:06,184.0,1674.0
BMNR,2027-02-19,171,Call,25.0,BMNR270219C00025000,4.95,5.2,5.075,5.0,-0.625,-11.1111,45.0,5183.0,0.7944,0.6002,0.0294,0.064,-0.0135,0.0449,5.0533,5.3,5.3,4.94,5.625,down,2026-09-01T09:54:55,974.0,757.0
BMNR,2027-02-19,171,Put,25.0,BMNR270219P00025000,5.3,5.45,5.375,5.68,0.0,0.0,0.0,67.0,0.7878,-0.4062,0.0302,0.0641,-0.0138,-0.057,5.3956,0.0,0.0,0.0,5.09999990463257,up,2026-08-28T14:55:15,475.0,47.0
BMNR,2027-02-19,171,Call,26.0,BMNR270219C00026000,4.55,4.85,4.699999999999999,4.55,-0.725,-13.7441,55.0,558.0,0.7926,0.5725,0.0298,0.065,-0.0139,0.0434,4.7002,4.82,4.82,4.55,5.27500009536743,down,2026-09-01T11:15:59,1324.0,839.0
BMNR,2027-02-19,171,Put,26.0,BMNR270219P00026000,5.95,6.1,6.025,6.25,0.0,0.0,0.0,24.0,0.7919,-0.4347,0.0306,0.065,-0.014,-0.0608,6.0296,0.0,0.0,0.0,5.70000004768372,no_change,2026-08-31T10:22:22,293.0,295.0
BMNR,2027-02-19,171,Call,27.0,BMNR270219C00027000,4.25,4.7,4.475,4.41,-0.515,-10.4569,1.0,197.0,0.8097,0.5457,0.03,0.0657,-0.0142,0.0418,4.3762,4.41,4.41,4.41,4.92499995231628,down,2026-09-01T09:46:22,1218.0,1585.0
BMNR,2027-02-19,171,Put,27.0,BMNR270219P00027000,6.6,6.75,6.675,6.75,0.4,6.29921,59.0,11.0,0.7917,-0.4623,0.0309,0.0655,-0.014,-0.0648,6.6938,6.75,6.75,6.75,6.34999990463257,no_change,2026-09-01T11:05:41,739.0,152.0
BMNR,2027-02-19,171,Call,28.0,BMNR270219C00028000,3.9,4.45,4.175,4.5,0.0,0.0,0.0,2982.0,0.8115,0.5199,0.03,0.066,-0.0144,0.0402,4.0796,0.0,0.0,0.0,4.59999990463257,up,2026-08-31T15:08:29,1551.0,1880.0
BMNR,2027-02-19,171,Put,28.0,BMNR270219P00028000,7.3,7.45,7.375,7.4,0.375,5.33808,6.0,20.0,0.7954,-0.489,0.0311,0.0658,-0.014,-0.068,7.3861,7.45,7.45,7.4,7.02500009536743,no_change,2026-09-01T11:23:23,711.0,111.0
BMNR,2027-02-19,171,Call,29.0,BMNR270219C00029000,3.75,3.9,3.825,4.49,0.0,0.0,0.0,151.0,0.8026,0.4954,0.03,0.0661,-0.0145,0.0387,3.8078,0.0,0.0,0.0,4.15000009536743,down,2026-08-28T10:25:37,255.0,323.0
BMNR,2027-02-19,171,Put,29.0,BMNR270219P00029000,8.0,8.55,8.275,10.02,0.0,0.0,0.0,17.0,0.826,-0.5145,0.0311,0.0657,-0.014,-0.071,8.1038,0.0,0.0,0.0,7.875,no_change,2026-08-20T15:26:40,135.0,1317.0
BMNR,2027-02-19,171,Call,30.0,BMNR270219C00030000,3.45,3.65,3.55,3.51,-0.49,-12.25,17.0,18303.0,0.8016,0.4718,0.0298,0.0659,-0.0146,0.0371,3.5592,3.7,3.7,3.5,4.0,no_change,2026-09-01T11:23:23,1004.0,511.0
BMNR,2027-02-19,171,Put,30.0,BMNR270219P00030000,8.7,9.05,8.875,9.03,0.0,0.0,0.0,127.0,0.8076,-0.539,0.031,0.0654,-0.0138,-0.0743,8.8452,0.0,0.0,0.0,8.57499980926514,up,2026-08-26T10:17:19,851.0,1178.0
BMNR,2027-02-19,171,Call,31.0,BMNR270219C00031000,3.25,3.45,3.35,3.4,-0.325,-8.72483,23.0,444.0,0.8093,0.4494,0.0295,0.0655,-0.0146,0.0356,3.3315,3.4,3.4,3.4,3.72499990463257,down,2026-09-01T11:45:31,471.0,780.0
BMNR,2027-02-19,171,Put,31.0,BMNR270219P00031000,9.5,10.05,9.775,9.0,0.0,0.0,0.0,5.0,0.8321,-0.5623,0.0308,0.0648,-0.0136,-0.0771,9.6086,0.0,0.0,0.0,9.34999990463257,no_change,2026-08-27T11:05:34,19.0,1420.0
BMNR,2027-02-19,171,Call,32.0,BMNR270219C00032000,3.0,3.2,3.1,3.09,-0.41,-11.7143,5.0,146.0,0.8066,0.4282,0.0291,0.065,-0.0146,0.0342,3.1229,3.09,3.09,3.09,3.5,no_change,2026-09-01T11:23:23,1145.0,458.0
BMNR,2027-02-19,171,Put,32.0,BMNR270219P00032000,10.2,10.65,10.425,14.76,0.0,0.0,0.0,32.0,0.8153,-0.5845,0.0305,0.0641,-0.0134,-0.0792,10.3915,0.0,0.0,0.0,10.0999999046326,up,2026-08-12T14:21:32,605.0,999.0
BMNR,2027-02-19,171,Call,33.0,BMNR270219C00033000,2.81,3.2,3.005,3.15,0.0,0.0,0.0,244.0,0.8253,0.4082,0.0286,0.0643,-0.0145,0.0328,2.9316,0.0,0.0,0.0,3.27500009536743,down,2026-08-31T14:01:28,1154.0,1553.0
BMNR,2027-02-19,171,Put,33.0,BMNR270219P00033000,11.05,11.5,11.275,11.1,0.0,0.0,0.0,40.0,0.827,-0.6055,0.0301,0.0632,-0.0132,-0.0822,11.1924,0.0,0.0,0.0,10.7250003814697,down,2026-08-31T12:03:45,16.0,1162.0
BMNR,2027-02-19,171,Call,34.0,BMNR270219C00034000,2.6,3.1,2.85,3.25,0.0,0.0,0.0,247.0,0.8326,0.3892,0.0281,0.0635,-0.0145,0.0314,2.7562,0.0,0.0,0.0,3.12000000476837,down,2026-08-28T11:41:45,1414.0,1793.0
BMNR,2027-02-19,171,Put,34.0,BMNR270219P00034000,11.7,12.35,12.024999999999999,11.9,0.0,0.0,0.0,50.0,0.8199,-0.6258,0.0298,0.0621,-0.0129,-0.0839,12.0132,0.0,0.0,0.0,11.4749999046326,no_change,2026-08-31T12:00:44,935.0,1167.0
BMNR,2027-02-19,171,Call,35.0,BMNR270219C00035000,2.47,2.67,2.5700000000000003,2.65,-0.275,-9.40171,21.0,1236.0,0.8179,0.3713,0.0276,0.0626,-0.0144,0.0301,2.5953,2.5,2.69,2.5,2.92499995231628,down,2026-09-01T10:12:12,1233.0,669.0
BMNR,2027-02-19,171,Put,35.0,BMNR270219P00035000,12.6,13.05,12.825,12.75,0.0,0.0,0.0,79.0,0.8187,-0.6447,0.0293,0.0611,-0.0126,-0.0856,12.8456,0.0,0.0,0.0,12.2999997138977,no_change,2026-08-31T11:58:53,907.0,981.0
BMNR,2027-03-19,199,Call,13.0,BMNR270319C00013000,12.0,12.6,12.3,12.2,-0.825,-6.33397,11.0,51.0,0.8454,0.9094,0.0107,0.029,-0.0034,0.0533,12.298,12.25,12.25,12.2,13.0250000953674,down,2026-09-01T10:31:53,641.0,93.0
BMNR,2027-03-19,199,Put,13.0,BMNR270319P00013000,0.68,0.91,0.795,0.85,0.0,0.0,0.0,11.0,0.8316,-0.0903,0.0108,0.0292,-0.006,-0.0151,0.8327,0.0,0.0,0.0,0.754999995231628,no_change,2026-08-26T13:46:38,1261.0,1181.0
BMNR,2027-03-19,199,Call,14.0,BMNR270319C00014000,11.1,11.9,11.5,11.75,0.0,0.0,0.0,8.0,0.8232,0.8902,0.0125,0.0334,-0.0044,0.055,11.5353,0.0,0.0,0.0,12.1999998092651,down,2026-08-31T14:40:33,781.0,528.0
BMNR,2027-03-19,199,Put,14.0,BMNR270319P00014000,0.89,1.12,1.0050000000000001,1.1,0.0,0.0,0.0,1.0,0.8213,-0.1097,0.0126,0.0336,-0.0068,-0.0184,1.047,0.0,0.0,0.0,0.980000019073486,up,2026-08-26T12:57:59,1076.0,1043.0
BMNR,2027-03-19,199,Call,15.0,BMNR270319C00015000,10.25,11.4,10.825,11.25,0.0,0.0,0.0,10.0,0.8297,0.8691,0.0143,0.0379,-0.0054,0.0562,10.8067,0.0,0.0,0.0,11.1999998092651,no_change,2026-08-28T11:52:56,894.0,929.0
BMNR,2027-03-19,199,Put,15.0,BMNR270319P00015000,1.09,1.41,1.25,1.26,0.0,0.0,0.0,11.0,0.8128,-0.131,0.0145,0.0381,-0.0076,-0.0219,1.2959,0.0,0.0,0.0,1.24500000476837,no_change,2026-08-31T12:00:20,1299.0,1185.0
BMNR,2027-03-19,199,Call,16.0,BMNR270319C00016000,9.6,10.75,10.175,11.5,0.0,0.0,0.0,2.0,0.832,0.8464,0.0161,0.0422,-0.0064,0.0569,10.1135,0.0,0.0,0.0,10.4250001907349,no_change,2026-08-27T10:00:25,863.0,1120.0
BMNR,2027-03-19,199,Put,16.0,BMNR270319P00016000,1.45,1.9,1.6749999999999998,1.55,0.005,0.323627,27.0,3.0,0.8396,-0.154,0.0163,0.0425,-0.0084,-0.0258,1.5806,1.37,1.55,1.37,1.54499995708466,up,2026-09-01T09:35:34,1025.0,2594.0
BMNR,2027-03-19,199,Call,17.0,BMNR270319C00017000,9.0,10.1,9.55,11.71,0.0,0.0,0.0,5.0,0.8313,0.8224,0.0178,0.0464,-0.0073,0.0573,9.4572,0.0,0.0,0.0,9.7999997138977,up,2026-08-27T12:32:10,898.0,975.0
BMNR,2027-03-19,199,Put,17.0,BMNR270319P00017000,1.68,2.18,1.9300000000000002,1.87,0.0,0.0,0.0,2.0,0.8172,-0.1785,0.0181,0.0466,-0.0092,-0.03,1.9027,0.0,0.0,0.0,1.85500007867813,up,2026-08-28T11:40:24,1261.0,1933.0
BMNR,2027-03-19,199,Call,18.0,BMNR270319C00018000,8.4,9.3,8.850000000000001,8.82,0.0,0.0,0.0,6.0,0.8089,0.7971,0.0195,0.0504,-0.0082,0.0574,8.838,0.0,0.0,0.0,9.4249997138977,down,2026-08-31T11:18:37,938.0,747.0
BMNR,2027-03-19,199,Put,18.0,BMNR270319P00018000,2.04,2.59,2.315,2.4,0.0,0.0,0.0,3.0,0.8168,-0.2042,0.0198,0.0507,-0.0099,-0.0343,2.2627,0.0,0.0,0.0,2.22000002861023,up,2026-08-28T14:06:10,1250.0,1844.0
BMNR,2027-03-19,199,Call,19.0,BMNR270319C00019000,7.95,8.7,8.325,9.95,0.0,0.0,0.0,2.0,0.8154,0.771,0.021,0.054,-0.0091,0.0571,8.2566,0.0,0.0,0.0,8.82499980926514,up,2026-08-27T14:16:30,819.0,786.0
BMNR,2027-03-19,199,Put,19.0,BMNR270319P00019000,2.48,2.86,2.67,2.66,0.075,2.90135,40.0,8.0,0.8045,-0.2308,0.0214,0.0543,-0.0105,-0.0388,2.6608,2.67,2.68,2.65,2.58500003814697,no_change,2026-09-01T10:28:08,1392.0,1096.0
BMNR,2027-03-19,199,Call,20.0,BMNR270319C00020000,7.6,8.1,7.85,7.74,-0.685,-8.13056,1152.0,9825.0,0.8241,0.7443,0.0223,0.0574,-0.0098,0.0565,7.7121,8.05,8.05,7.54,8.4249997138977,up,2026-09-01T11:47:54,1254.0,1092.0
BMNR,2027-03-19,199,Put,20.0,BMNR270319P00020000,2.91,3.3,3.105,3.12,0.11,3.65449,40.0,28.0,0.8015,-0.258,0.0228,0.0577,-0.0111,-0.0434,3.0967,3.1,3.12,3.08,3.00999999046326,no_change,2026-09-01T10:28:08,1474.0,1060.0
BMNR,2027-03-19,199,Call,21.0,BMNR270319C00021000,6.9,7.65,7.275,7.3,0.0,0.0,0.0,5.0,0.8099,0.7173,0.0236,0.0604,-0.0105,0.0557,7.2044,0.0,0.0,0.0,7.79999995231628,down,2026-08-28T15:42:42,978.0,976.0
BMNR,2027-03-19,199,Put,21.0,BMNR270319P00021000,3.3,3.95,3.625,0.0,0.0,0.0,0.0,0.0,0.8073,-0.2856,0.0241,0.0606,-0.0116,-0.0481,3.57,0.0,0.0,0.0,3.45000004768372,no_change,,1328.0,1556.0
BMNR,2027-03-19,199,Call,22.0,BMNR270319C00022000,6.3,7.1,6.699999999999999,7.25,-0.2,-2.68456,20.0,54.0,0.7922,0.6902,0.0246,0.0629,-0.0111,0.0546,6.7317,7.25,7.25,7.25,7.45000004768372,down,2026-09-01T09:50:25,1486.0,1126.0
BMNR,2027-03-19,199,Put,22.0,BMNR270319P00022000,3.8,4.45,4.125,3.9,0.0,0.0,0.0,0.0,0.8045,-0.3132,0.0252,0.0632,-0.012,-0.0527,4.0789,0.0,0.0,0.0,3.90000009536743,down,2026-08-31T15:12:42,1216.0,1397.0
BMNR,2027-03-19,199,Call,23.0,BMNR270319C00023000,6.1,6.55,6.324999999999999,6.1,-0.675,-9.9631,2900.0,27.0,0.8017,0.6634,0.0255,0.0652,-0.0117,0.0534,6.2931,6.42,6.43,6.1,6.77500009536743,no_change,2026-09-01T11:17:29,1526.0,752.0
BMNR,2027-03-19,199,Put,23.0,BMNR270319P00023000,4.4,4.95,4.675000000000001,4.72,0.0,0.0,0.0,1.0,0.8048,-0.3408,0.0261,0.0654,-0.0124,-0.0574,4.623,0.0,0.0,0.0,4.54999995231628,up,2026-08-26T10:45:42,972.0,1285.0
BMNR,2027-03-19,199,Call,24.0,BMNR270319C00024000,5.7,6.1,5.9,5.9,-0.675,-10.2662,10.0,25.0,0.7991,0.6369,0.0262,0.067,-0.0121,0.0522,5.8867,6.4,6.4,5.9,6.57500004768372,no_change,2026-09-01T11:07:23,1115.0,121.0
BMNR,2027-03-19,199,Put,24.0,BMNR270319P00024000,5.0,5.35,5.175,5.15,0.075,1.47784,1.0,50.0,0.7935,-0.368,0.0269,0.0672,-0.0127,-0.0619,5.1995,5.15,5.15,5.15,5.07499980926514,down,2026-09-01T11:47:46,1244.0,795.0
BMNR,2027-03-19,199,Call,25.0,BMNR270319C00025000,5.25,5.8,5.525,5.38,-0.82,-13.2258,5.0,48.0,0.8,0.6109,0.0267,0.0684,-0.0125,0.0507,5.5108,5.38,5.38,5.38,6.19999980926514,no_change,2026-09-01T11:15:48,1186.0,1001.0
BMNR,2027-03-19,199,Put,25.0,BMNR270319P00025000,5.6,6.05,5.824999999999999,5.62,0.0,0.0,0.0,42.0,0.8004,-0.3947,0.0276,0.0685,-0.0129,-0.0663,5.8079,0.0,0.0,0.0,5.65000009536743,up,2026-08-28T11:29:26,1151.0,1003.0
BMNR,2027-03-19,199,Call,26.0,BMNR270319C00026000,4.9,5.5,5.2,6.0,0.0,0.0,0.0,210.0,0.8044,0.5856,0.0271,0.0696,-0.0128,0.0492,5.1638,0.0,0.0,0.0,5.625,up,2026-08-31T15:59:54,1529.0,1248.0
BMNR,2027-03-19,199,Put,26.0,BMNR270319P00026000,6.3,6.8,6.55,0.0,0.0,0.0,0.0,0.0,0.8143,-0.4208,0.028,0.0696,-0.013,-0.0706,6.4455,0.0,0.0,0.0,6.27500009536743,no_change,,100.0,1119.0
BMNR,2027-03-19,199,Call,27.0,BMNR270319C00027000,4.55,5.2,4.875,4.93,-0.395,-7.41784,1.0,120.0,0.8055,0.5611,0.0274,0.0704,-0.0131,0.0478,4.8432,4.93,4.93,4.93,5.32500004768372,down,2026-09-01T10:12:30,1615.0,1363.0
BMNR,2027-03-19,199,Put,27.0,BMNR270319P00027000,6.8,7.55,7.175,0.0,0.0,0.0,0.0,0.0,0.8102,-0.4462,0.0284,0.0703,-0.0131,-0.0745,7.1103,0.0,0.0,0.0,6.95000004768372,no_change,,797.0,1202.0
BMNR,2027-03-19,199,Call,28.0,BMNR270319C00028000,4.3,4.75,4.525,4.65,-0.375,-7.46268,2.0,341.0,0.7998,0.5375,0.0275,0.0709,-0.0133,0.0462,4.5476,4.58,4.65,4.58,5.02499985694885,up,2026-09-01T11:25:16,1604.0,257.0
BMNR,2027-03-19,199,Put,28.0,BMNR270319P00028000,7.45,8.2,7.824999999999999,7.06,0.0,0.0,0.0,5.0,0.8064,-0.4706,0.0286,0.0707,-0.0131,-0.0784,7.8012,0.0,0.0,0.0,7.625,down,2026-08-27T11:59:56,878.0,978.0
BMNR,2027-03-19,199,Call,29.0,BMNR270319C00029000,4.0,4.7,4.35,4.18,-0.62,-12.9167,1.0,23.0,0.8159,0.5148,0.0275,0.0711,-0.0135,0.0447,4.2751,4.18,4.18,4.18,4.80000019073486,down,2026-09-01T09:41:00,1358.0,1318.0
BMNR,2027-03-19,199,Put,29.0,BMNR270319P00029000,8.15,8.9,8.525,0.0,0.0,0.0,0.0,0.0,0.8068,-0.4942,0.0287,0.0708,-0.0131,-0.0823,8.5155,0.0,0.0,0.0,8.2999997138977,no_change,,820.0,979.0
BMNR,2027-03-19,199,Call,30.0,BMNR270319C00030000,3.8,4.3,4.05,4.05,-0.5,-10.989,16.0,255.0,0.8118,0.4931,0.0274,0.0712,-0.0136,0.0432,4.0236,4.0,4.13,4.0,4.54999995231628,down,2026-09-01T10:55:35,1488.0,1089.0
BMNR,2027-03-19,199,Put,30.0,BMNR270319P00030000,8.9,9.65,9.275,8.65,0.0,0.0,0.0,20.0,0.8114,-0.5169,0.0287,0.0707,-0.013,-0.0855,9.2516,0.0,0.0,0.0,9.02499961853027,down,2026-08-27T10:41:25,800.0,1075.0
BMNR,2027-03-19,199,Call,31.0,BMNR270319C00031000,3.5,4.2,3.85,4.46,0.0,0.0,0.0,10.0,0.8192,0.4723,0.0273,0.071,-0.0136,0.0416,3.7916,0.0,0.0,0.0,4.125,down,2026-08-28T10:25:37,1253.0,1342.0
BMNR,2027-03-19,199,Put,31.0,BMNR270319P00031000,9.6,10.4,10.0,9.98,0.0,0.0,0.0,1.0,0.8098,-0.5387,0.0286,0.0704,-0.013,-0.089,10.0083,0.0,0.0,0.0,9.75,up,2026-08-26T12:09:50,845.0,987.0
BMNR,2027-03-19,199,Call,32.0,BMNR270319C00032000,3.3,4.0,3.65,3.95,0.0,0.0,0.0,11.0,0.8243,0.4525,0.027,0.0707,-0.0137,0.0402,3.5776,0.0,0.0,0.0,3.97500002384186,up,2026-08-31T11:27:12,1240.0,1415.0
BMNR,2027-03-19,199,Put,32.0,BMNR270319P00032000,10.45,11.2,10.825,0.0,0.0,0.0,0.0,0.0,0.82,-0.5594,0.0285,0.0699,-0.0128,-0.0916,10.7834,0.0,0.0,0.0,10.4750003814697,no_change,,299.0,434.0
BMNR,2027-03-19,199,Call,33.0,BMNR270319C00033000,3.05,3.75,3.4,3.4,0.0,0.0,0.0,121.0,0.8201,0.4337,0.0268,0.0702,-0.0137,0.0388,3.38,0.0,0.0,0.0,3.67500007152557,no_change,2026-08-28T14:42:23,1225.0,829.0
BMNR,2027-03-19,199,Put,33.0,BMNR270319P00033000,11.25,12.0,11.625,10.8,0.0,0.0,0.0,1.0,0.8245,-0.5793,0.0283,0.0692,-0.0126,-0.0944,11.5753,0.0,0.0,0.0,11.2999997138977,down,2026-08-27T10:47:44,287.0,468.0
BMNR,2027-03-19,199,Call,34.0,BMNR270319C00034000,2.85,3.6,3.225,4.18,0.0,0.0,0.0,3.0,0.8247,0.4158,0.0264,0.0696,-0.0136,0.0374,3.1972,0.0,0.0,0.0,3.47500002384186,up,2026-08-27T11:10:16,1315.0,1411.0
BMNR,2027-03-19,199,Put,34.0,BMNR270319P00034000,11.9,12.75,12.325,0.0,0.0,0.0,0.0,0.0,0.8121,-0.5982,0.028,0.0683,-0.0124,-0.0972,12.3833,0.0,0.0,0.0,12.0499997138977,no_change,,863.0,909.0
BMNR,2027-03-19,199,Call,35.0,BMNR270319C00035000,2.75,3.2,2.975,3.0,-0.29,-8.81459,14.0,180.0,0.8164,0.3988,0.026,0.0688,-0.0136,0.036,3.0283,3.0,3.0,3.0,3.28999996185303,no_change,2026-09-01T11:13:31,1938.0,285.0
BMNR,2027-03-19,199,Put,35.0,BMNR270319P00035000,12.95,13.45,13.2,12.72,0.0,0.0,0.0,2.0,0.8233,-0.6162,0.0277,0.0674,-0.0122,-0.0993,13.2056,0.0,0.0,0.0,12.8249998092651,up,2026-08-31T15:46:49,103.0,920.0
BMNR,2027-03-19,199,Call,36.0,BMNR270319C00036000,2.51,3.25,2.88,3.35,0.0,0.0,0.0,10.0,0.8289,0.3827,0.0256,0.068,-0.0135,0.0347,2.872,0.0,0.0,0.0,3.10500001907349,no_change,2026-08-26T14:54:05,1319.0,1438.0
BMNR,2027-03-19,199,Put,36.0,BMNR270319P00036000,13.75,14.5,14.125,0.0,0.0,0.0,0.0,0.0,0.8404,-0.6334,0.0274,0.0664,-0.012,-0.1011,14.0409,0.0,0.0,0.0,13.7000002861023,no_change,,456.0,1119.0
BMNR,2027-03-19,199,Call,37.0,BMNR270319C00037000,2.38,3.05,2.715,3.03,0.0,0.0,0.0,8.0,0.8296,0.3674,0.0252,0.0672,-0.0134,0.0335,2.7271,0.0,0.0,0.0,2.95500004291534,down,2026-08-31T15:33:08,1313.0,1368.0
BMNR,2027-03-19,199,Put,37.0,BMNR270319P00037000,14.5,15.25,14.875,14.9,0.0,0.0,0.0,51.0,0.8294,-0.6498,0.027,0.0652,-0.0117,-0.1027,14.8882,0.0,0.0,0.0,14.4250001907349,up,2026-08-26T10:56:36,832.0,931.0
BMNR,2027-03-19,199,Call,38.0,BMNR270319C00038000,2.3,2.8,2.55,2.72,-0.09,-3.20285,22.0,306.0,0.8287,0.353,0.0247,0.0663,-0.0133,0.0323,2.5926,2.45,2.72,2.45,2.81000006198883,up,2026-09-01T11:39:15,1964.0,1457.0
BMNR,2027-03-19,199,Put,38.0,BMNR270319P00038000,15.5,15.85,15.675,0.0,0.0,0.0,0.0,0.0,0.8238,-0.6654,0.0266,0.064,-0.0114,-0.1051,15.7469,0.0,0.0,0.0,15.25,no_change,,42.0,461.0
BMNR,2027-06-17,289,Call,13.0,BMNR270617C00013000,12.55,13.4,12.975000000000001,0.0,0.0,0.0,0.0,0.0,0.8377,0.8947,0.01,0.0395,-0.0038,0.0692,13.0082,0.0,0.0,0.0,13.5,no_change,,712.0,520.0
BMNR,2027-06-17,289,Put,13.0,BMNR270617P00013000,1.24,1.41,1.325,1.31,-0.02,-1.50376,61.0,1.0,0.8439,-0.1068,0.0102,0.0398,-0.0057,-0.0276,1.3339,1.35,1.35,1.31,1.3299999833107,down,2026-09-01T09:58:25,572.0,990.0
BMNR,2027-06-17,289,Call,15.0,BMNR270617C00015000,11.2,11.9,11.55,11.72,-0.78,-6.24,6.0,12.0,0.806,0.8574,0.0125,0.0488,-0.0052,0.0726,11.6706,11.52,11.72,11.52,12.5,up,2026-09-01T09:58:23,884.0,436.0
BMNR,2027-06-17,289,Put,15.0,BMNR270617P00015000,1.76,2.05,1.9049999999999998,1.98,0.0,0.0,0.0,4.0,0.8254,-0.1448,0.0128,0.0492,-0.0069,-0.0376,1.9318,0.0,0.0,0.0,1.86000007390976,down,2026-08-31T11:57:53,983.0,970.0
BMNR,2027-06-17,289,Call,18.0,BMNR270617C00018000,9.4,10.5,9.95,10.5,0.0,0.0,0.0,22.0,0.8233,0.7954,0.0161,0.0614,-0.0072,0.0746,9.9105,0.0,0.0,0.0,10.75,up,2026-08-31T15:30:52,937.0,854.0
BMNR,2027-06-17,289,Put,18.0,BMNR270617P00018000,2.84,3.45,3.145,2.98,0.0,0.0,0.0,36.0,0.8273,-0.2085,0.0165,0.0618,-0.0084,-0.0543,3.0804,0.0,0.0,0.0,2.98500001430512,down,2026-08-28T11:24:22,1334.0,1842.0
BMNR,2027-06-17,289,Call,20.0,BMNR270617C00020000,8.55,9.2,8.875,9.0,-0.675,-6.97674,12.0,290.0,0.8087,0.752,0.018,0.0684,-0.0083,0.0742,8.8971,9.0,9.0,8.9,9.6749997138977,up,2026-09-01T10:49:03,1891.0,1013.0
BMNR,2027-06-17,289,Put,20.0,BMNR270617P00020000,3.75,4.25,4.0,3.68,0.0,0.0,0.0,3.0,0.8104,-0.2531,0.0186,0.0689,-0.0093,-0.0659,4.0106,0.0,0.0,0.0,3.85000002384186,up,2026-08-27T12:23:07,1216.0,1013.0
BMNR,2027-06-17,289,Call,23.0,BMNR270617C00023000,7.25,7.9,7.575,7.7,-0.55,-6.66667,10.0,5.0,0.8063,0.6873,0.0202,0.0765,-0.0096,0.072,7.5985,8.0,8.0,7.69,8.25,up,2026-09-01T10:21:49,1088.0,754.0
BMNR,2027-06-17,289,Put,23.0,BMNR270617P00023000,5.45,5.9,5.675000000000001,5.45,-0.05,-0.909091,5.0,59.0,0.8148,-0.3202,0.021,0.0769,-0.0103,-0.0836,5.6337,5.45,5.45,5.45,5.5,up,2026-09-01T09:59:14,1328.0,1337.0
BMNR,2027-06-17,289,Call,25.0,BMNR270617C00025000,6.5,7.2,6.85,7.78,0.0,0.0,0.0,41.0,0.8083,0.6456,0.0212,0.0803,-0.0102,0.0697,6.8648,0.0,0.0,0.0,7.42500019073486,up,2026-08-31T15:59:49,1308.0,967.0
BMNR,2027-06-17,289,Put,25.0,BMNR270617P00025000,6.7,7.25,6.975,6.8,0.0,7.01231e-07,10.0,8.0,0.8254,-0.3637,0.0222,0.0806,-0.0107,-0.0946,6.8522,6.8,6.8,6.8,6.79999995231628,up,2026-09-01T09:33:20,742.0,1130.0
BMNR,2027-06-17,289,Call,27.0,BMNR270617C00027000,5.95,6.6,6.275,6.2,0.0,0.0,0.0,69.0,0.8184,0.6059,0.0219,0.083,-0.0107,0.0671,6.2237,0.0,0.0,0.0,6.67500019073486,down,2026-08-28T14:23:23,1449.0,1237.0
BMNR,2027-06-17,289,Put,27.0,BMNR270617P00027000,7.85,8.55,8.2,7.55,0.0,0.0,0.0,2.0,0.8162,-0.4053,0.023,0.0831,-0.0111,-0.1054,8.1672,0.0,0.0,0.0,8.04999995231628,down,2026-08-27T13:01:55,857.0,864.0
BMNR,2027-06-17,289,Call,30.0,BMNR270617C00030000,5.05,5.75,5.4,5.5,-0.4,-6.77966,15.0,282.0,0.8162,0.5509,0.0223,0.0853,-0.0113,0.0628,5.4104,5.42,5.5,5.42,5.90000009536743,up,2026-09-01T10:22:52,2034.0,1279.0
BMNR,2027-06-17,289,Put,30.0,BMNR270617P00030000,10.0,10.7,10.35,10.5,0.0,0.0,0.0,15.0,0.8239,-0.4635,0.0237,0.085,-0.0113,-0.1198,10.2949,0.0,0.0,0.0,10.0999999046326,up,2026-08-28T13:43:55,767.0,883.0
BMNR,2027-06-17,289,Call,32.0,BMNR270617C00032000,4.6,5.35,4.975,5.28,0.0,0.0,0.0,72.0,0.8245,0.5173,0.0224,0.0859,-0.0115,0.06,4.952,0.0,0.0,0.0,5.45000004768372,up,2026-08-31T15:12:20,1570.0,1504.0
BMNR,2027-06-17,289,Put,32.0,BMNR270617P00032000,11.4,12.25,11.825,0.0,0.0,0.0,0.0,0.0,0.8246,-0.4993,0.0239,0.0852,-0.0113,-0.128,11.8007,0.0,0.0,0.0,11.5749998092651,no_change,,736.0,928.0
BMNR,2027-06-17,289,Call,35.0,BMNR270617C00035000,4.0,4.65,4.325,4.25,-0.425,-9.09091,2.0,81.0,0.8243,0.4718,0.0221,0.0858,-0.0117,0.0558,4.3677,4.45,4.45,4.25,4.67499995231628,down,2026-09-01T11:04:07,1707.0,1325.0
BMNR,2027-06-17,289,Put,35.0,BMNR270617P00035000,13.85,14.5,14.175,14.15,0.275,1.98198,9.0,1.0,0.8299,-0.5483,0.024,0.0843,-0.0112,-0.1392,14.1697,14.15,14.21,13.75,13.875,no_change,2026-09-01T09:52:16,612.0,957.0
BMNR,2027-06-17,289,Call,37.0,BMNR270617C00037000,3.7,4.45,4.075,3.88,-0.47,-10.8046,3.0,201.0,0.8394,0.4444,0.0218,0.0851,-0.0117,0.0532,4.0356,3.88,3.88,3.88,4.35000014305115,down,2026-09-01T09:41:35,1975.0,1974.0
BMNR,2027-06-17,289,Put,37.0,BMNR270617P00037000,15.4,16.2,15.8,0.0,0.0,0.0,0.0,0.0,0.8336,-0.5781,0.0238,0.083,-0.011,-0.1451,15.8098,0.0,0.0,0.0,15.5,no_change,,730.0,1113.0
BMNR,2027-09-17,381,Call,13.0,BMNR270917C00013000,12.4,14.25,13.325,15.85,0.0,0.0,0.0,3.0,0.7746,0.8904,0.0092,0.0476,-0.0037,0.0826,13.648,0.0,0.0,0.0,13.875,up,2026-08-27T11:45:31,748.0,1052.0
BMNR,2027-09-17,381,Put,13.0,BMNR270917P00013000,1.62,1.9,1.76,1.74,0.04,2.35294,1.0,0.0,0.8387,-0.1149,0.0094,0.0481,-0.0052,-0.0415,1.7833,1.74,1.74,1.74,1.69999998807907,up,2026-09-01T10:16:03,1105.0,899.0
BMNR,2027-09-17,381,Call,15.0,BMNR270917C00015000,11.95,12.85,12.399999999999999,0.0,0.0,0.0,0.0,0.0,0.8268,0.8561,0.0112,0.0572,-0.0048,0.0865,12.4355,0.0,0.0,0.0,12.6750001907349,no_change,,721.0,686.0
BMNR,2027-09-17,381,Put,15.0,BMNR270917P00015000,2.37,2.63,2.5,2.44,0.055,2.30607,3.0,1.0,0.8347,-0.1502,0.0115,0.0578,-0.0062,-0.0544,2.4874,2.44,2.44,2.44,2.38500010967255,up,2026-09-01T10:46:13,1067.0,974.0
BMNR,2027-09-17,381,Call,18.0,BMNR270917C00018000,10.2,11.5,10.85,10.58,-0.645,-5.74611,1.0,1.0,0.8245,0.8016,0.0138,0.0698,-0.0063,0.0893,10.84,10.58,10.58,10.58,11.2250003814697,down,2026-09-01T11:16:42,901.0,1108.0
BMNR,2027-09-17,381,Put,18.0,BMNR270917P00018000,3.65,4.0,3.825,3.82,0.045,1.19205,50.0,11.0,0.8298,-0.2067,0.0143,0.0706,-0.0074,-0.0752,3.7739,3.79,3.82,3.79,3.77500009536743,up,2026-09-01T11:01:13,797.0,1163.0
BMNR,2027-09-17,381,Call,20.0,BMNR270917C00020000,9.5,10.2,9.85,10.3,0.0,0.0,0.0,31.0,0.8111,0.7645,0.0152,0.0769,-0.0071,0.0895,9.9155,0.0,0.0,0.0,10.5250000953674,no_change,2026-08-31T14:33:09,1012.0,670.0
BMNR,2027-09-17,381,Put,20.0,BMNR270917P00020000,4.5,5.05,4.775,0.0,0.0,0.0,0.0,0.0,0.8189,-0.2453,0.0159,0.0778,-0.0081,-0.0891,4.7763,0.0,0.0,0.0,4.625,no_change,,941.0,998.0
BMNR,2027-09-17,381,Call,23.0,BMNR270917C00023000,8.35,9.0,8.675,8.59,-0.76,-8.12834,109.0,69.0,0.8131,0.71,0.017,0.0854,-0.0082,0.0881,8.7146,8.68,8.91,8.57,9.34999990463257,up,2026-09-01T11:01:13,1169.0,802.0
BMNR,2027-09-17,381,Put,23.0,BMNR270917P00023000,6.2,6.8,6.5,6.25,0.0,0.0,0.0,53.0,0.8203,-0.3026,0.0179,0.0861,-0.0089,-0.1101,6.4735,0.0,0.0,0.0,6.40000009536743,no_change,2026-08-31T15:55:49,1348.0,1121.0
BMNR,2027-09-17,381,Call,25.0,BMNR270917C00025000,8.0,8.35,8.175,7.85,-0.775,-8.98551,5.0,153.0,0.835,0.675,0.0178,0.0896,-0.0087,0.0865,8.0238,7.85,7.85,7.85,8.625,down,2026-09-01T09:40:13,2.0,982.0
BMNR,2027-09-17,381,Put,25.0,BMNR270917P00025000,7.4,8.0,7.7,7.57,0.0,0.0,0.0,17.0,0.8154,-0.34,0.0189,0.0902,-0.0094,-0.1234,7.7248,0.0,0.0,0.0,7.57500004768372,down,2026-08-31T15:21:53,1009.0,856.0
BMNR,2027-09-17,381,Call,27.0,BMNR270917C00027000,7.0,7.85,7.425,7.75,0.0,0.0,0.0,27.0,0.8212,0.6416,0.0184,0.0929,-0.0092,0.0843,7.4099,0.0,0.0,0.0,7.875,down,2026-08-28T14:00:00,917.0,1138.0
BMNR,2027-09-17,381,Put,27.0,BMNR270917P00027000,8.7,9.45,9.075,0.0,0.0,0.0,0.0,0.0,0.8218,-0.3757,0.0197,0.0932,-0.0097,-0.1357,9.0537,0.0,0.0,0.0,8.94999980926514,no_change,,887.0,1199.0
BMNR,2027-09-17,381,Call,30.0,BMNR270917C00030000,6.25,7.05,6.65,6.95,-0.05,-0.714286,1.0,40.0,0.8269,0.5947,0.019,0.0963,-0.0097,0.0807,6.613,6.95,6.95,6.95,7.0,up,2026-09-01T09:30:02,1172.0,1217.0
BMNR,2027-09-17,381,Put,30.0,BMNR270917P00030000,10.8,11.6,11.2,0.0,0.0,0.0,0.0,0.0,0.8254,-0.4261,0.0206,0.096,-0.01,-0.1533,11.1776,0.0,0.0,0.0,11.0999999046326,no_change,,728.0,780.0
BMNR,2027-09-17,381,Call,32.0,BMNR270917C00032000,5.85,6.35,6.1,7.65,0.0,0.0,0.0,7.0,0.8206,0.5658,0.0192,0.0977,-0.0099,0.0782,6.1534,0.0,0.0,0.0,6.54999995231628,up,2026-08-27T12:11:25,875.0,182.0
BMNR,2027-09-17,381,Put,32.0,BMNR270917P00032000,12.3,13.0,12.65,12.3,0.0,0.0,0.0,3.0,0.824,-0.4576,0.021,0.0971,-0.0101,-0.1635,12.6701,0.0,0.0,0.0,12.375,down,2026-08-31T15:50:06,713.0,757.0
BMNR,2027-09-17,381,Call,35.0,BMNR270917C00035000,5.1,6.05,5.574999999999999,6.7,0.0,0.0,0.0,107.0,0.8335,0.5259,0.0193,0.0988,-0.0102,0.0743,5.5529,0.0,0.0,0.0,6.09999990463257,no_change,2026-08-27T15:51:07,1440.0,1494.0
BMNR,2027-09-17,381,Put,35.0,BMNR270917P00035000,14.55,15.4,14.975000000000001,0.0,0.0,0.0,0.0,0.0,0.8282,-0.5015,0.0214,0.0971,-0.0102,-0.1775,15.0049,0.0,0.0,0.0,14.8250002861023,no_change,,946.0,868.0
BMNR,2027-09-17,381,Call,37.0,BMNR270917C00037000,4.95,5.45,5.2,5.13,-0.395,-7.14932,102.0,121.0,0.8347,0.5015,0.0192,0.0989,-0.0103,0.0717,5.2039,5.22,5.22,5.13,5.52499985694885,down,2026-09-01T09:50:47,1051.0,816.0
BMNR,2027-09-17,381,Put,37.0,BMNR270917P00037000,16.4,16.95,16.674999999999997,0.0,0.0,0.0,0.0,0.0,0.841,-0.5287,0.0215,0.0967,-0.0102,-0.185,16.6173,0.0,0.0,0.0,16.4499998092651,no_change,,44.0,895.0
BMNR,2028-01-21,507,Call,3.0,BMNR280121C00003000,21.0,22.75,21.875,22.06,0.0,0.0,0.0,80.0,1.335,0.9964,0.0007,0.0058,0.0,0.0355,21.568,0.0,0.0,0.0,21.7749996185303,no_change,2026-08-31T12:51:54,138.0,324.0
BMNR,2028-01-21,507,Put,3.0,BMNR280121P00003000,0.05,0.2,0.125,0.14,0.0,0.0,0.0,461.0,1.0196,-0.0074,0.0007,0.0059,-0.0006,-0.0037,0.1016,0.0,0.0,0.0,0.120000001043081,up,2026-08-27T10:48:17,575.0,1439.0
BMNR,2028-01-21,507,Call,5.0,BMNR280121C00005000,19.6,20.15,19.875,19.69,-1.01,-4.87923,3.0,537.0,0.912,0.9838,0.0018,0.0139,0.0,0.0546,19.8907,19.8,19.8,19.69,20.6999998092651,no_change,2026-09-01T09:44:50,1173.0,951.0
BMNR,2028-01-21,507,Put,5.0,BMNR280121P00005000,0.28,0.39,0.335,0.35,0.0,0.0,0.0,1855.0,0.9488,-0.0202,0.0019,0.014,-0.0012,-0.0101,0.299,0.0,0.0,0.0,0.324999995529652,no_change,2026-08-26T11:34:37,350.0,1179.0
BMNR,2028-01-21,507,Call,10.0,BMNR280121C00010000,16.1,16.45,16.275,16.25,-0.9,-5.24781,76.0,9995.0,0.8713,0.9298,0.0057,0.0402,-0.0015,0.0874,16.228,16.26,16.36,16.0,17.1499996185303,up,2026-09-01T11:48:00,280.0,720.0
BMNR,2028-01-21,507,Put,10.0,BMNR280121P00010000,1.18,1.42,1.2999999999999998,1.4,0.0,0.0,0.0,5225.0,0.8509,-0.0756,0.0059,0.0408,-0.0034,-0.0385,1.3352,0.0,0.0,0.0,1.3299999833107,up,2026-08-31T10:46:53,1193.0,619.0
BMNR,2028-01-21,507,Call,13.0,BMNR280121C00013000,14.15,14.6,14.375,14.43,-0.62,-4.1196,4.0,1500.0,0.8381,0.8873,0.0081,0.0562,-0.003,0.0984,14.3996,14.2,14.43,14.2,15.0499997138977,up,2026-09-01T10:45:01,886.0,566.0
BMNR,2028-01-21,507,Put,13.0,BMNR280121P00013000,2.21,2.45,2.33,2.28,0.0,0.0,0.0,1922.0,0.8411,-0.1197,0.0085,0.0571,-0.0046,-0.0615,2.3375,0.0,0.0,0.0,2.31499993801117,down,2026-08-31T15:55:03,789.0,734.0
BMNR,2028-01-21,507,Call,15.0,BMNR280121C00015000,12.9,13.55,13.225000000000001,13.55,-0.625,-4.40917,6.0,6958.0,0.8203,0.8569,0.0096,0.0659,-0.0039,0.1031,13.3239,13.42,13.55,13.42,14.1750001907349,up,2026-09-01T10:44:21,1666.0,647.0
BMNR,2028-01-21,507,Put,15.0,BMNR280121P00015000,3.05,3.25,3.15,3.13,0.0,0.0,0.0,13364.0,0.8346,-0.1514,0.0101,0.067,-0.0053,-0.0782,3.1546,0.0,0.0,0.0,3.07500004768372,down,2026-08-31T14:44:28,744.0,210.0
BMNR,2028-01-21,507,Call,18.0,BMNR280121C00018000,11.7,12.25,11.975,11.7,-0.975,-7.69231,18.0,3507.0,0.8378,0.8102,0.0116,0.0787,-0.0051,0.107,11.9046,12.28,12.28,11.6,12.6750001907349,up,2026-09-01T11:21:25,716.0,1022.0
BMNR,2028-01-21,507,Put,18.0,BMNR280121P00018000,4.45,4.7,4.575,4.59,0.04,0.879122,56.0,1771.0,0.8282,-0.2004,0.0122,0.0799,-0.0063,-0.104,4.5796,4.5,4.65,4.5,4.54999995231628,no_change,2026-09-01T10:34:44,924.0,179.0
BMNR,2028-01-21,507,Call,20.0,BMNR280121C00020000,10.9,11.3,11.100000000000001,11.03,-0.82,-6.91983,88.0,19988.0,0.8294,0.7792,0.0127,0.0858,-0.0057,0.108,11.0744,10.93,11.4,10.9,11.8499999046326,no_change,2026-09-01T11:27:37,732.0,597.0
BMNR,2028-01-21,507,Put,20.0,BMNR280121P00020000,5.55,5.85,5.699999999999999,5.7,0.15,2.7027,516.0,10226.0,0.8317,-0.2333,0.0135,0.0871,-0.0068,-0.1208,5.6539,5.75,5.75,5.63,5.54999995231628,no_change,2026-09-01T11:45:47,646.0,1017.0
BMNR,2028-01-21,507,Call,23.0,BMNR280121C00023000,9.65,10.3,9.975000000000001,9.97,-0.755,-7.03963,23.0,2739.0,0.8243,0.734,0.014,0.0947,-0.0066,0.1078,9.9802,9.89,10.05,9.87,10.7250003814697,no_change,2026-09-01T11:33:29,1470.0,902.0
BMNR,2028-01-21,507,Put,23.0,BMNR280121P00023000,7.35,7.55,7.449999999999999,7.32,0.0,0.0,0.0,3076.0,0.8274,-0.2817,0.0151,0.0958,-0.0075,-0.1464,7.4257,0.0,0.0,0.0,7.42499995231628,down,2026-08-31T15:40:05,687.0,170.0
BMNR,2028-01-21,507,Call,25.0,BMNR280121C00025000,9.2,9.55,9.375,9.35,-0.575,-5.79345,28.0,11721.0,0.8284,0.705,0.0147,0.0994,-0.007,0.107,9.339,9.75,9.75,9.2,9.9249997138977,up,2026-09-01T11:44:18,663.0,537.0
BMNR,2028-01-21,507,Put,25.0,BMNR280121P00025000,8.6,8.9,8.75,8.85,0.275,3.207,12.0,6155.0,0.8296,-0.313,0.016,0.1003,-0.0078,-0.1615,8.7017,8.85,8.85,8.65,8.57499980926514,up,2026-09-01T11:14:21,856.0,786.0
BMNR,2028-01-21,507,Call,28.0,BMNR280121C00028000,8.3,8.85,8.575,8.8,-0.375,-4.0872,1.0,6036.0,0.8339,0.6639,0.0155,0.1049,-0.0076,0.1047,8.4911,8.8,8.8,8.8,9.17500019073486,down,2026-09-01T09:30:03,940.0,1081.0
BMNR,2028-01-21,507,Put,28.0,BMNR280121P00028000,10.55,11.0,10.775,10.67,0.0,0.0,0.0,4887.0,0.8294,-0.358,0.017,0.1054,-0.0082,-0.1837,10.7382,0.0,0.0,0.0,10.625,up,2026-08-28T12:00:22,1169.0,856.0
BMNR,2028-01-21,507,Call,30.0,BMNR280121C00030000,7.75,8.3,8.025,8.01,-0.615,-7.13043,60.0,15566.0,0.8302,0.638,0.0159,0.1077,-0.0079,0.103,7.9916,8.3,8.6,7.95,8.625,up,2026-09-01T11:21:15,1097.0,927.0
BMNR,2028-01-21,507,Put,30.0,BMNR280121P00030000,12.05,12.4,12.225000000000001,12.41,0.0,0.0,0.0,7016.0,0.8324,-0.3867,0.0176,0.1078,-0.0084,-0.198,12.168,0.0,0.0,0.0,12.0500001907349,up,2026-08-28T15:56:53,993.0,819.0
BMNR,2028-01-21,507,Call,33.0,BMNR280121C00033000,6.95,7.95,7.45,7.41,-0.59,-7.375,2.0,1892.0,0.8406,0.6017,0.0163,0.1107,-0.0082,0.0998,7.327,7.31,7.41,7.31,7.99999976158142,up,2026-09-01T10:45:55,1784.0,1839.0
BMNR,2028-01-21,507,Put,33.0,BMNR280121P00033000,14.1,14.75,14.425,14.1,0.0,0.0,0.0,614.0,0.8314,-0.4273,0.0184,0.1101,-0.0086,-0.2168,14.4048,0.0,0.0,0.0,14.3249998092651,down,2026-08-28T11:19:38,1474.0,827.0
BMNR,2028-01-21,507,Call,35.0,BMNR280121C00035000,6.75,7.45,7.1,7.25,0.0,0.0,0.0,4029.0,0.8464,0.5791,0.0164,0.1122,-0.0084,0.0977,6.9328,0.0,0.0,0.0,7.55000019073486,up,2026-08-31T13:40:05,1085.0,1671.0
BMNR,2028-01-21,507,Put,35.0,BMNR280121P00035000,15.65,16.15,15.899999999999999,16.2,0.275,1.72684,2.0,1810.0,0.8268,-0.453,0.0187,0.111,-0.0086,-0.2282,15.9511,16.2,16.2,16.2,15.9250001907349,up,2026-09-01T09:41:58,1439.0,568.0
BMNR,2028-01-21,507,Call,38.0,BMNR280121C00038000,6.25,6.5,6.375,6.4,-0.35,-5.18518,1.0,1280.0,0.8321,0.5474,0.0166,0.1135,-0.0086,0.0942,6.4044,6.4,6.4,6.4,6.75,no_change,2026-09-01T11:20:53,704.0,2.0
BMNR,2028-01-21,507,Put,38.0,BMNR280121P00038000,18.1,18.7,18.4,18.2,0.0,0.0,0.0,564.0,0.84,-0.4893,0.0192,0.1112,-0.0087,-0.2436,18.3403,0.0,0.0,0.0,18.1999998092651,up,2026-08-31T15:23:11,1120.0,801.0
BMNR,2028-01-21,507,Call,40.0,BMNR280121C00040000,6.0,6.25,6.125,6.1,-0.6,-8.95522,62.0,15963.0,0.8396,0.528,0.0166,0.114,-0.0087,0.092,6.0944,6.05,6.26,5.9,6.70000004768372,up,2026-09-01T11:16:43,715.0,119.0
BMNR,2028-01-21,507,Put,40.0,BMNR280121P00040000,19.65,20.2,19.924999999999997,20.05,0.25,1.26263,20.0,3975.0,0.8319,-0.5124,0.0194,0.1106,-0.0087,-0.2497,19.9806,20.05,20.05,20.05,19.8000001907349,up,2026-09-01T11:04:25,1452.0,739.0
BMNR,2028-01-21,507,Call,43.0,BMNR280121C00043000,5.4,6.2,5.800000000000001,5.78,0.0,0.0,0.0,3040.0,0.8521,0.5005,0.0166,0.1142,-0.0088,0.0887,5.668,0.0,0.0,0.0,6.04999995231628,down,2026-08-28T15:28:37,1438.0,1740.0
BMNR,2028-01-21,507,Put,43.0,BMNR280121P00043000,22.25,22.8,22.525,22.24,0.0,0.0,0.0,399.0,0.844,-0.5448,0.0197,0.1094,-0.0086,-0.2625,22.4878,0.0,0.0,0.0,22.3000001907349,up,2026-08-25T11:11:32,1166.0,919.0
BMNR,2028-01-21,507,Call,45.0,BMNR280121C00045000,5.15,5.6,5.375,5.33,-0.545,-9.2766,50.0,4456.0,0.8398,0.4835,0.0165,0.1141,-0.0089,0.0864,5.4115,5.33,5.33,5.33,5.875,no_change,2026-09-01T11:04:49,1494.0,589.0
BMNR,2028-01-21,507,Put,45.0,BMNR280121P00045000,24.0,24.4,24.2,24.55,0.0,0.0,0.0,900.0,0.8439,-0.5653,0.0199,0.1085,-0.0086,-0.27,24.1905,0.0,0.0,0.0,23.9750003814697,up,2026-08-28T12:25:19,960.0,539.0
BMNR,2028-01-21,507,Call,47.0,BMNR280121C00047000,4.95,5.3,5.125,5.2,-0.375,-6.72646,1.0,672.0,0.8411,0.4674,0.0164,0.1137,-0.0089,0.0842,5.1748,5.2,5.2,5.2,5.57500004768372,no_change,2026-09-01T10:56:12,1199.0,12.0
BMNR,2028-01-21,507,Put,47.0,BMNR280121P00047000,25.45,26.4,25.924999999999997,25.9,0.0,0.0,0.0,355.0,0.8464,-0.5848,0.02,0.107,-0.0085,-0.2756,25.9163,0.0,0.0,0.0,25.8999996185303,down,2026-08-25T15:00:37,1637.0,1359.0
BMNR,2028-01-21,507,Call,50.0,BMNR280121C00050000,4.8,5.0,4.9,4.8,-0.5,-9.43396,322.0,15392.0,0.854,0.4448,0.0162,0.113,-0.0089,0.0812,4.8478,5.05,5.05,4.8,5.29999995231628,down,2026-09-01T11:52:07,113.0,444.0
BMNR,2028-01-21,507,Put,50.0,BMNR280121P00050000,28.35,28.8,28.575000000000003,28.56,0.0,0.0,0.0,3865.0,0.8523,-0.6126,0.0202,0.1046,-0.0084,-0.2822,28.5447,0.0,0.0,0.0,28.3500003814697,down,2026-08-31T11:52:55,919.0,770.0
BMNR,2028-01-21,507,Call,55.0,BMNR280121C00055000,4.15,4.7,4.425000000000001,4.41,-0.465,-9.53846,13.0,3450.0,0.8592,0.4114,0.0158,0.1111,-0.0089,0.0762,4.3874,4.52,4.52,4.41,4.875,down,2026-09-01T10:04:22,1375.0,1329.0
BMNR,2028-01-21,507,Put,55.0,BMNR280121P00055000,32.8,33.3,33.05,33.1,0.0,0.0,0.0,1480.0,0.8596,-0.6552,0.0204,0.0997,-0.0082,-0.2885,33.0122,0.0,0.0,0.0,32.7000007629394,down,2026-08-31T11:30:42,867.0,663.0
BMNR,2028-01-21,507,Call,60.0,BMNR280121C00060000,3.75,4.2,3.975,4.4,0.0,0.0,0.0,9798.0,0.8602,0.3821,0.0154,0.1089,-0.0088,0.0718,3.9972,0.0,0.0,0.0,4.40000009536743,no_change,2026-08-31T15:41:15,1206.0,902.0
BMNR,2028-01-21,507,Put,60.0,BMNR280121P00060000,37.35,37.9,37.625,36.99,0.0,0.0,0.0,2055.0,0.8678,-0.6937,0.0205,0.0935,-0.0078,-0.2885,37.5726,0.0,0.0,0.0,37.1499996185303,down,2026-08-25T11:00:12,818.0,801.0
BMNR,2028-01-21,507,Call,65.0,BMNR280121C00065000,3.35,4.1,3.7249999999999996,3.85,0.0,0.0,0.0,4033.0,0.8741,0.3564,0.0149,0.1064,-0.0087,0.0677,3.6654,0.0,0.0,0.0,3.97499990463257,up,2026-08-31T13:34:45,1716.0,1679.0
BMNR,2028-01-21,507,Put,65.0,BMNR280121P00065000,41.85,42.5,42.175,41.99,0.0,0.0,0.0,349.0,0.8648,-0.7289,0.0206,0.087,-0.0076,-0.2835,42.207,0.0,0.0,0.0,41.9500007629394,down,2026-08-26T13:18:54,160.0,149.0
BMNR,2028-01-21,507,Call,70.0,BMNR280121C00070000,3.15,3.6,3.375,3.5,0.0,0.0,0.0,3254.0,0.8741,0.3337,0.0144,0.1037,-0.0085,0.0639,3.3813,0.0,0.0,0.0,3.65000009536743,up,2026-08-31T12:33:10,1181.0,1069.0
BMNR,2028-01-21,507,Put,70.0,BMNR280121P00070000,46.4,47.55,46.974999999999994,46.5,0.0,0.0,0.0,27.0,0.8838,-0.7613,0.0207,0.08,-0.0073,-0.2733,46.9019,0.0,0.0,0.0,46.6749992370606,down,2026-08-26T13:46:41,557.0,843.0
BMNR,2028-01-21,507,Call,75.0,BMNR280121C00075000,2.84,3.25,3.045,3.11,-0.34,-9.85507,7.0,3407.0,0.8717,0.3135,0.014,0.1011,-0.0084,0.0606,3.1353,3.1,3.15,3.1,3.44999992847443,down,2026-09-01T10:12:12,1638.0,633.0
BMNR,2028-01-21,507,Put,75.0,BMNR280121P00075000,51.3,52.0,51.65,61.2,0.0,0.0,0.0,0.0,0.8807,-0.7911,0.0208,0.0738,-0.007,-0.2628,51.6503,0.0,0.0,0.0,51.3500003814697,down,2026-06-29T09:35:20,374.0,569.0
BMNR,2028-01-21,507,Call,80.0,BMNR280121C00080000,2.6,3.3,2.95,2.9,-0.25,-7.93651,20.0,6625.0,0.8895,0.2955,0.0135,0.0984,-0.0082,0.0575,2.9205,2.9,2.9,2.9,3.14999997615814,down,2026-09-01T11:29:47,1676.0,1715.0
BMNR,2028-01-21,507,Put,80.0,BMNR280121P00080000,56.2,56.75,56.475,56.29,0.0,0.0,0.0,58.0,0.8916,-0.8184,0.0208,0.0646,-0.0065,-0.2402,56.4427,0.0,0.0,0.0,56.1749992370606,no_change,2026-08-28T14:43:02,275.0,461.0
BMNR,2028-01-21,507,Call,85.0,BMNR280121C00085000,2.39,3.1,2.745,2.78,0.0,0.0,0.0,4764.0,0.8935,0.2793,0.0131,0.0957,-0.0081,0.0546,2.7321,0.0,0.0,0.0,3.06000006198883,down,2026-08-28T13:50:18,1753.0,1678.0
BMNR,2028-01-21,507,Put,85.0,BMNR280121P00085000,61.05,61.7,61.375,69.85,0.0,0.0,0.0,0.0,0.9094,-0.8437,0.0204,0.0593,-0.0063,-0.2264,61.2721,0.0,0.0,0.0,61.0749988555908,no_change,2026-06-23T11:06:00,7.0,577.0
BMNR,2028-01-21,507,Call,90.0,BMNR280121C00090000,2.36,2.63,2.495,2.43,-0.345,-12.4324,1122.0,12904.0,0.89,0.2648,0.0126,0.0932,-0.0079,0.0521,2.5655,3.0,3.0,2.43,2.77499997615814,down,2026-09-01T11:37:03,729.0,187.0
BMNR,2028-01-21,507,Put,90.0,BMNR280121P00090000,65.85,66.45,66.15,66.01,0.0,0.0,0.0,20.0,0.9015,-0.8675,0.0206,0.0509,-0.0057,-0.1873,66.1316,0.0,0.0,0.0,65.7750015258789,no_change,2026-08-28T14:43:02,280.0,441.0
BMNR,2028-01-21,507,Call,95.0,BMNR280121C00095000,2.2,2.49,2.345,2.35,-0.3,-11.3208,111.0,33650.0,0.8949,0.2517,0.0122,0.0908,-0.0078,0.0498,2.417,2.7,2.7,2.3,2.64999997615814,no_change,2026-09-01T11:33:56,947.0,690.0
BMNR,2028-01-21,507,Put,95.0,BMNR280121P00095000,70.65,71.35,71.0,70.25,0.0,0.0,0.0,13.0,0.8974,-0.892,0.0211,0.0432,-0.0057,-0.1814,71.0235,0.0,0.0,0.0,70.3250007629394,up,2026-08-31T14:38:05,78.0,97.0
BMNR,2028-06-16,654,Call,3.0,BMNR280616C00003000,21.05,22.65,21.85,21.72,-0.38,-1.71946,4.0,398.0,1.0739,0.9949,0.0009,0.009,0.0,0.0419,21.7575,21.72,21.72,21.72,22.1000003814697,down,2026-09-01T10:01:54,1749.0,1716.0
BMNR,2028-06-16,654,Put,3.0,BMNR280616P00003000,0.13,0.27,0.2,0.22,0.0,0.0,0.0,63.0,0.9959,-0.0105,0.0009,0.0091,-0.0006,-0.0072,0.1849,0.0,0.0,0.0,0.189999997615814,up,2026-08-31T09:59:45,657.0,1220.0
BMNR,2028-06-16,654,Call,5.0,BMNR280616C00005000,19.55,20.9,20.225,20.26,0.0,0.0,0.0,521.0,0.9335,0.9804,0.0019,0.019,0.0,0.0634,20.2096,0.0,0.0,0.0,20.5500001907349,up,2026-08-31T12:02:13,1762.0,1551.0
BMNR,2028-06-16,654,Put,5.0,BMNR280616P00005000,0.41,0.54,0.475,0.51,0.0,0.0,0.0,105.0,0.9233,-0.0253,0.002,0.0192,-0.0013,-0.0176,0.4788,0.0,0.0,0.0,0.49499998986721,down,2026-08-25T15:34:25,632.0,725.0
BMNR,2028-06-16,654,Call,10.0,BMNR280616C00010000,16.35,17.65,17.0,16.81,-0.94,-5.29577,4.0,2305.0,0.8869,0.9275,0.0052,0.0475,-0.0008,0.0996,16.8997,16.5,16.81,16.5,17.75,up,2026-09-01T11:26:44,1925.0,1675.0
BMNR,2028-06-16,654,Put,10.0,BMNR280616P00010000,1.62,1.92,1.77,1.77,0.0,0.0,0.0,392.0,0.8611,-0.0802,0.0054,0.0485,-0.003,-0.0568,1.7922,0.0,0.0,0.0,1.79000002145767,down,2026-08-31T15:29:38,1249.0,766.0
BMNR,2028-06-16,654,Call,13.0,BMNR280616C00013000,14.5,15.65,15.075,15.2,-0.7,-4.40252,4.0,1787.0,0.8199,0.8894,0.0071,0.0637,-0.0021,0.1123,15.2645,15.0,15.2,15.0,15.9000000953674,up,2026-09-01T11:22:26,2158.0,1028.0
BMNR,2028-06-16,654,Put,13.0,BMNR280616P00013000,2.86,3.05,2.955,3.0,0.045,1.52285,1.0,1259.0,0.8515,-0.1202,0.0075,0.065,-0.004,-0.0858,2.9432,3.0,3.0,3.0,2.95499992370606,up,2026-09-01T10:27:33,516.0,71.0
BMNR,2028-06-16,654,Call,15.0,BMNR280616C00015000,13.85,14.65,14.25,14.2,-0.825,-5.49085,1.0,2539.0,0.8358,0.863,0.0082,0.0734,-0.0028,0.1179,14.3019,14.2,14.2,14.2,15.0250000953674,down,2026-09-01T10:24:28,1687.0,945.0
BMNR,2028-06-16,654,Put,15.0,BMNR280616P00015000,3.65,4.05,3.8499999999999996,3.8,0.0,0.0,0.0,2404.0,0.8433,-0.1482,0.0088,0.075,-0.0045,-0.1063,3.8469,0.0,0.0,0.0,3.85000002384186,no_change,2026-08-31T15:17:48,871.0,655.0
BMNR,2028-06-16,654,Call,18.0,BMNR280616C00018000,12.55,13.55,13.05,13.6,0.0,0.0,0.0,1681.0,0.8392,0.8233,0.0097,0.0861,-0.0038,0.1234,13.0263,0.0,0.0,0.0,13.625,down,2026-08-31T14:03:58,1769.0,1425.0
BMNR,2028-06-16,654,Put,18.0,BMNR280616P00018000,5.25,5.7,5.475,5.35,0.0,0.0,0.0,415.0,0.8471,-0.1908,0.0105,0.088,-0.0052,-0.1372,5.3812,0.0,0.0,0.0,5.32499980926514,no_change,2026-08-31T15:19:38,712.0,1368.0
BMNR,2028-06-16,654,Call,20.0,BMNR280616C00020000,12.1,12.55,12.325,12.2,-0.9,-6.87023,20.0,3372.0,0.8446,0.7972,0.0106,0.0934,-0.0043,0.1255,12.275,12.22,12.31,12.2,13.0999999046326,down,2026-09-01T11:49:29,561.0,703.0
BMNR,2028-06-16,654,Put,20.0,BMNR280616P00020000,6.45,6.75,6.6,6.5,0.0,0.0,0.0,2034.0,0.8434,-0.2191,0.0115,0.0953,-0.0056,-0.1574,6.51,0.0,0.0,0.0,6.375,no_change,2026-08-31T13:50:44,318.0,716.0
BMNR,2028-06-16,654,Call,22.0,BMNR280616C00022000,11.05,12.0,11.525,11.53,0.0,0.0,0.0,1362.0,0.8256,0.7718,0.0113,0.0998,-0.0048,0.1265,11.593,0.0,0.0,0.0,12.2000002861023,down,2026-08-31T10:31:18,2384.0,1077.0
BMNR,2028-06-16,654,Put,22.0,BMNR280616P00022000,7.55,7.95,7.75,7.7,0.05,0.653594,1.0,731.0,0.8359,-0.2469,0.0124,0.1016,-0.006,-0.1775,7.7151,7.7,7.7,7.7,7.65000009536743,down,2026-09-01T09:50:56,752.0,760.0
BMNR,2028-06-16,654,Call,25.0,BMNR280616C00025000,10.45,10.9,10.675,10.72,-0.655,-5.75824,51.0,5722.0,0.8308,0.7353,0.0122,0.1077,-0.0054,0.1269,10.6846,10.8,10.9,10.6,11.375,up,2026-09-01T10:59:26,858.0,540.0
BMNR,2028-06-16,654,Put,25.0,BMNR280616P00025000,9.55,9.8,9.675,9.7,0.175,1.83727,3.0,316.0,0.8343,-0.2874,0.0136,0.1093,-0.0064,-0.2053,9.6464,9.7,9.72,9.7,9.52500009536743,down,2026-09-01T11:35:52,536.0,94.0
BMNR,2028-06-16,654,Call,27.0,BMNR280616C00027000,9.7,10.5,10.1,10.1,-0.675,-6.2645,36.0,823.0,0.8278,0.7121,0.0127,0.1121,-0.0058,0.1263,10.1453,10.17,10.3,10.1,10.7750000953674,no_change,2026-09-01T11:33:29,1683.0,998.0
BMNR,2028-06-16,654,Put,27.0,BMNR280616P00027000,10.85,11.1,10.975,10.6,0.0,0.0,0.0,145.0,0.8289,-0.3134,0.0143,0.1135,-0.0066,-0.2235,11.0081,0.0,0.0,0.0,10.875,down,2026-08-31T15:59:25,368.0,3.0
BMNR,2028-06-16,654,Call,30.0,BMNR280616C00030000,9.05,9.6,9.325,9.15,-1.025,-10.0737,171.0,3618.0,0.8247,0.6793,0.0133,0.1174,-0.0062,0.1249,9.4224,9.7,9.7,9.15,10.1750001907349,down,2026-09-01T11:15:03,1536.0,31.0
BMNR,2028-06-16,654,Put,30.0,BMNR280616P00030000,13.0,13.55,13.275,12.85,0.0,0.0,0.0,346.0,0.8439,-0.3509,0.0152,0.1182,-0.0068,-0.2484,13.1452,0.0,0.0,0.0,13.1750001907349,down,2026-08-31T15:55:34,102.0,1630.0
BMNR,2028-06-16,654,Call,32.0,BMNR280616C00032000,8.6,9.3,8.95,9.01,-0.515,-5.40682,6.0,1155.0,0.8307,0.6586,0.0136,0.1202,-0.0065,0.1236,8.9902,9.01,9.01,9.01,9.52499961853027,down,2026-09-01T09:47:23,1517.0,976.0
BMNR,2028-06-16,654,Put,32.0,BMNR280616P00032000,14.35,14.9,14.625,14.41,0.0,0.0,0.0,153.0,0.8339,-0.3747,0.0158,0.1205,-0.0069,-0.2637,14.6271,0.0,0.0,0.0,14.5499997138977,up,2026-08-28T11:20:31,1319.0,909.0
BMNR,2028-06-16,654,Call,35.0,BMNR280616C00035000,8.0,8.7,8.35,8.3,-0.675,-7.52089,14.0,1593.0,0.8316,0.6294,0.0139,0.1236,-0.0068,0.1212,8.4069,9.0,9.0,8.0,8.97499990463257,no_change,2026-09-01T11:07:51,1648.0,940.0
BMNR,2028-06-16,654,Put,35.0,BMNR280616P00035000,16.7,17.15,16.924999999999997,17.13,0.0,0.0,0.0,530.0,0.8363,-0.4089,0.0164,0.1231,-0.007,-0.2849,16.923,0.0,0.0,0.0,16.8000001907349,up,2026-08-28T12:18:26,876.0,682.0
BMNR,2028-06-16,654,Call,37.0,BMNR280616C00037000,7.7,8.25,7.975,7.82,-0.83,-9.59538,141.0,10924.0,0.8314,0.6111,0.0141,0.1253,-0.007,0.1196,8.0557,8.2,8.35,7.8,8.65000009536743,down,2026-09-01T11:16:11,1360.0,736.0
BMNR,2028-06-16,654,Put,37.0,BMNR280616P00037000,18.3,18.75,18.525,18.25,0.0,0.0,0.0,304.0,0.8401,-0.4306,0.0168,0.124,-0.0071,-0.2966,18.4967,0.0,0.0,0.0,18.25,down,2026-08-31T15:19:03,74.0,693.0
