root,expiration,dte,type,strike,option,bid,ask,mid,last_trade_price,change,percent_change,volume,open_interest,iv,delta,gamma,vega,theta,rho,theo,open,high,low,prev_day_close,tick,last_trade_time,bid_size,ask_size
AAPL,2026-09-23,0,Call,245.0,AAPL260923C00245000,92.9,95.9,94.4,95.87,1.82,1.93514,10.0,0.0,0.0,1.0,0.0,0.0,0.0,0.0067,94.7378,96.28,96.96,94.7,94.0499992370606,up,2026-09-22T14:56:17,110.0,19.0
AAPL,2026-09-23,0,Put,245.0,AAPL260923P00245000,0.0,0.01,0.005,0.01,0.005,100.0,2.0,2.0,1.9318,0.0,0.0,0.0,0.0,0.0,0.0,0.05,0.05,0.01,0.00499999988824129,down,2026-09-22T12:07:35,0.0,999.0
AAPL,2026-09-23,0,Call,250.0,AAPL260923C00250000,88.1,90.9,89.5,90.92,1.87,2.09994,20.0,0.0,0.0,1.0,0.0,0.0,0.0,0.0068,89.7385,92.18,93.12,89.77,89.0499992370606,down,2026-09-22T14:52:13,127.0,5.0
AAPL,2026-09-23,0,Put,250.0,AAPL260923P00250000,0.0,0.01,0.005,0.02,0.0,0.0,0.0,6.0,1.8198,0.0,0.0,0.0,0.0,0.0,0.0,0.0,0.0,0.0,0.00499999988824129,no_change,2026-09-21T09:34:09,0.0,1000.0
AAPL,2026-09-23,0,Call,255.0,AAPL260923C00255000,83.2,85.9,84.55000000000001,85.78,1.68,1.99762,28.0,0.0,0.0,1.0,0.0,0.0,0.0,0.007,84.7391,87.25,88.19,84.51,84.0999984741211,no_change,2026-09-22T14:56:55,110.0,18.0
AAPL,2026-09-23,0,Put,255.0,AAPL260923P00255000,0.0,0.01,0.005,0.01,0.0,0.0,0.0,7.0,1.7097,0.0,0.0,0.0,0.0,0.0,0.0,0.0,0.0,0.0,0.00499999988824129,down,2026-09-21T11:03:57,0.0,1000.0
AAPL,2026-09-23,0,Call,260.0,AAPL260923C00260000,78.3,80.9,79.6,80.85,1.8,2.27704,42.0,40.0,0.0,1.0,0.0,0.0,0.0,0.0071,79.7397,79.79,83.23,79.51,79.0499992370606,no_change,2026-09-22T14:56:55,127.0,20.0
AAPL,2026-09-23,0,Put,260.0,AAPL260923P00260000,0.0,0.01,0.005,0.01,0.0,0.0,0.0,79.0,1.6014,0.0,0.0,0.0,0.0,0.0,0.0,0.0,0.0,0.0,0.00499999988824129,no_change,2026-09-21T13:55:46,0.0,1000.0
AAPL,2026-09-23,0,Call,265.0,AAPL260923C00265000,73.85,75.9,74.875,76.35,2.2,2.96696,33.0,42.0,2.0836,1.0,0.0,0.0,0.0,0.0072,74.7403,76.31,78.14,74.81,74.1500015258789,no_change,2026-09-22T14:18:17,102.0,15.0
AAPL,2026-09-23,0,Put,265.0,AAPL260923P00265000,0.0,0.01,0.005,0.01,0.0,0.0,0.0,72.0,1.4949,0.0,0.0,0.0,0.0,0.0,0.0,0.0,0.0,0.0,0.00499999988824129,down,2026-09-21T14:21:53,0.0,999.0
AAPL,2026-09-23,0,Call,270.0,AAPL260923C00270000,68.15,70.9,69.525,71.43,2.18,3.14801,42.0,55.0,0.0,1.0,0.0,0.0,0.0,0.0074,69.7409,71.38,73.21,69.71,69.25,up,2026-09-22T14:13:18,108.0,20.0
AAPL,2026-09-23,0,Put,270.0,AAPL260923P00270000,0.0,0.01,0.005,0.01,0.0,0.0,0.0,194.0,1.3899,0.0,0.0,0.0,0.0,0.0,0.0,0.0,0.0,0.0,0.00499999988824129,no_change,2026-09-21T15:58:43,0.0,1000.0
AAPL,2026-09-23,0,Call,275.0,AAPL260923C00275000,63.2,65.9,64.55000000000001,65.92,1.445,2.24118,40.0,1.0,0.0,0.9999,0.0,0.0001,0.0,0.0075,64.742,66.25,68.28,64.76,64.4750022888184,down,2026-09-22T14:10:42,105.0,20.0
AAPL,2026-09-23,0,Put,275.0,AAPL260923P00275000,0.0,0.01,0.005,0.01,-0.02,-66.6667,1.0,94.0,1.2864,-0.0001,0.0,0.0001,-0.0005,0.0,0.0005,0.01,0.01,0.01,0.0299999993294477,down,2026-09-22T10:09:08,0.0,1.0
AAPL,2026-09-23,0,Call,280.0,AAPL260923C00280000,59.2,60.9,60.05,60.94,1.29,2.16262,53.0,8.0,1.8914,0.9996,0.0001,0.0002,0.0,0.0077,59.7438,62.82,63.35,59.42,59.6499996185303,down,2026-09-22T14:11:51,106.0,16.0
AAPL,2026-09-23,0,Put,280.0,AAPL260923P00280000,0.0,0.01,0.005,0.01,-0.045,-81.8182,1.0,73.0,1.1844,-0.0004,0.0001,0.0002,-0.0017,0.0,0.0017,0.01,0.01,0.01,0.0549999997019768,no_change,2026-09-22T11:26:17,0.0,1.0
AAPL,2026-09-23,0,Call,282.5,AAPL260923C00282500,55.85,58.4,57.125,58.17,1.245,2.18709,32.0,0.0,0.0,0.9995,0.0001,0.0003,0.0,0.0077,57.2448,60.37,60.37,57.12,56.9249992370606,down,2026-09-22T14:55:24,118.0,25.0
AAPL,2026-09-23,0,Put,282.5,AAPL260923P00282500,0.0,0.01,0.005,0.01,-0.05,-83.3333,114.0,94.0,1.1338,-0.0005,0.0001,0.0003,-0.0024,0.0,0.0024,0.05,0.2,0.01,0.0599999986588955,down,2026-09-22T15:50:27,0.0,1.0
AAPL,2026-09-23,0,Call,285.0,AAPL260923C00285000,54.05,55.9,54.974999999999994,55.87,1.67,3.08118,21.0,2.0,1.6656,0.9993,0.0001,0.0004,0.0,0.0078,54.7458,57.2,57.88,54.68,54.2000007629394,up,2026-09-22T14:56:17,107.0,7.0
AAPL,2026-09-23,0,Put,285.0,AAPL260923P00285000,0.0,0.01,0.005,0.01,-0.055,-84.6154,211.0,113.0,1.0836,-0.0007,0.0001,0.0004,-0.0031,0.0,0.0031,0.08,0.23,0.01,0.0649999976158142,no_change,2026-09-22T14:19:19,0.0,1.0
AAPL,2026-09-23,0,Call,287.5,AAPL260923C00287500,51.6,54.25,52.925,53.7,1.775,3.41839,49.0,0.0,1.6686,0.9992,0.0001,0.0005,0.0,0.0079,52.2469,54.75,55.97,53.65,51.9249992370606,up,2026-09-22T14:12:16,98.0,1.0
AAPL,2026-09-23,0,Put,287.5,AAPL260923P00287500,0.0,0.14,0.07,0.07,0.025,55.5555,107.0,13.0,1.3478,-0.0008,0.0001,0.0005,-0.0038,0.0,0.0038,0.09,0.15,0.02,0.0450000017881393,no_change,2026-09-22T15:59:08,0.0,50.0
AAPL,2026-09-23,0,Call,290.0,AAPL260923C00290000,49.0,51.75,50.375,51.32,2.22,4.52138,51.0,71.0,1.4957,0.999,0.0002,0.0006,0.0,0.0079,49.7479,52.15,53.52,51.28,49.1000003814697,no_change,2026-09-22T14:12:16,115.0,13.0
AAPL,2026-09-23,0,Put,290.0,AAPL260923P00290000,0.0,0.19,0.095,0.09,0.04,80.0,9.0,103.0,1.3375,-0.001,0.0002,0.0006,-0.0045,0.0,0.0045,0.11,0.11,0.08,0.0500000007450581,up,2026-09-22T15:59:08,0.0,50.0
AAPL,2026-09-23,0,Call,292.5,AAPL260923C00292500,45.8,49.25,47.525,48.56,1.685,3.59467,61.0,1.0,1.4765,0.9988,0.0002,0.0007,0.0,0.008,47.2489,49.7,51.13,48.55,46.875,up,2026-09-22T14:12:16,129.0,13.0
AAPL,2026-09-23,0,Put,292.5,AAPL260923P00292500,0.0,0.52,0.26,0.12,0.0,0.0,0.0,1.0,1.4799,-0.0012,0.0002,0.0007,-0.0052,0.0,0.0052,0.0,0.0,0.0,0.0500000007450581,down,2026-09-15T13:12:26,0.0,64.0
AAPL,2026-09-23,0,Call,295.0,AAPL260923C00295000,43.3,46.75,45.025,45.98,1.53,3.44207,82.0,7.0,0.0,0.9986,0.0003,0.0008,-0.0005,0.0081,44.7499,46.33,48.68,44.38,44.4500007629394,no_change,2026-09-22T15:02:29,100.0,13.0
AAPL,2026-09-23,0,Put,295.0,AAPL260923P00295000,0.0,0.52,0.26,0.05,0.0,0.0,0.0,120.0,1.4085,-0.0014,0.0003,0.0008,-0.006,0.0,0.006,0.0,0.0,0.0,0.0500000007450581,down,2026-09-18T14:57:12,0.0,65.0
AAPL,2026-09-23,0,Call,297.5,AAPL260923C00297500,40.65,43.25,41.95,42.81,0.86,2.05006,44.0,88.0,0.0,0.9984,0.0003,0.0009,-0.0015,0.0081,42.251,43.88,46.03,41.93,41.9500007629394,up,2026-09-22T15:19:25,136.0,12.0
AAPL,2026-09-23,0,Put,297.5,AAPL260923P00297500,0.0,0.24,0.12,0.02,-0.005,-20.0,30.0,137.0,1.185,-0.0016,0.0003,0.0009,-0.0067,0.0,0.0067,0.01,0.02,0.01,0.0249999994412065,up,2026-09-22T14:52:12,0.0,50.0
AAPL,2026-09-23,0,Call,300.0,AAPL260923C00300000,39.15,40.9,40.025,41.12,1.47,3.70744,4.0,93.0,1.2828,0.9981,0.0004,0.0011,-0.0026,0.0082,39.752,43.55,43.55,41.12,39.6499996185303,no_change,2026-09-22T14:11:02,97.0,10.0
AAPL,2026-09-23,0,Put,300.0,AAPL260923P00300000,0.0,0.02,0.01,0.01,-0.01,-50.0,113.0,817.0,0.8383,-0.0018,0.0004,0.0011,-0.0074,0.0,0.0074,0.01,0.02,0.01,0.0199999995529652,down,2026-09-22T13:46:54,0.0,1.0
AAPL,2026-09-23,0,Call,302.5,AAPL260923C00302500,35.55,38.4,36.974999999999994,39.91,2.835,7.64667,4.0,93.0,0.0,0.9978,0.0005,0.0012,-0.0036,0.0083,37.253,40.19,40.19,39.89,37.0749988555908,up,2026-09-22T13:08:55,118.0,13.0
AAPL,2026-09-23,0,Put,302.5,AAPL260923P00302500,0.0,0.01,0.005,0.01,-0.005,-33.3333,15.0,26.0,0.7395,-0.0021,0.0005,0.0012,-0.0082,0.0,0.0082,0.02,0.04,0.01,0.0149999996647239,no_change,2026-09-22T09:47:16,0.0,1.0
AAPL,2026-09-23,0,Call,305.0,AAPL260923C00305000,33.25,35.9,34.575,37.55,3.05,8.84058,5.0,92.0,0.0,0.9975,0.0006,0.0014,-0.0047,0.0083,34.7541,35.98,37.78,35.98,34.5,up,2026-09-22T13:08:55,107.0,20.0
AAPL,2026-09-23,0,Put,305.0,AAPL260923P00305000,0.0,0.04,0.02,0.04,0.02,100.0,6.0,181.0,0.7899,-0.0024,0.0006,0.0014,-0.0089,0.0,0.0089,0.04,0.04,0.04,0.0199999995529652,no_change,2026-09-22T10:48:19,0.0,69.0
AAPL,2026-09-23,0,Call,307.5,AAPL260923C00307500,30.95,33.25,32.1,32.68,0.855,2.68656,28.0,20.0,0.0,0.9972,0.0007,0.0016,-0.0058,0.0084,32.2552,35.72,36.7,32.68,31.8250007629394,down,2026-09-22T15:01:47,101.0,7.0
AAPL,2026-09-23,0,Put,307.5,AAPL260923P00307500,0.0,0.25,0.125,0.02,-0.005,-20.0,80.0,194.0,0.932,-0.0028,0.0007,0.0016,-0.0097,0.0,0.0097,0.02,0.02,0.01,0.0249999994412065,up,2026-09-22T14:27:17,0.0,75.0
AAPL,2026-09-23,0,Call,310.0,AAPL260923C00310000,28.8,30.9,29.85,31.1,2.175,7.51945,40.0,80.0,0.8432,0.9968,0.0008,0.0018,-0.0069,0.0085,29.7563,29.89,33.41,29.89,28.9250001907349,down,2026-09-22T14:11:24,106.0,20.0
AAPL,2026-09-23,0,Put,310.0,AAPL260923P00310000,0.0,0.01,0.005,0.01,-0.015,-60.0,170.0,761.0,0.5951,-0.0032,0.0008,0.0018,-0.0105,0.0,0.0105,0.03,0.03,0.01,0.0249999994412065,no_change,2026-09-22T14:24:24,0.0,1.0
AAPL,2026-09-23,0,Call,312.5,AAPL260923C00312500,25.5,28.4,26.95,28.72,1.82,6.7658,33.0,26.0,0.0,0.9963,0.001,0.002,-0.008,0.0085,27.2574,27.1,30.47,27.1,26.9000005722046,down,2026-09-22T14:11:24,110.0,22.0
AAPL,2026-09-23,0,Put,312.5,AAPL260923P00312500,0.01,0.03,0.02,0.01,-0.02,-66.6667,99.0,188.0,0.6285,-0.0037,0.001,0.002,-0.0114,0.0,0.0113,0.04,0.04,0.01,0.0300000002607703,down,2026-09-22T15:57:32,5.0,69.0
AAPL,2026-09-23,0,Call,315.0,AAPL260923C00315000,24.2,25.75,24.975,26.69,2.79,11.6736,36.0,313.0,0.8186,0.9957,0.0013,0.0023,-0.0093,0.0086,24.7587,24.9,28.4,24.0,23.8999996185303,up,2026-09-22T13:47:43,118.0,30.0
AAPL,2026-09-23,0,Put,315.0,AAPL260923P00315000,0.0,0.01,0.005,0.01,-0.025,-71.4286,422.0,622.0,0.4993,-0.0042,0.0013,0.0023,-0.0124,0.0,0.0123,0.04,0.05,0.01,0.034999999217689,no_change,2026-09-22T15:55:13,0.0,17.0
AAPL,2026-09-23,0,Call,317.5,AAPL260923C00317500,20.5,23.35,21.925,23.74,2.34,10.9346,70.0,133.0,0.0,0.995,0.0016,0.0027,-0.0108,0.0086,22.2602,22.5,26.0,22.5,21.3999996185303,up,2026-09-22T14:46:47,132.0,24.0
AAPL,2026-09-23,0,Put,317.5,AAPL260923P00317500,0.01,0.03,0.02,0.01,-0.035,-77.7778,106.0,264.0,0.5044,-0.005,0.0016,0.0027,-0.0135,0.0,0.0135,0.04,0.07,0.01,0.0449999999254942,no_change,2026-09-22T15:50:21,3.0,11.0
AAPL,2026-09-23,0,Call,320.0,AAPL260923C00320000,19.2,20.85,20.025,20.82,1.52,7.87565,73.0,360.0,0.7042,0.9939,0.0021,0.0032,-0.0127,0.0087,19.7621,23.5,23.5,20.5,19.3000001907349,no_change,2026-09-22T15:12:35,140.0,55.0
AAPL,2026-09-23,0,Put,320.0,AAPL260923P00320000,0.01,0.03,0.02,0.01,-0.055,-84.6154,555.0,753.0,0.452,-0.0061,0.0021,0.0032,-0.0152,0.0,0.0151,0.03,0.04,0.01,0.0649999994784594,down,2026-09-22T15:59:37,5.0,54.0
AAPL,2026-09-23,0,Call,322.5,AAPL260923C00322500,15.55,18.4,16.975,17.92,1.095,6.50817,39.0,112.0,0.0,0.9922,0.0029,0.004,-0.0158,0.0088,17.2652,21.92,21.92,17.92,16.8250007629395,no_change,2026-09-22T15:39:13,165.0,10.0
AAPL,2026-09-23,0,Put,322.5,AAPL260923P00322500,0.0,0.04,0.02,0.02,-0.06,-75.0,841.0,1460.0,0.4131,-0.0077,0.0029,0.004,-0.0179,-0.0001,0.0178,0.08,0.08,0.01,0.080000001937151,no_change,2026-09-22T15:57:03,0.0,30.0
AAPL,2026-09-23,0,Call,325.0,AAPL260923C00325000,13.2,15.85,14.524999999999999,14.91,0.61,4.26574,83.0,537.0,0.0,0.9892,0.0043,0.0053,-0.0215,0.0088,14.7709,16.65,18.49,14.2,14.2999997138977,down,2026-09-22T15:55:00,235.0,66.0
AAPL,2026-09-23,0,Put,325.0,AAPL260923P00325000,0.02,0.04,0.03,0.03,-0.085,-73.913,1235.0,1423.0,0.369,-0.0108,0.0043,0.0053,-0.0234,-0.0001,0.0233,0.07,0.07,0.02,0.114999998360872,no_change,2026-09-22T15:59:38,50.0,115.0
AAPL,2026-09-23,0,Call,327.5,AAPL260923C00327500,10.95,13.05,12.0,13.03,1.105,9.26625,180.0,195.0,0.0,0.9825,0.0072,0.0081,-0.0346,0.0088,12.284,14.77,16.69,13.03,11.9249997138977,no_change,2026-09-22T15:03:14,165.0,45.0
AAPL,2026-09-23,0,Put,327.5,AAPL260923P00327500,0.03,0.05,0.04,0.05,-0.115,-69.697,2439.0,1197.0,0.3344,-0.0175,0.0072,0.0081,-0.0362,-0.0002,0.036,0.14,0.14,0.02,0.16499999910593,up,2026-09-22T15:59:45,49.0,12.0
AAPL,2026-09-23,0,Call,330.0,AAPL260923C00330000,9.5,10.3,9.9,10.42,0.87,9.10995,570.0,597.0,0.3496,0.9663,0.0138,0.0139,-0.0688,0.0087,9.818,11.4,15.05,9.07,9.55000019073486,down,2026-09-22T15:39:33,68.0,16.0
AAPL,2026-09-23,0,Put,330.0,AAPL260923P00330000,0.07,0.08,0.07500000000000001,0.06,-0.21,-77.7778,7737.0,2416.0,0.3048,-0.0337,0.0138,0.0139,-0.07,-0.0003,0.0697,0.18,0.22,0.04,0.269999995827675,down,2026-09-22T15:59:48,1.0,49.0
AAPL,2026-09-23,0,Call,332.5,AAPL260923C00332500,6.75,7.65,7.2,7.35,0.1,1.37931,308.0,747.0,0.0,0.9266,0.0274,0.0256,-0.1621,0.0084,7.4109,8.75,13.1,6.3,7.25,no_change,2026-09-22T15:59:37,154.0,8.0
AAPL,2026-09-23,0,Put,332.5,AAPL260923P00332500,0.15,0.17,0.16,0.16,-0.335,-67.6768,7926.0,1907.0,0.2799,-0.0733,0.0274,0.0256,-0.163,-0.0007,0.1624,0.34,0.44,0.08,0.49499998986721,no_change,2026-09-22T15:59:59,14.0,69.0
AAPL,2026-09-23,0,Call,335.0,AAPL260923C00335000,4.95,5.4,5.175000000000001,5.0,-0.175,-3.38164,3146.0,2257.0,0.2732,0.8406,0.0503,0.0442,-0.4009,0.0077,5.1489,5.95,10.55,4.75,5.17499995231628,down,2026-09-22T15:59:21,24.0,26.0
AAPL,2026-09-23,0,Put,335.0,AAPL260923P00335000,0.38,0.41,0.395,0.39,-0.535,-57.8378,28599.0,3403.0,0.265,-0.1594,0.0503,0.0442,-0.4015,-0.0015,0.4,0.6,0.83,0.18,0.924999982118606,down,2026-09-22T15:59:59,8.0,23.0
AAPL,2026-09-23,0,Call,337.5,AAPL260923C00337500,3.1,3.4,3.25,3.1,-0.325,-9.48905,5763.0,4661.0,0.2608,0.6885,0.0761,0.0637,-0.9322,0.0063,3.1783,4.02,8.1,2.93,3.42499995231628,down,2026-09-22T15:59:57,11.0,36.0
AAPL,2026-09-23,0,Put,337.5,AAPL260923P00337500,0.89,0.93,0.91,0.92,-0.73,-44.2424,30780.0,2043.0,0.2544,-0.3115,0.0761,0.0637,-0.9325,-0.0029,0.9291,1.25,1.6,0.4,1.64999997615814,no_change,2026-09-22T15:59:59,11.0,7.0
AAPL,2026-09-23,0,Call,340.0,AAPL260923C00340000,1.67,1.74,1.705,1.63,-0.415,-20.2934,47099.0,7166.0,0.2534,0.4808,0.0877,0.0716,-1.5124,0.0044,1.6838,2.44,6.1,1.45,2.04499995708466,down,2026-09-22T15:59:57,6.0,2.0
AAPL,2026-09-23,0,Put,340.0,AAPL260923P00340000,1.87,1.94,1.905,1.91,-0.865,-31.1712,52415.0,11510.0,0.2477,-0.5193,0.0878,0.0716,-1.5124,-0.0048,1.9343,2.18,2.82,0.73,2.77499997615814,down,2026-09-22T15:59:59,8.0,6.0
AAPL,2026-09-23,0,Call,342.5,AAPL260923C00342500,0.75,0.79,0.77,0.77,-0.33,-30.0,108385.0,6696.0,0.2527,0.2762,0.0735,0.0604,-0.7637,0.0025,0.7609,1.27,4.2,0.63,1.10000002384186,no_change,2026-09-22T15:59:59,2.0,10.0
AAPL,2026-09-23,0,Put,342.5,AAPL260923P00342500,3.35,3.6,3.475,3.45,-0.9,-20.6897,26668.0,54.0,0.25,-0.7245,0.074,0.0603,-0.7641,-0.0062,3.5119,4.15,4.5,1.38,4.34999990463257,up,2026-09-22T15:59:54,16.0,11.0
AAPL,2026-09-23,0,Call,345.0,AAPL260923C00345000,0.29,0.32,0.305,0.31,-0.23,-42.5926,181730.0,6625.0,0.258,0.1332,0.0462,0.0393,-0.305,0.0012,0.3039,0.64,2.69,0.25,0.53999999165535,up,2026-09-22T15:59:59,48.0,49.0
AAPL,2026-09-23,0,Put,345.0,AAPL260923P00345000,4.55,6.4,5.475,5.5,-0.75,-12.0,7092.0,147.0,0.2487,-0.8692,0.0471,0.0389,-0.3085,-0.0065,5.558,4.2,6.5,2.34,6.25,up,2026-09-22T15:59:13,195.0,64.0
AAPL,2026-09-23,0,Call,347.5,AAPL260923C00347500,0.11,0.13,0.12,0.11,-0.145,-56.8627,98628.0,3760.0,0.2681,0.0577,0.0238,0.0214,-0.1157,0.0005,0.1152,0.3,1.55,0.1,0.255000002682209,no_change,2026-09-22T15:59:59,63.0,115.0
AAPL,2026-09-23,0,Put,347.5,AAPL260923P00347500,7.15,8.75,7.95,7.75,-0.675,-8.01187,537.0,48.0,0.3011,-0.9462,0.0243,0.02,-0.1261,-0.0042,7.8762,5.1,8.63,3.8,8.4249997138977,up,2026-09-22T15:42:43,119.0,44.0
AAPL,2026-09-23,0,Call,350.0,AAPL260923C00350000,0.04,0.05,0.045,0.05,-0.07,-58.3333,80632.0,4657.0,0.2832,0.0255,0.0115,0.0112,-0.0476,0.0002,0.0474,0.14,0.85,0.02,0.119999997317791,up,2026-09-22T15:59:57,63.0,50.0
AAPL,2026-09-23,0,Put,350.0,AAPL260923P00350000,9.35,11.7,10.524999999999999,10.0,-1.15,-10.3139,841.0,151.0,0.4022,-0.9784,0.0113,0.0094,-0.0652,-0.0024,10.3155,5.8,10.53,5.7,11.1500000953674,up,2026-09-22T15:51:46,172.0,68.0
AAPL,2026-09-23,0,Call,352.5,AAPL260923C00352500,0.02,0.03,0.025,0.03,-0.03,-50.0,19171.0,2064.0,0.3123,0.0132,0.006,0.0064,-0.0245,0.0001,0.0244,0.07,0.48,0.02,0.0600000005215406,no_change,2026-09-22T15:58:58,31.0,5.0
AAPL,2026-09-23,0,Put,352.5,AAPL260923P00352500,11.3,14.2,12.75,12.05,-1.775,-12.8391,100.0,0.0,0.0,-0.99,0.0055,0.0051,-0.0466,-0.0017,12.797,10.9,12.1,8.5,13.8250002861023,down,2026-09-22T14:54:41,121.0,22.0
AAPL,2026-09-23,0,Call,355.0,AAPL260923C00355000,0.01,0.02,0.015,0.01,-0.025,-71.4286,11703.0,1298.0,0.3414,0.008,0.0035,0.0041,-0.0154,0.0001,0.0153,0.04,0.26,0.01,0.034999999217689,no_change,2026-09-22T15:59:27,150.0,59.0
AAPL,2026-09-23,0,Put,355.0,AAPL260923P00355000,13.7,16.7,15.2,14.89,-1.385,-8.50998,118.0,0.0,0.0,-0.9944,0.0031,0.003,-0.0401,-0.0011,15.2905,12.74,14.89,11.4,16.2749996185303,up,2026-09-22T14:57:23,119.0,27.0
AAPL,2026-09-23,0,Call,357.5,AAPL260923C00357500,0.0,0.05,0.025,0.01,-0.005,-33.3333,2284.0,479.0,0.372,0.0053,0.0022,0.0028,-0.0106,0.0,0.0105,0.02,0.15,0.01,0.0149999996647239,no_change,2026-09-22T15:59:23,0.0,21.0
AAPL,2026-09-23,0,Put,357.5,AAPL260923P00357500,16.2,19.2,17.7,17.27,-1.505,-8.01598,2.0,20.0,0.0,-0.9966,0.0018,0.0018,-0.037,-0.0006,17.7875,17.11,17.27,17.11,18.7749996185303,up,2026-09-22T14:56:56,125.0,13.0
AAPL,2026-09-23,0,Call,360.0,AAPL260923C00360000,0.0,0.01,0.005,0.01,-0.005,-33.3333,4653.0,872.0,0.3893,0.0036,0.0015,0.002,-0.0075,0.0,0.0075,0.02,0.1,0.01,0.0149999996647239,no_change,2026-09-22T15:54:21,0.0,71.0
AAPL,2026-09-23,0,Put,360.0,AAPL260923P00360000,18.85,21.7,20.275,20.74,0.0,0.0,0.0,0.0,0.0,-0.9979,0.0011,0.0013,-0.0352,-0.0003,20.2856,0.0,0.0,0.0,20.75,down,2026-09-21T15:39:12,133.0,11.0
AAPL,2026-09-23,0,Call,362.5,AAPL260923C00362500,0.0,0.01,0.005,0.01,0.005,100.0,126.0,74.0,0.4312,0.0025,0.001,0.0015,-0.0054,0.0,0.0054,0.07,0.07,0.01,0.00499999988824129,no_change,2026-09-22T13:54:23,0.0,1.0
AAPL,2026-09-23,0,Put,362.5,AAPL260923P00362500,21.2,24.2,22.7,22.39,-1.435,-6.02309,10.0,0.0,0.0,-0.9986,0.0007,0.0008,-0.0341,-0.0003,22.7845,23.0,23.3,22.15,23.8250007629395,down,2026-09-22T15:26:00,112.0,30.0
AAPL,2026-09-23,0,Call,365.0,AAPL260923C00365000,0.0,0.01,0.005,0.01,-0.03,-75.0,215.0,117.0,0.4724,0.0018,0.0007,0.0011,-0.004,0.0,0.004,0.02,0.08,0.01,0.0399999991059303,no_change,2026-09-22T12:39:27,0.0,1.0
AAPL,2026-09-23,0,Put,365.0,AAPL260923P00365000,23.7,26.7,25.2,24.95,-1.4,-5.31309,14.0,0.0,0.0,-0.9991,0.0004,0.0006,-0.0334,-0.0002,25.2838,23.72,24.97,23.62,26.3500003814697,up,2026-09-22T15:27:30,134.0,29.0
AAPL,2026-09-23,0,Call,370.0,AAPL260923C00370000,0.0,0.01,0.005,0.01,0.005,100.0,134.0,73.0,0.5531,0.001,0.0003,0.0006,-0.0022,0.0,0.0022,0.02,0.03,0.01,0.00499999988824129,no_change,2026-09-22T12:04:51,0.0,15.0
AAPL,2026-09-23,0,Put,370.0,AAPL260923P00370000,28.7,31.7,30.2,30.35,-0.925,-2.95764,4.0,0.0,0.0,-0.9996,0.0002,0.0003,-0.0326,-0.0001,30.283,28.82,30.35,28.82,31.2750005722046,up,2026-09-22T15:20:01,110.0,15.0
AAPL,2026-09-23,0,Call,375.0,AAPL260923C00375000,0.0,0.01,0.005,0.01,-0.01,-50.0,21.0,35.0,0.6316,0.0005,0.0002,0.0004,-0.0013,0.0,0.0013,0.01,0.02,0.01,0.0199999995529652,no_change,2026-09-22T12:15:00,0.0,2.0
AAPL,2026-09-23,0,Put,375.0,AAPL260923P00375000,33.7,36.7,35.2,34.75,-1.575,-4.33586,2.0,0.0,0.0,-0.9998,0.0001,0.0001,-0.0323,-0.0001,35.2827,34.68,34.75,34.68,36.3250007629394,up,2026-09-22T15:00:18,106.0,12.0
AAPL,2026-09-23,0,Call,380.0,AAPL260923C00380000,0.0,0.01,0.005,0.01,0.0,2.23517e-06,58.0,4.0,0.7082,0.0003,0.0001,0.0002,-0.0008,0.0,0.0008,0.01,0.02,0.01,0.00999999977648258,down,2026-09-22T12:42:03,0.0,1000.0
AAPL,2026-09-23,0,Put,380.0,AAPL260923P00380000,38.7,41.7,40.2,40.14,-1.21,-2.92624,4.0,0.0,0.0,-0.9999,0.0,0.0001,-0.0322,0.0,40.2826,39.57,40.14,39.57,41.3499984741211,up,2026-09-22T15:21:16,122.0,13.0
AAPL,2026-09-23,0,Call,385.0,AAPL260923C00385000,0.0,0.01,0.005,0.02,0.0,0.0,0.0,1.0,0.7832,0.0002,0.0001,0.0001,-0.0005,0.0,0.0005,0.0,0.0,0.0,0.00499999988824129,down,2026-09-21T12:15:46,0.0,1000.0
AAPL,2026-09-23,0,Put,385.0,AAPL260923P00385000,43.7,46.7,45.2,44.5,-1.825,-3.93956,6.0,0.0,0.0,-1.0,0.0,0.0,-0.0321,0.0,45.2825,44.58,44.92,44.5,46.3250007629394,down,2026-09-22T15:13:05,110.0,20.0
AAPL,2026-09-23,0,Call,390.0,AAPL260923C00390000,0.0,0.01,0.005,0.01,0.005,100.0,6.0,9.0,0.8566,0.0001,0.0,0.0001,-0.0003,0.0,0.0003,0.01,0.02,0.01,0.00499999988824129,down,2026-09-22T09:46:29,0.0,1000.0
AAPL,2026-09-23,0,Put,390.0,AAPL260923P00390000,48.7,51.7,50.2,49.84,-1.56,-3.03502,4.0,0.0,0.0,-1.0,0.0,0.0,-0.032,0.0,50.2825,49.58,49.84,49.58,51.3999996185303,no_change,2026-09-22T15:06:22,121.0,12.0
AAPL,2026-09-23,0,Call,395.0,AAPL260923C00395000,0.0,0.01,0.005,0.01,0.005,100.0,3.0,6.0,0.9284,0.0001,0.0,0.0001,-0.0002,0.0,0.0002,0.01,0.01,0.01,0.00499999988824129,no_change,2026-09-22T09:32:24,0.0,1000.0
AAPL,2026-09-23,0,Put,395.0,AAPL260923P00395000,53.65,56.7,55.175,0.0,0.0,0.0,0.0,0.0,0.0,-1.0,0.0,0.0,-0.032,0.0,55.2825,0.0,0.0,0.0,56.3250007629394,no_change,,110.0,14.0
AAPL,2026-09-25,2,Call,110.0,AAPL260925C00110000,228.15,231.45,229.8,0.0,0.0,0.0,0.0,0.0,0.0,1.0,0.0,0.0,0.0,0.015,229.781,0.0,0.0,0.0,229.0,no_change,,104.0,37.0
AAPL,2026-09-25,2,Put,110.0,AAPL260925P00110000,0.0,0.01,0.005,0.02,0.0,0.0,0.0,100.0,3.6512,0.0,0.0,0.0,0.0,0.0,0.0,0.0,0.0,0.0,0.00499999988824129,down,2026-08-19T11:20:24,0.0,3000.0
AAPL,2026-09-25,2,Call,120.0,AAPL260925C00120000,217.95,221.45,219.7,219.27,0.0,0.0,0.0,1.0,0.0,1.0,0.0,0.0,0.0,0.0164,219.7872,0.0,0.0,0.0,219.299995422363,up,2026-09-21T14:34:27,105.0,21.0
AAPL,2026-09-25,2,Put,120.0,AAPL260925P00120000,0.0,0.01,0.005,0.0,0.0,0.0,0.0,0.0,3.3777,0.0,0.0,0.0,0.0,0.0,0.0,0.0,0.0,0.0,0.00499999988824129,no_change,,0.0,2500.0
AAPL,2026-09-25,2,Call,125.0,AAPL260925C00125000,212.95,216.15,214.55,214.27,0.0,0.0,0.0,2.0,0.0,1.0,0.0,0.0,0.0,0.0171,214.7902,0.0,0.0,0.0,214.399993896484,up,2026-09-21T14:34:27,154.0,20.0
AAPL,2026-09-25,2,Put,125.0,AAPL260925P00125000,0.0,0.01,0.005,0.0,0.0,0.0,0.0,0.0,3.2494,0.0,0.0,0.0,0.0,0.0,0.0,0.0,0.0,0.0,0.00499999988824129,no_change,,0.0,2000.0
AAPL,2026-09-25,2,Call,130.0,AAPL260925C00130000,207.95,211.45,209.7,207.05,0.0,0.0,0.0,2.0,0.0,1.0,0.0,0.0,0.0,0.0178,209.7933,0.0,0.0,0.0,209.224998474121,no_change,2026-09-21T11:16:04,113.0,8.0
AAPL,2026-09-25,2,Put,130.0,AAPL260925P00130000,0.0,0.01,0.005,0.0,0.0,0.0,0.0,0.0,3.1263,0.0,0.0,0.0,0.0,0.0,0.0,0.0,0.0,0.0,0.00499999988824129,no_change,,0.0,2000.0
AAPL,2026-09-25,2,Call,135.0,AAPL260925C00135000,202.95,206.45,204.7,202.39,0.0,0.0,0.0,0.0,0.0,1.0,0.0,0.0,0.0,0.0185,204.7964,0.0,0.0,0.0,204.299995422363,up,2026-09-21T10:30:10,106.0,5.0
AAPL,2026-09-25,2,Put,135.0,AAPL260925P00135000,0.0,0.01,0.005,0.0,0.0,0.0,0.0,0.0,3.0078,0.0,0.0,0.0,0.0,0.0,0.0,0.0,0.0,0.0,0.00499999988824129,no_change,,0.0,19776.0
AAPL,2026-09-25,2,Call,140.0,AAPL260925C00140000,197.95,201.45,199.7,202.7,3.725,1.8721,2.0,3.0,0.0,1.0,0.0,0.0,0.0,0.0192,199.7994,202.7,202.7,202.7,198.974998474121,up,2026-09-22T12:34:49,124.0,14.0
AAPL,2026-09-25,2,Put,140.0,AAPL260925P00140000,0.0,0.01,0.005,0.0,0.0,0.0,0.0,0.0,2.8936,0.0,0.0,0.0,0.0,0.0,0.0,0.0,0.0,0.0,0.00499999988824129,no_change,,0.0,2000.0
AAPL,2026-09-25,2,Call,145.0,AAPL260925C00145000,192.95,196.6,194.77499999999998,197.7,3.7,1.90722,2.0,3.0,0.0,1.0,0.0,0.0,0.0,0.0198,194.8025,197.7,197.7,197.7,194.0,up,2026-09-22T12:34:49,109.0,14.0
AAPL,2026-09-25,2,Put,145.0,AAPL260925P00145000,0.0,0.01,0.005,0.0,0.0,0.0,0.0,0.0,2.7834,0.0,0.0,0.0,0.0,0.0,0.0,0.0,0.0,0.0,0.00499999988824129,no_change,,0.0,2000.0
AAPL,2026-09-25,2,Call,150.0,AAPL260925C00150000,188.0,191.4,189.7,187.27,0.0,0.0,0.0,0.0,0.0,1.0,0.0,0.0,0.0,0.0205,189.8056,0.0,0.0,0.0,189.449996948242,up,2026-09-21T10:15:58,105.0,14.0
AAPL,2026-09-25,2,Put,150.0,AAPL260925P00150000,0.0,0.01,0.005,0.0,0.0,0.0,0.0,0.0,2.677,0.0,0.0,0.0,0.0,0.0,0.0,0.0,0.0,0.0,0.00499999988824129,no_change,,0.0,2000.0
AAPL,2026-09-25,2,Call,155.0,AAPL260925C00155000,183.0,186.45,184.725,182.37,0.0,0.0,0.0,1.0,0.0,1.0,0.0,0.0,0.0,0.0212,184.8086,0.0,0.0,0.0,184.224998474121,up,2026-09-21T10:30:23,103.0,19.0
AAPL,2026-09-25,2,Put,155.0,AAPL260925P00155000,0.0,0.01,0.005,0.0,0.0,0.0,0.0,0.0,2.574,0.0,0.0,0.0,0.0,0.0,0.0001,0.0,0.0,0.0,0.00499999988824129,no_change,,0.0,1000.0
AAPL,2026-09-25,2,Call,160.0,AAPL260925C00160000,178.0,181.45,179.725,182.87,3.845,2.14774,3.0,1.0,0.0,1.0,0.0,0.0,0.0,0.0219,179.8117,182.11,182.87,182.11,179.025001525879,no_change,2026-09-22T12:36:21,148.0,16.0
AAPL,2026-09-25,2,Put,160.0,AAPL260925P00160000,0.0,0.01,0.005,0.0,0.0,0.0,0.0,0.0,2.4742,0.0,0.0,0.0,-0.0001,0.0,0.0001,0.0,0.0,0.0,0.00499999988824129,no_change,,0.0,1000.0
AAPL,2026-09-25,2,Call,165.0,AAPL260925C00165000,173.0,176.45,174.725,177.95,3.65,2.09409,3.0,0.0,0.0,1.0,0.0,0.0,0.0,0.0226,174.8148,177.19,177.95,177.19,174.300003051758,no_change,2026-09-22T12:36:21,108.0,19.0
AAPL,2026-09-25,2,Put,165.0,AAPL260925P00165000,0.0,0.01,0.005,0.0,0.0,0.0,0.0,0.0,2.3775,0.0,0.0,0.0,-0.0001,0.0,0.0001,0.0,0.0,0.0,0.00499999988824129,no_change,,0.0,1000.0
AAPL,2026-09-25,2,Call,170.0,AAPL260925C00170000,168.2,171.5,169.85,148.09,0.0,0.0,0.0,2.0,2.6503,1.0,0.0,0.0,0.0,0.0233,169.8179,0.0,0.0,0.0,169.599998474121,up,2026-08-19T10:19:39,122.0,8.0
AAPL,2026-09-25,2,Put,170.0,AAPL260925P00170000,0.0,0.01,0.005,0.01,0.0,0.0,0.0,552.0,2.2837,0.0,0.0,0.0,-0.0001,0.0,0.0001,0.0,0.0,0.0,0.00499999988824129,no_change,2026-09-17T15:09:31,0.0,470.0
AAPL,2026-09-25,2,Call,175.0,AAPL260925C00175000,163.15,166.6,164.875,168.62,4.07,2.47341,2.0,2.0,2.6741,1.0,0.0,0.0,0.0,0.0239,164.821,168.62,168.62,168.62,164.550003051758,up,2026-09-22T11:46:58,102.0,13.0
AAPL,2026-09-25,2,Put,175.0,AAPL260925P00175000,0.0,0.01,0.005,0.01,0.0,0.0,0.0,30.0,2.1924,0.0,0.0,0.0,-0.0001,0.0,0.0001,0.0,0.0,0.0,0.00499999988824129,no_change,2026-09-15T14:19:03,0.0,1000.0
AAPL,2026-09-25,2,Call,180.0,AAPL260925C00180000,158.05,160.95,159.5,163.62,4.07,2.55092,2.0,2.0,0.0,1.0,0.0,0.0,0.0,0.0246,159.824,163.62,163.62,163.62,159.550003051758,up,2026-09-22T11:46:58,122.0,1.0
AAPL,2026-09-25,2,Put,180.0,AAPL260925P00180000,0.0,0.01,0.005,0.01,0.0,0.0,0.0,11530.0,2.1037,0.0,0.0,0.0,-0.0001,0.0,0.0001,0.0,0.0,0.0,0.00499999988824129,no_change,2026-09-18T13:46:14,0.0,1000.0
AAPL,2026-09-25,2,Call,185.0,AAPL260925C00185000,153.0,156.5,154.75,149.7,0.0,0.0,0.0,0.0,0.0,1.0,0.0,0.0,0.0,0.0253,154.8271,0.0,0.0,0.0,154.300003051758,up,2026-09-11T12:00:25,121.0,20.0
AAPL,2026-09-25,2,Put,185.0,AAPL260925P00185000,0.0,0.01,0.005,0.01,0.0,0.0,0.0,21079.0,2.0174,0.0,0.0,0.0,-0.0001,0.0,0.0001,0.0,0.0,0.0,0.00499999988824129,no_change,2026-09-18T13:46:10,0.0,1000.0
AAPL,2026-09-25,2,Call,190.0,AAPL260925C00190000,148.2,151.5,149.85,148.47,0.0,0.0,0.0,2.0,2.155,1.0,0.0,0.0,0.0,0.026,149.8302,0.0,0.0,0.0,149.599998474121,up,2026-09-21T12:02:45,105.0,8.0
AAPL,2026-09-25,2,Put,190.0,AAPL260925P00190000,0.0,0.01,0.005,0.04,0.0,0.0,0.0,17.0,1.9333,0.0,0.0,0.0,-0.0002,0.0,0.0002,0.0,0.0,0.0,0.00499999988824129,down,2026-09-01T10:50:33,0.0,1000.0
AAPL,2026-09-25,2,Call,195.0,AAPL260925C00195000,143.2,146.6,144.89999999999998,143.47,0.0,0.0,0.0,1.0,2.3148,1.0,0.0,0.0,0.0,0.0267,144.8333,0.0,0.0,0.0,144.625,up,2026-09-21T12:02:45,100.0,10.0
AAPL,2026-09-25,2,Put,195.0,AAPL260925P00195000,0.0,0.01,0.005,0.01,0.0,0.0,0.0,26.0,1.8512,0.0,0.0,0.0,-0.0002,0.0,0.0002,0.0,0.0,0.0,0.00499999988824129,no_change,2026-09-21T09:30:35,0.0,1000.0
AAPL,2026-09-25,2,Call,200.0,AAPL260925C00200000,138.15,141.6,139.875,138.95,0.0,0.0,0.0,6.0,2.0998,1.0,0.0,0.0,0.0,0.0274,139.8364,0.0,0.0,0.0,139.525001525879,no_change,2026-09-21T13:16:15,109.0,3.0
AAPL,2026-09-25,2,Put,200.0,AAPL260925P00200000,0.0,0.01,0.005,0.01,0.0,0.0,0.0,54.0,1.7712,0.0,0.0,0.0,-0.0002,0.0,0.0002,0.0,0.0,0.0,0.00499999988824129,no_change,2026-09-14T15:42:58,0.0,2000.0
AAPL,2026-09-25,2,Call,205.0,AAPL260925C00205000,133.7,136.6,135.14999999999998,134.42,0.0,0.0,0.0,5.0,2.5526,1.0,0.0,0.0,0.0,0.028,134.8395,0.0,0.0,0.0,134.450004577637,up,2026-09-21T15:59:56,103.0,9.0
AAPL,2026-09-25,2,Put,205.0,AAPL260925P00205000,0.0,0.01,0.005,0.1,0.0,0.0,0.0,26.0,1.693,0.0,0.0,0.0,-0.0003,0.0,0.0003,0.0,0.0,0.0,0.00499999988824129,up,2026-09-01T10:25:22,0.0,1000.0
AAPL,2026-09-25,2,Call,210.0,AAPL260925C00210000,128.0,131.6,129.8,133.59,4.265,3.29789,1.0,2.0,0.0,1.0,0.0,0.0,0.0,0.0287,129.8426,133.59,133.59,133.59,129.325004577637,up,2026-09-22T11:06:40,119.0,8.0
AAPL,2026-09-25,2,Put,210.0,AAPL260925P00210000,0.0,0.01,0.005,0.09,0.0,0.0,0.0,54.0,1.6167,0.0,0.0,0.0,-0.0003,0.0,0.0003,0.0,0.0,0.0,0.00499999988824129,down,2026-09-03T09:58:53,0.0,11.0
AAPL,2026-09-25,2,Call,215.0,AAPL260925C00215000,123.0,126.6,124.8,120.85,0.0,0.0,0.0,1.0,0.0,0.9999,0.0,0.0001,0.0,0.0294,124.8458,0.0,0.0,0.0,124.625,up,2026-09-17T12:51:01,123.0,5.0
AAPL,2026-09-25,2,Put,215.0,AAPL260925P00215000,0.0,0.01,0.005,0.01,0.0,0.0,0.0,241.0,1.542,0.0,0.0,0.0001,-0.0004,0.0,0.0004,0.0,0.0,0.0,0.00499999988824129,down,2026-09-17T10:06:18,0.0,33.0
AAPL,2026-09-25,2,Call,220.0,AAPL260925C00220000,118.2,121.6,119.9,116.65,0.0,0.0,0.0,63.0,1.7979,0.9999,0.0,0.0001,0.0,0.0301,119.8489,0.0,0.0,0.0,119.625,up,2026-09-21T10:04:18,136.0,8.0
AAPL,2026-09-25,2,Put,220.0,AAPL260925P00220000,0.0,0.01,0.005,0.04,0.0,0.0,0.0,45.0,1.4689,-0.0001,0.0,0.0001,-0.0005,0.0,0.0005,0.0,0.0,0.0,0.00499999988824129,up,2026-09-15T11:45:30,0.0,11.0
AAPL,2026-09-25,2,Call,225.0,AAPL260925C00225000,113.0,116.6,114.8,117.9,3.25,2.83472,1.0,6.0,0.0,0.9999,0.0,0.0001,0.0,0.0308,114.8521,117.9,117.9,117.9,114.649997711182,up,2026-09-22T12:41:44,120.0,8.0
AAPL,2026-09-25,2,Put,225.0,AAPL260925P00225000,0.0,0.01,0.005,0.07,0.0,0.0,0.0,150.0,1.3973,-0.0001,0.0,0.0001,-0.0006,0.0,0.0006,0.0,0.0,0.0,0.00499999988824129,down,2026-09-18T14:31:12,0.0,22.0
AAPL,2026-09-25,2,Call,230.0,AAPL260925C00230000,108.2,111.6,109.9,105.98,0.0,0.0,0.0,20.0,1.6074,0.9999,0.0,0.0001,0.0,0.0315,109.8553,0.0,0.0,0.0,109.649997711182,down,2026-09-17T12:58:26,105.0,12.0
AAPL,2026-09-25,2,Put,230.0,AAPL260925P00230000,0.0,0.01,0.005,0.01,0.0,0.0,0.0,310.0,1.3271,-0.0001,0.0,0.0001,-0.0007,0.0,0.0007,0.0,0.0,0.0,0.00499999988824129,no_change,2026-09-21T14:34:20,0.0,28.0
AAPL,2026-09-25,2,Call,235.0,AAPL260925C00235000,103.05,106.65,104.85,97.62,0.0,0.0,0.0,29.0,0.0,0.9999,0.0,0.0001,0.0,0.0321,104.8585,0.0,0.0,0.0,104.674999237061,up,2026-09-16T15:09:30,125.0,7.0
AAPL,2026-09-25,2,Put,235.0,AAPL260925P00235000,0.0,0.01,0.005,0.06,0.0,0.0,0.0,910.0,1.2584,-0.0001,0.0,0.0001,-0.0008,0.0,0.0009,0.0,0.0,0.0,0.00499999988824129,up,2026-09-18T14:18:03,0.0,88.0
AAPL,2026-09-25,2,Call,240.0,AAPL260925C00240000,98.0,101.65,99.825,96.3,0.0,0.0,0.0,43.0,0.0,0.9998,0.0,0.0002,0.0,0.0328,99.8618,0.0,0.0,0.0,99.6749992370606,up,2026-09-17T14:41:13,119.0,7.0
AAPL,2026-09-25,2,Put,240.0,AAPL260925P00240000,0.0,0.01,0.005,0.02,0.0,0.0,0.0,813.0,1.1909,-0.0001,0.0,0.0002,-0.001,0.0,0.0011,0.0,0.0,0.0,0.00499999988824129,up,2026-09-18T10:41:34,0.0,88.0
AAPL,2026-09-25,2,Call,245.0,AAPL260925C00245000,93.1,96.6,94.85,91.84,0.0,0.0,0.0,77.0,0.0,0.9998,0.0,0.0002,0.0,0.0335,94.8651,0.0,0.0,0.0,94.5999984741211,up,2026-09-18T15:50:01,105.0,10.0
AAPL,2026-09-25,2,Put,245.0,AAPL260925P00245000,0.0,0.01,0.005,0.01,0.0,0.0,0.0,1062.0,1.1246,-0.0002,0.0,0.0002,-0.0013,0.0,0.0013,0.0,0.0,0.0,0.00499999988824129,no_change,2026-09-21T11:52:52,0.0,62.0
AAPL,2026-09-25,2,Call,250.0,AAPL260925C00250000,88.05,91.5,89.775,90.0,0.65,0.727478,5.0,206.0,0.0,0.9998,0.0,0.0003,0.0,0.0342,89.8684,94.55,94.55,89.75,89.3499984741211,up,2026-09-22T15:59:46,176.0,45.0
AAPL,2026-09-25,2,Put,250.0,AAPL260925P00250000,0.0,0.01,0.005,0.02,0.015,300.0,2.0,14619.0,1.0595,-0.0002,0.0,0.0003,-0.0016,0.0,0.0016,0.01,0.02,0.01,0.00499999988824129,up,2026-09-22T15:57:43,0.0,111.0
AAPL,2026-09-25,2,Call,255.0,AAPL260925C00255000,83.35,86.5,84.925,81.49,0.0,0.0,0.0,383.0,1.24,0.9997,0.0,0.0003,0.0,0.0349,84.8719,0.0,0.0,0.0,84.3499984741211,up,2026-09-18T15:22:28,188.0,50.0
AAPL,2026-09-25,2,Put,255.0,AAPL260925P00255000,0.0,0.01,0.005,0.01,0.0,0.0,0.0,951.0,0.9955,-0.0003,0.0,0.0003,-0.0019,0.0,0.002,0.0,0.0,0.0,0.00499999988824129,no_change,2026-09-21T13:45:32,0.0,60.0
AAPL,2026-09-25,2,Call,260.0,AAPL260925C00260000,78.05,81.65,79.85,81.09,1.54,1.93589,3.0,75.0,0.0,0.9996,0.0,0.0004,0.0,0.0356,79.8754,80.38,81.09,80.38,79.5499992370606,up,2026-09-22T15:36:27,108.0,12.0
AAPL,2026-09-25,2,Put,260.0,AAPL260925P00260000,0.0,0.01,0.005,0.01,0.0,0.0,0.0,2406.0,0.9326,-0.0004,0.0,0.0004,-0.0024,0.0,0.0025,0.0,0.0,0.0,0.025000000372529,no_change,2026-09-21T11:08:07,0.0,88.0
AAPL,2026-09-25,2,Call,265.0,AAPL260925C00265000,73.8,76.65,75.225,74.15,0.0,0.0,0.0,23.0,1.393,0.9995,0.0001,0.0005,0.0,0.0362,74.8792,0.0,0.0,0.0,74.625,up,2026-09-21T15:25:18,96.0,6.0
AAPL,2026-09-25,2,Put,265.0,AAPL260925P00265000,0.0,0.01,0.005,0.08,0.0,0.0,0.0,572.0,0.8706,-0.0005,0.0001,0.0005,-0.003,0.0,0.0031,0.0,0.0,0.0,0.0149999996647239,up,2026-09-21T09:32:36,0.0,55.0
AAPL,2026-09-25,2,Call,270.0,AAPL260925C00270000,68.25,71.65,69.95,70.7,1.225,1.76323,4.0,92.0,1.045,0.9993,0.0001,0.0007,0.0,0.0369,69.8831,72.9,72.9,70.7,69.4749984741211,down,2026-09-22T15:35:05,110.0,12.0
AAPL,2026-09-25,2,Put,270.0,AAPL260925P00270000,0.0,0.01,0.005,0.01,-0.02,-66.6667,62.0,539.0,0.8096,-0.0006,0.0001,0.0007,-0.0038,0.0,0.004,0.01,0.02,0.01,0.0299999993294477,no_change,2026-09-22T11:18:09,0.0,75.0
AAPL,2026-09-25,2,Call,275.0,AAPL260925C00275000,63.85,66.5,65.175,68.1,3.6,5.5814,11.0,107.0,1.1795,0.9991,0.0001,0.0009,0.0,0.0376,64.8873,66.97,68.1,66.87,64.5,up,2026-09-22T12:25:04,154.0,20.0
AAPL,2026-09-25,2,Put,275.0,AAPL260925P00275000,0.0,0.01,0.005,0.01,0.005,100.0,114.0,1667.0,0.7495,-0.0009,0.0001,0.0009,-0.0048,0.0,0.0051,0.01,0.01,0.01,0.00499999988824129,no_change,2026-09-22T15:49:53,0.0,75.0
AAPL,2026-09-25,2,Call,277.5,AAPL260925C00277500,60.55,64.15,62.35,46.76,0.0,0.0,0.0,0.0,0.0,0.999,0.0001,0.001,0.0,0.0379,62.3895,0.0,0.0,0.0,62.2000007629394,down,2026-09-10T12:53:15,103.0,5.0
AAPL,2026-09-25,2,Put,277.5,AAPL260925P00277500,0.0,0.01,0.005,0.01,-0.115,-92.0,77.0,75.0,0.7197,-0.001,0.0001,0.001,-0.0054,0.0,0.0058,0.05,0.05,0.01,0.125,no_change,2026-09-22T15:31:24,0.0,24.0
AAPL,2026-09-25,2,Call,280.0,AAPL260925C00280000,59.2,61.5,60.35,63.36,3.86,6.48739,1.0,164.0,1.1824,0.9988,0.0002,0.0012,0.0,0.0382,59.8918,63.36,63.36,63.36,59.5,up,2026-09-22T11:37:23,166.0,60.0
AAPL,2026-09-25,2,Put,280.0,AAPL260925P00280000,0.0,0.02,0.01,0.01,0.005,100.0,51.0,920.0,0.6902,-0.0012,0.0002,0.0012,-0.0062,0.0,0.0066,0.05,0.05,0.01,0.00499999988824129,no_change,2026-09-22T15:12:52,0.0,2.0
AAPL,2026-09-25,2,Call,282.5,AAPL260925C00282500,55.55,59.2,57.375,54.51,0.0,0.0,0.0,10.0,0.0,0.9986,0.0002,0.0014,-0.0001,0.0386,57.3943,0.0,0.0,0.0,56.4250011444092,up,2026-09-21T11:31:18,105.0,5.0
AAPL,2026-09-25,2,Put,282.5,AAPL260925P00282500,0.0,0.34,0.17,0.01,0.0,0.0,0.0,173.0,0.9659,-0.0013,0.0002,0.0014,-0.007,-0.0001,0.0075,0.0,0.0,0.0,0.0149999996647239,no_change,2026-09-21T13:33:06,0.0,50.0
AAPL,2026-09-25,2,Call,285.0,AAPL260925C00285000,53.8,55.85,54.825,57.17,2.47,4.51554,3.0,99.0,0.0,0.9984,0.0002,0.0016,-0.0014,0.0389,54.8969,57.32,57.32,57.17,54.6999988555908,down,2026-09-22T13:30:14,124.0,8.0
AAPL,2026-09-25,2,Put,285.0,AAPL260925P00285000,0.0,0.01,0.005,0.01,-0.01,-50.0,116.0,1078.0,0.6316,-0.0016,0.0002,0.0016,-0.008,-0.0001,0.0086,0.01,0.02,0.01,0.0199999995529652,no_change,2026-09-22T15:54:10,0.0,2.0
AAPL,2026-09-25,2,Call,287.5,AAPL260925C00287500,50.55,54.15,52.349999999999994,48.45,0.0,0.0,0.0,27.0,0.0,0.9982,0.0003,0.0018,-0.0028,0.0392,52.3997,0.0,0.0,0.0,52.2000007629394,up,2026-09-18T13:52:50,104.0,14.0
AAPL,2026-09-25,2,Put,287.5,AAPL260925P00287500,0.0,0.3,0.15,0.03,-0.015,-33.3333,100.0,333.0,0.8699,-0.0018,0.0003,0.0018,-0.0092,-0.0001,0.0099,0.03,0.03,0.03,0.0450000017881393,no_change,2026-09-22T13:43:15,0.0,198.0
AAPL,2026-09-25,2,Call,290.0,AAPL260925C00290000,48.95,51.5,50.225,51.05,1.575,3.18343,426.0,144.0,0.9432,0.9978,0.0004,0.0021,-0.0045,0.0396,49.9028,53.0,53.88,49.55,49.4750003814697,no_change,2026-09-22T15:00:22,169.0,38.0
AAPL,2026-09-25,2,Put,290.0,AAPL260925P00290000,0.01,0.02,0.015,0.02,0.0,2.23517e-06,184.0,1716.0,0.6328,-0.0022,0.0004,0.0021,-0.0105,-0.0001,0.0114,0.03,0.03,0.01,0.0199999995529652,up,2026-09-22T15:56:21,8.0,29.0
AAPL,2026-09-25,2,Call,292.5,AAPL260925C00292500,46.3,48.95,47.625,43.03,0.0,0.0,0.0,17.0,0.8469,0.9974,0.0004,0.0025,-0.0064,0.0399,47.4061,0.0,0.0,0.0,47.0500011444092,down,2026-09-18T14:20:28,117.0,6.0
AAPL,2026-09-25,2,Put,292.5,AAPL260925P00292500,0.01,0.26,0.135,0.02,-0.015,-42.8571,107.0,501.0,0.7798,-0.0026,0.0004,0.0025,-0.0121,-0.0001,0.0133,0.02,0.06,0.02,0.034999999217689,down,2026-09-22T15:25:00,18.0,446.0
AAPL,2026-09-25,2,Call,295.0,AAPL260925C00295000,43.85,46.6,45.225,48.46,3.885,8.71565,2.0,269.0,0.856,0.997,0.0005,0.0029,-0.0085,0.0402,44.9098,45.53,48.46,45.53,44.5750007629394,up,2026-09-22T11:37:44,134.0,36.0
AAPL,2026-09-25,2,Put,295.0,AAPL260925P00295000,0.01,0.03,0.02,0.04,0.01,33.3333,93.0,2712.0,0.5872,-0.003,0.0005,0.0029,-0.014,-0.0001,0.0154,0.02,0.05,0.01,0.0299999993294477,up,2026-09-22T12:42:22,25.0,13.0
AAPL,2026-09-25,2,Call,297.5,AAPL260925C00297500,40.6,42.8,41.7,42.93,1.055,2.5194,1.0,130.0,0.0,0.9964,0.0006,0.0034,-0.011,0.0405,42.4139,42.93,42.93,42.93,41.875,up,2026-09-22T14:56:13,184.0,19.0
AAPL,2026-09-25,2,Put,297.5,AAPL260925P00297500,0.01,0.02,0.015,0.02,-0.005,-20.0,35.0,240.0,0.5396,-0.0036,0.0006,0.0034,-0.0162,-0.0002,0.018,0.13,0.13,0.02,0.0249999994412065,no_change,2026-09-22T11:29:14,34.0,1.0
AAPL,2026-09-25,2,Call,300.0,AAPL260925C00300000,38.65,41.5,40.075,40.01,0.485,1.22707,150.0,965.0,0.6935,0.9956,0.0008,0.004,-0.014,0.0408,39.9186,44.65,44.65,39.57,39.5249996185303,down,2026-09-22T15:57:52,182.0,64.0
AAPL,2026-09-25,2,Put,300.0,AAPL260925P00300000,0.01,0.03,0.02,0.01,-0.015,-60.0,131.0,2566.0,0.524,-0.0044,0.0008,0.004,-0.0188,-0.0002,0.0211,0.04,0.05,0.01,0.0249999994412065,no_change,2026-09-22T15:31:28,25.0,3.0
AAPL,2026-09-25,2,Call,302.5,AAPL260925C00302500,35.75,39.1,37.425,39.1,1.925,5.17821,3.0,24.0,0.5067,0.9947,0.001,0.0048,-0.0174,0.0412,37.4239,39.1,39.1,39.1,37.1750011444092,up,2026-09-22T09:41:06,110.0,10.0
AAPL,2026-09-25,2,Put,302.5,AAPL260925P00302500,0.01,0.02,0.015,0.01,-0.025,-71.4286,28.0,162.0,0.478,-0.0052,0.001,0.0048,-0.0219,-0.0002,0.0249,0.03,0.05,0.01,0.0350000001490116,down,2026-09-22T15:53:09,8.0,1.0
AAPL,2026-09-25,2,Call,305.0,AAPL260925C00305000,33.55,36.55,35.05,35.99,1.465,4.2433,84.0,354.0,0.5981,0.9936,0.0012,0.0057,-0.0215,0.0414,34.9301,35.53,37.81,34.68,34.5249996185303,up,2026-09-22T15:06:41,171.0,65.0
AAPL,2026-09-25,2,Put,305.0,AAPL260925P00305000,0.02,0.24,0.13,0.03,-0.02,-40.0,73.0,4445.0,0.5853,-0.0064,0.0012,0.0057,-0.0257,-0.0003,0.0296,0.14,0.14,0.01,0.0499999988824129,down,2026-09-22T15:57:16,200.0,374.0
AAPL,2026-09-25,2,Call,307.5,AAPL260925C00307500,31.35,34.2,32.775000000000006,35.49,3.565,11.1668,5.0,69.0,0.6579,0.9921,0.0015,0.0069,-0.0265,0.0417,32.4375,35.9,35.9,35.49,31.9250011444092,no_change,2026-09-22T12:52:15,112.0,3.0
AAPL,2026-09-25,2,Put,307.5,AAPL260925P00307500,0.02,0.06,0.04,0.03,-0.035,-53.8462,34.0,399.0,0.4655,-0.0079,0.0015,0.0069,-0.0304,-0.0004,0.0354,0.03,0.04,0.02,0.0649999994784594,up,2026-09-22T15:06:33,10.0,15.0
AAPL,2026-09-25,2,Call,310.0,AAPL260925C00310000,28.8,31.0,29.9,30.82,1.295,4.38611,100.0,869.0,0.0,0.9902,0.0019,0.0083,-0.0325,0.042,29.9464,30.0,35.0,29.67,29.5249996185303,down,2026-09-22T15:34:15,152.0,42.0
AAPL,2026-09-25,2,Put,310.0,AAPL260925P00310000,0.02,0.05,0.035,0.02,-0.05,-71.4286,292.0,3239.0,0.4252,-0.0098,0.0019,0.0083,-0.0361,-0.0004,0.0429,0.07,0.07,0.02,0.0699999984353781,down,2026-09-22T15:52:08,44.0,21.0
AAPL,2026-09-25,2,Call,312.5,AAPL260925C00312500,25.75,29.05,27.4,29.0,2.175,8.10811,5.0,228.0,0.0,0.9877,0.0025,0.0101,-0.0401,0.0422,27.4576,29.0,29.0,29.0,26.8249998092651,no_change,2026-09-22T10:47:35,183.0,55.0
AAPL,2026-09-25,2,Put,312.5,AAPL260925P00312500,0.03,0.05,0.04,0.03,-0.055,-64.7059,34.0,1004.0,0.4049,-0.0123,0.0025,0.0102,-0.0434,-0.0006,0.0525,0.03,0.08,0.03,0.0850000008940697,down,2026-09-22T15:54:39,2.0,38.0
AAPL,2026-09-25,2,Call,315.0,AAPL260925C00315000,24.6,25.35,24.975,25.11,0.735,3.01538,154.0,833.0,0.393,0.9843,0.0032,0.0126,-0.0498,0.0424,24.9721,27.5,28.51,24.52,24.375,down,2026-09-22T15:56:16,70.0,4.0
AAPL,2026-09-25,2,Put,315.0,AAPL260925P00315000,0.05,0.12,0.08499999999999999,0.08,-0.03,-27.2727,1036.0,4056.0,0.3902,-0.0157,0.0032,0.0126,-0.0528,-0.0007,0.0654,0.21,0.21,0.04,0.109999999403954,up,2026-09-22T15:58:31,30.0,39.0
AAPL,2026-09-25,2,Call,317.5,AAPL260925C00317500,20.85,23.05,21.950000000000003,24.38,2.58,11.8349,36.0,204.0,0.0,0.9795,0.0043,0.0157,-0.0626,0.0425,22.4916,22.4,26.05,22.4,21.8000001907349,up,2026-09-22T13:27:37,143.0,42.0
AAPL,2026-09-25,2,Put,317.5,AAPL260925P00317500,0.07,0.1,0.085,0.08,-0.06,-42.8571,195.0,2038.0,0.3727,-0.0205,0.0043,0.0157,-0.0653,-0.0009,0.0835,0.11,0.12,0.06,0.140000000596046,up,2026-09-22T15:58:57,35.0,132.0
AAPL,2026-09-25,2,Call,320.0,AAPL260925C00320000,19.5,20.7,20.1,20.0,0.375,1.91083,512.0,5512.0,0.3824,0.9726,0.0058,0.0201,-0.0802,0.0425,20.0195,21.0,23.9,19.28,19.625,down,2026-09-22T15:59:42,143.0,43.0
AAPL,2026-09-25,2,Put,320.0,AAPL260925P00320000,0.11,0.12,0.11499999999999999,0.11,-0.065,-37.1429,2247.0,5897.0,0.3497,-0.0274,0.0059,0.0201,-0.0827,-0.0012,0.1099,0.17,0.17,0.07,0.175000004470348,up,2026-09-22T15:55:00,1.0,10.0
AAPL,2026-09-25,2,Call,322.5,AAPL260925C00322500,16.95,18.7,17.825,18.84,1.665,9.69432,27.0,836.0,0.4039,0.962,0.0081,0.0263,-0.1054,0.0424,17.5618,19.8,20.78,18.0,17.1750001907349,down,2026-09-22T14:01:26,162.0,72.0
AAPL,2026-09-25,2,Put,322.5,AAPL260925P00322500,0.15,0.16,0.155,0.16,-0.07,-30.4348,253.0,2548.0,0.3287,-0.038,0.0081,0.0263,-0.1077,-0.0017,0.1507,0.18,0.21,0.1,0.229999996721745,up,2026-09-22T15:58:56,2.0,10.0
AAPL,2026-09-25,2,Call,325.0,AAPL260925C00325000,14.75,15.6,15.175,15.23,0.455,3.07953,222.0,4865.0,0.3217,0.9456,0.0115,0.035,-0.1425,0.0419,15.1296,15.55,19.55,14.53,14.7750000953674,up,2026-09-22T15:56:16,72.0,8.0
AAPL,2026-09-25,2,Put,325.0,AAPL260925P00325000,0.2,0.22,0.21000000000000002,0.22,-0.135,-38.0282,4397.0,4182.0,0.3068,-0.0546,0.0115,0.0351,-0.1446,-0.0024,0.2171,0.3,0.31,0.15,0.355000004172325,down,2026-09-22T15:59:52,66.0,5.0
AAPL,2026-09-25,2,Call,327.5,AAPL260925C00327500,11.8,12.95,12.375,13.23,0.855,6.90909,188.0,1270.0,0.0,0.9194,0.0164,0.0472,-0.1967,0.0411,12.7427,13.45,17.24,12.37,12.375,down,2026-09-22T15:40:37,185.0,7.0
AAPL,2026-09-25,2,Put,327.5,AAPL260925P00327500,0.3,0.33,0.315,0.33,-0.195,-37.1429,1939.0,4609.0,0.2902,-0.0809,0.0165,0.0473,-0.1989,-0.0035,0.3291,0.4,0.49,0.21,0.525000005960464,down,2026-09-22T15:59:35,68.0,19.0
AAPL,2026-09-25,2,Call,330.0,AAPL260925C00330000,10.0,10.65,10.325,10.24,0.015,0.1467,1022.0,3440.0,0.2621,0.8784,0.0232,0.0634,-0.2722,0.0395,10.4336,11.2,15.55,9.95,10.2249999046326,up,2026-09-22T15:58:24,89.0,10.0
AAPL,2026-09-25,2,Put,330.0,AAPL260925P00330000,0.5,0.53,0.515,0.51,-0.27,-34.6154,7178.0,6108.0,0.2798,-0.1221,0.0233,0.0635,-0.2747,-0.0052,0.5192,0.65,0.76,0.3,0.780000001192093,down,2026-09-22T15:59:59,1.0,113.0
AAPL,2026-09-25,2,Call,332.5,AAPL260925C00332500,7.9,8.45,8.175,8.1,0.025,0.3096,1073.0,3087.0,0.261,0.8172,0.0316,0.0827,-0.3665,0.0369,8.2496,8.85,12.0,7.65,8.07499980926514,up,2026-09-22T15:56:32,38.0,24.0
AAPL,2026-09-25,2,Put,332.5,AAPL260925P00332500,0.79,0.84,0.815,0.84,-0.36,-30.0,4426.0,3242.0,0.2684,-0.1838,0.0318,0.083,-0.3698,-0.0074,0.8353,1.01,1.18,0.48,1.19999998807907,no_change,2026-09-22T15:59:59,2.0,79.0
AAPL,2026-09-25,2,Call,335.0,AAPL260925C00335000,6.05,6.4,6.225,6.27,0.045,0.722889,4019.0,10295.0,0.2596,0.7321,0.0404,0.1023,-0.465,0.0332,6.2517,6.93,11.0,5.7,6.22500014305115,up,2026-09-22T15:59:49,9.0,39.0
AAPL,2026-09-25,2,Put,335.0,AAPL260925P00335000,1.25,1.38,1.315,1.32,-0.48,-26.6667,8704.0,5936.0,0.2619,-0.2697,0.0409,0.1024,-0.47,-0.0108,1.3392,1.47,1.83,0.76,1.80000001192093,down,2026-09-22T15:59:59,71.0,28.0
AAPL,2026-09-25,2,Call,337.5,AAPL260925C00337500,4.3,4.9,4.6,4.6,0.05,1.0989,3086.0,9769.0,0.2642,0.6242,0.0477,0.1175,-0.541,0.0284,4.5058,5.05,9.01,4.25,4.54999995231628,no_change,2026-09-22T15:59:50,32.0,265.0
AAPL,2026-09-25,2,Put,337.5,AAPL260925P00337500,2.05,2.16,2.105,2.05,-0.6,-22.6415,4305.0,1567.0,0.2568,-0.379,0.0483,0.1176,-0.548,-0.0141,2.0981,2.23,2.77,1.14,2.64999997615814,down,2026-09-22T15:59:55,1.0,16.0
AAPL,2026-09-25,2,Call,340.0,AAPL260925C00340000,3.0,3.15,3.075,3.0,-0.175,-5.51181,13452.0,16972.0,0.2524,0.5007,0.051,0.1233,-0.5656,0.0229,3.0687,3.65,7.2,2.86,3.17500007152557,down,2026-09-22T15:59:48,17.0,1.0
AAPL,2026-09-25,2,Put,340.0,AAPL260925P00340000,3.05,3.25,3.15,3.08,-0.72,-18.9474,11817.0,4101.0,0.2504,-0.5042,0.0517,0.123,-0.5739,-0.0169,3.1695,3.35,3.95,1.73,3.80000007152557,down,2026-09-22T15:59:57,9.0,102.0
AAPL,2026-09-25,2,Call,342.5,AAPL260925C00342500,1.95,2.07,2.01,2.07,-0.075,-3.4965,21984.0,12744.0,0.2529,0.3748,0.049,0.1174,-0.5255,0.0171,1.9694,2.44,5.39,1.8,2.14499998092651,up,2026-09-22T15:59:56,38.0,13.0
AAPL,2026-09-25,2,Put,342.5,AAPL260925P00342500,4.45,4.7,4.575,4.6,-0.625,-11.9617,3989.0,1448.0,0.2509,-0.6318,0.0496,0.116,-0.5334,-0.0186,4.583,4.28,5.28,2.5,5.22500014305115,up,2026-09-22T15:59:56,4.0,4.0
AAPL,2026-09-25,2,Call,345.0,AAPL260925C00345000,1.19,1.25,1.22,1.23,-0.125,-9.22509,28480.0,9900.0,0.2509,0.2614,0.0421,0.1011,-0.4336,0.012,1.1944,1.57,4.0,1.07,1.35500001907349,no_change,2026-09-22T15:59:55,26.0,1.0
AAPL,2026-09-25,2,Put,345.0,AAPL260925P00345000,6.15,6.55,6.35,6.45,-0.525,-7.52688,2367.0,2089.0,0.2514,-0.7468,0.0426,0.0997,-0.4394,-0.0211,6.3249,4.22,7.13,3.56,6.97500014305115,up,2026-09-22T15:59:09,15.0,15.0
AAPL,2026-09-25,2,Call,347.5,AAPL260925C00347500,0.65,0.78,0.7150000000000001,0.7,-0.125,-15.1515,19376.0,4658.0,0.2533,0.1708,0.0327,0.0794,-0.3208,0.0078,0.6902,0.96,2.86,0.62,0.824999988079071,no_change,2026-09-22T15:59:59,1.0,1.0
AAPL,2026-09-25,2,Put,347.5,AAPL260925P00347500,8.1,8.75,8.425,8.3,-0.65,-7.26257,376.0,2473.0,0.261,-0.8384,0.033,0.0764,-0.3234,-0.0196,8.3416,6.75,8.95,5.0,8.9500002861023,no_change,2026-09-22T15:54:10,18.0,8.0
AAPL,2026-09-25,2,Call,350.0,AAPL260925C00350000,0.39,0.43,0.41000000000000003,0.42,-0.07,-14.2857,28475.0,21178.0,0.2567,0.1058,0.0232,0.0577,-0.2169,0.0048,0.3852,0.6,1.87,0.34,0.489999994635582,down,2026-09-22T15:59:59,4.0,313.0
AAPL,2026-09-25,2,Put,350.0,AAPL260925P00350000,9.9,11.05,10.475000000000001,10.65,-0.475,-4.26966,2165.0,1199.0,0.236,-0.9041,0.0236,0.0527,-0.2158,-0.0162,10.5578,10.15,11.0,6.35,11.125,no_change,2026-09-22T15:55:00,112.0,15.0
AAPL,2026-09-25,2,Call,352.5,AAPL260925C00352500,0.2,0.22,0.21000000000000002,0.22,-0.055,-20.0,6904.0,7883.0,0.2575,0.0633,0.0155,0.0396,-0.1379,0.0029,0.212,0.35,1.23,0.19,0.275000005960464,no_change,2026-09-22T15:59:59,111.0,64.0
AAPL,2026-09-25,2,Put,352.5,AAPL260925P00352500,11.95,13.55,12.75,12.3,-1.45,-10.5455,4.0,47.0,0.0,-0.9473,0.016,0.0348,-0.1336,-0.0143,12.9053,9.95,12.3,9.95,13.75,up,2026-09-22T15:42:55,149.0,19.0
AAPL,2026-09-25,2,Call,355.0,AAPL260925C00355000,0.11,0.12,0.11499999999999999,0.11,-0.045,-29.0323,8429.0,6425.0,0.2637,0.0376,0.0099,0.0264,-0.0855,0.0017,0.1183,0.18,0.83,0.11,0.155000001192093,no_change,2026-09-22T15:59:19,49.0,1330.0
AAPL,2026-09-25,2,Put,355.0,AAPL260925P00355000,14.1,16.45,15.274999999999999,13.4,-2.725,-16.8992,8.0,18.0,0.0,-0.9733,0.0101,0.0193,-0.0837,-0.0074,15.3331,14.35,14.35,12.26,16.1250004768372,up,2026-09-22T13:18:54,122.0,28.0
AAPL,2026-09-25,2,Call,357.5,AAPL260925C00357500,0.05,0.08,0.065,0.07,-0.015,-17.6471,1068.0,978.0,0.2687,0.0229,0.0064,0.0176,-0.0538,0.001,0.0692,0.1,0.47,0.06,0.0850000008940697,no_change,2026-09-22T15:59:57,109.0,9.0
AAPL,2026-09-25,2,Put,357.5,AAPL260925P00357500,16.15,19.55,17.85,0.0,0.0,0.0,0.0,0.0,0.3089,-0.9872,0.0058,0.0096,-0.0587,-0.0044,17.8025,0.0,0.0,0.0,18.875,no_change,,110.0,13.0
AAPL,2026-09-25,2,Call,360.0,AAPL260925C00360000,0.04,0.05,0.045,0.04,-0.005,-11.1111,7474.0,10705.0,0.288,0.0146,0.0042,0.0121,-0.0355,0.0006,0.0433,0.05,0.29,0.04,0.0449999999254942,down,2026-09-22T15:57:54,10.0,14.0
AAPL,2026-09-25,2,Put,360.0,AAPL260925P00360000,18.65,21.95,20.299999999999997,21.5,0.0,0.0,0.0,14.0,0.3024,-0.994,0.0031,0.0049,-0.0479,-0.0022,20.2905,0.0,0.0,0.0,20.75,up,2026-09-21T13:39:06,105.0,10.0
AAPL,2026-09-25,2,Call,362.5,AAPL260925C00362500,0.02,0.06,0.04,0.04,0.02,100.0,342.0,98.0,0.3127,0.0099,0.0028,0.0086,-0.0248,0.0004,0.0293,0.1,0.15,0.03,0.0199999995529652,no_change,2026-09-22T15:53:28,3.0,69.0
AAPL,2026-09-25,2,Put,362.5,AAPL260925P00362500,21.2,24.6,22.9,0.0,0.0,0.0,0.0,0.0,0.4013,-0.9971,0.0017,0.003,-0.0434,-0.0009,22.7857,0.0,0.0,0.0,23.7749996185303,no_change,,124.0,20.0
AAPL,2026-09-25,2,Call,365.0,AAPL260925C00365000,0.01,0.04,0.025,0.02,0.005,33.3333,246.0,2736.0,0.3222,0.007,0.002,0.0064,-0.0183,0.0003,0.021,0.03,0.09,0.01,0.0149999996647239,no_change,2026-09-22T15:55:00,20.0,21.0
AAPL,2026-09-25,2,Put,365.0,AAPL260925P00365000,23.7,27.0,25.35,28.7,0.0,0.0,0.0,0.0,0.4087,-0.9985,0.0009,0.0014,-0.0418,-0.0008,25.2841,0.0,0.0,0.0,26.3000001907349,up,2026-09-18T15:39:12,106.0,30.0
AAPL,2026-09-25,2,Call,370.0,AAPL260925C00370000,0.0,0.01,0.005,0.01,0.005,100.0,210.0,2041.0,0.3198,0.004,0.0011,0.0038,-0.011,0.0002,0.0122,0.01,0.03,0.01,0.00499999988824129,down,2026-09-22T15:58:44,0.0,1.0
AAPL,2026-09-25,2,Put,370.0,AAPL260925P00370000,28.65,32.0,30.325,37.2,0.0,0.0,0.0,0.0,0.451,-0.9995,0.0003,0.0004,-0.0407,-0.0002,30.2829,0.0,0.0,0.0,31.3250007629394,up,2026-09-16T11:51:13,115.0,13.0
AAPL,2026-09-25,2,Call,375.0,AAPL260925C00375000,0.0,0.02,0.01,0.01,0.0,2.23517e-06,106.0,1073.0,0.3892,0.0024,0.0006,0.0025,-0.0071,0.0001,0.0078,0.01,0.01,0.01,0.00999999977648258,no_change,2026-09-22T11:02:49,0.0,23.0
AAPL,2026-09-25,2,Put,375.0,AAPL260925P00375000,33.7,37.1,35.400000000000006,38.91,0.0,0.0,0.0,0.0,0.5658,-0.9998,0.0001,0.0001,-0.0404,0.0,35.2826,0.0,0.0,0.0,36.1000003814697,up,2026-09-18T15:48:00,111.0,12.0
AAPL,2026-09-25,2,Call,380.0,AAPL260925C00380000,0.0,0.01,0.005,0.01,0.005,100.0,5.0,531.0,0.41,0.0016,0.0004,0.0016,-0.0048,0.0001,0.0052,0.01,0.01,0.01,0.00499999988824129,no_change,2026-09-22T10:05:39,0.0,5.0
AAPL,2026-09-25,2,Put,380.0,AAPL260925P00380000,38.7,42.1,40.400000000000006,43.93,0.0,0.0,0.0,0.0,0.6278,-1.0,0.0,0.0001,-0.0403,0.0,40.2825,0.0,0.0,0.0,41.1000003814697,up,2026-09-18T15:48:00,101.0,15.0
AAPL,2026-09-25,2,Call,385.0,AAPL260925C00385000,0.0,0.01,0.005,0.01,0.005,100.0,2.0,143.0,0.4536,0.001,0.0002,0.0011,-0.0033,0.0,0.0035,0.01,0.01,0.01,0.00499999988824129,down,2026-09-22T10:43:07,0.0,50.0
AAPL,2026-09-25,2,Put,385.0,AAPL260925P00385000,43.7,47.05,45.375,64.24,0.0,0.0,0.0,0.0,0.671,-1.0,0.0,0.0,-0.0403,0.0,45.2824,0.0,0.0,0.0,46.3500003814697,up,2026-09-04T15:02:32,115.0,12.0
AAPL,2026-09-25,2,Call,390.0,AAPL260925C00390000,0.0,0.02,0.01,0.03,0.025,500.0,1.0,105.0,0.5269,0.0007,0.0002,0.0008,-0.0024,0.0,0.0025,0.03,0.03,0.03,0.00499999988824129,down,2026-09-22T11:28:56,0.0,1.0
AAPL,2026-09-25,2,Put,390.0,AAPL260925P00390000,48.7,52.05,50.375,54.0,0.0,0.0,0.0,0.0,0.7288,-1.0,0.0,0.0,-0.0403,0.0,50.2824,0.0,0.0,0.0,51.1750011444092,no_change,2026-09-18T15:57:01,105.0,17.0
AAPL,2026-09-25,2,Call,395.0,AAPL260925C00395000,0.0,0.02,0.01,0.02,0.01,100.0,1.0,67.0,0.5709,0.0005,0.0001,0.0006,-0.0018,0.0,0.0018,0.02,0.02,0.02,0.00999999977648258,down,2026-09-22T11:28:56,0.0,1.0
AAPL,2026-09-25,2,Put,395.0,AAPL260925P00395000,53.7,57.05,55.375,0.0,0.0,0.0,0.0,0.0,0.7852,-1.0,0.0,0.0,-0.0403,0.0,55.2824,0.0,0.0,0.0,56.1999988555908,no_change,,113.0,26.0
AAPL,2026-09-25,2,Call,400.0,AAPL260925C00400000,0.0,0.01,0.005,0.01,0.0,0.0,0.0,359.0,1.0067,0.0004,0.0001,0.0004,-0.0013,0.0,0.0014,0.0,0.0,0.0,0.00499999988824129,no_change,2026-09-21T14:57:07,0.0,3.0
AAPL,2026-09-25,2,Put,400.0,AAPL260925P00400000,58.65,62.05,60.349999999999994,0.0,0.0,0.0,0.0,0.0,0.8148,-1.0,0.0,0.0,-0.0403,0.0,60.2824,0.0,0.0,0.0,61.3250007629394,no_change,,111.0,17.0
AAPL,2026-09-25,2,Call,405.0,AAPL260925C00405000,0.0,0.01,0.005,0.01,0.0,0.0,0.0,18.0,0.6193,0.0003,0.0001,0.0003,-0.001,0.0,0.001,0.0,0.0,0.0,0.00499999988824129,down,2026-09-17T10:39:10,0.0,1.0
AAPL,2026-09-25,2,Put,405.0,AAPL260925P00405000,63.7,67.1,65.4,0.0,0.0,0.0,0.0,0.0,0.9154,-1.0,0.0,0.0,-0.0403,0.0,65.2824,0.0,0.0,0.0,66.0,no_change,,142.0,18.0
AAPL,2026-09-25,2,Call,410.0,AAPL260925C00410000,0.0,0.01,0.005,0.01,0.0,0.0,0.0,25.0,0.6588,0.0002,0.0,0.0002,-0.0008,0.0,0.0008,0.0,0.0,0.0,0.00499999988824129,no_change,2026-09-21T09:30:06,0.0,1000.0
AAPL,2026-09-25,2,Put,410.0,AAPL260925P00410000,68.7,72.05,70.375,0.0,0.0,0.0,0.0,0.0,0.947,-1.0,0.0,0.0,-0.0403,0.0,70.2824,0.0,0.0,0.0,70.9500007629394,no_change,,131.0,10.0
AAPL,2026-09-25,2,Call,415.0,AAPL260925C00415000,0.0,0.01,0.005,0.01,0.0,0.0,0.0,136.0,0.6976,0.0001,0.0,0.0002,-0.0006,0.0,0.0006,0.0,0.0,0.0,0.00499999988824129,no_change,2026-09-18T09:30:01,0.0,500.0
AAPL,2026-09-25,2,Put,415.0,AAPL260925P00415000,73.65,77.1,75.375,0.0,0.0,0.0,0.0,0.0,0.9987,-1.0,0.0,0.0,-0.0403,0.0,75.2824,0.0,0.0,0.0,76.0499992370606,no_change,,161.0,20.0
AAPL,2026-09-28,5,Call,245.0,AAPL260928C00245000,93.25,96.8,95.025,0.0,0.0,0.0,0.0,0.0,1.1092,0.9997,0.0,0.0004,0.0,0.0402,94.8802,0.0,0.0,0.0,94.75,no_change,,108.0,10.0
AAPL,2026-09-28,5,Put,245.0,AAPL260928P00245000,0.0,0.51,0.255,0.0,0.0,0.0,0.0,0.0,1.195,-0.0003,0.0,0.0004,-0.0016,0.0,0.002,0.0,0.0,0.0,0.540000021457672,no_change,,0.0,9.0
AAPL,2026-09-28,5,Call,250.0,AAPL260928C00250000,88.15,91.65,89.9,80.46,0.0,0.0,0.0,1.0,0.8356,0.9996,0.0,0.0005,0.0,0.041,89.8844,0.0,0.0,0.0,89.7000007629394,up,2026-09-15T11:21:04,105.0,10.0
AAPL,2026-09-28,5,Put,250.0,AAPL260928P00250000,0.0,0.5,0.25,0.14,0.0,0.0,0.0,1.0,1.1267,-0.0003,0.0,0.0005,-0.0019,0.0,0.0025,0.0,0.0,0.0,1.06500005722046,up,2026-09-15T12:04:53,0.0,4.0
AAPL,2026-09-28,5,Call,255.0,AAPL260928C00255000,83.05,86.85,84.94999999999999,0.0,0.0,0.0,0.0,0.0,0.8939,0.9995,0.0,0.0007,0.0,0.0418,84.8887,0.0,0.0,0.0,84.5999984741211,no_change,,133.0,10.0
AAPL,2026-09-28,5,Put,255.0,AAPL260928P00255000,0.0,0.5,0.25,0.12,0.0,0.0,0.0,2.0,0.9947,-0.0004,0.0,0.0007,-0.0024,0.0,0.0031,0.0,0.0,0.0,1.06500005722046,no_change,2026-09-15T13:05:59,0.0,10.0
AAPL,2026-09-28,5,Call,260.0,AAPL260928C00260000,78.1,81.85,79.975,0.0,0.0,0.0,0.0,0.0,0.8676,0.9994,0.0001,0.0009,0.0,0.0426,79.8932,0.0,0.0,0.0,79.75,no_change,,135.0,6.0
AAPL,2026-09-28,5,Put,260.0,AAPL260928P00260000,0.0,0.5,0.25,0.0,0.0,0.0,0.0,0.0,0.9996,-0.0006,0.0001,0.0009,-0.0029,0.0,0.0039,0.0,0.0,0.0,1.06500005722046,no_change,,0.0,10.0
AAPL,2026-09-28,5,Call,265.0,AAPL260928C00265000,73.05,76.7,74.875,71.13,0.0,0.0,0.0,5.0,0.0,0.9992,0.0001,0.0011,0.0,0.0435,74.8979,0.0,0.0,0.0,74.7750015258789,up,2026-09-18T11:25:17,106.0,10.0
AAPL,2026-09-28,5,Put,265.0,AAPL260928P00265000,0.0,0.31,0.155,0.04,0.0,0.0,0.0,1.0,0.876,-0.0007,0.0001,0.0011,-0.0037,0.0,0.005,0.0,0.0,0.0,1.06500005722046,down,2026-09-16T10:47:37,0.0,10.0
AAPL,2026-09-28,5,Call,270.0,AAPL260928C00270000,68.15,71.7,69.92500000000001,65.16,0.0,0.0,0.0,3.0,0.6698,0.999,0.0001,0.0015,0.0,0.0443,69.903,0.0,0.0,0.0,69.75,down,2026-09-18T11:16:18,101.0,6.0
AAPL,2026-09-28,5,Put,270.0,AAPL260928P00270000,0.0,0.49,0.245,0.08,0.0,0.0,0.0,1.0,0.8733,-0.001,0.0001,0.0015,-0.0046,0.0,0.0064,0.0,0.0,0.0,1.06500005722046,down,2026-09-16T10:47:21,0.0,4.0
AAPL,2026-09-28,5,Call,275.0,AAPL260928C00275000,63.3,66.65,64.975,0.0,0.0,0.0,0.0,0.0,0.6918,0.9987,0.0002,0.0019,0.0,0.0451,64.9085,0.0,0.0,0.0,64.625,no_change,,125.0,11.0
AAPL,2026-09-28,5,Put,275.0,AAPL260928P00275000,0.0,0.47,0.235,0.06,0.0,0.0,0.0,2.0,0.8077,-0.0013,0.0002,0.0019,-0.0058,-0.0001,0.0082,0.0,0.0,0.0,1.06500005722046,down,2026-09-16T15:21:23,0.0,7.0
AAPL,2026-09-28,5,Call,280.0,AAPL260928C00280000,58.25,61.75,60.0,61.98,2.155,3.60217,1.0,4.0,0.6596,0.9982,0.0002,0.0025,0.0,0.0459,59.9147,61.98,61.98,61.98,59.8250007629394,up,2026-09-22T09:46:48,100.0,10.0
AAPL,2026-09-28,5,Put,280.0,AAPL260928P00280000,0.0,0.06,0.03,0.04,0.0,0.0,0.0,1.0,0.5766,-0.0017,0.0002,0.0025,-0.0073,-0.0001,0.0107,0.0,0.0,0.0,0.0750000029802322,down,2026-09-18T12:46:39,0.0,1.0
AAPL,2026-09-28,5,Call,285.0,AAPL260928C00285000,53.1,56.15,54.625,0.0,0.0,0.0,0.0,0.0,0.0,0.9976,0.0003,0.0033,-0.0023,0.0466,54.9218,0.0,0.0,0.0,54.8000011444092,no_change,,125.0,5.0
AAPL,2026-09-28,5,Put,285.0,AAPL260928P00285000,0.0,0.43,0.215,0.19,0.0,0.0,0.0,32.0,0.6796,-0.0024,0.0003,0.0033,-0.0093,-0.0001,0.0141,0.0,0.0,0.0,0.0799999982118606,no_change,2026-09-21T09:35:24,0.0,69.0
AAPL,2026-09-28,5,Call,290.0,AAPL260928C00290000,48.25,51.7,49.975,45.87,0.0,0.0,0.0,12.0,0.525,0.9967,0.0005,0.0044,-0.0056,0.0474,49.9302,0.0,0.0,0.0,49.8000011444092,up,2026-09-17T13:38:20,116.0,10.0
AAPL,2026-09-28,5,Put,290.0,AAPL260928P00290000,0.0,0.05,0.025,0.02,-0.01,-33.3333,14.0,9.0,0.4723,-0.0032,0.0005,0.0044,-0.012,-0.0002,0.0188,0.13,0.13,0.02,0.0299999993294477,down,2026-09-22T09:59:12,0.0,15.0
AAPL,2026-09-28,5,Call,295.0,AAPL260928C00295000,43.1,46.0,44.55,0.0,0.0,0.0,0.0,0.0,0.0,0.9954,0.0007,0.006,-0.0098,0.0482,44.9405,0.0,0.0,0.0,44.8250007629394,no_change,,115.0,1.0
AAPL,2026-09-28,5,Put,295.0,AAPL260928P00295000,0.0,0.03,0.015,0.02,-0.03,-60.0,15.0,25.0,0.4164,-0.0046,0.0007,0.006,-0.0155,-0.0002,0.0254,0.08,0.08,0.01,0.0500000016763806,no_change,2026-09-22T12:05:40,0.0,10.0
AAPL,2026-09-28,5,Call,297.5,AAPL260928C00297500,40.6,44.15,42.375,0.0,0.0,0.0,0.0,0.0,0.0,0.9945,0.0009,0.0071,-0.0123,0.0485,42.4466,0.0,0.0,0.0,42.3500003814697,no_change,,120.0,10.0
AAPL,2026-09-28,5,Put,297.5,AAPL260928P00297500,0.01,0.06,0.034999999999999996,0.04,0.0,2.23517e-06,4.0,6.0,0.4187,-0.0054,0.0009,0.0071,-0.0177,-0.0003,0.0297,0.07,0.07,0.01,0.0399999991059303,up,2026-09-22T13:15:28,85.0,20.0
AAPL,2026-09-28,5,Call,300.0,AAPL260928C00300000,38.35,41.8,40.075,42.05,2.425,6.11987,1.0,6.0,0.4818,0.9934,0.001,0.0083,-0.0152,0.0489,39.9537,42.05,42.05,42.05,39.625,up,2026-09-22T10:52:56,109.0,9.0
AAPL,2026-09-28,5,Put,300.0,AAPL260928P00300000,0.01,0.06,0.034999999999999996,0.05,-0.005,-9.09091,2.0,30.0,0.3952,-0.0065,0.001,0.0083,-0.0203,-0.0004,0.035,0.05,0.05,0.05,0.0549999997019768,no_change,2026-09-22T11:15:25,5.0,10.0
AAPL,2026-09-28,5,Call,302.5,AAPL260928C00302500,35.8,39.3,37.55,33.65,0.0,0.0,0.0,11.0,0.4414,0.9921,0.0013,0.0098,-0.0186,0.0492,37.4619,0.0,0.0,0.0,37.3500003814697,up,2026-09-18T11:24:47,101.0,13.0
AAPL,2026-09-28,5,Put,302.5,AAPL260928P00302500,0.01,0.1,0.055,0.07,0.0,0.0,0.0,5.0,0.3924,-0.0078,0.0013,0.0098,-0.0233,-0.0004,0.0414,0.0,0.0,0.0,0.0549999997019768,down,2026-09-21T15:09:25,28.0,39.0
AAPL,2026-09-28,5,Call,305.0,AAPL260928C00305000,33.3,36.8,35.05,38.31,3.435,9.84946,2.0,14.0,0.4137,0.9904,0.0016,0.0116,-0.0224,0.0495,34.9715,38.31,38.31,38.31,34.875,up,2026-09-22T11:34:25,108.0,10.0
AAPL,2026-09-28,5,Put,305.0,AAPL260928P00305000,0.01,0.08,0.045,0.05,-0.015,-23.0769,5.0,27.0,0.3588,-0.0095,0.0016,0.0116,-0.0269,-0.0005,0.0491,0.1,0.1,0.04,0.0650000004097819,up,2026-09-22T10:45:42,5.0,10.0
AAPL,2026-09-28,5,Call,307.5,AAPL260928C00307500,30.65,34.3,32.474999999999994,30.55,0.0,0.0,0.0,14.0,0.34,0.9883,0.002,0.0139,-0.027,0.0498,32.483,0.0,0.0,0.0,32.3999996185303,up,2026-09-21T11:50:48,103.0,8.0
AAPL,2026-09-28,5,Put,307.5,AAPL260928P00307500,0.03,0.11,0.07,0.04,-0.065,-61.9048,4.0,11.0,0.3547,-0.0117,0.002,0.0139,-0.0311,-0.0006,0.0588,0.11,0.11,0.04,0.105000000447035,down,2026-09-22T13:07:30,32.0,48.0
AAPL,2026-09-28,5,Call,310.0,AAPL260928C00310000,28.8,31.8,30.3,27.0,0.0,0.0,0.0,8.0,0.4358,0.9856,0.0025,0.0167,-0.0324,0.0501,29.9971,0.0,0.0,0.0,29.5249996185303,up,2026-09-21T10:52:52,113.0,10.0
AAPL,2026-09-28,5,Put,310.0,AAPL260928P00310000,0.03,0.1,0.065,0.07,-0.035,-33.3333,57.0,118.0,0.3263,-0.0144,0.0025,0.0167,-0.0362,-0.0008,0.0711,0.11,0.11,0.03,0.105000000447035,up,2026-09-22T15:57:37,8.0,14.0
AAPL,2026-09-28,5,Call,312.5,AAPL260928C00312500,25.9,29.3,27.6,23.09,0.0,0.0,0.0,27.0,0.3502,0.982,0.0032,0.0201,-0.039,0.0503,27.5148,0.0,0.0,0.0,27.0499992370605,down,2026-09-18T11:18:31,102.0,10.0
AAPL,2026-09-28,5,Put,312.5,AAPL260928P00312500,0.01,0.1,0.055,0.06,-0.035,-36.8421,2.0,31.0,0.2947,-0.018,0.0032,0.0202,-0.0425,-0.001,0.087,0.11,0.11,0.06,0.0949999978765845,down,2026-09-22T10:58:29,5.0,35.0
AAPL,2026-09-28,5,Call,315.0,AAPL260928C00315000,23.4,25.7,24.549999999999997,26.21,1.585,6.43655,1.0,14.0,0.0,0.9771,0.0041,0.0247,-0.0472,0.0504,25.0382,26.21,26.21,26.21,24.625,up,2026-09-22T09:58:17,103.0,9.0
AAPL,2026-09-28,5,Put,315.0,AAPL260928P00315000,0.07,0.13,0.1,0.11,-0.055,-33.3333,53.0,141.0,0.297,-0.0229,0.0041,0.0247,-0.0504,-0.0012,0.1085,0.17,0.24,0.08,0.16499999910593,no_change,2026-09-22T15:53:53,69.0,10.0
AAPL,2026-09-28,5,Call,317.5,AAPL260928C00317500,20.9,23.55,22.225,20.64,0.0,0.0,0.0,1.0,0.0,0.9703,0.0054,0.0306,-0.0578,0.0505,22.5703,0.0,0.0,0.0,22.0500001907349,down,2026-09-21T12:00:24,110.0,10.0
AAPL,2026-09-28,5,Put,317.5,AAPL260928P00317500,0.11,0.19,0.15,0.15,-0.1,-40.0,37.0,48.0,0.2872,-0.0297,0.0054,0.0306,-0.0607,-0.0016,0.1389,0.17,0.17,0.12,0.25,up,2026-09-22T14:32:39,58.0,40.0
AAPL,2026-09-28,5,Call,320.0,AAPL260928C00320000,18.55,21.8,20.175,22.61,3.06,15.6522,17.0,263.0,0.284,0.9605,0.0072,0.0386,-0.072,0.0503,20.1168,20.85,23.43,20.85,19.5500001907349,down,2026-09-22T13:00:04,136.0,27.0
AAPL,2026-09-28,5,Put,320.0,AAPL260928P00320000,0.12,0.25,0.185,0.17,-0.175,-50.7246,62.0,576.0,0.2697,-0.0395,0.0072,0.0386,-0.0746,-0.0021,0.1835,0.22,0.27,0.12,0.344999998807907,down,2026-09-22T15:50:40,96.0,92.0
AAPL,2026-09-28,5,Call,322.5,AAPL260928C00322500,16.1,18.7,17.4,18.62,1.495,8.72993,1.0,27.0,0.0,0.946,0.0097,0.0494,-0.0913,0.0499,17.6869,18.62,18.62,18.62,17.125,up,2026-09-22T10:02:24,120.0,10.0
AAPL,2026-09-28,5,Put,322.5,AAPL260928P00322500,0.2,0.29,0.245,0.37,-0.045,-10.8434,31.0,213.0,0.255,-0.054,0.0097,0.0495,-0.0936,-0.0029,0.2519,0.21,0.37,0.21,0.415000006556511,up,2026-09-22T15:59:14,39.0,52.0
AAPL,2026-09-28,5,Call,325.0,AAPL260928C00325000,13.75,16.35,15.05,16.11,1.185,7.9397,7.0,54.0,0.1932,0.9244,0.0132,0.0639,-0.1172,0.0491,15.2959,14.9,18.17,14.9,14.9249997138977,down,2026-09-22T15:32:51,117.0,10.0
AAPL,2026-09-28,5,Put,325.0,AAPL260928P00325000,0.34,0.4,0.37,0.37,-0.16,-30.1887,299.0,750.0,0.2469,-0.0756,0.0132,0.064,-0.1193,-0.0041,0.3592,0.34,0.5,0.26,0.530000001192093,no_change,2026-09-22T15:59:49,141.0,157.0
AAPL,2026-09-28,5,Call,327.5,AAPL260928C00327500,11.7,13.65,12.675,12.7,0.2,1.6,41.0,3.0,0.1926,0.8926,0.0179,0.0825,-0.1509,0.0478,12.9667,15.7,15.7,12.7,12.5,down,2026-09-22T15:57:20,186.0,10.0
AAPL,2026-09-28,5,Put,327.5,AAPL260928P00327500,0.5,0.55,0.525,0.54,-0.255,-32.0755,240.0,254.0,0.2352,-0.1075,0.0179,0.0826,-0.1528,-0.0058,0.5285,0.49,0.68,0.35,0.7950000166893,down,2026-09-22T15:59:51,8.0,13.0
AAPL,2026-09-28,5,Call,330.0,AAPL260928C00330000,10.0,11.05,10.525,10.35,-0.15,-1.42857,26.0,338.0,0.2065,0.847,0.0236,0.1047,-0.1917,0.0456,10.7318,15.02,15.23,10.35,10.5,down,2026-09-22T15:57:20,145.0,38.0
AAPL,2026-09-28,5,Put,330.0,AAPL260928P00330000,0.75,0.81,0.78,0.8,-0.265,-24.8826,430.0,598.0,0.2265,-0.1532,0.0237,0.1048,-0.1935,-0.0082,0.7923,0.86,1.12,0.51,1.06499999761581,up,2026-09-22T15:59:52,62.0,33.0
AAPL,2026-09-28,5,Call,332.5,AAPL260928C00332500,7.75,9.35,8.55,7.5,-0.95,-11.2426,36.0,378.0,0.2148,0.7848,0.0301,0.1288,-0.2361,0.0424,8.6331,9.5,12.77,7.5,8.44999980926514,down,2026-09-22T15:56:13,20.0,12.0
AAPL,2026-09-28,5,Put,332.5,AAPL260928P00332500,1.14,1.29,1.2149999999999999,1.25,-0.315,-20.1278,367.0,263.0,0.2231,-0.2157,0.0302,0.1289,-0.2377,-0.0115,1.1927,1.26,1.51,0.7,1.56499999761581,no_change,2026-09-22T15:56:44,8.0,28.0
AAPL,2026-09-28,5,Call,335.0,AAPL260928C00335000,6.3,7.25,6.775,6.58,-0.145,-2.15613,258.0,684.0,0.21,0.7048,0.0364,0.1513,-0.2773,0.0383,6.7192,8.01,11.85,6.3,6.72499990463257,no_change,2026-09-22T15:58:05,28.0,1.0
AAPL,2026-09-28,5,Put,335.0,AAPL260928P00335000,1.71,1.83,1.77,1.71,-0.57,-25.0,794.0,426.0,0.2158,-0.2959,0.0365,0.1516,-0.2789,-0.0155,1.7784,1.85,2.24,1.08,2.27999997138977,no_change,2026-09-22T15:59:52,10.0,38.0
AAPL,2026-09-28,5,Call,337.5,AAPL260928C00337500,4.8,5.2,5.0,5.1,0.05,0.9901,229.0,417.0,0.2102,0.609,0.0412,0.1678,-0.3065,0.0332,5.0384,5.75,9.0,4.8,5.04999995231628,no_change,2026-09-22T15:59:05,20.0,10.0
AAPL,2026-09-28,5,Put,337.5,AAPL260928P00337500,2.4,2.67,2.535,2.67,-0.41,-13.3117,605.0,411.0,0.2088,-0.3921,0.0414,0.1678,-0.308,-0.0205,2.5983,2.75,3.45,1.51,3.08000004291534,up,2026-09-22T15:59:58,10.0,10.0
AAPL,2026-09-28,5,Call,340.0,AAPL260928C00340000,3.55,3.95,3.75,3.7,0.05,1.36986,2044.0,1178.0,0.2097,0.5032,0.0434,0.1741,-0.3158,0.0275,3.6286,4.1,7.5,3.4,3.64999997615814,no_change,2026-09-22T15:59:59,35.0,33.0
AAPL,2026-09-28,5,Put,340.0,AAPL260928P00340000,3.55,3.8,3.675,3.7,-0.55,-12.9412,1070.0,371.0,0.209,-0.4985,0.0437,0.1739,-0.3175,-0.0252,3.6902,3.65,4.35,2.18,4.25,down,2026-09-22T15:59:55,47.0,53.0
AAPL,2026-09-28,5,Call,342.5,AAPL260928C00342500,2.4,2.69,2.545,2.46,-0.13,-5.01931,3487.0,1574.0,0.2106,0.3959,0.0422,0.1684,-0.3018,0.0216,2.5076,2.87,5.6,2.34,2.5900000333786,up,2026-09-22T15:58:31,43.0,43.0
AAPL,2026-09-28,5,Put,342.5,AAPL260928P00342500,4.9,5.4,5.15,5.25,-0.575,-9.87125,704.0,38.0,0.213,-0.6068,0.0427,0.1679,-0.3043,-0.03,5.0732,3.6,5.75,3.12,5.82500004768372,up,2026-09-22T15:56:44,6.0,17.0
AAPL,2026-09-28,5,Call,345.0,AAPL260928C00345000,1.6,1.75,1.675,1.65,-0.115,-6.51558,2555.0,449.0,0.2086,0.2964,0.0379,0.1517,-0.2674,0.0162,1.666,1.95,4.4,1.54,1.76500004529953,down,2026-09-22T15:59:57,10.0,9.0
AAPL,2026-09-28,5,Put,345.0,AAPL260928P00345000,6.5,7.35,6.925,6.5,-0.775,-10.6529,168.0,23.0,0.2204,-0.7078,0.0386,0.15,-0.2715,-0.032,6.7381,6.17,6.5,4.1,7.27500009536743,up,2026-09-22T15:44:07,45.0,65.0
AAPL,2026-09-28,5,Call,347.5,AAPL260928C00347500,1.03,1.13,1.08,1.06,-0.1,-8.62069,3269.0,233.0,0.2096,0.2117,0.0316,0.1278,-0.2208,0.0116,1.0697,1.55,3.3,0.9,1.16000002622604,no_change,2026-09-22T15:59:27,1.0,37.0
AAPL,2026-09-28,5,Put,347.5,AAPL260928P00347500,7.3,9.65,8.475,7.25,-2.325,-24.282,61.0,16.0,0.234,-0.7946,0.0326,0.1252,-0.227,-0.0338,8.6532,7.15,7.25,6.35,9.5750002861023,no_change,2026-09-22T13:35:45,12.0,59.0
AAPL,2026-09-28,5,Call,350.0,AAPL260928C00350000,0.64,0.71,0.675,0.66,-0.09,-12.0,10699.0,3745.0,0.2108,0.1454,0.0247,0.1017,-0.1716,0.0079,0.6696,0.9,2.34,0.6,0.75,down,2026-09-22T15:59:37,18.0,42.0
AAPL,2026-09-28,5,Put,350.0,AAPL260928P00350000,9.75,12.65,11.2,8.6,-2.825,-24.7265,15.0,1.0,0.2539,-0.8631,0.0258,0.0978,-0.1793,-0.0307,10.7682,8.6,8.6,8.6,11.4249997138977,down,2026-09-22T12:55:41,163.0,24.0
AAPL,2026-09-28,5,Call,352.5,AAPL260928C00352500,0.37,0.45,0.41000000000000003,0.32,-0.14,-30.4348,909.0,135.0,0.2134,0.0972,0.0183,0.0772,-0.1274,0.0053,0.414,0.49,1.53,0.32,0.459999993443489,down,2026-09-22T15:58:32,28.0,13.0
AAPL,2026-09-28,5,Put,352.5,AAPL260928P00352500,12.0,14.6,13.3,10.7,-2.975,-21.755,5.0,27.0,0.2482,-0.9137,0.0194,0.0692,-0.1345,-0.027,13.0337,10.7,10.7,10.7,13.6750001907349,down,2026-09-22T12:55:08,114.0,15.0
AAPL,2026-09-28,5,Call,355.0,AAPL260928C00355000,0.24,0.27,0.255,0.26,-0.02,-7.14286,1966.0,110.0,0.2172,0.0641,0.0131,0.0569,-0.092,0.0035,0.2568,0.31,1.16,0.25,0.280000001192093,no_change,2026-09-22T15:59:54,86.0,33.0
AAPL,2026-09-28,5,Put,355.0,AAPL260928P00355000,14.1,16.55,15.325,14.0,-2.225,-13.7134,1.0,3.0,0.197,-0.9489,0.0144,0.0468,-0.0963,-0.0228,15.3998,14.0,14.0,14.0,16.2249994277954,down,2026-09-22T14:40:11,128.0,13.0
AAPL,2026-09-28,5,Call,357.5,AAPL260928C00357500,0.14,0.22,0.18,0.15,-0.065,-30.2326,2493.0,24.0,0.2289,0.0425,0.0092,0.0414,-0.0661,0.0023,0.1628,0.34,0.75,0.15,0.215000003576279,down,2026-09-22T15:55:00,64.0,99.0
AAPL,2026-09-28,5,Put,357.5,AAPL260928P00357500,16.2,19.45,17.825,16.2,-2.675,-14.1722,10.0,0.0,0.222,-0.9724,0.0102,0.0292,-0.0681,-0.0136,17.8309,16.2,16.2,16.2,18.875,no_change,2026-09-22T09:42:45,117.0,17.0
AAPL,2026-09-28,5,Call,360.0,AAPL260928C00360000,0.08,0.14,0.11000000000000001,0.1,0.005,5.26315,1351.0,2322.0,0.2331,0.0288,0.0064,0.0303,-0.048,0.0016,0.1071,0.14,0.44,0.09,0.0950000025331974,down,2026-09-22T15:53:48,24.0,12.0
AAPL,2026-09-28,5,Put,360.0,AAPL260928P00360000,18.7,21.95,20.325,18.6,-2.725,-12.7784,10.0,0.0,0.2464,-0.9864,0.0064,0.0161,-0.0522,-0.01,20.3006,18.6,18.6,18.6,21.3249998092651,no_change,2026-09-22T09:42:45,125.0,10.0
AAPL,2026-09-28,5,Call,362.5,AAPL260928C00362500,0.04,0.15,0.095,0.15,0.085,130.769,65.0,4.0,0.2504,0.0201,0.0046,0.0226,-0.0358,0.0011,0.0738,0.25,0.25,0.11,0.0650000013411045,up,2026-09-22T13:03:05,33.0,60.0
AAPL,2026-09-28,5,Put,362.5,AAPL260928P00362500,21.15,24.65,22.9,0.0,0.0,0.0,0.0,0.0,0.2974,-0.9937,0.0035,0.0072,-0.0452,-0.0042,22.7891,0.0,0.0,0.0,23.75,no_change,,112.0,17.0
AAPL,2026-09-28,5,Call,365.0,AAPL260928C00365000,0.02,0.05,0.035,0.06,0.03,100.0,135.0,11.0,0.2372,0.0146,0.0034,0.0173,-0.0277,0.0008,0.0535,0.04,0.1,0.04,0.0299999993294477,no_change,2026-09-22T15:19:04,5.0,6.0
AAPL,2026-09-28,5,Put,365.0,AAPL260928P00365000,23.7,27.05,25.375,34.5,0.0,0.0,0.0,3.0,0.3142,-0.9972,0.0018,0.0037,-0.0418,-0.0013,25.2847,0.0,0.0,0.0,26.375,no_change,2026-09-15T09:49:32,125.0,10.0
AAPL,2026-09-28,5,Call,370.0,AAPL260928C00370000,0.0,0.06,0.03,0.04,0.02,100.0,135.0,25.0,0.2767,0.0084,0.0019,0.0107,-0.0176,0.0004,0.031,0.03,0.11,0.02,0.0199999995529652,up,2026-09-22T15:45:16,0.0,20.0
AAPL,2026-09-28,5,Put,370.0,AAPL260928P00370000,28.7,32.0,30.35,0.0,0.0,0.0,0.0,0.0,0.3515,-0.9995,0.0004,0.0007,-0.0401,-0.0002,30.2827,0.0,0.0,0.0,31.2500009536743,no_change,,103.0,10.0
AAPL,2026-09-28,5,Call,375.0,AAPL260928C00375000,0.0,0.08,0.04,0.02,0.0,2.23517e-06,130.0,27.0,0.3198,0.0052,0.0012,0.007,-0.0121,0.0003,0.0199,0.03,0.04,0.02,0.0199999995529652,no_change,2026-09-22T14:17:45,0.0,37.0
AAPL,2026-09-28,5,Put,375.0,AAPL260928P00375000,33.7,37.1,35.400000000000006,0.0,0.0,0.0,0.0,0.0,0.4179,-0.9999,0.0001,0.0001,-0.0399,0.0,35.2824,0.0,0.0,0.0,36.2000007629394,no_change,,108.0,11.0
AAPL,2026-09-28,5,Call,380.0,AAPL260928C00380000,0.0,0.31,0.155,0.16,0.0,0.0,0.0,3.0,0.4285,0.0034,0.0007,0.0048,-0.0086,0.0002,0.0135,0.0,0.0,0.0,0.0799999982118606,down,2026-09-17T09:31:33,0.0,10.0
AAPL,2026-09-28,5,Put,380.0,AAPL260928P00380000,38.65,42.1,40.375,0.0,0.0,0.0,0.0,0.0,0.4525,-1.0,0.0,0.0,-0.0399,0.0,40.2824,0.0,0.0,0.0,41.2749996185303,no_change,,108.0,10.0
AAPL,2026-09-28,5,Call,385.0,AAPL260928C00385000,0.0,0.3,0.15,0.0,0.0,0.0,0.0,0.0,0.4681,0.0023,0.0005,0.0034,-0.0063,0.0001,0.0094,0.0,0.0,0.0,0.709999978542328,no_change,,0.0,8.0
AAPL,2026-09-28,5,Put,385.0,AAPL260928P00385000,43.65,47.1,45.375,0.0,0.0,0.0,0.0,0.0,0.4959,-1.0,0.0,0.0,-0.0399,0.0,45.2824,0.0,0.0,0.0,46.0499992370606,no_change,,140.0,7.0
AAPL,2026-09-28,5,Call,390.0,AAPL260928C00390000,0.0,0.25,0.125,0.0,0.0,0.0,0.0,0.0,0.4956,0.0016,0.0003,0.0025,-0.0047,0.0001,0.0068,0.0,0.0,0.0,1.06500005722046,no_change,,0.0,28.0
AAPL,2026-09-28,5,Put,390.0,AAPL260928P00390000,49.3,51.9,50.599999999999994,0.0,0.0,0.0,0.0,0.0,0.6172,-1.0,0.0,0.0,-0.0399,0.0,50.2824,0.0,0.0,0.0,51.0749988555908,no_change,,107.0,12.0
AAPL,2026-09-28,5,Call,395.0,AAPL260928C00395000,0.0,0.52,0.26,0.02,-1.045,-98.1221,1.0,0.0,0.5959,0.0012,0.0002,0.0018,-0.0036,0.0001,0.005,0.02,0.02,0.02,1.06500005722046,down,2026-09-22T11:04:33,0.0,15.0
AAPL,2026-09-28,5,Put,395.0,AAPL260928P00395000,53.7,57.15,55.425,0.0,0.0,0.0,0.0,0.0,0.6038,-1.0,0.0,0.0,-0.0399,0.0,55.2824,0.0,0.0,0.0,56.125,no_change,,125.0,10.0
AAPL,2026-09-28,5,Call,400.0,AAPL260928C00400000,0.0,0.52,0.26,0.0,0.0,0.0,0.0,0.0,0.637,0.0009,0.0002,0.0014,-0.0028,0.0,0.0037,0.0,0.0,0.0,1.06500005722046,no_change,,0.0,9.0
AAPL,2026-09-28,5,Put,400.0,AAPL260928P00400000,58.7,62.15,60.425,0.0,0.0,0.0,0.0,0.0,0.6454,-1.0,0.0,0.0,-0.0399,0.0,60.2824,0.0,0.0,0.0,61.1500015258789,no_change,,109.0,15.0
AAPL,2026-09-28,5,Call,405.0,AAPL260928C00405000,0.0,0.52,0.26,0.0,0.0,0.0,0.0,0.0,0.6772,0.0006,0.0001,0.001,-0.0022,0.0,0.0028,0.0,0.0,0.0,1.06500005722046,no_change,,0.0,4.0
AAPL,2026-09-28,5,Put,405.0,AAPL260928P00405000,63.7,67.15,65.42500000000001,0.0,0.0,0.0,0.0,0.0,0.686,-1.0,0.0,0.0,-0.0399,0.0,65.2824,0.0,0.0,0.0,66.2999992370606,no_change,,137.0,10.0
AAPL,2026-09-30,7,Call,245.0,AAPL260930C00245000,93.35,97.0,95.175,0.0,0.0,0.0,0.0,0.0,0.9933,0.9994,0.0,0.001,0.0,0.0536,94.9417,0.0,0.0,0.0,94.8499984741211,no_change,,113.0,6.0
AAPL,2026-09-30,7,Put,245.0,AAPL260930P00245000,0.0,0.49,0.245,0.03,0.0,0.0,0.0,0.0,0.9982,-0.0005,0.0,0.001,-0.0028,0.0,0.0047,0.0,0.0,0.0,1.06500005722046,down,2026-09-16T10:48:19,0.0,5.0
AAPL,2026-09-30,7,Call,250.0,AAPL260930C00250000,88.35,91.65,90.0,0.0,0.0,0.0,0.0,0.0,0.8138,0.9993,0.0001,0.0012,0.0,0.0546,89.9476,0.0,0.0,0.0,89.8499984741211,no_change,,129.0,10.0
AAPL,2026-09-30,7,Put,250.0,AAPL260930P00250000,0.0,0.48,0.24,0.03,0.0,0.0,0.0,2.0,0.9711,-0.0007,0.0001,0.0012,-0.0034,0.0,0.0057,0.0,0.0,0.0,1.06500005722046,down,2026-09-16T10:48:11,0.0,5.0
AAPL,2026-09-30,7,Call,255.0,AAPL260930C00255000,83.3,87.0,85.15,0.0,0.0,0.0,0.0,0.0,0.8611,0.9991,0.0001,0.0015,0.0,0.0557,84.9539,0.0,0.0,0.0,84.7999992370606,no_change,,98.0,11.0
AAPL,2026-09-30,7,Put,255.0,AAPL260930P00255000,0.0,0.48,0.24,0.07,0.0,0.0,0.0,4.0,0.916,-0.0009,0.0001,0.0015,-0.0041,-0.0001,0.007,0.0,0.0,0.0,1.06500005722046,down,2026-09-16T10:45:14,0.0,10.0
AAPL,2026-09-30,7,Call,260.0,AAPL260930C00260000,78.3,81.9,80.1,0.0,0.0,0.0,0.0,0.0,0.8059,0.9988,0.0001,0.0019,0.0,0.0568,79.9605,0.0,0.0,0.0,79.8249969482422,no_change,,92.0,5.0
AAPL,2026-09-30,7,Put,260.0,AAPL260930P00260000,0.0,0.47,0.235,0.03,0.0,0.0,0.0,4.0,0.859,-0.0011,0.0001,0.0019,-0.005,-0.0001,0.0087,0.0,0.0,0.0,1.06500005722046,down,2026-09-18T12:52:17,0.0,5.0
AAPL,2026-09-30,7,Call,265.0,AAPL260930C00265000,73.15,76.9,75.025,0.0,0.0,0.0,0.0,0.0,0.6856,0.9985,0.0002,0.0024,0.0,0.0579,74.9675,0.0,0.0,0.0,74.3999977111816,no_change,,125.0,6.0
AAPL,2026-09-30,7,Put,265.0,AAPL260930P00265000,0.0,0.46,0.23,0.04,0.0,0.0,0.0,54.0,0.8029,-0.0014,0.0002,0.0024,-0.006,-0.0001,0.0109,0.0,0.0,0.0,0.275000005960464,down,2026-09-18T15:54:38,0.0,5.0
AAPL,2026-09-30,7,Call,270.0,AAPL260930C00270000,68.15,71.75,69.95,67.87,0.0,0.0,0.0,9.0,0.0,0.9981,0.0002,0.003,0.0,0.059,69.9752,0.0,0.0,0.0,69.7999992370606,up,2026-09-17T15:50:42,110.0,13.0
AAPL,2026-09-30,7,Put,270.0,AAPL260930P00270000,0.0,0.44,0.22,0.05,0.0,0.0,0.0,6.0,0.7453,-0.0018,0.0002,0.003,-0.0074,-0.0001,0.0137,0.0,0.0,0.0,0.025000000372529,up,2026-09-21T14:22:22,0.0,33.0
AAPL,2026-09-30,7,Call,275.0,AAPL260930C00275000,63.15,66.65,64.9,0.0,0.0,0.0,0.0,0.0,0.0,0.9976,0.0003,0.0038,-0.0013,0.06,64.9837,0.0,0.0,0.0,64.6000003814697,no_change,,105.0,10.0
AAPL,2026-09-30,7,Put,275.0,AAPL260930P00275000,0.0,0.15,0.075,0.04,0.015,60.0,14.0,6.0,0.6002,-0.0024,0.0003,0.0038,-0.0091,-0.0002,0.0173,0.08,0.08,0.01,0.0249999994412065,no_change,2026-09-22T14:58:32,0.0,28.0
AAPL,2026-09-30,7,Call,280.0,AAPL260930C00280000,58.15,61.8,59.974999999999994,0.0,0.0,0.0,0.0,0.0,0.4137,0.9968,0.0004,0.0049,-0.004,0.061,59.9934,0.0,0.0,0.0,59.8999996185303,no_change,,102.0,13.0
AAPL,2026-09-30,7,Put,280.0,AAPL260930P00280000,0.0,0.04,0.02,0.08,0.055,220.0,3.0,264.0,0.4798,-0.0031,0.0004,0.0049,-0.0112,-0.0002,0.022,0.08,0.08,0.08,0.0249999994412065,no_change,2026-09-22T10:38:53,0.0,5.0
AAPL,2026-09-30,7,Call,285.0,AAPL260930C00285000,53.35,56.8,55.075,0.0,0.0,0.0,0.0,0.0,0.5278,0.9958,0.0005,0.0064,-0.0073,0.0621,55.0046,0.0,0.0,0.0,54.8500003814697,no_change,,106.0,11.0
AAPL,2026-09-30,7,Put,285.0,AAPL260930P00285000,0.0,0.05,0.025,0.04,0.015,60.0,6.0,9.0,0.4585,-0.0041,0.0005,0.0064,-0.0138,-0.0003,0.0284,0.07,0.07,0.04,0.0249999994412065,down,2026-09-22T11:56:50,0.0,23.0
AAPL,2026-09-30,7,Call,290.0,AAPL260930C00290000,48.35,52.05,50.2,46.4,0.0,0.0,0.0,1.0,0.4941,0.9944,0.0007,0.0083,-0.0113,0.063,50.0181,0.0,0.0,0.0,49.8999996185303,up,2026-09-18T14:59:12,134.0,1.0
AAPL,2026-09-30,7,Put,290.0,AAPL260930P00290000,0.01,0.16,0.085,0.03,-0.015,-33.3333,4.0,2.0,0.4724,-0.0056,0.0007,0.0083,-0.0172,-0.0004,0.0369,0.08,0.08,0.03,0.0449999989941716,no_change,2026-09-22T14:27:36,10.0,13.0
AAPL,2026-09-30,7,Call,295.0,AAPL260930C00295000,43.2,46.85,45.025000000000006,38.81,0.0,0.0,0.0,2.0,0.3882,0.9923,0.001,0.011,-0.0163,0.064,45.0348,0.0,0.0,0.0,44.9499988555908,down,2026-09-17T10:34:56,97.0,10.0
AAPL,2026-09-30,7,Put,295.0,AAPL260930P00295000,0.01,0.08,0.045,0.05,-0.01,-16.6667,2.0,104.0,0.3948,-0.0076,0.001,0.011,-0.0216,-0.0006,0.0487,0.08,0.08,0.05,0.0599999995902181,down,2026-09-22T11:55:55,10.0,14.0
AAPL,2026-09-30,7,Call,297.5,AAPL260930C00297500,41.0,44.35,42.675,0.0,0.0,0.0,0.0,0.0,0.4542,0.991,0.0012,0.0127,-0.0192,0.0644,42.5448,0.0,0.0,0.0,42.4499988555908,no_change,,126.0,9.0
AAPL,2026-09-30,7,Put,297.5,AAPL260930P00297500,0.01,0.09,0.049999999999999996,0.05,-0.03,-37.5,2.0,12.0,0.3786,-0.009,0.0012,0.0127,-0.0243,-0.0006,0.0563,0.09,0.09,0.05,0.0799999982118606,down,2026-09-22T11:55:34,35.0,38.0
AAPL,2026-09-30,7,Call,300.0,AAPL260930C00300000,38.7,41.4,40.05,40.06,0.135,0.338136,2.0,3.0,0.365,0.9893,0.0015,0.0147,-0.0227,0.0649,40.0565,42.71,42.71,40.06,39.9249992370606,down,2026-09-22T15:57:52,98.0,8.0
AAPL,2026-09-30,7,Put,300.0,AAPL260930P00300000,0.03,0.09,0.06,0.05,-0.035,-41.1765,4.0,17.0,0.3658,-0.0106,0.0015,0.0147,-0.0275,-0.0008,0.0655,0.06,0.06,0.05,0.0850000008940697,down,2026-09-22T15:16:15,5.0,51.0
AAPL,2026-09-30,7,Call,302.5,AAPL260930C00302500,35.95,39.3,37.625,0.0,0.0,0.0,0.0,0.0,0.3841,0.9873,0.0018,0.0171,-0.0266,0.0653,37.5701,0.0,0.0,0.0,37.5,no_change,,100.0,12.0
AAPL,2026-09-30,7,Put,302.5,AAPL260930P00302500,0.0,0.09,0.045,0.13,0.025,23.8095,4.0,2.0,0.3546,-0.0127,0.0018,0.0171,-0.0311,-0.0009,0.0767,0.07,0.13,0.07,0.104999996721745,no_change,2026-09-22T14:01:37,0.0,5.0
AAPL,2026-09-30,7,Call,305.0,AAPL260930C00305000,33.25,36.75,35.0,36.54,1.79,5.15108,3.0,10.0,0.2442,0.9847,0.0022,0.0201,-0.0312,0.0656,35.0864,39.6,39.6,36.54,34.75,down,2026-09-22T14:36:11,117.0,38.0
AAPL,2026-09-30,7,Put,305.0,AAPL260930P00305000,0.03,0.15,0.09,0.08,-0.05,-38.4615,5.0,41.0,0.3412,-0.0152,0.0022,0.0201,-0.0354,-0.0011,0.0906,0.08,0.08,0.08,0.130000002682209,no_change,2026-09-22T15:47:49,47.0,18.0
AAPL,2026-09-30,7,Call,307.5,AAPL260930C00307500,30.95,34.25,32.6,29.12,0.0,0.0,0.0,7.0,0.3246,0.9815,0.0027,0.0237,-0.0367,0.0659,32.6065,0.0,0.0,0.0,32.0999994277954,no_change,2026-09-17T14:18:39,102.0,10.0
AAPL,2026-09-30,7,Put,307.5,AAPL260930P00307500,0.07,0.23,0.15000000000000002,0.01,-0.145,-93.5484,2.0,8.0,0.3445,-0.0185,0.0027,0.0237,-0.0406,-0.0013,0.1083,0.14,0.14,0.01,0.155000001192093,down,2026-09-22T09:46:12,6.0,70.0
AAPL,2026-09-30,7,Call,310.0,AAPL260930C00310000,29.25,31.15,30.2,32.83,3.305,11.1939,2.0,6.0,0.3365,0.9772,0.0034,0.0282,-0.0434,0.0662,30.132,30.6,32.83,30.6,29.5250005722046,up,2026-09-22T12:58:19,110.0,11.0
AAPL,2026-09-30,7,Put,310.0,AAPL260930P00310000,0.11,0.23,0.17,0.12,-0.075,-38.4615,41.0,43.0,0.3275,-0.0227,0.0034,0.0283,-0.0471,-0.0016,0.1314,0.13,0.18,0.12,0.195000000298023,no_change,2026-09-22T15:16:15,12.0,28.0
AAPL,2026-09-30,7,Call,312.5,AAPL260930C00312500,26.05,29.3,27.675,23.3,0.0,0.0,0.0,0.0,0.304,0.9716,0.0043,0.034,-0.0518,0.0663,27.6656,0.0,0.0,0.0,27.0249996185303,up,2026-09-21T09:47:52,103.0,10.0
AAPL,2026-09-30,7,Put,312.5,AAPL260930P00312500,0.07,0.22,0.14500000000000002,0.18,-0.065,-26.5306,42.0,33.0,0.2955,-0.0284,0.0043,0.034,-0.0552,-0.002,0.1625,0.17,0.18,0.16,0.245000004768372,no_change,2026-09-22T15:27:13,10.0,10.0
AAPL,2026-09-30,7,Call,315.0,AAPL260930C00315000,23.6,26.75,25.175,27.8,3.25,13.2383,1.0,3.0,0.2792,0.9639,0.0054,0.0414,-0.0624,0.0662,25.211,27.8,27.8,27.8,24.5499992370605,up,2026-09-22T10:56:03,120.0,13.0
AAPL,2026-09-30,7,Put,315.0,AAPL260930P00315000,0.15,0.26,0.20500000000000002,0.22,-0.075,-25.4237,64.0,75.0,0.2888,-0.0361,0.0054,0.0414,-0.0655,-0.0026,0.2055,0.24,0.24,0.18,0.295000001788139,no_change,2026-09-22T15:23:25,13.0,15.0
AAPL,2026-09-30,7,Call,317.5,AAPL260930C00317500,21.2,23.8,22.5,23.43,1.555,7.10857,1.0,128.0,0.0,0.9533,0.0069,0.0508,-0.0761,0.066,22.7744,23.43,23.43,23.43,21.875,up,2026-09-22T15:41:12,135.0,21.0
AAPL,2026-09-30,7,Put,317.5,AAPL260930P00317500,0.21,0.39,0.3,0.29,-0.11,-27.5,19.0,29.0,0.2843,-0.0467,0.007,0.0508,-0.0789,-0.0034,0.2666,0.32,0.34,0.24,0.400000005960464,no_change,2026-09-22T15:23:25,10.0,13.0
AAPL,2026-09-30,7,Call,320.0,AAPL260930C00320000,18.55,22.0,20.275,21.37,1.345,6.71661,4.0,104.0,0.2514,0.9386,0.009,0.0628,-0.0934,0.0654,20.3646,20.53,21.37,20.53,20.0249996185303,no_change,2026-09-22T15:12:35,140.0,15.0
AAPL,2026-09-30,7,Put,320.0,AAPL260930P00320000,0.28,0.45,0.365,0.37,-0.115,-23.7113,2839.0,420.0,0.2691,-0.0615,0.009,0.0629,-0.096,-0.0044,0.3545,0.35,0.41,0.28,0.484999999403954,up,2026-09-22T15:59:44,82.0,81.0
AAPL,2026-09-30,7,Call,322.5,AAPL260930C00322500,16.5,19.65,18.075,16.6,0.0,0.0,0.0,3.0,0.2687,0.9183,0.0116,0.078,-0.1152,0.0645,17.9941,0.0,0.0,0.0,17.4500007629395,up,2026-09-21T13:10:31,114.0,9.0
AAPL,2026-09-30,7,Put,322.5,AAPL260930P00322500,0.43,0.53,0.48,0.5,-0.2,-28.5714,47.0,39.0,0.2581,-0.0819,0.0116,0.0781,-0.1176,-0.0058,0.4818,0.5,0.61,0.38,0.699999988079071,down,2026-09-22T15:58:17,20.0,64.0
AAPL,2026-09-30,7,Call,325.0,AAPL260930C00325000,14.4,16.7,15.55,16.93,1.43,9.22581,6.0,23.0,0.2358,0.8905,0.0148,0.0963,-0.1416,0.0629,15.6802,16.12,19.3,15.9,15.5,down,2026-09-22T14:33:57,128.0,15.0
AAPL,2026-09-30,7,Put,325.0,AAPL260930P00325000,0.62,0.74,0.6799999999999999,0.68,-0.255,-27.2727,249.0,568.0,0.2519,-0.1097,0.0148,0.0965,-0.1438,-0.0078,0.6659,0.72,0.88,0.42,0.934999972581864,no_change,2026-09-22T15:59:57,10.0,337.0
AAPL,2026-09-30,7,Call,327.5,AAPL260930C00327500,11.95,14.4,13.175,13.63,0.68,5.25096,23.0,16.0,0.2185,0.8535,0.0186,0.1174,-0.172,0.0606,13.4452,14.65,16.65,13.63,12.9500002861023,down,2026-09-22T15:55:00,135.0,12.0
AAPL,2026-09-30,7,Put,327.5,AAPL260930P00327500,0.71,1.03,0.87,0.94,-0.28,-22.9508,437.0,1154.0,0.2444,-0.1468,0.0187,0.1176,-0.1741,-0.0104,0.9292,0.93,1.13,0.61,1.21999996900558,no_change,2026-09-22T15:59:39,38.0,1.0
AAPL,2026-09-30,7,Call,330.0,AAPL260930C00330000,9.8,11.95,10.875,12.27,1.02,9.06667,37.0,91.0,0.2037,0.8057,0.0229,0.14,-0.2047,0.0576,11.3166,12.46,14.61,12.02,11.25,down,2026-09-22T14:17:36,53.0,9.0
AAPL,2026-09-30,7,Put,330.0,AAPL260930P00330000,1.1,1.39,1.245,1.32,-0.315,-19.2661,401.0,424.0,0.2406,-0.1949,0.023,0.1403,-0.2068,-0.0137,1.2994,1.15,1.55,0.9,1.63499999046326,down,2026-09-22T15:59:59,10.0,1.0
AAPL,2026-09-30,7,Call,332.5,AAPL260930C00332500,8.7,9.7,9.2,9.38,0.18,1.95652,30.0,61.0,0.2248,0.7461,0.0272,0.1624,-0.2367,0.0536,9.3257,12.62,12.62,9.38,9.19999980926514,down,2026-09-22T15:55:25,33.0,10.0
AAPL,2026-09-30,7,Put,332.5,AAPL260930P00332500,1.74,2.02,1.88,1.85,-0.39,-17.4107,76.0,427.0,0.2378,-0.2548,0.0274,0.1626,-0.2388,-0.0177,1.808,1.94,2.28,1.2,2.24000000953674,up,2026-09-22T15:59:30,5.0,284.0
AAPL,2026-09-30,7,Call,335.0,AAPL260930C00335000,7.0,7.9,7.45,7.85,0.4,5.36913,162.0,683.0,0.2255,0.6751,0.0311,0.1818,-0.2639,0.0486,7.5054,11.0,12.0,7.5,7.45000004768372,no_change,2026-09-22T15:40:18,35.0,10.0
AAPL,2026-09-30,7,Put,335.0,AAPL260930P00335000,2.4,2.7,2.55,2.52,-0.46,-15.4362,562.0,264.0,0.2292,-0.3262,0.0313,0.182,-0.266,-0.0223,2.4881,2.48,2.9,1.68,2.98000001907349,down,2026-09-22T15:56:17,2.0,1.0
AAPL,2026-09-30,7,Call,337.5,AAPL260930C00337500,5.6,6.35,5.975,6.0,0.125,2.12766,139.0,156.0,0.2298,0.5944,0.034,0.1954,-0.282,0.043,5.8861,6.54,9.98,5.8,5.875,up,2026-09-22T15:59:44,22.0,25.0
AAPL,2026-09-30,7,Put,337.5,AAPL260930P00337500,3.25,3.65,3.45,3.2,-0.675,-17.4194,377.0,122.0,0.2294,-0.4074,0.0343,0.1955,-0.2842,-0.0275,3.3704,3.8,3.99,2.29,3.875,down,2026-09-22T15:56:07,6.0,20.0
AAPL,2026-09-30,7,Call,340.0,AAPL260930C00340000,4.35,4.7,4.525,4.55,0.025,0.552489,622.0,443.0,0.2232,0.5077,0.0354,0.2009,-0.2877,0.0368,4.4912,5.55,8.45,4.25,4.52499985694885,up,2026-09-22T15:58:59,10.0,9.0
AAPL,2026-09-30,7,Put,340.0,AAPL260930P00340000,4.3,4.75,4.525,4.54,-0.485,-9.65174,534.0,116.0,0.2238,-0.4948,0.0357,0.2008,-0.29,-0.0326,4.4786,4.42,5.2,2.98,5.02500009536743,down,2026-09-22T15:59:26,1.0,1.0
AAPL,2026-09-30,7,Call,342.5,AAPL260930C00342500,3.2,3.5,3.35,3.24,-0.235,-6.76259,1163.0,338.0,0.2219,0.4197,0.035,0.197,-0.2793,0.0304,3.3323,3.79,6.9,2.9,3.47500002384186,no_change,2026-09-22T15:56:37,28.0,10.0
AAPL,2026-09-30,7,Put,342.5,AAPL260930P00342500,5.6,6.15,5.875,5.9,-0.55,-8.52713,808.0,2.0,0.2236,-0.5838,0.0353,0.1963,-0.2817,-0.0372,5.8253,5.47,6.5,3.84,6.44999980926514,up,2026-09-22T15:58:02,12.0,51.0
AAPL,2026-09-30,7,Call,345.0,AAPL260930C00345000,2.3,2.71,2.505,2.38,-0.125,-4.99002,1182.0,289.0,0.2201,0.3354,0.0327,0.1842,-0.2579,0.0244,2.4059,2.75,5.4,2.3,2.50499999523163,up,2026-09-22T15:59:04,16.0,13.0
AAPL,2026-09-30,7,Put,345.0,AAPL260930P00345000,6.9,8.0,7.45,7.17,-0.855,-10.6542,179.0,41.0,0.2225,-0.6691,0.0332,0.1829,-0.2606,-0.0409,7.4065,5.55,7.4,5.0,8.02500009536743,no_change,2026-09-22T15:46:25,10.0,30.0
AAPL,2026-09-30,7,Call,347.5,AAPL260930C00347500,1.5,1.78,1.6400000000000001,1.6,-0.23,-12.5683,183.0,166.0,0.2167,0.2594,0.0291,0.1644,-0.2269,0.0188,1.6937,1.96,3.95,1.6,1.83000004291534,down,2026-09-22T15:57:07,11.0,1.0
AAPL,2026-09-30,7,Put,347.5,AAPL260930P00347500,8.45,10.15,9.3,7.2,-2.925,-28.8889,2.0,30.0,0.2259,-0.7465,0.0297,0.1622,-0.2305,-0.0425,9.2047,7.2,7.2,7.2,10.125,no_change,2026-09-22T12:13:57,27.0,58.0
AAPL,2026-09-30,7,Call,350.0,AAPL260930C00350000,1.15,1.28,1.2149999999999999,1.17,-0.035,-2.90456,2455.0,649.0,0.2242,0.1946,0.0246,0.1405,-0.1909,0.0141,1.1666,1.5,3.0,1.11,1.2049999833107,no_change,2026-09-22T15:59:54,13.0,41.0
AAPL,2026-09-30,7,Put,350.0,AAPL260930P00350000,10.3,12.0,11.15,9.95,-2.25,-18.4426,26.0,25.0,0.2175,-0.8131,0.0255,0.1362,-0.196,-0.0419,11.1919,11.5,11.5,8.27,12.1999998092651,up,2026-09-22T14:38:07,27.0,10.0
AAPL,2026-09-30,7,Call,352.5,AAPL260930C00352500,0.68,0.9,0.79,0.81,-0.055,-6.35838,202.0,685.0,0.2221,0.1422,0.02,0.1155,-0.1545,0.0103,0.79,1.3,2.0,0.76,0.865000009536743,no_change,2026-09-22T15:54:09,26.0,26.0
AAPL,2026-09-30,7,Put,352.5,AAPL260930P00352500,12.3,14.2,13.25,11.15,-3.25,-22.5694,25.0,5.0,0.214,-0.8674,0.0209,0.1086,-0.1611,-0.0398,13.3339,13.0,13.0,11.15,14.3999996185303,down,2026-09-22T12:55:28,132.0,14.0
AAPL,2026-09-30,7,Call,355.0,AAPL260930C00355000,0.48,0.62,0.55,0.5,-0.075,-13.0435,867.0,122.0,0.2267,0.1019,0.0157,0.092,-0.1211,0.0074,0.5293,0.89,1.7,0.5,0.575000017881394,down,2026-09-22T15:55:01,29.0,44.0
AAPL,2026-09-30,7,Put,355.0,AAPL260930P00355000,14.6,16.85,15.725000000000001,13.3,-2.875,-17.7743,2.0,1.0,0.2396,-0.9099,0.0167,0.0825,-0.1286,-0.036,15.5956,12.3,13.3,12.3,16.1749997138977,up,2026-09-22T12:28:10,112.0,12.0
AAPL,2026-09-30,7,Call,357.5,AAPL260930C00357500,0.26,0.43,0.345,0.35,-0.02,-5.4054,184.0,67.0,0.2262,0.0721,0.0119,0.0715,-0.0928,0.0052,0.3536,0.45,1.11,0.35,0.36999998986721,down,2026-09-22T15:54:09,28.0,22.0
AAPL,2026-09-30,7,Put,357.5,AAPL260930P00357500,16.5,19.2,17.85,0.0,0.0,0.0,0.0,0.0,0.2069,-0.9418,0.0131,0.0592,-0.0993,-0.0302,17.9456,0.0,0.0,0.0,18.8499994277954,no_change,,127.0,10.0
AAPL,2026-09-30,7,Call,360.0,AAPL260930C00360000,0.17,0.26,0.21500000000000002,0.23,0.0,-1.81405e-06,576.0,62.0,0.2319,0.0508,0.0089,0.0548,-0.0702,0.0036,0.2378,0.53,0.73,0.22,0.230000004172325,up,2026-09-22T15:58:20,1.0,10.0
AAPL,2026-09-30,7,Put,360.0,AAPL260930P00360000,18.7,21.95,20.325,16.72,-4.58,-21.5023,11.0,0.0,0.2212,-0.9653,0.0101,0.0386,-0.0747,-0.0219,20.3583,18.88,18.88,16.72,21.3000001907349,down,2026-09-22T11:13:33,133.0,38.0
AAPL,2026-09-30,7,Call,362.5,AAPL260930C00362500,0.14,0.17,0.15500000000000003,0.14,0.01,7.69231,16.0,51.0,0.2344,0.036,0.0066,0.0418,-0.0531,0.0026,0.1625,0.4,0.48,0.14,0.130000002682209,down,2026-09-22T15:57:49,28.0,6.0
AAPL,2026-09-30,7,Put,362.5,AAPL260930P00362500,21.4,24.45,22.924999999999997,0.0,0.0,0.0,0.0,0.0,0.2647,-0.9813,0.0071,0.0225,-0.057,-0.012,22.8132,0.0,0.0,0.0,23.8499994277954,no_change,,123.0,20.0
AAPL,2026-09-30,7,Call,365.0,AAPL260930C00365000,0.05,0.16,0.10500000000000001,0.11,0.01,10.0,55.0,113.0,0.2393,0.0258,0.0049,0.032,-0.0405,0.0018,0.1138,0.09,0.32,0.09,0.0999999977648258,down,2026-09-22T15:52:43,31.0,32.0
AAPL,2026-09-30,7,Put,365.0,AAPL260930P00365000,23.85,26.9,25.375,0.0,0.0,0.0,0.0,0.0,0.2798,-0.9911,0.0044,0.0131,-0.0456,-0.0048,25.2925,0.0,0.0,0.0,25.9499998092651,no_change,,101.0,10.0
AAPL,2026-09-30,7,Call,370.0,AAPL260930C00370000,0.02,0.1,0.060000000000000005,0.09,0.04,80.0,16.0,3.0,0.2562,0.0142,0.0028,0.0194,-0.0248,0.001,0.0612,0.07,0.09,0.06,0.0499999988824129,no_change,2026-09-22T13:42:04,22.0,26.0
AAPL,2026-09-30,7,Put,370.0,AAPL260930P00370000,29.3,31.9,30.6,0.0,0.0,0.0,0.0,0.0,0.3719,-0.9984,0.0011,0.002,-0.0389,-0.0007,30.2833,0.0,0.0,0.0,31.1750011444092,no_change,,102.0,10.0
AAPL,2026-09-30,7,Call,375.0,AAPL260930C00375000,0.01,0.05,0.030000000000000002,0.04,0.015,60.0,51.0,39.0,0.2673,0.0086,0.0017,0.0126,-0.0166,0.0006,0.0372,0.04,0.07,0.04,0.0249999994412065,down,2026-09-22T13:39:13,60.0,36.0
AAPL,2026-09-30,7,Put,375.0,AAPL260930P00375000,33.7,37.0,35.35,32.6,-3.55,-9.82019,2.0,0.0,0.3535,-0.9998,0.0002,0.0003,-0.0381,0.0,35.2824,33.0,33.0,32.6,36.1499996185303,down,2026-09-22T10:58:42,116.0,13.0
AAPL,2026-09-30,7,Call,380.0,AAPL260930C00380000,0.0,0.04,0.02,0.04,0.02,100.0,2.0,3.0,0.286,0.0056,0.0011,0.0087,-0.0118,0.0004,0.0247,0.04,0.04,0.04,0.0199999995529652,no_change,2026-09-22T13:40:45,0.0,26.0
AAPL,2026-09-30,7,Put,380.0,AAPL260930P00380000,38.85,41.95,40.400000000000006,0.0,0.0,0.0,0.0,0.0,0.4108,-1.0,0.0,0.0,-0.0381,0.0,40.2824,0.0,0.0,0.0,41.0,no_change,,109.0,9.0
AAPL,2026-09-30,7,Call,385.0,AAPL260930C00385000,0.0,0.02,0.01,0.02,0.005,33.3333,81.0,22.0,0.2952,0.0039,0.0007,0.0062,-0.0088,0.0003,0.0174,0.03,0.03,0.02,0.0149999996647239,down,2026-09-22T11:07:26,0.0,1.0
AAPL,2026-09-30,7,Put,385.0,AAPL260930P00385000,43.65,46.9,45.275,0.0,0.0,0.0,0.0,0.0,0.0,-1.0,0.0,0.0,-0.0381,0.0,45.2824,0.0,0.0,0.0,46.2000007629394,no_change,,106.0,10.0
AAPL,2026-09-30,7,Call,390.0,AAPL260930C00390000,0.0,0.14,0.07,0.04,0.0,0.0,0.0,4.0,0.397,0.0028,0.0005,0.0046,-0.0067,0.0002,0.0126,0.0,0.0,0.0,0.174999997019768,down,2026-09-16T09:30:03,0.0,14.0
AAPL,2026-09-30,7,Put,390.0,AAPL260930P00390000,48.7,51.9,50.3,0.0,0.0,0.0,0.0,0.0,0.4313,-1.0,0.0,0.0,-0.0381,0.0,50.2824,0.0,0.0,0.0,51.3999996185303,no_change,,104.0,7.0
AAPL,2026-09-30,7,Call,395.0,AAPL260930C00395000,0.0,0.35,0.175,0.03,0.0,0.0,0.0,8.0,0.4851,0.002,0.0004,0.0034,-0.0052,0.0001,0.0094,0.0,0.0,0.0,0.375,no_change,2026-09-16T13:49:38,0.0,22.0
AAPL,2026-09-30,7,Put,395.0,AAPL260930P00395000,53.7,57.05,55.375,0.0,0.0,0.0,0.0,0.0,0.514,-1.0,0.0,0.0,-0.0381,0.0,55.2824,0.0,0.0,0.0,56.125,no_change,,119.0,7.0
AAPL,2026-09-30,7,Call,400.0,AAPL260930C00400000,0.0,0.27,0.135,0.0,0.0,0.0,0.0,0.0,0.5006,0.0015,0.0003,0.0026,-0.0041,0.0001,0.0072,0.0,0.0,0.0,1.06500005722046,no_change,,0.0,12.0
AAPL,2026-09-30,7,Put,400.0,AAPL260930P00400000,58.7,61.95,60.325,0.0,0.0,0.0,0.0,0.0,0.5208,-1.0,0.0,0.0,-0.0381,0.0,60.2824,0.0,0.0,0.0,61.1500015258789,no_change,,108.0,10.0
AAPL,2026-09-30,7,Call,405.0,AAPL260930C00405000,0.0,0.52,0.26,0.04,-1.025,-96.2441,1.0,0.0,0.586,0.0011,0.0002,0.002,-0.0032,0.0001,0.0055,0.04,0.04,0.04,1.06500005722046,down,2026-09-22T13:05:59,0.0,10.0
AAPL,2026-09-30,7,Put,405.0,AAPL260930P00405000,63.7,67.1,65.4,0.0,0.0,0.0,0.0,0.0,0.5959,-1.0,0.0,0.0,-0.0381,0.0,65.2824,0.0,0.0,0.0,66.375,no_change,,103.0,10.0
AAPL,2026-10-02,9,Call,110.0,AAPL261002C00110000,228.75,231.9,230.325,0.0,0.0,0.0,0.0,0.0,3.0578,0.9999,0.0,0.0,0.0,0.0361,229.8549,0.0,0.0,0.0,229.650001525879,no_change,,116.0,11.0
AAPL,2026-10-02,9,Put,110.0,AAPL261002P00110000,0.0,0.01,0.005,0.31,0.0,0.0,0.0,100.0,2.0065,0.0,0.0,0.0,-0.0001,0.0,0.0001,0.0,0.0,0.0,0.00499999988824129,no_change,2026-08-27T13:29:15,0.0,3000.0
AAPL,2026-10-02,9,Call,120.0,AAPL261002C00120000,218.15,221.9,220.025,0.0,0.0,0.0,0.0,0.0,2.4038,0.9999,0.0,0.0,0.0,0.0394,219.8696,0.0,0.0,0.0,219.675003051758,no_change,,141.0,12.0
AAPL,2026-10-02,9,Put,120.0,AAPL261002P00120000,0.0,0.01,0.005,0.0,0.0,0.0,0.0,0.0,1.8563,0.0,0.0,0.0,-0.0001,0.0,0.0002,0.0,0.0,0.0,0.00499999988824129,no_change,,0.0,2000.0
AAPL,2026-10-02,9,Call,125.0,AAPL261002C00125000,213.05,216.8,214.925,0.0,0.0,0.0,0.0,0.0,2.1407,0.9999,0.0,0.0,0.0,0.041,214.877,0.0,0.0,0.0,214.400001525879,no_change,,148.0,12.0
AAPL,2026-10-02,9,Put,125.0,AAPL261002P00125000,0.0,0.01,0.005,0.16,0.0,0.0,0.0,4.0,1.7859,0.0,0.0,0.0,-0.0001,0.0,0.0002,0.0,0.0,0.0,0.00499999988824129,up,2026-08-27T15:53:19,0.0,2000.0
AAPL,2026-10-02,9,Call,130.0,AAPL261002C00130000,208.25,211.9,210.075,0.0,0.0,0.0,0.0,0.0,2.3417,0.9999,0.0,0.0,0.0,0.0426,209.8844,0.0,0.0,0.0,209.674995422363,no_change,,142.0,20.0
AAPL,2026-10-02,9,Put,130.0,AAPL261002P00130000,0.0,0.01,0.005,0.0,0.0,0.0,0.0,0.0,1.7183,0.0,0.0,0.0,-0.0002,0.0,0.0002,0.0,0.0,0.0,0.00499999988824129,no_change,,0.0,2000.0
AAPL,2026-10-02,9,Call,135.0,AAPL261002C00135000,203.25,206.85,205.05,0.0,0.0,0.0,0.0,0.0,2.2433,0.9999,0.0,0.0,0.0,0.0443,204.8918,0.0,0.0,0.0,204.449996948242,no_change,,124.0,4.0
AAPL,2026-10-02,9,Put,135.0,AAPL261002P00135000,0.0,0.01,0.005,0.0,0.0,0.0,0.0,0.0,1.6532,0.0,0.0,0.0,-0.0002,0.0,0.0003,0.0,0.0,0.0,0.254999995231628,no_change,,0.0,2000.0
AAPL,2026-10-02,9,Call,140.0,AAPL261002C00140000,198.3,201.95,200.125,0.0,0.0,0.0,0.0,0.0,2.1866,0.9999,0.0,0.0,0.0,0.0459,199.8992,0.0,0.0,0.0,199.699996948242,no_change,,127.0,11.0
AAPL,2026-10-02,9,Put,140.0,AAPL261002P00140000,0.0,0.01,0.005,0.12,0.0,0.0,0.0,2.0,1.5905,0.0,0.0,0.0,-0.0002,0.0,0.0003,0.0,0.0,0.0,0.259999990463257,up,2026-08-27T14:37:23,0.0,2000.0
AAPL,2026-10-02,9,Call,145.0,AAPL261002C00145000,193.3,196.85,195.075,0.0,0.0,0.0,0.0,0.0,2.0951,0.9999,0.0,0.0001,0.0,0.0476,194.9066,0.0,0.0,0.0,194.699996948242,no_change,,139.0,8.0
AAPL,2026-10-02,9,Put,145.0,AAPL261002P00145000,0.0,0.01,0.005,0.0,0.0,0.0,0.0,0.0,1.53,0.0,0.0,0.0001,-0.0003,0.0,0.0004,0.0,0.0,0.0,0.259999990463257,no_change,,0.0,2000.0
AAPL,2026-10-02,9,Call,150.0,AAPL261002C00150000,188.2,191.6,189.89999999999998,0.0,0.0,0.0,0.0,0.0,0.0,0.9999,0.0,0.0001,0.0,0.0492,189.9141,0.0,0.0,0.0,189.549995422363,no_change,,160.0,10.0
AAPL,2026-10-02,9,Put,150.0,AAPL261002P00150000,0.0,0.01,0.005,0.0,0.0,0.0,0.0,0.0,1.4716,0.0,0.0,0.0001,-0.0003,0.0,0.0004,0.0,0.0,0.0,0.259999990463257,no_change,,0.0,2000.0
AAPL,2026-10-02,9,Call,155.0,AAPL261002C00155000,183.15,186.85,185.0,0.0,0.0,0.0,0.0,0.0,1.7867,0.9999,0.0,0.0001,0.0,0.0508,184.9215,0.0,0.0,0.0,184.724998474121,no_change,,140.0,2.0
AAPL,2026-10-02,9,Put,155.0,AAPL261002P00155000,0.0,0.51,0.255,0.0,0.0,0.0,0.0,0.0,2.0415,0.0,0.0,0.0001,-0.0003,0.0,0.0005,0.0,0.0,0.0,0.259999990463257,no_change,,0.0,50.0
AAPL,2026-10-02,9,Call,160.0,AAPL261002C00160000,178.35,181.95,180.14999999999998,0.0,0.0,0.0,0.0,0.0,1.7556,0.9999,0.0,0.0001,0.0,0.0525,179.9289,0.0,0.0,0.0,179.724998474121,no_change,,110.0,21.0
AAPL,2026-10-02,9,Put,160.0,AAPL261002P00160000,0.0,0.52,0.26,0.0,0.0,0.0,0.0,0.0,1.9699,0.0,0.0,0.0001,-0.0004,0.0,0.0006,0.0,0.0,0.0,0.259999990463257,no_change,,0.0,52.0
AAPL,2026-10-02,9,Call,165.0,AAPL261002C00165000,173.1,176.7,174.89999999999998,0.0,0.0,0.0,0.0,0.0,0.0,0.9999,0.0,0.0001,0.0,0.0541,174.9364,0.0,0.0,0.0,174.75,no_change,,132.0,5.0
AAPL,2026-10-02,9,Put,165.0,AAPL261002P00165000,0.0,0.52,0.26,0.0,0.0,0.0,0.0,0.0,1.8957,0.0,0.0,0.0001,-0.0004,0.0,0.0007,0.0,0.0,0.0,0.259999990463257,no_change,,0.0,52.0
AAPL,2026-10-02,9,Call,170.0,AAPL261002C00170000,168.75,171.9,170.325,0.0,0.0,0.0,0.0,0.0,1.9196,0.9999,0.0,0.0001,0.0,0.0558,169.9439,0.0,0.0,0.0,169.75,no_change,,131.0,1.0
AAPL,2026-10-02,9,Put,170.0,AAPL261002P00170000,0.0,0.52,0.26,0.0,0.0,0.0,0.0,0.0,1.8236,-0.0001,0.0,0.0001,-0.0005,0.0,0.0008,0.0,0.0,0.0,0.259999990463257,no_change,,0.0,53.0
AAPL,2026-10-02,9,Call,175.0,AAPL261002C00175000,163.35,166.65,165.0,0.0,0.0,0.0,0.0,0.0,1.4572,0.9999,0.0,0.0002,0.0,0.0574,164.9514,0.0,0.0,0.0,164.449996948242,no_change,,153.0,10.0
AAPL,2026-10-02,9,Put,175.0,AAPL261002P00175000,0.0,0.01,0.005,0.01,0.0,0.0,0.0,36.0,1.2055,-0.0001,0.0,0.0002,-0.0006,0.0,0.001,0.0,0.0,0.0,0.00499999988824129,no_change,2026-09-21T14:36:01,0.0,6.0
AAPL,2026-10-02,9,Call,180.0,AAPL261002C00180000,158.35,161.9,160.125,0.0,0.0,0.0,0.0,0.0,1.5954,0.9998,0.0,0.0002,0.0,0.059,159.9589,0.0,0.0,0.0,159.75,no_change,,140.0,7.0
AAPL,2026-10-02,9,Put,180.0,AAPL261002P00180000,0.0,0.01,0.005,0.01,0.0,0.0,0.0,117.0,1.1568,-0.0001,0.0,0.0002,-0.0007,0.0,0.0011,0.0,0.0,0.0,0.00499999988824129,no_change,2026-09-18T14:39:35,0.0,8.0
AAPL,2026-10-02,9,Call,185.0,AAPL261002C00185000,153.25,156.9,155.075,149.85,0.0,0.0,0.0,1.0,1.4595,0.9998,0.0,0.0002,0.0,0.0607,154.9664,0.0,0.0,0.0,154.525001525879,up,2026-09-11T12:00:25,120.0,4.0
AAPL,2026-10-02,9,Put,185.0,AAPL261002P00185000,0.0,0.01,0.005,0.01,0.0,0.0,0.0,7.0,1.1094,-0.0001,0.0,0.0002,-0.0008,0.0,0.0013,0.0,0.0,0.0,0.00499999988824129,down,2026-09-18T14:40:37,0.0,9.0
AAPL,2026-10-02,9,Call,190.0,AAPL261002C00190000,148.15,151.75,149.95,0.0,0.0,0.0,0.0,0.0,0.0,0.9998,0.0,0.0003,0.0,0.0623,149.974,0.0,0.0,0.0,149.775001525879,no_change,,106.0,10.0
AAPL,2026-10-02,9,Put,190.0,AAPL261002P00190000,0.0,0.51,0.255,0.03,0.0,0.0,0.0,9.0,1.5505,-0.0001,0.0,0.0003,-0.0009,0.0,0.0015,0.0,0.0,0.0,0.259999990463257,no_change,2026-08-26T12:49:38,0.0,50.0
AAPL,2026-10-02,9,Call,195.0,AAPL261002C00195000,143.4,147.0,145.2,130.4,0.0,0.0,0.0,1.0,1.3565,0.9998,0.0,0.0003,0.0,0.064,144.9816,0.0,0.0,0.0,144.775001525879,up,2026-09-02T12:28:38,138.0,12.0
AAPL,2026-10-02,9,Put,195.0,AAPL261002P00195000,0.0,0.05,0.025,0.01,0.0,0.0,0.0,28.0,1.1577,-0.0001,0.0,0.0003,-0.001,0.0,0.0018,0.0,0.0,0.0,0.025000000372529,no_change,2026-09-15T11:19:44,0.0,30.0
AAPL,2026-10-02,9,Call,200.0,AAPL261002C00200000,138.35,141.75,140.05,136.36,0.0,0.0,0.0,2.0,1.211,0.9998,0.0,0.0004,0.0,0.0656,139.9893,0.0,0.0,0.0,139.550003051758,up,2026-09-21T09:56:30,120.0,7.0
AAPL,2026-10-02,9,Put,200.0,AAPL261002P00200000,0.0,0.04,0.02,0.04,0.0,0.0,0.0,52.0,1.0867,-0.0002,0.0,0.0004,-0.0012,0.0,0.0021,0.0,0.0,0.0,0.0199999995529652,up,2026-09-15T10:26:39,0.0,30.0
AAPL,2026-10-02,9,Call,205.0,AAPL261002C00205000,133.4,136.95,135.175,112.99,0.0,0.0,0.0,2.0,1.3067,0.9997,0.0,0.0004,0.0,0.0672,134.997,0.0,0.0,0.0,134.650001525879,no_change,2026-09-09T10:11:39,139.0,10.0
AAPL,2026-10-02,9,Put,205.0,AAPL261002P00205000,0.0,0.04,0.02,0.01,0.0,0.0,0.0,90.0,1.0394,-0.0002,0.0,0.0004,-0.0014,0.0,0.0024,0.0,0.0,0.0,0.0199999995529652,no_change,2026-09-14T14:41:31,0.0,10.0
AAPL,2026-10-02,9,Call,210.0,AAPL261002C00210000,128.4,131.95,130.175,120.25,0.0,0.0,0.0,2.0,1.2437,0.9997,0.0,0.0005,0.0,0.0689,130.0048,0.0,0.0,0.0,129.800003051758,no_change,2026-09-15T10:22:08,122.0,6.0
AAPL,2026-10-02,9,Put,210.0,AAPL261002P00210000,0.0,0.01,0.005,0.08,0.0,0.0,0.0,216.0,0.8894,-0.0002,0.0,0.0005,-0.0016,0.0,0.0029,0.0,0.0,0.0,0.00499999988824129,up,2026-09-15T15:57:41,0.0,18.0
AAPL,2026-10-02,9,Call,215.0,AAPL261002C00215000,123.25,127.0,125.125,115.62,0.0,0.0,0.0,16.0,1.1012,0.9996,0.0,0.0006,0.0,0.0705,125.0127,0.0,0.0,0.0,124.799999237061,no_change,2026-09-15T13:35:51,129.0,30.0
AAPL,2026-10-02,9,Put,215.0,AAPL261002P00215000,0.0,0.51,0.255,0.02,0.0,0.0,0.0,34.0,1.25,-0.0003,0.0,0.0006,-0.0019,0.0,0.0034,0.0,0.0,0.0,0.0599999986588955,down,2026-09-15T10:27:24,0.0,83.0
AAPL,2026-10-02,9,Call,220.0,AAPL261002C00220000,118.3,121.8,120.05,116.81,0.0,0.0,0.0,1.0,0.9471,0.9996,0.0,0.0008,0.0,0.0721,120.0206,0.0,0.0,0.0,119.674999237061,up,2026-09-21T10:04:18,117.0,10.0
AAPL,2026-10-02,9,Put,220.0,AAPL261002P00220000,0.0,0.5,0.25,0.01,0.0,0.0,0.0,7.0,1.1906,-0.0004,0.0,0.0008,-0.0022,0.0,0.004,0.0,0.0,0.0,0.0500000007450581,down,2026-09-15T14:17:38,0.0,50.0
AAPL,2026-10-02,9,Call,225.0,AAPL261002C00225000,113.25,116.55,114.9,118.15,3.45,3.00785,1.0,0.0,0.0,0.9995,0.0,0.0009,0.0,0.0738,115.0287,118.15,118.15,118.15,114.700000762939,up,2026-09-22T12:41:44,131.0,16.0
AAPL,2026-10-02,9,Put,225.0,AAPL261002P00225000,0.0,0.23,0.115,0.02,0.0,0.0,0.0,18.0,1.0289,-0.0004,0.0,0.0009,-0.0026,0.0,0.0047,0.0,0.0,0.0,0.0500000007450581,no_change,2026-09-10T14:22:48,0.0,50.0
AAPL,2026-10-02,9,Call,230.0,AAPL261002C00230000,108.4,111.8,110.1,103.1,0.0,0.0,0.0,7.0,0.9234,0.9994,0.0,0.0011,0.0,0.0754,110.037,0.0,0.0,0.0,109.775001525879,up,2026-09-14T11:33:44,120.0,7.0
AAPL,2026-10-02,9,Put,230.0,AAPL261002P00230000,0.0,0.01,0.005,0.04,0.0,0.0,0.0,112.0,0.7305,-0.0005,0.0,0.0011,-0.003,-0.0001,0.0056,0.0,0.0,0.0,0.0500000007450581,up,2026-09-15T15:50:59,0.0,9.0
AAPL,2026-10-02,9,Call,235.0,AAPL261002C00235000,103.45,106.8,105.125,90.5,0.0,0.0,0.0,27.0,0.8998,0.9993,0.0001,0.0013,0.0,0.077,105.0454,0.0,0.0,0.0,104.775001525879,up,2026-09-10T13:29:50,101.0,10.0
AAPL,2026-10-02,9,Put,235.0,AAPL261002P00235000,0.0,0.14,0.07,0.01,0.0,0.0,0.0,166.0,0.8789,-0.0007,0.0001,0.0013,-0.0035,-0.0001,0.0067,0.0,0.0,0.0,0.00499999988824129,no_change,2026-09-21T09:53:23,0.0,43.0
AAPL,2026-10-02,9,Call,240.0,AAPL261002C00240000,98.45,101.8,100.125,92.63,0.0,0.0,0.0,1.0,0.8446,0.9991,0.0001,0.0016,0.0,0.0786,100.0541,0.0,0.0,0.0,99.8500022888184,up,2026-09-11T15:45:05,104.0,10.0
AAPL,2026-10-02,9,Put,240.0,AAPL261002P00240000,0.0,0.03,0.015,0.01,-0.09,-90.0,2.0,130.0,0.7162,-0.0008,0.0001,0.0016,-0.004,-0.0001,0.008,0.01,0.01,0.01,0.0999999986961484,no_change,2026-09-22T15:56:04,0.0,12.0
AAPL,2026-10-02,9,Call,245.0,AAPL261002C00245000,93.45,96.85,95.15,67.63,0.0,0.0,0.0,4.0,0.8182,0.9989,0.0001,0.0019,0.0,0.0803,95.063,0.0,0.0,0.0,94.6000022888184,up,2026-09-09T13:37:40,119.0,10.0
AAPL,2026-10-02,9,Put,245.0,AAPL261002P00245000,0.01,0.03,0.02,0.01,-0.2,-95.2381,14.0,478.0,0.6945,-0.001,0.0001,0.0019,-0.0048,-0.0001,0.0096,0.01,0.03,0.01,0.209999993443489,down,2026-09-22T13:48:25,85.0,20.0
AAPL,2026-10-02,9,Call,250.0,AAPL261002C00250000,88.25,91.75,90.0,84.2,0.0,0.0,0.0,73.0,0.0,0.9987,0.0001,0.0023,0.0,0.0819,90.0723,0.0,0.0,0.0,89.875,down,2026-09-18T10:33:32,101.0,10.0
AAPL,2026-10-02,9,Put,250.0,AAPL261002P00250000,0.01,0.02,0.015,0.07,0.0,0.0,0.0,1511.0,0.6382,-0.0012,0.0001,0.0023,-0.0056,-0.0001,0.0116,0.0,0.0,0.0,0.034999999217689,up,2026-09-21T15:56:40,5.0,10.0
AAPL,2026-10-02,9,Call,255.0,AAPL261002C00255000,83.45,86.7,85.075,81.67,0.0,0.0,0.0,16.0,0.5616,0.9984,0.0001,0.0028,0.0,0.0835,85.0821,0.0,0.0,0.0,84.6499977111816,up,2026-09-18T15:36:01,114.0,10.0
AAPL,2026-10-02,9,Put,255.0,AAPL261002P00255000,0.0,0.43,0.215,0.02,-0.05,-71.4286,10.0,305.0,0.8078,-0.0015,0.0001,0.0028,-0.0066,-0.0002,0.014,0.02,0.02,0.02,0.0700000002980232,no_change,2026-09-22T10:13:31,0.0,143.0
AAPL,2026-10-02,9,Call,260.0,AAPL261002C00260000,78.45,81.85,80.15,74.15,0.0,0.0,0.0,22.0,0.663,0.998,0.0002,0.0035,0.0,0.0851,80.0925,0.0,0.0,0.0,79.8999977111816,up,2026-09-11T13:56:59,116.0,10.0
AAPL,2026-10-02,9,Put,260.0,AAPL261002P00260000,0.0,0.29,0.145,0.02,-0.015,-42.8571,10.0,567.0,0.7199,-0.0019,0.0002,0.0035,-0.0078,-0.0002,0.017,0.02,0.02,0.02,0.0350000001490116,no_change,2026-09-22T10:14:03,0.0,234.0
AAPL,2026-10-02,9,Call,265.0,AAPL261002C00265000,74.0,76.85,75.425,74.33,0.0,0.0,0.0,23.0,0.7645,0.9975,0.0002,0.0043,0.0,0.0867,75.1036,0.0,0.0,0.0,74.8999977111816,up,2026-09-21T15:25:18,109.0,5.0
AAPL,2026-10-02,9,Put,265.0,AAPL261002P00265000,0.0,0.05,0.025,0.03,0.01,50.0,1.0,124.0,0.562,-0.0024,0.0002,0.0043,-0.0092,-0.0002,0.0207,0.03,0.03,0.03,0.0199999995529652,up,2026-09-22T15:37:20,0.0,10.0
AAPL,2026-10-02,9,Call,270.0,AAPL261002C00270000,68.55,71.3,69.925,71.13,1.705,2.45589,5.0,56.0,0.0,0.9969,0.0003,0.0053,-0.002,0.0882,70.1157,73.25,73.25,71.13,69.4249992370606,down,2026-09-22T15:05:54,123.0,5.0
AAPL,2026-10-02,9,Put,270.0,AAPL261002P00270000,0.01,0.06,0.034999999999999996,0.03,0.005,20.0,15.0,588.0,0.532,-0.003,0.0003,0.0053,-0.0109,-0.0003,0.0255,0.03,0.03,0.03,0.0249999994412065,no_change,2026-09-22T12:42:13,1.0,27.0
AAPL,2026-10-02,9,Call,275.0,AAPL261002C00275000,64.4,66.9,65.65,66.96,2.31,3.57309,1.0,77.0,0.7239,0.9961,0.0004,0.0066,-0.0048,0.0898,65.129,66.96,66.96,66.96,64.6499977111816,up,2026-09-22T14:33:55,103.0,7.0
AAPL,2026-10-02,9,Put,275.0,AAPL261002P00275000,0.01,0.07,0.04,0.05,0.015,42.8571,3.0,395.0,0.5006,-0.0038,0.0004,0.0066,-0.0131,-0.0004,0.0315,0.05,0.05,0.05,0.0350000001490116,up,2026-09-22T09:30:03,1.0,26.0
AAPL,2026-10-02,9,Call,280.0,AAPL261002C00280000,58.5,61.9,60.2,62.18,2.955,4.98945,1.0,107.0,0.5123,0.995,0.0006,0.0083,-0.008,0.0913,60.1441,62.18,62.18,62.18,59.2250003814697,up,2026-09-22T09:46:48,131.0,11.0
AAPL,2026-10-02,9,Put,280.0,AAPL261002P00280000,0.03,0.06,0.045,0.05,0.01,25.0,28.0,565.0,0.4683,-0.005,0.0006,0.0084,-0.0157,-0.0005,0.0393,0.03,0.05,0.03,0.0400000000372529,no_change,2026-09-22T15:09:51,2.0,10.0
AAPL,2026-10-02,9,Call,285.0,AAPL261002C00285000,53.6,56.65,55.125,54.59,0.0,0.0,0.0,238.0,0.3776,0.9935,0.0007,0.0105,-0.0118,0.0928,55.1617,0.0,0.0,0.0,54.2999992370606,up,2026-09-21T15:40:11,139.0,11.0
AAPL,2026-10-02,9,Put,285.0,AAPL261002P00285000,0.03,0.1,0.065,0.06,0.0,-8.69234e-07,194.0,863.0,0.4299,-0.0064,0.0007,0.0105,-0.0189,-0.0007,0.0494,0.08,0.08,0.04,0.0600000005215406,up,2026-09-22T15:56:04,16.0,1.0
AAPL,2026-10-02,9,Call,290.0,AAPL261002C00290000,48.45,51.8,50.125,50.52,1.195,2.4227,1.0,173.0,0.3181,0.9915,0.001,0.0134,-0.0165,0.0942,50.1826,50.52,50.52,50.52,49.3250007629394,up,2026-09-22T10:43:52,140.0,11.0
AAPL,2026-10-02,9,Put,290.0,AAPL261002P00290000,0.05,0.07,0.060000000000000005,0.06,-0.02,-25.0,329.0,1305.0,0.4055,-0.0085,0.001,0.0135,-0.0229,-0.0009,0.0631,0.07,0.07,0.05,0.080000001937151,no_change,2026-09-22T15:55:00,19.0,4.0
AAPL,2026-10-02,9,Call,295.0,AAPL261002C00295000,43.6,46.85,45.225,46.33,2.08,4.70056,10.0,92.0,0.391,0.9886,0.0014,0.0174,-0.0223,0.0955,45.2087,44.7,46.33,44.7,44.25,up,2026-09-22T15:02:29,133.0,13.0
AAPL,2026-10-02,9,Put,295.0,AAPL261002P00295000,0.06,0.09,0.075,0.08,-0.03,-27.2727,25.0,1037.0,0.3772,-0.0114,0.0014,0.0174,-0.0281,-0.0012,0.0819,0.08,0.09,0.06,0.109999999403954,no_change,2026-09-22T15:44:01,1.0,10.0
AAPL,2026-10-02,9,Call,297.5,AAPL261002C00297500,40.9,44.5,42.7,40.24,0.0,0.0,0.0,1.0,0.354,0.9867,0.0016,0.0199,-0.0258,0.0961,42.7246,0.0,0.0,0.0,41.75,up,2026-09-21T10:46:18,119.0,10.0
AAPL,2026-10-02,9,Put,297.5,AAPL261002P00297500,0.03,0.12,0.075,0.0,0.0,0.0,0.0,0.0,0.3575,-0.0133,0.0016,0.02,-0.0314,-0.0014,0.0942,0.0,0.0,0.0,0.12500000372529,no_change,,43.0,26.0
AAPL,2026-10-02,9,Call,300.0,AAPL261002C00300000,39.25,41.9,40.575,43.04,3.54,8.96203,3.0,644.0,0.4489,0.9843,0.0019,0.0229,-0.0298,0.0967,40.2433,39.9,43.04,39.4,39.5,up,2026-09-22T11:39:47,129.0,28.0
AAPL,2026-10-02,9,Put,300.0,AAPL261002P00300000,0.1,0.12,0.11,0.09,-0.065,-41.9355,572.0,2998.0,0.3561,-0.0157,0.002,0.0229,-0.0351,-0.0016,0.1092,0.13,0.13,0.08,0.155000001192093,no_change,2026-09-22T15:51:21,6.0,5.0
AAPL,2026-10-02,9,Call,302.5,AAPL261002C00302500,36.2,39.55,37.875,0.0,0.0,0.0,0.0,0.0,0.3789,0.9814,0.0023,0.0265,-0.0346,0.0972,37.7656,0.0,0.0,0.0,36.8500003814697,no_change,,96.0,10.0
AAPL,2026-10-02,9,Put,302.5,AAPL261002P00302500,0.06,0.19,0.125,0.17,0.0,0.0,0.0,54.0,0.342,-0.0186,0.0023,0.0266,-0.0395,-0.0019,0.1279,0.0,0.0,0.0,0.179999999701977,down,2026-09-21T15:51:59,120.0,103.0
AAPL,2026-10-02,9,Call,305.0,AAPL261002C00305000,33.65,36.95,35.3,36.39,1.29,3.67521,15.0,112.0,0.3334,0.9777,0.0028,0.0309,-0.0402,0.0976,35.2928,35.6,38.63,35.37,35.1000003814697,down,2026-09-22T15:06:41,153.0,20.0
AAPL,2026-10-02,9,Put,305.0,AAPL261002P00305000,0.13,0.18,0.155,0.13,-0.08,-38.0952,135.0,1112.0,0.3321,-0.0223,0.0028,0.031,-0.0449,-0.0023,0.1516,0.17,0.24,0.13,0.21000000089407,down,2026-09-22T15:51:21,110.0,107.0
AAPL,2026-10-02,9,Call,307.5,AAPL261002C00307500,31.75,34.45,33.1,0.0,0.0,0.0,0.0,0.0,0.3784,0.973,0.0034,0.0362,-0.047,0.0979,32.827,0.0,0.0,0.0,32.4000005722046,no_change,,111.0,15.0
AAPL,2026-10-02,9,Put,307.5,AAPL261002P00307500,0.16,0.24,0.2,0.19,-0.06,-24.0,1.0,29.0,0.3242,-0.027,0.0035,0.0365,-0.0514,-0.0028,0.1823,0.19,0.19,0.19,0.250000007450581,down,2026-09-22T09:41:48,113.0,137.0
AAPL,2026-10-02,9,Call,310.0,AAPL261002C00310000,28.7,31.65,30.174999999999997,31.79,1.99,6.67786,13.0,1939.0,0.227,0.9669,0.0042,0.0429,-0.0552,0.098,30.3709,31.25,34.05,31.2,29.7999992370606,down,2026-09-22T13:20:31,180.0,11.0
AAPL,2026-10-02,9,Put,310.0,AAPL261002P00310000,0.19,0.25,0.22,0.22,-0.08,-26.6667,267.0,2304.0,0.3074,-0.0332,0.0042,0.043,-0.0594,-0.0034,0.2228,0.24,0.28,0.19,0.299999997019768,up,2026-09-22T15:55:00,102.0,16.0
AAPL,2026-10-02,9,Call,312.5,AAPL261002C00312500,26.25,29.65,27.95,24.35,0.0,0.0,0.0,25.0,0.3019,0.9589,0.0052,0.0511,-0.0654,0.0979,27.9284,0.0,0.0,0.0,27.25,up,2026-09-21T09:51:07,106.0,10.0
AAPL,2026-10-02,9,Put,312.5,AAPL261002P00312500,0.24,0.41,0.32499999999999996,0.24,-0.14,-36.8421,20.0,70.0,0.3069,-0.0413,0.0053,0.0514,-0.0693,-0.0042,0.2769,0.32,0.36,0.23,0.379999995231628,no_change,2026-09-22T13:58:06,30.0,124.0
AAPL,2026-10-02,9,Call,315.0,AAPL261002C00315000,24.55,26.25,25.4,26.0,1.05,4.20841,21.0,875.0,0.2681,0.9483,0.0065,0.0614,-0.0778,0.0976,25.5051,26.4,30.0,25.5,24.9500007629395,down,2026-09-22T14:51:11,185.0,21.0
AAPL,2026-10-02,9,Put,315.0,AAPL261002P00315000,0.31,0.39,0.35,0.37,-0.075,-16.8539,220.0,1780.0,0.2878,-0.052,0.0065,0.0615,-0.0815,-0.0053,0.3505,0.43,0.44,0.28,0.445000007748604,no_change,2026-09-22T15:58:30,95.0,69.0
AAPL,2026-10-02,9,Call,317.5,AAPL261002C00317500,21.55,24.75,23.15,26.99,4.165,18.2475,6.0,37.0,0.2846,0.9343,0.0081,0.0738,-0.0929,0.0968,23.1086,26.99,26.99,26.99,22.8249998092651,up,2026-09-22T11:15:51,107.0,10.0
AAPL,2026-10-02,9,Put,317.5,AAPL261002P00317500,0.41,0.51,0.45999999999999996,0.43,-0.14,-24.5614,81.0,194.0,0.2802,-0.0661,0.0081,0.0741,-0.0965,-0.0066,0.4511,0.46,0.54,0.36,0.569999992847443,up,2026-09-22T15:16:20,32.0,95.0
AAPL,2026-10-02,9,Call,320.0,AAPL261002C00320000,19.95,21.25,20.6,20.76,0.535,2.64524,55.0,1274.0,0.2523,0.9159,0.0101,0.0888,-0.111,0.0955,20.7488,21.65,24.47,20.5,20.2250003814697,down,2026-09-22T15:57:43,166.0,18.0
AAPL,2026-10-02,9,Put,320.0,AAPL261002P00320000,0.55,0.6,0.575,0.6,-0.12,-16.6667,798.0,2219.0,0.2693,-0.0846,0.0102,0.0894,-0.1145,-0.0083,0.5886,0.65,0.73,0.4,0.719999998807907,up,2026-09-22T15:59:35,82.0,40.0
AAPL,2026-10-02,9,Call,322.5,AAPL261002C00322500,17.65,19.2,18.424999999999997,19.78,1.63,8.98071,16.0,145.0,0.2623,0.892,0.0124,0.1064,-0.1321,0.0936,18.4386,19.2,21.16,19.2,18.1500005722046,down,2026-09-22T14:38:06,135.0,10.0
AAPL,2026-10-02,9,Put,322.5,AAPL261002P00322500,0.74,0.79,0.765,0.77,-0.165,-17.6471,526.0,743.0,0.2625,-0.1087,0.0125,0.1072,-0.1355,-0.011,0.776,1.01,1.01,0.56,0.935000002384186,down,2026-09-22T15:59:38,5.0,40.0
AAPL,2026-10-02,9,Call,325.0,AAPL261002C00325000,15.35,16.7,16.025,16.08,0.155,0.973311,80.0,1937.0,0.2429,0.8615,0.0152,0.1263,-0.1557,0.091,16.1942,16.95,19.33,15.95,15.9250001907349,up,2026-09-22T15:56:30,122.0,15.0
AAPL,2026-10-02,9,Put,325.0,AAPL261002P00325000,0.92,1.08,1.0,1.02,-0.215,-17.4089,901.0,2650.0,0.2547,-0.1395,0.0153,0.1266,-0.1591,-0.0138,1.0301,1.29,1.29,0.72,1.23500001430511,no_change,2026-09-22T15:59:28,71.0,65.0
AAPL,2026-10-02,9,Call,327.5,AAPL261002C00327500,12.95,14.75,13.85,14.1,0.3,2.17391,105.0,344.0,0.2383,0.8234,0.0182,0.1476,-0.181,0.0874,14.0346,16.0,16.99,13.8,13.8000001907349,down,2026-09-22T15:55:00,195.0,10.0
AAPL,2026-10-02,9,Put,327.5,AAPL261002P00327500,1.31,1.46,1.385,1.35,-0.27,-16.6667,500.0,4407.0,0.2527,-0.1781,0.0184,0.148,-0.1844,-0.0174,1.3701,1.4,1.63,0.95,1.62000000476837,up,2026-09-22T15:55:00,40.0,18.0
AAPL,2026-10-02,9,Call,330.0,AAPL261002C00330000,11.5,12.25,11.875,12.0,0.225,1.91083,392.0,1947.0,0.2398,0.7768,0.0214,0.1694,-0.2064,0.0829,11.982,12.38,16.13,11.78,11.7749996185303,no_change,2026-09-22T15:53:27,31.0,10.0
AAPL,2026-10-02,9,Put,330.0,AAPL261002P00330000,1.64,1.87,1.755,1.83,-0.28,-13.2701,5603.0,1760.0,0.2463,-0.2252,0.0217,0.1698,-0.2099,-0.0215,1.8181,1.9,2.22,1.24,2.11000001430511,down,2026-09-22T15:59:37,120.0,31.0
AAPL,2026-10-02,9,Call,332.5,AAPL261002C00332500,9.35,11.25,10.3,10.29,0.415,4.20253,120.0,309.0,0.2278,0.7216,0.0246,0.1899,-0.2299,0.0774,10.0599,11.31,14.05,9.98,9.875,down,2026-09-22T15:52:38,48.0,10.0
AAPL,2026-10-02,9,Put,332.5,AAPL261002P00332500,2.18,2.45,2.3150000000000004,2.39,-0.335,-12.2936,508.0,1021.0,0.2416,-0.2811,0.0248,0.1903,-0.2335,-0.0264,2.3983,2.58,2.73,1.6,2.72500002384186,up,2026-09-22T15:55:59,13.0,5.0
AAPL,2026-10-02,9,Call,335.0,AAPL261002C00335000,7.95,8.5,8.225,8.0,-0.15,-1.84049,682.0,3566.0,0.2346,0.6582,0.0273,0.2071,-0.249,0.0708,8.2923,9.35,12.65,7.9,8.15000009536743,down,2026-09-22T15:56:47,29.0,14.0
AAPL,2026-10-02,9,Put,335.0,AAPL261002P00335000,3.05,3.2,3.125,3.15,-0.4,-11.2676,1145.0,2761.0,0.2374,-0.3452,0.0276,0.2075,-0.2526,-0.0317,3.1347,3.4,3.5,2.15,3.54999995231628,no_change,2026-09-22T15:59:35,9.0,38.0
AAPL,2026-10-02,9,Call,337.5,AAPL261002C00337500,6.55,6.95,6.75,6.72,0.12,1.81818,482.0,1015.0,0.2368,0.5881,0.0294,0.2192,-0.2614,0.0635,6.701,7.7,10.7,6.37,6.59999990463257,up,2026-09-22T15:59:49,35.0,18.0
AAPL,2026-10-02,9,Put,337.5,AAPL261002P00337500,3.9,4.25,4.075,4.1,-0.4,-8.88889,522.0,557.0,0.2368,-0.4162,0.0297,0.2194,-0.265,-0.0373,4.0497,4.0,4.45,2.74,4.5,down,2026-09-22T15:58:36,5.0,85.0
AAPL,2026-10-02,9,Call,340.0,AAPL261002C00340000,5.2,5.45,5.325,5.3,0.05,0.952381,3572.0,6102.0,0.2328,0.5136,0.0304,0.2245,-0.2652,0.0556,5.303,5.65,9.02,5.0,5.25,up,2026-09-22T15:59:27,24.0,2.0
AAPL,2026-10-02,9,Put,340.0,AAPL261002P00340000,5.0,5.3,5.15,5.1,-0.5,-8.92857,1224.0,541.0,0.2314,-0.4918,0.0308,0.2243,-0.2688,-0.0429,5.1605,5.15,5.75,3.45,5.59999990463257,down,2026-09-22T15:59:38,34.0,6.0
AAPL,2026-10-02,9,Call,342.5,AAPL261002C00342500,3.95,4.25,4.1,4.1,0.025,0.613496,2455.0,968.0,0.2294,0.4376,0.0303,0.222,-0.2597,0.0475,4.1081,4.71,7.55,3.91,4.07500004768372,down,2026-09-22T15:59:56,72.0,28.0
AAPL,2026-10-02,9,Put,342.5,AAPL261002P00342500,6.25,6.8,6.525,6.5,-0.45,-6.47482,1313.0,36.0,0.232,-0.5688,0.0308,0.2212,-0.263,-0.0476,6.477,5.46,7.0,4.4,6.95000004768372,up,2026-09-22T15:55:00,6.0,67.0
AAPL,2026-10-02,9,Call,345.0,AAPL261002C00345000,3.05,3.25,3.15,3.07,-0.055,-1.76,4709.0,7374.0,0.2288,0.3635,0.0291,0.2118,-0.2452,0.0395,3.1161,3.1,6.15,2.94,3.125,no_change,2026-09-22T15:59:27,9.0,15.0
AAPL,2026-10-02,9,Put,345.0,AAPL261002P00345000,7.75,8.4,8.075,7.8,-0.7,-8.23529,825.0,1611.0,0.232,-0.6441,0.0295,0.2101,-0.2482,-0.0511,7.9992,6.1,8.3,5.49,8.5,up,2026-09-22T15:52:14,20.0,40.0
AAPL,2026-10-02,9,Call,347.5,AAPL261002C00347500,2.21,2.53,2.37,2.21,-0.11,-4.74138,588.0,696.0,0.2265,0.2944,0.0268,0.195,-0.2232,0.032,2.3166,2.32,4.95,2.2,2.3199999332428,up,2026-09-22T15:57:54,7.0,13.0
AAPL,2026-10-02,9,Put,347.5,AAPL261002P00347500,8.95,10.2,9.575,9.17,-1.405,-13.2861,55.0,26.0,0.22,-0.7145,0.0273,0.1915,-0.226,-0.0526,9.7175,8.5,10.0,7.44,10.5750002861023,down,2026-09-22T15:33:14,25.0,11.0
AAPL,2026-10-02,9,Call,350.0,AAPL261002C00350000,1.64,1.75,1.6949999999999998,1.75,0.045,2.6393,7721.0,3819.0,0.2277,0.2327,0.0238,0.1735,-0.1963,0.0253,1.6907,2.0,3.8,1.55,1.7049999833107,up,2026-09-22T15:59:56,20.0,35.0
AAPL,2026-10-02,9,Put,350.0,AAPL261002P00350000,10.5,12.3,11.4,11.67,-0.305,-2.54698,1552.0,64.0,0.2143,-0.7775,0.0243,0.1678,-0.1994,-0.053,11.6126,10.1,11.67,8.8,11.9750003814697,up,2026-09-22T15:58:05,39.0,28.0
AAPL,2026-10-02,9,Call,352.5,AAPL261002C00352500,1.15,1.25,1.2,1.12,-0.095,-7.81893,786.0,734.0,0.2266,0.1798,0.0203,0.1496,-0.1672,0.0195,1.214,1.35,2.93,1.12,1.21499997377396,down,2026-09-22T15:58:59,5.0,19.0
AAPL,2026-10-02,9,Put,352.5,AAPL261002P00352500,12.6,15.5,14.05,0.0,0.0,0.0,0.0,0.0,0.2543,-0.8319,0.021,0.1413,-0.1711,-0.0517,13.6597,0.0,0.0,0.0,14.4749999046326,no_change,,90.0,33.0
AAPL,2026-10-02,9,Call,355.0,AAPL261002C00355000,0.82,0.88,0.85,0.84,-0.02,-2.32558,718.0,6291.0,0.228,0.1362,0.0169,0.1253,-0.1383,0.0148,0.8601,0.95,2.18,0.8,0.859999984502792,down,2026-09-22T15:59:57,59.0,24.0
AAPL,2026-10-02,9,Put,355.0,AAPL261002P00355000,14.1,17.35,15.725000000000001,14.5,-2.05,-12.3867,3.0,25.0,0.2188,-0.8772,0.0177,0.1143,-0.1436,-0.0481,15.8326,16.0,16.0,12.75,16.5500001907349,up,2026-09-22T14:28:53,153.0,29.0
AAPL,2026-10-02,9,Call,357.5,AAPL261002C00357500,0.54,0.62,0.5800000000000001,0.6,-0.005,-0.826445,602.0,495.0,0.228,0.1015,0.0136,0.1024,-0.1116,0.011,0.6033,0.68,1.52,0.58,0.604999989271164,up,2026-09-22T15:59:57,98.0,29.0
AAPL,2026-10-02,9,Put,357.5,AAPL261002P00357500,16.4,19.75,18.075,18.5,0.0,0.0,0.0,27.0,0.2266,-0.9137,0.0145,0.0888,-0.118,-0.0421,18.1059,0.0,0.0,0.0,18.5749998092651,down,2026-09-21T15:40:00,111.0,11.0
AAPL,2026-10-02,9,Call,360.0,AAPL261002C00360000,0.39,0.44,0.41500000000000004,0.42,0.01,2.43903,1763.0,7612.0,0.2317,0.0747,0.0107,0.0821,-0.0884,0.0081,0.421,0.46,1.19,0.39,0.409999996423721,up,2026-09-22T15:59:22,82.0,84.0
AAPL,2026-10-02,9,Put,360.0,AAPL261002P00360000,18.8,22.3,20.55,20.25,-0.925,-4.36836,2.0,5.0,0.227,-0.9424,0.0118,0.0661,-0.0942,-0.0336,20.4561,21.4,21.4,20.25,21.1749992370605,down,2026-09-22T10:16:45,118.0,6.0
AAPL,2026-10-02,9,Call,362.5,AAPL261002C00362500,0.22,0.32,0.27,0.32,0.04,14.2857,269.0,134.0,0.2312,0.0546,0.0083,0.0648,-0.069,0.0059,0.2938,0.4,0.86,0.29,0.280000001192093,down,2026-09-22T15:32:49,60.0,42.0
AAPL,2026-10-02,9,Put,362.5,AAPL261002P00362500,21.2,24.55,22.875,0.0,0.0,0.0,0.0,0.0,0.238,-0.9644,0.0095,0.0473,-0.0725,-0.0215,22.8634,0.0,0.0,0.0,23.9750003814697,no_change,,106.0,10.0
AAPL,2026-10-02,9,Call,365.0,AAPL261002C00365000,0.17,0.21,0.19,0.23,0.045,24.3243,758.0,2860.0,0.2372,0.0399,0.0064,0.0507,-0.0536,0.0043,0.2063,0.46,0.58,0.2,0.185000002384186,up,2026-09-22T15:57:36,1.0,5.0
AAPL,2026-10-02,9,Put,365.0,AAPL261002P00365000,23.65,27.0,25.325,24.0,-2.1,-8.04597,2.0,13.0,0.2424,-0.9808,0.007,0.0297,-0.0568,-0.0195,25.314,23.15,24.0,23.15,26.0999994277954,up,2026-09-22T09:54:30,118.0,28.0
AAPL,2026-10-02,9,Call,367.5,AAPL261002C00367500,0.12,0.18,0.15,0.18,0.055,44.0,43.0,28.0,0.2448,0.0293,0.0048,0.0395,-0.0416,0.0032,0.1468,0.13,0.29,0.13,0.125,no_change,2026-09-22T15:38:44,31.0,16.0
AAPL,2026-10-02,9,Put,367.5,AAPL261002P00367500,26.15,29.4,27.775,0.0,0.0,0.0,0.0,0.0,0.0,-0.9907,0.0042,0.0123,-0.0474,-0.009,27.7936,0.0,0.0,0.0,28.8500003814697,no_change,,105.0,10.0
AAPL,2026-10-02,9,Call,370.0,AAPL261002C00370000,0.1,0.11,0.10500000000000001,0.11,0.025,29.4118,360.0,2520.0,0.2469,0.0217,0.0037,0.031,-0.0326,0.0023,0.1064,0.1,0.27,0.09,0.0850000008940697,no_change,2026-09-22T15:17:05,1.0,67.0
AAPL,2026-10-02,9,Put,370.0,AAPL261002P00370000,28.7,32.05,30.375,52.7,0.0,0.0,0.0,1.0,0.2962,-0.9962,0.0022,0.006,-0.0427,-0.0017,30.285,0.0,0.0,0.0,31.0500001907349,down,2026-08-20T09:55:35,127.0,10.0
AAPL,2026-10-02,9,Call,375.0,AAPL261002C00375000,0.04,0.07,0.05500000000000001,0.05,0.01,25.0,182.0,268.0,0.2562,0.0126,0.0022,0.0196,-0.0208,0.0014,0.0602,0.06,0.08,0.05,0.0400000000372529,no_change,2026-09-22T15:18:18,28.0,13.0
AAPL,2026-10-02,9,Put,375.0,AAPL261002P00375000,33.7,36.95,35.325,38.0,0.0,0.0,0.0,10.0,0.3148,-0.9996,0.0003,0.0005,-0.0412,0.0,35.2824,0.0,0.0,0.0,36.2750015258789,down,2026-09-21T10:06:55,112.0,16.0
AAPL,2026-10-02,9,Call,380.0,AAPL261002C00380000,0.03,0.04,0.035,0.03,0.005,20.0,268.0,397.0,0.2711,0.0079,0.0014,0.0132,-0.0143,0.0008,0.0377,0.04,0.06,0.03,0.0249999994412065,no_change,2026-09-22T14:47:16,10.0,5.0
AAPL,2026-10-02,9,Put,380.0,AAPL261002P00380000,38.85,41.95,40.400000000000006,45.74,0.0,0.0,0.0,0.0,0.3765,-1.0,0.0,0.0,-0.0412,0.0,40.2824,0.0,0.0,0.0,41.25,down,2026-09-11T12:28:22,145.0,1.0
AAPL,2026-10-02,9,Call,385.0,AAPL261002C00385000,0.02,0.04,0.03,0.03,0.01,50.0,22.0,592.0,0.294,0.0054,0.0009,0.0093,-0.0104,0.0006,0.0257,0.02,0.04,0.02,0.0199999995529652,up,2026-09-22T11:45:25,1.0,110.0
AAPL,2026-10-02,9,Put,385.0,AAPL261002P00385000,43.7,46.45,45.075,43.56,-2.715,-5.8671,83.0,0.0,0.0,-1.0,0.0,0.0,-0.0412,0.0,45.2824,42.39,43.64,42.39,46.2749996185303,up,2026-09-22T13:21:12,135.0,12.0
AAPL,2026-10-02,9,Call,390.0,AAPL261002C00390000,0.0,0.09,0.045,0.01,-0.015,-60.0,30.0,133.0,0.3076,0.0038,0.0006,0.0069,-0.008,0.0004,0.0186,0.09,0.09,0.01,0.0249999994412065,no_change,2026-09-22T10:45:22,0.0,123.0
AAPL,2026-10-02,9,Put,390.0,AAPL261002P00390000,48.85,51.9,50.375,0.0,0.0,0.0,0.0,0.0,0.4378,-1.0,0.0,0.0,-0.0412,0.0,50.2824,0.0,0.0,0.0,51.3500003814697,no_change,,117.0,10.0
AAPL,2026-10-02,9,Call,395.0,AAPL261002C00395000,0.0,0.06,0.03,0.02,0.0,0.0,0.0,180.0,0.3472,0.0028,0.0005,0.0052,-0.0062,0.0003,0.0139,0.0,0.0,0.0,0.0149999996647239,down,2026-09-21T09:45:48,0.0,53.0
AAPL,2026-10-02,9,Put,395.0,AAPL261002P00395000,53.85,56.95,55.400000000000006,0.0,0.0,0.0,0.0,0.0,0.4802,-1.0,0.0,0.0,-0.0412,0.0,55.2824,0.0,0.0,0.0,56.2750015258789,no_change,,117.0,6.0
AAPL,2026-10-02,9,Call,400.0,AAPL261002C00400000,0.0,0.05,0.025,0.01,-0.01,-50.0,4.0,508.0,0.3661,0.0021,0.0003,0.004,-0.005,0.0002,0.0107,0.01,0.01,0.01,0.0199999995529652,no_change,2026-09-22T10:37:51,0.0,328.0
AAPL,2026-10-02,9,Put,400.0,AAPL261002P00400000,58.7,61.95,60.325,0.0,0.0,0.0,0.0,0.0,0.4789,-1.0,0.0,0.0,-0.0412,0.0,60.2824,0.0,0.0,0.0,61.3500003814697,no_change,,110.0,19.0
AAPL,2026-10-02,9,Call,405.0,AAPL261002C00405000,0.0,0.51,0.255,0.05,0.0,0.0,0.0,30.0,0.5215,0.0016,0.0003,0.0031,-0.004,0.0002,0.0084,0.0,0.0,0.0,0.259999990463257,up,2026-09-18T15:45:25,0.0,99.0
AAPL,2026-10-02,9,Put,405.0,AAPL261002P00405000,63.7,66.95,65.325,0.0,0.0,0.0,0.0,0.0,0.5096,-1.0,0.0,0.0,-0.0412,0.0,65.2824,0.0,0.0,0.0,66.3250007629394,no_change,,157.0,1.0
AAPL,2026-10-02,9,Call,410.0,AAPL261002C00410000,0.0,0.52,0.26,0.08,0.0,0.0,0.0,22.0,0.5536,0.0012,0.0002,0.0025,-0.0033,0.0001,0.0066,0.0,0.0,0.0,0.254999995231628,no_change,2026-09-14T12:08:10,0.0,50.0
AAPL,2026-10-02,9,Put,410.0,AAPL261002P00410000,68.7,71.95,70.325,0.0,0.0,0.0,0.0,0.0,0.5395,-1.0,0.0,0.0,-0.0412,0.0,70.2824,0.0,0.0,0.0,71.375,no_change,,122.0,2.0
AAPL,2026-10-02,9,Call,415.0,AAPL261002C00415000,0.0,0.03,0.015,0.03,0.0,0.0,0.0,381.0,0.4187,0.001,0.0001,0.002,-0.0027,0.0001,0.0053,0.0,0.0,0.0,0.259999990463257,no_change,2026-09-14T11:23:59,0.0,70.0
AAPL,2026-10-02,9,Put,415.0,AAPL261002P00415000,73.7,77.15,75.42500000000001,0.0,0.0,0.0,0.0,0.0,0.617,-1.0,0.0,0.0,-0.0412,0.0,75.2824,0.0,0.0,0.0,76.125,no_change,,139.0,11.0
AAPL,2026-10-05,12,Call,245.0,AAPL261005C00245000,93.55,96.85,95.19999999999999,0.0,0.0,0.0,0.0,0.0,0.5729,0.999,0.0001,0.0021,0.0,0.087,95.1991,0.0,0.0,0.0,0.0,no_change,,99.0,7.0
AAPL,2026-10-05,12,Put,245.0,AAPL261005P00245000,0.0,0.44,0.22,0.0,0.0,0.0,0.0,0.0,0.798,-0.0009,0.0001,0.0021,-0.0035,-0.0001,0.0088,0.0,0.0,0.0,0.0,no_change,,0.0,53.0
AAPL,2026-10-05,12,Call,250.0,AAPL261005C00250000,88.3,91.9,90.1,0.0,0.0,0.0,0.0,0.0,0.0,0.9988,0.0001,0.0025,0.0,0.0887,90.2086,0.0,0.0,0.0,0.0,no_change,,100.0,7.0
AAPL,2026-10-05,12,Put,250.0,AAPL261005P00250000,0.0,0.42,0.21,0.0,0.0,0.0,0.0,0.0,0.7496,-0.0012,0.0001,0.0025,-0.0042,-0.0001,0.0108,0.0,0.0,0.0,0.0,no_change,,0.0,50.0
AAPL,2026-10-05,12,Call,255.0,AAPL261005C00255000,83.5,86.95,85.225,0.0,0.0,0.0,0.0,0.0,0.5381,0.9985,0.0001,0.0031,0.0,0.0904,85.2194,0.0,0.0,0.0,0.0,no_change,,102.0,7.0
AAPL,2026-10-05,12,Put,255.0,AAPL261005P00255000,0.0,0.4,0.2,0.0,0.0,0.0,0.0,0.0,0.7022,-0.0014,0.0001,0.0031,-0.005,-0.0002,0.0132,0.0,0.0,0.0,0.0,no_change,,0.0,42.0
AAPL,2026-10-05,12,Call,260.0,AAPL261005C00260000,78.5,81.6,80.05,0.0,0.0,0.0,0.0,0.0,0.0,0.9981,0.0002,0.0039,0.0,0.0922,80.2304,0.0,0.0,0.0,79.9749984741211,no_change,,111.0,2.0
AAPL,2026-10-05,12,Put,260.0,AAPL261005P00260000,0.0,0.37,0.185,0.0,0.0,0.0,0.0,0.0,0.6533,-0.0018,0.0002,0.0039,-0.0059,-0.0002,0.0162,0.0,0.0,0.0,1.07000005245209,no_change,,0.0,41.0
AAPL,2026-10-05,12,Call,265.0,AAPL261005C00265000,73.5,77.1,75.3,0.0,0.0,0.0,0.0,0.0,0.5671,0.9976,0.0002,0.0048,0.0,0.0939,75.2422,0.0,0.0,0.0,74.9500007629394,no_change,,126.0,8.0
AAPL,2026-10-05,12,Put,265.0,AAPL261005P00265000,0.0,0.33,0.165,0.0,0.0,0.0,0.0,0.0,0.6028,-0.0023,0.0002,0.0048,-0.0071,-0.0003,0.0201,0.0,0.0,0.0,1.07000005245209,no_change,,0.0,41.0
AAPL,2026-10-05,12,Call,270.0,AAPL261005C00270000,68.7,72.2,70.45,0.0,0.0,0.0,0.0,0.0,0.5869,0.997,0.0003,0.006,-0.0002,0.0956,70.2551,0.0,0.0,0.0,69.75,no_change,,120.0,13.0
AAPL,2026-10-05,12,Put,270.0,AAPL261005P00270000,0.0,0.27,0.135,0.0,0.0,0.0,0.0,0.0,0.5479,-0.003,0.0003,0.0061,-0.0085,-0.0004,0.025,0.0,0.0,0.0,1.07500004768372,no_change,,0.0,42.0
AAPL,2026-10-05,12,Call,275.0,AAPL261005C00275000,63.4,67.15,65.275,0.0,0.0,0.0,0.0,0.0,0.4815,0.9961,0.0004,0.0076,-0.0026,0.0973,65.2695,0.0,0.0,0.0,65.0250015258789,no_change,,113.0,2.0
AAPL,2026-10-05,12,Put,275.0,AAPL261005P00275000,0.0,0.19,0.095,0.0,0.0,0.0,0.0,0.0,0.4865,-0.0038,0.0004,0.0076,-0.0103,-0.0004,0.0315,0.0,0.0,0.0,1.08000004291534,no_change,,0.0,43.0
AAPL,2026-10-05,12,Call,280.0,AAPL261005C00280000,58.5,62.15,60.325,0.0,0.0,0.0,0.0,0.0,0.4555,0.995,0.0006,0.0097,-0.0054,0.0989,60.286,0.0,0.0,0.0,60.0750007629394,no_change,,116.0,2.0
AAPL,2026-10-05,12,Put,280.0,AAPL261005P00280000,0.0,0.21,0.105,0.0,0.0,0.0,0.0,0.0,0.4561,-0.005,0.0006,0.0097,-0.0125,-0.0006,0.04,0.0,0.0,0.0,0.354999989271164,no_change,,0.0,1.0
AAPL,2026-10-05,12,Call,285.0,AAPL261005C00285000,53.55,57.2,55.375,0.0,0.0,0.0,0.0,0.0,0.4276,0.9933,0.0008,0.0125,-0.0089,0.1005,55.3056,0.0,0.0,0.0,54.8500003814697,no_change,,108.0,10.0
AAPL,2026-10-05,12,Put,285.0,AAPL261005P00285000,0.0,0.19,0.095,0.0,0.0,0.0,0.0,0.0,0.4136,-0.0067,0.0008,0.0125,-0.0154,-0.0008,0.0517,0.0,0.0,0.0,1.10000002384186,no_change,,0.0,60.0
AAPL,2026-10-05,12,Call,290.0,AAPL261005C00290000,48.45,52.3,50.375,0.0,0.0,0.0,0.0,0.0,0.387,0.991,0.001,0.0162,-0.0132,0.102,50.3298,0.0,0.0,0.0,50.1499996185303,no_change,,133.0,7.0
AAPL,2026-10-05,12,Put,290.0,AAPL261005P00290000,0.0,0.25,0.125,0.09,0.0,0.0,0.0,1.0,0.3921,-0.009,0.001,0.0163,-0.0192,-0.0011,0.0681,0.0,0.0,0.0,0.084999998100102,no_change,2026-09-21T15:21:32,0.0,13.0
AAPL,2026-10-05,12,Call,295.0,AAPL261005C00295000,43.6,46.9,45.25,43.25,0.0,0.0,0.0,5.0,0.0,0.9876,0.0014,0.0214,-0.0188,0.1034,45.361,0.0,0.0,0.0,45.1999988555908,up,2026-09-21T14:34:13,126.0,10.0
AAPL,2026-10-05,12,Put,295.0,AAPL261005P00295000,0.0,0.31,0.155,0.0,0.0,0.0,0.0,0.0,0.3668,-0.0124,0.0015,0.0215,-0.0242,-0.0014,0.0917,0.0,0.0,0.0,0.114999996498227,no_change,,0.0,13.0
AAPL,2026-10-05,12,Call,300.0,AAPL261005C00300000,38.6,41.95,40.275000000000006,0.0,0.0,0.0,0.0,0.0,0.0,0.9826,0.0021,0.0288,-0.0262,0.1045,40.4041,0.0,0.0,0.0,40.2249984741211,no_change,,102.0,16.0
AAPL,2026-10-05,12,Put,300.0,AAPL261005P00300000,0.01,0.15,0.08,0.11,-0.05,-31.25,5.0,0.0,0.2996,-0.0175,0.0021,0.0289,-0.031,-0.0021,0.1271,0.15,0.15,0.09,0.159999996423721,up,2026-09-22T13:55:42,69.0,61.0
AAPL,2026-10-05,12,Call,302.5,AAPL261005C00302500,36.7,39.5,38.1,0.0,0.0,0.0,0.0,0.0,0.3512,0.979,0.0025,0.0336,-0.0308,0.105,37.9324,0.0,0.0,0.0,0.0,no_change,,100.0,9.0
AAPL,2026-10-05,12,Put,302.5,AAPL261005P00302500,0.01,0.18,0.095,0.1,0.1,0.0,6.0,0.0,0.289,-0.021,0.0025,0.0338,-0.0354,-0.0025,0.1516,0.18,0.18,0.1,0.0,no_change,2026-09-22T11:03:09,91.0,59.0
AAPL,2026-10-05,12,Call,305.0,AAPL261005C00305000,33.65,37.15,35.4,0.0,0.0,0.0,0.0,0.0,0.2793,0.9747,0.0031,0.0394,-0.0363,0.1053,35.4672,0.0,0.0,0.0,35.3500003814697,no_change,,103.0,10.0
AAPL,2026-10-05,12,Put,305.0,AAPL261005P00305000,0.03,0.21,0.12,0.13,-0.09,-40.9091,6.0,0.0,0.2808,-0.0254,0.0031,0.0396,-0.0406,-0.003,0.1825,0.21,0.21,0.13,0.219999998807907,no_change,2026-09-22T11:02:24,97.0,18.0
AAPL,2026-10-05,12,Call,307.5,AAPL261005C00307500,31.25,34.55,32.9,0.0,0.0,0.0,0.0,0.0,0.2599,0.9691,0.0037,0.0465,-0.0428,0.1055,33.0106,0.0,0.0,0.0,0.0,no_change,,106.0,14.0
AAPL,2026-10-05,12,Put,307.5,AAPL261005P00307500,0.06,0.24,0.15,0.16,0.16,0.0,6.0,0.0,0.272,-0.0311,0.0037,0.0467,-0.0468,-0.0036,0.2222,0.24,0.24,0.16,0.0,no_change,2026-09-22T11:01:38,126.0,7.0
AAPL,2026-10-05,12,Call,310.0,AAPL261005C00310000,28.65,32.1,30.375,0.0,0.0,0.0,0.0,0.0,0.2315,0.962,0.0046,0.055,-0.0505,0.1056,30.5658,0.0,0.0,0.0,30.4499988555908,no_change,,123.0,10.0
AAPL,2026-10-05,12,Put,310.0,AAPL261005P00310000,0.18,0.36,0.27,0.22,-0.165,-42.8571,15.0,57.0,0.2806,-0.0382,0.0046,0.0552,-0.0543,-0.0045,0.2738,0.39,0.39,0.22,0.385000005364418,no_change,2026-09-22T11:19:16,63.0,60.0
AAPL,2026-10-05,12,Call,312.5,AAPL261005C00312500,26.35,29.7,28.025,0.0,0.0,0.0,0.0,0.0,0.2529,0.9528,0.0056,0.0653,-0.0596,0.1053,28.1368,0.0,0.0,0.0,0.0,no_change,,100.0,10.0
AAPL,2026-10-05,12,Put,312.5,AAPL261005P00312500,0.18,0.51,0.345,0.42,0.42,0.0,1.0,0.0,0.2734,-0.0475,0.0056,0.0656,-0.0632,-0.0056,0.3414,0.42,0.42,0.42,0.0,up,2026-09-22T14:06:08,230.0,232.0
AAPL,2026-10-05,12,Call,315.0,AAPL261005C00315000,24.1,27.3,25.700000000000003,29.11,3.485,13.6,1.0,0.0,0.2608,0.941,0.0069,0.0777,-0.0706,0.1048,25.7296,29.11,29.11,29.11,25.625,up,2026-09-22T11:09:12,101.0,11.0
AAPL,2026-10-05,12,Put,315.0,AAPL261005P00315000,0.21,0.67,0.44,0.98,0.0,0.0,0.0,3.0,0.2659,-0.0594,0.0069,0.0782,-0.074,-0.007,0.4309,0.0,0.0,0.0,0.675000011920929,up,2026-09-21T09:40:52,70.0,14.0
AAPL,2026-10-05,12,Call,317.5,AAPL261005C00317500,21.45,24.9,23.174999999999997,0.0,0.0,0.0,0.0,0.0,0.2356,0.9258,0.0084,0.0926,-0.0834,0.1038,23.352,0.0,0.0,0.0,0.0,no_change,,109.0,5.0
AAPL,2026-10-05,12,Put,317.5,AAPL261005P00317500,0.34,0.8,0.5700000000000001,0.41,0.41,0.0,21.0,0.0,0.2594,-0.0747,0.0085,0.093,-0.0866,-0.0088,0.55,0.57,0.57,0.41,0.0,down,2026-09-22T12:20:21,150.0,134.0
AAPL,2026-10-05,12,Call,320.0,AAPL261005C00320000,19.35,22.0,20.675,19.0,0.0,0.0,0.0,1.0,0.2138,0.9064,0.0103,0.1098,-0.0983,0.1023,21.0131,0.0,0.0,0.0,20.8250007629395,up,2026-09-21T11:15:42,102.0,10.0
AAPL,2026-10-05,12,Put,320.0,AAPL261005P00320000,0.44,0.98,0.71,0.91,0.0,3.66798e-06,2.0,5.0,0.251,-0.0938,0.0104,0.11,-0.101,-0.011,0.7052,0.91,0.91,0.91,0.909999966621399,down,2026-09-22T09:32:05,70.0,10.0
AAPL,2026-10-05,12,Call,322.5,AAPL261005C00322500,17.05,19.65,18.35,0.0,0.0,0.0,0.0,0.0,0.2111,0.8817,0.0126,0.1295,-0.1152,0.1001,18.7264,0.0,0.0,0.0,0.0,no_change,,151.0,20.0
AAPL,2026-10-05,12,Put,322.5,AAPL261005P00322500,0.83,1.15,0.99,0.75,0.75,0.0,98.0,0.0,0.25,-0.1186,0.0126,0.1299,-0.1177,-0.0138,0.9151,1.0,1.0,0.66,0.0,up,2026-09-22T13:27:04,43.0,47.0
AAPL,2026-10-05,12,Call,325.0,AAPL261005C00325000,15.0,17.45,16.225,17.85,1.825,11.3885,5.0,1.0,0.2186,0.8509,0.0151,0.1514,-0.1336,0.0972,16.507,20.9,20.9,17.2,16.0249996185303,up,2026-09-22T13:46:02,176.0,24.0
AAPL,2026-10-05,12,Put,325.0,AAPL261005P00325000,1.1,1.42,1.26,1.24,-0.23,-15.6463,117.0,7.0,0.243,-0.1496,0.0152,0.1517,-0.1361,-0.0174,1.1927,1.66,1.66,0.89,1.47000002861023,no_change,2026-09-22T15:58:30,56.0,37.0
AAPL,2026-10-05,12,Call,327.5,AAPL261005C00327500,12.75,15.95,14.35,0.0,0.0,0.0,0.0,0.0,0.2321,0.813,0.0178,0.1745,-0.153,0.0934,14.3729,0.0,0.0,0.0,0.0,no_change,,138.0,11.0
AAPL,2026-10-05,12,Put,327.5,AAPL261005P00327500,1.45,1.86,1.655,1.42,1.42,0.0,22.0,0.0,0.2391,-0.1877,0.018,0.1748,-0.1553,-0.0217,1.5562,1.65,1.65,1.16,0.0,up,2026-09-22T14:04:29,19.0,65.0
AAPL,2026-10-05,12,Call,330.0,AAPL261005C00330000,10.75,13.65,12.2,14.0,2.175,18.3932,9.0,8.0,0.2215,0.7676,0.0207,0.1976,-0.172,0.0886,12.3446,14.44,14.44,13.99,11.8250002861023,up,2026-09-22T12:02:24,36.0,26.0
AAPL,2026-10-05,12,Put,330.0,AAPL261005P00330000,1.83,2.16,1.995,2.03,-0.5,-19.7628,65.0,46.0,0.2273,-0.2335,0.0208,0.1979,-0.1744,-0.0267,2.0261,2.12,2.62,1.48,2.52999997138977,no_change,2026-09-22T15:58:43,36.0,1.0
AAPL,2026-10-05,12,Call,332.5,AAPL261005C00332500,8.75,11.0,9.875,0.0,0.0,0.0,0.0,0.0,0.1983,0.7145,0.0234,0.2192,-0.1894,0.0828,10.4437,0.0,0.0,0.0,0.0,no_change,,37.0,14.0
AAPL,2026-10-05,12,Put,332.5,AAPL261005P00332500,2.5,3.0,2.75,2.32,2.32,0.0,13.0,0.0,0.2307,-0.287,0.0236,0.2195,-0.1919,-0.0323,2.6245,2.71,2.71,1.98,0.0,up,2026-09-22T13:58:56,7.0,57.0
AAPL,2026-10-05,12,Call,335.0,AAPL261005C00335000,7.5,9.05,8.275,8.55,-0.65,-7.06522,18.0,56.0,0.2038,0.6542,0.0258,0.2373,-0.2035,0.0761,8.6916,11.49,11.75,8.55,9.19999980926514,down,2026-09-22T15:55:01,44.0,5.0
AAPL,2026-10-05,12,Put,335.0,AAPL261005P00335000,3.2,3.8,3.5,3.1,-0.8,-20.5128,90.0,98.0,0.2268,-0.3479,0.0261,0.2376,-0.2062,-0.0385,3.373,2.71,3.81,2.5,3.90000009536743,down,2026-09-22T15:33:41,18.0,23.0
AAPL,2026-10-05,12,Call,337.5,AAPL261005C00337500,6.25,8.1,7.175,7.76,7.76,0.0,12.0,0.0,0.2123,0.5881,0.0276,0.25,-0.2128,0.0687,7.1077,8.35,9.3,7.0,0.0,down,2026-09-22T14:13:06,5.0,17.0
AAPL,2026-10-05,12,Put,337.5,AAPL261005P00337500,4.15,4.75,4.45,3.97,3.97,0.0,12.0,0.0,0.2249,-0.4148,0.028,0.2501,-0.2157,-0.0449,4.2913,3.9,4.65,3.22,0.0,up,2026-09-22T14:13:06,21.0,52.0
AAPL,2026-10-05,12,Call,340.0,AAPL261005C00340000,5.5,5.9,5.7,5.55,-0.25,-4.31034,129.0,29.0,0.215,0.518,0.0286,0.2559,-0.2159,0.0606,5.7063,6.7,9.2,5.55,5.79999995231628,down,2026-09-22T15:55:06,10.0,6.0
AAPL,2026-10-05,12,Put,340.0,AAPL261005P00340000,5.3,5.85,5.574999999999999,5.4,-0.65,-10.7438,48.0,20.0,0.2232,-0.4859,0.029,0.2555,-0.2191,-0.0512,5.3945,5.0,6.0,4.0,6.04999995231628,up,2026-09-22T15:54:10,28.0,30.0
AAPL,2026-10-05,12,Call,342.5,AAPL261005C00342500,4.15,4.7,4.425000000000001,4.9,4.9,0.0,152.0,0.0,0.2115,0.4465,0.0286,0.2539,-0.2123,0.0524,4.4957,6.92,6.92,4.75,0.0,up,2026-09-22T15:49:21,41.0,7.0
AAPL,2026-10-05,12,Put,342.5,AAPL261005P00342500,6.2,7.45,6.825,6.55,6.55,0.0,16.0,0.0,0.2196,-0.5587,0.0291,0.2528,-0.2158,-0.0569,6.6918,5.75,7.0,5.1,0.0,down,2026-09-22T15:52:30,36.0,81.0
AAPL,2026-10-05,12,Call,345.0,AAPL261005C00345000,3.15,3.65,3.4,3.32,-0.105,-3.06569,119.0,30.0,0.2098,0.3763,0.0276,0.2442,-0.2022,0.0442,3.4758,3.99,6.7,3.2,3.42499995231628,down,2026-09-22T15:55:06,55.0,11.0
AAPL,2026-10-05,12,Put,345.0,AAPL261005P00345000,6.8,9.7,8.25,8.0,-1.2,-13.0435,11.0,14.0,0.2157,-0.6303,0.0282,0.2419,-0.2059,-0.0615,8.1831,7.43,8.0,6.1,9.19999980926514,up,2026-09-22T15:52:47,32.0,29.0
AAPL,2026-10-05,12,Call,347.5,AAPL261005C00347500,2.31,2.92,2.615,2.62,2.62,0.0,80.0,0.0,0.2064,0.31,0.0258,0.2275,-0.1864,0.0365,2.6383,5.25,5.6,2.56,0.0,up,2026-09-22T15:59:40,69.0,1.0
AAPL,2026-10-05,12,Put,347.5,AAPL261005P00347500,8.8,11.4,10.100000000000001,0.0,0.0,0.0,0.0,0.0,0.2228,-0.6982,0.0265,0.2237,-0.1904,-0.0647,9.8606,0.0,0.0,0.0,0.0,no_change,,20.0,20.0
AAPL,2026-10-05,12,Call,350.0,AAPL261005C00350000,1.69,2.21,1.95,1.83,-0.17,-8.5,190.0,24.0,0.2056,0.2498,0.0233,0.2056,-0.1666,0.0294,1.9681,3.65,4.13,1.83,2.00000005960464,down,2026-09-22T15:56:44,20.0,34.0
AAPL,2026-10-05,12,Put,350.0,AAPL261005P00350000,10.65,13.65,12.15,9.67,-2.93,-23.254,4.0,2.0,0.2334,-0.7603,0.0241,0.1997,-0.1708,-0.066,11.7094,10.6,10.6,9.3,12.5999999046326,up,2026-09-22T12:37:49,45.0,63.0
AAPL,2026-10-05,12,Call,352.5,AAPL261005C00352500,1.2,1.51,1.355,2.2,2.2,0.0,13.0,0.0,0.2066,0.1971,0.0203,0.1805,-0.1446,0.0232,1.4447,2.28,2.28,1.5,0.0,up,2026-09-22T10:57:48,61.0,33.0
AAPL,2026-10-05,12,Put,352.5,AAPL261005P00352500,12.65,15.3,13.975000000000001,0.0,0.0,0.0,0.0,0.0,0.2269,-0.8151,0.0213,0.1718,-0.1495,-0.0647,13.7096,0.0,0.0,0.0,0.0,no_change,,20.0,20.0
AAPL,2026-10-05,12,Call,355.0,AAPL261005C00355000,0.84,1.21,1.025,1.08,-0.08,-6.89655,44.0,8.0,0.2107,0.1525,0.0172,0.1542,-0.122,0.0179,1.0457,1.19,2.25,1.0,1.16000002622604,down,2026-09-22T15:23:06,24.0,28.0
AAPL,2026-10-05,12,Put,355.0,AAPL261005P00355000,14.9,17.5,16.2,14.0,-2.625,-15.7895,1.0,1.0,0.2363,-0.8621,0.0184,0.1416,-0.1283,-0.0604,15.8392,14.0,14.0,14.0,16.625,down,2026-09-22T10:04:01,162.0,46.0
AAPL,2026-10-05,12,Call,357.5,AAPL261005C00357500,0.59,0.88,0.735,1.11,1.11,0.0,29.0,0.0,0.2119,0.1161,0.0142,0.1286,-0.1006,0.0136,0.7486,0.9,1.15,0.9,0.0,up,2026-09-22T12:58:52,59.0,56.0
AAPL,2026-10-05,12,Put,357.5,AAPL261005P00357500,16.9,20.0,18.45,0.0,0.0,0.0,0.0,0.0,0.2434,-0.9012,0.0154,0.1124,-0.1083,-0.0527,18.0758,0.0,0.0,0.0,0.0,no_change,,138.0,12.0
AAPL,2026-10-05,12,Call,360.0,AAPL261005C00360000,0.35,0.68,0.515,0.57,0.025,4.58715,399.0,6.0,0.2127,0.0872,0.0115,0.1051,-0.0812,0.0102,0.5319,0.62,1.58,0.52,0.545000016689301,down,2026-09-22T15:53:10,50.0,13.0
AAPL,2026-10-05,12,Put,360.0,AAPL261005P00360000,18.85,22.2,20.525,0.0,0.0,0.0,0.0,0.0,0.2288,-0.9329,0.013,0.0855,-0.0898,-0.0435,20.3974,0.0,0.0,0.0,21.5500001907349,no_change,,118.0,10.0
AAPL,2026-10-05,12,Call,362.5,AAPL261005C00362500,0.19,0.53,0.36,0.44,0.44,0.0,46.0,0.0,0.2145,0.0644,0.009,0.084,-0.0643,0.0075,0.3739,1.0,1.0,0.43,0.0,down,2026-09-22T15:45:24,48.0,34.0
AAPL,2026-10-05,12,Put,362.5,AAPL261005P00362500,21.25,24.3,22.775,22.5,22.5,0.0,20.0,0.0,0.214,-0.9586,0.0108,0.0601,-0.0734,-0.0338,22.7861,20.0,22.5,20.0,0.0,no_change,2026-09-22T14:57:47,105.0,10.0
AAPL,2026-10-05,12,Call,365.0,AAPL261005C00365000,0.11,0.4,0.255,0.29,0.07,31.8182,8.0,0.0,0.217,0.0478,0.007,0.0668,-0.0507,0.0056,0.266,0.37,0.43,0.29,0.219999998807907,down,2026-09-22T15:49:37,148.0,91.0
AAPL,2026-10-05,12,Put,365.0,AAPL261005P00365000,23.7,27.0,25.35,0.0,0.0,0.0,0.0,0.0,0.2453,-0.9774,0.008,0.0359,-0.0565,-0.0197,25.2264,0.0,0.0,0.0,26.1999998092651,no_change,,100.0,10.0
AAPL,2026-10-05,12,Call,370.0,AAPL261005C00370000,0.11,0.27,0.19,0.2,-0.085,-29.8246,33.0,0.0,0.2376,0.0267,0.0042,0.0421,-0.0317,0.0031,0.1398,0.29,0.29,0.13,0.284999996423721,down,2026-09-22T13:51:29,64.0,70.0
AAPL,2026-10-05,12,Put,370.0,AAPL261005P00370000,28.7,31.9,30.299999999999997,0.0,0.0,0.0,0.0,0.0,0.2717,-0.9962,0.0023,0.0054,-0.0414,-0.0032,30.1918,0.0,0.0,0.0,31.2249994277954,no_change,,113.0,8.0
AAPL,2026-10-05,12,Call,375.0,AAPL261005C00375000,0.05,0.1,0.07500000000000001,0.1,-0.985,-90.7834,2.0,0.0,0.2336,0.0158,0.0026,0.0272,-0.0207,0.0018,0.0801,0.1,0.1,0.1,1.08500003814697,no_change,2026-09-22T12:23:24,91.0,1.0
AAPL,2026-10-05,12,Put,375.0,AAPL261005P00375000,33.7,37.05,35.375,0.0,0.0,0.0,0.0,0.0,0.32,-0.9997,0.0002,0.0,-0.0392,0.0,35.1896,0.0,0.0,0.0,36.1999988555908,no_change,,103.0,13.0
AAPL,2026-10-05,12,Call,380.0,AAPL261005C00380000,0.02,0.12,0.06999999999999999,0.0,0.0,0.0,0.0,0.0,0.2584,0.0101,0.0017,0.0186,-0.0145,0.0012,0.0508,0.0,0.0,0.0,0.800000011920929,no_change,,9.0,1.0
AAPL,2026-10-05,12,Put,380.0,AAPL261005P00380000,38.7,41.95,40.325,0.0,0.0,0.0,0.0,0.0,0.3437,-1.0,0.0,0.0,-0.0392,0.0,40.1896,0.0,0.0,0.0,41.125,no_change,,99.0,8.0
AAPL,2026-10-05,12,Call,385.0,AAPL261005C00385000,0.0,0.3,0.15,0.43,-0.635,-59.6244,1.0,0.0,0.3158,0.0069,0.0011,0.0134,-0.0108,0.0008,0.0352,0.43,0.43,0.43,1.06500005722046,down,2026-09-22T09:33:31,0.0,30.0
AAPL,2026-10-05,12,Put,385.0,AAPL261005P00385000,43.7,47.15,45.425,0.0,0.0,0.0,0.0,0.0,0.3958,-1.0,0.0,0.0,-0.0392,0.0,45.1896,0.0,0.0,0.0,46.2250003814697,no_change,,114.0,15.0
AAPL,2026-10-05,12,Call,390.0,AAPL261005C00390000,0.0,0.39,0.195,0.0,0.0,0.0,0.0,0.0,0.3572,0.005,0.0008,0.01,-0.0083,0.0006,0.0257,0.0,0.0,0.0,1.06500005722046,no_change,,0.0,18.0
AAPL,2026-10-05,12,Put,390.0,AAPL261005P00390000,48.7,52.05,50.375,0.0,0.0,0.0,0.0,0.0,0.4182,-1.0,0.0,0.0,-0.0392,0.0,50.1896,0.0,0.0,0.0,51.1999988555908,no_change,,100.0,10.0
AAPL,2026-10-05,12,Call,395.0,AAPL261005C00395000,0.0,0.45,0.225,0.0,0.0,0.0,0.0,0.0,0.3921,0.0037,0.0006,0.0076,-0.0066,0.0004,0.0194,0.0,0.0,0.0,1.06500005722046,no_change,,0.0,69.0
AAPL,2026-10-05,12,Put,395.0,AAPL261005P00395000,53.7,56.95,55.325,0.0,0.0,0.0,0.0,0.0,0.4372,-1.0,0.0,0.0,-0.0392,0.0,55.1896,0.0,0.0,0.0,56.0250015258789,no_change,,117.0,7.0
AAPL,2026-10-05,12,Call,400.0,AAPL261005C00400000,0.0,0.48,0.24,0.0,0.0,0.0,0.0,0.0,0.4252,0.0028,0.0004,0.0059,-0.0053,0.0003,0.0149,0.0,0.0,0.0,1.06500005722046,no_change,,0.0,18.0
AAPL,2026-10-05,12,Put,400.0,AAPL261005P00400000,58.7,62.05,60.375,0.0,0.0,0.0,0.0,0.0,0.4794,-1.0,0.0,0.0,-0.0392,0.0,60.1896,0.0,0.0,0.0,61.3249988555908,no_change,,127.0,12.0
AAPL,2026-10-05,12,Call,405.0,AAPL261005C00405000,0.0,0.51,0.255,0.0,0.0,0.0,0.0,0.0,0.4569,0.0021,0.0003,0.0047,-0.0043,0.0002,0.0116,0.0,0.0,0.0,1.06500005722046,no_change,,0.0,46.0
AAPL,2026-10-05,12,Put,405.0,AAPL261005P00405000,63.65,67.05,65.35,0.0,0.0,0.0,0.0,0.0,0.5028,-1.0,0.0,0.0,-0.0392,0.0,65.1896,0.0,0.0,0.0,66.3000030517578,no_change,,136.0,7.0
AAPL,2026-10-07,14,Call,265.0,AAPL261007C00265000,73.2,77.25,75.225,0.0,0.0,0.0,0.0,0.0,0.4555,0.9961,0.0004,0.0083,-0.0014,0.1081,75.2357,0.0,0.0,0.0,0.0,no_change,,102.0,4.0
AAPL,2026-10-07,14,Put,265.0,AAPL261007P00265000,0.0,2.15,1.075,0.0,0.0,0.0,0.0,0.0,0.77,-0.0039,0.0004,0.0083,-0.011,-0.0005,0.0381,0.0,0.0,0.0,0.0,no_change,,0.0,19.0
AAPL,2026-10-07,14,Call,270.0,AAPL261007C00270000,68.35,72.3,70.32499999999999,0.0,0.0,0.0,0.0,0.0,0.5015,0.9951,0.0005,0.0102,-0.004,0.11,70.2536,0.0,0.0,0.0,0.0,no_change,,100.0,5.0
AAPL,2026-10-07,14,Put,270.0,AAPL261007P00270000,0.0,2.16,1.08,0.0,0.0,0.0,0.0,0.0,0.7234,-0.0049,0.0005,0.0102,-0.013,-0.0007,0.0467,0.0,0.0,0.0,0.0,no_change,,0.0,19.0
AAPL,2026-10-07,14,Call,275.0,AAPL261007C00275000,63.3,67.25,65.275,0.0,0.0,0.0,0.0,0.0,0.4279,0.9937,0.0006,0.0126,-0.0071,0.1119,65.2738,0.0,0.0,0.0,0.0,no_change,,106.0,7.0
AAPL,2026-10-07,14,Put,275.0,AAPL261007P00275000,0.0,2.17,1.085,0.0,0.0,0.0,0.0,0.0,0.6773,-0.0062,0.0006,0.0126,-0.0154,-0.0008,0.0578,0.0,0.0,0.0,0.0,no_change,,0.0,11.0
AAPL,2026-10-07,14,Call,280.0,AAPL261007C00280000,58.25,62.3,60.275,0.0,0.0,0.0,0.0,0.0,0.3877,0.992,0.0008,0.0156,-0.0106,0.1137,60.2972,0.0,0.0,0.0,0.0,no_change,,95.0,3.0
AAPL,2026-10-07,14,Put,280.0,AAPL261007P00280000,0.0,2.19,1.095,0.0,0.0,0.0,0.0,0.0,0.6321,-0.008,0.0008,0.0157,-0.0183,-0.0011,0.0721,0.0,0.0,0.0,0.0,no_change,,0.0,8.0
AAPL,2026-10-07,14,Call,285.0,AAPL261007C00285000,53.3,57.35,55.325,0.0,0.0,0.0,0.0,0.0,0.383,0.9896,0.001,0.0196,-0.0149,0.1154,55.3254,0.0,0.0,0.0,0.0,no_change,,98.0,6.0
AAPL,2026-10-07,14,Put,285.0,AAPL261007P00285000,0.0,2.21,1.105,0.0,0.0,0.0,0.0,0.0,0.5871,-0.0104,0.001,0.0197,-0.022,-0.0014,0.091,0.0,0.0,0.0,0.0,no_change,,0.0,15.0
AAPL,2026-10-07,14,Call,290.0,AAPL261007C00290000,49.15,52.15,50.65,0.0,0.0,0.0,0.0,0.0,0.4408,0.9864,0.0014,0.0249,-0.0201,0.117,50.3603,0.0,0.0,0.0,0.0,no_change,,125.0,4.0
AAPL,2026-10-07,14,Put,290.0,AAPL261007P00290000,0.0,2.23,1.115,0.0,0.0,0.0,0.0,0.0,0.5423,-0.0136,0.0014,0.025,-0.0266,-0.0018,0.1168,0.0,0.0,0.0,0.0,no_change,,0.0,31.0
AAPL,2026-10-07,14,Call,295.0,AAPL261007C00295000,43.55,47.5,45.525,0.0,0.0,0.0,0.0,0.0,0.3547,0.9818,0.0019,0.0319,-0.0266,0.1184,45.4057,0.0,0.0,0.0,0.0,no_change,,119.0,1.0
AAPL,2026-10-07,14,Put,295.0,AAPL261007P00295000,0.0,2.28,1.14,0.0,0.0,0.0,0.0,0.0,0.4986,-0.0182,0.0019,0.032,-0.0325,-0.0025,0.153,0.0,0.0,0.0,0.0,no_change,,0.0,70.0
AAPL,2026-10-07,14,Call,300.0,AAPL261007C00300000,39.3,42.4,40.849999999999994,0.0,0.0,0.0,0.0,0.0,0.3897,0.9751,0.0026,0.0416,-0.0351,0.1195,40.4676,0.0,0.0,0.0,0.0,no_change,,102.0,6.0
AAPL,2026-10-07,14,Put,300.0,AAPL261007P00300000,0.0,2.02,1.01,0.0,0.0,0.0,0.0,0.0,0.44,-0.025,0.0026,0.0417,-0.0403,-0.0034,0.2059,0.0,0.0,0.0,0.0,no_change,,0.0,6.0
AAPL,2026-10-07,14,Call,305.0,AAPL261007C00305000,33.55,37.6,35.575,0.0,0.0,0.0,0.0,0.0,0.3053,0.965,0.0037,0.0551,-0.0463,0.1201,35.5573,0.0,0.0,0.0,0.0,no_change,,110.0,6.0
AAPL,2026-10-07,14,Put,305.0,AAPL261007P00305000,0.0,1.1,0.55,0.0,0.0,0.0,0.0,0.0,0.3432,-0.0351,0.0037,0.0553,-0.0509,-0.0047,0.2866,0.0,0.0,0.0,0.0,no_change,,0.0,5.0
AAPL,2026-10-07,14,Call,310.0,AAPL261007C00310000,28.7,32.45,30.575000000000003,0.0,0.0,0.0,0.0,0.0,0.266,0.9493,0.0053,0.0741,-0.0615,0.12,30.6951,0.0,0.0,0.0,0.0,no_change,,104.0,4.0
AAPL,2026-10-07,14,Put,310.0,AAPL261007P00310000,0.0,0.51,0.255,0.0,0.0,0.0,0.0,0.0,0.2589,-0.0508,0.0053,0.0743,-0.0656,-0.0068,0.4156,0.0,0.0,0.0,0.0,no_change,,0.0,28.0
AAPL,2026-10-07,14,Call,315.0,AAPL261007C00315000,23.9,27.75,25.825,0.0,0.0,0.0,0.0,0.0,0.2593,0.9246,0.0076,0.1005,-0.0821,0.1185,25.917,0.0,0.0,0.0,0.0,no_change,,102.0,6.0
AAPL,2026-10-07,14,Put,315.0,AAPL261007P00315000,0.38,1.02,0.7,0.0,0.0,0.0,0.0,0.0,0.2762,-0.0756,0.0076,0.1007,-0.0857,-0.0102,0.6291,0.0,0.0,0.0,0.0,no_change,,9.0,8.0
AAPL,2026-10-07,14,Call,320.0,AAPL261007C00320000,20.15,22.7,21.424999999999997,21.64,21.64,0.0,1.0,0.0,0.2554,0.886,0.0109,0.1354,-0.1089,0.115,21.283,21.64,21.64,21.64,0.0,up,2026-09-22T10:33:04,143.0,1.0
AAPL,2026-10-07,14,Put,320.0,AAPL261007P00320000,0.84,1.14,0.99,1.14,1.14,0.0,25.0,0.0,0.2562,-0.1144,0.0109,0.1356,-0.1121,-0.0153,0.9874,1.07,1.14,0.76,0.0,up,2026-09-22T15:59:46,5.0,28.0
AAPL,2026-10-07,14,Call,325.0,AAPL261007C00325000,14.9,18.0,16.45,17.91,17.91,0.0,12.0,0.0,0.219,0.828,0.015,0.1778,-0.1408,0.1088,16.8837,19.01,19.64,17.91,0.0,down,2026-09-22T14:12:45,169.0,8.0
AAPL,2026-10-07,14,Put,325.0,AAPL261007P00325000,1.16,2.16,1.6600000000000001,2.17,2.17,0.0,9.0,0.0,0.2496,-0.1727,0.0151,0.1784,-0.1436,-0.0228,1.5816,1.22,2.17,1.22,0.0,up,2026-09-22T15:59:55,28.0,28.0
AAPL,2026-10-07,14,Call,330.0,AAPL261007C00330000,11.35,14.0,12.675,0.0,0.0,0.0,0.0,0.0,0.2289,0.7463,0.0196,0.2221,-0.1733,0.099,12.8404,0.0,0.0,0.0,0.0,no_change,,18.0,6.0
AAPL,2026-10-07,14,Put,330.0,AAPL261007P00330000,2.26,3.25,2.755,2.46,2.46,0.0,5.0,0.0,0.2464,-0.2552,0.0197,0.2225,-0.176,-0.0332,2.5347,2.3,2.46,1.94,0.0,up,2026-09-22T15:17:58,18.0,26.0
AAPL,2026-10-07,14,Call,335.0,AAPL261007C00335000,7.35,11.3,9.325,10.55,10.55,0.0,60.0,0.0,0.2312,0.6407,0.0235,0.2582,-0.1985,0.0856,9.2895,12.25,12.25,9.38,0.0,no_change,2026-09-22T13:43:06,37.0,41.0
AAPL,2026-10-07,14,Put,335.0,AAPL261007P00335000,3.7,4.8,4.25,4.13,4.13,0.0,13.0,0.0,0.2401,-0.3619,0.0238,0.2586,-0.2014,-0.0455,3.9845,3.98,4.2,3.52,0.0,up,2026-09-22T15:53:57,7.0,29.0
AAPL,2026-10-07,14,Call,340.0,AAPL261007C00340000,5.9,6.9,6.4,6.1,6.1,0.0,46.0,0.0,0.2267,0.5178,0.0256,0.2747,-0.2081,0.0697,6.3523,9.5,9.5,6.1,0.0,down,2026-09-22T15:55:00,19.0,6.0
AAPL,2026-10-07,14,Put,340.0,AAPL261007P00340000,5.4,6.65,6.025,6.0,6.0,0.0,57.0,0.0,0.2238,-0.4865,0.026,0.2744,-0.2113,-0.0592,6.0552,5.6,6.2,4.59,0.0,up,2026-09-22T15:54:01,34.0,6.0
AAPL,2026-10-07,14,Call,345.0,AAPL261007C00345000,3.7,4.75,4.225,4.05,4.05,0.0,104.0,0.0,0.2268,0.3907,0.025,0.265,-0.1975,0.0528,4.0925,7.5,7.5,3.92,0.0,down,2026-09-22T15:48:36,10.0,10.0
AAPL,2026-10-07,14,Put,345.0,AAPL261007P00345000,7.05,10.3,8.675,8.25,8.25,0.0,5.0,0.0,0.2165,-0.6161,0.0256,0.2632,-0.2012,-0.0702,8.8141,7.5,8.25,7.2,0.0,up,2026-09-22T13:56:15,11.0,5.0
AAPL,2026-10-07,14,Call,350.0,AAPL261007C00350000,2.1,3.1,2.6,2.41,2.41,0.0,18.0,0.0,0.2252,0.2744,0.0218,0.2312,-0.1694,0.0371,2.4876,3.81,3.81,2.2,0.0,up,2026-09-22T15:48:49,7.0,32.0
AAPL,2026-10-07,14,Put,350.0,AAPL261007P00350000,10.3,14.1,12.2,11.59,11.59,0.0,2.0,0.0,0.2184,-0.7355,0.0225,0.2259,-0.1733,-0.0757,12.2429,11.59,11.59,11.59,0.0,no_change,2026-09-22T10:46:28,20.0,20.0
AAPL,2026-10-07,14,Call,355.0,AAPL261007C00355000,1.14,1.93,1.535,1.62,1.62,0.0,27.0,0.0,0.2258,0.1802,0.0172,0.1835,-0.1321,0.0244,1.4369,1.5,2.25,1.18,0.0,up,2026-09-22T15:51:46,58.0,8.0
AAPL,2026-10-07,14,Put,355.0,AAPL261007P00355000,15.05,17.8,16.425,15.55,15.55,0.0,10.0,0.0,0.2311,-0.8335,0.0181,0.1728,-0.1368,-0.0717,16.241,15.55,15.55,15.55,0.0,up,2026-09-22T15:17:49,112.0,18.0
AAPL,2026-10-07,14,Call,360.0,AAPL261007C00360000,0.6,1.2,0.8999999999999999,1.01,1.01,0.0,117.0,0.0,0.2296,0.112,0.0124,0.1346,-0.0952,0.0151,0.8003,1.28,1.28,0.75,0.0,up,2026-09-22T15:25:50,8.0,40.0
AAPL,2026-10-07,14,Put,360.0,AAPL261007P00360000,19.5,22.65,21.075,0.0,0.0,0.0,0.0,0.0,0.2537,-0.9064,0.0135,0.1174,-0.1029,-0.0624,20.6706,0.0,0.0,0.0,0.0,no_change,,110.0,2.0
AAPL,2026-10-07,14,Call,365.0,AAPL261007C00365000,0.04,1.66,0.85,0.4,0.4,0.0,2.0,0.0,0.2726,0.0673,0.0083,0.093,-0.0651,0.0091,0.4403,0.62,0.62,0.4,0.0,down,2026-09-22T15:26:25,3.0,70.0
AAPL,2026-10-07,14,Put,365.0,AAPL261007P00365000,24.35,27.4,25.875,0.0,0.0,0.0,0.0,0.0,0.2786,-0.9569,0.0099,0.0632,-0.0737,-0.0401,25.3966,0.0,0.0,0.0,0.0,no_change,,99.0,9.0
AAPL,2026-10-07,14,Call,370.0,AAPL261007C00370000,0.0,2.3,1.15,0.0,0.0,0.0,0.0,0.0,0.3262,0.0403,0.0054,0.0627,-0.0437,0.0054,0.2475,0.0,0.0,0.0,0.0,no_change,,0.0,70.0
AAPL,2026-10-07,14,Put,370.0,AAPL261007P00370000,28.55,32.3,30.424999999999997,0.0,0.0,0.0,0.0,0.0,0.2638,-0.9866,0.0054,0.025,-0.052,-0.0159,30.3001,0.0,0.0,0.0,0.0,no_change,,97.0,6.0
AAPL,2026-10-07,14,Call,375.0,AAPL261007C00375000,0.0,2.21,1.105,0.48,0.48,0.0,2.0,0.0,0.3594,0.0249,0.0035,0.0426,-0.0299,0.0033,0.1471,0.48,0.48,0.48,0.0,no_change,2026-09-22T09:34:14,0.0,34.0
AAPL,2026-10-07,14,Put,375.0,AAPL261007P00375000,33.55,37.35,35.45,0.0,0.0,0.0,0.0,0.0,0.3006,-0.9977,0.0014,0.005,-0.0436,-0.0035,35.2832,0.0,0.0,0.0,0.0,no_change,,120.0,3.0
AAPL,2026-10-07,14,Call,380.0,AAPL261007C00380000,0.0,2.16,1.08,0.0,0.0,0.0,0.0,0.0,0.3925,0.0163,0.0023,0.0299,-0.0214,0.0022,0.0945,0.0,0.0,0.0,0.0,no_change,,0.0,30.0
AAPL,2026-10-07,14,Put,380.0,AAPL261007P00380000,39.2,42.25,40.725,0.0,0.0,0.0,0.0,0.0,0.371,-0.9997,0.0002,0.0,-0.0429,0.0,40.2824,0.0,0.0,0.0,0.0,no_change,,74.0,6.0
AAPL,2026-10-07,14,Call,385.0,AAPL261007C00385000,0.0,0.2,0.1,0.0,0.0,0.0,0.0,0.0,0.2771,0.0113,0.0016,0.0219,-0.0162,0.0015,0.0657,0.0,0.0,0.0,0.0,no_change,,0.0,1.0
AAPL,2026-10-07,14,Put,385.0,AAPL261007P00385000,43.55,47.3,45.425,0.0,0.0,0.0,0.0,0.0,0.3572,-1.0,0.0,0.0,-0.0429,0.0,45.2824,0.0,0.0,0.0,0.0,no_change,,98.0,5.0
AAPL,2026-10-07,14,Call,390.0,AAPL261007C00390000,0.0,2.13,1.065,0.0,0.0,0.0,0.0,0.0,0.4582,0.0082,0.0012,0.0165,-0.0126,0.0011,0.0478,0.0,0.0,0.0,0.0,no_change,,0.0,80.0
AAPL,2026-10-07,14,Put,390.0,AAPL261007P00390000,48.55,52.3,50.425,0.0,0.0,0.0,0.0,0.0,0.3866,-1.0,0.0,0.0,-0.0429,0.0,50.2824,0.0,0.0,0.0,0.0,no_change,,101.0,6.0
AAPL,2026-10-07,14,Call,395.0,AAPL261007C00395000,0.0,2.13,1.065,0.0,0.0,0.0,0.0,0.0,0.4902,0.0061,0.0009,0.0128,-0.0101,0.0008,0.0364,0.0,0.0,0.0,0.0,no_change,,0.0,28.0
AAPL,2026-10-07,14,Put,395.0,AAPL261007P00395000,53.55,57.35,55.45,0.0,0.0,0.0,0.0,0.0,0.4152,-1.0,0.0,0.0,-0.0429,0.0,55.2824,0.0,0.0,0.0,0.0,no_change,,139.0,1.0
AAPL,2026-10-07,14,Call,400.0,AAPL261007C00400000,0.0,1.13,0.565,0.0,0.0,0.0,0.0,0.0,0.4582,0.0047,0.0006,0.0101,-0.0083,0.0006,0.0283,0.0,0.0,0.0,0.0,no_change,,0.0,1.0
AAPL,2026-10-07,14,Put,400.0,AAPL261007P00400000,58.55,62.3,60.425,0.0,0.0,0.0,0.0,0.0,0.4432,-1.0,0.0,0.0,-0.0429,0.0,60.2824,0.0,0.0,0.0,0.0,no_change,,124.0,5.0
AAPL,2026-10-07,14,Call,405.0,AAPL261007C00405000,0.0,2.13,1.065,0.0,0.0,0.0,0.0,0.0,0.5517,0.0037,0.0005,0.0081,-0.0068,0.0005,0.0225,0.0,0.0,0.0,0.0,no_change,,0.0,35.0
AAPL,2026-10-07,14,Put,405.0,AAPL261007P00405000,63.55,67.3,65.425,0.0,0.0,0.0,0.0,0.0,0.4705,-1.0,0.0,0.0,-0.0429,0.0,65.2824,0.0,0.0,0.0,0.0,no_change,,106.0,6.0
AAPL,2026-10-07,14,Call,410.0,AAPL261007C00410000,0.0,1.43,0.715,0.0,0.0,0.0,0.0,0.0,0.5364,0.0029,0.0004,0.0066,-0.0057,0.0004,0.0181,0.0,0.0,0.0,0.0,no_change,,0.0,9.0
AAPL,2026-10-07,14,Put,410.0,AAPL261007P00410000,68.55,72.3,70.425,0.0,0.0,0.0,0.0,0.0,0.4973,-1.0,0.0,0.0,-0.0429,0.0,70.2824,0.0,0.0,0.0,0.0,no_change,,107.0,6.0
AAPL,2026-10-09,16,Call,110.0,AAPL261009C00110000,228.3,232.05,230.175,0.0,0.0,0.0,0.0,0.0,2.0839,1.0,0.0,0.0,0.0,0.0571,229.9661,0.0,0.0,0.0,229.349998474121,no_change,,155.0,13.0
AAPL,2026-10-09,16,Put,110.0,AAPL261009P00110000,0.0,0.52,0.26,0.14,0.0,0.0,0.0,100.0,2.2078,0.0,0.0,0.0,-0.0001,0.0,0.0003,0.0,0.0,0.0,0.259999990463257,no_change,2026-09-16T14:16:00,0.0,13.0
AAPL,2026-10-09,16,Call,120.0,AAPL261009C00120000,218.4,222.0,220.2,213.52,0.0,0.0,0.0,1.0,1.9946,1.0,0.0,0.0001,0.0,0.0623,219.9895,0.0,0.0,0.0,219.525001525879,up,2026-09-11T15:14:11,140.0,10.0
AAPL,2026-10-09,16,Put,120.0,AAPL261009P00120000,0.0,0.52,0.26,0.0,0.0,0.0,0.0,0.0,2.0461,0.0,0.0,0.0001,-0.0002,0.0,0.0004,0.0,0.0,0.0,0.259999990463257,no_change,,0.0,14.0
AAPL,2026-10-09,16,Call,125.0,AAPL261009C00125000,213.35,217.0,215.175,0.0,0.0,0.0,0.0,0.0,1.8782,1.0,0.0,0.0001,0.0,0.0649,215.0012,0.0,0.0,0.0,214.475006103516,no_change,,80.0,2.0
AAPL,2026-10-09,16,Put,125.0,AAPL261009P00125000,0.0,0.52,0.26,0.0,0.0,0.0,0.0,0.0,1.9704,0.0,0.0,0.0001,-0.0002,0.0,0.0005,0.0,0.0,0.0,0.259999990463257,no_change,,0.0,14.0
AAPL,2026-10-09,16,Call,130.0,AAPL261009C00130000,208.4,212.0,210.2,0.0,0.0,0.0,0.0,0.0,1.8242,1.0,0.0,0.0001,0.0,0.0675,210.013,0.0,0.0,0.0,209.400001525879,no_change,,112.0,4.0
AAPL,2026-10-09,16,Put,130.0,AAPL261009P00130000,0.0,0.52,0.26,0.01,0.0,0.0,0.0,8.0,1.8977,0.0,0.0,0.0001,-0.0002,0.0,0.0005,0.0,0.0,0.0,0.259999990463257,no_change,2026-09-01T11:46:16,0.0,15.0
AAPL,2026-10-09,16,Call,135.0,AAPL261009C00135000,203.3,207.0,205.15,0.0,0.0,0.0,0.0,0.0,1.6792,0.9999,0.0,0.0001,0.0,0.07,205.0247,0.0,0.0,0.0,204.5,no_change,,101.0,6.0
AAPL,2026-10-09,16,Put,135.0,AAPL261009P00135000,0.0,0.52,0.26,0.0,0.0,0.0,0.0,0.0,1.8278,0.0,0.0,0.0001,-0.0003,0.0,0.0006,0.0,0.0,0.0,0.259999990463257,no_change,,0.0,15.0
AAPL,2026-10-09,16,Call,140.0,AAPL261009C00140000,198.45,202.0,200.225,0.0,0.0,0.0,0.0,0.0,1.6937,0.9999,0.0,0.0001,0.0,0.0727,200.0365,0.0,0.0,0.0,199.524993896484,no_change,,120.0,2.0
AAPL,2026-10-09,16,Put,140.0,AAPL261009P00140000,0.0,0.52,0.26,0.0,0.0,0.0,0.0,0.0,1.7606,0.0,0.0,0.0001,-0.0003,0.0,0.0008,0.0,0.0,0.0,0.259999990463257,no_change,,0.0,16.0
AAPL,2026-10-09,16,Call,145.0,AAPL261009C00145000,193.4,197.1,195.25,0.0,0.0,0.0,0.0,0.0,1.6188,0.9999,0.0,0.0002,0.0,0.0752,195.0483,0.0,0.0,0.0,194.524993896484,no_change,,131.0,3.0
AAPL,2026-10-09,16,Put,145.0,AAPL261009P00145000,0.0,0.52,0.26,0.0,0.0,0.0,0.0,0.0,1.6956,0.0,0.0,0.0002,-0.0004,0.0,0.0009,0.0,0.0,0.0,0.259999990463257,no_change,,0.0,16.0
AAPL,2026-10-09,16,Call,150.0,AAPL261009C00150000,188.45,192.1,190.27499999999998,0.0,0.0,0.0,0.0,0.0,1.5721,0.9999,0.0,0.0002,0.0,0.0778,190.0601,0.0,0.0,0.0,189.375,no_change,,154.0,2.0
AAPL,2026-10-09,16,Put,150.0,AAPL261009P00150000,0.0,0.52,0.26,0.0,0.0,0.0,0.0,0.0,1.6329,-0.0001,0.0,0.0002,-0.0004,0.0,0.001,0.0,0.0,0.0,0.259999990463257,no_change,,0.0,16.0
AAPL,2026-10-09,16,Call,155.0,AAPL261009C00155000,183.45,187.05,185.25,0.0,0.0,0.0,0.0,0.0,1.5021,0.9999,0.0,0.0002,0.0,0.0804,185.0719,0.0,0.0,0.0,184.549995422363,no_change,,100.0,8.0
AAPL,2026-10-09,16,Put,155.0,AAPL261009P00155000,0.0,0.52,0.26,0.0,0.0,0.0,0.0,0.0,1.5723,-0.0001,0.0,0.0002,-0.0005,0.0,0.0012,0.0,0.0,0.0,0.259999990463257,no_change,,0.0,17.0
AAPL,2026-10-09,16,Call,160.0,AAPL261009C00160000,178.4,182.05,180.22500000000002,0.0,0.0,0.0,0.0,0.0,1.4078,0.9999,0.0,0.0003,0.0,0.083,180.0837,0.0,0.0,0.0,179.574996948242,no_change,,117.0,10.0
AAPL,2026-10-09,16,Put,160.0,AAPL261009P00160000,0.0,0.52,0.26,0.0,0.0,0.0,0.0,0.0,1.5135,-0.0001,0.0,0.0003,-0.0006,0.0,0.0014,0.0,0.0,0.0,0.259999990463257,no_change,,0.0,17.0
AAPL,2026-10-09,16,Call,165.0,AAPL261009C00165000,173.45,177.15,175.3,0.0,0.0,0.0,0.0,0.0,1.3926,0.9999,0.0,0.0003,0.0,0.0856,175.0956,0.0,0.0,0.0,174.574996948242,no_change,,80.0,20.0
AAPL,2026-10-09,16,Put,165.0,AAPL261009P00165000,0.0,0.52,0.26,0.0,0.0,0.0,0.0,0.0,1.4566,-0.0001,0.0,0.0003,-0.0007,0.0,0.0017,0.0,0.0,0.0,0.259999990463257,no_change,,0.0,18.0
AAPL,2026-10-09,16,Call,170.0,AAPL261009C00170000,168.5,172.15,170.325,0.0,0.0,0.0,0.0,0.0,1.351,0.9998,0.0,0.0004,0.0,0.0882,170.1076,0.0,0.0,0.0,169.5,no_change,,106.0,1.0
AAPL,2026-10-09,16,Put,170.0,AAPL261009P00170000,0.0,0.52,0.26,0.0,0.0,0.0,0.0,0.0,1.4013,-0.0001,0.0,0.0004,-0.0008,0.0,0.002,0.0,0.0,0.0,0.259999990463257,no_change,,0.0,18.0
AAPL,2026-10-09,16,Call,175.0,AAPL261009C00175000,163.5,167.2,165.35,0.0,0.0,0.0,0.0,0.0,1.213,0.9998,0.0,0.0004,0.0,0.0908,165.1196,0.0,0.0,0.0,164.574996948242,no_change,,110.0,1.0
AAPL,2026-10-09,16,Put,175.0,AAPL261009P00175000,0.0,0.52,0.26,0.0,0.0,0.0,0.0,0.0,1.3475,-0.0001,0.0,0.0004,-0.0009,0.0,0.0023,0.0,0.0,0.0,0.259999990463257,no_change,,0.0,19.0
AAPL,2026-10-09,16,Call,180.0,AAPL261009C00180000,158.4,162.1,160.25,0.0,0.0,0.0,0.0,0.0,1.1807,0.9998,0.0,0.0005,0.0,0.0934,160.1316,0.0,0.0,0.0,159.599998474121,no_change,,132.0,2.0
AAPL,2026-10-09,16,Put,180.0,AAPL261009P00180000,0.0,0.52,0.26,0.0,0.0,0.0,0.0,0.0,1.2953,-0.0002,0.0,0.0005,-0.001,0.0,0.0027,0.0,0.0,0.0,0.259999990463257,no_change,,0.0,19.0
AAPL,2026-10-09,16,Call,185.0,AAPL261009C00185000,153.5,157.1,155.3,0.0,0.0,0.0,0.0,0.0,1.1706,0.9998,0.0,0.0006,0.0,0.096,155.1437,0.0,0.0,0.0,154.625,no_change,,111.0,8.0
AAPL,2026-10-09,16,Put,185.0,AAPL261009P00185000,0.0,0.52,0.26,0.0,0.0,0.0,0.0,0.0,1.2444,-0.0002,0.0,0.0006,-0.0012,0.0,0.0032,0.0,0.0,0.0,0.259999990463257,no_change,,0.0,19.0
AAPL,2026-10-09,16,Call,190.0,AAPL261009C00190000,148.55,152.15,150.35000000000002,0.0,0.0,0.0,0.0,0.0,1.1535,0.9997,0.0,0.0007,0.0,0.0986,150.1559,0.0,0.0,0.0,149.549995422363,no_change,,117.0,10.0
AAPL,2026-10-09,16,Put,190.0,AAPL261009P00190000,0.0,0.52,0.26,0.03,0.0,0.0,0.0,21.0,1.1948,-0.0003,0.0,0.0007,-0.0013,0.0,0.0037,0.0,0.0,0.0,0.259999990463257,down,2026-09-08T10:22:50,0.0,20.0
AAPL,2026-10-09,16,Call,195.0,AAPL261009C00195000,143.5,147.15,145.325,141.39,0.0,0.0,0.0,1.0,1.079,0.9997,0.0,0.0009,0.0,0.1011,145.1682,0.0,0.0,0.0,144.699996948242,up,2026-09-18T14:37:37,118.0,4.0
AAPL,2026-10-09,16,Put,195.0,AAPL261009P00195000,0.0,0.51,0.255,0.03,0.0,0.0,0.0,6.0,1.143,-0.0003,0.0,0.0009,-0.0016,0.0,0.0044,0.0,0.0,0.0,0.254999995231628,down,2026-09-04T13:21:38,0.0,20.0
AAPL,2026-10-09,16,Call,200.0,AAPL261009C00200000,138.5,142.05,140.275,0.0,0.0,0.0,0.0,0.0,0.9778,0.9996,0.0,0.001,0.0,0.1037,140.1807,0.0,0.0,0.0,139.699996948242,no_change,,118.0,10.0
AAPL,2026-10-09,16,Put,200.0,AAPL261009P00200000,0.0,0.36,0.18,0.03,0.0,0.0,0.0,20.0,1.0486,-0.0004,0.0,0.001,-0.0018,-0.0001,0.0051,0.0,0.0,0.0,0.25,no_change,2026-09-10T15:52:58,0.0,10.0
AAPL,2026-10-09,16,Call,205.0,AAPL261009C00205000,133.55,137.3,135.425,0.0,0.0,0.0,0.0,0.0,0.9232,0.9995,0.0,0.0012,0.0,0.1063,135.1932,0.0,0.0,0.0,134.724998474121,no_change,,141.0,1.0
AAPL,2026-10-09,16,Put,205.0,AAPL261009P00205000,0.0,0.36,0.18,0.04,0.0,0.0,0.0,26.0,1.0043,-0.0004,0.0,0.0012,-0.0021,-0.0001,0.0061,0.0,0.0,0.0,0.234999999403954,down,2026-09-09T09:58:45,0.0,10.0
AAPL,2026-10-09,16,Call,210.0,AAPL261009C00210000,128.5,132.05,130.275,128.06,0.0,0.0,0.0,1.0,0.8692,0.9994,0.0,0.0014,0.0,0.1089,130.206,0.0,0.0,0.0,130.0,up,2026-09-21T12:45:01,105.0,12.0
AAPL,2026-10-09,16,Put,210.0,AAPL261009P00210000,0.0,0.48,0.24,0.03,0.0,0.0,0.0,3.0,0.9967,-0.0006,0.0,0.0014,-0.0024,-0.0001,0.0072,0.0,0.0,0.0,0.239999994635582,no_change,2026-09-11T12:51:13,0.0,21.0
AAPL,2026-10-09,16,Call,215.0,AAPL261009C00215000,123.55,127.3,125.425,115.81,0.0,0.0,0.0,16.0,0.9079,0.9993,0.0,0.0017,0.0,0.1115,125.2189,0.0,0.0,0.0,124.75,no_change,2026-09-15T13:35:51,80.0,12.0
AAPL,2026-10-09,16,Put,215.0,AAPL261009P00215000,0.0,0.47,0.235,0.03,0.0,0.0,0.0,14.0,0.9503,-0.0007,0.0,0.0017,-0.0028,-0.0001,0.0085,0.0,0.0,0.0,0.234999999403954,down,2026-09-11T12:51:42,0.0,22.0
AAPL,2026-10-09,16,Call,220.0,AAPL261009C00220000,118.65,122.2,120.42500000000001,101.32,0.0,0.0,0.0,1.0,0.8902,0.9992,0.0001,0.002,0.0,0.114,120.2321,0.0,0.0,0.0,119.700000762939,up,2026-09-04T10:49:07,121.0,9.0
AAPL,2026-10-09,16,Put,220.0,AAPL261009P00220000,0.0,0.46,0.23,0.08,0.0,0.0,0.0,11.0,0.9049,-0.0008,0.0001,0.002,-0.0032,-0.0001,0.01,0.0,0.0,0.0,0.224999994039536,up,2026-09-15T15:45:33,0.0,22.0
AAPL,2026-10-09,16,Call,225.0,AAPL261009C00225000,113.6,117.3,115.44999999999999,111.7,0.0,0.0,0.0,1.0,0.8275,0.999,0.0001,0.0024,0.0,0.1166,115.2457,0.0,0.0,0.0,115.049999237061,up,2026-09-17T13:08:08,120.0,2.0
AAPL,2026-10-09,16,Put,225.0,AAPL261009P00225000,0.0,0.46,0.23,0.03,0.0,0.0,0.0,11.0,0.8631,-0.001,0.0001,0.0024,-0.0037,-0.0002,0.0119,0.0,0.0,0.0,0.219999998807907,no_change,2026-09-17T10:36:50,0.0,23.0
AAPL,2026-10-09,16,Call,230.0,AAPL261009C00230000,108.65,112.1,110.375,0.0,0.0,0.0,0.0,0.0,0.7639,0.9988,0.0001,0.0029,0.0,0.1192,110.2596,0.0,0.0,0.0,109.724998474121,no_change,,102.0,12.0
AAPL,2026-10-09,16,Put,230.0,AAPL261009P00230000,0.0,0.44,0.22,0.03,0.0,0.0,0.0,14.0,0.8171,-0.0012,0.0001,0.0029,-0.0043,-0.0002,0.0142,0.0,0.0,0.0,0.215000003576279,down,2026-09-16T10:08:51,0.0,29.0
AAPL,2026-10-09,16,Call,235.0,AAPL261009C00235000,103.7,107.1,105.4,101.7,0.0,0.0,0.0,65.0,0.7349,0.9986,0.0001,0.0035,0.0,0.1217,105.2739,0.0,0.0,0.0,104.724998474121,no_change,2026-09-18T15:12:29,101.0,10.0
AAPL,2026-10-09,16,Put,235.0,AAPL261009P00235000,0.01,0.16,0.085,0.03,-0.005,-14.2857,70.0,36.0,0.691,-0.0014,0.0001,0.0035,-0.005,-0.0002,0.0169,0.03,0.03,0.03,0.034999999217689,no_change,2026-09-22T10:19:38,3.0,48.0
AAPL,2026-10-09,16,Call,240.0,AAPL261009C00240000,98.65,102.1,100.375,94.35,0.0,0.0,0.0,1.0,0.6724,0.9982,0.0001,0.0042,0.0,0.1242,100.2889,0.0,0.0,0.0,99.75,up,2026-09-17T11:50:04,100.0,12.0
AAPL,2026-10-09,16,Put,240.0,AAPL261009P00240000,0.01,0.03,0.02,0.03,-0.005,-14.2857,272.0,24.0,0.5655,-0.0017,0.0001,0.0042,-0.0058,-0.0003,0.0202,0.03,0.04,0.03,0.034999999217689,no_change,2026-09-22T10:20:28,3.0,34.0
AAPL,2026-10-09,16,Call,245.0,AAPL261009C00245000,93.65,97.1,95.375,90.64,0.0,0.0,0.0,4.0,0.6279,0.9978,0.0002,0.0051,0.0,0.1268,95.3046,0.0,0.0,0.0,94.7750015258789,down,2026-09-18T12:06:01,104.0,12.0
AAPL,2026-10-09,16,Put,245.0,AAPL261009P00245000,0.01,0.04,0.025,0.03,-0.005,-14.2857,42.0,117.0,0.5458,-0.0021,0.0002,0.0051,-0.0068,-0.0004,0.0242,0.03,0.03,0.03,0.034999999217689,no_change,2026-09-22T10:17:40,2.0,12.0
AAPL,2026-10-09,16,Call,250.0,AAPL261009C00250000,88.75,92.15,90.45,87.0,0.0,0.0,0.0,3.0,0.6322,0.9974,0.0002,0.0061,0.0,0.1293,90.3211,0.0,0.0,0.0,89.8500022888184,up,2026-09-18T09:37:50,105.0,12.0
AAPL,2026-10-09,16,Put,250.0,AAPL261009P00250000,0.01,0.09,0.049999999999999996,0.04,0.005,14.2857,310.0,76.0,0.5241,-0.0026,0.0002,0.0061,-0.0079,-0.0004,0.0291,0.03,0.04,0.03,0.034999999217689,no_change,2026-09-22T10:20:23,28.0,13.0
AAPL,2026-10-09,16,Call,255.0,AAPL261009C00255000,83.7,87.15,85.42500000000001,62.69,0.0,0.0,0.0,20.0,0.5761,0.9967,0.0003,0.0074,0.0,0.1318,85.3388,0.0,0.0,0.0,84.7250022888184,down,2026-09-08T13:45:30,124.0,12.0
AAPL,2026-10-09,16,Put,255.0,AAPL261009P00255000,0.01,0.07,0.04,0.04,0.005,14.2857,55.0,1044.0,0.5078,-0.0032,0.0003,0.0074,-0.0092,-0.0005,0.0352,0.06,0.06,0.04,0.0350000001490116,no_change,2026-09-22T11:36:20,4.0,77.0
AAPL,2026-10-09,16,Call,260.0,AAPL261009C00260000,78.75,82.15,80.45,73.7,0.0,0.0,0.0,10.0,0.5488,0.996,0.0003,0.009,-0.0018,0.1342,80.3579,0.0,0.0,0.0,79.8999977111816,down,2026-09-14T13:02:25,115.0,10.0
AAPL,2026-10-09,16,Put,260.0,AAPL261009P00260000,0.01,0.06,0.034999999999999996,0.04,-0.005,-11.1111,2.0,383.0,0.4767,-0.004,0.0003,0.009,-0.0108,-0.0007,0.0426,0.04,0.04,0.04,0.0449999989941716,no_change,2026-09-22T14:11:25,14.0,10.0
AAPL,2026-10-09,16,Call,265.0,AAPL261009C00265000,73.8,77.15,75.475,66.97,0.0,0.0,0.0,16.0,0.5208,0.995,0.0004,0.011,-0.0042,0.1366,75.3789,0.0,0.0,0.0,75.0249977111816,up,2026-09-15T09:56:03,101.0,10.0
AAPL,2026-10-09,16,Put,265.0,AAPL261009P00265000,0.01,0.11,0.06,0.06,-0.005,-7.69231,4.0,73.0,0.4663,-0.005,0.0004,0.011,-0.0127,-0.0008,0.0519,0.06,0.06,0.06,0.0650000013411045,no_change,2026-09-22T14:59:42,54.0,176.0
AAPL,2026-10-09,16,Call,270.0,AAPL261009C00270000,68.8,72.2,70.5,62.06,0.0,0.0,0.0,18.0,0.4922,0.9937,0.0006,0.0134,-0.007,0.139,70.4021,0.0,0.0,0.0,69.9500007629394,up,2026-09-15T09:56:03,117.0,6.0
AAPL,2026-10-09,16,Put,270.0,AAPL261009P00270000,0.04,0.07,0.05500000000000001,0.07,-0.01,-12.5,3.0,923.0,0.4306,-0.0063,0.0006,0.0134,-0.0149,-0.001,0.0635,0.07,0.07,0.07,0.080000001937151,no_change,2026-09-22T10:39:15,1.0,7.0
AAPL,2026-10-09,16,Call,275.0,AAPL261009C00275000,64.8,67.25,66.025,67.53,2.58,3.97229,8.0,18.0,0.5787,0.9921,0.0007,0.0165,-0.0102,0.1413,65.4284,67.49,67.53,67.39,64.9500007629394,up,2026-09-22T09:53:42,71.0,12.0
AAPL,2026-10-09,16,Put,275.0,AAPL261009P00275000,0.07,0.09,0.08,0.08,-0.015,-15.7895,7.0,309.0,0.418,-0.0079,0.0007,0.0165,-0.0176,-0.0013,0.0781,0.11,0.11,0.08,0.0949999988079071,down,2026-09-22T10:50:26,1.0,13.0
AAPL,2026-10-09,16,Call,280.0,AAPL261009C00280000,58.85,62.3,60.575,59.92,0.0,0.0,0.0,261.0,0.4415,0.99,0.0009,0.0203,-0.0139,0.1435,60.4587,0.0,0.0,0.0,60.1499996185303,up,2026-09-21T15:32:25,147.0,23.0
AAPL,2026-10-09,16,Put,280.0,AAPL261009P00280000,0.07,0.2,0.135,0.09,-0.03,-25.0,6.0,331.0,0.4133,-0.0101,0.0009,0.0204,-0.0208,-0.0017,0.0972,0.09,0.11,0.09,0.119999997317791,no_change,2026-09-22T15:37:54,55.0,192.0
AAPL,2026-10-09,16,Call,285.0,AAPL261009C00285000,53.85,57.15,55.5,53.4,0.0,0.0,0.0,79.0,0.3771,0.9871,0.0012,0.0252,-0.0183,0.1456,55.4945,0.0,0.0,0.0,54.6000003814697,no_change,2026-09-21T10:30:45,114.0,12.0
AAPL,2026-10-09,16,Put,285.0,AAPL261009P00285000,0.09,0.14,0.115,0.11,-0.035,-24.1379,11.0,622.0,0.3726,-0.0129,0.0012,0.0253,-0.0246,-0.0021,0.1211,0.13,0.14,0.09,0.144999995827675,down,2026-09-22T15:26:37,13.0,13.0
AAPL,2026-10-09,16,Call,290.0,AAPL261009C00290000,48.9,52.5,50.7,50.01,0.0,0.0,0.0,35.0,0.397,0.9833,0.0016,0.0315,-0.0236,0.1476,50.5383,0.0,0.0,0.0,50.25,up,2026-09-21T15:59:11,103.0,9.0
AAPL,2026-10-09,16,Put,290.0,AAPL261009P00290000,0.13,0.16,0.14500000000000002,0.15,-0.045,-23.0769,200.0,839.0,0.3513,-0.0167,0.0016,0.0316,-0.0294,-0.0028,0.1539,0.18,0.19,0.14,0.195000000298023,no_change,2026-09-22T15:11:26,73.0,1.0
AAPL,2026-10-09,16,Call,295.0,AAPL261009C00295000,44.0,47.25,45.625,47.45,2.35,5.21064,100.0,161.0,0.342,0.9781,0.0021,0.0398,-0.0301,0.1492,45.594,47.73,47.73,47.45,45.1000003814697,down,2026-09-22T13:46:20,166.0,49.0
AAPL,2026-10-09,16,Put,295.0,AAPL261009P00295000,0.18,0.22,0.2,0.2,-0.06,-23.0769,11.0,425.0,0.3346,-0.022,0.0021,0.04,-0.0354,-0.0036,0.1982,0.2,0.23,0.2,0.259999997913837,down,2026-09-22T12:07:38,24.0,29.0
AAPL,2026-10-09,16,Call,300.0,AAPL261009C00300000,39.8,41.75,40.775,41.22,1.12,2.79302,3.0,110.0,0.3346,0.9705,0.0029,0.0508,-0.0383,0.1505,40.6688,45.0,45.0,41.22,40.0999984741211,down,2026-09-22T15:46:23,137.0,20.0
AAPL,2026-10-09,16,Put,300.0,AAPL261009P00300000,0.25,0.31,0.28,0.25,-0.09,-26.4706,75.0,1466.0,0.3184,-0.0296,0.0029,0.0512,-0.0431,-0.0049,0.2617,0.32,0.32,0.24,0.340000003576279,down,2026-09-22T15:37:04,78.0,100.0
AAPL,2026-10-09,16,Call,305.0,AAPL261009C00305000,34.2,37.6,35.900000000000006,35.1,-0.2,-0.56657,1.0,88.0,0.3146,0.9594,0.004,0.066,-0.0491,0.1511,35.7754,35.1,35.1,35.1,35.2999992370606,no_change,2026-09-22T10:13:41,122.0,10.0
AAPL,2026-10-09,16,Put,305.0,AAPL261009P00305000,0.34,0.4,0.37,0.36,-0.11,-23.4043,62.0,705.0,0.2984,-0.0409,0.004,0.0663,-0.0535,-0.0067,0.3575,0.4,0.43,0.33,0.469999998807907,up,2026-09-22T15:26:37,114.0,38.0
AAPL,2026-10-09,16,Call,310.0,AAPL261009C00310000,29.2,31.95,30.575,30.61,0.26,0.856674,5.0,250.0,0.2214,0.9424,0.0056,0.087,-0.0636,0.1506,30.9366,31.65,31.65,30.61,30.3499994277954,down,2026-09-22T15:42:33,165.0,16.0
AAPL,2026-10-09,16,Put,310.0,AAPL261009P00310000,0.49,0.55,0.52,0.5,-0.15,-23.0769,189.0,548.0,0.2812,-0.058,0.0056,0.0873,-0.0676,-0.0094,0.5085,0.58,0.58,0.44,0.650000005960464,no_change,2026-09-22T15:44:57,5.0,10.0
AAPL,2026-10-09,16,Call,312.5,AAPL261009C00312500,27.0,30.2,28.6,27.34,0.0,0.0,0.0,10.0,0.2774,0.9307,0.0066,0.1003,-0.0727,0.1498,28.549,0.0,0.0,0.0,28.0249996185303,down,2026-09-21T12:30:47,126.0,10.0
AAPL,2026-10-09,16,Put,312.5,AAPL261009P00312500,0.54,0.68,0.6100000000000001,0.58,-0.21,-26.5823,164.0,6.0,0.2716,-0.0698,0.0067,0.101,-0.0765,-0.0111,0.6162,0.73,0.81,0.54,0.790000021457672,up,2026-09-22T15:39:43,35.0,22.0
AAPL,2026-10-09,16,Call,315.0,AAPL261009C00315000,24.9,27.25,26.075,26.73,1.13,4.41406,25.0,530.0,0.2544,0.9162,0.0079,0.1156,-0.083,0.1485,26.1915,26.9,28.95,26.73,25.6000003814697,down,2026-09-22T15:44:23,181.0,17.0
AAPL,2026-10-09,16,Put,315.0,AAPL261009P00315000,0.71,0.87,0.79,0.8,-0.115,-12.5683,97.0,1328.0,0.2685,-0.0845,0.0079,0.1162,-0.0867,-0.0136,0.754,0.8,0.9,0.63,0.91499999165535,up,2026-09-22T15:58:40,33.0,107.0
AAPL,2026-10-09,16,Call,317.5,AAPL261009C00317500,22.7,25.0,23.85,0.0,0.0,0.0,0.0,0.0,0.2552,0.8983,0.0093,0.1331,-0.0947,0.1465,23.8721,0.0,0.0,0.0,23.2000007629395,no_change,,1.0,21.0
AAPL,2026-10-09,16,Put,317.5,AAPL261009P00317500,0.85,1.04,0.9450000000000001,0.79,-0.355,-31.0044,14.0,23.0,0.26,-0.1026,0.0094,0.1337,-0.0983,-0.0162,0.9309,1.02,1.02,0.79,1.14499998092651,down,2026-09-22T12:36:07,41.0,41.0
AAPL,2026-10-09,16,Call,320.0,AAPL261009C00320000,20.05,22.7,21.375,21.5,0.25,1.17647,81.0,518.0,0.2372,0.8764,0.011,0.1524,-0.1076,0.1439,21.6015,25.0,25.93,21.11,21.25,down,2026-09-22T15:55:00,188.0,13.0
AAPL,2026-10-09,16,Put,320.0,AAPL261009P00320000,1.15,1.22,1.185,1.18,-0.18,-13.2353,345.0,1437.0,0.255,-0.1248,0.0111,0.1538,-0.1111,-0.0196,1.1563,1.16,1.37,0.92,1.35999995470047,no_change,2026-09-22T15:57:37,5.0,8.0
AAPL,2026-10-09,16,Call,322.5,AAPL261009C00322500,17.75,20.5,19.125,20.95,1.775,9.25685,1.0,1.0,0.2316,0.8499,0.0128,0.1736,-0.1216,0.1403,19.3912,20.95,20.95,20.95,19.1749992370605,up,2026-09-22T13:33:51,140.0,10.0
AAPL,2026-10-09,16,Put,322.5,AAPL261009P00322500,1.32,1.61,1.465,1.39,-0.325,-18.9504,13.0,277.0,0.2491,-0.1516,0.0129,0.1742,-0.125,-0.0239,1.4435,1.32,1.78,1.28,1.71499997377396,no_change,2026-09-22T14:52:07,32.0,37.0
AAPL,2026-10-09,16,Call,325.0,AAPL261009C00325000,16.55,18.15,17.35,17.0,-0.225,-1.30624,68.0,705.0,0.248,0.8182,0.0147,0.196,-0.1362,0.1358,17.2548,18.8,20.53,17.0,17.2249994277954,down,2026-09-22T15:56:44,86.0,16.0
AAPL,2026-10-09,16,Put,325.0,AAPL261009P00325000,1.73,1.98,1.855,1.85,-0.265,-12.5296,256.0,774.0,0.2456,-0.1837,0.0149,0.1969,-0.1396,-0.0284,1.8058,1.75,2.2,1.4,2.11500000953674,up,2026-09-22T15:59:02,8.0,27.0
AAPL,2026-10-09,16,Call,327.5,AAPL261009C00327500,14.95,15.75,15.35,15.73,0.955,6.46362,81.0,6.0,0.2454,0.7811,0.0168,0.2184,-0.1508,0.1304,15.207,15.62,17.6,14.25,14.7750000953674,up,2026-09-22T15:59:18,21.0,28.0
AAPL,2026-10-09,16,Put,327.5,AAPL261009P00327500,2.15,2.44,2.295,2.29,-0.3,-11.583,47.0,46.0,0.2406,-0.2213,0.017,0.2198,-0.1541,-0.0336,2.2573,2.25,2.54,1.79,2.5900000333786,no_change,2026-09-22T15:58:09,24.0,26.0
AAPL,2026-10-09,16,Call,330.0,AAPL261009C00330000,12.55,14.55,13.55,13.03,-0.07,-0.53435,137.0,4696.0,0.2261,0.7385,0.0188,0.24,-0.1646,0.1238,13.2632,13.99,17.7,12.85,13.0999999046326,down,2026-09-22T15:57:33,38.0,2.0
AAPL,2026-10-09,16,Put,330.0,AAPL261009P00330000,2.74,2.96,2.85,2.85,-0.35,-10.9375,379.0,1013.0,0.2366,-0.2644,0.019,0.2419,-0.1679,-0.0399,2.8132,2.76,3.35,2.15,3.19999992847443,no_change,2026-09-22T15:58:09,7.0,16.0
AAPL,2026-10-09,16,Call,332.5,AAPL261009C00332500,10.85,11.85,11.35,11.8,0.4,3.50877,43.0,4.0,0.2283,0.6905,0.0206,0.2596,-0.1767,0.1162,11.4384,13.95,14.95,11.72,11.4000000953674,down,2026-09-22T14:51:58,41.0,9.0
AAPL,2026-10-09,16,Put,332.5,AAPL261009P00332500,3.4,3.75,3.575,3.32,-0.605,-15.414,165.0,28.0,0.235,-0.3132,0.0209,0.2603,-0.1801,-0.047,3.4916,2.96,3.95,2.76,3.92500007152557,down,2026-09-22T15:37:04,29.0,33.0
AAPL,2026-10-09,16,Call,335.0,AAPL261009C00335000,9.4,10.05,9.725000000000001,9.55,-0.1,-1.03627,173.0,1600.0,0.228,0.6378,0.0222,0.2756,-0.1863,0.1077,9.7468,10.29,13.82,9.53,9.65000009536743,down,2026-09-22T15:57:33,47.0,18.0
AAPL,2026-10-09,16,Put,335.0,AAPL261009P00335000,4.2,4.55,4.375,4.55,-0.2,-4.21053,157.0,661.0,0.2314,-0.3668,0.0226,0.2762,-0.1897,-0.054,4.3055,4.51,4.7,3.29,4.75,up,2026-09-22T15:59:14,8.0,14.0
AAPL,2026-10-09,16,Call,337.5,AAPL261009C00337500,7.9,8.55,8.225000000000001,8.0,-0.175,-2.14067,499.0,67.0,0.2271,0.5811,0.0234,0.2868,-0.1924,0.0985,8.2007,9.9,12.3,8.0,8.17499995231628,no_change,2026-09-22T15:55:01,36.0,8.0
AAPL,2026-10-09,16,Put,337.5,AAPL261009P00337500,5.15,5.5,5.325,5.4,-0.375,-6.49351,127.0,96.0,0.2292,-0.4244,0.0238,0.2871,-0.196,-0.0607,5.2671,4.8,5.95,4.15,5.77500009536743,no_change,2026-09-22T15:59:17,5.0,15.0
AAPL,2026-10-09,16,Call,340.0,AAPL261009C00340000,6.7,7.05,6.875,6.67,-0.105,-1.54981,1148.0,2865.0,0.2264,0.5219,0.0241,0.2923,-0.1946,0.0887,6.8093,8.6,10.51,6.6,6.77499985694885,up,2026-09-22T15:57:33,37.0,41.0
AAPL,2026-10-09,16,Put,340.0,AAPL261009P00340000,6.1,6.65,6.375,6.57,-0.33,-4.78261,312.0,232.0,0.2272,-0.4848,0.0246,0.2918,-0.1983,-0.0674,6.3855,6.25,7.0,4.71,6.90000009536743,no_change,2026-09-22T15:56:59,13.0,18.0
AAPL,2026-10-09,16,Call,342.5,AAPL261009C00342500,5.4,5.8,5.6,5.5,-0.075,-1.34529,483.0,145.0,0.223,0.4615,0.0242,0.2915,-0.1925,0.0786,5.5778,5.9,8.65,5.5,5.57499980926514,down,2026-09-22T15:56:43,78.0,10.0
AAPL,2026-10-09,16,Put,342.5,AAPL261009P00342500,7.45,7.95,7.7,7.78,-0.42,-5.12195,84.0,4.0,0.2243,-0.5465,0.0248,0.2896,-0.1963,-0.0731,7.6664,6.31,7.78,5.9,8.19999980926514,up,2026-09-22T15:57:43,34.0,11.0
AAPL,2026-10-09,16,Call,345.0,AAPL261009C00345000,4.45,4.7,4.575,4.54,0.04,0.888889,898.0,4606.0,0.2232,0.4016,0.0238,0.2841,-0.1861,0.0686,4.5068,4.9,7.59,4.35,4.5,no_change,2026-09-22T15:59:27,35.0,20.0
AAPL,2026-10-09,16,Put,345.0,AAPL261009P00345000,8.7,9.65,9.175,8.6,-1.075,-11.1111,54.0,43.0,0.2231,-0.6077,0.0244,0.2814,-0.19,-0.0786,9.1109,6.9,9.75,6.9,9.6749997138977,up,2026-09-22T15:38:50,17.0,10.0
AAPL,2026-10-09,16,Call,347.5,AAPL261009C00347500,3.4,4.0,3.7,3.35,-0.275,-7.58621,92.0,68.0,0.219,0.3439,0.0227,0.2708,-0.1758,0.0588,3.5923,3.98,6.08,3.35,3.625,down,2026-09-22T15:57:11,59.0,16.0
AAPL,2026-10-09,16,Put,347.5,AAPL261009P00347500,10.25,11.4,10.825,0.0,0.0,0.0,0.0,0.0,0.2237,-0.667,0.0234,0.2673,-0.1798,-0.0842,10.7171,0.0,0.0,0.0,11.2250003814697,no_change,,17.0,11.0
AAPL,2026-10-09,16,Call,350.0,AAPL261009C00350000,2.8,2.94,2.87,2.92,0.055,1.91972,878.0,3069.0,0.2206,0.2897,0.0212,0.2524,-0.1624,0.0495,2.8258,3.05,5.25,2.8,2.86500000953674,up,2026-09-22T15:51:24,1.0,5.0
AAPL,2026-10-09,16,Put,350.0,AAPL261009P00350000,11.4,13.75,12.575,10.65,-2.575,-19.4707,401.0,29.0,0.2228,-0.7229,0.0219,0.2467,-0.1663,-0.0869,12.4762,10.0,10.65,10.0,13.2249999046326,up,2026-09-22T12:43:05,65.0,43.0
AAPL,2026-10-09,16,Call,352.5,AAPL261009C00352500,2.04,2.46,2.25,2.16,-0.08,-3.57143,203.0,214.0,0.2207,0.2402,0.0193,0.2302,-0.1467,0.0411,2.1955,3.05,4.2,2.14,2.24000000953674,up,2026-09-22T15:59:18,48.0,52.0
AAPL,2026-10-09,16,Put,352.5,AAPL261009P00352500,13.35,15.15,14.25,0.0,0.0,0.0,0.0,0.0,0.2126,-0.7741,0.02,0.221,-0.1505,-0.0855,14.3753,0.0,0.0,0.0,15.125,no_change,,35.0,25.0
AAPL,2026-10-09,16,Call,355.0,AAPL261009C00355000,1.58,1.78,1.6800000000000002,1.69,-0.035,-2.02898,984.0,1010.0,0.2179,0.1962,0.0172,0.2057,-0.1298,0.0336,1.6867,1.87,3.46,1.6,1.72499996423721,up,2026-09-22T15:58:07,41.0,40.0
AAPL,2026-10-09,16,Put,355.0,AAPL261009P00355000,15.35,17.35,16.35,15.6,-1.775,-10.2158,10.0,9.0,0.2156,-0.82,0.018,0.1924,-0.1339,-0.0831,16.399,15.6,15.6,15.6,17.375,down,2026-09-22T13:56:48,118.0,150.0
AAPL,2026-10-09,16,Call,357.5,AAPL261009C00357500,1.16,1.38,1.27,1.31,-0.015,-1.13207,384.0,63.0,0.2177,0.1581,0.015,0.1802,-0.1126,0.0271,1.2832,1.77,2.63,1.3,1.32499998807907,down,2026-09-22T15:48:17,39.0,33.0
AAPL,2026-10-09,16,Put,357.5,AAPL261009P00357500,17.45,20.1,18.775,0.0,0.0,0.0,0.0,0.0,0.2331,-0.8604,0.016,0.1626,-0.1178,-0.0784,18.532,0.0,0.0,0.0,19.0500001907349,no_change,,159.0,20.0
AAPL,2026-10-09,16,Call,360.0,AAPL261009C00360000,0.9,1.02,0.96,0.97,-0.01,-1.02041,3051.0,2517.0,0.2184,0.1258,0.0128,0.1551,-0.0961,0.0215,0.9686,1.02,2.23,0.93,0.979999989271164,no_change,2026-09-22T15:58:55,64.0,31.0
AAPL,2026-10-09,16,Put,360.0,AAPL261009P00360000,19.7,22.35,21.025,19.95,-2.075,-9.42111,3.0,32.0,0.238,-0.8952,0.0139,0.1349,-0.1029,-0.0711,20.7585,19.95,19.95,19.95,22.0249996185303,down,2026-09-22T13:56:07,162.0,28.0
AAPL,2026-10-09,16,Call,365.0,AAPL261009C00365000,0.46,0.61,0.535,0.57,0.035,6.54206,878.0,1279.0,0.2204,0.0776,0.0089,0.1103,-0.0672,0.0132,0.5447,0.99,1.18,0.56,0.534999996423721,no_change,2026-09-22T15:50:00,50.0,63.0
AAPL,2026-10-09,16,Put,365.0,AAPL261009P00365000,23.8,27.05,25.425,25.26,-1.09,-4.13662,3.0,1.0,0.2206,-0.9484,0.0105,0.0813,-0.0758,-0.0444,25.4299,25.49,25.49,22.21,26.3500003814697,up,2026-09-22T15:53:55,110.0,12.0
AAPL,2026-10-09,16,Call,370.0,AAPL261009C00370000,0.25,0.36,0.305,0.33,0.05,17.8571,650.0,502.0,0.2251,0.0472,0.0059,0.0755,-0.0456,0.008,0.3078,0.39,0.68,0.31,0.280000001192093,no_change,2026-09-22T15:46:38,70.0,35.0
AAPL,2026-10-09,16,Put,370.0,AAPL261009P00370000,29.3,31.95,30.625,0.0,0.0,0.0,0.0,0.0,0.2774,-0.9829,0.0067,0.0337,-0.0466,-0.0179,30.3038,0.0,0.0,0.0,31.1500005722046,no_change,,125.0,10.0
AAPL,2026-10-09,16,Call,375.0,AAPL261009C00375000,0.15,0.24,0.195,0.18,0.035,24.1379,382.0,1021.0,0.2347,0.029,0.0039,0.0513,-0.0309,0.0049,0.1799,0.26,0.31,0.18,0.144999995827675,no_change,2026-09-22T15:42:17,94.0,111.0
AAPL,2026-10-09,16,Put,375.0,AAPL261009P00375000,33.7,36.9,35.3,31.5,-4.425,-12.3173,2.0,0.0,0.2512,-0.9974,0.0017,0.0057,-0.0379,0.0,35.2824,31.5,31.5,31.5,35.9250011444092,no_change,2026-09-22T11:35:53,122.0,10.0
AAPL,2026-10-09,16,Call,380.0,AAPL261009C00380000,0.09,0.18,0.135,0.11,0.04,57.1429,11.0,417.0,0.2465,0.0185,0.0026,0.0355,-0.0216,0.0031,0.1113,0.19,0.19,0.11,0.0700000021606684,no_change,2026-09-22T15:21:44,28.0,113.0
AAPL,2026-10-09,16,Put,380.0,AAPL261009P00380000,38.7,42.1,40.400000000000006,0.0,0.0,0.0,0.0,0.0,0.3076,-1.0,0.0,0.0,-0.0379,0.0,40.2824,0.0,0.0,0.0,40.9000015258789,no_change,,113.0,12.0
AAPL,2026-10-09,16,Call,385.0,AAPL261009C00385000,0.01,0.14,0.07500000000000001,0.09,0.055,157.143,1.0,113.0,0.25,0.0124,0.0017,0.0253,-0.0157,0.0021,0.0736,0.09,0.09,0.09,0.034999999217689,up,2026-09-22T09:36:49,7.0,41.0
AAPL,2026-10-09,16,Put,385.0,AAPL261009P00385000,43.7,47.0,45.35,0.0,0.0,0.0,0.0,0.0,0.3239,-1.0,0.0,0.0,-0.0379,0.0,45.2824,0.0,0.0,0.0,46.0250015258789,no_change,,117.0,12.0
AAPL,2026-10-09,16,Call,390.0,AAPL261009C00390000,0.01,0.12,0.065,0.13,0.0,0.0,0.0,131.0,0.2677,0.0087,0.0012,0.0186,-0.0118,0.0014,0.0516,0.0,0.0,0.0,0.0550000006332994,up,2026-09-18T12:53:16,1.0,105.0
AAPL,2026-10-09,16,Put,390.0,AAPL261009P00390000,48.75,52.0,50.375,0.0,0.0,0.0,0.0,0.0,0.3576,-1.0,0.0,0.0,-0.0379,0.0,50.2824,0.0,0.0,0.0,51.0250015258789,no_change,,114.0,8.0
AAPL,2026-10-09,16,Call,395.0,AAPL261009C00395000,0.0,0.19,0.095,0.21,0.175,500.0,2.0,146.0,0.3056,0.0063,0.0009,0.0142,-0.0092,0.0011,0.0379,0.21,0.21,0.21,0.034999999217689,up,2026-09-22T10:41:08,0.0,271.0
AAPL,2026-10-09,16,Put,395.0,AAPL261009P00395000,53.75,57.05,55.4,60.85,0.0,0.0,0.0,0.0,0.3906,-1.0,0.0,0.0,-0.0379,0.0,55.2824,0.0,0.0,0.0,56.3000011444092,down,2026-09-11T15:35:56,121.0,7.0
AAPL,2026-10-09,16,Call,400.0,AAPL261009C00400000,0.01,0.03,0.02,0.02,-0.035,-63.6364,155.0,199.0,0.2729,0.0048,0.0007,0.011,-0.0074,0.0008,0.0288,0.06,0.06,0.02,0.0550000006332994,no_change,2026-09-22T15:41:53,5.0,50.0
AAPL,2026-10-09,16,Put,400.0,AAPL261009P00400000,58.65,62.0,60.325,0.0,0.0,0.0,0.0,0.0,0.3934,-1.0,0.0,0.0,-0.0379,0.0,60.2824,0.0,0.0,0.0,61.375,no_change,,113.0,11.0
AAPL,2026-10-09,16,Call,405.0,AAPL261009C00405000,0.0,0.1,0.05,0.1,0.035,53.8462,1.0,8.0,0.3215,0.0036,0.0005,0.0086,-0.006,0.0006,0.0221,0.1,0.1,0.1,0.0649999976158142,up,2026-09-22T09:45:33,0.0,33.0
AAPL,2026-10-09,16,Put,405.0,AAPL261009P00405000,64.25,66.9,65.575,0.0,0.0,0.0,0.0,0.0,0.4776,-1.0,0.0,0.0,-0.0379,0.0,65.2824,0.0,0.0,0.0,66.1000022888184,no_change,,101.0,7.0
AAPL,2026-10-09,16,Call,410.0,AAPL261009C00410000,0.0,0.02,0.01,0.01,0.0,2.23517e-06,1026.0,148.0,0.2915,0.0028,0.0004,0.0069,-0.0049,0.0005,0.0174,0.02,0.02,0.01,0.00999999977648258,down,2026-09-22T15:25:43,0.0,9.0
AAPL,2026-10-09,16,Put,410.0,AAPL261009P00410000,68.7,72.0,70.35,74.3,0.0,0.0,0.0,0.0,0.4526,-1.0,0.0,0.0,-0.0379,0.0,70.2824,0.0,0.0,0.0,71.1500015258789,up,2026-09-18T15:48:00,107.0,13.0
AAPL,2026-10-09,16,Call,415.0,AAPL261009C00415000,0.0,0.2,0.1,0.19,0.0,0.0,0.0,159.0,0.3913,0.0022,0.0003,0.0055,-0.004,0.0004,0.0138,0.0,0.0,0.0,0.155000001192093,up,2026-09-21T15:21:57,0.0,148.0
AAPL,2026-10-09,16,Put,415.0,AAPL261009P00415000,73.7,77.0,75.35,79.28,0.0,0.0,0.0,1.0,0.4768,-1.0,0.0,0.0,-0.0379,0.0,75.2824,0.0,0.0,0.0,76.2750015258789,down,2026-09-18T15:48:00,103.0,12.0
AAPL,2026-10-16,23,Call,130.0,AAPL261016C00130000,208.3,211.75,210.025,185.0,0.0,0.0,0.0,34.0,0.0,0.9998,0.0,0.0002,0.0,0.0922,210.1962,0.0,0.0,0.0,209.375,up,2026-09-09T11:11:58,78.0,75.0
AAPL,2026-10-16,23,Put,130.0,AAPL261016P00130000,0.0,0.52,0.26,0.02,0.0,0.0,0.0,66.0,1.5984,-0.0001,0.0,0.0002,-0.0004,0.0,0.0014,0.0,0.0,0.0,0.259999990463257,no_change,2026-08-11T09:49:18,0.0,134.0
AAPL,2026-10-16,23,Call,135.0,AAPL261016C00135000,203.5,206.75,205.125,190.63,0.0,0.0,0.0,61.0,0.0,0.9998,0.0,0.0003,0.0,0.0958,205.2124,0.0,0.0,0.0,204.425003051758,up,2026-09-01T10:53:41,78.0,75.0
AAPL,2026-10-16,23,Put,135.0,AAPL261016P00135000,0.0,0.52,0.26,0.05,0.0,0.0,0.0,70.0,1.5396,-0.0001,0.0,0.0003,-0.0005,0.0,0.0016,0.0,0.0,0.0,0.239999994635582,down,2026-07-16T13:24:05,0.0,97.0
AAPL,2026-10-16,23,Call,140.0,AAPL261016C00140000,198.55,201.7,200.125,199.5,0.0,0.0,0.0,995.0,0.0,0.9998,0.0,0.0003,0.0,0.0993,200.2286,0.0,0.0,0.0,199.700004577637,up,2026-09-21T13:40:47,113.0,144.0
AAPL,2026-10-16,23,Put,140.0,AAPL261016P00140000,0.0,0.02,0.01,0.01,0.0,0.0,0.0,618.0,1.082,-0.0001,0.0,0.0003,-0.0006,0.0,0.0019,0.0,0.0,0.0,0.00999999977648258,no_change,2026-09-09T11:36:41,0.0,10.0
AAPL,2026-10-16,23,Call,145.0,AAPL261016C00145000,193.45,196.8,195.125,192.66,0.0,0.0,0.0,19.0,0.0,0.9998,0.0,0.0004,0.0,0.1029,195.2449,0.0,0.0,0.0,194.575004577637,up,2026-09-21T11:08:16,76.0,75.0
AAPL,2026-10-16,23,Put,145.0,AAPL261016P00145000,0.0,0.04,0.02,0.02,0.0,0.0,0.0,397.0,1.1,-0.0001,0.0,0.0004,-0.0006,0.0,0.0022,0.0,0.0,0.0,0.0199999995529652,no_change,2026-09-14T15:11:27,0.0,10.0
AAPL,2026-10-16,23,Call,150.0,AAPL261016C00150000,188.55,191.8,190.175,194.1,4.675,2.46799,1.0,15.0,0.0,0.9998,0.0,0.0005,0.0,0.1064,190.2612,194.1,194.1,194.1,189.425003051758,up,2026-09-22T11:19:34,75.0,75.0
AAPL,2026-10-16,23,Put,150.0,AAPL261016P00150000,0.0,0.02,0.01,0.01,0.0,0.0,0.0,440.0,1.0015,-0.0001,0.0,0.0005,-0.0007,0.0,0.0026,0.0,0.0,0.0,0.00999999977648258,no_change,2026-09-16T13:07:41,0.0,10.0
AAPL,2026-10-16,23,Call,155.0,AAPL261016C00155000,183.45,186.8,185.125,180.28,0.0,0.0,0.0,64.0,0.0,0.9998,0.0,0.0006,0.0,0.1099,185.2776,0.0,0.0,0.0,184.400001525879,up,2026-09-14T12:59:57,78.0,75.0
AAPL,2026-10-16,23,Put,155.0,AAPL261016P00155000,0.0,0.06,0.03,0.01,0.0,0.0,0.0,172.0,1.0543,-0.0002,0.0,0.0006,-0.0008,0.0,0.003,0.0,0.0,0.0,0.0299999993294477,no_change,2026-09-14T14:32:54,0.0,2.0
AAPL,2026-10-16,23,Call,160.0,AAPL261016C00160000,178.6,181.85,180.225,172.07,0.0,0.0,0.0,230.0,0.0,0.9997,0.0,0.0006,0.0,0.1135,180.294,0.0,0.0,0.0,179.824996948242,up,2026-09-15T10:58:09,127.0,120.0
AAPL,2026-10-16,23,Put,160.0,AAPL261016P00160000,0.0,0.02,0.01,0.01,0.0,2.23517e-06,6.0,485.0,0.9262,-0.0002,0.0,0.0006,-0.001,0.0,0.0035,0.02,0.02,0.01,0.00999999977648258,down,2026-09-22T10:54:25,0.0,10.0
AAPL,2026-10-16,23,Call,165.0,AAPL261016C00165000,173.6,176.85,175.225,170.4,0.0,0.0,0.0,82.0,0.0,0.9997,0.0,0.0008,0.0,0.117,175.3105,0.0,0.0,0.0,174.574996948242,up,2026-09-11T11:52:43,78.0,75.0
AAPL,2026-10-16,23,Put,165.0,AAPL261016P00165000,0.0,0.52,0.26,0.05,0.0,0.0,0.0,226.0,1.227,-0.0002,0.0,0.0008,-0.0011,0.0,0.0041,0.0,0.0,0.0,0.0850000008940697,up,2026-09-15T13:07:31,0.0,156.0
AAPL,2026-10-16,23,Call,170.0,AAPL261016C00170000,168.6,171.85,170.225,147.03,0.0,0.0,0.0,63.0,0.0,0.9996,0.0,0.0009,0.0,0.1206,170.3272,0.0,0.0,0.0,169.599998474121,down,2026-09-08T15:55:28,1.0,75.0
AAPL,2026-10-16,23,Put,170.0,AAPL261016P00170000,0.0,0.04,0.02,0.05,0.0,0.0,0.0,462.0,0.9045,-0.0003,0.0,0.0009,-0.0013,-0.0001,0.0048,0.0,0.0,0.0,0.0199999995529652,up,2026-09-18T15:53:51,0.0,1.0
AAPL,2026-10-16,23,Call,175.0,AAPL261016C00175000,163.45,166.85,165.14999999999998,139.72,0.0,0.0,0.0,25.0,0.0,0.9996,0.0,0.0011,0.0,0.1241,165.3439,0.0,0.0,0.0,164.424995422363,up,2026-08-07T10:29:26,78.0,75.0
AAPL,2026-10-16,23,Put,175.0,AAPL261016P00175000,0.0,0.08,0.04,0.03,0.0,0.0,0.0,625.0,0.9243,-0.0003,0.0,0.0011,-0.0014,-0.0001,0.0056,0.0,0.0,0.0,0.0350000001490116,up,2026-09-18T11:18:09,0.0,10.0
AAPL,2026-10-16,23,Call,180.0,AAPL261016C00180000,158.7,161.45,160.075,161.21,1.61,1.00877,3.0,98.0,0.0,0.9995,0.0,0.0012,0.0,0.1276,160.3608,162.62,162.62,161.21,159.599998474121,no_change,2026-09-22T14:50:43,88.0,78.0
AAPL,2026-10-16,23,Put,180.0,AAPL261016P00180000,0.0,0.08,0.04,0.02,0.0,0.0,0.0,427.0,0.8876,-0.0004,0.0,0.0012,-0.0017,-0.0001,0.0065,0.0,0.0,0.0,0.0399999991059303,down,2026-09-16T12:12:11,0.0,10.0
AAPL,2026-10-16,23,Call,185.0,AAPL261016C00185000,153.55,156.9,155.22500000000002,130.39,0.0,0.0,0.0,34.0,0.0,0.9994,0.0,0.0015,0.0,0.1312,155.3778,0.0,0.0,0.0,154.324996948242,down,2026-08-20T15:28:29,78.0,75.0
AAPL,2026-10-16,23,Put,185.0,AAPL261016P00185000,0.0,0.05,0.025,0.03,0.0,-8.69234e-07,2.0,881.0,0.8295,-0.0005,0.0,0.0015,-0.0019,-0.0001,0.0076,0.03,0.03,0.03,0.0300000002607703,up,2026-09-22T15:00:29,0.0,38.0
AAPL,2026-10-16,23,Call,190.0,AAPL261016C00190000,148.55,151.95,150.25,151.68,2.155,1.44123,1.0,55.0,0.0,0.9994,0.0,0.0017,0.0,0.1347,150.395,151.68,151.68,151.68,149.525001525879,up,2026-09-22T14:48:31,79.0,76.0
AAPL,2026-10-16,23,Put,190.0,AAPL261016P00190000,0.0,0.11,0.055,0.04,0.0,0.0,0.0,1614.0,0.8429,-0.0006,0.0,0.0017,-0.0022,-0.0001,0.0089,0.0,0.0,0.0,0.0850000008940697,no_change,2026-09-09T11:24:49,0.0,5.0
AAPL,2026-10-16,23,Call,195.0,AAPL261016C00195000,143.65,146.95,145.3,141.5,0.0,0.0,0.0,215.0,0.0,0.9992,0.0,0.002,0.0,0.1382,145.4125,0.0,0.0,0.0,144.800003051758,up,2026-09-18T14:37:37,126.0,108.0
AAPL,2026-10-16,23,Put,195.0,AAPL261016P00195000,0.0,0.04,0.02,0.02,0.0,0.0,0.0,349.0,0.7354,-0.0007,0.0,0.002,-0.0025,-0.0001,0.0104,0.0,0.0,0.0,0.0199999995529652,up,2026-09-21T13:46:11,0.0,7.0
AAPL,2026-10-16,23,Call,200.0,AAPL261016C00200000,138.6,141.95,140.27499999999998,139.43,0.0,0.0,0.0,285.0,0.0,0.9991,0.0,0.0024,0.0,0.1417,140.4301,0.0,0.0,0.0,139.800003051758,down,2026-09-21T14:20:16,138.0,113.0
AAPL,2026-10-16,23,Put,200.0,AAPL261016P00200000,0.01,0.02,0.015,0.03,0.005,20.0,1.0,1126.0,0.6871,-0.0008,0.0,0.0024,-0.0028,-0.0002,0.0122,0.03,0.03,0.03,0.025000000372529,up,2026-09-22T09:52:26,5.0,1.0
AAPL,2026-10-16,23,Call,205.0,AAPL261016C00205000,133.75,137.0,135.375,139.03,4.18,3.09974,86.0,859.0,0.0,0.999,0.0,0.0028,0.0,0.1452,135.4482,135.07,139.03,135.07,134.850006103516,no_change,2026-09-22T11:48:07,135.0,161.0
AAPL,2026-10-16,23,Put,205.0,AAPL261016P00205000,0.01,0.05,0.030000000000000002,0.05,0.005,11.1111,4.0,1879.0,0.6985,-0.0009,0.0001,0.0028,-0.0032,-0.0002,0.0142,0.04,0.05,0.04,0.0449999989941716,no_change,2026-09-22T13:15:41,4.0,1.0
AAPL,2026-10-16,23,Call,210.0,AAPL261016C00210000,128.7,132.0,130.35,126.6,0.0,0.0,0.0,472.0,0.0,0.9988,0.0001,0.0033,0.0,0.1487,130.4665,0.0,0.0,0.0,129.800003051758,no_change,2026-09-18T15:26:51,124.0,115.0
AAPL,2026-10-16,23,Put,210.0,AAPL261016P00210000,0.01,0.07,0.04,0.05,0.005,11.1111,11.0,3203.0,0.6861,-0.0011,0.0001,0.0033,-0.0037,-0.0003,0.0167,0.04,0.05,0.04,0.0449999989941716,up,2026-09-22T15:00:14,60.0,10.0
AAPL,2026-10-16,23,Call,215.0,AAPL261016C00215000,123.65,127.0,125.325,115.3,0.0,0.0,0.0,457.0,0.0,0.9986,0.0001,0.0039,0.0,0.1522,125.4853,0.0,0.0,0.0,124.725002288818,down,2026-09-15T10:54:26,127.0,114.0
AAPL,2026-10-16,23,Put,215.0,AAPL261016P00215000,0.0,0.39,0.195,0.09,0.0,0.0,0.0,3383.0,0.782,-0.0013,0.0001,0.0039,-0.0043,-0.0003,0.0196,0.0,0.0,0.0,0.104999996721745,up,2026-09-21T12:34:14,0.0,344.0
AAPL,2026-10-16,23,Call,220.0,AAPL261016C00220000,118.8,122.0,120.4,123.9,3.825,3.18551,10.0,883.0,0.0,0.9983,0.0001,0.0046,0.0,0.1557,120.5047,123.9,123.9,123.9,120.075000762939,up,2026-09-22T11:46:26,115.0,112.0
AAPL,2026-10-16,23,Put,220.0,AAPL261016P00220000,0.0,0.05,0.025,0.04,0.015,60.0,1.0,3291.0,0.5976,-0.0016,0.0001,0.0046,-0.0049,-0.0004,0.023,0.04,0.04,0.04,0.025000000372529,up,2026-09-22T11:38:20,0.0,3.0
AAPL,2026-10-16,23,Call,225.0,AAPL261016C00225000,113.8,117.05,115.425,118.54,3.89,3.39293,4.0,446.0,0.0,0.998,0.0001,0.0054,0.0,0.1592,115.5247,118.49,118.58,118.49,114.650001525879,no_change,2026-09-22T12:29:55,128.0,121.0
AAPL,2026-10-16,23,Put,225.0,AAPL261016P00225000,0.01,0.1,0.055,0.05,0.02,66.6667,1.0,1749.0,0.6147,-0.0019,0.0001,0.0054,-0.0056,-0.0004,0.027,0.05,0.05,0.05,0.0300000002607703,up,2026-09-22T15:00:55,2.0,10.0
AAPL,2026-10-16,23,Call,230.0,AAPL261016C00230000,108.85,111.45,110.15,113.61,3.935,3.58787,4.0,652.0,0.0,0.9976,0.0001,0.0064,0.0,0.1626,110.5454,113.5,113.62,113.5,109.674999237061,down,2026-09-22T12:29:55,130.0,118.0
AAPL,2026-10-16,23,Put,230.0,AAPL261016P00230000,0.01,0.07,0.04,0.02,-0.025,-55.5556,27.0,4544.0,0.5661,-0.0023,0.0001,0.0064,-0.0064,-0.0005,0.0319,0.04,0.04,0.02,0.0449999999254942,down,2026-09-22T15:12:30,3.0,10.0
AAPL,2026-10-16,23,Call,235.0,AAPL261016C00235000,103.8,107.1,105.44999999999999,106.0,1.225,1.16917,6.0,347.0,0.0,0.9972,0.0002,0.0076,0.0,0.1661,105.5671,108.92,108.92,106.0,104.774997711182,down,2026-09-22T15:38:24,146.0,111.0
AAPL,2026-10-16,23,Put,235.0,AAPL261016P00235000,0.03,0.07,0.05,0.04,-0.02,-33.3333,32.0,6691.0,0.5499,-0.0028,0.0002,0.0076,-0.0073,-0.0006,0.0376,0.03,0.04,0.03,0.0600000005215406,up,2026-09-22T13:13:07,1.0,29.0
AAPL,2026-10-16,23,Call,240.0,AAPL261016C00240000,98.85,102.1,100.475,103.88,4.105,4.11426,1.0,576.0,0.0,0.9966,0.0002,0.009,0.0,0.1695,100.5898,103.88,103.88,103.88,99.7750015258789,up,2026-09-22T11:16:09,118.0,109.0
AAPL,2026-10-16,23,Put,240.0,AAPL261016P00240000,0.04,0.05,0.045,0.04,-0.015,-27.2727,305.0,6480.0,0.5157,-0.0033,0.0002,0.009,-0.0084,-0.0008,0.0444,0.05,0.05,0.04,0.0549999997019768,no_change,2026-09-22T15:41:00,2.0,10.0
AAPL,2026-10-16,23,Call,245.0,AAPL261016C00245000,93.85,97.15,95.5,100.08,5.28,5.56962,50.0,353.0,0.0,0.9959,0.0003,0.0106,0.0,0.1729,95.614,100.02,100.1,99.92,94.7999992370606,down,2026-09-22T09:33:58,181.0,117.0
AAPL,2026-10-16,23,Put,245.0,AAPL261016P00245000,0.03,0.08,0.055,0.05,-0.015,-23.0769,43.0,4923.0,0.4983,-0.004,0.0003,0.0107,-0.0097,-0.0009,0.0527,0.11,0.11,0.05,0.0649999994784594,down,2026-09-22T15:00:11,5.0,10.0
AAPL,2026-10-16,23,Call,250.0,AAPL261016C00250000,89.75,91.5,90.625,91.0,1.15,1.27991,37.0,1426.0,0.4636,0.9951,0.0003,0.0126,-0.0014,0.1762,90.6398,90.1,91.0,90.1,89.8500022888184,up,2026-09-22T15:13:59,142.0,108.0
AAPL,2026-10-16,23,Put,250.0,AAPL261016P00250000,0.05,0.08,0.065,0.07,-0.03,-30.0,345.0,7372.0,0.4792,-0.0049,0.0003,0.0127,-0.0111,-0.0011,0.0626,0.06,0.09,0.05,0.0999999977648258,up,2026-09-22T15:34:31,3.0,1.0
AAPL,2026-10-16,23,Call,255.0,AAPL261016C00255000,84.0,87.2,85.6,88.62,3.695,4.3509,29.0,1117.0,0.3625,0.994,0.0004,0.015,-0.0036,0.1795,85.668,85.68,88.62,85.68,84.9249992370606,no_change,2026-09-22T12:23:50,151.0,121.0
AAPL,2026-10-16,23,Put,255.0,AAPL261016P00255000,0.07,0.1,0.085,0.07,0.0,-4.25747e-07,33.0,8526.0,0.4655,-0.0059,0.0004,0.0151,-0.0127,-0.0014,0.0746,0.06,0.09,0.05,0.0700000002980232,down,2026-09-22T14:25:19,1.0,10.0
AAPL,2026-10-16,23,Call,260.0,AAPL261016C00260000,79.0,81.65,80.325,82.1,2.025,2.52888,7.0,1488.0,0.0,0.9927,0.0005,0.0179,-0.006,0.1827,80.698,83.55,83.55,82.1,80.0749969482422,no_change,2026-09-22T10:13:59,174.0,122.0
AAPL,2026-10-16,23,Put,260.0,AAPL261016P00260000,0.07,0.09,0.08,0.09,-0.02,-18.1818,60.0,6982.0,0.4342,-0.0072,0.0005,0.018,-0.0147,-0.0016,0.0892,0.08,0.12,0.08,0.109999999403954,up,2026-09-22T14:01:36,3.0,2.0
AAPL,2026-10-16,23,Call,265.0,AAPL261016C00265000,74.35,77.25,75.8,76.38,1.255,1.67055,3.0,944.0,0.45,0.9911,0.0006,0.0214,-0.0087,0.1859,75.7316,77.25,78.11,76.38,75.125,down,2026-09-22T15:57:43,157.0,106.0
AAPL,2026-10-16,23,Put,265.0,AAPL261016P00265000,0.06,0.13,0.095,0.1,-0.025,-20.0,19.0,3639.0,0.4207,-0.0088,0.0006,0.0216,-0.0168,-0.002,0.1067,0.12,0.14,0.09,0.125,no_change,2026-09-22T15:05:43,34.0,36.0
AAPL,2026-10-16,23,Call,270.0,AAPL261016C00270000,69.7,71.7,70.7,71.37,1.545,2.21267,84.0,1550.0,0.3665,0.9891,0.0008,0.0256,-0.0118,0.189,70.7691,72.79,74.04,71.37,69.8250007629394,down,2026-09-22T15:35:35,123.0,109.0
AAPL,2026-10-16,23,Put,270.0,AAPL261016P00270000,0.05,0.15,0.1,0.13,-0.035,-21.2121,94.0,8730.0,0.4053,-0.0109,0.0008,0.0258,-0.0194,-0.0025,0.1289,0.13,0.15,0.09,0.165000006556511,up,2026-09-22T15:49:34,2.0,25.0
AAPL,2026-10-16,23,Call,275.0,AAPL261016C00275000,64.1,66.85,65.475,63.47,0.0,0.0,0.0,1558.0,0.0,0.9866,0.001,0.0308,-0.0153,0.1919,65.8118,0.0,0.0,0.0,64.75,down,2026-09-21T11:44:18,130.0,116.0
AAPL,2026-10-16,23,Put,275.0,AAPL261016P00275000,0.13,0.19,0.16,0.13,-0.065,-33.3333,77.0,5542.0,0.3827,-0.0134,0.001,0.031,-0.0224,-0.0031,0.1556,0.15,0.18,0.13,0.195000000298023,down,2026-09-22T15:55:04,1.0,9.0
AAPL,2026-10-16,23,Call,280.0,AAPL261016C00280000,59.4,61.85,60.625,60.83,0.58,0.962656,55.0,2213.0,0.0,0.9834,0.0013,0.0372,-0.0193,0.1946,60.8613,64.54,64.54,60.83,60.25,down,2026-09-22T15:06:20,177.0,119.0
AAPL,2026-10-16,23,Put,280.0,AAPL261016P00280000,0.16,0.37,0.265,0.19,-0.04,-17.3913,531.0,14688.0,0.3666,-0.0167,0.0013,0.0374,-0.0259,-0.0038,0.1895,0.21,0.24,0.17,0.229999996721745,down,2026-09-22T15:45:12,10.0,25.0
AAPL,2026-10-16,23,Call,285.0,AAPL261016C00285000,54.15,57.45,55.8,57.64,2.44,4.42029,38.0,1830.0,0.3135,0.9792,0.0016,0.0451,-0.0239,0.1972,55.9201,57.89,59.2,57.64,55.2000007629394,down,2026-09-22T13:43:22,164.0,158.0
AAPL,2026-10-16,23,Put,285.0,AAPL261016P00285000,0.2,0.28,0.24000000000000002,0.24,-0.045,-15.7895,166.0,7107.0,0.3492,-0.0209,0.0016,0.0452,-0.03,-0.0048,0.2323,0.26,0.28,0.2,0.285000011324882,no_change,2026-09-22T15:58:53,39.0,63.0
AAPL,2026-10-16,23,Call,290.0,AAPL261016C00290000,49.8,51.3,50.55,51.0,0.725,1.44207,37.0,3554.0,0.0,0.9736,0.0021,0.055,-0.0294,0.1993,50.9924,53.32,53.8,51.0,50.2750015258789,down,2026-09-22T15:47:15,203.0,6.0
AAPL,2026-10-16,23,Put,290.0,AAPL261016P00290000,0.28,0.31,0.29500000000000004,0.29,-0.06,-17.1429,394.0,10064.0,0.3317,-0.0265,0.0021,0.0553,-0.0351,-0.006,0.2898,0.35,0.36,0.25,0.350000008940697,no_change,2026-09-22T15:53:54,1.0,1.0
AAPL,2026-10-16,23,Call,295.0,AAPL261016C00295000,45.2,47.05,46.125,47.95,2.65,5.84989,114.0,2016.0,0.3199,0.9661,0.0027,0.0677,-0.0361,0.201,46.0852,50.0,50.0,46.6,45.3000011444092,up,2026-09-22T13:39:07,146.0,166.0
AAPL,2026-10-16,23,Put,295.0,AAPL261016P00295000,0.36,0.41,0.385,0.36,-0.075,-17.2414,260.0,9661.0,0.3164,-0.0342,0.0028,0.0685,-0.0413,-0.0078,0.3673,0.4,0.43,0.33,0.435000002384186,down,2026-09-22T15:51:52,1.0,87.0
AAPL,2026-10-16,23,Call,300.0,AAPL261016C00300000,40.45,41.55,41.0,40.95,0.3,0.738008,387.0,15572.0,0.2673,0.9555,0.0036,0.0842,-0.0445,0.202,41.2102,41.55,45.0,40.6,40.6499996185303,no_change,2026-09-22T15:59:04,184.0,10.0
AAPL,2026-10-16,23,Put,300.0,AAPL261016P00300000,0.46,0.56,0.51,0.48,-0.08,-14.2857,886.0,25398.0,0.2979,-0.0449,0.0036,0.0846,-0.0493,-0.0101,0.4779,0.53,0.58,0.41,0.560000002384186,no_change,2026-09-22T15:59:27,20.0,80.0
AAPL,2026-10-16,23,Call,305.0,AAPL261016C00305000,35.9,36.9,36.4,36.2,0.375,1.04675,166.0,6961.0,0.2892,0.9405,0.0048,0.1059,-0.0552,0.2018,36.3865,36.75,40.9,36.2,35.8250007629394,down,2026-09-22T15:55:00,36.0,32.0
AAPL,2026-10-16,23,Put,305.0,AAPL261016P00305000,0.59,0.66,0.625,0.64,-0.1,-13.5135,987.0,11889.0,0.2814,-0.0601,0.0048,0.1065,-0.0597,-0.0134,0.6406,0.7,0.75,0.56,0.740000009536743,up,2026-09-22T15:55:25,45.0,25.0
AAPL,2026-10-16,23,Call,310.0,AAPL261016C00310000,30.35,32.15,31.25,31.65,0.35,1.11821,98.0,10023.0,0.2352,0.9188,0.0064,0.1341,-0.0688,0.2,31.6442,33.07,35.0,31.0,31.3000001907349,down,2026-09-22T15:47:48,183.0,10.0
AAPL,2026-10-16,23,Put,310.0,AAPL261016P00310000,0.73,0.97,0.85,0.88,-0.145,-14.1463,1007.0,11922.0,0.2698,-0.0819,0.0064,0.1348,-0.0728,-0.0181,0.883,1.0,1.04,0.73,1.02499997615814,down,2026-09-22T15:59:55,1.0,40.0
AAPL,2026-10-16,23,Call,312.5,AAPL261016C00312500,28.3,30.1,29.200000000000003,31.85,3.025,10.4944,25.0,4.0,0.256,0.9046,0.0073,0.1508,-0.0768,0.1982,29.3166,30.05,31.85,30.05,28.8249998092651,up,2026-09-22T11:39:28,138.0,120.0
AAPL,2026-10-16,23,Put,312.5,AAPL261016P00312500,1.01,1.1,1.0550000000000002,1.06,-0.16,-13.1148,56.0,89.0,0.2647,-0.0962,0.0074,0.152,-0.0806,-0.0214,1.0486,1.07,1.17,0.9,1.21999996900558,up,2026-09-22T15:59:55,1.0,10.0
AAPL,2026-10-16,23,Call,315.0,AAPL261016C00315000,26.5,27.4,26.95,26.85,0.225,0.84507,301.0,7796.0,0.2617,0.8878,0.0084,0.1693,-0.0856,0.1958,27.0273,27.85,31.0,26.5,26.625,down,2026-09-22T15:55:00,34.0,12.0
AAPL,2026-10-16,23,Put,315.0,AAPL261016P00315000,1.21,1.31,1.26,1.25,-0.18,-12.5874,1317.0,9857.0,0.2592,-0.1133,0.0085,0.1702,-0.0893,-0.0248,1.2541,1.39,1.43,1.03,1.43000000715256,up,2026-09-22T15:59:38,5.0,5.0
AAPL,2026-10-16,23,Call,317.5,AAPL261016C00317500,23.6,25.5,24.55,24.93,0.805,3.33679,1.0,12.0,0.2408,0.8679,0.0096,0.1895,-0.095,0.1926,24.7842,24.93,24.93,24.93,24.125,up,2026-09-22T15:41:12,150.0,115.0
AAPL,2026-10-16,23,Put,317.5,AAPL261016P00317500,1.43,1.56,1.495,1.51,-0.215,-12.4638,72.0,264.0,0.2534,-0.1334,0.0097,0.1913,-0.0986,-0.0294,1.5046,1.49,1.65,1.25,1.72499996423721,up,2026-09-22T15:59:41,10.0,10.0
AAPL,2026-10-16,23,Call,320.0,AAPL261016C00320000,22.15,24.05,23.1,22.4,0.125,0.561169,3264.0,10595.0,0.2556,0.8446,0.0109,0.2108,-0.1051,0.1885,22.596,23.1,27.0,22.12,22.2749996185303,up,2026-09-22T15:58:58,45.0,4.0
AAPL,2026-10-16,23,Put,320.0,AAPL261016P00320000,1.56,1.86,1.71,1.81,-0.22,-10.8374,2081.0,13417.0,0.2492,-0.157,0.0111,0.2116,-0.1086,-0.0341,1.813,1.85,2.17,1.45,2.02999997138977,down,2026-09-22T15:59:27,20.0,20.0
AAPL,2026-10-16,23,Call,322.5,AAPL261016C00322500,19.45,21.1,20.275,21.6,1.45,7.19603,14.0,4.0,0.2366,0.8176,0.0123,0.2332,-0.1154,0.1835,20.4722,22.1,23.6,20.55,20.1500005722046,no_change,2026-09-22T15:42:33,162.0,60.0
AAPL,2026-10-16,23,Put,322.5,AAPL261016P00322500,1.95,2.31,2.13,2.2,-0.255,-10.387,88.0,309.0,0.2472,-0.1843,0.0125,0.2352,-0.1188,-0.0396,2.1854,2.0,2.42,1.74,2.45500004291534,up,2026-09-22T15:55:00,1.0,1.0
AAPL,2026-10-16,23,Call,325.0,AAPL261016C00325000,18.15,18.75,18.45,18.3,0.175,0.965517,1397.0,10139.0,0.2426,0.7868,0.0137,0.2556,-0.1257,0.1775,18.4242,19.0,23.0,17.79,18.125,up,2026-09-22T15:58:51,10.0,20.0
AAPL,2026-10-16,23,Put,325.0,AAPL261016P00325000,2.43,2.76,2.5949999999999998,2.65,-0.28,-9.55632,1440.0,5476.0,0.2428,-0.2156,0.0139,0.2565,-0.129,-0.0464,2.6345,2.69,3.07,2.1,2.9300000667572,down,2026-09-22T15:59:45,28.0,10.0
AAPL,2026-10-16,23,Call,327.5,AAPL261016C00327500,15.6,17.0,16.3,16.74,0.315,1.91781,3.0,2.0,0.2323,0.7521,0.0152,0.2776,-0.1355,0.1704,16.4618,17.92,19.0,16.74,16.4249997138977,down,2026-09-22T15:34:41,159.0,45.0
AAPL,2026-10-16,23,Put,327.5,AAPL261016P00327500,3.05,3.35,3.2,3.2,-0.325,-9.21986,236.0,283.0,0.2392,-0.2509,0.0154,0.2788,-0.1389,-0.053,3.172,3.24,3.62,2.55,3.52499997615814,up,2026-09-22T15:55:00,14.0,22.0
AAPL,2026-10-16,23,Call,330.0,AAPL261016C00330000,13.85,15.75,14.8,14.6,0.275,1.91972,974.0,15554.0,0.2344,0.7136,0.0165,0.298,-0.1446,0.1625,14.5954,15.0,19.02,14.27,14.3249998092651,no_change,2026-09-22T15:59:47,12.0,12.0
AAPL,2026-10-16,23,Put,330.0,AAPL261016P00330000,3.8,4.0,3.9,3.95,-0.225,-5.38922,2478.0,9509.0,0.2383,-0.2899,0.0168,0.3,-0.148,-0.0606,3.8049,3.9,4.5,3.0,4.17499995231628,up,2026-09-22T15:58:21,5.0,5.0
AAPL,2026-10-16,23,Call,332.5,AAPL261016C00332500,12.35,13.1,12.725,13.75,1.125,8.91089,17.0,44.0,0.2289,0.6715,0.0178,0.3159,-0.1523,0.1535,12.8359,15.4,15.7,12.95,12.625,down,2026-09-22T14:46:44,110.0,13.0
AAPL,2026-10-16,23,Put,332.5,AAPL261016P00332500,4.45,4.8,4.625,4.65,-0.3,-6.06061,293.0,123.0,0.2348,-0.3328,0.0181,0.3166,-0.1558,-0.0692,4.548,4.42,5.1,3.55,4.95000004768372,up,2026-09-22T15:53:34,46.0,45.0
AAPL,2026-10-16,23,Call,335.0,AAPL261016C00335000,11.0,11.4,11.2,11.1,0.075,0.680276,1896.0,13019.0,0.2302,0.6263,0.0188,0.3307,-0.1584,0.1437,11.192,11.81,15.35,10.8,11.0249996185303,no_change,2026-09-22T15:58:52,20.0,5.0
AAPL,2026-10-16,23,Put,335.0,AAPL261016P00335000,5.2,5.6,5.4,5.6,-0.225,-3.86266,8138.0,3990.0,0.2296,-0.3789,0.0192,0.3315,-0.1618,-0.0768,5.4098,5.13,6.0,4.2,5.82500004768372,down,2026-09-22T15:59:28,30.0,6.0
AAPL,2026-10-16,23,Call,337.5,AAPL261016C00337500,9.4,9.85,9.625,9.63,0.13,1.36842,249.0,2128.0,0.2263,0.5786,0.0196,0.3412,-0.1623,0.1332,9.6712,11.5,13.65,9.25,9.5,up,2026-09-22T15:58:44,10.0,5.0
AAPL,2026-10-16,23,Put,337.5,AAPL261016P00337500,6.3,6.7,6.5,6.56,-0.24,-3.52941,481.0,327.0,0.2308,-0.4275,0.02,0.3416,-0.1659,-0.0847,6.3947,6.55,7.1,5.25,6.79999995231628,up,2026-09-22T15:57:23,9.0,17.0
AAPL,2026-10-16,23,Call,340.0,AAPL261016C00340000,8.15,8.45,8.3,8.4,0.275,3.38462,4586.0,106490.0,0.2263,0.5291,0.0201,0.3469,-0.1639,0.1222,8.2798,8.7,12.01,7.95,8.125,up,2026-09-22T15:59:41,27.0,15.0
AAPL,2026-10-16,23,Put,340.0,AAPL261016P00340000,7.45,7.8,7.625,7.6,-0.35,-4.40252,2214.0,3557.0,0.229,-0.4782,0.0206,0.3465,-0.1676,-0.0938,7.5118,7.0,8.2,5.75,7.95000004768372,no_change,2026-09-22T15:59:44,16.0,13.0
AAPL,2026-10-16,23,Call,342.5,AAPL261016C00342500,6.8,7.15,6.975,6.85,-0.025,-0.363636,1282.0,244.0,0.2226,0.4787,0.0203,0.3474,-0.1629,0.1107,7.0208,7.4,10.32,6.85,6.875,down,2026-09-22T15:57:59,34.0,10.0
AAPL,2026-10-16,23,Put,342.5,AAPL261016P00342500,8.7,9.1,8.899999999999999,8.97,-0.305,-3.28841,962.0,42.0,0.2278,-0.5299,0.0208,0.3459,-0.1667,-0.1008,8.7677,8.85,8.97,6.86,9.27500009536743,up,2026-09-22T15:56:54,20.0,29.0
AAPL,2026-10-16,23,Call,345.0,AAPL261016C00345000,5.8,6.0,5.9,5.85,0.075,1.2987,3732.0,28165.0,0.2233,0.4282,0.0202,0.3424,-0.1594,0.0993,5.8954,6.25,9.0,5.6,5.77499985694885,down,2026-09-22T15:59:44,26.0,7.0
AAPL,2026-10-16,23,Put,345.0,AAPL261016P00345000,10.0,10.6,10.3,9.85,-0.8,-7.51174,402.0,662.0,0.2266,-0.5817,0.0207,0.3388,-0.1634,-0.1069,10.1587,9.5,10.67,8.0,10.6500000953674,down,2026-09-22T15:46:29,10.0,28.0
AAPL,2026-10-16,23,Call,347.5,AAPL261016C00347500,4.65,5.0,4.825,4.92,0.145,3.03665,401.0,1087.0,0.2188,0.3788,0.0196,0.3323,-0.1535,0.088,4.9021,5.34,7.62,4.71,4.77499985694885,up,2026-09-22T15:46:19,91.0,45.0
AAPL,2026-10-16,23,Put,347.5,AAPL261016P00347500,10.95,12.1,11.524999999999999,10.83,-1.37,-11.2295,27.0,3.0,0.2162,-0.6328,0.0203,0.328,-0.1577,-0.1125,11.6829,10.0,11.77,9.35,12.1999998092651,up,2026-09-22T14:43:31,152.0,38.0
AAPL,2026-10-16,23,Call,350.0,AAPL261016C00350000,3.95,4.15,4.050000000000001,4.01,0.06,1.51899,6450.0,24722.0,0.2212,0.3312,0.0188,0.3173,-0.1454,0.077,4.0369,4.2,6.6,3.8,3.95000004768372,up,2026-09-22T15:59:55,80.0,124.0
AAPL,2026-10-16,23,Put,350.0,AAPL261016P00350000,13.2,13.8,13.5,13.0,-0.875,-6.30631,57.0,1391.0,0.225,-0.6821,0.0195,0.3111,-0.1498,-0.1169,13.3437,10.95,13.93,10.95,13.875,down,2026-09-22T15:38:07,5.0,25.0
AAPL,2026-10-16,23,Call,352.5,AAPL261016C00352500,3.15,3.35,3.25,3.25,0.025,0.775193,975.0,56.0,0.2177,0.2862,0.0177,0.2982,-0.1356,0.0666,3.2925,3.74,5.36,3.2,3.22500002384186,no_change,2026-09-22T15:22:09,33.0,10.0
AAPL,2026-10-16,23,Put,352.5,AAPL261016P00352500,14.25,15.8,15.025,14.0,-1.825,-11.5324,2.0,0.0,0.2155,-0.7288,0.0185,0.2878,-0.14,-0.1161,15.1293,12.92,14.0,12.92,15.8250002861023,up,2026-09-22T13:30:50,260.0,153.0
AAPL,2026-10-16,23,Call,355.0,AAPL261016C00355000,2.58,2.78,2.6799999999999997,2.61,-0.01,-0.38168,1859.0,10308.0,0.2192,0.2446,0.0164,0.2762,-0.1245,0.057,2.6608,3.0,4.58,2.5,2.62000000476837,up,2026-09-22T15:59:24,27.0,38.0
AAPL,2026-10-16,23,Put,355.0,AAPL261016P00355000,16.5,17.9,17.2,15.8,-1.85,-10.4816,29.0,47.0,0.225,-0.7725,0.0172,0.2617,-0.129,-0.1157,17.0295,15.1,16.9,15.1,17.6499996185303,no_change,2026-09-22T13:52:47,86.0,168.0
AAPL,2026-10-16,23,Call,357.5,AAPL261016C00357500,2.04,2.36,2.2,2.04,-0.055,-2.6253,403.0,61.0,0.2167,0.2067,0.015,0.2519,-0.1126,0.0482,2.1316,2.21,3.75,2.04,2.09500002861023,down,2026-09-22T15:58:48,7.0,32.0
AAPL,2026-10-16,23,Put,357.5,AAPL261016P00357500,18.0,19.8,18.9,18.7,-1.475,-7.31103,12.0,0.0,0.212,-0.8125,0.0158,0.2366,-0.1172,-0.1153,19.0378,17.25,18.7,17.25,20.1750001907349,no_change,2026-09-22T15:18:08,186.0,125.0
AAPL,2026-10-16,23,Call,360.0,AAPL261016C00360000,1.63,1.7,1.665,1.68,0.025,1.51057,6537.0,53523.0,0.2171,0.1728,0.0134,0.2263,-0.1004,0.0403,1.6941,1.78,3.15,1.51,1.65500003099442,down,2026-09-22T15:59:50,22.0,1.0
AAPL,2026-10-16,23,Put,360.0,AAPL261016P00360000,20.15,22.05,21.1,20.22,-1.805,-8.19524,112.0,86.0,0.2155,-0.8485,0.0144,0.2049,-0.105,-0.1092,21.1446,19.63,20.79,17.43,22.0250005722046,up,2026-09-22T14:14:15,156.0,116.0
AAPL,2026-10-16,23,Call,365.0,AAPL261016C00365000,1.0,1.06,1.03,1.03,0.0,2.77769e-06,1448.0,8580.0,0.2169,0.1174,0.0103,0.176,-0.0767,0.0274,1.048,1.09,2.04,0.97,1.02999997138977,up,2026-09-22T15:59:04,5.0,2.0
AAPL,2026-10-16,23,Put,365.0,AAPL261016P00365000,24.7,27.2,25.95,25.25,-1.4,-5.25328,11.0,16.0,0.2408,-0.9094,0.0116,0.1438,-0.0841,-0.0899,25.5994,23.87,25.25,23.87,26.6499996185303,up,2026-09-22T15:18:07,121.0,121.0
AAPL,2026-10-16,23,Call,370.0,AAPL261016C00370000,0.61,0.66,0.635,0.64,0.02,3.22581,2215.0,10036.0,0.219,0.0774,0.0076,0.1308,-0.0561,0.018,0.6361,0.71,1.3,0.6,0.620000004768372,up,2026-09-22T15:59:43,5.0,10.0
AAPL,2026-10-16,23,Put,370.0,AAPL261016P00370000,29.15,31.6,30.375,28.55,-2.625,-8.42021,1.0,2.0,0.2268,-0.9554,0.0092,0.0841,-0.0652,-0.0627,30.3114,28.55,28.55,28.55,31.1750001907349,down,2026-09-22T09:37:23,147.0,136.0
AAPL,2026-10-16,23,Call,375.0,AAPL261016C00375000,0.35,0.41,0.38,0.38,0.01,2.70271,740.0,4556.0,0.2211,0.0498,0.0053,0.0937,-0.0397,0.0116,0.3814,0.43,0.79,0.38,0.36999998986721,down,2026-09-22T15:58:49,89.0,87.0
AAPL,2026-10-16,23,Put,375.0,AAPL261016P00375000,34.25,36.45,35.35,41.76,0.0,0.0,0.0,0.0,0.2506,-0.9868,0.0054,0.0293,-0.0449,-0.0235,35.2025,0.0,0.0,0.0,36.1999988555908,no_change,2026-09-11T13:41:04,82.0,80.0
AAPL,2026-10-16,23,Call,380.0,AAPL261016C00380000,0.21,0.25,0.22999999999999998,0.24,0.02,9.09091,561.0,6456.0,0.2242,0.0321,0.0036,0.0663,-0.0279,0.0074,0.2327,0.21,0.4,0.21,0.219999998807907,up,2026-09-22T15:32:23,5.0,86.0
AAPL,2026-10-16,23,Put,380.0,AAPL261016P00380000,38.5,42.0,40.25,48.75,0.0,0.0,0.0,0.0,0.2603,-0.9988,0.0007,0.0,-0.0352,0.0,40.1896,0.0,0.0,0.0,40.9000015258789,up,2026-07-30T10:10:28,75.0,76.0
AAPL,2026-10-16,23,Call,385.0,AAPL261016C00385000,0.13,0.17,0.15000000000000002,0.13,0.01,8.33334,256.0,1927.0,0.2303,0.021,0.0025,0.047,-0.0197,0.0048,0.146,0.13,0.27,0.13,0.119999997317791,down,2026-09-22T15:58:44,9.0,87.0
AAPL,2026-10-16,23,Put,385.0,AAPL261016P00385000,43.9,47.0,45.45,0.0,0.0,0.0,0.0,0.0,0.3147,-1.0,0.0,0.0,-0.0352,0.0,45.1896,0.0,0.0,0.0,46.0,no_change,,75.0,76.0
AAPL,2026-10-16,23,Call,390.0,AAPL261016C00390000,0.04,0.1,0.07,0.08,0.005,6.66667,326.0,9585.0,0.2261,0.0141,0.0017,0.0338,-0.0142,0.0032,0.0956,0.09,0.15,0.07,0.0750000011175871,no_change,2026-09-22T15:56:15,64.0,50.0
AAPL,2026-10-16,23,Put,390.0,AAPL261016P00390000,48.85,52.05,50.45,49.0,-2.075,-4.06265,10.0,0.0,0.3398,-1.0,0.0,0.0,-0.0352,0.0,50.1896,49.0,49.0,49.0,51.0750007629394,no_change,2026-09-22T09:54:34,76.0,99.0
AAPL,2026-10-16,23,Call,395.0,AAPL261016C00395000,0.03,0.12,0.075,0.09,0.04,80.0,39.0,715.0,0.2506,0.0098,0.0012,0.0249,-0.0106,0.0022,0.0656,0.08,0.09,0.06,0.0499999988824129,no_change,2026-09-22T14:04:29,1.0,10.0
AAPL,2026-10-16,23,Put,395.0,AAPL261016P00395000,53.65,57.05,55.349999999999994,78.23,0.0,0.0,0.0,0.0,0.3496,-1.0,0.0,0.0,-0.0352,0.0,55.1896,0.0,0.0,0.0,56.0750007629394,down,2026-08-20T10:52:03,75.0,75.0
AAPL,2026-10-16,23,Call,400.0,AAPL261016C00400000,0.03,0.05,0.04,0.04,0.005,14.2857,1279.0,10249.0,0.246,0.0071,0.0009,0.0188,-0.0082,0.0016,0.0471,0.06,0.07,0.03,0.034999999217689,no_change,2026-09-22T15:52:58,1.0,40.0
AAPL,2026-10-16,23,Put,400.0,AAPL261016P00400000,58.7,62.15,60.425,71.0,0.0,0.0,0.0,0.0,0.3844,-1.0,0.0,0.0,-0.0352,0.0,60.1896,0.0,0.0,0.0,61.0250015258789,up,2026-09-03T12:56:49,76.0,87.0
AAPL,2026-10-16,23,Call,405.0,AAPL261016C00405000,0.02,0.07,0.045000000000000005,0.1,0.055,122.222,32.0,107.0,0.2662,0.0053,0.0007,0.0145,-0.0064,0.0012,0.0351,0.1,0.1,0.04,0.0449999999254942,up,2026-09-22T11:18:06,2.0,88.0
AAPL,2026-10-16,23,Put,405.0,AAPL261016P00405000,63.7,67.05,65.375,80.2,0.0,0.0,0.0,0.0,0.3996,-1.0,0.0,0.0,-0.0352,0.0,65.1896,0.0,0.0,0.0,66.1500015258789,up,2026-07-22T14:51:37,75.0,75.0
AAPL,2026-10-16,23,Call,410.0,AAPL261016C00410000,0.01,0.08,0.045,0.03,0.01,50.0,46.0,3250.0,0.2828,0.004,0.0005,0.0114,-0.0052,0.0009,0.0269,0.03,0.03,0.01,0.0199999995529652,up,2026-09-22T14:30:00,16.0,173.0
AAPL,2026-10-16,23,Put,410.0,AAPL261016P00410000,68.7,71.65,70.17500000000001,108.52,0.0,0.0,0.0,1.0,0.0,-1.0,0.0,0.0,-0.0352,0.0,70.1892,0.0,0.0,0.0,70.7249984741211,up,2026-08-12T15:46:25,76.0,75.0
AAPL,2026-10-16,23,Call,415.0,AAPL261016C00415000,0.0,0.08,0.04,0.08,0.035,77.7778,6.0,63.0,0.2991,0.0031,0.0004,0.0091,-0.0042,0.0007,0.021,0.08,0.08,0.08,0.0449999989941716,no_change,2026-09-22T14:29:51,0.0,121.0
AAPL,2026-10-16,23,Put,415.0,AAPL261016P00415000,73.65,77.0,75.325,113.54,0.0,0.0,0.0,0.0,0.4347,-1.0,0.0,0.0,-0.0352,0.0,75.1896,0.0,0.0,0.0,75.875,up,2026-08-12T15:46:25,75.0,75.0
AAPL,2026-10-16,23,Call,420.0,AAPL261016C00420000,0.0,0.1,0.05,0.1,0.075,300.0,3.0,579.0,0.322,0.0025,0.0003,0.0074,-0.0035,0.0006,0.0167,0.1,0.1,0.1,0.0249999994412065,no_change,2026-09-22T09:48:46,0.0,191.0
AAPL,2026-10-16,23,Put,420.0,AAPL261016P00420000,79.3,81.45,80.375,0.0,0.0,0.0,0.0,0.0,0.4652,-1.0,0.0,0.0,-0.0352,0.0,80.1896,0.0,0.0,0.0,81.25,no_change,,75.0,75.0
AAPL,2026-10-16,23,Call,425.0,AAPL261016C00425000,0.0,0.2,0.1,0.09,0.035,63.6364,21.0,90.0,0.3643,0.002,0.0002,0.006,-0.0029,0.0004,0.0134,0.02,0.09,0.01,0.0550000006332994,up,2026-09-22T13:53:47,0.0,224.0
AAPL,2026-10-16,23,Put,425.0,AAPL261016P00425000,84.25,87.05,85.65,0.0,0.0,0.0,0.0,0.0,0.5271,-1.0,0.0,0.0,-0.0352,0.0,85.1896,0.0,0.0,0.0,85.8499984741211,no_change,,70.0,76.0
AAPL,2026-10-16,23,Call,430.0,AAPL261016C00430000,0.0,0.1,0.05,0.05,-0.045,-47.3684,6.0,819.0,0.3537,0.0016,0.0002,0.0049,-0.0024,0.0004,0.0109,0.03,0.1,0.03,0.0949999988079071,no_change,2026-09-22T15:02:36,0.0,10.0
AAPL,2026-10-16,23,Put,430.0,AAPL261016P00430000,88.65,92.0,90.325,0.0,0.0,0.0,0.0,0.0,0.497,-1.0,0.0,0.0,-0.0352,0.0,90.1896,0.0,0.0,0.0,90.9500007629394,no_change,,75.0,76.0
AAPL,2026-10-16,23,Call,435.0,AAPL261016C00435000,0.0,0.19,0.095,0.02,0.0,0.0,0.0,2059.0,0.3925,0.0013,0.0002,0.0041,-0.0021,0.0003,0.0089,0.0,0.0,0.0,0.144999995827675,down,2026-09-17T09:30:04,0.0,441.0
AAPL,2026-10-16,23,Put,435.0,AAPL261016P00435000,93.7,97.05,95.375,0.0,0.0,0.0,0.0,0.0,0.5271,-1.0,0.0,0.0,-0.0352,0.0,95.1896,0.0,0.0,0.0,96.0999984741211,no_change,,75.0,76.0
AAPL,2026-10-16,23,Call,440.0,AAPL261016C00440000,0.0,0.06,0.03,0.06,0.0,0.0,0.0,362.0,0.3613,0.0011,0.0001,0.0034,-0.0018,0.0002,0.0074,0.0,0.0,0.0,0.0299999993294477,no_change,2026-09-16T14:40:16,0.0,1.0
AAPL,2026-10-16,23,Put,440.0,AAPL261016P00440000,98.7,102.15,100.42500000000001,0.0,0.0,0.0,0.0,0.0,0.5567,-1.0,0.0,0.0,-0.0352,0.0,100.1892,0.0,0.0,0.0,101.049999237061,no_change,,75.0,75.0
AAPL,2026-10-16,23,Call,450.0,AAPL261016C00450000,0.0,0.1,0.05,0.01,0.0,0.0,0.0,3335.0,0.4098,0.0007,0.0001,0.0024,-0.0013,0.0002,0.0051,0.0,0.0,0.0,0.0500000007450581,down,2026-09-14T14:25:30,0.0,10.0
AAPL,2026-10-16,23,Put,450.0,AAPL261016P00450000,108.7,112.0,110.35,0.0,0.0,0.0,0.0,0.0,0.5806,-1.0,0.0,0.0,-0.0352,0.0,110.1896,0.0,0.0,0.0,111.224998474121,no_change,,75.0,75.0
AAPL,2026-10-16,23,Call,460.0,AAPL261016C00460000,0.0,0.52,0.26,0.01,0.0,0.0,0.0,1046.0,0.5322,0.0005,0.0001,0.0017,-0.001,0.0001,0.0036,0.0,0.0,0.0,0.259999990463257,down,2026-09-18T15:36:27,0.0,97.0
AAPL,2026-10-16,23,Put,460.0,AAPL261016P00460000,118.65,122.1,120.375,0.0,0.0,0.0,0.0,0.0,0.6234,-1.0,0.0,0.0,-0.0352,0.0,120.1896,0.0,0.0,0.0,121.075000762939,no_change,,75.0,76.0
AAPL,2026-10-16,23,Call,470.0,AAPL261016C00470000,0.0,0.03,0.015,0.01,-0.175,-94.5946,1.0,180.0,0.4168,0.0004,0.0,0.0013,-0.0007,0.0001,0.0027,0.01,0.01,0.01,0.185000002384186,no_change,2026-09-22T09:30:52,0.0,44.0
AAPL,2026-10-16,23,Put,470.0,AAPL261016P00470000,128.65,132.05,130.35000000000002,0.0,0.0,0.0,0.0,0.0,0.6545,-1.0,0.0,0.0,-0.0352,0.0,130.1896,0.0,0.0,0.0,130.974998474121,no_change,,75.0,76.0
AAPL,2026-10-16,23,Call,480.0,AAPL261016C00480000,0.0,0.06,0.03,0.03,0.015,100.0,1000.0,157.0,0.469,0.0003,0.0,0.001,-0.0006,0.0001,0.002,0.03,0.03,0.03,0.0149999996647239,no_change,2026-09-22T13:11:12,0.0,10.0
AAPL,2026-10-16,23,Put,480.0,AAPL261016P00480000,138.7,142.05,140.375,0.0,0.0,0.0,0.0,0.0,0.6956,-1.0,0.0,0.0,-0.0352,0.0,140.1896,0.0,0.0,0.0,141.300003051758,no_change,,75.0,75.0
AAPL,2026-10-16,23,Call,490.0,AAPL261016C00490000,0.0,0.1,0.05,0.01,0.0,0.0,0.0,81.0,0.5189,0.0002,0.0,0.0007,-0.0004,0.0,0.0015,0.0,0.0,0.0,0.0500000007450581,down,2026-09-09T09:52:11,0.0,5.0
AAPL,2026-10-16,23,Put,490.0,AAPL261016P00490000,148.85,151.4,150.125,0.0,0.0,0.0,0.0,0.0,0.0,-1.0,0.0,0.0,-0.0352,0.0,150.1896,0.0,0.0,0.0,150.900001525879,no_change,,75.0,75.0
AAPL,2026-10-16,23,Call,500.0,AAPL261016C00500000,0.0,0.01,0.005,0.01,0.0,0.0,0.0,171.0,0.4494,0.0001,0.0,0.0006,-0.0003,0.0,0.0011,0.0,0.0,0.0,0.00499999988824129,down,2026-09-15T11:24:18,0.0,20.0
AAPL,2026-10-16,23,Put,500.0,AAPL261016P00500000,158.65,162.1,160.375,0.0,0.0,0.0,0.0,0.0,0.7638,-1.0,0.0,0.0,-0.0352,0.0,160.1896,0.0,0.0,0.0,161.0,no_change,,75.0,75.0
AAPL,2026-10-16,23,Call,510.0,AAPL261016C00510000,0.0,0.01,0.005,0.1,0.0,0.0,0.0,11.0,0.4706,0.0001,0.0,0.0004,-0.0003,0.0,0.0009,0.0,0.0,0.0,0.00499999988824129,down,2026-08-04T13:46:12,0.0,7.0
AAPL,2026-10-16,23,Put,510.0,AAPL261016P00510000,168.55,172.05,170.3,0.0,0.0,0.0,0.0,0.0,0.7754,-1.0,0.0,0.0,-0.0352,0.0,170.1896,0.0,0.0,0.0,170.900001525879,no_change,,75.0,76.0
AAPL,2026-10-16,23,Call,520.0,AAPL261016C00520000,0.0,2.13,1.065,0.03,0.0,0.0,0.0,4.0,0.874,0.0001,0.0,0.0003,-0.0002,0.0,0.0007,0.0,0.0,0.0,0.75,no_change,2026-08-19T11:26:47,0.0,171.0
AAPL,2026-10-16,23,Put,520.0,AAPL261016P00520000,178.55,182.15,180.35000000000002,0.0,0.0,0.0,0.0,0.0,0.8225,-1.0,0.0,0.0,-0.0352,0.0,180.1896,0.0,0.0,0.0,180.850006103516,no_change,,76.0,76.0
AAPL,2026-10-16,23,Call,530.0,AAPL261016C00530000,0.0,2.13,1.065,0.03,0.0,0.0,0.0,4.0,0.9053,0.0001,0.0,0.0003,-0.0002,0.0,0.0005,0.0,0.0,0.0,0.769999980926514,down,2026-08-19T11:26:52,0.0,168.0
AAPL,2026-10-16,23,Put,530.0,AAPL261016P00530000,188.55,192.05,190.3,0.0,0.0,0.0,0.0,0.0,0.8372,-1.0,0.0,0.0,-0.0352,0.0,190.1896,0.0,0.0,0.0,190.950004577637,no_change,,76.0,76.0
AAPL,2026-10-16,23,Call,540.0,AAPL261016C00540000,0.0,0.01,0.005,0.01,0.0,0.0,0.0,8.0,0.5315,0.0001,0.0,0.0002,-0.0001,0.0,0.0004,0.0,0.0,0.0,0.00499999988824129,down,2026-09-14T12:01:27,0.0,5.0
AAPL,2026-10-16,23,Put,540.0,AAPL261016P00540000,198.55,202.05,200.3,0.0,0.0,0.0,0.0,0.0,0.8671,-1.0,0.0,0.0,-0.0352,0.0,200.1896,0.0,0.0,0.0,201.0,no_change,,76.0,76.0
AAPL,2026-10-16,23,Call,550.0,AAPL261016C00550000,0.0,2.13,1.065,0.03,0.0,0.0,0.0,12.0,0.9654,0.0,0.0,0.0002,-0.0001,0.0,0.0004,0.0,0.0,0.0,0.555000007152557,down,2026-08-19T11:26:59,0.0,172.0
AAPL,2026-10-16,23,Put,550.0,AAPL261016P00550000,208.55,212.05,210.3,0.0,0.0,0.0,0.0,0.0,0.8964,-1.0,0.0,0.0,-0.0352,0.0,210.1896,0.0,0.0,0.0,211.125,no_change,,76.0,76.0
AAPL,2026-10-16,23,Call,560.0,AAPL261016C00560000,0.0,2.05,1.025,0.03,0.0,0.0,0.0,5.0,0.9882,0.0,0.0,0.0001,-0.0001,0.0,0.0003,0.0,0.0,0.0,0.425000011920929,down,2026-08-19T11:27:05,0.0,132.0
AAPL,2026-10-16,23,Put,560.0,AAPL261016P00560000,218.55,222.05,220.3,0.0,0.0,0.0,0.0,0.0,0.925,-1.0,0.0,0.0,-0.0352,0.0,220.1896,0.0,0.0,0.0,220.900001525879,no_change,,76.0,76.0
AAPL,2026-10-16,23,Call,570.0,AAPL261016C00570000,0.0,0.01,0.005,0.03,0.0,0.0,0.0,14.0,0.5882,0.0,0.0,0.0001,-0.0001,0.0,0.0002,0.0,0.0,0.0,0.00499999988824129,down,2026-07-28T14:24:12,0.0,4.0
AAPL,2026-10-16,23,Put,570.0,AAPL261016P00570000,229.15,232.2,230.675,0.0,0.0,0.0,0.0,0.0,1.0458,-1.0,0.0,0.0,-0.0352,0.0,230.1896,0.0,0.0,0.0,231.075004577637,no_change,,75.0,76.0
AAPL,2026-10-16,23,Call,580.0,AAPL261016C00580000,0.0,1.83,0.915,0.03,0.0,0.0,0.0,35.0,1.0255,0.0,0.0,0.0001,-0.0001,0.0,0.0002,0.0,0.0,0.0,0.305000007152557,no_change,2026-08-19T11:27:10,0.0,130.0
AAPL,2026-10-16,23,Put,580.0,AAPL261016P00580000,238.55,242.15,240.35000000000002,0.0,0.0,0.0,0.0,0.0,0.9992,-1.0,0.0,0.0,-0.0352,0.0,240.1896,0.0,0.0,0.0,240.825004577637,no_change,,75.0,76.0
AAPL,2026-10-16,23,Call,590.0,AAPL261016C00590000,0.0,0.08,0.04,0.01,0.0,0.0,0.0,107.0,0.7327,0.0,0.0,0.0001,-0.0001,0.0,0.0002,0.0,0.0,0.0,0.0399999991059303,no_change,2026-09-11T12:18:34,0.0,15.0
AAPL,2026-10-16,23,Put,590.0,AAPL261016P00590000,248.55,252.05,250.3,250.65,0.0,0.0,0.0,0.0,1.0073,-1.0,0.0,0.0,-0.0352,0.0,250.1896,0.0,0.0,0.0,250.900001525879,down,2026-07-28T15:49:18,75.0,76.0
AAPL,2026-10-16,23,Call,600.0,AAPL261016C00600000,0.0,0.03,0.015,0.02,0.0,0.0,0.0,74.0,0.6945,0.0,0.0,0.0001,0.0,0.0,0.0001,0.0,0.0,0.0,0.0149999996647239,no_change,2026-09-21T11:49:56,0.0,1.0
AAPL,2026-10-16,23,Put,600.0,AAPL261016P00600000,258.95,262.1,260.525,266.4,0.0,0.0,0.0,0.0,1.0984,-1.0,0.0,0.0,-0.0352,0.0,260.1896,0.0,0.0,0.0,260.75,up,2026-07-30T09:33:22,75.0,75.0
AAPL,2026-10-23,30,Call,110.0,AAPL261023C00110000,228.45,232.15,230.3,206.6,0.0,0.0,0.0,1.0,1.5665,0.9997,0.0,0.0002,0.0,0.099,230.0973,0.0,0.0,0.0,229.625,down,2026-09-08T12:28:09,75.0,1.0
AAPL,2026-10-23,30,Put,110.0,AAPL261023P00110000,0.0,0.52,0.26,0.0,0.0,0.0,0.0,0.0,1.6375,-0.0001,0.0,0.0002,-0.0003,0.0,0.0014,0.0,0.0,0.0,0.259999990463257,no_change,,0.0,18.0
AAPL,2026-10-23,30,Call,120.0,AAPL261023C00120000,218.5,222.25,220.375,0.0,0.0,0.0,0.0,0.0,1.4603,0.9997,0.0,0.0003,0.0,0.108,220.1383,0.0,0.0,0.0,219.675003051758,no_change,,75.0,12.0
AAPL,2026-10-23,30,Put,120.0,AAPL261023P00120000,0.0,0.52,0.26,0.0,0.0,0.0,0.0,0.0,1.5177,-0.0001,0.0,0.0003,-0.0004,0.0,0.0019,0.0,0.0,0.0,0.259999990463257,no_change,,0.0,19.0
AAPL,2026-10-23,30,Call,125.0,AAPL261023C00125000,213.5,217.25,215.375,0.0,0.0,0.0,0.0,0.0,1.3878,0.9997,0.0,0.0004,0.0,0.1124,215.1588,0.0,0.0,0.0,214.675003051758,no_change,,76.0,11.0
AAPL,2026-10-23,30,Put,125.0,AAPL261023P00125000,0.0,0.52,0.26,0.0,0.0,0.0,0.0,0.0,1.4616,-0.0001,0.0,0.0004,-0.0005,0.0,0.0022,0.0,0.0,0.0,0.259999990463257,no_change,,0.0,20.0
AAPL,2026-10-23,30,Call,130.0,AAPL261023C00130000,208.6,212.25,210.425,0.0,0.0,0.0,0.0,0.0,1.3815,0.9997,0.0,0.0005,0.0,0.1169,210.1795,0.0,0.0,0.0,209.700004577637,no_change,,75.0,11.0
AAPL,2026-10-23,30,Put,130.0,AAPL261023P00130000,0.0,0.52,0.26,0.0,0.0,0.0,0.0,0.0,1.4078,-0.0001,0.0,0.0005,-0.0006,0.0,0.0026,0.0,0.0,0.0,0.259999990463257,no_change,,0.0,20.0
AAPL,2026-10-23,30,Call,135.0,AAPL261023C00135000,203.55,207.3,205.425,0.0,0.0,0.0,0.0,0.0,1.2953,0.9997,0.0,0.0005,0.0,0.1214,205.2001,0.0,0.0,0.0,204.725006103516,no_change,,76.0,11.0
AAPL,2026-10-23,30,Put,135.0,AAPL261023P00135000,0.0,0.52,0.26,0.0,0.0,0.0,0.0,0.0,1.356,-0.0001,0.0,0.0005,-0.0007,0.0,0.003,0.0,0.0,0.0,0.259999990463257,no_change,,0.0,21.0
AAPL,2026-10-23,30,Call,140.0,AAPL261023C00140000,198.45,202.25,200.35,0.0,0.0,0.0,0.0,0.0,1.1794,0.9996,0.0,0.0006,0.0,0.1259,200.2209,0.0,0.0,0.0,199.725006103516,no_change,,75.0,1.0
AAPL,2026-10-23,30,Put,140.0,AAPL261023P00140000,0.0,0.52,0.26,0.0,0.0,0.0,0.0,0.0,1.3062,-0.0002,0.0,0.0006,-0.0008,0.0,0.0035,0.0,0.0,0.0,0.264999985694885,no_change,,0.0,21.0
AAPL,2026-10-23,30,Call,145.0,AAPL261023C00145000,193.6,197.35,195.475,191.5,0.0,0.0,0.0,1.0,1.2087,0.9996,0.0,0.0008,0.0,0.1304,195.2417,0.0,0.0,0.0,194.675003051758,up,2026-09-17T13:56:47,75.0,12.0
AAPL,2026-10-23,30,Put,145.0,AAPL261023P00145000,0.0,0.52,0.26,0.0,0.0,0.0,0.0,0.0,1.2581,-0.0002,0.0,0.0008,-0.0009,-0.0001,0.0041,0.0,0.0,0.0,0.264999985694885,no_change,,0.0,22.0
AAPL,2026-10-23,30,Call,150.0,AAPL261023C00150000,188.55,192.35,190.45,0.0,0.0,0.0,0.0,0.0,1.1273,0.9996,0.0,0.0009,0.0,0.1349,190.2626,0.0,0.0,0.0,189.774993896484,no_change,,75.0,11.0
AAPL,2026-10-23,30,Put,150.0,AAPL261023P00150000,0.0,0.52,0.26,0.0,0.0,0.0,0.0,0.0,1.2116,-0.0002,0.0,0.0009,-0.001,-0.0001,0.0047,0.0,0.0,0.0,0.259999990463257,no_change,,0.0,23.0
AAPL,2026-10-23,30,Call,155.0,AAPL261023C00155000,183.7,187.35,185.52499999999998,0.0,0.0,0.0,0.0,0.0,1.1272,0.9995,0.0,0.001,0.0,0.1394,185.2836,0.0,0.0,0.0,184.849998474121,no_change,,75.0,11.0
AAPL,2026-10-23,30,Put,155.0,AAPL261023P00155000,0.0,0.52,0.26,0.0,0.0,0.0,0.0,0.0,1.1667,-0.0003,0.0,0.001,-0.0012,-0.0001,0.0055,0.0,0.0,0.0,0.259999990463257,no_change,,0.0,23.0
AAPL,2026-10-23,30,Call,160.0,AAPL261023C00160000,178.65,182.4,180.525,0.0,0.0,0.0,0.0,0.0,1.071,0.9995,0.0,0.0012,0.0,0.1439,180.3047,0.0,0.0,0.0,179.875,no_change,,76.0,11.0
AAPL,2026-10-23,30,Put,160.0,AAPL261023P00160000,0.0,0.52,0.26,0.08,0.0,0.0,0.0,27.0,1.1232,-0.0003,0.0,0.0012,-0.0013,-0.0001,0.0063,0.0,0.0,0.0,0.254999995231628,up,2026-09-15T15:43:12,0.0,30.0
AAPL,2026-10-23,30,Call,165.0,AAPL261023C00165000,173.6,177.4,175.5,0.0,0.0,0.0,0.0,0.0,0.9959,0.9994,0.0,0.0014,0.0,0.1484,175.326,0.0,0.0,0.0,174.875,no_change,,76.0,11.0
AAPL,2026-10-23,30,Put,165.0,AAPL261023P00165000,0.0,0.51,0.255,0.11,0.0,0.0,0.0,1.0,1.0783,-0.0004,0.0,0.0014,-0.0015,-0.0001,0.0074,0.0,0.0,0.0,0.25,up,2026-09-15T12:23:41,0.0,30.0
AAPL,2026-10-23,30,Call,170.0,AAPL261023C00170000,168.7,172.4,170.55,0.0,0.0,0.0,0.0,0.0,0.9976,0.9994,0.0,0.0016,0.0,0.1528,170.3474,0.0,0.0,0.0,169.849998474121,no_change,,75.0,12.0
AAPL,2026-10-23,30,Put,170.0,AAPL261023P00170000,0.0,0.5,0.25,0.0,0.0,0.0,0.0,0.0,1.0348,-0.0005,0.0,0.0016,-0.0017,-0.0001,0.0085,0.0,0.0,0.0,0.245000004768372,no_change,,0.0,31.0
AAPL,2026-10-23,30,Call,175.0,AAPL261023C00175000,163.6,167.45,165.52499999999998,0.0,0.0,0.0,0.0,0.0,0.9078,0.9993,0.0,0.0019,0.0,0.1573,165.369,0.0,0.0,0.0,164.925003051758,no_change,,76.0,12.0
AAPL,2026-10-23,30,Put,175.0,AAPL261023P00175000,0.0,0.49,0.245,0.0,0.0,0.0,0.0,0.0,0.9926,-0.0005,0.0,0.0019,-0.0019,-0.0002,0.0099,0.0,0.0,0.0,0.239999994635582,no_change,,0.0,31.0
AAPL,2026-10-23,30,Call,180.0,AAPL261023C00180000,158.8,162.45,160.625,0.0,0.0,0.0,0.0,0.0,0.9275,0.9992,0.0,0.0022,0.0,0.1618,160.3909,0.0,0.0,0.0,159.875,no_change,,75.0,12.0
AAPL,2026-10-23,30,Put,180.0,AAPL261023P00180000,0.0,0.48,0.24,0.0,0.0,0.0,0.0,0.0,0.9516,-0.0006,0.0,0.0022,-0.0022,-0.0002,0.0115,0.0,0.0,0.0,0.234999999403954,no_change,,0.0,32.0
AAPL,2026-10-23,30,Call,185.0,AAPL261023C00185000,153.75,157.45,155.6,0.0,0.0,0.0,0.0,0.0,0.8791,0.9991,0.0,0.0026,0.0,0.1662,155.4129,0.0,0.0,0.0,154.925003051758,no_change,,76.0,1.0
AAPL,2026-10-23,30,Put,185.0,AAPL261023P00185000,0.0,0.47,0.235,0.0,0.0,0.0,0.0,0.0,0.9118,-0.0008,0.0,0.0026,-0.0025,-0.0002,0.0133,0.0,0.0,0.0,0.230000004172325,no_change,,0.0,32.0
AAPL,2026-10-23,30,Call,190.0,AAPL261023C00190000,148.65,152.45,150.55,0.0,0.0,0.0,0.0,0.0,0.7952,0.9989,0.0,0.003,0.0,0.1707,150.4353,0.0,0.0,0.0,149.925003051758,no_change,,75.0,1.0
AAPL,2026-10-23,30,Put,190.0,AAPL261023P00190000,0.0,0.46,0.23,0.0,0.0,0.0,0.0,0.0,0.8731,-0.0009,0.0,0.003,-0.0028,-0.0003,0.0155,0.0,0.0,0.0,0.219999998807907,no_change,,0.0,33.0
AAPL,2026-10-23,30,Call,195.0,AAPL261023C00195000,143.8,147.5,145.65,0.0,0.0,0.0,0.0,0.0,0.8006,0.9988,0.0,0.0035,0.0,0.1751,145.4581,0.0,0.0,0.0,144.950004577637,no_change,,76.0,12.0
AAPL,2026-10-23,30,Put,195.0,AAPL261023P00195000,0.0,0.44,0.22,0.07,0.0,0.0,0.0,2.0,0.833,-0.001,0.0,0.0035,-0.0032,-0.0003,0.018,0.0,0.0,0.0,0.209999993443489,no_change,2026-09-09T10:44:29,0.0,33.0
AAPL,2026-10-23,30,Call,200.0,AAPL261023C00200000,139.0,142.55,140.775,136.86,0.0,0.0,0.0,1.0,0.8181,0.9986,0.0001,0.0041,0.0,0.1796,140.4812,0.0,0.0,0.0,140.050003051758,down,2026-09-21T09:56:30,76.0,12.0
AAPL,2026-10-23,30,Put,200.0,AAPL261023P00200000,0.0,0.19,0.095,0.17,0.0,0.0,0.0,2.0,0.7226,-0.0012,0.0001,0.0041,-0.0037,-0.0004,0.0209,0.0,0.0,0.0,0.194999992847443,no_change,2026-09-04T11:55:41,0.0,10.0
AAPL,2026-10-23,30,Call,205.0,AAPL261023C00205000,133.85,137.3,135.575,0.0,0.0,0.0,0.0,0.0,0.6912,0.9984,0.0001,0.0048,0.0,0.184,135.5049,0.0,0.0,0.0,135.050003051758,no_change,,75.0,10.0
AAPL,2026-10-23,30,Put,205.0,AAPL261023P00205000,0.0,0.39,0.195,0.1,0.0,0.0,0.0,2.0,0.7534,-0.0015,0.0001,0.0048,-0.0042,-0.0004,0.0243,0.0,0.0,0.0,0.180000007152557,no_change,2026-09-04T11:55:56,0.0,34.0
AAPL,2026-10-23,30,Call,210.0,AAPL261023C00210000,128.75,131.95,130.35,133.59,3.49,2.68255,1.0,1.0,0.0,0.9981,0.0001,0.0056,0.0,0.1884,130.5291,133.59,133.59,133.59,130.099998474121,up,2026-09-22T11:06:40,76.0,10.0
AAPL,2026-10-23,30,Put,210.0,AAPL261023P00210000,0.0,0.35,0.175,0.0,0.0,0.0,0.0,0.0,0.7113,-0.0017,0.0001,0.0056,-0.0047,-0.0005,0.0283,0.0,0.0,0.0,0.155000001192093,no_change,,0.0,34.0
AAPL,2026-10-23,30,Call,215.0,AAPL261023C00215000,123.9,126.95,125.42500000000001,103.85,0.0,0.0,0.0,2.0,0.0,0.9978,0.0001,0.0066,0.0,0.1928,125.554,0.0,0.0,0.0,125.100002288818,up,2026-09-08T10:13:49,75.0,10.0
AAPL,2026-10-23,30,Put,215.0,AAPL261023P00215000,0.0,0.31,0.155,0.12,0.0,0.0,0.0,6.0,0.6698,-0.002,0.0001,0.0066,-0.0053,-0.0006,0.0329,0.0,0.0,0.0,0.0450000017881393,up,2026-09-15T11:15:27,0.0,35.0
AAPL,2026-10-23,30,Call,220.0,AAPL261023C00220000,119.45,122.0,120.725,120.84,0.465,0.386293,1.0,2.0,0.6531,0.9974,0.0001,0.0077,0.0,0.1972,120.5797,120.84,120.84,120.84,120.375,up,2026-09-22T10:27:02,75.0,10.0
AAPL,2026-10-23,30,Put,220.0,AAPL261023P00220000,0.0,0.25,0.125,0.1,0.0,0.0,0.0,2.0,0.623,-0.0024,0.0001,0.0077,-0.0061,-0.0007,0.0384,0.0,0.0,0.0,0.100000001490116,up,2026-09-16T10:28:41,0.0,10.0
AAPL,2026-10-23,30,Call,225.0,AAPL261023C00225000,114.0,117.0,115.5,109.9,0.0,0.0,0.0,6.0,0.0,0.9969,0.0002,0.009,0.0,0.2016,115.6064,0.0,0.0,0.0,115.399997711182,up,2026-09-11T14:13:27,75.0,10.0
AAPL,2026-10-23,30,Put,225.0,AAPL261023P00225000,0.01,0.06,0.034999999999999996,0.02,-0.04,-66.6667,30.0,17.0,0.5179,-0.0029,0.0002,0.009,-0.0069,-0.0008,0.0448,0.06,0.06,0.02,0.0599999995902181,no_change,2026-09-22T15:11:07,2.0,1.0
AAPL,2026-10-23,30,Call,230.0,AAPL261023C00230000,109.45,112.45,110.95,90.93,0.0,0.0,0.0,10.0,0.6535,0.9964,0.0002,0.0105,0.0,0.2059,110.6342,0.0,0.0,0.0,110.424999237061,down,2026-09-10T10:28:50,75.0,10.0
AAPL,2026-10-23,30,Put,230.0,AAPL261023P00230000,0.01,0.12,0.065,0.02,-0.05,-71.4286,13.0,13.0,0.5249,-0.0034,0.0002,0.0105,-0.0078,-0.001,0.0524,0.07,0.07,0.02,0.0699999975040555,down,2026-09-22T14:31:28,5.0,10.0
AAPL,2026-10-23,30,Call,235.0,AAPL261023C00235000,104.05,107.05,105.55,104.77,0.0,0.0,0.0,56.0,0.0,0.9957,0.0002,0.0123,0.0,0.2102,105.6634,0.0,0.0,0.0,105.150001525879,no_change,2026-09-21T12:31:51,78.0,10.0
AAPL,2026-10-23,30,Put,235.0,AAPL261023P00235000,0.01,0.11,0.06,0.05,-0.025,-33.3333,1.0,3.0,0.4944,-0.0041,0.0002,0.0123,-0.0088,-0.0012,0.0614,0.05,0.05,0.05,0.0749999973922968,down,2026-09-22T13:39:33,5.0,17.0
AAPL,2026-10-23,30,Call,240.0,AAPL261023C00240000,99.65,102.1,100.875,93.72,0.0,0.0,0.0,28.0,0.5594,0.9949,0.0003,0.0144,0.0,0.2144,100.6942,0.0,0.0,0.0,100.5,down,2026-09-16T15:55:39,76.0,10.0
AAPL,2026-10-23,30,Put,240.0,AAPL261023P00240000,0.01,0.12,0.065,0.1,0.0,0.0,0.0,10.0,0.4729,-0.0049,0.0003,0.0144,-0.01,-0.0014,0.072,0.0,0.0,0.0,0.0699999975040555,no_change,2026-09-21T14:26:19,5.0,73.0
AAPL,2026-10-23,30,Call,245.0,AAPL261023C00245000,94.1,97.15,95.625,90.08,0.0,0.0,0.0,13.0,0.0,0.994,0.0004,0.0169,0.0,0.2186,95.727,0.0,0.0,0.0,95.5499992370606,down,2026-09-14T11:32:57,76.0,10.0
AAPL,2026-10-23,30,Put,245.0,AAPL261023P00245000,0.03,0.19,0.11,0.06,-0.05,-45.4545,27.0,16.0,0.4756,-0.0058,0.0004,0.017,-0.0114,-0.0017,0.0845,0.08,0.09,0.06,0.110000001266599,no_change,2026-09-22T14:37:24,6.0,63.0
AAPL,2026-10-23,30,Call,250.0,AAPL261023C00250000,89.45,92.55,91.0,93.43,2.855,3.15208,2.0,29.0,0.5235,0.9928,0.0004,0.0199,-0.0017,0.2228,90.7622,93.4,93.43,93.4,90.5750007629394,up,2026-09-22T10:59:07,78.0,10.0
AAPL,2026-10-23,30,Put,250.0,AAPL261023P00250000,0.05,0.14,0.095,0.08,-0.04,-33.3333,2.0,17.0,0.4416,-0.007,0.0004,0.0199,-0.0129,-0.002,0.0996,0.08,0.08,0.08,0.119999997317791,down,2026-09-22T09:49:03,5.0,59.0
AAPL,2026-10-23,30,Call,255.0,AAPL261023C00255000,84.2,87.2,85.7,83.73,0.0,0.0,0.0,29.0,0.3476,0.9914,0.0005,0.0234,-0.0041,0.2268,85.8002,0.0,0.0,0.0,85.6000022888184,up,2026-09-21T11:38:59,78.0,10.0
AAPL,2026-10-23,30,Put,255.0,AAPL261023P00255000,0.01,0.2,0.10500000000000001,0.13,0.01,8.33333,2.0,39.0,0.4213,-0.0084,0.0005,0.0234,-0.0147,-0.0025,0.1175,0.13,0.13,0.13,0.120000002905726,up,2026-09-22T09:40:14,63.0,63.0
AAPL,2026-10-23,30,Call,260.0,AAPL261023C00260000,79.65,82.65,81.15,83.51,3.235,4.0299,12.0,24.0,0.4871,0.9897,0.0007,0.0276,-0.0067,0.2308,80.8419,83.74,83.74,83.51,80.2750015258789,down,2026-09-22T12:03:05,76.0,10.0
AAPL,2026-10-23,30,Put,260.0,AAPL261023P00260000,0.03,0.2,0.115,0.13,-0.04,-23.5294,3.0,46.0,0.4006,-0.0102,0.0007,0.0277,-0.0167,-0.003,0.1389,0.13,0.15,0.13,0.170000001788139,down,2026-09-22T11:46:23,33.0,37.0
AAPL,2026-10-23,30,Call,265.0,AAPL261023C00265000,74.3,77.7,76.0,78.6,2.875,3.79663,12.0,26.0,0.4239,0.9876,0.0008,0.0326,-0.0096,0.2346,75.888,78.75,78.75,78.6,75.7250022888184,down,2026-09-22T12:03:05,79.0,10.0
AAPL,2026-10-23,30,Put,265.0,AAPL261023P00265000,0.11,0.28,0.195,0.14,-0.095,-40.4255,28.0,45.0,0.4029,-0.0123,0.0008,0.0326,-0.019,-0.0036,0.1649,0.18,0.18,0.14,0.234999999403954,down,2026-09-22T13:09:21,17.0,172.0
AAPL,2026-10-23,30,Call,270.0,AAPL261023C00270000,69.35,72.35,70.85,73.52,3.42,4.87875,1.0,25.0,0.347,0.9849,0.001,0.0386,-0.0128,0.2383,70.9396,73.52,73.52,73.52,70.0999984741211,up,2026-09-22T10:58:44,79.0,10.0
AAPL,2026-10-23,30,Put,270.0,AAPL261023P00270000,0.04,0.26,0.15,0.18,-0.1,-35.7143,7.0,566.0,0.3631,-0.0149,0.001,0.0386,-0.0216,-0.0044,0.1964,0.23,0.23,0.16,0.279999993741512,no_change,2026-09-22T11:53:02,32.0,8.0
AAPL,2026-10-23,30,Call,275.0,AAPL261023C00275000,64.4,67.65,66.025,68.88,3.38,5.16031,48.0,3.0,0.3663,0.9816,0.0012,0.0457,-0.0164,0.2418,65.9985,69.51,69.57,68.45,65.4999980926514,no_change,2026-09-22T11:58:49,78.0,10.0
AAPL,2026-10-23,30,Put,275.0,AAPL261023P00275000,0.2,0.32,0.26,0.22,-0.07,-24.1379,28.0,96.0,0.3661,-0.0182,0.0012,0.0458,-0.0246,-0.0053,0.2352,0.26,0.27,0.21,0.290000006556511,down,2026-09-22T14:34:48,5.0,139.0
AAPL,2026-10-23,30,Call,280.0,AAPL261023C00280000,59.25,62.2,60.725,64.0,3.65,6.04805,49.0,25.0,0.0,0.9775,0.0016,0.0544,-0.0204,0.245,61.067,64.52,64.6,63.48,60.3500003814697,no_change,2026-09-22T12:37:32,115.0,12.0
AAPL,2026-10-23,30,Put,280.0,AAPL261023P00280000,0.21,0.33,0.27,0.27,-0.085,-23.9437,8.0,516.0,0.3416,-0.0224,0.0016,0.0544,-0.0281,-0.0065,0.2836,0.3,0.3,0.26,0.355000004172325,up,2026-09-22T12:47:20,12.0,12.0
AAPL,2026-10-23,30,Call,285.0,AAPL261023C00285000,54.55,57.75,56.15,59.32,3.945,7.12415,47.0,10.0,0.3282,0.9722,0.002,0.065,-0.0252,0.2478,56.1488,59.54,59.6,58.85,55.375,down,2026-09-22T11:45:29,115.0,17.0
AAPL,2026-10-23,30,Put,285.0,AAPL261023P00285000,0.26,0.4,0.33,0.33,-0.1,-23.2558,17.0,250.0,0.3258,-0.0277,0.002,0.0653,-0.0322,-0.008,0.3455,0.43,0.43,0.33,0.429999992251396,no_change,2026-09-22T15:40:14,12.0,17.0
AAPL,2026-10-23,30,Call,290.0,AAPL261023C00290000,49.65,53.0,51.325,52.8,2.25,4.45104,47.0,117.0,0.1459,0.9652,0.0025,0.0784,-0.0307,0.2501,51.2498,54.65,54.65,52.8,50.5499992370606,down,2026-09-22T13:43:22,157.0,6.0
AAPL,2026-10-23,30,Put,290.0,AAPL261023P00290000,0.43,0.48,0.45499999999999996,0.42,-0.12,-22.2222,114.0,448.0,0.3161,-0.0349,0.0025,0.0787,-0.0372,-0.0101,0.4279,0.49,0.52,0.4,0.53999999165535,no_change,2026-09-22T15:34:49,1.0,15.0
AAPL,2026-10-23,30,Call,295.0,AAPL261023C00295000,44.7,47.9,46.3,49.02,2.895,6.27642,48.0,160.0,0.2886,0.9558,0.0031,0.095,-0.0373,0.2517,46.3795,49.86,49.86,48.64,46.125,up,2026-09-22T12:20:09,145.0,21.0
AAPL,2026-10-23,30,Put,295.0,AAPL261023P00295000,0.45,0.63,0.54,0.55,-0.12,-17.9104,75.0,405.0,0.2984,-0.0442,0.0032,0.0952,-0.0433,-0.0126,0.5367,0.6,0.63,0.5,0.6700000166893,up,2026-09-22T15:22:09,37.0,25.0
AAPL,2026-10-23,30,Call,300.0,AAPL261023C00300000,39.75,43.15,41.45,44.22,3.245,7.91946,48.0,179.0,0.2744,0.943,0.004,0.1162,-0.0455,0.2522,41.5531,41.94,44.6,41.94,40.9750003814697,up,2026-09-22T12:20:09,137.0,20.0
AAPL,2026-10-23,30,Put,300.0,AAPL261023P00300000,0.66,0.74,0.7,0.66,-0.14,-17.5,226.0,7156.0,0.2851,-0.0571,0.0041,0.117,-0.0508,-0.0163,0.6903,0.72,0.8,0.62,0.800000011920929,down,2026-09-22T15:52:12,7.0,30.0
AAPL,2026-10-23,30,Call,305.0,AAPL261023C00305000,35.2,37.95,36.575,40.04,3.94,10.9141,3.0,49.0,0.2547,0.9252,0.0052,0.1431,-0.0555,0.251,36.7932,41.48,41.48,37.3,36.0999984741211,up,2026-09-22T11:14:33,135.0,25.0
AAPL,2026-10-23,30,Put,305.0,AAPL261023P00305000,0.82,1.05,0.935,0.93,-0.155,-14.2857,748.0,651.0,0.273,-0.0753,0.0053,0.1443,-0.0605,-0.0215,0.9152,1.11,1.11,0.8,1.08499997854233,up,2026-09-22T15:58:33,17.0,64.0
AAPL,2026-10-23,30,Call,310.0,AAPL261023C00310000,31.15,33.2,32.175,33.49,1.79,5.64669,34.0,262.0,0.2631,0.9007,0.0067,0.1764,-0.0677,0.2478,32.1331,32.75,35.64,31.51,31.6999998092651,down,2026-09-22T13:20:31,145.0,5.0
AAPL,2026-10-23,30,Put,310.0,AAPL261023P00310000,1.15,1.36,1.255,1.25,-0.185,-12.892,883.0,1015.0,0.2616,-0.1001,0.0068,0.177,-0.0723,-0.0283,1.2388,1.29,1.42,1.08,1.43500000238419,up,2026-09-22T15:55:00,5.0,8.0
AAPL,2026-10-23,30,Call,315.0,AAPL261023C00315000,26.6,28.75,27.675,28.67,1.245,4.53965,55.0,440.0,0.254,0.8672,0.0086,0.2159,-0.082,0.2416,27.6179,32.2,32.2,28.67,27.4250001907349,down,2026-09-22T14:01:31,183.0,30.0
AAPL,2026-10-23,30,Put,315.0,AAPL261023P00315000,1.59,1.94,1.7650000000000001,1.73,-0.225,-11.509,506.0,813.0,0.254,-0.134,0.0087,0.2167,-0.0862,-0.0375,1.7089,1.83,2.0,1.47,1.9549999833107,down,2026-09-22T15:59:37,32.0,32.0
AAPL,2026-10-23,30,Call,320.0,AAPL261023C00320000,22.25,23.85,23.05,24.0,1.0,4.34783,48.0,871.0,0.2334,0.8229,0.0107,0.2602,-0.0977,0.2319,23.304,25.77,26.45,22.8,23.0,down,2026-09-22T14:50:19,144.0,1.0
AAPL,2026-10-23,30,Put,320.0,AAPL261023P00320000,2.33,2.6,2.465,2.47,-0.21,-7.83582,498.0,1559.0,0.2467,-0.179,0.0109,0.2611,-0.1017,-0.0496,2.383,2.53,2.73,1.96,2.6800000667572,down,2026-09-22T15:59:36,7.0,114.0
AAPL,2026-10-23,30,Call,325.0,AAPL261023C00325000,18.4,20.05,19.225,19.05,0.0,-1.00123e-06,45.0,1859.0,0.236,0.7664,0.013,0.3056,-0.1136,0.2181,19.2563,20.22,24.0,19.05,19.0500001907349,down,2026-09-22T15:57:15,22.0,6.0
AAPL,2026-10-23,30,Put,325.0,AAPL261023P00325000,3.2,3.5,3.35,3.45,-0.275,-7.38255,441.0,697.0,0.2378,-0.2365,0.0132,0.3074,-0.1174,-0.0646,3.3271,3.75,3.75,2.75,3.72500002384186,up,2026-09-22T15:59:36,18.0,6.0
AAPL,2026-10-23,30,Call,330.0,AAPL261023C00330000,15.25,15.9,15.575,15.65,0.225,1.45867,642.0,683.0,0.2326,0.6976,0.0151,0.3469,-0.1277,0.2003,15.5428,16.0,20.87,15.35,15.4250001907349,up,2026-09-22T15:59:56,38.0,5.0
AAPL,2026-10-23,30,Put,330.0,AAPL261023P00330000,4.4,4.85,4.625,4.62,-0.455,-8.96551,253.0,630.0,0.232,-0.3065,0.0154,0.3492,-0.1313,-0.0817,4.6123,4.7,5.11,3.8,5.07499980926514,up,2026-09-22T15:55:00,35.0,10.0
AAPL,2026-10-23,30,Call,335.0,AAPL261023C00335000,11.9,12.7,12.3,11.8,-0.4,-3.27869,273.0,1387.0,0.2286,0.6182,0.0169,0.3781,-0.1377,0.1789,12.2261,12.9,16.3,11.8,12.1999998092651,down,2026-09-22T15:56:54,39.0,1.0
AAPL,2026-10-23,30,Put,335.0,AAPL261023P00335000,6.25,6.7,6.475,6.45,-0.3,-4.44444,126.0,275.0,0.2319,-0.3876,0.0172,0.3791,-0.1413,-0.1003,6.3031,5.35,6.84,5.22,6.75,up,2026-09-22T15:59:22,20.0,17.0
AAPL,2026-10-23,30,Call,340.0,AAPL261023C00340000,9.35,9.7,9.524999999999999,9.35,0.025,0.268099,882.0,3944.0,0.2282,0.5315,0.0179,0.3939,-0.142,0.1548,9.3539,10.0,13.1,9.1,9.32499980926514,no_change,2026-09-22T15:57:54,29.0,30.0
AAPL,2026-10-23,30,Put,340.0,AAPL261023P00340000,8.4,8.75,8.575,8.6,-0.3,-3.37079,293.0,152.0,0.2271,-0.4765,0.0183,0.3933,-0.1456,-0.1191,8.4468,8.35,8.9,6.84,8.90000009536743,up,2026-09-22T15:58:07,25.0,29.0
AAPL,2026-10-23,30,Call,345.0,AAPL261023C00345000,6.9,7.25,7.075,7.05,0.1,1.43885,565.0,1144.0,0.2243,0.4421,0.0179,0.3912,-0.1394,0.1293,6.9517,8.2,10.25,6.87,6.95000004768372,up,2026-09-22T15:58:40,24.0,26.0
AAPL,2026-10-23,30,Put,345.0,AAPL261023P00345000,10.85,11.6,11.225,11.05,-0.675,-5.75693,41.0,54.0,0.2251,-0.5686,0.0185,0.3882,-0.1433,-0.1341,11.0723,11.02,11.47,9.0,11.7249999046326,up,2026-09-22T15:55:00,17.0,2.0
AAPL,2026-10-23,30,Call,350.0,AAPL261023C00350000,4.75,5.25,5.0,5.05,0.025,0.497515,538.0,1987.0,0.2186,0.3552,0.0171,0.3697,-0.1302,0.1042,5.0171,5.5,7.62,4.95,5.02499985694885,up,2026-09-22T15:57:50,62.0,5.0
AAPL,2026-10-23,30,Put,350.0,AAPL261023P00350000,13.25,14.95,14.1,14.09,-0.435,-2.99484,1.0,5.0,0.2217,-0.6588,0.0178,0.3605,-0.1344,-0.1455,14.1826,14.09,14.09,14.09,14.5250000953674,down,2026-09-22T10:43:40,1.0,5.0
AAPL,2026-10-23,30,Call,355.0,AAPL261023C00355000,3.4,3.7,3.55,3.54,0.015,0.425533,235.0,1677.0,0.2187,0.2756,0.0154,0.3329,-0.1159,0.0811,3.5184,3.75,5.6,3.44,3.52499997615814,up,2026-09-22T15:59:37,29.0,18.0
AAPL,2026-10-23,30,Put,355.0,AAPL261023P00355000,16.65,19.25,17.95,16.0,-2.875,-15.2318,5.0,17.0,0.2296,-0.7422,0.0162,0.3187,-0.1203,-0.1499,17.7469,16.0,18.1,14.9,18.875,down,2026-09-22T10:56:04,1.0,1.0
AAPL,2026-10-23,30,Call,360.0,AAPL261023C00360000,2.18,2.54,2.3600000000000003,2.39,-0.01,-0.416666,627.0,5514.0,0.2155,0.2066,0.0132,0.2862,-0.0984,0.0609,2.4019,2.65,4.05,2.18,2.39999997615814,down,2026-09-22T15:58:45,36.0,26.0
AAPL,2026-10-23,30,Put,360.0,AAPL261023P00360000,20.75,22.95,21.85,20.28,-2.495,-10.955,1.0,5.0,0.2223,-0.8153,0.0142,0.2651,-0.1028,-0.1425,21.7104,20.28,20.28,20.28,22.7749996185303,down,2026-09-22T09:44:22,28.0,20.0
AAPL,2026-10-23,30,Call,365.0,AAPL261023C00365000,1.49,1.71,1.6,1.55,-0.055,-3.42679,241.0,1987.0,0.2168,0.1502,0.0108,0.2355,-0.0799,0.0443,1.6008,1.75,2.45,1.55,1.60499995946884,down,2026-09-22T15:57:05,38.0,16.0
AAPL,2026-10-23,30,Put,365.0,AAPL261023P00365000,24.85,27.6,26.225,32.9,0.0,0.0,0.0,1.0,0.2274,-0.8768,0.012,0.2029,-0.0848,-0.1227,26.0105,0.0,0.0,0.0,26.8499994277954,up,2026-09-16T11:32:01,157.0,6.0
AAPL,2026-10-23,30,Call,370.0,AAPL261023C00370000,1.0,1.12,1.06,1.06,0.02,1.92307,139.0,1279.0,0.2181,0.1061,0.0085,0.1864,-0.0625,0.0312,1.0458,1.11,1.66,1.06,1.04000002145767,down,2026-09-22T15:57:32,7.0,14.0
AAPL,2026-10-23,30,Put,370.0,AAPL261023P00370000,29.15,32.25,30.7,34.0,0.0,0.0,0.0,7.0,0.2261,-0.9265,0.0098,0.1371,-0.0691,-0.0954,30.5813,0.0,0.0,0.0,31.625,no_change,2026-09-17T14:53:21,90.0,1.0
AAPL,2026-10-23,30,Call,375.0,AAPL261023C00375000,0.56,0.77,0.665,0.64,-0.015,-2.29008,110.0,572.0,0.2177,0.0733,0.0064,0.1428,-0.0474,0.0216,0.6732,0.79,1.14,0.63,0.655000001192093,down,2026-09-22T15:54:10,162.0,136.0
AAPL,2026-10-23,30,Put,375.0,AAPL261023P00375000,33.7,37.2,35.45,38.76,0.0,0.0,0.0,7.0,0.2302,-0.9659,0.0083,0.0773,-0.0542,-0.0537,35.355,0.0,0.0,0.0,36.2999992370606,down,2026-09-17T14:53:21,158.0,3.0
AAPL,2026-10-23,30,Call,380.0,AAPL261023C00380000,0.28,0.48,0.38,0.44,0.045,11.3924,111.0,466.0,0.2148,0.0498,0.0047,0.1066,-0.035,0.0146,0.4298,0.61,0.64,0.44,0.394999995827675,no_change,2026-09-22T15:53:01,183.0,112.0
AAPL,2026-10-23,30,Put,380.0,AAPL261023P00380000,38.65,42.05,40.349999999999994,44.13,0.0,0.0,0.0,0.0,0.24,-0.9917,0.004,0.0249,-0.0415,-0.0149,40.2839,0.0,0.0,0.0,41.1500015258789,no_change,2026-09-17T14:49:25,80.0,1.0
AAPL,2026-10-23,30,Call,385.0,AAPL261023C00385000,0.13,0.36,0.245,0.31,0.055,21.5686,258.0,599.0,0.218,0.0336,0.0034,0.0782,-0.0255,0.0098,0.2745,0.28,0.45,0.28,0.255000002682209,down,2026-09-22T15:07:48,60.0,52.0
AAPL,2026-10-23,30,Put,385.0,AAPL261023P00385000,43.65,47.05,45.349999999999994,0.0,0.0,0.0,0.0,0.0,0.2619,-0.9998,0.0001,0.0,-0.04,0.0,45.2824,0.0,0.0,0.0,46.1500015258789,no_change,,76.0,1.0
AAPL,2026-10-23,30,Call,390.0,AAPL261023C00390000,0.15,0.23,0.19,0.27,0.095,54.2857,88.0,310.0,0.2272,0.0228,0.0024,0.0572,-0.0186,0.0067,0.1786,0.18,0.27,0.17,0.175000000745058,up,2026-09-22T13:00:24,3.0,41.0
AAPL,2026-10-23,30,Put,390.0,AAPL261023P00390000,48.7,52.15,50.425,0.0,0.0,0.0,0.0,0.0,0.2951,-1.0,0.0,0.0,-0.04,0.0,50.2824,0.0,0.0,0.0,51.1500015258789,no_change,,76.0,2.0
AAPL,2026-10-23,30,Call,395.0,AAPL261023C00395000,0.06,0.16,0.11,0.12,0.02,20.0,3.0,28.0,0.2268,0.0155,0.0017,0.0417,-0.0135,0.0045,0.1173,0.01,0.12,0.01,0.0999999977648258,up,2026-09-22T13:09:33,51.0,162.0
AAPL,2026-10-23,30,Put,395.0,AAPL261023P00395000,53.7,57.05,55.375,0.0,0.0,0.0,0.0,0.0,0.3085,-1.0,0.0,0.0,-0.04,0.0,55.2824,0.0,0.0,0.0,56.1500015258789,no_change,,76.0,1.0
AAPL,2026-10-23,30,Call,400.0,AAPL261023C00400000,0.05,0.1,0.07500000000000001,0.08,0.015,23.0769,152.0,123.0,0.2318,0.0108,0.0012,0.0306,-0.0099,0.0031,0.0792,0.1,0.1,0.06,0.0650000004097819,no_change,2026-09-22T15:52:22,1.0,31.0
AAPL,2026-10-23,30,Put,400.0,AAPL261023P00400000,58.65,62.05,60.349999999999994,60.2,-1.1,-1.79446,3.0,20.0,0.3241,-1.0,0.0,0.0,-0.04,0.0,60.2824,60.2,60.2,60.2,61.3000011444092,no_change,2026-09-22T15:53:58,76.0,1.0
AAPL,2026-10-23,30,Call,405.0,AAPL261023C00405000,0.0,0.12,0.06,0.17,0.0,0.0,0.0,13.0,0.2432,0.0077,0.0009,0.0228,-0.0075,0.0022,0.0553,0.0,0.0,0.0,0.0750000001862645,no_change,2026-09-14T11:11:48,0.0,17.0
AAPL,2026-10-23,30,Put,405.0,AAPL261023P00405000,63.7,67.05,65.375,65.22,-0.93,-1.4059,3.0,0.0,0.349,-1.0,0.0,0.0,-0.04,0.0,65.2824,65.22,65.22,65.22,66.1500015258789,no_change,2026-09-22T15:53:58,76.0,1.0
AAPL,2026-10-23,30,Call,410.0,AAPL261023C00410000,0.0,0.05,0.025,0.04,-0.015,-27.2727,1.0,11.0,0.233,0.0056,0.0006,0.0174,-0.0058,0.0016,0.04,0.04,0.04,0.04,0.0550000006332994,down,2026-09-22T10:05:27,0.0,1.0
AAPL,2026-10-23,30,Put,410.0,AAPL261023P00410000,68.65,72.05,70.35,77.3,0.0,0.0,0.0,0.0,0.3632,-1.0,0.0,0.0,-0.04,0.0,70.2824,0.0,0.0,0.0,71.1500015258789,down,2026-09-14T15:48:22,76.0,1.0
AAPL,2026-10-23,30,Call,415.0,AAPL261023C00415000,0.0,0.29,0.145,0.03,0.0,0.0,0.0,262.0,0.2988,0.0042,0.0005,0.0136,-0.0046,0.0012,0.0299,0.0,0.0,0.0,0.0449999989941716,no_change,2026-09-21T13:34:53,0.0,37.0
AAPL,2026-10-23,30,Put,415.0,AAPL261023P00415000,73.7,77.05,75.375,84.0,0.0,0.0,0.0,0.0,0.3877,-1.0,0.0,0.0,-0.04,0.0,75.2824,0.0,0.0,0.0,76.1500015258789,up,2026-09-16T15:11:46,76.0,1.0
AAPL,2026-10-30,37,Call,110.0,AAPL261030C00110000,228.6,231.9,230.25,0.0,0.0,0.0,0.0,0.0,0.0,0.9998,0.0,0.0004,0.0,0.1228,230.3355,0.0,0.0,0.0,229.574996948242,no_change,,75.0,70.0
AAPL,2026-10-30,37,Put,110.0,AAPL261030P00110000,0.0,0.52,0.26,0.0,0.0,0.0,0.0,0.0,1.4803,-0.0001,0.0,0.0004,-0.0005,0.0,0.0024,0.0,0.0,0.0,1.06500005722046,no_change,,0.0,83.0
AAPL,2026-10-30,37,Call,120.0,AAPL261030C00120000,218.65,221.95,220.3,0.0,0.0,0.0,0.0,0.0,0.0,0.9998,0.0,0.0006,0.0,0.134,220.3869,0.0,0.0,0.0,219.525001525879,no_change,,76.0,70.0
AAPL,2026-10-30,37,Put,120.0,AAPL261030P00120000,0.0,0.52,0.26,0.0,0.0,0.0,0.0,0.0,1.3721,-0.0001,0.0,0.0006,-0.0006,0.0,0.0033,0.0,0.0,0.0,0.699999988079071,no_change,,0.0,83.0
AAPL,2026-10-30,37,Call,125.0,AAPL261030C00125000,213.5,216.95,215.225,0.0,0.0,0.0,0.0,0.0,0.0,0.9997,0.0,0.0007,0.0,0.1395,215.4127,0.0,0.0,0.0,214.625,no_change,,75.0,70.0
AAPL,2026-10-30,37,Put,125.0,AAPL261030P00125000,0.0,0.52,0.26,0.0,0.0,0.0,0.0,0.0,1.3215,-0.0002,0.0,0.0007,-0.0007,-0.0001,0.0039,0.0,0.0,0.0,0.555000007152557,no_change,,0.0,83.0
AAPL,2026-10-30,37,Call,130.0,AAPL261030C00130000,208.75,212.0,210.375,0.0,0.0,0.0,0.0,0.0,0.0,0.9997,0.0,0.0008,0.0,0.1451,210.4386,0.0,0.0,0.0,209.675003051758,no_change,,75.0,70.0
AAPL,2026-10-30,37,Put,130.0,AAPL261030P00130000,0.0,0.52,0.26,0.0,0.0,0.0,0.0,0.0,1.2728,-0.0002,0.0,0.0008,-0.0008,-0.0001,0.0046,0.0,0.0,0.0,0.200000002980232,no_change,,0.0,83.0
AAPL,2026-10-30,37,Call,135.0,AAPL261030C00135000,203.55,207.15,205.35000000000002,0.0,0.0,0.0,0.0,0.0,0.0,0.9997,0.0,0.001,0.0,0.1507,205.4646,0.0,0.0,0.0,204.800003051758,no_change,,75.0,70.0
AAPL,2026-10-30,37,Put,135.0,AAPL261030P00135000,0.0,0.52,0.26,0.0,0.0,0.0,0.0,0.0,1.2261,-0.0002,0.0,0.001,-0.001,-0.0001,0.0054,0.0,0.0,0.0,0.465000003576279,no_change,,0.0,84.0
AAPL,2026-10-30,37,Call,140.0,AAPL261030C00140000,198.75,202.05,200.4,0.0,0.0,0.0,0.0,0.0,0.0,0.9996,0.0,0.0011,0.0,0.1562,200.4908,0.0,0.0,0.0,199.699996948242,no_change,,76.0,70.0
AAPL,2026-10-30,37,Put,140.0,AAPL261030P00140000,0.0,0.52,0.26,0.0,0.0,0.0,0.0,0.0,1.1811,-0.0003,0.0,0.0011,-0.0011,-0.0001,0.0064,0.0,0.0,0.0,0.310000002384186,no_change,,0.0,84.0
AAPL,2026-10-30,37,Call,145.0,AAPL261030C00145000,193.6,197.05,195.325,0.0,0.0,0.0,0.0,0.0,0.0,0.9996,0.0,0.0013,0.0,0.1618,195.5171,0.0,0.0,0.0,194.75,no_change,,75.0,70.0
AAPL,2026-10-30,37,Put,145.0,AAPL261030P00145000,0.0,0.51,0.255,0.0,0.0,0.0,0.0,0.0,1.1349,-0.0003,0.0,0.0014,-0.0012,-0.0001,0.0075,0.0,0.0,0.0,0.469999998807907,no_change,,0.0,192.0
AAPL,2026-10-30,37,Call,150.0,AAPL261030C00150000,188.8,192.1,190.45,0.0,0.0,0.0,0.0,0.0,0.0,0.9995,0.0,0.0016,0.0,0.1674,190.5436,0.0,0.0,0.0,189.724998474121,no_change,,75.0,70.0
AAPL,2026-10-30,37,Put,150.0,AAPL261030P00150000,0.0,0.5,0.25,0.0,0.0,0.0,0.0,0.0,1.0903,-0.0004,0.0,0.0016,-0.0014,-0.0001,0.0087,0.0,0.0,0.0,0.465000003576279,no_change,,0.0,189.0
AAPL,2026-10-30,37,Call,155.0,AAPL261030C00155000,183.65,187.1,185.375,0.0,0.0,0.0,0.0,0.0,0.0,0.9994,0.0,0.0019,0.0,0.1729,185.5703,0.0,0.0,0.0,184.75,no_change,,75.0,70.0
AAPL,2026-10-30,37,Put,155.0,AAPL261030P00155000,0.0,0.48,0.24,0.0,0.0,0.0,0.0,0.0,1.0445,-0.0005,0.0,0.0019,-0.0016,-0.0002,0.0102,0.0,0.0,0.0,0.365000009536743,no_change,,0.0,84.0
AAPL,2026-10-30,37,Call,160.0,AAPL261030C00160000,178.65,182.15,180.4,0.0,0.0,0.0,0.0,0.0,0.0,0.9994,0.0,0.0022,0.0,0.1785,180.5972,0.0,0.0,0.0,179.824996948242,no_change,,75.0,70.0
AAPL,2026-10-30,37,Put,160.0,AAPL261030P00160000,0.0,0.47,0.235,0.0,0.0,0.0,0.0,0.0,1.0029,-0.0006,0.0,0.0022,-0.0019,-0.0002,0.012,0.0,0.0,0.0,0.469999998807907,no_change,,0.0,178.0
AAPL,2026-10-30,37,Call,165.0,AAPL261030C00165000,173.7,177.15,175.425,0.0,0.0,0.0,0.0,0.0,0.0,0.9992,0.0,0.0026,0.0,0.184,175.6245,0.0,0.0,0.0,174.824996948242,no_change,,75.0,70.0
AAPL,2026-10-30,37,Put,165.0,AAPL261030P00165000,0.0,0.45,0.225,0.0,0.0,0.0,0.0,0.0,0.96,-0.0007,0.0,0.0026,-0.0022,-0.0002,0.014,0.0,0.0,0.0,0.6700000166893,no_change,,0.0,191.0
AAPL,2026-10-30,37,Call,170.0,AAPL261030C00170000,168.7,172.15,170.425,0.0,0.0,0.0,0.0,0.0,0.0,0.9991,0.0,0.003,0.0,0.1896,170.652,0.0,0.0,0.0,169.875,no_change,,77.0,70.0
AAPL,2026-10-30,37,Put,170.0,AAPL261030P00170000,0.0,0.43,0.215,0.0,0.0,0.0,0.0,0.0,0.9184,-0.0008,0.0,0.003,-0.0025,-0.0003,0.0163,0.0,0.0,0.0,0.314999997615814,no_change,,0.0,192.0
AAPL,2026-10-30,37,Call,175.0,AAPL261030C00175000,163.75,166.8,165.275,0.0,0.0,0.0,0.0,0.0,0.0,0.999,0.0,0.0035,0.0,0.1951,165.6799,0.0,0.0,0.0,164.800003051758,no_change,,75.0,70.0
AAPL,2026-10-30,37,Put,175.0,AAPL261030P00175000,0.0,0.41,0.205,0.0,0.0,0.0,0.0,0.0,0.878,-0.0009,0.0,0.0035,-0.0028,-0.0003,0.019,0.0,0.0,0.0,0.514999985694885,no_change,,0.0,185.0
AAPL,2026-10-30,37,Call,180.0,AAPL261030C00180000,158.95,162.2,160.575,0.0,0.0,0.0,0.0,0.0,0.0,0.9988,0.0,0.0041,0.0,0.2006,160.7083,0.0,0.0,0.0,160.075004577637,no_change,,75.0,70.0
AAPL,2026-10-30,37,Put,180.0,AAPL261030P00180000,0.0,0.38,0.19,0.0,0.0,0.0,0.0,0.0,0.8361,-0.0011,0.0,0.0041,-0.0032,-0.0004,0.0222,0.0,0.0,0.0,0.419999986886978,no_change,,0.0,192.0
AAPL,2026-10-30,37,Call,185.0,AAPL261030C00185000,153.8,157.25,155.525,145.82,0.0,0.0,0.0,2.0,0.0,0.9986,0.0001,0.0048,0.0,0.2061,155.7372,0.0,0.0,0.0,155.175003051758,no_change,2026-09-15T10:55:44,75.0,70.0
AAPL,2026-10-30,37,Put,185.0,AAPL261030P00185000,0.0,0.36,0.18,0.18,0.0,0.0,0.0,8.0,0.7979,-0.0013,0.0001,0.0048,-0.0036,-0.0005,0.0259,0.0,0.0,0.0,0.144999995827675,down,2026-09-21T10:28:12,0.0,96.0
AAPL,2026-10-30,37,Call,190.0,AAPL261030C00190000,148.8,152.25,150.525,140.89,0.0,0.0,0.0,2.0,0.0,0.9984,0.0001,0.0056,0.0,0.2116,150.7667,0.0,0.0,0.0,150.075004577637,down,2026-09-15T10:55:44,76.0,70.0
AAPL,2026-10-30,37,Put,190.0,AAPL261030P00190000,0.0,0.32,0.16,0.16,0.0,0.0,0.0,13.0,0.7552,-0.0015,0.0001,0.0056,-0.0041,-0.0006,0.0302,0.0,0.0,0.0,0.144999995827675,down,2026-09-21T10:28:12,0.0,184.0
AAPL,2026-10-30,37,Call,195.0,AAPL261030C00195000,143.85,147.3,145.575,0.0,0.0,0.0,0.0,0.0,0.0,0.9981,0.0001,0.0065,0.0,0.2171,145.7969,0.0,0.0,0.0,145.025001525879,no_change,,75.0,70.0
AAPL,2026-10-30,37,Put,195.0,AAPL261030P00195000,0.0,0.28,0.14,0.0,0.0,0.0,0.0,0.0,0.7131,-0.0018,0.0001,0.0065,-0.0047,-0.0007,0.0352,0.0,0.0,0.0,0.33500000834465,no_change,,0.0,84.0
AAPL,2026-10-30,37,Call,200.0,AAPL261030C00200000,138.85,142.35,140.6,0.0,0.0,0.0,0.0,0.0,0.0,0.9978,0.0001,0.0075,0.0,0.2225,140.828,0.0,0.0,0.0,139.924995422363,no_change,,84.0,70.0
AAPL,2026-10-30,37,Put,200.0,AAPL261030P00200000,0.0,0.23,0.115,0.0,0.0,0.0,0.0,0.0,0.6681,-0.0022,0.0001,0.0076,-0.0054,-0.0008,0.0411,0.0,0.0,0.0,0.125,no_change,,0.0,76.0
AAPL,2026-10-30,37,Call,205.0,AAPL261030C00205000,133.9,137.35,135.625,0.0,0.0,0.0,0.0,0.0,0.0,0.9974,0.0001,0.0088,0.0,0.228,135.86,0.0,0.0,0.0,134.974998474121,no_change,,75.0,70.0
AAPL,2026-10-30,37,Put,205.0,AAPL261030P00205000,0.0,0.17,0.085,0.0,0.0,0.0,0.0,0.0,0.6185,-0.0025,0.0001,0.0088,-0.0061,-0.0009,0.0479,0.0,0.0,0.0,0.340000003576279,no_change,,0.0,14.0
AAPL,2026-10-30,37,Call,210.0,AAPL261030C00210000,128.95,132.4,130.675,125.54,0.0,0.0,0.0,1.0,0.0,0.9969,0.0001,0.0103,0.0,0.2334,130.8932,0.0,0.0,0.0,129.949996948242,up,2026-09-11T12:46:00,75.0,70.0
AAPL,2026-10-30,37,Put,210.0,AAPL261030P00210000,0.0,0.15,0.075,0.0,0.0,0.0,0.0,0.0,0.5836,-0.003,0.0001,0.0103,-0.0069,-0.0011,0.0559,0.0,0.0,0.0,0.384999990463257,no_change,,0.0,16.0
AAPL,2026-10-30,37,Call,215.0,AAPL261030C00215000,124.15,127.4,125.775,120.53,0.0,0.0,0.0,11.0,0.0,0.9964,0.0002,0.0119,0.0,0.2387,125.9278,0.0,0.0,0.0,125.25,down,2026-09-14T13:54:26,76.0,71.0
AAPL,2026-10-30,37,Put,215.0,AAPL261030P00215000,0.0,0.17,0.085,0.29,0.0,0.0,0.0,3.0,0.5535,-0.0036,0.0002,0.012,-0.0078,-0.0013,0.0653,0.0,0.0,0.0,0.204999998211861,up,2026-09-21T09:37:41,0.0,16.0
AAPL,2026-10-30,37,Call,220.0,AAPL261030C00220000,119.0,122.45,120.725,121.04,1.015,0.845656,1.0,1.0,0.0,0.9957,0.0002,0.0139,0.0,0.2441,120.9639,121.04,121.04,121.04,120.025001525879,up,2026-09-22T10:27:02,75.0,71.0
AAPL,2026-10-30,37,Put,220.0,AAPL261030P00220000,0.0,0.19,0.095,0.08,0.0,0.0,0.0,2.0,0.5359,-0.0042,0.0002,0.0139,-0.0089,-0.0015,0.0763,0.0,0.0,0.0,0.194999992847443,down,2026-09-16T10:34:47,0.0,19.0
AAPL,2026-10-30,37,Call,225.0,AAPL261030C00225000,114.2,117.5,115.85,0.0,0.0,0.0,0.0,0.0,0.0,0.9949,0.0002,0.0162,0.0,0.2494,116.0019,0.0,0.0,0.0,115.224998474121,no_change,,75.0,71.0
AAPL,2026-10-30,37,Put,225.0,AAPL261030P00225000,0.0,0.17,0.085,0.0,0.0,0.0,0.0,0.0,0.5142,-0.005,0.0002,0.0162,-0.01,-0.0018,0.0892,0.0,0.0,0.0,0.259999990463257,no_change,,0.0,10.0
AAPL,2026-10-30,37,Call,230.0,AAPL261030C00230000,109.1,112.55,110.82499999999999,0.0,0.0,0.0,0.0,0.0,0.0,0.994,0.0003,0.0188,-0.0001,0.2546,111.0422,0.0,0.0,0.0,110.150001525879,no_change,,75.0,70.0
AAPL,2026-10-30,37,Put,230.0,AAPL261030P00230000,0.0,0.24,0.12,0.0,0.0,0.0,0.0,0.0,0.5095,-0.0059,0.0003,0.019,-0.0114,-0.0022,0.1043,0.0,0.0,0.0,0.209999993443489,no_change,,0.0,63.0
AAPL,2026-10-30,37,Call,235.0,AAPL261030C00235000,104.1,107.6,105.85,0.0,0.0,0.0,0.0,0.0,0.0,0.9929,0.0004,0.0219,-0.0021,0.2597,106.0851,0.0,0.0,0.0,104.875,no_change,,76.0,71.0
AAPL,2026-10-30,37,Put,235.0,AAPL261030P00235000,0.01,0.25,0.13,0.0,0.0,0.0,0.0,0.0,0.4868,-0.007,0.0004,0.022,-0.0128,-0.0026,0.1221,0.0,0.0,0.0,0.219999998807907,no_change,,23.0,63.0
AAPL,2026-10-30,37,Call,240.0,AAPL261030C00240000,99.15,102.65,100.9,100.43,0.0,0.0,0.0,27.0,0.0,0.9916,0.0004,0.0256,-0.0043,0.2648,101.1311,0.0,0.0,0.0,100.349998474121,up,2026-09-21T12:42:59,78.0,73.0
AAPL,2026-10-30,37,Put,240.0,AAPL261030P00240000,0.01,0.24,0.125,0.2,0.0,0.0,0.0,29.0,0.462,-0.0084,0.0004,0.0256,-0.0145,-0.0031,0.143,0.0,0.0,0.0,0.234999999403954,no_change,2026-09-21T14:26:19,26.0,18.0
AAPL,2026-10-30,37,Call,245.0,AAPL261030C00245000,94.2,97.7,95.95,91.29,0.0,0.0,0.0,3.0,0.0,0.99,0.0005,0.0297,-0.0066,0.2698,96.1809,0.0,0.0,0.0,95.3500022888184,up,2026-09-18T12:06:01,76.0,70.0
AAPL,2026-10-30,37,Put,245.0,AAPL261030P00245000,0.03,0.19,0.11,0.14,-0.09,-39.1304,11.0,110.0,0.4308,-0.0099,0.0005,0.03,-0.0164,-0.0036,0.1678,0.18,0.19,0.14,0.230000004172325,down,2026-09-22T14:37:24,53.0,7.0
AAPL,2026-10-30,37,Call,250.0,AAPL261030C00250000,89.45,92.75,91.1,93.73,3.205,3.54046,3.0,9.0,0.3804,0.9881,0.0006,0.0346,-0.0092,0.2746,91.2352,92.74,93.73,92.74,90.5250015258789,up,2026-09-22T10:59:07,75.0,70.0
AAPL,2026-10-30,37,Put,250.0,AAPL261030P00250000,0.07,0.34,0.20500000000000002,0.15,-0.135,-47.3684,1.0,344.0,0.4414,-0.0118,0.0006,0.0347,-0.0185,-0.0043,0.1972,0.15,0.15,0.15,0.284999996423721,down,2026-09-22T13:30:26,16.0,159.0
AAPL,2026-10-30,37,Call,255.0,AAPL261030C00255000,84.45,87.8,86.125,76.9,0.0,0.0,0.0,26.0,0.3583,0.9859,0.0008,0.0404,-0.0121,0.2793,86.2951,0.0,0.0,0.0,85.4750022888184,down,2026-09-15T15:47:35,78.0,73.0
AAPL,2026-10-30,37,Put,255.0,AAPL261030P00255000,0.07,0.4,0.23500000000000001,0.24,-0.07,-22.5806,2.0,74.0,0.4246,-0.0141,0.0008,0.0405,-0.0209,-0.0051,0.232,0.24,0.24,0.24,0.310000002384186,down,2026-09-22T09:40:14,64.0,174.0
AAPL,2026-10-30,37,Call,260.0,AAPL261030C00260000,79.6,82.85,81.225,80.3,0.0,0.0,0.0,5.0,0.371,0.9831,0.0009,0.047,-0.0153,0.2838,81.3619,0.0,0.0,0.0,80.8250007629394,no_change,2026-09-21T13:44:43,75.0,70.0
AAPL,2026-10-30,37,Put,260.0,AAPL261030P00260000,0.11,0.33,0.22,0.3,0.0,0.0,0.0,27.0,0.3959,-0.0169,0.0009,0.0473,-0.0236,-0.0061,0.274,0.0,0.0,0.0,0.295000011101365,down,2026-09-21T14:30:16,87.0,21.0
AAPL,2026-10-30,37,Call,265.0,AAPL261030C00265000,74.5,77.95,76.225,76.55,0.875,1.15626,2.0,11.0,0.3388,0.9798,0.0011,0.055,-0.0188,0.2881,76.4373,76.55,76.55,76.55,75.6749992370606,up,2026-09-22T15:50:06,105.0,72.0
AAPL,2026-10-30,37,Put,265.0,AAPL261030P00265000,0.15,0.52,0.335,0.33,-0.1,-23.2558,78.0,30.0,0.3786,-0.0203,0.0011,0.0552,-0.0267,-0.0074,0.3246,0.25,0.38,0.25,0.430000010877848,no_change,2026-09-22T15:45:48,284.0,17.0
AAPL,2026-10-30,37,Call,270.0,AAPL261030C00270000,69.6,73.0,71.3,69.88,0.0,0.0,0.0,21.0,0.3325,0.9756,0.0014,0.0643,-0.0228,0.292,71.5239,0.0,0.0,0.0,70.9749984741211,up,2026-09-21T12:25:54,106.0,95.0
AAPL,2026-10-30,37,Put,270.0,AAPL261030P00270000,0.37,0.58,0.475,0.37,-0.075,-16.8539,3.0,504.0,0.3928,-0.0245,0.0014,0.065,-0.0302,-0.0089,0.3864,0.4,0.45,0.37,0.444999992847443,down,2026-09-22T12:45:10,5.0,138.0
AAPL,2026-10-30,37,Call,275.0,AAPL261030C00275000,65.05,67.7,66.375,68.2,2.5,3.80517,9.0,18.0,0.3219,0.9705,0.0017,0.0754,-0.0274,0.2956,66.6254,69.65,69.65,68.2,65.7000007629394,down,2026-09-22T14:20:42,110.0,105.0
AAPL,2026-10-30,37,Put,275.0,AAPL261030P00275000,0.31,0.63,0.47,0.48,-0.075,-13.5135,6.0,122.0,0.366,-0.0297,0.0017,0.0757,-0.0343,-0.0107,0.4637,0.51,0.51,0.43,0.554999992251396,up,2026-09-22T15:06:13,101.0,52.0
AAPL,2026-10-30,37,Call,280.0,AAPL261030C00280000,60.45,63.2,61.825,60.81,0.0,0.0,0.0,43.0,0.3601,0.964,0.002,0.0889,-0.0326,0.2986,61.7473,0.0,0.0,0.0,61.25,up,2026-09-21T15:54:37,118.0,109.0
AAPL,2026-10-30,37,Put,280.0,AAPL261030P00280000,0.37,0.62,0.495,0.51,-0.13,-20.3125,6.0,84.0,0.3427,-0.0362,0.0021,0.0898,-0.0391,-0.0131,0.561,0.55,0.55,0.51,0.639999985694885,down,2026-09-22T14:55:34,79.0,63.0
AAPL,2026-10-30,37,Call,285.0,AAPL261030C00285000,55.15,58.35,56.75,54.45,0.0,0.0,0.0,17.0,0.3226,0.9557,0.0025,0.105,-0.0386,0.301,56.8974,0.0,0.0,0.0,56.2749996185303,up,2026-09-21T10:45:08,103.0,95.0
AAPL,2026-10-30,37,Put,285.0,AAPL261030P00285000,0.5,0.88,0.69,0.68,-0.17,-20.0,14.0,145.0,0.3384,-0.0446,0.0025,0.1055,-0.0447,-0.0159,0.6875,0.69,0.69,0.67,0.849999994039536,up,2026-09-22T11:53:57,14.0,32.0
AAPL,2026-10-30,37,Call,290.0,AAPL261030C00290000,50.15,53.05,51.599999999999994,54.5,3.1,6.03113,3.0,110.0,0.2759,0.945,0.0031,0.1246,-0.0458,0.3023,52.087,54.46,54.5,54.46,51.3999996185303,up,2026-09-22T12:37:24,210.0,154.0
AAPL,2026-10-30,37,Put,290.0,AAPL261030P00290000,0.64,1.05,0.845,0.88,-0.145,-14.1463,17.0,239.0,0.3252,-0.0554,0.0031,0.1259,-0.0514,-0.0197,0.8534,1.51,1.51,0.81,1.02499997615814,up,2026-09-22T15:44:49,64.0,10.0
AAPL,2026-10-30,37,Call,295.0,AAPL261030C00295000,45.4,48.75,47.075,45.95,0.0,0.0,0.0,182.0,0.2954,0.9312,0.0038,0.1483,-0.0542,0.3024,47.3314,0.0,0.0,0.0,46.6500015258789,up,2026-09-21T14:39:09,163.0,152.0
AAPL,2026-10-30,37,Put,295.0,AAPL261030P00295000,1.0,1.19,1.095,1.19,-0.13,-9.84848,40.0,396.0,0.3159,-0.0694,0.0039,0.149,-0.0595,-0.0246,1.0751,1.76,1.76,1.01,1.31999999284744,up,2026-09-22T15:51:38,12.0,14.0
AAPL,2026-10-30,37,Call,300.0,AAPL261030C00300000,41.55,44.15,42.849999999999994,45.0,3.125,7.46269,112.0,18.0,0.3155,0.9133,0.0047,0.1763,-0.064,0.3009,42.6517,44.13,45.0,43.6,41.875,up,2026-09-22T12:27:25,106.0,118.0
AAPL,2026-10-30,37,Put,300.0,AAPL261030P00300000,1.21,1.56,1.385,1.36,-0.29,-17.5758,188.0,746.0,0.3049,-0.0876,0.0048,0.1771,-0.0689,-0.0308,1.3742,1.49,1.7,1.24,1.64999997615814,no_change,2026-09-22T15:49:06,64.0,64.0
AAPL,2026-10-30,37,Call,305.0,AAPL261030C00305000,36.7,38.6,37.650000000000006,37.73,0.03,0.0795736,2.0,42.0,0.2731,0.8902,0.0058,0.2091,-0.0752,0.2972,38.0743,39.94,39.94,37.73,37.7000007629394,down,2026-09-22T10:13:41,134.0,10.0
AAPL,2026-10-30,37,Put,305.0,AAPL261030P00305000,1.6,1.99,1.795,1.77,-0.305,-14.6988,142.0,576.0,0.2958,-0.111,0.0058,0.2109,-0.0799,-0.0388,1.7764,1.84,1.93,1.56,2.07500004768372,down,2026-09-22T15:46:49,5.0,37.0
AAPL,2026-10-30,37,Call,310.0,AAPL261030C00310000,31.95,34.65,33.3,34.42,1.395,4.22407,5.0,96.0,0.273,0.861,0.007,0.246,-0.0877,0.2911,33.6315,36.0,36.15,33.51,33.0249996185303,down,2026-09-22T14:55:59,170.0,142.0
AAPL,2026-10-30,37,Put,310.0,AAPL261030P00310000,2.18,2.5,2.34,2.27,-0.335,-12.8599,146.0,586.0,0.2881,-0.1406,0.0071,0.2488,-0.0921,-0.049,2.3144,2.43,2.72,2.04,2.60500001907349,down,2026-09-22T15:49:56,7.0,40.0
AAPL,2026-10-30,37,Call,315.0,AAPL261030C00315000,28.0,30.45,29.225,32.1,2.9,9.9315,4.0,377.0,0.2752,0.8247,0.0084,0.2857,-0.101,0.2821,29.3609,32.24,32.24,31.2,29.2000007629394,up,2026-09-22T11:13:42,120.0,158.0
AAPL,2026-10-30,37,Put,315.0,AAPL261030P00315000,2.9,3.3,3.0999999999999996,3.16,-0.24,-7.05882,647.0,655.0,0.2826,-0.1774,0.0085,0.2872,-0.1051,-0.061,3.0286,3.1,3.31,2.67,3.39999997615814,up,2026-09-22T15:59:37,27.0,45.0
AAPL,2026-10-30,37,Call,320.0,AAPL261030C00320000,24.3,26.45,25.375,25.35,0.525,2.1148,37.0,166.0,0.2762,0.7809,0.0098,0.3262,-0.1143,0.2699,25.3037,26.93,28.25,25.35,24.8249998092651,no_change,2026-09-22T15:55:07,8.0,112.0
AAPL,2026-10-30,37,Put,320.0,AAPL261030P00320000,3.85,4.2,4.025,3.97,-0.38,-8.73563,314.0,552.0,0.276,-0.222,0.0099,0.328,-0.1183,-0.0754,3.9595,3.5,4.48,3.4,4.34999990463257,up,2026-09-22T15:55:00,24.0,24.0
AAPL,2026-10-30,37,Call,325.0,AAPL261030C00325000,19.9,22.2,21.049999999999997,24.1,2.925,13.8135,6.0,153.0,0.2563,0.7293,0.0112,0.3646,-0.1266,0.2545,21.5018,22.92,24.1,21.75,21.1750001907349,no_change,2026-09-22T11:15:17,93.0,14.0
AAPL,2026-10-30,37,Put,325.0,AAPL261030P00325000,4.9,5.45,5.175000000000001,5.32,-0.305,-5.42222,215.0,400.0,0.2729,-0.2745,0.0114,0.3665,-0.1305,-0.0918,5.1501,5.1,5.7,4.5,5.625,up,2026-09-22T15:58:30,39.0,33.0
AAPL,2026-10-30,37,Call,330.0,AAPL261030C00330000,17.25,18.5,17.875,18.75,0.9,5.04201,65.0,436.0,0.2613,0.6707,0.0124,0.3977,-0.1369,0.236,17.995,21.4,21.4,18.16,17.8500003814697,up,2026-09-22T15:55:18,8.0,10.0
AAPL,2026-10-30,37,Put,330.0,AAPL261030P00330000,6.6,6.9,6.75,6.8,-0.325,-4.5614,529.0,413.0,0.2671,-0.3343,0.0127,0.3993,-0.1407,-0.1095,6.6416,6.11,7.17,5.5,7.125,down,2026-09-22T15:59:13,5.0,12.0
AAPL,2026-10-30,37,Call,335.0,AAPL261030C00335000,14.55,15.5,15.025,14.2,-0.525,-3.56536,216.0,1048.0,0.2655,0.6062,0.0134,0.4223,-0.144,0.2148,14.8176,16.0,18.5,14.2,14.7249999046326,down,2026-09-22T15:55:19,14.0,17.0
AAPL,2026-10-30,37,Put,335.0,AAPL261030P00335000,8.15,8.9,8.525,8.55,-0.4,-4.46928,102.0,148.0,0.2619,-0.4003,0.0137,0.423,-0.1479,-0.1286,8.4696,8.0,9.2,7.5,8.9500002861023,no_change,2026-09-22T15:55:00,61.0,20.0
AAPL,2026-10-30,37,Call,340.0,AAPL261030C00340000,11.7,12.25,11.975,11.95,-0.075,-0.623701,582.0,743.0,0.2568,0.5377,0.014,0.4357,-0.1472,0.1918,11.9939,12.35,15.59,11.8,12.0250000953674,up,2026-09-22T15:58:27,15.0,9.0
AAPL,2026-10-30,37,Put,340.0,AAPL261030P00340000,10.5,11.0,10.75,10.79,-0.51,-4.51328,571.0,222.0,0.2593,-0.4706,0.0144,0.4351,-0.1512,-0.1466,10.6606,9.0,11.25,8.95,11.3000001907349,up,2026-09-22T15:59:58,28.0,28.0
AAPL,2026-10-30,37,Call,345.0,AAPL261030C00345000,9.25,9.75,9.5,9.65,0.1,1.04712,875.0,1384.0,0.2536,0.4675,0.0142,0.4363,-0.146,0.1676,9.538,10.08,12.5,9.43,9.5499997138977,up,2026-09-22T15:58:52,30.0,5.0
AAPL,2026-10-30,37,Put,345.0,AAPL261030P00345000,12.95,13.75,13.35,13.3,-0.5,-3.62319,140.0,51.0,0.2579,-0.543,0.0146,0.4338,-0.1501,-0.1626,13.2291,12.25,13.3,11.5,13.7999997138977,up,2026-09-22T15:54:10,7.0,19.0
AAPL,2026-10-30,37,Call,350.0,AAPL261030C00350000,7.4,7.6,7.5,7.47,0.02,0.268456,534.0,2025.0,0.2534,0.398,0.0139,0.4238,-0.1404,0.1433,7.449,9.25,10.11,7.3,7.45000004768372,up,2026-09-22T15:59:58,10.0,20.0
AAPL,2026-10-30,37,Put,350.0,AAPL261030P00350000,15.3,17.25,16.275,15.41,-1.765,-10.2766,20.0,67.0,0.2546,-0.615,0.0144,0.4183,-0.1447,-0.1751,16.1766,15.88,15.88,14.3,17.1749992370605,up,2026-09-22T14:41:07,5.0,91.0
AAPL,2026-10-30,37,Call,355.0,AAPL261030C00355000,5.35,5.95,5.65,5.63,-0.12,-2.08696,251.0,1352.0,0.2488,0.3316,0.0132,0.3992,-0.131,0.1198,5.7135,5.8,8.1,5.61,5.75,up,2026-09-22T15:59:37,29.0,9.0
AAPL,2026-10-30,37,Put,355.0,AAPL261030P00355000,18.25,20.95,19.6,20.0,0.0,0.0,0.0,7.0,0.2532,-0.6842,0.0138,0.3894,-0.1355,-0.1827,19.4911,0.0,0.0,0.0,20.0500001907349,no_change,2026-09-21T13:13:09,7.0,122.0
AAPL,2026-10-30,37,Call,360.0,AAPL261030C00360000,3.95,4.4,4.175000000000001,4.25,-0.075,-1.7341,286.0,1547.0,0.2453,0.2704,0.0121,0.3651,-0.1185,0.0979,4.3057,4.5,6.35,4.2,4.32499980926514,up,2026-09-22T15:57:05,36.0,10.0
AAPL,2026-10-30,37,Put,360.0,AAPL261030P00360000,21.9,25.0,23.45,20.5,-3.25,-13.6842,27.0,32.0,0.2576,-0.7486,0.0127,0.3493,-0.1234,-0.184,23.1482,20.59,20.59,20.5,23.75,down,2026-09-22T11:35:55,5.0,156.0
AAPL,2026-10-30,37,Call,365.0,AAPL261030C00365000,2.94,3.3,3.12,3.14,-0.11,-3.38462,187.0,495.0,0.2457,0.216,0.0107,0.3243,-0.1042,0.0784,3.1908,3.3,4.78,3.1,3.25,down,2026-09-22T15:59:39,19.0,22.0
AAPL,2026-10-30,37,Put,365.0,AAPL261030P00365000,25.95,28.6,27.275,25.75,-2.175,-7.78872,1.0,1.0,0.2532,-0.8066,0.0115,0.3008,-0.1093,-0.1781,27.1151,25.75,25.75,25.75,27.9250001907349,down,2026-09-22T13:42:40,3.0,159.0
AAPL,2026-10-30,37,Call,370.0,AAPL261030C00370000,2.08,2.4,2.24,2.27,0.025,1.11359,1530.0,606.0,0.2471,0.1691,0.0092,0.2804,-0.0892,0.0614,2.3285,2.43,3.35,2.19,2.24500000476837,up,2026-09-22T15:59:56,14.0,20.0
AAPL,2026-10-30,37,Put,370.0,AAPL261030P00370000,29.65,32.85,31.25,33.84,0.0,0.0,0.0,2.0,0.243,-0.8573,0.0101,0.247,-0.0941,-0.1654,31.3514,0.0,0.0,0.0,32.0499992370606,down,2026-09-21T10:45:05,145.0,138.0
AAPL,2026-10-30,37,Call,375.0,AAPL261030C00375000,1.57,1.78,1.675,1.74,0.1,6.09756,177.0,240.0,0.247,0.13,0.0078,0.2364,-0.0744,0.0472,1.6766,1.75,2.39,1.65,1.63999998569489,no_change,2026-09-22T15:17:39,12.0,20.0
AAPL,2026-10-30,37,Put,375.0,AAPL261030P00375000,34.15,37.5,35.825,0.0,0.0,0.0,0.0,0.0,0.2476,-0.9008,0.0088,0.1908,-0.0804,-0.1432,35.8156,0.0,0.0,0.0,36.3500003814697,no_change,,132.0,117.0
AAPL,2026-10-30,37,Call,380.0,AAPL261030C00380000,0.97,1.21,1.0899999999999999,1.46,0.305,26.4069,19.0,222.0,0.2416,0.0984,0.0064,0.1949,-0.0608,0.0357,1.1941,1.89,1.89,1.42,1.15500003099442,up,2026-09-22T13:15:57,15.0,1.0
AAPL,2026-10-30,37,Put,380.0,AAPL261030P00380000,39.0,42.1,40.55,49.8,0.0,0.0,0.0,2.0,0.2535,-0.9373,0.0075,0.1325,-0.069,-0.1114,40.4685,0.0,0.0,0.0,41.1999988555908,down,2026-09-15T10:11:57,121.0,115.0
AAPL,2026-10-30,37,Call,385.0,AAPL261030C00385000,0.73,1.03,0.88,0.82,0.035,4.4586,89.0,69.0,0.2503,0.0736,0.0051,0.1576,-0.0487,0.0267,0.844,0.87,1.38,0.8,0.784999996423721,up,2026-09-22T15:59:45,8.0,41.0
AAPL,2026-10-30,37,Put,385.0,AAPL261030P00385000,43.7,47.0,45.35,0.0,0.0,0.0,0.0,0.0,0.2579,-0.9676,0.0065,0.0781,-0.0588,-0.0699,45.2721,0.0,0.0,0.0,46.1749992370606,no_change,,79.0,72.0
AAPL,2026-10-30,37,Call,390.0,AAPL261030C00390000,0.42,0.76,0.59,0.55,0.01,1.85185,8.0,134.0,0.2482,0.0545,0.004,0.1256,-0.0385,0.0197,0.5944,0.68,0.78,0.55,0.53999999165535,down,2026-09-22T15:51:31,14.0,9.0
AAPL,2026-10-30,37,Put,390.0,AAPL261030P00390000,48.65,52.1,50.375,49.25,-1.575,-3.09887,2.0,0.0,0.2811,-0.9889,0.0037,0.0297,-0.0422,-0.0245,50.1998,49.25,49.25,49.25,50.8249988555908,down,2026-09-22T13:55:01,79.0,96.0
AAPL,2026-10-30,37,Call,395.0,AAPL261030C00395000,0.24,0.57,0.40499999999999997,0.57,0.255,80.9524,6.0,64.0,0.2492,0.0402,0.0031,0.099,-0.0301,0.0145,0.419,0.62,0.62,0.55,0.315000005066395,up,2026-09-22T12:54:30,38.0,10.0
AAPL,2026-10-30,37,Put,395.0,AAPL261030P00395000,53.4,57.1,55.25,0.0,0.0,0.0,0.0,0.0,0.301,-0.9979,0.0008,0.0,-0.0338,0.0,55.1896,0.0,0.0,0.0,56.2250003814697,no_change,,5.0,70.0
AAPL,2026-10-30,37,Call,400.0,AAPL261030C00400000,0.25,0.37,0.31,0.35,0.075,27.2727,92.0,372.0,0.2547,0.0296,0.0024,0.0775,-0.0235,0.0107,0.2971,0.32,0.42,0.29,0.274999998509884,up,2026-09-22T15:26:12,10.0,38.0
AAPL,2026-10-30,37,Put,400.0,AAPL261030P00400000,58.7,62.05,60.375,0.0,0.0,0.0,0.0,0.0,0.3204,-1.0,0.0,0.0,-0.0338,0.0,60.1896,0.0,0.0,0.0,61.125,no_change,,75.0,70.0
AAPL,2026-10-30,37,Call,405.0,AAPL261030C00405000,0.04,0.35,0.19499999999999998,0.19,0.0,0.0,0.0,24.0,0.2524,0.0219,0.0018,0.0606,-0.0184,0.0079,0.213,0.0,0.0,0.0,0.195000004023314,up,2026-09-21T12:29:07,25.0,18.0
AAPL,2026-10-30,37,Put,405.0,AAPL261030P00405000,63.7,66.8,65.25,0.0,0.0,0.0,0.0,0.0,0.3196,-1.0,0.0,0.0,-0.0338,0.0,65.1896,0.0,0.0,0.0,66.125,no_change,,75.0,70.0
AAPL,2026-10-30,37,Call,410.0,AAPL261030C00410000,0.0,0.29,0.145,0.53,0.0,0.0,0.0,12.0,0.2568,0.0164,0.0014,0.0476,-0.0144,0.0059,0.155,0.0,0.0,0.0,0.259999990463257,up,2026-09-21T11:11:38,0.0,60.0
AAPL,2026-10-30,37,Put,410.0,AAPL261030P00410000,68.7,72.1,70.4,0.0,0.0,0.0,0.0,0.0,0.3612,-1.0,0.0,0.0,-0.0338,0.0,70.1896,0.0,0.0,0.0,71.2000007629394,no_change,,75.0,71.0
AAPL,2026-10-30,37,Call,415.0,AAPL261030C00415000,0.0,0.25,0.125,0.18,0.0,0.0,0.0,30.0,0.2659,0.0124,0.0011,0.0376,-0.0114,0.0044,0.1149,0.0,0.0,0.0,0.129999997094274,down,2026-09-21T15:21:57,0.0,15.0
AAPL,2026-10-30,37,Put,415.0,AAPL261030P00415000,73.7,77.15,75.42500000000001,0.0,0.0,0.0,0.0,0.0,0.3824,-1.0,0.0,0.0,-0.0338,0.0,75.1896,0.0,0.0,0.0,76.0499992370606,no_change,,75.0,71.0
AAPL,2026-11-20,58,Call,100.0,AAPL261120C00100000,238.45,241.9,240.175,237.25,0.0,0.0,0.0,13.0,0.0,0.9996,0.0,0.0008,0.0,0.1308,240.2435,0.0,0.0,0.0,239.724998474121,up,2026-09-17T15:09:47,75.0,84.0
AAPL,2026-11-20,58,Put,100.0,AAPL261120P00100000,0.0,0.1,0.05,0.01,0.0,0.0,0.0,206.0,1.078,-0.0002,0.0,0.0009,-0.0006,-0.0001,0.0049,0.0,0.0,0.0,0.0500000007450581,down,2026-08-31T12:31:41,0.0,10.0
AAPL,2026-11-20,58,Call,105.0,AAPL261120C00105000,233.5,236.95,235.225,158.6,0.0,0.0,0.0,12.0,0.0,0.9996,0.0,0.0009,0.0,0.1373,235.2739,0.0,0.0,0.0,234.700004577637,up,2026-01-27T09:32:54,75.0,84.0
AAPL,2026-11-20,58,Put,105.0,AAPL261120P00105000,0.0,0.52,0.26,0.14,0.0,0.0,0.0,7.0,1.2357,-0.0002,0.0,0.001,-0.0007,-0.0001,0.0058,0.0,0.0,0.0,0.259999990463257,down,2026-07-17T14:51:59,0.0,108.0
AAPL,2026-11-20,58,Call,110.0,AAPL261120C00110000,228.65,232.0,230.325,224.65,0.0,0.0,0.0,349.0,0.9507,0.9996,0.0,0.0011,0.0,0.1438,230.3045,0.0,0.0,0.0,229.875,no_change,2026-09-16T14:36:21,95.0,85.0
AAPL,2026-11-20,58,Put,110.0,AAPL261120P00110000,0.0,0.03,0.015,0.02,0.0,0.0,0.0,231.0,0.8996,-0.0002,0.0,0.0012,-0.0008,-0.0001,0.0068,0.0,0.0,0.0,0.0149999996647239,up,2026-09-16T10:32:15,0.0,4.0
AAPL,2026-11-20,58,Call,115.0,AAPL261120C00115000,223.55,227.0,225.275,173.82,0.0,0.0,0.0,1.0,0.0,0.9995,0.0,0.0013,0.0,0.1505,225.3352,0.0,0.0,0.0,224.75,down,2026-05-07T15:51:36,75.0,75.0
AAPL,2026-11-20,58,Put,115.0,AAPL261120P00115000,0.0,0.02,0.01,0.01,0.0,0.0,0.0,563.0,0.839,-0.0003,0.0,0.0014,-0.0009,-0.0002,0.008,0.0,0.0,0.0,0.00999999977648258,no_change,2026-09-10T14:53:32,0.0,10.0
AAPL,2026-11-20,58,Call,120.0,AAPL261120C00120000,218.75,222.05,220.4,206.14,0.0,0.0,0.0,70.0,0.9158,0.9995,0.0,0.0015,0.0,0.157,220.3661,0.0,0.0,0.0,220.175003051758,up,2026-09-02T09:59:58,84.0,84.0
AAPL,2026-11-20,58,Put,120.0,AAPL261120P00120000,0.0,0.52,0.26,0.07,0.0,0.0,0.0,138.0,1.1024,-0.0003,0.0,0.0017,-0.001,-0.0002,0.0093,0.0,0.0,0.0,0.119999997317791,down,2026-08-24T09:46:25,0.0,206.0
AAPL,2026-11-20,58,Call,125.0,AAPL261120C00125000,213.8,217.05,215.425,213.95,0.0,0.0,0.0,32.0,0.872,0.9994,0.0,0.0018,0.0,0.1635,215.3972,0.0,0.0,0.0,215.025001525879,up,2026-09-17T15:10:45,75.0,84.0
AAPL,2026-11-20,58,Put,125.0,AAPL261120P00125000,0.0,0.1,0.05,0.05,0.0,0.0,0.0,80.0,0.8891,-0.0004,0.0,0.002,-0.0012,-0.0002,0.0109,0.0,0.0,0.0,0.0500000007450581,up,2026-09-09T10:38:45,0.0,10.0
AAPL,2026-11-20,58,Call,130.0,AAPL261120C00130000,208.65,212.1,210.375,186.93,0.0,0.0,0.0,45.0,0.0,0.9994,0.0,0.0022,0.0,0.1703,210.4285,0.0,0.0,0.0,209.725006103516,down,2026-09-08T15:28:15,78.0,84.0
AAPL,2026-11-20,58,Put,130.0,AAPL261120P00130000,0.0,0.32,0.16,0.1,0.0,0.0,0.0,74.0,0.9654,-0.0005,0.0,0.0023,-0.0014,-0.0003,0.0127,0.0,0.0,0.0,0.234999999403954,up,2026-09-03T10:04:36,0.0,142.0
AAPL,2026-11-20,58,Call,135.0,AAPL261120C00135000,203.85,207.45,205.64999999999998,181.23,0.0,0.0,0.0,23.0,0.96,0.9993,0.0,0.0025,0.0,0.1768,205.4602,0.0,0.0,0.0,205.050003051758,up,2026-08-31T11:28:19,75.0,84.0
AAPL,2026-11-20,58,Put,135.0,AAPL261120P00135000,0.0,0.04,0.02,0.01,0.0,0.0,0.0,324.0,0.7601,-0.0006,0.0,0.0027,-0.0015,-0.0003,0.0148,0.0,0.0,0.0,0.0199999995529652,down,2026-09-10T14:59:33,0.0,2.0
AAPL,2026-11-20,58,Call,140.0,AAPL261120C00140000,198.9,202.15,200.525,187.34,0.0,0.0,0.0,23.0,0.7953,0.9992,0.0,0.003,0.0,0.1836,200.4921,0.0,0.0,0.0,199.699996948242,no_change,2026-09-01T12:09:02,75.0,84.0
AAPL,2026-11-20,58,Put,140.0,AAPL261120P00140000,0.0,0.03,0.015,0.03,0.0,0.0,0.0,698.0,0.7148,-0.0006,0.0,0.0032,-0.0018,-0.0004,0.0173,0.0,0.0,0.0,0.0149999996647239,down,2026-09-14T15:13:02,0.0,1.0
AAPL,2026-11-20,58,Call,145.0,AAPL261120C00145000,193.9,196.65,195.275,171.02,0.0,0.0,0.0,31.0,0.0,0.9991,0.0,0.0035,0.0,0.1903,195.5246,0.0,0.0,0.0,194.699996948242,down,2026-08-31T11:51:11,78.0,75.0
AAPL,2026-11-20,58,Put,145.0,AAPL261120P00145000,0.0,0.14,0.07,0.08,0.0,0.0,0.0,273.0,0.7894,-0.0008,0.0,0.0037,-0.002,-0.0004,0.02,0.0,0.0,0.0,0.0700000002980232,no_change,2026-09-03T11:43:47,0.0,66.0
AAPL,2026-11-20,58,Call,150.0,AAPL261120C00150000,189.0,192.2,190.6,195.0,4.725,2.48325,2.0,207.0,0.7562,0.9989,0.0,0.0041,0.0,0.1968,190.5574,195.0,195.0,195.0,190.275001525879,up,2026-09-22T09:32:40,150.0,132.0
AAPL,2026-11-20,58,Put,150.0,AAPL261120P00150000,0.0,0.1,0.05,0.04,0.0,0.0,0.0,198.0,0.7353,-0.0009,0.0,0.0042,-0.0022,-0.0005,0.0232,0.0,0.0,0.0,0.0500000007450581,no_change,2026-09-21T14:52:35,0.0,2.0
AAPL,2026-11-20,58,Call,155.0,AAPL261120C00155000,184.0,186.75,185.375,187.34,2.54,1.37446,1.0,47.0,0.0,0.9988,0.0,0.0048,0.0,0.2041,185.5907,187.34,187.34,187.34,184.800003051758,up,2026-09-22T13:48:13,78.0,75.0
AAPL,2026-11-20,58,Put,155.0,AAPL261120P00155000,0.0,0.1,0.05,0.04,0.0,0.0,0.0,599.0,0.7076,-0.0011,0.0,0.0049,-0.0026,-0.0006,0.0268,0.0,0.0,0.0,0.0500000007450581,no_change,2026-09-16T11:19:29,0.0,10.0
AAPL,2026-11-20,58,Call,160.0,AAPL261120C00160000,178.85,182.25,180.55,174.29,0.0,0.0,0.0,97.0,0.0,0.9986,0.0,0.0056,0.0,0.2117,180.6247,0.0,0.0,0.0,179.950004577637,up,2026-09-16T14:36:59,84.0,84.0
AAPL,2026-11-20,58,Put,160.0,AAPL261120P00160000,0.01,0.04,0.025,0.02,-0.015,-42.8571,20.0,302.0,0.6392,-0.0012,0.0,0.0057,-0.0029,-0.0007,0.031,0.01,0.02,0.01,0.034999999217689,up,2026-09-22T12:24:46,60.0,4.0
AAPL,2026-11-20,58,Call,165.0,AAPL261120C00165000,174.05,177.3,175.675,141.77,0.0,0.0,0.0,3.0,0.6562,0.9984,0.0,0.0065,0.0,0.2231,175.6595,0.0,0.0,0.0,174.949996948242,down,2026-08-03T10:07:45,75.0,84.0
AAPL,2026-11-20,58,Put,165.0,AAPL261120P00165000,0.0,0.29,0.145,0.04,0.0,0.0,0.0,153.0,0.7323,-0.0014,0.0,0.0066,-0.0032,-0.0008,0.0358,0.0,0.0,0.0,0.0500000007450581,down,2026-09-15T12:43:27,0.0,188.0
AAPL,2026-11-20,58,Call,170.0,AAPL261120C00170000,169.05,172.35,170.7,165.6,0.0,0.0,0.0,52.0,0.6231,0.9981,0.0001,0.0076,0.0,0.2566,170.6961,0.0,0.0,0.0,170.525001525879,up,2026-09-14T12:08:22,84.0,84.0
AAPL,2026-11-20,58,Put,170.0,AAPL261120P00170000,0.0,0.1,0.05,0.06,0.0,0.0,0.0,446.0,0.6296,-0.0017,0.0001,0.0076,-0.0036,-0.001,0.0413,0.0,0.0,0.0,0.0500000007450581,up,2026-09-10T15:08:29,0.0,1.0
AAPL,2026-11-20,58,Call,175.0,AAPL261120C00175000,164.15,167.4,165.775,162.0,0.0,0.0,0.0,46.0,0.6385,0.9978,0.0001,0.0087,0.0,0.286,165.7372,0.0,0.0,0.0,165.099998474121,no_change,2026-09-18T14:53:45,78.0,84.0
AAPL,2026-11-20,58,Put,175.0,AAPL261120P00175000,0.0,0.12,0.06,0.06,0.0,0.0,0.0,161.0,0.6161,-0.002,0.0001,0.0087,-0.0041,-0.0011,0.0476,0.0,0.0,0.0,0.0599999986588955,no_change,2026-09-15T10:30:50,0.0,10.0
AAPL,2026-11-20,58,Call,180.0,AAPL261120C00180000,159.2,162.45,160.825,161.71,1.535,0.95833,2.0,17.0,0.6227,0.9974,0.0001,0.01,0.0,0.301,160.7819,161.71,161.71,161.71,160.174995422363,no_change,2026-09-22T14:50:43,75.0,84.0
AAPL,2026-11-20,58,Put,180.0,AAPL261120P00180000,0.01,0.12,0.065,0.05,0.0,0.0,0.0,302.0,0.5966,-0.0023,0.0001,0.0101,-0.0046,-0.0013,0.0548,0.0,0.0,0.0,0.0550000006332994,down,2026-09-18T09:30:11,3.0,30.0
AAPL,2026-11-20,58,Call,185.0,AAPL261120C00185000,154.25,157.0,155.625,149.25,0.0,0.0,0.0,321.0,0.0,0.997,0.0001,0.0115,0.0,0.3103,155.8284,0.0,0.0,0.0,155.275001525879,no_change,2026-09-16T10:26:55,153.0,138.0
AAPL,2026-11-20,58,Put,185.0,AAPL261120P00185000,0.0,0.11,0.055,0.09,0.0,0.0,0.0,1129.0,0.5682,-0.0027,0.0001,0.0116,-0.0052,-0.0015,0.0632,0.0,0.0,0.0,0.0599999995902181,no_change,2026-09-15T10:31:06,0.0,1.0
AAPL,2026-11-20,58,Call,190.0,AAPL261120C00190000,149.25,152.55,150.9,152.23,1.905,1.26726,1.0,91.0,0.573,0.9966,0.0001,0.0132,0.0,0.3185,150.8762,152.23,152.23,152.23,150.324996948242,up,2026-09-22T14:48:31,84.0,84.0
AAPL,2026-11-20,58,Put,190.0,AAPL261120P00190000,0.01,0.13,0.07,0.07,0.0,0.0,0.0,563.0,0.5497,-0.0031,0.0001,0.0133,-0.0058,-0.0018,0.0727,0.0,0.0,0.0,0.0699999984353781,no_change,2026-09-16T14:32:27,36.0,30.0
AAPL,2026-11-20,58,Call,195.0,AAPL261120C00195000,144.15,147.6,145.875,122.6,0.0,0.0,0.0,24.0,0.4928,0.9961,0.0001,0.0152,0.0,0.3266,145.9255,0.0,0.0,0.0,145.175003051758,up,2026-08-31T15:32:14,76.0,84.0
AAPL,2026-11-20,58,Put,195.0,AAPL261120P00195000,0.02,0.13,0.075,0.14,0.0,0.0,0.0,539.0,0.5351,-0.0037,0.0001,0.0153,-0.0065,-0.0021,0.0837,0.0,0.0,0.0,0.0800000000745058,up,2026-09-15T09:51:05,5.0,10.0
AAPL,2026-11-20,58,Call,200.0,AAPL261120C00200000,139.2,142.6,140.89999999999998,136.75,0.0,0.0,0.0,138.0,0.4502,0.9955,0.0002,0.0175,0.0,0.3347,140.9765,0.0,0.0,0.0,140.474998474121,up,2026-09-21T09:30:01,138.0,122.0
AAPL,2026-11-20,58,Put,200.0,AAPL261120P00200000,0.02,0.1,0.060000000000000005,0.08,-0.015,-15.7895,3.0,1931.0,0.5163,-0.0043,0.0002,0.0176,-0.0072,-0.0024,0.0964,0.09,0.09,0.08,0.0949999988079071,no_change,2026-09-22T13:34:54,90.0,5.0
AAPL,2026-11-20,58,Call,205.0,AAPL261120C00205000,134.35,137.65,136.0,139.7,4.65,3.44317,85.0,59.0,0.495,0.9948,0.0002,0.02,0.0,0.3427,136.0293,139.7,139.7,139.7,135.049995422363,no_change,2026-09-22T11:48:07,84.0,84.0
AAPL,2026-11-20,58,Put,205.0,AAPL261120P00205000,0.06,0.16,0.11,0.1,0.0,-1.49012e-06,1.0,1467.0,0.5147,-0.005,0.0002,0.0201,-0.0081,-0.0028,0.111,0.1,0.1,0.1,0.100000001490116,down,2026-09-22T10:08:53,7.0,64.0
AAPL,2026-11-20,58,Call,210.0,AAPL261120C00210000,129.25,132.35,130.8,130.1,0.0,0.0,0.0,75.0,0.0,0.9939,0.0002,0.023,0.0,0.3506,131.0844,0.0,0.0,0.0,130.550003051758,up,2026-09-21T12:56:57,84.0,75.0
AAPL,2026-11-20,58,Put,210.0,AAPL261120P00210000,0.05,0.14,0.095,0.11,-0.02,-15.3846,1.0,1925.0,0.4819,-0.0058,0.0002,0.0231,-0.0091,-0.0033,0.1277,0.11,0.11,0.11,0.130000002682209,down,2026-09-22T10:27:13,64.0,5.0
AAPL,2026-11-20,58,Call,215.0,AAPL261120C00215000,124.4,127.75,126.075,121.52,0.0,0.0,0.0,156.0,0.4514,0.993,0.0003,0.0263,0.0,0.3585,126.1419,0.0,0.0,0.0,125.600002288818,up,2026-09-11T11:03:24,132.0,115.0
AAPL,2026-11-20,58,Put,215.0,AAPL261120P00215000,0.06,0.16,0.11,0.13,-0.02,-13.3333,2.0,1023.0,0.4776,-0.0068,0.0003,0.0265,-0.0101,-0.0038,0.147,0.1,0.13,0.1,0.150000002235174,up,2026-09-22T10:27:06,77.0,52.0
AAPL,2026-11-20,58,Call,220.0,AAPL261120C00220000,119.6,122.85,121.225,124.5,3.9,3.23383,10.0,406.0,0.4784,0.9919,0.0003,0.0302,0.0,0.3663,121.2025,124.5,124.5,124.5,120.599998474121,up,2026-09-22T11:46:26,126.0,117.0
AAPL,2026-11-20,58,Put,220.0,AAPL261120P00220000,0.13,0.19,0.16,0.17,0.0,-1.05185e-06,20.0,3774.0,0.4677,-0.0079,0.0003,0.0303,-0.0113,-0.0045,0.1694,0.2,0.2,0.16,0.170000001788139,no_change,2026-09-22T10:02:40,8.0,24.0
AAPL,2026-11-20,58,Call,225.0,AAPL261120C00225000,114.65,117.85,116.25,118.38,2.705,2.33845,3.0,2449.0,0.4521,0.9906,0.0004,0.0345,0.0,0.3739,116.2666,118.38,118.38,118.38,115.675003051758,up,2026-09-22T13:39:59,153.0,130.0
AAPL,2026-11-20,58,Put,225.0,AAPL261120P00225000,0.14,0.26,0.2,0.19,-0.05,-20.8333,43.0,1479.0,0.4605,-0.0092,0.0004,0.0347,-0.0126,-0.0052,0.1952,0.24,0.24,0.18,0.239999994635582,up,2026-09-22T14:44:20,5.0,179.0
AAPL,2026-11-20,58,Call,230.0,AAPL261120C00230000,109.75,112.5,111.125,109.02,0.0,0.0,0.0,3682.0,0.3304,0.989,0.0005,0.0395,0.0,0.3814,111.3347,0.0,0.0,0.0,110.674999237061,up,2026-09-21T10:09:12,140.0,171.0
AAPL,2026-11-20,58,Put,230.0,AAPL261120P00230000,0.16,0.24,0.2,0.21,-0.075,-26.3158,4.0,6021.0,0.4374,-0.0107,0.0005,0.0398,-0.014,-0.0061,0.225,0.27,0.27,0.21,0.285000003874302,down,2026-09-22T11:27:31,131.0,69.0
AAPL,2026-11-20,58,Call,235.0,AAPL261120C00235000,104.9,108.05,106.475,109.8,3.975,3.7562,5.0,167.0,0.4456,0.9873,0.0005,0.0453,-0.0017,0.3888,106.4076,109.8,109.8,109.8,105.825000762939,up,2026-09-22T11:25:00,141.0,140.0
AAPL,2026-11-20,58,Put,235.0,AAPL261120P00235000,0.2,0.37,0.28500000000000003,0.24,-0.09,-27.2727,6.0,2098.0,0.4368,-0.0125,0.0006,0.0455,-0.0156,-0.0071,0.2599,0.35,0.35,0.24,0.32999999076128,down,2026-09-22T11:27:31,15.0,263.0
AAPL,2026-11-20,58,Call,240.0,AAPL261120C00240000,99.9,103.15,101.525,104.88,4.03,3.99603,1.0,416.0,0.4257,0.9852,0.0006,0.0518,-0.0041,0.3959,101.4863,104.88,104.88,104.88,100.850002288818,up,2026-09-22T11:16:09,115.0,116.0
AAPL,2026-11-20,58,Put,240.0,AAPL261120P00240000,0.23,0.34,0.28500000000000003,0.27,-0.09,-25.0,15.0,2842.0,0.4151,-0.0146,0.0006,0.052,-0.0173,-0.0083,0.3004,0.34,0.46,0.27,0.359999999403954,down,2026-09-22T15:35:15,28.0,7.0
AAPL,2026-11-20,58,Call,245.0,AAPL261120C00245000,95.0,98.25,96.625,92.0,0.0,0.0,0.0,1861.0,0.4144,0.9826,0.0008,0.0593,-0.0067,0.4029,96.572,0.0,0.0,0.0,96.0750007629394,down,2026-09-18T13:11:27,128.0,127.0
AAPL,2026-11-20,58,Put,245.0,AAPL261120P00245000,0.26,0.48,0.37,0.38,-0.03,-7.31707,3.0,2585.0,0.4094,-0.0171,0.0008,0.0598,-0.0193,-0.0097,0.3478,0.4,0.4,0.38,0.409999996423721,no_change,2026-09-22T10:57:35,35.0,189.0
AAPL,2026-11-20,58,Call,250.0,AAPL261120C00250000,90.35,93.25,91.8,95.3,4.525,4.98485,2.0,464.0,0.4118,0.9797,0.0009,0.068,-0.0095,0.4095,91.6662,93.39,95.3,93.39,90.7750015258789,up,2026-09-22T11:20:40,143.0,135.0
AAPL,2026-11-20,58,Put,250.0,AAPL261120P00250000,0.39,0.51,0.45,0.41,-0.05,-10.8696,230.0,6865.0,0.3947,-0.0201,0.0009,0.0683,-0.0214,-0.0114,0.4041,0.43,0.48,0.39,0.459999993443489,no_change,2026-09-22T15:44:24,5.0,2.0
AAPL,2026-11-20,58,Call,255.0,AAPL261120C00255000,85.45,88.35,86.9,88.91,2.96,3.44386,1.0,1249.0,0.3967,0.9762,0.0011,0.078,-0.0126,0.4158,86.7712,88.91,88.91,88.91,85.9500007629394,up,2026-09-22T09:47:11,196.0,199.0
AAPL,2026-11-20,58,Put,255.0,AAPL261120P00255000,0.45,0.5,0.475,0.5,-0.04,-7.40741,1.0,6561.0,0.3813,-0.0237,0.0011,0.0783,-0.0239,-0.0134,0.471,0.5,0.5,0.5,0.53999999165535,down,2026-09-22T09:35:20,9.0,10.0
AAPL,2026-11-20,58,Call,260.0,AAPL261120C00260000,80.3,83.05,81.675,83.23,1.955,2.40542,2.0,1085.0,0.3399,0.9719,0.0013,0.0896,-0.0159,0.4217,81.8897,82.4,83.23,82.4,81.2749977111816,up,2026-09-22T14:15:31,267.0,157.0
AAPL,2026-11-20,58,Put,260.0,AAPL261120P00260000,0.52,0.58,0.55,0.57,-0.075,-11.6279,91.0,6308.0,0.3687,-0.028,0.0013,0.0902,-0.0267,-0.0158,0.5515,0.61,0.63,0.54,0.645000010728836,up,2026-09-22T15:54:47,32.0,5.0
AAPL,2026-11-20,58,Call,265.0,AAPL261120C00265000,75.45,78.1,76.775,80.5,4.175,5.47003,12.0,1102.0,0.3282,0.9667,0.0015,0.1032,-0.0197,0.427,77.0258,80.05,80.5,79.15,76.3250007629394,up,2026-09-22T11:45:41,202.0,148.0
AAPL,2026-11-20,58,Put,265.0,AAPL261120P00265000,0.64,0.69,0.665,0.65,-0.095,-12.7517,14.0,4796.0,0.3588,-0.0332,0.0015,0.1034,-0.0298,-0.0186,0.6498,0.65,0.67,0.62,0.745000004768372,down,2026-09-22T15:07:33,11.0,18.0
AAPL,2026-11-20,58,Call,270.0,AAPL261120C00270000,71.2,73.8,72.5,72.88,1.38,1.93007,56.0,6583.0,0.3713,0.9604,0.0018,0.1189,-0.024,0.4316,72.1847,74.15,75.29,72.88,71.5,down,2026-09-22T15:10:50,174.0,190.0
AAPL,2026-11-20,58,Put,270.0,AAPL261120P00270000,0.74,0.81,0.775,0.73,-0.155,-17.5141,113.0,7932.0,0.3466,-0.0395,0.0018,0.1198,-0.0334,-0.0222,0.7706,0.88,0.88,0.72,0.885000020265579,down,2026-09-22T14:23:05,71.0,5.0
AAPL,2026-11-20,58,Call,275.0,AAPL261120C00275000,66.15,68.45,67.30000000000001,66.2,0.0,0.0,0.0,3015.0,0.3301,0.9526,0.0021,0.1375,-0.0287,0.4353,67.3732,0.0,0.0,0.0,66.8250007629394,up,2026-09-21T12:17:08,176.0,147.0
AAPL,2026-11-20,58,Put,275.0,AAPL261120P00275000,0.86,1.02,0.94,0.92,-0.12,-11.5385,71.0,5448.0,0.3371,-0.0474,0.0022,0.1379,-0.0376,-0.0265,0.9218,1.0,1.01,0.84,1.03999996185303,up,2026-09-22T15:54:20,5.0,17.0
AAPL,2026-11-20,58,Call,280.0,AAPL261120C00280000,61.5,63.7,62.6,62.78,0.655,1.05433,78.0,2209.0,0.3258,0.943,0.0026,0.1589,-0.0341,0.438,62.6006,66.38,66.38,62.78,62.125,down,2026-09-22T15:54:07,157.0,145.0
AAPL,2026-11-20,58,Put,280.0,AAPL261120P00280000,1.09,1.15,1.12,1.12,-0.125,-10.0402,240.0,8731.0,0.3264,-0.057,0.0026,0.16,-0.0424,-0.0319,1.1113,1.21,1.23,1.01,1.24500000476837,down,2026-09-22T15:55:21,5.0,10.0
AAPL,2026-11-20,58,Call,285.0,AAPL261120C00285000,56.3,58.95,57.625,60.2,3.025,5.29078,6.0,2122.0,0.3018,0.9312,0.003,0.1841,-0.0402,0.4392,57.8781,62.0,62.0,58.19,57.1749992370606,up,2026-09-22T10:51:16,214.0,140.0
AAPL,2026-11-20,58,Put,285.0,AAPL261120P00285000,1.28,1.4,1.3399999999999999,1.31,-0.19,-12.6667,103.0,5039.0,0.3159,-0.0689,0.0031,0.1846,-0.0478,-0.0383,1.3522,1.42,1.43,1.23,1.5,down,2026-09-22T15:50:34,30.0,22.0
AAPL,2026-11-20,58,Call,290.0,AAPL261120C00290000,52.0,53.85,52.925,53.7,1.15,2.18839,40.0,1971.0,0.2933,0.9166,0.0036,0.2126,-0.047,0.4388,53.2203,56.75,56.75,53.25,52.5499992370606,down,2026-09-22T15:04:15,189.0,23.0
AAPL,2026-11-20,58,Put,290.0,AAPL261120P00290000,1.57,1.75,1.6600000000000001,1.69,-0.15,-8.15217,212.0,6673.0,0.3083,-0.0836,0.0036,0.2144,-0.0541,-0.0466,1.657,1.7,1.83,1.48,1.83999997377396,up,2026-09-22T15:55:06,29.0,35.0
AAPL,2026-11-20,58,Call,295.0,AAPL261120C00295000,47.4,49.7,48.55,48.9,0.55,1.13754,13.0,1366.0,0.2965,0.8988,0.0043,0.2452,-0.0545,0.4362,48.6439,51.04,51.04,48.9,48.3499984741211,down,2026-09-22T15:38:11,223.0,118.0
AAPL,2026-11-20,58,Put,295.0,AAPL261120P00295000,1.9,2.09,1.9949999999999999,2.1,-0.095,-4.32802,663.0,6464.0,0.2981,-0.1019,0.0043,0.2464,-0.0612,-0.0565,2.0526,2.09,2.19,1.79,2.19500005245209,up,2026-09-22T15:59:40,28.0,30.0
AAPL,2026-11-20,58,Call,300.0,AAPL261120C00300000,43.55,44.85,44.2,44.1,0.225,0.512821,135.0,5597.0,0.2946,0.8772,0.005,0.281,-0.0626,0.4315,44.1688,46.32,49.15,43.32,43.875,up,2026-09-22T15:50:50,124.0,10.0
AAPL,2026-11-20,58,Put,300.0,AAPL261120P00300000,2.5,2.67,2.585,2.67,-0.055,-2.01835,802.0,18529.0,0.2949,-0.1238,0.0051,0.2829,-0.0688,-0.0681,2.545,2.54,2.68,2.22,2.72500002384186,up,2026-09-22T15:59:54,5.0,304.0
AAPL,2026-11-20,58,Call,305.0,AAPL261120C00305000,39.55,40.15,39.849999999999994,40.04,0.415,1.04732,91.0,3414.0,0.2881,0.8513,0.0059,0.3196,-0.0713,0.4239,39.8179,40.53,42.91,40.0,39.625,down,2026-09-22T15:45:10,13.0,9.0
AAPL,2026-11-20,58,Put,305.0,AAPL261120P00305000,3.05,3.35,3.2,3.15,-0.25,-7.35294,367.0,4991.0,0.2883,-0.15,0.006,0.3222,-0.077,-0.0826,3.1619,3.16,3.27,2.74,3.39999997615814,up,2026-09-22T15:55:00,10.0,29.0
AAPL,2026-11-20,58,Call,310.0,AAPL261120C00310000,34.5,35.9,35.2,35.6,0.325,0.921333,119.0,13438.0,0.2694,0.8208,0.0068,0.3603,-0.0801,0.4134,35.6151,37.0,38.55,35.45,35.2749996185303,down,2026-09-22T15:59:59,217.0,10.0
AAPL,2026-11-20,58,Put,310.0,AAPL261120P00310000,3.85,4.0,3.925,3.79,-0.36,-8.6747,665.0,16130.0,0.2822,-0.1805,0.0068,0.3614,-0.0852,-0.0984,3.92,3.96,4.18,3.4,4.15000009536743,up,2026-09-22T15:37:47,36.0,5.0
AAPL,2026-11-20,58,Call,315.0,AAPL261120C00315000,30.95,32.2,31.575000000000003,31.3,0.05,0.16,72.0,5709.0,0.2751,0.7854,0.0077,0.401,-0.0889,0.3999,31.5868,35.55,35.55,31.3,31.25,down,2026-09-22T15:57:15,79.0,12.0
AAPL,2026-11-20,58,Put,315.0,AAPL261120P00315000,4.85,5.0,4.925,4.86,-0.24,-4.70588,1338.0,8558.0,0.2773,-0.2169,0.0078,0.4033,-0.0936,-0.1169,4.8766,4.75,5.12,4.2,5.10000014305115,up,2026-09-22T15:59:39,1.0,5.0
AAPL,2026-11-20,58,Call,320.0,AAPL261120C00320000,27.1,28.1,27.6,28.0,0.525,1.91083,178.0,6793.0,0.2677,0.7451,0.0086,0.4402,-0.0971,0.3831,27.7595,28.35,32.0,27.45,27.4750003814697,up,2026-09-22T15:56:12,123.0,5.0
AAPL,2026-11-20,58,Put,320.0,AAPL261120P00320000,5.95,6.4,6.175000000000001,6.2,-0.1,-1.5873,1718.0,6624.0,0.2725,-0.2579,0.0088,0.4433,-0.1014,-0.1384,6.025,5.85,6.34,5.25,6.29999995231628,up,2026-09-22T15:59:47,3.0,15.0
AAPL,2026-11-20,58,Call,325.0,AAPL261120C00325000,23.7,24.5,24.1,24.0,0.125,0.52356,202.0,10952.0,0.2658,0.7,0.0095,0.476,-0.1043,0.363,24.1583,24.9,28.38,23.65,23.875,up,2026-09-22T15:57:37,41.0,4.0
AAPL,2026-11-20,58,Put,325.0,AAPL261120P00325000,7.25,7.65,7.45,7.52,-0.205,-2.65372,549.0,2233.0,0.2696,-0.3037,0.0096,0.478,-0.1083,-0.1614,7.4044,7.55,7.95,6.4,7.72499990463257,up,2026-09-22T15:55:07,1.0,12.0
AAPL,2026-11-20,58,Call,330.0,AAPL261120C00330000,20.6,21.05,20.825000000000003,20.83,0.205,0.993939,1030.0,10424.0,0.2636,0.6508,0.0102,0.5061,-0.1101,0.3402,20.8067,21.9,25.0,20.4,20.625,up,2026-09-22T15:59:41,15.0,1.0
AAPL,2026-11-20,58,Put,330.0,AAPL261120P00330000,8.95,9.2,9.075,9.1,-0.35,-3.70371,1393.0,3308.0,0.2649,-0.354,0.0104,0.5073,-0.1138,-0.1846,9.0399,9.1,9.45,7.8,9.4500002861023,no_change,2026-09-22T15:59:55,2.0,2.0
AAPL,2026-11-20,58,Call,335.0,AAPL261120C00335000,17.65,17.95,17.799999999999997,17.65,0.1,0.569799,1390.0,8145.0,0.2611,0.5981,0.0109,0.5284,-0.1141,0.315,17.725,18.0,21.57,17.3,17.5500001907349,down,2026-09-22T15:55:00,6.0,1.0
AAPL,2026-11-20,58,Put,335.0,AAPL261120P00335000,10.9,11.2,11.05,11.01,-0.315,-2.78146,575.0,2893.0,0.2616,-0.408,0.0111,0.5292,-0.1176,-0.2075,10.9516,10.5,11.55,9.55,11.3249998092651,up,2026-09-22T15:59:13,5.0,38.0
AAPL,2026-11-20,58,Call,340.0,AAPL261120C00340000,14.85,15.15,15.0,15.0,0.2,1.35135,1801.0,8577.0,0.2579,0.5429,0.0113,0.5416,-0.116,0.2878,14.9286,15.35,18.37,14.63,14.7999997138977,up,2026-09-22T15:59:56,28.0,5.0
AAPL,2026-11-20,58,Put,340.0,AAPL261120P00340000,13.1,13.45,13.274999999999999,13.27,-0.33,-2.42647,1938.0,1705.0,0.2588,-0.4647,0.0116,0.5407,-0.1194,-0.2293,13.1538,13.0,13.65,11.39,13.5999999046326,down,2026-09-22T15:57:54,20.0,64.0
AAPL,2026-11-20,58,Call,345.0,AAPL261120C00345000,12.35,12.6,12.475,12.47,0.12,0.971661,2063.0,6429.0,0.2546,0.4863,0.0114,0.5445,-0.1157,0.2592,12.4262,12.82,15.6,12.17,12.3499999046326,up,2026-09-22T15:59:56,14.0,5.0
AAPL,2026-11-20,58,Put,345.0,AAPL261120P00345000,15.55,15.95,15.75,15.4,-0.7,-4.34783,284.0,318.0,0.2554,-0.5231,0.0118,0.542,-0.119,-0.2525,15.6575,13.75,16.0,13.75,16.0999999046326,up,2026-09-22T15:39:39,5.0,28.0
AAPL,2026-11-20,58,Call,350.0,AAPL261120C00350000,10.15,10.35,10.25,10.29,0.165,1.62963,2186.0,13951.0,0.2518,0.4297,0.0114,0.5366,-0.113,0.23,10.2201,10.55,13.11,9.9,10.125,up,2026-09-22T15:59:54,28.0,1.0
AAPL,2026-11-20,58,Put,350.0,AAPL261120P00350000,18.2,18.9,18.549999999999997,18.45,-0.525,-2.7668,272.0,218.0,0.2532,-0.582,0.0118,0.5314,-0.1165,-0.2728,18.472,17.28,18.74,16.5,18.9749994277954,down,2026-09-22T15:55:00,28.0,48.0
AAPL,2026-11-20,58,Call,355.0,AAPL261120C00355000,8.1,8.65,8.375,8.35,0.1,1.21212,695.0,8800.0,0.2485,0.3745,0.0111,0.5185,-0.1082,0.2013,8.3057,8.55,10.95,8.06,8.25,down,2026-09-22T15:48:43,60.0,16.0
AAPL,2026-11-20,58,Put,355.0,AAPL261120P00355000,21.15,22.15,21.65,21.48,-0.47,-2.14123,23.0,244.0,0.2502,-0.6399,0.0116,0.5084,-0.1119,-0.2818,21.5922,20.45,21.48,20.45,21.9499998092651,up,2026-09-22T14:41:24,5.0,71.0
AAPL,2026-11-20,58,Call,360.0,AAPL261120C00360000,6.55,6.8,6.675,6.7,0.075,1.13208,2041.0,14432.0,0.2473,0.3217,0.0106,0.4912,-0.1016,0.1737,6.6713,6.77,8.95,6.52,6.625,up,2026-09-22T15:59:36,13.0,21.0
AAPL,2026-11-20,58,Put,360.0,AAPL261120P00360000,24.4,25.55,24.975,23.43,-2.245,-8.74391,3.0,467.0,0.2466,-0.6957,0.0112,0.4742,-0.1055,-0.2848,25.0054,23.43,23.43,23.43,25.6750001907349,down,2026-09-22T09:31:08,21.0,62.0
AAPL,2026-11-20,58,Call,365.0,AAPL261120C00365000,5.15,5.4,5.275,5.17,-0.105,-1.99052,1042.0,6899.0,0.2452,0.2726,0.0098,0.4564,-0.0936,0.1476,5.2987,5.39,7.25,5.17,5.27499985694885,down,2026-09-22T15:57:14,24.0,19.0
AAPL,2026-11-20,58,Put,365.0,AAPL261120P00365000,27.85,29.35,28.6,28.0,-1.125,-3.86266,36.0,115.0,0.2435,-0.7484,0.0106,0.4299,-0.0978,-0.2844,28.6952,27.55,28.39,26.59,29.125,up,2026-09-22T15:15:57,133.0,149.0
AAPL,2026-11-20,58,Call,370.0,AAPL261120C00370000,4.0,4.3,4.15,4.15,0.0,-2.29801e-06,940.0,5975.0,0.2434,0.2282,0.009,0.4163,-0.0847,0.1237,4.1708,4.3,5.81,4.05,4.15000009536743,no_change,2026-09-22T15:58:11,161.0,20.0
AAPL,2026-11-20,58,Put,370.0,AAPL261120P00370000,31.45,32.95,32.2,36.67,0.0,0.0,0.0,71.0,0.2316,-0.7973,0.0099,0.3854,-0.0894,-0.2751,32.6406,0.0,0.0,0.0,33.5750007629394,down,2026-09-18T11:30:29,130.0,20.0
AAPL,2026-11-20,58,Call,375.0,AAPL261120C00375000,3.05,3.35,3.2,3.23,0.005,0.155038,1410.0,3794.0,0.2424,0.1884,0.0081,0.373,-0.0752,0.1023,3.2479,3.35,4.5,3.2,3.22500002384186,up,2026-09-22T15:55:00,77.0,9.0
AAPL,2026-11-20,58,Put,375.0,AAPL261120P00375000,35.65,37.25,36.45,36.78,-0.795,-2.11577,1.0,62.0,0.2315,-0.8419,0.0091,0.3287,-0.0802,-0.2634,36.8249,36.78,36.78,36.78,37.5749988555908,down,2026-09-22T15:59:13,130.0,31.0
AAPL,2026-11-20,58,Call,380.0,AAPL261120C00380000,2.43,2.56,2.495,2.49,-0.005,-0.200401,1785.0,5521.0,0.243,0.1535,0.0071,0.3285,-0.0657,0.0835,2.5036,2.62,3.66,2.46,2.49500000476837,down,2026-09-22T15:56:00,42.0,10.0
AAPL,2026-11-20,58,Put,380.0,AAPL261120P00380000,40.05,42.1,41.075,44.65,0.0,0.0,0.0,6.0,0.2377,-0.8816,0.0082,0.2626,-0.0716,-0.2223,41.2147,0.0,0.0,0.0,41.9250011444092,down,2026-09-17T13:47:16,156.0,134.0
AAPL,2026-11-20,58,Call,385.0,AAPL261120C00385000,1.81,2.01,1.91,1.95,0.02,1.03627,315.0,773.0,0.2425,0.1242,0.0061,0.2856,-0.0568,0.0676,1.9256,1.98,2.55,1.94,1.93000000715256,down,2026-09-22T15:45:37,8.0,43.0
AAPL,2026-11-20,58,Put,385.0,AAPL261120P00385000,44.65,46.5,45.575,52.05,0.0,0.0,0.0,6.0,0.2314,-0.9165,0.0075,0.2052,-0.0632,-0.1683,45.7743,0.0,0.0,0.0,46.3000011444092,no_change,2026-09-11T12:40:09,95.0,92.0
AAPL,2026-11-20,58,Call,390.0,AAPL261120C00390000,1.4,1.52,1.46,1.49,0.01,0.675674,959.0,2461.0,0.243,0.0993,0.0052,0.2442,-0.0483,0.054,1.4667,1.6,2.2,1.47,1.48000001907349,down,2026-09-22T15:57:46,28.0,12.0
AAPL,2026-11-20,58,Put,390.0,AAPL261120P00390000,49.2,51.75,50.475,56.69,0.0,0.0,0.0,2.0,0.2425,-0.9465,0.0065,0.1552,-0.0541,-0.1442,50.4859,0.0,0.0,0.0,51.4249992370606,down,2026-09-16T10:17:27,117.0,117.0
AAPL,2026-11-20,58,Call,395.0,AAPL261120C00395000,1.08,1.19,1.135,1.14,0.015,1.33333,219.0,277.0,0.2448,0.079,0.0044,0.2071,-0.0407,0.043,1.1168,1.3,1.58,1.11,1.125,down,2026-09-22T15:45:20,15.0,79.0
AAPL,2026-11-20,58,Put,395.0,AAPL261120P00395000,53.85,56.7,55.275000000000006,0.0,0.0,0.0,0.0,0.0,0.0,-0.9734,0.0059,0.0834,-0.0463,-0.0932,55.3346,0.0,0.0,0.0,56.3000011444092,no_change,,84.0,76.0
AAPL,2026-11-20,58,Call,400.0,AAPL261120C00400000,0.84,0.92,0.88,0.84,-0.02,-2.32558,6088.0,34782.0,0.2464,0.0628,0.0037,0.1745,-0.0341,0.0342,0.8535,0.9,1.23,0.84,0.859999984502792,no_change,2026-09-22T15:56:35,51.0,93.0
AAPL,2026-11-20,58,Put,400.0,AAPL261120P00400000,58.85,61.4,60.125,57.83,-3.195,-5.23556,4.0,0.0,0.0,-0.9904,0.0032,0.0154,-0.0429,0.0,60.2824,58.52,59.61,57.83,61.0249996185303,down,2026-09-22T10:56:08,83.0,79.0
AAPL,2026-11-20,58,Call,405.0,AAPL261120C00405000,0.54,0.75,0.645,0.69,0.05,7.8125,16.0,153.0,0.2457,0.0496,0.003,0.1456,-0.0284,0.027,0.6512,0.7,0.83,0.68,0.640000015497208,down,2026-09-22T15:26:05,64.0,10.0
AAPL,2026-11-20,58,Put,405.0,AAPL261120P00405000,63.85,66.8,65.325,0.0,0.0,0.0,0.0,0.0,0.2739,-1.0,0.0,0.0,-0.0429,0.0,65.2824,0.0,0.0,0.0,65.9249992370606,no_change,,75.0,75.0
AAPL,2026-11-20,58,Call,410.0,AAPL261120C00410000,0.39,0.63,0.51,0.56,0.075,15.4639,41.0,1762.0,0.248,0.0392,0.0025,0.1212,-0.0236,0.0213,0.4988,0.51,0.61,0.51,0.484999999403954,down,2026-09-22T14:31:10,58.0,37.0
AAPL,2026-11-20,58,Put,410.0,AAPL261120P00410000,68.7,72.1,70.4,71.45,0.0,0.0,0.0,1.0,0.299,-1.0,0.0,0.0,-0.0429,0.0,70.2824,0.0,0.0,0.0,71.0750007629394,down,2026-09-21T15:06:55,75.0,76.0
AAPL,2026-11-20,58,Call,415.0,AAPL261120C00415000,0.27,0.45,0.36,0.44,0.08,22.2222,15.0,1.0,0.2472,0.0311,0.002,0.1006,-0.0196,0.0169,0.3845,0.42,0.46,0.42,0.359999999403954,up,2026-09-22T13:05:03,108.0,64.0
AAPL,2026-11-20,58,Put,415.0,AAPL261120P00415000,73.7,77.05,75.375,0.0,0.0,0.0,0.0,0.0,0.3107,-1.0,0.0,0.0,-0.0429,0.0,75.2824,0.0,0.0,0.0,76.1500015258789,no_change,,75.0,75.0
AAPL,2026-11-20,58,Call,420.0,AAPL261120C00420000,0.2,0.35,0.275,0.33,0.04,13.7931,19.0,1130.0,0.2491,0.0248,0.0017,0.0836,-0.0163,0.0134,0.2988,0.31,0.38,0.31,0.290000006556511,down,2026-09-22T14:50:11,105.0,19.0
AAPL,2026-11-20,58,Put,420.0,AAPL261120P00420000,78.65,82.15,80.4,0.0,0.0,0.0,0.0,0.0,0.3288,-1.0,0.0,0.0,-0.0429,0.0,80.2824,0.0,0.0,0.0,81.1500015258789,no_change,,76.0,76.0
AAPL,2026-11-20,58,Call,425.0,AAPL261120C00425000,0.21,0.3,0.255,0.25,0.03,13.6364,52.0,80.0,0.2589,0.0198,0.0014,0.0696,-0.0136,0.0107,0.2344,0.25,0.25,0.25,0.219999998807907,no_change,2026-09-22T10:54:56,14.0,28.0
AAPL,2026-11-20,58,Put,425.0,AAPL261120P00425000,83.65,87.0,85.325,0.0,0.0,0.0,0.0,0.0,0.3326,-1.0,0.0,0.0,-0.0429,0.0,85.2824,0.0,0.0,0.0,86.1000022888184,no_change,,75.0,76.0
AAPL,2026-11-20,58,Call,430.0,AAPL261120C00430000,0.15,0.21,0.18,0.19,-0.005,-2.5641,5.0,1386.0,0.257,0.016,0.0011,0.0582,-0.0114,0.0086,0.186,0.2,0.2,0.17,0.195000000298023,no_change,2026-09-22T14:59:04,40.0,5.0
AAPL,2026-11-20,58,Put,430.0,AAPL261120P00430000,88.65,92.05,90.35,0.0,0.0,0.0,0.0,0.0,0.3503,-1.0,0.0,0.0,-0.0429,0.0,90.2824,0.0,0.0,0.0,91.1000022888184,no_change,,76.0,75.0
AAPL,2026-11-20,58,Call,440.0,AAPL261120C00440000,0.09,0.12,0.105,0.14,0.07,100.0,85.0,677.0,0.2619,0.0107,0.0008,0.0414,-0.0082,0.0058,0.1213,0.11,0.16,0.11,0.0699999993667006,no_change,2026-09-22T13:07:07,27.0,4.0
AAPL,2026-11-20,58,Put,440.0,AAPL261120P00440000,98.7,102.15,100.42500000000001,0.0,0.0,0.0,0.0,0.0,0.3887,-1.0,0.0,0.0,-0.0429,0.0,100.2824,0.0,0.0,0.0,101.150001525879,no_change,,76.0,75.0
AAPL,2026-11-20,58,Call,450.0,AAPL261120C00450000,0.01,0.17,0.09000000000000001,0.09,0.0,2.23517e-06,107.0,3199.0,0.2699,0.0074,0.0005,0.0302,-0.0061,0.004,0.0828,0.09,0.09,0.07,0.0899999979883432,no_change,2026-09-22T14:22:54,36.0,57.0
AAPL,2026-11-20,58,Put,450.0,AAPL261120P00450000,108.65,112.15,110.4,0.0,0.0,0.0,0.0,0.0,0.4119,-1.0,0.0,0.0,-0.0429,0.0,110.2824,0.0,0.0,0.0,110.799999237061,no_change,,75.0,75.0
AAPL,2026-11-20,58,Call,460.0,AAPL261120C00460000,0.04,0.12,0.08,0.07,0.02,40.0,2.0,2403.0,0.2907,0.0052,0.0004,0.0223,-0.0046,0.0028,0.0581,0.07,0.07,0.07,0.0499999988824129,no_change,2026-09-22T10:48:48,1.0,338.0
AAPL,2026-11-20,58,Put,460.0,AAPL261120P00460000,119.25,121.9,120.575,0.0,0.0,0.0,0.0,0.0,0.4597,-1.0,0.0,0.0,-0.0429,0.0,120.2824,0.0,0.0,0.0,121.150001525879,no_change,,75.0,75.0
AAPL,2026-11-20,58,Call,470.0,AAPL261120C00470000,0.02,0.07,0.045000000000000005,0.05,0.0,2.23517e-06,2.0,137.0,0.2911,0.0039,0.0003,0.0171,-0.0036,0.0021,0.0427,0.11,0.11,0.05,0.0499999988824129,down,2026-09-22T13:36:16,5.0,131.0
AAPL,2026-11-20,58,Put,470.0,AAPL261120P00470000,128.7,132.15,130.425,0.0,0.0,0.0,0.0,0.0,0.4669,-1.0,0.0,0.0,-0.0429,0.0,130.2824,0.0,0.0,0.0,130.75,no_change,,75.0,75.0
AAPL,2026-11-20,58,Call,480.0,AAPL261120C00480000,0.0,0.14,0.07,0.07,0.035,100.0,2.0,719.0,0.3248,0.0029,0.0002,0.0132,-0.0029,0.0016,0.0322,0.14,0.14,0.07,0.034999999217689,down,2026-09-22T13:36:11,0.0,28.0
AAPL,2026-11-20,58,Put,480.0,AAPL261120P00480000,138.65,142.05,140.35000000000002,0.0,0.0,0.0,0.0,0.0,0.4792,-1.0,0.0,0.0,-0.0429,0.0,140.2824,0.0,0.0,0.0,141.099998474121,no_change,,76.0,75.0
AAPL,2026-11-20,58,Call,490.0,AAPL261120C00490000,0.01,0.14,0.07500000000000001,0.08,0.0,0.0,0.0,708.0,0.3421,0.0022,0.0002,0.0105,-0.0023,0.0012,0.0248,0.0,0.0,0.0,0.0800000028684735,down,2026-09-17T11:23:38,4.0,10.0
AAPL,2026-11-20,58,Put,490.0,AAPL261120P00490000,149.15,152.15,150.65,0.0,0.0,0.0,0.0,0.0,0.5429,-1.0,0.0,0.0,-0.0429,0.0,150.2824,0.0,0.0,0.0,151.099998474121,no_change,,76.0,87.0
AAPL,2026-11-20,58,Call,500.0,AAPL261120C00500000,0.0,0.04,0.02,0.03,0.0,2.23517e-06,13.0,4542.0,0.3283,0.0018,0.0001,0.0084,-0.0019,0.0009,0.0195,0.05,0.05,0.03,0.0299999993294477,down,2026-09-22T11:03:33,0.0,10.0
AAPL,2026-11-20,58,Put,500.0,AAPL261120P00500000,158.85,161.45,160.14999999999998,0.0,0.0,0.0,0.0,0.0,0.0,-1.0,0.0,0.0,-0.0429,0.0,160.2824,0.0,0.0,0.0,161.099998474121,no_change,,75.0,75.0
AAPL,2026-11-20,58,Call,510.0,AAPL261120C00510000,0.01,0.25,0.13,0.06,0.005,9.09091,1.0,996.0,0.3982,0.0014,0.0001,0.0068,-0.0016,0.0007,0.0155,0.06,0.06,0.06,0.0550000006332994,up,2026-09-22T14:41:17,4.0,363.0
AAPL,2026-11-20,58,Put,510.0,AAPL261120P00510000,168.7,171.95,170.325,0.0,0.0,0.0,0.0,0.0,0.5436,-1.0,0.0,0.0,-0.0429,0.0,170.2824,0.0,0.0,0.0,171.149993896484,no_change,,75.0,75.0
AAPL,2026-11-20,58,Call,520.0,AAPL261120C00520000,0.0,0.47,0.235,0.03,0.0,0.0,0.0,48.0,0.4449,0.0011,0.0001,0.0055,-0.0013,0.0006,0.0124,0.0,0.0,0.0,0.25,down,2026-09-21T15:45:45,0.0,208.0
AAPL,2026-11-20,58,Put,520.0,AAPL261120P00520000,178.65,182.1,180.375,0.0,0.0,0.0,0.0,0.0,0.5749,-1.0,0.0,0.0,-0.0429,0.0,180.2824,0.0,0.0,0.0,181.149993896484,no_change,,76.0,75.0
AAPL,2026-11-20,58,Call,530.0,AAPL261120C00530000,0.0,0.36,0.18,0.01,-0.11,-91.6667,2.0,94.0,0.4474,0.0009,0.0001,0.0045,-0.0011,0.0005,0.0101,0.03,0.03,0.01,0.119999997317791,down,2026-09-22T11:11:52,0.0,171.0
AAPL,2026-11-20,58,Put,530.0,AAPL261120P00530000,189.25,191.9,190.575,0.0,0.0,0.0,0.0,0.0,0.6278,-1.0,0.0,0.0,-0.0429,0.0,190.2824,0.0,0.0,0.0,191.149993896484,no_change,,75.0,75.0
AAPL,2026-11-20,58,Call,540.0,AAPL261120C00540000,0.0,0.52,0.26,0.03,0.0,0.0,0.0,29.0,0.4847,0.0007,0.0,0.0037,-0.0009,0.0004,0.0082,0.0,0.0,0.0,0.109999999403954,no_change,2026-09-21T10:04:50,0.0,226.0
AAPL,2026-11-20,58,Put,540.0,AAPL261120P00540000,198.7,201.9,200.3,0.0,0.0,0.0,0.0,0.0,0.6023,-1.0,0.0,0.0,-0.0429,0.0,200.2824,0.0,0.0,0.0,201.099998474121,no_change,,75.0,75.0
AAPL,2026-11-20,58,Call,550.0,AAPL261120C00550000,0.0,0.52,0.26,0.05,0.0,0.0,0.0,43.0,0.5012,0.0006,0.0,0.0031,-0.0008,0.0003,0.0068,0.0,0.0,0.0,0.109999999403954,no_change,2026-09-21T12:16:03,0.0,166.0
AAPL,2026-11-20,58,Put,550.0,AAPL261120P00550000,208.65,212.05,210.35000000000002,0.0,0.0,0.0,0.0,0.0,0.6332,-1.0,0.0,0.0,-0.0429,0.0,210.2824,0.0,0.0,0.0,211.099998474121,no_change,,75.0,75.0
AAPL,2026-11-20,58,Call,560.0,AAPL261120C00560000,0.0,0.52,0.26,0.02,0.0,0.0,0.0,121.0,0.5172,0.0005,0.0,0.0026,-0.0007,0.0003,0.0056,0.0,0.0,0.0,0.259999990463257,no_change,2026-09-18T13:18:23,0.0,148.0
AAPL,2026-11-20,58,Put,560.0,AAPL261120P00560000,218.7,221.6,220.14999999999998,0.0,0.0,0.0,0.0,0.0,0.0,-1.0,0.0,0.0,-0.0429,0.0,220.2824,0.0,0.0,0.0,221.074996948242,no_change,,75.0,75.0
AAPL,2026-11-20,58,Call,570.0,AAPL261120C00570000,0.0,0.52,0.26,0.05,0.0,0.0,0.0,40.0,0.533,0.0004,0.0,0.0022,-0.0006,0.0002,0.0047,0.0,0.0,0.0,0.259999990463257,no_change,2026-09-18T13:17:56,0.0,146.0
AAPL,2026-11-20,58,Put,570.0,AAPL261120P00570000,228.65,231.6,230.125,0.0,0.0,0.0,0.0,0.0,0.0,-1.0,0.0,0.0,-0.0429,0.0,230.2824,0.0,0.0,0.0,230.875,no_change,,75.0,75.0
AAPL,2026-11-20,58,Call,580.0,AAPL261120C00580000,0.0,0.52,0.26,0.05,0.0,0.0,0.0,711.0,0.5483,0.0003,0.0,0.0019,-0.0005,0.0002,0.0039,0.0,0.0,0.0,0.259999990463257,no_change,2026-09-18T14:13:07,0.0,110.0
AAPL,2026-11-20,58,Put,580.0,AAPL261120P00580000,238.65,242.05,240.35000000000002,0.0,0.0,0.0,0.0,0.0,0.6921,-1.0,0.0,0.0,-0.0429,0.0,240.2824,0.0,0.0,0.0,240.849998474121,no_change,,75.0,76.0
AAPL,2026-11-20,58,Call,590.0,AAPL261120C00590000,0.0,0.01,0.005,0.04,0.0,0.0,0.0,64.0,0.396,0.0003,0.0,0.0016,-0.0004,0.0001,0.0033,0.0,0.0,0.0,0.0500000007450581,up,2026-09-18T14:11:38,0.0,11.0
AAPL,2026-11-20,58,Put,590.0,AAPL261120P00590000,248.7,251.9,250.3,0.0,0.0,0.0,0.0,0.0,0.7001,-1.0,0.0,0.0,-0.0429,0.0,250.2824,0.0,0.0,0.0,251.099998474121,no_change,,75.0,75.0
AAPL,2026-11-20,58,Call,600.0,AAPL261120C00600000,0.0,0.03,0.015,0.02,0.0,0.0,0.0,633.0,0.4406,0.0002,0.0,0.0014,-0.0004,0.0001,0.0028,0.0,0.0,0.0,0.0149999996647239,up,2026-09-21T10:16:59,0.0,20.0
AAPL,2026-11-20,58,Put,600.0,AAPL261120P00600000,258.7,262.15,260.42499999999995,0.0,0.0,0.0,0.0,0.0,0.7441,-1.0,0.0,0.0,-0.0429,0.0,260.2824,0.0,0.0,0.0,260.975006103516,no_change,,75.0,76.0
AAPL,2026-12-18,86,Call,5.0,AAPL261218C00005000,332.95,336.55,334.75,308.83,0.0,0.0,0.0,46.0,0.0,1.0,0.0,0.0,0.0,0.0057,334.8346,0.0,0.0,0.0,334.0,up,2026-08-26T14:45:34,75.0,75.0
AAPL,2026-12-18,86,Put,5.0,AAPL261218P00005000,0.0,0.01,0.005,0.01,0.0,0.0,0.0,128.0,2.6212,0.0,0.0,0.0,0.0,0.0,0.0001,0.0,0.0,0.0,0.00499999988824129,down,2026-08-06T10:38:51,0.0,1000.0
AAPL,2026-12-18,86,Call,10.0,AAPL261218C00010000,327.95,331.4,329.67499999999995,303.27,0.0,0.0,0.0,0.0,0.0,1.0,0.0,0.0,0.0,0.0127,329.8617,0.0,0.0,0.0,328.974990844727,up,2026-08-07T15:52:50,77.0,84.0
AAPL,2026-12-18,86,Put,10.0,AAPL261218P00010000,0.0,0.01,0.005,0.19,0.0,0.0,0.0,3101.0,2.1567,0.0,0.0,0.0,0.0,0.0,0.0002,0.0,0.0,0.0,0.00499999988824129,down,2026-08-05T09:30:02,0.0,1000.0
AAPL,2026-12-18,86,Call,15.0,AAPL261218C00015000,323.15,326.05,324.6,298.33,0.0,0.0,0.0,0.0,0.0,1.0,0.0,0.0,0.0,0.0195,324.8908,0.0,0.0,0.0,324.150009155273,up,2026-08-07T15:52:50,76.0,76.0
AAPL,2026-12-18,86,Put,15.0,AAPL261218P00015000,0.0,0.01,0.005,0.46,0.0,0.0,0.0,640.0,1.895,0.0,0.0,0.0,0.0,0.0,0.0003,0.0,0.0,0.0,0.00499999988824129,no_change,2026-06-30T10:42:33,0.0,1000.0
AAPL,2026-12-18,86,Call,20.0,AAPL261218C00020000,318.2,321.1,319.65,292.93,0.0,0.0,0.0,2.0,0.0,1.0,0.0,0.0,0.0,0.0261,319.9203,0.0,0.0,0.0,318.950012207031,down,2026-08-07T14:06:08,77.0,75.0
AAPL,2026-12-18,86,Put,20.0,AAPL261218P00020000,0.0,0.01,0.005,0.26,0.0,0.0,0.0,3021.0,1.7132,0.0,0.0,0.0001,0.0,0.0,0.0005,0.0,0.0,0.0,0.00499999988824129,no_change,2026-08-05T09:30:48,0.0,1000.0
AAPL,2026-12-18,86,Call,25.0,AAPL261218C00025000,313.2,316.5,314.85,286.17,0.0,0.0,0.0,11.0,0.0,1.0,0.0,0.0,0.0,0.0327,314.9499,0.0,0.0,0.0,314.024993896484,no_change,2026-05-29T13:11:59,75.0,84.0
AAPL,2026-12-18,86,Put,25.0,AAPL261218P00025000,0.0,0.01,0.005,0.01,0.0,0.0,0.0,601.0,1.5741,0.0,0.0,0.0001,-0.0001,0.0,0.0007,0.0,0.0,0.0,0.00499999988824129,down,2026-07-16T14:13:26,0.0,1000.0
AAPL,2026-12-18,86,Call,30.0,AAPL261218C00030000,308.05,311.55,309.8,283.62,0.0,0.0,0.0,11.0,0.0,1.0,0.0,0.0,0.0,0.0392,309.9796,0.0,0.0,0.0,309.300003051758,up,2026-08-07T11:23:46,80.0,84.0
AAPL,2026-12-18,86,Put,30.0,AAPL261218P00030000,0.0,0.01,0.005,0.01,0.0,0.0,0.0,1174.0,1.4618,0.0,0.0,0.0001,-0.0001,0.0,0.0009,0.0,0.0,0.0,0.00499999988824129,down,2026-06-23T15:36:51,0.0,1.0
AAPL,2026-12-18,86,Call,35.0,AAPL261218C00035000,303.3,306.55,304.925,266.33,0.0,0.0,0.0,1.0,0.0,1.0,0.0,0.0001,0.0,0.0458,305.0094,0.0,0.0,0.0,304.25,up,2026-06-22T10:33:53,76.0,84.0
AAPL,2026-12-18,86,Put,35.0,AAPL261218P00035000,0.0,0.01,0.005,0.02,0.0,0.0,0.0,1529.0,1.3675,0.0,0.0,0.0002,-0.0001,0.0,0.0012,0.0,0.0,0.0,0.00499999988824129,up,2026-08-11T09:33:07,0.0,1.0
AAPL,2026-12-18,86,Call,40.0,AAPL261218C00040000,298.15,301.6,299.875,269.37,0.0,0.0,0.0,4.0,0.0,1.0,0.0,0.0001,0.0,0.0524,300.0392,0.0,0.0,0.0,299.199996948242,up,2026-08-25T15:26:10,75.0,84.0
AAPL,2026-12-18,86,Put,40.0,AAPL261218P00040000,0.0,0.01,0.005,0.04,0.0,0.0,0.0,330.0,1.2865,0.0,0.0,0.0002,-0.0001,0.0,0.0015,0.0,0.0,0.0,0.135000005364418,up,2026-08-31T09:30:02,0.0,5.0
AAPL,2026-12-18,86,Call,45.0,AAPL261218C00045000,293.35,296.65,295.0,254.68,0.0,0.0,0.0,50.0,0.0,1.0,0.0,0.0002,0.0,0.0592,295.0691,0.0,0.0,0.0,294.724990844727,up,2026-06-22T14:35:05,89.0,84.0
AAPL,2026-12-18,86,Put,45.0,AAPL261218P00045000,0.0,0.52,0.26,0.12,0.0,0.0,0.0,652.0,1.7371,0.0,0.0,0.0003,-0.0002,0.0,0.0019,0.0,0.0,0.0,0.259999990463257,no_change,2026-07-16T14:24:26,0.0,207.0
AAPL,2026-12-18,86,Call,50.0,AAPL261218C00050000,288.4,291.7,290.04999999999995,288.85,0.0,0.0,0.0,2002.0,0.0,0.9999,0.0,0.0003,0.0,0.0662,290.0993,0.0,0.0,0.0,289.450012207031,up,2026-09-21T14:27:41,183.0,187.0
AAPL,2026-12-18,86,Put,50.0,AAPL261218P00050000,0.0,0.01,0.005,0.01,0.0,0.0,0.0,7640.0,1.152,-0.0001,0.0,0.0004,-0.0002,0.0,0.0024,0.0,0.0,0.0,0.00999999977648258,no_change,2026-08-24T15:56:28,0.0,5.0
AAPL,2026-12-18,86,Call,60.0,AAPL261218C00060000,278.45,281.8,280.125,247.25,0.0,0.0,0.0,262.0,0.0,0.9998,0.0,0.0006,0.0,0.1022,280.1632,0.0,0.0,0.0,279.574996948242,up,2026-08-11T10:27:27,95.0,85.0
AAPL,2026-12-18,86,Put,60.0,AAPL261218P00060000,0.0,0.01,0.005,0.01,0.0,0.0,0.0,3908.0,1.0431,-0.0001,0.0,0.0006,-0.0003,-0.0001,0.0036,0.0,0.0,0.0,0.00499999988824129,no_change,2026-09-10T12:39:23,0.0,11.0
AAPL,2026-12-18,86,Call,70.0,AAPL261218C00070000,269.55,271.9,270.725,266.36,0.0,0.0,0.0,2373.0,1.4651,0.9997,0.0,0.0009,0.0,0.1658,270.2594,0.0,0.0,0.0,269.474990844727,up,2026-09-17T14:40:23,70.0,85.0
AAPL,2026-12-18,86,Put,70.0,AAPL261218P00070000,0.0,0.03,0.015,0.01,0.0,0.0,0.0,435.0,1.0305,-0.0001,0.0,0.0008,-0.0004,-0.0001,0.0052,0.0,0.0,0.0,0.0149999996647239,down,2026-09-01T10:03:08,0.0,1.0
AAPL,2026-12-18,86,Call,80.0,AAPL261218C00080000,258.7,261.95,260.325,234.77,0.0,0.0,0.0,367.0,0.0,0.9996,0.0,0.0012,0.0,0.1949,260.3726,0.0,0.0,0.0,259.925003051758,up,2026-08-31T13:32:44,89.0,85.0
AAPL,2026-12-18,86,Put,80.0,AAPL261218P00080000,0.0,0.03,0.015,0.03,0.0,0.0,0.0,3440.0,0.9452,-0.0002,0.0,0.0012,-0.0006,-0.0002,0.0072,0.0,0.0,0.0,0.0149999996647239,up,2026-09-17T14:47:38,0.0,1.0
AAPL,2026-12-18,86,Call,85.0,AAPL261218C00085000,253.8,257.05,255.425,228.7,0.0,0.0,0.0,605.0,0.8121,0.9996,0.0,0.0014,0.0,0.2072,255.4304,0.0,0.0,0.0,254.675003051758,down,2026-08-06T15:44:31,90.0,85.0
AAPL,2026-12-18,86,Put,85.0,AAPL261218P00085000,0.0,0.03,0.015,0.09,0.0,0.0,0.0,229.0,0.9065,-0.0002,0.0,0.0014,-0.0007,-0.0002,0.0085,0.0,0.0,0.0,0.0149999996647239,down,2026-06-23T10:53:20,0.0,1.0
AAPL,2026-12-18,86,Call,90.0,AAPL261218C00090000,248.7,252.1,250.39999999999998,236.72,0.0,0.0,0.0,477.0,0.0,0.9995,0.0,0.0017,0.0,0.2194,250.4876,0.0,0.0,0.0,249.849998474121,down,2026-09-02T13:17:18,90.0,85.0
AAPL,2026-12-18,86,Put,90.0,AAPL261218P00090000,0.0,0.1,0.05,0.03,0.0,0.0,0.0,1774.0,0.9644,-0.0003,0.0,0.0017,-0.0008,-0.0002,0.01,0.0,0.0,0.0,0.025000000372529,down,2026-08-14T14:53:54,0.0,1.0
AAPL,2026-12-18,86,Call,95.0,AAPL261218C00095000,243.85,247.15,245.5,211.1,0.0,0.0,0.0,100.0,0.0,0.9994,0.0,0.002,0.0,0.2315,245.5455,0.0,0.0,0.0,245.125,down,2026-08-03T15:41:05,168.0,149.0
AAPL,2026-12-18,86,Put,95.0,AAPL261218P00095000,0.0,0.03,0.015,0.01,0.0,0.0,0.0,2535.0,0.8358,-0.0003,0.0,0.002,-0.0009,-0.0003,0.0117,0.0,0.0,0.0,0.0149999996647239,down,2026-09-15T15:36:49,0.0,1.0
AAPL,2026-12-18,86,Call,100.0,AAPL261218C00100000,238.95,241.7,240.325,237.84,0.0,0.0,0.0,3253.0,0.0,0.9994,0.0,0.0023,0.0,0.2436,240.6036,0.0,0.0,0.0,240.099998474121,up,2026-09-17T15:27:07,172.0,144.0
AAPL,2026-12-18,86,Put,100.0,AAPL261218P00100000,0.0,0.01,0.005,0.01,0.005,100.0,1.0,1818.0,0.7413,-0.0004,0.0,0.0023,-0.001,-0.0003,0.0135,0.01,0.01,0.01,0.00499999988824129,no_change,2026-09-22T14:43:16,0.0,5.0
AAPL,2026-12-18,86,Call,105.0,AAPL261218C00105000,233.95,237.3,235.625,200.97,0.0,0.0,0.0,175.0,0.0,0.9993,0.0,0.0027,0.0,0.2558,235.6619,0.0,0.0,0.0,235.375,down,2026-08-13T15:51:32,172.0,148.0
AAPL,2026-12-18,86,Put,105.0,AAPL261218P00105000,0.0,0.11,0.055,0.02,0.0,0.0,0.0,1844.0,0.8638,-0.0005,0.0,0.0027,-0.0011,-0.0004,0.0157,0.0,0.0,0.0,0.0599999986588955,no_change,2026-09-18T13:16:24,0.0,10.0
AAPL,2026-12-18,86,Call,110.0,AAPL261218C00110000,229.0,232.35,230.675,233.0,0.0,0.0,0.0,523.0,0.0,0.9992,0.0,0.0032,0.0,0.2679,230.7205,0.0,0.0,0.0,230.125,up,2026-07-29T13:00:56,84.0,85.0
AAPL,2026-12-18,86,Put,110.0,AAPL261218P00110000,0.0,0.25,0.125,0.04,0.0,0.0,0.0,2171.0,0.9032,-0.0005,0.0,0.0032,-0.0013,-0.0005,0.0181,0.0,0.0,0.0,0.0700000002980232,no_change,2026-09-21T13:16:54,0.0,444.0
AAPL,2026-12-18,86,Call,115.0,AAPL261218C00115000,224.05,227.4,225.72500000000002,191.17,0.0,0.0,0.0,330.0,0.0,0.9992,0.0,0.0037,0.0,0.28,225.7795,0.0,0.0,0.0,225.174995422363,down,2026-08-13T15:51:32,84.0,85.0
AAPL,2026-12-18,86,Put,115.0,AAPL261218P00115000,0.0,0.52,0.26,0.03,0.0,0.0,0.0,1400.0,0.9461,-0.0006,0.0,0.0037,-0.0014,-0.0005,0.0209,0.0,0.0,0.0,0.234999999403954,no_change,2026-09-08T11:45:32,0.0,120.0
AAPL,2026-12-18,86,Call,120.0,AAPL261218C00120000,219.15,222.45,220.8,213.99,0.0,0.0,0.0,1311.0,0.0,0.999,0.0,0.0042,0.0,0.2921,220.8388,0.0,0.0,0.0,220.424995422363,no_change,2026-09-11T15:04:58,84.0,85.0
AAPL,2026-12-18,86,Put,120.0,AAPL261218P00120000,0.01,0.05,0.030000000000000002,0.02,0.0,0.0,0.0,1572.0,0.729,-0.0007,0.0,0.0042,-0.0016,-0.0006,0.024,0.0,0.0,0.0,0.0300000002607703,no_change,2026-09-17T14:48:01,40.0,1.0
AAPL,2026-12-18,86,Call,125.0,AAPL261218C00125000,214.2,217.5,215.85,209.31,0.0,0.0,0.0,460.0,0.0,0.9989,0.0,0.0049,0.0,0.3041,215.8985,0.0,0.0,0.0,215.599998474121,no_change,2026-09-11T15:07:38,89.0,85.0
AAPL,2026-12-18,86,Put,125.0,AAPL261218P00125000,0.0,0.27,0.135,0.04,0.0,0.0,0.0,3289.0,0.813,-0.0008,0.0,0.0049,-0.0018,-0.0007,0.0276,0.0,0.0,0.0,0.135000005364418,up,2026-09-08T09:46:46,0.0,97.0
AAPL,2026-12-18,86,Call,130.0,AAPL261218C00130000,209.2,212.55,210.875,184.95,0.0,0.0,0.0,1382.0,0.0,0.9988,0.0,0.0056,0.0,0.3162,210.9587,0.0,0.0,0.0,210.325004577637,down,2026-09-09T10:55:26,173.0,165.0
AAPL,2026-12-18,86,Put,130.0,AAPL261218P00130000,0.0,0.08,0.04,0.05,0.0,0.0,0.0,1210.0,0.6928,-0.001,0.0,0.0057,-0.002,-0.0008,0.0318,0.0,0.0,0.0,0.0399999991059303,up,2026-09-04T09:43:04,0.0,1.0
AAPL,2026-12-18,86,Call,135.0,AAPL261218C00135000,204.3,207.6,205.95,211.11,5.385,2.61757,2.0,696.0,0.0,0.9986,0.0,0.0064,0.0,0.3282,206.0194,206.87,211.11,206.87,205.724998474121,up,2026-09-22T09:33:35,169.0,149.0
AAPL,2026-12-18,86,Put,135.0,AAPL261218P00135000,0.01,0.08,0.045,0.08,-0.03,-27.2727,2.0,2510.0,0.6743,-0.0012,0.0,0.0065,-0.0023,-0.001,0.0364,0.08,0.08,0.08,0.109999996609986,no_change,2026-09-22T10:40:49,1.0,10.0
AAPL,2026-12-18,86,Call,140.0,AAPL261218C00140000,199.3,202.65,200.97500000000002,201.02,0.545,0.271855,2.0,1084.0,0.0,0.9984,0.0,0.0074,0.0,0.3402,201.0807,201.02,201.02,201.02,200.474998474121,no_change,2026-09-22T10:25:04,179.0,148.0
AAPL,2026-12-18,86,Put,140.0,AAPL261218P00140000,0.01,0.1,0.055,0.04,-0.015,-27.2727,3.0,1357.0,0.6617,-0.0014,0.0,0.0075,-0.0025,-0.0011,0.0416,0.1,0.1,0.04,0.0550000006332994,down,2026-09-22T10:31:17,1.0,10.0
AAPL,2026-12-18,86,Call,145.0,AAPL261218C00145000,194.45,197.7,196.075,199.05,3.8,1.94622,3.0,444.0,0.0,0.9982,0.0,0.0084,0.0,0.3522,196.1427,199.48,199.48,199.05,195.25,no_change,2026-09-22T11:55:07,170.0,165.0
AAPL,2026-12-18,86,Put,145.0,AAPL261218P00145000,0.0,0.32,0.16,0.11,0.0,0.0,0.0,1080.0,0.7133,-0.0015,0.0,0.0085,-0.0028,-0.0013,0.047,0.0,0.0,0.0,0.119999997317791,no_change,2026-09-21T12:32:16,0.0,207.0
AAPL,2026-12-18,86,Call,150.0,AAPL261218C00150000,189.55,192.25,190.9,195.0,4.5,2.3622,1.0,414.0,0.0,0.998,0.0001,0.0096,0.0,0.3642,191.2054,195.0,195.0,195.0,190.5,up,2026-09-22T09:31:44,161.0,153.0
AAPL,2026-12-18,86,Put,150.0,AAPL261218P00150000,0.01,0.1,0.055,0.04,-0.045,-52.9412,2.0,2181.0,0.6133,-0.0018,0.0001,0.0097,-0.0032,-0.0015,0.054,0.1,0.1,0.04,0.084999998100102,down,2026-09-22T10:52:10,1.0,28.0
AAPL,2026-12-18,86,Call,155.0,AAPL261218C00155000,184.55,187.85,186.2,186.26,0.835,0.450319,4.0,254.0,0.0,0.9977,0.0001,0.011,0.0,0.3762,186.2689,187.21,191.32,186.25,185.424995422363,up,2026-09-22T10:25:04,188.0,171.0
AAPL,2026-12-18,86,Put,155.0,AAPL261218P00155000,0.0,0.21,0.105,0.14,0.08,133.333,2.0,766.0,0.6312,-0.0021,0.0001,0.0111,-0.0035,-0.0017,0.0609,0.14,0.14,0.14,0.0599999986588955,up,2026-09-22T15:47:27,0.0,161.0
AAPL,2026-12-18,86,Call,160.0,AAPL261218C00160000,179.75,182.9,181.325,181.49,0.79,0.43719,5.0,450.0,0.5742,0.9974,0.0001,0.0125,0.0,0.3881,181.3334,184.75,184.75,181.49,180.699996948242,down,2026-09-22T15:53:52,183.0,164.0
AAPL,2026-12-18,86,Put,160.0,AAPL261218P00160000,0.01,0.12,0.065,0.05,-0.01,-16.6667,38.0,3045.0,0.578,-0.0024,0.0001,0.0126,-0.0039,-0.002,0.0692,0.06,0.06,0.04,0.0599999995902181,no_change,2026-09-22T09:44:33,40.0,39.0
AAPL,2026-12-18,86,Call,165.0,AAPL261218C00165000,174.7,177.95,176.325,175.0,0.0,0.0,0.0,523.0,0.4417,0.9971,0.0001,0.0142,0.0,0.3999,176.3993,0.0,0.0,0.0,175.775001525879,up,2026-09-21T11:48:24,184.0,157.0
AAPL,2026-12-18,86,Put,165.0,AAPL261218P00165000,0.05,0.11,0.08,0.05,-0.035,-41.1765,80.0,1928.0,0.568,-0.0027,0.0001,0.0142,-0.0043,-0.0023,0.0786,0.05,0.05,0.05,0.0849999990314245,down,2026-09-22T10:28:06,1.0,12.0
AAPL,2026-12-18,86,Call,170.0,AAPL261218C00170000,170.25,172.8,171.525,170.13,0.0,0.0,0.0,925.0,0.5848,0.9966,0.0001,0.0161,0.0,0.4118,171.4657,0.0,0.0,0.0,170.5,up,2026-09-21T12:14:50,175.0,157.0
AAPL,2026-12-18,86,Put,170.0,AAPL261218P00170000,0.05,0.12,0.08499999999999999,0.12,0.035,41.1765,38.0,2606.0,0.5498,-0.0031,0.0001,0.0162,-0.0048,-0.0026,0.0892,0.14,0.14,0.11,0.0849999990314245,no_change,2026-09-22T09:44:33,1.0,10.0
AAPL,2026-12-18,86,Call,175.0,AAPL261218C00175000,164.9,168.05,166.47500000000002,166.45,0.525,0.316411,4.0,733.0,0.4928,0.9962,0.0001,0.0183,0.0,0.4235,166.5337,167.38,167.38,166.45,165.924995422363,no_change,2026-09-22T15:56:46,192.0,167.0
AAPL,2026-12-18,86,Put,175.0,AAPL261218P00175000,0.05,0.15,0.1,0.15,0.06,66.6667,1.0,2417.0,0.5379,-0.0036,0.0001,0.0184,-0.0052,-0.003,0.1011,0.15,0.15,0.15,0.0899999979883432,up,2026-09-22T10:07:35,2.0,36.0
AAPL,2026-12-18,86,Call,180.0,AAPL261218C00180000,159.85,163.15,161.5,163.74,2.84,1.76507,4.0,744.0,0.42,0.9956,0.0001,0.0207,0.0,0.4352,161.6037,162.52,166.61,162.52,160.900001525879,down,2026-09-22T13:33:43,189.0,163.0
AAPL,2026-12-18,86,Put,180.0,AAPL261218P00180000,0.02,0.16,0.09,0.08,0.0,3.39933e-06,2.0,3363.0,0.5111,-0.0041,0.0001,0.0209,-0.0058,-0.0035,0.1147,0.12,0.12,0.08,0.0799999972805381,down,2026-09-22T10:08:28,5.0,56.0
AAPL,2026-12-18,86,Call,185.0,AAPL261218C00185000,154.9,158.2,156.55,150.13,0.0,0.0,0.0,947.0,0.3769,0.995,0.0002,0.0234,0.0,0.4469,156.6751,0.0,0.0,0.0,156.099998474121,no_change,2026-09-11T15:07:38,227.0,167.0
AAPL,2026-12-18,86,Put,185.0,AAPL261218P00185000,0.02,0.19,0.105,0.09,-0.03,-25.0,25.0,1789.0,0.4993,-0.0048,0.0002,0.0235,-0.0064,-0.004,0.13,0.08,0.09,0.08,0.119999997317791,no_change,2026-09-22T13:28:22,118.0,232.0
AAPL,2026-12-18,86,Call,190.0,AAPL261218C00190000,150.1,153.25,151.675,151.68,0.83,0.550216,73.0,612.0,0.4614,0.9944,0.0002,0.0265,0.0,0.4585,151.7481,153.0,153.0,151.68,150.849998474121,no_change,2026-09-22T15:56:46,215.0,166.0
AAPL,2026-12-18,86,Put,190.0,AAPL261218P00190000,0.1,0.21,0.155,0.13,-0.005,-3.7037,29.0,2744.0,0.5012,-0.0055,0.0002,0.0266,-0.0071,-0.0046,0.1473,0.15,0.15,0.1,0.135000001639128,no_change,2026-09-22T13:28:22,1.0,172.0
AAPL,2026-12-18,86,Call,195.0,AAPL261218C00195000,145.15,148.35,146.75,145.84,0.0,0.0,0.0,1120.0,0.4536,0.9936,0.0002,0.0299,0.0,0.47,146.8237,0.0,0.0,0.0,145.900001525879,up,2026-09-21T14:37:05,180.0,161.0
AAPL,2026-12-18,86,Put,195.0,AAPL261218P00195000,0.05,0.23,0.14,0.14,0.005,3.7037,35.0,1752.0,0.4752,-0.0063,0.0002,0.0301,-0.0078,-0.0052,0.1668,0.16,0.18,0.14,0.135000005364418,down,2026-09-22T14:58:08,149.0,240.0
AAPL,2026-12-18,86,Call,200.0,AAPL261218C00200000,140.2,142.95,141.575,142.77,1.47,1.04034,60.0,8853.0,0.0,0.9926,0.0002,0.0338,0.0,0.4813,141.9019,142.87,146.83,142.15,141.300003051758,down,2026-09-22T14:50:28,240.0,177.0
AAPL,2026-12-18,86,Put,200.0,AAPL261218P00200000,0.1,0.25,0.175,0.15,-0.055,-26.8293,76.0,12103.0,0.4682,-0.0072,0.0002,0.0341,-0.0086,-0.006,0.1889,0.22,0.22,0.15,0.204999998211861,no_change,2026-09-22T13:37:56,138.0,249.0
AAPL,2026-12-18,86,Call,205.0,AAPL261218C00205000,135.3,138.45,136.875,136.87,0.47,0.344574,3.0,178.0,0.4225,0.9916,0.0003,0.0382,0.0,0.4926,136.9831,136.64,136.87,136.64,136.400001525879,no_change,2026-09-22T15:56:46,159.0,138.0
AAPL,2026-12-18,86,Put,205.0,AAPL261218P00205000,0.12,0.3,0.21,0.22,-0.015,-6.38298,1.0,833.0,0.459,-0.0082,0.0003,0.0383,-0.0094,-0.0069,0.2142,0.22,0.22,0.22,0.234999999403954,no_change,2026-09-22T14:58:08,7.0,224.0
AAPL,2026-12-18,86,Call,210.0,AAPL261218C00210000,130.35,133.1,131.725,135.12,3.92,2.98781,25.0,5594.0,0.0,0.9904,0.0003,0.043,0.0,0.5037,132.0677,137.3,137.3,131.99,131.199996948242,no_change,2026-09-22T11:55:07,240.0,153.0
AAPL,2026-12-18,86,Put,210.0,AAPL261218P00210000,0.15,0.34,0.245,0.21,-0.025,-10.6383,4.0,3695.0,0.4485,-0.0094,0.0003,0.0432,-0.0104,-0.0079,0.2427,0.21,0.21,0.21,0.234999999403954,down,2026-09-22T14:24:17,56.0,324.0
AAPL,2026-12-18,86,Call,215.0,AAPL261218C00215000,125.45,128.3,126.875,126.02,0.0,0.0,0.0,765.0,0.0,0.989,0.0004,0.0485,0.0,0.5147,127.1561,0.0,0.0,0.0,126.549999237061,no_change,2026-09-21T13:09:02,156.0,183.0
AAPL,2026-12-18,86,Put,215.0,AAPL261218P00215000,0.2,0.38,0.29000000000000004,0.26,-0.035,-11.8644,14.0,1472.0,0.439,-0.0108,0.0004,0.049,-0.0114,-0.0091,0.2752,0.33,0.33,0.26,0.295000001788139,no_change,2026-09-22T12:34:45,15.0,269.0
AAPL,2026-12-18,86,Call,220.0,AAPL261218C00220000,120.55,123.75,122.15,122.14,0.59,0.485398,4.0,3075.0,0.4024,0.9874,0.0004,0.0548,0.0,0.5255,122.2492,125.07,125.07,122.14,121.549999237061,no_change,2026-09-22T15:56:46,197.0,159.0
AAPL,2026-12-18,86,Put,220.0,AAPL261218P00220000,0.23,0.34,0.28500000000000003,0.28,-0.055,-16.4179,18.0,7460.0,0.4197,-0.0125,0.0005,0.0551,-0.0126,-0.0104,0.3126,0.32,0.37,0.27,0.33500000834465,up,2026-09-22T12:38:31,63.0,83.0
AAPL,2026-12-18,86,Call,225.0,AAPL261218C00225000,115.65,118.9,117.275,120.5,4.05,3.47789,5.0,385.0,0.3991,0.9856,0.0005,0.0617,0.0,0.536,117.3479,117.29,120.67,117.29,116.450000762939,no_change,2026-09-22T11:55:07,164.0,140.0
AAPL,2026-12-18,86,Put,225.0,AAPL261218P00225000,0.29,0.39,0.33999999999999997,0.31,-0.08,-20.5128,10.0,3920.0,0.4107,-0.0143,0.0005,0.062,-0.0138,-0.0119,0.3554,0.35,0.35,0.31,0.390000000596046,down,2026-09-22T14:24:59,22.0,33.0
AAPL,2026-12-18,86,Call,230.0,AAPL261218C00230000,110.75,113.6,112.175,112.63,1.08,0.968176,10.0,4767.0,0.3423,0.9834,0.0006,0.0696,0.0,0.5463,112.453,113.0,114.41,112.63,111.549999237061,down,2026-09-22T15:53:52,228.0,157.0
AAPL,2026-12-18,86,Put,230.0,AAPL261218P00230000,0.35,0.44,0.395,0.38,-0.085,-18.2796,11.0,9106.0,0.3997,-0.0165,0.0006,0.07,-0.0152,-0.0137,0.4046,0.43,0.43,0.37,0.464999988675118,up,2026-09-22T12:14:18,26.0,32.0
AAPL,2026-12-18,86,Call,235.0,AAPL261218C00235000,106.05,108.6,107.32499999999999,104.97,0.0,0.0,0.0,568.0,0.35,0.9809,0.0007,0.0787,0.0,0.5563,107.5659,0.0,0.0,0.0,106.875,up,2026-09-21T10:51:15,184.0,120.0
AAPL,2026-12-18,86,Put,235.0,AAPL261218P00235000,0.4,0.59,0.495,0.45,-0.08,-15.0943,21.0,4087.0,0.3944,-0.019,0.0007,0.0793,-0.0167,-0.0158,0.4619,0.52,0.52,0.45,0.530000001192093,no_change,2026-09-22T14:26:07,12.0,230.0
AAPL,2026-12-18,86,Call,240.0,AAPL261218C00240000,101.1,104.2,102.65,104.2,2.35,2.30732,4.0,5334.0,0.3746,0.978,0.0008,0.0889,-0.0002,0.5659,102.6885,104.2,104.2,104.2,101.849998474121,up,2026-09-22T09:57:56,217.0,205.0
AAPL,2026-12-18,86,Put,240.0,AAPL261218P00240000,0.48,0.66,0.5700000000000001,0.54,-0.085,-13.6,46.0,10965.0,0.384,-0.022,0.0008,0.0893,-0.0184,-0.0181,0.5292,0.63,0.64,0.5,0.625,up,2026-09-22T14:53:08,81.0,182.0
AAPL,2026-12-18,86,Call,245.0,AAPL261218C00245000,96.15,99.35,97.75,98.0,0.95,0.978874,2.0,439.0,0.3609,0.9745,0.001,0.1004,-0.003,0.5751,97.8229,98.67,98.67,98.0,97.0500030517578,down,2026-09-22T15:53:52,207.0,190.0
AAPL,2026-12-18,86,Put,245.0,AAPL261218P00245000,0.56,0.62,0.5900000000000001,0.6,-0.1,-14.2857,26.0,3712.0,0.367,-0.0255,0.001,0.101,-0.0203,-0.021,0.608,0.66,0.71,0.6,0.699999988079071,down,2026-09-22T13:52:49,28.0,8.0
AAPL,2026-12-18,86,Call,250.0,AAPL261218C00250000,91.3,94.5,92.9,93.77,1.395,1.51015,263.0,14941.0,0.3519,0.9705,0.0011,0.1138,-0.0059,0.5836,92.972,95.72,97.84,92.48,92.375,down,2026-09-22T14:52:07,242.0,203.0
AAPL,2026-12-18,86,Put,250.0,AAPL261218P00250000,0.68,0.82,0.75,0.69,-0.145,-17.3653,615.0,26943.0,0.363,-0.0296,0.0011,0.1148,-0.0224,-0.0244,0.702,0.77,0.81,0.67,0.83500000834465,no_change,2026-09-22T15:41:21,57.0,222.0
AAPL,2026-12-18,86,Call,255.0,AAPL261218C00255000,86.45,89.2,87.825,87.7,0.45,0.515759,204.0,4695.0,0.3199,0.9656,0.0013,0.129,-0.0091,0.5915,88.1395,90.86,92.96,87.7,87.25,no_change,2026-09-22T10:16:07,254.0,177.0
AAPL,2026-12-18,86,Put,255.0,AAPL261218P00255000,0.69,0.86,0.7749999999999999,0.79,-0.16,-16.8421,36.0,7019.0,0.3494,-0.0345,0.0013,0.1297,-0.0248,-0.0283,0.8147,0.9,0.9,0.79,0.950000017881394,down,2026-09-22T13:02:31,40.0,57.0
AAPL,2026-12-18,86,Call,260.0,AAPL261218C00260000,81.55,84.85,83.19999999999999,83.87,1.47,1.78398,130.0,7169.0,0.3301,0.9598,0.0015,0.1464,-0.0126,0.5986,83.3299,86.0,86.0,83.19,82.3999977111816,up,2026-09-22T14:52:07,229.0,207.0
AAPL,2026-12-18,86,Put,260.0,AAPL261218P00260000,0.94,1.01,0.975,0.95,-0.145,-13.242,190.0,13886.0,0.3415,-0.0404,0.0015,0.1479,-0.0275,-0.0331,0.9501,1.02,1.05,0.94,1.09500002861023,no_change,2026-09-22T13:57:57,1.0,87.0
AAPL,2026-12-18,86,Call,265.0,AAPL261218C00265000,76.95,80.0,78.475,80.45,2.575,3.30658,87.0,2437.0,0.3262,0.9529,0.0018,0.1665,-0.0165,0.6046,78.5489,83.89,83.89,78.34,77.875,down,2026-09-22T15:10:50,289.0,178.0
AAPL,2026-12-18,86,Put,265.0,AAPL261218P00265000,0.96,1.24,1.1,1.12,-0.175,-13.5135,35.0,4097.0,0.3336,-0.0474,0.0018,0.1676,-0.0305,-0.0387,1.1156,1.2,1.22,1.07,1.2950000166893,up,2026-09-22T15:54:10,36.0,45.0
AAPL,2026-12-18,86,Call,270.0,AAPL261218C00270000,72.55,74.8,73.675,75.55,2.35,3.21038,20.0,7117.0,0.3154,0.9446,0.0021,0.1891,-0.0207,0.6095,73.8037,75.28,75.73,73.95,73.2000007629394,up,2026-09-22T14:23:45,243.0,192.0
AAPL,2026-12-18,86,Put,270.0,AAPL261218P00270000,1.25,1.47,1.3599999999999999,1.34,-0.175,-11.5512,48.0,8848.0,0.325,-0.0558,0.0021,0.1905,-0.0339,-0.0455,1.3163,1.42,1.47,1.24,1.51500004529953,up,2026-09-22T15:42:50,29.0,63.0
AAPL,2026-12-18,86,Call,275.0,AAPL261218C00275000,68.05,70.05,69.05,69.2,0.725,1.05878,139.0,2296.0,0.3123,0.9347,0.0024,0.2151,-0.0254,0.6128,69.1025,69.08,72.11,68.65,68.4750022888184,down,2026-09-22T15:29:26,157.0,139.0
AAPL,2026-12-18,86,Put,275.0,AAPL261218P00275000,1.5,1.7,1.6,1.55,-0.19,-10.9195,51.0,8700.0,0.3166,-0.0659,0.0024,0.217,-0.0378,-0.0536,1.5627,1.65,1.71,1.47,1.74000000953674,up,2026-09-22T15:47:46,100.0,212.0
AAPL,2026-12-18,86,Call,280.0,AAPL261218C00280000,63.25,65.45,64.35,65.0,1.15,1.8011,39.0,6877.0,0.303,0.9229,0.0028,0.2439,-0.0304,0.6144,64.4557,67.5,67.75,65.0,63.8499984741211,no_change,2026-09-22T14:50:40,247.0,201.0
AAPL,2026-12-18,86,Put,280.0,AAPL261218P00280000,1.78,1.98,1.88,1.8,-0.295,-14.0811,83.0,19454.0,0.3082,-0.0779,0.0029,0.2459,-0.0421,-0.0631,1.8634,1.95,1.96,1.73,2.09500002861023,down,2026-09-22T15:41:22,63.0,63.0
AAPL,2026-12-18,86,Call,285.0,AAPL261218C00285000,58.9,60.9,59.9,59.03,0.0,0.0,0.0,2542.0,0.3017,0.9088,0.0033,0.2763,-0.0359,0.614,59.8742,0.0,0.0,0.0,58.9750003814697,up,2026-09-21T13:29:22,149.0,156.0
AAPL,2026-12-18,86,Put,285.0,AAPL261218P00285000,2.1,2.4,2.25,2.17,-0.265,-10.883,123.0,3574.0,0.3014,-0.0922,0.0033,0.279,-0.0468,-0.0744,2.2319,2.29,2.37,2.05,2.43499994277954,up,2026-09-22T14:56:59,38.0,34.0
AAPL,2026-12-18,86,Call,290.0,AAPL261218C00290000,54.6,56.4,55.5,57.85,3.35,6.14679,5.0,14745.0,0.2986,0.8922,0.0038,0.3115,-0.0417,0.6112,55.3721,56.82,58.63,55.75,54.5,up,2026-09-22T12:15:55,132.0,154.0
AAPL,2026-12-18,86,Put,290.0,AAPL261218P00290000,2.54,2.76,2.65,2.6,-0.285,-9.87868,67.0,8029.0,0.2935,-0.1091,0.0038,0.3142,-0.0519,-0.0876,2.6798,2.72,2.78,2.42,2.88499999046326,down,2026-09-22T15:43:52,39.0,26.0
AAPL,2026-12-18,86,Call,295.0,AAPL261218C00295000,50.45,51.95,51.2,50.26,0.035,0.0696857,7.0,3522.0,0.2962,0.8729,0.0043,0.3498,-0.0479,0.6059,50.9632,51.93,54.12,50.26,50.2250003814697,down,2026-09-22T15:38:05,20.0,136.0
AAPL,2026-12-18,86,Put,295.0,AAPL261218P00295000,3.15,3.4,3.275,3.26,-0.215,-6.18705,265.0,4914.0,0.2901,-0.1289,0.0044,0.3529,-0.0573,-0.1029,3.2246,3.15,3.46,2.9,3.47499990463257,up,2026-09-22T15:57:38,10.0,47.0
AAPL,2026-12-18,86,Call,300.0,AAPL261218C00300000,46.15,47.3,46.724999999999994,46.75,0.475,1.02647,151.0,24398.0,0.2855,0.8504,0.0049,0.3898,-0.0542,0.5978,46.6645,47.25,51.0,46.75,46.2749996185303,down,2026-09-22T15:58:35,12.0,46.0
AAPL,2026-12-18,86,Put,300.0,AAPL261218P00300000,3.7,4.05,3.875,3.93,-0.195,-4.72727,261.0,17522.0,0.2838,-0.1518,0.005,0.3935,-0.063,-0.1208,3.8795,4.0,4.1,3.45,4.125,no_change,2026-09-22T15:59:24,10.0,10.0
AAPL,2026-12-18,86,Call,305.0,AAPL261218C00305000,41.5,42.8,42.15,43.39,1.265,3.00297,47.0,5239.0,0.2702,0.8247,0.0056,0.4318,-0.0607,0.5864,42.4923,42.7,45.35,42.7,42.125,no_change,2026-09-22T14:18:01,182.0,24.0
AAPL,2026-12-18,86,Put,305.0,AAPL261218P00305000,4.55,4.9,4.725,4.74,-0.16,-3.26531,677.0,4226.0,0.2802,-0.1781,0.0057,0.4348,-0.0688,-0.1404,4.6668,4.46,4.95,4.15,4.90000009536743,no_change,2026-09-22T15:58:28,6.0,11.0
AAPL,2026-12-18,86,Call,310.0,AAPL261218C00310000,37.75,39.1,38.425,38.62,0.67,1.76548,108.0,7004.0,0.2729,0.7956,0.0062,0.4734,-0.067,0.5721,38.4651,38.78,41.5,38.03,37.9499988555908,down,2026-09-22T15:29:17,31.0,70.0
AAPL,2026-12-18,86,Put,310.0,AAPL261218P00310000,5.55,5.8,5.675,5.67,-0.18,-3.07693,670.0,12988.0,0.2753,-0.2079,0.0064,0.4791,-0.0745,-0.1623,5.5996,5.6,5.9,4.99,5.85000014305115,no_change,2026-09-22T15:59:16,5.0,22.0
AAPL,2026-12-18,86,Call,315.0,AAPL261218C00315000,33.9,35.0,34.45,34.4,0.375,1.10213,12.0,4502.0,0.2665,0.7631,0.0069,0.5146,-0.0731,0.5542,34.6011,35.05,37.2,34.4,34.0249996185303,no_change,2026-09-22T15:45:10,28.0,1.0
AAPL,2026-12-18,86,Put,315.0,AAPL261218P00315000,6.7,6.9,6.800000000000001,6.82,-0.205,-2.91815,538.0,3346.0,0.2714,-0.2413,0.007,0.5186,-0.08,-0.1866,6.7019,6.52,7.05,5.99,7.02499985694885,no_change,2026-09-22T15:58:28,2.0,6.0
AAPL,2026-12-18,86,Call,320.0,AAPL261218C00320000,30.35,32.2,31.275000000000002,30.73,0.18,0.589197,102.0,10968.0,0.2629,0.7272,0.0075,0.5532,-0.0787,0.5332,30.9176,31.17,35.0,30.64,30.5500001907349,up,2026-09-22T15:58:45,9.0,71.0
AAPL,2026-12-18,86,Put,320.0,AAPL261218P00320000,7.95,8.2,8.075,8.1,-0.175,-2.1148,490.0,3402.0,0.2675,-0.2783,0.0077,0.5573,-0.085,-0.2129,7.9914,8.02,8.3,7.05,8.27500009536743,no_change,2026-09-22T15:56:56,5.0,5.0
AAPL,2026-12-18,86,Call,325.0,AAPL261218C00325000,26.75,28.0,27.375,27.29,0.165,0.608295,124.0,6768.0,0.2609,0.6881,0.0081,0.5879,-0.0835,0.509,27.4329,29.0,31.15,27.0,27.125,up,2026-09-22T15:58:06,56.0,75.0
AAPL,2026-12-18,86,Put,325.0,AAPL261218P00325000,9.35,9.8,9.575,9.55,-0.275,-2.79898,127.0,3167.0,0.2634,-0.3186,0.0084,0.5916,-0.0893,-0.2403,9.4817,9.01,9.9,8.55,9.82499980926514,up,2026-09-22T15:54:10,17.0,30.0
AAPL,2026-12-18,86,Call,330.0,AAPL261218C00330000,23.85,24.55,24.200000000000003,24.15,0.3,1.25786,370.0,18680.0,0.2591,0.6462,0.0086,0.6175,-0.0875,0.4817,24.1616,24.42,26.8,23.65,23.8500003814697,up,2026-09-22T15:59:35,38.0,18.0
AAPL,2026-12-18,86,Put,330.0,AAPL261218P00330000,11.2,11.55,11.375,11.1,-0.475,-4.10367,217.0,2286.0,0.2614,-0.3619,0.0089,0.6198,-0.0928,-0.2686,11.1961,10.3,11.61,10.0,11.5749998092651,up,2026-09-22T15:17:12,6.0,63.0
AAPL,2026-12-18,86,Call,335.0,AAPL261218C00335000,20.7,21.35,21.025,20.97,0.02,0.0954617,197.0,7532.0,0.2532,0.602,0.0091,0.6402,-0.0904,0.4522,21.1177,23.2,25.55,20.68,20.9500007629395,down,2026-09-22T15:59:20,14.0,9.0
AAPL,2026-12-18,86,Put,335.0,AAPL261218P00335000,13.1,13.55,13.325,13.15,-0.4,-2.95203,321.0,2737.0,0.2582,-0.4079,0.0094,0.6416,-0.0952,-0.2973,13.1469,11.95,13.68,11.89,13.5500001907349,no_change,2026-09-22T15:50:00,5.0,55.0
AAPL,2026-12-18,86,Call,340.0,AAPL261218C00340000,18.05,18.45,18.25,18.18,0.13,0.720221,1118.0,14158.0,0.2516,0.556,0.0094,0.6552,-0.0921,0.4204,18.3118,18.53,21.35,17.9,18.0500001907349,down,2026-09-22T15:59:22,20.0,5.0
AAPL,2026-12-18,86,Put,340.0,AAPL261218P00340000,15.3,15.65,15.475000000000001,15.58,-0.195,-1.23613,535.0,1371.0,0.2549,-0.4558,0.0098,0.654,-0.0965,-0.3237,15.3416,14.8,15.71,13.68,15.7750000953674,up,2026-09-22T15:56:56,28.0,10.0
AAPL,2026-12-18,86,Call,345.0,AAPL261218C00345000,15.6,15.9,15.75,15.72,0.195,1.25604,481.0,6559.0,0.2499,0.5088,0.0096,0.6614,-0.0924,0.3869,15.7504,16.25,18.67,15.4,15.5249996185303,no_change,2026-09-22T15:59:28,10.0,11.0
AAPL,2026-12-18,86,Put,345.0,AAPL261218P00345000,17.7,18.25,17.975,17.8,-0.5,-2.73224,248.0,489.0,0.2526,-0.5052,0.01,0.6575,-0.0965,-0.3486,17.796,16.3,17.95,16.2,18.3000001907349,no_change,2026-09-22T15:48:39,10.0,62.0
AAPL,2026-12-18,86,Call,350.0,AAPL261218C00350000,13.2,13.7,13.45,13.4,0.125,0.941622,1510.0,25253.0,0.2474,0.4614,0.0096,0.6587,-0.0915,0.3529,13.4373,13.73,16.5,13.0,13.2749996185303,no_change,2026-09-22T15:59:56,20.0,14.0
AAPL,2026-12-18,86,Put,350.0,AAPL261218P00350000,20.35,20.8,20.575000000000003,20.1,-0.975,-4.62633,858.0,1506.0,0.2482,-0.5553,0.0102,0.6499,-0.0952,-0.3713,20.5116,19.0,20.97,18.8,21.0749998092651,down,2026-09-22T15:33:03,5.0,54.0
AAPL,2026-12-18,86,Call,360.0,AAPL261218C00360000,9.4,9.6,9.5,9.35,-0.075,-0.795758,7271.0,17928.0,0.2421,0.3686,0.0093,0.6266,-0.086,0.2842,9.5455,9.75,12.2,9.15,9.42500019073486,no_change,2026-09-22T15:57:36,18.0,18.0
AAPL,2026-12-18,86,Put,360.0,AAPL261218P00360000,26.45,27.0,26.725,26.8,-0.5,-1.8315,258.0,378.0,0.2433,-0.6544,0.01,0.6059,-0.0894,-0.3968,26.7183,24.97,26.95,24.9,27.3000001907349,no_change,2026-09-22T15:59:28,14.0,20.0
AAPL,2026-12-18,86,Call,370.0,AAPL261218C00370000,6.3,6.85,6.574999999999999,6.5,0.0,0.0,793.0,10094.0,0.2384,0.2834,0.0084,0.5646,-0.0764,0.2201,6.5757,6.65,8.25,6.4,6.5,up,2026-09-22T15:56:13,71.0,17.0
AAPL,2026-12-18,86,Put,370.0,AAPL261218P00370000,33.35,34.65,34.0,34.05,-0.275,-0.801168,42.0,105.0,0.2422,-0.7478,0.0094,0.5228,-0.0799,-0.3955,33.92,30.97,34.5,30.97,34.3250007629394,no_change,2026-09-22T15:59:28,142.0,229.0
AAPL,2026-12-18,86,Call,380.0,AAPL261218C00380000,4.25,4.5,4.375,4.38,0.005,0.114286,1192.0,14302.0,0.2381,0.2102,0.0072,0.4835,-0.0646,0.1641,4.4094,4.45,5.75,4.25,4.375,down,2026-09-22T15:57:38,21.0,31.0
AAPL,2026-12-18,86,Put,380.0,AAPL261218P00380000,40.95,43.4,42.175,39.9,-3.15,-7.31707,17.0,78.0,0.228,-0.831,0.0084,0.4087,-0.0685,-0.3551,42.0147,40.35,40.35,39.65,43.0499992370606,up,2026-09-22T12:42:46,142.0,147.0
AAPL,2026-12-18,86,Call,390.0,AAPL261218C00390000,2.73,3.0,2.865,2.85,0.005,0.175746,487.0,3435.0,0.2372,0.1512,0.0059,0.3954,-0.0522,0.1183,2.8953,3.6,3.6,2.76,2.84500002861023,down,2026-09-22T15:45:52,13.0,77.0
AAPL,2026-12-18,86,Put,390.0,AAPL261218P00390000,49.85,52.65,51.25,55.9,0.0,0.0,0.0,3.0,0.2248,-0.9014,0.0073,0.2818,-0.0545,-0.2612,50.8537,0.0,0.0,0.0,51.2250003814697,up,2026-09-21T09:30:16,119.0,1.0
AAPL,2026-12-18,86,Call,400.0,AAPL261218C00400000,1.77,1.9,1.835,1.9,0.04,2.15054,3676.0,17696.0,0.2368,0.1062,0.0046,0.3113,-0.0407,0.0831,1.8758,1.89,2.62,1.8,1.86000001430511,up,2026-09-22T15:57:00,45.0,16.0
AAPL,2026-12-18,86,Put,400.0,AAPL261218P00400000,58.9,61.2,60.05,58.6,-2.775,-4.52138,46.0,57.0,0.0,-0.9616,0.0068,0.1419,-0.0424,-0.1257,60.2895,57.29,59.86,57.29,61.375,up,2026-09-22T13:28:17,158.0,129.0
AAPL,2026-12-18,86,Call,410.0,AAPL261218C00410000,1.09,1.26,1.175,1.25,0.07,5.9322,520.0,2933.0,0.2378,0.0734,0.0035,0.2383,-0.031,0.0575,1.2094,1.25,1.63,1.17,1.18000000715256,up,2026-09-22T15:15:32,37.0,6.0
AAPL,2026-12-18,86,Put,410.0,AAPL261218P00410000,69.25,71.85,70.55,95.59,0.0,0.0,0.0,0.0,0.2829,-0.9951,0.0014,0.0,-0.0601,0.0,70.1896,0.0,0.0,0.0,71.2000007629394,down,2026-07-08T13:55:06,75.0,76.0
AAPL,2026-12-18,86,Call,420.0,AAPL261218C00420000,0.68,0.89,0.785,0.86,0.095,12.4183,96.0,4701.0,0.2415,0.0504,0.0026,0.1791,-0.0232,0.0394,0.783,0.98,1.0,0.79,0.764999985694885,up,2026-09-22T13:59:52,25.0,11.0
AAPL,2026-12-18,86,Put,420.0,AAPL261218P00420000,78.85,82.0,80.425,109.21,0.0,0.0,0.0,0.0,0.3023,-1.0,0.0,0.0,-0.0601,0.0,80.1896,0.0,0.0,0.0,81.0250015258789,down,2026-08-20T15:57:49,77.0,76.0
AAPL,2026-12-18,86,Call,430.0,AAPL261218C00430000,0.45,0.58,0.515,0.53,0.07,15.2174,2257.0,4348.0,0.2446,0.0346,0.0019,0.1334,-0.0172,0.0271,0.5135,0.68,0.68,0.46,0.459999993443489,no_change,2026-09-22T14:53:50,111.0,102.0
AAPL,2026-12-18,86,Put,430.0,AAPL261218P00430000,88.7,92.15,90.42500000000001,0.0,0.0,0.0,0.0,0.0,0.3279,-1.0,0.0,0.0,-0.0601,0.0,90.1896,0.0,0.0,0.0,91.0,no_change,,77.0,77.0
AAPL,2026-12-18,86,Call,440.0,AAPL261218C00440000,0.31,0.37,0.33999999999999997,0.35,0.04,12.9032,25.0,543.0,0.2485,0.0241,0.0014,0.0994,-0.0129,0.0188,0.3437,0.34,0.4,0.34,0.310000002384186,down,2026-09-22T15:02:43,19.0,13.0
AAPL,2026-12-18,86,Put,440.0,AAPL261218P00440000,98.65,102.15,100.4,197.3,0.0,0.0,0.0,0.0,0.3508,-1.0,0.0,0.0,-0.0601,0.0,100.1896,0.0,0.0,0.0,100.950000762939,up,2025-01-03T10:21:54,77.0,77.0
AAPL,2026-12-18,86,Call,450.0,AAPL261218C00450000,0.2,0.27,0.23500000000000001,0.22,0.03,15.7895,250.0,8671.0,0.2528,0.017,0.001,0.0747,-0.0097,0.0133,0.2362,0.21,0.27,0.21,0.190000005066395,down,2026-09-22T15:22:42,5.0,13.0
AAPL,2026-12-18,86,Put,450.0,AAPL261218P00450000,108.7,112.15,110.42500000000001,176.02,0.0,0.0,0.0,0.0,0.3764,-1.0,0.0,0.0,-0.0601,0.0,110.1896,0.0,0.0,0.0,111.075000762939,up,2025-12-15T13:20:00,77.0,77.0
AAPL,2026-12-18,86,Call,460.0,AAPL261218C00460000,0.05,0.25,0.15,0.13,0.0,0.0,0.0,586.0,0.2549,0.0123,0.0007,0.0568,-0.0075,0.0096,0.1672,0.0,0.0,0.0,0.114999996498227,down,2026-09-21T13:23:07,84.0,141.0
AAPL,2026-12-18,86,Put,460.0,AAPL261218P00460000,118.7,122.1,120.4,185.84,0.0,0.0,0.0,0.0,0.3976,-1.0,0.0,0.0,-0.0601,0.0,120.1892,0.0,0.0,0.0,121.049999237061,up,2025-12-15T13:20:00,76.0,76.0
AAPL,2026-12-18,86,Call,470.0,AAPL261218C00470000,0.07,0.22,0.14500000000000002,0.11,0.03,37.5,5.0,7689.0,0.2698,0.0091,0.0006,0.0439,-0.0059,0.0071,0.1221,0.1,0.11,0.06,0.0800000000745058,up,2026-09-22T11:40:43,12.0,485.0
AAPL,2026-12-18,86,Put,470.0,AAPL261218P00470000,128.7,131.85,130.27499999999998,0.0,0.0,0.0,0.0,0.0,0.4062,-1.0,0.0,0.0,-0.0601,0.0,130.1892,0.0,0.0,0.0,130.774993896484,no_change,,76.0,76.0
AAPL,2026-12-18,86,Call,480.0,AAPL261218C00480000,0.07,0.12,0.095,0.1,0.04,66.6667,4.0,2679.0,0.2717,0.0069,0.0004,0.0346,-0.0047,0.0053,0.0917,0.04,0.1,0.04,0.0600000005215406,up,2026-09-22T15:00:39,1.0,41.0
AAPL,2026-12-18,86,Put,480.0,AAPL261218P00480000,138.65,142.1,140.375,0.0,0.0,0.0,0.0,0.0,0.4392,-1.0,0.0,0.0,-0.0601,0.0,140.1896,0.0,0.0,0.0,141.099998474121,no_change,,76.0,76.0
AAPL,2026-12-18,86,Call,490.0,AAPL261218C00490000,0.01,0.16,0.085,0.07,0.0,3.56564e-06,1.0,458.0,0.2828,0.0054,0.0003,0.0276,-0.0038,0.0041,0.0707,0.07,0.07,0.07,0.0699999975040555,up,2026-09-22T14:31:07,500.0,196.0
AAPL,2026-12-18,86,Put,490.0,AAPL261218P00490000,148.65,152.15,150.4,0.0,0.0,0.0,0.0,0.0,0.4628,-1.0,0.0,0.0,-0.0601,0.0,150.1892,0.0,0.0,0.0,150.849998474121,no_change,,77.0,88.0
AAPL,2026-12-18,86,Call,500.0,AAPL261218C00500000,0.03,0.11,0.07,0.05,-0.005,-9.09091,110.0,1252.0,0.2907,0.0042,0.0003,0.0224,-0.0032,0.0032,0.0557,0.1,0.1,0.05,0.0549999987706542,no_change,2026-09-22T15:55:00,1.0,32.0
AAPL,2026-12-18,86,Put,500.0,AAPL261218P00500000,158.65,162.15,160.4,0.0,0.0,0.0,0.0,0.0,0.4832,-1.0,0.0,0.0,-0.0601,0.0,160.1896,0.0,0.0,0.0,161.049995422363,no_change,,77.0,88.0
AAPL,2026-12-18,86,Call,510.0,AAPL261218C00510000,0.01,0.12,0.065,0.12,0.07,140.0,2.0,169.0,0.3022,0.0034,0.0002,0.0183,-0.0026,0.0026,0.0445,0.13,0.13,0.12,0.0500000016763806,down,2026-09-22T10:26:24,5.0,10.0
AAPL,2026-12-18,86,Put,510.0,AAPL261218P00510000,168.7,172.15,170.425,0.0,0.0,0.0,0.0,0.0,0.5055,-1.0,0.0,0.0,-0.0601,0.0,170.1892,0.0,0.0,0.0,171.099998474121,no_change,,77.0,75.0
AAPL,2026-12-18,86,Call,520.0,AAPL261218C00520000,0.01,0.07,0.04,0.1,0.035,53.8462,4.0,544.0,0.3005,0.0028,0.0002,0.0153,-0.0022,0.0021,0.0364,0.13,0.13,0.01,0.0649999985471368,up,2026-09-22T14:30:50,3.0,2.0
AAPL,2026-12-18,86,Put,520.0,AAPL261218P00520000,178.65,182.05,180.35000000000002,0.0,0.0,0.0,0.0,0.0,0.5165,-1.0,0.0,0.0,-0.0601,0.0,180.1896,0.0,0.0,0.0,180.824996948242,no_change,,76.0,76.0
AAPL,2026-12-18,86,Call,530.0,AAPL261218C00530000,0.0,0.04,0.02,0.03,-0.015,-33.3333,100.0,2837.0,0.3047,0.0023,0.0001,0.0129,-0.0019,0.0017,0.0301,0.03,0.03,0.03,0.0449999999254942,up,2026-09-22T11:34:47,0.0,175.0
AAPL,2026-12-18,86,Put,530.0,AAPL261218P00530000,188.65,192.1,190.375,0.0,0.0,0.0,0.0,0.0,0.5384,-1.0,0.0,0.0,-0.0601,0.0,190.1896,0.0,0.0,0.0,190.824996948242,no_change,,76.0,76.0
AAPL,2026-12-18,86,Call,540.0,AAPL261218C00540000,0.01,0.05,0.030000000000000002,0.06,0.0,0.0,0.0,35.0,0.3164,0.0019,0.0001,0.0109,-0.0016,0.0014,0.0251,0.0,0.0,0.0,0.0300000002607703,down,2026-09-18T14:12:26,1.0,1.0
AAPL,2026-12-18,86,Put,540.0,AAPL261218P00540000,198.65,202.15,200.4,0.0,0.0,0.0,0.0,0.0,0.5599,-1.0,0.0,0.0,-0.0601,0.0,200.1896,0.0,0.0,0.0,201.125,no_change,,77.0,88.0
AAPL,2026-12-18,86,Call,550.0,AAPL261218C00550000,0.0,0.05,0.025,0.01,0.0,0.0,0.0,76.0,0.3227,0.0016,0.0001,0.0092,-0.0014,0.0012,0.0211,0.0,0.0,0.0,0.025000000372529,down,2026-09-21T14:05:54,0.0,1.0
AAPL,2026-12-18,86,Put,550.0,AAPL261218P00550000,208.7,212.15,210.425,0.0,0.0,0.0,0.0,0.0,0.5809,-1.0,0.0,0.0,-0.0601,0.0,210.1896,0.0,0.0,0.0,211.149993896484,no_change,,76.0,87.0
AAPL,2026-12-18,86,Call,560.0,AAPL261218C00560000,0.0,0.05,0.025,0.12,0.0,0.0,0.0,113.0,0.3337,0.0013,0.0001,0.0079,-0.0012,0.001,0.0178,0.0,0.0,0.0,0.0149999996647239,up,2026-09-04T09:43:47,0.0,50.0
AAPL,2026-12-18,86,Put,560.0,AAPL261218P00560000,218.7,222.15,220.425,0.0,0.0,0.0,0.0,0.0,0.5987,-1.0,0.0,0.0,-0.0601,0.0,220.1896,0.0,0.0,0.0,221.074996948242,no_change,,77.0,88.0
AAPL,2026-12-18,86,Call,570.0,AAPL261218C00570000,0.0,0.15,0.075,0.02,-0.055,-73.3333,1.0,20.0,0.381,0.0011,0.0001,0.0068,-0.0011,0.0008,0.0151,0.02,0.02,0.02,0.0750000029802322,no_change,2026-09-22T10:27:34,0.0,190.0
AAPL,2026-12-18,86,Put,570.0,AAPL261218P00570000,228.65,232.15,230.4,0.0,0.0,0.0,0.0,0.0,0.613,-1.0,0.0,0.0,-0.0601,0.0,230.1896,0.0,0.0,0.0,231.149993896484,no_change,,77.0,88.0
AAPL,2026-12-18,86,Call,580.0,AAPL261218C00580000,0.0,0.46,0.23,0.02,0.0,0.0,0.0,5.0,0.4422,0.001,0.0001,0.0059,-0.001,0.0007,0.0131,0.0,0.0,0.0,0.254999995231628,down,2026-09-04T12:28:30,0.0,255.0
AAPL,2026-12-18,86,Put,580.0,AAPL261218P00580000,238.7,242.05,240.375,0.0,0.0,0.0,0.0,0.0,0.6268,-1.0,0.0,0.0,-0.0601,0.0,240.1896,0.0,0.0,0.0,241.074996948242,no_change,,76.0,76.0
AAPL,2026-12-18,86,Call,590.0,AAPL261218C00590000,0.0,0.47,0.235,0.02,0.0,0.0,0.0,174.0,0.4556,0.0008,0.0,0.0051,-0.0008,0.0006,0.0113,0.0,0.0,0.0,0.259999990463257,down,2026-09-08T15:58:41,0.0,182.0
AAPL,2026-12-18,86,Put,590.0,AAPL261218P00590000,248.7,252.0,250.35,0.0,0.0,0.0,0.0,0.0,0.64,-1.0,0.0,0.0,-0.0601,0.0,250.1896,0.0,0.0,0.0,251.149993896484,no_change,,76.0,76.0
AAPL,2026-12-18,86,Call,600.0,AAPL261218C00600000,0.0,0.03,0.015,0.02,0.0,0.0,0.0,1434.0,0.3606,0.0007,0.0,0.0045,-0.0008,0.0005,0.0098,0.0,0.0,0.0,0.0199999995529652,down,2026-09-21T11:37:23,0.0,99.0
AAPL,2026-12-18,86,Put,600.0,AAPL261218P00600000,258.65,262.15,260.4,0.0,0.0,0.0,0.0,0.0,0.6629,-1.0,0.0,0.0,-0.0601,0.0,260.1892,0.0,0.0,0.0,261.099990844727,no_change,,76.0,87.0
AAPL,2027-01-15,114,Call,5.0,AAPL270115C00005000,332.95,336.0,334.475,308.05,0.0,0.0,0.0,7.0,0.0,1.0,0.0,0.0,0.0,0.0065,334.887,0.0,0.0,0.0,334.274993896484,up,2026-08-26T14:16:02,75.0,6.0
AAPL,2027-01-15,114,Put,5.0,AAPL270115P00005000,0.0,0.01,0.005,0.01,0.0,0.0,0.0,1699.0,2.2824,0.0,0.0,0.0,0.0,0.0,0.0001,0.0,0.0,0.0,0.00499999988824129,no_change,2026-09-04T09:30:00,0.0,1000.0
AAPL,2027-01-15,114,Call,10.0,AAPL270115C00010000,328.0,331.45,329.725,296.34,0.0,0.0,0.0,1.0,0.0,1.0,0.0,0.0,0.0,0.0131,329.9166,0.0,0.0,0.0,329.274993896484,down,2026-08-14T09:56:40,76.0,5.0
AAPL,2027-01-15,114,Put,10.0,AAPL270115P00010000,0.0,0.01,0.005,0.2,0.0,0.0,0.0,143.0,1.8782,0.0,0.0,0.0,0.0,0.0,0.0003,0.0,0.0,0.0,0.0199999995529652,up,2026-08-05T09:30:02,0.0,1000.0
AAPL,2027-01-15,114,Call,15.0,AAPL270115C00015000,323.1,326.45,324.775,289.93,0.0,0.0,0.0,11.0,0.0,1.0,0.0,0.0,0.0,0.0196,324.9462,0.0,0.0,0.0,324.275009155273,down,2026-08-13T15:54:15,79.0,5.0
AAPL,2027-01-15,114,Put,15.0,AAPL270115P00015000,0.0,0.01,0.005,0.09,0.0,0.0,0.0,90.0,1.6505,0.0,0.0,0.0001,0.0,0.0,0.0005,0.0,0.0,0.0,0.025000000372529,up,2026-08-05T09:38:00,0.0,1000.0
AAPL,2027-01-15,114,Call,20.0,AAPL270115C00020000,318.1,321.55,319.82500000000005,286.39,0.0,0.0,0.0,12.0,0.0,1.0,0.0,0.0,0.0,0.0262,319.9758,0.0,0.0,0.0,319.375,up,2026-08-14T09:56:40,85.0,5.0
AAPL,2027-01-15,114,Put,20.0,AAPL270115P00020000,0.0,0.01,0.005,0.27,0.0,0.0,0.0,3434.0,1.4923,0.0,0.0,0.0001,-0.0001,0.0,0.0008,0.0,0.0,0.0,0.00499999988824129,no_change,2026-08-05T09:30:48,0.0,1000.0
AAPL,2027-01-15,114,Call,25.0,AAPL270115C00025000,313.15,316.6,314.875,172.1,0.0,0.0,0.0,0.0,0.0,1.0,0.0,0.0001,0.0,0.0329,315.0055,0.0,0.0,0.0,314.400009155273,up,2025-05-23T13:36:45,76.0,5.0
AAPL,2027-01-15,114,Put,25.0,AAPL270115P00025000,0.0,0.04,0.02,0.01,0.0,0.0,0.0,3415.0,1.4412,0.0,0.0,0.0002,-0.0001,0.0,0.0011,0.0,0.0,0.0,0.00999999977648258,no_change,2026-06-23T15:57:01,0.0,35.0
AAPL,2027-01-15,114,Call,30.0,AAPL270115C00030000,308.25,311.65,309.95,277.3,0.0,0.0,0.0,4.0,0.0,1.0,0.0,0.0001,0.0,0.0403,310.0357,0.0,0.0,0.0,309.300003051758,up,2026-08-10T11:49:09,84.0,5.0
AAPL,2027-01-15,114,Put,30.0,AAPL270115P00030000,0.0,0.26,0.13,0.03,0.0,0.0,0.0,46.0,1.6854,0.0,0.0,0.0002,-0.0001,0.0,0.0015,0.0,0.0,0.0,0.259999990463257,up,2025-11-07T11:25:28,0.0,75.0
AAPL,2027-01-15,114,Call,35.0,AAPL270115C00035000,303.3,306.9,305.1,270.14,0.0,0.0,0.0,5.0,1.3505,1.0,0.0,0.0004,0.0,0.0886,305.0745,0.0,0.0,0.0,304.574996948242,up,2026-08-13T15:49:00,84.0,5.0
AAPL,2027-01-15,114,Put,35.0,AAPL270115P00035000,0.0,0.52,0.26,0.02,0.0,0.0,0.0,128.0,1.7064,0.0,0.0,0.0003,-0.0001,0.0,0.0019,0.0,0.0,0.0,0.259999990463257,no_change,2026-04-09T11:36:12,0.0,281.0
AAPL,2027-01-15,114,Call,40.0,AAPL270115C00040000,298.45,301.8,300.125,218.8,0.0,0.0,0.0,39.0,0.0,1.0,0.0,0.0004,0.0,0.1271,300.1422,0.0,0.0,0.0,299.675003051758,up,2026-04-09T11:52:31,75.0,6.0
AAPL,2027-01-15,114,Put,40.0,AAPL270115P00040000,0.0,0.01,0.005,0.02,0.0,0.0,0.0,1024.0,1.1211,0.0,0.0,0.0004,-0.0002,-0.0001,0.0025,0.0,0.0,0.0,0.00499999988824129,no_change,2026-09-11T15:34:48,0.0,1.0
AAPL,2027-01-15,114,Call,45.0,AAPL270115C00045000,293.45,296.9,295.17499999999995,213.4,0.0,0.0,0.0,2.0,0.0,0.9999,0.0,0.0005,0.0,0.1446,295.2171,0.0,0.0,0.0,294.724990844727,up,2025-10-09T09:39:11,84.0,6.0
AAPL,2027-01-15,114,Put,45.0,AAPL270115P00045000,0.0,0.52,0.26,0.05,0.0,0.0,0.0,80.0,1.5134,-0.0001,0.0,0.0005,-0.0002,-0.0001,0.0031,0.0,0.0,0.0,0.259999990463257,down,2026-08-11T09:30:01,0.0,234.0
AAPL,2027-01-15,114,Call,50.0,AAPL270115C00050000,288.6,291.95,290.275,279.83,0.0,0.0,0.0,120.0,0.0,0.9999,0.0,0.0006,0.0,0.1607,290.2926,0.0,0.0,0.0,289.700012207031,up,2026-09-03T13:02:37,75.0,6.0
AAPL,2027-01-15,114,Put,50.0,AAPL270115P00050000,0.0,0.02,0.01,0.01,0.0,2.23517e-06,1.0,2799.0,1.0546,-0.0001,0.0,0.0006,-0.0002,-0.0001,0.0039,0.01,0.01,0.01,0.00999999977648258,no_change,2026-09-22T12:47:47,0.0,5.0
AAPL,2027-01-15,114,Call,60.0,AAPL270115C00060000,278.65,282.1,280.375,239.0,0.0,0.0,0.0,131.0,0.0,0.9999,0.0,0.001,0.0,0.1928,280.4439,0.0,0.0,0.0,279.900009155273,down,2026-06-23T09:30:01,99.0,6.0
AAPL,2027-01-15,114,Put,60.0,AAPL270115P00060000,0.0,0.02,0.01,0.02,0.0,0.0,0.0,1242.0,0.955,-0.0001,0.0,0.001,-0.0004,-0.0001,0.0057,0.0,0.0,0.0,0.00999999977648258,no_change,2026-09-21T09:35:57,0.0,9.0
AAPL,2027-01-15,114,Call,70.0,AAPL270115C00070000,268.8,272.25,270.525,222.74,0.0,0.0,0.0,139.0,0.0,0.9998,0.0,0.0014,0.0,0.2248,270.5958,0.0,0.0,0.0,270.100006103516,down,2026-06-10T09:31:15,90.0,6.0
AAPL,2027-01-15,114,Put,70.0,AAPL270115P00070000,0.0,0.18,0.09,0.03,0.0,0.0,0.0,189.0,1.053,-0.0002,0.0,0.0014,-0.0005,-0.0002,0.0082,0.0,0.0,0.0,0.0900000035762787,down,2026-08-21T15:43:15,0.0,103.0
AAPL,2027-01-15,114,Call,80.0,AAPL270115C00080000,258.95,262.4,260.67499999999995,233.3,0.0,0.0,0.0,283.0,0.0,0.9997,0.0,0.002,0.0,0.2568,260.7485,0.0,0.0,0.0,260.25,up,2026-08-24T12:18:26,105.0,6.0
AAPL,2027-01-15,114,Put,80.0,AAPL270115P00080000,0.0,0.01,0.005,0.01,0.005,100.0,65.0,872.0,0.761,-0.0003,0.0,0.002,-0.0006,-0.0003,0.0115,0.01,0.01,0.01,0.00499999988824129,no_change,2026-09-22T11:54:49,0.0,8.0
AAPL,2027-01-15,114,Call,85.0,AAPL270115C00085000,254.0,257.5,255.75,245.95,0.0,0.0,0.0,116.0,0.0,0.9997,0.0,0.0024,0.0,0.2727,255.8252,0.0,0.0,0.0,255.324996948242,up,2026-09-03T12:47:23,84.0,6.0
AAPL,2027-01-15,114,Put,85.0,AAPL270115P00085000,0.0,0.05,0.025,0.1,0.0,0.0,0.0,361.0,0.824,-0.0003,0.0,0.0024,-0.0007,-0.0004,0.0135,0.0,0.0,0.0,0.0500000007450581,up,2026-09-17T14:25:29,0.0,1.0
AAPL,2027-01-15,114,Call,90.0,AAPL270115C00090000,249.2,252.55,250.875,241.5,0.0,0.0,0.0,273.0,0.0,0.9996,0.0,0.0028,0.0,0.2887,250.9022,0.0,0.0,0.0,250.349998474121,up,2026-09-15T13:43:28,75.0,6.0
AAPL,2027-01-15,114,Put,90.0,AAPL270115P00090000,0.0,0.1,0.05,0.02,0.0,0.0,0.0,1756.0,0.8408,-0.0004,0.0,0.0028,-0.0008,-0.0005,0.0158,0.0,0.0,0.0,0.025000000372529,up,2026-09-21T15:10:22,0.0,1.0
AAPL,2027-01-15,114,Call,95.0,AAPL270115C00095000,244.15,247.6,245.875,244.9,0.0,0.0,0.0,24.0,0.0,0.9995,0.0,0.0033,0.0,0.3047,245.9795,0.0,0.0,0.0,245.274993896484,down,2026-09-21T12:46:32,84.0,6.0
AAPL,2027-01-15,114,Put,95.0,AAPL270115P00095000,0.0,0.1,0.05,0.09,0.0,0.0,0.0,929.0,0.8078,-0.0005,0.0,0.0033,-0.001,-0.0006,0.0184,0.0,0.0,0.0,0.0500000007450581,no_change,2026-09-11T12:53:10,0.0,1.0
AAPL,2027-01-15,114,Call,100.0,AAPL270115C00100000,239.3,242.7,241.0,242.55,2.075,0.862876,4.0,598.0,0.0,0.9994,0.0,0.0038,0.0,0.3206,241.0571,242.55,242.55,242.55,240.474998474121,up,2026-09-22T09:42:47,115.0,7.0
AAPL,2027-01-15,114,Put,100.0,AAPL270115P00100000,0.01,0.03,0.02,0.03,0.0,0.0,0.0,3197.0,0.7172,-0.0006,0.0,0.0039,-0.0011,-0.0006,0.0213,0.0,0.0,0.0,0.0199999995529652,up,2026-09-21T10:08:59,10.0,24.0
AAPL,2027-01-15,114,Call,105.0,AAPL270115C00105000,234.4,237.75,236.075,210.05,0.0,0.0,0.0,89.0,0.0,0.9993,0.0,0.0044,0.0,0.3365,236.1351,0.0,0.0,0.0,235.375,up,2026-08-07T15:44:17,89.0,5.0
AAPL,2027-01-15,114,Put,105.0,AAPL270115P00105000,0.01,0.11,0.06,0.04,-0.025,-38.4615,7.0,1536.0,0.76,-0.0007,0.0,0.0045,-0.0012,-0.0008,0.0246,0.12,0.12,0.04,0.0649999985471368,down,2026-09-22T13:57:15,1.0,28.0
AAPL,2027-01-15,114,Call,110.0,AAPL270115C00110000,229.5,232.85,231.175,205.23,0.0,0.0,0.0,219.0,0.0,0.9992,0.0,0.0051,0.0,0.3524,231.2136,0.0,0.0,0.0,230.525001525879,no_change,2026-09-09T12:26:45,75.0,6.0
AAPL,2027-01-15,114,Put,110.0,AAPL270115P00110000,0.0,0.08,0.04,0.03,-0.075,-71.4286,6.0,793.0,0.7117,-0.0008,0.0,0.0052,-0.0014,-0.0009,0.0284,0.08,0.08,0.03,0.104999996721745,down,2026-09-22T12:44:03,0.0,28.0
AAPL,2027-01-15,114,Call,115.0,AAPL270115C00115000,224.65,227.9,226.275,195.83,0.0,0.0,0.0,100.0,0.6229,0.9991,0.0,0.0059,0.0,0.3683,226.2929,0.0,0.0,0.0,225.724998474121,up,2026-06-05T15:42:29,1.0,5.0
AAPL,2027-01-15,114,Put,115.0,AAPL270115P00115000,0.01,0.08,0.045,0.08,0.02,33.3333,1.0,792.0,0.685,-0.0009,0.0,0.006,-0.0016,-0.001,0.0326,0.08,0.08,0.08,0.0599999995902181,up,2026-09-22T10:38:49,40.0,28.0
AAPL,2027-01-15,114,Call,120.0,AAPL270115C00120000,219.55,223.0,221.275,187.21,0.0,0.0,0.0,494.0,0.0,0.999,0.0,0.0068,0.0,0.3842,221.3719,0.0,0.0,0.0,220.849998474121,no_change,2026-08-13T10:27:34,78.0,6.0
AAPL,2027-01-15,114,Put,120.0,AAPL270115P00120000,0.0,0.1,0.05,0.04,0.0,0.0,0.0,3110.0,0.6446,-0.001,0.0,0.0069,-0.0018,-0.0012,0.0374,0.0,0.0,0.0,0.0350000001490116,up,2026-09-21T10:12:19,0.0,1.0
AAPL,2027-01-15,114,Call,125.0,AAPL270115C00125000,214.75,218.05,216.4,195.65,0.0,0.0,0.0,334.0,0.0,0.9988,0.0,0.0078,0.0,0.4001,216.452,0.0,0.0,0.0,215.900001525879,down,2026-09-10T10:01:07,1.0,5.0
AAPL,2027-01-15,114,Put,125.0,AAPL270115P00125000,0.01,0.06,0.034999999999999996,0.03,-0.005,-14.2857,9.0,850.0,0.6207,-0.0012,0.0,0.0079,-0.002,-0.0014,0.0428,0.04,0.04,0.03,0.034999999217689,no_change,2026-09-22T13:49:49,1.0,16.0
AAPL,2027-01-15,114,Call,130.0,AAPL270115C00130000,209.8,213.1,211.45,203.45,0.0,0.0,0.0,479.0,0.0,0.9986,0.0,0.009,0.0,0.4159,211.5327,0.0,0.0,0.0,210.974998474121,up,2026-09-11T15:52:21,75.0,7.0
AAPL,2027-01-15,114,Put,130.0,AAPL270115P00130000,0.02,0.06,0.04,0.04,-0.01,-20.0,10.0,4950.0,0.605,-0.0014,0.0,0.009,-0.0022,-0.0016,0.0488,0.02,0.06,0.02,0.0500000007450581,no_change,2026-09-22T13:50:48,1.0,1.0
AAPL,2027-01-15,114,Call,135.0,AAPL270115C00135000,204.9,208.2,206.55,184.42,0.0,0.0,0.0,1576.0,0.0,0.9984,0.0,0.0102,0.0,0.4317,206.6142,0.0,0.0,0.0,205.775001525879,up,2026-08-20T10:58:22,75.0,7.0
AAPL,2027-01-15,114,Put,135.0,AAPL270115P00135000,0.01,0.1,0.055,0.03,-0.03,-50.0,8.0,1585.0,0.6001,-0.0016,0.0,0.0103,-0.0025,-0.0018,0.0556,0.1,0.1,0.02,0.0599999995902181,no_change,2026-09-22T13:39:04,1.0,29.0
AAPL,2027-01-15,114,Call,140.0,AAPL270115C00140000,200.0,202.75,201.375,179.61,0.0,0.0,0.0,1592.0,0.0,0.9981,0.0,0.0116,0.0,0.4474,201.6965,0.0,0.0,0.0,201.125,up,2026-08-20T13:11:47,95.0,6.0
AAPL,2027-01-15,114,Put,140.0,AAPL270115P00140000,0.02,0.11,0.065,0.05,-0.035,-41.1765,6.0,2120.0,0.5875,-0.0019,0.0,0.0118,-0.0027,-0.0021,0.0632,0.11,0.11,0.05,0.0850000027567148,down,2026-09-22T13:02:25,1.0,10.0
AAPL,2027-01-15,114,Call,145.0,AAPL270115C00145000,194.9,198.35,196.625,199.8,3.575,1.82189,1.0,6414.0,0.0,0.9978,0.0001,0.0133,0.0,0.4631,196.7797,199.8,199.8,199.8,196.224998474121,up,2026-09-22T12:44:09,75.0,6.0
AAPL,2027-01-15,114,Put,145.0,AAPL270115P00145000,0.0,0.22,0.11,0.07,0.0,0.0,0.0,8856.0,0.5973,-0.0022,0.0001,0.0134,-0.0031,-0.0024,0.0718,0.0,0.0,0.0,0.0549999997019768,up,2026-09-18T11:20:18,0.0,453.0
AAPL,2027-01-15,114,Call,150.0,AAPL270115C00150000,190.25,193.35,191.8,194.55,3.5,1.83198,5.0,1699.0,0.4822,0.9975,0.0001,0.0151,0.0,0.4788,191.8644,196.0,196.0,194.55,191.050003051758,down,2026-09-22T09:48:38,129.0,30.0
AAPL,2027-01-15,114,Put,150.0,AAPL270115P00150000,0.03,0.1,0.065,0.07,0.0,0.0,0.0,5233.0,0.5448,-0.0025,0.0001,0.0151,-0.0034,-0.0028,0.0815,0.0,0.0,0.0,0.0650000004097819,no_change,2026-09-16T10:21:44,1.0,13.0
AAPL,2027-01-15,114,Call,155.0,AAPL270115C00155000,185.2,188.55,186.875,168.29,0.0,0.0,0.0,82.0,0.4647,0.9972,0.0001,0.017,0.0,0.4944,186.9499,0.0,0.0,0.0,186.174995422363,up,2026-09-04T12:33:07,92.0,6.0
AAPL,2027-01-15,114,Put,155.0,AAPL270115P00155000,0.0,0.13,0.065,0.14,0.0,0.0,0.0,1240.0,0.5245,-0.0029,0.0001,0.0171,-0.0037,-0.0032,0.0923,0.0,0.0,0.0,0.0750000001862645,up,2026-09-10T13:23:29,0.0,37.0
AAPL,2027-01-15,114,Call,160.0,AAPL270115C00160000,180.35,183.5,181.925,171.3,0.0,0.0,0.0,650.0,0.0,0.9967,0.0001,0.0193,0.0,0.51,182.0362,0.0,0.0,0.0,181.275001525879,up,2026-09-03T13:07:31,97.0,11.0
AAPL,2027-01-15,114,Put,160.0,AAPL270115P00160000,0.05,0.13,0.09,0.06,-0.04,-40.0,268.0,5213.0,0.5222,-0.0033,0.0001,0.0194,-0.0041,-0.0037,0.1042,0.06,0.06,0.06,0.100000003352761,no_change,2026-09-22T12:29:11,10.0,5.0
AAPL,2027-01-15,114,Call,165.0,AAPL270115C00165000,175.3,178.7,177.0,170.0,0.0,0.0,0.0,460.0,0.0,0.9963,0.0001,0.0218,0.0,0.5255,177.1244,0.0,0.0,0.0,176.349998474121,down,2026-09-18T10:42:41,98.0,12.0
AAPL,2027-01-15,114,Put,165.0,AAPL270115P00165000,0.05,0.16,0.10500000000000001,0.1,-0.01,-9.09091,6.0,3804.0,0.511,-0.0038,0.0001,0.022,-0.0046,-0.0042,0.1178,0.06,0.1,0.06,0.110000001266599,up,2026-09-22T14:51:39,2.0,10.0
AAPL,2027-01-15,114,Call,170.0,AAPL270115C00170000,170.5,173.3,171.9,171.5,0.0,0.0,0.0,976.0,0.0,0.9957,0.0001,0.0246,0.0,0.5409,172.2143,0.0,0.0,0.0,171.675003051758,no_change,2026-09-21T12:50:34,104.0,12.0
AAPL,2027-01-15,114,Put,170.0,AAPL270115P00170000,0.04,0.18,0.11,0.12,0.0,0.0,0.0,7679.0,0.4942,-0.0043,0.0001,0.0247,-0.005,-0.0048,0.1332,0.0,0.0,0.0,0.114999998360872,no_change,2026-09-18T15:32:55,10.0,51.0
AAPL,2027-01-15,114,Call,175.0,AAPL270115C00175000,165.6,168.85,167.225,160.25,0.0,0.0,0.0,1149.0,0.4522,0.9951,0.0001,0.0277,0.0,0.5562,167.306,0.0,0.0,0.0,166.525001525879,down,2026-09-16T13:18:54,75.0,10.0
AAPL,2027-01-15,114,Put,175.0,AAPL270115P00175000,0.05,0.21,0.13,0.12,-0.02,-14.2857,1.0,3627.0,0.4839,-0.0049,0.0001,0.0278,-0.0055,-0.0055,0.1507,0.12,0.12,0.12,0.139999998733401,down,2026-09-22T15:31:49,124.0,184.0
AAPL,2027-01-15,114,Call,180.0,AAPL270115C00180000,160.7,163.95,162.325,165.0,3.375,2.08817,1.0,1050.0,0.4492,0.9944,0.0002,0.0312,0.0,0.5715,162.3999,165.0,165.0,165.0,161.625,up,2026-09-22T11:07:34,131.0,20.0
AAPL,2027-01-15,114,Put,180.0,AAPL270115P00180000,0.04,0.23,0.135,0.16,0.01,6.66667,1.0,9077.0,0.4675,-0.0056,0.0002,0.0314,-0.0061,-0.0062,0.1696,0.16,0.16,0.16,0.150000002235174,no_change,2026-09-22T10:07:21,142.0,146.0
AAPL,2027-01-15,114,Call,185.0,AAPL270115C00185000,155.75,159.05,157.4,152.54,0.0,0.0,0.0,826.0,0.4318,0.9936,0.0002,0.0351,0.0,0.5866,157.4961,0.0,0.0,0.0,156.724998474121,up,2026-09-11T12:23:31,98.0,12.0
AAPL,2027-01-15,114,Put,185.0,AAPL270115P00185000,0.06,0.26,0.16,0.17,-0.01,-5.55555,2.0,5488.0,0.4583,-0.0064,0.0002,0.0355,-0.0067,-0.0071,0.1913,0.19,0.19,0.17,0.179999995976686,down,2026-09-22T10:58:40,215.0,322.0
AAPL,2027-01-15,114,Call,190.0,AAPL270115C00190000,150.75,154.15,152.45,154.3,2.475,1.63016,7.0,797.0,0.4014,0.9928,0.0002,0.0395,0.0,0.6016,152.5951,154.3,154.3,154.3,151.825004577637,no_change,2026-09-22T09:42:47,123.0,79.0
AAPL,2027-01-15,114,Put,190.0,AAPL270115P00190000,0.13,0.29,0.21,0.2,-0.02,-9.09091,1.0,7337.0,0.4547,-0.0073,0.0002,0.0398,-0.0074,-0.0081,0.2165,0.2,0.2,0.2,0.219999998807907,down,2026-09-22T12:21:19,10.0,307.0
AAPL,2027-01-15,114,Call,195.0,AAPL270115C00195000,146.0,149.25,147.625,151.0,3.875,2.63381,1.0,641.0,0.4259,0.9917,0.0003,0.0443,0.0,0.6164,147.6973,151.0,151.0,151.0,147.125,up,2026-09-22T09:31:33,201.0,17.0
AAPL,2027-01-15,114,Put,195.0,AAPL270115P00195000,0.15,0.32,0.235,0.21,-0.03,-12.5,1.0,5714.0,0.4429,-0.0084,0.0003,0.0446,-0.0081,-0.0093,0.2441,0.21,0.21,0.21,0.240000009536743,down,2026-09-22T11:16:46,5.0,273.0
AAPL,2027-01-15,114,Call,200.0,AAPL270115C00200000,141.15,144.35,142.75,145.86,3.785,2.66409,56.0,12564.0,0.4221,0.9906,0.0003,0.0497,0.0,0.6311,142.803,143.0,146.0,143.0,142.074996948242,down,2026-09-22T11:05:53,227.0,83.0
AAPL,2027-01-15,114,Put,200.0,AAPL270115P00200000,0.2,0.35,0.275,0.2,-0.055,-21.5686,25.0,21277.0,0.4338,-0.0096,0.0003,0.0502,-0.0088,-0.0106,0.2755,0.29,0.29,0.2,0.255000002682209,down,2026-09-22T14:06:25,16.0,284.0
AAPL,2027-01-15,114,Call,205.0,AAPL270115C00205000,136.5,139.45,137.975,115.27,0.0,0.0,0.0,118.0,0.4344,0.9892,0.0004,0.0559,0.0,0.6456,137.913,0.0,0.0,0.0,137.375,up,2026-09-08T11:42:25,144.0,14.0
AAPL,2027-01-15,114,Put,205.0,AAPL270115P00205000,0.15,0.42,0.285,0.35,0.025,7.69231,1.0,196.0,0.418,-0.0109,0.0004,0.0567,-0.0097,-0.0121,0.3113,0.35,0.35,0.35,0.325000002980232,up,2026-09-22T11:16:46,102.0,284.0
AAPL,2027-01-15,114,Call,210.0,AAPL270115C00210000,131.3,134.6,132.95,136.0,3.9,2.95231,5.0,2325.0,0.3985,0.9877,0.0004,0.0628,0.0,0.6598,133.0279,136.0,136.0,136.0,132.099998474121,up,2026-09-22T11:42:23,196.0,8.0
AAPL,2027-01-15,114,Put,210.0,AAPL270115P00210000,0.3,0.45,0.375,0.3,-0.105,-25.9259,2.0,15895.0,0.4162,-0.0125,0.0004,0.0633,-0.0106,-0.0137,0.3522,0.42,0.42,0.3,0.405000001192093,down,2026-09-22T14:12:52,6.0,282.0
AAPL,2027-01-15,114,Call,215.0,AAPL270115C00215000,126.45,129.7,128.075,122.96,0.0,0.0,0.0,248.0,0.3905,0.9859,0.0005,0.0704,0.0,0.6738,128.1488,0.0,0.0,0.0,127.649997711182,up,2026-09-16T14:30:36,168.0,24.0
AAPL,2027-01-15,114,Put,215.0,AAPL270115P00215000,0.33,0.42,0.375,0.38,-0.075,-16.4835,3.0,564.0,0.3985,-0.0142,0.0005,0.0709,-0.0116,-0.0157,0.3989,0.44,0.44,0.38,0.454999998211861,down,2026-09-22T13:52:53,52.0,10.0
AAPL,2027-01-15,114,Call,220.0,AAPL270115C00220000,121.6,124.3,122.94999999999999,128.5,5.675,4.6204,2.0,7239.0,0.3292,0.9839,0.0005,0.079,0.0,0.6875,123.2766,125.5,128.5,125.5,122.824996948242,up,2026-09-22T09:33:10,250.0,5.0
AAPL,2027-01-15,114,Put,220.0,AAPL270115P00220000,0.41,0.51,0.45999999999999996,0.44,-0.09,-16.9811,6.0,17092.0,0.393,-0.0163,0.0005,0.0802,-0.0128,-0.018,0.4526,0.53,0.53,0.44,0.530000001192093,down,2026-09-22T14:53:06,5.0,92.0
AAPL,2027-01-15,114,Call,225.0,AAPL270115C00225000,116.55,119.95,118.25,119.15,1.2,1.01738,1.0,483.0,0.3608,0.9815,0.0006,0.0889,0.0,0.7008,118.4128,119.15,119.15,119.15,117.950000762939,up,2026-09-22T10:29:15,172.0,11.0
AAPL,2027-01-15,114,Put,225.0,AAPL270115P00225000,0.47,0.57,0.52,0.51,-0.105,-17.0732,22.0,1813.0,0.3832,-0.0187,0.0006,0.0897,-0.014,-0.0205,0.5141,0.58,0.6,0.51,0.615000009536743,down,2026-09-22T12:34:06,8.0,11.0
AAPL,2027-01-15,114,Call,230.0,AAPL270115C00230000,112.0,114.55,113.275,115.0,2.325,2.06346,15.0,10520.0,0.3367,0.9788,0.0007,0.1,-0.0002,0.7136,113.5593,113.76,116.55,113.76,112.674999237061,down,2026-09-22T13:52:04,289.0,122.0
AAPL,2027-01-15,114,Put,230.0,AAPL270115P00230000,0.55,0.61,0.5800000000000001,0.58,-0.115,-16.5468,38.0,25714.0,0.3723,-0.0215,0.0007,0.1005,-0.0154,-0.0235,0.5868,0.63,0.64,0.56,0.695000022649765,down,2026-09-22T15:11:18,23.0,25.0
AAPL,2027-01-15,114,Call,235.0,AAPL270115C00235000,107.05,110.25,108.65,104.81,0.0,0.0,0.0,381.0,0.3573,0.9756,0.0008,0.1124,-0.0024,0.7259,108.718,0.0,0.0,0.0,107.924999237061,up,2026-09-18T09:56:20,246.0,32.0
AAPL,2027-01-15,114,Put,235.0,AAPL270115P00235000,0.58,0.7,0.6399999999999999,0.87,0.0,0.0,0.0,1919.0,0.3609,-0.0247,0.0008,0.1136,-0.017,-0.027,0.6716,0.0,0.0,0.0,0.810000002384186,down,2026-09-18T15:35:56,12.0,8.0
AAPL,2027-01-15,114,Call,240.0,AAPL270115C00240000,102.65,105.35,104.0,105.67,2.27,2.19536,26.0,9177.0,0.3637,0.9718,0.001,0.1267,-0.0047,0.7375,103.8916,105.0,106.57,105.0,103.400001525879,down,2026-09-22T13:31:53,212.0,146.0
AAPL,2027-01-15,114,Put,240.0,AAPL270115P00240000,0.73,0.88,0.8049999999999999,0.75,-0.165,-18.0328,95.0,59424.0,0.3577,-0.0285,0.001,0.128,-0.0187,-0.0312,0.7723,0.85,0.85,0.75,0.91499999165535,down,2026-09-22T15:40:52,5.0,71.0
AAPL,2027-01-15,114,Call,245.0,AAPL270115C00245000,97.4,100.55,98.975,95.46,0.0,0.0,0.0,3312.0,0.3384,0.9674,0.0011,0.1428,-0.0073,0.7483,99.0835,0.0,0.0,0.0,98.1500015258789,down,2026-09-18T15:41:20,281.0,141.0
AAPL,2027-01-15,114,Put,245.0,AAPL270115P00245000,0.83,1.07,0.95,0.9,-0.175,-16.2791,11.0,4719.0,0.3508,-0.033,0.0011,0.1437,-0.0206,-0.036,0.8912,0.89,0.9,0.89,1.07499998807907,up,2026-09-22T14:44:39,5.0,232.0
AAPL,2027-01-15,114,Call,250.0,AAPL270115C00250000,92.85,95.85,94.35,94.85,0.925,0.984829,449.0,22612.0,0.342,0.9622,0.0013,0.1608,-0.0101,0.7583,94.2972,96.85,99.32,94.0,93.9249992370606,down,2026-09-22T14:50:40,230.0,132.0
AAPL,2027-01-15,114,Put,250.0,AAPL270115P00250000,1.0,1.14,1.0699999999999998,1.02,-0.14,-12.069,480.0,25713.0,0.341,-0.0383,0.0013,0.1629,-0.0228,-0.0416,1.0318,1.21,1.21,1.0,1.16000002622604,up,2026-09-22T15:54:10,1.0,34.0
AAPL,2027-01-15,114,Call,255.0,AAPL270115C00255000,87.85,90.5,89.175,90.65,1.475,1.65405,3.0,5397.0,0.3081,0.9562,0.0015,0.1815,-0.0131,0.7671,89.5374,90.1,90.65,90.1,89.1749992370606,no_change,2026-09-22T09:30:15,301.0,19.0
AAPL,2027-01-15,114,Put,255.0,AAPL270115P00255000,1.12,1.27,1.195,1.14,-0.225,-16.4835,43.0,5437.0,0.3306,-0.0445,0.0015,0.1832,-0.0252,-0.0483,1.2007,1.28,1.34,1.14,1.36500000953674,down,2026-09-22T12:21:36,94.0,50.0
AAPL,2027-01-15,114,Call,260.0,AAPL270115C00260000,83.9,85.7,84.80000000000001,84.8,0.35,0.414446,648.0,10186.0,0.3388,0.949,0.0017,0.2045,-0.0164,0.7746,84.8098,86.0,90.0,84.8,84.4500007629394,no_change,2026-09-22T15:55:00,138.0,74.0
AAPL,2027-01-15,114,Put,260.0,AAPL270115P00260000,1.35,1.53,1.44,1.34,-0.245,-15.4574,719.0,12940.0,0.3256,-0.0517,0.0017,0.2062,-0.0279,-0.0558,1.4011,1.53,1.57,1.27,1.58499997854233,up,2026-09-22T15:55:00,5.0,25.0
AAPL,2027-01-15,114,Call,265.0,AAPL270115C00265000,78.85,81.2,80.025,80.1,0.85,1.07256,650.0,2667.0,0.334,0.9406,0.002,0.2302,-0.0199,0.7808,80.1202,81.25,83.0,79.8,79.25,no_change,2026-09-22T15:55:00,165.0,68.0
AAPL,2027-01-15,114,Put,265.0,AAPL270115P00265000,1.49,1.78,1.635,1.57,-0.275,-14.9051,726.0,3845.0,0.3166,-0.0603,0.002,0.2337,-0.0309,-0.0655,1.6406,1.77,1.82,1.49,1.84499996900558,up,2026-09-22T15:55:00,38.0,10.0
AAPL,2027-01-15,114,Call,270.0,AAPL270115C00270000,75.2,76.35,75.775,75.4,0.25,0.332671,823.0,9429.0,0.3227,0.9309,0.0022,0.259,-0.0237,0.785,75.4762,76.6,78.9,75.4,75.1499977111816,down,2026-09-22T15:55:00,10.0,28.0
AAPL,2027-01-15,114,Put,270.0,AAPL270115P00270000,1.87,2.08,1.975,1.81,-0.325,-15.2225,894.0,18106.0,0.3122,-0.0703,0.0023,0.2613,-0.0341,-0.0754,1.9275,2.01,2.06,1.74,2.13499999046326,down,2026-09-22T15:55:00,5.0,38.0
AAPL,2027-01-15,114,Call,275.0,AAPL270115C00275000,70.0,71.75,70.875,70.8,0.65,0.926589,667.0,1382.0,0.3142,0.9195,0.0026,0.2901,-0.0278,0.7876,70.886,71.95,74.5,70.5,70.1499977111816,down,2026-09-22T15:55:00,103.0,30.0
AAPL,2027-01-15,114,Put,275.0,AAPL270115P00275000,2.21,2.36,2.285,2.26,-0.15,-6.22407,618.0,6956.0,0.3048,-0.0819,0.0026,0.2947,-0.0377,-0.0877,2.2679,2.21,2.45,2.07,2.4099999666214,up,2026-09-22T15:56:27,24.0,12.0
AAPL,2027-01-15,114,Call,280.0,AAPL270115C00280000,64.95,67.25,66.1,66.0,0.125,0.189753,55.0,31694.0,0.2901,0.9063,0.0029,0.3247,-0.0322,0.7877,66.3588,67.21,70.92,66.0,65.875,down,2026-09-22T15:56:44,267.0,101.0
AAPL,2027-01-15,114,Put,280.0,AAPL270115P00280000,2.52,2.73,2.625,2.63,-0.265,-9.15371,916.0,21201.0,0.2969,-0.0954,0.003,0.3279,-0.0415,-0.1017,2.6751,2.8,2.8,2.48,2.89499998092651,up,2026-09-22T15:48:30,74.0,75.0
AAPL,2027-01-15,114,Call,285.0,AAPL270115C00285000,61.6,62.75,62.175,61.85,0.275,0.446609,39.0,3176.0,0.3005,0.8911,0.0033,0.3613,-0.0368,0.7855,61.9053,62.9,66.41,61.85,61.5750007629394,no_change,2026-09-22T15:55:00,13.0,29.0
AAPL,2027-01-15,114,Put,285.0,AAPL270115P00285000,3.05,3.35,3.2,3.05,-0.35,-10.2941,150.0,4124.0,0.2943,-0.111,0.0034,0.3663,-0.0456,-0.1178,3.1551,3.05,3.1,2.89,3.39999997615814,no_change,2026-09-22T15:55:00,34.0,76.0
AAPL,2027-01-15,114,Call,290.0,AAPL270115C00290000,57.25,58.35,57.8,57.3,0.05,0.0873362,29.0,10664.0,0.2939,0.8737,0.0038,0.4008,-0.0415,0.7805,57.5362,58.39,60.0,56.45,57.25,down,2026-09-22T15:55:00,10.0,40.0
AAPL,2027-01-15,114,Put,290.0,AAPL270115P00290000,3.6,3.9,3.75,3.45,-0.475,-12.1019,99.0,10274.0,0.2885,-0.1288,0.0038,0.405,-0.0499,-0.1359,3.7249,3.5,3.87,3.39,3.92499995231628,up,2026-09-22T15:55:00,91.0,275.0
AAPL,2027-01-15,114,Call,295.0,AAPL270115C00295000,52.85,54.15,53.5,53.6,0.925,1.75605,8.0,8061.0,0.2879,0.854,0.0042,0.4415,-0.0464,0.7727,53.2645,54.2,55.85,53.6,52.6749992370606,no_change,2026-09-22T15:19:39,15.0,38.0
AAPL,2027-01-15,114,Put,295.0,AAPL270115P00295000,4.15,4.6,4.375,4.1,-0.55,-11.828,70.0,11139.0,0.2828,-0.149,0.0043,0.4471,-0.0543,-0.1563,4.3915,4.55,4.55,3.99,4.65000009536743,down,2026-09-22T13:21:51,32.0,47.0
AAPL,2027-01-15,114,Call,300.0,AAPL270115C00300000,48.9,49.45,49.175,48.92,0.22,0.451744,413.0,64861.0,0.2801,0.8318,0.0047,0.484,-0.0513,0.7616,49.1023,50.0,54.0,48.8,48.7000007629394,down,2026-09-22T15:58:35,1.0,13.0
AAPL,2027-01-15,114,Put,300.0,AAPL270115P00300000,5.0,5.25,5.125,5.13,-0.27,-5.0,803.0,14076.0,0.2776,-0.1719,0.0048,0.4892,-0.0588,-0.1787,5.1746,5.2,5.5,4.65,5.40000009536743,no_change,2026-09-22T15:57:35,10.0,42.0
AAPL,2027-01-15,114,Call,305.0,AAPL270115C00305000,43.55,45.95,44.75,45.0,0.625,1.40845,23.0,5180.0,0.2683,0.8071,0.0052,0.5264,-0.0562,0.7475,45.0642,45.95,47.8,45.0,44.375,down,2026-09-22T15:23:06,229.0,48.0
AAPL,2027-01-15,114,Put,305.0,AAPL270115P00305000,5.85,6.2,6.025,5.7,-0.65,-10.2362,32.0,8927.0,0.2733,-0.1975,0.0054,0.533,-0.0632,-0.2037,6.0821,6.2,6.2,5.59,6.34999990463257,no_change,2026-09-22T14:24:06,23.0,39.0
AAPL,2027-01-15,114,Call,310.0,AAPL270115C00310000,40.55,41.6,41.075,41.11,0.285,0.698105,77.0,27775.0,0.2688,0.7797,0.0057,0.5688,-0.0609,0.7297,41.1629,42.0,45.55,41.03,40.8249988555908,up,2026-09-22T15:51:46,19.0,19.0
AAPL,2027-01-15,114,Put,310.0,AAPL270115P00310000,6.9,7.2,7.050000000000001,7.1,-0.225,-3.07167,316.0,25300.0,0.2685,-0.2258,0.0059,0.5748,-0.0676,-0.2296,7.135,6.85,7.35,6.5,7.32500004768372,no_change,2026-09-22T15:59:46,47.0,70.0
AAPL,2027-01-15,114,Call,315.0,AAPL270115C00315000,36.2,37.95,37.075,37.63,0.58,1.56545,49.0,13959.0,0.261,0.7497,0.0062,0.6091,-0.0653,0.7089,37.4134,37.9,40.98,37.15,37.0499992370606,down,2026-09-22T15:42:45,216.0,43.0
AAPL,2027-01-15,114,Put,315.0,AAPL270115P00315000,8.15,8.6,8.375,8.4,-0.25,-2.89017,353.0,14336.0,0.2672,-0.2569,0.0064,0.6168,-0.0717,-0.2603,8.342,7.95,8.5,7.55,8.65000009536743,up,2026-09-22T15:55:00,5.0,32.0
AAPL,2027-01-15,114,Call,320.0,AAPL270115C00320000,33.1,34.1,33.6,33.7,0.225,0.672142,159.0,37077.0,0.2596,0.7173,0.0067,0.6473,-0.0693,0.6842,33.8282,34.55,37.8,33.55,33.4750003814697,down,2026-09-22T15:55:58,77.0,6.0
AAPL,2027-01-15,114,Put,320.0,AAPL270115P00320000,9.6,9.85,9.725,9.8,-0.175,-1.75438,271.0,11286.0,0.2636,-0.2908,0.007,0.6526,-0.0754,-0.2888,9.7238,9.0,9.9,8.75,9.97499990463257,up,2026-09-22T15:58:56,1.0,10.0
AAPL,2027-01-15,114,Call,325.0,AAPL270115C00325000,29.55,31.25,30.4,30.65,0.525,1.74274,80.0,8627.0,0.2596,0.6824,0.0072,0.6812,-0.0729,0.657,30.4208,30.85,33.9,30.0,30.125,down,2026-09-22T15:09:03,93.0,52.0
AAPL,2027-01-15,114,Put,325.0,AAPL270115P00325000,10.95,11.65,11.3,11.1,-0.45,-3.89611,127.0,5756.0,0.2622,-0.3271,0.0075,0.6871,-0.0787,-0.3234,11.2889,10.41,11.8,10.3,11.5500001907349,up,2026-09-22T14:52:07,21.0,93.0
AAPL,2027-01-15,114,Call,330.0,AAPL270115C00330000,26.9,27.35,27.125,27.02,0.245,0.915034,2299.0,22054.0,0.2557,0.6455,0.0076,0.7106,-0.0758,0.6261,27.2026,27.4,30.5,26.35,26.7749996185303,up,2026-09-22T15:58:03,18.0,35.0
AAPL,2027-01-15,114,Put,330.0,AAPL270115P00330000,12.75,13.45,13.1,12.93,-0.42,-3.14607,181.0,5005.0,0.2592,-0.3659,0.0079,0.7137,-0.0813,-0.3526,13.0529,12.5,13.3,11.91,13.3499999046326,up,2026-09-22T15:40:34,15.0,113.0
AAPL,2027-01-15,114,Call,335.0,AAPL270115C00335000,23.6,24.35,23.975,23.82,0.045,0.189276,218.0,7099.0,0.2511,0.6068,0.0079,0.7338,-0.0779,0.5932,24.1832,24.6,27.22,23.65,23.7749996185303,down,2026-09-22T15:56:44,41.0,10.0
AAPL,2027-01-15,114,Put,335.0,AAPL270115P00335000,14.9,15.4,15.15,14.9,-0.5,-3.24675,139.0,1955.0,0.2556,-0.4066,0.0083,0.7354,-0.0833,-0.3849,15.0272,14.92,15.35,13.5,15.4000000953674,up,2026-09-22T15:49:18,7.0,100.0
AAPL,2027-01-15,114,Call,340.0,AAPL270115C00340000,21.0,21.6,21.3,21.3,0.275,1.30797,625.0,10367.0,0.2503,0.5668,0.0082,0.7502,-0.0793,0.5577,21.3716,21.5,24.86,20.8,21.0249996185303,no_change,2026-09-22T15:59:59,19.0,27.0
AAPL,2027-01-15,114,Put,340.0,AAPL270115P00340000,17.1,17.5,17.3,17.4,-0.2,-1.13636,282.0,2839.0,0.2524,-0.449,0.0086,0.7488,-0.0844,-0.4156,17.2182,15.54,17.6,15.54,17.5999994277954,up,2026-09-22T15:55:02,5.0,29.0
AAPL,2027-01-15,114,Call,345.0,AAPL270115C00345000,18.45,18.85,18.65,18.5,0.075,0.40706,285.0,6672.0,0.2472,0.5258,0.0084,0.7592,-0.0798,0.5206,18.7722,18.87,21.0,18.4,18.4249992370605,down,2026-09-22T15:55:00,31.0,9.0
AAPL,2027-01-15,114,Put,345.0,AAPL270115P00345000,19.35,20.05,19.700000000000003,19.3,-0.675,-3.37923,73.0,555.0,0.2493,-0.4927,0.0089,0.753,-0.0848,-0.4402,19.6391,18.0,20.07,18.0,19.9750003814697,down,2026-09-22T15:32:20,33.0,110.0
AAPL,2027-01-15,114,Call,350.0,AAPL270115C00350000,16.1,16.45,16.275,16.2,0.125,0.777606,760.0,55072.0,0.2451,0.4843,0.0084,0.7603,-0.0795,0.4824,16.3886,16.2,19.3,15.8,16.0749998092651,no_change,2026-09-22T15:57:37,51.0,7.0
AAPL,2027-01-15,114,Put,350.0,AAPL270115P00350000,22.05,22.7,22.375,22.19,-0.485,-2.13892,46.0,722.0,0.2478,-0.5371,0.009,0.7489,-0.0844,-0.4686,22.2865,20.65,22.19,20.55,22.6750001907349,up,2026-09-22T15:53:16,8.0,66.0
AAPL,2027-01-15,114,Call,355.0,AAPL270115C00355000,13.85,14.25,14.05,14.13,0.23,1.65468,331.0,13377.0,0.2422,0.443,0.0084,0.7533,-0.0783,0.4432,14.2202,14.3,16.95,13.9,13.9000000953674,down,2026-09-22T15:51:46,33.0,5.0
AAPL,2027-01-15,114,Put,355.0,AAPL270115P00355000,24.6,25.9,25.25,23.09,-2.635,-10.243,10.0,113.0,0.2456,-0.5818,0.0091,0.7357,-0.0831,-0.4883,25.1703,23.09,23.09,23.09,25.7250003814697,no_change,2026-09-22T09:32:52,41.0,157.0
AAPL,2027-01-15,114,Call,360.0,AAPL270115C00360000,11.95,12.3,12.125,12.0,0.0,0.0,3722.0,25564.0,0.2408,0.4023,0.0083,0.7388,-0.0763,0.4046,12.265,12.62,14.5,11.76,12.0,down,2026-09-22T15:55:02,56.0,6.0
AAPL,2027-01-15,114,Put,360.0,AAPL270115P00360000,27.45,29.05,28.25,28.06,-0.59,-2.05934,32.0,199.0,0.2422,-0.6263,0.0091,0.7115,-0.0811,-0.5031,28.2817,27.85,28.06,26.1,28.6499996185303,no_change,2026-09-22T15:53:57,77.0,225.0
AAPL,2027-01-15,114,Call,365.0,AAPL270115C00365000,10.15,10.65,10.4,10.46,0.185,1.80049,219.0,5428.0,0.2394,0.3626,0.0081,0.7167,-0.0736,0.366,10.5162,11.1,12.2,10.15,10.2749996185303,down,2026-09-22T15:54:33,24.0,18.0
AAPL,2027-01-15,114,Put,365.0,AAPL270115P00365000,30.9,32.7,31.8,32.41,0.0,0.0,0.0,188.0,0.2437,-0.67,0.009,0.6804,-0.0785,-0.5067,31.6203,0.0,0.0,0.0,32.3500003814697,down,2026-09-21T13:45:38,18.0,162.0
AAPL,2027-01-15,114,Call,370.0,AAPL270115C00370000,8.75,9.0,8.875,8.85,0.075,0.854705,1114.0,10244.0,0.2382,0.3246,0.0078,0.6886,-0.0702,0.329,8.9654,10.6,11.1,8.65,8.77499961853027,up,2026-09-22T15:58:10,17.0,4.0
AAPL,2027-01-15,114,Put,370.0,AAPL270115P00370000,34.35,35.65,35.0,35.19,-0.81,-2.25,5.0,203.0,0.2367,-0.7126,0.0088,0.6369,-0.0753,-0.5034,35.1808,33.0,35.19,33.0,36.0,up,2026-09-22T15:51:46,36.0,15.0
AAPL,2027-01-15,114,Call,375.0,AAPL270115C00375000,7.4,7.7,7.550000000000001,7.58,0.13,1.74497,1778.0,3635.0,0.2375,0.2885,0.0075,0.6546,-0.0664,0.2932,7.6028,8.25,9.5,7.4,7.45000004768372,up,2026-09-22T15:55:00,7.0,26.0
AAPL,2027-01-15,114,Put,375.0,AAPL270115P00375000,38.0,40.55,39.275,39.7,0.0,0.0,0.0,34.0,0.2439,-0.7538,0.0086,0.5891,-0.0718,-0.4895,38.948,0.0,0.0,0.0,39.25,no_change,2026-09-21T15:11:13,19.0,164.0
AAPL,2027-01-15,114,Call,380.0,AAPL270115C00380000,6.2,6.5,6.35,6.4,0.125,1.99203,160.0,11577.0,0.2362,0.2547,0.0071,0.6165,-0.0621,0.2596,6.4144,7.0,8.0,6.15,6.27499985694885,up,2026-09-22T15:59:46,7.0,19.0
AAPL,2027-01-15,114,Put,380.0,AAPL270115P00380000,42.45,43.7,43.075,41.75,-2.275,-5.16752,17.0,23.0,0.2402,-0.7931,0.0082,0.5302,-0.0678,-0.4716,42.9209,42.25,42.25,41.75,44.0249996185303,down,2026-09-22T10:52:45,64.0,188.0
AAPL,2027-01-15,114,Call,385.0,AAPL270115C00385000,5.15,5.5,5.325,5.33,0.03,0.566039,155.0,8257.0,0.2353,0.2235,0.0066,0.5752,-0.0576,0.2284,5.3874,5.7,6.95,5.2,5.29999995231628,down,2026-09-22T15:47:15,73.0,28.0
AAPL,2027-01-15,114,Put,385.0,AAPL270115P00385000,46.1,48.25,47.175,66.05,0.0,0.0,0.0,5.0,0.2385,-0.8304,0.0079,0.4678,-0.0638,-0.4306,47.076,0.0,0.0,0.0,48.0,no_change,2026-09-10T10:07:39,20.0,143.0
AAPL,2027-01-15,114,Call,390.0,AAPL270115C00390000,4.3,4.6,4.449999999999999,4.51,0.085,1.9209,63.0,5853.0,0.2346,0.1949,0.0061,0.5318,-0.053,0.1994,4.5057,5.8,5.8,4.4,4.42500019073486,down,2026-09-22T15:48:18,36.0,19.0
AAPL,2027-01-15,114,Put,390.0,AAPL270115P00390000,50.45,52.95,51.7,70.75,0.0,0.0,0.0,28.0,0.2431,-0.8653,0.0075,0.3998,-0.0594,-0.382,51.4082,0.0,0.0,0.0,52.2999992370606,no_change,2026-09-10T10:07:47,30.0,193.0
AAPL,2027-01-15,114,Call,395.0,AAPL270115C00395000,3.6,3.85,3.725,3.78,0.13,3.56164,402.0,1577.0,0.2346,0.169,0.0056,0.4881,-0.0483,0.1734,3.7552,4.0,4.5,3.65,3.64999997615814,up,2026-09-22T15:55:00,40.0,45.0
AAPL,2027-01-15,114,Put,395.0,AAPL270115P00395000,54.95,57.6,56.275000000000006,91.63,0.0,0.0,0.0,0.0,0.2467,-0.8984,0.0072,0.3262,-0.0538,-0.3299,55.8975,0.0,0.0,0.0,57.1000003814697,down,2026-07-31T10:46:17,22.0,151.0
AAPL,2027-01-15,114,Call,400.0,AAPL270115C00400000,3.05,3.15,3.0999999999999996,3.1,0.05,1.63935,1076.0,10135.0,0.2344,0.1459,0.0051,0.4441,-0.0438,0.1496,3.1204,3.2,4.0,3.0,3.04999995231628,no_change,2026-09-22T15:57:37,48.0,1.0
AAPL,2027-01-15,114,Put,400.0,AAPL270115P00400000,59.55,61.6,60.575,59.7,-1.525,-2.49081,6.0,9.0,0.2369,-0.9294,0.007,0.2471,-0.0502,-0.2374,60.5337,58.92,59.7,58.92,61.2250003814697,up,2026-09-22T14:04:14,28.0,132.0
AAPL,2027-01-15,114,Call,410.0,AAPL270115C00410000,2.04,2.21,2.125,2.17,0.06,2.8436,1099.0,3656.0,0.2344,0.1073,0.0041,0.3609,-0.0352,0.1103,2.1412,2.6,2.75,2.11,2.11000001430511,down,2026-09-22T15:29:55,28.0,17.0
AAPL,2027-01-15,114,Put,410.0,AAPL270115P00410000,69.25,71.95,70.6,94.0,0.0,0.0,0.0,1.0,0.2638,-0.9797,0.005,0.084,-0.0474,-0.0127,70.1908,0.0,0.0,0.0,71.0499992370606,down,2026-09-08T15:32:36,6.0,82.0
AAPL,2027-01-15,114,Call,420.0,AAPL270115C00420000,1.4,1.6,1.5,1.48,0.025,1.71821,391.0,3403.0,0.2369,0.078,0.0032,0.287,-0.0278,0.0802,1.4636,1.5,1.81,1.48,1.4549999833107,down,2026-09-22T15:58:02,29.0,28.0
AAPL,2027-01-15,114,Put,420.0,AAPL270115P00420000,78.85,81.9,80.375,81.55,0.0,0.0,0.0,0.0,0.2759,-0.9998,0.0,0.0,-0.0467,0.0,80.1896,0.0,0.0,0.0,80.6500015258789,no_change,2026-07-28T13:36:16,6.0,81.0
AAPL,2027-01-15,114,Call,430.0,AAPL270115C00430000,0.89,1.18,1.035,1.02,0.035,3.5533,211.0,4621.0,0.2385,0.0564,0.0025,0.2249,-0.0216,0.058,1.0021,1.13,1.23,1.01,0.985000014305115,down,2026-09-22T15:59:27,172.0,125.0
AAPL,2027-01-15,114,Put,430.0,AAPL270115P00430000,89.25,91.9,90.575,124.69,0.0,0.0,0.0,0.0,0.3106,-1.0,0.0,0.0,-0.0467,0.0,90.1896,0.0,0.0,0.0,90.7000007629394,no_change,2026-08-03T14:57:33,6.0,81.0
AAPL,2027-01-15,114,Call,440.0,AAPL270115C00440000,0.58,0.83,0.705,0.7,0.02,2.94118,715.0,4306.0,0.2398,0.0407,0.0019,0.1746,-0.0168,0.0418,0.6908,0.79,0.8,0.69,0.679999977350235,up,2026-09-22T15:43:10,31.0,31.0
AAPL,2027-01-15,114,Put,440.0,AAPL270115P00440000,98.65,102.1,100.375,162.08,0.0,0.0,0.0,0.0,0.3211,-1.0,0.0,0.0,-0.0467,0.0,100.1896,0.0,0.0,0.0,100.75,down,2025-11-26T09:30:02,5.0,81.0
AAPL,2027-01-15,114,Call,450.0,AAPL270115C00450000,0.44,0.51,0.475,0.51,0.05,10.8696,134.0,17804.0,0.241,0.0295,0.0014,0.1351,-0.0129,0.0303,0.4816,0.46,0.61,0.46,0.46000000834465,down,2026-09-22T13:53:32,10.0,5.0
AAPL,2027-01-15,114,Put,450.0,AAPL270115P00450000,108.65,112.15,110.4,245.9,0.0,0.0,0.0,0.0,0.3443,-1.0,0.0,0.0,-0.0467,0.0,110.1896,0.0,0.0,0.0,110.724998474121,up,2025-06-09T12:26:33,6.0,82.0
AAPL,2027-01-15,114,Call,460.0,AAPL270115C00460000,0.32,0.37,0.345,0.33,-0.03,-8.33333,23.0,450.0,0.2451,0.0216,0.0011,0.1045,-0.01,0.0221,0.3409,0.31,0.42,0.31,0.359999999403954,no_change,2026-09-22T15:43:09,7.0,5.0
AAPL,2027-01-15,114,Put,460.0,AAPL270115P00460000,118.65,122.05,120.35,0.0,0.0,0.0,0.0,0.0,0.3614,-1.0,0.0,0.0,-0.0467,0.0,120.1896,0.0,0.0,0.0,120.724998474121,no_change,,5.0,81.0
AAPL,2027-01-15,114,Call,470.0,AAPL270115C00470000,0.19,0.28,0.23500000000000001,0.23,0.055,31.4286,48.0,443.0,0.2468,0.0159,0.0008,0.0813,-0.0078,0.0163,0.2456,0.27,0.28,0.23,0.175000000745058,down,2026-09-22T15:43:11,14.0,10.0
AAPL,2027-01-15,114,Put,470.0,AAPL270115P00470000,128.65,131.75,130.2,0.0,0.0,0.0,0.0,0.0,0.3631,-1.0,0.0,0.0,-0.0467,0.0,130.1896,0.0,0.0,0.0,130.724998474121,no_change,,5.0,80.0
AAPL,2027-01-15,114,Call,480.0,AAPL270115C00480000,0.1,0.27,0.185,0.05,-0.08,-61.5385,1.0,8868.0,0.253,0.012,0.0006,0.0639,-0.0062,0.0122,0.1803,0.05,0.05,0.05,0.129999997094274,down,2026-09-22T09:56:33,94.0,18.0
AAPL,2027-01-15,114,Put,480.0,AAPL270115P00480000,138.65,142.05,140.35000000000002,0.0,0.0,0.0,0.0,0.0,0.401,-1.0,0.0,0.0,-0.0467,0.0,140.1892,0.0,0.0,0.0,140.724998474121,no_change,,5.0,81.0
AAPL,2027-01-15,114,Call,490.0,AAPL270115C00490000,0.09,0.15,0.12,0.15,0.07,87.5,2.0,1001.0,0.253,0.0091,0.0005,0.0506,-0.0049,0.0093,0.1352,0.12,0.15,0.12,0.0800000028684735,up,2026-09-22T11:50:34,10.0,13.0
AAPL,2027-01-15,114,Put,490.0,AAPL270115P00490000,148.65,152.05,150.35000000000002,0.0,0.0,0.0,0.0,0.0,0.42,-1.0,0.0,0.0,-0.0467,0.0,150.1892,0.0,0.0,0.0,150.824996948242,no_change,,5.0,81.0
AAPL,2027-01-15,114,Call,500.0,AAPL270115C00500000,0.08,0.15,0.11499999999999999,0.1,0.01,11.1111,95.0,12604.0,0.2643,0.007,0.0004,0.0406,-0.004,0.0072,0.1033,0.1,0.1,0.07,0.0899999998509884,up,2026-09-22T11:00:20,2.0,138.0
AAPL,2027-01-15,114,Put,500.0,AAPL270115P00500000,158.65,162.05,160.35000000000002,0.0,0.0,0.0,0.0,0.0,0.4385,-1.0,0.0,0.0,-0.0467,0.0,160.1892,0.0,0.0,0.0,160.824996948242,no_change,,5.0,77.0
AAPL,2027-01-15,114,Call,510.0,AAPL270115C00510000,0.0,0.18,0.09,0.09,0.03,50.0,7.0,198.0,0.2692,0.0055,0.0003,0.0329,-0.0033,0.0056,0.0806,0.08,0.09,0.08,0.0599999986588955,up,2026-09-22T12:47:43,0.0,65.0
AAPL,2027-01-15,114,Put,510.0,AAPL270115P00510000,168.65,171.75,170.2,0.0,0.0,0.0,0.0,0.0,0.4357,-1.0,0.0,0.0,-0.0467,0.0,170.1896,0.0,0.0,0.0,170.724998474121,no_change,,6.0,80.0
AAPL,2027-01-15,114,Call,520.0,AAPL270115C00520000,0.0,0.15,0.075,0.06,0.0,0.0,0.0,4640.0,0.2755,0.0044,0.0002,0.027,-0.0027,0.0045,0.0639,0.0,0.0,0.0,0.0699999975040555,no_change,2026-09-15T10:03:14,0.0,25.0
AAPL,2027-01-15,114,Put,520.0,AAPL270115P00520000,178.7,182.0,180.35,0.0,0.0,0.0,0.0,0.0,0.474,-1.0,0.0,0.0,-0.0467,0.0,180.1892,0.0,0.0,0.0,180.699996948242,no_change,,5.0,81.0
AAPL,2027-01-15,114,Call,530.0,AAPL270115C00530000,0.03,0.1,0.065,0.05,0.0,0.0,0.0,5213.0,0.2831,0.0036,0.0002,0.0222,-0.0023,0.0036,0.0511,0.0,0.0,0.0,0.0449999989941716,up,2026-09-21T12:10:04,717.0,76.0
AAPL,2027-01-15,114,Put,530.0,AAPL270115P00530000,188.7,191.9,190.3,260.32,0.0,0.0,0.0,0.0,0.4853,-1.0,0.0,0.0,-0.0467,0.0,190.1896,0.0,0.0,0.0,190.875,up,2025-11-19T09:49:13,5.0,81.0
AAPL,2027-01-15,114,Call,540.0,AAPL270115C00540000,0.0,0.18,0.09,0.08,0.0,0.0,0.0,732.0,0.3032,0.0029,0.0002,0.0188,-0.0019,0.003,0.0422,0.0,0.0,0.0,0.025000000372529,down,2026-09-04T11:25:28,0.0,20.0
AAPL,2027-01-15,114,Put,540.0,AAPL270115P00540000,199.25,201.75,200.5,0.0,0.0,0.0,0.0,0.0,0.5199,-1.0,0.0,0.0,-0.0467,0.0,200.1896,0.0,0.0,0.0,201.074996948242,no_change,,5.0,80.0
AAPL,2027-01-15,114,Call,550.0,AAPL270115C00550000,0.03,0.05,0.04,0.03,-0.005,-14.2857,157.0,11840.0,0.2908,0.0024,0.0001,0.0157,-0.0016,0.0024,0.0347,0.04,0.05,0.03,0.0350000001490116,down,2026-09-22T15:46:19,100.0,492.0
AAPL,2027-01-15,114,Put,550.0,AAPL270115P00550000,208.65,212.05,210.35000000000002,274.35,0.0,0.0,0.0,0.0,0.5242,-1.0,0.0,0.0,-0.0467,0.0,210.1896,0.0,0.0,0.0,210.699996948242,down,2025-12-24T12:56:42,5.0,77.0
AAPL,2027-01-15,114,Call,560.0,AAPL270115C00560000,0.01,0.29,0.15,0.05,-0.045,-47.3684,12.0,41.0,0.3427,0.002,0.0001,0.0135,-0.0014,0.002,0.0293,0.08,0.1,0.05,0.09500000346452,down,2026-09-22T13:37:55,2.0,211.0
AAPL,2027-01-15,114,Put,560.0,AAPL270115P00560000,218.65,221.75,220.2,0.0,0.0,0.0,0.0,0.0,0.5172,-1.0,0.0,0.0,-0.0467,0.0,220.1896,0.0,0.0,0.0,220.824996948242,no_change,,6.0,80.0
AAPL,2027-01-15,114,Call,570.0,AAPL270115C00570000,0.01,0.05,0.030000000000000002,0.03,0.0,0.0,0.0,69.0,0.3026,0.0017,0.0001,0.0115,-0.0012,0.0017,0.0246,0.0,0.0,0.0,0.0300000002607703,no_change,2026-09-21T12:10:37,4.0,12.0
AAPL,2027-01-15,114,Put,570.0,AAPL270115P00570000,228.7,231.75,230.225,0.0,0.0,0.0,0.0,0.0,0.538,-1.0,0.0,0.0,-0.0467,0.0,230.1896,0.0,0.0,0.0,230.699996948242,no_change,,5.0,80.0
AAPL,2027-01-15,114,Call,580.0,AAPL270115C00580000,0.0,0.19,0.095,0.1,0.0,0.0,0.0,127.0,0.3469,0.0015,0.0001,0.01,-0.0011,0.0015,0.0211,0.0,0.0,0.0,0.0949999988079071,no_change,2026-09-04T09:46:54,0.0,1.0
AAPL,2027-01-15,114,Put,580.0,AAPL270115P00580000,238.7,241.8,240.25,0.0,0.0,0.0,0.0,0.0,0.5575,-1.0,0.0,0.0,-0.0467,0.0,240.1892,0.0,0.0,0.0,240.699996948242,no_change,,6.0,81.0
AAPL,2027-01-15,114,Call,590.0,AAPL270115C00590000,0.01,0.09,0.049999999999999996,0.09,-0.005,-5.26316,2.0,128.0,0.3359,0.0012,0.0001,0.0086,-0.001,0.0012,0.018,0.09,0.09,0.09,0.09500000346452,no_change,2026-09-22T10:41:11,3.0,18.0
AAPL,2027-01-15,114,Put,590.0,AAPL270115P00590000,248.65,252.05,250.35000000000002,0.0,0.0,0.0,0.0,0.0,0.5859,-1.0,0.0,0.0,-0.0467,0.0,250.1896,0.0,0.0,0.0,250.699996948242,no_change,,5.0,77.0
AAPL,2027-01-15,114,Call,600.0,AAPL270115C00600000,0.01,0.03,0.02,0.03,0.015,100.0,58.0,13400.0,0.325,0.0011,0.0001,0.0075,-0.0008,0.0011,0.0155,0.02,0.05,0.01,0.0149999996647239,down,2026-09-22T12:44:57,989.0,5.0
AAPL,2027-01-15,114,Put,600.0,AAPL270115P00600000,258.65,262.05,260.35,274.25,0.0,0.0,0.0,0.0,0.6006,-1.0,0.0,0.0,-0.0467,0.0,260.1896,0.0,0.0,0.0,260.699996948242,down,2026-07-20T11:34:53,5.0,77.0
AAPL,2027-02-19,149,Call,5.0,AAPL270219C00005000,332.95,336.55,334.75,299.6,0.0,0.0,0.0,0.0,0.0,1.0,0.0,0.0,0.0,0.0065,334.8547,0.0,0.0,0.0,334.199996948242,no_change,2026-06-08T14:33:34,76.0,5.0
AAPL,2027-02-19,149,Put,5.0,AAPL270219P00005000,0.0,0.01,0.005,0.01,0.0,0.0,0.0,4.0,2.0008,0.0,0.0,0.0,0.0,0.0,0.0002,0.0,0.0,0.0,0.00499999988824129,no_change,2026-06-18T13:32:14,0.0,1.0
AAPL,2027-02-19,149,Call,10.0,AAPL270219C00010000,328.0,331.6,329.8,0.0,0.0,0.0,0.0,0.0,0.0,1.0,0.0,0.0,0.0,0.0131,329.8843,0.0,0.0,0.0,329.300003051758,no_change,,76.0,5.0
AAPL,2027-02-19,149,Put,10.0,AAPL270219P00010000,0.0,0.34,0.17,0.0,0.0,0.0,0.0,0.0,2.2864,0.0,0.0,0.0001,0.0,0.0,0.0004,0.0,0.0,0.0,0.140000000596046,no_change,,0.0,227.0
AAPL,2027-02-19,149,Call,15.0,AAPL270219C00015000,323.15,326.5,324.825,0.0,0.0,0.0,0.0,0.0,0.0,1.0,0.0,0.0,0.0,0.0201,324.914,0.0,0.0,0.0,324.349990844727,no_change,,75.0,5.0
AAPL,2027-02-19,149,Put,15.0,AAPL270219P00015000,0.0,0.13,0.065,0.01,0.0,0.0,0.0,9500.0,1.4473,0.0,0.0,0.0001,0.0,0.0,0.0007,0.0,0.0,0.0,0.00499999988824129,down,2026-09-09T12:22:07,0.0,10.0
AAPL,2027-02-19,149,Call,20.0,AAPL270219C00020000,318.2,321.9,320.04999999999995,319.94,0.0,0.0,0.0,2.0,1.763,1.0,0.0,0.0001,0.0,0.0497,319.9495,0.0,0.0,0.0,319.425003051758,up,2026-07-28T15:40:21,1.0,5.0
AAPL,2027-02-19,149,Put,20.0,AAPL270219P00020000,0.0,0.34,0.17,0.0,0.0,0.0,0.0,0.0,1.7939,0.0,0.0,0.0002,-0.0001,0.0,0.0011,0.0,0.0,0.0,0.140000000596046,no_change,,0.0,181.0
AAPL,2027-02-19,149,Call,25.0,AAPL270219C00025000,313.25,316.85,315.05,0.0,0.0,0.0,0.0,0.0,1.3464,1.0,0.0,0.0002,0.0,0.0938,315.032,0.0,0.0,0.0,314.525009155273,no_change,,76.0,5.0
AAPL,2027-02-19,149,Put,25.0,AAPL270219P00025000,0.0,0.34,0.17,0.0,0.0,0.0,0.0,0.0,1.6437,0.0,0.0,0.0002,-0.0001,0.0,0.0016,0.0,0.0,0.0,0.140000000596046,no_change,,0.0,187.0
AAPL,2027-02-19,149,Call,30.0,AAPL270219C00030000,308.3,312.05,310.175,0.0,0.0,0.0,0.0,0.0,1.4221,1.0,0.0,0.0003,0.0,0.1125,310.1202,0.0,0.0,0.0,309.599990844727,no_change,,75.0,5.0
AAPL,2027-02-19,149,Put,30.0,AAPL270219P00030000,0.0,0.34,0.17,0.0,0.0,0.0,0.0,0.0,1.5236,0.0,0.0,0.0004,-0.0001,-0.0001,0.0022,0.0,0.0,0.0,0.140000000596046,no_change,,0.0,182.0
AAPL,2027-02-19,149,Call,35.0,AAPL270219C00035000,303.45,307.15,305.29999999999995,0.0,0.0,0.0,0.0,0.0,1.38,1.0,0.0,0.0004,0.0,0.1312,305.2084,0.0,0.0,0.0,304.75,no_change,,76.0,5.0
AAPL,2027-02-19,149,Put,35.0,AAPL270219P00035000,0.0,0.34,0.17,0.0,0.0,0.0,0.0,0.0,1.4235,0.0,0.0,0.0005,-0.0001,-0.0001,0.0029,0.0,0.0,0.0,0.140000000596046,no_change,,0.0,189.0
AAPL,2027-02-19,149,Call,40.0,AAPL270219C00040000,298.55,302.25,300.4,0.0,0.0,0.0,0.0,0.0,1.3104,1.0,0.0,0.0006,0.0,0.1498,300.2969,0.0,0.0,0.0,299.775009155273,no_change,,1.0,5.0
AAPL,2027-02-19,149,Put,40.0,AAPL270219P00040000,0.0,0.34,0.17,0.0,0.0,0.0,0.0,0.0,1.338,-0.0001,0.0,0.0006,-0.0002,-0.0001,0.0038,0.0,0.0,0.0,0.170000001788139,no_change,,0.0,199.0
AAPL,2027-02-19,149,Call,45.0,AAPL270219C00045000,293.6,297.3,295.45000000000005,0.0,0.0,0.0,0.0,0.0,1.1938,1.0,0.0,0.0007,0.0,0.1685,295.3854,0.0,0.0,0.0,294.674987792969,no_change,,76.0,5.0
AAPL,2027-02-19,149,Put,45.0,AAPL270219P00045000,0.0,0.34,0.17,0.0,0.0,0.0,0.0,0.0,1.2634,-0.0001,0.0,0.0008,-0.0002,-0.0001,0.0048,0.0,0.0,0.0,0.170000001788139,no_change,,0.0,191.0
AAPL,2027-02-19,149,Call,50.0,AAPL270219C00050000,288.7,292.4,290.54999999999995,0.0,0.0,0.0,0.0,0.0,1.1452,1.0,0.0,0.001,0.0,0.1872,290.4742,0.0,0.0,0.0,289.774993896484,no_change,,1.0,5.0
AAPL,2027-02-19,149,Put,50.0,AAPL270219P00050000,0.01,0.25,0.13,0.09,-0.04,-30.7692,4.0,248.0,1.1623,-0.0001,0.0,0.001,-0.0003,-0.0002,0.006,0.02,0.09,0.02,0.129999995231628,up,2026-09-22T15:58:49,1.0,139.0
AAPL,2027-02-19,149,Call,55.0,AAPL270219C00055000,283.75,287.5,285.625,278.59,0.0,0.0,0.0,19.0,1.0741,1.0,0.0,0.0012,0.0,0.2058,285.5632,0.0,0.0,0.0,285.0,up,2026-09-16T12:10:43,78.0,5.0
AAPL,2027-02-19,149,Put,55.0,AAPL270219P00055000,0.0,0.35,0.175,0.0,0.0,0.0,0.0,0.0,1.1415,-0.0001,0.0,0.0013,-0.0003,-0.0002,0.0075,0.0,0.0,0.0,0.140000000596046,no_change,,0.0,98.0
AAPL,2027-02-19,149,Call,60.0,AAPL270219C00060000,278.9,282.55,280.725,0.0,0.0,0.0,0.0,0.0,1.0083,1.0,0.0,0.0015,0.0,0.2245,280.6524,0.0,0.0,0.0,280.125,no_change,,75.0,5.0
AAPL,2027-02-19,149,Put,60.0,AAPL270219P00060000,0.01,0.08,0.045,0.03,-0.005,-14.2857,2.0,722.0,0.9479,-0.0002,0.0,0.0016,-0.0004,-0.0003,0.0091,0.09,0.09,0.03,0.034999999217689,down,2026-09-22T10:56:13,1.0,28.0
AAPL,2027-02-19,149,Call,65.0,AAPL270219C00065000,274.0,277.35,275.675,244.67,0.0,0.0,0.0,20.0,0.0,1.0,0.0,0.0019,0.0,0.2431,275.7418,0.0,0.0,0.0,275.024993896484,up,2026-06-05T15:46:18,78.0,5.0
AAPL,2027-02-19,149,Put,65.0,AAPL270219P00065000,0.0,0.28,0.14,0.02,0.0,0.0,0.0,15.0,1.0127,-0.0002,0.0,0.002,-0.0005,-0.0004,0.011,0.0,0.0,0.0,0.0149999996647239,down,2026-09-21T14:13:47,0.0,102.0
AAPL,2027-02-19,149,Call,70.0,AAPL270219C00070000,269.0,272.5,270.75,239.85,0.0,0.0,0.0,36.0,0.0,1.0,0.0,0.0022,0.0,0.2618,270.8316,0.0,0.0,0.0,270.300003051758,up,2026-06-05T15:45:59,75.0,5.0
AAPL,2027-02-19,149,Put,70.0,AAPL270219P00070000,0.0,0.35,0.175,0.0,0.0,0.0,0.0,0.0,0.9925,-0.0003,0.0,0.0024,-0.0006,-0.0004,0.0133,0.0,0.0,0.0,0.144999995827675,no_change,,0.0,98.0
AAPL,2027-02-19,149,Call,75.0,AAPL270219C00075000,264.15,267.5,265.825,234.84,0.0,0.0,0.0,36.0,0.0,1.0,0.0,0.0026,0.0,0.2804,265.9217,0.0,0.0,0.0,265.400009155273,up,2026-06-05T15:44:16,75.0,5.0
AAPL,2027-02-19,149,Put,75.0,AAPL270219P00075000,0.0,0.29,0.145,0.0,0.0,0.0,0.0,0.0,0.9306,-0.0004,0.0,0.0028,-0.0006,-0.0005,0.0158,0.0,0.0,0.0,0.144999995827675,no_change,,0.0,98.0
AAPL,2027-02-19,149,Call,80.0,AAPL270219C00080000,259.25,262.7,260.975,235.37,0.0,0.0,0.0,62.0,0.0,1.0,0.0,0.0033,0.0,0.299,261.0122,0.0,0.0,0.0,260.474990844727,up,2026-08-31T13:32:44,75.0,5.0
AAPL,2027-02-19,149,Put,80.0,AAPL270219P00080000,0.0,0.35,0.175,0.02,0.0,0.0,0.0,43.0,0.9109,-0.0004,0.0,0.0034,-0.0008,-0.0006,0.0188,0.0,0.0,0.0,0.144999995827675,down,2026-09-10T14:14:27,0.0,112.0
AAPL,2027-02-19,149,Call,85.0,AAPL270219C00085000,254.35,257.7,256.025,225.21,0.0,0.0,0.0,69.0,0.0,0.9999,0.0,0.0038,0.0,0.3176,256.1031,0.0,0.0,0.0,255.550003051758,up,2026-06-05T15:45:00,75.0,5.0
AAPL,2027-02-19,149,Put,85.0,AAPL270219P00085000,0.01,0.29,0.15,0.01,0.0,0.0,0.0,21.0,0.8591,-0.0005,0.0,0.004,-0.0009,-0.0008,0.0221,0.0,0.0,0.0,0.0500000007450581,down,2026-09-21T15:21:25,1.0,197.0
AAPL,2027-02-19,149,Call,90.0,AAPL270219C00090000,249.5,252.75,251.125,245.75,0.0,0.0,0.0,35.0,0.0,0.9998,0.0,0.0044,0.0,0.3362,251.1945,0.0,0.0,0.0,250.650001525879,up,2026-09-11T13:24:30,75.0,5.0
AAPL,2027-02-19,149,Put,90.0,AAPL270219P00090000,0.0,0.29,0.145,0.03,0.0,0.0,0.0,5.0,0.822,-0.0006,0.0,0.0047,-0.001,-0.0009,0.026,0.0,0.0,0.0,0.0449999989941716,down,2026-09-21T15:27:59,0.0,98.0
AAPL,2027-02-19,149,Call,95.0,AAPL270219C00095000,244.55,247.85,246.2,215.55,0.0,0.0,0.0,36.0,0.0,0.9997,0.0,0.0054,0.0,0.3549,246.2863,0.0,0.0,0.0,245.574996948242,up,2026-06-05T15:16:00,75.0,6.0
AAPL,2027-02-19,149,Put,95.0,AAPL270219P00095000,0.0,0.32,0.16,0.05,0.0,0.0,0.0,4.0,0.7987,-0.0007,0.0,0.0055,-0.0011,-0.0011,0.0303,0.0,0.0,0.0,0.0449999989941716,down,2026-09-08T09:57:17,0.0,108.0
AAPL,2027-02-19,149,Call,100.0,AAPL270219C00100000,239.6,242.95,241.27499999999998,214.06,0.0,0.0,0.0,35.0,0.0,0.9996,0.0,0.0063,0.0,0.3734,241.3789,0.0,0.0,0.0,240.650001525879,no_change,2026-06-08T09:43:33,1.0,5.0
AAPL,2027-02-19,149,Put,100.0,AAPL270219P00100000,0.0,0.1,0.05,0.03,-0.015,-33.3333,5.0,5.0,0.6824,-0.0008,0.0,0.0064,-0.0013,-0.0013,0.0352,0.15,0.15,0.03,0.0449999989941716,no_change,2026-09-22T10:56:57,0.0,25.0
AAPL,2027-02-19,149,Call,105.0,AAPL270219C00105000,234.6,238.05,236.325,209.44,0.0,0.0,0.0,56.0,0.0,0.9994,0.0,0.0072,0.0,0.3919,236.4721,0.0,0.0,0.0,235.900001525879,up,2026-06-08T09:43:16,90.0,6.0
AAPL,2027-02-19,149,Put,105.0,AAPL270219P00105000,0.0,0.29,0.145,0.04,-0.005,-11.1111,6.0,9.0,0.7312,-0.001,0.0,0.0075,-0.0015,-0.0015,0.0408,0.08,0.1,0.03,0.0449999989941716,down,2026-09-22T12:31:28,0.0,236.0
AAPL,2027-02-19,149,Call,110.0,AAPL270219C00110000,229.85,233.15,231.5,204.53,0.0,0.0,0.0,56.0,0.0,0.9993,0.0,0.0085,0.0,0.4104,231.5659,0.0,0.0,0.0,231.0,no_change,2026-06-08T09:42:50,75.0,5.0
AAPL,2027-02-19,149,Put,110.0,AAPL270219P00110000,0.0,0.35,0.175,0.07,0.035,100.0,1.0,12.0,0.7188,-0.0012,0.0,0.0087,-0.0017,-0.0018,0.0472,0.07,0.07,0.07,0.034999999217689,up,2026-09-22T13:42:28,0.0,146.0
AAPL,2027-02-19,149,Call,115.0,AAPL270219C00115000,224.9,228.2,226.55,178.38,0.0,0.0,0.0,54.0,0.0,0.9991,0.0,0.0098,0.0,0.4291,226.6607,0.0,0.0,0.0,226.099998474121,down,2026-06-10T10:17:21,78.0,6.0
AAPL,2027-02-19,149,Put,115.0,AAPL270219P00115000,0.01,0.12,0.065,0.04,-0.01,-20.0,5.0,37.0,0.6233,-0.0014,0.0,0.01,-0.0019,-0.002,0.0544,0.12,0.12,0.04,0.0500000016763806,no_change,2026-09-22T13:42:40,28.0,28.0
AAPL,2027-02-19,149,Call,120.0,AAPL270219C00120000,220.0,223.4,221.7,185.94,0.0,0.0,0.0,40.0,0.4846,0.9989,0.0,0.0112,0.0,0.4474,221.7564,0.0,0.0,0.0,221.175003051758,down,2026-08-17T13:09:52,78.0,5.0
AAPL,2027-02-19,149,Put,120.0,AAPL270219P00120000,0.01,0.08,0.045,0.08,0.035,77.7778,3.0,28.0,0.5796,-0.0016,0.0,0.0115,-0.0021,-0.0024,0.0624,0.08,0.08,0.08,0.0449999989941716,no_change,2026-09-22T13:42:03,5.0,5.0
AAPL,2027-02-19,149,Call,125.0,AAPL270219C00125000,215.0,218.4,216.7,204.36,0.0,0.0,0.0,82.0,0.0,0.9986,0.0,0.013,0.0,0.4658,216.8531,0.0,0.0,0.0,216.125,up,2026-09-01T11:56:07,80.0,5.0
AAPL,2027-02-19,149,Put,125.0,AAPL270219P00125000,0.01,0.09,0.049999999999999996,0.06,0.0,-8.69234e-07,3.0,27.0,0.5636,-0.0018,0.0,0.0132,-0.0024,-0.0028,0.0715,0.06,0.06,0.05,0.0600000005215406,up,2026-09-22T13:42:22,5.0,27.0
AAPL,2027-02-19,149,Call,130.0,AAPL270219C00130000,210.1,213.5,211.8,199.32,0.0,0.0,0.0,89.0,0.0,0.9983,0.0,0.0149,0.0,0.4846,211.951,0.0,0.0,0.0,211.125,up,2026-09-01T12:28:54,78.0,6.0
AAPL,2027-02-19,149,Put,130.0,AAPL270219P00130000,0.01,0.12,0.065,0.08,0.0,0.0,0.0,23.0,0.5567,-0.0022,0.0,0.0151,-0.0026,-0.0032,0.0818,0.0,0.0,0.0,0.0649999985471368,down,2026-09-03T10:25:52,5.0,1.0
AAPL,2027-02-19,149,Call,135.0,AAPL270219C00135000,205.25,208.6,206.925,176.61,0.0,0.0,0.0,50.0,0.0,0.998,0.0001,0.0169,0.0,0.5028,207.0502,0.0,0.0,0.0,206.224998474121,down,2026-06-05T15:21:12,78.0,6.0
AAPL,2027-02-19,149,Put,135.0,AAPL270219P00135000,0.01,0.14,0.07500000000000001,0.12,0.0,0.0,0.0,30.0,0.5439,-0.0025,0.0001,0.0171,-0.0029,-0.0037,0.0933,0.0,0.0,0.0,0.0750000001862645,no_change,2026-09-08T09:59:06,5.0,46.0
AAPL,2027-02-19,149,Call,140.0,AAPL270219C00140000,200.45,203.7,202.075,187.73,0.0,0.0,0.0,68.0,0.4801,0.9976,0.0001,0.0193,0.0,0.5217,202.1508,0.0,0.0,0.0,201.324996948242,down,2026-09-02T09:51:34,78.0,6.0
AAPL,2027-02-19,149,Put,140.0,AAPL270219P00140000,0.03,0.15,0.09,0.09,0.01,12.5,2.0,197.0,0.5338,-0.0028,0.0001,0.0195,-0.0032,-0.0042,0.1061,0.1,0.1,0.09,0.0800000028684735,down,2026-09-22T11:03:09,5.0,10.0
AAPL,2027-02-19,149,Call,145.0,AAPL270219C00145000,195.5,198.8,197.15,173.08,0.0,0.0,0.0,71.0,0.4404,0.9972,0.0001,0.0219,0.0,0.5399,197.2532,0.0,0.0,0.0,196.375,up,2026-08-31T11:52:49,78.0,6.0
AAPL,2027-02-19,149,Put,145.0,AAPL270219P00145000,0.01,0.17,0.09000000000000001,0.26,0.0,0.0,0.0,47.0,0.5142,-0.0033,0.0001,0.0222,-0.0036,-0.0048,0.1206,0.0,0.0,0.0,0.100000000558794,no_change,2026-08-03T15:13:37,5.0,10.0
AAPL,2027-02-19,149,Call,150.0,AAPL270219C00150000,190.55,193.95,192.25,177.79,0.0,0.0,0.0,71.0,0.4442,0.9967,0.0001,0.0249,0.0,0.5921,192.3576,0.0,0.0,0.0,191.699996948242,up,2026-09-01T11:27:13,79.0,6.0
AAPL,2027-02-19,149,Put,150.0,AAPL270219P00150000,0.03,0.17,0.1,0.16,0.0,0.0,0.0,34.0,0.5008,-0.0038,0.0001,0.0251,-0.004,-0.0056,0.1369,0.0,0.0,0.0,0.120000002905726,down,2026-09-01T10:25:43,9.0,19.0
AAPL,2027-02-19,149,Call,155.0,AAPL270219C00155000,185.65,189.05,187.35000000000002,173.14,0.0,0.0,0.0,49.0,0.4343,0.9961,0.0001,0.0281,0.0,0.6311,187.4703,0.0,0.0,0.0,186.575004577637,up,2026-09-01T11:31:03,80.0,6.0
AAPL,2027-02-19,149,Put,155.0,AAPL270219P00155000,0.1,0.21,0.155,0.23,0.07,43.75,12.0,46.0,0.5063,-0.0043,0.0001,0.0283,-0.0044,-0.0064,0.1552,0.11,0.23,0.11,0.160000000149012,up,2026-09-22T10:37:42,3.0,185.0
AAPL,2027-02-19,149,Call,160.0,AAPL270219C00160000,180.7,184.15,182.425,169.25,0.0,0.0,0.0,57.0,0.3835,0.9955,0.0001,0.0317,0.0,0.6511,182.5873,0.0,0.0,0.0,181.724998474121,up,2026-09-01T12:14:24,82.0,10.0
AAPL,2027-02-19,149,Put,160.0,AAPL270219P00160000,0.1,0.25,0.175,0.18,0.0,0.0,0.0,39.0,0.4945,-0.0049,0.0001,0.0319,-0.0049,-0.0073,0.1757,0.0,0.0,0.0,0.175000000745058,down,2026-09-10T11:00:58,12.0,297.0
AAPL,2027-02-19,149,Call,165.0,AAPL270219C00165000,175.95,178.8,177.375,153.48,0.0,0.0,0.0,572.0,0.0,0.9948,0.0001,0.0357,0.0,0.6705,177.7068,0.0,0.0,0.0,176.900001525879,up,2026-08-19T14:39:19,86.0,5.0
AAPL,2027-02-19,149,Put,165.0,AAPL270219P00165000,0.1,0.27,0.185,0.19,0.0,0.0,0.0,178.0,0.4793,-0.0056,0.0001,0.036,-0.0054,-0.0083,0.1987,0.0,0.0,0.0,0.195000000298023,down,2026-09-16T10:25:15,5.0,118.0
AAPL,2027-02-19,149,Call,170.0,AAPL270219C00170000,171.1,174.4,172.75,146.7,0.0,0.0,0.0,41.0,0.4485,0.994,0.0002,0.0402,0.0,0.6899,172.8292,0.0,0.0,0.0,171.949996948242,up,2026-08-24T10:56:01,75.0,5.0
AAPL,2027-02-19,149,Put,170.0,AAPL270219P00170000,0.1,0.32,0.21000000000000002,0.36,0.0,0.0,0.0,58.0,0.4685,-0.0064,0.0002,0.0406,-0.0059,-0.0095,0.2246,0.0,0.0,0.0,0.229999996721745,up,2026-09-02T14:01:25,1.0,130.0
AAPL,2027-02-19,149,Call,175.0,AAPL270219C00175000,166.15,169.55,167.85000000000002,141.89,0.0,0.0,0.0,80.0,0.4327,0.9931,0.0002,0.0452,0.0,0.709,167.9549,0.0,0.0,0.0,167.125,up,2026-09-09T11:50:31,79.0,5.0
AAPL,2027-02-19,149,Put,175.0,AAPL270219P00175000,0.14,0.34,0.24000000000000002,0.3,0.0,0.0,0.0,205.0,0.4584,-0.0074,0.0002,0.0454,-0.0065,-0.0108,0.254,0.0,0.0,0.0,0.265000008046627,no_change,2026-09-11T15:30:39,5.0,138.0
AAPL,2027-02-19,149,Call,180.0,AAPL270219C00180000,161.3,164.65,162.97500000000002,156.35,0.0,0.0,0.0,26.0,0.4249,0.9921,0.0002,0.0506,0.0,0.728,163.0843,0.0,0.0,0.0,162.375,up,2026-09-17T10:50:52,75.0,5.0
AAPL,2027-02-19,149,Put,180.0,AAPL270219P00180000,0.17,0.39,0.28,0.34,0.0,0.0,0.0,72.0,0.4499,-0.0084,0.0002,0.051,-0.0071,-0.0123,0.287,0.0,0.0,0.0,0.309999994933605,no_change,2026-09-15T13:54:33,5.0,138.0
AAPL,2027-02-19,149,Call,185.0,AAPL270219C00185000,156.5,159.8,158.15,150.35,0.0,0.0,0.0,21.0,0.4277,0.9909,0.0003,0.0568,0.0,0.7468,158.218,0.0,0.0,0.0,157.325004577637,up,2026-07-17T12:15:04,75.0,6.0
AAPL,2027-02-19,149,Put,185.0,AAPL270219P00185000,0.21,0.43,0.32,0.36,0.0,0.0,0.0,117.0,0.4404,-0.0096,0.0003,0.0573,-0.0078,-0.014,0.3243,0.0,0.0,0.0,0.320000007748604,down,2026-09-21T09:57:30,9.0,233.0
AAPL,2027-02-19,149,Call,190.0,AAPL270219C00190000,151.65,154.95,153.3,128.22,0.0,0.0,0.0,48.0,0.4216,0.9896,0.0003,0.0637,0.0,0.7653,153.3566,0.0,0.0,0.0,152.525001525879,down,2026-09-09T13:03:30,81.0,10.0
AAPL,2027-02-19,149,Put,190.0,AAPL270219P00190000,0.25,0.51,0.38,0.38,0.0,1.25483e-06,1.0,341.0,0.4335,-0.0109,0.0003,0.0644,-0.0086,-0.016,0.3668,0.38,0.38,0.38,0.379999995231628,no_change,2026-09-22T11:16:29,10.0,338.0
AAPL,2027-02-19,149,Call,195.0,AAPL270219C00195000,146.8,150.1,148.45,134.9,0.0,0.0,0.0,9.0,0.4141,0.9881,0.0004,0.0714,0.0,0.7835,148.501,0.0,0.0,0.0,147.924995422363,down,2026-07-22T12:53:51,79.0,10.0
AAPL,2027-02-19,149,Put,195.0,AAPL270219P00195000,0.35,0.57,0.45999999999999996,0.39,-0.015,-3.7037,1.0,101.0,0.4281,-0.0124,0.0004,0.0718,-0.0094,-0.0181,0.4152,0.39,0.39,0.39,0.405000001192093,down,2026-09-22T14:01:40,5.0,309.0
AAPL,2027-02-19,149,Call,200.0,AAPL270219C00200000,141.95,145.25,143.6,128.98,0.0,0.0,0.0,467.0,0.4055,0.9864,0.0004,0.0798,0.0,0.8014,143.6521,0.0,0.0,0.0,143.100006103516,up,2026-09-10T12:44:47,178.0,18.0
AAPL,2027-02-19,149,Put,200.0,AAPL270219P00200000,0.42,0.49,0.45499999999999996,0.47,-0.035,-6.9307,1.0,560.0,0.4106,-0.0141,0.0004,0.0804,-0.0103,-0.0206,0.4696,0.47,0.47,0.47,0.50500001013279,down,2026-09-22T14:01:40,10.0,45.0
AAPL,2027-02-19,149,Call,210.0,AAPL270219C00210000,132.65,135.5,134.075,129.72,0.0,0.0,0.0,42.0,0.4044,0.9822,0.0005,0.1001,0.0,0.836,133.9786,0.0,0.0,0.0,133.400001525879,no_change,2026-09-17T12:06:14,76.0,6.0
AAPL,2027-02-19,149,Put,210.0,AAPL270219P00210000,0.57,0.7,0.635,0.59,-0.075,-11.2782,101.0,240.0,0.3977,-0.0184,0.0005,0.1009,-0.0124,-0.0268,0.6051,0.6,0.6,0.59,0.66499999165535,down,2026-09-22T15:31:56,6.0,123.0
AAPL,2027-02-19,149,Call,220.0,AAPL270219C00220000,122.7,125.9,124.30000000000001,117.9,0.0,0.0,0.0,199.0,0.374,0.9766,0.0007,0.125,0.0,0.8687,124.3477,0.0,0.0,0.0,123.525001525879,down,2026-09-16T12:11:35,227.0,30.0
AAPL,2027-02-19,149,Put,220.0,AAPL270219P00220000,0.73,0.82,0.7749999999999999,0.81,-0.095,-10.4972,2.0,539.0,0.3777,-0.0239,0.0007,0.1258,-0.0149,-0.0347,0.7802,0.83,0.83,0.81,0.905000001192093,down,2026-09-22T12:06:31,52.0,10.0
AAPL,2027-02-19,149,Call,230.0,AAPL270219C00230000,113.2,116.35,114.775,116.05,1.65,1.44231,1.0,189.0,0.3626,0.9694,0.0009,0.1562,0.0,0.8985,114.7748,116.05,116.05,116.05,114.400001525879,up,2026-09-22T10:29:15,226.0,90.0
AAPL,2027-02-19,149,Put,230.0,AAPL270219P00230000,0.96,1.22,1.0899999999999999,1.11,-0.015,-1.33333,1.0,1168.0,0.3674,-0.0313,0.0009,0.157,-0.0179,-0.0452,1.0165,1.11,1.11,1.11,1.125,up,2026-09-22T09:45:28,5.0,227.0
AAPL,2027-02-19,149,Call,240.0,AAPL270219C00240000,103.5,106.85,105.175,101.45,0.0,0.0,0.0,109.0,0.3423,0.9598,0.0012,0.1944,0.0,0.9248,105.2811,0.0,0.0,0.0,104.525001525879,up,2026-09-18T14:37:39,220.0,30.0
AAPL,2027-02-19,149,Put,240.0,AAPL270219P00240000,1.28,1.54,1.4100000000000001,1.33,-0.14,-9.52381,13.0,2702.0,0.3522,-0.041,0.0012,0.1963,-0.0216,-0.0591,1.3326,1.41,1.41,1.29,1.46999996900558,up,2026-09-22T15:02:39,5.0,188.0
AAPL,2027-02-19,149,Call,250.0,AAPL270219C00250000,95.15,96.95,96.05000000000001,99.38,4.455,4.69318,23.0,560.0,0.3413,0.9472,0.0015,0.2408,-0.0014,0.9463,95.8954,98.96,99.38,98.96,94.9249992370606,up,2026-09-22T11:22:49,126.0,20.0
AAPL,2027-02-19,149,Put,250.0,AAPL270219P00250000,1.65,1.82,1.7349999999999999,1.77,-0.14,-7.32984,13.0,2542.0,0.3338,-0.0539,0.0015,0.2429,-0.0258,-0.0771,1.7597,1.85,1.85,1.75,1.91000002622604,no_change,2026-09-22T10:58:50,10.0,5.0
AAPL,2027-02-19,149,Call,260.0,AAPL270219C00260000,85.55,87.7,86.625,89.55,3.35,3.88631,25.0,721.0,0.3216,0.9307,0.0019,0.2967,-0.0088,0.9617,86.6549,89.55,89.55,89.55,86.2000007629394,no_change,2026-09-22T12:23:50,204.0,33.0
AAPL,2027-02-19,149,Put,260.0,AAPL270219P00260000,2.2,2.47,2.335,2.22,-0.3,-11.9048,19.0,3445.0,0.3228,-0.0706,0.0019,0.2992,-0.0308,-0.1003,2.3341,2.38,2.46,2.22,2.51999998092651,down,2026-09-22T14:25:21,22.0,52.0
AAPL,2027-02-19,149,Call,270.0,AAPL270219C00270000,76.15,78.65,77.4,72.94,0.0,0.0,0.0,283.0,0.3057,0.9095,0.0024,0.3619,-0.0168,0.9695,77.6074,0.0,0.0,0.0,77.0,down,2026-09-16T10:38:04,217.0,26.0
AAPL,2027-02-19,149,Put,270.0,AAPL270219P00270000,2.99,3.35,3.17,3.05,-0.25,-7.57576,97.0,13260.0,0.3135,-0.0922,0.0024,0.3649,-0.0365,-0.1304,3.1057,3.13,3.25,2.95,3.30000007152557,up,2026-09-22T13:54:24,37.0,154.0
AAPL,2027-02-19,149,Call,280.0,AAPL270219C00280000,67.4,69.85,68.625,71.45,3.325,4.88073,3.0,858.0,0.2973,0.8825,0.003,0.4356,-0.0254,0.9682,68.8125,68.4,72.2,68.4,68.125,down,2026-09-22T12:37:29,303.0,36.0
AAPL,2027-02-19,149,Put,280.0,AAPL270219P00280000,3.95,4.25,4.1,4.1,-0.275,-6.28571,29.0,7547.0,0.3009,-0.1199,0.0031,0.4401,-0.0428,-0.1683,4.1352,4.15,4.15,3.89,4.375,down,2026-09-22T15:57:35,32.0,28.0
AAPL,2027-02-19,149,Call,290.0,AAPL270219C00290000,58.75,61.35,60.05,61.73,2.18,3.66079,1.0,1936.0,0.287,0.8489,0.0037,0.5159,-0.0342,0.956,60.3399,61.73,61.73,61.73,59.5500011444092,up,2026-09-22T14:23:13,260.0,31.0
AAPL,2027-02-19,149,Put,290.0,AAPL270219P00290000,5.3,5.65,5.475,5.33,-0.445,-7.70563,142.0,8790.0,0.2924,-0.1544,0.0038,0.5225,-0.0495,-0.2137,5.4947,5.48,5.5,5.21,5.77500009536743,up,2026-09-22T13:18:56,28.0,26.0
AAPL,2027-02-19,149,Call,300.0,AAPL270219C00300000,51.7,53.35,52.525000000000006,52.0,0.45,0.872937,19.0,2609.0,0.2891,0.8079,0.0044,0.5994,-0.0431,0.9315,52.268,53.62,55.2,51.87,51.5500011444092,down,2026-09-22T15:55:00,16.0,31.0
AAPL,2027-02-19,149,Put,300.0,AAPL270219P00300000,7.2,7.5,7.35,7.2,-0.325,-4.31893,41.0,4477.0,0.2858,-0.1967,0.0045,0.6063,-0.0563,-0.2686,7.2678,7.06,7.6,6.8,7.52499985694885,no_change,2026-09-22T15:42:41,1.0,41.0
AAPL,2027-02-19,149,Call,310.0,AAPL270219C00310000,43.65,45.2,44.425,44.9,1.0,2.27791,34.0,1554.0,0.274,0.7594,0.0051,0.6811,-0.0514,0.8941,44.6795,49.0,49.0,44.9,43.8999996185303,down,2026-09-22T15:49:14,91.0,18.0
AAPL,2027-02-19,149,Put,310.0,AAPL270219P00310000,9.45,9.8,9.625,9.58,-0.245,-2.49364,141.0,3265.0,0.279,-0.247,0.0053,0.6873,-0.0627,-0.331,9.5425,8.97,9.66,8.9,9.82499980926514,down,2026-09-22T15:55:19,33.0,89.0
AAPL,2027-02-19,149,Call,320.0,AAPL270219C00320000,37.1,38.2,37.650000000000006,37.8,0.5,1.34048,82.0,3442.0,0.2716,0.7037,0.0058,0.7548,-0.0586,0.8439,37.6548,39.3,41.14,37.8,37.2999992370606,down,2026-09-22T15:49:41,34.0,27.0
AAPL,2027-02-19,149,Put,320.0,AAPL270219P00320000,12.25,12.75,12.5,12.55,-0.15,-1.1811,56.0,2217.0,0.2729,-0.3053,0.0061,0.7602,-0.0682,-0.3982,12.4056,11.63,12.55,11.48,12.6999998092651,up,2026-09-22T15:57:14,148.0,297.0
AAPL,2027-02-19,149,Call,330.0,AAPL270219C00330000,30.55,31.7,31.125,31.3,0.55,1.78862,50.0,5022.0,0.2645,0.6417,0.0064,0.814,-0.0644,0.7822,31.265,32.35,35.0,31.3,30.75,down,2026-09-22T15:46:41,43.0,26.0
AAPL,2027-02-19,149,Put,330.0,AAPL270219P00330000,15.6,16.35,15.975000000000001,15.73,-0.345,-2.14619,112.0,1708.0,0.2684,-0.3704,0.0068,0.817,-0.0722,-0.468,15.9241,15.16,16.05,14.89,16.0749998092651,up,2026-09-22T15:08:54,15.0,104.0
AAPL,2027-02-19,149,Call,340.0,AAPL270219C00340000,24.9,26.0,25.45,25.39,0.24,0.954276,132.0,4420.0,0.2603,0.5752,0.0069,0.8531,-0.0681,0.7109,25.5637,26.05,29.4,25.3,25.1499996185303,down,2026-09-22T15:57:02,55.0,23.0
AAPL,2027-02-19,149,Put,340.0,AAPL270219P00340000,19.95,20.5,20.225,20.2,-0.2,-0.980395,53.0,755.0,0.2618,-0.4418,0.0073,0.8512,-0.0744,-0.5353,20.2126,19.25,20.2,18.3,20.4000005722046,up,2026-09-22T15:59:45,33.0,43.0
AAPL,2027-02-19,149,Call,350.0,AAPL270219C00350000,20.4,20.8,20.6,20.53,0.28,1.38272,108.0,5007.0,0.258,0.5062,0.0071,0.8681,-0.0696,0.6332,20.581,23.0,23.9,20.32,20.25,up,2026-09-22T15:58:21,5.0,5.0
AAPL,2027-02-19,149,Put,350.0,AAPL270219P00350000,24.8,25.65,25.225,23.66,-1.84,-7.21569,11.0,396.0,0.2594,-0.516,0.0077,0.857,-0.0744,-0.5926,25.2313,25.05,25.05,23.66,25.5,down,2026-09-22T12:32:05,8.0,71.0
AAPL,2027-02-19,149,Call,360.0,AAPL270219C00360000,16.0,16.55,16.275,16.45,0.425,2.65211,123.0,3723.0,0.2538,0.4376,0.0071,0.858,-0.0688,0.5529,16.3359,16.55,18.99,16.19,16.0249996185303,no_change,2026-09-22T15:45:04,24.0,21.0
AAPL,2027-02-19,149,Put,360.0,AAPL270219P00360000,30.4,31.8,31.1,29.9,-1.65,-5.2298,17.0,129.0,0.2549,-0.592,0.0078,0.8314,-0.0723,-0.633,31.0701,29.33,31.25,29.33,31.5500011444092,up,2026-09-22T13:06:47,19.0,159.0
AAPL,2027-02-19,149,Call,370.0,AAPL270219C00370000,12.5,13.15,12.825,12.7,0.2,1.6,2602.0,5566.0,0.2506,0.3708,0.0069,0.8236,-0.0659,0.4724,12.7537,13.4,15.05,12.19,12.5,no_change,2026-09-22T15:59:56,67.0,28.0
AAPL,2027-02-19,149,Put,370.0,AAPL270219P00370000,36.75,38.9,37.825,36.55,-1.575,-4.13115,10.0,43.0,0.254,-0.6666,0.0077,0.7747,-0.0682,-0.6474,37.6624,35.8,37.82,35.8,38.125,no_change,2026-09-22T13:52:15,17.0,143.0
AAPL,2027-02-19,149,Call,380.0,AAPL270219C00380000,9.55,10.05,9.8,10.25,0.65,6.77083,86.0,3091.0,0.2493,0.3091,0.0064,0.7697,-0.0613,0.3965,9.8461,10.1,11.11,9.6,9.59999990463257,down,2026-09-22T13:52:21,28.0,29.0
AAPL,2027-02-19,149,Put,380.0,AAPL270219P00380000,43.45,45.65,44.55,42.95,-2.9,-6.32497,3.0,50.0,0.2434,-0.7381,0.0075,0.6891,-0.0626,-0.63,44.9864,42.95,42.95,42.95,45.8500003814697,down,2026-09-22T11:24:27,37.0,137.0
AAPL,2027-02-19,149,Call,390.0,AAPL270219C00390000,7.15,7.7,7.425000000000001,7.56,0.26,3.56164,32.0,1666.0,0.2473,0.2532,0.0059,0.7009,-0.0556,0.3267,7.5035,7.55,8.38,7.35,7.29999995231628,up,2026-09-22T15:21:41,42.0,19.0
AAPL,2027-02-19,149,Put,390.0,AAPL270219P00390000,51.8,54.15,52.974999999999994,51.6,-2.225,-4.13376,2.0,1.0,0.2482,-0.8052,0.0072,0.5777,-0.0564,-0.578,52.9844,51.6,51.6,51.6,53.8249988555908,no_change,2026-09-22T13:52:28,22.0,153.0
AAPL,2027-02-19,149,Call,400.0,AAPL270219C00400000,5.4,5.75,5.575,5.61,0.035,0.627806,94.0,6912.0,0.2462,0.2041,0.0052,0.6232,-0.0492,0.2646,5.654,6.4,6.5,5.5,5.57499980926514,down,2026-09-22T15:57:02,28.0,10.0
AAPL,2027-02-19,149,Put,400.0,AAPL270219P00400000,60.4,62.4,61.4,60.15,-2.025,-3.25694,37.0,20.0,0.2429,-0.8664,0.0067,0.4455,-0.0499,-0.4734,61.5887,60.15,60.2,60.15,62.1750011444092,down,2026-09-22T13:52:04,21.0,154.0
AAPL,2027-02-19,149,Call,410.0,AAPL270219C00410000,4.05,4.4,4.225,4.5,0.375,9.09091,38.0,1603.0,0.2469,0.1625,0.0046,0.5431,-0.0426,0.2115,4.2326,4.1,4.79,4.1,4.12500011920929,down,2026-09-22T13:46:21,12.0,21.0
AAPL,2027-02-19,149,Put,410.0,AAPL270219P00410000,69.55,71.7,70.625,78.32,0.0,0.0,0.0,0.0,0.2435,-0.9231,0.0065,0.3046,-0.0394,-0.3412,70.7169,0.0,0.0,0.0,71.6749992370606,no_change,2026-07-24T12:35:46,12.0,101.0
AAPL,2027-02-19,149,Call,420.0,AAPL270219C00420000,3.0,3.3,3.15,3.53,0.49,16.1184,174.0,1461.0,0.2469,0.1282,0.0039,0.4651,-0.0363,0.1674,3.1559,3.25,3.61,3.25,3.04000008106232,down,2026-09-22T11:48:38,37.0,42.0
AAPL,2027-02-19,149,Put,420.0,AAPL270219P00420000,78.8,81.9,80.35,0.0,0.0,0.0,0.0,0.0,0.249,-0.9707,0.005,0.1277,-0.0484,-0.1464,80.3274,0.0,0.0,0.0,80.8499984741211,no_change,,5.0,76.0
AAPL,2027-02-19,149,Call,430.0,AAPL270219C00430000,2.1,2.52,2.31,2.55,0.315,14.094,20.0,529.0,0.2466,0.1002,0.0032,0.3919,-0.0305,0.131,2.3429,2.57,2.6,2.55,2.23500001430511,no_change,2026-09-22T11:28:19,51.0,30.0
AAPL,2027-02-19,149,Put,430.0,AAPL270219P00430000,88.8,91.9,90.35,0.0,0.0,0.0,0.0,0.0,0.2696,-0.9946,0.0011,0.0,-0.0827,0.0,90.2824,0.0,0.0,0.0,90.6749992370606,no_change,,5.0,76.0
AAPL,2027-02-19,149,Call,440.0,AAPL270219C00440000,1.64,1.81,1.725,1.83,0.125,7.33138,10.0,400.0,0.2479,0.0779,0.0027,0.3265,-0.0253,0.1018,1.7382,1.91,1.92,1.83,1.7049999833107,down,2026-09-22T13:39:12,5.0,52.0
AAPL,2027-02-19,149,Put,440.0,AAPL270219P00440000,98.8,101.85,100.32499999999999,0.0,0.0,0.0,0.0,0.0,0.2872,-1.0,0.0,0.0,-0.0922,0.0,100.2824,0.0,0.0,0.0,101.074996948242,no_change,,5.0,77.0
AAPL,2027-02-19,149,Call,450.0,AAPL270219C00450000,1.14,1.31,1.225,1.43,0.21,17.2131,135.0,551.0,0.2469,0.0604,0.0022,0.2699,-0.0209,0.079,1.2919,1.43,1.43,1.25,1.21999996900558,up,2026-09-22T11:31:04,34.0,10.0
AAPL,2027-02-19,149,Put,450.0,AAPL270219P00450000,108.8,112.0,110.4,0.0,0.0,0.0,0.0,0.0,0.3131,-1.0,0.0,0.0,-0.0922,0.0,110.2824,0.0,0.0,0.0,110.699996948242,no_change,,5.0,77.0
AAPL,2027-02-19,149,Call,460.0,AAPL270219C00460000,0.84,1.0,0.9199999999999999,0.97,0.025,2.64551,4.0,517.0,0.249,0.0468,0.0018,0.2217,-0.0171,0.0612,0.9643,0.95,1.01,0.95,0.94499996304512,down,2026-09-22T15:38:16,30.0,5.0
AAPL,2027-02-19,149,Put,460.0,AAPL270219P00460000,118.65,122.05,120.35,0.0,0.0,0.0,0.0,0.0,0.3273,-1.0,0.0,0.0,-0.0922,0.0,120.2824,0.0,0.0,0.0,120.724998474121,no_change,,5.0,77.0
AAPL,2027-02-19,149,Call,470.0,AAPL270219C00470000,0.66,0.83,0.745,0.69,0.0,0.0,0.0,320.0,0.2543,0.0363,0.0014,0.1813,-0.014,0.0474,0.7242,0.0,0.0,0.0,0.659999996423721,up,2026-09-16T14:19:24,7.0,42.0
AAPL,2027-02-19,149,Put,470.0,AAPL270219P00470000,128.7,131.95,130.325,0.0,0.0,0.0,0.0,0.0,0.3427,-1.0,0.0,0.0,-0.0922,0.0,130.2824,0.0,0.0,0.0,130.724998474121,no_change,,5.0,77.0
AAPL,2027-02-19,149,Call,480.0,AAPL270219C00480000,0.49,0.64,0.565,0.49,0.0,-1.94627e-06,4.0,52.0,0.2566,0.0283,0.0012,0.1484,-0.0115,0.0369,0.5481,0.5,0.58,0.49,0.490000009536743,down,2026-09-22T15:56:05,11.0,27.0
AAPL,2027-02-19,149,Put,480.0,AAPL270219P00480000,138.55,142.05,140.3,0.0,0.0,0.0,0.0,0.0,0.3572,-1.0,0.0,0.0,-0.0922,0.0,140.2824,0.0,0.0,0.0,140.75,no_change,,5.0,77.0
AAPL,2027-02-19,149,Call,490.0,AAPL270219C00490000,0.36,0.52,0.44,0.42,0.105,33.3333,2.0,132.0,0.2602,0.0222,0.0009,0.1215,-0.0094,0.0289,0.4188,0.42,0.42,0.42,0.314999997615814,down,2026-09-22T11:04:11,51.0,52.0
AAPL,2027-02-19,149,Put,490.0,AAPL270219P00490000,148.7,152.1,150.39999999999998,0.0,0.0,0.0,0.0,0.0,0.3847,-1.0,0.0,0.0,-0.0922,0.0,150.2824,0.0,0.0,0.0,150.875,no_change,,5.0,77.0
AAPL,2027-02-19,149,Call,500.0,AAPL270219C00500000,0.16,0.42,0.29,0.25,0.0,0.0,0.0,2719.0,0.2569,0.0175,0.0008,0.0998,-0.0078,0.0228,0.3233,0.0,0.0,0.0,0.244999997317791,down,2026-09-21T10:57:50,190.0,85.0
AAPL,2027-02-19,149,Put,500.0,AAPL270219P00500000,158.65,162.05,160.35000000000002,0.0,0.0,0.0,0.0,0.0,0.3963,-1.0,0.0,0.0,-0.0922,0.0,160.2824,0.0,0.0,0.0,160.849998474121,no_change,,5.0,77.0
AAPL,2027-02-19,149,Call,510.0,AAPL270219C00510000,0.12,0.37,0.245,0.23,0.0,0.0,0.0,55.0,0.2598,0.0139,0.0006,0.0824,-0.0064,0.0181,0.2528,0.0,0.0,0.0,0.16499999910593,down,2026-09-16T11:07:08,60.0,47.0
AAPL,2027-02-19,149,Put,510.0,AAPL270219P00510000,168.65,172.0,170.325,0.0,0.0,0.0,0.0,0.0,0.4096,-1.0,0.0,0.0,-0.0922,0.0,170.2824,0.0,0.0,0.0,170.699996948242,no_change,,5.0,77.0
AAPL,2027-02-19,149,Call,520.0,AAPL270219C00520000,0.05,0.3,0.175,0.21,0.0,0.0,0.0,745.0,0.2627,0.0112,0.0005,0.0684,-0.0054,0.0145,0.1997,0.0,0.0,0.0,0.119999996386468,down,2026-09-01T10:28:58,120.0,4.0
AAPL,2027-02-19,149,Put,520.0,AAPL270219P00520000,178.65,182.05,180.35000000000002,0.0,0.0,0.0,0.0,0.0,0.4282,-1.0,0.0,0.0,-0.0922,0.0,180.2824,0.0,0.0,0.0,180.75,no_change,,5.0,76.0
AAPL,2027-02-19,149,Call,530.0,AAPL270219C00530000,0.02,0.27,0.14500000000000002,0.1,0.0,0.0,0.0,154.0,0.2633,0.009,0.0004,0.0567,-0.0045,0.0116,0.1583,0.0,0.0,0.0,0.09500000346452,down,2026-09-17T09:47:44,130.0,50.0
AAPL,2027-02-19,149,Put,530.0,AAPL270219P00530000,188.65,192.0,190.325,0.0,0.0,0.0,0.0,0.0,0.4406,-1.0,0.0,0.0,-0.0922,0.0,190.2824,0.0,0.0,0.0,190.775001525879,no_change,,5.0,76.0
AAPL,2027-02-19,149,Call,540.0,AAPL270219C00540000,0.01,0.2,0.10500000000000001,0.08,0.0,0.0,0.0,24.0,0.2681,0.0073,0.0003,0.0477,-0.0038,0.0095,0.128,0.0,0.0,0.0,0.0800000028684735,down,2026-09-21T11:18:27,61.0,12.0
AAPL,2027-02-19,149,Put,540.0,AAPL270219P00540000,198.65,202.05,200.35000000000002,0.0,0.0,0.0,0.0,0.0,0.4586,-1.0,0.0,0.0,-0.0922,0.0,200.2824,0.0,0.0,0.0,200.699996948242,no_change,,5.0,76.0
AAPL,2027-02-19,149,Call,550.0,AAPL270219C00550000,0.01,0.19,0.1,0.09,0.0,0.0,0.0,49.0,0.2744,0.0061,0.0003,0.0405,-0.0032,0.0079,0.1055,0.0,0.0,0.0,0.0750000001862645,up,2026-09-16T09:32:32,5.0,51.0
AAPL,2027-02-19,149,Put,550.0,AAPL270219P00550000,208.7,212.05,210.375,0.0,0.0,0.0,0.0,0.0,0.4761,-1.0,0.0,0.0,-0.0922,0.0,210.2824,0.0,0.0,0.0,210.75,no_change,,5.0,76.0
AAPL,2027-02-19,149,Call,560.0,AAPL270219C00560000,0.0,0.17,0.085,0.01,0.0,0.0,0.0,13.0,0.2825,0.005,0.0002,0.0343,-0.0028,0.0065,0.0865,0.0,0.0,0.0,0.0750000001862645,down,2026-09-04T10:25:22,0.0,10.0
AAPL,2027-02-19,149,Put,560.0,AAPL270219P00560000,218.65,222.1,220.375,0.0,0.0,0.0,0.0,0.0,0.4905,-1.0,0.0,0.0,-0.0922,0.0,220.2824,0.0,0.0,0.0,220.699996948242,no_change,,5.0,76.0
AAPL,2027-02-19,149,Call,570.0,AAPL270219C00570000,0.0,0.17,0.085,0.11,0.0,0.0,0.0,14.0,0.2916,0.0042,0.0002,0.0294,-0.0024,0.0054,0.0721,0.0,0.0,0.0,0.0699999975040555,up,2026-09-02T13:24:09,0.0,10.0
AAPL,2027-02-19,149,Put,570.0,AAPL270219P00570000,228.7,232.05,230.375,0.0,0.0,0.0,0.0,0.0,0.5046,-1.0,0.0,0.0,-0.0922,0.0,230.2824,0.0,0.0,0.0,230.699996948242,no_change,,5.0,76.0
AAPL,2027-02-19,149,Call,580.0,AAPL270219C00580000,0.0,0.16,0.08,0.03,0.0,0.0,0.0,28.0,0.2969,0.0036,0.0002,0.0253,-0.0021,0.0046,0.0607,0.0,0.0,0.0,0.0699999975040555,down,2026-09-15T11:52:44,0.0,51.0
AAPL,2027-02-19,149,Put,580.0,AAPL270219P00580000,238.65,242.15,240.4,0.0,0.0,0.0,0.0,0.0,0.5211,-1.0,0.0,0.0,-0.0922,0.0,240.2824,0.0,0.0,0.0,240.699996948242,no_change,,5.0,75.0
AAPL,2027-02-19,149,Call,590.0,AAPL270219C00590000,0.0,0.15,0.075,0.13,0.0,0.0,0.0,17.0,0.3035,0.003,0.0001,0.0219,-0.0018,0.0039,0.0514,0.0,0.0,0.0,0.0699999975040555,up,2026-09-21T11:17:30,0.0,36.0
AAPL,2027-02-19,149,Put,590.0,AAPL270219P00590000,249.1,252.05,250.575,0.0,0.0,0.0,0.0,0.0,0.5516,-1.0,0.0,0.0,-0.0922,0.0,250.2824,0.0,0.0,0.0,250.724998474121,no_change,,5.0,76.0
AAPL,2027-02-19,149,Call,600.0,AAPL270219C00600000,0.01,0.06,0.034999999999999996,0.06,0.0,0.0,0.0,6038.0,0.2974,0.0026,0.0001,0.0191,-0.0016,0.0033,0.0439,0.0,0.0,0.0,0.0549999987706542,no_change,2026-09-21T09:30:01,100.0,2.0
AAPL,2027-02-19,149,Put,600.0,AAPL270219P00600000,258.65,262.05,260.35,0.0,0.0,0.0,0.0,0.0,0.5422,-1.0,0.0,0.0,-0.0922,0.0,260.2824,0.0,0.0,0.0,260.699996948242,no_change,,5.0,76.0
AAPL,2027-03-19,177,Call,5.0,AAPL270319C00005000,332.95,336.8,334.875,299.0,0.0,0.0,0.0,0.0,0.0,1.0,0.0,0.0,0.0,0.0066,334.8683,0.0,0.0,0.0,334.25,no_change,2026-06-08T14:34:55,75.0,1.0
AAPL,2027-03-19,177,Put,5.0,AAPL270319P00005000,0.0,0.05,0.025,0.01,0.0,0.0,0.0,3.0,1.8387,0.0,0.0,0.0,0.0,0.0,0.0004,0.0,0.0,0.0,0.00499999988824129,down,2026-06-16T13:07:30,0.0,10.0
AAPL,2027-03-19,177,Call,10.0,AAPL270319C00010000,328.0,331.45,329.725,0.0,0.0,0.0,0.0,0.0,0.0,1.0,0.0,0.0,0.0,0.0136,329.8981,0.0,0.0,0.0,329.275009155273,no_change,,76.0,76.0
AAPL,2027-03-19,177,Put,10.0,AAPL270319P00010000,0.0,0.01,0.005,0.01,0.0,0.0,0.0,1.0,1.5138,0.0,0.0,0.0001,0.0,0.0,0.0009,0.0,0.0,0.0,0.00499999988824129,down,2026-06-12T13:26:43,0.0,1.0
AAPL,2027-03-19,177,Call,15.0,AAPL270319C00015000,323.2,326.5,324.85,0.0,0.0,0.0,0.0,0.0,0.0,1.0,0.0,0.0001,0.0,0.0234,324.9301,0.0,0.0,0.0,324.125,no_change,,75.0,76.0
AAPL,2027-03-19,177,Put,15.0,AAPL270319P00015000,0.0,0.39,0.195,0.11,0.0,0.0,0.0,0.0,1.8633,0.0,0.0,0.0002,-0.0001,0.0,0.0015,0.0,0.0,0.0,0.140000000596046,up,2026-05-28T13:44:15,0.0,98.0
AAPL,2027-03-19,177,Call,20.0,AAPL270319C00020000,318.2,321.9,320.04999999999995,0.0,0.0,0.0,0.0,0.0,1.5729,1.0,0.0,0.0002,0.0,0.0741,319.9831,0.0,0.0,0.0,319.425003051758,no_change,,76.0,75.0
AAPL,2027-03-19,177,Put,20.0,AAPL270319P00020000,0.0,0.39,0.195,0.0,0.0,0.0,0.0,0.0,1.6766,0.0,0.0,0.0003,-0.0001,-0.0001,0.0023,0.0,0.0,0.0,0.140000000596046,no_change,,0.0,98.0
AAPL,2027-03-19,177,Call,25.0,AAPL270319C00025000,313.3,317.0,315.15,0.0,0.0,0.0,0.0,0.0,1.1422,1.0,0.0,0.0003,0.0,0.0938,315.0714,0.0,0.0,0.0,314.350006103516,no_change,,77.0,75.0
AAPL,2027-03-19,177,Put,25.0,AAPL270319P00025000,0.0,0.39,0.195,0.0,0.0,0.0,0.0,0.0,1.5358,0.0,0.0,0.0005,-0.0001,-0.0001,0.0032,0.0,0.0,0.0,0.140000000596046,no_change,,0.0,98.0
AAPL,2027-03-19,177,Call,30.0,AAPL270319C00030000,308.35,312.05,310.20000000000005,218.22,0.0,0.0,0.0,0.0,1.2886,1.0,0.0,0.0005,0.0,0.1126,310.16,0.0,0.0,0.0,309.5,down,2026-03-20T10:08:17,76.0,75.0
AAPL,2027-03-19,177,Put,30.0,AAPL270319P00030000,0.0,0.39,0.195,0.0,0.0,0.0,0.0,0.0,1.4234,-0.0001,0.0,0.0007,-0.0002,-0.0001,0.0043,0.0,0.0,0.0,0.140000000596046,no_change,,0.0,98.0
AAPL,2027-03-19,177,Call,35.0,AAPL270319C00035000,303.4,307.15,305.275,0.0,0.0,0.0,0.0,0.0,1.1783,1.0,0.0,0.0008,0.0,0.1314,305.2489,0.0,0.0,0.0,304.699996948242,no_change,,87.0,75.0
AAPL,2027-03-19,177,Put,35.0,AAPL270319P00035000,0.0,0.39,0.195,0.0,0.0,0.0,0.0,0.0,1.3299,-0.0001,0.0,0.0009,-0.0002,-0.0002,0.0055,0.0,0.0,0.0,0.140000000596046,no_change,,0.0,98.0
AAPL,2027-03-19,177,Call,40.0,AAPL270319C00040000,298.65,302.15,300.4,0.0,0.0,0.0,0.0,0.0,1.1262,1.0,0.0,0.001,0.0,0.1501,300.338,0.0,0.0,0.0,299.649993896484,no_change,,75.0,75.0
AAPL,2027-03-19,177,Put,40.0,AAPL270319P00040000,0.0,0.39,0.195,0.0,0.0,0.0,0.0,0.0,1.25,-0.0001,0.0,0.0011,-0.0003,-0.0002,0.007,0.0,0.0,0.0,0.194999992847443,no_change,,0.0,98.0
AAPL,2027-03-19,177,Call,45.0,AAPL270319C00045000,293.65,297.35,295.5,264.84,0.0,0.0,0.0,1.0,1.0784,1.0,0.0,0.0013,0.0,0.169,295.4276,0.0,0.0,0.0,294.975006103516,down,2026-08-25T15:26:10,76.0,75.0
AAPL,2027-03-19,177,Put,45.0,AAPL270319P00045000,0.0,0.39,0.195,0.0,0.0,0.0,0.0,0.0,1.1803,-0.0002,0.0,0.0014,-0.0003,-0.0003,0.0086,0.0,0.0,0.0,0.140000000596046,no_change,,0.0,98.0
AAPL,2027-03-19,177,Call,50.0,AAPL270319C00050000,288.75,292.4,290.575,255.7,0.0,0.0,0.0,3.0,1.0595,1.0,0.0,0.0018,0.0,0.189,290.5176,0.0,0.0,0.0,290.075012207031,down,2026-08-17T10:31:49,75.0,75.0
AAPL,2027-03-19,177,Put,50.0,AAPL270319P00050000,0.01,0.1,0.055,0.05,0.015,42.8571,10.0,652.0,0.9806,-0.0002,0.0,0.0018,-0.0004,-0.0004,0.0106,0.1,0.1,0.02,0.034999999217689,up,2026-09-22T13:42:54,1.0,4.0
AAPL,2027-03-19,177,Call,60.0,AAPL270319C00060000,279.0,282.6,280.8,237.58,0.0,0.0,0.0,2.0,0.9929,1.0,0.0,0.0026,0.0,0.2874,280.7267,0.0,0.0,0.0,280.100006103516,down,2026-06-15T14:48:45,76.0,75.0
AAPL,2027-03-19,177,Put,60.0,AAPL270319P00060000,0.0,0.39,0.195,0.02,-0.015,-42.8571,2.0,11.0,1.0128,-0.0003,0.0,0.0026,-0.0005,-0.0005,0.0153,0.02,0.02,0.02,0.0350000001490116,no_change,2026-09-22T13:43:06,0.0,101.0
AAPL,2027-03-19,177,Call,70.0,AAPL270319C00070000,269.2,272.8,271.0,243.4,0.0,0.0,0.0,3.0,0.8186,1.0,0.0,0.0037,0.0,0.3376,270.9608,0.0,0.0,0.0,270.550003051758,down,2026-06-04T14:34:12,75.0,75.0
AAPL,2027-03-19,177,Put,70.0,AAPL270319P00070000,0.0,0.29,0.145,0.03,0.0,0.0,0.0,44.0,0.8943,-0.0004,0.0,0.0038,-0.0007,-0.0008,0.0214,0.0,0.0,0.0,0.0750000029802322,no_change,2026-09-21T14:15:39,0.0,113.0
AAPL,2027-03-19,177,Call,80.0,AAPL270319C00080000,259.45,263.05,261.25,245.48,0.0,0.0,0.0,4.0,0.8425,0.9998,0.0,0.0052,0.0,0.3854,261.1972,0.0,0.0,0.0,260.524993896484,down,2026-09-02T15:42:22,76.0,75.0
AAPL,2027-03-19,177,Put,80.0,AAPL270319P00080000,0.0,0.4,0.2,0.07,0.0,0.0,0.0,126.0,0.8512,-0.0006,0.0,0.0052,-0.0009,-0.0011,0.0292,0.0,0.0,0.0,0.150000005960464,down,2026-09-03T10:29:43,0.0,113.0
AAPL,2027-03-19,177,Call,85.0,AAPL270319C00085000,254.6,257.95,256.275,233.32,0.0,0.0,0.0,31.0,0.0,0.9997,0.0,0.006,0.0,0.4093,256.3161,0.0,0.0,0.0,255.550003051758,down,2026-08-19T11:54:34,75.0,79.0
AAPL,2027-03-19,177,Put,85.0,AAPL270319P00085000,0.0,0.3,0.15,0.08,0.0,0.0,0.0,64.0,0.7907,-0.0007,0.0,0.006,-0.0011,-0.0013,0.0338,0.0,0.0,0.0,0.155000001192093,down,2026-09-03T11:25:39,0.0,109.0
AAPL,2027-03-19,177,Call,90.0,AAPL270319C00090000,249.65,253.1,251.375,246.05,0.0,0.0,0.0,7.0,0.0,0.9996,0.0,0.007,0.0,0.4331,251.4356,0.0,0.0,0.0,250.774993896484,up,2026-09-11T13:24:30,75.0,79.0
AAPL,2027-03-19,177,Put,90.0,AAPL270319P00090000,0.0,0.08,0.04,0.04,-0.005,-11.1111,11.0,6.0,0.6663,-0.0008,0.0,0.007,-0.0012,-0.0015,0.0389,0.07,0.07,0.03,0.0449999989941716,up,2026-09-22T13:43:58,0.0,68.0
AAPL,2027-03-19,177,Call,95.0,AAPL270319C00095000,244.8,248.2,246.5,187.37,0.0,0.0,0.0,1.0,0.0,0.9995,0.0,0.0081,0.0,0.4569,246.5556,0.0,0.0,0.0,245.800003051758,down,2026-06-25T10:39:13,75.0,77.0
AAPL,2027-03-19,177,Put,95.0,AAPL270319P00095000,0.0,0.25,0.125,0.05,0.005,11.1111,23.0,26.0,0.7158,-0.001,0.0,0.0081,-0.0013,-0.0018,0.0447,0.14,0.14,0.05,0.0449999989941716,no_change,2026-09-22T13:45:23,0.0,208.0
AAPL,2027-03-19,177,Call,100.0,AAPL270319C00100000,239.9,243.3,241.60000000000002,219.21,0.0,0.0,0.0,13.0,0.0,0.9993,0.0,0.0093,0.0,0.4807,241.6764,0.0,0.0,0.0,241.0,no_change,2026-08-31T15:59:17,78.0,76.0
AAPL,2027-03-19,177,Put,100.0,AAPL270319P00100000,0.02,0.1,0.060000000000000005,0.06,0.0,6.8297e-07,25.0,70.0,0.6389,-0.0012,0.0,0.0093,-0.0015,-0.002,0.0511,0.15,0.15,0.05,0.0599999995902181,no_change,2026-09-22T13:44:36,3.0,5.0
AAPL,2027-03-19,177,Call,105.0,AAPL270319C00105000,235.1,238.45,236.77499999999998,208.4,0.0,0.0,0.0,46.0,0.5858,0.9991,0.0,0.0106,0.0,0.5044,236.7979,0.0,0.0,0.0,236.050003051758,up,2026-08-18T10:36:10,81.0,76.0
AAPL,2027-03-19,177,Put,105.0,AAPL270319P00105000,0.0,0.1,0.05,0.05,-0.005,-9.09091,6.0,29.0,0.6096,-0.0013,0.0,0.0106,-0.0017,-0.0024,0.0583,0.1,0.1,0.05,0.0550000015646219,no_change,2026-09-22T13:45:00,0.0,28.0
AAPL,2027-03-19,177,Call,110.0,AAPL270319C00110000,230.15,233.6,231.875,209.87,0.0,0.0,0.0,2.0,0.5392,0.9989,0.0,0.0121,0.0,0.5282,231.9202,0.0,0.0,0.0,231.150001525879,up,2026-07-13T15:54:58,76.0,76.0
AAPL,2027-03-19,177,Put,110.0,AAPL270319P00110000,0.0,0.21,0.105,0.09,0.02,28.5714,1.0,71.0,0.6288,-0.0016,0.0,0.0122,-0.0019,-0.0027,0.0664,0.09,0.09,0.09,0.0699999975040555,up,2026-09-22T13:44:53,0.0,322.0
AAPL,2027-03-19,177,Call,115.0,AAPL270319C00115000,225.25,228.7,226.975,201.29,0.0,0.0,0.0,2.0,0.4749,0.9987,0.0,0.0138,0.0,0.5518,227.0434,0.0,0.0,0.0,226.300003051758,down,2026-09-09T13:04:25,71.0,76.0
AAPL,2027-03-19,177,Put,115.0,AAPL270319P00115000,0.01,0.14,0.07500000000000001,0.08,0.0,0.0,0.0,62.0,0.5822,-0.0018,0.0,0.0139,-0.0021,-0.0032,0.0754,0.0,0.0,0.0,0.0699999993667006,down,2026-09-02T10:49:37,1.0,41.0
AAPL,2027-03-19,177,Call,120.0,AAPL270319C00120000,220.45,223.8,222.125,194.16,0.0,0.0,0.0,6.0,0.5312,0.9984,0.0,0.0157,0.0,0.5754,222.1677,0.0,0.0,0.0,221.550003051758,up,2026-08-21T12:30:11,75.0,79.0
AAPL,2027-03-19,177,Put,120.0,AAPL270319P00120000,0.05,0.13,0.09,0.11,0.02,22.2222,12.0,115.0,0.571,-0.002,0.0,0.0158,-0.0023,-0.0036,0.0854,0.11,0.11,0.11,0.0899999979883432,up,2026-09-22T10:37:12,3.0,10.0
AAPL,2027-03-19,177,Call,125.0,AAPL270319C00125000,215.65,218.95,217.3,200.1,0.0,0.0,0.0,44.0,0.5583,0.9981,0.0001,0.0177,0.0,0.5989,217.2931,0.0,0.0,0.0,216.450004577637,up,2026-08-28T11:50:27,79.0,76.0
AAPL,2027-03-19,177,Put,125.0,AAPL270319P00125000,0.01,0.15,0.08,0.05,0.0,0.0,0.0,33.0,0.5435,-0.0024,0.0001,0.0178,-0.0026,-0.0041,0.0967,0.0,0.0,0.0,0.0950000006705522,down,2026-09-16T15:57:05,5.0,90.0
AAPL,2027-03-19,177,Call,130.0,AAPL270319C00130000,210.7,214.05,212.375,207.94,0.0,0.0,0.0,26.0,0.5123,0.9978,0.0001,0.02,0.0,0.6224,212.4199,0.0,0.0,0.0,211.675003051758,up,2026-09-18T14:41:42,78.0,76.0
AAPL,2027-03-19,177,Put,130.0,AAPL270319P00130000,0.01,0.17,0.09000000000000001,0.1,0.0,0.0,0.0,84.0,0.5299,-0.0027,0.0001,0.0202,-0.0028,-0.0047,0.1091,0.0,0.0,0.0,0.0899999979883432,no_change,2026-09-21T09:30:00,5.0,41.0
AAPL,2027-03-19,177,Call,135.0,AAPL270319C00135000,205.95,209.2,207.575,183.35,0.0,0.0,0.0,31.0,0.5398,0.9974,0.0001,0.0226,0.0,0.6458,207.548,0.0,0.0,0.0,206.625,up,2026-08-31T11:29:55,79.0,75.0
AAPL,2027-03-19,177,Put,135.0,AAPL270319P00135000,0.05,0.18,0.11499999999999999,0.12,0.005,4.34782,45.0,73.0,0.524,-0.0031,0.0001,0.0228,-0.0031,-0.0054,0.1231,0.09,0.12,0.09,0.115000003948808,no_change,2026-09-22T12:36:51,5.0,10.0
AAPL,2027-03-19,177,Call,140.0,AAPL270319C00140000,201.0,204.3,202.65,178.7,0.0,0.0,0.0,44.0,0.503,0.997,0.0001,0.0255,0.0,0.6691,202.6779,0.0,0.0,0.0,202.0,up,2026-08-31T11:17:08,78.0,75.0
AAPL,2027-03-19,177,Put,140.0,AAPL270319P00140000,0.1,0.22,0.16,0.16,0.0,0.0,0.0,87.0,0.5237,-0.0035,0.0001,0.0258,-0.0034,-0.0061,0.1388,0.0,0.0,0.0,0.154999997466803,up,2026-09-15T14:59:10,2.0,293.0
AAPL,2027-03-19,177,Call,145.0,AAPL270319C00145000,196.15,199.45,197.8,158.35,0.0,0.0,0.0,61.0,0.4999,0.9965,0.0001,0.0287,0.0,0.6922,197.8097,0.0,0.0,0.0,197.025001525879,no_change,2026-06-16T12:10:06,79.0,75.0
AAPL,2027-03-19,177,Put,145.0,AAPL270319P00145000,0.1,0.23,0.165,0.14,0.0,0.0,0.0,75.0,0.5064,-0.004,0.0001,0.0289,-0.0038,-0.007,0.1565,0.0,0.0,0.0,0.159999996423721,down,2026-09-21T10:24:05,1.0,309.0
AAPL,2027-03-19,177,Call,150.0,AAPL270319C00150000,191.35,194.6,192.975,191.87,0.0,0.0,0.0,61.0,0.5016,0.9959,0.0001,0.0323,0.0,0.7153,192.9437,0.0,0.0,0.0,192.300003051758,up,2026-09-21T12:38:59,79.0,79.0
AAPL,2027-03-19,177,Put,150.0,AAPL270319P00150000,0.1,0.24,0.16999999999999998,0.17,0.01,6.25,1.0,196.0,0.4897,-0.0046,0.0001,0.0324,-0.0041,-0.0079,0.1763,0.17,0.17,0.17,0.159999996423721,up,2026-09-22T11:48:06,14.0,253.0
AAPL,2027-03-19,177,Call,155.0,AAPL270319C00155000,186.25,189.7,187.975,159.69,0.0,0.0,0.0,235.0,0.4412,0.9953,0.0001,0.0362,0.0,0.7383,188.0801,0.0,0.0,0.0,187.199996948242,no_change,2026-08-06T11:22:02,87.0,148.0
AAPL,2027-03-19,177,Put,155.0,AAPL270319P00155000,0.1,0.31,0.20500000000000002,0.25,0.0,0.0,0.0,63.0,0.4824,-0.0052,0.0001,0.0366,-0.0046,-0.009,0.1986,0.0,0.0,0.0,0.205000005662441,no_change,2026-09-08T09:36:22,22.0,282.0
AAPL,2027-03-19,177,Call,160.0,AAPL270319C00160000,181.4,184.85,183.125,184.96,2.51,1.37572,1.0,266.0,0.4403,0.9946,0.0001,0.0407,0.0,0.761,183.2195,184.96,184.96,184.96,182.449996948242,up,2026-09-22T13:48:13,96.0,150.0
AAPL,2027-03-19,177,Put,160.0,AAPL270319P00160000,0.1,0.33,0.21500000000000002,0.22,0.0,0.0,0.0,97.0,0.4674,-0.0059,0.0001,0.0411,-0.005,-0.0103,0.2239,0.0,0.0,0.0,0.225000008940697,down,2026-09-11T11:46:36,83.0,314.0
AAPL,2027-03-19,177,Call,165.0,AAPL270319C00165000,176.65,179.55,178.10000000000002,166.32,0.0,0.0,0.0,551.0,0.0,0.9938,0.0002,0.0457,0.0,0.7836,178.3622,0.0,0.0,0.0,177.5,up,2026-09-03T15:29:37,92.0,218.0
AAPL,2027-03-19,177,Put,165.0,AAPL270319P00165000,0.13,0.39,0.26,0.27,0.02,8.0,3.0,1882.0,0.4609,-0.0068,0.0002,0.0461,-0.0055,-0.0117,0.2528,0.27,0.27,0.27,0.25,up,2026-09-22T12:34:36,48.0,473.0
AAPL,2027-03-19,177,Call,170.0,AAPL270319C00170000,171.7,174.7,173.2,150.41,0.0,0.0,0.0,524.0,0.0,0.9928,0.0002,0.0512,0.0,0.806,173.5089,0.0,0.0,0.0,172.775001525879,down,2026-08-19T10:00:09,99.0,294.0
AAPL,2027-03-19,177,Put,170.0,AAPL270319P00170000,0.21,0.34,0.275,0.28,-0.005,-1.75439,17.0,483.0,0.447,-0.0077,0.0002,0.0516,-0.006,-0.0133,0.2855,0.34,0.35,0.28,0.285000003874302,down,2026-09-22T14:03:24,5.0,138.0
AAPL,2027-03-19,177,Call,175.0,AAPL270319C00175000,167.0,170.3,168.65,161.37,0.0,0.0,0.0,123.0,0.4378,0.9918,0.0002,0.0574,0.0,0.8282,168.66,0.0,0.0,0.0,167.649993896484,up,2026-09-17T10:46:45,75.0,135.0
AAPL,2027-03-19,177,Put,175.0,AAPL270319P00175000,0.21,0.35,0.27999999999999997,0.31,-0.08,-20.5128,36.0,1555.0,0.4313,-0.0088,0.0002,0.058,-0.0066,-0.0152,0.3226,0.31,0.32,0.29,0.390000000596046,no_change,2026-09-22T14:16:41,5.0,10.0
AAPL,2027-03-19,177,Call,180.0,AAPL270319C00180000,162.25,165.45,163.85,160.54,0.0,0.0,0.0,102.0,0.4357,0.9906,0.0003,0.0644,0.0,0.8501,163.8163,0.0,0.0,0.0,163.099998474121,up,2026-09-21T10:05:44,75.0,142.0
AAPL,2027-03-19,177,Put,180.0,AAPL270319P00180000,0.29,0.53,0.41000000000000003,0.32,-0.08,-20.0,47.0,743.0,0.4251,-0.01,0.0003,0.0652,-0.0073,-0.0173,0.3652,0.32,0.34,0.31,0.399999991059303,no_change,2026-09-22T14:16:41,10.0,50.0
AAPL,2027-03-19,177,Call,185.0,AAPL270319C00185000,157.3,160.55,158.925,131.8,0.0,0.0,0.0,22.0,0.4131,0.9892,0.0003,0.0723,0.0,0.8716,158.9787,0.0,0.0,0.0,158.174995422363,up,2026-08-07T15:46:46,76.0,76.0
AAPL,2027-03-19,177,Put,185.0,AAPL270319P00185000,0.35,0.62,0.485,0.41,-0.1,-19.6078,17.0,607.0,0.4315,-0.0114,0.0003,0.073,-0.008,-0.0197,0.414,0.43,0.43,0.41,0.509999990463257,down,2026-09-22T12:29:24,51.0,364.0
AAPL,2027-03-19,177,Call,190.0,AAPL270319C00190000,152.9,155.7,154.3,135.27,0.0,0.0,0.0,29.0,0.4306,0.9876,0.0003,0.0809,0.0,0.8928,154.1482,0.0,0.0,0.0,153.5,up,2026-09-04T10:48:25,79.0,76.0
AAPL,2027-03-19,177,Put,190.0,AAPL270319P00190000,0.42,0.5,0.45999999999999996,0.54,0.0,0.0,0.0,995.0,0.4112,-0.013,0.0003,0.0815,-0.0088,-0.0224,0.4698,0.0,0.0,0.0,0.565000012516975,down,2026-09-21T11:07:42,124.0,50.0
AAPL,2027-03-19,177,Call,195.0,AAPL270319C00195000,147.7,150.95,149.325,126.93,0.0,0.0,0.0,329.0,0.4042,0.9858,0.0004,0.0906,0.0,0.9136,149.3257,0.0,0.0,0.0,148.825004577637,down,2026-08-06T09:59:04,227.0,275.0
AAPL,2027-03-19,177,Put,195.0,AAPL270319P00195000,0.47,0.76,0.615,0.57,0.0,0.0,0.0,1004.0,0.413,-0.0149,0.0004,0.0916,-0.0097,-0.0256,0.5338,0.0,0.0,0.0,0.645000010728836,up,2026-09-21T13:25:30,10.0,409.0
AAPL,2027-03-19,177,Call,200.0,AAPL270319C00200000,142.95,146.15,144.55,141.7,0.0,0.0,0.0,107.0,0.4,0.9837,0.0004,0.1016,0.0,0.9339,144.5124,0.0,0.0,0.0,143.825004577637,up,2026-09-21T10:15:27,153.0,141.0
AAPL,2027-03-19,177,Put,200.0,AAPL270319P00200000,0.5,0.68,0.5900000000000001,0.57,-0.15,-20.8333,1.0,2615.0,0.3942,-0.017,0.0004,0.1029,-0.0107,-0.0292,0.6073,0.57,0.57,0.57,0.719999998807907,down,2026-09-22T13:37:39,52.0,18.0
AAPL,2027-03-19,177,Call,210.0,AAPL270319C00210000,133.45,136.55,135.0,131.35,0.0,0.0,0.0,168.0,0.3873,0.9786,0.0006,0.127,0.0,0.9728,134.9202,0.0,0.0,0.0,134.224998474121,up,2026-09-18T09:52:16,217.0,198.0
AAPL,2027-03-19,177,Put,210.0,AAPL270319P00210000,0.72,1.0,0.86,0.8,-0.105,-11.6022,103.0,2057.0,0.3864,-0.0222,0.0006,0.1283,-0.0129,-0.0379,0.7891,0.85,0.85,0.79,0.905000001192093,up,2026-09-22T15:57:15,12.0,333.0
AAPL,2027-03-19,177,Call,220.0,AAPL270319C00220000,123.8,127.0,125.4,123.3,0.0,0.0,0.0,118.0,0.3677,0.972,0.0008,0.1587,0.0,1.0087,125.3852,0.0,0.0,0.0,124.599998474121,up,2026-09-21T12:27:09,212.0,202.0
AAPL,2027-03-19,177,Put,220.0,AAPL270319P00220000,0.97,1.26,1.115,1.01,-0.125,-11.0132,10.0,2526.0,0.372,-0.0289,0.0008,0.1603,-0.0156,-0.0494,1.0298,1.1,1.1,0.99,1.1350000500679,up,2026-09-22T15:25:34,9.0,320.0
AAPL,2027-03-19,177,Call,230.0,AAPL270319C00230000,114.3,117.55,115.925,115.17,0.0,0.0,0.0,396.0,0.3535,0.9633,0.001,0.1967,0.0,1.0412,115.926,0.0,0.0,0.0,115.150001525879,up,2026-09-21T12:46:16,227.0,198.0
AAPL,2027-03-19,177,Put,230.0,AAPL270319P00230000,1.27,1.41,1.3399999999999999,1.35,-0.185,-12.0521,5.0,3559.0,0.3531,-0.0377,0.001,0.1996,-0.0188,-0.0644,1.3469,1.35,1.35,1.35,1.5349999666214,down,2026-09-22T14:13:31,11.0,10.0
AAPL,2027-03-19,177,Call,240.0,AAPL270319C00240000,105.05,108.15,106.6,104.9,0.0,0.0,0.0,469.0,0.3428,0.9522,0.0012,0.2428,0.0,1.0687,106.5658,0.0,0.0,0.0,105.674999237061,up,2026-09-21T10:39:37,246.0,202.0
AAPL,2027-03-19,177,Put,240.0,AAPL270319P00240000,1.71,1.84,1.775,1.78,-0.06,-3.26087,13.0,6554.0,0.342,-0.049,0.0013,0.245,-0.0224,-0.0829,1.7614,1.83,1.87,1.72,1.8400000333786,down,2026-09-22T15:50:48,5.0,20.0
AAPL,2027-03-19,177,Call,250.0,AAPL270319C00250000,95.85,98.25,97.05,97.6,0.975,1.00906,7.0,1172.0,0.3199,0.938,0.0016,0.2972,-0.0057,1.0906,97.3341,101.08,101.09,97.0,96.625,down,2026-09-22T15:18:39,291.0,77.0
AAPL,2027-03-19,177,Put,250.0,AAPL270319P00250000,2.19,2.43,2.31,2.23,-0.22,-8.97959,71.0,10284.0,0.3301,-0.0635,0.0016,0.3002,-0.0267,-0.107,2.3111,2.34,2.45,2.13,2.44999992847443,no_change,2026-09-22T15:44:23,28.0,16.0
AAPL,2027-03-19,177,Call,260.0,AAPL270319C00260000,87.3,89.0,88.15,85.82,0.0,0.0,0.0,2074.0,0.3162,0.92,0.002,0.3598,-0.0124,1.1055,88.2685,0.0,0.0,0.0,87.5249977111816,up,2026-09-21T10:55:17,157.0,15.0
AAPL,2027-03-19,177,Put,260.0,AAPL270319P00260000,2.89,3.2,3.045,3.0,-0.175,-5.51181,236.0,5847.0,0.3201,-0.0819,0.002,0.3651,-0.0315,-0.1373,3.0292,3.1,3.2,2.89,3.17499995231628,no_change,2026-09-22T15:55:01,5.0,30.0
AAPL,2027-03-19,177,Call,270.0,AAPL270319C00270000,78.8,80.15,79.475,79.47,0.62,0.7863,21.0,1803.0,0.3115,0.8975,0.0024,0.4307,-0.0196,1.1116,79.4145,80.0,83.7,79.2,78.8500022888184,down,2026-09-22T15:50:54,19.0,23.0
AAPL,2027-03-19,177,Put,270.0,AAPL270319P00270000,3.8,4.2,4.0,3.95,-0.15,-3.65853,569.0,6361.0,0.3109,-0.1049,0.0025,0.4362,-0.0368,-0.1744,3.9651,3.85,4.05,3.65,4.09999990463257,no_change,2026-09-22T15:50:53,10.0,91.0
AAPL,2027-03-19,177,Call,280.0,AAPL270319C00280000,70.05,72.0,71.025,70.56,0.385,0.54863,6.0,2265.0,0.3052,0.8699,0.003,0.5089,-0.0271,1.1075,70.8252,74.9,75.0,70.56,70.1749992370606,down,2026-09-22T15:58:22,23.0,151.0
AAPL,2027-03-19,177,Put,280.0,AAPL270319P00280000,5.1,5.35,5.225,5.05,-0.25,-4.71698,117.0,8847.0,0.3023,-0.1334,0.003,0.5145,-0.0424,-0.2196,5.1751,5.15,5.15,4.8,5.29999995231628,no_change,2026-09-22T15:44:19,1.0,46.0
AAPL,2027-03-19,177,Call,290.0,AAPL270319C00290000,62.0,63.9,62.95,63.55,1.7,2.74858,12.0,2075.0,0.2999,0.8364,0.0036,0.5915,-0.0347,1.0923,62.5619,66.75,66.75,62.86,61.8500003814697,down,2026-09-22T13:58:23,15.0,171.0
AAPL,2027-03-19,177,Put,290.0,AAPL270319P00290000,6.4,6.95,6.675000000000001,6.75,-0.15,-2.17391,1938.0,10309.0,0.2925,-0.168,0.0037,0.5981,-0.0483,-0.2728,6.7226,6.45,6.95,6.17,6.90000009536743,down,2026-09-22T15:56:56,26.0,48.0
AAPL,2027-03-19,177,Call,300.0,AAPL270319C00300000,53.95,55.25,54.6,54.67,0.92,1.71163,40.0,3722.0,0.2847,0.7969,0.0042,0.675,-0.0421,1.065,54.6911,56.0,58.8,54.55,53.75,down,2026-09-22T15:59:40,51.0,14.0
AAPL,2027-03-19,177,Put,300.0,AAPL270319P00300000,8.35,8.8,8.575,8.7,-0.1,-1.13637,1392.0,7556.0,0.2845,-0.2093,0.0043,0.6842,-0.054,-0.3356,8.6819,8.4,8.8,7.9,8.80000019073486,up,2026-09-22T15:56:36,13.0,10.0
AAPL,2027-03-19,177,Call,310.0,AAPL270319C00310000,46.65,48.05,47.349999999999994,47.58,1.205,2.59838,98.0,4885.0,0.2805,0.7511,0.0048,0.7552,-0.049,1.025,47.281,50.1,50.1,47.52,46.375,up,2026-09-22T15:39:53,28.0,82.0
AAPL,2027-03-19,177,Put,310.0,AAPL270319P00310000,10.75,11.3,11.025,11.3,0.05,0.444444,1119.0,6245.0,0.2786,-0.2568,0.005,0.7648,-0.0593,-0.4039,11.1012,10.1,11.3,10.1,11.25,up,2026-09-22T15:57:38,24.0,29.0
AAPL,2027-03-19,177,Call,320.0,AAPL270319C00320000,39.7,40.95,40.325,40.99,1.215,3.05468,79.0,6254.0,0.273,0.6995,0.0054,0.8272,-0.0549,0.9722,40.3963,40.85,44.0,40.25,39.7749996185303,down,2026-09-22T14:50:40,18.0,29.0
AAPL,2027-03-19,177,Put,320.0,AAPL270319P00320000,13.65,14.3,13.975000000000001,14.15,-0.05,-0.352111,497.0,5796.0,0.2744,-0.3115,0.0056,0.8356,-0.0639,-0.477,14.1049,12.9,14.15,12.9,14.1999998092651,no_change,2026-09-22T15:57:36,21.0,21.0
AAPL,2027-03-19,177,Call,330.0,AAPL270319C00330000,33.65,34.8,34.224999999999994,34.18,0.58,1.7262,83.0,8990.0,0.2702,0.6429,0.0058,0.8856,-0.0596,0.908,34.0938,34.7,37.3,33.05,33.5999984741211,down,2026-09-22T15:47:15,19.0,87.0
AAPL,2027-03-19,177,Put,330.0,AAPL270319P00330000,17.55,17.85,17.700000000000003,17.64,-0.11,-0.619718,221.0,14124.0,0.2686,-0.3718,0.0062,0.89,-0.0674,-0.5529,17.7119,16.69,17.85,16.4,17.75,down,2026-09-22T15:59:52,10.0,25.0
AAPL,2027-03-19,177,Call,340.0,AAPL270319C00340000,28.15,28.6,28.375,28.39,0.465,1.66517,478.0,4982.0,0.2638,0.5826,0.0062,0.9258,-0.0628,0.8344,28.4166,31.37,31.5,27.75,27.9250001907349,down,2026-09-22T15:58:33,5.0,1.0
AAPL,2027-03-19,177,Put,340.0,AAPL270319P00340000,21.65,22.3,21.975,22.0,-0.025,-0.11351,304.0,1191.0,0.2641,-0.4367,0.0067,0.9243,-0.0694,-0.626,21.9903,20.85,22.0,20.05,22.0250005722046,no_change,2026-09-22T15:58:35,5.0,55.0
AAPL,2027-03-19,177,Call,350.0,AAPL270319C00350000,23.1,23.6,23.35,23.49,0.54,2.35294,204.0,6743.0,0.26,0.5201,0.0064,0.9445,-0.0643,0.7542,23.3904,25.0,26.0,23.1,22.9499998092651,up,2026-09-22T15:55:00,17.0,8.0
AAPL,2027-03-19,177,Put,350.0,AAPL270319P00350000,26.55,27.3,26.925,26.85,-0.125,-0.46339,206.0,1187.0,0.2601,-0.5046,0.007,0.9322,-0.0698,-0.6838,26.9597,25.0,26.95,25.0,26.9749994277954,up,2026-09-22T15:55:38,5.0,27.0
AAPL,2027-03-19,177,Call,360.0,AAPL270319C00360000,18.8,19.2,19.0,19.0,0.35,1.87668,988.0,5989.0,0.2569,0.4576,0.0065,0.9407,-0.0641,0.6708,19.0367,19.95,21.5,18.5,18.6499996185303,down,2026-09-22T15:56:30,24.0,24.0
AAPL,2027-03-19,177,Put,360.0,AAPL270319P00360000,31.6,33.1,32.35,31.4,-1.425,-4.34121,97.0,148.0,0.2536,-0.5744,0.0072,0.9124,-0.0686,-0.7251,32.6822,31.0,32.35,29.92,32.8250007629394,down,2026-09-22T13:24:59,74.0,54.0
AAPL,2027-03-19,177,Call,370.0,AAPL270319C00370000,15.05,15.4,15.225000000000001,15.5,0.55,3.67893,607.0,5231.0,0.2538,0.3965,0.0064,0.9149,-0.0622,0.5866,15.3031,15.91,17.7,15.06,14.9500002861023,up,2026-09-22T15:58:14,23.0,8.0
AAPL,2027-03-19,177,Put,370.0,AAPL270319P00370000,38.25,40.45,39.35,38.0,-1.25,-3.18471,121.0,27.0,0.2575,-0.6437,0.0072,0.8637,-0.0659,-0.7492,39.1021,37.0,38.0,37.0,39.25,up,2026-09-22T13:50:31,29.0,168.0
AAPL,2027-03-19,177,Call,380.0,AAPL270319C00380000,11.8,12.35,12.075,12.16,0.285,2.4,123.0,6093.0,0.2516,0.3383,0.0061,0.8696,-0.0589,0.5045,12.1599,14.0,14.0,11.7,11.875,down,2026-09-22T15:48:53,24.0,15.0
AAPL,2027-03-19,177,Put,380.0,AAPL270319P00380000,44.75,47.7,46.225,44.2,-2.75,-5.8573,14.0,43.0,0.2527,-0.7111,0.0071,0.7835,-0.062,-0.7472,46.2097,44.5,44.5,43.5,46.9500007629394,no_change,2026-09-22T12:20:21,167.0,155.0
AAPL,2027-03-19,177,Call,390.0,AAPL270319C00390000,9.2,9.8,9.5,9.6,0.25,2.6738,53.0,2601.0,0.2498,0.2852,0.0057,0.8093,-0.0546,0.428,9.5917,10.0,11.25,9.55,9.34999990463257,no_change,2026-09-22T15:44:07,18.0,15.0
AAPL,2027-03-19,177,Put,390.0,AAPL270319P00390000,52.4,54.65,53.525,52.65,-2.025,-3.70371,6.0,34.0,0.2444,-0.7754,0.0069,0.6829,-0.0572,-0.6899,53.9597,51.85,52.65,51.85,54.6750011444092,up,2026-09-22T13:50:56,146.0,121.0
AAPL,2027-03-19,177,Call,400.0,AAPL270319C00400000,7.2,7.6,7.4,7.37,0.045,0.614334,358.0,4841.0,0.2486,0.2373,0.0052,0.7381,-0.0496,0.3578,7.4984,8.0,8.35,7.3,7.32500004768372,down,2026-09-22T15:57:38,56.0,11.0
AAPL,2027-03-19,177,Put,400.0,AAPL270319P00400000,61.1,63.8,62.45,61.0,-1.55,-2.47802,2.0,21.0,0.2526,-0.8356,0.0066,0.5606,-0.0523,-0.6124,62.3013,61.0,61.0,61.0,62.5499992370606,no_change,2026-09-22T13:51:19,112.0,132.0
AAPL,2027-03-19,177,Call,410.0,AAPL270319C00410000,5.6,6.0,5.8,6.05,0.375,6.60793,23.0,2726.0,0.249,0.1952,0.0046,0.6611,-0.0443,0.2953,5.8176,5.9,6.5,5.88,5.67499995231628,down,2026-09-22T14:36:43,19.0,31.0
AAPL,2027-03-19,177,Put,410.0,AAPL270319P00410000,70.0,72.3,71.15,69.65,-1.75,-2.45098,2.0,10.0,0.2486,-0.8912,0.0063,0.4151,-0.0462,-0.4777,71.1753,69.65,69.65,69.65,71.4000015258789,no_change,2026-09-22T13:50:41,132.0,146.0
AAPL,2027-03-19,177,Call,420.0,AAPL270319C00420000,4.2,4.6,4.4,4.5,0.175,4.04624,162.0,4084.0,0.2473,0.1592,0.0041,0.5836,-0.0389,0.2417,4.497,4.5,5.0,4.5,4.32500004768372,down,2026-09-22T15:21:41,33.0,12.0
AAPL,2027-03-19,177,Put,420.0,AAPL270319P00420000,79.35,81.65,80.5,0.0,0.0,0.0,0.0,0.0,0.2491,-0.944,0.0066,0.269,-0.0357,-0.3032,80.4979,0.0,0.0,0.0,81.2249984741211,no_change,,114.0,109.0
AAPL,2027-03-19,177,Call,430.0,AAPL270319C00430000,3.2,3.65,3.425,3.55,0.25,7.57576,40.0,799.0,0.2483,0.129,0.0035,0.5086,-0.0338,0.1966,3.4694,3.4,4.05,3.4,3.29999995231628,up,2026-09-22T15:01:58,46.0,33.0
AAPL,2027-03-19,177,Put,430.0,AAPL270319P00430000,89.25,91.9,90.575,0.0,0.0,0.0,0.0,0.0,0.2724,-0.981,0.0035,0.0602,-0.0542,0.0,90.2824,0.0,0.0,0.0,91.0,no_change,,75.0,75.0
AAPL,2027-03-19,177,Call,440.0,AAPL270319C00440000,2.42,2.74,2.58,2.66,0.165,6.61323,58.0,1612.0,0.2476,0.1038,0.003,0.4375,-0.029,0.1584,2.6686,2.92,2.92,2.66,2.49500000476837,down,2026-09-22T15:51:55,28.0,15.0
AAPL,2027-03-19,177,Put,440.0,AAPL270319P00440000,98.85,101.45,100.15,120.21,0.0,0.0,0.0,0.0,0.0,-0.9989,0.0002,0.0,-0.0782,0.0,100.2824,0.0,0.0,0.0,101.299999237061,down,2026-08-28T13:26:07,77.0,76.0
AAPL,2027-03-19,177,Call,450.0,AAPL270319C00450000,1.92,2.21,2.065,2.15,0.175,8.86076,23.0,809.0,0.2508,0.0832,0.0026,0.3733,-0.0247,0.127,2.0513,2.28,2.29,2.12,1.97499996423721,up,2026-09-22T14:48:20,5.0,89.0
AAPL,2027-03-19,177,Put,450.0,AAPL270319P00450000,108.85,111.9,110.375,146.15,0.0,0.0,0.0,0.0,0.2988,-1.0,0.0,0.0,-0.0782,0.0,110.2824,0.0,0.0,0.0,111.299999237061,down,2026-06-08T14:57:57,77.0,76.0
AAPL,2027-03-19,177,Call,460.0,AAPL270319C00460000,1.43,1.72,1.575,1.63,0.12,7.94702,12.0,292.0,0.2513,0.0665,0.0022,0.3162,-0.0208,0.1017,1.5777,1.63,1.64,1.63,1.50999999046326,down,2026-09-22T13:49:08,6.0,28.0
AAPL,2027-03-19,177,Put,460.0,AAPL270319P00460000,118.85,121.25,120.05,0.0,0.0,0.0,0.0,0.0,0.0,-1.0,0.0,0.0,-0.0782,0.0,120.2824,0.0,0.0,0.0,121.224998474121,no_change,,76.0,75.0
AAPL,2027-03-19,177,Call,470.0,AAPL270319C00470000,1.04,1.25,1.145,1.22,0.055,4.72103,15.0,277.0,0.2498,0.053,0.0018,0.2658,-0.0175,0.081,1.2153,1.41,1.41,1.22,1.16500002145767,down,2026-09-22T15:15:52,42.0,5.0
AAPL,2027-03-19,177,Put,470.0,AAPL270319P00470000,128.65,132.0,130.325,0.0,0.0,0.0,0.0,0.0,0.3295,-1.0,0.0,0.0,-0.0782,0.0,130.2824,0.0,0.0,0.0,130.849998474121,no_change,,76.0,76.0
AAPL,2027-03-19,177,Call,480.0,AAPL270319C00480000,0.83,1.0,0.915,0.96,0.08,9.09091,81.0,336.0,0.2529,0.0422,0.0015,0.2229,-0.0146,0.0646,0.938,0.92,1.0,0.92,0.879999995231628,no_change,2026-09-22T14:35:32,11.0,28.0
AAPL,2027-03-19,177,Put,480.0,AAPL270319P00480000,138.65,141.95,140.3,0.0,0.0,0.0,0.0,0.0,0.3437,-1.0,0.0,0.0,-0.0782,0.0,140.2824,0.0,0.0,0.0,140.724998474121,no_change,,76.0,76.0
AAPL,2027-03-19,177,Call,490.0,AAPL270319C00490000,0.7,0.77,0.735,0.73,0.075,11.4504,5.0,461.0,0.256,0.0337,0.0012,0.186,-0.0122,0.0515,0.7262,0.73,0.73,0.73,0.655000001192093,up,2026-09-22T12:35:43,5.0,9.0
AAPL,2027-03-19,177,Put,490.0,AAPL270319P00490000,148.65,151.95,150.3,0.0,0.0,0.0,0.0,0.0,0.3598,-1.0,0.0,0.0,-0.0782,0.0,150.2824,0.0,0.0,0.0,150.724998474121,no_change,,76.0,76.0
AAPL,2027-03-19,177,Call,500.0,AAPL270319C00500000,0.52,0.68,0.6000000000000001,0.59,0.08,15.6863,4.0,307.0,0.2596,0.0269,0.001,0.155,-0.0102,0.041,0.564,0.59,0.59,0.59,0.510000005364418,up,2026-09-22T12:02:36,2.0,52.0
AAPL,2027-03-19,177,Put,500.0,AAPL270319P00500000,158.65,162.0,160.325,0.0,0.0,0.0,0.0,0.0,0.3779,-1.0,0.0,0.0,-0.0782,0.0,160.2824,0.0,0.0,0.0,160.75,no_change,,76.0,77.0
AAPL,2027-03-19,177,Call,510.0,AAPL270319C00510000,0.25,0.47,0.36,0.39,0.0,0.0,0.0,67.0,0.2585,0.0215,0.0008,0.129,-0.0084,0.0328,0.4398,0.0,0.0,0.0,0.385000005364418,down,2026-09-17T12:02:02,45.0,10.0
AAPL,2027-03-19,177,Put,510.0,AAPL270319P00510000,168.9,171.95,170.425,0.0,0.0,0.0,0.0,0.0,0.4019,-1.0,0.0,0.0,-0.0782,0.0,170.2824,0.0,0.0,0.0,171.149993896484,no_change,,76.0,76.0
AAPL,2027-03-19,177,Call,520.0,AAPL270319C00520000,0.19,0.48,0.33499999999999996,0.3,0.0,0.0,0.0,143.0,0.2598,0.0172,0.0007,0.1073,-0.007,0.0262,0.3444,0.0,0.0,0.0,0.274999998509884,down,2026-09-18T15:18:54,71.0,11.0
AAPL,2027-03-19,177,Put,520.0,AAPL270319P00520000,178.7,181.75,180.225,0.0,0.0,0.0,0.0,0.0,0.0,-1.0,0.0,0.0,-0.0782,0.0,180.2824,0.0,0.0,0.0,180.699996948242,no_change,,76.0,76.0
AAPL,2027-03-19,177,Call,530.0,AAPL270319C00530000,0.12,0.4,0.26,0.17,0.0,0.0,0.0,33.0,0.2613,0.0138,0.0006,0.0895,-0.0058,0.0211,0.2716,0.0,0.0,0.0,0.229999996721745,down,2026-09-15T15:25:10,164.0,68.0
AAPL,2027-03-19,177,Put,530.0,AAPL270319P00530000,188.65,191.75,190.2,0.0,0.0,0.0,0.0,0.0,0.0,-1.0,0.0,0.0,-0.0782,0.0,190.2824,0.0,0.0,0.0,190.699996948242,no_change,,76.0,76.0
AAPL,2027-03-19,177,Call,540.0,AAPL270319C00540000,0.06,0.36,0.21,0.2,0.005,2.5641,3.0,231.0,0.2644,0.0111,0.0005,0.0741,-0.0048,0.0168,0.2132,0.2,0.2,0.2,0.195000000298023,down,2026-09-22T10:39:06,261.0,177.0
AAPL,2027-03-19,177,Put,540.0,AAPL270319P00540000,198.65,201.95,200.3,0.0,0.0,0.0,0.0,0.0,0.4342,-1.0,0.0,0.0,-0.0782,0.0,200.2824,0.0,0.0,0.0,201.149993896484,no_change,,76.0,76.0
AAPL,2027-03-19,177,Call,550.0,AAPL270319C00550000,0.11,0.24,0.175,0.17,0.03,21.4286,8.0,49.0,0.2679,0.009,0.0004,0.0619,-0.0041,0.0137,0.1699,0.17,0.17,0.17,0.139999998733401,up,2026-09-22T13:37:55,10.0,20.0
AAPL,2027-03-19,177,Put,550.0,AAPL270319P00550000,209.1,211.9,210.5,0.0,0.0,0.0,0.0,0.0,0.466,-1.0,0.0,0.0,-0.0782,0.0,210.2824,0.0,0.0,0.0,210.875,no_change,,76.0,76.0
AAPL,2027-03-19,177,Call,560.0,AAPL270319C00560000,0.02,0.27,0.14500000000000002,0.1,0.0,0.0,0.0,83.0,0.2711,0.0073,0.0003,0.052,-0.0034,0.0111,0.1364,0.0,0.0,0.0,0.105000001378357,down,2026-09-16T15:37:45,204.0,146.0
AAPL,2027-03-19,177,Put,560.0,AAPL270319P00560000,218.65,221.95,220.3,0.0,0.0,0.0,0.0,0.0,0.4617,-1.0,0.0,0.0,-0.0782,0.0,220.2824,0.0,0.0,0.0,220.824996948242,no_change,,76.0,76.0
AAPL,2027-03-19,177,Call,570.0,AAPL270319C00570000,0.06,0.18,0.12,0.08,0.015,23.0769,32.0,1416.0,0.274,0.006,0.0003,0.0437,-0.0029,0.0091,0.1104,0.08,0.08,0.08,0.0649999994784594,no_change,2026-09-22T09:42:46,25.0,123.0
AAPL,2027-03-19,177,Put,570.0,AAPL270319P00570000,228.7,231.95,230.325,0.0,0.0,0.0,0.0,0.0,0.4777,-1.0,0.0,0.0,-0.0782,0.0,230.2824,0.0,0.0,0.0,231.074996948242,no_change,,76.0,76.0
AAPL,2027-03-19,177,Call,580.0,AAPL270319C00580000,0.03,0.19,0.11,0.04,0.0,0.0,0.0,128.0,0.2798,0.005,0.0002,0.037,-0.0024,0.0075,0.09,0.0,0.0,0.0,0.084999998100102,down,2026-09-14T13:06:20,6.0,103.0
AAPL,2027-03-19,177,Put,580.0,AAPL270319P00580000,238.65,241.95,240.3,0.0,0.0,0.0,0.0,0.0,0.488,-1.0,0.0,0.0,-0.0782,0.0,240.2824,0.0,0.0,0.0,240.774993896484,no_change,,76.0,76.0
AAPL,2027-03-19,177,Call,590.0,AAPL270319C00590000,0.01,0.21,0.11,0.08,0.0,0.0,0.0,7.0,0.2879,0.0041,0.0002,0.0315,-0.0021,0.0062,0.0741,0.0,0.0,0.0,0.084999998100102,down,2026-09-02T10:50:15,5.0,122.0
AAPL,2027-03-19,177,Put,590.0,AAPL270319P00590000,248.65,251.95,250.3,0.0,0.0,0.0,0.0,0.0,0.5008,-1.0,0.0,0.0,-0.0782,0.0,250.2824,0.0,0.0,0.0,251.149993896484,no_change,,76.0,76.0
AAPL,2027-03-19,177,Call,600.0,AAPL270319C00600000,0.0,0.18,0.09,0.08,0.01,14.2857,1637.0,4332.0,0.2787,0.0034,0.0002,0.0269,-0.0018,0.0052,0.0616,0.04,0.09,0.04,0.0700000002980232,no_change,2026-09-22T15:59:33,0.0,41.0
AAPL,2027-03-19,177,Put,600.0,AAPL270319P00600000,258.65,261.8,260.225,283.39,0.0,0.0,0.0,0.0,0.0,-1.0,0.0,0.0,-0.0782,0.0,260.2824,0.0,0.0,0.0,260.699996948242,up,2026-09-08T09:48:06,76.0,76.0
AAPL,2027-04-16,205,Call,195.0,AAPL270416C00195000,148.55,151.85,150.2,147.04,0.0,0.0,0.0,11.0,0.3802,0.9833,0.0004,0.1118,0.0,1.0457,150.3162,0.0,0.0,0.0,149.799995422363,down,2026-09-21T10:05:44,86.0,75.0
AAPL,2027-04-16,205,Put,195.0,AAPL270416P00195000,0.62,0.87,0.745,0.75,0.04,5.6338,4.0,95.0,0.3985,-0.0174,0.0004,0.1131,-0.0101,-0.0348,0.6708,0.75,0.75,0.75,0.71000000834465,no_change,2026-09-22T10:04:56,17.0,349.0
AAPL,2027-04-16,205,Call,200.0,AAPL270416C00200000,143.9,146.65,145.275,140.96,0.0,0.0,0.0,3.0,0.3592,0.981,0.0005,0.1245,0.0,1.0684,145.5373,0.0,0.0,0.0,144.899993896484,no_change,2026-09-18T12:07:00,84.0,75.0
AAPL,2027-04-16,205,Put,200.0,AAPL270416P00200000,0.71,0.98,0.845,0.75,0.0,0.0,0.0,212.0,0.3838,-0.0198,0.0005,0.1255,-0.011,-0.0393,0.7602,0.0,0.0,0.0,0.859999984502792,no_change,2026-09-21T09:30:02,5.0,132.0
AAPL,2027-04-16,205,Call,210.0,AAPL270416C00210000,134.5,137.1,135.8,136.0,0.575,0.424593,1.0,1.0,0.3541,0.9753,0.0006,0.1542,0.0,1.1119,136.0187,136.0,136.0,136.0,135.424995422363,up,2026-09-22T10:17:16,111.0,113.0
AAPL,2027-04-16,205,Put,210.0,AAPL270416P00210000,0.93,1.11,1.02,1.01,-0.04,-3.80953,1.0,394.0,0.3728,-0.0256,0.0006,0.1564,-0.0132,-0.0507,0.9787,1.01,1.01,1.01,1.05000001192093,down,2026-09-22T10:42:35,28.0,71.0
AAPL,2027-04-16,205,Call,215.0,AAPL270416C00215000,129.65,132.85,131.25,112.89,0.0,0.0,0.0,5.0,0.3614,0.9719,0.0007,0.1715,0.0,1.1322,131.2831,0.0,0.0,0.0,130.549995422363,up,2026-09-04T10:44:47,131.0,129.0
AAPL,2027-04-16,205,Put,215.0,AAPL270416P00215000,0.92,1.25,1.085,1.17,0.0,0.0,0.0,85.0,0.3618,-0.0291,0.0007,0.1733,-0.0145,-0.0575,1.1126,0.0,0.0,0.0,1.19999998807907,down,2026-09-21T12:31:24,97.0,18.0
AAPL,2027-04-16,205,Call,220.0,AAPL270416C00220000,124.9,128.1,126.5,117.39,0.0,0.0,0.0,2.0,0.3533,0.968,0.0008,0.1902,0.0,1.1517,126.5662,0.0,0.0,0.0,126.125,up,2026-09-03T11:54:22,104.0,103.0
AAPL,2027-04-16,205,Put,220.0,AAPL270416P00220000,1.2,1.39,1.295,1.25,-0.18,-12.5874,1.0,39.0,0.3586,-0.0331,0.0008,0.1923,-0.0158,-0.0651,1.265,1.25,1.25,1.25,1.42999994754791,down,2026-09-22T15:07:13,28.0,24.0
AAPL,2027-04-16,205,Call,225.0,AAPL270416C00225000,120.6,123.4,122.0,119.0,0.0,0.0,0.0,3.0,0.357,0.9636,0.0009,0.2108,0.0,1.1701,121.8706,0.0,0.0,0.0,121.300003051758,no_change,2026-09-18T09:38:53,128.0,128.0
AAPL,2027-04-16,205,Put,225.0,AAPL270416P00225000,1.25,1.58,1.415,1.72,0.0,0.0,0.0,42.0,0.3493,-0.0377,0.0009,0.2146,-0.0173,-0.0742,1.4428,0.0,0.0,0.0,1.5450000166893,up,2026-09-18T09:30:30,66.0,15.0
AAPL,2027-04-16,205,Call,230.0,AAPL270416C00230000,115.5,118.75,117.125,111.61,0.0,0.0,0.0,18.0,0.3416,0.9587,0.001,0.2336,0.0,1.187,117.1993,0.0,0.0,0.0,116.674999237061,no_change,2026-09-18T11:50:58,116.0,135.0
AAPL,2027-04-16,205,Put,230.0,AAPL270416P00230000,1.43,1.89,1.66,1.75,0.0,0.0,0.0,88.0,0.3458,-0.0426,0.001,0.2366,-0.0189,-0.0837,1.6393,0.0,0.0,0.0,1.75,down,2026-09-21T15:56:39,53.0,176.0
AAPL,2027-04-16,205,Call,235.0,AAPL270416C00235000,111.2,113.8,112.5,110.29,0.0,0.0,0.0,15.0,0.3369,0.9531,0.0011,0.258,0.0,1.2028,112.5558,0.0,0.0,0.0,111.825000762939,up,2026-09-21T10:09:12,101.0,102.0
AAPL,2027-04-16,205,Put,235.0,AAPL270416P00235000,1.65,2.07,1.8599999999999999,2.16,0.0,0.0,0.0,161.0,0.3389,-0.0484,0.0012,0.2611,-0.0206,-0.0947,1.867,0.0,0.0,0.0,1.9899999499321,down,2026-09-21T09:58:32,34.0,33.0
AAPL,2027-04-16,205,Call,240.0,AAPL270416C00240000,106.25,109.45,107.85,86.0,0.0,0.0,0.0,14.0,0.3303,0.9468,0.0013,0.2845,-0.0022,1.2171,107.9434,0.0,0.0,0.0,107.375,down,2026-09-09T15:15:55,114.0,114.0
AAPL,2027-04-16,205,Put,240.0,AAPL270416P00240000,1.99,2.38,2.185,2.3,0.0,0.0,0.0,249.0,0.3358,-0.0548,0.0013,0.2893,-0.0224,-0.107,2.1263,0.0,0.0,0.0,2.27499997615814,down,2026-09-21T14:08:02,13.0,135.0
AAPL,2027-04-16,205,Call,245.0,AAPL270416C00245000,101.7,104.85,103.275,81.14,0.0,0.0,0.0,28.0,0.3254,0.9397,0.0014,0.3134,-0.0049,1.2294,103.3662,0.0,0.0,0.0,102.849998474121,down,2026-09-09T09:45:41,143.0,138.0
AAPL,2027-04-16,205,Put,245.0,AAPL270416P00245000,2.28,2.64,2.46,2.36,-0.225,-8.70406,141.0,123.0,0.3296,-0.0621,0.0015,0.3179,-0.0243,-0.121,2.4234,2.36,2.36,2.36,2.58500003814697,no_change,2026-09-22T13:33:57,6.0,30.0
AAPL,2027-04-16,205,Call,250.0,AAPL270416C00250000,97.15,100.35,98.75,96.2,0.0,0.0,0.0,69.0,0.321,0.9318,0.0016,0.344,-0.0078,1.24,98.8291,0.0,0.0,0.0,98.0250015258789,down,2026-09-21T10:21:07,115.0,117.0
AAPL,2027-04-16,205,Put,250.0,AAPL270416P00250000,2.57,2.9,2.735,2.92,0.0,0.0,0.0,179.0,0.3227,-0.0702,0.0016,0.3486,-0.0264,-0.1362,2.7603,0.0,0.0,0.0,2.85500001907349,down,2026-09-21T15:42:06,12.0,13.0
AAPL,2027-04-16,205,Call,255.0,AAPL270416C00255000,92.65,95.8,94.225,97.2,3.55,3.79071,15.0,31.0,0.3156,0.923,0.0018,0.3768,-0.0108,1.2488,94.3364,97.2,97.2,97.2,93.6500015258789,up,2026-09-22T11:07:54,144.0,140.0
AAPL,2027-04-16,205,Put,255.0,AAPL270416P00255000,2.99,3.25,3.12,3.0,-0.225,-6.97674,1.0,131.0,0.318,-0.0793,0.0018,0.3834,-0.0285,-0.1539,3.1431,3.0,3.0,3.0,3.22499990463257,down,2026-09-22T12:43:37,52.0,5.0
AAPL,2027-04-16,205,Call,260.0,AAPL270416C00260000,88.25,91.35,89.8,94.73,5.53,6.19955,411.0,38.0,0.3116,0.9132,0.002,0.412,-0.0139,1.255,89.8938,94.74,94.76,94.72,89.2000007629394,down,2026-09-22T09:33:31,163.0,149.0
AAPL,2027-04-16,205,Put,260.0,AAPL270416P00260000,3.3,3.7,3.5,3.4,-0.275,-7.48299,1.0,2537.0,0.312,-0.0894,0.002,0.4178,-0.0308,-0.1725,3.5792,3.4,3.4,3.4,3.67499995231628,down,2026-09-22T12:43:37,32.0,10.0
AAPL,2027-04-16,205,Call,265.0,AAPL270416C00265000,83.95,86.3,85.125,81.03,0.0,0.0,0.0,7.0,0.3007,0.9023,0.0022,0.4485,-0.017,1.259,85.5072,0.0,0.0,0.0,84.75,up,2026-09-16T14:32:31,109.0,12.0
AAPL,2027-04-16,205,Put,265.0,AAPL270416P00265000,3.95,4.35,4.15,4.05,-0.1,-2.40964,132.0,87.0,0.3114,-0.1007,0.0022,0.4551,-0.0332,-0.1929,4.0708,3.85,4.05,3.85,4.15000009536743,no_change,2026-09-22T15:50:49,5.0,35.0
AAPL,2027-04-16,205,Call,270.0,AAPL270416C00270000,79.6,82.15,80.875,81.27,0.92,1.14499,1.0,47.0,0.2988,0.8902,0.0024,0.4869,-0.0203,1.2607,81.1821,81.27,81.27,81.27,80.3499984741211,up,2026-09-22T15:50:54,169.0,106.0
AAPL,2027-04-16,205,Put,270.0,AAPL270416P00270000,4.4,4.75,4.575,4.5,-0.25,-5.26316,137.0,296.0,0.3043,-0.1131,0.0025,0.4953,-0.0356,-0.2163,4.6279,4.55,4.55,4.4,4.75,no_change,2026-09-22T14:59:18,5.0,10.0
AAPL,2027-04-16,205,Call,275.0,AAPL270416C00275000,75.6,78.35,76.975,78.68,2.48,3.25459,1.0,60.0,0.3023,0.877,0.0026,0.5273,-0.0236,1.2591,76.9256,78.68,78.68,78.68,76.2000007629394,up,2026-09-22T13:13:25,170.0,201.0
AAPL,2027-04-16,205,Put,275.0,AAPL270416P00275000,4.95,5.55,5.25,5.37,0.0,0.0,0.0,335.0,0.3012,-0.1268,0.0027,0.5343,-0.0382,-0.2411,5.2567,0.0,0.0,0.0,5.45000004768372,down,2026-09-21T15:34:10,29.0,73.0
AAPL,2027-04-16,205,Call,280.0,AAPL270416C00280000,71.25,74.3,72.775,67.05,0.0,0.0,0.0,257.0,0.298,0.8626,0.0029,0.5681,-0.0269,1.2551,72.7445,0.0,0.0,0.0,72.25,down,2026-09-18T10:39:54,190.0,205.0
AAPL,2027-04-16,205,Put,280.0,AAPL270416P00280000,5.65,6.35,6.0,5.84,-0.16,-2.66667,25.0,231.0,0.2982,-0.1418,0.003,0.5776,-0.0408,-0.2688,5.9608,5.79,5.84,5.77,6.0,up,2026-09-22T15:21:44,40.0,167.0
AAPL,2027-04-16,205,Call,285.0,AAPL270416C00285000,67.3,70.1,68.69999999999999,67.64,0.0,0.0,0.0,2182.0,0.2947,0.8468,0.0032,0.6104,-0.0302,1.248,68.6452,0.0,0.0,0.0,67.75,up,2026-09-21T15:08:00,186.0,285.0
AAPL,2027-04-16,205,Put,285.0,AAPL270416P00285000,6.45,7.0,6.725,6.52,-0.38,-5.50724,1.0,376.0,0.2933,-0.1583,0.0033,0.6208,-0.0434,-0.2985,6.754,6.52,6.52,6.52,6.89999985694885,down,2026-09-22T15:10:24,28.0,20.0
AAPL,2027-04-16,205,Call,290.0,AAPL270416C00290000,63.1,66.15,64.625,61.1,0.0,0.0,0.0,105.0,0.2902,0.8297,0.0034,0.6532,-0.0335,1.2375,64.636,0.0,0.0,0.0,63.875,down,2026-09-18T13:50:31,172.0,201.0
AAPL,2027-04-16,205,Put,290.0,AAPL270416P00290000,7.3,7.9,7.6,7.23,-0.545,-7.00964,11.0,356.0,0.2897,-0.1762,0.0036,0.6622,-0.046,-0.3284,7.6391,7.32,7.32,7.23,7.77499985694885,down,2026-09-22T12:09:50,26.0,62.0
AAPL,2027-04-16,205,Call,295.0,AAPL270416C00295000,59.1,62.3,60.7,58.5,0.0,0.0,0.0,32.0,0.2867,0.8112,0.0037,0.6955,-0.0368,1.2244,60.7235,0.0,0.0,0.0,60.0750007629394,up,2026-09-21T10:21:07,178.0,180.0
AAPL,2027-04-16,205,Put,295.0,AAPL270416P00295000,8.35,9.0,8.675,8.6,-0.125,-1.43266,40.0,670.0,0.2877,-0.1955,0.0038,0.7073,-0.0485,-0.3631,8.6252,8.45,8.6,8.45,8.72499990463257,no_change,2026-09-22T15:48:44,5.0,94.0
AAPL,2027-04-16,205,Call,300.0,AAPL270416C00300000,55.25,58.0,56.625,57.3,1.15,2.04808,29.0,123.0,0.2799,0.7914,0.004,0.738,-0.0399,1.2074,56.9149,59.2,59.75,57.3,56.1500015258789,down,2026-09-22T14:52:07,243.0,173.0
AAPL,2027-04-16,205,Put,300.0,AAPL270416P00300000,9.45,10.05,9.75,9.4,-0.5,-5.05051,21.0,812.0,0.2842,-0.2163,0.0041,0.7483,-0.051,-0.3975,9.7241,9.1,9.4,9.1,9.90000009536743,up,2026-09-22T14:30:26,21.0,85.0
AAPL,2027-04-16,205,Call,305.0,AAPL270416C00305000,51.9,54.35,53.125,50.0,0.0,0.0,0.0,17.0,0.2797,0.7702,0.0042,0.779,-0.043,1.1875,53.2186,0.0,0.0,0.0,52.9000015258789,up,2026-09-18T10:04:55,113.0,165.0
AAPL,2027-04-16,205,Put,305.0,AAPL270416P00305000,10.6,11.3,10.95,10.55,-0.525,-4.74041,41.0,643.0,0.2811,-0.2386,0.0044,0.7904,-0.0534,-0.4357,10.9349,10.61,10.7,10.55,11.0750002861023,down,2026-09-22T14:41:10,28.0,65.0
AAPL,2027-04-16,205,Call,310.0,AAPL270416C00310000,47.95,50.8,49.375,52.45,3.8,7.81089,4.0,85.0,0.2748,0.7477,0.0045,0.8186,-0.0458,1.1646,49.6397,52.04,52.45,51.1,48.6500015258789,up,2026-09-22T11:29:40,237.0,194.0
AAPL,2027-04-16,205,Put,310.0,AAPL270416P00310000,12.0,12.7,12.35,12.1,-0.35,-2.81124,7.0,669.0,0.2789,-0.2624,0.0047,0.8305,-0.0557,-0.4729,12.276,12.34,12.34,12.1,12.4499998092651,no_change,2026-09-22T15:45:32,23.0,144.0
AAPL,2027-04-16,205,Call,315.0,AAPL270416C00315000,44.9,47.8,46.349999999999994,48.0,2.525,5.5525,5.0,134.0,0.2773,0.724,0.0048,0.8562,-0.0486,1.1378,46.1865,48.0,48.0,48.0,45.4750003814697,up,2026-09-22T10:54:17,152.0,227.0
AAPL,2027-04-16,205,Put,315.0,AAPL270416P00315000,13.45,14.2,13.825,13.75,-0.15,-1.07913,16.0,312.0,0.2763,-0.2875,0.005,0.8657,-0.0579,-0.5119,13.748,13.66,13.75,12.8,13.8999996185303,no_change,2026-09-22T15:48:35,5.0,70.0
AAPL,2027-04-16,205,Call,320.0,AAPL270416C00320000,41.05,43.5,42.275,45.5,3.275,7.75607,7.0,110.0,0.2662,0.6992,0.005,0.8906,-0.051,1.109,42.8643,46.0,46.0,44.1,42.2250003814697,up,2026-09-22T11:22:43,235.0,63.0
AAPL,2027-04-16,205,Put,320.0,AAPL270416P00320000,15.05,15.6,15.325,15.4,0.0,0.0,0.0,302.0,0.2725,-0.314,0.0053,0.9009,-0.0598,-0.5533,15.3588,0.0,0.0,0.0,15.5,down,2026-09-21T12:20:46,19.0,25.0
AAPL,2027-04-16,205,Call,325.0,AAPL270416C00325000,38.65,40.35,39.5,39.4,0.075,0.190716,35.0,202.0,0.2686,0.6732,0.0052,0.9223,-0.0532,1.0764,39.6782,40.7,40.7,39.4,39.3250007629394,down,2026-09-22T15:57:15,77.0,59.0
AAPL,2027-04-16,205,Put,325.0,AAPL270416P00325000,16.8,17.6,17.200000000000003,17.6,0.0,0.0,0.0,157.0,0.2714,-0.3418,0.0056,0.9297,-0.0615,-0.5921,17.1199,0.0,0.0,0.0,17.2749996185303,down,2026-09-21T12:15:03,28.0,127.0
AAPL,2027-04-16,205,Call,330.0,AAPL270416C00330000,35.65,37.6,36.625,36.91,0.71,1.96133,16.0,158.0,0.2692,0.6464,0.0054,0.9498,-0.0552,1.0417,36.6345,37.36,39.05,36.91,36.1999988555908,no_change,2026-09-22T14:51:46,30.0,126.0
AAPL,2027-04-16,205,Put,330.0,AAPL270416P00330000,18.55,19.6,19.075000000000003,18.02,-0.955,-5.03294,4.0,208.0,0.2688,-0.3707,0.0058,0.9557,-0.0629,-0.6325,19.0257,18.62,18.62,18.0,18.9750003814697,up,2026-09-22T12:34:01,17.0,77.0
AAPL,2027-04-16,205,Call,335.0,AAPL270416C00335000,32.3,34.9,33.599999999999994,35.53,2.355,7.09872,22.0,970.0,0.2648,0.6188,0.0056,0.9732,-0.0568,1.0048,33.7358,35.0,36.5,34.72,33.1749992370606,up,2026-09-22T12:20:21,274.0,178.0
AAPL,2027-04-16,205,Put,335.0,AAPL270416P00335000,20.6,21.75,21.175,21.1,-0.025,-0.118343,2.0,147.0,0.267,-0.4008,0.006,0.9758,-0.0641,-0.6683,21.0971,20.0,21.1,20.0,21.125,up,2026-09-22T15:48:33,16.0,103.0
AAPL,2027-04-16,205,Call,340.0,AAPL270416C00340000,30.05,31.45,30.75,31.07,0.62,2.03613,46.0,1635.0,0.2616,0.5905,0.0058,0.992,-0.058,0.965,30.9844,34.2,34.2,30.6,30.4499998092651,up,2026-09-22T15:49:27,20.0,43.0
AAPL,2027-04-16,205,Put,340.0,AAPL270416P00340000,23.0,23.8,23.4,23.0,-0.475,-2.02343,27.0,224.0,0.265,-0.4316,0.0062,0.9907,-0.065,-0.7071,23.3244,22.2,23.0,22.17,23.4749994277954,up,2026-09-22T15:14:42,9.0,80.0
AAPL,2027-04-16,205,Call,345.0,AAPL270416C00345000,27.7,28.7,28.2,30.37,2.47,8.85304,36.0,325.0,0.2601,0.5617,0.0059,1.0057,-0.059,0.9246,28.3841,29.29,30.61,28.48,27.9000005722046,down,2026-09-22T11:50:21,21.0,15.0
AAPL,2027-04-16,205,Put,345.0,AAPL270416P00345000,25.4,26.25,25.825,25.7,-0.2,-0.772199,5.0,140.0,0.2635,-0.4632,0.0064,0.9983,-0.0656,-0.738,25.7197,24.55,25.7,24.55,25.8999996185303,up,2026-09-22T15:21:37,5.0,99.0
AAPL,2027-04-16,205,Call,350.0,AAPL270416C00350000,25.5,26.05,25.775,26.47,0.97,3.80392,28.0,1022.0,0.2591,0.5327,0.006,1.0143,-0.0596,0.8817,25.9346,26.59,28.0,25.62,25.5,up,2026-09-22T14:01:31,17.0,1.0
AAPL,2027-04-16,205,Put,350.0,AAPL270416P00350000,27.75,29.0,28.375,28.6,0.0,0.0,0.0,23.0,0.2619,-0.4954,0.0066,1.002,-0.0658,-0.7741,28.2822,0.0,0.0,0.0,28.4749994277954,down,2026-09-21T14:36:50,15.0,91.0
AAPL,2027-04-16,205,Call,355.0,AAPL270416C00355000,23.2,23.75,23.475,23.75,0.5,2.15054,29.0,257.0,0.2573,0.5036,0.006,1.0177,-0.0598,0.8384,23.6374,24.52,25.0,23.75,23.25,no_change,2026-09-22T15:39:56,30.0,18.0
AAPL,2027-04-16,205,Put,355.0,AAPL270416P00355000,30.45,31.75,31.1,32.75,0.0,0.0,0.0,1.0,0.2606,-0.5279,0.0067,0.9952,-0.0657,-0.7959,31.0078,0.0,0.0,0.0,31.2749996185303,down,2026-09-17T15:21:09,16.0,91.0
AAPL,2027-04-16,205,Call,360.0,AAPL270416C00360000,21.05,21.65,21.35,21.5,0.45,2.13777,121.0,1495.0,0.2563,0.4746,0.006,1.0158,-0.0597,0.7944,21.4899,23.3,23.3,21.01,21.0500001907349,down,2026-09-22T15:39:24,36.0,18.0
AAPL,2027-04-16,205,Put,360.0,AAPL270416P00360000,33.2,34.5,33.85,32.55,-1.725,-5.03282,113.0,0.0,0.2571,-0.5607,0.0068,0.9847,-0.0652,-0.8233,33.9116,32.6,32.65,32.4,34.2749996185303,up,2026-09-22T11:57:12,39.0,103.0
AAPL,2027-04-16,205,Call,365.0,AAPL270416C00365000,19.05,19.65,19.35,19.6,0.525,2.75229,46.0,250.0,0.2548,0.4458,0.006,1.0086,-0.0593,0.7494,19.49,19.72,21.02,19.56,19.0749998092651,down,2026-09-22T14:50:41,39.0,12.0
AAPL,2027-04-16,205,Put,365.0,AAPL270416P00365000,35.65,38.45,37.05,0.0,0.0,0.0,0.0,0.0,0.2572,-0.5934,0.0068,0.9689,-0.0645,-0.8389,36.9698,0.0,0.0,0.0,37.0749988555908,no_change,,112.0,113.0
AAPL,2027-04-16,205,Call,370.0,AAPL270416C00370000,17.2,17.85,17.525,18.06,0.76,4.39306,82.0,392.0,0.2538,0.4174,0.006,0.9968,-0.0585,0.7055,17.6352,19.95,19.95,17.32,17.3000001907349,down,2026-09-22T14:18:07,23.0,14.0
AAPL,2027-04-16,205,Put,370.0,AAPL270416P00370000,38.95,41.85,40.400000000000006,0.0,0.0,0.0,0.0,0.0,0.2572,-0.6262,0.0069,0.9386,-0.0635,-0.8462,40.2078,0.0,0.0,0.0,40.6749992370606,no_change,,120.0,130.0
AAPL,2027-04-16,205,Call,375.0,AAPL270416C00375000,15.5,16.15,15.825,16.35,0.775,4.97592,29.0,230.0,0.2531,0.3897,0.0059,0.9799,-0.0575,0.661,15.921,17.95,18.0,16.35,15.5750002861023,down,2026-09-22T14:36:05,47.0,19.0
AAPL,2027-04-16,205,Put,375.0,AAPL270416P00375000,42.2,45.3,43.75,42.0,-2.325,-5.24534,2.0,4.0,0.2558,-0.6584,0.0069,0.9131,-0.0622,-0.8578,43.5984,41.9,42.0,41.9,44.3249988555908,up,2026-09-22T11:57:21,127.0,153.0
AAPL,2027-04-16,205,Call,380.0,AAPL270416C00380000,13.9,14.5,14.2,15.35,1.35,9.64286,1.0,431.0,0.2516,0.3628,0.0058,0.9588,-0.0562,0.6178,14.3436,15.35,15.35,15.35,14.0,up,2026-09-22T11:23:46,49.0,19.0
AAPL,2027-04-16,205,Put,380.0,AAPL270416P00380000,45.75,48.5,47.125,45.95,-1.675,-3.51706,2.0,4.0,0.2528,-0.6905,0.0068,0.8652,-0.0607,-0.8333,47.1515,45.9,45.95,45.9,47.625,up,2026-09-22T13:49:55,129.0,149.0
AAPL,2027-04-16,205,Call,385.0,AAPL270416C00385000,12.5,13.1,12.8,12.67,0.095,0.755465,1.0,166.0,0.2512,0.3367,0.0056,0.9341,-0.0546,0.5757,12.8962,12.67,12.67,12.67,12.5750002861023,up,2026-09-22T10:12:50,30.0,25.0
AAPL,2027-04-16,205,Put,385.0,AAPL270416P00385000,49.2,52.8,51.0,55.35,0.0,0.0,0.0,3.0,0.254,-0.7218,0.0068,0.8257,-0.059,-0.8317,50.8621,0.0,0.0,0.0,51.6499996185303,down,2026-09-14T11:57:05,133.0,134.0
AAPL,2027-04-16,205,Call,390.0,AAPL270416C00390000,11.15,11.8,11.475000000000001,10.93,0.0,0.0,0.0,204.0,0.2504,0.3116,0.0055,0.9054,-0.0529,0.5341,11.5732,0.0,0.0,0.0,11.4000000953674,down,2026-09-21T14:15:26,55.0,31.0
AAPL,2027-04-16,205,Put,390.0,AAPL270416P00390000,53.35,56.65,55.0,52.85,-2.3,-4.17044,2.0,3.0,0.2553,-0.7525,0.0067,0.7772,-0.0572,-0.7868,54.7115,52.85,52.85,52.85,55.1499996185303,no_change,2026-09-22T11:57:57,131.0,162.0
AAPL,2027-04-16,205,Call,395.0,AAPL270416C00395000,9.95,10.6,10.274999999999999,10.75,0.675,6.69975,2.0,858.0,0.2498,0.2877,0.0053,0.8744,-0.051,0.495,10.3674,11.05,11.05,10.75,10.0750002861023,down,2026-09-22T13:25:13,43.0,36.0
AAPL,2027-04-16,205,Put,395.0,AAPL270416P00395000,57.3,60.45,58.875,57.4,-2.1,-3.52941,4.0,3.0,0.253,-0.7825,0.0066,0.7119,-0.055,-0.7766,58.7216,56.7,57.4,56.7,59.5,no_change,2026-09-22T13:50:17,126.0,163.0
AAPL,2027-04-16,205,Call,400.0,AAPL270416C00400000,9.0,9.45,9.225,9.6,0.6,6.66667,101.0,526.0,0.2498,0.2649,0.0051,0.8406,-0.0489,0.4568,9.2723,10.6,10.6,9.2,9.0,up,2026-09-22T14:22:05,25.0,31.0
AAPL,2027-04-16,205,Put,400.0,AAPL270416P00400000,61.5,63.6,62.55,66.0,0.0,0.0,0.0,3.0,0.2454,-0.812,0.0066,0.6576,-0.0536,-0.7259,62.8554,0.0,0.0,0.0,63.5750007629394,down,2026-09-21T09:51:16,132.0,82.0
AAPL,2027-04-16,205,Call,405.0,AAPL270416C00405000,7.8,8.55,8.175,7.92,0.0,0.0,0.0,200.0,0.2485,0.2433,0.0049,0.8048,-0.0468,0.4205,8.282,0.0,0.0,0.0,8.12500023841858,up,2026-09-21T15:31:24,34.0,20.0
AAPL,2027-04-16,205,Put,405.0,AAPL270416P00405000,65.55,69.0,67.275,0.0,0.0,0.0,0.0,0.0,0.2525,-0.8402,0.0065,0.5801,-0.0512,-0.6567,67.1287,0.0,0.0,0.0,67.5,no_change,,128.0,131.0
AAPL,2027-04-16,205,Call,410.0,AAPL270416C00410000,7.15,7.7,7.425000000000001,7.4,0.275,3.85965,2.0,122.0,0.25,0.223,0.0047,0.7683,-0.0445,0.3867,7.3867,7.4,7.4,7.4,7.125,up,2026-09-22T10:03:55,12.0,58.0
AAPL,2027-04-16,205,Put,410.0,AAPL270416P00410000,70.2,73.35,71.775,69.9,-2.475,-3.41969,15.0,26.0,0.2545,-0.8669,0.0062,0.5136,-0.0491,-0.584,71.5256,69.9,69.9,69.9,72.375,down,2026-09-22T10:53:07,118.0,155.0
AAPL,2027-04-16,205,Call,420.0,AAPL270416C00420000,5.45,6.0,5.725,5.83,0.28,5.04504,6.0,306.0,0.2471,0.1862,0.0042,0.6919,-0.04,0.3239,5.8583,6.32,6.32,5.83,5.55000019073486,down,2026-09-22T15:48:19,24.0,10.0
AAPL,2027-04-16,205,Put,420.0,AAPL270416P00420000,79.1,82.45,80.775,0.0,0.0,0.0,0.0,0.0,0.2523,-0.9207,0.0064,0.356,-0.0442,-0.4301,80.6659,0.0,0.0,0.0,81.4249992370606,no_change,,82.0,82.0
AAPL,2027-04-16,205,Call,430.0,AAPL270416C00430000,4.4,4.9,4.65,4.52,0.145,3.31429,6.0,179.0,0.2493,0.1544,0.0037,0.6158,-0.0355,0.2692,4.6301,5.3,5.3,4.52,4.375,down,2026-09-22T10:21:56,32.0,81.0
AAPL,2027-04-16,205,Put,430.0,AAPL270416P00430000,88.7,91.9,90.30000000000001,0.0,0.0,0.0,0.0,0.0,0.2527,-0.9652,0.0052,0.1582,-0.0391,-0.1976,90.2434,0.0,0.0,0.0,91.2000007629394,no_change,,76.0,76.0
AAPL,2027-04-16,205,Call,440.0,AAPL270416C00440000,3.35,3.8,3.575,3.8,0.375,10.9489,2.0,261.0,0.2477,0.1273,0.0033,0.5426,-0.0311,0.2228,3.6519,3.8,3.8,3.8,3.42499995231628,up,2026-09-22T10:49:56,57.0,49.0
AAPL,2027-04-16,205,Put,440.0,AAPL270416P00440000,98.55,102.05,100.3,0.0,0.0,0.0,0.0,0.0,0.2709,-0.9915,0.0015,0.0,-0.0682,0.0,100.1896,0.0,0.0,0.0,100.775001525879,no_change,,5.0,80.0
AAPL,2027-04-16,205,Call,450.0,AAPL270416C00450000,2.68,3.05,2.865,2.88,0.105,3.78378,13.0,86.0,0.2493,0.1045,0.0028,0.4731,-0.0271,0.1832,2.8778,2.95,2.96,2.88,2.77499997615814,down,2026-09-22T15:08:26,8.0,31.0
AAPL,2027-04-16,205,Put,450.0,AAPL270416P00450000,108.7,112.15,110.42500000000001,0.0,0.0,0.0,0.0,0.0,0.2964,-1.0,0.0,0.0,-0.0682,0.0,110.1892,0.0,0.0,0.0,111.174999237061,no_change,,77.0,77.0
AAPL,2027-04-16,205,Call,460.0,AAPL270416C00460000,2.06,2.48,2.27,2.04,0.0,0.0,0.0,154.0,0.248,0.0855,0.0024,0.4099,-0.0234,0.15,2.2675,0.0,0.0,0.0,2.20499992370605,up,2026-09-21T14:23:13,5.0,82.0
AAPL,2027-04-16,205,Put,460.0,AAPL270416P00460000,118.65,122.05,120.35,0.0,0.0,0.0,0.0,0.0,0.3087,-1.0,0.0,0.0,-0.0682,0.0,120.1896,0.0,0.0,0.0,121.150001525879,no_change,,76.0,76.0
AAPL,2027-04-16,205,Call,470.0,AAPL270416C00470000,1.71,1.95,1.83,1.63,-0.045,-2.68657,47.0,95.0,0.2524,0.0698,0.0021,0.3531,-0.0201,0.1228,1.7884,1.9,1.95,1.63,1.67500001192093,down,2026-09-22T15:56:07,28.0,65.0
AAPL,2027-04-16,205,Put,470.0,AAPL270416P00470000,128.7,132.0,130.35,0.0,0.0,0.0,0.0,0.0,0.3251,-1.0,0.0,0.0,-0.0682,0.0,130.1896,0.0,0.0,0.0,130.724998474121,no_change,,76.0,76.0
AAPL,2027-04-16,205,Call,480.0,AAPL270416C00480000,1.23,1.52,1.375,1.47,0.155,11.7871,32.0,1.0,0.2509,0.057,0.0018,0.3023,-0.0172,0.1,1.4129,1.47,1.52,1.44,1.31499999761581,no_change,2026-09-22T12:49:26,10.0,42.0
AAPL,2027-04-16,205,Put,480.0,AAPL270416P00480000,138.7,142.05,140.375,0.0,0.0,0.0,0.0,0.0,0.3428,-1.0,0.0,0.0,-0.0682,0.0,140.1896,0.0,0.0,0.0,141.050003051758,no_change,,76.0,76.0
AAPL,2027-04-16,205,Call,490.0,AAPL270416C00490000,0.91,1.3,1.105,0.0,0.0,0.0,0.0,0.0,0.2529,0.0464,0.0015,0.2584,-0.0147,0.0817,1.1186,0.0,0.0,0.0,1.10500001907349,no_change,,16.0,130.0
AAPL,2027-04-16,205,Put,490.0,AAPL270416P00490000,148.65,152.05,150.35000000000002,0.0,0.0,0.0,0.0,0.0,0.3566,-1.0,0.0,0.0,-0.0682,0.0,150.1896,0.0,0.0,0.0,151.074996948242,no_change,,76.0,76.0
AAPL,2027-06-17,267,Call,5.0,AAPL270617C00005000,333.0,336.6,334.8,299.91,0.0,0.0,0.0,0.0,0.0,1.0,0.0,0.0003,0.0,0.0106,334.9747,0.0,0.0,0.0,334.274993896484,down,2026-08-04T10:13:24,1.0,75.0
AAPL,2027-06-17,267,Put,5.0,AAPL270617P00005000,0.0,0.52,0.26,0.06,0.0,0.0,0.0,13.0,2.2591,0.0,0.0,0.0001,0.0,0.0,0.0011,0.0,0.0,0.0,0.00499999988824129,no_change,2026-08-19T14:46:08,0.0,116.0
AAPL,2027-06-17,267,Call,10.0,AAPL270617C00010000,328.1,331.45,329.775,0.0,0.0,0.0,0.0,0.0,0.0,1.0,0.0,0.0002,0.0,0.0295,330.0283,0.0,0.0,0.0,329.149993896484,no_change,,1.0,5.0
AAPL,2027-06-17,267,Put,10.0,AAPL270617P00010000,0.0,0.52,0.26,0.01,0.0,0.0,0.0,10.0,1.8173,0.0,0.0,0.0003,-0.0001,-0.0001,0.0024,0.0,0.0,0.0,0.140000000596046,down,2026-06-08T12:09:49,0.0,115.0
AAPL,2027-06-17,267,Call,15.0,AAPL270617C00015000,323.25,326.5,324.875,291.6,0.0,0.0,0.0,10.0,0.0,1.0,0.0,0.0002,0.0,0.0565,325.105,0.0,0.0,0.0,324.274993896484,up,2026-08-04T12:26:37,75.0,5.0
AAPL,2027-06-17,267,Put,15.0,AAPL270617P00015000,0.0,0.48,0.24,0.05,0.0,0.0,0.0,2.0,1.5654,0.0,0.0,0.0006,-0.0001,-0.0001,0.0039,0.0,0.0,0.0,0.239999994635582,up,2026-02-05T14:09:34,0.0,97.0
AAPL,2027-06-17,267,Call,20.0,AAPL270617C00020000,318.3,321.9,320.1,0.0,0.0,0.0,0.0,0.0,0.0,1.0,0.0,0.0005,0.0,0.0763,320.1945,0.0,0.0,0.0,319.350006103516,no_change,,75.0,75.0
AAPL,2027-06-17,267,Put,20.0,AAPL270617P00020000,0.0,0.52,0.26,0.02,0.0,0.0,0.0,15.0,1.4225,-0.0001,0.0,0.0009,-0.0001,-0.0002,0.0058,0.0,0.0,0.0,0.140000000596046,no_change,2026-05-06T11:53:10,0.0,118.0
AAPL,2027-06-17,267,Call,25.0,AAPL270617C00025000,313.45,317.0,315.225,270.32,0.0,0.0,0.0,2.0,0.0,1.0,0.0,0.0012,0.0,0.1497,315.2981,0.0,0.0,0.0,314.724990844727,up,2026-06-24T14:53:24,87.0,75.0
AAPL,2027-06-17,267,Put,25.0,AAPL270617P00025000,0.0,0.52,0.26,0.03,0.0,0.0,0.0,56.0,1.3028,-0.0001,0.0,0.0013,-0.0002,-0.0003,0.0081,0.0,0.0,0.0,0.140000000596046,no_change,2026-05-19T14:20:22,0.0,114.0
AAPL,2027-06-17,267,Call,30.0,AAPL270617C00030000,308.65,312.2,310.42499999999995,240.67,0.0,0.0,0.0,1.0,0.9109,1.0,0.0,0.0016,0.0,0.1827,310.4461,0.0,0.0,0.0,309.699996948242,up,2026-02-24T09:32:49,1.0,75.0
AAPL,2027-06-17,267,Put,30.0,AAPL270617P00030000,0.0,0.52,0.26,0.04,0.0,0.0,0.0,67.0,1.2073,-0.0001,0.0,0.0017,-0.0003,-0.0004,0.0107,0.0,0.0,0.0,0.140000000596046,no_change,2026-05-19T13:32:41,0.0,114.0
AAPL,2027-06-17,267,Call,35.0,AAPL270617C00035000,303.9,307.35,305.625,215.61,0.0,0.0,0.0,2.0,0.9359,1.0,0.0,0.002,0.0,0.2136,305.5957,0.0,0.0,0.0,304.825012207031,down,2026-04-07T09:55:15,1.0,75.0
AAPL,2027-06-17,267,Put,35.0,AAPL270617P00035000,0.0,0.48,0.24,0.11,0.0,0.0,0.0,106.0,1.117,-0.0002,0.0,0.0022,-0.0003,-0.0006,0.0138,0.0,0.0,0.0,0.239999994635582,no_change,2025-11-24T11:29:19,0.0,97.0
AAPL,2027-06-17,267,Call,40.0,AAPL270617C00040000,298.9,302.6,300.75,271.5,0.0,0.0,0.0,3.0,0.8253,1.0,0.0,0.0027,0.0,0.2444,300.7463,0.0,0.0,0.0,300.0,down,2026-08-25T10:34:40,87.0,75.0
AAPL,2027-06-17,267,Put,40.0,AAPL270617P00040000,0.0,0.52,0.26,0.11,0.0,0.0,0.0,9.0,1.0604,-0.0003,0.0,0.0028,-0.0004,-0.0007,0.0173,0.0,0.0,0.0,0.144999995827675,no_change,2026-03-12T13:08:09,0.0,117.0
AAPL,2027-06-17,267,Call,45.0,AAPL270617C00045000,294.25,297.65,295.95,0.0,0.0,0.0,0.0,0.0,0.8736,1.0,0.0,0.0035,0.0,0.2753,295.8978,0.0,0.0,0.0,295.149993896484,no_change,,1.0,75.0
AAPL,2027-06-17,267,Put,45.0,AAPL270617P00045000,0.0,0.52,0.26,0.15,0.0,0.0,0.0,83.0,1.0014,-0.0003,0.0,0.0036,-0.0005,-0.0009,0.0213,0.0,0.0,0.0,0.0700000002980232,no_change,2026-08-03T09:59:31,0.0,117.0
AAPL,2027-06-17,267,Call,50.0,AAPL270617C00050000,289.25,292.9,291.075,289.8,0.0,0.0,0.0,10.0,0.8296,1.0,0.0,0.0043,0.0,0.3065,291.0503,0.0,0.0,0.0,290.350006103516,up,2026-09-21T14:36:34,87.0,70.0
AAPL,2027-06-17,267,Put,50.0,AAPL270617P00050000,0.0,0.1,0.05,0.03,0.0,0.0,0.0,717.0,0.8042,-0.0004,0.0,0.0044,-0.0006,-0.0012,0.0258,0.0,0.0,0.0,0.0300000002607703,down,2026-09-09T13:49:18,0.0,1.0
AAPL,2027-06-17,267,Call,55.0,AAPL270617C00055000,284.45,288.05,286.25,275.7,0.0,0.0,0.0,73.0,0.8118,1.0,0.0,0.0053,0.0,0.3428,286.2044,0.0,0.0,0.0,285.699996948242,down,2026-09-03T13:02:37,93.0,70.0
AAPL,2027-06-17,267,Put,55.0,AAPL270617P00055000,0.0,0.47,0.235,0.03,0.0,0.0,0.0,24.0,0.8913,-0.0005,0.0,0.0053,-0.0006,-0.0014,0.0309,0.0,0.0,0.0,0.150000005960464,down,2026-07-10T12:52:14,0.0,105.0
AAPL,2027-06-17,267,Call,60.0,AAPL270617C00060000,279.8,283.25,281.525,246.22,0.0,0.0,0.0,22.0,0.8188,1.0,0.0,0.0065,0.0,0.3884,281.3637,0.0,0.0,0.0,280.875,up,2026-08-17T10:31:49,1.0,70.0
AAPL,2027-06-17,267,Put,60.0,AAPL270617P00060000,0.0,0.42,0.21,0.05,0.0,0.0,0.0,76.0,0.8382,-0.0006,0.0,0.0063,-0.0008,-0.0017,0.0367,0.0,0.0,0.0,0.150000005960464,down,2026-07-31T10:56:18,0.0,113.0
AAPL,2027-06-17,267,Call,65.0,AAPL270617C00065000,274.85,278.4,276.625,214.35,0.0,0.0,0.0,4.0,0.7622,1.0,0.0,0.0078,0.0,0.4353,276.5301,0.0,0.0,0.0,275.899993896484,down,2026-06-25T12:13:58,87.0,75.0
AAPL,2027-06-17,267,Put,65.0,AAPL270617P00065000,0.0,0.39,0.195,0.09,0.0,0.0,0.0,49.0,0.7935,-0.0007,0.0,0.0075,-0.0009,-0.002,0.0432,0.0,0.0,0.0,0.155000001192093,down,2026-09-04T11:12:01,0.0,104.0
AAPL,2027-06-17,267,Call,70.0,AAPL270617C00070000,270.0,273.6,271.8,237.67,0.0,0.0,0.0,7.0,0.6568,1.0,0.0,0.0091,0.0,0.4812,271.7029,0.0,0.0,0.0,271.050003051758,up,2026-08-17T15:58:04,87.0,70.0
AAPL,2027-06-17,267,Put,70.0,AAPL270617P00070000,0.0,0.37,0.185,0.12,0.0,0.0,0.0,42.0,0.7544,-0.0009,0.0,0.0088,-0.001,-0.0024,0.0504,0.0,0.0,0.0,0.0649999985471368,down,2026-09-17T11:57:47,0.0,122.0
AAPL,2027-06-17,267,Call,75.0,AAPL270617C00075000,265.35,268.75,267.05,233.95,0.0,0.0,0.0,24.0,0.7488,0.9998,0.0,0.0105,0.0,0.5239,266.8805,0.0,0.0,0.0,266.300003051758,no_change,2026-08-11T12:39:06,1.0,70.0
AAPL,2027-06-17,267,Put,75.0,AAPL270617P00075000,0.0,0.22,0.11,0.07,0.0,0.0,0.0,1556.0,0.6829,-0.001,0.0,0.0102,-0.0011,-0.0028,0.0582,0.0,0.0,0.0,0.0599999995902181,down,2026-09-16T13:45:38,0.0,99.0
AAPL,2027-06-17,267,Call,80.0,AAPL270617C00080000,260.55,263.6,262.07500000000005,237.35,0.0,0.0,0.0,237.0,0.6341,0.9996,0.0,0.012,0.0,0.5639,262.0619,0.0,0.0,0.0,261.424987792969,down,2026-08-06T09:30:01,1.0,84.0
AAPL,2027-06-17,267,Put,80.0,AAPL270617P00080000,0.0,0.26,0.13,0.07,0.0,0.0,0.0,164.0,0.6666,-0.0012,0.0,0.0118,-0.0013,-0.0033,0.0671,0.0,0.0,0.0,0.090000000782311,down,2026-09-08T13:11:35,0.0,195.0
AAPL,2027-06-17,267,Call,85.0,AAPL270617C00085000,255.55,258.8,257.175,203.49,0.0,0.0,0.0,73.0,0.4979,0.9994,0.0,0.0138,0.0,0.6032,257.2459,0.0,0.0,0.0,256.549995422363,down,2026-05-06T12:11:08,76.0,75.0
AAPL,2027-06-17,267,Put,85.0,AAPL270617P00085000,0.05,0.19,0.12,0.1,0.0,0.0,0.0,75.0,0.6342,-0.0014,0.0,0.0138,-0.0014,-0.0039,0.0775,0.0,0.0,0.0,0.0899999979883432,down,2026-09-08T13:11:09,2.0,152.0
AAPL,2027-06-17,267,Call,90.0,AAPL270617C00090000,250.7,254.0,252.35,248.36,0.0,0.0,0.0,30.0,0.4736,0.9991,0.0,0.0158,0.0,0.6399,252.4323,0.0,0.0,0.0,251.824996948242,up,2026-09-17T14:40:23,87.0,75.0
AAPL,2027-06-17,267,Put,90.0,AAPL270617P00090000,0.05,0.14,0.095,0.1,0.0,0.0,0.0,133.0,0.5946,-0.0016,0.0,0.0158,-0.0016,-0.0045,0.0887,0.0,0.0,0.0,0.0950000006705522,no_change,2026-09-10T09:43:39,2.0,39.0
AAPL,2027-06-17,267,Call,95.0,AAPL270617C00095000,246.0,249.2,247.6,237.73,0.0,0.0,0.0,99.0,0.5621,0.9989,0.0,0.0179,0.0,0.6763,247.6204,0.0,0.0,0.0,246.974998474121,up,2026-09-03T12:47:23,76.0,75.0
AAPL,2027-06-17,267,Put,95.0,AAPL270617P00095000,0.01,0.15,0.08,0.1,0.0,0.0,0.0,167.0,0.5619,-0.0019,0.0,0.0181,-0.0018,-0.0052,0.1011,0.0,0.0,0.0,0.0800000028684735,no_change,2026-09-01T10:49:28,5.0,39.0
AAPL,2027-06-17,267,Call,100.0,AAPL270617C00100000,241.1,244.35,242.725,240.24,0.0,0.0,0.0,165.0,0.4915,0.9986,0.0,0.0204,0.0,0.7117,242.8102,0.0,0.0,0.0,242.349998474121,up,2026-09-17T15:27:07,98.0,75.0
AAPL,2027-06-17,267,Put,100.0,AAPL270617P00100000,0.05,0.16,0.10500000000000001,0.12,0.0,0.0,0.0,1989.0,0.5556,-0.0022,0.0,0.0205,-0.002,-0.006,0.1147,0.0,0.0,0.0,0.10499999858439,no_change,2026-09-14T09:50:08,1.0,39.0
AAPL,2027-06-17,267,Call,105.0,AAPL270617C00105000,236.3,239.55,237.925,200.0,0.0,0.0,0.0,80.0,0.4992,0.9982,0.0,0.0231,0.0,0.7471,238.0017,0.0,0.0,0.0,237.375,down,2026-07-31T11:49:36,76.0,75.0
AAPL,2027-06-17,267,Put,105.0,AAPL270617P00105000,0.01,0.18,0.095,0.1,0.0,0.0,0.0,521.0,0.5293,-0.0025,0.0,0.0233,-0.0022,-0.0068,0.1299,0.0,0.0,0.0,0.125,no_change,2026-09-21T12:18:24,5.0,39.0
AAPL,2027-06-17,267,Call,110.0,AAPL270617C00110000,231.45,234.75,233.1,220.0,0.0,0.0,0.0,54.0,0.4792,0.9979,0.0001,0.0261,0.0,0.782,233.1949,0.0,0.0,0.0,232.575004577637,up,2026-07-20T11:42:16,92.0,75.0
AAPL,2027-06-17,267,Put,110.0,AAPL270617P00110000,0.1,0.2,0.15000000000000002,0.17,0.0,0.0,0.0,202.0,0.5352,-0.0029,0.0001,0.0265,-0.0024,-0.0078,0.1467,0.0,0.0,0.0,0.144999999552965,down,2026-09-16T10:28:41,8.0,39.0
AAPL,2027-06-17,267,Call,115.0,AAPL270617C00115000,226.7,229.95,228.325,194.8,0.0,0.0,0.0,254.0,0.4933,0.9975,0.0001,0.0294,0.0,0.8167,228.39,0.0,0.0,0.0,227.625,no_change,2026-08-10T12:24:57,98.0,75.0
AAPL,2027-06-17,267,Put,115.0,AAPL270617P00115000,0.01,0.22,0.115,0.16,0.0,0.0,0.0,119.0,0.5008,-0.0033,0.0001,0.0298,-0.0027,-0.0089,0.1656,0.0,0.0,0.0,0.14500000141561,down,2026-09-15T15:51:41,39.0,47.0
AAPL,2027-06-17,267,Call,120.0,AAPL270617C00120000,221.95,225.15,223.55,216.02,0.0,0.0,0.0,153.0,0.4962,0.997,0.0001,0.0331,0.0,0.8512,223.5872,0.0,0.0,0.0,222.724998474121,up,2026-07-30T12:31:15,104.0,162.0
AAPL,2027-06-17,267,Put,120.0,AAPL270617P00120000,0.1,0.26,0.18,0.15,0.0,0.0,0.0,527.0,0.5071,-0.0038,0.0001,0.0335,-0.0029,-0.0101,0.1864,0.0,0.0,0.0,0.179999995976686,no_change,2026-09-18T14:30:13,8.0,255.0
AAPL,2027-06-17,267,Call,125.0,AAPL270617C00125000,217.1,220.05,218.575,223.8,5.65,2.58996,1.0,241.0,0.0,0.9965,0.0001,0.0371,0.0,0.8856,218.7868,223.8,223.8,223.8,218.150001525879,up,2026-09-22T09:33:32,110.0,170.0
AAPL,2027-06-17,267,Put,125.0,AAPL270617P00125000,0.04,0.28,0.16,0.16,-0.02,-11.1111,26.0,644.0,0.4822,-0.0043,0.0001,0.0376,-0.0032,-0.0115,0.2096,0.18,0.18,0.15,0.179999999701977,up,2026-09-22T14:49:08,261.0,306.0
AAPL,2027-06-17,267,Call,130.0,AAPL270617C00130000,212.3,215.55,213.925,190.28,0.0,0.0,0.0,308.0,0.4682,0.9959,0.0001,0.0416,0.0,0.9198,213.989,0.0,0.0,0.0,213.25,down,2026-07-09T11:39:48,105.0,257.0
AAPL,2027-06-17,267,Put,130.0,AAPL270617P00130000,0.08,0.32,0.2,0.29,0.0,0.0,0.0,531.0,0.477,-0.0049,0.0001,0.0423,-0.0036,-0.013,0.2355,0.0,0.0,0.0,0.214999996125698,down,2026-09-15T14:53:44,147.0,284.0
AAPL,2027-06-17,267,Call,135.0,AAPL270617C00135000,207.45,210.75,209.1,189.7,0.0,0.0,0.0,195.0,0.4509,0.9953,0.0001,0.0467,0.0,0.9538,209.1942,0.0,0.0,0.0,208.349998474121,up,2026-08-28T14:16:28,117.0,75.0
AAPL,2027-06-17,267,Put,135.0,AAPL270617P00135000,0.1,0.37,0.235,0.31,0.0,0.0,0.0,532.0,0.4689,-0.0055,0.0001,0.0474,-0.0039,-0.0148,0.2645,0.0,0.0,0.0,0.250000007450581,no_change,2026-09-09T12:30:35,8.0,174.0
AAPL,2027-06-17,267,Call,140.0,AAPL270617C00140000,202.65,206.0,204.325,168.96,0.0,0.0,0.0,198.0,0.448,0.9946,0.0001,0.0522,0.0,0.9875,204.4028,0.0,0.0,0.0,203.525001525879,down,2026-08-17T13:24:37,108.0,89.0
AAPL,2027-06-17,267,Put,140.0,AAPL270617P00140000,0.13,0.4,0.265,0.31,0.0,0.0,0.0,318.0,0.4588,-0.0063,0.0001,0.0529,-0.0043,-0.0168,0.2971,0.0,0.0,0.0,0.295000001788139,up,2026-09-21T09:42:59,159.0,320.0
AAPL,2027-06-17,267,Call,145.0,AAPL270617C00145000,197.9,201.2,199.55,181.0,0.0,0.0,0.0,176.0,0.4429,0.9938,0.0001,0.0582,0.0,1.021,199.6154,0.0,0.0,0.0,198.849998474121,down,2026-09-04T12:36:20,112.0,75.0
AAPL,2027-06-17,267,Put,145.0,AAPL270617P00145000,0.25,0.45,0.35,0.36,0.0,0.0,0.0,430.0,0.4594,-0.0071,0.0001,0.059,-0.0047,-0.0189,0.3335,0.0,0.0,0.0,0.320000007748604,down,2026-09-17T09:57:46,3.0,155.0
AAPL,2027-06-17,267,Call,150.0,AAPL270617C00150000,193.1,195.95,194.52499999999998,185.41,0.0,0.0,0.0,1453.0,0.3633,0.9928,0.0002,0.0649,0.0,1.0542,194.8324,0.0,0.0,0.0,194.25,down,2026-09-15T15:49:14,110.0,65.0
AAPL,2027-06-17,267,Put,150.0,AAPL270617P00150000,0.3,0.4,0.35,0.42,0.0,0.0,0.0,4608.0,0.4422,-0.008,0.0002,0.0658,-0.0051,-0.0213,0.3745,0.0,0.0,0.0,0.370000004768372,down,2026-09-18T11:50:11,1.0,10.0
AAPL,2027-06-17,267,Call,155.0,AAPL270617C00155000,188.35,191.65,190.0,192.0,3.05,1.61419,1.0,141.0,0.4289,0.9918,0.0002,0.0724,0.0,1.0871,190.0545,192.0,192.0,192.0,188.949996948242,up,2026-09-22T09:30:42,93.0,151.0
AAPL,2027-06-17,267,Put,155.0,AAPL270617P00155000,0.23,0.57,0.39999999999999997,0.53,0.0,0.0,0.0,806.0,0.4342,-0.0091,0.0002,0.0736,-0.0056,-0.0242,0.4206,0.0,0.0,0.0,0.434999987483025,up,2026-09-21T09:32:43,207.0,347.0
AAPL,2027-06-17,267,Call,160.0,AAPL270617C00160000,183.6,186.85,185.225,184.35,0.0,0.0,0.0,319.0,0.4207,0.9906,0.0002,0.0807,0.0,1.1196,185.2823,0.0,0.0,0.0,184.699996948242,up,2026-09-21T13:00:34,106.0,169.0
AAPL,2027-06-17,267,Put,160.0,AAPL270617P00160000,0.39,0.5,0.445,0.65,0.0,0.0,0.0,1600.0,0.4248,-0.0103,0.0002,0.0819,-0.0061,-0.0274,0.4728,0.0,0.0,0.0,0.484999984502792,up,2026-09-08T10:06:43,2.0,13.0
AAPL,2027-06-17,267,Call,165.0,AAPL270617C00165000,178.85,182.1,180.475,162.0,0.0,0.0,0.0,200.0,0.4151,0.9893,0.0002,0.0898,0.0,1.1516,180.5169,0.0,0.0,0.0,179.775001525879,up,2026-09-01T09:48:11,97.0,159.0
AAPL,2027-06-17,267,Put,165.0,AAPL270617P00165000,0.47,0.69,0.58,0.44,-0.1,-18.5185,40.0,1733.0,0.4255,-0.0117,0.0002,0.091,-0.0067,-0.0308,0.5317,0.44,0.44,0.44,0.53999999165535,down,2026-09-22T14:07:17,32.0,334.0
AAPL,2027-06-17,267,Call,170.0,AAPL270617C00170000,174.15,177.0,175.575,162.05,0.0,0.0,0.0,267.0,0.3904,0.9878,0.0003,0.0998,0.0,1.1832,175.7589,0.0,0.0,0.0,174.949996948242,up,2026-09-10T15:38:59,112.0,163.0
AAPL,2027-06-17,267,Put,170.0,AAPL270617P00170000,0.53,0.67,0.6000000000000001,0.58,-0.03,-4.91804,39.0,1751.0,0.4123,-0.0132,0.0003,0.1011,-0.0073,-0.0347,0.5982,0.6,0.67,0.57,0.610000014305115,up,2026-09-22T14:02:31,28.0,189.0
AAPL,2027-06-17,267,Call,175.0,AAPL270617C00175000,169.4,172.25,170.825,146.58,0.0,0.0,0.0,437.0,0.3852,0.9861,0.0003,0.1109,0.0,1.2143,171.0094,0.0,0.0,0.0,170.274993896484,up,2026-08-27T11:32:55,96.0,132.0
AAPL,2027-06-17,267,Put,175.0,AAPL270617P00175000,0.61,0.73,0.6699999999999999,0.76,0.0,0.0,0.0,2169.0,0.4042,-0.0149,0.0003,0.1126,-0.008,-0.0393,0.6718,0.0,0.0,0.0,0.745000004768372,no_change,2026-09-16T13:38:19,5.0,5.0
AAPL,2027-06-17,267,Call,180.0,AAPL270617C00180000,164.65,167.95,166.3,154.49,0.0,0.0,0.0,1099.0,0.3997,0.9842,0.0004,0.1232,0.0,1.2447,166.2696,0.0,0.0,0.0,165.375,up,2026-09-02T09:30:10,98.0,211.0
AAPL,2027-06-17,267,Put,180.0,AAPL270617P00180000,0.69,0.8,0.745,0.8,0.0,0.0,0.0,3165.0,0.396,-0.0168,0.0004,0.1249,-0.0087,-0.0444,0.7571,0.0,0.0,0.0,0.810000002384186,down,2026-09-21T15:38:37,5.0,33.0
AAPL,2027-06-17,267,Call,185.0,AAPL270617C00185000,159.85,163.15,161.5,165.73,4.955,3.08195,12.0,189.0,0.3869,0.982,0.0004,0.1366,0.0,1.2744,161.541,165.73,165.73,165.73,160.775001525879,up,2026-09-22T09:32:52,112.0,221.0
AAPL,2027-06-17,267,Put,185.0,AAPL270617P00185000,0.79,0.89,0.8400000000000001,1.09,0.0,0.0,0.0,995.0,0.3889,-0.019,0.0004,0.1384,-0.0095,-0.05,0.8536,0.0,0.0,0.0,0.899999976158142,no_change,2026-09-14T09:41:14,5.0,8.0
AAPL,2027-06-17,267,Call,190.0,AAPL270617C00190000,155.15,158.4,156.775,154.22,0.0,0.0,0.0,681.0,0.3798,0.9796,0.0004,0.1512,0.0,1.3035,156.8247,0.0,0.0,0.0,156.424995422363,up,2026-09-21T10:27:58,139.0,326.0
AAPL,2027-06-17,267,Put,190.0,AAPL270617P00190000,0.9,1.05,0.9750000000000001,1.03,0.0,0.0,0.0,1666.0,0.384,-0.0215,0.0005,0.1532,-0.0104,-0.0562,0.9628,0.0,0.0,0.0,1.02000004053116,up,2026-09-21T15:33:47,6.0,20.0
AAPL,2027-06-17,267,Call,195.0,AAPL270617C00195000,150.55,153.7,152.125,149.43,0.0,0.0,0.0,344.0,0.3769,0.9769,0.0005,0.1675,0.0,1.3316,152.1224,0.0,0.0,0.0,151.325004577637,no_change,2026-09-21T11:12:27,129.0,255.0
AAPL,2027-06-17,267,Put,195.0,AAPL270617P00195000,1.04,1.22,1.13,1.11,-0.045,-3.89611,1.0,4971.0,0.3794,-0.0243,0.0005,0.1702,-0.0113,-0.0635,1.0858,1.11,1.11,1.11,1.15500003099442,down,2026-09-22T10:41:35,2.0,40.0
AAPL,2027-06-17,267,Call,200.0,AAPL270617C00200000,145.85,149.05,147.45,146.96,0.21,0.143101,12.0,7496.0,0.3713,0.9739,0.0006,0.1852,0.0,1.3587,147.436,150.0,150.0,146.96,146.75,down,2026-09-22T10:05:24,417.0,331.0
AAPL,2027-06-17,267,Put,200.0,AAPL270617P00200000,1.09,1.27,1.1800000000000002,1.23,-0.08,-6.10687,257.0,9065.0,0.3709,-0.0274,0.0006,0.188,-0.0123,-0.0716,1.2265,1.24,1.28,1.2,1.31000000238419,up,2026-09-22T15:11:42,34.0,27.0
AAPL,2027-06-17,267,Call,210.0,AAPL270617C00210000,136.7,139.75,138.225,137.11,0.0,0.0,0.0,3612.0,0.3636,0.9666,0.0007,0.2251,0.0,1.4099,138.1191,0.0,0.0,0.0,137.349998474121,up,2026-09-21T14:45:26,294.0,300.0
AAPL,2027-06-17,267,Put,210.0,AAPL270617P00210000,1.35,1.59,1.4700000000000002,1.54,-0.125,-7.50751,142.0,5542.0,0.3591,-0.0348,0.0007,0.2286,-0.0145,-0.0901,1.5596,1.56,1.59,1.5,1.66500002145767,no_change,2026-09-22T15:45:05,33.0,32.0
AAPL,2027-06-17,267,Call,220.0,AAPL270617C00220000,127.45,130.5,128.975,128.5,0.0,0.0,0.0,4304.0,0.351,0.9576,0.0009,0.2724,0.0,1.4556,128.8924,0.0,0.0,0.0,128.0,up,2026-09-21T15:43:11,278.0,329.0
AAPL,2027-06-17,267,Put,220.0,AAPL270617P00220000,1.89,2.06,1.975,1.97,-0.1,-4.83091,3.0,11241.0,0.3475,-0.044,0.0009,0.2765,-0.0172,-0.1138,1.9891,2.0,2.0,1.97,2.0699999332428,down,2026-09-22T14:54:30,12.0,53.0
AAPL,2027-06-17,267,Call,230.0,AAPL270617C00230000,118.5,121.35,119.925,120.53,1.755,1.47758,7.0,3915.0,0.3425,0.9464,0.0011,0.3268,-0.0028,1.4954,119.7781,119.75,123.18,119.75,118.775001525879,down,2026-09-22T15:27:32,237.0,295.0
AAPL,2027-06-17,267,Put,230.0,AAPL270617P00230000,2.47,2.57,2.52,2.55,-0.065,-2.48566,139.0,5337.0,0.3376,-0.0556,0.0012,0.3326,-0.0201,-0.1438,2.5335,2.63,2.68,2.45,2.61500000953674,down,2026-09-22T15:58:05,1.0,11.0
AAPL,2027-06-17,267,Call,240.0,AAPL270617C00240000,109.4,112.0,110.7,113.65,3.425,3.10728,2.0,1681.0,0.326,0.9326,0.0014,0.3888,-0.0073,1.5275,110.8034,109.7,113.65,109.7,110.225002288818,up,2026-09-22T13:40:58,273.0,166.0
AAPL,2027-06-17,267,Put,240.0,AAPL270617P00240000,3.0,3.55,3.275,3.35,0.025,0.751878,2.0,5941.0,0.3302,-0.0697,0.0014,0.3943,-0.0234,-0.1778,3.2233,3.35,3.35,3.35,3.32500004768372,down,2026-09-22T10:18:20,22.0,171.0
AAPL,2027-06-17,267,Call,250.0,AAPL270617C00250000,101.2,103.2,102.2,102.0,0.525,0.51737,111.0,2900.0,0.3248,0.916,0.0017,0.4586,-0.0122,1.551,101.9984,105.0,106.66,102.0,101.474998474121,no_change,2026-09-22T15:56:05,177.0,176.0
AAPL,2027-06-17,267,Put,250.0,AAPL270617P00250000,3.9,4.15,4.025,3.95,-0.275,-6.50887,22.0,8536.0,0.319,-0.087,0.0017,0.4664,-0.027,-0.2209,4.0882,4.03,4.1,3.95,4.22499990463257,down,2026-09-22T12:27:53,75.0,91.0
AAPL,2027-06-17,267,Call,260.0,AAPL270617C00260000,92.35,94.6,93.475,93.35,0.4,0.430338,5.0,4123.0,0.3141,0.896,0.002,0.5343,-0.0172,1.565,93.3989,93.33,93.35,93.33,92.9500007629394,no_change,2026-09-22T10:16:24,219.0,162.0
AAPL,2027-06-17,267,Put,260.0,AAPL270617P00260000,5.0,5.25,5.125,5.15,-0.1,-1.90476,20.0,8969.0,0.3119,-0.1077,0.0021,0.5445,-0.031,-0.2716,5.1655,5.12,5.32,5.0,5.25,up,2026-09-22T15:59:04,33.0,66.0
AAPL,2027-06-17,267,Call,270.0,AAPL270617C00270000,83.75,86.55,85.15,87.03,2.805,3.33037,24.0,5732.0,0.3073,0.8725,0.0024,0.6159,-0.0224,1.5674,85.0434,86.3,88.05,85.5,84.2249984741211,down,2026-09-22T13:11:11,247.0,245.0
AAPL,2027-06-17,267,Put,270.0,AAPL270617P00270000,6.35,6.7,6.525,6.2,-0.5,-7.46269,278.0,6198.0,0.306,-0.1323,0.0024,0.6261,-0.0351,-0.3291,6.5008,6.25,6.67,6.2,6.70000004768372,down,2026-09-22T14:50:01,39.0,21.0
AAPL,2027-06-17,267,Call,280.0,AAPL270617C00280000,75.95,78.2,77.075,76.46,-0.165,-0.215334,60.0,8205.0,0.3006,0.845,0.0027,0.701,-0.0277,1.5583,76.9724,80.0,80.5,76.46,76.625,down,2026-09-22T15:35:59,208.0,206.0
AAPL,2027-06-17,267,Put,280.0,AAPL270617P00280000,7.95,8.15,8.05,8.15,-0.1,-1.21212,879.0,9872.0,0.2978,-0.1613,0.0029,0.7141,-0.0393,-0.3971,8.144,7.82,8.15,7.61,8.25,no_change,2026-09-22T15:58:36,28.0,2.0
AAPL,2027-06-17,267,Call,290.0,AAPL270617C00290000,68.5,70.3,69.4,70.9,2.5,3.65497,21.0,5001.0,0.2954,0.8136,0.0032,0.7865,-0.0328,1.5369,69.2298,70.0,73.2,68.7,68.4000015258789,down,2026-09-22T13:08:51,27.0,118.0
AAPL,2027-06-17,267,Put,290.0,AAPL270617P00290000,9.95,10.3,10.125,9.75,-0.475,-4.64548,21.0,12732.0,0.2934,-0.1942,0.0033,0.8015,-0.0435,-0.4707,10.1087,10.07,10.31,9.67,10.2250003814697,no_change,2026-09-22T13:15:19,7.0,22.0
AAPL,2027-06-17,267,Call,300.0,AAPL270617C00300000,61.0,62.8,61.9,62.15,1.075,1.76013,93.0,9302.0,0.2884,0.7782,0.0036,0.8706,-0.0377,1.5019,61.8569,62.9,66.5,62.11,61.0750007629394,down,2026-09-22T15:18:01,11.0,68.0
AAPL,2027-06-17,267,Put,300.0,AAPL270617P00300000,12.35,12.7,12.524999999999999,12.44,-0.21,-1.66008,78.0,8330.0,0.2881,-0.2321,0.0038,0.884,-0.0476,-0.5539,12.4999,12.18,12.8,11.8,12.6500000953674,up,2026-09-22T15:35:34,17.0,17.0
AAPL,2027-06-17,267,Call,310.0,AAPL270617C00310000,54.3,56.05,55.175,55.13,0.605,1.10958,56.0,6858.0,0.286,0.7391,0.004,0.9493,-0.0422,1.4546,54.8925,54.98,58.0,54.95,54.5249996185303,down,2026-09-22T15:49:59,10.0,123.0
AAPL,2027-06-17,267,Put,310.0,AAPL270617P00310000,14.85,15.7,15.274999999999999,15.03,-0.32,-2.08469,484.0,3883.0,0.2847,-0.2737,0.0042,0.9636,-0.0512,-0.638,15.2903,15.05,15.38,14.47,15.3499999046326,up,2026-09-22T14:57:12,22.0,122.0
AAPL,2027-06-17,267,Call,320.0,AAPL270617C00320000,47.5,49.15,48.325,49.19,1.365,2.85415,29.0,8254.0,0.2782,0.6965,0.0043,1.0189,-0.0461,1.396,48.373,48.48,52.0,48.48,47.8250007629394,down,2026-09-22T14:51:18,146.0,132.0
AAPL,2027-06-17,267,Put,320.0,AAPL270617P00320000,18.15,18.9,18.525,18.49,-0.135,-0.724832,516.0,3132.0,0.2782,-0.3198,0.0046,1.0316,-0.0545,-0.7314,18.5764,18.4,18.55,18.07,18.625,down,2026-09-22T15:49:40,12.0,68.0
AAPL,2027-06-17,267,Call,330.0,AAPL270617C00330000,41.3,42.95,42.125,43.15,1.225,2.92188,214.0,6703.0,0.2728,0.6511,0.0046,1.0773,-0.0493,1.3257,42.3271,44.5,46.0,42.21,41.9250011444092,up,2026-09-22T15:50:04,192.0,100.0
AAPL,2027-06-17,267,Put,330.0,AAPL270617P00330000,21.9,22.85,22.375,22.05,-0.375,-1.67224,87.0,1867.0,0.2745,-0.3694,0.005,1.084,-0.0572,-0.8134,22.3819,21.3,22.17,21.2,22.4250001907349,up,2026-09-22T15:33:43,33.0,82.0
AAPL,2027-06-17,267,Call,340.0,AAPL270617C00340000,36.05,37.4,36.724999999999994,37.0,0.75,2.06897,207.0,5828.0,0.2708,0.6035,0.0049,1.1214,-0.0516,1.2463,36.7741,37.0,40.0,36.3,36.25,down,2026-09-22T15:52:58,15.0,66.0
AAPL,2027-06-17,267,Put,340.0,AAPL270617P00340000,26.45,27.15,26.799999999999997,25.93,-0.845,-3.15593,67.0,1361.0,0.2717,-0.4226,0.0054,1.1207,-0.0591,-0.8974,26.7695,25.63,27.0,25.2,26.7749996185303,down,2026-09-22T13:21:50,29.0,80.0
AAPL,2027-06-17,267,Call,350.0,AAPL270617C00350000,31.2,32.15,31.674999999999997,31.67,0.545,1.751,393.0,10967.0,0.2676,0.5546,0.0051,1.1491,-0.0531,1.1607,31.7266,31.7,34.95,31.2,31.125,up,2026-09-22T15:59:46,68.0,45.0
AAPL,2027-06-17,267,Put,350.0,AAPL270617P00350000,31.05,32.2,31.625,31.3,-0.275,-0.870945,8.0,629.0,0.2675,-0.4777,0.0057,1.1354,-0.0603,-0.9727,31.6875,30.55,31.3,30.08,31.5750007629394,up,2026-09-22T15:28:55,11.0,79.0
AAPL,2027-06-17,267,Call,360.0,AAPL270617C00360000,26.8,27.45,27.125,27.47,0.695,2.5957,263.0,5702.0,0.2648,0.5053,0.0052,1.1597,-0.0537,1.0694,27.1868,27.15,29.3,27.03,26.7750005722046,down,2026-09-22T15:37:35,8.0,8.0
AAPL,2027-06-17,267,Put,360.0,AAPL270617P00360000,36.45,37.5,36.975,37.0,-0.275,-0.737759,284.0,156.0,0.2635,-0.5344,0.0059,1.1273,-0.0606,-1.0238,37.1857,35.65,37.1,35.63,37.2749996185303,no_change,2026-09-22T15:55:35,41.0,46.0
AAPL,2027-06-17,267,Call,370.0,AAPL270617C00370000,22.7,23.35,23.025,23.35,0.675,2.97685,226.0,5477.0,0.2619,0.4564,0.0052,1.1531,-0.0534,0.9751,23.1448,23.97,24.9,23.27,22.6750001907349,no_change,2026-09-22T15:02:10,30.0,15.0
AAPL,2027-06-17,267,Put,370.0,AAPL270617P00370000,42.0,44.35,43.175,42.75,-0.525,-1.21317,116.0,19.0,0.2622,-0.5916,0.0061,1.0945,-0.0602,-1.0587,43.264,41.33,42.85,41.33,43.2749996185303,down,2026-09-22T15:01:52,57.0,168.0
AAPL,2027-06-17,267,Call,380.0,AAPL270617C00380000,19.2,19.85,19.525,19.5,0.25,1.2987,59.0,6809.0,0.2604,0.4087,0.0051,1.1305,-0.0523,0.8818,19.5839,20.0,21.3,19.5,19.25,down,2026-09-22T15:55:00,27.0,28.0
AAPL,2027-06-17,267,Put,380.0,AAPL270617P00380000,48.45,51.3,49.875,49.8,-0.425,-0.846193,10.0,38.0,0.265,-0.6486,0.0061,1.0382,-0.0589,-1.0662,49.905,49.75,49.8,49.75,50.2250003814697,no_change,2026-09-22T15:55:23,5.0,175.0
AAPL,2027-06-17,267,Call,390.0,AAPL270617C00390000,16.05,16.7,16.375,16.75,0.625,3.87597,73.0,3447.0,0.2583,0.3632,0.005,1.0931,-0.0504,0.7896,16.4794,17.95,17.95,16.65,16.1250004768372,up,2026-09-22T15:13:06,36.0,8.0
AAPL,2027-06-17,267,Put,390.0,AAPL270617P00390000,56.05,58.45,57.25,56.83,-0.67,-1.16522,14.0,23.0,0.2608,-0.7051,0.0062,0.9586,-0.0572,-1.0489,57.1029,54.65,56.83,54.65,57.5,up,2026-09-22T15:53:17,64.0,181.0
AAPL,2027-06-17,267,Call,400.0,AAPL270617C00400000,13.45,14.0,13.725,13.81,0.31,2.2963,744.0,5194.0,0.2572,0.3202,0.0048,1.0433,-0.048,0.7004,13.7974,15.0,15.13,13.45,13.5,down,2026-09-22T15:50:08,22.0,40.0
AAPL,2027-06-17,267,Put,400.0,AAPL270617P00400000,64.15,65.6,64.875,64.65,-0.675,-1.0333,113.0,10.0,0.2584,-0.76,0.0061,0.85,-0.055,-0.9863,64.829,64.3,64.65,64.2,65.3250007629394,up,2026-09-22T15:48:05,28.0,138.0
AAPL,2027-06-17,267,Call,410.0,AAPL270617C00410000,11.15,11.7,11.425,11.4,0.225,2.01343,17.0,1415.0,0.256,0.2804,0.0045,0.9847,-0.0452,0.6176,11.5022,11.93,12.46,11.4,11.1749997138977,down,2026-09-22T15:55:01,24.0,15.0
AAPL,2027-06-17,267,Put,410.0,AAPL270617P00410000,72.0,73.8,72.9,72.5,-1.075,-1.4611,2.0,0.0,0.2547,-0.813,0.0061,0.7335,-0.0523,-0.8726,73.043,72.45,72.5,72.45,73.5750007629394,up,2026-09-22T15:16:35,133.0,125.0
AAPL,2027-06-17,267,Call,420.0,AAPL270617C00420000,9.2,9.8,9.5,9.52,0.27,2.91892,90.0,1333.0,0.2559,0.244,0.0042,0.9184,-0.042,0.5399,9.555,10.05,10.25,9.38,9.25,no_change,2026-09-22T15:55:00,13.0,15.0
AAPL,2027-06-17,267,Put,420.0,AAPL270617P00420000,80.85,82.75,81.8,81.7,-0.4,-0.487209,26.0,1.0,0.2571,-0.8647,0.0061,0.5841,-0.0495,-0.713,81.7363,81.25,81.72,80.85,82.0999984741211,up,2026-09-22T15:55:15,129.0,188.0
AAPL,2027-06-17,267,Call,430.0,AAPL270617C00430000,7.6,8.15,7.875,8.43,0.755,9.83713,3.0,1365.0,0.2549,0.2112,0.0039,0.8487,-0.0387,0.4691,7.9139,8.5,8.5,8.43,7.67499995231628,down,2026-09-22T12:58:12,38.0,36.0
AAPL,2027-06-17,267,Put,430.0,AAPL270617P00430000,89.5,91.35,90.425,109.39,0.0,0.0,0.0,0.0,0.2401,-0.9146,0.0061,0.4091,-0.0469,-0.5075,90.8551,0.0,0.0,0.0,91.5999984741211,down,2026-07-23T10:03:09,80.0,58.0
AAPL,2027-06-17,267,Call,440.0,AAPL270617C00440000,6.25,6.75,6.5,7.1,0.8,12.6984,365.0,1811.0,0.2542,0.1819,0.0035,0.7774,-0.0354,0.4059,6.5415,7.1,7.15,6.9,6.29999995231628,no_change,2026-09-22T11:13:49,20.0,45.0
AAPL,2027-06-17,267,Put,440.0,AAPL270617P00440000,99.0,101.85,100.425,102.41,0.0,0.0,0.0,1.0,0.2569,-0.9573,0.0051,0.2095,-0.051,-0.2791,100.3906,0.0,0.0,0.0,100.924999237061,down,2026-09-21T10:34:29,98.0,98.0
AAPL,2027-06-17,267,Call,450.0,AAPL270617C00450000,5.1,5.55,5.324999999999999,5.5,0.3,5.76923,72.0,2507.0,0.254,0.156,0.0032,0.706,-0.032,0.3488,5.3991,5.75,5.8,5.5,5.20000004768372,down,2026-09-22T15:13:26,72.0,35.0
AAPL,2027-06-17,267,Put,450.0,AAPL270617P00450000,109.0,111.5,110.25,136.34,0.0,0.0,0.0,0.0,0.0,-0.985,0.0022,0.0049,-0.0537,0.0,110.2824,0.0,0.0,0.0,111.125,down,2026-08-26T15:56:55,77.0,77.0
AAPL,2027-06-17,267,Call,460.0,AAPL270617C00460000,4.25,4.7,4.475,4.69,0.44,10.3529,2.0,519.0,0.2555,0.1334,0.0029,0.6377,-0.0288,0.2994,4.4529,4.69,4.69,4.69,4.25,up,2026-09-22T13:15:46,28.0,32.0
AAPL,2027-06-17,267,Put,460.0,AAPL270617P00460000,118.75,121.25,120.0,186.3,0.0,0.0,0.0,0.0,0.0,-0.9985,0.0002,0.0,-0.0537,0.0,120.2824,0.0,0.0,0.0,120.825000762939,no_change,2025-12-15T15:39:13,77.0,75.0
AAPL,2027-06-17,267,Call,470.0,AAPL270617C00470000,3.45,3.85,3.6500000000000004,3.93,0.455,13.0935,12.0,1168.0,0.2551,0.1138,0.0026,0.5717,-0.0258,0.2556,3.6722,3.8,3.93,3.8,3.47500002384186,up,2026-09-22T12:20:30,10.0,16.0
AAPL,2027-06-17,267,Put,470.0,AAPL270617P00470000,128.75,131.25,130.0,159.85,0.0,0.0,0.0,0.0,0.0,-1.0,0.0,0.0,-0.0537,0.0,130.2824,0.0,0.0,0.0,131.050003051758,no_change,2026-06-04T11:52:53,77.0,75.0
AAPL,2027-06-17,267,Call,480.0,AAPL270617C00480000,2.79,3.15,2.9699999999999998,2.78,0.0,0.0,0.0,157.0,0.2548,0.0969,0.0023,0.511,-0.023,0.2183,3.0294,0.0,0.0,0.0,2.92499995231628,no_change,2026-09-18T10:18:29,37.0,10.0
AAPL,2027-06-17,267,Put,480.0,AAPL270617P00480000,138.7,141.95,140.325,150.0,0.0,0.0,0.0,0.0,0.3126,-1.0,0.0,0.0,-0.0537,0.0,140.2824,0.0,0.0,0.0,141.074996948242,up,2026-07-20T09:50:10,77.0,77.0
AAPL,2027-06-17,267,Call,490.0,AAPL270617C00490000,2.32,2.76,2.54,2.25,0.0,0.0,0.0,228.0,0.2575,0.0824,0.002,0.454,-0.0204,0.1856,2.5015,0.0,0.0,0.0,2.41499996185303,no_change,2026-09-18T10:18:29,52.0,124.0
AAPL,2027-06-17,267,Put,490.0,AAPL270617P00490000,148.7,152.05,150.375,0.0,0.0,0.0,0.0,0.0,0.3299,-1.0,0.0,0.0,-0.0537,0.0,150.2824,0.0,0.0,0.0,151.074996948242,no_change,,77.0,77.0
AAPL,2027-06-17,267,Call,500.0,AAPL270617C00500000,1.9,2.23,2.065,2.28,0.29,14.5729,2.0,547.0,0.2573,0.07,0.0018,0.4028,-0.0181,0.1581,2.0679,2.21,2.28,2.21,1.9899999499321,up,2026-09-22T11:47:01,62.0,62.0
AAPL,2027-06-17,267,Put,500.0,AAPL270617P00500000,158.7,162.05,160.375,0.0,0.0,0.0,0.0,0.0,0.3437,-1.0,0.0,0.0,-0.0537,0.0,160.2824,0.0,0.0,0.0,161.050003051758,no_change,,77.0,76.0
AAPL,2027-06-17,267,Call,510.0,AAPL270617C00510000,1.58,1.85,1.715,1.81,0.12,7.10059,4.0,226.0,0.2584,0.0595,0.0016,0.3557,-0.016,0.1342,1.7124,1.86,1.86,1.81,1.68999999761581,down,2026-09-22T12:16:39,10.0,52.0
AAPL,2027-06-17,267,Put,510.0,AAPL270617P00510000,168.65,172.0,170.325,0.0,0.0,0.0,0.0,0.0,0.354,-1.0,0.0,0.0,-0.0537,0.0,170.2824,0.0,0.0,0.0,171.050003051758,no_change,,77.0,77.0
AAPL,2027-06-17,267,Call,520.0,AAPL270617C00520000,1.3,1.48,1.3900000000000001,1.43,0.01,0.704228,3.0,231.0,0.2582,0.0505,0.0014,0.314,-0.014,0.1143,1.4203,1.48,1.48,1.43,1.41999995708466,down,2026-09-22T15:18:25,51.0,12.0
AAPL,2027-06-17,267,Put,520.0,AAPL270617P00520000,178.65,182.05,180.35000000000002,0.0,0.0,0.0,0.0,0.0,0.3687,-1.0,0.0,0.0,-0.0537,0.0,180.2824,0.0,0.0,0.0,180.799995422363,no_change,,76.0,76.0
AAPL,2027-06-17,267,Call,530.0,AAPL270617C00530000,1.1,1.27,1.185,1.2,0.065,5.72687,2.0,3929.0,0.2605,0.0429,0.0012,0.2764,-0.0124,0.097,1.1804,1.2,1.2,1.2,1.13499999046326,up,2026-09-22T09:45:15,6.0,52.0
AAPL,2027-06-17,267,Put,530.0,AAPL270617P00530000,188.65,192.0,190.325,0.0,0.0,0.0,0.0,0.0,0.3798,-1.0,0.0,0.0,-0.0537,0.0,190.2824,0.0,0.0,0.0,191.074996948242,no_change,,76.0,76.0
AAPL,2027-06-17,267,Call,540.0,AAPL270617C00540000,0.89,1.06,0.9750000000000001,0.99,0.075,8.19672,13.0,245.0,0.2611,0.0365,0.001,0.243,-0.0109,0.0826,0.9832,0.99,0.99,0.99,0.915000021457672,no_change,2026-09-22T12:14:38,9.0,15.0
AAPL,2027-06-17,267,Put,540.0,AAPL270617P00540000,198.65,202.05,200.35000000000002,0.0,0.0,0.0,0.0,0.0,0.394,-1.0,0.0,0.0,-0.0537,0.0,200.2824,0.0,0.0,0.0,200.699996948242,no_change,,76.0,76.0
AAPL,2027-06-17,267,Call,550.0,AAPL270617C00550000,0.78,0.91,0.845,0.75,-0.06,-7.40741,5.0,1102.0,0.2637,0.0312,0.0009,0.2142,-0.0096,0.0705,0.823,0.75,0.75,0.75,0.810000002384186,no_change,2026-09-22T10:08:15,6.0,52.0
AAPL,2027-06-17,267,Put,550.0,AAPL270617P00550000,208.65,212.05,210.35000000000002,0.0,0.0,0.0,0.0,0.0,0.4062,-1.0,0.0,0.0,-0.0537,0.0,210.2824,0.0,0.0,0.0,210.924995422363,no_change,,76.0,76.0
AAPL,2027-06-17,267,Call,560.0,AAPL270617C00560000,0.64,0.76,0.7,0.65,-0.035,-5.10949,10.0,106.0,0.2645,0.0266,0.0008,0.188,-0.0084,0.06,0.6886,0.73,0.73,0.64,0.685000002384186,down,2026-09-22T10:52:59,5.0,83.0
AAPL,2027-06-17,267,Put,560.0,AAPL270617P00560000,218.8,222.0,220.4,0.0,0.0,0.0,0.0,0.0,0.4215,-1.0,0.0,0.0,-0.0537,0.0,220.2824,0.0,0.0,0.0,220.774993896484,no_change,,76.0,76.0
AAPL,2027-06-17,267,Call,570.0,AAPL270617C00570000,0.5,0.62,0.56,0.6,0.07,13.2076,14.0,133.0,0.264,0.0227,0.0007,0.1652,-0.0074,0.0513,0.5774,0.57,0.6,0.48,0.529999986290932,up,2026-09-22T11:03:28,10.0,10.0
AAPL,2027-06-17,267,Put,570.0,AAPL270617P00570000,228.65,231.95,230.3,0.0,0.0,0.0,0.0,0.0,0.4259,-1.0,0.0,0.0,-0.0537,0.0,230.2824,0.0,0.0,0.0,231.024993896484,no_change,,76.0,76.0
AAPL,2027-06-17,267,Call,580.0,AAPL270617C00580000,0.31,0.53,0.42000000000000004,0.39,0.0,0.0,0.0,33.0,0.2614,0.0193,0.0006,0.1448,-0.0064,0.0436,0.4839,0.0,0.0,0.0,0.484999984502792,no_change,2026-09-21T12:12:55,117.0,6.0
AAPL,2027-06-17,267,Put,580.0,AAPL270617P00580000,238.65,241.8,240.22500000000002,0.0,0.0,0.0,0.0,0.0,0.0,-1.0,0.0,0.0,-0.0537,0.0,240.2824,0.0,0.0,0.0,240.900001525879,no_change,,76.0,76.0
AAPL,2027-06-17,267,Call,590.0,AAPL270617C00590000,0.24,0.58,0.41,0.34,0.0,0.0,0.0,438.0,0.2678,0.0166,0.0005,0.1274,-0.0057,0.0374,0.4092,0.0,0.0,0.0,0.415000006556511,down,2026-09-21T13:15:06,208.0,185.0
AAPL,2027-06-17,267,Put,590.0,AAPL270617P00590000,248.65,251.75,250.2,0.0,0.0,0.0,0.0,0.0,0.0,-1.0,0.0,0.0,-0.0537,0.0,250.2824,0.0,0.0,0.0,251.050003051758,no_change,,76.0,76.0
AAPL,2027-06-17,267,Call,600.0,AAPL270617C00600000,0.28,0.38,0.33,0.33,0.02,6.45161,14.0,3074.0,0.2676,0.0142,0.0005,0.112,-0.005,0.0321,0.3457,0.39,0.39,0.33,0.310000002384186,down,2026-09-22T15:54:10,37.0,43.0
AAPL,2027-06-17,267,Put,600.0,AAPL270617P00600000,258.8,261.95,260.375,0.0,0.0,0.0,0.0,0.0,0.4653,-1.0,0.0,0.0,-0.0537,0.0,260.2824,0.0,0.0,0.0,261.074996948242,no_change,,76.0,76.0
AAPL,2027-09-17,359,Call,100.0,AAPL270917C00100000,242.2,245.65,243.925,243.1,0.0,0.0,0.0,13.0,0.0,0.9984,0.0,0.0307,0.0,0.9372,244.1407,0.0,0.0,0.0,243.525001525879,down,2026-09-21T15:33:14,87.0,5.0
AAPL,2027-09-17,359,Put,100.0,AAPL270917P00100000,0.02,0.24,0.13,0.17,0.02,13.3333,2.0,432.0,0.4952,-0.0029,0.0,0.031,-0.002,-0.0108,0.1668,0.12,0.17,0.12,0.149999998509884,up,2026-09-22T14:28:07,28.0,254.0
AAPL,2027-09-17,359,Call,105.0,AAPL270917C00105000,237.45,240.9,239.175,206.35,0.0,0.0,0.0,20.0,0.0,0.998,0.0001,0.0347,0.0,0.9829,239.4027,0.0,0.0,0.0,238.799995422363,down,2026-08-10T13:41:50,90.0,6.0
AAPL,2027-09-17,359,Put,105.0,AAPL270917P00105000,0.01,0.29,0.15,0.37,0.0,0.0,0.0,94.0,0.4843,-0.0034,0.0001,0.035,-0.0022,-0.0123,0.1894,0.0,0.0,0.0,0.16499999538064,down,2026-07-29T09:30:15,104.0,208.0
AAPL,2027-09-17,359,Call,110.0,AAPL270917C00110000,232.7,236.15,234.425,199.55,0.0,0.0,0.0,10.0,0.0,0.9975,0.0001,0.0392,0.0,1.0283,234.6675,0.0,0.0,0.0,233.925003051758,no_change,2026-08-17T11:34:46,88.0,6.0
AAPL,2027-09-17,359,Put,110.0,AAPL270917P00110000,0.03,0.32,0.175,0.25,0.0,0.0,0.0,41.0,0.4747,-0.0038,0.0001,0.0396,-0.0025,-0.0141,0.2147,0.0,0.0,0.0,0.194999996572733,down,2026-09-02T13:02:31,75.0,236.0
AAPL,2027-09-17,359,Call,115.0,AAPL270917C00115000,227.95,231.4,229.675,231.1,2.0,0.872982,2.0,4.0,0.0,0.997,0.0001,0.0442,0.0,1.0735,229.9353,231.3,231.3,231.1,229.099998474121,down,2026-09-22T13:40:57,87.0,6.0
AAPL,2027-09-17,359,Put,115.0,AAPL270917P00115000,0.1,0.37,0.235,0.25,0.0,0.0,0.0,6.0,0.4736,-0.0044,0.0001,0.0448,-0.0027,-0.0161,0.2431,0.0,0.0,0.0,0.235000003129244,down,2026-09-18T11:49:52,30.0,296.0
AAPL,2027-09-17,359,Call,120.0,AAPL270917C00120000,223.25,226.7,224.975,0.0,0.0,0.0,0.0,0.0,0.3809,0.9964,0.0001,0.0498,0.0,1.1183,225.2058,0.0,0.0,0.0,224.400001525879,no_change,,87.0,75.0
AAPL,2027-09-17,359,Put,120.0,AAPL270917P00120000,0.1,0.41,0.255,0.37,0.0,0.0,0.0,151.0,0.4611,-0.005,0.0001,0.0506,-0.003,-0.0183,0.2751,0.0,0.0,0.0,0.269999995827675,down,2026-08-31T10:29:40,107.0,363.0
AAPL,2027-09-17,359,Call,125.0,AAPL270917C00125000,218.5,221.95,220.225,219.15,0.0,0.0,0.0,157.0,0.3748,0.9956,0.0001,0.056,0.0,1.1628,220.4809,0.0,0.0,0.0,219.474998474121,no_change,2026-09-21T12:59:17,101.0,89.0
AAPL,2027-09-17,359,Put,125.0,AAPL270917P00125000,0.12,0.46,0.29000000000000004,0.32,0.0,0.0,0.0,15.0,0.4518,-0.0057,0.0001,0.0566,-0.0033,-0.0209,0.3111,0.0,0.0,0.0,0.255000002682209,down,2026-09-21T12:46:40,10.0,210.0
AAPL,2027-09-17,359,Call,130.0,AAPL270917C00130000,213.8,217.25,215.525,182.05,0.0,0.0,0.0,11.0,0.3908,0.9949,0.0001,0.0628,0.0,1.207,215.7604,0.0,0.0,0.0,214.900001525879,down,2026-08-10T12:24:16,88.0,75.0
AAPL,2027-09-17,359,Put,130.0,AAPL270917P00130000,0.16,0.51,0.335,0.38,0.0,0.0,0.0,32.0,0.4439,-0.0065,0.0001,0.0636,-0.0037,-0.0237,0.3515,0.0,0.0,0.0,0.364999987185001,up,2026-09-21T09:30:00,15.0,190.0
AAPL,2027-09-17,359,Call,135.0,AAPL270917C00135000,209.05,212.55,210.8,178.45,0.0,0.0,0.0,33.0,0.3884,0.994,0.0001,0.0703,0.0,1.2509,211.0449,0.0,0.0,0.0,210.224998474121,up,2026-08-10T13:56:28,90.0,75.0
AAPL,2027-09-17,359,Put,135.0,AAPL270917P00135000,0.2,0.57,0.385,0.54,0.0,0.0,0.0,63.0,0.4362,-0.0074,0.0001,0.0713,-0.004,-0.0269,0.397,0.0,0.0,0.0,0.390000000596046,up,2026-09-14T09:32:24,14.0,151.0
AAPL,2027-09-17,359,Call,140.0,AAPL270917C00140000,204.35,207.8,206.075,187.01,0.0,0.0,0.0,9.0,0.384,0.993,0.0002,0.0786,0.0,1.2943,206.335,0.0,0.0,0.0,205.725006103516,no_change,2026-09-10T11:50:20,87.0,74.0
AAPL,2027-09-17,359,Put,140.0,AAPL270917P00140000,0.25,0.65,0.45,0.49,0.0,0.0,0.0,36.0,0.4299,-0.0085,0.0002,0.08,-0.0044,-0.0306,0.4484,0.0,0.0,0.0,0.530000016093254,down,2026-09-21T09:42:59,155.0,342.0
AAPL,2027-09-17,359,Call,145.0,AAPL270917C00145000,199.65,203.1,201.375,200.35,0.0,0.0,0.0,23.0,0.3834,0.9919,0.0002,0.0879,0.0,1.3371,201.6315,0.0,0.0,0.0,200.775001525879,up,2026-09-21T12:59:00,87.0,75.0
AAPL,2027-09-17,359,Put,145.0,AAPL270917P00145000,0.42,0.56,0.49,0.54,0.0,0.0,0.0,29.0,0.4197,-0.0096,0.0002,0.089,-0.0049,-0.0346,0.5065,0.0,0.0,0.0,0.600000008940697,down,2026-09-21T09:30:10,51.0,51.0
AAPL,2027-09-17,359,Call,150.0,AAPL270917C00150000,194.95,198.4,196.675,172.11,0.0,0.0,0.0,71.0,0.3804,0.9906,0.0002,0.0979,0.0,1.3795,196.9352,0.0,0.0,0.0,196.150001525879,up,2026-08-24T10:56:22,87.0,76.0
AAPL,2027-09-17,359,Put,150.0,AAPL270917P00150000,0.35,0.8,0.575,0.65,0.0,0.0,0.0,74.0,0.423,-0.0109,0.0002,0.0993,-0.0053,-0.039,0.5717,0.0,0.0,0.0,0.669999986886978,no_change,2026-09-21T11:36:19,104.0,352.0
AAPL,2027-09-17,359,Call,155.0,AAPL270917C00155000,190.25,193.7,191.975,173.98,0.0,0.0,0.0,44.0,0.3759,0.9892,0.0002,0.1089,0.0,1.4213,192.247,0.0,0.0,0.0,191.650001525879,down,2026-09-04T13:45:42,87.0,76.0
AAPL,2027-09-17,359,Put,155.0,AAPL270917P00155000,0.42,0.86,0.64,0.65,-0.125,-16.129,2.0,111.0,0.3959,-0.0123,0.0002,0.1106,-0.0058,-0.0441,0.6444,0.65,0.65,0.65,0.774999976158142,no_change,2026-09-22T09:31:41,304.0,71.0
AAPL,2027-09-17,359,Call,160.0,AAPL270917C00160000,185.6,189.05,187.325,174.95,0.0,0.0,0.0,9.0,0.3762,0.9876,0.0003,0.1212,0.0,1.4625,187.5677,0.0,0.0,0.0,186.975006103516,up,2026-09-03T14:22:30,87.0,75.0
AAPL,2027-09-17,359,Put,160.0,AAPL270917P00160000,0.65,0.97,0.81,0.75,0.0,0.0,0.0,62.0,0.4068,-0.0139,0.0003,0.1233,-0.0064,-0.05,0.7271,0.0,0.0,0.0,0.784999996423721,down,2026-09-21T13:48:01,31.0,153.0
AAPL,2027-09-17,359,Call,165.0,AAPL270917C00165000,180.9,184.35,182.625,168.68,0.0,0.0,0.0,24.0,0.3693,0.9859,0.0003,0.1346,0.0,1.5028,182.8986,0.0,0.0,0.0,182.125,up,2026-09-10T15:21:14,90.0,75.0
AAPL,2027-09-17,359,Put,165.0,AAPL270917P00165000,0.78,1.09,0.935,0.85,-0.065,-7.10382,23.0,37.0,0.4016,-0.0158,0.0003,0.1367,-0.007,-0.0565,0.8217,0.85,0.85,0.85,0.91499999165535,no_change,2026-09-22T09:59:32,5.0,225.0
AAPL,2027-09-17,359,Call,170.0,AAPL270917C00170000,176.25,179.7,177.975,169.59,0.0,0.0,0.0,10.0,0.3664,0.9839,0.0003,0.1491,0.0,1.5424,178.241,0.0,0.0,0.0,177.449996948242,up,2026-09-16T15:16:44,88.0,76.0
AAPL,2027-09-17,359,Put,170.0,AAPL270917P00170000,0.89,1.04,0.9650000000000001,0.96,-0.045,-4.47761,11.0,66.0,0.3895,-0.0178,0.0003,0.1516,-0.0077,-0.0635,0.9267,1.1,1.1,0.96,1.00499996542931,no_change,2026-09-22T11:37:39,28.0,40.0
AAPL,2027-09-17,359,Call,175.0,AAPL270917C00175000,171.6,175.05,173.325,172.25,0.0,0.0,0.0,63.0,0.3622,0.9817,0.0004,0.1649,0.0,1.5811,173.596,0.0,0.0,0.0,172.699996948242,up,2026-09-21T12:59:07,87.0,74.0
AAPL,2027-09-17,359,Put,175.0,AAPL270917P00175000,1.01,1.12,1.065,1.12,0.03,2.7523,4.0,76.0,0.3821,-0.0201,0.0004,0.168,-0.0084,-0.0716,1.0448,1.11,1.12,1.07,1.08999997377396,up,2026-09-22T13:46:45,28.0,10.0
AAPL,2027-09-17,359,Call,180.0,AAPL270917C00180000,166.95,170.4,168.675,148.98,0.0,0.0,0.0,6.0,0.357,0.9792,0.0004,0.1823,0.0,1.6188,168.9661,0.0,0.0,0.0,168.024993896484,down,2026-09-10T10:31:03,116.0,103.0
AAPL,2027-09-17,359,Put,180.0,AAPL270917P00180000,1.03,1.45,1.24,1.25,-0.01,-0.79365,2.0,140.0,0.3786,-0.0226,0.0004,0.1859,-0.0091,-0.0805,1.1757,1.25,1.25,1.25,1.25999999046326,down,2026-09-22T15:47:27,53.0,188.0
AAPL,2027-09-17,359,Call,185.0,AAPL270917C00185000,162.35,165.8,164.075,130.08,0.0,0.0,0.0,23.0,0.3543,0.9764,0.0005,0.2012,0.0,1.6553,164.3496,0.0,0.0,0.0,163.400001525879,down,2026-08-03T10:01:38,89.0,104.0
AAPL,2027-09-17,359,Put,185.0,AAPL270917P00185000,1.11,1.62,1.3650000000000002,1.69,0.0,0.0,0.0,52.0,0.3715,-0.0254,0.0005,0.2045,-0.0099,-0.0903,1.3248,0.0,0.0,0.0,1.43000000715256,down,2026-09-11T10:02:00,86.0,242.0
AAPL,2027-09-17,359,Call,190.0,AAPL270917C00190000,157.75,161.2,159.475,154.17,0.0,0.0,0.0,265.0,0.3504,0.9734,0.0005,0.2213,0.0,1.6907,159.7518,0.0,0.0,0.0,158.824996948242,up,2026-09-14T14:04:19,213.0,150.0
AAPL,2027-09-17,359,Put,190.0,AAPL270917P00190000,1.3,1.78,1.54,1.76,0.0,0.0,0.0,42.0,0.3663,-0.0286,0.0005,0.2252,-0.0108,-0.1012,1.4913,0.0,0.0,0.0,1.60499995946884,down,2026-09-16T13:34:04,14.0,51.0
AAPL,2027-09-17,359,Call,195.0,AAPL270917C00195000,153.15,156.6,154.875,126.75,0.0,0.0,0.0,39.0,0.3455,0.97,0.0006,0.243,0.0,1.7249,155.1732,0.0,0.0,0.0,154.175003051758,down,2026-09-09T14:14:59,114.0,81.0
AAPL,2027-09-17,359,Put,195.0,AAPL270917P00195000,1.45,1.95,1.7,2.05,0.0,0.0,0.0,104.0,0.3598,-0.0321,0.0006,0.2479,-0.0117,-0.1135,1.6782,0.0,0.0,0.0,1.86500000953674,down,2026-09-16T10:03:07,139.0,48.0
AAPL,2027-09-17,359,Call,200.0,AAPL270917C00200000,148.6,152.05,150.325,154.53,4.68,3.12312,13.0,95.0,0.3422,0.9662,0.0006,0.2667,0.0,1.7576,150.6156,154.53,154.53,154.53,149.849998474121,up,2026-09-22T09:32:52,163.0,104.0
AAPL,2027-09-17,359,Put,200.0,AAPL270917P00200000,1.75,2.0,1.875,1.9,-0.045,-2.31362,85.0,435.0,0.3535,-0.036,0.0007,0.2725,-0.0127,-0.1275,1.887,1.91,1.93,1.9,1.9449999332428,down,2026-09-22T11:47:06,52.0,10.0
AAPL,2027-09-17,359,Call,205.0,AAPL270917C00205000,144.05,147.5,145.775,146.82,1.87,1.2901,2.0,490.0,0.3379,0.9621,0.0007,0.2921,0.0,1.7885,146.0817,148.43,148.43,146.82,144.949996948242,down,2026-09-22T14:50:28,282.0,383.0
AAPL,2027-09-17,359,Put,205.0,AAPL270917P00205000,2.08,2.26,2.17,2.18,-0.04,-1.8018,1.0,487.0,0.3511,-0.0402,0.0007,0.2972,-0.0138,-0.1411,2.1164,2.18,2.18,2.18,2.22000002861023,down,2026-09-22T14:34:46,15.0,52.0
AAPL,2027-09-17,359,Call,210.0,AAPL270917C00210000,139.55,143.0,141.275,140.58,0.0,0.0,0.0,56.0,0.3347,0.9576,0.0008,0.3188,0.0,1.818,141.5738,0.0,0.0,0.0,140.474998474121,up,2026-09-21T15:23:49,92.0,77.0
AAPL,2027-09-17,359,Put,210.0,AAPL270917P00210000,2.13,2.65,2.3899999999999997,2.4,-0.085,-3.42052,11.0,172.0,0.3452,-0.0449,0.0008,0.3247,-0.0149,-0.1574,2.3756,2.39,2.4,2.39,2.48500001430511,up,2026-09-22T13:20:53,91.0,50.0
AAPL,2027-09-17,359,Call,215.0,AAPL270917C00215000,135.05,138.5,136.775,134.0,0.0,0.0,0.0,13.0,0.3305,0.9525,0.0009,0.3474,0.0,1.8459,137.094,0.0,0.0,0.0,135.724998474121,no_change,2026-09-17T15:01:03,101.0,57.0
AAPL,2027-09-17,359,Put,215.0,AAPL270917P00215000,2.41,2.94,2.675,3.0,0.0,0.0,0.0,203.0,0.3406,-0.0501,0.0009,0.355,-0.0161,-0.1751,2.6641,0.0,0.0,0.0,2.71499991416931,down,2026-09-17T14:32:22,98.0,14.0
AAPL,2027-09-17,359,Call,220.0,AAPL270917C00220000,131.25,134.05,132.65,127.5,0.0,0.0,0.0,46.0,0.3362,0.947,0.001,0.3782,-0.0001,1.8714,132.6466,0.0,0.0,0.0,131.950004577637,no_change,2026-09-21T09:33:38,115.0,64.0
AAPL,2027-09-17,359,Put,220.0,AAPL270917P00220000,2.8,3.4,3.0999999999999996,3.0,-0.1,-3.22581,2.0,933.0,0.3391,-0.0558,0.001,0.3857,-0.0173,-0.1949,2.9862,3.0,3.0,3.0,3.10000002384186,down,2026-09-22T10:48:19,10.0,205.0
AAPL,2027-09-17,359,Call,225.0,AAPL270917C00225000,126.8,129.65,128.225,123.35,0.0,0.0,0.0,152.0,0.3319,0.941,0.0011,0.4104,-0.002,1.8949,128.2322,0.0,0.0,0.0,127.249996185303,up,2026-09-14T09:30:02,162.0,121.0
AAPL,2027-09-17,359,Put,225.0,AAPL270917P00225000,3.2,3.5,3.35,3.7,0.0,0.0,0.0,280.0,0.3322,-0.0621,0.0011,0.4185,-0.0186,-0.2152,3.343,0.0,0.0,0.0,3.42499995231628,down,2026-09-17T15:36:08,51.0,44.0
AAPL,2027-09-17,359,Call,230.0,AAPL270917C00230000,122.7,125.25,123.975,125.76,2.935,2.38958,50.0,59.0,0.3309,0.9345,0.0012,0.4439,-0.0039,1.9165,123.8548,125.93,125.93,125.76,122.825000762939,no_change,2026-09-22T12:09:59,59.0,106.0
AAPL,2027-09-17,359,Put,230.0,AAPL270917P00230000,3.45,3.95,3.7,3.65,-0.225,-5.80645,3.0,376.0,0.3273,-0.069,0.0012,0.4537,-0.02,-0.2392,3.738,3.65,3.65,3.65,3.875,no_change,2026-09-22T11:42:53,80.0,10.0
AAPL,2027-09-17,359,Call,235.0,AAPL270917C00235000,118.05,120.95,119.5,118.2,0.0,0.0,0.0,70.0,0.324,0.9273,0.0013,0.4796,-0.0058,1.9357,119.5172,0.0,0.0,0.0,118.424999237061,no_change,2026-09-21T12:59:04,115.0,74.0
AAPL,2027-09-17,359,Put,235.0,AAPL270917P00235000,3.85,4.35,4.1,4.35,0.0,0.0,0.0,299.0,0.3228,-0.0764,0.0013,0.4914,-0.0214,-0.2637,4.1759,0.0,0.0,0.0,4.29999995231628,down,2026-09-21T15:11:30,51.0,44.0
AAPL,2027-09-17,359,Call,240.0,AAPL270917C00240000,113.2,116.5,114.85,117.02,2.695,2.35731,12.0,574.0,0.3133,0.9196,0.0014,0.5171,-0.0078,1.952,115.2222,117.01,117.02,117.01,114.325000762939,up,2026-09-22T13:20:03,469.0,125.0
AAPL,2027-09-17,359,Put,240.0,AAPL270917P00240000,4.4,5.05,4.725,4.55,-0.275,-5.69948,15.0,1016.0,0.3221,-0.0846,0.0015,0.528,-0.0229,-0.2898,4.661,4.55,4.72,4.5,4.82499980926514,up,2026-09-22T15:33:07,46.0,94.0
AAPL,2027-09-17,359,Call,245.0,AAPL270917C00245000,109.55,112.4,110.975,112.77,2.845,2.58813,11.0,23.0,0.3173,0.9112,0.0015,0.5555,-0.0098,1.9659,110.9777,112.77,112.77,112.77,109.924999237061,up,2026-09-22T13:20:03,82.0,71.0
AAPL,2027-09-17,359,Put,245.0,AAPL270917P00245000,4.85,5.6,5.225,5.06,-0.24,-4.5283,12.0,313.0,0.318,-0.0934,0.0016,0.5675,-0.0244,-0.3195,5.1939,5.35,5.35,5.06,5.29999995231628,no_change,2026-09-22T11:21:27,159.0,104.0
AAPL,2027-09-17,359,Call,250.0,AAPL270917C00250000,105.4,107.95,106.67500000000001,106.91,1.16,1.09693,18.0,267.0,0.3123,0.9021,0.0016,0.5952,-0.0118,1.9775,106.7822,108.48,108.48,106.75,105.75,no_change,2026-09-22T14:52:08,191.0,111.0
AAPL,2027-09-17,359,Put,250.0,AAPL270917P00250000,5.5,5.95,5.725,5.65,-0.275,-4.64135,121.0,964.0,0.3132,-0.1029,0.0017,0.61,-0.026,-0.3503,5.7804,5.65,5.8,5.6,5.92500019073486,up,2026-09-22T14:07:19,28.0,30.0
AAPL,2027-09-17,359,Call,255.0,AAPL270917C00255000,101.35,103.65,102.5,104.17,2.395,2.35323,4.0,57.0,0.3087,0.8924,0.0018,0.6368,-0.0139,1.9856,102.6412,102.75,104.2,102.75,101.775001525879,down,2026-09-22T13:20:45,115.0,36.0
AAPL,2027-09-17,359,Put,255.0,AAPL270917P00255000,6.15,6.6,6.375,5.97,-0.58,-8.85496,2.0,275.0,0.3101,-0.1132,0.0019,0.6515,-0.0276,-0.3836,6.4274,6.3,6.3,5.97,6.54999995231628,down,2026-09-22T14:45:46,32.0,31.0
AAPL,2027-09-17,359,Call,260.0,AAPL270917C00260000,96.65,99.0,97.825,100.55,2.925,2.99616,6.0,2334.0,0.2967,0.8819,0.0019,0.6791,-0.016,1.9907,98.5593,98.74,100.65,98.74,97.625,down,2026-09-22T13:37:31,267.0,10.0
AAPL,2027-09-17,359,Put,260.0,AAPL270917P00260000,6.85,7.35,7.1,7.16,-0.09,-1.24138,1.0,316.0,0.3074,-0.1242,0.002,0.6939,-0.0292,-0.4192,7.1343,7.16,7.16,7.16,7.25,down,2026-09-22T09:32:38,44.0,36.0
AAPL,2027-09-17,359,Call,265.0,AAPL270917C00265000,93.5,94.75,94.125,95.17,1.37,1.46055,5.0,103.0,0.2991,0.8708,0.0021,0.7218,-0.0181,1.9934,94.5397,96.0,96.05,95.17,93.8000030517578,down,2026-09-22T14:52:07,42.0,10.0
AAPL,2027-09-17,359,Put,265.0,AAPL270917P00265000,7.65,8.45,8.05,7.45,-0.65,-8.02469,4.0,846.0,0.307,-0.1361,0.0022,0.7391,-0.0308,-0.4567,7.9069,7.65,7.7,7.45,8.09999990463257,down,2026-09-22T14:45:46,35.0,173.0
AAPL,2027-09-17,359,Call,270.0,AAPL270917C00270000,89.1,91.35,90.225,90.1,0.25,0.278239,4.0,2306.0,0.2974,0.8589,0.0022,0.7656,-0.0202,1.9927,90.5858,90.46,92.05,90.1,89.8500022888184,down,2026-09-22T15:28:47,178.0,24.0
AAPL,2027-09-17,359,Put,270.0,AAPL270917P00270000,8.45,8.95,8.7,8.68,-0.22,-2.47191,2.0,1103.0,0.3016,-0.1488,0.0023,0.7853,-0.0325,-0.4969,8.7524,8.68,8.68,8.68,8.90000009536743,down,2026-09-22T09:38:30,47.0,23.0
AAPL,2027-09-17,359,Call,275.0,AAPL270917C00275000,85.2,88.1,86.65,87.73,2.055,2.3986,1.0,104.0,0.2989,0.8462,0.0024,0.81,-0.0223,1.9881,86.7028,87.73,87.73,87.73,85.6749992370606,up,2026-09-22T14:27:49,132.0,117.0
AAPL,2027-09-17,359,Put,275.0,AAPL270917P00275000,9.4,10.2,9.8,9.45,-0.375,-3.8168,32.0,1840.0,0.3011,-0.1623,0.0025,0.8284,-0.0342,-0.5358,9.6734,9.64,9.64,9.44,9.8250002861023,up,2026-09-22T14:21:37,61.0,135.0
AAPL,2027-09-17,359,Call,280.0,AAPL270917C00280000,81.15,84.25,82.7,83.35,1.025,1.24507,7.0,289.0,0.2947,0.8328,0.0025,0.8537,-0.0243,1.981,82.8942,85.0,85.0,83.35,82.3249969482422,down,2026-09-22T14:59:49,272.0,171.0
AAPL,2027-09-17,359,Put,280.0,AAPL270917P00280000,10.55,11.0,10.775,10.47,-0.405,-3.72414,15.0,2114.0,0.2982,-0.1766,0.0027,0.8745,-0.0359,-0.5812,10.6703,10.6,10.64,10.47,10.875,down,2026-09-22T14:21:37,22.0,34.0
AAPL,2027-09-17,359,Call,285.0,AAPL270917C00285000,77.3,80.2,78.75,80.34,1.815,2.31136,1.0,466.0,0.2899,0.8187,0.0027,0.8975,-0.0264,1.971,79.1628,80.34,80.34,80.34,78.5250015258789,up,2026-09-22T09:42:17,247.0,92.0
AAPL,2027-09-17,359,Put,285.0,AAPL270917P00285000,11.45,12.2,11.825,11.4,-0.575,-4.80167,2.0,676.0,0.2954,-0.1918,0.0028,0.9205,-0.0375,-0.6255,11.7547,11.4,11.4,11.4,11.9749999046326,down,2026-09-22T11:53:55,38.0,55.0
AAPL,2027-09-17,359,Call,290.0,AAPL270917C00290000,74.65,76.65,75.65,78.02,3.62,4.86559,1.0,206.0,0.2937,0.8039,0.0028,0.9413,-0.0283,1.9566,75.5132,78.02,78.02,78.02,74.4000015258789,up,2026-09-22T09:35:52,10.0,67.0
AAPL,2027-09-17,359,Put,290.0,AAPL270917P00290000,12.7,13.55,13.125,12.3,-0.775,-5.92734,37.0,733.0,0.2943,-0.2079,0.003,0.9621,-0.0392,-0.6704,12.93,12.3,12.3,12.3,13.0750002861023,no_change,2026-09-22T09:32:41,28.0,117.0
AAPL,2027-09-17,359,Call,295.0,AAPL270917C00295000,71.1,73.0,72.05,70.95,0.0,0.0,0.0,335.0,0.2911,0.7883,0.003,0.9839,-0.0303,1.9393,71.9495,0.0,0.0,0.0,71.1749992370606,up,2026-09-21T14:56:17,13.0,54.0
AAPL,2027-09-17,359,Put,295.0,AAPL270917P00295000,14.0,14.85,14.425,14.2,-0.175,-1.21739,3.0,920.0,0.2924,-0.2248,0.0032,1.0051,-0.0407,-0.72,14.1917,14.0,14.2,14.0,14.375,no_change,2026-09-22T15:50:47,26.0,111.0
AAPL,2027-09-17,359,Call,300.0,AAPL270917C00300000,67.75,69.55,68.65,68.55,1.125,1.66852,24.0,1037.0,0.2897,0.7721,0.0031,1.025,-0.0321,1.9197,68.4738,68.75,70.96,68.55,67.4249992370606,down,2026-09-22T15:18:19,28.0,101.0
AAPL,2027-09-17,359,Put,300.0,AAPL270917P00300000,15.3,16.0,15.65,15.25,-0.5,-3.1746,57.0,1498.0,0.2889,-0.2425,0.0034,1.0478,-0.0423,-0.7702,15.5529,15.36,15.65,15.0,15.75,up,2026-09-22T15:28:43,94.0,130.0
AAPL,2027-09-17,359,Call,305.0,AAPL270917C00305000,64.35,66.5,65.425,67.59,2.815,4.34581,1.0,425.0,0.2891,0.7552,0.0033,1.0654,-0.0339,1.896,65.0893,67.59,67.59,67.59,64.7750015258789,up,2026-09-22T11:52:38,44.0,324.0
AAPL,2027-09-17,359,Put,305.0,AAPL270917P00305000,16.75,17.75,17.25,16.42,-0.805,-4.67344,13.0,491.0,0.288,-0.2611,0.0036,1.087,-0.0438,-0.8169,17.0197,16.7,17.2,16.42,17.2250003814697,down,2026-09-22T12:51:31,45.0,266.0
AAPL,2027-09-17,359,Call,310.0,AAPL270917C00310000,60.25,63.1,61.675,62.81,1.71,2.79869,9.0,516.0,0.2828,0.7377,0.0034,1.1039,-0.0356,1.8689,61.8004,65.2,65.2,62.79,61.1000003814697,up,2026-09-22T13:21:14,270.0,319.0
AAPL,2027-09-17,359,Put,310.0,AAPL270917P00310000,18.5,19.2,18.85,18.75,-0.05,-0.265958,3.0,10102.0,0.2864,-0.2804,0.0037,1.1236,-0.0452,-0.8737,18.5837,18.05,18.75,18.05,18.8000001907349,up,2026-09-22T15:57:37,20.0,81.0
AAPL,2027-09-17,359,Call,315.0,AAPL270917C00315000,57.35,59.7,58.525000000000006,59.2,1.225,2.11298,5.0,595.0,0.2814,0.7196,0.0036,1.1399,-0.0372,1.8401,58.6086,60.05,61.8,59.2,57.9750003814697,down,2026-09-22T13:25:31,69.0,128.0
AAPL,2027-09-17,359,Put,315.0,AAPL270917P00315000,20.0,20.85,20.425,19.45,-0.95,-4.65687,16.0,595.0,0.2836,-0.3004,0.0039,1.159,-0.0466,-0.9202,20.2572,19.83,20.29,19.45,20.4000005722046,down,2026-09-22T11:33:32,28.0,67.0
AAPL,2027-09-17,359,Call,320.0,AAPL270917C00320000,54.1,56.65,55.375,56.15,1.6,2.93309,13.0,2235.0,0.2792,0.7009,0.0037,1.174,-0.0387,1.8081,55.5155,56.4,57.85,56.15,54.5499992370606,down,2026-09-22T14:06:20,93.0,142.0
AAPL,2027-09-17,359,Put,320.0,AAPL270917P00320000,21.75,22.65,22.2,21.3,-0.825,-3.72881,513.0,428.0,0.2817,-0.3212,0.0041,1.1925,-0.0478,-0.9693,22.0464,21.2,21.4,21.2,22.125,down,2026-09-22T12:23:08,31.0,73.0
AAPL,2027-09-17,359,Call,325.0,AAPL270917C00325000,51.9,53.95,52.925,54.76,2.635,5.05516,8.0,636.0,0.2821,0.6818,0.0038,1.2057,-0.04,1.7724,52.5246,53.41,54.76,53.41,52.125,up,2026-09-22T11:20:13,15.0,179.0
AAPL,2027-09-17,359,Put,325.0,AAPL270917P00325000,23.55,24.5,24.025,24.15,0.0,0.0,0.0,563.0,0.2794,-0.3427,0.0042,1.2202,-0.049,-1.0224,23.9458,0.0,0.0,0.0,24.0999994277954,down,2026-09-21T15:16:59,29.0,34.0
AAPL,2027-09-17,359,Call,330.0,AAPL270917C00330000,49.0,50.35,49.675,49.5,0.425,0.86602,103.0,874.0,0.2774,0.6622,0.0039,1.2342,-0.0413,1.7352,49.6376,53.15,53.15,49.35,49.0750007629394,down,2026-09-22T15:56:05,16.0,41.0
AAPL,2027-09-17,359,Put,330.0,AAPL270917P00330000,25.55,26.65,26.1,24.9,-1.15,-4.41459,4.0,421.0,0.2783,-0.3648,0.0044,1.2456,-0.0501,-1.0692,25.9594,25.35,25.35,24.9,26.0500001907349,down,2026-09-22T11:02:23,34.0,69.0
AAPL,2027-09-17,359,Call,335.0,AAPL270917C00335000,46.15,47.1,46.625,45.95,-0.25,-0.541127,21.0,2707.0,0.2738,0.6423,0.004,1.2597,-0.0424,1.6962,46.8541,48.91,48.91,45.95,46.2000007629394,down,2026-09-22T15:56:28,15.0,5.0
AAPL,2027-09-17,359,Put,335.0,AAPL270917P00335000,27.7,28.7,28.2,28.0,-0.225,-0.797164,50.0,687.0,0.2764,-0.3875,0.0046,1.2673,-0.051,-1.114,28.097,28.2,28.25,26.9,28.2249994277954,up,2026-09-22T15:22:21,49.0,52.0
AAPL,2027-09-17,359,Call,340.0,AAPL270917C00340000,43.45,44.85,44.150000000000006,44.26,0.735,1.68869,140.0,1046.0,0.274,0.6221,0.0041,1.2824,-0.0434,1.6538,44.1761,44.5,46.45,44.0,43.5249996185303,down,2026-09-22T15:58:31,12.0,24.0
AAPL,2027-09-17,359,Put,340.0,AAPL270917P00340000,29.95,31.15,30.549999999999997,30.5,0.0,0.0,60.0,211.0,0.2757,-0.4108,0.0047,1.2835,-0.0519,-1.1609,30.3587,29.28,30.5,29.2,30.5,up,2026-09-22T15:23:42,12.0,99.0
AAPL,2027-09-17,359,Call,345.0,AAPL270917C00345000,40.3,42.05,41.175,43.5,2.675,6.55236,54.0,1048.0,0.2696,0.6016,0.0042,1.3015,-0.0442,1.6098,41.6052,43.72,44.35,41.45,40.8250007629394,down,2026-09-22T12:33:52,82.0,17.0
AAPL,2027-09-17,359,Put,345.0,AAPL270917P00345000,32.25,33.4,32.825,32.7,-0.2,-0.607902,35.0,136.0,0.2736,-0.4345,0.0048,1.2952,-0.0527,-1.1952,32.732,31.5,32.7,31.5,32.8999996185303,up,2026-09-22T15:23:09,18.0,42.0
AAPL,2027-09-17,359,Call,350.0,AAPL270917C00350000,38.5,39.65,39.075,39.15,0.7,1.82055,111.0,12028.0,0.2711,0.581,0.0043,1.3171,-0.0449,1.5653,39.14,41.44,41.44,38.75,38.4499988555908,down,2026-09-22T15:52:15,19.0,48.0
AAPL,2027-09-17,359,Put,350.0,AAPL270917P00350000,34.8,35.85,35.325,34.9,-0.6,-1.69014,40.0,204.0,0.2723,-0.4586,0.005,1.3032,-0.0533,-1.2419,35.2367,33.9,34.9,33.7,35.5,up,2026-09-22T14:57:25,5.0,49.0
AAPL,2027-09-17,359,Call,355.0,AAPL270917C00355000,35.95,37.25,36.6,39.54,3.54,9.83333,5.0,986.0,0.2688,0.5602,0.0043,1.3292,-0.0454,1.5185,36.7802,38.7,39.54,38.7,36.0,up,2026-09-22T09:34:38,47.0,14.0
AAPL,2027-09-17,359,Put,355.0,AAPL270917P00355000,37.35,38.75,38.05,37.55,-0.575,-1.5082,283.0,266.0,0.2717,-0.4831,0.0051,1.3049,-0.0538,-1.2724,37.8724,36.5,37.55,36.38,38.125,no_change,2026-09-22T15:01:59,8.0,96.0
AAPL,2027-09-17,359,Call,360.0,AAPL270917C00360000,33.95,34.8,34.375,34.74,0.74,2.17647,12.0,2163.0,0.2681,0.5394,0.0044,1.3378,-0.0458,1.4697,34.5255,35.0,35.0,34.74,34.0,down,2026-09-22T15:31:58,34.0,15.0
AAPL,2027-09-17,359,Put,360.0,AAPL270917P00360000,40.05,41.2,40.625,39.35,-1.425,-3.49479,29.0,19.0,0.2695,-0.5079,0.0052,1.3034,-0.0542,-1.3001,40.6187,39.3,39.4,39.3,40.7749996185303,no_change,2026-09-22T11:57:42,28.0,43.0
AAPL,2027-09-17,359,Call,365.0,AAPL270917C00365000,31.85,32.8,32.325,32.78,0.93,2.91994,17.0,1739.0,0.2678,0.5186,0.0044,1.3428,-0.0461,1.4214,32.3771,35.0,35.0,32.69,31.8499994277954,up,2026-09-22T15:36:42,28.0,20.0
AAPL,2027-09-17,359,Put,365.0,AAPL270917P00365000,42.9,44.2,43.55,43.25,-0.65,-1.48064,25.0,4.0,0.2686,-0.533,0.0053,1.2943,-0.0544,-1.3322,43.4993,42.1,43.25,42.05,43.8999996185303,up,2026-09-22T15:03:20,5.0,37.0
AAPL,2027-09-17,359,Call,370.0,AAPL270917C00370000,29.75,30.6,30.175,30.6,0.825,2.77078,105.0,826.0,0.266,0.498,0.0044,1.3443,-0.0462,1.3724,30.332,33.0,33.0,30.5,29.7749996185303,no_change,2026-09-22T15:10:53,34.0,10.0
AAPL,2027-09-17,359,Put,370.0,AAPL270917P00370000,45.3,47.55,46.425,47.05,0.0,0.0,0.0,100.0,0.2689,-0.5582,0.0054,1.2771,-0.0546,-1.3418,46.5087,0.0,0.0,0.0,47.0499992370606,down,2026-09-18T15:53:12,23.0,49.0
AAPL,2027-09-17,359,Call,375.0,AAPL270917C00375000,27.85,28.7,28.275,28.36,0.41,1.46691,176.0,2200.0,0.2654,0.4774,0.0044,1.3422,-0.0461,1.3216,28.3865,29.23,30.1,28.06,27.9499998092651,down,2026-09-22T15:42:47,34.0,21.0
AAPL,2027-09-17,359,Put,375.0,AAPL270917P00375000,48.55,50.35,49.45,73.3,0.0,0.0,0.0,29.0,0.2648,-0.5835,0.0054,1.2672,-0.0546,-1.3695,49.6352,0.0,0.0,0.0,50.0250015258789,down,2026-08-11T12:54:07,40.0,33.0
AAPL,2027-09-17,359,Call,380.0,AAPL270917C00380000,26.05,26.8,26.425,26.6,0.575,2.20942,263.0,1275.0,0.2645,0.4572,0.0044,1.3367,-0.046,1.2711,26.5442,28.1,28.1,26.15,26.0249996185303,up,2026-09-22T15:49:12,32.0,14.0
AAPL,2027-09-17,359,Put,380.0,AAPL270917P00380000,52.15,53.9,53.025,53.43,0.0,0.0,0.0,67.0,0.2665,-0.6089,0.0055,1.2367,-0.0544,-1.3576,52.8861,0.0,0.0,0.0,53.5499992370606,down,2026-09-21T12:29:31,7.0,54.0
AAPL,2027-09-17,359,Call,385.0,AAPL270917C00385000,24.25,25.1,24.675,24.85,0.4,1.63599,54.0,889.0,0.2634,0.4371,0.0044,1.3282,-0.0457,1.2217,24.7976,26.15,26.35,24.85,24.4499998092651,no_change,2026-09-22T15:41:54,24.0,11.0
AAPL,2027-09-17,359,Put,385.0,AAPL270917P00385000,54.9,58.2,56.55,74.75,0.0,0.0,0.0,26.0,0.267,-0.6342,0.0056,1.2072,-0.0543,-1.3528,56.2625,0.0,0.0,0.0,56.75,no_change,2026-08-20T14:01:26,83.0,117.0
AAPL,2027-09-17,359,Call,390.0,AAPL270917C00390000,22.6,23.45,23.025,23.6,0.95,4.19426,83.0,500.0,0.2627,0.4174,0.0044,1.3164,-0.0453,1.1715,23.1457,22.71,24.65,22.71,22.6499996185303,no_change,2026-09-22T14:36:19,23.0,28.0
AAPL,2027-09-17,359,Put,390.0,AAPL270917P00390000,58.15,61.1,59.625,73.3,0.0,0.0,0.0,12.0,0.2626,-0.6596,0.0056,1.1686,-0.0539,-1.356,59.7681,0.0,0.0,0.0,60.2750015258789,down,2026-09-10T09:38:22,113.0,96.0
AAPL,2027-09-17,359,Call,395.0,AAPL270917C00395000,21.1,21.9,21.5,22.1,1.0,4.73933,125.0,575.0,0.2624,0.3981,0.0043,1.3014,-0.0448,1.1208,21.5861,23.35,23.35,21.25,21.1000003814697,no_change,2026-09-22T13:46:47,32.0,21.0
AAPL,2027-09-17,359,Put,395.0,AAPL270917P00395000,62.45,65.35,63.9,82.2,0.0,0.0,0.0,3.0,0.2678,-0.6849,0.0056,1.1315,-0.0536,-1.3317,63.376,0.0,0.0,0.0,63.8250007629394,down,2026-08-19T10:55:06,21.0,128.0
AAPL,2027-09-17,359,Call,400.0,AAPL270917C00400000,19.7,20.35,20.025,20.41,0.76,3.86768,131.0,3115.0,0.2617,0.3792,0.0043,1.284,-0.0442,1.072,20.1176,20.1,22.0,20.1,19.6500005722046,up,2026-09-22T15:36:42,27.0,10.0
AAPL,2027-09-17,359,Put,400.0,AAPL270917P00400000,66.3,68.7,67.5,65.2,-2.4,-3.55029,56.0,19.0,0.2661,-0.71,0.0057,1.0798,-0.0531,-1.3088,67.1106,65.05,65.3,65.0,67.5999984741211,down,2026-09-22T11:57:42,17.0,149.0
AAPL,2027-09-17,359,Call,410.0,AAPL270917C00410000,16.9,17.75,17.325,17.74,0.865,5.12593,28.0,800.0,0.2605,0.3429,0.0042,1.2418,-0.0427,0.9762,17.436,17.78,18.6,17.63,16.875,up,2026-09-22T14:31:50,21.0,12.0
AAPL,2027-09-17,359,Put,410.0,AAPL270917P00410000,73.3,76.05,74.675,74.45,-0.525,-0.700231,166.0,16.0,0.2587,-0.7598,0.0057,0.9751,-0.052,-1.2231,74.9235,72.7,74.55,72.7,74.9749984741211,down,2026-09-22T15:24:12,154.0,116.0
AAPL,2027-09-17,359,Call,420.0,AAPL270917C00420000,14.55,15.4,14.975000000000001,15.09,0.39,2.65306,31.0,1592.0,0.2596,0.3087,0.004,1.191,-0.041,0.8842,15.0754,15.42,16.01,15.09,14.7000002861023,down,2026-09-22T14:52:29,32.0,12.0
AAPL,2027-09-17,359,Put,420.0,AAPL270917P00420000,81.55,84.5,83.025,89.11,0.0,0.0,0.0,0.0,0.2586,-0.8089,0.0058,0.8363,-0.0509,-1.0859,83.1705,0.0,0.0,0.0,83.875,no_change,2026-07-27T09:46:50,110.0,109.0
AAPL,2027-09-17,359,Call,430.0,AAPL270917C00430000,12.5,13.3,12.9,13.0,0.5,4.0,32.0,515.0,0.2588,0.2768,0.0038,1.1339,-0.0389,0.7971,13.0064,13.55,14.0,12.76,12.5,down,2026-09-22T15:53:21,37.0,23.0
AAPL,2027-09-17,359,Put,430.0,AAPL270917P00430000,90.25,93.7,91.975,104.8,0.0,0.0,0.0,10.0,0.2617,-0.8559,0.0057,0.6814,-0.05,-0.8984,91.8466,0.0,0.0,0.0,92.2000007629394,down,2026-09-02T12:09:07,110.0,110.0
AAPL,2027-09-17,359,Call,440.0,AAPL270917C00440000,10.65,11.6,11.125,11.61,0.81,7.5,2.0,195.0,0.2585,0.2474,0.0036,1.0719,-0.0368,0.7158,11.2037,11.05,11.61,11.05,10.8000001907349,up,2026-09-22T13:05:45,29.0,35.0
AAPL,2027-09-17,359,Put,440.0,AAPL270917P00440000,99.3,101.75,100.525,112.8,0.0,0.0,0.0,0.0,0.25,-0.9049,0.006,0.5012,-0.0498,-0.6669,100.9157,0.0,0.0,0.0,101.575000762939,down,2026-07-16T09:45:28,82.0,71.0
AAPL,2027-09-17,359,Call,450.0,AAPL270917C00450000,9.25,9.75,9.5,9.75,0.5,5.40541,36.0,419.0,0.2575,0.2204,0.0034,1.0074,-0.0345,0.6402,9.6389,10.15,10.15,9.75,9.25,down,2026-09-22T15:30:54,40.0,19.0
AAPL,2027-09-17,359,Put,450.0,AAPL270917P00450000,108.8,111.7,110.25,144.45,0.0,0.0,0.0,0.0,0.2563,-0.9458,0.0057,0.3428,-0.0412,-0.481,110.3279,0.0,0.0,0.0,110.725002288818,up,2026-08-10T12:46:36,127.0,126.0
AAPL,2027-09-17,359,Call,460.0,AAPL270917C00460000,8.0,8.5,8.25,8.4,0.525,6.66666,2.0,131.0,0.2583,0.1958,0.0032,0.9409,-0.0322,0.5709,8.2865,8.43,8.43,8.4,7.87500023841858,down,2026-09-22T14:48:02,8.0,38.0
AAPL,2027-09-17,359,Put,460.0,AAPL270917P00460000,118.7,122.15,120.42500000000001,0.0,0.0,0.0,0.0,0.0,0.2766,-0.9751,0.0031,0.0145,-0.0493,0.0,120.1892,0.0,0.0,0.0,121.025001525879,no_change,,75.0,76.0
AAPL,2027-09-17,359,Call,470.0,AAPL270917C00470000,6.75,7.4,7.075,7.0,0.175,2.5641,7.0,337.0,0.2582,0.1735,0.0029,0.8752,-0.0299,0.5078,7.1196,7.0,7.0,7.0,6.82500004768372,up,2026-09-22T09:30:00,27.0,28.0
AAPL,2027-09-17,359,Put,470.0,AAPL270917P00470000,128.7,132.15,130.425,0.0,0.0,0.0,0.0,0.0,0.2907,-0.9941,0.0007,0.0,-0.0493,0.0,130.1892,0.0,0.0,0.0,130.699996948242,no_change,,77.0,77.0
AAPL,2027-09-17,359,Call,480.0,AAPL270917C00480000,5.9,6.45,6.175000000000001,5.8,0.0,0.0,0.0,155.0,0.2595,0.1535,0.0027,0.8095,-0.0276,0.4503,6.1173,0.0,0.0,0.0,5.77500009536743,up,2026-09-21T11:45:38,7.0,30.0
AAPL,2027-09-17,359,Put,480.0,AAPL270917P00480000,138.7,142.15,140.425,0.0,0.0,0.0,0.0,0.0,0.3043,-1.0,0.0,0.0,-0.0493,0.0,140.1892,0.0,0.0,0.0,141.074996948242,no_change,,77.0,77.0
AAPL,2027-09-17,359,Call,490.0,AAPL270917C00490000,5.05,5.5,5.275,5.25,0.3,6.06061,3.0,58.0,0.2593,0.1356,0.0025,0.7471,-0.0254,0.3992,5.2566,5.5,5.5,5.25,4.95000004768372,down,2026-09-22T14:46:43,31.0,102.0
AAPL,2027-09-17,359,Put,490.0,AAPL270917P00490000,148.65,152.15,150.4,0.0,0.0,0.0,0.0,0.0,0.3167,-1.0,0.0,0.0,-0.0493,0.0,150.1892,0.0,0.0,0.0,151.0,no_change,,77.0,77.0
AAPL,2027-09-17,359,Call,500.0,AAPL270917C00500000,4.2,4.7,4.45,4.61,0.31,7.2093,8.0,388.0,0.2584,0.1197,0.0023,0.686,-0.0233,0.3526,4.5193,4.77,4.79,4.35,4.29999995231628,up,2026-09-22T14:49:21,38.0,13.0
AAPL,2027-09-17,359,Put,500.0,AAPL270917P00500000,158.7,161.9,160.3,0.0,0.0,0.0,0.0,0.0,0.3261,-1.0,0.0,0.0,-0.0493,0.0,160.1892,0.0,0.0,0.0,161.099998474121,no_change,,77.0,76.0
AAPL,2027-09-17,359,Call,510.0,AAPL270917C00510000,3.55,4.2,3.875,4.15,0.5,13.6986,3.0,94.0,0.2596,0.1056,0.0021,0.629,-0.0214,0.312,3.8885,4.12,4.15,4.1,3.64999997615814,up,2026-09-22T11:03:02,18.0,91.0
AAPL,2027-09-17,359,Put,510.0,AAPL270917P00510000,168.7,171.6,170.14999999999998,0.0,0.0,0.0,0.0,0.0,0.0,-1.0,0.0,0.0,-0.0494,0.0,170.1896,0.0,0.0,0.0,170.724998474121,no_change,,77.0,76.0
AAPL,2027-09-17,359,Call,520.0,AAPL270917C00520000,3.2,3.6,3.4000000000000004,3.1,0.0,0.0,0.0,120.0,0.2614,0.0931,0.0019,0.575,-0.0195,0.2752,3.3488,0.0,0.0,0.0,3.14999997615814,up,2026-09-15T13:46:28,21.0,17.0
AAPL,2027-09-17,359,Put,520.0,AAPL270917P00520000,178.65,182.15,180.4,0.0,0.0,0.0,0.0,0.0,0.3544,-1.0,0.0,0.0,-0.0494,0.0,180.1896,0.0,0.0,0.0,181.074996948242,no_change,,77.0,77.0
AAPL,2027-09-17,359,Call,530.0,AAPL270917C00530000,2.6,3.05,2.825,2.76,0.0,0.0,0.0,71.0,0.2598,0.082,0.0017,0.5242,-0.0178,0.2429,2.8873,0.0,0.0,0.0,2.73000001907349,up,2026-09-03T12:21:38,15.0,16.0
AAPL,2027-09-17,359,Put,530.0,AAPL270917P00530000,188.7,192.15,190.425,223.26,0.0,0.0,0.0,0.0,0.3671,-1.0,0.0,0.0,-0.0493,0.0,190.1892,0.0,0.0,0.0,190.699996948242,down,2026-08-11T10:55:54,77.0,75.0
AAPL,2027-09-17,359,Call,540.0,AAPL270917C00540000,2.29,2.65,2.4699999999999998,2.59,0.225,9.51374,2.0,49.0,0.2613,0.0723,0.0016,0.478,-0.0162,0.2145,2.4923,2.56,2.59,2.56,2.36500000953674,up,2026-09-22T09:33:36,17.0,55.0
AAPL,2027-09-17,359,Put,540.0,AAPL270917P00540000,198.65,201.95,200.3,0.0,0.0,0.0,0.0,0.0,0.3742,-1.0,0.0,0.0,-0.0493,0.0,200.1892,0.0,0.0,0.0,201.074996948242,no_change,,77.0,76.0
AAPL,2027-09-17,359,Call,550.0,AAPL270917C00550000,1.89,2.28,2.085,2.2,0.0,0.0,0.0,1280.0,0.2608,0.0637,0.0014,0.4344,-0.0147,0.189,2.1541,0.0,0.0,0.0,2.04499995708466,up,2026-09-16T09:39:02,15.0,18.0
AAPL,2027-09-17,359,Put,550.0,AAPL270917P00550000,208.65,212.15,210.4,0.0,0.0,0.0,0.0,0.0,0.3893,-1.0,0.0,0.0,-0.0493,0.0,210.1892,0.0,0.0,0.0,211.074996948242,no_change,,77.0,88.0
AAPL,2027-09-17,359,Call,560.0,AAPL270917C00560000,1.6,2.12,1.86,2.07,0.0,0.0,0.0,442.0,0.2628,0.0562,0.0013,0.3946,-0.0134,0.167,1.8648,0.0,0.0,0.0,1.76500004529953,no_change,2026-09-14T09:47:05,51.0,45.0
AAPL,2027-09-17,359,Put,560.0,AAPL270917P00560000,218.7,222.15,220.425,0.0,0.0,0.0,0.0,0.0,0.4013,-1.0,0.0,0.0,-0.0493,0.0,220.1892,0.0,0.0,0.0,220.699996948242,no_change,,76.0,75.0
AAPL,2027-09-17,359,Call,570.0,AAPL270917C00570000,1.37,1.87,1.62,1.5,0.0,0.0,0.0,41.0,0.2624,0.0496,0.0011,0.3585,-0.0121,0.1474,1.616,0.0,0.0,0.0,1.62999999523163,up,2026-09-10T09:37:23,5.0,45.0
AAPL,2027-09-17,359,Put,570.0,AAPL270917P00570000,228.65,232.15,230.4,0.0,0.0,0.0,0.0,0.0,0.4113,-1.0,0.0,0.0,-0.0493,0.0,230.1892,0.0,0.0,0.0,230.699996948242,no_change,,76.0,87.0
AAPL,2027-09-17,359,Call,580.0,AAPL270917C00580000,1.19,1.65,1.42,1.34,0.0,0.0,0.0,78.0,0.2628,0.0438,0.001,0.3249,-0.011,0.13,1.4029,0.0,0.0,0.0,1.33499997854233,up,2026-09-18T15:05:03,10.0,40.0
AAPL,2027-09-17,359,Put,580.0,AAPL270917P00580000,238.65,242.15,240.4,0.0,0.0,0.0,0.0,0.0,0.4219,-1.0,0.0,0.0,-0.0493,0.0,240.1892,0.0,0.0,0.0,240.774993896484,no_change,,76.0,87.0
AAPL,2027-09-17,359,Call,590.0,AAPL270917C00590000,1.04,1.3,1.17,1.11,0.0,0.0,0.0,105.0,0.2642,0.0387,0.0009,0.2945,-0.01,0.115,1.2196,0.0,0.0,0.0,1.18500000238419,down,2026-09-18T10:58:46,30.0,25.0
AAPL,2027-09-17,359,Put,590.0,AAPL270917P00590000,248.7,252.15,250.425,0.0,0.0,0.0,0.0,0.0,0.4333,-1.0,0.0,0.0,-0.0493,0.0,250.1892,0.0,0.0,0.0,250.949996948242,no_change,,77.0,88.0
AAPL,2027-09-17,359,Call,600.0,AAPL270917C00600000,0.9,1.14,1.02,1.08,0.07,6.93069,144.0,1659.0,0.2652,0.0342,0.0008,0.2671,-0.009,0.1017,1.0616,1.25,1.25,1.07,1.01000002026558,no_change,2026-09-22T15:42:17,30.0,20.0
AAPL,2027-09-17,359,Put,600.0,AAPL270917P00600000,258.7,262.15,260.42499999999995,0.0,0.0,0.0,0.0,0.0,0.4436,-1.0,0.0,0.0,-0.0493,0.0,260.1892,0.0,0.0,0.0,260.875,no_change,,75.0,88.0
AAPL,2027-12-17,450,Call,5.0,AAPL271217C00005000,332.95,336.85,334.9,310.06,0.0,0.0,0.0,1.0,0.0,1.0,0.0,0.0005,0.0,0.0183,335.2764,0.0,0.0,0.0,334.300003051758,up,2026-08-06T09:52:35,12.0,12.0
AAPL,2027-12-17,450,Put,5.0,AAPL271217P00005000,0.0,0.52,0.26,0.01,0.0,0.0,0.0,41.0,1.755,0.0,0.0,0.0004,0.0,-0.0001,0.0026,0.0,0.0,0.0,0.140000000596046,down,2026-07-09T09:30:07,0.0,121.0
AAPL,2027-12-17,450,Call,10.0,AAPL271217C00010000,328.05,331.95,330.0,295.0,0.0,0.0,0.0,3.0,0.0,1.0,0.0,0.0004,0.0,0.0453,330.3676,0.0,0.0,0.0,329.424987792969,down,2026-08-11T15:21:42,11.0,11.0
AAPL,2027-12-17,450,Put,10.0,AAPL271217P00010000,0.0,0.48,0.24,0.0,0.0,0.0,0.0,0.0,1.3975,0.0,0.0,0.0008,-0.0001,-0.0003,0.0056,0.0,0.0,0.0,0.140000000596046,no_change,,0.0,97.0
AAPL,2027-12-17,450,Call,15.0,AAPL271217C00015000,323.25,327.2,325.225,231.29,0.0,0.0,0.0,25.0,0.0,1.0,0.0,0.0004,0.0,0.0827,325.4809,0.0,0.0,0.0,324.625,down,2026-01-21T11:23:55,11.0,11.0
AAPL,2027-12-17,450,Put,15.0,AAPL271217P00015000,0.0,0.52,0.26,0.0,0.0,0.0,0.0,0.0,1.2305,-0.0001,0.0,0.0015,-0.0001,-0.0005,0.0093,0.0,0.0,0.0,0.140000000596046,no_change,,0.0,121.0
AAPL,2027-12-17,450,Call,20.0,AAPL271217C00020000,318.5,322.45,320.475,227.46,0.0,0.0,0.0,1.0,0.0,1.0,0.0,0.0014,0.0,0.1257,320.6271,0.0,0.0,0.0,319.899993896484,down,2026-04-07T10:46:03,11.0,11.0
AAPL,2027-12-17,450,Put,20.0,AAPL271217P00020000,0.0,0.5,0.25,0.03,0.0,0.0,0.0,62.0,1.1018,-0.0001,0.0,0.0022,-0.0002,-0.0008,0.0136,0.0,0.0,0.0,0.140000000596046,no_change,2026-06-04T12:43:23,0.0,121.0
AAPL,2027-12-17,450,Call,25.0,AAPL271217C00025000,313.8,317.5,315.65,223.24,0.0,0.0,0.0,1.0,0.0,1.0,0.0,0.003,0.0,0.1765,315.7878,0.0,0.0,0.0,315.174987792969,down,2026-04-07T10:46:39,11.0,1.0
AAPL,2027-12-17,450,Put,25.0,AAPL271217P00025000,0.0,0.47,0.235,0.06,0.0,0.0,0.0,40.0,1.0021,-0.0002,0.0,0.0031,-0.0002,-0.0011,0.0187,0.0,0.0,0.0,0.144999995827675,no_change,2026-05-19T13:12:41,0.0,97.0
AAPL,2027-12-17,450,Call,30.0,AAPL271217C00030000,309.05,312.9,310.975,270.6,0.0,0.0,0.0,9.0,0.8248,1.0,0.0,0.0047,0.0,0.2727,310.9915,0.0,0.0,0.0,310.449996948242,up,2026-06-24T12:02:03,11.0,5.0
AAPL,2027-12-17,450,Put,30.0,AAPL271217P00030000,0.0,0.44,0.22,0.01,0.0,0.0,0.0,174.0,0.9219,-0.0003,0.0,0.0042,-0.0003,-0.0015,0.0246,0.0,0.0,0.0,0.144999995827675,down,2026-09-03T14:34:56,0.0,97.0
AAPL,2027-12-17,450,Call,35.0,AAPL271217C00035000,304.35,308.0,306.175,0.0,0.0,0.0,0.0,0.0,0.8004,1.0,0.0,0.0058,0.0,0.3548,306.2389,0.0,0.0,0.0,305.725006103516,no_change,,11.0,1.0
AAPL,2027-12-17,450,Put,35.0,AAPL271217P00035000,0.02,0.05,0.035,0.15,0.0,0.0,0.0,847.0,0.7139,-0.0004,0.0,0.0054,-0.0004,-0.0019,0.0314,0.0,0.0,0.0,0.0699999984353781,up,2026-09-15T10:31:27,149.0,10.0
AAPL,2027-12-17,450,Call,40.0,AAPL271217C00040000,299.65,303.4,301.525,214.49,0.0,0.0,0.0,8.0,0.7471,1.0,0.0,0.0072,0.0,0.4196,301.5068,0.0,0.0,0.0,300.975006103516,down,2026-03-16T12:49:21,5.0,5.0
AAPL,2027-12-17,450,Put,40.0,AAPL271217P00040000,0.0,0.37,0.185,0.06,0.0,0.0,0.0,12.0,0.7946,-0.0005,0.0,0.0068,-0.0005,-0.0024,0.039,0.0,0.0,0.0,0.150000005960464,up,2026-06-17T13:35:02,0.0,97.0
AAPL,2027-12-17,450,Call,45.0,AAPL271217C00045000,294.9,298.8,296.85,204.68,0.0,0.0,0.0,17.0,0.7264,1.0,0.0,0.0086,0.0,0.4787,296.7841,0.0,0.0,0.0,296.274993896484,down,2026-04-07T10:47:27,89.0,11.0
AAPL,2027-12-17,450,Put,45.0,AAPL271217P00045000,0.0,0.34,0.17,0.13,0.0,0.0,0.0,6.0,0.7437,-0.0006,0.0,0.0085,-0.0006,-0.0031,0.0477,0.0,0.0,0.0,0.125,down,2026-08-05T15:18:02,0.0,164.0
AAPL,2027-12-17,450,Call,50.0,AAPL271217C00050000,290.2,294.0,292.1,284.25,0.0,0.0,0.0,820.0,0.6597,1.0,0.0,0.0104,0.0,0.5375,292.0664,0.0,0.0,0.0,291.550003051758,up,2026-09-11T15:57:08,101.0,6.0
AAPL,2027-12-17,450,Put,50.0,AAPL271217P00050000,0.0,0.08,0.04,0.06,0.0,0.0,0.0,1240.0,0.6102,-0.0008,0.0,0.0103,-0.0007,-0.0038,0.0575,0.0,0.0,0.0,0.0399999991059303,up,2026-09-18T09:30:02,0.0,1.0
AAPL,2027-12-17,450,Call,55.0,AAPL271217C00055000,285.5,289.3,287.4,249.56,0.0,0.0,0.0,411.0,0.6667,1.0,0.0,0.0125,0.0,0.6156,287.3571,0.0,0.0,0.0,286.850006103516,down,2026-07-31T13:40:55,102.0,5.0
AAPL,2027-12-17,450,Put,55.0,AAPL271217P00055000,0.06,0.07,0.065,0.17,0.0,0.0,0.0,43.0,0.6073,-0.0009,0.0,0.0123,-0.0008,-0.0046,0.0685,0.0,0.0,0.0,0.109999997541308,up,2026-09-01T13:27:48,1.0,5.0
AAPL,2027-12-17,450,Call,60.0,AAPL271217C00060000,280.8,284.5,282.65,277.0,0.0,0.0,0.0,297.0,0.6399,1.0,0.0,0.0148,0.0,0.6885,282.6599,0.0,0.0,0.0,282.174987792969,no_change,2026-09-18T10:11:52,102.0,6.0
AAPL,2027-12-17,450,Put,60.0,AAPL271217P00060000,0.05,0.16,0.10500000000000001,0.08,0.0,0.0,0.0,94.0,0.6074,-0.0011,0.0,0.0147,-0.0009,-0.0054,0.0808,0.0,0.0,0.0,0.10499999858439,down,2026-08-25T10:10:09,2.0,46.0
AAPL,2027-12-17,450,Call,65.0,AAPL271217C00065000,276.1,279.9,278.0,246.9,0.0,0.0,0.0,157.0,0.6129,1.0,0.0,0.0173,0.0,0.7535,277.9704,0.0,0.0,0.0,277.475006103516,up,2026-08-21T15:14:24,98.0,9.0
AAPL,2027-12-17,450,Put,65.0,AAPL271217P00065000,0.05,0.17,0.11000000000000001,0.14,0.0,0.0,0.0,537.0,0.5832,-0.0014,0.0,0.0173,-0.001,-0.0065,0.0945,0.0,0.0,0.0,0.115000003948808,up,2026-09-14T09:30:02,3.0,55.0
AAPL,2027-12-17,450,Call,70.0,AAPL271217C00070000,271.4,275.2,273.29999999999995,235.95,0.0,0.0,0.0,168.0,0.5868,0.9998,0.0,0.02,0.0,0.8144,273.2854,0.0,0.0,0.0,272.774993896484,down,2026-07-31T10:58:55,98.0,7.0
AAPL,2027-12-17,450,Put,70.0,AAPL271217P00070000,0.05,0.18,0.11499999999999999,0.1,-0.045,-31.0345,5.0,213.0,0.5608,-0.0016,0.0,0.0201,-0.0011,-0.0076,0.1099,0.1,0.1,0.1,0.144999999552965,down,2026-09-22T10:25:17,2.0,46.0
AAPL,2027-12-17,450,Call,75.0,AAPL271217C00075000,266.75,270.5,268.625,268.6,0.0,0.0,0.0,132.0,0.5524,0.9995,0.0,0.0231,0.0,0.8731,268.6035,0.0,0.0,0.0,268.075012207031,up,2026-07-28T13:03:07,84.0,7.0
AAPL,2027-12-17,450,Put,75.0,AAPL271217P00075000,0.1,0.2,0.15000000000000002,0.19,0.0,0.0,0.0,89.0,0.553,-0.0019,0.0,0.0233,-0.0013,-0.0089,0.1269,0.0,0.0,0.0,0.154999997466803,down,2026-08-31T13:55:41,4.0,47.0
AAPL,2027-12-17,450,Call,80.0,AAPL271217C00080000,262.05,265.8,263.925,229.45,0.0,0.0,0.0,427.0,0.5472,0.9992,0.0,0.0266,0.0,0.9309,263.9242,0.0,0.0,0.0,263.399993896484,up,2026-08-10T12:33:53,98.0,6.0
AAPL,2027-12-17,450,Put,80.0,AAPL271217P00080000,0.1,0.23,0.165,0.17,0.005,3.0303,10.0,298.0,0.5363,-0.0022,0.0,0.0268,-0.0014,-0.0104,0.146,0.17,0.17,0.17,0.165000002831221,up,2026-09-22T15:33:32,4.0,251.0
AAPL,2027-12-17,450,Call,85.0,AAPL271217C00085000,257.35,261.1,259.225,232.42,0.0,0.0,0.0,435.0,0.5325,0.9988,0.0,0.0305,0.0,0.9878,259.2473,0.0,0.0,0.0,258.725006103516,down,2026-08-06T11:10:32,104.0,5.0
AAPL,2027-12-17,450,Put,85.0,AAPL271217P00085000,0.1,0.26,0.18,0.25,0.0,0.0,0.0,71.0,0.5202,-0.0026,0.0,0.0308,-0.0016,-0.0121,0.1673,0.0,0.0,0.0,0.175000000745058,up,2026-09-04T15:11:00,5.0,149.0
AAPL,2027-12-17,450,Call,90.0,AAPL271217C00090000,252.65,256.3,254.47500000000002,252.85,0.0,0.0,0.0,157.0,0.4653,0.9984,0.0,0.0348,0.0,1.0444,254.5731,0.0,0.0,0.0,254.024993896484,down,2026-09-21T12:58:28,95.0,5.0
AAPL,2027-12-17,450,Put,90.0,AAPL271217P00090000,0.1,0.29,0.195,0.22,0.0,0.0,0.0,105.0,0.5047,-0.003,0.0,0.0351,-0.0018,-0.0139,0.1913,0.0,0.0,0.0,0.200000006705523,down,2026-09-10T15:07:44,3.0,109.0
AAPL,2027-12-17,450,Call,95.0,AAPL271217C00095000,248.0,251.6,249.8,217.3,0.0,0.0,0.0,151.0,0.4581,0.998,0.0,0.0395,0.0,1.1007,249.9018,0.0,0.0,0.0,249.099998474121,up,2026-08-14T09:34:47,108.0,5.0
AAPL,2027-12-17,450,Put,95.0,AAPL271217P00095000,0.11,0.33,0.22,0.2,0.0,0.0,0.0,54.0,0.4938,-0.0034,0.0001,0.04,-0.002,-0.016,0.2179,0.0,0.0,0.0,0.230000004172325,up,2026-09-17T10:39:01,5.0,115.0
AAPL,2027-12-17,450,Call,100.0,AAPL271217C00100000,243.3,246.95,245.125,244.03,0.0,0.0,0.0,383.0,0.4497,0.9975,0.0001,0.0447,0.0,1.1567,245.2336,0.0,0.0,0.0,244.574996948242,up,2026-09-21T15:15:36,95.0,8.0
AAPL,2027-12-17,450,Put,100.0,AAPL271217P00100000,0.1,0.34,0.22000000000000003,0.24,0.0,0.0,0.0,1337.0,0.4741,-0.0039,0.0001,0.0452,-0.0022,-0.0183,0.2479,0.0,0.0,0.0,0.234999999403954,up,2026-09-21T09:43:30,18.0,220.0
AAPL,2027-12-17,450,Call,105.0,AAPL271217C00105000,238.65,242.25,240.45,238.95,0.0,0.0,0.0,102.0,0.4406,0.9969,0.0001,0.0506,0.0,1.2123,240.5689,0.0,0.0,0.0,240.075004577637,down,2026-09-21T13:02:39,84.0,22.0
AAPL,2027-12-17,450,Put,105.0,AAPL271217P00105000,0.1,0.41,0.255,0.48,0.0,0.0,0.0,149.0,0.4649,-0.0045,0.0001,0.0513,-0.0025,-0.021,0.2814,0.0,0.0,0.0,0.259999994188547,down,2026-08-06T14:35:26,8.0,116.0
AAPL,2027-12-17,450,Call,110.0,AAPL271217C00110000,233.95,237.6,235.77499999999998,230.2,0.0,0.0,0.0,232.0,0.4311,0.9963,0.0001,0.0571,0.0,1.2675,235.9083,0.0,0.0,0.0,235.174995422363,up,2026-09-14T15:48:00,105.0,14.0
AAPL,2027-12-17,450,Put,110.0,AAPL271217P00110000,0.1,0.36,0.22999999999999998,0.33,0.0,0.0,0.0,869.0,0.4425,-0.0052,0.0001,0.0577,-0.0027,-0.024,0.3192,0.0,0.0,0.0,0.245000001043081,down,2026-09-11T14:21:55,181.0,227.0
AAPL,2027-12-17,450,Call,115.0,AAPL271217C00115000,229.45,232.75,231.1,232.15,1.575,0.683076,4.0,383.0,0.4214,0.9956,0.0001,0.0641,0.0,1.3224,231.2523,232.25,232.25,232.15,230.574996948242,down,2026-09-22T09:57:23,113.0,10.0
AAPL,2027-12-17,450,Put,115.0,AAPL271217P00115000,0.13,0.52,0.325,0.36,0.0,0.0,0.0,881.0,0.4452,-0.0059,0.0001,0.065,-0.003,-0.0273,0.3615,0.0,0.0,0.0,0.344999983906746,down,2026-09-17T11:39:18,243.0,318.0
AAPL,2027-12-17,450,Call,120.0,AAPL271217C00120000,224.65,228.1,226.375,193.6,0.0,0.0,0.0,271.0,0.3996,0.9948,0.0001,0.0719,0.0,1.3769,226.6014,0.0,0.0,0.0,225.799995422363,down,2026-08-11T10:42:30,109.0,5.0
AAPL,2027-12-17,450,Put,120.0,AAPL271217P00120000,0.33,0.58,0.45499999999999996,0.37,-0.015,-3.89611,1.0,1255.0,0.4375,-0.0067,0.0001,0.0728,-0.0033,-0.0311,0.4091,0.37,0.37,0.37,0.385000005364418,down,2026-09-22T13:44:27,3.0,82.0
AAPL,2027-12-17,450,Call,125.0,AAPL271217C00125000,220.0,223.6,221.8,221.03,0.0,0.0,0.0,437.0,0.4108,0.9939,0.0001,0.0806,0.0,1.4308,221.9561,0.0,0.0,0.0,221.049995422363,up,2026-09-21T12:22:36,84.0,10.0
AAPL,2027-12-17,450,Put,125.0,AAPL271217P00125000,0.26,0.65,0.455,0.42,0.005,1.20482,5.0,834.0,0.4332,-0.0076,0.0001,0.0819,-0.0036,-0.0352,0.4625,0.42,0.42,0.42,0.415000006556511,down,2026-09-22T12:33:15,129.0,324.0
AAPL,2027-12-17,450,Call,130.0,AAPL271217C00130000,215.35,218.8,217.075,219.48,2.93,1.35303,26.0,1042.0,0.3917,0.9928,0.0001,0.0902,0.0,1.4842,217.3173,219.6,219.84,219.45,216.550003051758,up,2026-09-22T12:10:50,99.0,10.0
AAPL,2027-12-17,450,Put,130.0,AAPL271217P00130000,0.44,0.59,0.515,0.53,0.0,0.0,0.0,512.0,0.4254,-0.0087,0.0001,0.0915,-0.004,-0.0401,0.5226,0.0,0.0,0.0,0.469999998807907,no_change,2026-09-16T11:58:13,2.0,78.0
AAPL,2027-12-17,450,Call,135.0,AAPL271217C00135000,210.7,214.35,212.52499999999998,211.45,0.0,0.0,0.0,109.0,0.4,0.9917,0.0002,0.1006,0.0,1.537,212.6858,0.0,0.0,0.0,212.150001525879,up,2026-09-21T12:58:48,84.0,14.0
AAPL,2027-12-17,450,Put,135.0,AAPL271217P00135000,0.34,0.8,0.5700000000000001,0.63,0.0,0.0,0.0,2953.0,0.4166,-0.0099,0.0002,0.1021,-0.0044,-0.0452,0.5902,0.0,0.0,0.0,0.590000003576279,down,2026-09-17T15:49:01,211.0,339.0
AAPL,2027-12-17,450,Call,140.0,AAPL271217C00140000,206.25,209.55,207.9,201.57,0.0,0.0,0.0,347.0,0.3948,0.9904,0.0002,0.1119,0.0,1.5892,208.0622,0.0,0.0,0.0,207.324996948242,up,2026-09-14T11:18:54,102.0,5.0
AAPL,2027-12-17,450,Put,140.0,AAPL271217P00140000,0.36,0.89,0.625,0.65,-0.035,-5.10949,1.0,3722.0,0.4076,-0.0112,0.0002,0.1136,-0.0048,-0.0513,0.6658,0.65,0.65,0.65,0.685000002384186,down,2026-09-22T11:37:41,340.0,294.0
AAPL,2027-12-17,450,Call,145.0,AAPL271217C00145000,201.45,204.9,203.175,204.5,1.85,0.912903,4.0,577.0,0.3782,0.989,0.0002,0.1244,0.0,1.6407,203.4475,204.45,204.5,204.45,202.650001525879,up,2026-09-22T09:57:29,109.0,10.0
AAPL,2027-12-17,450,Put,145.0,AAPL271217P00145000,0.49,0.98,0.735,0.76,0.0,0.0,0.0,611.0,0.4033,-0.0126,0.0002,0.1266,-0.0053,-0.0576,0.7506,0.0,0.0,0.0,0.754999995231628,down,2026-09-21T13:50:14,210.0,317.0
AAPL,2027-12-17,450,Call,150.0,AAPL271217C00150000,196.85,200.3,198.575,200.0,1.875,0.946372,6.0,636.0,0.3752,0.9874,0.0002,0.1382,0.0,1.6912,198.8427,199.9,200.0,199.85,198.125,up,2026-09-22T09:57:24,110.0,13.0
AAPL,2027-12-17,450,Put,150.0,AAPL271217P00150000,0.7,1.07,0.885,0.83,0.0,0.0,0.0,920.0,0.4009,-0.0143,0.0002,0.1406,-0.0058,-0.0654,0.8457,0.0,0.0,0.0,0.875,up,2026-09-21T13:49:21,10.0,114.0
AAPL,2027-12-17,450,Call,155.0,AAPL271217C00155000,192.25,195.7,193.975,167.6,0.0,0.0,0.0,100.0,0.371,0.9856,0.0003,0.153,0.0,1.7409,194.2489,0.0,0.0,0.0,193.449996948242,up,2026-08-26T13:48:41,84.0,9.0
AAPL,2027-12-17,450,Put,155.0,AAPL271217P00155000,0.91,1.05,0.98,1.22,0.0,0.0,0.0,1076.0,0.3936,-0.0161,0.0003,0.1556,-0.0063,-0.0731,0.9523,0.0,0.0,0.0,0.990000039339066,down,2026-09-04T14:50:30,1.0,10.0
AAPL,2027-12-17,450,Call,160.0,AAPL271217C00160000,187.65,191.1,189.375,188.25,0.0,0.0,0.0,410.0,0.3659,0.9837,0.0003,0.1689,0.0,1.7897,189.6673,0.0,0.0,0.0,189.025001525879,up,2026-09-21T12:57:51,91.0,10.0
AAPL,2027-12-17,450,Put,160.0,AAPL271217P00160000,0.97,1.28,1.125,1.04,-0.08,-7.14286,12.0,1049.0,0.389,-0.0181,0.0003,0.172,-0.0069,-0.0824,1.0712,1.07,1.07,1.03,1.12000000476837,up,2026-09-22T15:48:44,5.0,33.0
AAPL,2027-12-17,450,Call,165.0,AAPL271217C00165000,183.1,186.55,184.825,185.65,1.35,0.7325,2.0,266.0,0.3635,0.9815,0.0003,0.1863,0.0,1.8375,185.099,185.65,185.65,185.65,184.300003051758,up,2026-09-22T14:51:23,75.0,12.0
AAPL,2027-12-17,450,Put,165.0,AAPL271217P00165000,1.08,1.44,1.26,1.1,-0.21,-16.0305,1.0,1022.0,0.3831,-0.0204,0.0004,0.1899,-0.0075,-0.0919,1.2039,1.1,1.1,1.1,1.31000000238419,down,2026-09-22T10:43:36,5.0,46.0
AAPL,2027-12-17,450,Call,170.0,AAPL271217C00170000,178.5,181.95,180.225,175.97,0.0,0.0,0.0,496.0,0.357,0.9791,0.0004,0.2053,0.0,1.884,180.5454,0.0,0.0,0.0,179.525001525879,up,2026-09-17T12:02:21,75.0,12.0
AAPL,2027-12-17,450,Put,170.0,AAPL271217P00170000,1.02,1.6,1.31,1.44,0.0,0.0,0.0,1046.0,0.3725,-0.0228,0.0004,0.2095,-0.0082,-0.1037,1.352,0.0,0.0,0.0,1.38999998569489,down,2026-09-21T09:30:10,256.0,63.0
AAPL,2027-12-17,450,Call,175.0,AAPL271217C00175000,173.95,177.4,175.675,166.79,0.0,0.0,0.0,341.0,0.3528,0.9764,0.0004,0.2256,0.0,1.9291,176.0081,0.0,0.0,0.0,175.074996948242,up,2026-09-15T13:35:31,141.0,75.0
AAPL,2027-12-17,450,Put,175.0,AAPL271217P00175000,1.18,1.77,1.475,1.71,0.0,0.0,0.0,1871.0,0.3674,-0.0256,0.0004,0.2299,-0.0089,-0.1154,1.5172,0.0,0.0,0.0,1.54499995708466,down,2026-09-16T13:21:23,244.0,53.0
AAPL,2027-12-17,450,Call,180.0,AAPL271217C00180000,169.45,172.9,171.175,174.77,4.27,2.5044,3.0,835.0,0.3504,0.9735,0.0005,0.2472,0.0,1.9731,171.4887,174.25,174.77,174.25,170.5,up,2026-09-22T11:34:19,155.0,22.0
AAPL,2027-12-17,450,Put,180.0,AAPL271217P00180000,1.38,1.95,1.665,1.67,-0.145,-7.98898,1.0,3475.0,0.3679,-0.0286,0.0005,0.2522,-0.0097,-0.1291,1.7006,1.67,1.67,1.67,1.81499999761581,down,2026-09-22T10:25:35,10.0,7.0
AAPL,2027-12-17,450,Call,185.0,AAPL271217C00185000,164.95,168.4,166.675,168.88,2.73,1.6431,1.0,1144.0,0.3468,0.9703,0.0005,0.2705,0.0,2.0157,166.9885,168.88,168.88,168.88,166.149993896484,up,2026-09-22T13:33:43,224.0,141.0
AAPL,2027-12-17,450,Put,185.0,AAPL271217P00185000,1.75,2.15,1.95,1.85,-0.085,-4.39276,32.0,981.0,0.3612,-0.032,0.0005,0.2765,-0.0105,-0.143,1.9041,1.92,1.92,1.85,1.93499994277954,down,2026-09-22T10:51:54,8.0,10.0
AAPL,2027-12-17,450,Call,190.0,AAPL271217C00190000,160.45,163.9,162.175,160.33,0.0,0.0,0.0,572.0,0.3426,0.9667,0.0006,0.2956,0.0,2.0564,162.5097,0.0,0.0,0.0,161.424995422363,up,2026-09-21T10:36:20,320.0,19.0
AAPL,2027-12-17,450,Put,190.0,AAPL271217P00190000,1.78,2.4,2.09,2.13,0.0,0.0,0.0,1518.0,0.3535,-0.0357,0.0006,0.3021,-0.0113,-0.1601,2.1303,0.0,0.0,0.0,2.25499999523163,up,2026-09-21T12:59:11,176.0,40.0
AAPL,2027-12-17,450,Call,195.0,AAPL271217C00195000,156.0,159.45,157.725,161.22,3.995,2.54095,1.0,369.0,0.3394,0.9628,0.0006,0.3222,0.0,2.0954,158.0543,161.22,161.22,161.22,157.224998474121,up,2026-09-22T11:33:57,312.0,86.0
AAPL,2027-12-17,450,Put,195.0,AAPL271217P00195000,2.02,2.66,2.34,2.3,-0.185,-7.44467,1.0,1829.0,0.349,-0.0397,0.0007,0.3289,-0.0122,-0.1769,2.3738,2.3,2.3,2.3,2.48500001430511,down,2026-09-22T11:34:39,154.0,84.0
AAPL,2027-12-17,450,Call,200.0,AAPL271217C00200000,151.55,155.0,153.275,155.9,3.225,2.11233,7.0,3917.0,0.3354,0.9586,0.0007,0.35,0.0,2.1329,153.6243,156.5,156.5,155.71,152.675003051758,up,2026-09-22T12:12:40,394.0,54.0
AAPL,2027-12-17,450,Put,200.0,AAPL271217P00200000,2.33,2.9,2.615,2.55,-0.195,-7.10383,3.0,5637.0,0.3448,-0.0441,0.0007,0.3575,-0.0131,-0.1962,2.6516,2.55,2.55,2.55,2.74500000476837,no_change,2026-09-22T11:01:38,107.0,41.0
AAPL,2027-12-17,450,Call,205.0,AAPL271217C00205000,147.15,150.6,148.875,152.35,4.35,2.93919,1.0,856.0,0.3323,0.954,0.0008,0.3798,0.0,2.1684,149.2215,152.35,152.35,152.35,148.0,up,2026-09-22T11:33:33,389.0,121.0
AAPL,2027-12-17,450,Put,205.0,AAPL271217P00205000,2.8,3.25,3.025,2.83,-0.155,-5.19263,1.0,614.0,0.3437,-0.049,0.0008,0.3898,-0.0142,-0.2164,2.9627,2.83,2.83,2.83,2.98499989509582,down,2026-09-22T10:57:07,5.0,5.0
AAPL,2027-12-17,450,Call,210.0,AAPL271217C00210000,142.95,146.2,144.575,137.65,0.0,0.0,0.0,750.0,0.3311,0.949,0.0008,0.4116,0.0,2.2015,144.8486,0.0,0.0,0.0,144.150001525879,up,2026-09-16T09:30:01,269.0,34.0
AAPL,2027-12-17,450,Put,210.0,AAPL271217P00210000,3.05,3.6,3.325,3.09,-0.11,-3.4375,6.0,1225.0,0.3385,-0.0543,0.0009,0.4211,-0.0152,-0.2402,3.2969,3.3,3.3,3.09,3.20000004768372,down,2026-09-22T11:13:00,38.0,5.0
AAPL,2027-12-17,450,Call,215.0,AAPL271217C00215000,138.9,141.85,140.375,143.65,4.05,2.90115,1.0,829.0,0.3312,0.9435,0.0009,0.4447,0.0,2.2323,140.5083,143.65,143.65,143.65,139.599998474121,up,2026-09-22T11:30:45,247.0,108.0
AAPL,2027-12-17,450,Put,215.0,AAPL271217P00215000,3.25,4.05,3.65,3.5,-0.25,-6.66667,1.0,945.0,0.3338,-0.06,0.001,0.4559,-0.0163,-0.2639,3.6716,3.5,3.5,3.5,3.75,down,2026-09-22T09:30:39,292.0,142.0
AAPL,2027-12-17,450,Call,220.0,AAPL271217C00220000,134.4,137.5,135.95,139.42,4.07,3.00702,5.0,987.0,0.3252,0.9376,0.001,0.479,-0.0009,2.2613,136.2028,139.42,139.42,139.42,135.349998474121,up,2026-09-22T09:32:37,231.0,57.0
AAPL,2027-12-17,450,Put,220.0,AAPL271217P00220000,3.65,4.4,4.025,4.15,0.0,0.0,0.0,1412.0,0.3296,-0.0661,0.001,0.49,-0.0174,-0.2899,4.0717,0.0,0.0,0.0,4.10000002384186,down,2026-09-21T12:17:16,85.0,10.0
AAPL,2027-12-17,450,Call,225.0,AAPL271217C00225000,130.0,133.3,131.65,130.64,0.0,0.0,0.0,2013.0,0.3214,0.9312,0.0011,0.5153,-0.0025,2.2877,131.9344,0.0,0.0,0.0,130.650001525879,up,2026-09-21T12:56:57,284.0,88.0
AAPL,2027-12-17,450,Put,225.0,AAPL271217P00225000,4.05,4.9,4.475,5.49,0.0,0.0,0.0,686.0,0.3263,-0.0729,0.0011,0.5296,-0.0186,-0.3182,4.5197,0.0,0.0,0.0,4.60000014305115,up,2026-09-15T15:36:17,240.0,20.0
AAPL,2027-12-17,450,Call,230.0,AAPL271217C00230000,125.7,129.05,127.375,126.37,0.0,0.0,0.0,1552.0,0.3176,0.9243,0.0012,0.5533,-0.0042,2.311,127.7066,0.0,0.0,0.0,126.575000762939,up,2026-09-21T14:35:46,220.0,95.0
AAPL,2027-12-17,450,Put,230.0,AAPL271217P00230000,4.6,5.45,5.025,4.83,-0.17,-3.4,2.0,2680.0,0.324,-0.0802,0.0012,0.5675,-0.0198,-0.3492,5.0126,4.83,4.83,4.83,5.0,down,2026-09-22T11:45:39,176.0,237.0
AAPL,2027-12-17,450,Call,235.0,AAPL271217C00235000,122.05,124.85,123.44999999999999,126.73,4.28,3.4953,1.0,544.0,0.3193,0.9169,0.0013,0.5923,-0.0059,2.3318,123.5223,126.73,126.73,126.73,122.450000762939,up,2026-09-22T11:45:49,221.0,150.0
AAPL,2027-12-17,450,Put,235.0,AAPL271217P00235000,5.1,6.0,5.55,5.46,-0.19,-3.36283,5.0,687.0,0.3206,-0.088,0.0014,0.6082,-0.021,-0.3811,5.5508,5.53,5.53,5.46,5.65000009536743,down,2026-09-22T11:42:46,174.0,168.0
AAPL,2027-12-17,450,Call,240.0,AAPL271217C00240000,117.25,120.75,119.0,121.57,3.17,2.67736,1.0,784.0,0.3112,0.909,0.0014,0.6322,-0.0076,2.3503,119.3839,121.57,121.57,121.57,118.400001525879,up,2026-09-22T13:11:47,256.0,89.0
AAPL,2027-12-17,450,Put,240.0,AAPL271217P00240000,5.65,6.55,6.1,6.51,0.0,0.0,0.0,1705.0,0.317,-0.0965,0.0015,0.6486,-0.0223,-0.4153,6.1387,0.0,0.0,0.0,6.125,up,2026-09-21T11:36:49,237.0,50.0
AAPL,2027-12-17,450,Call,245.0,AAPL271217C00245000,113.85,116.65,115.25,116.39,2.215,1.94001,1.0,576.0,0.3139,0.9005,0.0015,0.6739,-0.0094,2.3656,115.2942,116.39,116.39,116.39,114.174999237061,up,2026-09-22T14:20:28,166.0,85.0
AAPL,2027-12-17,450,Put,245.0,AAPL271217P00245000,6.4,7.0,6.7,6.8,0.0,7.01231e-07,1.0,840.0,0.3134,-0.1056,0.0016,0.6937,-0.0237,-0.4558,6.7825,6.8,6.8,6.8,6.79999995231628,down,2026-09-22T10:14:43,39.0,36.0
AAPL,2027-12-17,450,Call,250.0,AAPL271217C00250000,109.15,112.6,110.875,112.15,1.55,1.40144,60.0,3462.0,0.3062,0.8915,0.0016,0.7167,-0.0111,2.3772,111.2571,114.42,115.45,112.15,110.600002288818,down,2026-09-22T13:54:12,308.0,108.0
AAPL,2027-12-17,450,Put,250.0,AAPL271217P00250000,7.05,7.9,7.475,7.45,-0.125,-1.65017,19.0,12909.0,0.3117,-0.1152,0.0017,0.7369,-0.025,-0.4914,7.4716,7.35,7.45,7.35,7.57500004768372,no_change,2026-09-22T09:54:46,164.0,135.0
AAPL,2027-12-17,450,Call,255.0,AAPL271217C00255000,105.8,108.55,107.175,108.62,2.42,2.27872,2.0,541.0,0.3076,0.8819,0.0017,0.7598,-0.0129,2.3863,107.2757,110.5,110.5,108.62,106.199996948242,down,2026-09-22T13:44:11,202.0,63.0
AAPL,2027-12-17,450,Put,255.0,AAPL271217P00255000,7.8,8.7,8.25,8.34,0.0,0.0,0.0,699.0,0.3094,-0.1256,0.0018,0.782,-0.0264,-0.5347,8.2324,0.0,0.0,0.0,8.22500038146973,no_change,2026-09-21T12:38:14,151.0,137.0
AAPL,2027-12-17,450,Call,260.0,AAPL271217C00260000,101.75,104.2,102.975,103.74,1.515,1.48202,84.0,2138.0,0.3015,0.8717,0.0018,0.8035,-0.0146,2.3926,103.3521,104.57,104.57,103.4,102.225002288818,down,2026-09-22T15:01:06,160.0,18.0
AAPL,2027-12-17,450,Put,260.0,AAPL271217P00260000,8.7,9.5,9.1,8.7,-0.35,-3.8674,15.0,1475.0,0.3071,-0.1366,0.002,0.8264,-0.0278,-0.5742,9.052,8.7,8.7,8.7,9.0499997138977,down,2026-09-22T15:44:35,28.0,50.0
AAPL,2027-12-17,450,Call,265.0,AAPL271217C00265000,97.6,100.8,99.19999999999999,100.65,2.125,2.15682,135.0,588.0,0.3003,0.8609,0.002,0.8483,-0.0164,2.3951,99.4897,100.5,101.05,100.5,98.5249977111816,down,2026-09-22T10:53:22,368.0,206.0
AAPL,2027-12-17,450,Put,265.0,AAPL271217P00265000,9.5,10.45,9.975,9.73,-0.32,-3.18408,2.0,2396.0,0.3045,-0.1482,0.0021,0.8731,-0.0292,-0.6232,9.9389,9.73,9.73,9.73,10.0500001907349,down,2026-09-22T09:38:30,187.0,178.0
AAPL,2027-12-17,450,Call,270.0,AAPL271217C00270000,93.9,96.95,95.42500000000001,96.7,1.85,1.95045,4.0,2435.0,0.2984,0.8496,0.0021,0.8933,-0.0182,2.3938,95.6923,97.67,97.67,96.7,94.8499984741211,down,2026-09-22T14:14:48,218.0,75.0
AAPL,2027-12-17,450,Put,270.0,AAPL271217P00270000,10.45,11.45,10.95,10.7,-0.25,-2.2831,1.0,1121.0,0.3022,-0.1606,0.0022,0.9182,-0.0306,-0.6684,10.8968,10.7,10.7,10.7,10.9499998092651,down,2026-09-22T13:41:35,215.0,219.0
AAPL,2027-12-17,450,Call,275.0,AAPL271217C00275000,90.85,93.4,92.125,93.4,1.775,1.93724,2.0,387.0,0.3008,0.8376,0.0022,0.9377,-0.0199,2.3901,91.9627,93.35,93.4,93.35,91.625,up,2026-09-22T10:49:32,143.0,140.0
AAPL,2027-12-17,450,Put,275.0,AAPL271217P00275000,11.5,12.45,11.975,12.38,0.0,0.0,0.0,1122.0,0.2998,-0.1735,0.0024,0.9642,-0.0319,-0.7179,11.9102,0.0,0.0,0.0,12.0249996185303,down,2026-09-21T10:57:57,37.0,60.0
AAPL,2027-12-17,450,Call,280.0,AAPL271217C00280000,86.25,89.5,87.875,90.78,3.08,3.51197,11.0,2179.0,0.2924,0.8251,0.0023,0.982,-0.0216,2.3833,88.3026,90.75,90.78,90.75,87.7000007629394,up,2026-09-22T11:40:44,284.0,79.0
AAPL,2027-12-17,450,Put,280.0,AAPL271217P00280000,12.55,13.55,13.05,13.01,-0.215,-1.62571,1.0,2965.0,0.2972,-0.1872,0.0025,1.0112,-0.0333,-0.7694,13.0134,13.01,13.01,13.01,13.2249999046326,down,2026-09-22T10:25:35,96.0,99.0
AAPL,2027-12-17,450,Call,285.0,AAPL271217C00285000,83.3,85.95,84.625,87.5,3.2,3.79597,7.0,450.0,0.2938,0.812,0.0024,1.0266,-0.0233,2.3721,84.7157,87.64,87.64,85.78,84.2999992370606,up,2026-09-22T11:08:02,154.0,59.0
AAPL,2027-12-17,450,Put,285.0,AAPL271217P00285000,13.6,15.0,14.3,14.35,0.0,0.0,0.0,475.0,0.2957,-0.2016,0.0027,1.0561,-0.0347,-0.8205,14.2004,0.0,0.0,0.0,14.375,no_change,2026-09-21T12:36:03,84.0,164.0
AAPL,2027-12-17,450,Call,290.0,AAPL271217C00290000,79.6,82.4,81.0,82.5,1.9,2.35732,27.0,1608.0,0.2908,0.7984,0.0026,1.0702,-0.0249,2.3576,81.2054,82.1,83.5,82.1,80.6000022888184,down,2026-09-22T13:52:29,174.0,58.0
AAPL,2027-12-17,450,Put,290.0,AAPL271217P00290000,15.05,16.1,15.575000000000001,15.58,-0.095,-0.606062,1.0,985.0,0.2937,-0.2167,0.0028,1.0998,-0.036,-0.8747,15.4698,15.58,15.58,15.58,15.6750001907349,down,2026-09-22T10:25:01,33.0,50.0
AAPL,2027-12-17,450,Call,295.0,AAPL271217C00295000,76.25,78.6,77.425,76.35,0.0,0.0,0.0,437.0,0.2876,0.7842,0.0027,1.1124,-0.0265,2.341,77.7733,0.0,0.0,0.0,76.5,up,2026-09-21T13:52:38,118.0,27.0
AAPL,2027-12-17,450,Put,295.0,AAPL271217P00295000,16.7,17.55,17.125,16.65,-0.15,-0.892858,100.0,745.0,0.2934,-0.2325,0.003,1.141,-0.0374,-0.9247,16.8281,16.5,16.65,16.5,16.8000001907349,no_change,2026-09-22T14:50:39,28.0,40.0
AAPL,2027-12-17,450,Call,300.0,AAPL271217C00300000,72.9,75.6,74.25,74.4,0.625,0.847168,14.0,8569.0,0.2874,0.7694,0.0028,1.1537,-0.028,2.3209,74.4212,75.88,76.21,73.95,73.7750015258789,down,2026-09-22T15:51:26,200.0,73.0
AAPL,2027-12-17,450,Put,300.0,AAPL271217P00300000,18.1,18.75,18.425,17.73,-0.62,-3.37874,31.0,1924.0,0.2902,-0.2489,0.0031,1.1847,-0.0386,-0.9841,18.2736,17.4,18.25,17.1,18.3499994277954,up,2026-09-22T12:36:16,28.0,17.0
AAPL,2027-12-17,450,Call,305.0,AAPL271217C00305000,69.35,72.35,70.85,72.28,1.705,2.41587,3.0,757.0,0.2846,0.7543,0.0029,1.1941,-0.0295,2.2965,71.1524,72.5,72.5,72.28,70.5750007629394,down,2026-09-22T14:28:08,239.0,155.0
AAPL,2027-12-17,450,Put,305.0,AAPL271217P00305000,19.35,20.3,19.825000000000003,19.75,-0.2,-1.00251,29.0,378.0,0.2872,-0.266,0.0032,1.2228,-0.0399,-1.0417,19.8166,19.72,19.75,19.72,19.9500007629395,up,2026-09-22T15:02:54,27.0,15.0
AAPL,2027-12-17,450,Call,310.0,AAPL271217C00310000,67.1,69.25,68.175,67.5,0.375,0.558659,14.0,6416.0,0.2871,0.7386,0.003,1.2324,-0.0309,2.2696,67.9693,70.25,70.25,67.5,67.125,down,2026-09-22T15:57:21,41.0,128.0
AAPL,2027-12-17,450,Put,310.0,AAPL271217P00310000,21.0,22.05,21.525,20.8,-0.8,-3.70371,2.0,3604.0,0.286,-0.2836,0.0034,1.2604,-0.0411,-1.0964,21.4521,21.15,21.15,20.8,21.6000003814697,down,2026-09-22T12:58:38,40.0,60.0
AAPL,2027-12-17,450,Call,315.0,AAPL271217C00315000,63.25,65.55,64.4,65.62,1.57,2.45121,5.0,782.0,0.28,0.7225,0.0031,1.2686,-0.0322,2.2409,64.8723,66.0,66.0,65.62,64.0499992370606,down,2026-09-22T13:55:04,141.0,33.0
AAPL,2027-12-17,450,Put,315.0,AAPL271217P00315000,22.75,23.55,23.15,22.95,-0.575,-2.44421,6.0,355.0,0.2835,-0.302,0.0035,1.2933,-0.0422,-1.1443,23.1889,22.62,22.95,22.4,23.5250005722046,up,2026-09-22T12:10:53,44.0,31.0
AAPL,2027-12-17,450,Call,320.0,AAPL271217C00320000,59.9,63.4,61.65,63.35,2.35,3.85246,7.0,3979.0,0.2806,0.706,0.0032,1.303,-0.0334,2.2086,61.8629,64.0,64.0,62.65,61.0,up,2026-09-22T10:55:50,247.0,150.0
AAPL,2027-12-17,450,Put,320.0,AAPL271217P00320000,24.55,25.55,25.05,26.4,0.0,0.0,0.0,487.0,0.2824,-0.3209,0.0037,1.3269,-0.0433,-1.2077,25.0263,0.0,0.0,0.0,25.3250007629395,down,2026-09-18T09:32:26,52.0,47.0
AAPL,2027-12-17,450,Call,325.0,AAPL271217C00325000,58.35,60.35,59.35,56.2,0.0,0.0,0.0,593.0,0.2839,0.6891,0.0033,1.3354,-0.0346,2.1724,58.9319,0.0,0.0,0.0,58.125,down,2026-09-18T15:45:56,10.0,105.0
AAPL,2027-12-17,450,Put,325.0,AAPL271217P00325000,26.5,27.9,27.2,26.1,-1.075,-3.95584,12.0,786.0,0.2824,-0.3403,0.0038,1.3554,-0.0443,-1.2646,26.9662,27.4,27.4,26.1,27.1750001907349,no_change,2026-09-22T12:08:11,32.0,127.0
AAPL,2027-12-17,450,Call,330.0,AAPL271217C00330000,55.45,57.3,56.375,57.2,1.825,3.29571,32.0,1408.0,0.2813,0.6719,0.0034,1.365,-0.0357,2.1349,56.1044,58.22,58.4,55.76,55.375,down,2026-09-22T13:39:17,15.0,109.0
AAPL,2027-12-17,450,Put,330.0,AAPL271217P00330000,28.5,29.45,28.975,28.75,-0.725,-2.45971,3.0,265.0,0.279,-0.3602,0.004,1.3802,-0.0453,-1.3048,29.0129,28.42,28.75,28.12,29.4750003814697,up,2026-09-22T15:12:49,34.0,28.0
AAPL,2027-12-17,450,Call,335.0,AAPL271217C00335000,52.15,54.35,53.25,55.24,2.34,4.42344,15.0,2468.0,0.2771,0.6544,0.0035,1.3919,-0.0367,2.096,53.3675,55.89,55.89,54.45,52.8999996185303,up,2026-09-22T12:30:34,169.0,76.0
AAPL,2027-12-17,450,Put,335.0,AAPL271217P00335000,30.5,32.35,31.425,31.42,0.0,0.0,0.0,77.0,0.28,-0.3808,0.0041,1.4022,-0.0462,-1.3602,31.1662,0.0,0.0,0.0,31.5,up,2026-09-21T14:36:23,17.0,125.0
AAPL,2027-12-17,450,Call,340.0,AAPL271217C00340000,49.55,51.55,50.55,52.48,2.055,4.07536,339.0,2242.0,0.2754,0.6368,0.0036,1.4163,-0.0375,2.0537,50.7222,52.48,53.06,51.1,50.4250011444092,down,2026-09-22T12:31:56,97.0,54.0
AAPL,2027-12-17,450,Put,340.0,AAPL271217P00340000,33.25,34.45,33.85,33.32,-0.305,-0.907063,24.0,2733.0,0.2796,-0.4017,0.0042,1.4211,-0.047,-1.4157,33.4296,33.45,33.45,32.37,33.625,up,2026-09-22T15:46:30,10.0,110.0
AAPL,2027-12-17,450,Call,345.0,AAPL271217C00345000,47.5,48.65,48.075,49.6,2.1,4.42105,29.0,727.0,0.2748,0.6189,0.0037,1.4379,-0.0383,2.0088,48.1703,47.98,50.05,47.98,47.5,down,2026-09-22T13:13:44,28.0,19.0
AAPL,2027-12-17,450,Put,345.0,AAPL271217P00345000,35.05,36.85,35.95,38.18,0.0,0.0,0.0,61.0,0.2765,-0.4229,0.0043,1.4347,-0.0477,-1.4569,35.7971,0.0,0.0,0.0,36.125,no_change,2026-09-17T14:18:26,26.0,80.0
AAPL,2027-12-17,450,Call,350.0,AAPL271217C00350000,44.9,46.35,45.625,46.77,1.57,3.47345,44.0,1662.0,0.2737,0.6008,0.0037,1.4563,-0.039,1.9634,45.711,45.95,49.35,45.67,45.2000007629394,down,2026-09-22T13:48:51,37.0,16.0
AAPL,2027-12-17,450,Put,350.0,AAPL271217P00350000,37.7,39.05,38.375,37.15,-1.3,-3.38102,5.0,418.0,0.2749,-0.4447,0.0045,1.4411,-0.0484,-1.4862,38.2863,37.17,37.17,37.15,38.4500007629394,no_change,2026-09-22T11:01:06,28.0,52.0
AAPL,2027-12-17,450,Call,355.0,AAPL271217C00355000,42.9,44.15,43.525,40.15,0.0,0.0,0.0,2240.0,0.2744,0.5827,0.0038,1.4718,-0.0396,1.9169,43.3431,0.0,0.0,0.0,43.0249996185303,down,2026-09-21T09:37:43,26.0,11.0
AAPL,2027-12-17,450,Put,355.0,AAPL271217P00355000,40.05,42.15,41.099999999999994,45.75,0.0,0.0,0.0,63.0,0.2747,-0.4668,0.0046,1.4478,-0.049,-1.5347,40.8751,0.0,0.0,0.0,41.0750007629394,up,2026-09-11T15:04:44,10.0,88.0
AAPL,2027-12-17,450,Call,360.0,AAPL271217C00360000,40.55,41.75,41.15,41.2,0.625,1.54036,18.0,1299.0,0.2727,0.5645,0.0038,1.4842,-0.0401,1.8678,41.0666,41.97,42.81,41.0,40.5749988555908,up,2026-09-22T15:58:31,28.0,67.0
AAPL,2027-12-17,450,Put,360.0,AAPL271217P00360000,43.4,44.45,43.925,47.4,0.0,0.0,0.0,272.0,0.2745,-0.4891,0.0047,1.451,-0.0495,-1.582,43.5881,0.0,0.0,0.0,43.9750003814697,down,2026-09-11T13:33:53,5.0,49.0
AAPL,2027-12-17,450,Call,365.0,AAPL271217C00365000,38.3,39.25,38.775,39.31,0.885,2.30318,51.0,1534.0,0.2704,0.5464,0.0039,1.4936,-0.0404,1.8172,38.8916,39.78,39.8,39.31,38.4250011444092,down,2026-09-22T14:21:59,40.0,10.0
AAPL,2027-12-17,450,Put,365.0,AAPL271217P00365000,45.45,47.05,46.25,56.45,0.0,0.0,0.0,90.0,0.2701,-0.5116,0.0048,1.4439,-0.0499,-1.595,46.3946,0.0,0.0,0.0,46.2250003814697,no_change,2026-07-20T09:54:55,30.0,34.0
AAPL,2027-12-17,450,Call,370.0,AAPL271217C00370000,36.35,37.2,36.775000000000006,38.24,1.94,5.34435,13.0,1257.0,0.2701,0.5282,0.0039,1.4998,-0.0407,1.7666,36.7882,39.52,39.52,36.47,36.3000011444092,up,2026-09-22T12:39:59,20.0,11.0
AAPL,2027-12-17,450,Put,370.0,AAPL271217P00370000,48.4,50.2,49.3,59.35,0.0,0.0,0.0,95.0,0.2699,-0.5347,0.0049,1.4284,-0.0503,-1.5976,49.348,0.0,0.0,0.0,49.625,down,2026-09-01T13:56:16,19.0,52.0
AAPL,2027-12-17,450,Call,375.0,AAPL271217C00375000,34.2,35.2,34.7,34.99,0.64,1.86318,9.0,1192.0,0.2686,0.5101,0.0039,1.5031,-0.0409,1.7159,34.7821,34.37,36.77,34.37,34.3499984741211,down,2026-09-22T15:02:51,62.0,41.0
AAPL,2027-12-17,450,Put,375.0,AAPL271217P00375000,51.25,53.55,52.4,52.1,-0.625,-1.18539,11.0,106.0,0.2694,-0.5578,0.005,1.4195,-0.0505,-1.6408,52.3943,52.1,52.1,52.1,52.7249984741211,no_change,2026-09-22T15:03:08,46.0,136.0
AAPL,2027-12-17,450,Call,380.0,AAPL271217C00380000,32.3,33.3,32.8,34.03,1.73,5.35604,23.0,751.0,0.2681,0.4921,0.0039,1.5033,-0.041,1.6632,32.8636,35.39,35.39,34.03,32.3000001907349,down,2026-09-22T12:13:32,50.0,30.0
AAPL,2027-12-17,450,Put,380.0,AAPL271217P00380000,54.35,56.4,55.375,54.05,-1.55,-2.78777,2.0,43.0,0.2673,-0.5806,0.005,1.4054,-0.0506,-1.6632,55.5356,53.95,54.05,53.95,55.6000003814697,up,2026-09-22T12:00:15,46.0,38.0
AAPL,2027-12-17,450,Call,385.0,AAPL271217C00385000,30.45,31.5,30.975,30.34,0.0,0.0,0.0,513.0,0.2673,0.4743,0.0039,1.5004,-0.041,1.6098,31.0321,0.0,0.0,0.0,30.5500001907349,up,2026-09-21T14:56:53,34.0,32.0
AAPL,2027-12-17,450,Put,385.0,AAPL271217P00385000,56.95,60.85,58.900000000000006,57.9,-1.325,-2.23723,2.0,32.0,0.2734,-0.604,0.0051,1.3737,-0.0508,-1.6282,58.8012,57.9,57.9,57.9,59.2249984741211,no_change,2026-09-22T14:39:48,9.0,103.0
AAPL,2027-12-17,450,Call,390.0,AAPL271217C00390000,28.7,29.75,29.225,29.85,0.975,3.37662,122.0,1057.0,0.2666,0.4568,0.0039,1.495,-0.0409,1.5575,29.2851,31.5,31.5,29.85,28.875,down,2026-09-22T14:38:47,25.0,28.0
AAPL,2027-12-17,450,Put,390.0,AAPL271217P00390000,60.8,64.2,62.5,61.0,-1.65,-2.63368,34.0,8.0,0.2692,-0.6276,0.0052,1.3322,-0.0508,-1.6192,62.2102,60.95,61.1,60.95,62.6499996185303,down,2026-09-22T13:47:13,110.0,185.0
AAPL,2027-12-17,450,Call,395.0,AAPL271217C00395000,27.05,28.1,27.575000000000003,27.58,0.455,1.67742,40.0,759.0,0.2658,0.4394,0.0039,1.4869,-0.0407,1.5056,27.6198,27.6,27.6,27.57,27.125,no_change,2026-09-22T10:39:45,40.0,38.0
AAPL,2027-12-17,450,Put,395.0,AAPL271217P00395000,64.15,67.7,65.92500000000001,77.55,0.0,0.0,0.0,77.0,0.2681,-0.6508,0.0052,1.3086,-0.0507,-1.6378,65.6882,0.0,0.0,0.0,65.8500022888184,down,2026-09-01T11:24:05,91.0,142.0
AAPL,2027-12-17,450,Call,400.0,AAPL271217C00400000,25.55,26.4,25.975,26.2,0.55,2.14425,33.0,5554.0,0.2651,0.4223,0.0039,1.476,-0.0404,1.4527,26.0346,28.2,28.2,25.78,25.6499996185303,up,2026-09-22T15:09:23,34.0,18.0
AAPL,2027-12-17,450,Put,400.0,AAPL271217P00400000,67.85,70.2,69.025,74.15,0.0,0.0,0.0,89.0,0.2637,-0.6739,0.0053,1.2774,-0.0506,-1.6067,69.2736,0.0,0.0,0.0,69.75,down,2026-09-14T09:55:06,82.0,56.0
AAPL,2027-12-17,450,Call,405.0,AAPL271217C00405000,24.0,25.0,24.5,25.0,0.875,3.62694,2.0,506.0,0.2647,0.4056,0.0039,1.4624,-0.0401,1.3995,24.5284,25.0,25.0,25.0,24.125,up,2026-09-22T09:30:17,29.0,62.0
AAPL,2027-12-17,450,Put,405.0,AAPL271217P00405000,71.4,74.5,72.95,73.45,0.0,0.0,0.0,72.0,0.2648,-0.6976,0.0054,1.2172,-0.0507,-1.5395,72.98,0.0,0.0,0.0,73.1000022888184,down,2026-09-21T12:58:19,109.0,113.0
AAPL,2027-12-17,450,Call,410.0,AAPL271217C00410000,22.45,23.6,23.025,23.19,0.515,2.27122,15.0,246.0,0.264,0.3892,0.0038,1.4469,-0.0397,1.3482,23.1052,23.1,23.19,23.1,22.6750001907349,no_change,2026-09-22T15:44:27,54.0,10.0
AAPL,2027-12-17,450,Put,410.0,AAPL271217P00410000,76.2,77.4,76.80000000000001,76.75,-0.6,-0.775693,66.0,5.0,0.2644,-0.7207,0.0054,1.1516,-0.0502,-1.513,76.8111,75.7,76.75,75.7,77.3499984741211,no_change,2026-09-22T15:55:36,17.0,26.0
AAPL,2027-12-17,450,Call,415.0,AAPL271217C00415000,21.05,22.3,21.675,22.4,1.05,4.91803,3.0,176.0,0.2635,0.3731,0.0038,1.4294,-0.0392,1.298,21.7479,22.4,22.4,22.4,21.3500003814697,up,2026-09-22T12:36:48,39.0,24.0
AAPL,2027-12-17,450,Put,415.0,AAPL271217P00415000,79.1,82.7,80.9,79.85,-1.35,-1.66256,2.0,0.0,0.2656,-0.7439,0.0054,1.1112,-0.0499,-1.4863,80.7251,79.75,79.85,79.75,81.2000007629394,up,2026-09-22T14:05:07,110.0,157.0
AAPL,2027-12-17,450,Call,420.0,AAPL271217C00420000,19.95,20.9,20.424999999999997,20.75,0.7,3.49127,405.0,550.0,0.2633,0.3574,0.0038,1.4095,-0.0387,1.2472,20.4553,21.4,21.4,20.5,20.0500001907349,no_change,2026-09-22T15:04:05,33.0,20.0
AAPL,2027-12-17,450,Put,420.0,AAPL271217P00420000,83.7,85.95,84.825,82.8,-2.35,-2.75983,2.0,16.0,0.2645,-0.767,0.0055,1.0654,-0.0497,-1.4171,84.7237,82.75,82.8,82.75,85.1499977111816,up,2026-09-22T11:59:20,76.0,165.0
AAPL,2027-12-17,450,Call,425.0,AAPL271217C00425000,18.7,19.7,19.2,18.7,0.0,0.0,0.0,389.0,0.2628,0.3421,0.0037,1.3877,-0.0381,1.1971,19.2439,0.0,0.0,0.0,18.9499998092651,up,2026-09-16T09:39:02,33.0,16.0
AAPL,2027-12-17,450,Put,425.0,AAPL271217P00425000,87.25,90.8,89.025,89.7,0.0,0.0,0.0,5.0,0.265,-0.791,0.0056,0.9678,-0.0497,-1.3175,88.8516,0.0,0.0,0.0,89.5250015258789,down,2026-09-21T14:48:14,113.0,115.0
AAPL,2027-12-17,450,Call,430.0,AAPL271217C00430000,17.6,18.55,18.075000000000003,18.66,0.91,5.12676,7.0,627.0,0.2626,0.3272,0.0036,1.364,-0.0374,1.148,18.0876,18.1,18.9,18.1,17.75,down,2026-09-22T12:00:25,27.0,30.0
AAPL,2027-12-17,450,Put,430.0,AAPL271217P00430000,91.7,95.0,93.35,92.15,-1.4,-1.49653,5.0,0.0,0.2658,-0.8135,0.0056,0.8924,-0.0491,-1.2464,93.0807,90.07,92.15,90.07,93.5500030517578,up,2026-09-22T14:05:23,109.0,134.0
AAPL,2027-12-17,450,Call,435.0,AAPL271217C00435000,16.5,17.45,16.975,16.17,0.0,0.0,0.0,364.0,0.2622,0.3127,0.0036,1.3395,-0.0368,1.1012,17.0001,0.0,0.0,0.0,16.6999998092651,up,2026-09-11T10:15:44,20.0,26.0
AAPL,2027-12-17,450,Put,435.0,AAPL271217P00435000,95.8,99.3,97.55,94.38,-3.345,-3.42287,3.0,0.0,0.2644,-0.8353,0.0056,0.8306,-0.0485,-1.1259,97.391,94.38,94.38,94.38,97.7249984741211,no_change,2026-09-22T11:23:31,150.0,186.0
AAPL,2027-12-17,450,Call,440.0,AAPL271217C00440000,15.5,16.4,15.95,17.04,1.39,8.88179,4.0,7507.0,0.2619,0.2987,0.0035,1.3137,-0.036,1.0552,15.9728,16.1,17.04,16.1,15.6500000953674,no_change,2026-09-22T11:19:01,54.0,62.0
AAPL,2027-12-17,450,Put,440.0,AAPL271217P00440000,100.2,103.7,101.95,100.5,-1.65,-1.61527,4.0,0.0,0.2643,-0.8582,0.0056,0.7549,-0.0485,-1.0707,101.7849,100.2,100.5,100.2,102.149997711182,no_change,2026-09-22T14:19:39,148.0,183.0
AAPL,2027-12-17,450,Call,450.0,AAPL271217C00450000,13.6,14.5,14.05,14.73,0.955,6.93285,8.0,2970.0,0.2612,0.2721,0.0034,1.2574,-0.0345,0.9647,14.0911,14.12,15.0,14.12,13.7750000953674,up,2026-09-22T13:01:49,34.0,33.0
AAPL,2027-12-17,450,Put,450.0,AAPL271217P00450000,109.3,112.2,110.75,110.1,-1.25,-1.12259,2.0,0.0,0.2582,-0.9054,0.0058,0.5361,-0.0502,-0.7857,110.9142,110.1,110.1,110.1,111.350002288818,no_change,2026-09-22T15:33:43,105.0,110.0
AAPL,2027-12-17,450,Call,460.0,AAPL271217C00460000,12.1,12.95,12.524999999999999,13.0,0.95,7.88382,56.0,536.0,0.262,0.2472,0.0032,1.1989,-0.0329,0.8816,12.4221,13.0,13.0,13.0,12.0500001907349,no_change,2026-09-22T12:23:19,5.0,27.0
AAPL,2027-12-17,450,Put,460.0,AAPL271217P00460000,118.75,121.6,120.175,124.1,0.0,0.0,0.0,0.0,0.0,-0.9436,0.0054,0.3785,-0.0471,-0.4773,120.3268,0.0,0.0,0.0,121.224998474121,up,2026-07-27T12:11:38,129.0,126.0
AAPL,2027-12-17,450,Call,470.0,AAPL271217C00470000,10.65,11.3,10.975000000000001,10.3,0.0,0.0,0.0,132.0,0.2612,0.2242,0.003,1.1377,-0.0312,0.8023,10.9444,0.0,0.0,0.0,10.5999999046326,down,2026-09-18T12:36:08,5.0,11.0
AAPL,2027-12-17,450,Put,470.0,AAPL271217P00470000,128.7,132.15,130.425,0.0,0.0,0.0,0.0,0.0,0.2777,-0.9712,0.0032,0.0408,-0.0463,0.0,130.1892,0.0,0.0,0.0,130.699996948242,no_change,,81.0,80.0
AAPL,2027-12-17,450,Call,480.0,AAPL271217C00480000,9.35,9.9,9.625,10.11,0.0,0.0,0.0,122.0,0.2607,0.2031,0.0029,1.0752,-0.0294,0.7292,9.6411,0.0,0.0,0.0,9.34999990463257,up,2026-09-11T11:24:34,5.0,5.0
AAPL,2027-12-17,450,Put,480.0,AAPL271217P00480000,138.7,142.15,140.425,0.0,0.0,0.0,0.0,0.0,0.2905,-0.991,0.001,0.0,-0.0463,0.0,140.1892,0.0,0.0,0.0,140.724998474121,no_change,,76.0,81.0
AAPL,2027-12-17,450,Call,490.0,AAPL271217C00490000,7.95,8.95,8.45,8.5,0.3,3.65854,1.0,297.0,0.2604,0.1836,0.0027,1.0136,-0.0277,0.6621,8.4915,8.5,8.5,8.5,8.20000004768372,up,2026-09-22T09:47:42,66.0,38.0
AAPL,2027-12-17,450,Put,490.0,AAPL271217P00490000,148.7,151.9,150.3,0.0,0.0,0.0,0.0,0.0,0.2986,-1.0,0.0,0.0,-0.0463,0.0,150.1892,0.0,0.0,0.0,151.099998474121,no_change,,83.0,79.0
AAPL,2027-12-17,450,Call,500.0,AAPL271217C00500000,7.15,7.8,7.475,8.05,0.825,11.4187,1.0,843.0,0.2608,0.1659,0.0025,0.9512,-0.026,0.599,7.4808,8.05,8.05,8.05,7.22500014305115,up,2026-09-22T09:32:52,34.0,72.0
AAPL,2027-12-17,450,Put,500.0,AAPL271217P00500000,158.7,161.95,160.325,0.0,0.0,0.0,0.0,0.0,0.3115,-1.0,0.0,0.0,-0.0463,0.0,160.1892,0.0,0.0,0.0,161.074996948242,no_change,,83.0,79.0
AAPL,2027-12-17,450,Call,510.0,AAPL271217C00510000,6.25,6.9,6.575,5.65,0.0,0.0,0.0,430.0,0.2609,0.1497,0.0024,0.8911,-0.0243,0.5426,6.5928,0.0,0.0,0.0,6.32500004768372,up,2026-09-10T15:28:13,29.0,18.0
AAPL,2027-12-17,450,Put,510.0,AAPL271217P00510000,168.7,171.9,170.3,0.0,0.0,0.0,0.0,0.0,0.3223,-1.0,0.0,0.0,-0.0463,0.0,170.1892,0.0,0.0,0.0,170.724998474121,no_change,,83.0,79.0
AAPL,2027-12-17,450,Call,520.0,AAPL271217C00520000,5.6,6.2,5.9,5.75,0.2,3.6036,13.0,65.0,0.2624,0.135,0.0022,0.8328,-0.0227,0.4904,5.8125,6.0,6.0,5.75,5.54999995231628,down,2026-09-22T15:55:00,16.0,72.0
AAPL,2027-12-17,450,Put,520.0,AAPL271217P00520000,178.7,182.15,180.425,0.0,0.0,0.0,0.0,0.0,0.3382,-1.0,0.0,0.0,-0.0463,0.0,180.1892,0.0,0.0,0.0,180.900001525879,no_change,,82.0,81.0
AAPL,2027-12-17,450,Call,530.0,AAPL271217C00530000,4.9,5.45,5.175000000000001,5.25,0.0,0.0,0.0,344.0,0.2623,0.1217,0.002,0.7758,-0.0212,0.4426,5.1287,0.0,0.0,0.0,4.85000014305115,up,2026-09-17T15:36:17,5.0,5.0
AAPL,2027-12-17,450,Put,530.0,AAPL271217P00530000,188.65,192.1,190.375,0.0,0.0,0.0,0.0,0.0,0.3476,-1.0,0.0,0.0,-0.0463,0.0,190.1892,0.0,0.0,0.0,190.724998474121,no_change,,83.0,80.0
AAPL,2027-12-17,450,Call,540.0,AAPL271217C00540000,4.15,4.9,4.525,4.35,0.0,0.0,0.0,167.0,0.262,0.1097,0.0019,0.7226,-0.0197,0.4003,4.5302,0.0,0.0,0.0,4.29999995231628,up,2026-09-21T12:38:05,12.0,33.0
AAPL,2027-12-17,450,Put,540.0,AAPL271217P00540000,198.7,201.95,200.325,0.0,0.0,0.0,0.0,0.0,0.3567,-1.0,0.0,0.0,-0.0463,0.0,200.1892,0.0,0.0,0.0,200.724998474121,no_change,,82.0,80.0
AAPL,2027-12-17,450,Call,550.0,AAPL271217C00550000,3.75,4.2,3.975,3.79,0.0,0.0,0.0,776.0,0.2621,0.0988,0.0018,0.6714,-0.0183,0.3609,4.0018,0.0,0.0,0.0,3.77499997615814,no_change,2026-09-18T13:51:47,1.0,6.0
AAPL,2027-12-17,450,Put,550.0,AAPL271217P00550000,208.7,211.95,210.325,0.0,0.0,0.0,0.0,0.0,0.3673,-1.0,0.0,0.0,-0.0463,0.0,210.1892,0.0,0.0,0.0,210.724998474121,no_change,,83.0,80.0
AAPL,2027-12-17,450,Call,560.0,AAPL271217C00560000,3.2,3.9,3.55,3.45,0.0,0.0,0.0,31.0,0.2632,0.0891,0.0016,0.6226,-0.017,0.3255,3.5416,0.0,0.0,0.0,3.35000002384186,up,2026-09-01T10:26:35,52.0,102.0
AAPL,2027-12-17,450,Put,560.0,AAPL271217P00560000,218.65,222.15,220.4,0.0,0.0,0.0,0.0,0.0,0.3805,-1.0,0.0,0.0,-0.0463,0.0,220.1892,0.0,0.0,0.0,220.925003051758,no_change,,75.0,88.0
AAPL,2027-12-17,450,Call,570.0,AAPL271217C00570000,3.0,3.25,3.125,3.17,0.165,5.49085,4.0,37.0,0.2634,0.0803,0.0015,0.5772,-0.0157,0.2941,3.135,3.17,3.17,3.17,3.00499999523163,no_change,2026-09-22T14:41:12,16.0,18.0
AAPL,2027-12-17,450,Put,570.0,AAPL271217P00570000,228.7,232.15,230.425,0.0,0.0,0.0,0.0,0.0,0.3916,-1.0,0.0,0.0,-0.0463,0.0,230.1892,0.0,0.0,0.0,230.875,no_change,,5.0,88.0
AAPL,2027-12-17,450,Call,580.0,AAPL271217C00580000,2.5,3.1,2.8,2.7,0.0,0.0,0.0,21.0,0.2646,0.0724,0.0014,0.5348,-0.0145,0.2653,2.7788,0.0,0.0,0.0,2.65499997138977,up,2026-09-03T10:40:50,10.0,100.0
AAPL,2027-12-17,450,Put,580.0,AAPL271217P00580000,238.65,242.15,240.4,0.0,0.0,0.0,0.0,0.0,0.4007,-1.0,0.0,0.0,-0.0463,0.0,240.1892,0.0,0.0,0.0,240.875,no_change,,5.0,88.0
AAPL,2027-12-17,450,Call,590.0,AAPL271217C00590000,2.3,2.63,2.465,2.8,0.0,0.0,0.0,74.0,0.2648,0.0652,0.0013,0.4944,-0.0134,0.2392,2.4661,0.0,0.0,0.0,2.43999993801117,up,2026-09-11T11:30:43,22.0,27.0
AAPL,2027-12-17,450,Put,590.0,AAPL271217P00590000,248.7,252.15,250.425,0.0,0.0,0.0,0.0,0.0,0.4114,-1.0,0.0,0.0,-0.0463,0.0,250.1892,0.0,0.0,0.0,250.875,no_change,,5.0,88.0
AAPL,2027-12-17,450,Call,600.0,AAPL271217C00600000,1.94,2.31,2.125,2.23,0.115,5.43735,25.0,609.0,0.264,0.0589,0.0012,0.4571,-0.0124,0.2162,2.1911,2.3,2.32,2.1,2.11500000953674,up,2026-09-22T13:23:41,71.0,28.0
AAPL,2027-12-17,450,Put,600.0,AAPL271217P00600000,258.4,262.15,260.275,0.0,0.0,0.0,0.0,0.0,0.4152,-1.0,0.0,0.0,-0.0463,0.0,260.1892,0.0,0.0,0.0,260.699996948242,no_change,,73.0,87.0
AAPL,2028-01-21,485,Call,5.0,AAPL280121C00005000,332.95,336.85,334.9,325.76,0.0,0.0,0.0,58.0,0.0,1.0,0.0,0.0004,0.0,0.0197,335.2089,0.0,0.0,0.0,334.300003051758,down,2026-09-15T12:27:19,12.0,12.0
AAPL,2028-01-21,485,Put,5.0,AAPL280121P00005000,0.0,0.06,0.03,0.01,0.0,0.0,0.0,274.0,1.308,0.0,0.0,0.0005,0.0,-0.0002,0.0033,0.0,0.0,0.0,0.0299999993294477,no_change,2026-08-26T11:49:14,0.0,3.0
AAPL,2028-01-21,485,Call,10.0,AAPL280121C00010000,328.05,331.95,330.0,303.35,0.0,0.0,0.0,24.0,0.0,1.0,0.0,0.0004,0.0,0.0468,330.3027,0.0,0.0,0.0,329.424987792969,up,2026-08-07T13:47:58,11.0,11.0
AAPL,2028-01-21,485,Put,10.0,AAPL280121P00010000,0.0,0.48,0.24,0.03,0.0,0.0,0.0,34.0,1.3481,-0.0001,0.0,0.0011,-0.0001,-0.0004,0.0071,0.0,0.0,0.0,0.140000000596046,up,2026-06-10T11:17:12,0.0,107.0
AAPL,2028-01-21,485,Call,15.0,AAPL280121C00015000,323.3,327.2,325.25,245.12,0.0,0.0,0.0,0.0,0.0,1.0,0.0,0.0005,0.0,0.0827,325.4181,0.0,0.0,0.0,324.649993896484,up,2026-02-19T15:28:14,11.0,11.0
AAPL,2028-01-21,485,Put,15.0,AAPL280121P00015000,0.0,0.51,0.255,0.03,0.0,0.0,0.0,369.0,1.1841,-0.0001,0.0,0.0018,-0.0001,-0.0006,0.0116,0.0,0.0,0.0,0.140000000596046,no_change,2026-06-01T14:22:00,0.0,125.0
AAPL,2028-01-21,485,Call,20.0,AAPL280121C00020000,318.6,322.5,320.55,308.2,0.0,0.0,0.0,8.0,0.0,1.0,0.0,0.0017,0.0,0.1248,320.565,0.0,0.0,0.0,319.949996948242,down,2026-07-21T11:25:38,11.0,11.0
AAPL,2028-01-21,485,Put,20.0,AAPL280121P00020000,0.0,0.49,0.245,0.05,0.0,0.0,0.0,316.0,1.0603,-0.0002,0.0,0.0027,-0.0002,-0.001,0.017,0.0,0.0,0.0,0.230000004172325,up,2026-06-10T11:01:07,0.0,142.0
AAPL,2028-01-21,485,Call,25.0,AAPL280121C00025000,313.9,317.5,315.7,314.0,0.0,0.0,0.0,10.0,0.7483,1.0,0.0,0.0039,0.0,0.1846,315.7304,0.0,0.0,0.0,315.199996948242,down,2026-09-21T13:00:09,11.0,1.0
AAPL,2028-01-21,485,Put,25.0,AAPL280121P00025000,0.0,0.47,0.235,0.07,0.0,0.0,0.0,580.0,0.967,-0.0003,0.0,0.0038,-0.0003,-0.0014,0.0232,0.0,0.0,0.0,0.144999995827675,no_change,2026-05-04T15:15:59,0.0,125.0
AAPL,2028-01-21,485,Call,30.0,AAPL280121C00030000,308.0,313.0,310.5,229.09,0.0,0.0,0.0,12.0,0.8744,1.0,0.0,0.0059,0.0,0.3062,310.9539,0.0,0.0,0.0,310.600006103516,down,2026-04-09T11:52:31,75.0,1.0
AAPL,2028-01-21,485,Put,30.0,AAPL280121P00030000,0.0,0.43,0.215,0.02,0.0,0.0,0.0,397.0,0.8872,-0.0004,0.0,0.0051,-0.0004,-0.0019,0.0303,0.0,0.0,0.0,0.144999995827675,down,2026-09-10T14:31:49,0.0,107.0
AAPL,2028-01-21,485,Call,35.0,AAPL280121C00035000,304.45,308.5,306.475,241.75,0.0,0.0,0.0,4.0,0.8598,1.0,0.0,0.0075,0.0,0.4067,306.2372,0.0,0.0,0.0,305.924987792969,down,2026-02-11T09:45:54,75.0,1.0
AAPL,2028-01-21,485,Put,35.0,AAPL280121P00035000,0.0,0.4,0.2,0.05,0.0,0.0,0.0,75.0,0.8226,-0.0005,0.0,0.0066,-0.0004,-0.0024,0.0383,0.0,0.0,0.0,0.150000005960464,no_change,2026-06-17T13:33:59,0.0,107.0
AAPL,2028-01-21,485,Call,40.0,AAPL280121C00040000,299.75,303.5,301.625,252.2,0.0,0.0,0.0,15.0,0.7699,1.0,0.0,0.0089,0.0,0.4879,301.5492,0.0,0.0,0.0,301.225006103516,up,2026-05-08T12:46:39,75.0,1.0
AAPL,2028-01-21,485,Put,40.0,AAPL280121P00040000,0.0,0.36,0.18,0.01,0.0,0.0,0.0,86.0,0.7645,-0.0006,0.0,0.0082,-0.0005,-0.0031,0.0475,0.0,0.0,0.0,0.150000005960464,down,2026-09-09T15:24:05,0.0,107.0
AAPL,2028-01-21,485,Call,45.0,AAPL280121C00045000,295.1,299.0,297.05,262.25,0.0,0.0,0.0,4.0,0.761,1.0,0.0,0.0105,0.0,0.5584,296.8748,0.0,0.0,0.0,296.575012207031,down,2026-08-10T12:32:32,75.0,1.0
AAPL,2028-01-21,485,Put,45.0,AAPL280121P00045000,0.0,0.33,0.165,0.1,0.0,0.0,0.0,13.0,0.7155,-0.0007,0.0,0.0101,-0.0006,-0.0038,0.0578,0.0,0.0,0.0,0.125,down,2026-08-18T12:27:41,0.0,180.0
AAPL,2028-01-21,485,Call,50.0,AAPL280121C00050000,290.4,294.5,292.45,285.65,0.0,0.0,0.0,129.0,0.7316,1.0,0.0,0.0124,0.0,0.625,292.2072,0.0,0.0,0.0,291.875,down,2026-09-14T14:01:26,75.0,1.0
AAPL,2028-01-21,485,Put,50.0,AAPL280121P00050000,0.04,0.11,0.075,0.06,0.0,0.0,0.0,2629.0,0.6248,-0.0009,0.0,0.0122,-0.0007,-0.0047,0.0692,0.0,0.0,0.0,0.0749999992549419,down,2026-09-14T10:05:30,1.0,10.0
AAPL,2028-01-21,485,Call,60.0,AAPL280121C00060000,281.2,285.0,283.1,249.74,0.0,0.0,0.0,5.0,0.658,1.0,0.0,0.0172,0.0,0.7509,282.8829,0.0,0.0,0.0,282.550003051758,down,2026-08-10T10:25:23,75.0,1.0
AAPL,2028-01-21,485,Put,60.0,AAPL280121P00060000,0.01,0.18,0.095,0.17,0.0,0.0,0.0,94.0,0.5806,-0.0013,0.0,0.0173,-0.001,-0.0068,0.0964,0.0,0.0,0.0,0.09500000346452,up,2026-08-10T10:12:40,10.0,108.0
AAPL,2028-01-21,485,Call,70.0,AAPL280121C00070000,271.85,276.0,273.925,274.22,1.02,0.373354,15.0,154.0,0.5877,0.9996,0.0,0.0232,0.0,0.8741,273.5677,274.22,274.22,274.22,273.199996948242,up,2026-09-22T15:39:55,75.0,1.0
AAPL,2028-01-21,485,Put,70.0,AAPL280121P00070000,0.0,0.21,0.105,0.14,0.0,0.0,0.0,68.0,0.5593,-0.0018,0.0,0.0235,-0.0012,-0.0094,0.1301,0.0,0.0,0.0,0.154999997466803,down,2026-09-21T12:31:25,0.0,153.0
AAPL,2028-01-21,485,Call,80.0,AAPL280121C00080000,261.5,266.3,263.9,237.5,0.0,0.0,0.0,183.0,0.5588,0.999,0.0,0.0308,0.0,0.9958,264.261,0.0,0.0,0.0,263.875,down,2026-08-26T13:27:20,71.0,5.0
AAPL,2028-01-21,485,Put,80.0,AAPL280121P00080000,0.1,0.26,0.18,0.18,0.0,0.0,0.0,44.0,0.5231,-0.0025,0.0,0.0312,-0.0015,-0.0128,0.1718,0.0,0.0,0.0,0.179999995976686,down,2026-09-10T15:07:42,6.0,181.0
AAPL,2028-01-21,485,Call,90.0,AAPL280121C00090000,253.2,257.0,255.1,224.95,0.0,0.0,0.0,184.0,0.5258,0.9982,0.0,0.04,0.0,1.1166,254.9642,0.0,0.0,0.0,254.575004577637,down,2026-08-27T10:23:48,75.0,7.0
AAPL,2028-01-21,485,Put,90.0,AAPL280121P00090000,0.1,0.33,0.21500000000000002,0.2,0.0,0.0,0.0,119.0,0.4932,-0.0033,0.0,0.0405,-0.0019,-0.0169,0.2236,0.0,0.0,0.0,0.215000007301569,down,2026-09-21T13:30:57,5.0,253.0
AAPL,2028-01-21,485,Call,100.0,AAPL280121C00100000,243.9,247.65,245.775,247.9,2.625,1.07023,4.0,1122.0,0.4912,0.9971,0.0001,0.0512,0.0,1.2363,245.6799,248.15,248.15,247.75,245.275001525879,up,2026-09-22T12:10:25,75.0,5.0
AAPL,2028-01-21,485,Put,100.0,AAPL280121P00100000,0.2,0.39,0.29500000000000004,0.28,-0.015,-5.08474,1.0,1654.0,0.4748,-0.0044,0.0001,0.0521,-0.0023,-0.0222,0.2881,0.28,0.28,0.28,0.294999994337559,no_change,2026-09-22T10:51:11,4.0,610.0
AAPL,2028-01-21,485,Call,110.0,AAPL280121C00110000,234.6,238.2,236.39999999999998,200.6,0.0,0.0,0.0,315.0,0.4519,0.9958,0.0001,0.0648,0.0,1.3544,236.4114,0.0,0.0,0.0,235.675003051758,up,2026-08-13T11:32:01,86.0,5.0
AAPL,2028-01-21,485,Put,110.0,AAPL280121P00110000,0.11,0.39,0.25,0.34,0.065,23.6364,1.0,442.0,0.4456,-0.0057,0.0001,0.0658,-0.0028,-0.0287,0.3688,0.34,0.34,0.34,0.274999998509884,down,2026-09-22T15:59:13,161.0,11.0
AAPL,2028-01-21,485,Call,115.0,AAPL280121C00115000,230.0,233.6,231.8,230.0,0.0,0.0,0.0,19.0,0.447,0.995,0.0001,0.0727,0.0,1.4129,231.7843,0.0,0.0,0.0,231.424995422363,up,2026-09-17T15:36:16,79.0,5.0
AAPL,2028-01-21,485,Put,115.0,AAPL280121P00115000,0.1,0.58,0.33999999999999997,0.5,0.0,0.0,0.0,12.0,0.4329,-0.0065,0.0001,0.0739,-0.0031,-0.0326,0.4167,0.0,0.0,0.0,0.374999985098839,down,2026-09-02T09:59:25,342.0,309.0
AAPL,2028-01-21,485,Call,120.0,AAPL280121C00120000,225.35,228.95,227.14999999999998,224.49,0.0,0.0,0.0,94.0,0.4344,0.9942,0.0001,0.0813,0.0,1.4709,227.1627,0.0,0.0,0.0,226.725006103516,up,2026-09-17T15:19:01,75.0,5.0
AAPL,2028-01-21,485,Put,120.0,AAPL280121P00120000,0.24,0.63,0.435,0.47,0.0,0.0,0.0,821.0,0.4215,-0.0074,0.0001,0.0829,-0.0034,-0.0371,0.4702,0.0,0.0,0.0,0.355000004172325,up,2026-09-18T09:32:23,97.0,97.0
AAPL,2028-01-21,485,Call,125.0,AAPL280121C00125000,220.75,224.35,222.55,221.29,0.0,0.0,0.0,38.0,0.4283,0.9932,0.0001,0.0909,0.0,1.5283,222.5474,0.0,0.0,0.0,222.149993896484,down,2026-09-21T13:00:33,75.0,10.0
AAPL,2028-01-21,485,Put,125.0,AAPL280121P00125000,0.29,0.72,0.505,0.61,0.0,0.0,0.0,305.0,0.425,-0.0084,0.0001,0.0925,-0.0038,-0.042,0.5302,0.0,0.0,0.0,0.5,down,2026-09-11T14:36:35,104.0,175.0
AAPL,2028-01-21,485,Call,130.0,AAPL280121C00130000,216.1,219.6,217.85,184.95,0.0,0.0,0.0,133.0,0.4104,0.9921,0.0001,0.1013,0.0,1.585,217.9391,0.0,0.0,0.0,217.474998474121,down,2026-08-10T14:46:03,75.0,5.0
AAPL,2028-01-21,485,Put,130.0,AAPL280121P00130000,0.28,0.73,0.505,0.61,0.0,0.0,0.0,215.0,0.4225,-0.0096,0.0002,0.1029,-0.0041,-0.0473,0.597,0.0,0.0,0.0,0.58500000834465,down,2026-09-17T15:55:14,37.0,160.0
AAPL,2028-01-21,485,Call,135.0,AAPL280121C00135000,211.5,214.95,213.225,199.52,0.0,0.0,0.0,119.0,0.4016,0.9909,0.0002,0.1125,0.0,1.6412,213.3386,0.0,0.0,0.0,212.875,up,2026-09-10T15:33:38,75.0,10.0
AAPL,2028-01-21,485,Put,135.0,AAPL280121P00135000,0.55,0.87,0.71,0.65,-0.01,-1.51515,1.0,2872.0,0.4162,-0.0108,0.0002,0.1146,-0.0045,-0.0534,0.6724,0.65,0.65,0.65,0.659999996423721,down,2026-09-22T11:36:04,10.0,550.0
AAPL,2028-01-21,485,Call,140.0,AAPL280121C00140000,206.9,210.5,208.7,176.3,0.0,0.0,0.0,73.0,0.4018,0.9895,0.0002,0.125,0.0,1.6967,208.7465,0.0,0.0,0.0,208.099998474121,up,2026-08-10T14:24:49,75.0,5.0
AAPL,2028-01-21,485,Put,140.0,AAPL280121P00140000,0.4,0.98,0.69,0.85,0.0,0.0,0.0,1569.0,0.4001,-0.0122,0.0002,0.1277,-0.005,-0.0604,0.7563,0.0,0.0,0.0,0.819999992847443,down,2026-09-15T15:34:19,366.0,343.0
AAPL,2028-01-21,485,Call,145.0,AAPL280121C00145000,202.3,205.95,204.125,189.31,0.0,0.0,0.0,18.0,0.3962,0.988,0.0002,0.1386,0.0,1.7512,204.164,0.0,0.0,0.0,203.700004577637,up,2026-09-01T11:35:02,75.0,5.0
AAPL,2028-01-21,485,Put,145.0,AAPL280121P00145000,0.7,1.08,0.89,0.85,0.0,0.0,0.0,495.0,0.402,-0.0138,0.0002,0.1415,-0.0054,-0.068,0.8505,0.0,0.0,0.0,0.819999992847443,down,2026-09-21T14:43:22,13.0,243.0
AAPL,2028-01-21,485,Call,150.0,AAPL280121C00150000,197.75,201.15,199.45,199.0,0.075,0.0377011,1.0,286.0,0.3826,0.9864,0.0002,0.1533,0.0,1.8048,199.5922,199.0,199.0,199.0,198.925003051758,up,2026-09-22T15:55:01,123.0,10.0
AAPL,2028-01-21,485,Put,150.0,AAPL280121P00150000,0.88,1.16,1.02,0.89,-0.145,-14.0097,30.0,945.0,0.397,-0.0155,0.0003,0.1563,-0.0059,-0.0761,0.9555,0.89,0.89,0.89,1.03500002622604,down,2026-09-22T14:05:34,1.0,326.0
AAPL,2028-01-21,485,Call,155.0,AAPL280121C00155000,193.15,196.65,194.9,163.96,0.0,0.0,0.0,73.0,0.3782,0.9845,0.0003,0.1691,0.0,1.8575,195.0321,0.0,0.0,0.0,194.349998474121,up,2026-08-18T10:02:33,75.0,5.0
AAPL,2028-01-21,485,Put,155.0,AAPL280121P00155000,0.79,1.28,1.0350000000000001,1.02,-0.15,-12.8205,1.0,520.0,0.3843,-0.0174,0.0003,0.1725,-0.0064,-0.0853,1.0724,1.02,1.02,1.02,1.1700000166893,down,2026-09-22T15:50:47,218.0,138.0
AAPL,2028-01-21,485,Call,160.0,AAPL280121C00160000,188.6,192.05,190.325,192.8,2.875,1.51375,2.0,1254.0,0.3715,0.9824,0.0003,0.1863,0.0,1.9093,190.4847,192.96,192.96,192.8,189.925003051758,down,2026-09-22T12:06:28,94.0,10.0
AAPL,2028-01-21,485,Put,160.0,AAPL280121P00160000,1.07,1.41,1.24,1.18,-0.115,-8.88031,66.0,555.0,0.3829,-0.0196,0.0003,0.1908,-0.007,-0.0954,1.2025,1.15,1.21,1.15,1.2950000166893,no_change,2026-09-22T12:36:01,28.0,100.0
AAPL,2028-01-21,485,Call,165.0,AAPL280121C00165000,184.05,187.55,185.8,187.31,2.11,1.13931,1.0,808.0,0.3673,0.9802,0.0004,0.2051,0.0,1.9597,185.9514,187.31,187.31,187.31,185.199996948242,up,2026-09-22T14:41:24,99.0,10.0
AAPL,2028-01-21,485,Put,165.0,AAPL280121P00165000,1.03,1.59,1.31,1.51,0.0,0.0,0.0,456.0,0.3786,-0.0219,0.0004,0.21,-0.0076,-0.1074,1.3479,0.0,0.0,0.0,1.43500000238419,down,2026-09-16T13:38:31,30.0,30.0
AAPL,2028-01-21,485,Call,170.0,AAPL280121C00170000,179.55,183.0,181.275,181.3,0.6,0.332044,1.0,210.0,0.3624,0.9776,0.0004,0.2252,0.0,2.0088,181.4338,181.3,181.3,181.3,180.699996948242,up,2026-09-22T15:53:55,257.0,158.0
AAPL,2028-01-21,485,Put,170.0,AAPL280121P00170000,1.15,1.76,1.455,1.5,0.0,0.0,0.0,1274.0,0.3674,-0.0245,0.0004,0.2302,-0.0083,-0.1193,1.5097,0.0,0.0,0.0,1.51499998569489,up,2026-09-21T15:38:00,187.0,62.0
AAPL,2028-01-21,485,Call,175.0,AAPL280121C00175000,175.05,178.5,176.775,176.14,0.015,0.00851668,4.0,109.0,0.358,0.9749,0.0004,0.2465,0.0,2.0566,176.9333,175.0,176.14,175.0,176.125,up,2026-09-22T10:07:01,148.0,61.0
AAPL,2028-01-21,485,Put,175.0,AAPL280121P00175000,1.29,1.95,1.62,1.85,0.0,0.0,0.0,570.0,0.362,-0.0274,0.0004,0.2521,-0.009,-0.133,1.6888,0.0,0.0,0.0,1.72500002384186,down,2026-09-14T15:50:01,270.0,61.0
AAPL,2028-01-21,485,Call,180.0,AAPL280121C00180000,170.55,174.0,172.275,171.71,0.0,0.0,0.0,510.0,0.353,0.9718,0.0005,0.2694,0.0,2.1031,172.4513,0.0,0.0,0.0,171.724998474121,up,2026-09-21T12:48:14,271.0,130.0
AAPL,2028-01-21,485,Put,180.0,AAPL280121P00180000,1.75,2.15,1.95,2.09,0.0,0.0,0.0,2014.0,0.3623,-0.0306,0.0005,0.2765,-0.0097,-0.1479,1.887,0.0,0.0,0.0,1.88999998569489,down,2026-09-18T11:29:08,5.0,48.0
AAPL,2028-01-21,485,Call,185.0,AAPL280121C00185000,166.2,169.5,167.85,154.19,0.0,0.0,0.0,353.0,0.3503,0.9685,0.0005,0.2942,0.0,2.1478,167.9894,0.0,0.0,0.0,167.299995422363,up,2026-09-02T13:59:15,260.0,28.0
AAPL,2028-01-21,485,Put,185.0,AAPL280121P00185000,1.72,2.38,2.05,2.07,-0.12,-5.47945,2.0,929.0,0.3533,-0.0341,0.0006,0.3021,-0.0105,-0.1652,2.1073,2.07,2.07,2.07,2.19000005722046,down,2026-09-22T10:45:00,100.0,45.0
AAPL,2028-01-21,485,Call,190.0,AAPL280121C00190000,161.6,165.05,163.325,154.44,0.0,0.0,0.0,142.0,0.3434,0.9649,0.0006,0.3206,0.0,2.1907,163.55,0.0,0.0,0.0,162.775001525879,up,2026-09-15T15:22:21,262.0,30.0
AAPL,2028-01-21,485,Put,190.0,AAPL280121P00190000,1.93,2.58,2.255,2.35,0.0,0.0,0.0,1192.0,0.3477,-0.0379,0.0006,0.3284,-0.0113,-0.1821,2.3511,0.0,0.0,0.0,2.37999999523163,up,2026-09-21T12:59:38,242.0,10.0
AAPL,2028-01-21,485,Call,195.0,AAPL280121C00195000,157.35,160.65,159.0,132.4,0.0,0.0,0.0,286.0,0.3425,0.9609,0.0006,0.3481,0.0,2.2319,159.1348,0.0,0.0,0.0,158.599998474121,up,2026-08-24T14:55:58,278.0,29.0
AAPL,2028-01-21,485,Put,195.0,AAPL280121P00195000,2.29,2.87,2.58,2.6,0.0,0.0,0.0,1227.0,0.3427,-0.0419,0.0007,0.3563,-0.0121,-0.2009,2.6141,0.0,0.0,0.0,2.64499998092651,down,2026-09-21T13:02:37,55.0,1.0
AAPL,2028-01-21,485,Call,200.0,AAPL280121C00200000,152.8,156.25,154.525,157.3,3.25,2.1097,40.0,1037.0,0.3363,0.9566,0.0007,0.3774,0.0,2.2714,154.7455,157.05,157.6,157.0,154.050003051758,up,2026-09-22T12:42:51,364.0,143.0
AAPL,2028-01-21,485,Put,200.0,AAPL280121P00200000,2.8,3.15,2.9749999999999996,2.83,-0.09,-3.08219,613.0,2947.0,0.3442,-0.0465,0.0007,0.3877,-0.013,-0.2226,2.9101,2.91,2.91,2.8,2.91999995708466,down,2026-09-22T13:36:51,5.0,51.0
AAPL,2028-01-21,485,Call,210.0,AAPL280121C00210000,144.7,147.55,146.125,147.18,2.13,1.46846,8.0,260.0,0.3363,0.9468,0.0008,0.4416,0.0,2.3431,146.0543,146.5,147.18,144.7,145.049995422363,up,2026-09-22T14:41:57,182.0,139.0
AAPL,2028-01-21,485,Put,210.0,AAPL280121P00210000,3.1,3.95,3.5250000000000004,3.87,0.0,0.0,0.0,2324.0,0.3331,-0.0568,0.0009,0.4531,-0.015,-0.2701,3.5948,0.0,0.0,0.0,3.67500007152557,down,2026-09-18T15:50:26,152.0,49.0
AAPL,2028-01-21,485,Call,220.0,AAPL280121C00220000,136.45,139.0,137.725,136.12,0.0,0.0,0.0,854.0,0.332,0.9353,0.001,0.5111,0.0,2.4062,137.4956,0.0,0.0,0.0,136.550003051758,up,2026-09-21T12:56:39,128.0,39.0
AAPL,2028-01-21,485,Put,220.0,AAPL280121P00220000,4.1,4.65,4.375,4.27,-0.18,-4.04494,26.0,5678.0,0.3267,-0.069,0.0011,0.5263,-0.0171,-0.3267,4.4177,4.36,4.36,4.25,4.45000004768372,down,2026-09-22T13:15:34,38.0,38.0
AAPL,2028-01-21,485,Call,230.0,AAPL280121C00230000,127.7,130.6,129.15,127.7,0.0,0.0,0.0,3160.0,0.322,0.922,0.0012,0.5876,-0.0026,2.458,129.0892,0.0,0.0,0.0,128.074996948242,down,2026-09-21T12:56:39,200.0,200.0
AAPL,2028-01-21,485,Put,230.0,AAPL280121P00230000,5.15,5.8,5.475,5.3,-0.125,-2.30415,97.0,4088.0,0.3221,-0.0831,0.0012,0.6049,-0.0194,-0.3883,5.4051,5.4,5.4,5.2,5.42499995231628,no_change,2026-09-22T13:55:23,38.0,28.0
AAPL,2028-01-21,485,Call,240.0,AAPL280121C00240000,119.55,122.35,120.94999999999999,122.5,2.275,1.89228,21.0,2820.0,0.3162,0.9067,0.0014,0.6683,-0.006,2.4996,120.8575,122.53,123.22,122.5,120.225002288818,down,2026-09-22T13:21:35,138.0,94.0
AAPL,2028-01-21,485,Put,240.0,AAPL280121P00240000,6.1,7.05,6.574999999999999,6.39,-0.21,-3.18182,310.0,4808.0,0.3148,-0.0995,0.0015,0.6894,-0.0218,-0.4618,6.5777,6.6,6.6,6.3,6.59999990463257,no_change,2026-09-22T15:33:45,171.0,112.0
AAPL,2028-01-21,485,Call,250.0,AAPL280121C00250000,111.2,113.0,112.1,114.31,2.16,1.92599,35.0,2015.0,0.2993,0.8893,0.0016,0.7545,-0.0094,2.5278,112.8224,115.45,115.93,113.15,112.149997711182,down,2026-09-22T13:39:59,219.0,5.0
AAPL,2028-01-21,485,Put,250.0,AAPL280121P00250000,7.65,8.2,7.925,7.6,-0.45,-5.59006,62.0,11201.0,0.3088,-0.1182,0.0017,0.7772,-0.0243,-0.5415,7.9646,8.05,8.05,7.6,8.04999995231628,down,2026-09-22T13:15:34,28.0,28.0
AAPL,2028-01-21,485,Call,260.0,AAPL280121C00260000,103.45,106.2,104.825,108.25,4.025,3.86184,18.0,2259.0,0.3019,0.8698,0.0018,0.8425,-0.0128,2.5446,105.0074,110.0,110.0,104.95,104.224998474121,up,2026-09-22T11:03:23,202.0,50.0
AAPL,2028-01-21,485,Put,260.0,AAPL280121P00260000,9.1,9.95,9.524999999999999,9.3,-0.375,-3.87597,10.0,3231.0,0.3034,-0.1393,0.0019,0.8701,-0.0269,-0.632,9.5874,9.4,9.4,9.26,9.67500019073486,up,2026-09-22T12:35:25,184.0,32.0
AAPL,2028-01-21,485,Call,270.0,AAPL280121C00270000,96.5,98.55,97.525,97.8,0.975,1.00697,25.0,3823.0,0.3003,0.848,0.002,0.9333,-0.0162,2.5464,97.4354,97.92,100.18,97.8,96.8250007629394,down,2026-09-22T14:53:19,57.0,58.0
AAPL,2028-01-21,485,Put,270.0,AAPL280121P00270000,11.1,12.15,11.625,11.46,-0.14,-1.2069,1.0,1946.0,0.3009,-0.1631,0.0022,0.9609,-0.0295,-0.7299,11.4795,11.46,11.46,11.46,11.5999999046326,down,2026-09-22T09:55:24,54.0,126.0
AAPL,2028-01-21,485,Call,280.0,AAPL280121C00280000,88.35,91.3,89.82499999999999,90.0,0.6,0.671144,67.0,2379.0,0.292,0.8241,0.0022,1.0229,-0.0195,2.5366,90.1284,91.54,93.37,89.7,89.3999977111816,down,2026-09-22T15:57:29,203.0,709.0
AAPL,2028-01-21,485,Put,280.0,AAPL280121P00280000,13.5,14.25,13.875,13.5,-0.325,-2.35082,147.0,5384.0,0.297,-0.1895,0.0025,1.0571,-0.0321,-0.8344,13.6685,13.32,13.57,13.32,13.8250002861023,down,2026-09-22T15:47:36,10.0,28.0
AAPL,2028-01-21,485,Call,290.0,AAPL280121C00290000,81.95,84.0,82.975,83.75,1.3,1.57671,32.0,5449.0,0.2898,0.7981,0.0025,1.1116,-0.0226,2.5112,83.1078,85.93,86.2,83.75,82.4500007629394,down,2026-09-22T14:06:36,123.0,53.0
AAPL,2028-01-21,485,Put,290.0,AAPL280121P00290000,15.9,16.55,16.225,15.85,-0.55,-3.35366,5.0,3855.0,0.2915,-0.2185,0.0028,1.1435,-0.0346,-0.9425,16.1733,15.71,15.85,15.71,16.3999996185303,up,2026-09-22T13:13:28,41.0,38.0
AAPL,2028-01-21,485,Call,300.0,AAPL280121C00300000,74.95,76.7,75.825,76.25,0.375,0.494234,100.0,21123.0,0.2826,0.7701,0.0027,1.1957,-0.0256,2.4747,76.3915,80.0,80.0,76.25,75.875,down,2026-09-22T15:55:00,119.0,5.0
AAPL,2028-01-21,485,Put,300.0,AAPL280121P00300000,18.9,19.45,19.174999999999997,18.61,-0.765,-3.94839,36.0,2203.0,0.2887,-0.25,0.003,1.2303,-0.037,-1.0596,19.0177,19.4,19.4,18.51,19.375,up,2026-09-22T13:15:34,24.0,84.0
AAPL,2028-01-21,485,Call,310.0,AAPL280121C00310000,69.35,71.15,70.25,71.1,1.775,2.5604,157.0,2567.0,0.286,0.7402,0.0029,1.2751,-0.0284,2.4234,69.9975,74.25,74.55,70.82,69.3250007629394,up,2026-09-22T14:49:27,17.0,21.0
AAPL,2028-01-21,485,Put,310.0,AAPL280121P00310000,21.75,23.2,22.475,22.35,0.0,0.0,0.0,4564.0,0.2859,-0.284,0.0033,1.305,-0.0393,-1.1707,22.2302,0.0,0.0,0.0,22.5,down,2026-09-21T15:49:23,75.0,200.0
AAPL,2028-01-21,485,Call,320.0,AAPL280121C00320000,63.2,64.65,63.925000000000004,65.42,1.845,2.90208,118.0,3867.0,0.2809,0.7088,0.0031,1.3465,-0.0309,2.3624,63.9373,64.0,66.0,64.0,63.5750007629394,down,2026-09-22T13:38:10,23.0,28.0
AAPL,2028-01-21,485,Put,320.0,AAPL280121P00320000,25.4,26.2,25.799999999999997,25.54,-0.335,-1.29469,85.0,1757.0,0.2806,-0.3203,0.0036,1.3735,-0.0414,-1.2879,25.8283,25.31,25.82,25.1,25.875,up,2026-09-22T14:47:34,57.0,1.0
AAPL,2028-01-21,485,Call,330.0,AAPL280121C00330000,57.55,59.65,58.599999999999994,59.61,1.81,3.13149,6.0,3739.0,0.2808,0.676,0.0033,1.4098,-0.0331,2.2886,58.2236,60.25,60.75,58.68,57.7999992370606,down,2026-09-22T13:38:10,39.0,107.0
AAPL,2028-01-21,485,Put,330.0,AAPL280121P00330000,29.5,30.15,29.825,29.7,-0.325,-1.08243,25.0,4506.0,0.2782,-0.3587,0.0038,1.4271,-0.0433,-1.3926,29.8281,29.51,30.11,29.09,30.0250005722046,no_change,2026-09-22T15:34:48,40.0,5.0
AAPL,2028-01-21,485,Call,340.0,AAPL280121C00340000,51.85,53.2,52.525000000000006,52.75,0.375,0.71599,48.0,3652.0,0.2733,0.6422,0.0035,1.4626,-0.0349,2.2073,52.8602,55.8,56.65,52.75,52.375,down,2026-09-22T15:55:15,51.0,10.0
AAPL,2028-01-21,485,Put,340.0,AAPL280121P00340000,33.75,34.6,34.175,33.3,-1.075,-3.12727,157.0,742.0,0.2752,-0.3986,0.0041,1.4685,-0.0449,-1.5011,34.2119,34.15,34.15,33.3,34.375,no_change,2026-09-22T12:34:10,45.0,1.0
AAPL,2028-01-21,485,Call,350.0,AAPL280121C00350000,47.5,48.2,47.85,47.78,0.23,0.483699,240.0,7958.0,0.2733,0.6077,0.0036,1.5047,-0.0364,2.1158,47.8531,49.35,51.4,47.76,47.5500011444092,down,2026-09-22T15:58:09,22.0,28.0
AAPL,2028-01-21,485,Put,350.0,AAPL280121P00350000,38.8,39.4,39.099999999999994,39.15,-0.025,-0.0638143,62.0,615.0,0.2734,-0.441,0.0043,1.4917,-0.0463,-1.5802,39.0937,37.7,39.15,37.7,39.1749992370606,no_change,2026-09-22T15:42:09,5.0,1.0
AAPL,2028-01-21,485,Call,360.0,AAPL280121C00360000,42.4,43.5,42.95,45.24,2.465,5.76271,17.0,3267.0,0.2696,0.5727,0.0037,1.535,-0.0376,2.0199,43.1986,44.72,45.24,43.56,42.7749996185303,up,2026-09-22T11:37:56,74.0,5.0
AAPL,2028-01-21,485,Put,360.0,AAPL280121P00360000,43.5,44.65,44.075,44.35,-0.175,-0.393037,27.0,315.0,0.2707,-0.4843,0.0046,1.4982,-0.0474,-1.6636,44.3796,43.13,44.35,43.13,44.5249996185303,no_change,2026-09-22T15:40:28,30.0,1.0
AAPL,2028-01-21,485,Call,370.0,AAPL280121C00370000,38.35,39.75,39.05,39.3,0.725,1.87946,13.0,1233.0,0.2684,0.5377,0.0038,1.5536,-0.0383,1.9167,38.8954,41.29,41.47,39.2,38.5749988555908,up,2026-09-22T15:00:00,28.0,26.0
AAPL,2028-01-21,485,Put,370.0,AAPL280121P00370000,49.2,50.5,49.85,49.35,-0.875,-1.74216,75.0,366.0,0.2677,-0.5287,0.0048,1.4838,-0.0482,-1.7019,50.1006,50.2,50.2,48.67,50.2250003814697,down,2026-09-22T14:17:07,51.0,24.0
AAPL,2028-01-21,485,Call,380.0,AAPL280121C00380000,34.4,35.8,35.099999999999994,35.25,0.55,1.58501,7.0,4889.0,0.2667,0.503,0.0038,1.5606,-0.0387,1.8126,34.9333,35.88,37.25,35.2,34.7000007629394,up,2026-09-22T15:00:00,46.0,26.0
AAPL,2028-01-21,485,Put,380.0,AAPL280121P00380000,55.05,56.65,55.849999999999994,56.3,0.175,0.311804,2.0,310.0,0.2648,-0.5739,0.0049,1.4511,-0.0487,-1.7404,56.2651,56.3,56.3,56.3,56.125,no_change,2026-09-22T10:24:55,65.0,5.0
AAPL,2028-01-21,485,Call,390.0,AAPL280121C00390000,31.1,32.1,31.6,31.09,0.215,0.696356,30.0,1517.0,0.2662,0.4688,0.0038,1.5558,-0.0388,1.7039,31.3041,32.1,32.1,31.09,30.875,down,2026-09-22T15:58:57,62.0,13.0
AAPL,2028-01-21,485,Put,390.0,AAPL280121P00390000,62.05,63.25,62.65,62.0,-1.0,-1.5873,131.0,160.0,0.2647,-0.6196,0.0051,1.3938,-0.0489,-1.7151,62.8642,62.85,62.85,61.92,63.0,down,2026-09-22T14:17:34,28.0,1.0
AAPL,2028-01-21,485,Call,400.0,AAPL280121C00400000,27.6,28.25,27.925,27.81,0.185,0.669683,22.0,4714.0,0.2645,0.4354,0.0038,1.541,-0.0385,1.5976,27.9927,28.75,29.7,27.81,27.625,down,2026-09-22T15:58:57,31.0,5.0
AAPL,2028-01-21,485,Put,400.0,AAPL280121P00400000,68.55,71.3,69.925,68.65,-1.675,-2.38179,78.0,228.0,0.2651,-0.6656,0.0052,1.3206,-0.0489,-1.6969,69.8948,67.61,68.75,67.61,70.3249969482422,down,2026-09-22T13:47:28,119.0,189.0
AAPL,2028-01-21,485,Call,410.0,AAPL280121C00410000,24.5,25.75,25.125,25.33,0.705,2.86294,9.0,929.0,0.2629,0.4031,0.0037,1.5155,-0.038,1.4891,24.9852,26.4,26.4,25.2,24.625,up,2026-09-22T15:12:02,37.0,1.0
AAPL,2028-01-21,485,Put,410.0,AAPL280121P00410000,76.05,79.35,77.69999999999999,98.29,0.0,0.0,0.0,5.0,0.2668,-0.7116,0.0053,1.2214,-0.0486,-1.5786,77.3449,0.0,0.0,0.0,77.5750007629394,up,2026-08-19T13:31:41,63.0,116.0
AAPL,2028-01-21,485,Call,420.0,AAPL280121C00420000,21.85,22.5,22.175,22.64,0.64,2.90909,147.0,3013.0,0.2622,0.372,0.0037,1.4823,-0.0372,1.3855,22.2641,23.31,23.5,22.15,22.0,no_change,2026-09-22T15:33:45,29.0,5.0
AAPL,2028-01-21,485,Put,420.0,AAPL280121P00420000,83.95,87.15,85.55000000000001,90.79,0.0,0.0,0.0,3.0,0.2659,-0.7578,0.0054,1.1068,-0.0483,-1.5264,85.212,0.0,0.0,0.0,85.3999977111816,down,2026-09-16T11:17:42,76.0,105.0
AAPL,2028-01-21,485,Call,430.0,AAPL280121C00430000,19.45,20.4,19.924999999999997,20.32,0.895,4.60746,35.0,495.0,0.2628,0.3424,0.0036,1.4406,-0.0362,1.2823,19.8107,20.45,21.17,20.26,19.4250001907349,down,2026-09-22T14:49:36,23.0,28.0
AAPL,2028-01-21,485,Put,430.0,AAPL280121P00430000,92.2,95.4,93.80000000000001,92.0,-2.175,-2.30953,22.0,2.0,0.2655,-0.8037,0.0056,0.9749,-0.0483,-1.3103,93.4627,91.9,92.0,91.9,94.1749992370606,up,2026-09-22T13:47:24,108.0,141.0
AAPL,2028-01-21,485,Call,440.0,AAPL280121C00440000,17.3,18.2,17.75,18.15,0.8,4.61095,100.0,1365.0,0.2623,0.3144,0.0035,1.3933,-0.0351,1.1847,17.6078,17.45,18.75,17.45,17.3499994277954,up,2026-09-22T14:22:56,28.0,22.0
AAPL,2028-01-21,485,Put,440.0,AAPL280121P00440000,100.65,103.6,102.125,100.89,-2.01,-1.95335,44.0,0.0,0.2613,-0.849,0.0056,0.7967,-0.0478,-1.1544,102.1293,100.85,100.89,100.8,102.900001525879,no_change,2026-09-22T14:20:02,147.0,140.0
AAPL,2028-01-21,485,Call,450.0,AAPL280121C00450000,15.15,16.0,15.575,15.89,0.365,2.35105,197.0,7624.0,0.2603,0.2879,0.0033,1.3409,-0.0338,1.0907,15.6336,16.93,16.93,15.55,15.5250000953674,no_change,2026-09-22T15:01:58,57.0,26.0
AAPL,2028-01-21,485,Put,450.0,AAPL280121P00450000,109.7,111.75,110.725,111.25,-0.75,-0.669643,2.0,0.0,0.2526,-0.896,0.0059,0.5998,-0.0483,-0.8867,111.1515,111.25,111.25,111.25,112.0,no_change,2026-09-22T15:56:40,106.0,18.0
AAPL,2028-01-21,485,Call,460.0,AAPL280121C00460000,13.35,14.45,13.899999999999999,14.18,0.68,5.03704,245.0,618.0,0.2606,0.2632,0.0032,1.284,-0.0323,1.0011,13.8721,14.19,14.8,13.8,13.5,down,2026-09-22T15:43:52,27.0,10.0
AAPL,2028-01-21,485,Put,460.0,AAPL280121P00460000,118.85,122.35,120.6,120.97,0.0,0.0,0.0,20.0,0.2629,-0.9353,0.0055,0.4061,-0.0444,-0.4989,120.5205,0.0,0.0,0.0,121.724998474121,down,2026-09-21T15:43:38,123.0,113.0
AAPL,2028-01-21,485,Call,470.0,AAPL280121C00470000,11.75,12.95,12.35,12.52,0.545,4.55115,1.0,638.0,0.2605,0.2401,0.003,1.2257,-0.0308,0.9183,12.3019,12.52,12.52,12.52,11.9749999046326,up,2026-09-22T14:48:16,40.0,30.0
AAPL,2028-01-21,485,Put,470.0,AAPL280121P00470000,128.7,132.15,130.425,139.6,0.0,0.0,0.0,0.0,0.2701,-0.9654,0.0037,0.1416,-0.0493,0.0,130.2824,0.0,0.0,0.0,130.724998474121,up,2026-07-16T10:38:22,75.0,75.0
AAPL,2028-01-21,485,Call,480.0,AAPL280121C00480000,10.65,11.45,11.05,11.2,0.5,4.67289,75.0,234.0,0.2611,0.2187,0.0029,1.1643,-0.0293,0.8387,10.9065,10.9,11.55,10.75,10.7000002861023,no_change,2026-09-22T14:09:29,12.0,33.0
AAPL,2028-01-21,485,Put,480.0,AAPL280121P00480000,138.7,142.15,140.425,0.0,0.0,0.0,0.0,0.0,0.2826,-0.9867,0.0014,0.0,-0.0493,0.0,140.2824,0.0,0.0,0.0,140.699996948242,no_change,,75.0,81.0
AAPL,2028-01-21,485,Call,490.0,AAPL280121C00490000,9.2,10.2,9.7,9.95,0.55,5.85106,92.0,303.0,0.2601,0.1989,0.0027,1.103,-0.0278,0.7662,9.669,9.65,10.3,9.55,9.40000009536743,no_change,2026-09-22T14:09:31,33.0,12.0
AAPL,2028-01-21,485,Put,490.0,AAPL280121P00490000,148.7,152.15,150.425,0.0,0.0,0.0,0.0,0.0,0.2946,-0.9988,0.0001,0.0,-0.0493,0.0,150.2824,0.0,0.0,0.0,150.925003051758,no_change,,77.0,77.0
AAPL,2028-01-21,485,Call,500.0,AAPL280121C00500000,8.3,8.7,8.5,8.65,0.325,3.9039,218.0,5055.0,0.2591,0.1808,0.0026,1.0421,-0.0262,0.6985,8.5718,9.1,9.2,8.5,8.3250002861023,down,2026-09-22T15:29:18,534.0,5.0
AAPL,2028-01-21,485,Put,500.0,AAPL280121P00500000,158.7,161.95,160.325,167.23,0.0,0.0,0.0,0.0,0.3028,-1.0,0.0,0.0,-0.0493,0.0,160.2824,0.0,0.0,0.0,160.724998474121,up,2026-09-11T14:27:55,76.0,76.0
AAPL,2028-01-21,485,Call,510.0,AAPL280121C00510000,7.2,7.75,7.475,7.7,0.35,4.7619,3.0,1247.0,0.2586,0.1641,0.0024,0.9807,-0.0247,0.6353,7.602,7.7,7.7,7.7,7.35000014305115,up,2026-09-22T15:54:00,63.0,20.0
AAPL,2028-01-21,485,Put,510.0,AAPL280121P00510000,168.65,172.15,170.4,0.0,0.0,0.0,0.0,0.0,0.317,-1.0,0.0,0.0,-0.0493,0.0,170.2824,0.0,0.0,0.0,170.724998474121,no_change,,77.0,77.0
AAPL,2028-01-21,485,Call,520.0,AAPL280121C00520000,6.55,6.9,6.725,6.6,0.0,0.0,0.0,583.0,0.2599,0.1489,0.0023,0.9219,-0.0232,0.5786,6.7445,0.0,0.0,0.0,6.5,up,2026-09-21T10:08:28,11.0,45.0
AAPL,2028-01-21,485,Put,520.0,AAPL280121P00520000,178.7,181.95,180.325,0.0,0.0,0.0,0.0,0.0,0.3254,-1.0,0.0,0.0,-0.0493,0.0,180.2824,0.0,0.0,0.0,180.699996948242,no_change,,77.0,77.0
AAPL,2028-01-21,485,Call,530.0,AAPL280121C00530000,5.65,6.3,5.975,6.01,0.21,3.62069,3.0,2814.0,0.2603,0.135,0.0021,0.8645,-0.0217,0.5255,5.9866,6.1,6.1,6.0,5.79999995231628,up,2026-09-22T15:48:18,37.0,10.0
AAPL,2028-01-21,485,Put,530.0,AAPL280121P00530000,188.7,192.15,190.425,253.67,0.0,0.0,0.0,0.0,0.3399,-1.0,0.0,0.0,-0.0493,0.0,190.2824,0.0,0.0,0.0,190.775001525879,up,2025-11-25T09:30:10,75.0,77.0
AAPL,2028-01-21,485,Call,540.0,AAPL280121C00540000,5.15,5.6,5.375,5.55,0.475,9.3596,1.0,174.0,0.2614,0.1224,0.002,0.8084,-0.0203,0.477,5.3182,5.55,5.55,5.55,5.07500004768372,up,2026-09-22T11:15:40,12.0,15.0
AAPL,2028-01-21,485,Put,540.0,AAPL280121P00540000,198.65,202.15,200.4,0.0,0.0,0.0,0.0,0.0,0.3496,-1.0,0.0,0.0,-0.0493,0.0,200.2824,0.0,0.0,0.0,200.775001525879,no_change,,75.0,88.0
AAPL,2028-01-21,485,Call,550.0,AAPL280121C00550000,4.3,4.9,4.6,4.9,0.35,7.69231,1.0,429.0,0.2594,0.1109,0.0018,0.7558,-0.019,0.4337,4.7278,4.9,4.9,4.9,4.54999995231628,up,2026-09-22T11:36:50,153.0,12.0
AAPL,2028-01-21,485,Put,550.0,AAPL280121P00550000,208.7,212.15,210.425,0.0,0.0,0.0,0.0,0.0,0.3609,-1.0,0.0,0.0,-0.0493,0.0,210.2824,0.0,0.0,0.0,210.775001525879,no_change,,6.0,88.0
AAPL,2028-01-21,485,Call,560.0,AAPL280121C00560000,3.95,4.6,4.275,4.55,0.475,11.6564,5.0,102.0,0.2626,0.1005,0.0017,0.7055,-0.0177,0.3935,4.2063,4.5,4.55,4.45,4.07500004768372,up,2026-09-22T09:32:53,51.0,65.0
AAPL,2028-01-21,485,Put,560.0,AAPL280121P00560000,218.65,222.15,220.4,0.0,0.0,0.0,0.0,0.0,0.3701,-1.0,0.0,0.0,-0.0493,0.0,220.2824,0.0,0.0,0.0,220.875,no_change,,6.0,88.0
AAPL,2028-01-21,485,Call,570.0,AAPL280121C00570000,3.55,3.9,3.7249999999999996,3.45,0.0,0.0,0.0,122.0,0.2617,0.0911,0.0016,0.6569,-0.0165,0.3568,3.7463,0.0,0.0,0.0,3.52499997615814,down,2026-09-17T11:27:55,16.0,52.0
AAPL,2028-01-21,485,Put,570.0,AAPL280121P00570000,228.7,232.15,230.425,0.0,0.0,0.0,0.0,0.0,0.381,-1.0,0.0,0.0,-0.0493,0.0,230.2824,0.0,0.0,0.0,230.875,no_change,,5.0,76.0
AAPL,2028-01-21,485,Call,580.0,AAPL280121C00580000,2.99,3.75,3.37,3.1,0.0,0.0,0.0,25.0,0.261,0.0826,0.0015,0.6118,-0.0154,0.3243,3.3399,0.0,0.0,0.0,3.14499998092651,down,2026-09-17T11:28:17,38.0,40.0
AAPL,2028-01-21,485,Put,580.0,AAPL280121P00580000,237.5,242.15,239.825,0.0,0.0,0.0,0.0,0.0,0.3907,-1.0,0.0,0.0,-0.0493,0.0,240.2824,0.0,0.0,0.0,240.699996948242,no_change,,1.0,76.0
AAPL,2028-01-21,485,Call,590.0,AAPL280121C00590000,2.64,3.35,2.995,2.9,0.0,0.0,0.0,340.0,0.2635,0.0749,0.0014,0.5696,-0.0143,0.2944,2.9804,0.0,0.0,0.0,2.9099999666214,up,2026-09-18T15:51:21,94.0,50.0
AAPL,2028-01-21,485,Put,590.0,AAPL280121P00590000,247.5,252.15,249.825,250.37,0.0,0.0,0.0,5.0,0.3993,-1.0,0.0,0.0,-0.0493,0.0,250.2824,0.0,0.0,0.0,250.699996948242,down,2026-07-28T14:00:38,1.0,5.0
AAPL,2028-01-21,485,Call,600.0,AAPL280121C00600000,2.6,2.8,2.7,2.64,0.085,3.32681,290.0,1606.0,0.2648,0.0679,0.0013,0.5293,-0.0133,0.267,2.6626,2.6,2.85,2.59,2.55499994754791,down,2026-09-22T15:58:43,10.0,134.0
AAPL,2028-01-21,485,Put,600.0,AAPL280121P00600000,258.1,262.15,260.125,264.41,0.0,0.0,0.0,0.0,0.4095,-1.0,0.0,0.0,-0.0493,0.0,260.2824,0.0,0.0,0.0,260.699996948242,down,2026-07-27T09:42:03,72.0,5.0
AAPL,2028-03-17,541,Call,100.0,AAPL280317C00100000,243.5,248.35,245.925,248.6,3.175,1.29367,24.0,786.0,0.0,0.9972,0.0001,0.0563,0.0,1.3653,246.2855,245.95,249.35,245.35,245.425003051758,down,2026-09-22T12:08:27,131.0,17.0
AAPL,2028-03-17,541,Put,100.0,AAPL280317P00100000,0.15,0.37,0.26,0.35,0.0,0.0,0.0,562.0,0.4452,-0.0046,0.0001,0.0574,-0.0022,-0.026,0.3088,0.0,0.0,0.0,0.330000001937151,no_change,2026-09-14T09:40:20,10.0,34.0
AAPL,2028-03-17,541,Call,105.0,AAPL280317C00105000,239.0,243.7,241.35,231.1,0.0,0.0,0.0,23.0,0.2891,0.9965,0.0001,0.0639,0.0,1.4302,241.6937,0.0,0.0,0.0,240.75,down,2026-09-15T11:48:01,79.0,10.0
AAPL,2028-03-17,541,Put,105.0,AAPL280317P00105000,0.1,0.57,0.33499999999999996,0.45,0.0,0.0,0.0,123.0,0.4427,-0.0053,0.0001,0.065,-0.0025,-0.0299,0.3543,0.0,0.0,0.0,0.364999998360872,no_change,2026-08-28T14:05:25,229.0,301.0
AAPL,2028-03-17,541,Call,110.0,AAPL280317C00110000,234.5,239.0,236.75,235.5,0.0,0.0,0.0,44.0,0.3399,0.9957,0.0001,0.0723,0.0,1.4947,237.1075,0.0,0.0,0.0,236.275001525879,up,2026-09-21T12:17:13,79.0,10.0
AAPL,2028-03-17,541,Put,110.0,AAPL280317P00110000,0.1,0.63,0.365,0.48,0.0,0.0,0.0,18.0,0.4316,-0.0061,0.0001,0.0737,-0.0028,-0.0343,0.4055,0.0,0.0,0.0,0.419999994337559,up,2026-09-10T10:16:16,173.0,164.0
AAPL,2028-03-17,541,Call,115.0,AAPL280317C00115000,230.0,234.5,232.25,231.0,0.0,0.0,0.0,18.0,0.3815,0.9949,0.0001,0.0816,0.0,1.5586,232.5276,0.0,0.0,0.0,231.675003051758,down,2026-09-21T13:01:19,78.0,7.0
AAPL,2028-03-17,541,Put,115.0,AAPL280317P00115000,0.13,0.7,0.415,0.82,0.0,0.0,0.0,431.0,0.4234,-0.007,0.0001,0.0834,-0.0031,-0.0394,0.463,0.0,0.0,0.0,0.489999987185001,no_change,2026-08-20T14:59:42,197.0,160.0
AAPL,2028-03-17,541,Call,120.0,AAPL280317C00120000,225.0,230.0,227.5,203.75,0.0,0.0,0.0,35.0,0.3296,0.9939,0.0001,0.0919,0.0,1.6217,227.9545,0.0,0.0,0.0,227.099998474121,down,2026-09-08T12:22:29,80.0,7.0
AAPL,2028-03-17,541,Put,120.0,AAPL280317P00120000,0.28,0.67,0.47500000000000003,0.5,0.0,0.0,0.0,132.0,0.4162,-0.0081,0.0001,0.0938,-0.0034,-0.0451,0.528,0.0,0.0,0.0,0.609999999403954,down,2026-09-18T09:32:12,230.0,150.0
AAPL,2028-03-17,541,Call,125.0,AAPL280317C00125000,220.5,225.3,222.9,227.95,5.2,2.33446,1.0,21.0,0.3332,0.9928,0.0001,0.1031,0.0,1.6841,223.3893,227.95,227.95,227.95,222.75,up,2026-09-22T09:33:32,77.0,6.0
AAPL,2028-03-17,541,Put,125.0,AAPL280317P00125000,0.55,0.84,0.6950000000000001,0.66,0.0,0.0,0.0,17.0,0.4146,-0.0092,0.0001,0.1051,-0.0037,-0.0511,0.6009,0.0,0.0,0.0,0.610000014305115,down,2026-09-18T09:30:15,1.0,6.0
AAPL,2028-03-17,541,Call,130.0,AAPL280317C00130000,216.0,220.85,218.425,190.95,0.0,0.0,0.0,75.0,0.3592,0.9915,0.0002,0.1152,0.0,1.7459,218.8325,0.0,0.0,0.0,218.125,up,2026-09-09T13:42:02,84.0,10.0
AAPL,2028-03-17,541,Put,130.0,AAPL280317P00130000,0.53,0.77,0.65,0.75,0.0,0.0,0.0,120.0,0.4057,-0.0104,0.0002,0.1172,-0.0041,-0.0578,0.6786,0.0,0.0,0.0,0.689999997615814,up,2026-09-17T15:55:00,21.0,10.0
AAPL,2028-03-17,541,Call,135.0,AAPL280317C00135000,211.5,216.3,213.9,189.95,0.0,0.0,0.0,191.0,0.363,0.9902,0.0002,0.1286,0.0,1.8068,214.285,0.0,0.0,0.0,213.650001525879,up,2026-09-08T12:11:40,106.0,5.0
AAPL,2028-03-17,541,Put,135.0,AAPL280317P00135000,0.44,1.06,0.75,0.8,0.0,0.0,0.0,128.0,0.4004,-0.0118,0.0002,0.1311,-0.0045,-0.0654,0.7689,0.0,0.0,0.0,0.780000001192093,down,2026-09-21T15:03:50,331.0,259.0
AAPL,2028-03-17,541,Call,140.0,AAPL280317C00140000,207.0,212.0,209.5,208.11,0.0,0.0,0.0,51.0,0.3756,0.9886,0.0002,0.1432,0.0,1.8667,209.7478,0.0,0.0,0.0,209.025001525879,up,2026-09-18T09:30:01,78.0,73.0
AAPL,2028-03-17,541,Put,140.0,AAPL280317P00140000,0.4,1.28,0.8400000000000001,1.05,0.0,0.0,0.0,237.0,0.3936,-0.0134,0.0002,0.146,-0.005,-0.0744,0.8706,0.0,0.0,0.0,0.989999979734421,up,2026-09-15T14:14:20,233.0,196.0
AAPL,2028-03-17,541,Call,145.0,AAPL280317C00145000,202.5,207.0,204.75,181.05,0.0,0.0,0.0,127.0,0.3521,0.9869,0.0002,0.159,0.0,1.9255,205.2221,0.0,0.0,0.0,204.224998474121,no_change,2026-09-08T12:26:33,79.0,5.0
AAPL,2028-03-17,541,Put,145.0,AAPL280317P00145000,0.69,1.3,0.995,1.04,0.0,0.0,0.0,122.0,0.3907,-0.0152,0.0002,0.1618,-0.0054,-0.0835,0.9841,0.0,0.0,0.0,1.01499998569489,down,2026-09-18T14:30:33,149.0,125.0
AAPL,2028-03-17,541,Call,150.0,AAPL280317C00150000,198.0,202.5,200.25,190.3,0.0,0.0,0.0,245.0,0.3524,0.9851,0.0003,0.1758,0.0,1.9834,200.7088,0.0,0.0,0.0,199.75,down,2026-09-15T11:52:12,99.0,5.0
AAPL,2028-03-17,541,Put,150.0,AAPL280317P00150000,1.02,1.23,1.125,1.3,0.0,0.0,0.0,717.0,0.3851,-0.0171,0.0003,0.1794,-0.006,-0.094,1.1115,0.0,0.0,0.0,1.22999995946884,up,2026-09-21T09:37:46,9.0,5.0
AAPL,2028-03-17,541,Call,155.0,AAPL280317C00155000,193.5,198.0,195.75,190.65,0.0,0.0,0.0,27.0,0.3508,0.983,0.0003,0.1941,0.0,2.0402,196.2089,0.0,0.0,0.0,195.5,up,2026-09-14T14:13:12,80.0,5.0
AAPL,2028-03-17,541,Put,155.0,AAPL280317P00155000,1.15,1.49,1.3199999999999998,1.29,-0.085,-6.18182,2.0,135.0,0.3825,-0.0193,0.0003,0.1988,-0.0065,-0.1055,1.2522,1.25,1.29,1.25,1.375,up,2026-09-22T12:37:21,5.0,73.0
AAPL,2028-03-17,541,Call,160.0,AAPL280317C00160000,189.0,193.5,191.25,186.15,0.0,0.0,0.0,175.0,0.3479,0.9807,0.0003,0.214,0.0,2.0955,191.7237,0.0,0.0,0.0,191.025001525879,up,2026-09-14T14:13:12,131.0,23.0
AAPL,2028-03-17,541,Put,160.0,AAPL280317P00160000,1.23,1.75,1.49,1.88,0.0,0.0,0.0,131.0,0.3778,-0.0216,0.0003,0.219,-0.0071,-0.1189,1.4075,0.0,0.0,0.0,1.45500004291534,up,2026-09-04T15:53:33,34.0,188.0
AAPL,2028-03-17,541,Call,165.0,AAPL280317C00165000,184.5,189.0,186.75,189.7,3.525,1.89338,10.0,1205.0,0.344,0.9782,0.0004,0.2352,0.0,2.1494,187.2548,189.05,189.9,189.05,186.175003051758,no_change,2026-09-22T10:59:57,196.0,18.0
AAPL,2028-03-17,541,Put,165.0,AAPL280317P00165000,1.41,1.99,1.7,1.85,0.0,0.0,0.0,599.0,0.374,-0.0243,0.0004,0.2404,-0.0077,-0.1324,1.5813,0.0,0.0,0.0,1.59500002861023,up,2026-09-14T14:29:45,59.0,286.0
AAPL,2028-03-17,541,Call,170.0,AAPL280317C00170000,180.5,184.5,182.5,177.7,0.0,0.0,0.0,26.0,0.3514,0.9755,0.0004,0.2576,0.0,2.202,182.8035,0.0,0.0,0.0,181.974998474121,down,2026-09-14T13:48:41,111.0,12.0
AAPL,2028-03-17,541,Put,170.0,AAPL280317P00170000,1.61,2.27,1.94,1.94,0.0,0.0,0.0,220.0,0.3707,-0.0271,0.0004,0.2637,-0.0084,-0.1474,1.7723,0.0,0.0,0.0,1.80999994277954,no_change,2026-09-17T13:48:14,30.0,311.0
AAPL,2028-03-17,541,Call,175.0,AAPL280317C00175000,176.0,180.5,178.25,173.2,0.0,0.0,0.0,98.0,0.3552,0.9725,0.0004,0.2817,0.0,2.2532,178.371,0.0,0.0,0.0,177.474998474121,up,2026-09-14T14:30:18,134.0,110.0
AAPL,2028-03-17,541,Put,175.0,AAPL280317P00175000,1.74,2.35,2.045,2.17,0.0,0.0,0.0,889.0,0.3621,-0.0302,0.0005,0.2888,-0.0091,-0.1639,1.9795,0.0,0.0,0.0,1.99499994516373,up,2026-09-17T13:48:14,51.0,88.0
AAPL,2028-03-17,541,Call,180.0,AAPL280317C00180000,171.5,176.0,173.75,167.45,0.0,0.0,0.0,39.0,0.3482,0.9692,0.0005,0.3076,0.0,2.3024,173.959,0.0,0.0,0.0,172.925003051758,up,2026-09-16T12:06:58,116.0,85.0
AAPL,2028-03-17,541,Put,180.0,AAPL280317P00180000,1.87,2.92,2.395,2.47,0.0,0.0,0.0,224.0,0.3611,-0.0337,0.0005,0.3156,-0.0098,-0.1834,2.2163,0.0,0.0,0.0,2.16999995708466,down,2026-09-17T10:10:30,118.0,193.0
AAPL,2028-03-17,541,Call,185.0,AAPL280317C00185000,167.5,171.5,169.5,144.2,0.0,0.0,0.0,8.0,0.349,0.9656,0.0006,0.3349,0.0,2.3496,169.5697,0.0,0.0,0.0,168.650001525879,up,2026-08-20T15:30:34,107.0,78.0
AAPL,2028-03-17,541,Put,185.0,AAPL280317P00185000,2.11,2.95,2.5300000000000002,2.54,0.0,0.0,0.0,148.0,0.3529,-0.0374,0.0006,0.3432,-0.0106,-0.202,2.4712,0.0,0.0,0.0,2.42999994754791,up,2026-09-21T12:59:11,220.0,253.0
AAPL,2028-03-17,541,Call,190.0,AAPL280317C00190000,162.5,167.0,164.75,155.75,0.0,0.0,0.0,505.0,0.3336,0.9617,0.0006,0.3634,0.0,2.3952,165.2045,0.0,0.0,0.0,164.550003051758,down,2026-09-15T14:54:55,234.0,73.0
AAPL,2028-03-17,541,Put,190.0,AAPL280317P00190000,2.55,3.4,2.9749999999999996,2.83,0.0,0.0,0.0,247.0,0.3532,-0.0415,0.0006,0.3728,-0.0114,-0.2231,2.7527,0.0,0.0,0.0,2.68499994277954,up,2026-09-21T12:59:11,33.0,316.0
AAPL,2028-03-17,541,Call,195.0,AAPL280317C00195000,158.5,163.0,160.75,152.3,0.0,0.0,0.0,57.0,0.3402,0.9575,0.0007,0.3935,0.0,2.439,160.8652,0.0,0.0,0.0,160.424995422363,up,2026-09-15T09:57:08,106.0,110.0
AAPL,2028-03-17,541,Put,195.0,AAPL280317P00195000,2.92,3.6,3.26,3.5,0.0,0.0,0.0,314.0,0.3484,-0.0459,0.0007,0.4045,-0.0122,-0.2467,3.0577,0.0,0.0,0.0,3.07500004768372,down,2026-09-21T10:12:40,8.0,223.0
AAPL,2028-03-17,541,Call,200.0,AAPL280317C00200000,154.0,158.5,156.25,152.49,0.0,0.0,0.0,194.0,0.332,0.953,0.0007,0.4257,0.0,2.4802,156.5538,0.0,0.0,0.0,155.600006103516,up,2026-09-18T15:29:08,144.0,134.0
AAPL,2028-03-17,541,Put,200.0,AAPL280317P00200000,3.0,4.0,3.5,3.52,0.0,0.0,0.0,2214.0,0.342,-0.0507,0.0008,0.4374,-0.0131,-0.2726,3.3962,0.0,0.0,0.0,3.39999997615814,down,2026-09-16T14:36:17,183.0,292.0
AAPL,2028-03-17,541,Call,210.0,AAPL280317C00210000,145.75,149.9,147.825,141.5,0.0,0.0,0.0,126.0,0.3283,0.9427,0.0009,0.4939,0.0,2.5556,148.0243,0.0,0.0,0.0,146.725006103516,up,2026-09-21T09:48:54,211.0,137.0
AAPL,2028-03-17,541,Put,210.0,AAPL280317P00210000,3.55,5.05,4.3,4.21,0.01,0.238094,1.0,1236.0,0.335,-0.0616,0.0009,0.508,-0.015,-0.327,4.1775,4.21,4.21,4.21,4.20000004768372,down,2026-09-22T09:49:10,308.0,303.0
AAPL,2028-03-17,541,Call,220.0,AAPL280317C00220000,137.45,140.95,139.2,134.0,0.0,0.0,0.0,201.0,0.318,0.9309,0.001,0.5682,0.0,2.6215,139.6326,0.0,0.0,0.0,138.675003051758,up,2026-09-17T11:17:03,338.0,30.0
AAPL,2028-03-17,541,Put,220.0,AAPL280317P00220000,4.4,5.55,4.975,6.13,0.0,0.0,0.0,597.0,0.3239,-0.0741,0.0011,0.5852,-0.017,-0.3926,5.0952,0.0,0.0,0.0,5.07499980926514,down,2026-09-11T10:51:33,302.0,42.0
AAPL,2028-03-17,541,Call,230.0,AAPL280317C00230000,129.2,133.1,131.14999999999998,130.38,0.0,0.0,0.0,571.0,0.316,0.9174,0.0012,0.6477,-0.002,2.6756,131.3994,0.0,0.0,0.0,130.424995422363,up,2026-09-21T15:03:04,216.0,124.0
AAPL,2028-03-17,541,Put,230.0,AAPL280317P00230000,5.55,6.75,6.15,6.68,0.0,0.0,0.0,806.0,0.3194,-0.0886,0.0012,0.6673,-0.0192,-0.4627,6.1875,0.0,0.0,0.0,6.17499995231628,down,2026-09-21T09:45:19,241.0,117.0
AAPL,2028-03-17,541,Call,240.0,AAPL280317C00240000,121.8,124.25,123.025,123.93,1.58,1.29138,10.0,479.0,0.3099,0.902,0.0014,0.7318,-0.0051,2.7187,123.343,123.93,123.93,123.93,122.349998474121,up,2026-09-22T15:33:04,146.0,12.0
AAPL,2028-03-17,541,Put,240.0,AAPL280317P00240000,7.0,7.55,7.275,7.21,-0.29,-3.86667,1.0,596.0,0.3118,-0.1051,0.0014,0.7552,-0.0214,-0.5464,7.4718,7.21,7.21,7.21,7.5,down,2026-09-22T11:44:10,43.0,10.0
AAPL,2028-03-17,541,Call,250.0,AAPL280317C00250000,114.2,116.6,115.4,118.03,3.88,3.39903,17.0,624.0,0.3082,0.8848,0.0015,0.8195,-0.0083,2.7483,115.4859,118.03,118.03,118.03,114.150001525879,up,2026-09-22T12:00:56,96.0,10.0
AAPL,2028-03-17,541,Put,250.0,AAPL280317P00250000,8.35,9.35,8.85,8.81,-0.115,-1.28852,5.0,699.0,0.3078,-0.1238,0.0017,0.8458,-0.0237,-0.6335,8.9718,8.8,8.81,8.8,8.92500019073486,up,2026-09-22T13:33:34,105.0,12.0
AAPL,2028-03-17,541,Call,260.0,AAPL280317C00260000,105.5,108.55,107.025,106.4,0.0,0.0,0.0,742.0,0.2952,0.8656,0.0017,0.9095,-0.0115,2.7657,107.8468,0.0,0.0,0.0,107.25,up,2026-09-21T15:19:39,196.0,7.0
AAPL,2028-03-17,541,Put,260.0,AAPL280317P00260000,10.2,11.05,10.625,10.52,-0.255,-2.36659,6.0,626.0,0.3036,-0.1448,0.0019,0.9397,-0.0261,-0.7345,10.7115,10.48,10.52,10.48,10.7750000953674,up,2026-09-22T14:05:05,30.0,5.0
AAPL,2028-03-17,541,Call,270.0,AAPL280317C00270000,98.0,101.45,99.725,100.45,1.075,1.08176,3.0,719.0,0.2928,0.8444,0.0019,1.0005,-0.0147,2.7686,100.4482,99.84,100.45,99.84,99.375,up,2026-09-22T10:40:57,260.0,38.0
AAPL,2028-03-17,541,Put,270.0,AAPL280317P00270000,12.05,13.2,12.625,17.4,0.0,0.0,0.0,539.0,0.2992,-0.1682,0.0021,1.0334,-0.0285,-0.838,12.7252,0.0,0.0,0.0,12.7249999046326,up,2026-09-08T09:30:00,73.0,13.0
AAPL,2028-03-17,541,Call,280.0,AAPL280317C00280000,91.7,94.4,93.05000000000001,94.5,1.625,1.74966,2.0,1174.0,0.2938,0.8214,0.0022,1.0908,-0.0177,2.7591,93.3069,94.5,94.5,94.5,92.875,no_change,2026-09-22T13:43:15,96.0,20.0
AAPL,2028-03-17,541,Put,280.0,AAPL280317P00280000,14.1,16.05,15.075,16.37,0.0,0.0,0.0,655.0,0.2966,-0.1939,0.0024,1.1275,-0.0309,-0.9522,15.0189,0.0,0.0,0.0,15.0500001907349,up,2026-09-17T13:10:05,139.0,110.0
AAPL,2028-03-17,541,Call,290.0,AAPL280317C00290000,84.85,87.8,86.32499999999999,87.7,2.075,2.42336,53.0,726.0,0.2914,0.7965,0.0024,1.1791,-0.0207,2.7347,86.4435,86.25,89.22,86.25,85.625,down,2026-09-22T13:30:20,92.0,73.0
AAPL,2028-03-17,541,Put,290.0,AAPL280317P00290000,16.95,18.8,17.875,17.32,-0.555,-3.1049,1.0,661.0,0.2945,-0.2219,0.0026,1.2158,-0.0332,-1.0668,17.6253,17.32,17.32,17.32,17.875,down,2026-09-22T14:05:05,107.0,322.0
AAPL,2028-03-17,541,Call,300.0,AAPL280317C00300000,78.8,80.9,79.85,80.72,1.62,2.04804,180.0,2318.0,0.2889,0.7699,0.0026,1.2632,-0.0235,2.6988,79.8708,84.55,84.55,80.72,79.1000022888184,down,2026-09-22T14:41:27,38.0,55.0
AAPL,2028-03-17,541,Put,300.0,AAPL280317P00300000,20.05,20.95,20.5,20.44,-0.11,-0.535281,2.0,1385.0,0.2886,-0.2522,0.0029,1.3012,-0.0354,-1.1866,20.564,20.44,20.44,20.44,20.5500001907349,down,2026-09-22T10:46:37,10.0,12.0
AAPL,2028-03-17,541,Call,310.0,AAPL280317C00310000,72.3,75.1,73.69999999999999,75.08,2.605,3.59435,788.0,1637.0,0.2867,0.7418,0.0027,1.3422,-0.026,2.6486,73.6053,74.0,75.75,74.0,72.4749984741211,down,2026-09-22T13:27:04,59.0,109.0
AAPL,2028-03-17,541,Put,310.0,AAPL280317P00310000,23.3,24.2,23.75,24.04,0.0,0.0,0.0,250.0,0.2852,-0.2847,0.0032,1.3763,-0.0375,-1.3078,23.8534,0.0,0.0,0.0,23.9749994277954,down,2026-09-21T13:49:38,12.0,10.0
AAPL,2028-03-17,541,Call,320.0,AAPL280317C00320000,66.05,68.8,67.425,68.62,1.595,2.37971,438.0,807.0,0.2816,0.7122,0.0029,1.4139,-0.0284,2.5888,67.6548,69.75,69.81,68.62,67.0249977111816,down,2026-09-22T14:23:24,91.0,46.0
AAPL,2028-03-17,541,Put,320.0,AAPL280317P00320000,26.95,28.25,27.6,27.69,0.0,0.0,0.0,370.0,0.2838,-0.3193,0.0034,1.444,-0.0395,-1.4278,27.518,0.0,0.0,0.0,27.6999998092651,down,2026-09-21T13:45:24,15.0,17.0
AAPL,2028-03-17,541,Call,330.0,AAPL280317C00330000,61.05,63.25,62.15,63.5,2.075,3.3781,74.0,744.0,0.2814,0.6816,0.0031,1.4779,-0.0304,2.5161,62.0298,62.25,63.5,62.25,61.4250011444092,no_change,2026-09-22T10:50:28,41.0,96.0
AAPL,2028-03-17,541,Put,330.0,AAPL280317P00330000,30.95,32.1,31.525,31.74,0.0,0.0,0.0,136.0,0.2804,-0.3558,0.0036,1.4979,-0.0412,-1.5414,31.5633,0.0,0.0,0.0,31.8000001907349,down,2026-09-21T13:49:38,22.0,17.0
AAPL,2028-03-17,541,Call,340.0,AAPL280317C00340000,56.1,57.2,56.650000000000006,57.9,1.575,2.79627,93.0,1140.0,0.2777,0.65,0.0032,1.532,-0.0322,2.4366,56.7324,59.37,59.37,57.01,56.3250007629394,down,2026-09-22T13:39:59,17.0,5.0
AAPL,2028-03-17,541,Put,340.0,AAPL280317P00340000,35.35,37.4,36.375,35.6,-0.7,-1.92837,1.0,40.0,0.2807,-0.394,0.0039,1.5392,-0.0428,-1.6482,36.0073,35.6,35.6,35.6,36.2999992370606,down,2026-09-22T10:53:49,28.0,122.0
AAPL,2028-03-17,541,Call,350.0,AAPL280317C00350000,51.1,52.25,51.675,52.51,1.16,2.25901,44.0,4336.0,0.2756,0.6179,0.0034,1.5765,-0.0337,2.346,51.7664,53.85,54.07,51.55,51.3500003814697,down,2026-09-22T15:36:27,28.0,7.0
AAPL,2028-03-17,541,Put,350.0,AAPL280317P00350000,40.4,41.5,40.95,40.75,-0.25,-0.609756,19.0,266.0,0.2768,-0.4336,0.0041,1.5653,-0.0442,-1.7385,40.8544,40.5,40.75,40.5,41.0,up,2026-09-22T15:20:52,28.0,28.0
AAPL,2028-03-17,541,Call,360.0,AAPL280317C00360000,45.85,48.1,46.975,48.9,2.175,4.6549,4.0,762.0,0.2733,0.5854,0.0034,1.6101,-0.0349,2.252,47.1285,47.4,48.9,47.4,46.7249984741211,up,2026-09-22T11:39:21,99.0,37.0
AAPL,2028-03-17,541,Put,360.0,AAPL280317P00360000,45.4,47.1,46.25,47.85,0.0,0.0,0.0,275.0,0.2751,-0.4747,0.0043,1.5725,-0.0453,-1.8139,46.115,0.0,0.0,0.0,46.3499984741211,no_change,2026-09-17T15:15:12,19.0,39.0
AAPL,2028-03-17,541,Call,370.0,AAPL280317C00370000,41.55,44.15,42.849999999999994,42.55,0.0,0.0,0.0,744.0,0.2753,0.5528,0.0035,1.6329,-0.0358,2.1494,42.8152,0.0,0.0,0.0,42.2250003814697,up,2026-09-21T15:28:23,1.0,74.0
AAPL,2028-03-17,541,Put,370.0,AAPL280317P00370000,51.0,53.0,52.0,52.38,0.0,0.0,0.0,26.0,0.2738,-0.5167,0.0045,1.5649,-0.0463,-1.8661,51.7893,0.0,0.0,0.0,52.3999996185303,down,2026-09-21T14:21:27,10.0,51.0
AAPL,2028-03-17,541,Call,380.0,AAPL280317C00380000,38.35,40.15,39.25,39.0,0.875,2.29508,1.0,641.0,0.2736,0.5204,0.0036,1.645,-0.0363,2.0462,38.8198,39.0,39.0,39.0,38.125,up,2026-09-22T10:37:52,5.0,66.0
AAPL,2028-03-17,541,Put,380.0,AAPL280317P00380000,57.05,60.5,58.775,62.65,0.0,0.0,0.0,64.0,0.2768,-0.5596,0.0047,1.5327,-0.0469,-1.8881,57.8817,0.0,0.0,0.0,58.2749996185303,no_change,2026-09-11T11:38:28,8.0,82.0
AAPL,2028-03-17,541,Call,390.0,AAPL280317C00390000,34.5,36.15,35.325,36.6,1.55,4.42225,1.0,297.0,0.2707,0.4885,0.0036,1.6464,-0.0366,1.9378,35.1312,36.6,36.6,36.6,35.0500011444092,up,2026-09-22T09:34:45,16.0,51.0
AAPL,2028-03-17,541,Put,390.0,AAPL280317P00390000,63.5,67.0,65.25,63.1,-1.6,-2.47295,38.0,61.0,0.2754,-0.603,0.0048,1.4881,-0.0473,-1.8938,64.3831,63.1,63.1,63.05,64.7000007629394,no_change,2026-09-22T13:48:50,8.0,110.0
AAPL,2028-03-17,541,Call,400.0,AAPL280317C00400000,31.05,32.6,31.825000000000003,31.9,0.55,1.75438,58.0,899.0,0.2688,0.4572,0.0036,1.638,-0.0366,1.8302,31.7407,33.13,33.13,31.9,31.3500003814697,down,2026-09-22T15:23:10,22.0,25.0
AAPL,2028-03-17,541,Put,400.0,AAPL280317P00400000,70.4,72.75,71.575,100.82,0.0,0.0,0.0,1.0,0.2703,-0.6469,0.005,1.418,-0.0475,-1.8516,71.2941,0.0,0.0,0.0,71.7750015258789,down,2026-07-31T10:03:42,11.0,78.0
AAPL,2028-03-17,541,Call,410.0,AAPL280317C00410000,27.65,30.1,28.875,29.6,1.3,4.59364,17.0,1122.0,0.2687,0.4267,0.0036,1.6202,-0.0364,1.7221,28.6316,28.52,29.6,28.52,28.3000001907349,up,2026-09-22T12:25:30,51.0,140.0
AAPL,2028-03-17,541,Put,410.0,AAPL280317P00410000,77.65,80.7,79.17500000000001,88.0,0.0,0.0,0.0,6.0,0.2715,-0.6908,0.0051,1.3373,-0.0476,-1.7704,78.6043,0.0,0.0,0.0,78.7750015258789,down,2026-07-17T12:00:30,16.0,96.0
AAPL,2028-03-17,541,Call,420.0,AAPL280317C00420000,24.5,27.2,25.85,26.7,1.425,5.63798,21.0,668.0,0.2666,0.3972,0.0035,1.5936,-0.0359,1.6142,25.7934,26.87,26.87,26.7,25.2750005722046,down,2026-09-22T12:25:29,61.0,131.0
AAPL,2028-03-17,541,Put,420.0,AAPL280317P00420000,85.3,87.9,86.6,88.81,0.0,0.0,0.0,64.0,0.2686,-0.7356,0.0053,1.2219,-0.0476,-1.7103,86.3149,0.0,0.0,0.0,86.8000030517578,no_change,2026-09-18T15:56:31,10.0,99.0
AAPL,2028-03-17,541,Call,430.0,AAPL280317C00430000,22.35,24.4,23.375,23.5,0.875,3.8674,2.0,471.0,0.2633,0.3689,0.0034,1.5603,-0.0352,1.5106,23.2074,23.5,23.5,23.5,22.625,up,2026-09-22T13:30:47,15.0,9.0
AAPL,2028-03-17,541,Put,430.0,AAPL280317P00430000,93.15,96.5,94.825,95.3,0.0,0.0,0.0,59.0,0.2694,-0.7796,0.0054,1.0845,-0.0469,-1.586,94.4037,0.0,0.0,0.0,94.9250030517578,down,2026-09-21T14:48:31,65.0,82.0
AAPL,2028-03-17,541,Call,440.0,AAPL280317C00440000,19.1,21.3,20.200000000000003,21.63,1.155,5.64103,10.0,350.0,0.2604,0.3418,0.0034,1.5194,-0.0344,1.407,20.8594,22.12,22.12,21.63,20.4749994277954,down,2026-09-22T13:27:04,88.0,9.0
AAPL,2028-03-17,541,Put,440.0,AAPL280317P00440000,101.8,104.5,103.15,100.14,-3.385,-3.26974,3.0,0.0,0.2678,-0.8239,0.0055,0.9084,-0.0474,-1.3378,102.8807,100.14,100.14,100.14,103.525001525879,no_change,2026-09-22T11:22:03,63.0,133.0
AAPL,2028-03-17,541,Call,450.0,AAPL280317C00450000,16.85,19.75,18.3,19.05,0.725,3.95634,1.0,791.0,0.2612,0.3161,0.0032,1.4739,-0.0334,1.3096,18.7333,19.05,19.05,19.05,18.3249998092651,up,2026-09-22T11:33:35,132.0,76.0
AAPL,2028-03-17,541,Put,450.0,AAPL280317P00450000,109.5,114.0,111.75,120.63,0.0,0.0,0.0,3.0,0.2651,-0.8685,0.0057,0.769,-0.0477,-1.0505,111.6884,0.0,0.0,0.0,112.325000762939,up,2026-09-15T12:37:17,120.0,82.0
AAPL,2028-03-17,541,Call,460.0,AAPL280317C00460000,15.6,18.5,17.05,16.25,0.0,0.0,0.0,128.0,0.2653,0.2918,0.0031,1.4238,-0.0323,1.2149,16.8107,0.0,0.0,0.0,16.3999996185303,down,2026-09-21T11:55:44,56.0,203.0
AAPL,2028-03-17,541,Put,460.0,AAPL280317P00460000,119.0,122.15,120.575,201.55,0.0,0.0,0.0,0.0,0.2565,-0.9119,0.0058,0.5823,-0.047,-0.7593,120.85,0.0,0.0,0.0,121.649997711182,down,2026-04-06T15:36:53,82.0,82.0
AAPL,2028-03-17,541,Call,470.0,AAPL280317C00470000,13.85,16.5,15.175,13.5,0.0,0.0,0.0,237.0,0.264,0.2689,0.003,1.3695,-0.0311,1.1241,15.0788,0.0,0.0,0.0,14.7250003814697,down,2026-09-17T09:48:40,36.0,83.0
AAPL,2028-03-17,541,Put,470.0,AAPL280317P00470000,129.0,133.0,131.0,0.0,0.0,0.0,0.0,0.0,0.0,-0.9461,0.0049,0.3362,-0.0452,-0.5383,130.3838,0.0,0.0,0.0,131.125,no_change,,118.0,2.0
AAPL,2028-03-17,541,Call,480.0,AAPL280317C00480000,12.2,14.9,13.55,13.1,0.0,0.0,0.0,67.0,0.2669,0.2474,0.0029,1.314,-0.0298,1.0401,13.5193,0.0,0.0,0.0,13.3499999046326,up,2026-09-21T15:08:09,1.0,158.0
AAPL,2028-03-17,541,Put,480.0,AAPL280317P00480000,138.0,142.5,140.25,148.0,0.0,0.0,0.0,0.0,0.0,-0.972,0.0028,0.0284,-0.0501,0.0,140.2824,0.0,0.0,0.0,140.75,up,2026-07-24T13:13:07,77.0,77.0
AAPL,2028-03-17,541,Call,490.0,AAPL280317C00490000,10.7,12.75,11.725,11.15,0.0,0.0,0.0,96.0,0.2596,0.2274,0.0028,1.2557,-0.0285,0.9587,12.118,0.0,0.0,0.0,11.8000001907349,down,2026-09-17T11:59:29,90.0,13.0
AAPL,2028-03-17,541,Put,490.0,AAPL280317P00490000,148.0,152.5,150.25,209.65,0.0,0.0,0.0,0.0,0.0,-0.9896,0.001,0.0,-0.0501,0.0,150.2824,0.0,0.0,0.0,151.125,down,2026-02-06T09:52:18,76.0,76.0
AAPL,2028-03-17,541,Call,500.0,AAPL280317C00500000,9.6,11.2,10.399999999999999,11.0,0.425,4.01891,10.0,416.0,0.2587,0.2087,0.0026,1.1965,-0.0272,0.8832,10.8618,11.0,11.0,11.0,10.5750002861023,no_change,2026-09-22T09:43:55,149.0,12.0
AAPL,2028-03-17,541,Put,500.0,AAPL280317P00500000,158.0,162.5,160.25,0.0,0.0,0.0,0.0,0.0,0.0,-1.0,0.0,0.0,-0.0501,0.0,160.2824,0.0,0.0,0.0,161.099998474121,no_change,,76.0,76.0
AAPL,2028-03-17,541,Call,510.0,AAPL280317C00510000,7.85,11.05,9.45,8.32,0.0,0.0,0.0,268.0,0.26,0.1914,0.0025,1.1382,-0.0258,0.8134,9.7353,0.0,0.0,0.0,9.52499961853027,no_change,2026-09-02T11:03:57,243.0,190.0
AAPL,2028-03-17,541,Put,510.0,AAPL280317P00510000,168.0,172.25,170.125,0.0,0.0,0.0,0.0,0.0,0.0,-1.0,0.0,0.0,-0.0501,0.0,170.2824,0.0,0.0,0.0,170.900001525879,no_change,,76.0,76.0
AAPL,2028-03-17,541,Call,520.0,AAPL280317C00520000,7.85,9.8,8.825,8.72,0.0,0.0,0.0,169.0,0.2636,0.1754,0.0024,1.0791,-0.0245,0.7467,8.727,0.0,0.0,0.0,8.40000009536743,up,2026-09-17T15:20:49,24.0,93.0
AAPL,2028-03-17,541,Put,520.0,AAPL280317P00520000,178.0,182.5,180.25,0.0,0.0,0.0,0.0,0.0,0.0,-1.0,0.0,0.0,-0.0501,0.0,180.2824,0.0,0.0,0.0,181.099998474121,no_change,,77.0,77.0
AAPL,2028-03-17,541,Call,530.0,AAPL280317C00530000,7.45,8.25,7.85,7.68,0.0,0.0,0.0,213.0,0.2632,0.1606,0.0022,1.0209,-0.0232,0.6857,7.8259,0.0,0.0,0.0,7.42500019073486,up,2026-09-17T09:30:01,4.0,6.0
AAPL,2028-03-17,541,Put,530.0,AAPL280317P00530000,188.0,192.5,190.25,0.0,0.0,0.0,0.0,0.0,0.0,-1.0,0.0,0.0,-0.0501,0.0,190.2824,0.0,0.0,0.0,190.900001525879,no_change,,77.0,77.0
AAPL,2028-03-17,541,Call,540.0,AAPL280317C00540000,6.25,7.7,6.975,6.75,0.0,0.0,0.0,102.0,0.2624,0.147,0.0021,0.965,-0.0219,0.6299,7.0196,0.0,0.0,0.0,6.80000019073486,up,2026-09-14T11:29:02,72.0,113.0
AAPL,2028-03-17,541,Put,540.0,AAPL280317P00540000,198.0,202.5,200.25,0.0,0.0,0.0,0.0,0.0,0.0,-1.0,0.0,0.0,-0.0501,0.0,200.2824,0.0,0.0,0.0,201.0,no_change,,76.0,76.0
AAPL,2028-03-17,541,Call,550.0,AAPL280317C00550000,6.0,6.7,6.35,6.45,0.45,7.5,1.0,1564.0,0.2636,0.1345,0.002,0.9098,-0.0206,0.5769,6.2991,6.45,6.45,6.45,6.0,up,2026-09-22T11:57:09,8.0,33.0
AAPL,2028-03-17,541,Put,550.0,AAPL280317P00550000,208.0,212.5,210.25,277.5,0.0,0.0,0.0,0.0,0.0,-1.0,0.0,0.0,-0.0501,0.0,210.2824,0.0,0.0,0.0,211.099998474121,up,2025-12-31T12:39:47,77.0,77.0
AAPL,2028-03-17,541,Call,560.0,AAPL280317C00560000,5.25,5.9,5.575,5.15,0.0,0.0,0.0,149.0,0.2623,0.123,0.0019,0.856,-0.0194,0.5286,5.6561,0.0,0.0,0.0,5.375,down,2026-09-16T15:28:40,9.0,20.0
AAPL,2028-03-17,541,Put,560.0,AAPL280317P00560000,218.0,222.5,220.25,0.0,0.0,0.0,0.0,0.0,0.0,-1.0,0.0,0.0,-0.0501,0.0,220.2824,0.0,0.0,0.0,221.025001525879,no_change,,77.0,77.0
AAPL,2028-03-17,541,Call,570.0,AAPL280317C00570000,3.8,5.6,4.699999999999999,5.0,0.0,0.0,0.0,34.0,0.2635,0.1125,0.0018,0.8054,-0.0182,0.4849,5.0813,0.0,0.0,0.0,4.82500004768372,down,2026-09-16T09:30:00,1.0,1.0
AAPL,2028-03-17,541,Put,570.0,AAPL280317P00570000,228.0,232.5,230.25,0.0,0.0,0.0,0.0,0.0,0.0,-1.0,0.0,0.0,-0.0501,0.0,230.2824,0.0,0.0,0.0,230.824996948242,no_change,,77.0,77.0
AAPL,2028-03-17,541,Call,580.0,AAPL280317C00580000,3.85,5.6,4.725,4.65,0.0,0.0,0.0,121.0,0.266,0.1029,0.0016,0.7567,-0.0171,0.4439,4.5675,0.0,0.0,0.0,4.32500004768372,down,2026-09-11T15:11:53,71.0,155.0
AAPL,2028-03-17,541,Put,580.0,AAPL280317P00580000,238.0,242.5,240.25,0.0,0.0,0.0,0.0,0.0,0.0,-1.0,0.0,0.0,-0.0501,0.0,240.2824,0.0,0.0,0.0,241.0,no_change,,77.0,75.0
AAPL,2028-03-17,541,Call,590.0,AAPL280317C00590000,3.9,4.55,4.225,3.65,0.0,0.0,0.0,213.0,0.266,0.0941,0.0015,0.7093,-0.0161,0.4061,4.1089,0.0,0.0,0.0,3.90000009536743,down,2026-09-10T11:34:38,12.0,59.0
AAPL,2028-03-17,541,Put,590.0,AAPL280317P00590000,248.0,252.5,250.25,0.0,0.0,0.0,0.0,0.0,0.0,-1.0,0.0,0.0,-0.0501,0.0,250.2824,0.0,0.0,0.0,250.824996948242,no_change,,77.0,75.0
AAPL,2028-03-17,541,Call,600.0,AAPL280317C00600000,3.15,3.9,3.525,3.86,0.41,11.8841,1.0,640.0,0.2619,0.086,0.0014,0.6648,-0.015,0.3722,3.699,3.86,3.86,3.86,3.45000004768372,up,2026-09-22T11:12:42,127.0,28.0
AAPL,2028-03-17,541,Put,600.0,AAPL280317P00600000,258.0,262.5,260.25,0.0,0.0,0.0,0.0,0.0,0.0,-1.0,0.0,0.0,-0.0501,0.0,260.2824,0.0,0.0,0.0,260.875,no_change,,72.0,6.0
AAPL,2028-06-16,632,Call,50.0,AAPL280616C00050000,290.0,295.0,292.5,0.0,0.0,0.0,0.0,0.0,0.0,1.0,0.0,0.0174,0.0,0.7597,292.8624,0.0,0.0,0.0,292.0,no_change,,77.0,1.0
AAPL,2028-06-16,632,Put,50.0,AAPL280616P00050000,0.0,2.64,1.32,0.0,0.0,0.0,0.0,0.0,0.8022,-0.0012,0.0,0.0176,-0.0007,-0.008,0.0956,0.0,0.0,0.0,2.15000009536743,no_change,,0.0,143.0
AAPL,2028-06-16,632,Call,55.0,AAPL280616C00055000,285.5,290.5,288.0,0.0,0.0,0.0,0.0,0.0,0.0,1.0,0.0,0.0208,0.0,0.8344,288.2819,0.0,0.0,0.0,287.5,no_change,,77.0,1.0
AAPL,2028-06-16,632,Put,55.0,AAPL280616P00055000,0.0,2.65,1.325,0.0,0.0,0.0,0.0,0.0,0.7632,-0.0014,0.0,0.0209,-0.0008,-0.0096,0.114,0.0,0.0,0.0,2.17499995231628,no_change,,0.0,144.0
AAPL,2028-06-16,632,Call,60.0,AAPL280616C00060000,281.0,285.5,283.25,0.0,0.0,0.0,0.0,0.0,0.0,1.0,0.0,0.0246,0.0,0.9599,283.7171,0.0,0.0,0.0,283.0,no_change,,75.0,1.0
AAPL,2028-06-16,632,Put,60.0,AAPL280616P00060000,0.0,2.65,1.325,0.0,0.0,0.0,0.0,0.0,0.7276,-0.0017,0.0,0.0248,-0.001,-0.0115,0.1345,0.0,0.0,0.0,2.17499995231628,no_change,,0.0,146.0
AAPL,2028-06-16,632,Call,65.0,AAPL280616C00065000,276.0,281.0,278.5,0.0,0.0,0.0,0.0,0.0,0.0,0.9999,0.0,0.0288,0.0,1.0374,279.1641,0.0,0.0,0.0,278.5,no_change,,77.0,1.0
AAPL,2028-06-16,632,Put,65.0,AAPL280616P00065000,0.0,2.65,1.325,0.0,0.0,0.0,0.0,0.0,0.6951,-0.002,0.0,0.0292,-0.0011,-0.0136,0.1576,0.0,0.0,0.0,2.17499995231628,no_change,,0.0,146.0
AAPL,2028-06-16,632,Call,70.0,AAPL280616C00070000,271.75,276.5,274.125,272.45,0.0,0.0,0.0,1.0,0.0,0.9996,0.0,0.0336,0.0,1.1145,274.6139,0.0,0.0,0.0,274.0,down,2026-09-21T14:19:42,77.0,1.0
AAPL,2028-06-16,632,Put,70.0,AAPL280616P00070000,0.0,2.66,1.33,0.0,0.0,0.0,0.0,0.0,0.6658,-0.0024,0.0,0.0338,-0.0012,-0.0161,0.1835,0.0,0.0,0.0,2.20000004768372,no_change,,0.0,97.0
AAPL,2028-06-16,632,Call,75.0,AAPL280616C00075000,267.0,272.0,269.5,0.0,0.0,0.0,0.0,0.0,0.0,0.9992,0.0,0.0387,0.0,1.1913,270.0666,0.0,0.0,0.0,269.324996948242,no_change,,77.0,1.0
AAPL,2028-06-16,632,Put,75.0,AAPL280616P00075000,0.0,2.66,1.33,0.0,0.0,0.0,0.0,0.0,0.6384,-0.0028,0.0,0.0391,-0.0014,-0.0187,0.2123,0.0,0.0,0.0,1.31500005722046,no_change,,0.0,143.0
AAPL,2028-06-16,632,Call,80.0,AAPL280616C00080000,262.5,267.5,265.0,0.0,0.0,0.0,0.0,0.0,0.0,0.9987,0.0,0.0444,0.0,1.2678,265.5226,0.0,0.0,0.0,265.100006103516,no_change,,77.0,1.0
AAPL,2028-06-16,632,Put,80.0,AAPL280616P00080000,0.0,2.68,1.34,0.0,0.0,0.0,0.0,0.0,0.6136,-0.0032,0.0,0.045,-0.0016,-0.0218,0.2444,0.0,0.0,0.0,1.32500004768372,no_change,,0.0,108.0
AAPL,2028-06-16,632,Call,85.0,AAPL280616C00085000,258.0,263.0,260.5,263.8,3.55,1.36407,12.0,0.0,0.0,0.9982,0.0,0.0508,0.0,1.3438,260.9822,264.15,264.4,263.8,260.25,down,2026-09-22T11:36:04,80.0,1.0
AAPL,2028-06-16,632,Put,85.0,AAPL280616P00085000,0.0,2.7,1.35,0.0,0.0,0.0,0.0,0.0,0.5905,-0.0038,0.0,0.0516,-0.0018,-0.0252,0.2804,0.0,0.0,0.0,0.25,no_change,,0.0,150.0
AAPL,2028-06-16,632,Call,90.0,AAPL280616C00090000,253.5,258.5,256.0,259.25,3.5,1.36852,12.0,1.0,0.0,0.9976,0.0001,0.0578,0.0,1.4194,256.4461,259.65,259.9,259.25,255.75,down,2026-09-22T11:36:03,80.0,1.0
AAPL,2028-06-16,632,Put,90.0,AAPL280616P00090000,0.0,2.72,1.36,0.0,0.0,0.0,0.0,0.0,0.5688,-0.0043,0.0001,0.0585,-0.002,-0.0291,0.3208,0.0,0.0,0.0,0.280000001192093,no_change,,0.0,170.0
AAPL,2028-06-16,632,Call,95.0,AAPL280616C00095000,249.0,254.0,251.5,254.75,3.5,1.39303,6.0,0.0,0.0,0.997,0.0001,0.0654,0.0,1.4946,251.9146,255.1,255.1,254.75,251.25,down,2026-09-22T11:36:03,80.0,1.0
AAPL,2028-06-16,632,Put,95.0,AAPL280616P00095000,0.0,0.76,0.38,0.32,0.0,0.0,0.0,80.0,0.4526,-0.005,0.0001,0.0661,-0.0022,-0.0332,0.3658,0.0,0.0,0.0,0.274999991059303,up,2026-09-21T10:42:21,0.0,261.0
AAPL,2028-06-16,632,Call,100.0,AAPL280616C00100000,244.5,249.5,247.0,250.1,3.35,1.35765,15.0,4.0,0.3255,0.9963,0.0001,0.0738,0.0,1.5692,247.3882,246.9,250.85,246.9,246.75,down,2026-09-22T11:36:03,79.0,1.0
AAPL,2028-06-16,632,Put,100.0,AAPL280616P00100000,0.0,1.23,0.615,0.0,0.0,0.0,0.0,0.0,0.4659,-0.0057,0.0001,0.075,-0.0024,-0.0379,0.4159,0.0,0.0,0.0,0.400000002235174,no_change,,0.0,273.0
AAPL,2028-06-16,632,Call,105.0,AAPL280616C00105000,240.0,245.0,242.5,245.55,3.3,1.36223,14.0,0.0,0.3599,0.9955,0.0001,0.083,0.0,1.6433,242.8676,246.05,246.25,245.55,242.25,down,2026-09-22T11:36:04,85.0,1.0
AAPL,2028-06-16,632,Put,105.0,AAPL280616P00105000,0.0,1.28,0.64,0.0,0.0,0.0,0.0,0.0,0.4517,-0.0065,0.0001,0.0846,-0.0026,-0.0435,0.4721,0.0,0.0,0.0,0.474999994039536,no_change,,0.0,282.0
AAPL,2028-06-16,632,Call,110.0,AAPL280616C00110000,235.5,240.5,238.0,0.0,0.0,0.0,0.0,0.0,0.3693,0.9946,0.0001,0.0932,0.0,1.7166,238.3533,0.0,0.0,0.0,237.75,no_change,,77.0,1.0
AAPL,2028-06-16,632,Put,110.0,AAPL280616P00110000,0.0,2.85,1.425,0.0,0.0,0.0,0.0,0.0,0.495,-0.0075,0.0001,0.0948,-0.0029,-0.0495,0.5352,0.0,0.0,0.0,0.484999999403954,no_change,,0.0,291.0
AAPL,2028-06-16,632,Call,115.0,AAPL280616C00115000,231.0,236.0,233.5,0.0,0.0,0.0,0.0,0.0,0.3719,0.9936,0.0001,0.1043,0.0,1.7892,233.8463,0.0,0.0,0.0,233.25,no_change,,77.0,10.0
AAPL,2028-06-16,632,Put,115.0,AAPL280616P00115000,0.0,2.89,1.445,0.0,0.0,0.0,0.0,0.0,0.479,-0.0085,0.0001,0.1057,-0.0032,-0.0558,0.6056,0.0,0.0,0.0,1.1000000089407,no_change,,0.0,201.0
AAPL,2028-06-16,632,Call,120.0,AAPL280616C00120000,226.5,231.5,229.0,0.0,0.0,0.0,0.0,0.0,0.371,0.9925,0.0001,0.1162,0.0,1.861,229.3473,0.0,0.0,0.0,228.75,no_change,,77.0,10.0
AAPL,2028-06-16,632,Put,120.0,AAPL280616P00120000,0.0,2.93,1.465,0.0,0.0,0.0,0.0,0.0,0.4636,-0.0096,0.0001,0.1182,-0.0035,-0.0631,0.6838,0.0,0.0,0.0,0.694999977946281,no_change,,0.0,211.0
AAPL,2028-06-16,632,Call,125.0,AAPL280616C00125000,222.0,227.0,224.5,0.0,0.0,0.0,0.0,0.0,0.3682,0.9912,0.0002,0.1293,0.0,1.9321,224.8568,0.0,0.0,0.0,224.25,no_change,,78.0,7.0
AAPL,2028-06-16,632,Put,125.0,AAPL280616P00125000,0.0,2.85,1.425,0.0,0.0,0.0,0.0,0.0,0.4457,-0.0109,0.0002,0.1322,-0.0039,-0.0714,0.7712,0.0,0.0,0.0,0.775000005960464,no_change,,0.0,199.0
AAPL,2028-06-16,632,Call,130.0,AAPL280616C00130000,217.5,222.5,220.0,0.0,0.0,0.0,0.0,0.0,0.3642,0.9899,0.0002,0.1437,0.0,2.0021,220.376,0.0,0.0,0.0,219.75,no_change,,78.0,7.0
AAPL,2028-06-16,632,Put,130.0,AAPL280616P00130000,0.0,3.05,1.525,0.0,0.0,0.0,0.0,0.0,0.4358,-0.0123,0.0002,0.1468,-0.0042,-0.0809,0.8691,0.0,0.0,0.0,0.644999980926514,no_change,,0.0,217.0
AAPL,2028-06-16,632,Call,135.0,AAPL280616C00135000,213.0,218.0,215.5,0.0,0.0,0.0,0.0,0.0,0.3592,0.9883,0.0002,0.1593,0.0,2.071,215.906,0.0,0.0,0.0,215.25,no_change,,77.0,10.0
AAPL,2028-06-16,632,Put,135.0,AAPL280616P00135000,0.0,3.1,1.55,0.0,0.0,0.0,0.0,0.0,0.4224,-0.0139,0.0002,0.162,-0.0046,-0.0905,0.9782,0.0,0.0,0.0,1.13499999046326,no_change,,0.0,215.0
AAPL,2028-06-16,632,Call,140.0,AAPL280616C00140000,208.5,213.5,211.0,0.0,0.0,0.0,0.0,0.0,0.3537,0.9867,0.0002,0.1758,0.0,2.1388,211.4477,0.0,0.0,0.0,210.75,no_change,,77.0,10.0
AAPL,2028-06-16,632,Put,140.0,AAPL280616P00140000,0.18,3.2,1.6900000000000002,1.0,0.0,0.0,0.0,2.0,0.4148,-0.0156,0.0002,0.1794,-0.0051,-0.1014,1.0988,0.0,0.0,0.0,1.22999998927116,up,2026-09-21T13:47:11,411.0,454.0
AAPL,2028-06-16,632,Call,145.0,AAPL280616C00145000,204.5,209.0,206.75,0.0,0.0,0.0,0.0,0.0,0.3648,0.9848,0.0002,0.1938,0.0,2.2055,207.0021,0.0,0.0,0.0,206.75,no_change,,75.0,8.0
AAPL,2028-06-16,632,Put,145.0,AAPL280616P00145000,0.0,3.25,1.625,0.0,0.0,0.0,0.0,0.0,0.3981,-0.0176,0.0003,0.1985,-0.0055,-0.1138,1.233,0.0,0.0,0.0,1.48500001430511,no_change,,0.0,282.0
AAPL,2028-06-16,632,Call,150.0,AAPL280616C00150000,200.0,204.65,202.325,202.5,0.25,0.123609,1.0,0.0,0.357,0.9828,0.0003,0.2133,0.0,2.2708,202.5705,202.5,202.5,202.5,202.25,up,2026-09-22T15:48:04,78.0,10.0
AAPL,2028-06-16,632,Put,150.0,AAPL280616P00150000,0.27,2.88,1.575,0.0,0.0,0.0,0.0,0.0,0.3826,-0.0197,0.0003,0.2187,-0.006,-0.127,1.3824,0.0,0.0,0.0,1.49000000953674,no_change,,456.0,453.0
AAPL,2028-06-16,632,Call,155.0,AAPL280616C00155000,196.15,200.2,198.175,0.0,0.0,0.0,0.0,0.0,0.3699,0.9806,0.0003,0.2342,0.0,2.3345,198.1542,0.0,0.0,0.0,197.574996948242,no_change,,76.0,6.0
AAPL,2028-06-16,632,Put,155.0,AAPL280616P00155000,0.23,3.4,1.815,0.0,0.0,0.0,0.0,0.0,0.3799,-0.022,0.0003,0.2393,-0.0065,-0.142,1.5482,0.0,0.0,0.0,1.68000000715256,no_change,,519.0,452.0
AAPL,2028-06-16,632,Call,160.0,AAPL280616C00160000,191.5,195.55,193.525,0.0,0.0,0.0,0.0,0.0,0.3544,0.9781,0.0004,0.2564,0.0,2.3966,193.7548,0.0,0.0,0.0,193.050003051758,no_change,,108.0,10.0
AAPL,2028-06-16,632,Put,160.0,AAPL280616P00160000,0.41,3.55,1.98,0.0,0.0,0.0,0.0,0.0,0.3735,-0.0246,0.0004,0.2625,-0.0071,-0.1576,1.7306,0.0,0.0,0.0,1.87000000476837,no_change,,231.0,222.0
AAPL,2028-06-16,632,Call,165.0,AAPL280616C00165000,187.0,191.5,189.25,0.0,0.0,0.0,0.0,0.0,0.3549,0.9754,0.0004,0.28,0.0,2.4574,189.3733,0.0,0.0,0.0,188.75,no_change,,100.0,17.0
AAPL,2028-06-16,632,Put,165.0,AAPL280616P00165000,0.61,3.65,2.13,0.0,0.0,0.0,0.0,0.0,0.3664,-0.0274,0.0004,0.2879,-0.0077,-0.1754,1.9323,0.0,0.0,0.0,1.63499996066093,no_change,,233.0,225.0
AAPL,2028-06-16,632,Call,170.0,AAPL280616C00170000,182.5,187.0,184.75,0.0,0.0,0.0,0.0,0.0,0.346,0.9725,0.0004,0.3054,0.0,2.5164,185.0113,0.0,0.0,0.0,184.75,no_change,,120.0,23.0
AAPL,2028-06-16,632,Put,170.0,AAPL280616P00170000,1.17,2.92,2.045,0.0,0.0,0.0,0.0,0.0,0.3513,-0.0305,0.0004,0.3144,-0.0083,-0.1947,2.1555,0.0,0.0,0.0,2.26499998569489,no_change,,268.0,217.0
AAPL,2028-06-16,632,Call,175.0,AAPL280616C00175000,178.5,182.5,180.5,181.87,1.895,1.05292,1.0,0.0,0.3456,0.9693,0.0005,0.3325,0.0,2.5731,180.6706,181.87,181.87,181.87,179.974998474121,up,2026-09-22T14:41:24,102.0,11.0
AAPL,2028-06-16,632,Put,175.0,AAPL280616P00175000,1.88,3.85,2.865,0.0,0.0,0.0,0.0,0.0,0.3644,-0.0338,0.0005,0.3413,-0.0089,-0.2157,2.4037,0.0,0.0,0.0,2.29999995231628,no_change,,263.0,349.0
AAPL,2028-06-16,632,Call,180.0,AAPL280616C00180000,174.0,178.5,176.25,0.0,0.0,0.0,0.0,0.0,0.344,0.9658,0.0005,0.3609,0.0,2.6278,176.3529,0.0,0.0,0.0,175.625,no_change,,119.0,12.0
AAPL,2028-06-16,632,Put,180.0,AAPL280616P00180000,1.96,3.95,2.955,0.0,0.0,0.0,0.0,0.0,0.3546,-0.0375,0.0005,0.3708,-0.0096,-0.2372,2.6708,0.0,0.0,0.0,2.72500002384186,no_change,,337.0,342.0
AAPL,2028-06-16,632,Call,185.0,AAPL280616C00185000,169.5,174.0,171.75,0.0,0.0,0.0,0.0,0.0,0.3347,0.9621,0.0006,0.3906,0.0,2.6808,172.06,0.0,0.0,0.0,171.474998474121,no_change,,126.0,13.0
AAPL,2028-06-16,632,Put,185.0,AAPL280616P00185000,2.05,3.65,2.8499999999999996,0.0,0.0,0.0,0.0,0.0,0.34,-0.0415,0.0006,0.403,-0.0103,-0.2624,2.9664,0.0,0.0,0.0,2.11999994516373,no_change,,115.0,75.0
AAPL,2028-06-16,632,Call,190.0,AAPL280616C00190000,165.0,170.0,167.5,0.0,0.0,0.0,0.0,0.0,0.3322,0.958,0.0006,0.4222,0.0,2.7315,167.7931,0.0,0.0,0.0,167.150001525879,no_change,,102.0,63.0
AAPL,2028-06-16,632,Put,190.0,AAPL280616P00190000,1.0,4.7,2.85,0.0,0.0,0.0,0.0,0.0,0.3286,-0.0458,0.0006,0.4361,-0.0111,-0.289,3.2896,0.0,0.0,0.0,3.72499990463257,no_change,,226.0,193.0
AAPL,2028-06-16,632,Call,195.0,AAPL280616C00195000,161.0,165.5,163.25,0.0,0.0,0.0,0.0,0.0,0.3289,0.9537,0.0007,0.4556,0.0,2.7795,163.5546,0.0,0.0,0.0,163.375,no_change,,106.0,16.0
AAPL,2028-06-16,632,Put,195.0,AAPL280616P00195000,2.96,5.05,4.005,0.0,0.0,0.0,0.0,0.0,0.3436,-0.0505,0.0007,0.4697,-0.0118,-0.3174,3.647,0.0,0.0,0.0,3.07500004768372,no_change,,283.0,281.0
AAPL,2028-06-16,632,Call,200.0,AAPL280616C00200000,156.5,161.5,159.0,161.8,2.775,1.74501,2.0,0.0,0.3252,0.949,0.0007,0.4904,0.0,2.8248,159.3468,162.05,162.05,161.8,159.025001525879,down,2026-09-22T12:38:10,137.0,71.0
AAPL,2028-06-16,632,Put,200.0,AAPL280616P00200000,3.2,5.45,4.325,0.0,0.0,0.0,0.0,0.0,0.3384,-0.0555,0.0008,0.5052,-0.0127,-0.3465,4.032,0.0,0.0,0.0,4.45000004768372,no_change,,274.0,259.0
AAPL,2028-06-16,632,Call,210.0,AAPL280616C00210000,148.5,153.0,150.75,0.0,0.0,0.0,0.0,0.0,0.3211,0.9385,0.0008,0.5636,0.0,2.9086,151.03,0.0,0.0,0.0,150.275001525879,no_change,,117.0,18.0
AAPL,2028-06-16,632,Put,210.0,AAPL280616P00210000,2.83,6.35,4.59,0.0,0.0,0.0,0.0,0.0,0.3207,-0.0666,0.0009,0.5835,-0.0144,-0.415,4.9068,0.0,0.0,0.0,5.09999990463257,no_change,,349.0,275.0
AAPL,2028-06-16,632,Call,220.0,AAPL280616C00220000,140.0,144.95,142.475,143.93,1.78,1.2522,7.0,0.0,0.3143,0.9265,0.001,0.6434,0.0,2.9798,142.8592,143.1,143.93,143.1,142.150001525879,up,2026-09-22T15:28:05,111.0,41.0
AAPL,2028-06-16,632,Put,220.0,AAPL280616P00220000,5.25,7.0,6.125,0.0,0.0,0.0,0.0,0.0,0.3233,-0.0795,0.0011,0.6643,-0.0162,-0.4893,5.9443,0.0,0.0,0.0,6.17499995231628,no_change,,237.0,235.0
AAPL,2028-06-16,632,Call,230.0,AAPL280616C00230000,132.5,136.85,134.675,134.01,-0.39,-0.29018,33.0,0.0,0.3127,0.913,0.0011,0.7268,0.0,3.0401,134.8524,134.3,134.3,134.01,134.400001525879,no_change,2026-09-22T15:31:38,123.0,55.0
AAPL,2028-06-16,632,Put,230.0,AAPL280616P00230000,4.5,9.5,7.0,8.1,0.0,0.0,0.0,1.0,0.3129,-0.0943,0.0012,0.7544,-0.0181,-0.5774,7.1658,0.0,0.0,0.0,6.92499995231628,up,2026-09-21T09:39:03,167.0,153.0
AAPL,2028-06-16,632,Call,240.0,AAPL280616C00240000,124.5,129.0,126.75,127.76,1.435,1.13596,20.0,1.0,0.3068,0.8978,0.0013,0.8155,-0.0012,3.0863,127.0261,127.76,127.76,127.76,126.324996948242,no_change,2026-09-22T15:30:59,110.0,84.0
AAPL,2028-06-16,632,Put,240.0,AAPL280616P00240000,7.55,10.05,8.8,0.0,0.0,0.0,0.0,0.0,0.3129,-0.1109,0.0014,0.8448,-0.0201,-0.6694,8.5818,0.0,0.0,0.0,8.82499980926514,no_change,,224.0,214.0
AAPL,2028-06-16,632,Call,250.0,AAPL280616C00250000,117.0,121.5,119.25,120.23,1.23,1.03361,10.0,0.0,0.304,0.8809,0.0015,0.9056,-0.0042,3.1203,119.3994,120.23,120.23,120.23,119.0,up,2026-09-22T15:29:41,151.0,77.0
AAPL,2028-06-16,632,Put,250.0,AAPL280616P00250000,8.0,12.5,10.25,0.0,0.0,0.0,0.0,0.0,0.3061,-0.1295,0.0016,0.9405,-0.0222,-0.776,10.215,0.0,0.0,0.0,10.5500001907349,no_change,,269.0,143.0
AAPL,2028-06-16,632,Call,260.0,AAPL280616C00260000,109.5,114.0,111.75,0.0,0.0,0.0,0.0,0.0,0.2991,0.8624,0.0016,0.9987,-0.0072,3.1394,111.9876,0.0,0.0,0.0,111.324996948242,no_change,,115.0,73.0
AAPL,2028-06-16,632,Put,260.0,AAPL280616P00260000,10.85,13.5,12.175,12.5,0.0,0.0,0.0,1.0,0.3024,-0.1502,0.0018,1.0362,-0.0243,-0.8826,12.0925,0.0,0.0,0.0,12.4499998092651,up,2026-09-21T12:50:33,228.0,159.0
AAPL,2028-06-16,632,Call,270.0,AAPL280616C00270000,102.0,106.7,104.35,106.11,2.06,1.97982,2.0,4.0,0.2934,0.8421,0.0018,1.091,-0.0102,3.1454,104.8093,106.25,106.25,106.11,104.049999237061,down,2026-09-22T09:54:25,127.0,74.0
AAPL,2028-06-16,632,Put,270.0,AAPL280616P00270000,12.85,15.8,14.325,0.0,0.0,0.0,0.0,0.0,0.2986,-0.1729,0.002,1.1334,-0.0264,-1.0012,14.2278,0.0,0.0,0.0,15.1249995231628,no_change,,197.0,144.0
AAPL,2028-06-16,632,Call,280.0,AAPL280616C00280000,95.5,100.0,97.75,99.5,2.125,2.18229,1.0,0.0,0.2931,0.8203,0.002,1.1831,-0.0131,3.1369,97.877,99.5,99.5,99.5,97.375,up,2026-09-22T09:46:24,131.0,67.0
AAPL,2028-06-16,632,Put,280.0,AAPL280616P00280000,14.5,19.0,16.75,17.83,0.0,0.0,0.0,4.0,0.295,-0.1977,0.0023,1.2269,-0.0284,-1.1241,16.6496,0.0,0.0,0.0,17.1999998092651,down,2026-09-21T11:28:18,242.0,140.0
AAPL,2028-06-16,632,Call,290.0,AAPL280616C00290000,88.5,93.5,91.0,92.8,2.375,2.62649,3.0,0.0,0.2893,0.7969,0.0022,1.272,-0.0159,3.1148,91.2075,92.8,92.8,92.8,90.4249992370606,no_change,2026-09-22T13:31:03,138.0,79.0
AAPL,2028-06-16,632,Put,290.0,AAPL280616P00290000,17.55,21.0,19.275,19.2,-0.625,-3.15258,2.0,0.0,0.2902,-0.2246,0.0025,1.3177,-0.0304,-1.2541,19.3674,19.2,19.2,19.2,19.8249998092651,down,2026-09-22T09:41:37,229.0,132.0
AAPL,2028-06-16,632,Call,300.0,AAPL280616C00300000,82.5,86.1,84.3,86.4,2.225,2.6433,4.0,0.0,0.2841,0.7722,0.0024,1.3573,-0.0185,3.0802,84.8093,86.4,86.4,86.4,84.1749992370606,up,2026-09-22T13:32:13,144.0,26.0
AAPL,2028-06-16,632,Put,300.0,AAPL280616P00300000,21.2,24.1,22.65,0.0,0.0,0.0,0.0,0.0,0.2896,-0.2535,0.0027,1.4016,-0.0324,-1.3847,22.4088,0.0,0.0,0.0,22.9250001907349,no_change,,159.0,112.0
AAPL,2028-06-16,632,Call,310.0,AAPL280616C00310000,76.5,81.0,78.75,78.22,0.0,0.0,0.0,7.0,0.2855,0.7461,0.0025,1.4374,-0.0209,3.0315,78.6958,0.0,0.0,0.0,78.1500015258789,up,2026-09-21T12:14:34,129.0,77.0
AAPL,2028-06-16,632,Put,310.0,AAPL280616P00310000,24.85,28.5,26.675,26.05,-0.325,-1.23223,2.0,0.0,0.2912,-0.2843,0.003,1.4797,-0.0342,-1.5156,25.7792,26.05,26.05,26.05,26.375,down,2026-09-22T10:46:37,79.0,131.0
AAPL,2028-06-16,632,Call,320.0,AAPL280616C00320000,70.5,75.0,72.75,74.6,1.9,2.61348,9.0,6.0,0.2818,0.7189,0.0027,1.5105,-0.0232,2.9734,72.8713,74.6,74.6,74.6,72.7000007629394,up,2026-09-22T13:14:39,119.0,91.0
AAPL,2028-06-16,632,Put,320.0,AAPL280616P00320000,28.55,30.7,29.625,0.0,0.0,0.0,0.0,0.0,0.2834,-0.3169,0.0032,1.5471,-0.0359,-1.6437,29.5042,0.0,0.0,0.0,30.0250005722046,no_change,,82.0,36.0
AAPL,2028-06-16,632,Call,330.0,AAPL280616C00330000,66.0,69.5,67.75,66.16,0.0,0.0,0.0,4.0,0.2829,0.6908,0.0028,1.5767,-0.0252,2.9016,67.3439,0.0,0.0,0.0,66.9750022888184,up,2026-09-21T11:28:18,53.0,113.0
AAPL,2028-06-16,632,Put,330.0,AAPL280616P00330000,31.5,35.0,33.25,33.92,0.0,0.0,0.0,1.0,0.2782,-0.3513,0.0034,1.6027,-0.0375,-1.759,33.5856,0.0,0.0,0.0,34.3499984741211,up,2026-09-21T13:31:09,172.0,52.0
AAPL,2028-06-16,632,Call,340.0,AAPL280616C00340000,59.5,63.8,61.65,64.32,2.545,4.11979,3.0,7.0,0.2753,0.662,0.003,1.6338,-0.027,2.8237,62.115,63.8,64.89,63.8,61.7749996185303,down,2026-09-22T12:33:48,109.0,55.0
AAPL,2028-06-16,632,Put,340.0,AAPL280616P00340000,35.5,40.5,38.0,37.39,-0.66,-1.73456,1.0,0.0,0.2779,-0.3872,0.0036,1.6472,-0.0389,-1.8783,38.0397,37.39,37.39,37.39,38.0500011444092,down,2026-09-22T11:00:51,112.0,100.0
AAPL,2028-06-16,632,Call,350.0,AAPL280616C00350000,55.0,57.9,56.45,58.68,1.63,2.85714,83.0,214.0,0.2718,0.6326,0.0031,1.6822,-0.0285,2.7339,57.1854,59.83,59.83,58.68,57.0499992370606,down,2026-09-22T13:09:24,145.0,1.0
AAPL,2028-06-16,632,Put,350.0,AAPL280616P00350000,40.5,45.5,43.0,0.0,0.0,0.0,0.0,0.0,0.2769,-0.4245,0.0039,1.6734,-0.0402,-1.9708,42.8756,0.0,0.0,0.0,43.3500003814697,no_change,,109.0,108.0
AAPL,2028-06-16,632,Call,360.0,AAPL280616C00360000,50.45,53.7,52.075,54.46,2.26,4.3295,18.0,26.0,0.2716,0.6029,0.0032,1.7208,-0.0298,2.6399,52.5549,54.87,54.87,54.46,52.1999988555908,down,2026-09-22T11:54:29,149.0,18.0
AAPL,2028-06-16,632,Put,360.0,AAPL280616P00360000,46.0,50.5,48.25,0.0,0.0,0.0,0.0,0.0,0.2754,-0.4631,0.0041,1.6856,-0.0412,-2.0515,48.0901,0.0,0.0,0.0,49.1749992370606,no_change,,133.0,92.0
AAPL,2028-06-16,632,Call,370.0,AAPL280616C00370000,46.0,49.4,47.7,49.15,1.35,2.82427,7.0,0.0,0.2698,0.5731,0.0032,1.7496,-0.0309,2.5384,48.2166,48.3,49.15,48.3,47.7999992370606,no_change,2026-09-22T14:18:01,91.0,24.0
AAPL,2028-06-16,632,Put,370.0,AAPL280616P00370000,51.5,56.0,53.75,0.0,0.0,0.0,0.0,0.0,0.273,-0.5028,0.0043,1.6789,-0.0421,-2.1066,53.7032,0.0,0.0,0.0,54.3500003814697,no_change,,135.0,101.0
AAPL,2028-06-16,632,Call,380.0,AAPL280616C00380000,43.0,45.2,44.1,45.0,0.975,2.21465,2.0,3.0,0.2709,0.5434,0.0033,1.7685,-0.0316,2.4323,44.1687,45.0,45.0,45.0,44.0249996185303,no_change,2026-09-22T14:30:26,56.0,21.0
AAPL,2028-06-16,632,Put,380.0,AAPL280616P00380000,57.5,62.0,59.75,60.25,0.0,0.0,0.0,23.0,0.2716,-0.5433,0.0044,1.6529,-0.0429,-2.1408,59.6959,0.0,0.0,0.0,60.0500011444092,no_change,2026-09-21T15:14:03,128.0,93.0
AAPL,2028-06-16,632,Call,390.0,AAPL280616C00390000,38.0,43.0,40.5,42.11,1.585,3.91117,1.0,105.0,0.2705,0.514,0.0033,1.7779,-0.0322,2.325,40.3997,42.11,42.11,42.11,40.5249996185303,up,2026-09-22T09:41:37,108.0,100.0
AAPL,2028-06-16,632,Put,390.0,AAPL280616P00390000,63.5,68.5,66.0,0.0,0.0,0.0,0.0,0.0,0.2694,-0.5846,0.0046,1.6066,-0.0434,-2.1336,66.084,0.0,0.0,0.0,66.75,no_change,,103.0,103.0
AAPL,2028-06-16,632,Call,400.0,AAPL280616C00400000,35.85,38.7,37.275000000000006,0.0,0.0,0.0,0.0,0.0,0.2708,0.485,0.0033,1.7775,-0.0325,2.2123,36.9033,0.0,0.0,0.0,37.125,no_change,,41.0,85.0
AAPL,2028-06-16,632,Put,400.0,AAPL280616P00400000,70.5,75.0,72.75,0.0,0.0,0.0,0.0,0.0,0.2681,-0.6263,0.0048,1.5566,-0.0436,-2.0835,72.8489,0.0,0.0,0.0,73.2999992370606,no_change,,119.0,73.0
AAPL,2028-06-16,632,Call,410.0,AAPL280616C00410000,32.65,35.4,34.025,0.0,0.0,0.0,0.0,0.0,0.2697,0.4566,0.0033,1.7689,-0.0326,2.1021,33.6683,0.0,0.0,0.0,34.2000007629394,no_change,,37.0,63.0
AAPL,2028-06-16,632,Put,410.0,AAPL280616P00410000,77.5,82.5,80.0,0.0,0.0,0.0,0.0,0.0,0.2676,-0.6688,0.0049,1.4718,-0.0437,-2.0819,80.005,0.0,0.0,0.0,80.8250007629394,no_change,,82.0,82.0
AAPL,2028-06-16,632,Call,420.0,AAPL280616C00420000,28.5,32.35,30.425,0.0,0.0,0.0,0.0,0.0,0.2621,0.429,0.0033,1.7516,-0.0325,1.9899,30.6814,0.0,0.0,0.0,30.8249998092651,no_change,,100.0,13.0
AAPL,2028-06-16,632,Put,420.0,AAPL280616P00420000,85.0,90.0,87.5,0.0,0.0,0.0,0.0,0.0,0.2663,-0.7118,0.0051,1.3606,-0.0439,-1.9948,87.5492,0.0,0.0,0.0,88.1500015258789,no_change,,82.0,82.0
AAPL,2028-06-16,632,Call,430.0,AAPL280616C00430000,26.15,29.1,27.625,0.0,0.0,0.0,0.0,0.0,0.264,0.4023,0.0033,1.7266,-0.0322,1.8786,27.9338,0.0,0.0,0.0,28.125,no_change,,61.0,10.0
AAPL,2028-06-16,632,Put,430.0,AAPL280616P00430000,93.0,97.5,95.25,0.0,0.0,0.0,0.0,0.0,0.2642,-0.7543,0.0052,1.22,-0.0442,-1.7988,95.45,0.0,0.0,0.0,96.2999992370606,no_change,,80.0,80.0
AAPL,2028-06-16,632,Call,440.0,AAPL280616C00440000,23.0,27.05,25.025,0.0,0.0,0.0,0.0,0.0,0.2628,0.3765,0.0032,1.6959,-0.0318,1.7716,25.4092,0.0,0.0,0.0,25.8250007629395,no_change,,115.0,40.0
AAPL,2028-06-16,632,Put,440.0,AAPL280616P00440000,101.5,106.0,103.75,104.15,0.0,0.0,0.0,1.0,0.2654,-0.7982,0.0054,1.0812,-0.0444,-1.5292,103.7186,0.0,0.0,0.0,104.625,down,2026-09-21T13:01:26,121.0,82.0
AAPL,2028-06-16,632,Call,450.0,AAPL280616C00450000,20.5,24.25,22.375,0.0,0.0,0.0,0.0,0.0,0.26,0.3518,0.0031,1.6581,-0.0312,1.6639,23.0959,0.0,0.0,0.0,23.25,no_change,,135.0,10.0
AAPL,2028-06-16,632,Put,450.0,AAPL280616P00450000,110.0,114.5,112.25,0.0,0.0,0.0,0.0,0.0,0.2636,-0.8417,0.0056,0.9481,-0.0447,-1.3454,112.3265,0.0,0.0,0.0,113.325000762939,no_change,,80.0,80.0
AAPL,2028-06-16,632,Call,460.0,AAPL280616C00460000,18.5,23.5,21.0,0.0,0.0,0.0,0.0,0.0,0.264,0.3281,0.0031,1.6157,-0.0305,1.5613,20.9816,0.0,0.0,0.0,21.1499996185303,no_change,,118.0,106.0
AAPL,2028-06-16,632,Put,460.0,AAPL280616P00460000,119.0,123.5,121.25,0.0,0.0,0.0,0.0,0.0,0.2632,-0.8864,0.0059,0.7315,-0.0421,-1.1455,121.298,0.0,0.0,0.0,122.350002288818,no_change,,80.0,77.0
AAPL,2028-06-16,632,Call,470.0,AAPL280616C00470000,18.1,20.7,19.4,0.0,0.0,0.0,0.0,0.0,0.2656,0.3056,0.003,1.5698,-0.0297,1.4629,19.0502,0.0,0.0,0.0,19.0999994277954,no_change,,26.0,55.0
AAPL,2028-06-16,632,Put,470.0,AAPL280616P00470000,128.5,133.0,130.75,0.0,0.0,0.0,0.0,0.0,0.2654,-0.9241,0.0053,0.4327,-0.0449,-0.6423,130.6701,0.0,0.0,0.0,131.575004577637,no_change,,80.0,77.0
AAPL,2028-06-16,632,Call,480.0,AAPL280616C00480000,15.0,19.5,17.25,0.0,0.0,0.0,0.0,0.0,0.2627,0.2843,0.0029,1.5192,-0.0288,1.366,17.2908,0.0,0.0,0.0,17.8249998092651,no_change,,123.0,101.0
AAPL,2028-06-16,632,Put,480.0,AAPL280616P00480000,138.0,142.5,140.25,0.0,0.0,0.0,0.0,0.0,0.0,-0.9551,0.0042,0.3081,-0.0475,0.0,140.2824,0.0,0.0,0.0,141.0,no_change,,75.0,76.0
AAPL,2028-06-16,632,Call,490.0,AAPL280616C00490000,13.0,18.0,15.5,0.0,0.0,0.0,0.0,0.0,0.2614,0.2642,0.0028,1.4666,-0.0279,1.2756,15.6908,0.0,0.0,0.0,16.0750002861023,no_change,,128.0,113.0
AAPL,2028-06-16,632,Put,490.0,AAPL280616P00490000,148.0,152.5,150.25,0.0,0.0,0.0,0.0,0.0,0.0,-0.9781,0.002,0.0,-0.0574,0.0,150.2824,0.0,0.0,0.0,151.0,no_change,,75.0,81.0
AAPL,2028-06-16,632,Call,500.0,AAPL280616C00500000,11.5,16.5,14.0,13.85,0.0,0.0,0.0,31.0,0.2608,0.2452,0.0027,1.4128,-0.0269,1.1896,14.2356,0.0,0.0,0.0,13.875,no_change,2026-09-21T13:12:06,156.0,147.0
AAPL,2028-06-16,632,Put,500.0,AAPL280616P00500000,158.0,162.5,160.25,0.0,0.0,0.0,0.0,0.0,0.0,-0.9914,0.0008,0.0,-0.0574,0.0,160.2824,0.0,0.0,0.0,161.0,no_change,,76.0,76.0
AAPL,2028-06-16,632,Call,510.0,AAPL280616C00510000,11.9,14.65,13.275,0.0,0.0,0.0,0.0,0.0,0.265,0.2274,0.0026,1.3563,-0.0258,1.1062,12.9154,0.0,0.0,0.0,13.375,no_change,,46.0,96.0
AAPL,2028-06-16,632,Put,510.0,AAPL280616P00510000,168.0,172.5,170.25,0.0,0.0,0.0,0.0,0.0,0.0,-1.0,0.0,0.0,-0.0574,0.0,170.2824,0.0,0.0,0.0,171.074996948242,no_change,,76.0,76.0
AAPL,2028-06-16,632,Call,520.0,AAPL280616C00520000,9.75,13.45,11.6,0.0,0.0,0.0,0.0,0.0,0.2612,0.2108,0.0025,1.2996,-0.0248,1.029,11.7192,0.0,0.0,0.0,11.875,no_change,,121.0,98.0
AAPL,2028-06-16,632,Put,520.0,AAPL280616P00520000,178.0,182.5,180.25,0.0,0.0,0.0,0.0,0.0,0.0,-1.0,0.0,0.0,-0.0574,0.0,180.2824,0.0,0.0,0.0,180.800003051758,no_change,,76.0,76.0
AAPL,2028-06-16,632,Call,530.0,AAPL280616C00530000,8.85,12.35,10.6,0.0,0.0,0.0,0.0,0.0,0.2618,0.1952,0.0024,1.2437,-0.0237,0.9569,10.6345,0.0,0.0,0.0,10.9250001907349,no_change,,183.0,167.0
AAPL,2028-06-16,632,Put,530.0,AAPL280616P00530000,188.0,192.5,190.25,0.0,0.0,0.0,0.0,0.0,0.0,-1.0,0.0,0.0,-0.0574,0.0,190.2824,0.0,0.0,0.0,190.800003051758,no_change,,76.0,76.0
AAPL,2028-06-16,632,Call,540.0,AAPL280616C00540000,8.0,10.7,9.35,10.0,0.55,5.82011,2.0,0.0,0.2595,0.1806,0.0022,1.187,-0.0227,0.8874,9.6527,9.5,10.0,9.5,9.44999980926514,up,2026-09-22T10:50:11,253.0,92.0
AAPL,2028-06-16,632,Put,540.0,AAPL280616P00540000,198.0,202.5,200.25,0.0,0.0,0.0,0.0,0.0,0.0,-1.0,0.0,0.0,-0.0574,0.0,200.2824,0.0,0.0,0.0,200.75,no_change,,76.0,76.0
AAPL,2028-06-16,632,Call,550.0,AAPL280616C00550000,6.85,10.35,8.6,8.6,0.0,0.0,0.0,1.0,0.2607,0.1672,0.0021,1.1307,-0.0216,0.823,8.7653,0.0,0.0,0.0,8.97499990463257,down,2026-09-21T13:12:21,212.0,191.0
AAPL,2028-06-16,632,Put,550.0,AAPL280616P00550000,208.0,212.5,210.25,0.0,0.0,0.0,0.0,0.0,0.0,-1.0,0.0,0.0,-0.0574,0.0,210.2824,0.0,0.0,0.0,210.75,no_change,,77.0,75.0
AAPL,2028-06-16,632,Call,560.0,AAPL280616C00560000,5.5,10.5,8.0,0.0,0.0,0.0,0.0,0.0,0.2627,0.1546,0.002,1.0766,-0.0206,0.764,7.9621,0.0,0.0,0.0,8.7999997138977,no_change,,135.0,140.0
AAPL,2028-06-16,632,Put,560.0,AAPL280616P00560000,218.0,222.5,220.25,0.0,0.0,0.0,0.0,0.0,0.0,-1.0,0.0,0.0,-0.0574,0.0,220.2824,0.0,0.0,0.0,220.849998474121,no_change,,76.0,54.0
AAPL,2028-06-16,632,Call,570.0,AAPL280616C00570000,5.9,8.65,7.275,0.0,0.0,0.0,0.0,0.0,0.2629,0.1429,0.0019,1.0235,-0.0196,0.7079,7.2355,0.0,0.0,0.0,7.34999990463257,no_change,,107.0,118.0
AAPL,2028-06-16,632,Put,570.0,AAPL280616P00570000,228.0,232.5,230.25,0.0,0.0,0.0,0.0,0.0,0.0,-1.0,0.0,0.0,-0.0574,0.0,230.2824,0.0,0.0,0.0,230.875,no_change,,5.0,6.0
AAPL,2028-06-16,632,Call,580.0,AAPL280616C00580000,4.3,9.0,6.65,0.0,0.0,0.0,0.0,0.0,0.2634,0.1322,0.0018,0.9709,-0.0186,0.6551,6.5792,0.0,0.0,0.0,6.20000004768372,no_change,,146.0,153.0
AAPL,2028-06-16,632,Put,580.0,AAPL280616P00580000,238.0,242.5,240.25,0.0,0.0,0.0,0.0,0.0,0.0,-1.0,0.0,0.0,-0.0574,0.0,240.2824,0.0,0.0,0.0,240.75,no_change,,5.0,5.0
AAPL,2028-06-16,632,Call,590.0,AAPL280616C00590000,3.5,7.7,5.6,0.0,0.0,0.0,0.0,0.0,0.2585,0.1222,0.0017,0.9205,-0.0176,0.6072,5.9862,0.0,0.0,0.0,6.07500004768372,no_change,,157.0,141.0
AAPL,2028-06-16,632,Put,590.0,AAPL280616P00590000,248.0,252.5,250.25,0.0,0.0,0.0,0.0,0.0,0.0,-1.0,0.0,0.0,-0.0574,0.0,250.2824,0.0,0.0,0.0,250.75,no_change,,5.0,5.0
AAPL,2028-06-16,632,Call,600.0,AAPL280616C00600000,3.0,7.6,5.3,0.0,0.0,0.0,0.0,0.0,0.2614,0.113,0.0016,0.8726,-0.0167,0.5629,5.4494,0.0,0.0,0.0,5.625,no_change,,159.0,151.0
AAPL,2028-06-16,632,Put,600.0,AAPL280616P00600000,258.0,262.5,260.25,0.0,0.0,0.0,0.0,0.0,0.3892,-1.0,0.0,0.0,-0.0574,0.0,260.2824,0.0,0.0,0.0,260.75,no_change,,5.0,1.0
AAPL,2028-06-16,632,Call,610.0,AAPL280616C00610000,4.55,6.0,5.275,0.0,0.0,0.0,0.0,0.0,0.2673,0.1044,0.0015,0.8262,-0.0158,0.5209,4.9641,0.0,0.0,0.0,4.82500004768372,no_change,,10.0,160.0
AAPL,2028-06-16,632,Put,610.0,AAPL280616P00610000,267.5,272.5,270.0,0.0,0.0,0.0,0.0,0.0,0.3977,-1.0,0.0,0.0,-0.0574,0.0,270.2824,0.0,0.0,0.0,270.75,no_change,,1.0,1.0
AAPL,2028-06-16,632,Call,620.0,AAPL280616C00620000,2.0,6.5,4.25,0.0,0.0,0.0,0.0,0.0,0.2601,0.0966,0.0014,0.7809,-0.015,0.4819,4.5256,0.0,0.0,0.0,4.72499990463257,no_change,,155.0,143.0
AAPL,2028-06-16,632,Put,620.0,AAPL280616P00620000,277.5,282.5,280.0,0.0,0.0,0.0,0.0,0.0,0.406,-1.0,0.0,0.0,-0.0574,0.0,280.2824,0.0,0.0,0.0,280.75,no_change,,1.0,1.0
AAPL,2028-06-16,632,Call,630.0,AAPL280616C00630000,3.0,5.45,4.225,0.0,0.0,0.0,0.0,0.0,0.2655,0.0893,0.0014,0.7381,-0.0141,0.4467,4.1289,0.0,0.0,0.0,4.125,no_change,,123.0,138.0
AAPL,2028-06-16,632,Put,630.0,AAPL280616P00630000,288.0,292.5,290.25,0.0,0.0,0.0,0.0,0.0,0.4143,-1.0,0.0,0.0,-0.0574,0.0,290.2824,0.0,0.0,0.0,290.75,no_change,,1.0,1.0
AAPL,2028-06-16,632,Call,640.0,AAPL280616C00640000,2.83,5.2,4.015000000000001,0.0,0.0,0.0,0.0,0.0,0.2682,0.0826,0.0013,0.6979,-0.0134,0.4142,3.7695,0.0,0.0,0.0,4.82500004768372,no_change,,275.0,291.0
AAPL,2028-06-16,632,Put,640.0,AAPL280616P00640000,297.5,302.5,300.0,0.0,0.0,0.0,0.0,0.0,0.4223,-1.0,0.0,0.0,-0.0574,0.0,300.2824,0.0,0.0,0.0,300.75,no_change,,5.0,1.0
AAPL,2028-06-16,632,Call,650.0,AAPL280616C00650000,2.28,4.2,3.24,3.67,0.145,4.11347,25.0,0.0,0.2617,0.0765,0.0012,0.6594,-0.0126,0.3835,3.444,3.67,3.67,3.67,3.52500009536743,up,2026-09-22T13:52:33,288.0,147.0
AAPL,2028-06-16,632,Put,650.0,AAPL280616P00650000,307.5,312.5,310.0,0.0,0.0,0.0,0.0,0.0,0.4303,-1.0,0.0,0.0,-0.0574,0.0,310.2824,0.0,0.0,0.0,311.0,no_change,,1.0,1.0
AAPL,2028-06-16,632,Call,660.0,AAPL280616C00660000,2.78,3.95,3.365,3.33,-0.04,-1.18694,25.0,0.0,0.269,0.0708,0.0011,0.6222,-0.0119,0.355,3.1494,3.33,3.33,3.33,3.37000000476837,down,2026-09-22T13:52:33,31.0,161.0
AAPL,2028-06-16,632,Put,660.0,AAPL280616P00660000,317.5,322.5,320.0,0.0,0.0,0.0,0.0,0.0,0.438,-1.0,0.0,0.0,-0.0574,0.0,320.2824,0.0,0.0,0.0,321.0,no_change,,1.0,1.0
AAPL,2028-06-16,632,Call,670.0,AAPL280616C00670000,2.21,3.7,2.955,0.0,0.0,0.0,0.0,0.0,0.2672,0.0656,0.0011,0.5869,-0.0112,0.3291,2.8825,0.0,0.0,0.0,2.99500000476837,no_change,,249.0,208.0
AAPL,2028-06-16,632,Put,670.0,AAPL280616P00670000,327.5,332.5,330.0,0.0,0.0,0.0,0.0,0.0,0.4457,-1.0,0.0,0.0,-0.0574,0.0,330.2824,0.0,0.0,0.0,331.0,no_change,,1.0,1.0
AAPL,2028-12-15,814,Call,5.0,AAPL281215C00005000,332.5,337.5,335.0,332.2,-2.125,-0.635608,2.0,58.0,0.0,1.0,0.0,0.0005,0.0,0.0239,335.4007,336.0,336.0,332.2,334.324996948242,down,2026-09-22T13:29:40,1.0,2.0
AAPL,2028-12-15,814,Put,5.0,AAPL281215P00005000,0.0,0.13,0.065,0.01,0.0,0.0,0.0,855.0,1.1078,-0.0001,0.0,0.0013,-0.0001,-0.0007,0.0092,0.0,0.0,0.0,0.0649999976158142,no_change,2026-08-28T12:19:50,0.0,64.0
AAPL,2028-12-15,814,Call,10.0,AAPL281215C00010000,327.5,332.0,329.75,331.65,2.425,0.736581,28.0,20.0,0.0,1.0,0.0,0.0004,0.0,0.0518,330.5144,331.65,333.25,331.65,329.224990844727,down,2026-09-22T13:53:57,1.0,1.0
AAPL,2028-12-15,814,Put,10.0,AAPL281215P00010000,0.0,1.25,0.625,0.02,0.0,0.0,0.0,26.0,1.2225,-0.0001,0.0,0.003,-0.0001,-0.0015,0.0193,0.0,0.0,0.0,0.344999998807907,up,2026-09-03T10:22:37,0.0,97.0
AAPL,2028-12-15,814,Call,15.0,AAPL281215C00015000,322.5,327.5,325.0,318.15,0.0,0.0,0.0,74.0,0.0,1.0,0.0,0.0007,0.0,0.094,325.6501,0.0,0.0,0.0,324.5,up,2026-07-16T14:55:37,1.0,1.0
AAPL,2028-12-15,814,Put,15.0,AAPL281215P00015000,0.0,0.49,0.245,0.04,0.0,0.0,0.0,6.0,0.9244,-0.0003,0.0,0.0049,-0.0002,-0.0025,0.0311,0.0,0.0,0.0,0.144999995827675,up,2026-03-20T14:44:02,0.0,147.0
AAPL,2028-12-15,814,Call,20.0,AAPL281215C00020000,317.5,322.5,320.0,242.96,0.0,0.0,0.0,2.0,0.0,1.0,0.0,0.0038,0.0,0.1396,320.8108,0.0,0.0,0.0,319.5,down,2026-03-03T15:33:09,1.0,1.0
AAPL,2028-12-15,814,Put,20.0,AAPL281215P00020000,0.0,0.25,0.125,0.06,0.0,0.0,0.0,54.0,0.7688,-0.0004,0.0,0.0073,-0.0003,-0.0038,0.0446,0.0,0.0,0.0,0.125,up,2026-07-21T09:54:49,0.0,92.0
AAPL,2028-12-15,814,Call,25.0,AAPL281215C00025000,313.0,318.0,315.5,296.57,0.0,0.0,0.0,17.0,0.0,1.0,0.0,0.0102,0.0,0.4086,316.0698,0.0,0.0,0.0,315.5,up,2026-08-28T10:56:09,1.0,1.0
AAPL,2028-12-15,814,Put,25.0,AAPL281215P00025000,0.0,0.71,0.355,0.05,0.0,0.0,0.0,92.0,0.8051,-0.0006,0.0,0.01,-0.0004,-0.0052,0.0599,0.0,0.0,0.0,0.165000000968575,no_change,2026-08-25T14:44:32,0.0,97.0
AAPL,2028-12-15,814,Call,30.0,AAPL281215C00030000,308.5,313.5,311.0,312.07,1.07,0.344051,29.0,101.0,0.0,1.0,0.0,0.013,0.0,0.5854,311.5693,312.07,312.07,312.07,311.0,up,2026-09-22T13:52:33,1.0,1.0
AAPL,2028-12-15,814,Put,30.0,AAPL281215P00030000,0.0,0.31,0.155,0.39,0.0,0.0,0.0,76.0,0.6721,-0.0007,0.0,0.0131,-0.0005,-0.0069,0.0773,0.0,0.0,0.0,0.159999996423721,down,2026-07-27T09:47:41,0.0,97.0
AAPL,2028-12-15,814,Call,35.0,AAPL281215C00035000,304.0,309.0,306.5,221.31,0.0,0.0,0.0,1.0,0.0,1.0,0.0,0.0163,0.0,0.6866,307.1047,0.0,0.0,0.0,306.5,down,2026-01-26T11:18:50,1.0,1.0
AAPL,2028-12-15,814,Put,35.0,AAPL281215P00035000,0.0,0.49,0.245,0.07,0.0,0.0,0.0,426.0,0.6641,-0.0009,0.0,0.0165,-0.0006,-0.0088,0.0967,0.0,0.0,0.0,0.165000006556511,up,2026-08-12T11:18:24,0.0,155.0
AAPL,2028-12-15,814,Call,40.0,AAPL281215C00040000,299.5,304.5,302.0,244.55,0.0,0.0,0.0,9.0,0.0,1.0,0.0,0.0203,0.0,0.7855,302.646,0.0,0.0,0.0,302.0,down,2026-06-29T14:27:41,1.0,1.0
AAPL,2028-12-15,814,Put,40.0,AAPL281215P00040000,0.0,0.73,0.365,0.1,0.0,0.0,0.0,1107.0,0.6576,-0.0012,0.0,0.0204,-0.0007,-0.011,0.1184,0.0,0.0,0.0,0.270000010728836,down,2026-08-10T12:45:08,0.0,157.0
AAPL,2028-12-15,814,Call,45.0,AAPL281215C00045000,295.0,300.0,297.5,267.35,0.0,0.0,0.0,6.0,0.0,1.0,0.0,0.0245,0.0,0.8946,298.1958,0.0,0.0,0.0,297.5,up,2026-08-10T09:30:01,1.0,1.0
AAPL,2028-12-15,814,Put,45.0,AAPL281215P00045000,0.0,1.32,0.66,0.11,0.0,0.0,0.0,74.0,0.6761,-0.0015,0.0,0.0247,-0.0008,-0.0134,0.1424,0.0,0.0,0.0,0.280000005848706,down,2026-09-08T14:23:31,0.0,157.0
AAPL,2028-12-15,814,Call,50.0,AAPL281215C00050000,290.5,295.5,293.0,295.83,4.055,1.38977,3.0,1364.0,0.0,1.0,0.0,0.0292,0.0,1.008,293.7586,292.48,295.83,292.48,291.774993896484,up,2026-09-22T12:13:57,1.0,1.0
AAPL,2028-12-15,814,Put,50.0,AAPL281215P00050000,0.0,0.97,0.485,0.14,0.0,0.0,0.0,276.0,0.614,-0.0018,0.0,0.0296,-0.0009,-0.0162,0.1689,0.0,0.0,0.0,0.13499999511987,down,2026-09-14T12:25:21,0.0,111.0
AAPL,2028-12-15,814,Call,60.0,AAPL281215C00060000,281.5,286.5,284.0,275.05,0.0,0.0,0.0,201.0,0.0,0.9998,0.0,0.04,0.0,1.2008,284.9007,0.0,0.0,0.0,284.0,down,2026-09-15T12:18:23,85.0,1.0
AAPL,2028-12-15,814,Put,60.0,AAPL281215P00060000,0.0,0.8,0.4,0.17,0.0,0.0,0.0,557.0,0.5436,-0.0025,0.0,0.0405,-0.0012,-0.0226,0.2306,0.0,0.0,0.0,0.19000000692904,down,2026-09-21T13:01:36,0.0,149.0
AAPL,2028-12-15,814,Call,70.0,AAPL281215C00070000,273.0,277.5,275.25,274.2,0.0,0.0,0.0,256.0,0.0,0.9989,0.0,0.053,0.0,1.392,276.0554,0.0,0.0,0.0,275.0,no_change,2026-09-21T15:12:59,1.0,1.0
AAPL,2028-12-15,814,Put,70.0,AAPL281215P00070000,0.15,1.03,0.59,0.43,0.0,0.0,0.0,63.0,0.5243,-0.0034,0.0,0.054,-0.0014,-0.0306,0.3053,0.0,0.0,0.0,0.280000001192093,up,2026-08-10T10:25:23,1.0,98.0
AAPL,2028-12-15,814,Call,80.0,AAPL281215C00080000,264.0,269.0,266.5,269.95,3.45,1.29456,2.0,261.0,0.0,0.9978,0.0001,0.0685,0.0,1.5812,267.2258,269.95,269.95,269.95,266.5,no_change,2026-09-22T11:36:02,86.0,1.0
AAPL,2028-12-15,814,Put,80.0,AAPL281215P00080000,0.1,0.53,0.315,0.54,0.0,0.0,0.0,136.0,0.4443,-0.0046,0.0001,0.0696,-0.0018,-0.0406,0.3964,0.0,0.0,0.0,0.304999999701977,down,2026-08-10T13:00:19,61.0,147.0
AAPL,2028-12-15,814,Call,90.0,AAPL281215C00090000,255.0,260.0,257.5,251.56,0.0,0.0,0.0,193.0,0.0,0.9964,0.0001,0.0868,0.0,1.7682,258.4154,0.0,0.0,0.0,257.5,up,2026-09-16T11:42:30,102.0,1.0
AAPL,2028-12-15,814,Put,90.0,AAPL281215P00090000,0.1,0.85,0.475,0.49,0.0,0.0,0.0,199.0,0.4339,-0.006,0.0001,0.0887,-0.0022,-0.0527,0.5074,0.0,0.0,0.0,0.390000008046627,down,2026-09-15T10:12:27,148.0,219.0
AAPL,2028-12-15,814,Call,100.0,AAPL281215C00100000,246.5,251.5,249.0,250.0,1.325,0.532823,953.0,2776.0,0.2508,0.9947,0.0001,0.1087,0.0,1.9521,249.6268,252.0,253.0,248.0,248.675003051758,down,2026-09-22T13:54:24,102.0,10.0
AAPL,2028-12-15,814,Put,100.0,AAPL281215P00100000,0.4,0.73,0.565,0.54,-0.115,-17.5573,4.0,1267.0,0.4163,-0.0078,0.0001,0.1109,-0.0026,-0.0676,0.6439,0.55,0.55,0.54,0.655000001192093,down,2026-09-22T10:37:07,3.0,70.0
AAPL,2028-12-15,814,Call,110.0,AAPL281215C00110000,237.5,242.5,240.0,240.7,0.7,0.291667,6.0,1271.0,0.0,0.9926,0.0001,0.1342,0.0,2.1327,240.8729,243.45,243.65,240.7,240.0,down,2026-09-22T15:15:37,120.0,10.0
AAPL,2028-12-15,814,Put,110.0,AAPL281215P00110000,0.68,0.85,0.765,0.7,-0.1,-12.5,160.0,685.0,0.4016,-0.0099,0.0001,0.1375,-0.0032,-0.0854,0.8114,0.76,0.76,0.67,0.800000011920929,up,2026-09-22T13:23:03,1.0,3.0
AAPL,2028-12-15,814,Call,120.0,AAPL281215C00120000,229.0,234.0,231.5,230.45,0.0,0.0,0.0,191.0,0.3355,0.9901,0.0002,0.1645,0.0,2.3087,232.1534,0.0,0.0,0.0,231.5,down,2026-09-21T14:45:45,91.0,1.0
AAPL,2028-12-15,814,Put,120.0,AAPL281215P00120000,0.8,1.23,1.0150000000000001,0.84,0.0,0.0,0.0,173.0,0.3916,-0.0126,0.0002,0.1687,-0.0038,-0.1077,1.0181,0.0,0.0,0.0,0.944999992847443,down,2026-09-21T15:49:00,11.0,76.0
AAPL,2028-12-15,814,Call,125.0,AAPL281215C00125000,224.5,229.5,227.0,225.65,0.0,0.0,0.0,71.0,0.3193,0.9886,0.0002,0.1813,0.0,2.395,227.8072,0.0,0.0,0.0,227.025001525879,up,2026-09-21T14:19:12,81.0,10.0
AAPL,2028-12-15,814,Put,125.0,AAPL281215P00125000,0.87,1.3,1.085,1.03,0.0,0.0,0.0,52.0,0.3826,-0.0141,0.0002,0.1859,-0.0041,-0.1202,1.1387,0.0,0.0,0.0,1.11499997973442,down,2026-09-21T15:49:55,51.0,15.0
AAPL,2028-12-15,814,Call,130.0,AAPL281215C00130000,220.5,225.5,223.0,222.25,0.0,0.0,0.0,109.0,0.351,0.987,0.0002,0.1994,0.0,2.4799,223.4793,0.0,0.0,0.0,222.75,down,2026-09-21T15:35:59,79.0,1.0
AAPL,2028-12-15,814,Put,130.0,AAPL281215P00130000,0.91,1.43,1.17,1.98,0.0,0.0,0.0,323.0,0.3794,-0.0158,0.0002,0.2051,-0.0044,-0.1343,1.272,0.0,0.0,0.0,1.27499997615814,up,2026-08-28T09:33:35,32.0,10.0
AAPL,2028-12-15,814,Call,135.0,AAPL281215C00135000,216.0,221.0,218.5,220.3,2.025,0.927728,2.0,54.0,0.3365,0.9852,0.0002,0.219,0.0,2.5633,219.1618,220.4,220.4,220.3,218.275001525879,down,2026-09-22T10:55:45,78.0,1.0
AAPL,2028-12-15,814,Put,135.0,AAPL281215P00135000,1.21,1.65,1.43,1.34,-0.035,-2.54545,3.0,290.0,0.3748,-0.0176,0.0002,0.2257,-0.0048,-0.1496,1.42,1.35,1.35,1.34,1.375,down,2026-09-22T15:13:39,32.0,51.0
AAPL,2028-12-15,814,Call,140.0,AAPL281215C00140000,212.0,216.5,214.25,216.15,2.15,1.00467,2.0,154.0,0.3511,0.9833,0.0002,0.2402,0.0,2.645,214.8592,216.05,216.15,216.05,214.0,up,2026-09-22T10:55:47,99.0,5.0
AAPL,2028-12-15,814,Put,140.0,AAPL281215P00140000,1.3,1.84,1.57,1.59,-0.01,-0.625001,1.0,495.0,0.3686,-0.0197,0.0003,0.2476,-0.0052,-0.1672,1.5837,1.59,1.59,1.59,1.60000002384186,down,2026-09-22T10:52:21,77.0,24.0
AAPL,2028-12-15,814,Call,145.0,AAPL281215C00145000,207.5,212.5,210.0,207.45,0.0,0.0,0.0,207.0,0.3389,0.9812,0.0003,0.2627,0.0,2.7248,210.5728,0.0,0.0,0.0,209.400001525879,up,2026-09-21T10:19:02,100.0,1.0
AAPL,2028-12-15,814,Put,145.0,AAPL281215P00145000,1.12,2.19,1.655,1.8,0.0,0.0,0.0,461.0,0.36,-0.022,0.0003,0.2705,-0.0057,-0.185,1.7648,0.0,0.0,0.0,1.72999995946884,up,2026-09-21T12:31:36,178.0,124.0
AAPL,2028-12-15,814,Call,150.0,AAPL281215C00150000,203.5,208.0,205.75,205.0,0.0,0.0,0.0,633.0,0.3376,0.9789,0.0003,0.2864,0.0,2.803,206.304,0.0,0.0,0.0,205.25,up,2026-09-21T12:38:31,141.0,18.0
AAPL,2028-12-15,814,Put,150.0,AAPL281215P00150000,1.8,2.39,2.095,1.93,-0.02,-1.02564,8.0,851.0,0.3642,-0.0244,0.0003,0.2958,-0.0061,-0.2056,1.9639,2.02,2.02,1.93,1.94999992847443,no_change,2026-09-22T12:01:08,4.0,158.0
AAPL,2028-12-15,814,Call,155.0,AAPL281215C00155000,199.0,204.0,201.5,190.95,0.0,0.0,0.0,133.0,0.3282,0.9763,0.0003,0.3118,0.0,2.8793,202.054,0.0,0.0,0.0,201.275001525879,up,2026-09-11T09:31:07,148.0,3.0
AAPL,2028-12-15,814,Put,155.0,AAPL281215P00155000,1.99,2.74,2.365,2.6,0.0,0.0,0.0,492.0,0.361,-0.0271,0.0004,0.3225,-0.0066,-0.2275,2.1835,0.0,0.0,0.0,2.18499994277954,up,2026-09-21T15:53:01,18.0,141.0
AAPL,2028-12-15,814,Call,160.0,AAPL281215C00160000,195.0,200.0,197.5,192.36,0.0,0.0,0.0,293.0,0.3323,0.9736,0.0004,0.3391,0.0,2.9534,197.8242,0.0,0.0,0.0,197.150001525879,up,2026-09-14T14:44:16,176.0,3.0
AAPL,2028-12-15,814,Put,160.0,AAPL281215P00160000,2.23,2.91,2.5700000000000003,2.36,-0.135,-5.41082,8.0,594.0,0.3525,-0.03,0.0004,0.3515,-0.0071,-0.2506,2.4248,2.52,2.52,2.36,2.49500000476837,no_change,2026-09-22T12:02:17,32.0,55.0
AAPL,2028-12-15,814,Call,165.0,AAPL281215C00165000,191.0,195.5,193.25,192.5,0.0,0.0,0.0,305.0,0.3366,0.9706,0.0004,0.368,0.0,3.0248,193.6166,0.0,0.0,0.0,192.949996948242,up,2026-09-21T14:47:49,151.0,7.0
AAPL,2028-12-15,814,Put,165.0,AAPL281215P00165000,2.27,3.4,2.835,2.9,0.0,0.0,0.0,562.0,0.3511,-0.0332,0.0004,0.3807,-0.0077,-0.2756,2.6907,0.0,0.0,0.0,2.74500000476837,down,2026-09-21T11:12:40,150.0,194.0
AAPL,2028-12-15,814,Call,170.0,AAPL281215C00170000,186.5,191.0,188.75,183.02,0.0,0.0,0.0,123.0,0.3246,0.9674,0.0004,0.3981,0.0,3.0942,189.4327,0.0,0.0,0.0,188.724998474121,up,2026-09-17T11:15:38,139.0,7.0
AAPL,2028-12-15,814,Put,170.0,AAPL281215P00170000,2.37,3.5,2.935,3.49,0.0,0.0,0.0,817.0,0.3423,-0.0367,0.0005,0.4124,-0.0082,-0.3032,2.9809,0.0,0.0,0.0,3.08499991893768,down,2026-09-17T10:38:44,171.0,78.0
AAPL,2028-12-15,814,Call,175.0,AAPL281215C00175000,182.5,187.0,184.75,187.2,2.875,1.55975,2.0,561.0,0.3269,0.9639,0.0005,0.4296,0.0,3.1614,185.2738,187.2,187.2,187.2,184.324996948242,no_change,2026-09-22T10:56:35,237.0,18.0
AAPL,2028-12-15,814,Put,175.0,AAPL281215P00175000,2.45,3.8,3.125,4.0,0.0,0.0,0.0,325.0,0.3359,-0.0404,0.0005,0.4462,-0.0088,-0.3328,3.2984,0.0,0.0,0.0,3.40000009536743,up,2026-09-16T10:28:22,119.0,20.0
AAPL,2028-12-15,814,Call,180.0,AAPL281215C00180000,178.9,183.0,180.95,179.75,0.0,0.0,0.0,445.0,0.3324,0.9602,0.0005,0.4631,0.0,3.2259,181.1415,0.0,0.0,0.0,180.299995422363,down,2026-09-21T14:47:44,124.0,6.0
AAPL,2028-12-15,814,Put,180.0,AAPL281215P00180000,3.4,4.25,3.825,3.6,-0.1,-2.7027,5.0,2199.0,0.3406,-0.0444,0.0006,0.4812,-0.0094,-0.3644,3.64,3.6,3.6,3.6,3.70000004768372,down,2026-09-22T13:26:59,26.0,50.0
AAPL,2028-12-15,814,Call,185.0,AAPL281215C00185000,174.2,179.0,176.6,178.25,1.775,1.00581,1.0,149.0,0.3242,0.9562,0.0006,0.4983,0.0,3.2872,177.0376,178.25,178.25,178.25,176.474998474121,up,2026-09-22T09:59:07,177.0,10.0
AAPL,2028-12-15,814,Put,185.0,AAPL281215P00185000,3.75,4.65,4.2,3.86,-0.29,-6.98795,2.0,430.0,0.3369,-0.0488,0.0006,0.5181,-0.0101,-0.3998,4.0234,3.86,3.86,3.86,4.15000009536743,down,2026-09-22T12:15:03,30.0,41.0
AAPL,2028-12-15,814,Call,190.0,AAPL281215C00190000,171.55,174.5,173.025,173.15,1.35,0.785796,128.0,1175.0,0.3316,0.9518,0.0006,0.5347,0.0,3.3456,172.9643,172.64,174.55,172.64,171.800003051758,down,2026-09-22T15:07:02,5.0,18.0
AAPL,2028-12-15,814,Put,190.0,AAPL281215P00190000,3.7,4.8,4.25,4.4,0.0,0.0,0.0,1997.0,0.3271,-0.0534,0.0007,0.555,-0.0108,-0.4356,4.4274,0.0,0.0,0.0,4.5,no_change,2026-09-21T15:48:58,189.0,10.0
AAPL,2028-12-15,814,Call,195.0,AAPL281215C00195000,166.7,171.0,168.85,169.05,0.55,0.326409,1046.0,1796.0,0.3217,0.9472,0.0007,0.5722,0.0,3.4016,168.9229,168.3,171.8,167.45,168.5,down,2026-09-22T15:12:26,202.0,1.0
AAPL,2028-12-15,814,Put,195.0,AAPL281215P00195000,4.05,5.9,4.975,4.69,-0.31,-6.2,24.0,850.0,0.3293,-0.0583,0.0007,0.5961,-0.0115,-0.4744,4.8716,4.72,4.72,4.69,5.0,no_change,2026-09-22T11:29:42,288.0,264.0
AAPL,2028-12-15,814,Call,200.0,AAPL281215C00200000,163.3,166.45,164.875,165.0,0.925,0.563764,87.0,2769.0,0.3241,0.9424,0.0007,0.6112,0.0,3.4548,164.9147,165.1,168.0,164.75,164.075004577637,no_change,2026-09-22T15:10:18,13.0,18.0
AAPL,2028-12-15,814,Put,200.0,AAPL281215P00200000,4.5,6.1,5.3,5.13,-0.27,-5.0,10.0,4045.0,0.3239,-0.0637,0.0008,0.6367,-0.0122,-0.5163,5.355,5.13,5.13,5.13,5.39999985694885,down,2026-09-22T11:46:24,256.0,39.0
AAPL,2028-12-15,814,Call,210.0,AAPL281215C00210000,154.0,159.0,156.5,156.8,0.9,0.577292,2.0,573.0,0.312,0.9316,0.0008,0.6941,0.0,3.5501,157.0062,156.8,156.8,156.8,155.900001525879,no_change,2026-09-22T10:07:35,158.0,19.0
AAPL,2028-12-15,814,Put,210.0,AAPL281215P00210000,6.15,6.85,6.5,6.4,0.0,0.0,0.0,2110.0,0.3205,-0.0755,0.0009,0.7225,-0.0137,-0.6066,6.4359,0.0,0.0,0.0,6.44999980926514,no_change,2026-09-21T15:37:09,26.0,10.0
AAPL,2028-12-15,814,Call,220.0,AAPL281215C00220000,146.95,151.0,148.975,148.9,0.3,0.20188,8.0,1537.0,0.3113,0.9196,0.001,0.7802,0.0,3.6333,149.2535,148.7,149.0,148.7,148.600006103516,no_change,2026-09-22T10:43:42,174.0,108.0
AAPL,2028-12-15,814,Put,220.0,AAPL281215P00220000,6.6,8.4,7.5,7.44,-0.26,-3.37662,4.0,2163.0,0.3125,-0.0888,0.001,0.8143,-0.0153,-0.7029,7.6896,7.51,7.55,7.44,7.69999980926514,down,2026-09-22T12:15:03,310.0,47.0
AAPL,2028-12-15,814,Call,230.0,AAPL281215C00230000,139.7,142.7,141.2,144.3,3.5,2.4858,36.0,941.0,0.3051,0.9063,0.0011,0.8712,0.0,3.702,141.6686,141.59,145.2,141.59,140.799995422363,down,2026-09-22T11:20:37,112.0,10.0
AAPL,2028-12-15,814,Put,230.0,AAPL281215P00230000,8.8,10.0,9.4,9.2,-0.125,-1.34048,7.0,1118.0,0.3135,-0.1037,0.0012,0.9105,-0.017,-0.8138,9.1362,9.17,9.2,9.17,9.32499980926514,no_change,2026-09-22T09:56:23,193.0,274.0
AAPL,2028-12-15,814,Call,240.0,AAPL281215C00240000,132.9,136.0,134.45,136.85,3.325,2.49017,44.0,1783.0,0.3086,0.8916,0.0012,0.9639,-0.0015,3.7567,134.2666,133.89,136.92,133.85,133.525001525879,no_change,2026-09-22T15:31:38,62.0,103.0
AAPL,2028-12-15,814,Put,240.0,AAPL281215P00240000,10.05,11.7,10.875,11.0,0.0,0.0,0.0,1510.0,0.3075,-0.1202,0.0014,1.0088,-0.0187,-0.9312,10.7858,0.0,0.0,0.0,10.9500002861023,no_change,2026-09-21T15:27:44,309.0,96.0
AAPL,2028-12-15,814,Call,250.0,AAPL281215C00250000,125.15,128.45,126.8,127.57,1.445,1.14569,17.0,2615.0,0.3005,0.8757,0.0014,1.0588,-0.0039,3.7978,127.0576,128.25,128.27,126.6,126.125,up,2026-09-22T15:33:04,136.0,48.0
AAPL,2028-12-15,814,Put,250.0,AAPL281215P00250000,11.55,13.15,12.350000000000001,12.72,0.045,0.355032,11.0,1772.0,0.3002,-0.1383,0.0015,1.109,-0.0204,-1.0608,12.6567,12.66,12.72,12.66,12.6749997138977,up,2026-09-22T09:47:32,189.0,28.0
AAPL,2028-12-15,814,Call,260.0,AAPL281215C00260000,118.7,121.4,120.05000000000001,120.29,1.24,1.04158,55.0,1500.0,0.2996,0.8584,0.0015,1.1544,-0.0063,3.8226,120.0557,120.85,122.7,120.29,119.049999237061,down,2026-09-22T15:49:32,52.0,49.0
AAPL,2028-12-15,814,Put,260.0,AAPL281215P00260000,14.35,15.45,14.899999999999999,14.6,-0.275,-1.84874,203.0,10020.0,0.3008,-0.1582,0.0017,1.2112,-0.0222,-1.1913,14.7608,14.69,14.75,14.59,14.875,no_change,2026-09-22T14:19:56,71.0,42.0
AAPL,2028-12-15,814,Call,270.0,AAPL281215C00270000,111.5,114.55,113.025,113.85,1.175,1.04282,266.0,2218.0,0.2945,0.84,0.0016,1.2486,-0.0087,3.8357,113.2694,114.0,116.15,113.85,112.674999237061,down,2026-09-22T15:29:41,58.0,25.0
AAPL,2028-12-15,814,Put,270.0,AAPL281215P00270000,16.75,17.6,17.175,16.87,-0.405,-2.34443,194.0,720.0,0.2969,-0.1797,0.0019,1.3098,-0.024,-1.3314,17.1211,17.0,17.1,16.87,17.2749996185303,down,2026-09-22T11:01:42,38.0,10.0
AAPL,2028-12-15,814,Call,280.0,AAPL281215C00280000,104.95,107.75,106.35,108.67,2.77,2.61567,42.0,2095.0,0.2909,0.8203,0.0018,1.3424,-0.011,3.8317,106.709,107.4,109.68,107.4,105.900001525879,up,2026-09-22T13:17:28,101.0,32.0
AAPL,2028-12-15,814,Put,280.0,AAPL281215P00280000,19.2,20.3,19.75,19.4,-0.5,-2.51256,1.0,2818.0,0.2935,-0.203,0.0021,1.4031,-0.0257,-1.4722,19.7585,19.4,19.4,19.4,19.8999996185303,down,2026-09-22T10:56:08,98.0,52.0
AAPL,2028-12-15,814,Call,290.0,AAPL281215C00290000,98.9,100.85,99.875,102.45,2.775,2.78405,53.0,1916.0,0.2874,0.7995,0.0019,1.4319,-0.0132,3.8167,100.3835,103.4,103.4,101.05,99.6749992370606,down,2026-09-22T12:29:50,48.0,1.0
AAPL,2028-12-15,814,Put,290.0,AAPL281215P00290000,21.95,23.95,22.95,21.66,-1.215,-5.31148,2.0,885.0,0.2929,-0.2278,0.0023,1.4952,-0.0274,-1.6197,22.6605,22.7,22.7,21.66,22.875,down,2026-09-22T12:14:37,91.0,77.0
AAPL,2028-12-15,814,Call,300.0,AAPL281215C00300000,92.1,95.0,93.55,95.35,1.75,1.86966,73.0,3823.0,0.2835,0.7778,0.002,1.5185,-0.0153,3.7872,94.2971,96.63,98.3,94.95,93.6000022888184,up,2026-09-22T15:04:44,103.0,2.0
AAPL,2028-12-15,814,Put,300.0,AAPL281215P00300000,25.35,26.35,25.85,25.81,-0.19,-0.730769,24.0,2418.0,0.2884,-0.2543,0.0025,1.5807,-0.0291,-1.7595,25.8657,26.0,26.0,25.19,26.0,up,2026-09-22T15:05:48,33.0,1.0
AAPL,2028-12-15,814,Call,310.0,AAPL281215C00310000,87.25,89.15,88.2,89.87,1.645,1.86455,180.0,2793.0,0.2845,0.7551,0.0022,1.6,-0.0173,3.7447,88.4587,90.0,92.0,88.78,88.2250022888184,down,2026-09-22T13:39:11,28.0,1.0
AAPL,2028-12-15,814,Put,310.0,AAPL281215P00310000,28.6,31.25,29.925,28.7,-0.95,-3.20405,25.0,1282.0,0.2895,-0.2823,0.0027,1.6568,-0.0308,-1.9109,29.3747,28.62,28.82,28.3,29.6500005722046,no_change,2026-09-22T12:23:33,84.0,183.0
AAPL,2028-12-15,814,Call,320.0,AAPL281215C00320000,81.4,83.85,82.625,84.21,1.985,2.4141,70.0,3597.0,0.2826,0.7316,0.0023,1.6752,-0.0191,3.6932,82.8686,86.5,86.5,82.2,82.2250022888184,down,2026-09-22T13:39:11,78.0,32.0
AAPL,2028-12-15,814,Put,320.0,AAPL281215P00320000,32.15,34.65,33.4,32.34,-1.01,-3.02849,3.0,907.0,0.2851,-0.3121,0.0029,1.7278,-0.0323,-2.0476,33.2222,32.75,32.75,32.34,33.3500003814697,down,2026-09-22T12:10:36,80.0,84.0
AAPL,2028-12-15,814,Call,330.0,AAPL281215C00330000,77.25,79.0,78.125,77.85,0.725,0.940032,16.0,3056.0,0.2826,0.7075,0.0024,1.7448,-0.0208,3.6273,77.5311,79.0,79.68,77.85,77.125,down,2026-09-22T15:46:23,1.0,4.0
AAPL,2028-12-15,814,Put,330.0,AAPL281215P00330000,36.5,38.7,37.6,36.05,-1.425,-3.80254,12.0,1928.0,0.2835,-0.3428,0.0031,1.7834,-0.0338,-2.1821,37.3474,36.63,36.63,36.05,37.4750003814697,down,2026-09-22T12:14:37,46.0,64.0
AAPL,2028-12-15,814,Call,340.0,AAPL281215C00340000,70.85,73.2,72.025,73.2,1.45,2.02091,121.0,8285.0,0.2779,0.6829,0.0025,1.8064,-0.0223,3.5548,72.4477,72.75,75.82,71.65,71.75,down,2026-09-22T14:51:22,79.0,16.0
AAPL,2028-12-15,814,Put,340.0,AAPL281215P00340000,41.15,43.15,42.15,41.43,-0.745,-1.76645,13.0,334.0,0.282,-0.3751,0.0033,1.8286,-0.0352,-2.3067,41.8242,40.7,41.63,40.7,42.1749992370606,down,2026-09-22T14:24:51,27.0,54.0
AAPL,2028-12-15,814,Call,350.0,AAPL281215C00350000,66.0,68.4,67.2,68.2,0.975,1.45036,334.0,4107.0,0.2763,0.6579,0.0026,1.8608,-0.0237,3.4728,67.6146,66.36,70.1,66.36,67.2249984741211,down,2026-09-22T14:51:22,78.0,12.0
AAPL,2028-12-15,814,Put,350.0,AAPL281215P00350000,45.4,48.15,46.775,46.2,-0.675,-1.44,1.0,564.0,0.2792,-0.4085,0.0035,1.8581,-0.0365,-2.3865,46.6414,46.2,46.2,46.2,46.875,down,2026-09-22T09:31:42,60.0,56.0
AAPL,2028-12-15,814,Call,360.0,AAPL281215C00360000,62.1,64.15,63.125,63.8,1.675,2.69618,117.0,1617.0,0.2774,0.6326,0.0027,1.9073,-0.0248,3.3811,63.034,66.0,66.0,63.8,62.125,down,2026-09-22T14:39:07,18.0,71.0
AAPL,2028-12-15,814,Put,360.0,AAPL281215P00360000,51.1,53.4,52.25,50.65,-1.575,-3.0158,6.0,1686.0,0.2794,-0.4431,0.0037,1.88,-0.0377,-2.4898,51.7982,50.7,50.7,50.5,52.2250003814697,no_change,2026-09-22T11:02:03,12.0,53.0
AAPL,2028-12-15,814,Call,370.0,AAPL281215C00370000,57.05,59.65,58.349999999999994,60.1,1.65,2.82292,37.0,2745.0,0.2737,0.6072,0.0028,1.9453,-0.0259,3.2868,58.6998,61.64,61.64,59.54,58.4500007629394,up,2026-09-22T12:13:43,90.0,23.0
AAPL,2028-12-15,814,Put,370.0,AAPL281215P00370000,56.15,58.15,57.15,55.95,-1.875,-3.24254,1.0,132.0,0.2747,-0.4789,0.0038,1.8824,-0.0388,-2.5741,57.2997,55.95,55.95,55.95,57.8250007629394,down,2026-09-22T09:32:37,51.0,15.0
AAPL,2028-12-15,814,Call,380.0,AAPL281215C00380000,53.45,55.85,54.650000000000006,55.08,0.905,1.67051,13.0,1683.0,0.2744,0.5818,0.0028,1.9752,-0.0267,3.1837,54.6073,55.57,56.42,54.32,54.1749992370606,down,2026-09-22T14:21:59,44.0,62.0
AAPL,2028-12-15,814,Put,380.0,AAPL281215P00380000,61.55,64.9,63.225,62.85,-0.975,-1.52762,34.0,1039.0,0.2745,-0.5157,0.004,1.8597,-0.0399,-2.6107,63.1646,62.2,62.85,61.75,63.8250007629394,up,2026-09-22T15:03:32,68.0,106.0
AAPL,2028-12-15,814,Call,390.0,AAPL281215C00390000,49.85,51.5,50.675,50.66,0.01,0.0197441,7.0,2965.0,0.2725,0.5565,0.0029,1.9969,-0.0274,3.0765,50.7542,50.8,52.1,50.66,50.6499996185303,down,2026-09-22T15:56:00,36.0,47.0
AAPL,2028-12-15,814,Put,390.0,AAPL281215P00390000,67.35,70.25,68.8,70.02,0.0,0.0,0.0,106.0,0.2698,-0.5531,0.0042,1.8208,-0.0407,-2.5907,69.363,0.0,0.0,0.0,69.5750007629394,down,2026-09-21T14:36:22,109.0,23.0
AAPL,2028-12-15,814,Call,400.0,AAPL281215C00400000,46.0,47.7,46.85,47.0,0.2,0.427352,165.0,4888.0,0.2704,0.5314,0.0029,2.0106,-0.0279,2.9689,47.1304,46.74,48.8,46.74,46.7999992370606,down,2026-09-22T15:55:00,66.0,39.0
AAPL,2028-12-15,814,Put,400.0,AAPL281215P00400000,73.5,78.4,75.95,76.0,-0.425,-0.5561,63.0,142.0,0.272,-0.5911,0.0044,1.7868,-0.0414,-2.5736,75.9038,73.95,76.0,73.95,76.4249992370606,up,2026-09-22T15:55:00,112.0,380.0
AAPL,2028-12-15,814,Call,410.0,AAPL281215C00410000,43.0,44.15,43.575,43.85,0.575,1.32871,1.0,1100.0,0.27,0.5067,0.0029,2.0163,-0.0283,2.8551,43.7299,43.85,43.85,43.85,43.2750015258789,up,2026-09-22T15:46:23,29.0,1.0
AAPL,2028-12-15,814,Put,410.0,AAPL281215P00410000,80.5,83.85,82.175,84.7,0.0,0.0,0.0,15.0,0.2669,-0.6306,0.0046,1.7094,-0.0422,-2.6055,82.8245,0.0,0.0,0.0,83.0750007629394,down,2026-09-21T10:47:19,76.0,31.0
AAPL,2028-12-15,814,Call,420.0,AAPL281215C00420000,38.6,41.2,39.900000000000006,41.33,1.28,3.19601,14.0,907.0,0.2666,0.4824,0.0029,2.0146,-0.0285,2.741,40.5469,41.0,41.33,40.46,40.0499992370606,up,2026-09-22T13:46:15,104.0,17.0
AAPL,2028-12-15,814,Put,420.0,AAPL281215P00420000,88.1,92.5,90.3,93.7,0.0,0.0,0.0,19.0,0.2712,-0.6701,0.0047,1.5971,-0.0428,-2.4598,90.0685,0.0,0.0,0.0,90.6000022888184,up,2026-09-18T12:18:50,81.0,82.0
AAPL,2028-12-15,814,Call,430.0,AAPL281215C00430000,36.85,38.8,37.825,37.15,0.0,0.0,0.0,1519.0,0.2702,0.4586,0.0029,2.0064,-0.0286,2.6287,37.5694,0.0,0.0,0.0,37.625,no_change,2026-09-21T13:02:43,18.0,28.0
AAPL,2028-12-15,814,Put,430.0,AAPL281215P00430000,95.5,99.15,97.325,99.49,0.0,0.0,0.0,9.0,0.2667,-0.7101,0.0049,1.5108,-0.0434,-2.2185,97.6425,0.0,0.0,0.0,98.1499977111816,no_change,2026-09-21T11:01:35,107.0,70.0
AAPL,2028-12-15,814,Call,440.0,AAPL281215C00440000,32.85,36.1,34.475,35.8,1.425,4.14545,5.0,1283.0,0.2666,0.4354,0.0029,1.991,-0.0286,2.5129,34.7901,35.55,35.8,35.55,34.375,no_change,2026-09-22T12:13:56,77.0,39.0
AAPL,2028-12-15,814,Put,440.0,AAPL281215P00440000,103.5,106.9,105.2,129.98,0.0,0.0,0.0,7.0,0.2653,-0.7513,0.0051,1.3792,-0.044,-2.2622,105.5916,0.0,0.0,0.0,106.400001525879,up,2026-08-24T12:42:51,96.0,65.0
AAPL,2028-12-15,814,Call,450.0,AAPL281215C00450000,30.85,33.4,32.125,33.15,1.325,4.16339,314.0,5382.0,0.267,0.4129,0.0029,1.9696,-0.0284,2.3988,32.2016,32.32,33.4,32.32,31.8249998092651,no_change,2026-09-22T12:24:31,40.0,64.0
AAPL,2028-12-15,814,Put,450.0,AAPL281215P00450000,111.95,116.0,113.975,114.5,0.0,0.0,0.0,8.0,0.2638,-0.7927,0.0053,1.1834,-0.0448,-1.9217,113.8646,0.0,0.0,0.0,114.649997711182,down,2026-09-21T14:46:50,100.0,3.0
AAPL,2028-12-15,814,Call,460.0,AAPL281215C00460000,29.1,31.2,30.15,30.75,1.425,4.85934,1.0,606.0,0.2686,0.3911,0.0028,1.9436,-0.0282,2.2888,29.7917,30.75,30.75,30.75,29.3249998092651,up,2026-09-22T09:36:54,10.0,237.0
AAPL,2028-12-15,814,Put,460.0,AAPL281215P00460000,120.0,125.0,122.5,148.54,0.0,0.0,0.0,1.0,0.2585,-0.8346,0.0055,1.0532,-0.0457,-1.4436,122.4449,0.0,0.0,0.0,122.900001525879,up,2026-08-24T12:41:57,81.0,1.0
AAPL,2028-12-15,814,Call,470.0,AAPL281215C00470000,26.85,28.7,27.775,27.38,0.0,0.0,0.0,429.0,0.2674,0.37,0.0028,1.912,-0.0278,2.1778,27.5513,0.0,0.0,0.0,27.5,up,2026-09-21T15:45:32,7.0,33.0
AAPL,2028-12-15,814,Put,470.0,AAPL281215P00470000,129.0,132.4,130.7,158.23,0.0,0.0,0.0,0.0,0.2553,-0.8771,0.0056,0.8296,-0.0463,-1.444,131.4123,0.0,0.0,0.0,132.300003051758,up,2026-08-24T12:42:51,98.0,1.0
AAPL,2028-12-15,814,Call,480.0,AAPL281215C00480000,24.1,26.75,25.425,26.8,1.7,6.77291,45.0,393.0,0.2654,0.3498,0.0028,1.8757,-0.0274,2.0688,25.4735,26.85,26.85,26.8,25.1000003814697,down,2026-09-22T09:32:37,41.0,47.0
AAPL,2028-12-15,814,Put,480.0,AAPL281215P00480000,138.5,142.8,140.65,141.7,0.0,0.0,0.0,2.0,0.2653,-0.9137,0.0053,0.5933,-0.0471,-0.8224,140.6684,0.0,0.0,0.0,141.25,down,2026-09-21T12:26:52,81.0,81.0
AAPL,2028-12-15,814,Call,490.0,AAPL281215C00490000,22.1,24.9,23.5,24.43,1.03,4.40171,1.0,323.0,0.2676,0.3303,0.0027,1.8367,-0.0269,1.9656,23.5469,24.43,24.43,24.43,23.4000005722046,up,2026-09-22T10:05:20,8.0,37.0
AAPL,2028-12-15,814,Put,490.0,AAPL281215P00490000,148.0,152.5,150.25,156.6,0.0,0.0,0.0,2.0,0.2671,-0.9448,0.0045,0.4256,-0.0484,0.0,150.1892,0.0,0.0,0.0,150.75,down,2026-09-16T10:42:28,114.0,109.0
AAPL,2028-12-15,814,Call,500.0,AAPL281215C00500000,21.3,22.5,21.9,22.05,0.45,2.08334,8.0,2166.0,0.2656,0.3116,0.0026,1.7944,-0.0263,1.8643,21.7613,22.66,22.75,22.05,21.5999994277954,down,2026-09-22T11:38:44,5.0,37.0
AAPL,2028-12-15,814,Put,500.0,AAPL281215P00500000,158.0,162.5,160.25,167.0,0.0,0.0,0.0,0.0,0.2774,-0.9668,0.0027,0.0,-0.0484,0.0,160.1892,0.0,0.0,0.0,160.75,down,2026-09-14T11:17:34,77.0,77.0
AAPL,2028-12-15,814,Call,510.0,AAPL281215C00510000,19.6,20.9,20.25,20.7,0.7,3.5,1.0,315.0,0.2653,0.2938,0.0026,1.7483,-0.0257,1.7641,20.1102,20.7,20.7,20.7,20.0,up,2026-09-22T12:57:40,4.0,32.0
AAPL,2028-12-15,814,Put,510.0,AAPL281215P00510000,168.0,172.5,170.25,177.95,0.0,0.0,0.0,0.0,0.2875,-0.9853,0.0012,0.0,-0.0484,0.0,170.1892,0.0,0.0,0.0,170.824996948242,down,2026-09-11T09:56:11,75.0,76.0
AAPL,2028-12-15,814,Call,520.0,AAPL281215C00520000,17.25,19.45,18.35,19.1,0.475,2.55034,4.0,1964.0,0.2658,0.2769,0.0025,1.7007,-0.0251,1.6696,18.5845,18.72,19.1,18.53,18.625,up,2026-09-22T11:54:45,1.0,18.0
AAPL,2028-12-15,814,Put,520.0,AAPL281215P00520000,178.05,182.5,180.275,191.8,0.0,0.0,0.0,0.0,0.2979,-0.9962,0.0003,0.0,-0.0484,0.0,180.1896,0.0,0.0,0.0,180.824996948242,down,2026-09-03T10:18:15,5.0,6.0
AAPL,2028-12-15,814,Call,530.0,AAPL281215C00530000,16.7,18.0,17.35,17.6,0.575,3.37738,10.0,172.0,0.2651,0.2607,0.0024,1.6524,-0.0244,1.58,17.1741,17.6,17.6,17.6,17.0250005722046,up,2026-09-22T12:02:16,5.0,52.0
AAPL,2028-12-15,814,Put,530.0,AAPL281215P00530000,188.0,192.5,190.25,205.0,0.0,0.0,0.0,0.0,0.3068,-1.0,0.0,0.0,-0.0484,0.0,190.1892,0.0,0.0,0.0,190.75,down,2026-09-01T11:23:27,6.0,6.0
AAPL,2028-12-15,814,Call,540.0,AAPL281215C00540000,14.5,16.2,15.35,15.0,0.0,0.0,0.0,81.0,0.2637,0.2454,0.0024,1.6019,-0.0237,1.4921,15.8718,0.0,0.0,0.0,16.0499997138977,up,2026-09-16T11:01:27,22.0,12.0
AAPL,2028-12-15,814,Put,540.0,AAPL281215P00540000,198.0,202.5,200.25,207.0,0.0,0.0,0.0,0.0,0.3161,-1.0,0.0,0.0,-0.0484,0.0,200.1892,0.0,0.0,0.0,200.849998474121,down,2026-09-11T14:24:20,5.0,1.0
AAPL,2028-12-15,814,Call,550.0,AAPL281215C00550000,14.2,15.45,14.825,15.05,0.425,2.90598,3.0,382.0,0.2647,0.2308,0.0023,1.5498,-0.0229,1.4074,14.6714,14.64,15.05,14.64,14.625,up,2026-09-22T12:02:15,38.0,55.0
AAPL,2028-12-15,814,Put,550.0,AAPL281215P00550000,207.8,212.5,210.15,216.5,0.0,0.0,0.0,0.0,0.0,-1.0,0.0,0.0,-0.0484,0.0,210.1896,0.0,0.0,0.0,210.75,up,2026-09-17T12:19:00,5.0,1.0
AAPL,2028-12-15,814,Call,560.0,AAPL281215C00560000,11.7,14.1,12.899999999999999,12.7,0.0,0.0,0.0,108.0,0.259,0.2171,0.0022,1.4982,-0.0222,1.3286,13.5646,0.0,0.0,0.0,13.5250000953674,down,2026-09-15T12:59:40,192.0,23.0
AAPL,2028-12-15,814,Put,560.0,AAPL281215P00560000,217.5,222.5,220.0,0.0,0.0,0.0,0.0,0.0,0.3341,-1.0,0.0,0.0,-0.0484,0.0,220.1892,0.0,0.0,0.0,220.75,no_change,,1.0,1.0
AAPL,2028-12-15,814,Call,570.0,AAPL281215C00570000,10.75,12.9,11.825,12.52,0.0,0.0,0.0,54.0,0.2584,0.2041,0.0021,1.4471,-0.0214,1.2539,12.5436,0.0,0.0,0.0,12.625,no_change,2026-09-18T09:47:42,158.0,5.0
AAPL,2028-12-15,814,Put,570.0,AAPL281215P00570000,227.5,232.5,230.0,241.93,0.0,0.0,0.0,0.0,0.3428,-1.0,0.0,0.0,-0.0484,0.0,230.1892,0.0,0.0,0.0,230.75,up,2026-07-21T15:54:13,1.0,1.0
AAPL,2028-12-15,814,Call,580.0,AAPL281215C00580000,10.4,12.25,11.325,11.72,0.095,0.817204,2.0,145.0,0.2614,0.1918,0.002,1.3954,-0.0207,1.1812,11.6026,12.0,12.0,11.72,11.625,down,2026-09-22T14:47:48,158.0,36.0
AAPL,2028-12-15,814,Put,580.0,AAPL281215P00580000,237.5,242.5,240.0,252.6,0.0,0.0,0.0,0.0,0.3513,-1.0,0.0,0.0,-0.0484,0.0,240.1892,0.0,0.0,0.0,240.75,up,2026-07-21T15:53:36,1.0,1.0
AAPL,2028-12-15,814,Call,590.0,AAPL281215C00590000,10.1,11.9,11.0,9.6,-1.125,-10.4895,3.0,201.0,0.2655,0.1802,0.002,1.3432,-0.0199,1.112,10.7366,9.6,9.6,9.6,10.7249999046326,down,2026-09-22T09:38:02,46.0,113.0
AAPL,2028-12-15,814,Put,590.0,AAPL281215P00590000,247.5,252.5,250.0,264.5,0.0,0.0,0.0,0.0,0.3596,-1.0,0.0,0.0,-0.0484,0.0,250.1892,0.0,0.0,0.0,250.75,no_change,2026-07-21T15:36:46,1.0,1.0
AAPL,2028-12-15,814,Call,600.0,AAPL281215C00600000,9.75,10.25,10.0,9.75,-0.25,-2.5,210.0,4501.0,0.264,0.1693,0.0019,1.2923,-0.0192,1.0478,9.9379,9.75,10.27,9.65,10.0,no_change,2026-09-22T15:49:59,1.0,5.0
AAPL,2028-12-15,814,Put,600.0,AAPL281215P00600000,257.5,262.5,260.0,318.86,0.0,0.0,0.0,0.0,0.3678,-1.0,0.0,0.0,-0.0484,0.0,260.1892,0.0,0.0,0.0,260.75,up,2026-06-26T14:16:43,1.0,1.0
AAPL,2029-01-19,849,Call,5.0,AAPL290119C00005000,332.5,337.5,335.0,0.0,0.0,0.0,0.0,0.0,0.0,1.0,0.0,0.0004,0.0,0.0228,335.2944,0.0,0.0,0.0,334.125,no_change,,1.0,1.0
AAPL,2029-01-19,849,Put,5.0,AAPL290119P00005000,0.01,0.13,0.07,0.03,-0.045,-60.0,31.0,1.0,1.095,-0.0001,0.0,0.0014,-0.0001,-0.0008,0.0103,0.04,0.09,0.03,0.0750000029802322,down,2026-09-22T15:59:55,1.0,57.0
AAPL,2029-01-19,849,Call,10.0,AAPL290119C00010000,327.5,332.5,330.0,0.0,0.0,0.0,0.0,0.0,0.0,1.0,0.0,0.0004,0.0,0.053,330.4013,0.0,0.0,0.0,329.199996948242,no_change,,1.0,1.0
AAPL,2029-01-19,849,Put,10.0,AAPL290119P00010000,0.0,2.5,1.25,0.0,0.0,0.0,0.0,0.0,1.3689,-0.0002,0.0,0.0032,-0.0001,-0.0017,0.0213,0.0,0.0,0.0,0.344999998807907,no_change,,0.0,153.0
AAPL,2029-01-19,849,Call,15.0,AAPL290119C00015000,322.5,327.5,325.0,0.0,0.0,0.0,0.0,0.0,0.0,1.0,0.0,0.0005,0.0,0.0907,325.5314,0.0,0.0,0.0,324.5,no_change,,1.0,1.0
AAPL,2029-01-19,849,Put,15.0,AAPL290119P00015000,0.0,2.51,1.255,0.0,0.0,0.0,0.0,0.0,1.176,-0.0003,0.0,0.0054,-0.0002,-0.0028,0.0341,0.0,0.0,0.0,0.245000004768372,no_change,,0.0,91.0
AAPL,2029-01-19,849,Call,20.0,AAPL290119C00020000,317.5,322.5,320.0,0.0,0.0,0.0,0.0,0.0,0.0,1.0,0.0,0.0044,0.0,0.1422,320.6916,0.0,0.0,0.0,320.0,no_change,,1.0,1.0
AAPL,2029-01-19,849,Put,20.0,AAPL290119P00020000,0.01,2.51,1.2599999999999998,0.0,0.0,0.0,0.0,0.0,1.0513,-0.0004,0.0,0.0079,-0.0003,-0.0042,0.0489,0.0,0.0,0.0,0.354999993927777,no_change,,5.0,95.0
AAPL,2029-01-19,849,Call,25.0,AAPL290119C00025000,313.0,318.0,315.5,314.48,-1.02,-0.323296,1.0,0.0,0.0,1.0,0.0,0.0111,0.0,0.4863,315.9962,314.48,314.48,314.48,315.5,down,2026-09-22T10:10:23,1.0,1.0
AAPL,2029-01-19,849,Put,25.0,AAPL290119P00025000,0.01,0.15,0.08,0.14,-0.16,-53.3333,33.0,19.0,0.6607,-0.0006,0.0,0.0109,-0.0004,-0.0058,0.0655,0.12,0.15,0.08,0.299999986775219,up,2026-09-22T15:59:55,5.0,39.0
AAPL,2029-01-19,849,Call,30.0,AAPL290119C00030000,308.5,313.5,311.0,0.0,0.0,0.0,0.0,0.0,0.0,1.0,0.0,0.0141,0.0,0.6401,311.5603,0.0,0.0,0.0,311.0,no_change,,1.0,1.0
AAPL,2029-01-19,849,Put,30.0,AAPL290119P00030000,0.01,0.44,0.225,0.09,0.0,0.0,0.0,3.0,0.6887,-0.0008,0.0,0.0143,-0.0005,-0.0077,0.0849,0.0,0.0,0.0,0.264999990351498,down,2026-09-17T12:49:58,5.0,95.0
AAPL,2029-01-19,849,Call,35.0,AAPL290119C00035000,304.0,309.0,306.5,0.0,0.0,0.0,0.0,0.0,0.0,1.0,0.0,0.0177,0.0,0.7417,307.143,0.0,0.0,0.0,306.5,no_change,,1.0,1.0
AAPL,2029-01-19,849,Put,35.0,AAPL290119P00035000,0.0,0.3,0.15,0.15,-1.115,-88.1423,2.0,2.0,0.615,-0.001,0.0,0.018,-0.0006,-0.0099,0.106,0.19,0.19,0.15,1.26499998569489,down,2026-09-22T15:15:28,0.0,103.0
AAPL,2029-01-19,849,Call,40.0,AAPL290119C00040000,299.5,304.5,302.0,0.0,0.0,0.0,0.0,0.0,0.0,1.0,0.0,0.0218,0.0,0.8428,302.728,0.0,0.0,0.0,302.0,no_change,,1.0,1.0
AAPL,2029-01-19,849,Put,40.0,AAPL290119P00040000,0.0,2.57,1.285,0.0,0.0,0.0,0.0,0.0,0.7806,-0.0013,0.0,0.0222,-0.0007,-0.0123,0.1293,0.0,0.0,0.0,1.27499997615814,no_change,,0.0,91.0
AAPL,2029-01-19,849,Call,45.0,AAPL290119C00045000,295.0,300.0,297.5,0.0,0.0,0.0,0.0,0.0,0.0,1.0,0.0,0.0263,0.0,0.9435,298.3154,0.0,0.0,0.0,297.524993896484,no_change,,6.0,1.0
AAPL,2029-01-19,849,Put,45.0,AAPL290119P00045000,0.0,2.59,1.295,0.0,0.0,0.0,0.0,0.0,0.7382,-0.0016,0.0,0.0268,-0.0008,-0.015,0.1552,0.0,0.0,0.0,1.28999996185303,no_change,,0.0,95.0
AAPL,2029-01-19,849,Call,50.0,AAPL290119C00050000,290.5,295.5,293.0,289.53,0.0,0.0,0.0,140.0,0.0,1.0,0.0,0.0313,0.0,1.0439,293.9054,0.0,0.0,0.0,291.75,down,2026-09-18T14:32:10,6.0,1.0
AAPL,2029-01-19,849,Put,50.0,AAPL290119P00050000,0.0,2.62,1.31,0.0,0.0,0.0,0.0,0.0,0.7014,-0.0019,0.0,0.0319,-0.0009,-0.018,0.1837,0.0,0.0,0.0,0.384999990463257,no_change,,0.0,91.0
AAPL,2029-01-19,849,Call,60.0,AAPL290119C00060000,282.0,287.0,284.5,280.14,0.0,0.0,0.0,1.0,0.0,0.9997,0.0,0.0428,0.0,1.2436,285.094,0.0,0.0,0.0,284.5,down,2026-09-18T14:19:59,1.0,1.0
AAPL,2029-01-19,849,Put,60.0,AAPL290119P00060000,0.0,2.67,1.335,0.0,0.0,0.0,0.0,0.0,0.6386,-0.0026,0.0,0.0436,-0.0012,-0.025,0.2482,0.0,0.0,0.0,0.414999996311963,no_change,,0.0,95.0
AAPL,2029-01-19,849,Call,70.0,AAPL290119C00070000,273.0,278.0,275.5,274.5,0.0,0.0,0.0,1.0,0.0,0.9987,0.0,0.0566,0.0,1.4416,276.2959,0.0,0.0,0.0,275.5,down,2026-09-21T14:57:34,76.0,1.0
AAPL,2029-01-19,849,Put,70.0,AAPL290119P00070000,0.01,0.86,0.435,0.0,0.0,0.0,0.0,0.0,0.4934,-0.0036,0.0,0.0578,-0.0015,-0.034,0.3295,0.0,0.0,0.0,0.454999987967312,no_change,,99.0,301.0
AAPL,2029-01-19,849,Call,80.0,AAPL290119C00080000,264.5,269.5,267.0,262.0,0.0,0.0,0.0,107.0,0.0,0.9976,0.0001,0.0728,0.0,1.6375,267.5142,0.0,0.0,0.0,267.0,down,2026-09-18T12:42:54,6.0,1.0
AAPL,2029-01-19,849,Put,80.0,AAPL290119P00080000,0.01,0.95,0.48,0.0,0.0,0.0,0.0,0.0,0.4608,-0.0048,0.0001,0.0746,-0.0018,-0.0445,0.4261,0.0,0.0,0.0,0.340000001713634,no_change,,141.0,423.0
AAPL,2029-01-19,849,Call,90.0,AAPL290119C00090000,255.5,260.5,258.0,0.0,0.0,0.0,0.0,0.0,0.0,0.9962,0.0001,0.0922,0.0,1.8309,258.7526,0.0,0.0,0.0,258.0,no_change,,77.0,1.0
AAPL,2029-01-19,849,Put,90.0,AAPL290119P00090000,0.05,1.08,0.5650000000000001,0.0,0.0,0.0,0.0,0.0,0.4364,-0.0063,0.0001,0.0945,-0.0022,-0.0576,0.544,0.0,0.0,0.0,0.455000005662441,no_change,,162.0,217.0
AAPL,2029-01-19,849,Call,100.0,AAPL290119C00100000,247.0,252.0,249.5,253.2,3.7,1.48297,4.0,5.0,0.3454,0.9944,0.0001,0.1149,0.0,2.021,250.0163,252.9,253.2,252.9,249.5,no_change,2026-09-22T11:36:02,75.0,1.0
AAPL,2029-01-19,849,Put,100.0,AAPL290119P00100000,0.3,0.95,0.625,0.67,0.0,0.0,0.0,3.0,0.4112,-0.0081,0.0001,0.1179,-0.0027,-0.0737,0.6883,0.0,0.0,0.0,0.644999995827675,down,2026-09-18T12:52:44,94.0,226.0
AAPL,2029-01-19,849,Call,110.0,AAPL290119C00110000,238.5,243.0,240.75,233.95,0.0,0.0,0.0,1.0,0.3451,0.9923,0.0001,0.1417,0.0,2.2077,241.3113,0.0,0.0,0.0,240.75,down,2026-09-16T12:16:22,5.0,1.0
AAPL,2029-01-19,849,Put,110.0,AAPL290119P00110000,0.06,1.46,0.76,0.72,0.0,0.0,0.0,3.0,0.3941,-0.0104,0.0001,0.1459,-0.0032,-0.0933,0.8655,0.0,0.0,0.0,0.830000013113022,down,2026-09-21T15:52:07,204.0,214.0
AAPL,2029-01-19,849,Call,115.0,AAPL290119C00115000,234.0,239.0,236.5,0.0,0.0,0.0,0.0,0.0,0.3564,0.991,0.0001,0.1569,0.0,2.2992,236.9727,0.0,0.0,0.0,236.5,no_change,,77.0,1.0
AAPL,2029-01-19,849,Put,115.0,AAPL290119P00115000,0.01,1.62,0.8150000000000001,0.96,0.0,0.0,0.0,1.0,0.3847,-0.0117,0.0001,0.1614,-0.0035,-0.1048,0.9688,0.0,0.0,0.0,0.974999964237213,down,2026-09-18T14:29:41,426.0,207.0
AAPL,2029-01-19,849,Call,120.0,AAPL290119C00120000,229.5,234.5,232.0,223.59,0.0,0.0,0.0,10.0,0.3377,0.9897,0.0002,0.1733,0.0,2.3894,232.6449,0.0,0.0,0.0,232.0,up,2026-09-15T14:30:30,79.0,1.0
AAPL,2029-01-19,849,Put,120.0,AAPL290119P00120000,0.49,1.41,0.95,0.95,0.0,0.0,0.0,2.0,0.3806,-0.0131,0.0002,0.1782,-0.0038,-0.117,1.0832,0.0,0.0,0.0,1.08500000834465,down,2026-09-21T15:54:02,168.0,156.0
AAPL,2029-01-19,849,Call,125.0,AAPL290119C00125000,225.5,230.0,227.75,223.93,0.0,0.0,0.0,35.0,0.3442,0.9882,0.0002,0.1907,0.0,2.4784,228.3288,0.0,0.0,0.0,227.875,down,2026-09-18T09:56:32,79.0,5.0
AAPL,2029-01-19,849,Put,125.0,AAPL290119P00125000,0.51,1.48,0.995,1.07,0.0,0.0,0.0,2.0,0.3706,-0.0147,0.0002,0.1968,-0.0041,-0.1304,1.2099,0.0,0.0,0.0,1.32499998807907,down,2026-09-18T15:56:49,185.0,114.0
AAPL,2029-01-19,849,Call,130.0,AAPL290119C00130000,221.0,226.0,223.5,222.55,0.0,0.0,0.0,1.0,0.3467,0.9865,0.0002,0.2095,0.0,2.5661,224.0255,0.0,0.0,0.0,223.5,down,2026-09-21T14:47:20,77.0,1.0
AAPL,2029-01-19,849,Put,130.0,AAPL290119P00130000,1.12,1.5,1.31,1.5,0.01,0.671144,2.0,0.0,0.3751,-0.0164,0.0002,0.2165,-0.0045,-0.1454,1.3506,1.5,1.5,1.5,1.4899999499321,up,2026-09-22T12:17:13,32.0,32.0
AAPL,2029-01-19,849,Call,135.0,AAPL290119C00135000,217.0,221.5,219.25,209.4,0.0,0.0,0.0,5.0,0.3469,0.9847,0.0002,0.23,0.0,2.6521,219.7362,0.0,0.0,0.0,219.25,up,2026-09-15T14:37:04,75.0,1.0
AAPL,2029-01-19,849,Put,135.0,AAPL290119P00135000,0.84,2.01,1.4249999999999998,1.51,0.0,0.0,0.0,7.0,0.3681,-0.0183,0.0002,0.2375,-0.0048,-0.1622,1.5062,0.0,0.0,0.0,1.52500003576279,down,2026-09-21T14:27:14,178.0,350.0
AAPL,2029-01-19,849,Call,140.0,AAPL290119C00140000,212.5,217.5,215.0,0.0,0.0,0.0,0.0,0.0,0.3456,0.9827,0.0002,0.2519,0.0,2.7361,215.4623,0.0,0.0,0.0,215.025001525879,no_change,,77.0,10.0
AAPL,2029-01-19,849,Put,140.0,AAPL290119P00140000,1.38,2.03,1.7049999999999998,1.54,-0.28,-15.3846,1.0,5.0,0.3637,-0.0204,0.0003,0.26,-0.0052,-0.1801,1.678,1.54,1.54,1.54,1.82000005245209,down,2026-09-22T12:51:04,82.0,31.0
AAPL,2029-01-19,849,Call,145.0,AAPL290119C00145000,208.5,213.0,210.75,213.1,2.675,1.27124,6.0,18.0,0.3432,0.9806,0.0003,0.2751,0.0,2.8184,211.2052,212.9,213.1,212.9,210.424995422363,up,2026-09-22T13:26:11,80.0,1.0
AAPL,2029-01-19,849,Put,145.0,AAPL290119P00145000,1.56,2.48,2.02,2.19,0.0,0.0,0.0,18.0,0.3673,-0.0227,0.0003,0.2847,-0.0057,-0.1995,1.8675,0.0,0.0,0.0,1.91000002622604,up,2026-09-15T11:06:10,97.0,327.0
AAPL,2029-01-19,849,Call,150.0,AAPL290119C00150000,204.0,208.8,206.4,201.7,0.0,0.0,0.0,11.0,0.3359,0.9782,0.0003,0.2996,0.0,2.899,206.9662,0.0,0.0,0.0,206.324996948242,down,2026-09-21T09:37:51,115.0,10.0
AAPL,2029-01-19,849,Put,150.0,AAPL290119P00150000,1.84,2.8,2.32,2.55,0.0,0.0,0.0,14.0,0.3653,-0.0253,0.0003,0.3107,-0.0061,-0.2214,2.0766,0.0,0.0,0.0,2.2600000500679,down,2026-09-17T10:15:29,33.0,326.0
AAPL,2029-01-19,849,Call,155.0,AAPL290119C00155000,200.0,204.9,202.45,201.45,0.0,0.0,0.0,1.0,0.3433,0.9756,0.0003,0.326,0.0,2.9775,202.7465,0.0,0.0,0.0,201.974998474121,no_change,2026-09-21T15:10:58,99.0,10.0
AAPL,2029-01-19,849,Put,155.0,AAPL290119P00155000,1.97,3.15,2.56,2.44,0.035,1.4553,6.0,1.0,0.3607,-0.028,0.0004,0.3382,-0.0066,-0.2446,2.3067,2.44,2.44,2.44,2.40499997138977,up,2026-09-22T14:26:06,94.0,187.0
AAPL,2029-01-19,849,Call,160.0,AAPL290119C00160000,196.0,200.5,198.25,196.31,0.0,0.0,0.0,3.0,0.3401,0.9728,0.0004,0.3542,0.0,3.0535,198.5478,0.0,0.0,0.0,198.150001525879,up,2026-09-21T10:35:51,103.0,6.0
AAPL,2029-01-19,849,Put,160.0,AAPL290119P00160000,2.33,3.2,2.765,2.9,0.0,0.0,0.0,3.0,0.355,-0.0309,0.0004,0.3667,-0.0071,-0.2698,2.554,0.0,0.0,0.0,2.66000008583069,down,2026-09-16T13:33:48,13.0,287.0
AAPL,2029-01-19,849,Call,165.0,AAPL290119C00165000,191.5,196.5,194.0,193.1,0.0,0.0,0.0,15.0,0.3349,0.9698,0.0004,0.3837,0.0,3.127,194.3718,0.0,0.0,0.0,193.974998474121,down,2026-09-21T14:47:04,109.0,6.0
AAPL,2029-01-19,849,Put,165.0,AAPL290119P00165000,2.3,3.4,2.8499999999999996,2.65,-0.255,-8.77797,6.0,0.0,0.3458,-0.0341,0.0004,0.3978,-0.0076,-0.2964,2.8301,2.65,2.65,2.65,2.90499997138977,down,2026-09-22T14:26:06,154.0,133.0
AAPL,2029-01-19,849,Call,170.0,AAPL290119C00170000,187.5,192.2,189.85,191.0,1.4,0.738397,2.0,41.0,0.3321,0.9666,0.0004,0.4145,0.0,3.1984,190.22,191.0,191.0,191.0,189.599998474121,up,2026-09-22T14:51:23,104.0,10.0
AAPL,2029-01-19,849,Put,170.0,AAPL290119P00170000,2.86,3.55,3.205,3.25,0.0,0.0,0.0,18.0,0.3434,-0.0376,0.0005,0.4309,-0.0082,-0.3252,3.1323,0.0,0.0,0.0,3.22500002384186,down,2026-09-21T13:31:00,25.0,13.0
AAPL,2029-01-19,849,Call,175.0,AAPL290119C00175000,183.5,188.0,185.75,185.56,0.0,0.0,0.0,9.0,0.3301,0.963,0.0005,0.447,0.0,3.2674,186.0936,0.0,0.0,0.0,185.650001525879,up,2026-09-21T14:42:20,102.0,7.0
AAPL,2029-01-19,849,Put,175.0,AAPL290119P00175000,2.62,4.25,3.435,0.0,0.0,0.0,0.0,0.0,0.3377,-0.0414,0.0005,0.465,-0.0088,-0.3581,3.4628,0.0,0.0,0.0,3.60000002384186,no_change,,175.0,142.0
AAPL,2029-01-19,849,Call,180.0,AAPL290119C00180000,179.5,184.0,181.75,176.77,0.0,0.0,0.0,2.0,0.3297,0.9593,0.0005,0.4814,0.0,3.3335,181.9944,0.0,0.0,0.0,181.525001525879,down,2026-09-16T09:38:11,102.0,7.0
AAPL,2029-01-19,849,Put,180.0,AAPL290119P00180000,3.55,4.55,4.05,3.8,-0.1,-2.56411,3.0,0.0,0.3397,-0.0455,0.0006,0.5005,-0.0094,-0.3904,3.8217,3.8,3.8,3.8,3.90000009536743,down,2026-09-22T10:38:09,30.0,157.0
AAPL,2029-01-19,849,Call,185.0,AAPL290119C00185000,175.5,180.0,177.75,177.17,-0.305,-0.171854,5.0,74.0,0.3284,0.9552,0.0006,0.5174,0.0,3.3963,177.9243,179.0,179.0,176.03,177.474998474121,up,2026-09-22T10:07:01,106.0,11.0
AAPL,2029-01-19,849,Put,185.0,AAPL290119P00185000,3.6,4.95,4.275,4.37,0.0,0.0,0.0,4.0,0.3331,-0.0499,0.0006,0.5386,-0.01,-0.4264,4.2127,0.0,0.0,0.0,4.30000007152557,down,2026-09-21T15:09:42,138.0,113.0
AAPL,2029-01-19,849,Call,190.0,AAPL290119C00190000,171.5,176.0,173.75,171.31,0.0,0.0,0.0,3.0,0.3264,0.9509,0.0006,0.5543,0.0,3.4563,173.8851,0.0,0.0,0.0,173.425003051758,up,2026-09-17T15:24:42,112.0,15.0
AAPL,2029-01-19,849,Put,190.0,AAPL290119P00190000,4.0,5.15,4.575,4.85,0.0,0.0,0.0,6.0,0.3278,-0.0546,0.0007,0.5779,-0.0107,-0.4649,4.6388,0.0,0.0,0.0,4.82500004768372,down,2026-09-21T13:29:53,121.0,8.0
AAPL,2029-01-19,849,Call,195.0,AAPL290119C00195000,167.5,172.0,169.75,170.2,0.65,0.383366,2.0,2.0,0.3239,0.9463,0.0007,0.5925,0.0,3.514,169.8781,170.2,170.2,170.2,169.550003051758,no_change,2026-09-22T10:30:31,104.0,12.0
AAPL,2029-01-19,849,Put,195.0,AAPL290119P00195000,4.4,6.0,5.2,5.0,-0.25,-4.7619,7.0,0.0,0.3278,-0.0597,0.0007,0.6187,-0.0114,-0.5057,5.0993,5.0,5.0,5.0,5.25,down,2026-09-22T11:32:45,284.0,283.0
AAPL,2029-01-19,849,Call,200.0,AAPL290119C00200000,163.5,168.0,165.75,167.6,2.025,1.22301,1.0,148.0,0.3209,0.9414,0.0007,0.6324,0.0,3.5684,165.9046,167.6,167.6,167.6,165.575004577637,up,2026-09-22T10:58:26,169.0,19.0
AAPL,2029-01-19,849,Put,200.0,AAPL290119P00200000,5.3,6.3,5.8,5.41,-0.265,-4.6696,4.0,109.0,0.3266,-0.065,0.0008,0.6605,-0.012,-0.5488,5.5971,5.41,5.41,5.41,5.67499995231628,down,2026-09-22T11:33:34,28.0,86.0
AAPL,2029-01-19,849,Call,210.0,AAPL290119C00210000,155.5,160.0,157.75,156.4,0.0,0.0,0.0,17.0,0.3139,0.9306,0.0008,0.7165,0.0,3.666,158.0667,0.0,0.0,0.0,157.625,up,2026-09-21T14:47:49,120.0,13.0
AAPL,2029-01-19,849,Put,210.0,AAPL290119P00210000,6.3,7.45,6.875,7.18,0.0,0.0,0.0,3.0,0.3207,-0.0769,0.0009,0.7488,-0.0135,-0.6428,6.7128,0.0,0.0,0.0,6.90000009536743,down,2026-09-21T10:25:27,126.0,94.0
AAPL,2029-01-19,849,Call,220.0,AAPL290119C00220000,147.5,152.25,149.875,151.7,2.125,1.42069,4.0,7.0,0.3007,0.9187,0.001,0.8036,0.0,3.7517,150.3848,149.0,151.7,149.0,149.574996948242,up,2026-09-22T10:48:19,128.0,2.0
AAPL,2029-01-19,849,Put,220.0,AAPL290119P00220000,7.5,8.5,8.0,8.0,-0.125,-1.53846,2.0,6.0,0.3139,-0.0902,0.001,0.8423,-0.0151,-0.7482,8.0026,8.0,8.0,8.0,8.12500023841858,down,2026-09-22T09:37:36,91.0,27.0
AAPL,2029-01-19,849,Call,230.0,AAPL290119C00230000,140.45,145.0,142.725,143.95,1.725,1.21287,1.0,11.0,0.308,0.9054,0.0011,0.8957,0.0,3.822,142.8708,143.95,143.95,143.95,142.224998474121,up,2026-09-22T10:49:35,120.0,12.0
AAPL,2029-01-19,849,Put,230.0,AAPL290119P00230000,9.05,10.1,9.575,9.29,-0.26,-2.72251,4.0,28.0,0.3106,-0.1051,0.0012,0.9395,-0.0167,-0.8587,9.4884,9.35,9.35,9.29,9.5499997138977,down,2026-09-22T11:49:46,89.0,34.0
AAPL,2029-01-19,849,Call,240.0,AAPL290119C00240000,133.4,137.5,135.45,138.3,3.55,2.63451,44.0,11.0,0.305,0.8909,0.0012,0.989,-0.0004,3.8788,135.539,135.5,138.39,135.5,134.75,up,2026-09-22T12:44:09,120.0,109.0
AAPL,2029-01-19,849,Put,240.0,AAPL290119P00240000,9.5,11.75,10.625,10.9,-0.4,-3.53982,14.0,12.0,0.3004,-0.1216,0.0014,1.0388,-0.0183,-0.9806,11.1756,11.0,11.0,10.9,11.3000001907349,down,2026-09-22T12:00:18,285.0,28.0
AAPL,2029-01-19,849,Call,250.0,AAPL290119C00250000,125.75,130.5,128.125,129.9,2.2,1.72279,3.0,402.0,0.2998,0.8751,0.0013,1.0846,-0.0029,3.9212,128.3985,129.56,129.9,129.56,127.699996948242,up,2026-09-22T13:48:55,233.0,19.0
AAPL,2029-01-19,849,Put,250.0,AAPL290119P00250000,12.65,13.8,13.225000000000001,13.26,0.0,0.0,0.0,354.0,0.3036,-0.1397,0.0015,1.1391,-0.02,-1.1114,13.0838,0.0,0.0,0.0,13.1999998092651,up,2026-09-21T15:35:09,45.0,13.0
AAPL,2029-01-19,849,Call,260.0,AAPL290119C00260000,119.0,123.35,121.175,121.84,0.89,0.735841,3.0,6.0,0.2966,0.8581,0.0015,1.1805,-0.0052,3.9477,121.463,121.0,121.84,121.0,120.950000762939,up,2026-09-22T15:49:32,126.0,53.0
AAPL,2029-01-19,849,Put,260.0,AAPL290119P00260000,14.65,16.05,15.350000000000001,14.7,-0.675,-4.39024,2.0,12.0,0.3,-0.1594,0.0017,1.2408,-0.0217,-1.2523,15.2287,15.12,15.12,14.7,15.375,down,2026-09-22T11:02:55,109.0,53.0
AAPL,2029-01-19,849,Call,270.0,AAPL290119C00270000,112.5,116.5,114.5,114.85,0.625,0.547164,91.0,9.0,0.2941,0.8399,0.0016,1.2751,-0.0076,3.9622,114.7399,115.95,116.9,114.5,114.225002288818,down,2026-09-22T15:18:46,135.0,72.0
AAPL,2029-01-19,849,Put,270.0,AAPL290119P00270000,16.95,18.9,17.924999999999997,17.96,0.0,0.0,0.0,96.0,0.2983,-0.1808,0.0019,1.3385,-0.0234,-1.3934,17.6264,0.0,0.0,0.0,17.7249994277954,down,2026-09-21T13:22:08,88.0,99.0
AAPL,2029-01-19,849,Call,280.0,AAPL290119C00280000,106.0,110.0,108.0,107.5,0.175,0.163055,27.0,102.0,0.2915,0.8206,0.0017,1.3691,-0.0098,3.9596,108.2391,109.35,110.94,107.5,107.325000762939,down,2026-09-22T15:32:05,153.0,68.0
AAPL,2029-01-19,849,Put,280.0,AAPL290119P00280000,19.55,21.2,20.375,19.7,-0.8,-3.90244,15.0,139.0,0.2938,-0.2038,0.0021,1.4338,-0.0252,-1.5419,20.2887,19.7,19.7,19.7,20.5,no_change,2026-09-22T11:16:31,96.0,70.0
AAPL,2029-01-19,849,Call,290.0,AAPL290119C00290000,99.75,104.0,101.875,104.17,2.795,2.75709,46.0,16.0,0.29,0.8003,0.0019,1.4589,-0.012,3.946,101.9686,103.3,104.17,101.0,101.375,up,2026-09-22T12:29:49,132.0,78.0
AAPL,2029-01-19,849,Put,290.0,AAPL290119P00290000,22.3,25.05,23.675,22.7,-0.675,-2.8877,3.0,125.0,0.2936,-0.2284,0.0022,1.5268,-0.0268,-1.6919,23.2292,22.7,22.7,22.7,23.375,no_change,2026-09-22T12:59:57,96.0,161.0
AAPL,2029-01-19,849,Call,300.0,AAPL290119C00300000,93.65,98.0,95.825,95.6,0.05,0.0523294,61.0,75.0,0.2876,0.779,0.002,1.5458,-0.0141,3.9179,95.9321,97.7,98.0,95.55,95.5499992370606,down,2026-09-22T15:59:16,325.0,52.0
AAPL,2029-01-19,849,Put,300.0,AAPL290119P00300000,25.9,26.9,26.4,26.27,-0.18,-0.680532,25.0,8.0,0.2879,-0.2545,0.0024,1.6121,-0.0284,-1.8318,26.458,25.56,26.27,25.56,26.4500007629395,up,2026-09-22T15:25:37,10.0,4.0
AAPL,2029-01-19,849,Call,310.0,AAPL290119C00310000,87.85,91.75,89.8,89.8,0.55,0.616247,65.0,255.0,0.2839,0.7568,0.0021,1.6276,-0.016,3.8766,90.138,92.36,92.93,89.8,89.25,down,2026-09-22T15:59:16,121.0,34.0
AAPL,2029-01-19,849,Put,310.0,AAPL290119P00310000,29.45,31.05,30.25,29.75,-0.2,-0.667782,1.0,45.0,0.2876,-0.2821,0.0026,1.6887,-0.03,-1.9814,29.9894,29.75,29.75,29.75,29.9500007629394,down,2026-09-22T09:33:10,15.0,21.0
AAPL,2029-01-19,849,Call,320.0,AAPL290119C00320000,82.0,85.6,83.8,83.9,-0.3,-0.356295,15.0,63.0,0.2793,0.7339,0.0022,1.7032,-0.0178,3.8266,84.5863,84.71,86.62,83.9,84.2000007629394,down,2026-09-22T15:35:38,118.0,37.0
AAPL,2029-01-19,849,Put,320.0,AAPL290119P00320000,33.2,34.4,33.8,33.65,-0.5,-1.46413,14.0,28.0,0.284,-0.3109,0.0028,1.7574,-0.0315,-2.1184,33.7957,33.11,33.65,33.11,34.1499996185303,no_change,2026-09-22T15:12:30,12.0,12.0
AAPL,2029-01-19,849,Call,330.0,AAPL290119C00330000,76.5,80.0,78.25,79.7,0.875,1.11005,24.0,69.0,0.2762,0.7104,0.0024,1.7735,-0.0195,3.762,79.2805,80.89,80.89,78.52,78.8250007629394,up,2026-09-22T15:36:58,131.0,28.0
AAPL,2029-01-19,849,Put,330.0,AAPL290119P00330000,36.9,39.1,38.0,37.49,-0.66,-1.73001,30.0,71.0,0.2821,-0.3417,0.003,1.816,-0.0329,-2.2692,37.989,37.13,37.88,37.03,38.1499996185303,up,2026-09-22T14:08:53,70.0,26.0
AAPL,2029-01-19,849,Call,340.0,AAPL290119C00340000,71.5,75.35,73.425,75.7,2.1,2.85326,47.0,127.0,0.2759,0.6864,0.0025,1.836,-0.021,3.6906,74.2223,74.3,76.05,73.5,73.6000022888184,down,2026-09-22T13:04:52,120.0,25.0
AAPL,2029-01-19,849,Put,340.0,AAPL290119P00340000,41.3,44.0,42.65,41.2,-1.5,-3.51288,11.0,4.0,0.2812,-0.3734,0.0032,1.862,-0.0343,-2.3927,42.474,41.95,42.05,41.2,42.7000007629394,down,2026-09-22T11:12:52,38.0,60.0
AAPL,2029-01-19,849,Call,350.0,AAPL290119C00350000,66.6,71.15,68.875,69.75,0.925,1.34399,62.0,135.0,0.2758,0.662,0.0026,1.8913,-0.0224,3.6102,69.4075,69.7,71.56,69.7,68.8250007629394,down,2026-09-22T14:06:36,173.0,61.0
AAPL,2029-01-19,849,Put,350.0,AAPL290119P00350000,45.95,48.55,47.25,46.2,-1.275,-2.68562,2.0,17.0,0.2784,-0.4064,0.0034,1.89,-0.0356,-2.4673,47.2879,46.2,46.2,46.2,47.4750003814697,down,2026-09-22T12:10:36,49.0,56.0
AAPL,2029-01-19,849,Call,360.0,AAPL290119C00360000,62.0,66.5,64.25,67.55,3.85,6.04395,66.0,36.0,0.274,0.6374,0.0026,1.9391,-0.0236,3.5192,64.8381,64.0,67.55,64.0,63.7000007629394,up,2026-09-22T12:42:18,112.0,58.0
AAPL,2029-01-19,849,Put,360.0,AAPL290119P00360000,51.65,53.85,52.75,53.02,0.0,0.0,0.0,15.0,0.2787,-0.4404,0.0036,1.9108,-0.0367,-2.5583,52.4399,0.0,0.0,0.0,52.6999988555908,down,2026-09-21T12:18:45,5.0,55.0
AAPL,2029-01-19,849,Call,370.0,AAPL290119C00370000,58.0,62.5,60.25,61.2,1.6,2.68456,55.0,14.0,0.2743,0.6126,0.0027,1.9786,-0.0246,3.4258,60.509,61.0,61.2,61.0,59.6000003814697,up,2026-09-22T14:39:07,93.0,84.0
AAPL,2029-01-19,849,Put,370.0,AAPL290119P00370000,55.6,58.75,57.175,59.81,0.0,0.0,0.0,20.0,0.2717,-0.4756,0.0038,1.9182,-0.0378,-2.6662,57.9294,0.0,0.0,0.0,58.125,down,2026-09-21T10:11:55,132.0,24.0
AAPL,2029-01-19,849,Call,380.0,AAPL290119C00380000,54.0,58.25,56.125,58.24,2.49,4.46637,2.0,44.0,0.2728,0.5878,0.0028,2.0102,-0.0255,3.3242,56.4144,56.68,58.24,56.68,55.75,up,2026-09-22T11:17:49,120.0,69.0
AAPL,2029-01-19,849,Put,380.0,AAPL290119P00380000,61.5,65.45,63.475,61.82,-2.155,-3.3685,4.0,382.0,0.2727,-0.512,0.004,1.8967,-0.0389,-2.7072,63.7805,62.3,62.3,61.82,63.9750003814697,no_change,2026-09-22T11:03:54,151.0,103.0
AAPL,2029-01-19,849,Call,390.0,AAPL290119C00390000,51.6,54.0,52.8,53.75,1.675,3.21652,13.0,40.0,0.2743,0.5632,0.0028,2.0337,-0.0262,3.2169,52.5528,52.11,53.75,52.09,52.0749988555908,no_change,2026-09-22T12:00:31,15.0,80.0
AAPL,2029-01-19,849,Put,390.0,AAPL290119P00390000,67.5,71.9,69.7,69.9,-0.375,-0.53362,530.0,9.0,0.2717,-0.5489,0.0042,1.8577,-0.0399,-2.6838,69.9541,68.17,69.9,68.17,70.2750015258789,up,2026-09-22T14:10:37,106.0,141.0
AAPL,2029-01-19,849,Call,400.0,AAPL290119C00400000,47.4,49.4,48.4,49.59,1.215,2.51163,523.0,218.0,0.2694,0.5387,0.0028,2.0496,-0.0268,3.1098,48.9152,50.06,51.17,49.34,48.375,up,2026-09-22T15:02:51,45.0,6.0
AAPL,2029-01-19,849,Put,400.0,AAPL290119P00400000,74.4,77.5,75.95,74.57,-2.255,-2.93524,30.0,8.0,0.269,-0.5866,0.0043,1.8226,-0.0407,-2.6368,76.4658,74.5,74.57,74.5,76.8250007629394,up,2026-09-22T12:04:14,85.0,48.0
AAPL,2029-01-19,849,Call,410.0,AAPL290119C00410000,44.35,46.95,45.650000000000006,46.07,1.27,2.83482,1.0,32.0,0.2717,0.5145,0.0028,2.0576,-0.0272,2.9971,45.4943,46.07,46.07,46.07,44.7999992370606,up,2026-09-22T13:38:12,23.0,71.0
AAPL,2029-01-19,849,Put,410.0,AAPL290119P00410000,81.0,84.7,82.85,88.6,0.0,0.0,0.0,2.0,0.268,-0.6253,0.0045,1.7534,-0.0413,-2.6908,83.3508,0.0,0.0,0.0,83.6749992370606,up,2026-09-14T11:08:24,129.0,75.0
AAPL,2029-01-19,849,Call,420.0,AAPL290119C00420000,40.2,43.45,41.825,41.76,0.0,0.0,0.0,21.0,0.2677,0.4907,0.0029,2.0583,-0.0275,2.8819,42.2859,0.0,0.0,0.0,41.7749996185303,down,2026-09-21T13:02:08,102.0,24.0
AAPL,2029-01-19,849,Put,420.0,AAPL290119P00420000,88.0,92.75,90.375,92.24,0.0,0.0,0.0,2.0,0.2688,-0.6647,0.0047,1.6319,-0.0421,-2.5206,90.5697,0.0,0.0,0.0,91.4000015258789,down,2026-09-21T10:47:19,107.0,141.0
AAPL,2029-01-19,849,Call,430.0,AAPL290119C00430000,38.6,40.45,39.525000000000006,38.98,0.33,0.853817,3.0,2.0,0.2703,0.4674,0.0029,2.0526,-0.0276,2.7694,39.2791,38.98,38.98,38.98,38.6499996185303,up,2026-09-22T10:37:15,5.0,21.0
AAPL,2029-01-19,849,Put,430.0,AAPL290119P00430000,96.0,100.5,98.25,99.79,0.0,0.0,0.0,4.0,0.2701,-0.704,0.0048,1.5578,-0.0425,-2.304,98.0995,0.0,0.0,0.0,98.7750015258789,up,2026-09-21T11:01:35,131.0,110.0
AAPL,2029-01-19,849,Call,440.0,AAPL290119C00440000,35.05,37.0,36.025,37.8,1.675,4.63668,2.0,0.0,0.2662,0.4447,0.0028,2.04,-0.0277,2.6542,36.4652,37.8,37.8,37.8,36.125,up,2026-09-22T11:02:37,63.0,8.0
AAPL,2029-01-19,849,Put,440.0,AAPL290119P00440000,103.5,108.5,106.0,0.0,0.0,0.0,0.0,0.0,0.2683,-0.7447,0.005,1.4251,-0.0432,-2.3333,106.0028,0.0,0.0,0.0,106.75,no_change,,115.0,117.0
AAPL,2029-01-19,849,Call,450.0,AAPL290119C00450000,32.2,35.0,33.6,33.75,0.4,1.1994,18.0,11.0,0.269,0.4226,0.0028,2.021,-0.0276,2.5381,33.8383,35.0,35.13,33.75,33.3500003814697,down,2026-09-22T14:14:34,1.0,68.0
AAPL,2029-01-19,849,Put,450.0,AAPL290119P00450000,112.0,115.15,113.575,0.0,0.0,0.0,0.0,0.0,0.2619,-0.786,0.0052,1.216,-0.0432,-1.9532,114.2407,0.0,0.0,0.0,114.625,no_change,,143.0,5.0
AAPL,2029-01-19,849,Call,460.0,AAPL290119C00460000,30.75,32.7,31.725,30.98,0.0,0.0,0.0,2.0,0.2686,0.4011,0.0028,1.9974,-0.0274,2.4267,31.3879,0.0,0.0,0.0,30.75,up,2026-09-21T14:32:15,7.0,54.0
AAPL,2029-01-19,849,Put,460.0,AAPL290119P00460000,120.5,125.0,122.75,119.3,-4.175,-3.38125,2.0,0.0,0.267,-0.827,0.0054,1.135,-0.0433,-1.5292,122.7445,119.5,119.5,119.3,123.474998474121,down,2026-09-22T11:33:12,145.0,122.0
AAPL,2029-01-19,849,Call,470.0,AAPL290119C00470000,28.3,29.85,29.075000000000003,0.0,0.0,0.0,0.0,0.0,0.2662,0.3803,0.0028,1.9689,-0.0272,2.3159,29.1035,0.0,0.0,0.0,28.9000005722046,no_change,,5.0,15.0
AAPL,2029-01-19,849,Put,470.0,AAPL290119P00470000,129.5,134.0,131.75,0.0,0.0,0.0,0.0,0.0,0.2673,-0.8698,0.0056,0.8683,-0.0446,-1.4938,131.6715,0.0,0.0,0.0,132.275001525879,no_change,,122.0,115.0
AAPL,2029-01-19,849,Call,480.0,AAPL290119C00480000,26.0,28.15,27.075,27.16,0.41,1.53271,4.0,3.0,0.2663,0.3603,0.0027,1.9349,-0.0268,2.2045,26.9788,27.5,27.5,27.16,26.75,down,2026-09-22T10:54:36,26.0,82.0
AAPL,2029-01-19,849,Put,480.0,AAPL290119P00480000,138.5,143.0,140.75,0.0,0.0,0.0,0.0,0.0,0.2632,-0.907,0.0054,0.6459,-0.0467,-0.8299,140.8756,0.0,0.0,0.0,141.75,no_change,,123.0,122.0
AAPL,2029-01-19,849,Call,490.0,AAPL290119C00490000,24.3,25.7,25.0,23.15,0.0,0.0,0.0,1.0,0.2653,0.341,0.0027,1.8978,-0.0264,2.0983,25.0047,0.0,0.0,0.0,24.7250003814697,up,2026-09-15T10:05:09,6.0,21.0
AAPL,2029-01-19,849,Put,490.0,AAPL290119P00490000,148.0,152.5,150.25,0.0,0.0,0.0,0.0,0.0,0.0,-0.9384,0.0046,0.4643,-0.0468,-0.7962,150.3621,0.0,0.0,0.0,150.75,no_change,,117.0,81.0
AAPL,2029-01-19,849,Call,500.0,AAPL290119C00500000,21.6,24.35,22.975,23.62,0.695,3.03162,59.0,19.0,0.2666,0.3225,0.0026,1.858,-0.0259,1.9961,23.1703,24.6,24.69,22.35,22.9250001907349,up,2026-09-22T12:04:14,1.0,59.0
AAPL,2029-01-19,849,Put,500.0,AAPL290119P00500000,158.0,162.5,160.25,0.0,0.0,0.0,0.0,0.0,0.0,-0.9623,0.003,0.052,-0.0499,0.0,160.2824,0.0,0.0,0.0,161.0,no_change,,55.0,75.0
AAPL,2029-01-19,849,Call,510.0,AAPL290119C00510000,20.6,22.8,21.700000000000003,21.77,0.37,1.72897,10.0,5.0,0.2659,0.3048,0.0026,1.8145,-0.0254,1.8943,21.4682,21.77,21.77,21.77,21.3999996185303,up,2026-09-22T12:04:14,12.0,62.0
AAPL,2029-01-19,849,Put,510.0,AAPL290119P00510000,168.0,172.5,170.25,0.0,0.0,0.0,0.0,0.0,0.0,-0.9822,0.0014,0.0,-0.0499,0.0,170.2824,0.0,0.0,0.0,170.75,no_change,,5.0,6.0
AAPL,2029-01-19,849,Call,520.0,AAPL290119C00520000,19.2,21.1,20.15,19.6,0.0,0.0,0.0,18.0,0.2658,0.2878,0.0025,1.7682,-0.0248,1.7958,19.8917,0.0,0.0,0.0,19.7749996185303,up,2026-09-21T15:39:16,10.0,46.0
AAPL,2029-01-19,849,Put,520.0,AAPL290119P00520000,178.05,182.5,180.275,0.0,0.0,0.0,0.0,0.0,0.0,-0.9931,0.0005,0.0,-0.0499,0.0,180.2824,0.0,0.0,0.0,180.75,no_change,,5.0,6.0
AAPL,2029-01-19,849,Call,530.0,AAPL290119C00530000,17.75,19.6,18.675,18.15,0.0,0.0,0.0,40.0,0.2655,0.2717,0.0024,1.7211,-0.0242,1.7033,18.4312,0.0,0.0,0.0,18.0999994277954,up,2026-09-21T10:08:07,18.0,66.0
AAPL,2029-01-19,849,Put,530.0,AAPL290119P00530000,188.0,192.5,190.25,0.0,0.0,0.0,0.0,0.0,0.3078,-1.0,0.0,0.0,-0.0499,0.0,190.2824,0.0,0.0,0.0,190.75,no_change,,5.0,1.0
AAPL,2029-01-19,849,Call,540.0,AAPL290119C00540000,15.95,18.35,17.15,0.0,0.0,0.0,0.0,0.0,0.2643,0.2563,0.0024,1.6729,-0.0235,1.614,17.0781,0.0,0.0,0.0,17.1000003814697,no_change,,32.0,81.0
AAPL,2029-01-19,849,Put,540.0,AAPL290119P00540000,198.0,202.5,200.25,0.0,0.0,0.0,0.0,0.0,0.317,-1.0,0.0,0.0,-0.0499,0.0,200.2824,0.0,0.0,0.0,200.75,no_change,,5.0,1.0
AAPL,2029-01-19,849,Call,550.0,AAPL290119C00550000,15.1,17.1,16.1,16.0,0.525,3.39257,1.0,0.0,0.2654,0.2417,0.0023,1.6224,-0.0229,1.5263,15.8267,16.0,16.0,16.0,15.4749999046326,up,2026-09-22T09:30:06,28.0,107.0
AAPL,2029-01-19,849,Put,550.0,AAPL290119P00550000,207.5,212.5,210.0,0.0,0.0,0.0,0.0,0.0,0.326,-1.0,0.0,0.0,-0.0499,0.0,210.2824,0.0,0.0,0.0,210.75,no_change,,5.0,1.0
AAPL,2029-01-19,849,Call,560.0,AAPL290119C00560000,13.8,15.65,14.725000000000001,14.29,0.0,0.0,0.0,1.0,0.2639,0.2278,0.0022,1.571,-0.0222,1.4429,14.6704,0.0,0.0,0.0,14.4500002861023,up,2026-09-16T11:08:39,22.0,64.0
AAPL,2029-01-19,849,Put,560.0,AAPL290119P00560000,217.5,222.5,220.0,0.0,0.0,0.0,0.0,0.0,0.3348,-1.0,0.0,0.0,-0.0499,0.0,220.2824,0.0,0.0,0.0,220.75,no_change,,5.0,1.0
AAPL,2029-01-19,849,Call,570.0,AAPL290119C00570000,12.6,14.6,13.6,0.0,0.0,0.0,0.0,0.0,0.2634,0.2147,0.0021,1.5204,-0.0215,1.3652,13.6012,0.0,0.0,0.0,13.4000000953674,no_change,,13.0,28.0
AAPL,2029-01-19,849,Put,570.0,AAPL290119P00570000,227.5,232.5,230.0,0.0,0.0,0.0,0.0,0.0,0.3434,-1.0,0.0,0.0,-0.0499,0.0,230.2824,0.0,0.0,0.0,230.75,no_change,,5.0,1.0
AAPL,2029-01-19,849,Call,580.0,AAPL290119C00580000,11.25,13.7,12.475,0.0,0.0,0.0,0.0,0.0,0.2624,0.2022,0.0021,1.47,-0.0208,1.2907,12.6125,0.0,0.0,0.0,12.4500002861023,no_change,,55.0,42.0
AAPL,2029-01-19,849,Put,580.0,AAPL290119P00580000,238.0,242.5,240.25,0.0,0.0,0.0,0.0,0.0,0.3518,-1.0,0.0,0.0,-0.0499,0.0,240.2824,0.0,0.0,0.0,241.0,no_change,,1.0,1.0
AAPL,2029-01-19,849,Call,590.0,AAPL290119C00590000,11.1,12.9,12.0,11.49,0.0,0.0,0.0,1.0,0.2655,0.1905,0.002,1.4188,-0.0201,1.2181,11.6994,0.0,0.0,0.0,11.625,up,2026-09-16T11:08:39,14.0,90.0
AAPL,2029-01-19,849,Put,590.0,AAPL290119P00590000,247.5,252.5,250.0,0.0,0.0,0.0,0.0,0.0,0.3601,-1.0,0.0,0.0,-0.0499,0.0,250.2824,0.0,0.0,0.0,251.0,no_change,,1.0,1.0
AAPL,2029-01-19,849,Call,600.0,AAPL290119C00600000,10.2,11.75,10.975,11.45,0.65,6.01852,1.0,41.0,0.2643,0.1794,0.0019,1.3675,-0.0194,1.1494,10.8569,11.45,11.45,11.45,10.8000001907349,up,2026-09-22T11:50:03,31.0,46.0
AAPL,2029-01-19,849,Put,600.0,AAPL290119P00600000,257.5,262.5,260.0,0.0,0.0,0.0,0.0,0.0,0.3682,-1.0,0.0,0.0,-0.0499,0.0,260.2824,0.0,0.0,0.0,261.0,no_change,,1.0,1.0
AAPL,2029-01-19,849,Call,610.0,AAPL290119C00610000,8.75,10.5,9.625,0.0,0.0,0.0,0.0,0.0,0.2599,0.1689,0.0018,1.3177,-0.0187,1.0857,10.0788,0.0,0.0,0.0,9.7000002861023,no_change,,142.0,20.0
AAPL,2029-01-19,849,Put,610.0,AAPL290119P00610000,268.0,272.5,270.25,0.0,0.0,0.0,0.0,0.0,0.3762,-1.0,0.0,0.0,-0.0499,0.0,270.2824,0.0,0.0,0.0,271.0,no_change,,1.0,1.0
AAPL,2029-01-19,849,Call,620.0,AAPL290119C00620000,8.8,9.7,9.25,9.25,-0.05,-0.537636,5.0,10.0,0.2626,0.159,0.0018,1.2693,-0.018,1.0255,9.3597,9.25,9.25,9.25,9.30000019073486,up,2026-09-22T15:54:23,49.0,25.0
AAPL,2029-01-19,849,Put,620.0,AAPL290119P00620000,277.5,282.5,280.0,0.0,0.0,0.0,0.0,0.0,0.384,-1.0,0.0,0.0,-0.0499,0.0,280.2824,0.0,0.0,0.0,281.0,no_change,,1.0,1.0
AAPL,2029-01-19,849,Call,630.0,AAPL290119C00630000,8.25,9.85,9.05,0.0,0.0,0.0,0.0,0.0,0.2666,0.1498,0.0017,1.2214,-0.0173,0.9674,8.6956,0.0,0.0,0.0,8.7000002861023,no_change,,18.0,86.0
AAPL,2029-01-19,849,Put,630.0,AAPL290119P00630000,287.5,292.5,290.0,0.0,0.0,0.0,0.0,0.0,0.3916,-1.0,0.0,0.0,-0.0499,0.0,290.2824,0.0,0.0,0.0,291.0,no_change,,1.0,1.0
AAPL,2029-01-19,849,Call,640.0,AAPL290119C00640000,7.65,9.25,8.45,0.0,0.0,0.0,0.0,0.0,0.267,0.141,0.0016,1.1737,-0.0167,0.9119,8.0829,0.0,0.0,0.0,7.90000009536743,no_change,,23.0,133.0
AAPL,2029-01-19,849,Put,640.0,AAPL290119P00640000,297.5,302.5,300.0,296.95,-4.05,-1.34551,2.0,0.0,0.3991,-1.0,0.0,0.0,-0.0499,0.0,300.2824,296.7,296.95,296.7,301.0,up,2026-09-22T11:32:59,1.0,1.0
AAPL,2029-01-19,849,Call,650.0,AAPL290119C00650000,7.1,7.9,7.5,7.45,0.15,2.0548,5.0,1.0,0.2638,0.1328,0.0016,1.1273,-0.016,0.8602,7.5175,7.45,7.45,7.45,7.29999995231628,no_change,2026-09-22T15:53:56,10.0,48.0
AAPL,2029-01-19,849,Put,650.0,AAPL290119P00650000,307.5,312.5,310.0,0.0,0.0,0.0,0.0,0.0,0.4065,-1.0,0.0,0.0,-0.0499,0.0,310.2824,0.0,0.0,0.0,311.0,no_change,,1.0,1.0
AAPL,2029-01-19,849,Call,660.0,AAPL290119C00660000,6.1,7.3,6.699999999999999,0.0,0.0,0.0,0.0,0.0,0.2612,0.1251,0.0015,1.0829,-0.0154,0.8124,6.9951,0.0,0.0,0.0,7.27499985694885,no_change,,115.0,17.0
AAPL,2029-01-19,849,Put,660.0,AAPL290119P00660000,318.0,322.5,320.25,0.0,0.0,0.0,0.0,0.0,0.4138,-1.0,0.0,0.0,-0.0499,0.0,320.2824,0.0,0.0,0.0,321.0,no_change,,1.0,1.0
AAPL,2029-01-19,849,Call,670.0,AAPL290119C00670000,5.8,7.45,6.625,6.66,0.41,6.56,1.0,173.0,0.2654,0.1178,0.0014,1.0401,-0.0148,0.767,6.5121,6.66,6.66,6.66,6.25,up,2026-09-22T12:25:03,93.0,164.0
AAPL,2029-01-19,849,Put,670.0,AAPL290119P00670000,327.5,332.5,330.0,0.0,0.0,0.0,0.0,0.0,0.421,-1.0,0.0,0.0,-0.0499,0.0,330.2824,0.0,0.0,0.0,331.0,no_change,,1.0,1.0
