root,expiration,dte,type,strike,option,bid,ask,mid,last_trade_price,change,percent_change,volume,open_interest,iv,delta,gamma,vega,theta,rho,theo,open,high,low,prev_day_close,tick,last_trade_time,bid_size,ask_size
BMNR,2026-09-18,1,Call,8.0,BMNR260918C00008000,15.4,16.6,16.0,15.9,1.15,7.79661,9.0,13.0,0.0,1.0,0.0,0.0,0.0,0.0007,15.8878,15.55,16.39,15.55,14.75,no_change,2026-09-17T14:29:41,49.0,33.0
BMNR,2026-09-18,1,Put,8.0,BMNR260918P00008000,0.0,0.01,0.005,0.03,0.0,0.0,0.0,555.0,7.58,0.0,0.0,0.0,0.0,0.0,0.0,0.0,0.0,0.0,0.00499999988824129,down,2026-08-20T11:36:28,0.0,500.0
BMNR,2026-09-18,1,Call,9.0,BMNR260918C00009000,14.65,15.7,15.175,14.95,1.2,8.72727,2.0,4.0,0.0,1.0,0.0,0.0,0.0,0.0007,14.8882,14.55,14.95,14.55,13.75,up,2026-09-17T11:40:10,50.0,24.0
BMNR,2026-09-18,1,Put,9.0,BMNR260918P00009000,0.0,1.6,0.8,0.03,0.0,0.0,0.0,104.0,0.0,0.0,0.0,0.0,0.0,0.0,0.0,0.0,0.0,0.0,0.574999988079071,down,2026-09-03T10:30:16,0.0,3.0
BMNR,2026-09-18,1,Call,10.0,BMNR260918C00010000,13.6,14.55,14.075,13.9,1.15,9.01961,1.0,80.0,0.0,1.0,0.0,0.0,0.0,0.0008,13.8886,13.9,13.9,13.9,12.75,down,2026-09-17T11:40:04,83.0,65.0
BMNR,2026-09-18,1,Put,10.0,BMNR260918P00010000,0.0,0.03,0.015,0.01,0.0,0.0,0.0,390.0,6.8839,0.0,0.0,0.0,0.0,0.0,0.0,0.0,0.0,0.0,0.0149999996647239,no_change,2026-09-02T13:35:48,0.0,17.0
BMNR,2026-09-18,1,Call,11.0,BMNR260918C00011000,12.65,13.55,13.100000000000001,12.61,0.86,7.31915,2.0,11.0,0.0,1.0,0.0,0.0,0.0,0.0009,12.8889,12.9,12.9,12.61,11.75,down,2026-09-17T11:37:51,46.0,24.0
BMNR,2026-09-18,1,Put,11.0,BMNR260918P00011000,0.0,0.01,0.005,0.05,0.0,0.0,0.0,85.0,5.4692,0.0,0.0,0.0,0.0,0.0,0.0,0.0,0.0,0.0,0.00499999988824129,up,2026-09-02T10:30:02,0.0,1.0
BMNR,2026-09-18,1,Call,12.0,BMNR260918C00012000,11.55,12.3,11.925,11.99,1.365,12.8471,6.0,15.0,6.222,1.0,0.0,0.0,0.0,0.001,11.8893,11.69,12.05,11.69,10.625,down,2026-09-17T15:44:32,104.0,33.0
BMNR,2026-09-18,1,Put,12.0,BMNR260918P00012000,0.0,0.01,0.005,0.01,0.0,0.0,0.0,1783.0,4.8922,0.0,0.0,0.0,0.0,0.0,0.0,0.0,0.0,0.0,0.00499999988824129,no_change,2026-09-11T15:16:31,0.0,1.0
BMNR,2026-09-18,1,Call,13.0,BMNR260918C00013000,10.65,11.6,11.125,11.13,1.38,14.1538,4.0,17.0,7.9181,0.9999,0.0001,0.0,0.0,0.0011,10.8897,10.81,11.13,10.81,9.75,up,2026-09-17T13:02:13,50.0,39.0
BMNR,2026-09-18,1,Put,13.0,BMNR260918P00013000,0.0,0.01,0.005,0.01,0.0,0.0,0.0,2530.0,4.3603,-0.0001,0.0001,0.0,0.0,0.0,0.0,0.0,0.0,0.0,0.00499999988824129,no_change,2026-09-14T10:49:23,0.0,29.0
BMNR,2026-09-18,1,Call,14.0,BMNR260918C00014000,9.75,10.55,10.15,10.07,1.32,15.0857,2.0,421.0,7.2777,0.9999,0.0001,0.0,0.0,0.0012,9.8901,10.05,10.07,10.05,8.75000023841858,up,2026-09-17T12:44:40,409.0,599.0
BMNR,2026-09-18,1,Put,14.0,BMNR260918P00014000,0.0,0.01,0.005,0.01,0.0,0.0,0.0,8623.0,3.8662,-0.0001,0.0001,0.0,-0.0001,0.0,0.0001,0.0,0.0,0.0,0.00499999988824129,no_change,2026-09-11T12:13:27,0.0,30.0
BMNR,2026-09-18,1,Call,15.0,BMNR260918C00015000,8.75,9.15,8.95,9.1,1.9,26.3889,3.0,589.0,4.7689,0.9998,0.0002,0.0,0.0,0.0012,8.8905,9.13,9.13,9.1,7.19999980926514,no_change,2026-09-17T15:22:01,422.0,335.0
BMNR,2026-09-18,1,Put,15.0,BMNR260918P00015000,0.0,0.01,0.005,0.01,0.0,0.0,0.0,19178.0,3.4041,-0.0002,0.0002,0.0,-0.0001,0.0,0.0001,0.0,0.0,0.0,0.00499999988824129,no_change,2026-09-14T11:58:21,0.0,1.0
BMNR,2026-09-18,1,Call,16.0,BMNR260918C00016000,7.7,8.5,8.1,7.0,0.0,0.0,0.0,1818.0,5.4568,0.9997,0.0004,0.0,0.0,0.0013,7.891,0.0,0.0,0.0,6.57500004768372,up,2026-09-16T14:11:05,587.0,768.0
BMNR,2026-09-18,1,Put,16.0,BMNR260918P00016000,0.0,0.01,0.005,0.01,0.005,100.0,2.0,17516.0,2.9692,-0.0003,0.0004,0.0,-0.0002,0.0,0.0002,0.01,0.01,0.01,0.00499999988824129,no_change,2026-09-17T09:49:37,0.0,14.0
BMNR,2026-09-18,1,Call,16.5,BMNR260918C00016500,7.15,8.05,7.6000000000000005,6.34,0.0,0.0,0.0,4.0,5.117,0.9996,0.0006,0.0,0.0,0.0014,7.3912,0.0,0.0,0.0,6.07500004768372,down,2026-09-16T13:23:39,31.0,17.0
BMNR,2026-09-18,1,Put,16.5,BMNR260918P00016500,0.0,0.55,0.275,0.05,0.0,0.0,0.0,401.0,5.4969,-0.0004,0.0006,0.0,-0.0003,0.0,0.0003,0.0,0.0,0.0,0.5799999833107,down,2026-09-08T15:32:42,0.0,657.0
BMNR,2026-09-18,1,Call,17.0,BMNR260918C00017000,6.75,7.1,6.925,6.92,1.395,25.2489,28.0,2257.0,3.306,0.9994,0.0008,0.0,0.0,0.0014,6.8915,6.67,6.97,6.61,5.52499985694885,down,2026-09-17T15:59:35,458.0,395.0
BMNR,2026-09-18,1,Put,17.0,BMNR260918P00017000,0.0,0.03,0.015,0.03,0.025,500.0,1.0,1809.0,2.5576,-0.0006,0.0008,0.0,-0.0004,0.0,0.0004,0.03,0.03,0.03,0.00499999988824129,up,2026-09-17T11:29:30,0.0,2.0
BMNR,2026-09-18,1,Call,17.5,BMNR260918C00017500,6.1,6.75,6.425,6.86,1.935,39.2893,1.0,5.0,3.0585,0.9992,0.0012,0.0,0.0,0.0014,6.3918,6.86,6.86,6.86,4.92499995231628,up,2026-09-17T13:36:28,64.0,26.0
BMNR,2026-09-18,1,Put,17.5,BMNR260918P00017500,0.0,0.03,0.015,0.01,0.005,100.0,10.0,138.0,2.3594,-0.0008,0.0012,0.0,-0.0005,0.0,0.0005,0.01,0.01,0.01,0.00499999988824129,down,2026-09-17T14:20:22,0.0,2.0
BMNR,2026-09-18,1,Call,18.0,BMNR260918C00018000,5.75,6.2,5.975,6.1,1.6,35.5556,24.0,5502.0,3.3392,0.9988,0.0017,0.0,0.0,0.0015,5.8922,6.57,6.57,5.72,4.5,down,2026-09-17T14:46:35,475.0,687.0
BMNR,2026-09-18,1,Put,18.0,BMNR260918P00018000,0.0,0.02,0.01,0.02,0.0,2.23517e-06,5.0,3063.0,2.3569,-0.0012,0.0017,0.0,-0.0007,0.0,0.0007,0.05,0.05,0.01,0.0199999995529652,up,2026-09-17T11:58:28,0.0,25.0
BMNR,2026-09-18,1,Call,18.5,BMNR260918C00018500,5.2,6.0,5.6,5.69,1.565,37.9394,1.0,27.0,3.8305,0.9983,0.0026,0.0001,0.0,0.0015,5.3927,5.69,5.69,5.69,4.125,up,2026-09-17T12:35:41,49.0,49.0
BMNR,2026-09-18,1,Put,18.5,BMNR260918P00018500,0.0,0.02,0.01,0.02,0.01,100.0,6.0,5652.0,2.1535,-0.0017,0.0026,0.0001,-0.001,0.0,0.001,0.01,0.02,0.01,0.00999999977648258,up,2026-09-17T13:58:18,0.0,3.0
BMNR,2026-09-18,1,Call,19.0,BMNR260918C00019000,4.75,5.35,5.05,5.3,1.7,47.2222,16.0,1107.0,3.2708,0.9975,0.0039,0.0001,0.0,0.0016,4.8933,4.5,5.42,4.5,3.60000014305115,down,2026-09-17T14:04:32,457.0,770.0
BMNR,2026-09-18,1,Put,19.0,BMNR260918P00019000,0.0,0.03,0.015,0.02,0.0,2.23517e-06,6.0,6482.0,2.0685,-0.0025,0.0039,0.0001,-0.0014,0.0,0.0014,0.02,0.02,0.02,0.0199999995529652,no_change,2026-09-17T11:50:37,0.0,1043.0
BMNR,2026-09-18,1,Call,19.5,BMNR260918C00019500,4.15,4.85,4.5,4.57,1.47,47.4194,10.0,47.0,2.7075,0.9962,0.0061,0.0001,-0.0005,0.0016,4.3941,4.59,4.59,4.57,3.10000002384186,down,2026-09-17T15:26:29,80.0,61.0
BMNR,2026-09-18,1,Put,19.5,BMNR260918P00019500,0.0,0.02,0.01,0.02,-0.005,-20.0,8.0,590.0,1.7581,-0.0038,0.0061,0.0001,-0.0021,0.0,0.0021,0.01,0.03,0.01,0.0249999994412065,down,2026-09-17T11:56:51,0.0,18.0
BMNR,2026-09-18,1,Call,20.0,BMNR260918C00020000,3.8,3.95,3.875,3.99,1.415,54.9515,132.0,21211.0,0.0,0.9942,0.0096,0.0002,-0.0017,0.0016,3.8953,3.51,4.44,3.44,2.57500004768372,up,2026-09-17T15:58:55,519.0,99.0
BMNR,2026-09-18,1,Put,20.0,BMNR260918P00020000,0.0,0.01,0.005,0.01,-0.025,-71.4286,263.0,2995.0,1.4283,-0.0058,0.0096,0.0002,-0.0031,0.0,0.0031,0.01,0.03,0.01,0.0350000001490116,no_change,2026-09-17T11:18:05,0.0,3.0
BMNR,2026-09-18,1,Call,20.5,BMNR260918C00020500,3.05,3.55,3.3,3.68,1.635,79.9511,30.0,58.0,0.0,0.9908,0.0157,0.0003,-0.0035,0.0017,3.3971,2.92,3.8,2.92,2.0450000166893,down,2026-09-17T14:57:14,131.0,23.0
BMNR,2026-09-18,1,Put,20.5,BMNR260918P00020500,0.0,0.01,0.005,0.01,-0.05,-83.3333,141.0,732.0,1.2513,-0.0092,0.0157,0.0003,-0.0048,0.0,0.0047,0.01,0.01,0.01,0.0600000005215406,no_change,2026-09-17T15:20:07,0.0,80.0
BMNR,2026-09-18,1,Call,21.0,BMNR260918C00021000,2.82,3.0,2.91,3.0,1.345,81.2689,166.0,5454.0,1.295,0.9848,0.0264,0.0005,-0.0065,0.0017,2.9001,2.5,3.4,2.5,1.65499997138977,down,2026-09-17T15:57:43,212.0,298.0
BMNR,2026-09-18,1,Put,21.0,BMNR260918P00021000,0.0,0.02,0.01,0.02,-0.095,-82.6087,276.0,7634.0,1.1856,-0.0151,0.0264,0.0005,-0.0076,0.0,0.0076,0.03,0.03,0.01,0.115000002086163,no_change,2026-09-17T15:57:26,0.0,374.0
BMNR,2026-09-18,1,Call,21.5,BMNR260918C00021500,2.27,2.55,2.41,2.32,1.02,78.4615,117.0,148.0,1.0921,0.9741,0.0457,0.0008,-0.0118,0.0017,2.4055,2.03,2.79,1.94,1.30000001192093,down,2026-09-17T15:48:04,428.0,191.0
BMNR,2026-09-18,1,Put,21.5,BMNR260918P00021500,0.0,0.02,0.01,0.01,-0.195,-95.1219,932.0,1163.0,0.998,-0.0259,0.0457,0.0008,-0.0127,0.0,0.0127,0.05,0.07,0.01,0.205000005662441,down,2026-09-17T15:04:58,0.0,10.0
BMNR,2026-09-18,1,Call,22.0,BMNR260918C00022000,1.82,1.94,1.88,1.9,0.955,101.058,363.0,4284.0,0.9739,0.9534,0.0817,0.0012,-0.022,0.0017,1.9156,1.55,2.55,1.5,0.945000022649765,up,2026-09-17T15:59:57,277.0,97.0
BMNR,2026-09-18,1,Put,22.0,BMNR260918P00022000,0.01,0.02,0.015,0.02,-0.325,-94.2029,1248.0,5370.0,0.8689,-0.0466,0.0817,0.0012,-0.0227,-0.0001,0.0226,0.1,0.11,0.01,0.344999998807907,up,2026-09-17T15:57:47,17.0,12.0
BMNR,2026-09-18,1,Call,22.5,BMNR260918C00022500,1.32,1.66,1.49,1.53,0.87,131.818,562.0,794.0,1.0702,0.9119,0.1481,0.002,-0.0432,0.0017,1.4367,1.23,2.1,1.01,0.659999996423721,down,2026-09-17T15:21:43,220.0,663.0
BMNR,2026-09-18,1,Put,22.5,BMNR260918P00022500,0.02,0.04,0.03,0.02,-0.535,-96.3964,1025.0,2248.0,0.7756,-0.0881,0.1481,0.002,-0.0438,-0.0002,0.0436,0.22,0.22,0.02,0.554999977350235,down,2026-09-17T15:55:30,120.0,145.0
BMNR,2026-09-18,1,Call,23.0,BMNR260918C00023000,0.92,1.04,0.98,0.96,0.515,115.73,3797.0,15411.0,0.7608,0.8273,0.2595,0.0032,-0.0916,0.0015,0.9849,0.83,1.67,0.66,0.445000007748604,no_change,2026-09-17T15:59:41,84.0,116.0
BMNR,2026-09-18,1,Put,23.0,BMNR260918P00023000,0.07,0.1,0.085,0.09,-0.745,-89.2216,3861.0,4267.0,0.7555,-0.1727,0.2595,0.0032,-0.0919,-0.0003,0.0916,0.34,0.35,0.05,0.83500000834465,no_change,2026-09-17T15:51:36,171.0,145.0
BMNR,2026-09-18,1,Call,23.5,BMNR260918C00023500,0.56,0.63,0.595,0.62,0.335,117.544,1441.0,1229.0,0.7302,0.6713,0.387,0.0046,-0.2049,0.0013,0.5978,0.5,1.19,0.41,0.285000011324882,no_change,2026-09-17T15:58:29,113.0,62.0
BMNR,2026-09-18,1,Put,23.5,BMNR260918P00023500,0.2,0.23,0.21500000000000002,0.21,-0.975,-82.2785,2321.0,1727.0,0.7488,-0.3287,0.3871,0.0046,-0.205,-0.0007,0.2043,0.53,0.62,0.12,1.18500000238419,down,2026-09-17T15:59:50,42.0,90.0
BMNR,2026-09-18,1,Call,24.0,BMNR260918C00024000,0.31,0.36,0.33499999999999996,0.35,0.17,94.4444,7486.0,9402.0,0.7637,0.4636,0.4185,0.005,-0.3076,0.0009,0.3272,0.32,0.86,0.23,0.179999999701977,up,2026-09-17T15:59:45,84.0,87.0
BMNR,2026-09-18,1,Put,24.0,BMNR260918P00024000,0.42,0.48,0.44999999999999996,0.44,-1.135,-72.0635,2283.0,3905.0,0.781,-0.5366,0.4194,0.005,-0.3076,-0.0011,0.4336,1.06,1.06,0.24,1.57499998807907,no_change,2026-09-17T15:57:44,68.0,71.0
BMNR,2026-09-18,1,Call,24.5,BMNR260918C00024500,0.16,0.19,0.175,0.17,0.055,47.8261,3938.0,3186.0,0.8005,0.2867,0.3333,0.0043,-0.1775,0.0006,0.1769,0.23,0.56,0.14,0.114999998360872,up,2026-09-17T15:59:40,13.0,213.0
BMNR,2026-09-18,1,Put,24.5,BMNR260918P00024500,0.76,0.83,0.7949999999999999,0.8,-1.23,-60.5911,602.0,2668.0,0.8321,-0.7143,0.3362,0.0043,-0.1776,-0.0013,0.7833,1.2,1.34,0.5,2.02999997138977,up,2026-09-17T15:59:38,78.0,65.0
BMNR,2026-09-18,1,Call,25.0,BMNR260918C00025000,0.07,0.09,0.08,0.09,0.015,20.0,7626.0,20091.0,0.8165,0.174,0.2289,0.0032,-0.1013,0.0003,0.1009,0.1,0.37,0.08,0.0749999992549419,no_change,2026-09-17T15:59:54,525.0,1.0
BMNR,2026-09-18,1,Put,25.0,BMNR260918P00025000,0.97,1.47,1.22,1.28,-1.26,-49.6063,224.0,5441.0,0.9216,-0.8283,0.233,0.0032,-0.1018,-0.0013,1.2077,1.81,1.81,0.84,2.54000008106232,up,2026-09-17T15:48:10,862.0,489.0
BMNR,2026-09-18,1,Call,25.5,BMNR260918C00025500,0.04,0.06,0.05,0.05,-0.02,-28.5714,2140.0,6308.0,0.9186,0.1084,0.151,0.0024,-0.0616,0.0002,0.0614,0.08,0.22,0.03,0.0700000021606684,up,2026-09-17T15:59:21,96.0,268.0
BMNR,2026-09-18,1,Put,25.5,BMNR260918P00025500,1.56,1.76,1.6600000000000001,1.65,-1.48,-47.2843,96.0,447.0,0.6377,-0.8949,0.1547,0.0023,-0.0628,-0.0013,1.669,2.23,2.23,1.2,3.12999999523163,down,2026-09-17T15:59:50,206.0,120.0
BMNR,2026-09-18,1,Call,26.0,BMNR260918C00026000,0.02,0.03,0.025,0.02,-0.015,-42.8571,7052.0,17585.0,0.9597,0.0701,0.1001,0.0017,-0.0397,0.0001,0.0395,0.05,0.13,0.02,0.034999999217689,down,2026-09-17T15:59:41,92.0,2.0
BMNR,2026-09-18,1,Put,26.0,BMNR260918P00026000,2.02,2.4,2.21,2.1,-1.4,-40.0,84.0,2065.0,1.3507,-0.9337,0.1025,0.0016,-0.0417,-0.0009,2.1479,2.71,2.71,1.71,3.5,up,2026-09-17T15:52:54,350.0,696.0
BMNR,2026-09-18,1,Call,26.5,BMNR260918C00026500,0.02,0.03,0.025,0.03,-0.01,-25.0,559.0,8416.0,1.1286,0.047,0.0676,0.0012,-0.0267,0.0001,0.0266,0.04,0.09,0.02,0.0400000000372529,no_change,2026-09-17T15:51:04,10.0,147.0
BMNR,2026-09-18,1,Put,26.5,BMNR260918P00026500,2.56,2.69,2.625,2.67,-0.92,-25.6267,145.0,305.0,1.0226,-0.957,0.0687,0.0011,-0.0297,-0.0007,2.6359,2.79,2.79,2.16,3.5900000333786,no_change,2026-09-17T15:59:34,153.0,63.0
BMNR,2026-09-18,1,Call,27.0,BMNR260918C00027000,0.01,0.03,0.02,0.02,-0.015,-42.8571,1752.0,7334.0,1.2403,0.0325,0.0467,0.0009,-0.0187,0.0001,0.0186,0.04,0.05,0.01,0.0350000001490116,no_change,2026-09-17T15:59:30,153.0,728.0
BMNR,2026-09-18,1,Put,27.0,BMNR260918P00027000,2.61,3.45,3.0300000000000002,3.04,-1.61,-34.6237,6.0,607.0,0.0,-0.9713,0.0467,0.0008,-0.0225,-0.0008,3.1288,2.73,3.04,2.73,4.65000009536743,up,2026-09-17T15:57:47,1142.0,400.0
BMNR,2026-09-18,1,Call,27.5,BMNR260918C00027500,0.01,0.03,0.02,0.05,0.025,100.0,547.0,2542.0,1.3911,0.0232,0.033,0.0007,-0.0135,0.0,0.0134,0.02,0.06,0.01,0.0249999994412065,no_change,2026-09-17T15:49:39,5.0,353.0
BMNR,2026-09-18,1,Put,27.5,BMNR260918P00027500,3.1,3.8,3.45,3.52,0.0,0.0,0.0,48.0,0.0,-0.9804,0.0323,0.0006,-0.018,-0.0006,3.6243,0.0,0.0,0.0,4.94999992847443,no_change,2026-09-15T14:11:10,57.0,21.0
BMNR,2026-09-18,1,Call,28.0,BMNR260918C00028000,0.01,0.02,0.015,0.02,0.0,2.23517e-06,306.0,9383.0,1.4689,0.0169,0.0238,0.0005,-0.0099,0.0,0.0099,0.06,0.06,0.01,0.0199999995529652,no_change,2026-09-17T15:50:52,247.0,8.0
BMNR,2026-09-18,1,Put,28.0,BMNR260918P00028000,3.6,4.25,3.925,3.7,-1.65,-30.8411,183.0,325.0,0.0,-0.9864,0.0227,0.0004,-0.0152,-0.0004,4.1215,3.84,3.84,3.65,5.34999990463257,no_change,2026-09-17T14:08:15,1153.0,175.0
BMNR,2026-09-18,1,Call,28.5,BMNR260918C00028500,0.01,0.02,0.015,0.01,0.0,2.23517e-06,22.0,1019.0,1.6051,0.0126,0.0175,0.0004,-0.0075,0.0,0.0075,0.02,0.02,0.01,0.00999999977648258,down,2026-09-17T15:57:24,32.0,3.0
BMNR,2026-09-18,1,Put,28.5,BMNR260918P00028500,4.1,4.9,4.5,5.77,0.0,0.0,0.0,1.0,0.0,-0.9903,0.0162,0.0003,-0.0132,-0.0004,4.6195,0.0,0.0,0.0,5.52499985694885,up,2026-09-16T15:22:17,48.0,23.0
BMNR,2026-09-18,1,Call,29.0,BMNR260918C00029000,0.0,0.02,0.01,0.01,-0.005,-33.3333,391.0,4089.0,1.6419,0.0095,0.0131,0.0003,-0.0058,0.0,0.0057,0.03,0.03,0.01,0.0149999996647239,no_change,2026-09-17T15:39:15,0.0,57.0
BMNR,2026-09-18,1,Put,29.0,BMNR260918P00029000,4.6,5.4,5.0,5.1,-1.175,-18.7251,43.0,58.0,0.0,-0.993,0.0117,0.0002,-0.012,-0.0002,5.1183,5.15,5.15,5.1,6.27500009536743,down,2026-09-17T14:37:20,249.0,136.0
BMNR,2026-09-18,1,Call,29.5,BMNR260918C00029500,0.0,0.17,0.085,0.01,-0.015,-60.0,1.0,125.0,2.5189,0.0074,0.01,0.0002,-0.0045,0.0,0.0045,0.01,0.01,0.01,0.025000000372529,no_change,2026-09-17T14:56:38,0.0,1064.0
BMNR,2026-09-18,1,Put,29.5,BMNR260918P00029500,5.1,5.8,5.449999999999999,5.4,0.0,0.0,0.0,2.0,0.0,-0.9949,0.0086,0.0002,-0.0111,-0.0003,5.6174,0.0,0.0,0.0,6.95000004768372,down,2026-09-15T15:22:21,45.0,24.0
BMNR,2026-09-18,1,Call,30.0,BMNR260918C00030000,0.0,0.01,0.005,0.01,0.005,100.0,939.0,11637.0,1.7328,0.0057,0.0077,0.0002,-0.0036,0.0,0.0036,0.01,0.03,0.01,0.00499999988824129,no_change,2026-09-17T15:58:31,0.0,184.0
BMNR,2026-09-18,1,Put,30.0,BMNR260918P00030000,5.55,6.4,5.975,6.04,-1.435,-19.1973,48.0,25.0,0.0,-0.9962,0.0064,0.0001,-0.0104,-0.0001,6.1168,6.1,6.1,6.03,7.47499990463257,up,2026-09-17T15:12:15,180.0,75.0
BMNR,2026-09-18,1,Call,30.5,BMNR260918C00030500,0.0,0.01,0.005,0.01,0.0,0.0,0.0,355.0,1.8422,0.0046,0.006,0.0002,-0.0029,0.0,0.0029,0.0,0.0,0.0,0.00999999977648258,down,2026-09-16T15:35:45,0.0,9.0
BMNR,2026-09-18,1,Put,30.5,BMNR260918P00030500,6.0,7.15,6.575,7.11,0.0,0.0,0.0,5.0,0.0,-0.9972,0.0048,0.0001,-0.01,-0.0002,6.6163,0.0,0.0,0.0,7.84999990463257,up,2026-09-16T09:45:45,49.0,29.0
BMNR,2026-09-18,1,Call,31.0,BMNR260918C00031000,0.0,0.01,0.005,0.01,0.0,2.23517e-06,97.0,2703.0,1.9491,0.0036,0.0047,0.0001,-0.0023,0.0,0.0023,0.02,0.02,0.01,0.00999999977648258,no_change,2026-09-17T15:52:35,0.0,20.0
BMNR,2026-09-18,1,Put,31.0,BMNR260918P00031000,6.5,7.55,7.025,7.11,-1.24,-14.8503,8.0,9.0,0.0,-0.9978,0.0036,0.0001,-0.0097,-0.0001,7.116,7.11,7.11,7.11,8.34999990463257,no_change,2026-09-17T11:01:59,49.0,30.0
BMNR,2026-09-18,1,Call,32.0,BMNR260918C00032000,0.0,0.01,0.005,0.01,0.005,100.0,40.0,5017.0,2.1556,0.0024,0.0031,0.0001,-0.0016,0.0,0.0016,0.01,0.04,0.01,0.00499999988824129,no_change,2026-09-17T15:32:46,0.0,13.0
BMNR,2026-09-18,1,Put,32.0,BMNR260918P00032000,7.5,8.55,8.025,7.86,0.0,0.0,0.0,0.0,0.0,-0.9987,0.0021,0.0,-0.0093,-0.0001,8.1156,0.0,0.0,0.0,9.34999990463257,up,2026-09-15T11:44:49,49.0,24.0
BMNR,2026-09-18,1,Call,33.0,BMNR260918C00033000,0.0,0.01,0.005,0.01,0.005,100.0,2.0,4690.0,2.3533,0.0016,0.002,0.0001,-0.0011,0.0,0.0011,0.02,0.02,0.01,0.00499999988824129,down,2026-09-17T15:40:17,0.0,20.0
BMNR,2026-09-18,1,Put,33.0,BMNR260918P00033000,8.5,9.55,9.025,8.79,0.0,0.0,0.0,1.0,0.0,-0.9992,0.0013,0.0,-0.009,0.0,9.1154,0.0,0.0,0.0,10.3499999046326,down,2026-09-15T11:44:49,43.0,23.0
BMNR,2026-09-18,1,Call,34.0,BMNR260918C00034000,0.0,0.01,0.005,0.01,0.0,0.0,0.0,2244.0,2.5431,0.0012,0.0014,0.0,-0.0008,0.0,0.0008,0.0,0.0,0.0,0.00999999977648258,no_change,2026-09-16T11:22:12,0.0,21.0
BMNR,2026-09-18,1,Put,34.0,BMNR260918P00034000,9.25,10.75,10.0,11.1,0.0,0.0,0.0,1.0,0.0,-0.9995,0.0008,0.0,-0.0089,0.0,10.1152,0.0,0.0,0.0,11.3499999046326,up,2026-09-16T11:14:08,47.0,25.0
BMNR,2026-09-18,1,Call,35.0,BMNR260918C00035000,0.0,0.01,0.005,0.01,0.005,100.0,37.0,4678.0,2.7256,0.0008,0.001,0.0,-0.0006,0.0,0.0006,0.01,0.03,0.01,0.00499999988824129,no_change,2026-09-17T13:39:32,0.0,75.0
BMNR,2026-09-18,1,Put,35.0,BMNR260918P00035000,10.5,11.4,10.95,10.95,-1.4,-11.336,1.0,5.0,0.0,-0.9997,0.0005,0.0,-0.0088,0.0,11.1151,10.95,10.95,10.95,12.3499999046326,up,2026-09-17T13:34:21,49.0,24.0
BMNR,2026-09-18,1,Call,36.0,BMNR260918C00036000,0.0,0.06,0.03,0.04,0.0,0.0,0.0,88.0,3.5927,0.0006,0.0007,0.0,-0.0004,0.0,0.0004,0.0,0.0,0.0,0.00499999988824129,no_change,2026-09-11T11:44:23,0.0,474.0
BMNR,2026-09-18,1,Put,36.0,BMNR260918P00036000,11.35,12.75,12.05,13.35,0.0,0.0,0.0,0.0,0.0,-0.9998,0.0003,0.0,-0.0088,0.0,12.1151,0.0,0.0,0.0,13.4499998092651,up,2026-09-16T13:39:34,49.0,26.0
BMNR,2026-09-18,1,Call,37.0,BMNR260918C00037000,0.0,0.01,0.005,0.03,0.0,0.0,0.0,4.0,3.071,0.0005,0.0005,0.0,-0.0003,0.0,0.0003,0.0,0.0,0.0,0.0199999995529652,no_change,2026-09-09T11:41:59,0.0,1.0
BMNR,2026-09-18,1,Put,37.0,BMNR260918P00037000,12.2,13.75,12.975,14.27,0.0,0.0,0.0,1.0,0.0,-0.9999,0.0002,0.0,-0.0087,0.0,13.1151,0.0,0.0,0.0,14.3499999046326,up,2026-09-16T13:39:34,43.0,25.0
BMNR,2026-09-18,1,Call,38.0,BMNR260918C00038000,0.0,0.05,0.025,0.01,0.0,0.0,0.0,35.0,3.887,0.0004,0.0004,0.0,-0.0002,0.0,0.0003,0.0,0.0,0.0,0.025000000372529,down,2026-09-14T14:31:10,0.0,1.0
BMNR,2026-09-18,1,Put,38.0,BMNR260918P00038000,13.25,14.75,14.0,13.14,0.0,0.0,0.0,0.0,0.0,-0.9999,0.0002,0.0,-0.0087,0.0,14.115,0.0,0.0,0.0,15.3500003814697,up,2026-09-14T10:54:48,47.0,26.0
BMNR,2026-09-18,1,Call,39.0,BMNR260918C00039000,0.0,0.01,0.005,0.01,0.0,0.0,0.0,502.0,3.3934,0.0003,0.0003,0.0,-0.0002,0.0,0.0002,0.0,0.0,0.0,0.00499999988824129,no_change,2026-09-14T13:58:27,0.0,50.0
BMNR,2026-09-18,1,Put,39.0,BMNR260918P00039000,14.3,15.75,15.025,14.75,0.0,0.0,0.0,0.0,0.0,-0.9999,0.0001,0.0,-0.0087,0.0,15.115,0.0,0.0,0.0,16.3500003814697,down,2026-09-15T12:37:28,26.0,9.0
BMNR,2026-09-25,8,Call,5.0,BMNR260925C00005000,18.4,20.4,19.4,19.55,0.0,0.0,0.0,2.0,8.0096,1.0,0.0,0.0,0.0,0.0014,18.8992,0.0,0.0,0.0,17.4499998092651,up,2026-09-09T12:10:12,46.0,8.0
BMNR,2026-09-25,8,Put,5.0,BMNR260925P00005000,0.0,0.02,0.01,0.0,0.0,0.0,0.0,0.0,4.1123,0.0,0.0,0.0,0.0,0.0,0.0,0.0,0.0,0.0,0.00999999977648258,no_change,,0.0,100.0
BMNR,2026-09-25,8,Call,9.0,BMNR260925C00009000,14.4,16.2,15.3,15.4,0.0,0.0,0.0,2.0,4.8317,1.0,0.0,0.0,0.0,0.0025,14.9042,0.0,0.0,0.0,13.4500002861023,no_change,2026-09-15T11:37:29,46.0,7.0
BMNR,2026-09-25,8,Put,9.0,BMNR260925P00009000,0.0,0.02,0.01,0.08,0.0,0.0,0.0,10.0,2.6117,-0.0001,0.0,0.0,-0.0001,0.0,0.0001,0.0,0.0,0.0,0.00499999988824129,down,2026-09-10T09:54:36,0.0,100.0
BMNR,2026-09-25,8,Call,10.0,BMNR260925C00010000,13.6,14.2,13.899999999999999,13.96,1.51,12.1285,2.0,1.0,0.0,1.0,0.0001,0.0,0.0,0.0027,13.9055,13.96,13.96,13.96,12.4500002861023,up,2026-09-17T15:44:32,47.0,25.0
BMNR,2026-09-25,8,Put,10.0,BMNR260925P00010000,0.0,0.02,0.01,0.09,0.0,0.0,0.0,1.0,2.3454,-0.0001,0.0001,0.0,-0.0001,0.0,0.0001,0.0,0.0,0.0,0.00499999988824129,down,2026-08-28T09:40:19,0.0,100.0
BMNR,2026-09-25,8,Call,11.0,BMNR260925C00011000,12.7,13.75,13.225,13.88,0.0,0.0,0.0,1.0,3.7405,1.0,0.0001,0.0,0.0,0.003,12.9068,0.0,0.0,0.0,11.4500002861023,down,2026-09-04T11:16:13,42.0,34.0
BMNR,2026-09-25,8,Put,11.0,BMNR260925P00011000,0.0,0.02,0.01,0.18,0.0,0.0,0.0,1.0,2.1046,-0.0002,0.0001,0.0,-0.0001,0.0,0.0002,0.0,0.0,0.0,0.00499999988824129,down,2026-08-28T09:55:16,0.0,100.0
BMNR,2026-09-25,8,Call,12.0,BMNR260925C00012000,11.65,12.55,12.100000000000001,12.52,0.0,0.0,0.0,2.0,3.003,1.0,0.0002,0.0,0.0,0.0033,11.9082,0.0,0.0,0.0,10.4500002861023,down,2026-09-09T11:25:50,25.0,15.0
BMNR,2026-09-25,8,Put,12.0,BMNR260925P00012000,0.0,0.02,0.01,0.01,0.0,0.0,0.0,137.0,1.8846,-0.0003,0.0002,0.0,-0.0002,0.0,0.0004,0.0,0.0,0.0,0.00499999988824129,no_change,2026-09-10T10:04:03,0.0,1.0
BMNR,2026-09-25,8,Call,13.0,BMNR260925C00013000,10.1,12.65,11.375,0.0,0.0,0.0,0.0,0.0,3.3784,0.9998,0.0004,0.0001,0.0,0.0036,10.9097,0.0,0.0,0.0,9.4500002861023,no_change,,43.0,13.0
BMNR,2026-09-25,8,Put,13.0,BMNR260925P00013000,0.0,0.28,0.14,0.05,0.0,0.0,0.0,6.0,2.5244,-0.0006,0.0004,0.0001,-0.0004,0.0,0.0007,0.0,0.0,0.0,1.06500005722046,down,2026-08-27T14:47:15,0.0,128.0
BMNR,2026-09-25,8,Call,13.5,BMNR260925C00013500,9.6,11.3,10.45,0.0,0.0,0.0,0.0,0.0,1.9139,0.9996,0.0006,0.0001,0.0,0.0037,10.4105,0.0,0.0,0.0,8.9500002861023,no_change,,44.0,11.0
BMNR,2026-09-25,8,Put,13.5,BMNR260925P00013500,0.0,0.01,0.005,0.01,0.0,0.0,0.0,750.0,1.4686,-0.0008,0.0006,0.0001,-0.0005,0.0,0.0009,0.0,0.0,0.0,0.00499999988824129,up,2026-09-15T14:47:53,0.0,750.0
BMNR,2026-09-25,8,Call,14.0,BMNR260925C00014000,9.7,10.85,10.274999999999999,11.47,0.0,0.0,0.0,6.0,2.8403,0.9993,0.0008,0.0001,0.0,0.0038,9.9114,0.0,0.0,0.0,8.4500002861023,up,2026-09-11T15:44:30,20.0,13.0
BMNR,2026-09-25,8,Put,14.0,BMNR260925P00014000,0.0,0.01,0.005,0.01,0.0,0.0,0.0,13089.0,1.382,-0.0011,0.0008,0.0001,-0.0007,0.0,0.0012,0.0,0.0,0.0,0.00499999988824129,no_change,2026-09-16T13:06:12,0.0,550.0
BMNR,2026-09-25,8,Call,14.5,BMNR260925C00014500,8.6,10.7,9.649999999999999,9.72,0.0,0.0,0.0,1.0,2.4099,0.9989,0.0011,0.0002,0.0,0.004,9.4125,0.0,0.0,0.0,7.9500002861023,no_change,2026-09-15T14:17:33,47.0,34.0
BMNR,2026-09-25,8,Put,14.5,BMNR260925P00014500,0.0,0.01,0.005,0.01,0.0,0.0,0.0,3563.0,1.2983,-0.0014,0.0011,0.0002,-0.0009,0.0,0.0016,0.0,0.0,0.0,0.00499999988824129,no_change,2026-09-16T15:34:29,0.0,750.0
BMNR,2026-09-25,8,Call,15.0,BMNR260925C00015000,8.3,10.0,9.15,10.2,0.0,0.0,0.0,39.0,2.274,0.9984,0.0016,0.0002,0.0,0.0041,8.9136,0.0,0.0,0.0,7.4500002861023,up,2026-09-14T11:41:11,53.0,48.0
BMNR,2026-09-25,8,Put,15.0,BMNR260925P00015000,0.0,0.01,0.005,0.03,0.015,100.0,59.0,724.0,1.2172,-0.002,0.0016,0.0002,-0.0012,0.0,0.0022,0.01,0.03,0.01,0.0149999996647239,up,2026-09-17T09:46:42,0.0,850.0
BMNR,2026-09-25,8,Call,15.5,BMNR260925C00015500,7.6,9.65,8.625,10.22,0.0,0.0,0.0,3.0,2.0841,0.9977,0.0021,0.0003,0.0,0.0042,8.415,0.0,0.0,0.0,6.97500014305115,up,2026-08-25T11:17:32,47.0,29.0
BMNR,2026-09-25,8,Put,15.5,BMNR260925P00015500,0.0,0.01,0.005,0.01,-0.02,-66.6667,6.0,98.0,1.1385,-0.0027,0.0021,0.0003,-0.0015,0.0,0.003,0.04,0.04,0.01,0.0300000002607703,down,2026-09-17T10:10:25,0.0,750.0
BMNR,2026-09-25,8,Call,16.0,BMNR260925C00016000,7.45,9.1,8.275,7.8,0.0,0.0,0.0,79.0,2.2596,0.9967,0.003,0.0004,0.0,0.0044,7.9168,0.0,0.0,0.0,6.89999985694885,no_change,2026-09-15T14:51:31,95.0,57.0
BMNR,2026-09-25,8,Put,16.0,BMNR260925P00016000,0.0,0.02,0.01,0.01,-0.04,-80.0,1.0,65.0,1.1509,-0.0037,0.003,0.0004,-0.002,0.0,0.0041,0.01,0.01,0.01,0.0500000007450581,no_change,2026-09-17T14:44:19,0.0,1.0
BMNR,2026-09-25,8,Call,16.5,BMNR260925C00016500,7.25,8.2,7.725,9.19,0.0,0.0,0.0,151.0,2.0352,0.9953,0.0041,0.0005,0.0,0.0045,7.4189,0.0,0.0,0.0,5.97499990463257,up,2026-09-14T15:05:39,295.0,467.0
BMNR,2026-09-25,8,Put,16.5,BMNR260925P00016500,0.01,0.12,0.065,0.06,-0.035,-36.8421,14.0,191.0,1.4228,-0.0051,0.0041,0.0005,-0.0026,0.0,0.0057,0.14,0.14,0.01,0.09500000346452,no_change,2026-09-17T15:59:38,4.0,1123.0
BMNR,2026-09-25,8,Call,17.0,BMNR260925C00017000,6.75,7.6,7.175,6.99,1.665,31.2676,16.0,61.0,1.8157,0.9933,0.0057,0.0007,-0.001,0.0046,6.9217,6.81,6.99,6.81,5.32499980926514,up,2026-09-17T12:11:14,53.0,69.0
BMNR,2026-09-25,8,Put,17.0,BMNR260925P00017000,0.0,0.06,0.03,0.02,-0.01,-33.3333,10.0,197.0,1.1601,-0.0071,0.0057,0.0007,-0.0035,0.0,0.0079,0.02,0.02,0.02,0.0299999993294477,down,2026-09-17T09:50:27,0.0,807.0
BMNR,2026-09-25,8,Call,17.5,BMNR260925C00017500,6.25,7.05,6.65,7.49,0.0,0.0,0.0,109.0,1.6482,0.9905,0.008,0.0009,-0.0023,0.0047,6.4255,0.0,0.0,0.0,4.70000004768372,up,2026-09-08T15:34:29,291.0,449.0
BMNR,2026-09-25,8,Put,17.5,BMNR260925P00017500,0.0,0.07,0.035,0.05,-0.025,-33.3333,3.0,261.0,1.1014,-0.0099,0.008,0.0009,-0.0046,-0.0001,0.011,0.05,0.05,0.05,0.0750000029802322,no_change,2026-09-17T15:29:02,0.0,951.0
BMNR,2026-09-25,8,Call,18.0,BMNR260925C00018000,5.75,6.45,6.1,6.4,1.45,29.2929,70.0,185.0,1.4367,0.9865,0.0111,0.0012,-0.0039,0.0048,5.9306,5.5,6.4,5.5,4.95000004768372,up,2026-09-17T13:07:46,391.0,720.0
BMNR,2026-09-25,8,Put,18.0,BMNR260925P00018000,0.0,0.14,0.07,0.07,0.005,7.69231,2.0,1040.0,1.153,-0.0139,0.0111,0.0013,-0.006,-0.0001,0.0155,0.03,0.07,0.03,0.0649999976158142,up,2026-09-17T11:55:17,0.0,2098.0
BMNR,2026-09-25,8,Call,18.5,BMNR260925C00018500,4.7,6.65,5.675000000000001,4.4,0.0,0.0,0.0,28.0,1.4587,0.9808,0.0154,0.0017,-0.006,0.0049,5.4377,0.0,0.0,0.0,4.17499995231628,down,2026-09-16T14:16:52,51.0,45.0
BMNR,2026-09-25,8,Put,18.5,BMNR260925P00018500,0.01,0.12,0.065,0.02,-0.055,-73.3333,8.0,150.0,1.0446,-0.0195,0.0154,0.0017,-0.008,-0.0001,0.022,0.05,0.05,0.01,0.0750000011175871,down,2026-09-17T12:43:13,10.0,1126.0
BMNR,2026-09-25,8,Call,19.0,BMNR260925C00019000,4.7,5.4,5.050000000000001,3.5,0.0,0.0,0.0,50.0,1.1227,0.9728,0.0214,0.0022,-0.0088,0.005,4.9478,0.0,0.0,0.0,3.57499992847443,no_change,2026-09-16T15:19:30,49.0,20.0
BMNR,2026-09-25,8,Put,19.0,BMNR260925P00019000,0.0,0.13,0.065,0.03,-0.07,-70.0,10.0,450.0,0.9544,-0.0276,0.0214,0.0022,-0.0105,-0.0002,0.0316,0.05,0.08,0.03,0.099999999627471,no_change,2026-09-17T15:21:54,0.0,1392.0
BMNR,2026-09-25,8,Call,19.5,BMNR260925C00019500,4.3,4.8,4.55,4.59,1.755,61.9048,6.0,481.0,1.0218,0.9614,0.0294,0.003,-0.0122,0.0051,4.4624,4.51,4.63,4.48,2.83499997854233,up,2026-09-17T15:45:09,348.0,394.0
BMNR,2026-09-25,8,Put,19.5,BMNR260925P00019500,0.01,0.1,0.055,0.04,-0.105,-72.4138,15.0,310.0,0.8364,-0.039,0.0295,0.003,-0.0138,-0.0002,0.0455,0.08,0.11,0.04,0.144999995827675,down,2026-09-17T14:20:02,163.0,689.0
BMNR,2026-09-25,8,Call,20.0,BMNR260925C00020000,3.8,4.15,3.975,4.02,1.33,49.4424,172.0,671.0,0.758,0.9453,0.0401,0.004,-0.0166,0.0051,3.9835,4.2,4.5,3.72,2.68999993801117,down,2026-09-17T15:58:55,503.0,264.0
BMNR,2026-09-25,8,Put,20.0,BMNR260925P00020000,0.05,0.1,0.07500000000000001,0.06,-0.155,-72.093,109.0,1286.0,0.8027,-0.0552,0.0402,0.004,-0.0181,-0.0003,0.066,0.12,0.13,0.06,0.215000003576279,no_change,2026-09-17T15:54:05,91.0,833.0
BMNR,2026-09-25,8,Call,20.5,BMNR260925C00020500,3.1,3.65,3.375,3.64,1.35,58.952,18.0,171.0,0.0,0.923,0.0537,0.0051,-0.022,0.0051,3.5141,3.1,3.99,3.1,2.28999996185303,down,2026-09-17T15:34:09,587.0,137.0
BMNR,2026-09-25,8,Put,20.5,BMNR260925P00020500,0.06,0.12,0.09,0.09,-0.215,-70.4918,54.0,140.0,0.7456,-0.0775,0.0539,0.0052,-0.0233,-0.0005,0.0962,0.14,0.14,0.09,0.304999992251396,down,2026-09-17T12:20:36,550.0,752.0
BMNR,2026-09-25,8,Call,21.0,BMNR260925C00021000,2.87,3.25,3.06,3.33,1.305,64.4444,120.0,344.0,0.7406,0.8926,0.0705,0.0066,-0.0284,0.005,3.0585,2.65,3.51,2.65,2.02500003576279,up,2026-09-17T15:00:34,433.0,614.0
BMNR,2026-09-25,8,Put,21.0,BMNR260925P00021000,0.12,0.15,0.135,0.14,-0.28,-66.6667,315.0,964.0,0.7226,-0.1081,0.0708,0.0066,-0.0296,-0.0007,0.1401,0.24,0.25,0.11,0.420000001788139,up,2026-09-17T15:59:36,224.0,124.0
BMNR,2026-09-25,8,Call,21.5,BMNR260925C00021500,2.48,2.84,2.66,2.52,0.775,44.4126,106.0,290.0,0.7674,0.8523,0.09,0.0082,-0.0357,0.0049,2.6223,2.68,3.08,2.52,1.74500000476837,down,2026-09-17T15:48:04,332.0,594.0
BMNR,2026-09-25,8,Put,21.5,BMNR260925P00021500,0.18,0.22,0.2,0.19,-0.4,-67.7966,173.0,529.0,0.7181,-0.1485,0.0903,0.0082,-0.0367,-0.0009,0.2034,0.26,0.27,0.18,0.590000003576279,down,2026-09-17T15:52:41,144.0,242.0
BMNR,2026-09-25,8,Call,22.0,BMNR260925C00022000,2.12,2.39,2.255,2.15,0.735,51.9435,390.0,800.0,0.7531,0.8009,0.1107,0.0099,-0.0434,0.0046,2.2119,1.77,2.8,1.77,1.41500002145767,down,2026-09-17T15:47:32,115.0,727.0
BMNR,2026-09-25,8,Put,22.0,BMNR260925P00022000,0.26,0.31,0.28500000000000003,0.28,-0.51,-64.557,1256.0,1362.0,0.7023,-0.2001,0.1111,0.0099,-0.0443,-0.0012,0.2928,0.44,0.46,0.23,0.78999999165535,no_change,2026-09-17T15:53:00,372.0,61.0
BMNR,2026-09-25,8,Call,22.5,BMNR260925C00022500,1.71,2.01,1.8599999999999999,1.9,0.75,65.2174,101.0,377.0,0.7241,0.7384,0.1304,0.0115,-0.0508,0.0043,1.8348,1.8,2.21,1.62,1.14999997615814,down,2026-09-17T15:45:09,355.0,674.0
BMNR,2026-09-25,8,Put,22.5,BMNR260925P00022500,0.39,0.44,0.41500000000000004,0.4,-0.625,-60.9756,250.0,1642.0,0.7019,-0.2629,0.131,0.0116,-0.0516,-0.0016,0.4155,0.6,0.68,0.33,1.02499997615814,no_change,2026-09-17T15:55:05,33.0,14.0
BMNR,2026-09-25,8,Call,23.0,BMNR260925C00023000,1.44,1.55,1.495,1.5,0.575,62.1622,622.0,833.0,0.6968,0.6665,0.1465,0.0129,-0.0572,0.004,1.4975,1.3,2.04,1.24,0.924999982118606,up,2026-09-17T15:56:33,228.0,154.0
BMNR,2026-09-25,8,Put,23.0,BMNR260925P00023000,0.53,0.62,0.575,0.55,-0.75,-57.6923,499.0,1419.0,0.6963,-0.3352,0.1472,0.0129,-0.0578,-0.0019,0.5782,0.8,0.9,0.47,1.30000001192093,no_change,2026-09-17T15:23:18,497.0,109.0
BMNR,2026-09-25,8,Call,23.5,BMNR260925C00023500,1.12,1.27,1.195,1.26,0.52,70.2703,453.0,539.0,0.6924,0.5886,0.1566,0.0138,-0.0616,0.0035,1.2045,1.05,1.7,0.95,0.740000009536743,up,2026-09-17T15:52:44,234.0,122.0
BMNR,2026-09-25,8,Put,23.5,BMNR260925P00023500,0.76,0.83,0.7949999999999999,0.78,-0.835,-51.7028,418.0,673.0,0.7062,-0.4135,0.1574,0.0138,-0.0621,-0.0023,0.7855,1.12,1.12,0.63,1.61500000953674,down,2026-09-17T15:54:46,186.0,70.0
BMNR,2026-09-25,8,Call,24.0,BMNR260925C00024000,0.93,1.1,1.0150000000000001,0.95,0.365,62.3932,5248.0,2271.0,0.7444,0.509,0.1595,0.0141,-0.0637,0.0031,0.9573,0.85,1.44,0.77,0.58500000834465,no_change,2026-09-17T15:58:24,67.0,726.0
BMNR,2026-09-25,8,Put,24.0,BMNR260925P00024000,1.03,1.07,1.05,1.07,-0.895,-45.5471,1542.0,1042.0,0.7115,-0.4935,0.1604,0.0141,-0.064,-0.0027,1.0388,1.32,1.39,0.84,1.96499997377396,no_change,2026-09-17T15:59:52,12.0,12.0
BMNR,2026-09-25,8,Call,24.5,BMNR260925C00024500,0.6,0.82,0.71,0.75,0.29,63.0435,2173.0,384.0,0.6793,0.4322,0.1555,0.0139,-0.0634,0.0026,0.7543,0.74,1.17,0.63,0.46000000834465,down,2026-09-17T15:47:02,1243.0,214.0
BMNR,2026-09-25,8,Put,24.5,BMNR260925P00024500,1.3,1.4,1.35,1.4,-1.025,-42.268,153.0,72.0,0.721,-0.5707,0.1564,0.0139,-0.0636,-0.003,1.3364,1.79,1.79,1.1,2.42499995231628,up,2026-09-17T15:48:19,152.0,77.0
BMNR,2026-09-25,8,Call,25.0,BMNR260925C00025000,0.56,0.62,0.5900000000000001,0.59,0.215,57.3333,3421.0,5039.0,0.7207,0.3615,0.146,0.0133,-0.061,0.0022,0.5911,0.6,0.96,0.48,0.375,no_change,2026-09-17T15:58:12,202.0,91.0
BMNR,2026-09-25,8,Put,25.0,BMNR260925P00025000,1.62,1.75,1.685,1.58,-1.265,-44.464,288.0,867.0,0.7298,-0.6418,0.1469,0.0132,-0.061,-0.0033,1.674,2.1,2.19,1.4,2.84500002861023,down,2026-09-17T15:22:19,123.0,65.0
BMNR,2026-09-25,8,Call,25.5,BMNR260925C00025500,0.42,0.5,0.45999999999999996,0.45,0.155,52.5424,981.0,1814.0,0.7323,0.2989,0.133,0.0123,-0.0572,0.0018,0.4621,0.43,0.76,0.35,0.295000001788139,down,2026-09-17T15:51:04,442.0,115.0
BMNR,2026-09-25,8,Put,25.5,BMNR260925P00025500,2.01,2.19,2.0999999999999996,2.04,-1.23,-37.6147,129.0,530.0,0.7373,-0.7047,0.1338,0.0122,-0.057,-0.0035,2.0459,1.98,2.08,1.79,3.2700001001358,down,2026-09-17T15:59:49,133.0,500.0
BMNR,2026-09-25,8,Call,26.0,BMNR260925C00026000,0.33,0.39,0.36,0.37,0.13,54.1667,1471.0,2132.0,0.7469,0.2452,0.1182,0.0111,-0.0524,0.0015,0.3612,0.33,0.61,0.29,0.240000002086163,up,2026-09-17T15:57:44,292.0,103.0
BMNR,2026-09-25,8,Put,26.0,BMNR260925P00026000,2.37,2.52,2.4450000000000003,2.46,-1.29,-34.4,153.0,351.0,0.747,-0.7586,0.1189,0.011,-0.0519,-0.0036,2.4461,2.96,2.96,2.15,3.75,no_change,2026-09-17T15:59:33,303.0,58.0
BMNR,2026-09-25,8,Call,26.5,BMNR260925C00026500,0.26,0.38,0.32,0.3,0.12,66.6667,553.0,410.0,0.8,0.2002,0.1031,0.0099,-0.0471,0.0012,0.2829,0.23,0.49,0.23,0.179999999701977,up,2026-09-17T15:56:58,39.0,659.0
BMNR,2026-09-25,8,Put,26.5,BMNR260925P00026500,2.57,3.1,2.835,3.0,0.0,0.0,0.0,84.0,0.7277,-0.8039,0.1037,0.0098,-0.0465,-0.0037,2.8688,0.0,0.0,0.0,3.72500014305115,up,2026-09-15T14:16:51,289.0,88.0
BMNR,2026-09-25,8,Call,27.0,BMNR260925C00027000,0.21,0.22,0.215,0.21,0.06,40.0,3149.0,2078.0,0.7707,0.163,0.0888,0.0087,-0.0418,0.001,0.2223,0.22,0.38,0.18,0.149999998509884,no_change,2026-09-17T15:47:04,20.0,1.0
BMNR,2026-09-25,8,Put,27.0,BMNR260925P00027000,2.79,3.45,3.12,3.89,0.0,0.0,0.0,101.0,0.443,-0.8412,0.0892,0.0086,-0.041,-0.0037,3.3092,0.0,0.0,0.0,4.57499992847443,down,2026-09-16T09:36:16,452.0,88.0
BMNR,2026-09-25,8,Call,27.5,BMNR260925C00027500,0.12,0.22,0.16999999999999998,0.18,0.055,44.0,235.0,779.0,0.7884,0.1326,0.0757,0.0076,-0.0368,0.0008,0.1755,0.2,0.32,0.13,0.125,no_change,2026-09-17T15:30:30,858.0,225.0
BMNR,2026-09-25,8,Put,27.5,BMNR260925P00027500,3.2,4.05,3.625,2.77,0.0,0.0,0.0,27.0,0.5239,-0.8716,0.076,0.0074,-0.0356,-0.0037,3.7634,0.0,0.0,0.0,4.80000007152557,down,2026-09-11T13:08:04,196.0,74.0
BMNR,2026-09-25,8,Call,28.0,BMNR260925C00028000,0.13,0.14,0.135,0.13,0.025,23.8095,1168.0,2024.0,0.8061,0.1079,0.0641,0.0066,-0.0321,0.0007,0.1391,0.15,0.26,0.12,0.105000000447035,no_change,2026-09-17T15:59:46,281.0,137.0
BMNR,2026-09-25,8,Put,28.0,BMNR260925P00028000,3.65,4.5,4.075,4.85,0.0,0.0,0.0,96.0,0.0,-0.8963,0.0642,0.0063,-0.0307,-0.0037,4.2282,0.0,0.0,0.0,5.30000007152557,no_change,2026-09-16T09:56:42,283.0,20.0
BMNR,2026-09-25,8,Call,28.5,BMNR260925C00028500,0.07,0.13,0.1,0.12,0.015,14.2857,118.0,385.0,0.8095,0.088,0.054,0.0056,-0.0278,0.0005,0.1109,0.15,0.19,0.12,0.105000000447035,no_change,2026-09-17T15:45:09,669.0,109.0
BMNR,2026-09-25,8,Put,28.5,BMNR260925P00028500,4.25,5.25,4.75,3.6,0.0,0.0,0.0,100.0,0.9124,-0.9162,0.054,0.0054,-0.0262,-0.0036,4.7008,0.0,0.0,0.0,5.77500009536743,no_change,2026-08-27T13:03:52,320.0,224.0
BMNR,2026-09-25,8,Call,29.0,BMNR260925C00029000,0.05,0.1,0.07500000000000001,0.09,0.0,2.23517e-06,609.0,739.0,0.8162,0.0719,0.0454,0.0048,-0.0241,0.0004,0.0889,0.15,0.17,0.09,0.0899999979883432,no_change,2026-09-17T15:18:09,613.0,136.0
BMNR,2026-09-25,8,Put,29.0,BMNR260925P00029000,4.35,6.15,5.25,3.39,0.0,0.0,0.0,5.0,0.9762,-0.9323,0.0456,0.0046,-0.0222,-0.0036,5.1797,0.0,0.0,0.0,6.52500009536743,down,2026-09-11T10:33:03,33.0,14.0
BMNR,2026-09-25,8,Call,29.5,BMNR260925C00029500,0.0,0.11,0.055,0.09,-0.02,-18.1818,25.0,338.0,0.9056,0.0589,0.0381,0.0042,-0.0208,0.0004,0.0716,0.1,0.11,0.07,0.110000001266599,up,2026-09-17T15:34:09,0.0,225.0
BMNR,2026-09-25,8,Put,29.5,BMNR260925P00029500,4.95,6.7,5.825,0.0,0.0,0.0,0.0,0.0,1.1512,-0.9452,0.0385,0.0039,-0.0186,-0.0034,5.6633,0.0,0.0,0.0,6.92500019073486,no_change,,47.0,20.0
BMNR,2026-09-25,8,Call,30.0,BMNR260925C00030000,0.06,0.07,0.065,0.07,-0.01,-12.5,1182.0,5867.0,0.8996,0.0484,0.032,0.0036,-0.0179,0.0003,0.058,0.07,0.11,0.06,0.0800000000745058,no_change,2026-09-17T15:49:18,1.0,81.0
BMNR,2026-09-25,8,Put,30.0,BMNR260925P00030000,6.0,6.4,6.2,5.97,-1.655,-21.7049,110.0,114.0,1.0036,-0.956,0.0334,0.0033,-0.0156,-0.0034,6.1505,6.55,6.55,5.97,7.625,no_change,2026-09-17T14:49:00,495.0,500.0
BMNR,2026-09-25,8,Call,30.5,BMNR260925C00030500,0.01,0.1,0.055,0.01,-0.14,-93.3333,2.0,49.0,0.9217,0.04,0.0269,0.003,-0.0154,0.0002,0.0472,0.04,0.04,0.01,0.150000005960464,down,2026-09-17T15:48:50,259.0,657.0
BMNR,2026-09-25,8,Put,30.5,BMNR260925P00030500,5.9,7.5,6.7,0.0,0.0,0.0,0.0,0.0,1.0587,-0.9648,0.0292,0.0027,-0.0129,-0.0032,6.6406,0.0,0.0,0.0,7.75,no_change,,47.0,21.0
BMNR,2026-09-25,8,Call,31.0,BMNR260925C00031000,0.0,0.07,0.035,0.05,-0.09,-64.2857,43.0,366.0,0.8986,0.0331,0.0226,0.0026,-0.0133,0.0002,0.0386,0.07,0.07,0.05,0.140000000596046,no_change,2026-09-17T14:38:06,0.0,200.0
BMNR,2026-09-25,8,Put,31.0,BMNR260925P00031000,6.35,7.85,7.1,6.82,0.0,0.0,0.0,2.0,0.0,-0.9724,0.0257,0.0022,-0.011,-0.0028,7.1331,0.0,0.0,0.0,8.27500009536743,up,2026-09-15T09:36:39,47.0,16.0
BMNR,2026-09-25,8,Call,31.5,BMNR260925C00031500,0.0,0.1,0.05,0.1,-0.19,-65.5172,1.0,254.0,1.0013,0.0275,0.0191,0.0022,-0.0114,0.0002,0.0317,0.1,0.1,0.1,0.28999999165535,down,2026-09-17T11:02:33,0.0,886.0
BMNR,2026-09-25,8,Put,31.5,BMNR260925P00031500,6.85,8.8,7.825,0.0,0.0,0.0,0.0,0.0,1.3937,-0.9787,0.0227,0.0018,-0.0094,-0.0027,7.6273,0.0,0.0,0.0,8.72499990463257,no_change,,47.0,17.0
BMNR,2026-09-25,8,Call,32.0,BMNR260925C00032000,0.0,0.05,0.025,0.04,0.015,60.0,12.0,248.0,0.9385,0.0229,0.0161,0.0019,-0.0099,0.0001,0.0262,0.11,0.11,0.04,0.025000000372529,no_change,2026-09-17T14:32:47,0.0,410.0
BMNR,2026-09-25,8,Put,32.0,BMNR260925P00032000,7.35,9.35,8.35,0.0,0.0,0.0,0.0,0.0,1.4884,-0.9838,0.0194,0.0012,-0.0085,-0.0017,8.1232,0.0,0.0,0.0,9.22499990463257,no_change,,47.0,18.0
BMNR,2026-09-25,8,Call,32.5,BMNR260925C00032500,0.0,0.13,0.065,0.37,0.0,0.0,0.0,1.0,1.1428,0.0192,0.0136,0.0016,-0.0085,0.0001,0.0217,0.0,0.0,0.0,0.694999992847443,up,2026-09-11T09:57:59,0.0,279.0
BMNR,2026-09-25,8,Put,32.5,BMNR260925P00032500,7.85,10.05,8.95,0.0,0.0,0.0,0.0,0.0,1.6848,-0.9883,0.016,0.001,-0.0081,-0.0016,8.6202,0.0,0.0,0.0,9.69999980926514,no_change,,47.0,20.0
BMNR,2026-09-25,8,Call,33.0,BMNR260925C00033000,0.02,0.04,0.03,0.03,-0.095,-76.0,2.0,115.0,1.0481,0.0161,0.0115,0.0014,-0.0074,0.0001,0.0181,0.03,0.03,0.03,0.124999997206032,no_change,2026-09-17T15:59:22,1.0,108.0
BMNR,2026-09-25,8,Put,33.0,BMNR260925P00033000,8.35,10.35,9.35,0.0,0.0,0.0,0.0,0.0,1.5983,-0.9917,0.0133,0.0009,-0.0076,-0.0016,9.118,0.0,0.0,0.0,10.1999998092651,no_change,,41.0,16.0
BMNR,2026-09-25,8,Call,33.5,BMNR260925C00033500,0.01,0.14,0.07500000000000001,0.12,0.0,0.0,0.0,5.0,1.2635,0.0136,0.0098,0.0012,-0.0064,0.0001,0.0152,0.0,0.0,0.0,0.200000002980232,up,2026-09-14T10:34:18,1.0,330.0
BMNR,2026-09-25,8,Put,33.5,BMNR260925P00033500,8.8,11.2,10.0,0.0,0.0,0.0,0.0,0.0,1.8631,-0.9942,0.01,0.0004,-0.0079,-0.0007,9.6169,0.0,0.0,0.0,10.6999998092651,no_change,,33.0,1.0
BMNR,2026-09-25,8,Call,34.0,BMNR260925C00034000,0.0,0.16,0.08,0.13,0.0,0.0,0.0,115.0,1.3225,0.0115,0.0084,0.0011,-0.0055,0.0001,0.0127,0.0,0.0,0.0,0.300000011920929,up,2026-09-14T13:57:32,0.0,597.0
BMNR,2026-09-25,8,Put,34.0,BMNR260925P00034000,9.35,11.6,10.475,0.0,0.0,0.0,0.0,0.0,1.885,-0.9961,0.0072,0.0003,-0.0082,-0.0006,10.1161,0.0,0.0,0.0,11.1999998092651,no_change,,22.0,3.0
BMNR,2026-09-25,8,Call,35.0,BMNR260925C00035000,0.01,0.03,0.02,0.03,0.01,50.0,74.0,2927.0,1.1396,0.0083,0.0061,0.0008,-0.0042,0.0,0.0091,0.02,0.03,0.02,0.0199999995529652,no_change,2026-09-17T12:59:36,3.0,70.0
BMNR,2026-09-25,8,Put,35.0,BMNR260925P00035000,10.95,11.45,11.2,11.01,-1.465,-11.7435,1.0,2.0,1.4974,-0.9985,0.0035,0.0001,-0.0089,-0.0001,11.1152,11.01,11.01,11.01,12.4749999046326,down,2026-09-17T13:34:21,24.0,4.0
BMNR,2026-09-25,8,Call,36.0,BMNR260925C00036000,0.0,0.07,0.035,0.08,0.0,0.0,0.0,26.0,1.3069,0.0061,0.0045,0.0006,-0.0032,0.0,0.0066,0.0,0.0,0.0,1.07000005245209,down,2026-09-14T14:12:05,0.0,194.0
BMNR,2026-09-25,8,Put,36.0,BMNR260925P00036000,11.35,13.45,12.399999999999999,13.45,0.0,0.0,0.0,0.0,1.8087,-0.9995,0.0012,0.0,-0.0095,-0.0001,12.115,0.0,0.0,0.0,13.3500003814697,up,2026-09-16T15:43:30,21.0,42.0
BMNR,2026-09-25,8,Call,37.0,BMNR260925C00037000,0.0,0.02,0.01,0.02,-0.035,-63.6364,2.0,6.0,1.1766,0.0045,0.0034,0.0005,-0.0024,0.0,0.0048,0.02,0.02,0.02,0.0549999997019768,down,2026-09-17T11:28:06,0.0,4.0
BMNR,2026-09-25,8,Put,37.0,BMNR260925P00037000,12.4,13.8,13.100000000000001,0.0,0.0,0.0,0.0,0.0,0.0,-0.9999,0.0004,0.0,-0.0101,0.0,13.115,0.0,0.0,0.0,14.1999998092651,no_change,,47.0,18.0
BMNR,2026-09-25,8,Call,38.0,BMNR260925C00038000,0.0,0.05,0.025,0.08,0.015,23.0769,1.0,22.0,1.4179,0.0034,0.0025,0.0004,-0.0019,0.0,0.0036,0.08,0.08,0.08,0.0649999976158142,no_change,2026-09-17T12:34:12,0.0,1.0
BMNR,2026-09-25,8,Put,38.0,BMNR260925P00038000,13.3,15.65,14.475000000000001,13.18,0.0,0.0,0.0,1.0,2.2802,-1.0,0.0,0.0,-0.0104,0.0,14.115,0.0,0.0,0.0,15.2000002861023,down,2026-09-11T09:45:45,47.0,15.0
BMNR,2026-09-25,8,Call,39.0,BMNR260925C00039000,0.0,0.04,0.02,0.01,0.0,2.23517e-06,475.0,19.0,1.4486,0.0025,0.0019,0.0003,-0.0015,0.0,0.0027,0.05,0.05,0.01,0.00999999977648258,no_change,2026-09-17T13:15:08,0.0,2.0
BMNR,2026-09-25,8,Put,39.0,BMNR260925P00039000,14.3,16.6,15.450000000000001,14.2,0.0,0.0,0.0,1.0,2.3313,-1.0,0.0,0.0,-0.0106,0.0,15.115,0.0,0.0,0.0,16.2000002861023,up,2026-09-08T15:58:50,47.0,23.0
BMNR,2026-10-02,15,Call,5.0,BMNR261002C00005000,18.1,20.05,19.075000000000003,19.2,0.0,0.0,0.0,0.0,4.5808,1.0,0.0,0.0,0.0,0.0023,18.8991,0.0,0.0,0.0,17.2749996185303,no_change,2026-09-10T10:21:48,44.0,20.0
BMNR,2026-10-02,15,Put,5.0,BMNR261002P00005000,0.0,0.02,0.01,0.0,0.0,0.0,0.0,0.0,3.0063,0.0,0.0,0.0,0.0,0.0,0.0,0.0,0.0,0.0,0.00999999977648258,no_change,,0.0,100.0
BMNR,2026-10-02,15,Call,9.0,BMNR261002C00009000,14.1,15.9,15.0,15.59,0.0,0.0,0.0,1.0,2.6012,1.0,0.0001,0.0,0.0,0.0042,14.9077,0.0,0.0,0.0,13.4500002861023,down,2026-09-09T11:22:05,45.0,19.0
BMNR,2026-10-02,15,Put,9.0,BMNR261002P00009000,0.0,0.02,0.01,0.0,0.0,0.0,0.0,0.0,1.9097,-0.0002,0.0001,0.0,-0.0001,0.0,0.0004,0.0,0.0,0.0,0.00999999977648258,no_change,,0.0,100.0
BMNR,2026-10-02,15,Call,10.0,BMNR261002C00010000,13.1,14.7,13.899999999999999,0.0,0.0,0.0,0.0,0.0,0.0,0.9998,0.0002,0.0001,0.0,0.0046,13.9101,0.0,0.0,0.0,12.4500002861023,no_change,,41.0,18.0
BMNR,2026-10-02,15,Put,10.0,BMNR261002P00010000,0.0,0.02,0.01,0.0,0.0,0.0,0.0,0.0,1.7151,-0.0004,0.0002,0.0001,-0.0002,0.0,0.0006,0.0,0.0,0.0,0.00999999977648258,no_change,,0.0,100.0
BMNR,2026-10-02,15,Call,11.0,BMNR261002C00011000,12.6,13.65,13.125,13.9,0.0,0.0,0.0,1.0,2.4919,0.9994,0.0004,0.0001,0.0,0.0051,12.9127,0.0,0.0,0.0,11.7750000953674,down,2026-09-04T11:16:32,27.0,18.0
BMNR,2026-10-02,15,Put,11.0,BMNR261002P00011000,0.0,0.27,0.135,0.0,0.0,0.0,0.0,0.0,2.2652,-0.0007,0.0004,0.0001,-0.0004,0.0,0.0011,0.0,0.0,0.0,1.07000005245209,no_change,,0.0,50.0
BMNR,2026-10-02,15,Call,12.0,BMNR261002C00012000,11.15,12.75,11.95,12.77,0.0,0.0,0.0,10.0,1.6306,0.9989,0.0007,0.0002,0.0,0.0056,11.9156,0.0,0.0,0.0,10.5,down,2026-09-09T11:20:47,44.0,23.0
BMNR,2026-10-02,15,Put,12.0,BMNR261002P00012000,0.0,0.27,0.135,0.05,0.0,0.0,0.0,46.0,2.0401,-0.0013,0.0007,0.0002,-0.0007,0.0,0.002,0.0,0.0,0.0,1.07000005245209,down,2026-08-20T09:58:52,0.0,219.0
BMNR,2026-10-02,15,Call,13.0,BMNR261002C00013000,10.15,11.9,11.025,0.0,0.0,0.0,0.0,0.0,1.7582,0.9979,0.0013,0.0003,0.0,0.006,10.9193,0.0,0.0,0.0,9.5,no_change,,43.0,2.0
BMNR,2026-10-02,15,Put,13.0,BMNR261002P00013000,0.0,0.27,0.135,0.04,0.0,0.0,0.0,46.0,1.8327,-0.0023,0.0013,0.0003,-0.0011,0.0,0.0036,0.0,0.0,0.0,0.319999992847443,down,2026-09-15T15:50:48,0.0,198.0
BMNR,2026-10-02,15,Call,13.5,BMNR261002C00013500,9.65,11.25,10.45,5.36,0.0,0.0,0.0,10.0,1.3595,0.9971,0.0018,0.0004,0.0,0.0062,10.4215,0.0,0.0,0.0,8.99999976158142,no_change,2026-08-17T11:38:02,46.0,22.0
BMNR,2026-10-02,15,Put,13.5,BMNR261002P00013500,0.0,0.28,0.14,0.05,0.0,0.0,0.0,76.0,1.7477,-0.003,0.0018,0.0004,-0.0014,0.0,0.0048,0.0,0.0,0.0,1.08000004291534,down,2026-08-27T14:32:26,0.0,155.0
BMNR,2026-10-02,15,Call,14.0,BMNR261002C00014000,9.15,10.75,9.95,9.41,0.0,0.0,0.0,0.0,1.276,0.9961,0.0024,0.0006,0.0,0.0065,9.9241,0.0,0.0,0.0,8.49999976158142,up,2026-09-10T09:30:02,47.0,30.0
BMNR,2026-10-02,15,Put,14.0,BMNR261002P00014000,0.0,0.27,0.135,0.03,0.0,0.0,0.0,33.0,1.64,-0.004,0.0024,0.0006,-0.0018,0.0,0.0063,0.0,0.0,0.0,0.560000002384186,down,2026-09-15T15:51:15,0.0,837.0
BMNR,2026-10-02,15,Call,14.5,BMNR261002C00014500,8.65,10.25,9.45,11.38,0.0,0.0,0.0,1.0,1.1954,0.9948,0.0031,0.0007,0.0,0.0067,9.4272,0.0,0.0,0.0,7.99999976158142,up,2026-08-27T10:10:36,47.0,33.0
BMNR,2026-10-02,15,Put,14.5,BMNR261002P00014500,0.01,0.05,0.030000000000000002,0.05,0.0,-3.35276e-06,7.0,40.0,1.1883,-0.0054,0.0031,0.0007,-0.0022,-0.0001,0.0084,0.14,0.14,0.05,0.0500000016763806,no_change,2026-09-17T12:35:16,2.0,1.0
BMNR,2026-10-02,15,Call,15.0,BMNR261002C00015000,8.15,9.9,9.025,10.25,0.0,0.0,0.0,20.0,1.3867,0.993,0.0042,0.001,0.0,0.0069,8.931,0.0,0.0,0.0,7.52499985694885,no_change,2026-09-11T15:46:26,49.0,41.0
BMNR,2026-10-02,15,Put,15.0,BMNR261002P00015000,0.01,0.08,0.045,0.07,0.015,27.2727,4.0,140.0,1.1896,-0.0071,0.0042,0.001,-0.0028,-0.0001,0.0112,0.07,0.07,0.01,0.0550000006332994,no_change,2026-09-17T13:40:42,2.0,908.0
BMNR,2026-10-02,15,Call,15.5,BMNR261002C00015500,7.65,9.25,8.45,0.0,0.0,0.0,0.0,0.0,1.0425,0.9907,0.0055,0.0012,-0.0003,0.0071,8.4357,0.0,0.0,0.0,7.04999995231628,no_change,,47.0,33.0
BMNR,2026-10-02,15,Put,15.5,BMNR261002P00015500,0.01,0.09,0.049999999999999996,0.14,0.08,133.333,1.0,347.0,1.1361,-0.0094,0.0055,0.0012,-0.0035,-0.0001,0.0148,0.14,0.14,0.14,0.0599999995902181,up,2026-09-17T10:09:40,1.0,1241.0
BMNR,2026-10-02,15,Call,16.0,BMNR261002C00016000,7.15,8.8,7.9750000000000005,7.83,0.0,0.0,0.0,69.0,1.0751,0.9877,0.0072,0.0016,-0.0014,0.0073,7.9416,0.0,0.0,0.0,6.54999995231628,no_change,2026-09-15T14:51:31,87.0,57.0
BMNR,2026-10-02,15,Put,16.0,BMNR261002P00016000,0.0,0.29,0.145,0.06,0.0,0.0,0.0,5159.0,1.3098,-0.0125,0.0072,0.0016,-0.0044,-0.0001,0.0198,0.0,0.0,0.0,0.310000002384186,up,2026-09-15T11:35:18,0.0,2286.0
BMNR,2026-10-02,15,Call,16.5,BMNR261002C00016500,6.65,8.25,7.45,0.0,0.0,0.0,0.0,0.0,0.8992,0.9837,0.0094,0.002,-0.0027,0.0075,7.4492,0.0,0.0,0.0,6.04999995231628,no_change,,38.0,28.0
BMNR,2026-10-02,15,Put,16.5,BMNR261002P00016500,0.0,0.3,0.15,0.06,0.0,0.0,0.0,27.0,1.2366,-0.0165,0.0094,0.002,-0.0055,-0.0002,0.0263,0.0,0.0,0.0,0.600000023841858,down,2026-09-11T13:03:09,0.0,823.0
BMNR,2026-10-02,15,Call,17.0,BMNR261002C00017000,6.8,7.2,7.0,6.97,1.72,32.7619,2.0,74.0,0.9996,0.9784,0.0123,0.0025,-0.0042,0.0076,6.959,6.97,6.97,6.97,5.25,up,2026-09-17T15:59:35,21.0,2.0
BMNR,2026-10-02,15,Put,17.0,BMNR261002P00017000,0.0,0.31,0.155,0.09,0.0,0.0,0.0,158.0,1.1642,-0.0218,0.0123,0.0025,-0.0069,-0.0002,0.0351,0.0,0.0,0.0,0.0599999986588955,no_change,2026-09-16T15:35:05,0.0,1196.0
BMNR,2026-10-02,15,Call,17.5,BMNR261002C00017500,5.75,7.15,6.45,6.16,0.0,0.0,0.0,16.0,0.7642,0.9715,0.0159,0.0032,-0.006,0.0078,6.4717,0.0,0.0,0.0,4.70000004768372,up,2026-09-15T14:51:45,48.0,42.0
BMNR,2026-10-02,15,Put,17.5,BMNR261002P00017500,0.0,0.1,0.05,0.02,-0.105,-84.0,2.0,91.0,0.8574,-0.0287,0.0159,0.0032,-0.0085,-0.0003,0.0468,0.03,0.03,0.02,0.125,down,2026-09-17T12:45:06,0.0,187.0
BMNR,2026-10-02,15,Call,18.0,BMNR261002C00018000,5.55,6.7,6.125,6.5,1.8,38.2979,20.0,143.0,1.072,0.9626,0.0204,0.004,-0.0081,0.0079,5.9884,6.5,6.5,6.5,4.70000004768372,up,2026-09-17T10:26:41,647.0,728.0
BMNR,2026-10-02,15,Put,18.0,BMNR261002P00018000,0.0,0.29,0.145,0.06,-0.09,-60.0,8.0,84.0,0.9897,-0.0377,0.0204,0.004,-0.0104,-0.0004,0.0624,0.12,0.12,0.06,0.149999995715916,no_change,2026-09-17T14:14:27,0.0,1094.0
BMNR,2026-10-02,15,Call,18.5,BMNR261002C00018500,5.05,6.25,5.65,5.78,0.0,0.0,0.0,14.0,1.023,0.951,0.026,0.005,-0.0106,0.008,5.5102,0.0,0.0,0.0,4.1450001001358,down,2026-09-10T11:24:21,47.0,40.0
BMNR,2026-10-02,15,Put,18.5,BMNR261002P00018500,0.0,0.3,0.15,0.06,-0.13,-68.4211,154.0,32.0,0.9213,-0.0493,0.026,0.005,-0.0127,-0.0005,0.0833,0.12,0.12,0.06,0.190000001341104,down,2026-09-17T15:29:02,0.0,1272.0
BMNR,2026-10-02,15,Call,19.0,BMNR261002C00019000,4.65,5.75,5.2,5.35,1.3,32.0988,1.0,85.0,0.999,0.9362,0.0328,0.0061,-0.0135,0.0081,5.0389,5.35,5.35,5.35,4.05000007152557,up,2026-09-17T10:47:28,76.0,72.0
BMNR,2026-10-02,15,Put,19.0,BMNR261002P00019000,0.06,0.14,0.1,0.1,-0.165,-62.2642,10.0,154.0,0.7671,-0.0642,0.0328,0.0061,-0.0154,-0.0007,0.111,0.13,0.14,0.1,0.265000008046627,no_change,2026-09-17T12:29:43,805.0,168.0
BMNR,2026-10-02,15,Call,19.5,BMNR261002C00019500,4.15,5.05,4.6,3.32,0.0,0.0,0.0,235.0,0.7995,0.9174,0.0408,0.0074,-0.0168,0.0081,4.5766,0.0,0.0,0.0,2.87000000476837,down,2026-09-16T15:46:22,653.0,496.0
BMNR,2026-10-02,15,Put,19.5,BMNR261002P00019500,0.1,0.19,0.14500000000000002,0.14,-0.2,-58.8235,55.0,123.0,0.7648,-0.083,0.0409,0.0074,-0.0185,-0.0009,0.1477,0.19,0.21,0.13,0.340000003576279,up,2026-09-17T15:11:56,793.0,214.0
BMNR,2026-10-02,15,Call,20.0,BMNR261002C00020000,3.9,4.5,4.2,4.28,1.325,44.8393,15.0,192.0,0.8319,0.8939,0.05,0.0089,-0.0204,0.008,4.1258,3.77,4.33,3.77,2.95500004291534,down,2026-09-17T15:26:29,425.0,431.0
BMNR,2026-10-02,15,Put,20.0,BMNR261002P00020000,0.17,0.24,0.20500000000000002,0.19,-0.235,-55.2941,256.0,838.0,0.7631,-0.1065,0.0502,0.0089,-0.022,-0.0012,0.1961,0.2,0.26,0.17,0.424999997019768,no_change,2026-09-17T15:17:05,123.0,700.0
BMNR,2026-10-02,15,Call,20.5,BMNR261002C00020500,3.0,4.3,3.65,3.89,0.0,0.0,0.0,115.0,0.7006,0.8651,0.0603,0.0106,-0.0243,0.0079,3.6898,0.0,0.0,0.0,2.59500002861023,down,2026-09-15T15:30:43,570.0,536.0
BMNR,2026-10-02,15,Put,20.5,BMNR261002P00020500,0.22,0.31,0.265,0.2,-0.35,-63.6364,107.0,117.0,0.7452,-0.1354,0.0605,0.0106,-0.0257,-0.0014,0.2592,0.36,0.36,0.2,0.549999982118607,down,2026-09-17T14:21:01,815.0,171.0
BMNR,2026-10-02,15,Call,21.0,BMNR261002C00021000,3.1,3.85,3.475,2.39,0.0,0.0,0.0,696.0,0.8837,0.8305,0.0713,0.0123,-0.0284,0.0077,3.272,0.0,0.0,0.0,2.38999998569489,down,2026-09-16T12:11:33,431.0,626.0
BMNR,2026-10-02,15,Put,21.0,BMNR261002P00021000,0.3,0.35,0.32499999999999996,0.28,-0.425,-60.2837,52.0,534.0,0.7154,-0.1702,0.0716,0.0123,-0.0297,-0.0018,0.3407,0.48,0.48,0.28,0.705000013113022,down,2026-09-17T14:12:17,1089.0,7.0
BMNR,2026-10-02,15,Call,21.5,BMNR261002C00021500,2.67,3.05,2.86,3.05,0.0,0.0,0.0,101.0,0.7075,0.7899,0.0824,0.014,-0.0325,0.0074,2.8763,0.0,0.0,0.0,1.95500004291534,no_change,2026-09-15T15:30:58,321.0,236.0
BMNR,2026-10-02,15,Put,21.5,BMNR261002P00021500,0.41,0.47,0.43999999999999995,0.41,-0.49,-54.4444,16.0,77.0,0.7162,-0.211,0.0827,0.014,-0.0336,-0.0022,0.4444,0.48,0.5,0.4,0.900000005960464,down,2026-09-17T15:11:56,457.0,71.0
BMNR,2026-10-02,15,Call,22.0,BMNR261002C00022000,2.37,2.68,2.5250000000000004,2.66,0.895,50.7082,284.0,514.0,0.7243,0.7435,0.0929,0.0156,-0.0364,0.0071,2.5067,2.32,3.05,2.26,1.76499998569489,up,2026-09-17T15:21:29,402.0,744.0
BMNR,2026-10-02,15,Put,22.0,BMNR261002P00022000,0.55,0.62,0.585,0.58,-0.535,-47.9821,32.0,770.0,0.7196,-0.2576,0.0933,0.0157,-0.0373,-0.0026,0.574,0.76,0.76,0.48,1.1149999499321,up,2026-09-17T15:57:47,133.0,85.0
BMNR,2026-10-02,15,Call,22.5,BMNR261002C00022500,1.93,2.27,2.1,2.48,0.98,65.3333,20.0,196.0,0.6692,0.692,0.1021,0.0171,-0.0399,0.0067,2.1663,1.93,2.5,1.93,1.5,up,2026-09-17T12:55:47,949.0,125.0
BMNR,2026-10-02,15,Put,22.5,BMNR261002P00022500,0.69,0.8,0.745,0.72,-0.645,-47.2527,41.0,159.0,0.7152,-0.3092,0.1026,0.0171,-0.0406,-0.0032,0.7332,0.99,0.99,0.64,1.36500000953674,no_change,2026-09-17T15:00:56,246.0,205.0
BMNR,2026-10-02,15,Call,23.0,BMNR261002C00023000,1.8,1.97,1.885,2.04,0.76,59.375,77.0,559.0,0.7212,0.6369,0.1092,0.0182,-0.0427,0.0062,1.858,1.69,2.4,1.62,1.28000003099442,down,2026-09-17T12:37:00,95.0,199.0
BMNR,2026-10-02,15,Put,23.0,BMNR261002P00023000,0.72,0.99,0.855,0.94,-0.675,-41.7957,57.0,646.0,0.668,-0.3646,0.1097,0.0182,-0.0432,-0.0038,0.9246,1.26,1.26,0.79,1.6149999499321,up,2026-09-17T15:52:35,1756.0,12.0
BMNR,2026-10-02,15,Call,23.5,BMNR261002C00023500,1.53,1.7,1.615,1.62,0.535,49.3088,18.0,491.0,0.7236,0.5797,0.1137,0.019,-0.0447,0.0057,1.5831,1.56,1.91,1.56,1.08499997854233,down,2026-09-17T15:50:56,107.0,344.0
BMNR,2026-10-02,15,Put,23.5,BMNR261002P00023500,0.95,1.23,1.0899999999999999,1.16,-0.785,-40.3599,22.0,151.0,0.6753,-0.4221,0.1143,0.019,-0.0451,-0.0043,1.1496,1.5,1.5,1.05,1.94499999284744,up,2026-09-17T15:50:56,1638.0,12.0
BMNR,2026-10-02,15,Call,24.0,BMNR261002C00024000,1.31,1.42,1.365,1.32,0.4,43.4783,214.0,1622.0,0.7213,0.5222,0.1154,0.0193,-0.0458,0.0052,1.3417,1.19,1.66,1.19,0.919999986886978,down,2026-09-17T15:48:42,83.0,249.0
BMNR,2026-10-02,15,Put,24.0,BMNR261002P00024000,1.21,1.5,1.355,1.46,-0.805,-35.5408,101.0,447.0,0.6817,-0.48,0.116,0.0193,-0.046,-0.0048,1.4082,1.76,1.76,1.25,2.26499998569489,up,2026-09-17T15:47:04,1082.0,152.0
BMNR,2026-10-02,15,Call,24.5,BMNR261002C00024500,1.1,1.2,1.15,1.45,0.66,83.5443,44.0,46.0,0.7226,0.466,0.1144,0.0193,-0.046,0.0046,1.1328,1.07,1.45,1.05,0.78999999165535,up,2026-09-17T13:37:27,99.0,256.0
BMNR,2026-10-02,15,Put,24.5,BMNR261002P00024500,1.64,1.76,1.7,1.7,-0.945,-35.7278,27.0,47.0,0.714,-0.5364,0.1151,0.0192,-0.0461,-0.0053,1.6993,1.59,1.89,1.57,2.64499998092651,up,2026-09-17T15:55:28,163.0,60.0
BMNR,2026-10-02,15,Call,25.0,BMNR261002C00025000,0.9,1.0,0.95,0.95,0.29,43.9394,534.0,1680.0,0.7176,0.4126,0.1111,0.0189,-0.0455,0.0041,0.9541,0.74,1.36,0.74,0.659999996423721,no_change,2026-09-17T15:59:21,515.0,701.0
BMNR,2026-10-02,15,Put,25.0,BMNR261002P00025000,1.95,2.27,2.11,1.99,-1.075,-35.0734,25.0,427.0,0.7671,-0.5901,0.1118,0.0188,-0.0454,-0.0057,2.0207,2.11,2.22,1.83,3.06500005722046,no_change,2026-09-17T15:17:05,140.0,742.0
BMNR,2026-10-02,15,Call,25.5,BMNR261002C00025500,0.75,0.89,0.8200000000000001,0.78,0.225,40.5405,195.0,38.0,0.7369,0.3631,0.106,0.0182,-0.0442,0.0036,0.8027,0.77,1.1,0.75,0.554999977350235,down,2026-09-17T15:43:11,210.0,537.0
BMNR,2026-10-02,15,Put,25.5,BMNR261002P00025500,2.27,2.45,2.3600000000000003,2.75,-0.8,-22.5352,4.0,9.0,0.722,-0.6399,0.1067,0.0181,-0.044,-0.0061,2.3698,2.8,2.8,2.75,3.54999995231628,down,2026-09-17T09:45:32,141.0,67.0
BMNR,2026-10-02,15,Call,26.0,BMNR261002C00026000,0.61,0.7,0.655,0.67,0.19,39.5833,377.0,1004.0,0.7243,0.3179,0.0995,0.0173,-0.0425,0.0032,0.6754,0.62,1.0,0.58,0.480000004172325,no_change,2026-09-17T15:58:56,561.0,85.0
BMNR,2026-10-02,15,Put,26.0,BMNR261002P00026000,2.64,2.81,2.725,2.45,-1.5,-37.9747,2.0,102.0,0.7256,-0.6853,0.1003,0.0172,-0.042,-0.0064,2.7431,2.81,2.81,2.45,3.94999992847443,down,2026-09-17T10:28:31,305.0,82.0
BMNR,2026-10-02,15,Call,26.5,BMNR261002C00026500,0.51,0.59,0.55,0.57,0.17,42.5,86.0,78.0,0.7342,0.2775,0.0923,0.0162,-0.0403,0.0028,0.569,0.56,0.85,0.55,0.400000005960464,up,2026-09-17T15:54:03,450.0,116.0
BMNR,2026-10-02,15,Put,26.5,BMNR261002P00026500,2.96,3.3,3.13,3.09,0.0,0.0,0.0,2.0,0.7415,-0.7261,0.0931,0.0161,-0.0397,-0.0066,3.1371,0.0,0.0,0.0,4.42499995231628,up,2026-09-15T10:08:11,126.0,87.0
BMNR,2026-10-02,15,Call,27.0,BMNR261002C00027000,0.44,0.5,0.47,0.45,0.1,28.5714,657.0,1326.0,0.7497,0.2416,0.0847,0.0151,-0.038,0.0024,0.4803,0.43,0.68,0.43,0.349999994039536,down,2026-09-17T15:59:01,414.0,94.0
BMNR,2026-10-02,15,Put,27.0,BMNR261002P00027000,3.45,3.65,3.55,3.45,-1.35,-28.125,6.0,22.0,0.7571,-0.7622,0.0855,0.015,-0.0372,-0.0068,3.5491,3.56,3.56,3.45,4.79999995231628,down,2026-09-17T15:57:47,99.0,135.0
BMNR,2026-10-02,15,Call,27.5,BMNR261002C00027500,0.34,0.41,0.375,0.43,0.07,19.4444,86.0,44.0,0.7448,0.2102,0.0771,0.014,-0.0355,0.0021,0.4064,0.4,0.6,0.4,0.359999999403954,no_change,2026-09-17T14:52:48,922.0,1.0
BMNR,2026-10-02,15,Put,27.5,BMNR261002P00027500,3.7,4.2,3.95,4.0,-1.175,-22.7053,1.0,0.0,0.7486,-0.7939,0.078,0.0138,-0.0345,-0.0069,3.976,4.0,4.0,4.0,5.17499995231628,down,2026-09-17T10:49:43,623.0,145.0
BMNR,2026-10-02,15,Call,28.0,BMNR261002C00028000,0.32,0.33,0.325,0.37,0.11,42.3077,325.0,3397.0,0.7635,0.1828,0.0698,0.0128,-0.033,0.0018,0.345,0.32,0.45,0.3,0.259999997913837,up,2026-09-17T14:53:22,50.0,50.0
BMNR,2026-10-02,15,Put,28.0,BMNR261002P00028000,3.95,4.6,4.275,4.05,-1.475,-26.6968,10.0,8.0,0.6559,-0.8216,0.0707,0.0126,-0.0319,-0.007,4.4153,4.04,4.05,4.04,5.52500009536743,no_change,2026-09-17T14:08:15,171.0,81.0
BMNR,2026-10-02,15,Call,28.5,BMNR261002C00028500,0.25,0.31,0.28,0.28,0.055,24.4444,32.0,73.0,0.7794,0.1591,0.0628,0.0118,-0.0305,0.0016,0.2938,0.29,0.34,0.28,0.225000001490116,down,2026-09-17T15:47:55,615.0,204.0
BMNR,2026-10-02,15,Put,28.5,BMNR261002P00028500,4.4,5.15,4.775,4.51,0.0,0.0,0.0,1.0,0.7061,-0.8456,0.0637,0.0115,-0.0292,-0.007,4.8649,0.0,0.0,0.0,5.875,up,2026-09-08T15:40:07,172.0,92.0
BMNR,2026-10-02,15,Call,29.0,BMNR261002C00029000,0.19,0.3,0.245,0.28,0.085,43.5897,93.0,396.0,0.7978,0.1386,0.0564,0.0107,-0.0281,0.0014,0.2511,0.27,0.39,0.26,0.195000000298023,down,2026-09-17T14:27:45,890.0,395.0
BMNR,2026-10-02,15,Put,29.0,BMNR261002P00029000,4.75,5.8,5.275,0.0,0.0,0.0,0.0,0.0,0.7545,-0.8664,0.0573,0.0104,-0.0267,-0.0069,5.3231,0.0,0.0,0.0,6.34999990463257,no_change,,202.0,89.0
BMNR,2026-10-02,15,Call,29.5,BMNR261002C00029500,0.19,0.22,0.20500000000000002,0.23,0.05,27.7778,15.0,38.0,0.805,0.1209,0.0505,0.0097,-0.0259,0.0012,0.2154,0.25,0.31,0.22,0.179999999701977,down,2026-09-17T14:50:31,152.0,81.0
BMNR,2026-10-02,15,Put,29.5,BMNR261002P00029500,5.0,6.6,5.8,0.0,0.0,0.0,0.0,0.0,0.8282,-0.8842,0.0514,0.0094,-0.0242,-0.0069,5.7883,0.0,0.0,0.0,6.8250002861023,no_change,,88.0,82.0
BMNR,2026-10-02,15,Call,30.0,BMNR261002C00030000,0.15,0.23,0.19,0.19,0.035,22.5806,1387.0,4390.0,0.8336,0.1056,0.0452,0.0088,-0.0238,0.0011,0.1854,0.19,0.35,0.18,0.155000001192093,no_change,2026-09-17T15:21:54,326.0,722.0
BMNR,2026-10-02,15,Put,30.0,BMNR261002P00030000,5.7,6.5,6.1,6.13,-1.17,-16.0274,100.0,126.0,0.0,-0.8997,0.046,0.0085,-0.0219,-0.0067,6.2594,6.13,6.13,6.13,7.30000019073486,down,2026-09-17T15:28:10,788.0,143.0
BMNR,2026-10-02,15,Call,30.5,BMNR261002C00030500,0.11,0.2,0.155,0.32,0.0,0.0,0.0,102.0,0.8342,0.0925,0.0404,0.008,-0.0218,0.0009,0.1602,0.0,0.0,0.0,0.174999997019768,no_change,2026-09-15T13:13:20,631.0,198.0
BMNR,2026-10-02,15,Put,30.5,BMNR261002P00030500,5.9,7.6,6.75,0.0,0.0,0.0,0.0,0.0,0.8602,-0.913,0.0411,0.0076,-0.0197,-0.0067,6.7352,0.0,0.0,0.0,7.80000019073486,no_change,,40.0,18.0
BMNR,2026-10-02,15,Call,31.0,BMNR261002C00031000,0.03,0.18,0.105,0.16,0.035,28.0,37.0,288.0,0.8027,0.0812,0.0361,0.0073,-0.02,0.0008,0.139,0.18,0.18,0.16,0.125,no_change,2026-09-17T14:11:31,1128.0,292.0
BMNR,2026-10-02,15,Put,31.0,BMNR261002P00031000,6.4,7.7,7.050000000000001,0.0,0.0,0.0,0.0,0.0,0.0,-0.9244,0.0368,0.0068,-0.0177,-0.0062,7.2149,0.0,0.0,0.0,8.30000019073486,no_change,,34.0,3.0
BMNR,2026-10-02,15,Call,32.0,BMNR261002C00032000,0.08,0.15,0.11499999999999999,0.12,-0.02,-14.2857,25.0,129.0,0.8937,0.063,0.0289,0.006,-0.0168,0.0006,0.1057,0.07,0.19,0.07,0.140000000596046,down,2026-09-17T11:11:03,204.0,704.0
BMNR,2026-10-02,15,Put,32.0,BMNR261002P00032000,7.45,9.0,8.225,0.0,0.0,0.0,0.0,0.0,0.9468,-0.9428,0.0293,0.0056,-0.014,-0.0063,8.1835,0.0,0.0,0.0,9.25,no_change,,38.0,2.0
BMNR,2026-10-02,15,Call,33.0,BMNR261002C00033000,0.04,0.1,0.07,0.09,-0.025,-21.7391,2.0,378.0,0.8781,0.0493,0.0231,0.0049,-0.0141,0.0005,0.0815,0.23,0.23,0.09,0.115000000223517,down,2026-09-17T15:45:00,747.0,173.0
BMNR,2026-10-02,15,Put,33.0,BMNR261002P00033000,8.4,10.0,9.2,0.0,0.0,0.0,0.0,0.0,0.9801,-0.9567,0.0239,0.0044,-0.0108,-0.0058,9.1613,0.0,0.0,0.0,10.25,no_change,,47.0,22.0
BMNR,2026-10-02,15,Call,34.0,BMNR261002C00034000,0.01,0.12,0.065,0.12,-0.255,-68.0,1.0,45.0,0.9303,0.039,0.0186,0.0041,-0.0119,0.0004,0.0636,0.12,0.12,0.12,0.375,down,2026-09-17T14:44:13,318.0,633.0
BMNR,2026-10-02,15,Put,34.0,BMNR261002P00034000,9.35,11.0,10.175,0.0,0.0,0.0,0.0,0.0,1.0005,-0.9673,0.02,0.0035,-0.0081,-0.0052,10.1452,0.0,0.0,0.0,11.25,no_change,,41.0,9.0
BMNR,2026-10-02,15,Call,35.0,BMNR261002C00035000,0.05,0.1,0.07500000000000001,0.05,-0.03,-37.5,83.0,2007.0,1.0158,0.0312,0.0151,0.0034,-0.01,0.0003,0.0502,0.07,0.09,0.05,0.0800000000745058,down,2026-09-17T15:38:44,2.0,772.0
BMNR,2026-10-02,15,Put,35.0,BMNR261002P00035000,10.45,11.85,11.149999999999999,10.35,0.0,0.0,0.0,10.0,0.9115,-0.9761,0.0174,0.0027,-0.0062,-0.0046,11.1341,0.0,0.0,0.0,12.25,down,2026-09-09T13:25:45,21.0,6.0
BMNR,2026-10-02,15,Call,36.0,BMNR261002C00036000,0.0,0.29,0.145,0.17,0.0,0.0,0.0,25.0,1.2148,0.0251,0.0123,0.0028,-0.0085,0.0002,0.0401,0.0,0.0,0.0,0.0649999976158142,up,2026-09-16T10:08:39,0.0,755.0
BMNR,2026-10-02,15,Put,36.0,BMNR261002P00036000,11.35,13.2,12.274999999999999,0.0,0.0,0.0,0.0,0.0,1.3064,-0.9828,0.0152,0.0021,-0.0046,-0.0042,12.126,0.0,0.0,0.0,13.2249999046326,no_change,,38.0,1.0
BMNR,2026-10-02,15,Call,37.0,BMNR261002C00037000,0.02,0.15,0.08499999999999999,0.11,0.0,0.0,0.0,3.0,1.1568,0.0204,0.0101,0.0024,-0.0072,0.0002,0.0324,0.0,0.0,0.0,0.644999980926514,down,2026-09-15T13:44:11,1.0,362.0
BMNR,2026-10-02,15,Put,37.0,BMNR261002P00037000,12.95,13.4,13.175,12.69,-1.51,-10.6338,1.0,0.0,1.1877,-0.9883,0.0121,0.0013,-0.0045,-0.0026,13.1214,12.69,12.69,12.69,14.1999998092651,down,2026-09-17T13:38:47,41.0,21.0
BMNR,2026-10-02,15,Call,38.0,BMNR261002C00038000,0.0,0.27,0.135,0.06,0.0,0.0,0.0,93.0,1.3176,0.0167,0.0084,0.002,-0.0062,0.0002,0.0264,0.0,0.0,0.0,0.135000005364418,up,2026-09-16T11:25:45,0.0,683.0
BMNR,2026-10-02,15,Put,38.0,BMNR261002P00038000,13.85,14.35,14.1,14.1,-1.1,-7.23684,3.0,0.0,0.0,-0.9926,0.0095,0.001,-0.0045,-0.0023,14.118,13.86,14.1,13.86,15.2000002861023,up,2026-09-17T15:44:19,40.0,20.0
BMNR,2026-10-02,15,Call,39.0,BMNR261002C00039000,0.0,0.23,0.115,0.12,0.0,0.0,0.0,51.0,1.3345,0.0138,0.0069,0.0017,-0.0053,0.0001,0.0217,0.0,0.0,0.0,0.115000002086163,up,2026-09-14T15:46:41,0.0,707.0
BMNR,2026-10-02,15,Put,39.0,BMNR261002P00039000,14.15,16.2,15.175,16.45,0.0,0.0,0.0,1.0,1.3017,-0.9953,0.0068,0.0003,-0.0051,-0.0007,15.1164,0.0,0.0,0.0,16.2000002861023,up,2026-09-16T13:53:32,44.0,4.0
BMNR,2026-10-09,22,Call,15.0,BMNR261009C00015000,8.0,10.0,9.0,11.12,0.0,0.0,0.0,1.0,1.127,0.9857,0.0069,0.0022,-0.0012,0.0096,8.9323,0.0,0.0,0.0,7.54999995231628,up,2026-09-03T14:29:38,20.0,20.0
BMNR,2026-10-09,22,Put,15.0,BMNR261009P00015000,0.0,0.28,0.14,0.04,-0.44,-91.6667,400.0,17.0,1.2141,-0.0149,0.007,0.0022,-0.0043,-0.0002,0.0295,0.1,0.1,0.04,0.479999989271164,down,2026-09-17T11:10:55,0.0,1458.0
BMNR,2026-10-09,22,Call,17.0,BMNR261009C00017000,6.8,7.6,7.199999999999999,7.09,1.14,19.1597,3.0,10.0,1.1307,0.9615,0.0172,0.005,-0.0067,0.0105,6.9898,7.09,7.09,7.09,5.95000004768372,up,2026-09-17T12:11:14,46.0,46.0
BMNR,2026-10-09,22,Put,17.0,BMNR261009P00017000,0.0,0.2,0.1,0.12,-0.055,-31.4286,8.0,70.0,0.8717,-0.0392,0.0173,0.005,-0.0091,-0.0006,0.0813,0.15,0.15,0.1,0.175000001676381,up,2026-09-17T14:46:00,0.0,892.0
BMNR,2026-10-09,22,Call,18.0,BMNR261009C00018000,5.4,6.85,6.125,7.85,0.0,0.0,0.0,7.0,0.9014,0.9386,0.0259,0.0072,-0.0106,0.0107,6.045,0.0,0.0,0.0,4.85000002384186,up,2026-09-14T13:34:02,47.0,48.0
BMNR,2026-10-09,22,Put,18.0,BMNR261009P00018000,0.04,0.16,0.1,0.11,-0.155,-58.4906,2.0,45.0,0.7499,-0.0621,0.026,0.0072,-0.0127,-0.001,0.1337,0.21,0.21,0.11,0.265000008046627,down,2026-09-17T11:37:42,699.0,120.0
BMNR,2026-10-09,22,Call,19.0,BMNR261009C00019000,4.6,5.95,5.275,6.27,0.0,0.0,0.0,5.0,0.9016,0.9048,0.0375,0.01,-0.0155,0.0108,5.1317,0.0,0.0,0.0,3.91000008583069,no_change,2026-09-08T13:23:02,68.0,43.0
BMNR,2026-10-09,22,Put,19.0,BMNR261009P00019000,0.17,0.25,0.21000000000000002,0.24,-0.175,-42.1687,6.0,220.0,0.7637,-0.0962,0.0376,0.01,-0.0172,-0.0015,0.2178,0.21,0.24,0.21,0.41499999165535,up,2026-09-17T11:37:42,326.0,219.0
BMNR,2026-10-09,22,Call,20.0,BMNR261009C00020000,4.05,4.9,4.475,3.18,0.0,0.0,0.0,30.0,0.8945,0.8567,0.0516,0.0133,-0.021,0.0106,4.2656,0.0,0.0,0.0,3.16500008106232,down,2026-09-16T15:45:05,193.0,334.0
BMNR,2026-10-09,22,Put,20.0,BMNR261009P00020000,0.29,0.35,0.31999999999999995,0.3,-0.33,-52.381,58.0,154.0,0.7256,-0.1445,0.0518,0.0133,-0.0225,-0.0022,0.3494,0.45,0.46,0.3,0.629999995231628,no_change,2026-09-17T12:52:33,824.0,15.0
BMNR,2026-10-09,22,Call,20.5,BMNR261009C00020500,3.7,4.15,3.9250000000000003,2.85,0.0,0.0,0.0,28.0,0.7835,0.8267,0.0591,0.0151,-0.0239,0.0104,3.8564,0.0,0.0,0.0,2.95000004768372,no_change,2026-09-16T15:42:05,161.0,240.0
BMNR,2026-10-09,22,Put,20.5,BMNR261009P00020500,0.38,0.63,0.505,0.41,-0.365,-47.0968,18.0,139.0,0.7817,-0.1746,0.0594,0.0152,-0.0252,-0.0026,0.4389,0.46,0.46,0.4,0.775000005960464,down,2026-09-17T14:38:24,383.0,1196.0
BMNR,2026-10-09,22,Call,21.0,BMNR261009C00021000,3.3,3.65,3.4749999999999996,4.05,1.355,50.2783,4.0,152.0,0.736,0.7926,0.0667,0.0168,-0.0268,0.0102,3.4664,3.8,4.05,3.75,2.6949999332428,up,2026-09-17T14:27:31,438.0,259.0
BMNR,2026-10-09,22,Put,21.0,BMNR261009P00021000,0.5,0.56,0.53,0.52,-0.43,-45.2632,20.0,360.0,0.7201,-0.2089,0.067,0.0168,-0.0279,-0.0032,0.5479,0.51,0.57,0.5,0.950000017881394,down,2026-09-17T15:19:59,471.0,75.0
BMNR,2026-10-09,22,Call,21.5,BMNR261009C00021500,2.95,3.4,3.175,2.92,0.595,25.5914,8.0,30.0,0.766,0.7546,0.0739,0.0185,-0.0295,0.0098,3.0983,2.92,2.92,2.92,2.32500004768372,no_change,2026-09-17T11:14:50,311.0,375.0
BMNR,2026-10-09,22,Put,21.5,BMNR261009P00021500,0.63,0.72,0.675,0.61,-0.54,-46.9565,1.0,50.0,0.7226,-0.247,0.0743,0.0185,-0.0305,-0.0037,0.679,0.61,0.61,0.61,1.14999997615814,down,2026-09-17T14:37:47,116.0,108.0
BMNR,2026-10-09,22,Call,22.0,BMNR261009C00022000,2.61,3.1,2.855,2.88,0.82,39.8058,115.0,227.0,0.7705,0.7133,0.0805,0.02,-0.032,0.0094,2.7543,2.5,3.2,2.5,2.06000006198883,up,2026-09-17T11:45:36,627.0,924.0
BMNR,2026-10-09,22,Put,22.0,BMNR261009P00022000,0.77,0.88,0.825,0.76,-0.615,-44.7273,88.0,607.0,0.7158,-0.2886,0.0809,0.02,-0.0328,-0.0043,0.8342,0.95,0.95,0.72,1.375,no_change,2026-09-17T13:53:12,463.0,76.0
BMNR,2026-10-09,22,Call,22.5,BMNR261009C00022500,2.4,2.74,2.5700000000000003,2.43,0.635,35.376,16.0,106.0,0.7803,0.6692,0.086,0.0213,-0.0341,0.0089,2.4362,2.28,3.0,2.28,1.7950000166893,down,2026-09-17T11:03:22,39.0,902.0
BMNR,2026-10-09,22,Put,22.5,BMNR261009P00022500,0.94,1.08,1.01,1.15,-0.48,-29.4479,43.0,330.0,0.7151,-0.3329,0.0865,0.0213,-0.0348,-0.005,1.0154,1.17,1.17,1.04,1.62999999523163,up,2026-09-17T11:06:14,703.0,122.0
BMNR,2026-10-09,22,Call,23.0,BMNR261009C00023000,2.1,2.28,2.19,2.53,0.95,60.1266,705.0,816.0,0.7365,0.6232,0.0902,0.0223,-0.0359,0.0084,2.1453,2.04,2.53,2.02,1.5799999833107,no_change,2026-09-17T13:29:21,110.0,169.0
BMNR,2026-10-09,22,Put,23.0,BMNR261009P00023000,1.17,1.49,1.33,1.18,-0.745,-38.7013,12.0,164.0,0.7639,-0.3792,0.0908,0.0223,-0.0364,-0.0056,1.2241,1.55,1.55,1.1,1.92500001192093,down,2026-09-17T15:25:54,74.0,1200.0
BMNR,2026-10-09,22,Call,23.5,BMNR261009C00023500,1.84,2.03,1.935,1.85,0.455,32.6165,231.0,382.0,0.74,0.5763,0.093,0.023,-0.0372,0.0078,1.882,1.8,2.24,1.8,1.39500004053116,down,2026-09-17T11:06:39,226.0,539.0
BMNR,2026-10-09,22,Put,23.5,BMNR261009P00023500,1.22,1.53,1.375,1.43,-0.785,-35.4402,19.0,84.0,0.6797,-0.4264,0.0935,0.023,-0.0375,-0.0062,1.4605,1.61,1.61,1.38,2.2150000333786,up,2026-09-17T12:32:11,1165.0,98.0
BMNR,2026-10-09,22,Call,24.0,BMNR261009C00024000,1.6,1.75,1.675,1.82,0.615,51.0373,12.0,442.0,0.7311,0.5294,0.0942,0.0233,-0.0379,0.0072,1.646,1.87,1.94,1.59,1.2049999833107,down,2026-09-17T15:11:22,217.0,195.0
BMNR,2026-10-09,22,Put,24.0,BMNR261009P00024000,1.64,1.77,1.705,1.72,-0.81,-32.0158,70.0,57.0,0.7105,-0.4736,0.0948,0.0233,-0.0382,-0.0069,1.7241,1.93,1.93,1.55,2.52999997138977,up,2026-09-17T15:57:57,477.0,114.0
BMNR,2026-10-09,22,Call,24.5,BMNR261009C00024500,1.39,1.53,1.46,1.68,0.555,49.3333,3.0,201.0,0.7319,0.4835,0.0939,0.0234,-0.0382,0.0066,1.4364,1.29,1.68,1.29,1.125,up,2026-09-17T13:28:35,213.0,396.0
BMNR,2026-10-09,22,Put,24.5,BMNR261009P00024500,1.75,2.08,1.915,1.88,-1.015,-35.0604,20.0,25.0,0.6791,-0.5198,0.0946,0.0233,-0.0383,-0.0075,2.0146,2.22,2.22,1.88,2.89499998092651,down,2026-09-17T13:28:35,922.0,78.0
BMNR,2026-10-09,22,Call,25.0,BMNR261009C00025000,1.23,1.31,1.27,1.27,0.36,39.5604,211.0,401.0,0.734,0.4394,0.0923,0.0231,-0.0381,0.006,1.2517,1.16,1.62,1.16,0.909999996423721,no_change,2026-09-17T15:56:55,32.0,74.0
BMNR,2026-10-09,22,Put,25.0,BMNR261009P00025000,2.05,2.38,2.215,2.2,-1.2,-35.2941,49.0,685.0,0.6761,-0.5643,0.0931,0.023,-0.038,-0.008,2.33,2.7,2.7,2.2,3.39999997615814,no_change,2026-09-17T14:30:34,1109.0,152.0
BMNR,2026-10-09,22,Call,25.5,BMNR261009C00025500,1.03,1.2,1.115,1.16,0.285,32.5714,7.0,134.0,0.7425,0.3976,0.0896,0.0226,-0.0375,0.0055,1.09,1.2,1.26,1.16,0.875,down,2026-09-17T15:04:23,503.0,142.0
BMNR,2026-10-09,22,Put,25.5,BMNR261009P00025500,2.57,2.72,2.645,3.29,0.0,0.0,0.0,156.0,0.721,-0.6064,0.0905,0.0225,-0.0373,-0.0085,2.6684,0.0,0.0,0.0,3.64999997615814,up,2026-09-15T14:47:53,227.0,63.0
BMNR,2026-10-09,22,Call,26.0,BMNR261009C00026000,0.91,1.0,0.9550000000000001,0.98,0.28,40.0,662.0,638.0,0.7402,0.3585,0.0861,0.0219,-0.0366,0.005,0.9493,0.91,1.25,0.91,0.700000017881394,down,2026-09-17T15:54:40,126.0,183.0
BMNR,2026-10-09,22,Put,26.0,BMNR261009P00026000,2.73,3.1,2.915,3.1,-1.075,-25.7485,67.0,10.0,0.6852,-0.6458,0.0869,0.0218,-0.0363,-0.0089,3.0283,3.0,3.1,3.0,4.17499995231628,up,2026-09-17T11:01:36,871.0,86.0
BMNR,2026-10-09,22,Call,26.5,BMNR261009C00026500,0.66,0.88,0.77,0.9,0.29,47.541,20.0,55.0,0.7172,0.3225,0.0819,0.021,-0.0355,0.0045,0.8272,0.79,1.0,0.77,0.609999984502792,down,2026-09-17T15:24:57,1120.0,141.0
BMNR,2026-10-09,22,Put,26.5,BMNR261009P00026500,3.25,3.5,3.375,2.88,0.0,0.0,0.0,94.0,0.7295,-0.6822,0.0828,0.0209,-0.035,-0.0093,3.4064,0.0,0.0,0.0,4.60000014305115,up,2026-09-11T15:59:28,135.0,90.0
BMNR,2026-10-09,22,Call,27.0,BMNR261009C00027000,0.67,0.76,0.7150000000000001,0.77,0.235,43.9252,103.0,176.0,0.7489,0.2895,0.0773,0.02,-0.0341,0.004,0.7216,0.71,0.9,0.64,0.534999996423721,down,2026-09-17T15:28:04,344.0,100.0
BMNR,2026-10-09,22,Put,27.0,BMNR261009P00027000,3.65,3.95,3.8,4.65,0.0,0.0,0.0,35.0,0.7513,-0.7155,0.0782,0.0198,-0.0335,-0.0096,3.8017,0.0,0.0,0.0,5.02500009536743,up,2026-09-16T10:07:51,139.0,85.0
BMNR,2026-10-09,22,Call,27.5,BMNR261009C00027500,0.57,0.86,0.715,0.79,0.325,69.8925,54.0,263.0,0.8043,0.2596,0.0724,0.019,-0.0326,0.0036,0.6305,0.76,0.79,0.74,0.464999988675118,up,2026-09-17T13:23:50,220.0,1129.0
BMNR,2026-10-09,22,Put,27.5,BMNR261009P00027500,4.05,4.4,4.225,3.7,0.0,0.0,0.0,18.0,0.7678,-0.7458,0.0734,0.0188,-0.0318,-0.0097,4.211,0.0,0.0,0.0,5.40000009536743,no_change,2026-09-14T10:48:19,100.0,115.0
BMNR,2026-10-09,22,Call,28.0,BMNR261009C00028000,0.49,0.61,0.55,0.59,0.18,43.9024,63.0,247.0,0.7677,0.2326,0.0675,0.0179,-0.031,0.0033,0.5519,0.6,0.69,0.54,0.409999996423721,down,2026-09-17T14:52:11,640.0,163.0
BMNR,2026-10-09,22,Put,28.0,BMNR261009P00028000,4.25,4.75,4.5,3.5,0.0,0.0,0.0,25.0,0.6895,-0.7731,0.0685,0.0176,-0.0301,-0.0099,4.6335,0.0,0.0,0.0,5.54999995231628,down,2026-09-11T10:13:27,240.0,133.0
BMNR,2026-10-09,22,Call,28.5,BMNR261009C00028500,0.43,0.51,0.47,0.53,0.09,20.4545,2.0,43.0,0.7692,0.2084,0.0626,0.0168,-0.0294,0.0029,0.4841,0.53,0.53,0.53,0.440000012516975,up,2026-09-17T11:46:44,785.0,77.0
BMNR,2026-10-09,22,Put,28.5,BMNR261009P00028500,4.65,5.2,4.925000000000001,0.0,0.0,0.0,0.0,0.0,0.6859,-0.7976,0.0637,0.0165,-0.0283,-0.01,5.0664,0.0,0.0,0.0,5.97499990463257,no_change,,161.0,89.0
BMNR,2026-10-09,22,Call,29.0,BMNR261009C00029000,0.37,0.49,0.43,0.51,0.19,59.375,32.0,83.0,0.7896,0.1868,0.0579,0.0157,-0.0278,0.0026,0.4257,0.5,0.57,0.41,0.320000007748604,no_change,2026-09-17T14:07:31,831.0,259.0
BMNR,2026-10-09,22,Put,29.0,BMNR261009P00029000,4.9,5.75,5.325,6.6,0.0,0.0,0.0,6.0,0.6518,-0.8195,0.059,0.0154,-0.0266,-0.01,5.5092,0.0,0.0,0.0,6.44999980926514,up,2026-09-16T12:53:39,165.0,103.0
BMNR,2026-10-09,22,Call,29.5,BMNR261009C00029500,0.2,0.42,0.31,0.42,0.095,29.2308,5.0,60.0,0.7498,0.1675,0.0534,0.0147,-0.0262,0.0024,0.3752,0.42,0.42,0.42,0.325000002980232,up,2026-09-17T14:20:57,1507.0,108.0
BMNR,2026-10-09,22,Put,29.5,BMNR261009P00029500,5.2,6.4,5.800000000000001,5.5,0.0,0.0,0.0,3.0,0.6688,-0.8392,0.0546,0.0143,-0.0248,-0.0103,5.9595,0.0,0.0,0.0,6.92499995231628,down,2026-09-08T15:39:01,181.0,91.0
BMNR,2026-10-09,22,Call,30.0,BMNR261009C00030000,0.3,0.36,0.32999999999999996,0.32,0.06,23.0769,111.0,320.0,0.8045,0.1504,0.0492,0.0137,-0.0246,0.0021,0.3315,0.41,0.47,0.32,0.259999997913837,down,2026-09-17T15:55:16,220.0,191.0
BMNR,2026-10-09,22,Put,30.0,BMNR261009P00030000,5.75,7.2,6.475,6.0,0.0,0.0,0.0,10.0,0.8484,-0.8566,0.0504,0.0131,-0.0231,-0.01,6.4171,0.0,0.0,0.0,7.39999985694885,down,2026-09-10T09:59:53,176.0,95.0
BMNR,2026-10-09,22,Call,31.0,BMNR261009C00031000,0.16,0.3,0.22999999999999998,0.3,0.08,36.3636,6.0,116.0,0.7977,0.1216,0.0415,0.0118,-0.0217,0.0017,0.2608,0.25,0.3,0.25,0.219999998807907,up,2026-09-17T11:32:16,1053.0,128.0
BMNR,2026-10-09,22,Put,31.0,BMNR261009P00031000,6.75,7.8,7.275,6.84,-1.66,-19.5294,2.0,0.0,0.752,-0.886,0.0427,0.0113,-0.0199,-0.0097,7.3486,6.84,6.84,6.84,8.5,down,2026-09-17T10:33:50,832.0,337.0
BMNR,2026-10-09,22,Call,32.0,BMNR261009C00032000,0.08,0.26,0.17,0.25,-0.005,-1.96079,238.0,138.0,0.8053,0.0988,0.035,0.0102,-0.019,0.0014,0.2074,0.23,0.26,0.22,0.25500001013279,no_change,2026-09-17T14:22:51,1233.0,261.0
BMNR,2026-10-09,22,Put,32.0,BMNR261009P00032000,7.6,9.05,8.325,7.6,0.0,0.0,0.0,2.0,0.872,-0.9093,0.0361,0.0095,-0.0169,-0.0094,8.298,0.0,0.0,0.0,9.3250002861023,up,2026-09-04T11:12:05,22.0,29.0
BMNR,2026-10-09,22,Call,33.0,BMNR261009C00033000,0.07,0.35,0.21,0.14,0.0,0.0,0.0,25.0,0.9108,0.0809,0.0294,0.0088,-0.0167,0.0011,0.1665,0.0,0.0,0.0,0.170000006444752,down,2026-09-16T13:35:35,699.0,492.0
BMNR,2026-10-09,22,Put,33.0,BMNR261009P00033000,8.5,10.05,9.275,0.0,0.0,0.0,0.0,0.0,0.8825,-0.9277,0.0304,0.0079,-0.0142,-0.0089,9.2598,0.0,0.0,0.0,10.3000001907349,no_change,,25.0,26.0
BMNR,2026-10-09,22,Call,34.0,BMNR261009C00034000,0.04,0.19,0.115,0.17,0.085,100.0,19.0,38.0,0.8545,0.0666,0.0248,0.0076,-0.0146,0.0009,0.135,0.17,0.17,0.17,0.084999998100102,up,2026-09-17T12:59:36,763.0,211.0
BMNR,2026-10-09,22,Put,34.0,BMNR261009P00034000,9.45,11.0,10.225,0.0,0.0,0.0,0.0,0.0,0.8732,-0.9423,0.0256,0.0067,-0.0117,-0.0085,10.231,0.0,0.0,0.0,11.2750000953674,no_change,,43.0,23.0
BMNR,2026-10-09,22,Call,35.0,BMNR261009C00035000,0.07,0.16,0.115,0.14,0.02,16.6667,95.0,299.0,0.9083,0.0552,0.021,0.0065,-0.0128,0.0008,0.1105,0.13,0.23,0.13,0.119999997317791,down,2026-09-17T12:39:08,710.0,506.0
BMNR,2026-10-09,22,Put,35.0,BMNR261009P00035000,10.4,11.8,11.100000000000001,0.0,0.0,0.0,0.0,0.0,0.0,-0.9538,0.0216,0.0056,-0.0094,-0.0081,11.2094,0.0,0.0,0.0,12.25,no_change,,22.0,24.0
BMNR,2026-10-09,22,Call,36.0,BMNR261009C00036000,0.09,0.14,0.115,0.13,-0.02,-13.3333,4.0,59.0,0.9599,0.0461,0.0178,0.0056,-0.0113,0.0006,0.0912,0.15,0.15,0.13,0.149999995715916,down,2026-09-17T14:46:31,1.0,674.0
BMNR,2026-10-09,22,Put,36.0,BMNR261009P00036000,11.4,13.15,12.275,0.0,0.0,0.0,0.0,0.0,1.0565,-0.9637,0.0194,0.0046,-0.0074,-0.0074,12.1928,0.0,0.0,0.0,13.25,no_change,,40.0,25.0
BMNR,2026-10-09,22,Call,37.0,BMNR261009C00037000,0.0,0.14,0.07,0.14,-0.185,-56.9231,1.0,33.0,0.9254,0.0387,0.0151,0.0049,-0.0099,0.0005,0.0759,0.14,0.14,0.14,0.324999988079071,down,2026-09-17T14:45:15,0.0,373.0
BMNR,2026-10-09,22,Put,37.0,BMNR261009P00037000,12.4,14.4,13.4,0.0,0.0,0.0,0.0,0.0,1.2537,-0.9715,0.0174,0.0038,-0.0055,-0.007,13.1802,0.0,0.0,0.0,14.4749999046326,no_change,,26.0,25.0
BMNR,2026-10-09,22,Call,38.0,BMNR261009C00038000,0.03,0.13,0.08,0.08,-1.015,-92.6941,1.0,3.0,0.9921,0.0327,0.0129,0.0043,-0.0088,0.0005,0.0636,0.08,0.08,0.08,1.09500002861023,down,2026-09-17T15:29:58,2.0,732.0
BMNR,2026-10-09,22,Put,38.0,BMNR261009P00038000,13.35,15.2,14.274999999999999,0.0,0.0,0.0,0.0,0.0,1.1617,-0.9785,0.0156,0.0027,-0.0046,-0.0052,14.1713,0.0,0.0,0.0,15.25,no_change,,40.0,26.0
BMNR,2026-10-09,22,Call,39.0,BMNR261009C00039000,0.05,0.12,0.08499999999999999,0.09,-0.005,-5.26316,1.0,32.0,1.0468,0.0278,0.0111,0.0037,-0.0078,0.0004,0.0537,0.09,0.09,0.09,0.0949999978765845,down,2026-09-17T10:04:23,10.0,332.0
BMNR,2026-10-09,22,Put,39.0,BMNR261009P00039000,14.15,16.4,15.274999999999999,0.0,0.0,0.0,0.0,0.0,1.2115,-0.9843,0.0138,0.0023,-0.0039,-0.0048,15.1648,0.0,0.0,0.0,16.2249999046326,no_change,,26.0,20.0
BMNR,2026-10-16,29,Call,11.0,BMNR261016C00011000,12.15,14.2,13.175,14.5,0.0,0.0,0.0,2.0,1.8172,0.9976,0.0015,0.0008,0.0,0.0092,12.9599,0.0,0.0,0.0,11.5,up,2026-09-09T09:41:39,20.0,20.0
BMNR,2026-10-16,29,Put,11.0,BMNR261016P00011000,0.0,0.24,0.12,0.01,0.0,0.0,0.0,50.0,1.2075,-0.0038,0.0015,0.0008,-0.0013,-0.0001,0.009,0.0,0.0,0.0,0.0199999995529652,down,2026-09-15T15:35:06,0.0,12.0
BMNR,2026-10-16,29,Call,12.0,BMNR261016C00012000,10.95,13.1,12.024999999999999,9.7,0.0,0.0,0.0,15.0,1.3062,0.9952,0.0025,0.0012,0.0,0.01,11.9692,0.0,0.0,0.0,10.5249996185303,up,2026-08-20T10:13:46,20.0,20.0
BMNR,2026-10-16,29,Put,12.0,BMNR261016P00012000,0.0,0.11,0.055,0.0,0.0,0.0,0.0,0.0,1.2537,-0.0062,0.0025,0.0012,-0.002,-0.0001,0.0146,0.0,0.0,0.0,1.08000004291534,no_change,,0.0,975.0
BMNR,2026-10-16,29,Call,13.0,BMNR261016C00013000,10.0,12.25,11.125,0.0,0.0,0.0,0.0,0.0,1.3825,0.9915,0.0039,0.0018,0.0,0.0108,10.9818,0.0,0.0,0.0,9.5499997138977,no_change,,20.0,20.0
BMNR,2026-10-16,29,Put,13.0,BMNR261016P00013000,0.01,0.06,0.034999999999999996,0.05,0.02,66.6667,1.0,53.0,1.047,-0.0099,0.004,0.0018,-0.0029,-0.0002,0.0234,0.05,0.05,0.05,0.0299999993294477,down,2026-09-17T09:50:21,1.0,1.0
BMNR,2026-10-16,29,Call,14.0,BMNR261016C00014000,9.8,11.2,10.5,10.3,0.0,0.0,0.0,34.0,1.6784,0.9859,0.0061,0.0026,-0.0001,0.0115,9.9993,0.0,0.0,0.0,8.82499980926514,up,2026-09-15T14:17:33,20.0,20.0
BMNR,2026-10-16,29,Put,14.0,BMNR261016P00014000,0.0,0.11,0.055,0.05,-0.005,-9.09091,6.0,80.0,1.0022,-0.0156,0.0062,0.0026,-0.0041,-0.0003,0.0371,0.05,0.05,0.05,0.0549999997019768,up,2026-09-17T09:45:04,0.0,1425.0
BMNR,2026-10-16,29,Call,15.0,BMNR261016C00015000,8.85,9.75,9.3,9.59,0.0,0.0,0.0,115.0,1.312,0.9772,0.0094,0.0038,-0.0022,0.0122,9.0244,0.0,0.0,0.0,7.625,down,2026-09-15T12:09:57,37.0,740.0
BMNR,2026-10-16,29,Put,15.0,BMNR261016P00015000,0.05,0.08,0.065,0.06,-0.03,-33.3333,299.0,338.0,0.915,-0.0242,0.0094,0.0038,-0.0057,-0.0005,0.0585,0.07,0.1,0.06,0.0899999998509884,no_change,2026-09-17T12:53:24,2.0,1.0
BMNR,2026-10-16,29,Call,16.0,BMNR261016C00016000,7.3,8.9,8.1,8.43,0.0,0.0,0.0,21.0,0.9252,0.9644,0.0139,0.0054,-0.0047,0.0127,8.061,0.0,0.0,0.0,6.70000004768372,down,2026-09-15T14:27:23,59.0,58.0
BMNR,2026-10-16,29,Put,16.0,BMNR261016P00016000,0.02,0.13,0.075,0.08,-0.08,-50.0,4.0,682.0,0.8272,-0.0371,0.014,0.0055,-0.0078,-0.0008,0.0914,0.1,0.1,0.08,0.159999996423721,down,2026-09-17T13:34:08,955.0,1006.0
BMNR,2026-10-16,29,Call,17.0,BMNR261016C00017000,6.65,7.7,7.175000000000001,7.04,1.365,24.0529,3.0,9.0,0.8982,0.9457,0.0202,0.0076,-0.0078,0.0131,7.115,6.9,7.04,6.9,5.67499995231628,up,2026-09-17T10:10:45,47.0,59.0
BMNR,2026-10-16,29,Put,17.0,BMNR261016P00017000,0.09,0.18,0.135,0.16,-0.035,-17.9487,3.0,156.0,0.8157,-0.056,0.0202,0.0076,-0.0106,-0.0011,0.1419,0.16,0.16,0.16,0.194999992847443,no_change,2026-09-17T09:41:42,780.0,962.0
BMNR,2026-10-16,29,Call,18.0,BMNR261016C00018000,5.9,6.3,6.1,6.32,1.395,28.3249,3.0,138.0,0.6896,0.919,0.0283,0.0103,-0.0114,0.0134,6.1947,6.4,6.4,6.32,4.92499995231628,down,2026-09-17T10:43:07,958.0,36.0
BMNR,2026-10-16,29,Put,18.0,BMNR261016P00018000,0.18,0.23,0.20500000000000002,0.21,-0.15,-41.6667,19.0,1447.0,0.7819,-0.0828,0.0284,0.0103,-0.0138,-0.0017,0.2181,0.26,0.27,0.2,0.359999999403954,up,2026-09-17T14:20:22,587.0,179.0
BMNR,2026-10-16,29,Call,19.0,BMNR261016C00019000,5.1,5.9,5.5,5.34,1.19,28.6747,1.0,342.0,0.8998,0.8822,0.0383,0.0134,-0.0156,0.0134,5.3114,5.34,5.34,5.34,4.15000009536743,up,2026-09-17T12:01:31,673.0,873.0
BMNR,2026-10-16,29,Put,19.0,BMNR261016P00019000,0.29,0.35,0.31999999999999995,0.31,-0.23,-42.5926,1046.0,4499.0,0.761,-0.1197,0.0385,0.0135,-0.0176,-0.0024,0.3316,0.33,0.38,0.26,0.53999999165535,no_change,2026-09-17T15:04:52,789.0,188.0
BMNR,2026-10-16,29,Call,20.0,BMNR261016C00020000,4.2,5.05,4.625,4.87,1.42,41.1594,29.0,1174.0,0.8331,0.8337,0.0495,0.0169,-0.02,0.0131,4.4793,4.08,4.87,4.08,3.44999992847443,up,2026-09-17T13:19:04,1068.0,1063.0
BMNR,2026-10-16,29,Put,20.0,BMNR261016P00020000,0.46,0.53,0.495,0.48,-0.33,-40.7407,105.0,1637.0,0.7489,-0.1685,0.0498,0.017,-0.0217,-0.0034,0.4964,0.47,0.63,0.39,0.810000002384186,no_change,2026-09-17T15:53:28,182.0,110.0
BMNR,2026-10-16,29,Call,21.0,BMNR261016C00021000,3.55,3.95,3.75,3.6,0.755,26.5378,30.0,552.0,0.7527,0.773,0.0609,0.0204,-0.0244,0.0125,3.7141,3.42,3.8,3.42,2.84500002861023,down,2026-09-17T11:05:21,711.0,860.0
BMNR,2026-10-16,29,Put,21.0,BMNR261016P00021000,0.69,0.77,0.73,0.68,-0.485,-41.6309,98.0,552.0,0.7359,-0.2296,0.0613,0.0205,-0.0258,-0.0046,0.7285,0.86,0.86,0.68,1.16500002145767,no_change,2026-09-17T13:47:57,286.0,92.0
BMNR,2026-10-16,29,Call,22.0,BMNR261016C00022000,2.8,3.15,2.9749999999999996,3.26,0.96,41.7391,49.0,972.0,0.7023,0.7016,0.0709,0.0234,-0.0283,0.0116,3.0307,2.84,3.65,2.73,2.29999995231628,up,2026-09-17T14:34:46,1095.0,408.0
BMNR,2026-10-16,29,Put,22.0,BMNR261016P00022000,1.0,1.09,1.045,1.04,-0.565,-35.2025,256.0,2478.0,0.7269,-0.3015,0.0714,0.0235,-0.0293,-0.006,1.0433,1.22,1.3,0.95,1.60500001907349,down,2026-09-17T15:55:00,356.0,69.0
BMNR,2026-10-16,29,Call,23.0,BMNR261016C00023000,2.39,2.51,2.45,2.55,0.71,38.587,184.0,1593.0,0.7267,0.623,0.0779,0.0256,-0.0312,0.0106,2.44,2.23,2.94,2.23,1.83999997377396,down,2026-09-17T15:31:14,66.0,212.0
BMNR,2026-10-16,29,Put,23.0,BMNR261016P00023000,1.44,1.51,1.475,1.44,-0.705,-32.8671,51.0,900.0,0.7321,-0.3807,0.0785,0.0257,-0.0318,-0.0074,1.4511,1.77,1.8,1.34,2.14499998092651,up,2026-09-17T15:57:31,32.0,86.0
BMNR,2026-10-16,29,Call,24.0,BMNR261016C00024000,1.9,2.03,1.9649999999999999,2.0,0.54,36.9863,158.0,1693.0,0.7316,0.5421,0.0811,0.0268,-0.0329,0.0093,1.9454,1.83,2.42,1.83,1.45999997854233,down,2026-09-17T15:01:52,173.0,287.0
BMNR,2026-10-16,29,Put,24.0,BMNR261016P00024000,1.9,2.03,1.9649999999999999,1.96,-0.795,-28.8566,546.0,2690.0,0.7278,-0.4623,0.0819,0.0268,-0.0332,-0.0089,1.9558,2.23,2.33,1.8,2.75499999523163,down,2026-09-17T15:52:31,197.0,74.0
BMNR,2026-10-16,29,Call,25.0,BMNR261016C00025000,1.51,1.58,1.545,1.56,0.405,35.0649,850.0,7909.0,0.731,0.4639,0.0806,0.0268,-0.0333,0.0081,1.5429,1.45,2.0,1.41,1.15500003099442,down,2026-09-17T15:58:29,473.0,16.0
BMNR,2026-10-16,29,Put,25.0,BMNR261016P00025000,2.51,2.64,2.575,2.43,-1.045,-30.0719,60.0,1751.0,0.7384,-0.5412,0.0814,0.0267,-0.0333,-0.0102,2.5532,2.52,2.78,2.38,3.47500002384186,no_change,2026-09-17T14:29:56,161.0,83.0
BMNR,2026-10-16,29,Call,26.0,BMNR261016C00026000,1.17,1.26,1.2149999999999999,1.23,0.315,34.4262,347.0,1995.0,0.7367,0.3921,0.0769,0.0259,-0.0327,0.0069,1.2225,1.16,1.63,1.07,0.91499999165535,down,2026-09-17T15:38:13,290.0,78.0
BMNR,2026-10-16,29,Put,26.0,BMNR261016P00026000,3.15,3.35,3.25,3.07,-1.305,-29.8286,45.0,1274.0,0.7461,-0.6138,0.0778,0.0258,-0.0323,-0.0113,3.2333,3.65,3.65,3.07,4.375,down,2026-09-17T13:25:46,771.0,210.0
BMNR,2026-10-16,29,Call,27.0,BMNR261016C00027000,0.93,1.0,0.9650000000000001,0.93,0.195,26.5306,3436.0,15434.0,0.7492,0.3289,0.0712,0.0244,-0.0313,0.0058,0.9712,0.91,1.3,0.82,0.734999984502792,down,2026-09-17T15:59:35,159.0,209.0
BMNR,2026-10-16,29,Put,27.0,BMNR261016P00027000,3.9,4.1,4.0,3.85,-1.35,-25.9615,1.0,256.0,0.7483,-0.6778,0.0722,0.0242,-0.0306,-0.0122,3.9831,3.85,3.85,3.85,5.19999980926514,down,2026-09-17T12:49:50,623.0,82.0
BMNR,2026-10-16,29,Call,28.0,BMNR261016C00028000,0.74,0.79,0.765,0.74,0.16,27.5862,271.0,1139.0,0.761,0.2748,0.0644,0.0225,-0.0294,0.0049,0.7756,0.71,1.07,0.71,0.580000013113022,down,2026-09-17T15:58:55,200.0,95.0
BMNR,2026-10-16,29,Put,28.0,BMNR261016P00028000,4.6,4.9,4.75,4.7,-1.35,-22.3141,150.0,8030.0,0.7479,-0.7327,0.0656,0.0221,-0.0283,-0.0127,4.7893,4.85,4.85,4.45,6.05000019073486,up,2026-09-17T15:03:25,1016.0,140.0
BMNR,2026-10-16,29,Call,29.0,BMNR261016C00029000,0.59,0.64,0.615,0.6,0.135,29.0323,183.0,1197.0,0.7769,0.2294,0.0574,0.0204,-0.0272,0.0041,0.6237,0.7,0.84,0.6,0.465000003576279,down,2026-09-17T15:49:33,41.0,195.0
BMNR,2026-10-16,29,Put,29.0,BMNR261016P00029000,5.3,5.8,5.55,6.73,0.0,0.0,0.0,113.0,0.735,-0.7788,0.0586,0.02,-0.0258,-0.0131,5.6395,0.0,0.0,0.0,6.85000014305115,up,2026-09-16T12:53:39,572.0,112.0
BMNR,2026-10-16,29,Call,30.0,BMNR261016C00030000,0.47,0.51,0.49,0.5,0.12,31.5789,819.0,4919.0,0.7888,0.1919,0.0506,0.0184,-0.0249,0.0034,0.5056,0.5,0.7,0.46,0.379999995231628,no_change,2026-09-17T15:58:52,416.0,51.0
BMNR,2026-10-16,29,Put,30.0,BMNR261016P00030000,6.0,6.7,6.35,6.55,-0.925,-12.3746,7.0,43.0,0.6902,-0.8171,0.0519,0.0177,-0.0232,-0.0132,6.5238,6.21,6.6,6.21,7.47499990463257,no_change,2026-09-17T11:48:00,697.0,179.0
BMNR,2026-10-16,29,Call,31.0,BMNR261016C00031000,0.36,0.45,0.405,0.43,0.11,34.375,76.0,1625.0,0.8091,0.161,0.0443,0.0164,-0.0227,0.0029,0.4133,0.31,0.55,0.31,0.319999992847443,no_change,2026-09-17T15:09:06,1035.0,227.0
BMNR,2026-10-16,29,Put,31.0,BMNR261016P00031000,6.9,7.8,7.35,7.44,-0.985,-11.6914,8.0,5.0,0.757,-0.8488,0.0457,0.0158,-0.0207,-0.0133,7.4342,7.44,7.44,7.44,8.42499995231628,no_change,2026-09-17T11:01:59,220.0,101.0
BMNR,2026-10-16,29,Call,32.0,BMNR261016C00032000,0.3,0.37,0.33499999999999996,0.33,0.06,22.2222,479.0,4793.0,0.8273,0.1356,0.0387,0.0147,-0.0206,0.0024,0.3408,0.29,0.46,0.29,0.269999995827675,no_change,2026-09-17T15:59:28,860.0,747.0
BMNR,2026-10-16,29,Put,32.0,BMNR261016P00032000,7.7,9.1,8.4,8.4,0.0,0.0,0.0,18.0,0.8564,-0.8747,0.0401,0.0138,-0.0182,-0.0128,8.3648,0.0,0.0,0.0,9.17499995231628,no_change,2026-09-15T10:52:01,184.0,111.0
BMNR,2026-10-16,29,Call,33.0,BMNR261016C00033000,0.24,0.32,0.28,0.33,0.095,40.4255,70.0,558.0,0.8458,0.1148,0.0337,0.013,-0.0187,0.002,0.2834,0.28,0.36,0.28,0.234999999403954,down,2026-09-17T13:29:24,890.0,250.0
BMNR,2026-10-16,29,Put,33.0,BMNR261016P00033000,8.65,10.05,9.350000000000001,9.7,0.0,0.0,0.0,22.0,0.8804,-0.8962,0.0352,0.012,-0.016,-0.0124,9.3104,0.0,0.0,0.0,10.3500003814697,up,2026-09-10T09:30:07,166.0,92.0
BMNR,2026-10-16,29,Call,34.0,BMNR261016C00034000,0.19,0.27,0.23,0.25,0.05,25.0,250.0,573.0,0.8589,0.0977,0.0294,0.0116,-0.0169,0.0018,0.2375,0.23,0.3,0.23,0.200000002980232,up,2026-09-17T14:48:20,1039.0,230.0
BMNR,2026-10-16,29,Put,34.0,BMNR261016P00034000,9.5,11.0,10.25,0.0,0.0,0.0,0.0,0.0,0.8475,-0.9138,0.0308,0.0104,-0.0138,-0.0118,10.268,0.0,0.0,0.0,11.3250002861023,no_change,,28.0,28.0
BMNR,2026-10-16,29,Call,35.0,BMNR261016C00035000,0.19,0.21,0.2,0.2,0.03,17.6471,890.0,1953.0,0.8818,0.0836,0.0257,0.0103,-0.0153,0.0015,0.2006,0.2,0.28,0.19,0.170000001788139,no_change,2026-09-17T15:55:29,81.0,83.0
BMNR,2026-10-16,29,Put,35.0,BMNR261016P00035000,10.65,11.45,11.05,11.15,-1.15,-9.3496,2.0,18.0,0.0,-0.9285,0.027,0.0091,-0.0118,-0.0113,11.2345,11.15,11.15,11.15,12.3000001907349,up,2026-09-17T13:46:49,114.0,77.0
BMNR,2026-10-16,29,Call,36.0,BMNR261016C00036000,0.07,0.22,0.14500000000000002,0.3,0.0,0.0,0.0,272.0,0.8696,0.0719,0.0225,0.0092,-0.0139,0.0013,0.1707,0.0,0.0,0.0,0.155000005848706,down,2026-09-15T13:08:33,1197.0,461.0
BMNR,2026-10-16,29,Put,36.0,BMNR261016P00036000,11.45,12.9,12.175,0.0,0.0,0.0,0.0,0.0,0.8511,-0.9405,0.0236,0.0079,-0.0099,-0.0106,12.2081,0.0,0.0,0.0,13.5250000953674,no_change,,43.0,28.0
BMNR,2026-10-16,29,Call,37.0,BMNR261016C00037000,0.13,0.19,0.16,0.14,0.0,0.0,0.0,704.0,0.9321,0.0622,0.0197,0.0082,-0.0126,0.0011,0.1462,0.0,0.0,0.0,0.199999999254942,down,2026-09-16T14:48:25,150.0,588.0
BMNR,2026-10-16,29,Put,37.0,BMNR261016P00037000,12.45,13.95,13.2,0.0,0.0,0.0,0.0,0.0,0.9342,-0.9506,0.0206,0.0067,-0.0081,-0.0103,13.1873,0.0,0.0,0.0,14.25,no_change,,15.0,11.0
BMNR,2026-10-16,29,Call,38.0,BMNR261016C00038000,0.04,0.25,0.145,0.29,0.0,0.0,0.0,185.0,0.9567,0.0541,0.0174,0.0074,-0.0114,0.001,0.1261,0.0,0.0,0.0,0.140000005252659,up,2026-09-15T12:44:56,1189.0,1187.0
BMNR,2026-10-16,29,Put,38.0,BMNR261016P00038000,13.35,14.9,14.125,0.0,0.0,0.0,0.0,0.0,0.7965,-0.9589,0.018,0.0058,-0.0064,-0.0097,14.1707,0.0,0.0,0.0,15.0,no_change,,45.0,40.0
BMNR,2026-10-16,29,Call,39.0,BMNR261016C00039000,0.06,0.15,0.105,0.12,0.005,4.34783,73.0,1168.0,0.9407,0.0472,0.0153,0.0066,-0.0104,0.0008,0.1093,0.12,0.15,0.12,0.114999998360872,no_change,2026-09-17T15:49:16,998.0,702.0
BMNR,2026-10-16,29,Put,39.0,BMNR261016P00039000,14.4,15.65,15.025,14.83,-1.42,-8.73846,1.0,1.0,0.0,-0.9667,0.0174,0.0049,-0.0048,-0.0085,15.1573,14.83,14.83,14.83,16.25,down,2026-09-17T10:15:21,43.0,22.0
BMNR,2026-10-23,36,Call,15.0,BMNR261023C00015000,8.2,9.95,9.075,11.15,0.0,0.0,0.0,7.0,0.8662,0.9685,0.0112,0.0056,-0.0037,0.0146,9.0828,0.0,0.0,0.0,7.625,up,2026-09-14T14:34:09,46.0,46.0
BMNR,2026-10-23,36,Put,15.0,BMNR261023P00015000,0.0,0.36,0.18,0.11,0.0,0.0,0.0,7.0,1.0105,-0.0334,0.0112,0.0056,-0.0066,-0.0009,0.0936,0.0,0.0,0.0,0.154999995604157,no_change,2026-09-14T15:01:23,0.0,1275.0
BMNR,2026-10-23,36,Call,17.0,BMNR261023C00017000,6.35,8.0,7.175,7.5,0.0,0.0,0.0,2.0,0.7823,0.9311,0.022,0.0102,-0.0091,0.0156,7.2087,0.0,0.0,0.0,6.07500004768372,no_change,2026-09-10T14:09:13,48.0,47.0
BMNR,2026-10-23,36,Put,17.0,BMNR261023P00017000,0.14,0.26,0.2,0.2,-0.035,-14.8936,1.0,10.0,0.8064,-0.0711,0.0221,0.0102,-0.0114,-0.0018,0.2107,0.2,0.2,0.2,0.234999997541308,down,2026-09-17T15:14:59,222.0,314.0
BMNR,2026-10-23,36,Call,18.0,BMNR261023C00018000,5.9,6.8,6.35,6.2,1.2,24.0,2.0,4.0,0.819,0.9016,0.0295,0.0132,-0.0124,0.0158,6.3134,6.2,6.2,6.2,5.0,up,2026-09-17T10:10:57,82.0,83.0
BMNR,2026-10-23,36,Put,18.0,BMNR261023P00018000,0.2,0.37,0.28500000000000003,0.45,0.0,0.0,0.0,110.0,0.7714,-0.1007,0.0297,0.0133,-0.0144,-0.0026,0.3112,0.0,0.0,0.0,0.479999989271164,down,2026-09-16T14:12:08,623.0,424.0
BMNR,2026-10-23,36,Call,18.5,BMNR261023C00018500,5.1,6.65,5.875,0.0,0.0,0.0,0.0,0.0,0.777,0.8835,0.0337,0.0149,-0.0142,0.0158,5.8805,0.0,0.0,0.0,4.70000004768372,no_change,,143.0,106.0
BMNR,2026-10-23,36,Put,18.5,BMNR261023P00018500,0.15,0.46,0.305,0.61,0.0,0.0,0.0,14.0,0.7307,-0.1189,0.0339,0.0149,-0.016,-0.003,0.3763,0.0,0.0,0.0,0.49499998986721,up,2026-09-16T15:31:58,1361.0,381.0
BMNR,2026-10-23,36,Call,19.0,BMNR261023C00019000,4.7,6.2,5.45,6.48,0.0,0.0,0.0,2.0,0.765,0.8631,0.0381,0.0166,-0.016,0.0158,5.4596,0.0,0.0,0.0,4.25,up,2026-09-08T10:33:51,277.0,297.0
BMNR,2026-10-23,36,Put,19.0,BMNR261023P00019000,0.37,0.48,0.425,0.45,-0.16,-26.2295,25.0,17.0,0.7535,-0.1394,0.0384,0.0167,-0.0177,-0.0035,0.4535,0.44,0.47,0.44,0.609999999403954,no_change,2026-09-17T14:50:15,679.0,90.0
BMNR,2026-10-23,36,Call,19.5,BMNR261023C00019500,4.65,5.7,5.175000000000001,5.15,0.0,0.0,0.0,1.0,0.8271,0.8402,0.0427,0.0184,-0.0178,0.0156,5.0521,0.0,0.0,0.0,3.89999997615814,no_change,2026-09-15T15:31:15,176.0,259.0
BMNR,2026-10-23,36,Put,19.5,BMNR261023P00019500,0.42,0.65,0.535,0.53,-0.34,-39.0805,1.0,18.0,0.757,-0.1625,0.043,0.0185,-0.0194,-0.0041,0.5442,0.53,0.53,0.53,0.869999974966049,down,2026-09-17T15:44:47,1113.0,822.0
BMNR,2026-10-23,36,Call,20.0,BMNR261023C00020000,4.35,5.3,4.824999999999999,4.97,1.445,40.9929,6.0,17.0,0.8343,0.8148,0.0473,0.0202,-0.0197,0.0154,4.6598,4.6,4.97,4.45,3.52499997615814,no_change,2026-09-17T14:26:22,223.0,665.0
BMNR,2026-10-23,36,Put,20.0,BMNR261023P00020000,0.52,0.75,0.635,0.62,-0.445,-41.784,52.0,253.0,0.747,-0.1881,0.0476,0.0203,-0.0211,-0.0047,0.6502,0.7,0.7,0.62,1.06499999761581,down,2026-09-17T12:57:24,1176.0,375.0
BMNR,2026-10-23,36,Call,20.5,BMNR261023C00020500,4.05,4.65,4.35,4.61,1.235,36.5926,1.0,11.0,0.7779,0.787,0.0519,0.022,-0.0215,0.0151,4.2843,4.61,4.61,4.61,3.375,up,2026-09-17T13:36:41,154.0,227.0
BMNR,2026-10-23,36,Put,20.5,BMNR261023P00020500,0.68,0.83,0.755,0.81,-0.33,-28.9474,2.0,28.0,0.74,-0.216,0.0522,0.022,-0.0227,-0.0054,0.7729,0.93,0.93,0.81,1.14000001549721,down,2026-09-17T15:16:23,766.0,103.0
BMNR,2026-10-23,36,Call,21.0,BMNR261023C00021000,3.65,4.3,3.9749999999999996,3.36,0.0,0.0,0.0,7.0,0.7633,0.7571,0.0562,0.0236,-0.0232,0.0147,3.9268,0.0,0.0,0.0,2.94500005245209,down,2026-09-16T11:55:05,205.0,197.0
BMNR,2026-10-23,36,Put,21.0,BMNR261023P00021000,0.74,1.08,0.91,0.95,-0.465,-32.8622,2.0,40.0,0.7413,-0.2462,0.0566,0.0237,-0.0243,-0.0061,0.914,0.95,0.95,0.95,1.41500002145767,down,2026-09-17T10:52:56,1034.0,397.0
BMNR,2026-10-23,36,Call,21.5,BMNR261023C00021500,3.35,4.0,3.675,3.66,0.0,0.0,0.0,8.0,0.7731,0.7251,0.0602,0.0252,-0.0248,0.0143,3.5889,0.0,0.0,0.0,2.82500004768372,down,2026-09-15T15:01:42,523.0,519.0
BMNR,2026-10-23,36,Put,21.5,BMNR261023P00021500,0.98,1.15,1.065,1.03,-0.62,-37.5758,7.0,23.0,0.7352,-0.2784,0.0607,0.0252,-0.0258,-0.0069,1.0746,1.3,1.3,1.03,1.64999997615814,down,2026-09-17T14:26:38,722.0,75.0
BMNR,2026-10-23,36,Call,22.0,BMNR261023C00022000,3.1,3.6,3.35,3.53,1.09,44.6721,27.0,31.0,0.7657,0.6916,0.0637,0.0265,-0.0262,0.0138,3.2713,3.01,3.53,3.01,2.44000005722046,up,2026-09-17T15:00:34,501.0,957.0
BMNR,2026-10-23,36,Put,22.0,BMNR261023P00022000,1.07,1.39,1.23,1.39,-0.465,-25.0674,10.0,167.0,0.7263,-0.3122,0.0642,0.0266,-0.0271,-0.0077,1.2559,1.38,1.39,1.26,1.85500001907349,up,2026-09-17T12:06:38,1124.0,208.0
BMNR,2026-10-23,36,Call,22.5,BMNR261023C00022500,2.77,3.4,3.085,3.06,0.71,30.2128,2.0,22.0,0.774,0.6569,0.0667,0.0277,-0.0274,0.0132,2.975,2.8,3.06,2.8,2.35000002384186,up,2026-09-17T10:09:04,538.0,501.0
BMNR,2026-10-23,36,Put,22.5,BMNR261023P00022500,1.37,1.61,1.4900000000000002,1.58,-0.565,-26.3403,100.0,102.0,0.7458,-0.3472,0.0673,0.0277,-0.0282,-0.0086,1.4583,1.5,1.58,1.5,2.14499998092651,up,2026-09-17T09:54:39,831.0,314.0
BMNR,2026-10-23,36,Call,23.0,BMNR261023C00023000,2.55,3.05,2.8,2.95,0.965,48.6146,25.0,161.0,0.7686,0.6214,0.069,0.0286,-0.0285,0.0126,2.7001,3.06,3.07,2.95,1.98500001430511,down,2026-09-17T14:31:21,705.0,1129.0
BMNR,2026-10-23,36,Put,23.0,BMNR261023P00023000,1.59,1.8,1.695,1.63,-0.83,-33.7398,174.0,182.0,0.738,-0.383,0.0696,0.0286,-0.0291,-0.0094,1.6826,1.75,1.77,1.58,2.45999991893768,no_change,2026-09-17T14:40:00,914.0,116.0
BMNR,2026-10-23,36,Call,23.5,BMNR261023C00023500,2.25,2.63,2.44,2.56,0.675,35.809,10.0,9.0,0.7318,0.5856,0.0706,0.0293,-0.0293,0.012,2.4467,2.6,2.78,2.56,1.88499999046326,down,2026-09-17T14:44:39,1039.0,261.0
BMNR,2026-10-23,36,Put,23.5,BMNR261023P00023500,1.74,2.19,1.9649999999999999,1.91,-0.9,-32.0285,20.0,199.0,0.7465,-0.4191,0.0714,0.0293,-0.0298,-0.0102,1.9284,2.49,2.49,1.91,2.80999994277954,no_change,2026-09-17T12:36:11,1274.0,427.0
BMNR,2026-10-23,36,Call,24.0,BMNR261023C00024000,2.0,2.62,2.31,2.51,0.79,45.9302,10.0,252.0,0.7674,0.55,0.0716,0.0298,-0.0299,0.0113,2.2143,2.26,2.51,2.16,1.72000002861023,up,2026-09-17T14:22:03,1074.0,1053.0
BMNR,2026-10-23,36,Put,24.0,BMNR261023P00024000,2.1,2.42,2.26,2.08,-1.06,-33.758,9.0,628.0,0.7569,-0.4551,0.0724,0.0298,-0.0302,-0.011,2.1956,2.47,2.47,2.08,3.13999998569488,down,2026-09-17T14:15:08,434.0,217.0
BMNR,2026-10-23,36,Call,24.5,BMNR261023C00024500,1.88,2.41,2.145,2.15,0.61,39.6104,11.0,76.0,0.785,0.5149,0.0719,0.03,-0.0303,0.0107,2.0024,2.1,2.16,2.1,1.54000002145767,down,2026-09-17T12:14:58,432.0,1020.0
BMNR,2026-10-23,36,Put,24.5,BMNR261023P00024500,2.23,2.73,2.48,2.0,0.0,0.0,0.0,111.0,0.7363,-0.4906,0.0727,0.0299,-0.0305,-0.0117,2.4832,0.0,0.0,0.0,3.39999997615814,down,2026-09-14T15:40:26,682.0,219.0
BMNR,2026-10-23,36,Call,25.0,BMNR261023C00025000,1.73,1.93,1.83,1.8,0.395,28.1139,282.0,1163.0,0.747,0.4807,0.0716,0.03,-0.0304,0.01,1.8099,1.74,2.11,1.74,1.40499997138977,down,2026-09-17T15:58:26,142.0,402.0
BMNR,2026-10-23,36,Put,25.0,BMNR261023P00025000,2.7,2.95,2.825,2.85,-1.0,-25.974,10.0,634.0,0.7518,-0.5251,0.0724,0.0299,-0.0305,-0.0125,2.7907,2.85,2.85,2.85,3.84999990463257,down,2026-09-17T15:49:20,595.0,192.0
BMNR,2026-10-23,36,Call,25.5,BMNR261023C00025500,1.45,2.02,1.7349999999999999,1.8,0.595,49.3776,3.0,112.0,0.7772,0.4478,0.0707,0.0297,-0.0304,0.0094,1.6359,1.85,2.0,1.8,1.20500004291534,down,2026-09-17T12:15:55,766.0,1147.0
BMNR,2026-10-23,36,Put,25.5,BMNR261023P00025500,2.84,3.35,3.0949999999999998,3.35,0.0,0.0,0.0,2.0,0.7366,-0.5585,0.0716,0.0296,-0.0303,-0.0131,3.1165,0.0,0.0,0.0,4.10000002384186,up,2026-09-15T14:34:01,277.0,180.0
BMNR,2026-10-23,36,Call,26.0,BMNR261023C00026000,1.37,1.58,1.475,1.71,0.6,54.0541,51.0,199.0,0.7468,0.4163,0.0693,0.0293,-0.0301,0.0088,1.4789,1.45,1.9,1.42,1.11000001430511,up,2026-09-17T14:22:03,787.0,87.0
BMNR,2026-10-23,36,Put,26.0,BMNR261023P00026000,3.3,3.65,3.4749999999999996,4.08,0.0,0.0,0.0,12.0,0.7533,-0.5904,0.0703,0.0292,-0.03,-0.0138,3.4598,0.0,0.0,0.0,4.55000019073486,up,2026-09-16T09:58:35,221.0,171.0
BMNR,2026-10-23,36,Call,26.5,BMNR261023C00026500,1.21,1.49,1.35,1.35,0.22,19.469,1.0,91.0,0.7572,0.3865,0.0675,0.0287,-0.0298,0.0082,1.3377,1.35,1.35,1.35,1.13000002503395,up,2026-09-17T11:31:06,612.0,196.0
BMNR,2026-10-23,36,Put,26.5,BMNR261023P00026500,3.5,4.05,3.775,4.3,0.0,0.0,0.0,4.0,0.7375,-0.6206,0.0686,0.0286,-0.0294,-0.0144,3.8188,0.0,0.0,0.0,4.89999985694885,up,2026-09-15T14:42:13,277.0,160.0
BMNR,2026-10-23,36,Call,27.0,BMNR261023C00027000,1.05,1.36,1.205,1.27,0.325,34.3915,27.0,144.0,0.756,0.3583,0.0654,0.0281,-0.0293,0.0076,1.211,1.31,1.41,1.27,0.944999992847443,down,2026-09-17T15:07:09,914.0,263.0
BMNR,2026-10-23,36,Put,27.0,BMNR261023P00027000,4.05,4.45,4.25,3.97,0.0,0.0,0.0,29.0,0.7787,-0.6492,0.0665,0.0278,-0.0288,-0.0149,4.1928,0.0,0.0,0.0,5.27499985694885,no_change,2026-09-08T13:46:19,186.0,139.0
BMNR,2026-10-23,36,Call,27.5,BMNR261023C00027500,0.96,1.19,1.075,1.16,0.325,38.9222,6.0,57.0,0.7556,0.332,0.0631,0.0272,-0.0286,0.0071,1.0974,1.23,1.23,1.14,0.83500000834465,up,2026-09-17T15:31:39,554.0,99.0
BMNR,2026-10-23,36,Put,27.5,BMNR261023P00027500,4.2,4.75,4.475,0.0,0.0,0.0,0.0,0.0,0.7246,-0.676,0.0642,0.0269,-0.0281,-0.0153,4.5796,0.0,0.0,0.0,5.75,no_change,,286.0,73.0
BMNR,2026-10-23,36,Call,28.0,BMNR261023C00028000,0.86,1.21,1.035,1.14,0.34,42.5,30.0,34.0,0.7847,0.3074,0.0606,0.0264,-0.0279,0.0066,0.9956,0.9,1.2,0.9,0.800000011920929,no_change,2026-09-17T14:03:51,393.0,884.0
BMNR,2026-10-23,36,Put,28.0,BMNR261023P00028000,4.6,5.2,4.9,0.0,0.0,0.0,0.0,0.0,0.7392,-0.701,0.0618,0.0259,-0.0272,-0.0155,4.9786,0.0,0.0,0.0,6.17500019073486,no_change,,307.0,150.0
BMNR,2026-10-23,36,Call,28.5,BMNR261023C00028500,0.72,1.0,0.86,0.94,0.13,16.0494,9.0,54.0,0.7585,0.2845,0.058,0.0255,-0.0272,0.0061,0.9045,0.92,1.06,0.92,0.810000002384186,down,2026-09-17T15:14:59,876.0,190.0
BMNR,2026-10-23,36,Put,28.5,BMNR261023P00028500,5.2,5.6,5.4,0.0,0.0,0.0,0.0,0.0,0.7808,-0.7242,0.0592,0.0251,-0.0263,-0.016,5.3883,0.0,0.0,0.0,6.59999990463257,no_change,,173.0,116.0
BMNR,2026-10-23,36,Call,29.0,BMNR261023C00029000,0.75,1.0,0.875,0.94,0.29,44.6154,2.0,56.0,0.8039,0.2634,0.0554,0.0245,-0.0264,0.0056,0.8229,0.95,0.95,0.94,0.649999991059303,down,2026-09-17T13:35:11,94.0,847.0
BMNR,2026-10-23,36,Put,29.0,BMNR261023P00029000,5.4,6.05,5.725,0.0,0.0,0.0,0.0,0.0,0.7476,-0.7458,0.0566,0.024,-0.0254,-0.0161,5.8076,0.0,0.0,0.0,7.09999990463257,no_change,,194.0,119.0
BMNR,2026-10-23,36,Call,29.5,BMNR261023C00029500,0.6,0.81,0.7050000000000001,0.56,0.0,0.0,0.0,26.0,0.7701,0.2438,0.0527,0.0235,-0.0255,0.0052,0.7498,0.0,0.0,0.0,0.540000006556511,down,2026-09-16T14:01:52,588.0,89.0
BMNR,2026-10-23,36,Put,29.5,BMNR261023P00029500,5.75,6.45,6.1,0.0,0.0,0.0,0.0,0.0,0.7281,-0.7657,0.054,0.0229,-0.0244,-0.0162,6.2358,0.0,0.0,0.0,7.42499995231628,no_change,,183.0,114.0
BMNR,2026-10-23,36,Call,30.0,BMNR261023C00030000,0.49,0.74,0.615,0.66,0.13,24.5283,50.0,230.0,0.765,0.2258,0.0501,0.0226,-0.0246,0.0048,0.6843,0.6,0.77,0.6,0.529999986290932,down,2026-09-17T15:36:16,1591.0,204.0
BMNR,2026-10-23,36,Put,30.0,BMNR261023P00030000,6.2,6.9,6.550000000000001,0.0,0.0,0.0,0.0,0.0,0.7387,-0.7842,0.0514,0.022,-0.0234,-0.0165,6.6713,0.0,0.0,0.0,7.625,no_change,,138.0,82.0
BMNR,2026-10-23,36,Call,31.0,BMNR261023C00031000,0.45,0.75,0.6,0.58,0.015,2.65487,21.0,26.0,0.8237,0.194,0.045,0.0206,-0.0229,0.0042,0.5728,0.67,0.72,0.58,0.564999997615814,down,2026-09-17T14:54:56,439.0,1021.0
BMNR,2026-10-23,36,Put,31.0,BMNR261023P00031000,6.95,7.9,7.425000000000001,0.0,0.0,0.0,0.0,0.0,0.7366,-0.8167,0.0464,0.0197,-0.0214,-0.0163,7.5625,0.0,0.0,0.0,8.70000004768372,no_change,,161.0,82.0
BMNR,2026-10-23,36,Call,32.0,BMNR261023C00032000,0.36,0.6,0.48,0.53,0.13,32.5,66.0,189.0,0.8236,0.1672,0.0402,0.0188,-0.0212,0.0036,0.4826,0.4,0.53,0.4,0.400000013411045,no_change,2026-09-17T13:34:16,1087.0,633.0
BMNR,2026-10-23,36,Put,32.0,BMNR261023P00032000,7.8,9.3,8.55,0.0,0.0,0.0,0.0,0.0,0.8658,-0.8443,0.0417,0.0178,-0.0194,-0.0165,8.4752,0.0,0.0,0.0,9.47499990463257,no_change,,171.0,88.0
BMNR,2026-10-23,36,Call,33.0,BMNR261023C00033000,0.31,0.56,0.43500000000000005,0.4,-0.015,-3.61446,21.0,46.0,0.8545,0.1445,0.0359,0.0171,-0.0195,0.0031,0.4094,0.37,0.4,0.37,0.41499999165535,up,2026-09-17T12:57:49,871.0,814.0
BMNR,2026-10-23,36,Put,33.0,BMNR261023P00033000,8.65,10.25,9.45,0.0,0.0,0.0,0.0,0.0,0.8673,-0.8677,0.0374,0.0158,-0.0175,-0.0159,9.4053,0.0,0.0,0.0,10.5249996185303,no_change,,100.0,81.0
BMNR,2026-10-23,36,Call,34.0,BMNR261023C00034000,0.28,0.4,0.34,0.39,0.13,50.0,35.0,320.0,0.848,0.1254,0.032,0.0155,-0.018,0.0027,0.3496,0.35,0.4,0.34,0.259999997913837,up,2026-09-17T14:12:42,806.0,240.0
BMNR,2026-10-23,36,Put,34.0,BMNR261023P00034000,9.65,11.2,10.425,0.0,0.0,0.0,0.0,0.0,0.9054,-0.8875,0.0336,0.0142,-0.0157,-0.0158,10.3487,0.0,0.0,0.0,11.375,no_change,,90.0,85.0
BMNR,2026-10-23,36,Call,35.0,BMNR261023C00035000,0.26,0.33,0.29500000000000004,0.26,-0.095,-26.7606,42.0,392.0,0.8649,0.1093,0.0285,0.014,-0.0165,0.0024,0.3004,0.3,0.39,0.26,0.354999996721745,down,2026-09-17T15:33:23,75.0,184.0
BMNR,2026-10-23,36,Put,35.0,BMNR261023P00035000,10.6,11.9,11.25,0.0,0.0,0.0,0.0,0.0,0.823,-0.9043,0.0301,0.0124,-0.014,-0.0149,11.3032,0.0,0.0,0.0,12.375,no_change,,29.0,20.0
BMNR,2026-10-23,36,Call,36.0,BMNR261023C00036000,0.09,0.32,0.20500000000000002,0.32,0.08,33.3333,22.0,36.0,0.8372,0.0957,0.0255,0.0127,-0.0152,0.0021,0.2596,0.26,0.42,0.25,0.239999999292195,up,2026-09-17T14:29:56,1536.0,318.0
BMNR,2026-10-23,36,Put,36.0,BMNR261023P00036000,11.45,13.35,12.399999999999999,0.0,0.0,0.0,0.0,0.0,0.9883,-0.9185,0.027,0.0112,-0.0124,-0.015,12.2662,0.0,0.0,0.0,13.3250002861023,no_change,,32.0,31.0
BMNR,2026-10-23,36,Call,37.0,BMNR261023C00037000,0.18,0.32,0.25,0.18,-0.045,-20.0,15.0,17.0,0.9182,0.084,0.0228,0.0116,-0.014,0.0018,0.2257,0.24,0.38,0.18,0.224999998696148,down,2026-09-17T14:26:24,184.0,685.0
BMNR,2026-10-23,36,Put,37.0,BMNR261023P00037000,12.45,14.35,13.399999999999999,0.0,0.0,0.0,0.0,0.0,1.0349,-0.9306,0.0242,0.0097,-0.0109,-0.0137,13.236,0.0,0.0,0.0,14.3000001907349,no_change,,59.0,27.0
BMNR,2026-10-23,36,Call,38.0,BMNR261023C00038000,0.11,0.35,0.22999999999999998,0.2,-0.015,-6.97674,7.0,4.0,0.9418,0.0741,0.0204,0.0105,-0.0129,0.0016,0.1973,0.37,0.37,0.2,0.21499999333173,down,2026-09-17T14:28:57,784.0,771.0
BMNR,2026-10-23,36,Put,38.0,BMNR261023P00038000,13.4,15.3,14.350000000000001,0.0,0.0,0.0,0.0,0.0,1.0419,-0.941,0.0216,0.0086,-0.0094,-0.0131,14.2119,0.0,0.0,0.0,15.0500001907349,no_change,,60.0,32.0
BMNR,2026-10-23,36,Call,39.0,BMNR261023C00039000,0.07,0.23,0.15000000000000002,0.18,-0.075,-29.4118,15.0,98.0,0.8996,0.0657,0.0183,0.0096,-0.0119,0.0014,0.1733,0.14,0.23,0.09,0.255000002682209,up,2026-09-17T14:48:09,1004.0,612.0
BMNR,2026-10-23,36,Put,39.0,BMNR261023P00039000,14.3,16.25,15.275,14.7,0.0,0.0,0.0,10.0,1.0187,-0.9498,0.0194,0.0077,-0.008,-0.0126,15.1916,0.0,0.0,0.0,16.2749996185303,no_change,2026-09-08T09:57:24,46.0,32.0
BMNR,2026-10-30,43,Call,15.0,BMNR261030C00015000,8.25,9.95,9.1,9.01,1.335,17.3941,2.0,0.0,0.6993,0.9626,0.0124,0.0072,-0.0023,0.0174,9.1894,9.01,9.01,9.01,7.67500019073486,up,2026-09-17T09:54:05,84.0,123.0
BMNR,2026-10-30,43,Put,15.0,BMNR261030P00015000,0.07,0.17,0.12000000000000001,0.13,-0.105,-44.6809,11.0,9.0,0.8509,-0.0414,0.0125,0.0073,-0.0071,-0.0013,0.1303,0.11,0.13,0.11,0.235000004060566,up,2026-09-17T12:46:36,127.0,313.0
BMNR,2026-10-30,43,Call,17.0,BMNR261030C00017000,6.4,8.1,7.25,0.0,0.0,0.0,0.0,0.0,0.7235,0.9208,0.0229,0.0126,-0.0078,0.0185,7.3503,0.0,0.0,0.0,5.92499995231628,no_change,,47.0,47.0
BMNR,2026-10-30,43,Put,17.0,BMNR261030P00017000,0.21,0.31,0.26,0.26,-0.14,-35.0,1.0,11.0,0.7949,-0.0835,0.023,0.0126,-0.0117,-0.0025,0.281,0.26,0.26,0.26,0.400000005960464,down,2026-09-17T15:20:32,227.0,194.0
BMNR,2026-10-30,43,Call,18.0,BMNR261030C00018000,5.6,7.2,6.4,5.7,0.0,0.0,0.0,3.0,0.7394,0.8897,0.0297,0.0159,-0.0111,0.0186,6.4783,0.0,0.0,0.0,5.14999985694885,down,2026-09-16T10:28:50,161.0,114.0
BMNR,2026-10-30,43,Put,18.0,BMNR261030P00018000,0.27,0.49,0.38,0.38,-0.21,-35.5932,1.0,37.0,0.7756,-0.1149,0.0299,0.0159,-0.0144,-0.0035,0.4043,0.38,0.38,0.38,0.589999973773956,down,2026-09-17T15:52:12,1084.0,865.0
BMNR,2026-10-30,43,Call,19.0,BMNR261030C00019000,4.9,6.35,5.625,6.5,0.0,0.0,0.0,5.0,0.7607,0.8507,0.0371,0.0194,-0.0144,0.0185,5.6508,0.0,0.0,0.0,4.42500019073486,down,2026-09-14T10:47:50,240.0,287.0
BMNR,2026-10-30,43,Put,19.0,BMNR261030P00019000,0.5,0.7,0.6,0.54,-0.345,-38.9831,21.0,44.0,0.7882,-0.1543,0.0374,0.0195,-0.0173,-0.0047,0.5725,0.61,0.61,0.54,0.884999990463257,down,2026-09-17T14:15:29,236.0,1002.0
BMNR,2026-10-30,43,Call,19.5,BMNR261030C00019500,4.7,5.8,5.25,0.0,0.0,0.0,0.0,0.0,0.7638,0.8281,0.041,0.0213,-0.0161,0.0183,5.2571,0.0,0.0,0.0,4.14999997615814,no_change,,195.0,292.0
BMNR,2026-10-30,43,Put,19.5,BMNR261030P00019500,0.58,0.72,0.6499999999999999,0.67,-0.42,-38.5321,9.0,2.0,0.7546,-0.177,0.0413,0.0213,-0.0187,-0.0054,0.6764,0.67,0.67,0.67,1.09000000357628,down,2026-09-17T10:14:03,1432.0,9.0
BMNR,2026-10-30,43,Call,20.0,BMNR261030C00020000,4.55,5.4,4.975,4.07,0.0,0.0,0.0,14.0,0.8027,0.8035,0.0448,0.023,-0.0178,0.018,4.8782,0.0,0.0,0.0,3.79999995231628,down,2026-09-16T12:03:01,184.0,104.0
BMNR,2026-10-30,43,Put,20.0,BMNR261030P00020000,0.75,0.96,0.855,0.75,-0.41,-35.3448,28.0,98.0,0.7865,-0.2018,0.0452,0.0231,-0.0201,-0.0061,0.796,0.8,0.86,0.75,1.16000002622604,down,2026-09-17T14:14:27,69.0,1097.0
BMNR,2026-10-30,43,Call,20.5,BMNR261030C00020500,4.2,4.9,4.550000000000001,3.45,0.0,0.0,0.0,50.0,0.7699,0.7771,0.0485,0.0248,-0.0194,0.0177,4.5157,0.0,0.0,0.0,3.57500004768372,up,2026-09-16T15:28:02,373.0,422.0
BMNR,2026-10-30,43,Put,20.5,BMNR261030P00020500,0.82,1.24,1.03,0.8,0.0,0.0,0.0,5.0,0.7953,-0.2284,0.0489,0.0249,-0.0215,-0.0069,0.9314,0.0,0.0,0.0,1.47499996423721,down,2026-09-14T13:35:10,339.0,944.0
BMNR,2026-10-30,43,Call,21.0,BMNR261030C00021000,3.9,4.55,4.225,4.52,1.355,42.812,3.0,4.0,0.7726,0.7491,0.0519,0.0264,-0.0209,0.0173,4.1702,4.56,4.56,4.52,3.16500008106232,down,2026-09-17T13:42:49,210.0,233.0
BMNR,2026-10-30,43,Put,21.0,BMNR261030P00021000,0.98,1.2,1.0899999999999999,1.7,0.0,0.0,0.0,148.0,0.7539,-0.2568,0.0525,0.0265,-0.0227,-0.0077,1.0848,0.0,0.0,0.0,1.64500004053116,up,2026-09-16T15:23:52,308.0,219.0
BMNR,2026-10-30,43,Call,21.5,BMNR261030C00021500,3.6,4.15,3.875,3.49,0.0,0.0,0.0,14.0,0.7602,0.7196,0.0551,0.0279,-0.0223,0.0168,3.843,0.0,0.0,0.0,3.01500010490418,down,2026-09-16T10:06:24,478.0,498.0
BMNR,2026-10-30,43,Put,21.5,BMNR261030P00021500,1.13,1.53,1.33,1.7,0.0,0.0,0.0,24.0,0.7752,-0.2866,0.0557,0.028,-0.0239,-0.0085,1.2558,0.0,0.0,0.0,1.89500004053116,down,2026-09-16T15:59:08,322.0,395.0
BMNR,2026-10-30,43,Call,22.0,BMNR261030C00022000,3.3,3.95,3.625,3.73,1.1,41.8251,5.0,27.0,0.7774,0.6889,0.0579,0.0292,-0.0235,0.0163,3.5344,3.96,3.96,3.68,2.62999999523163,up,2026-09-17T14:57:14,380.0,550.0
BMNR,2026-10-30,43,Put,22.0,BMNR261030P00022000,1.34,1.6,1.4700000000000002,1.5,-0.62,-29.2453,33.0,63.0,0.7545,-0.3177,0.0586,0.0293,-0.0249,-0.0094,1.4465,1.57,1.57,1.42,2.12000000476837,up,2026-09-17T15:38:44,918.0,160.0
BMNR,2026-10-30,43,Call,22.5,BMNR261030C00022500,3.05,3.6,3.325,3.53,0.99,38.9764,9.0,40.0,0.7713,0.6574,0.0603,0.0304,-0.0246,0.0157,3.2451,3.13,3.7,3.13,2.54000008106232,down,2026-09-17T13:35:03,347.0,805.0
BMNR,2026-10-30,43,Put,22.5,BMNR261030P00022500,1.54,1.98,1.76,1.71,-0.685,-28.6013,3.0,14.0,0.7793,-0.3496,0.061,0.0304,-0.0258,-0.0103,1.6556,1.92,1.92,1.71,2.3950001001358,down,2026-09-17T10:40:19,313.0,871.0
BMNR,2026-10-30,43,Call,23.0,BMNR261030C00023000,2.78,3.4,3.09,3.3,1.01,44.1048,2.0,15.0,0.7812,0.6253,0.0622,0.0313,-0.0256,0.015,2.9749,3.0,3.3,3.0,2.29000008106232,up,2026-09-17T13:35:03,366.0,883.0
BMNR,2026-10-30,43,Put,23.0,BMNR261030P00023000,1.78,2.09,1.935,1.86,-0.84,-31.1111,3.0,54.0,0.7603,-0.382,0.063,0.0313,-0.0265,-0.0112,1.8852,1.8,1.86,1.8,2.70000004768372,up,2026-09-17T13:23:40,810.0,222.0
BMNR,2026-10-30,43,Call,23.5,BMNR261030C00023500,2.52,3.1,2.81,3.04,0.995,48.6553,2.0,15.0,0.7714,0.593,0.0636,0.032,-0.0263,0.0144,2.7239,3.01,3.04,3.01,2.0450000166893,up,2026-09-17T14:15:22,298.0,520.0
BMNR,2026-10-30,43,Put,23.5,BMNR261030P00023500,2.02,2.36,2.19,2.05,-0.825,-28.6957,43.0,43.0,0.7623,-0.4147,0.0645,0.032,-0.027,-0.0121,2.1331,2.09,2.1,2.05,2.875,down,2026-09-17T13:24:19,834.0,201.0
BMNR,2026-10-30,43,Call,24.0,BMNR261030C00024000,2.25,2.61,2.4299999999999997,2.4,0.5,26.3158,76.0,26.0,0.7264,0.5609,0.0645,0.0325,-0.0269,0.0137,2.4917,2.55,2.9,2.4,1.89999997615814,down,2026-09-17T15:48:47,1036.0,147.0
BMNR,2026-10-30,43,Put,24.0,BMNR261030P00024000,2.3,2.57,2.4349999999999996,2.34,-0.985,-29.6241,1.0,10.0,0.7558,-0.4472,0.0654,0.0325,-0.0274,-0.0129,2.4012,2.34,2.34,2.34,3.32499992847443,down,2026-09-17T13:16:35,192.0,5.0
BMNR,2026-10-30,43,Call,24.5,BMNR261030C00024500,2.15,2.39,2.27,2.34,0.645,38.0531,6.0,46.0,0.7445,0.5292,0.0649,0.0328,-0.0273,0.013,2.2778,2.09,2.34,2.09,1.69499999284744,up,2026-09-17T10:37:01,137.0,121.0
BMNR,2026-10-30,43,Put,24.5,BMNR261030P00024500,2.47,2.99,2.7300000000000004,2.7,0.0,0.0,0.0,1.0,0.7601,-0.4794,0.0659,0.0327,-0.0275,-0.0139,2.6866,0.0,0.0,0.0,3.60000002384186,up,2026-09-15T09:34:10,246.0,160.0
BMNR,2026-10-30,43,Call,25.0,BMNR261030C00025000,1.88,2.37,2.125,2.1,0.54,34.6154,147.0,197.0,0.7623,0.4982,0.0649,0.0328,-0.0276,0.0123,2.0813,2.1,2.33,1.91,1.56000000238419,up,2026-09-17T15:15:50,744.0,928.0
BMNR,2026-10-30,43,Put,25.0,BMNR261030P00025000,2.89,3.2,3.045,3.65,0.0,0.0,0.0,23.0,0.7656,-0.5108,0.0659,0.0327,-0.0275,-0.0144,2.9907,0.0,0.0,0.0,4.0,up,2026-09-16T10:32:19,109.0,123.0
BMNR,2026-10-30,43,Call,25.5,BMNR261030C00025500,1.72,2.13,1.9249999999999998,2.1,0.53,33.758,1.0,24.0,0.7588,0.4681,0.0644,0.0327,-0.0277,0.0116,1.9014,2.1,2.1,2.1,1.56999999284744,down,2026-09-17T12:28:30,382.0,813.0
BMNR,2026-10-30,43,Put,25.5,BMNR261030P00025500,3.05,3.6,3.325,3.33,0.0,0.0,0.0,101.0,0.756,-0.5414,0.0655,0.0326,-0.0274,-0.0154,3.3108,0.0,0.0,0.0,4.34999990463257,no_change,2026-09-15T09:57:44,721.0,245.0
BMNR,2026-10-30,43,Call,26.0,BMNR261030C00026000,1.55,1.85,1.7000000000000002,1.75,0.425,32.0755,8.0,99.0,0.7432,0.4391,0.0636,0.0324,-0.0276,0.011,1.7373,1.86,2.01,1.75,1.32499998807907,down,2026-09-17T15:33:11,975.0,168.0
BMNR,2026-10-30,43,Put,26.0,BMNR261030P00026000,3.35,3.9,3.625,4.68,0.0,0.0,0.0,22.0,0.7479,-0.5709,0.0648,0.0321,-0.0271,-0.0158,3.6471,0.0,0.0,0.0,4.67499995231628,up,2026-09-16T13:37:34,258.0,133.0
BMNR,2026-10-30,43,Call,26.5,BMNR261030C00026500,1.4,1.97,1.685,1.6,0.315,24.5136,13.0,209.0,0.7887,0.4113,0.0624,0.032,-0.0274,0.0103,1.5876,1.76,1.76,1.6,1.28500002622604,down,2026-09-17T14:42:33,833.0,1057.0
BMNR,2026-10-30,43,Put,26.5,BMNR261030P00026500,3.9,4.3,4.1,0.0,0.0,0.0,0.0,0.0,0.7903,-0.5992,0.0636,0.0317,-0.0267,-0.0166,3.9985,0.0,0.0,0.0,5.15000009536743,no_change,,142.0,123.0
BMNR,2026-10-30,43,Call,27.0,BMNR261030C00027000,1.32,1.78,1.55,1.57,0.34,27.6423,3.0,86.0,0.7935,0.3849,0.061,0.0314,-0.0271,0.0097,1.4517,1.6,1.6,1.57,1.23000001907349,no_change,2026-09-17T12:16:27,308.0,914.0
BMNR,2026-10-30,43,Put,27.0,BMNR261030P00027000,4.05,4.65,4.35,0.0,0.0,0.0,0.0,0.0,0.7582,-0.6262,0.0623,0.0311,-0.0262,-0.0174,4.3628,0.0,0.0,0.0,5.55000019073486,no_change,,280.0,153.0
BMNR,2026-10-30,43,Call,27.5,BMNR261030C00027500,1.24,1.57,1.405,1.5,0.48,47.0588,17.0,117.0,0.7916,0.3598,0.0593,0.0308,-0.0267,0.0091,1.3281,1.29,1.5,1.24,1.02000001072884,up,2026-09-17T13:43:00,79.0,801.0
BMNR,2026-10-30,43,Put,27.5,BMNR261030P00027500,4.6,5.0,4.8,0.0,0.0,0.0,0.0,0.0,0.7861,-0.6517,0.0607,0.0303,-0.0255,-0.0175,4.7408,0.0,0.0,0.0,5.79999995231628,no_change,,137.0,112.0
BMNR,2026-10-30,43,Call,28.0,BMNR261030C00028000,1.07,1.38,1.225,1.3,0.36,38.2979,4.0,16.0,0.7742,0.3362,0.0575,0.03,-0.0262,0.0085,1.216,1.15,1.3,1.15,0.939999997615814,up,2026-09-17T14:34:27,263.0,731.0
BMNR,2026-10-30,43,Put,28.0,BMNR261030P00028000,4.8,5.35,5.074999999999999,0.0,0.0,0.0,0.0,0.0,0.7525,-0.6759,0.0589,0.0296,-0.0248,-0.0182,5.1298,0.0,0.0,0.0,6.29999995231628,no_change,,297.0,79.0
BMNR,2026-10-30,43,Call,28.5,BMNR261030C00028500,0.95,1.38,1.165,1.25,0.305,32.2751,54.0,141.0,0.7934,0.3139,0.0556,0.0291,-0.0257,0.008,1.1144,1.01,1.25,1.01,0.944999992847443,up,2026-09-17T12:53:27,438.0,840.0
BMNR,2026-10-30,43,Put,28.5,BMNR261030P00028500,5.1,5.8,5.449999999999999,0.0,0.0,0.0,0.0,0.0,0.748,-0.6986,0.057,0.0286,-0.024,-0.0185,5.529,0.0,0.0,0.0,6.72500014305115,no_change,,289.0,132.0
BMNR,2026-10-30,43,Call,29.0,BMNR261030C00029000,0.85,1.16,1.005,1.06,0.14,15.2174,9.0,129.0,0.775,0.2931,0.0535,0.0283,-0.0251,0.0075,1.0222,1.11,1.25,1.06,0.919999986886978,down,2026-09-17T15:20:32,1034.0,284.0
BMNR,2026-10-30,43,Put,29.0,BMNR261030P00029000,5.8,6.3,6.05,5.65,0.0,0.0,0.0,1.0,0.8211,-0.7199,0.055,0.0275,-0.0232,-0.0186,5.939,0.0,0.0,0.0,7.17499995231628,up,2026-09-10T09:59:53,171.0,121.0
BMNR,2026-10-30,43,Call,29.5,BMNR261030C00029500,0.81,1.11,0.9600000000000001,1.13,0.355,45.8064,22.0,15122.0,0.7942,0.2736,0.0514,0.0273,-0.0244,0.007,0.9387,1.02,1.13,1.0,0.775000020861626,no_change,2026-09-17T14:24:21,401.0,962.0
BMNR,2026-10-30,43,Put,29.5,BMNR261030P00029500,5.95,6.65,6.300000000000001,0.0,0.0,0.0,0.0,0.0,0.7647,-0.7399,0.0529,0.0267,-0.0223,-0.0191,6.357,0.0,0.0,0.0,7.625,no_change,,203.0,148.0
BMNR,2026-10-30,43,Call,30.0,BMNR261030C00030000,0.8,0.9,0.8500000000000001,0.85,0.18,26.8657,255.0,243.0,0.7868,0.2554,0.0493,0.0264,-0.0238,0.0065,0.8631,0.79,1.06,0.79,0.6700000166893,no_change,2026-09-17T15:59:50,42.0,20.0
BMNR,2026-10-30,43,Put,30.0,BMNR261030P00030000,6.3,7.05,6.675,0.0,0.0,0.0,0.0,0.0,0.7483,-0.7586,0.0509,0.0256,-0.0214,-0.0192,6.7826,0.0,0.0,0.0,8.04999995231628,no_change,,207.0,130.0
BMNR,2026-10-30,43,Call,31.0,BMNR261030C00031000,0.64,0.78,0.71,0.72,0.19,35.8491,3.0,27.0,0.7939,0.2228,0.0451,0.0245,-0.0224,0.0057,0.7321,0.73,0.85,0.72,0.530000001192093,down,2026-09-17T15:50:00,753.0,157.0
BMNR,2026-10-30,43,Put,31.0,BMNR261030P00031000,7.2,7.95,7.575,0.0,0.0,0.0,0.0,0.0,0.7675,-0.7921,0.0467,0.0235,-0.0195,-0.0194,7.6561,0.0,0.0,0.0,8.62499976158142,no_change,,164.0,87.0
BMNR,2026-10-30,43,Call,32.0,BMNR261030C00032000,0.44,0.7,0.57,0.68,0.095,16.2393,97.0,23.0,0.7901,0.1946,0.041,0.0226,-0.0209,0.005,0.6242,0.6,0.7,0.6,0.584999993443489,down,2026-09-17T12:48:19,1440.0,287.0
BMNR,2026-10-30,43,Put,32.0,BMNR261030P00032000,8.05,8.9,8.475000000000001,0.0,0.0,0.0,0.0,0.0,0.7768,-0.8213,0.0428,0.0212,-0.0176,-0.0192,8.5522,0.0,0.0,0.0,9.5750002861023,no_change,,148.0,88.0
BMNR,2026-10-30,43,Call,33.0,BMNR261030C00033000,0.48,0.7,0.59,0.6,0.055,10.0917,4.0,16.0,0.8525,0.1703,0.0372,0.0208,-0.0195,0.0044,0.5349,0.6,0.6,0.6,0.545000001788139,down,2026-09-17T13:19:34,188.0,404.0
BMNR,2026-10-30,43,Put,33.0,BMNR261030P00033000,8.8,10.35,9.575,0.0,0.0,0.0,0.0,0.0,0.8799,-0.8464,0.039,0.0194,-0.0157,-0.0189,9.4677,0.0,0.0,0.0,10.625,no_change,,178.0,88.0
BMNR,2026-10-30,43,Call,34.0,BMNR261030C00034000,0.43,0.5,0.46499999999999997,0.5,0.055,12.3596,85.0,68.0,0.8404,0.1495,0.0336,0.0191,-0.0182,0.0039,0.4608,0.46,0.5,0.46,0.444999992847443,no_change,2026-09-17T11:41:16,46.0,230.0
BMNR,2026-10-30,43,Put,34.0,BMNR261030P00034000,9.75,11.05,10.4,0.0,0.0,0.0,0.0,0.0,0.8391,-0.8682,0.0355,0.0172,-0.0139,-0.0185,10.3984,0.0,0.0,0.0,11.625,no_change,,102.0,92.0
BMNR,2026-10-30,43,Call,35.0,BMNR261030C00035000,0.24,0.5,0.37,0.38,-0.015,-3.79746,264.0,83.0,0.8331,0.1316,0.0304,0.0175,-0.0169,0.0034,0.3989,0.47,0.5,0.38,0.394999980926514,down,2026-09-17T15:45:58,1315.0,842.0
BMNR,2026-10-30,43,Put,35.0,BMNR261030P00035000,10.75,12.2,11.475,0.0,0.0,0.0,0.0,0.0,0.9292,-0.8869,0.0323,0.0156,-0.0121,-0.0181,11.342,0.0,0.0,0.0,12.5749998092651,no_change,,81.0,84.0
BMNR,2026-11-20,64,Call,3.0,BMNR261120C00003000,19.75,22.2,20.975,22.8,0.0,0.0,0.0,84.0,2.2037,1.0,0.0001,0.0002,0.0,0.0054,20.9483,0.0,0.0,0.0,20.0250005722046,down,2026-08-27T11:08:06,20.0,20.0
BMNR,2026-11-20,64,Put,3.0,BMNR261120P00003000,0.0,0.53,0.265,0.12,0.0,0.0,0.0,30.0,3.2535,-0.0004,0.0001,0.0002,-0.0002,0.0,0.0022,0.0,0.0,0.0,1.06500005722046,up,2026-08-14T11:09:46,0.0,7.0
BMNR,2026-11-20,64,Call,4.0,BMNR261120C00004000,18.75,21.25,20.0,13.94,0.0,0.0,0.0,1.0,2.0195,1.0,0.0002,0.0003,0.0,0.0072,19.9585,0.0,0.0,0.0,18.875,up,2026-08-05T11:41:37,20.0,20.0
BMNR,2026-11-20,64,Put,4.0,BMNR261120P00004000,0.0,0.31,0.155,0.07,0.0,0.0,0.0,7.0,2.482,-0.0009,0.0002,0.0003,-0.0003,0.0,0.0041,0.0,0.0,0.0,1.07000005245209,up,2026-07-23T11:02:18,0.0,828.0
BMNR,2026-11-20,64,Call,5.0,BMNR261120C00005000,17.95,20.25,19.1,20.5,0.0,0.0,0.0,35.0,2.1234,1.0,0.0004,0.0005,0.0,0.009,18.9696,0.0,0.0,0.0,17.5,up,2026-08-24T10:33:57,20.0,20.0
BMNR,2026-11-20,64,Put,5.0,BMNR261120P00005000,0.01,0.09,0.049999999999999996,0.03,0.0,0.0,0.0,1254.0,1.7935,-0.0015,0.0004,0.0005,-0.0005,-0.0001,0.0069,0.0,0.0,0.0,0.0300000002607703,no_change,2026-09-04T15:39:14,7.0,697.0
BMNR,2026-11-20,64,Call,6.0,BMNR261120C00006000,17.0,19.3,18.15,0.0,0.0,0.0,0.0,0.0,1.9825,0.9994,0.0006,0.0008,0.0,0.0108,17.9821,0.0,0.0,0.0,16.5500001907349,no_change,,20.0,20.0
BMNR,2026-11-20,64,Put,6.0,BMNR261120P00006000,0.0,0.31,0.155,0.07,0.0,0.0,0.0,7.0,1.9263,-0.0026,0.0006,0.0008,-0.0008,-0.0001,0.0112,0.0,0.0,0.0,0.375,no_change,2026-08-04T11:06:29,0.0,1126.0
BMNR,2026-11-20,64,Call,7.0,BMNR261120C00007000,16.0,18.25,17.125,10.85,0.0,0.0,0.0,3.0,1.7022,0.9979,0.001,0.0012,0.0,0.0125,16.9966,0.0,0.0,0.0,15.5500001907349,up,2026-08-04T12:34:44,5.0,20.0
BMNR,2026-11-20,64,Put,7.0,BMNR261120P00007000,0.0,0.12,0.06,0.06,-0.25,-80.6452,6.0,27.0,1.479,-0.004,0.001,0.0012,-0.0011,-0.0002,0.0174,0.06,0.06,0.06,0.310000007040799,no_change,2026-09-17T11:55:56,0.0,1416.0
BMNR,2026-11-20,64,Call,8.0,BMNR261120C00008000,15.0,17.3,16.15,10.0,0.0,0.0,0.0,19.0,1.5622,0.9957,0.0015,0.0018,0.0,0.0142,16.0138,0.0,0.0,0.0,14.7249999046326,no_change,2026-08-13T12:18:44,20.0,20.0
BMNR,2026-11-20,64,Put,8.0,BMNR261120P00008000,0.01,0.13,0.07,0.05,0.0,0.0,0.0,83.0,1.3434,-0.0062,0.0015,0.0018,-0.0015,-0.0003,0.0263,0.0,0.0,0.0,0.0550000006332994,down,2026-09-15T11:36:42,2.0,1225.0
BMNR,2026-11-20,64,Call,9.0,BMNR261120C00009000,14.05,16.3,15.175,17.4,0.0,0.0,0.0,56.0,1.4365,0.9926,0.0022,0.0025,0.0,0.0159,15.0346,0.0,0.0,0.0,13.6999998092651,up,2026-09-11T10:11:22,23.0,20.0
BMNR,2026-11-20,64,Put,9.0,BMNR261120P00009000,0.0,0.34,0.17,0.06,0.0,0.0,0.0,454.0,1.4206,-0.0093,0.0023,0.0025,-0.0021,-0.0004,0.0389,0.0,0.0,0.0,0.340000003576279,up,2026-09-08T09:47:53,0.0,2160.0
BMNR,2026-11-20,64,Call,10.0,BMNR261120C00010000,13.35,15.05,14.2,14.42,1.845,14.672,2.0,285.0,1.3216,0.9884,0.0033,0.0035,0.0,0.0175,14.0605,14.42,14.42,14.42,12.5749998092651,up,2026-09-17T13:54:44,1191.0,9.0
BMNR,2026-11-20,64,Put,10.0,BMNR261120P00010000,0.05,0.08,0.065,0.05,0.0,0.0,0.0,5066.0,1.0767,-0.0136,0.0033,0.0035,-0.0028,-0.0006,0.0565,0.0,0.0,0.0,0.0700000021606684,down,2026-09-14T13:23:51,100.0,34.0
BMNR,2026-11-20,64,Call,11.0,BMNR261120C00011000,12.1,14.35,13.225,11.85,0.0,0.0,0.0,56.0,1.2155,0.9825,0.0047,0.0047,0.0,0.019,13.0932,0.0,0.0,0.0,11.6500000953674,down,2026-08-21T15:31:04,5.0,20.0
BMNR,2026-11-20,64,Put,11.0,BMNR261120P00011000,0.0,0.18,0.09,0.05,0.0,0.0,0.0,472.0,1.0254,-0.0195,0.0047,0.0047,-0.0036,-0.0009,0.081,0.0,0.0,0.0,0.324999988079071,down,2026-09-14T09:59:29,0.0,1513.0
BMNR,2026-11-20,64,Call,12.0,BMNR261120C00012000,11.35,12.95,12.149999999999999,12.45,0.0,0.0,0.0,239.0,0.9888,0.9746,0.0065,0.0063,-0.0003,0.0204,12.135,0.0,0.0,0.0,10.6750001907349,up,2026-09-15T13:34:32,1517.0,953.0
BMNR,2026-11-20,64,Put,12.0,BMNR261120P00012000,0.02,0.2,0.11,0.1,0.0,0.0,0.0,1425.0,0.9579,-0.0274,0.0065,0.0063,-0.0046,-0.0013,0.1146,0.0,0.0,0.0,0.370000009424984,up,2026-09-14T10:45:59,1155.0,1251.0
BMNR,2026-11-20,64,Call,13.0,BMNR261120C00013000,10.65,12.0,11.325,11.69,0.0,0.0,0.0,1542.0,1.0701,0.9641,0.0088,0.0083,-0.0019,0.0217,11.1889,0.0,0.0,0.0,9.27500009536743,no_change,2026-09-15T11:45:49,1775.0,1125.0
BMNR,2026-11-20,64,Put,13.0,BMNR261120P00013000,0.06,0.24,0.15,0.06,-0.095,-61.2903,5.0,3394.0,0.9158,-0.038,0.0089,0.0083,-0.0058,-0.0018,0.1605,0.06,0.06,0.06,0.155000001192093,down,2026-09-17T10:23:07,1292.0,2145.0
BMNR,2026-11-20,64,Call,14.0,BMNR261120C00014000,9.45,11.05,10.25,11.8,0.0,0.0,0.0,576.0,0.888,0.9504,0.0118,0.0106,-0.0036,0.0228,10.2589,0.0,0.0,0.0,8.82500004768372,down,2026-09-03T14:10:21,1676.0,1022.0
BMNR,2026-11-20,64,Put,14.0,BMNR261120P00014000,0.15,0.25,0.2,0.2,-0.03,-13.0435,7.0,6176.0,0.8747,-0.0518,0.0118,0.0106,-0.0073,-0.0025,0.2225,0.23,0.23,0.2,0.230000004172325,down,2026-09-17T10:09:42,133.0,939.0
BMNR,2026-11-20,64,Call,15.0,BMNR261120C00015000,8.8,10.0,9.4,8.85,0.625,7.59879,15.0,3239.0,0.9051,0.9327,0.0153,0.0133,-0.0056,0.0237,9.3496,9.27,9.27,8.85,8.22499990463257,down,2026-09-17T11:26:30,1819.0,1217.0
BMNR,2026-11-20,64,Put,15.0,BMNR261120P00015000,0.25,0.31,0.28,0.26,-0.07,-21.2121,31.0,5760.0,0.8489,-0.0695,0.0154,0.0134,-0.0089,-0.0033,0.3052,0.32,0.32,0.26,0.329999998211861,no_change,2026-09-17T14:32:05,15.0,463.0
BMNR,2026-11-20,64,Call,16.0,BMNR261120C00016000,7.6,9.15,8.375,8.52,1.445,20.424,100.0,1223.0,0.7848,0.9106,0.0194,0.0165,-0.0077,0.0244,8.4667,8.52,8.52,8.52,7.07500004768372,no_change,2026-09-17T10:43:59,1867.0,1230.0
BMNR,2026-11-20,64,Put,16.0,BMNR261120P00016000,0.35,0.53,0.44,0.4,-0.185,-31.6239,2.0,1906.0,0.8591,-0.0917,0.0195,0.0165,-0.0107,-0.0044,0.4145,0.4,0.4,0.4,0.58500000834465,no_change,2026-09-17T09:56:22,71.0,1492.0
BMNR,2026-11-20,64,Call,17.0,BMNR261120C00017000,7.15,8.2,7.675,8.0,1.8,29.0323,10.0,1397.0,0.8518,0.8834,0.024,0.0199,-0.01,0.0247,7.6166,8.0,8.0,8.0,6.20000004768372,up,2026-09-17T13:00:52,1742.0,1286.0
BMNR,2026-11-20,64,Put,17.0,BMNR261120P00017000,0.48,0.53,0.505,0.59,-0.2,-25.3165,7.0,3997.0,0.7961,-0.1191,0.0242,0.0199,-0.0126,-0.0057,0.557,0.58,0.59,0.58,0.78999999165535,up,2026-09-17T10:22:13,984.0,2.0
BMNR,2026-11-20,64,Call,18.0,BMNR261120C00018000,6.55,7.15,6.85,6.97,1.32,23.3628,4.0,2506.0,0.8238,0.8509,0.029,0.0235,-0.0123,0.0248,6.8064,6.72,6.97,6.56,5.65000009536743,up,2026-09-17T12:24:43,1139.0,990.0
BMNR,2026-11-20,64,Put,18.0,BMNR261120P00018000,0.66,0.78,0.72,0.69,-0.22,-24.1758,4.0,5433.0,0.797,-0.1519,0.0292,0.0236,-0.0146,-0.0072,0.7396,0.73,0.79,0.69,0.909999966621399,down,2026-09-17T12:48:28,1094.0,281.0
BMNR,2026-11-20,64,Call,19.0,BMNR261120C00019000,5.8,6.65,6.225,4.97,0.0,0.0,0.0,2854.0,0.8573,0.8131,0.034,0.0271,-0.0146,0.0245,6.0432,0.0,0.0,0.0,4.94999980926514,down,2026-09-16T15:21:58,1173.0,1228.0
BMNR,2026-11-20,64,Put,19.0,BMNR261120P00019000,0.84,1.13,0.9849999999999999,0.94,-0.325,-25.6917,16.0,6003.0,0.797,-0.19,0.0343,0.0272,-0.0165,-0.009,0.9695,1.05,1.05,0.91,1.26499998569489,no_change,2026-09-17T15:41:29,1502.0,1008.0
BMNR,2026-11-20,64,Call,20.0,BMNR261120C00020000,5.15,5.65,5.4,5.7,1.3,29.5455,71.0,8496.0,0.8023,0.7704,0.0389,0.0306,-0.0167,0.024,5.3335,5.27,5.73,5.23,4.40000009536743,no_change,2026-09-17T14:16:14,977.0,996.0
BMNR,2026-11-20,64,Put,20.0,BMNR261120P00020000,1.2,1.3,1.25,1.23,-0.41,-25.0,330.0,2939.0,0.7795,-0.2331,0.0393,0.0307,-0.0183,-0.0109,1.2533,1.42,1.43,1.13,1.63999998569489,no_change,2026-09-17T15:45:36,253.0,59.0
BMNR,2026-11-20,64,Call,21.0,BMNR261120C00021000,4.45,5.0,4.725,5.05,1.3,34.6667,5.0,2684.0,0.7855,0.7236,0.0433,0.0336,-0.0187,0.0231,4.6825,4.5,5.17,4.5,3.75,down,2026-09-17T13:52:11,1296.0,1033.0
BMNR,2026-11-20,64,Put,21.0,BMNR261120P00021000,1.48,1.74,1.6099999999999999,1.63,-0.44,-21.256,72.0,1481.0,0.777,-0.2803,0.0437,0.0337,-0.02,-0.0131,1.5962,1.69,1.69,1.63,2.0699999332428,down,2026-09-17T12:15:42,1096.0,332.0
BMNR,2026-11-20,64,Call,22.0,BMNR261120C00022000,3.95,4.3,4.125,4.27,0.92,27.4627,55.0,5949.0,0.7768,0.6741,0.0469,0.0362,-0.0203,0.022,4.0933,3.85,4.27,3.85,3.35000002384186,up,2026-09-17T12:40:15,829.0,832.0
BMNR,2026-11-20,64,Put,22.0,BMNR261120P00022000,1.95,2.11,2.03,2.0,-0.575,-22.3301,167.0,3073.0,0.7758,-0.3304,0.0474,0.0363,-0.0213,-0.0154,2.0018,2.27,2.27,1.9,2.57499992847443,up,2026-09-17T15:34:48,305.0,98.0
BMNR,2026-11-20,64,Call,23.0,BMNR261120C00023000,3.45,3.7,3.575,3.6,0.68,23.2877,73.0,2035.0,0.7614,0.623,0.0495,0.0381,-0.0216,0.0207,3.5671,3.31,3.89,3.31,2.91999995708466,up,2026-09-17T15:59:29,815.0,354.0
BMNR,2026-11-20,64,Put,23.0,BMNR261120P00023000,2.3,2.59,2.445,2.45,-0.65,-20.9677,72.0,2079.0,0.759,-0.382,0.0502,0.0382,-0.0223,-0.0177,2.4709,2.75,2.75,2.41,3.10000002384186,no_change,2026-09-17T12:40:24,1692.0,213.0
BMNR,2026-11-20,64,Call,24.0,BMNR261120C00024000,3.0,3.35,3.175,3.06,0.535,21.1881,1629.0,2414.0,0.7843,0.572,0.0511,0.0394,-0.0225,0.0193,3.1025,2.97,3.6,2.88,2.52499997615814,down,2026-09-17T15:48:14,923.0,1093.0
BMNR,2026-11-20,64,Put,24.0,BMNR261120P00024000,2.95,3.15,3.05,3.05,-0.7,-18.6667,183.0,925.0,0.7779,-0.4338,0.0519,0.0394,-0.0229,-0.0199,3.0024,3.3,3.35,2.88,3.75,up,2026-09-17T15:40:05,584.0,261.0
BMNR,2026-11-20,64,Call,25.0,BMNR261120C00025000,2.64,2.79,2.715,2.68,0.48,21.8182,512.0,13971.0,0.7724,0.5221,0.0517,0.0399,-0.023,0.0179,2.6965,2.56,3.18,2.56,2.20000004768372,down,2026-09-17T15:59:12,154.0,141.0
BMNR,2026-11-20,64,Put,25.0,BMNR261120P00025000,3.55,3.75,3.65,3.5,-0.9,-20.4545,250.0,1428.0,0.7821,-0.4844,0.0526,0.0399,-0.0231,-0.022,3.5929,3.91,3.97,3.45,4.39999985694885,up,2026-09-17T14:28:46,396.0,298.0
BMNR,2026-11-20,64,Call,26.0,BMNR261120C00026000,2.29,2.43,2.3600000000000003,2.37,0.465,24.4094,118.0,3980.0,0.7753,0.4745,0.0514,0.0399,-0.0232,0.0164,2.3442,2.22,2.8,2.22,1.90500003099442,up,2026-09-17T15:47:02,121.0,156.0
BMNR,2026-11-20,64,Put,26.0,BMNR261120P00026000,4.1,4.4,4.25,4.1,-1.0,-19.6078,39.0,696.0,0.7744,-0.5329,0.0524,0.0398,-0.023,-0.024,4.2382,4.35,4.35,4.1,5.10000014305115,no_change,2026-09-17T13:57:44,1225.0,241.0
BMNR,2026-11-20,64,Call,27.0,BMNR261120C00027000,2.0,2.15,2.075,2.1,0.4,23.5294,59.0,2475.0,0.7851,0.4298,0.0504,0.0394,-0.0232,0.015,2.0405,1.95,2.35,1.87,1.69999998807907,down,2026-09-17T15:26:19,2.0,376.0
BMNR,2026-11-20,64,Put,27.0,BMNR261120P00027000,4.8,5.1,4.949999999999999,5.8,0.0,0.0,0.0,768.0,0.7807,-0.5784,0.0514,0.0391,-0.0226,-0.0256,4.9328,0.0,0.0,0.0,6.02500009536743,up,2026-09-16T12:33:09,799.0,164.0
BMNR,2026-11-20,64,Call,28.0,BMNR261120C00028000,1.72,2.04,1.88,1.87,0.43,29.8611,191.0,1748.0,0.8084,0.3884,0.0488,0.0384,-0.0228,0.0137,1.7798,1.83,2.09,1.69,1.43999999761581,up,2026-09-17T15:35:04,195.0,1108.0
BMNR,2026-11-20,64,Put,28.0,BMNR261120P00028000,5.5,5.8,5.65,5.67,-1.18,-17.2263,1.0,135.0,0.7769,-0.6206,0.0499,0.038,-0.022,-0.0271,5.6706,5.67,5.67,5.67,6.84999990463257,down,2026-09-17T15:55:19,917.0,84.0
BMNR,2026-11-20,64,Call,29.0,BMNR261120C00029000,1.48,1.81,1.645,1.66,0.39,30.7087,12.0,2424.0,0.813,0.3506,0.0468,0.0371,-0.0223,0.0124,1.5562,1.61,1.88,1.61,1.26999998092651,up,2026-09-17T12:14:08,315.0,1161.0
BMNR,2026-11-20,64,Put,29.0,BMNR261120P00029000,6.3,6.65,6.475,6.33,-1.32,-17.2549,5.0,131.0,0.7969,-0.6593,0.048,0.0366,-0.0212,-0.0284,6.4466,6.33,6.33,6.33,7.65000009536743,down,2026-09-17T14:00:03,802.0,151.0
BMNR,2026-11-20,64,Call,30.0,BMNR261120C00030000,1.31,1.4,1.355,1.32,0.13,10.9244,304.0,12021.0,0.7939,0.3163,0.0445,0.0356,-0.0216,0.0113,1.3648,1.28,1.77,1.28,1.18999999761581,down,2026-09-17T15:56:46,165.0,104.0
BMNR,2026-11-20,64,Put,30.0,BMNR261120P00030000,7.1,7.5,7.3,7.17,-1.28,-15.1479,4.0,1172.0,0.8095,-0.6945,0.0458,0.0349,-0.0202,-0.0293,7.255,7.27,7.45,7.17,8.44999980926514,down,2026-09-17T12:18:57,892.0,739.0
BMNR,2026-11-20,64,Call,31.0,BMNR261120C00031000,1.03,1.43,1.23,1.24,0.225,22.1675,94.0,1239.0,0.8132,0.2855,0.042,0.034,-0.0209,0.0102,1.2007,1.13,1.49,1.13,1.01499998569489,no_change,2026-09-17T11:39:59,1578.0,1015.0
BMNR,2026-11-20,64,Put,31.0,BMNR261120P00031000,7.8,8.35,8.075,7.3,0.0,0.0,0.0,128.0,0.7995,-0.7262,0.0434,0.0332,-0.0191,-0.0301,8.0917,0.0,0.0,0.0,9.32499980926514,no_change,2026-09-03T10:33:54,859.0,248.0
BMNR,2026-11-20,64,Call,32.0,BMNR261120C00032000,0.91,1.26,1.085,0.91,0.04,4.5977,432.0,830.0,0.8206,0.2578,0.0395,0.0323,-0.0201,0.0092,1.06,1.1,1.28,0.91,0.870000004768372,down,2026-09-17T15:54:57,1478.0,1138.0
BMNR,2026-11-20,64,Put,32.0,BMNR261120P00032000,8.55,9.1,8.825,14.75,0.0,0.0,0.0,22.0,0.7712,-0.7548,0.041,0.0313,-0.018,-0.0306,8.9518,0.0,0.0,0.0,10.1999998092651,down,2026-08-04T12:39:34,534.0,120.0
BMNR,2026-11-20,64,Call,33.0,BMNR261120C00033000,0.83,1.08,0.9550000000000001,0.92,0.145,18.7097,33.0,1506.0,0.8267,0.2331,0.037,0.0306,-0.0192,0.0084,0.939,1.11,1.11,0.92,0.775000005960464,down,2026-09-17T15:59:23,1285.0,1249.0
BMNR,2026-11-20,64,Put,33.0,BMNR261120P00033000,9.45,10.05,9.75,8.77,0.0,0.0,0.0,114.0,0.7928,-0.7804,0.0386,0.0294,-0.0168,-0.0308,9.8325,0.0,0.0,0.0,11.1750001907349,down,2026-09-14T13:16:25,773.0,104.0
BMNR,2026-11-20,64,Call,34.0,BMNR261120C00034000,0.73,0.89,0.81,0.85,0.2,30.7692,103.0,739.0,0.8215,0.211,0.0346,0.0289,-0.0183,0.0076,0.8347,0.94,0.94,0.85,0.649999976158142,down,2026-09-17T15:55:32,1334.0,222.0
BMNR,2026-11-20,64,Put,34.0,BMNR261120P00034000,10.3,10.9,10.600000000000001,11.3,0.0,0.0,0.0,6.0,0.7808,-0.8033,0.0362,0.0275,-0.0157,-0.0307,10.7298,0.0,0.0,0.0,12.1999998092651,up,2026-09-16T10:57:41,272.0,97.0
BMNR,2026-11-20,64,Call,35.0,BMNR261120C00035000,0.68,0.78,0.73,0.68,0.05,7.9365,314.0,7420.0,0.8336,0.1914,0.0323,0.0273,-0.0175,0.0069,0.7445,0.75,0.87,0.68,0.630000025033951,down,2026-09-17T15:58:00,830.0,135.0
BMNR,2026-11-20,64,Put,35.0,BMNR261120P00035000,11.3,11.95,11.625,12.75,0.0,0.0,0.0,186.0,0.8322,-0.8238,0.0339,0.0256,-0.0145,-0.0309,11.6422,0.0,0.0,0.0,12.625,up,2026-09-16T12:28:27,836.0,169.0
BMNR,2026-11-20,64,Call,36.0,BMNR261120C00036000,0.61,0.87,0.74,0.77,0.18,30.5085,29.0,835.0,0.8761,0.1739,0.0301,0.0256,-0.0166,0.0063,0.6664,0.75,0.77,0.75,0.590000003576279,up,2026-09-17T14:24:04,722.0,1477.0
BMNR,2026-11-20,64,Put,36.0,BMNR261120P00036000,11.95,13.3,12.625,11.0,0.0,0.0,0.0,27.0,0.872,-0.8422,0.0318,0.0239,-0.0133,-0.0308,12.5666,0.0,0.0,0.0,13.5750002861023,down,2026-08-27T11:53:44,274.0,169.0
BMNR,2026-11-20,64,Call,37.0,BMNR261120C00037000,0.5,0.66,0.5800000000000001,0.6,0.115,23.7113,6.0,2906.0,0.8489,0.1583,0.028,0.0242,-0.0158,0.0057,0.5984,0.7,0.8,0.6,0.484999999403954,no_change,2026-09-17T15:46:22,1803.0,432.0
BMNR,2026-11-20,64,Put,37.0,BMNR261120P00037000,12.8,14.3,13.55,18.4,0.0,0.0,0.0,86.0,0.8784,-0.8587,0.0298,0.022,-0.0122,-0.0301,13.5015,0.0,0.0,0.0,14.9500002861023,up,2026-08-18T10:11:34,670.0,558.0
BMNR,2026-11-20,64,Call,38.0,BMNR261120C00038000,0.5,0.62,0.56,0.49,0.035,7.69231,571.0,10463.0,0.8747,0.1444,0.0261,0.0227,-0.015,0.0052,0.5391,0.5,0.62,0.49,0.454999998211861,no_change,2026-09-17T15:59:18,87.0,880.0
BMNR,2026-11-20,64,Put,38.0,BMNR261120P00038000,13.75,15.0,14.375,14.3,-1.15,-7.44336,21.0,112.0,0.8289,-0.8733,0.0279,0.0205,-0.0111,-0.0296,14.4454,14.3,14.3,14.3,15.4499998092651,no_change,2026-09-17T10:26:16,889.0,557.0
BMNR,2026-11-20,64,Call,39.0,BMNR261120C00039000,0.44,0.49,0.46499999999999997,0.49,0.11,28.9474,298.0,215.0,0.8636,0.1319,0.0243,0.0213,-0.0142,0.0048,0.4871,0.5,0.71,0.45,0.379999995231628,down,2026-09-17T14:52:31,672.0,2.0
BMNR,2026-11-20,64,Put,39.0,BMNR261120P00039000,14.75,15.9,15.325,0.0,0.0,0.0,0.0,0.0,0.8331,-0.8866,0.0261,0.0189,-0.01,-0.0291,15.397,0.0,0.0,0.0,16.4250001907349,no_change,,233.0,129.0
BMNR,2027-01-15,120,Call,3.0,BMNR270115C00003000,19.75,22.3,21.025,20.12,0.0,0.0,0.0,102.0,1.545,1.0,0.0002,0.0006,0.0,0.0099,21.0127,0.0,0.0,0.0,19.5,down,2026-09-02T13:03:24,1.0,1.0
BMNR,2027-01-15,120,Put,3.0,BMNR270115P00003000,0.0,0.05,0.025,0.01,0.0,0.0,0.0,947.0,1.5854,-0.0012,0.0002,0.0006,-0.0003,-0.0001,0.0081,0.0,0.0,0.0,0.00499999988824129,down,2026-08-27T10:52:31,0.0,1.0
BMNR,2027-01-15,120,Call,5.0,BMNR270115C00005000,18.0,20.2,19.1,21.22,0.0,0.0,0.0,125.0,1.3684,0.999,0.0008,0.0018,0.0,0.0163,19.0636,0.0,0.0,0.0,17.5250005722046,up,2026-09-11T11:05:19,928.0,10.0
BMNR,2027-01-15,120,Put,5.0,BMNR270115P00005000,0.01,0.12,0.065,0.02,0.0,0.0,0.0,2344.0,1.3706,-0.0044,0.0008,0.0018,-0.0009,-0.0004,0.0278,0.0,0.0,0.0,0.0550000006332994,down,2026-09-14T15:43:21,100.0,1704.0
BMNR,2027-01-15,120,Call,10.0,BMNR270115C00010000,13.6,14.95,14.274999999999999,14.07,1.22,9.49416,7.0,1729.0,0.9352,0.9724,0.0052,0.0096,-0.0011,0.0303,14.3107,13.7,14.25,13.7,12.8500003814697,down,2026-09-17T11:07:55,2081.0,1384.0
BMNR,2027-01-15,120,Put,10.0,BMNR270115P00010000,0.16,0.42,0.29,0.16,-0.19,-54.2857,25.0,7852.0,1.0617,-0.0314,0.0053,0.0097,-0.0038,-0.003,0.1983,0.16,0.17,0.16,0.349999994039536,down,2026-09-17T10:58:52,10.0,1506.0
BMNR,2027-01-15,120,Call,12.0,BMNR270115C00012000,11.8,13.1,12.45,12.69,1.69,15.3636,1.0,260.0,0.8817,0.9491,0.0088,0.0152,-0.0033,0.0345,12.4989,12.69,12.69,12.69,11.0,down,2026-09-17T10:18:59,1736.0,1141.0
BMNR,2027-01-15,120,Put,12.0,BMNR270115P00012000,0.23,0.39,0.31,0.36,0.0,0.0,0.0,3463.0,0.8838,-0.0548,0.0088,0.0152,-0.0057,-0.0052,0.3564,0.0,0.0,0.0,0.300000004470348,up,2026-09-16T15:29:12,1295.0,1042.0
BMNR,2027-01-15,120,Call,13.0,BMNR270115C00013000,10.8,12.35,11.575,8.75,0.0,0.0,0.0,894.0,0.8636,0.9338,0.011,0.0184,-0.0046,0.0363,11.623,0.0,0.0,0.0,10.5500001907349,down,2026-09-16T15:13:36,1990.0,1289.0
BMNR,2027-01-15,120,Put,13.0,BMNR270115P00013000,0.31,0.52,0.41500000000000004,0.34,-0.155,-31.3131,6.0,3121.0,0.8623,-0.0703,0.0111,0.0185,-0.0067,-0.0066,0.4658,0.34,0.34,0.34,0.495000004768372,down,2026-09-17T13:53:09,1636.0,1428.0
BMNR,2027-01-15,120,Call,14.0,BMNR270115C00014000,10.2,11.6,10.899999999999999,10.4,0.0,0.0,0.0,677.0,0.9252,0.9157,0.0134,0.0219,-0.0058,0.0377,10.7718,0.0,0.0,0.0,9.29999995231628,down,2026-09-15T15:55:10,2059.0,1386.0
BMNR,2027-01-15,120,Put,14.0,BMNR270115P00014000,0.45,0.72,0.585,0.55,-0.1,-15.3846,1.0,1409.0,0.8617,-0.0886,0.0135,0.022,-0.0078,-0.0084,0.6,0.55,0.55,0.55,0.650000005960464,down,2026-09-17T15:02:46,1587.0,1953.0
BMNR,2027-01-15,120,Call,15.0,BMNR270115C00015000,9.6,10.15,9.875,9.9,1.475,17.5074,13.0,5886.0,0.8196,0.8947,0.016,0.0256,-0.0071,0.0388,9.949,9.36,10.15,9.36,8.42500019073486,down,2026-09-17T14:39:40,1347.0,1011.0
BMNR,2027-01-15,120,Put,15.0,BMNR270115P00015000,0.63,0.91,0.77,0.68,-0.18,-20.9302,15.0,6514.0,0.8518,-0.1098,0.0162,0.0258,-0.009,-0.0103,0.763,0.7,0.7,0.68,0.860000014305115,down,2026-09-17T15:28:10,1299.0,2078.0
BMNR,2027-01-15,120,Call,16.0,BMNR270115C00016000,8.6,9.7,9.149999999999999,9.27,1.545,20.0,18.0,1556.0,0.8293,0.8707,0.0188,0.0295,-0.0084,0.0395,9.1582,9.4,9.4,9.27,7.72500014305115,no_change,2026-09-17T12:37:19,2057.0,1467.0
BMNR,2027-01-15,120,Put,16.0,BMNR270115P00016000,0.85,1.03,0.94,0.89,-0.275,-23.6052,3.0,5138.0,0.8259,-0.134,0.019,0.0297,-0.0101,-0.0126,0.9585,0.97,0.97,0.89,1.16500002145767,down,2026-09-17T14:48:03,311.0,1150.0
BMNR,2027-01-15,120,Call,17.0,BMNR270115C00017000,8.05,8.95,8.5,8.13,1.08,15.3191,21.0,2183.0,0.8463,0.8439,0.0216,0.0334,-0.0098,0.0399,8.4033,8.13,8.13,8.13,7.04999995231628,up,2026-09-17T11:34:17,1451.0,1440.0
BMNR,2027-01-15,120,Put,17.0,BMNR270115P00017000,1.05,1.37,1.21,1.11,-0.28,-20.1439,17.0,1529.0,0.8235,-0.1612,0.0219,0.0335,-0.0112,-0.0151,1.19,1.22,1.22,1.11,1.38999998569489,down,2026-09-17T14:44:59,1336.0,1506.0
BMNR,2027-01-15,120,Call,18.0,BMNR270115C00018000,7.35,7.9,7.625,7.89,1.365,20.9195,41.0,7612.0,0.7882,0.8143,0.0245,0.0372,-0.011,0.0399,7.6875,7.2,8.2,7.2,6.52500009536743,down,2026-09-17T14:30:46,1594.0,1092.0
BMNR,2027-01-15,120,Put,18.0,BMNR270115P00018000,1.36,1.47,1.415,1.44,-0.27,-15.7895,57.0,15988.0,0.7926,-0.1911,0.0248,0.0374,-0.0123,-0.0179,1.4614,1.52,1.52,1.36,1.70999997854233,up,2026-09-17T15:00:55,1145.0,74.0
BMNR,2027-01-15,120,Call,19.0,BMNR270115C00019000,6.65,7.35,7.0,6.95,1.05,17.7966,1.0,4414.0,0.7913,0.7824,0.0272,0.0408,-0.0122,0.0396,7.0138,6.95,6.95,6.95,5.90000009536743,up,2026-09-17T10:08:12,2158.0,1330.0
BMNR,2027-01-15,120,Put,19.0,BMNR270115P00019000,1.53,1.85,1.69,1.67,-0.415,-19.9041,25.0,4084.0,0.7738,-0.2235,0.0276,0.041,-0.0134,-0.0208,1.7754,1.75,1.77,1.67,2.08499991893768,down,2026-09-17T14:09:07,2229.0,271.0
BMNR,2027-01-15,120,Call,20.0,BMNR270115C00020000,6.15,6.5,6.325,6.41,1.01,18.7037,92.0,18793.0,0.7728,0.7484,0.0298,0.0441,-0.0133,0.039,6.3847,6.1,6.9,5.9,5.40000009536743,up,2026-09-17T15:37:16,1359.0,745.0
BMNR,2027-01-15,120,Put,20.0,BMNR270115P00020000,2.07,2.21,2.1399999999999997,2.12,-0.405,-16.0396,78.0,13604.0,0.7876,-0.258,0.0302,0.0443,-0.0143,-0.024,2.1344,2.28,2.28,2.06,2.52499997615814,up,2026-09-17T15:39:38,262.0,65.0
BMNR,2027-01-15,120,Call,21.0,BMNR270115C00021000,5.6,6.15,5.875,5.98,1.105,22.6667,26.0,997.0,0.7955,0.713,0.032,0.0471,-0.0142,0.038,5.8012,5.5,6.1,5.5,4.875,down,2026-09-17T15:04:52,1104.0,1320.0
BMNR,2027-01-15,120,Put,21.0,BMNR270115P00021000,2.3,2.73,2.5149999999999997,2.48,-0.53,-17.608,67.0,1086.0,0.775,-0.2938,0.0325,0.0472,-0.0151,-0.0272,2.5378,2.85,2.85,2.47,3.00999999046326,up,2026-09-17T13:14:45,2101.0,644.0
BMNR,2027-01-15,120,Call,22.5,BMNR270115C00022500,4.9,5.1,5.0,5.14,0.865,20.2339,38.0,14073.0,0.7706,0.6581,0.0347,0.0506,-0.0154,0.0363,5.0131,4.85,5.35,4.7,4.27499985694885,up,2026-09-17T14:54:08,545.0,30.0
BMNR,2027-01-15,120,Put,22.5,BMNR270115P00022500,3.05,3.4,3.2249999999999996,3.26,-0.515,-13.6424,1327.0,3684.0,0.7714,-0.3496,0.0354,0.0508,-0.016,-0.0322,3.2342,3.36,3.4,3.15,3.77500009536743,up,2026-09-17T15:55:21,1809.0,373.0
BMNR,2027-01-15,120,Call,24.0,BMNR270115C00024000,4.1,4.7,4.4,4.6,0.925,25.1701,133.0,2629.0,0.7837,0.603,0.0366,0.0531,-0.0163,0.0341,4.3273,4.2,4.8,4.1,3.67499995231628,up,2026-09-17T13:10:47,1614.0,1484.0
BMNR,2027-01-15,120,Put,24.0,BMNR270115P00024000,4.0,4.5,4.25,4.15,-0.525,-11.2299,21.0,973.0,0.8106,-0.4059,0.0374,0.0531,-0.0167,-0.0372,4.0345,4.25,4.25,4.0,4.67500019073486,up,2026-09-17T15:48:10,233.0,1400.0
BMNR,2027-01-15,120,Call,25.0,BMNR270115C00025000,3.9,4.05,3.9749999999999996,4.1,0.75,22.3881,1345.0,37103.0,0.7789,0.567,0.0373,0.0541,-0.0167,0.0325,3.9242,3.87,4.45,3.65,3.35000002384186,up,2026-09-17T15:21:57,42.0,86.0
BMNR,2027-01-15,120,Put,25.0,BMNR270115P00025000,4.6,4.85,4.725,4.68,-0.695,-12.9302,26.0,7165.0,0.7883,-0.4427,0.0382,0.054,-0.0169,-0.0402,4.6235,4.8,4.85,4.66,5.375,no_change,2026-09-17T15:55:20,898.0,849.0
BMNR,2027-01-15,120,Call,26.0,BMNR270115C00026000,3.45,3.8,3.625,3.6,0.53,17.2638,52.0,1926.0,0.7818,0.5321,0.0377,0.0547,-0.0169,0.0309,3.5615,3.71,3.95,3.6,3.0699999332428,down,2026-09-17T15:36:49,1039.0,1100.0
BMNR,2027-01-15,120,Put,26.0,BMNR270115P00026000,5.1,5.55,5.324999999999999,5.31,-0.94,-15.04,5.0,621.0,0.7833,-0.4786,0.0387,0.0545,-0.0171,-0.0433,5.2533,5.45,5.45,5.31,6.25,down,2026-09-17T11:00:11,1468.0,566.0
BMNR,2027-01-15,120,Call,27.0,BMNR270115C00027000,3.2,3.4,3.3,3.35,0.545,19.4296,28.0,2355.0,0.7835,0.4986,0.0377,0.0548,-0.0171,0.0293,3.2363,3.55,3.56,3.2,2.8050000667572,no_change,2026-09-17T15:32:35,218.0,566.0
BMNR,2027-01-15,120,Put,27.0,BMNR270115P00027000,5.85,6.15,6.0,6.25,-0.625,-9.09091,25.0,220.0,0.7862,-0.5131,0.0388,0.0545,-0.0171,-0.046,5.9219,6.2,6.25,6.2,6.875,up,2026-09-17T11:23:19,1081.0,284.0
BMNR,2027-01-15,120,Call,28.0,BMNR270115C00028000,2.78,3.25,3.0149999999999997,3.12,0.585,23.0769,79.0,18597.0,0.7872,0.4666,0.0374,0.0546,-0.0171,0.0277,2.9454,2.86,3.33,2.86,2.5349999666214,down,2026-09-17T15:26:19,1517.0,1426.0
BMNR,2027-01-15,120,Put,28.0,BMNR270115P00028000,6.6,6.8,6.699999999999999,6.7,-1.025,-13.2686,7.0,3032.0,0.7882,-0.546,0.0386,0.0542,-0.017,-0.0485,6.6252,7.0,7.01,6.58,7.72499990463257,up,2026-09-17T15:55:19,914.0,55.0
BMNR,2027-01-15,120,Call,29.0,BMNR270115C00029000,2.67,2.8,2.735,2.78,0.425,18.0467,36.0,1607.0,0.7869,0.4365,0.0369,0.0541,-0.017,0.0261,2.6856,2.8,2.98,2.77,2.35500001907349,up,2026-09-17T15:55:55,115.0,61.0
BMNR,2027-01-15,120,Put,29.0,BMNR270115P00029000,7.2,7.65,7.425000000000001,7.1,0.0,0.0,0.0,600.0,0.7897,-0.5771,0.0382,0.0535,-0.0168,-0.0507,7.3609,0.0,0.0,0.0,8.52500009536743,down,2026-09-09T10:33:40,1309.0,342.0
BMNR,2027-01-15,120,Call,30.0,BMNR270115C00030000,2.44,2.53,2.485,2.5,0.375,17.6471,1828.0,32159.0,0.7875,0.4083,0.0362,0.0533,-0.0169,0.0246,2.454,2.4,2.89,2.35,2.125,no_change,2026-09-17T15:59:33,324.0,359.0
BMNR,2027-01-15,120,Put,30.0,BMNR270115P00030000,7.9,8.4,8.15,8.2,-1.025,-11.1111,8.0,15281.0,0.7865,-0.6065,0.0376,0.0525,-0.0165,-0.0527,8.1251,8.5,8.52,8.2,9.22500038146973,down,2026-09-17T14:36:54,1576.0,249.0
BMNR,2027-01-15,120,Call,31.0,BMNR270115C00031000,2.1,2.4,2.25,2.36,0.375,18.8917,25.0,641.0,0.7867,0.3819,0.0353,0.0523,-0.0167,0.0232,2.2473,2.22,2.52,2.22,1.98500001430511,down,2026-09-17T11:39:56,1477.0,395.0
BMNR,2027-01-15,120,Put,31.0,BMNR270115P00031000,8.8,9.2,9.0,7.9,0.0,0.0,0.0,35.0,0.8027,-0.6339,0.0369,0.0512,-0.0162,-0.0544,8.9152,0.0,0.0,0.0,10.125,down,2026-09-11T10:03:09,431.0,295.0
BMNR,2027-01-15,120,Call,32.0,BMNR270115C00032000,1.96,2.14,2.05,2.3,0.52,29.2135,13.0,5995.0,0.7886,0.3574,0.0343,0.0512,-0.0165,0.0218,2.0631,2.11,2.33,2.11,1.78000003099442,down,2026-09-17T14:16:20,1167.0,50.0
BMNR,2027-01-15,120,Put,32.0,BMNR270115P00032000,9.45,10.0,9.725,9.83,-1.145,-10.4328,8.0,2906.0,0.7905,-0.6595,0.036,0.05,-0.0158,-0.0559,9.7283,9.83,9.83,9.83,10.9749999046326,no_change,2026-09-17T11:40:57,1553.0,532.0
BMNR,2027-01-15,120,Call,33.0,BMNR270115C00033000,1.88,1.93,1.9049999999999998,1.97,0.375,23.511,30.0,835.0,0.7978,0.3347,0.0332,0.05,-0.0162,0.0205,1.8985,2.03,2.14,1.97,1.59500002861023,down,2026-09-17T15:19:06,45.0,1.0
BMNR,2027-01-15,120,Put,33.0,BMNR270115P00033000,10.25,10.8,10.525,9.73,0.0,0.0,0.0,324.0,0.7889,-0.6833,0.035,0.0484,-0.0154,-0.0572,10.5616,0.0,0.0,0.0,11.75,down,2026-08-27T11:47:23,1493.0,164.0
BMNR,2027-01-15,120,Call,34.0,BMNR270115C00034000,1.55,1.82,1.685,1.85,0.33,21.7105,6.0,1068.0,0.7883,0.3137,0.0321,0.0486,-0.0159,0.0193,1.7514,2.06,2.06,1.85,1.51999998092651,down,2026-09-17T10:08:54,1788.0,58.0
BMNR,2027-01-15,120,Put,34.0,BMNR270115P00034000,11.3,11.7,11.5,10.43,0.0,0.0,0.0,77.0,0.8206,-0.7054,0.034,0.0468,-0.015,-0.058,11.4133,0.0,0.0,0.0,12.625,down,2026-08-27T11:47:23,687.0,356.0
BMNR,2027-01-15,120,Call,35.0,BMNR270115C00035000,1.6,1.64,1.62,1.66,0.255,18.1495,400.0,48489.0,0.808,0.2944,0.031,0.0472,-0.0156,0.0182,1.6197,1.6,1.92,1.54,1.40500003099442,down,2026-09-17T15:36:27,5.0,1.0
BMNR,2027-01-15,120,Put,35.0,BMNR270115P00035000,11.95,12.5,12.225,12.25,0.0,0.0,0.0,3106.0,0.7955,-0.7259,0.033,0.0452,-0.0145,-0.0588,12.2807,0.0,0.0,0.0,13.5250000953674,up,2026-09-15T12:54:51,1557.0,126.0
BMNR,2027-01-15,120,Call,36.0,BMNR270115C00036000,1.48,1.53,1.505,1.52,0.15,10.9489,30.0,840.0,0.8147,0.2765,0.0299,0.0459,-0.0152,0.0171,1.5015,1.6,1.67,1.51,1.37000000476837,up,2026-09-17T15:54:06,9.0,1.0
BMNR,2027-01-15,120,Put,36.0,BMNR270115P00036000,12.75,13.45,13.1,12.1,0.0,0.0,0.0,126.0,0.7995,-0.7448,0.0319,0.0436,-0.014,-0.0593,13.1621,0.0,0.0,0.0,14.4250001907349,down,2026-09-03T11:45:10,1157.0,216.0
BMNR,2027-01-15,120,Call,37.0,BMNR270115C00037000,1.27,1.41,1.3399999999999999,1.5,0.175,13.2075,3.0,6046.0,0.8081,0.26,0.0287,0.0444,-0.0149,0.0161,1.3945,1.35,1.5,1.35,1.32500004768372,no_change,2026-09-17T12:57:41,1684.0,1.0
BMNR,2027-01-15,120,Put,37.0,BMNR270115P00037000,13.65,14.3,13.975000000000001,15.05,0.0,0.0,0.0,2990.0,0.8004,-0.7624,0.0308,0.0418,-0.0136,-0.0598,14.0561,0.0,0.0,0.0,15.3249998092651,up,2026-09-16T11:23:08,1639.0,176.0
BMNR,2027-01-15,120,Call,38.0,BMNR270115C00038000,1.09,1.31,1.2000000000000002,1.34,0.205,18.0617,1.0,871.0,0.8034,0.2448,0.0276,0.043,-0.0145,0.0152,1.299,1.34,1.34,1.34,1.13499999046326,up,2026-09-17T15:12:42,2174.0,1.0
BMNR,2027-01-15,120,Put,38.0,BMNR270115P00038000,14.55,15.2,14.875,14.0,0.0,0.0,0.0,90.0,0.8045,-0.7786,0.0298,0.0402,-0.0131,-0.0601,14.9611,0.0,0.0,0.0,16.25,down,2026-08-27T11:24:42,888.0,162.0
BMNR,2027-01-15,120,Call,39.0,BMNR270115C00039000,1.02,1.23,1.125,1.51,0.0,0.0,0.0,100.0,0.8117,0.2308,0.0265,0.0416,-0.0142,0.0144,1.2129,0.0,0.0,0.0,1.05999997258186,no_change,2026-09-15T12:18:00,2140.0,1.0
BMNR,2027-01-15,120,Put,39.0,BMNR270115P00039000,15.45,16.1,15.775,0.0,0.0,0.0,0.0,0.0,0.8058,-0.7937,0.0288,0.0385,-0.0126,-0.0597,15.8758,0.0,0.0,0.0,17.1750001907349,no_change,,423.0,109.0
BMNR,2027-01-15,120,Call,40.0,BMNR270115C00040000,1.1,1.15,1.125,1.12,0.125,12.5628,755.0,30835.0,0.8371,0.218,0.0255,0.0403,-0.0138,0.0136,1.1348,1.07,1.31,1.07,0.994999974966049,no_change,2026-09-17T15:56:48,113.0,1.0
BMNR,2027-01-15,120,Put,40.0,BMNR270115P00040000,16.4,17.15,16.775,16.54,-1.56,-8.61878,2.0,2875.0,0.8326,-0.8076,0.0278,0.0368,-0.0121,-0.0597,16.7991,16.54,16.54,16.54,18.0999994277954,up,2026-09-17T14:00:35,1571.0,341.0
BMNR,2027-01-15,120,Call,42.0,BMNR270115C00042000,0.97,1.0,0.985,0.97,0.015,1.57068,38.0,4465.0,0.8485,0.1951,0.0235,0.0377,-0.0131,0.0122,0.9998,1.17,1.17,0.97,0.955000013113022,down,2026-09-17T15:58:34,52.0,2.0
BMNR,2027-01-15,120,Put,42.0,BMNR270115P00042000,18.15,19.2,18.674999999999997,18.71,0.0,0.0,0.0,828.0,0.8542,-0.8326,0.0259,0.0336,-0.0111,-0.0589,18.6677,0.0,0.0,0.0,19.6500005722046,up,2026-09-10T10:01:49,1676.0,799.0
BMNR,2027-01-15,120,Call,45.0,BMNR270115C00045000,0.81,0.85,0.8300000000000001,0.82,0.075,10.0671,176.0,11120.0,0.8692,0.1669,0.0208,0.0342,-0.0121,0.0105,0.8387,0.83,0.98,0.82,0.744999974966049,down,2026-09-17T15:58:59,183.0,1.0
BMNR,2027-01-15,120,Put,45.0,BMNR270115P00045000,20.55,22.1,21.325000000000003,21.8,0.0,0.0,0.0,1032.0,0.7972,-0.8639,0.0234,0.029,-0.0098,-0.0566,21.5147,0.0,0.0,0.0,22.5249996185303,up,2026-09-15T10:46:00,1657.0,883.0
BMNR,2027-01-15,120,Call,47.0,BMNR270115C00047000,0.69,0.78,0.735,0.77,0.11,16.6667,435.0,1712.0,0.8785,0.1512,0.0192,0.032,-0.0115,0.0095,0.7522,0.75,0.9,0.75,0.659999996423721,no_change,2026-09-17T15:36:07,1117.0,49.0
BMNR,2027-01-15,120,Put,47.0,BMNR270115P00047000,22.75,24.25,23.5,30.4,0.0,0.0,0.0,31.0,0.9081,-0.8815,0.022,0.0261,-0.0089,-0.0542,23.4352,0.0,0.0,0.0,24.4750003814697,up,2026-07-23T13:58:03,486.0,463.0
BMNR,2027-01-15,120,Call,50.0,BMNR270115C00050000,0.58,0.71,0.645,0.65,0.06,10.1695,240.0,21356.0,0.8914,0.1317,0.0171,0.0292,-0.0107,0.0083,0.6467,0.68,0.78,0.63,0.590000003576279,up,2026-09-17T15:59:35,1388.0,64.0
BMNR,2027-01-15,120,Put,50.0,BMNR270115P00050000,25.7,26.85,26.275,25.35,0.0,0.0,0.0,542.0,0.8699,-0.9039,0.0201,0.0224,-0.0077,-0.0508,26.3416,0.0,0.0,0.0,27.3999996185303,down,2026-09-04T10:12:22,1650.0,837.0
BMNR,2027-01-15,120,Call,55.0,BMNR270115C00055000,0.5,0.55,0.525,0.55,0.035,6.79612,33.0,7855.0,0.9356,0.1068,0.0143,0.0251,-0.0095,0.0067,0.5162,0.56,0.59,0.53,0.515000000596046,down,2026-09-17T14:43:40,737.0,93.0
BMNR,2027-01-15,120,Put,55.0,BMNR270115P00055000,30.5,32.15,31.325,30.0,0.0,0.0,0.0,15.0,0.9813,-0.933,0.0172,0.0165,-0.0058,-0.0412,31.235,0.0,0.0,0.0,32.2999992370606,down,2026-09-04T09:32:39,128.0,133.0
BMNR,2027-01-15,120,Call,60.0,BMNR270115C00060000,0.39,0.51,0.45,0.46,0.025,5.74713,322.0,10137.0,0.972,0.0886,0.0121,0.0219,-0.0085,0.0056,0.4237,0.5,0.51,0.46,0.434999987483025,down,2026-09-17T14:33:23,988.0,974.0
BMNR,2027-01-15,120,Put,60.0,BMNR270115P00060000,35.55,36.95,36.25,35.65,-1.6,-4.2953,21.0,3.0,1.0179,-0.956,0.0156,0.0115,-0.0041,-0.0343,36.1703,35.65,35.65,35.65,37.25,down,2026-09-17T10:30:05,106.0,135.0
BMNR,2027-01-15,120,Call,65.0,BMNR270115C00065000,0.36,0.48,0.42,0.41,0.025,6.49351,39.0,11056.0,1.0184,0.075,0.0104,0.0193,-0.0077,0.0047,0.3557,0.4,0.49,0.29,0.384999990463257,no_change,2026-09-17T15:36:11,140.0,1523.0
BMNR,2027-01-15,120,Put,65.0,BMNR270115P00065000,40.45,41.95,41.2,41.63,0.0,0.0,0.0,310.0,1.0533,-0.9739,0.0149,0.0073,-0.0013,-0.0233,41.1314,0.0,0.0,0.0,42.25,up,2026-09-15T14:45:34,1398.0,972.0
BMNR,2027-01-15,120,Call,70.0,BMNR270115C00070000,0.19,0.4,0.29500000000000004,0.34,0.02,6.25,91.0,11139.0,1.0052,0.0645,0.009,0.0171,-0.007,0.004,0.3042,0.34,0.4,0.32,0.319999992847443,up,2026-09-17T15:34:23,2119.0,1130.0
BMNR,2027-01-15,120,Put,70.0,BMNR270115P00070000,45.15,47.15,46.15,52.99,0.0,0.0,0.0,3.0,1.0715,-0.9857,0.0109,0.0,-0.001,0.0,46.115,0.0,0.0,0.0,47.2250003814697,up,2026-06-04T14:08:27,20.0,20.0
BMNR,2027-01-15,120,Call,75.0,BMNR270115C00075000,0.2,0.35,0.275,0.28,0.0,-4.25747e-07,156.0,17319.0,1.0407,0.0562,0.0079,0.0154,-0.0064,0.0035,0.2642,0.34,0.34,0.27,0.280000001192093,down,2026-09-17T15:41:33,1564.0,544.0
BMNR,2027-01-15,120,Put,75.0,BMNR270115P00075000,50.15,52.35,51.25,48.95,0.0,0.0,0.0,34.0,1.2114,-0.9936,0.0048,0.0,-0.0052,0.0,51.115,0.0,0.0,0.0,52.2000007629394,down,2026-09-11T10:07:31,20.0,1.0
BMNR,2027-01-15,120,Call,80.0,BMNR270115C00080000,0.07,0.33,0.2,0.33,0.07,26.9231,10.0,17945.0,1.0305,0.0496,0.007,0.0139,-0.0059,0.0031,0.2324,0.33,0.33,0.33,0.259999997913837,up,2026-09-17T10:03:09,2788.0,1151.0
BMNR,2027-01-15,120,Put,80.0,BMNR270115P00080000,54.9,57.1,56.0,57.0,0.0,0.0,0.0,0.0,0.0,-0.9985,0.0011,0.0,-0.0058,0.0,56.115,0.0,0.0,0.0,57.2000007629394,down,2026-09-15T14:49:51,20.0,20.0
BMNR,2027-01-15,120,Call,85.0,BMNR270115C00085000,0.11,0.38,0.245,0.3,0.0,0.0,0.0,1511.0,1.1049,0.0442,0.0063,0.0127,-0.0055,0.0028,0.2068,0.0,0.0,0.0,0.370000009424984,down,2026-09-11T12:53:16,2032.0,1970.0
BMNR,2027-01-15,120,Put,85.0,BMNR270115P00085000,59.85,62.4,61.125,64.98,0.0,0.0,0.0,0.0,1.2023,-1.0,0.0,0.0,-0.0058,0.0,61.115,0.0,0.0,0.0,62.2000007629394,up,2026-03-26T11:35:52,20.0,20.0
BMNR,2027-01-15,120,Call,90.0,BMNR270115C00090000,0.17,0.29,0.22999999999999998,0.24,-0.085,-26.1538,2.0,4169.0,1.1314,0.0397,0.0056,0.0116,-0.0051,0.0025,0.1858,0.25,0.25,0.24,0.324999995529652,down,2026-09-17T14:35:19,547.0,1103.0
BMNR,2027-01-15,120,Put,90.0,BMNR270115P00090000,64.9,67.35,66.125,70.68,0.0,0.0,0.0,0.0,1.2506,-1.0,0.0,0.0,-0.0058,0.0,66.115,0.0,0.0,0.0,67.1999969482422,up,2026-02-12T12:38:04,20.0,20.0
BMNR,2027-01-15,120,Call,95.0,BMNR270115C00095000,0.1,0.36,0.22999999999999998,0.22,0.035,18.9189,22.0,4992.0,1.1665,0.036,0.0051,0.0107,-0.0048,0.0022,0.1682,0.22,0.22,0.22,0.185000007040799,down,2026-09-17T11:02:51,1517.0,2168.0
BMNR,2027-01-15,120,Put,95.0,BMNR270115P00095000,70.1,72.3,71.19999999999999,75.31,0.0,0.0,0.0,0.0,1.3771,-1.0,0.0,0.0,-0.0058,0.0,71.115,0.0,0.0,0.0,72.1999969482422,up,2026-05-26T10:42:59,20.0,20.0
BMNR,2027-01-15,120,Call,100.0,BMNR270115C00100000,0.09,0.2,0.14500000000000002,0.19,0.01,5.55556,467.0,19277.0,1.122,0.0328,0.0047,0.0099,-0.0045,0.002,0.1534,0.17,0.2,0.15,0.179999999701977,no_change,2026-09-17T15:47:33,1531.0,13.0
BMNR,2027-01-15,120,Put,100.0,BMNR270115P00100000,74.9,76.85,75.875,75.0,0.0,0.0,0.0,0.0,0.0,-1.0,0.0,0.0,-0.0058,0.0,76.115,0.0,0.0,0.0,77.2999992370606,down,2026-09-01T09:30:17,20.0,20.0
BMNR,2027-01-15,120,Call,105.0,BMNR270115C00105000,0.16,0.23,0.195,0.19,0.02,11.7647,476.0,33052.0,1.201,0.0301,0.0043,0.0092,-0.0042,0.0019,0.1408,0.18,0.24,0.15,0.170000001788139,down,2026-09-17T15:44:09,5.0,698.0
BMNR,2027-01-15,120,Put,105.0,BMNR270115P00105000,79.9,82.3,81.1,88.8,0.0,0.0,0.0,0.0,0.0,-1.0,0.0,0.0,-0.0058,0.0,81.115,0.0,0.0,0.0,82.1999969482422,up,2026-07-14T14:29:44,20.0,20.0
BMNR,2027-02-19,155,Call,5.0,BMNR270219C00005000,18.05,20.35,19.200000000000003,19.95,0.0,0.0,0.0,21.0,1.3522,1.0,0.0006,0.0014,0.0,0.0209,19.0906,0.0,0.0,0.0,17.625,up,2026-08-26T11:25:12,10.0,1.0
BMNR,2027-02-19,155,Put,5.0,BMNR270219P00005000,0.0,0.28,0.14,0.08,0.0,0.0,0.0,57.0,1.3807,-0.0028,0.0006,0.0014,-0.0004,-0.0003,0.0154,0.0,0.0,0.0,0.115000002086163,down,2026-08-07T15:48:02,0.0,1553.0
BMNR,2027-02-19,155,Call,8.0,BMNR270219C00008000,15.05,17.1,16.075000000000003,16.63,1.855,12.555,9.0,31.0,0.0,0.9894,0.0026,0.0058,0.0,0.032,16.2247,16.7,16.7,16.61,14.7750005722046,down,2026-09-17T14:14:15,10.0,25.0
BMNR,2027-02-19,155,Put,8.0,BMNR270219P00008000,0.03,0.23,0.13,0.15,0.0,0.0,0.0,20.0,0.9723,-0.0149,0.0027,0.0059,-0.0017,-0.0018,0.0896,0.0,0.0,0.0,0.550000025890768,down,2026-09-01T11:58:27,547.0,1109.0
BMNR,2027-02-19,155,Call,9.0,BMNR270219C00009000,14.3,16.15,15.225,15.7,0.0,0.0,0.0,60.0,0.7864,0.9818,0.0038,0.0083,-0.0001,0.0353,15.2955,0.0,0.0,0.0,13.875,down,2026-08-31T14:34:49,159.0,141.0
BMNR,2027-02-19,155,Put,9.0,BMNR270219P00009000,0.0,0.28,0.14,0.16,0.0,0.0,0.0,81.0,0.8896,-0.0225,0.0039,0.0084,-0.0023,-0.0027,0.1406,0.0,0.0,0.0,0.764999985694885,down,2026-09-15T10:46:15,0.0,1084.0
BMNR,2027-02-19,155,Call,10.0,BMNR270219C00010000,13.6,15.25,14.425,17.0,0.0,0.0,0.0,132.0,0.9079,0.972,0.0053,0.0113,-0.001,0.0382,14.385,0.0,0.0,0.0,12.9500002861023,up,2026-09-11T10:47:42,1011.0,781.0
BMNR,2027-02-19,155,Put,10.0,BMNR270219P00010000,0.01,0.35,0.18,0.23,0.0,0.0,0.0,398.0,0.8453,-0.0324,0.0053,0.0113,-0.0031,-0.004,0.2105,0.0,0.0,0.0,0.57999999076128,down,2026-09-14T13:23:51,2488.0,1184.0
BMNR,2027-02-19,155,Call,11.0,BMNR270219C00011000,13.0,14.15,13.575,13.88,1.805,14.9482,19.0,29.0,0.9103,0.9598,0.007,0.0147,-0.002,0.0408,13.497,13.91,13.91,13.83,12.0749998092651,no_change,2026-09-17T14:25:40,71.0,93.0
BMNR,2027-02-19,155,Put,11.0,BMNR270219P00011000,0.05,0.45,0.25,0.29,0.0,0.0,0.0,293.0,0.8216,-0.0448,0.0071,0.0148,-0.004,-0.0055,0.3029,0.0,0.0,0.0,0.379999995231628,up,2026-09-11T10:59:58,2675.0,1165.0
BMNR,2027-02-19,155,Call,12.0,BMNR270219C00012000,11.8,13.5,12.65,13.5,0.0,0.0,0.0,83.0,0.8555,0.9449,0.0089,0.0184,-0.0031,0.043,12.6349,0.0,0.0,0.0,11.2249999046326,down,2026-09-04T15:29:11,160.0,152.0
BMNR,2027-02-19,155,Put,12.0,BMNR270219P00012000,0.35,0.57,0.45999999999999996,0.43,0.0,0.0,0.0,58.0,0.868,-0.0598,0.009,0.0186,-0.005,-0.0073,0.4215,0.0,0.0,0.0,0.540000006556511,down,2026-09-14T10:31:04,955.0,972.0
BMNR,2027-02-19,155,Call,13.0,BMNR270219C00013000,11.0,12.6,11.8,13.22,0.0,0.0,0.0,161.0,0.8361,0.9274,0.0111,0.0225,-0.0043,0.0448,11.8023,0.0,0.0,0.0,10.0500001907349,down,2026-09-09T09:34:00,1358.0,1079.0
BMNR,2027-02-19,155,Put,13.0,BMNR270219P00013000,0.49,0.72,0.605,0.63,0.0,0.0,0.0,65.0,0.8526,-0.0775,0.0112,0.0226,-0.006,-0.0096,0.57,0.0,0.0,0.0,0.680000007152557,no_change,2026-09-16T10:06:54,987.0,943.0
BMNR,2027-02-19,155,Call,14.0,BMNR270219C00014000,10.15,11.8,10.975000000000001,11.06,1.335,13.7275,3.0,60.0,0.8181,0.9073,0.0133,0.0268,-0.0055,0.0461,11.0021,11.06,11.06,11.06,9.72499990463257,no_change,2026-09-17T14:34:38,288.0,241.0
BMNR,2027-02-19,155,Put,14.0,BMNR270219P00014000,0.66,0.81,0.7350000000000001,0.81,-0.085,-9.4972,1.0,223.0,0.8224,-0.0978,0.0134,0.027,-0.0071,-0.0121,0.7513,0.81,0.81,0.81,0.894999980926514,down,2026-09-17T10:52:02,1436.0,452.0
BMNR,2027-02-19,155,Call,15.0,BMNR270219C00015000,9.4,11.05,10.225000000000001,10.47,0.0,0.0,0.0,293.0,0.8171,0.8847,0.0156,0.0312,-0.0067,0.0471,10.237,0.0,0.0,0.0,8.90000009536743,down,2026-09-15T13:56:34,1760.0,1278.0
BMNR,2027-02-19,155,Put,15.0,BMNR270219P00015000,0.87,1.13,1.0,1.03,0.0,0.0,0.0,305.0,0.8313,-0.1206,0.0158,0.0314,-0.0082,-0.0149,0.9679,0.0,0.0,0.0,1.20999997854233,down,2026-09-16T10:41:38,1388.0,1013.0
BMNR,2027-02-19,155,Call,16.0,BMNR270219C00016000,8.7,10.3,9.5,8.8,0.0,0.0,0.0,580.0,0.8123,0.86,0.0179,0.0355,-0.0079,0.0477,9.5092,0.0,0.0,0.0,8.0,down,2026-09-16T14:08:12,1855.0,1311.0
BMNR,2027-02-19,155,Put,16.0,BMNR270219P00016000,1.11,1.39,1.25,1.45,0.0,0.0,0.0,278.0,0.8227,-0.1457,0.0181,0.0356,-0.0092,-0.0181,1.2224,0.0,0.0,0.0,1.39999997615814,up,2026-09-16T15:21:12,1467.0,1008.0
BMNR,2027-02-19,155,Call,17.0,BMNR270219C00017000,8.1,9.15,8.625,8.1,0.525,6.9307,1.0,1510.0,0.7598,0.8333,0.0201,0.0397,-0.0091,0.0479,8.82,8.1,8.1,8.1,7.57499980926514,down,2026-09-17T15:46:17,2108.0,1291.0
BMNR,2027-02-19,155,Put,17.0,BMNR270219P00017000,1.32,1.61,1.465,1.8,0.0,0.0,0.0,180.0,0.797,-0.1728,0.0204,0.0399,-0.0103,-0.0214,1.5162,0.0,0.0,0.0,1.7150000333786,down,2026-09-16T15:25:43,1727.0,313.0
BMNR,2027-02-19,155,Call,18.0,BMNR270219C00018000,7.75,8.75,8.25,7.0,0.0,0.0,0.0,276.0,0.8238,0.805,0.0222,0.0436,-0.0101,0.0478,8.1705,0.0,0.0,0.0,6.92499995231628,down,2026-09-16T15:31:51,1625.0,1353.0
BMNR,2027-02-19,155,Put,18.0,BMNR270219P00018000,1.72,2.02,1.87,2.08,0.0,0.0,0.0,329.0,0.8103,-0.2016,0.0226,0.0439,-0.0113,-0.025,1.8499,0.0,0.0,0.0,2.12999999523163,up,2026-09-16T13:00:43,1409.0,738.0
BMNR,2027-02-19,155,Call,19.0,BMNR270219C00019000,7.15,7.9,7.525,9.5,0.0,0.0,0.0,234.0,0.7947,0.7754,0.0242,0.0473,-0.0111,0.0473,7.5609,0.0,0.0,0.0,6.40000009536743,up,2026-09-11T10:30:34,1650.0,1115.0
BMNR,2027-02-19,155,Put,19.0,BMNR270219P00019000,1.95,2.5,2.225,2.42,0.0,0.0,0.0,217.0,0.8025,-0.2317,0.0246,0.0475,-0.0122,-0.0287,2.2247,0.0,0.0,0.0,2.46000003814697,up,2026-09-15T14:48:58,2046.0,1361.0
BMNR,2027-02-19,155,Call,20.0,BMNR270219C00020000,6.6,7.2,6.9,7.31,1.335,22.3431,22.0,10980.0,0.7817,0.7449,0.026,0.0506,-0.012,0.0466,6.991,7.31,7.31,7.31,5.97500014305115,no_change,2026-09-17T13:35:42,1742.0,852.0
BMNR,2027-02-19,155,Put,20.0,BMNR270219P00020000,2.51,2.73,2.62,2.59,-0.42,-13.9535,2.0,670.0,0.796,-0.2628,0.0265,0.0508,-0.0129,-0.0325,2.6393,2.59,2.59,2.59,3.00999999046326,down,2026-09-17T10:49:08,1282.0,143.0
BMNR,2027-02-19,155,Call,21.0,BMNR270219C00021000,6.2,6.7,6.45,5.8,0.425,7.90698,2.0,378.0,0.7954,0.7143,0.0276,0.0535,-0.0128,0.0457,6.4632,5.8,5.8,5.8,5.375,up,2026-09-17T09:50:46,1246.0,998.0
BMNR,2027-02-19,155,Put,21.0,BMNR270219P00021000,2.96,3.4,3.1799999999999997,3.04,0.0,0.0,0.0,172.0,0.8139,-0.2945,0.0281,0.0537,-0.0136,-0.0365,3.0944,0.0,0.0,0.0,3.47500002384186,up,2026-09-15T14:37:16,1229.0,1120.0
BMNR,2027-02-19,155,Call,22.0,BMNR270219C00022000,5.6,6.3,5.949999999999999,6.11,1.035,20.3941,2.0,400.0,0.793,0.6831,0.0289,0.056,-0.0136,0.0446,5.9702,6.11,6.11,6.11,5.07500004768372,up,2026-09-17T15:04:52,1702.0,1209.0
BMNR,2027-02-19,155,Put,22.0,BMNR270219P00022000,3.45,3.95,3.7,4.05,0.0,0.0,0.0,552.0,0.8166,-0.3264,0.0296,0.0562,-0.0142,-0.0403,3.5876,0.0,0.0,0.0,4.09999990463257,up,2026-09-16T15:43:57,1199.0,1472.0
BMNR,2027-02-19,155,Call,23.0,BMNR270219C00023000,5.15,5.8,5.475,5.75,1.175,25.6831,17.0,414.0,0.7891,0.6519,0.03,0.058,-0.0141,0.0433,5.5138,5.18,5.77,5.18,4.57500004768372,down,2026-09-17T14:15:31,1724.0,1155.0
BMNR,2027-02-19,155,Put,23.0,BMNR270219P00023000,3.95,4.3,4.125,4.2,-0.4,-8.69565,95.0,135.0,0.7968,-0.3584,0.0307,0.0581,-0.0147,-0.0442,4.1187,4.2,4.2,4.2,4.59999990463257,no_change,2026-09-17T11:21:17,1551.0,517.0
BMNR,2027-02-19,155,Call,24.0,BMNR270219C00024000,4.9,5.4,5.15,5.13,0.855,20.0,27.0,793.0,0.8051,0.621,0.0308,0.0596,-0.0146,0.042,5.0922,5.05,5.34,5.05,4.27500009536743,down,2026-09-17T15:30:39,977.0,1294.0
BMNR,2027-02-19,155,Put,24.0,BMNR270219P00024000,4.45,4.85,4.65,4.7,0.0,0.0,0.0,138.0,0.7896,-0.39,0.0317,0.0597,-0.0151,-0.0478,4.6848,0.0,0.0,0.0,5.20000004768372,up,2026-09-15T15:24:54,1482.0,201.0
BMNR,2027-02-19,155,Call,25.0,BMNR270219C00025000,4.5,5.0,4.75,4.88,0.955,24.3312,13.0,5153.0,0.8031,0.5908,0.0314,0.0609,-0.015,0.0405,4.7037,4.5,4.88,4.5,3.92499995231628,up,2026-09-17T12:51:11,1087.0,1338.0
BMNR,2027-02-19,155,Put,25.0,BMNR270219P00025000,5.1,5.45,5.275,5.2,-0.725,-12.2363,1.0,230.0,0.7937,-0.4212,0.0324,0.0608,-0.0154,-0.0514,5.2855,5.2,5.2,5.2,5.92500019073486,down,2026-09-17T10:57:42,1337.0,225.0
BMNR,2027-02-19,155,Call,26.0,BMNR270219C00026000,4.15,4.65,4.4,4.5,0.925,25.8741,1.0,784.0,0.8046,0.5612,0.0319,0.0617,-0.0152,0.039,4.3461,4.5,4.5,4.5,3.57499992847443,up,2026-09-17T10:26:35,1166.0,1370.0
BMNR,2027-02-19,155,Put,26.0,BMNR270219P00026000,5.7,6.1,5.9,5.22,0.0,0.0,0.0,43.0,0.7931,-0.4517,0.0329,0.0616,-0.0155,-0.0551,5.9172,0.0,0.0,0.0,6.5,down,2026-09-11T11:05:08,861.0,168.0
BMNR,2027-02-19,155,Call,27.0,BMNR270219C00027000,3.85,4.25,4.05,4.1,0.7,20.5882,6.0,234.0,0.8018,0.5326,0.0321,0.0622,-0.0154,0.0374,4.0174,4.4,4.4,4.1,3.40000009536743,down,2026-09-17T15:23:55,958.0,1169.0
BMNR,2027-02-19,155,Put,27.0,BMNR270219P00027000,6.4,6.8,6.6,6.55,-0.725,-9.96563,7.0,116.0,0.7999,-0.4812,0.0332,0.0619,-0.0156,-0.0582,6.5796,6.55,6.55,6.55,7.27499985694885,up,2026-09-17T10:48:29,1208.0,265.0
BMNR,2027-02-19,155,Call,28.0,BMNR270219C00028000,3.55,4.0,3.775,3.95,0.81,25.7962,4.0,2550.0,0.8071,0.505,0.0321,0.0624,-0.0155,0.0358,3.7159,3.65,3.95,3.65,3.14000010490418,up,2026-09-17T12:37:48,1014.0,1342.0
BMNR,2027-02-19,155,Put,28.0,BMNR270219P00028000,7.05,7.45,7.25,7.25,-0.75,-9.375,2.0,67.0,0.7944,-0.5099,0.0334,0.062,-0.0156,-0.0613,7.2695,7.25,7.25,7.25,8.0,up,2026-09-17T10:50:59,1149.0,188.0
BMNR,2027-02-19,155,Call,29.0,BMNR270219C00029000,3.05,3.75,3.4,3.85,0.0,0.0,0.0,250.0,0.7926,0.4785,0.032,0.0622,-0.0156,0.0343,3.4391,0.0,0.0,0.0,2.875,down,2026-09-15T12:28:40,2167.0,1304.0
BMNR,2027-02-19,155,Put,29.0,BMNR270219P00029000,7.7,8.2,7.949999999999999,7.95,-0.775,-8.88252,16.0,29.0,0.7932,-0.5375,0.0334,0.0616,-0.0156,-0.0641,7.9849,7.95,7.95,7.95,8.72499990463257,no_change,2026-09-17T10:50:27,1040.0,373.0
BMNR,2027-02-19,155,Call,30.0,BMNR270219C00030000,3.05,3.5,3.275,3.21,0.56,21.1321,23.0,18692.0,0.8148,0.4532,0.0318,0.0619,-0.0155,0.0328,3.1855,2.9,3.21,2.9,2.64999997615814,up,2026-09-17T10:04:20,874.0,1409.0
BMNR,2027-02-19,155,Put,30.0,BMNR270219P00030000,8.45,8.95,8.7,8.19,0.0,0.0,0.0,84.0,0.7962,-0.5639,0.0332,0.061,-0.0154,-0.0663,8.7249,0.0,0.0,0.0,9.59999990463257,up,2026-09-14T12:17:18,1058.0,262.0
BMNR,2027-02-19,155,Call,31.0,BMNR270219C00031000,2.74,3.3,3.02,2.95,0.47,18.9516,2.0,457.0,0.8129,0.429,0.0314,0.0613,-0.0154,0.0313,2.9531,3.12,3.12,2.95,2.4799998998642,down,2026-09-17T11:01:20,1446.0,1571.0
BMNR,2027-02-19,155,Put,31.0,BMNR270219P00031000,9.25,9.95,9.6,9.05,0.0,0.0,0.0,984.0,0.8208,-0.5892,0.033,0.0603,-0.0153,-0.0688,9.4863,0.0,0.0,0.0,10.4250001907349,up,2026-09-08T12:44:58,1391.0,1109.0
BMNR,2027-02-19,155,Call,32.0,BMNR270219C00032000,2.44,3.05,2.745,2.92,0.64,28.0702,1.0,377.0,0.8046,0.4061,0.0309,0.0605,-0.0153,0.0298,2.74,2.92,2.92,2.92,2.27999997138977,up,2026-09-17T12:58:27,1873.0,1419.0
BMNR,2027-02-19,155,Put,32.0,BMNR270219P00032000,10.1,10.55,10.325,9.81,0.0,0.0,0.0,47.0,0.8134,-0.6134,0.0326,0.0592,-0.015,-0.0711,10.2682,0.0,0.0,0.0,11.1749997138977,up,2026-09-08T13:32:01,632.0,256.0
BMNR,2027-02-19,155,Call,33.0,BMNR270219C00033000,2.28,2.85,2.565,2.4,0.26,12.1495,12.0,281.0,0.8091,0.3843,0.0304,0.0596,-0.0151,0.0284,2.5448,2.4,2.4,2.4,2.14000004529953,no_change,2026-09-17T09:55:01,1744.0,1567.0
BMNR,2027-02-19,155,Put,33.0,BMNR270219P00033000,10.85,11.35,11.1,11.0,0.0,0.0,0.0,57.0,0.8111,-0.636,0.0321,0.0581,-0.0148,-0.0728,11.0673,0.0,0.0,0.0,12.2000002861023,up,2026-09-10T11:11:20,790.0,329.0
BMNR,2027-02-19,155,Call,34.0,BMNR270219C00034000,2.09,2.68,2.385,2.01,0.0,0.0,0.0,252.0,0.8111,0.3637,0.0298,0.0585,-0.0149,0.027,2.366,0.0,0.0,0.0,1.97499996423721,down,2026-09-16T13:31:33,1834.0,1322.0
BMNR,2027-02-19,155,Put,34.0,BMNR270219P00034000,11.7,12.35,12.024999999999999,11.45,0.0,0.0,0.0,57.0,0.8321,-0.6582,0.0317,0.0568,-0.0145,-0.0743,11.8866,0.0,0.0,0.0,12.9249997138977,up,2026-09-08T14:51:59,756.0,756.0
BMNR,2027-02-19,155,Call,35.0,BMNR270219C00035000,2.12,2.23,2.175,2.28,0.435,23.5772,55.0,1289.0,0.807,0.3442,0.0291,0.0574,-0.0147,0.0258,2.2018,2.25,2.37,2.09,1.84500002861023,up,2026-09-17T15:21:30,21.0,1.0
BMNR,2027-02-19,155,Put,35.0,BMNR270219P00035000,12.35,13.0,12.675,12.15,0.0,0.0,0.0,74.0,0.8019,-0.6786,0.0311,0.0552,-0.0141,-0.0754,12.7178,0.0,0.0,0.0,13.8249998092651,down,2026-09-08T11:42:54,863.0,287.0
BMNR,2027-02-19,155,Call,36.0,BMNR270219C00036000,1.91,2.1,2.005,1.74,0.0,0.0,0.0,29.0,0.8051,0.3255,0.0284,0.0561,-0.0144,0.0245,2.0487,0.0,0.0,0.0,1.75,down,2026-09-16T12:30:53,922.0,1.0
BMNR,2027-02-19,155,Put,36.0,BMNR270219P00036000,13.2,13.85,13.524999999999999,0.0,0.0,0.0,0.0,0.0,0.8044,-0.6982,0.0305,0.0536,-0.0138,-0.077,13.5654,0.0,0.0,0.0,14.75,no_change,,649.0,254.0
BMNR,2027-02-19,155,Call,37.0,BMNR270219C00037000,1.8,1.95,1.875,2.79,0.0,0.0,0.0,15.0,0.8078,0.3082,0.0276,0.0548,-0.0141,0.0233,1.9106,0.0,0.0,0.0,1.63999998569489,up,2026-09-14T15:43:55,726.0,1.0
BMNR,2027-02-19,155,Put,37.0,BMNR270219P00037000,14.25,14.7,14.475,0.0,0.0,0.0,0.0,0.0,0.8237,-0.7168,0.0298,0.052,-0.0134,-0.0772,14.4261,0.0,0.0,0.0,15.5999994277954,no_change,,398.0,226.0
BMNR,2027-02-19,155,Call,38.0,BMNR270219C00038000,1.68,1.84,1.76,1.85,0.25,15.625,13.0,10.0,0.8123,0.2919,0.0269,0.0535,-0.0138,0.0222,1.7837,1.9,1.9,1.85,1.59999996423721,no_change,2026-09-17T14:55:28,930.0,1.0
BMNR,2027-02-19,155,Put,38.0,BMNR270219P00038000,14.9,15.6,15.25,0.0,0.0,0.0,0.0,0.0,0.807,-0.7345,0.0292,0.0504,-0.013,-0.0773,15.2984,0.0,0.0,0.0,16.5249996185303,no_change,,544.0,232.0
BMNR,2027-02-19,155,Call,39.0,BMNR270219C00039000,1.43,1.74,1.585,1.67,0.155,10.231,8.0,216.0,0.8031,0.2769,0.0261,0.0522,-0.0135,0.0211,1.6695,1.73,1.73,1.67,1.51500004529953,down,2026-09-17T15:50:00,1776.0,42.0
BMNR,2027-02-19,155,Put,39.0,BMNR270219P00039000,15.75,16.45,16.1,0.0,0.0,0.0,0.0,0.0,0.802,-0.7512,0.0286,0.0486,-0.0126,-0.0784,16.1822,0.0,0.0,0.0,17.4250001907349,no_change,,395.0,137.0
BMNR,2027-03-19,183,Call,13.0,BMNR270319C00013000,11.05,13.0,12.025,12.47,0.0,0.0,0.0,23.0,0.8435,0.9192,0.0111,0.0268,-0.0046,0.0501,12.0144,0.0,0.0,0.0,11.0750002861023,down,2026-09-10T10:25:04,182.0,40.0
BMNR,2027-03-19,183,Put,13.0,BMNR270319P00013000,0.64,0.9,0.77,0.82,0.0,0.0,0.0,18.0,0.8512,-0.0875,0.0113,0.027,-0.0061,-0.013,0.7384,0.0,0.0,0.0,0.784999996423721,up,2026-09-16T10:06:54,847.0,1042.0
BMNR,2027-03-19,183,Call,14.0,BMNR270319C00014000,10.45,12.15,11.3,12.45,0.0,0.0,0.0,28.0,0.8485,0.899,0.0131,0.0312,-0.0057,0.0516,11.2468,0.0,0.0,0.0,9.92500019073486,up,2026-09-08T14:44:43,811.0,546.0
BMNR,2027-03-19,183,Put,14.0,BMNR270319P00014000,0.66,1.12,0.8900000000000001,1.06,0.0,0.0,0.0,7.0,0.8124,-0.1079,0.0133,0.0314,-0.007,-0.016,0.949,0.0,0.0,0.0,1.09499999880791,no_change,2026-09-16T10:43:22,1474.0,938.0
BMNR,2027-03-19,183,Call,15.0,BMNR270319C00015000,9.7,11.3,10.5,9.45,0.0,0.0,0.0,85.0,0.8207,0.8769,0.0151,0.0357,-0.0067,0.0526,10.5145,0.0,0.0,0.0,9.17500019073486,no_change,2026-09-16T13:52:39,1131.0,835.0
BMNR,2027-03-19,183,Put,15.0,BMNR270319P00015000,1.06,1.26,1.1600000000000001,1.16,-0.31,-21.0884,2.0,8.0,0.8148,-0.1304,0.0153,0.0359,-0.008,-0.0194,1.1957,1.12,1.16,1.12,1.46999996900558,up,2026-09-17T14:44:24,849.0,11.0
BMNR,2027-03-19,183,Call,16.0,BMNR270319C00016000,9.3,10.3,9.8,10.15,1.65,19.4118,1.0,3.0,0.8145,0.853,0.017,0.04,-0.0077,0.0532,9.8189,10.15,10.15,10.15,8.5,down,2026-09-17T13:51:14,778.0,589.0
BMNR,2027-03-19,183,Put,16.0,BMNR270319P00016000,1.3,1.68,1.49,1.68,0.0,0.0,0.0,40.0,0.8219,-0.1546,0.0173,0.0403,-0.0089,-0.023,1.4792,0.0,0.0,0.0,1.69499999284744,up,2026-09-16T10:43:02,1134.0,1069.0
BMNR,2027-03-19,183,Call,17.0,BMNR270319C00017000,8.35,9.9,9.125,10.85,0.0,0.0,0.0,5.0,0.8065,0.8276,0.0189,0.0442,-0.0087,0.0535,9.1608,0.0,0.0,0.0,7.92500019073486,no_change,2026-09-03T14:53:13,808.0,474.0
BMNR,2027-03-19,183,Put,17.0,BMNR270319P00017000,1.5,2.01,1.755,2.0,0.0,0.0,0.0,12.0,0.8042,-0.1805,0.0193,0.0445,-0.0098,-0.0269,1.8013,0.0,0.0,0.0,2.06500005722046,up,2026-09-16T15:50:44,1390.0,950.0
BMNR,2027-03-19,183,Call,18.0,BMNR270319C00018000,8.15,8.95,8.55,8.5,1.125,15.2542,2.0,19.0,0.8129,0.801,0.0207,0.0482,-0.0096,0.0534,8.5405,8.5,8.5,8.5,7.375,down,2026-09-17T10:05:42,794.0,709.0
BMNR,2027-03-19,183,Put,18.0,BMNR270319P00018000,1.91,2.39,2.15,2.4,0.0,0.0,0.0,21.0,0.8085,-0.2075,0.0211,0.0485,-0.0106,-0.0309,2.1617,0.0,0.0,0.0,2.52999997138977,up,2026-09-16T15:09:46,1184.0,830.0
BMNR,2027-03-19,183,Call,19.0,BMNR270319C00019000,7.55,8.35,7.949999999999999,7.05,0.0,0.0,0.0,6.0,0.8065,0.7736,0.0223,0.0518,-0.0105,0.053,7.9581,0.0,0.0,0.0,6.90000009536743,down,2026-09-16T15:52:45,749.0,826.0
BMNR,2027-03-19,183,Put,19.0,BMNR270319P00019000,2.28,2.8,2.54,2.65,-0.21,-7.34266,1.0,18.0,0.8041,-0.2356,0.0228,0.052,-0.0114,-0.0352,2.5607,2.65,2.65,2.65,2.86000001430512,down,2026-09-17T09:44:10,1201.0,707.0
BMNR,2027-03-19,183,Call,20.0,BMNR270319C00020000,7.2,7.65,7.425000000000001,7.2,0.8,12.5,13.0,13899.0,0.8081,0.7455,0.0238,0.055,-0.0112,0.0524,7.4126,7.03,7.2,7.03,6.39999985694885,up,2026-09-17T15:55:13,409.0,1023.0
BMNR,2027-03-19,183,Put,20.0,BMNR270319P00020000,2.76,3.2,2.98,2.98,-0.42,-12.3529,2.0,79.0,0.8027,-0.2643,0.0244,0.0554,-0.0121,-0.0394,2.9975,2.9,2.98,2.9,3.39999997615814,up,2026-09-17T15:55:25,1372.0,635.0
BMNR,2027-03-19,183,Call,21.0,BMNR270319C00021000,6.55,7.3,6.925,6.05,0.0,0.0,0.0,7.0,0.808,0.7171,0.0251,0.0579,-0.0119,0.0515,6.9036,0.0,0.0,0.0,5.90000009536743,down,2026-09-16T14:24:23,873.0,1019.0
BMNR,2027-03-19,183,Put,21.0,BMNR270319P00021000,3.15,3.75,3.45,3.58,-0.295,-7.6129,1.0,9.0,0.8006,-0.2934,0.0258,0.0582,-0.0127,-0.0437,3.4714,3.58,3.58,3.58,3.87499988079071,down,2026-09-17T09:44:10,1252.0,818.0
BMNR,2027-03-19,183,Call,22.0,BMNR270319C00022000,6.2,6.85,6.525,6.73,1.255,22.9224,10.0,98.0,0.8191,0.6887,0.0262,0.0604,-0.0125,0.0505,6.4293,6.69,6.73,6.69,5.47500014305115,up,2026-09-17T13:04:40,1044.0,1307.0
BMNR,2027-03-19,183,Put,22.0,BMNR270319P00022000,3.7,4.25,3.975,4.39,0.0,0.0,0.0,9.0,0.8023,-0.3226,0.027,0.0606,-0.0132,-0.0479,3.981,0.0,0.0,0.0,4.5,up,2026-09-16T13:20:38,924.0,586.0
BMNR,2027-03-19,183,Call,23.0,BMNR270319C00023000,5.55,6.15,5.85,6.23,1.08,20.9709,5.0,3007.0,0.7806,0.6604,0.0272,0.0625,-0.013,0.0492,5.9887,5.65,6.23,5.65,5.14999985694885,up,2026-09-17T13:35:14,1884.0,863.0
BMNR,2027-03-19,183,Put,23.0,BMNR270319P00023000,4.3,4.8,4.55,4.25,-0.95,-18.2692,1.0,13.0,0.8067,-0.3517,0.028,0.0627,-0.0136,-0.0522,4.5254,4.25,4.25,4.25,5.20000004768372,down,2026-09-17T15:22:33,977.0,901.0
BMNR,2027-03-19,183,Call,24.0,BMNR270319C00024000,5.35,5.85,5.6,5.84,1.09,22.9474,42.0,94.0,0.8058,0.6325,0.0279,0.0642,-0.0134,0.0479,5.5798,5.73,5.84,5.73,4.75,up,2026-09-17T15:11:03,1177.0,1047.0
BMNR,2027-03-19,183,Put,24.0,BMNR270319P00024000,4.8,5.35,5.074999999999999,5.1,0.0,0.0,0.0,60.0,0.7985,-0.3805,0.0288,0.0643,-0.014,-0.0564,5.1017,0.0,0.0,0.0,5.72500014305115,down,2026-09-15T11:03:59,1141.0,345.0
BMNR,2027-03-19,183,Call,25.0,BMNR270319C00025000,5.0,5.4,5.2,5.15,0.7,15.7303,76.0,10362.0,0.8027,0.6051,0.0285,0.0656,-0.0138,0.0465,5.2011,5.1,5.5,5.1,4.45000004768372,down,2026-09-17T15:39:07,831.0,946.0
BMNR,2027-03-19,183,Put,25.0,BMNR270319P00025000,5.4,6.0,5.7,6.05,0.0,0.0,0.0,84.0,0.8014,-0.4088,0.0295,0.0656,-0.0142,-0.0604,5.7101,0.0,0.0,0.0,6.375,up,2026-09-16T09:38:06,1175.0,654.0
BMNR,2027-03-19,183,Call,26.0,BMNR270319C00026000,4.65,5.25,4.95,5.0,0.875,21.2121,23.0,204.0,0.8184,0.5784,0.0289,0.0666,-0.0141,0.045,4.8507,4.45,5.0,4.45,4.12499988079071,up,2026-09-17T10:00:43,1163.0,1492.0
BMNR,2027-03-19,183,Put,26.0,BMNR270319P00026000,6.0,6.6,6.3,6.24,-0.86,-12.1127,4.0,0.0,0.7964,-0.4365,0.03,0.0664,-0.0144,-0.0643,6.3468,6.24,6.24,6.24,7.09999990463257,down,2026-09-17T11:00:11,868.0,380.0
BMNR,2027-03-19,183,Call,27.0,BMNR270319C00027000,4.25,4.75,4.5,4.6,0.675,17.1975,105.0,208.0,0.8004,0.5525,0.0292,0.0672,-0.0143,0.0436,4.5267,4.18,4.6,4.18,3.92499995231628,up,2026-09-17T15:23:55,1613.0,871.0
BMNR,2027-03-19,183,Put,27.0,BMNR270319P00027000,6.75,7.5,7.125,6.93,-0.82,-10.5806,5.0,0.0,0.8214,-0.4634,0.0304,0.0669,-0.0146,-0.0677,7.0111,6.93,6.93,6.93,7.74999976158142,down,2026-09-17T14:00:03,702.0,605.0
BMNR,2027-03-19,183,Call,28.0,BMNR270319C00028000,4.05,4.6,4.324999999999999,4.8,0.0,0.0,0.0,354.0,0.82,0.5275,0.0293,0.0676,-0.0144,0.042,4.2274,0.0,0.0,0.0,3.625,down,2026-09-15T11:40:17,1235.0,1402.0
BMNR,2027-03-19,183,Put,28.0,BMNR270319P00028000,7.35,8.05,7.7,8.2,0.0,0.0,0.0,8.0,0.8053,-0.4895,0.0306,0.0672,-0.0146,-0.0712,7.7015,0.0,0.0,0.0,8.52499961853027,down,2026-09-02T15:42:00,770.0,381.0
BMNR,2027-03-19,183,Call,29.0,BMNR270319C00029000,3.75,4.3,4.025,4.15,0.75,22.0588,1.0,84.0,0.8178,0.5034,0.0293,0.0677,-0.0145,0.0405,3.9511,4.15,4.15,4.15,3.39999997615814,up,2026-09-17T14:27:25,1236.0,1312.0
BMNR,2027-03-19,183,Put,29.0,BMNR270319P00029000,8.05,8.95,8.5,0.0,0.0,0.0,0.0,0.0,0.8196,-0.5147,0.0307,0.0671,-0.0146,-0.0744,8.4149,0.0,0.0,0.0,9.2999997138977,no_change,,791.0,583.0
BMNR,2027-03-19,183,Call,30.0,BMNR270319C00030000,3.35,4.1,3.7249999999999996,3.95,0.75,23.4375,56.0,498.0,0.8128,0.4802,0.0292,0.0676,-0.0145,0.039,3.6958,3.5,3.95,3.49,3.19999992847443,no_change,2026-09-17T13:33:29,1973.0,1463.0
BMNR,2027-03-19,183,Put,30.0,BMNR270319P00030000,8.8,9.5,9.15,8.4,0.0,0.0,0.0,21.0,0.8083,-0.539,0.0307,0.0667,-0.0146,-0.0774,9.1508,0.0,0.0,0.0,9.97500038146973,down,2026-09-14T13:24:15,718.0,339.0
BMNR,2027-03-19,183,Call,31.0,BMNR270319C00031000,3.3,3.75,3.525,3.85,0.895,30.2877,2.0,49.0,0.8198,0.4581,0.029,0.0673,-0.0145,0.0374,3.4602,3.25,3.85,3.25,2.95499992370606,up,2026-09-17T15:08:26,846.0,1141.0
BMNR,2027-03-19,183,Put,31.0,BMNR270319P00031000,9.5,10.2,9.85,9.15,0.0,0.0,0.0,190.0,0.8015,-0.5623,0.0306,0.0663,-0.0145,-0.0804,9.9075,0.0,0.0,0.0,10.9000000953674,up,2026-09-14T14:51:33,1574.0,340.0
BMNR,2027-03-19,183,Call,32.0,BMNR270319C00032000,3.05,3.65,3.3499999999999996,3.25,0.0,0.0,0.0,106.0,0.8281,0.4369,0.0287,0.0668,-0.0144,0.036,3.2427,0.0,0.0,0.0,2.80999994277954,down,2026-09-15T13:18:21,1289.0,1421.0
BMNR,2027-03-19,183,Put,32.0,BMNR270319P00032000,10.35,11.15,10.75,0.0,0.0,0.0,0.0,0.0,0.8224,-0.5848,0.0304,0.0655,-0.0144,-0.0826,10.6824,0.0,0.0,0.0,11.7250003814697,no_change,,815.0,560.0
BMNR,2027-03-19,183,Call,33.0,BMNR270319C00033000,2.68,3.45,3.0650000000000004,4.35,0.0,0.0,0.0,174.0,0.8176,0.4167,0.0283,0.0662,-0.0144,0.0346,3.0417,0.0,0.0,0.0,2.5900000333786,no_change,2026-09-11T10:25:22,695.0,185.0
BMNR,2027-03-19,183,Put,33.0,BMNR270319P00033000,11.1,11.85,11.475,10.8,0.0,0.0,0.0,1.0,0.8141,-0.6062,0.0302,0.0645,-0.0142,-0.0848,11.4751,0.0,0.0,0.0,12.4749999046326,down,2026-08-27T10:47:44,160.0,40.0
BMNR,2027-03-19,183,Call,34.0,BMNR270319C00034000,2.52,3.25,2.885,2.38,0.0,0.0,0.0,50.0,0.8206,0.3975,0.0279,0.0653,-0.0142,0.0332,2.856,0.0,0.0,0.0,2.43999993801117,down,2026-09-16T15:50:44,1446.0,1220.0
BMNR,2027-03-19,183,Put,34.0,BMNR270319P00034000,11.85,12.65,12.25,0.0,0.0,0.0,0.0,0.0,0.8108,-0.6266,0.0299,0.0634,-0.0141,-0.0864,12.2842,0.0,0.0,0.0,13.3000001907349,no_change,,700.0,327.0
BMNR,2027-03-19,183,Call,35.0,BMNR270319C00035000,2.52,3.05,2.785,2.76,0.43,18.4549,11.0,522.0,0.834,0.3793,0.0275,0.0644,-0.0141,0.0318,2.6845,2.8,2.8,2.76,2.32999992370605,down,2026-09-17T14:46:14,1260.0,1405.0
BMNR,2027-03-19,183,Put,35.0,BMNR270319P00035000,12.8,13.45,13.125,12.72,0.0,0.0,0.0,2.0,0.8212,-0.6462,0.0295,0.0622,-0.0138,-0.0883,13.1078,0.0,0.0,0.0,14.2749996185303,up,2026-08-31T15:46:49,637.0,271.0
BMNR,2027-03-19,183,Call,36.0,BMNR270319C00036000,2.27,2.88,2.575,2.96,0.0,0.0,0.0,42.0,0.8285,0.362,0.027,0.0635,-0.0139,0.0306,2.5257,0.0,0.0,0.0,2.2150000333786,down,2026-09-09T12:11:27,1227.0,1031.0
BMNR,2027-03-19,183,Put,36.0,BMNR270319P00036000,13.5,14.3,13.9,0.0,0.0,0.0,0.0,0.0,0.8133,-0.6648,0.0291,0.0608,-0.0136,-0.0891,13.9449,0.0,0.0,0.0,15.0749998092651,no_change,,694.0,287.0
BMNR,2027-03-19,183,Call,37.0,BMNR270319C00037000,2.29,2.73,2.51,2.96,0.0,0.0,0.0,22.0,0.8441,0.3456,0.0264,0.0624,-0.0137,0.0293,2.3786,0.0,0.0,0.0,2.0349999666214,up,2026-09-11T14:14:53,4.0,942.0
BMNR,2027-03-19,183,Put,37.0,BMNR270319P00037000,14.35,15.15,14.75,14.9,0.0,0.0,0.0,51.0,0.8155,-0.6826,0.0287,0.0595,-0.0134,-0.0911,14.7948,0.0,0.0,0.0,15.8499994277954,up,2026-08-26T10:56:36,795.0,364.0
BMNR,2027-03-19,183,Call,38.0,BMNR270319C00038000,2.04,2.62,2.33,2.35,0.34,16.9154,3.0,401.0,0.8398,0.33,0.0259,0.0613,-0.0135,0.0281,2.2425,2.35,2.35,2.35,2.0100000500679,up,2026-09-17T12:48:42,1511.0,1530.0
BMNR,2027-03-19,183,Put,38.0,BMNR270319P00038000,15.2,15.95,15.575,0.0,0.0,0.0,0.0,0.0,0.8113,-0.6994,0.0283,0.0579,-0.0131,-0.0916,15.6565,0.0,0.0,0.0,16.7749996185303,no_change,,645.0,231.0
BMNR,2027-03-19,183,Call,39.0,BMNR270319C00039000,2.03,2.35,2.19,2.2,0.41,22.905,13.0,150.0,0.8402,0.3153,0.0253,0.0601,-0.0133,0.027,2.1163,2.03,2.32,2.03,1.78999996185303,no_change,2026-09-17T14:39:13,329.0,1011.0
BMNR,2027-03-19,183,Put,39.0,BMNR270319P00039000,16.2,16.85,16.525,0.0,0.0,0.0,0.0,0.0,0.8273,-0.7156,0.0278,0.0563,-0.0128,-0.0922,16.5287,0.0,0.0,0.0,17.6750001907349,no_change,,576.0,235.0
BMNR,2027-05-21,246,Call,16.0,BMNR270521C00016000,9.55,11.3,10.425,0.0,0.0,0.0,0.0,0.0,0.8074,0.8442,0.0152,0.0484,-0.0068,0.0654,10.5001,0.0,0.0,0.0,0.0,no_change,,681.0,404.0
BMNR,2027-05-21,246,Put,16.0,BMNR270521P00016000,1.68,2.22,1.9500000000000002,0.0,0.0,0.0,0.0,0.0,0.8156,-0.1651,0.0156,0.0488,-0.008,-0.0346,1.9862,0.0,0.0,0.0,0.0,no_change,,1242.0,817.0
BMNR,2027-05-21,246,Call,17.0,BMNR270521C00017000,9.05,10.6,9.825,0.0,0.0,0.0,0.0,0.0,0.8059,0.8215,0.0166,0.0526,-0.0076,0.0658,9.897,0.0,0.0,0.0,0.0,no_change,,676.0,342.0
BMNR,2027-05-21,246,Put,17.0,BMNR270521P00017000,2.07,2.62,2.3449999999999998,0.0,0.0,0.0,0.0,0.0,0.8175,-0.1883,0.017,0.053,-0.0087,-0.0396,2.3563,0.0,0.0,0.0,0.0,no_change,,1282.0,727.0
BMNR,2027-05-21,246,Call,18.0,BMNR270521C00018000,8.55,10.05,9.3,0.0,0.0,0.0,0.0,0.0,0.812,0.7982,0.0179,0.0565,-0.0082,0.0659,9.3282,0.0,0.0,0.0,0.0,no_change,,682.0,452.0
BMNR,2027-05-21,246,Put,18.0,BMNR270521P00018000,2.27,3.25,2.76,0.0,0.0,0.0,0.0,0.0,0.8166,-0.2123,0.0184,0.057,-0.0093,-0.0445,2.7621,0.0,0.0,0.0,0.0,no_change,,1340.0,1078.0
BMNR,2027-05-21,246,Call,19.0,BMNR270521C00019000,8.05,9.5,8.775,0.0,0.0,0.0,0.0,0.0,0.812,0.7744,0.0191,0.0601,-0.0089,0.0657,8.7926,0.0,0.0,0.0,0.0,no_change,,720.0,716.0
BMNR,2027-05-21,246,Put,19.0,BMNR270521P00019000,2.9,3.5,3.2,0.0,0.0,0.0,0.0,0.0,0.8147,-0.2367,0.0197,0.0605,-0.0099,-0.0498,3.2014,0.0,0.0,0.0,0.0,no_change,,1152.0,668.0
BMNR,2027-05-21,246,Call,20.0,BMNR270521C00020000,7.6,8.95,8.274999999999999,0.0,0.0,0.0,0.0,0.0,0.8112,0.7504,0.0202,0.0634,-0.0095,0.0651,8.2894,0.0,0.0,0.0,0.0,no_change,,783.0,771.0
BMNR,2027-05-21,246,Put,20.0,BMNR270521P00020000,3.2,4.0,3.6,0.0,0.0,0.0,0.0,0.0,0.8018,-0.2614,0.0208,0.0638,-0.0104,-0.0548,3.6745,0.0,0.0,0.0,0.0,no_change,,1307.0,779.0
BMNR,2027-05-21,246,Call,21.0,BMNR270521C00021000,7.15,8.45,7.8,0.0,0.0,0.0,0.0,0.0,0.8098,0.7264,0.0211,0.0663,-0.01,0.0644,7.8174,0.0,0.0,0.0,0.0,no_change,,924.0,879.0
BMNR,2027-05-21,246,Put,21.0,BMNR270521P00021000,3.85,4.6,4.225,0.0,0.0,0.0,0.0,0.0,0.8192,-0.2862,0.0219,0.0667,-0.0108,-0.0602,4.1796,0.0,0.0,0.0,0.0,no_change,,1202.0,893.0
BMNR,2027-05-21,246,Call,22.0,BMNR270521C00022000,6.75,8.0,7.375,0.0,0.0,0.0,0.0,0.0,0.8119,0.7025,0.022,0.0689,-0.0105,0.0635,7.3749,0.0,0.0,0.0,0.0,no_change,,1063.0,942.0
BMNR,2027-05-21,246,Put,22.0,BMNR270521P00022000,4.25,5.25,4.75,4.65,4.65,0.0,1.0,0.0,0.8169,-0.311,0.0228,0.0693,-0.0112,-0.0654,4.715,4.65,4.65,4.65,0.0,up,2026-09-17T10:36:01,1079.0,1061.0
BMNR,2027-05-21,246,Call,23.0,BMNR270521C00023000,6.5,7.6,7.05,6.95,6.95,0.0,1.0,0.0,0.8242,0.6789,0.0227,0.0711,-0.0109,0.0625,6.9611,6.95,6.95,6.95,0.0,up,2026-09-17T13:35:14,1007.0,975.0
BMNR,2027-05-21,246,Put,23.0,BMNR270521P00023000,4.85,5.7,5.275,0.0,0.0,0.0,0.0,0.0,0.8109,-0.3356,0.0236,0.0714,-0.0116,-0.0704,5.2805,0.0,0.0,0.0,0.0,no_change,,1041.0,839.0
BMNR,2027-05-21,246,Call,24.0,BMNR270521C00024000,6.15,7.2,6.675000000000001,6.55,6.55,0.0,1.0,0.0,0.8256,0.6556,0.0233,0.073,-0.0113,0.0613,6.574,6.55,6.55,6.55,0.0,up,2026-09-17T13:32:36,924.0,999.0
BMNR,2027-05-21,246,Put,24.0,BMNR270521P00024000,5.4,6.5,5.95,0.0,0.0,0.0,0.0,0.0,0.8223,-0.3598,0.0243,0.0732,-0.0119,-0.0753,5.8731,0.0,0.0,0.0,0.0,no_change,,1087.0,853.0
BMNR,2027-05-21,246,Call,25.0,BMNR270521C00025000,5.6,6.75,6.175,0.0,0.0,0.0,0.0,0.0,0.8072,0.6327,0.0238,0.0746,-0.0116,0.06,6.2121,0.0,0.0,0.0,0.0,no_change,,1158.0,1007.0
BMNR,2027-05-21,246,Put,25.0,BMNR270521P00025000,5.5,6.95,6.225,0.0,0.0,0.0,0.0,0.0,0.7765,-0.3837,0.0249,0.0747,-0.0121,-0.0802,6.4923,0.0,0.0,0.0,0.0,no_change,,1106.0,834.0
BMNR,2027-05-21,246,Call,26.0,BMNR270521C00026000,5.45,6.3,5.875,5.93,5.93,0.0,17.0,0.0,0.8129,0.6104,0.0242,0.0759,-0.0119,0.0587,5.8743,5.88,5.93,5.88,0.0,up,2026-09-17T15:30:39,898.0,1007.0
BMNR,2027-05-21,246,Put,26.0,BMNR270521P00026000,6.65,7.65,7.15,0.0,0.0,0.0,0.0,0.0,0.8146,-0.407,0.0254,0.0759,-0.0123,-0.0849,7.1367,0.0,0.0,0.0,0.0,no_change,,822.0,685.0
BMNR,2027-05-21,246,Call,27.0,BMNR270521C00027000,5.0,6.15,5.575,0.0,0.0,0.0,0.0,0.0,0.8158,0.5887,0.0245,0.077,-0.0121,0.0573,5.5586,0.0,0.0,0.0,0.0,no_change,,1125.0,1031.0
BMNR,2027-05-21,246,Put,27.0,BMNR270521P00027000,6.5,8.5,7.5,0.0,0.0,0.0,0.0,0.0,0.7742,-0.4299,0.0258,0.0768,-0.0125,-0.0892,7.8037,0.0,0.0,0.0,0.0,no_change,,793.0,617.0
BMNR,2027-05-21,246,Call,28.0,BMNR270521C00028000,4.7,5.85,5.275,0.0,0.0,0.0,0.0,0.0,0.8162,0.5677,0.0247,0.0777,-0.0123,0.0559,5.2638,0.0,0.0,0.0,0.0,no_change,,1170.0,1090.0
BMNR,2027-05-21,246,Put,28.0,BMNR270521P00028000,7.9,9.05,8.475000000000001,0.0,0.0,0.0,0.0,0.0,0.8125,-0.4521,0.0261,0.0773,-0.0126,-0.0937,8.4928,0.0,0.0,0.0,0.0,no_change,,807.0,497.0
BMNR,2027-05-21,246,Call,29.0,BMNR270521C00029000,4.45,5.6,5.025,0.0,0.0,0.0,0.0,0.0,0.8206,0.5473,0.0248,0.0782,-0.0124,0.0544,4.9887,0.0,0.0,0.0,0.0,no_change,,1159.0,1101.0
BMNR,2027-05-21,246,Put,29.0,BMNR270521P00029000,8.6,9.95,9.274999999999999,0.0,0.0,0.0,0.0,0.0,0.8253,-0.4736,0.0263,0.0776,-0.0127,-0.0976,9.2029,0.0,0.0,0.0,0.0,no_change,,739.0,632.0
BMNR,2027-05-21,246,Call,30.0,BMNR270521C00030000,4.2,5.35,4.775,0.0,0.0,0.0,0.0,0.0,0.8229,0.5276,0.0249,0.0786,-0.0125,0.053,4.7317,0.0,0.0,0.0,0.0,no_change,,1116.0,1073.0
BMNR,2027-05-21,246,Put,30.0,BMNR270521P00030000,9.35,10.5,9.925,0.0,0.0,0.0,0.0,0.0,0.8165,-0.4945,0.0265,0.0778,-0.0127,-0.1012,9.9317,0.0,0.0,0.0,0.0,no_change,,686.0,516.0
BMNR,2027-05-21,246,Call,31.0,BMNR270521C00031000,3.95,5.1,4.525,0.0,0.0,0.0,0.0,0.0,0.8232,0.5086,0.0249,0.0787,-0.0126,0.0515,4.4914,0.0,0.0,0.0,0.0,no_change,,1144.0,1054.0
BMNR,2027-05-21,246,Put,31.0,BMNR270521P00031000,9.4,11.3,10.350000000000001,0.0,0.0,0.0,0.0,0.0,0.7766,-0.5148,0.0266,0.0777,-0.0127,-0.1049,10.6779,0.0,0.0,0.0,0.0,no_change,,777.0,604.0
BMNR,2027-05-21,246,Call,32.0,BMNR270521C00032000,3.75,4.75,4.25,0.0,0.0,0.0,0.0,0.0,0.8184,0.4903,0.0248,0.0786,-0.0126,0.05,4.2669,0.0,0.0,0.0,0.0,no_change,,1169.0,1083.0
BMNR,2027-05-21,246,Put,32.0,BMNR270521P00032000,10.8,12.1,11.45,0.0,0.0,0.0,0.0,0.0,0.8216,-0.5343,0.0266,0.0773,-0.0127,-0.1082,11.4413,0.0,0.0,0.0,0.0,no_change,,678.0,517.0
BMNR,2027-06-17,273,Call,13.0,BMNR270617C00013000,12.0,13.45,12.725,11.51,0.0,0.0,0.0,20.0,0.8401,0.9025,0.0105,0.0376,-0.0043,0.0666,12.7194,0.0,0.0,0.0,11.3250002861023,down,2026-09-16T13:19:06,144.0,157.0
BMNR,2027-06-17,273,Put,13.0,BMNR270617P00013000,1.08,1.4,1.24,1.34,0.0,0.0,0.0,107.0,0.8405,-0.1061,0.0107,0.038,-0.0058,-0.0251,1.233,0.0,0.0,0.0,1.41499996185303,up,2026-09-16T10:43:45,1463.0,1034.0
BMNR,2027-06-17,273,Call,15.0,BMNR270617C00015000,10.7,12.1,11.399999999999999,9.89,0.0,0.0,0.0,217.0,0.8316,0.8633,0.0132,0.047,-0.0059,0.0696,11.3855,0.0,0.0,0.0,10.2249999046326,down,2026-09-16T15:26:06,1709.0,1083.0
BMNR,2027-06-17,273,Put,15.0,BMNR270617P00015000,1.68,2.03,1.855,1.73,0.0,0.0,0.0,84.0,0.8325,-0.1462,0.0136,0.0475,-0.0071,-0.0347,1.8363,0.0,0.0,0.0,2.17500001192093,up,2026-09-14T12:18:52,1155.0,942.0
BMNR,2027-06-17,273,Call,18.0,BMNR270617C00018000,9.3,10.15,9.725000000000001,9.55,1.125,13.3531,5.0,134.0,0.8344,0.7985,0.017,0.0596,-0.0079,0.071,9.6368,9.55,9.55,9.55,8.42500019073486,no_change,2026-09-17T11:55:06,894.0,907.0
BMNR,2027-06-17,273,Put,18.0,BMNR270617P00018000,2.79,3.0,2.895,3.2,0.0,0.0,0.0,91.0,0.8022,-0.2129,0.0175,0.0601,-0.0089,-0.0507,2.9995,0.0,0.0,0.0,3.27499997615814,down,2026-09-16T14:43:27,1113.0,10.0
BMNR,2027-06-17,273,Call,20.0,BMNR270617C00020000,8.2,9.15,8.675,8.69,1.19,15.8667,7.0,389.0,0.8233,0.7534,0.019,0.0665,-0.009,0.0704,8.631,8.2,8.69,8.15,7.5,up,2026-09-17T10:14:00,1437.0,1537.0
BMNR,2027-06-17,273,Put,20.0,BMNR270617P00020000,3.7,4.4,4.050000000000001,4.0,0.0,0.0,0.0,31.0,0.8331,-0.2595,0.0197,0.067,-0.0099,-0.0618,3.9398,0.0,0.0,0.0,4.47499990463257,up,2026-09-15T14:37:05,1015.0,1059.0
BMNR,2027-06-17,273,Call,23.0,BMNR270617C00023000,6.8,7.8,7.3,7.4,1.0,15.625,12.0,77.0,0.8101,0.6863,0.0213,0.0743,-0.0103,0.068,7.3393,7.1,7.4,7.1,6.40000009536743,up,2026-09-17T10:50:41,1266.0,1151.0
BMNR,2027-06-17,273,Put,23.0,BMNR270617P00023000,5.3,5.75,5.525,5.96,0.0,0.0,0.0,77.0,0.8087,-0.3294,0.0222,0.0747,-0.011,-0.0781,5.5748,0.0,0.0,0.0,6.20000004768372,up,2026-09-16T13:21:48,1217.0,215.0
BMNR,2027-06-17,273,Call,25.0,BMNR270617C00025000,6.2,6.8,6.5,6.5,0.75,13.0435,44.0,287.0,0.8024,0.6431,0.0223,0.078,-0.011,0.0657,6.6064,6.63,6.95,6.5,5.75,down,2026-09-17T15:11:03,1314.0,1010.0
BMNR,2027-06-17,273,Put,25.0,BMNR270617P00025000,6.55,7.2,6.875,7.38,0.0,0.0,0.0,69.0,0.8258,-0.3746,0.0234,0.0781,-0.0115,-0.0888,6.7985,0.0,0.0,0.0,7.39999985694885,up,2026-09-16T15:11:18,998.0,784.0
BMNR,2027-06-17,273,Call,27.0,BMNR270617C00027000,5.7,6.4,6.050000000000001,5.6,0.425,8.21256,1.0,2072.0,0.8284,0.6018,0.023,0.0805,-0.0114,0.0631,5.9631,5.6,5.6,5.6,5.17499995231628,up,2026-09-17T09:47:55,784.0,1625.0
BMNR,2027-06-17,273,Put,27.0,BMNR270617P00027000,7.8,8.45,8.125,8.85,0.0,0.0,0.0,55.0,0.8188,-0.4181,0.0243,0.0804,-0.0119,-0.0982,8.1154,0.0,0.0,0.0,8.72499990463257,up,2026-09-16T15:23:52,667.0,310.0
BMNR,2027-06-17,273,Call,30.0,BMNR270617C00030000,4.9,5.4,5.15,5.05,0.6,13.4832,19.0,499.0,0.8221,0.5444,0.0234,0.0825,-0.0119,0.0588,5.1422,5.2,5.2,5.05,4.44999980926514,down,2026-09-17T15:52:57,675.0,1263.0
BMNR,2027-06-17,273,Put,30.0,BMNR270617P00030000,9.9,10.65,10.275,11.05,0.0,0.0,0.0,28.0,0.8251,-0.4792,0.0251,0.0817,-0.0122,-0.1113,10.2426,0.0,0.0,0.0,11.0750002861023,up,2026-09-16T14:56:06,738.0,476.0
BMNR,2027-06-17,273,Call,32.0,BMNR270617C00032000,4.45,5.15,4.800000000000001,4.85,0.725,17.5758,193.0,98.0,0.839,0.5092,0.0235,0.0829,-0.012,0.056,4.6766,4.85,4.85,4.85,4.125,no_change,2026-09-17T10:15:44,553.0,1573.0
BMNR,2027-06-17,273,Put,32.0,BMNR270617P00032000,11.4,12.3,11.850000000000001,0.0,0.0,0.0,0.0,0.0,0.8367,-0.5169,0.0253,0.0816,-0.0122,-0.119,11.7475,0.0,0.0,0.0,12.5500001907349,no_change,,726.0,559.0
BMNR,2027-06-17,273,Call,35.0,BMNR270617C00035000,3.85,4.35,4.1,4.1,0.65,18.8406,123.0,351.0,0.8317,0.4612,0.0232,0.0824,-0.0121,0.0518,4.0802,4.26,4.26,4.1,3.45000004768372,no_change,2026-09-17T15:31:39,751.0,1296.0
BMNR,2027-06-17,273,Put,35.0,BMNR270617P00035000,13.7,14.65,14.175,13.65,0.0,0.0,0.0,78.0,0.837,-0.569,0.0253,0.0802,-0.0121,-0.1281,14.1132,0.0,0.0,0.0,15.0249996185303,up,2026-09-14T09:39:04,869.0,744.0
BMNR,2027-06-17,273,Call,37.0,BMNR270617C00037000,3.5,4.0,3.75,3.75,0.525,16.2791,285.0,595.0,0.8343,0.4322,0.0228,0.0816,-0.012,0.0491,3.7396,3.45,3.9,3.45,3.22500002384186,no_change,2026-09-17T14:35:55,759.0,1545.0
BMNR,2027-06-17,273,Put,37.0,BMNR270617P00037000,15.35,16.3,15.825,15.88,0.0,0.0,0.0,5.0,0.8422,-0.6009,0.0252,0.0787,-0.012,-0.1336,15.7522,0.0,0.0,0.0,16.7250003814697,up,2026-09-15T12:24:07,767.0,621.0
BMNR,2027-09-17,365,Call,13.0,BMNR270917C00013000,12.45,14.45,13.45,14.45,0.0,0.0,0.0,4.0,0.8758,0.8903,0.0096,0.0463,-0.0037,0.0799,13.2853,0.0,0.0,0.0,11.9250001907349,up,2026-09-08T15:23:03,654.0,687.0
BMNR,2027-09-17,365,Put,13.0,BMNR270917P00013000,1.56,1.89,1.725,1.74,0.0,0.0,0.0,178.0,0.8426,-0.1162,0.0099,0.0469,-0.0053,-0.0389,1.7149,0.0,0.0,0.0,2.04500007629395,up,2026-09-15T14:39:40,1593.0,944.0
BMNR,2027-09-17,365,Call,15.0,BMNR270917C00015000,11.6,12.55,12.075,12.5,1.725,16.0093,1.0,215.0,0.8314,0.8547,0.0117,0.0558,-0.0049,0.0834,12.0801,12.5,12.5,12.5,10.7750000953674,up,2026-09-17T14:32:18,1599.0,1197.0
BMNR,2027-09-17,365,Put,15.0,BMNR270917P00015000,2.18,2.64,2.41,2.21,0.0,0.0,0.0,18.0,0.8294,-0.153,0.0121,0.0565,-0.0063,-0.0515,2.4267,0.0,0.0,0.0,2.58000004291534,down,2026-09-14T15:50:00,983.0,721.0
BMNR,2027-09-17,365,Call,18.0,BMNR270917C00018000,10.15,11.1,10.625,10.72,1.37,14.6524,4.0,50.0,0.8437,0.7982,0.0144,0.0683,-0.0064,0.0857,10.4978,10.72,10.72,10.72,9.34999990463257,up,2026-09-17T13:05:55,985.0,1077.0
BMNR,2027-09-17,365,Put,18.0,BMNR270917P00018000,3.55,3.85,3.7,3.6,-0.325,-8.28026,1.0,68.0,0.8211,-0.2116,0.015,0.0692,-0.0076,-0.0714,3.7277,3.6,3.6,3.6,3.92500007152557,up,2026-09-17T14:49:11,1102.0,305.0
BMNR,2027-09-17,365,Call,20.0,BMNR270917C00020000,9.1,10.2,9.649999999999999,9.1,0.0,0.0,0.0,159.0,0.8317,0.7601,0.0159,0.0752,-0.0073,0.0856,9.581,0.0,0.0,0.0,8.72499990463257,up,2026-09-16T12:43:27,1583.0,1272.0
BMNR,2027-09-17,365,Put,20.0,BMNR270917P00020000,4.55,4.85,4.699999999999999,4.71,-0.34,-6.73267,6.0,28.0,0.8175,-0.2516,0.0167,0.076,-0.0083,-0.0851,4.7383,4.71,4.71,4.71,5.04999995231628,down,2026-09-17T15:53:00,781.0,230.0
BMNR,2027-09-17,365,Call,23.0,BMNR270917C00023000,8.15,8.6,8.375,8.41,0.91,12.1333,14.0,73.0,0.8195,0.7039,0.0177,0.0834,-0.0084,0.084,8.388,8.02,8.74,8.02,7.5,down,2026-09-17T15:50:52,1017.0,777.0
BMNR,2027-09-17,365,Put,23.0,BMNR270917P00023000,6.15,6.7,6.425000000000001,6.62,0.0,0.0,0.0,81.0,0.8187,-0.3108,0.0188,0.084,-0.0092,-0.1049,6.4453,0.0,0.0,0.0,7.05000019073486,up,2026-09-16T09:39:27,1119.0,533.0
BMNR,2027-09-17,365,Call,25.0,BMNR270917C00025000,7.4,8.3,7.8500000000000005,7.25,0.0,0.0,0.0,365.0,0.8385,0.6678,0.0186,0.0874,-0.0089,0.0822,7.6996,0.0,0.0,0.0,6.75,down,2026-09-16T15:50:09,1460.0,1563.0
BMNR,2027-09-17,365,Put,25.0,BMNR270917P00025000,7.4,8.25,7.825,7.6,-0.875,-10.3245,1.0,47.0,0.836,-0.3491,0.0198,0.0879,-0.0096,-0.1177,7.6963,7.6,7.6,7.6,8.47499990463257,down,2026-09-17T12:34:59,943.0,1033.0
BMNR,2027-09-17,365,Call,27.0,BMNR270917C00027000,6.85,7.6,7.225,7.35,0.95,14.8437,2.0,39.0,0.8376,0.6334,0.0192,0.0906,-0.0094,0.0801,7.0862,7.3,7.35,7.3,6.40000009536743,up,2026-09-17T12:55:21,787.0,1103.0
BMNR,2027-09-17,365,Put,27.0,BMNR270917P00027000,8.7,9.35,9.024999999999999,8.88,0.0,0.0,0.0,5.0,0.8221,-0.386,0.0207,0.0907,-0.0099,-0.1297,9.026,0.0,0.0,0.0,9.52500009536743,up,2026-09-15T10:32:01,536.0,446.0
BMNR,2027-09-17,365,Call,30.0,BMNR270917C00030000,6.1,6.55,6.324999999999999,6.78,1.28,23.2727,1.0,188.0,0.8286,0.5849,0.0198,0.0936,-0.0098,0.0764,6.2868,6.78,6.78,6.78,5.5,up,2026-09-17T15:37:41,904.0,980.0
BMNR,2027-09-17,365,Put,30.0,BMNR270917P00030000,10.8,11.6,11.2,0.0,0.0,0.0,0.0,0.0,0.8298,-0.4384,0.0216,0.0933,-0.0102,-0.146,11.1507,0.0,0.0,0.0,11.9749999046326,no_change,,633.0,523.0
BMNR,2027-09-17,365,Call,32.0,BMNR270917C00032000,5.55,6.15,5.85,5.7,0.0,0.0,0.0,396.0,0.8293,0.5549,0.02,0.0948,-0.0101,0.0738,5.8237,0.0,0.0,0.0,5.09999990463257,down,2026-09-15T14:55:04,1198.0,1150.0
BMNR,2027-09-17,365,Put,32.0,BMNR270917P00032000,12.4,13.55,12.975000000000001,12.2,0.0,0.0,0.0,11.0,0.8621,-0.4713,0.022,0.0939,-0.0102,-0.1553,12.6418,0.0,0.0,0.0,13.5250000953674,down,2026-09-04T09:46:23,454.0,641.0
BMNR,2027-09-17,365,Call,35.0,BMNR270917C00035000,5.05,5.85,5.449999999999999,5.15,0.0,0.0,0.0,358.0,0.8545,0.5133,0.0201,0.0956,-0.0103,0.0698,5.2168,0.0,0.0,0.0,4.72500014305115,up,2026-09-16T15:47:36,720.0,1645.0
BMNR,2027-09-17,365,Put,35.0,BMNR270917P00035000,14.5,15.4,14.95,0.0,0.0,0.0,0.0,0.0,0.8275,-0.5173,0.0224,0.0938,-0.0103,-0.1682,14.9746,0.0,0.0,0.0,15.9749999046326,no_change,,751.0,557.0
BMNR,2027-09-17,365,Call,37.0,BMNR270917C00037000,4.7,4.9,4.800000000000001,5.1,0.85,20.0,27.0,627.0,0.8262,0.4878,0.02,0.0956,-0.0103,0.0673,4.8628,5.0,5.1,5.0,4.25,up,2026-09-17T13:58:34,165.0,1.0
BMNR,2027-09-17,365,Put,37.0,BMNR270917P00037000,16.15,17.05,16.6,16.4,0.0,0.0,0.0,1.0,0.8344,-0.5459,0.0225,0.0929,-0.0102,-0.1748,16.5849,0.0,0.0,0.0,17.6000003814697,up,2026-09-15T12:25:05,646.0,464.0
BMNR,2028-01-21,491,Call,3.0,BMNR280121C00003000,19.55,22.45,21.0,21.5,0.0,0.0,0.0,77.0,0.0,0.9983,0.0008,0.0057,0.0,0.0343,21.2889,0.0,0.0,0.0,20.1750001907349,up,2026-09-15T13:46:12,32.0,25.0
BMNR,2028-01-21,491,Put,3.0,BMNR280121P00003000,0.03,0.12,0.075,0.12,0.0,0.0,0.0,588.0,0.9441,-0.0075,0.0008,0.0058,-0.0006,-0.0036,0.101,0.0,0.0,0.0,0.0599999986588955,no_change,2026-09-15T13:45:11,588.0,5.0
BMNR,2028-01-21,491,Call,5.0,BMNR280121C00005000,19.1,20.65,19.875,19.65,1.15,6.21622,1.0,519.0,1.101,0.9856,0.0019,0.0136,0.0,0.0529,19.6104,19.65,19.65,19.65,18.5,up,2026-09-17T10:14:53,997.0,910.0
BMNR,2028-01-21,491,Put,5.0,BMNR280121P00005000,0.22,0.4,0.31,0.36,0.0,0.0,0.0,1860.0,0.9433,-0.0204,0.0019,0.0137,-0.0012,-0.0097,0.2945,0.0,0.0,0.0,0.500000004656613,up,2026-09-15T14:54:12,533.0,869.0
BMNR,2028-01-21,491,Call,10.0,BMNR280121C00010000,15.5,16.2,15.85,15.85,0.825,5.49085,9.0,9689.0,0.8414,0.9309,0.0059,0.0394,-0.001,0.0848,15.9357,16.32,16.32,15.85,15.0249996185303,down,2026-09-17T15:44:57,1737.0,1043.0
BMNR,2028-01-21,491,Put,10.0,BMNR280121P00010000,1.16,1.44,1.2999999999999998,1.39,0.0,0.0,0.0,5141.0,0.8605,-0.0766,0.0061,0.04,-0.0034,-0.0369,1.3119,0.0,0.0,0.0,1.16499996185303,up,2026-09-16T10:05:45,731.0,710.0
BMNR,2028-01-21,491,Call,13.0,BMNR280121C00013000,13.65,14.75,14.2,14.4,1.525,11.8447,4.0,1480.0,0.8633,0.8875,0.0084,0.0552,-0.0026,0.0955,14.0987,14.05,14.4,14.05,12.875,up,2026-09-17T12:57:48,1659.0,1453.0
BMNR,2028-01-21,491,Put,13.0,BMNR280121P00013000,2.17,2.39,2.2800000000000002,2.22,-0.25,-10.1215,1.0,1963.0,0.841,-0.1216,0.0088,0.056,-0.0046,-0.059,2.3024,2.22,2.22,2.22,2.47000002861023,up,2026-09-17T10:59:53,528.0,421.0
BMNR,2028-01-21,491,Call,15.0,BMNR280121C00015000,12.5,13.6,13.05,13.6,1.9,16.2393,7.0,6739.0,0.8422,0.8564,0.01,0.0648,-0.0035,0.1,13.0184,12.4,13.6,12.4,11.7000002861023,up,2026-09-17T14:14:48,1814.0,1496.0
BMNR,2028-01-21,491,Put,15.0,BMNR280121P00015000,3.0,3.15,3.075,3.25,0.0,0.0,0.0,25428.0,0.8315,-0.1542,0.0105,0.0658,-0.0053,-0.075,3.1129,0.0,0.0,0.0,3.25,down,2026-09-16T15:35:54,296.0,248.0
BMNR,2028-01-21,491,Call,18.0,BMNR280121C00018000,11.2,12.3,11.75,11.85,1.4,13.3971,7.0,3500.0,0.8503,0.8084,0.0121,0.0773,-0.0048,0.1036,11.5945,11.83,12.1,11.82,10.4499998092651,down,2026-09-17T14:31:52,1586.0,1617.0
BMNR,2028-01-21,491,Put,18.0,BMNR280121P00018000,4.35,4.65,4.5,4.5,-0.525,-10.4478,8.0,1786.0,0.8257,-0.2049,0.0128,0.0786,-0.0063,-0.0997,4.5352,4.5,4.5,4.5,5.02500009536743,no_change,2026-09-17T15:50:22,661.0,181.0
BMNR,2028-01-21,491,Call,20.0,BMNR280121C00020000,10.35,11.05,10.7,10.66,0.91,9.33333,56.0,19688.0,0.8201,0.7765,0.0132,0.0843,-0.0055,0.1045,10.7632,10.5,11.25,10.3,9.75,down,2026-09-17T15:58:57,1673.0,1010.0
BMNR,2028-01-21,491,Put,20.0,BMNR280121P00020000,5.35,5.75,5.55,5.4,-0.45,-7.69231,13.0,11731.0,0.8208,-0.2388,0.0141,0.0856,-0.0068,-0.1163,5.6076,5.5,5.6,5.4,5.85000014305115,down,2026-09-17T13:16:03,858.0,250.0
BMNR,2028-01-21,491,Call,23.0,BMNR280121C00023000,9.2,9.8,9.5,9.91,1.21,13.908,10.0,2834.0,0.8076,0.73,0.0146,0.093,-0.0064,0.1041,9.6697,9.65,10.1,9.65,8.7000002861023,down,2026-09-17T14:31:45,1838.0,435.0
BMNR,2028-01-21,491,Put,23.0,BMNR280121P00023000,7.0,7.7,7.35,7.35,-0.35,-4.54545,4.0,3075.0,0.8225,-0.2889,0.0158,0.0941,-0.0074,-0.1407,7.3809,7.35,7.35,7.35,7.70000004768372,down,2026-09-17T09:56:41,1700.0,1240.0
BMNR,2028-01-21,491,Call,25.0,BMNR280121C00025000,8.8,9.15,8.975000000000001,9.1,1.1,13.75,77.0,12733.0,0.82,0.7003,0.0153,0.0975,-0.0068,0.1031,9.0305,8.7,9.38,8.45,8.0,down,2026-09-17T15:30:42,851.0,404.0
BMNR,2028-01-21,491,Put,25.0,BMNR280121P00025000,8.4,9.25,8.825,8.54,-0.585,-6.41096,35.0,6196.0,0.8426,-0.3212,0.0167,0.0984,-0.0077,-0.1553,8.6594,8.75,8.8,8.54,9.125,no_change,2026-09-17T13:12:06,830.0,1568.0
BMNR,2028-01-21,491,Call,28.0,BMNR280121C00028000,7.85,8.7,8.274999999999999,8.5,1.075,14.4781,243.0,6092.0,0.8353,0.6581,0.0161,0.1028,-0.0074,0.1007,8.1873,8.5,8.5,8.48,7.42499995231628,no_change,2026-09-17T14:21:03,1328.0,1574.0
BMNR,2028-01-21,491,Put,28.0,BMNR280121P00028000,10.45,10.9,10.675,10.52,-1.13,-9.69957,9.0,4814.0,0.8241,-0.3677,0.0178,0.1032,-0.008,-0.1774,10.7023,10.57,10.57,10.52,11.6500000953674,no_change,2026-09-17T10:31:25,716.0,274.0
BMNR,2028-01-21,491,Call,30.0,BMNR280121C00030000,7.35,8.1,7.725,7.65,0.775,11.2727,23.0,16803.0,0.8312,0.6316,0.0165,0.1054,-0.0078,0.0989,7.6919,7.81,8.05,7.65,6.875,down,2026-09-17T15:40:10,1323.0,1398.0
BMNR,2028-01-21,491,Put,30.0,BMNR280121P00030000,11.75,12.45,12.1,12.7,0.0,0.0,0.0,7071.0,0.8244,-0.3972,0.0185,0.1053,-0.0081,-0.1888,12.138,0.0,0.0,0.0,12.6749997138977,up,2026-09-16T14:39:31,1287.0,561.0
BMNR,2028-01-21,491,Call,33.0,BMNR280121C00033000,6.8,7.4,7.1,7.19,0.94,15.04,2.0,1875.0,0.8366,0.5945,0.0169,0.1082,-0.0081,0.0956,7.0345,7.3,7.3,7.19,6.25,down,2026-09-17T14:47:00,943.0,1250.0
BMNR,2028-01-21,491,Put,33.0,BMNR280121P00033000,14.0,14.8,14.4,15.0,0.0,0.0,0.0,645.0,0.8319,-0.4391,0.0192,0.1074,-0.0082,-0.2088,14.3854,0.0,0.0,0.0,15.5250000953674,up,2026-09-16T12:28:24,1327.0,757.0
BMNR,2028-01-21,491,Call,35.0,BMNR280121C00035000,6.35,7.15,6.75,6.5,0.625,10.6383,44.0,3931.0,0.8421,0.5714,0.017,0.1095,-0.0083,0.0934,6.6456,6.33,6.55,6.33,5.875,down,2026-09-17T11:27:19,1186.0,1592.0
BMNR,2028-01-21,491,Put,35.0,BMNR280121P00035000,15.5,16.4,15.95,16.6,0.0,0.0,0.0,1792.0,0.8336,-0.4655,0.0196,0.1077,-0.0082,-0.2178,15.939,0.0,0.0,0.0,16.5,down,2026-09-16T14:04:01,1470.0,827.0
BMNR,2028-01-21,491,Call,38.0,BMNR280121C00038000,5.9,6.75,6.325,6.35,0.925,17.0507,3.0,1262.0,0.854,0.5392,0.0171,0.1106,-0.0085,0.0899,6.1257,6.35,6.35,6.35,5.42500019073486,up,2026-09-17T10:19:29,917.0,1727.0
BMNR,2028-01-21,491,Put,38.0,BMNR280121P00038000,17.9,18.9,18.4,18.16,-1.44,-7.34694,2.0,576.0,0.8414,-0.5029,0.02,0.1077,-0.0082,-0.2315,18.3419,18.16,18.16,18.16,19.6000003814697,down,2026-09-17T13:59:43,1446.0,1062.0
BMNR,2028-01-21,491,Call,40.0,BMNR280121C00040000,5.6,6.0,5.8,5.85,0.7,13.5922,471.0,15806.0,0.8369,0.5192,0.0171,0.111,-0.0086,0.0877,5.8161,5.55,6.13,5.55,5.15000009536743,down,2026-09-17T15:59:47,787.0,653.0
BMNR,2028-01-21,491,Put,40.0,BMNR280121P00040000,19.55,20.3,19.925,20.52,0.0,0.0,0.0,3969.0,0.8328,-0.5264,0.0203,0.1073,-0.0081,-0.2398,19.9843,0.0,0.0,0.0,20.8499994277954,down,2026-09-16T14:06:13,1415.0,636.0
BMNR,2028-01-21,491,Call,43.0,BMNR280121C00043000,5.15,5.55,5.35,5.6,0.625,12.5628,34.0,3217.0,0.8378,0.4914,0.0171,0.111,-0.0087,0.0843,5.3987,5.54,5.6,5.42,4.97500014305115,no_change,2026-09-17T14:20:39,835.0,491.0
BMNR,2028-01-21,491,Put,43.0,BMNR280121P00043000,22.05,23.0,22.525,23.05,0.0,0.0,0.0,406.0,0.844,-0.5597,0.0206,0.1052,-0.008,-0.2472,22.5053,0.0,0.0,0.0,23.3499994277954,down,2026-09-15T14:52:58,1460.0,832.0
BMNR,2028-01-21,491,Call,45.0,BMNR280121C00045000,4.8,5.45,5.125,5.2,0.7,15.5556,38.0,4400.0,0.8426,0.4742,0.017,0.1107,-0.0088,0.082,5.1483,5.35,5.35,5.09,4.5,no_change,2026-09-17T15:03:56,1491.0,1064.0
BMNR,2028-01-21,491,Put,45.0,BMNR280121P00045000,23.75,24.6,24.175,24.0,0.0,0.0,0.0,949.0,0.8406,-0.5805,0.0207,0.1042,-0.0079,-0.2535,24.2179,0.0,0.0,0.0,25.3249998092651,down,2026-09-15T10:48:34,1492.0,578.0
BMNR,2028-01-21,491,Call,47.0,BMNR280121C00047000,4.6,5.45,5.025,4.95,0.0,0.0,0.0,711.0,0.8572,0.458,0.0168,0.1102,-0.0088,0.0799,4.9176,0.0,0.0,0.0,4.07500004768372,down,2026-09-16T14:57:56,1389.0,1660.0
BMNR,2028-01-21,491,Put,47.0,BMNR280121P00047000,25.3,26.6,25.950000000000003,26.63,0.0,0.0,0.0,320.0,0.8471,-0.6006,0.0208,0.1029,-0.0077,-0.2612,25.9532,0.0,0.0,0.0,26.3000001907349,down,2026-09-16T14:05:18,1818.0,1240.0
BMNR,2028-01-21,491,Call,50.0,BMNR280121C00050000,4.45,4.85,4.65,4.59,0.54,13.3333,102.0,26271.0,0.8557,0.4353,0.0166,0.1094,-0.0088,0.0769,4.6035,4.41,4.85,4.37,4.04999995231628,down,2026-09-17T15:51:04,107.0,240.0
BMNR,2028-01-21,491,Put,50.0,BMNR280121P00050000,28.1,28.9,28.5,28.7,-0.975,-3.28559,1.0,3847.0,0.8419,-0.6289,0.021,0.0998,-0.0075,-0.2628,28.5943,28.7,28.7,28.7,29.6750001907349,down,2026-09-17T12:04:33,1482.0,168.0
BMNR,2028-01-21,491,Call,55.0,BMNR280121C00055000,3.8,4.35,4.074999999999999,4.23,0.605,16.6897,16.0,3457.0,0.8509,0.4016,0.0162,0.1073,-0.0088,0.0719,4.1528,4.15,4.23,4.14,3.625,up,2026-09-17T12:00:08,1615.0,628.0
BMNR,2028-01-21,491,Put,55.0,BMNR280121P00055000,32.55,33.5,33.025,32.4,0.0,0.0,0.0,1486.0,0.8515,-0.6723,0.0211,0.0939,-0.0071,-0.2644,33.0875,0.0,0.0,0.0,34.2749996185303,up,2026-09-14T11:06:36,1581.0,609.0
BMNR,2028-01-21,491,Call,60.0,BMNR280121C00060000,3.55,3.9,3.7249999999999996,3.75,0.425,12.782,67.0,10116.0,0.8601,0.3722,0.0157,0.1049,-0.0087,0.0676,3.7755,3.65,3.95,3.65,3.32500004768372,down,2026-09-17T15:57:00,1135.0,219.0
BMNR,2028-01-21,491,Put,60.0,BMNR280121P00060000,37.2,38.3,37.75,36.52,0.0,0.0,0.0,2062.0,0.874,-0.7115,0.0212,0.088,-0.0066,-0.2658,37.6694,0.0,0.0,0.0,38.6999988555908,up,2026-09-14T15:11:07,1399.0,1286.0
BMNR,2028-01-21,491,Call,65.0,BMNR280121C00065000,3.3,3.6,3.45,3.5,0.275,8.52713,44.0,3881.0,0.8709,0.3465,0.0152,0.1022,-0.0085,0.0636,3.4559,3.45,3.66,3.41,3.22500002384186,down,2026-09-17T15:34:58,623.0,420.0
BMNR,2028-01-21,491,Put,65.0,BMNR280121P00065000,41.7,43.0,42.35,41.73,0.0,0.0,0.0,348.0,0.8742,-0.7473,0.0213,0.0815,-0.0061,-0.2627,42.3283,0.0,0.0,0.0,43.3999996185303,up,2026-09-14T11:26:21,1611.0,990.0
BMNR,2028-01-21,491,Call,70.0,BMNR280121C00070000,3.05,3.35,3.2,3.22,0.385,13.5802,51.0,3596.0,0.8797,0.3238,0.0147,0.0995,-0.0084,0.06,3.1828,3.05,3.4,3.05,2.83499991893768,down,2026-09-17T15:39:47,462.0,501.0
BMNR,2028-01-21,491,Put,70.0,BMNR280121P00070000,46.1,47.9,47.0,47.27,0.0,0.0,0.0,26.0,0.8715,-0.7796,0.0212,0.074,-0.0055,-0.2501,47.0466,0.0,0.0,0.0,48.1499996185303,up,2026-09-01T12:53:53,523.0,435.0
BMNR,2028-01-21,491,Call,75.0,BMNR280121C00075000,2.68,3.15,2.915,3.06,0.43,16.3498,80.0,3594.0,0.8809,0.3038,0.0142,0.0968,-0.0082,0.0567,2.9468,2.81,3.15,2.81,2.62999999523163,up,2026-09-17T13:28:50,1338.0,757.0
BMNR,2028-01-21,491,Put,75.0,BMNR280121P00075000,50.9,52.7,51.8,61.2,0.0,0.0,0.0,0.0,0.882,-0.8093,0.0211,0.067,-0.005,-0.2372,51.8142,0.0,0.0,0.0,52.9499988555908,down,2026-06-29T09:35:20,471.0,425.0
BMNR,2028-01-21,491,Call,80.0,BMNR280121C00080000,2.58,3.05,2.815,2.75,0.115,4.36433,6.0,7075.0,0.8981,0.2859,0.0137,0.0941,-0.0081,0.0537,2.7415,2.87,2.87,2.75,2.63499999046326,down,2026-09-17T11:50:12,729.0,1202.0
BMNR,2028-01-21,491,Put,80.0,BMNR280121P00080000,56.0,57.15,56.575,56.29,0.0,0.0,0.0,58.0,0.8805,-0.8381,0.0215,0.0585,-0.0045,-0.2178,56.6303,0.0,0.0,0.0,58.1749992370606,no_change,2026-08-28T14:43:02,639.0,327.0
BMNR,2028-01-21,491,Call,85.0,BMNR280121C00085000,2.43,2.83,2.63,2.65,0.28,11.8143,58.0,4799.0,0.9037,0.27,0.0132,0.0914,-0.0079,0.051,2.5617,2.61,2.7,2.61,2.37000000476837,up,2026-09-17T15:35:42,493.0,1122.0
BMNR,2028-01-21,491,Put,85.0,BMNR280121P00085000,60.8,61.9,61.349999999999994,69.85,0.0,0.0,0.0,0.0,0.8692,-0.8637,0.0215,0.0523,-0.0039,-0.1979,61.4775,0.0,0.0,0.0,62.7000007629394,no_change,2026-06-23T11:06:00,448.0,214.0
BMNR,2028-01-21,491,Call,90.0,BMNR280121C00090000,2.2,2.74,2.47,2.41,0.195,8.80362,459.0,15028.0,0.9094,0.2556,0.0127,0.0889,-0.0078,0.0486,2.4028,2.3,2.55,2.3,2.21499991416931,down,2026-09-17T15:51:04,837.0,1333.0
BMNR,2028-01-21,491,Put,90.0,BMNR280121P00090000,65.7,67.2,66.45,64.87,0.0,0.0,0.0,65.0,0.9228,-0.8888,0.0223,0.0444,-0.0028,-0.1688,66.3537,0.0,0.0,0.0,67.5999984741211,up,2026-09-14T14:11:06,755.0,718.0
BMNR,2028-01-21,491,Call,95.0,BMNR280121C00095000,2.14,2.42,2.2800000000000002,2.21,0.19,9.40594,408.0,38976.0,0.9096,0.2427,0.0123,0.0865,-0.0076,0.0463,2.2615,2.19,2.4,2.12,2.01999998092651,down,2026-09-17T15:43:41,635.0,725.0
BMNR,2028-01-21,491,Put,95.0,BMNR280121P00095000,70.6,71.65,71.125,71.9,0.0,0.0,0.0,350.0,0.8465,-0.9117,0.0226,0.0368,-0.0025,-0.1,71.2578,0.0,0.0,0.0,72.5750007629394,no_change,2026-09-15T14:51:31,1577.0,901.0
BMNR,2028-06-16,638,Call,3.0,BMNR280616C00003000,19.75,22.55,21.15,20.25,0.0,0.0,0.0,353.0,0.0,0.9992,0.0008,0.0079,0.0,0.042,21.4529,0.0,0.0,0.0,19.125,no_change,2026-09-16T15:47:35,889.0,804.0
BMNR,2028-06-16,638,Put,3.0,BMNR280616P00003000,0.08,0.25,0.165,0.19,0.0,0.0,0.0,59.0,0.967,-0.0093,0.0008,0.008,-0.0006,-0.006,0.146,0.0,0.0,0.0,0.430000005289912,no_change,2026-09-15T15:22:10,46.0,8.0
BMNR,2028-06-16,638,Call,5.0,BMNR280616C00005000,18.5,21.25,19.875,18.75,0.0,0.0,0.0,490.0,0.894,0.9847,0.002,0.0178,0.0,0.0632,19.893,0.0,0.0,0.0,17.75,down,2026-09-16T14:40:17,921.0,263.0
BMNR,2028-06-16,638,Put,5.0,BMNR280616P00005000,0.21,0.57,0.38999999999999996,0.46,0.0,0.0,0.0,89.0,0.8861,-0.0242,0.002,0.0181,-0.0012,-0.0158,0.4222,0.0,0.0,0.0,1.3999999538064,down,2026-09-15T12:34:17,698.0,733.0
BMNR,2028-06-16,638,Call,10.0,BMNR280616C00010000,15.35,17.25,16.3,16.8,1.9,12.7517,2.0,2108.0,0.7975,0.9301,0.0054,0.0466,-0.0012,0.098,16.5924,16.8,16.8,16.8,14.8999996185303,down,2026-09-17T13:24:32,1670.0,1290.0
BMNR,2028-06-16,638,Put,10.0,BMNR280616P00010000,1.66,1.82,1.74,1.72,0.055,3.3033,18.0,421.0,0.8629,-0.0811,0.0056,0.0476,-0.0031,-0.0542,1.7332,1.72,1.8,1.72,1.66500002145767,no_change,2026-09-17T14:10:55,392.0,110.0
BMNR,2028-06-16,638,Call,13.0,BMNR280616C00013000,14.35,15.65,15.0,15.43,1.955,14.5083,4.0,1688.0,0.854,0.8909,0.0073,0.0627,-0.0024,0.1099,14.9724,14.6,15.43,14.6,13.4749999046326,up,2026-09-17T13:38:01,1602.0,1283.0
BMNR,2028-06-16,638,Put,13.0,BMNR280616P00013000,2.78,2.99,2.885,2.86,-0.26,-8.33333,1.0,1254.0,0.8477,-0.1224,0.0078,0.0641,-0.0041,-0.0827,2.8968,2.86,2.86,2.86,3.12000000476837,down,2026-09-17T10:56:55,199.0,120.0
BMNR,2028-06-16,638,Call,15.0,BMNR280616C00015000,13.5,14.4,13.95,14.09,1.09,8.38461,4.0,2528.0,0.8347,0.8639,0.0085,0.0723,-0.0031,0.1151,14.0188,13.8,14.09,13.8,13.0,up,2026-09-17T12:04:22,1451.0,1066.0
BMNR,2028-06-16,638,Put,15.0,BMNR280616P00015000,3.65,3.95,3.8,3.75,-0.125,-3.2258,1.0,5102.0,0.8433,-0.1512,0.0091,0.0739,-0.0047,-0.1024,3.8067,3.75,3.75,3.75,3.87499988079071,down,2026-09-17T13:19:27,506.0,141.0
BMNR,2028-06-16,638,Call,18.0,BMNR280616C00018000,12.3,12.95,12.625,12.65,0.675,5.63674,31.0,1668.0,0.8238,0.8233,0.0101,0.0848,-0.0041,0.1202,12.7517,12.5,13.0,12.5,11.9749999046326,down,2026-09-17T15:42:19,1336.0,555.0
BMNR,2028-06-16,638,Put,18.0,BMNR280616P00018000,5.15,5.65,5.4,5.12,0.0,0.0,0.0,283.0,0.8448,-0.1951,0.011,0.0867,-0.0054,-0.1325,5.3466,0.0,0.0,0.0,5.57499980926514,up,2026-09-14T15:58:46,575.0,762.0
BMNR,2028-06-16,638,Call,20.0,BMNR280616C00020000,11.3,12.55,11.925,11.99,1.14,10.5069,4.0,3327.0,0.8277,0.7967,0.011,0.092,-0.0046,0.1222,12.0023,12.0,12.35,11.99,10.8499999046326,down,2026-09-17T15:37:17,1772.0,1306.0
BMNR,2028-06-16,638,Put,20.0,BMNR280616P00020000,6.25,6.6,6.425,6.5,-0.25,-3.7037,5.0,1958.0,0.8307,-0.2242,0.012,0.0939,-0.0059,-0.1522,6.4763,6.5,6.5,6.48,6.75,up,2026-09-17T15:51:32,652.0,125.0
BMNR,2028-06-16,638,Call,22.0,BMNR280616C00022000,10.9,11.7,11.3,11.54,1.265,12.3114,5.0,1406.0,0.8324,0.7707,0.0117,0.0982,-0.0051,0.1231,11.3191,11.5,11.75,11.5,10.2750000953674,no_change,2026-09-17T12:52:02,1646.0,1023.0
BMNR,2028-06-16,638,Put,22.0,BMNR280616P00022000,7.4,7.95,7.675000000000001,7.39,0.0,0.0,0.0,640.0,0.8339,-0.2529,0.013,0.1001,-0.0062,-0.1712,7.6786,0.0,0.0,0.0,8.25,down,2026-09-11T13:21:57,755.0,561.0
BMNR,2028-06-16,638,Call,25.0,BMNR280616C00025000,10.05,10.5,10.275,10.5,1.15,12.2995,11.0,6259.0,0.8204,0.7332,0.0127,0.106,-0.0057,0.1234,10.4036,10.3,10.6,10.3,9.35000038146973,up,2026-09-17T15:57:28,1004.0,20.0
BMNR,2028-06-16,638,Put,25.0,BMNR280616P00025000,9.3,9.75,9.525,9.77,0.0,0.0,0.0,5383.0,0.8253,-0.2948,0.0143,0.1076,-0.0067,-0.1986,9.6028,0.0,0.0,0.0,9.97499990463257,up,2026-09-15T14:44:59,769.0,212.0
BMNR,2028-06-16,638,Call,27.0,BMNR280616C00027000,9.6,10.4,10.0,9.9,0.975,10.9244,25.0,1065.0,0.8448,0.7093,0.0132,0.1103,-0.0061,0.1227,9.8568,9.79,10.13,9.77,8.92500019073486,down,2026-09-17T14:36:11,572.0,1191.0
BMNR,2028-06-16,638,Put,27.0,BMNR280616P00027000,10.6,11.4,11.0,11.28,0.0,0.0,0.0,155.0,0.8357,-0.3219,0.0151,0.1115,-0.0069,-0.2148,10.9566,0.0,0.0,0.0,11.3499999046326,up,2026-09-16T09:46:24,808.0,957.0
BMNR,2028-06-16,638,Call,30.0,BMNR280616C00030000,8.85,9.35,9.1,9.36,1.185,14.4954,9.0,3937.0,0.8297,0.6751,0.0138,0.1155,-0.0065,0.1214,9.119,9.35,9.5,9.35,8.17500019073486,no_change,2026-09-17T13:44:49,603.0,658.0
BMNR,2028-06-16,638,Put,30.0,BMNR280616P00030000,12.65,13.3,12.975000000000001,12.91,0.0,0.0,0.0,328.0,0.8227,-0.3609,0.016,0.116,-0.0072,-0.2384,13.0749,0.0,0.0,0.0,13.5250000953674,up,2026-09-15T12:30:37,912.0,453.0
BMNR,2028-06-16,638,Call,32.0,BMNR280616C00032000,8.0,9.35,8.675,7.85,0.0,0.0,0.0,1262.0,0.8313,0.6535,0.0142,0.1182,-0.0067,0.12,8.6751,0.0,0.0,0.0,7.72499990463257,down,2026-09-16T14:41:18,1851.0,1282.0
BMNR,2028-06-16,638,Put,32.0,BMNR280616P00032000,14.2,15.1,14.649999999999999,14.05,0.0,0.0,0.0,156.0,0.8401,-0.386,0.0166,0.1183,-0.0073,-0.2536,14.5453,0.0,0.0,0.0,15.0250000953674,up,2026-09-14T14:44:29,612.0,894.0
BMNR,2028-06-16,638,Call,35.0,BMNR280616C00035000,7.65,8.6,8.125,8.45,1.225,16.955,26.0,1635.0,0.8359,0.6229,0.0146,0.1215,-0.007,0.1176,8.0725,8.18,8.45,8.18,7.22499990463257,up,2026-09-17T10:59:41,1049.0,1148.0
BMNR,2028-06-16,638,Put,35.0,BMNR280616P00035000,16.55,17.15,16.85,16.87,-0.605,-3.46209,246.0,583.0,0.8337,-0.4223,0.0174,0.1204,-0.0075,-0.2709,16.8248,16.8,16.91,16.8,17.4750003814697,down,2026-09-17T15:57:45,497.0,405.0
BMNR,2028-06-16,638,Call,37.0,BMNR280616C00037000,7.45,7.85,7.65,7.65,0.625,8.8968,194.0,11007.0,0.8273,0.6036,0.0147,0.1232,-0.0072,0.1159,7.7075,7.4,8.0,7.1,7.02499985694885,no_change,2026-09-17T15:51:52,142.0,175.0
BMNR,2028-06-16,638,Put,37.0,BMNR280616P00037000,18.15,18.95,18.549999999999997,18.55,-0.525,-2.75229,60.0,3319.0,0.8453,-0.4456,0.0178,0.1213,-0.0076,-0.2843,18.3883,18.4,18.55,18.4,19.0749998092651,up,2026-09-17T15:58:43,562.0,669.0
BMNR,2029-01-19,855,Call,13.0,BMNR290119C00013000,15.5,16.75,16.125,16.35,1.925,13.3449,7.0,235.0,0.8546,0.902,0.0063,0.0703,-0.0014,0.1294,15.9827,15.91,16.5,15.75,14.4250001907349,up,2026-09-17T12:58:13,940.0,1314.0
BMNR,2029-01-19,855,Put,13.0,BMNR290119P00013000,3.35,3.55,3.45,3.45,-0.05,-1.42857,61.0,216.0,0.8314,-0.119,0.0068,0.0726,-0.0033,-0.1153,3.4709,3.45,3.6,3.41,3.5,down,2026-09-17T13:14:15,517.0,1.0
BMNR,2029-01-19,855,Call,15.0,BMNR290119C00015000,14.8,15.8,15.3,15.5,1.6,11.5108,8.0,21.0,0.8496,0.8791,0.0072,0.0801,-0.002,0.1359,15.15,15.5,15.5,15.5,13.9000000953674,up,2026-09-17T09:56:50,101.0,1316.0
BMNR,2029-01-19,855,Put,15.0,BMNR290119P00015000,4.3,4.7,4.5,4.4,-0.55,-11.1111,1.0,14.0,0.8353,-0.1442,0.0079,0.0827,-0.0038,-0.14,4.4628,4.4,4.4,4.4,4.95000004768372,down,2026-09-17T13:20:54,436.0,421.0
BMNR,2029-01-19,855,Call,18.0,BMNR290119C00018000,13.35,14.45,13.899999999999999,14.03,0.93,7.09924,22.0,28.0,0.8125,0.8452,0.0083,0.0929,-0.0028,0.1427,14.0401,13.55,14.03,13.49,13.0999999046326,no_change,2026-09-17T15:26:10,1325.0,1250.0
BMNR,2029-01-19,855,Put,18.0,BMNR290119P00018000,5.75,6.45,6.1,5.82,0.0,0.0,0.0,22.0,0.8269,-0.1821,0.0094,0.0958,-0.0043,-0.1772,6.105,0.0,0.0,0.0,6.0,down,2026-09-14T15:58:46,1349.0,674.0
BMNR,2029-01-19,855,Call,20.0,BMNR290119C00020000,13.2,13.7,13.45,13.95,1.625,13.1846,4.0,21.0,0.833,0.8233,0.009,0.1003,-0.0032,0.1458,13.3803,13.23,13.95,13.23,12.3249998092651,up,2026-09-17T14:52:26,2.0,1045.0
BMNR,2029-01-19,855,Put,20.0,BMNR290119P00020000,7.0,7.6,7.3,7.31,-0.49,-6.28205,508.0,622.0,0.8271,-0.2071,0.0103,0.1033,-0.0046,-0.2003,7.2891,7.15,7.4,7.15,7.80000019073486,down,2026-09-17T11:38:48,655.0,508.0
BMNR,2029-01-19,855,Call,22.0,BMNR290119C00022000,10.65,14.7,12.675,11.67,0.0,0.0,0.0,16.0,0.8158,0.802,0.0096,0.1069,-0.0036,0.1479,12.7753,0.0,0.0,0.0,11.5500001907349,down,2026-09-16T13:32:13,1638.0,1550.0
BMNR,2029-01-19,855,Put,22.0,BMNR290119P00022000,6.35,8.7,7.5249999999999995,8.85,0.0,0.0,0.0,206.0,0.735,-0.2316,0.0112,0.1099,-0.0049,-0.2234,8.5363,0.0,0.0,0.0,8.52500009536743,up,2026-09-16T13:32:13,2240.0,1.0
BMNR,2029-01-19,855,Call,23.0,BMNR290119C00023000,11.9,13.05,12.475000000000001,12.85,2.125,19.8135,7.0,33.0,0.8233,0.7916,0.0099,0.1099,-0.0038,0.1486,12.4917,12.3,12.97,12.3,10.7249999046326,down,2026-09-17T13:38:01,510.0,610.0
BMNR,2029-01-19,855,Put,23.0,BMNR290119P00023000,8.7,9.6,9.149999999999999,9.18,-0.32,-3.36842,21.0,31.0,0.822,-0.2437,0.0116,0.1128,-0.0051,-0.2352,9.1812,9.34,9.34,9.18,9.5,down,2026-09-17T11:14:14,657.0,363.0
BMNR,2029-01-19,855,Call,25.0,BMNR290119C00025000,11.25,12.25,11.75,11.98,1.155,10.6697,19.0,158.0,0.8064,0.7713,0.0104,0.1153,-0.0041,0.1498,11.9582,11.9,12.4,11.9,10.8249998092651,no_change,2026-09-17T15:13:31,1643.0,926.0
BMNR,2029-01-19,855,Put,25.0,BMNR290119P00025000,10.05,11.2,10.625,10.45,-0.1,-0.947869,1.0,12.0,0.8341,-0.2675,0.0123,0.1181,-0.0053,-0.2557,10.5104,10.45,10.45,10.45,10.5500001907349,down,2026-09-17T14:36:11,1420.0,1242.0
BMNR,2029-01-19,855,Call,27.0,BMNR290119C00027000,10.75,12.2,11.475,11.4,1.175,11.4914,18.0,149.0,0.825,0.7518,0.0108,0.1202,-0.0044,0.1503,11.4654,11.4,11.4,11.4,10.2249999046326,up,2026-09-17T09:56:20,1601.0,1485.0
BMNR,2029-01-19,855,Put,27.0,BMNR290119P00027000,11.4,12.15,11.775,11.77,-0.18,-1.50627,9.0,1.0,0.8151,-0.2907,0.013,0.1225,-0.0055,-0.2758,11.8877,11.82,11.82,11.77,11.9499998092651,no_change,2026-09-17T10:31:25,1434.0,1.0
BMNR,2029-01-19,855,Call,30.0,BMNR290119C00030000,10.3,11.5,10.9,10.77,0.645,6.37037,13.0,47.0,0.8327,0.7239,0.0114,0.1263,-0.0048,0.1502,10.7942,10.7,10.89,10.7,10.125,down,2026-09-17T12:12:33,1204.0,1455.0
BMNR,2029-01-19,855,Put,30.0,BMNR290119P00030000,13.4,14.5,13.95,13.24,0.0,0.0,0.0,10.0,0.8178,-0.3245,0.0139,0.1279,-0.0057,-0.3041,14.0338,0.0,0.0,0.0,13.6749997138977,up,2026-09-14T15:49:11,1728.0,569.0
BMNR,2029-01-19,855,Call,32.0,BMNR290119C00032000,9.55,11.15,10.350000000000001,10.87,1.645,17.832,6.0,12.0,0.8218,0.7062,0.0117,0.1297,-0.005,0.1498,10.3861,10.87,10.87,10.87,9.22500014305115,up,2026-09-17T15:54:55,1898.0,1539.0
BMNR,2029-01-19,855,Put,32.0,BMNR290119P00032000,14.75,16.35,15.55,15.27,0.0,0.0,0.0,90.0,0.8275,-0.3464,0.0145,0.1308,-0.0059,-0.3222,15.5125,0.0,0.0,0.0,15.75,up,2026-09-14T13:22:05,1836.0,1194.0
BMNR,2029-01-19,855,Call,35.0,BMNR290119C00035000,9.35,10.05,9.7,10.4,1.675,19.1977,52.0,9.0,0.8159,0.681,0.0121,0.1341,-0.0053,0.1486,9.8258,9.75,10.4,9.75,8.72499990463257,up,2026-09-17T15:54:55,1049.0,517.0
BMNR,2029-01-19,855,Put,35.0,BMNR290119P00035000,17.5,18.05,17.775,17.8,0.325,1.8598,305.0,1.0,0.8242,-0.3777,0.0153,0.134,-0.006,-0.3456,17.7887,17.86,17.86,17.65,17.4750003814697,up,2026-09-17T15:58:43,248.0,144.0
BMNR,2029-01-19,855,Call,40.0,BMNR290119C00040000,8.75,9.05,8.9,9.0,1.075,13.5647,296.0,2368.0,0.8189,0.6423,0.0125,0.1396,-0.0057,0.146,9.0094,8.63,9.4,8.5,7.92499995231628,up,2026-09-17T15:59:36,1.0,135.0
BMNR,2029-01-19,855,Put,40.0,BMNR290119P00040000,21.1,22.3,21.700000000000003,21.5,0.05,0.233101,1.0,20.0,0.824,-0.4278,0.0165,0.1372,-0.0062,-0.3793,21.7368,21.5,21.5,21.5,21.4499998092651,down,2026-09-17T11:59:08,1345.0,459.0
