root,expiration,dte,type,strike,option,bid,ask,mid,last_trade_price,change,percent_change,volume,open_interest,iv,delta,gamma,vega,theta,rho,theo,open,high,low,prev_day_close,tick,last_trade_time,bid_size,ask_size
BMNR,2026-09-04,2,Call,5.0,BMNR260904C00005000,16.75,19.35,18.05,19.09,0.0,0.0,0.0,7.0,0.0,1.0,0.0,0.0,0.0,0.0007,18.4042,0.0,0.0,0.0,18.7749996185303,down,2026-09-01T11:45:17,252.0,46.0
BMNR,2026-09-04,2,Put,5.0,BMNR260904P00005000,0.0,0.01,0.005,0.06,0.0,0.0,0.0,190.0,7.1436,0.0,0.0,0.0,0.0,0.0,0.0,0.0,0.0,0.0,0.00499999988824129,up,2026-08-31T12:23:37,0.0,111.0
BMNR,2026-09-04,2,Call,7.0,BMNR260904C00007000,14.75,17.15,15.95,17.25,0.0,0.0,0.0,7.0,0.0,1.0,0.0,0.0,0.0,0.001,16.4054,0.0,0.0,0.0,16.6999998092651,no_change,2026-09-01T11:42:06,255.0,44.0
BMNR,2026-09-04,2,Put,7.0,BMNR260904P00007000,0.0,0.01,0.005,0.01,0.0,0.0,0.0,4.0,5.6222,0.0,0.0,0.0,0.0,0.0,0.0,0.0,0.0,0.0,0.00499999988824129,no_change,2026-09-01T10:46:02,0.0,10.0
BMNR,2026-09-04,2,Call,8.0,BMNR260904C00008000,13.75,16.35,15.05,15.82,0.0,0.0,0.0,6.0,0.0,1.0,0.0,0.0,0.0,0.0011,15.406,0.0,0.0,0.0,15.5250000953674,down,2026-09-01T13:00:36,258.0,72.0
BMNR,2026-09-04,2,Put,8.0,BMNR260904P00008000,0.0,0.49,0.245,0.0,0.0,0.0,0.0,0.0,0.0,0.0,0.0,0.0,0.0,0.0,0.0,0.0,0.0,0.0,0.00999999977648258,no_change,,0.0,19.0
BMNR,2026-09-04,2,Call,9.0,BMNR260904C00009000,12.8,15.15,13.975000000000001,14.91,0.0,0.0,0.0,4.0,0.0,1.0,0.0,0.0,0.0,0.0012,14.4066,0.0,0.0,0.0,14.5749998092651,down,2026-09-01T13:00:36,256.0,91.0
BMNR,2026-09-04,2,Put,9.0,BMNR260904P00009000,0.0,0.53,0.265,0.0,0.0,0.0,0.0,0.0,8.1517,0.0,0.0,0.0,-0.0001,0.0,0.0001,0.0,0.0,0.0,0.00999999977648258,no_change,,0.0,19.0
BMNR,2026-09-04,2,Call,10.0,BMNR260904C00010000,11.85,14.5,13.175,13.4,0.0,0.0,0.0,43.0,0.0,1.0,0.0001,0.0,0.0,0.0014,13.4072,0.0,0.0,0.0,13.2749996185303,down,2026-09-01T15:24:11,407.0,204.0
BMNR,2026-09-04,2,Put,10.0,BMNR260904P00010000,0.0,0.01,0.005,0.15,0.0,0.0,0.0,71.0,4.0256,-0.0001,0.0001,0.0,-0.0001,0.0,0.0001,0.0,0.0,0.0,0.00499999988824129,up,2026-08-19T10:22:26,0.0,11.0
BMNR,2026-09-04,2,Call,11.0,BMNR260904C00011000,10.85,13.2,12.024999999999999,12.72,0.0,0.0,0.0,21.0,0.0,1.0,0.0001,0.0,0.0,0.0015,12.4079,0.0,0.0,0.0,12.2750000953674,no_change,2026-09-01T13:49:26,356.0,157.0
BMNR,2026-09-04,2,Put,11.0,BMNR260904P00011000,0.0,0.01,0.005,0.01,0.0,0.0,0.0,1012.0,3.5996,-0.0001,0.0001,0.0,-0.0001,0.0,0.0002,0.0,0.0,0.0,0.00499999988824129,no_change,2026-08-24T15:31:50,0.0,11.0
BMNR,2026-09-04,2,Call,11.5,BMNR260904C00011500,10.65,12.45,11.55,11.48,-0.32,-2.71187,1.0,17.0,0.0,1.0,0.0001,0.0,0.0,0.0016,11.9082,11.48,11.48,11.48,11.8000001907349,down,2026-09-02T10:09:09,278.0,95.0
BMNR,2026-09-04,2,Put,11.5,BMNR260904P00011500,0.0,1.07,0.535,0.01,0.0,0.0,0.0,3248.0,7.5723,-0.0002,0.0001,0.0,-0.0002,0.0,0.0002,0.0,0.0,0.0,0.00499999988824129,no_change,2026-08-28T12:25:45,0.0,20.0
BMNR,2026-09-04,2,Call,12.0,BMNR260904C00012000,10.1,11.85,10.975,11.05,-0.275,-2.42826,1.0,10.0,0.0,1.0,0.0002,0.0,0.0,0.0016,11.4085,11.05,11.05,11.05,11.3250002861023,down,2026-09-02T10:09:09,278.0,74.0
BMNR,2026-09-04,2,Put,12.0,BMNR260904P00012000,0.0,0.01,0.005,0.01,0.0,0.0,0.0,11031.0,3.2102,-0.0002,0.0002,0.0,-0.0002,0.0,0.0002,0.0,0.0,0.0,0.00499999988824129,no_change,2026-08-28T12:25:37,0.0,1.0
BMNR,2026-09-04,2,Call,12.5,BMNR260904C00012500,9.7,11.6,10.649999999999999,11.33,0.0,0.0,0.0,9.0,0.0,1.0,0.0002,0.0,0.0,0.0017,10.9089,0.0,0.0,0.0,10.9249997138977,down,2026-09-01T12:45:14,256.0,50.0
BMNR,2026-09-04,2,Put,12.5,BMNR260904P00012500,0.0,0.27,0.135,0.01,0.0,0.0,0.0,11495.0,4.8691,-0.0003,0.0002,0.0,-0.0003,0.0,0.0003,0.0,0.0,0.0,0.00499999988824129,no_change,2026-09-01T13:22:39,0.0,1899.0
BMNR,2026-09-04,2,Call,13.0,BMNR260904C00013000,9.2,10.9,10.05,10.37,0.0,0.0,0.0,17.0,0.0,0.9999,0.0003,0.0,0.0,0.0018,10.4093,0.0,0.0,0.0,10.375,down,2026-09-01T15:11:07,383.0,49.0
BMNR,2026-09-04,2,Put,13.0,BMNR260904P00013000,0.0,0.05,0.025,0.01,0.0,0.0,0.0,9348.0,3.4626,-0.0004,0.0003,0.0,-0.0004,0.0,0.0004,0.0,0.0,0.0,0.00499999988824129,no_change,2026-08-28T13:32:09,0.0,1109.0
BMNR,2026-09-04,2,Call,13.5,BMNR260904C00013500,9.0,10.1,9.55,9.35,-0.525,-5.31646,1.0,17.0,0.0,0.9998,0.0004,0.0,0.0,0.0018,9.9096,9.35,9.35,9.35,9.875,down,2026-09-02T10:09:30,317.0,42.0
BMNR,2026-09-04,2,Put,13.5,BMNR260904P00013500,0.0,0.01,0.005,0.01,0.0,0.0,0.0,2555.0,2.6814,-0.0004,0.0004,0.0,-0.0004,0.0,0.0004,0.0,0.0,0.0,0.00499999988824129,no_change,2026-08-28T13:31:40,0.0,1.0
BMNR,2026-09-04,2,Call,14.0,BMNR260904C00014000,8.55,9.5,9.025,8.92,-0.48,-5.10638,1.0,386.0,0.0,0.9997,0.0005,0.0,0.0,0.0019,9.4101,8.92,8.92,8.92,9.40000009536743,down,2026-09-02T10:09:30,1334.0,295.0
BMNR,2026-09-04,2,Put,14.0,BMNR260904P00014000,0.0,0.1,0.05,0.01,0.0,0.0,0.0,1099.0,3.4119,-0.0006,0.0005,0.0,-0.0006,0.0,0.0006,0.0,0.0,0.0,0.00499999988824129,down,2026-08-31T09:30:05,0.0,2111.0
BMNR,2026-09-04,2,Call,14.5,BMNR260904C00014500,8.05,9.1,8.575,8.85,0.0,0.0,0.0,13.0,0.0,0.9995,0.0007,0.0,0.0,0.002,8.9105,0.0,0.0,0.0,8.875,down,2026-09-01T15:28:09,281.0,64.0
BMNR,2026-09-04,2,Put,14.5,BMNR260904P00014500,0.0,0.01,0.005,0.01,0.0,0.0,0.0,386.0,2.3589,-0.0008,0.0007,0.0,-0.0007,0.0,0.0007,0.0,0.0,0.0,0.00499999988824129,no_change,2026-08-31T09:53:19,0.0,1.0
BMNR,2026-09-04,2,Call,15.0,BMNR260904C00015000,7.35,8.75,8.05,8.42,0.0,0.0,0.0,35.0,0.0,0.9992,0.001,0.0001,0.0,0.002,8.411,0.0,0.0,0.0,8.42500019073486,down,2026-09-01T15:28:09,293.0,111.0
BMNR,2026-09-04,2,Put,15.0,BMNR260904P00015000,0.0,0.47,0.235,0.01,0.0,0.0,0.0,424.0,4.1368,-0.001,0.001,0.0001,-0.0009,0.0,0.0009,0.0,0.0,0.0,0.00499999988824129,no_change,2026-08-31T11:40:50,0.0,2357.0
BMNR,2026-09-04,2,Call,15.5,BMNR260904C00015500,6.85,8.1,7.475,8.45,0.0,0.0,0.0,52.0,0.0,0.9989,0.0013,0.0001,-0.0003,0.0021,7.9116,0.0,0.0,0.0,7.94999980926514,down,2026-09-01T13:21:40,356.0,51.0
BMNR,2026-09-04,2,Put,15.5,BMNR260904P00015500,0.0,0.01,0.005,0.01,0.0,0.0,0.0,60.0,2.0562,-0.0014,0.0013,0.0001,-0.0012,0.0,0.0012,0.0,0.0,0.0,0.00499999988824129,down,2026-08-31T09:31:15,0.0,5.0
BMNR,2026-09-04,2,Call,16.0,BMNR260904C00016000,7.35,7.7,7.525,6.96,-0.34,-4.65753,1.0,63.0,3.0801,0.9984,0.0018,0.0001,-0.0007,0.0022,7.4123,6.96,6.96,6.96,7.29999995231628,down,2026-09-02T10:19:52,138.0,218.0
BMNR,2026-09-04,2,Put,16.0,BMNR260904P00016000,0.0,0.01,0.005,0.01,0.0,0.0,0.0,232.0,1.9113,-0.0018,0.0018,0.0001,-0.0016,0.0,0.0016,0.0,0.0,0.0,0.00499999988824129,no_change,2026-08-31T09:53:40,0.0,5.0
BMNR,2026-09-04,2,Call,16.5,BMNR260904C00016500,6.55,7.15,6.85,7.62,0.0,0.0,0.0,85.0,0.0,0.9978,0.0026,0.0001,-0.0013,0.0022,6.9131,0.0,0.0,0.0,6.79999995231628,up,2026-09-01T11:46:24,425.0,122.0
BMNR,2026-09-04,2,Put,16.5,BMNR260904P00016500,0.0,0.01,0.005,0.01,0.0,0.0,0.0,282.0,1.7702,-0.0025,0.0026,0.0001,-0.0021,0.0,0.0021,0.0,0.0,0.0,0.00499999988824129,no_change,2026-08-31T13:19:10,0.0,5.0
BMNR,2026-09-04,2,Call,17.0,BMNR260904C00017000,6.0,6.65,6.325,6.82,0.0,0.0,0.0,287.0,0.0,0.9968,0.0036,0.0002,-0.002,0.0023,6.4142,0.0,0.0,0.0,6.32500004768372,down,2026-09-01T12:37:47,1060.0,624.0
BMNR,2026-09-04,2,Put,17.0,BMNR260904P00017000,0.0,0.01,0.005,0.01,0.0,0.0,0.0,193.0,1.6327,-0.0034,0.0036,0.0002,-0.0028,0.0,0.0029,0.0,0.0,0.0,0.00499999988824129,down,2026-09-01T14:27:47,0.0,5.0
BMNR,2026-09-04,2,Call,17.5,BMNR260904C00017500,5.6,6.1,5.85,6.85,0.0,0.0,0.0,148.0,0.0,0.9955,0.0051,0.0002,-0.0031,0.0024,5.9155,0.0,0.0,0.0,5.77500009536743,down,2026-08-31T12:31:10,887.0,480.0
BMNR,2026-09-04,2,Put,17.5,BMNR260904P00017500,0.0,0.04,0.02,0.01,0.0,0.0,0.0,261.0,1.796,-0.0048,0.0051,0.0002,-0.0038,0.0,0.0039,0.0,0.0,0.0,0.00499999988824129,down,2026-09-01T14:00:44,0.0,1380.0
BMNR,2026-09-04,2,Call,18.0,BMNR260904C00018000,5.2,5.65,5.425000000000001,5.16,-0.24,-4.44445,3.0,423.0,1.5458,0.9936,0.0074,0.0003,-0.0046,0.0024,5.4173,5.16,5.16,5.16,5.40000009536743,no_change,2026-09-02T09:30:13,876.0,641.0
BMNR,2026-09-04,2,Put,18.0,BMNR260904P00018000,0.0,0.04,0.02,0.02,0.0,0.0,0.0,939.0,1.6437,-0.0067,0.0074,0.0003,-0.0052,0.0,0.0054,0.0,0.0,0.0,0.0199999995529652,down,2026-08-31T14:02:31,0.0,1453.0
BMNR,2026-09-04,2,Call,18.5,BMNR260904C00018500,4.25,5.1,4.675,5.45,0.0,0.0,0.0,1106.0,0.0,0.9906,0.0107,0.0005,-0.0066,0.0025,4.9199,0.0,0.0,0.0,4.82500004768372,down,2026-09-01T09:59:25,1525.0,578.0
BMNR,2026-09-04,2,Put,18.5,BMNR260904P00018500,0.0,0.25,0.125,0.03,0.0,0.0,0.0,200.0,2.1321,-0.0096,0.0107,0.0005,-0.0072,0.0,0.0077,0.0,0.0,0.0,0.135000005364418,up,2026-08-28T15:59:14,0.0,1829.0
BMNR,2026-09-04,2,Call,19.0,BMNR260904C00019000,4.15,4.6,4.375,4.22,-0.205,-4.63277,3.0,824.0,0.0,0.9863,0.0156,0.0006,-0.0097,0.0026,4.4235,4.24,4.24,4.2,4.42499995231628,up,2026-09-02T10:03:40,1147.0,649.0
BMNR,2026-09-04,2,Put,19.0,BMNR260904P00019000,0.0,0.05,0.025,0.01,0.0,0.0,0.0,915.0,1.3974,-0.014,0.0156,0.0006,-0.0102,0.0,0.011,0.0,0.0,0.0,0.0149999996647239,down,2026-09-01T13:16:07,0.0,1579.0
BMNR,2026-09-04,2,Call,19.5,BMNR260904C00019500,3.8,4.25,4.025,3.81,-0.065,-1.67742,7.0,929.0,1.7045,0.9797,0.0231,0.0009,-0.0141,0.0026,3.9289,3.84,3.84,3.81,3.87499988079071,down,2026-09-02T10:13:13,587.0,796.0
BMNR,2026-09-04,2,Put,19.5,BMNR260904P00019500,0.0,0.03,0.015,0.02,0.0,0.0,0.0,335.0,1.1495,-0.0206,0.0231,0.0009,-0.0146,-0.0001,0.0161,0.0,0.0,0.0,0.0149999996647239,up,2026-09-01T14:45:37,0.0,1.0
BMNR,2026-09-04,2,Call,20.0,BMNR260904C00020000,3.35,3.6,3.475,3.35,-0.075,-2.18978,6.0,13180.0,1.3182,0.9694,0.0344,0.0013,-0.0207,0.0026,3.4372,3.03,3.35,3.03,3.42499995231628,up,2026-09-02T09:56:50,322.0,533.0
BMNR,2026-09-04,2,Put,20.0,BMNR260904P00020000,0.0,0.03,0.015,0.02,-0.005,-20.0,3.0,1785.0,1.0116,-0.0309,0.0345,0.0013,-0.0211,-0.0001,0.0242,0.02,0.02,0.02,0.0249999994412065,down,2026-09-02T09:52:18,0.0,511.0
BMNR,2026-09-04,2,Call,20.5,BMNR260904C00020500,2.87,3.1,2.9850000000000003,2.95,0.0,0.0,0.0,630.0,1.1923,0.9532,0.0516,0.0018,-0.0304,0.0026,2.9504,0.0,0.0,0.0,2.94999992847443,down,2026-09-01T14:28:01,126.0,563.0
BMNR,2026-09-04,2,Put,20.5,BMNR260904P00020500,0.01,0.04,0.025,0.02,-0.02,-50.0,3.0,995.0,0.9559,-0.0471,0.0516,0.0018,-0.0307,-0.0001,0.0371,0.08,0.08,0.02,0.0400000000372529,down,2026-09-02T10:13:19,386.0,453.0
BMNR,2026-09-04,2,Call,21.0,BMNR260904C00021000,2.4,2.58,2.49,2.64,0.17,6.8826,25.0,2401.0,1.0391,0.9277,0.0769,0.0025,-0.0446,0.0026,2.4719,1.95,2.64,1.85,2.46999990940094,up,2026-09-02T10:23:29,128.0,791.0
BMNR,2026-09-04,2,Put,21.0,BMNR260904P00021000,0.03,0.05,0.04,0.03,-0.04,-57.1429,22.0,2835.0,0.8921,-0.0726,0.077,0.0025,-0.0449,-0.0002,0.0583,0.06,0.06,0.03,0.0699999984353781,down,2026-09-02T10:27:13,1793.0,694.0
BMNR,2026-09-04,2,Call,21.5,BMNR260904C00021500,1.8,2.19,1.995,1.92,-0.15,-7.24638,28.0,479.0,0.8808,0.8875,0.1128,0.0035,-0.0648,0.0026,2.0077,1.62,1.92,1.56,2.07000005245209,up,2026-09-02T09:42:28,1014.0,865.0
BMNR,2026-09-04,2,Put,21.5,BMNR260904P00021500,0.06,0.08,0.07,0.08,-0.035,-30.4348,7.0,283.0,0.846,-0.1129,0.1131,0.0035,-0.0651,-0.0004,0.0938,0.08,0.08,0.08,0.114999998360872,no_change,2026-09-02T10:24:51,538.0,278.0
BMNR,2026-09-04,2,Call,22.0,BMNR260904C00022000,1.51,1.59,1.55,1.62,-0.005,-0.307692,2129.0,1840.0,0.8345,0.826,0.1594,0.0047,-0.0911,0.0024,1.568,1.22,1.63,1.12,1.625,up,2026-09-02T10:23:28,370.0,142.0
BMNR,2026-09-04,2,Put,22.0,BMNR260904P00022000,0.12,0.15,0.135,0.14,-0.05,-26.3158,69.0,5950.0,0.8326,-0.1746,0.16,0.0047,-0.0914,-0.0005,0.1539,0.27,0.27,0.14,0.190000005066395,down,2026-09-02T10:16:09,395.0,400.0
BMNR,2026-09-04,2,Call,22.5,BMNR260904C00022500,1.11,1.21,1.1600000000000001,1.09,-0.16,-12.8,36.0,514.0,0.8265,0.737,0.2105,0.006,-0.1204,0.0022,1.1683,1.0,1.22,0.93,1.25,down,2026-09-02T10:06:40,287.0,444.0
BMNR,2026-09-04,2,Put,22.5,BMNR260904P00022500,0.21,0.27,0.24,0.27,-0.04,-12.9032,553.0,832.0,0.8167,-0.264,0.2116,0.006,-0.1208,-0.0008,0.2541,0.46,0.46,0.27,0.310000002384186,no_change,2026-09-02T10:15:53,1452.0,384.0
BMNR,2026-09-04,2,Call,23.0,BMNR260904C00023000,0.82,0.86,0.84,0.82,-0.105,-11.3513,600.0,1473.0,0.8396,0.6211,0.2509,0.007,-0.1442,0.0019,0.8275,0.65,0.92,0.54,0.924999982118606,down,2026-09-02T10:25:28,34.0,199.0
BMNR,2026-09-04,2,Put,23.0,BMNR260904P00023000,0.4,0.42,0.41000000000000003,0.42,-0.055,-11.5789,500.0,6637.0,0.8167,-0.3805,0.2527,0.007,-0.1451,-0.001,0.4135,0.56,0.7,0.38,0.474999994039536,no_change,2026-09-02T10:26:11,309.0,20.0
BMNR,2026-09-04,2,Call,23.5,BMNR260904C00023500,0.55,0.59,0.5700000000000001,0.56,-0.105,-15.7895,509.0,893.0,0.8322,0.4909,0.2638,0.0073,-0.1528,0.0015,0.5606,0.51,0.65,0.4,0.66499999165535,down,2026-09-02T10:25:48,192.0,136.0
BMNR,2026-09-04,2,Put,23.5,BMNR260904P00023500,0.63,0.68,0.655,0.65,-0.075,-10.3448,195.0,1952.0,0.8299,-0.5118,0.2661,0.0073,-0.1542,-0.0013,0.6474,1.0,1.0,0.63,0.724999994039536,down,2026-09-02T10:18:33,168.0,176.0
BMNR,2026-09-04,2,Call,24.0,BMNR260904C00024000,0.37,0.39,0.38,0.38,-0.095,-20.0,805.0,7735.0,0.848,0.3664,0.245,0.0069,-0.1429,0.0011,0.3691,0.35,0.45,0.23,0.474999994039536,up,2026-09-02T10:26:50,146.0,306.0
BMNR,2026-09-04,2,Put,24.0,BMNR260904P00024000,0.95,0.98,0.965,0.96,-0.06,-5.88235,141.0,4371.0,0.8437,-0.6374,0.2473,0.0069,-0.1446,-0.0015,0.9571,1.32,1.38,0.9,1.01999998092651,up,2026-09-02T10:26:13,64.0,79.0
BMNR,2026-09-04,2,Call,24.5,BMNR260904C00024500,0.23,0.25,0.24,0.26,-0.065,-20.0,1982.0,3368.0,0.8554,0.263,0.2063,0.006,-0.1209,0.0008,0.2408,0.2,0.27,0.17,0.325000002980232,no_change,2026-09-02T10:21:40,223.0,384.0
BMNR,2026-09-04,2,Put,24.5,BMNR260904P00024500,1.3,1.35,1.3250000000000002,1.33,-0.045,-3.27273,5.0,835.0,0.8476,-0.7416,0.208,0.0059,-0.1223,-0.0014,1.3304,1.7,1.7,1.33,1.375,down,2026-09-02T10:25:54,141.0,100.0
BMNR,2026-09-04,2,Call,25.0,BMNR260904C00025000,0.14,0.16,0.15000000000000002,0.15,-0.065,-30.2326,1656.0,7516.0,0.8726,0.1851,0.1626,0.0049,-0.0955,0.0006,0.158,0.12,0.18,0.09,0.214999996125698,no_change,2026-09-02T10:24:46,299.0,570.0
BMNR,2026-09-04,2,Put,25.0,BMNR260904P00025000,1.7,1.78,1.74,1.76,-0.015,-0.845069,43.0,12221.0,0.8695,-0.8199,0.1636,0.0048,-0.0961,-0.0014,1.7493,2.16,2.31,1.7,1.77499997615814,down,2026-09-02T10:06:55,144.0,179.0
BMNR,2026-09-04,2,Call,25.5,BMNR260904C00025500,0.09,0.11,0.1,0.11,-0.035,-24.1379,94.0,2886.0,0.9126,0.1296,0.1233,0.0039,-0.0725,0.0004,0.1051,0.1,0.11,0.07,0.145000003278255,no_change,2026-09-02T10:22:54,416.0,429.0
BMNR,2026-09-04,2,Put,25.5,BMNR260904P00025500,2.08,2.49,2.285,2.32,-0.02,-0.854702,1.0,417.0,1.1297,-0.8756,0.1239,0.0038,-0.0722,-0.0014,2.1981,2.32,2.32,2.32,2.3400000333786,up,2026-09-02T09:44:31,424.0,844.0
BMNR,2026-09-04,2,Call,26.0,BMNR260904C00026000,0.06,0.07,0.065,0.06,-0.045,-42.8571,240.0,8171.0,0.9441,0.0911,0.0918,0.003,-0.054,0.0003,0.0712,0.08,0.09,0.04,0.105000000447035,down,2026-09-02T10:27:13,463.0,711.0
BMNR,2026-09-04,2,Put,26.0,BMNR260904P00026000,2.48,2.7,2.59,3.1,0.395,14.6026,1.0,2105.0,0.0,-0.914,0.0919,0.0028,-0.0529,-0.001,2.6657,3.1,3.1,3.1,2.70499992370605,up,2026-09-02T09:30:03,958.0,137.0
BMNR,2026-09-04,2,Call,26.5,BMNR260904C00026500,0.04,0.05,0.045,0.04,-0.035,-46.6667,83.0,3401.0,0.9874,0.0645,0.0678,0.0023,-0.0398,0.0002,0.0492,0.05,0.05,0.04,0.0749999992549419,down,2026-09-02T10:21:46,580.0,944.0
BMNR,2026-09-04,2,Put,26.5,BMNR260904P00026500,2.97,3.6,3.285,1.85,0.0,0.0,0.0,122.0,1.4372,-0.9403,0.0676,0.0021,-0.0384,-0.0009,3.1451,0.0,0.0,0.0,3.27499997615814,down,2026-08-31T15:43:48,544.0,912.0
BMNR,2026-09-04,2,Call,27.0,BMNR260904C00027000,0.03,0.04,0.035,0.04,-0.015,-27.2727,373.0,6310.0,1.0493,0.0463,0.05,0.0018,-0.0294,0.0001,0.0345,0.04,0.05,0.02,0.0549999997019768,no_change,2026-09-02T10:27:04,402.0,500.0
BMNR,2026-09-04,2,Put,27.0,BMNR260904P00027000,3.4,4.55,3.9749999999999996,2.99,0.0,0.0,0.0,49.0,1.9907,-0.9584,0.0496,0.0016,-0.028,-0.0008,3.6318,0.0,0.0,0.0,3.62500011920929,down,2026-09-01T11:36:43,247.0,290.0
BMNR,2026-09-04,2,Call,27.5,BMNR260904C00027500,0.02,0.03,0.025,0.02,-0.025,-55.5556,69.0,2326.0,1.0894,0.0336,0.0371,0.0014,-0.0218,0.0001,0.0247,0.03,0.03,0.02,0.0449999999254942,no_change,2026-09-02T10:23:05,334.0,424.0
BMNR,2026-09-04,2,Put,27.5,BMNR260904P00027500,3.8,4.55,4.175,4.18,0.0,0.0,0.0,102.0,1.3694,-0.9707,0.0364,0.0012,-0.0207,-0.0008,4.1231,0.0,0.0,0.0,4.12500011920929,up,2026-09-01T15:52:28,798.0,857.0
BMNR,2026-09-04,2,Call,28.0,BMNR260904C00028000,0.02,0.03,0.025,0.03,-0.005,-14.2857,172.0,3126.0,1.1883,0.0246,0.0276,0.001,-0.0162,0.0001,0.0179,0.02,0.03,0.02,0.034999999217689,up,2026-09-02T10:23:56,656.0,393.0
BMNR,2026-09-04,2,Put,28.0,BMNR260904P00028000,4.4,4.75,4.575,3.67,0.0,0.0,0.0,51.0,0.0,-0.9793,0.0268,0.0009,-0.0156,-0.0006,4.6173,0.0,0.0,0.0,4.75,up,2026-09-01T09:39:00,242.0,106.0
BMNR,2026-09-04,2,Call,28.5,BMNR260904C00028500,0.01,0.02,0.015,0.01,-0.035,-77.7778,6.0,2084.0,1.1875,0.0183,0.0208,0.0008,-0.0122,0.0001,0.0132,0.04,0.04,0.01,0.0449999999254942,down,2026-09-02T09:45:23,10.0,1.0
BMNR,2026-09-04,2,Put,28.5,BMNR260904P00028500,4.9,5.5,5.2,5.25,0.0,0.0,0.0,78.0,1.6973,-0.9853,0.0197,0.0006,-0.0121,-0.0004,5.1135,0.0,0.0,0.0,5.125,up,2026-09-01T15:28:57,251.0,213.0
BMNR,2026-09-04,2,Call,29.0,BMNR260904C00029000,0.0,0.13,0.065,0.09,0.065,260.0,10.0,2466.0,1.6307,0.0137,0.0157,0.0006,-0.0092,0.0,0.0099,0.11,0.11,0.09,0.0249999994412065,down,2026-09-02T10:23:36,0.0,2054.0
BMNR,2026-09-04,2,Put,29.0,BMNR260904P00029000,5.2,5.95,5.575,5.75,0.0,0.0,0.0,12.0,0.0,-0.9895,0.0146,0.0005,-0.0096,-0.0004,5.6108,0.0,0.0,0.0,5.65000009536743,down,2026-09-01T15:51:54,280.0,101.0
BMNR,2026-09-04,2,Call,29.5,BMNR260904C00029500,0.0,0.02,0.01,0.01,-0.01,-50.0,27.0,1530.0,1.2887,0.0104,0.012,0.0005,-0.0071,0.0,0.0074,0.05,0.09,0.01,0.0199999995529652,no_change,2026-09-02T10:13:25,0.0,178.0
BMNR,2026-09-04,2,Put,29.5,BMNR260904P00029500,5.8,6.55,6.175,6.25,0.0,0.0,0.0,1.0,1.8055,-0.9924,0.0107,0.0004,-0.008,-0.0003,6.1091,0.0,0.0,0.0,6.27500009536743,up,2026-09-01T15:21:49,236.0,62.0
BMNR,2026-09-04,2,Call,30.0,BMNR260904C00030000,0.0,0.01,0.005,0.01,-0.005,-33.3333,128.0,4477.0,1.2597,0.008,0.0092,0.0004,-0.0054,0.0,0.0057,0.01,0.01,0.01,0.0149999996647239,no_change,2026-09-02T10:10:05,0.0,9.0
BMNR,2026-09-04,2,Put,30.0,BMNR260904P00030000,6.4,7.05,6.725,6.59,0.0,0.0,0.0,9.0,2.1201,-0.9946,0.008,0.0003,-0.0068,-0.0003,6.6078,0.0,0.0,0.0,6.57500004768372,up,2026-09-01T15:52:16,197.0,97.0
BMNR,2026-09-04,2,Call,30.5,BMNR260904C00030500,0.0,0.26,0.13,0.13,0.0,0.0,0.0,1.0,2.218,0.0062,0.0072,0.0003,-0.0042,0.0,0.0044,0.0,0.0,0.0,0.234999999403954,up,2026-08-28T11:12:08,0.0,1369.0
BMNR,2026-09-04,2,Put,30.5,BMNR260904P00030500,6.8,7.5,7.15,7.2,0.0,0.0,0.0,1.0,1.8599,-0.996,0.0059,0.0002,-0.006,-0.0002,7.107,0.0,0.0,0.0,7.20000004768372,up,2026-09-01T15:49:31,234.0,61.0
BMNR,2026-09-04,2,Call,31.0,BMNR260904C00031000,0.0,0.01,0.005,0.02,0.01,100.0,4.0,2829.0,1.4043,0.0048,0.0056,0.0002,-0.0033,0.0,0.0034,0.02,0.02,0.02,0.00999999977648258,no_change,2026-09-02T09:52:25,0.0,1.0
BMNR,2026-09-04,2,Put,31.0,BMNR260904P00031000,7.4,7.95,7.675000000000001,7.66,0.0,0.0,0.0,3.0,2.1001,-0.9971,0.0044,0.0002,-0.0054,-0.0002,7.6064,0.0,0.0,0.0,7.625,up,2026-09-01T15:51:38,185.0,92.0
BMNR,2026-09-04,2,Call,31.5,BMNR260904C00031500,0.0,0.26,0.13,0.01,0.0,0.0,0.0,19.0,2.4186,0.0038,0.0044,0.0002,-0.0026,0.0,0.0027,0.0,0.0,0.0,0.0299999993294477,down,2026-09-01T09:54:48,0.0,1334.0
BMNR,2026-09-04,2,Put,31.5,BMNR260904P00031500,7.95,8.85,8.4,8.06,0.0,0.0,0.0,3.0,2.9856,-0.9979,0.0033,0.0001,-0.005,-0.0001,8.106,0.0,0.0,0.0,7.84999990463257,up,2026-09-01T15:50:09,155.0,93.0
BMNR,2026-09-04,2,Call,32.0,BMNR260904C00032000,0.0,0.03,0.015,0.01,0.0,0.0,0.0,525.0,1.757,0.003,0.0035,0.0002,-0.0021,0.0,0.0021,0.0,0.0,0.0,0.0149999996647239,down,2026-09-01T12:44:48,0.0,270.0
BMNR,2026-09-04,2,Put,32.0,BMNR260904P00032000,8.35,9.1,8.725,8.53,0.0,0.0,0.0,3.0,2.5224,-0.9985,0.0024,0.0001,-0.0047,-0.0001,8.6057,0.0,0.0,0.0,8.75,up,2026-09-01T14:32:53,194.0,91.0
BMNR,2026-09-04,2,Call,32.5,BMNR260904C00032500,0.0,0.04,0.02,0.01,0.005,100.0,7.0,4.0,1.9023,0.0024,0.0028,0.0001,-0.0017,0.0,0.0017,0.01,0.01,0.01,0.00499999988824129,down,2026-09-02T09:30:07,0.0,958.0
BMNR,2026-09-04,2,Put,32.5,BMNR260904P00032500,8.8,10.3,9.55,9.14,0.0,0.0,0.0,2.0,3.5777,-0.9989,0.0018,0.0001,-0.0045,0.0,9.1055,0.0,0.0,0.0,8.875,down,2026-09-01T15:47:34,227.0,93.0
BMNR,2026-09-04,2,Call,33.0,BMNR260904C00033000,0.0,0.04,0.02,0.01,0.0,0.0,0.0,605.0,1.9766,0.0019,0.0022,0.0001,-0.0013,0.0,0.0014,0.0,0.0,0.0,0.0199999995529652,no_change,2026-09-01T14:59:39,0.0,672.0
BMNR,2026-09-04,2,Put,33.0,BMNR260904P00033000,9.3,10.8,10.05,9.43,0.0,0.0,0.0,3.0,3.6868,-0.9992,0.0014,0.0,-0.0044,0.0,9.6054,0.0,0.0,0.0,9.75,up,2026-09-01T14:32:53,228.0,100.0
BMNR,2026-09-04,2,Call,34.0,BMNR260904C00034000,0.0,0.04,0.02,0.01,0.0,0.0,0.0,272.0,2.1205,0.0012,0.0014,0.0001,-0.0009,0.0,0.0009,0.0,0.0,0.0,0.025000000372529,no_change,2026-08-31T15:57:41,0.0,592.0
BMNR,2026-09-04,2,Put,34.0,BMNR260904P00034000,10.45,11.75,11.1,11.15,0.4,3.72093,5.0,2.0,4.0154,-0.9996,0.0008,0.0,-0.0042,0.0,10.6052,11.16,11.16,11.15,10.75,down,2026-09-02T09:54:10,160.0,119.0
BMNR,2026-09-04,2,Call,35.0,BMNR260904C00035000,0.0,0.01,0.005,0.01,0.0,0.0,0.0,2611.0,1.9243,0.0008,0.001,0.0,-0.0006,0.0,0.0006,0.0,0.0,0.0,0.00499999988824129,no_change,2026-09-01T10:31:00,0.0,420.0
BMNR,2026-09-04,2,Put,35.0,BMNR260904P00035000,11.4,12.7,12.05,12.1,0.45,3.86266,5.0,4.0,4.0976,-0.9997,0.0004,0.0,-0.0041,0.0,11.6051,12.08,12.1,12.08,11.6500000953674,up,2026-09-02T09:54:10,204.0,124.0
BMNR,2026-09-11,9,Call,5.0,BMNR260911C00005000,16.75,19.15,17.95,19.35,0.0,0.0,0.0,0.0,0.0,0.9998,0.0,0.0,0.0,0.0014,18.3975,0.0,0.0,0.0,18.9250001907349,up,2026-08-31T11:00:08,269.0,64.0
BMNR,2026-09-11,9,Put,5.0,BMNR260911P00005000,0.0,0.02,0.01,0.02,0.0,0.0,0.0,4.0,3.7868,0.0,0.0,0.0,0.0,0.0,0.0,0.0,0.0,0.0,0.00999999977648258,down,2026-08-14T13:01:32,0.0,100.0
BMNR,2026-09-11,9,Call,8.0,BMNR260911C00008000,13.75,16.2,14.975,0.0,0.0,0.0,0.0,0.0,0.0,0.9997,0.0,0.0,0.0,0.0024,15.4014,0.0,0.0,0.0,15.9250001907349,no_change,,264.0,66.0
BMNR,2026-09-11,9,Put,8.0,BMNR260911P00008000,0.0,0.02,0.01,0.0,0.0,0.0,0.0,0.0,2.6658,-0.0001,0.0,0.0,-0.0001,0.0,0.0001,0.0,0.0,0.0,0.00499999988824129,no_change,,0.0,100.0
BMNR,2026-09-11,9,Call,9.0,BMNR260911C00009000,12.8,15.15,13.975000000000001,15.25,0.0,0.0,0.0,2.0,0.0,0.9997,0.0001,0.0,0.0,0.0027,14.4028,0.0,0.0,0.0,14.9499998092651,up,2026-08-31T11:01:25,263.0,59.0
BMNR,2026-09-11,9,Put,9.0,BMNR260911P00009000,0.0,0.27,0.135,0.0,0.0,0.0,0.0,0.0,3.4914,-0.0001,0.0001,0.0,-0.0001,0.0,0.0001,0.0,0.0,0.0,0.00499999988824129,no_change,,0.0,845.0
BMNR,2026-09-11,9,Call,10.0,BMNR260911C00010000,11.75,14.15,12.95,14.25,0.0,0.0,0.0,1.0,0.0,0.9996,0.0001,0.0,0.0,0.003,13.4042,0.0,0.0,0.0,13.9249997138977,no_change,2026-08-31T11:02:15,255.0,56.0
BMNR,2026-09-11,9,Put,10.0,BMNR260911P00010000,0.0,0.27,0.135,0.01,0.0,0.0,0.0,76.0,3.1418,-0.0002,0.0001,0.0,-0.0001,0.0,0.0002,0.0,0.0,0.0,0.00499999988824129,down,2026-08-28T09:51:29,0.0,1017.0
BMNR,2026-09-11,9,Call,11.0,BMNR260911C00011000,10.8,13.15,11.975000000000001,13.25,0.0,0.0,0.0,0.0,0.0,0.9995,0.0002,0.0,0.0,0.0033,12.4056,0.0,0.0,0.0,12.9499998092651,up,2026-08-31T11:02:32,294.0,162.0
BMNR,2026-09-11,9,Put,11.0,BMNR260911P00011000,0.0,0.27,0.135,0.15,0.0,0.0,0.0,43.0,2.8263,-0.0003,0.0002,0.0,-0.0002,0.0,0.0004,0.0,0.0,0.0,0.00499999988824129,no_change,2026-07-31T12:50:57,0.0,2188.0
BMNR,2026-09-11,9,Call,12.0,BMNR260911C00012000,10.0,12.4,11.2,0.0,0.0,0.0,0.0,0.0,0.0,0.9993,0.0004,0.0001,0.0,0.0036,11.4072,0.0,0.0,0.0,11.9499998092651,no_change,,275.0,97.0
BMNR,2026-09-11,9,Put,12.0,BMNR260911P00012000,0.02,0.03,0.025,0.02,0.005,33.3333,500.0,10.0,1.9185,-0.0005,0.0004,0.0001,-0.0004,0.0,0.0006,0.02,0.02,0.01,0.0149999996647239,no_change,2026-09-02T10:09:42,500.0,605.0
BMNR,2026-09-11,9,Call,12.5,BMNR260911C00012500,9.7,11.2,10.45,11.7,0.0,0.0,0.0,0.0,0.0,0.9991,0.0005,0.0001,0.0,0.0038,10.908,0.0,0.0,0.0,11.4749999046326,down,2026-08-31T11:03:53,243.0,49.0
BMNR,2026-09-11,9,Put,12.5,BMNR260911P00012500,0.0,0.27,0.135,0.1,0.0,0.0,0.0,3.0,2.4031,-0.0007,0.0005,0.0001,-0.0004,0.0,0.0008,0.0,0.0,0.0,0.0750000029802322,down,2026-08-07T11:34:05,0.0,1904.0
BMNR,2026-09-11,9,Call,13.0,BMNR260911C00013000,9.2,10.7,9.95,12.3,0.0,0.0,0.0,1.0,0.0,0.9989,0.0007,0.0001,0.0,0.0039,10.409,0.0,0.0,0.0,10.9000000953674,up,2026-08-26T13:58:13,238.0,20.0
BMNR,2026-09-11,9,Put,13.0,BMNR260911P00013000,0.0,0.27,0.135,0.03,0.0,0.0,0.0,6.0,2.273,-0.0009,0.0007,0.0001,-0.0006,0.0,0.0011,0.0,0.0,0.0,0.0149999996647239,down,2026-08-25T14:19:32,0.0,904.0
BMNR,2026-09-11,9,Call,13.5,BMNR260911C00013500,8.75,10.25,9.5,5.3,0.0,0.0,0.0,7.0,0.0,0.9986,0.0009,0.0001,0.0,0.004,9.91,0.0,0.0,0.0,10.4499998092651,no_change,2026-08-18T11:39:34,250.0,46.0
BMNR,2026-09-11,9,Put,13.5,BMNR260911P00013500,0.0,0.27,0.135,0.01,0.0,0.0,0.0,113.0,2.1475,-0.0012,0.0009,0.0001,-0.0007,0.0,0.0014,0.0,0.0,0.0,0.0149999996647239,down,2026-09-01T14:47:11,0.0,2271.0
BMNR,2026-09-11,9,Call,14.0,BMNR260911C00014000,8.2,9.7,8.95,11.3,0.0,0.0,0.0,2.0,0.0,0.9982,0.0012,0.0002,0.0,0.0042,9.4111,0.0,0.0,0.0,9.94999980926514,up,2026-08-25T11:51:35,260.0,64.0
BMNR,2026-09-11,9,Put,14.0,BMNR260911P00014000,0.0,0.18,0.09,0.02,0.0,2.23517e-06,12.0,60.0,1.8687,-0.0016,0.0012,0.0002,-0.0009,0.0,0.0019,0.02,0.02,0.02,0.0199999995529652,up,2026-09-02T10:00:37,0.0,1914.0
BMNR,2026-09-11,9,Call,14.5,BMNR260911C00014500,7.7,9.25,8.475,9.8,0.0,0.0,0.0,9.0,0.0,0.9976,0.0017,0.0002,-0.0001,0.0044,8.9124,0.0,0.0,0.0,9.47499990463257,up,2026-08-31T13:36:36,255.0,47.0
BMNR,2026-09-11,9,Put,14.5,BMNR260911P00014500,0.01,0.12,0.065,0.02,0.005,33.3333,10.0,85.0,1.6561,-0.0022,0.0017,0.0002,-0.0012,0.0,0.0025,0.02,0.02,0.02,0.0149999996647239,up,2026-09-02T10:08:20,2.0,1915.0
BMNR,2026-09-11,9,Call,15.0,BMNR260911C00015000,7.2,8.7,7.949999999999999,8.96,0.0,0.0,0.0,22.0,0.0,0.9968,0.0023,0.0003,-0.0006,0.0045,8.4139,0.0,0.0,0.0,8.97499990463257,down,2026-08-31T09:53:47,254.0,53.0
BMNR,2026-09-11,9,Put,15.0,BMNR260911P00015000,0.0,0.04,0.02,0.02,0.01,100.0,16.0,78.0,1.2901,-0.003,0.0023,0.0003,-0.0015,0.0,0.0034,0.02,0.02,0.02,0.00999999977648258,no_change,2026-09-02T10:10:25,0.0,914.0
BMNR,2026-09-11,9,Call,15.5,BMNR260911C00015500,7.5,8.2,7.85,8.6,0.0,0.0,0.0,20.0,0.0,0.9958,0.0032,0.0004,-0.0011,0.0046,7.9158,0.0,0.0,0.0,8.47499990463257,up,2026-08-24T14:03:54,254.0,51.0
BMNR,2026-09-11,9,Put,15.5,BMNR260911P00015500,0.0,0.47,0.235,0.03,0.0,0.0,0.0,481.0,1.9199,-0.004,0.0032,0.0004,-0.002,0.0,0.0047,0.0,0.0,0.0,0.00999999977648258,no_change,2026-08-28T13:06:13,0.0,2633.0
BMNR,2026-09-11,9,Call,16.0,BMNR260911C00016000,6.3,7.75,7.025,6.98,-0.295,-4.05498,1.0,8.0,0.0,0.9942,0.0044,0.0006,-0.0017,0.0048,7.4182,6.98,6.98,6.98,7.27500009536743,down,2026-09-02T10:19:52,276.0,48.0
BMNR,2026-09-11,9,Put,16.0,BMNR260911P00016000,0.0,0.46,0.23,0.02,0.0,0.0,0.0,270.0,1.7912,-0.0056,0.0044,0.0006,-0.0026,0.0,0.0064,0.0,0.0,0.0,0.00999999977648258,down,2026-08-31T13:58:24,0.0,2443.0
BMNR,2026-09-11,9,Call,16.5,BMNR260911C00016500,5.75,7.25,6.5,9.02,0.0,0.0,0.0,14.0,0.0,0.9921,0.006,0.0008,-0.0026,0.0049,6.9213,0.0,0.0,0.0,7.47499990463257,up,2026-08-28T12:01:27,277.0,50.0
BMNR,2026-09-11,9,Put,16.5,BMNR260911P00016500,0.0,0.47,0.235,0.04,0.0,0.0,0.0,165.0,1.6853,-0.0077,0.0061,0.0008,-0.0034,0.0,0.0088,0.0,0.0,0.0,0.00999999977648258,down,2026-08-31T14:28:48,0.0,2383.0
BMNR,2026-09-11,9,Call,17.0,BMNR260911C00017000,5.75,6.7,6.225,6.34,0.0,0.0,0.0,60.0,0.0,0.9891,0.0084,0.001,-0.0037,0.005,6.4254,0.0,0.0,0.0,6.32500004768372,down,2026-09-01T15:18:42,426.0,83.0
BMNR,2026-09-11,9,Put,17.0,BMNR260911P00017000,0.0,0.47,0.235,0.01,0.0,0.0,0.0,708.0,1.5721,-0.0107,0.0084,0.001,-0.0044,-0.0001,0.0123,0.0,0.0,0.0,0.00999999977648258,down,2026-09-01T15:48:13,0.0,2383.0
BMNR,2026-09-11,9,Call,17.5,BMNR260911C00017500,5.75,6.2,5.975,5.95,0.15,2.58621,70.0,708.0,1.0719,0.9848,0.0116,0.0014,-0.0052,0.0052,5.9311,5.95,5.95,5.95,5.79999995231628,down,2026-09-02T10:14:27,976.0,855.0
BMNR,2026-09-11,9,Put,17.5,BMNR260911P00017500,0.0,0.47,0.235,0.04,0.0,0.0,0.0,75.0,1.4612,-0.015,0.0116,0.0014,-0.0058,-0.0001,0.0173,0.0,0.0,0.0,0.0149999996647239,down,2026-09-01T09:53:01,0.0,2242.0
BMNR,2026-09-11,9,Call,18.0,BMNR260911C00018000,4.95,5.7,5.325,5.35,0.0,0.0,0.0,523.0,0.0,0.9788,0.0161,0.0019,-0.007,0.0053,5.439,0.0,0.0,0.0,5.375,no_change,2026-09-01T15:14:32,1316.0,710.0
BMNR,2026-09-11,9,Put,18.0,BMNR260911P00018000,0.02,0.05,0.035,0.03,0.0,0.0,0.0,71.0,0.8885,-0.0211,0.0161,0.0019,-0.0077,-0.0001,0.0245,0.0,0.0,0.0,0.0249999994412065,up,2026-09-01T15:48:13,124.0,126.0
BMNR,2026-09-11,9,Call,18.5,BMNR260911C00018500,4.0,5.25,4.625,4.96,0.0,0.0,0.0,181.0,0.0,0.9702,0.0222,0.0025,-0.0095,0.0054,4.9502,0.0,0.0,0.0,5.0,down,2026-09-01T15:46:02,1230.0,681.0
BMNR,2026-09-11,9,Put,18.5,BMNR260911P00018500,0.03,0.27,0.15000000000000002,0.05,0.005,11.1111,1.0,71.0,1.1016,-0.0297,0.0222,0.0025,-0.0101,-0.0002,0.0351,0.05,0.05,0.05,0.0449999999254942,up,2026-09-02T09:30:16,17.0,2135.0
BMNR,2026-09-11,9,Call,19.0,BMNR260911C00019000,4.35,4.7,4.525,4.87,0.0,0.0,0.0,378.0,0.9275,0.958,0.0304,0.0033,-0.0126,0.0054,4.4663,0.0,0.0,0.0,4.34999990463257,down,2026-09-01T12:50:18,612.0,655.0
BMNR,2026-09-11,9,Put,19.0,BMNR260911P00019000,0.05,0.07,0.060000000000000005,0.05,-0.01,-16.6667,2.0,115.0,0.8115,-0.0418,0.0304,0.0033,-0.0132,-0.0003,0.0506,0.05,0.05,0.05,0.0600000005215406,no_change,2026-09-02T09:41:18,175.0,211.0
BMNR,2026-09-11,9,Call,19.5,BMNR260911C00019500,3.6,4.25,3.925,3.97,0.0,0.0,0.0,246.0,0.524,0.9411,0.0411,0.0044,-0.0166,0.0054,3.9896,0.0,0.0,0.0,3.90000009536743,down,2026-09-01T15:46:02,1093.0,710.0
BMNR,2026-09-11,9,Put,19.5,BMNR260911P00019500,0.07,0.11,0.09,0.09,0.0,1.65568e-07,1.0,85.0,0.7978,-0.0588,0.0412,0.0044,-0.0171,-0.0004,0.0733,0.09,0.09,0.09,0.0899999998509884,down,2026-09-02T09:31:14,126.0,265.0
BMNR,2026-09-11,9,Call,20.0,BMNR260911C00020000,3.45,3.7,3.575,3.5,-0.025,-0.709223,5.0,639.0,0.825,0.9177,0.0547,0.0057,-0.0214,0.0054,3.5233,3.5,3.5,3.5,3.52500009536743,up,2026-09-02T09:50:59,365.0,634.0
BMNR,2026-09-11,9,Put,20.0,BMNR260911P00020000,0.1,0.12,0.11,0.1,-0.03,-23.0769,75.0,552.0,0.7471,-0.0822,0.0548,0.0057,-0.0219,-0.0006,0.1064,0.15,0.15,0.1,0.130000002682209,no_change,2026-09-02T10:26:35,1608.0,388.0
BMNR,2026-09-11,9,Call,20.5,BMNR260911C00020500,2.8,3.3,3.05,3.1,0.0,0.0,0.0,171.0,0.692,0.8863,0.071,0.0072,-0.0272,0.0053,3.0719,0.0,0.0,0.0,3.07500004768372,down,2026-09-01T14:28:01,921.0,717.0
BMNR,2026-09-11,9,Put,20.5,BMNR260911P00020500,0.14,0.17,0.15500000000000003,0.18,-0.01,-5.26316,179.0,51.0,0.7245,-0.1138,0.0712,0.0072,-0.0276,-0.0008,0.1544,0.21,0.21,0.17,0.189999997615814,up,2026-09-02T10:06:49,495.0,491.0
BMNR,2026-09-11,9,Call,21.0,BMNR260911C00021000,2.6,2.84,2.7199999999999998,2.54,-0.03,-1.16732,3.0,1528.0,0.7956,0.8451,0.0895,0.0089,-0.0336,0.0052,2.6408,2.2,2.54,2.2,2.57000005245209,up,2026-09-02T10:08:14,93.0,1197.0
BMNR,2026-09-11,9,Put,21.0,BMNR260911P00021000,0.21,0.23,0.22,0.21,-0.045,-17.6471,161.0,371.0,0.7069,-0.155,0.0898,0.0089,-0.034,-0.001,0.2229,0.3,0.3,0.21,0.255000002682209,no_change,2026-09-02T10:23:01,237.0,118.0
BMNR,2026-09-11,9,Call,21.5,BMNR260911C00021500,2.04,2.41,2.225,1.95,-0.33,-14.4737,1.0,540.0,0.6894,0.7935,0.1088,0.0106,-0.0403,0.0049,2.2367,1.95,1.95,1.95,2.28000009059906,down,2026-09-02T09:38:52,1172.0,1007.0
BMNR,2026-09-11,9,Put,21.5,BMNR260911P00021500,0.31,0.33,0.32,0.3,-0.055,-15.493,7.0,118.0,0.7021,-0.2068,0.1091,0.0106,-0.0406,-0.0014,0.3184,0.39,0.46,0.3,0.355000004172325,down,2026-09-02T10:24:08,400.0,326.0
BMNR,2026-09-11,9,Call,22.0,BMNR260911C00022000,1.82,1.91,1.865,1.91,-0.03,-1.54639,149.0,845.0,0.6938,0.7317,0.1268,0.0123,-0.0467,0.0046,1.8663,1.61,1.93,1.49,1.93999999761581,up,2026-09-02T10:25:13,209.0,55.0
BMNR,2026-09-11,9,Put,22.0,BMNR260911P00022000,0.42,0.47,0.44499999999999995,0.42,-0.065,-13.4021,90.0,839.0,0.6927,-0.2688,0.1272,0.0123,-0.047,-0.0017,0.4475,0.6,0.61,0.42,0.484999999403954,down,2026-09-02T10:22:04,480.0,332.0
BMNR,2026-09-11,9,Call,22.5,BMNR260911C00022500,1.5,1.58,1.54,1.53,-0.14,-8.38323,11.0,242.0,0.6966,0.6617,0.141,0.0136,-0.0521,0.0042,1.5351,1.22,1.53,1.22,1.6700000166893,up,2026-09-02T10:09:16,212.0,152.0
BMNR,2026-09-11,9,Put,22.5,BMNR260911P00022500,0.57,0.64,0.605,0.61,-0.05,-7.57576,10.0,289.0,0.6847,-0.339,0.1415,0.0136,-0.0523,-0.0021,0.6162,0.74,0.74,0.61,0.659999996423721,down,2026-09-02T10:16:36,1303.0,254.0
BMNR,2026-09-11,9,Call,23.0,BMNR260911C00023000,1.22,1.28,1.25,1.26,-0.055,-4.18251,33.0,1194.0,0.6969,0.5867,0.1498,0.0145,-0.0558,0.0038,1.247,1.04,1.29,0.97,1.31499999761581,down,2026-09-02T10:24:29,332.0,119.0
BMNR,2026-09-11,9,Put,23.0,BMNR260911P00023000,0.78,0.85,0.815,0.82,-0.045,-5.20231,85.0,907.0,0.6858,-0.4143,0.1503,0.0145,-0.0561,-0.0025,0.828,1.05,1.1,0.8,0.865000009536743,down,2026-09-02T10:16:47,1022.0,92.0
BMNR,2026-09-11,9,Call,23.5,BMNR260911C00023500,0.95,1.04,0.995,1.06,-0.005,-0.469483,6.0,197.0,0.6947,0.5106,0.1523,0.0149,-0.0577,0.0033,1.0027,1.05,1.06,0.97,1.06499999761581,no_change,2026-09-02T10:22:53,1003.0,109.0
BMNR,2026-09-11,9,Put,23.5,BMNR260911P00023500,1.04,1.12,1.08,1.03,-0.095,-8.44444,41.0,617.0,0.6974,-0.4906,0.1528,0.0148,-0.0579,-0.003,1.0838,1.28,1.28,1.03,1.125,down,2026-09-02T10:23:58,202.0,553.0
BMNR,2026-09-11,9,Call,24.0,BMNR260911C00024000,0.77,0.83,0.8,0.79,-0.07,-8.13953,18.0,1103.0,0.7076,0.4372,0.1488,0.0147,-0.0576,0.0028,0.8002,0.64,0.82,0.64,0.859999984502792,down,2026-09-02T10:27:13,495.0,476.0
BMNR,2026-09-11,9,Put,24.0,BMNR260911P00024000,1.32,1.4,1.3599999999999999,1.33,-0.08,-5.67376,5.0,1110.0,0.6931,-0.5642,0.1493,0.0147,-0.0577,-0.0033,1.3815,1.75,1.75,1.33,1.4099999666214,no_change,2026-09-02T10:21:22,524.0,75.0
BMNR,2026-09-11,9,Call,24.5,BMNR260911C00024500,0.61,0.66,0.635,0.55,-0.135,-19.708,23.0,274.0,0.7174,0.3694,0.1405,0.0141,-0.0557,0.0024,0.6355,0.56,0.66,0.55,0.685000002384186,down,2026-09-02T10:03:39,402.0,402.0
BMNR,2026-09-11,9,Put,24.5,BMNR260911P00024500,1.66,1.73,1.6949999999999998,1.74,0.01,0.578034,10.0,153.0,0.702,-0.6322,0.1409,0.014,-0.0558,-0.0036,1.7171,1.97,1.97,1.74,1.73000001907349,down,2026-09-02T10:15:19,474.0,72.0
BMNR,2026-09-11,9,Call,25.0,BMNR260911C00025000,0.49,0.52,0.505,0.5,-0.05,-9.09091,147.0,1785.0,0.7307,0.309,0.129,0.0131,-0.0526,0.002,0.5036,0.39,0.51,0.39,0.549999982118607,down,2026-09-02T10:26:49,79.0,286.0
BMNR,2026-09-11,9,Put,25.0,BMNR260911P00025000,2.02,2.1,2.06,2.03,-0.085,-4.01891,11.0,539.0,0.71,-0.6929,0.1294,0.0131,-0.0526,-0.0039,2.0854,2.4,2.5,2.03,2.11500000953674,no_change,2026-09-02T10:24:11,760.0,18.0
BMNR,2026-09-11,9,Call,25.5,BMNR260911C00025500,0.39,0.4,0.395,0.39,-0.055,-12.3595,27.0,874.0,0.7395,0.2564,0.1158,0.012,-0.0486,0.0017,0.3988,0.36,0.4,0.36,0.444999992847443,down,2026-09-02T10:27:05,247.0,2.0
BMNR,2026-09-11,9,Put,25.5,BMNR260911P00025500,2.36,2.66,2.51,2.35,-0.17,-6.74603,1.0,269.0,0.7669,-0.7455,0.1162,0.0119,-0.0485,-0.004,2.481,2.35,2.35,2.35,2.51999998092651,down,2026-09-02T10:22:37,1065.0,1267.0
BMNR,2026-09-11,9,Call,26.0,BMNR260911C00026000,0.3,0.32,0.31,0.31,-0.04,-11.4286,128.0,626.0,0.7509,0.2118,0.1022,0.0108,-0.0442,0.0014,0.3162,0.29,0.33,0.29,0.350000008940697,no_change,2026-09-02T10:26:17,181.0,36.0
BMNR,2026-09-11,9,Put,26.0,BMNR260911P00026000,2.72,3.15,2.935,2.38,0.0,0.0,0.0,136.0,0.7901,-0.7903,0.1025,0.0107,-0.044,-0.0042,2.8988,0.0,0.0,0.0,3.01499998569488,down,2026-09-01T11:37:26,799.0,1022.0
BMNR,2026-09-11,9,Call,26.5,BMNR260911C00026500,0.24,0.26,0.25,0.26,-0.025,-8.77193,21.0,370.0,0.7699,0.1744,0.089,0.0096,-0.0396,0.0011,0.2513,0.11,0.26,0.11,0.285000011324882,up,2026-09-02T09:54:54,230.0,224.0
BMNR,2026-09-11,9,Put,26.5,BMNR260911P00026500,3.1,3.95,3.5250000000000004,3.1,0.0,0.0,0.0,16.0,0.9542,-0.8278,0.0893,0.0095,-0.0393,-0.0044,3.3343,0.0,0.0,0.0,3.375,down,2026-08-28T15:45:49,740.0,1014.0
BMNR,2026-09-11,9,Call,27.0,BMNR260911C00027000,0.2,0.21,0.20500000000000002,0.19,-0.045,-19.1489,36.0,2000.0,0.7919,0.1434,0.0768,0.0084,-0.0352,0.0009,0.2004,0.23,0.23,0.18,0.234999999403954,down,2026-09-02T10:20:20,120.0,554.0
BMNR,2026-09-11,9,Put,27.0,BMNR260911P00027000,3.55,4.35,3.9499999999999997,3.11,0.0,0.0,0.0,72.0,0.9642,-0.8589,0.0772,0.0083,-0.0348,-0.0044,3.7838,0.0,0.0,0.0,3.94999992847443,no_change,2026-09-01T10:09:06,716.0,1132.0
BMNR,2026-09-11,9,Call,27.5,BMNR260911C00027500,0.15,0.19,0.16999999999999998,0.15,-0.035,-18.9189,1.0,231.0,0.8147,0.1178,0.0657,0.0074,-0.031,0.0008,0.1603,0.15,0.15,0.15,0.185000002384186,down,2026-09-02T09:45:10,378.0,462.0
BMNR,2026-09-11,9,Put,27.5,BMNR260911P00027500,3.35,5.5,4.425,2.33,0.0,0.0,0.0,6.0,1.0135,-0.8846,0.0663,0.0072,-0.0307,-0.0044,4.2442,0.0,0.0,0.0,4.35000014305115,up,2026-08-27T13:24:02,1219.0,918.0
BMNR,2026-09-11,9,Call,28.0,BMNR260911C00028000,0.11,0.16,0.135,0.12,-0.035,-22.5806,387.0,699.0,0.8266,0.097,0.056,0.0064,-0.0272,0.0006,0.1288,0.14,0.14,0.12,0.155000001192093,down,2026-09-02T09:47:26,1395.0,512.0
BMNR,2026-09-11,9,Put,28.0,BMNR260911P00028000,4.5,5.75,5.125,2.99,0.0,0.0,0.0,9.0,1.2797,-0.9056,0.0567,0.0063,-0.0268,-0.0044,4.713,0.0,0.0,0.0,4.85000014305115,up,2026-08-31T15:57:15,192.0,197.0
BMNR,2026-09-11,9,Call,28.5,BMNR260911C00028500,0.07,0.21,0.14,0.15,0.0,0.0,0.0,145.0,0.8935,0.0799,0.0476,0.0055,-0.0237,0.0005,0.1039,0.0,0.0,0.0,0.140000000596046,down,2026-09-01T12:28:09,1284.0,1540.0
BMNR,2026-09-11,9,Put,28.5,BMNR260911P00028500,4.95,6.45,5.7,0.0,0.0,0.0,0.0,0.0,1.4215,-0.9229,0.0485,0.0053,-0.0235,-0.0042,5.1887,0.0,0.0,0.0,5.42499995231628,no_change,,178.0,161.0
BMNR,2026-09-11,9,Call,29.0,BMNR260911C00029000,0.06,0.2,0.13,0.11,0.0,0.0,0.0,336.0,0.934,0.0659,0.0403,0.0048,-0.0206,0.0004,0.0842,0.0,0.0,0.0,0.105000000447035,down,2026-09-01T15:48:21,1257.0,1645.0
BMNR,2026-09-11,9,Put,29.0,BMNR260911P00029000,5.35,6.85,6.1,5.75,0.0,0.0,0.0,2.0,1.3994,-0.9371,0.0415,0.0046,-0.0205,-0.0039,5.6695,0.0,0.0,0.0,5.77499985694885,no_change,2026-09-01T15:24:26,237.0,186.0
BMNR,2026-09-11,9,Call,29.5,BMNR260911C00029500,0.04,0.18,0.11,0.08,0.0,0.0,0.0,40.0,0.952,0.0546,0.0342,0.0041,-0.0179,0.0004,0.0685,0.0,0.0,0.0,0.0999999977648258,down,2026-09-01T15:48:21,1170.0,1586.0
BMNR,2026-09-11,9,Put,29.5,BMNR260911P00029500,5.45,7.35,6.4,0.0,0.0,0.0,0.0,0.0,1.2524,-0.9488,0.0355,0.0039,-0.018,-0.0039,6.1545,0.0,0.0,0.0,6.32500004768372,no_change,,308.0,181.0
BMNR,2026-09-11,9,Call,30.0,BMNR260911C00030000,0.06,0.09,0.075,0.07,-0.005,-6.66667,8.0,2678.0,0.9276,0.0452,0.0289,0.0035,-0.0155,0.0003,0.056,0.06,0.08,0.06,0.0749999992549419,down,2026-09-02T09:52:44,744.0,476.0
BMNR,2026-09-11,9,Put,30.0,BMNR260911P00030000,6.4,7.05,6.725,7.27,0.445,6.52015,1.0,102.0,1.0629,-0.9585,0.0304,0.0032,-0.0158,-0.0034,6.6426,7.27,7.27,7.27,6.82500004768372,up,2026-09-02T09:32:32,683.0,762.0
BMNR,2026-09-11,9,Call,30.5,BMNR260911C00030500,0.0,0.28,0.14,0.09,0.0,0.0,0.0,3.0,1.1119,0.0376,0.0245,0.0031,-0.0134,0.0002,0.0459,0.0,0.0,0.0,0.0699999984353781,down,2026-09-01T12:12:46,0.0,2379.0
BMNR,2026-09-11,9,Put,30.5,BMNR260911P00030500,6.9,8.35,7.625,0.0,0.0,0.0,0.0,0.0,1.6212,-0.9664,0.026,0.0027,-0.0137,-0.0034,7.1334,0.0,0.0,0.0,7.30000019073486,no_change,,193.0,165.0
BMNR,2026-09-11,9,Call,31.0,BMNR260911C00031000,0.01,0.19,0.1,0.05,-0.025,-33.3333,3.0,564.0,1.082,0.0314,0.0208,0.0026,-0.0116,0.0002,0.0378,0.06,0.06,0.05,0.0750000011175871,down,2026-09-02T09:30:02,1198.0,2508.0
BMNR,2026-09-11,9,Put,31.0,BMNR260911P00031000,6.4,8.9,7.65,0.0,0.0,0.0,0.0,0.0,0.9934,-0.9731,0.0224,0.0023,-0.012,-0.0027,7.626,0.0,0.0,0.0,7.30000019073486,no_change,,326.0,70.0
BMNR,2026-09-11,9,Call,31.5,BMNR260911C00031500,0.0,0.28,0.14,0.33,0.0,0.0,0.0,1.0,1.2118,0.0263,0.0176,0.0023,-0.0101,0.0002,0.0313,0.0,0.0,0.0,0.0599999986588955,up,2026-08-28T10:37:27,0.0,2326.0
BMNR,2026-09-11,9,Put,31.5,BMNR260911P00031500,7.3,9.3,8.3,0.0,0.0,0.0,0.0,0.0,1.3447,-0.9785,0.0191,0.0018,-0.0102,-0.0026,8.1206,0.0,0.0,0.0,7.82500004768372,no_change,,308.0,73.0
BMNR,2026-09-11,9,Call,32.0,BMNR260911C00032000,0.0,0.25,0.125,0.12,0.0,0.0,0.0,214.0,1.2299,0.022,0.015,0.002,-0.0087,0.0001,0.026,0.0,0.0,0.0,0.0500000007450581,up,2026-08-31T15:53:05,0.0,1518.0
BMNR,2026-09-11,9,Put,32.0,BMNR260911P00032000,8.1,9.85,8.975,0.0,0.0,0.0,0.0,0.0,1.6334,-0.983,0.0163,0.0016,-0.0087,-0.0023,8.6162,0.0,0.0,0.0,8.30000019073486,no_change,,236.0,43.0
BMNR,2026-09-11,9,Call,32.5,BMNR260911C00032500,0.0,0.27,0.135,0.07,0.0,0.0,0.0,2.0,1.2967,0.0185,0.0127,0.0017,-0.0076,0.0001,0.0217,0.0,0.0,0.0,0.0750000029802322,down,2026-08-31T09:39:15,0.0,987.0
BMNR,2026-09-11,9,Put,32.5,BMNR260911P00032500,8.3,10.4,9.350000000000001,0.0,0.0,0.0,0.0,0.0,1.5224,-0.9867,0.0136,0.0011,-0.0075,-0.0018,9.113,0.0,0.0,0.0,8.90000009536743,no_change,,257.0,40.0
BMNR,2026-09-11,9,Call,33.0,BMNR260911C00033000,0.0,0.27,0.135,0.0,0.0,0.0,0.0,0.0,1.3422,0.0156,0.0109,0.0014,-0.0066,0.0001,0.0181,0.0,0.0,0.0,0.0750000029802322,no_change,,0.0,967.0
BMNR,2026-09-11,9,Put,33.0,BMNR260911P00033000,9.35,10.9,10.125,0.0,0.0,0.0,0.0,0.0,1.9141,-0.9897,0.0114,0.001,-0.0062,-0.0018,9.6106,0.0,0.0,0.0,9.30000019073486,no_change,,161.0,49.0
BMNR,2026-09-11,9,Call,33.5,BMNR260911C00033500,0.0,0.27,0.135,0.0,0.0,0.0,0.0,0.0,1.3867,0.0132,0.0093,0.0013,-0.0057,0.0001,0.0152,0.0,0.0,0.0,0.239999994635582,no_change,,0.0,990.0
BMNR,2026-09-11,9,Put,33.5,BMNR260911P00033500,8.9,11.4,10.15,0.0,0.0,0.0,0.0,0.0,1.209,-0.9922,0.0094,0.0007,-0.0053,-0.0012,10.1086,0.0,0.0,0.0,9.80000019073486,no_change,,265.0,44.0
BMNR,2026-09-11,9,Call,34.0,BMNR260911C00034000,0.0,0.27,0.135,0.0,0.0,0.0,0.0,0.0,1.4301,0.0112,0.0079,0.0011,-0.005,0.0001,0.0128,0.0,0.0,0.0,0.239999994635582,no_change,,0.0,1027.0
BMNR,2026-09-11,9,Put,34.0,BMNR260911P00034000,9.8,11.9,10.850000000000001,10.11,0.0,0.0,0.0,1.0,1.6698,-0.9941,0.0076,0.0005,-0.0045,-0.0009,10.6075,0.0,0.0,0.0,10.7000002861023,up,2026-08-28T15:42:12,265.0,38.0
BMNR,2026-09-11,9,Call,34.5,BMNR260911C00034500,0.0,0.27,0.135,0.0,0.0,0.0,0.0,0.0,1.4726,0.0096,0.0068,0.001,-0.0043,0.0001,0.0108,0.0,0.0,0.0,0.0750000029802322,no_change,,0.0,2299.0
BMNR,2026-09-11,9,Put,34.5,BMNR260911P00034500,9.85,12.4,11.125,0.0,0.0,0.0,0.0,0.0,1.1789,-0.9956,0.006,0.0004,-0.0039,-0.0009,11.1065,0.0,0.0,0.0,10.8250002861023,no_change,,247.0,60.0
BMNR,2026-09-11,9,Call,35.0,BMNR260911C00035000,0.02,0.09,0.055,0.03,-0.01,-25.0,5.0,3412.0,1.2897,0.0081,0.0058,0.0008,-0.0038,0.0,0.0092,0.03,0.03,0.03,0.0399999991059303,down,2026-09-02T10:13:13,3.0,1366.0
BMNR,2026-09-11,9,Put,35.0,BMNR260911P00035000,10.85,12.9,11.875,8.75,0.0,0.0,0.0,1.0,1.8009,-0.9969,0.0047,0.0003,-0.0033,-0.0005,11.6057,0.0,0.0,0.0,11.375,down,2026-08-27T14:01:14,212.0,45.0
BMNR,2026-09-18,16,Call,8.0,BMNR260918C00008000,14.7,15.7,15.2,16.27,0.0,0.0,0.0,11.0,0.0,0.9989,0.0006,0.0002,0.0,0.0039,15.4271,0.0,0.0,0.0,15.9250001907349,down,2026-08-31T10:58:36,505.0,370.0
BMNR,2026-09-18,16,Put,8.0,BMNR260918P00008000,0.0,0.04,0.02,0.03,0.0,0.0,0.0,555.0,2.1855,-0.0016,0.0006,0.0002,-0.0012,0.0,0.0043,0.0,0.0,0.0,0.00499999988824129,down,2026-08-20T11:36:28,0.0,676.0
BMNR,2026-09-18,16,Call,9.0,BMNR260918C00009000,13.7,14.7,14.2,15.35,0.0,0.0,0.0,2.0,0.0,0.9984,0.0008,0.0003,0.0,0.0044,14.4303,0.0,0.0,0.0,14.8249998092651,up,2026-08-31T10:58:24,495.0,353.0
BMNR,2026-09-18,16,Put,9.0,BMNR260918P00009000,0.0,0.09,0.045,0.12,0.0,0.0,0.0,22.0,2.1902,-0.0021,0.0008,0.0003,-0.0015,0.0,0.0053,0.0,0.0,0.0,0.109999999403954,no_change,2026-07-23T13:00:48,0.0,1213.0
BMNR,2026-09-18,16,Call,10.0,BMNR260918C00010000,12.75,13.7,13.225,11.5,0.0,0.0,0.0,83.0,0.0,0.9976,0.0011,0.0004,-0.0002,0.0049,13.4339,0.0,0.0,0.0,13.7750000953674,up,2026-08-20T09:58:40,822.0,373.0
BMNR,2026-09-18,16,Put,10.0,BMNR260918P00010000,0.0,0.05,0.025,0.01,0.0,0.0,0.0,360.0,1.8091,-0.0028,0.0011,0.0004,-0.0018,0.0,0.0067,0.0,0.0,0.0,0.025000000372529,no_change,2026-08-31T15:50:53,0.0,877.0
BMNR,2026-09-18,16,Call,11.0,BMNR260918C00011000,11.75,12.75,12.25,14.15,0.0,0.0,0.0,12.0,0.0,0.9966,0.0016,0.0006,-0.0008,0.0054,12.4379,0.0,0.0,0.0,12.8249998092651,up,2026-08-26T13:50:59,457.0,417.0
BMNR,2026-09-18,16,Put,11.0,BMNR260918P00011000,0.0,0.09,0.045,0.01,0.0,0.0,0.0,84.0,1.7647,-0.0038,0.0016,0.0006,-0.0022,0.0,0.0086,0.0,0.0,0.0,0.0199999995529652,no_change,2026-08-31T10:04:34,0.0,1740.0
BMNR,2026-09-18,16,Call,12.0,BMNR260918C00012000,10.75,11.7,11.225,11.85,0.0,0.0,0.0,11.0,0.0,0.9952,0.0023,0.0007,-0.0014,0.0058,11.4428,0.0,0.0,0.0,11.8499999046326,up,2026-08-24T09:36:39,529.0,341.0
BMNR,2026-09-18,16,Put,12.0,BMNR260918P00012000,0.0,0.1,0.05,0.01,0.0,0.0,0.0,784.0,1.6066,-0.0053,0.0023,0.0007,-0.0027,-0.0001,0.0113,0.0,0.0,0.0,0.00999999977648258,no_change,2026-09-01T14:53:39,0.0,4163.0
BMNR,2026-09-18,16,Call,13.0,BMNR260918C00013000,9.7,10.7,10.2,7.4,0.0,0.0,0.0,17.0,0.0,0.993,0.0034,0.001,-0.0022,0.0063,10.4488,0.0,0.0,0.0,10.8249998092651,up,2026-08-19T11:25:21,453.0,349.0
BMNR,2026-09-18,16,Put,13.0,BMNR260918P00013000,0.01,0.1,0.055,0.02,0.0,0.0,0.0,2549.0,1.4565,-0.0074,0.0034,0.001,-0.0034,-0.0001,0.0151,0.0,0.0,0.0,0.0149999996647239,no_change,2026-08-28T15:53:21,2.0,4192.0
BMNR,2026-09-18,16,Call,14.0,BMNR260918C00014000,9.05,9.75,9.4,9.98,0.0,0.0,0.0,420.0,0.0,0.9898,0.0051,0.0014,-0.0033,0.0068,9.4567,0.0,0.0,0.0,9.375,no_change,2026-08-28T15:31:38,1831.0,1014.0
BMNR,2026-09-18,16,Put,14.0,BMNR260918P00014000,0.04,0.06,0.05,0.03,0.015,100.0,9.0,7066.0,1.2735,-0.0107,0.0051,0.0014,-0.0044,-0.0001,0.0209,0.02,0.04,0.02,0.0149999996647239,down,2026-09-02T09:55:58,500.0,767.0
BMNR,2026-09-18,16,Call,15.0,BMNR260918C00015000,8.15,8.75,8.45,8.35,0.0,0.0,0.0,601.0,0.9125,0.9848,0.0077,0.0019,-0.0048,0.0072,8.4675,0.0,0.0,0.0,8.3250002861023,down,2026-09-01T14:35:01,1621.0,954.0
BMNR,2026-09-18,16,Put,15.0,BMNR260918P00015000,0.02,0.05,0.035,0.02,0.0,0.0,0.0,18178.0,1.0599,-0.0157,0.0077,0.0019,-0.0058,-0.0002,0.0296,0.0,0.0,0.0,0.0299999993294477,up,2026-09-01T15:21:24,1.0,344.0
BMNR,2026-09-18,16,Call,16.0,BMNR260918C00016000,6.75,7.7,7.225,7.78,0.0,0.0,0.0,1818.0,0.0,0.977,0.0117,0.0027,-0.0067,0.0076,7.4834,0.0,0.0,0.0,7.52499985694885,down,2026-09-01T12:39:18,2026.0,914.0
BMNR,2026-09-18,16,Put,16.0,BMNR260918P00016000,0.0,0.06,0.03,0.04,0.0,0.0,0.0,17543.0,0.9024,-0.0235,0.0117,0.0027,-0.0076,-0.0003,0.0433,0.0,0.0,0.0,0.034999999217689,down,2026-09-01T15:10:48,0.0,3.0
BMNR,2026-09-18,16,Call,16.5,BMNR260918C00016500,6.3,7.25,6.775,0.0,0.0,0.0,0.0,0.0,0.0,0.9715,0.0144,0.0033,-0.008,0.0078,6.9941,0.0,0.0,0.0,7.375,no_change,,490.0,363.0
BMNR,2026-09-18,16,Put,16.5,BMNR260918P00016500,0.0,0.13,0.065,0.04,0.0,0.0,0.0,402.0,0.9578,-0.029,0.0145,0.0033,-0.0088,-0.0003,0.053,0.0,0.0,0.0,0.0599999986588955,no_change,2026-08-31T15:57:21,0.0,2205.0
BMNR,2026-09-18,16,Call,17.0,BMNR260918C00017000,6.15,6.75,6.45,6.42,0.0,0.0,0.0,2350.0,0.6424,0.9646,0.0179,0.0039,-0.0094,0.0079,6.5076,0.0,0.0,0.0,6.40000009536743,no_change,2026-09-01T15:58:07,1718.0,974.0
BMNR,2026-09-18,16,Put,17.0,BMNR260918P00017000,0.04,0.11,0.075,0.07,-0.01,-12.5,5.0,1934.0,0.9257,-0.036,0.0179,0.0039,-0.0102,-0.0004,0.0655,0.07,0.07,0.04,0.0800000000745058,up,2026-09-02T10:10:50,100.0,1036.0
BMNR,2026-09-18,16,Call,17.5,BMNR260918C00017500,5.45,6.25,5.85,7.9,0.0,0.0,0.0,3.0,0.0,0.9558,0.0221,0.0047,-0.0111,0.0081,6.0247,0.0,0.0,0.0,5.875,up,2026-08-28T09:51:30,454.0,320.0
BMNR,2026-09-18,16,Put,17.5,BMNR260918P00017500,0.0,0.15,0.075,0.09,0.0,0.0,0.0,36.0,0.8448,-0.0448,0.0222,0.0047,-0.0119,-0.0005,0.0815,0.0,0.0,0.0,0.0850000008940697,no_change,2026-09-01T14:47:52,0.0,1758.0
BMNR,2026-09-18,16,Call,18.0,BMNR260918C00018000,5.4,5.75,5.575,5.4,-0.1,-1.81818,5.0,5522.0,0.8794,0.9446,0.0273,0.0056,-0.0131,0.0082,5.5466,5.4,5.4,5.4,5.5,down,2026-09-02T10:24:04,721.0,1036.0
BMNR,2026-09-18,16,Put,18.0,BMNR260918P00018000,0.09,0.1,0.095,0.1,0.0,-1.49012e-06,18.0,3181.0,0.8172,-0.056,0.0274,0.0056,-0.0138,-0.0006,0.1024,0.1,0.1,0.1,0.100000001490116,no_change,2026-09-02T10:07:09,123.0,39.0
BMNR,2026-09-18,16,Call,18.5,BMNR260918C00018500,4.4,5.35,4.875,4.7,-0.675,-12.5581,1.0,24.0,0.0,0.9304,0.0336,0.0066,-0.0154,0.0082,5.0748,4.7,4.7,4.7,5.375,down,2026-09-02T09:31:07,503.0,430.0
BMNR,2026-09-18,16,Put,18.5,BMNR260918P00018500,0.11,0.16,0.135,0.11,0.0,0.0,0.0,162.0,0.8129,-0.0702,0.0338,0.0067,-0.0161,-0.0008,0.1297,0.0,0.0,0.0,0.135000001639128,up,2026-09-01T12:34:17,135.0,1052.0
BMNR,2026-09-18,16,Call,19.0,BMNR260918C00019000,4.45,4.7,4.575,4.5,-0.075,-1.63934,3.0,1249.0,0.732,0.9126,0.0412,0.0079,-0.0181,0.0083,4.6115,4.41,4.5,4.41,4.57499980926514,no_change,2026-09-02T09:52:08,909.0,175.0
BMNR,2026-09-18,16,Put,19.0,BMNR260918P00019000,0.15,0.17,0.16,0.16,-0.01,-5.88235,7.0,2169.0,0.7745,-0.0882,0.0413,0.0079,-0.0186,-0.001,0.1654,0.17,0.17,0.16,0.170000001788139,no_change,2026-09-02T10:27:10,186.0,179.0
BMNR,2026-09-18,16,Call,19.5,BMNR260918C00019500,3.9,4.4,4.15,3.97,-0.08,-1.97531,3.0,40.0,0.7506,0.8902,0.05,0.0093,-0.021,0.0082,4.1593,3.99,3.99,3.97,4.05000007152557,down,2026-09-02T10:03:40,907.0,834.0
BMNR,2026-09-18,16,Put,19.5,BMNR260918P00019500,0.19,0.21,0.2,0.23,0.0,1.42533e-06,3.0,60.0,0.7473,-0.1107,0.0501,0.0093,-0.0216,-0.0012,0.2123,0.22,0.23,0.22,0.229999996721745,no_change,2026-09-02T10:01:24,413.0,13.0
BMNR,2026-09-18,16,Call,20.0,BMNR260918C00020000,3.6,3.9,3.75,3.63,-0.095,-2.55033,17.0,11248.0,0.769,0.8625,0.0598,0.0109,-0.0243,0.0081,3.7215,3.78,3.78,3.5,3.72499990463257,up,2026-09-02T10:06:32,703.0,1071.0
BMNR,2026-09-18,16,Put,20.0,BMNR260918P00020000,0.26,0.29,0.275,0.26,-0.03,-10.3448,89.0,1964.0,0.7443,-0.1384,0.0601,0.0109,-0.0248,-0.0015,0.2736,0.35,0.35,0.26,0.290000006556511,down,2026-09-02T10:22:28,215.0,179.0
BMNR,2026-09-18,16,Call,20.5,BMNR260918C00020500,3.0,3.55,3.275,3.19,-0.025,-0.777606,5.0,5.0,0.7069,0.829,0.0705,0.0126,-0.0278,0.0079,3.3019,3.21,3.21,3.19,3.2150000333786,down,2026-09-02T10:13:13,1087.0,986.0
BMNR,2026-09-18,16,Put,20.5,BMNR260918P00020500,0.33,0.37,0.35,0.38,0.0,0.0,0.0,180.0,0.726,-0.1721,0.0707,0.0126,-0.0282,-0.0019,0.3533,0.0,0.0,0.0,0.385000005364418,no_change,2026-09-01T14:05:55,186.0,105.0
BMNR,2026-09-18,16,Call,21.0,BMNR260918C00021000,2.81,3.15,2.98,2.84,-0.135,-4.53782,3.0,6490.0,0.7693,0.7893,0.0813,0.0143,-0.0313,0.0077,2.905,2.56,2.84,2.56,2.97500002384186,up,2026-09-02T09:43:09,627.0,1294.0
BMNR,2026-09-18,16,Put,21.0,BMNR260918P00021000,0.45,0.48,0.46499999999999997,0.45,-0.04,-8.16326,20.0,5303.0,0.7242,-0.212,0.0817,0.0144,-0.0318,-0.0023,0.4556,0.57,0.62,0.45,0.489999994635582,down,2026-09-02T10:24:35,256.0,126.0
BMNR,2026-09-18,16,Call,21.5,BMNR260918C00021500,2.33,2.76,2.545,2.44,-0.1,-3.93701,1.0,63.0,0.7163,0.7436,0.0916,0.0159,-0.0348,0.0073,2.5349,2.44,2.44,2.44,2.53999996185303,up,2026-09-02T09:57:28,1457.0,1367.0
BMNR,2026-09-18,16,Put,21.5,BMNR260918P00021500,0.56,0.62,0.5900000000000001,0.59,-0.05,-7.8125,2.0,146.0,0.7131,-0.2579,0.092,0.0159,-0.0352,-0.0028,0.585,0.59,0.59,0.59,0.640000015497208,down,2026-09-02T10:24:14,1321.0,91.0
BMNR,2026-09-18,16,Call,22.0,BMNR260918C00022000,2.12,2.26,2.19,2.22,-0.05,-2.20264,41.0,4767.0,0.7026,0.6929,0.1005,0.0174,-0.0379,0.0069,2.1954,2.27,2.29,2.09,2.26999998092651,up,2026-09-02T10:16:37,1077.0,68.0
BMNR,2026-09-18,16,Put,22.0,BMNR260918P00022000,0.71,0.79,0.75,0.82,0.01,1.23457,46.0,2714.0,0.7085,-0.3089,0.101,0.0174,-0.0382,-0.0033,0.7452,0.94,0.94,0.78,0.809999972581864,down,2026-09-02T10:05:40,1060.0,128.0
BMNR,2026-09-18,16,Call,22.5,BMNR260918C00022500,1.85,1.96,1.905,1.9,-0.065,-3.30789,2.0,134.0,0.7132,0.6384,0.1073,0.0185,-0.0405,0.0064,1.8892,1.84,1.9,1.84,1.96499997377396,up,2026-09-02T10:18:11,861.0,487.0
BMNR,2026-09-18,16,Put,22.5,BMNR260918P00022500,0.9,1.01,0.9550000000000001,0.95,-0.055,-5.47264,5.0,399.0,0.7135,-0.3636,0.1079,0.0185,-0.0408,-0.0038,0.9387,1.1,1.1,0.95,1.00499999523163,down,2026-09-02T10:25:03,1567.0,800.0
BMNR,2026-09-18,16,Call,23.0,BMNR260918C00023000,1.6,1.68,1.6400000000000001,1.5,-0.19,-11.2426,240.0,14591.0,0.7183,0.5821,0.1115,0.0193,-0.0424,0.0059,1.6174,1.48,1.69,1.41,1.68999999761581,down,2026-09-02T10:03:35,131.0,594.0
BMNR,2026-09-18,16,Put,23.0,BMNR260918P00023000,1.13,1.22,1.1749999999999998,1.15,-0.085,-6.88259,319.0,1564.0,0.7108,-0.4202,0.1121,0.0193,-0.0427,-0.0043,1.1668,1.33,1.45,1.15,1.23500001430511,down,2026-09-02T10:22:51,1374.0,135.0
BMNR,2026-09-18,16,Call,23.5,BMNR260918C00023500,1.36,1.46,1.4100000000000001,1.41,-0.05,-3.42466,11.0,199.0,0.7264,0.5257,0.113,0.0197,-0.0435,0.0054,1.3796,1.24,1.42,1.24,1.45999997854233,up,2026-09-02T10:15:53,129.0,938.0
BMNR,2026-09-18,16,Put,23.5,BMNR260918P00023500,1.39,1.48,1.435,1.52,0.0,0.0,0.0,452.0,0.7141,-0.4769,0.1137,0.0197,-0.0438,-0.0049,1.4289,0.0,0.0,0.0,1.49500000476837,down,2026-09-01T15:25:23,1096.0,93.0
BMNR,2026-09-18,16,Call,24.0,BMNR260918C00024000,1.17,1.22,1.1949999999999998,1.19,-0.065,-5.17928,30.0,3994.0,0.7256,0.471,0.1119,0.0197,-0.0439,0.0048,1.1741,1.03,1.19,1.0,1.25499999523163,no_change,2026-09-02T10:27:10,106.0,123.0
BMNR,2026-09-18,16,Put,24.0,BMNR260918P00024000,1.7,1.78,1.74,1.71,-0.075,-4.20168,21.0,1617.0,0.7258,-0.532,0.1126,0.0196,-0.0441,-0.0055,1.7236,1.95,1.98,1.71,1.78500002622604,no_change,2026-09-02T10:24:56,713.0,123.0
BMNR,2026-09-18,16,Call,24.5,BMNR260918C00024500,0.99,1.05,1.02,1.0,-0.06,-5.66038,24.0,419.0,0.7369,0.4191,0.1086,0.0193,-0.0436,0.0043,0.9982,0.89,1.05,0.86,1.06000000238419,down,2026-09-02T09:47:26,89.0,740.0
BMNR,2026-09-18,16,Put,24.5,BMNR260918P00024500,2.0,2.11,2.0549999999999997,2.28,0.18,8.57143,2.0,147.0,0.7291,-0.5841,0.1094,0.0193,-0.0437,-0.0059,2.0482,2.16,2.28,2.16,2.10000002384186,up,2026-09-02T09:59:37,835.0,104.0
BMNR,2026-09-18,16,Call,25.0,BMNR260918C00025000,0.83,0.88,0.855,0.86,-0.04,-4.44445,127.0,13204.0,0.7384,0.3711,0.1037,0.0187,-0.0426,0.0038,0.8487,0.73,0.93,0.7,0.900000005960464,down,2026-09-02T10:25:12,188.0,169.0
BMNR,2026-09-18,16,Put,25.0,BMNR260918P00025000,2.35,2.46,2.4050000000000002,2.46,-0.09,-3.52941,2.0,1462.0,0.7382,-0.6324,0.1045,0.0186,-0.0428,-0.0062,2.3991,2.46,2.46,2.46,2.55000007152557,no_change,2026-09-02T09:46:43,680.0,126.0
BMNR,2026-09-18,16,Call,25.5,BMNR260918C00025500,0.71,0.74,0.725,0.74,-0.03,-3.89611,50.0,855.0,0.7471,0.3274,0.0976,0.0178,-0.0412,0.0034,0.7221,0.63,0.74,0.63,0.770000010728836,no_change,2026-09-02T09:47:22,77.0,117.0
BMNR,2026-09-18,16,Put,25.5,BMNR260918P00025500,2.71,2.83,2.77,2.15,0.0,0.0,0.0,133.0,0.7438,-0.6765,0.0985,0.0177,-0.0413,-0.0066,2.7729,0.0,0.0,0.0,2.7299998998642,up,2026-09-01T09:31:42,634.0,29.0
BMNR,2026-09-18,16,Call,26.0,BMNR260918C00026000,0.59,0.63,0.61,0.65,0.0,-9.16995e-07,9229.0,5107.0,0.7534,0.288,0.0909,0.0168,-0.0394,0.003,0.6154,0.52,0.67,0.52,0.650000005960464,no_change,2026-09-02T10:22:21,111.0,162.0
BMNR,2026-09-18,16,Put,26.0,BMNR260918P00026000,3.05,3.3,3.175,2.68,0.0,0.0,0.0,100.0,0.7613,-0.7161,0.0917,0.0167,-0.0395,-0.0068,3.167,0.0,0.0,0.0,3.22499990463257,up,2026-09-01T11:20:34,790.0,776.0
BMNR,2026-09-18,16,Call,26.5,BMNR260918C00026500,0.51,0.54,0.525,0.48,-0.07,-12.7273,60.0,449.0,0.7679,0.253,0.0839,0.0158,-0.0374,0.0026,0.5253,0.48,0.48,0.48,0.549999982118607,down,2026-09-02T10:00:37,68.0,497.0
BMNR,2026-09-18,16,Put,26.5,BMNR260918P00026500,3.4,3.85,3.625,3.25,0.0,0.0,0.0,161.0,0.7983,-0.7514,0.0847,0.0156,-0.0374,-0.0069,3.5776,0.0,0.0,0.0,3.70000004768372,up,2026-09-01T11:10:37,1058.0,1152.0
BMNR,2026-09-18,16,Call,27.0,BMNR260918C00027000,0.43,0.46,0.445,0.44,-0.035,-7.36842,26.0,2986.0,0.7769,0.222,0.0769,0.0147,-0.0352,0.0023,0.4495,0.4,0.44,0.37,0.475000008940697,up,2026-09-02T10:15:41,403.0,120.0
BMNR,2026-09-18,16,Put,27.0,BMNR260918P00027000,3.85,4.25,4.05,4.1,0.0,0.0,0.0,190.0,0.8123,-0.7827,0.0777,0.0145,-0.0352,-0.0072,4.0026,0.0,0.0,0.0,4.14999997615814,up,2026-09-01T14:27:22,838.0,1066.0
BMNR,2026-09-18,16,Call,27.5,BMNR260918C00027500,0.36,0.39,0.375,0.35,-0.05,-12.5,1.0,206.0,0.7843,0.1948,0.0701,0.0136,-0.033,0.002,0.3855,0.35,0.35,0.35,0.399999991059303,down,2026-09-02T09:34:55,517.0,91.0
BMNR,2026-09-18,16,Put,27.5,BMNR260918P00027500,4.2,5.05,4.625,4.8,0.325,7.26257,1.0,8.0,0.9225,-0.8101,0.0708,0.0133,-0.0329,-0.0072,4.4394,4.8,4.8,4.8,4.47500014305115,down,2026-09-02T09:30:11,855.0,1331.0
BMNR,2026-09-18,16,Call,28.0,BMNR260918C00028000,0.3,0.34,0.32,0.33,-0.01,-2.94118,25.0,8013.0,0.795,0.1709,0.0636,0.0125,-0.0307,0.0018,0.3314,0.28,0.34,0.28,0.340000003576279,no_change,2026-09-02T10:24:44,695.0,511.0
BMNR,2026-09-18,16,Put,28.0,BMNR260918P00028000,4.65,5.2,4.925000000000001,4.27,0.0,0.0,0.0,311.0,0.8353,-0.8342,0.0643,0.0123,-0.0306,-0.0073,4.8862,0.0,0.0,0.0,4.85000014305115,down,2026-09-01T11:31:13,1070.0,1082.0
BMNR,2026-09-18,16,Call,29.0,BMNR260918C00029000,0.23,0.26,0.245,0.28,0.0,0.0,0.0,1071.0,0.8266,0.1318,0.0519,0.0106,-0.0264,0.0014,0.2468,0.0,0.0,0.0,0.259999997913837,up,2026-09-01T15:58:35,116.0,163.0
BMNR,2026-09-18,16,Put,29.0,BMNR260918P00029000,5.55,6.25,5.9,5.36,0.0,0.0,0.0,7.0,0.9167,-0.8736,0.0527,0.0102,-0.0261,-0.0072,5.8034,0.0,0.0,0.0,5.875,up,2026-08-31T10:55:42,777.0,992.0
BMNR,2026-09-18,16,Call,30.0,BMNR260918C00030000,0.17,0.19,0.18,0.18,-0.015,-7.69231,9141.0,15988.0,0.8454,0.1021,0.0421,0.0088,-0.0225,0.0011,0.1856,0.2,0.2,0.14,0.195000000298023,no_change,2026-09-02T10:23:10,339.0,257.0
BMNR,2026-09-18,16,Put,30.0,BMNR260918P00030000,6.6,6.9,6.75,6.1,0.0,0.0,0.0,26.0,0.8587,-0.9037,0.043,0.0084,-0.0221,-0.007,6.7443,0.0,0.0,0.0,6.89999985694885,up,2026-09-01T09:38:56,185.0,185.0
BMNR,2026-09-18,16,Call,31.0,BMNR260918C00031000,0.13,0.14,0.135,0.14,-0.01,-6.66667,1.0,653.0,0.8665,0.0795,0.034,0.0073,-0.019,0.0008,0.1409,0.14,0.14,0.14,0.149999998509884,down,2026-09-02T10:22:04,226.0,22.0
BMNR,2026-09-18,16,Put,31.0,BMNR260918P00031000,7.45,8.25,7.85,6.04,0.0,0.0,0.0,10.0,1.0517,-0.9268,0.0352,0.0067,-0.0186,-0.0066,7.7017,0.0,0.0,0.0,7.90000009536743,no_change,2026-08-27T10:18:37,320.0,381.0
BMNR,2026-09-18,16,Call,32.0,BMNR260918C00032000,0.1,0.12,0.11,0.11,-0.015,-12.0,10.0,4390.0,0.9004,0.0622,0.0275,0.006,-0.016,0.0006,0.108,0.11,0.11,0.11,0.12500000372529,no_change,2026-09-02T10:15:24,388.0,453.0
BMNR,2026-09-18,16,Put,32.0,BMNR260918P00032000,8.4,9.3,8.850000000000001,7.45,0.0,0.0,0.0,0.0,1.1338,-0.9446,0.0289,0.0055,-0.0158,-0.0064,8.6709,0.0,0.0,0.0,8.37499976158142,down,2026-08-28T10:08:04,311.0,389.0
BMNR,2026-09-18,16,Call,33.0,BMNR260918C00033000,0.08,0.09,0.08499999999999999,0.09,-0.01,-10.0,16.0,2683.0,0.9215,0.049,0.0222,0.005,-0.0134,0.0005,0.0834,0.09,0.09,0.09,0.100000001490116,down,2026-09-02T10:25:32,380.0,679.0
BMNR,2026-09-18,16,Put,33.0,BMNR260918P00033000,9.4,10.3,9.850000000000001,9.36,0.0,0.0,0.0,2.0,1.2118,-0.9586,0.0239,0.0044,-0.0136,-0.0058,9.649,0.0,0.0,0.0,9.375,down,2026-08-24T10:26:16,309.0,363.0
BMNR,2026-09-18,16,Call,34.0,BMNR260918C00034000,0.0,0.16,0.08,0.15,0.0,0.0,0.0,1328.0,0.9735,0.0388,0.018,0.0041,-0.0113,0.0004,0.065,0.0,0.0,0.0,0.099999999627471,up,2026-08-31T15:08:15,0.0,2205.0
BMNR,2026-09-18,16,Put,34.0,BMNR260918P00034000,10.4,11.3,10.850000000000001,9.86,0.0,0.0,0.0,5.0,1.2862,-0.9696,0.02,0.0032,-0.0116,-0.0045,10.6334,0.0,0.0,0.0,10.3499999046326,up,2026-08-28T13:01:36,300.0,338.0
BMNR,2026-09-18,16,Call,35.0,BMNR260918C00035000,0.05,0.06,0.055,0.06,-0.02,-25.0,1.0,2174.0,0.9701,0.0309,0.0146,0.0034,-0.0095,0.0003,0.051,0.06,0.06,0.06,0.0800000000745058,no_change,2026-09-02T09:54:01,386.0,10.0
BMNR,2026-09-18,16,Put,35.0,BMNR260918P00035000,11.35,12.35,11.85,9.49,0.0,0.0,0.0,32.0,1.3574,-0.9782,0.0166,0.0026,-0.0096,-0.0044,11.6224,0.0,0.0,0.0,11.3250002861023,down,2026-08-27T15:10:57,326.0,424.0
BMNR,2026-09-25,23,Call,5.0,BMNR260925C00005000,16.75,19.7,18.225,0.0,0.0,0.0,0.0,0.0,0.0,0.9993,0.0001,0.0001,0.0,0.0033,18.4031,0.0,0.0,0.0,18.7250003814697,no_change,,120.0,20.0
BMNR,2026-09-25,23,Put,5.0,BMNR260925P00005000,0.0,0.47,0.235,0.0,0.0,0.0,0.0,0.0,3.8788,-0.0004,0.0001,0.0001,-0.0003,0.0,0.0013,0.0,0.0,0.0,0.725000023841858,no_change,,0.0,947.0
BMNR,2026-09-25,23,Call,9.0,BMNR260925C00009000,13.0,15.7,14.35,16.2,0.0,0.0,0.0,2.0,0.0,0.9977,0.0007,0.0004,0.0,0.0061,14.4185,0.0,0.0,0.0,14.8249998092651,up,2026-08-26T13:52:00,132.0,20.0
BMNR,2026-09-25,23,Put,9.0,BMNR260925P00009000,0.0,0.27,0.135,0.0,0.0,0.0,0.0,0.0,2.2054,-0.0019,0.0007,0.0004,-0.001,0.0,0.0048,0.0,0.0,0.0,0.234999999403954,no_change,,0.0,933.0
BMNR,2026-09-25,23,Call,10.0,BMNR260925C00010000,11.7,14.7,13.2,8.7,0.0,0.0,0.0,1.0,0.0,0.9968,0.0011,0.0005,0.0,0.0068,13.4236,0.0,0.0,0.0,13.9249997138977,up,2026-08-18T13:34:37,133.0,20.0
BMNR,2026-09-25,23,Put,10.0,BMNR260925P00010000,0.0,0.27,0.135,0.09,0.0,0.0,0.0,1.0,1.9849,-0.0028,0.0011,0.0005,-0.0013,0.0,0.0068,0.0,0.0,0.0,0.234999999403954,down,2026-08-28T09:40:19,0.0,973.0
BMNR,2026-09-25,23,Call,11.0,BMNR260925C00011000,10.8,13.75,12.275,0.0,0.0,0.0,0.0,0.0,0.0,0.9954,0.0017,0.0007,-0.0004,0.0074,12.4296,0.0,0.0,0.0,12.9000000953674,no_change,,133.0,20.0
BMNR,2026-09-25,23,Put,11.0,BMNR260925P00011000,0.0,0.27,0.135,0.18,0.0,0.0,0.0,1.0,1.7859,-0.0042,0.0018,0.0007,-0.0018,-0.0001,0.0098,0.0,0.0,0.0,0.33500000834465,down,2026-08-28T09:55:16,0.0,994.0
BMNR,2026-09-25,23,Call,12.0,BMNR260925C00012000,9.8,12.75,11.275,0.0,0.0,0.0,0.0,0.0,0.0,0.9933,0.0027,0.001,-0.0011,0.0081,11.4371,0.0,0.0,0.0,11.9749999046326,no_change,,134.0,20.0
BMNR,2026-09-25,23,Put,12.0,BMNR260925P00012000,0.0,0.67,0.335,0.03,0.0,0.0,0.0,132.0,1.9724,-0.0064,0.0027,0.001,-0.0024,-0.0001,0.0143,0.0,0.0,0.0,0.034999999217689,down,2026-09-01T11:22:15,0.0,2492.0
BMNR,2026-09-25,23,Call,13.0,BMNR260925C00013000,8.8,11.45,10.125,0.0,0.0,0.0,0.0,0.0,0.0,0.99,0.0041,0.0015,-0.0021,0.0087,10.4469,0.0,0.0,0.0,10.9499998092651,no_change,,166.0,20.0
BMNR,2026-09-25,23,Put,13.0,BMNR260925P00013000,0.0,0.67,0.335,0.05,0.0,0.0,0.0,6.0,1.7743,-0.0096,0.0041,0.0015,-0.0032,-0.0001,0.0211,0.0,0.0,0.0,0.234999999403954,down,2026-08-27T14:47:15,0.0,1152.0
BMNR,2026-09-25,23,Call,13.5,BMNR260925C00013500,8.0,11.25,9.625,0.0,0.0,0.0,0.0,0.0,0.0,0.9878,0.0051,0.0018,-0.0027,0.009,9.9531,0.0,0.0,0.0,10.3000001907349,no_change,,174.0,20.0
BMNR,2026-09-25,23,Put,13.5,BMNR260925P00013500,0.0,0.47,0.235,0.0,0.0,0.0,0.0,0.0,1.5365,-0.0118,0.0051,0.0018,-0.0038,-0.0002,0.0258,0.0,0.0,0.0,0.119999997317791,no_change,,0.0,2193.0
BMNR,2026-09-25,23,Call,14.0,BMNR260925C00014000,8.1,10.35,9.225,4.82,0.0,0.0,0.0,5.0,0.0,0.9851,0.0063,0.0022,-0.0034,0.0093,9.4604,0.0,0.0,0.0,9.60000038146973,no_change,2026-08-17T11:38:02,223.0,36.0
BMNR,2026-09-25,23,Put,14.0,BMNR260925P00014000,0.05,0.06,0.055,0.06,0.01,20.0,5731.0,17.0,1.082,-0.0146,0.0063,0.0022,-0.0044,-0.0002,0.0316,0.06,0.06,0.02,0.0500000007450581,up,2026-09-02T10:25:52,500.0,844.0
BMNR,2026-09-25,23,Call,14.5,BMNR260925C00014500,7.8,9.65,8.725,5.77,0.0,0.0,0.0,3.0,0.0,0.9817,0.0078,0.0026,-0.0042,0.0096,8.9692,0.0,0.0,0.0,9.40000009536743,up,2026-08-19T11:19:25,314.0,181.0
BMNR,2026-09-25,23,Put,14.5,BMNR260925P00014500,0.0,0.48,0.24,0.08,0.0,0.0,0.0,117.0,1.3777,-0.018,0.0078,0.0026,-0.0051,-0.0003,0.0389,0.0,0.0,0.0,0.0850000008940697,up,2026-08-24T12:52:19,0.0,2374.0
BMNR,2026-09-25,23,Call,15.0,BMNR260925C00015000,7.35,8.85,8.1,8.4,0.0,0.0,0.0,31.0,0.0,0.9774,0.0096,0.0031,-0.0051,0.0098,8.4798,0.0,0.0,0.0,8.34999990463257,down,2026-09-01T14:35:01,316.0,69.0
BMNR,2026-09-25,23,Put,15.0,BMNR260925P00015000,0.0,0.1,0.05,0.05,0.0,0.0,0.0,205.0,0.9392,-0.0223,0.0096,0.0031,-0.006,-0.0004,0.048,0.0,0.0,0.0,0.375,no_change,2026-08-28T09:59:27,0.0,1.0
BMNR,2026-09-25,23,Call,15.5,BMNR260925C00015500,6.8,8.35,7.574999999999999,10.22,0.0,0.0,0.0,3.0,0.0,0.9722,0.0118,0.0037,-0.0061,0.0101,7.9927,0.0,0.0,0.0,8.52500009536743,up,2026-08-25T11:17:32,304.0,51.0
BMNR,2026-09-25,23,Put,15.5,BMNR260925P00015500,0.0,0.49,0.245,0.06,0.0,0.0,0.0,86.0,1.2275,-0.0276,0.0118,0.0037,-0.007,-0.0004,0.0595,0.0,0.0,0.0,0.375,no_change,2026-08-28T12:39:11,0.0,2404.0
BMNR,2026-09-25,23,Call,16.0,BMNR260925C00016000,6.75,8.35,7.55,9.43,0.0,0.0,0.0,96.0,0.964,0.9656,0.0144,0.0045,-0.0073,0.0103,7.5086,0.0,0.0,0.0,8.02500009536743,up,2026-08-28T09:49:54,699.0,490.0
BMNR,2026-09-25,23,Put,16.0,BMNR260925P00016000,0.06,0.1,0.08,0.1,0.02,25.0,14.0,52.0,0.8947,-0.0341,0.0145,0.0045,-0.0081,-0.0005,0.0739,0.1,0.1,0.1,0.0800000000745058,up,2026-09-02T10:04:34,80.0,82.0
BMNR,2026-09-25,23,Call,16.5,BMNR260925C00016500,5.9,7.45,6.675000000000001,8.06,0.0,0.0,0.0,138.0,0.0,0.9575,0.0177,0.0053,-0.0087,0.0105,7.0283,0.0,0.0,0.0,7.52500009536743,up,2026-08-24T13:42:41,1258.0,816.0
BMNR,2026-09-25,23,Put,16.5,BMNR260925P00016500,0.01,0.51,0.26,0.08,0.0,0.0,0.0,199.0,1.0958,-0.0422,0.0177,0.0053,-0.0095,-0.0007,0.0922,0.0,0.0,0.0,0.109999999403954,down,2026-09-01T15:15:22,1506.0,2550.0
BMNR,2026-09-25,23,Call,17.0,BMNR260925C00017000,5.4,6.9,6.15,7.9,0.0,0.0,0.0,33.0,0.0,0.9475,0.0215,0.0063,-0.0103,0.0107,6.5528,0.0,0.0,0.0,6.84999990463257,down,2026-08-26T09:34:47,356.0,20.0
BMNR,2026-09-25,23,Put,17.0,BMNR260925P00017000,0.01,0.28,0.14500000000000002,0.12,0.0,0.0,0.0,183.0,0.8811,-0.0522,0.0216,0.0063,-0.011,-0.0008,0.1152,0.0,0.0,0.0,0.114999998360872,down,2026-09-01T15:14:04,1621.0,2347.0
BMNR,2026-09-25,23,Call,17.5,BMNR260925C00017500,5.0,6.5,5.75,7.8,0.0,0.0,0.0,109.0,0.0,0.9353,0.026,0.0074,-0.0121,0.0108,6.0834,0.0,0.0,0.0,6.57500004768372,up,2026-08-26T13:50:14,591.0,55.0
BMNR,2026-09-25,23,Put,17.5,BMNR260925P00017500,0.03,0.3,0.16499999999999998,0.1,0.0,0.0,0.0,223.0,0.8432,-0.0645,0.0261,0.0074,-0.0128,-0.001,0.1443,0.0,0.0,0.0,0.155000001192093,down,2026-08-31T10:23:36,1148.0,1159.0
BMNR,2026-09-25,23,Call,18.0,BMNR260925C00018000,4.6,6.35,5.475,5.92,0.0,0.0,0.0,179.0,0.5609,0.9203,0.0312,0.0087,-0.0141,0.0109,5.6216,0.0,0.0,0.0,5.77499985694885,no_change,2026-09-01T12:25:55,1335.0,1170.0
BMNR,2026-09-25,23,Put,18.0,BMNR260925P00018000,0.07,0.21,0.14,0.18,0.0,0.0,0.0,264.0,0.7476,-0.0795,0.0313,0.0088,-0.0147,-0.0013,0.1811,0.0,0.0,0.0,0.179999999701977,down,2026-09-01T15:25:19,1655.0,159.0
BMNR,2026-09-25,23,Call,18.5,BMNR260925C00018500,4.85,5.5,5.175,5.08,-0.17,-3.2381,1.0,43.0,0.7871,0.9023,0.0371,0.0102,-0.0163,0.0109,5.1692,5.08,5.08,5.08,5.25,down,2026-09-02T10:05:40,285.0,55.0
BMNR,2026-09-25,23,Put,18.5,BMNR260925P00018500,0.17,0.41,0.29,0.23,0.0,1.42533e-06,1.0,44.0,0.8403,-0.0976,0.0372,0.0102,-0.0169,-0.0016,0.2273,0.23,0.23,0.23,0.229999996721745,no_change,2026-09-02T09:30:06,1203.0,1695.0
BMNR,2026-09-25,23,Call,19.0,BMNR260925C00019000,3.9,5.0,4.45,5.8,0.0,0.0,0.0,48.0,0.3576,0.8807,0.0437,0.0118,-0.0187,0.0109,4.7285,0.0,0.0,0.0,4.67500019073486,no_change,2026-09-01T10:37:13,1080.0,173.0
BMNR,2026-09-25,23,Put,19.0,BMNR260925P00019000,0.25,0.3,0.275,0.3,-0.005,-1.63935,3.0,247.0,0.7581,-0.1192,0.0438,0.0118,-0.0192,-0.0019,0.2853,0.33,0.33,0.3,0.305000007152557,down,2026-09-02T10:07:49,344.0,296.0
BMNR,2026-09-25,23,Call,19.5,BMNR260925C00019500,4.15,4.55,4.35,4.85,0.0,0.0,0.0,513.0,0.7897,0.8553,0.0508,0.0134,-0.0212,0.0108,4.302,0.0,0.0,0.0,4.29999995231628,down,2026-08-28T14:46:35,754.0,719.0
BMNR,2026-09-25,23,Put,19.5,BMNR260925P00019500,0.32,0.4,0.36,0.37,0.005,1.36986,1.0,284.0,0.7563,-0.1447,0.051,0.0135,-0.0217,-0.0023,0.3575,0.37,0.37,0.37,0.364999994635582,up,2026-09-02T09:57:27,652.0,1414.0
BMNR,2026-09-25,23,Call,20.0,BMNR260925C00020000,3.8,4.1,3.9499999999999997,3.56,-0.315,-8.12903,8.0,692.0,0.7816,0.8258,0.0582,0.0152,-0.0238,0.0106,3.8922,3.56,3.56,3.56,3.87500011920929,down,2026-09-02T09:35:51,25.0,970.0
BMNR,2026-09-25,23,Put,20.0,BMNR260925P00020000,0.41,0.46,0.435,0.46,0.005,1.0989,2.0,564.0,0.7364,-0.1743,0.0584,0.0152,-0.0243,-0.0028,0.4464,0.49,0.49,0.46,0.454999998211861,down,2026-09-02T09:48:47,332.0,278.0
BMNR,2026-09-25,23,Call,20.5,BMNR260925C00020500,3.15,3.7,3.425,3.2,-0.225,-6.56934,2.0,176.0,0.6891,0.7923,0.0656,0.0169,-0.0264,0.0103,3.502,3.2,3.2,3.2,3.42500007152557,no_change,2026-09-02T09:30:11,1392.0,770.0
BMNR,2026-09-25,23,Put,20.5,BMNR260925P00020500,0.51,0.56,0.535,0.58,0.0,0.0,0.0,64.0,0.7236,-0.208,0.0658,0.0169,-0.0268,-0.0033,0.5551,0.0,0.0,0.0,0.555000007152557,down,2026-09-01T15:26:00,264.0,30.0
BMNR,2026-09-25,23,Call,21.0,BMNR260925C00021000,3.05,3.4,3.2249999999999996,3.06,0.0,0.0,0.0,389.0,0.7778,0.7549,0.0727,0.0186,-0.0289,0.01,3.134,0.0,0.0,0.0,3.125,down,2026-09-01T14:28:24,73.0,890.0
BMNR,2026-09-25,23,Put,21.0,BMNR260925P00021000,0.65,0.7,0.675,0.7,-0.01,-1.40845,6.0,444.0,0.7232,-0.2456,0.0729,0.0186,-0.0293,-0.0038,0.686,0.69,0.7,0.69,0.71000000834465,up,2026-09-02T09:30:06,195.0,152.0
BMNR,2026-09-25,23,Call,21.5,BMNR260925C00021500,2.55,3.05,2.8,2.82,0.0,0.0,0.0,119.0,0.7296,0.7141,0.0791,0.0201,-0.0312,0.0095,2.7904,0.0,0.0,0.0,2.86000001430512,down,2026-09-01T15:11:32,1475.0,1257.0
BMNR,2026-09-25,23,Put,21.5,BMNR260925P00021500,0.79,0.86,0.825,0.85,0.0,0.0,0.0,149.0,0.7166,-0.2865,0.0794,0.0201,-0.0316,-0.0044,0.8413,0.0,0.0,0.0,0.844999998807907,down,2026-09-01T15:50:40,171.0,133.0
BMNR,2026-09-25,23,Call,22.0,BMNR260925C00022000,2.38,2.57,2.4749999999999996,2.5,-0.04,-1.5748,9.0,583.0,0.7232,0.6706,0.0845,0.0214,-0.0332,0.0091,2.4729,2.25,2.5,2.25,2.53999996185303,up,2026-09-02T09:47:42,1303.0,414.0
BMNR,2026-09-25,23,Put,22.0,BMNR260925P00022000,0.96,1.05,1.005,1.15,0.095,9.00474,6.0,221.0,0.7138,-0.3302,0.0848,0.0214,-0.0335,-0.0051,1.0231,1.17,1.17,1.14,1.05500000715256,up,2026-09-02T10:03:56,1105.0,122.0
BMNR,2026-09-25,23,Call,22.5,BMNR260925C00022500,2.11,2.3,2.205,2.21,-0.035,-1.55902,5.0,340.0,0.7314,0.6252,0.0886,0.0224,-0.0349,0.0085,2.1828,2.21,2.21,2.21,2.24500000476837,no_change,2026-09-02T10:16:37,933.0,1051.0
BMNR,2026-09-25,23,Put,22.5,BMNR260925P00022500,1.17,1.27,1.22,1.21,-0.06,-4.72441,5.0,249.0,0.716,-0.3758,0.089,0.0224,-0.0351,-0.0058,1.2322,1.47,1.47,1.21,1.26999998092651,down,2026-09-02T10:16:08,1180.0,379.0
BMNR,2026-09-25,23,Call,23.0,BMNR260925C00023000,1.86,1.99,1.925,1.92,-0.07,-3.51759,21.0,699.0,0.7243,0.579,0.0913,0.0231,-0.0361,0.008,1.9203,2.01,2.01,1.92,1.99000000953674,down,2026-09-02T10:25:13,1112.0,337.0
BMNR,2026-09-25,23,Put,23.0,BMNR260925P00023000,1.42,1.5,1.46,1.62,0.115,7.6412,20.0,684.0,0.7184,-0.4222,0.0917,0.0231,-0.0363,-0.0064,1.4689,1.61,1.73,1.57,1.50499999523163,up,2026-09-02T10:04:09,412.0,39.0
BMNR,2026-09-25,23,Call,23.5,BMNR260925C00023500,1.66,1.75,1.705,1.7,-0.045,-2.5788,28.0,513.0,0.7332,0.5329,0.0925,0.0235,-0.0368,0.0074,1.6848,1.73,1.74,1.7,1.74500000476837,down,2026-09-02T10:25:48,199.0,255.0
BMNR,2026-09-25,23,Put,23.5,BMNR260925P00023500,1.67,1.77,1.72,1.77,0.0,0.0,0.0,137.0,0.7191,-0.4686,0.093,0.0235,-0.037,-0.0071,1.733,0.0,0.0,0.0,1.77499997615814,up,2026-09-01T15:47:59,330.0,68.0
BMNR,2026-09-25,23,Call,24.0,BMNR260925C00024000,1.45,1.55,1.5,1.41,-0.13,-8.44156,9.0,777.0,0.7386,0.4878,0.0923,0.0236,-0.0371,0.0068,1.4755,1.27,1.41,1.27,1.54000002145767,up,2026-09-02T10:05:33,402.0,308.0
BMNR,2026-09-25,23,Put,24.0,BMNR260925P00024000,1.96,2.06,2.01,2.07,0.0,0.0,0.0,384.0,0.7225,-0.5139,0.0928,0.0235,-0.0373,-0.0077,2.0232,0.0,0.0,0.0,2.05999994277954,down,2026-09-01T15:48:13,255.0,30.0
BMNR,2026-09-25,23,Call,25.0,BMNR260925C00025000,1.11,1.17,1.1400000000000001,1.14,-0.05,-4.20168,95.0,2057.0,0.7436,0.4032,0.0884,0.0229,-0.0365,0.0057,1.1279,1.01,1.2,1.0,1.18999999761581,down,2026-09-02T10:25:19,112.0,138.0
BMNR,2026-09-25,23,Put,25.0,BMNR260925P00025000,2.63,2.75,2.69,2.68,-0.01,-0.371749,58.0,272.0,0.7448,-0.599,0.089,0.0228,-0.0366,-0.0087,2.6752,2.97,2.97,2.68,2.69000005722046,down,2026-09-02T10:26:06,315.0,442.0
BMNR,2026-09-25,23,Call,26.0,BMNR260925C00026000,0.83,0.88,0.855,0.84,-0.065,-7.18232,12.0,1181.0,0.7482,0.3289,0.0811,0.0214,-0.0346,0.0046,0.8619,0.79,0.86,0.76,0.905000001192093,down,2026-09-02T10:09:44,312.0,68.0
BMNR,2026-09-25,23,Put,26.0,BMNR260925P00026000,3.25,3.5,3.375,3.49,0.0,0.0,0.0,168.0,0.7354,-0.6739,0.0818,0.0213,-0.0346,-0.0096,3.409,0.0,0.0,0.0,3.44999992847443,no_change,2026-09-01T14:24:20,1104.0,981.0
BMNR,2026-09-25,23,Call,27.0,BMNR260925C00027000,0.64,0.67,0.655,0.66,-0.025,-3.64964,110.0,1010.0,0.7636,0.2662,0.0721,0.0194,-0.0319,0.0038,0.6605,0.68,0.68,0.62,0.685000002384186,up,2026-09-02T10:26:35,189.0,22.0
BMNR,2026-09-25,23,Put,27.0,BMNR260925P00027000,4.05,4.55,4.3,4.3,0.0,0.0,0.0,61.0,0.8138,-0.7371,0.0729,0.0192,-0.0319,-0.0102,4.2079,0.0,0.0,0.0,4.35000014305115,up,2026-09-01T14:21:44,835.0,1186.0
BMNR,2026-09-25,23,Call,28.0,BMNR260925C00028000,0.49,0.52,0.505,0.5,-0.02,-3.84615,2.0,548.0,0.7805,0.2147,0.0628,0.0172,-0.0289,0.0031,0.5088,0.5,0.5,0.5,0.519999995827675,down,2026-09-02T10:25:46,30.0,105.0
BMNR,2026-09-25,23,Put,28.0,BMNR260925P00028000,4.8,5.4,5.1,5.0,0.0,0.0,0.0,27.0,0.8079,-0.7892,0.0636,0.017,-0.0288,-0.0105,5.0568,0.0,0.0,0.0,5.15000009536743,up,2026-09-01T13:21:29,813.0,837.0
BMNR,2026-09-25,23,Call,28.5,BMNR260925C00028500,0.39,0.47,0.43,0.47,0.0,0.0,0.0,240.0,0.78,0.1927,0.0582,0.0162,-0.0273,0.0028,0.4476,0.0,0.0,0.0,0.469999998807907,down,2026-09-01T14:24:02,909.0,107.0
BMNR,2026-09-25,23,Put,28.5,BMNR260925P00028500,5.2,6.65,5.925000000000001,3.6,0.0,0.0,0.0,100.0,1.0326,-0.8114,0.0591,0.0158,-0.0272,-0.0107,5.496,0.0,0.0,0.0,5.54999995231628,no_change,2026-08-27T13:03:52,951.0,1138.0
BMNR,2026-09-25,23,Call,29.0,BMNR260925C00029000,0.21,0.43,0.32,0.42,0.0,0.0,0.0,180.0,0.748,0.173,0.0539,0.0151,-0.0257,0.0025,0.3944,0.0,0.0,0.0,0.375,down,2026-09-01T14:20:03,1892.0,112.0
BMNR,2026-09-25,23,Put,29.0,BMNR260925P00029000,5.8,6.35,6.074999999999999,6.27,0.17,2.78688,5.0,5.0,0.8842,-0.8314,0.0547,0.0148,-0.0255,-0.0106,5.9433,6.27,6.27,6.27,6.10000014305115,up,2026-09-02T09:52:49,288.0,623.0
BMNR,2026-09-25,23,Call,30.0,BMNR260925C00030000,0.3,0.33,0.315,0.32,-0.01,-3.0303,81.0,1634.0,0.8219,0.1396,0.0458,0.0131,-0.0227,0.002,0.3079,0.28,0.36,0.27,0.329999998211861,no_change,2026-09-02T10:16:03,99.0,236.0
BMNR,2026-09-25,23,Put,30.0,BMNR260925P00030000,6.6,7.5,7.05,6.77,0.0,0.0,0.0,114.0,0.9527,-0.8653,0.0466,0.0128,-0.0224,-0.0109,6.858,0.0,0.0,0.0,7.02500009536743,no_change,2026-09-01T14:05:04,821.0,1099.0
BMNR,2026-09-25,23,Call,35.0,BMNR260925C00035000,0.1,0.12,0.11,0.12,0.0,2.23517e-06,54.0,1968.0,0.9153,0.0503,0.0194,0.0061,-0.0113,0.0007,0.0993,0.09,0.12,0.09,0.119999997317791,up,2026-09-02T10:25:38,224.0,16.0
BMNR,2026-09-25,23,Put,35.0,BMNR260925P00035000,10.9,12.95,11.925,10.64,0.0,0.0,0.0,1.0,1.2084,-0.957,0.0208,0.0053,-0.0108,-0.0083,11.658,0.0,0.0,0.0,11.4000000953674,down,2026-08-24T12:07:41,281.0,52.0
BMNR,2026-10-02,30,Call,5.0,BMNR261002C00005000,16.7,19.4,18.049999999999997,19.2,0.0,0.0,0.0,1.0,0.0,0.9994,0.0002,0.0001,0.0,0.001,18.3958,0.0,0.0,0.0,18.8000001907349,up,2026-08-31T11:07:50,120.0,120.0
BMNR,2026-10-02,30,Put,5.0,BMNR261002P00005000,0.0,0.67,0.335,0.0,0.0,0.0,0.0,0.0,3.6909,-0.0006,0.0002,0.0001,-0.0004,0.0,0.0019,0.0,0.0,0.0,0.245000004768372,no_change,,0.0,986.0
BMNR,2026-10-02,30,Call,9.0,BMNR261002C00009000,12.8,15.3,14.05,0.0,0.0,0.0,0.0,0.0,0.0,0.9961,0.0011,0.0006,0.0,0.0065,14.4096,0.0,0.0,0.0,14.75,no_change,,145.0,120.0
BMNR,2026-10-02,30,Put,9.0,BMNR261002P00009000,0.0,0.67,0.335,0.0,0.0,0.0,0.0,0.0,2.3557,-0.003,0.001,0.0006,-0.0012,-0.0001,0.0082,0.0,0.0,0.0,0.25,no_change,,0.0,976.0
BMNR,2026-10-02,30,Call,10.0,BMNR261002C00010000,11.75,14.4,13.075,0.0,0.0,0.0,0.0,0.0,0.0,0.9945,0.0016,0.0009,0.0,0.0079,13.4165,0.0,0.0,0.0,13.8249998092651,no_change,,145.0,120.0
BMNR,2026-10-02,30,Put,10.0,BMNR261002P00010000,0.0,0.68,0.34,0.0,0.0,0.0,0.0,0.0,2.1332,-0.0044,0.0016,0.0009,-0.0016,-0.0001,0.0119,0.0,0.0,0.0,0.25,no_change,,0.0,976.0
BMNR,2026-10-02,30,Call,11.0,BMNR261002C00011000,10.6,13.4,12.0,0.0,0.0,0.0,0.0,0.0,0.0,0.9923,0.0024,0.0012,-0.0007,0.009,12.4254,0.0,0.0,0.0,12.8249998092651,no_change,,120.0,144.0
BMNR,2026-10-02,30,Put,11.0,BMNR261002P00011000,0.0,0.68,0.34,0.0,0.0,0.0,0.0,0.0,1.9254,-0.0066,0.0024,0.0012,-0.0022,-0.0001,0.0172,0.0,0.0,0.0,0.25,no_change,,0.0,950.0
BMNR,2026-10-02,30,Call,12.0,BMNR261002C00012000,10.0,12.35,11.175,12.86,0.0,0.0,0.0,8.0,0.0,0.989,0.0036,0.0018,-0.0015,0.0101,11.4369,0.0,0.0,0.0,11.8499999046326,no_change,2026-08-31T15:13:12,134.0,134.0
BMNR,2026-10-02,30,Put,12.0,BMNR261002P00012000,0.0,0.69,0.345,0.05,0.0,0.0,0.0,46.0,1.7427,-0.0098,0.0036,0.0018,-0.0029,-0.0002,0.0251,0.0,0.0,0.0,0.349999994039536,down,2026-08-20T09:58:52,0.0,1018.0
BMNR,2026-10-02,30,Call,13.0,BMNR261002C00013000,8.5,11.8,10.15,0.0,0.0,0.0,0.0,0.0,0.0,0.9842,0.0054,0.0025,-0.0026,0.0109,10.4525,0.0,0.0,0.0,10.8499999046326,no_change,,133.0,134.0
BMNR,2026-10-02,30,Put,13.0,BMNR261002P00013000,0.0,0.68,0.34,0.05,0.0,0.0,0.0,8.0,1.5619,-0.0145,0.0054,0.0025,-0.0039,-0.0003,0.0369,0.0,0.0,0.0,0.0549999997019768,no_change,2026-08-28T14:39:44,0.0,1033.0
BMNR,2026-10-02,30,Call,13.5,BMNR261002C00013500,8.75,10.35,9.55,5.36,0.0,0.0,0.0,10.0,0.0,0.981,0.0066,0.0029,-0.0033,0.0113,9.9623,0.0,0.0,0.0,10.3249998092651,no_change,2026-08-17T11:38:02,287.0,145.0
BMNR,2026-10-02,30,Put,13.5,BMNR261002P00013500,0.0,0.48,0.24,0.05,0.0,0.0,0.0,76.0,1.3541,-0.0177,0.0066,0.0029,-0.0046,-0.0004,0.0448,0.0,0.0,0.0,0.25,down,2026-08-27T14:32:26,0.0,1134.0
BMNR,2026-10-02,30,Call,14.0,BMNR261002C00014000,8.3,9.8,9.05,8.45,0.0,0.0,0.0,1.0,0.0,0.9772,0.008,0.0035,-0.0041,0.0117,9.474,0.0,0.0,0.0,9.84999990463257,up,2026-08-21T10:26:22,280.0,121.0
BMNR,2026-10-02,30,Put,14.0,BMNR261002P00014000,0.0,0.48,0.24,0.07,0.0,0.0,0.0,28.0,1.2799,-0.0216,0.0081,0.0035,-0.0052,-0.0005,0.0545,0.0,0.0,0.0,0.0350000001490116,up,2026-09-01T10:45:43,0.0,1862.0
BMNR,2026-10-02,30,Call,14.5,BMNR261002C00014500,7.85,9.35,8.6,11.38,0.0,0.0,0.0,1.0,0.0,0.9724,0.0098,0.0041,-0.005,0.012,8.9878,0.0,0.0,0.0,9.4500002861023,up,2026-08-27T10:10:36,312.0,121.0
BMNR,2026-10-02,30,Put,14.5,BMNR261002P00014500,0.0,0.48,0.24,0.35,0.0,0.0,0.0,7.0,1.208,-0.0263,0.0098,0.0041,-0.0061,-0.0006,0.0665,0.0,0.0,0.0,0.0549999997019768,down,2026-08-19T10:24:46,0.0,1008.0
BMNR,2026-10-02,30,Call,15.0,BMNR261002C00015000,7.35,8.85,8.1,9.55,0.0,0.0,0.0,5.0,0.0,0.9667,0.0118,0.0048,-0.0059,0.0124,8.5045,0.0,0.0,0.0,8.97500014305115,up,2026-08-25T10:05:35,315.0,121.0
BMNR,2026-10-02,30,Put,15.0,BMNR261002P00015000,0.0,0.49,0.245,0.08,0.0,0.0,0.0,107.0,1.1443,-0.0321,0.0118,0.0048,-0.007,-0.0007,0.0813,0.0,0.0,0.0,0.0549999997019768,no_change,2026-08-27T15:27:17,0.0,1297.0
BMNR,2026-10-02,30,Call,15.5,BMNR261002C00015500,6.85,8.45,7.6499999999999995,0.0,0.0,0.0,0.0,0.0,0.0,0.9598,0.0142,0.0057,-0.007,0.0126,8.0246,0.0,0.0,0.0,8.35000014305115,no_change,,303.0,235.0
BMNR,2026-10-02,30,Put,15.5,BMNR261002P00015500,0.0,0.51,0.255,0.15,0.0,0.0,0.0,260.0,1.0875,-0.039,0.0143,0.0057,-0.008,-0.0008,0.0994,0.0,0.0,0.0,0.0799999982118606,up,2026-08-28T11:54:07,0.0,1685.0
BMNR,2026-10-02,30,Call,16.0,BMNR261002C00016000,6.5,8.4,7.45,9.1,0.0,0.0,0.0,64.0,0.6348,0.9514,0.0171,0.0067,-0.0083,0.0129,7.5489,0.0,0.0,0.0,8.00000023841858,up,2026-08-25T15:48:59,471.0,424.0
BMNR,2026-10-02,30,Put,16.0,BMNR261002P00016000,0.0,0.52,0.26,0.09,0.0,0.0,0.0,161.0,1.0261,-0.0475,0.0171,0.0067,-0.0092,-0.001,0.1219,0.0,0.0,0.0,0.094999996945262,no_change,2026-09-01T11:27:50,0.0,2009.0
BMNR,2026-10-02,30,Call,16.5,BMNR261002C00016500,5.9,7.4,6.65,0.0,0.0,0.0,0.0,0.0,0.0,0.9412,0.0204,0.0078,-0.0096,0.0131,7.0785,0.0,0.0,0.0,7.5499997138977,no_change,,307.0,122.0
BMNR,2026-10-02,30,Put,16.5,BMNR261002P00016500,0.01,0.34,0.17500000000000002,0.11,0.0,0.0,0.0,23.0,0.8678,-0.0576,0.0204,0.0078,-0.0105,-0.0012,0.1496,0.0,0.0,0.0,0.110000001266599,down,2026-09-01T14:49:26,1941.0,1848.0
BMNR,2026-10-02,30,Call,17.0,BMNR261002C00017000,5.45,6.95,6.2,6.65,0.0,0.0,0.0,63.0,0.0,0.9292,0.0241,0.009,-0.0112,0.0133,6.6144,0.0,0.0,0.0,6.82500004768372,down,2026-09-01T15:42:28,406.0,201.0
BMNR,2026-10-02,30,Put,17.0,BMNR261002P00017000,0.03,0.38,0.20500000000000002,0.21,0.07,50.0,1.0,102.0,0.8416,-0.0697,0.0242,0.009,-0.012,-0.0015,0.1837,0.21,0.21,0.21,0.139999998733401,up,2026-09-02T09:30:03,2607.0,2303.0
BMNR,2026-10-02,30,Call,17.5,BMNR261002C00017500,5.0,6.5,5.75,5.45,0.0,0.0,0.0,16.0,0.0,0.9148,0.0284,0.0104,-0.0128,0.0134,6.1582,0.0,0.0,0.0,6.17499995231628,up,2026-08-21T09:54:10,305.0,227.0
BMNR,2026-10-02,30,Put,17.5,BMNR261002P00017500,0.11,0.43,0.27,0.15,0.0,0.0,0.0,62.0,0.8435,-0.0841,0.0285,0.0104,-0.0136,-0.0018,0.2256,0.0,0.0,0.0,0.179999995976686,down,2026-09-01T12:08:06,1464.0,1546.0
BMNR,2026-10-02,30,Call,18.0,BMNR261002C00018000,4.75,6.1,5.425,5.7,0.0,0.0,0.0,230.0,0.0,0.8978,0.0332,0.0119,-0.0146,0.0134,5.7114,0.0,0.0,0.0,5.59999990463257,down,2026-09-01T13:57:24,1348.0,849.0
BMNR,2026-10-02,30,Put,18.0,BMNR261002P00018000,0.01,0.5,0.255,0.24,0.0,0.0,0.0,61.0,0.7687,-0.1011,0.0332,0.0119,-0.0154,-0.0021,0.277,0.0,0.0,0.0,0.25,up,2026-09-01T14:02:17,3161.0,1531.0
BMNR,2026-10-02,30,Call,18.5,BMNR261002C00018500,4.35,5.6,4.975,7.0,0.0,0.0,0.0,12.0,0.4569,0.878,0.0383,0.0136,-0.0166,0.0134,5.2759,0.0,0.0,0.0,5.72499990463257,down,2026-08-31T15:50:00,889.0,586.0
BMNR,2026-10-02,30,Put,18.5,BMNR261002P00018500,0.28,0.42,0.35,0.31,0.005,1.63934,3.0,41.0,0.7824,-0.121,0.0384,0.0136,-0.0172,-0.0025,0.3397,0.31,0.31,0.31,0.304999999701977,no_change,2026-09-02T10:16:04,390.0,1526.0
BMNR,2026-10-02,30,Call,19.0,BMNR261002C00019000,4.25,5.2,4.725,6.57,0.0,0.0,0.0,84.0,0.6736,0.8552,0.0438,0.0153,-0.0186,0.0133,4.8537,0.0,0.0,0.0,4.95000004768372,no_change,2026-08-28T11:00:53,1181.0,765.0
BMNR,2026-10-02,30,Put,19.0,BMNR261002P00019000,0.2,0.66,0.43000000000000005,0.41,0.0,0.0,0.0,75.0,0.773,-0.1438,0.0439,0.0153,-0.0192,-0.003,0.4157,0.0,0.0,0.0,0.430000007152557,up,2026-09-01T15:58:49,2915.0,1571.0
BMNR,2026-10-02,30,Call,19.5,BMNR261002C00019500,4.2,4.7,4.45,4.17,-0.38,-8.35165,1.0,255.0,0.7561,0.8293,0.0495,0.017,-0.0206,0.0131,4.4469,4.17,4.17,4.17,4.55000007152557,down,2026-09-02T09:41:45,941.0,500.0
BMNR,2026-10-02,30,Put,19.5,BMNR261002P00019500,0.44,0.55,0.495,0.5,0.0,-2.98023e-06,1.0,52.0,0.747,-0.1699,0.0496,0.0171,-0.0212,-0.0035,0.5073,0.5,0.5,0.5,0.500000014901161,up,2026-09-02T09:59:28,494.0,1119.0
BMNR,2026-10-02,30,Call,20.0,BMNR261002C00020000,3.8,4.45,4.125,4.02,0.0,0.0,0.0,214.0,0.7821,0.8002,0.0552,0.0188,-0.0227,0.0129,4.0577,0.0,0.0,0.0,3.97500014305115,down,2026-09-01T14:37:21,1010.0,1081.0
BMNR,2026-10-02,30,Put,20.0,BMNR261002P00020000,0.56,0.62,0.5900000000000001,0.58,-0.04,-6.45161,14.0,290.0,0.7324,-0.1991,0.0554,0.0188,-0.0232,-0.0041,0.6164,0.65,0.65,0.58,0.620000004768372,no_change,2026-09-02T10:25:45,72.0,31.0
BMNR,2026-10-02,30,Call,20.5,BMNR261002C00020500,3.35,4.0,3.675,3.5,-0.15,-4.10959,1.0,82.0,0.7341,0.7681,0.0607,0.0205,-0.0247,0.0125,3.6882,3.5,3.5,3.5,3.64999997615814,down,2026-09-02T09:32:54,1233.0,1099.0
BMNR,2026-10-02,30,Put,20.5,BMNR261002P00020500,0.49,1.04,0.765,0.78,0.01,1.2987,10.0,34.0,0.7502,-0.2312,0.0609,0.0205,-0.0251,-0.0048,0.7453,0.78,0.78,0.78,0.769999980926514,up,2026-09-02T09:40:27,3021.0,1673.0
BMNR,2026-10-02,30,Call,21.0,BMNR261002C00021000,3.0,3.55,3.275,3.49,0.0,0.0,0.0,462.0,0.7066,0.7334,0.0658,0.0221,-0.0266,0.0121,3.3402,0.0,0.0,0.0,3.39999997615814,down,2026-09-01T14:08:59,1334.0,796.0
BMNR,2026-10-02,30,Put,21.0,BMNR261002P00021000,0.81,0.92,0.865,0.96,0.04,4.34782,9.0,488.0,0.7224,-0.2661,0.066,0.0221,-0.027,-0.0054,0.8958,0.99,0.99,0.9,0.9200000166893,no_change,2026-09-02T10:04:38,1210.0,388.0
BMNR,2026-10-02,30,Call,21.5,BMNR261002C00021500,2.92,3.15,3.035,2.92,-0.19,-6.10933,2.0,62.0,0.7422,0.6964,0.0703,0.0235,-0.0283,0.0116,3.0151,2.93,2.93,2.92,3.11000001430512,down,2026-09-02T10:10:23,627.0,77.0
BMNR,2026-10-02,30,Put,21.5,BMNR261002P00021500,0.86,1.39,1.125,1.07,0.0,0.0,0.0,32.0,0.7574,-0.3032,0.0705,0.0235,-0.0286,-0.0062,1.0692,0.0,0.0,0.0,1.05499997735024,up,2026-09-01T13:53:58,1795.0,1834.0
BMNR,2026-10-02,30,Call,22.0,BMNR261002C00022000,2.38,2.92,2.65,2.73,0.0,0.0,0.0,653.0,0.7067,0.6579,0.074,0.0247,-0.0298,0.0111,2.7139,0.0,0.0,0.0,2.76499998569489,down,2026-09-01T15:58:22,1731.0,797.0
BMNR,2026-10-02,30,Put,22.0,BMNR261002P00022000,1.17,1.3,1.2349999999999999,1.47,0.155,11.7871,8.0,568.0,0.7197,-0.3419,0.0743,0.0247,-0.03,-0.007,1.2667,1.47,1.47,1.47,1.31499999761581,up,2026-09-02T09:38:40,877.0,101.0
BMNR,2026-10-02,30,Call,22.5,BMNR261002C00022500,2.11,2.66,2.385,2.36,0.0,0.0,0.0,170.0,0.7126,0.6183,0.0768,0.0256,-0.031,0.0105,2.4369,0.0,0.0,0.0,2.41500008106232,down,2026-09-01T14:44:48,1764.0,847.0
BMNR,2026-10-02,30,Put,22.5,BMNR261002P00022500,1.3,1.67,1.4849999999999999,1.35,0.0,0.0,0.0,51.0,0.7315,-0.3816,0.0771,0.0257,-0.0312,-0.0077,1.4885,0.0,0.0,0.0,1.5799999833107,up,2026-09-01T12:14:38,1786.0,1834.0
BMNR,2026-10-02,30,Call,23.0,BMNR261002C00023000,1.86,2.51,2.185,2.28,0.0,0.0,0.0,478.0,0.7347,0.5784,0.0786,0.0263,-0.0319,0.0099,2.1843,0.0,0.0,0.0,2.26500010490417,up,2026-09-01T15:38:46,1921.0,1651.0
BMNR,2026-10-02,30,Put,23.0,BMNR261002P00023000,1.64,1.77,1.705,1.89,0.075,4.13223,10.0,150.0,0.7232,-0.4218,0.079,0.0263,-0.0321,-0.0086,1.7347,1.95,1.95,1.89,1.81499999761581,down,2026-09-02T09:41:21,776.0,105.0
BMNR,2026-10-02,30,Call,23.5,BMNR261002C00023500,1.63,2.19,1.91,2.0,-0.005,-0.249379,5.0,186.0,0.7202,0.5388,0.0795,0.0267,-0.0325,0.0093,1.9552,2.0,2.0,2.0,2.00500005483627,down,2026-09-02T10:11:00,1830.0,1429.0
BMNR,2026-10-02,30,Put,23.5,BMNR261002P00023500,1.89,2.36,2.125,2.0,0.0,0.0,0.0,89.0,0.7822,-0.4616,0.0799,0.0267,-0.0327,-0.0092,2.0046,0.0,0.0,0.0,2.07499998807907,down,2026-09-01T15:57:22,577.0,1580.0
BMNR,2026-10-02,30,Call,24.0,BMNR261002C00024000,1.7,1.89,1.795,1.72,0.0,0.0,0.0,768.0,0.7507,0.5,0.0795,0.0268,-0.0329,0.0087,1.7487,0.0,0.0,0.0,1.79999995231628,up,2026-09-01T14:47:43,3.0,901.0
BMNR,2026-10-02,30,Put,24.0,BMNR261002P00024000,2.21,2.33,2.27,2.23,-0.12,-5.10638,6.0,433.0,0.7308,-0.5005,0.0799,0.0268,-0.033,-0.0101,2.297,2.3,2.3,2.23,2.35000002384186,no_change,2026-09-02T10:24:11,619.0,25.0
BMNR,2026-10-02,30,Call,25.0,BMNR261002C00025000,1.34,1.46,1.4,1.48,0.045,3.13589,24.0,914.0,0.7516,0.4268,0.0771,0.0264,-0.0328,0.0075,1.3979,1.15,1.48,1.15,1.43500000238419,no_change,2026-09-02T10:22:09,518.0,257.0
BMNR,2026-10-02,30,Put,25.0,BMNR261002P00025000,2.84,3.05,2.945,3.15,0.0,0.0,0.0,452.0,0.7509,-0.5742,0.0776,0.0263,-0.0328,-0.0113,2.9446,0.0,0.0,0.0,2.93999993801117,up,2026-09-01T14:45:35,375.0,821.0
BMNR,2026-10-02,30,Call,26.0,BMNR261002C00026000,1.08,1.16,1.12,1.13,-0.045,-3.82979,11.0,477.0,0.7635,0.3613,0.0724,0.0252,-0.0318,0.0064,1.1192,1.02,1.13,1.02,1.17500001192093,up,2026-09-02T10:19:18,97.0,128.0
BMNR,2026-10-02,30,Put,26.0,BMNR261002P00026000,3.5,3.95,3.725,2.6,0.0,0.0,0.0,18.0,0.7871,-0.6402,0.073,0.0252,-0.0317,-0.0124,3.6646,0.0,0.0,0.0,3.72500002384186,down,2026-08-27T14:59:47,263.0,1165.0
BMNR,2026-10-02,30,Call,27.0,BMNR261002C00027000,0.84,0.94,0.8899999999999999,0.93,0.015,1.63935,27.0,1024.0,0.7731,0.3043,0.0664,0.0236,-0.0302,0.0054,0.8994,0.83,0.94,0.79,0.91499999165535,up,2026-09-02T10:21:40,338.0,217.0
BMNR,2026-10-02,30,Put,27.0,BMNR261002P00027000,4.25,4.85,4.55,4.25,0.0,0.0,0.0,16.0,0.822,-0.6976,0.0671,0.0234,-0.03,-0.0134,4.4439,0.0,0.0,0.0,4.47500014305115,up,2026-09-01T12:23:24,213.0,852.0
BMNR,2026-10-02,30,Call,28.0,BMNR261002C00028000,0.57,0.78,0.675,0.7,-0.075,-9.67742,2.0,533.0,0.7681,0.2557,0.0599,0.0216,-0.0282,0.0046,0.7265,0.7,0.7,0.7,0.774999976158142,no_change,2026-09-02T10:23:10,1642.0,145.0
BMNR,2026-10-02,30,Put,28.0,BMNR261002P00028000,5.05,5.65,5.35,5.01,0.0,0.0,0.0,8.0,0.8289,-0.7466,0.0606,0.0215,-0.028,-0.0139,5.2705,0.0,0.0,0.0,5.25,up,2026-09-01T12:36:53,348.0,736.0
BMNR,2026-10-02,30,Call,28.5,BMNR261002C00028500,0.62,0.68,0.65,0.65,0.0,0.0,0.0,5.0,0.7978,0.2344,0.0566,0.0207,-0.0272,0.0042,0.6544,0.0,0.0,0.0,0.719999998807907,no_change,2026-09-01T15:12:39,4.0,2.0
BMNR,2026-10-02,30,Put,28.5,BMNR261002P00028500,5.4,6.1,5.75,0.0,0.0,0.0,0.0,0.0,0.8251,-0.7682,0.0573,0.0204,-0.0269,-0.0142,5.6981,0.0,0.0,0.0,5.77499985694885,no_change,,647.0,593.0
BMNR,2026-10-02,30,Call,29.0,BMNR261002C00029000,0.34,0.85,0.595,0.95,0.0,0.0,0.0,13.0,0.8102,0.215,0.0534,0.0197,-0.0261,0.0038,0.5903,0.0,0.0,0.0,0.705000013113022,no_change,2026-08-31T13:02:47,1627.0,1518.0
BMNR,2026-10-02,30,Put,29.0,BMNR261002P00029000,5.75,6.55,6.15,0.0,0.0,0.0,0.0,0.0,0.816,-0.7879,0.0541,0.0194,-0.0258,-0.0142,6.134,0.0,0.0,0.0,6.25,no_change,,829.0,750.0
BMNR,2026-10-02,30,Call,30.0,BMNR261002C00030000,0.45,0.51,0.48,0.48,-0.005,-1.03093,229.0,1296.0,0.822,0.1809,0.0471,0.0177,-0.0239,0.0032,0.4828,0.43,0.48,0.4,0.485000014305115,up,2026-09-02T10:21:00,126.0,134.0
BMNR,2026-10-02,30,Put,30.0,BMNR261002P00030000,6.75,7.75,7.25,6.3,0.0,0.0,0.0,124.0,0.9439,-0.8224,0.048,0.0174,-0.0235,-0.0146,7.0263,0.0,0.0,0.0,6.92500019073486,up,2026-09-01T10:11:50,605.0,947.0
BMNR,2026-10-02,30,Call,35.0,BMNR261002C00035000,0.16,0.26,0.21000000000000002,0.2,0.01,5.26315,208.0,1935.0,0.9166,0.0801,0.0243,0.01,-0.0145,0.0014,0.194,0.19,0.29,0.19,0.190000005066395,no_change,2026-09-02T09:59:26,1192.0,1075.0
BMNR,2026-10-02,30,Put,35.0,BMNR261002P00035000,10.95,13.05,12.0,9.35,0.0,0.0,0.0,33.0,1.1168,-0.9254,0.0252,0.0094,-0.0136,-0.0136,11.7405,0.0,0.0,0.0,11.4499998092651,up,2026-08-27T14:13:36,273.0,270.0
BMNR,2026-10-09,37,Call,15.0,BMNR261009C00015000,7.4,8.9,8.15,0.0,0.0,0.0,0.0,0.0,0.0,0.9599,0.0131,0.0062,-0.0061,0.0122,8.4977,0.0,0.0,0.0,9.02500009536743,no_change,,285.0,227.0
BMNR,2026-10-09,37,Put,15.0,BMNR261009P00015000,0.0,0.73,0.365,0.06,0.0,0.0,0.0,1.0,1.1464,-0.0381,0.013,0.0062,-0.0069,-0.001,0.1047,0.0,0.0,0.0,0.0649999994784594,down,2026-09-01T12:16:13,0.0,2240.0
BMNR,2026-10-09,37,Call,17.0,BMNR261009C00017000,6.15,7.1,6.625,0.0,0.0,0.0,0.0,0.0,0.7748,0.9145,0.0257,0.0115,-0.0114,0.0145,6.6486,0.0,0.0,0.0,6.94999980926514,no_change,,288.0,239.0
BMNR,2026-10-09,37,Put,17.0,BMNR261009P00017000,0.18,0.29,0.235,0.16,0.0,0.0,0.0,12.0,0.7847,-0.0832,0.0256,0.0115,-0.0121,-0.0022,0.2477,0.0,0.0,0.0,0.21000000089407,up,2026-09-01T11:57:52,622.0,771.0
BMNR,2026-10-09,37,Call,18.0,BMNR261009C00018000,4.8,6.1,5.449999999999999,6.65,0.0,0.0,0.0,1.0,0.4633,0.8791,0.034,0.0148,-0.0148,0.015,5.778,0.0,0.0,0.0,5.72499990463257,up,2026-08-31T11:08:10,898.0,452.0
BMNR,2026-10-09,37,Put,18.0,BMNR261009P00018000,0.26,0.46,0.36,0.33,0.0,0.0,0.0,19.0,0.768,-0.1185,0.034,0.0148,-0.0153,-0.0031,0.3729,0.0,0.0,0.0,0.375,down,2026-09-01T15:43:21,1415.0,1388.0
BMNR,2026-10-09,37,Call,19.0,BMNR261009C00019000,4.5,5.25,4.875,0.0,0.0,0.0,0.0,0.0,0.7154,0.8339,0.0431,0.0185,-0.0184,0.0151,4.9598,0.0,0.0,0.0,4.95000004768372,no_change,,972.0,446.0
BMNR,2026-10-09,37,Put,19.0,BMNR261009P00019000,0.39,0.63,0.51,0.54,-0.01,-1.81818,1.0,46.0,0.7404,-0.1638,0.0432,0.0185,-0.0188,-0.0042,0.5505,0.54,0.54,0.54,0.549999997019768,down,2026-09-02T10:01:57,2349.0,1517.0
BMNR,2026-10-09,37,Call,20.0,BMNR261009C00020000,3.9,4.65,4.275,4.13,0.0,0.0,0.0,14.0,0.784,0.779,0.0522,0.022,-0.0219,0.0147,4.2065,0.0,0.0,0.0,4.19999992847443,down,2026-09-01T14:48:39,913.0,882.0
BMNR,2026-10-09,37,Put,20.0,BMNR261009P00020000,0.69,0.85,0.77,0.75,-0.01,-1.31579,23.0,22.0,0.7426,-0.2188,0.0523,0.022,-0.0223,-0.0057,0.793,0.87,0.93,0.72,0.760000020265579,up,2026-09-02T10:16:35,440.0,262.0
BMNR,2026-10-09,37,Call,20.5,BMNR261009C00020500,3.5,4.2,3.85,0.0,0.0,0.0,0.0,0.0,0.7468,0.7483,0.0563,0.0237,-0.0235,0.0144,3.8577,0.0,0.0,0.0,3.84999990463257,no_change,,968.0,709.0
BMNR,2026-10-09,37,Put,20.5,BMNR261009P00020500,0.73,1.12,0.925,0.92,0.0,0.0,0.0,53.0,0.7428,-0.2495,0.0564,0.0237,-0.0239,-0.0064,0.9423,0.0,0.0,0.0,0.855000019073486,up,2026-09-01T13:59:54,2410.0,1584.0
BMNR,2026-10-09,37,Call,21.0,BMNR261009C00021000,3.15,3.85,3.5,3.82,0.0,0.0,0.0,134.0,0.7365,0.716,0.0601,0.0252,-0.0251,0.014,3.529,0.0,0.0,0.0,3.625,down,2026-09-01T12:42:51,1383.0,962.0
BMNR,2026-10-09,37,Put,21.0,BMNR261009P00021000,0.98,1.26,1.12,1.1,0.01,0.917434,2.0,202.0,0.7514,-0.2819,0.0602,0.0252,-0.0254,-0.0073,1.1115,1.1,1.1,1.1,1.08999997377396,no_change,2026-09-02T09:42:23,573.0,1674.0
BMNR,2026-10-09,37,Call,21.5,BMNR261009C00021500,3.1,3.5,3.3,3.16,0.0,0.0,0.0,16.0,0.7768,0.6822,0.0633,0.0265,-0.0264,0.0135,3.2209,0.0,0.0,0.0,3.20000004768372,down,2026-09-01T14:50:21,1094.0,994.0
BMNR,2026-10-09,37,Put,21.5,BMNR261009P00021500,1.12,1.5,1.31,1.29,0.0,0.0,0.0,22.0,0.7502,-0.3158,0.0635,0.0266,-0.0267,-0.0081,1.3016,0.0,0.0,0.0,1.35000002384186,up,2026-09-01T14:06:13,1611.0,1708.0
BMNR,2026-10-09,37,Call,22.0,BMNR261009C00022000,2.56,3.2,2.88,2.89,0.0,0.0,0.0,64.0,0.7274,0.6476,0.066,0.0276,-0.0276,0.0129,2.9339,0.0,0.0,0.0,3.02999997138977,down,2026-09-01T14:44:21,1634.0,740.0
BMNR,2026-10-09,37,Put,22.0,BMNR261009P00022000,1.27,1.87,1.57,1.61,0.075,4.886,2.0,11.0,0.7677,-0.3506,0.0662,0.0277,-0.0278,-0.009,1.5126,1.61,1.61,1.61,1.5349999666214,down,2026-09-02T09:30:13,1698.0,1779.0
BMNR,2026-10-09,37,Call,22.5,BMNR261009C00022500,2.61,2.98,2.795,2.58,0.0,0.0,0.0,81.0,0.7922,0.6124,0.068,0.0285,-0.0286,0.0124,2.6679,0.0,0.0,0.0,2.7700001001358,down,2026-09-01T14:44:21,104.0,1258.0
BMNR,2026-10-09,37,Put,22.5,BMNR261009P00022500,1.56,2.05,1.805,1.71,0.0,0.0,0.0,4.0,0.7687,-0.3859,0.0683,0.0285,-0.0288,-0.0099,1.7449,0.0,0.0,0.0,1.81499999761581,up,2026-09-01T13:53:36,976.0,1663.0
BMNR,2026-10-09,37,Call,23.0,BMNR261009C00023000,2.31,2.68,2.495,3.1,0.0,0.0,0.0,15.0,0.774,0.5771,0.0694,0.0292,-0.0293,0.0118,2.4227,0.0,0.0,0.0,2.5,up,2026-09-01T10:08:51,1102.0,1086.0
BMNR,2026-10-09,37,Put,23.0,BMNR261009P00023000,1.85,2.14,1.995,1.56,0.0,0.0,0.0,16.0,0.7482,-0.4212,0.0697,0.0292,-0.0294,-0.0107,1.9979,0.0,0.0,0.0,2.04000002145767,down,2026-09-01T11:45:56,159.0,887.0
BMNR,2026-10-09,37,Call,23.5,BMNR261009C00023500,1.82,2.46,2.14,2.29,0.0,0.0,0.0,12.0,0.7319,0.5422,0.0701,0.0296,-0.0298,0.0111,2.1976,0.0,0.0,0.0,2.28000009059906,down,2026-09-01T15:37:57,1660.0,850.0
BMNR,2026-10-09,37,Put,23.5,BMNR261009P00023500,2.01,2.39,2.2,2.2,-0.075,-3.2967,3.0,1.0,0.7273,-0.4563,0.0705,0.0296,-0.0299,-0.0116,2.2712,2.2,2.2,2.2,2.27499997615814,down,2026-09-02T10:16:45,1475.0,429.0
BMNR,2026-10-09,37,Call,24.0,BMNR261009C00024000,1.62,2.19,1.905,2.08,0.0,0.0,0.0,37.0,0.7249,0.508,0.0703,0.0297,-0.0301,0.0105,1.9919,0.0,0.0,0.0,2.05500000715256,up,2026-09-01T15:57:40,1510.0,179.0
BMNR,2026-10-09,37,Put,24.0,BMNR261009P00024000,2.29,2.94,2.615,2.69,0.175,6.95825,1.0,6.0,0.7714,-0.4907,0.0706,0.0297,-0.0302,-0.0124,2.5639,2.69,2.69,2.69,2.51499998569489,up,2026-09-02T09:59:37,1331.0,1663.0
BMNR,2026-10-09,37,Call,24.5,BMNR261009C00024500,1.43,2.02,1.725,2.28,0.0,0.0,0.0,19.0,0.7307,0.4747,0.0698,0.0297,-0.0302,0.0099,1.8045,0.0,0.0,0.0,1.85999995470047,no_change,2026-09-01T10:08:49,1742.0,315.0
BMNR,2026-10-09,37,Put,24.5,BMNR261009P00024500,2.64,3.2,2.92,2.48,0.0,0.0,0.0,2.0,0.7726,-0.5242,0.0702,0.0297,-0.0302,-0.0132,2.8751,0.0,0.0,0.0,2.96000003814697,up,2026-08-28T12:01:21,989.0,1497.0
BMNR,2026-10-09,37,Call,25.0,BMNR261009C00025000,1.44,1.86,1.65,1.69,0.0,0.0,0.0,85.0,0.7666,0.4427,0.0689,0.0294,-0.0301,0.0092,1.6344,0.0,0.0,0.0,1.69499999284744,down,2026-09-01T15:38:42,1617.0,1149.0
BMNR,2026-10-09,37,Put,25.0,BMNR261009P00025000,3.0,3.55,3.275,2.59,0.0,0.0,0.0,104.0,0.7856,-0.5564,0.0694,0.0294,-0.0301,-0.014,3.2035,0.0,0.0,0.0,3.1800000667572,down,2026-09-01T09:30:06,824.0,1522.0
BMNR,2026-10-09,37,Call,25.5,BMNR261009C00025500,1.39,1.73,1.56,1.89,0.0,0.0,0.0,11.0,0.7929,0.412,0.0676,0.029,-0.0298,0.0087,1.4803,0.0,0.0,0.0,1.5450000166893,down,2026-08-28T14:59:28,488.0,1459.0
BMNR,2026-10-09,37,Put,25.5,BMNR261009P00025500,3.25,3.95,3.6,0.0,0.0,0.0,0.0,0.0,0.7834,-0.5872,0.068,0.029,-0.0298,-0.0146,3.5481,0.0,0.0,0.0,3.60000002384186,no_change,,1058.0,1564.0
BMNR,2026-10-09,37,Call,26.0,BMNR261009C00026000,1.08,1.54,1.31,1.15,-0.23,-16.6667,6.0,33.0,0.7591,0.3829,0.0659,0.0284,-0.0294,0.0081,1.341,1.22,1.22,1.15,1.37999999523163,down,2026-09-02T09:35:01,1680.0,921.0
BMNR,2026-10-09,37,Put,26.0,BMNR261009P00026000,3.65,4.25,3.95,0.0,0.0,0.0,0.0,0.0,0.785,-0.6165,0.0664,0.0284,-0.0294,-0.0154,3.9075,0.0,0.0,0.0,3.875,no_change,,760.0,1406.0
BMNR,2026-10-09,37,Call,26.5,BMNR261009C00026500,0.84,1.5,1.17,1.23,0.0,0.0,0.0,8.0,0.7585,0.3554,0.0639,0.0278,-0.0289,0.0075,1.2153,0.0,0.0,0.0,1.22000002861023,down,2026-09-01T15:27:09,1816.0,1714.0
BMNR,2026-10-09,37,Put,26.5,BMNR261009P00026500,4.05,4.7,4.375,0.0,0.0,0.0,0.0,0.0,0.8088,-0.6442,0.0644,0.0277,-0.0288,-0.0158,4.2806,0.0,0.0,0.0,4.32500004768372,no_change,,690.0,1266.0
BMNR,2026-10-09,37,Call,27.0,BMNR261009C00027000,0.94,1.28,1.1099999999999999,1.1,0.0,0.0,0.0,49.0,0.783,0.3296,0.0617,0.027,-0.0282,0.007,1.102,0.0,0.0,0.0,1.14999997615814,no_change,2026-09-01T14:36:28,1831.0,972.0
BMNR,2026-10-09,37,Put,27.0,BMNR261009P00027000,4.45,5.1,4.775,0.0,0.0,0.0,0.0,0.0,0.8201,-0.6703,0.0622,0.0269,-0.0281,-0.0165,4.6663,0.0,0.0,0.0,4.625,no_change,,212.0,1319.0
BMNR,2026-10-09,37,Call,27.5,BMNR261009C00027500,0.84,1.28,1.06,0.92,-0.12,-11.5385,20.0,106.0,0.8082,0.3054,0.0593,0.0261,-0.0275,0.0065,0.9999,0.92,0.92,0.92,1.04000002145767,down,2026-09-02T10:01:22,1844.0,1920.0
BMNR,2026-10-09,37,Put,27.5,BMNR261009P00027500,4.85,5.5,5.175,0.0,0.0,0.0,0.0,0.0,0.8279,-0.6947,0.0599,0.026,-0.0274,-0.0169,5.0631,0.0,0.0,0.0,5.15000009536743,no_change,,186.0,1267.0
BMNR,2026-10-09,37,Call,28.0,BMNR261009C00028000,0.54,1.12,0.8300000000000001,0.79,-0.175,-18.1347,2.0,64.0,0.7595,0.2828,0.0569,0.0252,-0.0267,0.006,0.908,0.79,0.79,0.79,0.965000033378601,down,2026-09-02T09:30:13,1685.0,1469.0
BMNR,2026-10-09,37,Put,28.0,BMNR261009P00028000,5.2,5.9,5.550000000000001,0.0,0.0,0.0,0.0,0.0,0.8223,-0.7175,0.0574,0.0251,-0.0265,-0.0172,5.4704,0.0,0.0,0.0,5.47500014305115,no_change,,751.0,1019.0
BMNR,2026-10-09,37,Call,28.5,BMNR261009C00028500,0.47,1.1,0.785,1.03,0.0,0.0,0.0,8.0,0.7796,0.2618,0.0543,0.0243,-0.0259,0.0056,0.8253,0.0,0.0,0.0,0.860000014305115,down,2026-08-31T10:33:20,1691.0,1681.0
BMNR,2026-10-09,37,Put,28.5,BMNR261009P00028500,5.65,6.3,5.975,0.0,0.0,0.0,0.0,0.0,0.8325,-0.7387,0.055,0.0242,-0.0256,-0.0178,5.8868,0.0,0.0,0.0,5.90000009536743,no_change,,600.0,810.0
BMNR,2026-10-09,37,Call,29.0,BMNR261009C00029000,0.4,1.04,0.72,1.0,0.0,0.0,0.0,12.0,0.7887,0.2423,0.0518,0.0233,-0.025,0.0052,0.7509,0.0,0.0,0.0,0.810000002384186,down,2026-09-01T10:02:24,1680.0,1549.0
BMNR,2026-10-09,37,Put,29.0,BMNR261009P00029000,6.0,6.75,6.375,0.0,0.0,0.0,0.0,0.0,0.8293,-0.7584,0.0524,0.0232,-0.0247,-0.018,6.3115,0.0,0.0,0.0,6.32500004768372,no_change,,215.0,214.0
BMNR,2026-10-09,37,Call,29.5,BMNR261009C00029500,0.34,0.99,0.665,0.0,0.0,0.0,0.0,0.0,0.7994,0.2243,0.0492,0.0223,-0.0241,0.0048,0.6838,0.0,0.0,0.0,0.764999985694885,no_change,,1688.0,1540.0
BMNR,2026-10-09,37,Put,29.5,BMNR261009P00029500,6.45,7.15,6.800000000000001,0.0,0.0,0.0,0.0,0.0,0.8331,-0.7766,0.0499,0.0221,-0.0238,-0.0181,6.7439,0.0,0.0,0.0,6.79999995231628,no_change,,649.0,777.0
BMNR,2026-10-09,37,Call,30.0,BMNR261009C00030000,0.58,0.64,0.61,0.6,0.0,0.0,0.0,69.0,0.8074,0.2076,0.0468,0.0213,-0.0232,0.0045,0.6235,0.0,0.0,0.0,0.645000010728836,down,2026-09-01T14:47:25,33.0,1.0
BMNR,2026-10-09,37,Put,30.0,BMNR261009P00030000,6.9,7.3,7.1,7.67,0.42,5.7931,1.0,0.0,0.7734,-0.7936,0.0475,0.0212,-0.0228,-0.0186,7.1829,7.67,7.67,7.67,7.25,up,2026-09-02T09:32:32,486.0,121.0
BMNR,2026-10-09,37,Call,35.0,BMNR261009C00035000,0.24,0.35,0.295,0.29,-0.01,-3.33333,22.0,23.0,0.8963,0.0982,0.0263,0.0129,-0.0148,0.0021,0.2636,0.25,0.31,0.16,0.299999997019768,down,2026-09-02T10:23:36,694.0,854.0
BMNR,2026-10-09,37,Put,35.0,BMNR261009P00035000,10.9,13.1,12.0,0.0,0.0,0.0,0.0,0.0,0.9996,-0.9054,0.0273,0.0123,-0.0142,-0.0178,11.8204,0.0,0.0,0.0,11.9000000953674,no_change,,277.0,280.0
BMNR,2026-10-16,44,Call,11.0,BMNR261016C00011000,11.6,12.9,12.25,0.0,0.0,0.0,0.0,0.0,0.0,0.9934,0.0025,0.0016,0.0,0.0136,12.498,0.0,0.0,0.0,12.7000002861023,no_change,,225.0,217.0
BMNR,2026-10-16,44,Put,11.0,BMNR261016P00011000,0.0,0.12,0.06,0.0,0.0,0.0,0.0,0.0,1.124,-0.0071,0.0025,0.0016,-0.0017,-0.0002,0.0193,0.0,0.0,0.0,0.0599999986588955,no_change,,0.0,1490.0
BMNR,2026-10-16,44,Call,12.0,BMNR261016C00012000,10.6,11.9,11.25,9.7,0.0,0.0,0.0,15.0,0.0,0.989,0.004,0.0025,-0.0005,0.0147,11.5159,0.0,0.0,0.0,11.7750000953674,up,2026-08-20T10:13:46,230.0,120.0
BMNR,2026-10-16,44,Put,12.0,BMNR261016P00012000,0.0,0.14,0.07,0.0,0.0,0.0,0.0,0.0,1.0343,-0.0116,0.004,0.0025,-0.0025,-0.0004,0.0317,0.0,0.0,0.0,0.0649999976158142,no_change,,0.0,1630.0
BMNR,2026-10-16,44,Call,13.0,BMNR261016C00013000,10.15,10.85,10.5,0.0,0.0,0.0,0.0,0.0,0.7009,0.9822,0.0062,0.0037,-0.0018,0.0157,10.5411,0.0,0.0,0.0,10.6750001907349,no_change,,272.0,121.0
BMNR,2026-10-16,44,Put,13.0,BMNR261016P00013000,0.0,0.11,0.055,0.1,0.0,0.0,0.0,20.0,0.8876,-0.0184,0.0063,0.0037,-0.0035,-0.0006,0.0513,0.0,0.0,0.0,0.0549999997019768,up,2026-08-26T12:13:18,0.0,2.0
BMNR,2026-10-16,44,Call,14.0,BMNR261016C00014000,8.85,9.9,9.375,10.62,0.0,0.0,0.0,30.0,0.0,0.9721,0.0094,0.0053,-0.0034,0.0166,9.5773,0.0,0.0,0.0,10.1000003814697,up,2026-08-25T09:54:18,685.0,482.0
BMNR,2026-10-16,44,Put,14.0,BMNR261016P00014000,0.01,0.11,0.06,0.08,0.0,0.0,0.0,19.0,0.8009,-0.0285,0.0094,0.0053,-0.005,-0.0009,0.0819,0.0,0.0,0.0,0.0549999997019768,no_change,2026-08-31T15:18:20,1319.0,1.0
BMNR,2026-10-16,44,Call,15.0,BMNR261016C00015000,7.95,8.9,8.425,9.65,0.0,0.0,0.0,102.0,0.0,0.9574,0.0136,0.0075,-0.0054,0.0174,8.6296,0.0,0.0,0.0,8.77499961853027,down,2026-09-01T09:30:03,1426.0,915.0
BMNR,2026-10-16,44,Put,15.0,BMNR261016P00015000,0.12,0.13,0.125,0.13,0.005,4.0,4.0,55.0,0.8149,-0.0433,0.0137,0.0075,-0.0068,-0.0013,0.1289,0.14,0.14,0.13,0.12500000372529,down,2026-09-02T10:23:15,161.0,1.0
BMNR,2026-10-16,44,Call,16.0,BMNR261016C00016000,7.0,7.95,7.475,8.51,0.0,0.0,0.0,4.0,0.0,0.9367,0.0191,0.0102,-0.0078,0.0179,7.7053,0.0,0.0,0.0,7.90000009536743,down,2026-08-31T09:46:10,568.0,368.0
BMNR,2026-10-16,44,Put,16.0,BMNR261016P00016000,0.19,0.21,0.2,0.21,0.0,-4.25747e-07,1.0,619.0,0.7988,-0.064,0.0192,0.0102,-0.0091,-0.002,0.1992,0.21,0.21,0.21,0.21000000089407,no_change,2026-09-02T09:49:32,289.0,220.0
BMNR,2026-10-16,44,Call,17.0,BMNR261016C00017000,6.3,7.05,6.675,8.59,0.0,0.0,0.0,6.0,0.6629,0.9087,0.0258,0.0135,-0.0106,0.0182,6.8132,0.0,0.0,0.0,7.04999995231628,down,2026-08-28T09:40:03,513.0,367.0
BMNR,2026-10-16,44,Put,17.0,BMNR261016P00017000,0.28,0.35,0.315,0.3,0.0,0.0,0.0,98.0,0.7898,-0.0921,0.0259,0.0135,-0.0118,-0.0028,0.302,0.0,0.0,0.0,0.280000001192093,up,2026-09-01T13:17:15,135.0,1146.0
BMNR,2026-10-16,44,Call,18.0,BMNR261016C00018000,5.6,6.2,5.9,7.05,0.0,0.0,0.0,36.0,0.7276,0.8725,0.0334,0.0171,-0.0137,0.0182,5.9638,0.0,0.0,0.0,6.20000004768372,no_change,2026-08-31T13:35:30,1053.0,862.0
BMNR,2026-10-16,44,Put,18.0,BMNR261016P00018000,0.43,0.49,0.45999999999999996,0.47,-0.015,-3.09278,12.0,372.0,0.7735,-0.1285,0.0336,0.0171,-0.0147,-0.0039,0.4476,0.5,0.5,0.47,0.484999999403954,down,2026-09-02T10:12:52,515.0,887.0
BMNR,2026-10-16,44,Call,19.0,BMNR261016C00019000,4.8,5.4,5.1,5.12,0.0,0.0,0.0,304.0,0.7229,0.8277,0.0413,0.0209,-0.0169,0.0179,5.1681,0.0,0.0,0.0,5.27500009536743,no_change,2026-09-01T15:58:07,1727.0,941.0
BMNR,2026-10-16,44,Put,19.0,BMNR261016P00019000,0.62,0.67,0.645,0.75,0.07,10.2941,5.0,243.0,0.7552,-0.1735,0.0416,0.0209,-0.0178,-0.0053,0.6471,0.75,0.75,0.75,0.680000007152557,up,2026-09-02T09:30:17,778.0,383.0
BMNR,2026-10-16,44,Call,20.0,BMNR261016C00020000,4.3,4.65,4.475,4.22,-0.205,-4.63277,9.0,908.0,0.7656,0.775,0.049,0.0245,-0.02,0.0173,4.4363,4.13,4.22,4.13,4.42500019073486,up,2026-09-02T09:41:45,1109.0,1047.0
BMNR,2026-10-16,44,Put,20.0,BMNR261016P00020000,0.88,0.93,0.905,0.9,-0.055,-5.75916,46.0,1551.0,0.7474,-0.2266,0.0493,0.0246,-0.0207,-0.0069,0.9109,1.02,1.04,0.9,0.955000013113022,down,2026-09-02T10:21:57,847.0,75.0
BMNR,2026-10-16,44,Call,21.0,BMNR261016C00021000,3.6,3.95,3.7750000000000004,3.81,0.0,0.0,0.0,450.0,0.7463,0.7159,0.0555,0.0277,-0.0228,0.0164,3.7762,0.0,0.0,0.0,3.77500009536743,up,2026-09-01T15:49:18,1455.0,1156.0
BMNR,2026-10-16,44,Put,21.0,BMNR261016P00021000,1.21,1.28,1.245,1.26,-0.035,-2.7027,11.0,153.0,0.746,-0.2861,0.0559,0.0277,-0.0233,-0.0086,1.2469,1.37,1.37,1.26,1.2950000166893,down,2026-09-02T10:09:46,1556.0,742.0
BMNR,2026-10-16,44,Call,22.0,BMNR261016C00022000,3.1,3.3,3.2,3.15,-0.075,-2.32558,73.0,914.0,0.7492,0.6528,0.0605,0.0302,-0.025,0.0152,3.1921,2.91,3.2,2.91,3.22500002384186,no_change,2026-09-02T10:23:42,1295.0,1269.0
BMNR,2026-10-16,44,Put,22.0,BMNR261016P00022000,1.63,1.68,1.6549999999999998,1.65,-0.055,-3.22581,21.0,1928.0,0.7451,-0.3496,0.061,0.0302,-0.0254,-0.0105,1.6593,1.9,1.9,1.65,1.7049999833107,down,2026-09-02T10:23:40,343.0,31.0
BMNR,2026-10-16,44,Call,23.0,BMNR261016C00023000,2.63,2.72,2.675,2.72,-0.07,-2.50896,241.0,937.0,0.746,0.5883,0.0635,0.0318,-0.0265,0.0139,2.6843,2.55,2.73,2.55,2.79000008106232,no_change,2026-09-02T10:16:23,498.0,443.0
BMNR,2026-10-16,44,Put,23.0,BMNR261016P00023000,2.09,2.17,2.13,2.13,-0.06,-2.73973,154.0,325.0,0.743,-0.4147,0.0641,0.0318,-0.0268,-0.0123,2.1486,2.38,2.38,2.13,2.19000005722046,no_change,2026-09-02T10:23:50,690.0,30.0
BMNR,2026-10-16,44,Call,24.0,BMNR261016C00024000,2.21,2.27,2.24,2.25,-0.06,-2.5974,13.0,1253.0,0.7503,0.5248,0.0646,0.0325,-0.0274,0.0126,2.2496,2.25,2.25,2.25,2.30999994277954,no_change,2026-09-02T10:19:57,158.0,155.0
BMNR,2026-10-16,44,Put,24.0,BMNR261016P00024000,2.67,2.74,2.705,2.75,0.0,0.0,26.0,679.0,0.7512,-0.4788,0.0653,0.0324,-0.0276,-0.0141,2.7116,2.72,2.84,2.72,2.75,no_change,2026-09-02T10:19:32,395.0,382.0
BMNR,2026-10-16,44,Call,25.0,BMNR261016C00025000,1.84,1.9,1.87,1.86,-0.06,-3.125,162.0,4209.0,0.7556,0.4643,0.0639,0.0324,-0.0276,0.0113,1.8821,1.91,1.95,1.62,1.9200000166893,no_change,2026-09-02T10:25:11,180.0,122.0
BMNR,2026-10-16,44,Put,25.0,BMNR261016P00025000,3.25,3.4,3.325,3.3,-0.075,-2.22222,2.0,436.0,0.7539,-0.54,0.0647,0.0323,-0.0276,-0.0158,3.3424,3.44,3.44,3.3,3.375,down,2026-09-02T10:19:41,1062.0,532.0
BMNR,2026-10-16,44,Call,26.0,BMNR261016C00026000,1.54,1.58,1.56,1.45,-0.165,-10.2167,2.0,1250.0,0.7621,0.4082,0.0619,0.0317,-0.0272,0.01,1.5742,1.45,1.45,1.45,1.61500000953674,down,2026-09-02T09:36:25,77.0,19.0
BMNR,2026-10-16,44,Put,26.0,BMNR261016P00026000,3.9,4.1,4.0,4.24,0.0,0.0,0.0,454.0,0.756,-0.5967,0.0627,0.0315,-0.0272,-0.0171,4.0335,0.0,0.0,0.0,4.07500004768372,up,2026-09-01T14:47:03,1367.0,719.0
BMNR,2026-10-16,44,Call,27.0,BMNR261016C00027000,1.28,1.32,1.3,1.36,0.005,0.369002,132.0,15150.0,0.7689,0.3572,0.0588,0.0304,-0.0264,0.0088,1.3181,1.36,1.36,1.18,1.35500001907349,up,2026-09-02T10:18:32,198.0,194.0
BMNR,2026-10-16,44,Put,27.0,BMNR261016P00027000,4.65,4.85,4.75,4.38,0.0,0.0,0.0,56.0,0.766,-0.6484,0.0597,0.0301,-0.0263,-0.0183,4.7766,0.0,0.0,0.0,4.79999995231628,down,2026-08-31T10:45:57,995.0,506.0
BMNR,2026-10-16,44,Call,28.0,BMNR261016C00028000,1.07,1.11,1.09,0.99,-0.14,-12.3894,1.0,603.0,0.7784,0.3117,0.0551,0.0288,-0.0253,0.0077,1.1058,0.99,0.99,0.99,1.12999999523163,down,2026-09-02T09:38:05,82.0,21.0
BMNR,2026-10-16,44,Put,28.0,BMNR261016P00028000,5.45,5.6,5.525,5.14,0.0,0.0,0.0,16.0,0.77,-0.6947,0.0561,0.0285,-0.025,-0.0192,5.5641,0.0,0.0,0.0,5.57500004768372,down,2026-09-01T11:31:13,492.0,40.0
BMNR,2026-10-16,44,Call,29.0,BMNR261016C00029000,0.9,0.94,0.9199999999999999,0.9,-0.05,-5.26316,16.0,905.0,0.7895,0.2715,0.051,0.027,-0.024,0.0068,0.9301,0.84,0.91,0.84,0.950000017881394,down,2026-09-02T10:00:33,305.0,319.0
BMNR,2026-10-16,44,Put,29.0,BMNR261016P00029000,6.25,6.6,6.425,6.57,0.07,1.07692,5.0,0.0,0.8069,-0.7355,0.0521,0.0266,-0.0236,-0.0199,6.3889,6.57,6.57,6.57,6.5,up,2026-09-02T09:52:49,566.0,863.0
BMNR,2026-10-16,44,Call,30.0,BMNR261016C00030000,0.76,0.8,0.78,0.8,-0.01,-1.23456,218.0,2833.0,0.8011,0.2364,0.0468,0.0251,-0.0226,0.0059,0.785,0.41,0.8,0.41,0.809999972581864,up,2026-09-02T10:23:11,330.0,330.0
BMNR,2026-10-16,44,Put,30.0,BMNR261016P00030000,7.1,7.55,7.324999999999999,6.8,0.0,0.0,0.0,29.0,0.8356,-0.7714,0.048,0.0245,-0.0221,-0.0203,7.2446,0.0,0.0,0.0,7.34999990463257,up,2026-08-31T09:46:35,527.0,1062.0
BMNR,2026-10-16,44,Call,31.0,BMNR261016C00031000,0.65,0.69,0.6699999999999999,0.68,0.0,0.0,0.0,169.0,0.8154,0.2059,0.0427,0.0232,-0.0211,0.0052,0.6648,0.0,0.0,0.0,0.685000002384186,no_change,2026-09-01T15:22:10,85.0,85.0
BMNR,2026-10-16,44,Put,31.0,BMNR261016P00031000,7.95,8.5,8.225,7.1,0.0,0.0,0.0,5.0,0.8564,-0.8027,0.044,0.0225,-0.0205,-0.0205,8.1256,0.0,0.0,0.0,8.27500009536743,no_change,2026-08-26T14:37:55,619.0,1046.0
BMNR,2026-10-16,44,Call,32.0,BMNR261016C00032000,0.56,0.59,0.575,0.56,-0.03,-5.08475,23.0,2151.0,0.8278,0.1795,0.0388,0.0213,-0.0196,0.0045,0.5652,0.61,0.61,0.56,0.590000003576279,no_change,2026-09-02T10:01:14,26.0,302.0
BMNR,2026-10-16,44,Put,32.0,BMNR261016P00032000,8.85,9.7,9.274999999999999,8.1,0.0,0.0,0.0,12.0,0.9358,-0.8298,0.0401,0.0205,-0.0188,-0.0206,9.0278,0.0,0.0,0.0,9.0,up,2026-08-28T11:46:16,601.0,1242.0
BMNR,2026-10-16,44,Call,33.0,BMNR261016C00033000,0.33,0.53,0.43000000000000005,0.5,0.0,0.0,0.0,8.0,0.8057,0.1567,0.0351,0.0195,-0.0182,0.004,0.4824,0.0,0.0,0.0,0.515000015497208,down,2026-09-01T15:06:49,1807.0,143.0
BMNR,2026-10-16,44,Put,33.0,BMNR261016P00033000,9.75,10.6,10.175,9.16,0.0,0.0,0.0,21.0,0.9464,-0.8535,0.0365,0.0185,-0.0173,-0.0202,9.9469,0.0,0.0,0.0,9.94999980926514,down,2026-08-31T12:28:14,683.0,1198.0
BMNR,2026-10-16,44,Call,34.0,BMNR261016C00034000,0.41,0.46,0.435,0.5,0.0,0.0,0.0,16.0,0.8555,0.137,0.0317,0.0179,-0.0168,0.0035,0.4133,0.0,0.0,0.0,0.444999992847443,down,2026-09-01T12:32:01,119.0,155.0
BMNR,2026-10-16,44,Put,34.0,BMNR261016P00034000,10.65,11.5,11.075,0.0,0.0,0.0,0.0,0.0,0.9496,-0.8738,0.0331,0.0167,-0.0158,-0.0202,10.8803,0.0,0.0,0.0,10.8499999046326,no_change,,760.0,1165.0
BMNR,2026-10-16,44,Call,35.0,BMNR261016C00035000,0.34,0.42,0.38,0.36,-0.035,-8.86076,5.0,174.0,0.8684,0.12,0.0286,0.0163,-0.0154,0.003,0.3556,0.36,0.36,0.36,0.395000010728836,down,2026-09-02T09:55:55,1322.0,1466.0
BMNR,2026-10-16,44,Put,35.0,BMNR261016P00035000,11.6,12.55,12.075,0.0,0.0,0.0,0.0,0.0,0.9979,-0.8914,0.0299,0.0149,-0.0143,-0.0192,11.8252,0.0,0.0,0.0,11.75,no_change,,729.0,1165.0
BMNR,2026-11-20,79,Call,3.0,BMNR261120C00003000,19.35,21.0,20.175,22.8,0.0,0.0,0.0,84.0,0.0,1.0,0.0001,0.0002,0.0,0.0066,20.4426,0.0,0.0,0.0,20.8500003814697,down,2026-08-27T11:08:06,120.0,120.0
BMNR,2026-11-20,79,Put,3.0,BMNR261120P00003000,0.0,0.3,0.15,0.12,0.0,0.0,0.0,30.0,2.5718,-0.0004,0.0001,0.0002,-0.0001,0.0,0.0021,0.0,0.0,0.0,0.245000004768372,up,2026-08-14T11:09:46,0.0,947.0
BMNR,2026-11-20,79,Call,4.0,BMNR261120C00004000,18.3,19.95,19.125,13.94,0.0,0.0,0.0,1.0,0.0,0.9997,0.0002,0.0003,0.0,0.0088,19.4548,0.0,0.0,0.0,19.8249998092651,up,2026-08-05T11:41:37,120.0,120.0
BMNR,2026-11-20,79,Put,4.0,BMNR261120P00004000,0.0,0.1,0.05,0.07,0.0,0.0,0.0,7.0,1.825,-0.0009,0.0002,0.0003,-0.0003,0.0,0.0042,0.0,0.0,0.0,0.0350000001490116,up,2026-07-23T11:02:18,0.0,1568.0
BMNR,2026-11-20,79,Call,5.0,BMNR261120C00005000,17.5,18.9,18.2,20.5,0.0,0.0,0.0,35.0,0.0,0.9989,0.0004,0.0006,0.0,0.011,18.4682,0.0,0.0,0.0,18.8249998092651,up,2026-08-24T10:33:57,213.0,120.0
BMNR,2026-11-20,79,Put,5.0,BMNR261120P00005000,0.01,0.11,0.06,0.04,0.0,0.0,0.0,1250.0,1.6421,-0.0017,0.0004,0.0006,-0.0004,-0.0001,0.0076,0.0,0.0,0.0,0.0300000002607703,down,2026-08-27T11:02:57,3.0,1120.0
BMNR,2026-11-20,79,Call,6.0,BMNR261120C00006000,16.7,17.9,17.299999999999997,0.0,0.0,0.0,0.0,0.0,0.0,0.9977,0.0007,0.001,0.0,0.0132,17.4835,0.0,0.0,0.0,17.7749996185303,no_change,,120.0,120.0
BMNR,2026-11-20,79,Put,6.0,BMNR261120P00006000,0.0,0.12,0.06,0.07,0.0,0.0,0.0,7.0,1.454,-0.0029,0.0007,0.001,-0.0007,-0.0002,0.0129,0.0,0.0,0.0,0.0549999997019768,no_change,2026-08-04T11:06:29,0.0,1763.0
BMNR,2026-11-20,79,Call,7.0,BMNR261120C00007000,15.65,17.0,16.325,10.85,0.0,0.0,0.0,3.0,0.0,0.9958,0.0011,0.0015,0.0,0.0153,16.5016,0.0,0.0,0.0,16.75,up,2026-08-04T12:34:44,203.0,244.0
BMNR,2026-11-20,79,Put,7.0,BMNR261120P00007000,0.01,0.12,0.065,0.07,0.0,0.0,0.0,27.0,1.3136,-0.0048,0.0011,0.0015,-0.001,-0.0003,0.0209,0.0,0.0,0.0,0.0500000016763806,no_change,2026-08-31T10:35:56,5.0,1175.0
BMNR,2026-11-20,79,Call,8.0,BMNR261120C00008000,14.6,16.1,15.350000000000001,10.0,0.0,0.0,0.0,19.0,0.0,0.9931,0.0018,0.0023,0.0,0.0173,15.5234,0.0,0.0,0.0,15.7749996185303,no_change,2026-08-13T12:18:44,231.0,246.0
BMNR,2026-11-20,79,Put,8.0,BMNR261120P00008000,0.03,0.14,0.085,0.03,0.0,0.0,0.0,137.0,1.2304,-0.0076,0.0018,0.0023,-0.0015,-0.0004,0.0327,0.0,0.0,0.0,0.0699999993667006,down,2026-08-31T10:31:17,10.0,1263.0
BMNR,2026-11-20,79,Call,9.0,BMNR261120C00009000,13.65,14.95,14.3,12.4,0.0,0.0,0.0,56.0,0.0,0.9892,0.0027,0.0033,-0.0007,0.0193,14.5504,0.0,0.0,0.0,14.8249998092651,up,2026-08-20T13:53:39,275.0,120.0
BMNR,2026-11-20,79,Put,9.0,BMNR261120P00009000,0.02,0.12,0.06999999999999999,0.06,0.0,0.0,0.0,473.0,1.0709,-0.0115,0.0027,0.0033,-0.002,-0.0007,0.0496,0.0,0.0,0.0,0.0950000006705522,down,2026-09-01T15:25:18,1093.0,2387.0
BMNR,2026-11-20,79,Call,10.0,BMNR261120C00010000,12.85,13.8,13.325,14.8,0.0,0.0,0.0,297.0,0.0,0.9837,0.004,0.0046,-0.0015,0.0212,13.5847,0.0,0.0,0.0,13.75,up,2026-08-31T13:44:52,1658.0,857.0
BMNR,2026-11-20,79,Put,10.0,BMNR261120P00010000,0.05,0.12,0.08499999999999999,0.09,0.0,0.0,0.0,4993.0,0.9952,-0.017,0.004,0.0046,-0.0028,-0.001,0.074,0.0,0.0,0.0,0.0899999979883432,no_change,2026-09-01T10:34:44,234.0,1268.0
BMNR,2026-11-20,79,Call,11.0,BMNR261120C00011000,12.0,12.9,12.45,11.85,0.0,0.0,0.0,56.0,0.0,0.9761,0.0056,0.0063,-0.0024,0.0229,12.6287,0.0,0.0,0.0,12.875,down,2026-08-21T15:31:04,732.0,553.0
BMNR,2026-11-20,79,Put,11.0,BMNR261120P00011000,0.09,0.17,0.13,0.11,-0.025,-18.5185,1.0,593.0,0.9688,-0.0246,0.0056,0.0063,-0.0036,-0.0014,0.108,0.11,0.11,0.11,0.134999997913837,no_change,2026-09-02T09:49:09,365.0,1962.0
BMNR,2026-11-20,79,Call,12.0,BMNR261120C00012000,11.25,11.95,11.6,12.53,0.0,0.0,0.0,239.0,0.7754,0.966,0.0078,0.0084,-0.0036,0.0245,11.6858,0.0,0.0,0.0,12.0,down,2026-08-28T12:44:56,1769.0,1046.0
BMNR,2026-11-20,79,Put,12.0,BMNR261120P00012000,0.09,0.23,0.16,0.13,0.0,0.0,0.0,1088.0,0.9083,-0.0347,0.0078,0.0084,-0.0047,-0.002,0.1553,0.0,0.0,0.0,0.160000003874302,down,2026-09-01T09:57:46,1559.0,1961.0
BMNR,2026-11-20,79,Call,13.0,BMNR261120C00013000,10.05,11.0,10.525,11.52,0.0,0.0,0.0,1545.0,0.0,0.9528,0.0104,0.0109,-0.0049,0.0259,10.76,0.0,0.0,0.0,11.0749998092651,no_change,2026-08-31T12:06:09,2049.0,1109.0
BMNR,2026-11-20,79,Put,13.0,BMNR261120P00013000,0.14,0.32,0.23,0.21,0.0,0.0,0.0,3434.0,0.8842,-0.048,0.0105,0.011,-0.0059,-0.0028,0.2196,0.0,0.0,0.0,0.189999993890524,up,2026-09-01T15:12:16,1659.0,2841.0
BMNR,2026-11-20,79,Call,14.0,BMNR261120C00014000,9.35,10.1,9.725,10.62,0.0,0.0,0.0,578.0,0.7426,0.9358,0.0136,0.0138,-0.0064,0.027,9.8561,0.0,0.0,0.0,10.0999999046326,no_change,2026-08-31T12:06:09,1890.0,1113.0
BMNR,2026-11-20,79,Put,14.0,BMNR261120P00014000,0.28,0.32,0.30000000000000004,0.3,-0.005,-1.63935,2.0,5880.0,0.8462,-0.0651,0.0137,0.0139,-0.0074,-0.0038,0.3061,0.3,0.3,0.3,0.305000007152557,up,2026-09-02T10:13:09,228.0,173.0
BMNR,2026-11-20,79,Call,15.0,BMNR261120C00015000,8.55,9.15,8.850000000000001,8.5,-0.475,-5.29248,1.0,3184.0,0.7483,0.9146,0.0173,0.0172,-0.0081,0.0279,8.98,8.5,8.5,8.5,8.97499990463257,down,2026-09-02T09:30:34,2171.0,832.0
BMNR,2026-11-20,79,Put,15.0,BMNR261120P00015000,0.39,0.42,0.405,0.42,-0.01,-2.32558,14.0,5742.0,0.8217,-0.0863,0.0174,0.0172,-0.0089,-0.005,0.4199,0.42,0.42,0.42,0.430000007152557,no_change,2026-09-02T10:26:06,417.0,11.0
BMNR,2026-11-20,79,Call,16.0,BMNR261120C00016000,8.0,8.4,8.2,8.2,-0.175,-2.08955,3.0,1241.0,0.843,0.8887,0.0214,0.0208,-0.0098,0.0284,8.1378,8.2,8.2,8.2,8.375,down,2026-09-02T10:21:35,796.0,1162.0
BMNR,2026-11-20,79,Put,16.0,BMNR261120P00016000,0.54,0.69,0.615,0.59,0.015,2.60869,1.0,1906.0,0.8353,-0.1125,0.0215,0.0209,-0.0106,-0.0065,0.569,0.59,0.59,0.59,0.575000017881394,up,2026-09-02T09:54:25,77.0,2095.0
BMNR,2026-11-20,79,Call,17.0,BMNR261120C00017000,6.9,7.6,7.25,6.89,-0.61,-8.13333,1.0,1949.0,0.7641,0.858,0.0258,0.0246,-0.0117,0.0286,7.3359,6.89,6.89,6.89,7.5,down,2026-09-02T09:30:04,1988.0,1001.0
BMNR,2026-11-20,79,Put,17.0,BMNR261120P00017000,0.72,0.85,0.7849999999999999,0.81,0.04,5.1948,50.0,3978.0,0.8106,-0.1434,0.0259,0.0247,-0.0124,-0.0083,0.7581,0.81,0.81,0.81,0.770000010728836,up,2026-09-02T09:30:03,152.0,1722.0
BMNR,2026-11-20,79,Call,18.0,BMNR261120C00018000,6.45,6.7,6.575,6.4,0.0,0.0,0.0,2495.0,0.7872,0.8228,0.0302,0.0285,-0.0135,0.0285,6.5807,0.0,0.0,0.0,6.57500004768372,down,2026-09-01T15:42:36,1053.0,295.0
BMNR,2026-11-20,79,Put,18.0,BMNR261120P00018000,0.97,1.03,1.0,0.98,-0.025,-2.48756,101.0,5459.0,0.7912,-0.1789,0.0304,0.0286,-0.0142,-0.0103,0.9942,1.0,1.0,0.98,1.00499999523163,no_change,2026-09-02T10:25:10,316.0,544.0
BMNR,2026-11-20,79,Call,19.0,BMNR261120C00019000,5.5,6.1,5.8,5.71,-0.165,-2.80851,3.0,2816.0,0.7571,0.7834,0.0344,0.0321,-0.0153,0.028,5.8775,5.71,5.71,5.71,5.875,no_change,2026-09-02T09:30:13,1960.0,1110.0
BMNR,2026-11-20,79,Put,19.0,BMNR261120P00019000,1.24,1.34,1.29,1.3,0.0,0.0,0.0,5766.0,0.7837,-0.2187,0.0347,0.0322,-0.0158,-0.0127,1.2825,0.0,0.0,0.0,1.3299999833107,down,2026-09-01T15:23:47,1052.0,540.0
BMNR,2026-11-20,79,Call,20.0,BMNR261120C00020000,5.05,5.45,5.25,5.2,-0.075,-1.4218,13.0,8813.0,0.7819,0.7406,0.0382,0.0354,-0.0169,0.0272,5.2302,5.2,5.2,5.13,5.27499985694885,up,2026-09-02T10:08:28,1418.0,1069.0
BMNR,2026-11-20,79,Put,20.0,BMNR261120P00020000,1.59,1.69,1.6400000000000001,1.64,-0.035,-2.08955,26.0,2788.0,0.7798,-0.2619,0.0386,0.0355,-0.0174,-0.0152,1.6275,1.79,1.79,1.64,1.67500001192093,down,2026-09-02T10:23:40,1310.0,929.0
BMNR,2026-11-20,79,Call,21.0,BMNR261120C00021000,4.45,4.85,4.65,4.5,-0.175,-3.74332,10.0,2521.0,0.7759,0.6955,0.0414,0.0383,-0.0183,0.0261,4.6409,4.5,4.5,4.5,4.67500019073486,down,2026-09-02T10:03:19,1430.0,1110.0
BMNR,2026-11-20,79,Put,21.0,BMNR261120P00021000,2.0,2.09,2.045,2.06,-0.035,-1.67065,17.0,1492.0,0.7771,-0.3074,0.0418,0.0383,-0.0187,-0.0177,2.0312,2.2,2.2,2.06,2.09500002861023,down,2026-09-02T10:17:33,1220.0,380.0
BMNR,2026-11-20,79,Call,22.0,BMNR261120C00022000,3.95,4.3,4.125,4.03,-0.12,-2.89157,1.0,5833.0,0.7765,0.6493,0.0438,0.0405,-0.0194,0.0248,4.1102,4.03,4.03,4.03,4.15000009536743,down,2026-09-02T10:04:15,1397.0,957.0
BMNR,2026-11-20,79,Put,22.0,BMNR261120P00022000,2.45,2.58,2.515,2.59,0.04,1.56863,10.0,2921.0,0.7781,-0.3542,0.0444,0.0406,-0.0198,-0.0202,2.4937,2.7,2.7,2.57,2.54999995231628,up,2026-09-02T09:47:05,1327.0,1182.0
BMNR,2026-11-20,79,Call,23.0,BMNR261120C00023000,3.6,3.8,3.7,3.5,-0.2,-5.4054,4.0,1855.0,0.789,0.6029,0.0455,0.0421,-0.0203,0.0235,3.6366,3.6,3.6,3.5,3.69999992847443,down,2026-09-02T10:02:24,107.0,1083.0
BMNR,2026-11-20,79,Put,23.0,BMNR261120P00023000,2.98,3.1,3.04,3.05,-0.025,-0.81301,4.0,1402.0,0.7802,-0.4012,0.0462,0.0422,-0.0206,-0.0229,3.0139,3.24,3.24,3.05,3.07500004768372,down,2026-09-02T09:53:51,1034.0,1080.0
BMNR,2026-11-20,79,Call,24.0,BMNR261120C00024000,3.15,3.4,3.275,3.3,0.025,0.763359,67.0,2444.0,0.7901,0.5574,0.0464,0.0431,-0.0209,0.022,3.2169,3.05,3.3,3.01,3.27499997615814,up,2026-09-02T10:11:50,1162.0,1322.0
BMNR,2026-11-20,79,Put,24.0,BMNR261120P00024000,3.5,3.85,3.675,3.7,0.0,0.0,0.0,482.0,0.7965,-0.4474,0.0472,0.0431,-0.0212,-0.0254,3.5892,0.0,0.0,0.0,3.69999992847443,down,2026-09-01T15:54:09,1192.0,1661.0
BMNR,2026-11-20,79,Call,25.0,BMNR261120C00025000,2.81,2.92,2.865,2.84,-0.06,-2.06896,82.0,13620.0,0.7846,0.5135,0.0466,0.0435,-0.0212,0.0205,2.8475,2.75,2.9,2.58,2.89999997615814,up,2026-09-02T10:17:38,1108.0,87.0
BMNR,2026-11-20,79,Put,25.0,BMNR261120P00025000,4.1,4.3,4.199999999999999,4.3,0.0,0.0,0.0,1415.0,0.7771,-0.492,0.0475,0.0434,-0.0215,-0.0276,4.2149,0.0,0.0,0.0,4.27500009536743,up,2026-09-01T15:36:04,1286.0,214.0
BMNR,2026-11-20,79,Call,26.0,BMNR261120C00026000,2.43,2.59,2.51,2.5,-0.065,-2.53411,5.0,3761.0,0.7823,0.4719,0.0463,0.0434,-0.0213,0.019,2.5237,2.42,2.5,2.42,2.56499993801117,up,2026-09-02T10:23:57,1514.0,137.0
BMNR,2026-11-20,79,Put,26.0,BMNR261120P00026000,4.75,5.1,4.925,4.8,0.0,0.0,0.0,457.0,0.7943,-0.5343,0.0472,0.0433,-0.0215,-0.0299,4.887,0.0,0.0,0.0,4.95000004768372,up,2026-09-01T13:38:29,1309.0,1368.0
BMNR,2026-11-20,79,Call,27.0,BMNR261120C00027000,2.11,2.3,2.205,2.22,-0.05,-2.20264,5.0,2261.0,0.7829,0.4329,0.0454,0.0429,-0.0212,0.0176,2.2406,2.22,2.22,2.22,2.26999998092651,no_change,2026-09-02T09:56:04,1757.0,248.0
BMNR,2026-11-20,79,Put,27.0,BMNR261120P00027000,5.5,5.85,5.675,5.37,0.0,0.0,0.0,203.0,0.8087,-0.5741,0.0464,0.0426,-0.0214,-0.0317,5.6007,0.0,0.0,0.0,5.67499995231628,up,2026-08-28T12:30:05,1007.0,1376.0
BMNR,2026-11-20,79,Call,28.0,BMNR261120C00028000,1.97,2.01,1.9899999999999998,2.0,-0.095,-4.53461,6.0,1305.0,0.7968,0.3968,0.0441,0.042,-0.021,0.0163,1.9938,1.91,2.11,1.91,2.09500002861023,down,2026-09-02T09:55:10,88.0,1.0
BMNR,2026-11-20,79,Put,28.0,BMNR261120P00028000,6.2,6.45,6.325,5.95,0.0,0.0,0.0,111.0,0.7915,-0.6111,0.0452,0.0417,-0.0211,-0.0334,6.3507,0.0,0.0,0.0,6.40000009536743,up,2026-08-31T09:32:00,1186.0,644.0
BMNR,2026-11-20,79,Call,29.0,BMNR261120C00029000,1.56,1.82,1.69,1.79,0.03,1.70455,10.0,1920.0,0.7829,0.3635,0.0426,0.0409,-0.0206,0.015,1.7784,1.79,1.79,1.79,1.75999999046326,down,2026-09-02T10:26:59,2386.0,161.0
BMNR,2026-11-20,79,Put,29.0,BMNR261120P00029000,6.95,7.5,7.225,6.85,0.0,0.0,0.0,129.0,0.8273,-0.6452,0.0437,0.0404,-0.0207,-0.0348,7.1333,0.0,0.0,0.0,7.19999980926514,up,2026-08-28T12:22:12,1118.0,1585.0
BMNR,2026-11-20,79,Call,30.0,BMNR261120C00030000,1.55,1.6,1.5750000000000002,1.6,0.005,0.313482,157.0,12154.0,0.808,0.333,0.0408,0.0396,-0.0201,0.0138,1.5906,1.55,1.7,1.44,1.59499996900558,no_change,2026-09-02T10:27:09,137.0,241.0
BMNR,2026-11-20,79,Put,30.0,BMNR261120P00030000,7.75,8.05,7.9,8.0,0.0,0.0,0.0,976.0,0.8007,-0.6765,0.0421,0.039,-0.0202,-0.0362,7.9435,0.0,0.0,0.0,8.04999995231628,up,2026-09-01T14:32:49,1085.0,628.0
BMNR,2026-11-20,79,Call,31.0,BMNR261120C00031000,1.27,1.57,1.42,1.45,0.03,2.11267,4.0,1029.0,0.8178,0.3052,0.039,0.0382,-0.0196,0.0127,1.4265,1.34,1.45,1.34,1.4200000166893,up,2026-09-02T09:45:49,2023.0,1780.0
BMNR,2026-11-20,79,Put,31.0,BMNR261120P00031000,8.6,9.0,8.8,8.57,0.0,0.0,0.0,128.0,0.8253,-0.7051,0.0403,0.0374,-0.0196,-0.0372,8.7785,0.0,0.0,0.0,8.84999990463257,up,2026-08-31T09:30:04,857.0,1007.0
BMNR,2026-11-20,79,Call,32.0,BMNR261120C00032000,1.13,1.36,1.245,1.26,-0.06,-4.54545,7.0,613.0,0.8168,0.28,0.0371,0.0367,-0.019,0.0117,1.2831,1.3,1.3,1.26,1.31999999284744,down,2026-09-02T10:26:32,2018.0,1530.0
BMNR,2026-11-20,79,Put,32.0,BMNR261120P00032000,9.45,10.05,9.75,14.75,0.0,0.0,0.0,22.0,0.8594,-0.7312,0.0385,0.0358,-0.0189,-0.0378,9.6341,0.0,0.0,0.0,9.6749997138977,down,2026-08-04T12:39:34,645.0,1346.0
BMNR,2026-11-20,79,Call,33.0,BMNR261120C00033000,1.1,1.17,1.135,1.11,-0.085,-7.11297,2.0,1193.0,0.8288,0.2571,0.0352,0.0352,-0.0183,0.0108,1.1574,1.0,1.11,1.0,1.19499999284744,up,2026-09-02T10:17:08,532.0,30.0
BMNR,2026-11-20,79,Put,33.0,BMNR261120P00033000,10.3,10.95,10.625,10.25,0.0,0.0,0.0,104.0,0.8692,-0.7549,0.0366,0.0339,-0.0182,-0.0379,10.5079,0.0,0.0,0.0,10.5500001907349,no_change,2026-09-01T09:41:08,992.0,1452.0
BMNR,2026-11-20,79,Call,34.0,BMNR261120C00034000,0.97,1.07,1.02,0.99,-0.035,-3.41464,10.0,687.0,0.8351,0.2364,0.0333,0.0336,-0.0177,0.0099,1.0469,0.99,0.99,0.99,1.02500003576279,down,2026-09-02T10:16:26,1166.0,258.0
BMNR,2026-11-20,79,Put,34.0,BMNR261120P00034000,11.15,11.6,11.375,10.2,0.0,0.0,0.0,3.0,0.836,-0.7764,0.0348,0.0323,-0.0175,-0.039,11.3979,0.0,0.0,0.0,11.4749999046326,down,2026-08-31T15:33:09,986.0,1016.0
BMNR,2026-11-20,79,Call,35.0,BMNR261120C00035000,0.9,0.96,0.9299999999999999,0.93,0.0,-7.69092e-07,8.0,7319.0,0.8449,0.2176,0.0315,0.032,-0.017,0.0092,0.9497,0.93,0.93,0.88,0.930000007152557,up,2026-09-02T10:25:24,206.0,137.0
BMNR,2026-11-20,79,Put,35.0,BMNR261120P00035000,12.05,12.5,12.275,12.5,0.25,2.04082,1.0,186.0,0.8426,-0.796,0.0331,0.0306,-0.0168,-0.0391,12.3009,12.5,12.5,12.5,12.25,up,2026-09-02T10:03:34,1155.0,978.0
BMNR,2026-11-20,79,Call,36.0,BMNR261120C00036000,0.64,0.99,0.815,0.87,0.0,0.0,0.0,844.0,0.8429,0.2007,0.0297,0.0306,-0.0164,0.0085,0.8639,0.0,0.0,0.0,0.844999998807907,down,2026-09-01T15:40:40,2125.0,1666.0
BMNR,2026-11-20,79,Put,36.0,BMNR261120P00036000,12.95,13.85,13.399999999999999,11.0,0.0,0.0,0.0,27.0,0.9206,-0.8138,0.0314,0.0287,-0.0161,-0.0385,13.2161,0.0,0.0,0.0,13.2249999046326,down,2026-08-27T11:53:44,775.0,1240.0
BMNR,2026-11-20,79,Call,37.0,BMNR261120C00037000,0.75,0.92,0.835,0.74,0.0,0.0,0.0,2819.0,0.8832,0.1853,0.0281,0.0291,-0.0157,0.0078,0.7879,0.0,0.0,0.0,0.775000005960464,down,2026-09-01T15:15:20,48.0,1612.0
BMNR,2026-11-20,79,Put,37.0,BMNR261120P00037000,13.9,14.75,14.325,18.4,0.0,0.0,0.0,86.0,0.9318,-0.83,0.0298,0.0273,-0.0154,-0.0392,14.1414,0.0,0.0,0.0,13.9250001907349,up,2026-08-18T10:11:34,1053.0,1354.0
BMNR,2026-11-20,79,Call,38.0,BMNR261120C00038000,0.68,0.79,0.7350000000000001,0.72,0.025,3.59712,12.0,9788.0,0.8802,0.1714,0.0265,0.0277,-0.0151,0.0073,0.7205,0.53,0.72,0.53,0.694999992847443,no_change,2026-09-02T10:23:14,181.0,1654.0
BMNR,2026-11-20,79,Put,38.0,BMNR261120P00038000,14.8,15.7,15.25,14.47,0.0,0.0,0.0,108.0,0.9398,-0.8447,0.0282,0.0256,-0.0147,-0.0386,15.0753,0.0,0.0,0.0,14.875,no_change,2026-08-31T09:42:40,1051.0,1332.0
BMNR,2027-01-15,135,Call,3.0,BMNR270115C00003000,19.35,21.0,20.175,20.65,0.0,0.0,0.0,102.0,0.0,0.9981,0.0002,0.0006,0.0,0.0084,20.4182,0.0,0.0,0.0,20.875,down,2026-08-28T15:52:40,120.0,120.0
BMNR,2027-01-15,135,Put,3.0,BMNR270115P00003000,0.0,0.05,0.025,0.01,0.0,0.0,0.0,947.0,1.4809,-0.0011,0.0002,0.0005,-0.0002,-0.0001,0.0069,0.0,0.0,0.0,0.025000000372529,down,2026-08-27T10:52:31,0.0,1.0
BMNR,2027-01-15,135,Call,5.0,BMNR270115C00005000,17.7,18.95,18.325,20.66,0.0,0.0,0.0,133.0,0.0,0.9944,0.0008,0.0019,0.0,0.0177,18.4682,0.0,0.0,0.0,18.5249996185303,up,2026-08-25T10:59:52,120.0,272.0
BMNR,2027-01-15,135,Put,5.0,BMNR270115P00005000,0.01,0.09,0.049999999999999996,0.05,0.0,0.0,0.0,2197.0,1.2266,-0.0045,0.0008,0.0019,-0.0007,-0.0005,0.0268,0.0,0.0,0.0,0.0399999991059303,down,2026-09-01T13:55:52,299.0,2737.0
BMNR,2027-01-15,135,Call,10.0,BMNR270115C00010000,13.1,14.1,13.6,13.78,0.0,0.0,0.0,1743.0,0.7484,0.9639,0.0058,0.011,0.0,0.0335,13.749,0.0,0.0,0.0,13.6500000953674,down,2026-09-01T14:55:31,2377.0,1472.0
BMNR,2027-01-15,135,Put,10.0,BMNR270115P00010000,0.18,0.29,0.235,0.22,0.0,0.0,0.0,8023.0,0.9359,-0.035,0.0059,0.011,-0.0037,-0.0037,0.224,0.0,0.0,0.0,0.225000008940697,up,2026-09-01T14:15:31,246.0,2181.0
BMNR,2027-01-15,135,Call,12.0,BMNR270115C00012000,11.45,12.35,11.899999999999999,11.96,0.0,0.0,0.0,257.0,0.8345,0.9371,0.0097,0.0174,-0.0023,0.0379,11.9742,0.0,0.0,0.0,12.0500001907349,up,2026-09-01T15:21:52,1967.0,1329.0
BMNR,2027-01-15,135,Put,12.0,BMNR270115P00012000,0.37,0.42,0.395,0.38,0.0,0.0,0.0,3457.0,0.867,-0.062,0.0098,0.0175,-0.0055,-0.0065,0.4162,0.0,0.0,0.0,0.385000005364418,up,2026-09-01T15:04:14,41.0,1007.0
BMNR,2027-01-15,135,Call,13.0,BMNR270115C00013000,10.45,11.5,10.975,11.85,0.0,0.0,0.0,904.0,0.7848,0.9196,0.012,0.0211,-0.0036,0.0396,11.1244,0.0,0.0,0.0,11.5749998092651,up,2026-08-31T11:44:17,1969.0,1191.0
BMNR,2027-01-15,135,Put,13.0,BMNR270115P00013000,0.42,0.63,0.525,0.51,0.0,0.0,0.0,3130.0,0.8485,-0.0796,0.0121,0.0211,-0.0066,-0.0084,0.5502,0.0,0.0,0.0,0.510000005364418,down,2026-09-01T15:56:10,1754.0,2482.0
BMNR,2027-01-15,135,Call,14.0,BMNR270115C00014000,9.65,10.6,10.125,11.54,0.0,0.0,0.0,679.0,0.7685,0.8992,0.0145,0.025,-0.0049,0.0408,10.3047,0.0,0.0,0.0,10.5749998092651,no_change,2026-08-31T13:04:25,1870.0,787.0
BMNR,2027-01-15,135,Put,14.0,BMNR270115P00014000,0.64,0.78,0.71,0.65,0.0,0.0,0.0,1370.0,0.8426,-0.1002,0.0146,0.0251,-0.0076,-0.0105,0.7147,0.0,0.0,0.0,0.66499999165535,no_change,2026-09-01T14:27:56,228.0,1948.0
BMNR,2027-01-15,135,Call,15.0,BMNR270115C00015000,9.15,9.8,9.475000000000001,9.3,0.0,0.0,0.0,5945.0,0.8155,0.876,0.0171,0.029,-0.0063,0.0418,9.5188,0.0,0.0,0.0,9.44999980926514,up,2026-09-01T14:46:12,2040.0,1281.0
BMNR,2027-01-15,135,Put,15.0,BMNR270115P00015000,0.84,0.95,0.895,0.82,0.0,0.0,0.0,6656.0,0.8245,-0.1236,0.0173,0.0292,-0.0087,-0.013,0.9131,0.0,0.0,0.0,0.875,up,2026-09-01T13:01:09,157.0,1555.0
BMNR,2027-01-15,135,Call,16.0,BMNR270115C00016000,8.3,9.1,8.7,9.6,0.0,0.0,0.0,1579.0,0.7977,0.85,0.0198,0.0331,-0.0076,0.0423,8.7703,0.0,0.0,0.0,8.84999990463257,down,2026-09-01T11:32:53,2200.0,1407.0
BMNR,2027-01-15,135,Put,16.0,BMNR270115P00016000,1.07,1.17,1.12,1.1,0.0,0.0,0.0,5275.0,0.8104,-0.1498,0.02,0.0332,-0.0098,-0.0158,1.1492,0.0,0.0,0.0,1.10999995470047,down,2026-09-01T14:43:11,150.0,1219.0
BMNR,2027-01-15,135,Call,17.0,BMNR270115C00017000,7.5,8.35,7.925,8.15,0.0,0.0,0.0,2178.0,0.7723,0.8215,0.0224,0.0371,-0.0089,0.0424,8.062,0.0,0.0,0.0,8.02500009536743,down,2026-09-01T13:21:29,2452.0,1325.0
BMNR,2027-01-15,135,Put,17.0,BMNR270115P00017000,1.37,1.48,1.425,1.47,0.07,5.0,2.0,1505.0,0.8098,-0.1785,0.0226,0.0372,-0.0108,-0.0188,1.4264,1.47,1.47,1.47,1.40000003576279,no_change,2026-09-02T09:41:40,5.0,718.0
BMNR,2027-01-15,135,Call,18.0,BMNR270115C00018000,7.05,7.65,7.35,7.05,-0.375,-5.05051,42.0,7877.0,0.7907,0.7909,0.025,0.0408,-0.0101,0.0422,7.3963,7.15,7.25,7.05,7.42500019073486,down,2026-09-02T09:38:19,2205.0,1352.0
BMNR,2027-01-15,135,Put,18.0,BMNR270115P00018000,1.7,1.77,1.7349999999999999,1.73,0.0,2.34284e-06,88.0,15989.0,0.7999,-0.2094,0.0252,0.041,-0.0118,-0.0221,1.7457,1.82,1.82,1.73,1.72999995946884,down,2026-09-02T10:10:28,5.0,1079.0
BMNR,2027-01-15,135,Call,19.0,BMNR270115C00019000,6.45,7.0,6.725,6.6,-0.125,-1.85873,1.0,4485.0,0.7849,0.7584,0.0273,0.0444,-0.0112,0.0417,6.7749,6.6,6.6,6.6,6.72499990463257,down,2026-09-02T09:32:55,2738.0,1023.0
BMNR,2027-01-15,135,Put,19.0,BMNR270115P00019000,2.08,2.18,2.13,2.15,0.14,6.96517,2.0,3825.0,0.801,-0.2422,0.0276,0.0445,-0.0127,-0.0256,2.1101,2.15,2.15,2.15,2.0100000500679,up,2026-09-02T09:30:15,4.0,1174.0
BMNR,2027-01-15,135,Call,20.0,BMNR270115C00020000,6.15,6.4,6.275,6.17,-0.055,-0.883533,11.0,22108.0,0.8079,0.7248,0.0294,0.0475,-0.0122,0.0409,6.1984,5.9,6.17,5.9,6.22499990463257,up,2026-09-02T09:46:31,203.0,1011.0
BMNR,2027-01-15,135,Put,20.0,BMNR270115P00020000,2.44,2.61,2.525,2.53,0.05,2.01613,38.0,13477.0,0.7932,-0.2763,0.0298,0.0477,-0.0134,-0.0291,2.5199,2.65,2.65,2.5,2.4799998998642,down,2026-09-02T09:54:10,236.0,1483.0
BMNR,2027-01-15,135,Call,21.0,BMNR270115C00021000,5.5,5.9,5.7,5.5,0.0,0.0,0.0,1054.0,0.7955,0.6904,0.0312,0.0502,-0.0131,0.0398,5.667,0.0,0.0,0.0,5.65000009536743,down,2026-09-01T14:45:36,1433.0,1070.0
BMNR,2027-01-15,135,Put,21.0,BMNR270115P00021000,2.88,3.15,3.0149999999999997,3.02,0.03,1.00334,35.0,1040.0,0.7966,-0.3114,0.0317,0.0503,-0.0141,-0.0327,2.9762,2.99,3.03,2.97,2.99000000953674,up,2026-09-02T09:54:10,659.0,1700.0
BMNR,2027-01-15,135,Call,22.5,BMNR270115C00022500,4.85,5.1,4.975,4.7,-0.3,-6.0,21.0,14225.0,0.7912,0.6384,0.0332,0.0533,-0.0142,0.0379,4.9521,4.71,4.8,4.7,5.0,down,2026-09-02T09:34:59,1349.0,902.0
BMNR,2027-01-15,135,Put,22.5,BMNR270115P00022500,3.7,3.85,3.7750000000000004,3.75,0.0,0.0,2.0,3430.0,0.7929,-0.3643,0.0338,0.0534,-0.0148,-0.0382,3.7432,3.75,3.75,3.75,3.75,no_change,2026-09-02T09:46:55,3.0,1662.0
BMNR,2027-01-15,135,Call,24.0,BMNR270115C00024000,4.1,4.55,4.324999999999999,4.25,-0.125,-2.85714,2.0,1913.0,0.7864,0.5874,0.0345,0.0554,-0.015,0.0357,4.3305,4.1,4.25,4.1,4.375,up,2026-09-02T10:03:27,2167.0,1405.0
BMNR,2027-01-15,135,Put,24.0,BMNR270115P00024000,4.55,4.65,4.6,4.6,0.0,2.0732e-06,3.0,325.0,0.7864,-0.4163,0.0352,0.0554,-0.0152,-0.0435,4.6051,4.68,4.68,4.6,4.59999990463257,no_change,2026-09-02T10:25:19,137.0,1055.0
BMNR,2027-01-15,135,Call,25.0,BMNR270115C00025000,3.95,4.1,4.025,4.1,0.075,1.86335,349.0,43819.0,0.7996,0.5545,0.035,0.0562,-0.0154,0.0341,3.9643,3.8,4.15,3.76,4.02500009536743,up,2026-09-02T10:27:11,690.0,1070.0
BMNR,2027-01-15,135,Put,25.0,BMNR270115P00025000,5.2,5.3,5.25,5.2,-0.05,-0.952381,1.0,7167.0,0.7926,-0.4499,0.0358,0.0562,-0.0154,-0.0467,5.2285,5.2,5.2,5.2,5.25,down,2026-09-02T10:21:15,1.0,1048.0
BMNR,2027-01-15,135,Call,26.0,BMNR270115C00026000,3.65,3.8,3.7249999999999996,3.7,0.05,1.36986,4.0,1112.0,0.8072,0.5228,0.0351,0.0566,-0.0156,0.0326,3.6331,3.72,3.72,3.7,3.64999997615814,down,2026-09-02T10:27:11,3.0,1385.0
BMNR,2027-01-15,135,Put,26.0,BMNR270115P00026000,5.75,6.05,5.9,5.74,0.0,0.0,0.0,613.0,0.7931,-0.4824,0.036,0.0565,-0.0154,-0.0501,5.888,0.0,0.0,0.0,5.84999990463257,up,2026-09-01T12:22:39,1129.0,1302.0
BMNR,2027-01-15,135,Call,27.0,BMNR270115C00027000,3.3,3.5,3.4,3.4,0.05,1.49254,3.0,2469.0,0.8054,0.4925,0.0351,0.0567,-0.0158,0.031,3.3346,3.25,3.4,3.25,3.35000002384186,up,2026-09-02T10:15:53,1014.0,1191.0
BMNR,2027-01-15,135,Put,27.0,BMNR270115P00027000,6.5,6.8,6.65,6.7,0.0,0.0,0.0,194.0,0.8061,-0.5134,0.036,0.0565,-0.0153,-0.0529,6.5805,0.0,0.0,0.0,6.55000019073486,up,2026-09-01T14:45:21,501.0,1546.0
BMNR,2027-01-15,135,Call,28.0,BMNR270115C00028000,3.05,3.2,3.125,3.1,0.045,1.47299,47.0,18616.0,0.8078,0.4638,0.0348,0.0565,-0.0158,0.0294,3.0654,3.05,3.1,2.94,3.0550000667572,no_change,2026-09-02T10:25:32,885.0,1201.0
BMNR,2027-01-15,135,Put,28.0,BMNR270115P00028000,7.2,7.4,7.300000000000001,7.05,0.0,0.0,0.0,3012.0,0.7967,-0.543,0.0358,0.0562,-0.0152,-0.0557,7.3031,0.0,0.0,0.0,7.25,up,2026-09-01T12:41:43,763.0,850.0
BMNR,2027-01-15,135,Call,29.0,BMNR270115C00029000,2.82,3.0,2.91,2.84,0.055,1.97486,10.0,1375.0,0.8166,0.4367,0.0343,0.056,-0.0158,0.0279,2.8231,2.84,2.84,2.84,2.78500008583069,no_change,2026-09-02T10:07:06,187.0,1507.0
BMNR,2027-01-15,135,Put,29.0,BMNR270115P00029000,7.9,8.45,8.175,6.73,0.0,0.0,0.0,600.0,0.823,-0.571,0.0355,0.0556,-0.015,-0.0583,8.0535,0.0,0.0,0.0,8.0,down,2026-08-27T12:14:57,847.0,1747.0
BMNR,2027-01-15,135,Call,30.0,BMNR270115C00030000,2.62,2.7,2.66,2.64,-0.005,-0.189035,204.0,32678.0,0.8154,0.4112,0.0337,0.0553,-0.0158,0.0265,2.6049,2.61,2.71,2.4,2.64499998092651,down,2026-09-02T10:24:36,1.0,604.0
BMNR,2027-01-15,135,Put,30.0,BMNR270115P00030000,8.65,9.05,8.850000000000001,8.78,0.0,0.0,0.0,15197.0,0.8094,-0.5974,0.0349,0.0547,-0.0147,-0.0604,8.8283,0.0,0.0,0.0,8.77500009536743,up,2026-09-01T15:36:04,1015.0,1384.0
BMNR,2027-01-15,135,Call,31.0,BMNR270115C00031000,2.4,2.61,2.505,2.32,-0.045,-1.90275,8.0,576.0,0.8278,0.3873,0.033,0.0544,-0.0157,0.0251,2.4083,2.3,2.32,2.3,2.36500000953674,up,2026-09-02T09:39:56,258.0,1678.0
BMNR,2027-01-15,135,Put,31.0,BMNR270115P00031000,9.45,9.95,9.7,9.45,0.0,0.0,0.0,35.0,0.8239,-0.6222,0.0343,0.0537,-0.0143,-0.0625,9.6255,0.0,0.0,0.0,9.59999990463257,up,2026-08-31T09:30:04,658.0,1456.0
BMNR,2027-01-15,135,Call,32.0,BMNR270115C00032000,2.22,2.35,2.285,2.25,0.005,0.222717,3.0,5659.0,0.825,0.3649,0.0322,0.0534,-0.0155,0.0238,2.2311,2.25,2.25,2.25,2.24500000476837,down,2026-09-02T09:44:04,92.0,1286.0
BMNR,2027-01-15,135,Put,32.0,BMNR270115P00032000,10.3,10.9,10.600000000000001,10.45,0.0,0.0,0.0,2997.0,0.8448,-0.6454,0.0336,0.0526,-0.0139,-0.0645,10.4426,0.0,0.0,0.0,10.4000000953674,up,2026-09-01T15:53:17,544.0,1747.0
BMNR,2027-01-15,135,Call,33.0,BMNR270115C00033000,1.82,2.17,1.995,2.0,-0.08,-3.84616,1.0,823.0,0.8054,0.3441,0.0313,0.0523,-0.0153,0.0225,2.0712,2.0,2.0,2.0,2.08000004291534,down,2026-09-02T09:31:54,2151.0,1209.0
BMNR,2027-01-15,135,Put,33.0,BMNR270115P00033000,11.05,11.65,11.350000000000001,9.73,0.0,0.0,0.0,324.0,0.8342,-0.6672,0.0328,0.0512,-0.0135,-0.0657,11.2776,0.0,0.0,0.0,11.1999998092651,down,2026-08-27T11:47:23,1084.0,1547.0
BMNR,2027-01-15,135,Call,34.0,BMNR270115C00034000,1.9,1.95,1.9249999999999998,1.92,-0.025,-1.28535,5.0,865.0,0.8251,0.3248,0.0304,0.0512,-0.0151,0.0213,1.9265,1.92,1.92,1.92,1.94499999284744,down,2026-09-02T10:26:22,225.0,89.0
BMNR,2027-01-15,135,Put,34.0,BMNR270115P00034000,11.9,12.6,12.25,10.43,0.0,0.0,0.0,77.0,0.8496,-0.6876,0.032,0.0498,-0.0131,-0.0673,12.1285,0.0,0.0,0.0,12.0749998092651,down,2026-08-27T11:47:23,902.0,1511.0
BMNR,2027-01-15,135,Call,35.0,BMNR270115C00035000,1.77,1.82,1.795,1.78,-0.015,-0.835656,96.0,48434.0,0.8296,0.3068,0.0295,0.0499,-0.0148,0.0202,1.7957,1.72,1.82,1.7,1.7950000166893,down,2026-09-02T10:25:38,199.0,637.0
BMNR,2027-01-15,135,Put,35.0,BMNR270115P00035000,12.8,13.05,12.925,12.65,0.0,0.0,0.0,3090.0,0.8165,-0.7065,0.0312,0.0484,-0.0126,-0.0685,12.9936,0.0,0.0,0.0,12.9250001907349,up,2026-09-01T13:38:20,819.0,175.0
BMNR,2027-01-15,135,Call,36.0,BMNR270115C00036000,1.42,1.7,1.56,1.71,0.0,0.0,0.0,625.0,0.8119,0.29,0.0285,0.0486,-0.0146,0.0192,1.6772,0.0,0.0,0.0,1.63499999046326,up,2026-09-01T15:29:41,1708.0,6.0
BMNR,2027-01-15,135,Put,36.0,BMNR270115P00036000,13.6,14.35,13.975,18.87,0.0,0.0,0.0,101.0,0.8583,-0.7242,0.0303,0.0468,-0.0121,-0.0686,13.8715,0.0,0.0,0.0,13.7999997138977,no_change,2026-07-22T12:07:15,980.0,1394.0
BMNR,2027-01-15,135,Call,37.0,BMNR270115C00037000,1.49,1.58,1.5350000000000001,1.55,-0.025,-1.5873,39.0,5796.0,0.8346,0.2745,0.0276,0.0474,-0.0143,0.0182,1.5694,1.61,1.61,1.55,1.57499998807907,no_change,2026-09-02T09:51:00,1050.0,5.0
BMNR,2027-01-15,135,Put,37.0,BMNR270115P00037000,14.5,15.25,14.875,13.77,0.0,0.0,0.0,3038.0,0.8669,-0.7408,0.0294,0.0454,-0.0116,-0.0701,14.7608,0.0,0.0,0.0,14.6750001907349,down,2026-08-31T15:19:03,976.0,1541.0
BMNR,2027-01-15,135,Call,38.0,BMNR270115C00038000,1.21,1.49,1.35,1.46,0.0,0.0,0.0,641.0,0.8208,0.26,0.0267,0.0461,-0.014,0.0173,1.4714,0.0,0.0,0.0,1.4200000166893,up,2026-09-01T15:01:47,1833.0,6.0
BMNR,2027-01-15,135,Put,38.0,BMNR270115P00038000,15.4,16.05,15.725000000000001,14.0,0.0,0.0,0.0,90.0,0.8623,-0.7562,0.0286,0.0439,-0.0111,-0.0706,15.6604,0.0,0.0,0.0,15.5999999046326,down,2026-08-27T11:24:42,846.0,1330.0
BMNR,2027-01-15,135,Call,40.0,BMNR270115C00040000,1.25,1.3,1.275,1.36,0.055,4.21456,39.0,30724.0,0.8531,0.2342,0.0249,0.0436,-0.0134,0.0156,1.3006,1.25,1.36,1.22,1.30500000715256,up,2026-09-02T10:24:16,510.0,4.0
BMNR,2027-01-15,135,Put,40.0,BMNR270115P00040000,17.25,17.75,17.5,16.75,0.0,0.0,0.0,2868.0,0.8626,-0.784,0.027,0.0407,-0.0101,-0.07,17.4855,0.0,0.0,0.0,17.3999996185303,down,2026-09-01T11:04:25,886.0,1123.0
BMNR,2027-01-15,135,Call,42.0,BMNR270115C00042000,1.04,1.15,1.095,1.15,0.0,0.0,0.0,4472.0,0.8549,0.2118,0.0232,0.0411,-0.0128,0.0142,1.1576,0.0,0.0,0.0,1.15000003576279,up,2026-09-01T15:52:30,1098.0,4.0
BMNR,2027-01-15,135,Put,42.0,BMNR270115P00042000,19.05,19.85,19.450000000000003,19.05,0.0,0.0,0.0,839.0,0.8989,-0.8084,0.0254,0.0379,-0.0091,-0.071,19.3403,0.0,0.0,0.0,19.2749996185303,up,2026-08-28T14:50:35,1137.0,1462.0
BMNR,2027-01-15,135,Call,45.0,BMNR270115C00045000,0.87,0.97,0.9199999999999999,0.97,-0.06,-5.82524,21.0,11215.0,0.8701,0.1836,0.0208,0.0377,-0.012,0.0124,0.9838,0.97,0.98,0.97,1.03000000119209,down,2026-09-02T10:25:51,1801.0,4.0
BMNR,2027-01-15,135,Put,45.0,BMNR270115P00045000,21.95,22.55,22.25,21.9,0.0,0.0,0.0,1077.0,0.9121,-0.8395,0.0233,0.0334,-0.0076,-0.0685,22.1655,0.0,0.0,0.0,21.9250001907349,no_change,2026-09-01T12:36:16,782.0,1234.0
BMNR,2027-01-15,135,Call,47.0,BMNR270115C00047000,0.86,0.88,0.87,0.85,-0.08,-8.60215,18.0,1773.0,0.893,0.1678,0.0194,0.0356,-0.0115,0.0113,0.889,0.83,0.85,0.83,0.929999977350235,up,2026-09-02T10:15:58,367.0,5.0
BMNR,2027-01-15,135,Put,47.0,BMNR270115P00047000,23.75,24.65,24.2,30.4,0.0,0.0,0.0,31.0,0.9384,-0.8572,0.022,0.0311,-0.0066,-0.0685,24.0721,0.0,0.0,0.0,23.6499996185303,up,2026-07-23T13:58:03,959.0,1274.0
BMNR,2027-01-15,135,Call,50.0,BMNR270115C00050000,0.73,0.82,0.7749999999999999,0.77,0.005,0.653593,337.0,21925.0,0.9158,0.1476,0.0175,0.0327,-0.0107,0.01,0.7714,0.78,0.78,0.75,0.765000015497208,no_change,2026-09-02T10:17:09,1193.0,1386.0
BMNR,2027-01-15,135,Put,50.0,BMNR270115P00050000,26.75,27.25,27.0,25.66,0.0,0.0,0.0,561.0,0.93,-0.8802,0.0203,0.0273,-0.0053,-0.0654,26.9579,0.0,0.0,0.0,26.6749992370605,down,2026-08-26T09:59:39,337.0,1011.0
BMNR,2027-01-15,135,Call,55.0,BMNR270115C00055000,0.55,0.77,0.66,0.63,-0.045,-6.66667,1.0,7380.0,0.9536,0.1214,0.0149,0.0286,-0.0096,0.0082,0.623,0.63,0.63,0.63,0.675000011920929,up,2026-09-02T10:13:01,1820.0,2684.0
BMNR,2027-01-15,135,Put,55.0,BMNR270115P00055000,31.5,32.45,31.975,30.45,0.0,0.0,0.0,5.0,1.0054,-0.9108,0.0177,0.0215,-0.0031,-0.0586,31.8209,0.0,0.0,0.0,31.4500007629394,up,2026-08-25T10:24:08,332.0,551.0
BMNR,2027-01-15,135,Call,60.0,BMNR270115C00060000,0.51,0.54,0.525,0.52,-0.005,-0.952382,44.0,10254.0,0.9689,0.1019,0.0128,0.0252,-0.0087,0.0069,0.5155,0.53,0.54,0.49,0.525000005960464,down,2026-09-02T10:25:47,306.0,614.0
BMNR,2027-01-15,135,Put,60.0,BMNR270115P00060000,36.55,37.15,36.849999999999994,41.47,0.0,0.0,0.0,3.0,1.0286,-0.9348,0.0159,0.0164,-0.0008,-0.049,36.7298,0.0,0.0,0.0,36.4749984741211,down,2026-08-10T10:33:49,104.0,415.0
BMNR,2027-01-15,135,Call,65.0,BMNR270115C00065000,0.27,0.57,0.42,0.46,0.0,0.0,0.0,11028.0,0.9811,0.0869,0.0111,0.0224,-0.0079,0.0059,0.4352,0.0,0.0,0.0,0.449999988079071,up,2026-09-01T15:58:31,2697.0,2502.0
BMNR,2027-01-15,135,Put,65.0,BMNR270115P00065000,41.4,42.15,41.775,39.44,0.0,0.0,0.0,311.0,1.0583,-0.954,0.0148,0.0128,0.0,-0.0436,41.6685,0.0,0.0,0.0,41.375,down,2026-08-27T11:01:47,1216.0,1344.0
BMNR,2027-01-15,135,Call,70.0,BMNR270115C00070000,0.36,0.42,0.39,0.4,0.01,2.5641,400.0,5092.0,1.0178,0.0752,0.0097,0.0201,-0.0072,0.0051,0.3736,0.4,0.4,0.4,0.390000000596046,no_change,2026-09-02T09:50:40,1107.0,1214.0
BMNR,2027-01-15,135,Put,70.0,BMNR270115P00070000,46.25,47.2,46.725,52.99,0.0,0.0,0.0,3.0,1.0894,-0.9702,0.0138,0.0067,0.0,-0.0225,46.6317,0.0,0.0,0.0,46.5,up,2026-06-04T14:08:27,239.0,310.0
BMNR,2027-01-15,135,Call,75.0,BMNR270115C00075000,0.33,0.37,0.35,0.34,-0.01,-2.85715,15.0,17832.0,1.0435,0.0659,0.0086,0.0181,-0.0066,0.0045,0.3253,0.35,0.35,0.29,0.350000008940697,no_change,2026-09-02T10:16:02,317.0,480.0
BMNR,2027-01-15,135,Put,75.0,BMNR270115P00075000,51.2,52.35,51.775000000000006,60.65,0.0,0.0,0.0,0.0,1.1771,-0.982,0.011,0.0051,0.0,-0.0198,51.6121,0.0,0.0,0.0,51.6000003814697,up,2026-06-24T09:34:46,132.0,226.0
BMNR,2027-01-15,135,Call,80.0,BMNR270115C00080000,0.25,0.38,0.315,0.34,0.0,0.0,0.0,18004.0,1.0661,0.0583,0.0077,0.0164,-0.0062,0.004,0.2866,0.0,0.0,0.0,0.325000002980232,up,2026-09-01T09:30:07,1346.0,1831.0
BMNR,2027-01-15,135,Put,80.0,BMNR270115P00080000,56.15,57.25,56.7,62.25,0.0,0.0,0.0,0.0,1.182,-0.9903,0.0068,0.0,0.0,0.0,56.605,0.0,0.0,0.0,56.625,down,2026-08-11T11:49:02,133.0,130.0
BMNR,2027-01-15,135,Call,85.0,BMNR270115C00085000,0.09,0.43,0.26,0.29,0.0,0.0,0.0,1510.0,1.0704,0.0521,0.0069,0.015,-0.0057,0.0035,0.2552,0.0,0.0,0.0,0.280000001192093,no_change,2026-09-01T13:26:42,2754.0,2288.0
BMNR,2027-01-15,135,Put,85.0,BMNR270115P00085000,61.25,62.55,61.9,64.98,0.0,0.0,0.0,0.0,1.3454,-0.995,0.0034,0.0,-0.0031,0.0,61.605,0.0,0.0,0.0,61.4750003814697,up,2026-03-26T11:35:52,228.0,134.0
BMNR,2027-01-15,135,Call,90.0,BMNR270115C00090000,0.11,0.29,0.19999999999999998,0.21,-0.01,-4.54545,10.0,4236.0,1.0618,0.047,0.0063,0.0138,-0.0053,0.0032,0.2292,0.21,0.21,0.21,0.219999998807907,no_change,2026-09-02T10:07:32,2447.0,1382.0
BMNR,2027-01-15,135,Put,90.0,BMNR270115P00090000,66.2,67.9,67.05000000000001,70.68,0.0,0.0,0.0,0.0,1.4567,-0.9982,0.0012,0.0,-0.0046,0.0,66.605,0.0,0.0,0.0,66.4500007629394,up,2026-02-12T12:38:04,204.0,224.0
BMNR,2027-01-15,135,Call,95.0,BMNR270115C00095000,0.08,0.36,0.22,0.23,0.0,0.0,0.0,4982.0,1.1102,0.0426,0.0057,0.0128,-0.005,0.0029,0.2075,0.0,0.0,0.0,0.230000004172325,down,2026-09-01T15:00:29,2590.0,3149.0
BMNR,2027-01-15,135,Put,95.0,BMNR270115P00095000,70.75,72.5,71.625,75.31,0.0,0.0,0.0,0.0,1.2416,-1.0,0.0,0.0,-0.0055,0.0,71.605,0.0,0.0,0.0,71.4749984741211,up,2026-05-26T10:42:59,205.0,120.0
BMNR,2027-01-15,135,Call,100.0,BMNR270115C00100000,0.2,0.25,0.225,0.2,-0.01,-4.76191,13.0,17332.0,1.145,0.0389,0.0052,0.0119,-0.0047,0.0026,0.1892,0.21,0.21,0.18,0.21000000089407,no_change,2026-09-02T10:07:32,1.0,910.0
BMNR,2027-01-15,135,Put,100.0,BMNR270115P00100000,76.3,77.6,76.94999999999999,75.0,0.0,0.0,0.0,0.0,1.5039,-1.0,0.0,0.0,-0.0061,0.0,76.605,0.0,0.0,0.0,76.5250015258789,down,2026-09-01T09:30:17,120.0,241.0
BMNR,2027-01-15,135,Call,105.0,BMNR270115C00105000,0.18,0.22,0.2,0.2,0.0,-1.49012e-06,5.0,33212.0,1.154,0.0357,0.0048,0.0111,-0.0044,0.0024,0.1734,0.23,0.23,0.2,0.200000002980232,down,2026-09-02T10:21:58,197.0,302.0
BMNR,2027-01-15,135,Put,105.0,BMNR270115P00105000,81.25,82.4,81.825,88.8,0.0,0.0,0.0,0.0,1.483,-1.0,0.0,0.0,-0.0062,0.0,81.605,0.0,0.0,0.0,81.3999977111816,up,2026-07-14T14:29:44,227.0,245.0
BMNR,2027-02-19,170,Call,5.0,BMNR270219C00005000,17.15,19.05,18.1,19.95,0.0,0.0,0.0,21.0,0.0,0.995,0.0009,0.0024,0.0,0.0225,18.5271,0.0,0.0,0.0,18.8999996185303,up,2026-08-26T11:25:12,202.0,120.0
BMNR,2027-02-19,170,Put,5.0,BMNR270219P00005000,0.0,0.15,0.075,0.08,0.0,0.0,0.0,57.0,1.1686,-0.0052,0.0009,0.0024,-0.0007,-0.0007,0.0329,0.0,0.0,0.0,0.0750000029802322,down,2026-08-07T15:48:02,0.0,1928.0
BMNR,2027-02-19,170,Call,8.0,BMNR270219C00008000,14.6,16.4,15.5,17.79,0.0,0.0,0.0,42.0,0.0,0.9795,0.0034,0.008,0.0,0.0342,15.6975,0.0,0.0,0.0,15.9500002861023,up,2026-08-25T11:59:12,373.0,375.0
BMNR,2027-02-19,170,Put,8.0,BMNR270219P00008000,0.07,0.25,0.16,0.15,0.0,0.0,0.0,20.0,0.9513,-0.0208,0.0034,0.008,-0.0021,-0.0028,0.1406,0.0,0.0,0.0,0.16499999910593,down,2026-09-01T11:58:27,1138.0,1837.0
BMNR,2027-02-19,170,Call,9.0,BMNR270219C00009000,14.1,15.2,14.649999999999999,15.7,0.0,0.0,0.0,60.0,0.7408,0.9706,0.0046,0.0108,0.0,0.0375,14.7838,0.0,0.0,0.0,15.2500004768372,down,2026-08-31T14:34:49,783.0,512.0
BMNR,2027-02-19,170,Put,9.0,BMNR270219P00009000,0.13,0.31,0.22,0.19,0.0,0.0,0.0,31.0,0.9156,-0.0297,0.0047,0.0108,-0.0028,-0.004,0.2062,0.0,0.0,0.0,0.265000000596046,no_change,2026-09-01T09:45:36,1368.0,1553.0
BMNR,2027-02-19,170,Call,10.0,BMNR270219C00010000,13.2,14.25,13.725,15.31,0.0,0.0,0.0,130.0,0.7373,0.9596,0.0062,0.014,-0.0005,0.0405,13.8901,0.0,0.0,0.0,14.3000001907349,down,2026-08-31T14:42:24,975.0,625.0
BMNR,2027-02-19,170,Put,10.0,BMNR270219P00010000,0.21,0.4,0.305,0.28,0.0,0.0,0.0,365.0,0.8912,-0.0408,0.0062,0.0141,-0.0035,-0.0055,0.2919,0.0,0.0,0.0,0.285000003874302,no_change,2026-09-01T10:00:23,1655.0,1596.0
BMNR,2027-02-19,170,Call,11.0,BMNR270219C00011000,12.35,13.4,12.875,14.0,0.0,0.0,0.0,29.0,0.7722,0.9461,0.0079,0.0176,-0.0016,0.0432,13.02,0.0,0.0,0.0,13.3499999046326,down,2026-09-01T10:06:18,666.0,432.0
BMNR,2027-02-19,170,Put,11.0,BMNR270219P00011000,0.32,0.51,0.41500000000000004,0.4,0.0,0.0,0.0,295.0,0.8716,-0.0544,0.008,0.0177,-0.0044,-0.0073,0.4012,0.0,0.0,0.0,0.400000005960464,down,2026-09-01T09:47:09,1637.0,1481.0
BMNR,2027-02-19,170,Call,12.0,BMNR270219C00012000,11.75,12.6,12.175,13.58,0.0,0.0,0.0,84.0,0.8475,0.9301,0.0099,0.0216,-0.0027,0.0454,12.1767,0.0,0.0,0.0,12.5749998092651,no_change,2026-08-31T14:49:12,721.0,581.0
BMNR,2027-02-19,170,Put,12.0,BMNR270219P00012000,0.48,0.63,0.5549999999999999,0.55,0.065,13.4021,6.0,74.0,0.8563,-0.0704,0.01,0.0216,-0.0052,-0.0095,0.5378,0.55,0.55,0.55,0.484999984502792,no_change,2026-09-02T09:30:07,1288.0,1584.0
BMNR,2027-02-19,170,Call,13.0,BMNR270219C00013000,10.9,11.6,11.25,13.48,0.0,0.0,0.0,161.0,0.7893,0.9116,0.012,0.0257,-0.0038,0.0472,11.3636,0.0,0.0,0.0,11.625,up,2026-08-27T10:04:55,1523.0,108.0
BMNR,2027-02-19,170,Put,13.0,BMNR270219P00013000,0.61,0.84,0.725,0.64,0.0,0.0,0.0,83.0,0.8431,-0.0891,0.0121,0.0259,-0.0062,-0.012,0.7046,0.0,0.0,0.0,0.650000005960464,down,2026-09-01T09:46:43,1370.0,1676.0
BMNR,2027-02-19,170,Call,14.0,BMNR270219C00014000,9.9,10.95,10.425,10.85,0.0,0.0,0.0,62.0,0.7694,0.8907,0.0142,0.03,-0.0049,0.0486,10.5837,0.0,0.0,0.0,10.875,down,2026-08-28T15:00:28,822.0,451.0
BMNR,2027-02-19,170,Put,14.0,BMNR270219P00014000,0.69,1.05,0.87,0.8,0.0,0.0,0.0,224.0,0.8124,-0.1102,0.0143,0.0302,-0.0071,-0.0149,0.9051,0.0,0.0,0.0,0.840000003576279,down,2026-08-27T11:38:07,1683.0,1214.0
BMNR,2027-02-19,170,Call,15.0,BMNR270219C00015000,9.35,10.2,9.774999999999999,10.05,0.0,0.0,0.0,337.0,0.7957,0.8674,0.0164,0.0344,-0.0061,0.0495,9.8398,0.0,0.0,0.0,9.84999990463257,up,2026-09-01T14:56:37,2015.0,1048.0
BMNR,2027-02-19,170,Put,15.0,BMNR270219P00015000,1.11,1.24,1.175,1.07,0.0,0.0,0.0,293.0,0.8244,-0.1337,0.0166,0.0346,-0.008,-0.0181,1.1419,0.0,0.0,0.0,1.12000000476837,no_change,2026-09-01T11:17:05,1.0,969.0
BMNR,2027-02-19,170,Call,16.0,BMNR270219C00016000,8.5,9.45,8.975,10.15,0.0,0.0,0.0,581.0,0.7654,0.8421,0.0187,0.0387,-0.0072,0.05,9.1338,0.0,0.0,0.0,9.52499961853027,down,2026-08-31T12:44:34,2181.0,987.0
BMNR,2027-02-19,170,Put,16.0,BMNR270219P00016000,1.33,1.62,1.475,1.38,0.0,0.0,0.0,153.0,0.8221,-0.1594,0.0189,0.0389,-0.009,-0.0216,1.417,0.0,0.0,0.0,1.33999997377396,up,2026-08-31T09:35:49,1213.0,1877.0
BMNR,2027-02-19,170,Call,17.0,BMNR270219C00017000,7.9,8.8,8.350000000000001,9.24,0.0,0.0,0.0,1513.0,0.7732,0.815,0.0208,0.0428,-0.0082,0.0502,8.4676,0.0,0.0,0.0,8.875,up,2026-09-01T10:05:31,2327.0,1212.0
BMNR,2027-02-19,170,Put,17.0,BMNR270219P00017000,1.63,1.93,1.7799999999999998,1.79,0.085,4.98533,2.0,104.0,0.8121,-0.1868,0.0211,0.043,-0.0098,-0.0253,1.7323,1.79,1.79,1.79,1.70500004291534,no_change,2026-09-02T09:41:40,1211.0,1836.0
BMNR,2027-02-19,170,Call,18.0,BMNR270219C00018000,7.35,8.15,7.75,9.66,0.0,0.0,0.0,223.0,0.7763,0.7864,0.0228,0.0466,-0.0092,0.0499,7.8418,0.0,0.0,0.0,7.77500009536743,up,2026-08-25T10:30:44,2020.0,974.0
BMNR,2027-02-19,170,Put,18.0,BMNR270219P00018000,1.86,2.15,2.005,2.0,0.0,0.0,0.0,285.0,0.7782,-0.2158,0.0231,0.0469,-0.0106,-0.0293,2.0887,0.0,0.0,0.0,2.07000005245209,up,2026-09-01T12:19:19,2047.0,273.0
BMNR,2027-02-19,170,Call,19.0,BMNR270219C00019000,6.8,7.6,7.199999999999999,7.03,0.0,0.0,0.0,240.0,0.781,0.7567,0.0247,0.0501,-0.0101,0.0494,7.257,0.0,0.0,0.0,7.15000009536743,down,2026-09-01T14:46:43,2113.0,1263.0
BMNR,2027-02-19,170,Put,19.0,BMNR270219P00019000,2.27,2.55,2.41,2.45,0.0,0.0,0.0,208.0,0.7771,-0.246,0.025,0.0504,-0.0113,-0.0334,2.4865,0.0,0.0,0.0,2.46999990940094,up,2026-09-01T14:05:48,1991.0,444.0
BMNR,2027-02-19,170,Call,20.0,BMNR270219C00020000,6.55,6.95,6.75,6.82,0.0,0.0,0.0,11234.0,0.7967,0.7263,0.0263,0.0533,-0.0109,0.0486,6.7127,0.0,0.0,0.0,6.625,down,2026-09-01T13:27:45,1095.0,984.0
BMNR,2027-02-19,170,Put,20.0,BMNR270219P00020000,2.8,2.96,2.88,2.9,0.0,0.0,0.0,647.0,0.7812,-0.2768,0.0267,0.0535,-0.012,-0.0375,2.9258,0.0,0.0,0.0,2.89999997615814,up,2026-09-01T15:34:03,1523.0,37.0
BMNR,2027-02-19,170,Call,21.0,BMNR270219C00021000,5.95,6.5,6.225,6.8,0.0,0.0,0.0,409.0,0.791,0.6956,0.0277,0.056,-0.0116,0.0476,6.2083,0.0,0.0,0.0,6.20000004768372,up,2026-08-31T11:33:03,1655.0,1164.0
BMNR,2027-02-19,170,Put,21.0,BMNR270219P00021000,3.3,3.45,3.375,3.57,0.195,5.77778,1.0,124.0,0.7821,-0.3084,0.0282,0.0562,-0.0125,-0.0418,3.4081,3.57,3.57,3.57,3.375,up,2026-09-02T09:39:14,624.0,582.0
BMNR,2027-02-19,170,Call,22.0,BMNR270219C00022000,5.65,6.0,5.825,5.65,0.0,0.0,0.0,453.0,0.8013,0.6649,0.0289,0.0583,-0.0123,0.0463,5.7422,0.0,0.0,0.0,5.72500014305115,up,2026-09-01T15:22:41,159.0,1192.0
BMNR,2027-02-19,170,Put,22.0,BMNR270219P00022000,3.75,4.0,3.875,3.88,0.0,0.0,0.0,513.0,0.7782,-0.3398,0.0295,0.0585,-0.013,-0.046,3.9273,0.0,0.0,0.0,3.87500011920929,up,2026-09-01T14:48:57,1615.0,908.0
BMNR,2027-02-19,170,Call,23.0,BMNR270219C00023000,5.05,5.5,5.275,5.3,0.0,0.0,0.0,196.0,0.7806,0.6344,0.0298,0.0602,-0.0128,0.045,5.3131,0.0,0.0,0.0,5.375,down,2026-09-01T15:47:01,1745.0,887.0
BMNR,2027-02-19,170,Put,23.0,BMNR270219P00023000,4.35,4.55,4.449999999999999,4.15,0.0,0.0,0.0,134.0,0.7814,-0.3709,0.0305,0.0603,-0.0133,-0.0501,4.4838,0.0,0.0,0.0,4.45000004768372,no_change,2026-09-01T09:30:03,1300.0,755.0
BMNR,2027-02-19,170,Call,24.0,BMNR270219C00024000,4.6,5.05,4.824999999999999,4.93,0.0,0.0,0.0,893.0,0.7723,0.6046,0.0305,0.0616,-0.0132,0.0435,4.9186,0.0,0.0,0.0,4.97500014305115,up,2026-09-01T15:48:35,1947.0,420.0
BMNR,2027-02-19,170,Put,24.0,BMNR270219P00024000,4.95,5.15,5.050000000000001,4.65,0.0,0.0,0.0,88.0,0.7832,-0.4016,0.0313,0.0616,-0.0136,-0.0543,5.0761,0.0,0.0,0.0,5.04999995231628,down,2026-09-01T09:30:06,1131.0,656.0
BMNR,2027-02-19,170,Call,25.0,BMNR270219C00025000,4.55,4.7,4.625,4.55,0.025,0.552489,9.0,5251.0,0.7994,0.5754,0.031,0.0626,-0.0136,0.042,4.5572,4.6,4.6,4.5,4.52499985694885,up,2026-09-02T10:09:42,6.0,1076.0
BMNR,2027-02-19,170,Put,25.0,BMNR270219P00025000,5.6,5.75,5.675,5.7,0.0,0.0,0.0,118.0,0.7842,-0.4315,0.0318,0.0626,-0.0137,-0.058,5.7019,0.0,0.0,0.0,5.625,up,2026-09-01T14:14:23,380.0,214.0
BMNR,2027-02-19,170,Call,26.0,BMNR270219C00026000,4.1,4.35,4.225,4.1,0.0,0.0,0.0,598.0,0.7899,0.5473,0.0312,0.0633,-0.0138,0.0404,4.226,0.0,0.0,0.0,4.17500007152557,down,2026-09-01T14:39:29,1248.0,793.0
BMNR,2027-02-19,170,Put,26.0,BMNR270219P00026000,6.2,6.4,6.300000000000001,6.25,0.0,0.0,0.0,27.0,0.7808,-0.4605,0.0322,0.0632,-0.0138,-0.0618,6.3587,0.0,0.0,0.0,6.29999995231628,no_change,2026-09-01T12:48:41,969.0,24.0
BMNR,2027-02-19,170,Call,27.0,BMNR270219C00027000,3.55,4.15,3.85,3.88,0.0,0.0,0.0,197.0,0.7806,0.5202,0.0313,0.0637,-0.014,0.0388,3.9232,0.0,0.0,0.0,3.97500014305115,down,2026-09-01T15:12:42,2176.0,1320.0
BMNR,2027-02-19,170,Put,27.0,BMNR270219P00027000,7.0,7.1,7.05,7.0,0.0,0.0,0.0,71.0,0.7929,-0.4885,0.0324,0.0635,-0.0138,-0.0652,7.045,0.0,0.0,0.0,7.0,up,2026-09-01T14:01:12,3.0,261.0
BMNR,2027-02-19,170,Call,28.0,BMNR270219C00028000,3.6,3.75,3.675,3.62,0.0,0.0,0.0,2966.0,0.7989,0.4942,0.0313,0.0638,-0.0141,0.0372,3.6464,0.0,0.0,0.0,3.64999997615814,up,2026-09-01T15:01:40,189.0,695.0
BMNR,2027-02-19,170,Put,28.0,BMNR270219P00028000,7.6,7.8,7.699999999999999,7.8,0.0,0.0,0.0,35.0,0.7853,-0.5154,0.0324,0.0634,-0.0138,-0.0684,7.7577,0.0,0.0,0.0,7.70000004768372,no_change,2026-09-01T14:53:27,868.0,187.0
BMNR,2027-02-19,170,Call,29.0,BMNR270219C00029000,3.1,3.55,3.325,3.35,0.0,0.0,0.0,151.0,0.7863,0.4694,0.0311,0.0636,-0.0142,0.0357,3.3934,0.0,0.0,0.0,3.39999997615814,no_change,2026-09-01T14:53:18,1960.0,1146.0
BMNR,2027-02-19,170,Put,29.0,BMNR270219P00029000,8.3,8.55,8.425,8.54,0.0,0.0,0.0,18.0,0.786,-0.5412,0.0323,0.063,-0.0137,-0.0716,8.4952,0.0,0.0,0.0,8.47499990463257,down,2026-09-01T14:28:01,1083.0,114.0
BMNR,2027-02-19,170,Call,30.0,BMNR270219C00030000,3.1,3.2,3.1500000000000004,3.2,0.025,0.787403,32.0,18355.0,0.7981,0.4459,0.0308,0.0631,-0.0142,0.0341,3.1624,3.11,3.2,3.11,3.17499995231628,no_change,2026-09-02T10:27:04,705.0,176.0
BMNR,2027-02-19,170,Put,30.0,BMNR270219P00030000,9.1,9.3,9.2,9.03,0.0,0.0,0.0,127.0,0.7912,-0.5657,0.0321,0.0625,-0.0135,-0.0742,9.2553,0.0,0.0,0.0,9.19999980926514,up,2026-08-26T10:17:19,733.0,148.0
BMNR,2027-02-19,170,Call,31.0,BMNR270219C00031000,2.64,3.05,2.8449999999999998,2.97,0.0,0.0,0.0,475.0,0.7862,0.4236,0.0303,0.0626,-0.0141,0.0327,2.9512,0.0,0.0,0.0,2.97500002384186,no_change,2026-09-01T15:41:48,2039.0,444.0
BMNR,2027-02-19,170,Put,31.0,BMNR270219P00031000,9.85,10.1,9.975,9.0,0.0,0.0,0.0,5.0,0.7933,-0.589,0.0318,0.0617,-0.0133,-0.0766,10.0358,0.0,0.0,0.0,10.0,no_change,2026-08-27T11:05:34,898.0,439.0
BMNR,2027-02-19,170,Call,32.0,BMNR270219C00032000,2.53,2.95,2.74,2.7,-0.105,-3.74332,12.0,162.0,0.8036,0.4025,0.0298,0.0618,-0.0141,0.0312,2.758,2.71,2.74,2.67,2.8050000667572,up,2026-09-02T10:06:26,1772.0,1449.0
BMNR,2027-02-19,170,Put,32.0,BMNR270219P00032000,10.65,10.9,10.775,14.76,0.0,0.0,0.0,32.0,0.7966,-0.6111,0.0314,0.0607,-0.013,-0.0789,10.8352,0.0,0.0,0.0,10.8000001907349,up,2026-08-12T14:21:32,765.0,441.0
BMNR,2027-02-19,170,Call,33.0,BMNR270219C00033000,2.42,2.79,2.605,2.5,-0.1,-3.84615,62.0,272.0,0.814,0.3826,0.0293,0.0609,-0.0139,0.0298,2.5813,2.29,2.55,2.29,2.60000002384186,down,2026-09-02T10:06:26,1565.0,1478.0
BMNR,2027-02-19,170,Put,33.0,BMNR270219P00033000,11.4,12.0,11.7,11.1,0.0,0.0,0.0,40.0,0.8182,-0.6321,0.031,0.0596,-0.0128,-0.0811,11.6518,0.0,0.0,0.0,11.6499996185303,down,2026-08-31T12:03:45,1029.0,1387.0
BMNR,2027-02-19,170,Call,34.0,BMNR270219C00034000,2.1,2.66,2.38,3.25,0.0,0.0,0.0,247.0,0.8071,0.3639,0.0287,0.06,-0.0138,0.0286,2.4195,0.0,0.0,0.0,2.36500000953674,down,2026-08-28T11:41:45,2025.0,1655.0
BMNR,2027-02-19,170,Put,34.0,BMNR270219P00034000,12.2,13.0,12.6,11.9,0.0,0.0,0.0,50.0,0.8336,-0.6519,0.0305,0.0584,-0.0125,-0.0828,12.4837,0.0,0.0,0.0,12.375,no_change,2026-08-31T12:00:44,1052.0,1503.0
BMNR,2027-02-19,170,Call,35.0,BMNR270219C00035000,2.1,2.32,2.21,2.23,-0.04,-1.76212,62.0,1236.0,0.8071,0.3462,0.0281,0.0589,-0.0136,0.0273,2.271,1.97,2.23,1.97,2.2700001001358,up,2026-09-02T10:00:18,1520.0,36.0
BMNR,2027-02-19,170,Put,35.0,BMNR270219P00035000,13.1,13.65,13.375,13.35,0.0,0.0,0.0,80.0,0.8254,-0.6707,0.0299,0.0571,-0.0122,-0.0843,13.3298,0.0,0.0,0.0,13.3249998092651,up,2026-09-01T14:51:59,880.0,1382.0
BMNR,2027-03-19,198,Call,13.0,BMNR270319C00013000,11.1,11.85,11.475,12.2,0.0,0.0,0.0,56.0,0.8156,0.9006,0.0119,0.0298,-0.0041,0.0521,11.546,0.0,0.0,0.0,11.5749998092651,down,2026-09-01T10:31:53,649.0,122.0
BMNR,2027-03-19,198,Put,13.0,BMNR270319P00013000,0.78,1.01,0.895,0.85,0.0,0.0,0.0,11.0,0.8416,-0.0985,0.012,0.03,-0.0062,-0.0158,0.8895,0.0,0.0,0.0,0.830000013113022,no_change,2026-08-26T13:46:38,231.0,1088.0
BMNR,2027-03-19,198,Call,14.0,BMNR270319C00014000,10.15,11.25,10.7,11.75,0.0,0.0,0.0,8.0,0.8005,0.8798,0.0138,0.0343,-0.0051,0.0535,10.7978,0.0,0.0,0.0,11.0499997138977,down,2026-08-31T14:40:33,476.0,472.0
BMNR,2027-03-19,198,Put,14.0,BMNR270319P00014000,1.01,1.27,1.1400000000000001,1.08,0.0,0.0,0.0,3.0,0.8356,-0.1195,0.014,0.0345,-0.007,-0.0193,1.119,0.0,0.0,0.0,1.06500002741814,up,2026-09-01T15:08:15,203.0,1617.0
BMNR,2027-03-19,198,Call,15.0,BMNR270319C00015000,9.5,10.45,9.975,10.25,0.0,0.0,0.0,14.0,0.792,0.8572,0.0158,0.0387,-0.0061,0.0546,10.0856,0.0,0.0,0.0,10.4499998092651,no_change,2026-09-01T13:16:33,1235.0,778.0
BMNR,2027-03-19,198,Put,15.0,BMNR270319P00015000,1.27,1.55,1.4100000000000001,1.26,0.0,0.0,0.0,11.0,0.8274,-0.1425,0.016,0.0389,-0.0078,-0.023,1.3847,0.0,0.0,0.0,1.31000000238419,no_change,2026-08-31T12:00:20,57.0,1452.0
BMNR,2027-03-19,198,Call,16.0,BMNR270319C00016000,8.8,9.8,9.3,11.5,0.0,0.0,0.0,2.0,0.7879,0.8329,0.0177,0.043,-0.007,0.0551,9.4106,0.0,0.0,0.0,9.80000019073486,no_change,2026-08-27T10:00:25,495.0,403.0
BMNR,2027-03-19,198,Put,16.0,BMNR270319P00016000,1.39,1.88,1.6349999999999998,1.55,0.0,0.0,0.0,29.0,0.8014,-0.1671,0.0179,0.0432,-0.0086,-0.027,1.6885,0.0,0.0,0.0,1.67500001192093,up,2026-09-01T09:35:34,1725.0,1815.0
BMNR,2027-03-19,198,Call,17.0,BMNR270319C00017000,8.05,9.2,8.625,11.71,0.0,0.0,0.0,5.0,0.7763,0.8072,0.0195,0.047,-0.008,0.0553,8.7739,0.0,0.0,0.0,9.17500019073486,up,2026-08-27T12:32:10,1251.0,876.0
BMNR,2027-03-19,198,Put,17.0,BMNR270319P00017000,1.75,2.23,1.99,1.87,0.0,0.0,0.0,2.0,0.7995,-0.1932,0.0198,0.0473,-0.0094,-0.0313,2.0307,0.0,0.0,0.0,1.96000003814697,up,2026-08-28T11:40:24,1690.0,1694.0
BMNR,2027-03-19,198,Call,18.0,BMNR270319C00018000,7.7,8.55,8.125,8.82,0.0,0.0,0.0,6.0,0.7937,0.7805,0.0212,0.0508,-0.0088,0.0551,8.1759,0.0,0.0,0.0,8.09999990463257,down,2026-08-31T11:18:37,1129.0,787.0
BMNR,2027-03-19,198,Put,18.0,BMNR270319P00018000,2.14,2.64,2.39,2.38,0.055,2.36559,2.0,3.0,0.7993,-0.2204,0.0215,0.0511,-0.01,-0.0357,2.4125,2.39,2.39,2.38,2.32499992847443,down,2026-09-02T09:52:07,1540.0,1678.0
BMNR,2027-03-19,198,Call,19.0,BMNR270319C00019000,7.3,7.95,7.625,9.95,0.0,0.0,0.0,2.0,0.8019,0.753,0.0227,0.0543,-0.0096,0.0546,7.6162,0.0,0.0,0.0,7.57499980926514,up,2026-08-27T14:16:30,1102.0,814.0
BMNR,2027-03-19,198,Put,19.0,BMNR270319P00019000,2.7,3.0,2.85,2.96,0.195,7.05244,1.0,15.0,0.8034,-0.2484,0.0231,0.0546,-0.0107,-0.0403,2.833,2.96,2.96,2.96,2.76499998569489,up,2026-09-02T09:35:00,864.0,1400.0
BMNR,2027-03-19,198,Call,20.0,BMNR270319C00020000,6.65,7.5,7.075,7.74,0.0,0.0,0.0,10977.0,0.7945,0.7251,0.0241,0.0574,-0.0102,0.0539,7.0945,0.0,0.0,0.0,7.125,up,2026-09-01T11:47:54,2139.0,1278.0
BMNR,2027-03-19,198,Put,20.0,BMNR270319P00020000,3.15,3.6,3.375,3.25,0.0,0.0,0.0,41.0,0.8122,-0.2768,0.0246,0.0577,-0.0112,-0.0449,3.2924,0.0,0.0,0.0,3.125,up,2026-09-01T15:47:11,1244.0,1624.0
BMNR,2027-03-19,198,Call,21.0,BMNR270319C00021000,6.35,6.95,6.65,7.3,0.0,0.0,0.0,5.0,0.8031,0.697,0.0253,0.0601,-0.0109,0.0529,6.6096,0.0,0.0,0.0,6.59999990463257,down,2026-08-28T15:42:42,1291.0,1020.0
BMNR,2027-03-19,198,Put,21.0,BMNR270319P00021000,3.65,4.15,3.9000000000000004,3.95,0.275,7.48299,1.0,0.0,0.8153,-0.3053,0.0258,0.0603,-0.0117,-0.0497,3.7859,3.95,3.95,3.95,3.67499995231628,up,2026-09-02T09:39:14,1109.0,1682.0
BMNR,2027-03-19,198,Call,22.0,BMNR270319C00022000,5.75,6.5,6.125,6.7,0.0,0.0,0.0,76.0,0.79,0.669,0.0262,0.0624,-0.0114,0.0518,6.1601,0.0,0.0,0.0,6.15000009536743,no_change,2026-09-01T12:14:58,1610.0,1103.0
BMNR,2027-03-19,198,Put,22.0,BMNR270319P00022000,4.2,4.7,4.45,4.18,0.0,0.0,0.0,1.0,0.8161,-0.3342,0.0269,0.0626,-0.0121,-0.0541,4.3219,0.0,0.0,0.0,4.25000011920929,up,2026-09-01T12:51:19,315.0,1692.0
BMNR,2027-03-19,198,Call,23.0,BMNR270319C00023000,5.55,6.05,5.8,5.85,0.125,2.18341,12.0,2926.0,0.8041,0.6413,0.027,0.0643,-0.0119,0.0505,5.7445,5.56,6.05,5.56,5.72499990463257,down,2026-09-02T09:57:35,1700.0,1372.0
BMNR,2027-03-19,198,Put,23.0,BMNR270319P00023000,4.75,5.15,4.95,5.0,0.275,5.82011,1.0,1.0,0.8049,-0.3626,0.0278,0.0645,-0.0124,-0.0586,4.8893,5.0,5.0,5.0,4.72499990463257,up,2026-09-02T09:30:02,1018.0,1692.0
BMNR,2027-03-19,198,Call,24.0,BMNR270319C00024000,4.95,5.75,5.35,5.34,-0.06,-1.11111,2.0,30.0,0.7944,0.6142,0.0277,0.0658,-0.0123,0.0491,5.3607,5.3,5.34,5.3,5.39999985694885,up,2026-09-02T09:52:07,1595.0,1416.0
BMNR,2027-03-19,198,Put,24.0,BMNR270319P00024000,5.35,5.85,5.6,5.39,0.0,0.0,0.0,51.0,0.8128,-0.3904,0.0285,0.066,-0.0126,-0.0632,5.4894,0.0,0.0,0.0,5.42499995231628,up,2026-09-01T12:25:07,668.0,1561.0
BMNR,2027-03-19,198,Call,25.0,BMNR270319C00025000,5.0,5.25,5.125,5.14,0.115,2.28856,300.0,58.0,0.8146,0.5878,0.0281,0.067,-0.0126,0.0476,5.0071,5.14,5.14,5.14,5.02499985694885,no_change,2026-09-02T10:27:10,22.0,602.0
BMNR,2027-03-19,198,Put,25.0,BMNR270319P00025000,5.95,6.35,6.15,6.02,0.0,0.0,0.0,52.0,0.8014,-0.4177,0.029,0.067,-0.0128,-0.0675,6.1205,0.0,0.0,0.0,5.97499990463257,down,2026-09-01T15:07:00,1082.0,1394.0
BMNR,2027-03-19,198,Call,26.0,BMNR270319C00026000,4.3,4.95,4.625,4.65,-0.05,-1.06383,1.0,210.0,0.7901,0.5621,0.0284,0.0678,-0.0128,0.0461,4.6813,4.65,4.65,4.65,4.70000004768372,down,2026-09-02T09:56:45,2066.0,707.0
BMNR,2027-03-19,198,Put,26.0,BMNR270319P00026000,6.6,7.2,6.9,0.0,0.0,0.0,0.0,0.0,0.8161,-0.4441,0.0294,0.0678,-0.0129,-0.0716,6.7801,0.0,0.0,0.0,6.70000004768372,no_change,,951.0,1519.0
BMNR,2027-03-19,198,Call,27.0,BMNR270319C00027000,4.05,4.7,4.375,4.93,0.0,0.0,0.0,121.0,0.7993,0.5374,0.0286,0.0683,-0.013,0.0445,4.3816,0.0,0.0,0.0,4.375,down,2026-09-01T10:12:30,1838.0,1475.0
BMNR,2027-03-19,198,Put,27.0,BMNR270319P00027000,7.25,7.9,7.575,0.0,0.0,0.0,0.0,0.0,0.8162,-0.4697,0.0296,0.0682,-0.013,-0.0754,7.4667,0.0,0.0,0.0,7.375,no_change,,1082.0,1472.0
BMNR,2027-03-19,198,Call,28.0,BMNR270319C00028000,3.85,4.35,4.1,4.65,0.0,0.0,0.0,342.0,0.8016,0.5137,0.0286,0.0686,-0.0132,0.043,4.1061,0.0,0.0,0.0,4.10000002384186,up,2026-09-01T11:25:16,1938.0,1146.0
BMNR,2027-03-19,198,Put,28.0,BMNR270319P00028000,8.0,8.65,8.325,7.06,0.0,0.0,0.0,5.0,0.824,-0.4944,0.0298,0.0683,-0.013,-0.0789,8.178,0.0,0.0,0.0,8.09999990463257,down,2026-08-27T11:59:56,317.0,705.0
BMNR,2027-03-19,198,Call,29.0,BMNR270319C00029000,3.5,4.2,3.85,4.18,0.0,0.0,0.0,23.0,0.8046,0.491,0.0285,0.0686,-0.0133,0.0415,3.8524,0.0,0.0,0.0,3.85000014305115,down,2026-09-01T09:41:00,1656.0,1505.0
BMNR,2027-03-19,198,Put,29.0,BMNR270319P00029000,8.7,9.35,9.024999999999999,0.0,0.0,0.0,0.0,0.0,0.8215,-0.518,0.0298,0.0682,-0.0129,-0.0828,8.912,0.0,0.0,0.0,8.84999990463257,no_change,,405.0,651.0
BMNR,2027-03-19,198,Call,30.0,BMNR270319C00030000,3.55,3.7,3.625,4.05,0.0,0.0,0.0,251.0,0.8085,0.4693,0.0284,0.0684,-0.0133,0.04,3.6191,0.0,0.0,0.0,3.57499992847443,down,2026-09-01T10:55:35,456.0,80.0
BMNR,2027-03-19,198,Put,30.0,BMNR270319P00030000,9.45,10.05,9.75,8.65,0.0,0.0,0.0,20.0,0.8199,-0.5407,0.0297,0.0678,-0.0128,-0.0861,9.6672,0.0,0.0,0.0,9.57499980926514,down,2026-08-27T10:41:25,369.0,579.0
BMNR,2027-03-19,198,Call,31.0,BMNR270319C00031000,3.1,3.75,3.425,3.41,0.0,0.0,0.0,12.0,0.8136,0.4487,0.0281,0.0681,-0.0133,0.0385,3.4046,0.0,0.0,0.0,3.42499995231628,down,2026-09-01T15:50:25,1668.0,1614.0
BMNR,2027-03-19,198,Put,31.0,BMNR270319P00031000,10.2,10.95,10.575,9.98,0.0,0.0,0.0,1.0,0.8304,-0.5623,0.0295,0.0673,-0.0127,-0.0888,10.4418,0.0,0.0,0.0,10.375,up,2026-08-26T12:09:50,880.0,1503.0
BMNR,2027-03-19,198,Call,32.0,BMNR270319C00032000,3.05,3.5,3.275,3.14,-0.11,-3.38462,50.0,68.0,0.8238,0.4291,0.0278,0.0676,-0.0133,0.0371,3.2069,3.16,3.18,3.13,3.25,up,2026-09-02T10:00:51,1522.0,1542.0
BMNR,2027-03-19,198,Put,32.0,BMNR270319P00032000,11.0,11.6,11.3,0.0,0.0,0.0,0.0,0.0,0.8236,-0.583,0.0293,0.0667,-0.0125,-0.0918,11.2339,0.0,0.0,0.0,11.125,no_change,,787.0,1451.0
BMNR,2027-03-19,198,Call,33.0,BMNR270319C00033000,2.8,3.3,3.05,2.98,-0.02,-0.666667,50.0,121.0,0.8208,0.4105,0.0274,0.0669,-0.0132,0.0357,3.0246,2.98,2.98,2.95,3.0,up,2026-09-02T10:00:51,1729.0,1520.0
BMNR,2027-03-19,198,Put,33.0,BMNR270319P00033000,11.75,12.35,12.05,10.8,0.0,0.0,0.0,1.0,0.8182,-0.6026,0.029,0.0657,-0.0124,-0.0943,12.0422,0.0,0.0,0.0,11.9250001907349,down,2026-08-27T10:47:44,952.0,1387.0
BMNR,2027-03-19,198,Call,34.0,BMNR270319C00034000,2.55,3.05,2.8,3.11,0.0,0.0,0.0,4.0,0.8118,0.3929,0.027,0.0661,-0.0132,0.0343,2.8567,0.0,0.0,0.0,2.88499999046326,down,2026-09-01T13:12:07,1655.0,1233.0
BMNR,2027-03-19,198,Put,34.0,BMNR270319P00034000,12.55,13.4,12.975000000000001,0.0,0.0,0.0,0.0,0.0,0.8373,-0.6213,0.0287,0.0647,-0.0122,-0.0962,12.8655,0.0,0.0,0.0,12.8249998092651,no_change,,952.0,1484.0
BMNR,2027-03-19,198,Call,35.0,BMNR270319C00035000,2.43,2.82,2.625,3.0,0.0,0.0,0.0,186.0,0.8121,0.3762,0.0265,0.0653,-0.0131,0.033,2.7017,0.0,0.0,0.0,2.62000000476837,no_change,2026-09-01T11:13:31,1816.0,386.0
BMNR,2027-03-19,198,Put,35.0,BMNR270319P00035000,13.4,14.15,13.775,12.72,0.0,0.0,0.0,2.0,0.8353,-0.6391,0.0283,0.0636,-0.0119,-0.098,13.7023,0.0,0.0,0.0,13.6500000953674,up,2026-08-31T15:46:49,431.0,526.0
BMNR,2027-03-19,198,Call,36.0,BMNR270319C00036000,2.21,2.9,2.5549999999999997,3.35,0.0,0.0,0.0,10.0,0.827,0.3604,0.026,0.0644,-0.013,0.0318,2.5583,0.0,0.0,0.0,2.55999994277954,no_change,2026-08-26T14:54:05,890.0,1129.0
BMNR,2027-03-19,198,Put,36.0,BMNR270319P00036000,14.25,15.05,14.65,0.0,0.0,0.0,0.0,0.0,0.8432,-0.656,0.0279,0.0626,-0.0117,-0.1006,14.5515,0.0,0.0,0.0,14.4250001907349,no_change,,399.0,699.0
BMNR,2027-03-19,198,Call,37.0,BMNR270319C00037000,2.09,2.6,2.3449999999999998,2.29,0.0,0.0,0.0,13.0,0.8184,0.3455,0.0255,0.0634,-0.0128,0.0306,2.4257,0.0,0.0,0.0,2.39000010490417,no_change,2026-09-01T14:46:06,1645.0,1261.0
BMNR,2027-03-19,198,Put,37.0,BMNR270319P00037000,15.1,16.0,15.55,14.9,0.0,0.0,0.0,51.0,0.8536,-0.672,0.0275,0.0613,-0.0114,-0.1017,15.4118,0.0,0.0,0.0,15.2750000953674,up,2026-08-26T10:56:36,890.0,1431.0
BMNR,2027-03-19,198,Call,38.0,BMNR270319C00038000,2.1,2.46,2.2800000000000002,2.27,0.015,0.665189,11.0,319.0,0.8312,0.3314,0.025,0.0624,-0.0127,0.0294,2.3029,2.23,2.28,2.23,2.25499999523163,down,2026-09-02T10:12:40,1745.0,1453.0
BMNR,2027-03-19,198,Put,38.0,BMNR270319P00038000,15.95,16.7,16.325,0.0,0.0,0.0,0.0,0.0,0.8419,-0.6872,0.0271,0.06,-0.0112,-0.1028,16.2826,0.0,0.0,0.0,16.2499995231628,no_change,,842.0,1340.0
BMNR,2027-06-17,288,Call,13.0,BMNR270617C00013000,11.6,12.65,12.125,12.58,0.0,0.0,0.0,2.0,0.8373,0.8799,0.011,0.0404,-0.0044,0.0663,12.155,0.0,0.0,0.0,12.3249998092651,down,2026-09-01T13:17:07,1095.0,712.0
BMNR,2027-06-17,288,Put,13.0,BMNR270617P00013000,1.27,1.54,1.405,1.31,0.0,0.0,0.0,51.0,0.8387,-0.1158,0.0111,0.0406,-0.0058,-0.0291,1.4294,0.0,0.0,0.0,1.39499998092651,down,2026-09-01T09:58:25,402.0,1537.0
BMNR,2027-06-17,288,Call,15.0,BMNR270617C00015000,10.3,11.35,10.825,11.1,0.0,0.0,0.0,16.0,0.8243,0.84,0.0137,0.0495,-0.0058,0.0695,10.8568,0.0,0.0,0.0,10.9250001907349,down,2026-09-01T13:49:08,1184.0,774.0
BMNR,2027-06-17,288,Put,15.0,BMNR270617P00015000,1.91,2.21,2.06,1.98,0.0,0.0,0.0,5.0,0.829,-0.1564,0.0139,0.0499,-0.007,-0.0394,2.0687,0.0,0.0,0.0,1.99500006437302,no_change,2026-09-01T13:17:15,207.0,1535.0
BMNR,2027-06-17,288,Call,18.0,BMNR270617C00018000,8.7,9.6,9.149999999999999,9.4,0.0,0.0,0.0,24.0,0.816,0.7748,0.0173,0.0615,-0.0076,0.071,9.1642,0.0,0.0,0.0,9.25,up,2026-09-01T13:23:32,1276.0,715.0
BMNR,2027-06-17,288,Put,18.0,BMNR270617P00018000,3.1,3.5,3.3,2.98,0.0,0.0,0.0,37.0,0.8204,-0.2231,0.0177,0.062,-0.0086,-0.0566,3.2869,0.0,0.0,0.0,3.27499997615814,no_change,2026-09-01T13:07:43,923.0,1733.0
BMNR,2027-06-17,288,Call,20.0,BMNR270617C00020000,7.75,8.7,8.225,8.19,0.0,0.0,0.0,322.0,0.8181,0.7298,0.0192,0.068,-0.0086,0.0704,8.1983,0.0,0.0,0.0,8.25000023841858,down,2026-09-01T15:14:44,2403.0,1452.0
BMNR,2027-06-17,288,Put,20.0,BMNR270617P00020000,4.1,4.55,4.324999999999999,4.25,0.025,0.591713,20.0,5.0,0.8228,-0.2693,0.0198,0.0685,-0.0094,-0.0686,4.2654,4.25,4.25,4.25,4.22500014305115,no_change,2026-09-02T09:30:01,178.0,1610.0
BMNR,2027-06-17,288,Call,23.0,BMNR270617C00023000,6.55,7.4,6.975,7.28,0.0,0.0,0.0,12.0,0.8132,0.6636,0.0213,0.0753,-0.0098,0.0678,6.9692,0.0,0.0,0.0,7.07499980926514,down,2026-09-01T13:17:07,1603.0,1108.0
BMNR,2027-06-17,288,Put,23.0,BMNR270617P00023000,5.7,6.25,5.975,5.45,0.0,0.0,0.0,64.0,0.8146,-0.3378,0.0221,0.0757,-0.0103,-0.0861,5.9591,0.0,0.0,0.0,5.79999995231628,up,2026-09-01T09:59:14,1229.0,1576.0
BMNR,2027-06-17,288,Call,25.0,BMNR270617C00025000,6.25,6.8,6.525,6.1,-0.175,-2.78885,3.0,54.0,0.8449,0.6214,0.0222,0.0785,-0.0103,0.0654,6.2793,6.1,6.1,6.1,6.27500009536743,down,2026-09-02T10:11:47,322.0,1695.0
BMNR,2027-06-17,288,Put,25.0,BMNR270617P00025000,6.95,7.55,7.25,6.8,0.0,0.0,0.0,17.0,0.8171,-0.3817,0.0231,0.0788,-0.0107,-0.0971,7.2222,0.0,0.0,0.0,7.07499980926514,up,2026-09-01T09:33:20,958.0,1376.0
BMNR,2027-06-17,288,Call,27.0,BMNR270617C00027000,5.45,6.1,5.775,5.74,-0.01,-0.173913,1.0,70.0,0.8279,0.5815,0.0227,0.0807,-0.0107,0.0628,5.6786,5.74,5.74,5.74,5.75,up,2026-09-02T09:49:34,1569.0,1442.0
BMNR,2027-06-17,288,Put,27.0,BMNR270617P00027000,8.35,8.9,8.625,8.22,0.0,0.0,0.0,2.0,0.8218,-0.4235,0.0238,0.0808,-0.0109,-0.1075,8.5774,0.0,0.0,0.0,8.52499961853027,up,2026-09-01T12:41:43,110.0,944.0
BMNR,2027-06-17,288,Call,30.0,BMNR270617C00030000,4.65,5.25,4.95,4.85,0.0,0.0,0.0,277.0,0.8249,0.5266,0.023,0.0823,-0.0111,0.0585,4.92,0.0,0.0,0.0,4.95000004768372,down,2026-09-01T14:41:21,1762.0,1074.0
BMNR,2027-06-17,288,Put,30.0,BMNR270617P00030000,10.45,11.15,10.8,10.58,0.0,0.0,0.0,17.0,0.8263,-0.4814,0.0244,0.082,-0.0111,-0.1215,10.7592,0.0,0.0,0.0,10.5999999046326,up,2026-09-01T15:53:17,793.0,1395.0
BMNR,2027-06-17,288,Call,32.0,BMNR270617C00032000,4.1,4.8,4.449999999999999,5.28,0.0,0.0,0.0,72.0,0.8204,0.4934,0.0229,0.0825,-0.0113,0.0556,4.4938,0.0,0.0,0.0,4.54999995231628,up,2026-08-31T15:12:20,1727.0,968.0
BMNR,2027-06-17,288,Put,32.0,BMNR270617P00032000,11.95,12.75,12.35,0.0,0.0,0.0,0.0,0.0,0.8321,-0.5168,0.0245,0.0818,-0.0111,-0.1298,12.2975,0.0,0.0,0.0,12.125,no_change,,793.0,1394.0
BMNR,2027-06-17,288,Call,35.0,BMNR270617C00035000,3.55,4.25,3.9,4.15,0.125,3.10559,1.0,83.0,0.8268,0.4485,0.0225,0.0819,-0.0114,0.0516,3.952,4.15,4.15,4.15,4.02499985694885,down,2026-09-02T09:41:05,1915.0,1257.0
BMNR,2027-06-17,288,Put,35.0,BMNR270617P00035000,14.35,15.15,14.75,14.32,0.0,0.0,0.0,11.0,0.8384,-0.5651,0.0244,0.0806,-0.0109,-0.1406,14.7075,0.0,0.0,0.0,14.5,up,2026-09-01T13:38:20,606.0,1322.0
BMNR,2027-06-17,288,Call,37.0,BMNR270617C00037000,3.3,3.9,3.5999999999999996,3.45,-0.125,-3.4965,10.0,286.0,0.8329,0.4217,0.0222,0.081,-0.0113,0.049,3.6449,3.5,3.5,3.45,3.57499992847443,down,2026-09-02T09:35:03,2070.0,1305.0
BMNR,2027-06-17,288,Put,37.0,BMNR270617P00037000,16.0,16.8,16.4,15.8,0.0,0.0,0.0,5.0,0.842,-0.5943,0.0242,0.0791,-0.0108,-0.1462,16.3722,0.0,0.0,0.0,16.1749997138977,up,2026-09-01T12:14:24,713.0,1225.0
BMNR,2027-09-17,380,Call,13.0,BMNR270917C00013000,12.2,13.25,12.725,12.8,0.0,0.0,0.0,3.0,0.8305,0.8753,0.01,0.0484,-0.0039,0.0799,12.7968,0.0,0.0,0.0,12.9499998092651,down,2026-09-01T15:24:03,1126.0,711.0
BMNR,2027-09-17,380,Put,13.0,BMNR270917P00013000,1.73,2.02,1.875,1.74,0.0,0.0,0.0,1.0,0.8393,-0.1237,0.0102,0.0489,-0.0053,-0.0433,1.9047,0.0,0.0,0.0,1.76999998092651,up,2026-09-01T10:16:03,668.0,1408.0
BMNR,2027-09-17,380,Call,15.0,BMNR270917C00015000,11.05,12.3,11.675,0.0,0.0,0.0,0.0,0.0,0.8443,0.8392,0.012,0.0576,-0.005,0.0834,11.6208,0.0,0.0,0.0,11.9750003814697,no_change,,527.0,546.0
BMNR,2027-09-17,380,Put,15.0,BMNR270917P00015000,2.48,2.79,2.635,2.44,0.0,0.0,0.0,4.0,0.833,-0.1607,0.0124,0.0583,-0.0062,-0.0566,2.6463,0.0,0.0,0.0,2.54999995231628,up,2026-09-01T10:46:13,232.0,1453.0
BMNR,2027-09-17,380,Call,18.0,BMNR270917C00018000,9.6,10.7,10.149999999999999,10.58,0.0,0.0,0.0,2.0,0.835,0.7824,0.0147,0.0697,-0.0064,0.0855,10.0837,0.0,0.0,0.0,10.2000002861023,down,2026-09-01T11:16:42,1103.0,1081.0
BMNR,2027-09-17,380,Put,18.0,BMNR270917P00018000,3.8,4.2,4.0,3.82,0.0,0.0,0.0,61.0,0.8263,-0.2194,0.0153,0.0705,-0.0074,-0.0775,3.9944,0.0,0.0,0.0,3.875,up,2026-09-01T11:01:13,293.0,1584.0
BMNR,2027-09-17,380,Call,20.0,BMNR270917C00020000,9.0,9.55,9.275,9.4,0.2,2.17391,9.0,33.0,0.8323,0.7443,0.0162,0.0763,-0.0072,0.0854,9.1985,9.05,9.4,8.95,9.2000002861023,up,2026-09-02T10:18:39,1112.0,576.0
BMNR,2027-09-17,380,Put,20.0,BMNR270917P00020000,4.8,5.3,5.05,4.8,0.0,0.0,0.0,5.0,0.8239,-0.2591,0.0169,0.0771,-0.0081,-0.0921,5.0376,0.0,0.0,0.0,4.97500014305115,up,2026-09-01T15:17:35,1039.0,1211.0
BMNR,2027-09-17,380,Call,23.0,BMNR270917C00023000,7.65,8.45,8.05,8.03,0.03,0.375,11.0,129.0,0.8201,0.6886,0.0178,0.084,-0.0082,0.0836,8.0546,7.88,8.03,7.88,8.0,up,2026-09-02T10:00:03,1798.0,842.0
BMNR,2027-09-17,380,Put,23.0,BMNR270917P00023000,6.55,7.1,6.824999999999999,6.88,0.155,2.30483,1.0,71.0,0.8243,-0.3176,0.0188,0.0847,-0.0088,-0.1128,6.7941,6.88,6.88,6.88,6.72500014305115,up,2026-09-02T09:30:31,992.0,1517.0
BMNR,2027-09-17,380,Call,25.0,BMNR270917C00025000,6.95,7.8,7.375,7.15,0.0,0.0,0.0,155.0,0.8184,0.6531,0.0186,0.0878,-0.0087,0.0817,7.3996,0.0,0.0,0.0,7.40000009536743,down,2026-09-01T14:36:59,1668.0,942.0
BMNR,2027-09-17,380,Put,25.0,BMNR270917P00025000,7.8,8.4,8.1,8.0,0.0,0.0,0.0,18.0,0.8237,-0.355,0.0198,0.0883,-0.0092,-0.1259,8.0778,0.0,0.0,0.0,7.90000009536743,up,2026-09-01T14:38:36,988.0,1317.0
BMNR,2027-09-17,380,Call,27.0,BMNR270917C00027000,6.4,7.25,6.825,7.1,0.0,0.0,0.0,27.0,0.8233,0.6194,0.0192,0.0906,-0.0091,0.0796,6.8194,0.0,0.0,0.0,6.82499980926514,down,2026-09-01T13:01:28,1385.0,1106.0
BMNR,2027-09-17,380,Put,27.0,BMNR270917P00027000,9.1,9.75,9.425,0.0,0.0,0.0,0.0,0.0,0.8211,-0.3909,0.0205,0.0909,-0.0094,-0.1388,9.4399,0.0,0.0,0.0,9.27500009536743,no_change,,912.0,1288.0
BMNR,2027-09-17,380,Call,30.0,BMNR270917C00030000,5.75,6.5,6.125,6.08,0.08,1.33333,60.0,40.0,0.8322,0.5725,0.0197,0.0933,-0.0095,0.0758,6.069,6.08,6.08,6.08,6.0,no_change,2026-09-02T09:50:02,1516.0,1279.0
BMNR,2027-09-17,380,Put,30.0,BMNR270917P00030000,11.3,12.0,11.65,0.0,0.0,0.0,0.0,0.0,0.8298,-0.4416,0.0213,0.0931,-0.0096,-0.1554,11.6162,0.0,0.0,0.0,11.4250001907349,no_change,,168.0,1319.0
BMNR,2027-09-17,380,Call,32.0,BMNR270917C00032000,5.25,5.9,5.575,7.65,0.0,0.0,0.0,7.0,0.8226,0.5437,0.0198,0.0944,-0.0097,0.0733,5.637,0.0,0.0,0.0,5.625,up,2026-08-27T12:11:25,1380.0,288.0
BMNR,2027-09-17,380,Put,32.0,BMNR270917P00032000,12.75,13.5,13.125,12.3,0.0,0.0,0.0,3.0,0.828,-0.4729,0.0216,0.0937,-0.0097,-0.1657,13.1362,0.0,0.0,0.0,12.9250001907349,down,2026-08-31T15:50:06,885.0,1295.0
BMNR,2027-09-17,380,Call,35.0,BMNR270917C00035000,4.65,5.45,5.050000000000001,5.28,0.0,0.0,0.0,106.0,0.8317,0.504,0.0198,0.0949,-0.0099,0.0693,5.0747,0.0,0.0,0.0,5.04999995231628,no_change,2026-09-01T12:36:17,1743.0,1311.0
BMNR,2027-09-17,380,Put,35.0,BMNR270917P00035000,15.15,15.95,15.55,0.0,0.0,0.0,0.0,0.0,0.8386,-0.5165,0.0219,0.0934,-0.0097,-0.1789,15.51,0.0,0.0,0.0,15.3999996185303,no_change,,206.0,536.0
BMNR,2027-09-17,380,Call,37.0,BMNR270917C00037000,4.55,5.05,4.8,4.77,0.0,0.0,0.0,156.0,0.8435,0.4799,0.0197,0.0948,-0.0099,0.0669,4.7484,0.0,0.0,0.0,4.72499990463257,down,2026-09-01T15:41:57,1187.0,844.0
BMNR,2027-09-17,380,Put,37.0,BMNR270917P00037000,16.75,17.5,17.125,0.0,0.0,0.0,0.0,0.0,0.8359,-0.5434,0.022,0.0929,-0.0097,-0.1878,17.1444,0.0,0.0,0.0,16.9249992370605,no_change,,274.0,477.0
BMNR,2028-01-21,506,Call,3.0,BMNR280121C00003000,19.6,21.8,20.700000000000003,22.06,0.0,0.0,0.0,80.0,0.8133,0.9968,0.0008,0.0059,0.0,0.0354,20.7691,0.0,0.0,0.0,21.1750001907349,no_change,2026-08-31T12:51:54,283.0,312.0
BMNR,2028-01-21,506,Put,3.0,BMNR280121P00003000,0.04,0.2,0.12000000000000001,0.13,0.005,4.0,50.0,461.0,1.0013,-0.0078,0.0008,0.006,-0.0006,-0.0037,0.1024,0.13,0.13,0.13,0.125000001862645,down,2026-09-02T09:30:12,1256.0,1310.0
BMNR,2028-01-21,506,Call,5.0,BMNR280121C00005000,18.7,19.35,19.025,19.69,0.0,0.0,0.0,539.0,0.8637,0.9832,0.002,0.0142,0.0,0.0543,19.0971,0.0,0.0,0.0,18.4750003814697,no_change,2026-09-01T09:44:50,1392.0,869.0
BMNR,2028-01-21,506,Put,5.0,BMNR280121P00005000,0.23,0.42,0.325,0.35,0.0,0.0,0.0,1855.0,0.9302,-0.0215,0.002,0.0143,-0.0013,-0.0104,0.3081,0.0,0.0,0.0,0.329999998211861,no_change,2026-08-26T11:34:37,1473.0,1230.0
BMNR,2028-01-21,506,Call,10.0,BMNR280121C00010000,15.0,15.8,15.4,15.05,-0.425,-2.74636,13.0,9829.0,0.8396,0.9257,0.0062,0.0408,-0.0016,0.0858,15.4773,15.05,15.05,15.05,15.4749999046326,no_change,2026-09-02T09:39:03,1946.0,1000.0
BMNR,2028-01-21,506,Put,10.0,BMNR280121P00010000,1.27,1.52,1.395,1.4,0.0,0.0,0.0,5225.0,0.8588,-0.0805,0.0064,0.0414,-0.0034,-0.0397,1.3947,0.0,0.0,0.0,1.33500003814697,up,2026-08-31T10:46:53,1343.0,1089.0
BMNR,2028-01-21,506,Call,13.0,BMNR280121C00013000,13.2,14.0,13.6,14.05,0.0,0.0,0.0,1496.0,0.8275,0.881,0.0088,0.0566,-0.0031,0.096,13.6876,0.0,0.0,0.0,13.8499999046326,up,2026-09-01T12:42:26,1803.0,883.0
BMNR,2028-01-21,506,Put,13.0,BMNR280121P00013000,2.34,2.59,2.465,2.28,0.0,0.0,0.0,1922.0,0.8473,-0.1269,0.0091,0.0574,-0.0046,-0.0631,2.4407,0.0,0.0,0.0,2.44500005245209,down,2026-08-31T15:55:03,721.0,1219.0
BMNR,2028-01-21,506,Call,15.0,BMNR280121C00015000,12.25,12.9,12.575,12.59,0.015,0.119282,10.0,6940.0,0.8266,0.8493,0.0103,0.0661,-0.004,0.1002,12.64,12.23,12.59,12.23,12.5750002861023,no_change,2026-09-02T09:56:08,1454.0,733.0
BMNR,2028-01-21,506,Put,15.0,BMNR280121P00015000,3.2,3.35,3.2750000000000004,3.27,0.0,0.0,0.0,13344.0,0.8344,-0.16,0.0108,0.0671,-0.0053,-0.0801,3.2892,0.0,0.0,0.0,3.27500009536743,up,2026-09-01T15:45:24,157.0,259.0
BMNR,2028-01-21,506,Call,18.0,BMNR280121C00018000,10.95,11.55,11.25,11.21,0.085,0.764045,3.0,3511.0,0.8288,0.8009,0.0123,0.0783,-0.0051,0.1035,11.263,10.6,11.21,10.6,11.125,up,2026-09-02T10:07:28,1175.0,862.0
BMNR,2028-01-21,506,Put,18.0,BMNR280121P00018000,4.6,5.0,4.8,4.59,0.0,0.0,0.0,1737.0,0.8348,-0.2108,0.013,0.0795,-0.0063,-0.106,4.7656,0.0,0.0,0.0,4.67499995231628,no_change,2026-09-01T10:34:44,1085.0,1493.0
BMNR,2028-01-21,506,Call,20.0,BMNR280121C00020000,10.2,10.7,10.45,10.5,0.025,0.23866,463.0,19940.0,0.8271,0.7691,0.0134,0.0851,-0.0058,0.1042,10.4602,10.38,10.5,10.2,10.4750003814697,up,2026-09-02T10:24:14,1057.0,619.0
BMNR,2028-01-21,506,Put,20.0,BMNR280121P00020000,5.75,6.0,5.875,5.91,0.11,1.89655,500.0,10727.0,0.8287,-0.2447,0.0143,0.0863,-0.0068,-0.123,5.8711,5.9,5.91,5.9,5.79999995231628,no_change,2026-09-02T09:31:39,319.0,1086.0
BMNR,2028-01-21,506,Call,23.0,BMNR280121C00023000,9.25,9.65,9.45,9.45,0.1,1.06952,11.0,2753.0,0.8317,0.7228,0.0148,0.0934,-0.0066,0.1037,9.4048,9.34,9.45,9.34,9.34999990463257,up,2026-09-02T10:17:03,604.0,789.0
BMNR,2028-01-21,506,Put,23.0,BMNR280121P00023000,7.5,7.85,7.675,7.9,0.275,3.60656,2.0,3076.0,0.8255,-0.2944,0.0159,0.0944,-0.0074,-0.1474,7.6879,7.9,7.9,7.9,7.625,up,2026-09-02T10:06:50,1152.0,1266.0
BMNR,2028-01-21,506,Call,25.0,BMNR280121C00025000,8.6,9.0,8.8,8.86,0.06,0.681821,17.0,12295.0,0.8281,0.6933,0.0155,0.0978,-0.007,0.1026,8.7874,8.5,8.86,8.49,8.7999997138977,up,2026-09-02T09:46:15,861.0,683.0
BMNR,2028-01-21,506,Put,25.0,BMNR280121P00025000,8.8,9.1,8.95,9.05,0.125,1.40056,3.0,6142.0,0.8226,-0.3263,0.0168,0.0985,-0.0077,-0.1637,8.9915,9.05,9.05,9.05,8.92500019073486,no_change,2026-09-02T09:40:01,1015.0,899.0
BMNR,2028-01-21,506,Call,28.0,BMNR280121C00028000,7.5,8.2,7.85,7.72,-0.205,-2.58675,3.0,6035.0,0.8158,0.6515,0.0162,0.1028,-0.0075,0.1003,7.9724,7.71,7.72,7.71,7.92500019073486,up,2026-09-02T09:39:39,1664.0,765.0
BMNR,2028-01-21,506,Put,28.0,BMNR280121P00028000,10.9,11.2,11.05,10.67,0.0,0.0,0.0,4887.0,0.8261,-0.3721,0.0179,0.103,-0.008,-0.1856,11.0671,0.0,0.0,0.0,10.9250001907349,up,2026-08-28T12:00:22,523.0,979.0
BMNR,2028-01-21,506,Call,30.0,BMNR280121C00030000,7.45,7.75,7.6,7.35,-0.075,-1.0101,3.0,15561.0,0.839,0.6253,0.0166,0.1052,-0.0078,0.0983,7.4927,7.25,7.35,7.25,7.42499995231628,up,2026-09-02T10:03:39,107.0,958.0
BMNR,2028-01-21,506,Put,30.0,BMNR280121P00030000,12.3,12.7,12.5,12.41,0.0,0.0,0.0,7016.0,0.8269,-0.4011,0.0185,0.1051,-0.0081,-0.1989,12.5202,0.0,0.0,0.0,12.4249997138977,up,2026-08-28T15:56:53,935.0,1057.0
BMNR,2028-01-21,506,Call,33.0,BMNR280121C00033000,6.4,7.1,6.75,6.8,0.0,0.0,0.0,1892.0,0.8213,0.5886,0.017,0.1079,-0.0081,0.0952,6.8553,0.0,0.0,0.0,6.82500004768372,down,2026-09-01T15:47:06,1630.0,912.0
BMNR,2028-01-21,506,Put,33.0,BMNR280121P00033000,14.55,15.25,14.9,14.1,0.0,0.0,0.0,614.0,0.8413,-0.4423,0.0192,0.1069,-0.0083,-0.2165,14.7906,0.0,0.0,0.0,14.625,down,2026-08-28T11:19:38,860.0,1250.0
BMNR,2028-01-21,506,Call,35.0,BMNR280121C00035000,6.3,6.7,6.5,6.25,-0.175,-2.72373,1.0,4029.0,0.8348,0.5658,0.0171,0.109,-0.0082,0.0929,6.4773,6.25,6.25,6.25,6.42499995231628,down,2026-09-02T09:31:14,927.0,824.0
BMNR,2028-01-21,506,Put,35.0,BMNR280121P00035000,16.1,16.65,16.375,16.2,0.0,0.0,0.0,1808.0,0.8345,-0.4682,0.0196,0.1074,-0.0084,-0.2272,16.3562,0.0,0.0,0.0,16.1749997138977,up,2026-09-01T09:41:58,1010.0,1182.0
BMNR,2028-01-21,506,Call,38.0,BMNR280121C00038000,5.45,6.2,5.825,5.88,0.0,0.0,0.0,1254.0,0.8223,0.5339,0.0172,0.11,-0.0084,0.0894,5.9714,0.0,0.0,0.0,5.875,no_change,2026-09-01T14:52:39,1783.0,924.0
BMNR,2028-01-21,506,Put,38.0,BMNR280121P00038000,18.55,19.3,18.925,18.2,0.0,0.0,0.0,564.0,0.8498,-0.505,0.02,0.1073,-0.0084,-0.2421,18.7736,0.0,0.0,0.0,18.625,up,2026-08-31T15:23:11,659.0,1359.0
BMNR,2028-01-21,506,Call,40.0,BMNR280121C00040000,5.6,5.9,5.75,5.58,-0.045,-0.8,113.0,16174.0,0.845,0.5141,0.0172,0.1103,-0.0085,0.0873,5.6694,5.5,5.67,5.45,5.625,no_change,2026-09-02T10:02:24,114.0,1012.0
BMNR,2028-01-21,506,Put,40.0,BMNR280121P00040000,20.15,20.5,20.325,20.05,0.0,0.0,0.0,3995.0,0.8283,-0.5281,0.0202,0.1066,-0.0083,-0.2507,20.4256,0.0,0.0,0.0,20.375,up,2026-09-01T11:04:25,916.0,636.0
BMNR,2028-01-21,506,Call,43.0,BMNR280121C00043000,4.9,5.5,5.2,5.1,-0.125,-2.39234,1.0,3040.0,0.8354,0.4866,0.0171,0.1102,-0.0086,0.0839,5.2617,5.1,5.1,5.1,5.22499990463257,down,2026-09-02T09:32:30,1542.0,1063.0
BMNR,2028-01-21,506,Put,43.0,BMNR280121P00043000,22.7,23.4,23.049999999999997,22.24,0.0,0.0,0.0,399.0,0.85,-0.5608,0.0205,0.1052,-0.0083,-0.2607,22.9551,0.0,0.0,0.0,22.8249998092651,up,2026-08-25T11:11:32,750.0,1105.0
BMNR,2028-01-21,506,Call,45.0,BMNR280121C00045000,4.85,5.2,5.025,5.0,0.025,0.502514,25.0,4480.0,0.844,0.4695,0.017,0.1099,-0.0086,0.0816,5.0169,5.0,5.0,5.0,4.97499990463257,up,2026-09-02T09:46:45,938.0,894.0
BMNR,2028-01-21,506,Put,45.0,BMNR280121P00045000,24.4,24.8,24.6,24.55,0.0,0.0,0.0,900.0,0.8362,-0.5814,0.0207,0.1036,-0.0082,-0.2645,24.6729,0.0,0.0,0.0,24.5249996185303,up,2026-08-28T12:25:19,896.0,679.0
BMNR,2028-01-21,506,Call,47.0,BMNR280121C00047000,4.3,5.05,4.675,4.75,0.0,0.0,0.0,672.0,0.8349,0.4533,0.0169,0.1094,-0.0086,0.0796,4.7908,0.0,0.0,0.0,4.875,down,2026-09-01T14:08:45,1883.0,1069.0
BMNR,2028-01-21,506,Put,47.0,BMNR280121P00047000,26.15,27.0,26.575,25.9,0.0,0.0,0.0,355.0,0.8614,-0.6012,0.0208,0.1017,-0.0081,-0.2671,26.4133,0.0,0.0,0.0,26.0250005722046,down,2026-08-25T15:00:37,766.0,1435.0
BMNR,2028-01-21,506,Call,50.0,BMNR280121C00050000,4.4,4.65,4.525,4.5,0.05,1.12359,53.0,15346.0,0.8529,0.4308,0.0167,0.1085,-0.0086,0.0765,4.4825,4.34,4.5,4.3,4.45000004768372,up,2026-09-02T10:25:05,319.0,918.0
BMNR,2028-01-21,506,Put,50.0,BMNR280121P00050000,28.85,29.25,29.05,28.56,0.0,0.0,0.0,3865.0,0.848,-0.6291,0.0209,0.0993,-0.008,-0.273,29.0599,0.0,0.0,0.0,29.0500001907349,down,2026-08-31T11:52:55,611.0,805.0
BMNR,2028-01-21,506,Call,55.0,BMNR280121C00055000,3.95,4.2,4.075,3.94,-0.035,-0.880501,6.0,3462.0,0.8582,0.3972,0.0163,0.1063,-0.0085,0.0716,4.0395,4.22,4.22,3.94,3.97499990463257,down,2026-09-02T09:31:36,339.0,859.0
BMNR,2028-01-21,506,Put,55.0,BMNR280121P00055000,33.3,33.8,33.55,33.1,0.0,0.0,0.0,1480.0,0.854,-0.6722,0.0211,0.0935,-0.0077,-0.2765,33.5577,0.0,0.0,0.0,33.3249988555908,down,2026-08-31T11:30:42,686.0,781.0
BMNR,2028-01-21,506,Call,60.0,BMNR280121C00060000,3.55,3.8,3.675,3.64,0.015,0.413793,13.0,9803.0,0.8614,0.3679,0.0158,0.1039,-0.0084,0.0673,3.6675,3.84,3.84,3.64,3.625,down,2026-09-02T10:12:44,725.0,710.0
BMNR,2028-01-21,506,Put,60.0,BMNR280121P00060000,37.85,38.3,38.075,36.99,0.0,0.0,0.0,2055.0,0.8527,-0.711,0.0212,0.0881,-0.0074,-0.276,38.1439,0.0,0.0,0.0,38.125,down,2026-08-25T11:00:12,820.0,478.0
BMNR,2028-01-21,506,Call,65.0,BMNR280121C00065000,3.2,3.5,3.35,3.35,0.05,1.51515,5.0,4003.0,0.8662,0.3421,0.0153,0.1012,-0.0083,0.0632,3.352,2.89,3.35,2.89,3.30000007152557,up,2026-09-02T10:21:54,877.0,933.0
BMNR,2028-01-21,506,Put,65.0,BMNR280121P00065000,42.45,43.35,42.900000000000006,41.99,0.0,0.0,0.0,349.0,0.8783,-0.747,0.0214,0.0811,-0.0071,-0.2702,42.8034,0.0,0.0,0.0,42.4749984741211,down,2026-08-26T13:18:54,1028.0,1122.0
BMNR,2028-01-21,506,Call,70.0,BMNR280121C00070000,2.75,3.3,3.025,3.0,0.0,0.0,0.0,3255.0,0.8663,0.3194,0.0148,0.0984,-0.0081,0.0596,3.0819,0.0,0.0,0.0,3.10000002384186,no_change,2026-09-01T15:13:21,1688.0,1054.0
BMNR,2028-01-21,506,Put,70.0,BMNR280121P00070000,47.15,48.35,47.75,47.27,0.0,0.0,0.0,26.0,0.9022,-0.7792,0.0214,0.073,-0.0066,-0.2561,47.5238,0.0,0.0,0.0,47.5750007629394,up,2026-09-01T12:53:53,596.0,1110.0
BMNR,2028-01-21,506,Call,75.0,BMNR280121C00075000,2.64,2.96,2.8,2.84,0.105,3.83912,5.0,3413.0,0.8725,0.2993,0.0142,0.0956,-0.0079,0.0564,2.8482,3.05,3.05,2.84,2.73500001430511,down,2026-09-02T10:07:01,1369.0,653.0
BMNR,2028-01-21,506,Put,75.0,BMNR280121P00075000,51.9,53.1,52.5,61.2,0.0,0.0,0.0,0.0,0.9079,-0.8095,0.0216,0.0667,-0.0062,-0.2412,52.2908,0.0,0.0,0.0,52.0,down,2026-06-29T09:35:20,584.0,1119.0
BMNR,2028-01-21,506,Call,80.0,BMNR280121C00080000,2.35,2.79,2.5700000000000003,2.7,0.06,2.27272,8.0,6621.0,0.8748,0.2814,0.0137,0.0928,-0.0078,0.0533,2.6449,2.62,2.7,2.62,2.64000010490417,up,2026-09-02T09:59:35,1629.0,805.0
BMNR,2028-01-21,506,Put,80.0,BMNR280121P00080000,56.75,57.4,57.075,56.29,0.0,0.0,0.0,58.0,0.8772,-0.8375,0.0213,0.0582,-0.006,-0.2228,57.1073,0.0,0.0,0.0,56.8000011444092,no_change,2026-08-28T14:43:02,599.0,588.0
BMNR,2028-01-21,506,Call,85.0,BMNR280121C00085000,2.05,2.83,2.44,2.78,0.0,0.0,0.0,4764.0,0.8852,0.2653,0.0133,0.0901,-0.0076,0.0506,2.4666,0.0,0.0,0.0,2.57000005245209,down,2026-08-28T13:50:18,2121.0,1612.0
BMNR,2028-01-21,506,Put,85.0,BMNR280121P00085000,61.65,62.3,61.974999999999994,69.85,0.0,0.0,0.0,0.0,0.8921,-0.8633,0.0214,0.0517,-0.0056,-0.2038,61.9551,0.0,0.0,0.0,61.6499996185303,no_change,2026-06-23T11:06:00,336.0,600.0
BMNR,2028-01-21,506,Call,90.0,BMNR280121C00090000,2.09,2.6,2.3449999999999998,2.45,0.125,5.37634,5.0,14009.0,0.8973,0.2509,0.0128,0.0876,-0.0074,0.0481,2.3089,2.45,2.45,2.45,2.32500004768372,up,2026-09-02T09:39:16,1391.0,1248.0
BMNR,2028-01-21,506,Put,90.0,BMNR280121P00090000,66.5,67.1,66.8,66.01,0.0,0.0,0.0,20.0,0.8842,-0.8892,0.022,0.0433,-0.0057,-0.1737,66.8362,0.0,0.0,0.0,66.5749969482422,no_change,2026-08-28T14:43:02,420.0,505.0
BMNR,2028-01-21,506,Call,95.0,BMNR280121C00095000,2.0,2.31,2.1550000000000002,2.09,-0.035,-1.64706,17.0,33927.0,0.8964,0.2379,0.0124,0.085,-0.0072,0.0458,2.1688,2.2,2.2,2.09,2.125,down,2026-09-02T10:03:39,1211.0,963.0
BMNR,2028-01-21,506,Put,95.0,BMNR280121P00095000,71.4,72.55,71.975,70.25,0.0,0.0,0.0,13.0,0.9536,-0.912,0.0221,0.0342,-0.0051,-0.1344,71.7431,0.0,0.0,0.0,71.5499992370606,up,2026-08-31T14:38:05,58.0,346.0
BMNR,2028-06-16,653,Call,3.0,BMNR280616C00003000,20.25,21.5,20.875,21.72,0.0,0.0,0.0,394.0,1.0322,0.99,0.001,0.0092,0.0,0.0415,20.8236,0.0,0.0,0.0,21.1999998092651,down,2026-09-01T10:01:54,1605.0,1270.0
BMNR,2028-06-16,653,Put,3.0,BMNR280616P00003000,0.11,0.3,0.205,0.22,0.0,0.0,0.0,63.0,0.9907,-0.0112,0.001,0.0093,-0.0007,-0.0076,0.1944,0.0,0.0,0.0,0.200000002980232,up,2026-08-31T09:59:45,692.0,937.0
BMNR,2028-06-16,653,Call,5.0,BMNR280616C00005000,18.8,19.75,19.275,19.37,0.0,0.0,0.0,491.0,0.919,0.9745,0.0021,0.0194,0.0,0.0625,19.2888,0.0,0.0,0.0,19.3000001907349,no_change,2026-09-01T13:54:51,1993.0,1166.0
BMNR,2028-06-16,653,Put,5.0,BMNR280616P00005000,0.41,0.59,0.5,0.51,0.0,0.0,0.0,104.0,0.9242,-0.0271,0.0022,0.0197,-0.0013,-0.0184,0.5042,0.0,0.0,0.0,0.554999992251396,up,2026-09-01T14:32:16,1175.0,1011.0
BMNR,2028-06-16,653,Call,10.0,BMNR280616C00010000,15.5,16.5,16.0,15.75,-0.275,-1.71607,230.0,2307.0,0.8609,0.9185,0.0056,0.048,-0.0012,0.0972,16.0355,15.75,15.75,15.74,16.0250000953674,up,2026-09-02T09:35:15,2109.0,1094.0
BMNR,2028-06-16,653,Put,10.0,BMNR280616P00010000,1.79,1.94,1.865,1.8,0.03,1.69492,20.0,395.0,0.8647,-0.0852,0.0058,0.0489,-0.0031,-0.0587,1.8825,1.8,1.8,1.8,1.76999998092651,down,2026-09-02T09:55:20,471.0,633.0
BMNR,2028-06-16,653,Call,13.0,BMNR280616C00013000,14.15,14.9,14.525,14.14,-0.585,-3.97284,30.0,1789.0,0.8657,0.8787,0.0076,0.0638,-0.0024,0.109,14.4427,14.14,14.14,14.14,14.7250003814697,down,2026-09-02T09:33:14,1546.0,983.0
BMNR,2028-06-16,653,Put,13.0,BMNR280616P00013000,2.95,3.2,3.075,3.02,0.0,0.0,0.0,1294.0,0.8515,-0.127,0.008,0.0651,-0.004,-0.0882,3.0837,0.0,0.0,0.0,3.02500009536743,down,2026-09-01T15:45:24,370.0,970.0
BMNR,2028-06-16,653,Call,15.0,BMNR280616C00015000,13.2,13.95,13.575,13.3,-0.225,-1.66359,11.0,2540.0,0.8552,0.8513,0.0088,0.0732,-0.0031,0.1141,13.5097,13.3,13.3,13.3,13.5250000953674,no_change,2026-09-02T09:33:13,1620.0,898.0
BMNR,2028-06-16,653,Put,15.0,BMNR280616P00015000,3.9,4.2,4.05,3.8,0.0,0.0,0.0,2404.0,0.8502,-0.156,0.0093,0.0748,-0.0046,-0.1086,4.0206,0.0,0.0,0.0,3.97500014305115,no_change,2026-08-31T15:17:48,127.0,1158.0
BMNR,2028-06-16,653,Call,18.0,BMNR280616C00018000,11.9,12.8,12.350000000000001,12.35,0.0,0.0,0.0,1677.0,0.8486,0.8104,0.0103,0.0854,-0.004,0.1188,12.278,0.0,0.0,0.0,12.4000000953674,no_change,2026-09-01T15:38:17,1696.0,1208.0
BMNR,2028-06-16,653,Put,18.0,BMNR280616P00018000,5.45,5.8,5.625,5.35,0.0,0.0,0.0,415.0,0.8425,-0.1999,0.0111,0.0872,-0.0052,-0.1398,5.6043,0.0,0.0,0.0,5.47499990463257,no_change,2026-08-31T15:19:38,174.0,1229.0
BMNR,2028-06-16,653,Call,20.0,BMNR280616C00020000,11.0,12.0,11.5,11.63,0.0,0.0,0.0,3257.0,0.8318,0.7838,0.0112,0.0923,-0.0045,0.1206,11.555,0.0,0.0,0.0,11.6499996185303,up,2026-09-01T15:59:46,1979.0,946.0
BMNR,2028-06-16,653,Put,20.0,BMNR280616P00020000,6.6,7.0,6.8,6.5,0.0,0.0,0.0,2034.0,0.8415,-0.2288,0.0122,0.0941,-0.0056,-0.1602,6.7652,0.0,0.0,0.0,6.67499995231628,no_change,2026-08-31T13:50:44,144.0,1254.0
BMNR,2028-06-16,653,Call,22.0,BMNR280616C00022000,10.4,11.3,10.850000000000001,10.7,-0.2,-1.83486,1.0,1362.0,0.8313,0.7579,0.0119,0.0983,-0.005,0.1213,10.9005,10.7,10.7,10.7,10.8999996185303,down,2026-09-02T09:30:11,2448.0,727.0
BMNR,2028-06-16,653,Put,22.0,BMNR280616P00022000,7.8,8.2,8.0,7.7,0.0,0.0,0.0,732.0,0.8363,-0.2572,0.0131,0.1,-0.006,-0.1798,8.001,0.0,0.0,0.0,7.89999985694885,down,2026-09-01T09:50:56,210.0,1174.0
BMNR,2028-06-16,653,Call,25.0,BMNR280616C00025000,9.85,10.45,10.149999999999999,10.12,0.12,1.2,6.0,5790.0,0.8471,0.7209,0.0128,0.1056,-0.0056,0.1213,10.0305,9.9,10.12,9.9,10.0,up,2026-09-02T10:13:34,951.0,1024.0
BMNR,2028-06-16,653,Put,25.0,BMNR280616P00025000,9.75,10.25,10.0,9.9,0.1,1.02041,10.0,320.0,0.838,-0.2982,0.0143,0.1071,-0.0063,-0.2075,9.9761,9.9,9.9,9.9,9.80000019073486,up,2026-09-02T10:06:10,221.0,1326.0
BMNR,2028-06-16,653,Call,27.0,BMNR280616C00027000,9.25,9.95,9.6,9.65,0.0,0.0,0.0,837.0,0.8437,0.6975,0.0133,0.1096,-0.0059,0.1205,9.5156,0.0,0.0,0.0,9.5,down,2026-09-01T13:59:17,1113.0,1060.0
BMNR,2028-06-16,653,Put,27.0,BMNR280616P00027000,11.1,11.7,11.399999999999999,11.06,0.0,0.0,0.0,146.0,0.8392,-0.3245,0.015,0.1109,-0.0065,-0.2256,11.365,0.0,0.0,0.0,11.1500000953674,up,2026-09-01T12:14:41,530.0,1274.0
BMNR,2028-06-16,653,Call,30.0,BMNR280616C00030000,8.65,9.15,8.9,8.5,-0.225,-2.5788,1.0,3658.0,0.8436,0.6643,0.0139,0.1144,-0.0063,0.119,8.8261,8.5,8.5,8.5,8.72499990463257,down,2026-09-02T09:30:03,806.0,729.0
BMNR,2028-06-16,653,Put,30.0,BMNR280616P00030000,13.25,13.8,13.525,13.4,0.0,0.0,0.0,347.0,0.8358,-0.3623,0.0159,0.1151,-0.0068,-0.25,13.5404,0.0,0.0,0.0,13.4000000953674,up,2026-09-01T15:27:42,181.0,1318.0
BMNR,2028-06-16,653,Call,32.0,BMNR280616C00032000,8.1,8.7,8.399999999999999,8.25,0.0,0.0,0.0,1162.0,0.837,0.6436,0.0141,0.117,-0.0065,0.1174,8.4148,0.0,0.0,0.0,8.35000038146973,down,2026-09-01T14:49:01,1234.0,731.0
BMNR,2028-06-16,653,Put,32.0,BMNR280616P00032000,14.75,15.4,15.075,14.41,0.0,0.0,0.0,153.0,0.8407,-0.3862,0.0164,0.1171,-0.0068,-0.2652,15.0459,0.0,0.0,0.0,14.7750000953674,up,2026-08-28T11:20:31,92.0,1233.0
BMNR,2028-06-16,653,Call,35.0,BMNR280616C00035000,7.5,8.2,7.85,7.74,-0.01,-0.129032,2.0,1571.0,0.8395,0.6143,0.0145,0.1199,-0.0068,0.1151,7.8604,7.74,7.74,7.74,7.75,up,2026-09-02T09:34:23,1290.0,1032.0
BMNR,2028-06-16,653,Put,35.0,BMNR280616P00035000,16.9,17.7,17.299999999999997,17.2,0.0,0.0,0.0,529.0,0.8342,-0.4205,0.0171,0.1192,-0.007,-0.2856,17.3742,0.0,0.0,0.0,17.1999998092651,down,2026-09-01T14:29:02,1102.0,1253.0
BMNR,2028-06-16,653,Call,37.0,BMNR280616C00037000,7.35,7.9,7.625,7.63,0.08,1.0596,43.0,11024.0,0.8501,0.596,0.0146,0.1214,-0.0069,0.1134,7.5269,7.3,7.63,7.3,7.54999995231628,up,2026-09-02T10:22:35,511.0,1032.0
BMNR,2028-06-16,653,Put,37.0,BMNR280616P00037000,18.6,19.3,18.950000000000003,18.25,0.0,0.0,0.0,304.0,0.8404,-0.4422,0.0174,0.1199,-0.007,-0.2977,18.9688,0.0,0.0,0.0,18.75,down,2026-08-31T15:19:03,88.0,1117.0
