root,expiration,dte,type,strike,option,bid,ask,mid,last_trade_price,change,percent_change,volume,open_interest,iv,delta,gamma,vega,theta,rho,theo,open,high,low,prev_day_close,tick,last_trade_time,bid_size,ask_size
VIXW,2026-09-02,0,Call,10.0,VIXW260902C00010000,0.0,0.0,0.0,6.58,0.0,0.0,0.0,1120.0,0.0,0.0,0.0,0.0,0.0,0.0,0.0,0.0,0.0,0.0,6.125,up,2026-09-01T13:11:45,0.0,0.0
VIXW,2026-09-02,0,Put,10.0,VIXW260902P00010000,0.0,0.0,0.0,0.01,0.0,0.0,0.0,30.0,0.0,0.0,0.0,0.0,0.0,0.0,0.0,0.0,0.0,0.0,0.00499999988824129,no_change,2026-09-01T15:56:24,0.0,0.0
VIXW,2026-09-02,0,Call,10.5,VIXW260902C00010500,0.0,0.0,0.0,0.0,0.0,0.0,0.0,0.0,0.0,0.0,0.0,0.0,0.0,0.0,0.0,0.0,0.0,0.0,5.58999991416931,no_change,,0.0,0.0
VIXW,2026-09-02,0,Put,10.5,VIXW260902P00010500,0.0,0.0,0.0,0.0,0.0,0.0,0.0,0.0,0.0,0.0,0.0,0.0,0.0,0.0,0.0,0.0,0.0,0.0,0.00499999988824129,no_change,,0.0,0.0
VIXW,2026-09-02,0,Call,11.0,VIXW260902C00011000,0.0,0.0,0.0,4.85,0.0,0.0,0.0,191.0,0.0,0.0,0.0,0.0,0.0,0.0,0.0,0.0,0.0,0.0,5.08999991416931,down,2026-09-01T12:42:55,0.0,0.0
VIXW,2026-09-02,0,Put,11.0,VIXW260902P00011000,0.0,0.0,0.0,0.01,0.0,0.0,0.0,16.0,0.0,0.0,0.0,0.0,0.0,0.0,0.0,0.0,0.0,0.0,0.00499999988824129,no_change,2026-08-31T09:30:14,0.0,0.0
VIXW,2026-09-02,0,Call,11.5,VIXW260902C00011500,0.0,0.0,0.0,4.7,0.0,0.0,0.0,5.0,0.0,0.0,0.0,0.0,0.0,0.0,0.0,0.0,0.0,0.0,4.58999991416931,down,2026-08-26T11:59:55,0.0,0.0
VIXW,2026-09-02,0,Put,11.5,VIXW260902P00011500,0.0,0.0,0.0,0.0,0.0,0.0,0.0,0.0,0.0,0.0,0.0,0.0,0.0,0.0,0.0,0.0,0.0,0.0,0.00499999988824129,no_change,,0.0,0.0
VIXW,2026-09-02,0,Call,12.0,VIXW260902C00012000,0.0,0.0,0.0,3.48,0.0,0.0,0.0,26.0,0.0,0.0,0.0,0.0,0.0,0.0,0.0,0.0,0.0,0.0,4.08999991416931,down,2026-08-31T09:43:23,0.0,0.0
VIXW,2026-09-02,0,Put,12.0,VIXW260902P00012000,0.0,0.0,0.0,0.0,0.0,0.0,0.0,0.0,0.0,0.0,0.0,0.0,0.0,0.0,0.0,0.0,0.0,0.0,0.00499999988824129,no_change,,0.0,0.0
VIXW,2026-09-02,0,Call,12.5,VIXW260902C00012500,0.0,0.0,0.0,2.94,0.0,0.0,0.0,4.0,0.0,0.0,0.0,0.0,0.0,0.0,0.0,0.0,0.0,0.0,3.59500002861023,down,2026-09-01T10:26:19,0.0,0.0
VIXW,2026-09-02,0,Put,12.5,VIXW260902P00012500,0.0,0.0,0.0,0.01,0.0,0.0,0.0,3.0,0.0,0.0,0.0,0.0,0.0,0.0,0.0,0.0,0.0,0.0,0.00499999988824129,no_change,2026-09-01T09:30:02,0.0,0.0
VIXW,2026-09-02,0,Call,13.0,VIXW260902C00013000,0.0,0.0,0.0,3.43,0.0,0.0,0.0,36.0,0.0,0.0,0.0,0.0,0.0,0.0,0.0,0.0,0.0,0.0,3.05499994754791,up,2026-09-01T14:45:10,0.0,0.0
VIXW,2026-09-02,0,Put,13.0,VIXW260902P00013000,0.0,0.0,0.0,0.01,0.0,0.0,0.0,15.0,0.0,0.0,0.0,0.0,0.0,0.0,0.0,0.0,0.0,0.0,0.00499999988824129,no_change,2026-08-31T13:23:37,0.0,0.0
VIXW,2026-09-02,0,Call,13.5,VIXW260902C00013500,0.0,0.0,0.0,2.31,0.0,0.0,0.0,336.0,0.0,0.0,0.0,0.0,0.0,0.0,0.0,0.0,0.0,0.0,2.60500001907349,up,2026-09-01T13:30:03,0.0,0.0
VIXW,2026-09-02,0,Put,13.5,VIXW260902P00013500,0.0,0.0,0.0,0.02,0.0,0.0,0.0,35.0,0.0,0.0,0.0,0.0,0.0,0.0,0.0,0.0,0.0,0.0,0.00499999988824129,up,2026-08-28T13:45:07,0.0,0.0
VIXW,2026-09-02,0,Call,14.0,VIXW260902C00014000,0.0,0.0,0.0,2.37,0.0,0.0,0.0,453.0,0.0,0.0,0.0,0.0,0.0,0.0,0.0,0.0,0.0,0.0,2.02499997615814,down,2026-09-01T14:56:19,0.0,0.0
VIXW,2026-09-02,0,Put,14.0,VIXW260902P00014000,0.0,0.0,0.0,0.01,0.0,0.0,0.0,218.0,0.0,0.0,0.0,0.0,0.0,0.0,0.0,0.0,0.0,0.0,0.00499999988824129,no_change,2026-09-01T09:30:09,0.0,0.0
VIXW,2026-09-02,0,Call,14.5,VIXW260902C00014500,0.0,0.0,0.0,1.9,0.0,0.0,0.0,2142.0,0.0,0.0,0.0,0.0,0.0,0.0,0.0,0.0,0.0,0.0,1.5799999833107,no_change,2026-09-01T16:05:42,0.0,0.0
VIXW,2026-09-02,0,Put,14.5,VIXW260902P00014500,0.0,0.0,0.0,0.01,0.0,0.0,0.0,8797.0,0.0,0.0,0.0,0.0,0.0,0.0,0.0,0.0,0.0,0.0,0.00499999988824129,no_change,2026-09-01T14:10:58,0.0,0.0
VIXW,2026-09-02,0,Call,15.0,VIXW260902C00015000,0.0,0.0,0.0,1.4,0.0,0.0,0.0,6721.0,0.0,0.0,0.0,0.0,0.0,0.0,0.0,0.0,0.0,0.0,1.02000001072884,up,2026-09-01T16:14:48,0.0,0.0
VIXW,2026-09-02,0,Put,15.0,VIXW260902P00015000,0.0,0.0,0.0,0.01,0.0,0.0,0.0,27613.0,0.0,0.0,0.0,0.0,0.0,0.0,0.0,0.0,0.0,0.0,0.0149999996647239,no_change,2026-09-01T16:01:36,0.0,0.0
VIXW,2026-09-02,0,Call,16.0,VIXW260902C00016000,0.0,0.0,0.0,0.38,0.0,0.0,0.0,3338.0,0.0,0.0,0.0,0.0,0.0,0.0,0.0,0.0,0.0,0.0,0.434999987483025,up,2026-09-01T16:05:55,0.0,0.0
VIXW,2026-09-02,0,Put,16.0,VIXW260902P00016000,0.0,0.0,0.0,0.1,0.0,0.0,0.0,12230.0,0.0,0.0,0.0,0.0,0.0,0.0,0.0,0.0,0.0,0.0,0.189999997615814,no_change,2026-09-01T16:14:53,0.0,0.0
VIXW,2026-09-02,0,Call,17.0,VIXW260902C00017000,0.0,0.0,0.0,0.09,0.0,0.0,0.0,5565.0,0.0,0.0,0.0,0.0,0.0,0.0,0.0,0.0,0.0,0.0,0.119999997317791,down,2026-09-01T16:14:31,0.0,0.0
VIXW,2026-09-02,0,Put,17.0,VIXW260902P00017000,0.0,0.0,0.0,0.9,0.0,0.0,0.0,2790.0,0.0,0.0,0.0,0.0,0.0,0.0,0.0,0.0,0.0,0.0,0.7950000166893,up,2026-09-01T16:00:01,0.0,0.0
VIXW,2026-09-02,0,Call,18.0,VIXW260902C00018000,0.0,0.0,0.0,0.03,0.0,0.0,0.0,3259.0,0.0,0.0,0.0,0.0,0.0,0.0,0.0,0.0,0.0,0.0,0.0800000000745058,no_change,2026-09-01T16:13:42,0.0,0.0
VIXW,2026-09-02,0,Put,18.0,VIXW260902P00018000,0.0,0.0,0.0,1.77,0.0,0.0,0.0,551.0,0.0,0.0,0.0,0.0,0.0,0.0,0.0,0.0,0.0,0.0,2.03500002622604,down,2026-09-01T16:04:43,0.0,0.0
VIXW,2026-09-02,0,Call,19.0,VIXW260902C00019000,0.0,0.0,0.0,0.01,0.0,0.0,0.0,3062.0,0.0,0.0,0.0,0.0,0.0,0.0,0.0,0.0,0.0,0.0,0.0199999995529652,down,2026-09-01T16:14:35,0.0,0.0
VIXW,2026-09-02,0,Put,19.0,VIXW260902P00019000,0.0,0.0,0.0,2.8,0.0,0.0,0.0,90.0,0.0,0.0,0.0,0.0,0.0,0.0,0.0,0.0,0.0,0.0,2.7950000166893,down,2026-09-01T15:52:57,0.0,0.0
VIXW,2026-09-02,0,Call,20.0,VIXW260902C00020000,0.0,0.0,0.0,0.01,0.0,0.0,0.0,10160.0,0.0,0.0,0.0,0.0,0.0,0.0,0.0,0.0,0.0,0.0,0.0249999994412065,no_change,2026-09-01T15:59:04,0.0,0.0
VIXW,2026-09-02,0,Put,20.0,VIXW260902P00020000,0.0,0.0,0.0,3.99,0.0,0.0,0.0,263.0,0.0,0.0,0.0,0.0,0.0,0.0,0.0,0.0,0.0,0.0,3.7849999666214,down,2026-09-01T14:31:39,0.0,0.0
VIXW,2026-09-02,0,Call,21.0,VIXW260902C00021000,0.0,0.0,0.0,0.01,0.0,0.0,0.0,2525.0,0.0,0.0,0.0,0.0,0.0,0.0,0.0,0.0,0.0,0.0,0.00499999988824129,no_change,2026-09-01T16:01:45,0.0,0.0
VIXW,2026-09-02,0,Put,21.0,VIXW260902P00021000,0.0,0.0,0.0,5.8,0.0,0.0,0.0,339.0,0.0,0.0,0.0,0.0,0.0,0.0,0.0,0.0,0.0,0.0,4.75499999523163,up,2026-09-01T14:19:04,0.0,0.0
VIXW,2026-09-02,0,Call,22.0,VIXW260902C00022000,0.0,0.0,0.0,0.03,0.0,0.0,0.0,3913.0,0.0,0.0,0.0,0.0,0.0,0.0,0.0,0.0,0.0,0.0,0.0149999996647239,no_change,2026-09-01T15:22:04,0.0,0.0
VIXW,2026-09-02,0,Put,22.0,VIXW260902P00022000,0.0,0.0,0.0,5.96,0.0,0.0,0.0,59.0,0.0,0.0,0.0,0.0,0.0,0.0,0.0,0.0,0.0,0.0,5.79500007629394,down,2026-09-01T13:53:33,0.0,0.0
VIXW,2026-09-02,0,Call,23.0,VIXW260902C00023000,0.0,0.0,0.0,0.01,0.0,0.0,0.0,3173.0,0.0,0.0,0.0,0.0,0.0,0.0,0.0,0.0,0.0,0.0,0.0199999995529652,down,2026-09-01T15:42:21,0.0,0.0
VIXW,2026-09-02,0,Put,23.0,VIXW260902P00023000,0.0,0.0,0.0,7.05,0.0,0.0,0.0,14.0,0.0,0.0,0.0,0.0,0.0,0.0,0.0,0.0,0.0,0.0,6.78999996185303,down,2026-09-01T10:02:35,0.0,0.0
VIXW,2026-09-02,0,Call,24.0,VIXW260902C00024000,0.0,0.0,0.0,0.01,0.0,0.0,0.0,3462.0,0.0,0.0,0.0,0.0,0.0,0.0,0.0,0.0,0.0,0.0,0.0750000001862645,no_change,2026-09-01T16:13:39,0.0,0.0
VIXW,2026-09-02,0,Put,24.0,VIXW260902P00024000,0.0,0.0,0.0,8.55,0.0,0.0,0.0,15.0,0.0,0.0,0.0,0.0,0.0,0.0,0.0,0.0,0.0,0.0,7.79000020027161,up,2026-08-28T10:29:48,0.0,0.0
VIXW,2026-09-02,0,Call,25.0,VIXW260902C00025000,0.0,0.0,0.0,0.02,0.0,0.0,0.0,3565.0,0.0,0.0,0.0,0.0,0.0,0.0,0.0,0.0,0.0,0.0,0.00999999977648258,no_change,2026-09-01T13:54:25,0.0,0.0
VIXW,2026-09-02,0,Put,25.0,VIXW260902P00025000,0.0,0.0,0.0,9.1,0.0,0.0,0.0,209.0,0.0,0.0,0.0,0.0,0.0,0.0,0.0,0.0,0.0,0.0,8.78999996185303,down,2026-09-01T14:23:08,0.0,0.0
VIXW,2026-09-02,0,Call,26.0,VIXW260902C00026000,0.0,0.0,0.0,0.02,0.0,0.0,0.0,2722.0,0.0,0.0,0.0,0.0,0.0,0.0,0.0,0.0,0.0,0.0,0.00999999977648258,no_change,2026-08-31T14:23:43,0.0,0.0
VIXW,2026-09-02,0,Put,26.0,VIXW260902P00026000,0.0,0.0,0.0,10.05,0.0,0.0,0.0,111.0,0.0,0.0,0.0,0.0,0.0,0.0,0.0,0.0,0.0,0.0,9.78499984741211,up,2026-09-01T13:46:55,0.0,0.0
VIXW,2026-09-02,0,Call,27.0,VIXW260902C00027000,0.0,0.0,0.0,0.02,0.0,0.0,0.0,6346.0,0.0,0.0,0.0,0.0,0.0,0.0,0.0,0.0,0.0,0.0,0.00499999988824129,no_change,2026-08-31T14:19:48,0.0,0.0
VIXW,2026-09-02,0,Put,27.0,VIXW260902P00027000,0.0,0.0,0.0,9.87,0.0,0.0,0.0,100.0,0.0,0.0,0.0,0.0,0.0,0.0,0.0,0.0,0.0,0.0,10.7849998474121,down,2026-08-17T11:22:47,0.0,0.0
VIXW,2026-09-02,0,Call,28.0,VIXW260902C00028000,0.0,0.0,0.0,0.02,0.0,0.0,0.0,3702.0,0.0,0.0,0.0,0.0,0.0,0.0,0.0,0.0,0.0,0.0,0.0149999996647239,no_change,2026-08-31T14:19:44,0.0,0.0
VIXW,2026-09-02,0,Put,28.0,VIXW260902P00028000,0.0,0.0,0.0,11.55,0.0,0.0,0.0,2.0,0.0,0.0,0.0,0.0,0.0,0.0,0.0,0.0,0.0,0.0,11.7549996376038,up,2026-08-26T10:39:03,0.0,0.0
VIXW,2026-09-02,0,Call,29.0,VIXW260902C00029000,0.0,0.0,0.0,0.03,0.0,0.0,0.0,168.0,0.0,0.0,0.0,0.0,0.0,0.0,0.0,0.0,0.0,0.0,0.0149999996647239,no_change,2026-08-27T15:32:33,0.0,0.0
VIXW,2026-09-02,0,Put,29.0,VIXW260902P00029000,0.0,0.0,0.0,0.0,0.0,0.0,0.0,0.0,0.0,0.0,0.0,0.0,0.0,0.0,0.0,0.0,0.0,0.0,12.75,no_change,,0.0,0.0
VIXW,2026-09-02,0,Call,30.0,VIXW260902C00030000,0.0,0.0,0.0,0.01,0.0,0.0,0.0,3932.0,0.0,0.0,0.0,0.0,0.0,0.0,0.0,0.0,0.0,0.0,0.00499999988824129,no_change,2026-08-31T15:27:42,0.0,0.0
VIXW,2026-09-02,0,Put,30.0,VIXW260902P00030000,0.0,0.0,0.0,14.52,0.0,0.0,0.0,6.0,0.0,0.0,0.0,0.0,0.0,0.0,0.0,0.0,0.0,0.0,13.7549996376038,down,2026-08-31T12:03:50,0.0,0.0
VIXW,2026-09-02,0,Call,31.0,VIXW260902C00031000,0.0,0.0,0.0,0.01,0.0,0.0,0.0,59.0,0.0,0.0,0.0,0.0,0.0,0.0,0.0,0.0,0.0,0.0,0.0149999996647239,down,2026-08-31T09:31:06,0.0,0.0
VIXW,2026-09-02,0,Put,31.0,VIXW260902P00031000,0.0,0.0,0.0,0.0,0.0,0.0,0.0,0.0,0.0,0.0,0.0,0.0,0.0,0.0,0.0,0.0,0.0,0.0,14.75,no_change,,0.0,0.0
VIXW,2026-09-02,0,Call,32.0,VIXW260902C00032000,0.0,0.0,0.0,0.02,0.0,0.0,0.0,74.0,0.0,0.0,0.0,0.0,0.0,0.0,0.0,0.0,0.0,0.0,0.0149999996647239,no_change,2026-08-28T15:42:19,0.0,0.0
VIXW,2026-09-02,0,Put,32.0,VIXW260902P00032000,0.0,0.0,0.0,0.0,0.0,0.0,0.0,0.0,0.0,0.0,0.0,0.0,0.0,0.0,0.0,0.0,0.0,0.0,15.75,no_change,,0.0,0.0
VIXW,2026-09-02,0,Call,33.0,VIXW260902C00033000,0.0,0.0,0.0,0.02,0.0,0.0,0.0,262.0,0.0,0.0,0.0,0.0,0.0,0.0,0.0,0.0,0.0,0.0,0.00499999988824129,no_change,2026-08-28T15:07:25,0.0,0.0
VIXW,2026-09-02,0,Put,33.0,VIXW260902P00033000,0.0,0.0,0.0,0.0,0.0,0.0,0.0,0.0,0.0,0.0,0.0,0.0,0.0,0.0,0.0,0.0,0.0,0.0,16.7449998855591,no_change,,0.0,0.0
VIXW,2026-09-02,0,Call,34.0,VIXW260902C00034000,0.0,0.0,0.0,0.02,0.0,0.0,0.0,26.0,0.0,0.0,0.0,0.0,0.0,0.0,0.0,0.0,0.0,0.0,0.0149999996647239,no_change,2026-08-27T11:15:27,0.0,0.0
VIXW,2026-09-02,0,Put,34.0,VIXW260902P00034000,0.0,0.0,0.0,0.0,0.0,0.0,0.0,0.0,0.0,0.0,0.0,0.0,0.0,0.0,0.0,0.0,0.0,0.0,17.7449998855591,no_change,,0.0,0.0
VIXW,2026-09-02,0,Call,35.0,VIXW260902C00035000,0.0,0.0,0.0,0.02,0.0,0.0,0.0,322.0,0.0,0.0,0.0,0.0,0.0,0.0,0.0,0.0,0.0,0.0,0.0149999996647239,down,2026-08-27T09:35:09,0.0,0.0
VIXW,2026-09-02,0,Put,35.0,VIXW260902P00035000,0.0,0.0,0.0,0.0,0.0,0.0,0.0,0.0,0.0,0.0,0.0,0.0,0.0,0.0,0.0,0.0,0.0,0.0,18.7449998855591,no_change,,0.0,0.0
VIXW,2026-09-02,0,Call,36.0,VIXW260902C00036000,0.0,0.0,0.0,0.02,0.0,0.0,0.0,6.0,0.0,0.0,0.0,0.0,0.0,0.0,0.0,0.0,0.0,0.0,0.0149999996647239,down,2026-08-27T09:35:17,0.0,0.0
VIXW,2026-09-02,0,Put,36.0,VIXW260902P00036000,0.0,0.0,0.0,0.0,0.0,0.0,0.0,0.0,0.0,0.0,0.0,0.0,0.0,0.0,0.0,0.0,0.0,0.0,19.7449998855591,no_change,,0.0,0.0
VIXW,2026-09-02,0,Call,37.0,VIXW260902C00037000,0.0,0.0,0.0,0.02,0.0,0.0,0.0,13.0,0.0,0.0,0.0,0.0,0.0,0.0,0.0,0.0,0.0,0.0,0.0500000007450581,no_change,2026-08-27T11:37:18,0.0,0.0
VIXW,2026-09-02,0,Put,37.0,VIXW260902P00037000,0.0,0.0,0.0,0.0,0.0,0.0,0.0,0.0,0.0,0.0,0.0,0.0,0.0,0.0,0.0,0.0,0.0,0.0,20.7449998855591,no_change,,0.0,0.0
VIXW,2026-09-02,0,Call,38.0,VIXW260902C00038000,0.0,0.0,0.0,0.01,0.0,0.0,0.0,137.0,0.0,0.0,0.0,0.0,0.0,0.0,0.0,0.0,0.0,0.0,0.0500000007450581,no_change,2026-09-01T14:50:32,0.0,0.0
VIXW,2026-09-02,0,Put,38.0,VIXW260902P00038000,0.0,0.0,0.0,0.0,0.0,0.0,0.0,0.0,0.0,0.0,0.0,0.0,0.0,0.0,0.0,0.0,0.0,0.0,21.7550001144409,no_change,,0.0,0.0
VIXW,2026-09-02,0,Call,39.0,VIXW260902C00039000,0.0,0.0,0.0,0.02,0.0,0.0,0.0,3.0,0.0,0.0,0.0,0.0,0.0,0.0,0.0,0.0,0.0,0.0,0.0500000007450581,down,2026-08-26T14:07:42,0.0,0.0
VIXW,2026-09-02,0,Put,39.0,VIXW260902P00039000,0.0,0.0,0.0,22.0,0.0,0.0,0.0,3.0,0.0,0.0,0.0,0.0,0.0,0.0,0.0,0.0,0.0,0.0,22.75,up,2026-08-19T11:23:24,0.0,0.0
VIXW,2026-09-02,0,Call,40.0,VIXW260902C00040000,0.0,0.0,0.0,0.02,0.0,0.0,0.0,450.0,0.0,0.0,0.0,0.0,0.0,0.0,0.0,0.0,0.0,0.0,0.0500000007450581,down,2026-08-26T11:59:12,0.0,0.0
VIXW,2026-09-02,0,Put,40.0,VIXW260902P00040000,0.0,0.0,0.0,24.65,0.0,0.0,0.0,3.0,0.0,0.0,0.0,0.0,0.0,0.0,0.0,0.0,0.0,0.0,23.75,up,2026-08-31T14:53:47,0.0,0.0
VIXW,2026-09-02,0,Call,42.5,VIXW260902C00042500,0.0,0.0,0.0,0.02,0.0,0.0,0.0,3.0,0.0,0.0,0.0,0.0,0.0,0.0,0.0,0.0,0.0,0.0,0.0500000007450581,down,2026-08-24T16:00:09,0.0,0.0
VIXW,2026-09-02,0,Put,42.5,VIXW260902P00042500,0.0,0.0,0.0,0.0,0.0,0.0,0.0,0.0,0.0,0.0,0.0,0.0,0.0,0.0,0.0,0.0,0.0,0.0,26.2449998855591,no_change,,0.0,0.0
VIXW,2026-09-02,0,Call,45.0,VIXW260902C00045000,0.0,0.0,0.0,0.02,0.0,0.0,0.0,100.0,0.0,0.0,0.0,0.0,0.0,0.0,0.0,0.0,0.0,0.0,0.0500000007450581,down,2026-08-24T16:00:37,0.0,0.0
VIXW,2026-09-02,0,Put,45.0,VIXW260902P00045000,0.0,0.0,0.0,29.35,0.0,0.0,0.0,1.0,0.0,0.0,0.0,0.0,0.0,0.0,0.0,0.0,0.0,0.0,28.7449998855591,up,2026-08-31T09:48:56,0.0,0.0
VIXW,2026-09-02,0,Call,47.5,VIXW260902C00047500,0.0,0.0,0.0,0.01,0.0,0.0,0.0,119.0,0.0,0.0,0.0,0.0,0.0,0.0,0.0,0.0,0.0,0.0,0.0500000007450581,no_change,2026-08-28T11:36:34,0.0,0.0
VIXW,2026-09-02,0,Put,47.5,VIXW260902P00047500,0.0,0.0,0.0,0.0,0.0,0.0,0.0,0.0,0.0,0.0,0.0,0.0,0.0,0.0,0.0,0.0,0.0,0.0,31.2449998855591,no_change,,0.0,0.0
VIXW,2026-09-02,0,Call,50.0,VIXW260902C00050000,0.0,0.0,0.0,0.02,0.0,0.0,0.0,140.0,0.0,0.0,0.0,0.0,0.0,0.0,0.0,0.0,0.0,0.0,0.0500000007450581,no_change,2026-08-26T10:11:46,0.0,0.0
VIXW,2026-09-02,0,Put,50.0,VIXW260902P00050000,0.0,0.0,0.0,34.06,0.0,0.0,0.0,1500.0,0.0,0.0,0.0,0.0,0.0,0.0,0.0,0.0,0.0,0.0,33.7449989318848,up,2026-08-27T10:09:13,0.0,0.0
VIXW,2026-09-02,0,Call,55.0,VIXW260902C00055000,0.0,0.0,0.0,0.03,0.0,0.0,0.0,1103.0,0.0,0.0,0.0,0.0,0.0,0.0,0.0,0.0,0.0,0.0,0.115000002086163,no_change,2026-08-26T15:56:22,0.0,0.0
VIXW,2026-09-02,0,Put,55.0,VIXW260902P00055000,0.0,0.0,0.0,0.0,0.0,0.0,0.0,0.0,0.0,0.0,0.0,0.0,0.0,0.0,0.0,0.0,0.0,0.0,38.7549991607666,no_change,,0.0,0.0
VIXW,2026-09-02,0,Call,60.0,VIXW260902C00060000,0.0,0.0,0.0,0.01,0.0,0.0,0.0,143.0,0.0,0.0,0.0,0.0,0.0,0.0,0.0,0.0,0.0,0.0,0.00999999977648258,no_change,2026-08-31T09:40:38,0.0,0.0
VIXW,2026-09-02,0,Put,60.0,VIXW260902P00060000,0.0,0.0,0.0,0.0,0.0,0.0,0.0,0.0,0.0,0.0,0.0,0.0,0.0,0.0,0.0,0.0,0.0,0.0,43.7449989318848,no_change,,0.0,0.0
VIXW,2026-09-02,0,Call,65.0,VIXW260902C00065000,0.0,0.0,0.0,0.02,0.0,0.0,0.0,691.0,0.0,0.0,0.0,0.0,0.0,0.0,0.0,0.0,0.0,0.0,0.0149999996647239,no_change,2026-08-21T11:33:41,0.0,0.0
VIXW,2026-09-02,0,Put,65.0,VIXW260902P00065000,0.0,0.0,0.0,0.0,0.0,0.0,0.0,0.0,0.0,0.0,0.0,0.0,0.0,0.0,0.0,0.0,0.0,0.0,48.7449989318848,no_change,,0.0,0.0
VIXW,2026-09-02,0,Call,70.0,VIXW260902C00070000,0.0,0.0,0.0,0.03,0.0,0.0,0.0,5.0,0.0,0.0,0.0,0.0,0.0,0.0,0.0,0.0,0.0,0.0,0.115000002086163,down,2026-08-18T12:38:22,0.0,0.0
VIXW,2026-09-02,0,Put,70.0,VIXW260902P00070000,0.0,0.0,0.0,0.0,0.0,0.0,0.0,0.0,0.0,0.0,0.0,0.0,0.0,0.0,0.0,0.0,0.0,0.0,53.7449989318848,no_change,,0.0,0.0
VIXW,2026-09-02,0,Call,75.0,VIXW260902C00075000,0.0,0.0,0.0,0.05,0.0,0.0,0.0,101.0,0.0,0.0,0.0,0.0,0.0,0.0,0.0,0.0,0.0,0.0,0.0500000007450581,down,2026-08-10T15:54:12,0.0,0.0
VIXW,2026-09-02,0,Put,75.0,VIXW260902P00075000,0.0,0.0,0.0,0.0,0.0,0.0,0.0,0.0,0.0,0.0,0.0,0.0,0.0,0.0,0.0,0.0,0.0,0.0,58.7449989318848,no_change,,0.0,0.0
VIXW,2026-09-02,0,Call,80.0,VIXW260902C00080000,0.0,0.0,0.0,0.02,0.0,0.0,0.0,102.0,0.0,0.0,0.0,0.0,0.0,0.0,0.0,0.0,0.0,0.0,0.115000002086163,no_change,2026-08-11T13:05:12,0.0,0.0
VIXW,2026-09-02,0,Put,80.0,VIXW260902P00080000,0.0,0.0,0.0,0.0,0.0,0.0,0.0,0.0,0.0,0.0,0.0,0.0,0.0,0.0,0.0,0.0,0.0,0.0,63.7449989318848,no_change,,0.0,0.0
VIXW,2026-09-02,0,Call,85.0,VIXW260902C00085000,0.0,0.0,0.0,0.05,0.0,0.0,0.0,1.0,0.0,0.0,0.0,0.0,0.0,0.0,0.0,0.0,0.0,0.0,0.0149999996647239,down,2026-08-04T09:50:33,0.0,0.0
VIXW,2026-09-02,0,Put,85.0,VIXW260902P00085000,0.0,0.0,0.0,0.0,0.0,0.0,0.0,0.0,0.0,0.0,0.0,0.0,0.0,0.0,0.0,0.0,0.0,0.0,68.7349967956543,no_change,,0.0,0.0
VIXW,2026-09-02,0,Call,90.0,VIXW260902C00090000,0.0,0.0,0.0,0.0,0.0,0.0,0.0,0.0,0.0,0.0,0.0,0.0,0.0,0.0,0.0,0.0,0.0,0.0,0.0149999996647239,no_change,,0.0,0.0
VIXW,2026-09-02,0,Put,90.0,VIXW260902P00090000,0.0,0.0,0.0,0.0,0.0,0.0,0.0,0.0,0.0,0.0,0.0,0.0,0.0,0.0,0.0,0.0,0.0,0.0,73.7349967956543,no_change,,0.0,0.0
VIXW,2026-09-02,0,Call,95.0,VIXW260902C00095000,0.0,0.0,0.0,0.04,0.0,0.0,0.0,2.0,0.0,0.0,0.0,0.0,0.0,0.0,0.0,0.0,0.0,0.0,0.0500000007450581,down,2026-08-04T10:20:03,0.0,0.0
VIXW,2026-09-02,0,Put,95.0,VIXW260902P00095000,0.0,0.0,0.0,0.0,0.0,0.0,0.0,0.0,0.0,0.0,0.0,0.0,0.0,0.0,0.0,0.0,0.0,0.0,78.7349967956543,no_change,,0.0,0.0
VIXW,2026-09-02,0,Call,100.0,VIXW260902C00100000,0.0,0.0,0.0,0.01,0.0,0.0,0.0,227.0,0.0,0.0,0.0,0.0,0.0,0.0,0.0,0.0,0.0,0.0,0.00499999988824129,no_change,2026-08-31T10:19:39,0.0,0.0
VIXW,2026-09-02,0,Put,100.0,VIXW260902P00100000,0.0,0.0,0.0,83.3,0.0,0.0,0.0,1500.0,0.0,0.0,0.0,0.0,0.0,0.0,0.0,0.0,0.0,0.0,83.7349967956543,up,2026-08-26T09:47:19,0.0,0.0
VIXW,2026-09-09,7,Call,10.0,VIXW260909C00010000,5.5,7.27,6.385,6.71,-0.395,-5.55947,10.0,1.0,0.0,0.9946,0.004,0.0003,-0.0018,-0.0013,6.5523,6.71,6.71,6.71,7.10500001907349,up,2026-09-02T11:57:19,63.0,63.0
VIXW,2026-09-09,7,Put,10.0,VIXW260909P00010000,0.0,0.01,0.005,0.0,0.0,0.0,0.0,0.0,1.4867,-0.0045,0.004,0.0003,-0.0026,0.0,0.0047,0.0,0.0,0.0,0.00499999988824129,no_change,,0.0,1270.0
VIXW,2026-09-09,7,Call,10.5,VIXW260909C00010500,5.0,6.77,5.885,0.0,0.0,0.0,0.0,0.0,0.0,0.9935,0.0052,0.0004,-0.0022,-0.0012,6.0536,0.0,0.0,0.0,6.60500001907349,no_change,,63.0,63.0
VIXW,2026-09-09,7,Put,10.5,VIXW260909P00010500,0.0,0.01,0.005,0.0,0.0,0.0,0.0,0.0,1.3545,-0.0057,0.0052,0.0004,-0.003,0.0,0.0056,0.0,0.0,0.0,0.00499999988824129,no_change,,0.0,309.0
VIXW,2026-09-09,7,Call,11.0,VIXW260909C00011000,4.49,6.28,5.385,5.67,-0.435,-7.1253,20.0,0.0,0.0,0.9921,0.0068,0.0004,-0.0027,-0.0011,5.555,5.69,5.69,5.67,6.10499978065491,down,2026-09-02T11:57:19,8.0,63.0
VIXW,2026-09-09,7,Put,11.0,VIXW260909P00011000,0.0,0.01,0.005,0.01,0.0,0.0,0.0,15.0,1.2278,-0.007,0.0068,0.0004,-0.0034,0.0,0.0066,0.0,0.0,0.0,0.00499999988824129,up,2026-08-14T12:17:20,0.0,309.0
VIXW,2026-09-09,7,Call,11.5,VIXW260909C00011500,3.99,5.79,4.890000000000001,6.32,0.0,0.0,0.0,13.0,0.0,0.9904,0.009,0.0005,-0.0032,-0.001,5.0565,0.0,0.0,0.0,5.60499978065491,down,2026-09-01T14:27:54,63.0,63.0
VIXW,2026-09-09,7,Put,11.5,VIXW260909P00011500,0.0,0.02,0.01,0.02,0.0,0.0,0.0,25.0,1.2069,-0.0088,0.009,0.0005,-0.0038,0.0,0.0077,0.0,0.0,0.0,0.00999999977648258,up,2026-08-28T14:14:18,0.0,680.0
VIXW,2026-09-09,7,Call,12.0,VIXW260909C00012000,3.48,5.29,4.385,4.66,-0.435,-8.53778,20.0,100.0,0.0,0.9882,0.012,0.0006,-0.0038,-0.0009,4.5582,4.66,4.66,4.66,5.09500002861023,no_change,2026-09-02T12:16:44,63.0,63.0
VIXW,2026-09-09,7,Put,12.0,VIXW260909P00012000,0.0,0.02,0.01,0.02,0.0,0.0,0.0,8.0,1.0807,-0.011,0.012,0.0006,-0.0043,0.0,0.009,0.0,0.0,0.0,0.00999999977648258,no_change,2026-08-25T14:11:24,0.0,682.0
VIXW,2026-09-09,7,Call,12.5,VIXW260909C00012500,2.98,4.8,3.8899999999999997,4.13,-0.475,-10.3149,10.0,2.0,0.0,0.9852,0.0163,0.0008,-0.0044,-0.0008,4.0603,4.13,4.13,4.13,4.60500001907349,down,2026-09-02T12:16:44,63.0,63.0
VIXW,2026-09-09,7,Put,12.5,VIXW260909P00012500,0.0,0.02,0.01,0.01,0.0,2.23517e-06,9.0,0.0,1.0641,-0.014,0.0163,0.0008,-0.0049,0.0,0.0107,0.01,0.01,0.01,0.00999999977648258,up,2026-09-02T14:32:03,0.0,650.0
VIXW,2026-09-09,7,Call,13.0,VIXW260909C00013000,2.5,3.8,3.15,4.2,0.0,0.0,0.0,5.0,0.0,0.981,0.0227,0.001,-0.0052,-0.0007,3.563,0.0,0.0,0.0,4.10500001907349,up,2026-08-28T10:58:32,9.0,9.0
VIXW,2026-09-09,7,Put,13.0,VIXW260909P00013000,0.0,0.02,0.01,0.02,0.0,0.0,0.0,41.0,0.9352,-0.0182,0.0227,0.001,-0.0056,0.0,0.013,0.0,0.0,0.0,0.00999999977648258,up,2026-09-01T09:30:05,0.0,650.0
VIXW,2026-09-09,7,Call,13.5,VIXW260909C00013500,1.98,3.82,2.9,3.77,0.0,0.0,0.0,23.0,0.0,0.974,0.0331,0.0013,-0.0064,-0.0006,3.0673,0.0,0.0,0.0,3.82500004768372,down,2026-09-01T14:58:10,63.0,63.0
VIXW,2026-09-09,7,Put,13.5,VIXW260909P00013500,0.0,0.02,0.01,0.01,0.0,2.23517e-06,1.0,31.0,0.8422,-0.0252,0.0331,0.0013,-0.0068,0.0,0.0168,0.01,0.01,0.01,0.00999999977648258,no_change,2026-09-02T16:10:06,0.0,650.0
VIXW,2026-09-09,7,Call,14.0,VIXW260909C00014000,2.2,2.57,2.385,2.4,-0.92,-27.7108,10.0,75.0,0.0,0.9608,0.0517,0.0019,-0.0088,-0.0005,2.5758,3.05,3.05,2.4,3.3199999332428,down,2026-09-02T13:45:14,5.0,8.0
VIXW,2026-09-09,7,Put,14.0,VIXW260909P00014000,0.0,0.03,0.015,0.01,-0.005,-33.3333,104.0,86.0,0.6529,-0.0384,0.0517,0.0019,-0.0091,0.0,0.0249,0.02,0.02,0.01,0.0149999996647239,no_change,2026-09-02T15:59:29,0.0,617.0
VIXW,2026-09-09,7,Call,14.5,VIXW260909C00014500,1.68,2.08,1.88,1.9,-0.925,-32.7434,13.0,572.0,0.0,0.9334,0.0854,0.0029,-0.0132,-0.0004,2.0948,2.1,2.1,1.9,2.82499992847443,down,2026-09-02T14:41:25,253.0,8.0
VIXW,2026-09-09,7,Put,14.5,VIXW260909P00014500,0.01,0.04,0.025,0.01,-0.02,-66.6667,26.0,189.0,0.6517,-0.0658,0.0854,0.0029,-0.0134,0.0,0.0435,0.03,0.04,0.01,0.0299999993294477,down,2026-09-02T13:23:26,28.0,317.0
VIXW,2026-09-09,7,Call,15.0,VIXW260909C00015000,1.21,1.6,1.405,1.43,-0.86,-37.5546,166.0,1808.0,0.0,0.8821,0.1383,0.0044,-0.0201,-0.0003,1.6345,2.0,2.0,1.25,2.29000008106232,no_change,2026-09-02T15:58:19,398.0,2.0
VIXW,2026-09-09,7,Put,15.0,VIXW260909P00015000,0.06,0.08,0.07,0.07,-0.005,-9.09091,556.0,975.0,0.6118,-0.117,0.1383,0.0044,-0.0202,0.0,0.0828,0.09,0.09,0.04,0.0549999997019768,no_change,2026-09-02T16:14:59,1.0,362.0
VIXW,2026-09-09,7,Call,16.0,VIXW260909C00016000,0.7,0.77,0.735,0.74,-0.66,-46.1538,970.0,2050.0,0.6192,0.6864,0.2833,0.008,-0.0336,-0.0002,0.8129,1.1,1.25,0.69,1.43000000715256,down,2026-09-02T16:14:43,14.0,3.0
VIXW,2026-09-09,7,Put,16.0,VIXW260909P00016000,0.35,0.42,0.385,0.38,0.155,68.8889,672.0,2546.0,0.647,-0.3128,0.2833,0.008,-0.0337,0.0,0.2603,0.23,0.41,0.2,0.224999994039536,down,2026-09-02T15:56:24,1.0,50.0
VIXW,2026-09-09,7,Call,17.0,VIXW260909C00017000,0.35,0.48,0.415,0.44,-0.52,-54.1667,408.0,1564.0,0.7329,0.4023,0.2571,0.0087,-0.0445,-0.0001,0.4076,0.66,0.95,0.43,0.959999978542328,no_change,2026-09-02T16:00:37,1.0,1.0
VIXW,2026-09-09,7,Put,17.0,VIXW260909P00017000,0.9,1.21,1.055,1.08,0.405,60.0,166.0,334.0,0.8847,-0.5969,0.2571,0.0087,-0.0445,-0.0002,0.8542,0.83,1.1,0.83,0.674999982118606,up,2026-09-02T15:56:24,1.0,2.0
VIXW,2026-09-09,7,Call,18.0,VIXW260909C00018000,0.3,0.36,0.32999999999999996,0.32,-0.32,-50.0,911.0,6468.0,0.9638,0.2619,0.1639,0.0073,-0.0486,-0.0001,0.2927,0.66,0.66,0.3,0.639999985694885,down,2026-09-02T16:07:32,16.0,62.0
VIXW,2026-09-09,7,Put,18.0,VIXW260909P00018000,1.74,2.03,1.8849999999999998,2.0,0.575,40.3509,19.0,761.0,1.0598,-0.7373,0.1639,0.0073,-0.0484,-0.0003,1.7385,1.6,2.0,1.6,1.42500001192093,up,2026-09-02T14:49:57,1323.0,5.0
VIXW,2026-09-09,7,Call,19.0,VIXW260909C00019000,0.13,0.25,0.19,0.21,-0.26,-53.0612,1305.0,1373.0,1.0285,0.1892,0.1131,0.0061,-0.0477,0.0,0.2287,0.39,0.39,0.21,0.490000009536743,down,2026-09-02T16:14:43,1333.0,1.0
VIXW,2026-09-09,7,Put,19.0,VIXW260909P00019000,2.64,3.05,2.8449999999999998,2.49,0.265,11.9101,1.0,73.0,1.2836,-0.8099,0.1131,0.0061,-0.0474,-0.0005,2.6736,2.49,2.49,2.49,2.22499990463257,up,2026-09-02T09:46:48,485.0,323.0
VIXW,2026-09-09,7,Call,20.0,VIXW260909C00020000,0.08,0.21,0.145,0.16,-0.215,-57.3333,2373.0,2561.0,1.1727,0.1461,0.0831,0.0051,-0.0457,0.0,0.1882,0.32,0.33,0.14,0.375,no_change,2026-09-02T16:02:32,1357.0,1.0
VIXW,2026-09-09,7,Put,20.0,VIXW260909P00020000,3.55,4.0,3.775,3.34,0.0,0.0,0.0,201.0,1.4534,-0.8531,0.0831,0.0051,-0.0452,-0.0007,3.6324,0.0,0.0,0.0,3.11500000953674,down,2026-09-01T13:17:47,435.0,265.0
VIXW,2026-09-09,7,Call,21.0,VIXW260909C00021000,0.05,0.18,0.11499999999999999,0.15,-0.145,-49.1525,3751.0,495.0,1.3036,0.118,0.0641,0.0044,-0.0434,0.0,0.1606,0.34,0.34,0.13,0.294999994337559,up,2026-09-02T16:11:16,1359.0,815.0
VIXW,2026-09-09,7,Put,21.0,VIXW260909P00021000,4.5,4.95,4.725,4.81,0.765,18.9122,8.0,6.0,1.5892,-0.8812,0.0641,0.0044,-0.0429,-0.0009,4.6039,4.85,4.85,4.81,4.04499995708466,down,2026-09-02T15:42:37,431.0,315.0
VIXW,2026-09-09,7,Call,22.0,VIXW260909C00022000,0.11,0.15,0.13,0.11,-0.125,-53.1915,2207.0,10267.0,1.4131,0.0985,0.0512,0.0039,-0.0413,0.0,0.1406,0.17,0.18,0.1,0.235000006854534,down,2026-09-02T16:07:32,1.0,801.0
VIXW,2026-09-09,7,Put,22.0,VIXW260909P00022000,5.48,5.95,5.715,5.26,0.27,5.41082,10.0,95.0,1.7396,-0.9007,0.0512,0.0039,-0.0406,-0.0011,5.5831,5.1,5.28,5.1,4.99000000953674,down,2026-09-02T09:48:15,10.0,312.0
VIXW,2026-09-09,7,Call,23.0,VIXW260909C00023000,0.08,0.12,0.1,0.09,-0.095,-51.3514,2020.0,3394.0,1.5085,0.0842,0.0422,0.0034,-0.0393,0.0,0.1254,0.17,0.17,0.08,0.185000002384186,down,2026-09-02T16:11:16,1617.0,666.0
VIXW,2026-09-09,7,Put,23.0,VIXW260909P00023000,6.45,6.9,6.675000000000001,6.86,0.0,0.0,0.0,68.0,1.8674,-0.915,0.0422,0.0034,-0.0385,-0.0013,6.567,0.0,0.0,0.0,5.94500017166138,no_change,2026-08-28T10:35:39,398.0,311.0
VIXW,2026-09-09,7,Call,24.0,VIXW260909C00024000,0.06,0.1,0.08,0.08,-0.065,-44.8276,1070.0,3207.0,1.597,0.0734,0.0354,0.0031,-0.0375,0.0,0.1134,0.07,0.09,0.06,0.145000003278255,up,2026-09-02T12:16:44,970.0,656.0
VIXW,2026-09-09,7,Put,24.0,VIXW260909P00024000,7.46,7.9,7.68,6.99,0.0,0.0,0.0,10.0,2.4516,-0.9258,0.0354,0.0031,-0.0366,-0.0014,7.5542,0.0,0.0,0.0,6.89499998092651,down,2026-09-01T16:01:07,286.0,310.0
VIXW,2026-09-09,7,Call,25.0,VIXW260909C00025000,0.06,0.09,0.075,0.07,-0.05,-41.6667,261.0,3252.0,1.6632,0.0649,0.0304,0.0028,-0.0358,0.0,0.1035,0.13,0.13,0.06,0.120000004768372,no_change,2026-09-02T15:19:39,44.0,650.0
VIXW,2026-09-09,7,Put,25.0,VIXW260909P00025000,8.45,8.9,8.675,8.15,0.275,3.49207,10.0,1.0,2.6225,-0.9342,0.0304,0.0028,-0.0348,-0.0016,8.5435,8.15,8.15,8.15,7.87499976158142,down,2026-09-02T09:33:25,383.0,309.0
VIXW,2026-09-09,7,Call,26.0,VIXW260909C00026000,0.04,0.08,0.06,0.06,-0.045,-42.8571,5.0,2638.0,1.7607,0.0581,0.0264,0.0026,-0.0344,0.0,0.0954,0.07,0.07,0.05,0.105000000447035,no_change,2026-09-02T16:03:58,20.0,650.0
VIXW,2026-09-09,7,Put,26.0,VIXW260909P00026000,9.4,9.9,9.65,9.1,0.3,3.40909,230.0,10.0,2.7737,-0.9411,0.0264,0.0026,-0.0332,-0.0018,9.5345,9.1,9.1,9.1,8.80000019073486,down,2026-09-02T09:32:48,394.0,308.0
VIXW,2026-09-09,7,Call,27.0,VIXW260909C00027000,0.04,0.07,0.05500000000000001,0.06,-0.035,-36.8421,201.0,927.0,1.848,0.0525,0.0232,0.0024,-0.033,0.0,0.0884,0.07,0.07,0.06,0.0949999988079071,down,2026-09-02T11:52:22,50.0,650.0
VIXW,2026-09-09,7,Put,27.0,VIXW260909P00027000,10.4,10.9,10.65,0.0,0.0,0.0,0.0,0.0,2.9154,-0.9467,0.0232,0.0024,-0.0317,-0.002,10.5267,0.0,0.0,0.0,9.80000019073486,no_change,,341.0,258.0
VIXW,2026-09-09,7,Call,28.0,VIXW260909C00028000,0.02,0.06,0.04,0.04,-0.05,-55.5556,48.0,8910.0,1.9253,0.0478,0.0206,0.0022,-0.0317,0.0,0.0824,0.07,0.07,0.04,0.0899999998509884,no_change,2026-09-02T16:13:49,100.0,650.0
VIXW,2026-09-09,7,Put,28.0,VIXW260909P00028000,11.4,11.85,11.625,11.07,0.0,0.0,0.0,8.0,3.0778,-0.9514,0.0206,0.0022,-0.0303,-0.0022,11.5199,0.0,0.0,0.0,10.7750000953674,up,2026-08-25T15:22:55,386.0,257.0
VIXW,2026-09-09,7,Call,29.0,VIXW260909C00029000,0.0,0.06,0.03,0.05,0.0,0.0,0.0,133.0,1.9928,0.0438,0.0185,0.002,-0.0305,0.0,0.0772,0.0,0.0,0.0,0.0750000011175871,down,2026-09-01T09:55:54,0.0,650.0
VIXW,2026-09-09,7,Put,29.0,VIXW260909P00029000,12.4,12.85,12.625,12.15,0.0,0.0,0.0,3.0,3.204,-0.9554,0.0185,0.002,-0.0289,-0.0024,12.5138,0.0,0.0,0.0,11.7750000953674,up,2026-08-26T10:22:43,384.0,257.0
VIXW,2026-09-09,7,Call,30.0,VIXW260909C00030000,0.03,0.05,0.04,0.04,-0.03,-42.8571,103.0,1864.0,2.0901,0.0404,0.0167,0.0019,-0.0294,0.0,0.0726,0.05,0.05,0.04,0.0700000021606684,no_change,2026-09-02T14:57:16,1.0,650.0
VIXW,2026-09-09,7,Put,30.0,VIXW260909P00030000,13.4,13.85,13.625,13.6,0.85,6.66667,10.0,4.0,3.3334,-0.9588,0.0167,0.0019,-0.0277,-0.0026,13.5084,13.55,13.6,13.55,12.75,up,2026-09-02T13:12:59,383.0,257.0
VIXW,2026-09-09,7,Call,31.0,VIXW260909C00031000,0.01,0.03,0.02,0.03,-0.02,-40.0,20.0,35.0,2.2212,0.0374,0.0152,0.0018,-0.0283,0.0,0.0684,0.06,0.06,0.03,0.0499999988824129,no_change,2026-09-02T13:40:33,3.0,44.0
VIXW,2026-09-09,7,Put,31.0,VIXW260909P00031000,13.89,15.69,14.79,14.15,0.0,0.0,0.0,2.0,3.4467,-0.9617,0.0152,0.0018,-0.0265,-0.0028,14.5034,0.0,0.0,0.0,13.7249999046326,no_change,2026-08-26T16:01:00,63.0,8.0
VIXW,2026-09-09,7,Call,32.0,VIXW260909C00032000,0.0,0.05,0.025,0.04,-0.005,-11.1111,20.0,5.0,2.2306,0.0348,0.0139,0.0017,-0.0273,0.0,0.0647,0.04,0.04,0.04,0.0449999999254942,no_change,2026-09-02T10:11:16,0.0,650.0
VIXW,2026-09-09,7,Put,32.0,VIXW260909P00032000,14.88,16.71,15.795000000000002,0.0,0.0,0.0,0.0,0.0,2.7924,-0.9644,0.0139,0.0017,-0.0254,-0.003,15.4988,0.0,0.0,0.0,14.7249999046326,no_change,,63.0,63.0
VIXW,2026-09-09,7,Call,33.0,VIXW260909C00033000,0.0,0.04,0.02,0.06,0.0,0.0,0.0,56.0,2.3155,0.0325,0.0128,0.0016,-0.0264,0.0,0.0613,0.0,0.0,0.0,0.0400000000372529,up,2026-09-01T15:58:13,0.0,650.0
VIXW,2026-09-09,7,Put,33.0,VIXW260909P00033000,15.88,17.7,16.79,0.0,0.0,0.0,0.0,0.0,3.6673,-0.9666,0.0128,0.0016,-0.0244,-0.0032,16.4946,0.0,0.0,0.0,15.7249999046326,no_change,,63.0,63.0
VIXW,2026-09-09,7,Call,34.0,VIXW260909C00034000,0.0,0.04,0.02,0.03,0.0,0.0,0.0,43.0,2.3972,0.0305,0.0118,0.0015,-0.0255,0.0,0.0582,0.0,0.0,0.0,0.0449999999254942,down,2026-09-01T15:58:27,0.0,650.0
VIXW,2026-09-09,7,Put,34.0,VIXW260909P00034000,16.87,18.7,17.785,0.0,0.0,0.0,0.0,0.0,3.7974,-0.9687,0.0118,0.0015,-0.0233,-0.0034,17.4907,0.0,0.0,0.0,16.7250003814697,no_change,,63.0,63.0
VIXW,2026-09-09,7,Call,35.0,VIXW260909C00035000,0.0,0.04,0.02,0.03,0.0,0.0,0.0,98.0,2.4759,0.0286,0.0109,0.0014,-0.0247,0.0,0.0554,0.0,0.0,0.0,0.0299999993294477,no_change,2026-09-01T16:02:07,0.0,650.0
VIXW,2026-09-09,7,Put,35.0,VIXW260909P00035000,17.87,19.69,18.78,0.0,0.0,0.0,0.0,0.0,3.8912,-0.9706,0.0109,0.0014,-0.0224,-0.0035,18.487,0.0,0.0,0.0,17.7250003814697,no_change,,63.0,63.0
VIXW,2026-09-09,7,Call,36.0,VIXW260909C00036000,0.0,0.04,0.02,0.03,0.0,2.23517e-06,1.0,100.0,2.5011,0.027,0.0102,0.0014,-0.0239,0.0,0.0528,0.03,0.03,0.03,0.0299999993294477,no_change,2026-09-02T13:31:21,0.0,650.0
VIXW,2026-09-09,7,Put,36.0,VIXW260909P00036000,18.87,20.71,19.79,0.0,0.0,0.0,0.0,0.0,3.9919,-0.9722,0.0102,0.0014,-0.0215,-0.0037,19.4836,0.0,0.0,0.0,18.7000007629395,no_change,,63.0,63.0
VIXW,2026-09-09,7,Call,37.0,VIXW260909C00037000,0.0,0.04,0.02,0.0,0.0,0.0,0.0,0.0,2.5735,0.0254,0.0095,0.0013,-0.0231,0.0,0.0504,0.0,0.0,0.0,0.0299999993294477,no_change,,0.0,650.0
VIXW,2026-09-09,7,Put,37.0,VIXW260909P00037000,19.87,21.68,20.775,0.0,0.0,0.0,0.0,0.0,4.0778,-0.9737,0.0095,0.0013,-0.0206,-0.0039,20.4803,0.0,0.0,0.0,19.7000007629395,no_change,,63.0,8.0
VIXW,2026-09-09,7,Call,38.0,VIXW260909C00038000,0.0,0.04,0.02,0.01,-0.005,-33.3333,10.0,100.0,2.6437,0.0241,0.0089,0.0012,-0.0224,0.0,0.0481,0.01,0.01,0.01,0.0149999996647239,no_change,2026-09-02T14:00:07,0.0,650.0
VIXW,2026-09-09,7,Put,38.0,VIXW260909P00038000,20.86,22.7,21.78,0.0,0.0,0.0,0.0,0.0,4.1715,-0.9751,0.0089,0.0012,-0.0197,-0.0041,21.4773,0.0,0.0,0.0,20.7449998855591,no_change,,63.0,63.0
VIXW,2026-09-09,7,Call,39.0,VIXW260909C00039000,0.0,0.03,0.015,0.07,0.0,0.0,0.0,6.0,2.7116,0.0228,0.0083,0.0012,-0.0217,0.0,0.0461,0.0,0.0,0.0,0.025000000372529,no_change,2026-08-26T09:47:05,0.0,650.0
VIXW,2026-09-09,7,Put,39.0,VIXW260909P00039000,21.86,23.7,22.78,0.0,0.0,0.0,0.0,0.0,4.262,-0.9763,0.0083,0.0012,-0.0189,-0.0043,22.4744,0.0,0.0,0.0,21.7400007247925,no_change,,63.0,63.0
VIXW,2026-09-09,7,Call,40.0,VIXW260909C00040000,0.0,0.03,0.015,0.01,-0.005,-33.3333,30.0,487.0,2.7774,0.0217,0.0078,0.0011,-0.021,0.0,0.0441,0.01,0.01,0.01,0.0149999996647239,no_change,2026-09-02T13:49:09,0.0,650.0
VIXW,2026-09-09,7,Put,40.0,VIXW260909P00040000,22.86,24.7,23.78,0.0,0.0,0.0,0.0,0.0,4.3382,-0.9775,0.0078,0.0011,-0.0182,-0.0045,23.4716,0.0,0.0,0.0,22.7350006103516,no_change,,63.0,63.0
VIXW,2026-09-09,7,Call,42.5,VIXW260909C00042500,0.0,0.03,0.015,0.02,0.0,0.0,0.0,29.0,2.9337,0.0192,0.0068,0.001,-0.0195,0.0,0.0398,0.0,0.0,0.0,0.025000000372529,down,2026-08-28T15:42:54,0.0,650.0
VIXW,2026-09-09,7,Put,42.5,VIXW260909P00042500,25.36,27.17,26.265,0.0,0.0,0.0,0.0,0.0,4.534,-0.98,0.0068,0.001,-0.0163,-0.005,25.9652,0.0,0.0,0.0,25.2300004959106,no_change,,63.0,8.0
VIXW,2026-09-09,7,Call,45.0,VIXW260909C00045000,0.0,0.03,0.015,0.02,0.0,0.0,0.0,119.0,3.0133,0.0171,0.0059,0.0009,-0.0182,0.0,0.0362,0.0,0.0,0.0,0.0199999995529652,no_change,2026-09-01T09:46:49,0.0,650.0
VIXW,2026-09-09,7,Put,45.0,VIXW260909P00045000,27.86,29.67,28.765,0.0,0.0,0.0,0.0,0.0,4.7267,-0.982,0.0059,0.0009,-0.0147,-0.0054,28.4594,0.0,0.0,0.0,27.7250003814697,no_change,,63.0,8.0
VIXW,2026-09-09,7,Call,47.5,VIXW260909C00047500,0.0,0.03,0.015,0.03,0.0,0.0,0.0,8.0,3.1477,0.0154,0.0052,0.0008,-0.017,0.0,0.033,0.0,0.0,0.0,0.0199999995529652,down,2026-08-27T11:42:16,0.0,650.0
VIXW,2026-09-09,7,Put,47.5,VIXW260909P00047500,30.35,32.17,31.26,0.0,0.0,0.0,0.0,0.0,4.8945,-0.9838,0.0052,0.0008,-0.0131,-0.0059,30.9542,0.0,0.0,0.0,30.2150001525879,no_change,,63.0,63.0
VIXW,2026-09-09,7,Call,50.0,VIXW260909C00050000,0.0,0.03,0.015,0.05,0.0,0.0,0.0,72.0,3.2741,0.014,0.0047,0.0008,-0.0159,0.0,0.0302,0.0,0.0,0.0,0.0199999995529652,down,2026-08-26T10:22:57,0.0,650.0
VIXW,2026-09-09,7,Put,50.0,VIXW260909P00050000,32.86,34.66,33.76,33.18,0.465,1.42137,29.0,620.0,5.0507,-0.9852,0.0047,0.0008,-0.0117,-0.0064,33.4494,33.18,33.18,33.18,32.7149991989136,up,2026-09-02T09:43:49,63.0,8.0
VIXW,2026-09-09,7,Call,55.0,VIXW260909C00055000,0.0,0.03,0.015,0.01,-0.005,-33.3333,1.0,800.0,3.506,0.0116,0.0038,0.0007,-0.014,0.0,0.0257,0.01,0.01,0.01,0.0149999996647239,down,2026-09-02T13:20:20,0.0,616.0
VIXW,2026-09-09,7,Put,55.0,VIXW260909P00055000,37.85,39.65,38.75,0.0,0.0,0.0,0.0,0.0,5.3598,-0.9876,0.0038,0.0007,-0.0092,-0.0074,38.4406,0.0,0.0,0.0,37.7049999237061,no_change,,63.0,8.0
VIXW,2026-09-09,7,Call,60.0,VIXW260909C00060000,0.0,0.03,0.015,0.03,0.0,0.0,0.0,260.0,3.7146,0.0098,0.0031,0.0006,-0.0124,0.0,0.0221,0.0,0.0,0.0,0.0149999996647239,no_change,2026-08-26T11:14:33,0.0,616.0
VIXW,2026-09-09,7,Put,60.0,VIXW260909P00060000,42.85,44.65,43.75,0.0,0.0,0.0,0.0,0.0,5.6112,-0.9893,0.0031,0.0006,-0.007,-0.0083,43.4329,0.0,0.0,0.0,42.7049999237061,no_change,,63.0,63.0
VIXW,2026-09-09,7,Call,65.0,VIXW260909C00065000,0.0,0.03,0.015,0.08,0.0,0.0,0.0,220.0,3.9041,0.0084,0.0026,0.0005,-0.0111,0.0,0.0193,0.0,0.0,0.0,0.0149999996647239,down,2026-08-18T12:20:05,0.0,616.0
VIXW,2026-09-09,7,Put,65.0,VIXW260909P00065000,47.85,49.63,48.74,0.0,0.0,0.0,0.0,0.0,5.8496,-0.9907,0.0026,0.0005,-0.0051,-0.0093,48.4259,0.0,0.0,0.0,47.6950016021728,no_change,,63.0,8.0
VIXW,2026-09-09,7,Call,70.0,VIXW260909C00070000,0.0,0.03,0.015,0.13,0.0,0.0,0.0,240.0,4.0776,0.0074,0.0023,0.0004,-0.01,0.0,0.017,0.0,0.0,0.0,0.0149999996647239,up,2026-08-07T15:57:16,0.0,616.0
VIXW,2026-09-09,7,Put,70.0,VIXW260909P00070000,52.85,54.63,53.74,0.0,0.0,0.0,0.0,0.0,6.0664,-0.9918,0.0023,0.0004,-0.0034,-0.0102,53.4194,0.0,0.0,0.0,52.6949996948242,no_change,,63.0,8.0
VIXW,2026-09-09,7,Call,75.0,VIXW260909C00075000,0.0,0.03,0.015,0.02,0.0,0.0,0.0,214.0,4.1414,0.0065,0.002,0.0004,-0.0091,0.0,0.0151,0.0,0.0,0.0,0.0149999996647239,down,2026-08-24T09:35:20,0.0,616.0
VIXW,2026-09-09,7,Put,75.0,VIXW260909P00075000,57.84,59.63,58.735,0.0,0.0,0.0,0.0,0.0,6.2793,-0.9927,0.002,0.0004,-0.0018,-0.0112,58.4134,0.0,0.0,0.0,57.6800003051758,no_change,,63.0,63.0
VIXW,2026-09-09,7,Call,80.0,VIXW260909C00080000,0.0,0.03,0.015,0.05,0.0,0.0,0.0,9.0,4.2874,0.0058,0.0017,0.0004,-0.0083,0.0,0.0136,0.0,0.0,0.0,0.0149999996647239,up,2026-08-17T09:34:52,0.0,616.0
VIXW,2026-09-09,7,Put,80.0,VIXW260909P00080000,62.85,64.63,63.739999999999995,0.0,0.0,0.0,0.0,0.0,5.3271,-0.9934,0.0017,0.0004,-0.0004,-0.0122,63.4077,0.0,0.0,0.0,62.6800003051758,no_change,,63.0,8.0
VIXW,2026-09-09,7,Call,85.0,VIXW260909C00085000,0.0,0.03,0.015,0.02,0.0,0.0,0.0,10.0,4.4236,0.0052,0.0015,0.0003,-0.0076,0.0,0.0123,0.0,0.0,0.0,0.0149999996647239,no_change,2026-08-18T11:09:27,0.0,616.0
VIXW,2026-09-09,7,Put,85.0,VIXW260909P00085000,67.84,69.61,68.725,0.0,0.0,0.0,0.0,0.0,6.6475,-0.994,0.0015,0.0003,0.0,-0.0131,68.4022,0.0,0.0,0.0,67.6750030517578,no_change,,63.0,8.0
VIXW,2026-09-09,7,Call,90.0,VIXW260909C00090000,0.0,0.03,0.015,0.03,0.0,0.0,0.0,52.0,4.551,0.0047,0.0014,0.0003,-0.007,0.0,0.0112,0.0,0.0,0.0,0.0149999996647239,no_change,2026-08-18T11:50:26,0.0,616.0
VIXW,2026-09-09,7,Put,90.0,VIXW260909P00090000,72.84,74.62,73.73,0.0,0.0,0.0,0.0,0.0,6.8062,-0.9945,0.0014,0.0003,0.0,-0.0141,73.3969,0.0,0.0,0.0,72.6700019836426,no_change,,63.0,63.0
VIXW,2026-09-09,7,Call,95.0,VIXW260909C00095000,0.0,0.03,0.015,0.05,0.0,0.0,0.0,10.0,4.6707,0.0043,0.0012,0.0003,-0.0065,0.0,0.0102,0.0,0.0,0.0,0.0149999996647239,no_change,2026-08-12T11:33:00,0.0,616.0
VIXW,2026-09-09,7,Put,95.0,VIXW260909P00095000,77.84,79.6,78.72,0.0,0.0,0.0,0.0,0.0,6.9403,-0.9949,0.0012,0.0003,0.0,-0.015,78.3918,0.0,0.0,0.0,77.6650009155274,no_change,,63.0,8.0
VIXW,2026-09-09,7,Call,100.0,VIXW260909C00100000,0.0,0.01,0.005,0.01,0.0,2.23517e-06,107.0,180.0,4.7836,0.0039,0.0011,0.0002,-0.0061,0.0,0.0094,0.01,0.01,0.01,0.00999999977648258,no_change,2026-09-02T12:06:46,0.0,10.0
VIXW,2026-09-09,7,Put,100.0,VIXW260909P00100000,82.84,84.59,83.715,83.13,0.465,0.56251,29.0,620.0,7.0795,-0.9953,0.0011,0.0002,0.0,-0.016,83.3869,83.13,83.13,83.13,82.6650009155274,down,2026-09-02T09:43:49,63.0,8.0
VIX,2026-09-16,14,Call,10.0,VIX260916C00010000,6.45,6.65,6.550000000000001,6.81,-0.49,-6.71233,10.0,3985.0,0.0,0.9938,0.0039,0.0004,-0.0007,-0.0025,6.618,6.81,6.81,6.81,7.29999995231628,no_change,2026-09-02T11:31:24,1418.0,4113.0
VIX,2026-09-16,14,Put,10.0,VIX260916P00010000,0.0,0.01,0.005,0.01,0.0,0.0,0.0,268.0,1.0478,-0.0046,0.0039,0.0004,-0.0014,0.0,0.0048,0.0,0.0,0.0,0.00499999988824129,no_change,2026-08-24T11:54:38,0.0,1931.0
VIX,2026-09-16,14,Call,10.5,VIX260916C00010500,5.95,6.15,6.050000000000001,6.12,0.0,0.0,0.0,240.0,0.0,0.9927,0.0051,0.0005,-0.0009,-0.0024,6.1197,0.0,0.0,0.0,6.79999995231628,down,2026-08-31T15:34:35,1408.0,4113.0
VIX,2026-09-16,14,Put,10.5,VIX260916P00010500,0.0,0.01,0.005,0.01,0.0,0.0,0.0,2.0,1.0394,-0.0056,0.0051,0.0005,-0.0016,0.0,0.0057,0.0,0.0,0.0,0.00499999988824129,no_change,2026-05-22T15:21:59,0.0,751.0
VIX,2026-09-16,14,Call,11.0,VIX260916C00011000,5.45,5.65,5.550000000000001,5.8,-0.5,-7.93651,10.0,365.0,0.0,0.9912,0.0068,0.0006,-0.0012,-0.0022,5.6216,5.8,5.8,5.8,6.29999995231628,down,2026-09-02T11:01:35,1476.0,4113.0
VIX,2026-09-16,14,Put,11.0,VIX260916P00011000,0.0,0.01,0.005,0.01,0.005,100.0,1.0,22.0,0.9442,-0.0071,0.0068,0.0006,-0.0018,0.0,0.0068,0.01,0.01,0.01,0.00499999988824129,no_change,2026-09-02T15:46:43,0.0,1.0
VIX,2026-09-16,14,Call,11.5,VIX260916C00011500,4.95,5.15,5.050000000000001,5.3,0.0,0.0,0.0,22.0,0.0,0.9892,0.0091,0.0008,-0.0016,-0.002,5.1239,0.0,0.0,0.0,5.79999995231628,down,2026-09-01T11:48:48,1468.0,4423.0
VIX,2026-09-16,14,Put,11.5,VIX260916P00011500,0.0,0.01,0.005,0.01,0.0,0.0,0.0,2021.0,0.8528,-0.0091,0.0091,0.0008,-0.0021,0.0,0.0082,0.0,0.0,0.0,0.00499999988824129,no_change,2026-08-31T10:11:26,0.0,1.0
VIX,2026-09-16,14,Call,12.0,VIX260916C00012000,4.45,4.65,4.550000000000001,4.65,-0.65,-12.2642,13.0,2137.0,0.0,0.9865,0.0124,0.001,-0.002,-0.0018,4.6267,5.1,5.1,4.65,5.29999995231628,no_change,2026-09-02T10:47:53,2593.0,5079.0
VIX,2026-09-16,14,Put,12.0,VIX260916P00012000,0.0,0.01,0.005,0.01,0.0,0.0,0.0,576.0,0.8101,-0.0119,0.0124,0.001,-0.0025,0.0,0.0102,0.0,0.0,0.0,0.00499999988824129,no_change,2026-08-31T10:11:26,0.0,1.0
VIX,2026-09-16,14,Call,12.5,VIX260916C00012500,3.9,4.15,4.025,4.35,0.0,0.0,0.0,44.0,0.0,0.9824,0.0174,0.0013,-0.0026,-0.0016,4.1304,0.0,0.0,0.0,4.79999995231628,no_change,2026-08-28T15:40:15,3292.0,3252.0
VIX,2026-09-16,14,Put,12.5,VIX260916P00012500,0.0,0.02,0.01,0.02,0.0,0.0,0.0,120.0,0.7539,-0.0159,0.0174,0.0013,-0.003,0.0,0.013,0.0,0.0,0.0,0.0149999996647239,down,2026-08-31T14:35:05,0.0,750.0
VIX,2026-09-16,14,Call,13.0,VIX260916C00013000,3.5,3.6,3.55,3.83,-0.47,-10.9302,12.0,2271.0,0.0,0.9763,0.025,0.0017,-0.0033,-0.0014,3.6354,3.89,3.89,3.83,4.29999995231628,down,2026-09-02T11:27:49,300.0,1019.0
VIX,2026-09-16,14,Put,13.0,VIX260916P00013000,0.0,0.02,0.01,0.01,-0.005,-33.3333,1.0,4571.0,0.5967,-0.022,0.025,0.0017,-0.0037,0.0,0.0172,0.01,0.01,0.01,0.0149999996647239,down,2026-09-02T15:20:05,0.0,3.0
VIX,2026-09-16,14,Call,13.5,VIX260916C00013500,3.0,3.1,3.05,3.35,-0.45,-11.8421,2.0,402.0,0.0,0.966,0.0373,0.0024,-0.0044,-0.0012,3.1437,3.35,3.35,3.35,3.79999995231628,down,2026-09-02T11:24:51,1001.0,977.0
VIX,2026-09-16,14,Put,13.5,VIX260916P00013500,0.0,0.04,0.02,0.01,-0.005,-33.3333,10.0,1036.0,0.5762,-0.0323,0.0373,0.0024,-0.0048,0.0,0.0246,0.01,0.01,0.01,0.0149999996647239,down,2026-09-02T15:29:45,0.0,17496.0
VIX,2026-09-16,14,Call,14.0,VIX260916C00014000,2.53,2.59,2.5599999999999996,2.56,-0.74,-22.4242,50.0,2183.0,0.0,0.9457,0.0588,0.0035,-0.0065,-0.001,2.661,3.1,3.15,2.56,3.29999995231628,down,2026-09-02T15:50:00,500.0,1001.0
VIX,2026-09-16,14,Put,14.0,VIX260916P00014000,0.02,0.05,0.035,0.03,-0.005,-14.2857,11.0,34447.0,0.5106,-0.0527,0.0588,0.0035,-0.0068,0.0,0.0411,0.03,0.03,0.03,0.0350000001490116,no_change,2026-09-02T15:46:43,3406.0,7272.0
VIX,2026-09-16,14,Call,14.5,VIX260916C00014500,2.06,2.12,2.09,2.13,-0.71,-25.0,38.0,1739.0,0.5528,0.9048,0.093,0.0054,-0.0104,-0.0008,2.201,2.66,2.66,2.13,2.8400000333786,down,2026-09-02T15:32:41,1000.0,1000.0
VIX,2026-09-16,14,Put,14.5,VIX260916P00014500,0.05,0.08,0.065,0.07,0.0,2.23517e-06,333.0,20380.0,0.5142,-0.0935,0.093,0.0054,-0.0106,0.0,0.0803,0.05,0.07,0.05,0.0699999984353781,no_change,2026-09-02T15:47:48,14455.0,6723.0
VIX,2026-09-16,14,Call,15.0,VIX260916C00015000,1.65,1.7,1.6749999999999998,1.67,-0.715,-29.979,2347.0,8265.0,0.568,0.8358,0.1335,0.0079,-0.0162,-0.0007,1.7854,2.23,2.23,1.67,2.38499999046326,no_change,2026-09-02T16:06:50,2.0,1000.0
VIX,2026-09-16,14,Put,15.0,VIX260916P00015000,0.13,0.15,0.14,0.14,0.03,27.2727,8455.0,82401.0,0.5507,-0.1625,0.1335,0.0079,-0.0164,-0.0001,0.1639,0.1,0.15,0.1,0.109999999403954,down,2026-09-02T15:57:35,5.0,25.0
VIX,2026-09-16,14,Call,15.5,VIX260916C00015500,1.31,1.37,1.34,1.41,-0.575,-28.9673,688.0,2502.0,0.5752,0.7436,0.1655,0.0104,-0.0226,-0.0006,1.4341,1.86,1.86,1.36,1.98500001430511,up,2026-09-02T15:57:24,1000.0,3812.0
VIX,2026-09-16,14,Put,15.5,VIX260916P00015500,0.29,0.33,0.31,0.3,0.08,36.3636,2378.0,98015.0,0.5775,-0.2547,0.1655,0.0104,-0.0228,-0.0001,0.3117,0.22,0.32,0.22,0.219999998807907,up,2026-09-02T15:59:56,6083.0,13689.0
VIX,2026-09-16,14,Call,16.0,VIX260916C00016000,1.05,1.12,1.085,1.1,-0.565,-33.9339,2144.0,31364.0,0.6315,0.6436,0.1806,0.012,-0.0282,-0.0004,1.1506,1.52,1.53,1.1,1.66500002145767,down,2026-09-02T15:59:58,5801.0,7025.0
VIX,2026-09-16,14,Put,16.0,VIX260916P00016000,0.54,0.58,0.56,0.56,0.175,45.4545,10247.0,259662.0,0.6384,-0.3547,0.1806,0.012,-0.0282,-0.0002,0.5273,0.4,0.57,0.4,0.385000005364418,up,2026-09-02T16:09:32,2429.0,5260.0
VIX,2026-09-16,14,Call,16.5,VIX260916C00016500,0.9,0.94,0.9199999999999999,0.91,-0.51,-35.9155,3937.0,39575.0,0.7016,0.5483,0.1759,0.0127,-0.0328,-0.0004,0.9507,1.25,1.3,0.91,1.4200000166893,down,2026-09-02T16:07:40,2.0,11405.0
VIX,2026-09-16,14,Put,16.5,VIX260916P00016500,0.85,0.9,0.875,0.87,0.245,39.2,7621.0,80085.0,0.7048,-0.45,0.1759,0.0127,-0.0328,-0.0003,0.8266,0.7,0.89,0.7,0.625,up,2026-09-02T16:10:11,4299.0,1.0
VIX,2026-09-16,14,Call,17.0,VIX260916C00017000,0.76,0.82,0.79,0.81,-0.42,-34.1463,3201.0,54795.0,0.7721,0.4702,0.1593,0.0128,-0.0366,-0.0003,0.8231,1.2,1.2,0.79,1.23000001907349,up,2026-09-02T16:05:54,5389.0,13891.0
VIX,2026-09-16,14,Put,17.0,VIX260916P00017000,1.22,1.27,1.245,1.2,0.27,29.0323,9137.0,279307.0,0.7798,-0.5281,0.1592,0.0128,-0.0365,-0.0005,1.1983,1.01,1.26,1.01,0.929999977350235,down,2026-09-02T15:58:48,3977.0,3.0
VIX,2026-09-16,14,Call,17.5,VIX260916C00017500,0.67,0.72,0.6950000000000001,0.68,-0.405,-37.3272,255.0,55449.0,0.8539,0.4093,0.1417,0.0125,-0.0392,-0.0003,0.73,0.89,0.89,0.68,1.08499997854233,down,2026-09-02T16:10:41,6397.0,3687.0
VIX,2026-09-16,14,Put,17.5,VIX260916P00017500,1.63,1.7,1.665,1.67,0.385,29.9611,354.0,99464.0,0.8545,-0.5891,0.1417,0.0125,-0.0391,-0.0006,1.6043,1.57,1.67,1.51,1.28500002622604,no_change,2026-09-02T16:07:00,7733.0,10250.0
VIX,2026-09-16,14,Call,18.0,VIX260916C00018000,0.6,0.66,0.63,0.63,-0.345,-35.3846,4162.0,155544.0,0.9191,0.3608,0.1261,0.012,-0.0408,-0.0002,0.656,0.94,0.94,0.63,0.974999994039536,no_change,2026-09-02T16:01:23,8646.0,19204.0
VIX,2026-09-16,14,Put,18.0,VIX260916P00018000,2.06,2.14,2.1,2.04,0.365,21.791,3117.0,166607.0,0.9246,-0.6375,0.1261,0.012,-0.0406,-0.0008,2.0294,1.8,2.1,1.8,1.67500001192093,down,2026-09-02T15:58:48,6826.0,11443.0
VIX,2026-09-16,14,Call,18.5,VIX260916C00018500,0.55,0.6,0.575,0.58,-0.31,-34.8315,620.0,71955.0,0.9849,0.3214,0.1127,0.0115,-0.0416,-0.0002,0.5946,0.74,0.74,0.57,0.890000015497208,no_change,2026-09-02T15:58:47,5399.0,16374.0
VIX,2026-09-16,14,Put,18.5,VIX260916P00018500,2.5,2.58,2.54,2.48,0.39,18.6603,129.0,63008.0,0.9914,-0.677,0.1127,0.0115,-0.0414,-0.001,2.4671,2.53,2.53,2.48,2.0900000333786,down,2026-09-02T15:58:48,6272.0,8367.0
VIX,2026-09-16,14,Call,19.0,VIX260916C00019000,0.5,0.55,0.525,0.52,-0.295,-36.1963,8289.0,121411.0,1.0513,0.2886,0.1013,0.011,-0.042,-0.0002,0.5422,0.71,0.71,0.51,0.814999997615814,up,2026-09-02T16:10:01,7004.0,18422.0
VIX,2026-09-16,14,Put,19.0,VIX260916P00019000,2.95,3.05,3.0,2.93,0.415,16.501,175.0,155993.0,1.0497,-0.7098,0.1013,0.011,-0.0417,-0.0011,2.9139,2.82,2.99,2.8,2.51499998569489,no_change,2026-09-02T15:58:48,6191.0,9147.0
VIX,2026-09-16,14,Call,19.5,VIX260916C00019500,0.46,0.51,0.485,0.48,-0.275,-36.4238,105.0,23912.0,1.1072,0.2609,0.0915,0.0104,-0.0419,-0.0002,0.4968,0.63,0.63,0.48,0.754999995231628,no_change,2026-09-02T15:58:48,3109.0,11399.0
VIX,2026-09-16,14,Put,19.5,VIX260916P00019500,3.4,3.5,3.45,3.35,0.395,13.3672,63.0,24703.0,1.1016,-0.7375,0.0915,0.0104,-0.0416,-0.0013,3.3677,3.4,3.4,3.35,2.95500004291534,no_change,2026-09-02T15:58:48,6776.0,8234.0
VIX,2026-09-16,14,Call,20.0,VIX260916C00020000,0.43,0.47,0.44999999999999996,0.44,-0.265,-37.5887,23033.0,351106.0,1.1589,0.2372,0.0831,0.0099,-0.0416,-0.0002,0.457,0.67,0.68,0.44,0.705000013113022,down,2026-09-02T16:09:59,1.0,10170.0
VIX,2026-09-16,14,Put,20.0,VIX260916P00020000,3.85,3.95,3.9000000000000004,3.85,0.45,13.2353,40.0,158919.0,1.1438,-0.7612,0.0831,0.0099,-0.0412,-0.0015,3.827,3.73,3.9,3.71,3.39999997615814,no_change,2026-09-02T15:58:47,7994.0,5964.0
VIX,2026-09-16,14,Call,20.5,VIX260916C00020500,0.39,0.42,0.405,0.4,-0.255,-38.9313,4086.0,17577.0,1.2024,0.2166,0.0758,0.0094,-0.041,-0.0002,0.4218,0.57,0.57,0.4,0.655000001192093,no_change,2026-09-02T15:58:48,6145.0,10.0
VIX,2026-09-16,14,Put,20.5,VIX260916P00020500,4.3,4.45,4.375,4.0,0.0,0.0,0.0,5306.0,1.2294,-0.7817,0.0758,0.0094,-0.0406,-0.0016,4.291,0.0,0.0,0.0,3.85000002384186,down,2026-09-01T09:57:40,10136.0,6268.0
VIX,2026-09-16,14,Call,21.0,VIX260916C00021000,0.36,0.4,0.38,0.37,-0.235,-38.843,5035.0,149017.0,1.2493,0.1987,0.0694,0.009,-0.0403,-0.0001,0.3906,0.56,0.56,0.37,0.604999989271164,down,2026-09-02T16:09:55,10918.0,6517.0
VIX,2026-09-16,14,Put,21.0,VIX260916P00021000,4.8,4.9,4.85,4.75,0.45,10.4651,7.0,18626.0,1.2567,-0.7996,0.0694,0.009,-0.0398,-0.0018,4.7589,4.63,4.75,4.63,4.29999995231628,up,2026-09-02T12:56:34,1518.0,1156.0
VIX,2026-09-16,14,Call,21.5,VIX260916C00021500,0.33,0.37,0.35,0.35,-0.215,-38.0531,9.0,9984.0,1.2901,0.183,0.0638,0.0085,-0.0395,-0.0001,0.3626,0.42,0.42,0.35,0.564999997615814,down,2026-09-02T15:45:01,12766.0,11362.0
VIX,2026-09-16,14,Put,21.5,VIX260916P00021500,5.25,5.35,5.3,5.14,0.0,0.0,0.0,3433.0,1.2753,-0.8154,0.0638,0.0085,-0.039,-0.002,5.2301,0.0,0.0,0.0,4.77499985694885,no_change,2026-08-31T11:12:08,1644.0,1101.0
VIX,2026-09-16,14,Call,22.0,VIX260916C00022000,0.31,0.35,0.32999999999999996,0.32,-0.21,-39.6226,1717.0,161441.0,1.3371,0.1691,0.0588,0.0081,-0.0386,-0.0001,0.3377,0.44,0.44,0.31,0.530000001192093,up,2026-09-02T15:58:47,10348.0,15124.0
VIX,2026-09-16,14,Put,22.0,VIX260916P00022000,5.7,5.85,5.775,5.6,0.375,7.17703,2.0,42022.0,1.3165,-0.8293,0.0588,0.0081,-0.0381,-0.0022,5.7043,5.56,5.6,5.56,5.22500014305115,up,2026-09-02T10:46:28,9768.0,2362.0
VIX,2026-09-16,14,Call,22.5,VIX260916C00022500,0.28,0.32,0.30000000000000004,0.29,-0.2,-40.8163,565.0,8484.0,1.3601,0.1567,0.0544,0.0077,-0.0378,-0.0001,0.3153,0.37,0.37,0.29,0.489999994635582,no_change,2026-09-02T15:58:48,15948.0,9061.0
VIX,2026-09-16,14,Put,22.5,VIX260916P00022500,6.2,6.3,6.25,6.11,0.41,7.19298,1.0,75.0,1.3191,-0.8416,0.0544,0.0077,-0.0371,-0.0024,6.1811,6.11,6.11,6.11,5.70000004768372,up,2026-09-02T10:41:58,5668.0,1101.0
VIX,2026-09-16,14,Call,23.0,VIX260916C00023000,0.26,0.3,0.28,0.3,-0.15,-33.3333,967.0,157334.0,1.3973,0.1458,0.0504,0.0073,-0.0368,-0.0001,0.2952,0.39,0.39,0.26,0.450000002980232,down,2026-09-02T15:59:30,15473.0,9605.0
VIX,2026-09-16,14,Put,23.0,VIX260916P00023000,6.7,6.8,6.75,6.53,0.38,6.17886,4.0,9947.0,1.3835,-0.8526,0.0504,0.0073,-0.0361,-0.0026,6.6601,6.5,6.55,6.5,6.14999985694885,down,2026-09-02T11:51:05,1225.0,1166.0
VIX,2026-09-16,14,Call,23.5,VIX260916C00023500,0.24,0.28,0.26,0.25,-0.175,-41.1765,48.0,12769.0,1.4302,0.1359,0.0469,0.007,-0.0359,-0.0001,0.277,0.37,0.37,0.25,0.424999997019768,no_change,2026-09-02T15:58:48,17566.0,6560.0
VIX,2026-09-16,14,Put,23.5,VIX260916P00023500,7.15,7.25,7.2,7.2,0.0,0.0,0.0,676.0,1.5142,-0.8624,0.0469,0.007,-0.0352,-0.0027,7.1412,0.0,0.0,0.0,6.625,up,2026-08-31T15:50:00,6652.0,1101.0
VIX,2026-09-16,14,Call,24.0,VIX260916C00024000,0.22,0.27,0.245,0.23,-0.115,-29.1139,645.0,237834.0,1.4665,0.1271,0.0437,0.0067,-0.035,-0.0001,0.2606,0.41,0.41,0.23,0.394999995827675,down,2026-09-02T16:13:32,8524.0,4884.0
VIX,2026-09-16,14,Put,24.0,VIX260916P00024000,7.65,7.75,7.7,7.68,0.58,8.16901,7.0,13372.0,1.4306,-0.8712,0.0437,0.0067,-0.0342,-0.0029,7.6239,7.45,7.68,7.45,7.10000014305115,up,2026-09-02T15:44:07,1525.0,1101.0
VIX,2026-09-16,14,Call,24.5,VIX260916C00024500,0.21,0.25,0.22999999999999998,0.24,-0.135,-36.0,1.0,4788.0,1.4994,0.1192,0.0408,0.0064,-0.0341,-0.0001,0.2458,0.24,0.24,0.24,0.375,down,2026-09-02T15:45:01,13631.0,6904.0
VIX,2026-09-16,14,Put,24.5,VIX260916P00024500,8.15,8.25,8.2,8.1,0.0,0.0,0.0,26.0,1.5641,-0.8791,0.0408,0.0064,-0.0333,-0.0031,8.1083,0.0,0.0,0.0,7.57500004768372,up,2026-08-27T15:45:38,1224.0,2333.0
VIX,2026-09-16,14,Call,25.0,VIX260916C00025000,0.21,0.24,0.22499999999999998,0.22,-0.135,-38.0282,5736.0,300382.0,1.5205,0.112,0.0383,0.0061,-0.0333,-0.0001,0.2324,0.3,0.3,0.22,0.355000004172325,down,2026-09-02T16:09:32,50.0,2888.0
VIX,2026-09-16,14,Put,25.0,VIX260916P00025000,8.6,8.75,8.675,8.65,0.6,7.45341,7.0,7421.0,1.6205,-0.8863,0.0383,0.0061,-0.0323,-0.0033,8.594,8.4,8.65,8.4,8.05000019073486,up,2026-09-02T15:43:47,6615.0,4063.0
VIX,2026-09-16,14,Call,26.0,VIX260916C00026000,0.17,0.21,0.19,0.19,-0.125,-39.6825,39.0,29541.0,1.5872,0.0997,0.0338,0.0056,-0.0316,-0.0001,0.209,0.24,0.24,0.19,0.314999997615814,down,2026-09-02T15:48:23,14800.0,12539.0
VIX,2026-09-16,14,Put,26.0,VIX260916P00026000,9.6,9.7,9.649999999999999,9.25,0.225,2.49307,1.0,1821.0,1.5106,-0.8986,0.0338,0.0056,-0.0306,-0.0037,9.569,9.25,9.25,9.25,9.02500009536743,down,2026-09-02T09:53:15,1226.0,1133.0
VIX,2026-09-16,14,Call,27.0,VIX260916C00027000,0.15,0.19,0.16999999999999998,0.18,-0.11,-37.931,5012.0,46503.0,1.6438,0.0894,0.0301,0.0052,-0.0301,-0.0001,0.1895,0.2,0.22,0.18,0.290000006556511,down,2026-09-02T15:51:43,13278.0,12117.0
VIX,2026-09-16,14,Put,27.0,VIX260916P00027000,10.55,10.7,10.625,10.25,0.0,0.0,0.0,189.0,1.5524,-0.9089,0.0301,0.0052,-0.029,-0.004,10.5479,0.0,0.0,0.0,9.97499990463257,up,2026-08-27T10:06:48,5864.0,3127.0
VIX,2026-09-16,14,Call,28.0,VIX260916C00028000,0.14,0.17,0.15500000000000003,0.18,-0.075,-29.4118,2212.0,89945.0,1.7017,0.0809,0.027,0.0048,-0.0287,-0.0001,0.1731,0.22,0.22,0.18,0.255000002682209,no_change,2026-09-02T12:42:53,10224.0,7614.0
VIX,2026-09-16,14,Put,28.0,VIX260916P00028000,11.55,11.65,11.600000000000001,10.86,0.0,0.0,0.0,132.0,1.5812,-0.9174,0.027,0.0048,-0.0275,-0.0044,11.5298,0.0,0.0,0.0,10.9499998092651,no_change,2026-09-01T14:52:17,2182.0,901.0
VIX,2026-09-16,14,Call,29.0,VIX260916C00029000,0.12,0.16,0.14,0.13,-0.11,-45.8333,2192.0,38462.0,1.7519,0.0736,0.0244,0.0044,-0.0274,-0.0001,0.1592,0.17,0.18,0.13,0.240000002086163,no_change,2026-09-02T16:00:44,17613.0,14904.0
VIX,2026-09-16,14,Put,29.0,VIX260916P00029000,12.55,12.65,12.600000000000001,12.1,0.0,0.0,0.0,1099.0,1.6659,-0.9247,0.0244,0.0044,-0.0261,-0.0048,12.5141,0.0,0.0,0.0,11.9250001907349,up,2026-08-27T09:49:19,1125.0,938.0
VIX,2026-09-16,14,Call,30.0,VIX260916C00030000,0.12,0.15,0.135,0.12,-0.095,-44.186,522.0,187702.0,1.8069,0.0675,0.0221,0.0042,-0.0263,-0.0001,0.1472,0.19,0.19,0.12,0.215000003576279,down,2026-09-02T15:58:17,5.0,12114.0
VIX,2026-09-16,14,Put,30.0,VIX260916P00030000,13.5,13.65,13.575,13.25,0.0,0.0,0.0,4438.0,1.6752,-0.9308,0.0221,0.0042,-0.0248,-0.0052,13.5005,0.0,0.0,0.0,12.9000000953674,down,2026-09-01T09:36:53,5660.0,2999.0
VIX,2026-09-16,14,Call,31.0,VIX260916C00031000,0.1,0.14,0.12000000000000001,0.12,-0.07,-36.8421,12.0,28978.0,1.8562,0.0622,0.0202,0.0039,-0.0252,0.0,0.1368,0.15,0.15,0.12,0.189999997615814,down,2026-09-02T11:36:52,15925.0,9681.0
VIX,2026-09-16,14,Put,31.0,VIX260916P00031000,14.5,14.6,14.55,13.41,0.0,0.0,0.0,40.0,1.8901,-0.9362,0.0202,0.0039,-0.0236,-0.0056,14.4884,0.0,0.0,0.0,13.875,up,2026-08-19T09:30:04,5848.0,901.0
VIX,2026-09-16,14,Call,32.0,VIX260916C00032000,0.09,0.13,0.11,0.12,-0.05,-29.4118,83.0,35721.0,1.9001,0.0575,0.0186,0.0037,-0.0242,0.0,0.1277,0.18,0.18,0.1,0.170000001788139,up,2026-09-02T16:09:53,20516.0,10590.0
VIX,2026-09-16,14,Put,32.0,VIX260916P00032000,15.5,15.6,15.55,15.3,0.0,0.0,0.0,7.0,1.7399,-0.9408,0.0186,0.0037,-0.0226,-0.0059,15.4777,0.0,0.0,0.0,14.875,up,2026-08-28T15:45:29,2245.0,901.0
VIX,2026-09-16,14,Call,33.0,VIX260916C00033000,0.09,0.12,0.105,0.11,-0.05,-31.25,177.0,33811.0,1.9386,0.0535,0.0171,0.0035,-0.0233,0.0,0.1197,0.13,0.13,0.11,0.160000003874302,no_change,2026-09-02T16:02:19,6067.0,13725.0
VIX,2026-09-16,14,Put,33.0,VIX260916P00033000,16.5,16.6,16.55,15.22,0.0,0.0,0.0,29.0,1.8104,-0.9448,0.0171,0.0035,-0.0215,-0.0063,16.468,0.0,0.0,0.0,15.8499999046326,up,2026-08-18T15:22:16,1356.0,901.0
VIX,2026-09-16,14,Call,34.0,VIX260916C00034000,0.08,0.12,0.1,0.12,-0.025,-17.2414,32.0,18889.0,1.9876,0.0499,0.0158,0.0033,-0.0225,0.0,0.1126,0.11,0.12,0.11,0.144999999552965,no_change,2026-09-02T15:58:48,9075.0,14701.0
VIX,2026-09-16,14,Put,34.0,VIX260916P00034000,17.5,17.6,17.55,15.28,0.0,0.0,0.0,14.0,1.7708,-0.9484,0.0158,0.0033,-0.0206,-0.0067,17.4592,0.0,0.0,0.0,16.8499994277954,no_change,2026-07-22T16:02:41,1125.0,2514.0
VIX,2026-09-16,14,Call,35.0,VIX260916C00035000,0.07,0.11,0.09,0.09,-0.045,-33.3333,11090.0,177312.0,2.0166,0.0468,0.0147,0.0031,-0.0217,0.0,0.1063,0.11,0.11,0.08,0.134999997913837,down,2026-09-02T16:01:52,15887.0,20483.0
VIX,2026-09-16,14,Put,35.0,VIX260916P00035000,18.5,18.6,18.55,18.05,0.225,1.26227,4.0,588.0,1.8365,-0.9516,0.0147,0.0031,-0.0197,-0.0071,18.4512,18.05,18.05,18.05,17.8249998092651,up,2026-09-02T09:42:11,424.0,2725.0
VIX,2026-09-16,14,Call,36.0,VIX260916C00036000,0.06,0.11,0.08499999999999999,0.09,-0.04,-30.7692,7.0,29810.0,2.0401,0.0439,0.0137,0.003,-0.021,0.0,0.1006,0.09,0.09,0.09,0.130000002682209,up,2026-09-02T13:08:36,12904.0,14106.0
VIX,2026-09-16,14,Put,36.0,VIX260916P00036000,19.45,19.6,19.525,18.85,0.0,0.0,0.0,70.0,1.9004,-0.9544,0.0137,0.003,-0.0189,-0.0074,19.4438,0.0,0.0,0.0,18.8249998092651,up,2026-08-26T12:02:48,5730.0,3060.0
VIX,2026-09-16,14,Call,37.0,VIX260916C00037000,0.06,0.1,0.08,0.09,-0.03,-25.0,5000.0,38026.0,2.0964,0.0414,0.0128,0.0028,-0.0203,0.0,0.0955,0.09,0.09,0.09,0.120000001043081,down,2026-09-02T16:09:32,17442.0,21912.0
VIX,2026-09-16,14,Put,37.0,VIX260916P00037000,20.45,20.55,20.5,17.4,0.0,0.0,0.0,9.0,1.9625,-0.9569,0.0128,0.0028,-0.0181,-0.0078,20.437,0.0,0.0,0.0,19.8000001907349,down,2026-06-26T15:25:49,5798.0,100.0
VIX,2026-09-16,14,Call,38.0,VIX260916C00038000,0.05,0.09,0.07,0.07,-0.04,-36.3636,1.0,17201.0,2.1115,0.0391,0.0121,0.0027,-0.0197,0.0,0.0908,0.07,0.07,0.07,0.109999999403954,down,2026-09-02T13:27:25,17266.0,10428.0
VIX,2026-09-16,14,Put,38.0,VIX260916P00038000,21.45,21.55,21.5,20.75,0.0,0.0,0.0,79.0,1.8784,-0.9592,0.0121,0.0027,-0.0174,-0.0082,21.4307,0.0,0.0,0.0,20.8000001907349,up,2026-08-26T11:19:09,4613.0,100.0
VIX,2026-09-16,14,Call,39.0,VIX260916C00039000,0.05,0.09,0.07,0.08,-0.015,-15.7895,102.0,1400.0,2.1424,0.0371,0.0114,0.0026,-0.0191,0.0,0.0866,0.07,0.09,0.07,0.0949999988079071,down,2026-09-02T15:58:48,6124.0,15702.0
VIX,2026-09-16,14,Put,39.0,VIX260916P00039000,22.45,22.55,22.5,21.55,0.0,0.0,0.0,50.0,1.9384,-0.9612,0.0114,0.0026,-0.0167,-0.0086,22.4248,0.0,0.0,0.0,21.8000001907349,up,2026-08-19T15:59:11,3056.0,100.0
VIX,2026-09-16,14,Call,40.0,VIX260916C00040000,0.05,0.07,0.060000000000000005,0.06,-0.04,-40.0,1092.0,110311.0,2.1701,0.0352,0.0107,0.0024,-0.0186,0.0,0.0828,0.07,0.09,0.06,0.0999999977648258,no_change,2026-09-02T16:00:54,754.0,1.0
VIX,2026-09-16,14,Put,40.0,VIX260916P00040000,23.45,23.55,23.5,23.0,0.225,0.987923,3.0,33.0,1.9968,-0.9631,0.0107,0.0024,-0.016,-0.009,23.4193,23.0,23.0,23.0,22.7750005722046,down,2026-09-02T09:42:06,2079.0,201.0
VIX,2026-09-16,14,Call,42.5,VIX260916C00042500,0.04,0.08,0.06,0.07,-0.01,-12.5,43.0,41593.0,2.2384,0.0313,0.0094,0.0022,-0.0173,0.0,0.0746,0.07,0.08,0.07,0.0800000000745058,down,2026-09-02T15:58:48,11735.0,13712.0
VIX,2026-09-16,14,Put,42.5,VIX260916P00042500,25.95,26.05,26.0,24.85,0.0,0.0,0.0,430.0,1.9209,-0.9671,0.0094,0.0022,-0.0145,-0.0099,25.9069,0.0,0.0,0.0,25.25,up,2026-08-19T11:20:59,1025.0,1261.0
VIX,2026-09-16,14,Call,45.0,VIX260916C00045000,0.03,0.07,0.05,0.07,0.0,-3.08667e-06,71.0,72307.0,2.3189,0.0281,0.0083,0.002,-0.0163,0.0,0.0678,0.04,0.07,0.04,0.0700000021606684,no_change,2026-09-02T15:58:48,14534.0,7621.0
VIX,2026-09-16,14,Put,45.0,VIX260916P00045000,28.45,28.55,28.5,28.0,0.0,0.0,0.0,304.0,2.0673,-0.9703,0.0083,0.002,-0.0132,-0.0109,28.396,0.0,0.0,0.0,27.75,no_change,2026-08-28T11:59:43,425.0,1906.0
VIX,2026-09-16,14,Call,47.5,VIX260916C00047500,0.03,0.06,0.045,0.06,0.0,2.23517e-06,286.0,20592.0,2.3566,0.0254,0.0074,0.0019,-0.0154,0.0,0.0623,0.04,0.06,0.03,0.0599999986588955,no_change,2026-09-02T15:58:47,3936.0,5752.0
VIX,2026-09-16,14,Put,47.5,VIX260916P00047500,30.9,31.0,30.95,29.75,0.0,0.0,0.0,79.0,1.6412,-0.9729,0.0074,0.0019,-0.012,-0.0118,30.8862,0.0,0.0,0.0,30.25,no_change,2026-08-19T09:31:56,3112.0,100.0
VIX,2026-09-16,14,Call,50.0,VIX260916C00050000,0.02,0.06,0.04,0.04,-0.02,-33.3333,346.0,100085.0,2.4827,0.0232,0.0067,0.0017,-0.0146,0.0,0.0575,0.04,0.06,0.03,0.0600000005215406,no_change,2026-09-02T16:00:30,15599.0,9101.0
VIX,2026-09-16,14,Put,50.0,VIX260916P00050000,33.4,33.5,33.45,33.28,0.0,0.0,0.0,23.0,1.9497,-0.9751,0.0067,0.0017,-0.0109,-0.0128,33.3773,0.0,0.0,0.0,32.7250003814697,up,2026-08-31T13:36:29,2480.0,100.0
VIX,2026-09-16,14,Call,55.0,VIX260916C00055000,0.01,0.05,0.030000000000000002,0.02,-0.02,-50.0,110.0,75225.0,2.582,0.0198,0.0055,0.0015,-0.0132,0.0,0.05,0.05,0.05,0.02,0.0399999991059303,no_change,2026-09-02T16:00:49,8261.0,7213.0
VIX,2026-09-16,14,Put,55.0,VIX260916P00055000,38.25,38.55,38.4,33.15,0.0,0.0,0.0,1.0,2.2916,-0.9785,0.0055,0.0015,-0.0091,-0.0147,38.3614,0.0,0.0,0.0,37.6999988555908,down,2025-12-29T15:40:15,3486.0,3486.0
VIX,2026-09-16,14,Call,60.0,VIX260916C00060000,0.01,0.05,0.030000000000000002,0.05,0.015,42.8571,217.0,89844.0,2.6909,0.0172,0.0047,0.0013,-0.0121,0.0,0.0443,0.02,0.05,0.02,0.0350000001490116,no_change,2026-09-02T15:58:48,5.0,5648.0
VIX,2026-09-16,14,Put,60.0,VIX260916P00060000,43.2,43.55,43.375,40.5,0.0,0.0,0.0,16.0,0.0,-0.9811,0.0047,0.0013,-0.0074,-0.0166,43.3473,0.0,0.0,0.0,42.6749992370606,no_change,2026-07-28T13:04:22,3486.0,3486.0
VIX,2026-09-16,14,Call,65.0,VIX260916C00065000,0.01,0.04,0.025,0.04,0.015,60.0,1060.0,55515.0,2.827,0.0152,0.0041,0.0012,-0.0112,0.0,0.0397,0.03,0.04,0.01,0.0249999994412065,no_change,2026-09-02T15:58:48,1.0,750.0
VIX,2026-09-16,14,Put,65.0,VIX260916P00065000,48.2,48.55,48.375,0.0,0.0,0.0,0.0,0.0,0.0,-0.9831,0.0041,0.0012,-0.006,-0.0185,48.3343,0.0,0.0,0.0,47.6749992370606,no_change,,3486.0,3486.0
VIX,2026-09-16,14,Call,70.0,VIX260916C00070000,0.0,0.03,0.015,0.03,0.005,20.0,622.0,105483.0,2.8448,0.0136,0.0036,0.0011,-0.0104,0.0,0.0359,0.01,0.03,0.01,0.0249999994412065,no_change,2026-09-02T15:58:48,0.0,1961.0
VIX,2026-09-16,14,Put,70.0,VIX260916P00070000,53.2,53.5,53.35,0.0,0.0,0.0,0.0,0.0,0.0,-0.9847,0.0036,0.0011,-0.0046,-0.0204,53.3222,0.0,0.0,0.0,52.6499996185303,no_change,,3176.0,3176.0
VIX,2026-09-16,14,Call,75.0,VIX260916C00075000,0.0,0.03,0.015,0.03,0.015,100.0,2180.0,32499.0,2.9568,0.0123,0.0032,0.001,-0.0098,0.0,0.0328,0.01,0.03,0.01,0.0149999996647239,no_change,2026-09-02T15:58:48,0.0,5372.0
VIX,2026-09-16,14,Put,75.0,VIX260916P00075000,58.2,58.5,58.35,0.0,0.0,0.0,0.0,0.0,0.0,-0.986,0.0032,0.001,-0.0034,-0.0223,58.3107,0.0,0.0,0.0,57.6499996185303,no_change,,3176.0,3176.0
VIX,2026-09-16,14,Call,80.0,VIX260916C00080000,0.0,0.03,0.015,0.03,0.015,100.0,35.0,37637.0,3.0607,0.0112,0.0029,0.0009,-0.0092,0.0,0.0302,0.02,0.03,0.02,0.0149999996647239,no_change,2026-09-02T15:58:48,0.0,750.0
VIX,2026-09-16,14,Put,80.0,VIX260916P00080000,63.15,63.5,63.325,61.35,0.0,0.0,0.0,1.0,0.0,-0.9872,0.0029,0.0009,-0.0023,-0.0243,63.2997,0.0,0.0,0.0,62.625,up,2026-08-11T15:58:43,3176.0,3176.0
VIX,2026-09-16,14,Call,85.0,VIX260916C00085000,0.0,0.03,0.015,0.02,0.005,33.3333,21.0,32084.0,3.1574,0.0102,0.0026,0.0008,-0.0087,0.0,0.028,0.01,0.02,0.01,0.0149999996647239,no_change,2026-09-02T15:58:47,0.0,752.0
VIX,2026-09-16,14,Put,85.0,VIX260916P00085000,68.2,68.5,68.35,0.0,0.0,0.0,0.0,0.0,3.3094,-0.9881,0.0026,0.0008,-0.0012,-0.0262,68.2891,0.0,0.0,0.0,67.625,no_change,,3176.0,3176.0
VIX,2026-09-16,14,Call,90.0,VIX260916C00090000,0.0,0.03,0.015,0.01,0.0,0.0,0.0,23186.0,3.248,0.0094,0.0024,0.0008,-0.0082,0.0,0.026,0.0,0.0,0.0,0.0149999996647239,down,2026-09-01T09:33:44,0.0,3958.0
VIX,2026-09-16,14,Put,90.0,VIX260916P00090000,73.15,73.5,73.325,72.54,0.0,0.0,0.0,1.0,0.0,-0.9889,0.0024,0.0008,-0.0002,-0.0281,73.2788,0.0,0.0,0.0,72.5999984741211,up,2026-08-26T11:30:35,3176.0,3176.0
VIX,2026-09-16,14,Call,95.0,VIX260916C00095000,0.0,0.03,0.015,0.01,0.0,0.0,0.0,28797.0,3.2601,0.0088,0.0022,0.0007,-0.0078,0.0,0.0243,0.0,0.0,0.0,0.0149999996647239,no_change,2026-08-27T10:18:17,0.0,2600.0
VIX,2026-09-16,14,Put,95.0,VIX260916P00095000,78.15,78.5,78.325,0.0,0.0,0.0,0.0,0.0,0.0,-0.9896,0.0022,0.0007,0.0,-0.03,78.2687,0.0,0.0,0.0,77.625,no_change,,1700.0,1700.0
VIX,2026-09-16,14,Call,100.0,VIX260916C00100000,0.0,0.03,0.015,0.01,0.0,0.0,0.0,25816.0,3.3391,0.0082,0.002,0.0007,-0.0074,0.0,0.0227,0.0,0.0,0.0,0.0149999996647239,no_change,2026-08-28T11:31:53,0.0,753.0
VIX,2026-09-16,14,Put,100.0,VIX260916P00100000,83.15,83.5,83.325,81.67,0.0,0.0,0.0,69.0,0.0,-0.9902,0.002,0.0007,0.0,-0.0319,83.2588,0.0,0.0,0.0,82.625,up,2026-08-13T12:35:40,1700.0,1700.0
VIX,2026-09-16,14,Call,110.0,VIX260916C00110000,0.0,0.03,0.015,0.01,0.005,100.0,1001.0,10234.0,3.4847,0.0072,0.0017,0.0006,-0.0068,0.0,0.0202,0.01,0.01,0.01,0.00499999988824129,no_change,2026-09-02T14:23:17,0.0,2600.0
VIX,2026-09-16,14,Put,110.0,VIX260916P00110000,93.15,93.45,93.30000000000001,87.6,0.0,0.0,0.0,55.0,0.0,-0.9912,0.0017,0.0006,0.0,-0.0357,93.2395,0.0,0.0,0.0,92.5750007629394,no_change,2026-05-28T13:18:08,1700.0,1700.0
VIX,2026-09-16,14,Call,120.0,VIX260916C00120000,0.0,0.02,0.01,0.02,0.0,0.0,0.0,22215.0,3.6163,0.0064,0.0015,0.0006,-0.0062,0.0,0.0181,0.0,0.0,0.0,0.0149999996647239,up,2026-08-19T13:39:38,0.0,750.0
VIX,2026-09-16,14,Put,120.0,VIX260916P00120000,103.1,103.45,103.275,98.75,0.0,0.0,0.0,107.0,0.0,-0.992,0.0015,0.0006,0.0,-0.0396,103.2206,0.0,0.0,0.0,102.575000762939,up,2026-06-25T16:00:27,1700.0,1700.0
VIX,2026-09-16,14,Call,130.0,VIX260916C00130000,0.0,0.02,0.01,0.01,0.0,0.0,0.0,10816.0,3.7363,0.0057,0.0014,0.0005,-0.0057,0.0,0.0164,0.0,0.0,0.0,0.0149999996647239,no_change,2026-08-17T13:40:35,0.0,750.0
VIX,2026-09-16,14,Put,130.0,VIX260916P00130000,113.1,113.45,113.275,113.18,0.0,0.0,0.0,101.0,0.0,-0.9926,0.0014,0.0005,0.0,-0.0434,113.2021,0.0,0.0,0.0,112.549999237061,up,2026-08-31T15:43:15,1700.0,1700.0
VIX,2026-09-16,14,Call,140.0,VIX260916C00140000,0.0,0.02,0.01,0.01,0.0,0.0,0.0,20229.0,3.8465,0.0052,0.0012,0.0005,-0.0053,0.0,0.0149,0.0,0.0,0.0,0.0149999996647239,down,2026-08-12T10:37:37,0.0,750.0
VIX,2026-09-16,14,Put,140.0,VIX260916P00140000,123.1,123.4,123.25,118.0,0.0,0.0,0.0,120.0,0.0,-0.9932,0.0012,0.0005,0.0,-0.0472,123.1839,0.0,0.0,0.0,122.524997711182,down,2026-06-17T14:15:34,1700.0,1700.0
VIX,2026-09-16,14,Call,150.0,VIX260916C00150000,0.0,0.02,0.01,0.01,0.0,0.0,0.0,27851.0,3.9484,0.0047,0.0011,0.0004,-0.005,0.0,0.0137,0.0,0.0,0.0,0.0149999996647239,no_change,2026-09-01T14:50:34,0.0,750.0
VIX,2026-09-16,14,Put,150.0,VIX260916P00150000,133.05,133.4,133.22500000000002,124.5,0.0,0.0,0.0,1.0,0.0,-0.9936,0.0011,0.0004,0.0,-0.051,133.1659,0.0,0.0,0.0,132.525001525879,up,2025-12-26T11:00:14,1700.0,1700.0
VIX,2026-09-16,14,Call,160.0,VIX260916C00160000,0.0,0.02,0.01,0.04,0.0,0.0,0.0,720.0,4.043,0.0043,0.001,0.0004,-0.0046,0.0,0.0126,0.0,0.0,0.0,0.0149999996647239,down,2026-07-31T12:47:28,0.0,2600.0
VIX,2026-09-16,14,Put,160.0,VIX260916P00160000,143.1,143.4,143.25,0.0,0.0,0.0,0.0,0.0,3.9292,-0.994,0.001,0.0004,0.0,-0.0549,143.1481,0.0,0.0,0.0,142.5,no_change,,1700.0,1700.0
VIX,2026-09-16,14,Call,170.0,VIX260916C00170000,0.0,0.02,0.01,0.03,0.0,0.0,0.0,3294.0,4.1314,0.004,0.0009,0.0004,-0.0044,0.0,0.0117,0.0,0.0,0.0,0.0149999996647239,no_change,2026-08-06T13:57:23,0.0,2600.0
VIX,2026-09-16,14,Put,170.0,VIX260916P00170000,153.05,153.35,153.2,0.0,0.0,0.0,0.0,0.0,0.0,-0.9944,0.0009,0.0004,0.0,-0.0587,153.1304,0.0,0.0,0.0,152.474998474121,no_change,,1700.0,1700.0
VIX,2026-09-16,14,Call,180.0,VIX260916C00180000,0.0,0.02,0.01,0.03,0.0,0.0,0.0,2762.0,4.1093,0.0037,0.0008,0.0003,-0.0041,0.0,0.0108,0.0,0.0,0.0,0.0149999996647239,no_change,2026-07-31T12:50:10,0.0,2600.0
VIX,2026-09-16,14,Put,180.0,VIX260916P00180000,163.0,163.35,163.175,161.27,0.0,0.0,0.0,1.0,0.0,-0.9946,0.0008,0.0003,0.0,-0.0625,163.1128,0.0,0.0,0.0,162.474998474121,down,2026-08-13T13:25:08,1700.0,1700.0
VIX,2026-09-16,14,Call,190.0,VIX260916C00190000,0.0,0.01,0.005,0.02,0.0,0.0,0.0,2060.0,4.186,0.0034,0.0008,0.0003,-0.0039,0.0,0.0101,0.0,0.0,0.0,0.00499999988824129,no_change,2026-07-31T14:07:30,0.0,10.0
VIX,2026-09-16,14,Put,190.0,VIX260916P00190000,173.0,173.35,173.175,0.0,0.0,0.0,0.0,0.0,0.0,-0.9949,0.0008,0.0003,0.0,-0.0664,173.0954,0.0,0.0,0.0,172.450004577637,no_change,,1060.0,1060.0
VIX,2026-09-16,14,Call,200.0,VIX260916C00200000,0.0,0.01,0.005,0.01,0.0,0.0,0.0,2380.0,4.2584,0.0032,0.0007,0.0003,-0.0037,0.0,0.0095,0.0,0.0,0.0,0.00499999988824129,no_change,2026-08-20T13:29:53,0.0,20.0
VIX,2026-09-16,14,Put,200.0,VIX260916P00200000,183.0,183.35,183.175,182.4,0.0,0.0,0.0,41.0,0.0,-0.9951,0.0007,0.0003,0.0,-0.0702,183.078,0.0,0.0,0.0,182.425003051758,up,2026-08-26T10:01:48,1060.0,1060.0
VIXW,2026-09-23,21,Call,10.0,VIXW260923C00010000,6.13,7.92,7.025,7.1,-0.65,-8.3871,10.0,52.0,1.2939,0.9877,0.0064,0.0011,-0.0016,-0.004,7.0008,7.1,7.1,7.1,7.75,down,2026-09-02T11:48:00,63.0,63.0
VIXW,2026-09-23,21,Put,10.0,VIXW260923P00010000,0.0,0.02,0.01,0.0,0.0,0.0,0.0,0.0,0.9611,-0.0098,0.0064,0.0011,-0.0024,0.0,0.014,0.0,0.0,0.0,0.00999999977648258,no_change,,0.0,48.0
VIXW,2026-09-23,21,Call,10.5,VIXW260923C00010500,5.63,7.42,6.525,0.0,0.0,0.0,0.0,0.0,1.1867,0.9864,0.0077,0.0012,-0.0017,-0.0037,6.5028,0.0,0.0,0.0,7.08500003814697,no_change,,8.0,63.0
VIXW,2026-09-23,21,Put,10.5,VIXW260923P00010500,0.0,0.02,0.01,0.0,0.0,0.0,0.0,0.0,0.8807,-0.0111,0.0077,0.0012,-0.0025,0.0,0.0148,0.0,0.0,0.0,0.00999999977648258,no_change,,0.0,39.0
VIXW,2026-09-23,21,Call,11.0,VIXW260923C00011000,5.13,6.93,6.029999999999999,8.0,0.0,0.0,0.0,1.0,1.1001,0.9848,0.0094,0.0013,-0.0018,-0.0034,6.005,0.0,0.0,0.0,6.59499979019165,up,2026-08-20T09:30:10,8.0,63.0
VIXW,2026-09-23,21,Put,11.0,VIXW260923P00011000,0.0,0.02,0.01,0.0,0.0,0.0,0.0,0.0,0.8037,-0.0127,0.0094,0.0013,-0.0026,0.0,0.0157,0.0,0.0,0.0,0.00999999977648258,no_change,,0.0,33.0
VIXW,2026-09-23,21,Call,11.5,VIXW260923C00011500,4.63,6.43,5.529999999999999,0.0,0.0,0.0,0.0,0.0,1.0154,0.9828,0.0116,0.0015,-0.002,-0.0032,5.5075,0.0,0.0,0.0,6.08999991416931,no_change,,63.0,63.0
VIXW,2026-09-23,21,Put,11.5,VIXW260923P00011500,0.0,0.04,0.02,0.0,0.0,0.0,0.0,0.0,0.8334,-0.0147,0.0116,0.0015,-0.0027,0.0,0.0169,0.0,0.0,0.0,0.0199999995529652,no_change,,0.0,116.0
VIXW,2026-09-23,21,Call,12.0,VIXW260923C00012000,4.13,5.94,5.035,0.0,0.0,0.0,0.0,0.0,0.9322,0.9801,0.0146,0.0018,-0.0023,-0.0029,5.0106,0.0,0.0,0.0,5.60500001907349,no_change,,8.0,63.0
VIXW,2026-09-23,21,Put,12.0,VIXW260923P00012000,0.0,0.24,0.12,0.09,0.0,0.0,0.0,5.0,0.7539,-0.0174,0.0146,0.0018,-0.0029,0.0,0.0187,0.0,0.0,0.0,0.0199999995529652,up,2026-08-13T11:31:47,0.0,62.0
VIXW,2026-09-23,21,Call,12.5,VIXW260923C00012500,3.64,5.45,4.545,4.82,0.0,0.0,0.0,1.0,0.8504,0.9761,0.019,0.0021,-0.0026,-0.0026,4.5148,0.0,0.0,0.0,5.1100001335144,down,2026-08-31T09:53:47,63.0,63.0
VIXW,2026-09-23,21,Put,12.5,VIXW260923P00012500,0.0,0.25,0.125,0.0,0.0,0.0,0.0,0.0,0.677,-0.0214,0.019,0.0021,-0.0031,0.0,0.0217,0.0,0.0,0.0,0.0199999995529652,no_change,,0.0,50.0
VIXW,2026-09-23,21,Call,13.0,VIXW260923C00013000,3.14,4.96,4.05,4.05,-0.56,-12.1475,10.0,0.0,0.7696,0.9699,0.0256,0.0026,-0.0031,-0.0023,4.021,4.33,4.33,4.05,4.6100001335144,down,2026-09-02T15:53:00,63.0,63.0
VIXW,2026-09-23,21,Put,13.0,VIXW260923P00013000,0.0,0.05,0.025,0.05,0.0,0.0,0.0,12.0,0.6024,-0.0276,0.0256,0.0026,-0.0036,0.0,0.0266,0.0,0.0,0.0,0.0199999995529652,down,2026-08-19T11:20:11,0.0,13.0
VIXW,2026-09-23,21,Call,13.5,VIXW260923C00013500,2.66,4.46,3.56,3.8,-0.315,-7.65492,5.0,12.0,0.7076,0.9599,0.0357,0.0034,-0.0039,-0.002,3.5307,3.85,3.85,3.8,4.11500012874603,down,2026-09-02T12:27:51,8.0,63.0
VIXW,2026-09-23,21,Put,13.5,VIXW260923P00013500,0.0,0.05,0.025,0.03,0.0,0.0,0.0,8.0,0.5474,-0.0376,0.0357,0.0034,-0.0043,0.0,0.0351,0.0,0.0,0.0,0.0249999994412065,up,2026-08-31T15:56:27,0.0,19.0
VIXW,2026-09-23,21,Call,14.0,VIXW260923C00014000,2.51,3.96,3.235,3.02,-0.85,-21.9638,2.0,1406.0,0.6493,0.9423,0.0516,0.0046,-0.0052,-0.0018,3.0485,3.14,3.14,3.02,3.86999988555908,down,2026-09-02T15:50:39,400.0,63.0
VIXW,2026-09-23,21,Put,14.0,VIXW260923P00014000,0.01,0.07,0.04,0.03,0.0,0.0,0.0,783.0,0.4889,-0.0552,0.0516,0.0046,-0.0056,0.0,0.0516,0.0,0.0,0.0,0.0399999991059303,no_change,2026-09-01T10:34:09,76.0,1.0
VIXW,2026-09-23,21,Call,14.5,VIXW260923C00014500,2.05,3.56,2.8049999999999997,2.65,-0.66,-19.9396,5.0,1151.0,0.481,0.9048,0.0772,0.0068,-0.0081,-0.0015,2.594,2.65,2.65,2.65,3.31000006198883,down,2026-09-02T12:59:56,9.0,270.0
VIXW,2026-09-23,21,Put,14.5,VIXW260923P00014500,0.0,0.14,0.07,0.1,-0.01,-9.09091,10.0,27.0,0.5268,-0.0926,0.0772,0.0068,-0.0084,-0.0001,0.0958,0.1,0.1,0.1,0.110000001266599,up,2026-09-02T10:36:01,0.0,1.0
VIXW,2026-09-23,21,Call,15.0,VIXW260923C00015000,2.07,2.87,2.4699999999999998,2.28,-0.59,-20.5575,487.0,1184.0,0.5314,0.8373,0.1056,0.0099,-0.0132,-0.0013,2.2036,2.56,2.56,2.19,2.87000000476837,up,2026-09-02T16:10:18,237.0,63.0
VIXW,2026-09-23,21,Put,15.0,VIXW260923P00015000,0.16,0.23,0.195,0.22,0.07,46.6667,111.0,1127.0,0.5415,-0.1601,0.1056,0.0099,-0.0134,-0.0001,0.2039,0.18,0.22,0.18,0.149999998509884,up,2026-09-02T15:11:58,10.0,1.0
VIXW,2026-09-23,21,Call,16.0,VIXW260923C00016000,1.52,1.8,1.6600000000000001,1.65,-0.475,-22.3529,297.0,877.0,0.6366,0.6752,0.131,0.0145,-0.0236,-0.0009,1.6267,2.0,2.11,1.54,2.125,no_change,2026-09-02T16:08:11,10.0,2.0
VIXW,2026-09-23,21,Put,16.0,VIXW260923P00016000,0.21,1.11,0.66,0.54,0.1,22.7273,132.0,96.0,0.6484,-0.3223,0.131,0.0145,-0.0237,-0.0004,0.6247,0.47,0.54,0.47,0.439999997615814,up,2026-09-02T11:52:42,77.0,77.0
VIXW,2026-09-23,21,Call,17.0,VIXW260923C00017000,1.09,1.29,1.19,1.23,-0.4,-24.5399,2369.0,1760.0,0.747,0.5368,0.1248,0.016,-0.0304,-0.0007,1.2583,1.62,1.62,1.17,1.62999999523163,down,2026-09-02T15:58:09,977.0,603.0
VIXW,2026-09-23,21,Put,17.0,VIXW260923P00017000,1.16,1.28,1.22,1.16,0.23,24.7312,5.0,96.0,0.7654,-0.4606,0.1248,0.016,-0.0304,-0.0007,1.2538,0.95,1.16,0.95,0.930000007152557,up,2026-09-02T12:39:22,38.0,2.0
VIXW,2026-09-23,21,Call,18.0,VIXW260923C00018000,0.87,1.04,0.9550000000000001,0.96,-0.375,-28.0899,196.0,1094.0,0.8552,0.4328,0.1106,0.0159,-0.0337,-0.0006,1.0012,1.25,1.3,0.95,1.33499997854233,up,2026-09-02T15:52:40,437.0,122.0
VIXW,2026-09-23,21,Put,18.0,VIXW260923P00018000,1.47,2.71,2.09,1.92,0.305,18.8854,25.0,502.0,0.8722,-0.5647,0.1106,0.0159,-0.0336,-0.0012,1.9942,1.63,1.92,1.63,1.61500000953674,up,2026-09-02T12:39:22,72.0,72.0
VIXW,2026-09-23,21,Call,19.0,VIXW260923C00019000,0.76,0.87,0.815,0.87,-0.23,-20.9091,42.0,6090.0,0.9684,0.3549,0.0957,0.015,-0.0348,-0.0005,0.8177,1.1,1.1,0.86,1.10000002384186,up,2026-09-02T15:50:39,2.0,13.0
VIXW,2026-09-23,21,Put,19.0,VIXW260923P00019000,2.26,3.63,2.945,2.59,0.0,0.0,0.0,30.0,0.9681,-0.6426,0.0957,0.015,-0.0346,-0.0016,2.8081,0.0,0.0,0.0,2.38499999046326,up,2026-09-01T10:22:25,68.0,68.0
VIXW,2026-09-23,21,Call,20.0,VIXW260923C00020000,0.6,0.75,0.675,0.66,-0.28,-29.4737,1308.0,15434.0,1.044,0.2965,0.0823,0.014,-0.0348,-0.0004,0.6854,0.86,0.93,0.66,0.949999988079071,down,2026-09-02T16:08:12,123.0,123.0
VIXW,2026-09-23,21,Put,20.0,VIXW260923P00020000,3.45,4.1,3.775,3.38,0.16,4.96894,66.0,49.0,1.0597,-0.701,0.0823,0.014,-0.0345,-0.0021,3.6734,3.38,3.38,3.38,3.22000002861023,no_change,2026-09-02T09:44:51,67.0,68.0
VIXW,2026-09-23,21,Call,21.0,VIXW260923C00021000,0.18,0.67,0.42500000000000004,0.6,-0.24,-28.5714,74.0,904.0,1.1078,0.2525,0.071,0.0129,-0.0343,-0.0003,0.5888,0.65,0.65,0.6,0.839999973773956,down,2026-09-02T15:54:32,93.0,13.0
VIXW,2026-09-23,21,Put,21.0,VIXW260923P00021000,3.95,5.05,4.5,4.13,0.0,0.0,0.0,6.0,1.1306,-0.745,0.071,0.0129,-0.0339,-0.0026,4.5742,0.0,0.0,0.0,4.09499990940094,down,2026-09-01T12:34:22,68.0,67.0
VIXW,2026-09-23,21,Call,22.0,VIXW260923C00022000,0.49,0.6,0.5449999999999999,0.54,-0.195,-26.5306,1518.0,2915.0,1.1758,0.2188,0.0617,0.0119,-0.0336,-0.0003,0.5164,0.72,0.72,0.54,0.735000014305115,down,2026-09-02T15:24:11,1.0,13.0
VIXW,2026-09-23,21,Put,22.0,VIXW260923P00022000,5.28,5.97,5.625,5.2,0.0,0.0,0.0,2.0,1.2025,-0.7786,0.0617,0.0119,-0.033,-0.0032,5.4993,0.0,0.0,0.0,4.99500012397766,up,2026-08-28T10:24:14,10.0,68.0
VIXW,2026-09-23,21,Call,23.0,VIXW260923C00023000,0.06,0.49,0.275,0.46,-0.185,-28.6822,383.0,1455.0,1.2388,0.1925,0.0541,0.011,-0.0328,-0.0003,0.4604,0.63,0.63,0.45,0.645000010728836,up,2026-09-02T15:52:40,91.0,35.0
VIXW,2026-09-23,21,Put,23.0,VIXW260923P00023000,5.75,6.89,6.32,6.18,0.0,0.0,0.0,41.0,1.2654,-0.805,0.0541,0.011,-0.0321,-0.0037,6.4408,0.0,0.0,0.0,5.71000003814697,up,2026-08-28T16:02:27,68.0,10.0
VIXW,2026-09-23,21,Call,24.0,VIXW260923C00024000,0.36,0.49,0.425,0.41,-0.17,-29.3103,56.0,9142.0,1.3062,0.1714,0.0479,0.0103,-0.032,-0.0002,0.4156,0.48,0.48,0.41,0.580000013113022,down,2026-09-02T15:15:10,10.0,13.0
VIXW,2026-09-23,21,Put,24.0,VIXW260923P00024000,7.17,7.83,7.5,6.98,0.0,0.0,0.0,2.0,1.3324,-0.826,0.0479,0.0103,-0.0311,-0.0042,7.3935,0.0,0.0,0.0,6.84500002861023,up,2026-08-27T10:57:49,10.0,10.0
VIXW,2026-09-23,21,Call,25.0,VIXW260923C00025000,0.0,0.45,0.225,0.39,-0.13,-25.0,53.0,1696.0,1.3624,0.1542,0.0427,0.0096,-0.0311,-0.0002,0.3787,0.47,0.47,0.36,0.519999995827675,up,2026-09-02T15:36:51,0.0,13.0
VIXW,2026-09-23,21,Put,25.0,VIXW260923P00025000,8.11,8.79,8.45,0.0,0.0,0.0,0.0,0.0,1.388,-0.8433,0.0427,0.0096,-0.0301,-0.0048,8.3541,0.0,0.0,0.0,7.77999997138977,no_change,,10.0,10.0
VIXW,2026-09-23,21,Call,26.0,VIXW260923C00026000,0.01,0.4,0.20500000000000002,0.34,-0.13,-27.6596,1.0,283.0,1.4138,0.1398,0.0384,0.009,-0.0302,-0.0002,0.3475,0.34,0.34,0.34,0.469999998807907,down,2026-09-02T15:44:48,94.0,2.0
VIXW,2026-09-23,21,Put,26.0,VIXW260923P00026000,9.09,9.75,9.42,8.54,0.0,0.0,0.0,90.0,1.4385,-0.8577,0.0384,0.009,-0.0291,-0.0054,9.3203,0.0,0.0,0.0,8.72499990463257,down,2026-08-26T10:39:03,10.0,10.0
VIXW,2026-09-23,21,Call,27.0,VIXW260923C00027000,0.0,0.39,0.195,0.33,-0.095,-22.3529,1.0,140.0,1.4619,0.1276,0.0348,0.0084,-0.0293,-0.0002,0.3206,0.33,0.33,0.33,0.424999997019768,down,2026-09-02T11:42:34,0.0,13.0
VIXW,2026-09-23,21,Put,27.0,VIXW260923P00027000,10.06,10.73,10.395,0.0,0.0,0.0,0.0,0.0,1.4971,-0.8699,0.0348,0.0084,-0.0281,-0.0059,10.2909,0.0,0.0,0.0,9.67500019073486,no_change,,8.0,8.0
VIXW,2026-09-23,21,Call,28.0,VIXW260923C00028000,0.0,0.33,0.165,0.34,0.0,0.0,0.0,155.0,1.5148,0.1171,0.0317,0.0079,-0.0285,-0.0002,0.2972,0.0,0.0,0.0,0.395000010728836,no_change,2026-09-01T09:58:21,0.0,13.0
VIXW,2026-09-23,21,Put,28.0,VIXW260923P00028000,11.01,11.7,11.355,10.45,0.0,0.0,0.0,91.0,1.5489,-0.8804,0.0317,0.0079,-0.0272,-0.0065,11.2649,0.0,0.0,0.0,10.6349997520447,up,2026-08-26T10:39:03,10.0,10.0
VIXW,2026-09-23,21,Call,29.0,VIXW260923C00029000,0.23,0.31,0.27,0.32,-0.045,-12.3288,6.0,243.0,1.5684,0.1079,0.029,0.0074,-0.0276,-0.0002,0.2764,0.32,0.32,0.32,0.365000009536743,no_change,2026-09-02T10:11:58,33.0,13.0
VIXW,2026-09-23,21,Put,29.0,VIXW260923P00029000,12.02,12.68,12.35,11.19,0.0,0.0,0.0,1.0,1.601,-0.8896,0.029,0.0074,-0.0262,-0.007,12.2416,0.0,0.0,0.0,11.7950000762939,down,2026-08-19T15:19:50,10.0,10.0
VIXW,2026-09-23,21,Call,30.0,VIXW260923C00030000,0.2,0.29,0.245,0.26,-0.065,-19.403,1088.0,8499.0,1.6099,0.0999,0.0267,0.007,-0.0268,-0.0001,0.258,0.29,0.29,0.23,0.33500000834465,up,2026-09-02T16:08:12,136.0,139.0
VIXW,2026-09-23,21,Put,30.0,VIXW260923P00030000,13.13,13.48,13.305,11.92,0.0,0.0,0.0,2.0,1.6479,-0.8976,0.0267,0.007,-0.0252,-0.0076,13.2207,0.0,0.0,0.0,12.7749996185303,down,2026-08-20T11:42:02,10.0,10.0
VIXW,2026-09-23,21,Call,31.0,VIXW260923C00031000,0.0,0.27,0.135,0.31,0.0,0.0,0.0,8.0,1.6534,0.0928,0.0246,0.0067,-0.0259,-0.0001,0.2415,0.0,0.0,0.0,0.295000001788139,down,2026-09-01T15:51:29,0.0,123.0
VIXW,2026-09-23,21,Put,31.0,VIXW260923P00031000,13.96,14.65,14.305,13.52,0.0,0.0,0.0,1.0,1.6898,-0.9046,0.0246,0.0067,-0.0243,-0.0082,14.2016,0.0,0.0,0.0,13.5300002098084,down,2026-09-01T15:06:42,10.0,10.0
VIXW,2026-09-23,21,Call,32.0,VIXW260923C00032000,0.0,0.31,0.155,0.25,0.0,0.0,0.0,7.0,1.6924,0.0865,0.0228,0.0063,-0.0251,-0.0001,0.2266,0.0,0.0,0.0,0.295000001788139,down,2026-09-01T09:44:47,0.0,13.0
VIXW,2026-09-23,21,Put,32.0,VIXW260923P00032000,14.97,15.63,15.3,0.0,0.0,0.0,0.0,0.0,1.7418,-0.9109,0.0228,0.0063,-0.0233,-0.0087,15.1843,0.0,0.0,0.0,14.5,no_change,,10.0,60.0
VIXW,2026-09-23,21,Call,33.0,VIXW260923C00033000,0.0,0.25,0.125,0.26,0.0,0.0,0.0,20.0,1.7354,0.0809,0.0213,0.006,-0.0244,-0.0001,0.2131,0.0,0.0,0.0,0.274999998509884,no_change,2026-08-31T10:19:12,0.0,13.0
VIXW,2026-09-23,21,Put,33.0,VIXW260923P00033000,16.1,16.42,16.26,0.0,0.0,0.0,0.0,0.0,1.7753,-0.9166,0.0213,0.006,-0.0224,-0.0093,16.1682,0.0,0.0,0.0,15.4800004959106,no_change,,10.0,10.0
VIXW,2026-09-23,21,Call,34.0,VIXW260923C00034000,0.0,0.25,0.125,0.31,0.0,0.0,0.0,31.0,1.7664,0.0758,0.0198,0.0057,-0.0236,-0.0001,0.2009,0.0,0.0,0.0,0.254999995231628,no_change,2026-08-26T10:26:26,0.0,139.0
VIXW,2026-09-23,21,Put,34.0,VIXW260923P00034000,16.93,17.6,17.265,0.0,0.0,0.0,0.0,0.0,1.8126,-0.9216,0.0198,0.0057,-0.0216,-0.0099,17.1535,0.0,0.0,0.0,16.5350003242493,no_change,,10.0,10.0
VIXW,2026-09-23,21,Call,35.0,VIXW260923C00035000,0.17,0.24,0.20500000000000002,0.23,0.0,0.0,0.0,157.0,1.8024,0.0713,0.0186,0.0054,-0.0229,-0.0001,0.1898,0.0,0.0,0.0,0.235000006854534,up,2026-09-01T14:08:39,1.0,139.0
VIXW,2026-09-23,21,Put,35.0,VIXW260923P00035000,17.92,18.63,18.275,0.0,0.0,0.0,0.0,0.0,1.8549,-0.9262,0.0186,0.0054,-0.0208,-0.0104,18.1399,0.0,0.0,0.0,17.4350004196167,no_change,,10.0,60.0
VIXW,2026-09-23,21,Call,36.0,VIXW260923C00036000,0.0,0.21,0.105,0.36,0.0,0.0,0.0,11.0,1.8353,0.0671,0.0174,0.0052,-0.0222,-0.0001,0.1796,0.0,0.0,0.0,0.224999994039536,down,2026-08-20T14:39:08,0.0,136.0
VIXW,2026-09-23,21,Put,36.0,VIXW260923P00036000,18.91,19.57,19.240000000000002,0.0,0.0,0.0,0.0,0.0,1.8857,-0.9304,0.0174,0.0052,-0.0199,-0.011,19.1271,0.0,0.0,0.0,18.4250001907349,no_change,,10.0,60.0
VIXW,2026-09-23,21,Call,37.0,VIXW260923C00037000,0.0,0.2,0.1,0.15,-0.055,-26.8293,2.0,1.0,1.8653,0.0634,0.0164,0.005,-0.0216,-0.0001,0.1702,0.15,0.15,0.15,0.204999998211861,no_change,2026-09-02T10:35:47,0.0,13.0
VIXW,2026-09-23,21,Put,37.0,VIXW260923P00037000,19.9,20.56,20.229999999999997,0.0,0.0,0.0,0.0,0.0,1.9133,-0.9341,0.0164,0.005,-0.0192,-0.0116,20.1152,0.0,0.0,0.0,19.3400001525879,no_change,,10.0,60.0
VIXW,2026-09-23,21,Call,38.0,VIXW260923C00038000,0.0,0.24,0.12,0.3,0.0,0.0,0.0,1.0,1.8923,0.0599,0.0154,0.0048,-0.0209,-0.0001,0.1616,0.0,0.0,0.0,0.195000000298023,down,2026-08-19T14:03:34,0.0,78.0
VIXW,2026-09-23,21,Put,38.0,VIXW260923P00038000,21.01,21.35,21.18,0.0,0.0,0.0,0.0,0.0,1.9474,-0.9376,0.0154,0.0048,-0.0184,-0.0121,21.1041,0.0,0.0,0.0,20.664999961853,no_change,,10.0,10.0
VIXW,2026-09-23,21,Call,39.0,VIXW260923C00039000,0.0,0.23,0.115,0.2,0.0,0.0,0.0,10.0,1.9164,0.0568,0.0146,0.0046,-0.0203,-0.0001,0.1537,0.0,0.0,0.0,0.185000002384186,down,2026-08-26T15:45:53,0.0,78.0
VIXW,2026-09-23,21,Put,39.0,VIXW260923P00039000,21.88,22.54,22.21,0.0,0.0,0.0,0.0,0.0,1.9792,-0.9407,0.0146,0.0046,-0.0177,-0.0127,22.0937,0.0,0.0,0.0,21.3899993896484,no_change,,10.0,10.0
VIXW,2026-09-23,21,Call,40.0,VIXW260923C00040000,0.0,0.17,0.085,0.13,-0.045,-25.7143,48.0,192.0,1.9375,0.0538,0.0138,0.0044,-0.0197,-0.0001,0.1463,0.17,0.17,0.13,0.174999997019768,no_change,2026-09-02T15:45:13,0.0,13.0
VIXW,2026-09-23,21,Put,40.0,VIXW260923P00040000,23.0,23.33,23.165,0.0,0.0,0.0,0.0,0.0,1.9983,-0.9436,0.0138,0.0044,-0.017,-0.0133,23.0838,0.0,0.0,0.0,22.3850002288818,no_change,,10.0,10.0
VIXW,2026-09-23,21,Call,42.5,VIXW260923C00042500,0.01,0.15,0.08,0.17,0.0,0.0,0.0,6.0,1.9908,0.0476,0.0121,0.004,-0.0184,-0.0001,0.1302,0.0,0.0,0.0,0.154999997466803,up,2026-08-31T09:32:26,13.0,13.0
VIXW,2026-09-23,21,Put,42.5,VIXW260923P00042500,25.35,26.01,25.68,0.0,0.0,0.0,0.0,0.0,2.0732,-0.9499,0.0121,0.004,-0.0153,-0.0147,25.5613,0.0,0.0,0.0,24.8699998855591,no_change,,8.0,8.0
VIXW,2026-09-23,21,Call,45.0,VIXW260923C00045000,0.0,0.14,0.07,0.12,0.0,0.0,0.0,30.0,2.0435,0.0423,0.0107,0.0036,-0.0171,-0.0001,0.1166,0.0,0.0,0.0,0.135000001639128,down,2026-08-27T12:00:38,0.0,136.0
VIXW,2026-09-23,21,Put,45.0,VIXW260923P00045000,27.94,28.29,28.115000000000002,27.53,0.0,0.0,0.0,2.0,2.125,-0.9552,0.0107,0.0036,-0.0138,-0.0161,28.0415,0.0,0.0,0.0,27.3499994277954,up,2026-08-31T09:49:15,10.0,10.0
VIXW,2026-09-23,21,Call,47.5,VIXW260923C00047500,0.0,0.13,0.065,0.15,0.0,0.0,0.0,79.0,2.0838,0.038,0.0095,0.0033,-0.016,-0.0001,0.1052,0.0,0.0,0.0,0.125,no_change,2026-08-24T11:16:57,0.0,13.0
VIXW,2026-09-23,21,Put,47.5,VIXW260923P00047500,30.01,31.18,30.595,0.0,0.0,0.0,0.0,0.0,2.178,-0.9595,0.0095,0.0033,-0.0124,-0.0176,30.5237,0.0,0.0,0.0,29.8050003051758,no_change,,68.0,68.0
VIXW,2026-09-23,21,Call,50.0,VIXW260923C00050000,0.0,0.12,0.06,0.07,-0.04,-36.3636,8.0,157.0,2.1299,0.0342,0.0085,0.003,-0.015,0.0,0.0954,0.07,0.07,0.07,0.109999999403954,no_change,2026-09-02T14:59:32,0.0,136.0
VIXW,2026-09-23,21,Put,50.0,VIXW260923P00050000,32.24,33.99,33.115,32.38,0.0,0.0,0.0,931.0,2.6144,-0.9632,0.0085,0.003,-0.0111,-0.019,33.0076,0.0,0.0,0.0,32.2799997329712,up,2026-08-27T10:09:13,63.0,8.0
VIXW,2026-09-23,21,Call,55.0,VIXW260923C00055000,0.0,0.14,0.07,0.09,0.0,0.0,0.0,15.0,2.2163,0.0283,0.007,0.0026,-0.0133,0.0,0.0795,0.0,0.0,0.0,0.0599999986588955,down,2026-08-31T10:08:34,0.0,13.0
VIXW,2026-09-23,21,Put,55.0,VIXW260923P00055000,37.21,38.97,38.09,0.0,0.0,0.0,0.0,0.0,2.7478,-0.9691,0.007,0.0026,-0.0087,-0.0218,37.9791,0.0,0.0,0.0,37.2199993133545,no_change,,63.0,63.0
VIXW,2026-09-23,21,Call,60.0,VIXW260923C00060000,0.0,0.12,0.06,0.07,-0.01,-12.5,1.0,35.0,2.2989,0.0239,0.0059,0.0022,-0.0118,0.0,0.0673,0.07,0.07,0.07,0.0800000000745058,no_change,2026-09-02T11:41:41,0.0,13.0
VIXW,2026-09-23,21,Put,60.0,VIXW260923P00060000,42.18,43.96,43.07,0.0,0.0,0.0,0.0,0.0,2.8801,-0.9736,0.0059,0.0022,-0.0067,-0.0247,42.9543,0.0,0.0,0.0,42.1900005340576,no_change,,63.0,63.0
VIXW,2026-09-23,21,Call,65.0,VIXW260923C00065000,0.0,0.1,0.05,0.05,0.0,0.0,0.0,179.0,2.3607,0.0204,0.005,0.0019,-0.0106,0.0,0.0577,0.0,0.0,0.0,0.0650000004097819,down,2026-08-27T11:02:13,0.0,1.0
VIXW,2026-09-23,21,Put,65.0,VIXW260923P00065000,47.16,48.95,48.055,0.0,0.0,0.0,0.0,0.0,3.0073,-0.9771,0.005,0.0019,-0.0048,-0.0276,47.9321,0.0,0.0,0.0,47.1650009155273,no_change,,63.0,63.0
VIXW,2026-09-23,21,Call,70.0,VIXW260923C00070000,0.0,0.07,0.035,0.02,-0.025,-55.5556,40.0,96.0,2.4011,0.0176,0.0043,0.0017,-0.0096,0.0,0.0501,0.02,0.02,0.02,0.0450000017881393,no_change,2026-09-02T10:39:48,0.0,13.0
VIXW,2026-09-23,21,Put,70.0,VIXW260923P00070000,52.14,53.94,53.04,0.0,0.0,0.0,0.0,0.0,3.1226,-0.9798,0.0043,0.0017,-0.0032,-0.0304,52.9118,0.0,0.0,0.0,52.144998550415,no_change,,63.0,8.0
VIXW,2026-09-23,21,Call,75.0,VIXW260923C00075000,0.0,0.07,0.035,0.05,0.0,0.0,0.0,9.0,2.4956,0.0154,0.0037,0.0015,-0.0086,0.0,0.0439,0.0,0.0,0.0,0.0399999991059303,down,2026-08-20T16:00:57,0.0,139.0
VIXW,2026-09-23,21,Put,75.0,VIXW260923P00075000,57.13,58.93,58.03,0.0,0.0,0.0,0.0,0.0,3.2177,-0.9821,0.0037,0.0015,-0.0017,-0.0333,57.893,0.0,0.0,0.0,57.1299991607666,no_change,,63.0,63.0
VIXW,2026-09-23,21,Call,80.0,VIXW260923C00080000,0.0,0.06,0.03,0.02,0.0,0.0,0.0,483.0,2.5451,0.0136,0.0033,0.0014,-0.0079,0.0,0.0387,0.0,0.0,0.0,0.0350000001490116,no_change,2026-09-01T12:58:34,0.0,13.0
VIXW,2026-09-23,21,Put,80.0,VIXW260923P00080000,62.1,63.92,63.010000000000005,0.0,0.0,0.0,0.0,0.0,3.3249,-0.9839,0.0033,0.0014,-0.0003,-0.0362,62.8752,0.0,0.0,0.0,62.1100006103516,no_change,,63.0,63.0
VIXW,2026-09-23,21,Call,85.0,VIXW260923C00085000,0.0,0.07,0.035,0.05,0.0,0.0,0.0,825.0,2.6258,0.012,0.0029,0.0012,-0.0072,0.0,0.0345,0.0,0.0,0.0,0.0350000001490116,down,2026-08-21T15:27:51,0.0,132.0
VIXW,2026-09-23,21,Put,85.0,VIXW260923P00085000,67.09,68.89,67.99000000000001,0.0,0.0,0.0,0.0,0.0,3.4035,-0.9854,0.0029,0.0012,0.0,-0.039,67.8583,0.0,0.0,0.0,67.125,no_change,,63.0,8.0
VIXW,2026-09-23,21,Call,90.0,VIXW260923C00090000,0.0,0.1,0.05,0.08,0.0,0.0,0.0,37.0,2.7013,0.0108,0.0026,0.0011,-0.0066,0.0,0.0308,0.0,0.0,0.0,0.0299999993294477,down,2026-08-18T10:28:15,0.0,13.0
VIXW,2026-09-23,21,Put,90.0,VIXW260923P00090000,72.08,73.89,72.985,0.0,0.0,0.0,0.0,0.0,3.4972,-0.9867,0.0026,0.0011,0.0,-0.0419,72.8421,0.0,0.0,0.0,72.0800018310547,no_change,,63.0,63.0
VIXW,2026-09-23,21,Call,95.0,VIXW260923C00095000,0.0,0.05,0.025,0.09,0.0,0.0,0.0,108.0,2.7276,0.0097,0.0023,0.001,-0.0061,0.0,0.0277,0.0,0.0,0.0,0.0299999993294477,no_change,2026-08-18T14:42:27,0.0,13.0
VIXW,2026-09-23,21,Put,95.0,VIXW260923P00095000,77.06,78.86,77.96000000000001,0.0,0.0,0.0,0.0,0.0,3.5745,-0.9878,0.0023,0.001,0.0,-0.0447,77.8263,0.0,0.0,0.0,77.0900001525879,no_change,,63.0,8.0
VIXW,2026-09-23,21,Call,100.0,VIXW260923C00100000,0.0,0.05,0.025,0.03,0.0,0.0,0.0,521.0,2.7937,0.0088,0.0021,0.0009,-0.0056,0.0,0.0251,0.0,0.0,0.0,0.0299999993294477,down,2026-08-26T10:15:53,0.0,136.0
VIXW,2026-09-23,21,Put,100.0,VIXW260923P00100000,82.04,83.86,82.95,81.61,0.0,0.0,0.0,930.0,3.6466,-0.9887,0.0021,0.0009,0.0,-0.0476,82.8111,0.0,0.0,0.0,82.0500030517578,down,2026-08-13T09:42:12,63.0,63.0
VIXW,2026-09-30,28,Call,10.0,VIXW260930C00010000,6.3,8.68,7.49,7.71,-0.525,-6.37523,10.0,32.0,0.0,0.9911,0.0029,0.0008,-0.0002,-0.0073,9.5589,7.71,7.71,7.71,8.23499989509582,down,2026-09-02T12:43:00,66.0,66.0
VIXW,2026-09-30,28,Put,10.0,VIXW260930P00010000,0.0,0.02,0.01,0.0,0.0,0.0,0.0,0.0,1.0133,-0.0055,0.0029,0.0008,-0.0015,0.0,0.01,0.0,0.0,0.0,0.00999999977648258,no_change,,0.0,48.0
VIXW,2026-09-30,28,Call,10.5,VIXW260930C00010500,5.8,8.18,6.99,0.0,0.0,0.0,0.0,0.0,0.0,0.9907,0.0033,0.0009,-0.0002,-0.007,9.0606,0.0,0.0,0.0,7.73499989509582,no_change,,66.0,66.0
VIXW,2026-09-30,28,Put,10.5,VIXW260930P00010500,0.0,0.02,0.01,0.0,0.0,0.0,0.0,0.0,0.9454,-0.0059,0.0033,0.0009,-0.0014,0.0,0.01,0.0,0.0,0.0,0.00999999977648258,no_change,,0.0,39.0
VIXW,2026-09-30,28,Call,11.0,VIXW260930C00011000,5.3,7.68,6.49,7.16,0.0,0.0,0.0,20.0,0.0,0.9839,0.0061,0.0018,-0.0019,-0.0066,8.5773,0.0,0.0,0.0,7.0149998664856,no_change,2026-08-31T09:56:01,66.0,66.0
VIXW,2026-09-30,28,Put,11.0,VIXW260930P00011000,0.0,0.23,0.115,0.0,0.0,0.0,0.0,0.0,0.9947,-0.0127,0.0061,0.0018,-0.003,0.0,0.025,0.0,0.0,0.0,0.0199999995529652,no_change,,0.0,51.0
VIXW,2026-09-30,28,Call,11.5,VIXW260930C00011500,4.8,7.18,5.99,0.0,0.0,0.0,0.0,0.0,0.0,0.983,0.0069,0.0019,-0.0019,-0.0062,8.079,0.0,0.0,0.0,6.74000000953674,no_change,,66.0,66.0
VIXW,2026-09-30,28,Put,11.5,VIXW260930P00011500,0.0,0.24,0.12,0.0,0.0,0.0,0.0,0.0,0.9257,-0.0136,0.0069,0.0019,-0.003,0.0,0.025,0.0,0.0,0.0,0.0199999995529652,no_change,,0.0,51.0
VIXW,2026-09-30,28,Call,12.0,VIXW260930C00012000,4.31,6.69,5.5,5.69,-0.87,-13.2622,2.0,0.0,0.0,0.982,0.0079,0.002,-0.0019,-0.0058,7.5807,5.69,5.69,5.69,6.55999994277954,down,2026-09-02T11:44:42,66.0,66.0
VIXW,2026-09-30,28,Put,12.0,VIXW260930P00012000,0.0,0.25,0.125,0.0,0.0,0.0,0.0,0.0,0.8594,-0.0146,0.0079,0.002,-0.003,0.0,0.025,0.0,0.0,0.0,0.025000000372529,no_change,,0.0,51.0
VIXW,2026-09-30,28,Call,12.5,VIXW260930C00012500,3.81,6.19,5.0,5.5,0.0,0.0,0.0,20.0,0.0,0.9786,0.01,0.0024,-0.0024,-0.0054,7.0874,0.0,0.0,0.0,5.75,up,2026-08-28T11:07:35,66.0,66.0
VIXW,2026-09-30,28,Put,12.5,VIXW260930P00012500,0.0,0.05,0.025,0.0,0.0,0.0,0.0,0.0,0.8183,-0.018,0.01,0.0024,-0.0034,0.0,0.03,0.0,0.0,0.0,0.025000000372529,no_change,,0.0,120.0
VIXW,2026-09-30,28,Call,13.0,VIXW260930C00013000,3.32,5.7,4.51,5.5,0.0,0.0,0.0,1.0,0.0,0.9822,0.0095,0.002,-0.0015,-0.005,6.579,0.0,0.0,0.0,5.25999999046326,up,2026-08-28T16:00:16,66.0,66.0
VIXW,2026-09-30,28,Put,13.0,VIXW260930P00013000,0.0,0.04,0.02,0.03,0.0,2.23517e-06,10.0,30.0,0.7098,-0.0144,0.0095,0.002,-0.0024,0.0,0.02,0.03,0.03,0.03,0.0299999993294477,no_change,2026-09-02T10:58:19,0.0,5.0
VIXW,2026-09-30,28,Call,13.5,VIXW260930C00013500,2.85,5.22,4.035,4.69,0.0,0.0,0.0,8.0,0.0,0.9782,0.0123,0.0024,-0.002,-0.0047,6.0857,0.0,0.0,0.0,4.77999997138977,down,2026-08-31T12:53:53,66.0,66.0
VIXW,2026-09-30,28,Put,13.5,VIXW260930P00013500,0.01,0.05,0.030000000000000002,0.04,0.0,0.0,0.0,10.0,0.6743,-0.0184,0.0123,0.0024,-0.0028,0.0,0.025,0.0,0.0,0.0,0.0350000001490116,no_change,2026-09-01T10:34:56,100.0,18.0
VIXW,2026-09-30,28,Call,14.0,VIXW260930C00014000,3.01,4.5,3.755,3.5,-0.795,-18.5099,13.0,52.0,0.0,0.9556,0.0219,0.0048,-0.0054,-0.0043,5.6324,4.0,4.0,3.5,4.29499995708466,down,2026-09-02T14:21:14,485.0,270.0
VIXW,2026-09-30,28,Put,14.0,VIXW260930P00014000,0.0,0.14,0.07,0.06,0.005,9.09091,80.0,55.0,0.7413,-0.041,0.0219,0.0048,-0.0062,0.0,0.07,0.07,0.07,0.06,0.0549999987706542,down,2026-09-02T15:04:50,0.0,13.0
VIXW,2026-09-30,28,Call,14.5,VIXW260930C00014500,2.3,3.52,2.91,3.29,-0.49,-12.963,17.0,150.0,0.0,0.9321,0.0302,0.0068,-0.0086,-0.004,5.1891,3.45,3.45,3.29,3.77999997138977,down,2026-09-02T14:06:48,66.0,10.0
VIXW,2026-09-30,28,Put,14.5,VIXW260930P00014500,0.0,0.17,0.085,0.12,0.015,14.2857,21.0,38.0,0.7698,-0.0646,0.0302,0.0068,-0.0093,-0.0001,0.125,0.13,0.13,0.12,0.105000000447035,down,2026-09-02T15:47:51,0.0,120.0
VIXW,2026-09-30,28,Call,15.0,VIXW260930C00015000,2.85,3.13,2.99,2.99,-0.3,-9.11854,50.0,239.0,0.0,0.899,0.039,0.0093,-0.0129,-0.0037,4.7858,3.2,3.24,2.9,3.28999996185303,down,2026-09-02T15:56:22,1.0,13.0
VIXW,2026-09-30,28,Put,15.0,VIXW260930P00015000,0.1,0.27,0.185,0.21,0.095,82.6087,88.0,70.0,0.8154,-0.0976,0.039,0.0093,-0.0135,-0.0002,0.22,0.24,0.24,0.21,0.114999999292195,down,2026-09-02T15:04:50,13.0,120.0
VIXW,2026-09-30,28,Call,16.0,VIXW260930C00016000,2.0,2.42,2.21,2.2,-0.42,-16.0305,202.0,709.0,0.0,0.8189,0.0523,0.014,-0.0227,-0.0032,4.1042,2.43,2.58,2.2,2.62000000476837,down,2026-09-02T16:14:59,2.0,51.0
VIXW,2026-09-30,28,Put,16.0,VIXW260930P00016000,0.4,0.62,0.51,0.55,0.17,44.7368,43.0,55.0,0.9179,-0.1777,0.0523,0.014,-0.0232,-0.0004,0.535,0.55,0.58,0.55,0.379999987781048,down,2026-09-02T13:13:30,10.0,8.0
VIXW,2026-09-30,28,Call,17.0,VIXW260930C00017000,1.7,1.85,1.775,1.72,-0.36,-17.3077,475.0,4214.0,0.0,0.7327,0.0567,0.0176,-0.0334,-0.0028,3.6476,2.12,2.12,1.7,2.08000004291534,down,2026-09-02T16:14:59,2.0,1.0
VIXW,2026-09-30,28,Put,17.0,VIXW260930P00017000,0.5,1.38,0.94,1.13,0.245,27.6836,25.0,59.0,1.062,-0.264,0.0567,0.0176,-0.0338,-0.0008,1.075,1.06,1.13,1.06,0.884999990463257,no_change,2026-09-02T14:31:41,80.0,77.0
VIXW,2026-09-30,28,Call,18.0,VIXW260930C00018000,1.4,1.5,1.45,1.45,-0.235,-13.9466,92.0,2021.0,0.0,0.8787,0.1374,0.0108,-0.0048,-0.0013,1.66,1.46,1.68,1.42,1.68500000238419,down,2026-09-02T15:55:31,3.0,2.0
VIXW,2026-09-30,28,Put,18.0,VIXW260930P00018000,1.64,2.34,1.9899999999999998,1.6,0.0,0.0,0.0,23.0,1.1922,-0.3356,0.0563,0.0196,-0.0423,-0.0013,1.735,0.0,0.0,0.0,1.56000000238419,no_change,2026-09-01T13:45:52,210.0,72.0
VIXW,2026-09-30,28,Call,19.0,VIXW260930C00019000,0.47,1.33,0.9,1.26,-0.17,-11.8881,109.0,133.0,0.4386,0.6105,0.1396,0.0206,-0.0187,-0.0011,1.38,1.4,1.4,1.13,1.43000000715256,down,2026-09-02T15:56:09,72.0,13.0
VIXW,2026-09-30,28,Put,19.0,VIXW260930P00019000,2.38,3.01,2.695,2.45,0.175,7.69231,5.0,20.0,1.3104,-0.3957,0.0574,0.0208,-0.0463,-0.0018,2.32,2.45,2.45,2.45,2.27499997615814,up,2026-09-02T10:52:21,347.0,72.0
VIXW,2026-09-30,28,Call,20.0,VIXW260930C00020000,0.95,1.13,1.04,1.0,-0.18,-15.2542,531.0,1627.0,0.5782,0.4861,0.1152,0.0214,-0.0246,-0.0009,1.18,1.25,1.25,0.75,1.18000000715256,no_change,2026-09-02T16:14:59,20.0,18.0
VIXW,2026-09-30,28,Put,20.0,VIXW260930P00020000,3.18,4.1,3.6399999999999997,3.25,0.19,6.20915,15.0,24.0,1.4208,-0.4463,0.0541,0.0213,-0.0515,-0.0024,3.11,3.25,3.25,3.25,3.06000006198883,no_change,2026-09-02T11:11:45,329.0,72.0
VIXW,2026-09-30,28,Call,21.0,VIXW260930C00021000,0.85,0.96,0.905,0.9,-0.135,-13.0435,321.0,507.0,0.6914,0.4026,0.0975,0.0208,-0.0274,-0.0008,1.01,1.0,1.0,0.81,1.03499999642372,no_change,2026-09-02T15:57:53,17.0,108.0
VIXW,2026-09-30,28,Put,21.0,VIXW260930P00021000,4.03,5.05,4.54,0.0,0.0,0.0,0.0,0.0,1.5232,-0.4876,0.0508,0.0214,-0.0557,-0.003,3.94,0.0,0.0,0.0,3.875,no_change,,306.0,72.0
VIXW,2026-09-30,28,Call,22.0,VIXW260930C00022000,0.13,0.83,0.48,0.69,-0.19,-21.5909,101.0,141.0,0.7512,0.3402,0.0838,0.0197,-0.0286,-0.0007,0.87,0.89,0.89,0.68,0.879999995231628,no_change,2026-09-02T14:59:58,77.0,108.0
VIXW,2026-09-30,28,Put,22.0,VIXW260930P00022000,4.9,6.01,5.455,4.71,0.0,0.0,0.0,20.0,1.6189,-0.5219,0.0478,0.0214,-0.059,-0.0037,4.8,0.0,0.0,0.0,4.73000001907349,no_change,2026-08-31T10:30:28,292.0,72.0
VIXW,2026-09-30,28,Call,23.0,VIXW260930C00023000,0.05,0.73,0.39,0.6,-0.16,-21.0526,77.0,225.0,0.8193,0.294,0.0723,0.0186,-0.0293,-0.0006,0.77,0.63,0.7,0.6,0.759999990463257,no_change,2026-09-02T14:59:58,94.0,120.0
VIXW,2026-09-30,28,Put,23.0,VIXW260930P00023000,5.79,6.98,6.385,0.0,0.0,0.0,0.0,0.0,1.7101,-0.5502,0.0448,0.0213,-0.0618,-0.0044,5.69,0.0,0.0,0.0,5.59999990463257,no_change,,51.0,1522.0
VIXW,2026-09-30,28,Call,24.0,VIXW260930C00024000,0.09,0.64,0.365,0.56,-0.115,-17.037,216.0,234.0,0.8802,0.2562,0.0632,0.0173,-0.0292,-0.0005,0.68,0.55,0.63,0.54,0.675000011920929,up,2026-09-02T14:34:55,94.0,120.0
VIXW,2026-09-30,28,Put,24.0,VIXW260930P00024000,6.7,7.9,7.300000000000001,0.0,0.0,0.0,0.0,0.0,1.7974,-0.574,0.0422,0.021,-0.0642,-0.0051,6.6,0.0,0.0,0.0,6.50500011444092,no_change,,64.0,1605.0
VIXW,2026-09-30,28,Call,25.0,VIXW260930C00025000,0.12,0.6,0.36,0.51,-0.07,-12.069,137.0,456.0,0.9358,0.2264,0.0558,0.0162,-0.0289,-0.0005,0.61,0.5,0.6,0.36,0.5799999833107,up,2026-09-02T15:15:46,94.0,13.0
VIXW,2026-09-30,28,Put,25.0,VIXW260930P00025000,7.63,8.83,8.23,0.0,0.0,0.0,0.0,0.0,1.8811,-0.5937,0.0398,0.0208,-0.0665,-0.0058,7.53,0.0,0.0,0.0,7.41000008583069,no_change,,277.0,972.0
VIXW,2026-09-30,28,Call,26.0,VIXW260930C00026000,0.0,0.55,0.275,0.44,-0.07,-13.7255,30.0,76.0,0.9861,0.2017,0.0496,0.0151,-0.0283,-0.0004,0.55,0.42,0.48,0.42,0.510000005364418,no_change,2026-09-02T14:57:13,0.0,13.0
VIXW,2026-09-30,28,Put,26.0,VIXW260930P00026000,8.57,9.78,9.175,0.0,0.0,0.0,0.0,0.0,1.9628,-0.6107,0.0377,0.0206,-0.0684,-0.0065,8.47,0.0,0.0,0.0,8.33000016212464,no_change,,276.0,964.0
VIXW,2026-09-30,28,Call,27.0,VIXW260930C00027000,0.0,0.49,0.245,0.44,-0.015,-3.2967,139.0,102.0,1.0336,0.1813,0.0444,0.0142,-0.0277,-0.0004,0.5,0.47,0.47,0.37,0.454999998211861,up,2026-09-02T15:56:16,0.0,120.0
VIXW,2026-09-30,28,Put,27.0,VIXW260930P00027000,9.4,10.6,10.0,0.0,0.0,0.0,0.0,0.0,2.0391,-0.6252,0.0358,0.0203,-0.0702,-0.0072,9.42,0.0,0.0,0.0,9.2649998664856,no_change,,13.0,72.0
VIXW,2026-09-30,28,Call,28.0,VIXW260930C00028000,0.0,0.44,0.22,0.38,-0.03,-7.31707,66.0,83.0,1.0804,0.1647,0.04,0.0133,-0.0271,-0.0004,0.46,0.8,0.8,0.34,0.409999996423721,down,2026-09-02T14:47:12,0.0,120.0
VIXW,2026-09-30,28,Put,28.0,VIXW260930P00028000,10.46,11.69,11.075,0.0,0.0,0.0,0.0,0.0,2.116,-0.6377,0.0341,0.0201,-0.0719,-0.008,10.38,0.0,0.0,0.0,10.210000038147,no_change,,64.0,721.0
VIXW,2026-09-30,28,Call,29.0,VIXW260930C00029000,0.14,0.44,0.29000000000000004,0.31,-0.06,-16.2162,702.0,80.0,1.1288,0.1515,0.0364,0.0126,-0.0267,-0.0003,0.43,0.4,0.4,0.31,0.370000004768372,no_change,2026-09-02T14:59:58,94.0,13.0
VIXW,2026-09-30,28,Put,29.0,VIXW260930P00029000,10.63,12.66,11.645,0.0,0.0,0.0,0.0,0.0,2.1897,-0.6481,0.0325,0.0199,-0.0736,-0.0087,11.35,0.0,0.0,0.0,11.1700000762939,no_change,,855.0,653.0
VIXW,2026-09-30,28,Call,30.0,VIXW260930C00030000,0.2,0.41,0.305,0.34,0.005,1.49253,81.0,262.0,1.167,0.1393,0.0332,0.0119,-0.026,-0.0003,0.3993,0.35,0.36,0.32,0.33500000834465,up,2026-09-02T15:47:32,48.0,13.0
VIXW,2026-09-30,28,Put,30.0,VIXW260930P00030000,11.6,13.62,12.61,0.0,0.0,0.0,0.0,0.0,2.2558,-0.6586,0.0312,0.0196,-0.0748,-0.0094,12.31,0.0,0.0,0.0,12.125,no_change,,849.0,647.0
VIXW,2026-09-30,28,Call,31.0,VIXW260930C00031000,0.23,0.36,0.295,0.33,0.02,6.45161,20.0,0.0,1.2043,0.1271,0.0303,0.0112,-0.0251,-0.0003,0.3655,0.33,0.33,0.33,0.310000002384186,up,2026-09-02T11:36:54,859.0,122.0
VIXW,2026-09-30,28,Put,31.0,VIXW260930P00031000,12.57,14.6,13.585,0.0,0.0,0.0,0.0,0.0,2.3224,-0.6665,0.03,0.0194,-0.0763,-0.0102,13.29,0.0,0.0,0.0,12.9650001525879,no_change,,848.0,644.0
VIXW,2026-09-30,28,Call,32.0,VIXW260930C00032000,0.17,0.33,0.25,0.28,-0.09,-24.3243,766.0,8.0,1.2417,0.1179,0.0279,0.0106,-0.0244,-0.0003,0.342,0.28,0.28,0.28,0.369999997317791,no_change,2026-09-02T11:33:31,13.0,13.0
VIXW,2026-09-30,28,Put,32.0,VIXW260930P00032000,13.54,15.57,14.555,0.0,0.0,0.0,0.0,0.0,2.3874,-0.6738,0.0289,0.0193,-0.0776,-0.0109,14.27,0.0,0.0,0.0,13.9050002098084,no_change,,798.0,580.0
VIXW,2026-09-30,28,Call,33.0,VIXW260930C00033000,0.22,0.36,0.29,0.26,0.005,1.96079,26.0,0.0,1.2803,0.1087,0.0258,0.01,-0.0236,-0.0002,0.3164,0.26,0.26,0.26,0.254999995231628,no_change,2026-09-02T11:35:36,120.0,13.0
VIXW,2026-09-30,28,Put,33.0,VIXW260930P00033000,14.52,16.55,15.535,0.0,0.0,0.0,0.0,0.0,2.4462,-0.6814,0.0279,0.0191,-0.0786,-0.0117,15.24,0.0,0.0,0.0,14.8949999809265,no_change,,841.0,638.0
VIXW,2026-09-30,28,Call,34.0,VIXW260930C00034000,0.19,0.29,0.24,0.28,-0.1,-26.3158,770.0,27.0,1.3154,0.1034,0.0241,0.0096,-0.0234,-0.0002,0.306,0.25,0.28,0.25,0.379999995231628,no_change,2026-09-02T11:36:53,810.0,13.0
VIXW,2026-09-30,28,Put,34.0,VIXW260930P00034000,15.5,17.53,16.515,0.0,0.0,0.0,0.0,0.0,2.5068,-0.6868,0.027,0.0189,-0.0799,-0.0124,16.23,0.0,0.0,0.0,16.1149997711182,no_change,,837.0,637.0
VIXW,2026-09-30,28,Call,35.0,VIXW260930C00035000,0.18,0.33,0.255,0.26,-0.1,-27.7778,836.0,474.0,1.3531,0.0976,0.0225,0.0092,-0.023,-0.0002,0.2922,0.22,0.26,0.21,0.360000014305115,no_change,2026-09-02T12:25:55,788.0,13.0
VIXW,2026-09-30,28,Put,35.0,VIXW260930P00035000,17.24,17.96,17.6,0.0,0.0,0.0,0.0,0.0,2.5645,-0.6927,0.0262,0.0188,-0.0809,-0.0132,17.21,0.0,0.0,0.0,17.085000038147,no_change,,13.0,13.0
VIXW,2026-09-30,28,Call,36.0,VIXW260930C00036000,0.16,0.27,0.21500000000000002,0.22,-0.12,-35.2941,1339.0,0.0,1.382,0.0903,0.0209,0.0087,-0.022,-0.0002,0.27,0.21,0.22,0.21,0.339999988675118,no_change,2026-09-02T11:35:27,826.0,122.0
VIXW,2026-09-30,28,Put,36.0,VIXW260930P00036000,17.65,19.19,18.42,0.0,0.0,0.0,0.0,0.0,2.6168,-0.6982,0.0254,0.0186,-0.0818,-0.0139,18.19,0.0,0.0,0.0,17.8150005340576,no_change,,72.0,72.0
VIXW,2026-09-30,28,Call,37.0,VIXW260930C00037000,0.15,0.25,0.2,0.24,-0.08,-25.0,1495.0,4.0,1.401,0.0831,0.0194,0.0082,-0.021,-0.0002,0.2475,0.21,0.24,0.21,0.320000000298023,no_change,2026-09-02T11:36:53,807.0,13.0
VIXW,2026-09-30,28,Put,37.0,VIXW260930P00037000,18.45,20.47,19.46,0.0,0.0,0.0,0.0,0.0,2.6665,-0.7034,0.0247,0.0184,-0.0825,-0.0147,19.17,0.0,0.0,0.0,18.789999961853,no_change,,799.0,525.0
VIXW,2026-09-30,28,Call,38.0,VIXW260930C00038000,0.15,0.29,0.21999999999999997,0.2,0.0,0.0,0.0,100.0,1.4303,0.0784,0.0182,0.0078,-0.0204,-0.0002,0.2347,0.0,0.0,0.0,0.265000000596046,no_change,2026-09-01T15:54:11,13.0,13.0
VIXW,2026-09-30,28,Put,38.0,VIXW260930P00038000,19.43,21.46,20.445,0.0,0.0,0.0,0.0,0.0,2.7165,-0.7083,0.0241,0.0183,-0.0832,-0.0154,20.15,0.0,0.0,0.0,20.0149993896484,no_change,,825.0,526.0
VIXW,2026-09-30,28,Call,39.0,VIXW260930C00039000,0.08,0.23,0.155,0.14,-0.115,-45.098,50.0,50.0,1.4423,0.0716,0.0168,0.0073,-0.0192,-0.0002,0.2124,0.15,0.15,0.14,0.254999991506338,no_change,2026-09-02T10:20:05,13.0,120.0
VIXW,2026-09-30,28,Put,39.0,VIXW260930P00039000,20.42,22.44,21.43,0.0,0.0,0.0,0.0,0.0,2.7616,-0.713,0.0235,0.0182,-0.0838,-0.0162,21.13,0.0,0.0,0.0,20.9949998855591,no_change,,709.0,524.0
VIXW,2026-09-30,28,Call,40.0,VIXW260930C00040000,0.11,0.22,0.165,0.14,0.0,0.0,0.0,20.0,1.4583,0.0656,0.0156,0.0068,-0.018,-0.0001,0.193,0.0,0.0,0.0,0.225000001490116,no_change,2026-09-01T15:03:38,5.0,120.0
VIXW,2026-09-30,28,Put,40.0,VIXW260930P00040000,21.4,23.43,22.415,0.0,0.0,0.0,0.0,0.0,2.8075,-0.7166,0.0229,0.018,-0.0847,-0.017,22.12,0.0,0.0,0.0,21.789999961853,no_change,,709.0,525.0
VIXW,2026-09-30,28,Call,42.5,VIXW260930C00042500,0.1,0.18,0.14,0.0,0.0,0.0,0.0,0.0,1.5162,0.057,0.0135,0.0061,-0.0167,-0.0001,0.1692,0.0,0.0,0.0,0.21000000834465,no_change,,756.0,13.0
VIXW,2026-09-30,28,Put,42.5,VIXW260930P00042500,23.87,25.9,24.884999999999998,0.0,0.0,0.0,0.0,0.0,2.9153,-0.7261,0.0217,0.0177,-0.0861,-0.0188,24.58,0.0,0.0,0.0,24.1499996185303,no_change,,669.0,473.0
VIXW,2026-09-30,28,Call,45.0,VIXW260930C00045000,0.08,0.17,0.125,0.12,-0.07,-36.8421,1.0,0.0,1.5619,0.0442,0.0109,0.005,-0.0136,-0.0001,0.1267,0.12,0.12,0.12,0.189999995753169,down,2026-09-02T14:49:13,120.0,122.0
VIXW,2026-09-30,28,Put,45.0,VIXW260930P00045000,26.26,28.42,27.340000000000003,0.0,0.0,0.0,0.0,0.0,2.9518,-0.8974,0.0166,0.0093,-0.0285,-0.0197,25.72,0.0,0.0,0.0,27.0299997329712,no_change,,66.0,66.0
VIXW,2026-09-30,28,Call,47.5,VIXW260930C00047500,0.01,0.21,0.11,0.0,0.0,0.0,0.0,0.0,1.5953,0.0374,0.0094,0.0043,-0.0121,-0.0001,0.1065,0.0,0.0,0.0,0.199999997392297,no_change,,13.0,13.0
VIXW,2026-09-30,28,Put,47.5,VIXW260930P00047500,28.71,30.91,29.810000000000002,0.0,0.0,0.0,0.0,0.0,3.1053,-0.9041,0.0152,0.0088,-0.0275,-0.0216,28.19,0.0,0.0,0.0,29.5050001144409,no_change,,66.0,66.0
VIXW,2026-09-30,28,Call,50.0,VIXW260930C00050000,0.06,0.14,0.1,0.11,0.0,0.0,0.0,17.0,1.6421,0.0336,0.0083,0.004,-0.0113,-0.0001,0.0963,0.0,0.0,0.0,0.175000006332994,no_change,2026-09-01T10:13:30,120.0,122.0
VIXW,2026-09-30,28,Put,50.0,VIXW260930P00050000,31.18,33.4,32.29,32.05,0.0,0.0,0.0,330.0,3.1929,-0.9122,0.0139,0.0082,-0.0257,-0.0235,30.65,0.0,0.0,0.0,31.9600009918213,no_change,2026-08-27T09:43:06,66.0,66.0
VIXW,2026-09-30,28,Call,55.0,VIXW260930C00055000,0.04,0.12,0.08,0.0,0.0,0.0,0.0,0.0,1.7138,0.0287,0.0069,0.0035,-0.0105,-0.0001,0.0848,0.0,0.0,0.0,0.16499999538064,no_change,,120.0,122.0
VIXW,2026-09-30,28,Put,55.0,VIXW260930P00055000,36.12,38.39,37.254999999999995,0.0,0.0,0.0,0.0,0.0,3.358,-0.9237,0.0119,0.0074,-0.0229,-0.0273,35.59,0.0,0.0,0.0,36.9349994659424,no_change,,66.0,66.0
VIXW,2026-09-30,28,Call,60.0,VIXW260930C00060000,0.02,0.17,0.095,0.08,0.0,0.0,0.0,2.0,1.7748,0.0253,0.0059,0.0031,-0.0099,-0.0001,0.0765,0.0,0.0,0.0,0.150000005029142,down,2026-08-31T10:55:44,759.0,13.0
VIXW,2026-09-30,28,Put,60.0,VIXW260930P00060000,41.07,43.37,42.22,0.0,0.0,0.0,0.0,0.0,3.5031,-0.9326,0.0104,0.0066,-0.0205,-0.0311,40.54,0.0,0.0,0.0,41.9049987792969,no_change,,66.0,66.0
VIXW,2026-09-30,28,Call,65.0,VIXW260930C00065000,0.04,0.09,0.065,0.05,0.0,2.23517e-06,225.0,2.0,1.9137,0.0228,0.0052,0.0028,-0.0094,0.0,0.0704,0.04,0.06,0.04,0.0499999988824129,down,2026-09-02T11:41:24,2.0,120.0
VIXW,2026-09-30,28,Put,65.0,VIXW260930P00065000,46.04,48.36,47.2,0.0,0.0,0.0,0.0,0.0,3.638,-0.9389,0.0092,0.0061,-0.0185,-0.0349,45.5,0.0,0.0,0.0,46.8699989318848,no_change,,66.0,66.0
VIXW,2026-09-30,28,Call,70.0,VIXW260930C00070000,0.0,0.08,0.04,0.05,0.0,0.0,0.0,1.0,1.9011,0.0162,0.0038,0.0021,-0.007,0.0,0.0479,0.0,0.0,0.0,0.124999997206032,down,2026-08-31T15:58:27,0.0,120.0
VIXW,2026-09-30,28,Put,70.0,VIXW260930P00070000,51.01,53.34,52.175,0.0,0.0,0.0,0.0,0.0,3.7597,-0.943,0.0084,0.0058,-0.0172,-0.0387,50.47,0.0,0.0,0.0,51.8549995422363,no_change,,66.0,66.0
VIXW,2026-09-30,28,Call,75.0,VIXW260930C00075000,0.0,0.07,0.035,0.0,0.0,0.0,0.0,0.0,1.9576,0.0115,0.0029,0.0016,-0.0052,0.0,0.0329,0.0,0.0,0.0,0.0350000001490116,no_change,,0.0,120.0
VIXW,2026-09-30,28,Put,75.0,VIXW260930P00075000,55.98,58.32,57.15,0.0,0.0,0.0,0.0,0.0,3.8705,-0.9468,0.0077,0.0054,-0.0158,-0.0425,55.44,0.0,0.0,0.0,56.8250007629394,no_change,,66.0,66.0
VIXW,2026-09-30,28,Call,80.0,VIXW260930C00080000,0.0,0.11,0.055,0.0,0.0,0.0,0.0,0.0,2.0341,0.0083,0.0022,0.0012,-0.0038,0.0,0.0228,0.0,0.0,0.0,0.0350000001490116,no_change,,0.0,13.0
VIXW,2026-09-30,28,Put,80.0,VIXW260930P00080000,60.96,63.31,62.135000000000005,0.0,0.0,0.0,0.0,0.0,3.9749,-0.9485,0.0072,0.0053,-0.0152,-0.0463,60.42,0.0,0.0,0.0,61.8050003051758,no_change,,66.0,66.0
VIXW,2026-09-30,28,Call,85.0,VIXW260930C00085000,0.0,0.06,0.03,0.0,0.0,0.0,0.0,0.0,2.0744,0.006,0.0016,0.0009,-0.0029,0.0,0.016,0.0,0.0,0.0,0.0299999993294477,no_change,,0.0,59.0
VIXW,2026-09-30,28,Put,85.0,VIXW260930P00085000,65.93,68.28,67.105,0.0,0.0,0.0,0.0,0.0,4.0745,-0.9501,0.0068,0.0051,-0.0146,-0.0501,65.4,0.0,0.0,0.0,66.7849998474121,no_change,,66.0,66.0
VIXW,2026-09-30,28,Call,90.0,VIXW260930C00090000,0.0,0.06,0.03,0.0,0.0,0.0,0.0,0.0,2.1403,0.0044,0.0012,0.0007,-0.0022,0.0,0.0113,0.0,0.0,0.0,0.0299999993294477,no_change,,0.0,20.0
VIXW,2026-09-30,28,Put,90.0,VIXW260930P00090000,70.91,73.27,72.09,0.0,0.0,0.0,0.0,0.0,4.1641,-0.9515,0.0065,0.005,-0.0139,-0.054,70.38,0.0,0.0,0.0,71.7600021362305,no_change,,66.0,66.0
VIXW,2026-09-30,28,Call,95.0,VIXW260930C00095000,0.0,0.05,0.025,0.0,0.0,0.0,0.0,0.0,2.2021,0.0032,0.0009,0.0005,-0.0016,0.0,0.0081,0.0,0.0,0.0,0.0299999993294477,no_change,,0.0,13.0
VIXW,2026-09-30,28,Put,95.0,VIXW260930P00095000,75.89,78.25,77.07,0.0,0.0,0.0,0.0,0.0,4.2476,-0.9528,0.0062,0.0049,-0.0132,-0.0578,75.36,0.0,0.0,0.0,76.7449989318848,no_change,,66.0,66.0
VIXW,2026-09-30,28,Call,100.0,VIXW260930C00100000,0.0,0.1,0.05,0.03,0.0,0.0,0.0,2.0,2.2243,0.0024,0.0007,0.0004,-0.0012,0.0,0.0058,0.0,0.0,0.0,0.0299999993294477,up,2026-08-31T10:55:44,0.0,10.0
VIXW,2026-09-30,28,Put,100.0,VIXW260930P00100000,80.87,83.24,82.055,81.75,0.0,0.0,0.0,330.0,4.3259,-0.954,0.0059,0.0048,-0.0125,-0.0616,80.34,0.0,0.0,0.0,81.7250022888184,down,2026-08-27T09:43:06,66.0,66.0
VIX,2026-10-21,49,Call,10.0,VIX261021C00010000,8.2,8.45,8.325,8.55,-0.225,-2.5641,1.0,265.0,0.0,0.9913,0.002,0.0006,0.0,-0.0112,8.3783,8.55,8.55,8.55,8.77499961853027,down,2026-09-02T09:40:39,5552.0,4842.0
VIX,2026-10-21,49,Put,10.0,VIX261021P00010000,0.0,0.01,0.005,0.01,0.0,0.0,0.0,284.0,0.7058,-0.0027,0.002,0.0006,-0.0004,0.0,0.0035,0.0,0.0,0.0,0.00499999988824129,no_change,2026-08-12T12:59:04,0.0,1.0
VIX,2026-10-21,49,Call,10.5,VIX261021C00010500,7.7,7.95,7.825,8.85,0.0,0.0,0.0,2.0,0.7276,0.9903,0.0027,0.0008,0.0,-0.0106,7.8824,0.0,0.0,0.0,8.27499961853027,up,2026-08-20T14:00:41,5633.0,4786.0
VIX,2026-10-21,49,Put,10.5,VIX261021P00010500,0.0,0.01,0.005,0.01,0.0,0.0,0.0,22.0,0.6034,-0.0037,0.0027,0.0008,-0.0004,0.0,0.0046,0.0,0.0,0.0,0.00499999988824129,no_change,2026-08-17T13:45:57,0.0,21.0
VIX,2026-10-21,49,Call,11.0,VIX261021C00011000,7.2,7.45,7.325,7.45,-0.325,-4.18007,10.0,52.0,0.6596,0.9889,0.0038,0.001,0.0,-0.0099,7.3872,7.45,7.45,7.45,7.77500009536743,down,2026-09-02T11:01:35,5736.0,4719.0
VIX,2026-10-21,49,Put,11.0,VIX261021P00011000,0.0,0.01,0.005,0.01,0.0,0.0,0.0,11.0,0.6634,-0.0051,0.0038,0.001,-0.0006,0.0,0.0064,0.0,0.0,0.0,0.00499999988824129,no_change,2026-08-04T15:22:51,0.0,1.0
VIX,2026-10-21,49,Call,11.5,VIX261021C00011500,6.7,6.95,6.825,7.05,-0.225,-3.09278,6.0,118.0,0.5942,0.9867,0.0054,0.0014,0.0,-0.0092,6.8928,7.0,7.05,7.0,7.27500009536743,up,2026-09-02T11:20:38,5859.0,4647.0
VIX,2026-10-21,49,Put,11.5,VIX261021P00011500,0.0,0.01,0.005,0.01,0.0,0.0,0.0,206.0,0.6121,-0.0073,0.0054,0.0014,-0.0007,0.0,0.009,0.0,0.0,0.0,0.00499999988824129,no_change,2026-08-17T15:09:30,0.0,1.0
VIX,2026-10-21,49,Call,12.0,VIX261021C00012000,6.2,6.45,6.325,6.49,0.0,0.0,0.0,181.0,0.5309,0.9834,0.0078,0.0019,0.0,-0.0086,6.4,0.0,0.0,0.0,6.79999995231628,no_change,2026-09-01T11:45:30,2782.0,1969.0
VIX,2026-10-21,49,Put,12.0,VIX261021P00012000,0.0,0.03,0.015,0.02,0.0,0.0,0.0,920.0,0.582,-0.0106,0.0078,0.0019,-0.001,0.0,0.0132,0.0,0.0,0.0,0.0149999996647239,no_change,2026-09-01T11:58:21,0.0,7504.0
VIX,2026-10-21,49,Call,12.5,VIX261021C00012500,5.8,5.9,5.85,6.3,0.0,0.0,0.0,18.0,0.4693,0.9785,0.0112,0.0027,-0.0004,-0.0079,5.9094,0.0,0.0,0.0,6.29999995231628,no_change,2026-09-01T15:19:58,1052.0,501.0
VIX,2026-10-21,49,Put,12.5,VIX261021P00012500,0.0,0.03,0.015,0.02,0.0,2.23517e-06,64.0,1187.0,0.5331,-0.0155,0.0112,0.0027,-0.0013,0.0,0.0196,0.02,0.02,0.02,0.0199999995529652,no_change,2026-09-02T14:38:31,0.0,502.0
VIX,2026-10-21,49,Call,13.0,VIX261021C00013000,5.3,5.4,5.35,5.35,-0.5,-8.54701,5.0,1563.0,0.4082,0.971,0.0161,0.0037,-0.001,-0.0073,5.4227,5.4,5.44,5.35,5.85000014305115,down,2026-09-02T13:58:15,1378.0,250.0
VIX,2026-10-21,49,Put,13.0,VIX261021P00013000,0.02,0.05,0.035,0.03,-0.005,-14.2857,26.0,19924.0,0.5004,-0.0231,0.0161,0.0037,-0.0018,0.0,0.03,0.03,0.04,0.03,0.0350000001490116,down,2026-09-02T15:32:04,5974.0,19926.0
VIX,2026-10-21,49,Call,13.5,VIX261021C00013500,4.85,4.95,4.9,4.85,-0.5,-9.3458,1.0,68.0,0.5053,0.9587,0.0233,0.0053,-0.0018,-0.0066,4.9443,4.85,4.85,4.85,5.35000014305115,down,2026-09-02T13:58:04,501.0,501.0
VIX,2026-10-21,49,Put,13.5,VIX261021P00013500,0.04,0.07,0.05500000000000001,0.05,0.0,0.0,0.0,930.0,0.4973,-0.0354,0.0233,0.0053,-0.0026,-0.0001,0.0486,0.0,0.0,0.0,0.0599999986588955,down,2026-09-01T13:23:20,5293.0,19938.0
VIX,2026-10-21,49,Call,14.0,VIX261021C00014000,4.4,4.5,4.45,4.5,-0.4,-8.16326,28.0,1639.0,0.522,0.9383,0.0332,0.0076,-0.0031,-0.006,4.4825,4.75,4.75,4.4,4.89999985694885,up,2026-09-02T15:48:22,954.0,1826.0
VIX,2026-10-21,49,Put,14.0,VIX261021P00014000,0.07,0.1,0.085,0.09,0.005,5.88235,83.0,2754.0,0.5078,-0.0557,0.0332,0.0076,-0.0038,-0.0001,0.0839,0.09,0.1,0.09,0.0850000008940697,no_change,2026-09-02T13:45:14,12564.0,5.0
VIX,2026-10-21,49,Call,14.5,VIX261021C00014500,3.95,4.05,4.0,3.95,-0.5,-11.236,17.0,965.0,0.5169,0.908,0.0451,0.0106,-0.0049,-0.0054,4.0477,4.29,4.29,3.95,4.45000004768372,no_change,2026-09-02T15:19:23,1010.0,981.0
VIX,2026-10-21,49,Put,14.5,VIX261021P00014500,0.13,0.16,0.14500000000000002,0.15,0.01,7.14286,14.0,6297.0,0.5184,-0.0861,0.0451,0.0106,-0.0055,-0.0002,0.146,0.15,0.16,0.15,0.139999996870756,no_change,2026-09-02T14:42:47,9144.0,3.0
VIX,2026-10-21,49,Call,15.0,VIX261021C00015000,3.55,3.65,3.5999999999999996,3.6,-0.425,-10.559,858.0,10065.0,0.5372,0.8687,0.0569,0.0139,-0.007,-0.0049,3.6469,3.95,3.95,3.6,4.02499997615814,down,2026-09-02T15:59:56,1043.0,967.0
VIX,2026-10-21,49,Put,15.0,VIX261021P00015000,0.23,0.26,0.245,0.23,0.005,2.22222,5161.0,32570.0,0.537,-0.1254,0.0569,0.0139,-0.0075,-0.0003,0.2423,0.22,0.25,0.22,0.225000001490116,down,2026-09-02T15:57:35,2462.0,4.0
VIX,2026-10-21,49,Call,15.5,VIX261021C00015500,3.2,3.3,3.25,3.27,-0.38,-10.411,525.0,961.0,0.5224,0.8233,0.0672,0.0171,-0.0092,-0.0044,3.2827,3.5,3.55,3.2,3.64999997615814,no_change,2026-09-02T15:26:06,1008.0,2255.0
VIX,2026-10-21,49,Put,15.5,VIX261021P00015500,0.36,0.4,0.38,0.39,0.045,13.0435,9031.0,24275.0,0.56,-0.1707,0.0672,0.0171,-0.0097,-0.0005,0.3751,0.36,0.39,0.36,0.344999998807907,no_change,2026-09-02T16:09:32,13916.0,8593.0
VIX,2026-10-21,49,Call,16.0,VIX261021C00016000,2.9,2.96,2.9299999999999997,2.9,-0.4,-12.1212,1949.0,5282.0,0.554,0.7739,0.0751,0.0199,-0.0114,-0.004,2.9602,3.22,3.25,2.9,3.29999995231628,down,2026-09-02T16:06:50,350.0,825.0
VIX,2026-10-21,49,Put,16.0,VIX261021P00016000,0.55,0.57,0.56,0.57,0.045,8.57143,15968.0,175993.0,0.5898,-0.2201,0.0751,0.0199,-0.0118,-0.0007,0.5496,0.56,0.58,0.54,0.525000005960464,down,2026-09-02T15:32:32,1025.0,10.0
VIX,2026-10-21,49,Call,16.5,VIX261021C00016500,2.64,2.7,2.67,2.65,-0.4,-13.1148,16.0,160.0,0.6275,0.7218,0.0795,0.0223,-0.0137,-0.0036,2.6948,3.0,3.0,2.65,3.04999995231628,down,2026-09-02T16:06:52,350.0,2654.0
VIX,2026-10-21,49,Put,16.5,VIX261021P00016500,0.78,0.83,0.8049999999999999,0.81,0.085,11.7241,2049.0,18395.0,0.6223,-0.2722,0.0795,0.0223,-0.014,-0.001,0.7812,0.75,0.81,0.75,0.724999994039536,no_change,2026-09-02T14:58:48,5628.0,13157.0
VIX,2026-10-21,49,Call,17.0,VIX261021C00017000,2.41,2.48,2.4450000000000003,2.42,-0.375,-13.4168,445.0,6675.0,0.6596,0.6718,0.0808,0.0241,-0.0158,-0.0033,2.477,2.74,2.74,2.42,2.79499995708466,down,2026-09-02T16:09:48,3985.0,3599.0
VIX,2026-10-21,49,Put,17.0,VIX261021P00017000,1.05,1.11,1.08,1.07,0.09,9.18367,4874.0,174900.0,0.6561,-0.3223,0.0808,0.0241,-0.016,-0.0014,1.0605,1.01,1.11,1.01,0.979999989271164,down,2026-09-02T16:11:01,9320.0,21597.0
VIX,2026-10-21,49,Call,17.5,VIX261021C00017500,2.22,2.29,2.255,2.25,-0.335,-12.9594,61.0,550.0,0.6947,0.6259,0.0803,0.0253,-0.0176,-0.0031,2.2917,2.46,2.46,2.25,2.58499991893768,down,2026-09-02T16:04:23,5333.0,4665.0
VIX,2026-10-21,49,Put,17.5,VIX261021P00017500,1.36,1.42,1.3900000000000001,1.37,0.1,7.87402,33.0,11287.0,0.6925,-0.3682,0.0803,0.0253,-0.0178,-0.0018,1.3722,1.31,1.41,1.31,1.26999998092651,down,2026-09-02T16:04:58,3360.0,20814.0
VIX,2026-10-21,49,Call,18.0,VIX261021C00018000,2.05,2.13,2.09,2.09,-0.31,-12.9167,280.0,14459.0,0.7282,0.5844,0.0788,0.0261,-0.0192,-0.0029,2.1302,2.4,2.4,2.08,2.39999997615814,down,2026-09-02T16:06:52,17693.0,7340.0
VIX,2026-10-21,49,Put,18.0,VIX261021P00018000,1.69,1.75,1.72,1.71,0.12,7.54717,5211.0,89425.0,0.7254,-0.4096,0.0788,0.0261,-0.0192,-0.0023,1.7077,1.69,1.73,1.69,1.58999997377396,up,2026-09-02T16:11:09,4698.0,8887.0
VIX,2026-10-21,49,Call,18.5,VIX261021C00018500,1.92,1.99,1.955,1.99,-0.255,-11.3586,10180.0,31222.0,0.7619,0.547,0.0767,0.0265,-0.0204,-0.0027,1.9873,2.19,2.19,1.95,2.24500000476837,no_change,2026-09-02T15:52:46,12523.0,4029.0
VIX,2026-10-21,49,Put,18.5,VIX261021P00018500,2.05,2.12,2.085,2.06,0.13,6.73575,9942.0,31346.0,0.7583,-0.447,0.0767,0.0265,-0.0204,-0.0028,2.0618,2.02,2.1,2.02,1.93000000715256,up,2026-09-02T15:58:48,3671.0,19792.0
VIX,2026-10-21,49,Call,19.0,VIX261021C00019000,1.79,1.86,1.8250000000000002,1.85,-0.255,-12.114,5550.0,57963.0,0.7783,0.5132,0.0742,0.0267,-0.0214,-0.0025,1.8598,2.03,2.03,1.84,2.10500001907349,up,2026-09-02T15:59:52,19700.0,3198.0
VIX,2026-10-21,49,Put,19.0,VIX261021P00019000,2.42,2.49,2.455,2.42,0.13,5.67686,188.0,102161.0,0.7909,-0.4809,0.0742,0.0267,-0.0213,-0.0033,2.4314,2.41,2.45,2.4,2.28999996185303,no_change,2026-09-02T15:58:48,4002.0,16085.0
VIX,2026-10-21,49,Call,19.5,VIX261021C00019500,1.68,1.75,1.7149999999999999,1.76,-0.22,-11.1111,130.0,8257.0,0.8198,0.4825,0.0716,0.0267,-0.0222,-0.0023,1.7453,1.91,1.91,1.76,1.98000001907349,down,2026-09-02T14:06:16,22347.0,4277.0
VIX,2026-10-21,49,Put,19.5,VIX261021P00019500,2.81,2.88,2.8449999999999998,2.86,0.195,7.31707,660.0,13276.0,0.8204,-0.5115,0.0716,0.0267,-0.022,-0.0038,2.8139,2.86,2.87,2.83,2.66500008106232,no_change,2026-09-02T16:07:51,3415.0,17536.0
VIX,2026-10-21,49,Call,20.0,VIX261021C00020000,1.6,1.66,1.63,1.61,-0.265,-14.1333,5218.0,255988.0,0.8499,0.4547,0.069,0.0265,-0.0228,-0.0022,1.6423,1.88,1.88,1.61,1.875,down,2026-09-02T16:06:50,7.0,13834.0
VIX,2026-10-21,49,Put,20.0,VIX261021P00020000,3.2,3.3,3.25,3.2,0.15,4.91803,122.0,78912.0,0.8516,-0.5394,0.069,0.0265,-0.0226,-0.0043,3.2078,3.2,3.25,3.15,3.04999995231628,no_change,2026-09-02T15:58:47,10686.0,20373.0
VIX,2026-10-21,49,Call,20.5,VIX261021C00020500,1.5,1.56,1.53,1.57,-0.195,-11.0482,63.0,6125.0,0.8768,0.4293,0.0663,0.0263,-0.0233,-0.0021,1.5491,1.61,1.62,1.57,1.76499998569489,down,2026-09-02T13:52:05,11017.0,3557.0
VIX,2026-10-21,49,Put,20.5,VIX261021P00020500,3.6,3.7,3.6500000000000004,3.45,0.0,0.0,0.0,3082.0,0.8758,-0.5647,0.0663,0.0263,-0.023,-0.0048,3.6117,0.0,0.0,0.0,3.45000004768372,no_change,2026-09-01T15:13:42,19885.0,17915.0
VIX,2026-10-21,49,Call,21.0,VIX261021C00021000,1.41,1.48,1.4449999999999998,1.49,-0.185,-11.0448,457.0,86875.0,0.9011,0.4062,0.0637,0.026,-0.0237,-0.002,1.4648,1.6,1.6,1.46,1.67500001192093,up,2026-09-02T15:59:57,25575.0,5354.0
VIX,2026-10-21,49,Put,21.0,VIX261021P00021000,4.0,4.1,4.05,4.08,0.23,5.97403,15.0,44744.0,0.8955,-0.5878,0.0637,0.026,-0.0233,-0.0054,4.0244,4.08,4.08,4.08,3.85000002384186,no_change,2026-09-02T16:07:58,22042.0,13546.0
VIX,2026-10-21,49,Call,21.5,VIX261021C00021500,1.34,1.41,1.375,1.36,-0.23,-14.4654,162.0,1112.0,0.9253,0.3851,0.0612,0.0256,-0.024,-0.0019,1.3884,1.45,1.45,1.36,1.58999997377396,down,2026-09-02T16:09:56,24402.0,21286.0
VIX,2026-10-21,49,Put,21.5,VIX261021P00021500,4.45,4.55,4.5,4.25,0.0,0.0,0.0,2343.0,0.9305,-0.609,0.0612,0.0256,-0.0235,-0.006,4.4451,0.0,0.0,0.0,4.25,down,2026-09-01T16:00:05,6129.0,18252.0
VIX,2026-10-21,49,Call,22.0,VIX261021C00022000,1.28,1.34,1.31,1.29,-0.22,-14.5695,51848.0,44034.0,0.9478,0.3657,0.0588,0.0252,-0.0242,-0.0018,1.319,1.5,1.5,1.29,1.50999999046326,no_change,2026-09-02T15:58:48,11326.0,19475.0
VIX,2026-10-21,49,Put,22.0,VIX261021P00022000,4.85,4.95,4.9,4.91,0.0,0.0,0.0,13116.0,0.9424,-0.6283,0.0588,0.0252,-0.0236,-0.0065,4.8727,0.0,0.0,0.0,4.67499995231628,no_change,2026-08-31T16:01:01,20987.0,5424.0
VIX,2026-10-21,49,Call,22.5,VIX261021C00022500,1.22,1.28,1.25,1.23,-0.21,-14.5833,2047.0,2903.0,0.9692,0.348,0.0565,0.0248,-0.0243,-0.0017,1.2559,1.32,1.32,1.23,1.43999999761581,no_change,2026-09-02T15:58:48,9742.0,20735.0
VIX,2026-10-21,49,Put,22.5,VIX261021P00022500,5.3,5.4,5.35,5.1,0.0,0.0,0.0,15.0,0.9709,-0.646,0.0565,0.0248,-0.0237,-0.0071,5.3066,0.0,0.0,0.0,5.10000014305115,down,2026-09-01T16:00:01,11493.0,16053.0
VIX,2026-10-21,49,Call,23.0,VIX261021C00023000,1.16,1.22,1.19,1.2,-0.17,-12.4088,2216.0,70101.0,0.9895,0.3318,0.0542,0.0243,-0.0244,-0.0016,1.1984,1.33,1.33,1.17,1.37000000476837,up,2026-09-02T16:04:23,12301.0,17325.0
VIX,2026-10-21,49,Put,23.0,VIX261021P00023000,5.75,5.85,5.8,5.7,0.15,2.7027,5.0,15121.0,0.9967,-0.6623,0.0542,0.0243,-0.0237,-0.0077,5.7461,5.7,5.75,5.7,5.54999995231628,down,2026-09-02T10:52:01,5979.0,14718.0
VIX,2026-10-21,49,Call,23.5,VIX261021C00023500,1.11,1.16,1.135,1.15,-0.16,-12.2137,5.0,120.0,1.0093,0.3168,0.0521,0.0239,-0.0244,-0.0015,1.1458,1.15,1.15,1.15,1.31000000238419,no_change,2026-09-02T16:09:31,13136.0,3437.0
VIX,2026-10-21,49,Put,23.5,VIX261021P00023500,6.2,6.3,6.25,6.19,0.24,4.03361,5.0,5.0,0.9989,-0.6772,0.0521,0.0239,-0.0237,-0.0083,6.1906,6.19,6.19,6.19,5.95000004768372,no_change,2026-09-02T12:48:52,3996.0,14807.0
VIX,2026-10-21,49,Call,24.0,VIX261021C00024000,1.06,1.12,1.09,1.07,-0.19,-15.0794,2879.0,87813.0,1.0288,0.303,0.0501,0.0234,-0.0245,-0.0015,1.0977,1.15,1.15,1.07,1.25999999046326,no_change,2026-09-02T15:58:49,16829.0,16546.0
VIX,2026-10-21,49,Put,24.0,VIX261021P00024000,6.65,6.75,6.7,6.7,0.3,4.6875,10.0,2827.0,1.0302,-0.691,0.0501,0.0234,-0.0236,-0.0089,6.6394,6.7,6.7,6.7,6.39999985694885,no_change,2026-09-02T14:40:27,3758.0,14187.0
VIX,2026-10-21,49,Call,24.5,VIX261021C00024500,1.02,1.07,1.045,1.03,-0.18,-14.876,14.0,432.0,1.0481,0.2903,0.0482,0.0229,-0.0244,-0.0014,1.0534,1.08,1.08,1.03,1.20999997854233,down,2026-09-02T16:09:53,11054.0,11724.0
VIX,2026-10-21,49,Put,24.5,VIX261021P00024500,7.1,7.2,7.15,7.1,0.0,0.0,0.0,1.0,1.0487,-0.7037,0.0482,0.0229,-0.0235,-0.0095,7.0922,0.0,0.0,0.0,6.85000014305115,up,2026-08-31T15:57:22,4021.0,14129.0
VIX,2026-10-21,49,Call,25.0,VIX261021C00025000,0.98,1.03,1.005,1.01,-0.145,-12.5541,27248.0,189255.0,1.0765,0.2786,0.0464,0.0225,-0.0244,-0.0014,1.0127,1.12,1.12,0.99,1.15499997138977,up,2026-09-02T16:09:32,9735.0,13183.0
VIX,2026-10-21,49,Put,25.0,VIX261021P00025000,7.55,7.65,7.6,7.6,0.3,4.10959,14.0,18164.0,1.0651,-0.7155,0.0464,0.0225,-0.0234,-0.0101,7.5485,7.5,7.6,7.5,7.29999995231628,up,2026-09-02T15:32:55,5214.0,14313.0
VIX,2026-10-21,49,Call,26.0,VIX261021C00026000,0.9,0.95,0.925,0.93,-0.145,-13.4884,10117.0,34998.0,1.1034,0.2575,0.0431,0.0216,-0.0242,-0.0013,0.9402,1.02,1.02,0.93,1.07499998807907,down,2026-09-02T16:06:50,20160.0,4629.0
VIX,2026-10-21,49,Put,26.0,VIX261021P00026000,8.45,8.55,8.5,8.1,0.0,0.0,0.0,1406.0,1.1036,-0.7365,0.0431,0.0216,-0.0231,-0.0114,8.47,0.0,0.0,0.0,8.19999980926514,up,2026-08-25T09:55:10,17067.0,3643.0
VIX,2026-10-21,49,Call,27.0,VIX261021C00027000,0.84,0.89,0.865,0.85,-0.15,-15.0,3300.0,38130.0,1.135,0.2393,0.0402,0.0208,-0.024,-0.0012,0.8775,0.93,0.96,0.85,1.0,down,2026-09-02T16:10:36,14807.0,13232.0
VIX,2026-10-21,49,Put,27.0,VIX261021P00027000,9.4,9.5,9.45,9.3,0.0,0.0,0.0,68.0,1.1356,-0.7548,0.0402,0.0208,-0.0227,-0.0126,9.4013,0.0,0.0,0.0,9.125,no_change,2026-09-01T11:07:07,6349.0,13689.0
VIX,2026-10-21,49,Call,28.0,VIX261021C00028000,0.78,0.84,0.81,0.8,-0.135,-14.4385,5757.0,195505.0,1.1706,0.2233,0.0376,0.02,-0.0238,-0.0011,0.8227,0.93,0.93,0.8,0.935000002384186,no_change,2026-09-02T16:06:50,21915.0,16685.0
VIX,2026-10-21,49,Put,28.0,VIX261021P00028000,10.3,10.45,10.375,10.15,0.1,0.995023,1.0,15.0,1.1742,-0.7707,0.0376,0.02,-0.0223,-0.0139,10.3406,10.15,10.15,10.15,10.0500001907349,no_change,2026-09-02T09:37:05,13301.0,10221.0
VIX,2026-10-21,49,Call,29.0,VIX261021C00029000,0.74,0.79,0.765,0.76,-0.105,-12.1387,878.0,72031.0,1.2014,0.2093,0.0352,0.0193,-0.0235,-0.001,0.7742,0.8,0.81,0.75,0.865000009536743,no_change,2026-09-02T16:10:31,7528.0,16201.0
VIX,2026-10-21,49,Put,29.0,VIX261021P00029000,11.25,11.4,11.325,10.8,0.0,0.0,0.0,576.0,1.2082,-0.7848,0.0352,0.0193,-0.0219,-0.0151,11.2861,0.0,0.0,0.0,11.0,up,2026-08-21T13:33:16,13092.0,10726.0
VIX,2026-10-21,49,Call,30.0,VIX261021C00030000,0.7,0.74,0.72,0.7,-0.135,-16.1677,12608.0,310683.0,1.225,0.1967,0.0331,0.0186,-0.0232,-0.001,0.7308,0.78,0.82,0.7,0.83500000834465,no_change,2026-09-02T16:10:36,6477.0,6712.0
VIX,2026-10-21,49,Put,30.0,VIX261021P00030000,12.2,12.35,12.274999999999999,11.9,0.0,0.0,0.0,1873.0,1.238,-0.7973,0.0331,0.0186,-0.0214,-0.0164,12.2368,0.0,0.0,0.0,11.9499998092651,down,2026-09-01T14:39:51,9270.0,6349.0
VIX,2026-10-21,49,Call,31.0,VIX261021C00031000,0.66,0.7,0.6799999999999999,0.68,-0.105,-13.3758,920.0,26145.0,1.2583,0.1855,0.0312,0.0179,-0.0229,-0.0009,0.6918,0.71,0.72,0.68,0.784999996423721,no_change,2026-09-02T16:09:31,7043.0,6207.0
VIX,2026-10-21,49,Put,31.0,VIX261021P00031000,13.15,13.3,13.225000000000001,12.2,0.0,0.0,0.0,21.0,1.2355,-0.8086,0.0312,0.0179,-0.021,-0.0177,13.1918,0.0,0.0,0.0,12.9000000953674,up,2026-08-18T10:45:07,9772.0,6433.0
VIX,2026-10-21,49,Call,32.0,VIX261021C00032000,0.62,0.67,0.645,0.68,-0.065,-8.72483,98.0,42528.0,1.2884,0.1753,0.0295,0.0173,-0.0226,-0.0009,0.6563,0.67,0.68,0.67,0.745000004768372,up,2026-09-02T13:09:32,18717.0,20900.0
VIX,2026-10-21,49,Put,32.0,VIX261021P00032000,14.15,14.25,14.2,0.0,0.0,0.0,0.0,0.0,1.2564,-0.8187,0.0295,0.0173,-0.0205,-0.019,14.1504,0.0,0.0,0.0,13.8499999046326,no_change,,1166.0,3228.0
VIX,2026-10-21,49,Call,33.0,VIX261021C00033000,0.59,0.64,0.615,0.62,-0.095,-13.2867,92.0,21414.0,1.3095,0.1661,0.0279,0.0167,-0.0222,-0.0008,0.6238,0.65,0.65,0.62,0.715000003576279,down,2026-09-02T15:52:21,13614.0,20232.0
VIX,2026-10-21,49,Put,33.0,VIX261021P00033000,15.1,15.2,15.149999999999999,13.86,0.0,0.0,0.0,2.0,1.2893,-0.8279,0.0279,0.0167,-0.02,-0.0203,15.1119,0.0,0.0,0.0,14.8000001907349,up,2026-08-04T13:57:31,1432.0,1036.0
VIX,2026-10-21,49,Call,34.0,VIX261021C00034000,0.56,0.61,0.585,0.61,-0.06,-8.95522,91.0,17638.0,1.3368,0.1577,0.0265,0.0161,-0.0218,-0.0008,0.5939,0.61,0.61,0.61,0.669999986886978,down,2026-09-02T13:09:26,15441.0,15316.0
VIX,2026-10-21,49,Put,34.0,VIX261021P00034000,16.05,16.2,16.125,14.72,0.0,0.0,0.0,3.0,1.3036,-0.8363,0.0265,0.0161,-0.0195,-0.0216,16.076,0.0,0.0,0.0,15.75,up,2026-07-22T16:04:11,6280.0,7209.0
VIX,2026-10-21,49,Call,35.0,VIX261021C00035000,0.53,0.58,0.5549999999999999,0.55,-0.09,-14.0625,172.0,321609.0,1.3616,0.15,0.0252,0.0156,-0.0215,-0.0008,0.5663,0.62,0.62,0.55,0.640000015497208,down,2026-09-02T15:01:49,18141.0,15942.0
VIX,2026-10-21,49,Put,35.0,VIX261021P00035000,17.05,17.15,17.1,16.71,0.0,0.0,0.0,81.0,1.3313,-0.8441,0.0252,0.0156,-0.019,-0.0229,17.0425,0.0,0.0,0.0,16.7249994277954,up,2026-08-26T15:58:56,934.0,5792.0
VIX,2026-10-21,49,Call,36.0,VIX261021C00036000,0.51,0.55,0.53,0.53,-0.08,-13.1148,9102.0,26957.0,1.3808,0.1429,0.024,0.0151,-0.0211,-0.0007,0.5407,0.55,0.56,0.53,0.609999984502792,down,2026-09-02T16:09:32,11830.0,7131.0
VIX,2026-10-21,49,Put,36.0,VIX261021P00036000,18.0,18.1,18.05,17.7,0.0,0.0,0.0,41.0,1.3569,-0.8512,0.024,0.0151,-0.0184,-0.0242,18.011,0.0,0.0,0.0,17.6999998092651,up,2026-09-01T14:18:03,1459.0,1681.0
VIX,2026-10-21,49,Call,37.0,VIX261021C00037000,0.5,0.53,0.515,0.51,-0.07,-12.069,112.0,23165.0,1.4044,0.1363,0.0229,0.0146,-0.0207,-0.0007,0.5169,0.51,0.53,0.51,0.580000013113022,down,2026-09-02T14:26:50,4.0,10466.0
VIX,2026-10-21,49,Put,37.0,VIX261021P00037000,18.95,19.1,19.025,17.65,0.0,0.0,0.0,1.0,1.3624,-0.8577,0.0229,0.0146,-0.0179,-0.0255,18.9812,0.0,0.0,0.0,18.6500005722046,up,2026-08-04T13:57:31,8157.0,7149.0
VIX,2026-10-21,49,Call,38.0,VIX261021C00038000,0.46,0.51,0.485,0.48,-0.075,-13.5135,10112.0,1501.0,1.4224,0.1302,0.0219,0.0141,-0.0204,-0.0007,0.4947,0.5,0.51,0.48,0.554999977350235,down,2026-09-02T15:53:06,20194.0,22339.0
VIX,2026-10-21,49,Put,38.0,VIX261021P00038000,19.95,20.05,20.0,0.0,0.0,0.0,0.0,0.0,1.3835,-0.8638,0.0219,0.0141,-0.0174,-0.0268,19.953,0.0,0.0,0.0,19.625,no_change,,1292.0,3034.0
VIX,2026-10-21,49,Call,39.0,VIX261021C00039000,0.44,0.49,0.46499999999999997,0.49,-0.04,-7.54717,104.0,5366.0,1.4422,0.1246,0.0209,0.0137,-0.02,-0.0006,0.4739,0.5,0.5,0.48,0.530000001192093,up,2026-09-02T13:09:32,18402.0,21957.0
VIX,2026-10-21,49,Put,39.0,VIX261021P00039000,20.9,21.05,20.975,17.89,0.0,0.0,0.0,404.0,1.4027,-0.8695,0.0209,0.0137,-0.0169,-0.0281,20.9262,0.0,0.0,0.0,20.5999994277954,no_change,2026-06-11T15:28:44,6871.0,7060.0
VIX,2026-10-21,49,Call,40.0,VIX261021C00040000,0.43,0.47,0.44999999999999996,0.47,-0.035,-6.93069,288.0,236872.0,1.4602,0.1193,0.02,0.0133,-0.0196,-0.0006,0.4544,0.47,0.47,0.44,0.504999995231628,no_change,2026-09-02T15:13:15,3.0,19558.0
VIX,2026-10-21,49,Put,40.0,VIX261021P00040000,21.9,22.0,21.95,21.8,0.0,0.0,0.0,318.0,1.42,-0.8748,0.02,0.0133,-0.0164,-0.0294,21.9008,0.0,0.0,0.0,21.5749998092651,up,2026-09-01T12:17:10,1265.0,2956.0
VIX,2026-10-21,49,Call,42.5,VIX261021C00042500,0.38,0.42,0.4,0.42,-0.04,-8.69565,229.0,9923.0,1.5016,0.1075,0.0181,0.0123,-0.0187,-0.0006,0.4108,0.42,0.42,0.42,0.459999993443489,down,2026-09-02T13:09:16,17631.0,7671.0
VIX,2026-10-21,49,Put,42.5,VIX261021P00042500,24.35,24.45,24.4,0.0,0.0,0.0,0.0,0.0,1.4448,-0.8865,0.0181,0.0123,-0.0151,-0.0326,24.3423,0.0,0.0,0.0,24.0,no_change,,924.0,3544.0
VIX,2026-10-21,49,Call,45.0,VIX261021C00045000,0.35,0.38,0.365,0.36,-0.065,-15.2941,53828.0,57162.0,1.5425,0.0975,0.0164,0.0115,-0.0179,-0.0005,0.3731,0.39,0.39,0.36,0.424999997019768,no_change,2026-09-02T15:58:08,5318.0,2715.0
VIX,2026-10-21,49,Put,45.0,VIX261021P00045000,26.8,26.9,26.85,24.78,0.0,0.0,0.0,198.0,1.4811,-0.8966,0.0164,0.0115,-0.0138,-0.0359,26.7897,0.0,0.0,0.0,26.4499998092651,no_change,2026-07-23T10:41:52,889.0,2002.0
VIX,2026-10-21,49,Call,47.5,VIX261021C00047500,0.31,0.35,0.32999999999999996,0.35,-0.03,-7.89474,229.0,1617.0,1.5803,0.0888,0.015,0.0107,-0.017,-0.0005,0.3403,0.35,0.35,0.35,0.38000001013279,down,2026-09-02T13:09:02,12166.0,6540.0
VIX,2026-10-21,49,Put,47.5,VIX261021P00047500,29.25,29.35,29.3,28.8,0.0,0.0,0.0,1.0,1.5089,-0.9052,0.015,0.0107,-0.0126,-0.0392,29.242,0.0,0.0,0.0,28.9000005722046,up,2026-08-25T09:52:38,927.0,1953.0
VIX,2026-10-21,49,Call,50.0,VIX261021C00050000,0.29,0.32,0.305,0.3,-0.045,-13.0435,10934.0,227517.0,1.6114,0.0813,0.0137,0.01,-0.0162,-0.0004,0.3117,0.32,0.33,0.3,0.344999998807907,down,2026-09-02T16:06:50,5406.0,4438.0
VIX,2026-10-21,49,Put,50.0,VIX261021P00050000,31.7,31.8,31.75,31.45,0.0,0.0,0.0,104.0,1.5569,-0.9127,0.0137,0.01,-0.0114,-0.0425,31.6985,0.0,0.0,0.0,31.3499994277954,down,2026-09-01T13:02:04,1034.0,1180.0
VIX,2026-10-21,49,Call,55.0,VIX261021C00055000,0.24,0.28,0.26,0.27,-0.02,-6.89655,10960.0,89196.0,1.6663,0.0689,0.0117,0.0088,-0.0148,-0.0004,0.264,0.26,0.27,0.25,0.290000006556511,up,2026-09-02T15:53:09,12179.0,8062.0
VIX,2026-10-21,49,Put,55.0,VIX261021P00055000,36.6,36.75,36.675,36.25,0.0,0.0,0.0,487.0,1.6094,-0.9251,0.0117,0.0088,-0.0092,-0.0491,36.621,0.0,0.0,0.0,36.2749996185303,no_change,2026-08-26T15:02:51,5013.0,3271.0
VIX,2026-10-21,49,Call,60.0,VIX261021C00060000,0.2,0.24,0.22,0.22,-0.04,-15.3846,9170.0,306681.0,1.7193,0.0592,0.0101,0.0078,-0.0135,-0.0003,0.2262,0.22,0.24,0.19,0.260000005364418,no_change,2026-09-02T15:59:13,13584.0,6447.0
VIX,2026-10-21,49,Put,60.0,VIX261021P00060000,41.55,41.65,41.599999999999994,41.5,0.0,0.0,0.0,36.0,1.6396,-0.9349,0.0101,0.0078,-0.0071,-0.0557,41.5534,0.0,0.0,0.0,41.2000007629394,up,2026-09-01T11:31:40,1711.0,974.0
VIX,2026-10-21,49,Call,65.0,VIX261021C00065000,0.17,0.21,0.19,0.2,-0.02,-9.09091,2007.0,58725.0,1.7491,0.0513,0.0088,0.007,-0.0123,-0.0003,0.1958,0.2,0.21,0.2,0.219999998807907,no_change,2026-09-02T16:10:18,13493.0,7861.0
VIX,2026-10-21,49,Put,65.0,VIX261021P00065000,46.5,46.6,46.55,45.08,0.0,0.0,0.0,2.0,1.6452,-0.9427,0.0088,0.007,-0.0052,-0.0624,46.4932,0.0,0.0,0.0,46.1499996185303,up,2026-08-10T14:39:43,1023.0,1746.0
VIX,2026-10-21,49,Call,70.0,VIX261021C00070000,0.15,0.18,0.16499999999999998,0.18,-0.01,-5.26316,1987.0,96415.0,1.7944,0.0449,0.0077,0.0062,-0.0113,-0.0002,0.1709,0.16,0.18,0.16,0.189999997615814,no_change,2026-09-02T15:58:48,11914.0,5015.0
VIX,2026-10-21,49,Put,70.0,VIX261021P00070000,51.45,51.55,51.5,51.35,0.0,0.0,0.0,146.0,1.6777,-0.9491,0.0077,0.0062,-0.0034,-0.069,51.4385,0.0,0.0,0.0,51.0750007629394,up,2026-09-01T11:45:30,960.0,1977.0
VIX,2026-10-21,49,Call,75.0,VIX261021C00075000,0.13,0.16,0.14500000000000002,0.16,-0.005,-3.03031,49.0,12344.0,1.8206,0.0396,0.0068,0.0056,-0.0104,-0.0002,0.1502,0.15,0.16,0.15,0.165000006556511,no_change,2026-09-02T15:58:48,13139.0,5203.0
VIX,2026-10-21,49,Put,75.0,VIX261021P00075000,56.4,56.5,56.45,0.0,0.0,0.0,0.0,0.0,1.6964,-0.9544,0.0068,0.0056,-0.0017,-0.0756,56.388,0.0,0.0,0.0,56.0249996185303,no_change,,966.0,1967.0
VIX,2026-10-21,49,Call,80.0,VIX261021C00080000,0.11,0.15,0.13,0.15,0.005,3.44828,1674.0,57463.0,1.8551,0.0352,0.0061,0.0051,-0.0095,-0.0002,0.133,0.13,0.15,0.13,0.144999995827675,no_change,2026-09-02T15:58:48,14014.0,13406.0
VIX,2026-10-21,49,Put,80.0,VIX261021P00080000,61.35,61.45,61.400000000000006,60.58,0.0,0.0,0.0,92.0,1.6997,-0.9589,0.0061,0.0051,-0.0001,-0.0823,61.341,0.0,0.0,0.0,61.0,up,2026-08-21T14:16:05,1036.0,1810.0
VIX,2026-10-21,49,Call,85.0,VIX261021C00085000,0.1,0.13,0.115,0.13,-0.005,-3.7037,8.0,33581.0,1.8704,0.0314,0.0055,0.0046,-0.0088,-0.0002,0.1183,0.11,0.13,0.11,0.135000001639128,no_change,2026-09-02T15:58:48,7411.0,6783.0
VIX,2026-10-21,49,Put,85.0,VIX261021P00085000,66.3,66.45,66.375,0.0,0.0,0.0,0.0,0.0,1.6823,-0.9626,0.0055,0.0046,0.0,-0.0889,66.2966,0.0,0.0,0.0,65.9500007629394,no_change,,1684.0,4167.0
VIX,2026-10-21,49,Call,90.0,VIX261021C00090000,0.09,0.12,0.105,0.12,0.0,0.0,0.0,31312.0,1.9004,0.0282,0.0049,0.0042,-0.0081,-0.0001,0.1059,0.0,0.0,0.0,0.119999997317791,up,2026-08-31T15:03:09,6508.0,11200.0
VIX,2026-10-21,49,Put,90.0,VIX261021P00090000,71.3,71.4,71.35,0.0,0.0,0.0,0.0,0.0,1.6302,-0.9658,0.0049,0.0042,0.0,-0.0956,71.2543,0.0,0.0,0.0,70.8999977111816,no_change,,250.0,3389.0
VIX,2026-10-21,49,Call,95.0,VIX261021C00095000,0.08,0.11,0.095,0.1,0.0,0.0,0.0,33528.0,1.9246,0.0254,0.0045,0.0039,-0.0075,-0.0001,0.0952,0.0,0.0,0.0,0.109999999403954,no_change,2026-08-31T15:13:32,3879.0,3509.0
VIX,2026-10-21,49,Put,95.0,VIX261021P00095000,76.25,76.35,76.3,0.0,0.0,0.0,0.0,0.0,1.8186,-0.9686,0.0045,0.0039,0.0,-0.1022,76.2138,0.0,0.0,0.0,75.8500022888184,no_change,,250.0,1927.0
VIX,2026-10-21,49,Call,100.0,VIX261021C00100000,0.07,0.1,0.085,0.08,-0.01,-11.1111,1.0,44583.0,1.943,0.023,0.0041,0.0036,-0.007,-0.0001,0.0859,0.08,0.08,0.08,0.0899999998509884,no_change,2026-09-02T13:25:09,3887.0,3687.0
VIX,2026-10-21,49,Put,100.0,VIX261021P00100000,81.2,81.3,81.25,79.96,0.0,0.0,0.0,13.0,1.7746,-0.971,0.0041,0.0036,0.0,-0.1089,81.1748,0.0,0.0,0.0,80.7999992370606,no_change,2026-08-14T11:32:51,250.0,1867.0
VIX,2026-10-21,49,Call,110.0,VIX261021C00110000,0.05,0.09,0.07,0.08,0.0,0.0,0.0,1582.0,1.9793,0.0191,0.0034,0.0031,-0.0061,-0.0001,0.0709,0.0,0.0,0.0,0.0800000000745058,up,2026-09-01T13:47:28,4010.0,3332.0
VIX,2026-10-21,49,Put,110.0,VIX261021P00110000,91.15,91.25,91.2,88.85,0.0,0.0,0.0,2.0,1.755,-0.9749,0.0034,0.0031,0.0,-0.1222,91.1001,0.0,0.0,0.0,90.75,no_change,2026-07-28T13:07:26,250.0,1840.0
VIX,2026-10-21,49,Call,120.0,VIX261021C00120000,0.04,0.08,0.06,0.05,-0.015,-23.0769,100.0,568.0,2.017,0.0161,0.0029,0.0026,-0.0053,-0.0001,0.0592,0.05,0.05,0.05,0.0649999994784594,down,2026-09-02T13:38:48,3712.0,4556.0
VIX,2026-10-21,49,Put,120.0,VIX261021P00120000,101.05,101.15,101.1,98.0,0.0,0.0,0.0,136.0,1.6249,-0.9779,0.0029,0.0026,0.0,-0.1355,101.0288,0.0,0.0,0.0,100.649997711182,up,2026-06-29T09:56:39,1172.0,966.0
VIX,2026-10-21,49,Call,130.0,VIX261021C00130000,0.03,0.07,0.05,0.04,-0.015,-27.2727,100.0,4094.0,2.0639,0.0137,0.0025,0.0023,-0.0047,-0.0001,0.05,0.04,0.04,0.04,0.0549999987706542,down,2026-09-02T13:39:09,3870.0,4794.0
VIX,2026-10-21,49,Put,130.0,VIX261021P00130000,111.0,111.1,111.05,0.0,0.0,0.0,0.0,0.0,1.8337,-0.9803,0.0025,0.0023,0.0,-0.1488,110.9601,0.0,0.0,0.0,110.625,no_change,,250.0,1584.0
VIX,2026-10-21,49,Call,140.0,VIX261021C00140000,0.02,0.06,0.04,0.03,-0.02,-40.0,100.0,3513.0,2.0771,0.0118,0.0021,0.002,-0.0041,-0.0001,0.0427,0.03,0.03,0.03,0.0499999998137355,down,2026-09-02T13:39:30,3195.0,3596.0
VIX,2026-10-21,49,Put,140.0,VIX261021P00140000,120.75,121.15,120.95,120.82,0.0,0.0,0.0,224.0,0.0,-0.9823,0.0021,0.002,0.0,-0.1622,120.8931,0.0,0.0,0.0,120.524997711182,up,2026-08-31T15:43:15,2673.0,1701.0
VIX,2026-10-21,49,Call,150.0,VIX261021C00150000,0.01,0.05,0.030000000000000002,0.04,0.0,0.0,0.0,8112.0,2.1053,0.0102,0.0019,0.0018,-0.0037,0.0,0.0367,0.0,0.0,0.0,0.0400000000372529,down,2026-08-28T14:25:23,2852.0,3892.0
VIX,2026-10-21,49,Put,150.0,VIX261021P00150000,130.7,131.05,130.875,124.3,0.0,0.0,0.0,1.0,1.8655,-0.9838,0.0019,0.0018,0.0,-0.1755,130.8276,0.0,0.0,0.0,130.474998474121,down,2026-02-13T15:02:08,2608.0,1605.0
VIX,2026-10-21,49,Call,160.0,VIX261021C00160000,0.01,0.03,0.02,0.02,-0.015,-42.8571,51.0,1837.0,2.1253,0.0089,0.0016,0.0016,-0.0033,0.0,0.0319,0.02,0.02,0.02,0.0350000001490116,no_change,2026-09-02T12:57:23,1.0,10.0
VIX,2026-10-21,49,Put,160.0,VIX261021P00160000,140.65,141.0,140.825,0.0,0.0,0.0,0.0,0.0,0.0,-0.9852,0.0016,0.0016,0.0,-0.1888,140.7631,0.0,0.0,0.0,140.425003051758,no_change,,2545.0,1619.0
VIX,2026-10-21,49,Call,170.0,VIX261021C00170000,0.0,0.05,0.025,0.02,0.0,0.0,0.0,3426.0,2.1736,0.0078,0.0014,0.0014,-0.003,0.0,0.0278,0.0,0.0,0.0,0.0350000001490116,no_change,2026-08-31T12:29:58,0.0,2943.0
VIX,2026-10-21,49,Put,170.0,VIX261021P00170000,150.6,150.95,150.77499999999998,0.0,0.0,0.0,0.0,0.0,1.8149,-0.9862,0.0014,0.0014,0.0,-0.2022,150.6995,0.0,0.0,0.0,150.375,no_change,,2489.0,1650.0
VIX,2026-10-21,49,Call,180.0,VIX261021C00180000,0.0,0.04,0.02,0.03,0.0,0.0,0.0,1412.0,2.1813,0.0069,0.0013,0.0012,-0.0027,0.0,0.0244,0.0,0.0,0.0,0.0199999995529652,no_change,2026-08-31T10:50:32,0.0,750.0
VIX,2026-10-21,49,Put,180.0,VIX261021P00180000,160.55,160.9,160.72500000000002,0.0,0.0,0.0,0.0,0.0,2.0582,-0.9871,0.0013,0.0012,0.0,-0.2155,160.6365,0.0,0.0,0.0,160.299995422363,no_change,,2440.0,1686.0
VIX,2026-10-21,49,Call,190.0,VIX261021C00190000,0.0,0.04,0.02,0.02,0.0,0.0,0.0,222.0,2.2234,0.0061,0.0012,0.0011,-0.0024,0.0,0.0216,0.0,0.0,0.0,0.0199999995529652,down,2026-08-28T15:28:22,0.0,760.0
VIX,2026-10-21,49,Put,190.0,VIX261021P00190000,170.45,170.85,170.64999999999998,0.0,0.0,0.0,0.0,0.0,0.0,-0.9879,0.0012,0.0011,0.0,-0.2288,170.5741,0.0,0.0,0.0,170.224998474121,no_change,,1060.0,1060.0
VIX,2026-10-21,49,Call,200.0,VIX261021C00200000,0.01,0.02,0.015,0.01,-0.005,-33.3333,70.0,6120.0,2.2631,0.0055,0.001,0.001,-0.0022,0.0,0.0192,0.01,0.01,0.01,0.0149999996647239,no_change,2026-09-02T10:17:17,132.0,10.0
VIX,2026-10-21,49,Put,200.0,VIX261021P00200000,180.4,180.8,180.60000000000002,180.06,0.0,0.0,0.0,49.0,2.0377,-0.9886,0.001,0.001,0.0,-0.2422,180.5121,0.0,0.0,0.0,180.150001525879,no_change,2026-08-26T16:06:10,1060.0,1060.0
VIX,2026-11-18,77,Call,10.0,VIX261118C00010000,8.85,9.15,9.0,9.1,-0.15,-1.62162,6.0,269.0,0.7712,0.9855,0.0028,0.0013,0.0,-0.0193,9.046,9.08,9.1,9.08,9.25,up,2026-09-02T11:11:45,5625.0,5011.0
VIX,2026-11-18,77,Put,10.0,VIX261118P00010000,0.0,0.01,0.005,0.01,0.0,0.0,0.0,351.0,0.5913,-0.0049,0.0028,0.0013,-0.0004,0.0,0.0081,0.0,0.0,0.0,0.00499999988824129,no_change,2026-08-04T15:22:11,0.0,1.0
VIX,2026-11-18,77,Call,10.5,VIX261118C00010500,8.35,8.65,8.5,9.9,0.0,0.0,0.0,0.0,0.7096,0.9836,0.0039,0.0017,0.0,-0.0183,8.554,0.0,0.0,0.0,8.75,down,2026-08-10T12:31:59,5763.0,4922.0
VIX,2026-11-18,77,Put,10.5,VIX261118P00010500,0.0,0.01,0.005,0.01,0.0,0.0,0.0,202.0,0.5503,-0.0068,0.0039,0.0017,-0.0006,0.0,0.0113,0.0,0.0,0.0,0.00499999988824129,no_change,2026-08-04T15:22:11,0.0,1.0
VIX,2026-11-18,77,Call,11.0,VIX261118C00011000,7.9,8.15,8.025,9.1,0.0,0.0,0.0,121.0,0.6511,0.981,0.0053,0.0023,0.0,-0.0172,8.0633,0.0,0.0,0.0,8.25,down,2026-08-20T14:48:15,5071.0,4830.0
VIX,2026-11-18,77,Put,11.0,VIX261118P00011000,0.0,0.01,0.005,0.02,0.0,0.0,0.0,440.0,0.5782,-0.0095,0.0053,0.0023,-0.0008,0.0,0.0158,0.0,0.0,0.0,0.00499999988824129,up,2026-08-24T11:17:25,0.0,1.0
VIX,2026-11-18,77,Call,11.5,VIX261118C00011500,7.45,7.6,7.525,8.15,0.0,0.0,0.0,2.0,0.5951,0.9773,0.0073,0.003,-0.0002,-0.0162,7.5744,0.0,0.0,0.0,7.77499985694885,no_change,2026-08-25T15:58:50,470.0,2614.0
VIX,2026-11-18,77,Put,11.5,VIX261118P00011500,0.0,0.03,0.015,0.0,0.0,0.0,0.0,3.0,0.5516,-0.0131,0.0073,0.003,-0.001,0.0,0.0222,0.0,0.0,0.0,0.0249999994412065,no_change,,0.0,632.0
VIX,2026-11-18,77,Call,12.0,VIX261118C00012000,7.0,7.1,7.05,7.26,0.0,0.0,0.0,21.0,0.5416,0.9723,0.0098,0.004,-0.0006,-0.0151,7.0882,0.0,0.0,0.0,7.29999995231628,no_change,2026-09-01T14:08:43,250.0,2217.0
VIX,2026-11-18,77,Put,12.0,VIX261118P00012000,0.01,0.04,0.025,0.03,0.0,0.0,0.0,641.0,0.5234,-0.0182,0.0098,0.004,-0.0013,-0.0001,0.0311,0.0,0.0,0.0,0.0300000002607703,up,2026-08-31T13:29:20,353.0,3949.0
VIX,2026-11-18,77,Call,12.5,VIX261118C00012500,6.5,6.6,6.55,6.75,0.0,0.0,0.0,21.0,0.5363,0.9651,0.0133,0.0052,-0.001,-0.0141,6.6065,0.0,0.0,0.0,6.79999995231628,no_change,2026-08-31T10:35:34,451.0,454.0
VIX,2026-11-18,77,Put,12.5,VIX261118P00012500,0.02,0.06,0.04,0.03,0.0,0.0,0.0,50.0,0.494,-0.0253,0.0133,0.0052,-0.0016,-0.0001,0.0447,0.0,0.0,0.0,0.0449999989941716,no_change,2026-08-19T15:49:33,7587.0,13629.0
VIX,2026-11-18,77,Call,13.0,VIX261118C00013000,6.0,6.1,6.05,6.4,0.0,0.0,0.0,379.0,0.5222,0.9544,0.018,0.007,-0.0016,-0.0131,6.1333,0.0,0.0,0.0,6.35000014305115,up,2026-08-28T13:20:37,939.0,1.0
VIX,2026-11-18,77,Put,13.0,VIX261118P00013000,0.04,0.08,0.06,0.06,-0.015,-20.0,9027.0,1458.0,0.4891,-0.0361,0.018,0.007,-0.0022,-0.0001,0.0668,0.06,0.06,0.06,0.0750000011175871,no_change,2026-09-02T13:33:51,19452.0,21594.0
VIX,2026-11-18,77,Call,13.5,VIX261118C00013500,5.55,5.7,5.625,5.85,0.0,0.0,0.0,24.0,0.5282,0.9389,0.0239,0.0094,-0.0024,-0.0121,5.6734,0.0,0.0,0.0,5.875,down,2026-08-31T11:31:47,911.0,2461.0
VIX,2026-11-18,77,Put,13.5,VIX261118P00013500,0.08,0.12,0.1,0.09,-0.015,-14.2857,200.0,905.0,0.4929,-0.0516,0.0239,0.0094,-0.003,-0.0002,0.102,0.09,0.09,0.09,0.105000000447035,no_change,2026-09-02T15:48:32,19534.0,22084.0
VIX,2026-11-18,77,Call,14.0,VIX261118C00014000,5.1,5.25,5.175,5.17,-0.28,-5.13762,31.0,1048.0,0.5412,0.9185,0.0308,0.0121,-0.0034,-0.0112,5.2296,5.4,5.4,5.13,5.45000004768372,up,2026-09-02T15:53:48,4800.0,1917.0
VIX,2026-11-18,77,Put,14.0,VIX261118P00014000,0.13,0.18,0.155,0.16,0.005,3.22581,12.0,3969.0,0.5023,-0.072,0.0308,0.0121,-0.0039,-0.0003,0.1535,0.16,0.16,0.16,0.155000001192093,no_change,2026-09-02T15:17:22,14509.0,18291.0
VIX,2026-11-18,77,Call,14.5,VIX261118C00014500,4.7,4.85,4.775,4.72,-0.305,-6.06965,24.0,545.0,0.5403,0.8922,0.0382,0.0153,-0.0046,-0.0103,4.81,4.85,4.85,4.72,5.02499985694885,down,2026-09-02T15:41:57,2498.0,5388.0
VIX,2026-11-18,77,Put,14.5,VIX261118P00014500,0.23,0.26,0.245,0.24,0.005,2.12766,5.0,24008.0,0.5152,-0.0983,0.0382,0.0153,-0.005,-0.0005,0.2292,0.24,0.24,0.24,0.234999999403954,no_change,2026-09-02T13:17:37,10.0,12871.0
VIX,2026-11-18,77,Call,15.0,VIX261118C00015000,4.3,4.45,4.375,4.4,-0.225,-4.86486,288.0,4431.0,0.5307,0.8593,0.0454,0.0187,-0.006,-0.0094,4.4258,4.58,4.58,4.3,4.625,up,2026-09-02T15:53:19,8651.0,3341.0
VIX,2026-11-18,77,Put,15.0,VIX261118P00015000,0.33,0.37,0.35,0.36,0.025,7.46269,28.0,112893.0,0.5364,-0.1312,0.0454,0.0187,-0.0064,-0.0007,0.3401,0.36,0.36,0.35,0.334999993443489,up,2026-09-02T14:54:48,6025.0,5368.0
VIX,2026-11-18,77,Call,16.0,VIX261118C00016000,3.7,3.8,3.75,3.75,-0.225,-5.66038,86.0,2710.0,0.6449,0.7817,0.0563,0.0252,-0.0091,-0.0081,3.777,3.85,3.9,3.73,3.97500014305115,up,2026-09-02T15:33:10,1.0,8458.0
VIX,2026-11-18,77,Put,16.0,VIX261118P00016000,0.67,0.7,0.685,0.7,0.025,3.70371,54.0,45731.0,0.5827,-0.2087,0.0563,0.0252,-0.0094,-0.0015,0.6818,0.72,0.72,0.7,0.674999982118606,no_change,2026-09-02T14:06:48,3766.0,10.0
VIX,2026-11-18,77,Call,17.0,VIX261118C00017000,3.2,3.3,3.25,3.25,-0.2,-5.7971,1069.0,2890.0,0.6217,0.7024,0.061,0.0298,-0.012,-0.007,3.2798,3.45,3.45,3.22,3.45000004768372,up,2026-09-02T14:59:39,11.0,12884.0
VIX,2026-11-18,77,Put,17.0,VIX261118P00017000,1.16,1.21,1.185,1.13,0.0,0.0,0.0,80205.0,0.6318,-0.288,0.061,0.0298,-0.0122,-0.0025,1.175,0.0,0.0,0.0,1.14499998092651,no_change,2026-09-01T14:32:16,3318.0,7889.0
VIX,2026-11-18,77,Call,18.0,VIX261118C00018000,2.8,2.88,2.84,2.84,-0.21,-6.88524,118.0,10413.0,0.6775,0.6313,0.0618,0.0326,-0.0143,-0.0062,2.8866,2.98,2.98,2.82,3.04999995231628,down,2026-09-02T16:06:52,1.0,3337.0
VIX,2026-11-18,77,Put,18.0,VIX261118P00018000,1.76,1.82,1.79,1.77,0.04,2.31214,1.0,21802.0,0.6819,-0.3592,0.0618,0.0326,-0.0144,-0.0038,1.7723,1.77,1.77,1.77,1.73000001907349,up,2026-09-02T11:53:12,2991.0,12564.0
VIX,2026-11-18,77,Call,19.0,VIX261118C00019000,2.49,2.57,2.5300000000000002,2.53,-0.195,-7.15596,4344.0,7849.0,0.7277,0.5695,0.0605,0.0341,-0.016,-0.0055,2.5672,2.6,2.63,2.52,2.72500002384186,down,2026-09-02T15:56:51,17535.0,2635.0
VIX,2026-11-18,77,Put,19.0,VIX261118P00019000,2.44,2.5,2.4699999999999998,2.5,0.105,4.38413,4280.0,34334.0,0.7303,-0.4209,0.0605,0.0341,-0.016,-0.0052,2.4433,2.44,2.5,2.44,2.39499998092651,up,2026-09-02T15:39:07,3079.0,7984.0
VIX,2026-11-18,77,Call,20.0,VIX261118C00020000,2.27,2.31,2.29,2.29,-0.185,-7.47475,1552.0,76564.0,0.7702,0.5164,0.0582,0.0346,-0.0172,-0.0049,2.3035,2.44,2.44,2.26,2.47500002384186,down,2026-09-02T15:59:55,15.0,1.0
VIX,2026-11-18,77,Put,20.0,VIX261118P00020000,3.15,3.25,3.2,3.2,0.1,3.22581,6.0,69124.0,0.7712,-0.4741,0.0582,0.0346,-0.0171,-0.0068,3.1701,3.19,3.2,3.17,3.10000002384186,no_change,2026-09-02T12:29:47,24047.0,14689.0
VIX,2026-11-18,77,Call,21.0,VIX261118C00021000,2.02,2.1,2.06,2.12,-0.11,-4.93274,17.0,30589.0,0.8097,0.4705,0.0554,0.0346,-0.018,-0.0044,2.0835,2.19,2.19,2.11,2.23000001907349,down,2026-09-02T13:28:12,24798.0,2747.0
VIX,2026-11-18,77,Put,21.0,VIX261118P00021000,3.95,4.05,4.0,3.95,0.05,1.28205,2.0,25943.0,0.8178,-0.5199,0.0554,0.0346,-0.0179,-0.0084,3.9405,3.95,3.95,3.95,3.89999997615814,no_change,2026-09-02T12:00:26,4895.0,20160.0
VIX,2026-11-18,77,Call,22.0,VIX261118C00022000,1.86,1.92,1.8900000000000001,1.9,-0.135,-6.6339,74.0,62738.0,0.8451,0.431,0.0524,0.0342,-0.0186,-0.004,1.8983,1.98,1.99,1.89,2.0349999666214,up,2026-09-02T15:20:38,1.0,9327.0
VIX,2026-11-18,77,Put,22.0,VIX261118P00022000,4.75,4.85,4.8,4.64,0.0,0.0,0.0,61210.0,0.8516,-0.5595,0.0524,0.0342,-0.0184,-0.0101,4.7458,0.0,0.0,0.0,4.70000004768372,no_change,2026-09-01T14:45:08,6254.0,18981.0
VIX,2026-11-18,77,Call,23.0,VIX261118C00023000,1.69,1.76,1.725,1.77,-0.095,-5.09383,21.0,21845.0,0.8772,0.3967,0.0495,0.0336,-0.019,-0.0037,1.7415,1.85,1.85,1.77,1.86500000953674,down,2026-09-02T12:20:03,13633.0,8287.0
VIX,2026-11-18,77,Put,23.0,VIX261118P00023000,5.55,5.7,5.625,5.63,0.13,2.36364,15.0,35447.0,0.8823,-0.5937,0.0495,0.0336,-0.0186,-0.0119,5.5794,5.63,5.63,5.63,5.5,no_change,2026-09-02T13:08:15,19694.0,20460.0
VIX,2026-11-18,77,Call,24.0,VIX261118C00024000,1.55,1.62,1.585,1.58,-0.14,-8.13954,4253.0,26199.0,0.9067,0.3669,0.0467,0.0328,-0.0192,-0.0034,1.6074,1.71,1.71,1.58,1.72000002861023,down,2026-09-02T15:53:24,15472.0,6381.0
VIX,2026-11-18,77,Put,24.0,VIX261118P00024000,6.4,6.55,6.475,6.49,0.14,2.20472,4211.0,7633.0,0.9118,-0.6235,0.0467,0.0328,-0.0188,-0.0137,6.4358,6.45,6.5,6.45,6.35000014305115,down,2026-09-02T15:39:07,19471.0,18503.0
VIX,2026-11-18,77,Call,25.0,VIX261118C00025000,1.46,1.5,1.48,1.48,-0.105,-6.6246,821.0,92170.0,0.9348,0.3409,0.0441,0.032,-0.0194,-0.0032,1.4921,1.58,1.58,1.46,1.58499997854233,no_change,2026-09-02T15:57:03,3.0,3847.0
VIX,2026-11-18,77,Put,25.0,VIX261118P00025000,7.3,7.4,7.35,7.32,0.12,1.66667,5.0,6352.0,0.9414,-0.6495,0.0441,0.032,-0.0188,-0.0156,7.311,7.32,7.32,7.32,7.20000004768372,no_change,2026-09-02T13:08:02,13227.0,10410.0
VIX,2026-11-18,77,Call,26.0,VIX261118C00026000,1.34,1.4,1.37,1.37,-0.11,-7.43243,6.0,14571.0,0.9597,0.3181,0.0416,0.0311,-0.0194,-0.003,1.392,1.5,1.5,1.37,1.48000001907349,down,2026-09-02T14:33:18,7402.0,5514.0
VIX,2026-11-18,77,Put,26.0,VIX261118P00026000,8.15,8.3,8.225000000000001,8.2,0.0,0.0,0.0,1335.0,0.9648,-0.6724,0.0416,0.0311,-0.0187,-0.0175,8.2013,0.0,0.0,0.0,8.09999990463257,up,2026-09-01T10:21:01,15466.0,12988.0
VIX,2026-11-18,77,Call,27.0,VIX261118C00027000,1.25,1.31,1.28,1.27,-0.115,-8.30325,116.0,57944.0,0.9856,0.298,0.0394,0.0302,-0.0194,-0.0028,1.3045,1.27,1.27,1.27,1.38499999046326,down,2026-09-02T15:29:11,12354.0,4956.0
VIX,2026-11-18,77,Put,27.0,VIX261118P00027000,9.1,9.2,9.149999999999999,8.95,0.0,0.0,0.0,26.0,0.9906,-0.6925,0.0394,0.0302,-0.0186,-0.0194,9.1043,0.0,0.0,0.0,9.0,no_change,2026-09-01T14:28:09,3924.0,12079.0
VIX,2026-11-18,77,Call,28.0,VIX261118C00028000,1.17,1.23,1.2,1.23,-0.075,-5.74713,2.0,1711.0,1.0116,0.2801,0.0373,0.0293,-0.0193,-0.0026,1.2274,1.23,1.23,1.23,1.30500000715256,up,2026-09-02T13:00:14,16683.0,4336.0
VIX,2026-11-18,77,Put,28.0,VIX261118P00028000,10.0,10.1,10.05,9.8,0.0,0.0,0.0,109.0,1.0201,-0.7104,0.0373,0.0293,-0.0184,-0.0214,10.0176,0.0,0.0,0.0,9.90000009536743,up,2026-08-27T11:52:47,14047.0,6076.0
VIX,2026-11-18,77,Call,29.0,VIX261118C00029000,1.11,1.16,1.135,1.13,-0.1,-8.13008,241.0,6747.0,1.0354,0.2641,0.0354,0.0285,-0.0192,-0.0025,1.1587,1.17,1.19,1.13,1.23000001907349,down,2026-09-02T16:06:52,6146.0,4537.0
VIX,2026-11-18,77,Put,29.0,VIX261118P00029000,10.9,11.05,10.975000000000001,10.55,0.0,0.0,0.0,568.0,1.0457,-0.7264,0.0354,0.0285,-0.0182,-0.0234,10.9394,0.0,0.0,0.0,10.8000001907349,up,2026-08-26T11:13:25,16483.0,15434.0
VIX,2026-11-18,77,Call,30.0,VIX261118C00030000,1.05,1.1,1.0750000000000002,1.07,-0.09,-7.75862,313.0,109088.0,1.0608,0.2497,0.0336,0.0277,-0.019,-0.0023,1.0973,1.14,1.14,1.07,1.16000002622604,down,2026-09-02T15:58:07,5439.0,4658.0
VIX,2026-11-18,77,Put,30.0,VIX261118P00030000,11.85,11.95,11.899999999999999,11.86,0.135,1.15139,3.0,638.0,1.0676,-0.7407,0.0336,0.0277,-0.018,-0.0253,11.8684,11.86,11.86,11.86,11.7249999046326,down,2026-09-02T10:21:34,15731.0,3032.0
VIX,2026-11-18,77,Call,31.0,VIX261118C00031000,1.0,1.04,1.02,1.07,-0.03,-2.72727,100.0,362.0,1.0811,0.2368,0.032,0.0269,-0.0189,-0.0022,1.0419,1.07,1.07,1.07,1.10000002384186,up,2026-09-02T10:39:35,2581.0,1009.0
VIX,2026-11-18,77,Put,31.0,VIX261118P00031000,12.8,12.9,12.850000000000001,12.7,0.0,0.0,0.0,35.0,1.0861,-0.7537,0.032,0.0269,-0.0177,-0.0273,12.8035,0.0,0.0,0.0,12.6750001907349,up,2026-08-27T15:38:36,4104.0,11692.0
VIX,2026-11-18,77,Call,32.0,VIX261118C00032000,0.95,1.0,0.975,1.0,-0.045,-4.30622,7.0,670.0,1.1022,0.225,0.0305,0.0261,-0.0187,-0.0021,0.9916,1.01,1.01,1.0,1.0450000166893,down,2026-09-02T13:00:15,6828.0,4495.0
VIX,2026-11-18,77,Put,32.0,VIX261118P00032000,13.7,13.85,13.774999999999999,13.63,0.0,0.0,0.0,16.0,1.1111,-0.7654,0.0305,0.0261,-0.0174,-0.0294,13.7436,0.0,0.0,0.0,13.5999999046326,up,2026-08-27T15:38:36,12189.0,8297.0
VIX,2026-11-18,77,Call,33.0,VIX261118C00033000,0.9,0.96,0.9299999999999999,1.03,0.0,0.0,0.0,9207.0,1.1246,0.2143,0.0291,0.0254,-0.0185,-0.002,0.9455,0.0,0.0,0.0,1.0,no_change,2026-09-01T15:47:02,14274.0,8619.0
VIX,2026-11-18,77,Put,33.0,VIX261118P00033000,14.65,14.8,14.725000000000001,13.9,0.0,0.0,0.0,803.0,1.1335,-0.7762,0.0291,0.0254,-0.0172,-0.0314,14.688,0.0,0.0,0.0,14.5500001907349,up,2026-08-20T10:37:11,12075.0,8441.0
VIX,2026-11-18,77,Call,34.0,VIX261118C00034000,0.87,0.92,0.895,0.91,-0.045,-4.71204,13.0,775.0,1.1447,0.2044,0.0278,0.0247,-0.0183,-0.0019,0.9033,0.91,0.91,0.91,0.955000013113022,no_change,2026-09-02T15:58:48,4257.0,5756.0
VIX,2026-11-18,77,Put,34.0,VIX261118P00034000,15.6,15.75,15.675,0.0,0.0,0.0,0.0,0.0,1.1537,-0.786,0.0278,0.0247,-0.0169,-0.0334,15.6362,0.0,0.0,0.0,15.5,no_change,,11355.0,7945.0
VIX,2026-11-18,77,Call,35.0,VIX261118C00035000,0.83,0.88,0.855,0.85,-0.07,-7.60869,145.0,129493.0,1.1626,0.1954,0.0267,0.024,-0.0181,-0.0018,0.8644,0.88,0.9,0.85,0.919999986886978,down,2026-09-02T15:54:59,7535.0,4434.0
VIX,2026-11-18,77,Put,35.0,VIX261118P00035000,16.55,16.7,16.625,16.23,0.0,0.0,0.0,117.0,1.1717,-0.795,0.0267,0.024,-0.0165,-0.0354,16.5877,0.0,0.0,0.0,16.4499998092651,up,2026-08-26T15:58:56,7180.0,1965.0
VIX,2026-11-18,77,Call,36.0,VIX261118C00036000,0.79,0.85,0.8200000000000001,0.82,-0.065,-7.34464,32.0,2486.0,1.1828,0.187,0.0256,0.0234,-0.0178,-0.0018,0.8283,0.82,0.82,0.82,0.885000020265579,no_change,2026-09-02T14:37:52,15900.0,7970.0
VIX,2026-11-18,77,Put,36.0,VIX261118P00036000,17.55,17.65,17.6,0.0,0.0,0.0,0.0,0.0,1.1875,-0.8034,0.0256,0.0234,-0.0162,-0.0375,17.5421,0.0,0.0,0.0,17.4000005722046,no_change,,2662.0,1542.0
VIX,2026-11-18,77,Call,37.0,VIX261118C00037000,0.76,0.82,0.79,0.85,0.0,0.0,0.0,16943.0,1.2012,0.1793,0.0245,0.0228,-0.0176,-0.0017,0.7947,0.0,0.0,0.0,0.844999998807907,no_change,2026-09-01T15:58:08,11925.0,9224.0
VIX,2026-11-18,77,Put,37.0,VIX261118P00037000,18.5,18.6,18.55,17.35,0.0,0.0,0.0,2.0,1.2124,-0.8112,0.0245,0.0228,-0.0159,-0.0395,18.499,0.0,0.0,0.0,18.375,up,2026-08-04T09:35:20,4742.0,1385.0
VIX,2026-11-18,77,Call,38.0,VIX261118C00038000,0.73,0.79,0.76,0.79,0.0,0.0,0.0,5652.0,1.2179,0.1721,0.0236,0.0222,-0.0174,-0.0016,0.7633,0.0,0.0,0.0,0.814999997615814,down,2026-09-01T10:05:42,12144.0,11102.0
VIX,2026-11-18,77,Put,38.0,VIX261118P00038000,19.45,19.6,19.525,17.26,0.0,0.0,0.0,3.0,1.236,-0.8184,0.0236,0.0222,-0.0156,-0.0415,19.4581,0.0,0.0,0.0,19.3249998092651,up,2026-06-15T10:05:16,6158.0,6810.0
VIX,2026-11-18,77,Call,39.0,VIX261118C00039000,0.71,0.76,0.735,0.75,-0.035,-4.4586,3.0,1037.0,1.2354,0.1653,0.0227,0.0216,-0.0172,-0.0016,0.734,0.75,0.75,0.75,0.784999996423721,no_change,2026-09-02T12:35:41,6817.0,8801.0
VIX,2026-11-18,77,Put,39.0,VIX261118P00039000,20.4,20.55,20.475,18.75,0.0,0.0,0.0,1.0,1.2353,-0.8251,0.0227,0.0216,-0.0152,-0.0436,20.4192,0.0,0.0,0.0,20.3000001907349,down,2026-07-29T15:57:15,7207.0,5480.0
VIX,2026-11-18,77,Call,40.0,VIX261118C00040000,0.68,0.72,0.7,0.7,-0.06,-7.89474,21863.0,38730.0,1.2515,0.159,0.0219,0.0211,-0.0169,-0.0015,0.7065,0.74,0.74,0.7,0.759999990463257,no_change,2026-09-02T15:29:11,9420.0,311.0
VIX,2026-11-18,77,Put,40.0,VIX261118P00040000,21.4,21.5,21.45,20.3,0.0,0.0,0.0,105.0,1.244,-0.8314,0.0219,0.0211,-0.0149,-0.0457,21.3821,0.0,0.0,0.0,21.25,no_change,2026-08-18T15:10:56,2050.0,1655.0
VIX,2026-11-18,77,Call,42.5,VIX261118C00042500,0.63,0.67,0.65,0.64,-0.055,-7.91367,267.0,4267.0,1.2898,0.145,0.02,0.0198,-0.0163,-0.0014,0.6446,0.66,0.66,0.64,0.695000022649765,no_change,2026-09-02T15:52:00,2738.0,4829.0
VIX,2026-11-18,77,Put,42.5,VIX261118P00042500,23.8,23.95,23.875,22.9,0.0,0.0,0.0,60.0,1.2838,-0.8455,0.02,0.0198,-0.0141,-0.0508,23.7964,0.0,0.0,0.0,23.6500005722046,up,2026-08-13T09:30:04,5631.0,7350.0
VIX,2026-11-18,77,Call,45.0,VIX261118C00045000,0.57,0.62,0.595,0.62,-0.02,-3.125,1.0,28301.0,1.3209,0.1328,0.0184,0.0186,-0.0157,-0.0013,0.5909,0.62,0.62,0.62,0.640000015497208,down,2026-09-02T12:04:53,4893.0,5220.0
VIX,2026-11-18,77,Put,45.0,VIX261118P00045000,26.25,26.35,26.3,25.6,0.0,0.0,0.0,165.0,1.3167,-0.8576,0.0184,0.0186,-0.0132,-0.056,26.2188,0.0,0.0,0.0,26.0999994277954,no_change,2026-08-21T09:40:31,301.0,2254.0
VIX,2026-11-18,77,Call,47.5,VIX261118C00047500,0.53,0.57,0.55,0.61,0.0,0.0,0.0,3217.0,1.3512,0.1223,0.017,0.0176,-0.0152,-0.0012,0.544,0.0,0.0,0.0,0.594999998807907,down,2026-08-27T11:07:05,2106.0,3212.0
VIX,2026-11-18,77,Put,47.5,VIX261118P00047500,28.65,28.8,28.725,0.0,0.0,0.0,0.0,0.0,1.3432,-0.8682,0.017,0.0176,-0.0124,-0.0612,28.648,0.0,0.0,0.0,28.5250005722046,no_change,,2597.0,4520.0
VIX,2026-11-18,77,Call,50.0,VIX261118C00050000,0.48,0.52,0.5,0.51,-0.035,-6.42202,22.0,42403.0,1.3788,0.113,0.0158,0.0166,-0.0146,-0.0011,0.5026,0.53,0.53,0.5,0.544999986886978,up,2026-09-02T15:54:43,13354.0,352.0
VIX,2026-11-18,77,Put,50.0,VIX261118P00050000,31.1,31.25,31.175,0.0,0.0,0.0,0.0,0.0,1.3787,-0.8775,0.0158,0.0166,-0.0116,-0.0664,31.0827,0.0,0.0,0.0,30.9499998092651,no_change,,1698.0,4797.0
VIX,2026-11-18,77,Call,55.0,VIX261118C00055000,0.41,0.45,0.43,0.45,-0.02,-4.25532,2.0,67072.0,1.4264,0.0975,0.0137,0.0149,-0.0135,-0.0009,0.4329,0.45,0.45,0.45,0.469999998807907,down,2026-09-02T14:12:58,4990.0,2058.0
VIX,2026-11-18,77,Put,55.0,VIX261118P00055000,36.0,36.1,36.05,0.0,0.0,0.0,0.0,0.0,1.438,-0.893,0.0137,0.0149,-0.0101,-0.0768,35.9654,0.0,0.0,0.0,35.8250007629394,no_change,,855.0,2127.0
VIX,2026-11-18,77,Call,60.0,VIX261118C00060000,0.36,0.4,0.38,0.35,-0.06,-14.6341,100.0,236331.0,1.4613,0.0851,0.012,0.0135,-0.0126,-0.0008,0.377,0.36,0.36,0.35,0.409999996423721,no_change,2026-09-02T14:39:42,2741.0,4719.0
VIX,2026-11-18,77,Put,60.0,VIX261118P00060000,40.85,41.0,40.925,40.23,0.0,0.0,0.0,62.0,1.5008,-0.9053,0.012,0.0135,-0.0086,-0.0872,40.8617,0.0,0.0,0.0,40.7250003814697,up,2026-08-24T11:32:20,2420.0,2172.0
VIX,2026-11-18,77,Call,65.0,VIX261118C00065000,0.3,0.35,0.32499999999999996,0.31,-0.04,-11.4286,104.0,88102.0,1.4898,0.075,0.0107,0.0122,-0.0117,-0.0007,0.3312,0.34,0.34,0.3,0.350000008940697,no_change,2026-09-02T14:39:42,10089.0,6120.0
VIX,2026-11-18,77,Put,65.0,VIX261118P00065000,45.8,45.9,45.849999999999994,0.0,0.0,0.0,0.0,0.0,1.5164,-0.9154,0.0107,0.0122,-0.0072,-0.0977,45.7682,0.0,0.0,0.0,45.625,no_change,,1185.0,1104.0
VIX,2026-11-18,77,Call,70.0,VIX261118C00070000,0.26,0.29,0.275,0.27,-0.04,-12.9032,5119.0,74302.0,1.5146,0.0666,0.0095,0.0112,-0.0108,-0.0006,0.2933,0.29,0.29,0.27,0.310000002384186,no_change,2026-09-02T14:39:42,12296.0,5000.0
VIX,2026-11-18,77,Put,70.0,VIX261118P00070000,50.7,50.85,50.775000000000006,49.67,0.0,0.0,0.0,2.0,1.5378,-0.9238,0.0095,0.0112,-0.006,-0.1082,50.6825,0.0,0.0,0.0,50.5249996185303,no_change,2026-08-14T15:31:57,1408.0,3981.0
VIX,2026-11-18,77,Call,75.0,VIX261118C00075000,0.23,0.27,0.25,0.24,-0.03,-11.1111,135.0,51392.0,1.5388,0.0596,0.0086,0.0102,-0.0101,-0.0006,0.2615,0.25,0.25,0.23,0.269999995827675,no_change,2026-09-02T14:39:42,10794.0,5074.0
VIX,2026-11-18,77,Put,75.0,VIX261118P00075000,55.6,55.75,55.675,52.43,0.0,0.0,0.0,1.0,1.5946,-0.9308,0.0086,0.0102,-0.0047,-0.1187,55.603,0.0,0.0,0.0,55.4500007629394,up,2026-06-12T15:44:33,2022.0,2722.0
VIX,2026-11-18,77,Call,80.0,VIX261118C00080000,0.2,0.24,0.22,0.21,-0.03,-12.5,116.0,28700.0,1.5598,0.0536,0.0078,0.0094,-0.0094,-0.0005,0.2345,0.24,0.24,0.21,0.239999994635582,down,2026-09-02T14:51:51,13752.0,4922.0
VIX,2026-11-18,77,Put,80.0,VIX261118P00080000,60.55,60.7,60.625,59.3,0.0,0.0,0.0,3.0,1.6468,-0.9368,0.0078,0.0094,-0.0036,-0.1292,60.5283,0.0,0.0,0.0,60.375,up,2026-08-17T11:35:50,1363.0,4169.0
VIX,2026-11-18,77,Call,85.0,VIX261118C00085000,0.18,0.21,0.195,0.21,0.0,0.0,0.0,1561.0,1.5792,0.0486,0.0071,0.0087,-0.0088,-0.0004,0.2115,0.0,0.0,0.0,0.215000003576279,no_change,2026-09-01T09:30:01,11845.0,5.0
VIX,2026-11-18,77,Put,85.0,VIX261118P00085000,65.5,65.6,65.55,0.0,0.0,0.0,0.0,0.0,1.6711,-0.9419,0.0071,0.0087,-0.0025,-0.1398,65.4575,0.0,0.0,0.0,65.2999992370606,no_change,,799.0,2499.0
VIX,2026-11-18,77,Call,90.0,VIX261118C00090000,0.16,0.2,0.18,0.17,-0.025,-12.8205,100.0,57845.0,1.5986,0.0442,0.0065,0.008,-0.0083,-0.0004,0.1916,0.17,0.17,0.17,0.195000000298023,no_change,2026-09-02T14:39:42,11283.0,8005.0
VIX,2026-11-18,77,Put,90.0,VIX261118P00090000,70.4,70.55,70.475,0.0,0.0,0.0,0.0,0.0,1.6327,-0.9463,0.0065,0.008,-0.0014,-0.1503,70.3899,0.0,0.0,0.0,70.25,no_change,,1797.0,2978.0
VIX,2026-11-18,77,Call,95.0,VIX261118C00095000,0.14,0.18,0.16,0.15,-0.025,-14.2857,100.0,47277.0,1.6197,0.0403,0.0059,0.0075,-0.0078,-0.0004,0.1743,0.15,0.15,0.15,0.174999997019768,no_change,2026-09-02T14:39:42,4102.0,2319.0
VIX,2026-11-18,77,Put,95.0,VIX261118P00095000,75.35,75.5,75.425,0.0,0.0,0.0,0.0,0.0,1.7305,-0.9501,0.0059,0.0075,-0.0004,-0.1608,75.3249,0.0,0.0,0.0,75.1749992370606,no_change,,1129.0,1862.0
VIX,2026-11-18,77,Call,100.0,VIX261118C00100000,0.13,0.17,0.15000000000000002,0.18,0.0,0.0,0.0,23018.0,1.6363,0.037,0.0055,0.0069,-0.0073,-0.0003,0.1593,0.0,0.0,0.0,0.160000003874302,no_change,2026-08-31T09:30:02,3652.0,2332.0
VIX,2026-11-18,77,Put,100.0,VIX261118P00100000,80.3,80.45,80.375,79.17,0.0,0.0,0.0,6.0,1.7401,-0.9535,0.0055,0.0069,0.0,-0.1714,80.2621,0.0,0.0,0.0,80.125,no_change,2026-08-14T15:28:58,1088.0,1862.0
VIX,2026-11-18,77,Call,110.0,VIX261118C00110000,0.11,0.14,0.125,0.13,-0.005,-3.7037,4.0,2982.0,1.6655,0.0314,0.0047,0.006,-0.0065,-0.0003,0.1344,0.13,0.13,0.13,0.135000001639128,no_change,2026-09-02T10:50:43,3574.0,2722.0
VIX,2026-11-18,77,Put,110.0,VIX261118P00110000,90.2,90.3,90.25,89.02,0.0,0.0,0.0,2.0,1.7768,-0.959,0.0047,0.006,0.0,-0.1925,90.1417,0.0,0.0,0.0,90.0,no_change,2026-08-14T15:31:57,250.0,1757.0
VIX,2026-11-18,77,Call,120.0,VIX261118C00120000,0.09,0.13,0.11,0.11,-0.005,-4.34782,10.0,2690.0,1.6897,0.027,0.004,0.0053,-0.0058,-0.0002,0.1147,0.11,0.11,0.11,0.114999998360872,down,2026-09-02T13:19:56,3524.0,2747.0
VIX,2026-11-18,77,Put,120.0,VIX261118P00120000,100.1,100.2,100.15,95.15,0.0,0.0,0.0,61.0,1.8366,-0.9635,0.004,0.0053,0.0,-0.2136,100.0266,0.0,0.0,0.0,99.8999977111816,up,2026-04-16T11:38:32,250.0,1780.0
VIX,2026-11-18,77,Call,130.0,VIX261118C00130000,0.08,0.11,0.095,0.1,0.0,0.0,0.0,5288.0,1.7128,0.0234,0.0036,0.0047,-0.0052,-0.0002,0.099,0.0,0.0,0.0,0.105000000447035,down,2026-08-31T15:44:33,3560.0,2730.0
VIX,2026-11-18,77,Put,130.0,VIX261118P00130000,110.0,110.1,110.05,0.0,0.0,0.0,0.0,0.0,1.8899,-0.967,0.0036,0.0047,0.0,-0.2347,109.9154,0.0,0.0,0.0,109.799999237061,no_change,,250.0,1818.0
VIX,2026-11-18,77,Call,140.0,VIX261118C00140000,0.07,0.1,0.085,0.09,0.0,0.0,0.0,7916.0,1.7391,0.0205,0.0031,0.0042,-0.0047,-0.0002,0.0863,0.0,0.0,0.0,0.0899999998509884,down,2026-09-01T13:46:55,3437.0,2730.0
VIX,2026-11-18,77,Put,140.0,VIX261118P00140000,119.9,120.0,119.95,117.05,0.0,0.0,0.0,108.0,1.9379,-0.9699,0.0031,0.0042,0.0,-0.2558,119.8072,0.0,0.0,0.0,119.674999237061,no_change,2026-06-29T09:36:05,250.0,1815.0
VIX,2026-11-18,77,Call,150.0,VIX261118C00150000,0.06,0.09,0.075,0.11,0.0,0.0,0.0,10248.0,1.758,0.0181,0.0028,0.0038,-0.0043,-0.0002,0.0757,0.0,0.0,0.0,0.0800000000745058,no_change,2026-08-19T12:48:33,3647.0,3416.0
VIX,2026-11-18,77,Put,150.0,VIX261118P00150000,129.8,129.9,129.85000000000002,0.0,0.0,0.0,0.0,0.0,1.9814,-0.9723,0.0028,0.0038,0.0,-0.2769,129.7012,0.0,0.0,0.0,129.574996948242,no_change,,250.0,1778.0
VIX,2026-11-18,77,Call,160.0,VIX261118C00160000,0.04,0.08,0.06,0.09,0.0,0.0,0.0,18077.0,1.7857,0.0161,0.0025,0.0034,-0.0039,-0.0001,0.067,0.0,0.0,0.0,0.0700000021606684,up,2026-08-28T12:03:32,3566.0,2394.0
VIX,2026-11-18,77,Put,160.0,VIX261118P00160000,139.7,139.8,139.75,0.0,0.0,0.0,0.0,0.0,2.021,-0.9743,0.0025,0.0034,0.0,-0.2981,139.5969,0.0,0.0,0.0,139.474998474121,no_change,,250.0,1720.0
VIX,2026-11-18,77,Call,170.0,VIX261118C00170000,0.04,0.08,0.06,0.06,0.0,0.0,0.0,6260.0,1.7913,0.0144,0.0022,0.0031,-0.0036,-0.0001,0.0596,0.0,0.0,0.0,0.0599999986588955,down,2026-08-28T10:40:20,2646.0,4439.0
VIX,2026-11-18,77,Put,170.0,VIX261118P00170000,149.6,149.7,149.64999999999998,0.0,0.0,0.0,0.0,0.0,2.057,-0.976,0.0022,0.0031,0.0,-0.3192,149.4941,0.0,0.0,0.0,149.375,no_change,,250.0,1858.0
VIX,2026-11-18,77,Call,180.0,VIX261118C00180000,0.03,0.07,0.05,0.05,0.0,0.0,0.0,972.0,1.809,0.013,0.002,0.0028,-0.0033,-0.0001,0.0534,0.0,0.0,0.0,0.0499999998137355,no_change,2026-08-31T11:59:29,3615.0,3303.0
VIX,2026-11-18,77,Put,180.0,VIX261118P00180000,159.5,159.6,159.55,0.0,0.0,0.0,0.0,0.0,2.1293,-0.9775,0.002,0.0028,0.0,-0.3404,159.3924,0.0,0.0,0.0,159.25,no_change,,250.0,1650.0
VIX,2026-11-18,77,Call,190.0,VIX261118C00190000,0.02,0.07,0.045000000000000005,0.04,0.0,0.0,0.0,618.0,1.8223,0.0117,0.0018,0.0026,-0.003,-0.0001,0.048,0.0,0.0,0.0,0.0499999998137355,down,2026-08-28T15:16:57,1059.0,1059.0
VIX,2026-11-18,77,Put,190.0,VIX261118P00190000,169.25,169.65,169.45,163.26,0.0,0.0,0.0,1.0,2.0752,-0.9787,0.0018,0.0026,0.0,-0.3615,169.2916,0.0,0.0,0.0,169.150001525879,up,2026-04-15T14:42:06,1010.0,1010.0
VIX,2026-11-18,77,Call,200.0,VIX261118C00200000,0.02,0.06,0.04,0.04,0.0,0.0,0.0,2944.0,1.8311,0.0107,0.0017,0.0024,-0.0028,-0.0001,0.0434,0.0,0.0,0.0,0.0399999991059303,no_change,2026-08-28T14:37:00,1207.0,1207.0
VIX,2026-11-18,77,Put,200.0,VIX261118P00200000,179.15,179.55,179.35000000000002,171.09,0.0,0.0,0.0,2.0,2.1016,-0.9798,0.0017,0.0024,0.0,-0.3826,179.1915,0.0,0.0,0.0,179.050003051758,down,2026-03-27T15:56:04,1010.0,1010.0
VIX,2026-12-16,105,Call,10.0,VIX261216C00010000,8.95,9.25,9.1,9.15,0.0,0.0,0.0,359.0,0.0,0.981,0.0032,0.0018,0.0,-0.0266,9.1649,0.0,0.0,0.0,9.34999990463257,down,2026-09-01T10:50:12,4766.0,4089.0
VIX,2026-12-16,105,Put,10.0,VIX261216P00010000,0.0,0.01,0.005,0.01,0.0,0.0,0.0,160.0,0.5115,-0.006,0.0032,0.0018,-0.0004,0.0,0.0106,0.0,0.0,0.0,0.00499999988824129,no_change,2026-08-31T15:25:13,0.0,1.0
VIX,2026-12-16,105,Call,10.5,VIX261216C00010500,8.45,8.75,8.6,8.65,0.0,0.0,0.0,57.0,0.0,0.9789,0.0043,0.0024,0.0,-0.0252,8.6753,0.0,0.0,0.0,8.84999990463257,down,2026-09-01T10:50:12,4886.0,3947.0
VIX,2026-12-16,105,Put,10.5,VIX261216P00010500,0.0,0.03,0.015,0.01,0.0,0.0,0.0,285.0,0.5528,-0.0081,0.0043,0.0024,-0.0005,0.0,0.0146,0.0,0.0,0.0,0.0149999996647239,down,2026-08-28T14:36:19,0.0,563.0
VIX,2026-12-16,105,Call,11.0,VIX261216C00011000,7.95,8.25,8.1,8.5,0.0,0.0,0.0,112.0,0.0,0.976,0.0058,0.0031,0.0,-0.0238,8.1871,0.0,0.0,0.0,8.32499980926514,down,2026-08-27T11:50:28,4961.0,3960.0
VIX,2026-12-16,105,Put,11.0,VIX261216P00011000,0.0,0.03,0.015,0.01,0.0,0.0,0.0,205.0,0.5272,-0.011,0.0058,0.0031,-0.0007,-0.0001,0.0198,0.0,0.0,0.0,0.0199999995529652,down,2026-06-18T15:02:15,0.0,576.0
VIX,2026-12-16,105,Call,11.5,VIX261216C00011500,7.55,7.7,7.625,7.95,0.0,0.0,0.0,10.0,0.3297,0.9722,0.0077,0.004,0.0,-0.0223,7.7007,0.0,0.0,0.0,7.875,down,2026-08-28T11:35:34,2295.0,845.0
VIX,2026-12-16,105,Put,11.5,VIX261216P00011500,0.01,0.04,0.025,0.03,0.0,0.0,0.0,140.0,0.49,-0.0149,0.0077,0.004,-0.0008,-0.0001,0.0269,0.0,0.0,0.0,0.0249999994412065,no_change,2026-08-28T11:46:05,345.0,2482.0
VIX,2026-12-16,105,Call,12.0,VIX261216C00012000,7.1,7.25,7.175,7.3,0.0,0.0,0.0,40.0,0.0,0.967,0.0102,0.0051,0.0,-0.0209,7.217,0.0,0.0,0.0,7.375,up,2026-09-01T13:42:53,1488.0,4087.0
VIX,2026-12-16,105,Put,12.0,VIX261216P00012000,0.02,0.05,0.035,0.03,0.0,0.0,0.0,1241.0,0.4737,-0.02,0.0102,0.0051,-0.001,-0.0001,0.0367,0.0,0.0,0.0,0.0449999989941716,up,2026-08-27T10:59:39,3369.0,3285.0
VIX,2026-12-16,105,Call,12.5,VIX261216C00012500,6.6,6.75,6.675,7.3,0.0,0.0,0.0,60.0,0.426,0.9592,0.0137,0.0067,0.0,-0.0196,6.7396,0.0,0.0,0.0,6.92499995231628,no_change,2026-08-31T09:30:07,2250.0,1783.0
VIX,2026-12-16,105,Put,12.5,VIX261216P00012500,0.04,0.08,0.06,0.04,0.0,0.0,0.0,652.0,0.454,-0.0279,0.0137,0.0067,-0.0014,-0.0001,0.0528,0.0,0.0,0.0,0.0649999994784594,no_change,2026-08-26T15:49:18,16522.0,14728.0
VIX,2026-12-16,105,Call,13.0,VIX261216C00013000,6.15,6.3,6.225,6.25,-0.2,-3.10078,7.0,163.0,0.3062,0.9462,0.0186,0.0092,0.0,-0.0182,6.2764,6.3,6.3,6.25,6.45000004768372,no_change,2026-09-02T15:22:18,1989.0,3012.0
VIX,2026-12-16,105,Put,13.0,VIX261216P00013000,0.08,0.12,0.1,0.1,0.0,0.0,0.0,1968.0,0.4559,-0.0408,0.0186,0.0092,-0.0019,-0.0002,0.0832,0.0,0.0,0.0,0.0999999977648258,no_change,2026-09-01T10:17:27,3730.0,7397.0
VIX,2026-12-16,105,Call,13.5,VIX261216C00013500,5.7,5.85,5.775,5.95,0.0,0.0,0.0,55.0,0.4569,0.9277,0.0245,0.0123,-0.0006,-0.0169,5.832,0.0,0.0,0.0,6.02499985694885,no_change,2026-09-01T12:30:46,2197.0,1737.0
VIX,2026-12-16,105,Put,13.5,VIX261216P00013500,0.13,0.16,0.14500000000000002,0.15,0.0,0.0,0.0,1775.0,0.4651,-0.0593,0.0245,0.0123,-0.0026,-0.0004,0.1322,0.0,0.0,0.0,0.144999995827675,up,2026-08-31T11:13:27,3404.0,100.0
VIX,2026-12-16,105,Call,14.0,VIX261216C00014000,5.3,5.45,5.375,5.5,0.0,0.0,0.0,1145.0,0.4333,0.9038,0.031,0.0159,-0.0016,-0.0157,5.4114,0.0,0.0,0.0,5.57500004768372,up,2026-09-01T13:15:58,1913.0,3596.0
VIX,2026-12-16,105,Put,14.0,VIX261216P00014000,0.22,0.25,0.235,0.22,0.0,0.0,0.0,2238.0,0.4818,-0.0832,0.031,0.0159,-0.0035,-0.0006,0.2051,0.0,0.0,0.0,0.219999998807907,no_change,2026-09-01T14:51:20,10.0,7376.0
VIX,2026-12-16,105,Call,14.5,VIX261216C00014500,4.9,5.05,4.975,5.1,-0.075,-1.44927,22.0,1366.0,0.4811,0.8744,0.0373,0.0198,-0.0028,-0.0146,5.0234,5.1,5.1,5.04,5.17499995231628,up,2026-09-02T13:42:34,5818.0,2178.0
VIX,2026-12-16,105,Put,14.5,VIX261216P00014500,0.3,0.36,0.32999999999999996,0.33,0.015,4.76191,15.0,5900.0,0.498,-0.1126,0.0373,0.0198,-0.0045,-0.0009,0.3107,0.33,0.33,0.33,0.314999997615814,no_change,2026-09-02T14:44:01,12532.0,9117.0
VIX,2026-12-16,105,Call,15.0,VIX261216C00015000,4.55,4.7,4.625,4.65,-0.175,-3.62694,23.0,3145.0,0.5466,0.8416,0.0429,0.0236,-0.0041,-0.0135,4.6664,4.7,4.74,4.6,4.82500004768372,up,2026-09-02T15:27:36,5793.0,5212.0
VIX,2026-12-16,105,Put,15.0,VIX261216P00015000,0.44,0.5,0.47,0.46,0.01,2.22222,21525.0,72547.0,0.5131,-0.1454,0.0429,0.0236,-0.0056,-0.0013,0.4471,0.46,0.47,0.46,0.449999988079071,no_change,2026-09-02T14:44:01,11558.0,7951.0
VIX,2026-12-16,105,Call,16.0,VIX261216C00016000,3.95,4.1,4.025,4.1,-0.125,-2.95858,63.0,2871.0,0.5349,0.7703,0.0508,0.0302,-0.0065,-0.0118,4.0581,4.2,4.25,4.0,4.22500014305115,no_change,2026-09-02T15:59:32,15132.0,13848.0
VIX,2026-12-16,105,Put,16.0,VIX261216P00016000,0.82,0.88,0.85,0.85,0.025,3.0303,3210.0,12085.0,0.559,-0.2167,0.0508,0.0302,-0.0077,-0.0024,0.8258,0.8,0.85,0.8,0.825000017881394,no_change,2026-09-02T16:12:10,7660.0,4364.0
VIX,2026-12-16,105,Call,17.0,VIX261216C00017000,3.5,3.6,3.55,3.55,-0.175,-4.69799,61.0,2821.0,0.5988,0.7002,0.0544,0.035,-0.0088,-0.0104,3.5763,3.75,3.75,3.55,3.72500002384186,no_change,2026-09-02T15:59:00,6.0,6505.0
VIX,2026-12-16,105,Put,17.0,VIX261216P00017000,1.32,1.39,1.355,1.33,0.02,1.52672,1.0,84552.0,0.6017,-0.2868,0.0544,0.035,-0.0096,-0.0039,1.3311,1.33,1.33,1.33,1.31000000238419,up,2026-09-02T13:07:17,6001.0,4424.0
VIX,2026-12-16,105,Call,18.0,VIX261216C00018000,3.1,3.2,3.1500000000000004,3.2,-0.125,-3.7594,19.0,1495.0,0.6314,0.6368,0.0554,0.038,-0.0105,-0.0092,3.183,3.22,3.25,3.17,3.32500004768372,up,2026-09-02T15:44:05,13017.0,5463.0
VIX,2026-12-16,105,Put,18.0,VIX261216P00018000,1.94,2.0,1.97,1.94,0.0,0.0,0.0,13715.0,0.6454,-0.3502,0.0554,0.038,-0.011,-0.0056,1.9248,0.0,0.0,0.0,1.89499998092651,up,2026-09-01T12:10:34,1.0,11714.0
VIX,2026-12-16,105,Call,19.0,VIX261216C00019000,2.78,2.89,2.835,2.82,-0.175,-5.84307,4347.0,417.0,0.6753,0.5808,0.0547,0.0397,-0.0118,-0.0083,2.855,2.88,2.9,2.82,2.99500000476837,down,2026-09-02T15:49:30,17253.0,10503.0
VIX,2026-12-16,105,Put,19.0,VIX261216P00019000,2.58,2.67,2.625,2.65,0.1,3.92157,4645.0,9418.0,0.6832,-0.4062,0.0547,0.0397,-0.0119,-0.0075,2.5838,2.59,2.65,2.59,2.54999995231628,no_change,2026-09-02T14:54:24,10748.0,11521.0
VIX,2026-12-16,105,Call,20.0,VIX261216C00020000,2.52,2.6,2.56,2.55,-0.155,-5.73013,5008.0,24673.0,0.7112,0.5315,0.0532,0.0405,-0.0128,-0.0075,2.5781,2.77,2.77,2.53,2.70500004291534,down,2026-09-02T16:02:55,7637.0,2189.0
VIX,2026-12-16,105,Put,20.0,VIX261216P00020000,3.3,3.4,3.3499999999999996,3.37,0.12,3.69231,5410.0,21873.0,0.7172,-0.4555,0.0532,0.0405,-0.0126,-0.0096,3.2939,3.32,3.38,3.32,3.25,no_change,2026-09-02T15:09:40,8904.0,13720.0
VIX,2026-12-16,105,Call,21.0,VIX261216C00021000,2.28,2.33,2.3049999999999997,2.33,-0.14,-5.66802,123.0,12547.0,0.7427,0.4882,0.0513,0.0407,-0.0136,-0.0068,2.3424,2.37,2.37,2.33,2.47000002861023,no_change,2026-09-02T15:55:01,10246.0,10.0
VIX,2026-12-16,105,Put,21.0,VIX261216P00021000,4.05,4.15,4.1,4.1,0.1,2.5,3.0,16040.0,0.7531,-0.4988,0.0513,0.0407,-0.013,-0.0117,4.0451,4.1,4.1,4.1,4.00000011920929,up,2026-09-02T10:15:29,14090.0,12192.0
VIX,2026-12-16,105,Call,22.0,VIX261216C00022000,2.09,2.17,2.13,2.14,-0.12,-5.30973,96.0,8906.0,0.7685,0.45,0.0491,0.0404,-0.0141,-0.0062,2.1405,2.21,2.21,2.14,2.25999999046326,down,2026-09-02T15:12:24,14896.0,3301.0
VIX,2026-12-16,105,Put,22.0,VIX261216P00022000,4.8,4.95,4.875,4.8,0.0,0.0,0.0,5641.0,0.7784,-0.537,0.0491,0.0404,-0.0131,-0.014,4.8303,0.0,0.0,0.0,4.79999995231628,no_change,2026-09-01T12:56:32,20810.0,12946.0
VIX,2026-12-16,105,Call,23.0,VIX261216C00023000,1.91,2.0,1.955,1.98,-0.1,-4.80769,31.0,15960.0,0.7941,0.4164,0.0469,0.0399,-0.0144,-0.0057,1.9669,2.04,2.04,1.98,2.07999992370605,down,2026-09-02T15:22:48,15641.0,4516.0
VIX,2026-12-16,105,Put,23.0,VIX261216P00023000,5.65,5.75,5.7,5.66,0.0,0.0,0.0,11740.0,0.8012,-0.5706,0.0469,0.0399,-0.0131,-0.0164,5.6437,0.0,0.0,0.0,5.60000014305115,down,2026-09-01T10:01:34,12625.0,4793.0
VIX,2026-12-16,105,Call,24.0,VIX261216C00024000,1.76,1.85,1.8050000000000002,1.8,-0.12,-6.25,8.0,4465.0,0.8162,0.3868,0.0446,0.0392,-0.0147,-0.0053,1.8166,1.9,1.9,1.8,1.9200000166893,down,2026-09-02T16:06:50,15890.0,2946.0
VIX,2026-12-16,105,Put,24.0,VIX261216P00024000,6.45,6.6,6.525,6.45,0.0,0.0,0.0,1448.0,0.8229,-0.6002,0.0446,0.0392,-0.013,-0.0188,6.4804,0.0,0.0,0.0,6.42499995231628,no_change,2026-09-01T14:04:13,18577.0,11059.0
VIX,2026-12-16,105,Call,25.0,VIX261216C00025000,1.63,1.72,1.6749999999999998,1.69,-0.09,-5.05618,39.0,10935.0,0.8369,0.3605,0.0425,0.0383,-0.0148,-0.0049,1.6861,1.75,1.75,1.65,1.78000003099442,up,2026-09-02T15:31:42,16918.0,3478.0
VIX,2026-12-16,105,Put,25.0,VIX261216P00025000,7.35,7.45,7.4,7.35,0.0,0.0,0.0,2256.0,0.8446,-0.6265,0.0425,0.0383,-0.0128,-0.0213,7.3369,0.0,0.0,0.0,7.25,down,2026-09-01T12:17:22,8841.0,7166.0
VIX,2026-12-16,105,Call,26.0,VIX261216C00026000,1.52,1.6,1.56,1.58,-0.075,-4.53172,6.0,2871.0,0.8574,0.3372,0.0404,0.0374,-0.0148,-0.0046,1.572,1.64,1.64,1.58,1.65500003099442,down,2026-09-02T13:58:09,15458.0,2684.0
VIX,2026-12-16,105,Put,26.0,VIX261216P00026000,8.2,8.35,8.274999999999999,8.25,0.0,0.0,0.0,1306.0,0.874,-0.6498,0.0404,0.0374,-0.0125,-0.0238,8.2098,0.0,0.0,0.0,8.15000009536743,up,2026-09-01T10:18:28,14202.0,13010.0
VIX,2026-12-16,105,Call,27.0,VIX261216C00027000,1.42,1.5,1.46,1.53,-0.015,-0.970875,1.0,12263.0,0.8771,0.3164,0.0384,0.0365,-0.0149,-0.0043,1.4716,1.53,1.53,1.53,1.5450000166893,down,2026-09-02T11:02:36,15827.0,2872.0
VIX,2026-12-16,105,Put,27.0,VIX261216P00027000,9.1,9.25,9.175,8.36,0.0,0.0,0.0,71.0,0.8855,-0.6706,0.0384,0.0365,-0.0121,-0.0264,9.0965,0.0,0.0,0.0,9.02500009536743,up,2026-08-19T13:53:37,11257.0,14824.0
VIX,2026-12-16,105,Call,28.0,VIX261216C00028000,1.33,1.41,1.37,1.38,-0.07,-4.82759,5.0,4313.0,0.8968,0.2979,0.0366,0.0355,-0.0148,-0.004,1.383,1.39,1.39,1.38,1.44999998807907,down,2026-09-02T15:43:25,17784.0,2736.0
VIX,2026-12-16,105,Put,28.0,VIX261216P00028000,10.0,10.15,10.075,9.3,0.0,0.0,0.0,22.0,0.9062,-0.6891,0.0366,0.0355,-0.0118,-0.029,9.9949,0.0,0.0,0.0,9.92500019073486,up,2026-08-17T10:35:44,10722.0,13552.0
VIX,2026-12-16,105,Call,29.0,VIX261216C00029000,1.26,1.33,1.295,1.38,0.0,0.0,0.0,1504.0,0.9172,0.2812,0.0349,0.0346,-0.0148,-0.0038,1.3042,0.0,0.0,0.0,1.36500000953674,down,2026-08-27T14:33:14,7837.0,2905.0
VIX,2026-12-16,105,Put,29.0,VIX261216P00029000,10.9,11.05,10.975000000000001,10.15,0.0,0.0,0.0,518.0,0.9234,-0.7058,0.0349,0.0346,-0.0113,-0.0316,10.9031,0.0,0.0,0.0,10.8249998092651,no_change,2026-08-14T15:20:37,13097.0,12158.0
VIX,2026-12-16,105,Call,30.0,VIX261216C00030000,1.2,1.25,1.225,1.23,-0.06,-4.65116,1431.0,35678.0,0.9359,0.2662,0.0333,0.0336,-0.0147,-0.0036,1.2336,1.26,1.27,1.21,1.29000002145767,no_change,2026-09-02T16:00:46,1.0,1732.0
VIX,2026-12-16,105,Put,30.0,VIX261216P00030000,11.8,11.95,11.875,11.8,0.075,0.63966,3.0,590.0,0.952,-0.7208,0.0333,0.0336,-0.0109,-0.0343,11.8195,11.8,11.8,11.8,11.7249999046326,up,2026-09-02T10:21:34,14964.0,8882.0
VIX,2026-12-16,105,Call,31.0,VIX261216C00031000,1.13,1.2,1.165,1.23,0.0,0.0,0.0,294.0,0.9547,0.2526,0.0318,0.0327,-0.0146,-0.0034,1.1701,0.0,0.0,0.0,1.22500002384186,down,2026-08-31T11:17:50,6352.0,3086.0
VIX,2026-12-16,105,Put,31.0,VIX261216P00031000,12.75,12.9,12.825,12.75,0.0,0.0,0.0,123.0,0.963,-0.7344,0.0318,0.0327,-0.0104,-0.037,12.743,0.0,0.0,0.0,12.6500000953674,up,2026-09-01T11:32:45,13133.0,15486.0
VIX,2026-12-16,105,Call,32.0,VIX261216C00032000,1.07,1.14,1.105,1.16,0.0,0.0,0.0,1218.0,0.9724,0.2402,0.0304,0.0319,-0.0144,-0.0032,1.1127,0.0,0.0,0.0,1.1700000166893,up,2026-09-01T15:15:42,11623.0,3341.0
VIX,2026-12-16,105,Put,32.0,VIX261216P00032000,13.65,13.8,13.725000000000001,12.8,0.0,0.0,0.0,3.0,0.9867,-0.7468,0.0304,0.0319,-0.01,-0.0397,13.6726,0.0,0.0,0.0,13.5749998092651,up,2026-08-18T09:57:19,15514.0,9975.0
VIX,2026-12-16,105,Call,33.0,VIX261216C00033000,1.02,1.09,1.0550000000000002,1.07,-0.04,-3.6036,100.0,15679.0,0.9896,0.229,0.0291,0.031,-0.0143,-0.0031,1.0605,1.07,1.07,1.07,1.11000001430511,down,2026-09-02T12:56:53,11281.0,3484.0
VIX,2026-12-16,105,Put,33.0,VIX261216P00033000,14.6,14.75,14.675,0.0,0.0,0.0,0.0,0.0,1.0083,-0.758,0.0291,0.031,-0.0095,-0.0424,14.6073,0.0,0.0,0.0,14.5250000953674,no_change,,15226.0,12673.0
VIX,2026-12-16,105,Call,34.0,VIX261216C00034000,0.98,1.04,1.01,1.05,-0.01,-0.943396,1.0,4164.0,1.0062,0.2186,0.0279,0.0302,-0.0142,-0.0029,1.0126,1.05,1.05,1.05,1.06000000238419,up,2026-09-02T10:50:42,4915.0,2652.0
VIX,2026-12-16,105,Put,34.0,VIX261216P00034000,15.55,15.7,15.625,14.75,0.0,0.0,0.0,600.0,1.0281,-0.7684,0.0279,0.0302,-0.009,-0.0451,15.5465,0.0,0.0,0.0,15.4499998092651,up,2026-08-20T10:12:10,14232.0,14136.0
VIX,2026-12-16,105,Call,35.0,VIX261216C00035000,0.94,1.0,0.97,0.96,-0.06,-5.88235,463.0,9139.0,1.0227,0.2091,0.0268,0.0294,-0.014,-0.0028,0.9687,1.03,1.03,0.96,1.01999998092651,no_change,2026-09-02T14:28:12,4620.0,2975.0
VIX,2026-12-16,105,Put,35.0,VIX261216P00035000,16.5,16.65,16.575,14.25,0.0,0.0,0.0,20.0,1.0377,-0.7779,0.0268,0.0294,-0.0085,-0.0478,16.4896,0.0,0.0,0.0,16.4000005722046,no_change,2026-06-01T15:28:58,13300.0,14231.0
VIX,2026-12-16,105,Call,36.0,VIX261216C00036000,0.9,0.96,0.9299999999999999,0.95,-0.03,-3.06122,12.0,4656.0,1.0392,0.2003,0.0257,0.0287,-0.0138,-0.0027,0.9282,0.94,0.95,0.94,0.979999989271164,up,2026-09-02T15:58:48,5719.0,2973.0
VIX,2026-12-16,105,Put,36.0,VIX261216P00036000,17.45,17.6,17.525,0.0,0.0,0.0,0.0,0.0,1.0539,-0.7867,0.0257,0.0287,-0.008,-0.0506,17.4361,0.0,0.0,0.0,17.3249998092651,no_change,,8309.0,9608.0
VIX,2026-12-16,105,Call,37.0,VIX261216C00037000,0.86,0.93,0.895,0.92,-0.02,-2.12766,1.0,1493.0,1.0542,0.1922,0.0248,0.028,-0.0137,-0.0026,0.8907,0.92,0.92,0.92,0.940000027418136,no_change,2026-09-02T11:56:39,11199.0,3957.0
VIX,2026-12-16,105,Put,37.0,VIX261216P00037000,18.4,18.55,18.475,17.25,0.0,0.0,0.0,2.0,1.0685,-0.7948,0.0248,0.028,-0.0074,-0.0534,18.3856,0.0,0.0,0.0,18.2750005722046,up,2026-07-08T09:56:45,2860.0,5603.0
VIX,2026-12-16,105,Call,38.0,VIX261216C00038000,0.83,0.89,0.86,0.94,0.0,0.0,0.0,3786.0,1.0677,0.1846,0.0238,0.0273,-0.0135,-0.0025,0.8558,0.0,0.0,0.0,0.905000001192093,up,2026-08-31T13:27:41,7451.0,2991.0
VIX,2026-12-16,105,Put,38.0,VIX261216P00038000,19.35,19.5,19.425,18.9,0.0,0.0,0.0,600.0,1.0816,-0.8024,0.0238,0.0273,-0.0069,-0.0561,19.3377,0.0,0.0,0.0,19.2249994277954,no_change,2026-08-26T12:30:55,3957.0,5806.0
VIX,2026-12-16,105,Call,39.0,VIX261216C00039000,0.8,0.86,0.8300000000000001,0.89,0.0,0.0,0.0,791.0,1.0816,0.1775,0.023,0.0266,-0.0134,-0.0024,0.8232,0.0,0.0,0.0,0.869999974966049,down,2026-08-31T11:17:50,7053.0,3503.0
VIX,2026-12-16,105,Put,39.0,VIX261216P00039000,20.3,20.45,20.375,0.0,0.0,0.0,0.0,0.0,1.0552,-0.8095,0.023,0.0266,-0.0064,-0.0589,20.2921,0.0,0.0,0.0,20.1999998092651,no_change,,5882.0,4131.0
VIX,2026-12-16,105,Call,40.0,VIX261216C00040000,0.77,0.83,0.8,0.8,-0.04,-4.76191,7612.0,22480.0,1.0982,0.1709,0.0222,0.026,-0.0132,-0.0023,0.7927,0.83,0.84,0.8,0.840000003576279,down,2026-09-02T15:35:55,8529.0,3353.0
VIX,2026-12-16,105,Put,40.0,VIX261216P00040000,21.25,21.4,21.325,20.77,0.0,0.0,0.0,113.0,1.0644,-0.8161,0.0222,0.026,-0.0059,-0.0617,21.2486,0.0,0.0,0.0,21.1500005722046,up,2026-08-25T09:52:38,6261.0,1712.0
VIX,2026-12-16,105,Call,42.5,VIX261216C00042500,0.71,0.77,0.74,0.8,0.0,0.0,0.0,1763.0,1.1271,0.1562,0.0204,0.0245,-0.0128,-0.0021,0.7246,0.0,0.0,0.0,0.770000010728836,no_change,2026-08-28T15:56:59,4615.0,5053.0
VIX,2026-12-16,105,Put,42.5,VIX261216P00042500,23.65,23.8,23.725,23.65,0.0,0.0,0.0,1.0,1.0921,-0.8308,0.0204,0.0245,-0.0046,-0.0686,23.648,0.0,0.0,0.0,23.5500001907349,down,2026-09-01T12:17:10,5937.0,3229.0
VIX,2026-12-16,105,Call,45.0,VIX261216C00045000,0.65,0.71,0.6799999999999999,0.69,-0.01,-1.42857,516.0,12749.0,1.158,0.1435,0.0188,0.0232,-0.0124,-0.0019,0.6657,0.68,0.69,0.68,0.700000017881394,no_change,2026-09-02T11:09:11,3532.0,2989.0
VIX,2026-12-16,105,Put,45.0,VIX261216P00045000,26.05,26.25,26.15,25.35,0.0,0.0,0.0,100.0,1.1245,-0.8435,0.0188,0.0232,-0.0033,-0.0756,26.0567,0.0,0.0,0.0,25.9749994277954,no_change,2026-08-21T10:15:29,4137.0,4811.0
VIX,2026-12-16,105,Call,47.5,VIX261216C00047500,0.6,0.66,0.63,0.61,-0.045,-6.87023,24.0,5095.0,1.1814,0.1325,0.0174,0.0219,-0.0119,-0.0018,0.6144,0.61,0.61,0.61,0.655000001192093,down,2026-09-02T15:59:46,3589.0,6247.0
VIX,2026-12-16,105,Put,47.5,VIX261216P00047500,28.5,28.65,28.575,27.97,0.0,0.0,0.0,1.0,1.1397,-0.8545,0.0174,0.0219,-0.002,-0.0826,28.4728,0.0,0.0,0.0,28.3999996185303,up,2026-08-25T09:52:38,1672.0,4266.0
VIX,2026-12-16,105,Call,50.0,VIX261216C00050000,0.55,0.61,0.5800000000000001,0.59,-0.015,-2.47934,20.0,22005.0,1.207,0.1228,0.0162,0.0208,-0.0115,-0.0016,0.5692,0.59,0.59,0.59,0.604999989271164,no_change,2026-09-02T12:54:14,4439.0,3327.0
VIX,2026-12-16,105,Put,50.0,VIX261216P00050000,30.9,31.05,30.975,0.0,0.0,0.0,0.0,0.0,1.1746,-0.8642,0.0162,0.0208,-0.0007,-0.0896,30.8952,0.0,0.0,0.0,30.8000001907349,no_change,,3954.0,2288.0
VIX,2026-12-16,105,Call,55.0,VIX261216C00055000,0.48,0.53,0.505,0.5,-0.025,-4.76191,13.0,11170.0,1.249,0.1066,0.0142,0.0188,-0.0108,-0.0014,0.4935,0.5,0.5,0.5,0.525000005960464,down,2026-09-02T15:43:17,2325.0,3046.0
VIX,2026-12-16,105,Put,55.0,VIX261216P00055000,35.75,35.95,35.85,35.65,0.0,0.0,0.0,1.0,1.2074,-0.8804,0.0142,0.0188,0.0,-0.1038,35.7546,0.0,0.0,0.0,35.6749992370606,down,2026-09-01T13:02:04,4000.0,4221.0
VIX,2026-12-16,105,Call,60.0,VIX261216C00060000,0.41,0.46,0.435,0.47,0.01,2.17391,1.0,45943.0,1.2831,0.0937,0.0125,0.017,-0.0101,-0.0013,0.4327,0.47,0.47,0.47,0.46000000834465,up,2026-09-02T13:25:09,2648.0,2912.0
VIX,2026-12-16,105,Put,60.0,VIX261216P00060000,40.65,40.8,40.724999999999994,36.05,0.0,0.0,0.0,0.0,1.2399,-0.8933,0.0125,0.017,0.0,-0.1179,40.6288,0.0,0.0,0.0,40.5249996185303,up,2026-03-31T09:57:10,1529.0,3531.0
VIX,2026-12-16,105,Call,65.0,VIX261216C00065000,0.36,0.41,0.385,0.37,0.0,0.0,0.0,6451.0,1.3087,0.0831,0.0112,0.0156,-0.0094,-0.0011,0.383,0.0,0.0,0.0,0.394999995827675,down,2026-08-31T09:30:05,2607.0,5318.0
VIX,2026-12-16,105,Put,65.0,VIX261216P00065000,45.55,45.7,45.625,45.53,0.0,0.0,0.0,11.0,1.2604,-0.9039,0.0112,0.0156,0.0,-0.1321,45.5141,0.0,0.0,0.0,45.4249992370606,up,2026-09-01T11:31:40,1277.0,4222.0
VIX,2026-12-16,105,Call,70.0,VIX261216C00070000,0.31,0.34,0.325,0.34,-0.01,-2.85715,3.0,22934.0,1.3308,0.0744,0.0101,0.0143,-0.0088,-0.001,0.3416,0.35,0.35,0.34,0.350000008940697,down,2026-09-02T14:21:09,2836.0,10.0
VIX,2026-12-16,105,Put,70.0,VIX261216P00070000,50.45,50.6,50.525000000000006,0.0,0.0,0.0,0.0,0.0,1.2687,-0.9126,0.0101,0.0143,0.0,-0.1463,50.4077,0.0,0.0,0.0,50.3000011444092,no_change,,867.0,4200.0
VIX,2026-12-16,105,Call,75.0,VIX261216C00075000,0.27,0.32,0.29500000000000004,0.32,0.0,0.0,0.0,6070.0,1.3517,0.067,0.0091,0.0132,-0.0083,-0.0009,0.3069,0.0,0.0,0.0,0.310000002384186,up,2026-09-01T13:48:55,12455.0,3395.0
VIX,2026-12-16,105,Put,75.0,VIX261216P00075000,55.35,55.5,55.425,0.0,0.0,0.0,0.0,0.0,1.3097,-0.92,0.0091,0.0132,0.0,-0.1605,55.308,0.0,0.0,0.0,55.1999988555908,no_change,,868.0,4212.0
VIX,2026-12-16,105,Call,80.0,VIX261216C00080000,0.24,0.29,0.265,0.26,-0.015,-5.45455,10.0,3767.0,1.3694,0.0607,0.0083,0.0122,-0.0078,-0.0008,0.2773,0.26,0.26,0.26,0.275000005960464,down,2026-09-02T09:35:31,5684.0,3871.0
VIX,2026-12-16,105,Put,80.0,VIX261216P00080000,60.25,60.4,60.325,0.0,0.0,0.0,0.0,0.0,1.3684,-0.9263,0.0083,0.0122,0.0,-0.1747,60.2135,0.0,0.0,0.0,60.1000003814697,no_change,,1270.0,4045.0
VIX,2026-12-16,105,Call,85.0,VIX261216C00085000,0.21,0.26,0.235,0.28,0.0,0.0,0.0,5887.0,1.3851,0.0553,0.0076,0.0113,-0.0073,-0.0007,0.2518,0.0,0.0,0.0,0.250000007450581,up,2026-08-28T13:39:11,7199.0,3659.0
VIX,2026-12-16,105,Put,85.0,VIX261216P00085000,65.15,65.3,65.225,0.0,0.0,0.0,0.0,0.0,1.3792,-0.9317,0.0076,0.0113,0.0,-0.189,65.1231,0.0,0.0,0.0,65.0249977111816,no_change,,1456.0,4107.0
VIX,2026-12-16,105,Call,90.0,VIX261216C00090000,0.19,0.24,0.215,0.24,0.0,0.0,0.0,6619.0,1.405,0.0506,0.007,0.0106,-0.0069,-0.0007,0.2299,0.0,0.0,0.0,0.219999998807907,no_change,2026-08-31T15:11:43,5581.0,2744.0
VIX,2026-12-16,105,Put,90.0,VIX261216P00090000,70.05,70.2,70.125,0.0,0.0,0.0,0.0,0.0,1.4763,-0.9364,0.007,0.0106,0.0,-0.2032,70.0361,0.0,0.0,0.0,69.9249992370606,no_change,,1886.0,3064.0
VIX,2026-12-16,105,Call,95.0,VIX261216C00095000,0.17,0.22,0.195,0.23,0.0,0.0,0.0,6141.0,1.4206,0.0465,0.0064,0.0099,-0.0065,-0.0006,0.2107,0.0,0.0,0.0,0.200000002980232,down,2026-08-27T11:28:00,3277.0,1924.0
VIX,2026-12-16,105,Put,95.0,VIX261216P00095000,75.0,75.15,75.075,0.0,0.0,0.0,0.0,0.0,1.3789,-0.9405,0.0064,0.0099,0.0,-0.2175,74.952,0.0,0.0,0.0,74.8499984741211,no_change,,250.0,1916.0
VIX,2026-12-16,105,Call,100.0,VIX261216C00100000,0.16,0.2,0.18,0.19,0.0,1.25483e-06,8.0,26575.0,1.4322,0.0429,0.006,0.0092,-0.0062,-0.0006,0.1938,0.19,0.19,0.19,0.189999997615814,no_change,2026-09-02T13:25:09,3061.0,1914.0
VIX,2026-12-16,105,Put,100.0,VIX261216P00100000,79.9,80.05,79.975,75.62,0.0,0.0,0.0,6.0,1.5319,-0.9441,0.006,0.0092,0.0,-0.2318,79.8701,0.0,0.0,0.0,79.7749977111816,no_change,2026-04-15T10:02:22,1146.0,1847.0
VIX,2026-12-16,105,Call,110.0,VIX261216C00110000,0.13,0.17,0.15000000000000002,0.2,0.0,0.0,0.0,1449.0,1.456,0.0369,0.0052,0.0081,-0.0056,-0.0005,0.1656,0.0,0.0,0.0,0.160000003874302,no_change,2026-08-25T14:05:16,3050.0,1920.0
VIX,2026-12-16,105,Put,110.0,VIX261216P00110000,89.75,89.9,89.825,85.15,0.0,0.0,0.0,1.0,1.4675,-0.9501,0.0052,0.0081,0.0,-0.2603,89.712,0.0,0.0,0.0,89.625,down,2026-04-16T11:49:04,1138.0,1845.0
VIX,2026-12-16,105,Call,120.0,VIX261216C00120000,0.11,0.16,0.135,0.18,0.0,0.0,0.0,1009.0,1.4821,0.0321,0.0045,0.0073,-0.005,-0.0004,0.1432,0.0,0.0,0.0,0.139999996870756,no_change,2026-08-17T11:05:47,2873.0,2728.0
VIX,2026-12-16,105,Put,120.0,VIX261216P00120000,99.6,99.75,99.675,94.8,0.0,0.0,0.0,1.0,1.4557,-0.9549,0.0045,0.0073,0.0,-0.2889,99.5597,0.0,0.0,0.0,99.4750022888184,down,2026-04-16T11:44:37,1153.0,1775.0
VIX,2026-12-16,105,Call,130.0,VIX261216C00130000,0.1,0.13,0.115,0.14,0.0,0.0,0.0,318.0,1.4986,0.0282,0.004,0.0065,-0.0046,-0.0004,0.125,0.0,0.0,0.0,0.120000001043081,down,2026-08-18T11:44:01,1667.0,1785.0
VIX,2026-12-16,105,Put,130.0,VIX261216P00130000,109.5,109.65,109.575,0.0,0.0,0.0,0.0,0.0,1.4677,-0.9589,0.004,0.0065,0.0,-0.3175,109.4115,0.0,0.0,0.0,109.325000762939,no_change,,250.0,1926.0
VIX,2026-12-16,105,Call,140.0,VIX261216C00140000,0.08,0.12,0.1,0.17,0.0,0.0,0.0,352.0,1.5249,0.0249,0.0036,0.0059,-0.0042,-0.0003,0.11,0.0,0.0,0.0,0.109999999403954,no_change,2026-07-21T13:34:50,2791.0,1902.0
VIX,2026-12-16,105,Put,140.0,VIX261216P00140000,119.35,119.5,119.425,0.0,0.0,0.0,0.0,0.0,1.5665,-0.9621,0.0036,0.0059,0.0,-0.3461,119.2666,0.0,0.0,0.0,119.174999237061,no_change,,250.0,1907.0
VIX,2026-12-16,105,Call,150.0,VIX261216C00150000,0.07,0.11,0.09,0.12,0.0,0.0,0.0,4445.0,1.5238,0.0222,0.0032,0.0053,-0.0038,-0.0003,0.0976,0.0,0.0,0.0,0.0899999998509884,up,2026-08-21T12:22:26,1643.0,1793.0
VIX,2026-12-16,105,Put,150.0,VIX261216P00150000,129.2,129.35,129.27499999999998,124.07,0.0,0.0,0.0,0.0,1.5725,-0.9648,0.0032,0.0053,0.0,-0.3747,129.1243,0.0,0.0,0.0,129.049995422363,up,2026-04-15T10:02:22,1088.0,1843.0
VIX,2026-12-16,105,Call,160.0,VIX261216C00160000,0.06,0.1,0.08,0.09,0.0,0.0,0.0,261.0,1.5494,0.0199,0.0029,0.0048,-0.0035,-0.0002,0.0871,0.0,0.0,0.0,0.0800000000745058,no_change,2026-08-28T10:57:57,1683.0,2704.0
VIX,2026-12-16,105,Put,160.0,VIX261216P00160000,139.1,139.25,139.175,0.0,0.0,0.0,0.0,0.0,1.5688,-0.9671,0.0029,0.0048,0.0,-0.4033,138.9838,0.0,0.0,0.0,138.925003051758,no_change,,250.0,1944.0
VIX,2026-12-16,105,Call,170.0,VIX261216C00170000,0.05,0.09,0.07,0.07,0.0,0.0,0.0,600.0,1.5714,0.018,0.0026,0.0044,-0.0032,-0.0002,0.0781,0.0,0.0,0.0,0.0700000021606684,down,2026-08-28T15:14:35,1719.0,2740.0
VIX,2026-12-16,105,Put,170.0,VIX261216P00170000,148.95,149.1,149.02499999999998,0.0,0.0,0.0,0.0,0.0,1.7076,-0.9691,0.0026,0.0044,0.0,-0.4319,148.8449,0.0,0.0,0.0,148.775001525879,no_change,,250.0,1842.0
VIX,2026-12-16,105,Call,180.0,VIX261216C00180000,0.04,0.09,0.065,0.06,0.0,0.0,0.0,510.0,1.5757,0.0163,0.0024,0.0041,-0.003,-0.0002,0.0705,0.0,0.0,0.0,0.0599999986588955,down,2026-08-28T15:30:44,1680.0,3417.0
VIX,2026-12-16,105,Put,180.0,VIX261216P00180000,158.8,158.95,158.875,153.22,0.0,0.0,0.0,1.0,1.6588,-0.9708,0.0024,0.0041,0.0,-0.4605,158.7073,0.0,0.0,0.0,158.650001525879,up,2026-04-14T09:35:51,1116.0,1842.0
VIX,2026-12-16,105,Call,190.0,VIX261216C00190000,0.03,0.08,0.055,0.06,0.0,0.0,0.0,3014.0,1.5902,0.0148,0.0022,0.0038,-0.0028,-0.0002,0.0638,0.0,0.0,0.0,0.0599999986588955,no_change,2026-08-28T10:30:53,1418.0,1916.0
VIX,2026-12-16,105,Put,190.0,VIX261216P00190000,168.7,168.85,168.77499999999998,162.86,0.0,0.0,0.0,2.0,1.7481,-0.9722,0.0022,0.0038,0.0,-0.4891,168.5708,0.0,0.0,0.0,168.5,up,2026-04-13T15:46:23,250.0,1330.0
VIX,2026-12-16,105,Call,200.0,VIX261216C00200000,0.02,0.07,0.045000000000000005,0.06,0.01,20.0,1.0,422.0,1.6014,0.0135,0.002,0.0035,-0.0026,-0.0002,0.0581,0.06,0.06,0.06,0.0499999998137355,up,2026-09-02T09:47:39,1071.0,1071.0
VIX,2026-12-16,105,Put,200.0,VIX261216P00200000,178.35,178.8,178.575,177.27,0.0,0.0,0.0,12.0,1.74,-0.9735,0.002,0.0035,0.0,-0.5178,178.4351,0.0,0.0,0.0,178.375,up,2026-08-20T11:23:31,1010.0,1010.0
VIX,2027-01-20,140,Call,10.0,VIX270120C00010000,9.9,10.25,10.075,10.18,-0.045,-0.440097,2.0,15.0,0.6356,0.9789,0.002,0.0015,0.0,-0.039,10.1047,10.18,10.18,10.18,10.2249999046326,down,2026-09-02T10:33:00,5102.0,4526.0
VIX,2027-01-20,140,Put,10.0,VIX270120P00010000,0.0,0.01,0.005,0.01,0.0,0.0,0.0,15.0,0.5577,-0.0038,0.002,0.0015,-0.0002,0.0,0.0069,0.0,0.0,0.0,0.00499999988824129,down,2026-08-04T15:21:04,0.0,1.0
VIX,2027-01-20,140,Call,10.5,VIX270120C00010500,9.4,9.75,9.575,11.4,0.0,0.0,0.0,2.0,0.584,0.977,0.0029,0.0021,0.0,-0.0371,9.617,0.0,0.0,0.0,9.75,down,2026-06-23T12:18:45,5264.0,4339.0
VIX,2027-01-20,140,Put,10.5,VIX270120P00010500,0.0,0.01,0.005,0.01,0.0,0.0,0.0,6.0,0.5228,-0.0057,0.0029,0.0021,-0.0003,0.0,0.0106,0.0,0.0,0.0,0.00499999988824129,no_change,2026-08-04T15:21:04,0.0,1.0
VIX,2027-01-20,140,Call,11.0,VIX270120C00011000,8.95,9.25,9.1,10.05,0.0,0.0,0.0,40.0,0.5694,0.9745,0.0041,0.0029,0.0,-0.0352,9.1308,0.0,0.0,0.0,9.25,up,2026-08-21T09:33:57,4894.0,4129.0
VIX,2027-01-20,140,Put,11.0,VIX270120P00011000,0.0,0.03,0.015,0.01,0.0,0.0,0.0,61.0,0.4998,-0.0082,0.0041,0.0029,-0.0004,-0.0001,0.0157,0.0,0.0,0.0,0.0149999996647239,down,2026-08-20T16:09:57,0.0,567.0
VIX,2027-01-20,140,Call,11.5,VIX270120C00011500,8.45,8.8,8.625,10.85,0.0,0.0,0.0,1.0,0.487,0.9711,0.0056,0.0039,0.0,-0.0334,8.6463,0.0,0.0,0.0,8.77500009536743,up,2026-06-03T14:45:17,5137.0,4596.0
VIX,2027-01-20,140,Put,11.5,VIX270120P00011500,0.01,0.04,0.025,0.01,0.0,0.0,0.0,1.0,0.4764,-0.0116,0.0056,0.0039,-0.0006,-0.0001,0.0227,0.0,0.0,0.0,0.0249999994412065,down,2026-06-17T12:53:44,332.0,2611.0
VIX,2027-01-20,140,Call,12.0,VIX270120C00012000,7.95,8.3,8.125,9.0,0.0,0.0,0.0,36.0,0.5071,0.966,0.0078,0.0054,0.0,-0.0315,8.1664,0.0,0.0,0.0,8.27500009536743,no_change,2026-08-25T15:12:04,5360.0,4257.0
VIX,2027-01-20,140,Put,12.0,VIX270120P00012000,0.02,0.05,0.035,0.02,0.0,0.0,0.0,140.0,0.4527,-0.0168,0.0078,0.0054,-0.0008,-0.0001,0.0341,0.0,0.0,0.0,0.0350000001490116,no_change,2026-08-07T15:16:32,4284.0,4601.0
VIX,2027-01-20,140,Call,12.5,VIX270120C00012500,7.5,7.8,7.65,7.9,0.0,0.0,0.0,71.0,0.4893,0.9574,0.0109,0.0076,0.0,-0.0297,7.6963,0.0,0.0,0.0,7.82500004768372,down,2026-08-31T12:24:28,5211.0,4315.0
VIX,2027-01-20,140,Put,12.5,VIX270120P00012500,0.04,0.07,0.05500000000000001,0.02,0.0,0.0,0.0,2.0,0.4288,-0.0254,0.0109,0.0076,-0.0011,-0.0002,0.0554,0.0,0.0,0.0,0.0599999986588955,no_change,2026-08-05T11:14:24,4736.0,3600.0
VIX,2027-01-20,140,Call,13.0,VIX270120C00013000,7.0,7.35,7.175,7.3,-0.05,-0.680271,6.0,57.0,0.4697,0.9454,0.0148,0.0104,0.0,-0.0279,7.2383,7.3,7.3,7.3,7.34999990463257,down,2026-09-02T09:57:02,5809.0,4441.0
VIX,2027-01-20,140,Put,13.0,VIX270120P00013000,0.07,0.11,0.09,0.09,0.0,1.65568e-07,10.0,1029.0,0.4328,-0.0374,0.0148,0.0104,-0.0015,-0.0003,0.0887,0.09,0.09,0.09,0.0899999998509884,no_change,2026-09-02T14:34:08,5161.0,9267.0
VIX,2027-01-20,140,Call,13.5,VIX270120C00013500,6.55,6.9,6.725,7.75,0.0,0.0,0.0,10.0,0.4665,0.9304,0.0191,0.0136,-0.0003,-0.0262,6.7924,0.0,0.0,0.0,6.90000009536743,down,2026-08-14T14:06:24,5935.0,4448.0
VIX,2027-01-20,140,Put,13.5,VIX270120P00013500,0.11,0.15,0.13,0.11,0.0,0.0,0.0,1009.0,0.4361,-0.0524,0.0191,0.0136,-0.0021,-0.0005,0.1343,0.0,0.0,0.0,0.134999997913837,up,2026-08-28T11:06:05,8665.0,3306.0
VIX,2027-01-20,140,Call,14.0,VIX270120C00014000,6.25,6.45,6.35,6.4,-0.05,-0.775195,55.0,2121.0,0.4578,0.9129,0.0236,0.0169,-0.001,-0.0245,6.3591,6.5,6.5,6.4,6.45000004768372,no_change,2026-09-02T12:32:01,2.0,4289.0
VIX,2027-01-20,140,Put,14.0,VIX270120P00014000,0.17,0.22,0.195,0.2,0.0,0.0,0.0,1116.0,0.444,-0.0699,0.0236,0.0169,-0.0026,-0.0007,0.1923,0.0,0.0,0.0,0.200000002980232,up,2026-08-28T11:35:57,5899.0,7683.0
VIX,2027-01-20,140,Call,14.5,VIX270120C00014500,5.75,6.0,5.875,5.95,-0.125,-2.05761,14.0,1276.0,0.3538,0.891,0.0284,0.0207,-0.0018,-0.023,5.9496,5.9,5.95,5.9,6.07500004768372,up,2026-09-02T15:07:28,5496.0,1.0
VIX,2027-01-20,140,Put,14.5,VIX270120P00014500,0.26,0.31,0.28500000000000003,0.22,0.0,0.0,0.0,326.0,0.458,-0.0917,0.0284,0.0207,-0.0033,-0.0011,0.2742,0.0,0.0,0.0,0.280000001192093,up,2026-08-27T11:37:15,4437.0,7946.0
VIX,2027-01-20,140,Call,15.0,VIX270120C00015000,5.5,5.7,5.6,5.55,-0.175,-3.05677,27.0,2259.0,0.4624,0.8648,0.0331,0.0248,-0.0026,-0.0215,5.5714,5.5,5.65,5.5,5.72499990463257,down,2026-09-02T14:37:12,7.0,8169.0
VIX,2027-01-20,140,Put,15.0,VIX270120P00015000,0.37,0.42,0.395,0.39,0.0,0.0,0.0,4393.0,0.4702,-0.1179,0.0331,0.0248,-0.004,-0.0015,0.3874,0.0,0.0,0.0,0.390000000596046,no_change,2026-09-01T12:18:40,2376.0,3667.0
VIX,2027-01-20,140,Call,16.0,VIX270120C00016000,4.85,5.1,4.975,4.86,-0.24,-4.70588,69.0,2864.0,0.5318,0.8065,0.0409,0.0324,-0.0045,-0.0189,4.8949,4.99,5.05,4.86,5.09999990463257,down,2026-09-02T15:13:37,1.0,10036.0
VIX,2027-01-20,140,Put,16.0,VIX270120P00016000,0.68,0.74,0.71,0.71,0.02,2.89855,60.0,6955.0,0.5033,-0.1762,0.0409,0.0324,-0.0056,-0.0027,0.6936,0.71,0.71,0.71,0.690000027418136,no_change,2026-09-02T16:10:53,7932.0,3960.0
VIX,2027-01-20,140,Call,17.0,VIX270120C00017000,4.25,4.4,4.325,4.35,-0.15,-3.33333,14.0,1489.0,0.5294,0.7437,0.0456,0.0387,-0.0063,-0.0168,4.3511,4.55,4.55,4.35,4.5,down,2026-09-02T14:29:14,12530.0,10215.0
VIX,2027-01-20,140,Put,17.0,VIX270120P00017000,1.1,1.18,1.1400000000000001,1.04,0.0,0.0,0.0,18492.0,0.5381,-0.239,0.0456,0.0387,-0.0071,-0.0044,1.1326,0.0,0.0,0.0,1.12000000476837,no_change,2026-08-27T16:07:22,14904.0,8762.0
VIX,2027-01-20,140,Call,18.0,VIX270120C00018000,3.8,3.95,3.875,3.85,-0.175,-4.34783,13.0,1493.0,0.5705,0.6843,0.0477,0.0432,-0.0078,-0.0151,3.9068,3.95,3.95,3.85,4.02499997615814,no_change,2026-09-02T15:50:56,12959.0,10992.0
VIX,2027-01-20,140,Put,18.0,VIX270120P00018000,1.64,1.71,1.6749999999999998,1.67,0.025,1.51976,1.0,2212.0,0.573,-0.2985,0.0477,0.0432,-0.0084,-0.0064,1.671,1.67,1.67,1.67,1.64499998092651,no_change,2026-09-02T10:40:22,2980.0,3980.0
VIX,2027-01-20,140,Call,19.0,VIX270120C00019000,3.45,3.55,3.5,3.68,0.0,0.0,0.0,188.0,0.6028,0.6304,0.0482,0.0461,-0.0091,-0.0136,3.5331,0.0,0.0,0.0,3.64999997615814,up,2026-08-31T14:41:06,4780.0,8551.0
VIX,2027-01-20,140,Put,19.0,VIX270120P00019000,2.24,2.32,2.2800000000000002,2.29,0.05,2.23214,51.0,7047.0,0.6056,-0.3523,0.0482,0.0461,-0.0094,-0.0088,2.2801,2.26,2.29,2.26,2.24000000953674,up,2026-09-02T15:53:49,4112.0,4834.0
VIX,2027-01-20,140,Call,20.0,VIX270120C00020000,3.1,3.25,3.175,3.15,-0.15,-4.54545,64.0,11765.0,0.6308,0.5822,0.0478,0.0479,-0.01,-0.0124,3.2137,3.24,3.3,3.15,3.29999995231628,down,2026-09-02T14:22:05,19148.0,14560.0
VIX,2027-01-20,140,Put,20.0,VIX270120P00020000,2.91,2.98,2.9450000000000003,2.9,0.0,0.0,0.0,16239.0,0.6381,-0.4005,0.0478,0.0479,-0.0101,-0.0114,2.9434,0.0,0.0,0.0,2.89999997615814,no_change,2026-09-01T14:49:59,2628.0,1551.0
VIX,2027-01-20,140,Call,21.0,VIX270120C00021000,2.86,2.95,2.9050000000000002,2.96,-0.075,-2.47117,1.0,11354.0,0.6624,0.5391,0.0468,0.0488,-0.0108,-0.0113,2.938,2.96,2.96,2.96,3.0349999666214,down,2026-09-02T11:27:19,2955.0,5761.0
VIX,2027-01-20,140,Put,21.0,VIX270120P00021000,3.6,3.7,3.6500000000000004,3.65,0.05,1.38889,3.0,11270.0,0.6598,-0.4436,0.0468,0.0488,-0.0106,-0.0141,3.6505,3.65,3.65,3.65,3.60000002384186,no_change,2026-09-02T15:10:04,14117.0,5866.0
VIX,2027-01-20,140,Call,22.0,VIX270120C00022000,2.63,2.71,2.67,2.68,-0.1,-3.59712,184.0,19982.0,0.6843,0.5006,0.0454,0.0492,-0.0114,-0.0104,2.6982,2.75,2.78,2.68,2.77999997138977,down,2026-09-02T16:05:28,2428.0,2420.0
VIX,2027-01-20,140,Put,22.0,VIX270120P00022000,4.35,4.45,4.4,4.35,0.0,0.0,0.0,12268.0,0.6853,-0.4822,0.0454,0.0492,-0.0109,-0.017,4.3935,0.0,0.0,0.0,4.32500004768372,down,2026-09-01T12:34:20,12896.0,6688.0
VIX,2027-01-20,140,Call,23.0,VIX270120C00023000,2.4,2.51,2.455,2.5,-0.07,-2.72373,6.0,384.0,0.7064,0.4661,0.0439,0.0491,-0.0118,-0.0096,2.4888,2.57,2.57,2.5,2.5699999332428,down,2026-09-02T13:49:14,14638.0,12595.0
VIX,2027-01-20,140,Put,23.0,VIX270120P00023000,5.15,5.25,5.2,5.15,0.0,0.0,0.0,1663.0,0.7129,-0.5167,0.0439,0.0491,-0.0111,-0.0199,5.1668,0.0,0.0,0.0,5.125,no_change,2026-09-01T12:17:22,1.0,16935.0
VIX,2027-01-20,140,Call,24.0,VIX270120C00024000,2.22,2.33,2.2750000000000004,2.36,-0.025,-1.04822,4.0,116.0,0.7258,0.4351,0.0423,0.0487,-0.0121,-0.0089,2.3049,2.36,2.36,2.36,2.38499999046326,down,2026-09-02T10:08:26,14055.0,13782.0
VIX,2027-01-20,140,Put,24.0,VIX270120P00024000,5.9,6.05,5.975,5.85,0.0,0.0,0.0,49.0,0.7288,-0.5476,0.0423,0.0487,-0.0111,-0.023,5.9656,0.0,0.0,0.0,5.92499995231628,up,2026-08-28T13:44:47,17757.0,17808.0
VIX,2027-01-20,140,Call,25.0,VIX270120C00025000,2.07,2.16,2.115,2.13,-0.095,-4.26966,127.0,17190.0,0.7446,0.4073,0.0407,0.048,-0.0123,-0.0083,2.1428,2.18,2.2,2.12,2.22500002384186,no_change,2026-09-02T16:05:47,11842.0,3599.0
VIX,2027-01-20,140,Put,25.0,VIX270120P00025000,6.75,6.85,6.8,6.35,0.0,0.0,0.0,2255.0,0.7491,-0.5754,0.0407,0.048,-0.011,-0.0262,6.7863,0.0,0.0,0.0,6.72500014305115,up,2026-08-26T11:14:28,9250.0,4912.0
VIX,2027-01-20,140,Call,26.0,VIX270120C00026000,1.93,2.03,1.98,2.03,-0.045,-2.16867,1.0,15932.0,0.7615,0.3823,0.039,0.0473,-0.0124,-0.0077,1.9992,2.03,2.03,2.03,2.07499992847443,down,2026-09-02T11:00:45,11992.0,16439.0
VIX,2027-01-20,140,Put,26.0,VIX270120P00026000,7.55,7.7,7.625,6.9,0.0,0.0,0.0,1309.0,0.7644,-0.6004,0.039,0.0473,-0.0109,-0.0294,7.6255,0.0,0.0,0.0,7.57500004768372,up,2026-08-19T12:39:57,17580.0,9858.0
VIX,2027-01-20,140,Call,27.0,VIX270120C00027000,1.8,1.9,1.85,1.86,-0.08,-4.12371,1.0,353.0,0.7772,0.3598,0.0375,0.0464,-0.0125,-0.0072,1.8716,1.86,1.86,1.86,1.93999999761581,down,2026-09-02T11:39:02,13555.0,11168.0
VIX,2027-01-20,140,Put,27.0,VIX270120P00027000,8.45,8.55,8.5,8.44,0.0,0.0,0.0,8.0,0.7807,-0.623,0.0375,0.0464,-0.0107,-0.0327,8.4807,0.0,0.0,0.0,8.42500019073486,up,2026-09-01T12:30:48,5434.0,4681.0
VIX,2027-01-20,140,Call,28.0,VIX270120C00028000,1.69,1.78,1.7349999999999999,1.74,0.0,0.0,0.0,426.0,0.7935,0.3393,0.0359,0.0454,-0.0125,-0.0068,1.7578,0.0,0.0,0.0,1.82499998807907,down,2026-09-01T10:47:34,12208.0,5264.0
VIX,2027-01-20,140,Put,28.0,VIX270120P00028000,9.3,9.45,9.375,8.45,0.0,0.0,0.0,75.0,0.7986,-0.6434,0.0359,0.0454,-0.0105,-0.0361,9.3495,0.0,0.0,0.0,9.27500009536743,down,2026-08-18T10:49:17,10009.0,13277.0
VIX,2027-01-20,140,Call,29.0,VIX270120C00029000,1.59,1.68,1.635,1.72,0.0,0.0,0.0,281.0,0.8085,0.3208,0.0344,0.0444,-0.0125,-0.0064,1.6556,0.0,0.0,0.0,1.71999996900558,no_change,2026-08-31T15:43:49,12494.0,5793.0
VIX,2027-01-20,140,Put,29.0,VIX270120P00029000,10.15,10.35,10.25,9.63,0.0,0.0,0.0,504.0,0.8132,-0.6619,0.0344,0.0444,-0.0102,-0.0395,10.2301,0.0,0.0,0.0,10.1500000953674,down,2026-08-24T13:52:08,15708.0,15863.0
VIX,2027-01-20,140,Call,30.0,VIX270120C00030000,1.5,1.58,1.54,1.55,-0.08,-4.90798,52.0,14087.0,0.8274,0.304,0.0331,0.0434,-0.0124,-0.006,1.5637,1.6,1.62,1.52,1.62999999523163,no_change,2026-09-02T16:10:32,12524.0,2489.0
VIX,2027-01-20,140,Put,30.0,VIX270120P00030000,11.05,11.2,11.125,10.66,0.0,0.0,0.0,508.0,0.8304,-0.6788,0.0331,0.0434,-0.0099,-0.0429,11.1209,0.0,0.0,0.0,11.0250000953674,up,2026-08-25T12:42:36,15111.0,5976.0
VIX,2027-01-20,140,Call,31.0,VIX270120C00031000,1.42,1.5,1.46,1.58,0.0,0.0,0.0,351.0,0.8391,0.2886,0.0317,0.0424,-0.0124,-0.0057,1.4806,0.0,0.0,0.0,1.53500002622604,down,2026-08-27T12:23:25,13295.0,3096.0
VIX,2027-01-20,140,Put,31.0,VIX270120P00031000,11.95,12.15,12.05,11.25,0.0,0.0,0.0,5.0,0.845,-0.6941,0.0317,0.0424,-0.0096,-0.0464,12.0206,0.0,0.0,0.0,11.9250001907349,up,2026-08-13T15:25:50,14922.0,14527.0
VIX,2027-01-20,140,Call,32.0,VIX270120C00032000,1.35,1.43,1.3900000000000001,1.45,0.0,0.0,0.0,5548.0,0.853,0.2746,0.0305,0.0414,-0.0123,-0.0054,1.405,0.0,0.0,0.0,1.4549999833107,down,2026-09-01T15:41:20,10359.0,5535.0
VIX,2027-01-20,140,Put,32.0,VIX270120P00032000,12.85,13.05,12.95,12.1,0.0,0.0,0.0,1.0,0.8572,-0.7082,0.0305,0.0414,-0.0092,-0.0499,12.9278,0.0,0.0,0.0,12.8249998092651,up,2026-08-20T15:07:46,9012.0,7441.0
VIX,2027-01-20,140,Call,33.0,VIX270120C00033000,1.29,1.36,1.3250000000000002,1.4,0.0,0.0,0.0,153.0,0.8672,0.2617,0.0293,0.0404,-0.0122,-0.0052,1.3362,0.0,0.0,0.0,1.38499999046326,no_change,2026-09-01T14:24:15,3566.0,4300.0
VIX,2027-01-20,140,Put,33.0,VIX270120P00033000,13.8,13.95,13.875,13.7,0.0,0.0,0.0,2.0,0.867,-0.7211,0.0293,0.0404,-0.0089,-0.0534,13.8417,0.0,0.0,0.0,13.75,up,2026-08-28T13:39:06,7104.0,6707.0
VIX,2027-01-20,140,Call,34.0,VIX270120C00034000,1.22,1.3,1.26,1.32,0.0,0.0,0.0,1376.0,0.8807,0.2498,0.0282,0.0394,-0.0121,-0.0049,1.2732,0.0,0.0,0.0,1.32499998807907,down,2026-08-27T16:00:19,12412.0,4859.0
VIX,2027-01-20,140,Put,34.0,VIX270120P00034000,14.7,14.85,14.774999999999999,14.3,0.0,0.0,0.0,1.0,0.8875,-0.7329,0.0282,0.0394,-0.0085,-0.057,14.7615,0.0,0.0,0.0,14.6500000953674,up,2026-08-25T13:12:23,15191.0,11447.0
VIX,2027-01-20,140,Call,35.0,VIX270120C00035000,1.17,1.24,1.205,1.19,-0.075,-5.92885,12.0,515.0,0.8924,0.2389,0.0271,0.0385,-0.012,-0.0047,1.2154,1.22,1.22,1.18,1.26499998569489,up,2026-09-02T15:56:16,8967.0,3046.0
VIX,2027-01-20,140,Put,35.0,VIX270120P00035000,15.65,15.8,15.725000000000001,0.0,0.0,0.0,0.0,0.0,0.8934,-0.7439,0.0271,0.0385,-0.0081,-0.0605,15.6864,0.0,0.0,0.0,15.5999999046326,no_change,,12928.0,13759.0
VIX,2027-01-20,140,Call,36.0,VIX270120C00036000,1.12,1.19,1.155,1.25,0.0,0.0,0.0,28.0,0.9051,0.2287,0.0262,0.0376,-0.0119,-0.0045,1.162,0.0,0.0,0.0,1.20999997854233,down,2026-08-27T11:23:15,8114.0,4477.0
VIX,2027-01-20,140,Put,36.0,VIX270120P00036000,16.55,16.75,16.65,0.0,0.0,0.0,0.0,0.0,0.9107,-0.754,0.0262,0.0376,-0.0077,-0.0641,16.6158,0.0,0.0,0.0,16.5,no_change,,15006.0,14831.0
VIX,2027-01-20,140,Call,37.0,VIX270120C00037000,1.07,1.15,1.1099999999999999,1.35,0.0,0.0,0.0,129.0,0.9176,0.2193,0.0252,0.0367,-0.0117,-0.0043,1.1126,0.0,0.0,0.0,1.16000002622604,up,2026-08-21T15:50:55,5965.0,3564.0
VIX,2027-01-20,140,Put,37.0,VIX270120P00037000,17.5,17.7,17.6,16.55,0.0,0.0,0.0,2.0,0.9268,-0.7634,0.0252,0.0367,-0.0073,-0.0677,17.5492,0.0,0.0,0.0,17.4499998092651,down,2026-08-18T09:48:14,11713.0,11572.0
VIX,2027-01-20,140,Call,38.0,VIX270120C00038000,1.03,1.11,1.07,1.21,0.0,0.0,0.0,86.0,0.9302,0.2106,0.0243,0.0359,-0.0116,-0.0041,1.0668,0.0,0.0,0.0,1.11000001430511,no_change,2026-08-25T09:35:56,3595.0,4531.0
VIX,2027-01-20,140,Put,38.0,VIX270120P00038000,18.45,18.6,18.525,0.0,0.0,0.0,0.0,0.0,0.9346,-0.7722,0.0243,0.0359,-0.0069,-0.0714,18.4861,0.0,0.0,0.0,18.3999996185303,no_change,,9701.0,8722.0
VIX,2027-01-20,140,Call,39.0,VIX270120C00039000,0.98,1.07,1.025,1.39,0.0,0.0,0.0,28.0,0.9416,0.2024,0.0235,0.035,-0.0115,-0.004,1.0242,0.0,0.0,0.0,1.06999999284744,no_change,2026-08-17T11:43:13,8153.0,7403.0
VIX,2027-01-20,140,Put,39.0,VIX270120P00039000,19.35,19.6,19.475,0.0,0.0,0.0,0.0,0.0,0.941,-0.7804,0.0235,0.035,-0.0066,-0.075,19.4262,0.0,0.0,0.0,19.3249998092651,no_change,,12021.0,13202.0
VIX,2027-01-20,140,Call,40.0,VIX270120C00040000,0.95,1.03,0.99,1.06,0.0,0.0,0.0,10409.0,0.9517,0.1948,0.0227,0.0342,-0.0113,-0.0038,0.9844,0.0,0.0,0.0,1.02999997138977,down,2026-08-31T13:17:05,9114.0,12230.0
VIX,2027-01-20,140,Put,40.0,VIX270120P00040000,20.3,20.5,20.4,18.5,0.0,0.0,0.0,0.0,0.9533,-0.788,0.0227,0.0342,-0.0061,-0.0786,20.3692,0.0,0.0,0.0,20.2750005722046,up,2026-06-03T15:57:28,14407.0,13237.0
VIX,2027-01-20,140,Call,42.5,VIX270120C00042500,0.86,0.94,0.8999999999999999,0.91,-0.03,-3.19149,5.0,135.0,0.9785,0.1777,0.0209,0.0323,-0.011,-0.0035,0.8956,0.91,0.91,0.91,0.940000027418136,down,2026-09-02T13:11:00,13528.0,11697.0
VIX,2027-01-20,140,Put,42.5,VIX270120P00042500,22.7,22.9,22.799999999999997,0.0,0.0,0.0,0.0,0.0,0.9795,-0.8051,0.0209,0.0323,-0.0051,-0.0878,22.7373,0.0,0.0,0.0,22.6499996185303,no_change,,5279.0,6837.0
VIX,2027-01-20,140,Call,45.0,VIX270120C00045000,0.79,0.87,0.8300000000000001,0.92,0.0,0.0,0.0,5814.0,1.0027,0.163,0.0194,0.0306,-0.0106,-0.0032,0.8194,0.0,0.0,0.0,0.864999979734421,down,2026-08-26T10:34:00,3389.0,11331.0
VIX,2027-01-20,140,Put,45.0,VIX270120P00045000,24.9,25.45,25.174999999999997,23.09,0.0,0.0,0.0,0.0,0.9999,-0.8198,0.0194,0.0306,-0.0041,-0.097,25.118,0.0,0.0,0.0,24.9750003814697,down,2026-06-09T15:23:49,7676.0,7117.0
VIX,2027-01-20,140,Call,47.5,VIX270120C00047500,0.72,0.8,0.76,0.92,0.0,0.0,0.0,86.0,1.0236,0.1502,0.018,0.029,-0.0102,-0.0029,0.7533,0.0,0.0,0.0,0.794999986886978,down,2026-08-24T15:02:29,6230.0,4524.0
VIX,2027-01-20,140,Put,47.5,VIX270120P00047500,27.3,27.85,27.575000000000003,0.0,0.0,0.0,0.0,0.0,1.0235,-0.8326,0.018,0.029,-0.0031,-0.1062,27.5088,0.0,0.0,0.0,27.375,no_change,,7605.0,7104.0
VIX,2027-01-20,140,Call,50.0,VIX270120C00050000,0.67,0.74,0.7050000000000001,0.72,-0.02,-2.7027,27.0,7765.0,1.0401,0.139,0.0168,0.0275,-0.0099,-0.0027,0.6954,0.72,0.72,0.72,0.739999979734421,no_change,2026-09-02T16:00:30,2909.0,4915.0
VIX,2027-01-20,140,Put,50.0,VIX270120P00050000,29.7,30.25,29.975,0.0,0.0,0.0,0.0,0.0,1.0429,-0.8438,0.0168,0.0275,-0.0021,-0.1154,29.9077,0.0,0.0,0.0,29.7749996185303,no_change,,7547.0,6999.0
VIX,2027-01-20,140,Call,55.0,VIX270120C00055000,0.57,0.64,0.605,0.62,-0.015,-2.36221,2.0,701.0,1.0786,0.1203,0.0147,0.0248,-0.0092,-0.0023,0.5989,0.6,0.62,0.6,0.635000020265579,up,2026-09-02T13:58:24,3053.0,4011.0
VIX,2027-01-20,140,Put,55.0,VIX270120P00055000,34.5,35.05,34.775,0.0,0.0,0.0,0.0,0.0,1.0801,-0.8625,0.0147,0.0248,-0.0001,-0.134,34.7251,0.0,0.0,0.0,34.5749988555908,no_change,,7403.0,6480.0
VIX,2027-01-20,140,Call,60.0,VIX270120C00060000,0.5,0.56,0.53,0.59,0.0,0.0,0.0,2446.0,1.1073,0.1053,0.013,0.0226,-0.0086,-0.002,0.5219,0.0,0.0,0.0,0.554999977350235,no_change,2026-08-31T11:20:46,20.0,5208.0
VIX,2027-01-20,140,Put,60.0,VIX270120P00060000,39.35,39.85,39.6,39.37,0.0,0.0,0.0,1.0,1.094,-0.8774,0.013,0.0226,0.0,-0.1527,39.5619,0.0,0.0,0.0,39.4250011444092,up,2026-08-28T14:48:31,7330.0,5836.0
VIX,2027-01-20,140,Call,65.0,VIX270120C00065000,0.43,0.49,0.45999999999999996,0.47,-0.015,-3.09278,3.0,158.0,1.1327,0.0932,0.0116,0.0206,-0.0081,-0.0018,0.4594,0.47,0.47,0.47,0.484999984502792,down,2026-09-02T13:12:23,3331.0,4106.0
VIX,2027-01-20,140,Put,65.0,VIX270120P00065000,44.2,44.7,44.45,0.0,0.0,0.0,0.0,0.0,1.1309,-0.8896,0.0116,0.0206,0.0,-0.1714,44.4131,0.0,0.0,0.0,44.2749996185303,no_change,,7050.0,5317.0
VIX,2027-01-20,140,Call,70.0,VIX270120C00070000,0.37,0.44,0.405,0.47,0.0,0.0,0.0,557.0,1.152,0.0831,0.0104,0.0189,-0.0075,-0.0016,0.4079,0.0,0.0,0.0,0.424999997019768,down,2026-08-27T13:37:35,9509.0,10190.0
VIX,2027-01-20,140,Put,70.0,VIX270120P00070000,49.05,49.6,49.325,0.0,0.0,0.0,0.0,0.0,1.148,-0.8997,0.0104,0.0189,0.0,-0.1902,49.2753,0.0,0.0,0.0,49.125,no_change,,7220.0,5321.0
VIX,2027-01-20,140,Call,75.0,VIX270120C00075000,0.35,0.39,0.37,0.37,-0.01,-2.63158,8.0,540.0,1.1721,0.0746,0.0094,0.0174,-0.0071,-0.0014,0.3647,0.37,0.37,0.37,0.379999995231628,down,2026-09-02T16:00:30,10.0,4434.0
VIX,2027-01-20,140,Put,75.0,VIX270120P00075000,53.95,54.45,54.2,51.24,0.0,0.0,0.0,1.0,1.1566,-0.9082,0.0094,0.0174,0.0,-0.209,54.1459,0.0,0.0,0.0,54.0,down,2026-05-28T10:11:54,6833.0,5385.0
VIX,2027-01-20,140,Call,80.0,VIX270120C00080000,0.29,0.35,0.31999999999999995,0.35,0.01,2.94118,1.0,5712.0,1.189,0.0674,0.0086,0.0161,-0.0066,-0.0013,0.3282,0.35,0.35,0.35,0.340000003576279,no_change,2026-09-02T10:19:57,8065.0,5230.0
VIX,2027-01-20,140,Put,80.0,VIX270120P00080000,58.8,59.3,59.05,58.82,0.0,0.0,0.0,2.0,1.2191,-0.9153,0.0086,0.0161,0.0,-0.2278,59.0232,0.0,0.0,0.0,58.8499984741211,up,2026-08-28T14:48:31,7141.0,4900.0
VIX,2027-01-20,140,Call,85.0,VIX270120C00085000,0.26,0.32,0.29000000000000004,0.32,0.0,0.0,0.0,282.0,1.2038,0.0613,0.0079,0.015,-0.0062,-0.0012,0.2971,0.0,0.0,0.0,0.300000011920929,up,2026-08-31T15:57:10,7006.0,6012.0
VIX,2027-01-20,140,Put,85.0,VIX270120P00085000,63.7,64.2,63.95,0.0,0.0,0.0,0.0,0.0,1.2013,-0.9215,0.0079,0.015,0.0,-0.2466,63.9059,0.0,0.0,0.0,63.75,no_change,,6887.0,4823.0
VIX,2027-01-20,140,Call,90.0,VIX270120C00090000,0.23,0.29,0.26,0.28,0.0,0.0,0.0,541.0,1.2174,0.056,0.0072,0.0139,-0.0059,-0.001,0.2703,0.0,0.0,0.0,0.275000005960464,no_change,2026-09-01T13:45:54,11376.0,5616.0
VIX,2027-01-20,140,Put,90.0,VIX270120P00090000,68.6,69.1,68.85,0.0,0.0,0.0,0.0,0.0,1.2439,-0.9268,0.0072,0.0139,0.0,-0.2655,68.7928,0.0,0.0,0.0,68.625,no_change,,6780.0,5268.0
VIX,2027-01-20,140,Call,95.0,VIX270120C00095000,0.21,0.27,0.24,0.23,0.0,0.0,0.0,219.0,1.2305,0.0513,0.0067,0.013,-0.0056,-0.001,0.247,0.0,0.0,0.0,0.25,down,2026-09-01T15:57:58,4485.0,4376.0
VIX,2027-01-20,140,Put,95.0,VIX270120P00095000,73.45,74.0,73.725,0.0,0.0,0.0,0.0,0.0,1.267,-0.9314,0.0067,0.013,0.0,-0.2844,73.6833,0.0,0.0,0.0,73.5,no_change,,6908.0,5310.0
VIX,2027-01-20,140,Call,100.0,VIX270120C00100000,0.2,0.25,0.225,0.23,0.0,1.42533e-06,1.0,424.0,1.2441,0.0473,0.0062,0.0122,-0.0052,-0.0009,0.2267,0.23,0.23,0.23,0.229999996721745,down,2026-09-02T10:13:58,20.0,6519.0
VIX,2027-01-20,140,Put,100.0,VIX270120P00100000,78.35,78.85,78.6,75.01,0.0,0.0,0.0,1.0,1.2877,-0.9355,0.0062,0.0122,0.0,-0.3033,78.5768,0.0,0.0,0.0,78.4000015258789,down,2026-05-11T15:46:13,6807.0,4718.0
VIX,2027-01-20,140,Call,110.0,VIX270120C00110000,0.16,0.21,0.185,0.27,0.0,0.0,0.0,52.0,1.267,0.0405,0.0053,0.0107,-0.0047,-0.0007,0.1929,0.0,0.0,0.0,0.195000000298023,up,2026-08-17T11:00:20,3808.0,3261.0
VIX,2027-01-20,140,Put,110.0,VIX270120P00110000,88.15,88.65,88.4,0.0,0.0,0.0,0.0,0.0,1.3012,-0.9422,0.0053,0.0107,0.0,-0.3411,88.3705,0.0,0.0,0.0,88.1999969482422,no_change,,6837.0,4799.0
VIX,2027-01-20,140,Call,120.0,VIX270120C00120000,0.14,0.19,0.165,0.21,0.0,0.0,0.0,83.0,1.2842,0.0352,0.0047,0.0095,-0.0043,-0.0006,0.1663,0.0,0.0,0.0,0.16499999910593,up,2026-08-05T10:41:12,2233.0,6423.0
VIX,2027-01-20,140,Put,120.0,VIX270120P00120000,97.95,98.45,98.2,0.0,0.0,0.0,0.0,0.0,1.3255,-0.9476,0.0047,0.0095,0.0,-0.3789,98.1714,0.0,0.0,0.0,98.0,no_change,,6752.0,4594.0
VIX,2027-01-20,140,Call,130.0,VIX270120C00130000,0.12,0.16,0.14,0.13,0.0,0.0,0.0,16.0,1.3042,0.0308,0.0041,0.0086,-0.0039,-0.0006,0.1448,0.0,0.0,0.0,0.144999999552965,no_change,2026-08-28T09:30:07,1777.0,2497.0
VIX,2027-01-20,140,Put,130.0,VIX270120P00130000,107.75,108.3,108.025,0.0,0.0,0.0,0.0,0.0,1.3676,-0.952,0.0041,0.0086,0.0,-0.4168,107.9775,0.0,0.0,0.0,107.800003051758,no_change,,6646.0,4970.0
VIX,2027-01-20,140,Call,140.0,VIX270120C00140000,0.1,0.15,0.125,0.14,0.0,0.0,0.0,5584.0,1.3171,0.0272,0.0037,0.0077,-0.0035,-0.0005,0.1272,0.0,0.0,0.0,0.130000002682209,down,2026-08-28T14:44:32,2469.0,6361.0
VIX,2027-01-20,140,Put,140.0,VIX270120P00140000,117.6,118.1,117.85,0.0,0.0,0.0,0.0,0.0,1.3792,-0.9555,0.0037,0.0077,0.0,-0.4546,117.7875,0.0,0.0,0.0,117.599998474121,no_change,,6910.0,4569.0
VIX,2027-01-20,140,Call,150.0,VIX270120C00150000,0.09,0.13,0.11,0.17,0.0,0.0,0.0,113.0,1.3384,0.0242,0.0033,0.007,-0.0032,-0.0004,0.1127,0.0,0.0,0.0,0.115000002086163,up,2026-07-14T13:25:17,1828.0,2744.0
VIX,2027-01-20,140,Put,150.0,VIX270120P00150000,127.4,127.9,127.65,0.0,0.0,0.0,0.0,0.0,1.4135,-0.9585,0.0033,0.007,0.0,-0.4925,127.6005,0.0,0.0,0.0,127.424999237061,no_change,,6685.0,4460.0
VIX,2027-01-20,140,Call,160.0,VIX270120C00160000,0.08,0.12,0.1,0.18,0.0,0.0,0.0,26.0,1.3556,0.0217,0.003,0.0064,-0.003,-0.0004,0.1005,0.0,0.0,0.0,0.0999999977648258,down,2026-08-03T09:30:06,1941.0,3107.0
VIX,2027-01-20,140,Put,160.0,VIX270120P00160000,137.2,137.75,137.475,0.0,0.0,0.0,0.0,0.0,1.445,-0.961,0.003,0.0064,0.0,-0.5304,137.4158,0.0,0.0,0.0,137.224998474121,no_change,,6631.0,4726.0
VIX,2027-01-20,140,Call,170.0,VIX270120C00170000,0.07,0.11,0.09,0.16,0.0,0.0,0.0,12.0,1.3689,0.0196,0.0027,0.0058,-0.0028,-0.0004,0.0901,0.0,0.0,0.0,0.0899999998509884,down,2026-07-21T12:25:20,1974.0,3201.0
VIX,2027-01-20,140,Put,170.0,VIX270120P00170000,147.05,147.55,147.3,0.0,0.0,0.0,0.0,0.0,1.4423,-0.9632,0.0027,0.0058,0.0,-0.5683,147.233,0.0,0.0,0.0,147.050003051758,no_change,,6644.0,4505.0
VIX,2027-01-20,140,Call,180.0,VIX270120C00180000,0.06,0.1,0.08,0.09,0.0,0.0,0.0,121.0,1.3782,0.0177,0.0024,0.0054,-0.0025,-0.0003,0.0813,0.0,0.0,0.0,0.0800000000745058,down,2026-08-18T13:08:47,1791.0,2789.0
VIX,2027-01-20,140,Put,180.0,VIX270120P00180000,156.85,157.35,157.1,0.0,0.0,0.0,0.0,0.0,1.5009,-0.965,0.0024,0.0054,0.0,-0.6062,157.0517,0.0,0.0,0.0,156.875,no_change,,6616.0,4265.0
VIX,2027-01-20,140,Call,190.0,VIX270120C00190000,0.05,0.1,0.07500000000000001,0.08,0.0,0.0,0.0,161.0,1.3834,0.0162,0.0022,0.0049,-0.0024,-0.0003,0.0737,0.0,0.0,0.0,0.0750000011175871,down,2026-08-18T13:23:59,2541.0,4216.0
VIX,2027-01-20,140,Put,190.0,VIX270120P00190000,166.65,167.2,166.925,0.0,0.0,0.0,0.0,0.0,1.4926,-0.9666,0.0022,0.0049,0.0,-0.6441,166.8717,0.0,0.0,0.0,166.674995422363,no_change,,2052.0,1872.0
VIX,2027-01-20,140,Call,200.0,VIX270120C00200000,0.05,0.09,0.07,0.09,0.0,0.0,0.0,453.0,1.3966,0.0148,0.0021,0.0046,-0.0022,-0.0003,0.0671,0.0,0.0,0.0,0.0650000013411045,up,2026-08-17T11:36:13,1295.0,2903.0
VIX,2027-01-20,140,Put,200.0,VIX270120P00200000,176.5,177.0,176.75,171.84,0.0,0.0,0.0,1.0,1.515,-0.968,0.0021,0.0046,0.0,-0.682,176.6926,0.0,0.0,0.0,176.525001525879,down,2026-05-11T15:46:13,2052.0,1872.0
VIX,2027-02-17,168,Call,10.0,VIX270217C00010000,10.35,10.7,10.524999999999999,11.26,0.0,0.0,0.0,48.0,0.0,0.9748,0.0021,0.0019,0.0,-0.0489,10.5619,0.0,0.0,0.0,10.6750001907349,down,2026-08-26T10:37:08,2383.0,1764.0
VIX,2027-02-17,168,Put,10.0,VIX270217P00010000,0.0,0.01,0.005,0.02,0.0,0.0,0.0,15.0,0.534,-0.0045,0.0021,0.0019,-0.0002,0.0,0.0091,0.0,0.0,0.0,0.00499999988824129,up,2026-08-12T16:00:28,0.0,1.0
VIX,2027-02-17,168,Call,10.5,VIX270217C00010500,9.85,10.2,10.024999999999999,11.3,0.0,0.0,0.0,1.0,0.4247,0.9736,0.0027,0.0024,0.0,-0.0466,10.0746,0.0,0.0,0.0,10.1750001907349,up,2026-08-21T10:03:38,2445.0,1727.0
VIX,2027-02-17,168,Put,10.5,VIX270217P00010500,0.0,0.03,0.015,0.0,0.0,0.0,0.0,0.0,0.5017,-0.0058,0.0027,0.0024,-0.0003,0.0,0.0115,0.0,0.0,0.0,0.0149999996647239,no_change,,0.0,305.0
VIX,2027-02-17,168,Call,11.0,VIX270217C00011000,9.35,9.75,9.55,10.0,0.0,0.0,0.0,187.0,0.0,0.9718,0.0036,0.003,0.0,-0.0444,9.5884,0.0,0.0,0.0,9.67500019073486,down,2026-08-28T10:07:00,2514.0,1830.0
VIX,2027-02-17,168,Put,11.0,VIX270217P00011000,0.0,0.03,0.015,0.02,0.0,0.0,0.0,32.0,0.4798,-0.0076,0.0036,0.003,-0.0003,-0.0001,0.015,0.0,0.0,0.0,0.0199999995529652,no_change,2026-08-28T15:45:27,0.0,318.0
VIX,2027-02-17,168,Call,11.5,VIX270217C00011500,8.85,9.25,9.05,10.75,0.0,0.0,0.0,5.0,0.0,0.9692,0.0048,0.0039,0.0,-0.0421,9.1042,0.0,0.0,0.0,9.17500019073486,up,2026-06-16T13:44:23,2598.0,1764.0
VIX,2027-02-17,168,Put,11.5,VIX270217P00011500,0.01,0.04,0.025,0.0,0.0,0.0,0.0,0.0,0.4577,-0.0102,0.0048,0.0039,-0.0004,-0.0001,0.0205,0.0,0.0,0.0,0.0300000002607703,no_change,,335.0,335.0
VIX,2027-02-17,168,Call,12.0,VIX270217C00012000,8.4,8.75,8.575,8.85,0.0,0.0,0.0,27.0,0.0,0.9652,0.0065,0.0052,0.0,-0.0399,8.6234,0.0,0.0,0.0,8.72499990463257,down,2026-08-28T15:14:41,2471.0,1701.0
VIX,2027-02-17,168,Put,12.0,VIX270217P00012000,0.02,0.05,0.035,0.05,0.0,0.0,0.0,25.0,0.4355,-0.0142,0.0065,0.0052,-0.0006,-0.0001,0.0294,0.0,0.0,0.0,0.0399999991059303,up,2026-09-01T15:41:21,4646.0,6517.0
VIX,2027-02-17,168,Call,12.5,VIX270217C00012500,7.9,8.3,8.100000000000001,9.35,0.0,0.0,0.0,5.0,0.0,0.9589,0.0089,0.0071,0.0,-0.0377,8.1489,0.0,0.0,0.0,8.22499990463257,up,2026-08-21T12:19:48,2605.0,1749.0
VIX,2027-02-17,168,Put,12.5,VIX270217P00012500,0.04,0.07,0.05500000000000001,0.0,0.0,0.0,0.0,0.0,0.4133,-0.0205,0.0089,0.0071,-0.0008,-0.0002,0.0445,0.0,0.0,0.0,0.0599999986588955,no_change,,4082.0,3963.0
VIX,2027-02-17,168,Call,13.0,VIX270217C00013000,7.45,7.8,7.625,8.0,0.0,0.0,0.0,26.0,0.2962,0.9493,0.0121,0.0098,0.0,-0.0356,7.6849,0.0,0.0,0.0,7.77499985694885,down,2026-08-28T11:45:08,2550.0,1692.0
VIX,2027-02-17,168,Put,13.0,VIX270217P00013000,0.06,0.1,0.08,0.06,0.0,0.0,0.0,283.0,0.4117,-0.0301,0.0121,0.0098,-0.0011,-0.0003,0.0703,0.0,0.0,0.0,0.0899999998509884,up,2026-08-28T09:37:58,4431.0,3676.0
VIX,2027-02-17,168,Call,13.5,VIX270217C00013500,7.0,7.35,7.175,8.5,0.0,0.0,0.0,5.0,0.3472,0.9355,0.0161,0.0133,0.0,-0.0335,7.237,0.0,0.0,0.0,7.32500004768372,up,2026-08-13T09:30:02,2562.0,1691.0
VIX,2027-02-17,168,Put,13.5,VIX270217P00013500,0.11,0.15,0.13,0.06,0.0,0.0,0.0,1.0,0.4157,-0.0439,0.0161,0.0133,-0.0015,-0.0005,0.1121,0.0,0.0,0.0,0.134999997913837,up,2026-06-29T14:46:27,3064.0,3942.0
VIX,2027-02-17,168,Call,14.0,VIX270217C00014000,6.65,6.95,6.800000000000001,6.85,-0.1,-1.43885,2.0,38.0,0.3965,0.9172,0.0206,0.0174,-0.0006,-0.0315,6.8109,6.85,6.85,6.85,6.95000004768372,no_change,2026-09-02T14:35:32,1.0,1723.0
VIX,2027-02-17,168,Put,14.0,VIX270217P00014000,0.16,0.21,0.185,0.13,0.0,0.0,0.0,2004.0,0.4213,-0.0621,0.0206,0.0174,-0.0021,-0.0008,0.1756,0.0,0.0,0.0,0.195000000298023,up,2026-08-27T11:54:45,3511.0,5531.0
VIX,2027-02-17,168,Call,14.5,VIX270217C00014500,6.15,6.55,6.35,6.63,0.0,0.0,0.0,105.0,0.4041,0.895,0.0251,0.0219,-0.0014,-0.0296,6.4104,0.0,0.0,0.0,6.47500014305115,down,2026-08-28T09:32:58,2601.0,1755.0
VIX,2027-02-17,168,Put,14.5,VIX270217P00014500,0.24,0.29,0.265,0.25,0.0,0.0,0.0,96.0,0.4291,-0.0843,0.0251,0.0219,-0.0027,-0.0012,0.2648,0.0,0.0,0.0,0.275000005960464,no_change,2026-09-01T12:59:15,3184.0,5041.0
VIX,2027-02-17,168,Call,15.0,VIX270217C00015000,5.9,6.15,6.025,6.0,-0.125,-2.04082,14.0,572.0,0.4146,0.8699,0.0293,0.0264,-0.0022,-0.0279,6.0365,6.1,6.1,6.0,6.125,down,2026-09-02T14:55:09,1.0,2867.0
VIX,2027-02-17,168,Put,15.0,VIX270217P00015000,0.36,0.4,0.38,0.4,0.025,6.66667,1.0,2275.0,0.4548,-0.1094,0.0293,0.0264,-0.0034,-0.0018,0.3806,0.4,0.4,0.4,0.375,up,2026-09-02T12:18:01,2.0,5742.0
VIX,2027-02-17,168,Call,16.0,VIX270217C00016000,5.2,5.55,5.375,5.4,0.025,0.465116,3.0,2282.0,0.4456,0.8157,0.0363,0.0347,-0.0037,-0.0248,5.3588,5.48,5.48,5.4,5.375,down,2026-09-02T10:46:10,1.0,4361.0
VIX,2027-02-17,168,Put,16.0,VIX270217P00016000,0.64,0.7,0.6699999999999999,0.65,0.0,0.0,0.0,11214.0,0.4772,-0.1637,0.0363,0.0347,-0.0048,-0.0032,0.6823,0.0,0.0,0.0,0.66499999165535,down,2026-09-01T15:41:15,1.0,3833.0
VIX,2027-02-17,168,Call,17.0,VIX270217C00017000,4.65,4.85,4.75,4.8,-0.1,-2.04082,3.0,414.0,0.5046,0.7597,0.0413,0.0414,-0.0051,-0.022,4.7661,4.8,4.8,4.8,4.90000009536743,up,2026-09-02T10:37:36,6787.0,11832.0
VIX,2027-02-17,168,Put,17.0,VIX270217P00017000,1.03,1.1,1.065,1.05,0.0,0.0,0.0,15357.0,0.5027,-0.2196,0.0413,0.0414,-0.006,-0.0049,1.0689,0.0,0.0,0.0,1.06000000238419,no_change,2026-09-01T09:51:24,1986.0,1772.0
VIX,2027-02-17,168,Call,18.0,VIX270217C00018000,4.15,4.35,4.25,4.4,0.0,0.0,0.0,307.0,0.5297,0.7033,0.0438,0.0466,-0.0065,-0.0199,4.2964,0.0,0.0,0.0,4.40000009536743,no_change,2026-08-28T11:44:01,6305.0,4223.0
VIX,2027-02-17,168,Put,18.0,VIX270217P00018000,1.53,1.62,1.5750000000000002,1.45,0.0,0.0,0.0,1014.0,0.5335,-0.2761,0.0438,0.0466,-0.0071,-0.0073,1.5786,0.0,0.0,0.0,1.56499999761581,up,2026-08-31T11:18:54,2147.0,4968.0
VIX,2027-02-17,168,Call,19.0,VIX270217C00019000,3.8,4.0,3.9,3.95,-0.05,-1.25,1.0,73.0,0.5586,0.6513,0.0446,0.0503,-0.0076,-0.0181,3.9095,3.95,3.95,3.95,4.0,down,2026-09-02T11:13:54,4397.0,11178.0
VIX,2027-02-17,168,Put,19.0,VIX270217P00019000,2.12,2.2,2.16,2.11,0.0,0.0,0.0,1038.0,0.5652,-0.3281,0.0446,0.0503,-0.008,-0.01,2.1711,0.0,0.0,0.0,2.14499998092651,down,2026-09-01T16:01:47,1925.0,1749.0
VIX,2027-02-17,168,Call,20.0,VIX270217C00020000,3.5,3.6,3.55,3.7,0.075,2.06897,19.0,3812.0,0.5977,0.6045,0.0445,0.0527,-0.0086,-0.0166,3.5767,3.7,3.7,3.7,3.625,no_change,2026-09-02T10:24:45,3.0,4828.0
VIX,2027-02-17,168,Put,20.0,VIX270217P00020000,2.77,2.86,2.815,2.79,0.005,0.179534,2.0,7409.0,0.5928,-0.3749,0.0445,0.0527,-0.0087,-0.013,2.8176,2.79,2.79,2.79,2.7849999666214,up,2026-09-02T11:58:29,1548.0,4153.0
VIX,2027-02-17,168,Call,21.0,VIX270217C00021000,3.15,3.3,3.2249999999999996,3.4,0.0,0.0,0.0,1384.0,0.6159,0.5624,0.0439,0.0541,-0.0093,-0.0152,3.2856,0.0,0.0,0.0,3.32500004768372,down,2026-09-01T15:57:56,9862.0,3758.0
VIX,2027-02-17,168,Put,21.0,VIX270217P00021000,3.45,3.55,3.5,3.45,0.0,0.0,0.0,1369.0,0.6214,-0.4169,0.0439,0.0541,-0.0092,-0.0162,3.5059,0.0,0.0,0.0,3.5,down,2026-09-01T15:54:45,2701.0,5156.0
VIX,2027-02-17,168,Call,22.0,VIX270217C00022000,2.91,3.05,2.98,3.1,0.0,0.0,0.0,8975.0,0.6419,0.5245,0.043,0.0548,-0.0098,-0.014,3.0294,0.0,0.0,0.0,3.07500004768372,down,2026-09-01T10:31:53,8630.0,5631.0
VIX,2027-02-17,168,Put,22.0,VIX270217P00022000,4.2,4.3,4.25,4.2,0.025,0.598804,2.0,9192.0,0.6438,-0.4548,0.043,0.0548,-0.0096,-0.0196,4.2291,4.2,4.2,4.2,4.17499995231628,no_change,2026-09-02T11:58:05,2.0,9782.0
VIX,2027-02-17,168,Call,23.0,VIX270217C00023000,2.72,2.82,2.77,2.78,-0.08,-2.7972,2.0,18.0,0.6596,0.4903,0.0418,0.055,-0.0102,-0.013,2.8029,2.78,2.78,2.78,2.86000001430512,no_change,2026-09-02T15:25:29,1991.0,4229.0
VIX,2027-02-17,168,Put,23.0,VIX270217P00023000,4.9,5.05,4.975,4.8,0.0,0.0,0.0,1793.0,0.6634,-0.489,0.0418,0.055,-0.0098,-0.023,4.982,0.0,0.0,0.0,4.92499995231628,no_change,2026-08-28T15:46:01,11791.0,7626.0
VIX,2027-02-17,168,Call,24.0,VIX270217C00024000,2.52,2.63,2.575,2.72,0.0,0.0,0.0,229.0,0.6784,0.4594,0.0405,0.0549,-0.0106,-0.012,2.6021,0.0,0.0,0.0,2.66499996185303,down,2026-09-01T09:50:27,2153.0,5848.0
VIX,2027-02-17,168,Put,24.0,VIX270217P00024000,5.75,5.85,5.8,5.3,0.0,0.0,0.0,22.0,0.6814,-0.52,0.0405,0.0549,-0.0098,-0.0266,5.7605,0.0,0.0,0.0,5.72500014305115,up,2026-08-26T11:16:38,2.0,7549.0
VIX,2027-02-17,168,Call,25.0,VIX270217C00025000,2.33,2.45,2.39,2.42,-0.055,-2.22222,4.0,1959.0,0.6945,0.4313,0.0392,0.0544,-0.0108,-0.0112,2.4237,2.45,2.45,2.42,2.47500002384186,no_change,2026-09-02T15:25:29,7631.0,4601.0
VIX,2027-02-17,168,Put,25.0,VIX270217P00025000,6.5,6.65,6.575,6.5,0.0,0.0,0.0,2232.0,0.6986,-0.548,0.0392,0.0544,-0.0099,-0.0304,6.5614,0.0,0.0,0.0,6.54999995231628,down,2026-09-01T15:53:41,4810.0,7043.0
VIX,2027-02-17,168,Call,26.0,VIX270217C00026000,2.19,2.3,2.245,2.32,0.0,0.0,0.0,10072.0,0.7115,0.4059,0.0378,0.0538,-0.0109,-0.0105,2.2648,0.0,0.0,0.0,2.32500004768372,no_change,2026-09-01T15:18:29,2509.0,7300.0
VIX,2027-02-17,168,Put,26.0,VIX270217P00026000,7.35,7.45,7.4,7.3,0.0,0.0,0.0,1300.0,0.7111,-0.5734,0.0378,0.0538,-0.0098,-0.0342,7.3819,0.0,0.0,0.0,7.32500004768372,up,2026-09-01T14:44:54,1733.0,2107.0
VIX,2027-02-17,168,Call,27.0,VIX270217C00027000,2.05,2.16,2.105,2.55,0.0,0.0,0.0,51.0,0.7255,0.3829,0.0365,0.053,-0.011,-0.0098,2.1227,0.0,0.0,0.0,2.1800000667572,down,2026-08-20T10:02:15,2349.0,5036.0
VIX,2027-02-17,168,Put,27.0,VIX270217P00027000,8.15,8.3,8.225000000000001,7.65,0.0,0.0,0.0,19.0,0.729,-0.5965,0.0365,0.053,-0.0097,-0.038,8.2192,0.0,0.0,0.0,8.17500019073486,up,2026-08-24T15:26:58,4171.0,2000.0
VIX,2027-02-17,168,Call,28.0,VIX270217C00028000,1.93,2.03,1.98,2.06,0.0,0.0,0.0,246.0,0.7396,0.3619,0.0351,0.052,-0.0111,-0.0092,1.9957,0.0,0.0,0.0,2.04999995231628,up,2026-09-01T14:27:49,1796.0,1808.0
VIX,2027-02-17,168,Put,28.0,VIX270217P00028000,9.0,9.2,9.1,8.51,0.0,0.0,0.0,63.0,0.7433,-0.6175,0.0351,0.052,-0.0095,-0.042,9.0715,0.0,0.0,0.0,9.02500009536743,up,2026-08-25T12:39:12,3893.0,4109.0
VIX,2027-02-17,168,Call,29.0,VIX270217C00029000,1.82,1.91,1.865,2.06,0.0,0.0,0.0,335.0,0.7535,0.3428,0.0338,0.0511,-0.0111,-0.0087,1.8814,0.0,0.0,0.0,1.93500000238419,no_change,2026-08-25T16:01:32,1664.0,1658.0
VIX,2027-02-17,168,Put,29.0,VIX270217P00029000,9.85,10.05,9.95,9.17,0.0,0.0,0.0,503.0,0.7545,-0.6365,0.0338,0.0511,-0.0093,-0.046,9.9367,0.0,0.0,0.0,9.875,no_change,2026-08-20T11:56:08,3175.0,2746.0
VIX,2027-02-17,168,Call,30.0,VIX270217C00030000,1.72,1.81,1.7650000000000001,1.86,0.0,0.0,0.0,8034.0,0.7656,0.3254,0.0326,0.0501,-0.0111,-0.0082,1.7784,0.0,0.0,0.0,1.8299999833107,up,2026-09-01T11:24:04,1733.0,1758.0
VIX,2027-02-17,168,Put,30.0,VIX270217P00030000,10.75,10.95,10.85,10.1,0.0,0.0,0.0,515.0,0.7727,-0.654,0.0326,0.0501,-0.0091,-0.05,10.813,0.0,0.0,0.0,10.75,no_change,2026-08-21T14:53:41,2310.0,2360.0
VIX,2027-02-17,168,Call,31.0,VIX270217C00031000,1.63,1.72,1.6749999999999998,1.75,0.0,0.0,0.0,45.0,0.7792,0.3094,0.0314,0.049,-0.0111,-0.0078,1.6852,0.0,0.0,0.0,1.73000001907349,up,2026-09-01T13:12:15,1810.0,1836.0
VIX,2027-02-17,168,Put,31.0,VIX270217P00031000,11.65,11.8,11.725000000000001,11.2,0.0,0.0,0.0,1.0,0.7784,-0.6699,0.0314,0.049,-0.0088,-0.0541,11.6992,0.0,0.0,0.0,11.6500000953674,up,2026-08-25T12:42:49,2718.0,3218.0
VIX,2027-02-17,168,Call,32.0,VIX270217C00032000,1.55,1.63,1.5899999999999999,1.6,-0.045,-2.73556,1.0,10188.0,0.7915,0.2948,0.0302,0.048,-0.011,-0.0074,1.6007,1.6,1.6,1.6,1.64499998092651,down,2026-09-02T15:27:17,709.0,1544.0
VIX,2027-02-17,168,Put,32.0,VIX270217P00032000,12.5,12.7,12.6,11.95,0.0,0.0,0.0,2.0,0.7919,-0.6846,0.0302,0.048,-0.0086,-0.0583,12.594,0.0,0.0,0.0,12.5,up,2026-08-24T15:32:54,8337.0,3869.0
VIX,2027-02-17,168,Call,33.0,VIX270217C00033000,1.47,1.55,1.51,1.61,0.0,0.0,0.0,5149.0,0.8029,0.2814,0.0291,0.047,-0.0109,-0.007,1.5235,0.0,0.0,0.0,1.56499999761581,down,2026-08-27T13:37:21,1880.0,1865.0
VIX,2027-02-17,168,Put,33.0,VIX270217P00033000,13.4,13.6,13.5,0.0,0.0,0.0,0.0,0.0,0.8087,-0.698,0.0291,0.047,-0.0083,-0.0624,13.4962,0.0,0.0,0.0,13.4000000953674,no_change,,9074.0,3873.0
VIX,2027-02-17,168,Call,34.0,VIX270217C00034000,1.4,1.48,1.44,1.55,0.0,0.0,0.0,42.0,0.8167,0.269,0.0281,0.046,-0.0109,-0.0067,1.4529,0.0,0.0,0.0,1.49500000476837,down,2026-08-28T10:58:23,1887.0,1862.0
VIX,2027-02-17,168,Put,34.0,VIX270217P00034000,14.35,14.55,14.45,0.0,0.0,0.0,0.0,0.0,0.813,-0.7104,0.0281,0.046,-0.008,-0.0666,14.405,0.0,0.0,0.0,14.3249998092651,no_change,,2258.0,2202.0
VIX,2027-02-17,168,Call,35.0,VIX270217C00035000,1.33,1.44,1.385,1.46,0.0,0.0,0.0,228.0,0.8278,0.2575,0.0271,0.0449,-0.0108,-0.0064,1.3882,0.0,0.0,0.0,1.42500001192093,down,2026-08-31T13:44:59,3840.0,6083.0
VIX,2027-02-17,168,Put,35.0,VIX270217P00035000,15.25,15.45,15.35,0.0,0.0,0.0,0.0,0.0,0.832,-0.7218,0.0271,0.0449,-0.0077,-0.0709,15.3196,0.0,0.0,0.0,15.25,no_change,,2419.0,2147.0
VIX,2027-02-17,168,Call,36.0,VIX270217C00036000,1.28,1.36,1.32,0.0,0.0,0.0,0.0,0.0,0.8385,0.2469,0.0262,0.0439,-0.0107,-0.0062,1.3285,0.0,0.0,0.0,1.36500000953674,no_change,,1712.0,1695.0
VIX,2027-02-17,168,Put,36.0,VIX270217P00036000,16.15,16.35,16.25,16.1,0.0,0.0,0.0,2.0,0.8383,-0.7324,0.0262,0.0439,-0.0074,-0.0751,16.2393,0.0,0.0,0.0,16.1499996185303,up,2026-08-28T13:32:29,2402.0,1932.0
VIX,2027-02-17,168,Call,37.0,VIX270217C00037000,1.22,1.31,1.2650000000000001,1.99,0.0,0.0,0.0,1.0,0.8501,0.2371,0.0253,0.043,-0.0106,-0.0059,1.2733,0.0,0.0,0.0,1.30500000715256,up,2026-06-01T09:32:38,3924.0,2153.0
VIX,2027-02-17,168,Put,37.0,VIX270217P00037000,17.1,17.3,17.200000000000003,0.0,0.0,0.0,0.0,0.0,0.8548,-0.7423,0.0253,0.043,-0.0071,-0.0794,17.1635,0.0,0.0,0.0,17.0750007629395,no_change,,3990.0,3599.0
VIX,2027-02-17,168,Call,38.0,VIX270217C00038000,1.17,1.26,1.2149999999999999,1.99,0.0,0.0,0.0,1.0,0.8604,0.2279,0.0244,0.0421,-0.0105,-0.0056,1.2221,0.0,0.0,0.0,1.25499999523163,up,2026-06-01T13:28:48,3902.0,2183.0
VIX,2027-02-17,168,Put,38.0,VIX270217P00038000,18.0,18.25,18.125,0.0,0.0,0.0,0.0,0.0,0.8641,-0.7515,0.0244,0.0421,-0.0067,-0.0837,18.0916,0.0,0.0,0.0,18.0,no_change,,4070.0,3358.0
VIX,2027-02-17,168,Call,39.0,VIX270217C00039000,1.12,1.22,1.17,0.0,0.0,0.0,0.0,0.0,0.8708,0.2193,0.0236,0.0412,-0.0104,-0.0054,1.1744,0.0,0.0,0.0,1.2049999833107,no_change,,7166.0,8927.0
VIX,2027-02-17,168,Put,39.0,VIX270217P00039000,18.95,19.15,19.049999999999997,0.0,0.0,0.0,0.0,0.0,0.8723,-0.76,0.0236,0.0412,-0.0064,-0.088,19.0233,0.0,0.0,0.0,18.9499998092651,no_change,,8134.0,6154.0
VIX,2027-02-17,168,Call,40.0,VIX270217C00040000,1.08,1.17,1.125,1.16,0.0,-2.26087e-06,1.0,282.0,0.8813,0.2113,0.0229,0.0403,-0.0103,-0.0052,1.1299,1.16,1.16,1.16,1.16000002622604,up,2026-09-02T12:04:53,3029.0,3371.0
VIX,2027-02-17,168,Put,40.0,VIX270217P00040000,19.9,20.1,20.0,0.0,0.0,0.0,0.0,0.0,0.8854,-0.7681,0.0229,0.0403,-0.0061,-0.0923,19.9582,0.0,0.0,0.0,19.875,no_change,,6359.0,9060.0
VIX,2027-02-17,168,Call,42.5,VIX270217C00042500,0.98,1.07,1.025,1.08,0.0,0.0,0.0,190.0,0.9058,0.1934,0.0212,0.0382,-0.01,-0.0048,1.0308,0.0,0.0,0.0,1.06499999761581,down,2026-08-28T11:45:45,4124.0,6158.0
VIX,2027-02-17,168,Put,42.5,VIX270217P00042500,22.25,22.45,22.35,0.0,0.0,0.0,0.0,0.0,0.908,-0.786,0.0212,0.0382,-0.0053,-0.1032,22.3074,0.0,0.0,0.0,22.2250003814697,no_change,,5678.0,9482.0
VIX,2027-02-17,168,Call,45.0,VIX270217C00045000,0.9,0.99,0.9450000000000001,0.99,0.0,0.0,0.0,520.0,0.9277,0.1778,0.0197,0.0363,-0.0097,-0.0044,0.9454,0.0,0.0,0.0,0.979999989271164,down,2026-08-31T15:55:35,1640.0,2866.0
VIX,2027-02-17,168,Put,45.0,VIX270217P00045000,24.05,24.85,24.450000000000003,0.0,0.0,0.0,0.0,0.0,0.9318,-0.8015,0.0197,0.0363,-0.0044,-0.1141,24.6705,0.0,0.0,0.0,24.5750007629395,no_change,,5509.0,1390.0
VIX,2027-02-17,168,Call,47.5,VIX270217C00047500,0.83,0.91,0.87,1.07,0.0,0.0,0.0,1322.0,0.9478,0.1644,0.0183,0.0345,-0.0094,-0.004,0.8712,0.0,0.0,0.0,0.900000005960464,down,2026-08-21T11:04:51,1480.0,2813.0
VIX,2027-02-17,168,Put,47.5,VIX270217P00047500,26.7,27.35,27.025,0.0,0.0,0.0,0.0,0.0,0.9139,-0.815,0.0183,0.0345,-0.0036,-0.1251,27.0447,0.0,0.0,0.0,26.9499998092651,no_change,,3598.0,2440.0
VIX,2027-02-17,168,Call,50.0,VIX270217C00050000,0.76,0.84,0.8,0.99,0.0,0.0,0.0,756.0,0.9653,0.1525,0.0171,0.0328,-0.0091,-0.0037,0.8061,0.0,0.0,0.0,0.83500000834465,no_change,2026-08-21T14:16:38,1655.0,2837.0
VIX,2027-02-17,168,Put,50.0,VIX270217P00050000,29.1,29.75,29.425,0.0,0.0,0.0,0.0,0.0,0.943,-0.8269,0.0171,0.0328,-0.0028,-0.1361,29.428,0.0,0.0,0.0,29.3249998092651,no_change,,3468.0,2518.0
VIX,2027-02-17,168,Call,55.0,VIX270217C00055000,0.65,0.73,0.69,0.88,0.0,0.0,0.0,11427.0,0.9997,0.1325,0.0151,0.0298,-0.0086,-0.0032,0.697,0.0,0.0,0.0,0.719999998807907,down,2026-08-19T10:43:35,1713.0,2911.0
VIX,2027-02-17,168,Put,55.0,VIX270217P00055000,33.9,34.5,34.2,0.0,0.0,0.0,0.0,0.0,0.9401,-0.8468,0.0151,0.0298,-0.0011,-0.1583,34.2157,0.0,0.0,0.0,34.1000003814697,no_change,,3363.0,2282.0
VIX,2027-02-17,168,Call,60.0,VIX270217C00060000,0.57,0.64,0.605,0.65,0.0,0.0,0.0,86.0,1.0246,0.1165,0.0134,0.0273,-0.008,-0.0028,0.6095,0.0,0.0,0.0,0.625,no_change,2026-08-27T15:29:13,1700.0,2866.0
VIX,2027-02-17,168,Put,60.0,VIX270217P00060000,38.7,39.35,39.025000000000006,0.0,0.0,0.0,0.0,0.0,0.968,-0.8628,0.0134,0.0273,0.0,-0.1805,39.0251,0.0,0.0,0.0,38.8999996185303,no_change,,3305.0,2377.0
VIX,2027-02-17,168,Call,65.0,VIX270217C00065000,0.49,0.56,0.525,0.7,0.0,0.0,0.0,10004.0,1.0475,0.1034,0.012,0.025,-0.0075,-0.0025,0.5379,0.0,0.0,0.0,0.544999986886978,up,2026-08-14T15:44:45,2353.0,2972.0
VIX,2027-02-17,168,Put,65.0,VIX270217P00065000,43.5,44.15,43.825,0.0,0.0,0.0,0.0,0.0,0.9745,-0.876,0.012,0.025,0.0,-0.2028,43.8502,0.0,0.0,0.0,43.7250003814697,no_change,,3461.0,2227.0
VIX,2027-02-17,168,Call,70.0,VIX270217C00070000,0.43,0.5,0.46499999999999997,0.55,0.0,0.0,0.0,469.0,1.0645,0.0924,0.0109,0.023,-0.0071,-0.0022,0.4785,0.0,0.0,0.0,0.479999989271164,down,2026-07-31T15:20:10,2545.0,3093.0
VIX,2027-02-17,168,Put,70.0,VIX270217P00070000,48.35,49.0,48.675,47.26,0.0,0.0,0.0,5.0,0.9954,-0.8869,0.0109,0.023,0.0,-0.2252,48.6877,0.0,0.0,0.0,48.5499992370606,down,2026-08-10T14:39:43,3366.0,2071.0
VIX,2027-02-17,168,Call,75.0,VIX270217C00075000,0.38,0.45,0.41500000000000004,0.46,0.0,0.0,0.0,13.0,1.0836,0.0832,0.0099,0.0213,-0.0066,-0.002,0.4286,0.0,0.0,0.0,0.424999997019768,down,2026-08-28T14:18:12,2657.0,3205.0
VIX,2027-02-17,168,Put,75.0,VIX270217P00075000,53.2,53.8,53.5,0.0,0.0,0.0,0.0,0.0,1.0377,-0.8962,0.0099,0.0213,0.0,-0.2476,53.5347,0.0,0.0,0.0,53.3999996185303,no_change,,3343.0,1756.0
VIX,2027-02-17,168,Call,80.0,VIX270217C00080000,0.36,0.4,0.38,0.46,0.0,0.0,0.0,19.0,1.1072,0.0753,0.009,0.0197,-0.0062,-0.0018,0.3863,0.0,0.0,0.0,0.390000000596046,no_change,2026-07-27T09:54:04,3.0,2992.0
VIX,2027-02-17,168,Put,80.0,VIX270217P00080000,58.05,58.65,58.349999999999994,0.0,0.0,0.0,0.0,0.0,1.0167,-0.904,0.009,0.0197,0.0,-0.2701,58.3892,0.0,0.0,0.0,58.2999992370606,no_change,,3369.0,1733.0
VIX,2027-02-17,168,Call,85.0,VIX270217C00085000,0.3,0.37,0.33499999999999996,0.42,0.0,0.0,0.0,8.0,1.1105,0.0686,0.0083,0.0183,-0.0059,-0.0016,0.3502,0.0,0.0,0.0,0.344999998807907,no_change,2026-08-31T09:30:05,2670.0,3513.0
VIX,2027-02-17,168,Put,85.0,VIX270217P00085000,62.95,63.5,63.225,0.0,0.0,0.0,0.0,0.0,1.069,-0.9108,0.0083,0.0183,0.0,-0.2926,63.2499,0.0,0.0,0.0,63.1000003814697,no_change,,3123.0,1690.0
VIX,2027-02-17,168,Call,90.0,VIX270217C00090000,0.26,0.33,0.29500000000000004,0.32,0.0,0.0,0.0,5054.0,1.1194,0.0628,0.0076,0.0171,-0.0056,-0.0015,0.3189,0.0,0.0,0.0,0.310000002384186,down,2026-08-31T16:00:02,4029.0,3093.0
VIX,2027-02-17,168,Put,90.0,VIX270217P00090000,67.8,68.4,68.1,0.0,0.0,0.0,0.0,0.0,1.0686,-0.9166,0.0076,0.0171,0.0,-0.3151,68.1155,0.0,0.0,0.0,67.9749984741211,no_change,,3227.0,1887.0
VIX,2027-02-17,168,Call,95.0,VIX270217C00095000,0.24,0.31,0.275,0.35,0.0,0.0,0.0,7.0,1.1303,0.0576,0.007,0.016,-0.0053,-0.0014,0.2918,0.0,0.0,0.0,0.280000001192093,no_change,2026-06-05T14:56:23,4023.0,3915.0
VIX,2027-02-17,168,Put,95.0,VIX270217P00095000,72.65,73.25,72.95,0.0,0.0,0.0,0.0,0.0,1.0813,-0.9217,0.007,0.016,0.0,-0.3376,72.9851,0.0,0.0,0.0,72.8500022888184,no_change,,3360.0,1717.0
VIX,2027-02-17,168,Call,100.0,VIX270217C00100000,0.22,0.28,0.25,0.31,0.0,0.0,0.0,182.0,1.1446,0.0532,0.0065,0.015,-0.005,-0.0012,0.2681,0.0,0.0,0.0,0.259999997913837,no_change,2026-08-13T14:11:38,3264.0,3075.0
VIX,2027-02-17,168,Put,100.0,VIX270217P00100000,77.55,78.15,77.85,0.0,0.0,0.0,0.0,0.0,1.0906,-0.9262,0.0065,0.015,0.0,-0.3602,77.8582,0.0,0.0,0.0,77.7000007629394,no_change,,3196.0,1791.0
VIX,2027-02-17,168,Call,110.0,VIX270217C00110000,0.18,0.24,0.21,0.35,0.0,0.0,0.0,1.0,1.1655,0.0457,0.0057,0.0133,-0.0045,-0.0011,0.2288,0.0,0.0,0.0,0.219999998807907,up,2026-06-03T15:58:39,3237.0,3036.0
VIX,2027-02-17,168,Put,110.0,VIX270217P00110000,87.3,87.9,87.6,0.0,0.0,0.0,0.0,0.0,1.0985,-0.9336,0.0057,0.0133,0.0,-0.4053,87.6126,0.0,0.0,0.0,87.4500007629394,no_change,,3234.0,1763.0
VIX,2027-02-17,168,Call,120.0,VIX270217C00120000,0.15,0.21,0.18,0.28,0.0,0.0,0.0,26.0,1.1806,0.0398,0.005,0.0119,-0.0041,-0.0009,0.1977,0.0,0.0,0.0,0.189999997615814,up,2026-07-27T12:57:57,3137.0,3023.0
VIX,2027-02-17,168,Put,120.0,VIX270217P00120000,97.05,97.65,97.35,0.0,0.0,0.0,0.0,0.0,1.1213,-0.9396,0.005,0.0119,0.0,-0.4504,97.3752,0.0,0.0,0.0,97.2249984741211,no_change,,3328.0,1712.0
VIX,2027-02-17,168,Call,130.0,VIX270217C00130000,0.13,0.19,0.16,0.25,0.0,0.0,0.0,1.0,1.1967,0.035,0.0044,0.0107,-0.0037,-0.0008,0.1728,0.0,0.0,0.0,0.16499999910593,up,2026-05-28T15:55:06,2849.0,2829.0
VIX,2027-02-17,168,Put,130.0,VIX270217P00130000,106.85,107.4,107.125,0.0,0.0,0.0,0.0,0.0,1.1,-0.9444,0.0044,0.0107,0.0,-0.4956,107.1439,0.0,0.0,0.0,107.0,no_change,,3148.0,1640.0
VIX,2027-02-17,168,Call,140.0,VIX270217C00140000,0.11,0.17,0.14,0.25,0.0,0.0,0.0,1.0,1.2115,0.031,0.004,0.0097,-0.0034,-0.0007,0.1525,0.0,0.0,0.0,0.144999999552965,up,2026-05-28T15:54:34,2951.0,2941.0
VIX,2027-02-17,168,Put,140.0,VIX270217P00140000,116.6,117.2,116.9,0.0,0.0,0.0,0.0,0.0,1.1451,-0.9483,0.004,0.0097,0.0,-0.5409,116.9173,0.0,0.0,0.0,116.75,no_change,,3313.0,1707.0
VIX,2027-02-17,168,Call,150.0,VIX270217C00150000,0.1,0.15,0.125,0.18,0.0,0.0,0.0,14.0,1.2204,0.0278,0.0036,0.0088,-0.0031,-0.0006,0.1356,0.0,0.0,0.0,0.12500000372529,up,2026-08-14T11:42:41,1652.0,2694.0
VIX,2027-02-17,168,Put,150.0,VIX270217P00150000,126.4,126.95,126.67500000000001,125.39,0.0,0.0,0.0,10.0,1.089,-0.9516,0.0036,0.0088,0.0,-0.5861,126.6941,0.0,0.0,0.0,126.525001525879,up,2026-08-14T11:42:41,3185.0,1614.0
VIX,2027-02-17,168,Call,160.0,VIX270217C00160000,0.09,0.14,0.115,0.25,0.0,0.0,0.0,1.0,1.2375,0.025,0.0032,0.008,-0.0029,-0.0006,0.1216,0.0,0.0,0.0,0.115000002086163,up,2026-06-03T15:56:13,1904.0,2924.0
VIX,2027-02-17,168,Put,160.0,VIX270217P00160000,136.15,136.75,136.45,0.0,0.0,0.0,0.0,0.0,1.134,-0.9544,0.0032,0.008,0.0,-0.6313,136.4737,0.0,0.0,0.0,136.300003051758,no_change,,3382.0,1664.0
VIX,2027-02-17,168,Call,170.0,VIX270217C00170000,0.08,0.13,0.10500000000000001,0.18,0.0,0.0,0.0,2.0,1.2512,0.0227,0.0029,0.0074,-0.0027,-0.0005,0.1097,0.0,0.0,0.0,0.104999996721745,down,2026-06-08T09:31:02,1904.0,2924.0
VIX,2027-02-17,168,Put,170.0,VIX270217P00170000,145.95,146.55,146.25,0.0,0.0,0.0,0.0,0.0,1.1056,-0.9567,0.0029,0.0074,0.0,-0.6766,146.2555,0.0,0.0,0.0,146.099998474121,no_change,,3296.0,1704.0
VIX,2027-02-17,168,Call,180.0,VIX270217C00180000,0.07,0.12,0.095,0.2,0.0,0.0,0.0,1.0,1.2615,0.0207,0.0027,0.0068,-0.0025,-0.0005,0.0996,0.0,0.0,0.0,0.0949999988079071,up,2026-06-03T15:57:08,1886.0,2907.0
VIX,2027-02-17,168,Put,180.0,VIX270217P00180000,155.75,156.3,156.025,0.0,0.0,0.0,0.0,0.0,1.0339,-0.9587,0.0027,0.0068,0.0,-0.7218,156.039,0.0,0.0,0.0,155.875,no_change,,3236.0,1587.0
VIX,2027-02-17,168,Call,190.0,VIX270217C00190000,0.06,0.11,0.08499999999999999,0.15,0.0,0.0,0.0,1.0,1.2685,0.0189,0.0025,0.0064,-0.0023,-0.0004,0.0908,0.0,0.0,0.0,0.0849999990314245,up,2026-05-28T15:50:45,1726.0,1726.0
VIX,2027-02-17,168,Put,190.0,VIX270217P00190000,165.5,166.1,165.8,0.0,0.0,0.0,0.0,0.0,1.0978,-0.9604,0.0025,0.0064,0.0,-0.7671,165.8239,0.0,0.0,0.0,165.650001525879,no_change,,1010.0,1010.0
VIX,2027-02-17,168,Call,200.0,VIX270217C00200000,0.05,0.1,0.07500000000000001,0.08,0.0,0.0,0.0,278.0,1.2718,0.0174,0.0023,0.0059,-0.0022,-0.0004,0.0833,0.0,0.0,0.0,0.0750000011175871,no_change,2026-08-05T15:23:07,1771.0,1312.0
VIX,2027-02-17,168,Put,200.0,VIX270217P00200000,175.3,175.9,175.60000000000002,0.0,0.0,0.0,0.0,0.0,1.1506,-0.962,0.0023,0.0059,0.0,-0.8124,175.61,0.0,0.0,0.0,175.449996948242,no_change,,1010.0,1010.0
VIX,2027-03-17,196,Call,10.0,VIX270317C00010000,10.5,10.95,10.725,11.5,0.0,0.0,0.0,52.0,0.0,0.9705,0.0024,0.0025,0.0,-0.0578,10.7733,0.0,0.0,0.0,10.8499999046326,no_change,2026-08-19T09:31:11,2288.0,1267.0
VIX,2027-03-17,196,Put,10.0,VIX270317P00010000,0.0,0.02,0.01,0.01,0.0,0.0,0.0,27.0,0.416,-0.0056,0.0024,0.0025,-0.0002,-0.0001,0.0123,0.0,0.0,0.0,0.00999999977648258,no_change,2026-08-24T12:52:06,0.0,301.0
VIX,2027-03-17,196,Call,10.5,VIX270317C00010500,10.05,10.45,10.25,11.35,0.0,0.0,0.0,1.0,0.0,0.9681,0.0033,0.0034,0.0,-0.0552,10.291,0.0,0.0,0.0,10.3499999046326,down,2026-08-19T10:34:54,2116.0,1263.0
VIX,2027-03-17,196,Put,10.5,VIX270317P00010500,0.0,0.03,0.015,0.0,0.0,0.0,0.0,0.0,0.48,-0.0079,0.0033,0.0034,-0.0003,-0.0001,0.018,0.0,0.0,0.0,0.0149999996647239,no_change,,0.0,303.0
VIX,2027-03-17,196,Call,11.0,VIX270317C00011000,9.55,10.0,9.775,9.85,0.0,9.68197e-07,20.0,6.0,0.5089,0.9651,0.0045,0.0046,0.0,-0.0526,9.8104,9.85,9.85,9.85,9.84999990463257,down,2026-09-02T10:46:09,2180.0,1259.0
VIX,2027-03-17,196,Put,11.0,VIX270317P00011000,0.0,0.03,0.015,0.0,0.0,0.0,0.0,0.0,0.451,-0.011,0.0045,0.0046,-0.0004,-0.0001,0.0255,0.0,0.0,0.0,0.0199999995529652,no_change,,0.0,315.0
VIX,2027-03-17,196,Call,11.5,VIX270317C00011500,9.1,9.55,9.325,9.25,-0.15,-1.59575,5.0,5.0,0.435,0.9613,0.0059,0.0059,0.0,-0.0501,9.3321,9.29,9.29,9.25,9.40000009536743,down,2026-09-02T12:06:19,2029.0,1254.0
VIX,2027-03-17,196,Put,11.5,VIX270317P00011500,0.01,0.04,0.025,0.0,0.0,0.0,0.0,0.0,0.4307,-0.0148,0.0059,0.0059,-0.0006,-0.0002,0.0351,0.0,0.0,0.0,0.0249999994412065,no_change,,331.0,331.0
VIX,2027-03-17,196,Call,12.0,VIX270317C00012000,8.6,9.0,8.8,9.15,0.0,0.0,0.0,1.0,0.0,0.9565,0.0076,0.0075,0.0,-0.0475,8.8563,0.0,0.0,0.0,8.90000009536743,down,2026-08-31T10:12:50,2117.0,1249.0
VIX,2027-03-17,196,Put,12.0,VIX270317P00012000,0.02,0.05,0.035,0.04,0.0,0.0,0.0,10.0,0.4103,-0.0195,0.0076,0.0075,-0.0007,-0.0002,0.0474,0.0,0.0,0.0,0.0399999991059303,down,2026-07-31T12:41:40,1843.0,2308.0
VIX,2027-03-17,196,Call,12.5,VIX270317C00012500,8.1,8.55,8.325,9.7,0.0,0.0,0.0,7.0,0.0,0.9505,0.0097,0.0094,0.0,-0.045,8.3844,0.0,0.0,0.0,8.44999980926514,up,2026-08-17T10:41:11,2226.0,1243.0
VIX,2027-03-17,196,Put,12.5,VIX270317P00012500,0.03,0.07,0.05,0.0,0.0,0.0,0.0,0.0,0.3899,-0.0256,0.0097,0.0094,-0.0009,-0.0003,0.0636,0.0,0.0,0.0,0.0599999986588955,no_change,,2818.0,2079.0
VIX,2027-03-17,196,Call,13.0,VIX270317C00013000,7.65,8.1,7.875,8.35,0.0,0.0,0.0,75.0,0.2993,0.9425,0.0123,0.0117,0.0,-0.0425,7.9192,0.0,0.0,0.0,8.0,up,2026-08-27T16:05:31,2151.0,1235.0
VIX,2027-03-17,196,Put,13.0,VIX270317P00013000,0.06,0.1,0.08,0.06,0.0,0.0,0.0,6.0,0.3795,-0.0336,0.0123,0.0117,-0.0011,-0.0005,0.0864,0.0,0.0,0.0,0.0849999990314245,down,2026-08-31T15:20:23,2040.0,1976.0
VIX,2027-03-17,196,Call,13.5,VIX270317C00013500,7.2,7.65,7.425000000000001,8.7,0.0,0.0,0.0,5.0,0.3343,0.9316,0.0155,0.0147,0.0,-0.04,7.465,0.0,0.0,0.0,7.54999995231628,up,2026-08-19T15:18:10,2136.0,1229.0
VIX,2027-03-17,196,Put,13.5,VIX270317P00013500,0.09,0.14,0.115,0.0,0.0,0.0,0.0,0.0,0.3823,-0.0445,0.0155,0.0147,-0.0014,-0.0006,0.1201,0.0,0.0,0.0,0.12500000372529,no_change,,3386.0,2044.0
VIX,2027-03-17,196,Call,14.0,VIX270317C00014000,6.9,7.2,7.050000000000001,7.15,0.0,0.0,0.0,57.0,0.3775,0.9171,0.0192,0.0183,-0.0004,-0.0377,7.0265,0.0,0.0,0.0,7.10000014305115,down,2026-09-01T10:29:13,3.0,1221.0
VIX,2027-03-17,196,Put,14.0,VIX270317P00014000,0.15,0.2,0.175,0.1,0.0,0.0,0.0,25.0,0.3903,-0.059,0.0192,0.0183,-0.0018,-0.0009,0.1697,0.0,0.0,0.0,0.179999999701977,no_change,2026-07-28T09:59:19,1454.0,1454.0
VIX,2027-03-17,196,Call,14.5,VIX270317C00014500,6.35,6.8,6.574999999999999,6.7,0.0,0.0,0.0,162.0,0.3958,0.8988,0.0233,0.0224,-0.001,-0.0354,6.6082,0.0,0.0,0.0,6.59999990463257,up,2026-09-01T15:51:26,2107.0,1213.0
VIX,2027-03-17,196,Put,14.5,VIX270317P00014500,0.22,0.29,0.255,0.18,0.0,0.0,0.0,29.0,0.3998,-0.0772,0.0233,0.0224,-0.0022,-0.0013,0.2394,0.0,0.0,0.0,0.254999995231628,up,2026-08-21T15:44:52,3638.0,3608.0
VIX,2027-03-17,196,Call,15.0,VIX270317C00015000,6.0,6.45,6.225,6.37,0.045,0.711462,1.0,400.0,0.422,0.8767,0.0274,0.027,-0.0016,-0.0334,6.2163,6.37,6.37,6.37,6.32500004768372,up,2026-09-02T09:44:53,1940.0,1220.0
VIX,2027-03-17,196,Put,15.0,VIX270317P00015000,0.32,0.39,0.355,0.39,0.035,9.85916,7.0,187.0,0.413,-0.0993,0.0274,0.027,-0.0027,-0.0018,0.3355,0.39,0.39,0.39,0.354999989271164,up,2026-09-02T13:07:42,2382.0,2241.0
VIX,2027-03-17,196,Call,16.0,VIX270317C00016000,5.5,5.75,5.625,5.56,-0.14,-2.45614,3.0,343.0,0.4438,0.8234,0.0346,0.0362,-0.003,-0.0297,5.5288,5.65,5.65,5.55,5.70000004768372,up,2026-09-02T15:08:42,1.0,1209.0
VIX,2027-03-17,196,Put,16.0,VIX270317P00016000,0.61,0.69,0.6499999999999999,0.68,0.04,6.25,100.0,93.0,0.4399,-0.1523,0.0345,0.0362,-0.0039,-0.0033,0.6219,0.67,0.68,0.67,0.640000015497208,up,2026-09-02T13:09:25,1637.0,3008.0
VIX,2027-03-17,196,Call,17.0,VIX270317C00017000,4.8,5.1,4.949999999999999,5.0,-0.075,-1.47783,3.0,111.0,0.4674,0.7656,0.0392,0.0441,-0.0044,-0.0266,4.9667,5.0,5.0,5.0,5.07499980926514,no_change,2026-09-02T09:30:04,7157.0,3174.0
VIX,2027-03-17,196,Put,17.0,VIX270317P00017000,1.0,1.1,1.05,1.03,0.0,0.0,0.0,56.0,0.4705,-0.2104,0.0392,0.0441,-0.0051,-0.0056,1.038,0.0,0.0,0.0,1.04000002145767,up,2026-09-01T10:22:28,1770.0,3950.0
VIX,2027-03-17,196,Call,18.0,VIX270317C00018000,4.35,4.8,4.574999999999999,4.8,0.0,0.0,0.0,28.0,0.498,0.7103,0.0417,0.05,-0.0056,-0.0242,4.5009,0.0,0.0,0.0,4.57499980926514,up,2026-08-28T16:04:45,3797.0,7241.0
VIX,2027-03-17,196,Put,18.0,VIX270317P00018000,1.5,1.6,1.55,1.58,0.04,2.5974,3.0,12.0,0.502,-0.2653,0.0416,0.05,-0.0061,-0.0083,1.5447,1.58,1.58,1.58,1.54000002145767,up,2026-09-02T15:15:39,1623.0,2048.0
VIX,2027-03-17,196,Call,19.0,VIX270317C00019000,3.95,4.2,4.075,4.33,0.0,0.0,0.0,15.0,0.5263,0.6597,0.0427,0.0541,-0.0066,-0.022,4.1061,0.0,0.0,0.0,4.17500019073486,up,2026-09-01T10:00:56,3525.0,1506.0
VIX,2027-03-17,196,Put,19.0,VIX270317P00019000,2.12,2.19,2.1550000000000002,1.77,0.0,0.0,0.0,23.0,0.5312,-0.3164,0.0427,0.0541,-0.007,-0.0114,2.1295,0.0,0.0,0.0,2.11500000953674,up,2026-08-20T15:31:15,1.0,6586.0
VIX,2027-03-17,196,Call,20.0,VIX270317C00020000,3.7,3.85,3.7750000000000004,3.75,-0.075,-1.96079,11.0,751.0,0.5552,0.6139,0.0428,0.0568,-0.0074,-0.0202,3.7657,3.85,3.85,3.75,3.82500004768372,down,2026-09-02T10:06:26,2.0,2204.0
VIX,2027-03-17,196,Put,20.0,VIX270317P00020000,2.68,2.84,2.76,2.8,0.045,1.63339,2.0,88.0,0.5588,-0.3622,0.0428,0.0568,-0.0076,-0.0148,2.7652,2.8,2.8,2.8,2.75499999523163,up,2026-09-02T15:15:20,9828.0,8444.0
VIX,2027-03-17,196,Call,21.0,VIX270317C00021000,3.35,3.55,3.45,3.5,-0.025,-0.709219,240.0,856.0,0.5822,0.5726,0.0423,0.0586,-0.0081,-0.0186,3.4689,3.5,3.5,3.5,3.52499997615814,no_change,2026-09-02T11:09:22,4851.0,2752.0
VIX,2027-03-17,196,Put,21.0,VIX270317P00021000,3.4,3.55,3.4749999999999996,3.45,0.0,-1.38214e-06,240.0,985.0,0.5864,-0.4034,0.0423,0.0586,-0.0081,-0.0185,3.4445,3.45,3.45,3.45,3.45000004768372,no_change,2026-09-02T11:09:22,3.0,9857.0
VIX,2027-03-17,196,Call,22.0,VIX270317C00022000,3.1,3.3,3.2,3.3,0.0,0.0,0.0,2915.0,0.6008,0.5354,0.0415,0.0595,-0.0086,-0.0172,3.2086,0.0,0.0,0.0,3.25,up,2026-09-01T13:04:21,5373.0,3381.0
VIX,2027-03-17,196,Put,22.0,VIX270317P00022000,4.15,4.25,4.2,4.2,0.0,0.0,0.0,2901.0,0.6047,-0.4406,0.0415,0.0595,-0.0084,-0.0223,4.1602,0.0,0.0,0.0,4.17499995231628,no_change,2026-09-01T10:09:04,2.0,8983.0
VIX,2027-03-17,196,Call,23.0,VIX270317C00023000,2.89,3.05,2.9699999999999998,3.13,0.0,0.0,0.0,43.0,0.6226,0.5018,0.0405,0.0599,-0.009,-0.016,2.9786,0.0,0.0,0.0,3.02499997615814,no_change,2026-09-01T09:35:19,1825.0,2422.0
VIX,2027-03-17,196,Put,23.0,VIX270317P00023000,4.85,5.0,4.925,4.9,0.0,-1.94627e-06,2.0,19.0,0.6289,-0.4743,0.0405,0.0599,-0.0086,-0.0263,4.9063,4.9,4.9,4.9,4.90000009536743,up,2026-09-02T12:08:51,2229.0,8877.0
VIX,2027-03-17,196,Call,24.0,VIX270317C00024000,2.69,2.85,2.77,3.15,0.0,0.0,0.0,32.0,0.6403,0.4714,0.0393,0.0599,-0.0093,-0.0149,2.7747,0.0,0.0,0.0,2.82000005245209,down,2026-08-25T09:42:14,2104.0,3073.0
VIX,2027-03-17,196,Put,24.0,VIX270317P00024000,5.6,5.8,5.699999999999999,5.71,0.06,1.06195,4.0,33.0,0.6389,-0.5047,0.0393,0.0599,-0.0087,-0.0305,5.6785,5.71,5.71,5.71,5.65000009536743,up,2026-09-02T15:49:58,2070.0,4891.0
VIX,2027-03-17,196,Call,25.0,VIX270317C00025000,2.5,2.67,2.585,2.68,0.0,0.0,0.0,583.0,0.6556,0.4438,0.0381,0.0596,-0.0095,-0.0139,2.593,0.0,0.0,0.0,2.63999998569489,down,2026-08-31T15:52:52,5183.0,3428.0
VIX,2027-03-17,196,Put,25.0,VIX270317P00025000,6.35,6.6,6.475,6.25,0.0,0.0,0.0,26.0,0.6565,-0.5323,0.0381,0.0596,-0.0088,-0.0347,6.4728,0.0,0.0,0.0,6.45000004768372,down,2026-08-31T13:28:51,5265.0,5080.0
VIX,2027-03-17,196,Call,26.0,VIX270317C00026000,2.34,2.51,2.425,2.53,0.0,0.0,0.0,4.0,0.67,0.4187,0.0368,0.059,-0.0097,-0.013,2.4307,0.0,0.0,0.0,2.48000001907349,down,2026-08-27T10:43:15,3679.0,4242.0
VIX,2027-03-17,196,Put,26.0,VIX270317P00026000,7.2,7.4,7.300000000000001,6.54,0.0,0.0,0.0,31.0,0.6698,-0.5573,0.0368,0.059,-0.0088,-0.0391,7.2865,0.0,0.0,0.0,7.25,no_change,2026-08-17T11:56:07,2126.0,3056.0
VIX,2027-03-17,196,Call,27.0,VIX270317C00027000,2.2,2.36,2.2800000000000002,2.45,0.0,0.0,0.0,92.0,0.684,0.3959,0.0356,0.0583,-0.0098,-0.0123,2.2849,0.0,0.0,0.0,2.33000004291534,down,2026-08-28T11:19:56,3363.0,4209.0
VIX,2027-03-17,196,Put,27.0,VIX270317P00027000,8.0,8.25,8.125,7.39,0.0,0.0,0.0,3.0,0.6879,-0.5801,0.0356,0.0583,-0.0087,-0.0435,8.1168,0.0,0.0,0.0,8.07499980926514,up,2026-08-18T10:46:25,3279.0,2679.0
VIX,2027-03-17,196,Call,28.0,VIX270317C00028000,2.08,2.23,2.1550000000000002,2.21,0.0,0.0,0.0,198.0,0.6973,0.3751,0.0344,0.0574,-0.0099,-0.0116,2.1534,0.0,0.0,0.0,2.18999993801117,up,2026-09-01T14:27:49,2400.0,6029.0
VIX,2027-03-17,196,Put,28.0,VIX270317P00028000,8.85,9.1,8.975,8.12,0.0,0.0,0.0,0.0,0.7029,-0.601,0.0344,0.0574,-0.0086,-0.0481,8.9614,0.0,0.0,0.0,8.90000009536743,down,2026-07-27T12:34:01,4645.0,4833.0
VIX,2027-03-17,196,Call,29.0,VIX270317C00029000,1.96,2.11,2.035,2.26,0.0,0.0,0.0,164.0,0.7103,0.356,0.0332,0.0564,-0.0099,-0.0109,2.0347,0.0,0.0,0.0,2.06000006198883,no_change,2026-08-25T10:30:28,2569.0,5313.0
VIX,2027-03-17,196,Put,29.0,VIX270317P00029000,9.7,9.95,9.825,9.84,0.065,0.664961,4.0,4.0,0.7149,-0.62,0.0332,0.0564,-0.0084,-0.0527,9.8187,9.84,9.84,9.84,9.77500009536743,up,2026-09-02T15:49:58,4485.0,3921.0
VIX,2027-03-17,196,Call,30.0,VIX270317C00030000,1.86,1.95,1.905,1.92,-0.035,-1.79028,6.0,627.0,0.7225,0.3386,0.032,0.0555,-0.0099,-0.0103,1.9268,1.93,1.93,1.92,1.9549999833107,down,2026-09-02T15:08:42,1752.0,16.0
VIX,2027-03-17,196,Put,30.0,VIX270317P00030000,10.3,10.8,10.55,10.26,0.0,0.0,0.0,305.0,0.7243,-0.6375,0.032,0.0555,-0.0082,-0.0573,10.6868,0.0,0.0,0.0,10.5999999046326,down,2026-08-27T10:15:48,9022.0,1849.0
VIX,2027-03-17,196,Call,31.0,VIX270317C00031000,1.76,1.91,1.835,2.26,0.0,0.0,0.0,72.0,0.7351,0.3225,0.0309,0.0544,-0.0099,-0.0098,1.8284,0.0,0.0,0.0,1.84999996423721,down,2026-08-18T15:56:32,1967.0,4931.0
VIX,2027-03-17,196,Put,31.0,VIX270317P00031000,11.45,11.7,11.575,0.0,0.0,0.0,0.0,0.0,0.7404,-0.6535,0.0309,0.0544,-0.0081,-0.062,11.5645,0.0,0.0,0.0,11.5,no_change,,2924.0,2370.0
VIX,2027-03-17,196,Call,32.0,VIX270317C00032000,1.67,1.82,1.745,2.2,0.0,0.0,0.0,251.0,0.7465,0.3077,0.0298,0.0534,-0.0099,-0.0093,1.7385,0.0,0.0,0.0,1.7600000500679,no_change,2026-08-18T13:01:07,1667.0,3386.0
VIX,2027-03-17,196,Put,32.0,VIX270317P00032000,11.95,12.6,12.274999999999999,0.0,0.0,0.0,0.0,0.0,0.7498,-0.6683,0.0298,0.0534,-0.0078,-0.0668,12.4507,0.0,0.0,0.0,12.375,no_change,,3754.0,1252.0
VIX,2027-03-17,196,Call,33.0,VIX270317C00033000,1.59,1.73,1.6600000000000001,2.03,0.0,0.0,0.0,18.0,0.7579,0.294,0.0288,0.0523,-0.0098,-0.0089,1.656,0.0,0.0,0.0,1.67500001192093,down,2026-08-17T11:16:24,1660.0,3288.0
VIX,2027-03-17,196,Put,33.0,VIX270317P00033000,12.85,13.5,13.175,0.0,0.0,0.0,0.0,0.0,0.7621,-0.682,0.0288,0.0523,-0.0076,-0.0716,13.3443,0.0,0.0,0.0,13.2749996185303,no_change,,3679.0,1242.0
VIX,2027-03-17,196,Call,34.0,VIX270317C00034000,1.52,1.65,1.585,1.61,0.0,0.0,0.0,204.0,0.7686,0.2814,0.0278,0.0513,-0.0098,-0.0085,1.58,0.0,0.0,0.0,1.59999996423721,down,2026-09-01T14:42:55,1757.0,2791.0
VIX,2027-03-17,196,Put,34.0,VIX270317P00034000,13.75,14.4,14.075,0.0,0.0,0.0,0.0,0.0,0.7726,-0.6947,0.0278,0.0513,-0.0074,-0.0764,14.2443,0.0,0.0,0.0,14.1750001907349,no_change,,3670.0,1228.0
VIX,2027-03-17,196,Call,35.0,VIX270317C00035000,1.45,1.58,1.5150000000000001,1.81,0.0,0.0,0.0,321.0,0.7792,0.2698,0.0269,0.0503,-0.0097,-0.0081,1.5115,0.0,0.0,0.0,1.53000003099442,no_change,2026-08-24T11:03:51,1717.0,1795.0
VIX,2027-03-17,196,Put,35.0,VIX270317P00035000,14.65,15.3,14.975000000000001,0.0,0.0,0.0,0.0,0.0,0.7816,-0.7064,0.0269,0.0502,-0.0071,-0.0813,15.1502,0.0,0.0,0.0,15.0749998092651,no_change,,3711.0,1247.0
VIX,2027-03-17,196,Call,36.0,VIX270317C00036000,1.39,1.52,1.455,1.82,0.0,0.0,0.0,12.0,0.7899,0.2588,0.026,0.0492,-0.0096,-0.0078,1.4464,0.0,0.0,0.0,1.46499997377396,down,2026-07-16T13:21:00,1723.0,4133.0
VIX,2027-03-17,196,Put,36.0,VIX270317P00036000,15.55,16.2,15.875,0.0,0.0,0.0,0.0,0.0,0.7891,-0.7174,0.026,0.0492,-0.0068,-0.0862,16.0612,0.0,0.0,0.0,15.9750003814697,no_change,,3374.0,1115.0
VIX,2027-03-17,196,Call,37.0,VIX270317C00037000,1.33,1.46,1.395,1.72,0.0,0.0,0.0,2.0,0.7998,0.2485,0.0252,0.0481,-0.0096,-0.0074,1.3845,0.0,0.0,0.0,1.40500003099442,down,2026-07-16T13:21:00,1760.0,4200.0
VIX,2027-03-17,196,Put,37.0,VIX270317P00037000,16.45,17.15,16.799999999999997,0.0,0.0,0.0,0.0,0.0,0.8055,-0.7276,0.0252,0.0481,-0.0066,-0.0911,16.977,0.0,0.0,0.0,16.8999996185303,no_change,,3734.0,1513.0
VIX,2027-03-17,196,Call,38.0,VIX270317C00038000,1.28,1.41,1.345,1.54,0.0,0.0,0.0,6.0,0.809,0.2389,0.0244,0.0471,-0.0095,-0.0071,1.3283,0.0,0.0,0.0,1.34999996423721,down,2026-08-24T15:09:02,1612.0,3379.0
VIX,2027-03-17,196,Put,38.0,VIX270317P00038000,17.4,18.4,17.9,0.0,0.0,0.0,0.0,0.0,0.8104,-0.7371,0.0244,0.0471,-0.0063,-0.096,17.8968,0.0,0.0,0.0,17.8250007629395,no_change,,3488.0,2670.0
VIX,2027-03-17,196,Call,39.0,VIX270317C00039000,1.23,1.36,1.295,1.61,0.0,0.0,0.0,2.0,0.8192,0.23,0.0236,0.0462,-0.0094,-0.0068,1.2757,0.0,0.0,0.0,1.2950000166893,up,2026-07-16T14:22:55,1900.0,4970.0
VIX,2027-03-17,196,Put,39.0,VIX270317P00039000,18.7,19.0,18.85,0.0,0.0,0.0,0.0,0.0,0.8247,-0.7461,0.0236,0.0462,-0.006,-0.101,18.8203,0.0,0.0,0.0,18.7250003814697,no_change,,2764.0,4266.0
VIX,2027-03-17,196,Call,40.0,VIX270317C00040000,1.18,1.31,1.245,1.26,0.015,1.20482,2.0,7821.0,0.8274,0.2216,0.0229,0.0452,-0.0093,-0.0066,1.2266,1.26,1.26,1.26,1.24500000476837,up,2026-09-02T10:15:53,1966.0,5568.0
VIX,2027-03-17,196,Put,40.0,VIX270317P00040000,19.65,19.9,19.775,18.6,0.0,0.0,0.0,3.0,0.8328,-0.7545,0.0229,0.0452,-0.0057,-0.1059,19.7472,0.0,0.0,0.0,19.6749992370605,up,2026-07-27T13:23:25,1559.0,3026.0
VIX,2027-03-17,196,Call,42.5,VIX270317C00042500,1.07,1.2,1.135,1.13,-0.01,-0.877197,5.0,218.0,0.8481,0.2027,0.0213,0.0429,-0.009,-0.006,1.1165,1.13,1.13,1.13,1.14000004529953,down,2026-09-02T13:06:24,2348.0,4835.0
VIX,2027-03-17,196,Put,42.5,VIX270317P00042500,21.95,22.25,22.1,0.0,0.0,0.0,0.0,0.0,0.8514,-0.7734,0.0213,0.0429,-0.005,-0.1184,22.0772,0.0,0.0,0.0,22.0249996185303,no_change,,3243.0,3455.0
VIX,2027-03-17,196,Call,45.0,VIX270317C00045000,0.98,1.09,1.0350000000000001,1.24,0.0,0.0,0.0,161.0,0.8647,0.1863,0.0198,0.0408,-0.0087,-0.0055,1.0215,0.0,0.0,0.0,1.0450000166893,no_change,2026-08-24T15:04:27,2360.0,1687.0
VIX,2027-03-17,196,Put,45.0,VIX270317P00045000,24.3,24.6,24.450000000000003,23.0,0.0,0.0,0.0,100.0,0.8706,-0.7898,0.0198,0.0408,-0.0043,-0.131,24.4224,0.0,0.0,0.0,24.375,up,2026-07-23T13:16:27,3480.0,5375.0
VIX,2027-03-17,196,Call,47.5,VIX270317C00047500,0.9,1.01,0.9550000000000001,1.01,0.0,0.0,0.0,5000.0,0.8831,0.172,0.0185,0.0388,-0.0085,-0.005,0.9387,0.0,0.0,0.0,0.965000003576279,no_change,2026-08-31T14:46:57,2283.0,1782.0
VIX,2027-03-17,196,Put,47.5,VIX270317P00047500,26.25,27.25,26.75,0.0,0.0,0.0,0.0,0.0,0.8918,-0.8041,0.0185,0.0388,-0.0035,-0.1437,26.7798,0.0,0.0,0.0,26.7250003814697,no_change,,3166.0,1476.0
VIX,2027-03-17,196,Call,50.0,VIX270317C00050000,0.83,0.94,0.885,0.88,-0.015,-1.67598,155.0,337.0,0.899,0.1593,0.0173,0.0369,-0.0082,-0.0046,0.8661,0.88,0.88,0.88,0.894999980926514,down,2026-09-02T12:18:59,2055.0,1690.0
VIX,2027-03-17,196,Put,50.0,VIX270317P00050000,28.65,29.35,29.0,0.0,0.0,0.0,0.0,1.0,0.9028,-0.8167,0.0173,0.0369,-0.0028,-0.1564,29.1473,0.0,0.0,0.0,29.1750001907349,no_change,,3033.0,1147.0
VIX,2027-03-17,196,Call,55.0,VIX270317C00055000,0.71,0.81,0.76,0.76,0.0,0.0,0.0,422.0,0.9296,0.1381,0.0152,0.0336,-0.0077,-0.004,0.7446,0.0,0.0,0.0,0.770000010728836,down,2026-08-31T15:54:55,2005.0,1644.0
VIX,2027-03-17,196,Put,55.0,VIX270317P00055000,33.6,34.15,33.875,0.0,0.0,0.0,0.0,0.0,0.9126,-0.838,0.0152,0.0336,-0.0014,-0.1819,33.906,0.0,0.0,0.0,33.9000015258789,no_change,,2295.0,1186.0
VIX,2027-03-17,196,Call,60.0,VIX270317C00060000,0.61,0.71,0.6599999999999999,0.64,-0.03,-4.47761,2000.0,77.0,0.9479,0.121,0.0136,0.0306,-0.0072,-0.0035,0.6474,0.64,0.64,0.64,0.6700000166893,no_change,2026-09-02T11:09:22,1889.0,3240.0
VIX,2027-03-17,196,Put,60.0,VIX270317P00060000,38.4,38.95,38.675,36.99,0.0,0.0,0.0,100.0,0.9236,-0.8551,0.0136,0.0306,0.0,-0.2076,38.6891,0.0,0.0,0.0,38.6500015258789,up,2026-07-23T13:16:27,2182.0,1139.0
VIX,2027-03-17,196,Call,65.0,VIX270317C00065000,0.52,0.62,0.5700000000000001,0.72,0.0,0.0,0.0,6001.0,0.9662,0.107,0.0122,0.0281,-0.0067,-0.0031,0.5689,0.0,0.0,0.0,0.5799999833107,no_change,2026-08-21T11:05:01,3964.0,2905.0
VIX,2027-03-17,196,Put,65.0,VIX270317P00065000,43.2,43.75,43.475,0.0,0.0,0.0,0.0,0.0,0.9318,-0.8691,0.0122,0.028,0.0,-0.2333,43.4902,0.0,0.0,0.0,43.4500007629394,no_change,,2191.0,1134.0
VIX,2027-03-17,196,Call,70.0,VIX270317C00070000,0.45,0.55,0.5,0.54,0.035,6.93069,10.0,719.0,0.983,0.0953,0.011,0.0257,-0.0063,-0.0027,0.5028,0.54,0.54,0.54,0.50500001013279,down,2026-09-02T13:40:24,4523.0,3557.0
VIX,2027-03-17,196,Put,70.0,VIX270317P00070000,48.05,48.55,48.3,0.0,0.0,0.0,0.0,0.0,0.9512,-0.8808,0.011,0.0257,0.0,-0.2591,48.3051,0.0,0.0,0.0,48.2749996185303,no_change,,2058.0,1094.0
VIX,2027-03-17,196,Call,75.0,VIX270317C00075000,0.4,0.49,0.445,0.48,0.0,0.0,0.0,538.0,0.9971,0.0855,0.01,0.0238,-0.0059,-0.0024,0.4482,0.0,0.0,0.0,0.445000007748604,no_change,2026-08-12T10:00:44,3555.0,3651.0
VIX,2027-03-17,196,Put,75.0,VIX270317P00075000,52.85,53.35,53.1,51.3,0.0,0.0,0.0,100.0,0.9642,-0.8906,0.01,0.0238,0.0,-0.285,53.1307,0.0,0.0,0.0,53.0999984741211,down,2026-07-24T11:02:09,2159.0,1094.0
VIX,2027-03-17,196,Call,80.0,VIX270317C00080000,0.35,0.44,0.395,0.4,0.005,1.26582,5.0,162.0,1.0123,0.0772,0.0091,0.022,-0.0055,-0.0022,0.4019,0.42,0.43,0.4,0.394999995827675,down,2026-09-02T15:56:32,5328.0,3502.0
VIX,2027-03-17,196,Put,80.0,VIX270317P00080000,57.7,58.2,57.95,0.0,0.0,0.0,0.0,0.0,0.9573,-0.8989,0.0091,0.022,0.0,-0.311,57.9647,0.0,0.0,0.0,57.9250011444092,no_change,,2106.0,1094.0
VIX,2027-03-17,196,Call,85.0,VIX270317C00085000,0.31,0.4,0.355,0.48,0.0,0.0,0.0,12.0,1.0251,0.0701,0.0083,0.0204,-0.0052,-0.002,0.363,0.0,0.0,0.0,0.355000004172325,up,2026-07-13T13:42:01,4565.0,3240.0
VIX,2027-03-17,196,Put,85.0,VIX270317P00085000,62.55,63.0,62.775,0.0,0.0,0.0,0.0,0.0,0.9711,-0.906,0.0083,0.0204,0.0,-0.3369,62.8056,0.0,0.0,0.0,62.75,no_change,,2057.0,1093.0
VIX,2027-03-17,196,Call,90.0,VIX270317C00090000,0.28,0.36,0.32,0.44,0.0,0.0,0.0,1.0,1.0397,0.0638,0.0076,0.019,-0.0049,-0.0018,0.3288,0.0,0.0,0.0,0.320000007748604,up,2026-08-17T13:28:33,3976.0,2732.0
VIX,2027-03-17,196,Put,90.0,VIX270317P00090000,67.4,67.85,67.625,65.95,0.0,0.0,0.0,100.0,0.9808,-0.9122,0.0076,0.019,0.0,-0.3629,67.6521,0.0,0.0,0.0,67.5999984741211,up,2026-07-24T10:58:23,2074.0,1093.0
VIX,2027-03-17,196,Call,95.0,VIX270317C00095000,0.25,0.33,0.29000000000000004,0.29,0.0,0.0,0.0,1.0,1.0508,0.0584,0.007,0.0177,-0.0046,-0.0016,0.2994,0.0,0.0,0.0,0.290000006556511,down,2026-09-01T10:03:46,3513.0,2363.0
VIX,2027-03-17,196,Put,95.0,VIX270317P00095000,72.25,72.7,72.475,0.0,0.0,0.0,0.0,0.0,1.0043,-0.9176,0.007,0.0177,0.0,-0.389,72.503,0.0,0.0,0.0,72.4499969482422,no_change,,2086.0,1093.0
VIX,2027-03-17,196,Call,100.0,VIX270317C00100000,0.23,0.3,0.265,0.25,-0.05,-17.8571,439.0,56379.0,1.0488,0.0538,0.0065,0.0166,-0.0043,-0.0015,0.2742,0.29,0.3,0.24,0.280000001192093,no_change,2026-09-02T15:58:14,3362.0,1710.0
VIX,2027-03-17,196,Put,100.0,VIX270317P00100000,77.1,77.55,77.32499999999999,75.92,0.0,0.0,0.0,1.0,1.026,-0.9223,0.0065,0.0166,0.0,-0.415,77.3577,0.0,0.0,0.0,77.3000030517578,up,2026-07-01T13:46:51,2106.0,1091.0
VIX,2027-03-17,196,Call,110.0,VIX270317C00110000,0.19,0.26,0.225,0.28,0.0,0.0,0.0,23.0,1.0791,0.0459,0.0056,0.0146,-0.0039,-0.0012,0.2316,0.0,0.0,0.0,0.224999994039536,down,2026-08-21T15:47:12,3571.0,2520.0
VIX,2027-03-17,196,Put,110.0,VIX270317P00110000,86.8,87.3,87.05,0.0,0.0,0.0,0.0,0.0,0.9998,-0.9302,0.0056,0.0146,0.0,-0.4671,87.076,0.0,0.0,0.0,87.0250015258789,no_change,,2174.0,1091.0
VIX,2027-03-17,196,Call,120.0,VIX270317C00120000,0.16,0.23,0.195,0.29,0.0,0.0,0.0,60.0,1.0984,0.0396,0.0049,0.0129,-0.0035,-0.0011,0.1984,0.0,0.0,0.0,0.195000000298023,no_change,2026-07-16T10:46:46,3426.0,2631.0
VIX,2027-03-17,196,Put,120.0,VIX270317P00120000,96.55,97.0,96.775,0.0,0.0,0.0,0.0,0.0,1.0288,-0.9364,0.0049,0.0129,0.0,-0.5193,96.8033,0.0,0.0,0.0,96.7249984741211,no_change,,2082.0,1090.0
VIX,2027-03-17,196,Call,130.0,VIX270317C00130000,0.14,0.21,0.175,0.26,0.0,0.0,0.0,54.0,1.1149,0.0346,0.0044,0.0116,-0.0032,-0.0009,0.1718,0.0,0.0,0.0,0.170000001788139,no_change,2026-07-27T14:28:03,1635.0,3114.0
VIX,2027-03-17,196,Put,130.0,VIX270317P00130000,106.25,106.75,106.5,0.0,0.0,0.0,0.0,0.0,0.9802,-0.9415,0.0044,0.0116,0.0,-0.5716,106.5372,0.0,0.0,0.0,106.474998474121,no_change,,2200.0,1089.0
VIX,2027-03-17,196,Call,140.0,VIX270317C00140000,0.13,0.19,0.16,0.0,0.0,0.0,0.0,0.0,1.1303,0.0304,0.0039,0.0104,-0.0029,-0.0008,0.1501,0.0,0.0,0.0,0.150000002235174,no_change,,1336.0,3087.0
VIX,2027-03-17,196,Put,140.0,VIX270317P00140000,116.0,116.45,116.225,0.0,0.0,0.0,0.0,0.0,1.0369,-0.9456,0.0039,0.0104,0.0,-0.6238,116.2761,0.0,0.0,0.0,116.174999237061,no_change,,2159.0,1089.0
VIX,2027-03-17,196,Call,150.0,VIX270317C00150000,0.11,0.17,0.14,0.15,0.0,0.0,0.0,5.0,1.1406,0.027,0.0035,0.0094,-0.0026,-0.0007,0.1322,0.0,0.0,0.0,0.140000000596046,down,2026-08-28T11:42:52,1271.0,1992.0
VIX,2027-03-17,196,Put,150.0,VIX270317P00150000,125.75,126.2,125.975,0.0,0.0,0.0,0.0,0.0,1.0485,-0.9491,0.0035,0.0094,0.0,-0.6761,126.0187,0.0,0.0,0.0,125.924999237061,no_change,,2131.0,1088.0
VIX,2027-03-17,196,Call,160.0,VIX270317C00160000,0.1,0.16,0.13,0.0,0.0,0.0,0.0,0.0,1.1578,0.0241,0.0031,0.0085,-0.0024,-0.0006,0.1173,0.0,0.0,0.0,0.12500000372529,no_change,,1389.0,2777.0
VIX,2027-03-17,196,Put,160.0,VIX270317P00160000,135.5,135.95,135.725,0.0,0.0,0.0,0.0,0.0,1.055,-0.952,0.0031,0.0085,0.0,-0.7283,135.7643,0.0,0.0,0.0,135.674995422363,no_change,,2122.0,1088.0
VIX,2027-03-17,196,Call,170.0,VIX270317C00170000,0.09,0.15,0.12,0.1,0.0,0.0,0.0,0.0,1.1656,0.0216,0.0028,0.0078,-0.0022,-0.0006,0.1046,0.0,0.0,0.0,0.109999999403954,down,2026-07-29T09:50:11,1336.0,2636.0
VIX,2027-03-17,196,Put,170.0,VIX270317P00170000,145.25,145.7,145.475,0.0,0.0,0.0,0.0,0.0,0.9708,-0.9544,0.0028,0.0078,0.0,-0.7806,145.5122,0.0,0.0,0.0,145.424995422363,no_change,,2127.0,1086.0
VIX,2027-03-17,196,Call,180.0,VIX270317C00180000,0.08,0.14,0.11000000000000001,0.2,0.0,0.0,0.0,1.0,1.1766,0.0195,0.0026,0.0072,-0.002,-0.0005,0.0939,0.0,0.0,0.0,0.104999996721745,up,2026-07-21T12:17:21,1517.0,2846.0
VIX,2027-03-17,196,Put,180.0,VIX270317P00180000,155.0,155.45,155.225,0.0,0.0,0.0,0.0,0.0,0.92,-0.9565,0.0026,0.0072,0.0,-0.8329,155.262,0.0,0.0,0.0,155.174995422363,no_change,,2158.0,1086.0
VIX,2027-03-17,196,Call,190.0,VIX270317C00190000,0.07,0.13,0.1,0.01,0.0,0.0,0.0,1.0,1.1846,0.0177,0.0023,0.0066,-0.0019,-0.0004,0.0846,0.0,0.0,0.0,0.0949999988079071,down,2026-07-22T09:30:20,1179.0,1704.0
VIX,2027-03-17,196,Put,190.0,VIX270317P00190000,164.75,165.2,164.975,0.0,0.0,0.0,0.0,0.0,0.0,-0.9584,0.0023,0.0066,0.0,-0.8852,165.0133,0.0,0.0,0.0,164.924995422363,no_change,,562.0,562.0
VIX,2027-03-17,196,Call,200.0,VIX270317C00200000,0.07,0.12,0.095,0.11,0.025,29.4118,10.0,190.0,1.1978,0.0161,0.0021,0.0061,-0.0018,-0.0004,0.0768,0.11,0.11,0.11,0.0849999990314245,up,2026-09-02T13:54:30,1061.0,1061.0
VIX,2027-03-17,196,Put,200.0,VIX270317P00200000,174.5,174.95,174.725,172.47,0.0,0.0,0.0,1.0,0.0,-0.9599,0.0021,0.006,0.0,-0.9376,174.7659,0.0,0.0,0.0,174.674995422363,down,2026-07-01T13:46:51,562.0,562.0
VIX,2027-04-21,231,Call,10.0,VIX270421C00010000,10.5,11.4,10.95,11.2,0.2,1.81818,5.0,139.0,0.5407,0.9664,0.0022,0.0026,0.0,-0.0693,10.9673,11.2,11.2,11.2,11.0,down,2026-09-02T11:20:40,5643.0,5152.0
VIX,2027-04-21,231,Put,10.0,VIX270421P00010000,0.0,0.49,0.245,0.0,0.0,0.0,0.0,0.0,0.4762,-0.0052,0.0022,0.0026,-0.0002,-0.0001,0.0118,0.0,0.0,0.0,0.0350000001490116,no_change,,0.0,10938.0
VIX,2027-04-21,231,Call,10.5,VIX270421C00010500,10.0,10.9,10.45,11.74,0.0,0.0,0.0,25.0,0.5202,0.9643,0.0031,0.0036,0.0,-0.0663,10.4866,0.0,0.0,0.0,10.5,up,2026-08-17T09:33:13,5728.0,5061.0
VIX,2027-04-21,231,Put,10.5,VIX270421P00010500,0.0,0.51,0.255,0.0,0.0,0.0,0.0,0.0,0.456,-0.0074,0.0031,0.0036,-0.0003,-0.0001,0.0169,0.0,0.0,0.0,0.0350000001490116,no_change,,0.0,7671.0
VIX,2027-04-21,231,Call,11.0,VIX270421C00011000,9.65,10.25,9.95,10.06,0.01,0.0995053,20.0,1.0,0.4766,0.9616,0.0041,0.0047,0.0,-0.0633,10.0075,10.06,10.06,10.06,10.0499997138977,down,2026-09-02T10:46:09,2315.0,1257.0
VIX,2027-04-21,231,Put,11.0,VIX270421P00011000,0.0,0.43,0.215,0.0,0.0,0.0,0.0,0.0,0.429,-0.0101,0.0041,0.0047,-0.0004,-0.0001,0.0236,0.0,0.0,0.0,0.0399999991059303,no_change,,0.0,9861.0
VIX,2027-04-21,231,Call,11.5,VIX270421C00011500,9.15,9.95,9.55,10.7,0.0,0.0,0.0,1.0,0.4582,0.9582,0.0054,0.006,0.0,-0.0602,9.5301,0.0,0.0,0.0,9.5499997138977,up,2026-08-20T13:48:25,2375.0,6731.0
VIX,2027-04-21,231,Put,11.5,VIX270421P00011500,0.0,0.43,0.215,0.0,0.0,0.0,0.0,0.0,0.4096,-0.0134,0.0054,0.006,-0.0004,-0.0002,0.032,0.0,0.0,0.0,0.0450000017881393,no_change,,0.0,9744.0
VIX,2027-04-21,231,Call,12.0,VIX270421C00012000,8.65,9.3,8.975000000000001,10.55,0.0,0.0,0.0,7.0,0.4394,0.954,0.0069,0.0076,0.0,-0.0572,9.0552,0.0,0.0,0.0,9.09999990463257,up,2026-08-18T09:37:01,2455.0,1246.0
VIX,2027-04-21,231,Put,12.0,VIX270421P00012000,0.0,0.03,0.015,0.03,0.0,0.0,0.0,5.0,0.3168,-0.0177,0.0069,0.0076,-0.0006,-0.0003,0.0429,0.0,0.0,0.0,0.0149999996647239,up,2026-08-18T15:37:03,0.0,995.0
VIX,2027-04-21,231,Call,12.5,VIX270421C00012500,8.2,9.0,8.6,9.75,0.0,0.0,0.0,7.0,0.4204,0.9476,0.0091,0.0098,0.0,-0.0543,8.5874,0.0,0.0,0.0,8.59999990463257,no_change,2026-08-20T12:43:16,2350.0,6698.0
VIX,2027-04-21,231,Put,12.5,VIX270421P00012500,0.0,0.05,0.025,0.04,0.0,0.0,0.0,12.0,0.3179,-0.0241,0.0091,0.0098,-0.0007,-0.0004,0.061,0.0,0.0,0.0,0.025000000372529,no_change,2026-08-26T15:56:16,0.0,988.0
VIX,2027-04-21,231,Call,13.0,VIX270421C00013000,7.75,8.5,8.125,8.6,0.0,0.0,0.0,32.0,0.4168,0.9385,0.0118,0.0127,0.0,-0.0514,8.1291,0.0,0.0,0.0,8.15000009536743,down,2026-08-31T10:16:46,2288.0,1450.0
VIX,2027-04-21,231,Put,13.0,VIX270421P00013000,0.01,0.29,0.15,0.0,0.0,0.0,0.0,0.0,0.3651,-0.0332,0.0118,0.0127,-0.001,-0.0006,0.0886,0.0,0.0,0.0,0.0750000001862645,no_change,,250.0,6853.0
VIX,2027-04-21,231,Call,13.5,VIX270421C00013500,7.3,8.1,7.699999999999999,8.2,0.0,0.0,0.0,25.0,0.4095,0.9272,0.0149,0.0161,0.0,-0.0486,7.6806,0.0,0.0,0.0,7.70000004768372,down,2026-08-27T13:47:30,2290.0,6704.0
VIX,2027-04-21,231,Put,13.5,VIX270421P00013500,0.04,0.33,0.185,0.06,0.0,0.0,0.0,5.0,0.3694,-0.0445,0.0149,0.0161,-0.0012,-0.0008,0.1258,0.0,0.0,0.0,0.115000003948808,down,2026-08-03T11:48:54,250.0,4148.0
VIX,2027-04-21,231,Call,14.0,VIX270421C00014000,6.9,7.65,7.275,7.3,0.0,0.0,0.0,56.0,0.4107,0.9134,0.0183,0.0199,-0.0004,-0.0458,7.2437,0.0,0.0,0.0,7.29999995231628,down,2026-09-01T15:39:15,2165.0,1459.0
VIX,2027-04-21,231,Put,14.0,VIX270421P00014000,0.12,0.22,0.16999999999999998,0.0,0.0,0.0,0.0,0.0,0.3647,-0.0582,0.0183,0.0199,-0.0015,-0.0011,0.1748,0.0,0.0,0.0,0.169999998062849,no_change,,250.0,5.0
VIX,2027-04-21,231,Call,14.5,VIX270421C00014500,6.5,7.25,6.875,6.8,-0.1,-1.44928,21.0,187.0,0.4166,0.8971,0.0219,0.024,-0.0008,-0.0431,6.8211,6.7,6.8,6.7,6.90000009536743,no_change,2026-09-02T15:52:07,2137.0,1453.0
VIX,2027-04-21,231,Put,14.5,VIX270421P00014500,0.21,0.27,0.24,0.2,0.0,0.0,0.0,5.0,0.3702,-0.0746,0.0219,0.024,-0.0019,-0.0015,0.238,0.0,0.0,0.0,0.195000000298023,no_change,2026-08-25T09:37:26,1030.0,2.0
VIX,2027-04-21,231,Call,15.0,VIX270421C00015000,6.3,6.6,6.449999999999999,6.6,0.175,2.72374,1.0,212.0,0.477,0.8784,0.0257,0.0283,-0.0012,-0.0406,6.4135,6.6,6.6,6.6,6.42499995231628,up,2026-09-02T12:57:13,5.0,15.0
VIX,2027-04-21,231,Put,15.0,VIX270421P00015000,0.32,0.4,0.36,0.38,0.0,0.0,0.0,35.0,0.3929,-0.0932,0.0257,0.0283,-0.0022,-0.002,0.3163,0.0,0.0,0.0,0.314999997615814,up,2026-09-01T10:09:02,1136.0,3.0
VIX,2027-04-21,231,Call,16.0,VIX270421C00016000,5.5,6.2,5.85,6.1,0.0,0.0,0.0,342.0,0.4453,0.8248,0.0326,0.0388,-0.0025,-0.0363,5.7416,0.0,0.0,0.0,5.84999990463257,up,2026-09-01T14:43:52,11.0,1426.0
VIX,2027-04-21,231,Put,16.0,VIX270421P00016000,0.41,0.78,0.595,0.56,0.0,0.0,0.0,22.0,0.4318,-0.1469,0.0326,0.0388,-0.0033,-0.0039,0.6161,0.0,0.0,0.0,0.65499997138977,down,2026-08-31T15:45:19,6735.0,2.0
VIX,2027-04-21,231,Call,17.0,VIX270421C00017000,5.0,5.7,5.35,5.4,0.0,0.0,0.0,44.0,0.4685,0.7639,0.0361,0.048,-0.004,-0.0333,5.2696,0.0,0.0,0.0,5.35000014305115,down,2026-09-01T11:49:56,205.0,8083.0
VIX,2027-04-21,231,Put,17.0,VIX270421P00017000,0.7,1.58,1.1400000000000001,1.0,0.0,0.0,0.0,1.0,0.461,-0.2078,0.0361,0.048,-0.0046,-0.007,1.1158,0.0,0.0,0.0,1.17499995231628,up,2026-08-17T12:45:39,17312.0,14993.0
VIX,2027-04-21,231,Call,18.0,VIX270421C00018000,4.35,4.95,4.65,4.99,0.0,0.0,0.0,144.0,0.4943,0.7117,0.0378,0.0542,-0.0051,-0.0306,4.8472,0.0,0.0,0.0,4.89999985694885,down,2026-09-01T10:57:11,8656.0,1124.0
VIX,2027-04-21,231,Put,18.0,VIX270421P00018000,1.22,1.94,1.58,1.28,0.0,0.0,0.0,127.0,0.491,-0.26,0.0378,0.0542,-0.0056,-0.0105,1.665,0.0,0.0,0.0,1.57500004768372,down,2026-08-17T15:18:40,15803.0,2994.0
VIX,2027-04-21,231,Call,19.0,VIX270421C00019000,4.0,4.55,4.275,4.55,0.0,0.0,0.0,29.0,0.5238,0.6653,0.0386,0.0585,-0.006,-0.0282,4.4688,0.0,0.0,0.0,4.54999995231628,down,2026-09-01T11:21:25,8408.0,1129.0
VIX,2027-04-21,231,Put,19.0,VIX270421P00019000,1.75,2.53,2.1399999999999997,1.95,0.0,0.0,0.0,223.0,0.5188,-0.3063,0.0386,0.0585,-0.0063,-0.0143,2.2582,0.0,0.0,0.0,2.14999997615814,up,2026-08-17T11:28:11,18092.0,8273.0
VIX,2027-04-21,231,Call,20.0,VIX270421C00020000,4.0,4.4,4.2,4.05,-0.2,-4.70588,7.0,816.0,0.546,0.6234,0.0388,0.0614,-0.0067,-0.0261,4.1292,4.1,4.1,4.05,4.25,down,2026-09-02T15:41:04,1.0,1976.0
VIX,2027-04-21,231,Put,20.0,VIX270421P00020000,2.76,3.2,2.98,2.82,0.0,0.0,0.0,197.0,0.5433,-0.3483,0.0388,0.0614,-0.0069,-0.0183,2.8903,0.0,0.0,0.0,2.83500003814697,up,2026-09-01T15:13:06,1264.0,7019.0
VIX,2027-04-21,231,Call,21.0,VIX270421C00021000,3.3,3.95,3.625,3.79,-0.085,-2.19355,3.0,25.0,0.5672,0.5852,0.0386,0.0634,-0.0073,-0.0242,3.8243,3.79,3.79,3.79,3.87500011920929,no_change,2026-09-02T11:19:03,9918.0,1132.0
VIX,2027-04-21,231,Put,21.0,VIX270421P00021000,3.1,3.65,3.375,3.45,0.0,0.0,0.0,2.0,0.566,-0.3865,0.0386,0.0634,-0.0073,-0.0225,3.5571,0.0,0.0,0.0,3.5,up,2026-08-28T15:29:30,15736.0,1215.0
VIX,2027-04-21,231,Call,22.0,VIX270421C00022000,3.05,3.65,3.3499999999999996,3.6,-0.075,-2.04082,1.0,716.0,0.5889,0.5502,0.0382,0.0647,-0.0077,-0.0224,3.5502,3.6,3.6,3.6,3.67499995231628,down,2026-09-02T12:05:42,10010.0,1121.0
VIX,2027-04-21,231,Put,22.0,VIX270421P00022000,4.2,4.35,4.275,3.8,0.0,0.0,0.0,671.0,0.5843,-0.4215,0.0382,0.0647,-0.0076,-0.0269,4.2547,0.0,0.0,0.0,4.20000004768372,down,2026-08-24T11:34:36,2.0,1201.0
VIX,2027-04-21,231,Call,23.0,VIX270421C00023000,2.83,3.6,3.215,3.58,0.0,0.0,0.0,30.0,0.6044,0.5181,0.0376,0.0654,-0.0081,-0.0209,3.3034,0.0,0.0,0.0,3.27499997615814,no_change,2026-08-28T09:47:03,10629.0,2111.0
VIX,2027-04-21,231,Put,23.0,VIX270421P00023000,4.55,5.3,4.925,4.9,0.0,0.0,0.0,9.0,0.6043,-0.4536,0.0376,0.0654,-0.0078,-0.0315,4.9795,0.0,0.0,0.0,4.95000004768372,up,2026-08-31T16:06:37,14413.0,4868.0
VIX,2027-04-21,231,Call,24.0,VIX270421C00024000,2.61,3.55,3.08,3.25,0.0,0.0,0.0,29.0,0.6248,0.4887,0.0368,0.0656,-0.0083,-0.0195,3.0811,0.0,0.0,0.0,3.17499995231628,down,2026-08-31T13:00:23,11986.0,12217.0
VIX,2027-04-21,231,Put,24.0,VIX270421P00024000,5.7,6.1,5.9,5.6,0.0,0.0,0.0,155.0,0.619,-0.483,0.0368,0.0656,-0.0079,-0.0362,5.7289,0.0,0.0,0.0,5.625,up,2026-08-28T15:56:14,1.0,4438.0
VIX,2027-04-21,231,Call,25.0,VIX270421C00025000,2.86,3.35,3.105,2.9,-0.135,-4.4481,170.0,354.0,0.6445,0.4616,0.0359,0.0655,-0.0085,-0.0182,2.8804,2.9,2.9,2.9,3.0349999666214,down,2026-09-02T09:53:27,2.0,12633.0
VIX,2027-04-21,231,Put,25.0,VIX270421P00025000,6.05,6.95,6.5,6.05,0.0,0.0,0.0,27.0,0.6331,-0.5101,0.0359,0.0655,-0.008,-0.0411,6.4998,0.0,0.0,0.0,6.375,no_change,2026-08-25T09:46:58,9911.0,8733.0
VIX,2027-04-21,231,Call,26.0,VIX270421C00026000,2.24,3.15,2.6950000000000003,2.88,0.0,0.0,0.0,23.0,0.6496,0.4366,0.035,0.065,-0.0087,-0.0171,2.699,0.0,0.0,0.0,2.76500010490417,down,2026-08-31T13:00:23,12736.0,11822.0
VIX,2027-04-21,231,Put,26.0,VIX270421P00026000,6.85,7.75,7.3,0.0,0.0,0.0,0.0,0.0,0.6433,-0.535,0.035,0.065,-0.008,-0.0461,7.2901,0.0,0.0,0.0,7.17499995231628,no_change,,10194.0,8590.0
VIX,2027-04-21,231,Call,27.0,VIX270421C00027000,2.07,2.96,2.5149999999999997,3.1,0.0,0.0,0.0,1.0,0.6606,0.4137,0.034,0.0644,-0.0088,-0.016,2.5349,0.0,0.0,0.0,2.58500003814697,up,2026-08-07T15:57:08,9759.0,8575.0
VIX,2027-04-21,231,Put,27.0,VIX270421P00027000,7.65,8.6,8.125,0.0,0.0,0.0,0.0,0.0,0.6578,-0.558,0.034,0.0644,-0.0079,-0.0512,8.0978,0.0,0.0,0.0,8.05000019073486,no_change,,7139.0,6270.0
VIX,2027-04-21,231,Call,28.0,VIX270421C00028000,1.93,2.82,2.375,2.42,0.0,0.0,0.0,26.0,0.6708,0.3925,0.0331,0.0637,-0.0088,-0.0151,2.386,0.0,0.0,0.0,2.44999992847443,down,2026-09-01T13:18:58,13211.0,11906.0
VIX,2027-04-21,231,Put,28.0,VIX270421P00028000,8.5,9.25,8.875,8.34,0.0,0.0,0.0,2.0,0.6654,-0.5792,0.0331,0.0637,-0.0078,-0.0564,8.9205,0.0,0.0,0.0,8.94999980926514,up,2026-08-12T13:38:09,6776.0,1090.0
VIX,2027-04-21,231,Call,29.0,VIX270421C00029000,1.79,2.68,2.2350000000000003,2.89,0.0,0.0,0.0,10.0,0.6815,0.373,0.0321,0.0627,-0.0089,-0.0142,2.2509,0.0,0.0,0.0,2.31000006198883,up,2026-08-17T14:00:47,14846.0,12915.0
VIX,2027-04-21,231,Put,29.0,VIX270421P00029000,9.3,10.2,9.75,0.0,0.0,0.0,0.0,0.0,0.6782,-0.5987,0.0321,0.0627,-0.0077,-0.0617,9.757,0.0,0.0,0.0,9.69999980926514,no_change,,9264.0,7964.0
VIX,2027-04-21,231,Call,30.0,VIX270421C00030000,1.67,2.56,2.115,2.1,-0.025,-1.17647,85.0,2740.0,0.6906,0.3549,0.0311,0.0618,-0.0089,-0.0134,2.1279,2.15,2.15,2.1,2.125,no_change,2026-09-02T16:05:25,14877.0,13053.0
VIX,2027-04-21,231,Put,30.0,VIX270421P00030000,10.15,10.85,10.5,9.7,0.0,0.0,0.0,1.0,0.6885,-0.6167,0.0311,0.0618,-0.0075,-0.067,10.6057,0.0,0.0,0.0,10.625,down,2026-08-10T10:05:01,9198.0,1391.0
VIX,2027-04-21,231,Call,31.0,VIX270421C00031000,1.69,2.45,2.0700000000000003,2.02,-0.04,-1.94175,1.0,3.0,0.7008,0.3383,0.0302,0.0608,-0.0089,-0.0127,2.0157,2.02,2.02,2.02,2.06000006198883,down,2026-09-02T10:05:42,4371.0,13181.0
VIX,2027-04-21,231,Put,31.0,VIX270421P00031000,10.8,12.05,11.425,0.0,0.0,0.0,0.0,0.0,0.6967,-0.6334,0.0302,0.0608,-0.0074,-0.0725,11.4652,0.0,0.0,0.0,11.4749999046326,no_change,,6128.0,3823.0
VIX,2027-04-21,231,Call,32.0,VIX270421C00032000,1.59,2.36,1.975,2.18,0.0,0.0,0.0,9.0,0.7098,0.3228,0.0292,0.0597,-0.0088,-0.0121,1.9131,0.0,0.0,0.0,2.00500005483627,no_change,2026-08-27T09:32:34,5244.0,13456.0
VIX,2027-04-21,231,Put,32.0,VIX270421P00032000,11.7,13.15,12.425,0.0,0.0,0.0,0.0,0.0,0.7028,-0.6488,0.0292,0.0597,-0.0072,-0.078,12.3342,0.0,0.0,0.0,12.3249998092651,no_change,,5750.0,8833.0
VIX,2027-04-21,231,Call,33.0,VIX270421C00033000,1.5,2.26,1.88,1.82,0.0,0.0,0.0,14.0,0.7187,0.3086,0.0283,0.0585,-0.0088,-0.0115,1.8192,0.0,0.0,0.0,1.90499997138977,down,2026-09-01T10:15:16,4611.0,13426.0
VIX,2027-04-21,231,Put,33.0,VIX270421P00033000,12.65,13.8,13.225000000000001,0.0,0.0,0.0,0.0,0.0,0.7113,-0.6631,0.0283,0.0585,-0.007,-0.0835,13.212,0.0,0.0,0.0,13.2249999046326,no_change,,2817.0,1397.0
VIX,2027-04-21,231,Call,34.0,VIX270421C00034000,1.41,2.16,1.7850000000000001,0.0,0.0,0.0,0.0,0.0,0.7276,0.2953,0.0274,0.0574,-0.0087,-0.011,1.7331,0.0,0.0,0.0,1.81000000238419,no_change,,3018.0,9407.0
VIX,2027-04-21,231,Put,34.0,VIX270421P00034000,13.45,14.9,14.175,0.0,0.0,0.0,0.0,0.0,0.7225,-0.6764,0.0274,0.0574,-0.0068,-0.0891,14.0975,0.0,0.0,0.0,14.0999999046326,no_change,,3085.0,7682.0
VIX,2027-04-21,231,Call,35.0,VIX270421C00035000,1.34,2.09,1.7149999999999999,1.78,0.0,0.0,0.0,333.0,0.736,0.283,0.0266,0.0563,-0.0087,-0.0105,1.6537,0.0,0.0,0.0,1.66999995708466,down,2026-08-27T13:51:55,3011.0,9516.0
VIX,2027-04-21,231,Put,35.0,VIX270421P00035000,14.35,15.8,15.075,0.0,0.0,0.0,0.0,0.0,0.7323,-0.6887,0.0266,0.0563,-0.0065,-0.0948,14.9898,0.0,0.0,0.0,14.9749999046326,no_change,,3046.0,7594.0
VIX,2027-04-21,231,Call,36.0,VIX270421C00036000,1.26,2.02,1.6400000000000001,0.0,0.0,0.0,0.0,0.0,0.7448,0.2715,0.0258,0.0552,-0.0086,-0.01,1.5804,0.0,0.0,0.0,1.60000002384186,no_change,,3109.0,9552.0
VIX,2027-04-21,231,Put,36.0,VIX270421P00036000,15.25,16.7,15.975,0.0,0.0,0.0,0.0,0.0,0.7407,-0.7002,0.0258,0.0552,-0.0063,-0.1004,15.8883,0.0,0.0,0.0,15.8499994277954,no_change,,3029.0,7516.0
VIX,2027-04-21,231,Call,37.0,VIX270421C00037000,1.2,1.95,1.575,0.0,0.0,0.0,0.0,0.0,0.7524,0.2608,0.025,0.0541,-0.0085,-0.0096,1.5128,0.0,0.0,0.0,1.56999999284744,no_change,,3179.0,9645.0
VIX,2027-04-21,231,Put,37.0,VIX270421P00037000,16.15,17.4,16.775,0.0,0.0,0.0,0.0,0.0,0.7478,-0.7109,0.025,0.0541,-0.0061,-0.1062,16.7923,0.0,0.0,0.0,16.75,no_change,,3031.0,1517.0
VIX,2027-04-21,231,Call,38.0,VIX270421C00038000,1.14,1.75,1.4449999999999998,0.0,0.0,0.0,0.0,0.0,0.7607,0.2508,0.0243,0.053,-0.0084,-0.0092,1.4502,0.0,0.0,0.0,1.55500000715256,no_change,,3218.0,1469.0
VIX,2027-04-21,231,Put,38.0,VIX270421P00038000,17.05,18.3,17.675,0.0,0.0,0.0,0.0,0.0,0.7538,-0.7209,0.0243,0.053,-0.0058,-0.1119,17.7014,0.0,0.0,0.0,17.6500005722046,no_change,,3000.0,1374.0
VIX,2027-04-21,231,Call,39.0,VIX270421C00039000,1.08,1.83,1.455,1.56,0.0,0.0,0.0,13.0,0.7688,0.2415,0.0236,0.052,-0.0084,-0.0088,1.392,0.0,0.0,0.0,1.48500001430511,down,2026-08-26T10:29:46,3285.0,9660.0
VIX,2027-04-21,231,Put,39.0,VIX270421P00039000,17.95,19.5,18.725,17.63,0.0,0.0,0.0,50.0,0.7586,-0.7302,0.0236,0.052,-0.0056,-0.1177,18.6149,0.0,0.0,0.0,18.5749998092651,down,2026-08-17T09:33:13,3033.0,1821.0
VIX,2027-04-21,231,Call,40.0,VIX270421C00040000,1.03,1.77,1.4,1.4,0.0,0.0,0.0,69.0,0.776,0.2327,0.0229,0.051,-0.0083,-0.0085,1.3378,0.0,0.0,0.0,1.3850000500679,down,2026-09-01T13:12:33,5253.0,13430.0
VIX,2027-04-21,231,Put,40.0,VIX270421P00040000,18.85,20.4,19.625,18.81,0.0,0.0,0.0,50.0,0.7721,-0.739,0.0229,0.051,-0.0053,-0.1235,19.5323,0.0,0.0,0.0,19.5749998092651,up,2026-08-18T16:00:09,3086.0,1978.0
VIX,2027-04-21,231,Call,42.5,VIX270421C00042500,0.92,1.65,1.285,0.0,0.0,0.0,0.0,0.0,0.7935,0.2131,0.0213,0.0485,-0.0081,-0.0077,1.2176,0.0,0.0,0.0,1.26500004529953,no_change,,3354.0,9382.0
VIX,2027-04-21,231,Put,42.5,VIX270421P00042500,21.15,22.2,21.674999999999997,0.0,0.0,0.0,0.0,0.0,0.7876,-0.7586,0.0213,0.0485,-0.0047,-0.1381,21.8412,0.0,0.0,0.0,21.8500003814697,no_change,,3657.0,1183.0
VIX,2027-04-21,231,Call,45.0,VIX270421C00045000,0.7,1.51,1.105,1.18,0.0,0.0,0.0,2060.0,0.8103,0.1962,0.0198,0.0462,-0.0078,-0.007,1.1153,0.0,0.0,0.0,1.10500001907349,no_change,2026-09-01T10:06:49,14832.0,7106.0
VIX,2027-04-21,231,Put,45.0,VIX270421P00045000,23.45,25.05,24.25,0.0,0.0,0.0,0.0,0.0,0.7976,-0.7754,0.0198,0.0462,-0.0041,-0.1528,24.1682,0.0,0.0,0.0,24.0999994277954,no_change,,3783.0,2871.0
VIX,2027-04-21,231,Call,47.5,VIX270421C00047500,0.6,1.4,1.0,0.0,0.0,0.0,0.0,0.0,0.8252,0.1815,0.0186,0.0441,-0.0076,-0.0065,1.0272,0.0,0.0,0.0,1.06499999761581,no_change,,15393.0,7289.0
VIX,2027-04-21,231,Put,47.5,VIX270421P00047500,25.8,27.4,26.6,0.0,0.0,0.0,0.0,0.0,0.8144,-0.7901,0.0186,0.0441,-0.0035,-0.1676,26.5092,0.0,0.0,0.0,26.3999996185303,no_change,,6146.0,6222.0
VIX,2027-04-21,231,Call,50.0,VIX270421C00050000,0.54,1.29,0.915,0.97,-0.085,-8.05687,10.0,431.0,0.841,0.1686,0.0174,0.042,-0.0074,-0.006,0.9504,0.97,0.97,0.97,1.05499997735024,down,2026-09-02T13:52:08,8317.0,6794.0
VIX,2027-04-21,231,Put,50.0,VIX270421P00050000,28.15,29.7,28.924999999999997,0.0,0.0,0.0,0.0,0.0,0.8275,-0.803,0.0174,0.042,-0.0029,-0.1825,28.8616,0.0,0.0,0.0,28.75,no_change,,3713.0,2702.0
VIX,2027-04-21,231,Call,55.0,VIX270421C00055000,0.45,1.12,0.785,0.87,0.02,2.35294,155.0,327.0,0.8651,0.1471,0.0155,0.0384,-0.007,-0.0052,0.8234,0.87,0.87,0.87,0.849999994039536,down,2026-09-02T12:18:59,7161.0,5755.0
VIX,2027-04-21,231,Put,55.0,VIX270421P00055000,32.9,34.45,33.675,0.0,0.0,0.0,0.0,0.0,0.8573,-0.8245,0.0155,0.0384,-0.0017,-0.2124,33.5929,0.0,0.0,0.0,33.4750003814697,no_change,,3588.0,2754.0
VIX,2027-04-21,231,Call,60.0,VIX270421C00060000,0.37,0.98,0.675,0.89,0.0,0.0,0.0,8.0,0.8869,0.1299,0.0138,0.0353,-0.0066,-0.0046,0.7222,0.0,0.0,0.0,0.745000004768372,up,2026-08-14T12:59:44,7910.0,5983.0
VIX,2027-04-21,231,Put,60.0,VIX270421P00060000,37.9,38.8,38.349999999999994,0.0,0.0,0.0,0.0,0.0,0.8987,-0.8418,0.0138,0.0353,-0.0005,-0.2425,38.3501,0.0,0.0,0.0,38.2250003814697,no_change,,2551.0,1225.0
VIX,2027-04-21,231,Call,65.0,VIX270421C00065000,0.31,0.87,0.59,0.72,0.0,0.0,0.0,102.0,0.9048,0.1157,0.0125,0.0326,-0.0062,-0.004,0.6398,0.0,0.0,0.0,0.644999995827675,down,2026-08-21T11:03:36,4405.0,1179.0
VIX,2027-04-21,231,Put,65.0,VIX270421P00065000,42.7,43.55,43.125,0.0,0.0,0.0,0.0,0.0,0.9197,-0.856,0.0125,0.0326,0.0,-0.2727,43.126,0.0,0.0,0.0,43.0,no_change,,2457.0,1184.0
VIX,2027-04-21,231,Call,70.0,VIX270421C00070000,0.26,0.77,0.515,0.88,0.0,0.0,0.0,2.0,0.9206,0.1039,0.0113,0.0301,-0.0058,-0.0036,0.5712,0.0,0.0,0.0,0.575000002980232,up,2026-08-19T10:27:38,4314.0,1187.0
VIX,2027-04-21,231,Put,70.0,VIX270421P00070000,47.45,48.35,47.900000000000006,0.0,0.0,0.0,0.0,0.0,0.934,-0.8678,0.0113,0.0301,0.0,-0.3029,47.9158,0.0,0.0,0.0,47.8000011444092,no_change,,2582.0,1202.0
VIX,2027-04-21,231,Call,75.0,VIX270421C00075000,0.22,0.69,0.45499999999999996,0.66,0.0,0.0,0.0,23.0,0.9339,0.0939,0.0103,0.0279,-0.0055,-0.0032,0.5134,0.0,0.0,0.0,0.50500001013279,up,2026-08-24T10:18:03,4220.0,1195.0
VIX,2027-04-21,231,Put,75.0,VIX270421P00075000,52.25,53.15,52.7,0.0,0.0,0.0,0.0,0.0,0.9508,-0.8778,0.0103,0.0279,0.0,-0.3333,52.7163,0.0,0.0,0.0,52.6000003814697,no_change,,2576.0,1201.0
VIX,2027-04-21,231,Call,80.0,VIX270421C00080000,0.18,0.62,0.4,0.55,0.0,0.0,0.0,5631.0,0.9458,0.0853,0.0095,0.026,-0.0052,-0.0029,0.4641,0.0,0.0,0.0,0.445000007748604,up,2026-08-25T14:24:14,4184.0,1202.0
VIX,2027-04-21,231,Put,80.0,VIX270421P00080000,57.1,57.95,57.525000000000006,0.0,0.0,0.0,0.0,0.0,0.9628,-0.8864,0.0095,0.026,0.0,-0.3637,57.5253,0.0,0.0,0.0,57.3999996185303,no_change,,2431.0,1185.0
VIX,2027-04-21,231,Call,85.0,VIX270421C00085000,0.15,0.57,0.36,0.51,0.0,0.0,0.0,2.0,0.9596,0.0778,0.0087,0.0243,-0.0049,-0.0027,0.4214,0.0,0.0,0.0,0.399999998509884,no_change,2026-08-25T14:24:43,4111.0,1207.0
VIX,2027-04-21,231,Put,85.0,VIX270421P00085000,61.9,62.75,62.325,0.0,0.0,0.0,0.0,0.0,0.9904,-0.8938,0.0087,0.0243,0.0,-0.3942,62.3411,0.0,0.0,0.0,62.1999988555908,no_change,,2481.0,1159.0
VIX,2027-04-21,231,Call,90.0,VIX270421C00090000,0.11,0.53,0.32,0.0,0.0,0.0,0.0,0.0,0.9699,0.0714,0.0081,0.0227,-0.0046,-0.0024,0.3845,0.0,0.0,0.0,0.359999984502792,no_change,,4163.0,1211.0
VIX,2027-04-21,231,Put,90.0,VIX270421P00090000,66.7,67.55,67.125,0.0,0.0,0.0,0.0,0.0,0.9951,-0.9003,0.0081,0.0227,0.0,-0.4246,67.1624,0.0,0.0,0.0,67.0,no_change,,2548.0,1126.0
VIX,2027-04-21,231,Call,95.0,VIX270421C00095000,0.08,0.5,0.29,0.0,0.0,0.0,0.0,0.0,0.9816,0.0657,0.0075,0.0213,-0.0044,-0.0022,0.3521,0.0,0.0,0.0,0.329999998211861,no_change,,4162.0,1271.0
VIX,2027-04-21,231,Put,95.0,VIX270421P00095000,71.55,72.4,71.975,0.0,0.0,0.0,0.0,0.0,1.0068,-0.906,0.0075,0.0213,0.0,-0.4551,71.9884,0.0,0.0,0.0,71.8499984741211,no_change,,2466.0,1156.0
VIX,2027-04-21,231,Call,100.0,VIX270421C00100000,0.29,0.47,0.38,0.37,0.0,0.0,0.0,1.0,0.9905,0.0606,0.007,0.02,-0.0042,-0.002,0.3234,0.0,0.0,0.0,0.379999995231628,down,2026-08-19T13:41:34,50.0,1274.0
VIX,2027-04-21,231,Put,100.0,VIX270421P00100000,76.4,77.2,76.80000000000001,0.0,0.0,0.0,0.0,0.0,1.0158,-0.911,0.007,0.02,0.0,-0.4857,76.8181,0.0,0.0,0.0,76.6750030517578,no_change,,2393.0,1114.0
VIX,2027-04-21,231,Call,110.0,VIX270421C00110000,0.01,0.42,0.215,0.0,0.0,0.0,0.0,0.0,1.0122,0.0521,0.006,0.0177,-0.0038,-0.0017,0.2755,0.0,0.0,0.0,0.299999997019768,no_change,,4137.0,1276.0
VIX,2027-04-21,231,Put,110.0,VIX270421P00110000,86.05,86.9,86.475,0.0,0.0,0.0,0.0,0.0,1.0394,-0.9196,0.006,0.0177,0.0,-0.5468,86.4868,0.0,0.0,0.0,86.3249969482422,no_change,,2452.0,1150.0
VIX,2027-04-21,231,Call,120.0,VIX270421C00120000,0.01,0.38,0.195,0.29,0.0,0.0,0.0,2.0,1.0263,0.0452,0.0053,0.0158,-0.0034,-0.0015,0.2371,0.0,0.0,0.0,0.259999997913837,up,2026-08-25T13:22:39,4246.0,1276.0
VIX,2027-04-21,231,Put,120.0,VIX270421P00120000,95.75,96.55,96.15,0.0,0.0,0.0,0.0,0.0,1.0557,-0.9264,0.0053,0.0158,0.0,-0.608,96.1651,0.0,0.0,0.0,96.0,no_change,,2377.0,1109.0
VIX,2027-04-21,231,Call,130.0,VIX270421C00130000,0.11,0.35,0.22999999999999998,0.0,0.0,0.0,0.0,0.0,1.0476,0.0396,0.0047,0.0142,-0.0031,-0.0013,0.2058,0.0,0.0,0.0,0.229999996721745,no_change,,250.0,1275.0
VIX,2027-04-21,231,Put,130.0,VIX270421P00130000,105.4,106.25,105.825,0.0,0.0,0.0,0.0,0.0,1.0651,-0.9321,0.0047,0.0142,0.0,-0.6692,105.8505,0.0,0.0,0.0,105.675003051758,no_change,,2495.0,1119.0
VIX,2027-04-21,231,Call,140.0,VIX270421C00140000,0.09,0.33,0.21000000000000002,0.0,0.0,0.0,0.0,0.0,1.0564,0.0349,0.0042,0.0128,-0.0028,-0.0011,0.18,0.0,0.0,0.0,0.21000000834465,no_change,,250.0,1273.0
VIX,2027-04-21,231,Put,140.0,VIX270421P00140000,115.1,115.95,115.525,0.0,0.0,0.0,0.0,0.0,1.0858,-0.9367,0.0042,0.0128,0.0,-0.7305,115.5414,0.0,0.0,0.0,115.375,no_change,,2472.0,1121.0
VIX,2027-04-21,231,Call,150.0,VIX270421C00150000,0.07,0.31,0.19,0.25,0.0,0.0,0.0,1.0,1.0684,0.031,0.0038,0.0116,-0.0026,-0.001,0.1585,0.0,0.0,0.0,0.190000001341104,up,2026-08-18T09:42:55,250.0,1271.0
VIX,2027-04-21,231,Put,150.0,VIX270421P00150000,124.8,125.65,125.225,0.0,0.0,0.0,0.0,0.0,1.083,-0.9407,0.0038,0.0116,0.0,-0.7918,125.2366,0.0,0.0,0.0,125.074996948242,no_change,,2464.0,1119.0
VIX,2027-04-21,231,Call,160.0,VIX270421C00160000,0.06,0.29,0.175,0.0,0.0,0.0,0.0,0.0,1.086,0.0277,0.0034,0.0106,-0.0024,-0.0009,0.1403,0.0,0.0,0.0,0.169999996200204,no_change,,250.0,1269.0
VIX,2027-04-21,231,Put,160.0,VIX270421P00160000,134.5,135.3,134.9,0.0,0.0,0.0,0.0,0.0,1.0954,-0.944,0.0034,0.0106,0.0,-0.8531,134.9351,0.0,0.0,0.0,134.774993896484,no_change,,2473.0,1058.0
VIX,2027-04-21,231,Call,170.0,VIX270421C00170000,0.04,0.18,0.11,0.12,0.0,0.0,0.0,10.0,1.1009,0.0248,0.0031,0.0096,-0.0022,-0.0008,0.1249,0.0,0.0,0.0,0.110000003129244,down,2026-08-18T13:00:26,250.0,10.0
VIX,2027-04-21,231,Put,170.0,VIX270421P00170000,144.2,145.0,144.6,0.0,0.0,0.0,0.0,0.0,1.1045,-0.9469,0.0031,0.0096,0.0,-0.9144,144.6364,0.0,0.0,0.0,144.450004577637,no_change,,2494.0,1050.0
VIX,2027-04-21,231,Call,180.0,VIX270421C00180000,0.03,0.27,0.15000000000000002,0.0,0.0,0.0,0.0,0.0,1.1025,0.0223,0.0028,0.0088,-0.002,-0.0007,0.1117,0.0,0.0,0.0,0.160000000149012,no_change,,250.0,1266.0
VIX,2027-04-21,231,Put,180.0,VIX270421P00180000,153.9,154.75,154.325,0.0,0.0,0.0,0.0,0.0,1.1101,-0.9493,0.0028,0.0088,0.0,-0.9758,154.3399,0.0,0.0,0.0,154.150001525879,no_change,,2530.0,1086.0
VIX,2027-04-21,231,Call,190.0,VIX270421C00190000,0.02,0.27,0.14500000000000002,0.2,0.0,0.0,0.0,1.0,1.112,0.0202,0.0026,0.0081,-0.0018,-0.0006,0.1003,0.0,0.0,0.0,0.155000004917383,up,2026-08-18T09:42:30,250.0,540.0
VIX,2027-04-21,231,Put,190.0,VIX270421P00190000,163.6,164.45,164.02499999999998,0.0,0.0,0.0,0.0,0.0,1.1122,-0.9515,0.0026,0.0081,0.0,-1.0372,164.0452,0.0,0.0,0.0,163.849998474121,no_change,,562.0,562.0
VIX,2027-04-21,231,Call,200.0,VIX270421C00200000,0.1,0.16,0.13,0.12,0.015,14.2857,2.0,333.0,1.1193,0.0183,0.0023,0.0074,-0.0017,-0.0006,0.0904,0.05,0.12,0.05,0.10499999858439,up,2026-09-02T15:36:16,20.0,40.0
VIX,2027-04-21,231,Put,200.0,VIX270421P00200000,173.3,174.15,173.72500000000002,0.0,0.0,0.0,0.0,0.0,1.1103,-0.9533,0.0023,0.0074,0.0,-1.0985,173.752,0.0,0.0,0.0,173.574996948242,no_change,,562.0,562.0
VIX,2027-05-18,258,Call,10.0,VIX270518C00010000,11.1,11.9,11.5,11.5,0.0,0.0,0.0,13.0,0.6256,0.94,0.0066,0.0118,0.0,-0.079,11.1864,0.0,0.0,0.0,11.625,up,2026-09-01T10:30:31,1.0,2650.0
VIX,2027-05-18,258,Put,10.0,VIX270518P00010000,0.0,0.76,0.38,0.0,0.0,0.0,0.0,0.0,0.7021,-0.0283,0.0066,0.0118,-0.0012,-0.0009,0.1239,0.0,0.0,0.0,0.165000006556511,no_change,,0.0,750.0
VIX,2027-05-18,258,Call,10.5,VIX270518C00010500,10.15,11.05,10.600000000000001,0.0,0.0,0.0,0.0,0.0,0.5963,0.9357,0.0076,0.0132,0.0,-0.0757,10.7189,0.0,0.0,0.0,12.6999998092651,no_change,,2650.0,2250.0
VIX,2027-05-18,258,Put,10.5,VIX270518P00010500,0.0,0.78,0.39,0.0,0.0,0.0,0.0,0.0,0.6712,-0.0326,0.0076,0.0132,-0.0013,-0.001,0.1406,0.0,0.0,0.0,0.170000001788139,no_change,,0.0,750.0
VIX,2027-05-18,258,Call,11.0,VIX270518C00011000,10.0,10.45,10.225,0.0,0.0,0.0,0.0,0.0,0.554,0.9306,0.0088,0.0149,0.0,-0.0724,10.255,0.0,0.0,0.0,10.25,no_change,,2.0,150.0
VIX,2027-05-18,258,Put,11.0,VIX270518P00011000,0.0,0.51,0.255,0.02,0.0,0.0,0.0,1.0,0.6413,-0.0376,0.0088,0.0149,-0.0014,-0.0011,0.1609,0.0,0.0,0.0,0.180000007152557,down,2026-08-28T12:02:22,0.0,2000.0
VIX,2027-05-18,258,Call,11.5,VIX270518C00011500,9.3,9.95,9.625,0.0,0.0,0.0,0.0,0.0,0.5276,0.9246,0.0102,0.0167,-0.0002,-0.0692,9.7957,0.0,0.0,0.0,9.7999997138977,no_change,,150.0,150.0
VIX,2027-05-18,258,Put,11.5,VIX270518P00011500,0.0,0.52,0.26,0.0,0.0,0.0,0.0,0.0,0.6123,-0.0436,0.0102,0.0167,-0.0016,-0.0013,0.1857,0.0,0.0,0.0,0.189999997615814,no_change,,0.0,2000.0
VIX,2027-05-18,258,Call,12.0,VIX270518C00012000,8.75,9.5,9.125,9.72,0.0,0.0,0.0,1.0,0.489,0.9175,0.0118,0.0189,-0.0004,-0.066,9.3421,0.0,0.0,0.0,9.32499980926514,up,2026-08-31T13:58:13,2912.0,150.0
VIX,2027-05-18,258,Put,12.0,VIX270518P00012000,0.0,0.25,0.125,0.0,0.0,0.0,0.0,0.0,0.5862,-0.0508,0.0118,0.0189,-0.0017,-0.0015,0.2162,0.0,0.0,0.0,0.125,no_change,,0.0,10.0
VIX,2027-05-18,258,Call,12.5,VIX270518C00012500,8.25,9.05,8.65,0.0,0.0,0.0,0.0,0.0,0.4886,0.9091,0.0136,0.0213,-0.0006,-0.0628,8.8956,0.0,0.0,0.0,8.82499980926514,no_change,,2912.0,150.0
VIX,2027-05-18,258,Put,12.5,VIX270518P00012500,0.0,0.5,0.25,0.0,0.0,0.0,0.0,0.0,0.5625,-0.0592,0.0136,0.0213,-0.0019,-0.0018,0.2538,0.0,0.0,0.0,0.215000003576279,no_change,,0.0,4240.0
VIX,2027-05-18,258,Call,13.0,VIX270518C00013000,7.8,8.6,8.2,8.75,0.0,0.0,0.0,0.0,0.474,0.8992,0.0156,0.024,-0.0009,-0.0597,8.4575,0.0,0.0,0.0,8.375,down,2026-08-31T10:10:51,2912.0,150.0
VIX,2027-05-18,258,Put,13.0,VIX270518P00013000,0.02,0.33,0.17500000000000002,0.0,0.0,0.0,0.0,0.0,0.4019,-0.0691,0.0156,0.024,-0.0021,-0.0021,0.2999,0.0,0.0,0.0,0.174999997019768,no_change,,250.0,7.0
VIX,2027-05-18,258,Call,13.5,VIX270518C00013500,7.35,8.2,7.7749999999999995,8.0,0.0,0.0,0.0,20.0,0.4585,0.8877,0.0178,0.027,-0.0012,-0.0567,8.0294,0.0,0.0,0.0,7.94999980926514,down,2026-09-01T12:16:12,2912.0,150.0
VIX,2027-05-18,258,Put,13.5,VIX270518P00013500,0.03,0.56,0.29500000000000004,0.0,0.0,0.0,0.0,0.0,0.5222,-0.0806,0.0178,0.027,-0.0023,-0.0025,0.3559,0.0,0.0,0.0,0.264999985694885,no_change,,250.0,6351.0
VIX,2027-05-18,258,Call,14.0,VIX270518C00014000,6.95,7.85,7.4,7.85,0.325,4.31894,4.0,13.0,0.8882,0.8745,0.0202,0.0301,-0.0015,-0.0538,7.6127,7.1,7.85,7.1,7.52499985694885,no_change,2026-09-02T12:27:58,2912.0,2400.0
VIX,2027-05-18,258,Put,14.0,VIX270518P00014000,0.01,0.42,0.215,0.0,0.0,0.0,0.0,0.0,0.3735,-0.0937,0.0202,0.0301,-0.0026,-0.003,0.4234,0.0,0.0,0.0,0.224999993108213,no_change,,3794.0,5.0
VIX,2027-05-18,258,Call,14.5,VIX270518C00014500,6.95,7.35,7.15,7.0,-0.25,-3.44828,5.0,236.0,0.0,0.8597,0.0226,0.0335,-0.0019,-0.0509,7.2089,7.0,7.15,7.0,7.25,down,2026-09-02T14:11:51,1.0,1.0
VIX,2027-05-18,258,Put,14.5,VIX270518P00014500,0.1,0.69,0.39499999999999996,0.42,0.0,0.0,0.0,1.0,0.4952,-0.1086,0.0226,0.0335,-0.0028,-0.0036,0.5037,0.0,0.0,0.0,0.319999997504056,up,2026-08-28T10:09:31,2660.0,7100.0
VIX,2027-05-18,258,Call,15.0,VIX270518C00015000,6.5,6.95,6.725,6.77,0.095,1.42322,5.0,16.0,0.6593,0.8432,0.0251,0.0369,-0.0022,-0.0482,6.8191,6.85,6.85,6.77,6.67499995231628,down,2026-09-02T15:32:25,10.0,150.0
VIX,2027-05-18,258,Put,15.0,VIX270518P00015000,0.12,0.56,0.34,0.32,0.0,0.0,0.0,30.0,0.3512,-0.125,0.0251,0.0369,-0.0031,-0.0042,0.5981,0.0,0.0,0.0,0.324999992735684,down,2026-09-01T11:05:34,4823.0,4.0
VIX,2027-05-18,258,Call,16.0,VIX270518C00016000,5.5,6.35,5.925,5.9,0.0,0.0,0.0,54.0,0.7235,0.8059,0.0301,0.0439,-0.0029,-0.043,6.0854,0.0,0.0,0.0,5.95000004768372,down,2026-09-01T11:53:52,1.0,2400.0
VIX,2027-05-18,258,Put,16.0,VIX270518P00016000,0.26,0.89,0.575,0.6,0.0,0.0,0.0,1.0,0.3508,-0.1624,0.0301,0.0439,-0.0037,-0.0059,0.8326,0.0,0.0,0.0,0.570000015199184,down,2026-08-31T13:58:13,4802.0,3.0
VIX,2027-05-18,258,Call,17.0,VIX270518C00017000,5.25,5.7,5.475,5.3,0.0,0.0,0.0,39.0,0.4688,0.7638,0.0346,0.0506,-0.0036,-0.0382,5.4162,0.0,0.0,0.0,5.5,down,2026-09-01T11:57:03,1.0,750.0
VIX,2027-05-18,258,Put,17.0,VIX270518P00017000,0.61,1.25,0.9299999999999999,0.0,0.0,0.0,0.0,0.0,0.3687,-0.2045,0.0346,0.0506,-0.0042,-0.008,1.1316,0.0,0.0,0.0,0.905000001192093,no_change,,4832.0,2.0
VIX,2027-05-18,258,Call,18.0,VIX270518C00018000,4.3,5.2,4.75,4.85,0.0,0.0,0.0,2.0,0.0,0.7186,0.0385,0.0564,-0.0042,-0.034,4.8122,0.0,0.0,0.0,4.89999985694885,down,2026-09-01T11:57:54,3648.0,2737.0
VIX,2027-05-18,258,Put,18.0,VIX270518P00018000,1.06,1.76,1.4100000000000001,1.41,0.06,4.44445,1.0,21.0,0.3367,-0.2497,0.0385,0.0564,-0.0047,-0.0106,1.4959,1.41,1.41,1.41,1.34999999403954,down,2026-09-02T12:07:28,3378.0,1.0
VIX,2027-05-18,258,Call,19.0,VIX270518C00019000,4.0,4.85,4.425,4.75,0.0,0.0,0.0,1.0,0.5063,0.6719,0.0415,0.0613,-0.0048,-0.0302,4.2709,0.0,0.0,0.0,4.52499985694885,up,2026-09-01T11:08:30,3699.0,3186.0
VIX,2027-05-18,258,Put,19.0,VIX270518P00019000,1.65,2.29,1.97,2.37,0.0,0.0,0.0,1.0,0.4604,-0.2964,0.0415,0.0613,-0.0051,-0.0136,1.9229,0.0,0.0,0.0,1.9549999833107,up,2026-08-28T13:17:57,3210.0,1.0
VIX,2027-05-18,258,Call,20.0,VIX270518C00020000,3.8,4.4,4.1,4.45,0.075,1.71429,214.0,209.0,0.8881,0.625,0.0437,0.0649,-0.0052,-0.0268,3.7886,4.26,4.45,4.25,4.375,no_change,2026-09-02T14:24:48,1.0,223.0
VIX,2027-05-18,258,Put,20.0,VIX270518P00020000,2.58,2.89,2.7350000000000003,2.54,0.0,0.0,0.0,3.0,0.445,-0.3433,0.0437,0.0649,-0.0054,-0.017,2.4088,0.0,0.0,0.0,2.55499994754791,up,2026-08-28T10:12:37,1.0,1.0
VIX,2027-05-18,258,Call,21.0,VIX270518C00021000,3.5,4.25,3.875,3.9,0.0,0.0,0.0,4.0,0.5442,0.579,0.045,0.0675,-0.0056,-0.0237,3.3607,0.0,0.0,0.0,3.92499995231628,down,2026-09-01T13:00:06,200.0,3200.0
VIX,2027-05-18,258,Put,21.0,VIX270518P00021000,3.35,3.6,3.475,0.0,0.0,0.0,0.0,0.0,0.4686,-0.3893,0.045,0.0675,-0.0056,-0.0208,2.9492,0.0,0.0,0.0,3.34999990463257,no_change,,1.0,1.0
VIX,2027-05-18,258,Call,22.0,VIX270518C00022000,3.15,3.9,3.525,3.64,0.0,0.0,0.0,10.0,0.5638,0.5346,0.0456,0.069,-0.0058,-0.0211,2.9825,0.0,0.0,0.0,3.67499995231628,down,2026-09-01T10:27:04,3810.0,200.0
VIX,2027-05-18,258,Put,22.0,VIX270518P00022000,3.75,4.6,4.175,4.0,-0.15,-3.61446,2.0,1.0,0.5423,-0.4337,0.0456,0.069,-0.0057,-0.025,3.5393,4.0,4.0,4.0,4.15000009536743,no_change,2026-09-02T09:40:38,3280.0,885.0
VIX,2027-05-18,258,Call,23.0,VIX270518C00023000,2.95,3.7,3.325,0.0,0.0,0.0,0.0,0.0,0.5819,0.4923,0.0456,0.0696,-0.006,-0.0187,2.6494,0.0,0.0,0.0,3.44500005245209,no_change,,3192.0,200.0
VIX,2027-05-18,258,Put,23.0,VIX270518P00023000,4.7,5.3,5.0,0.0,0.0,0.0,0.0,0.0,0.5624,-0.4759,0.0456,0.0696,-0.0057,-0.0295,4.1744,0.0,0.0,0.0,4.90000009536743,no_change,,2.0,2290.0
VIX,2027-05-18,258,Call,24.0,VIX270518C00024000,2.83,3.55,3.19,4.05,0.0,0.0,0.0,5.0,0.8552,0.4527,0.045,0.0693,-0.006,-0.0167,2.3573,0.0,0.0,0.0,3.22000002861023,up,2026-08-27T16:03:46,200.0,862.0
VIX,2027-05-18,258,Put,24.0,VIX270518P00024000,5.25,6.05,5.65,0.0,0.0,0.0,0.0,0.0,0.4766,-0.5156,0.045,0.0693,-0.0057,-0.0342,4.8506,0.0,0.0,0.0,5.54999995231628,no_change,,5977.0,2276.0
VIX,2027-05-18,258,Call,25.0,VIX270518C00025000,2.55,3.3,2.925,3.33,0.0,0.0,0.0,27.0,1.0401,0.4158,0.044,0.0685,-0.0061,-0.0148,2.1019,0.0,0.0,0.0,3.01999998092651,up,2026-09-01T12:11:56,4032.0,200.0
VIX,2027-05-18,258,Put,25.0,VIX270518P00025000,6.1,6.85,6.475,6.25,-0.1,-1.57481,2.0,5.0,0.3013,-0.5525,0.044,0.0685,-0.0056,-0.0393,5.5634,6.25,6.25,6.25,6.35000014305115,up,2026-09-02T09:43:21,150.0,818.0
VIX,2027-05-18,258,Call,26.0,VIX270518C00026000,2.32,3.2,2.76,2.91,0.0,0.0,0.0,1.0,0.6275,0.3818,0.0427,0.0671,-0.006,-0.0133,1.8793,0.0,0.0,0.0,2.85500001907349,down,2026-08-31T13:58:13,885.0,4470.0
VIX,2027-05-18,258,Put,26.0,VIX270518P00026000,6.8,7.6,7.199999999999999,6.8,0.0,0.0,0.0,1.0,0.6059,-0.5865,0.0427,0.0671,-0.0054,-0.0446,6.3091,0.0,0.0,0.0,7.10000014305115,up,2026-08-28T11:34:46,3067.0,816.0
VIX,2027-05-18,258,Call,27.0,VIX270518C00027000,2.18,2.94,2.56,0.0,0.0,0.0,0.0,0.0,0.5202,0.3507,0.0411,0.0654,-0.0059,-0.0119,1.6856,0.0,0.0,0.0,2.6949999332428,no_change,,664.0,200.0
VIX,2027-05-18,258,Put,27.0,VIX270518P00027000,7.6,8.5,8.05,0.0,0.0,0.0,0.0,0.0,0.6204,-0.6176,0.0411,0.0654,-0.0052,-0.05,7.0837,0.0,0.0,0.0,7.90000009536743,no_change,,2400.0,2864.0
VIX,2027-05-18,258,Call,28.0,VIX270518C00028000,2.1,2.89,2.495,2.86,0.0,0.0,0.0,10.0,0.6538,0.3224,0.0394,0.0634,-0.0058,-0.0107,1.5175,0.0,0.0,0.0,2.5200001001358,up,2026-09-01T13:19:39,200.0,885.0
VIX,2027-05-18,258,Put,28.0,VIX270518P00028000,8.4,9.3,8.850000000000001,0.0,0.0,0.0,0.0,0.0,0.6322,-0.6458,0.0394,0.0634,-0.0049,-0.0557,7.8838,0.0,0.0,0.0,8.69999980926514,no_change,,2400.0,2864.0
VIX,2027-05-18,258,Call,29.0,VIX270518C00029000,1.95,2.74,2.345,2.65,0.0,0.0,0.0,23.0,0.5589,0.2969,0.0377,0.0613,-0.0057,-0.0097,1.3715,0.0,0.0,0.0,2.38999998569489,down,2026-08-28T12:06:30,885.0,885.0
VIX,2027-05-18,258,Put,29.0,VIX270518P00029000,9.2,10.05,9.625,0.0,0.0,0.0,0.0,0.0,0.5998,-0.6714,0.0377,0.0613,-0.0046,-0.0615,8.7061,0.0,0.0,0.0,9.52500009536743,no_change,,1472.0,834.0
VIX,2027-05-18,258,Call,30.0,VIX270518C00030000,2.05,2.5,2.275,2.5,0.14,5.9322,20.0,29.0,0.6358,0.2739,0.0358,0.059,-0.0056,-0.0088,1.2449,2.26,2.5,2.26,2.36000001430511,up,2026-09-02T14:55:38,10.0,200.0
VIX,2027-05-18,258,Put,30.0,VIX270518P00030000,10.05,10.95,10.5,0.0,0.0,0.0,0.0,0.0,0.6559,-0.6944,0.0358,0.059,-0.0044,-0.0674,9.5478,0.0,0.0,0.0,10.375,no_change,,3136.0,3329.0
VIX,2027-05-18,258,Call,31.0,VIX270518C00031000,1.64,2.5,2.07,0.0,0.0,0.0,0.0,0.0,1.0489,0.2532,0.0341,0.0568,-0.0054,-0.008,1.1348,0.0,0.0,0.0,2.08500003814697,no_change,,885.0,4356.0
VIX,2027-05-18,258,Put,31.0,VIX270518P00031000,10.55,12.05,11.3,0.0,0.0,0.0,0.0,0.0,0.6685,-0.7151,0.0341,0.0568,-0.0041,-0.0735,10.406,0.0,0.0,0.0,11.1499996185303,no_change,,846.0,846.0
VIX,2027-05-18,258,Call,32.0,VIX270518C00032000,1.47,2.26,1.8649999999999998,0.0,0.0,0.0,0.0,0.0,1.0754,0.2347,0.0323,0.0546,-0.0053,-0.0073,1.0391,0.0,0.0,0.0,1.96000003814697,no_change,,664.0,200.0
VIX,2027-05-18,258,Put,32.0,VIX270518P00032000,11.4,12.95,12.175,0.0,0.0,0.0,0.0,0.0,0.9256,-0.7336,0.0323,0.0546,-0.0038,-0.0796,11.2785,0.0,0.0,0.0,12.0250000953674,no_change,,614.0,614.0
VIX,2027-05-18,258,Call,33.0,VIX270518C00033000,1.37,2.15,1.76,2.27,0.0,0.0,0.0,1.0,0.6284,0.2181,0.0307,0.0524,-0.0051,-0.0068,0.9557,0.0,0.0,0.0,1.84500002861023,up,2026-09-01T10:15:16,885.0,200.0
VIX,2027-05-18,258,Put,33.0,VIX270518P00033000,12.3,13.8,13.05,0.0,0.0,0.0,0.0,0.0,0.9371,-0.7502,0.0307,0.0524,-0.0035,-0.0859,12.1633,0.0,0.0,0.0,12.875,no_change,,614.0,2864.0
VIX,2027-05-18,258,Call,34.0,VIX270518C00034000,1.35,2.13,1.74,0.0,0.0,0.0,0.0,0.0,1.1246,0.2032,0.0291,0.0503,-0.005,-0.0062,0.8826,0.0,0.0,0.0,1.75499999523163,no_change,,664.0,3186.0
VIX,2027-05-18,258,Put,34.0,VIX270518P00034000,13.15,14.7,13.925,0.0,0.0,0.0,0.0,0.0,0.9473,-0.7651,0.0291,0.0503,-0.0032,-0.0922,13.0586,0.0,0.0,0.0,13.7750000953674,no_change,,614.0,2864.0
VIX,2027-05-18,258,Call,35.0,VIX270518C00035000,1.17,1.96,1.565,1.7,0.0,0.0,0.0,21.0,1.1475,0.1898,0.0276,0.0483,-0.0048,-0.0058,0.8186,0.0,0.0,0.0,1.63499999046326,down,2026-09-01T10:25:17,4763.0,200.0
VIX,2027-05-18,258,Put,35.0,VIX270518P00035000,14.0,15.55,14.775,0.0,0.0,0.0,0.0,0.0,0.9563,-0.7784,0.0276,0.0483,-0.003,-0.0986,13.9628,0.0,0.0,0.0,14.5749998092651,no_change,,614.0,2864.0
VIX,2027-05-18,258,Call,36.0,VIX270518C00036000,1.2,1.97,1.585,0.0,0.0,0.0,0.0,0.0,1.1694,0.1779,0.0262,0.0464,-0.0047,-0.0054,0.7623,0.0,0.0,0.0,1.58999997377396,no_change,,714.0,3251.0
VIX,2027-05-18,258,Put,36.0,VIX270518P00036000,14.9,16.3,15.600000000000001,0.0,0.0,0.0,0.0,0.0,0.7153,-0.7904,0.0262,0.0464,-0.0027,-0.105,14.8748,0.0,0.0,0.0,15.4749999046326,no_change,,614.0,614.0
VIX,2027-05-18,258,Call,37.0,VIX270518C00037000,1.08,1.89,1.4849999999999999,0.0,0.0,0.0,0.0,0.0,1.1905,0.1671,0.0248,0.0446,-0.0046,-0.005,0.7126,0.0,0.0,0.0,1.47000002861023,no_change,,714.0,2500.0
VIX,2027-05-18,258,Put,37.0,VIX270518P00037000,15.8,17.3,16.55,0.0,0.0,0.0,0.0,0.0,0.7189,-0.8012,0.0248,0.0446,-0.0024,-0.1115,15.7933,0.0,0.0,0.0,16.3249998092651,no_change,,614.0,2864.0
VIX,2027-05-18,258,Call,38.0,VIX270518C00038000,1.07,1.73,1.4,0.0,0.0,0.0,0.0,0.0,1.2539,0.1574,0.0236,0.043,-0.0045,-0.0047,0.6684,0.0,0.0,0.0,1.37000000476837,no_change,,714.0,250.0
VIX,2027-05-18,258,Put,38.0,VIX270518P00038000,16.7,18.25,17.475,0.0,0.0,0.0,0.0,0.0,0.9808,-0.8109,0.0236,0.043,-0.0022,-0.118,16.7174,0.0,0.0,0.0,17.3250007629395,no_change,,564.0,2814.0
VIX,2027-05-18,258,Call,39.0,VIX270518C00039000,1.01,1.67,1.3399999999999999,0.0,0.0,0.0,0.0,0.0,1.2553,0.1486,0.0225,0.0414,-0.0044,-0.0044,0.6291,0.0,0.0,0.0,1.34999996423721,no_change,,714.0,250.0
VIX,2027-05-18,258,Put,39.0,VIX270518P00039000,17.55,19.0,18.275,0.0,0.0,0.0,0.0,0.0,0.7358,-0.8196,0.0225,0.0414,-0.0019,-0.1246,17.6464,0.0,0.0,0.0,18.1000003814697,no_change,,564.0,564.0
VIX,2027-05-18,258,Call,40.0,VIX270518C00040000,0.94,1.68,1.31,1.34,0.0,0.0,0.0,1.0,1.2488,0.1407,0.0214,0.0399,-0.0042,-0.0042,0.594,0.0,0.0,0.0,1.31999999284744,up,2026-09-01T11:18:44,952.0,3809.0
VIX,2027-05-18,258,Put,40.0,VIX270518P00040000,18.45,20.0,19.225,0.0,0.0,0.0,0.0,0.0,1.0014,-0.8276,0.0214,0.0399,-0.0016,-0.1312,18.5796,0.0,0.0,0.0,19.0,no_change,,564.0,564.0
VIX,2027-05-18,258,Call,42.5,VIX270518C00042500,0.83,1.56,1.195,1.26,0.0,0.0,0.0,6.0,1.2927,0.1239,0.0191,0.0366,-0.004,-0.0037,0.5208,0.0,0.0,0.0,1.18000000715256,down,2026-08-28T11:36:24,714.0,3251.0
VIX,2027-05-18,258,Put,42.5,VIX270518P00042500,20.75,22.3,21.525,0.0,0.0,0.0,0.0,0.0,0.0,-0.8444,0.0191,0.0366,-0.001,-0.1478,20.927,0.0,0.0,0.0,21.375,no_change,,564.0,564.0
VIX,2027-05-18,258,Call,45.0,VIX270518C00045000,0.61,1.37,0.99,1.28,0.0,0.0,0.0,2.0,1.3368,0.1104,0.0171,0.0337,-0.0038,-0.0033,0.4635,0.0,0.0,0.0,1.00999999046326,up,2026-08-27T10:29:46,714.0,250.0
VIX,2027-05-18,258,Put,45.0,VIX270518P00045000,22.85,24.9,23.875,0.0,0.0,0.0,0.0,0.0,0.0,-0.8579,0.0171,0.0337,-0.0005,-0.1645,23.2903,0.0,0.0,0.0,23.7249994277954,no_change,,677.0,612.0
VIX,2027-05-18,258,Call,47.5,VIX270518C00047500,0.64,1.37,1.0050000000000001,0.0,0.0,0.0,0.0,0.0,1.3836,0.0994,0.0155,0.0312,-0.0036,-0.003,0.4175,0.0,0.0,0.0,0.90499997138977,no_change,,714.0,3251.0
VIX,2027-05-18,258,Put,47.5,VIX270518P00047500,25.35,27.25,26.3,0.0,0.0,0.0,0.0,0.0,0.789,-0.8688,0.0155,0.0312,0.0,-0.1812,25.665,0.0,0.0,0.0,26.0500001907349,no_change,,612.0,612.0
VIX,2027-05-18,258,Call,50.0,VIX270518C00050000,0.56,1.2,0.88,1.17,0.0,0.0,0.0,15.0,1.4132,0.0903,0.0141,0.0291,-0.0034,-0.0027,0.3797,0.0,0.0,0.0,0.865000009536743,no_change,2026-08-27T15:51:34,714.0,250.0
VIX,2027-05-18,258,Put,50.0,VIX270518P00050000,27.65,29.6,28.625,0.0,0.0,0.0,0.0,0.0,0.7991,-0.878,0.0141,0.0291,0.0,-0.198,28.0479,0.0,0.0,0.0,28.3249998092651,no_change,,612.0,612.0
VIX,2027-05-18,258,Call,55.0,VIX270518C00055000,0.4,1.07,0.7350000000000001,0.77,0.0,0.0,0.0,458.0,1.4681,0.0761,0.0118,0.0256,-0.0031,-0.0023,0.3213,0.0,0.0,0.0,0.730000019073486,up,2026-08-31T15:25:41,714.0,250.0
VIX,2027-05-18,258,Put,55.0,VIX270518P00055000,32.35,34.35,33.35,0.0,0.0,0.0,0.0,0.0,0.8213,-0.8921,0.0118,0.0256,0.0,-0.2318,32.8308,0.0,0.0,0.0,33.0749988555908,no_change,,612.0,677.0
VIX,2027-05-18,258,Call,60.0,VIX270518C00060000,0.34,0.96,0.65,0.97,0.0,0.0,0.0,3.0,1.5237,0.0656,0.0102,0.0228,-0.0029,-0.002,0.278,0.0,0.0,0.0,0.554999999701977,up,2026-08-27T13:44:48,714.0,250.0
VIX,2027-05-18,258,Put,60.0,VIX270518P00060000,37.05,39.05,38.05,0.0,0.0,0.0,0.0,0.0,1.1533,-0.9027,0.0102,0.0228,0.0,-0.2657,37.6289,0.0,0.0,0.0,37.7999992370606,no_change,,562.0,562.0
VIX,2027-05-18,258,Call,65.0,VIX270518C00065000,0.24,0.9,0.5700000000000001,0.0,0.0,0.0,0.0,0.0,1.5736,0.0574,0.0089,0.0206,-0.0027,-0.0017,0.2446,0.0,0.0,0.0,0.53999999910593,no_change,,714.0,250.0
VIX,2027-05-18,258,Put,65.0,VIX270518P00065000,41.8,43.85,42.825,0.0,0.0,0.0,0.0,0.0,0.857,-0.9108,0.0089,0.0206,0.0,-0.2997,42.4368,0.0,0.0,0.0,42.5499992370606,no_change,,562.0,627.0
VIX,2027-05-18,258,Call,70.0,VIX270518C00070000,0.18,0.8,0.49,0.0,0.0,0.0,0.0,0.0,0.9662,0.0509,0.0078,0.0187,-0.0025,-0.0015,0.2179,0.0,0.0,0.0,0.46000000461936,no_change,,1120.0,250.0
VIX,2027-05-18,258,Put,70.0,VIX270518P00070000,46.55,48.6,47.575,0.0,0.0,0.0,0.0,0.0,0.0,-0.9173,0.0078,0.0187,0.0,-0.3336,47.2514,0.0,0.0,0.0,47.2999992370606,no_change,,627.0,562.0
VIX,2027-05-18,258,Call,75.0,VIX270518C00075000,0.13,0.77,0.45,0.0,0.0,0.0,0.0,0.0,0.9817,0.0456,0.007,0.0171,-0.0024,-0.0014,0.1961,0.0,0.0,0.0,0.410000000149012,no_change,,1120.0,250.0
VIX,2027-05-18,258,Put,75.0,VIX270518P00075000,51.35,53.45,52.400000000000006,0.0,0.0,0.0,0.0,0.0,1.2481,-0.9226,0.007,0.0171,0.0,-0.3677,52.0709,0.0,0.0,0.0,52.0749988555908,no_change,,562.0,627.0
VIX,2027-05-18,258,Call,80.0,VIX270518C00080000,0.09,0.71,0.39999999999999997,0.7,0.0,0.0,0.0,3.0,1.0024,0.0413,0.0063,0.0158,-0.0022,-0.0013,0.1779,0.0,0.0,0.0,0.369999993592501,up,2026-08-27T14:05:58,1120.0,250.0
VIX,2027-05-18,258,Put,80.0,VIX270518P00080000,55.95,58.15,57.05,0.0,0.0,0.0,0.0,0.0,0.8962,-0.927,0.0063,0.0158,0.0,-0.4017,56.894,0.0,0.0,0.0,56.875,no_change,,627.0,562.0
VIX,2027-05-18,258,Call,85.0,VIX270518C00085000,0.13,0.78,0.455,0.5,0.0,0.0,0.0,10.0,1.023,0.0376,0.0057,0.0146,-0.0021,-0.0012,0.1625,0.0,0.0,0.0,0.335000013001263,no_change,2026-08-28T09:30:04,2184.0,1531.0
VIX,2027-05-18,258,Put,85.0,VIX270518P00085000,60.9,62.95,61.925,0.0,0.0,0.0,0.0,0.0,0.9091,-0.9307,0.0057,0.0146,0.0,-0.4358,61.72,0.0,0.0,0.0,61.9500007629394,no_change,,627.0,562.0
VIX,2027-05-18,258,Call,90.0,VIX270518C00090000,0.11,0.74,0.425,0.55,0.23,71.875,2.0,0.0,1.0409,0.0344,0.0052,0.0136,-0.002,-0.001,0.1493,0.55,0.55,0.55,0.319999997504056,up,2026-09-02T13:56:59,2060.0,4933.0
VIX,2027-05-18,258,Put,90.0,VIX270518P00090000,65.7,67.75,66.725,0.0,0.0,0.0,0.0,0.0,0.9187,-0.9338,0.0052,0.0136,0.0,-0.4699,66.5482,0.0,0.0,0.0,66.75,no_change,,627.0,562.0
VIX,2027-05-18,258,Call,95.0,VIX270518C00095000,0.01,0.79,0.4,0.0,0.0,0.0,0.0,0.0,1.058,0.0317,0.0048,0.0127,-0.0019,-0.001,0.138,0.0,0.0,0.0,0.310000007040799,no_change,,1700.0,3805.0
VIX,2027-05-18,258,Put,95.0,VIX270518P00095000,70.35,72.55,71.44999999999999,0.0,0.0,0.0,0.0,0.0,0.8249,-0.9365,0.0048,0.0127,0.0,-0.504,71.3781,0.0,0.0,0.0,71.5750007629394,no_change,,627.0,562.0
VIX,2027-05-18,258,Call,100.0,VIX270518C00100000,0.01,0.76,0.385,0.29,0.0,0.0,0.0,20.0,1.0748,0.0294,0.0044,0.0119,-0.0018,-0.0009,0.1281,0.0,0.0,0.0,0.34500000346452,down,2026-09-01T13:26:36,1812.0,4112.0
VIX,2027-05-18,258,Put,100.0,VIX270518P00100000,75.35,77.45,76.4,0.0,0.0,0.0,0.0,0.0,0.9402,-0.9389,0.0044,0.0119,0.0,-0.5381,76.2095,0.0,0.0,0.0,76.0750007629394,no_change,,627.0,627.0
VIX,2027-05-18,258,Call,110.0,VIX270518C00110000,0.01,0.74,0.375,0.0,0.0,0.0,0.0,0.0,1.1048,0.0255,0.0038,0.0106,-0.0016,-0.0008,0.1116,0.0,0.0,0.0,0.335000013001263,no_change,,1700.0,3916.0
VIX,2027-05-18,258,Put,110.0,VIX270518P00110000,84.95,87.0,85.975,0.0,0.0,0.0,0.0,0.0,0.0,-0.9428,0.0038,0.0106,0.0,-0.6064,85.8757,0.0,0.0,0.0,85.625,no_change,,627.0,562.0
VIX,2027-05-18,258,Call,120.0,VIX270518C00120000,0.01,0.66,0.335,0.0,0.0,0.0,0.0,0.0,1.1345,0.0224,0.0034,0.0095,-0.0015,-0.0007,0.0985,0.0,0.0,0.0,0.315000002272427,no_change,,1410.0,3805.0
VIX,2027-05-18,258,Put,120.0,VIX270518P00120000,94.6,96.65,95.625,0.0,0.0,0.0,0.0,0.0,0.0,-0.9458,0.0034,0.0095,0.0,-0.6747,95.5453,0.0,0.0,0.0,95.3250007629394,no_change,,627.0,562.0
VIX,2027-05-18,258,Call,130.0,VIX270518C00130000,0.01,0.69,0.35,0.0,0.0,0.0,0.0,0.0,1.1598,0.02,0.003,0.0086,-0.0014,-0.0006,0.0879,0.0,0.0,0.0,0.319999997504056,no_change,,540.0,4288.0
VIX,2027-05-18,258,Put,130.0,VIX270518P00130000,104.25,106.3,105.275,0.0,0.0,0.0,0.0,0.0,0.0,-0.9483,0.003,0.0086,0.0,-0.743,105.2173,0.0,0.0,0.0,104.974998474121,no_change,,627.0,562.0
VIX,2027-05-18,258,Call,140.0,VIX270518C00140000,0.01,0.65,0.33,0.0,0.0,0.0,0.0,0.0,1.1852,0.0179,0.0027,0.0078,-0.0013,-0.0006,0.0791,0.0,0.0,0.0,0.30500001180917,no_change,,586.0,4291.0
VIX,2027-05-18,258,Put,140.0,VIX270518P00140000,113.9,115.95,114.92500000000001,0.0,0.0,0.0,0.0,0.0,1.5067,-0.9503,0.0027,0.0078,0.0,-0.8113,114.8912,0.0,0.0,0.0,114.625,no_change,,627.0,562.0
VIX,2027-05-18,258,Call,150.0,VIX270518C00150000,0.01,0.6,0.305,0.0,0.0,0.0,0.0,0.0,1.2096,0.0162,0.0024,0.0072,-0.0012,-0.0005,0.0718,0.0,0.0,0.0,0.264999990351498,no_change,,540.0,1120.0
VIX,2027-05-18,258,Put,150.0,VIX270518P00150000,123.55,125.6,124.57499999999999,0.0,0.0,0.0,0.0,0.0,0.9856,-0.952,0.0024,0.0072,0.0,-0.8796,124.5665,0.0,0.0,0.0,124.275001525879,no_change,,627.0,562.0
VIX,2027-05-18,258,Call,160.0,VIX270518C00160000,0.01,0.61,0.31,0.0,0.0,0.0,0.0,0.0,1.2316,0.0148,0.0022,0.0066,-0.0011,-0.0005,0.0655,0.0,0.0,0.0,0.25999999511987,no_change,,580.0,1120.0
VIX,2027-05-18,258,Put,160.0,VIX270518P00160000,133.2,135.45,134.325,0.0,0.0,0.0,0.0,0.0,0.9759,-0.9535,0.0022,0.0066,0.0,-0.9479,134.2429,0.0,0.0,0.0,133.924995422363,no_change,,627.0,627.0
VIX,2027-05-18,258,Call,170.0,VIX270518C00170000,0.01,0.59,0.3,0.0,0.0,0.0,0.0,0.0,1.2513,0.0136,0.002,0.0062,-0.0011,-0.0004,0.0602,0.0,0.0,0.0,0.254999999888241,no_change,,540.0,1120.0
VIX,2027-05-18,258,Put,170.0,VIX270518P00170000,142.7,144.95,143.825,0.0,0.0,0.0,0.0,0.0,0.0,-0.9547,0.002,0.0062,0.0,-1.0162,143.9202,0.0,0.0,0.0,143.925003051758,no_change,,627.0,562.0
VIX,2027-05-18,258,Call,180.0,VIX270518C00180000,0.01,0.57,0.29,0.0,0.0,0.0,0.0,0.0,1.2713,0.0125,0.0018,0.0057,-0.001,-0.0004,0.0555,0.0,0.0,0.0,0.250000004656613,no_change,,540.0,1120.0
VIX,2027-05-18,258,Put,180.0,VIX270518P00180000,152.55,154.6,153.575,0.0,0.0,0.0,0.0,0.0,1.608,-0.9558,0.0018,0.0057,0.0,-1.0846,153.5982,0.0,0.0,0.0,153.200004577637,no_change,,627.0,562.0
VIX,2027-05-18,258,Call,190.0,VIX270518C00190000,0.01,0.56,0.28500000000000003,0.0,0.0,0.0,0.0,0.0,1.2896,0.0116,0.0017,0.0054,-0.001,-0.0004,0.0515,0.0,0.0,0.0,0.250000004656613,no_change,,540.0,1120.0
VIX,2027-05-18,258,Put,190.0,VIX270518P00190000,162.2,164.75,163.475,0.0,0.0,0.0,0.0,0.0,0.967,-0.9567,0.0017,0.0054,0.0,-1.1529,163.2768,0.0,0.0,0.0,162.924995422363,no_change,,627.0,3401.0
VIX,2027-05-18,258,Call,200.0,VIX270518C00200000,0.01,0.55,0.28,0.24,0.0,0.0,0.0,64.0,1.3087,0.0108,0.0016,0.005,-0.0009,-0.0003,0.0479,0.0,0.0,0.0,0.129999999888241,down,2026-08-31T11:41:55,540.0,1120.0
VIX,2027-05-18,258,Put,200.0,VIX270518P00200000,171.7,173.95,172.825,0.0,0.0,0.0,0.0,0.0,0.0,-0.9575,0.0016,0.005,0.0,-1.2213,172.9559,0.0,0.0,0.0,172.925003051758,no_change,,627.0,562.0
